v -0.029957 -0.076123 0.307098
v -0.029685 -0.075663 0.308379
v -0.029621 -0.075663 0.307275
v -0.030028 -0.076123 0.308330
v -0.028185 -0.075269 0.310273
v -0.028205 -0.074966 0.309233
v -0.028823 -0.075269 0.309412
v -0.027754 -0.074966 0.309843
v -0.030071 -0.076615 0.307038
v -0.029392 -0.076123 0.306126
v -0.029487 -0.076615 0.306032
v -0.029115 -0.075663 0.306403
v -0.026715 -0.074711 0.308803
v -0.026842 -0.074776 0.307916
v -0.027172 -0.074776 0.307935
v -0.028430 -0.074966 0.308558
v -0.029140 -0.075269 0.308457
v -0.025884 -0.077108 0.305924
v -0.027205 -0.076615 0.305374
v -0.025855 -0.076615 0.305822
v -0.027188 -0.077108 0.305490
v -0.029685 -0.077567 0.308379
v -0.029594 -0.077108 0.309634
v -0.030028 -0.077108 0.308330
v -0.029297 -0.077567 0.309548
v -0.025997 -0.074776 0.309521
v -0.025846 -0.074776 0.309260
v -0.027575 -0.076615 0.311785
v -0.026241 -0.076123 0.312117
v -0.027545 -0.076123 0.311683
v -0.026225 -0.076615 0.312233
v -0.025037 -0.074966 0.309686
v -0.025329 -0.074966 0.310189
v -0.023402 -0.076123 0.309277
v -0.023358 -0.076615 0.310569
v -0.023285 -0.076615 0.309293
v -0.023473 -0.076123 0.310509
v -0.025943 -0.074776 0.308581
v -0.026177 -0.074776 0.308265
v -0.025832 -0.074966 0.310482
v -0.026258 -0.074776 0.309672
v -0.023835 -0.077108 0.307973
v -0.024636 -0.076615 0.306725
v -0.023733 -0.076615 0.307944
v -0.024707 -0.077108 0.306795
v -0.027323 -0.075269 0.310912
v -0.026470 -0.074966 0.310518
v -0.027145 -0.074966 0.310294
v -0.026368 -0.075269 0.311229
v -0.028794 -0.076615 0.310882
v -0.028723 -0.076123 0.310812
v -0.029696 -0.076615 0.309663
v -0.029594 -0.076123 0.309634
v -0.028515 -0.077567 0.310604
v -0.027545 -0.077108 0.311683
v -0.028723 -0.077108 0.310812
v -0.027459 -0.077567 0.311385
v -0.030145 -0.076615 0.308313
v -0.028515 -0.075663 0.310604
v -0.029297 -0.075663 0.309548
v -0.028675 -0.075269 0.306844
v -0.029088 -0.075269 0.307555
v -0.027486 -0.074776 0.309026
v -0.027253 -0.074776 0.309342
v -0.027459 -0.075663 0.311385
v -0.026492 -0.074776 0.308032
v -0.029621 -0.077567 0.307275
v -0.029392 -0.077108 0.306126
v -0.029115 -0.077567 0.306403
v -0.029957 -0.077108 0.307098
v -0.028420 -0.076123 0.305561
v -0.028480 -0.076615 0.305447
v -0.023744 -0.075663 0.309228
v -0.023808 -0.075663 0.310332
v -0.026960 -0.074966 0.307088
v -0.026107 -0.075269 0.306695
v -0.027061 -0.075269 0.306378
v -0.026285 -0.074966 0.307313
v -0.025970 -0.075663 0.306222
v -0.027139 -0.075663 0.305833
v -0.023835 -0.076123 0.307973
v -0.024914 -0.075663 0.307003
v -0.024133 -0.075663 0.308059
v -0.024707 -0.076123 0.306795
v -0.027432 -0.074776 0.308086
v -0.024949 -0.076615 0.312160
v -0.026241 -0.077108 0.312117
v -0.025010 -0.077108 0.312045
v -0.023402 -0.077108 0.309277
v -0.024037 -0.076123 0.311481
v -0.024314 -0.075663 0.311204
v -0.027597 -0.074966 0.307125
v -0.026290 -0.075663 0.311774
v -0.025010 -0.076123 0.312045
v -0.025186 -0.075663 0.311710
v -0.026290 -0.077567 0.311774
v -0.024289 -0.075269 0.309150
v -0.025000 -0.074966 0.309048
v -0.024341 -0.075269 0.310052
v -0.025827 -0.074776 0.308930
v -0.026588 -0.074776 0.309691
v -0.026937 -0.074776 0.309575
v -0.025245 -0.075269 0.307334
v -0.027963 -0.075269 0.306430
v -0.028101 -0.074966 0.307418
v -0.028393 -0.074966 0.307921
v -0.023473 -0.077108 0.310509
v -0.025466 -0.075269 0.311177
v -0.025884 -0.076123 0.305924
v -0.024314 -0.077567 0.311204
v -0.024037 -0.077108 0.311481
v -0.025186 -0.077567 0.311710
v -0.027602 -0.074776 0.308677
v -0.025675 -0.074966 0.307764
v -0.027188 -0.076123 0.305490
v -0.028244 -0.075663 0.305897
v -0.025224 -0.074966 0.308374
v -0.027583 -0.074776 0.308347
v -0.023808 -0.077567 0.310332
v -0.024607 -0.075269 0.308195
v -0.024914 -0.077567 0.307003
v -0.025641 -0.077567 0.307124
v -0.025970 -0.077567 0.306222
v -0.024770 -0.077567 0.307995
v -0.024133 -0.077567 0.308059
v -0.025805 -0.077567 0.309030
v -0.024479 -0.077567 0.310357
v -0.023744 -0.077567 0.309228
v -0.025111 -0.077567 0.310989
v -0.027415 -0.077567 0.310639
v -0.026438 -0.077567 0.309662
v -0.028763 -0.077567 0.307337
v -0.028131 -0.077567 0.306705
v -0.027309 -0.077567 0.308791
v -0.028285 -0.077567 0.309768
v -0.028244 -0.077567 0.305897
v -0.027139 -0.077567 0.305833
v -0.026676 -0.077567 0.308159
v -0.023943 -0.076615 0.311575
v -0.024755 -0.075269 0.310763
v -0.028420 -0.077108 0.305561
v -0.024479 -0.077027 0.310357
v -0.026438 -0.077027 0.309662
v -0.025805 -0.077027 0.309030
v -0.025111 -0.077027 0.310989
v -0.024770 -0.077027 0.307995
v -0.026676 -0.077027 0.308159
v -0.025641 -0.077027 0.307124
v -0.027309 -0.077027 0.308791
v -0.028285 -0.077027 0.309768
v -0.027415 -0.077027 0.310639
v -0.028763 -0.077027 0.307337
v -0.028131 -0.077027 0.306705
v -0.029957 -0.076123 0.307098
v -0.029957 -0.076123 0.307098
v -0.029392 -0.076123 0.306126
v -0.029957 -0.076123 0.307098
v -0.029621 -0.075663 0.307275
v -0.028823 -0.075269 0.309412
v -0.028823 -0.075269 0.309412
v -0.028205 -0.074966 0.309233
v -0.026715 -0.074711 0.308803
v -0.025997 -0.074776 0.309521
v -0.025846 -0.074776 0.309260
v -0.025997 -0.074776 0.309521
v -0.026715 -0.074711 0.308803
v -0.025997 -0.074776 0.309521
v -0.025997 -0.074776 0.309521
v -0.025329 -0.074966 0.310189
v -0.027545 -0.076123 0.311683
v -0.027545 -0.076123 0.311683
v -0.027575 -0.076615 0.311785
v -0.028723 -0.076123 0.310812
v -0.028723 -0.076123 0.310812
v -0.028794 -0.076615 0.310882
v -0.030028 -0.077108 0.308330
v -0.029696 -0.076615 0.309663
v -0.029696 -0.076615 0.309663
v -0.030028 -0.077108 0.308330
v -0.029594 -0.077108 0.309634
v -0.030145 -0.076615 0.308313
v -0.029594 -0.076123 0.309634
v -0.030028 -0.076123 0.308330
v -0.029594 -0.076123 0.309634
v -0.030145 -0.076615 0.308313
v -0.029696 -0.076615 0.309663
v -0.028823 -0.075269 0.309412
v -0.028823 -0.075269 0.309412
v -0.028185 -0.075269 0.310273
v -0.029621 -0.075663 0.307275
v -0.029115 -0.075663 0.306403
v -0.029621 -0.075663 0.307275
v -0.027754 -0.074966 0.309843
v -0.028205 -0.074966 0.309233
v -0.027754 -0.074966 0.309843
v -0.028723 -0.076123 0.310812
v -0.028515 -0.075663 0.310604
v -0.028723 -0.076123 0.310812
v -0.027545 -0.076123 0.311683
v -0.026715 -0.074711 0.308803
v -0.026842 -0.074776 0.307916
v -0.029487 -0.076615 0.306032
v -0.029487 -0.076615 0.306032
v -0.029392 -0.076123 0.306126
v -0.025997 -0.074776 0.309521
v -0.026715 -0.074711 0.308803
v -0.026258 -0.074776 0.309672
v -0.023473 -0.076123 0.310509
v -0.023402 -0.076123 0.309277
v -0.023473 -0.076123 0.310509
v -0.027061 -0.075269 0.306378
v -0.027061 -0.075269 0.306378
v -0.026107 -0.075269 0.306695
v -0.026715 -0.074711 0.308803
v -0.027172 -0.074776 0.307935
v -0.023285 -0.076615 0.309293
v -0.023835 -0.076123 0.307973
v -0.023402 -0.076123 0.309277
v -0.023835 -0.076123 0.307973
v -0.023285 -0.076615 0.309293
v -0.023733 -0.076615 0.307944
v -0.026225 -0.076615 0.312233
v -0.023733 -0.076615 0.307944
v -0.023285 -0.076615 0.309293
v -0.023733 -0.076615 0.307944
v -0.023835 -0.077108 0.307973
v -0.023808 -0.075663 0.310332
v -0.023473 -0.076123 0.310509
v -0.023808 -0.075663 0.310332
v -0.027172 -0.074776 0.307935
v -0.026960 -0.074966 0.307088
v -0.026960 -0.074966 0.307088
v -0.027172 -0.074776 0.307935
v -0.026842 -0.074776 0.307916
v -0.026241 -0.076123 0.312117
v -0.029957 -0.077108 0.307098
v -0.029487 -0.076615 0.306032
v -0.029392 -0.077108 0.306126
v -0.029487 -0.076615 0.306032
v -0.029957 -0.077108 0.307098
v -0.030071 -0.076615 0.307038
v -0.027459 -0.077567 0.311385
v -0.026241 -0.077108 0.312117
v -0.027545 -0.077108 0.311683
v -0.026241 -0.077108 0.312117
v -0.027459 -0.077567 0.311385
v -0.025037 -0.074966 0.309686
v -0.025037 -0.074966 0.309686
v -0.025846 -0.074776 0.309260
v -0.025000 -0.074966 0.309048
v -0.025000 -0.074966 0.309048
v -0.025846 -0.074776 0.309260
v -0.025037 -0.074966 0.309686
v -0.025846 -0.074776 0.309260
v -0.025827 -0.074776 0.308930
v -0.026715 -0.074711 0.308803
v -0.027145 -0.074966 0.310294
v -0.027145 -0.074966 0.310294
v -0.026470 -0.074966 0.310518
v -0.027459 -0.075663 0.311385
v -0.026368 -0.075269 0.311229
v -0.027323 -0.075269 0.310912
v -0.026368 -0.075269 0.311229
v -0.027459 -0.075663 0.311385
v -0.026290 -0.075663 0.311774
v -0.027323 -0.075269 0.310912
v -0.027754 -0.074966 0.309843
v -0.028185 -0.075269 0.310273
v -0.027754 -0.074966 0.309843
v -0.027323 -0.075269 0.310912
v -0.027145 -0.074966 0.310294
v -0.026107 -0.075269 0.306695
v -0.024914 -0.075663 0.307003
v -0.025970 -0.075663 0.306222
v -0.024914 -0.075663 0.307003
v -0.026107 -0.075269 0.306695
v -0.027597 -0.074966 0.307125
v -0.027061 -0.075269 0.306378
v -0.027061 -0.075269 0.306378
v -0.027597 -0.074966 0.307125
v -0.026960 -0.074966 0.307088
v -0.029088 -0.075269 0.307555
v -0.028675 -0.075269 0.306844
v -0.029088 -0.075269 0.307555
v -0.023358 -0.076615 0.310569
v -0.023402 -0.077108 0.309277
v -0.023285 -0.076615 0.309293
v -0.023402 -0.077108 0.309277
v -0.023358 -0.076615 0.310569
v -0.030028 -0.077108 0.308330
v -0.030071 -0.076615 0.307038
v -0.029957 -0.077108 0.307098
v -0.030071 -0.076615 0.307038
v -0.030028 -0.077108 0.308330
v -0.030145 -0.076615 0.308313
v -0.026290 -0.075663 0.311774
v -0.026368 -0.075269 0.311229
v -0.026290 -0.075663 0.311774
v -0.025186 -0.075663 0.311710
v -0.024707 -0.076123 0.306795
v -0.025970 -0.075663 0.306222
v -0.024914 -0.075663 0.307003
v -0.025970 -0.075663 0.306222
v -0.024707 -0.076123 0.306795
v -0.028101 -0.074966 0.307418
v -0.027963 -0.075269 0.306430
v -0.028675 -0.075269 0.306844
v -0.027963 -0.075269 0.306430
v -0.028101 -0.074966 0.307418
v -0.027597 -0.074966 0.307125
v -0.026177 -0.074776 0.308265
v -0.026492 -0.074776 0.308032
v -0.026715 -0.074711 0.308803
v -0.025010 -0.077108 0.312045
v -0.025010 -0.077108 0.312045
v -0.029594 -0.076123 0.309634
v -0.028515 -0.075663 0.310604
v -0.029297 -0.075663 0.309548
v -0.028515 -0.075663 0.310604
v -0.029594 -0.076123 0.309634
v -0.028723 -0.076123 0.310812
v -0.026715 -0.074711 0.308803
v -0.027486 -0.074776 0.309026
v -0.026492 -0.074776 0.308032
v -0.026285 -0.074966 0.307313
v -0.026492 -0.074776 0.308032
v -0.026177 -0.074776 0.308265
v -0.028420 -0.076123 0.305561
v -0.027139 -0.075663 0.305833
v -0.027139 -0.075663 0.305833
v -0.028420 -0.076123 0.305561
v -0.026285 -0.074966 0.307313
v -0.025245 -0.075269 0.307334
v -0.026107 -0.075269 0.306695
v -0.025245 -0.075269 0.307334
v -0.026285 -0.074966 0.307313
v -0.025675 -0.074966 0.307764
v -0.025186 -0.075663 0.311710
v -0.024037 -0.076123 0.311481
v -0.024314 -0.075663 0.311204
v -0.024037 -0.076123 0.311481
v -0.025186 -0.075663 0.311710
v -0.025010 -0.076123 0.312045
v -0.025827 -0.074776 0.308930
v -0.025943 -0.074776 0.308581
v -0.025827 -0.074776 0.308930
v -0.025000 -0.074966 0.309048
v -0.026715 -0.074711 0.308803
v -0.027602 -0.074776 0.308677
v -0.025827 -0.074776 0.308930
v -0.025943 -0.074776 0.308581
v -0.026715 -0.074711 0.308803
v -0.024037 -0.077108 0.311481
v -0.023473 -0.077108 0.310509
v -0.024037 -0.077108 0.311481
v -0.024314 -0.077567 0.311204
v -0.025884 -0.076123 0.305924
v -0.027139 -0.075663 0.305833
v -0.025970 -0.075663 0.306222
v -0.027139 -0.075663 0.305833
v -0.025884 -0.076123 0.305924
v -0.027188 -0.076123 0.305490
v -0.026842 -0.074776 0.307916
v -0.026285 -0.074966 0.307313
v -0.026960 -0.074966 0.307088
v -0.026285 -0.074966 0.307313
v -0.026842 -0.074776 0.307916
v -0.026492 -0.074776 0.308032
v -0.023402 -0.076123 0.309277
v -0.024133 -0.075663 0.308059
v -0.023744 -0.075663 0.309228
v -0.024133 -0.075663 0.308059
v -0.023402 -0.076123 0.309277
v -0.023835 -0.076123 0.307973
v -0.030028 -0.076123 0.308330
v -0.029297 -0.075663 0.309548
v -0.029685 -0.075663 0.308379
v -0.029297 -0.075663 0.309548
v -0.030028 -0.076123 0.308330
v -0.029594 -0.076123 0.309634
v -0.030071 -0.076615 0.307038
v -0.030028 -0.076123 0.308330
v -0.029957 -0.076123 0.307098
v -0.030028 -0.076123 0.308330
v -0.030071 -0.076615 0.307038
v -0.030145 -0.076615 0.308313
v -0.028675 -0.075269 0.306844
v -0.028244 -0.075663 0.305897
v -0.029115 -0.075663 0.306403
v -0.028244 -0.075663 0.305897
v -0.028675 -0.075269 0.306844
v -0.027963 -0.075269 0.306430
v -0.025224 -0.074966 0.308374
v -0.025245 -0.075269 0.307334
v -0.025675 -0.074966 0.307764
v -0.025245 -0.075269 0.307334
v -0.025224 -0.074966 0.308374
v -0.025943 -0.074776 0.308581
v -0.025675 -0.074966 0.307764
v -0.026177 -0.074776 0.308265
v -0.025675 -0.074966 0.307764
v -0.025943 -0.074776 0.308581
v -0.025224 -0.074966 0.308374
v -0.024289 -0.075269 0.309150
v -0.024133 -0.075663 0.308059
v -0.024607 -0.075269 0.308195
v -0.024133 -0.075663 0.308059
v -0.024289 -0.075269 0.309150
v -0.023744 -0.075663 0.309228
v -0.025000 -0.074966 0.309048
v -0.024607 -0.075269 0.308195
v -0.025224 -0.074966 0.308374
v -0.024607 -0.075269 0.308195
v -0.025000 -0.074966 0.309048
v -0.024289 -0.075269 0.309150
v -0.028480 -0.076615 0.305447
v -0.027188 -0.076123 0.305490
v -0.027205 -0.076615 0.305374
v -0.027188 -0.076123 0.305490
v -0.028480 -0.076615 0.305447
v -0.028420 -0.076123 0.305561
v -0.023808 -0.077567 0.310332
v -0.023808 -0.077567 0.310332
v -0.027459 -0.077567 0.311385
v -0.027459 -0.077567 0.311385
v -0.026290 -0.077567 0.311774
v -0.026290 -0.077567 0.311774
v -0.025186 -0.077567 0.311710
v -0.025186 -0.077567 0.311710
v -0.023808 -0.077567 0.310332
v -0.025186 -0.077567 0.311710
v -0.023808 -0.077567 0.310332
v -0.024314 -0.077567 0.311204
v -0.029621 -0.077567 0.307275
v -0.029685 -0.077567 0.308379
v -0.029621 -0.077567 0.307275
v -0.029685 -0.077567 0.308379
v -0.029685 -0.077567 0.308379
v -0.029297 -0.077567 0.309548
v -0.029297 -0.077567 0.309548
v -0.029297 -0.077567 0.309548
v -0.028515 -0.077567 0.310604
v -0.028515 -0.077567 0.310604
v -0.028515 -0.077567 0.310604
v -0.027459 -0.077567 0.311385
v -0.029621 -0.077567 0.307275
v -0.029115 -0.077567 0.306403
v -0.029621 -0.077567 0.307275
v -0.029621 -0.077567 0.307275
v -0.029392 -0.076123 0.306126
v -0.028244 -0.075663 0.305897
v -0.028420 -0.076123 0.305561
v -0.028244 -0.075663 0.305897
v -0.029392 -0.076123 0.306126
v -0.029115 -0.075663 0.306403
v -0.024341 -0.075269 0.310052
v -0.023744 -0.075663 0.309228
v -0.024289 -0.075269 0.309150
v -0.023744 -0.075663 0.309228
v -0.024341 -0.075269 0.310052
v -0.023808 -0.075663 0.310332
v -0.023733 -0.076615 0.307944
v -0.024707 -0.076123 0.306795
v -0.023835 -0.076123 0.307973
v -0.024707 -0.076123 0.306795
v -0.023733 -0.076615 0.307944
v -0.024636 -0.076615 0.306725
v -0.026470 -0.074966 0.310518
v -0.026258 -0.074776 0.309672
v -0.026588 -0.074776 0.309691
v -0.026258 -0.074776 0.309672
v -0.026470 -0.074966 0.310518
v -0.025832 -0.074966 0.310482
v -0.026368 -0.075269 0.311229
v -0.025832 -0.074966 0.310482
v -0.026470 -0.074966 0.310518
v -0.025832 -0.074966 0.310482
v -0.026368 -0.075269 0.311229
v -0.025466 -0.075269 0.311177
v -0.029685 -0.077567 0.308379
v -0.029957 -0.077108 0.307098
v -0.029621 -0.077567 0.307275
v -0.029957 -0.077108 0.307098
v -0.029685 -0.077567 0.308379
v -0.030028 -0.077108 0.308330
v -0.029297 -0.077567 0.309548
v -0.028723 -0.077108 0.310812
v -0.029594 -0.077108 0.309634
v -0.028723 -0.077108 0.310812
v -0.029297 -0.077567 0.309548
v -0.028515 -0.077567 0.310604
v -0.023473 -0.077108 0.310509
v -0.023358 -0.076615 0.310569
v -0.023473 -0.077108 0.310509
v -0.024037 -0.077108 0.311481
v -0.023473 -0.076123 0.310509
v -0.023943 -0.076615 0.311575
v -0.023358 -0.076615 0.310569
v -0.023943 -0.076615 0.311575
v -0.023473 -0.076123 0.310509
v -0.024037 -0.076123 0.311481
v -0.025466 -0.075269 0.311177
v -0.025329 -0.074966 0.310189
v -0.025832 -0.074966 0.310482
v -0.025329 -0.074966 0.310189
v -0.025466 -0.075269 0.311177
v -0.025186 -0.075663 0.311710
v -0.024755 -0.075269 0.310763
v -0.025466 -0.075269 0.311177
v -0.024755 -0.075269 0.310763
v -0.025186 -0.075663 0.311710
v -0.024314 -0.075663 0.311204
v -0.025010 -0.076123 0.312045
v -0.023943 -0.076615 0.311575
v -0.024037 -0.076123 0.311481
v -0.023943 -0.076615 0.311575
v -0.025010 -0.076123 0.312045
v -0.024949 -0.076615 0.312160
v -0.025855 -0.076615 0.305822
v -0.027188 -0.076123 0.305490
v -0.025884 -0.076123 0.305924
v -0.027188 -0.076123 0.305490
v -0.025855 -0.076615 0.305822
v -0.027205 -0.076615 0.305374
v -0.023744 -0.077567 0.309228
v -0.023835 -0.077108 0.307973
v -0.023402 -0.077108 0.309277
v -0.023835 -0.077108 0.307973
v -0.023744 -0.077567 0.309228
v -0.024133 -0.077567 0.308059
v -0.024949 -0.076615 0.312160
v -0.024037 -0.077108 0.311481
v -0.023943 -0.076615 0.311575
v -0.024037 -0.077108 0.311481
v -0.024949 -0.076615 0.312160
v -0.025010 -0.077108 0.312045
v -0.026715 -0.074711 0.308803
v -0.027432 -0.074776 0.308086
v -0.027583 -0.074776 0.308347
v -0.027145 -0.074966 0.310294
v -0.027253 -0.074776 0.309342
v -0.027754 -0.074966 0.309843
v -0.027253 -0.074776 0.309342
v -0.027145 -0.074966 0.310294
v -0.026937 -0.074776 0.309575
v -0.026937 -0.074776 0.309575
v -0.026715 -0.074711 0.308803
v -0.027253 -0.074776 0.309342
v -0.026715 -0.074711 0.308803
v -0.027486 -0.074776 0.309026
v -0.027253 -0.074776 0.309342
v -0.028430 -0.074966 0.308558
v -0.027583 -0.074776 0.308347
v -0.028393 -0.074966 0.307921
v -0.027583 -0.074776 0.308347
v -0.028430 -0.074966 0.308558
v -0.027602 -0.074776 0.308677
v -0.026241 -0.076123 0.312117
v -0.024949 -0.076615 0.312160
v -0.025010 -0.076123 0.312045
v -0.024949 -0.076615 0.312160
v -0.026241 -0.076123 0.312117
v -0.026225 -0.076615 0.312233
v -0.025970 -0.077567 0.306222
v -0.027188 -0.077108 0.305490
v -0.025884 -0.077108 0.305924
v -0.027188 -0.077108 0.305490
v -0.025970 -0.077567 0.306222
v -0.027139 -0.077567 0.305833
v -0.024914 -0.077567 0.307003
v -0.025884 -0.077108 0.305924
v -0.024707 -0.077108 0.306795
v -0.025884 -0.077108 0.305924
v -0.024914 -0.077567 0.307003
v -0.025970 -0.077567 0.306222
v -0.028205 -0.074966 0.309233
v -0.027602 -0.074776 0.308677
v -0.028430 -0.074966 0.308558
v -0.027602 -0.074776 0.308677
v -0.028205 -0.074966 0.309233
v -0.027486 -0.074776 0.309026
v -0.024636 -0.076615 0.306725
v -0.025884 -0.076123 0.305924
v -0.024707 -0.076123 0.306795
v -0.025884 -0.076123 0.305924
v -0.024636 -0.076615 0.306725
v -0.025855 -0.076615 0.305822
v -0.027963 -0.075269 0.306430
v -0.027139 -0.075663 0.305833
v -0.028244 -0.075663 0.305897
v -0.027139 -0.075663 0.305833
v -0.027963 -0.075269 0.306430
v -0.027061 -0.075269 0.306378
v -0.029487 -0.076615 0.306032
v -0.028480 -0.076615 0.305447
v -0.029487 -0.076615 0.306032
v -0.029392 -0.077108 0.306126
v -0.028393 -0.074966 0.307921
v -0.027432 -0.074776 0.308086
v -0.028101 -0.074966 0.307418
v -0.027432 -0.074776 0.308086
v -0.028393 -0.074966 0.307921
v -0.027583 -0.074776 0.308347
v -0.028244 -0.077567 0.305897
v -0.029392 -0.077108 0.306126
v -0.028420 -0.077108 0.305561
v -0.029392 -0.077108 0.306126
v -0.028244 -0.077567 0.305897
v -0.029115 -0.077567 0.306403
v -0.025010 -0.077108 0.312045
v -0.026290 -0.077567 0.311774
v -0.025186 -0.077567 0.311710
v -0.026290 -0.077567 0.311774
v -0.025010 -0.077108 0.312045
v -0.026241 -0.077108 0.312117
v -0.027545 -0.076123 0.311683
v -0.026290 -0.075663 0.311774
v -0.027459 -0.075663 0.311385
v -0.026290 -0.075663 0.311774
v -0.027545 -0.076123 0.311683
v -0.026241 -0.076123 0.312117
v -0.027188 -0.077108 0.305490
v -0.028480 -0.076615 0.305447
v -0.027205 -0.076615 0.305374
v -0.028480 -0.076615 0.305447
v -0.027188 -0.077108 0.305490
v -0.028420 -0.077108 0.305561
v -0.029297 -0.075663 0.309548
v -0.029140 -0.075269 0.308457
v -0.029685 -0.075663 0.308379
v -0.029140 -0.075269 0.308457
v -0.029297 -0.075663 0.309548
v -0.028823 -0.075269 0.309412
v -0.024755 -0.075269 0.310763
v -0.023808 -0.075663 0.310332
v -0.024341 -0.075269 0.310052
v -0.023808 -0.075663 0.310332
v -0.024755 -0.075269 0.310763
v -0.024314 -0.075663 0.311204
v -0.025329 -0.074966 0.310189
v -0.024341 -0.075269 0.310052
v -0.025037 -0.074966 0.309686
v -0.024341 -0.075269 0.310052
v -0.025329 -0.074966 0.310189
v -0.024755 -0.075269 0.310763
v -0.024133 -0.077567 0.308059
v -0.024707 -0.077108 0.306795
v -0.023835 -0.077108 0.307973
v -0.024707 -0.077108 0.306795
v -0.024133 -0.077567 0.308059
v -0.024914 -0.077567 0.307003
v -0.029685 -0.075663 0.308379
v -0.029088 -0.075269 0.307555
v -0.029621 -0.075663 0.307275
v -0.029088 -0.075269 0.307555
v -0.029685 -0.075663 0.308379
v -0.029140 -0.075269 0.308457
v -0.027139 -0.077567 0.305833
v -0.028420 -0.077108 0.305561
v -0.027188 -0.077108 0.305490
v -0.028420 -0.077108 0.305561
v -0.027139 -0.077567 0.305833
v -0.028244 -0.077567 0.305897
v -0.024707 -0.077108 0.306795
v -0.025855 -0.076615 0.305822
v -0.024636 -0.076615 0.306725
v -0.025855 -0.076615 0.305822
v -0.024707 -0.077108 0.306795
v -0.025884 -0.077108 0.305924
v -0.027459 -0.075663 0.311385
v -0.028185 -0.075269 0.310273
v -0.028515 -0.075663 0.310604
v -0.028185 -0.075269 0.310273
v -0.027459 -0.075663 0.311385
v -0.027323 -0.075269 0.310912
v -0.028723 -0.077108 0.310812
v -0.027575 -0.076615 0.311785
v -0.028794 -0.076615 0.310882
v -0.027575 -0.076615 0.311785
v -0.028723 -0.077108 0.310812
v -0.027545 -0.077108 0.311683
v -0.029140 -0.075269 0.308457
v -0.028393 -0.074966 0.307921
v -0.029088 -0.075269 0.307555
v -0.028393 -0.074966 0.307921
v -0.029140 -0.075269 0.308457
v -0.028430 -0.074966 0.308558
v -0.029594 -0.077108 0.309634
v -0.028794 -0.076615 0.310882
v -0.029696 -0.076615 0.309663
v -0.028794 -0.076615 0.310882
v -0.029594 -0.077108 0.309634
v -0.028723 -0.077108 0.310812
v -0.024607 -0.075269 0.308195
v -0.024914 -0.075663 0.307003
v -0.025245 -0.075269 0.307334
v -0.024914 -0.075663 0.307003
v -0.024607 -0.075269 0.308195
v -0.024133 -0.075663 0.308059
v -0.026588 -0.074776 0.309691
v -0.026715 -0.074711 0.308803
v -0.026937 -0.074776 0.309575
v -0.026258 -0.074776 0.309672
v -0.026715 -0.074711 0.308803
v -0.026588 -0.074776 0.309691
v -0.027545 -0.077108 0.311683
v -0.026225 -0.076615 0.312233
v -0.027575 -0.076615 0.311785
v -0.026225 -0.076615 0.312233
v -0.027545 -0.077108 0.311683
v -0.026241 -0.077108 0.312117
v -0.027432 -0.074776 0.308086
v -0.027597 -0.074966 0.307125
v -0.028101 -0.074966 0.307418
v -0.027597 -0.074966 0.307125
v -0.027432 -0.074776 0.308086
v -0.027172 -0.074776 0.307935
v -0.023473 -0.077108 0.310509
v -0.023744 -0.077567 0.309228
v -0.023402 -0.077108 0.309277
v -0.023744 -0.077567 0.309228
v -0.023473 -0.077108 0.310509
v -0.023808 -0.077567 0.310332
v -0.028285 -0.077027 0.309768
v -0.027309 -0.077567 0.308791
v -0.027309 -0.077027 0.308791
v -0.027309 -0.077567 0.308791
v -0.028285 -0.077027 0.309768
v -0.028285 -0.077567 0.309768
v -0.027309 -0.077567 0.308791
v -0.028763 -0.077027 0.307337
v -0.027309 -0.077027 0.308791
v -0.028763 -0.077027 0.307337
v -0.027309 -0.077567 0.308791
v -0.028763 -0.077567 0.307337
v -0.028763 -0.077027 0.307337
v -0.028131 -0.077567 0.306705
v -0.028131 -0.077027 0.306705
v -0.028131 -0.077567 0.306705
v -0.028763 -0.077027 0.307337
v -0.028763 -0.077567 0.307337
v -0.028131 -0.077567 0.306705
v -0.026676 -0.077027 0.308159
v -0.028131 -0.077027 0.306705
v -0.026676 -0.077027 0.308159
v -0.028131 -0.077567 0.306705
v -0.026676 -0.077567 0.308159
v -0.026676 -0.077027 0.308159
v -0.025641 -0.077567 0.307124
v -0.025641 -0.077027 0.307124
v -0.025641 -0.077567 0.307124
v -0.026676 -0.077027 0.308159
v -0.026676 -0.077567 0.308159
v -0.025641 -0.077567 0.307124
v -0.024770 -0.077027 0.307995
v -0.025641 -0.077027 0.307124
v -0.024770 -0.077027 0.307995
v -0.025641 -0.077567 0.307124
v -0.024770 -0.077567 0.307995
v -0.025805 -0.077567 0.309030
v -0.024770 -0.077027 0.307995
v -0.024770 -0.077567 0.307995
v -0.024770 -0.077027 0.307995
v -0.025805 -0.077567 0.309030
v -0.025805 -0.077027 0.309030
v -0.025805 -0.077567 0.309030
v -0.024479 -0.077027 0.310357
v -0.025805 -0.077027 0.309030
v -0.024479 -0.077027 0.310357
v -0.025805 -0.077567 0.309030
v -0.024479 -0.077567 0.310357
v -0.025111 -0.077567 0.310989
v -0.024479 -0.077027 0.310357
v -0.024479 -0.077567 0.310357
v -0.024479 -0.077027 0.310357
v -0.025111 -0.077567 0.310989
v -0.025111 -0.077027 0.310989
v -0.025111 -0.077567 0.310989
v -0.026438 -0.077027 0.309662
v -0.025111 -0.077027 0.310989
v -0.026438 -0.077027 0.309662
v -0.025111 -0.077567 0.310989
v -0.026438 -0.077567 0.309662
v -0.027415 -0.077567 0.310639
v -0.026438 -0.077027 0.309662
v -0.026438 -0.077567 0.309662
v -0.026438 -0.077027 0.309662
v -0.027415 -0.077567 0.310639
v -0.027415 -0.077027 0.310639
v -0.027415 -0.077567 0.310639
v -0.028285 -0.077027 0.309768
v -0.027415 -0.077027 0.310639
v -0.028285 -0.077027 0.309768
v -0.027415 -0.077567 0.310639
v -0.028285 -0.077567 0.309768
v 0.224341 -0.075268 0.120243
v 0.224548 -0.074809 0.118950
v 0.224091 -0.074809 0.119957
v 0.224850 -0.075268 0.119119
v 0.223830 -0.074414 0.116642
v 0.223475 -0.074112 0.117620
v 0.224116 -0.074414 0.117676
v 0.223274 -0.074112 0.116889
v 0.224426 -0.075761 0.120340
v 0.223464 -0.075268 0.120946
v 0.223518 -0.075761 0.121068
v 0.223305 -0.074809 0.120588
v 0.221930 -0.073857 0.117485
v 0.221729 -0.073922 0.118359
v 0.222043 -0.073922 0.118460
v 0.223442 -0.074112 0.118331
v 0.224068 -0.074414 0.118681
v 0.220118 -0.076254 0.119872
v 0.221152 -0.075761 0.120861
v 0.220054 -0.075761 0.119957
v 0.221179 -0.076254 0.120746
v 0.224548 -0.076713 0.118950
v 0.224916 -0.076254 0.117746
v 0.224850 -0.076254 0.119119
v 0.224607 -0.076713 0.117719
v 0.221519 -0.073922 0.116557
v 0.221284 -0.073922 0.116746
v 0.223805 -0.075761 0.115013
v 0.222681 -0.075268 0.114223
v 0.223741 -0.075268 0.115097
v 0.222707 -0.075761 0.114108
v 0.220682 -0.074112 0.116057
v 0.221136 -0.074112 0.115693
v 0.219009 -0.075268 0.115850
v 0.219434 -0.075761 0.114629
v 0.218906 -0.075761 0.115793
v 0.219519 -0.075268 0.114727
v 0.221130 -0.073922 0.117414
v 0.221234 -0.073922 0.117793
v 0.221711 -0.074112 0.115601
v 0.221816 -0.073922 0.116510
v 0.218944 -0.076254 0.117223
v 0.219242 -0.075761 0.118676
v 0.218839 -0.075761 0.117214
v 0.219334 -0.076254 0.118635
v 0.223256 -0.074414 0.115737
v 0.222319 -0.074112 0.115796
v 0.222868 -0.074112 0.116249
v 0.222480 -0.074414 0.115097
v 0.224618 -0.075761 0.116294
v 0.224526 -0.075268 0.116334
v 0.225021 -0.075761 0.117756
v 0.224916 -0.075268 0.117746
v 0.224258 -0.076713 0.116453
v 0.223741 -0.076254 0.115097
v 0.224526 -0.076254 0.116334
v 0.223554 -0.076713 0.115344
v 0.224953 -0.075761 0.119177
v 0.224258 -0.074809 0.116453
v 0.224607 -0.074809 0.117719
v 0.223053 -0.074414 0.120019
v 0.223695 -0.074414 0.119504
v 0.222730 -0.073922 0.117555
v 0.222626 -0.073922 0.117176
v 0.223554 -0.074809 0.115344
v 0.221444 -0.073922 0.118124
v 0.224091 -0.076713 0.119957
v 0.223464 -0.076254 0.120946
v 0.223305 -0.076713 0.120588
v 0.224341 -0.076254 0.120243
v 0.222354 -0.075268 0.121123
v 0.222368 -0.075761 0.121251
v 0.219311 -0.074809 0.116019
v 0.219768 -0.074809 0.115012
v 0.221541 -0.074112 0.119173
v 0.220604 -0.074414 0.119233
v 0.221380 -0.074414 0.119872
v 0.220992 -0.074112 0.118721
v 0.220306 -0.074809 0.119625
v 0.221256 -0.074809 0.120409
v 0.218944 -0.075268 0.117223
v 0.219602 -0.074809 0.118516
v 0.219253 -0.074809 0.117250
v 0.219334 -0.075268 0.118635
v 0.222341 -0.073922 0.118412
v 0.221491 -0.075761 0.113718
v 0.222681 -0.076254 0.114223
v 0.221506 -0.076254 0.113846
v 0.219009 -0.076254 0.115850
v 0.220396 -0.075268 0.114023
v 0.220554 -0.074809 0.114381
v 0.222149 -0.074112 0.119368
v 0.222603 -0.074809 0.114561
v 0.221506 -0.075268 0.113846
v 0.221550 -0.074809 0.114222
v 0.222603 -0.076713 0.114561
v 0.219792 -0.074414 0.116288
v 0.220418 -0.074112 0.116639
v 0.220165 -0.074414 0.115466
v 0.221147 -0.073922 0.117047
v 0.222131 -0.073922 0.116611
v 0.222415 -0.073922 0.116845
v 0.220029 -0.074414 0.118327
v 0.222240 -0.074414 0.120148
v 0.222724 -0.074112 0.119277
v 0.223178 -0.074112 0.118912
v 0.219519 -0.076254 0.114727
v 0.221620 -0.074414 0.114821
v 0.220118 -0.075268 0.119872
v 0.220554 -0.076713 0.114381
v 0.220396 -0.076254 0.114023
v 0.221550 -0.076713 0.114222
v 0.222712 -0.073922 0.117923
v 0.220586 -0.074112 0.118080
v 0.221179 -0.075268 0.120746
v 0.222310 -0.074809 0.120747
v 0.220384 -0.074112 0.117349
v 0.222576 -0.073922 0.118224
v 0.219768 -0.076713 0.115012
v 0.219744 -0.074414 0.117293
v 0.219602 -0.076713 0.118516
v 0.220324 -0.076713 0.118665
v 0.220306 -0.076713 0.119625
v 0.219825 -0.076713 0.117539
v 0.219253 -0.076713 0.117250
v 0.221163 -0.076713 0.116946
v 0.220403 -0.076713 0.115230
v 0.219311 -0.076713 0.116019
v 0.221220 -0.076713 0.114868
v 0.223244 -0.076713 0.116024
v 0.221980 -0.076713 0.116584
v 0.223313 -0.076713 0.119590
v 0.222496 -0.076713 0.119952
v 0.222479 -0.076713 0.117710
v 0.223743 -0.076713 0.117150
v 0.222310 -0.076713 0.120747
v 0.221256 -0.076713 0.120409
v 0.221662 -0.076713 0.118072
v 0.220342 -0.075761 0.113901
v 0.220807 -0.074414 0.114950
v 0.222354 -0.076254 0.121123
v 0.220403 -0.076173 0.115230
v 0.221980 -0.076173 0.116584
v 0.221163 -0.076173 0.116946
v 0.221220 -0.076173 0.114868
v 0.219825 -0.076173 0.117539
v 0.221662 -0.076173 0.118072
v 0.220324 -0.076173 0.118665
v 0.222479 -0.076173 0.117710
v 0.223743 -0.076173 0.117150
v 0.223244 -0.076173 0.116024
v 0.223313 -0.076173 0.119590
v 0.222496 -0.076173 0.119952
v 0.224341 -0.075268 0.120243
v 0.224341 -0.075268 0.120243
v 0.223464 -0.075268 0.120946
v 0.224341 -0.075268 0.120243
v 0.224091 -0.074809 0.119957
v 0.224116 -0.074414 0.117676
v 0.224116 -0.074414 0.117676
v 0.223475 -0.074112 0.117620
v 0.221930 -0.073857 0.117485
v 0.221519 -0.073922 0.116557
v 0.221284 -0.073922 0.116746
v 0.221519 -0.073922 0.116557
v 0.221930 -0.073857 0.117485
v 0.221519 -0.073922 0.116557
v 0.221519 -0.073922 0.116557
v 0.221136 -0.074112 0.115693
v 0.223741 -0.075268 0.115097
v 0.223741 -0.075268 0.115097
v 0.223805 -0.075761 0.115013
v 0.224526 -0.075268 0.116334
v 0.224526 -0.075268 0.116334
v 0.224618 -0.075761 0.116294
v 0.224850 -0.076254 0.119119
v 0.225021 -0.075761 0.117756
v 0.225021 -0.075761 0.117756
v 0.224850 -0.076254 0.119119
v 0.224916 -0.076254 0.117746
v 0.224953 -0.075761 0.119177
v 0.224916 -0.075268 0.117746
v 0.224850 -0.075268 0.119119
v 0.224916 -0.075268 0.117746
v 0.224953 -0.075761 0.119177
v 0.225021 -0.075761 0.117756
v 0.224116 -0.074414 0.117676
v 0.224116 -0.074414 0.117676
v 0.223830 -0.074414 0.116642
v 0.224091 -0.074809 0.119957
v 0.223305 -0.074809 0.120588
v 0.224091 -0.074809 0.119957
v 0.223274 -0.074112 0.116889
v 0.223475 -0.074112 0.117620
v 0.223274 -0.074112 0.116889
v 0.224526 -0.075268 0.116334
v 0.224258 -0.074809 0.116453
v 0.224526 -0.075268 0.116334
v 0.223741 -0.075268 0.115097
v 0.221930 -0.073857 0.117485
v 0.221729 -0.073922 0.118359
v 0.223518 -0.075761 0.121068
v 0.223518 -0.075761 0.121068
v 0.223464 -0.075268 0.120946
v 0.221519 -0.073922 0.116557
v 0.221930 -0.073857 0.117485
v 0.221816 -0.073922 0.116510
v 0.219519 -0.075268 0.114727
v 0.219009 -0.075268 0.115850
v 0.219519 -0.075268 0.114727
v 0.221380 -0.074414 0.119872
v 0.221380 -0.074414 0.119872
v 0.220604 -0.074414 0.119233
v 0.221930 -0.073857 0.117485
v 0.222043 -0.073922 0.118460
v 0.218906 -0.075761 0.115793
v 0.218944 -0.075268 0.117223
v 0.219009 -0.075268 0.115850
v 0.218944 -0.075268 0.117223
v 0.218906 -0.075761 0.115793
v 0.218839 -0.075761 0.117214
v 0.222707 -0.075761 0.114108
v 0.218839 -0.075761 0.117214
v 0.218906 -0.075761 0.115793
v 0.218839 -0.075761 0.117214
v 0.218944 -0.076254 0.117223
v 0.219768 -0.074809 0.115012
v 0.219519 -0.075268 0.114727
v 0.219768 -0.074809 0.115012
v 0.222043 -0.073922 0.118460
v 0.221541 -0.074112 0.119173
v 0.221541 -0.074112 0.119173
v 0.222043 -0.073922 0.118460
v 0.221729 -0.073922 0.118359
v 0.222681 -0.075268 0.114223
v 0.224341 -0.076254 0.120243
v 0.223518 -0.075761 0.121068
v 0.223464 -0.076254 0.120946
v 0.223518 -0.075761 0.121068
v 0.224341 -0.076254 0.120243
v 0.224426 -0.075761 0.120340
v 0.223554 -0.076713 0.115344
v 0.222681 -0.076254 0.114223
v 0.223741 -0.076254 0.115097
v 0.222681 -0.076254 0.114223
v 0.223554 -0.076713 0.115344
v 0.220682 -0.074112 0.116057
v 0.220682 -0.074112 0.116057
v 0.221284 -0.073922 0.116746
v 0.220418 -0.074112 0.116639
v 0.220418 -0.074112 0.116639
v 0.221284 -0.073922 0.116746
v 0.220682 -0.074112 0.116057
v 0.221284 -0.073922 0.116746
v 0.221147 -0.073922 0.117047
v 0.221930 -0.073857 0.117485
v 0.222868 -0.074112 0.116249
v 0.222868 -0.074112 0.116249
v 0.222319 -0.074112 0.115796
v 0.223554 -0.074809 0.115344
v 0.222480 -0.074414 0.115097
v 0.223256 -0.074414 0.115737
v 0.222480 -0.074414 0.115097
v 0.223554 -0.074809 0.115344
v 0.222603 -0.074809 0.114561
v 0.223256 -0.074414 0.115737
v 0.223274 -0.074112 0.116889
v 0.223830 -0.074414 0.116642
v 0.223274 -0.074112 0.116889
v 0.223256 -0.074414 0.115737
v 0.222868 -0.074112 0.116249
v 0.220604 -0.074414 0.119233
v 0.219602 -0.074809 0.118516
v 0.220306 -0.074809 0.119625
v 0.219602 -0.074809 0.118516
v 0.220604 -0.074414 0.119233
v 0.222149 -0.074112 0.119368
v 0.221380 -0.074414 0.119872
v 0.221380 -0.074414 0.119872
v 0.222149 -0.074112 0.119368
v 0.221541 -0.074112 0.119173
v 0.223695 -0.074414 0.119504
v 0.223053 -0.074414 0.120019
v 0.223695 -0.074414 0.119504
v 0.219434 -0.075761 0.114629
v 0.219009 -0.076254 0.115850
v 0.218906 -0.075761 0.115793
v 0.219009 -0.076254 0.115850
v 0.219434 -0.075761 0.114629
v 0.224850 -0.076254 0.119119
v 0.224426 -0.075761 0.120340
v 0.224341 -0.076254 0.120243
v 0.224426 -0.075761 0.120340
v 0.224850 -0.076254 0.119119
v 0.224953 -0.075761 0.119177
v 0.222603 -0.074809 0.114561
v 0.222480 -0.074414 0.115097
v 0.222603 -0.074809 0.114561
v 0.221550 -0.074809 0.114222
v 0.219334 -0.075268 0.118635
v 0.220306 -0.074809 0.119625
v 0.219602 -0.074809 0.118516
v 0.220306 -0.074809 0.119625
v 0.219334 -0.075268 0.118635
v 0.222724 -0.074112 0.119277
v 0.222240 -0.074414 0.120148
v 0.223053 -0.074414 0.120019
v 0.222240 -0.074414 0.120148
v 0.222724 -0.074112 0.119277
v 0.222149 -0.074112 0.119368
v 0.221234 -0.073922 0.117793
v 0.221444 -0.073922 0.118124
v 0.221930 -0.073857 0.117485
v 0.221506 -0.076254 0.113846
v 0.221506 -0.076254 0.113846
v 0.224916 -0.075268 0.117746
v 0.224258 -0.074809 0.116453
v 0.224607 -0.074809 0.117719
v 0.224258 -0.074809 0.116453
v 0.224916 -0.075268 0.117746
v 0.224526 -0.075268 0.116334
v 0.221930 -0.073857 0.117485
v 0.222730 -0.073922 0.117555
v 0.221444 -0.073922 0.118124
v 0.220992 -0.074112 0.118721
v 0.221444 -0.073922 0.118124
v 0.221234 -0.073922 0.117793
v 0.222354 -0.075268 0.121123
v 0.221256 -0.074809 0.120409
v 0.221256 -0.074809 0.120409
v 0.222354 -0.075268 0.121123
v 0.220992 -0.074112 0.118721
v 0.220029 -0.074414 0.118327
v 0.220604 -0.074414 0.119233
v 0.220029 -0.074414 0.118327
v 0.220992 -0.074112 0.118721
v 0.220586 -0.074112 0.118080
v 0.221550 -0.074809 0.114222
v 0.220396 -0.075268 0.114023
v 0.220554 -0.074809 0.114381
v 0.220396 -0.075268 0.114023
v 0.221550 -0.074809 0.114222
v 0.221506 -0.075268 0.113846
v 0.221147 -0.073922 0.117047
v 0.221130 -0.073922 0.117414
v 0.221147 -0.073922 0.117047
v 0.220418 -0.074112 0.116639
v 0.221930 -0.073857 0.117485
v 0.222712 -0.073922 0.117923
v 0.221147 -0.073922 0.117047
v 0.221130 -0.073922 0.117414
v 0.221930 -0.073857 0.117485
v 0.220396 -0.076254 0.114023
v 0.219519 -0.076254 0.114727
v 0.220396 -0.076254 0.114023
v 0.220554 -0.076713 0.114381
v 0.220118 -0.075268 0.119872
v 0.221256 -0.074809 0.120409
v 0.220306 -0.074809 0.119625
v 0.221256 -0.074809 0.120409
v 0.220118 -0.075268 0.119872
v 0.221179 -0.075268 0.120746
v 0.221729 -0.073922 0.118359
v 0.220992 -0.074112 0.118721
v 0.221541 -0.074112 0.119173
v 0.220992 -0.074112 0.118721
v 0.221729 -0.073922 0.118359
v 0.221444 -0.073922 0.118124
v 0.219009 -0.075268 0.115850
v 0.219253 -0.074809 0.117250
v 0.219311 -0.074809 0.116019
v 0.219253 -0.074809 0.117250
v 0.219009 -0.075268 0.115850
v 0.218944 -0.075268 0.117223
v 0.224850 -0.075268 0.119119
v 0.224607 -0.074809 0.117719
v 0.224548 -0.074809 0.118950
v 0.224607 -0.074809 0.117719
v 0.224850 -0.075268 0.119119
v 0.224916 -0.075268 0.117746
v 0.224426 -0.075761 0.120340
v 0.224850 -0.075268 0.119119
v 0.224341 -0.075268 0.120243
v 0.224850 -0.075268 0.119119
v 0.224426 -0.075761 0.120340
v 0.224953 -0.075761 0.119177
v 0.223053 -0.074414 0.120019
v 0.222310 -0.074809 0.120747
v 0.223305 -0.074809 0.120588
v 0.222310 -0.074809 0.120747
v 0.223053 -0.074414 0.120019
v 0.222240 -0.074414 0.120148
v 0.220384 -0.074112 0.117349
v 0.220029 -0.074414 0.118327
v 0.220586 -0.074112 0.118080
v 0.220029 -0.074414 0.118327
v 0.220384 -0.074112 0.117349
v 0.221130 -0.073922 0.117414
v 0.220586 -0.074112 0.118080
v 0.221234 -0.073922 0.117793
v 0.220586 -0.074112 0.118080
v 0.221130 -0.073922 0.117414
v 0.220384 -0.074112 0.117349
v 0.219792 -0.074414 0.116288
v 0.219253 -0.074809 0.117250
v 0.219744 -0.074414 0.117293
v 0.219253 -0.074809 0.117250
v 0.219792 -0.074414 0.116288
v 0.219311 -0.074809 0.116019
v 0.220418 -0.074112 0.116639
v 0.219744 -0.074414 0.117293
v 0.220384 -0.074112 0.117349
v 0.219744 -0.074414 0.117293
v 0.220418 -0.074112 0.116639
v 0.219792 -0.074414 0.116288
v 0.222368 -0.075761 0.121251
v 0.221179 -0.075268 0.120746
v 0.221152 -0.075761 0.120861
v 0.221179 -0.075268 0.120746
v 0.222368 -0.075761 0.121251
v 0.222354 -0.075268 0.121123
v 0.219768 -0.076713 0.115012
v 0.219768 -0.076713 0.115012
v 0.223554 -0.076713 0.115344
v 0.223554 -0.076713 0.115344
v 0.222603 -0.076713 0.114561
v 0.222603 -0.076713 0.114561
v 0.221550 -0.076713 0.114222
v 0.221550 -0.076713 0.114222
v 0.219768 -0.076713 0.115012
v 0.221550 -0.076713 0.114222
v 0.219768 -0.076713 0.115012
v 0.220554 -0.076713 0.114381
v 0.224091 -0.076713 0.119957
v 0.224548 -0.076713 0.118950
v 0.224091 -0.076713 0.119957
v 0.224548 -0.076713 0.118950
v 0.224548 -0.076713 0.118950
v 0.224607 -0.076713 0.117719
v 0.224607 -0.076713 0.117719
v 0.224607 -0.076713 0.117719
v 0.224258 -0.076713 0.116453
v 0.224258 -0.076713 0.116453
v 0.224258 -0.076713 0.116453
v 0.223554 -0.076713 0.115344
v 0.224091 -0.076713 0.119957
v 0.223305 -0.076713 0.120588
v 0.224091 -0.076713 0.119957
v 0.224091 -0.076713 0.119957
v 0.223464 -0.075268 0.120946
v 0.222310 -0.074809 0.120747
v 0.222354 -0.075268 0.121123
v 0.222310 -0.074809 0.120747
v 0.223464 -0.075268 0.120946
v 0.223305 -0.074809 0.120588
v 0.220165 -0.074414 0.115466
v 0.219311 -0.074809 0.116019
v 0.219792 -0.074414 0.116288
v 0.219311 -0.074809 0.116019
v 0.220165 -0.074414 0.115466
v 0.219768 -0.074809 0.115012
v 0.218839 -0.075761 0.117214
v 0.219334 -0.075268 0.118635
v 0.218944 -0.075268 0.117223
v 0.219334 -0.075268 0.118635
v 0.218839 -0.075761 0.117214
v 0.219242 -0.075761 0.118676
v 0.222319 -0.074112 0.115796
v 0.221816 -0.073922 0.116510
v 0.222131 -0.073922 0.116611
v 0.221816 -0.073922 0.116510
v 0.222319 -0.074112 0.115796
v 0.221711 -0.074112 0.115601
v 0.222480 -0.074414 0.115097
v 0.221711 -0.074112 0.115601
v 0.222319 -0.074112 0.115796
v 0.221711 -0.074112 0.115601
v 0.222480 -0.074414 0.115097
v 0.221620 -0.074414 0.114821
v 0.224548 -0.076713 0.118950
v 0.224341 -0.076254 0.120243
v 0.224091 -0.076713 0.119957
v 0.224341 -0.076254 0.120243
v 0.224548 -0.076713 0.118950
v 0.224850 -0.076254 0.119119
v 0.224607 -0.076713 0.117719
v 0.224526 -0.076254 0.116334
v 0.224916 -0.076254 0.117746
v 0.224526 -0.076254 0.116334
v 0.224607 -0.076713 0.117719
v 0.224258 -0.076713 0.116453
v 0.219519 -0.076254 0.114727
v 0.219434 -0.075761 0.114629
v 0.219519 -0.076254 0.114727
v 0.220396 -0.076254 0.114023
v 0.219519 -0.075268 0.114727
v 0.220342 -0.075761 0.113901
v 0.219434 -0.075761 0.114629
v 0.220342 -0.075761 0.113901
v 0.219519 -0.075268 0.114727
v 0.220396 -0.075268 0.114023
v 0.221620 -0.074414 0.114821
v 0.221136 -0.074112 0.115693
v 0.221711 -0.074112 0.115601
v 0.221136 -0.074112 0.115693
v 0.221620 -0.074414 0.114821
v 0.221550 -0.074809 0.114222
v 0.220807 -0.074414 0.114950
v 0.221620 -0.074414 0.114821
v 0.220807 -0.074414 0.114950
v 0.221550 -0.074809 0.114222
v 0.220554 -0.074809 0.114381
v 0.221506 -0.075268 0.113846
v 0.220342 -0.075761 0.113901
v 0.220396 -0.075268 0.114023
v 0.220342 -0.075761 0.113901
v 0.221506 -0.075268 0.113846
v 0.221491 -0.075761 0.113718
v 0.220054 -0.075761 0.119957
v 0.221179 -0.075268 0.120746
v 0.220118 -0.075268 0.119872
v 0.221179 -0.075268 0.120746
v 0.220054 -0.075761 0.119957
v 0.221152 -0.075761 0.120861
v 0.219311 -0.076713 0.116019
v 0.218944 -0.076254 0.117223
v 0.219009 -0.076254 0.115850
v 0.218944 -0.076254 0.117223
v 0.219311 -0.076713 0.116019
v 0.219253 -0.076713 0.117250
v 0.221491 -0.075761 0.113718
v 0.220396 -0.076254 0.114023
v 0.220342 -0.075761 0.113901
v 0.220396 -0.076254 0.114023
v 0.221491 -0.075761 0.113718
v 0.221506 -0.076254 0.113846
v 0.221930 -0.073857 0.117485
v 0.222341 -0.073922 0.118412
v 0.222576 -0.073922 0.118224
v 0.222868 -0.074112 0.116249
v 0.222626 -0.073922 0.117176
v 0.223274 -0.074112 0.116889
v 0.222626 -0.073922 0.117176
v 0.222868 -0.074112 0.116249
v 0.222415 -0.073922 0.116845
v 0.222415 -0.073922 0.116845
v 0.221930 -0.073857 0.117485
v 0.222626 -0.073922 0.117176
v 0.221930 -0.073857 0.117485
v 0.222730 -0.073922 0.117555
v 0.222626 -0.073922 0.117176
v 0.223442 -0.074112 0.118331
v 0.222576 -0.073922 0.118224
v 0.223178 -0.074112 0.118912
v 0.222576 -0.073922 0.118224
v 0.223442 -0.074112 0.118331
v 0.222712 -0.073922 0.117923
v 0.222681 -0.075268 0.114223
v 0.221491 -0.075761 0.113718
v 0.221506 -0.075268 0.113846
v 0.221491 -0.075761 0.113718
v 0.222681 -0.075268 0.114223
v 0.222707 -0.075761 0.114108
v 0.220306 -0.076713 0.119625
v 0.221179 -0.076254 0.120746
v 0.220118 -0.076254 0.119872
v 0.221179 -0.076254 0.120746
v 0.220306 -0.076713 0.119625
v 0.221256 -0.076713 0.120409
v 0.219602 -0.076713 0.118516
v 0.220118 -0.076254 0.119872
v 0.219334 -0.076254 0.118635
v 0.220118 -0.076254 0.119872
v 0.219602 -0.076713 0.118516
v 0.220306 -0.076713 0.119625
v 0.223475 -0.074112 0.117620
v 0.222712 -0.073922 0.117923
v 0.223442 -0.074112 0.118331
v 0.222712 -0.073922 0.117923
v 0.223475 -0.074112 0.117620
v 0.222730 -0.073922 0.117555
v 0.219242 -0.075761 0.118676
v 0.220118 -0.075268 0.119872
v 0.219334 -0.075268 0.118635
v 0.220118 -0.075268 0.119872
v 0.219242 -0.075761 0.118676
v 0.220054 -0.075761 0.119957
v 0.222240 -0.074414 0.120148
v 0.221256 -0.074809 0.120409
v 0.222310 -0.074809 0.120747
v 0.221256 -0.074809 0.120409
v 0.222240 -0.074414 0.120148
v 0.221380 -0.074414 0.119872
v 0.223518 -0.075761 0.121068
v 0.222368 -0.075761 0.121251
v 0.223518 -0.075761 0.121068
v 0.223464 -0.076254 0.120946
v 0.223178 -0.074112 0.118912
v 0.222341 -0.073922 0.118412
v 0.222724 -0.074112 0.119277
v 0.222341 -0.073922 0.118412
v 0.223178 -0.074112 0.118912
v 0.222576 -0.073922 0.118224
v 0.222310 -0.076713 0.120747
v 0.223464 -0.076254 0.120946
v 0.222354 -0.076254 0.121123
v 0.223464 -0.076254 0.120946
v 0.222310 -0.076713 0.120747
v 0.223305 -0.076713 0.120588
v 0.221506 -0.076254 0.113846
v 0.222603 -0.076713 0.114561
v 0.221550 -0.076713 0.114222
v 0.222603 -0.076713 0.114561
v 0.221506 -0.076254 0.113846
v 0.222681 -0.076254 0.114223
v 0.223741 -0.075268 0.115097
v 0.222603 -0.074809 0.114561
v 0.223554 -0.074809 0.115344
v 0.222603 -0.074809 0.114561
v 0.223741 -0.075268 0.115097
v 0.222681 -0.075268 0.114223
v 0.221179 -0.076254 0.120746
v 0.222368 -0.075761 0.121251
v 0.221152 -0.075761 0.120861
v 0.222368 -0.075761 0.121251
v 0.221179 -0.076254 0.120746
v 0.222354 -0.076254 0.121123
v 0.224607 -0.074809 0.117719
v 0.224068 -0.074414 0.118681
v 0.224548 -0.074809 0.118950
v 0.224068 -0.074414 0.118681
v 0.224607 -0.074809 0.117719
v 0.224116 -0.074414 0.117676
v 0.220807 -0.074414 0.114950
v 0.219768 -0.074809 0.115012
v 0.220165 -0.074414 0.115466
v 0.219768 -0.074809 0.115012
v 0.220807 -0.074414 0.114950
v 0.220554 -0.074809 0.114381
v 0.221136 -0.074112 0.115693
v 0.220165 -0.074414 0.115466
v 0.220682 -0.074112 0.116057
v 0.220165 -0.074414 0.115466
v 0.221136 -0.074112 0.115693
v 0.220807 -0.074414 0.114950
v 0.219253 -0.076713 0.117250
v 0.219334 -0.076254 0.118635
v 0.218944 -0.076254 0.117223
v 0.219334 -0.076254 0.118635
v 0.219253 -0.076713 0.117250
v 0.219602 -0.076713 0.118516
v 0.224548 -0.074809 0.118950
v 0.223695 -0.074414 0.119504
v 0.224091 -0.074809 0.119957
v 0.223695 -0.074414 0.119504
v 0.224548 -0.074809 0.118950
v 0.224068 -0.074414 0.118681
v 0.221256 -0.076713 0.120409
v 0.222354 -0.076254 0.121123
v 0.221179 -0.076254 0.120746
v 0.222354 -0.076254 0.121123
v 0.221256 -0.076713 0.120409
v 0.222310 -0.076713 0.120747
v 0.219334 -0.076254 0.118635
v 0.220054 -0.075761 0.119957
v 0.219242 -0.075761 0.118676
v 0.220054 -0.075761 0.119957
v 0.219334 -0.076254 0.118635
v 0.220118 -0.076254 0.119872
v 0.223554 -0.074809 0.115344
v 0.223830 -0.074414 0.116642
v 0.224258 -0.074809 0.116453
v 0.223830 -0.074414 0.116642
v 0.223554 -0.074809 0.115344
v 0.223256 -0.074414 0.115737
v 0.224526 -0.076254 0.116334
v 0.223805 -0.075761 0.115013
v 0.224618 -0.075761 0.116294
v 0.223805 -0.075761 0.115013
v 0.224526 -0.076254 0.116334
v 0.223741 -0.076254 0.115097
v 0.224068 -0.074414 0.118681
v 0.223178 -0.074112 0.118912
v 0.223695 -0.074414 0.119504
v 0.223178 -0.074112 0.118912
v 0.224068 -0.074414 0.118681
v 0.223442 -0.074112 0.118331
v 0.224916 -0.076254 0.117746
v 0.224618 -0.075761 0.116294
v 0.225021 -0.075761 0.117756
v 0.224618 -0.075761 0.116294
v 0.224916 -0.076254 0.117746
v 0.224526 -0.076254 0.116334
v 0.219744 -0.074414 0.117293
v 0.219602 -0.074809 0.118516
v 0.220029 -0.074414 0.118327
v 0.219602 -0.074809 0.118516
v 0.219744 -0.074414 0.117293
v 0.219253 -0.074809 0.117250
v 0.222131 -0.073922 0.116611
v 0.221930 -0.073857 0.117485
v 0.222415 -0.073922 0.116845
v 0.221816 -0.073922 0.116510
v 0.221930 -0.073857 0.117485
v 0.222131 -0.073922 0.116611
v 0.223741 -0.076254 0.115097
v 0.222707 -0.075761 0.114108
v 0.223805 -0.075761 0.115013
v 0.222707 -0.075761 0.114108
v 0.223741 -0.076254 0.115097
v 0.222681 -0.076254 0.114223
v 0.222341 -0.073922 0.118412
v 0.222149 -0.074112 0.119368
v 0.222724 -0.074112 0.119277
v 0.222149 -0.074112 0.119368
v 0.222341 -0.073922 0.118412
v 0.222043 -0.073922 0.118460
v 0.219519 -0.076254 0.114727
v 0.219311 -0.076713 0.116019
v 0.219009 -0.076254 0.115850
v 0.219311 -0.076713 0.116019
v 0.219519 -0.076254 0.114727
v 0.219768 -0.076713 0.115012
v 0.223743 -0.076173 0.117150
v 0.222479 -0.076713 0.117710
v 0.222479 -0.076173 0.117710
v 0.222479 -0.076713 0.117710
v 0.223743 -0.076173 0.117150
v 0.223743 -0.076713 0.117150
v 0.222479 -0.076713 0.117710
v 0.223313 -0.076173 0.119590
v 0.222479 -0.076173 0.117710
v 0.223313 -0.076173 0.119590
v 0.222479 -0.076713 0.117710
v 0.223313 -0.076713 0.119590
v 0.223313 -0.076173 0.119590
v 0.222496 -0.076713 0.119952
v 0.222496 -0.076173 0.119952
v 0.222496 -0.076713 0.119952
v 0.223313 -0.076173 0.119590
v 0.223313 -0.076713 0.119590
v 0.222496 -0.076713 0.119952
v 0.221662 -0.076173 0.118072
v 0.222496 -0.076173 0.119952
v 0.221662 -0.076173 0.118072
v 0.222496 -0.076713 0.119952
v 0.221662 -0.076713 0.118072
v 0.221662 -0.076173 0.118072
v 0.220324 -0.076713 0.118665
v 0.220324 -0.076173 0.118665
v 0.220324 -0.076713 0.118665
v 0.221662 -0.076173 0.118072
v 0.221662 -0.076713 0.118072
v 0.220324 -0.076713 0.118665
v 0.219825 -0.076173 0.117539
v 0.220324 -0.076173 0.118665
v 0.219825 -0.076173 0.117539
v 0.220324 -0.076713 0.118665
v 0.219825 -0.076713 0.117539
v 0.221163 -0.076713 0.116946
v 0.219825 -0.076173 0.117539
v 0.219825 -0.076713 0.117539
v 0.219825 -0.076173 0.117539
v 0.221163 -0.076713 0.116946
v 0.221163 -0.076173 0.116946
v 0.221163 -0.076713 0.116946
v 0.220403 -0.076173 0.115230
v 0.221163 -0.076173 0.116946
v 0.220403 -0.076173 0.115230
v 0.221163 -0.076713 0.116946
v 0.220403 -0.076713 0.115230
v 0.221220 -0.076713 0.114868
v 0.220403 -0.076173 0.115230
v 0.220403 -0.076713 0.115230
v 0.220403 -0.076173 0.115230
v 0.221220 -0.076713 0.114868
v 0.221220 -0.076173 0.114868
v 0.221220 -0.076713 0.114868
v 0.221980 -0.076173 0.116584
v 0.221220 -0.076173 0.114868
v 0.221980 -0.076173 0.116584
v 0.221220 -0.076713 0.114868
v 0.221980 -0.076713 0.116584
v 0.223244 -0.076713 0.116024
v 0.221980 -0.076173 0.116584
v 0.221980 -0.076713 0.116584
v 0.221980 -0.076173 0.116584
v 0.223244 -0.076713 0.116024
v 0.223244 -0.076173 0.116024
v 0.223244 -0.076713 0.116024
v 0.223743 -0.076173 0.117150
v 0.223244 -0.076173 0.116024
v 0.223743 -0.076173 0.117150
v 0.223244 -0.076713 0.116024
v 0.223743 -0.076713 0.117150
v 0.201448 -0.076164 0.326410
v 0.202748 -0.075704 0.326256
v 0.201654 -0.075704 0.326092
v 0.202668 -0.076164 0.326592
v 0.204770 -0.075310 0.324933
v 0.203733 -0.075007 0.324859
v 0.203854 -0.075310 0.325490
v 0.204381 -0.075007 0.324465
v 0.201377 -0.076656 0.326518
v 0.200531 -0.076164 0.325759
v 0.200428 -0.076656 0.325845
v 0.200832 -0.075704 0.325509
v 0.203440 -0.074752 0.323336
v 0.202544 -0.074817 0.323382
v 0.202533 -0.074817 0.323712
v 0.203040 -0.075007 0.325022
v 0.202875 -0.075310 0.325720
v 0.200647 -0.077149 0.322248
v 0.199979 -0.076656 0.323513
v 0.200549 -0.076656 0.322209
v 0.200097 -0.077149 0.323507
v 0.202748 -0.077608 0.326256
v 0.204006 -0.077149 0.326279
v 0.202668 -0.077149 0.326592
v 0.203947 -0.077608 0.325975
v 0.204219 -0.074817 0.322686
v 0.203973 -0.074817 0.322512
v 0.206331 -0.076656 0.324462
v 0.206782 -0.076164 0.323165
v 0.206232 -0.076164 0.324424
v 0.206900 -0.076656 0.323159
v 0.204471 -0.075007 0.321745
v 0.204945 -0.075007 0.322081
v 0.204211 -0.076164 0.320079
v 0.205502 -0.076656 0.320153
v 0.204239 -0.076656 0.319964
v 0.205432 -0.076164 0.320262
v 0.203288 -0.074817 0.322547
v 0.202953 -0.074817 0.322751
v 0.205191 -0.075007 0.322609
v 0.204346 -0.074817 0.322960
v 0.202873 -0.077149 0.320393
v 0.201558 -0.076656 0.321077
v 0.202854 -0.076656 0.320289
v 0.201622 -0.077149 0.321154
v 0.205484 -0.075310 0.324132
v 0.205170 -0.075007 0.323247
v 0.204885 -0.075007 0.323899
v 0.205886 -0.075310 0.323211
v 0.205322 -0.076656 0.325595
v 0.205257 -0.076164 0.325518
v 0.204026 -0.076656 0.326383
v 0.204006 -0.076164 0.326279
v 0.205069 -0.077608 0.325292
v 0.206232 -0.077149 0.324424
v 0.205257 -0.077149 0.325518
v 0.205943 -0.077608 0.324311
v 0.202641 -0.076656 0.326707
v 0.205069 -0.075704 0.325292
v 0.203947 -0.075704 0.325975
v 0.201310 -0.075310 0.325110
v 0.201981 -0.075310 0.325586
v 0.203591 -0.074817 0.324124
v 0.203927 -0.074817 0.323920
v 0.205943 -0.075704 0.324311
v 0.202691 -0.074817 0.323044
v 0.201654 -0.077608 0.326092
v 0.200531 -0.077149 0.325759
v 0.200832 -0.077608 0.325509
v 0.201448 -0.077149 0.326410
v 0.200056 -0.076164 0.324740
v 0.199937 -0.076656 0.324790
v 0.204131 -0.075704 0.320416
v 0.205226 -0.075704 0.320580
v 0.201710 -0.075007 0.323424
v 0.201395 -0.075310 0.322539
v 0.200993 -0.075310 0.323461
v 0.201994 -0.075007 0.322773
v 0.200936 -0.075704 0.322360
v 0.200443 -0.075704 0.323489
v 0.202873 -0.076164 0.320393
v 0.201810 -0.075704 0.321380
v 0.202932 -0.075704 0.320697
v 0.201622 -0.076164 0.321154
v 0.202660 -0.074817 0.323985
v 0.206942 -0.076656 0.321882
v 0.206782 -0.077149 0.323165
v 0.206823 -0.077149 0.321932
v 0.204211 -0.077149 0.320079
v 0.206349 -0.076164 0.320912
v 0.206048 -0.075704 0.321163
v 0.201688 -0.075007 0.324063
v 0.206436 -0.075704 0.323182
v 0.206823 -0.076164 0.321932
v 0.206473 -0.075704 0.322077
v 0.206436 -0.077608 0.323182
v 0.204005 -0.075310 0.320952
v 0.203839 -0.075007 0.321650
v 0.204898 -0.075310 0.321085
v 0.203646 -0.074817 0.322463
v 0.204335 -0.074817 0.323290
v 0.204188 -0.074817 0.323627
v 0.202109 -0.075310 0.321739
v 0.200963 -0.075310 0.324364
v 0.201934 -0.075007 0.324590
v 0.202409 -0.075007 0.324927
v 0.205432 -0.077149 0.320262
v 0.205916 -0.075310 0.322308
v 0.200647 -0.076164 0.322248
v 0.206048 -0.077608 0.321163
v 0.206349 -0.077149 0.320912
v 0.206473 -0.077608 0.322077
v 0.203233 -0.074817 0.324208
v 0.202499 -0.075007 0.322206
v 0.200097 -0.076164 0.323507
v 0.200406 -0.075704 0.324595
v 0.203147 -0.075007 0.321812
v 0.202906 -0.074817 0.324159
v 0.205226 -0.077608 0.320580
v 0.203025 -0.075310 0.321181
v 0.201810 -0.077608 0.321380
v 0.201864 -0.077608 0.322114
v 0.200936 -0.077608 0.322360
v 0.202811 -0.077608 0.321326
v 0.202932 -0.077608 0.320697
v 0.203748 -0.077608 0.322451
v 0.205189 -0.077608 0.321250
v 0.204131 -0.077608 0.320416
v 0.205762 -0.077608 0.321937
v 0.205204 -0.077608 0.324199
v 0.204320 -0.077608 0.323138
v 0.201793 -0.077608 0.325243
v 0.201221 -0.077608 0.324556
v 0.203374 -0.077608 0.323926
v 0.204258 -0.077608 0.324988
v 0.200406 -0.077608 0.324595
v 0.200443 -0.077608 0.323489
v 0.202802 -0.077608 0.323239
v 0.206451 -0.076656 0.320827
v 0.205569 -0.075310 0.321562
v 0.200056 -0.077149 0.324740
v 0.205189 -0.077068 0.321250
v 0.204320 -0.077068 0.323138
v 0.203748 -0.077068 0.322451
v 0.205762 -0.077068 0.321937
v 0.202811 -0.077068 0.321326
v 0.202802 -0.077068 0.323239
v 0.201864 -0.077068 0.322114
v 0.203374 -0.077068 0.323926
v 0.204258 -0.077068 0.324988
v 0.205204 -0.077068 0.324199
v 0.201793 -0.077068 0.325243
v 0.201221 -0.077068 0.324556
v 0.201448 -0.076164 0.326410
v 0.201448 -0.076164 0.326410
v 0.200531 -0.076164 0.325759
v 0.201448 -0.076164 0.326410
v 0.201654 -0.075704 0.326092
v 0.203854 -0.075310 0.325490
v 0.203854 -0.075310 0.325490
v 0.203733 -0.075007 0.324859
v 0.203440 -0.074752 0.323336
v 0.204219 -0.074817 0.322686
v 0.203973 -0.074817 0.322512
v 0.204219 -0.074817 0.322686
v 0.203440 -0.074752 0.323336
v 0.204219 -0.074817 0.322686
v 0.204219 -0.074817 0.322686
v 0.204945 -0.075007 0.322081
v 0.206232 -0.076164 0.324424
v 0.206232 -0.076164 0.324424
v 0.206331 -0.076656 0.324462
v 0.205257 -0.076164 0.325518
v 0.205257 -0.076164 0.325518
v 0.205322 -0.076656 0.325595
v 0.202668 -0.077149 0.326592
v 0.204026 -0.076656 0.326383
v 0.204026 -0.076656 0.326383
v 0.202668 -0.077149 0.326592
v 0.204006 -0.077149 0.326279
v 0.202641 -0.076656 0.326707
v 0.204006 -0.076164 0.326279
v 0.202668 -0.076164 0.326592
v 0.204006 -0.076164 0.326279
v 0.202641 -0.076656 0.326707
v 0.204026 -0.076656 0.326383
v 0.203854 -0.075310 0.325490
v 0.203854 -0.075310 0.325490
v 0.204770 -0.075310 0.324933
v 0.201654 -0.075704 0.326092
v 0.200832 -0.075704 0.325509
v 0.201654 -0.075704 0.326092
v 0.204381 -0.075007 0.324465
v 0.203733 -0.075007 0.324859
v 0.204381 -0.075007 0.324465
v 0.205257 -0.076164 0.325518
v 0.205069 -0.075704 0.325292
v 0.205257 -0.076164 0.325518
v 0.206232 -0.076164 0.324424
v 0.203440 -0.074752 0.323336
v 0.202544 -0.074817 0.323382
v 0.200428 -0.076656 0.325845
v 0.200428 -0.076656 0.325845
v 0.200531 -0.076164 0.325759
v 0.204219 -0.074817 0.322686
v 0.203440 -0.074752 0.323336
v 0.204346 -0.074817 0.322960
v 0.205432 -0.076164 0.320262
v 0.204211 -0.076164 0.320079
v 0.205432 -0.076164 0.320262
v 0.200993 -0.075310 0.323461
v 0.200993 -0.075310 0.323461
v 0.201395 -0.075310 0.322539
v 0.203440 -0.074752 0.323336
v 0.202533 -0.074817 0.323712
v 0.204239 -0.076656 0.319964
v 0.202873 -0.076164 0.320393
v 0.204211 -0.076164 0.320079
v 0.202873 -0.076164 0.320393
v 0.204239 -0.076656 0.319964
v 0.202854 -0.076656 0.320289
v 0.206900 -0.076656 0.323159
v 0.202854 -0.076656 0.320289
v 0.204239 -0.076656 0.319964
v 0.202854 -0.076656 0.320289
v 0.202873 -0.077149 0.320393
v 0.205226 -0.075704 0.320580
v 0.205432 -0.076164 0.320262
v 0.205226 -0.075704 0.320580
v 0.202533 -0.074817 0.323712
v 0.201710 -0.075007 0.323424
v 0.201710 -0.075007 0.323424
v 0.202533 -0.074817 0.323712
v 0.202544 -0.074817 0.323382
v 0.206782 -0.076164 0.323165
v 0.201448 -0.077149 0.326410
v 0.200428 -0.076656 0.325845
v 0.200531 -0.077149 0.325759
v 0.200428 -0.076656 0.325845
v 0.201448 -0.077149 0.326410
v 0.201377 -0.076656 0.326518
v 0.205943 -0.077608 0.324311
v 0.206782 -0.077149 0.323165
v 0.206232 -0.077149 0.324424
v 0.206782 -0.077149 0.323165
v 0.205943 -0.077608 0.324311
v 0.204471 -0.075007 0.321745
v 0.204471 -0.075007 0.321745
v 0.203973 -0.074817 0.322512
v 0.203839 -0.075007 0.321650
v 0.203839 -0.075007 0.321650
v 0.203973 -0.074817 0.322512
v 0.204471 -0.075007 0.321745
v 0.203973 -0.074817 0.322512
v 0.203646 -0.074817 0.322463
v 0.203440 -0.074752 0.323336
v 0.204885 -0.075007 0.323899
v 0.204885 -0.075007 0.323899
v 0.205170 -0.075007 0.323247
v 0.205943 -0.075704 0.324311
v 0.205886 -0.075310 0.323211
v 0.205484 -0.075310 0.324132
v 0.205886 -0.075310 0.323211
v 0.205943 -0.075704 0.324311
v 0.206436 -0.075704 0.323182
v 0.205484 -0.075310 0.324132
v 0.204381 -0.075007 0.324465
v 0.204770 -0.075310 0.324933
v 0.204381 -0.075007 0.324465
v 0.205484 -0.075310 0.324132
v 0.204885 -0.075007 0.323899
v 0.201395 -0.075310 0.322539
v 0.201810 -0.075704 0.321380
v 0.200936 -0.075704 0.322360
v 0.201810 -0.075704 0.321380
v 0.201395 -0.075310 0.322539
v 0.201688 -0.075007 0.324063
v 0.200993 -0.075310 0.323461
v 0.200993 -0.075310 0.323461
v 0.201688 -0.075007 0.324063
v 0.201710 -0.075007 0.323424
v 0.201981 -0.075310 0.325586
v 0.201310 -0.075310 0.325110
v 0.201981 -0.075310 0.325586
v 0.205502 -0.076656 0.320153
v 0.204211 -0.077149 0.320079
v 0.204239 -0.076656 0.319964
v 0.204211 -0.077149 0.320079
v 0.205502 -0.076656 0.320153
v 0.202668 -0.077149 0.326592
v 0.201377 -0.076656 0.326518
v 0.201448 -0.077149 0.326410
v 0.201377 -0.076656 0.326518
v 0.202668 -0.077149 0.326592
v 0.202641 -0.076656 0.326707
v 0.206436 -0.075704 0.323182
v 0.205886 -0.075310 0.323211
v 0.206436 -0.075704 0.323182
v 0.206473 -0.075704 0.322077
v 0.201622 -0.076164 0.321154
v 0.200936 -0.075704 0.322360
v 0.201810 -0.075704 0.321380
v 0.200936 -0.075704 0.322360
v 0.201622 -0.076164 0.321154
v 0.201934 -0.075007 0.324590
v 0.200963 -0.075310 0.324364
v 0.201310 -0.075310 0.325110
v 0.200963 -0.075310 0.324364
v 0.201934 -0.075007 0.324590
v 0.201688 -0.075007 0.324063
v 0.202953 -0.074817 0.322751
v 0.202691 -0.074817 0.323044
v 0.203440 -0.074752 0.323336
v 0.206823 -0.077149 0.321932
v 0.206823 -0.077149 0.321932
v 0.204006 -0.076164 0.326279
v 0.205069 -0.075704 0.325292
v 0.203947 -0.075704 0.325975
v 0.205069 -0.075704 0.325292
v 0.204006 -0.076164 0.326279
v 0.205257 -0.076164 0.325518
v 0.203440 -0.074752 0.323336
v 0.203591 -0.074817 0.324124
v 0.202691 -0.074817 0.323044
v 0.201994 -0.075007 0.322773
v 0.202691 -0.074817 0.323044
v 0.202953 -0.074817 0.322751
v 0.200056 -0.076164 0.324740
v 0.200443 -0.075704 0.323489
v 0.200443 -0.075704 0.323489
v 0.200056 -0.076164 0.324740
v 0.201994 -0.075007 0.322773
v 0.202109 -0.075310 0.321739
v 0.201395 -0.075310 0.322539
v 0.202109 -0.075310 0.321739
v 0.201994 -0.075007 0.322773
v 0.202499 -0.075007 0.322206
v 0.206473 -0.075704 0.322077
v 0.206349 -0.076164 0.320912
v 0.206048 -0.075704 0.321163
v 0.206349 -0.076164 0.320912
v 0.206473 -0.075704 0.322077
v 0.206823 -0.076164 0.321932
v 0.203646 -0.074817 0.322463
v 0.203288 -0.074817 0.322547
v 0.203646 -0.074817 0.322463
v 0.203839 -0.075007 0.321650
v 0.203440 -0.074752 0.323336
v 0.203233 -0.074817 0.324208
v 0.203646 -0.074817 0.322463
v 0.203288 -0.074817 0.322547
v 0.203440 -0.074752 0.323336
v 0.206349 -0.077149 0.320912
v 0.205432 -0.077149 0.320262
v 0.206349 -0.077149 0.320912
v 0.206048 -0.077608 0.321163
v 0.200647 -0.076164 0.322248
v 0.200443 -0.075704 0.323489
v 0.200936 -0.075704 0.322360
v 0.200443 -0.075704 0.323489
v 0.200647 -0.076164 0.322248
v 0.200097 -0.076164 0.323507
v 0.202544 -0.074817 0.323382
v 0.201994 -0.075007 0.322773
v 0.201710 -0.075007 0.323424
v 0.201994 -0.075007 0.322773
v 0.202544 -0.074817 0.323382
v 0.202691 -0.074817 0.323044
v 0.204211 -0.076164 0.320079
v 0.202932 -0.075704 0.320697
v 0.204131 -0.075704 0.320416
v 0.202932 -0.075704 0.320697
v 0.204211 -0.076164 0.320079
v 0.202873 -0.076164 0.320393
v 0.202668 -0.076164 0.326592
v 0.203947 -0.075704 0.325975
v 0.202748 -0.075704 0.326256
v 0.203947 -0.075704 0.325975
v 0.202668 -0.076164 0.326592
v 0.204006 -0.076164 0.326279
v 0.201377 -0.076656 0.326518
v 0.202668 -0.076164 0.326592
v 0.201448 -0.076164 0.326410
v 0.202668 -0.076164 0.326592
v 0.201377 -0.076656 0.326518
v 0.202641 -0.076656 0.326707
v 0.201310 -0.075310 0.325110
v 0.200406 -0.075704 0.324595
v 0.200832 -0.075704 0.325509
v 0.200406 -0.075704 0.324595
v 0.201310 -0.075310 0.325110
v 0.200963 -0.075310 0.324364
v 0.203147 -0.075007 0.321812
v 0.202109 -0.075310 0.321739
v 0.202499 -0.075007 0.322206
v 0.202109 -0.075310 0.321739
v 0.203147 -0.075007 0.321812
v 0.203288 -0.074817 0.322547
v 0.202499 -0.075007 0.322206
v 0.202953 -0.074817 0.322751
v 0.202499 -0.075007 0.322206
v 0.203288 -0.074817 0.322547
v 0.203147 -0.075007 0.321812
v 0.204005 -0.075310 0.320952
v 0.202932 -0.075704 0.320697
v 0.203025 -0.075310 0.321181
v 0.202932 -0.075704 0.320697
v 0.204005 -0.075310 0.320952
v 0.204131 -0.075704 0.320416
v 0.203839 -0.075007 0.321650
v 0.203025 -0.075310 0.321181
v 0.203147 -0.075007 0.321812
v 0.203025 -0.075310 0.321181
v 0.203839 -0.075007 0.321650
v 0.204005 -0.075310 0.320952
v 0.199937 -0.076656 0.324790
v 0.200097 -0.076164 0.323507
v 0.199979 -0.076656 0.323513
v 0.200097 -0.076164 0.323507
v 0.199937 -0.076656 0.324790
v 0.200056 -0.076164 0.324740
v 0.205226 -0.077608 0.320580
v 0.205226 -0.077608 0.320580
v 0.205943 -0.077608 0.324311
v 0.205943 -0.077608 0.324311
v 0.206436 -0.077608 0.323182
v 0.206436 -0.077608 0.323182
v 0.206473 -0.077608 0.322077
v 0.206473 -0.077608 0.322077
v 0.205226 -0.077608 0.320580
v 0.206473 -0.077608 0.322077
v 0.205226 -0.077608 0.320580
v 0.206048 -0.077608 0.321163
v 0.201654 -0.077608 0.326092
v 0.202748 -0.077608 0.326256
v 0.201654 -0.077608 0.326092
v 0.202748 -0.077608 0.326256
v 0.202748 -0.077608 0.326256
v 0.203947 -0.077608 0.325975
v 0.203947 -0.077608 0.325975
v 0.203947 -0.077608 0.325975
v 0.205069 -0.077608 0.325292
v 0.205069 -0.077608 0.325292
v 0.205069 -0.077608 0.325292
v 0.205943 -0.077608 0.324311
v 0.201654 -0.077608 0.326092
v 0.200832 -0.077608 0.325509
v 0.201654 -0.077608 0.326092
v 0.201654 -0.077608 0.326092
v 0.200531 -0.076164 0.325759
v 0.200406 -0.075704 0.324595
v 0.200056 -0.076164 0.324740
v 0.200406 -0.075704 0.324595
v 0.200531 -0.076164 0.325759
v 0.200832 -0.075704 0.325509
v 0.204898 -0.075310 0.321085
v 0.204131 -0.075704 0.320416
v 0.204005 -0.075310 0.320952
v 0.204131 -0.075704 0.320416
v 0.204898 -0.075310 0.321085
v 0.205226 -0.075704 0.320580
v 0.202854 -0.076656 0.320289
v 0.201622 -0.076164 0.321154
v 0.202873 -0.076164 0.320393
v 0.201622 -0.076164 0.321154
v 0.202854 -0.076656 0.320289
v 0.201558 -0.076656 0.321077
v 0.205170 -0.075007 0.323247
v 0.204346 -0.074817 0.322960
v 0.204335 -0.074817 0.323290
v 0.204346 -0.074817 0.322960
v 0.205170 -0.075007 0.323247
v 0.205191 -0.075007 0.322609
v 0.205886 -0.075310 0.323211
v 0.205191 -0.075007 0.322609
v 0.205170 -0.075007 0.323247
v 0.205191 -0.075007 0.322609
v 0.205886 -0.075310 0.323211
v 0.205916 -0.075310 0.322308
v 0.202748 -0.077608 0.326256
v 0.201448 -0.077149 0.326410
v 0.201654 -0.077608 0.326092
v 0.201448 -0.077149 0.326410
v 0.202748 -0.077608 0.326256
v 0.202668 -0.077149 0.326592
v 0.203947 -0.077608 0.325975
v 0.205257 -0.077149 0.325518
v 0.204006 -0.077149 0.326279
v 0.205257 -0.077149 0.325518
v 0.203947 -0.077608 0.325975
v 0.205069 -0.077608 0.325292
v 0.205432 -0.077149 0.320262
v 0.205502 -0.076656 0.320153
v 0.205432 -0.077149 0.320262
v 0.206349 -0.077149 0.320912
v 0.205432 -0.076164 0.320262
v 0.206451 -0.076656 0.320827
v 0.205502 -0.076656 0.320153
v 0.206451 -0.076656 0.320827
v 0.205432 -0.076164 0.320262
v 0.206349 -0.076164 0.320912
v 0.205916 -0.075310 0.322308
v 0.204945 -0.075007 0.322081
v 0.205191 -0.075007 0.322609
v 0.204945 -0.075007 0.322081
v 0.205916 -0.075310 0.322308
v 0.206473 -0.075704 0.322077
v 0.205569 -0.075310 0.321562
v 0.205916 -0.075310 0.322308
v 0.205569 -0.075310 0.321562
v 0.206473 -0.075704 0.322077
v 0.206048 -0.075704 0.321163
v 0.206823 -0.076164 0.321932
v 0.206451 -0.076656 0.320827
v 0.206349 -0.076164 0.320912
v 0.206451 -0.076656 0.320827
v 0.206823 -0.076164 0.321932
v 0.206942 -0.076656 0.321882
v 0.200549 -0.076656 0.322209
v 0.200097 -0.076164 0.323507
v 0.200647 -0.076164 0.322248
v 0.200097 -0.076164 0.323507
v 0.200549 -0.076656 0.322209
v 0.199979 -0.076656 0.323513
v 0.204131 -0.077608 0.320416
v 0.202873 -0.077149 0.320393
v 0.204211 -0.077149 0.320079
v 0.202873 -0.077149 0.320393
v 0.204131 -0.077608 0.320416
v 0.202932 -0.077608 0.320697
v 0.206942 -0.076656 0.321882
v 0.206349 -0.077149 0.320912
v 0.206451 -0.076656 0.320827
v 0.206349 -0.077149 0.320912
v 0.206942 -0.076656 0.321882
v 0.206823 -0.077149 0.321932
v 0.203440 -0.074752 0.323336
v 0.202660 -0.074817 0.323985
v 0.202906 -0.074817 0.324159
v 0.204885 -0.075007 0.323899
v 0.203927 -0.074817 0.323920
v 0.204381 -0.075007 0.324465
v 0.203927 -0.074817 0.323920
v 0.204885 -0.075007 0.323899
v 0.204188 -0.074817 0.323627
v 0.204188 -0.074817 0.323627
v 0.203440 -0.074752 0.323336
v 0.203927 -0.074817 0.323920
v 0.203440 -0.074752 0.323336
v 0.203591 -0.074817 0.324124
v 0.203927 -0.074817 0.323920
v 0.203040 -0.075007 0.325022
v 0.202906 -0.074817 0.324159
v 0.202409 -0.075007 0.324927
v 0.202906 -0.074817 0.324159
v 0.203040 -0.075007 0.325022
v 0.203233 -0.074817 0.324208
v 0.206782 -0.076164 0.323165
v 0.206942 -0.076656 0.321882
v 0.206823 -0.076164 0.321932
v 0.206942 -0.076656 0.321882
v 0.206782 -0.076164 0.323165
v 0.206900 -0.076656 0.323159
v 0.200936 -0.077608 0.322360
v 0.200097 -0.077149 0.323507
v 0.200647 -0.077149 0.322248
v 0.200097 -0.077149 0.323507
v 0.200936 -0.077608 0.322360
v 0.200443 -0.077608 0.323489
v 0.201810 -0.077608 0.321380
v 0.200647 -0.077149 0.322248
v 0.201622 -0.077149 0.321154
v 0.200647 -0.077149 0.322248
v 0.201810 -0.077608 0.321380
v 0.200936 -0.077608 0.322360
v 0.203733 -0.075007 0.324859
v 0.203233 -0.074817 0.324208
v 0.203040 -0.075007 0.325022
v 0.203233 -0.074817 0.324208
v 0.203733 -0.075007 0.324859
v 0.203591 -0.074817 0.324124
v 0.201558 -0.076656 0.321077
v 0.200647 -0.076164 0.322248
v 0.201622 -0.076164 0.321154
v 0.200647 -0.076164 0.322248
v 0.201558 -0.076656 0.321077
v 0.200549 -0.076656 0.322209
v 0.200963 -0.075310 0.324364
v 0.200443 -0.075704 0.323489
v 0.200406 -0.075704 0.324595
v 0.200443 -0.075704 0.323489
v 0.200963 -0.075310 0.324364
v 0.200993 -0.075310 0.323461
v 0.200428 -0.076656 0.325845
v 0.199937 -0.076656 0.324790
v 0.200428 -0.076656 0.325845
v 0.200531 -0.077149 0.325759
v 0.202409 -0.075007 0.324927
v 0.202660 -0.074817 0.323985
v 0.201934 -0.075007 0.324590
v 0.202660 -0.074817 0.323985
v 0.202409 -0.075007 0.324927
v 0.202906 -0.074817 0.324159
v 0.200406 -0.077608 0.324595
v 0.200531 -0.077149 0.325759
v 0.200056 -0.077149 0.324740
v 0.200531 -0.077149 0.325759
v 0.200406 -0.077608 0.324595
v 0.200832 -0.077608 0.325509
v 0.206823 -0.077149 0.321932
v 0.206436 -0.077608 0.323182
v 0.206473 -0.077608 0.322077
v 0.206436 -0.077608 0.323182
v 0.206823 -0.077149 0.321932
v 0.206782 -0.077149 0.323165
v 0.206232 -0.076164 0.324424
v 0.206436 -0.075704 0.323182
v 0.205943 -0.075704 0.324311
v 0.206436 -0.075704 0.323182
v 0.206232 -0.076164 0.324424
v 0.206782 -0.076164 0.323165
v 0.200097 -0.077149 0.323507
v 0.199937 -0.076656 0.324790
v 0.199979 -0.076656 0.323513
v 0.199937 -0.076656 0.324790
v 0.200097 -0.077149 0.323507
v 0.200056 -0.077149 0.324740
v 0.203947 -0.075704 0.325975
v 0.202875 -0.075310 0.325720
v 0.202748 -0.075704 0.326256
v 0.202875 -0.075310 0.325720
v 0.203947 -0.075704 0.325975
v 0.203854 -0.075310 0.325490
v 0.205569 -0.075310 0.321562
v 0.205226 -0.075704 0.320580
v 0.204898 -0.075310 0.321085
v 0.205226 -0.075704 0.320580
v 0.205569 -0.075310 0.321562
v 0.206048 -0.075704 0.321163
v 0.204945 -0.075007 0.322081
v 0.204898 -0.075310 0.321085
v 0.204471 -0.075007 0.321745
v 0.204898 -0.075310 0.321085
v 0.204945 -0.075007 0.322081
v 0.205569 -0.075310 0.321562
v 0.202932 -0.077608 0.320697
v 0.201622 -0.077149 0.321154
v 0.202873 -0.077149 0.320393
v 0.201622 -0.077149 0.321154
v 0.202932 -0.077608 0.320697
v 0.201810 -0.077608 0.321380
v 0.202748 -0.075704 0.326256
v 0.201981 -0.075310 0.325586
v 0.201654 -0.075704 0.326092
v 0.201981 -0.075310 0.325586
v 0.202748 -0.075704 0.326256
v 0.202875 -0.075310 0.325720
v 0.200443 -0.077608 0.323489
v 0.200056 -0.077149 0.324740
v 0.200097 -0.077149 0.323507
v 0.200056 -0.077149 0.324740
v 0.200443 -0.077608 0.323489
v 0.200406 -0.077608 0.324595
v 0.201622 -0.077149 0.321154
v 0.200549 -0.076656 0.322209
v 0.201558 -0.076656 0.321077
v 0.200549 -0.076656 0.322209
v 0.201622 -0.077149 0.321154
v 0.200647 -0.077149 0.322248
v 0.205943 -0.075704 0.324311
v 0.204770 -0.075310 0.324933
v 0.205069 -0.075704 0.325292
v 0.204770 -0.075310 0.324933
v 0.205943 -0.075704 0.324311
v 0.205484 -0.075310 0.324132
v 0.205257 -0.077149 0.325518
v 0.206331 -0.076656 0.324462
v 0.205322 -0.076656 0.325595
v 0.206331 -0.076656 0.324462
v 0.205257 -0.077149 0.325518
v 0.206232 -0.077149 0.324424
v 0.202875 -0.075310 0.325720
v 0.202409 -0.075007 0.324927
v 0.201981 -0.075310 0.325586
v 0.202409 -0.075007 0.324927
v 0.202875 -0.075310 0.325720
v 0.203040 -0.075007 0.325022
v 0.204006 -0.077149 0.326279
v 0.205322 -0.076656 0.325595
v 0.204026 -0.076656 0.326383
v 0.205322 -0.076656 0.325595
v 0.204006 -0.077149 0.326279
v 0.205257 -0.077149 0.325518
v 0.203025 -0.075310 0.321181
v 0.201810 -0.075704 0.321380
v 0.202109 -0.075310 0.321739
v 0.201810 -0.075704 0.321380
v 0.203025 -0.075310 0.321181
v 0.202932 -0.075704 0.320697
v 0.204335 -0.074817 0.323290
v 0.203440 -0.074752 0.323336
v 0.204188 -0.074817 0.323627
v 0.204346 -0.074817 0.322960
v 0.203440 -0.074752 0.323336
v 0.204335 -0.074817 0.323290
v 0.206232 -0.077149 0.324424
v 0.206900 -0.076656 0.323159
v 0.206331 -0.076656 0.324462
v 0.206900 -0.076656 0.323159
v 0.206232 -0.077149 0.324424
v 0.206782 -0.077149 0.323165
v 0.202660 -0.074817 0.323985
v 0.201688 -0.075007 0.324063
v 0.201934 -0.075007 0.324590
v 0.201688 -0.075007 0.324063
v 0.202660 -0.074817 0.323985
v 0.202533 -0.074817 0.323712
v 0.205432 -0.077149 0.320262
v 0.204131 -0.077608 0.320416
v 0.204211 -0.077149 0.320079
v 0.204131 -0.077608 0.320416
v 0.205432 -0.077149 0.320262
v 0.205226 -0.077608 0.320580
v 0.204258 -0.077068 0.324988
v 0.203374 -0.077608 0.323926
v 0.203374 -0.077068 0.323926
v 0.203374 -0.077608 0.323926
v 0.204258 -0.077068 0.324988
v 0.204258 -0.077608 0.324988
v 0.203374 -0.077608 0.323926
v 0.201793 -0.077068 0.325243
v 0.203374 -0.077068 0.323926
v 0.201793 -0.077068 0.325243
v 0.203374 -0.077608 0.323926
v 0.201793 -0.077608 0.325243
v 0.201793 -0.077068 0.325243
v 0.201221 -0.077608 0.324556
v 0.201221 -0.077068 0.324556
v 0.201221 -0.077608 0.324556
v 0.201793 -0.077068 0.325243
v 0.201793 -0.077608 0.325243
v 0.201221 -0.077608 0.324556
v 0.202802 -0.077068 0.323239
v 0.201221 -0.077068 0.324556
v 0.202802 -0.077068 0.323239
v 0.201221 -0.077608 0.324556
v 0.202802 -0.077608 0.323239
v 0.202802 -0.077068 0.323239
v 0.201864 -0.077608 0.322114
v 0.201864 -0.077068 0.322114
v 0.201864 -0.077608 0.322114
v 0.202802 -0.077068 0.323239
v 0.202802 -0.077608 0.323239
v 0.201864 -0.077608 0.322114
v 0.202811 -0.077068 0.321326
v 0.201864 -0.077068 0.322114
v 0.202811 -0.077068 0.321326
v 0.201864 -0.077608 0.322114
v 0.202811 -0.077608 0.321326
v 0.203748 -0.077608 0.322451
v 0.202811 -0.077068 0.321326
v 0.202811 -0.077608 0.321326
v 0.202811 -0.077068 0.321326
v 0.203748 -0.077608 0.322451
v 0.203748 -0.077068 0.322451
v 0.203748 -0.077608 0.322451
v 0.205189 -0.077068 0.321250
v 0.203748 -0.077068 0.322451
v 0.205189 -0.077068 0.321250
v 0.203748 -0.077608 0.322451
v 0.205189 -0.077608 0.321250
v 0.205762 -0.077608 0.321937
v 0.205189 -0.077068 0.321250
v 0.205189 -0.077608 0.321250
v 0.205189 -0.077068 0.321250
v 0.205762 -0.077608 0.321937
v 0.205762 -0.077068 0.321937
v 0.205762 -0.077608 0.321937
v 0.204320 -0.077068 0.323138
v 0.205762 -0.077068 0.321937
v 0.204320 -0.077068 0.323138
v 0.205762 -0.077608 0.321937
v 0.204320 -0.077608 0.323138
v 0.205204 -0.077608 0.324199
v 0.204320 -0.077068 0.323138
v 0.204320 -0.077608 0.323138
v 0.204320 -0.077068 0.323138
v 0.205204 -0.077608 0.324199
v 0.205204 -0.077068 0.324199
v 0.205204 -0.077608 0.324199
v 0.204258 -0.077068 0.324988
v 0.205204 -0.077068 0.324199
v 0.204258 -0.077068 0.324988
v 0.205204 -0.077608 0.324199
v 0.204258 -0.077608 0.324988
v -0.042586 -0.076145 0.127048
v -0.043752 -0.075686 0.127642
v -0.042669 -0.075686 0.127418
v -0.043794 -0.076145 0.127298
v -0.045194 -0.075292 0.129582
v -0.044195 -0.074989 0.129292
v -0.044526 -0.075292 0.128742
v -0.044667 -0.074989 0.129886
v -0.042557 -0.076638 0.126922
v -0.041500 -0.076145 0.127342
v -0.041434 -0.076638 0.127226
v -0.041696 -0.075686 0.127681
v -0.043394 -0.074734 0.130621
v -0.042569 -0.074799 0.130269
v -0.042673 -0.074799 0.129955
v -0.043601 -0.074989 0.128901
v -0.043687 -0.075292 0.128189
v -0.040397 -0.077131 0.130678
v -0.040207 -0.076638 0.129260
v -0.040291 -0.076638 0.130680
v -0.040316 -0.077131 0.129306
v -0.043752 -0.077590 0.127642
v -0.044941 -0.077131 0.128054
v -0.043794 -0.077131 0.127298
v -0.044781 -0.077590 0.128320
v -0.043901 -0.074799 0.131500
v -0.043610 -0.074799 0.131578
v -0.046496 -0.076638 0.130562
v -0.046471 -0.076145 0.131936
v -0.046390 -0.076145 0.130564
v -0.046580 -0.076638 0.131982
v -0.043812 -0.074989 0.132470
v -0.044374 -0.074989 0.132318
v -0.042993 -0.076145 0.133944
v -0.044230 -0.076638 0.134320
v -0.042979 -0.076638 0.134061
v -0.044201 -0.076145 0.134194
v -0.042979 -0.074799 0.131309
v -0.042735 -0.074799 0.131001
v -0.044786 -0.074989 0.131908
v -0.044114 -0.074799 0.131287
v -0.041846 -0.077131 0.133188
v -0.040847 -0.076638 0.132091
v -0.041791 -0.076638 0.133278
v -0.040934 -0.077131 0.132041
v -0.045587 -0.075292 0.130579
v -0.044987 -0.074989 0.131302
v -0.044945 -0.074989 0.130592
v -0.045647 -0.075292 0.131583
v -0.045940 -0.076638 0.129151
v -0.045853 -0.076145 0.129201
v -0.044996 -0.076638 0.127964
v -0.044941 -0.076145 0.128054
v -0.045599 -0.077590 0.129348
v -0.046390 -0.077131 0.130564
v -0.045853 -0.077131 0.129201
v -0.046080 -0.077590 0.130570
v -0.043808 -0.076638 0.127181
v -0.045599 -0.075686 0.129348
v -0.044781 -0.075686 0.128320
v -0.042008 -0.075292 0.128221
v -0.042802 -0.075292 0.128005
v -0.043808 -0.074799 0.129933
v -0.044053 -0.074799 0.130241
v -0.046080 -0.075686 0.130570
v -0.042591 -0.074799 0.130636
v -0.042669 -0.077590 0.127418
v -0.041500 -0.077131 0.127342
v -0.041696 -0.077590 0.127681
v -0.042586 -0.077131 0.127048
v -0.040703 -0.076145 0.128135
v -0.040608 -0.076638 0.128047
v -0.043035 -0.075686 0.133600
v -0.044118 -0.075686 0.133824
v -0.041800 -0.074989 0.129940
v -0.041200 -0.075292 0.130663
v -0.041141 -0.075292 0.129659
v -0.041842 -0.074989 0.130650
v -0.040707 -0.075686 0.130672
v -0.040634 -0.075686 0.129442
v -0.041846 -0.076145 0.133188
v -0.041189 -0.075686 0.131894
v -0.042006 -0.075686 0.132922
v -0.040934 -0.076145 0.132041
v -0.042886 -0.074799 0.129742
v -0.046179 -0.076638 0.133195
v -0.046471 -0.077131 0.131936
v -0.046084 -0.077131 0.133107
v -0.042993 -0.077131 0.133944
v -0.045287 -0.076145 0.133900
v -0.045091 -0.075686 0.133561
v -0.042001 -0.074989 0.129334
v -0.046153 -0.075686 0.131800
v -0.046084 -0.076145 0.133107
v -0.045806 -0.075686 0.132850
v -0.046153 -0.077590 0.131800
v -0.043100 -0.075292 0.133053
v -0.043186 -0.074989 0.132341
v -0.043985 -0.075292 0.133237
v -0.043286 -0.074799 0.131511
v -0.044218 -0.074799 0.130973
v -0.044196 -0.074799 0.130606
v -0.041593 -0.075292 0.131660
v -0.041424 -0.075292 0.128801
v -0.042414 -0.074989 0.128924
v -0.042975 -0.074989 0.128772
v -0.044201 -0.077131 0.134194
v -0.045363 -0.075292 0.132441
v -0.040397 -0.076145 0.130678
v -0.045091 -0.077590 0.133561
v -0.045287 -0.077131 0.133900
v -0.045806 -0.077590 0.132850
v -0.043501 -0.074799 0.129731
v -0.042120 -0.074989 0.131356
v -0.040316 -0.076145 0.129306
v -0.040982 -0.075686 0.128392
v -0.042592 -0.074989 0.131950
v -0.043177 -0.074799 0.129664
v -0.044118 -0.077590 0.133824
v -0.042261 -0.075292 0.132500
v -0.041189 -0.077590 0.131894
v -0.041493 -0.077590 0.131223
v -0.040707 -0.077590 0.130672
v -0.042109 -0.077590 0.132290
v -0.042006 -0.077590 0.132922
v -0.043377 -0.077590 0.131558
v -0.044315 -0.077590 0.133183
v -0.043035 -0.077590 0.133600
v -0.045090 -0.077590 0.132736
v -0.045348 -0.077590 0.130420
v -0.044151 -0.077590 0.131111
v -0.042507 -0.077590 0.128263
v -0.041733 -0.077590 0.128710
v -0.043536 -0.077590 0.130044
v -0.044732 -0.077590 0.129354
v -0.040982 -0.077590 0.128392
v -0.040634 -0.077590 0.129442
v -0.042761 -0.077590 0.130491
v -0.045354 -0.076638 0.134016
v -0.044779 -0.075292 0.133021
v -0.040703 -0.077131 0.128135
v -0.044315 -0.077050 0.133183
v -0.044151 -0.077050 0.131111
v -0.043377 -0.077050 0.131558
v -0.045090 -0.077050 0.132736
v -0.042109 -0.077050 0.132290
v -0.042761 -0.077050 0.130491
v -0.041493 -0.077050 0.131223
v -0.043536 -0.077050 0.130044
v -0.044732 -0.077050 0.129354
v -0.045348 -0.077050 0.130420
v -0.042507 -0.077050 0.128263
v -0.041733 -0.077050 0.128710
v -0.042586 -0.076145 0.127048
v -0.042586 -0.076145 0.127048
v -0.041500 -0.076145 0.127342
v -0.042586 -0.076145 0.127048
v -0.042669 -0.075686 0.127418
v -0.044526 -0.075292 0.128742
v -0.044526 -0.075292 0.128742
v -0.044195 -0.074989 0.129292
v -0.043394 -0.074734 0.130621
v -0.043901 -0.074799 0.131500
v -0.043610 -0.074799 0.131578
v -0.043901 -0.074799 0.131500
v -0.043394 -0.074734 0.130621
v -0.043901 -0.074799 0.131500
v -0.043901 -0.074799 0.131500
v -0.044374 -0.074989 0.132318
v -0.046390 -0.076145 0.130564
v -0.046390 -0.076145 0.130564
v -0.046496 -0.076638 0.130562
v -0.045853 -0.076145 0.129201
v -0.045853 -0.076145 0.129201
v -0.045940 -0.076638 0.129151
v -0.043794 -0.077131 0.127298
v -0.044996 -0.076638 0.127964
v -0.044996 -0.076638 0.127964
v -0.043794 -0.077131 0.127298
v -0.044941 -0.077131 0.128054
v -0.043808 -0.076638 0.127181
v -0.044941 -0.076145 0.128054
v -0.043794 -0.076145 0.127298
v -0.044941 -0.076145 0.128054
v -0.043808 -0.076638 0.127181
v -0.044996 -0.076638 0.127964
v -0.044526 -0.075292 0.128742
v -0.044526 -0.075292 0.128742
v -0.045194 -0.075292 0.129582
v -0.042669 -0.075686 0.127418
v -0.041696 -0.075686 0.127681
v -0.042669 -0.075686 0.127418
v -0.044667 -0.074989 0.129886
v -0.044195 -0.074989 0.129292
v -0.044667 -0.074989 0.129886
v -0.045853 -0.076145 0.129201
v -0.045599 -0.075686 0.129348
v -0.045853 -0.076145 0.129201
v -0.046390 -0.076145 0.130564
v -0.043394 -0.074734 0.130621
v -0.042569 -0.074799 0.130269
v -0.041434 -0.076638 0.127226
v -0.041434 -0.076638 0.127226
v -0.041500 -0.076145 0.127342
v -0.043901 -0.074799 0.131500
v -0.043394 -0.074734 0.130621
v -0.044114 -0.074799 0.131287
v -0.044201 -0.076145 0.134194
v -0.042993 -0.076145 0.133944
v -0.044201 -0.076145 0.134194
v -0.041141 -0.075292 0.129659
v -0.041141 -0.075292 0.129659
v -0.041200 -0.075292 0.130663
v -0.043394 -0.074734 0.130621
v -0.042673 -0.074799 0.129955
v -0.042979 -0.076638 0.134061
v -0.041846 -0.076145 0.133188
v -0.042993 -0.076145 0.133944
v -0.041846 -0.076145 0.133188
v -0.042979 -0.076638 0.134061
v -0.041791 -0.076638 0.133278
v -0.046580 -0.076638 0.131982
v -0.041791 -0.076638 0.133278
v -0.042979 -0.076638 0.134061
v -0.041791 -0.076638 0.133278
v -0.041846 -0.077131 0.133188
v -0.044118 -0.075686 0.133824
v -0.044201 -0.076145 0.134194
v -0.044118 -0.075686 0.133824
v -0.042673 -0.074799 0.129955
v -0.041800 -0.074989 0.129940
v -0.041800 -0.074989 0.129940
v -0.042673 -0.074799 0.129955
v -0.042569 -0.074799 0.130269
v -0.046471 -0.076145 0.131936
v -0.042586 -0.077131 0.127048
v -0.041434 -0.076638 0.127226
v -0.041500 -0.077131 0.127342
v -0.041434 -0.076638 0.127226
v -0.042586 -0.077131 0.127048
v -0.042557 -0.076638 0.126922
v -0.046080 -0.077590 0.130570
v -0.046471 -0.077131 0.131936
v -0.046390 -0.077131 0.130564
v -0.046471 -0.077131 0.131936
v -0.046080 -0.077590 0.130570
v -0.043812 -0.074989 0.132470
v -0.043812 -0.074989 0.132470
v -0.043610 -0.074799 0.131578
v -0.043186 -0.074989 0.132341
v -0.043186 -0.074989 0.132341
v -0.043610 -0.074799 0.131578
v -0.043812 -0.074989 0.132470
v -0.043610 -0.074799 0.131578
v -0.043286 -0.074799 0.131511
v -0.043394 -0.074734 0.130621
v -0.044945 -0.074989 0.130592
v -0.044945 -0.074989 0.130592
v -0.044987 -0.074989 0.131302
v -0.046080 -0.075686 0.130570
v -0.045647 -0.075292 0.131583
v -0.045587 -0.075292 0.130579
v -0.045647 -0.075292 0.131583
v -0.046080 -0.075686 0.130570
v -0.046153 -0.075686 0.131800
v -0.045587 -0.075292 0.130579
v -0.044667 -0.074989 0.129886
v -0.045194 -0.075292 0.129582
v -0.044667 -0.074989 0.129886
v -0.045587 -0.075292 0.130579
v -0.044945 -0.074989 0.130592
v -0.041200 -0.075292 0.130663
v -0.041189 -0.075686 0.131894
v -0.040707 -0.075686 0.130672
v -0.041189 -0.075686 0.131894
v -0.041200 -0.075292 0.130663
v -0.042001 -0.074989 0.129334
v -0.041141 -0.075292 0.129659
v -0.041141 -0.075292 0.129659
v -0.042001 -0.074989 0.129334
v -0.041800 -0.074989 0.129940
v -0.042802 -0.075292 0.128005
v -0.042008 -0.075292 0.128221
v -0.042802 -0.075292 0.128005
v -0.044230 -0.076638 0.134320
v -0.042993 -0.077131 0.133944
v -0.042979 -0.076638 0.134061
v -0.042993 -0.077131 0.133944
v -0.044230 -0.076638 0.134320
v -0.043794 -0.077131 0.127298
v -0.042557 -0.076638 0.126922
v -0.042586 -0.077131 0.127048
v -0.042557 -0.076638 0.126922
v -0.043794 -0.077131 0.127298
v -0.043808 -0.076638 0.127181
v -0.046153 -0.075686 0.131800
v -0.045647 -0.075292 0.131583
v -0.046153 -0.075686 0.131800
v -0.045806 -0.075686 0.132850
v -0.040934 -0.076145 0.132041
v -0.040707 -0.075686 0.130672
v -0.041189 -0.075686 0.131894
v -0.040707 -0.075686 0.130672
v -0.040934 -0.076145 0.132041
v -0.042414 -0.074989 0.128924
v -0.041424 -0.075292 0.128801
v -0.042008 -0.075292 0.128221
v -0.041424 -0.075292 0.128801
v -0.042414 -0.074989 0.128924
v -0.042001 -0.074989 0.129334
v -0.042735 -0.074799 0.131001
v -0.042591 -0.074799 0.130636
v -0.043394 -0.074734 0.130621
v -0.046084 -0.077131 0.133107
v -0.046084 -0.077131 0.133107
v -0.044941 -0.076145 0.128054
v -0.045599 -0.075686 0.129348
v -0.044781 -0.075686 0.128320
v -0.045599 -0.075686 0.129348
v -0.044941 -0.076145 0.128054
v -0.045853 -0.076145 0.129201
v -0.043394 -0.074734 0.130621
v -0.043808 -0.074799 0.129933
v -0.042591 -0.074799 0.130636
v -0.041842 -0.074989 0.130650
v -0.042591 -0.074799 0.130636
v -0.042735 -0.074799 0.131001
v -0.040703 -0.076145 0.128135
v -0.040634 -0.075686 0.129442
v -0.040634 -0.075686 0.129442
v -0.040703 -0.076145 0.128135
v -0.041842 -0.074989 0.130650
v -0.041593 -0.075292 0.131660
v -0.041200 -0.075292 0.130663
v -0.041593 -0.075292 0.131660
v -0.041842 -0.074989 0.130650
v -0.042120 -0.074989 0.131356
v -0.045806 -0.075686 0.132850
v -0.045287 -0.076145 0.133900
v -0.045091 -0.075686 0.133561
v -0.045287 -0.076145 0.133900
v -0.045806 -0.075686 0.132850
v -0.046084 -0.076145 0.133107
v -0.043286 -0.074799 0.131511
v -0.042979 -0.074799 0.131309
v -0.043286 -0.074799 0.131511
v -0.043186 -0.074989 0.132341
v -0.043394 -0.074734 0.130621
v -0.043501 -0.074799 0.129731
v -0.043286 -0.074799 0.131511
v -0.042979 -0.074799 0.131309
v -0.043394 -0.074734 0.130621
v -0.045287 -0.077131 0.133900
v -0.044201 -0.077131 0.134194
v -0.045287 -0.077131 0.133900
v -0.045091 -0.077590 0.133561
v -0.040397 -0.076145 0.130678
v -0.040634 -0.075686 0.129442
v -0.040707 -0.075686 0.130672
v -0.040634 -0.075686 0.129442
v -0.040397 -0.076145 0.130678
v -0.040316 -0.076145 0.129306
v -0.042569 -0.074799 0.130269
v -0.041842 -0.074989 0.130650
v -0.041800 -0.074989 0.129940
v -0.041842 -0.074989 0.130650
v -0.042569 -0.074799 0.130269
v -0.042591 -0.074799 0.130636
v -0.042993 -0.076145 0.133944
v -0.042006 -0.075686 0.132922
v -0.043035 -0.075686 0.133600
v -0.042006 -0.075686 0.132922
v -0.042993 -0.076145 0.133944
v -0.041846 -0.076145 0.133188
v -0.043794 -0.076145 0.127298
v -0.044781 -0.075686 0.128320
v -0.043752 -0.075686 0.127642
v -0.044781 -0.075686 0.128320
v -0.043794 -0.076145 0.127298
v -0.044941 -0.076145 0.128054
v -0.042557 -0.076638 0.126922
v -0.043794 -0.076145 0.127298
v -0.042586 -0.076145 0.127048
v -0.043794 -0.076145 0.127298
v -0.042557 -0.076638 0.126922
v -0.043808 -0.076638 0.127181
v -0.042008 -0.075292 0.128221
v -0.040982 -0.075686 0.128392
v -0.041696 -0.075686 0.127681
v -0.040982 -0.075686 0.128392
v -0.042008 -0.075292 0.128221
v -0.041424 -0.075292 0.128801
v -0.042592 -0.074989 0.131950
v -0.041593 -0.075292 0.131660
v -0.042120 -0.074989 0.131356
v -0.041593 -0.075292 0.131660
v -0.042592 -0.074989 0.131950
v -0.042979 -0.074799 0.131309
v -0.042120 -0.074989 0.131356
v -0.042735 -0.074799 0.131001
v -0.042120 -0.074989 0.131356
v -0.042979 -0.074799 0.131309
v -0.042592 -0.074989 0.131950
v -0.043100 -0.075292 0.133053
v -0.042006 -0.075686 0.132922
v -0.042261 -0.075292 0.132500
v -0.042006 -0.075686 0.132922
v -0.043100 -0.075292 0.133053
v -0.043035 -0.075686 0.133600
v -0.043186 -0.074989 0.132341
v -0.042261 -0.075292 0.132500
v -0.042592 -0.074989 0.131950
v -0.042261 -0.075292 0.132500
v -0.043186 -0.074989 0.132341
v -0.043100 -0.075292 0.133053
v -0.040608 -0.076638 0.128047
v -0.040316 -0.076145 0.129306
v -0.040207 -0.076638 0.129260
v -0.040316 -0.076145 0.129306
v -0.040608 -0.076638 0.128047
v -0.040703 -0.076145 0.128135
v -0.044118 -0.077590 0.133824
v -0.044118 -0.077590 0.133824
v -0.046080 -0.077590 0.130570
v -0.046080 -0.077590 0.130570
v -0.046153 -0.077590 0.131800
v -0.046153 -0.077590 0.131800
v -0.045806 -0.077590 0.132850
v -0.045806 -0.077590 0.132850
v -0.044118 -0.077590 0.133824
v -0.045806 -0.077590 0.132850
v -0.044118 -0.077590 0.133824
v -0.045091 -0.077590 0.133561
v -0.042669 -0.077590 0.127418
v -0.043752 -0.077590 0.127642
v -0.042669 -0.077590 0.127418
v -0.043752 -0.077590 0.127642
v -0.043752 -0.077590 0.127642
v -0.044781 -0.077590 0.128320
v -0.044781 -0.077590 0.128320
v -0.044781 -0.077590 0.128320
v -0.045599 -0.077590 0.129348
v -0.045599 -0.077590 0.129348
v -0.045599 -0.077590 0.129348
v -0.046080 -0.077590 0.130570
v -0.042669 -0.077590 0.127418
v -0.041696 -0.077590 0.127681
v -0.042669 -0.077590 0.127418
v -0.042669 -0.077590 0.127418
v -0.041500 -0.076145 0.127342
v -0.040982 -0.075686 0.128392
v -0.040703 -0.076145 0.128135
v -0.040982 -0.075686 0.128392
v -0.041500 -0.076145 0.127342
v -0.041696 -0.075686 0.127681
v -0.043985 -0.075292 0.133237
v -0.043035 -0.075686 0.133600
v -0.043100 -0.075292 0.133053
v -0.043035 -0.075686 0.133600
v -0.043985 -0.075292 0.133237
v -0.044118 -0.075686 0.133824
v -0.041791 -0.076638 0.133278
v -0.040934 -0.076145 0.132041
v -0.041846 -0.076145 0.133188
v -0.040934 -0.076145 0.132041
v -0.041791 -0.076638 0.133278
v -0.040847 -0.076638 0.132091
v -0.044987 -0.074989 0.131302
v -0.044114 -0.074799 0.131287
v -0.044218 -0.074799 0.130973
v -0.044114 -0.074799 0.131287
v -0.044987 -0.074989 0.131302
v -0.044786 -0.074989 0.131908
v -0.045647 -0.075292 0.131583
v -0.044786 -0.074989 0.131908
v -0.044987 -0.074989 0.131302
v -0.044786 -0.074989 0.131908
v -0.045647 -0.075292 0.131583
v -0.045363 -0.075292 0.132441
v -0.043752 -0.077590 0.127642
v -0.042586 -0.077131 0.127048
v -0.042669 -0.077590 0.127418
v -0.042586 -0.077131 0.127048
v -0.043752 -0.077590 0.127642
v -0.043794 -0.077131 0.127298
v -0.044781 -0.077590 0.128320
v -0.045853 -0.077131 0.129201
v -0.044941 -0.077131 0.128054
v -0.045853 -0.077131 0.129201
v -0.044781 -0.077590 0.128320
v -0.045599 -0.077590 0.129348
v -0.044201 -0.077131 0.134194
v -0.044230 -0.076638 0.134320
v -0.044201 -0.077131 0.134194
v -0.045287 -0.077131 0.133900
v -0.044201 -0.076145 0.134194
v -0.045354 -0.076638 0.134016
v -0.044230 -0.076638 0.134320
v -0.045354 -0.076638 0.134016
v -0.044201 -0.076145 0.134194
v -0.045287 -0.076145 0.133900
v -0.045363 -0.075292 0.132441
v -0.044374 -0.074989 0.132318
v -0.044786 -0.074989 0.131908
v -0.044374 -0.074989 0.132318
v -0.045363 -0.075292 0.132441
v -0.045806 -0.075686 0.132850
v -0.044779 -0.075292 0.133021
v -0.045363 -0.075292 0.132441
v -0.044779 -0.075292 0.133021
v -0.045806 -0.075686 0.132850
v -0.045091 -0.075686 0.133561
v -0.046084 -0.076145 0.133107
v -0.045354 -0.076638 0.134016
v -0.045287 -0.076145 0.133900
v -0.045354 -0.076638 0.134016
v -0.046084 -0.076145 0.133107
v -0.046179 -0.076638 0.133195
v -0.040291 -0.076638 0.130680
v -0.040316 -0.076145 0.129306
v -0.040397 -0.076145 0.130678
v -0.040316 -0.076145 0.129306
v -0.040291 -0.076638 0.130680
v -0.040207 -0.076638 0.129260
v -0.043035 -0.077590 0.133600
v -0.041846 -0.077131 0.133188
v -0.042993 -0.077131 0.133944
v -0.041846 -0.077131 0.133188
v -0.043035 -0.077590 0.133600
v -0.042006 -0.077590 0.132922
v -0.046179 -0.076638 0.133195
v -0.045287 -0.077131 0.133900
v -0.045354 -0.076638 0.134016
v -0.045287 -0.077131 0.133900
v -0.046179 -0.076638 0.133195
v -0.046084 -0.077131 0.133107
v -0.043394 -0.074734 0.130621
v -0.042886 -0.074799 0.129742
v -0.043177 -0.074799 0.129664
v -0.044945 -0.074989 0.130592
v -0.044053 -0.074799 0.130241
v -0.044667 -0.074989 0.129886
v -0.044053 -0.074799 0.130241
v -0.044945 -0.074989 0.130592
v -0.044196 -0.074799 0.130606
v -0.044196 -0.074799 0.130606
v -0.043394 -0.074734 0.130621
v -0.044053 -0.074799 0.130241
v -0.043394 -0.074734 0.130621
v -0.043808 -0.074799 0.129933
v -0.044053 -0.074799 0.130241
v -0.043601 -0.074989 0.128901
v -0.043177 -0.074799 0.129664
v -0.042975 -0.074989 0.128772
v -0.043177 -0.074799 0.129664
v -0.043601 -0.074989 0.128901
v -0.043501 -0.074799 0.129731
v -0.046471 -0.076145 0.131936
v -0.046179 -0.076638 0.133195
v -0.046084 -0.076145 0.133107
v -0.046179 -0.076638 0.133195
v -0.046471 -0.076145 0.131936
v -0.046580 -0.076638 0.131982
v -0.040707 -0.077590 0.130672
v -0.040316 -0.077131 0.129306
v -0.040397 -0.077131 0.130678
v -0.040316 -0.077131 0.129306
v -0.040707 -0.077590 0.130672
v -0.040634 -0.077590 0.129442
v -0.041189 -0.077590 0.131894
v -0.040397 -0.077131 0.130678
v -0.040934 -0.077131 0.132041
v -0.040397 -0.077131 0.130678
v -0.041189 -0.077590 0.131894
v -0.040707 -0.077590 0.130672
v -0.044195 -0.074989 0.129292
v -0.043501 -0.074799 0.129731
v -0.043601 -0.074989 0.128901
v -0.043501 -0.074799 0.129731
v -0.044195 -0.074989 0.129292
v -0.043808 -0.074799 0.129933
v -0.040847 -0.076638 0.132091
v -0.040397 -0.076145 0.130678
v -0.040934 -0.076145 0.132041
v -0.040397 -0.076145 0.130678
v -0.040847 -0.076638 0.132091
v -0.040291 -0.076638 0.130680
v -0.041424 -0.075292 0.128801
v -0.040634 -0.075686 0.129442
v -0.040982 -0.075686 0.128392
v -0.040634 -0.075686 0.129442
v -0.041424 -0.075292 0.128801
v -0.041141 -0.075292 0.129659
v -0.041434 -0.076638 0.127226
v -0.040608 -0.076638 0.128047
v -0.041434 -0.076638 0.127226
v -0.041500 -0.077131 0.127342
v -0.042975 -0.074989 0.128772
v -0.042886 -0.074799 0.129742
v -0.042414 -0.074989 0.128924
v -0.042886 -0.074799 0.129742
v -0.042975 -0.074989 0.128772
v -0.043177 -0.074799 0.129664
v -0.040982 -0.077590 0.128392
v -0.041500 -0.077131 0.127342
v -0.040703 -0.077131 0.128135
v -0.041500 -0.077131 0.127342
v -0.040982 -0.077590 0.128392
v -0.041696 -0.077590 0.127681
v -0.046084 -0.077131 0.133107
v -0.046153 -0.077590 0.131800
v -0.045806 -0.077590 0.132850
v -0.046153 -0.077590 0.131800
v -0.046084 -0.077131 0.133107
v -0.046471 -0.077131 0.131936
v -0.046390 -0.076145 0.130564
v -0.046153 -0.075686 0.131800
v -0.046080 -0.075686 0.130570
v -0.046153 -0.075686 0.131800
v -0.046390 -0.076145 0.130564
v -0.046471 -0.076145 0.131936
v -0.040316 -0.077131 0.129306
v -0.040608 -0.076638 0.128047
v -0.040207 -0.076638 0.129260
v -0.040608 -0.076638 0.128047
v -0.040316 -0.077131 0.129306
v -0.040703 -0.077131 0.128135
v -0.044781 -0.075686 0.128320
v -0.043687 -0.075292 0.128189
v -0.043752 -0.075686 0.127642
v -0.043687 -0.075292 0.128189
v -0.044781 -0.075686 0.128320
v -0.044526 -0.075292 0.128742
v -0.044779 -0.075292 0.133021
v -0.044118 -0.075686 0.133824
v -0.043985 -0.075292 0.133237
v -0.044118 -0.075686 0.133824
v -0.044779 -0.075292 0.133021
v -0.045091 -0.075686 0.133561
v -0.044374 -0.074989 0.132318
v -0.043985 -0.075292 0.133237
v -0.043812 -0.074989 0.132470
v -0.043985 -0.075292 0.133237
v -0.044374 -0.074989 0.132318
v -0.044779 -0.075292 0.133021
v -0.042006 -0.077590 0.132922
v -0.040934 -0.077131 0.132041
v -0.041846 -0.077131 0.133188
v -0.040934 -0.077131 0.132041
v -0.042006 -0.077590 0.132922
v -0.041189 -0.077590 0.131894
v -0.043752 -0.075686 0.127642
v -0.042802 -0.075292 0.128005
v -0.042669 -0.075686 0.127418
v -0.042802 -0.075292 0.128005
v -0.043752 -0.075686 0.127642
v -0.043687 -0.075292 0.128189
v -0.040634 -0.077590 0.129442
v -0.040703 -0.077131 0.128135
v -0.040316 -0.077131 0.129306
v -0.040703 -0.077131 0.128135
v -0.040634 -0.077590 0.129442
v -0.040982 -0.077590 0.128392
v -0.040934 -0.077131 0.132041
v -0.040291 -0.076638 0.130680
v -0.040847 -0.076638 0.132091
v -0.040291 -0.076638 0.130680
v -0.040934 -0.077131 0.132041
v -0.040397 -0.077131 0.130678
v -0.046080 -0.075686 0.130570
v -0.045194 -0.075292 0.129582
v -0.045599 -0.075686 0.129348
v -0.045194 -0.075292 0.129582
v -0.046080 -0.075686 0.130570
v -0.045587 -0.075292 0.130579
v -0.045853 -0.077131 0.129201
v -0.046496 -0.076638 0.130562
v -0.045940 -0.076638 0.129151
v -0.046496 -0.076638 0.130562
v -0.045853 -0.077131 0.129201
v -0.046390 -0.077131 0.130564
v -0.043687 -0.075292 0.128189
v -0.042975 -0.074989 0.128772
v -0.042802 -0.075292 0.128005
v -0.042975 -0.074989 0.128772
v -0.043687 -0.075292 0.128189
v -0.043601 -0.074989 0.128901
v -0.044941 -0.077131 0.128054
v -0.045940 -0.076638 0.129151
v -0.044996 -0.076638 0.127964
v -0.045940 -0.076638 0.129151
v -0.044941 -0.077131 0.128054
v -0.045853 -0.077131 0.129201
v -0.042261 -0.075292 0.132500
v -0.041189 -0.075686 0.131894
v -0.041593 -0.075292 0.131660
v -0.041189 -0.075686 0.131894
v -0.042261 -0.075292 0.132500
v -0.042006 -0.075686 0.132922
v -0.044218 -0.074799 0.130973
v -0.043394 -0.074734 0.130621
v -0.044196 -0.074799 0.130606
v -0.044114 -0.074799 0.131287
v -0.043394 -0.074734 0.130621
v -0.044218 -0.074799 0.130973
v -0.046390 -0.077131 0.130564
v -0.046580 -0.076638 0.131982
v -0.046496 -0.076638 0.130562
v -0.046580 -0.076638 0.131982
v -0.046390 -0.077131 0.130564
v -0.046471 -0.077131 0.131936
v -0.042886 -0.074799 0.129742
v -0.042001 -0.074989 0.129334
v -0.042414 -0.074989 0.128924
v -0.042001 -0.074989 0.129334
v -0.042886 -0.074799 0.129742
v -0.042673 -0.074799 0.129955
v -0.044201 -0.077131 0.134194
v -0.043035 -0.077590 0.133600
v -0.042993 -0.077131 0.133944
v -0.043035 -0.077590 0.133600
v -0.044201 -0.077131 0.134194
v -0.044118 -0.077590 0.133824
v -0.044732 -0.077050 0.129354
v -0.043536 -0.077590 0.130044
v -0.043536 -0.077050 0.130044
v -0.043536 -0.077590 0.130044
v -0.044732 -0.077050 0.129354
v -0.044732 -0.077590 0.129354
v -0.043536 -0.077590 0.130044
v -0.042507 -0.077050 0.128263
v -0.043536 -0.077050 0.130044
v -0.042507 -0.077050 0.128263
v -0.043536 -0.077590 0.130044
v -0.042507 -0.077590 0.128263
v -0.042507 -0.077050 0.128263
v -0.041733 -0.077590 0.128710
v -0.041733 -0.077050 0.128710
v -0.041733 -0.077590 0.128710
v -0.042507 -0.077050 0.128263
v -0.042507 -0.077590 0.128263
v -0.041733 -0.077590 0.128710
v -0.042761 -0.077050 0.130491
v -0.041733 -0.077050 0.128710
v -0.042761 -0.077050 0.130491
v -0.041733 -0.077590 0.128710
v -0.042761 -0.077590 0.130491
v -0.042761 -0.077050 0.130491
v -0.041493 -0.077590 0.131223
v -0.041493 -0.077050 0.131223
v -0.041493 -0.077590 0.131223
v -0.042761 -0.077050 0.130491
v -0.042761 -0.077590 0.130491
v -0.041493 -0.077590 0.131223
v -0.042109 -0.077050 0.132290
v -0.041493 -0.077050 0.131223
v -0.042109 -0.077050 0.132290
v -0.041493 -0.077590 0.131223
v -0.042109 -0.077590 0.132290
v -0.043377 -0.077590 0.131558
v -0.042109 -0.077050 0.132290
v -0.042109 -0.077590 0.132290
v -0.042109 -0.077050 0.132290
v -0.043377 -0.077590 0.131558
v -0.043377 -0.077050 0.131558
v -0.043377 -0.077590 0.131558
v -0.044315 -0.077050 0.133183
v -0.043377 -0.077050 0.131558
v -0.044315 -0.077050 0.133183
v -0.043377 -0.077590 0.131558
v -0.044315 -0.077590 0.133183
v -0.045090 -0.077590 0.132736
v -0.044315 -0.077050 0.133183
v -0.044315 -0.077590 0.133183
v -0.044315 -0.077050 0.133183
v -0.045090 -0.077590 0.132736
v -0.045090 -0.077050 0.132736
v -0.045090 -0.077590 0.132736
v -0.044151 -0.077050 0.131111
v -0.045090 -0.077050 0.132736
v -0.044151 -0.077050 0.131111
v -0.045090 -0.077590 0.132736
v -0.044151 -0.077590 0.131111
v -0.045348 -0.077590 0.130420
v -0.044151 -0.077050 0.131111
v -0.044151 -0.077590 0.131111
v -0.044151 -0.077050 0.131111
v -0.045348 -0.077590 0.130420
v -0.045348 -0.077050 0.130420
v -0.045348 -0.077590 0.130420
v -0.044732 -0.077050 0.129354
v -0.045348 -0.077050 0.130420
v -0.044732 -0.077050 0.129354
v -0.045348 -0.077590 0.130420
v -0.044732 -0.077590 0.129354
v 0.016116 -0.155617 0.738510
v 0.016554 -0.155749 0.738510
v 0.016554 -0.155617 0.738510
v 0.016116 -0.155749 0.738510
v 0.016554 -0.155617 0.738001
v 0.016554 -0.155749 0.738001
v 0.016837 -0.155749 0.738001
v 0.016837 -0.155617 0.738001
v 0.016837 -0.155617 0.738510
v 0.016837 -0.155749 0.738510
v 0.017301 -0.155749 0.738510
v 0.017301 -0.155617 0.738510
v 0.017301 -0.155617 0.738814
v 0.017301 -0.155749 0.738814
v 0.016837 -0.155749 0.738814
v 0.016837 -0.155617 0.738814
v 0.016837 -0.155617 0.739278
v 0.016837 -0.155749 0.739278
v 0.016554 -0.155749 0.739278
v 0.016554 -0.155617 0.739278
v 0.016554 -0.155617 0.738814
v 0.016554 -0.155749 0.738814
v 0.016116 -0.155749 0.738814
v 0.016116 -0.155617 0.738814
v 0.016554 -0.155749 0.738510
v 0.016554 -0.155617 0.738510
v 0.016554 -0.155749 0.738510
v 0.016554 -0.155617 0.738001
v 0.016554 -0.155617 0.738001
v 0.016554 -0.155749 0.738001
v 0.016837 -0.155749 0.738001
v 0.016837 -0.155617 0.738001
v 0.016837 -0.155749 0.738001
v 0.016837 -0.155617 0.738510
v 0.016837 -0.155617 0.738510
v 0.016837 -0.155749 0.738510
v 0.017301 -0.155749 0.738510
v 0.017301 -0.155617 0.738510
v 0.017301 -0.155749 0.738510
v 0.017301 -0.155617 0.738814
v 0.017301 -0.155749 0.738814
v 0.017301 -0.155617 0.738814
v 0.016837 -0.155749 0.738814
v 0.016837 -0.155617 0.738814
v 0.016837 -0.155749 0.738814
v 0.016837 -0.155617 0.739278
v 0.016837 -0.155749 0.739278
v 0.016837 -0.155617 0.739278
v 0.016554 -0.155749 0.739278
v 0.016554 -0.155617 0.739278
v 0.016554 -0.155749 0.739278
v 0.016554 -0.155617 0.738814
v 0.016554 -0.155749 0.738814
v 0.016554 -0.155617 0.738814
v 0.016116 -0.155749 0.738814
v 0.016116 -0.155617 0.738510
v 0.016116 -0.155617 0.738814
v 0.016116 -0.155617 0.738510
v 0.016116 -0.155749 0.738814
v 0.016116 -0.155749 0.738510
v 0.016415 -0.156103 0.689865
v 0.016853 -0.156235 0.689865
v 0.016853 -0.156103 0.689865
v 0.016415 -0.156235 0.689865
v 0.016853 -0.156103 0.689356
v 0.016853 -0.156235 0.689356
v 0.017136 -0.156235 0.689356
v 0.017136 -0.156103 0.689356
v 0.017136 -0.156103 0.689865
v 0.017136 -0.156235 0.689865
v 0.017600 -0.156235 0.689865
v 0.017600 -0.156103 0.689865
v 0.017600 -0.156103 0.690169
v 0.017600 -0.156235 0.690169
v 0.017136 -0.156235 0.690169
v 0.017136 -0.156103 0.690169
v 0.017136 -0.156103 0.690633
v 0.017136 -0.156235 0.690633
v 0.016853 -0.156235 0.690633
v 0.016853 -0.156103 0.690633
v 0.016853 -0.156103 0.690169
v 0.016853 -0.156235 0.690169
v 0.016415 -0.156235 0.690169
v 0.016415 -0.156103 0.690169
v 0.016853 -0.156235 0.689865
v 0.016853 -0.156103 0.689865
v 0.016853 -0.156235 0.689865
v 0.016853 -0.156103 0.689356
v 0.016853 -0.156103 0.689356
v 0.016853 -0.156235 0.689356
v 0.017136 -0.156235 0.689356
v 0.017136 -0.156103 0.689356
v 0.017136 -0.156235 0.689356
v 0.017136 -0.156103 0.689865
v 0.017136 -0.156103 0.689865
v 0.017136 -0.156235 0.689865
v 0.017600 -0.156235 0.689865
v 0.017600 -0.156103 0.689865
v 0.017600 -0.156235 0.689865
v 0.017600 -0.156103 0.690169
v 0.017600 -0.156235 0.690169
v 0.017600 -0.156103 0.690169
v 0.017136 -0.156235 0.690169
v 0.017136 -0.156103 0.690169
v 0.017136 -0.156235 0.690169
v 0.017136 -0.156103 0.690633
v 0.017136 -0.156235 0.690633
v 0.017136 -0.156103 0.690633
v 0.016853 -0.156235 0.690633
v 0.016853 -0.156103 0.690633
v 0.016853 -0.156235 0.690633
v 0.016853 -0.156103 0.690169
v 0.016853 -0.156235 0.690169
v 0.016853 -0.156103 0.690169
v 0.016415 -0.156235 0.690169
v 0.016415 -0.156103 0.689865
v 0.016415 -0.156103 0.690169
v 0.016415 -0.156103 0.689865
v 0.016415 -0.156235 0.690169
v 0.016415 -0.156235 0.689865
v 0.026586 -0.113565 0.648972
v 0.026777 -0.113180 0.649434
v 0.026777 -0.113625 0.649125
v 0.026586 -0.113068 0.649318
v 0.026941 -0.113029 0.650444
v 0.027068 -0.113418 0.650129
v 0.026941 -0.113115 0.649998
v 0.027068 -0.113358 0.650444
v 0.026381 -0.113544 0.648920
v 0.026586 -0.114151 0.648851
v 0.026381 -0.114151 0.648795
v 0.026777 -0.114151 0.649016
v 0.027174 -0.114151 0.650444
v 0.027147 -0.114441 0.650142
v 0.027147 -0.114308 0.650050
v 0.027068 -0.113590 0.649861
v 0.026941 -0.113358 0.649620
v 0.026175 -0.115566 0.649835
v 0.026381 -0.115272 0.649278
v 0.026381 -0.115616 0.649813
v 0.026175 -0.115234 0.649318
v 0.025984 -0.113180 0.649434
v 0.026175 -0.112735 0.649835
v 0.026175 -0.113068 0.649318
v 0.025984 -0.112882 0.649898
v 0.027147 -0.114151 0.650871
v 0.027147 -0.114308 0.650839
v 0.026381 -0.112685 0.651076
v 0.026586 -0.113068 0.651571
v 0.026586 -0.112735 0.651054
v 0.026381 -0.113029 0.651611
v 0.027068 -0.114454 0.651206
v 0.027068 -0.114151 0.651269
v 0.026586 -0.115234 0.651571
v 0.026381 -0.114758 0.651968
v 0.026381 -0.115272 0.651611
v 0.026586 -0.114737 0.651916
v 0.027147 -0.114530 0.650608
v 0.027147 -0.114561 0.650444
v 0.027068 -0.113847 0.651206
v 0.027147 -0.113994 0.650839
v 0.026175 -0.115566 0.651054
v 0.026381 -0.115737 0.650444
v 0.026381 -0.115616 0.651076
v 0.026175 -0.115683 0.650444
v 0.026941 -0.113115 0.650891
v 0.027068 -0.113590 0.651028
v 0.027068 -0.113418 0.650760
v 0.026941 -0.113358 0.651269
v 0.026381 -0.112565 0.650444
v 0.026586 -0.112619 0.650444
v 0.026381 -0.112685 0.649813
v 0.026586 -0.112735 0.649835
v 0.025984 -0.112777 0.650444
v 0.026175 -0.112735 0.651054
v 0.026175 -0.112619 0.650444
v 0.025984 -0.112882 0.650991
v 0.026381 -0.113029 0.649278
v 0.026777 -0.112777 0.650444
v 0.026777 -0.112882 0.649898
v 0.026941 -0.114151 0.649278
v 0.026941 -0.113722 0.649367
v 0.027147 -0.113772 0.650281
v 0.027147 -0.113740 0.650444
v 0.026777 -0.112882 0.650991
v 0.027147 -0.114530 0.650281
v 0.025984 -0.113625 0.649125
v 0.026175 -0.114151 0.648851
v 0.025984 -0.114151 0.649016
v 0.026175 -0.113565 0.648972
v 0.026586 -0.114737 0.648972
v 0.026381 -0.114758 0.648920
v 0.026777 -0.115122 0.651454
v 0.026777 -0.114677 0.651764
v 0.027068 -0.114712 0.649861
v 0.026941 -0.115187 0.649998
v 0.026941 -0.114944 0.649620
v 0.027068 -0.114884 0.650129
v 0.026777 -0.115420 0.649898
v 0.026777 -0.115122 0.649434
v 0.026586 -0.115566 0.651054
v 0.026777 -0.115525 0.650444
v 0.026777 -0.115420 0.650991
v 0.026586 -0.115683 0.650444
v 0.027147 -0.114151 0.650017
v 0.026381 -0.113544 0.651968
v 0.026175 -0.113068 0.651571
v 0.026175 -0.113565 0.651916
v 0.026175 -0.115234 0.651571
v 0.026586 -0.114151 0.652038
v 0.026777 -0.114151 0.651873
v 0.027068 -0.114454 0.649682
v 0.026777 -0.113180 0.651454
v 0.026586 -0.113565 0.651916
v 0.026777 -0.113625 0.651764
v 0.025984 -0.113180 0.651454
v 0.026941 -0.114944 0.651269
v 0.027068 -0.114712 0.651028
v 0.026941 -0.114580 0.651522
v 0.027147 -0.114441 0.650746
v 0.027147 -0.113861 0.650746
v 0.027147 -0.113772 0.650608
v 0.026941 -0.115272 0.650444
v 0.026941 -0.114580 0.649367
v 0.027068 -0.114151 0.649620
v 0.027068 -0.113847 0.649682
v 0.026175 -0.114737 0.651916
v 0.026941 -0.113722 0.651522
v 0.026586 -0.115566 0.649835
v 0.025984 -0.114151 0.651873
v 0.026175 -0.114151 0.652038
v 0.025984 -0.113625 0.651764
v 0.027147 -0.113861 0.650142
v 0.027068 -0.114944 0.650444
v 0.026586 -0.115234 0.649318
v 0.026777 -0.114677 0.649125
v 0.027068 -0.114884 0.650760
v 0.027147 -0.113994 0.650050
v 0.025984 -0.114677 0.651764
v 0.026941 -0.115187 0.650891
v 0.025984 -0.115525 0.650444
v 0.025984 -0.115201 0.650264
v 0.025984 -0.115420 0.649898
v 0.025984 -0.115201 0.650782
v 0.025984 -0.115420 0.650991
v 0.025984 -0.114411 0.650782
v 0.025984 -0.114411 0.651572
v 0.025984 -0.115122 0.651454
v 0.025984 -0.113929 0.651572
v 0.025984 -0.113184 0.650782
v 0.025984 -0.113929 0.650782
v 0.025984 -0.113929 0.649398
v 0.025984 -0.114411 0.649398
v 0.025984 -0.113929 0.650264
v 0.025984 -0.113184 0.650264
v 0.025984 -0.114677 0.649125
v 0.025984 -0.115122 0.649434
v 0.025984 -0.114411 0.650264
v 0.026381 -0.114151 0.652094
v 0.026941 -0.114151 0.651611
v 0.026175 -0.114737 0.648972
v 0.026209 -0.114411 0.651572
v 0.026209 -0.113929 0.650782
v 0.026209 -0.114411 0.650782
v 0.026209 -0.113929 0.651572
v 0.026209 -0.115201 0.650782
v 0.026209 -0.114411 0.650264
v 0.026209 -0.115201 0.650264
v 0.026209 -0.113929 0.650264
v 0.026209 -0.113184 0.650264
v 0.026209 -0.113184 0.650782
v 0.026209 -0.113929 0.649398
v 0.026209 -0.114411 0.649398
v 0.026586 -0.113565 0.648972
v 0.026586 -0.113565 0.648972
v 0.026586 -0.114151 0.648851
v 0.026586 -0.113565 0.648972
v 0.026777 -0.113625 0.649125
v 0.026941 -0.113115 0.649998
v 0.026941 -0.113115 0.649998
v 0.027068 -0.113418 0.650129
v 0.027174 -0.114151 0.650444
v 0.027147 -0.114151 0.650871
v 0.027147 -0.114308 0.650839
v 0.027147 -0.114151 0.650871
v 0.027174 -0.114151 0.650444
v 0.027147 -0.114151 0.650871
v 0.027147 -0.114151 0.650871
v 0.027068 -0.114151 0.651269
v 0.026586 -0.112735 0.651054
v 0.026586 -0.112735 0.651054
v 0.026381 -0.112685 0.651076
v 0.026586 -0.112619 0.650444
v 0.026586 -0.112619 0.650444
v 0.026381 -0.112565 0.650444
v 0.026175 -0.113068 0.649318
v 0.026381 -0.112685 0.649813
v 0.026381 -0.112685 0.649813
v 0.026175 -0.113068 0.649318
v 0.026175 -0.112735 0.649835
v 0.026381 -0.113029 0.649278
v 0.026586 -0.112735 0.649835
v 0.026586 -0.113068 0.649318
v 0.026586 -0.112735 0.649835
v 0.026381 -0.113029 0.649278
v 0.026381 -0.112685 0.649813
v 0.026941 -0.113115 0.649998
v 0.026941 -0.113115 0.649998
v 0.026941 -0.113029 0.650444
v 0.026777 -0.113625 0.649125
v 0.026777 -0.114151 0.649016
v 0.026777 -0.113625 0.649125
v 0.027068 -0.113358 0.650444
v 0.027068 -0.113418 0.650129
v 0.027068 -0.113358 0.650444
v 0.026586 -0.112619 0.650444
v 0.026777 -0.112777 0.650444
v 0.026586 -0.112619 0.650444
v 0.026586 -0.112735 0.651054
v 0.027174 -0.114151 0.650444
v 0.027147 -0.114441 0.650142
v 0.026381 -0.114151 0.648795
v 0.026381 -0.114151 0.648795
v 0.026586 -0.114151 0.648851
v 0.027147 -0.114151 0.650871
v 0.027174 -0.114151 0.650444
v 0.027147 -0.113994 0.650839
v 0.026586 -0.114737 0.651916
v 0.026586 -0.115234 0.651571
v 0.026586 -0.114737 0.651916
v 0.026941 -0.114944 0.649620
v 0.026941 -0.114944 0.649620
v 0.026941 -0.115187 0.649998
v 0.027174 -0.114151 0.650444
v 0.027147 -0.114308 0.650050
v 0.026381 -0.115272 0.651611
v 0.026586 -0.115566 0.651054
v 0.026586 -0.115234 0.651571
v 0.026586 -0.115566 0.651054
v 0.026381 -0.115272 0.651611
v 0.026381 -0.115616 0.651076
v 0.026381 -0.113029 0.651611
v 0.026381 -0.115616 0.651076
v 0.026381 -0.115272 0.651611
v 0.026381 -0.115616 0.651076
v 0.026175 -0.115566 0.651054
v 0.026777 -0.114677 0.651764
v 0.026586 -0.114737 0.651916
v 0.026777 -0.114677 0.651764
v 0.027147 -0.114308 0.650050
v 0.027068 -0.114712 0.649861
v 0.027068 -0.114712 0.649861
v 0.027147 -0.114308 0.650050
v 0.027147 -0.114441 0.650142
v 0.026586 -0.113068 0.651571
v 0.026175 -0.113565 0.648972
v 0.026381 -0.114151 0.648795
v 0.026175 -0.114151 0.648851
v 0.026381 -0.114151 0.648795
v 0.026175 -0.113565 0.648972
v 0.026381 -0.113544 0.648920
v 0.025984 -0.112882 0.650991
v 0.026175 -0.113068 0.651571
v 0.026175 -0.112735 0.651054
v 0.026175 -0.113068 0.651571
v 0.025984 -0.112882 0.650991
v 0.027068 -0.114454 0.651206
v 0.027068 -0.114454 0.651206
v 0.027147 -0.114308 0.650839
v 0.027068 -0.114712 0.651028
v 0.027068 -0.114712 0.651028
v 0.027147 -0.114308 0.650839
v 0.027068 -0.114454 0.651206
v 0.027147 -0.114308 0.650839
v 0.027147 -0.114441 0.650746
v 0.027174 -0.114151 0.650444
v 0.027068 -0.113418 0.650760
v 0.027068 -0.113418 0.650760
v 0.027068 -0.113590 0.651028
v 0.026777 -0.112882 0.650991
v 0.026941 -0.113358 0.651269
v 0.026941 -0.113115 0.650891
v 0.026941 -0.113358 0.651269
v 0.026777 -0.112882 0.650991
v 0.026777 -0.113180 0.651454
v 0.026941 -0.113115 0.650891
v 0.027068 -0.113358 0.650444
v 0.026941 -0.113029 0.650444
v 0.027068 -0.113358 0.650444
v 0.026941 -0.113115 0.650891
v 0.027068 -0.113418 0.650760
v 0.026941 -0.115187 0.649998
v 0.026777 -0.115525 0.650444
v 0.026777 -0.115420 0.649898
v 0.026777 -0.115525 0.650444
v 0.026941 -0.115187 0.649998
v 0.027068 -0.114454 0.649682
v 0.026941 -0.114944 0.649620
v 0.026941 -0.114944 0.649620
v 0.027068 -0.114454 0.649682
v 0.027068 -0.114712 0.649861
v 0.026941 -0.113722 0.649367
v 0.026941 -0.114151 0.649278
v 0.026941 -0.113722 0.649367
v 0.026381 -0.114758 0.651968
v 0.026175 -0.115234 0.651571
v 0.026381 -0.115272 0.651611
v 0.026175 -0.115234 0.651571
v 0.026381 -0.114758 0.651968
v 0.026175 -0.113068 0.649318
v 0.026381 -0.113544 0.648920
v 0.026175 -0.113565 0.648972
v 0.026381 -0.113544 0.648920
v 0.026175 -0.113068 0.649318
v 0.026381 -0.113029 0.649278
v 0.026777 -0.113180 0.651454
v 0.026941 -0.113358 0.651269
v 0.026777 -0.113180 0.651454
v 0.026777 -0.113625 0.651764
v 0.026586 -0.115683 0.650444
v 0.026777 -0.115420 0.649898
v 0.026777 -0.115525 0.650444
v 0.026777 -0.115420 0.649898
v 0.026586 -0.115683 0.650444
v 0.027068 -0.114151 0.649620
v 0.026941 -0.114580 0.649367
v 0.026941 -0.114151 0.649278
v 0.026941 -0.114580 0.649367
v 0.027068 -0.114151 0.649620
v 0.027068 -0.114454 0.649682
v 0.027147 -0.114561 0.650444
v 0.027147 -0.114530 0.650281
v 0.027174 -0.114151 0.650444
v 0.026175 -0.113565 0.651916
v 0.026175 -0.113565 0.651916
v 0.026586 -0.112735 0.649835
v 0.026777 -0.112777 0.650444
v 0.026777 -0.112882 0.649898
v 0.026777 -0.112777 0.650444
v 0.026586 -0.112735 0.649835
v 0.026586 -0.112619 0.650444
v 0.027174 -0.114151 0.650444
v 0.027147 -0.113772 0.650281
v 0.027147 -0.114530 0.650281
v 0.027068 -0.114884 0.650129
v 0.027147 -0.114530 0.650281
v 0.027147 -0.114561 0.650444
v 0.026586 -0.114737 0.648972
v 0.026777 -0.115122 0.649434
v 0.026777 -0.115122 0.649434
v 0.026586 -0.114737 0.648972
v 0.027068 -0.114884 0.650129
v 0.026941 -0.115272 0.650444
v 0.026941 -0.115187 0.649998
v 0.026941 -0.115272 0.650444
v 0.027068 -0.114884 0.650129
v 0.027068 -0.114944 0.650444
v 0.026777 -0.113625 0.651764
v 0.026586 -0.114151 0.652038
v 0.026777 -0.114151 0.651873
v 0.026586 -0.114151 0.652038
v 0.026777 -0.113625 0.651764
v 0.026586 -0.113565 0.651916
v 0.027147 -0.114441 0.650746
v 0.027147 -0.114530 0.650608
v 0.027147 -0.114441 0.650746
v 0.027068 -0.114712 0.651028
v 0.027174 -0.114151 0.650444
v 0.027147 -0.113861 0.650142
v 0.027147 -0.114441 0.650746
v 0.027147 -0.114530 0.650608
v 0.027174 -0.114151 0.650444
v 0.026175 -0.114151 0.652038
v 0.026175 -0.114737 0.651916
v 0.026175 -0.114151 0.652038
v 0.025984 -0.114151 0.651873
v 0.026586 -0.115566 0.649835
v 0.026777 -0.115122 0.649434
v 0.026777 -0.115420 0.649898
v 0.026777 -0.115122 0.649434
v 0.026586 -0.115566 0.649835
v 0.026586 -0.115234 0.649318
v 0.027147 -0.114441 0.650142
v 0.027068 -0.114884 0.650129
v 0.027068 -0.114712 0.649861
v 0.027068 -0.114884 0.650129
v 0.027147 -0.114441 0.650142
v 0.027147 -0.114530 0.650281
v 0.026586 -0.115234 0.651571
v 0.026777 -0.115420 0.650991
v 0.026777 -0.115122 0.651454
v 0.026777 -0.115420 0.650991
v 0.026586 -0.115234 0.651571
v 0.026586 -0.115566 0.651054
v 0.026586 -0.113068 0.649318
v 0.026777 -0.112882 0.649898
v 0.026777 -0.113180 0.649434
v 0.026777 -0.112882 0.649898
v 0.026586 -0.113068 0.649318
v 0.026586 -0.112735 0.649835
v 0.026381 -0.113544 0.648920
v 0.026586 -0.113068 0.649318
v 0.026586 -0.113565 0.648972
v 0.026586 -0.113068 0.649318
v 0.026381 -0.113544 0.648920
v 0.026381 -0.113029 0.649278
v 0.026941 -0.114151 0.649278
v 0.026777 -0.114677 0.649125
v 0.026777 -0.114151 0.649016
v 0.026777 -0.114677 0.649125
v 0.026941 -0.114151 0.649278
v 0.026941 -0.114580 0.649367
v 0.027068 -0.114884 0.650760
v 0.026941 -0.115272 0.650444
v 0.027068 -0.114944 0.650444
v 0.026941 -0.115272 0.650444
v 0.027068 -0.114884 0.650760
v 0.027147 -0.114530 0.650608
v 0.027068 -0.114944 0.650444
v 0.027147 -0.114561 0.650444
v 0.027068 -0.114944 0.650444
v 0.027147 -0.114530 0.650608
v 0.027068 -0.114884 0.650760
v 0.026941 -0.114944 0.651269
v 0.026777 -0.115420 0.650991
v 0.026941 -0.115187 0.650891
v 0.026777 -0.115420 0.650991
v 0.026941 -0.114944 0.651269
v 0.026777 -0.115122 0.651454
v 0.027068 -0.114712 0.651028
v 0.026941 -0.115187 0.650891
v 0.027068 -0.114884 0.650760
v 0.026941 -0.115187 0.650891
v 0.027068 -0.114712 0.651028
v 0.026941 -0.114944 0.651269
v 0.026381 -0.114758 0.648920
v 0.026586 -0.115234 0.649318
v 0.026381 -0.115272 0.649278
v 0.026586 -0.115234 0.649318
v 0.026381 -0.114758 0.648920
v 0.026586 -0.114737 0.648972
v 0.025984 -0.114677 0.651764
v 0.025984 -0.114677 0.651764
v 0.025984 -0.112882 0.650991
v 0.025984 -0.112882 0.650991
v 0.025984 -0.113180 0.651454
v 0.025984 -0.113180 0.651454
v 0.025984 -0.113625 0.651764
v 0.025984 -0.113625 0.651764
v 0.025984 -0.114677 0.651764
v 0.025984 -0.113625 0.651764
v 0.025984 -0.114677 0.651764
v 0.025984 -0.114151 0.651873
v 0.025984 -0.113625 0.649125
v 0.025984 -0.113180 0.649434
v 0.025984 -0.113625 0.649125
v 0.025984 -0.113180 0.649434
v 0.025984 -0.113180 0.649434
v 0.025984 -0.112882 0.649898
v 0.025984 -0.112882 0.649898
v 0.025984 -0.112882 0.649898
v 0.025984 -0.112777 0.650444
v 0.025984 -0.112777 0.650444
v 0.025984 -0.112777 0.650444
v 0.025984 -0.112882 0.650991
v 0.025984 -0.113625 0.649125
v 0.025984 -0.114151 0.649016
v 0.025984 -0.113625 0.649125
v 0.025984 -0.113625 0.649125
v 0.026586 -0.114151 0.648851
v 0.026777 -0.114677 0.649125
v 0.026586 -0.114737 0.648972
v 0.026777 -0.114677 0.649125
v 0.026586 -0.114151 0.648851
v 0.026777 -0.114151 0.649016
v 0.026941 -0.114580 0.651522
v 0.026777 -0.115122 0.651454
v 0.026941 -0.114944 0.651269
v 0.026777 -0.115122 0.651454
v 0.026941 -0.114580 0.651522
v 0.026777 -0.114677 0.651764
v 0.026381 -0.115616 0.651076
v 0.026586 -0.115683 0.650444
v 0.026586 -0.115566 0.651054
v 0.026586 -0.115683 0.650444
v 0.026381 -0.115616 0.651076
v 0.026381 -0.115737 0.650444
v 0.027068 -0.113590 0.651028
v 0.027147 -0.113994 0.650839
v 0.027147 -0.113861 0.650746
v 0.027147 -0.113994 0.650839
v 0.027068 -0.113590 0.651028
v 0.027068 -0.113847 0.651206
v 0.026941 -0.113358 0.651269
v 0.027068 -0.113847 0.651206
v 0.027068 -0.113590 0.651028
v 0.027068 -0.113847 0.651206
v 0.026941 -0.113358 0.651269
v 0.026941 -0.113722 0.651522
v 0.025984 -0.113180 0.649434
v 0.026175 -0.113565 0.648972
v 0.025984 -0.113625 0.649125
v 0.026175 -0.113565 0.648972
v 0.025984 -0.113180 0.649434
v 0.026175 -0.113068 0.649318
v 0.025984 -0.112882 0.649898
v 0.026175 -0.112619 0.650444
v 0.026175 -0.112735 0.649835
v 0.026175 -0.112619 0.650444
v 0.025984 -0.112882 0.649898
v 0.025984 -0.112777 0.650444
v 0.026175 -0.114737 0.651916
v 0.026381 -0.114758 0.651968
v 0.026175 -0.114737 0.651916
v 0.026175 -0.114151 0.652038
v 0.026586 -0.114737 0.651916
v 0.026381 -0.114151 0.652094
v 0.026381 -0.114758 0.651968
v 0.026381 -0.114151 0.652094
v 0.026586 -0.114737 0.651916
v 0.026586 -0.114151 0.652038
v 0.026941 -0.113722 0.651522
v 0.027068 -0.114151 0.651269
v 0.027068 -0.113847 0.651206
v 0.027068 -0.114151 0.651269
v 0.026941 -0.113722 0.651522
v 0.026777 -0.113625 0.651764
v 0.026941 -0.114151 0.651611
v 0.026941 -0.113722 0.651522
v 0.026941 -0.114151 0.651611
v 0.026777 -0.113625 0.651764
v 0.026777 -0.114151 0.651873
v 0.026586 -0.113565 0.651916
v 0.026381 -0.114151 0.652094
v 0.026586 -0.114151 0.652038
v 0.026381 -0.114151 0.652094
v 0.026586 -0.113565 0.651916
v 0.026381 -0.113544 0.651968
v 0.026381 -0.115616 0.649813
v 0.026586 -0.115234 0.649318
v 0.026586 -0.115566 0.649835
v 0.026586 -0.115234 0.649318
v 0.026381 -0.115616 0.649813
v 0.026381 -0.115272 0.649278
v 0.025984 -0.115122 0.651454
v 0.026175 -0.115566 0.651054
v 0.026175 -0.115234 0.651571
v 0.026175 -0.115566 0.651054
v 0.025984 -0.115122 0.651454
v 0.025984 -0.115420 0.650991
v 0.026381 -0.113544 0.651968
v 0.026175 -0.114151 0.652038
v 0.026381 -0.114151 0.652094
v 0.026175 -0.114151 0.652038
v 0.026381 -0.113544 0.651968
v 0.026175 -0.113565 0.651916
v 0.027174 -0.114151 0.650444
v 0.027147 -0.114151 0.650017
v 0.027147 -0.113994 0.650050
v 0.027068 -0.113418 0.650760
v 0.027147 -0.113740 0.650444
v 0.027068 -0.113358 0.650444
v 0.027147 -0.113740 0.650444
v 0.027068 -0.113418 0.650760
v 0.027147 -0.113772 0.650608
v 0.027147 -0.113772 0.650608
v 0.027174 -0.114151 0.650444
v 0.027147 -0.113740 0.650444
v 0.027174 -0.114151 0.650444
v 0.027147 -0.113772 0.650281
v 0.027147 -0.113740 0.650444
v 0.027068 -0.113590 0.649861
v 0.027147 -0.113994 0.650050
v 0.027068 -0.113847 0.649682
v 0.027147 -0.113994 0.650050
v 0.027068 -0.113590 0.649861
v 0.027147 -0.113861 0.650142
v 0.026586 -0.113068 0.651571
v 0.026381 -0.113544 0.651968
v 0.026586 -0.113565 0.651916
v 0.026381 -0.113544 0.651968
v 0.026586 -0.113068 0.651571
v 0.026381 -0.113029 0.651611
v 0.025984 -0.115420 0.649898
v 0.026175 -0.115234 0.649318
v 0.026175 -0.115566 0.649835
v 0.026175 -0.115234 0.649318
v 0.025984 -0.115420 0.649898
v 0.025984 -0.115122 0.649434
v 0.025984 -0.115525 0.650444
v 0.026175 -0.115566 0.649835
v 0.026175 -0.115683 0.650444
v 0.026175 -0.115566 0.649835
v 0.025984 -0.115525 0.650444
v 0.025984 -0.115420 0.649898
v 0.027068 -0.113418 0.650129
v 0.027147 -0.113861 0.650142
v 0.027068 -0.113590 0.649861
v 0.027147 -0.113861 0.650142
v 0.027068 -0.113418 0.650129
v 0.027147 -0.113772 0.650281
v 0.026381 -0.115737 0.650444
v 0.026586 -0.115566 0.649835
v 0.026586 -0.115683 0.650444
v 0.026586 -0.115566 0.649835
v 0.026381 -0.115737 0.650444
v 0.026381 -0.115616 0.649813
v 0.026941 -0.114580 0.649367
v 0.026777 -0.115122 0.649434
v 0.026777 -0.114677 0.649125
v 0.026777 -0.115122 0.649434
v 0.026941 -0.114580 0.649367
v 0.026941 -0.114944 0.649620
v 0.026381 -0.114151 0.648795
v 0.026381 -0.114758 0.648920
v 0.026381 -0.114151 0.648795
v 0.026175 -0.114151 0.648851
v 0.027068 -0.113847 0.649682
v 0.027147 -0.114151 0.650017
v 0.027068 -0.114151 0.649620
v 0.027147 -0.114151 0.650017
v 0.027068 -0.113847 0.649682
v 0.027147 -0.113994 0.650050
v 0.025984 -0.114677 0.649125
v 0.026175 -0.114151 0.648851
v 0.026175 -0.114737 0.648972
v 0.026175 -0.114151 0.648851
v 0.025984 -0.114677 0.649125
v 0.025984 -0.114151 0.649016
v 0.026175 -0.113565 0.651916
v 0.025984 -0.113180 0.651454
v 0.025984 -0.113625 0.651764
v 0.025984 -0.113180 0.651454
v 0.026175 -0.113565 0.651916
v 0.026175 -0.113068 0.651571
v 0.026586 -0.112735 0.651054
v 0.026777 -0.113180 0.651454
v 0.026777 -0.112882 0.650991
v 0.026777 -0.113180 0.651454
v 0.026586 -0.112735 0.651054
v 0.026586 -0.113068 0.651571
v 0.026175 -0.115234 0.649318
v 0.026381 -0.114758 0.648920
v 0.026381 -0.115272 0.649278
v 0.026381 -0.114758 0.648920
v 0.026175 -0.115234 0.649318
v 0.026175 -0.114737 0.648972
v 0.026777 -0.112882 0.649898
v 0.026941 -0.113358 0.649620
v 0.026777 -0.113180 0.649434
v 0.026941 -0.113358 0.649620
v 0.026777 -0.112882 0.649898
v 0.026941 -0.113115 0.649998
v 0.026941 -0.114151 0.651611
v 0.026777 -0.114677 0.651764
v 0.026941 -0.114580 0.651522
v 0.026777 -0.114677 0.651764
v 0.026941 -0.114151 0.651611
v 0.026777 -0.114151 0.651873
v 0.027068 -0.114151 0.651269
v 0.026941 -0.114580 0.651522
v 0.027068 -0.114454 0.651206
v 0.026941 -0.114580 0.651522
v 0.027068 -0.114151 0.651269
v 0.026941 -0.114151 0.651611
v 0.025984 -0.115420 0.650991
v 0.026175 -0.115683 0.650444
v 0.026175 -0.115566 0.651054
v 0.026175 -0.115683 0.650444
v 0.025984 -0.115420 0.650991
v 0.025984 -0.115525 0.650444
v 0.026777 -0.113180 0.649434
v 0.026941 -0.113722 0.649367
v 0.026777 -0.113625 0.649125
v 0.026941 -0.113722 0.649367
v 0.026777 -0.113180 0.649434
v 0.026941 -0.113358 0.649620
v 0.025984 -0.115122 0.649434
v 0.026175 -0.114737 0.648972
v 0.026175 -0.115234 0.649318
v 0.026175 -0.114737 0.648972
v 0.025984 -0.115122 0.649434
v 0.025984 -0.114677 0.649125
v 0.026175 -0.115683 0.650444
v 0.026381 -0.115616 0.649813
v 0.026381 -0.115737 0.650444
v 0.026381 -0.115616 0.649813
v 0.026175 -0.115683 0.650444
v 0.026175 -0.115566 0.649835
v 0.026777 -0.112882 0.650991
v 0.026941 -0.113029 0.650444
v 0.026777 -0.112777 0.650444
v 0.026941 -0.113029 0.650444
v 0.026777 -0.112882 0.650991
v 0.026941 -0.113115 0.650891
v 0.026175 -0.112619 0.650444
v 0.026381 -0.112685 0.651076
v 0.026381 -0.112565 0.650444
v 0.026381 -0.112685 0.651076
v 0.026175 -0.112619 0.650444
v 0.026175 -0.112735 0.651054
v 0.026941 -0.113358 0.649620
v 0.027068 -0.113847 0.649682
v 0.026941 -0.113722 0.649367
v 0.027068 -0.113847 0.649682
v 0.026941 -0.113358 0.649620
v 0.027068 -0.113590 0.649861
v 0.026175 -0.112735 0.649835
v 0.026381 -0.112565 0.650444
v 0.026381 -0.112685 0.649813
v 0.026381 -0.112565 0.650444
v 0.026175 -0.112735 0.649835
v 0.026175 -0.112619 0.650444
v 0.026941 -0.115187 0.650891
v 0.026777 -0.115525 0.650444
v 0.026941 -0.115272 0.650444
v 0.026777 -0.115525 0.650444
v 0.026941 -0.115187 0.650891
v 0.026777 -0.115420 0.650991
v 0.027147 -0.113861 0.650746
v 0.027174 -0.114151 0.650444
v 0.027147 -0.113772 0.650608
v 0.027147 -0.113994 0.650839
v 0.027174 -0.114151 0.650444
v 0.027147 -0.113861 0.650746
v 0.026175 -0.112735 0.651054
v 0.026381 -0.113029 0.651611
v 0.026381 -0.112685 0.651076
v 0.026381 -0.113029 0.651611
v 0.026175 -0.112735 0.651054
v 0.026175 -0.113068 0.651571
v 0.027147 -0.114151 0.650017
v 0.027068 -0.114454 0.649682
v 0.027068 -0.114151 0.649620
v 0.027068 -0.114454 0.649682
v 0.027147 -0.114151 0.650017
v 0.027147 -0.114308 0.650050
v 0.026175 -0.114737 0.651916
v 0.025984 -0.115122 0.651454
v 0.026175 -0.115234 0.651571
v 0.025984 -0.115122 0.651454
v 0.026175 -0.114737 0.651916
v 0.025984 -0.114677 0.651764
v 0.026209 -0.113184 0.650264
v 0.025984 -0.113929 0.650264
v 0.026209 -0.113929 0.650264
v 0.025984 -0.113929 0.650264
v 0.026209 -0.113184 0.650264
v 0.025984 -0.113184 0.650264
v 0.025984 -0.113929 0.650264
v 0.026209 -0.113929 0.649398
v 0.026209 -0.113929 0.650264
v 0.026209 -0.113929 0.649398
v 0.025984 -0.113929 0.650264
v 0.025984 -0.113929 0.649398
v 0.026209 -0.113929 0.649398
v 0.025984 -0.114411 0.649398
v 0.026209 -0.114411 0.649398
v 0.025984 -0.114411 0.649398
v 0.026209 -0.113929 0.649398
v 0.025984 -0.113929 0.649398
v 0.025984 -0.114411 0.649398
v 0.026209 -0.114411 0.650264
v 0.026209 -0.114411 0.649398
v 0.026209 -0.114411 0.650264
v 0.025984 -0.114411 0.649398
v 0.025984 -0.114411 0.650264
v 0.026209 -0.114411 0.650264
v 0.025984 -0.115201 0.650264
v 0.026209 -0.115201 0.650264
v 0.025984 -0.115201 0.650264
v 0.026209 -0.114411 0.650264
v 0.025984 -0.114411 0.650264
v 0.025984 -0.115201 0.650264
v 0.026209 -0.115201 0.650782
v 0.026209 -0.115201 0.650264
v 0.026209 -0.115201 0.650782
v 0.025984 -0.115201 0.650264
v 0.025984 -0.115201 0.650782
v 0.025984 -0.114411 0.650782
v 0.026209 -0.115201 0.650782
v 0.025984 -0.115201 0.650782
v 0.026209 -0.115201 0.650782
v 0.025984 -0.114411 0.650782
v 0.026209 -0.114411 0.650782
v 0.025984 -0.114411 0.650782
v 0.026209 -0.114411 0.651572
v 0.026209 -0.114411 0.650782
v 0.026209 -0.114411 0.651572
v 0.025984 -0.114411 0.650782
v 0.025984 -0.114411 0.651572
v 0.025984 -0.113929 0.651572
v 0.026209 -0.114411 0.651572
v 0.025984 -0.114411 0.651572
v 0.026209 -0.114411 0.651572
v 0.025984 -0.113929 0.651572
v 0.026209 -0.113929 0.651572
v 0.025984 -0.113929 0.651572
v 0.026209 -0.113929 0.650782
v 0.026209 -0.113929 0.651572
v 0.026209 -0.113929 0.650782
v 0.025984 -0.113929 0.651572
v 0.025984 -0.113929 0.650782
v 0.025984 -0.113184 0.650782
v 0.026209 -0.113929 0.650782
v 0.025984 -0.113929 0.650782
v 0.026209 -0.113929 0.650782
v 0.025984 -0.113184 0.650782
v 0.026209 -0.113184 0.650782
v 0.025984 -0.113184 0.650782
v 0.026209 -0.113184 0.650264
v 0.026209 -0.113184 0.650782
v 0.026209 -0.113184 0.650264
v 0.025984 -0.113184 0.650782
v 0.025984 -0.113184 0.650264
v 0.039893 -0.119480 0.732258
v 0.039459 -0.119265 0.732778
v 0.039961 -0.119265 0.732429
v 0.039333 -0.119480 0.732647
v 0.039290 -0.119080 0.733917
v 0.039728 -0.118938 0.733561
v 0.039386 -0.119080 0.733414
v 0.039660 -0.118938 0.733917
v 0.039870 -0.119712 0.732199
v 0.040554 -0.119480 0.732121
v 0.040554 -0.119712 0.732058
v 0.040554 -0.119265 0.732307
v 0.040554 -0.118818 0.733917
v 0.040881 -0.118848 0.733577
v 0.040731 -0.118848 0.733472
v 0.039922 -0.118938 0.733260
v 0.039660 -0.119080 0.732987
v 0.042149 -0.119943 0.733230
v 0.041818 -0.119712 0.732602
v 0.042205 -0.119712 0.733205
v 0.041775 -0.119943 0.732647
v 0.039459 -0.120158 0.732778
v 0.038959 -0.119943 0.733230
v 0.039333 -0.119943 0.732647
v 0.039124 -0.120158 0.733301
v 0.040554 -0.118848 0.734398
v 0.040731 -0.118848 0.734361
v 0.038902 -0.119712 0.734628
v 0.039333 -0.119480 0.735187
v 0.038959 -0.119480 0.734604
v 0.039290 -0.119712 0.735231
v 0.040896 -0.118938 0.734776
v 0.040554 -0.118938 0.734846
v 0.041775 -0.119480 0.735187
v 0.041238 -0.119712 0.735634
v 0.041818 -0.119712 0.735231
v 0.041215 -0.119480 0.735576
v 0.040981 -0.118848 0.734101
v 0.041016 -0.118848 0.733917
v 0.040212 -0.118938 0.734776
v 0.040377 -0.118848 0.734361
v 0.042149 -0.119943 0.734604
v 0.042341 -0.119712 0.733917
v 0.042205 -0.119712 0.734628
v 0.042280 -0.119943 0.733917
v 0.039386 -0.119080 0.734420
v 0.039922 -0.118938 0.734574
v 0.039728 -0.118938 0.734272
v 0.039660 -0.119080 0.734846
v 0.038766 -0.119712 0.733917
v 0.038827 -0.119480 0.733917
v 0.038902 -0.119712 0.733205
v 0.038959 -0.119480 0.733230
v 0.039006 -0.120158 0.733917
v 0.038959 -0.119943 0.734604
v 0.038827 -0.119943 0.733917
v 0.039124 -0.120158 0.734533
v 0.039290 -0.119712 0.732602
v 0.039006 -0.119265 0.733917
v 0.039124 -0.119265 0.733301
v 0.040554 -0.119080 0.732602
v 0.040070 -0.119080 0.732702
v 0.040126 -0.118848 0.733733
v 0.040091 -0.118848 0.733917
v 0.039124 -0.119265 0.734533
v 0.040981 -0.118848 0.733733
v 0.039961 -0.120158 0.732429
v 0.040554 -0.119943 0.732121
v 0.040554 -0.120158 0.732307
v 0.039893 -0.119943 0.732258
v 0.041215 -0.119480 0.732258
v 0.041238 -0.119712 0.732199
v 0.041648 -0.119265 0.735055
v 0.041146 -0.119265 0.735404
v 0.041186 -0.118938 0.733260
v 0.041722 -0.119080 0.733414
v 0.041448 -0.119080 0.732987
v 0.041380 -0.118938 0.733561
v 0.041984 -0.119265 0.733301
v 0.041648 -0.119265 0.732778
v 0.042149 -0.119480 0.734604
v 0.042102 -0.119265 0.733917
v 0.041984 -0.119265 0.734533
v 0.042280 -0.119480 0.733917
v 0.040554 -0.118848 0.733436
v 0.039870 -0.119712 0.735634
v 0.039333 -0.119943 0.735187
v 0.039893 -0.119943 0.735576
v 0.041775 -0.119943 0.735187
v 0.040554 -0.119480 0.735712
v 0.040554 -0.119265 0.735527
v 0.040896 -0.118938 0.733058
v 0.039459 -0.119265 0.735055
v 0.039893 -0.119480 0.735576
v 0.039961 -0.119265 0.735404
v 0.039459 -0.120158 0.735055
v 0.041448 -0.119080 0.734846
v 0.041186 -0.118938 0.734574
v 0.041038 -0.119080 0.735131
v 0.040881 -0.118848 0.734257
v 0.040227 -0.118848 0.734257
v 0.040126 -0.118848 0.734101
v 0.041818 -0.119080 0.733917
v 0.041038 -0.119080 0.732702
v 0.040554 -0.118938 0.732987
v 0.040212 -0.118938 0.733058
v 0.041215 -0.119943 0.735576
v 0.040070 -0.119080 0.735131
v 0.042149 -0.119480 0.733230
v 0.040554 -0.120158 0.735527
v 0.040554 -0.119943 0.735712
v 0.039961 -0.120158 0.735404
v 0.040227 -0.118848 0.733577
v 0.041448 -0.118938 0.733917
v 0.041775 -0.119480 0.732647
v 0.041146 -0.119265 0.732429
v 0.041380 -0.118938 0.734272
v 0.040377 -0.118848 0.733472
v 0.041146 -0.120158 0.735404
v 0.041722 -0.119080 0.734420
v 0.042102 -0.120158 0.733917
v 0.041737 -0.120158 0.733714
v 0.041984 -0.120158 0.733301
v 0.041737 -0.120158 0.734298
v 0.041984 -0.120158 0.734533
v 0.040847 -0.120158 0.734298
v 0.040847 -0.120158 0.735188
v 0.041648 -0.120158 0.735055
v 0.040304 -0.120158 0.735188
v 0.039464 -0.120158 0.734298
v 0.040304 -0.120158 0.734298
v 0.040304 -0.120158 0.732738
v 0.040847 -0.120158 0.732738
v 0.040304 -0.120158 0.733714
v 0.039464 -0.120158 0.733714
v 0.041146 -0.120158 0.732429
v 0.041648 -0.120158 0.732778
v 0.040847 -0.120158 0.733714
v 0.040554 -0.119712 0.735776
v 0.040554 -0.119080 0.735231
v 0.041215 -0.119943 0.732258
v 0.040847 -0.119905 0.735188
v 0.040304 -0.119905 0.734298
v 0.040847 -0.119905 0.734298
v 0.040304 -0.119905 0.735188
v 0.041737 -0.119905 0.734298
v 0.040847 -0.119905 0.733714
v 0.041737 -0.119905 0.733714
v 0.040304 -0.119905 0.733714
v 0.039464 -0.119905 0.733714
v 0.039464 -0.119905 0.734298
v 0.040304 -0.119905 0.732738
v 0.040847 -0.119905 0.732738
v 0.039893 -0.119480 0.732258
v 0.039893 -0.119480 0.732258
v 0.040554 -0.119480 0.732121
v 0.039893 -0.119480 0.732258
v 0.039961 -0.119265 0.732429
v 0.039386 -0.119080 0.733414
v 0.039386 -0.119080 0.733414
v 0.039728 -0.118938 0.733561
v 0.040554 -0.118818 0.733917
v 0.040554 -0.118848 0.734398
v 0.040731 -0.118848 0.734361
v 0.040554 -0.118848 0.734398
v 0.040554 -0.118818 0.733917
v 0.040554 -0.118848 0.734398
v 0.040554 -0.118848 0.734398
v 0.040554 -0.118938 0.734846
v 0.038959 -0.119480 0.734604
v 0.038959 -0.119480 0.734604
v 0.038902 -0.119712 0.734628
v 0.038827 -0.119480 0.733917
v 0.038827 -0.119480 0.733917
v 0.038766 -0.119712 0.733917
v 0.039333 -0.119943 0.732647
v 0.038902 -0.119712 0.733205
v 0.038902 -0.119712 0.733205
v 0.039333 -0.119943 0.732647
v 0.038959 -0.119943 0.733230
v 0.039290 -0.119712 0.732602
v 0.038959 -0.119480 0.733230
v 0.039333 -0.119480 0.732647
v 0.038959 -0.119480 0.733230
v 0.039290 -0.119712 0.732602
v 0.038902 -0.119712 0.733205
v 0.039386 -0.119080 0.733414
v 0.039386 -0.119080 0.733414
v 0.039290 -0.119080 0.733917
v 0.039961 -0.119265 0.732429
v 0.040554 -0.119265 0.732307
v 0.039961 -0.119265 0.732429
v 0.039660 -0.118938 0.733917
v 0.039728 -0.118938 0.733561
v 0.039660 -0.118938 0.733917
v 0.038827 -0.119480 0.733917
v 0.039006 -0.119265 0.733917
v 0.038827 -0.119480 0.733917
v 0.038959 -0.119480 0.734604
v 0.040554 -0.118818 0.733917
v 0.040881 -0.118848 0.733577
v 0.040554 -0.119712 0.732058
v 0.040554 -0.119712 0.732058
v 0.040554 -0.119480 0.732121
v 0.040554 -0.118848 0.734398
v 0.040554 -0.118818 0.733917
v 0.040377 -0.118848 0.734361
v 0.041215 -0.119480 0.735576
v 0.041775 -0.119480 0.735187
v 0.041215 -0.119480 0.735576
v 0.041448 -0.119080 0.732987
v 0.041448 -0.119080 0.732987
v 0.041722 -0.119080 0.733414
v 0.040554 -0.118818 0.733917
v 0.040731 -0.118848 0.733472
v 0.041818 -0.119712 0.735231
v 0.042149 -0.119480 0.734604
v 0.041775 -0.119480 0.735187
v 0.042149 -0.119480 0.734604
v 0.041818 -0.119712 0.735231
v 0.042205 -0.119712 0.734628
v 0.039290 -0.119712 0.735231
v 0.042205 -0.119712 0.734628
v 0.041818 -0.119712 0.735231
v 0.042205 -0.119712 0.734628
v 0.042149 -0.119943 0.734604
v 0.041146 -0.119265 0.735404
v 0.041215 -0.119480 0.735576
v 0.041146 -0.119265 0.735404
v 0.040731 -0.118848 0.733472
v 0.041186 -0.118938 0.733260
v 0.041186 -0.118938 0.733260
v 0.040731 -0.118848 0.733472
v 0.040881 -0.118848 0.733577
v 0.039333 -0.119480 0.735187
v 0.039893 -0.119943 0.732258
v 0.040554 -0.119712 0.732058
v 0.040554 -0.119943 0.732121
v 0.040554 -0.119712 0.732058
v 0.039893 -0.119943 0.732258
v 0.039870 -0.119712 0.732199
v 0.039124 -0.120158 0.734533
v 0.039333 -0.119943 0.735187
v 0.038959 -0.119943 0.734604
v 0.039333 -0.119943 0.735187
v 0.039124 -0.120158 0.734533
v 0.040896 -0.118938 0.734776
v 0.040896 -0.118938 0.734776
v 0.040731 -0.118848 0.734361
v 0.041186 -0.118938 0.734574
v 0.041186 -0.118938 0.734574
v 0.040731 -0.118848 0.734361
v 0.040896 -0.118938 0.734776
v 0.040731 -0.118848 0.734361
v 0.040881 -0.118848 0.734257
v 0.040554 -0.118818 0.733917
v 0.039728 -0.118938 0.734272
v 0.039728 -0.118938 0.734272
v 0.039922 -0.118938 0.734574
v 0.039124 -0.119265 0.734533
v 0.039660 -0.119080 0.734846
v 0.039386 -0.119080 0.734420
v 0.039660 -0.119080 0.734846
v 0.039124 -0.119265 0.734533
v 0.039459 -0.119265 0.735055
v 0.039386 -0.119080 0.734420
v 0.039660 -0.118938 0.733917
v 0.039290 -0.119080 0.733917
v 0.039660 -0.118938 0.733917
v 0.039386 -0.119080 0.734420
v 0.039728 -0.118938 0.734272
v 0.041722 -0.119080 0.733414
v 0.042102 -0.119265 0.733917
v 0.041984 -0.119265 0.733301
v 0.042102 -0.119265 0.733917
v 0.041722 -0.119080 0.733414
v 0.040896 -0.118938 0.733058
v 0.041448 -0.119080 0.732987
v 0.041448 -0.119080 0.732987
v 0.040896 -0.118938 0.733058
v 0.041186 -0.118938 0.733260
v 0.040070 -0.119080 0.732702
v 0.040554 -0.119080 0.732602
v 0.040070 -0.119080 0.732702
v 0.041238 -0.119712 0.735634
v 0.041775 -0.119943 0.735187
v 0.041818 -0.119712 0.735231
v 0.041775 -0.119943 0.735187
v 0.041238 -0.119712 0.735634
v 0.039333 -0.119943 0.732647
v 0.039870 -0.119712 0.732199
v 0.039893 -0.119943 0.732258
v 0.039870 -0.119712 0.732199
v 0.039333 -0.119943 0.732647
v 0.039290 -0.119712 0.732602
v 0.039459 -0.119265 0.735055
v 0.039660 -0.119080 0.734846
v 0.039459 -0.119265 0.735055
v 0.039961 -0.119265 0.735404
v 0.042280 -0.119480 0.733917
v 0.041984 -0.119265 0.733301
v 0.042102 -0.119265 0.733917
v 0.041984 -0.119265 0.733301
v 0.042280 -0.119480 0.733917
v 0.040554 -0.118938 0.732987
v 0.041038 -0.119080 0.732702
v 0.040554 -0.119080 0.732602
v 0.041038 -0.119080 0.732702
v 0.040554 -0.118938 0.732987
v 0.040896 -0.118938 0.733058
v 0.041016 -0.118848 0.733917
v 0.040981 -0.118848 0.733733
v 0.040554 -0.118818 0.733917
v 0.039893 -0.119943 0.735576
v 0.039893 -0.119943 0.735576
v 0.038959 -0.119480 0.733230
v 0.039006 -0.119265 0.733917
v 0.039124 -0.119265 0.733301
v 0.039006 -0.119265 0.733917
v 0.038959 -0.119480 0.733230
v 0.038827 -0.119480 0.733917
v 0.040554 -0.118818 0.733917
v 0.040126 -0.118848 0.733733
v 0.040981 -0.118848 0.733733
v 0.041380 -0.118938 0.733561
v 0.040981 -0.118848 0.733733
v 0.041016 -0.118848 0.733917
v 0.041215 -0.119480 0.732258
v 0.041648 -0.119265 0.732778
v 0.041648 -0.119265 0.732778
v 0.041215 -0.119480 0.732258
v 0.041380 -0.118938 0.733561
v 0.041818 -0.119080 0.733917
v 0.041722 -0.119080 0.733414
v 0.041818 -0.119080 0.733917
v 0.041380 -0.118938 0.733561
v 0.041448 -0.118938 0.733917
v 0.039961 -0.119265 0.735404
v 0.040554 -0.119480 0.735712
v 0.040554 -0.119265 0.735527
v 0.040554 -0.119480 0.735712
v 0.039961 -0.119265 0.735404
v 0.039893 -0.119480 0.735576
v 0.040881 -0.118848 0.734257
v 0.040981 -0.118848 0.734101
v 0.040881 -0.118848 0.734257
v 0.041186 -0.118938 0.734574
v 0.040554 -0.118818 0.733917
v 0.040227 -0.118848 0.733577
v 0.040881 -0.118848 0.734257
v 0.040981 -0.118848 0.734101
v 0.040554 -0.118818 0.733917
v 0.040554 -0.119943 0.735712
v 0.041215 -0.119943 0.735576
v 0.040554 -0.119943 0.735712
v 0.040554 -0.120158 0.735527
v 0.042149 -0.119480 0.733230
v 0.041648 -0.119265 0.732778
v 0.041984 -0.119265 0.733301
v 0.041648 -0.119265 0.732778
v 0.042149 -0.119480 0.733230
v 0.041775 -0.119480 0.732647
v 0.040881 -0.118848 0.733577
v 0.041380 -0.118938 0.733561
v 0.041186 -0.118938 0.733260
v 0.041380 -0.118938 0.733561
v 0.040881 -0.118848 0.733577
v 0.040981 -0.118848 0.733733
v 0.041775 -0.119480 0.735187
v 0.041984 -0.119265 0.734533
v 0.041648 -0.119265 0.735055
v 0.041984 -0.119265 0.734533
v 0.041775 -0.119480 0.735187
v 0.042149 -0.119480 0.734604
v 0.039333 -0.119480 0.732647
v 0.039124 -0.119265 0.733301
v 0.039459 -0.119265 0.732778
v 0.039124 -0.119265 0.733301
v 0.039333 -0.119480 0.732647
v 0.038959 -0.119480 0.733230
v 0.039870 -0.119712 0.732199
v 0.039333 -0.119480 0.732647
v 0.039893 -0.119480 0.732258
v 0.039333 -0.119480 0.732647
v 0.039870 -0.119712 0.732199
v 0.039290 -0.119712 0.732602
v 0.040554 -0.119080 0.732602
v 0.041146 -0.119265 0.732429
v 0.040554 -0.119265 0.732307
v 0.041146 -0.119265 0.732429
v 0.040554 -0.119080 0.732602
v 0.041038 -0.119080 0.732702
v 0.041380 -0.118938 0.734272
v 0.041818 -0.119080 0.733917
v 0.041448 -0.118938 0.733917
v 0.041818 -0.119080 0.733917
v 0.041380 -0.118938 0.734272
v 0.040981 -0.118848 0.734101
v 0.041448 -0.118938 0.733917
v 0.041016 -0.118848 0.733917
v 0.041448 -0.118938 0.733917
v 0.040981 -0.118848 0.734101
v 0.041380 -0.118938 0.734272
v 0.041448 -0.119080 0.734846
v 0.041984 -0.119265 0.734533
v 0.041722 -0.119080 0.734420
v 0.041984 -0.119265 0.734533
v 0.041448 -0.119080 0.734846
v 0.041648 -0.119265 0.735055
v 0.041186 -0.118938 0.734574
v 0.041722 -0.119080 0.734420
v 0.041380 -0.118938 0.734272
v 0.041722 -0.119080 0.734420
v 0.041186 -0.118938 0.734574
v 0.041448 -0.119080 0.734846
v 0.041238 -0.119712 0.732199
v 0.041775 -0.119480 0.732647
v 0.041818 -0.119712 0.732602
v 0.041775 -0.119480 0.732647
v 0.041238 -0.119712 0.732199
v 0.041215 -0.119480 0.732258
v 0.041146 -0.120158 0.735404
v 0.041146 -0.120158 0.735404
v 0.039124 -0.120158 0.734533
v 0.039124 -0.120158 0.734533
v 0.039459 -0.120158 0.735055
v 0.039459 -0.120158 0.735055
v 0.039961 -0.120158 0.735404
v 0.039961 -0.120158 0.735404
v 0.041146 -0.120158 0.735404
v 0.039961 -0.120158 0.735404
v 0.041146 -0.120158 0.735404
v 0.040554 -0.120158 0.735527
v 0.039961 -0.120158 0.732429
v 0.039459 -0.120158 0.732778
v 0.039961 -0.120158 0.732429
v 0.039459 -0.120158 0.732778
v 0.039459 -0.120158 0.732778
v 0.039124 -0.120158 0.733301
v 0.039124 -0.120158 0.733301
v 0.039124 -0.120158 0.733301
v 0.039006 -0.120158 0.733917
v 0.039006 -0.120158 0.733917
v 0.039006 -0.120158 0.733917
v 0.039124 -0.120158 0.734533
v 0.039961 -0.120158 0.732429
v 0.040554 -0.120158 0.732307
v 0.039961 -0.120158 0.732429
v 0.039961 -0.120158 0.732429
v 0.040554 -0.119480 0.732121
v 0.041146 -0.119265 0.732429
v 0.041215 -0.119480 0.732258
v 0.041146 -0.119265 0.732429
v 0.040554 -0.119480 0.732121
v 0.040554 -0.119265 0.732307
v 0.041038 -0.119080 0.735131
v 0.041648 -0.119265 0.735055
v 0.041448 -0.119080 0.734846
v 0.041648 -0.119265 0.735055
v 0.041038 -0.119080 0.735131
v 0.041146 -0.119265 0.735404
v 0.042205 -0.119712 0.734628
v 0.042280 -0.119480 0.733917
v 0.042149 -0.119480 0.734604
v 0.042280 -0.119480 0.733917
v 0.042205 -0.119712 0.734628
v 0.042341 -0.119712 0.733917
v 0.039922 -0.118938 0.734574
v 0.040377 -0.118848 0.734361
v 0.040227 -0.118848 0.734257
v 0.040377 -0.118848 0.734361
v 0.039922 -0.118938 0.734574
v 0.040212 -0.118938 0.734776
v 0.039660 -0.119080 0.734846
v 0.040212 -0.118938 0.734776
v 0.039922 -0.118938 0.734574
v 0.040212 -0.118938 0.734776
v 0.039660 -0.119080 0.734846
v 0.040070 -0.119080 0.735131
v 0.039459 -0.120158 0.732778
v 0.039893 -0.119943 0.732258
v 0.039961 -0.120158 0.732429
v 0.039893 -0.119943 0.732258
v 0.039459 -0.120158 0.732778
v 0.039333 -0.119943 0.732647
v 0.039124 -0.120158 0.733301
v 0.038827 -0.119943 0.733917
v 0.038959 -0.119943 0.733230
v 0.038827 -0.119943 0.733917
v 0.039124 -0.120158 0.733301
v 0.039006 -0.120158 0.733917
v 0.041215 -0.119943 0.735576
v 0.041238 -0.119712 0.735634
v 0.041215 -0.119943 0.735576
v 0.040554 -0.119943 0.735712
v 0.041215 -0.119480 0.735576
v 0.040554 -0.119712 0.735776
v 0.041238 -0.119712 0.735634
v 0.040554 -0.119712 0.735776
v 0.041215 -0.119480 0.735576
v 0.040554 -0.119480 0.735712
v 0.040070 -0.119080 0.735131
v 0.040554 -0.118938 0.734846
v 0.040212 -0.118938 0.734776
v 0.040554 -0.118938 0.734846
v 0.040070 -0.119080 0.735131
v 0.039961 -0.119265 0.735404
v 0.040554 -0.119080 0.735231
v 0.040070 -0.119080 0.735131
v 0.040554 -0.119080 0.735231
v 0.039961 -0.119265 0.735404
v 0.040554 -0.119265 0.735527
v 0.039893 -0.119480 0.735576
v 0.040554 -0.119712 0.735776
v 0.040554 -0.119480 0.735712
v 0.040554 -0.119712 0.735776
v 0.039893 -0.119480 0.735576
v 0.039870 -0.119712 0.735634
v 0.042205 -0.119712 0.733205
v 0.041775 -0.119480 0.732647
v 0.042149 -0.119480 0.733230
v 0.041775 -0.119480 0.732647
v 0.042205 -0.119712 0.733205
v 0.041818 -0.119712 0.732602
v 0.041648 -0.120158 0.735055
v 0.042149 -0.119943 0.734604
v 0.041775 -0.119943 0.735187
v 0.042149 -0.119943 0.734604
v 0.041648 -0.120158 0.735055
v 0.041984 -0.120158 0.734533
v 0.039870 -0.119712 0.735634
v 0.040554 -0.119943 0.735712
v 0.040554 -0.119712 0.735776
v 0.040554 -0.119943 0.735712
v 0.039870 -0.119712 0.735634
v 0.039893 -0.119943 0.735576
v 0.040554 -0.118818 0.733917
v 0.040554 -0.118848 0.733436
v 0.040377 -0.118848 0.733472
v 0.039728 -0.118938 0.734272
v 0.040091 -0.118848 0.733917
v 0.039660 -0.118938 0.733917
v 0.040091 -0.118848 0.733917
v 0.039728 -0.118938 0.734272
v 0.040126 -0.118848 0.734101
v 0.040126 -0.118848 0.734101
v 0.040554 -0.118818 0.733917
v 0.040091 -0.118848 0.733917
v 0.040554 -0.118818 0.733917
v 0.040126 -0.118848 0.733733
v 0.040091 -0.118848 0.733917
v 0.039922 -0.118938 0.733260
v 0.040377 -0.118848 0.733472
v 0.040212 -0.118938 0.733058
v 0.040377 -0.118848 0.733472
v 0.039922 -0.118938 0.733260
v 0.040227 -0.118848 0.733577
v 0.039333 -0.119480 0.735187
v 0.039870 -0.119712 0.735634
v 0.039893 -0.119480 0.735576
v 0.039870 -0.119712 0.735634
v 0.039333 -0.119480 0.735187
v 0.039290 -0.119712 0.735231
v 0.041984 -0.120158 0.733301
v 0.041775 -0.119943 0.732647
v 0.042149 -0.119943 0.733230
v 0.041775 -0.119943 0.732647
v 0.041984 -0.120158 0.733301
v 0.041648 -0.120158 0.732778
v 0.042102 -0.120158 0.733917
v 0.042149 -0.119943 0.733230
v 0.042280 -0.119943 0.733917
v 0.042149 -0.119943 0.733230
v 0.042102 -0.120158 0.733917
v 0.041984 -0.120158 0.733301
v 0.039728 -0.118938 0.733561
v 0.040227 -0.118848 0.733577
v 0.039922 -0.118938 0.733260
v 0.040227 -0.118848 0.733577
v 0.039728 -0.118938 0.733561
v 0.040126 -0.118848 0.733733
v 0.042341 -0.119712 0.733917
v 0.042149 -0.119480 0.733230
v 0.042280 -0.119480 0.733917
v 0.042149 -0.119480 0.733230
v 0.042341 -0.119712 0.733917
v 0.042205 -0.119712 0.733205
v 0.041038 -0.119080 0.732702
v 0.041648 -0.119265 0.732778
v 0.041146 -0.119265 0.732429
v 0.041648 -0.119265 0.732778
v 0.041038 -0.119080 0.732702
v 0.041448 -0.119080 0.732987
v 0.040554 -0.119712 0.732058
v 0.041238 -0.119712 0.732199
v 0.040554 -0.119712 0.732058
v 0.040554 -0.119943 0.732121
v 0.040212 -0.118938 0.733058
v 0.040554 -0.118848 0.733436
v 0.040554 -0.118938 0.732987
v 0.040554 -0.118848 0.733436
v 0.040212 -0.118938 0.733058
v 0.040377 -0.118848 0.733472
v 0.041146 -0.120158 0.732429
v 0.040554 -0.119943 0.732121
v 0.041215 -0.119943 0.732258
v 0.040554 -0.119943 0.732121
v 0.041146 -0.120158 0.732429
v 0.040554 -0.120158 0.732307
v 0.039893 -0.119943 0.735576
v 0.039459 -0.120158 0.735055
v 0.039961 -0.120158 0.735404
v 0.039459 -0.120158 0.735055
v 0.039893 -0.119943 0.735576
v 0.039333 -0.119943 0.735187
v 0.038959 -0.119480 0.734604
v 0.039459 -0.119265 0.735055
v 0.039124 -0.119265 0.734533
v 0.039459 -0.119265 0.735055
v 0.038959 -0.119480 0.734604
v 0.039333 -0.119480 0.735187
v 0.041775 -0.119943 0.732647
v 0.041238 -0.119712 0.732199
v 0.041818 -0.119712 0.732602
v 0.041238 -0.119712 0.732199
v 0.041775 -0.119943 0.732647
v 0.041215 -0.119943 0.732258
v 0.039124 -0.119265 0.733301
v 0.039660 -0.119080 0.732987
v 0.039459 -0.119265 0.732778
v 0.039660 -0.119080 0.732987
v 0.039124 -0.119265 0.733301
v 0.039386 -0.119080 0.733414
v 0.040554 -0.119080 0.735231
v 0.041146 -0.119265 0.735404
v 0.041038 -0.119080 0.735131
v 0.041146 -0.119265 0.735404
v 0.040554 -0.119080 0.735231
v 0.040554 -0.119265 0.735527
v 0.040554 -0.118938 0.734846
v 0.041038 -0.119080 0.735131
v 0.040896 -0.118938 0.734776
v 0.041038 -0.119080 0.735131
v 0.040554 -0.118938 0.734846
v 0.040554 -0.119080 0.735231
v 0.041984 -0.120158 0.734533
v 0.042280 -0.119943 0.733917
v 0.042149 -0.119943 0.734604
v 0.042280 -0.119943 0.733917
v 0.041984 -0.120158 0.734533
v 0.042102 -0.120158 0.733917
v 0.039459 -0.119265 0.732778
v 0.040070 -0.119080 0.732702
v 0.039961 -0.119265 0.732429
v 0.040070 -0.119080 0.732702
v 0.039459 -0.119265 0.732778
v 0.039660 -0.119080 0.732987
v 0.041648 -0.120158 0.732778
v 0.041215 -0.119943 0.732258
v 0.041775 -0.119943 0.732647
v 0.041215 -0.119943 0.732258
v 0.041648 -0.120158 0.732778
v 0.041146 -0.120158 0.732429
v 0.042280 -0.119943 0.733917
v 0.042205 -0.119712 0.733205
v 0.042341 -0.119712 0.733917
v 0.042205 -0.119712 0.733205
v 0.042280 -0.119943 0.733917
v 0.042149 -0.119943 0.733230
v 0.039124 -0.119265 0.734533
v 0.039290 -0.119080 0.733917
v 0.039006 -0.119265 0.733917
v 0.039290 -0.119080 0.733917
v 0.039124 -0.119265 0.734533
v 0.039386 -0.119080 0.734420
v 0.038827 -0.119943 0.733917
v 0.038902 -0.119712 0.734628
v 0.038766 -0.119712 0.733917
v 0.038902 -0.119712 0.734628
v 0.038827 -0.119943 0.733917
v 0.038959 -0.119943 0.734604
v 0.039660 -0.119080 0.732987
v 0.040212 -0.118938 0.733058
v 0.040070 -0.119080 0.732702
v 0.040212 -0.118938 0.733058
v 0.039660 -0.119080 0.732987
v 0.039922 -0.118938 0.733260
v 0.038959 -0.119943 0.733230
v 0.038766 -0.119712 0.733917
v 0.038902 -0.119712 0.733205
v 0.038766 -0.119712 0.733917
v 0.038959 -0.119943 0.733230
v 0.038827 -0.119943 0.733917
v 0.041722 -0.119080 0.734420
v 0.042102 -0.119265 0.733917
v 0.041818 -0.119080 0.733917
v 0.042102 -0.119265 0.733917
v 0.041722 -0.119080 0.734420
v 0.041984 -0.119265 0.734533
v 0.040227 -0.118848 0.734257
v 0.040554 -0.118818 0.733917
v 0.040126 -0.118848 0.734101
v 0.040377 -0.118848 0.734361
v 0.040554 -0.118818 0.733917
v 0.040227 -0.118848 0.734257
v 0.038959 -0.119943 0.734604
v 0.039290 -0.119712 0.735231
v 0.038902 -0.119712 0.734628
v 0.039290 -0.119712 0.735231
v 0.038959 -0.119943 0.734604
v 0.039333 -0.119943 0.735187
v 0.040554 -0.118848 0.733436
v 0.040896 -0.118938 0.733058
v 0.040554 -0.118938 0.732987
v 0.040896 -0.118938 0.733058
v 0.040554 -0.118848 0.733436
v 0.040731 -0.118848 0.733472
v 0.041215 -0.119943 0.735576
v 0.041648 -0.120158 0.735055
v 0.041775 -0.119943 0.735187
v 0.041648 -0.120158 0.735055
v 0.041215 -0.119943 0.735576
v 0.041146 -0.120158 0.735404
v 0.039464 -0.119905 0.733714
v 0.040304 -0.120158 0.733714
v 0.040304 -0.119905 0.733714
v 0.040304 -0.120158 0.733714
v 0.039464 -0.119905 0.733714
v 0.039464 -0.120158 0.733714
v 0.040304 -0.120158 0.733714
v 0.040304 -0.119905 0.732738
v 0.040304 -0.119905 0.733714
v 0.040304 -0.119905 0.732738
v 0.040304 -0.120158 0.733714
v 0.040304 -0.120158 0.732738
v 0.040304 -0.119905 0.732738
v 0.040847 -0.120158 0.732738
v 0.040847 -0.119905 0.732738
v 0.040847 -0.120158 0.732738
v 0.040304 -0.119905 0.732738
v 0.040304 -0.120158 0.732738
v 0.040847 -0.120158 0.732738
v 0.040847 -0.119905 0.733714
v 0.040847 -0.119905 0.732738
v 0.040847 -0.119905 0.733714
v 0.040847 -0.120158 0.732738
v 0.040847 -0.120158 0.733714
v 0.040847 -0.119905 0.733714
v 0.041737 -0.120158 0.733714
v 0.041737 -0.119905 0.733714
v 0.041737 -0.120158 0.733714
v 0.040847 -0.119905 0.733714
v 0.040847 -0.120158 0.733714
v 0.041737 -0.120158 0.733714
v 0.041737 -0.119905 0.734298
v 0.041737 -0.119905 0.733714
v 0.041737 -0.119905 0.734298
v 0.041737 -0.120158 0.733714
v 0.041737 -0.120158 0.734298
v 0.040847 -0.120158 0.734298
v 0.041737 -0.119905 0.734298
v 0.041737 -0.120158 0.734298
v 0.041737 -0.119905 0.734298
v 0.040847 -0.120158 0.734298
v 0.040847 -0.119905 0.734298
v 0.040847 -0.120158 0.734298
v 0.040847 -0.119905 0.735188
v 0.040847 -0.119905 0.734298
v 0.040847 -0.119905 0.735188
v 0.040847 -0.120158 0.734298
v 0.040847 -0.120158 0.735188
v 0.040304 -0.120158 0.735188
v 0.040847 -0.119905 0.735188
v 0.040847 -0.120158 0.735188
v 0.040847 -0.119905 0.735188
v 0.040304 -0.120158 0.735188
v 0.040304 -0.119905 0.735188
v 0.040304 -0.120158 0.735188
v 0.040304 -0.119905 0.734298
v 0.040304 -0.119905 0.735188
v 0.040304 -0.119905 0.734298
v 0.040304 -0.120158 0.735188
v 0.040304 -0.120158 0.734298
v 0.039464 -0.120158 0.734298
v 0.040304 -0.119905 0.734298
v 0.040304 -0.120158 0.734298
v 0.040304 -0.119905 0.734298
v 0.039464 -0.120158 0.734298
v 0.039464 -0.119905 0.734298
v 0.039464 -0.120158 0.734298
v 0.039464 -0.119905 0.733714
v 0.039464 -0.119905 0.734298
v 0.039464 -0.119905 0.733714
v 0.039464 -0.120158 0.734298
v 0.039464 -0.120158 0.733714
v 0.028790 -0.119823 0.606365
v 0.028486 -0.119705 0.606579
v 0.028802 -0.119705 0.606466
v 0.028438 -0.119823 0.606492
v 0.028234 -0.119603 0.607159
v 0.028517 -0.119525 0.607033
v 0.028357 -0.119603 0.606906
v 0.028431 -0.119525 0.607212
v 0.028786 -0.119951 0.606331
v 0.029160 -0.119823 0.606386
v 0.029169 -0.119951 0.606353
v 0.029134 -0.119705 0.606485
v 0.028905 -0.119460 0.607339
v 0.029127 -0.119476 0.607205
v 0.029062 -0.119476 0.607128
v 0.028663 -0.119525 0.606900
v 0.028563 -0.119603 0.606719
v 0.029849 -0.120078 0.607201
v 0.029763 -0.119951 0.606821
v 0.029882 -0.119951 0.607196
v 0.029733 -0.120078 0.606839
v 0.028486 -0.120196 0.606579
v 0.028156 -0.120078 0.606748
v 0.028438 -0.120078 0.606492
v 0.028234 -0.120196 0.606809
v 0.028837 -0.119476 0.607594
v 0.028936 -0.119476 0.607600
v 0.027928 -0.119951 0.607482
v 0.028077 -0.119823 0.607839
v 0.027961 -0.119823 0.607477
v 0.028047 -0.119951 0.607857
v 0.028964 -0.119525 0.607843
v 0.028773 -0.119525 0.607832
v 0.029372 -0.119823 0.608186
v 0.029024 -0.119951 0.608348
v 0.029389 -0.119951 0.608216
v 0.029020 -0.119823 0.608313
v 0.029106 -0.119476 0.607498
v 0.029150 -0.119476 0.607405
v 0.028601 -0.119525 0.607746
v 0.028748 -0.119476 0.607550
v 0.029654 -0.120078 0.607930
v 0.029853 -0.119951 0.607593
v 0.029680 -0.119951 0.607951
v 0.029821 -0.120078 0.607585
v 0.028214 -0.119603 0.607440
v 0.028476 -0.119525 0.607598
v 0.028416 -0.119525 0.607410
v 0.028299 -0.119603 0.607705
v 0.027957 -0.119951 0.607085
v 0.027989 -0.119823 0.607094
v 0.028130 -0.119951 0.606727
v 0.028156 -0.119823 0.606748
v 0.028084 -0.120196 0.607119
v 0.027961 -0.120078 0.607477
v 0.027989 -0.120078 0.607094
v 0.028059 -0.120196 0.607463
v 0.028421 -0.119951 0.606462
v 0.028084 -0.119705 0.607119
v 0.028234 -0.119705 0.606809
v 0.029092 -0.119603 0.606642
v 0.028821 -0.119603 0.606626
v 0.028704 -0.119476 0.607181
v 0.028660 -0.119476 0.607273
v 0.028059 -0.119705 0.607463
v 0.029158 -0.119476 0.607302
v 0.028802 -0.120196 0.606466
v 0.029160 -0.120078 0.606386
v 0.029134 -0.120196 0.606485
v 0.028790 -0.120078 0.606365
v 0.029491 -0.119823 0.606553
v 0.029512 -0.119951 0.606525
v 0.029324 -0.119705 0.608099
v 0.029008 -0.119705 0.608212
v 0.029334 -0.119525 0.607080
v 0.029596 -0.119603 0.607238
v 0.029511 -0.119603 0.606973
v 0.029394 -0.119525 0.607268
v 0.029751 -0.119705 0.607215
v 0.029648 -0.119705 0.606891
v 0.029654 -0.119823 0.607930
v 0.029726 -0.119705 0.607559
v 0.029576 -0.119705 0.607869
v 0.029821 -0.119823 0.607585
v 0.028973 -0.119476 0.607084
v 0.028298 -0.119951 0.608153
v 0.028077 -0.120078 0.607839
v 0.028319 -0.120078 0.608125
v 0.029372 -0.120078 0.608186
v 0.028650 -0.119823 0.608292
v 0.028676 -0.119705 0.608193
v 0.029209 -0.119525 0.606932
v 0.028162 -0.119705 0.607787
v 0.028319 -0.119823 0.608125
v 0.028379 -0.119705 0.608044
v 0.028162 -0.120196 0.607787
v 0.029247 -0.119603 0.607959
v 0.029147 -0.119525 0.607778
v 0.028989 -0.119603 0.608052
v 0.029030 -0.119476 0.607566
v 0.028683 -0.119476 0.607473
v 0.028652 -0.119476 0.607376
v 0.029576 -0.119603 0.607519
v 0.029334 -0.119603 0.606763
v 0.029037 -0.119525 0.606846
v 0.028846 -0.119525 0.606835
v 0.029020 -0.120078 0.608313
v 0.028476 -0.119603 0.607915
v 0.029849 -0.119823 0.607201
v 0.028676 -0.120196 0.608193
v 0.028650 -0.120078 0.608292
v 0.028379 -0.120196 0.608044
v 0.028780 -0.119476 0.607112
v 0.029379 -0.119525 0.607466
v 0.029733 -0.119823 0.606839
v 0.029431 -0.119705 0.606634
v 0.029293 -0.119525 0.607645
v 0.028874 -0.119476 0.607078
v 0.029008 -0.120196 0.608212
v 0.029453 -0.119603 0.607772
v 0.029726 -0.120196 0.607559
v 0.029562 -0.120196 0.607400
v 0.029751 -0.120196 0.607215
v 0.029479 -0.120196 0.607709
v 0.029576 -0.120196 0.607869
v 0.029007 -0.120196 0.607583
v 0.028880 -0.120196 0.608055
v 0.029324 -0.120196 0.608099
v 0.028592 -0.120196 0.607978
v 0.028272 -0.120196 0.607386
v 0.028718 -0.120196 0.607506
v 0.028940 -0.120196 0.606678
v 0.029228 -0.120196 0.606755
v 0.028801 -0.120196 0.607196
v 0.028355 -0.120196 0.607076
v 0.029431 -0.120196 0.606634
v 0.029648 -0.120196 0.606891
v 0.029090 -0.120196 0.607273
v 0.028641 -0.119951 0.608325
v 0.028718 -0.119603 0.608037
v 0.029491 -0.120078 0.606553
v 0.028880 -0.120057 0.608055
v 0.028718 -0.120057 0.607506
v 0.029007 -0.120057 0.607583
v 0.028592 -0.120057 0.607978
v 0.029479 -0.120057 0.607709
v 0.029090 -0.120057 0.607273
v 0.029562 -0.120057 0.607400
v 0.028801 -0.120057 0.607196
v 0.028355 -0.120057 0.607076
v 0.028272 -0.120057 0.607386
v 0.028940 -0.120057 0.606678
v 0.029228 -0.120057 0.606755
v 0.028790 -0.119823 0.606365
v 0.028790 -0.119823 0.606365
v 0.029160 -0.119823 0.606386
v 0.028790 -0.119823 0.606365
v 0.028802 -0.119705 0.606466
v 0.028357 -0.119603 0.606906
v 0.028357 -0.119603 0.606906
v 0.028517 -0.119525 0.607033
v 0.028905 -0.119460 0.607339
v 0.028837 -0.119476 0.607594
v 0.028936 -0.119476 0.607600
v 0.028837 -0.119476 0.607594
v 0.028905 -0.119460 0.607339
v 0.028837 -0.119476 0.607594
v 0.028837 -0.119476 0.607594
v 0.028773 -0.119525 0.607832
v 0.027961 -0.119823 0.607477
v 0.027961 -0.119823 0.607477
v 0.027928 -0.119951 0.607482
v 0.027989 -0.119823 0.607094
v 0.027989 -0.119823 0.607094
v 0.027957 -0.119951 0.607085
v 0.028438 -0.120078 0.606492
v 0.028130 -0.119951 0.606727
v 0.028130 -0.119951 0.606727
v 0.028438 -0.120078 0.606492
v 0.028156 -0.120078 0.606748
v 0.028421 -0.119951 0.606462
v 0.028156 -0.119823 0.606748
v 0.028438 -0.119823 0.606492
v 0.028156 -0.119823 0.606748
v 0.028421 -0.119951 0.606462
v 0.028130 -0.119951 0.606727
v 0.028357 -0.119603 0.606906
v 0.028357 -0.119603 0.606906
v 0.028234 -0.119603 0.607159
v 0.028802 -0.119705 0.606466
v 0.029134 -0.119705 0.606485
v 0.028802 -0.119705 0.606466
v 0.028431 -0.119525 0.607212
v 0.028517 -0.119525 0.607033
v 0.028431 -0.119525 0.607212
v 0.027989 -0.119823 0.607094
v 0.028084 -0.119705 0.607119
v 0.027989 -0.119823 0.607094
v 0.027961 -0.119823 0.607477
v 0.028905 -0.119460 0.607339
v 0.029127 -0.119476 0.607205
v 0.029169 -0.119951 0.606353
v 0.029169 -0.119951 0.606353
v 0.029160 -0.119823 0.606386
v 0.028837 -0.119476 0.607594
v 0.028905 -0.119460 0.607339
v 0.028748 -0.119476 0.607550
v 0.029020 -0.119823 0.608313
v 0.029372 -0.119823 0.608186
v 0.029020 -0.119823 0.608313
v 0.029511 -0.119603 0.606973
v 0.029511 -0.119603 0.606973
v 0.029596 -0.119603 0.607238
v 0.028905 -0.119460 0.607339
v 0.029062 -0.119476 0.607128
v 0.029389 -0.119951 0.608216
v 0.029654 -0.119823 0.607930
v 0.029372 -0.119823 0.608186
v 0.029654 -0.119823 0.607930
v 0.029389 -0.119951 0.608216
v 0.029680 -0.119951 0.607951
v 0.028047 -0.119951 0.607857
v 0.029680 -0.119951 0.607951
v 0.029389 -0.119951 0.608216
v 0.029680 -0.119951 0.607951
v 0.029654 -0.120078 0.607930
v 0.029008 -0.119705 0.608212
v 0.029020 -0.119823 0.608313
v 0.029008 -0.119705 0.608212
v 0.029062 -0.119476 0.607128
v 0.029334 -0.119525 0.607080
v 0.029334 -0.119525 0.607080
v 0.029062 -0.119476 0.607128
v 0.029127 -0.119476 0.607205
v 0.028077 -0.119823 0.607839
v 0.028790 -0.120078 0.606365
v 0.029169 -0.119951 0.606353
v 0.029160 -0.120078 0.606386
v 0.029169 -0.119951 0.606353
v 0.028790 -0.120078 0.606365
v 0.028786 -0.119951 0.606331
v 0.028059 -0.120196 0.607463
v 0.028077 -0.120078 0.607839
v 0.027961 -0.120078 0.607477
v 0.028077 -0.120078 0.607839
v 0.028059 -0.120196 0.607463
v 0.028964 -0.119525 0.607843
v 0.028964 -0.119525 0.607843
v 0.028936 -0.119476 0.607600
v 0.029147 -0.119525 0.607778
v 0.029147 -0.119525 0.607778
v 0.028936 -0.119476 0.607600
v 0.028964 -0.119525 0.607843
v 0.028936 -0.119476 0.607600
v 0.029030 -0.119476 0.607566
v 0.028905 -0.119460 0.607339
v 0.028416 -0.119525 0.607410
v 0.028416 -0.119525 0.607410
v 0.028476 -0.119525 0.607598
v 0.028059 -0.119705 0.607463
v 0.028299 -0.119603 0.607705
v 0.028214 -0.119603 0.607440
v 0.028299 -0.119603 0.607705
v 0.028059 -0.119705 0.607463
v 0.028162 -0.119705 0.607787
v 0.028214 -0.119603 0.607440
v 0.028431 -0.119525 0.607212
v 0.028234 -0.119603 0.607159
v 0.028431 -0.119525 0.607212
v 0.028214 -0.119603 0.607440
v 0.028416 -0.119525 0.607410
v 0.029596 -0.119603 0.607238
v 0.029726 -0.119705 0.607559
v 0.029751 -0.119705 0.607215
v 0.029726 -0.119705 0.607559
v 0.029596 -0.119603 0.607238
v 0.029209 -0.119525 0.606932
v 0.029511 -0.119603 0.606973
v 0.029511 -0.119603 0.606973
v 0.029209 -0.119525 0.606932
v 0.029334 -0.119525 0.607080
v 0.028821 -0.119603 0.606626
v 0.029092 -0.119603 0.606642
v 0.028821 -0.119603 0.606626
v 0.029024 -0.119951 0.608348
v 0.029372 -0.120078 0.608186
v 0.029389 -0.119951 0.608216
v 0.029372 -0.120078 0.608186
v 0.029024 -0.119951 0.608348
v 0.028438 -0.120078 0.606492
v 0.028786 -0.119951 0.606331
v 0.028790 -0.120078 0.606365
v 0.028786 -0.119951 0.606331
v 0.028438 -0.120078 0.606492
v 0.028421 -0.119951 0.606462
v 0.028162 -0.119705 0.607787
v 0.028299 -0.119603 0.607705
v 0.028162 -0.119705 0.607787
v 0.028379 -0.119705 0.608044
v 0.029821 -0.119823 0.607585
v 0.029751 -0.119705 0.607215
v 0.029726 -0.119705 0.607559
v 0.029751 -0.119705 0.607215
v 0.029821 -0.119823 0.607585
v 0.029037 -0.119525 0.606846
v 0.029334 -0.119603 0.606763
v 0.029092 -0.119603 0.606642
v 0.029334 -0.119603 0.606763
v 0.029037 -0.119525 0.606846
v 0.029209 -0.119525 0.606932
v 0.029150 -0.119476 0.607405
v 0.029158 -0.119476 0.607302
v 0.028905 -0.119460 0.607339
v 0.028319 -0.120078 0.608125
v 0.028319 -0.120078 0.608125
v 0.028156 -0.119823 0.606748
v 0.028084 -0.119705 0.607119
v 0.028234 -0.119705 0.606809
v 0.028084 -0.119705 0.607119
v 0.028156 -0.119823 0.606748
v 0.027989 -0.119823 0.607094
v 0.028905 -0.119460 0.607339
v 0.028704 -0.119476 0.607181
v 0.029158 -0.119476 0.607302
v 0.029394 -0.119525 0.607268
v 0.029158 -0.119476 0.607302
v 0.029150 -0.119476 0.607405
v 0.029491 -0.119823 0.606553
v 0.029648 -0.119705 0.606891
v 0.029648 -0.119705 0.606891
v 0.029491 -0.119823 0.606553
v 0.029394 -0.119525 0.607268
v 0.029576 -0.119603 0.607519
v 0.029596 -0.119603 0.607238
v 0.029576 -0.119603 0.607519
v 0.029394 -0.119525 0.607268
v 0.029379 -0.119525 0.607466
v 0.028379 -0.119705 0.608044
v 0.028650 -0.119823 0.608292
v 0.028676 -0.119705 0.608193
v 0.028650 -0.119823 0.608292
v 0.028379 -0.119705 0.608044
v 0.028319 -0.119823 0.608125
v 0.029030 -0.119476 0.607566
v 0.029106 -0.119476 0.607498
v 0.029030 -0.119476 0.607566
v 0.029147 -0.119525 0.607778
v 0.028905 -0.119460 0.607339
v 0.028780 -0.119476 0.607112
v 0.029030 -0.119476 0.607566
v 0.029106 -0.119476 0.607498
v 0.028905 -0.119460 0.607339
v 0.028650 -0.120078 0.608292
v 0.029020 -0.120078 0.608313
v 0.028650 -0.120078 0.608292
v 0.028676 -0.120196 0.608193
v 0.029849 -0.119823 0.607201
v 0.029648 -0.119705 0.606891
v 0.029751 -0.119705 0.607215
v 0.029648 -0.119705 0.606891
v 0.029849 -0.119823 0.607201
v 0.029733 -0.119823 0.606839
v 0.029127 -0.119476 0.607205
v 0.029394 -0.119525 0.607268
v 0.029334 -0.119525 0.607080
v 0.029394 -0.119525 0.607268
v 0.029127 -0.119476 0.607205
v 0.029158 -0.119476 0.607302
v 0.029372 -0.119823 0.608186
v 0.029576 -0.119705 0.607869
v 0.029324 -0.119705 0.608099
v 0.029576 -0.119705 0.607869
v 0.029372 -0.119823 0.608186
v 0.029654 -0.119823 0.607930
v 0.028438 -0.119823 0.606492
v 0.028234 -0.119705 0.606809
v 0.028486 -0.119705 0.606579
v 0.028234 -0.119705 0.606809
v 0.028438 -0.119823 0.606492
v 0.028156 -0.119823 0.606748
v 0.028786 -0.119951 0.606331
v 0.028438 -0.119823 0.606492
v 0.028790 -0.119823 0.606365
v 0.028438 -0.119823 0.606492
v 0.028786 -0.119951 0.606331
v 0.028421 -0.119951 0.606462
v 0.029092 -0.119603 0.606642
v 0.029431 -0.119705 0.606634
v 0.029134 -0.119705 0.606485
v 0.029431 -0.119705 0.606634
v 0.029092 -0.119603 0.606642
v 0.029334 -0.119603 0.606763
v 0.029293 -0.119525 0.607645
v 0.029576 -0.119603 0.607519
v 0.029379 -0.119525 0.607466
v 0.029576 -0.119603 0.607519
v 0.029293 -0.119525 0.607645
v 0.029106 -0.119476 0.607498
v 0.029379 -0.119525 0.607466
v 0.029150 -0.119476 0.607405
v 0.029379 -0.119525 0.607466
v 0.029106 -0.119476 0.607498
v 0.029293 -0.119525 0.607645
v 0.029247 -0.119603 0.607959
v 0.029576 -0.119705 0.607869
v 0.029453 -0.119603 0.607772
v 0.029576 -0.119705 0.607869
v 0.029247 -0.119603 0.607959
v 0.029324 -0.119705 0.608099
v 0.029147 -0.119525 0.607778
v 0.029453 -0.119603 0.607772
v 0.029293 -0.119525 0.607645
v 0.029453 -0.119603 0.607772
v 0.029147 -0.119525 0.607778
v 0.029247 -0.119603 0.607959
v 0.029512 -0.119951 0.606525
v 0.029733 -0.119823 0.606839
v 0.029763 -0.119951 0.606821
v 0.029733 -0.119823 0.606839
v 0.029512 -0.119951 0.606525
v 0.029491 -0.119823 0.606553
v 0.029008 -0.120196 0.608212
v 0.029008 -0.120196 0.608212
v 0.028059 -0.120196 0.607463
v 0.028059 -0.120196 0.607463
v 0.028162 -0.120196 0.607787
v 0.028162 -0.120196 0.607787
v 0.028379 -0.120196 0.608044
v 0.028379 -0.120196 0.608044
v 0.029008 -0.120196 0.608212
v 0.028379 -0.120196 0.608044
v 0.029008 -0.120196 0.608212
v 0.028676 -0.120196 0.608193
v 0.028802 -0.120196 0.606466
v 0.028486 -0.120196 0.606579
v 0.028802 -0.120196 0.606466
v 0.028486 -0.120196 0.606579
v 0.028486 -0.120196 0.606579
v 0.028234 -0.120196 0.606809
v 0.028234 -0.120196 0.606809
v 0.028234 -0.120196 0.606809
v 0.028084 -0.120196 0.607119
v 0.028084 -0.120196 0.607119
v 0.028084 -0.120196 0.607119
v 0.028059 -0.120196 0.607463
v 0.028802 -0.120196 0.606466
v 0.029134 -0.120196 0.606485
v 0.028802 -0.120196 0.606466
v 0.028802 -0.120196 0.606466
v 0.029160 -0.119823 0.606386
v 0.029431 -0.119705 0.606634
v 0.029491 -0.119823 0.606553
v 0.029431 -0.119705 0.606634
v 0.029160 -0.119823 0.606386
v 0.029134 -0.119705 0.606485
v 0.028989 -0.119603 0.608052
v 0.029324 -0.119705 0.608099
v 0.029247 -0.119603 0.607959
v 0.029324 -0.119705 0.608099
v 0.028989 -0.119603 0.608052
v 0.029008 -0.119705 0.608212
v 0.029680 -0.119951 0.607951
v 0.029821 -0.119823 0.607585
v 0.029654 -0.119823 0.607930
v 0.029821 -0.119823 0.607585
v 0.029680 -0.119951 0.607951
v 0.029853 -0.119951 0.607593
v 0.028476 -0.119525 0.607598
v 0.028748 -0.119476 0.607550
v 0.028683 -0.119476 0.607473
v 0.028748 -0.119476 0.607550
v 0.028476 -0.119525 0.607598
v 0.028601 -0.119525 0.607746
v 0.028299 -0.119603 0.607705
v 0.028601 -0.119525 0.607746
v 0.028476 -0.119525 0.607598
v 0.028601 -0.119525 0.607746
v 0.028299 -0.119603 0.607705
v 0.028476 -0.119603 0.607915
v 0.028486 -0.120196 0.606579
v 0.028790 -0.120078 0.606365
v 0.028802 -0.120196 0.606466
v 0.028790 -0.120078 0.606365
v 0.028486 -0.120196 0.606579
v 0.028438 -0.120078 0.606492
v 0.028234 -0.120196 0.606809
v 0.027989 -0.120078 0.607094
v 0.028156 -0.120078 0.606748
v 0.027989 -0.120078 0.607094
v 0.028234 -0.120196 0.606809
v 0.028084 -0.120196 0.607119
v 0.029020 -0.120078 0.608313
v 0.029024 -0.119951 0.608348
v 0.029020 -0.120078 0.608313
v 0.028650 -0.120078 0.608292
v 0.029020 -0.119823 0.608313
v 0.028641 -0.119951 0.608325
v 0.029024 -0.119951 0.608348
v 0.028641 -0.119951 0.608325
v 0.029020 -0.119823 0.608313
v 0.028650 -0.119823 0.608292
v 0.028476 -0.119603 0.607915
v 0.028773 -0.119525 0.607832
v 0.028601 -0.119525 0.607746
v 0.028773 -0.119525 0.607832
v 0.028476 -0.119603 0.607915
v 0.028379 -0.119705 0.608044
v 0.028718 -0.119603 0.608037
v 0.028476 -0.119603 0.607915
v 0.028718 -0.119603 0.608037
v 0.028379 -0.119705 0.608044
v 0.028676 -0.119705 0.608193
v 0.028319 -0.119823 0.608125
v 0.028641 -0.119951 0.608325
v 0.028650 -0.119823 0.608292
v 0.028641 -0.119951 0.608325
v 0.028319 -0.119823 0.608125
v 0.028298 -0.119951 0.608153
v 0.029882 -0.119951 0.607196
v 0.029733 -0.119823 0.606839
v 0.029849 -0.119823 0.607201
v 0.029733 -0.119823 0.606839
v 0.029882 -0.119951 0.607196
v 0.029763 -0.119951 0.606821
v 0.029324 -0.120196 0.608099
v 0.029654 -0.120078 0.607930
v 0.029372 -0.120078 0.608186
v 0.029654 -0.120078 0.607930
v 0.029324 -0.120196 0.608099
v 0.029576 -0.120196 0.607869
v 0.028298 -0.119951 0.608153
v 0.028650 -0.120078 0.608292
v 0.028641 -0.119951 0.608325
v 0.028650 -0.120078 0.608292
v 0.028298 -0.119951 0.608153
v 0.028319 -0.120078 0.608125
v 0.028905 -0.119460 0.607339
v 0.028973 -0.119476 0.607084
v 0.028874 -0.119476 0.607078
v 0.028416 -0.119525 0.607410
v 0.028660 -0.119476 0.607273
v 0.028431 -0.119525 0.607212
v 0.028660 -0.119476 0.607273
v 0.028416 -0.119525 0.607410
v 0.028652 -0.119476 0.607376
v 0.028652 -0.119476 0.607376
v 0.028905 -0.119460 0.607339
v 0.028660 -0.119476 0.607273
v 0.028905 -0.119460 0.607339
v 0.028704 -0.119476 0.607181
v 0.028660 -0.119476 0.607273
v 0.028663 -0.119525 0.606900
v 0.028874 -0.119476 0.607078
v 0.028846 -0.119525 0.606835
v 0.028874 -0.119476 0.607078
v 0.028663 -0.119525 0.606900
v 0.028780 -0.119476 0.607112
v 0.028077 -0.119823 0.607839
v 0.028298 -0.119951 0.608153
v 0.028319 -0.119823 0.608125
v 0.028298 -0.119951 0.608153
v 0.028077 -0.119823 0.607839
v 0.028047 -0.119951 0.607857
v 0.029751 -0.120196 0.607215
v 0.029733 -0.120078 0.606839
v 0.029849 -0.120078 0.607201
v 0.029733 -0.120078 0.606839
v 0.029751 -0.120196 0.607215
v 0.029648 -0.120196 0.606891
v 0.029726 -0.120196 0.607559
v 0.029849 -0.120078 0.607201
v 0.029821 -0.120078 0.607585
v 0.029849 -0.120078 0.607201
v 0.029726 -0.120196 0.607559
v 0.029751 -0.120196 0.607215
v 0.028517 -0.119525 0.607033
v 0.028780 -0.119476 0.607112
v 0.028663 -0.119525 0.606900
v 0.028780 -0.119476 0.607112
v 0.028517 -0.119525 0.607033
v 0.028704 -0.119476 0.607181
v 0.029853 -0.119951 0.607593
v 0.029849 -0.119823 0.607201
v 0.029821 -0.119823 0.607585
v 0.029849 -0.119823 0.607201
v 0.029853 -0.119951 0.607593
v 0.029882 -0.119951 0.607196
v 0.029334 -0.119603 0.606763
v 0.029648 -0.119705 0.606891
v 0.029431 -0.119705 0.606634
v 0.029648 -0.119705 0.606891
v 0.029334 -0.119603 0.606763
v 0.029511 -0.119603 0.606973
v 0.029169 -0.119951 0.606353
v 0.029512 -0.119951 0.606525
v 0.029169 -0.119951 0.606353
v 0.029160 -0.120078 0.606386
v 0.028846 -0.119525 0.606835
v 0.028973 -0.119476 0.607084
v 0.029037 -0.119525 0.606846
v 0.028973 -0.119476 0.607084
v 0.028846 -0.119525 0.606835
v 0.028874 -0.119476 0.607078
v 0.029431 -0.120196 0.606634
v 0.029160 -0.120078 0.606386
v 0.029491 -0.120078 0.606553
v 0.029160 -0.120078 0.606386
v 0.029431 -0.120196 0.606634
v 0.029134 -0.120196 0.606485
v 0.028319 -0.120078 0.608125
v 0.028162 -0.120196 0.607787
v 0.028379 -0.120196 0.608044
v 0.028162 -0.120196 0.607787
v 0.028319 -0.120078 0.608125
v 0.028077 -0.120078 0.607839
v 0.027961 -0.119823 0.607477
v 0.028162 -0.119705 0.607787
v 0.028059 -0.119705 0.607463
v 0.028162 -0.119705 0.607787
v 0.027961 -0.119823 0.607477
v 0.028077 -0.119823 0.607839
v 0.029733 -0.120078 0.606839
v 0.029512 -0.119951 0.606525
v 0.029763 -0.119951 0.606821
v 0.029512 -0.119951 0.606525
v 0.029733 -0.120078 0.606839
v 0.029491 -0.120078 0.606553
v 0.028234 -0.119705 0.606809
v 0.028563 -0.119603 0.606719
v 0.028486 -0.119705 0.606579
v 0.028563 -0.119603 0.606719
v 0.028234 -0.119705 0.606809
v 0.028357 -0.119603 0.606906
v 0.028718 -0.119603 0.608037
v 0.029008 -0.119705 0.608212
v 0.028989 -0.119603 0.608052
v 0.029008 -0.119705 0.608212
v 0.028718 -0.119603 0.608037
v 0.028676 -0.119705 0.608193
v 0.028773 -0.119525 0.607832
v 0.028989 -0.119603 0.608052
v 0.028964 -0.119525 0.607843
v 0.028989 -0.119603 0.608052
v 0.028773 -0.119525 0.607832
v 0.028718 -0.119603 0.608037
v 0.029576 -0.120196 0.607869
v 0.029821 -0.120078 0.607585
v 0.029654 -0.120078 0.607930
v 0.029821 -0.120078 0.607585
v 0.029576 -0.120196 0.607869
v 0.029726 -0.120196 0.607559
v 0.028486 -0.119705 0.606579
v 0.028821 -0.119603 0.606626
v 0.028802 -0.119705 0.606466
v 0.028821 -0.119603 0.606626
v 0.028486 -0.119705 0.606579
v 0.028563 -0.119603 0.606719
v 0.029648 -0.120196 0.606891
v 0.029491 -0.120078 0.606553
v 0.029733 -0.120078 0.606839
v 0.029491 -0.120078 0.606553
v 0.029648 -0.120196 0.606891
v 0.029431 -0.120196 0.606634
v 0.029821 -0.120078 0.607585
v 0.029882 -0.119951 0.607196
v 0.029853 -0.119951 0.607593
v 0.029882 -0.119951 0.607196
v 0.029821 -0.120078 0.607585
v 0.029849 -0.120078 0.607201
v 0.028059 -0.119705 0.607463
v 0.028234 -0.119603 0.607159
v 0.028084 -0.119705 0.607119
v 0.028234 -0.119603 0.607159
v 0.028059 -0.119705 0.607463
v 0.028214 -0.119603 0.607440
v 0.027989 -0.120078 0.607094
v 0.027928 -0.119951 0.607482
v 0.027957 -0.119951 0.607085
v 0.027928 -0.119951 0.607482
v 0.027989 -0.120078 0.607094
v 0.027961 -0.120078 0.607477
v 0.028563 -0.119603 0.606719
v 0.028846 -0.119525 0.606835
v 0.028821 -0.119603 0.606626
v 0.028846 -0.119525 0.606835
v 0.028563 -0.119603 0.606719
v 0.028663 -0.119525 0.606900
v 0.028156 -0.120078 0.606748
v 0.027957 -0.119951 0.607085
v 0.028130 -0.119951 0.606727
v 0.027957 -0.119951 0.607085
v 0.028156 -0.120078 0.606748
v 0.027989 -0.120078 0.607094
v 0.029453 -0.119603 0.607772
v 0.029726 -0.119705 0.607559
v 0.029576 -0.119603 0.607519
v 0.029726 -0.119705 0.607559
v 0.029453 -0.119603 0.607772
v 0.029576 -0.119705 0.607869
v 0.028683 -0.119476 0.607473
v 0.028905 -0.119460 0.607339
v 0.028652 -0.119476 0.607376
v 0.028748 -0.119476 0.607550
v 0.028905 -0.119460 0.607339
v 0.028683 -0.119476 0.607473
v 0.027961 -0.120078 0.607477
v 0.028047 -0.119951 0.607857
v 0.027928 -0.119951 0.607482
v 0.028047 -0.119951 0.607857
v 0.027961 -0.120078 0.607477
v 0.028077 -0.120078 0.607839
v 0.028973 -0.119476 0.607084
v 0.029209 -0.119525 0.606932
v 0.029037 -0.119525 0.606846
v 0.029209 -0.119525 0.606932
v 0.028973 -0.119476 0.607084
v 0.029062 -0.119476 0.607128
v 0.029020 -0.120078 0.608313
v 0.029324 -0.120196 0.608099
v 0.029372 -0.120078 0.608186
v 0.029324 -0.120196 0.608099
v 0.029020 -0.120078 0.608313
v 0.029008 -0.120196 0.608212
v 0.028355 -0.120057 0.607076
v 0.028801 -0.120196 0.607196
v 0.028801 -0.120057 0.607196
v 0.028801 -0.120196 0.607196
v 0.028355 -0.120057 0.607076
v 0.028355 -0.120196 0.607076
v 0.028801 -0.120196 0.607196
v 0.028940 -0.120057 0.606678
v 0.028801 -0.120057 0.607196
v 0.028940 -0.120057 0.606678
v 0.028801 -0.120196 0.607196
v 0.028940 -0.120196 0.606678
v 0.028940 -0.120057 0.606678
v 0.029228 -0.120196 0.606755
v 0.029228 -0.120057 0.606755
v 0.029228 -0.120196 0.606755
v 0.028940 -0.120057 0.606678
v 0.028940 -0.120196 0.606678
v 0.029228 -0.120196 0.606755
v 0.029090 -0.120057 0.607273
v 0.029228 -0.120057 0.606755
v 0.029090 -0.120057 0.607273
v 0.029228 -0.120196 0.606755
v 0.029090 -0.120196 0.607273
v 0.029090 -0.120057 0.607273
v 0.029562 -0.120196 0.607400
v 0.029562 -0.120057 0.607400
v 0.029562 -0.120196 0.607400
v 0.029090 -0.120057 0.607273
v 0.029090 -0.120196 0.607273
v 0.029562 -0.120196 0.607400
v 0.029479 -0.120057 0.607709
v 0.029562 -0.120057 0.607400
v 0.029479 -0.120057 0.607709
v 0.029562 -0.120196 0.607400
v 0.029479 -0.120196 0.607709
v 0.029007 -0.120196 0.607583
v 0.029479 -0.120057 0.607709
v 0.029479 -0.120196 0.607709
v 0.029479 -0.120057 0.607709
v 0.029007 -0.120196 0.607583
v 0.029007 -0.120057 0.607583
v 0.029007 -0.120196 0.607583
v 0.028880 -0.120057 0.608055
v 0.029007 -0.120057 0.607583
v 0.028880 -0.120057 0.608055
v 0.029007 -0.120196 0.607583
v 0.028880 -0.120196 0.608055
v 0.028592 -0.120196 0.607978
v 0.028880 -0.120057 0.608055
v 0.028880 -0.120196 0.608055
v 0.028880 -0.120057 0.608055
v 0.028592 -0.120196 0.607978
v 0.028592 -0.120057 0.607978
v 0.028592 -0.120196 0.607978
v 0.028718 -0.120057 0.607506
v 0.028592 -0.120057 0.607978
v 0.028718 -0.120057 0.607506
v 0.028592 -0.120196 0.607978
v 0.028718 -0.120196 0.607506
v 0.028272 -0.120196 0.607386
v 0.028718 -0.120057 0.607506
v 0.028718 -0.120196 0.607506
v 0.028718 -0.120057 0.607506
v 0.028272 -0.120196 0.607386
v 0.028272 -0.120057 0.607386
v 0.028272 -0.120196 0.607386
v 0.028355 -0.120057 0.607076
v 0.028272 -0.120057 0.607386
v 0.028355 -0.120057 0.607076
v 0.028272 -0.120196 0.607386
v 0.028355 -0.120196 0.607076
v -0.079909 -0.185504 0.474120
v -0.077590 -0.183494 0.473122
v -0.079145 -0.185821 0.473122
v -0.078175 -0.182909 0.474120
v -0.072518 -0.182709 0.472264
v -0.074103 -0.184740 0.471606
v -0.074759 -0.183155 0.472264
v -0.072518 -0.184424 0.471606
v -0.080170 -0.185396 0.475192
v -0.080518 -0.188566 0.474120
v -0.080800 -0.188566 0.475192
v -0.079691 -0.188566 0.473122
v -0.072518 -0.188566 0.471051
v -0.074034 -0.190081 0.471192
v -0.074498 -0.189386 0.471192
v -0.075446 -0.185637 0.471606
v -0.076659 -0.184424 0.472264
v -0.075579 -0.195957 0.476264
v -0.078374 -0.194422 0.475192
v -0.075687 -0.196217 0.475192
v -0.078175 -0.194222 0.476264
v -0.077590 -0.183494 0.477263
v -0.075579 -0.181174 0.476264
v -0.078175 -0.182909 0.476264
v -0.075263 -0.181939 0.477263
v -0.070374 -0.188566 0.471192
v -0.070538 -0.189386 0.471192
v -0.069348 -0.180914 0.475192
v -0.066861 -0.182909 0.474120
v -0.069456 -0.181174 0.474120
v -0.066662 -0.182709 0.475192
v -0.068692 -0.190150 0.471606
v -0.068377 -0.188566 0.471606
v -0.066861 -0.194222 0.474120
v -0.064866 -0.191735 0.475192
v -0.066662 -0.194422 0.475192
v -0.065127 -0.191627 0.474120
v -0.071698 -0.190546 0.471192
v -0.072518 -0.190709 0.471192
v -0.068692 -0.186981 0.471606
v -0.070538 -0.187745 0.471192
v -0.069456 -0.195957 0.476264
v -0.072518 -0.196848 0.475192
v -0.069348 -0.196217 0.475192
v -0.072518 -0.196566 0.476264
v -0.070277 -0.183155 0.472264
v -0.069590 -0.185637 0.471606
v -0.070933 -0.184740 0.471606
v -0.068377 -0.184424 0.472264
v -0.072518 -0.180283 0.475192
v -0.072518 -0.180566 0.474120
v -0.075687 -0.180914 0.475192
v -0.075579 -0.181174 0.474120
v -0.072518 -0.181393 0.477263
v -0.069456 -0.181174 0.476264
v -0.072518 -0.180566 0.476264
v -0.069773 -0.181939 0.477263
v -0.078374 -0.182709 0.475192
v -0.072518 -0.181393 0.473122
v -0.075263 -0.181939 0.473122
v -0.078374 -0.188566 0.472264
v -0.077929 -0.186324 0.472264
v -0.073338 -0.186585 0.471192
v -0.072518 -0.186422 0.471192
v -0.069773 -0.181939 0.473122
v -0.073338 -0.190546 0.471192
v -0.079145 -0.185821 0.477263
v -0.080518 -0.188566 0.476264
v -0.079691 -0.188566 0.477263
v -0.079909 -0.185504 0.476264
v -0.079909 -0.191627 0.474120
v -0.080170 -0.191735 0.475192
v -0.067446 -0.193637 0.473122
v -0.065891 -0.191310 0.473122
v -0.075446 -0.191494 0.471606
v -0.074759 -0.193976 0.472264
v -0.076659 -0.192707 0.472264
v -0.074103 -0.192392 0.471606
v -0.075263 -0.195192 0.473122
v -0.077590 -0.193637 0.473122
v -0.069456 -0.195957 0.474120
v -0.072518 -0.195738 0.473122
v -0.069773 -0.195192 0.473122
v -0.072518 -0.196566 0.474120
v -0.074662 -0.188566 0.471192
v -0.064866 -0.185396 0.475192
v -0.066861 -0.182909 0.476264
v -0.065127 -0.185504 0.476264
v -0.066861 -0.194222 0.476264
v -0.064518 -0.188566 0.474120
v -0.065345 -0.188566 0.473122
v -0.076344 -0.190150 0.471606
v -0.067446 -0.183494 0.473122
v -0.065127 -0.185504 0.474120
v -0.065891 -0.185821 0.473122
v -0.067446 -0.183494 0.477263
v -0.068377 -0.192707 0.472264
v -0.069590 -0.191494 0.471606
v -0.067107 -0.190807 0.472264
v -0.071002 -0.190081 0.471192
v -0.071002 -0.187050 0.471192
v -0.071698 -0.186585 0.471192
v -0.072518 -0.194422 0.472264
v -0.077929 -0.190807 0.472264
v -0.076659 -0.188566 0.471606
v -0.076344 -0.186981 0.471606
v -0.065127 -0.191627 0.476264
v -0.067107 -0.186324 0.472264
v -0.075579 -0.195957 0.474120
v -0.065345 -0.188566 0.477263
v -0.064518 -0.188566 0.476264
v -0.065891 -0.185821 0.477263
v -0.074034 -0.187050 0.471192
v -0.072518 -0.192707 0.471606
v -0.078175 -0.194222 0.474120
v -0.079145 -0.191310 0.473122
v -0.070933 -0.192392 0.471606
v -0.074498 -0.187745 0.471192
v -0.065891 -0.191310 0.477263
v -0.070277 -0.193976 0.472264
v -0.072518 -0.195738 0.477263
v -0.073423 -0.194050 0.477263
v -0.075263 -0.195192 0.477263
v -0.070821 -0.194050 0.477263
v -0.069773 -0.195192 0.477263
v -0.070821 -0.189925 0.477263
v -0.066856 -0.189925 0.477263
v -0.067446 -0.193637 0.477263
v -0.066856 -0.187407 0.477263
v -0.070821 -0.183515 0.477263
v -0.070821 -0.187407 0.477263
v -0.077769 -0.187407 0.477263
v -0.077769 -0.189925 0.477263
v -0.073423 -0.187407 0.477263
v -0.073423 -0.183515 0.477263
v -0.079145 -0.191310 0.477263
v -0.077590 -0.193637 0.477263
v -0.073423 -0.189925 0.477263
v -0.064236 -0.188566 0.475192
v -0.066662 -0.188566 0.472264
v -0.079909 -0.191627 0.476264
v -0.066856 -0.189925 0.476088
v -0.070821 -0.187407 0.476088
v -0.070821 -0.189925 0.476088
v -0.066856 -0.187407 0.476088
v -0.070821 -0.194050 0.476088
v -0.073423 -0.189925 0.476088
v -0.073423 -0.194050 0.476088
v -0.073423 -0.187407 0.476088
v -0.073423 -0.183515 0.476088
v -0.070821 -0.183515 0.476088
v -0.077769 -0.187407 0.476088
v -0.077769 -0.189925 0.476088
v -0.079909 -0.185504 0.474120
v -0.079909 -0.185504 0.474120
v -0.080518 -0.188566 0.474120
v -0.079909 -0.185504 0.474120
v -0.079145 -0.185821 0.473122
v -0.074759 -0.183155 0.472264
v -0.074759 -0.183155 0.472264
v -0.074103 -0.184740 0.471606
v -0.072518 -0.188566 0.471051
v -0.070374 -0.188566 0.471192
v -0.070538 -0.189386 0.471192
v -0.070374 -0.188566 0.471192
v -0.072518 -0.188566 0.471051
v -0.070374 -0.188566 0.471192
v -0.070374 -0.188566 0.471192
v -0.068377 -0.188566 0.471606
v -0.069456 -0.181174 0.474120
v -0.069456 -0.181174 0.474120
v -0.069348 -0.180914 0.475192
v -0.072518 -0.180566 0.474120
v -0.072518 -0.180566 0.474120
v -0.072518 -0.180283 0.475192
v -0.078175 -0.182909 0.476264
v -0.075687 -0.180914 0.475192
v -0.075687 -0.180914 0.475192
v -0.078175 -0.182909 0.476264
v -0.075579 -0.181174 0.476264
v -0.078374 -0.182709 0.475192
v -0.075579 -0.181174 0.474120
v -0.078175 -0.182909 0.474120
v -0.075579 -0.181174 0.474120
v -0.078374 -0.182709 0.475192
v -0.075687 -0.180914 0.475192
v -0.074759 -0.183155 0.472264
v -0.074759 -0.183155 0.472264
v -0.072518 -0.182709 0.472264
v -0.079145 -0.185821 0.473122
v -0.079691 -0.188566 0.473122
v -0.079145 -0.185821 0.473122
v -0.072518 -0.184424 0.471606
v -0.074103 -0.184740 0.471606
v -0.072518 -0.184424 0.471606
v -0.072518 -0.180566 0.474120
v -0.072518 -0.181393 0.473122
v -0.072518 -0.180566 0.474120
v -0.069456 -0.181174 0.474120
v -0.072518 -0.188566 0.471051
v -0.074034 -0.190081 0.471192
v -0.080800 -0.188566 0.475192
v -0.080800 -0.188566 0.475192
v -0.080518 -0.188566 0.474120
v -0.070374 -0.188566 0.471192
v -0.072518 -0.188566 0.471051
v -0.070538 -0.187745 0.471192
v -0.065127 -0.191627 0.474120
v -0.066861 -0.194222 0.474120
v -0.065127 -0.191627 0.474120
v -0.076659 -0.192707 0.472264
v -0.076659 -0.192707 0.472264
v -0.074759 -0.193976 0.472264
v -0.072518 -0.188566 0.471051
v -0.074498 -0.189386 0.471192
v -0.066662 -0.194422 0.475192
v -0.069456 -0.195957 0.474120
v -0.066861 -0.194222 0.474120
v -0.069456 -0.195957 0.474120
v -0.066662 -0.194422 0.475192
v -0.069348 -0.196217 0.475192
v -0.066662 -0.182709 0.475192
v -0.069348 -0.196217 0.475192
v -0.066662 -0.194422 0.475192
v -0.069348 -0.196217 0.475192
v -0.069456 -0.195957 0.476264
v -0.065891 -0.191310 0.473122
v -0.065127 -0.191627 0.474120
v -0.065891 -0.191310 0.473122
v -0.074498 -0.189386 0.471192
v -0.075446 -0.191494 0.471606
v -0.075446 -0.191494 0.471606
v -0.074498 -0.189386 0.471192
v -0.074034 -0.190081 0.471192
v -0.066861 -0.182909 0.474120
v -0.079909 -0.185504 0.476264
v -0.080800 -0.188566 0.475192
v -0.080518 -0.188566 0.476264
v -0.080800 -0.188566 0.475192
v -0.079909 -0.185504 0.476264
v -0.080170 -0.185396 0.475192
v -0.069773 -0.181939 0.477263
v -0.066861 -0.182909 0.476264
v -0.069456 -0.181174 0.476264
v -0.066861 -0.182909 0.476264
v -0.069773 -0.181939 0.477263
v -0.068692 -0.190150 0.471606
v -0.068692 -0.190150 0.471606
v -0.070538 -0.189386 0.471192
v -0.069590 -0.191494 0.471606
v -0.069590 -0.191494 0.471606
v -0.070538 -0.189386 0.471192
v -0.068692 -0.190150 0.471606
v -0.070538 -0.189386 0.471192
v -0.071002 -0.190081 0.471192
v -0.072518 -0.188566 0.471051
v -0.070933 -0.184740 0.471606
v -0.070933 -0.184740 0.471606
v -0.069590 -0.185637 0.471606
v -0.069773 -0.181939 0.473122
v -0.068377 -0.184424 0.472264
v -0.070277 -0.183155 0.472264
v -0.068377 -0.184424 0.472264
v -0.069773 -0.181939 0.473122
v -0.067446 -0.183494 0.473122
v -0.070277 -0.183155 0.472264
v -0.072518 -0.184424 0.471606
v -0.072518 -0.182709 0.472264
v -0.072518 -0.184424 0.471606
v -0.070277 -0.183155 0.472264
v -0.070933 -0.184740 0.471606
v -0.074759 -0.193976 0.472264
v -0.072518 -0.195738 0.473122
v -0.075263 -0.195192 0.473122
v -0.072518 -0.195738 0.473122
v -0.074759 -0.193976 0.472264
v -0.076344 -0.190150 0.471606
v -0.076659 -0.192707 0.472264
v -0.076659 -0.192707 0.472264
v -0.076344 -0.190150 0.471606
v -0.075446 -0.191494 0.471606
v -0.077929 -0.186324 0.472264
v -0.078374 -0.188566 0.472264
v -0.077929 -0.186324 0.472264
v -0.064866 -0.191735 0.475192
v -0.066861 -0.194222 0.476264
v -0.066662 -0.194422 0.475192
v -0.066861 -0.194222 0.476264
v -0.064866 -0.191735 0.475192
v -0.078175 -0.182909 0.476264
v -0.080170 -0.185396 0.475192
v -0.079909 -0.185504 0.476264
v -0.080170 -0.185396 0.475192
v -0.078175 -0.182909 0.476264
v -0.078374 -0.182709 0.475192
v -0.067446 -0.183494 0.473122
v -0.068377 -0.184424 0.472264
v -0.067446 -0.183494 0.473122
v -0.065891 -0.185821 0.473122
v -0.072518 -0.196566 0.474120
v -0.075263 -0.195192 0.473122
v -0.072518 -0.195738 0.473122
v -0.075263 -0.195192 0.473122
v -0.072518 -0.196566 0.474120
v -0.076659 -0.188566 0.471606
v -0.077929 -0.190807 0.472264
v -0.078374 -0.188566 0.472264
v -0.077929 -0.190807 0.472264
v -0.076659 -0.188566 0.471606
v -0.076344 -0.190150 0.471606
v -0.072518 -0.190709 0.471192
v -0.073338 -0.190546 0.471192
v -0.072518 -0.188566 0.471051
v -0.065127 -0.185504 0.476264
v -0.065127 -0.185504 0.476264
v -0.075579 -0.181174 0.474120
v -0.072518 -0.181393 0.473122
v -0.075263 -0.181939 0.473122
v -0.072518 -0.181393 0.473122
v -0.075579 -0.181174 0.474120
v -0.072518 -0.180566 0.474120
v -0.072518 -0.188566 0.471051
v -0.073338 -0.186585 0.471192
v -0.073338 -0.190546 0.471192
v -0.074103 -0.192392 0.471606
v -0.073338 -0.190546 0.471192
v -0.072518 -0.190709 0.471192
v -0.079909 -0.191627 0.474120
v -0.077590 -0.193637 0.473122
v -0.077590 -0.193637 0.473122
v -0.079909 -0.191627 0.474120
v -0.074103 -0.192392 0.471606
v -0.072518 -0.194422 0.472264
v -0.074759 -0.193976 0.472264
v -0.072518 -0.194422 0.472264
v -0.074103 -0.192392 0.471606
v -0.072518 -0.192707 0.471606
v -0.065891 -0.185821 0.473122
v -0.064518 -0.188566 0.474120
v -0.065345 -0.188566 0.473122
v -0.064518 -0.188566 0.474120
v -0.065891 -0.185821 0.473122
v -0.065127 -0.185504 0.474120
v -0.071002 -0.190081 0.471192
v -0.071698 -0.190546 0.471192
v -0.071002 -0.190081 0.471192
v -0.069590 -0.191494 0.471606
v -0.072518 -0.188566 0.471051
v -0.074034 -0.187050 0.471192
v -0.071002 -0.190081 0.471192
v -0.071698 -0.190546 0.471192
v -0.072518 -0.188566 0.471051
v -0.064518 -0.188566 0.476264
v -0.065127 -0.191627 0.476264
v -0.064518 -0.188566 0.476264
v -0.065345 -0.188566 0.477263
v -0.075579 -0.195957 0.474120
v -0.077590 -0.193637 0.473122
v -0.075263 -0.195192 0.473122
v -0.077590 -0.193637 0.473122
v -0.075579 -0.195957 0.474120
v -0.078175 -0.194222 0.474120
v -0.074034 -0.190081 0.471192
v -0.074103 -0.192392 0.471606
v -0.075446 -0.191494 0.471606
v -0.074103 -0.192392 0.471606
v -0.074034 -0.190081 0.471192
v -0.073338 -0.190546 0.471192
v -0.066861 -0.194222 0.474120
v -0.069773 -0.195192 0.473122
v -0.067446 -0.193637 0.473122
v -0.069773 -0.195192 0.473122
v -0.066861 -0.194222 0.474120
v -0.069456 -0.195957 0.474120
v -0.078175 -0.182909 0.474120
v -0.075263 -0.181939 0.473122
v -0.077590 -0.183494 0.473122
v -0.075263 -0.181939 0.473122
v -0.078175 -0.182909 0.474120
v -0.075579 -0.181174 0.474120
v -0.080170 -0.185396 0.475192
v -0.078175 -0.182909 0.474120
v -0.079909 -0.185504 0.474120
v -0.078175 -0.182909 0.474120
v -0.080170 -0.185396 0.475192
v -0.078374 -0.182709 0.475192
v -0.078374 -0.188566 0.472264
v -0.079145 -0.191310 0.473122
v -0.079691 -0.188566 0.473122
v -0.079145 -0.191310 0.473122
v -0.078374 -0.188566 0.472264
v -0.077929 -0.190807 0.472264
v -0.070933 -0.192392 0.471606
v -0.072518 -0.194422 0.472264
v -0.072518 -0.192707 0.471606
v -0.072518 -0.194422 0.472264
v -0.070933 -0.192392 0.471606
v -0.071698 -0.190546 0.471192
v -0.072518 -0.192707 0.471606
v -0.072518 -0.190709 0.471192
v -0.072518 -0.192707 0.471606
v -0.071698 -0.190546 0.471192
v -0.070933 -0.192392 0.471606
v -0.068377 -0.192707 0.472264
v -0.069773 -0.195192 0.473122
v -0.070277 -0.193976 0.472264
v -0.069773 -0.195192 0.473122
v -0.068377 -0.192707 0.472264
v -0.067446 -0.193637 0.473122
v -0.069590 -0.191494 0.471606
v -0.070277 -0.193976 0.472264
v -0.070933 -0.192392 0.471606
v -0.070277 -0.193976 0.472264
v -0.069590 -0.191494 0.471606
v -0.068377 -0.192707 0.472264
v -0.080170 -0.191735 0.475192
v -0.078175 -0.194222 0.474120
v -0.078374 -0.194422 0.475192
v -0.078175 -0.194222 0.474120
v -0.080170 -0.191735 0.475192
v -0.079909 -0.191627 0.474120
v -0.065891 -0.191310 0.477263
v -0.065891 -0.191310 0.477263
v -0.069773 -0.181939 0.477263
v -0.069773 -0.181939 0.477263
v -0.067446 -0.183494 0.477263
v -0.067446 -0.183494 0.477263
v -0.065891 -0.185821 0.477263
v -0.065891 -0.185821 0.477263
v -0.065891 -0.191310 0.477263
v -0.065891 -0.185821 0.477263
v -0.065891 -0.191310 0.477263
v -0.065345 -0.188566 0.477263
v -0.079145 -0.185821 0.477263
v -0.077590 -0.183494 0.477263
v -0.079145 -0.185821 0.477263
v -0.077590 -0.183494 0.477263
v -0.077590 -0.183494 0.477263
v -0.075263 -0.181939 0.477263
v -0.075263 -0.181939 0.477263
v -0.075263 -0.181939 0.477263
v -0.072518 -0.181393 0.477263
v -0.072518 -0.181393 0.477263
v -0.072518 -0.181393 0.477263
v -0.069773 -0.181939 0.477263
v -0.079145 -0.185821 0.477263
v -0.079691 -0.188566 0.477263
v -0.079145 -0.185821 0.477263
v -0.079145 -0.185821 0.477263
v -0.080518 -0.188566 0.474120
v -0.079145 -0.191310 0.473122
v -0.079909 -0.191627 0.474120
v -0.079145 -0.191310 0.473122
v -0.080518 -0.188566 0.474120
v -0.079691 -0.188566 0.473122
v -0.067107 -0.190807 0.472264
v -0.067446 -0.193637 0.473122
v -0.068377 -0.192707 0.472264
v -0.067446 -0.193637 0.473122
v -0.067107 -0.190807 0.472264
v -0.065891 -0.191310 0.473122
v -0.069348 -0.196217 0.475192
v -0.072518 -0.196566 0.474120
v -0.069456 -0.195957 0.474120
v -0.072518 -0.196566 0.474120
v -0.069348 -0.196217 0.475192
v -0.072518 -0.196848 0.475192
v -0.069590 -0.185637 0.471606
v -0.070538 -0.187745 0.471192
v -0.071002 -0.187050 0.471192
v -0.070538 -0.187745 0.471192
v -0.069590 -0.185637 0.471606
v -0.068692 -0.186981 0.471606
v -0.068377 -0.184424 0.472264
v -0.068692 -0.186981 0.471606
v -0.069590 -0.185637 0.471606
v -0.068692 -0.186981 0.471606
v -0.068377 -0.184424 0.472264
v -0.067107 -0.186324 0.472264
v -0.077590 -0.183494 0.477263
v -0.079909 -0.185504 0.476264
v -0.079145 -0.185821 0.477263
v -0.079909 -0.185504 0.476264
v -0.077590 -0.183494 0.477263
v -0.078175 -0.182909 0.476264
v -0.075263 -0.181939 0.477263
v -0.072518 -0.180566 0.476264
v -0.075579 -0.181174 0.476264
v -0.072518 -0.180566 0.476264
v -0.075263 -0.181939 0.477263
v -0.072518 -0.181393 0.477263
v -0.065127 -0.191627 0.476264
v -0.064866 -0.191735 0.475192
v -0.065127 -0.191627 0.476264
v -0.064518 -0.188566 0.476264
v -0.065127 -0.191627 0.474120
v -0.064236 -0.188566 0.475192
v -0.064866 -0.191735 0.475192
v -0.064236 -0.188566 0.475192
v -0.065127 -0.191627 0.474120
v -0.064518 -0.188566 0.474120
v -0.067107 -0.186324 0.472264
v -0.068377 -0.188566 0.471606
v -0.068692 -0.186981 0.471606
v -0.068377 -0.188566 0.471606
v -0.067107 -0.186324 0.472264
v -0.065891 -0.185821 0.473122
v -0.066662 -0.188566 0.472264
v -0.067107 -0.186324 0.472264
v -0.066662 -0.188566 0.472264
v -0.065891 -0.185821 0.473122
v -0.065345 -0.188566 0.473122
v -0.065127 -0.185504 0.474120
v -0.064236 -0.188566 0.475192
v -0.064518 -0.188566 0.474120
v -0.064236 -0.188566 0.475192
v -0.065127 -0.185504 0.474120
v -0.064866 -0.185396 0.475192
v -0.075687 -0.196217 0.475192
v -0.078175 -0.194222 0.474120
v -0.075579 -0.195957 0.474120
v -0.078175 -0.194222 0.474120
v -0.075687 -0.196217 0.475192
v -0.078374 -0.194422 0.475192
v -0.067446 -0.193637 0.477263
v -0.069456 -0.195957 0.476264
v -0.066861 -0.194222 0.476264
v -0.069456 -0.195957 0.476264
v -0.067446 -0.193637 0.477263
v -0.069773 -0.195192 0.477263
v -0.064866 -0.185396 0.475192
v -0.064518 -0.188566 0.476264
v -0.064236 -0.188566 0.475192
v -0.064518 -0.188566 0.476264
v -0.064866 -0.185396 0.475192
v -0.065127 -0.185504 0.476264
v -0.072518 -0.188566 0.471051
v -0.074662 -0.188566 0.471192
v -0.074498 -0.187745 0.471192
v -0.070933 -0.184740 0.471606
v -0.072518 -0.186422 0.471192
v -0.072518 -0.184424 0.471606
v -0.072518 -0.186422 0.471192
v -0.070933 -0.184740 0.471606
v -0.071698 -0.186585 0.471192
v -0.071698 -0.186585 0.471192
v -0.072518 -0.188566 0.471051
v -0.072518 -0.186422 0.471192
v -0.072518 -0.188566 0.471051
v -0.073338 -0.186585 0.471192
v -0.072518 -0.186422 0.471192
v -0.075446 -0.185637 0.471606
v -0.074498 -0.187745 0.471192
v -0.076344 -0.186981 0.471606
v -0.074498 -0.187745 0.471192
v -0.075446 -0.185637 0.471606
v -0.074034 -0.187050 0.471192
v -0.066861 -0.182909 0.474120
v -0.064866 -0.185396 0.475192
v -0.065127 -0.185504 0.474120
v -0.064866 -0.185396 0.475192
v -0.066861 -0.182909 0.474120
v -0.066662 -0.182709 0.475192
v -0.075263 -0.195192 0.477263
v -0.078175 -0.194222 0.476264
v -0.075579 -0.195957 0.476264
v -0.078175 -0.194222 0.476264
v -0.075263 -0.195192 0.477263
v -0.077590 -0.193637 0.477263
v -0.072518 -0.195738 0.477263
v -0.075579 -0.195957 0.476264
v -0.072518 -0.196566 0.476264
v -0.075579 -0.195957 0.476264
v -0.072518 -0.195738 0.477263
v -0.075263 -0.195192 0.477263
v -0.074103 -0.184740 0.471606
v -0.074034 -0.187050 0.471192
v -0.075446 -0.185637 0.471606
v -0.074034 -0.187050 0.471192
v -0.074103 -0.184740 0.471606
v -0.073338 -0.186585 0.471192
v -0.072518 -0.196848 0.475192
v -0.075579 -0.195957 0.474120
v -0.072518 -0.196566 0.474120
v -0.075579 -0.195957 0.474120
v -0.072518 -0.196848 0.475192
v -0.075687 -0.196217 0.475192
v -0.077929 -0.190807 0.472264
v -0.077590 -0.193637 0.473122
v -0.079145 -0.191310 0.473122
v -0.077590 -0.193637 0.473122
v -0.077929 -0.190807 0.472264
v -0.076659 -0.192707 0.472264
v -0.080800 -0.188566 0.475192
v -0.080170 -0.191735 0.475192
v -0.080800 -0.188566 0.475192
v -0.080518 -0.188566 0.476264
v -0.076344 -0.186981 0.471606
v -0.074662 -0.188566 0.471192
v -0.076659 -0.188566 0.471606
v -0.074662 -0.188566 0.471192
v -0.076344 -0.186981 0.471606
v -0.074498 -0.187745 0.471192
v -0.079145 -0.191310 0.477263
v -0.080518 -0.188566 0.476264
v -0.079909 -0.191627 0.476264
v -0.080518 -0.188566 0.476264
v -0.079145 -0.191310 0.477263
v -0.079691 -0.188566 0.477263
v -0.065127 -0.185504 0.476264
v -0.067446 -0.183494 0.477263
v -0.065891 -0.185821 0.477263
v -0.067446 -0.183494 0.477263
v -0.065127 -0.185504 0.476264
v -0.066861 -0.182909 0.476264
v -0.069456 -0.181174 0.474120
v -0.067446 -0.183494 0.473122
v -0.069773 -0.181939 0.473122
v -0.067446 -0.183494 0.473122
v -0.069456 -0.181174 0.474120
v -0.066861 -0.182909 0.474120
v -0.078175 -0.194222 0.476264
v -0.080170 -0.191735 0.475192
v -0.078374 -0.194422 0.475192
v -0.080170 -0.191735 0.475192
v -0.078175 -0.194222 0.476264
v -0.079909 -0.191627 0.476264
v -0.075263 -0.181939 0.473122
v -0.076659 -0.184424 0.472264
v -0.077590 -0.183494 0.473122
v -0.076659 -0.184424 0.472264
v -0.075263 -0.181939 0.473122
v -0.074759 -0.183155 0.472264
v -0.066662 -0.188566 0.472264
v -0.065891 -0.191310 0.473122
v -0.067107 -0.190807 0.472264
v -0.065891 -0.191310 0.473122
v -0.066662 -0.188566 0.472264
v -0.065345 -0.188566 0.473122
v -0.068377 -0.188566 0.471606
v -0.067107 -0.190807 0.472264
v -0.068692 -0.190150 0.471606
v -0.067107 -0.190807 0.472264
v -0.068377 -0.188566 0.471606
v -0.066662 -0.188566 0.472264
v -0.069773 -0.195192 0.477263
v -0.072518 -0.196566 0.476264
v -0.069456 -0.195957 0.476264
v -0.072518 -0.196566 0.476264
v -0.069773 -0.195192 0.477263
v -0.072518 -0.195738 0.477263
v -0.077590 -0.183494 0.473122
v -0.077929 -0.186324 0.472264
v -0.079145 -0.185821 0.473122
v -0.077929 -0.186324 0.472264
v -0.077590 -0.183494 0.473122
v -0.076659 -0.184424 0.472264
v -0.077590 -0.193637 0.477263
v -0.079909 -0.191627 0.476264
v -0.078175 -0.194222 0.476264
v -0.079909 -0.191627 0.476264
v -0.077590 -0.193637 0.477263
v -0.079145 -0.191310 0.477263
v -0.072518 -0.196566 0.476264
v -0.075687 -0.196217 0.475192
v -0.072518 -0.196848 0.475192
v -0.075687 -0.196217 0.475192
v -0.072518 -0.196566 0.476264
v -0.075579 -0.195957 0.476264
v -0.069773 -0.181939 0.473122
v -0.072518 -0.182709 0.472264
v -0.072518 -0.181393 0.473122
v -0.072518 -0.182709 0.472264
v -0.069773 -0.181939 0.473122
v -0.070277 -0.183155 0.472264
v -0.072518 -0.180566 0.476264
v -0.069348 -0.180914 0.475192
v -0.072518 -0.180283 0.475192
v -0.069348 -0.180914 0.475192
v -0.072518 -0.180566 0.476264
v -0.069456 -0.181174 0.476264
v -0.076659 -0.184424 0.472264
v -0.076344 -0.186981 0.471606
v -0.077929 -0.186324 0.472264
v -0.076344 -0.186981 0.471606
v -0.076659 -0.184424 0.472264
v -0.075446 -0.185637 0.471606
v -0.075579 -0.181174 0.476264
v -0.072518 -0.180283 0.475192
v -0.075687 -0.180914 0.475192
v -0.072518 -0.180283 0.475192
v -0.075579 -0.181174 0.476264
v -0.072518 -0.180566 0.476264
v -0.070277 -0.193976 0.472264
v -0.072518 -0.195738 0.473122
v -0.072518 -0.194422 0.472264
v -0.072518 -0.195738 0.473122
v -0.070277 -0.193976 0.472264
v -0.069773 -0.195192 0.473122
v -0.071002 -0.187050 0.471192
v -0.072518 -0.188566 0.471051
v -0.071698 -0.186585 0.471192
v -0.070538 -0.187745 0.471192
v -0.072518 -0.188566 0.471051
v -0.071002 -0.187050 0.471192
v -0.069456 -0.181174 0.476264
v -0.066662 -0.182709 0.475192
v -0.069348 -0.180914 0.475192
v -0.066662 -0.182709 0.475192
v -0.069456 -0.181174 0.476264
v -0.066861 -0.182909 0.476264
v -0.074662 -0.188566 0.471192
v -0.076344 -0.190150 0.471606
v -0.076659 -0.188566 0.471606
v -0.076344 -0.190150 0.471606
v -0.074662 -0.188566 0.471192
v -0.074498 -0.189386 0.471192
v -0.065127 -0.191627 0.476264
v -0.067446 -0.193637 0.477263
v -0.066861 -0.194222 0.476264
v -0.067446 -0.193637 0.477263
v -0.065127 -0.191627 0.476264
v -0.065891 -0.191310 0.477263
v -0.073423 -0.183515 0.476088
v -0.073423 -0.187407 0.477263
v -0.073423 -0.187407 0.476088
v -0.073423 -0.187407 0.477263
v -0.073423 -0.183515 0.476088
v -0.073423 -0.183515 0.477263
v -0.073423 -0.187407 0.477263
v -0.077769 -0.187407 0.476088
v -0.073423 -0.187407 0.476088
v -0.077769 -0.187407 0.476088
v -0.073423 -0.187407 0.477263
v -0.077769 -0.187407 0.477263
v -0.077769 -0.187407 0.476088
v -0.077769 -0.189925 0.477263
v -0.077769 -0.189925 0.476088
v -0.077769 -0.189925 0.477263
v -0.077769 -0.187407 0.476088
v -0.077769 -0.187407 0.477263
v -0.077769 -0.189925 0.477263
v -0.073423 -0.189925 0.476088
v -0.077769 -0.189925 0.476088
v -0.073423 -0.189925 0.476088
v -0.077769 -0.189925 0.477263
v -0.073423 -0.189925 0.477263
v -0.073423 -0.189925 0.476088
v -0.073423 -0.194050 0.477263
v -0.073423 -0.194050 0.476088
v -0.073423 -0.194050 0.477263
v -0.073423 -0.189925 0.476088
v -0.073423 -0.189925 0.477263
v -0.073423 -0.194050 0.477263
v -0.070821 -0.194050 0.476088
v -0.073423 -0.194050 0.476088
v -0.070821 -0.194050 0.476088
v -0.073423 -0.194050 0.477263
v -0.070821 -0.194050 0.477263
v -0.070821 -0.189925 0.477263
v -0.070821 -0.194050 0.476088
v -0.070821 -0.194050 0.477263
v -0.070821 -0.194050 0.476088
v -0.070821 -0.189925 0.477263
v -0.070821 -0.189925 0.476088
v -0.070821 -0.189925 0.477263
v -0.066856 -0.189925 0.476088
v -0.070821 -0.189925 0.476088
v -0.066856 -0.189925 0.476088
v -0.070821 -0.189925 0.477263
v -0.066856 -0.189925 0.477263
v -0.066856 -0.187407 0.477263
v -0.066856 -0.189925 0.476088
v -0.066856 -0.189925 0.477263
v -0.066856 -0.189925 0.476088
v -0.066856 -0.187407 0.477263
v -0.066856 -0.187407 0.476088
v -0.066856 -0.187407 0.477263
v -0.070821 -0.187407 0.476088
v -0.066856 -0.187407 0.476088
v -0.070821 -0.187407 0.476088
v -0.066856 -0.187407 0.477263
v -0.070821 -0.187407 0.477263
v -0.070821 -0.183515 0.477263
v -0.070821 -0.187407 0.476088
v -0.070821 -0.187407 0.477263
v -0.070821 -0.187407 0.476088
v -0.070821 -0.183515 0.477263
v -0.070821 -0.183515 0.476088
v -0.070821 -0.183515 0.477263
v -0.073423 -0.183515 0.476088
v -0.070821 -0.183515 0.476088
v -0.073423 -0.183515 0.476088
v -0.070821 -0.183515 0.477263
v -0.073423 -0.183515 0.477263
v -0.236546 -0.122742 0.571527
v -0.237467 -0.121507 0.570300
v -0.236646 -0.121981 0.571720
v -0.237463 -0.122213 0.569944
v -0.239885 -0.119507 0.569822
v -0.238847 -0.119643 0.571060
v -0.238701 -0.120191 0.570094
v -0.239684 -0.119160 0.570868
v -0.236736 -0.123388 0.571461
v -0.236225 -0.122928 0.573394
v -0.236403 -0.123580 0.573394
v -0.236357 -0.122148 0.573394
v -0.239515 -0.118866 0.573394
v -0.238757 -0.119403 0.574319
v -0.238512 -0.119545 0.573895
v -0.238137 -0.120053 0.571608
v -0.237697 -0.120770 0.570868
v -0.239487 -0.122554 0.577903
v -0.237684 -0.122840 0.576967
v -0.239103 -0.122021 0.578062
v -0.238116 -0.123346 0.576845
v -0.238730 -0.123695 0.570300
v -0.239487 -0.122554 0.568886
v -0.238116 -0.123346 0.569944
v -0.239959 -0.122985 0.569352
v -0.240690 -0.118287 0.573394
v -0.240604 -0.118337 0.573895
v -0.242452 -0.120087 0.568727
v -0.243439 -0.118763 0.569944
v -0.242068 -0.119554 0.568886
v -0.243872 -0.119268 0.569822
v -0.241705 -0.117993 0.574361
v -0.241872 -0.117897 0.573394
v -0.243439 -0.118763 0.576845
v -0.244820 -0.118720 0.575328
v -0.243872 -0.119268 0.576967
v -0.244355 -0.118234 0.575262
v -0.239991 -0.118691 0.574602
v -0.239558 -0.118941 0.574702
v -0.241705 -0.117993 0.572428
v -0.240604 -0.118337 0.572894
v -0.242722 -0.120687 0.577903
v -0.240778 -0.121054 0.578446
v -0.242452 -0.120087 0.578062
v -0.241105 -0.121620 0.578274
v -0.241069 -0.118824 0.570094
v -0.241231 -0.118266 0.571608
v -0.240521 -0.118676 0.571060
v -0.242072 -0.118244 0.570868
v -0.240778 -0.121054 0.568342
v -0.240451 -0.120488 0.568514
v -0.239103 -0.122021 0.568727
v -0.238834 -0.121422 0.568886
v -0.241409 -0.122148 0.569019
v -0.242722 -0.120687 0.568886
v -0.241105 -0.121620 0.568514
v -0.242859 -0.121311 0.569352
v -0.237684 -0.122840 0.569822
v -0.240146 -0.119960 0.569019
v -0.238696 -0.120798 0.569352
v -0.236791 -0.121293 0.573394
v -0.237026 -0.121158 0.572027
v -0.239124 -0.119191 0.572186
v -0.239558 -0.118941 0.572087
v -0.241596 -0.119123 0.569352
v -0.239124 -0.119191 0.574602
v -0.237909 -0.124169 0.571720
v -0.236878 -0.124060 0.573394
v -0.237620 -0.124336 0.573394
v -0.237200 -0.123875 0.571527
v -0.236546 -0.122742 0.575262
v -0.236736 -0.123388 0.575328
v -0.242826 -0.118413 0.576488
v -0.243647 -0.117939 0.575069
v -0.238137 -0.120053 0.575180
v -0.238701 -0.120191 0.576695
v -0.237697 -0.120770 0.575920
v -0.238847 -0.119643 0.575728
v -0.238696 -0.120798 0.577436
v -0.237467 -0.121507 0.576488
v -0.242068 -0.119554 0.577903
v -0.240146 -0.119960 0.577770
v -0.241596 -0.119123 0.577436
v -0.240451 -0.120488 0.578274
v -0.238425 -0.119595 0.573394
v -0.244820 -0.118720 0.571461
v -0.244093 -0.119895 0.569944
v -0.245009 -0.119366 0.571527
v -0.244093 -0.119895 0.576845
v -0.244677 -0.118048 0.573394
v -0.243935 -0.117773 0.573394
v -0.237663 -0.120327 0.574361
v -0.242826 -0.118413 0.570300
v -0.244355 -0.118234 0.571527
v -0.243647 -0.117939 0.571720
v -0.244089 -0.120601 0.570300
v -0.242072 -0.118244 0.575920
v -0.241231 -0.118266 0.575180
v -0.242743 -0.117857 0.574761
v -0.240359 -0.118479 0.574319
v -0.240359 -0.118479 0.572470
v -0.239991 -0.118691 0.572186
v -0.239885 -0.119507 0.576967
v -0.237026 -0.121158 0.574761
v -0.237496 -0.120423 0.573394
v -0.237663 -0.120327 0.572428
v -0.245009 -0.119366 0.575262
v -0.242743 -0.117857 0.572027
v -0.238834 -0.121422 0.577903
v -0.245199 -0.119960 0.573394
v -0.245331 -0.119180 0.573394
v -0.244910 -0.120127 0.571720
v -0.238757 -0.119403 0.572470
v -0.239684 -0.119160 0.575920
v -0.237463 -0.122213 0.576845
v -0.236646 -0.121981 0.575069
v -0.240521 -0.118676 0.575728
v -0.238512 -0.119545 0.572894
v -0.244910 -0.120127 0.575069
v -0.241069 -0.118824 0.576695
v -0.241409 -0.122148 0.577770
v -0.240931 -0.122424 0.576740
v -0.239959 -0.122985 0.577436
v -0.242306 -0.121630 0.576740
v -0.242859 -0.121311 0.577436
v -0.242306 -0.121630 0.574223
v -0.244400 -0.120421 0.574223
v -0.244089 -0.120601 0.576488
v -0.244400 -0.120421 0.572687
v -0.242306 -0.121630 0.570313
v -0.242306 -0.121630 0.572687
v -0.238635 -0.123750 0.572687
v -0.238635 -0.123750 0.574223
v -0.240931 -0.122424 0.572687
v -0.240931 -0.122424 0.570313
v -0.237909 -0.124169 0.575069
v -0.238730 -0.123695 0.576488
v -0.240931 -0.122424 0.574223
v -0.245153 -0.118528 0.573394
v -0.242979 -0.117721 0.573394
v -0.237200 -0.123875 0.575262
v -0.244042 -0.119800 0.574223
v -0.241947 -0.121010 0.572687
v -0.241947 -0.121010 0.574223
v -0.244042 -0.119800 0.572687
v -0.241947 -0.121010 0.576740
v -0.240573 -0.121803 0.574223
v -0.240573 -0.121803 0.576740
v -0.240573 -0.121803 0.572687
v -0.240573 -0.121803 0.570313
v -0.241947 -0.121010 0.570313
v -0.238277 -0.123129 0.572687
v -0.238277 -0.123129 0.574223
v -0.236546 -0.122742 0.571527
v -0.236546 -0.122742 0.571527
v -0.236225 -0.122928 0.573394
v -0.236546 -0.122742 0.571527
v -0.236646 -0.121981 0.571720
v -0.238701 -0.120191 0.570094
v -0.238701 -0.120191 0.570094
v -0.238847 -0.119643 0.571060
v -0.239515 -0.118866 0.573394
v -0.240690 -0.118287 0.573394
v -0.240604 -0.118337 0.573895
v -0.240690 -0.118287 0.573394
v -0.239515 -0.118866 0.573394
v -0.240690 -0.118287 0.573394
v -0.240690 -0.118287 0.573394
v -0.241872 -0.117897 0.573394
v -0.242068 -0.119554 0.568886
v -0.242068 -0.119554 0.568886
v -0.242452 -0.120087 0.568727
v -0.240451 -0.120488 0.568514
v -0.240451 -0.120488 0.568514
v -0.240778 -0.121054 0.568342
v -0.238116 -0.123346 0.569944
v -0.239103 -0.122021 0.568727
v -0.239103 -0.122021 0.568727
v -0.238116 -0.123346 0.569944
v -0.239487 -0.122554 0.568886
v -0.237684 -0.122840 0.569822
v -0.238834 -0.121422 0.568886
v -0.237463 -0.122213 0.569944
v -0.238834 -0.121422 0.568886
v -0.237684 -0.122840 0.569822
v -0.239103 -0.122021 0.568727
v -0.238701 -0.120191 0.570094
v -0.238701 -0.120191 0.570094
v -0.239885 -0.119507 0.569822
v -0.236646 -0.121981 0.571720
v -0.236357 -0.122148 0.573394
v -0.236646 -0.121981 0.571720
v -0.239684 -0.119160 0.570868
v -0.238847 -0.119643 0.571060
v -0.239684 -0.119160 0.570868
v -0.240451 -0.120488 0.568514
v -0.240146 -0.119960 0.569019
v -0.240451 -0.120488 0.568514
v -0.242068 -0.119554 0.568886
v -0.239515 -0.118866 0.573394
v -0.238757 -0.119403 0.574319
v -0.236403 -0.123580 0.573394
v -0.236403 -0.123580 0.573394
v -0.236225 -0.122928 0.573394
v -0.240690 -0.118287 0.573394
v -0.239515 -0.118866 0.573394
v -0.240604 -0.118337 0.572894
v -0.244355 -0.118234 0.575262
v -0.243439 -0.118763 0.576845
v -0.244355 -0.118234 0.575262
v -0.237697 -0.120770 0.575920
v -0.237697 -0.120770 0.575920
v -0.238701 -0.120191 0.576695
v -0.239515 -0.118866 0.573394
v -0.238512 -0.119545 0.573895
v -0.243872 -0.119268 0.576967
v -0.242068 -0.119554 0.577903
v -0.243439 -0.118763 0.576845
v -0.242068 -0.119554 0.577903
v -0.243872 -0.119268 0.576967
v -0.242452 -0.120087 0.578062
v -0.243872 -0.119268 0.569822
v -0.242452 -0.120087 0.578062
v -0.243872 -0.119268 0.576967
v -0.242452 -0.120087 0.578062
v -0.242722 -0.120687 0.577903
v -0.243647 -0.117939 0.575069
v -0.244355 -0.118234 0.575262
v -0.243647 -0.117939 0.575069
v -0.238512 -0.119545 0.573895
v -0.238137 -0.120053 0.575180
v -0.238137 -0.120053 0.575180
v -0.238512 -0.119545 0.573895
v -0.238757 -0.119403 0.574319
v -0.243439 -0.118763 0.569944
v -0.237200 -0.123875 0.571527
v -0.236403 -0.123580 0.573394
v -0.236878 -0.124060 0.573394
v -0.236403 -0.123580 0.573394
v -0.237200 -0.123875 0.571527
v -0.236736 -0.123388 0.571461
v -0.242859 -0.121311 0.569352
v -0.244093 -0.119895 0.569944
v -0.242722 -0.120687 0.568886
v -0.244093 -0.119895 0.569944
v -0.242859 -0.121311 0.569352
v -0.241705 -0.117993 0.574361
v -0.241705 -0.117993 0.574361
v -0.240604 -0.118337 0.573895
v -0.241231 -0.118266 0.575180
v -0.241231 -0.118266 0.575180
v -0.240604 -0.118337 0.573895
v -0.241705 -0.117993 0.574361
v -0.240604 -0.118337 0.573895
v -0.240359 -0.118479 0.574319
v -0.239515 -0.118866 0.573394
v -0.240521 -0.118676 0.571060
v -0.240521 -0.118676 0.571060
v -0.241231 -0.118266 0.571608
v -0.241596 -0.119123 0.569352
v -0.242072 -0.118244 0.570868
v -0.241069 -0.118824 0.570094
v -0.242072 -0.118244 0.570868
v -0.241596 -0.119123 0.569352
v -0.242826 -0.118413 0.570300
v -0.241069 -0.118824 0.570094
v -0.239684 -0.119160 0.570868
v -0.239885 -0.119507 0.569822
v -0.239684 -0.119160 0.570868
v -0.241069 -0.118824 0.570094
v -0.240521 -0.118676 0.571060
v -0.238701 -0.120191 0.576695
v -0.240146 -0.119960 0.577770
v -0.238696 -0.120798 0.577436
v -0.240146 -0.119960 0.577770
v -0.238701 -0.120191 0.576695
v -0.237663 -0.120327 0.574361
v -0.237697 -0.120770 0.575920
v -0.237697 -0.120770 0.575920
v -0.237663 -0.120327 0.574361
v -0.238137 -0.120053 0.575180
v -0.237026 -0.121158 0.572027
v -0.236791 -0.121293 0.573394
v -0.237026 -0.121158 0.572027
v -0.244820 -0.118720 0.575328
v -0.244093 -0.119895 0.576845
v -0.243872 -0.119268 0.576967
v -0.244093 -0.119895 0.576845
v -0.244820 -0.118720 0.575328
v -0.238116 -0.123346 0.569944
v -0.236736 -0.123388 0.571461
v -0.237200 -0.123875 0.571527
v -0.236736 -0.123388 0.571461
v -0.238116 -0.123346 0.569944
v -0.237684 -0.122840 0.569822
v -0.242826 -0.118413 0.570300
v -0.242072 -0.118244 0.570868
v -0.242826 -0.118413 0.570300
v -0.243647 -0.117939 0.571720
v -0.240451 -0.120488 0.578274
v -0.238696 -0.120798 0.577436
v -0.240146 -0.119960 0.577770
v -0.238696 -0.120798 0.577436
v -0.240451 -0.120488 0.578274
v -0.237496 -0.120423 0.573394
v -0.237026 -0.121158 0.574761
v -0.236791 -0.121293 0.573394
v -0.237026 -0.121158 0.574761
v -0.237496 -0.120423 0.573394
v -0.237663 -0.120327 0.574361
v -0.239558 -0.118941 0.574702
v -0.239124 -0.119191 0.574602
v -0.239515 -0.118866 0.573394
v -0.245009 -0.119366 0.571527
v -0.245009 -0.119366 0.571527
v -0.238834 -0.121422 0.568886
v -0.240146 -0.119960 0.569019
v -0.238696 -0.120798 0.569352
v -0.240146 -0.119960 0.569019
v -0.238834 -0.121422 0.568886
v -0.240451 -0.120488 0.568514
v -0.239515 -0.118866 0.573394
v -0.239124 -0.119191 0.572186
v -0.239124 -0.119191 0.574602
v -0.238847 -0.119643 0.575728
v -0.239124 -0.119191 0.574602
v -0.239558 -0.118941 0.574702
v -0.236546 -0.122742 0.575262
v -0.237467 -0.121507 0.576488
v -0.237467 -0.121507 0.576488
v -0.236546 -0.122742 0.575262
v -0.238847 -0.119643 0.575728
v -0.239885 -0.119507 0.576967
v -0.238701 -0.120191 0.576695
v -0.239885 -0.119507 0.576967
v -0.238847 -0.119643 0.575728
v -0.239684 -0.119160 0.575920
v -0.243647 -0.117939 0.571720
v -0.244677 -0.118048 0.573394
v -0.243935 -0.117773 0.573394
v -0.244677 -0.118048 0.573394
v -0.243647 -0.117939 0.571720
v -0.244355 -0.118234 0.571527
v -0.240359 -0.118479 0.574319
v -0.239991 -0.118691 0.574602
v -0.240359 -0.118479 0.574319
v -0.241231 -0.118266 0.575180
v -0.239515 -0.118866 0.573394
v -0.238757 -0.119403 0.572470
v -0.240359 -0.118479 0.574319
v -0.239991 -0.118691 0.574602
v -0.239515 -0.118866 0.573394
v -0.245331 -0.119180 0.573394
v -0.245009 -0.119366 0.575262
v -0.245331 -0.119180 0.573394
v -0.245199 -0.119960 0.573394
v -0.238834 -0.121422 0.577903
v -0.237467 -0.121507 0.576488
v -0.238696 -0.120798 0.577436
v -0.237467 -0.121507 0.576488
v -0.238834 -0.121422 0.577903
v -0.237463 -0.122213 0.576845
v -0.238757 -0.119403 0.574319
v -0.238847 -0.119643 0.575728
v -0.238137 -0.120053 0.575180
v -0.238847 -0.119643 0.575728
v -0.238757 -0.119403 0.574319
v -0.239124 -0.119191 0.574602
v -0.243439 -0.118763 0.576845
v -0.241596 -0.119123 0.577436
v -0.242826 -0.118413 0.576488
v -0.241596 -0.119123 0.577436
v -0.243439 -0.118763 0.576845
v -0.242068 -0.119554 0.577903
v -0.237463 -0.122213 0.569944
v -0.238696 -0.120798 0.569352
v -0.237467 -0.121507 0.570300
v -0.238696 -0.120798 0.569352
v -0.237463 -0.122213 0.569944
v -0.238834 -0.121422 0.568886
v -0.236736 -0.123388 0.571461
v -0.237463 -0.122213 0.569944
v -0.236546 -0.122742 0.571527
v -0.237463 -0.122213 0.569944
v -0.236736 -0.123388 0.571461
v -0.237684 -0.122840 0.569822
v -0.236791 -0.121293 0.573394
v -0.236646 -0.121981 0.575069
v -0.236357 -0.122148 0.573394
v -0.236646 -0.121981 0.575069
v -0.236791 -0.121293 0.573394
v -0.237026 -0.121158 0.574761
v -0.240521 -0.118676 0.575728
v -0.239885 -0.119507 0.576967
v -0.239684 -0.119160 0.575920
v -0.239885 -0.119507 0.576967
v -0.240521 -0.118676 0.575728
v -0.239991 -0.118691 0.574602
v -0.239684 -0.119160 0.575920
v -0.239558 -0.118941 0.574702
v -0.239684 -0.119160 0.575920
v -0.239991 -0.118691 0.574602
v -0.240521 -0.118676 0.575728
v -0.242072 -0.118244 0.575920
v -0.241596 -0.119123 0.577436
v -0.241069 -0.118824 0.576695
v -0.241596 -0.119123 0.577436
v -0.242072 -0.118244 0.575920
v -0.242826 -0.118413 0.576488
v -0.241231 -0.118266 0.575180
v -0.241069 -0.118824 0.576695
v -0.240521 -0.118676 0.575728
v -0.241069 -0.118824 0.576695
v -0.241231 -0.118266 0.575180
v -0.242072 -0.118244 0.575920
v -0.236736 -0.123388 0.575328
v -0.237463 -0.122213 0.576845
v -0.237684 -0.122840 0.576967
v -0.237463 -0.122213 0.576845
v -0.236736 -0.123388 0.575328
v -0.236546 -0.122742 0.575262
v -0.244910 -0.120127 0.575069
v -0.244910 -0.120127 0.575069
v -0.242859 -0.121311 0.569352
v -0.242859 -0.121311 0.569352
v -0.244089 -0.120601 0.570300
v -0.244089 -0.120601 0.570300
v -0.244910 -0.120127 0.571720
v -0.244910 -0.120127 0.571720
v -0.244910 -0.120127 0.575069
v -0.244910 -0.120127 0.571720
v -0.244910 -0.120127 0.575069
v -0.245199 -0.119960 0.573394
v -0.237909 -0.124169 0.571720
v -0.238730 -0.123695 0.570300
v -0.237909 -0.124169 0.571720
v -0.238730 -0.123695 0.570300
v -0.238730 -0.123695 0.570300
v -0.239959 -0.122985 0.569352
v -0.239959 -0.122985 0.569352
v -0.239959 -0.122985 0.569352
v -0.241409 -0.122148 0.569019
v -0.241409 -0.122148 0.569019
v -0.241409 -0.122148 0.569019
v -0.242859 -0.121311 0.569352
v -0.237909 -0.124169 0.571720
v -0.237620 -0.124336 0.573394
v -0.237909 -0.124169 0.571720
v -0.237909 -0.124169 0.571720
v -0.236225 -0.122928 0.573394
v -0.236646 -0.121981 0.575069
v -0.236546 -0.122742 0.575262
v -0.236646 -0.121981 0.575069
v -0.236225 -0.122928 0.573394
v -0.236357 -0.122148 0.573394
v -0.242743 -0.117857 0.574761
v -0.242826 -0.118413 0.576488
v -0.242072 -0.118244 0.575920
v -0.242826 -0.118413 0.576488
v -0.242743 -0.117857 0.574761
v -0.243647 -0.117939 0.575069
v -0.242452 -0.120087 0.578062
v -0.240451 -0.120488 0.578274
v -0.242068 -0.119554 0.577903
v -0.240451 -0.120488 0.578274
v -0.242452 -0.120087 0.578062
v -0.240778 -0.121054 0.578446
v -0.241231 -0.118266 0.571608
v -0.240604 -0.118337 0.572894
v -0.240359 -0.118479 0.572470
v -0.240604 -0.118337 0.572894
v -0.241231 -0.118266 0.571608
v -0.241705 -0.117993 0.572428
v -0.242072 -0.118244 0.570868
v -0.241705 -0.117993 0.572428
v -0.241231 -0.118266 0.571608
v -0.241705 -0.117993 0.572428
v -0.242072 -0.118244 0.570868
v -0.242743 -0.117857 0.572027
v -0.238730 -0.123695 0.570300
v -0.237200 -0.123875 0.571527
v -0.237909 -0.124169 0.571720
v -0.237200 -0.123875 0.571527
v -0.238730 -0.123695 0.570300
v -0.238116 -0.123346 0.569944
v -0.239959 -0.122985 0.569352
v -0.241105 -0.121620 0.568514
v -0.239487 -0.122554 0.568886
v -0.241105 -0.121620 0.568514
v -0.239959 -0.122985 0.569352
v -0.241409 -0.122148 0.569019
v -0.245009 -0.119366 0.575262
v -0.244820 -0.118720 0.575328
v -0.245009 -0.119366 0.575262
v -0.245331 -0.119180 0.573394
v -0.244355 -0.118234 0.575262
v -0.245153 -0.118528 0.573394
v -0.244820 -0.118720 0.575328
v -0.245153 -0.118528 0.573394
v -0.244355 -0.118234 0.575262
v -0.244677 -0.118048 0.573394
v -0.242743 -0.117857 0.572027
v -0.241872 -0.117897 0.573394
v -0.241705 -0.117993 0.572428
v -0.241872 -0.117897 0.573394
v -0.242743 -0.117857 0.572027
v -0.243647 -0.117939 0.571720
v -0.242979 -0.117721 0.573394
v -0.242743 -0.117857 0.572027
v -0.242979 -0.117721 0.573394
v -0.243647 -0.117939 0.571720
v -0.243935 -0.117773 0.573394
v -0.244355 -0.118234 0.571527
v -0.245153 -0.118528 0.573394
v -0.244677 -0.118048 0.573394
v -0.245153 -0.118528 0.573394
v -0.244355 -0.118234 0.571527
v -0.244820 -0.118720 0.571461
v -0.239103 -0.122021 0.578062
v -0.237463 -0.122213 0.576845
v -0.238834 -0.121422 0.577903
v -0.237463 -0.122213 0.576845
v -0.239103 -0.122021 0.578062
v -0.237684 -0.122840 0.576967
v -0.244089 -0.120601 0.576488
v -0.242722 -0.120687 0.577903
v -0.244093 -0.119895 0.576845
v -0.242722 -0.120687 0.577903
v -0.244089 -0.120601 0.576488
v -0.242859 -0.121311 0.577436
v -0.244820 -0.118720 0.571461
v -0.245331 -0.119180 0.573394
v -0.245153 -0.118528 0.573394
v -0.245331 -0.119180 0.573394
v -0.244820 -0.118720 0.571461
v -0.245009 -0.119366 0.571527
v -0.239515 -0.118866 0.573394
v -0.238425 -0.119595 0.573394
v -0.238512 -0.119545 0.572894
v -0.240521 -0.118676 0.571060
v -0.239558 -0.118941 0.572087
v -0.239684 -0.119160 0.570868
v -0.239558 -0.118941 0.572087
v -0.240521 -0.118676 0.571060
v -0.239991 -0.118691 0.572186
v -0.239991 -0.118691 0.572186
v -0.239515 -0.118866 0.573394
v -0.239558 -0.118941 0.572087
v -0.239515 -0.118866 0.573394
v -0.239124 -0.119191 0.572186
v -0.239558 -0.118941 0.572087
v -0.238137 -0.120053 0.571608
v -0.238512 -0.119545 0.572894
v -0.237663 -0.120327 0.572428
v -0.238512 -0.119545 0.572894
v -0.238137 -0.120053 0.571608
v -0.238757 -0.119403 0.572470
v -0.243439 -0.118763 0.569944
v -0.244820 -0.118720 0.571461
v -0.244355 -0.118234 0.571527
v -0.244820 -0.118720 0.571461
v -0.243439 -0.118763 0.569944
v -0.243872 -0.119268 0.569822
v -0.239959 -0.122985 0.577436
v -0.238116 -0.123346 0.576845
v -0.239487 -0.122554 0.577903
v -0.238116 -0.123346 0.576845
v -0.239959 -0.122985 0.577436
v -0.238730 -0.123695 0.576488
v -0.241409 -0.122148 0.577770
v -0.239487 -0.122554 0.577903
v -0.241105 -0.121620 0.578274
v -0.239487 -0.122554 0.577903
v -0.241409 -0.122148 0.577770
v -0.239959 -0.122985 0.577436
v -0.238847 -0.119643 0.571060
v -0.238757 -0.119403 0.572470
v -0.238137 -0.120053 0.571608
v -0.238757 -0.119403 0.572470
v -0.238847 -0.119643 0.571060
v -0.239124 -0.119191 0.572186
v -0.240778 -0.121054 0.578446
v -0.238834 -0.121422 0.577903
v -0.240451 -0.120488 0.578274
v -0.238834 -0.121422 0.577903
v -0.240778 -0.121054 0.578446
v -0.239103 -0.122021 0.578062
v -0.237026 -0.121158 0.574761
v -0.237467 -0.121507 0.576488
v -0.236646 -0.121981 0.575069
v -0.237467 -0.121507 0.576488
v -0.237026 -0.121158 0.574761
v -0.237697 -0.120770 0.575920
v -0.236403 -0.123580 0.573394
v -0.236736 -0.123388 0.575328
v -0.236403 -0.123580 0.573394
v -0.236878 -0.124060 0.573394
v -0.237663 -0.120327 0.572428
v -0.238425 -0.119595 0.573394
v -0.237496 -0.120423 0.573394
v -0.238425 -0.119595 0.573394
v -0.237663 -0.120327 0.572428
v -0.238512 -0.119545 0.572894
v -0.237909 -0.124169 0.575069
v -0.236878 -0.124060 0.573394
v -0.237200 -0.123875 0.575262
v -0.236878 -0.124060 0.573394
v -0.237909 -0.124169 0.575069
v -0.237620 -0.124336 0.573394
v -0.245009 -0.119366 0.571527
v -0.244089 -0.120601 0.570300
v -0.244910 -0.120127 0.571720
v -0.244089 -0.120601 0.570300
v -0.245009 -0.119366 0.571527
v -0.244093 -0.119895 0.569944
v -0.242068 -0.119554 0.568886
v -0.242826 -0.118413 0.570300
v -0.241596 -0.119123 0.569352
v -0.242826 -0.118413 0.570300
v -0.242068 -0.119554 0.568886
v -0.243439 -0.118763 0.569944
v -0.238116 -0.123346 0.576845
v -0.236736 -0.123388 0.575328
v -0.237684 -0.122840 0.576967
v -0.236736 -0.123388 0.575328
v -0.238116 -0.123346 0.576845
v -0.237200 -0.123875 0.575262
v -0.238696 -0.120798 0.569352
v -0.237697 -0.120770 0.570868
v -0.237467 -0.121507 0.570300
v -0.237697 -0.120770 0.570868
v -0.238696 -0.120798 0.569352
v -0.238701 -0.120191 0.570094
v -0.242979 -0.117721 0.573394
v -0.243647 -0.117939 0.575069
v -0.242743 -0.117857 0.574761
v -0.243647 -0.117939 0.575069
v -0.242979 -0.117721 0.573394
v -0.243935 -0.117773 0.573394
v -0.241872 -0.117897 0.573394
v -0.242743 -0.117857 0.574761
v -0.241705 -0.117993 0.574361
v -0.242743 -0.117857 0.574761
v -0.241872 -0.117897 0.573394
v -0.242979 -0.117721 0.573394
v -0.242859 -0.121311 0.577436
v -0.241105 -0.121620 0.578274
v -0.242722 -0.120687 0.577903
v -0.241105 -0.121620 0.578274
v -0.242859 -0.121311 0.577436
v -0.241409 -0.122148 0.577770
v -0.237467 -0.121507 0.570300
v -0.237026 -0.121158 0.572027
v -0.236646 -0.121981 0.571720
v -0.237026 -0.121158 0.572027
v -0.237467 -0.121507 0.570300
v -0.237697 -0.120770 0.570868
v -0.238730 -0.123695 0.576488
v -0.237200 -0.123875 0.575262
v -0.238116 -0.123346 0.576845
v -0.237200 -0.123875 0.575262
v -0.238730 -0.123695 0.576488
v -0.237909 -0.124169 0.575069
v -0.241105 -0.121620 0.578274
v -0.239103 -0.122021 0.578062
v -0.240778 -0.121054 0.578446
v -0.239103 -0.122021 0.578062
v -0.241105 -0.121620 0.578274
v -0.239487 -0.122554 0.577903
v -0.241596 -0.119123 0.569352
v -0.239885 -0.119507 0.569822
v -0.240146 -0.119960 0.569019
v -0.239885 -0.119507 0.569822
v -0.241596 -0.119123 0.569352
v -0.241069 -0.118824 0.570094
v -0.241105 -0.121620 0.568514
v -0.242452 -0.120087 0.568727
v -0.240778 -0.121054 0.568342
v -0.242452 -0.120087 0.568727
v -0.241105 -0.121620 0.568514
v -0.242722 -0.120687 0.568886
v -0.237697 -0.120770 0.570868
v -0.237663 -0.120327 0.572428
v -0.237026 -0.121158 0.572027
v -0.237663 -0.120327 0.572428
v -0.237697 -0.120770 0.570868
v -0.238137 -0.120053 0.571608
v -0.239487 -0.122554 0.568886
v -0.240778 -0.121054 0.568342
v -0.239103 -0.122021 0.568727
v -0.240778 -0.121054 0.568342
v -0.239487 -0.122554 0.568886
v -0.241105 -0.121620 0.568514
v -0.241069 -0.118824 0.576695
v -0.240146 -0.119960 0.577770
v -0.239885 -0.119507 0.576967
v -0.240146 -0.119960 0.577770
v -0.241069 -0.118824 0.576695
v -0.241596 -0.119123 0.577436
v -0.240359 -0.118479 0.572470
v -0.239515 -0.118866 0.573394
v -0.239991 -0.118691 0.572186
v -0.240604 -0.118337 0.572894
v -0.239515 -0.118866 0.573394
v -0.240359 -0.118479 0.572470
v -0.242722 -0.120687 0.568886
v -0.243872 -0.119268 0.569822
v -0.242452 -0.120087 0.568727
v -0.243872 -0.119268 0.569822
v -0.242722 -0.120687 0.568886
v -0.244093 -0.119895 0.569944
v -0.238425 -0.119595 0.573394
v -0.237663 -0.120327 0.574361
v -0.237496 -0.120423 0.573394
v -0.237663 -0.120327 0.574361
v -0.238425 -0.119595 0.573394
v -0.238512 -0.119545 0.573895
v -0.245009 -0.119366 0.575262
v -0.244089 -0.120601 0.576488
v -0.244093 -0.119895 0.576845
v -0.244089 -0.120601 0.576488
v -0.245009 -0.119366 0.575262
v -0.244910 -0.120127 0.575069
v -0.240573 -0.121803 0.570313
v -0.240931 -0.122424 0.572687
v -0.240573 -0.121803 0.572687
v -0.240931 -0.122424 0.572687
v -0.240573 -0.121803 0.570313
v -0.240931 -0.122424 0.570313
v -0.240931 -0.122424 0.572687
v -0.238277 -0.123129 0.572687
v -0.240573 -0.121803 0.572687
v -0.238277 -0.123129 0.572687
v -0.240931 -0.122424 0.572687
v -0.238635 -0.123750 0.572687
v -0.238277 -0.123129 0.572687
v -0.238635 -0.123750 0.574223
v -0.238277 -0.123129 0.574223
v -0.238635 -0.123750 0.574223
v -0.238277 -0.123129 0.572687
v -0.238635 -0.123750 0.572687
v -0.238635 -0.123750 0.574223
v -0.240573 -0.121803 0.574223
v -0.238277 -0.123129 0.574223
v -0.240573 -0.121803 0.574223
v -0.238635 -0.123750 0.574223
v -0.240931 -0.122424 0.574223
v -0.240573 -0.121803 0.574223
v -0.240931 -0.122424 0.576740
v -0.240573 -0.121803 0.576740
v -0.240931 -0.122424 0.576740
v -0.240573 -0.121803 0.574223
v -0.240931 -0.122424 0.574223
v -0.240931 -0.122424 0.576740
v -0.241947 -0.121010 0.576740
v -0.240573 -0.121803 0.576740
v -0.241947 -0.121010 0.576740
v -0.240931 -0.122424 0.576740
v -0.242306 -0.121630 0.576740
v -0.242306 -0.121630 0.574223
v -0.241947 -0.121010 0.576740
v -0.242306 -0.121630 0.576740
v -0.241947 -0.121010 0.576740
v -0.242306 -0.121630 0.574223
v -0.241947 -0.121010 0.574223
v -0.242306 -0.121630 0.574223
v -0.244042 -0.119800 0.574223
v -0.241947 -0.121010 0.574223
v -0.244042 -0.119800 0.574223
v -0.242306 -0.121630 0.574223
v -0.244400 -0.120421 0.574223
v -0.244400 -0.120421 0.572687
v -0.244042 -0.119800 0.574223
v -0.244400 -0.120421 0.574223
v -0.244042 -0.119800 0.574223
v -0.244400 -0.120421 0.572687
v -0.244042 -0.119800 0.572687
v -0.244400 -0.120421 0.572687
v -0.241947 -0.121010 0.572687
v -0.244042 -0.119800 0.572687
v -0.241947 -0.121010 0.572687
v -0.244400 -0.120421 0.572687
v -0.242306 -0.121630 0.572687
v -0.242306 -0.121630 0.570313
v -0.241947 -0.121010 0.572687
v -0.242306 -0.121630 0.572687
v -0.241947 -0.121010 0.572687
v -0.242306 -0.121630 0.570313
v -0.241947 -0.121010 0.570313
v -0.242306 -0.121630 0.570313
v -0.240573 -0.121803 0.570313
v -0.241947 -0.121010 0.570313
v -0.240573 -0.121803 0.570313
v -0.242306 -0.121630 0.570313
v -0.240931 -0.122424 0.570313
v -0.405133 -0.039310 0.562237
v -0.406054 -0.038075 0.561011
v -0.405232 -0.038549 0.562430
v -0.406049 -0.038781 0.560654
v -0.408471 -0.036075 0.560532
v -0.407433 -0.036210 0.561771
v -0.407287 -0.036758 0.560804
v -0.408271 -0.035727 0.561579
v -0.405322 -0.039955 0.562171
v -0.404811 -0.039495 0.564105
v -0.404989 -0.040148 0.564105
v -0.404944 -0.038715 0.564105
v -0.408101 -0.035434 0.564105
v -0.407344 -0.035971 0.565029
v -0.407098 -0.036113 0.564605
v -0.406724 -0.036620 0.562318
v -0.406284 -0.037338 0.561579
v -0.408074 -0.039122 0.568613
v -0.406271 -0.039408 0.567677
v -0.407690 -0.038588 0.568772
v -0.406703 -0.039913 0.567555
v -0.407317 -0.040262 0.561011
v -0.408074 -0.039122 0.559596
v -0.406703 -0.039913 0.560654
v -0.408546 -0.039553 0.560062
v -0.409277 -0.034855 0.564105
v -0.409191 -0.034904 0.564605
v -0.411039 -0.036655 0.559437
v -0.412026 -0.035330 0.560654
v -0.410655 -0.036122 0.559596
v -0.412458 -0.035835 0.560532
v -0.410292 -0.034560 0.565071
v -0.410458 -0.034464 0.564105
v -0.412026 -0.035330 0.567555
v -0.413407 -0.035288 0.566038
v -0.412458 -0.035835 0.567677
v -0.412942 -0.034801 0.565972
v -0.408578 -0.035258 0.565313
v -0.408144 -0.035508 0.565412
v -0.410292 -0.034560 0.563138
v -0.409191 -0.034904 0.563604
v -0.411309 -0.037254 0.568613
v -0.409364 -0.037622 0.569157
v -0.411039 -0.036655 0.568772
v -0.409691 -0.038188 0.568985
v -0.409655 -0.035391 0.560804
v -0.409817 -0.034834 0.562318
v -0.409108 -0.035244 0.561771
v -0.410659 -0.034812 0.561579
v -0.409364 -0.037622 0.559053
v -0.409037 -0.037055 0.559225
v -0.407690 -0.038588 0.559437
v -0.407420 -0.037989 0.559596
v -0.409996 -0.038715 0.559729
v -0.411309 -0.037254 0.559596
v -0.409691 -0.038188 0.559225
v -0.411446 -0.037878 0.560062
v -0.406271 -0.039408 0.560532
v -0.408733 -0.036528 0.559729
v -0.407283 -0.037365 0.560062
v -0.405377 -0.037861 0.564105
v -0.405613 -0.037725 0.562738
v -0.407711 -0.035759 0.562897
v -0.408144 -0.035508 0.562797
v -0.410183 -0.035691 0.560062
v -0.407711 -0.035759 0.565313
v -0.406495 -0.040737 0.562430
v -0.405465 -0.040628 0.564105
v -0.406207 -0.040903 0.564105
v -0.405787 -0.040442 0.562237
v -0.405133 -0.039310 0.565972
v -0.405322 -0.039955 0.566038
v -0.411412 -0.034981 0.567199
v -0.412234 -0.034507 0.565779
v -0.406724 -0.036620 0.565891
v -0.407287 -0.036758 0.567405
v -0.406284 -0.037338 0.566631
v -0.407433 -0.036210 0.566438
v -0.407283 -0.037365 0.568147
v -0.406054 -0.038075 0.567199
v -0.410655 -0.036122 0.568613
v -0.408733 -0.036528 0.568480
v -0.410183 -0.035691 0.568147
v -0.409037 -0.037055 0.568985
v -0.407012 -0.036162 0.564105
v -0.413407 -0.035288 0.562171
v -0.412680 -0.036462 0.560654
v -0.413596 -0.035934 0.562237
v -0.412680 -0.036462 0.567555
v -0.413264 -0.034615 0.564105
v -0.412522 -0.034340 0.564105
v -0.406249 -0.036894 0.565071
v -0.411412 -0.034981 0.561011
v -0.412942 -0.034801 0.562237
v -0.412234 -0.034507 0.562430
v -0.412675 -0.037169 0.561011
v -0.410659 -0.034812 0.566631
v -0.409817 -0.034834 0.565891
v -0.411330 -0.034424 0.565472
v -0.408945 -0.035046 0.565029
v -0.408945 -0.035046 0.563180
v -0.408578 -0.035258 0.562897
v -0.408471 -0.036075 0.567677
v -0.405613 -0.037725 0.565472
v -0.406083 -0.036990 0.564105
v -0.406249 -0.036894 0.563138
v -0.413596 -0.035934 0.565972
v -0.411330 -0.034424 0.562738
v -0.407420 -0.037989 0.568613
v -0.413785 -0.036528 0.564105
v -0.413918 -0.035748 0.564105
v -0.413497 -0.036694 0.562430
v -0.407344 -0.035971 0.563180
v -0.408271 -0.035727 0.566631
v -0.406049 -0.038781 0.567555
v -0.405232 -0.038549 0.565779
v -0.409108 -0.035244 0.566438
v -0.407098 -0.036113 0.563604
v -0.413497 -0.036694 0.565779
v -0.409655 -0.035391 0.567405
v -0.409996 -0.038715 0.568480
v -0.409518 -0.038992 0.567450
v -0.408546 -0.039553 0.568147
v -0.410892 -0.038198 0.567450
v -0.411446 -0.037878 0.568147
v -0.410892 -0.038198 0.564934
v -0.412987 -0.036989 0.564934
v -0.412675 -0.037169 0.567199
v -0.412987 -0.036989 0.563398
v -0.410892 -0.038198 0.561024
v -0.410892 -0.038198 0.563398
v -0.407222 -0.040317 0.563398
v -0.407222 -0.040317 0.564934
v -0.409518 -0.038992 0.563398
v -0.409518 -0.038992 0.561024
v -0.406495 -0.040737 0.565779
v -0.407317 -0.040262 0.567199
v -0.409518 -0.038992 0.564934
v -0.413740 -0.035096 0.564105
v -0.411565 -0.034288 0.564105
v -0.405787 -0.040442 0.565972
v -0.412628 -0.036368 0.564934
v -0.410534 -0.037577 0.563398
v -0.410534 -0.037577 0.564934
v -0.412628 -0.036368 0.563398
v -0.410534 -0.037577 0.567450
v -0.409159 -0.038371 0.564934
v -0.409159 -0.038371 0.567450
v -0.409159 -0.038371 0.563398
v -0.409159 -0.038371 0.561024
v -0.410534 -0.037577 0.561024
v -0.406863 -0.039696 0.563398
v -0.406863 -0.039696 0.564934
v -0.405133 -0.039310 0.562237
v -0.405133 -0.039310 0.562237
v -0.404811 -0.039495 0.564105
v -0.405133 -0.039310 0.562237
v -0.405232 -0.038549 0.562430
v -0.407287 -0.036758 0.560804
v -0.407287 -0.036758 0.560804
v -0.407433 -0.036210 0.561771
v -0.408101 -0.035434 0.564105
v -0.409277 -0.034855 0.564105
v -0.409191 -0.034904 0.564605
v -0.409277 -0.034855 0.564105
v -0.408101 -0.035434 0.564105
v -0.409277 -0.034855 0.564105
v -0.409277 -0.034855 0.564105
v -0.410458 -0.034464 0.564105
v -0.410655 -0.036122 0.559596
v -0.410655 -0.036122 0.559596
v -0.411039 -0.036655 0.559437
v -0.409037 -0.037055 0.559225
v -0.409037 -0.037055 0.559225
v -0.409364 -0.037622 0.559053
v -0.406703 -0.039913 0.560654
v -0.407690 -0.038588 0.559437
v -0.407690 -0.038588 0.559437
v -0.406703 -0.039913 0.560654
v -0.408074 -0.039122 0.559596
v -0.406271 -0.039408 0.560532
v -0.407420 -0.037989 0.559596
v -0.406049 -0.038781 0.560654
v -0.407420 -0.037989 0.559596
v -0.406271 -0.039408 0.560532
v -0.407690 -0.038588 0.559437
v -0.407287 -0.036758 0.560804
v -0.407287 -0.036758 0.560804
v -0.408471 -0.036075 0.560532
v -0.405232 -0.038549 0.562430
v -0.404944 -0.038715 0.564105
v -0.405232 -0.038549 0.562430
v -0.408271 -0.035727 0.561579
v -0.407433 -0.036210 0.561771
v -0.408271 -0.035727 0.561579
v -0.409037 -0.037055 0.559225
v -0.408733 -0.036528 0.559729
v -0.409037 -0.037055 0.559225
v -0.410655 -0.036122 0.559596
v -0.408101 -0.035434 0.564105
v -0.407344 -0.035971 0.565029
v -0.404989 -0.040148 0.564105
v -0.404989 -0.040148 0.564105
v -0.404811 -0.039495 0.564105
v -0.409277 -0.034855 0.564105
v -0.408101 -0.035434 0.564105
v -0.409191 -0.034904 0.563604
v -0.412942 -0.034801 0.565972
v -0.412026 -0.035330 0.567555
v -0.412942 -0.034801 0.565972
v -0.406284 -0.037338 0.566631
v -0.406284 -0.037338 0.566631
v -0.407287 -0.036758 0.567405
v -0.408101 -0.035434 0.564105
v -0.407098 -0.036113 0.564605
v -0.412458 -0.035835 0.567677
v -0.410655 -0.036122 0.568613
v -0.412026 -0.035330 0.567555
v -0.410655 -0.036122 0.568613
v -0.412458 -0.035835 0.567677
v -0.411039 -0.036655 0.568772
v -0.412458 -0.035835 0.560532
v -0.411039 -0.036655 0.568772
v -0.412458 -0.035835 0.567677
v -0.411039 -0.036655 0.568772
v -0.411309 -0.037254 0.568613
v -0.412234 -0.034507 0.565779
v -0.412942 -0.034801 0.565972
v -0.412234 -0.034507 0.565779
v -0.407098 -0.036113 0.564605
v -0.406724 -0.036620 0.565891
v -0.406724 -0.036620 0.565891
v -0.407098 -0.036113 0.564605
v -0.407344 -0.035971 0.565029
v -0.412026 -0.035330 0.560654
v -0.405787 -0.040442 0.562237
v -0.404989 -0.040148 0.564105
v -0.405465 -0.040628 0.564105
v -0.404989 -0.040148 0.564105
v -0.405787 -0.040442 0.562237
v -0.405322 -0.039955 0.562171
v -0.411446 -0.037878 0.560062
v -0.412680 -0.036462 0.560654
v -0.411309 -0.037254 0.559596
v -0.412680 -0.036462 0.560654
v -0.411446 -0.037878 0.560062
v -0.410292 -0.034560 0.565071
v -0.410292 -0.034560 0.565071
v -0.409191 -0.034904 0.564605
v -0.409817 -0.034834 0.565891
v -0.409817 -0.034834 0.565891
v -0.409191 -0.034904 0.564605
v -0.410292 -0.034560 0.565071
v -0.409191 -0.034904 0.564605
v -0.408945 -0.035046 0.565029
v -0.408101 -0.035434 0.564105
v -0.409108 -0.035244 0.561771
v -0.409108 -0.035244 0.561771
v -0.409817 -0.034834 0.562318
v -0.410183 -0.035691 0.560062
v -0.410659 -0.034812 0.561579
v -0.409655 -0.035391 0.560804
v -0.410659 -0.034812 0.561579
v -0.410183 -0.035691 0.560062
v -0.411412 -0.034981 0.561011
v -0.409655 -0.035391 0.560804
v -0.408271 -0.035727 0.561579
v -0.408471 -0.036075 0.560532
v -0.408271 -0.035727 0.561579
v -0.409655 -0.035391 0.560804
v -0.409108 -0.035244 0.561771
v -0.407287 -0.036758 0.567405
v -0.408733 -0.036528 0.568480
v -0.407283 -0.037365 0.568147
v -0.408733 -0.036528 0.568480
v -0.407287 -0.036758 0.567405
v -0.406249 -0.036894 0.565071
v -0.406284 -0.037338 0.566631
v -0.406284 -0.037338 0.566631
v -0.406249 -0.036894 0.565071
v -0.406724 -0.036620 0.565891
v -0.405613 -0.037725 0.562738
v -0.405377 -0.037861 0.564105
v -0.405613 -0.037725 0.562738
v -0.413407 -0.035288 0.566038
v -0.412680 -0.036462 0.567555
v -0.412458 -0.035835 0.567677
v -0.412680 -0.036462 0.567555
v -0.413407 -0.035288 0.566038
v -0.406703 -0.039913 0.560654
v -0.405322 -0.039955 0.562171
v -0.405787 -0.040442 0.562237
v -0.405322 -0.039955 0.562171
v -0.406703 -0.039913 0.560654
v -0.406271 -0.039408 0.560532
v -0.411412 -0.034981 0.561011
v -0.410659 -0.034812 0.561579
v -0.411412 -0.034981 0.561011
v -0.412234 -0.034507 0.562430
v -0.409037 -0.037055 0.568985
v -0.407283 -0.037365 0.568147
v -0.408733 -0.036528 0.568480
v -0.407283 -0.037365 0.568147
v -0.409037 -0.037055 0.568985
v -0.406083 -0.036990 0.564105
v -0.405613 -0.037725 0.565472
v -0.405377 -0.037861 0.564105
v -0.405613 -0.037725 0.565472
v -0.406083 -0.036990 0.564105
v -0.406249 -0.036894 0.565071
v -0.408144 -0.035508 0.565412
v -0.407711 -0.035759 0.565313
v -0.408101 -0.035434 0.564105
v -0.413596 -0.035934 0.562237
v -0.413596 -0.035934 0.562237
v -0.407420 -0.037989 0.559596
v -0.408733 -0.036528 0.559729
v -0.407283 -0.037365 0.560062
v -0.408733 -0.036528 0.559729
v -0.407420 -0.037989 0.559596
v -0.409037 -0.037055 0.559225
v -0.408101 -0.035434 0.564105
v -0.407711 -0.035759 0.562897
v -0.407711 -0.035759 0.565313
v -0.407433 -0.036210 0.566438
v -0.407711 -0.035759 0.565313
v -0.408144 -0.035508 0.565412
v -0.405133 -0.039310 0.565972
v -0.406054 -0.038075 0.567199
v -0.406054 -0.038075 0.567199
v -0.405133 -0.039310 0.565972
v -0.407433 -0.036210 0.566438
v -0.408471 -0.036075 0.567677
v -0.407287 -0.036758 0.567405
v -0.408471 -0.036075 0.567677
v -0.407433 -0.036210 0.566438
v -0.408271 -0.035727 0.566631
v -0.412234 -0.034507 0.562430
v -0.413264 -0.034615 0.564105
v -0.412522 -0.034340 0.564105
v -0.413264 -0.034615 0.564105
v -0.412234 -0.034507 0.562430
v -0.412942 -0.034801 0.562237
v -0.408945 -0.035046 0.565029
v -0.408578 -0.035258 0.565313
v -0.408945 -0.035046 0.565029
v -0.409817 -0.034834 0.565891
v -0.408101 -0.035434 0.564105
v -0.407344 -0.035971 0.563180
v -0.408945 -0.035046 0.565029
v -0.408578 -0.035258 0.565313
v -0.408101 -0.035434 0.564105
v -0.413918 -0.035748 0.564105
v -0.413596 -0.035934 0.565972
v -0.413918 -0.035748 0.564105
v -0.413785 -0.036528 0.564105
v -0.407420 -0.037989 0.568613
v -0.406054 -0.038075 0.567199
v -0.407283 -0.037365 0.568147
v -0.406054 -0.038075 0.567199
v -0.407420 -0.037989 0.568613
v -0.406049 -0.038781 0.567555
v -0.407344 -0.035971 0.565029
v -0.407433 -0.036210 0.566438
v -0.406724 -0.036620 0.565891
v -0.407433 -0.036210 0.566438
v -0.407344 -0.035971 0.565029
v -0.407711 -0.035759 0.565313
v -0.412026 -0.035330 0.567555
v -0.410183 -0.035691 0.568147
v -0.411412 -0.034981 0.567199
v -0.410183 -0.035691 0.568147
v -0.412026 -0.035330 0.567555
v -0.410655 -0.036122 0.568613
v -0.406049 -0.038781 0.560654
v -0.407283 -0.037365 0.560062
v -0.406054 -0.038075 0.561011
v -0.407283 -0.037365 0.560062
v -0.406049 -0.038781 0.560654
v -0.407420 -0.037989 0.559596
v -0.405322 -0.039955 0.562171
v -0.406049 -0.038781 0.560654
v -0.405133 -0.039310 0.562237
v -0.406049 -0.038781 0.560654
v -0.405322 -0.039955 0.562171
v -0.406271 -0.039408 0.560532
v -0.405377 -0.037861 0.564105
v -0.405232 -0.038549 0.565779
v -0.404944 -0.038715 0.564105
v -0.405232 -0.038549 0.565779
v -0.405377 -0.037861 0.564105
v -0.405613 -0.037725 0.565472
v -0.409108 -0.035244 0.566438
v -0.408471 -0.036075 0.567677
v -0.408271 -0.035727 0.566631
v -0.408471 -0.036075 0.567677
v -0.409108 -0.035244 0.566438
v -0.408578 -0.035258 0.565313
v -0.408271 -0.035727 0.566631
v -0.408144 -0.035508 0.565412
v -0.408271 -0.035727 0.566631
v -0.408578 -0.035258 0.565313
v -0.409108 -0.035244 0.566438
v -0.410659 -0.034812 0.566631
v -0.410183 -0.035691 0.568147
v -0.409655 -0.035391 0.567405
v -0.410183 -0.035691 0.568147
v -0.410659 -0.034812 0.566631
v -0.411412 -0.034981 0.567199
v -0.409817 -0.034834 0.565891
v -0.409655 -0.035391 0.567405
v -0.409108 -0.035244 0.566438
v -0.409655 -0.035391 0.567405
v -0.409817 -0.034834 0.565891
v -0.410659 -0.034812 0.566631
v -0.405322 -0.039955 0.566038
v -0.406049 -0.038781 0.567555
v -0.406271 -0.039408 0.567677
v -0.406049 -0.038781 0.567555
v -0.405322 -0.039955 0.566038
v -0.405133 -0.039310 0.565972
v -0.413497 -0.036694 0.565779
v -0.413497 -0.036694 0.565779
v -0.411446 -0.037878 0.560062
v -0.411446 -0.037878 0.560062
v -0.412675 -0.037169 0.561011
v -0.412675 -0.037169 0.561011
v -0.413497 -0.036694 0.562430
v -0.413497 -0.036694 0.562430
v -0.413497 -0.036694 0.565779
v -0.413497 -0.036694 0.562430
v -0.413497 -0.036694 0.565779
v -0.413785 -0.036528 0.564105
v -0.406495 -0.040737 0.562430
v -0.407317 -0.040262 0.561011
v -0.406495 -0.040737 0.562430
v -0.407317 -0.040262 0.561011
v -0.407317 -0.040262 0.561011
v -0.408546 -0.039553 0.560062
v -0.408546 -0.039553 0.560062
v -0.408546 -0.039553 0.560062
v -0.409996 -0.038715 0.559729
v -0.409996 -0.038715 0.559729
v -0.409996 -0.038715 0.559729
v -0.411446 -0.037878 0.560062
v -0.406495 -0.040737 0.562430
v -0.406207 -0.040903 0.564105
v -0.406495 -0.040737 0.562430
v -0.406495 -0.040737 0.562430
v -0.404811 -0.039495 0.564105
v -0.405232 -0.038549 0.565779
v -0.405133 -0.039310 0.565972
v -0.405232 -0.038549 0.565779
v -0.404811 -0.039495 0.564105
v -0.404944 -0.038715 0.564105
v -0.411330 -0.034424 0.565472
v -0.411412 -0.034981 0.567199
v -0.410659 -0.034812 0.566631
v -0.411412 -0.034981 0.567199
v -0.411330 -0.034424 0.565472
v -0.412234 -0.034507 0.565779
v -0.411039 -0.036655 0.568772
v -0.409037 -0.037055 0.568985
v -0.410655 -0.036122 0.568613
v -0.409037 -0.037055 0.568985
v -0.411039 -0.036655 0.568772
v -0.409364 -0.037622 0.569157
v -0.409817 -0.034834 0.562318
v -0.409191 -0.034904 0.563604
v -0.408945 -0.035046 0.563180
v -0.409191 -0.034904 0.563604
v -0.409817 -0.034834 0.562318
v -0.410292 -0.034560 0.563138
v -0.410659 -0.034812 0.561579
v -0.410292 -0.034560 0.563138
v -0.409817 -0.034834 0.562318
v -0.410292 -0.034560 0.563138
v -0.410659 -0.034812 0.561579
v -0.411330 -0.034424 0.562738
v -0.407317 -0.040262 0.561011
v -0.405787 -0.040442 0.562237
v -0.406495 -0.040737 0.562430
v -0.405787 -0.040442 0.562237
v -0.407317 -0.040262 0.561011
v -0.406703 -0.039913 0.560654
v -0.408546 -0.039553 0.560062
v -0.409691 -0.038188 0.559225
v -0.408074 -0.039122 0.559596
v -0.409691 -0.038188 0.559225
v -0.408546 -0.039553 0.560062
v -0.409996 -0.038715 0.559729
v -0.413596 -0.035934 0.565972
v -0.413407 -0.035288 0.566038
v -0.413596 -0.035934 0.565972
v -0.413918 -0.035748 0.564105
v -0.412942 -0.034801 0.565972
v -0.413740 -0.035096 0.564105
v -0.413407 -0.035288 0.566038
v -0.413740 -0.035096 0.564105
v -0.412942 -0.034801 0.565972
v -0.413264 -0.034615 0.564105
v -0.411330 -0.034424 0.562738
v -0.410458 -0.034464 0.564105
v -0.410292 -0.034560 0.563138
v -0.410458 -0.034464 0.564105
v -0.411330 -0.034424 0.562738
v -0.412234 -0.034507 0.562430
v -0.411565 -0.034288 0.564105
v -0.411330 -0.034424 0.562738
v -0.411565 -0.034288 0.564105
v -0.412234 -0.034507 0.562430
v -0.412522 -0.034340 0.564105
v -0.412942 -0.034801 0.562237
v -0.413740 -0.035096 0.564105
v -0.413264 -0.034615 0.564105
v -0.413740 -0.035096 0.564105
v -0.412942 -0.034801 0.562237
v -0.413407 -0.035288 0.562171
v -0.407690 -0.038588 0.568772
v -0.406049 -0.038781 0.567555
v -0.407420 -0.037989 0.568613
v -0.406049 -0.038781 0.567555
v -0.407690 -0.038588 0.568772
v -0.406271 -0.039408 0.567677
v -0.412675 -0.037169 0.567199
v -0.411309 -0.037254 0.568613
v -0.412680 -0.036462 0.567555
v -0.411309 -0.037254 0.568613
v -0.412675 -0.037169 0.567199
v -0.411446 -0.037878 0.568147
v -0.413407 -0.035288 0.562171
v -0.413918 -0.035748 0.564105
v -0.413740 -0.035096 0.564105
v -0.413918 -0.035748 0.564105
v -0.413407 -0.035288 0.562171
v -0.413596 -0.035934 0.562237
v -0.408101 -0.035434 0.564105
v -0.407012 -0.036162 0.564105
v -0.407098 -0.036113 0.563604
v -0.409108 -0.035244 0.561771
v -0.408144 -0.035508 0.562797
v -0.408271 -0.035727 0.561579
v -0.408144 -0.035508 0.562797
v -0.409108 -0.035244 0.561771
v -0.408578 -0.035258 0.562897
v -0.408578 -0.035258 0.562897
v -0.408101 -0.035434 0.564105
v -0.408144 -0.035508 0.562797
v -0.408101 -0.035434 0.564105
v -0.407711 -0.035759 0.562897
v -0.408144 -0.035508 0.562797
v -0.406724 -0.036620 0.562318
v -0.407098 -0.036113 0.563604
v -0.406249 -0.036894 0.563138
v -0.407098 -0.036113 0.563604
v -0.406724 -0.036620 0.562318
v -0.407344 -0.035971 0.563180
v -0.412026 -0.035330 0.560654
v -0.413407 -0.035288 0.562171
v -0.412942 -0.034801 0.562237
v -0.413407 -0.035288 0.562171
v -0.412026 -0.035330 0.560654
v -0.412458 -0.035835 0.560532
v -0.408546 -0.039553 0.568147
v -0.406703 -0.039913 0.567555
v -0.408074 -0.039122 0.568613
v -0.406703 -0.039913 0.567555
v -0.408546 -0.039553 0.568147
v -0.407317 -0.040262 0.567199
v -0.409996 -0.038715 0.568480
v -0.408074 -0.039122 0.568613
v -0.409691 -0.038188 0.568985
v -0.408074 -0.039122 0.568613
v -0.409996 -0.038715 0.568480
v -0.408546 -0.039553 0.568147
v -0.407433 -0.036210 0.561771
v -0.407344 -0.035971 0.563180
v -0.406724 -0.036620 0.562318
v -0.407344 -0.035971 0.563180
v -0.407433 -0.036210 0.561771
v -0.407711 -0.035759 0.562897
v -0.409364 -0.037622 0.569157
v -0.407420 -0.037989 0.568613
v -0.409037 -0.037055 0.568985
v -0.407420 -0.037989 0.568613
v -0.409364 -0.037622 0.569157
v -0.407690 -0.038588 0.568772
v -0.405613 -0.037725 0.565472
v -0.406054 -0.038075 0.567199
v -0.405232 -0.038549 0.565779
v -0.406054 -0.038075 0.567199
v -0.405613 -0.037725 0.565472
v -0.406284 -0.037338 0.566631
v -0.404989 -0.040148 0.564105
v -0.405322 -0.039955 0.566038
v -0.404989 -0.040148 0.564105
v -0.405465 -0.040628 0.564105
v -0.406249 -0.036894 0.563138
v -0.407012 -0.036162 0.564105
v -0.406083 -0.036990 0.564105
v -0.407012 -0.036162 0.564105
v -0.406249 -0.036894 0.563138
v -0.407098 -0.036113 0.563604
v -0.406495 -0.040737 0.565779
v -0.405465 -0.040628 0.564105
v -0.405787 -0.040442 0.565972
v -0.405465 -0.040628 0.564105
v -0.406495 -0.040737 0.565779
v -0.406207 -0.040903 0.564105
v -0.413596 -0.035934 0.562237
v -0.412675 -0.037169 0.561011
v -0.413497 -0.036694 0.562430
v -0.412675 -0.037169 0.561011
v -0.413596 -0.035934 0.562237
v -0.412680 -0.036462 0.560654
v -0.410655 -0.036122 0.559596
v -0.411412 -0.034981 0.561011
v -0.410183 -0.035691 0.560062
v -0.411412 -0.034981 0.561011
v -0.410655 -0.036122 0.559596
v -0.412026 -0.035330 0.560654
v -0.406703 -0.039913 0.567555
v -0.405322 -0.039955 0.566038
v -0.406271 -0.039408 0.567677
v -0.405322 -0.039955 0.566038
v -0.406703 -0.039913 0.567555
v -0.405787 -0.040442 0.565972
v -0.407283 -0.037365 0.560062
v -0.406284 -0.037338 0.561579
v -0.406054 -0.038075 0.561011
v -0.406284 -0.037338 0.561579
v -0.407283 -0.037365 0.560062
v -0.407287 -0.036758 0.560804
v -0.411565 -0.034288 0.564105
v -0.412234 -0.034507 0.565779
v -0.411330 -0.034424 0.565472
v -0.412234 -0.034507 0.565779
v -0.411565 -0.034288 0.564105
v -0.412522 -0.034340 0.564105
v -0.410458 -0.034464 0.564105
v -0.411330 -0.034424 0.565472
v -0.410292 -0.034560 0.565071
v -0.411330 -0.034424 0.565472
v -0.410458 -0.034464 0.564105
v -0.411565 -0.034288 0.564105
v -0.411446 -0.037878 0.568147
v -0.409691 -0.038188 0.568985
v -0.411309 -0.037254 0.568613
v -0.409691 -0.038188 0.568985
v -0.411446 -0.037878 0.568147
v -0.409996 -0.038715 0.568480
v -0.406054 -0.038075 0.561011
v -0.405613 -0.037725 0.562738
v -0.405232 -0.038549 0.562430
v -0.405613 -0.037725 0.562738
v -0.406054 -0.038075 0.561011
v -0.406284 -0.037338 0.561579
v -0.407317 -0.040262 0.567199
v -0.405787 -0.040442 0.565972
v -0.406703 -0.039913 0.567555
v -0.405787 -0.040442 0.565972
v -0.407317 -0.040262 0.567199
v -0.406495 -0.040737 0.565779
v -0.409691 -0.038188 0.568985
v -0.407690 -0.038588 0.568772
v -0.409364 -0.037622 0.569157
v -0.407690 -0.038588 0.568772
v -0.409691 -0.038188 0.568985
v -0.408074 -0.039122 0.568613
v -0.410183 -0.035691 0.560062
v -0.408471 -0.036075 0.560532
v -0.408733 -0.036528 0.559729
v -0.408471 -0.036075 0.560532
v -0.410183 -0.035691 0.560062
v -0.409655 -0.035391 0.560804
v -0.409691 -0.038188 0.559225
v -0.411039 -0.036655 0.559437
v -0.409364 -0.037622 0.559053
v -0.411039 -0.036655 0.559437
v -0.409691 -0.038188 0.559225
v -0.411309 -0.037254 0.559596
v -0.406284 -0.037338 0.561579
v -0.406249 -0.036894 0.563138
v -0.405613 -0.037725 0.562738
v -0.406249 -0.036894 0.563138
v -0.406284 -0.037338 0.561579
v -0.406724 -0.036620 0.562318
v -0.408074 -0.039122 0.559596
v -0.409364 -0.037622 0.559053
v -0.407690 -0.038588 0.559437
v -0.409364 -0.037622 0.559053
v -0.408074 -0.039122 0.559596
v -0.409691 -0.038188 0.559225
v -0.409655 -0.035391 0.567405
v -0.408733 -0.036528 0.568480
v -0.408471 -0.036075 0.567677
v -0.408733 -0.036528 0.568480
v -0.409655 -0.035391 0.567405
v -0.410183 -0.035691 0.568147
v -0.408945 -0.035046 0.563180
v -0.408101 -0.035434 0.564105
v -0.408578 -0.035258 0.562897
v -0.409191 -0.034904 0.563604
v -0.408101 -0.035434 0.564105
v -0.408945 -0.035046 0.563180
v -0.411309 -0.037254 0.559596
v -0.412458 -0.035835 0.560532
v -0.411039 -0.036655 0.559437
v -0.412458 -0.035835 0.560532
v -0.411309 -0.037254 0.559596
v -0.412680 -0.036462 0.560654
v -0.407012 -0.036162 0.564105
v -0.406249 -0.036894 0.565071
v -0.406083 -0.036990 0.564105
v -0.406249 -0.036894 0.565071
v -0.407012 -0.036162 0.564105
v -0.407098 -0.036113 0.564605
v -0.413596 -0.035934 0.565972
v -0.412675 -0.037169 0.567199
v -0.412680 -0.036462 0.567555
v -0.412675 -0.037169 0.567199
v -0.413596 -0.035934 0.565972
v -0.413497 -0.036694 0.565779
v -0.409159 -0.038371 0.561024
v -0.409518 -0.038992 0.563398
v -0.409159 -0.038371 0.563398
v -0.409518 -0.038992 0.563398
v -0.409159 -0.038371 0.561024
v -0.409518 -0.038992 0.561024
v -0.409518 -0.038992 0.563398
v -0.406863 -0.039696 0.563398
v -0.409159 -0.038371 0.563398
v -0.406863 -0.039696 0.563398
v -0.409518 -0.038992 0.563398
v -0.407222 -0.040317 0.563398
v -0.406863 -0.039696 0.563398
v -0.407222 -0.040317 0.564934
v -0.406863 -0.039696 0.564934
v -0.407222 -0.040317 0.564934
v -0.406863 -0.039696 0.563398
v -0.407222 -0.040317 0.563398
v -0.407222 -0.040317 0.564934
v -0.409159 -0.038371 0.564934
v -0.406863 -0.039696 0.564934
v -0.409159 -0.038371 0.564934
v -0.407222 -0.040317 0.564934
v -0.409518 -0.038992 0.564934
v -0.409159 -0.038371 0.564934
v -0.409518 -0.038992 0.567450
v -0.409159 -0.038371 0.567450
v -0.409518 -0.038992 0.567450
v -0.409159 -0.038371 0.564934
v -0.409518 -0.038992 0.564934
v -0.409518 -0.038992 0.567450
v -0.410534 -0.037577 0.567450
v -0.409159 -0.038371 0.567450
v -0.410534 -0.037577 0.567450
v -0.409518 -0.038992 0.567450
v -0.410892 -0.038198 0.567450
v -0.410892 -0.038198 0.564934
v -0.410534 -0.037577 0.567450
v -0.410892 -0.038198 0.567450
v -0.410534 -0.037577 0.567450
v -0.410892 -0.038198 0.564934
v -0.410534 -0.037577 0.564934
v -0.410892 -0.038198 0.564934
v -0.412628 -0.036368 0.564934
v -0.410534 -0.037577 0.564934
v -0.412628 -0.036368 0.564934
v -0.410892 -0.038198 0.564934
v -0.412987 -0.036989 0.564934
v -0.412987 -0.036989 0.563398
v -0.412628 -0.036368 0.564934
v -0.412987 -0.036989 0.564934
v -0.412628 -0.036368 0.564934
v -0.412987 -0.036989 0.563398
v -0.412628 -0.036368 0.563398
v -0.412987 -0.036989 0.563398
v -0.410534 -0.037577 0.563398
v -0.412628 -0.036368 0.563398
v -0.410534 -0.037577 0.563398
v -0.412987 -0.036989 0.563398
v -0.410892 -0.038198 0.563398
v -0.410892 -0.038198 0.561024
v -0.410534 -0.037577 0.563398
v -0.410892 -0.038198 0.563398
v -0.410534 -0.037577 0.563398
v -0.410892 -0.038198 0.561024
v -0.410534 -0.037577 0.561024
v -0.410892 -0.038198 0.561024
v -0.409159 -0.038371 0.561024
v -0.410534 -0.037577 0.561024
v -0.409159 -0.038371 0.561024
v -0.410892 -0.038198 0.561024
v -0.409518 -0.038992 0.561024
v -0.222176 -0.129950 0.608392
v -0.223097 -0.128715 0.607166
v -0.222275 -0.129189 0.608585
v -0.223092 -0.129421 0.606809
v -0.225515 -0.126715 0.606687
v -0.224477 -0.126851 0.607926
v -0.224331 -0.127399 0.606959
v -0.225314 -0.126367 0.607733
v -0.222365 -0.130596 0.608326
v -0.221855 -0.130136 0.610259
v -0.222032 -0.130788 0.610259
v -0.221987 -0.129356 0.610259
v -0.225145 -0.126074 0.610259
v -0.224387 -0.126611 0.611184
v -0.224141 -0.126753 0.610760
v -0.223767 -0.127261 0.608473
v -0.223327 -0.127978 0.607733
v -0.225117 -0.129762 0.614768
v -0.223314 -0.130048 0.613832
v -0.224733 -0.129229 0.614927
v -0.223746 -0.130554 0.613710
v -0.224360 -0.130903 0.607166
v -0.225117 -0.129762 0.605751
v -0.223746 -0.130554 0.606809
v -0.225589 -0.130193 0.606217
v -0.226320 -0.125495 0.610259
v -0.226234 -0.125545 0.610760
v -0.228082 -0.127295 0.605592
v -0.229069 -0.125970 0.606809
v -0.227698 -0.126762 0.605751
v -0.229501 -0.126476 0.606687
v -0.227335 -0.125201 0.611226
v -0.227501 -0.125104 0.610259
v -0.229069 -0.125970 0.613710
v -0.230450 -0.125928 0.612193
v -0.229501 -0.126476 0.613832
v -0.229985 -0.125442 0.612127
v -0.225621 -0.125899 0.611467
v -0.225188 -0.126149 0.611567
v -0.227335 -0.125201 0.609293
v -0.226234 -0.125545 0.609759
v -0.228352 -0.127894 0.614768
v -0.226408 -0.128262 0.615312
v -0.228082 -0.127295 0.614927
v -0.226735 -0.128828 0.615139
v -0.226698 -0.126032 0.606959
v -0.226861 -0.125474 0.608473
v -0.226151 -0.125884 0.607926
v -0.227702 -0.125452 0.607733
v -0.226408 -0.128262 0.605207
v -0.226081 -0.127696 0.605379
v -0.224733 -0.129229 0.605592
v -0.224463 -0.128630 0.605751
v -0.227039 -0.129356 0.605884
v -0.228352 -0.127894 0.605751
v -0.226735 -0.128828 0.605379
v -0.228489 -0.128519 0.606217
v -0.223314 -0.130048 0.606687
v -0.225776 -0.127168 0.605884
v -0.224326 -0.128005 0.606217
v -0.222421 -0.128501 0.610259
v -0.222656 -0.128365 0.608892
v -0.224754 -0.126399 0.609051
v -0.225188 -0.126149 0.608952
v -0.227226 -0.126331 0.606217
v -0.224754 -0.126399 0.611467
v -0.223538 -0.131377 0.608585
v -0.222508 -0.131268 0.610259
v -0.223250 -0.131544 0.610259
v -0.222830 -0.131083 0.608392
v -0.222176 -0.129950 0.612127
v -0.222365 -0.130596 0.612193
v -0.228455 -0.125621 0.613353
v -0.229277 -0.125147 0.611934
v -0.223767 -0.127261 0.612046
v -0.224331 -0.127399 0.613560
v -0.223327 -0.127978 0.612785
v -0.224477 -0.126851 0.612593
v -0.224326 -0.128005 0.614302
v -0.223097 -0.128715 0.613353
v -0.227698 -0.126762 0.614768
v -0.225776 -0.127168 0.614635
v -0.227226 -0.126331 0.614302
v -0.226081 -0.127696 0.615139
v -0.224055 -0.126803 0.610259
v -0.230450 -0.125928 0.608326
v -0.229723 -0.127103 0.606809
v -0.230639 -0.126574 0.608392
v -0.229723 -0.127103 0.613710
v -0.230307 -0.125256 0.610259
v -0.229565 -0.124981 0.610259
v -0.223293 -0.127534 0.611226
v -0.228455 -0.125621 0.607166
v -0.229985 -0.125442 0.608392
v -0.229277 -0.125147 0.608585
v -0.229719 -0.127809 0.607166
v -0.227702 -0.125452 0.612785
v -0.226861 -0.125474 0.612046
v -0.228373 -0.125065 0.611626
v -0.225988 -0.125687 0.611184
v -0.225988 -0.125687 0.609335
v -0.225621 -0.125899 0.609051
v -0.225515 -0.126715 0.613832
v -0.222656 -0.128365 0.611626
v -0.223126 -0.127630 0.610259
v -0.223293 -0.127534 0.609293
v -0.230639 -0.126574 0.612127
v -0.228373 -0.125065 0.608892
v -0.224463 -0.128630 0.614768
v -0.230828 -0.127168 0.610259
v -0.230961 -0.126388 0.610259
v -0.230540 -0.127335 0.608585
v -0.224387 -0.126611 0.609335
v -0.225314 -0.126367 0.612785
v -0.223092 -0.129421 0.613710
v -0.222275 -0.129189 0.611934
v -0.226151 -0.125884 0.612593
v -0.224141 -0.126753 0.609759
v -0.230540 -0.127335 0.611934
v -0.226698 -0.126032 0.613560
v -0.227039 -0.129356 0.614635
v -0.226561 -0.129632 0.613605
v -0.225589 -0.130193 0.614302
v -0.227936 -0.128838 0.613605
v -0.228489 -0.128519 0.614302
v -0.227936 -0.128838 0.611089
v -0.230030 -0.127629 0.611089
v -0.229719 -0.127809 0.613353
v -0.230030 -0.127629 0.609552
v -0.227936 -0.128838 0.607178
v -0.227936 -0.128838 0.609552
v -0.224265 -0.130958 0.609552
v -0.224265 -0.130958 0.611089
v -0.226561 -0.129632 0.609552
v -0.226561 -0.129632 0.607178
v -0.223538 -0.131377 0.611934
v -0.224360 -0.130903 0.613353
v -0.226561 -0.129632 0.611089
v -0.230783 -0.125736 0.610259
v -0.228608 -0.124929 0.610259
v -0.222830 -0.131083 0.612127
v -0.229672 -0.127008 0.611089
v -0.227577 -0.128217 0.609552
v -0.227577 -0.128217 0.611089
v -0.229672 -0.127008 0.609552
v -0.227577 -0.128217 0.613605
v -0.226203 -0.129011 0.611089
v -0.226203 -0.129011 0.613605
v -0.226203 -0.129011 0.609552
v -0.226203 -0.129011 0.607178
v -0.227577 -0.128217 0.607178
v -0.223907 -0.130337 0.609552
v -0.223907 -0.130337 0.611089
v -0.222176 -0.129950 0.608392
v -0.222176 -0.129950 0.608392
v -0.221855 -0.130136 0.610259
v -0.222176 -0.129950 0.608392
v -0.222275 -0.129189 0.608585
v -0.224331 -0.127399 0.606959
v -0.224331 -0.127399 0.606959
v -0.224477 -0.126851 0.607926
v -0.225145 -0.126074 0.610259
v -0.226320 -0.125495 0.610259
v -0.226234 -0.125545 0.610760
v -0.226320 -0.125495 0.610259
v -0.225145 -0.126074 0.610259
v -0.226320 -0.125495 0.610259
v -0.226320 -0.125495 0.610259
v -0.227501 -0.125104 0.610259
v -0.227698 -0.126762 0.605751
v -0.227698 -0.126762 0.605751
v -0.228082 -0.127295 0.605592
v -0.226081 -0.127696 0.605379
v -0.226081 -0.127696 0.605379
v -0.226408 -0.128262 0.605207
v -0.223746 -0.130554 0.606809
v -0.224733 -0.129229 0.605592
v -0.224733 -0.129229 0.605592
v -0.223746 -0.130554 0.606809
v -0.225117 -0.129762 0.605751
v -0.223314 -0.130048 0.606687
v -0.224463 -0.128630 0.605751
v -0.223092 -0.129421 0.606809
v -0.224463 -0.128630 0.605751
v -0.223314 -0.130048 0.606687
v -0.224733 -0.129229 0.605592
v -0.224331 -0.127399 0.606959
v -0.224331 -0.127399 0.606959
v -0.225515 -0.126715 0.606687
v -0.222275 -0.129189 0.608585
v -0.221987 -0.129356 0.610259
v -0.222275 -0.129189 0.608585
v -0.225314 -0.126367 0.607733
v -0.224477 -0.126851 0.607926
v -0.225314 -0.126367 0.607733
v -0.226081 -0.127696 0.605379
v -0.225776 -0.127168 0.605884
v -0.226081 -0.127696 0.605379
v -0.227698 -0.126762 0.605751
v -0.225145 -0.126074 0.610259
v -0.224387 -0.126611 0.611184
v -0.222032 -0.130788 0.610259
v -0.222032 -0.130788 0.610259
v -0.221855 -0.130136 0.610259
v -0.226320 -0.125495 0.610259
v -0.225145 -0.126074 0.610259
v -0.226234 -0.125545 0.609759
v -0.229985 -0.125442 0.612127
v -0.229069 -0.125970 0.613710
v -0.229985 -0.125442 0.612127
v -0.223327 -0.127978 0.612785
v -0.223327 -0.127978 0.612785
v -0.224331 -0.127399 0.613560
v -0.225145 -0.126074 0.610259
v -0.224141 -0.126753 0.610760
v -0.229501 -0.126476 0.613832
v -0.227698 -0.126762 0.614768
v -0.229069 -0.125970 0.613710
v -0.227698 -0.126762 0.614768
v -0.229501 -0.126476 0.613832
v -0.228082 -0.127295 0.614927
v -0.229501 -0.126476 0.606687
v -0.228082 -0.127295 0.614927
v -0.229501 -0.126476 0.613832
v -0.228082 -0.127295 0.614927
v -0.228352 -0.127894 0.614768
v -0.229277 -0.125147 0.611934
v -0.229985 -0.125442 0.612127
v -0.229277 -0.125147 0.611934
v -0.224141 -0.126753 0.610760
v -0.223767 -0.127261 0.612046
v -0.223767 -0.127261 0.612046
v -0.224141 -0.126753 0.610760
v -0.224387 -0.126611 0.611184
v -0.229069 -0.125970 0.606809
v -0.222830 -0.131083 0.608392
v -0.222032 -0.130788 0.610259
v -0.222508 -0.131268 0.610259
v -0.222032 -0.130788 0.610259
v -0.222830 -0.131083 0.608392
v -0.222365 -0.130596 0.608326
v -0.228489 -0.128519 0.606217
v -0.229723 -0.127103 0.606809
v -0.228352 -0.127894 0.605751
v -0.229723 -0.127103 0.606809
v -0.228489 -0.128519 0.606217
v -0.227335 -0.125201 0.611226
v -0.227335 -0.125201 0.611226
v -0.226234 -0.125545 0.610760
v -0.226861 -0.125474 0.612046
v -0.226861 -0.125474 0.612046
v -0.226234 -0.125545 0.610760
v -0.227335 -0.125201 0.611226
v -0.226234 -0.125545 0.610760
v -0.225988 -0.125687 0.611184
v -0.225145 -0.126074 0.610259
v -0.226151 -0.125884 0.607926
v -0.226151 -0.125884 0.607926
v -0.226861 -0.125474 0.608473
v -0.227226 -0.126331 0.606217
v -0.227702 -0.125452 0.607733
v -0.226698 -0.126032 0.606959
v -0.227702 -0.125452 0.607733
v -0.227226 -0.126331 0.606217
v -0.228455 -0.125621 0.607166
v -0.226698 -0.126032 0.606959
v -0.225314 -0.126367 0.607733
v -0.225515 -0.126715 0.606687
v -0.225314 -0.126367 0.607733
v -0.226698 -0.126032 0.606959
v -0.226151 -0.125884 0.607926
v -0.224331 -0.127399 0.613560
v -0.225776 -0.127168 0.614635
v -0.224326 -0.128005 0.614302
v -0.225776 -0.127168 0.614635
v -0.224331 -0.127399 0.613560
v -0.223293 -0.127534 0.611226
v -0.223327 -0.127978 0.612785
v -0.223327 -0.127978 0.612785
v -0.223293 -0.127534 0.611226
v -0.223767 -0.127261 0.612046
v -0.222656 -0.128365 0.608892
v -0.222421 -0.128501 0.610259
v -0.222656 -0.128365 0.608892
v -0.230450 -0.125928 0.612193
v -0.229723 -0.127103 0.613710
v -0.229501 -0.126476 0.613832
v -0.229723 -0.127103 0.613710
v -0.230450 -0.125928 0.612193
v -0.223746 -0.130554 0.606809
v -0.222365 -0.130596 0.608326
v -0.222830 -0.131083 0.608392
v -0.222365 -0.130596 0.608326
v -0.223746 -0.130554 0.606809
v -0.223314 -0.130048 0.606687
v -0.228455 -0.125621 0.607166
v -0.227702 -0.125452 0.607733
v -0.228455 -0.125621 0.607166
v -0.229277 -0.125147 0.608585
v -0.226081 -0.127696 0.615139
v -0.224326 -0.128005 0.614302
v -0.225776 -0.127168 0.614635
v -0.224326 -0.128005 0.614302
v -0.226081 -0.127696 0.615139
v -0.223126 -0.127630 0.610259
v -0.222656 -0.128365 0.611626
v -0.222421 -0.128501 0.610259
v -0.222656 -0.128365 0.611626
v -0.223126 -0.127630 0.610259
v -0.223293 -0.127534 0.611226
v -0.225188 -0.126149 0.611567
v -0.224754 -0.126399 0.611467
v -0.225145 -0.126074 0.610259
v -0.230639 -0.126574 0.608392
v -0.230639 -0.126574 0.608392
v -0.224463 -0.128630 0.605751
v -0.225776 -0.127168 0.605884
v -0.224326 -0.128005 0.606217
v -0.225776 -0.127168 0.605884
v -0.224463 -0.128630 0.605751
v -0.226081 -0.127696 0.605379
v -0.225145 -0.126074 0.610259
v -0.224754 -0.126399 0.609051
v -0.224754 -0.126399 0.611467
v -0.224477 -0.126851 0.612593
v -0.224754 -0.126399 0.611467
v -0.225188 -0.126149 0.611567
v -0.222176 -0.129950 0.612127
v -0.223097 -0.128715 0.613353
v -0.223097 -0.128715 0.613353
v -0.222176 -0.129950 0.612127
v -0.224477 -0.126851 0.612593
v -0.225515 -0.126715 0.613832
v -0.224331 -0.127399 0.613560
v -0.225515 -0.126715 0.613832
v -0.224477 -0.126851 0.612593
v -0.225314 -0.126367 0.612785
v -0.229277 -0.125147 0.608585
v -0.230307 -0.125256 0.610259
v -0.229565 -0.124981 0.610259
v -0.230307 -0.125256 0.610259
v -0.229277 -0.125147 0.608585
v -0.229985 -0.125442 0.608392
v -0.225988 -0.125687 0.611184
v -0.225621 -0.125899 0.611467
v -0.225988 -0.125687 0.611184
v -0.226861 -0.125474 0.612046
v -0.225145 -0.126074 0.610259
v -0.224387 -0.126611 0.609335
v -0.225988 -0.125687 0.611184
v -0.225621 -0.125899 0.611467
v -0.225145 -0.126074 0.610259
v -0.230961 -0.126388 0.610259
v -0.230639 -0.126574 0.612127
v -0.230961 -0.126388 0.610259
v -0.230828 -0.127168 0.610259
v -0.224463 -0.128630 0.614768
v -0.223097 -0.128715 0.613353
v -0.224326 -0.128005 0.614302
v -0.223097 -0.128715 0.613353
v -0.224463 -0.128630 0.614768
v -0.223092 -0.129421 0.613710
v -0.224387 -0.126611 0.611184
v -0.224477 -0.126851 0.612593
v -0.223767 -0.127261 0.612046
v -0.224477 -0.126851 0.612593
v -0.224387 -0.126611 0.611184
v -0.224754 -0.126399 0.611467
v -0.229069 -0.125970 0.613710
v -0.227226 -0.126331 0.614302
v -0.228455 -0.125621 0.613353
v -0.227226 -0.126331 0.614302
v -0.229069 -0.125970 0.613710
v -0.227698 -0.126762 0.614768
v -0.223092 -0.129421 0.606809
v -0.224326 -0.128005 0.606217
v -0.223097 -0.128715 0.607166
v -0.224326 -0.128005 0.606217
v -0.223092 -0.129421 0.606809
v -0.224463 -0.128630 0.605751
v -0.222365 -0.130596 0.608326
v -0.223092 -0.129421 0.606809
v -0.222176 -0.129950 0.608392
v -0.223092 -0.129421 0.606809
v -0.222365 -0.130596 0.608326
v -0.223314 -0.130048 0.606687
v -0.222421 -0.128501 0.610259
v -0.222275 -0.129189 0.611934
v -0.221987 -0.129356 0.610259
v -0.222275 -0.129189 0.611934
v -0.222421 -0.128501 0.610259
v -0.222656 -0.128365 0.611626
v -0.226151 -0.125884 0.612593
v -0.225515 -0.126715 0.613832
v -0.225314 -0.126367 0.612785
v -0.225515 -0.126715 0.613832
v -0.226151 -0.125884 0.612593
v -0.225621 -0.125899 0.611467
v -0.225314 -0.126367 0.612785
v -0.225188 -0.126149 0.611567
v -0.225314 -0.126367 0.612785
v -0.225621 -0.125899 0.611467
v -0.226151 -0.125884 0.612593
v -0.227702 -0.125452 0.612785
v -0.227226 -0.126331 0.614302
v -0.226698 -0.126032 0.613560
v -0.227226 -0.126331 0.614302
v -0.227702 -0.125452 0.612785
v -0.228455 -0.125621 0.613353
v -0.226861 -0.125474 0.612046
v -0.226698 -0.126032 0.613560
v -0.226151 -0.125884 0.612593
v -0.226698 -0.126032 0.613560
v -0.226861 -0.125474 0.612046
v -0.227702 -0.125452 0.612785
v -0.222365 -0.130596 0.612193
v -0.223092 -0.129421 0.613710
v -0.223314 -0.130048 0.613832
v -0.223092 -0.129421 0.613710
v -0.222365 -0.130596 0.612193
v -0.222176 -0.129950 0.612127
v -0.230540 -0.127335 0.611934
v -0.230540 -0.127335 0.611934
v -0.228489 -0.128519 0.606217
v -0.228489 -0.128519 0.606217
v -0.229719 -0.127809 0.607166
v -0.229719 -0.127809 0.607166
v -0.230540 -0.127335 0.608585
v -0.230540 -0.127335 0.608585
v -0.230540 -0.127335 0.611934
v -0.230540 -0.127335 0.608585
v -0.230540 -0.127335 0.611934
v -0.230828 -0.127168 0.610259
v -0.223538 -0.131377 0.608585
v -0.224360 -0.130903 0.607166
v -0.223538 -0.131377 0.608585
v -0.224360 -0.130903 0.607166
v -0.224360 -0.130903 0.607166
v -0.225589 -0.130193 0.606217
v -0.225589 -0.130193 0.606217
v -0.225589 -0.130193 0.606217
v -0.227039 -0.129356 0.605884
v -0.227039 -0.129356 0.605884
v -0.227039 -0.129356 0.605884
v -0.228489 -0.128519 0.606217
v -0.223538 -0.131377 0.608585
v -0.223250 -0.131544 0.610259
v -0.223538 -0.131377 0.608585
v -0.223538 -0.131377 0.608585
v -0.221855 -0.130136 0.610259
v -0.222275 -0.129189 0.611934
v -0.222176 -0.129950 0.612127
v -0.222275 -0.129189 0.611934
v -0.221855 -0.130136 0.610259
v -0.221987 -0.129356 0.610259
v -0.228373 -0.125065 0.611626
v -0.228455 -0.125621 0.613353
v -0.227702 -0.125452 0.612785
v -0.228455 -0.125621 0.613353
v -0.228373 -0.125065 0.611626
v -0.229277 -0.125147 0.611934
v -0.228082 -0.127295 0.614927
v -0.226081 -0.127696 0.615139
v -0.227698 -0.126762 0.614768
v -0.226081 -0.127696 0.615139
v -0.228082 -0.127295 0.614927
v -0.226408 -0.128262 0.615312
v -0.226861 -0.125474 0.608473
v -0.226234 -0.125545 0.609759
v -0.225988 -0.125687 0.609335
v -0.226234 -0.125545 0.609759
v -0.226861 -0.125474 0.608473
v -0.227335 -0.125201 0.609293
v -0.227702 -0.125452 0.607733
v -0.227335 -0.125201 0.609293
v -0.226861 -0.125474 0.608473
v -0.227335 -0.125201 0.609293
v -0.227702 -0.125452 0.607733
v -0.228373 -0.125065 0.608892
v -0.224360 -0.130903 0.607166
v -0.222830 -0.131083 0.608392
v -0.223538 -0.131377 0.608585
v -0.222830 -0.131083 0.608392
v -0.224360 -0.130903 0.607166
v -0.223746 -0.130554 0.606809
v -0.225589 -0.130193 0.606217
v -0.226735 -0.128828 0.605379
v -0.225117 -0.129762 0.605751
v -0.226735 -0.128828 0.605379
v -0.225589 -0.130193 0.606217
v -0.227039 -0.129356 0.605884
v -0.230639 -0.126574 0.612127
v -0.230450 -0.125928 0.612193
v -0.230639 -0.126574 0.612127
v -0.230961 -0.126388 0.610259
v -0.229985 -0.125442 0.612127
v -0.230783 -0.125736 0.610259
v -0.230450 -0.125928 0.612193
v -0.230783 -0.125736 0.610259
v -0.229985 -0.125442 0.612127
v -0.230307 -0.125256 0.610259
v -0.228373 -0.125065 0.608892
v -0.227501 -0.125104 0.610259
v -0.227335 -0.125201 0.609293
v -0.227501 -0.125104 0.610259
v -0.228373 -0.125065 0.608892
v -0.229277 -0.125147 0.608585
v -0.228608 -0.124929 0.610259
v -0.228373 -0.125065 0.608892
v -0.228608 -0.124929 0.610259
v -0.229277 -0.125147 0.608585
v -0.229565 -0.124981 0.610259
v -0.229985 -0.125442 0.608392
v -0.230783 -0.125736 0.610259
v -0.230307 -0.125256 0.610259
v -0.230783 -0.125736 0.610259
v -0.229985 -0.125442 0.608392
v -0.230450 -0.125928 0.608326
v -0.224733 -0.129229 0.614927
v -0.223092 -0.129421 0.613710
v -0.224463 -0.128630 0.614768
v -0.223092 -0.129421 0.613710
v -0.224733 -0.129229 0.614927
v -0.223314 -0.130048 0.613832
v -0.229719 -0.127809 0.613353
v -0.228352 -0.127894 0.614768
v -0.229723 -0.127103 0.613710
v -0.228352 -0.127894 0.614768
v -0.229719 -0.127809 0.613353
v -0.228489 -0.128519 0.614302
v -0.230450 -0.125928 0.608326
v -0.230961 -0.126388 0.610259
v -0.230783 -0.125736 0.610259
v -0.230961 -0.126388 0.610259
v -0.230450 -0.125928 0.608326
v -0.230639 -0.126574 0.608392
v -0.225145 -0.126074 0.610259
v -0.224055 -0.126803 0.610259
v -0.224141 -0.126753 0.609759
v -0.226151 -0.125884 0.607926
v -0.225188 -0.126149 0.608952
v -0.225314 -0.126367 0.607733
v -0.225188 -0.126149 0.608952
v -0.226151 -0.125884 0.607926
v -0.225621 -0.125899 0.609051
v -0.225621 -0.125899 0.609051
v -0.225145 -0.126074 0.610259
v -0.225188 -0.126149 0.608952
v -0.225145 -0.126074 0.610259
v -0.224754 -0.126399 0.609051
v -0.225188 -0.126149 0.608952
v -0.223767 -0.127261 0.608473
v -0.224141 -0.126753 0.609759
v -0.223293 -0.127534 0.609293
v -0.224141 -0.126753 0.609759
v -0.223767 -0.127261 0.608473
v -0.224387 -0.126611 0.609335
v -0.229069 -0.125970 0.606809
v -0.230450 -0.125928 0.608326
v -0.229985 -0.125442 0.608392
v -0.230450 -0.125928 0.608326
v -0.229069 -0.125970 0.606809
v -0.229501 -0.126476 0.606687
v -0.225589 -0.130193 0.614302
v -0.223746 -0.130554 0.613710
v -0.225117 -0.129762 0.614768
v -0.223746 -0.130554 0.613710
v -0.225589 -0.130193 0.614302
v -0.224360 -0.130903 0.613353
v -0.227039 -0.129356 0.614635
v -0.225117 -0.129762 0.614768
v -0.226735 -0.128828 0.615139
v -0.225117 -0.129762 0.614768
v -0.227039 -0.129356 0.614635
v -0.225589 -0.130193 0.614302
v -0.224477 -0.126851 0.607926
v -0.224387 -0.126611 0.609335
v -0.223767 -0.127261 0.608473
v -0.224387 -0.126611 0.609335
v -0.224477 -0.126851 0.607926
v -0.224754 -0.126399 0.609051
v -0.226408 -0.128262 0.615312
v -0.224463 -0.128630 0.614768
v -0.226081 -0.127696 0.615139
v -0.224463 -0.128630 0.614768
v -0.226408 -0.128262 0.615312
v -0.224733 -0.129229 0.614927
v -0.222656 -0.128365 0.611626
v -0.223097 -0.128715 0.613353
v -0.222275 -0.129189 0.611934
v -0.223097 -0.128715 0.613353
v -0.222656 -0.128365 0.611626
v -0.223327 -0.127978 0.612785
v -0.222032 -0.130788 0.610259
v -0.222365 -0.130596 0.612193
v -0.222032 -0.130788 0.610259
v -0.222508 -0.131268 0.610259
v -0.223293 -0.127534 0.609293
v -0.224055 -0.126803 0.610259
v -0.223126 -0.127630 0.610259
v -0.224055 -0.126803 0.610259
v -0.223293 -0.127534 0.609293
v -0.224141 -0.126753 0.609759
v -0.223538 -0.131377 0.611934
v -0.222508 -0.131268 0.610259
v -0.222830 -0.131083 0.612127
v -0.222508 -0.131268 0.610259
v -0.223538 -0.131377 0.611934
v -0.223250 -0.131544 0.610259
v -0.230639 -0.126574 0.608392
v -0.229719 -0.127809 0.607166
v -0.230540 -0.127335 0.608585
v -0.229719 -0.127809 0.607166
v -0.230639 -0.126574 0.608392
v -0.229723 -0.127103 0.606809
v -0.227698 -0.126762 0.605751
v -0.228455 -0.125621 0.607166
v -0.227226 -0.126331 0.606217
v -0.228455 -0.125621 0.607166
v -0.227698 -0.126762 0.605751
v -0.229069 -0.125970 0.606809
v -0.223746 -0.130554 0.613710
v -0.222365 -0.130596 0.612193
v -0.223314 -0.130048 0.613832
v -0.222365 -0.130596 0.612193
v -0.223746 -0.130554 0.613710
v -0.222830 -0.131083 0.612127
v -0.224326 -0.128005 0.606217
v -0.223327 -0.127978 0.607733
v -0.223097 -0.128715 0.607166
v -0.223327 -0.127978 0.607733
v -0.224326 -0.128005 0.606217
v -0.224331 -0.127399 0.606959
v -0.228608 -0.124929 0.610259
v -0.229277 -0.125147 0.611934
v -0.228373 -0.125065 0.611626
v -0.229277 -0.125147 0.611934
v -0.228608 -0.124929 0.610259
v -0.229565 -0.124981 0.610259
v -0.227501 -0.125104 0.610259
v -0.228373 -0.125065 0.611626
v -0.227335 -0.125201 0.611226
v -0.228373 -0.125065 0.611626
v -0.227501 -0.125104 0.610259
v -0.228608 -0.124929 0.610259
v -0.228489 -0.128519 0.614302
v -0.226735 -0.128828 0.615139
v -0.228352 -0.127894 0.614768
v -0.226735 -0.128828 0.615139
v -0.228489 -0.128519 0.614302
v -0.227039 -0.129356 0.614635
v -0.223097 -0.128715 0.607166
v -0.222656 -0.128365 0.608892
v -0.222275 -0.129189 0.608585
v -0.222656 -0.128365 0.608892
v -0.223097 -0.128715 0.607166
v -0.223327 -0.127978 0.607733
v -0.224360 -0.130903 0.613353
v -0.222830 -0.131083 0.612127
v -0.223746 -0.130554 0.613710
v -0.222830 -0.131083 0.612127
v -0.224360 -0.130903 0.613353
v -0.223538 -0.131377 0.611934
v -0.226735 -0.128828 0.615139
v -0.224733 -0.129229 0.614927
v -0.226408 -0.128262 0.615312
v -0.224733 -0.129229 0.614927
v -0.226735 -0.128828 0.615139
v -0.225117 -0.129762 0.614768
v -0.227226 -0.126331 0.606217
v -0.225515 -0.126715 0.606687
v -0.225776 -0.127168 0.605884
v -0.225515 -0.126715 0.606687
v -0.227226 -0.126331 0.606217
v -0.226698 -0.126032 0.606959
v -0.226735 -0.128828 0.605379
v -0.228082 -0.127295 0.605592
v -0.226408 -0.128262 0.605207
v -0.228082 -0.127295 0.605592
v -0.226735 -0.128828 0.605379
v -0.228352 -0.127894 0.605751
v -0.223327 -0.127978 0.607733
v -0.223293 -0.127534 0.609293
v -0.222656 -0.128365 0.608892
v -0.223293 -0.127534 0.609293
v -0.223327 -0.127978 0.607733
v -0.223767 -0.127261 0.608473
v -0.225117 -0.129762 0.605751
v -0.226408 -0.128262 0.605207
v -0.224733 -0.129229 0.605592
v -0.226408 -0.128262 0.605207
v -0.225117 -0.129762 0.605751
v -0.226735 -0.128828 0.605379
v -0.226698 -0.126032 0.613560
v -0.225776 -0.127168 0.614635
v -0.225515 -0.126715 0.613832
v -0.225776 -0.127168 0.614635
v -0.226698 -0.126032 0.613560
v -0.227226 -0.126331 0.614302
v -0.225988 -0.125687 0.609335
v -0.225145 -0.126074 0.610259
v -0.225621 -0.125899 0.609051
v -0.226234 -0.125545 0.609759
v -0.225145 -0.126074 0.610259
v -0.225988 -0.125687 0.609335
v -0.228352 -0.127894 0.605751
v -0.229501 -0.126476 0.606687
v -0.228082 -0.127295 0.605592
v -0.229501 -0.126476 0.606687
v -0.228352 -0.127894 0.605751
v -0.229723 -0.127103 0.606809
v -0.224055 -0.126803 0.610259
v -0.223293 -0.127534 0.611226
v -0.223126 -0.127630 0.610259
v -0.223293 -0.127534 0.611226
v -0.224055 -0.126803 0.610259
v -0.224141 -0.126753 0.610760
v -0.230639 -0.126574 0.612127
v -0.229719 -0.127809 0.613353
v -0.229723 -0.127103 0.613710
v -0.229719 -0.127809 0.613353
v -0.230639 -0.126574 0.612127
v -0.230540 -0.127335 0.611934
v -0.226203 -0.129011 0.607178
v -0.226561 -0.129632 0.609552
v -0.226203 -0.129011 0.609552
v -0.226561 -0.129632 0.609552
v -0.226203 -0.129011 0.607178
v -0.226561 -0.129632 0.607178
v -0.226561 -0.129632 0.609552
v -0.223907 -0.130337 0.609552
v -0.226203 -0.129011 0.609552
v -0.223907 -0.130337 0.609552
v -0.226561 -0.129632 0.609552
v -0.224265 -0.130958 0.609552
v -0.223907 -0.130337 0.609552
v -0.224265 -0.130958 0.611089
v -0.223907 -0.130337 0.611089
v -0.224265 -0.130958 0.611089
v -0.223907 -0.130337 0.609552
v -0.224265 -0.130958 0.609552
v -0.224265 -0.130958 0.611089
v -0.226203 -0.129011 0.611089
v -0.223907 -0.130337 0.611089
v -0.226203 -0.129011 0.611089
v -0.224265 -0.130958 0.611089
v -0.226561 -0.129632 0.611089
v -0.226203 -0.129011 0.611089
v -0.226561 -0.129632 0.613605
v -0.226203 -0.129011 0.613605
v -0.226561 -0.129632 0.613605
v -0.226203 -0.129011 0.611089
v -0.226561 -0.129632 0.611089
v -0.226561 -0.129632 0.613605
v -0.227577 -0.128217 0.613605
v -0.226203 -0.129011 0.613605
v -0.227577 -0.128217 0.613605
v -0.226561 -0.129632 0.613605
v -0.227936 -0.128838 0.613605
v -0.227936 -0.128838 0.611089
v -0.227577 -0.128217 0.613605
v -0.227936 -0.128838 0.613605
v -0.227577 -0.128217 0.613605
v -0.227936 -0.128838 0.611089
v -0.227577 -0.128217 0.611089
v -0.227936 -0.128838 0.611089
v -0.229672 -0.127008 0.611089
v -0.227577 -0.128217 0.611089
v -0.229672 -0.127008 0.611089
v -0.227936 -0.128838 0.611089
v -0.230030 -0.127629 0.611089
v -0.230030 -0.127629 0.609552
v -0.229672 -0.127008 0.611089
v -0.230030 -0.127629 0.611089
v -0.229672 -0.127008 0.611089
v -0.230030 -0.127629 0.609552
v -0.229672 -0.127008 0.609552
v -0.230030 -0.127629 0.609552
v -0.227577 -0.128217 0.609552
v -0.229672 -0.127008 0.609552
v -0.227577 -0.128217 0.609552
v -0.230030 -0.127629 0.609552
v -0.227936 -0.128838 0.609552
v -0.227936 -0.128838 0.607178
v -0.227577 -0.128217 0.609552
v -0.227936 -0.128838 0.609552
v -0.227577 -0.128217 0.609552
v -0.227936 -0.128838 0.607178
v -0.227577 -0.128217 0.607178
v -0.227936 -0.128838 0.607178
v -0.226203 -0.129011 0.607178
v -0.227577 -0.128217 0.607178
v -0.226203 -0.129011 0.607178
v -0.227936 -0.128838 0.607178
v -0.226561 -0.129632 0.607178
f 1 2 3
f 2 1 4
f 5 6 7
f 6 5 8
f 9 10 11
f 10 9 154
f 155 12 156
f 12 157 158
f 13 14 15
f 159 16 17
f 16 160 161
f 18 19 20
f 19 18 21
f 22 23 24
f 23 22 25
f 26 27 162
f 28 29 30
f 29 28 31
f 163 32 164
f 32 165 33
f 34 35 36
f 35 34 37
f 38 39 166
f 40 167 41
f 168 40 169
f 42 43 44
f 43 42 45
f 46 47 48
f 47 46 49
f 50 170 51
f 171 50 172
f 52 173 53
f 174 52 175
f 54 55 56
f 55 54 57
f 176 177 58
f 178 179 180
f 181 182 183
f 184 185 186
f 59 187 60
f 188 59 189
f 190 61 191
f 61 192 62
f 193 63 194
f 63 195 64
f 196 65 197
f 65 198 199
f 200 66 201
f 67 68 69
f 68 67 70
f 202 71 72
f 71 203 204
f 205 206 207
f 73 208 209
f 210 73 74
f 75 76 77
f 76 75 78
f 211 79 80
f 79 212 213
f 81 82 83
f 82 81 84
f 214 215 85
f 216 217 218
f 219 220 221
f 86 87 88
f 87 86 222
f 89 223 224
f 225 89 226
f 227 90 228
f 90 229 91
f 230 231 92
f 232 233 234
f 93 94 95
f 94 93 235
f 236 237 238
f 239 240 241
f 242 243 244
f 245 246 96
f 247 97 98
f 97 248 99
f 249 250 100
f 251 252 253
f 254 255 256
f 257 101 102
f 101 258 259
f 260 261 262
f 263 264 265
f 266 267 268
f 269 270 271
f 272 273 274
f 275 276 103
f 277 278 104
f 279 280 281
f 282 105 283
f 105 284 106
f 285 286 287
f 288 289 107
f 290 291 292
f 293 294 295
f 296 108 297
f 108 298 299
f 300 301 302
f 303 304 109
f 305 306 307
f 308 309 310
f 311 312 313
f 314 110 111
f 110 315 112
f 316 317 318
f 319 320 321
f 322 113 323
f 324 114 325
f 114 326 327
f 328 329 115
f 330 331 116
f 332 333 334
f 335 336 337
f 338 339 340
f 341 342 343
f 344 117 345
f 117 346 347
f 348 118 349
f 350 351 352
f 353 119 354
f 119 355 356
f 357 358 359
f 360 361 362
f 363 364 365
f 366 367 368
f 369 370 371
f 372 373 374
f 375 376 377
f 378 379 380
f 381 382 383
f 384 385 386
f 387 388 389
f 390 391 392
f 393 394 395
f 396 397 120
f 398 399 400
f 401 402 403
f 404 405 406
f 407 408 409
f 410 411 412
f 413 414 415
f 416 417 418
f 419 420 421
f 121 122 123
f 122 121 124
f 124 121 125
f 124 125 126
f 126 125 127
f 127 125 128
f 127 128 422
f 127 423 129
f 129 130 131
f 130 129 424
f 425 129 426
f 427 129 428
f 429 129 430
f 431 432 433
f 434 132 435
f 132 436 133
f 437 132 134
f 438 134 439
f 440 134 135
f 441 135 442
f 443 135 130
f 444 130 445
f 136 446 447
f 448 136 137
f 449 137 133
f 133 137 138
f 138 137 123
f 138 123 122
f 450 451 452
f 453 454 455
f 456 457 458
f 459 460 461
f 462 463 464
f 465 466 467
f 468 469 470
f 471 472 473
f 474 475 476
f 477 478 479
f 480 481 482
f 483 484 485
f 486 487 488
f 489 490 491
f 139 492 493
f 494 139 495
f 496 497 498
f 499 500 501
f 502 503 504
f 505 506 140
f 507 508 509
f 510 511 512
f 513 514 515
f 516 517 518
f 519 520 521
f 522 523 524
f 525 526 527
f 528 529 530
f 531 532 533
f 534 535 536
f 537 538 539
f 540 541 542
f 543 544 545
f 546 547 548
f 549 550 551
f 552 553 554
f 555 556 557
f 558 559 560
f 561 562 563
f 564 565 566
f 567 568 569
f 570 571 572
f 573 574 575
f 576 577 578
f 579 580 581
f 582 583 584
f 585 586 587
f 588 589 590
f 591 592 593
f 141 594 595
f 596 141 597
f 598 599 600
f 601 602 603
f 604 605 606
f 607 608 609
f 610 611 612
f 613 614 615
f 616 617 618
f 619 620 621
f 622 623 624
f 625 626 627
f 628 629 630
f 631 632 633
f 634 635 636
f 637 638 639
f 640 641 642
f 643 644 645
f 646 647 648
f 649 650 651
f 652 653 654
f 655 656 657
f 658 659 660
f 661 662 663
f 664 665 666
f 667 668 669
f 670 671 672
f 673 674 675
f 676 677 678
f 679 680 681
f 682 683 684
f 685 686 687
f 688 689 690
f 691 692 693
f 694 695 696
f 697 698 699
f 700 701 702
f 703 704 705
f 706 707 708
f 709 710 711
f 712 713 714
f 715 716 717
f 718 719 720
f 721 722 723
f 142 143 144
f 143 142 145
f 146 147 148
f 147 146 149
f 149 146 150
f 150 146 151
f 151 146 144
f 151 144 143
f 147 152 153
f 152 147 149
f 724 725 726
f 727 728 729
f 730 731 732
f 733 734 735
f 736 737 738
f 739 740 741
f 742 743 744
f 745 746 747
f 748 749 750
f 751 752 753
f 754 755 756
f 757 758 759
f 760 761 762
f 763 764 765
f 766 767 768
f 769 770 771
f 772 773 774
f 775 776 777
f 778 779 780
f 781 782 783
f 784 785 786
f 787 788 789
f 790 791 792
f 793 794 795
f 796 797 798
f 797 796 799
f 800 801 802
f 801 800 803
f 804 805 806
f 805 804 949
f 950 807 951
f 807 952 953
f 808 809 810
f 954 811 812
f 811 955 956
f 813 814 815
f 814 813 816
f 817 818 819
f 818 817 820
f 821 822 957
f 823 824 825
f 824 823 826
f 958 827 959
f 827 960 828
f 829 830 831
f 830 829 832
f 833 834 961
f 835 962 836
f 963 835 964
f 837 838 839
f 838 837 840
f 841 842 843
f 842 841 844
f 845 965 846
f 966 845 967
f 847 968 848
f 969 847 970
f 849 850 851
f 850 849 852
f 971 972 853
f 973 974 975
f 976 977 978
f 979 980 981
f 854 982 855
f 983 854 984
f 985 856 986
f 856 987 857
f 988 858 989
f 858 990 859
f 991 860 992
f 860 993 994
f 995 861 996
f 862 863 864
f 863 862 865
f 997 866 867
f 866 998 999
f 1000 1001 1002
f 868 1003 1004
f 1005 868 869
f 870 871 872
f 871 870 873
f 1006 874 875
f 874 1007 1008
f 876 877 878
f 877 876 879
f 1009 1010 880
f 1011 1012 1013
f 1014 1015 1016
f 881 882 883
f 882 881 1017
f 884 1018 1019
f 1020 884 1021
f 1022 885 1023
f 885 1024 886
f 1025 1026 887
f 1027 1028 1029
f 888 889 890
f 889 888 1030
f 1031 1032 1033
f 1034 1035 1036
f 1037 1038 1039
f 1040 1041 891
f 1042 892 893
f 892 1043 894
f 1044 1045 895
f 1046 1047 1048
f 1049 1050 1051
f 1052 896 897
f 896 1053 1054
f 1055 1056 1057
f 1058 1059 1060
f 1061 1062 1063
f 1064 1065 1066
f 1067 1068 1069
f 1070 1071 898
f 1072 1073 899
f 1074 1075 1076
f 1077 900 1078
f 900 1079 901
f 1080 1081 1082
f 1083 1084 902
f 1085 1086 1087
f 1088 1089 1090
f 1091 903 1092
f 903 1093 1094
f 1095 1096 1097
f 1098 1099 904
f 1100 1101 1102
f 1103 1104 1105
f 1106 1107 1108
f 1109 905 906
f 905 1110 907
f 1111 1112 1113
f 1114 1115 1116
f 1117 908 1118
f 1119 909 1120
f 909 1121 1122
f 1123 1124 910
f 1125 1126 911
f 1127 1128 1129
f 1130 1131 1132
f 1133 1134 1135
f 1136 1137 1138
f 1139 912 1140
f 912 1141 1142
f 1143 913 1144
f 1145 1146 1147
f 1148 914 1149
f 914 1150 1151
f 1152 1153 1154
f 1155 1156 1157
f 1158 1159 1160
f 1161 1162 1163
f 1164 1165 1166
f 1167 1168 1169
f 1170 1171 1172
f 1173 1174 1175
f 1176 1177 1178
f 1179 1180 1181
f 1182 1183 1184
f 1185 1186 1187
f 1188 1189 1190
f 1191 1192 915
f 1193 1194 1195
f 1196 1197 1198
f 1199 1200 1201
f 1202 1203 1204
f 1205 1206 1207
f 1208 1209 1210
f 1211 1212 1213
f 1214 1215 1216
f 916 917 918
f 917 916 919
f 919 916 920
f 919 920 921
f 921 920 922
f 922 920 923
f 922 923 1217
f 922 1218 924
f 924 925 926
f 925 924 1219
f 1220 924 1221
f 1222 924 1223
f 1224 924 1225
f 1226 1227 1228
f 1229 927 1230
f 927 1231 928
f 1232 927 929
f 1233 929 1234
f 1235 929 930
f 1236 930 1237
f 1238 930 925
f 1239 925 1240
f 931 1241 1242
f 1243 931 932
f 1244 932 928
f 928 932 933
f 933 932 918
f 933 918 917
f 1245 1246 1247
f 1248 1249 1250
f 1251 1252 1253
f 1254 1255 1256
f 1257 1258 1259
f 1260 1261 1262
f 1263 1264 1265
f 1266 1267 1268
f 1269 1270 1271
f 1272 1273 1274
f 1275 1276 1277
f 1278 1279 1280
f 1281 1282 1283
f 1284 1285 1286
f 934 1287 1288
f 1289 934 1290
f 1291 1292 1293
f 1294 1295 1296
f 1297 1298 1299
f 1300 1301 935
f 1302 1303 1304
f 1305 1306 1307
f 1308 1309 1310
f 1311 1312 1313
f 1314 1315 1316
f 1317 1318 1319
f 1320 1321 1322
f 1323 1324 1325
f 1326 1327 1328
f 1329 1330 1331
f 1332 1333 1334
f 1335 1336 1337
f 1338 1339 1340
f 1341 1342 1343
f 1344 1345 1346
f 1347 1348 1349
f 1350 1351 1352
f 1353 1354 1355
f 1356 1357 1358
f 1359 1360 1361
f 1362 1363 1364
f 1365 1366 1367
f 1368 1369 1370
f 1371 1372 1373
f 1374 1375 1376
f 1377 1378 1379
f 1380 1381 1382
f 1383 1384 1385
f 1386 1387 1388
f 936 1389 1390
f 1391 936 1392
f 1393 1394 1395
f 1396 1397 1398
f 1399 1400 1401
f 1402 1403 1404
f 1405 1406 1407
f 1408 1409 1410
f 1411 1412 1413
f 1414 1415 1416
f 1417 1418 1419
f 1420 1421 1422
f 1423 1424 1425
f 1426 1427 1428
f 1429 1430 1431
f 1432 1433 1434
f 1435 1436 1437
f 1438 1439 1440
f 1441 1442 1443
f 1444 1445 1446
f 1447 1448 1449
f 1450 1451 1452
f 1453 1454 1455
f 1456 1457 1458
f 1459 1460 1461
f 1462 1463 1464
f 1465 1466 1467
f 1468 1469 1470
f 1471 1472 1473
f 1474 1475 1476
f 1477 1478 1479
f 1480 1481 1482
f 1483 1484 1485
f 1486 1487 1488
f 1489 1490 1491
f 1492 1493 1494
f 1495 1496 1497
f 1498 1499 1500
f 1501 1502 1503
f 1504 1505 1506
f 1507 1508 1509
f 1510 1511 1512
f 1513 1514 1515
f 1516 1517 1518
f 937 938 939
f 938 937 940
f 941 942 943
f 942 941 944
f 944 941 945
f 945 941 946
f 946 941 939
f 946 939 938
f 942 947 948
f 947 942 944
f 1519 1520 1521
f 1522 1523 1524
f 1525 1526 1527
f 1528 1529 1530
f 1531 1532 1533
f 1534 1535 1536
f 1537 1538 1539
f 1540 1541 1542
f 1543 1544 1545
f 1546 1547 1548
f 1549 1550 1551
f 1552 1553 1554
f 1555 1556 1557
f 1558 1559 1560
f 1561 1562 1563
f 1564 1565 1566
f 1567 1568 1569
f 1570 1571 1572
f 1573 1574 1575
f 1576 1577 1578
f 1579 1580 1581
f 1582 1583 1584
f 1585 1586 1587
f 1588 1589 1590
f 1591 1592 1593
f 1592 1591 1594
f 1595 1596 1597
f 1596 1595 1598
f 1599 1600 1601
f 1600 1599 1744
f 1745 1602 1746
f 1602 1747 1748
f 1603 1604 1605
f 1749 1606 1607
f 1606 1750 1751
f 1608 1609 1610
f 1609 1608 1611
f 1612 1613 1614
f 1613 1612 1615
f 1616 1617 1752
f 1618 1619 1620
f 1619 1618 1621
f 1753 1622 1754
f 1622 1755 1623
f 1624 1625 1626
f 1625 1624 1627
f 1628 1629 1756
f 1630 1757 1631
f 1758 1630 1759
f 1632 1633 1634
f 1633 1632 1635
f 1636 1637 1638
f 1637 1636 1639
f 1640 1760 1641
f 1761 1640 1762
f 1642 1763 1643
f 1764 1642 1765
f 1644 1645 1646
f 1645 1644 1647
f 1766 1767 1648
f 1768 1769 1770
f 1771 1772 1773
f 1774 1775 1776
f 1649 1777 1650
f 1778 1649 1779
f 1780 1651 1781
f 1651 1782 1652
f 1783 1653 1784
f 1653 1785 1654
f 1786 1655 1787
f 1655 1788 1789
f 1790 1656 1791
f 1657 1658 1659
f 1658 1657 1660
f 1792 1661 1662
f 1661 1793 1794
f 1795 1796 1797
f 1663 1798 1799
f 1800 1663 1664
f 1665 1666 1667
f 1666 1665 1668
f 1801 1669 1670
f 1669 1802 1803
f 1671 1672 1673
f 1672 1671 1674
f 1804 1805 1675
f 1806 1807 1808
f 1809 1810 1811
f 1676 1677 1678
f 1677 1676 1812
f 1679 1813 1814
f 1815 1679 1816
f 1817 1680 1818
f 1680 1819 1681
f 1820 1821 1682
f 1822 1823 1824
f 1683 1684 1685
f 1684 1683 1825
f 1826 1827 1828
f 1829 1830 1831
f 1832 1833 1834
f 1835 1836 1686
f 1837 1687 1688
f 1687 1838 1689
f 1839 1840 1690
f 1841 1842 1843
f 1844 1845 1846
f 1847 1691 1692
f 1691 1848 1849
f 1850 1851 1852
f 1853 1854 1855
f 1856 1857 1858
f 1859 1860 1861
f 1862 1863 1864
f 1865 1866 1693
f 1867 1868 1694
f 1869 1870 1871
f 1872 1695 1873
f 1695 1874 1696
f 1875 1876 1877
f 1878 1879 1697
f 1880 1881 1882
f 1883 1884 1885
f 1886 1698 1887
f 1698 1888 1889
f 1890 1891 1892
f 1893 1894 1699
f 1895 1896 1897
f 1898 1899 1900
f 1901 1902 1903
f 1904 1700 1701
f 1700 1905 1702
f 1906 1907 1908
f 1909 1910 1911
f 1912 1703 1913
f 1914 1704 1915
f 1704 1916 1917
f 1918 1919 1705
f 1920 1921 1706
f 1922 1923 1924
f 1925 1926 1927
f 1928 1929 1930
f 1931 1932 1933
f 1934 1707 1935
f 1707 1936 1937
f 1938 1708 1939
f 1940 1941 1942
f 1943 1709 1944
f 1709 1945 1946
f 1947 1948 1949
f 1950 1951 1952
f 1953 1954 1955
f 1956 1957 1958
f 1959 1960 1961
f 1962 1963 1964
f 1965 1966 1967
f 1968 1969 1970
f 1971 1972 1973
f 1974 1975 1976
f 1977 1978 1979
f 1980 1981 1982
f 1983 1984 1985
f 1986 1987 1710
f 1988 1989 1990
f 1991 1992 1993
f 1994 1995 1996
f 1997 1998 1999
f 2000 2001 2002
f 2003 2004 2005
f 2006 2007 2008
f 2009 2010 2011
f 1711 1712 1713
f 1712 1711 1714
f 1714 1711 1715
f 1714 1715 1716
f 1716 1715 1717
f 1717 1715 1718
f 1717 1718 2012
f 1717 2013 1719
f 1719 1720 1721
f 1720 1719 2014
f 2015 1719 2016
f 2017 1719 2018
f 2019 1719 2020
f 2021 2022 2023
f 2024 1722 2025
f 1722 2026 1723
f 2027 1722 1724
f 2028 1724 2029
f 2030 1724 1725
f 2031 1725 2032
f 2033 1725 1720
f 2034 1720 2035
f 1726 2036 2037
f 2038 1726 1727
f 2039 1727 1723
f 1723 1727 1728
f 1728 1727 1713
f 1728 1713 1712
f 2040 2041 2042
f 2043 2044 2045
f 2046 2047 2048
f 2049 2050 2051
f 2052 2053 2054
f 2055 2056 2057
f 2058 2059 2060
f 2061 2062 2063
f 2064 2065 2066
f 2067 2068 2069
f 2070 2071 2072
f 2073 2074 2075
f 2076 2077 2078
f 2079 2080 2081
f 1729 2082 2083
f 2084 1729 2085
f 2086 2087 2088
f 2089 2090 2091
f 2092 2093 2094
f 2095 2096 1730
f 2097 2098 2099
f 2100 2101 2102
f 2103 2104 2105
f 2106 2107 2108
f 2109 2110 2111
f 2112 2113 2114
f 2115 2116 2117
f 2118 2119 2120
f 2121 2122 2123
f 2124 2125 2126
f 2127 2128 2129
f 2130 2131 2132
f 2133 2134 2135
f 2136 2137 2138
f 2139 2140 2141
f 2142 2143 2144
f 2145 2146 2147
f 2148 2149 2150
f 2151 2152 2153
f 2154 2155 2156
f 2157 2158 2159
f 2160 2161 2162
f 2163 2164 2165
f 2166 2167 2168
f 2169 2170 2171
f 2172 2173 2174
f 2175 2176 2177
f 2178 2179 2180
f 2181 2182 2183
f 1731 2184 2185
f 2186 1731 2187
f 2188 2189 2190
f 2191 2192 2193
f 2194 2195 2196
f 2197 2198 2199
f 2200 2201 2202
f 2203 2204 2205
f 2206 2207 2208
f 2209 2210 2211
f 2212 2213 2214
f 2215 2216 2217
f 2218 2219 2220
f 2221 2222 2223
f 2224 2225 2226
f 2227 2228 2229
f 2230 2231 2232
f 2233 2234 2235
f 2236 2237 2238
f 2239 2240 2241
f 2242 2243 2244
f 2245 2246 2247
f 2248 2249 2250
f 2251 2252 2253
f 2254 2255 2256
f 2257 2258 2259
f 2260 2261 2262
f 2263 2264 2265
f 2266 2267 2268
f 2269 2270 2271
f 2272 2273 2274
f 2275 2276 2277
f 2278 2279 2280
f 2281 2282 2283
f 2284 2285 2286
f 2287 2288 2289
f 2290 2291 2292
f 2293 2294 2295
f 2296 2297 2298
f 2299 2300 2301
f 2302 2303 2304
f 2305 2306 2307
f 2308 2309 2310
f 2311 2312 2313
f 1732 1733 1734
f 1733 1732 1735
f 1736 1737 1738
f 1737 1736 1739
f 1739 1736 1740
f 1740 1736 1741
f 1741 1736 1734
f 1741 1734 1733
f 1737 1742 1743
f 1742 1737 1739
f 2314 2315 2316
f 2317 2318 2319
f 2320 2321 2322
f 2323 2324 2325
f 2326 2327 2328
f 2329 2330 2331
f 2332 2333 2334
f 2335 2336 2337
f 2338 2339 2340
f 2341 2342 2343
f 2344 2345 2346
f 2347 2348 2349
f 2350 2351 2352
f 2353 2354 2355
f 2356 2357 2358
f 2359 2360 2361
f 2362 2363 2364
f 2365 2366 2367
f 2368 2369 2370
f 2371 2372 2373
f 2374 2375 2376
f 2377 2378 2379
f 2380 2381 2382
f 2383 2384 2385
f 2386 2387 2388
f 2387 2386 2389
f 2390 2391 2392
f 2391 2390 2393
f 2394 2395 2396
f 2395 2394 2539
f 2540 2397 2541
f 2397 2542 2543
f 2398 2399 2400
f 2544 2401 2402
f 2401 2545 2546
f 2403 2404 2405
f 2404 2403 2406
f 2407 2408 2409
f 2408 2407 2410
f 2411 2412 2547
f 2413 2414 2415
f 2414 2413 2416
f 2548 2417 2549
f 2417 2550 2418
f 2419 2420 2421
f 2420 2419 2422
f 2423 2424 2551
f 2425 2552 2426
f 2553 2425 2554
f 2427 2428 2429
f 2428 2427 2430
f 2431 2432 2433
f 2432 2431 2434
f 2435 2555 2436
f 2556 2435 2557
f 2437 2558 2438
f 2559 2437 2560
f 2439 2440 2441
f 2440 2439 2442
f 2561 2562 2443
f 2563 2564 2565
f 2566 2567 2568
f 2569 2570 2571
f 2444 2572 2445
f 2573 2444 2574
f 2575 2446 2576
f 2446 2577 2447
f 2578 2448 2579
f 2448 2580 2449
f 2581 2450 2582
f 2450 2583 2584
f 2585 2451 2586
f 2452 2453 2454
f 2453 2452 2455
f 2587 2456 2457
f 2456 2588 2589
f 2590 2591 2592
f 2458 2593 2594
f 2595 2458 2459
f 2460 2461 2462
f 2461 2460 2463
f 2596 2464 2465
f 2464 2597 2598
f 2466 2467 2468
f 2467 2466 2469
f 2599 2600 2470
f 2601 2602 2603
f 2604 2605 2606
f 2471 2472 2473
f 2472 2471 2607
f 2474 2608 2609
f 2610 2474 2611
f 2612 2475 2613
f 2475 2614 2476
f 2615 2616 2477
f 2617 2618 2619
f 2478 2479 2480
f 2479 2478 2620
f 2621 2622 2623
f 2624 2625 2626
f 2627 2628 2629
f 2630 2631 2481
f 2632 2482 2483
f 2482 2633 2484
f 2634 2635 2485
f 2636 2637 2638
f 2639 2640 2641
f 2642 2486 2487
f 2486 2643 2644
f 2645 2646 2647
f 2648 2649 2650
f 2651 2652 2653
f 2654 2655 2656
f 2657 2658 2659
f 2660 2661 2488
f 2662 2663 2489
f 2664 2665 2666
f 2667 2490 2668
f 2490 2669 2491
f 2670 2671 2672
f 2673 2674 2492
f 2675 2676 2677
f 2678 2679 2680
f 2681 2493 2682
f 2493 2683 2684
f 2685 2686 2687
f 2688 2689 2494
f 2690 2691 2692
f 2693 2694 2695
f 2696 2697 2698
f 2699 2495 2496
f 2495 2700 2497
f 2701 2702 2703
f 2704 2705 2706
f 2707 2498 2708
f 2709 2499 2710
f 2499 2711 2712
f 2713 2714 2500
f 2715 2716 2501
f 2717 2718 2719
f 2720 2721 2722
f 2723 2724 2725
f 2726 2727 2728
f 2729 2502 2730
f 2502 2731 2732
f 2733 2503 2734
f 2735 2736 2737
f 2738 2504 2739
f 2504 2740 2741
f 2742 2743 2744
f 2745 2746 2747
f 2748 2749 2750
f 2751 2752 2753
f 2754 2755 2756
f 2757 2758 2759
f 2760 2761 2762
f 2763 2764 2765
f 2766 2767 2768
f 2769 2770 2771
f 2772 2773 2774
f 2775 2776 2777
f 2778 2779 2780
f 2781 2782 2505
f 2783 2784 2785
f 2786 2787 2788
f 2789 2790 2791
f 2792 2793 2794
f 2795 2796 2797
f 2798 2799 2800
f 2801 2802 2803
f 2804 2805 2806
f 2506 2507 2508
f 2507 2506 2509
f 2509 2506 2510
f 2509 2510 2511
f 2511 2510 2512
f 2512 2510 2513
f 2512 2513 2807
f 2512 2808 2514
f 2514 2515 2516
f 2515 2514 2809
f 2810 2514 2811
f 2812 2514 2813
f 2814 2514 2815
f 2816 2817 2818
f 2819 2517 2820
f 2517 2821 2518
f 2822 2517 2519
f 2823 2519 2824
f 2825 2519 2520
f 2826 2520 2827
f 2828 2520 2515
f 2829 2515 2830
f 2521 2831 2832
f 2833 2521 2522
f 2834 2522 2518
f 2518 2522 2523
f 2523 2522 2508
f 2523 2508 2507
f 2835 2836 2837
f 2838 2839 2840
f 2841 2842 2843
f 2844 2845 2846
f 2847 2848 2849
f 2850 2851 2852
f 2853 2854 2855
f 2856 2857 2858
f 2859 2860 2861
f 2862 2863 2864
f 2865 2866 2867
f 2868 2869 2870
f 2871 2872 2873
f 2874 2875 2876
f 2524 2877 2878
f 2879 2524 2880
f 2881 2882 2883
f 2884 2885 2886
f 2887 2888 2889
f 2890 2891 2525
f 2892 2893 2894
f 2895 2896 2897
f 2898 2899 2900
f 2901 2902 2903
f 2904 2905 2906
f 2907 2908 2909
f 2910 2911 2912
f 2913 2914 2915
f 2916 2917 2918
f 2919 2920 2921
f 2922 2923 2924
f 2925 2926 2927
f 2928 2929 2930
f 2931 2932 2933
f 2934 2935 2936
f 2937 2938 2939
f 2940 2941 2942
f 2943 2944 2945
f 2946 2947 2948
f 2949 2950 2951
f 2952 2953 2954
f 2955 2956 2957
f 2958 2959 2960
f 2961 2962 2963
f 2964 2965 2966
f 2967 2968 2969
f 2970 2971 2972
f 2973 2974 2975
f 2976 2977 2978
f 2526 2979 2980
f 2981 2526 2982
f 2983 2984 2985
f 2986 2987 2988
f 2989 2990 2991
f 2992 2993 2994
f 2995 2996 2997
f 2998 2999 3000
f 3001 3002 3003
f 3004 3005 3006
f 3007 3008 3009
f 3010 3011 3012
f 3013 3014 3015
f 3016 3017 3018
f 3019 3020 3021
f 3022 3023 3024
f 3025 3026 3027
f 3028 3029 3030
f 3031 3032 3033
f 3034 3035 3036
f 3037 3038 3039
f 3040 3041 3042
f 3043 3044 3045
f 3046 3047 3048
f 3049 3050 3051
f 3052 3053 3054
f 3055 3056 3057
f 3058 3059 3060
f 3061 3062 3063
f 3064 3065 3066
f 3067 3068 3069
f 3070 3071 3072
f 3073 3074 3075
f 3076 3077 3078
f 3079 3080 3081
f 3082 3083 3084
f 3085 3086 3087
f 3088 3089 3090
f 3091 3092 3093
f 3094 3095 3096
f 3097 3098 3099
f 3100 3101 3102
f 3103 3104 3105
f 3106 3107 3108
f 2527 2528 2529
f 2528 2527 2530
f 2531 2532 2533
f 2532 2531 2534
f 2534 2531 2535
f 2535 2531 2536
f 2536 2531 2529
f 2536 2529 2528
f 2532 2537 2538
f 2537 2532 2534
f 3109 3110 3111
f 3112 3113 3114
f 3115 3116 3117
f 3118 3119 3120
f 3121 3122 3123
f 3124 3125 3126
f 3127 3128 3129
f 3130 3131 3132
f 3133 3134 3135
f 3136 3137 3138
f 3139 3140 3141
f 3142 3143 3144
f 3145 3146 3147
f 3148 3149 3150
f 3151 3152 3153
f 3154 3155 3156
f 3157 3158 3159
f 3160 3161 3162
f 3163 3164 3165
f 3166 3167 3168
f 3169 3170 3171
f 3172 3173 3174
f 3175 3176 3177
f 3178 3179 3180
f 3181 3182 3183
f 3182 3181 3184
f 3205 3185 3206
f 3185 3207 3186
f 3208 3187 3188
f 3187 3209 3210
f 3211 3189 3212
f 3189 3213 3190
f 3214 3191 3192
f 3191 3215 3216
f 3217 3193 3218
f 3193 3219 3194
f 3195 3220 3221
f 3222 3195 3196
f 3223 3197 3224
f 3197 3225 3198
f 3199 3226 3227
f 3228 3199 3200
f 3229 3201 3230
f 3201 3231 3202
f 3203 3232 3233
f 3234 3203 3204
f 3235 3236 3237
f 3238 3239 3240
f 3241 3242 3243
f 3242 3241 3244
f 3265 3245 3266
f 3245 3267 3246
f 3268 3247 3248
f 3247 3269 3270
f 3271 3249 3272
f 3249 3273 3250
f 3274 3251 3252
f 3251 3275 3276
f 3277 3253 3278
f 3253 3279 3254
f 3255 3280 3281
f 3282 3255 3256
f 3283 3257 3284
f 3257 3285 3258
f 3259 3286 3287
f 3288 3259 3260
f 3289 3261 3290
f 3261 3291 3262
f 3263 3292 3293
f 3294 3263 3264
f 3295 3296 3297
f 3298 3299 3300
f 3301 3302 3303
f 3302 3301 3304
f 3305 3306 3307
f 3306 3305 3308
f 3309 3310 3311
f 3310 3309 3454
f 3455 3312 3456
f 3312 3457 3458
f 3313 3314 3315
f 3459 3316 3317
f 3316 3460 3461
f 3318 3319 3320
f 3319 3318 3321
f 3322 3323 3324
f 3323 3322 3325
f 3326 3327 3462
f 3328 3329 3330
f 3329 3328 3331
f 3463 3332 3464
f 3332 3465 3333
f 3334 3335 3336
f 3335 3334 3337
f 3338 3339 3466
f 3340 3467 3341
f 3468 3340 3469
f 3342 3343 3344
f 3343 3342 3345
f 3346 3347 3348
f 3347 3346 3349
f 3350 3470 3351
f 3471 3350 3472
f 3352 3473 3353
f 3474 3352 3475
f 3354 3355 3356
f 3355 3354 3357
f 3476 3477 3358
f 3478 3479 3480
f 3481 3482 3483
f 3484 3485 3486
f 3359 3487 3360
f 3488 3359 3489
f 3490 3361 3491
f 3361 3492 3362
f 3493 3363 3494
f 3363 3495 3364
f 3496 3365 3497
f 3365 3498 3499
f 3500 3366 3501
f 3367 3368 3369
f 3368 3367 3370
f 3502 3371 3372
f 3371 3503 3504
f 3505 3506 3507
f 3373 3508 3509
f 3510 3373 3374
f 3375 3376 3377
f 3376 3375 3378
f 3511 3379 3380
f 3379 3512 3513
f 3381 3382 3383
f 3382 3381 3384
f 3514 3515 3385
f 3516 3517 3518
f 3519 3520 3521
f 3386 3387 3388
f 3387 3386 3522
f 3389 3523 3524
f 3525 3389 3526
f 3527 3390 3528
f 3390 3529 3391
f 3530 3531 3392
f 3532 3533 3534
f 3393 3394 3395
f 3394 3393 3535
f 3536 3537 3538
f 3539 3540 3541
f 3542 3543 3544
f 3545 3546 3396
f 3547 3397 3398
f 3397 3548 3399
f 3549 3550 3400
f 3551 3552 3553
f 3554 3555 3556
f 3557 3401 3402
f 3401 3558 3559
f 3560 3561 3562
f 3563 3564 3565
f 3566 3567 3568
f 3569 3570 3571
f 3572 3573 3574
f 3575 3576 3403
f 3577 3578 3404
f 3579 3580 3581
f 3582 3405 3583
f 3405 3584 3406
f 3585 3586 3587
f 3588 3589 3407
f 3590 3591 3592
f 3593 3594 3595
f 3596 3408 3597
f 3408 3598 3599
f 3600 3601 3602
f 3603 3604 3409
f 3605 3606 3607
f 3608 3609 3610
f 3611 3612 3613
f 3614 3410 3411
f 3410 3615 3412
f 3616 3617 3618
f 3619 3620 3621
f 3622 3413 3623
f 3624 3414 3625
f 3414 3626 3627
f 3628 3629 3415
f 3630 3631 3416
f 3632 3633 3634
f 3635 3636 3637
f 3638 3639 3640
f 3641 3642 3643
f 3644 3417 3645
f 3417 3646 3647
f 3648 3418 3649
f 3650 3651 3652
f 3653 3419 3654
f 3419 3655 3656
f 3657 3658 3659
f 3660 3661 3662
f 3663 3664 3665
f 3666 3667 3668
f 3669 3670 3671
f 3672 3673 3674
f 3675 3676 3677
f 3678 3679 3680
f 3681 3682 3683
f 3684 3685 3686
f 3687 3688 3689
f 3690 3691 3692
f 3693 3694 3695
f 3696 3697 3420
f 3698 3699 3700
f 3701 3702 3703
f 3704 3705 3706
f 3707 3708 3709
f 3710 3711 3712
f 3713 3714 3715
f 3716 3717 3718
f 3719 3720 3721
f 3421 3422 3423
f 3422 3421 3424
f 3424 3421 3425
f 3424 3425 3426
f 3426 3425 3427
f 3427 3425 3428
f 3427 3428 3722
f 3427 3723 3429
f 3429 3430 3431
f 3430 3429 3724
f 3725 3429 3726
f 3727 3429 3728
f 3729 3429 3730
f 3731 3732 3733
f 3734 3432 3735
f 3432 3736 3433
f 3737 3432 3434
f 3738 3434 3739
f 3740 3434 3435
f 3741 3435 3742
f 3743 3435 3430
f 3744 3430 3745
f 3436 3746 3747
f 3748 3436 3437
f 3749 3437 3433
f 3433 3437 3438
f 3438 3437 3423
f 3438 3423 3422
f 3750 3751 3752
f 3753 3754 3755
f 3756 3757 3758
f 3759 3760 3761
f 3762 3763 3764
f 3765 3766 3767
f 3768 3769 3770
f 3771 3772 3773
f 3774 3775 3776
f 3777 3778 3779
f 3780 3781 3782
f 3783 3784 3785
f 3786 3787 3788
f 3789 3790 3791
f 3439 3792 3793
f 3794 3439 3795
f 3796 3797 3798
f 3799 3800 3801
f 3802 3803 3804
f 3805 3806 3440
f 3807 3808 3809
f 3810 3811 3812
f 3813 3814 3815
f 3816 3817 3818
f 3819 3820 3821
f 3822 3823 3824
f 3825 3826 3827
f 3828 3829 3830
f 3831 3832 3833
f 3834 3835 3836
f 3837 3838 3839
f 3840 3841 3842
f 3843 3844 3845
f 3846 3847 3848
f 3849 3850 3851
f 3852 3853 3854
f 3855 3856 3857
f 3858 3859 3860
f 3861 3862 3863
f 3864 3865 3866
f 3867 3868 3869
f 3870 3871 3872
f 3873 3874 3875
f 3876 3877 3878
f 3879 3880 3881
f 3882 3883 3884
f 3885 3886 3887
f 3888 3889 3890
f 3891 3892 3893
f 3441 3894 3895
f 3896 3441 3897
f 3898 3899 3900
f 3901 3902 3903
f 3904 3905 3906
f 3907 3908 3909
f 3910 3911 3912
f 3913 3914 3915
f 3916 3917 3918
f 3919 3920 3921
f 3922 3923 3924
f 3925 3926 3927
f 3928 3929 3930
f 3931 3932 3933
f 3934 3935 3936
f 3937 3938 3939
f 3940 3941 3942
f 3943 3944 3945
f 3946 3947 3948
f 3949 3950 3951
f 3952 3953 3954
f 3955 3956 3957
f 3958 3959 3960
f 3961 3962 3963
f 3964 3965 3966
f 3967 3968 3969
f 3970 3971 3972
f 3973 3974 3975
f 3976 3977 3978
f 3979 3980 3981
f 3982 3983 3984
f 3985 3986 3987
f 3988 3989 3990
f 3991 3992 3993
f 3994 3995 3996
f 3997 3998 3999
f 4000 4001 4002
f 4003 4004 4005
f 4006 4007 4008
f 4009 4010 4011
f 4012 4013 4014
f 4015 4016 4017
f 4018 4019 4020
f 4021 4022 4023
f 3442 3443 3444
f 3443 3442 3445
f 3446 3447 3448
f 3447 3446 3449
f 3449 3446 3450
f 3450 3446 3451
f 3451 3446 3444
f 3451 3444 3443
f 3447 3452 3453
f 3452 3447 3449
f 4024 4025 4026
f 4027 4028 4029
f 4030 4031 4032
f 4033 4034 4035
f 4036 4037 4038
f 4039 4040 4041
f 4042 4043 4044
f 4045 4046 4047
f 4048 4049 4050
f 4051 4052 4053
f 4054 4055 4056
f 4057 4058 4059
f 4060 4061 4062
f 4063 4064 4065
f 4066 4067 4068
f 4069 4070 4071
f 4072 4073 4074
f 4075 4076 4077
f 4078 4079 4080
f 4081 4082 4083
f 4084 4085 4086
f 4087 4088 4089
f 4090 4091 4092
f 4093 4094 4095
f 4096 4097 4098
f 4097 4096 4099
f 4100 4101 4102
f 4101 4100 4103
f 4104 4105 4106
f 4105 4104 4249
f 4250 4107 4251
f 4107 4252 4253
f 4108 4109 4110
f 4254 4111 4112
f 4111 4255 4256
f 4113 4114 4115
f 4114 4113 4116
f 4117 4118 4119
f 4118 4117 4120
f 4121 4122 4257
f 4123 4124 4125
f 4124 4123 4126
f 4258 4127 4259
f 4127 4260 4128
f 4129 4130 4131
f 4130 4129 4132
f 4133 4134 4261
f 4135 4262 4136
f 4263 4135 4264
f 4137 4138 4139
f 4138 4137 4140
f 4141 4142 4143
f 4142 4141 4144
f 4145 4265 4146
f 4266 4145 4267
f 4147 4268 4148
f 4269 4147 4270
f 4149 4150 4151
f 4150 4149 4152
f 4271 4272 4153
f 4273 4274 4275
f 4276 4277 4278
f 4279 4280 4281
f 4154 4282 4155
f 4283 4154 4284
f 4285 4156 4286
f 4156 4287 4157
f 4288 4158 4289
f 4158 4290 4159
f 4291 4160 4292
f 4160 4293 4294
f 4295 4161 4296
f 4162 4163 4164
f 4163 4162 4165
f 4297 4166 4167
f 4166 4298 4299
f 4300 4301 4302
f 4168 4303 4304
f 4305 4168 4169
f 4170 4171 4172
f 4171 4170 4173
f 4306 4174 4175
f 4174 4307 4308
f 4176 4177 4178
f 4177 4176 4179
f 4309 4310 4180
f 4311 4312 4313
f 4314 4315 4316
f 4181 4182 4183
f 4182 4181 4317
f 4184 4318 4319
f 4320 4184 4321
f 4322 4185 4323
f 4185 4324 4186
f 4325 4326 4187
f 4327 4328 4329
f 4188 4189 4190
f 4189 4188 4330
f 4331 4332 4333
f 4334 4335 4336
f 4337 4338 4339
f 4340 4341 4191
f 4342 4192 4193
f 4192 4343 4194
f 4344 4345 4195
f 4346 4347 4348
f 4349 4350 4351
f 4352 4196 4197
f 4196 4353 4354
f 4355 4356 4357
f 4358 4359 4360
f 4361 4362 4363
f 4364 4365 4366
f 4367 4368 4369
f 4370 4371 4198
f 4372 4373 4199
f 4374 4375 4376
f 4377 4200 4378
f 4200 4379 4201
f 4380 4381 4382
f 4383 4384 4202
f 4385 4386 4387
f 4388 4389 4390
f 4391 4203 4392
f 4203 4393 4394
f 4395 4396 4397
f 4398 4399 4204
f 4400 4401 4402
f 4403 4404 4405
f 4406 4407 4408
f 4409 4205 4206
f 4205 4410 4207
f 4411 4412 4413
f 4414 4415 4416
f 4417 4208 4418
f 4419 4209 4420
f 4209 4421 4422
f 4423 4424 4210
f 4425 4426 4211
f 4427 4428 4429
f 4430 4431 4432
f 4433 4434 4435
f 4436 4437 4438
f 4439 4212 4440
f 4212 4441 4442
f 4443 4213 4444
f 4445 4446 4447
f 4448 4214 4449
f 4214 4450 4451
f 4452 4453 4454
f 4455 4456 4457
f 4458 4459 4460
f 4461 4462 4463
f 4464 4465 4466
f 4467 4468 4469
f 4470 4471 4472
f 4473 4474 4475
f 4476 4477 4478
f 4479 4480 4481
f 4482 4483 4484
f 4485 4486 4487
f 4488 4489 4490
f 4491 4492 4215
f 4493 4494 4495
f 4496 4497 4498
f 4499 4500 4501
f 4502 4503 4504
f 4505 4506 4507
f 4508 4509 4510
f 4511 4512 4513
f 4514 4515 4516
f 4216 4217 4218
f 4217 4216 4219
f 4219 4216 4220
f 4219 4220 4221
f 4221 4220 4222
f 4222 4220 4223
f 4222 4223 4517
f 4222 4518 4224
f 4224 4225 4226
f 4225 4224 4519
f 4520 4224 4521
f 4522 4224 4523
f 4524 4224 4525
f 4526 4527 4528
f 4529 4227 4530
f 4227 4531 4228
f 4532 4227 4229
f 4533 4229 4534
f 4535 4229 4230
f 4536 4230 4537
f 4538 4230 4225
f 4539 4225 4540
f 4231 4541 4542
f 4543 4231 4232
f 4544 4232 4228
f 4228 4232 4233
f 4233 4232 4218
f 4233 4218 4217
f 4545 4546 4547
f 4548 4549 4550
f 4551 4552 4553
f 4554 4555 4556
f 4557 4558 4559
f 4560 4561 4562
f 4563 4564 4565
f 4566 4567 4568
f 4569 4570 4571
f 4572 4573 4574
f 4575 4576 4577
f 4578 4579 4580
f 4581 4582 4583
f 4584 4585 4586
f 4234 4587 4588
f 4589 4234 4590
f 4591 4592 4593
f 4594 4595 4596
f 4597 4598 4599
f 4600 4601 4235
f 4602 4603 4604
f 4605 4606 4607
f 4608 4609 4610
f 4611 4612 4613
f 4614 4615 4616
f 4617 4618 4619
f 4620 4621 4622
f 4623 4624 4625
f 4626 4627 4628
f 4629 4630 4631
f 4632 4633 4634
f 4635 4636 4637
f 4638 4639 4640
f 4641 4642 4643
f 4644 4645 4646
f 4647 4648 4649
f 4650 4651 4652
f 4653 4654 4655
f 4656 4657 4658
f 4659 4660 4661
f 4662 4663 4664
f 4665 4666 4667
f 4668 4669 4670
f 4671 4672 4673
f 4674 4675 4676
f 4677 4678 4679
f 4680 4681 4682
f 4683 4684 4685
f 4686 4687 4688
f 4236 4689 4690
f 4691 4236 4692
f 4693 4694 4695
f 4696 4697 4698
f 4699 4700 4701
f 4702 4703 4704
f 4705 4706 4707
f 4708 4709 4710
f 4711 4712 4713
f 4714 4715 4716
f 4717 4718 4719
f 4720 4721 4722
f 4723 4724 4725
f 4726 4727 4728
f 4729 4730 4731
f 4732 4733 4734
f 4735 4736 4737
f 4738 4739 4740
f 4741 4742 4743
f 4744 4745 4746
f 4747 4748 4749
f 4750 4751 4752
f 4753 4754 4755
f 4756 4757 4758
f 4759 4760 4761
f 4762 4763 4764
f 4765 4766 4767
f 4768 4769 4770
f 4771 4772 4773
f 4774 4775 4776
f 4777 4778 4779
f 4780 4781 4782
f 4783 4784 4785
f 4786 4787 4788
f 4789 4790 4791
f 4792 4793 4794
f 4795 4796 4797
f 4798 4799 4800
f 4801 4802 4803
f 4804 4805 4806
f 4807 4808 4809
f 4810 4811 4812
f 4813 4814 4815
f 4816 4817 4818
f 4237 4238 4239
f 4238 4237 4240
f 4241 4242 4243
f 4242 4241 4244
f 4244 4241 4245
f 4245 4241 4246
f 4246 4241 4239
f 4246 4239 4238
f 4242 4247 4248
f 4247 4242 4244
f 4819 4820 4821
f 4822 4823 4824
f 4825 4826 4827
f 4828 4829 4830
f 4831 4832 4833
f 4834 4835 4836
f 4837 4838 4839
f 4840 4841 4842
f 4843 4844 4845
f 4846 4847 4848
f 4849 4850 4851
f 4852 4853 4854
f 4855 4856 4857
f 4858 4859 4860
f 4861 4862 4863
f 4864 4865 4866
f 4867 4868 4869
f 4870 4871 4872
f 4873 4874 4875
f 4876 4877 4878
f 4879 4880 4881
f 4882 4883 4884
f 4885 4886 4887
f 4888 4889 4890
f 4891 4892 4893
f 4892 4891 4894
f 4895 4896 4897
f 4896 4895 4898
f 4899 4900 4901
f 4900 4899 5044
f 5045 4902 5046
f 4902 5047 5048
f 4903 4904 4905
f 5049 4906 4907
f 4906 5050 5051
f 4908 4909 4910
f 4909 4908 4911
f 4912 4913 4914
f 4913 4912 4915
f 4916 4917 5052
f 4918 4919 4920
f 4919 4918 4921
f 5053 4922 5054
f 4922 5055 4923
f 4924 4925 4926
f 4925 4924 4927
f 4928 4929 5056
f 4930 5057 4931
f 5058 4930 5059
f 4932 4933 4934
f 4933 4932 4935
f 4936 4937 4938
f 4937 4936 4939
f 4940 5060 4941
f 5061 4940 5062
f 4942 5063 4943
f 5064 4942 5065
f 4944 4945 4946
f 4945 4944 4947
f 5066 5067 4948
f 5068 5069 5070
f 5071 5072 5073
f 5074 5075 5076
f 4949 5077 4950
f 5078 4949 5079
f 5080 4951 5081
f 4951 5082 4952
f 5083 4953 5084
f 4953 5085 4954
f 5086 4955 5087
f 4955 5088 5089
f 5090 4956 5091
f 4957 4958 4959
f 4958 4957 4960
f 5092 4961 4962
f 4961 5093 5094
f 5095 5096 5097
f 4963 5098 5099
f 5100 4963 4964
f 4965 4966 4967
f 4966 4965 4968
f 5101 4969 4970
f 4969 5102 5103
f 4971 4972 4973
f 4972 4971 4974
f 5104 5105 4975
f 5106 5107 5108
f 5109 5110 5111
f 4976 4977 4978
f 4977 4976 5112
f 4979 5113 5114
f 5115 4979 5116
f 5117 4980 5118
f 4980 5119 4981
f 5120 5121 4982
f 5122 5123 5124
f 4983 4984 4985
f 4984 4983 5125
f 5126 5127 5128
f 5129 5130 5131
f 5132 5133 5134
f 5135 5136 4986
f 5137 4987 4988
f 4987 5138 4989
f 5139 5140 4990
f 5141 5142 5143
f 5144 5145 5146
f 5147 4991 4992
f 4991 5148 5149
f 5150 5151 5152
f 5153 5154 5155
f 5156 5157 5158
f 5159 5160 5161
f 5162 5163 5164
f 5165 5166 4993
f 5167 5168 4994
f 5169 5170 5171
f 5172 4995 5173
f 4995 5174 4996
f 5175 5176 5177
f 5178 5179 4997
f 5180 5181 5182
f 5183 5184 5185
f 5186 4998 5187
f 4998 5188 5189
f 5190 5191 5192
f 5193 5194 4999
f 5195 5196 5197
f 5198 5199 5200
f 5201 5202 5203
f 5204 5000 5001
f 5000 5205 5002
f 5206 5207 5208
f 5209 5210 5211
f 5212 5003 5213
f 5214 5004 5215
f 5004 5216 5217
f 5218 5219 5005
f 5220 5221 5006
f 5222 5223 5224
f 5225 5226 5227
f 5228 5229 5230
f 5231 5232 5233
f 5234 5007 5235
f 5007 5236 5237
f 5238 5008 5239
f 5240 5241 5242
f 5243 5009 5244
f 5009 5245 5246
f 5247 5248 5249
f 5250 5251 5252
f 5253 5254 5255
f 5256 5257 5258
f 5259 5260 5261
f 5262 5263 5264
f 5265 5266 5267
f 5268 5269 5270
f 5271 5272 5273
f 5274 5275 5276
f 5277 5278 5279
f 5280 5281 5282
f 5283 5284 5285
f 5286 5287 5010
f 5288 5289 5290
f 5291 5292 5293
f 5294 5295 5296
f 5297 5298 5299
f 5300 5301 5302
f 5303 5304 5305
f 5306 5307 5308
f 5309 5310 5311
f 5011 5012 5013
f 5012 5011 5014
f 5014 5011 5015
f 5014 5015 5016
f 5016 5015 5017
f 5017 5015 5018
f 5017 5018 5312
f 5017 5313 5019
f 5019 5020 5021
f 5020 5019 5314
f 5315 5019 5316
f 5317 5019 5318
f 5319 5019 5320
f 5321 5322 5323
f 5324 5022 5325
f 5022 5326 5023
f 5327 5022 5024
f 5328 5024 5329
f 5330 5024 5025
f 5331 5025 5332
f 5333 5025 5020
f 5334 5020 5335
f 5026 5336 5337
f 5338 5026 5027
f 5339 5027 5023
f 5023 5027 5028
f 5028 5027 5013
f 5028 5013 5012
f 5340 5341 5342
f 5343 5344 5345
f 5346 5347 5348
f 5349 5350 5351
f 5352 5353 5354
f 5355 5356 5357
f 5358 5359 5360
f 5361 5362 5363
f 5364 5365 5366
f 5367 5368 5369
f 5370 5371 5372
f 5373 5374 5375
f 5376 5377 5378
f 5379 5380 5381
f 5029 5382 5383
f 5384 5029 5385
f 5386 5387 5388
f 5389 5390 5391
f 5392 5393 5394
f 5395 5396 5030
f 5397 5398 5399
f 5400 5401 5402
f 5403 5404 5405
f 5406 5407 5408
f 5409 5410 5411
f 5412 5413 5414
f 5415 5416 5417
f 5418 5419 5420
f 5421 5422 5423
f 5424 5425 5426
f 5427 5428 5429
f 5430 5431 5432
f 5433 5434 5435
f 5436 5437 5438
f 5439 5440 5441
f 5442 5443 5444
f 5445 5446 5447
f 5448 5449 5450
f 5451 5452 5453
f 5454 5455 5456
f 5457 5458 5459
f 5460 5461 5462
f 5463 5464 5465
f 5466 5467 5468
f 5469 5470 5471
f 5472 5473 5474
f 5475 5476 5477
f 5478 5479 5480
f 5481 5482 5483
f 5031 5484 5485
f 5486 5031 5487
f 5488 5489 5490
f 5491 5492 5493
f 5494 5495 5496
f 5497 5498 5499
f 5500 5501 5502
f 5503 5504 5505
f 5506 5507 5508
f 5509 5510 5511
f 5512 5513 5514
f 5515 5516 5517
f 5518 5519 5520
f 5521 5522 5523
f 5524 5525 5526
f 5527 5528 5529
f 5530 5531 5532
f 5533 5534 5535
f 5536 5537 5538
f 5539 5540 5541
f 5542 5543 5544
f 5545 5546 5547
f 5548 5549 5550
f 5551 5552 5553
f 5554 5555 5556
f 5557 5558 5559
f 5560 5561 5562
f 5563 5564 5565
f 5566 5567 5568
f 5569 5570 5571
f 5572 5573 5574
f 5575 5576 5577
f 5578 5579 5580
f 5581 5582 5583
f 5584 5585 5586
f 5587 5588 5589
f 5590 5591 5592
f 5593 5594 5595
f 5596 5597 5598
f 5599 5600 5601
f 5602 5603 5604
f 5605 5606 5607
f 5608 5609 5610
f 5611 5612 5613
f 5032 5033 5034
f 5033 5032 5035
f 5036 5037 5038
f 5037 5036 5039
f 5039 5036 5040
f 5040 5036 5041
f 5041 5036 5034
f 5041 5034 5033
f 5037 5042 5043
f 5042 5037 5039
f 5614 5615 5616
f 5617 5618 5619
f 5620 5621 5622
f 5623 5624 5625
f 5626 5627 5628
f 5629 5630 5631
f 5632 5633 5634
f 5635 5636 5637
f 5638 5639 5640
f 5641 5642 5643
f 5644 5645 5646
f 5647 5648 5649
f 5650 5651 5652
f 5653 5654 5655
f 5656 5657 5658
f 5659 5660 5661
f 5662 5663 5664
f 5665 5666 5667
f 5668 5669 5670
f 5671 5672 5673
f 5674 5675 5676
f 5677 5678 5679
f 5680 5681 5682
f 5683 5684 5685
f 5686 5687 5688
f 5687 5686 5689
f 5690 5691 5692
f 5691 5690 5693
f 5694 5695 5696
f 5695 5694 5839
f 5840 5697 5841
f 5697 5842 5843
f 5698 5699 5700
f 5844 5701 5702
f 5701 5845 5846
f 5703 5704 5705
f 5704 5703 5706
f 5707 5708 5709
f 5708 5707 5710
f 5711 5712 5847
f 5713 5714 5715
f 5714 5713 5716
f 5848 5717 5849
f 5717 5850 5718
f 5719 5720 5721
f 5720 5719 5722
f 5723 5724 5851
f 5725 5852 5726
f 5853 5725 5854
f 5727 5728 5729
f 5728 5727 5730
f 5731 5732 5733
f 5732 5731 5734
f 5735 5855 5736
f 5856 5735 5857
f 5737 5858 5738
f 5859 5737 5860
f 5739 5740 5741
f 5740 5739 5742
f 5861 5862 5743
f 5863 5864 5865
f 5866 5867 5868
f 5869 5870 5871
f 5744 5872 5745
f 5873 5744 5874
f 5875 5746 5876
f 5746 5877 5747
f 5878 5748 5879
f 5748 5880 5749
f 5881 5750 5882
f 5750 5883 5884
f 5885 5751 5886
f 5752 5753 5754
f 5753 5752 5755
f 5887 5756 5757
f 5756 5888 5889
f 5890 5891 5892
f 5758 5893 5894
f 5895 5758 5759
f 5760 5761 5762
f 5761 5760 5763
f 5896 5764 5765
f 5764 5897 5898
f 5766 5767 5768
f 5767 5766 5769
f 5899 5900 5770
f 5901 5902 5903
f 5904 5905 5906
f 5771 5772 5773
f 5772 5771 5907
f 5774 5908 5909
f 5910 5774 5911
f 5912 5775 5913
f 5775 5914 5776
f 5915 5916 5777
f 5917 5918 5919
f 5778 5779 5780
f 5779 5778 5920
f 5921 5922 5923
f 5924 5925 5926
f 5927 5928 5929
f 5930 5931 5781
f 5932 5782 5783
f 5782 5933 5784
f 5934 5935 5785
f 5936 5937 5938
f 5939 5940 5941
f 5942 5786 5787
f 5786 5943 5944
f 5945 5946 5947
f 5948 5949 5950
f 5951 5952 5953
f 5954 5955 5956
f 5957 5958 5959
f 5960 5961 5788
f 5962 5963 5789
f 5964 5965 5966
f 5967 5790 5968
f 5790 5969 5791
f 5970 5971 5972
f 5973 5974 5792
f 5975 5976 5977
f 5978 5979 5980
f 5981 5793 5982
f 5793 5983 5984
f 5985 5986 5987
f 5988 5989 5794
f 5990 5991 5992
f 5993 5994 5995
f 5996 5997 5998
f 5999 5795 5796
f 5795 6000 5797
f 6001 6002 6003
f 6004 6005 6006
f 6007 5798 6008
f 6009 5799 6010
f 5799 6011 6012
f 6013 6014 5800
f 6015 6016 5801
f 6017 6018 6019
f 6020 6021 6022
f 6023 6024 6025
f 6026 6027 6028
f 6029 5802 6030
f 5802 6031 6032
f 6033 5803 6034
f 6035 6036 6037
f 6038 5804 6039
f 5804 6040 6041
f 6042 6043 6044
f 6045 6046 6047
f 6048 6049 6050
f 6051 6052 6053
f 6054 6055 6056
f 6057 6058 6059
f 6060 6061 6062
f 6063 6064 6065
f 6066 6067 6068
f 6069 6070 6071
f 6072 6073 6074
f 6075 6076 6077
f 6078 6079 6080
f 6081 6082 5805
f 6083 6084 6085
f 6086 6087 6088
f 6089 6090 6091
f 6092 6093 6094
f 6095 6096 6097
f 6098 6099 6100
f 6101 6102 6103
f 6104 6105 6106
f 5806 5807 5808
f 5807 5806 5809
f 5809 5806 5810
f 5809 5810 5811
f 5811 5810 5812
f 5812 5810 5813
f 5812 5813 6107
f 5812 6108 5814
f 5814 5815 5816
f 5815 5814 6109
f 6110 5814 6111
f 6112 5814 6113
f 6114 5814 6115
f 6116 6117 6118
f 6119 5817 6120
f 5817 6121 5818
f 6122 5817 5819
f 6123 5819 6124
f 6125 5819 5820
f 6126 5820 6127
f 6128 5820 5815
f 6129 5815 6130
f 5821 6131 6132
f 6133 5821 5822
f 6134 5822 5818
f 5818 5822 5823
f 5823 5822 5808
f 5823 5808 5807
f 6135 6136 6137
f 6138 6139 6140
f 6141 6142 6143
f 6144 6145 6146
f 6147 6148 6149
f 6150 6151 6152
f 6153 6154 6155
f 6156 6157 6158
f 6159 6160 6161
f 6162 6163 6164
f 6165 6166 6167
f 6168 6169 6170
f 6171 6172 6173
f 6174 6175 6176
f 5824 6177 6178
f 6179 5824 6180
f 6181 6182 6183
f 6184 6185 6186
f 6187 6188 6189
f 6190 6191 5825
f 6192 6193 6194
f 6195 6196 6197
f 6198 6199 6200
f 6201 6202 6203
f 6204 6205 6206
f 6207 6208 6209
f 6210 6211 6212
f 6213 6214 6215
f 6216 6217 6218
f 6219 6220 6221
f 6222 6223 6224
f 6225 6226 6227
f 6228 6229 6230
f 6231 6232 6233
f 6234 6235 6236
f 6237 6238 6239
f 6240 6241 6242
f 6243 6244 6245
f 6246 6247 6248
f 6249 6250 6251
f 6252 6253 6254
f 6255 6256 6257
f 6258 6259 6260
f 6261 6262 6263
f 6264 6265 6266
f 6267 6268 6269
f 6270 6271 6272
f 6273 6274 6275
f 6276 6277 6278
f 5826 6279 6280
f 6281 5826 6282
f 6283 6284 6285
f 6286 6287 6288
f 6289 6290 6291
f 6292 6293 6294
f 6295 6296 6297
f 6298 6299 6300
f 6301 6302 6303
f 6304 6305 6306
f 6307 6308 6309
f 6310 6311 6312
f 6313 6314 6315
f 6316 6317 6318
f 6319 6320 6321
f 6322 6323 6324
f 6325 6326 6327
f 6328 6329 6330
f 6331 6332 6333
f 6334 6335 6336
f 6337 6338 6339
f 6340 6341 6342
f 6343 6344 6345
f 6346 6347 6348
f 6349 6350 6351
f 6352 6353 6354
f 6355 6356 6357
f 6358 6359 6360
f 6361 6362 6363
f 6364 6365 6366
f 6367 6368 6369
f 6370 6371 6372
f 6373 6374 6375
f 6376 6377 6378
f 6379 6380 6381
f 6382 6383 6384
f 6385 6386 6387
f 6388 6389 6390
f 6391 6392 6393
f 6394 6395 6396
f 6397 6398 6399
f 6400 6401 6402
f 6403 6404 6405
f 6406 6407 6408
f 5827 5828 5829
f 5828 5827 5830
f 5831 5832 5833
f 5832 5831 5834
f 5834 5831 5835
f 5835 5831 5836
f 5836 5831 5829
f 5836 5829 5828
f 5832 5837 5838
f 5837 5832 5834
f 6409 6410 6411
f 6412 6413 6414
f 6415 6416 6417
f 6418 6419 6420
f 6421 6422 6423
f 6424 6425 6426
f 6427 6428 6429
f 6430 6431 6432
f 6433 6434 6435
f 6436 6437 6438
f 6439 6440 6441
f 6442 6443 6444
f 6445 6446 6447
f 6448 6449 6450
f 6451 6452 6453
f 6454 6455 6456
f 6457 6458 6459
f 6460 6461 6462
f 6463 6464 6465
f 6466 6467 6468
f 6469 6470 6471
f 6472 6473 6474
f 6475 6476 6477
f 6478 6479 6480
f 6481 6482 6483
f 6482 6481 6484
f 6485 6486 6487
f 6486 6485 6488
f 6489 6490 6491
f 6490 6489 6634
f 6635 6492 6636
f 6492 6637 6638
f 6493 6494 6495
f 6639 6496 6497
f 6496 6640 6641
f 6498 6499 6500
f 6499 6498 6501
f 6502 6503 6504
f 6503 6502 6505
f 6506 6507 6642
f 6508 6509 6510
f 6509 6508 6511
f 6643 6512 6644
f 6512 6645 6513
f 6514 6515 6516
f 6515 6514 6517
f 6518 6519 6646
f 6520 6647 6521
f 6648 6520 6649
f 6522 6523 6524
f 6523 6522 6525
f 6526 6527 6528
f 6527 6526 6529
f 6530 6650 6531
f 6651 6530 6652
f 6532 6653 6533
f 6654 6532 6655
f 6534 6535 6536
f 6535 6534 6537
f 6656 6657 6538
f 6658 6659 6660
f 6661 6662 6663
f 6664 6665 6666
f 6539 6667 6540
f 6668 6539 6669
f 6670 6541 6671
f 6541 6672 6542
f 6673 6543 6674
f 6543 6675 6544
f 6676 6545 6677
f 6545 6678 6679
f 6680 6546 6681
f 6547 6548 6549
f 6548 6547 6550
f 6682 6551 6552
f 6551 6683 6684
f 6685 6686 6687
f 6553 6688 6689
f 6690 6553 6554
f 6555 6556 6557
f 6556 6555 6558
f 6691 6559 6560
f 6559 6692 6693
f 6561 6562 6563
f 6562 6561 6564
f 6694 6695 6565
f 6696 6697 6698
f 6699 6700 6701
f 6566 6567 6568
f 6567 6566 6702
f 6569 6703 6704
f 6705 6569 6706
f 6707 6570 6708
f 6570 6709 6571
f 6710 6711 6572
f 6712 6713 6714
f 6573 6574 6575
f 6574 6573 6715
f 6716 6717 6718
f 6719 6720 6721
f 6722 6723 6724
f 6725 6726 6576
f 6727 6577 6578
f 6577 6728 6579
f 6729 6730 6580
f 6731 6732 6733
f 6734 6735 6736
f 6737 6581 6582
f 6581 6738 6739
f 6740 6741 6742
f 6743 6744 6745
f 6746 6747 6748
f 6749 6750 6751
f 6752 6753 6754
f 6755 6756 6583
f 6757 6758 6584
f 6759 6760 6761
f 6762 6585 6763
f 6585 6764 6586
f 6765 6766 6767
f 6768 6769 6587
f 6770 6771 6772
f 6773 6774 6775
f 6776 6588 6777
f 6588 6778 6779
f 6780 6781 6782
f 6783 6784 6589
f 6785 6786 6787
f 6788 6789 6790
f 6791 6792 6793
f 6794 6590 6591
f 6590 6795 6592
f 6796 6797 6798
f 6799 6800 6801
f 6802 6593 6803
f 6804 6594 6805
f 6594 6806 6807
f 6808 6809 6595
f 6810 6811 6596
f 6812 6813 6814
f 6815 6816 6817
f 6818 6819 6820
f 6821 6822 6823
f 6824 6597 6825
f 6597 6826 6827
f 6828 6598 6829
f 6830 6831 6832
f 6833 6599 6834
f 6599 6835 6836
f 6837 6838 6839
f 6840 6841 6842
f 6843 6844 6845
f 6846 6847 6848
f 6849 6850 6851
f 6852 6853 6854
f 6855 6856 6857
f 6858 6859 6860
f 6861 6862 6863
f 6864 6865 6866
f 6867 6868 6869
f 6870 6871 6872
f 6873 6874 6875
f 6876 6877 6600
f 6878 6879 6880
f 6881 6882 6883
f 6884 6885 6886
f 6887 6888 6889
f 6890 6891 6892
f 6893 6894 6895
f 6896 6897 6898
f 6899 6900 6901
f 6601 6602 6603
f 6602 6601 6604
f 6604 6601 6605
f 6604 6605 6606
f 6606 6605 6607
f 6607 6605 6608
f 6607 6608 6902
f 6607 6903 6609
f 6609 6610 6611
f 6610 6609 6904
f 6905 6609 6906
f 6907 6609 6908
f 6909 6609 6910
f 6911 6912 6913
f 6914 6612 6915
f 6612 6916 6613
f 6917 6612 6614
f 6918 6614 6919
f 6920 6614 6615
f 6921 6615 6922
f 6923 6615 6610
f 6924 6610 6925
f 6616 6926 6927
f 6928 6616 6617
f 6929 6617 6613
f 6613 6617 6618
f 6618 6617 6603
f 6618 6603 6602
f 6930 6931 6932
f 6933 6934 6935
f 6936 6937 6938
f 6939 6940 6941
f 6942 6943 6944
f 6945 6946 6947
f 6948 6949 6950
f 6951 6952 6953
f 6954 6955 6956
f 6957 6958 6959
f 6960 6961 6962
f 6963 6964 6965
f 6966 6967 6968
f 6969 6970 6971
f 6619 6972 6973
f 6974 6619 6975
f 6976 6977 6978
f 6979 6980 6981
f 6982 6983 6984
f 6985 6986 6620
f 6987 6988 6989
f 6990 6991 6992
f 6993 6994 6995
f 6996 6997 6998
f 6999 7000 7001
f 7002 7003 7004
f 7005 7006 7007
f 7008 7009 7010
f 7011 7012 7013
f 7014 7015 7016
f 7017 7018 7019
f 7020 7021 7022
f 7023 7024 7025
f 7026 7027 7028
f 7029 7030 7031
f 7032 7033 7034
f 7035 7036 7037
f 7038 7039 7040
f 7041 7042 7043
f 7044 7045 7046
f 7047 7048 7049
f 7050 7051 7052
f 7053 7054 7055
f 7056 7057 7058
f 7059 7060 7061
f 7062 7063 7064
f 7065 7066 7067
f 7068 7069 7070
f 7071 7072 7073
f 6621 7074 7075
f 7076 6621 7077
f 7078 7079 7080
f 7081 7082 7083
f 7084 7085 7086
f 7087 7088 7089
f 7090 7091 7092
f 7093 7094 7095
f 7096 7097 7098
f 7099 7100 7101
f 7102 7103 7104
f 7105 7106 7107
f 7108 7109 7110
f 7111 7112 7113
f 7114 7115 7116
f 7117 7118 7119
f 7120 7121 7122
f 7123 7124 7125
f 7126 7127 7128
f 7129 7130 7131
f 7132 7133 7134
f 7135 7136 7137
f 7138 7139 7140
f 7141 7142 7143
f 7144 7145 7146
f 7147 7148 7149
f 7150 7151 7152
f 7153 7154 7155
f 7156 7157 7158
f 7159 7160 7161
f 7162 7163 7164
f 7165 7166 7167
f 7168 7169 7170
f 7171 7172 7173
f 7174 7175 7176
f 7177 7178 7179
f 7180 7181 7182
f 7183 7184 7185
f 7186 7187 7188
f 7189 7190 7191
f 7192 7193 7194
f 7195 7196 7197
f 7198 7199 7200
f 7201 7202 7203
f 6622 6623 6624
f 6623 6622 6625
f 6626 6627 6628
f 6627 6626 6629
f 6629 6626 6630
f 6630 6626 6631
f 6631 6626 6624
f 6631 6624 6623
f 6627 6632 6633
f 6632 6627 6629
f 7204 7205 7206
f 7207 7208 7209
f 7210 7211 7212
f 7213 7214 7215
f 7216 7217 7218
f 7219 7220 7221
f 7222 7223 7224
f 7225 7226 7227
f 7228 7229 7230
f 7231 7232 7233
f 7234 7235 7236
f 7237 7238 7239
f 7240 7241 7242
f 7243 7244 7245
f 7246 7247 7248
f 7249 7250 7251
f 7252 7253 7254
f 7255 7256 7257
f 7258 7259 7260
f 7261 7262 7263
f 7264 7265 7266
f 7267 7268 7269
f 7270 7271 7272
f 7273 7274 7275
f 7276 7277 7278
f 7277 7276 7279
f 7280 7281 7282
f 7281 7280 7283
f 7284 7285 7286
f 7285 7284 7429
f 7430 7287 7431
f 7287 7432 7433
f 7288 7289 7290
f 7434 7291 7292
f 7291 7435 7436
f 7293 7294 7295
f 7294 7293 7296
f 7297 7298 7299
f 7298 7297 7300
f 7301 7302 7437
f 7303 7304 7305
f 7304 7303 7306
f 7438 7307 7439
f 7307 7440 7308
f 7309 7310 7311
f 7310 7309 7312
f 7313 7314 7441
f 7315 7442 7316
f 7443 7315 7444
f 7317 7318 7319
f 7318 7317 7320
f 7321 7322 7323
f 7322 7321 7324
f 7325 7445 7326
f 7446 7325 7447
f 7327 7448 7328
f 7449 7327 7450
f 7329 7330 7331
f 7330 7329 7332
f 7451 7452 7333
f 7453 7454 7455
f 7456 7457 7458
f 7459 7460 7461
f 7334 7462 7335
f 7463 7334 7464
f 7465 7336 7466
f 7336 7467 7337
f 7468 7338 7469
f 7338 7470 7339
f 7471 7340 7472
f 7340 7473 7474
f 7475 7341 7476
f 7342 7343 7344
f 7343 7342 7345
f 7477 7346 7347
f 7346 7478 7479
f 7480 7481 7482
f 7348 7483 7484
f 7485 7348 7349
f 7350 7351 7352
f 7351 7350 7353
f 7486 7354 7355
f 7354 7487 7488
f 7356 7357 7358
f 7357 7356 7359
f 7489 7490 7360
f 7491 7492 7493
f 7494 7495 7496
f 7361 7362 7363
f 7362 7361 7497
f 7364 7498 7499
f 7500 7364 7501
f 7502 7365 7503
f 7365 7504 7366
f 7505 7506 7367
f 7507 7508 7509
f 7368 7369 7370
f 7369 7368 7510
f 7511 7512 7513
f 7514 7515 7516
f 7517 7518 7519
f 7520 7521 7371
f 7522 7372 7373
f 7372 7523 7374
f 7524 7525 7375
f 7526 7527 7528
f 7529 7530 7531
f 7532 7376 7377
f 7376 7533 7534
f 7535 7536 7537
f 7538 7539 7540
f 7541 7542 7543
f 7544 7545 7546
f 7547 7548 7549
f 7550 7551 7378
f 7552 7553 7379
f 7554 7555 7556
f 7557 7380 7558
f 7380 7559 7381
f 7560 7561 7562
f 7563 7564 7382
f 7565 7566 7567
f 7568 7569 7570
f 7571 7383 7572
f 7383 7573 7574
f 7575 7576 7577
f 7578 7579 7384
f 7580 7581 7582
f 7583 7584 7585
f 7586 7587 7588
f 7589 7385 7386
f 7385 7590 7387
f 7591 7592 7593
f 7594 7595 7596
f 7597 7388 7598
f 7599 7389 7600
f 7389 7601 7602
f 7603 7604 7390
f 7605 7606 7391
f 7607 7608 7609
f 7610 7611 7612
f 7613 7614 7615
f 7616 7617 7618
f 7619 7392 7620
f 7392 7621 7622
f 7623 7393 7624
f 7625 7626 7627
f 7628 7394 7629
f 7394 7630 7631
f 7632 7633 7634
f 7635 7636 7637
f 7638 7639 7640
f 7641 7642 7643
f 7644 7645 7646
f 7647 7648 7649
f 7650 7651 7652
f 7653 7654 7655
f 7656 7657 7658
f 7659 7660 7661
f 7662 7663 7664
f 7665 7666 7667
f 7668 7669 7670
f 7671 7672 7395
f 7673 7674 7675
f 7676 7677 7678
f 7679 7680 7681
f 7682 7683 7684
f 7685 7686 7687
f 7688 7689 7690
f 7691 7692 7693
f 7694 7695 7696
f 7396 7397 7398
f 7397 7396 7399
f 7399 7396 7400
f 7399 7400 7401
f 7401 7400 7402
f 7402 7400 7403
f 7402 7403 7697
f 7402 7698 7404
f 7404 7405 7406
f 7405 7404 7699
f 7700 7404 7701
f 7702 7404 7703
f 7704 7404 7705
f 7706 7707 7708
f 7709 7407 7710
f 7407 7711 7408
f 7712 7407 7409
f 7713 7409 7714
f 7715 7409 7410
f 7716 7410 7717
f 7718 7410 7405
f 7719 7405 7720
f 7411 7721 7722
f 7723 7411 7412
f 7724 7412 7408
f 7408 7412 7413
f 7413 7412 7398
f 7413 7398 7397
f 7725 7726 7727
f 7728 7729 7730
f 7731 7732 7733
f 7734 7735 7736
f 7737 7738 7739
f 7740 7741 7742
f 7743 7744 7745
f 7746 7747 7748
f 7749 7750 7751
f 7752 7753 7754
f 7755 7756 7757
f 7758 7759 7760
f 7761 7762 7763
f 7764 7765 7766
f 7414 7767 7768
f 7769 7414 7770
f 7771 7772 7773
f 7774 7775 7776
f 7777 7778 7779
f 7780 7781 7415
f 7782 7783 7784
f 7785 7786 7787
f 7788 7789 7790
f 7791 7792 7793
f 7794 7795 7796
f 7797 7798 7799
f 7800 7801 7802
f 7803 7804 7805
f 7806 7807 7808
f 7809 7810 7811
f 7812 7813 7814
f 7815 7816 7817
f 7818 7819 7820
f 7821 7822 7823
f 7824 7825 7826
f 7827 7828 7829
f 7830 7831 7832
f 7833 7834 7835
f 7836 7837 7838
f 7839 7840 7841
f 7842 7843 7844
f 7845 7846 7847
f 7848 7849 7850
f 7851 7852 7853
f 7854 7855 7856
f 7857 7858 7859
f 7860 7861 7862
f 7863 7864 7865
f 7866 7867 7868
f 7416 7869 7870
f 7871 7416 7872
f 7873 7874 7875
f 7876 7877 7878
f 7879 7880 7881
f 7882 7883 7884
f 7885 7886 7887
f 7888 7889 7890
f 7891 7892 7893
f 7894 7895 7896
f 7897 7898 7899
f 7900 7901 7902
f 7903 7904 7905
f 7906 7907 7908
f 7909 7910 7911
f 7912 7913 7914
f 7915 7916 7917
f 7918 7919 7920
f 7921 7922 7923
f 7924 7925 7926
f 7927 7928 7929
f 7930 7931 7932
f 7933 7934 7935
f 7936 7937 7938
f 7939 7940 7941
f 7942 7943 7944
f 7945 7946 7947
f 7948 7949 7950
f 7951 7952 7953
f 7954 7955 7956
f 7957 7958 7959
f 7960 7961 7962
f 7963 7964 7965
f 7966 7967 7968
f 7969 7970 7971
f 7972 7973 7974
f 7975 7976 7977
f 7978 7979 7980
f 7981 7982 7983
f 7984 7985 7986
f 7987 7988 7989
f 7990 7991 7992
f 7993 7994 7995
f 7996 7997 7998
f 7417 7418 7419
f 7418 7417 7420
f 7421 7422 7423
f 7422 7421 7424
f 7424 7421 7425
f 7425 7421 7426
f 7426 7421 7419
f 7426 7419 7418
f 7422 7427 7428
f 7427 7422 7424
f 7999 8000 8001
f 8002 8003 8004
f 8005 8006 8007
f 8008 8009 8010
f 8011 8012 8013
f 8014 8015 8016
f 8017 8018 8019
f 8020 8021 8022
f 8023 8024 8025
f 8026 8027 8028
f 8029 8030 8031
f 8032 8033 8034
f 8035 8036 8037
f 8038 8039 8040
f 8041 8042 8043
f 8044 8045 8046
f 8047 8048 8049
f 8050 8051 8052
f 8053 8054 8055
f 8056 8057 8058
f 8059 8060 8061
f 8062 8063 8064
f 8065 8066 8067
f 8068 8069 8070
f 8071 8072 8073
f 8072 8071 8074
f 8075 8076 8077
f 8076 8075 8078
f 8079 8080 8081
f 8080 8079 8224
f 8225 8082 8226
f 8082 8227 8228
f 8083 8084 8085
f 8229 8086 8087
f 8086 8230 8231
f 8088 8089 8090
f 8089 8088 8091
f 8092 8093 8094
f 8093 8092 8095
f 8096 8097 8232
f 8098 8099 8100
f 8099 8098 8101
f 8233 8102 8234
f 8102 8235 8103
f 8104 8105 8106
f 8105 8104 8107
f 8108 8109 8236
f 8110 8237 8111
f 8238 8110 8239
f 8112 8113 8114
f 8113 8112 8115
f 8116 8117 8118
f 8117 8116 8119
f 8120 8240 8121
f 8241 8120 8242
f 8122 8243 8123
f 8244 8122 8245
f 8124 8125 8126
f 8125 8124 8127
f 8246 8247 8128
f 8248 8249 8250
f 8251 8252 8253
f 8254 8255 8256
f 8129 8257 8130
f 8258 8129 8259
f 8260 8131 8261
f 8131 8262 8132
f 8263 8133 8264
f 8133 8265 8134
f 8266 8135 8267
f 8135 8268 8269
f 8270 8136 8271
f 8137 8138 8139
f 8138 8137 8140
f 8272 8141 8142
f 8141 8273 8274
f 8275 8276 8277
f 8143 8278 8279
f 8280 8143 8144
f 8145 8146 8147
f 8146 8145 8148
f 8281 8149 8150
f 8149 8282 8283
f 8151 8152 8153
f 8152 8151 8154
f 8284 8285 8155
f 8286 8287 8288
f 8289 8290 8291
f 8156 8157 8158
f 8157 8156 8292
f 8159 8293 8294
f 8295 8159 8296
f 8297 8160 8298
f 8160 8299 8161
f 8300 8301 8162
f 8302 8303 8304
f 8163 8164 8165
f 8164 8163 8305
f 8306 8307 8308
f 8309 8310 8311
f 8312 8313 8314
f 8315 8316 8166
f 8317 8167 8168
f 8167 8318 8169
f 8319 8320 8170
f 8321 8322 8323
f 8324 8325 8326
f 8327 8171 8172
f 8171 8328 8329
f 8330 8331 8332
f 8333 8334 8335
f 8336 8337 8338
f 8339 8340 8341
f 8342 8343 8344
f 8345 8346 8173
f 8347 8348 8174
f 8349 8350 8351
f 8352 8175 8353
f 8175 8354 8176
f 8355 8356 8357
f 8358 8359 8177
f 8360 8361 8362
f 8363 8364 8365
f 8366 8178 8367
f 8178 8368 8369
f 8370 8371 8372
f 8373 8374 8179
f 8375 8376 8377
f 8378 8379 8380
f 8381 8382 8383
f 8384 8180 8181
f 8180 8385 8182
f 8386 8387 8388
f 8389 8390 8391
f 8392 8183 8393
f 8394 8184 8395
f 8184 8396 8397
f 8398 8399 8185
f 8400 8401 8186
f 8402 8403 8404
f 8405 8406 8407
f 8408 8409 8410
f 8411 8412 8413
f 8414 8187 8415
f 8187 8416 8417
f 8418 8188 8419
f 8420 8421 8422
f 8423 8189 8424
f 8189 8425 8426
f 8427 8428 8429
f 8430 8431 8432
f 8433 8434 8435
f 8436 8437 8438
f 8439 8440 8441
f 8442 8443 8444
f 8445 8446 8447
f 8448 8449 8450
f 8451 8452 8453
f 8454 8455 8456
f 8457 8458 8459
f 8460 8461 8462
f 8463 8464 8465
f 8466 8467 8190
f 8468 8469 8470
f 8471 8472 8473
f 8474 8475 8476
f 8477 8478 8479
f 8480 8481 8482
f 8483 8484 8485
f 8486 8487 8488
f 8489 8490 8491
f 8191 8192 8193
f 8192 8191 8194
f 8194 8191 8195
f 8194 8195 8196
f 8196 8195 8197
f 8197 8195 8198
f 8197 8198 8492
f 8197 8493 8199
f 8199 8200 8201
f 8200 8199 8494
f 8495 8199 8496
f 8497 8199 8498
f 8499 8199 8500
f 8501 8502 8503
f 8504 8202 8505
f 8202 8506 8203
f 8507 8202 8204
f 8508 8204 8509
f 8510 8204 8205
f 8511 8205 8512
f 8513 8205 8200
f 8514 8200 8515
f 8206 8516 8517
f 8518 8206 8207
f 8519 8207 8203
f 8203 8207 8208
f 8208 8207 8193
f 8208 8193 8192
f 8520 8521 8522
f 8523 8524 8525
f 8526 8527 8528
f 8529 8530 8531
f 8532 8533 8534
f 8535 8536 8537
f 8538 8539 8540
f 8541 8542 8543
f 8544 8545 8546
f 8547 8548 8549
f 8550 8551 8552
f 8553 8554 8555
f 8556 8557 8558
f 8559 8560 8561
f 8209 8562 8563
f 8564 8209 8565
f 8566 8567 8568
f 8569 8570 8571
f 8572 8573 8574
f 8575 8576 8210
f 8577 8578 8579
f 8580 8581 8582
f 8583 8584 8585
f 8586 8587 8588
f 8589 8590 8591
f 8592 8593 8594
f 8595 8596 8597
f 8598 8599 8600
f 8601 8602 8603
f 8604 8605 8606
f 8607 8608 8609
f 8610 8611 8612
f 8613 8614 8615
f 8616 8617 8618
f 8619 8620 8621
f 8622 8623 8624
f 8625 8626 8627
f 8628 8629 8630
f 8631 8632 8633
f 8634 8635 8636
f 8637 8638 8639
f 8640 8641 8642
f 8643 8644 8645
f 8646 8647 8648
f 8649 8650 8651
f 8652 8653 8654
f 8655 8656 8657
f 8658 8659 8660
f 8661 8662 8663
f 8211 8664 8665
f 8666 8211 8667
f 8668 8669 8670
f 8671 8672 8673
f 8674 8675 8676
f 8677 8678 8679
f 8680 8681 8682
f 8683 8684 8685
f 8686 8687 8688
f 8689 8690 8691
f 8692 8693 8694
f 8695 8696 8697
f 8698 8699 8700
f 8701 8702 8703
f 8704 8705 8706
f 8707 8708 8709
f 8710 8711 8712
f 8713 8714 8715
f 8716 8717 8718
f 8719 8720 8721
f 8722 8723 8724
f 8725 8726 8727
f 8728 8729 8730
f 8731 8732 8733
f 8734 8735 8736
f 8737 8738 8739
f 8740 8741 8742
f 8743 8744 8745
f 8746 8747 8748
f 8749 8750 8751
f 8752 8753 8754
f 8755 8756 8757
f 8758 8759 8760
f 8761 8762 8763
f 8764 8765 8766
f 8767 8768 8769
f 8770 8771 8772
f 8773 8774 8775
f 8776 8777 8778
f 8779 8780 8781
f 8782 8783 8784
f 8785 8786 8787
f 8788 8789 8790
f 8791 8792 8793
f 8212 8213 8214
f 8213 8212 8215
f 8216 8217 8218
f 8217 8216 8219
f 8219 8216 8220
f 8220 8216 8221
f 8221 8216 8214
f 8221 8214 8213
f 8217 8222 8223
f 8222 8217 8219
f 8794 8795 8796
f 8797 8798 8799
f 8800 8801 8802
f 8803 8804 8805
f 8806 8807 8808
f 8809 8810 8811
f 8812 8813 8814
f 8815 8816 8817
f 8818 8819 8820
f 8821 8822 8823
f 8824 8825 8826
f 8827 8828 8829
f 8830 8831 8832
f 8833 8834 8835
f 8836 8837 8838
f 8839 8840 8841
f 8842 8843 8844
f 8845 8846 8847
f 8848 8849 8850
f 8851 8852 8853
f 8854 8855 8856
f 8857 8858 8859
f 8860 8861 8862
f 8863 8864 8865
