v -0.326435 0.018596 0.520163
v -0.323855 0.019285 0.525536
v -0.323855 0.019285 0.520163
v -0.326435 0.018596 0.525536
v -0.328555 0.016972 0.520163
v -0.328555 0.016972 0.525536
v -0.329892 0.014660 0.525536
v -0.329892 0.014660 0.520163
v -0.330243 0.012013 0.525536
v -0.330243 0.012013 0.520163
v -0.329554 0.009433 0.525536
v -0.329554 0.009433 0.520163
v -0.327931 0.007313 0.525536
v -0.327931 0.007313 0.520163
v -0.325619 0.005975 0.520163
v -0.325619 0.005975 0.525536
v -0.322971 0.005624 0.520163
v -0.322971 0.005624 0.525536
v -0.320391 0.006313 0.520163
v -0.320391 0.006313 0.525536
v -0.318271 0.007937 0.520163
v -0.318271 0.007937 0.525536
v -0.316934 0.010249 0.525536
v -0.316934 0.010249 0.520163
v -0.316583 0.012896 0.525536
v -0.316583 0.012896 0.520163
v -0.317272 0.015476 0.525536
v -0.317272 0.015476 0.520163
v -0.318896 0.017597 0.525536
v -0.318896 0.017597 0.520163
v -0.321207 0.018934 0.520163
v -0.321207 0.018934 0.525536
v -0.323320 0.007724 0.525536
v -0.322098 0.007909 0.525536
v -0.320967 0.008405 0.525536
v -0.323109 0.007756 0.525536
v -0.320002 0.009176 0.525536
v -0.319270 0.010170 0.525536
v -0.318820 0.011321 0.525536
v -0.318683 0.012548 0.525536
v -0.318715 0.012758 0.525536
v -0.318868 0.013769 0.525536
v -0.319363 0.014901 0.525536
v -0.320134 0.015866 0.525536
v -0.321129 0.016598 0.525536
v -0.322279 0.017048 0.525536
v -0.323507 0.017185 0.525536
v -0.324547 0.007861 0.525536
v -0.325697 0.008311 0.525536
v -0.326692 0.009043 0.525536
v -0.327463 0.010008 0.525536
v -0.327958 0.011140 0.525536
v -0.328112 0.012151 0.525536
v -0.328144 0.012361 0.525536
v -0.328007 0.013589 0.525536
v -0.327557 0.014739 0.525536
v -0.326824 0.015733 0.525536
v -0.325859 0.016505 0.525536
v -0.324728 0.017000 0.525536
v -0.323717 0.017153 0.525536
v -0.326435 0.018596 0.525536
v -0.326435 0.018596 0.520163
v -0.326435 0.018596 0.525536
v -0.328555 0.016972 0.520163
v -0.328555 0.016972 0.520163
v -0.328555 0.016972 0.525536
v -0.329892 0.014660 0.520163
v -0.329892 0.014660 0.520163
v -0.329892 0.014660 0.525536
v -0.330243 0.012013 0.520163
v -0.330243 0.012013 0.520163
v -0.330243 0.012013 0.525536
v -0.329554 0.009433 0.520163
v -0.329554 0.009433 0.520163
v -0.329554 0.009433 0.525536
v -0.327931 0.007313 0.525536
v -0.327931 0.007313 0.525536
v -0.327931 0.007313 0.520163
v -0.325619 0.005975 0.525536
v -0.325619 0.005975 0.525536
v -0.325619 0.005975 0.520163
v -0.322971 0.005624 0.525536
v -0.322971 0.005624 0.525536
v -0.322971 0.005624 0.520163
v -0.320391 0.006313 0.525536
v -0.320391 0.006313 0.525536
v -0.320391 0.006313 0.520163
v -0.318271 0.007937 0.520163
v -0.318271 0.007937 0.520163
v -0.318271 0.007937 0.525536
v -0.316934 0.010249 0.520163
v -0.316934 0.010249 0.520163
v -0.316934 0.010249 0.525536
v -0.316583 0.012896 0.520163
v -0.316583 0.012896 0.520163
v -0.316583 0.012896 0.525536
v -0.317272 0.015476 0.520163
v -0.317272 0.015476 0.520163
v -0.317272 0.015476 0.525536
v -0.318896 0.017597 0.525536
v -0.318896 0.017597 0.520163
v -0.318896 0.017597 0.525536
v -0.323855 0.019285 0.520163
v -0.321207 0.018934 0.525536
v -0.321207 0.018934 0.520163
v -0.321207 0.018934 0.525536
v -0.323855 0.019285 0.520163
v -0.323855 0.019285 0.525536
v -0.320391 0.006313 0.525536
v -0.325619 0.005975 0.525536
v -0.322971 0.005624 0.525536
v -0.325619 0.005975 0.525536
v -0.320391 0.006313 0.525536
v -0.318271 0.007937 0.525536
v -0.325619 0.005975 0.525536
v -0.318271 0.007937 0.525536
v -0.327931 0.007313 0.525536
v -0.327931 0.007313 0.525536
v -0.318271 0.007937 0.525536
v -0.318271 0.007937 0.525536
v -0.318271 0.007937 0.525536
v -0.318271 0.007937 0.525536
v -0.316934 0.010249 0.525536
v -0.316934 0.010249 0.525536
v -0.316934 0.010249 0.525536
v -0.316934 0.010249 0.525536
v -0.316583 0.012896 0.525536
v -0.316583 0.012896 0.525536
v -0.316583 0.012896 0.525536
v -0.316583 0.012896 0.525536
v -0.316583 0.012896 0.525536
v -0.317272 0.015476 0.525536
v -0.317272 0.015476 0.525536
v -0.317272 0.015476 0.525536
v -0.317272 0.015476 0.525536
v -0.317272 0.015476 0.525536
v -0.318896 0.017597 0.525536
v -0.318896 0.017597 0.525536
v -0.318896 0.017597 0.525536
v -0.318896 0.017597 0.525536
v -0.327931 0.007313 0.525536
v -0.329554 0.009433 0.525536
v -0.327931 0.007313 0.525536
v -0.329554 0.009433 0.525536
v -0.329554 0.009433 0.525536
v -0.329554 0.009433 0.525536
v -0.329554 0.009433 0.525536
v -0.330243 0.012013 0.525536
v -0.330243 0.012013 0.525536
v -0.330243 0.012013 0.525536
v -0.330243 0.012013 0.525536
v -0.330243 0.012013 0.525536
v -0.329892 0.014660 0.525536
v -0.329892 0.014660 0.525536
v -0.329892 0.014660 0.525536
v -0.329892 0.014660 0.525536
v -0.329892 0.014660 0.525536
v -0.328555 0.016972 0.525536
v -0.328555 0.016972 0.525536
v -0.328555 0.016972 0.525536
v -0.328555 0.016972 0.525536
v -0.328555 0.016972 0.525536
v -0.328555 0.016972 0.525536
v -0.318896 0.017597 0.525536
v -0.328555 0.016972 0.525536
v -0.318896 0.017597 0.525536
v -0.321207 0.018934 0.525536
v -0.328555 0.016972 0.525536
v -0.321207 0.018934 0.525536
v -0.326435 0.018596 0.525536
v -0.326435 0.018596 0.525536
v -0.321207 0.018934 0.525536
v -0.323855 0.019285 0.525536
v -0.316786 0.082570 0.520086
v -0.316307 0.085144 0.525536
v -0.316307 0.085144 0.520086
v -0.316786 0.082570 0.525536
v -0.316244 0.080009 0.520086
v -0.316244 0.080009 0.525536
v -0.314763 0.077850 0.525536
v -0.314763 0.077850 0.520086
v -0.312569 0.076422 0.525536
v -0.312569 0.076422 0.520086
v -0.309995 0.075942 0.525536
v -0.309995 0.075942 0.520086
v -0.307433 0.076485 0.525536
v -0.307433 0.076485 0.520086
v -0.305274 0.077966 0.520086
v -0.305274 0.077966 0.525536
v -0.303846 0.080160 0.520086
v -0.303846 0.080160 0.525536
v -0.303367 0.082734 0.520086
v -0.303367 0.082734 0.525536
v -0.303909 0.085296 0.520086
v -0.303909 0.085296 0.525536
v -0.305390 0.087455 0.525536
v -0.305390 0.087455 0.520086
v -0.307584 0.088883 0.525536
v -0.307584 0.088883 0.520086
v -0.310158 0.089362 0.525536
v -0.310158 0.089362 0.520086
v -0.312720 0.088820 0.525536
v -0.312720 0.088820 0.520086
v -0.314879 0.087339 0.520086
v -0.314879 0.087339 0.525536
v -0.305851 0.080738 0.525536
v -0.305500 0.081897 0.525536
v -0.305460 0.083108 0.525536
v -0.305791 0.080938 0.525536
v -0.305735 0.084287 0.525536
v -0.306306 0.085355 0.525536
v -0.307134 0.086238 0.525536
v -0.308163 0.086878 0.525536
v -0.308362 0.086938 0.525536
v -0.309321 0.087229 0.525536
v -0.310532 0.087269 0.525536
v -0.311711 0.086993 0.525536
v -0.312779 0.086422 0.525536
v -0.313663 0.085595 0.525536
v -0.314302 0.084566 0.525536
v -0.306490 0.079710 0.525536
v -0.307374 0.078882 0.525536
v -0.308442 0.078311 0.525536
v -0.309621 0.078036 0.525536
v -0.310832 0.078075 0.525536
v -0.311791 0.078366 0.525536
v -0.311990 0.078427 0.525536
v -0.313019 0.079066 0.525536
v -0.313847 0.079950 0.525536
v -0.314418 0.081018 0.525536
v -0.314693 0.082197 0.525536
v -0.314653 0.083407 0.525536
v -0.314362 0.084367 0.525536
v -0.316786 0.082570 0.525536
v -0.316786 0.082570 0.520086
v -0.316786 0.082570 0.525536
v -0.316244 0.080009 0.520086
v -0.316244 0.080009 0.520086
v -0.316244 0.080009 0.525536
v -0.314763 0.077850 0.520086
v -0.314763 0.077850 0.520086
v -0.314763 0.077850 0.525536
v -0.312569 0.076422 0.520086
v -0.312569 0.076422 0.520086
v -0.312569 0.076422 0.525536
v -0.309995 0.075942 0.520086
v -0.309995 0.075942 0.520086
v -0.309995 0.075942 0.525536
v -0.307433 0.076485 0.525536
v -0.307433 0.076485 0.525536
v -0.307433 0.076485 0.520086
v -0.305274 0.077966 0.525536
v -0.305274 0.077966 0.525536
v -0.305274 0.077966 0.520086
v -0.303846 0.080160 0.525536
v -0.303846 0.080160 0.525536
v -0.303846 0.080160 0.520086
v -0.303367 0.082734 0.525536
v -0.303367 0.082734 0.525536
v -0.303367 0.082734 0.520086
v -0.303909 0.085296 0.520086
v -0.303909 0.085296 0.520086
v -0.303909 0.085296 0.525536
v -0.305390 0.087455 0.520086
v -0.305390 0.087455 0.520086
v -0.305390 0.087455 0.525536
v -0.307584 0.088883 0.520086
v -0.307584 0.088883 0.520086
v -0.307584 0.088883 0.525536
v -0.310158 0.089362 0.520086
v -0.310158 0.089362 0.520086
v -0.310158 0.089362 0.525536
v -0.312720 0.088820 0.525536
v -0.312720 0.088820 0.520086
v -0.312720 0.088820 0.525536
v -0.316307 0.085144 0.520086
v -0.314879 0.087339 0.525536
v -0.314879 0.087339 0.520086
v -0.314879 0.087339 0.525536
v -0.316307 0.085144 0.520086
v -0.316307 0.085144 0.525536
v -0.303367 0.082734 0.525536
v -0.305274 0.077966 0.525536
v -0.303846 0.080160 0.525536
v -0.305274 0.077966 0.525536
v -0.303367 0.082734 0.525536
v -0.303909 0.085296 0.525536
v -0.305274 0.077966 0.525536
v -0.303909 0.085296 0.525536
v -0.307433 0.076485 0.525536
v -0.307433 0.076485 0.525536
v -0.303909 0.085296 0.525536
v -0.303909 0.085296 0.525536
v -0.303909 0.085296 0.525536
v -0.303909 0.085296 0.525536
v -0.305390 0.087455 0.525536
v -0.305390 0.087455 0.525536
v -0.305390 0.087455 0.525536
v -0.305390 0.087455 0.525536
v -0.307584 0.088883 0.525536
v -0.307584 0.088883 0.525536
v -0.307584 0.088883 0.525536
v -0.307584 0.088883 0.525536
v -0.307584 0.088883 0.525536
v -0.310158 0.089362 0.525536
v -0.310158 0.089362 0.525536
v -0.310158 0.089362 0.525536
v -0.310158 0.089362 0.525536
v -0.310158 0.089362 0.525536
v -0.312720 0.088820 0.525536
v -0.312720 0.088820 0.525536
v -0.312720 0.088820 0.525536
v -0.312720 0.088820 0.525536
v -0.307433 0.076485 0.525536
v -0.309995 0.075942 0.525536
v -0.307433 0.076485 0.525536
v -0.309995 0.075942 0.525536
v -0.309995 0.075942 0.525536
v -0.309995 0.075942 0.525536
v -0.309995 0.075942 0.525536
v -0.312569 0.076422 0.525536
v -0.312569 0.076422 0.525536
v -0.312569 0.076422 0.525536
v -0.312569 0.076422 0.525536
v -0.312569 0.076422 0.525536
v -0.314763 0.077850 0.525536
v -0.314763 0.077850 0.525536
v -0.314763 0.077850 0.525536
v -0.314763 0.077850 0.525536
v -0.314763 0.077850 0.525536
v -0.316244 0.080009 0.525536
v -0.316244 0.080009 0.525536
v -0.316244 0.080009 0.525536
v -0.316244 0.080009 0.525536
v -0.316244 0.080009 0.525536
v -0.316244 0.080009 0.525536
v -0.312720 0.088820 0.525536
v -0.316244 0.080009 0.525536
v -0.312720 0.088820 0.525536
v -0.314879 0.087339 0.525536
v -0.316244 0.080009 0.525536
v -0.314879 0.087339 0.525536
v -0.316786 0.082570 0.525536
v -0.316786 0.082570 0.525536
v -0.314879 0.087339 0.525536
v -0.316307 0.085144 0.525536
v -0.312308 0.051256 0.520086
v -0.311829 0.053830 0.525536
v -0.311829 0.053830 0.520086
v -0.312308 0.051256 0.525536
v -0.311766 0.048695 0.520086
v -0.311766 0.048695 0.525536
v -0.310285 0.046535 0.525536
v -0.310285 0.046535 0.520086
v -0.308090 0.045108 0.525536
v -0.308090 0.045108 0.520086
v -0.305516 0.044628 0.525536
v -0.305516 0.044628 0.520086
v -0.302955 0.045170 0.525536
v -0.302955 0.045170 0.520086
v -0.300796 0.046651 0.520086
v -0.300796 0.046651 0.525536
v -0.299368 0.048846 0.520086
v -0.299368 0.048846 0.525536
v -0.298888 0.051420 0.520086
v -0.298888 0.051420 0.525536
v -0.299431 0.053982 0.520086
v -0.299431 0.053982 0.525536
v -0.300912 0.056141 0.525536
v -0.300912 0.056141 0.520086
v -0.303106 0.057569 0.525536
v -0.303106 0.057569 0.520086
v -0.305680 0.058048 0.525536
v -0.305680 0.058048 0.520086
v -0.308242 0.057506 0.525536
v -0.308242 0.057506 0.520086
v -0.310401 0.056025 0.520086
v -0.310401 0.056025 0.525536
v -0.301373 0.049424 0.525536
v -0.301021 0.050583 0.525536
v -0.300982 0.051793 0.525536
v -0.301312 0.049624 0.525536
v -0.301257 0.052973 0.525536
v -0.301828 0.054041 0.525536
v -0.302656 0.054924 0.525536
v -0.303684 0.055564 0.525536
v -0.303884 0.055624 0.525536
v -0.304843 0.055915 0.525536
v -0.306054 0.055954 0.525536
v -0.307233 0.055679 0.525536
v -0.308301 0.055108 0.525536
v -0.309184 0.054280 0.525536
v -0.309824 0.053252 0.525536
v -0.302012 0.048396 0.525536
v -0.302896 0.047568 0.525536
v -0.303964 0.046997 0.525536
v -0.305143 0.046722 0.525536
v -0.306353 0.046761 0.525536
v -0.307313 0.047052 0.525536
v -0.307512 0.047113 0.525536
v -0.308541 0.047752 0.525536
v -0.309368 0.048636 0.525536
v -0.309939 0.049703 0.525536
v -0.310215 0.050883 0.525536
v -0.310175 0.052093 0.525536
v -0.309884 0.053052 0.525536
v -0.312308 0.051256 0.525536
v -0.312308 0.051256 0.520086
v -0.312308 0.051256 0.525536
v -0.311766 0.048695 0.520086
v -0.311766 0.048695 0.520086
v -0.311766 0.048695 0.525536
v -0.310285 0.046535 0.520086
v -0.310285 0.046535 0.520086
v -0.310285 0.046535 0.525536
v -0.308090 0.045108 0.520086
v -0.308090 0.045108 0.520086
v -0.308090 0.045108 0.525536
v -0.305516 0.044628 0.520086
v -0.305516 0.044628 0.520086
v -0.305516 0.044628 0.525536
v -0.302955 0.045170 0.525536
v -0.302955 0.045170 0.525536
v -0.302955 0.045170 0.520086
v -0.300796 0.046651 0.525536
v -0.300796 0.046651 0.525536
v -0.300796 0.046651 0.520086
v -0.299368 0.048846 0.525536
v -0.299368 0.048846 0.525536
v -0.299368 0.048846 0.520086
v -0.298888 0.051420 0.525536
v -0.298888 0.051420 0.525536
v -0.298888 0.051420 0.520086
v -0.299431 0.053982 0.520086
v -0.299431 0.053982 0.520086
v -0.299431 0.053982 0.525536
v -0.300912 0.056141 0.520086
v -0.300912 0.056141 0.520086
v -0.300912 0.056141 0.525536
v -0.303106 0.057569 0.520086
v -0.303106 0.057569 0.520086
v -0.303106 0.057569 0.525536
v -0.305680 0.058048 0.520086
v -0.305680 0.058048 0.520086
v -0.305680 0.058048 0.525536
v -0.308242 0.057506 0.525536
v -0.308242 0.057506 0.520086
v -0.308242 0.057506 0.525536
v -0.311829 0.053830 0.520086
v -0.310401 0.056025 0.525536
v -0.310401 0.056025 0.520086
v -0.310401 0.056025 0.525536
v -0.311829 0.053830 0.520086
v -0.311829 0.053830 0.525536
v -0.298888 0.051420 0.525536
v -0.300796 0.046651 0.525536
v -0.299368 0.048846 0.525536
v -0.300796 0.046651 0.525536
v -0.298888 0.051420 0.525536
v -0.299431 0.053982 0.525536
v -0.300796 0.046651 0.525536
v -0.299431 0.053982 0.525536
v -0.302955 0.045170 0.525536
v -0.302955 0.045170 0.525536
v -0.299431 0.053982 0.525536
v -0.299431 0.053982 0.525536
v -0.299431 0.053982 0.525536
v -0.299431 0.053982 0.525536
v -0.300912 0.056141 0.525536
v -0.300912 0.056141 0.525536
v -0.300912 0.056141 0.525536
v -0.300912 0.056141 0.525536
v -0.303106 0.057569 0.525536
v -0.303106 0.057569 0.525536
v -0.303106 0.057569 0.525536
v -0.303106 0.057569 0.525536
v -0.303106 0.057569 0.525536
v -0.305680 0.058048 0.525536
v -0.305680 0.058048 0.525536
v -0.305680 0.058048 0.525536
v -0.305680 0.058048 0.525536
v -0.305680 0.058048 0.525536
v -0.308242 0.057506 0.525536
v -0.308242 0.057506 0.525536
v -0.308242 0.057506 0.525536
v -0.308242 0.057506 0.525536
v -0.302955 0.045170 0.525536
v -0.305516 0.044628 0.525536
v -0.302955 0.045170 0.525536
v -0.305516 0.044628 0.525536
v -0.305516 0.044628 0.525536
v -0.305516 0.044628 0.525536
v -0.305516 0.044628 0.525536
v -0.308090 0.045108 0.525536
v -0.308090 0.045108 0.525536
v -0.308090 0.045108 0.525536
v -0.308090 0.045108 0.525536
v -0.308090 0.045108 0.525536
v -0.310285 0.046535 0.525536
v -0.310285 0.046535 0.525536
v -0.310285 0.046535 0.525536
v -0.310285 0.046535 0.525536
v -0.310285 0.046535 0.525536
v -0.311766 0.048695 0.525536
v -0.311766 0.048695 0.525536
v -0.311766 0.048695 0.525536
v -0.311766 0.048695 0.525536
v -0.311766 0.048695 0.525536
v -0.311766 0.048695 0.525536
v -0.308242 0.057506 0.525536
v -0.311766 0.048695 0.525536
v -0.308242 0.057506 0.525536
v -0.310401 0.056025 0.525536
v -0.311766 0.048695 0.525536
v -0.310401 0.056025 0.525536
v -0.312308 0.051256 0.525536
v -0.312308 0.051256 0.525536
v -0.310401 0.056025 0.525536
v -0.311829 0.053830 0.525536
v -0.308077 0.020899 0.520086
v -0.307597 0.023473 0.525536
v -0.307597 0.023473 0.520086
v -0.308077 0.020899 0.525536
v -0.307534 0.018338 0.520086
v -0.307534 0.018338 0.525536
v -0.306053 0.016179 0.525536
v -0.306053 0.016179 0.520086
v -0.303859 0.014751 0.525536
v -0.303859 0.014751 0.520086
v -0.301285 0.014271 0.525536
v -0.301285 0.014271 0.520086
v -0.298723 0.014814 0.525536
v -0.298723 0.014814 0.520086
v -0.296564 0.016295 0.520086
v -0.296564 0.016295 0.525536
v -0.295136 0.018489 0.520086
v -0.295136 0.018489 0.525536
v -0.294657 0.021063 0.520086
v -0.294657 0.021063 0.525536
v -0.295199 0.023625 0.520086
v -0.295199 0.023625 0.525536
v -0.296680 0.025784 0.525536
v -0.296680 0.025784 0.520086
v -0.298875 0.027212 0.525536
v -0.298875 0.027212 0.520086
v -0.301449 0.027691 0.525536
v -0.301449 0.027691 0.520086
v -0.304010 0.027149 0.525536
v -0.304010 0.027149 0.520086
v -0.306169 0.025668 0.520086
v -0.306169 0.025668 0.525536
v -0.297141 0.019067 0.525536
v -0.296790 0.020226 0.525536
v -0.296750 0.021437 0.525536
v -0.297081 0.019267 0.525536
v -0.297026 0.022616 0.525536
v -0.297597 0.023684 0.525536
v -0.298424 0.024567 0.525536
v -0.299453 0.025207 0.525536
v -0.299652 0.025267 0.525536
v -0.300612 0.025558 0.525536
v -0.301822 0.025598 0.525536
v -0.303001 0.025322 0.525536
v -0.304069 0.024751 0.525536
v -0.304953 0.023924 0.525536
v -0.305592 0.022895 0.525536
v -0.297781 0.018039 0.525536
v -0.298664 0.017211 0.525536
v -0.299732 0.016640 0.525536
v -0.300911 0.016365 0.525536
v -0.302122 0.016404 0.525536
v -0.303081 0.016695 0.525536
v -0.303281 0.016756 0.525536
v -0.304309 0.017395 0.525536
v -0.305137 0.018279 0.525536
v -0.305708 0.019347 0.525536
v -0.305983 0.020526 0.525536
v -0.305944 0.021736 0.525536
v -0.305653 0.022696 0.525536
v -0.308077 0.020899 0.525536
v -0.308077 0.020899 0.520086
v -0.308077 0.020899 0.525536
v -0.307534 0.018338 0.520086
v -0.307534 0.018338 0.520086
v -0.307534 0.018338 0.525536
v -0.306053 0.016179 0.520086
v -0.306053 0.016179 0.520086
v -0.306053 0.016179 0.525536
v -0.303859 0.014751 0.520086
v -0.303859 0.014751 0.520086
v -0.303859 0.014751 0.525536
v -0.301285 0.014271 0.520086
v -0.301285 0.014271 0.520086
v -0.301285 0.014271 0.525536
v -0.298723 0.014814 0.525536
v -0.298723 0.014814 0.525536
v -0.298723 0.014814 0.520086
v -0.296564 0.016295 0.525536
v -0.296564 0.016295 0.525536
v -0.296564 0.016295 0.520086
v -0.295136 0.018489 0.525536
v -0.295136 0.018489 0.525536
v -0.295136 0.018489 0.520086
v -0.294657 0.021063 0.525536
v -0.294657 0.021063 0.525536
v -0.294657 0.021063 0.520086
v -0.295199 0.023625 0.520086
v -0.295199 0.023625 0.520086
v -0.295199 0.023625 0.525536
v -0.296680 0.025784 0.520086
v -0.296680 0.025784 0.520086
v -0.296680 0.025784 0.525536
v -0.298875 0.027212 0.520086
v -0.298875 0.027212 0.520086
v -0.298875 0.027212 0.525536
v -0.301449 0.027691 0.520086
v -0.301449 0.027691 0.520086
v -0.301449 0.027691 0.525536
v -0.304010 0.027149 0.525536
v -0.304010 0.027149 0.520086
v -0.304010 0.027149 0.525536
v -0.307597 0.023473 0.520086
v -0.306169 0.025668 0.525536
v -0.306169 0.025668 0.520086
v -0.306169 0.025668 0.525536
v -0.307597 0.023473 0.520086
v -0.307597 0.023473 0.525536
v -0.294657 0.021063 0.525536
v -0.296564 0.016295 0.525536
v -0.295136 0.018489 0.525536
v -0.296564 0.016295 0.525536
v -0.294657 0.021063 0.525536
v -0.295199 0.023625 0.525536
v -0.296564 0.016295 0.525536
v -0.295199 0.023625 0.525536
v -0.298723 0.014814 0.525536
v -0.298723 0.014814 0.525536
v -0.295199 0.023625 0.525536
v -0.295199 0.023625 0.525536
v -0.295199 0.023625 0.525536
v -0.295199 0.023625 0.525536
v -0.296680 0.025784 0.525536
v -0.296680 0.025784 0.525536
v -0.296680 0.025784 0.525536
v -0.296680 0.025784 0.525536
v -0.298875 0.027212 0.525536
v -0.298875 0.027212 0.525536
v -0.298875 0.027212 0.525536
v -0.298875 0.027212 0.525536
v -0.298875 0.027212 0.525536
v -0.301449 0.027691 0.525536
v -0.301449 0.027691 0.525536
v -0.301449 0.027691 0.525536
v -0.301449 0.027691 0.525536
v -0.301449 0.027691 0.525536
v -0.304010 0.027149 0.525536
v -0.304010 0.027149 0.525536
v -0.304010 0.027149 0.525536
v -0.304010 0.027149 0.525536
v -0.298723 0.014814 0.525536
v -0.301285 0.014271 0.525536
v -0.298723 0.014814 0.525536
v -0.301285 0.014271 0.525536
v -0.301285 0.014271 0.525536
v -0.301285 0.014271 0.525536
v -0.301285 0.014271 0.525536
v -0.303859 0.014751 0.525536
v -0.303859 0.014751 0.525536
v -0.303859 0.014751 0.525536
v -0.303859 0.014751 0.525536
v -0.303859 0.014751 0.525536
v -0.306053 0.016179 0.525536
v -0.306053 0.016179 0.525536
v -0.306053 0.016179 0.525536
v -0.306053 0.016179 0.525536
v -0.306053 0.016179 0.525536
v -0.307534 0.018338 0.525536
v -0.307534 0.018338 0.525536
v -0.307534 0.018338 0.525536
v -0.307534 0.018338 0.525536
v -0.307534 0.018338 0.525536
v -0.307534 0.018338 0.525536
v -0.304010 0.027149 0.525536
v -0.307534 0.018338 0.525536
v -0.304010 0.027149 0.525536
v -0.306169 0.025668 0.525536
v -0.307534 0.018338 0.525536
v -0.306169 0.025668 0.525536
v -0.308077 0.020899 0.525536
v -0.308077 0.020899 0.525536
v -0.306169 0.025668 0.525536
v -0.307597 0.023473 0.525536
v -0.310849 0.036287 0.520086
v -0.310370 0.038861 0.525536
v -0.310370 0.038861 0.520086
v -0.310849 0.036287 0.525536
v -0.310307 0.033726 0.520086
v -0.310307 0.033726 0.525536
v -0.308826 0.031567 0.525536
v -0.308826 0.031567 0.520086
v -0.306632 0.030139 0.525536
v -0.306632 0.030139 0.520086
v -0.304058 0.029659 0.525536
v -0.304058 0.029659 0.520086
v -0.301496 0.030202 0.525536
v -0.301496 0.030202 0.520086
v -0.299337 0.031683 0.520086
v -0.299337 0.031683 0.525536
v -0.297909 0.033877 0.520086
v -0.297909 0.033877 0.525536
v -0.297430 0.036451 0.520086
v -0.297430 0.036451 0.525536
v -0.297972 0.039013 0.520086
v -0.297972 0.039013 0.525536
v -0.299453 0.041172 0.525536
v -0.299453 0.041172 0.520086
v -0.301648 0.042600 0.525536
v -0.301648 0.042600 0.520086
v -0.304222 0.043079 0.525536
v -0.304222 0.043079 0.520086
v -0.306783 0.042537 0.525536
v -0.306783 0.042537 0.520086
v -0.308942 0.041056 0.520086
v -0.308942 0.041056 0.525536
v -0.299914 0.034455 0.525536
v -0.299563 0.035614 0.525536
v -0.299523 0.036825 0.525536
v -0.299854 0.034655 0.525536
v -0.299798 0.038004 0.525536
v -0.300369 0.039072 0.525536
v -0.301197 0.039956 0.525536
v -0.302226 0.040595 0.525536
v -0.302425 0.040655 0.525536
v -0.303385 0.040946 0.525536
v -0.304595 0.040986 0.525536
v -0.305774 0.040711 0.525536
v -0.306842 0.040140 0.525536
v -0.307726 0.039312 0.525536
v -0.308365 0.038283 0.525536
v -0.300553 0.033427 0.525536
v -0.301437 0.032599 0.525536
v -0.302505 0.032028 0.525536
v -0.303684 0.031753 0.525536
v -0.304895 0.031793 0.525536
v -0.305854 0.032083 0.525536
v -0.306053 0.032144 0.525536
v -0.307082 0.032783 0.525536
v -0.307910 0.033667 0.525536
v -0.308481 0.034735 0.525536
v -0.308756 0.035914 0.525536
v -0.308716 0.037124 0.525536
v -0.308426 0.038084 0.525536
v -0.310849 0.036287 0.525536
v -0.310849 0.036287 0.520086
v -0.310849 0.036287 0.525536
v -0.310307 0.033726 0.520086
v -0.310307 0.033726 0.520086
v -0.310307 0.033726 0.525536
v -0.308826 0.031567 0.520086
v -0.308826 0.031567 0.520086
v -0.308826 0.031567 0.525536
v -0.306632 0.030139 0.520086
v -0.306632 0.030139 0.520086
v -0.306632 0.030139 0.525536
v -0.304058 0.029659 0.520086
v -0.304058 0.029659 0.520086
v -0.304058 0.029659 0.525536
v -0.301496 0.030202 0.525536
v -0.301496 0.030202 0.525536
v -0.301496 0.030202 0.520086
v -0.299337 0.031683 0.525536
v -0.299337 0.031683 0.525536
v -0.299337 0.031683 0.520086
v -0.297909 0.033877 0.525536
v -0.297909 0.033877 0.525536
v -0.297909 0.033877 0.520086
v -0.297430 0.036451 0.525536
v -0.297430 0.036451 0.525536
v -0.297430 0.036451 0.520086
v -0.297972 0.039013 0.520086
v -0.297972 0.039013 0.520086
v -0.297972 0.039013 0.525536
v -0.299453 0.041172 0.520086
v -0.299453 0.041172 0.520086
v -0.299453 0.041172 0.525536
v -0.301648 0.042600 0.520086
v -0.301648 0.042600 0.520086
v -0.301648 0.042600 0.525536
v -0.304222 0.043079 0.520086
v -0.304222 0.043079 0.520086
v -0.304222 0.043079 0.525536
v -0.306783 0.042537 0.525536
v -0.306783 0.042537 0.520086
v -0.306783 0.042537 0.525536
v -0.310370 0.038861 0.520086
v -0.308942 0.041056 0.525536
v -0.308942 0.041056 0.520086
v -0.308942 0.041056 0.525536
v -0.310370 0.038861 0.520086
v -0.310370 0.038861 0.525536
v -0.297430 0.036451 0.525536
v -0.299337 0.031683 0.525536
v -0.297909 0.033877 0.525536
v -0.299337 0.031683 0.525536
v -0.297430 0.036451 0.525536
v -0.297972 0.039013 0.525536
v -0.299337 0.031683 0.525536
v -0.297972 0.039013 0.525536
v -0.301496 0.030202 0.525536
v -0.301496 0.030202 0.525536
v -0.297972 0.039013 0.525536
v -0.297972 0.039013 0.525536
v -0.297972 0.039013 0.525536
v -0.297972 0.039013 0.525536
v -0.299453 0.041172 0.525536
v -0.299453 0.041172 0.525536
v -0.299453 0.041172 0.525536
v -0.299453 0.041172 0.525536
v -0.301648 0.042600 0.525536
v -0.301648 0.042600 0.525536
v -0.301648 0.042600 0.525536
v -0.301648 0.042600 0.525536
v -0.301648 0.042600 0.525536
v -0.304222 0.043079 0.525536
v -0.304222 0.043079 0.525536
v -0.304222 0.043079 0.525536
v -0.304222 0.043079 0.525536
v -0.304222 0.043079 0.525536
v -0.306783 0.042537 0.525536
v -0.306783 0.042537 0.525536
v -0.306783 0.042537 0.525536
v -0.306783 0.042537 0.525536
v -0.301496 0.030202 0.525536
v -0.304058 0.029659 0.525536
v -0.301496 0.030202 0.525536
v -0.304058 0.029659 0.525536
v -0.304058 0.029659 0.525536
v -0.304058 0.029659 0.525536
v -0.304058 0.029659 0.525536
v -0.306632 0.030139 0.525536
v -0.306632 0.030139 0.525536
v -0.306632 0.030139 0.525536
v -0.306632 0.030139 0.525536
v -0.306632 0.030139 0.525536
v -0.308826 0.031567 0.525536
v -0.308826 0.031567 0.525536
v -0.308826 0.031567 0.525536
v -0.308826 0.031567 0.525536
v -0.308826 0.031567 0.525536
v -0.310307 0.033726 0.525536
v -0.310307 0.033726 0.525536
v -0.310307 0.033726 0.525536
v -0.310307 0.033726 0.525536
v -0.310307 0.033726 0.525536
v -0.310307 0.033726 0.525536
v -0.306783 0.042537 0.525536
v -0.310307 0.033726 0.525536
v -0.306783 0.042537 0.525536
v -0.308942 0.041056 0.525536
v -0.310307 0.033726 0.525536
v -0.308942 0.041056 0.525536
v -0.310849 0.036287 0.525536
v -0.310849 0.036287 0.525536
v -0.308942 0.041056 0.525536
v -0.310370 0.038861 0.525536
v -0.313789 0.066599 0.520086
v -0.313310 0.069173 0.525536
v -0.313310 0.069173 0.520086
v -0.313789 0.066599 0.525536
v -0.313247 0.064037 0.520086
v -0.313247 0.064037 0.525536
v -0.311766 0.061878 0.525536
v -0.311766 0.061878 0.520086
v -0.309571 0.060450 0.525536
v -0.309571 0.060450 0.520086
v -0.306997 0.059971 0.525536
v -0.306997 0.059971 0.520086
v -0.304436 0.060513 0.525536
v -0.304436 0.060513 0.520086
v -0.302277 0.061994 0.520086
v -0.302277 0.061994 0.525536
v -0.300849 0.064189 0.520086
v -0.300849 0.064189 0.525536
v -0.300369 0.066763 0.520086
v -0.300369 0.066763 0.525536
v -0.300911 0.069324 0.520086
v -0.300911 0.069324 0.525536
v -0.302393 0.071483 0.525536
v -0.302393 0.071483 0.520086
v -0.304587 0.072911 0.525536
v -0.304587 0.072911 0.520086
v -0.307161 0.073391 0.525536
v -0.307161 0.073391 0.520086
v -0.309723 0.072848 0.525536
v -0.309723 0.072848 0.520086
v -0.311882 0.071367 0.520086
v -0.311882 0.071367 0.525536
v -0.302854 0.064767 0.525536
v -0.302502 0.065926 0.525536
v -0.302463 0.067136 0.525536
v -0.302793 0.064966 0.525536
v -0.302738 0.068315 0.525536
v -0.303309 0.069383 0.525536
v -0.304137 0.070267 0.525536
v -0.305165 0.070906 0.525536
v -0.305365 0.070967 0.525536
v -0.306324 0.071258 0.525536
v -0.307534 0.071297 0.525536
v -0.308714 0.071022 0.525536
v -0.309782 0.070451 0.525536
v -0.310665 0.069623 0.525536
v -0.311305 0.068595 0.525536
v -0.303493 0.063738 0.525536
v -0.304377 0.062911 0.525536
v -0.305445 0.062340 0.525536
v -0.306624 0.062064 0.525536
v -0.307834 0.062104 0.525536
v -0.308793 0.062395 0.525536
v -0.308993 0.062455 0.525536
v -0.310021 0.063095 0.525536
v -0.310849 0.063978 0.525536
v -0.311420 0.065046 0.525536
v -0.311696 0.066225 0.525536
v -0.311656 0.067436 0.525536
v -0.311365 0.068395 0.525536
v -0.313789 0.066599 0.525536
v -0.313789 0.066599 0.520086
v -0.313789 0.066599 0.525536
v -0.313247 0.064037 0.520086
v -0.313247 0.064037 0.520086
v -0.313247 0.064037 0.525536
v -0.311766 0.061878 0.520086
v -0.311766 0.061878 0.520086
v -0.311766 0.061878 0.525536
v -0.309571 0.060450 0.520086
v -0.309571 0.060450 0.520086
v -0.309571 0.060450 0.525536
v -0.306997 0.059971 0.520086
v -0.306997 0.059971 0.520086
v -0.306997 0.059971 0.525536
v -0.304436 0.060513 0.525536
v -0.304436 0.060513 0.525536
v -0.304436 0.060513 0.520086
v -0.302277 0.061994 0.525536
v -0.302277 0.061994 0.525536
v -0.302277 0.061994 0.520086
v -0.300849 0.064189 0.525536
v -0.300849 0.064189 0.525536
v -0.300849 0.064189 0.520086
v -0.300369 0.066763 0.525536
v -0.300369 0.066763 0.525536
v -0.300369 0.066763 0.520086
v -0.300911 0.069324 0.520086
v -0.300911 0.069324 0.520086
v -0.300911 0.069324 0.525536
v -0.302393 0.071483 0.520086
v -0.302393 0.071483 0.520086
v -0.302393 0.071483 0.525536
v -0.304587 0.072911 0.520086
v -0.304587 0.072911 0.520086
v -0.304587 0.072911 0.525536
v -0.307161 0.073391 0.520086
v -0.307161 0.073391 0.520086
v -0.307161 0.073391 0.525536
v -0.309723 0.072848 0.525536
v -0.309723 0.072848 0.520086
v -0.309723 0.072848 0.525536
v -0.313310 0.069173 0.520086
v -0.311882 0.071367 0.525536
v -0.311882 0.071367 0.520086
v -0.311882 0.071367 0.525536
v -0.313310 0.069173 0.520086
v -0.313310 0.069173 0.525536
v -0.300369 0.066763 0.525536
v -0.302277 0.061994 0.525536
v -0.300849 0.064189 0.525536
v -0.302277 0.061994 0.525536
v -0.300369 0.066763 0.525536
v -0.300911 0.069324 0.525536
v -0.302277 0.061994 0.525536
v -0.300911 0.069324 0.525536
v -0.304436 0.060513 0.525536
v -0.304436 0.060513 0.525536
v -0.300911 0.069324 0.525536
v -0.300911 0.069324 0.525536
v -0.300911 0.069324 0.525536
v -0.300911 0.069324 0.525536
v -0.302393 0.071483 0.525536
v -0.302393 0.071483 0.525536
v -0.302393 0.071483 0.525536
v -0.302393 0.071483 0.525536
v -0.304587 0.072911 0.525536
v -0.304587 0.072911 0.525536
v -0.304587 0.072911 0.525536
v -0.304587 0.072911 0.525536
v -0.304587 0.072911 0.525536
v -0.307161 0.073391 0.525536
v -0.307161 0.073391 0.525536
v -0.307161 0.073391 0.525536
v -0.307161 0.073391 0.525536
v -0.307161 0.073391 0.525536
v -0.309723 0.072848 0.525536
v -0.309723 0.072848 0.525536
v -0.309723 0.072848 0.525536
v -0.309723 0.072848 0.525536
v -0.304436 0.060513 0.525536
v -0.306997 0.059971 0.525536
v -0.304436 0.060513 0.525536
v -0.306997 0.059971 0.525536
v -0.306997 0.059971 0.525536
v -0.306997 0.059971 0.525536
v -0.306997 0.059971 0.525536
v -0.309571 0.060450 0.525536
v -0.309571 0.060450 0.525536
v -0.309571 0.060450 0.525536
v -0.309571 0.060450 0.525536
v -0.309571 0.060450 0.525536
v -0.311766 0.061878 0.525536
v -0.311766 0.061878 0.525536
v -0.311766 0.061878 0.525536
v -0.311766 0.061878 0.525536
v -0.311766 0.061878 0.525536
v -0.313247 0.064037 0.525536
v -0.313247 0.064037 0.525536
v -0.313247 0.064037 0.525536
v -0.313247 0.064037 0.525536
v -0.313247 0.064037 0.525536
v -0.313247 0.064037 0.525536
v -0.309723 0.072848 0.525536
v -0.313247 0.064037 0.525536
v -0.309723 0.072848 0.525536
v -0.311882 0.071367 0.525536
v -0.313247 0.064037 0.525536
v -0.311882 0.071367 0.525536
v -0.313789 0.066599 0.525536
v -0.313789 0.066599 0.525536
v -0.311882 0.071367 0.525536
v -0.313310 0.069173 0.525536
v -0.217035 -0.147681 0.516690
v -0.217851 -0.145193 0.522140
v -0.217851 -0.145193 0.516690
v -0.217035 -0.147681 0.522140
v -0.215330 -0.149667 0.516690
v -0.215330 -0.149667 0.522140
v -0.212994 -0.150850 0.522140
v -0.212994 -0.150850 0.516690
v -0.210383 -0.151049 0.522140
v -0.210383 -0.151049 0.516690
v -0.207895 -0.150233 0.522140
v -0.207895 -0.150233 0.516690
v -0.205909 -0.148527 0.522140
v -0.205909 -0.148527 0.516690
v -0.204726 -0.146191 0.516690
v -0.204726 -0.146191 0.522140
v -0.204527 -0.143581 0.516690
v -0.204527 -0.143581 0.522140
v -0.205343 -0.141093 0.516690
v -0.205343 -0.141093 0.522140
v -0.207049 -0.139106 0.516690
v -0.207049 -0.139106 0.522140
v -0.209385 -0.137924 0.522140
v -0.209385 -0.137924 0.516690
v -0.211995 -0.137725 0.522140
v -0.211995 -0.137725 0.516690
v -0.214483 -0.138541 0.522140
v -0.214483 -0.138541 0.516690
v -0.216470 -0.140246 0.522140
v -0.216470 -0.140246 0.516690
v -0.217652 -0.142582 0.516690
v -0.217652 -0.142582 0.522140
v -0.206564 -0.144036 0.522140
v -0.206812 -0.142851 0.522140
v -0.207359 -0.141771 0.522140
v -0.206606 -0.143832 0.522140
v -0.208166 -0.140868 0.522140
v -0.209180 -0.140206 0.522140
v -0.210331 -0.139828 0.522140
v -0.211540 -0.139761 0.522140
v -0.211744 -0.139804 0.522140
v -0.212725 -0.140010 0.522140
v -0.213805 -0.140556 0.522140
v -0.214708 -0.141364 0.522140
v -0.215370 -0.142378 0.522140
v -0.215748 -0.143528 0.522140
v -0.215815 -0.144737 0.522140
v -0.206631 -0.145245 0.522140
v -0.207008 -0.146396 0.522140
v -0.207671 -0.147410 0.522140
v -0.208573 -0.148217 0.522140
v -0.209654 -0.148764 0.522140
v -0.210635 -0.148969 0.522140
v -0.210839 -0.149012 0.522140
v -0.212048 -0.148945 0.522140
v -0.213198 -0.148568 0.522140
v -0.214212 -0.147905 0.522140
v -0.215020 -0.147003 0.522140
v -0.215566 -0.145922 0.522140
v -0.215772 -0.144941 0.522140
v -0.217035 -0.147681 0.522140
v -0.217035 -0.147681 0.516690
v -0.217035 -0.147681 0.522140
v -0.215330 -0.149667 0.516690
v -0.215330 -0.149667 0.516690
v -0.215330 -0.149667 0.522140
v -0.212994 -0.150850 0.516690
v -0.212994 -0.150850 0.516690
v -0.212994 -0.150850 0.522140
v -0.210383 -0.151049 0.516690
v -0.210383 -0.151049 0.516690
v -0.210383 -0.151049 0.522140
v -0.207895 -0.150233 0.516690
v -0.207895 -0.150233 0.516690
v -0.207895 -0.150233 0.522140
v -0.205909 -0.148527 0.522140
v -0.205909 -0.148527 0.522140
v -0.205909 -0.148527 0.516690
v -0.204726 -0.146191 0.522140
v -0.204726 -0.146191 0.522140
v -0.204726 -0.146191 0.516690
v -0.204527 -0.143581 0.522140
v -0.204527 -0.143581 0.522140
v -0.204527 -0.143581 0.516690
v -0.205343 -0.141093 0.522140
v -0.205343 -0.141093 0.522140
v -0.205343 -0.141093 0.516690
v -0.207049 -0.139106 0.516690
v -0.207049 -0.139106 0.516690
v -0.207049 -0.139106 0.522140
v -0.209385 -0.137924 0.516690
v -0.209385 -0.137924 0.516690
v -0.209385 -0.137924 0.522140
v -0.211995 -0.137725 0.516690
v -0.211995 -0.137725 0.516690
v -0.211995 -0.137725 0.522140
v -0.214483 -0.138541 0.516690
v -0.214483 -0.138541 0.516690
v -0.214483 -0.138541 0.522140
v -0.216470 -0.140246 0.522140
v -0.216470 -0.140246 0.516690
v -0.216470 -0.140246 0.522140
v -0.217851 -0.145193 0.516690
v -0.217652 -0.142582 0.522140
v -0.217652 -0.142582 0.516690
v -0.217652 -0.142582 0.522140
v -0.217851 -0.145193 0.516690
v -0.217851 -0.145193 0.522140
v -0.205343 -0.141093 0.522140
v -0.204726 -0.146191 0.522140
v -0.204527 -0.143581 0.522140
v -0.204726 -0.146191 0.522140
v -0.205343 -0.141093 0.522140
v -0.207049 -0.139106 0.522140
v -0.204726 -0.146191 0.522140
v -0.207049 -0.139106 0.522140
v -0.205909 -0.148527 0.522140
v -0.205909 -0.148527 0.522140
v -0.207049 -0.139106 0.522140
v -0.207049 -0.139106 0.522140
v -0.207049 -0.139106 0.522140
v -0.207049 -0.139106 0.522140
v -0.209385 -0.137924 0.522140
v -0.209385 -0.137924 0.522140
v -0.209385 -0.137924 0.522140
v -0.209385 -0.137924 0.522140
v -0.211995 -0.137725 0.522140
v -0.211995 -0.137725 0.522140
v -0.211995 -0.137725 0.522140
v -0.211995 -0.137725 0.522140
v -0.211995 -0.137725 0.522140
v -0.214483 -0.138541 0.522140
v -0.214483 -0.138541 0.522140
v -0.214483 -0.138541 0.522140
v -0.214483 -0.138541 0.522140
v -0.214483 -0.138541 0.522140
v -0.216470 -0.140246 0.522140
v -0.216470 -0.140246 0.522140
v -0.216470 -0.140246 0.522140
v -0.216470 -0.140246 0.522140
v -0.205909 -0.148527 0.522140
v -0.207895 -0.150233 0.522140
v -0.205909 -0.148527 0.522140
v -0.207895 -0.150233 0.522140
v -0.207895 -0.150233 0.522140
v -0.207895 -0.150233 0.522140
v -0.207895 -0.150233 0.522140
v -0.210383 -0.151049 0.522140
v -0.210383 -0.151049 0.522140
v -0.210383 -0.151049 0.522140
v -0.210383 -0.151049 0.522140
v -0.210383 -0.151049 0.522140
v -0.212994 -0.150850 0.522140
v -0.212994 -0.150850 0.522140
v -0.212994 -0.150850 0.522140
v -0.212994 -0.150850 0.522140
v -0.212994 -0.150850 0.522140
v -0.215330 -0.149667 0.522140
v -0.215330 -0.149667 0.522140
v -0.215330 -0.149667 0.522140
v -0.215330 -0.149667 0.522140
v -0.215330 -0.149667 0.522140
v -0.215330 -0.149667 0.522140
v -0.216470 -0.140246 0.522140
v -0.215330 -0.149667 0.522140
v -0.216470 -0.140246 0.522140
v -0.217652 -0.142582 0.522140
v -0.215330 -0.149667 0.522140
v -0.217652 -0.142582 0.522140
v -0.217035 -0.147681 0.522140
v -0.217035 -0.147681 0.522140
v -0.217652 -0.142582 0.522140
v -0.217851 -0.145193 0.522140
v -0.198069 -0.172998 0.516690
v -0.198885 -0.170510 0.522140
v -0.198885 -0.170510 0.516690
v -0.198069 -0.172998 0.522140
v -0.196364 -0.174984 0.516690
v -0.196364 -0.174984 0.522140
v -0.194028 -0.176167 0.522140
v -0.194028 -0.176167 0.516690
v -0.191417 -0.176365 0.522140
v -0.191417 -0.176365 0.516690
v -0.188929 -0.175550 0.522140
v -0.188929 -0.175550 0.516690
v -0.186943 -0.173844 0.522140
v -0.186943 -0.173844 0.516690
v -0.185760 -0.171508 0.516690
v -0.185760 -0.171508 0.522140
v -0.185561 -0.168897 0.516690
v -0.185561 -0.168897 0.522140
v -0.186377 -0.166409 0.516690
v -0.186377 -0.166409 0.522140
v -0.188083 -0.164423 0.516690
v -0.188083 -0.164423 0.522140
v -0.190419 -0.163240 0.522140
v -0.190419 -0.163240 0.516690
v -0.193029 -0.163042 0.522140
v -0.193029 -0.163042 0.516690
v -0.195517 -0.163857 0.522140
v -0.195517 -0.163857 0.516690
v -0.197504 -0.165563 0.522140
v -0.197504 -0.165563 0.516690
v -0.198686 -0.167899 0.516690
v -0.198686 -0.167899 0.522140
v -0.187598 -0.169353 0.522140
v -0.187846 -0.168168 0.522140
v -0.188393 -0.167087 0.522140
v -0.187641 -0.169149 0.522140
v -0.189200 -0.166185 0.522140
v -0.190214 -0.165522 0.522140
v -0.191365 -0.165145 0.522140
v -0.192574 -0.165078 0.522140
v -0.192778 -0.165121 0.522140
v -0.193759 -0.165326 0.522140
v -0.194839 -0.165873 0.522140
v -0.195742 -0.166681 0.522140
v -0.196404 -0.167694 0.522140
v -0.196782 -0.168845 0.522140
v -0.196849 -0.170054 0.522140
v -0.187665 -0.170562 0.522140
v -0.188042 -0.171713 0.522140
v -0.188705 -0.172726 0.522140
v -0.189607 -0.173534 0.522140
v -0.190688 -0.174081 0.522140
v -0.191669 -0.174286 0.522140
v -0.191873 -0.174329 0.522140
v -0.193082 -0.174262 0.522140
v -0.194232 -0.173884 0.522140
v -0.195246 -0.173222 0.522140
v -0.196054 -0.172320 0.522140
v -0.196600 -0.171239 0.522140
v -0.196806 -0.170258 0.522140
v -0.198069 -0.172998 0.522140
v -0.198069 -0.172998 0.516690
v -0.198069 -0.172998 0.522140
v -0.196364 -0.174984 0.516690
v -0.196364 -0.174984 0.516690
v -0.196364 -0.174984 0.522140
v -0.194028 -0.176167 0.516690
v -0.194028 -0.176167 0.516690
v -0.194028 -0.176167 0.522140
v -0.191417 -0.176365 0.516690
v -0.191417 -0.176365 0.516690
v -0.191417 -0.176365 0.522140
v -0.188929 -0.175550 0.516690
v -0.188929 -0.175550 0.516690
v -0.188929 -0.175550 0.522140
v -0.186943 -0.173844 0.522140
v -0.186943 -0.173844 0.522140
v -0.186943 -0.173844 0.516690
v -0.185760 -0.171508 0.522140
v -0.185760 -0.171508 0.522140
v -0.185760 -0.171508 0.516690
v -0.185561 -0.168897 0.522140
v -0.185561 -0.168897 0.522140
v -0.185561 -0.168897 0.516690
v -0.186377 -0.166409 0.522140
v -0.186377 -0.166409 0.522140
v -0.186377 -0.166409 0.516690
v -0.188083 -0.164423 0.516690
v -0.188083 -0.164423 0.516690
v -0.188083 -0.164423 0.522140
v -0.190419 -0.163240 0.516690
v -0.190419 -0.163240 0.516690
v -0.190419 -0.163240 0.522140
v -0.193029 -0.163042 0.516690
v -0.193029 -0.163042 0.516690
v -0.193029 -0.163042 0.522140
v -0.195517 -0.163857 0.516690
v -0.195517 -0.163857 0.516690
v -0.195517 -0.163857 0.522140
v -0.197504 -0.165563 0.522140
v -0.197504 -0.165563 0.516690
v -0.197504 -0.165563 0.522140
v -0.198885 -0.170510 0.516690
v -0.198686 -0.167899 0.522140
v -0.198686 -0.167899 0.516690
v -0.198686 -0.167899 0.522140
v -0.198885 -0.170510 0.516690
v -0.198885 -0.170510 0.522140
v -0.186377 -0.166409 0.522140
v -0.185760 -0.171508 0.522140
v -0.185561 -0.168897 0.522140
v -0.185760 -0.171508 0.522140
v -0.186377 -0.166409 0.522140
v -0.188083 -0.164423 0.522140
v -0.185760 -0.171508 0.522140
v -0.188083 -0.164423 0.522140
v -0.186943 -0.173844 0.522140
v -0.186943 -0.173844 0.522140
v -0.188083 -0.164423 0.522140
v -0.188083 -0.164423 0.522140
v -0.188083 -0.164423 0.522140
v -0.188083 -0.164423 0.522140
v -0.190419 -0.163240 0.522140
v -0.190419 -0.163240 0.522140
v -0.190419 -0.163240 0.522140
v -0.190419 -0.163240 0.522140
v -0.193029 -0.163042 0.522140
v -0.193029 -0.163042 0.522140
v -0.193029 -0.163042 0.522140
v -0.193029 -0.163042 0.522140
v -0.193029 -0.163042 0.522140
v -0.195517 -0.163857 0.522140
v -0.195517 -0.163857 0.522140
v -0.195517 -0.163857 0.522140
v -0.195517 -0.163857 0.522140
v -0.195517 -0.163857 0.522140
v -0.197504 -0.165563 0.522140
v -0.197504 -0.165563 0.522140
v -0.197504 -0.165563 0.522140
v -0.197504 -0.165563 0.522140
v -0.186943 -0.173844 0.522140
v -0.188929 -0.175550 0.522140
v -0.186943 -0.173844 0.522140
v -0.188929 -0.175550 0.522140
v -0.188929 -0.175550 0.522140
v -0.188929 -0.175550 0.522140
v -0.188929 -0.175550 0.522140
v -0.191417 -0.176365 0.522140
v -0.191417 -0.176365 0.522140
v -0.191417 -0.176365 0.522140
v -0.191417 -0.176365 0.522140
v -0.191417 -0.176365 0.522140
v -0.194028 -0.176167 0.522140
v -0.194028 -0.176167 0.522140
v -0.194028 -0.176167 0.522140
v -0.194028 -0.176167 0.522140
v -0.194028 -0.176167 0.522140
v -0.196364 -0.174984 0.522140
v -0.196364 -0.174984 0.522140
v -0.196364 -0.174984 0.522140
v -0.196364 -0.174984 0.522140
v -0.196364 -0.174984 0.522140
v -0.196364 -0.174984 0.522140
v -0.197504 -0.165563 0.522140
v -0.196364 -0.174984 0.522140
v -0.197504 -0.165563 0.522140
v -0.198686 -0.167899 0.522140
v -0.196364 -0.174984 0.522140
v -0.198686 -0.167899 0.522140
v -0.198069 -0.172998 0.522140
v -0.198069 -0.172998 0.522140
v -0.198686 -0.167899 0.522140
v -0.198885 -0.170510 0.522140
v -0.179780 -0.197593 0.516690
v -0.180595 -0.195105 0.522140
v -0.180595 -0.195105 0.516690
v -0.179780 -0.197593 0.522140
v -0.178074 -0.199579 0.516690
v -0.178074 -0.199579 0.522140
v -0.175738 -0.200762 0.522140
v -0.175738 -0.200762 0.516690
v -0.173127 -0.200960 0.522140
v -0.173127 -0.200960 0.516690
v -0.170639 -0.200145 0.522140
v -0.170639 -0.200145 0.516690
v -0.168653 -0.198439 0.522140
v -0.168653 -0.198439 0.516690
v -0.167470 -0.196103 0.516690
v -0.167470 -0.196103 0.522140
v -0.167272 -0.193492 0.516690
v -0.167272 -0.193492 0.522140
v -0.168087 -0.191004 0.516690
v -0.168087 -0.191004 0.522140
v -0.169793 -0.189018 0.516690
v -0.169793 -0.189018 0.522140
v -0.172129 -0.187835 0.522140
v -0.172129 -0.187835 0.516690
v -0.174740 -0.187637 0.522140
v -0.174740 -0.187637 0.516690
v -0.177228 -0.188452 0.522140
v -0.177228 -0.188452 0.516690
v -0.179214 -0.190158 0.522140
v -0.179214 -0.190158 0.516690
v -0.180397 -0.192494 0.516690
v -0.180397 -0.192494 0.522140
v -0.169308 -0.193948 0.522140
v -0.169556 -0.192763 0.522140
v -0.170103 -0.191682 0.522140
v -0.169351 -0.193744 0.522140
v -0.170911 -0.190780 0.522140
v -0.171924 -0.190118 0.522140
v -0.173075 -0.189740 0.522140
v -0.174284 -0.189673 0.522140
v -0.174488 -0.189716 0.522140
v -0.175469 -0.189921 0.522140
v -0.176550 -0.190468 0.522140
v -0.177452 -0.191276 0.522140
v -0.178114 -0.192289 0.522140
v -0.178492 -0.193440 0.522140
v -0.178559 -0.194649 0.522140
v -0.169375 -0.195157 0.522140
v -0.169753 -0.196308 0.522140
v -0.170415 -0.197321 0.522140
v -0.171317 -0.198129 0.522140
v -0.172398 -0.198676 0.522140
v -0.173379 -0.198881 0.522140
v -0.173583 -0.198924 0.522140
v -0.174792 -0.198857 0.522140
v -0.175943 -0.198480 0.522140
v -0.176956 -0.197817 0.522140
v -0.177764 -0.196915 0.522140
v -0.178311 -0.195834 0.522140
v -0.178516 -0.194853 0.522140
v -0.179780 -0.197593 0.522140
v -0.179780 -0.197593 0.516690
v -0.179780 -0.197593 0.522140
v -0.178074 -0.199579 0.516690
v -0.178074 -0.199579 0.516690
v -0.178074 -0.199579 0.522140
v -0.175738 -0.200762 0.516690
v -0.175738 -0.200762 0.516690
v -0.175738 -0.200762 0.522140
v -0.173127 -0.200960 0.516690
v -0.173127 -0.200960 0.516690
v -0.173127 -0.200960 0.522140
v -0.170639 -0.200145 0.516690
v -0.170639 -0.200145 0.516690
v -0.170639 -0.200145 0.522140
v -0.168653 -0.198439 0.522140
v -0.168653 -0.198439 0.522140
v -0.168653 -0.198439 0.516690
v -0.167470 -0.196103 0.522140
v -0.167470 -0.196103 0.522140
v -0.167470 -0.196103 0.516690
v -0.167272 -0.193492 0.522140
v -0.167272 -0.193492 0.522140
v -0.167272 -0.193492 0.516690
v -0.168087 -0.191004 0.522140
v -0.168087 -0.191004 0.522140
v -0.168087 -0.191004 0.516690
v -0.169793 -0.189018 0.516690
v -0.169793 -0.189018 0.516690
v -0.169793 -0.189018 0.522140
v -0.172129 -0.187835 0.516690
v -0.172129 -0.187835 0.516690
v -0.172129 -0.187835 0.522140
v -0.174740 -0.187637 0.516690
v -0.174740 -0.187637 0.516690
v -0.174740 -0.187637 0.522140
v -0.177228 -0.188452 0.516690
v -0.177228 -0.188452 0.516690
v -0.177228 -0.188452 0.522140
v -0.179214 -0.190158 0.522140
v -0.179214 -0.190158 0.516690
v -0.179214 -0.190158 0.522140
v -0.180595 -0.195105 0.516690
v -0.180397 -0.192494 0.522140
v -0.180397 -0.192494 0.516690
v -0.180397 -0.192494 0.522140
v -0.180595 -0.195105 0.516690
v -0.180595 -0.195105 0.522140
v -0.168087 -0.191004 0.522140
v -0.167470 -0.196103 0.522140
v -0.167272 -0.193492 0.522140
v -0.167470 -0.196103 0.522140
v -0.168087 -0.191004 0.522140
v -0.169793 -0.189018 0.522140
v -0.167470 -0.196103 0.522140
v -0.169793 -0.189018 0.522140
v -0.168653 -0.198439 0.522140
v -0.168653 -0.198439 0.522140
v -0.169793 -0.189018 0.522140
v -0.169793 -0.189018 0.522140
v -0.169793 -0.189018 0.522140
v -0.169793 -0.189018 0.522140
v -0.172129 -0.187835 0.522140
v -0.172129 -0.187835 0.522140
v -0.172129 -0.187835 0.522140
v -0.172129 -0.187835 0.522140
v -0.174740 -0.187637 0.522140
v -0.174740 -0.187637 0.522140
v -0.174740 -0.187637 0.522140
v -0.174740 -0.187637 0.522140
v -0.174740 -0.187637 0.522140
v -0.177228 -0.188452 0.522140
v -0.177228 -0.188452 0.522140
v -0.177228 -0.188452 0.522140
v -0.177228 -0.188452 0.522140
v -0.177228 -0.188452 0.522140
v -0.179214 -0.190158 0.522140
v -0.179214 -0.190158 0.522140
v -0.179214 -0.190158 0.522140
v -0.179214 -0.190158 0.522140
v -0.168653 -0.198439 0.522140
v -0.170639 -0.200145 0.522140
v -0.168653 -0.198439 0.522140
v -0.170639 -0.200145 0.522140
v -0.170639 -0.200145 0.522140
v -0.170639 -0.200145 0.522140
v -0.170639 -0.200145 0.522140
v -0.173127 -0.200960 0.522140
v -0.173127 -0.200960 0.522140
v -0.173127 -0.200960 0.522140
v -0.173127 -0.200960 0.522140
v -0.173127 -0.200960 0.522140
v -0.175738 -0.200762 0.522140
v -0.175738 -0.200762 0.522140
v -0.175738 -0.200762 0.522140
v -0.175738 -0.200762 0.522140
v -0.175738 -0.200762 0.522140
v -0.178074 -0.199579 0.522140
v -0.178074 -0.199579 0.522140
v -0.178074 -0.199579 0.522140
v -0.178074 -0.199579 0.522140
v -0.178074 -0.199579 0.522140
v -0.178074 -0.199579 0.522140
v -0.179214 -0.190158 0.522140
v -0.178074 -0.199579 0.522140
v -0.179214 -0.190158 0.522140
v -0.180397 -0.192494 0.522140
v -0.178074 -0.199579 0.522140
v -0.180397 -0.192494 0.522140
v -0.179780 -0.197593 0.522140
v -0.179780 -0.197593 0.522140
v -0.180397 -0.192494 0.522140
v -0.180595 -0.195105 0.522140
v -0.189602 -0.185427 0.516690
v -0.190417 -0.182939 0.522140
v -0.190417 -0.182939 0.516690
v -0.189602 -0.185427 0.522140
v -0.187896 -0.187413 0.516690
v -0.187896 -0.187413 0.522140
v -0.185560 -0.188596 0.522140
v -0.185560 -0.188596 0.516690
v -0.182949 -0.188794 0.522140
v -0.182949 -0.188794 0.516690
v -0.180461 -0.187979 0.522140
v -0.180461 -0.187979 0.516690
v -0.178475 -0.186273 0.522140
v -0.178475 -0.186273 0.516690
v -0.177292 -0.183937 0.516690
v -0.177292 -0.183937 0.522140
v -0.177094 -0.181327 0.516690
v -0.177094 -0.181327 0.522140
v -0.177909 -0.178839 0.516690
v -0.177909 -0.178839 0.522140
v -0.179615 -0.176852 0.516690
v -0.179615 -0.176852 0.522140
v -0.181951 -0.175669 0.522140
v -0.181951 -0.175669 0.516690
v -0.184562 -0.175471 0.522140
v -0.184562 -0.175471 0.516690
v -0.187050 -0.176287 0.522140
v -0.187050 -0.176287 0.516690
v -0.189036 -0.177992 0.522140
v -0.189036 -0.177992 0.516690
v -0.190219 -0.180328 0.516690
v -0.190219 -0.180328 0.522140
v -0.179130 -0.181782 0.522140
v -0.179378 -0.180597 0.522140
v -0.179925 -0.179516 0.522140
v -0.179173 -0.181578 0.522140
v -0.180733 -0.178614 0.522140
v -0.181746 -0.177952 0.522140
v -0.182897 -0.177574 0.522140
v -0.184106 -0.177507 0.522140
v -0.184310 -0.177550 0.522140
v -0.185291 -0.177756 0.522140
v -0.186372 -0.178302 0.522140
v -0.187274 -0.179110 0.522140
v -0.187936 -0.180123 0.522140
v -0.188314 -0.181274 0.522140
v -0.188381 -0.182483 0.522140
v -0.179197 -0.182991 0.522140
v -0.179574 -0.184142 0.522140
v -0.180237 -0.185156 0.522140
v -0.181139 -0.185963 0.522140
v -0.182220 -0.186510 0.522140
v -0.183201 -0.186715 0.522140
v -0.183405 -0.186758 0.522140
v -0.184614 -0.186691 0.522140
v -0.185765 -0.186314 0.522140
v -0.186778 -0.185651 0.522140
v -0.187586 -0.184749 0.522140
v -0.188133 -0.183668 0.522140
v -0.188338 -0.182687 0.522140
v -0.189602 -0.185427 0.522140
v -0.189602 -0.185427 0.516690
v -0.189602 -0.185427 0.522140
v -0.187896 -0.187413 0.516690
v -0.187896 -0.187413 0.516690
v -0.187896 -0.187413 0.522140
v -0.185560 -0.188596 0.516690
v -0.185560 -0.188596 0.516690
v -0.185560 -0.188596 0.522140
v -0.182949 -0.188794 0.516690
v -0.182949 -0.188794 0.516690
v -0.182949 -0.188794 0.522140
v -0.180461 -0.187979 0.516690
v -0.180461 -0.187979 0.516690
v -0.180461 -0.187979 0.522140
v -0.178475 -0.186273 0.522140
v -0.178475 -0.186273 0.522140
v -0.178475 -0.186273 0.516690
v -0.177292 -0.183937 0.522140
v -0.177292 -0.183937 0.522140
v -0.177292 -0.183937 0.516690
v -0.177094 -0.181327 0.522140
v -0.177094 -0.181327 0.522140
v -0.177094 -0.181327 0.516690
v -0.177909 -0.178839 0.522140
v -0.177909 -0.178839 0.522140
v -0.177909 -0.178839 0.516690
v -0.179615 -0.176852 0.516690
v -0.179615 -0.176852 0.516690
v -0.179615 -0.176852 0.522140
v -0.181951 -0.175669 0.516690
v -0.181951 -0.175669 0.516690
v -0.181951 -0.175669 0.522140
v -0.184562 -0.175471 0.516690
v -0.184562 -0.175471 0.516690
v -0.184562 -0.175471 0.522140
v -0.187050 -0.176287 0.516690
v -0.187050 -0.176287 0.516690
v -0.187050 -0.176287 0.522140
v -0.189036 -0.177992 0.522140
v -0.189036 -0.177992 0.516690
v -0.189036 -0.177992 0.522140
v -0.190417 -0.182939 0.516690
v -0.190219 -0.180328 0.522140
v -0.190219 -0.180328 0.516690
v -0.190219 -0.180328 0.522140
v -0.190417 -0.182939 0.516690
v -0.190417 -0.182939 0.522140
v -0.177909 -0.178839 0.522140
v -0.177292 -0.183937 0.522140
v -0.177094 -0.181327 0.522140
v -0.177292 -0.183937 0.522140
v -0.177909 -0.178839 0.522140
v -0.179615 -0.176852 0.522140
v -0.177292 -0.183937 0.522140
v -0.179615 -0.176852 0.522140
v -0.178475 -0.186273 0.522140
v -0.178475 -0.186273 0.522140
v -0.179615 -0.176852 0.522140
v -0.179615 -0.176852 0.522140
v -0.179615 -0.176852 0.522140
v -0.179615 -0.176852 0.522140
v -0.181951 -0.175669 0.522140
v -0.181951 -0.175669 0.522140
v -0.181951 -0.175669 0.522140
v -0.181951 -0.175669 0.522140
v -0.184562 -0.175471 0.522140
v -0.184562 -0.175471 0.522140
v -0.184562 -0.175471 0.522140
v -0.184562 -0.175471 0.522140
v -0.184562 -0.175471 0.522140
v -0.187050 -0.176287 0.522140
v -0.187050 -0.176287 0.522140
v -0.187050 -0.176287 0.522140
v -0.187050 -0.176287 0.522140
v -0.187050 -0.176287 0.522140
v -0.189036 -0.177992 0.522140
v -0.189036 -0.177992 0.522140
v -0.189036 -0.177992 0.522140
v -0.189036 -0.177992 0.522140
v -0.178475 -0.186273 0.522140
v -0.180461 -0.187979 0.522140
v -0.178475 -0.186273 0.522140
v -0.180461 -0.187979 0.522140
v -0.180461 -0.187979 0.522140
v -0.180461 -0.187979 0.522140
v -0.180461 -0.187979 0.522140
v -0.182949 -0.188794 0.522140
v -0.182949 -0.188794 0.522140
v -0.182949 -0.188794 0.522140
v -0.182949 -0.188794 0.522140
v -0.182949 -0.188794 0.522140
v -0.185560 -0.188596 0.522140
v -0.185560 -0.188596 0.522140
v -0.185560 -0.188596 0.522140
v -0.185560 -0.188596 0.522140
v -0.185560 -0.188596 0.522140
v -0.187896 -0.187413 0.522140
v -0.187896 -0.187413 0.522140
v -0.187896 -0.187413 0.522140
v -0.187896 -0.187413 0.522140
v -0.187896 -0.187413 0.522140
v -0.187896 -0.187413 0.522140
v -0.189036 -0.177992 0.522140
v -0.187896 -0.187413 0.522140
v -0.189036 -0.177992 0.522140
v -0.190219 -0.180328 0.522140
v -0.187896 -0.187413 0.522140
v -0.190219 -0.180328 0.522140
v -0.189602 -0.185427 0.522140
v -0.189602 -0.185427 0.522140
v -0.190219 -0.180328 0.522140
v -0.190417 -0.182939 0.522140
v -0.206736 -0.160251 0.516690
v -0.207552 -0.157763 0.522140
v -0.207552 -0.157763 0.516690
v -0.206736 -0.160251 0.522140
v -0.205031 -0.162237 0.516690
v -0.205031 -0.162237 0.522140
v -0.202695 -0.163420 0.522140
v -0.202695 -0.163420 0.516690
v -0.200084 -0.163618 0.522140
v -0.200084 -0.163618 0.516690
v -0.197596 -0.162803 0.522140
v -0.197596 -0.162803 0.516690
v -0.195610 -0.161097 0.522140
v -0.195610 -0.161097 0.516690
v -0.194427 -0.158761 0.516690
v -0.194427 -0.158761 0.522140
v -0.194228 -0.156151 0.516690
v -0.194228 -0.156151 0.522140
v -0.195044 -0.153663 0.516690
v -0.195044 -0.153663 0.522140
v -0.196750 -0.151676 0.516690
v -0.196750 -0.151676 0.522140
v -0.199086 -0.150494 0.522140
v -0.199086 -0.150494 0.516690
v -0.201696 -0.150295 0.522140
v -0.201696 -0.150295 0.516690
v -0.204184 -0.151111 0.522140
v -0.204184 -0.151111 0.516690
v -0.206171 -0.152816 0.522140
v -0.206171 -0.152816 0.516690
v -0.207353 -0.155152 0.516690
v -0.207353 -0.155152 0.522140
v -0.196265 -0.156606 0.522140
v -0.196513 -0.155421 0.522140
v -0.197060 -0.154341 0.522140
v -0.196307 -0.156402 0.522140
v -0.197867 -0.153438 0.522140
v -0.198881 -0.152776 0.522140
v -0.200032 -0.152398 0.522140
v -0.201241 -0.152331 0.522140
v -0.201445 -0.152374 0.522140
v -0.202426 -0.152580 0.522140
v -0.203506 -0.153126 0.522140
v -0.204409 -0.153934 0.522140
v -0.205071 -0.154947 0.522140
v -0.205449 -0.156098 0.522140
v -0.205516 -0.157307 0.522140
v -0.196332 -0.157815 0.522140
v -0.196709 -0.158966 0.522140
v -0.197372 -0.159980 0.522140
v -0.198274 -0.160787 0.522140
v -0.199354 -0.161334 0.522140
v -0.200336 -0.161539 0.522140
v -0.200540 -0.161582 0.522140
v -0.201749 -0.161515 0.522140
v -0.202899 -0.161138 0.522140
v -0.203913 -0.160475 0.522140
v -0.204721 -0.159573 0.522140
v -0.205267 -0.158492 0.522140
v -0.205473 -0.157511 0.522140
v -0.206736 -0.160251 0.522140
v -0.206736 -0.160251 0.516690
v -0.206736 -0.160251 0.522140
v -0.205031 -0.162237 0.516690
v -0.205031 -0.162237 0.516690
v -0.205031 -0.162237 0.522140
v -0.202695 -0.163420 0.516690
v -0.202695 -0.163420 0.516690
v -0.202695 -0.163420 0.522140
v -0.200084 -0.163618 0.516690
v -0.200084 -0.163618 0.516690
v -0.200084 -0.163618 0.522140
v -0.197596 -0.162803 0.516690
v -0.197596 -0.162803 0.516690
v -0.197596 -0.162803 0.522140
v -0.195610 -0.161097 0.522140
v -0.195610 -0.161097 0.522140
v -0.195610 -0.161097 0.516690
v -0.194427 -0.158761 0.522140
v -0.194427 -0.158761 0.522140
v -0.194427 -0.158761 0.516690
v -0.194228 -0.156151 0.522140
v -0.194228 -0.156151 0.522140
v -0.194228 -0.156151 0.516690
v -0.195044 -0.153663 0.522140
v -0.195044 -0.153663 0.522140
v -0.195044 -0.153663 0.516690
v -0.196750 -0.151676 0.516690
v -0.196750 -0.151676 0.516690
v -0.196750 -0.151676 0.522140
v -0.199086 -0.150494 0.516690
v -0.199086 -0.150494 0.516690
v -0.199086 -0.150494 0.522140
v -0.201696 -0.150295 0.516690
v -0.201696 -0.150295 0.516690
v -0.201696 -0.150295 0.522140
v -0.204184 -0.151111 0.516690
v -0.204184 -0.151111 0.516690
v -0.204184 -0.151111 0.522140
v -0.206171 -0.152816 0.522140
v -0.206171 -0.152816 0.516690
v -0.206171 -0.152816 0.522140
v -0.207552 -0.157763 0.516690
v -0.207353 -0.155152 0.522140
v -0.207353 -0.155152 0.516690
v -0.207353 -0.155152 0.522140
v -0.207552 -0.157763 0.516690
v -0.207552 -0.157763 0.522140
v -0.195044 -0.153663 0.522140
v -0.194427 -0.158761 0.522140
v -0.194228 -0.156151 0.522140
v -0.194427 -0.158761 0.522140
v -0.195044 -0.153663 0.522140
v -0.196750 -0.151676 0.522140
v -0.194427 -0.158761 0.522140
v -0.196750 -0.151676 0.522140
v -0.195610 -0.161097 0.522140
v -0.195610 -0.161097 0.522140
v -0.196750 -0.151676 0.522140
v -0.196750 -0.151676 0.522140
v -0.196750 -0.151676 0.522140
v -0.196750 -0.151676 0.522140
v -0.199086 -0.150494 0.522140
v -0.199086 -0.150494 0.522140
v -0.199086 -0.150494 0.522140
v -0.199086 -0.150494 0.522140
v -0.201696 -0.150295 0.522140
v -0.201696 -0.150295 0.522140
v -0.201696 -0.150295 0.522140
v -0.201696 -0.150295 0.522140
v -0.201696 -0.150295 0.522140
v -0.204184 -0.151111 0.522140
v -0.204184 -0.151111 0.522140
v -0.204184 -0.151111 0.522140
v -0.204184 -0.151111 0.522140
v -0.204184 -0.151111 0.522140
v -0.206171 -0.152816 0.522140
v -0.206171 -0.152816 0.522140
v -0.206171 -0.152816 0.522140
v -0.206171 -0.152816 0.522140
v -0.195610 -0.161097 0.522140
v -0.197596 -0.162803 0.522140
v -0.195610 -0.161097 0.522140
v -0.197596 -0.162803 0.522140
v -0.197596 -0.162803 0.522140
v -0.197596 -0.162803 0.522140
v -0.197596 -0.162803 0.522140
v -0.200084 -0.163618 0.522140
v -0.200084 -0.163618 0.522140
v -0.200084 -0.163618 0.522140
v -0.200084 -0.163618 0.522140
v -0.200084 -0.163618 0.522140
v -0.202695 -0.163420 0.522140
v -0.202695 -0.163420 0.522140
v -0.202695 -0.163420 0.522140
v -0.202695 -0.163420 0.522140
v -0.202695 -0.163420 0.522140
v -0.205031 -0.162237 0.522140
v -0.205031 -0.162237 0.522140
v -0.205031 -0.162237 0.522140
v -0.205031 -0.162237 0.522140
v -0.205031 -0.162237 0.522140
v -0.205031 -0.162237 0.522140
v -0.206171 -0.152816 0.522140
v -0.205031 -0.162237 0.522140
v -0.206171 -0.152816 0.522140
v -0.207353 -0.155152 0.522140
v -0.205031 -0.162237 0.522140
v -0.207353 -0.155152 0.522140
v -0.206736 -0.160251 0.522140
v -0.206736 -0.160251 0.522140
v -0.207353 -0.155152 0.522140
v -0.207552 -0.157763 0.522140
v -0.191508 -0.044880 0.516690
v -0.193975 -0.045756 0.522140
v -0.193975 -0.045756 0.516690
v -0.191508 -0.044880 0.522140
v -0.189564 -0.043126 0.516690
v -0.189564 -0.043126 0.522140
v -0.188438 -0.040762 0.522140
v -0.188438 -0.040762 0.516690
v -0.188304 -0.038147 0.522140
v -0.188304 -0.038147 0.516690
v -0.189180 -0.035680 0.522140
v -0.189180 -0.035680 0.516690
v -0.190934 -0.033735 0.522140
v -0.190934 -0.033735 0.516690
v -0.193298 -0.032610 0.516690
v -0.193298 -0.032610 0.522140
v -0.195913 -0.032476 0.516690
v -0.195913 -0.032476 0.522140
v -0.198380 -0.033352 0.516690
v -0.198380 -0.033352 0.522140
v -0.200324 -0.035105 0.516690
v -0.200324 -0.035105 0.522140
v -0.201449 -0.037470 0.522140
v -0.201449 -0.037470 0.516690
v -0.201584 -0.040084 0.522140
v -0.201584 -0.040084 0.516690
v -0.200708 -0.042552 0.522140
v -0.200708 -0.042552 0.516690
v -0.198954 -0.044496 0.522140
v -0.198954 -0.044496 0.516690
v -0.196590 -0.045621 0.516690
v -0.196590 -0.045621 0.522140
v -0.195407 -0.034500 0.522140
v -0.196586 -0.034777 0.522140
v -0.197653 -0.035350 0.522140
v -0.195610 -0.034548 0.522140
v -0.198535 -0.036180 0.522140
v -0.199173 -0.037209 0.522140
v -0.199522 -0.038369 0.522140
v -0.199559 -0.039579 0.522140
v -0.199512 -0.039782 0.522140
v -0.199282 -0.040758 0.522140
v -0.198709 -0.041825 0.522140
v -0.197880 -0.042707 0.522140
v -0.196850 -0.043344 0.522140
v -0.195691 -0.043694 0.522140
v -0.194480 -0.043731 0.522140
v -0.194197 -0.034538 0.522140
v -0.193037 -0.034887 0.522140
v -0.192008 -0.035524 0.522140
v -0.191178 -0.036407 0.522140
v -0.190606 -0.037474 0.522140
v -0.190376 -0.038449 0.522140
v -0.190328 -0.038652 0.522140
v -0.190366 -0.039863 0.522140
v -0.190715 -0.041022 0.522140
v -0.191353 -0.042052 0.522140
v -0.192235 -0.042881 0.522140
v -0.193302 -0.043454 0.522140
v -0.194277 -0.043683 0.522140
v -0.191508 -0.044880 0.522140
v -0.191508 -0.044880 0.516690
v -0.191508 -0.044880 0.522140
v -0.189564 -0.043126 0.516690
v -0.189564 -0.043126 0.516690
v -0.189564 -0.043126 0.522140
v -0.188438 -0.040762 0.516690
v -0.188438 -0.040762 0.516690
v -0.188438 -0.040762 0.522140
v -0.188304 -0.038147 0.516690
v -0.188304 -0.038147 0.516690
v -0.188304 -0.038147 0.522140
v -0.189180 -0.035680 0.516690
v -0.189180 -0.035680 0.516690
v -0.189180 -0.035680 0.522140
v -0.190934 -0.033735 0.522140
v -0.190934 -0.033735 0.522140
v -0.190934 -0.033735 0.516690
v -0.193298 -0.032610 0.522140
v -0.193298 -0.032610 0.522140
v -0.193298 -0.032610 0.516690
v -0.195913 -0.032476 0.522140
v -0.195913 -0.032476 0.522140
v -0.195913 -0.032476 0.516690
v -0.198380 -0.033352 0.522140
v -0.198380 -0.033352 0.522140
v -0.198380 -0.033352 0.516690
v -0.200324 -0.035105 0.516690
v -0.200324 -0.035105 0.516690
v -0.200324 -0.035105 0.522140
v -0.201449 -0.037470 0.516690
v -0.201449 -0.037470 0.516690
v -0.201449 -0.037470 0.522140
v -0.201584 -0.040084 0.516690
v -0.201584 -0.040084 0.516690
v -0.201584 -0.040084 0.522140
v -0.200708 -0.042552 0.516690
v -0.200708 -0.042552 0.516690
v -0.200708 -0.042552 0.522140
v -0.198954 -0.044496 0.522140
v -0.198954 -0.044496 0.516690
v -0.198954 -0.044496 0.522140
v -0.193975 -0.045756 0.516690
v -0.196590 -0.045621 0.522140
v -0.196590 -0.045621 0.516690
v -0.196590 -0.045621 0.522140
v -0.193975 -0.045756 0.516690
v -0.193975 -0.045756 0.522140
v -0.198380 -0.033352 0.522140
v -0.193298 -0.032610 0.522140
v -0.195913 -0.032476 0.522140
v -0.193298 -0.032610 0.522140
v -0.198380 -0.033352 0.522140
v -0.200324 -0.035105 0.522140
v -0.193298 -0.032610 0.522140
v -0.200324 -0.035105 0.522140
v -0.190934 -0.033735 0.522140
v -0.190934 -0.033735 0.522140
v -0.200324 -0.035105 0.522140
v -0.200324 -0.035105 0.522140
v -0.200324 -0.035105 0.522140
v -0.200324 -0.035105 0.522140
v -0.201449 -0.037470 0.522140
v -0.201449 -0.037470 0.522140
v -0.201449 -0.037470 0.522140
v -0.201449 -0.037470 0.522140
v -0.201584 -0.040084 0.522140
v -0.201584 -0.040084 0.522140
v -0.201584 -0.040084 0.522140
v -0.201584 -0.040084 0.522140
v -0.201584 -0.040084 0.522140
v -0.200708 -0.042552 0.522140
v -0.200708 -0.042552 0.522140
v -0.200708 -0.042552 0.522140
v -0.200708 -0.042552 0.522140
v -0.200708 -0.042552 0.522140
v -0.198954 -0.044496 0.522140
v -0.198954 -0.044496 0.522140
v -0.198954 -0.044496 0.522140
v -0.198954 -0.044496 0.522140
v -0.190934 -0.033735 0.522140
v -0.189180 -0.035680 0.522140
v -0.190934 -0.033735 0.522140
v -0.189180 -0.035680 0.522140
v -0.189180 -0.035680 0.522140
v -0.189180 -0.035680 0.522140
v -0.189180 -0.035680 0.522140
v -0.188304 -0.038147 0.522140
v -0.188304 -0.038147 0.522140
v -0.188304 -0.038147 0.522140
v -0.188304 -0.038147 0.522140
v -0.188304 -0.038147 0.522140
v -0.188438 -0.040762 0.522140
v -0.188438 -0.040762 0.522140
v -0.188438 -0.040762 0.522140
v -0.188438 -0.040762 0.522140
v -0.188438 -0.040762 0.522140
v -0.189564 -0.043126 0.522140
v -0.189564 -0.043126 0.522140
v -0.189564 -0.043126 0.522140
v -0.189564 -0.043126 0.522140
v -0.189564 -0.043126 0.522140
v -0.189564 -0.043126 0.522140
v -0.198954 -0.044496 0.522140
v -0.189564 -0.043126 0.522140
v -0.198954 -0.044496 0.522140
v -0.196590 -0.045621 0.522140
v -0.189564 -0.043126 0.522140
v -0.196590 -0.045621 0.522140
v -0.191508 -0.044880 0.522140
v -0.191508 -0.044880 0.522140
v -0.196590 -0.045621 0.522140
v -0.193975 -0.045756 0.522140
v -0.166662 -0.025301 0.516690
v -0.169129 -0.026177 0.522140
v -0.169129 -0.026177 0.516690
v -0.166662 -0.025301 0.522140
v -0.164718 -0.023547 0.516690
v -0.164718 -0.023547 0.522140
v -0.163593 -0.021183 0.522140
v -0.163593 -0.021183 0.516690
v -0.163458 -0.018568 0.522140
v -0.163458 -0.018568 0.516690
v -0.164334 -0.016101 0.522140
v -0.164334 -0.016101 0.516690
v -0.166088 -0.014157 0.522140
v -0.166088 -0.014157 0.516690
v -0.168452 -0.013032 0.516690
v -0.168452 -0.013032 0.522140
v -0.171067 -0.012897 0.516690
v -0.171067 -0.012897 0.522140
v -0.173534 -0.013773 0.516690
v -0.173534 -0.013773 0.522140
v -0.175478 -0.015527 0.516690
v -0.175478 -0.015527 0.522140
v -0.176603 -0.017891 0.522140
v -0.176603 -0.017891 0.516690
v -0.176738 -0.020506 0.522140
v -0.176738 -0.020506 0.516690
v -0.175862 -0.022973 0.522140
v -0.175862 -0.022973 0.516690
v -0.174108 -0.024917 0.522140
v -0.174108 -0.024917 0.516690
v -0.171744 -0.026042 0.516690
v -0.171744 -0.026042 0.522140
v -0.170561 -0.014921 0.522140
v -0.171740 -0.015199 0.522140
v -0.172807 -0.015771 0.522140
v -0.170764 -0.014969 0.522140
v -0.173689 -0.016601 0.522140
v -0.174327 -0.017630 0.522140
v -0.174676 -0.018790 0.522140
v -0.174714 -0.020000 0.522140
v -0.174666 -0.020203 0.522140
v -0.174436 -0.021179 0.522140
v -0.173864 -0.022246 0.522140
v -0.173034 -0.023128 0.522140
v -0.172005 -0.023766 0.522140
v -0.170845 -0.024115 0.522140
v -0.169635 -0.024152 0.522140
v -0.169351 -0.014959 0.522140
v -0.168192 -0.015308 0.522140
v -0.167162 -0.015946 0.522140
v -0.166333 -0.016828 0.522140
v -0.165760 -0.017895 0.522140
v -0.165530 -0.018870 0.522140
v -0.165483 -0.019073 0.522140
v -0.165520 -0.020284 0.522140
v -0.165869 -0.021443 0.522140
v -0.166507 -0.022473 0.522140
v -0.167389 -0.023302 0.522140
v -0.168456 -0.023875 0.522140
v -0.169432 -0.024105 0.522140
v -0.166662 -0.025301 0.522140
v -0.166662 -0.025301 0.516690
v -0.166662 -0.025301 0.522140
v -0.164718 -0.023547 0.516690
v -0.164718 -0.023547 0.516690
v -0.164718 -0.023547 0.522140
v -0.163593 -0.021183 0.516690
v -0.163593 -0.021183 0.516690
v -0.163593 -0.021183 0.522140
v -0.163458 -0.018568 0.516690
v -0.163458 -0.018568 0.516690
v -0.163458 -0.018568 0.522140
v -0.164334 -0.016101 0.516690
v -0.164334 -0.016101 0.516690
v -0.164334 -0.016101 0.522140
v -0.166088 -0.014157 0.522140
v -0.166088 -0.014157 0.522140
v -0.166088 -0.014157 0.516690
v -0.168452 -0.013032 0.522140
v -0.168452 -0.013032 0.522140
v -0.168452 -0.013032 0.516690
v -0.171067 -0.012897 0.522140
v -0.171067 -0.012897 0.522140
v -0.171067 -0.012897 0.516690
v -0.173534 -0.013773 0.522140
v -0.173534 -0.013773 0.522140
v -0.173534 -0.013773 0.516690
v -0.175478 -0.015527 0.516690
v -0.175478 -0.015527 0.516690
v -0.175478 -0.015527 0.522140
v -0.176603 -0.017891 0.516690
v -0.176603 -0.017891 0.516690
v -0.176603 -0.017891 0.522140
v -0.176738 -0.020506 0.516690
v -0.176738 -0.020506 0.516690
v -0.176738 -0.020506 0.522140
v -0.175862 -0.022973 0.516690
v -0.175862 -0.022973 0.516690
v -0.175862 -0.022973 0.522140
v -0.174108 -0.024917 0.522140
v -0.174108 -0.024917 0.516690
v -0.174108 -0.024917 0.522140
v -0.169129 -0.026177 0.516690
v -0.171744 -0.026042 0.522140
v -0.171744 -0.026042 0.516690
v -0.171744 -0.026042 0.522140
v -0.169129 -0.026177 0.516690
v -0.169129 -0.026177 0.522140
v -0.173534 -0.013773 0.522140
v -0.168452 -0.013032 0.522140
v -0.171067 -0.012897 0.522140
v -0.168452 -0.013032 0.522140
v -0.173534 -0.013773 0.522140
v -0.175478 -0.015527 0.522140
v -0.168452 -0.013032 0.522140
v -0.175478 -0.015527 0.522140
v -0.166088 -0.014157 0.522140
v -0.166088 -0.014157 0.522140
v -0.175478 -0.015527 0.522140
v -0.175478 -0.015527 0.522140
v -0.175478 -0.015527 0.522140
v -0.175478 -0.015527 0.522140
v -0.176603 -0.017891 0.522140
v -0.176603 -0.017891 0.522140
v -0.176603 -0.017891 0.522140
v -0.176603 -0.017891 0.522140
v -0.176738 -0.020506 0.522140
v -0.176738 -0.020506 0.522140
v -0.176738 -0.020506 0.522140
v -0.176738 -0.020506 0.522140
v -0.176738 -0.020506 0.522140
v -0.175862 -0.022973 0.522140
v -0.175862 -0.022973 0.522140
v -0.175862 -0.022973 0.522140
v -0.175862 -0.022973 0.522140
v -0.175862 -0.022973 0.522140
v -0.174108 -0.024917 0.522140
v -0.174108 -0.024917 0.522140
v -0.174108 -0.024917 0.522140
v -0.174108 -0.024917 0.522140
v -0.166088 -0.014157 0.522140
v -0.164334 -0.016101 0.522140
v -0.166088 -0.014157 0.522140
v -0.164334 -0.016101 0.522140
v -0.164334 -0.016101 0.522140
v -0.164334 -0.016101 0.522140
v -0.164334 -0.016101 0.522140
v -0.163458 -0.018568 0.522140
v -0.163458 -0.018568 0.522140
v -0.163458 -0.018568 0.522140
v -0.163458 -0.018568 0.522140
v -0.163458 -0.018568 0.522140
v -0.163593 -0.021183 0.522140
v -0.163593 -0.021183 0.522140
v -0.163593 -0.021183 0.522140
v -0.163593 -0.021183 0.522140
v -0.163593 -0.021183 0.522140
v -0.164718 -0.023547 0.522140
v -0.164718 -0.023547 0.522140
v -0.164718 -0.023547 0.522140
v -0.164718 -0.023547 0.522140
v -0.164718 -0.023547 0.522140
v -0.164718 -0.023547 0.522140
v -0.174108 -0.024917 0.522140
v -0.164718 -0.023547 0.522140
v -0.174108 -0.024917 0.522140
v -0.171744 -0.026042 0.522140
v -0.164718 -0.023547 0.522140
v -0.171744 -0.026042 0.522140
v -0.166662 -0.025301 0.522140
v -0.166662 -0.025301 0.522140
v -0.171744 -0.026042 0.522140
v -0.169129 -0.026177 0.522140
v -0.142521 -0.006416 0.516690
v -0.144988 -0.007292 0.522140
v -0.144988 -0.007292 0.516690
v -0.142521 -0.006416 0.522140
v -0.140577 -0.004662 0.516690
v -0.140577 -0.004662 0.522140
v -0.139452 -0.002298 0.522140
v -0.139452 -0.002298 0.516690
v -0.139317 0.000317 0.522140
v -0.139317 0.000317 0.516690
v -0.140193 0.002784 0.522140
v -0.140193 0.002784 0.516690
v -0.141947 0.004729 0.522140
v -0.141947 0.004729 0.516690
v -0.144311 0.005854 0.516690
v -0.144311 0.005854 0.522140
v -0.146926 0.005988 0.516690
v -0.146926 0.005988 0.522140
v -0.149393 0.005112 0.516690
v -0.149393 0.005112 0.522140
v -0.151337 0.003359 0.516690
v -0.151337 0.003359 0.522140
v -0.152462 0.000995 0.522140
v -0.152462 0.000995 0.516690
v -0.152597 -0.001620 0.522140
v -0.152597 -0.001620 0.516690
v -0.151721 -0.004088 0.522140
v -0.151721 -0.004088 0.516690
v -0.149967 -0.006032 0.522140
v -0.149967 -0.006032 0.516690
v -0.147603 -0.007157 0.516690
v -0.147603 -0.007157 0.522140
v -0.146420 0.003964 0.522140
v -0.147599 0.003687 0.522140
v -0.148666 0.003114 0.522140
v -0.146623 0.003916 0.522140
v -0.149548 0.002284 0.522140
v -0.150186 0.001255 0.522140
v -0.150535 0.000095 0.522140
v -0.150573 -0.001115 0.522140
v -0.150525 -0.001318 0.522140
v -0.150295 -0.002294 0.522140
v -0.149723 -0.003361 0.522140
v -0.148893 -0.004243 0.522140
v -0.147864 -0.004880 0.522140
v -0.146704 -0.005230 0.522140
v -0.145494 -0.005267 0.522140
v -0.145210 0.003927 0.522140
v -0.144051 0.003577 0.522140
v -0.143021 0.002940 0.522140
v -0.142192 0.002057 0.522140
v -0.141619 0.000991 0.522140
v -0.141389 0.000015 0.522140
v -0.141342 -0.000188 0.522140
v -0.141379 -0.001399 0.522140
v -0.141728 -0.002558 0.522140
v -0.142366 -0.003588 0.522140
v -0.143248 -0.004417 0.522140
v -0.144315 -0.004990 0.522140
v -0.145291 -0.005219 0.522140
v -0.142521 -0.006416 0.522140
v -0.142521 -0.006416 0.516690
v -0.142521 -0.006416 0.522140
v -0.140577 -0.004662 0.516690
v -0.140577 -0.004662 0.516690
v -0.140577 -0.004662 0.522140
v -0.139452 -0.002298 0.516690
v -0.139452 -0.002298 0.516690
v -0.139452 -0.002298 0.522140
v -0.139317 0.000317 0.516690
v -0.139317 0.000317 0.516690
v -0.139317 0.000317 0.522140
v -0.140193 0.002784 0.516690
v -0.140193 0.002784 0.516690
v -0.140193 0.002784 0.522140
v -0.141947 0.004729 0.522140
v -0.141947 0.004729 0.522140
v -0.141947 0.004729 0.516690
v -0.144311 0.005854 0.522140
v -0.144311 0.005854 0.522140
v -0.144311 0.005854 0.516690
v -0.146926 0.005988 0.522140
v -0.146926 0.005988 0.522140
v -0.146926 0.005988 0.516690
v -0.149393 0.005112 0.522140
v -0.149393 0.005112 0.522140
v -0.149393 0.005112 0.516690
v -0.151337 0.003359 0.516690
v -0.151337 0.003359 0.516690
v -0.151337 0.003359 0.522140
v -0.152462 0.000995 0.516690
v -0.152462 0.000995 0.516690
v -0.152462 0.000995 0.522140
v -0.152597 -0.001620 0.516690
v -0.152597 -0.001620 0.516690
v -0.152597 -0.001620 0.522140
v -0.151721 -0.004088 0.516690
v -0.151721 -0.004088 0.516690
v -0.151721 -0.004088 0.522140
v -0.149967 -0.006032 0.522140
v -0.149967 -0.006032 0.516690
v -0.149967 -0.006032 0.522140
v -0.144988 -0.007292 0.516690
v -0.147603 -0.007157 0.522140
v -0.147603 -0.007157 0.516690
v -0.147603 -0.007157 0.522140
v -0.144988 -0.007292 0.516690
v -0.144988 -0.007292 0.522140
v -0.149393 0.005112 0.522140
v -0.144311 0.005854 0.522140
v -0.146926 0.005988 0.522140
v -0.144311 0.005854 0.522140
v -0.149393 0.005112 0.522140
v -0.151337 0.003359 0.522140
v -0.144311 0.005854 0.522140
v -0.151337 0.003359 0.522140
v -0.141947 0.004729 0.522140
v -0.141947 0.004729 0.522140
v -0.151337 0.003359 0.522140
v -0.151337 0.003359 0.522140
v -0.151337 0.003359 0.522140
v -0.151337 0.003359 0.522140
v -0.152462 0.000995 0.522140
v -0.152462 0.000995 0.522140
v -0.152462 0.000995 0.522140
v -0.152462 0.000995 0.522140
v -0.152597 -0.001620 0.522140
v -0.152597 -0.001620 0.522140
v -0.152597 -0.001620 0.522140
v -0.152597 -0.001620 0.522140
v -0.152597 -0.001620 0.522140
v -0.151721 -0.004088 0.522140
v -0.151721 -0.004088 0.522140
v -0.151721 -0.004088 0.522140
v -0.151721 -0.004088 0.522140
v -0.151721 -0.004088 0.522140
v -0.149967 -0.006032 0.522140
v -0.149967 -0.006032 0.522140
v -0.149967 -0.006032 0.522140
v -0.149967 -0.006032 0.522140
v -0.141947 0.004729 0.522140
v -0.140193 0.002784 0.522140
v -0.141947 0.004729 0.522140
v -0.140193 0.002784 0.522140
v -0.140193 0.002784 0.522140
v -0.140193 0.002784 0.522140
v -0.140193 0.002784 0.522140
v -0.139317 0.000317 0.522140
v -0.139317 0.000317 0.522140
v -0.139317 0.000317 0.522140
v -0.139317 0.000317 0.522140
v -0.139317 0.000317 0.522140
v -0.139452 -0.002298 0.522140
v -0.139452 -0.002298 0.522140
v -0.139452 -0.002298 0.522140
v -0.139452 -0.002298 0.522140
v -0.139452 -0.002298 0.522140
v -0.140577 -0.004662 0.522140
v -0.140577 -0.004662 0.522140
v -0.140577 -0.004662 0.522140
v -0.140577 -0.004662 0.522140
v -0.140577 -0.004662 0.522140
v -0.140577 -0.004662 0.522140
v -0.149967 -0.006032 0.522140
v -0.140577 -0.004662 0.522140
v -0.149967 -0.006032 0.522140
v -0.147603 -0.007157 0.522140
v -0.140577 -0.004662 0.522140
v -0.147603 -0.007157 0.522140
v -0.142521 -0.006416 0.522140
v -0.142521 -0.006416 0.522140
v -0.147603 -0.007157 0.522140
v -0.144988 -0.007292 0.522140
v -0.154443 -0.016532 0.516690
v -0.156911 -0.017408 0.522140
v -0.156911 -0.017408 0.516690
v -0.154443 -0.016532 0.522140
v -0.152499 -0.014778 0.516690
v -0.152499 -0.014778 0.522140
v -0.151374 -0.012414 0.522140
v -0.151374 -0.012414 0.516690
v -0.151239 -0.009799 0.522140
v -0.151239 -0.009799 0.516690
v -0.152115 -0.007332 0.522140
v -0.152115 -0.007332 0.516690
v -0.153869 -0.005388 0.522140
v -0.153869 -0.005388 0.516690
v -0.156233 -0.004263 0.516690
v -0.156233 -0.004263 0.522140
v -0.158848 -0.004128 0.516690
v -0.158848 -0.004128 0.522140
v -0.161315 -0.005004 0.516690
v -0.161315 -0.005004 0.522140
v -0.163260 -0.006758 0.516690
v -0.163260 -0.006758 0.522140
v -0.164385 -0.009122 0.522140
v -0.164385 -0.009122 0.516690
v -0.164519 -0.011737 0.522140
v -0.164519 -0.011737 0.516690
v -0.163643 -0.014204 0.522140
v -0.163643 -0.014204 0.516690
v -0.161890 -0.016148 0.522140
v -0.161890 -0.016148 0.516690
v -0.159526 -0.017273 0.516690
v -0.159526 -0.017273 0.522140
v -0.158343 -0.006152 0.522140
v -0.159522 -0.006430 0.522140
v -0.160588 -0.007002 0.522140
v -0.158546 -0.006200 0.522140
v -0.161471 -0.007832 0.522140
v -0.162108 -0.008861 0.522140
v -0.162458 -0.010021 0.522140
v -0.162495 -0.011231 0.522140
v -0.162447 -0.011434 0.522140
v -0.162218 -0.012410 0.522140
v -0.161645 -0.013477 0.522140
v -0.160815 -0.014359 0.522140
v -0.159786 -0.014997 0.522140
v -0.158626 -0.015346 0.522140
v -0.157416 -0.015383 0.522140
v -0.157132 -0.006190 0.522140
v -0.155973 -0.006539 0.522140
v -0.154943 -0.007177 0.522140
v -0.154114 -0.008059 0.522140
v -0.153541 -0.009126 0.522140
v -0.153312 -0.010102 0.522140
v -0.153264 -0.010305 0.522140
v -0.153301 -0.011515 0.522140
v -0.153651 -0.012674 0.522140
v -0.154288 -0.013704 0.522140
v -0.155170 -0.014533 0.522140
v -0.156237 -0.015106 0.522140
v -0.157213 -0.015336 0.522140
v -0.154443 -0.016532 0.522140
v -0.154443 -0.016532 0.516690
v -0.154443 -0.016532 0.522140
v -0.152499 -0.014778 0.516690
v -0.152499 -0.014778 0.516690
v -0.152499 -0.014778 0.522140
v -0.151374 -0.012414 0.516690
v -0.151374 -0.012414 0.516690
v -0.151374 -0.012414 0.522140
v -0.151239 -0.009799 0.516690
v -0.151239 -0.009799 0.516690
v -0.151239 -0.009799 0.522140
v -0.152115 -0.007332 0.516690
v -0.152115 -0.007332 0.516690
v -0.152115 -0.007332 0.522140
v -0.153869 -0.005388 0.522140
v -0.153869 -0.005388 0.522140
v -0.153869 -0.005388 0.516690
v -0.156233 -0.004263 0.522140
v -0.156233 -0.004263 0.522140
v -0.156233 -0.004263 0.516690
v -0.158848 -0.004128 0.522140
v -0.158848 -0.004128 0.522140
v -0.158848 -0.004128 0.516690
v -0.161315 -0.005004 0.522140
v -0.161315 -0.005004 0.522140
v -0.161315 -0.005004 0.516690
v -0.163260 -0.006758 0.516690
v -0.163260 -0.006758 0.516690
v -0.163260 -0.006758 0.522140
v -0.164385 -0.009122 0.516690
v -0.164385 -0.009122 0.516690
v -0.164385 -0.009122 0.522140
v -0.164519 -0.011737 0.516690
v -0.164519 -0.011737 0.516690
v -0.164519 -0.011737 0.522140
v -0.163643 -0.014204 0.516690
v -0.163643 -0.014204 0.516690
v -0.163643 -0.014204 0.522140
v -0.161890 -0.016148 0.522140
v -0.161890 -0.016148 0.516690
v -0.161890 -0.016148 0.522140
v -0.156911 -0.017408 0.516690
v -0.159526 -0.017273 0.522140
v -0.159526 -0.017273 0.516690
v -0.159526 -0.017273 0.522140
v -0.156911 -0.017408 0.516690
v -0.156911 -0.017408 0.522140
v -0.161315 -0.005004 0.522140
v -0.156233 -0.004263 0.522140
v -0.158848 -0.004128 0.522140
v -0.156233 -0.004263 0.522140
v -0.161315 -0.005004 0.522140
v -0.163260 -0.006758 0.522140
v -0.156233 -0.004263 0.522140
v -0.163260 -0.006758 0.522140
v -0.153869 -0.005388 0.522140
v -0.153869 -0.005388 0.522140
v -0.163260 -0.006758 0.522140
v -0.163260 -0.006758 0.522140
v -0.163260 -0.006758 0.522140
v -0.163260 -0.006758 0.522140
v -0.164385 -0.009122 0.522140
v -0.164385 -0.009122 0.522140
v -0.164385 -0.009122 0.522140
v -0.164385 -0.009122 0.522140
v -0.164519 -0.011737 0.522140
v -0.164519 -0.011737 0.522140
v -0.164519 -0.011737 0.522140
v -0.164519 -0.011737 0.522140
v -0.164519 -0.011737 0.522140
v -0.163643 -0.014204 0.522140
v -0.163643 -0.014204 0.522140
v -0.163643 -0.014204 0.522140
v -0.163643 -0.014204 0.522140
v -0.163643 -0.014204 0.522140
v -0.161890 -0.016148 0.522140
v -0.161890 -0.016148 0.522140
v -0.161890 -0.016148 0.522140
v -0.161890 -0.016148 0.522140
v -0.153869 -0.005388 0.522140
v -0.152115 -0.007332 0.522140
v -0.153869 -0.005388 0.522140
v -0.152115 -0.007332 0.522140
v -0.152115 -0.007332 0.522140
v -0.152115 -0.007332 0.522140
v -0.152115 -0.007332 0.522140
v -0.151239 -0.009799 0.522140
v -0.151239 -0.009799 0.522140
v -0.151239 -0.009799 0.522140
v -0.151239 -0.009799 0.522140
v -0.151239 -0.009799 0.522140
v -0.151374 -0.012414 0.522140
v -0.151374 -0.012414 0.522140
v -0.151374 -0.012414 0.522140
v -0.151374 -0.012414 0.522140
v -0.151374 -0.012414 0.522140
v -0.152499 -0.014778 0.522140
v -0.152499 -0.014778 0.522140
v -0.152499 -0.014778 0.522140
v -0.152499 -0.014778 0.522140
v -0.152499 -0.014778 0.522140
v -0.152499 -0.014778 0.522140
v -0.161890 -0.016148 0.522140
v -0.152499 -0.014778 0.522140
v -0.161890 -0.016148 0.522140
v -0.159526 -0.017273 0.522140
v -0.152499 -0.014778 0.522140
v -0.159526 -0.017273 0.522140
v -0.154443 -0.016532 0.522140
v -0.154443 -0.016532 0.522140
v -0.159526 -0.017273 0.522140
v -0.156911 -0.017408 0.522140
v -0.179193 -0.034276 0.516690
v -0.181660 -0.035153 0.522140
v -0.181660 -0.035153 0.516690
v -0.179193 -0.034276 0.522140
v -0.177249 -0.032523 0.516690
v -0.177249 -0.032523 0.522140
v -0.176124 -0.030159 0.522140
v -0.176124 -0.030159 0.516690
v -0.175989 -0.027544 0.522140
v -0.175989 -0.027544 0.516690
v -0.176865 -0.025077 0.522140
v -0.176865 -0.025077 0.516690
v -0.178619 -0.023132 0.522140
v -0.178619 -0.023132 0.516690
v -0.180983 -0.022007 0.516690
v -0.180983 -0.022007 0.522140
v -0.183598 -0.021872 0.516690
v -0.183598 -0.021872 0.522140
v -0.186065 -0.022749 0.516690
v -0.186065 -0.022749 0.522140
v -0.188009 -0.024502 0.516690
v -0.188009 -0.024502 0.522140
v -0.189134 -0.026866 0.522140
v -0.189134 -0.026866 0.516690
v -0.189269 -0.029481 0.522140
v -0.189269 -0.029481 0.516690
v -0.188393 -0.031949 0.522140
v -0.188393 -0.031949 0.516690
v -0.186639 -0.033893 0.522140
v -0.186639 -0.033893 0.516690
v -0.184275 -0.035018 0.516690
v -0.184275 -0.035018 0.522140
v -0.183093 -0.023897 0.522140
v -0.184271 -0.024174 0.522140
v -0.185338 -0.024747 0.522140
v -0.183296 -0.023945 0.522140
v -0.186220 -0.025577 0.522140
v -0.186858 -0.026606 0.522140
v -0.187207 -0.027766 0.522140
v -0.187245 -0.028976 0.522140
v -0.187197 -0.029179 0.522140
v -0.186967 -0.030155 0.522140
v -0.186395 -0.031222 0.522140
v -0.185565 -0.032104 0.522140
v -0.184536 -0.032741 0.522140
v -0.183376 -0.033091 0.522140
v -0.182166 -0.033128 0.522140
v -0.181882 -0.023934 0.522140
v -0.180723 -0.024284 0.522140
v -0.179693 -0.024921 0.522140
v -0.178864 -0.025804 0.522140
v -0.178291 -0.026870 0.522140
v -0.178061 -0.027846 0.522140
v -0.178014 -0.028049 0.522140
v -0.178051 -0.029260 0.522140
v -0.178400 -0.030419 0.522140
v -0.179038 -0.031449 0.522140
v -0.179920 -0.032278 0.522140
v -0.180987 -0.032851 0.522140
v -0.181963 -0.033080 0.522140
v -0.179193 -0.034276 0.522140
v -0.179193 -0.034276 0.516690
v -0.179193 -0.034276 0.522140
v -0.177249 -0.032523 0.516690
v -0.177249 -0.032523 0.516690
v -0.177249 -0.032523 0.522140
v -0.176124 -0.030159 0.516690
v -0.176124 -0.030159 0.516690
v -0.176124 -0.030159 0.522140
v -0.175989 -0.027544 0.516690
v -0.175989 -0.027544 0.516690
v -0.175989 -0.027544 0.522140
v -0.176865 -0.025077 0.516690
v -0.176865 -0.025077 0.516690
v -0.176865 -0.025077 0.522140
v -0.178619 -0.023132 0.522140
v -0.178619 -0.023132 0.522140
v -0.178619 -0.023132 0.516690
v -0.180983 -0.022007 0.522140
v -0.180983 -0.022007 0.522140
v -0.180983 -0.022007 0.516690
v -0.183598 -0.021872 0.522140
v -0.183598 -0.021872 0.522140
v -0.183598 -0.021872 0.516690
v -0.186065 -0.022749 0.522140
v -0.186065 -0.022749 0.522140
v -0.186065 -0.022749 0.516690
v -0.188009 -0.024502 0.516690
v -0.188009 -0.024502 0.516690
v -0.188009 -0.024502 0.522140
v -0.189134 -0.026866 0.516690
v -0.189134 -0.026866 0.516690
v -0.189134 -0.026866 0.522140
v -0.189269 -0.029481 0.516690
v -0.189269 -0.029481 0.516690
v -0.189269 -0.029481 0.522140
v -0.188393 -0.031949 0.516690
v -0.188393 -0.031949 0.516690
v -0.188393 -0.031949 0.522140
v -0.186639 -0.033893 0.522140
v -0.186639 -0.033893 0.516690
v -0.186639 -0.033893 0.522140
v -0.181660 -0.035153 0.516690
v -0.184275 -0.035018 0.522140
v -0.184275 -0.035018 0.516690
v -0.184275 -0.035018 0.522140
v -0.181660 -0.035153 0.516690
v -0.181660 -0.035153 0.522140
v -0.186065 -0.022749 0.522140
v -0.180983 -0.022007 0.522140
v -0.183598 -0.021872 0.522140
v -0.180983 -0.022007 0.522140
v -0.186065 -0.022749 0.522140
v -0.188009 -0.024502 0.522140
v -0.180983 -0.022007 0.522140
v -0.188009 -0.024502 0.522140
v -0.178619 -0.023132 0.522140
v -0.178619 -0.023132 0.522140
v -0.188009 -0.024502 0.522140
v -0.188009 -0.024502 0.522140
v -0.188009 -0.024502 0.522140
v -0.188009 -0.024502 0.522140
v -0.189134 -0.026866 0.522140
v -0.189134 -0.026866 0.522140
v -0.189134 -0.026866 0.522140
v -0.189134 -0.026866 0.522140
v -0.189269 -0.029481 0.522140
v -0.189269 -0.029481 0.522140
v -0.189269 -0.029481 0.522140
v -0.189269 -0.029481 0.522140
v -0.189269 -0.029481 0.522140
v -0.188393 -0.031949 0.522140
v -0.188393 -0.031949 0.522140
v -0.188393 -0.031949 0.522140
v -0.188393 -0.031949 0.522140
v -0.188393 -0.031949 0.522140
v -0.186639 -0.033893 0.522140
v -0.186639 -0.033893 0.522140
v -0.186639 -0.033893 0.522140
v -0.186639 -0.033893 0.522140
v -0.178619 -0.023132 0.522140
v -0.176865 -0.025077 0.522140
v -0.178619 -0.023132 0.522140
v -0.176865 -0.025077 0.522140
v -0.176865 -0.025077 0.522140
v -0.176865 -0.025077 0.522140
v -0.176865 -0.025077 0.522140
v -0.175989 -0.027544 0.522140
v -0.175989 -0.027544 0.522140
v -0.175989 -0.027544 0.522140
v -0.175989 -0.027544 0.522140
v -0.175989 -0.027544 0.522140
v -0.176124 -0.030159 0.522140
v -0.176124 -0.030159 0.522140
v -0.176124 -0.030159 0.522140
v -0.176124 -0.030159 0.522140
v -0.176124 -0.030159 0.522140
v -0.177249 -0.032523 0.522140
v -0.177249 -0.032523 0.522140
v -0.177249 -0.032523 0.522140
v -0.177249 -0.032523 0.522140
v -0.177249 -0.032523 0.522140
v -0.177249 -0.032523 0.522140
v -0.186639 -0.033893 0.522140
v -0.177249 -0.032523 0.522140
v -0.186639 -0.033893 0.522140
v -0.184275 -0.035018 0.522140
v -0.177249 -0.032523 0.522140
v -0.184275 -0.035018 0.522140
v -0.179193 -0.034276 0.522140
v -0.179193 -0.034276 0.522140
v -0.184275 -0.035018 0.522140
v -0.181660 -0.035153 0.522140
v -0.382236 -0.058873 0.519853
v -0.379657 -0.059567 0.525226
v -0.379657 -0.059567 0.519853
v -0.382236 -0.058873 0.525226
v -0.384884 -0.059220 0.519853
v -0.384884 -0.059220 0.525226
v -0.387198 -0.060553 0.525226
v -0.387198 -0.060553 0.519853
v -0.388826 -0.062670 0.525226
v -0.388826 -0.062670 0.519853
v -0.389519 -0.065249 0.525226
v -0.389519 -0.065249 0.519853
v -0.389173 -0.067897 0.525226
v -0.389173 -0.067897 0.519853
v -0.387839 -0.070211 0.519853
v -0.387839 -0.070211 0.525226
v -0.385722 -0.071839 0.519853
v -0.385722 -0.071839 0.525226
v -0.383143 -0.072532 0.519853
v -0.383143 -0.072532 0.525226
v -0.380495 -0.072186 0.519853
v -0.380495 -0.072186 0.525226
v -0.378181 -0.070853 0.525226
v -0.378181 -0.070853 0.519853
v -0.376554 -0.068736 0.525226
v -0.376554 -0.068736 0.519853
v -0.375860 -0.066157 0.525226
v -0.375860 -0.066157 0.519853
v -0.376206 -0.063508 0.525226
v -0.376206 -0.063508 0.519853
v -0.377540 -0.061195 0.519853
v -0.377540 -0.061195 0.525226
v -0.384974 -0.069846 0.525226
v -0.383823 -0.070296 0.525226
v -0.382596 -0.070433 0.525226
v -0.384776 -0.069924 0.525226
v -0.381375 -0.070248 0.525226
v -0.380243 -0.069753 0.525226
v -0.379278 -0.068982 0.525226
v -0.378546 -0.067987 0.525226
v -0.378468 -0.067789 0.525226
v -0.378096 -0.066837 0.525226
v -0.377959 -0.065609 0.525226
v -0.378144 -0.064388 0.525226
v -0.378640 -0.063257 0.525226
v -0.379411 -0.062292 0.525226
v -0.380405 -0.061559 0.525226
v -0.385968 -0.069114 0.525226
v -0.386739 -0.068149 0.525226
v -0.387235 -0.067018 0.525226
v -0.387420 -0.065796 0.525226
v -0.387283 -0.064569 0.525226
v -0.386911 -0.063617 0.525226
v -0.386833 -0.063419 0.525226
v -0.386101 -0.062424 0.525226
v -0.385136 -0.061653 0.525226
v -0.384004 -0.061158 0.525226
v -0.382783 -0.060972 0.525226
v -0.381556 -0.061109 0.525226
v -0.380603 -0.061482 0.525226
v -0.382236 -0.058873 0.525226
v -0.382236 -0.058873 0.519853
v -0.382236 -0.058873 0.525226
v -0.384884 -0.059220 0.519853
v -0.384884 -0.059220 0.519853
v -0.384884 -0.059220 0.525226
v -0.387198 -0.060553 0.519853
v -0.387198 -0.060553 0.519853
v -0.387198 -0.060553 0.525226
v -0.388826 -0.062670 0.519853
v -0.388826 -0.062670 0.519853
v -0.388826 -0.062670 0.525226
v -0.389519 -0.065249 0.519853
v -0.389519 -0.065249 0.519853
v -0.389519 -0.065249 0.525226
v -0.389173 -0.067897 0.525226
v -0.389173 -0.067897 0.525226
v -0.389173 -0.067897 0.519853
v -0.387839 -0.070211 0.525226
v -0.387839 -0.070211 0.525226
v -0.387839 -0.070211 0.519853
v -0.385722 -0.071839 0.525226
v -0.385722 -0.071839 0.525226
v -0.385722 -0.071839 0.519853
v -0.383143 -0.072532 0.525226
v -0.383143 -0.072532 0.525226
v -0.383143 -0.072532 0.519853
v -0.380495 -0.072186 0.519853
v -0.380495 -0.072186 0.519853
v -0.380495 -0.072186 0.525226
v -0.378181 -0.070853 0.519853
v -0.378181 -0.070853 0.519853
v -0.378181 -0.070853 0.525226
v -0.376554 -0.068736 0.519853
v -0.376554 -0.068736 0.519853
v -0.376554 -0.068736 0.525226
v -0.375860 -0.066157 0.519853
v -0.375860 -0.066157 0.519853
v -0.375860 -0.066157 0.525226
v -0.376206 -0.063508 0.525226
v -0.376206 -0.063508 0.519853
v -0.376206 -0.063508 0.525226
v -0.379657 -0.059567 0.519853
v -0.377540 -0.061195 0.525226
v -0.377540 -0.061195 0.519853
v -0.377540 -0.061195 0.525226
v -0.379657 -0.059567 0.519853
v -0.379657 -0.059567 0.525226
v -0.383143 -0.072532 0.525226
v -0.387839 -0.070211 0.525226
v -0.385722 -0.071839 0.525226
v -0.387839 -0.070211 0.525226
v -0.383143 -0.072532 0.525226
v -0.380495 -0.072186 0.525226
v -0.387839 -0.070211 0.525226
v -0.380495 -0.072186 0.525226
v -0.389173 -0.067897 0.525226
v -0.389173 -0.067897 0.525226
v -0.380495 -0.072186 0.525226
v -0.380495 -0.072186 0.525226
v -0.380495 -0.072186 0.525226
v -0.380495 -0.072186 0.525226
v -0.378181 -0.070853 0.525226
v -0.378181 -0.070853 0.525226
v -0.378181 -0.070853 0.525226
v -0.378181 -0.070853 0.525226
v -0.376554 -0.068736 0.525226
v -0.376554 -0.068736 0.525226
v -0.376554 -0.068736 0.525226
v -0.376554 -0.068736 0.525226
v -0.376554 -0.068736 0.525226
v -0.375860 -0.066157 0.525226
v -0.375860 -0.066157 0.525226
v -0.375860 -0.066157 0.525226
v -0.375860 -0.066157 0.525226
v -0.375860 -0.066157 0.525226
v -0.376206 -0.063508 0.525226
v -0.376206 -0.063508 0.525226
v -0.376206 -0.063508 0.525226
v -0.376206 -0.063508 0.525226
v -0.389173 -0.067897 0.525226
v -0.389519 -0.065249 0.525226
v -0.389173 -0.067897 0.525226
v -0.389519 -0.065249 0.525226
v -0.389519 -0.065249 0.525226
v -0.389519 -0.065249 0.525226
v -0.389519 -0.065249 0.525226
v -0.388826 -0.062670 0.525226
v -0.388826 -0.062670 0.525226
v -0.388826 -0.062670 0.525226
v -0.388826 -0.062670 0.525226
v -0.388826 -0.062670 0.525226
v -0.387198 -0.060553 0.525226
v -0.387198 -0.060553 0.525226
v -0.387198 -0.060553 0.525226
v -0.387198 -0.060553 0.525226
v -0.387198 -0.060553 0.525226
v -0.384884 -0.059220 0.525226
v -0.384884 -0.059220 0.525226
v -0.384884 -0.059220 0.525226
v -0.384884 -0.059220 0.525226
v -0.384884 -0.059220 0.525226
v -0.384884 -0.059220 0.525226
v -0.376206 -0.063508 0.525226
v -0.384884 -0.059220 0.525226
v -0.376206 -0.063508 0.525226
v -0.377540 -0.061195 0.525226
v -0.384884 -0.059220 0.525226
v -0.377540 -0.061195 0.525226
v -0.382236 -0.058873 0.525226
v -0.382236 -0.058873 0.525226
v -0.377540 -0.061195 0.525226
v -0.379657 -0.059567 0.525226
v -0.402333 -0.177315 0.516276
v -0.399754 -0.178009 0.521648
v -0.399754 -0.178009 0.516276
v -0.402333 -0.177315 0.521648
v -0.404981 -0.177662 0.516276
v -0.404981 -0.177662 0.521648
v -0.407295 -0.178995 0.521648
v -0.407295 -0.178995 0.516276
v -0.408923 -0.181112 0.521648
v -0.408923 -0.181112 0.516276
v -0.409616 -0.183691 0.521648
v -0.409616 -0.183691 0.516276
v -0.409270 -0.186339 0.521648
v -0.409270 -0.186339 0.516276
v -0.407937 -0.188653 0.516276
v -0.407937 -0.188653 0.521648
v -0.405820 -0.190281 0.516276
v -0.405820 -0.190281 0.521648
v -0.403241 -0.190974 0.516276
v -0.403241 -0.190974 0.521648
v -0.400592 -0.190628 0.516276
v -0.400592 -0.190628 0.521648
v -0.398279 -0.189295 0.521648
v -0.398279 -0.189295 0.516276
v -0.396651 -0.187178 0.521648
v -0.396651 -0.187178 0.516276
v -0.395957 -0.184599 0.521648
v -0.395957 -0.184599 0.516276
v -0.396304 -0.181950 0.521648
v -0.396304 -0.181950 0.516276
v -0.397637 -0.179636 0.516276
v -0.397637 -0.179636 0.521648
v -0.405071 -0.188288 0.521648
v -0.403921 -0.188738 0.521648
v -0.402693 -0.188875 0.521648
v -0.404873 -0.188366 0.521648
v -0.401472 -0.188690 0.521648
v -0.400341 -0.188195 0.521648
v -0.399376 -0.187424 0.521648
v -0.398643 -0.186429 0.521648
v -0.398566 -0.186231 0.521648
v -0.398193 -0.185279 0.521648
v -0.398056 -0.184051 0.521648
v -0.398242 -0.182830 0.521648
v -0.398737 -0.181699 0.521648
v -0.399508 -0.180734 0.521648
v -0.400503 -0.180001 0.521648
v -0.406066 -0.187556 0.521648
v -0.406837 -0.186591 0.521648
v -0.407332 -0.185460 0.521648
v -0.407517 -0.184238 0.521648
v -0.407380 -0.183011 0.521648
v -0.407008 -0.182059 0.521648
v -0.406930 -0.181861 0.521648
v -0.406198 -0.180866 0.521648
v -0.405233 -0.180095 0.521648
v -0.404102 -0.179600 0.521648
v -0.402880 -0.179414 0.521648
v -0.401653 -0.179551 0.521648
v -0.400701 -0.179924 0.521648
v -0.402333 -0.177315 0.521648
v -0.402333 -0.177315 0.516276
v -0.402333 -0.177315 0.521648
v -0.404981 -0.177662 0.516276
v -0.404981 -0.177662 0.516276
v -0.404981 -0.177662 0.521648
v -0.407295 -0.178995 0.516276
v -0.407295 -0.178995 0.516276
v -0.407295 -0.178995 0.521648
v -0.408923 -0.181112 0.516276
v -0.408923 -0.181112 0.516276
v -0.408923 -0.181112 0.521648
v -0.409616 -0.183691 0.516276
v -0.409616 -0.183691 0.516276
v -0.409616 -0.183691 0.521648
v -0.409270 -0.186339 0.521648
v -0.409270 -0.186339 0.521648
v -0.409270 -0.186339 0.516276
v -0.407937 -0.188653 0.521648
v -0.407937 -0.188653 0.521648
v -0.407937 -0.188653 0.516276
v -0.405820 -0.190281 0.521648
v -0.405820 -0.190281 0.521648
v -0.405820 -0.190281 0.516276
v -0.403241 -0.190974 0.521648
v -0.403241 -0.190974 0.521648
v -0.403241 -0.190974 0.516276
v -0.400592 -0.190628 0.516276
v -0.400592 -0.190628 0.516276
v -0.400592 -0.190628 0.521648
v -0.398279 -0.189295 0.516276
v -0.398279 -0.189295 0.516276
v -0.398279 -0.189295 0.521648
v -0.396651 -0.187178 0.516276
v -0.396651 -0.187178 0.516276
v -0.396651 -0.187178 0.521648
v -0.395957 -0.184599 0.516276
v -0.395957 -0.184599 0.516276
v -0.395957 -0.184599 0.521648
v -0.396304 -0.181950 0.521648
v -0.396304 -0.181950 0.516276
v -0.396304 -0.181950 0.521648
v -0.399754 -0.178009 0.516276
v -0.397637 -0.179636 0.521648
v -0.397637 -0.179636 0.516276
v -0.397637 -0.179636 0.521648
v -0.399754 -0.178009 0.516276
v -0.399754 -0.178009 0.521648
v -0.403241 -0.190974 0.521648
v -0.407937 -0.188653 0.521648
v -0.405820 -0.190281 0.521648
v -0.407937 -0.188653 0.521648
v -0.403241 -0.190974 0.521648
v -0.400592 -0.190628 0.521648
v -0.407937 -0.188653 0.521648
v -0.400592 -0.190628 0.521648
v -0.409270 -0.186339 0.521648
v -0.409270 -0.186339 0.521648
v -0.400592 -0.190628 0.521648
v -0.400592 -0.190628 0.521648
v -0.400592 -0.190628 0.521648
v -0.400592 -0.190628 0.521648
v -0.398279 -0.189295 0.521648
v -0.398279 -0.189295 0.521648
v -0.398279 -0.189295 0.521648
v -0.398279 -0.189295 0.521648
v -0.396651 -0.187178 0.521648
v -0.396651 -0.187178 0.521648
v -0.396651 -0.187178 0.521648
v -0.396651 -0.187178 0.521648
v -0.396651 -0.187178 0.521648
v -0.395957 -0.184599 0.521648
v -0.395957 -0.184599 0.521648
v -0.395957 -0.184599 0.521648
v -0.395957 -0.184599 0.521648
v -0.395957 -0.184599 0.521648
v -0.396304 -0.181950 0.521648
v -0.396304 -0.181950 0.521648
v -0.396304 -0.181950 0.521648
v -0.396304 -0.181950 0.521648
v -0.409270 -0.186339 0.521648
v -0.409616 -0.183691 0.521648
v -0.409270 -0.186339 0.521648
v -0.409616 -0.183691 0.521648
v -0.409616 -0.183691 0.521648
v -0.409616 -0.183691 0.521648
v -0.409616 -0.183691 0.521648
v -0.408923 -0.181112 0.521648
v -0.408923 -0.181112 0.521648
v -0.408923 -0.181112 0.521648
v -0.408923 -0.181112 0.521648
v -0.408923 -0.181112 0.521648
v -0.407295 -0.178995 0.521648
v -0.407295 -0.178995 0.521648
v -0.407295 -0.178995 0.521648
v -0.407295 -0.178995 0.521648
v -0.407295 -0.178995 0.521648
v -0.404981 -0.177662 0.521648
v -0.404981 -0.177662 0.521648
v -0.404981 -0.177662 0.521648
v -0.404981 -0.177662 0.521648
v -0.404981 -0.177662 0.521648
v -0.404981 -0.177662 0.521648
v -0.396304 -0.181950 0.521648
v -0.404981 -0.177662 0.521648
v -0.396304 -0.181950 0.521648
v -0.397637 -0.179636 0.521648
v -0.404981 -0.177662 0.521648
v -0.397637 -0.179636 0.521648
v -0.402333 -0.177315 0.521648
v -0.402333 -0.177315 0.521648
v -0.397637 -0.179636 0.521648
v -0.399754 -0.178009 0.521648
v -0.205974 -0.122672 0.516768
v -0.205240 -0.120104 0.522140
v -0.205240 -0.120104 0.516768
v -0.205974 -0.122672 0.522140
v -0.205669 -0.125325 0.516768
v -0.205669 -0.125325 0.522140
v -0.204372 -0.127660 0.522140
v -0.204372 -0.127660 0.516768
v -0.202281 -0.129321 0.522140
v -0.202281 -0.129321 0.516768
v -0.199713 -0.130055 0.522140
v -0.199713 -0.130055 0.516768
v -0.197060 -0.129750 0.522140
v -0.197060 -0.129750 0.516768
v -0.194725 -0.128453 0.516768
v -0.194725 -0.128453 0.522140
v -0.193064 -0.126362 0.516768
v -0.193064 -0.126362 0.522140
v -0.192331 -0.123794 0.516768
v -0.192331 -0.123794 0.522140
v -0.192635 -0.121141 0.516768
v -0.192635 -0.121141 0.522140
v -0.193932 -0.118806 0.522140
v -0.193932 -0.118806 0.516768
v -0.196023 -0.117145 0.522140
v -0.196023 -0.117145 0.516768
v -0.198591 -0.116412 0.522140
v -0.198591 -0.116412 0.516768
v -0.201244 -0.116716 0.522140
v -0.201244 -0.116716 0.516768
v -0.203579 -0.118013 0.516768
v -0.203579 -0.118013 0.522140
v -0.195045 -0.125582 0.522140
v -0.194577 -0.124439 0.522140
v -0.194421 -0.123214 0.522140
v -0.194964 -0.125385 0.522140
v -0.194587 -0.121990 0.522140
v -0.195064 -0.120851 0.522140
v -0.195820 -0.119874 0.522140
v -0.196803 -0.119126 0.522140
v -0.197000 -0.119045 0.522140
v -0.197946 -0.118658 0.522140
v -0.199171 -0.118502 0.522140
v -0.200395 -0.118668 0.522140
v -0.201534 -0.119145 0.522140
v -0.202511 -0.119901 0.522140
v -0.203259 -0.120884 0.522140
v -0.195793 -0.126565 0.522140
v -0.196770 -0.127321 0.522140
v -0.197909 -0.127798 0.522140
v -0.199133 -0.127964 0.522140
v -0.200358 -0.127808 0.522140
v -0.201304 -0.127421 0.522140
v -0.201501 -0.127340 0.522140
v -0.202484 -0.126592 0.522140
v -0.203240 -0.125615 0.522140
v -0.203717 -0.124476 0.522140
v -0.203883 -0.123252 0.522140
v -0.203727 -0.122027 0.522140
v -0.203340 -0.121081 0.522140
v -0.205974 -0.122672 0.522140
v -0.205974 -0.122672 0.516768
v -0.205974 -0.122672 0.522140
v -0.205669 -0.125325 0.516768
v -0.205669 -0.125325 0.516768
v -0.205669 -0.125325 0.522140
v -0.204372 -0.127660 0.516768
v -0.204372 -0.127660 0.516768
v -0.204372 -0.127660 0.522140
v -0.202281 -0.129321 0.516768
v -0.202281 -0.129321 0.516768
v -0.202281 -0.129321 0.522140
v -0.199713 -0.130055 0.516768
v -0.199713 -0.130055 0.516768
v -0.199713 -0.130055 0.522140
v -0.197060 -0.129750 0.522140
v -0.197060 -0.129750 0.522140
v -0.197060 -0.129750 0.516768
v -0.194725 -0.128453 0.522140
v -0.194725 -0.128453 0.522140
v -0.194725 -0.128453 0.516768
v -0.193064 -0.126362 0.522140
v -0.193064 -0.126362 0.522140
v -0.193064 -0.126362 0.516768
v -0.192331 -0.123794 0.522140
v -0.192331 -0.123794 0.522140
v -0.192331 -0.123794 0.516768
v -0.192635 -0.121141 0.516768
v -0.192635 -0.121141 0.516768
v -0.192635 -0.121141 0.522140
v -0.193932 -0.118806 0.516768
v -0.193932 -0.118806 0.516768
v -0.193932 -0.118806 0.522140
v -0.196023 -0.117145 0.516768
v -0.196023 -0.117145 0.516768
v -0.196023 -0.117145 0.522140
v -0.198591 -0.116412 0.516768
v -0.198591 -0.116412 0.516768
v -0.198591 -0.116412 0.522140
v -0.201244 -0.116716 0.522140
v -0.201244 -0.116716 0.516768
v -0.201244 -0.116716 0.522140
v -0.205240 -0.120104 0.516768
v -0.203579 -0.118013 0.522140
v -0.203579 -0.118013 0.516768
v -0.203579 -0.118013 0.522140
v -0.205240 -0.120104 0.516768
v -0.205240 -0.120104 0.522140
v -0.192331 -0.123794 0.522140
v -0.194725 -0.128453 0.522140
v -0.193064 -0.126362 0.522140
v -0.194725 -0.128453 0.522140
v -0.192331 -0.123794 0.522140
v -0.192635 -0.121141 0.522140
v -0.194725 -0.128453 0.522140
v -0.192635 -0.121141 0.522140
v -0.197060 -0.129750 0.522140
v -0.197060 -0.129750 0.522140
v -0.192635 -0.121141 0.522140
v -0.192635 -0.121141 0.522140
v -0.192635 -0.121141 0.522140
v -0.192635 -0.121141 0.522140
v -0.193932 -0.118806 0.522140
v -0.193932 -0.118806 0.522140
v -0.193932 -0.118806 0.522140
v -0.193932 -0.118806 0.522140
v -0.196023 -0.117145 0.522140
v -0.196023 -0.117145 0.522140
v -0.196023 -0.117145 0.522140
v -0.196023 -0.117145 0.522140
v -0.196023 -0.117145 0.522140
v -0.198591 -0.116412 0.522140
v -0.198591 -0.116412 0.522140
v -0.198591 -0.116412 0.522140
v -0.198591 -0.116412 0.522140
v -0.198591 -0.116412 0.522140
v -0.201244 -0.116716 0.522140
v -0.201244 -0.116716 0.522140
v -0.201244 -0.116716 0.522140
v -0.201244 -0.116716 0.522140
v -0.197060 -0.129750 0.522140
v -0.199713 -0.130055 0.522140
v -0.197060 -0.129750 0.522140
v -0.199713 -0.130055 0.522140
v -0.199713 -0.130055 0.522140
v -0.199713 -0.130055 0.522140
v -0.199713 -0.130055 0.522140
v -0.202281 -0.129321 0.522140
v -0.202281 -0.129321 0.522140
v -0.202281 -0.129321 0.522140
v -0.202281 -0.129321 0.522140
v -0.202281 -0.129321 0.522140
v -0.204372 -0.127660 0.522140
v -0.204372 -0.127660 0.522140
v -0.204372 -0.127660 0.522140
v -0.204372 -0.127660 0.522140
v -0.204372 -0.127660 0.522140
v -0.205669 -0.125325 0.522140
v -0.205669 -0.125325 0.522140
v -0.205669 -0.125325 0.522140
v -0.205669 -0.125325 0.522140
v -0.205669 -0.125325 0.522140
v -0.205669 -0.125325 0.522140
v -0.201244 -0.116716 0.522140
v -0.205669 -0.125325 0.522140
v -0.201244 -0.116716 0.522140
v -0.203579 -0.118013 0.522140
v -0.205669 -0.125325 0.522140
v -0.203579 -0.118013 0.522140
v -0.205974 -0.122672 0.522140
v -0.205974 -0.122672 0.522140
v -0.203579 -0.118013 0.522140
v -0.205240 -0.120104 0.522140
v -0.191345 -0.130190 0.516768
v -0.190611 -0.127623 0.522140
v -0.190611 -0.127623 0.516768
v -0.191345 -0.130190 0.522140
v -0.191040 -0.132844 0.516768
v -0.191040 -0.132844 0.522140
v -0.189743 -0.135178 0.522140
v -0.189743 -0.135178 0.516768
v -0.187652 -0.136839 0.522140
v -0.187652 -0.136839 0.516768
v -0.185084 -0.137573 0.522140
v -0.185084 -0.137573 0.516768
v -0.182431 -0.137268 0.522140
v -0.182431 -0.137268 0.516768
v -0.180096 -0.135971 0.516768
v -0.180096 -0.135971 0.522140
v -0.178436 -0.133880 0.516768
v -0.178436 -0.133880 0.522140
v -0.177702 -0.131312 0.516768
v -0.177702 -0.131312 0.522140
v -0.178006 -0.128659 0.516768
v -0.178006 -0.128659 0.522140
v -0.179303 -0.126324 0.522140
v -0.179303 -0.126324 0.516768
v -0.181395 -0.124664 0.522140
v -0.181395 -0.124664 0.516768
v -0.183962 -0.123930 0.522140
v -0.183962 -0.123930 0.516768
v -0.186615 -0.124234 0.522140
v -0.186615 -0.124234 0.516768
v -0.188950 -0.125531 0.516768
v -0.188950 -0.125531 0.522140
v -0.180416 -0.133100 0.522140
v -0.179948 -0.131957 0.522140
v -0.179792 -0.130732 0.522140
v -0.180335 -0.132903 0.522140
v -0.179958 -0.129508 0.522140
v -0.180435 -0.128369 0.522140
v -0.181191 -0.127392 0.522140
v -0.182174 -0.126644 0.522140
v -0.182371 -0.126564 0.522140
v -0.183317 -0.126176 0.522140
v -0.184542 -0.126020 0.522140
v -0.185766 -0.126186 0.522140
v -0.186905 -0.126663 0.522140
v -0.187882 -0.127419 0.522140
v -0.188630 -0.128402 0.522140
v -0.181164 -0.134083 0.522140
v -0.182141 -0.134839 0.522140
v -0.183280 -0.135316 0.522140
v -0.184504 -0.135483 0.522140
v -0.185729 -0.135326 0.522140
v -0.186675 -0.134939 0.522140
v -0.186872 -0.134858 0.522140
v -0.187855 -0.134110 0.522140
v -0.188611 -0.133134 0.522140
v -0.189088 -0.131994 0.522140
v -0.189255 -0.130770 0.522140
v -0.189098 -0.129545 0.522140
v -0.188711 -0.128599 0.522140
v -0.191345 -0.130190 0.522140
v -0.191345 -0.130190 0.516768
v -0.191345 -0.130190 0.522140
v -0.191040 -0.132844 0.516768
v -0.191040 -0.132844 0.516768
v -0.191040 -0.132844 0.522140
v -0.189743 -0.135178 0.516768
v -0.189743 -0.135178 0.516768
v -0.189743 -0.135178 0.522140
v -0.187652 -0.136839 0.516768
v -0.187652 -0.136839 0.516768
v -0.187652 -0.136839 0.522140
v -0.185084 -0.137573 0.516768
v -0.185084 -0.137573 0.516768
v -0.185084 -0.137573 0.522140
v -0.182431 -0.137268 0.522140
v -0.182431 -0.137268 0.522140
v -0.182431 -0.137268 0.516768
v -0.180096 -0.135971 0.522140
v -0.180096 -0.135971 0.522140
v -0.180096 -0.135971 0.516768
v -0.178436 -0.133880 0.522140
v -0.178436 -0.133880 0.522140
v -0.178436 -0.133880 0.516768
v -0.177702 -0.131312 0.522140
v -0.177702 -0.131312 0.522140
v -0.177702 -0.131312 0.516768
v -0.178006 -0.128659 0.516768
v -0.178006 -0.128659 0.516768
v -0.178006 -0.128659 0.522140
v -0.179303 -0.126324 0.516768
v -0.179303 -0.126324 0.516768
v -0.179303 -0.126324 0.522140
v -0.181395 -0.124664 0.516768
v -0.181395 -0.124664 0.516768
v -0.181395 -0.124664 0.522140
v -0.183962 -0.123930 0.516768
v -0.183962 -0.123930 0.516768
v -0.183962 -0.123930 0.522140
v -0.186615 -0.124234 0.522140
v -0.186615 -0.124234 0.516768
v -0.186615 -0.124234 0.522140
v -0.190611 -0.127623 0.516768
v -0.188950 -0.125531 0.522140
v -0.188950 -0.125531 0.516768
v -0.188950 -0.125531 0.522140
v -0.190611 -0.127623 0.516768
v -0.190611 -0.127623 0.522140
v -0.177702 -0.131312 0.522140
v -0.180096 -0.135971 0.522140
v -0.178436 -0.133880 0.522140
v -0.180096 -0.135971 0.522140
v -0.177702 -0.131312 0.522140
v -0.178006 -0.128659 0.522140
v -0.180096 -0.135971 0.522140
v -0.178006 -0.128659 0.522140
v -0.182431 -0.137268 0.522140
v -0.182431 -0.137268 0.522140
v -0.178006 -0.128659 0.522140
v -0.178006 -0.128659 0.522140
v -0.178006 -0.128659 0.522140
v -0.178006 -0.128659 0.522140
v -0.179303 -0.126324 0.522140
v -0.179303 -0.126324 0.522140
v -0.179303 -0.126324 0.522140
v -0.179303 -0.126324 0.522140
v -0.181395 -0.124664 0.522140
v -0.181395 -0.124664 0.522140
v -0.181395 -0.124664 0.522140
v -0.181395 -0.124664 0.522140
v -0.181395 -0.124664 0.522140
v -0.183962 -0.123930 0.522140
v -0.183962 -0.123930 0.522140
v -0.183962 -0.123930 0.522140
v -0.183962 -0.123930 0.522140
v -0.183962 -0.123930 0.522140
v -0.186615 -0.124234 0.522140
v -0.186615 -0.124234 0.522140
v -0.186615 -0.124234 0.522140
v -0.186615 -0.124234 0.522140
v -0.182431 -0.137268 0.522140
v -0.185084 -0.137573 0.522140
v -0.182431 -0.137268 0.522140
v -0.185084 -0.137573 0.522140
v -0.185084 -0.137573 0.522140
v -0.185084 -0.137573 0.522140
v -0.185084 -0.137573 0.522140
v -0.187652 -0.136839 0.522140
v -0.187652 -0.136839 0.522140
v -0.187652 -0.136839 0.522140
v -0.187652 -0.136839 0.522140
v -0.187652 -0.136839 0.522140
v -0.189743 -0.135178 0.522140
v -0.189743 -0.135178 0.522140
v -0.189743 -0.135178 0.522140
v -0.189743 -0.135178 0.522140
v -0.189743 -0.135178 0.522140
v -0.191040 -0.132844 0.522140
v -0.191040 -0.132844 0.522140
v -0.191040 -0.132844 0.522140
v -0.191040 -0.132844 0.522140
v -0.191040 -0.132844 0.522140
v -0.191040 -0.132844 0.522140
v -0.186615 -0.124234 0.522140
v -0.191040 -0.132844 0.522140
v -0.186615 -0.124234 0.522140
v -0.188950 -0.125531 0.522140
v -0.191040 -0.132844 0.522140
v -0.188950 -0.125531 0.522140
v -0.191345 -0.130190 0.522140
v -0.191345 -0.130190 0.522140
v -0.188950 -0.125531 0.522140
v -0.190611 -0.127623 0.522140
v -0.177797 -0.137153 0.516768
v -0.177063 -0.134585 0.522140
v -0.177063 -0.134585 0.516768
v -0.177797 -0.137153 0.522140
v -0.177492 -0.139806 0.516768
v -0.177492 -0.139806 0.522140
v -0.176195 -0.142141 0.522140
v -0.176195 -0.142141 0.516768
v -0.174104 -0.143802 0.522140
v -0.174104 -0.143802 0.516768
v -0.171536 -0.144535 0.522140
v -0.171536 -0.144535 0.516768
v -0.168883 -0.144231 0.522140
v -0.168883 -0.144231 0.516768
v -0.166548 -0.142934 0.516768
v -0.166548 -0.142934 0.522140
v -0.164887 -0.140843 0.516768
v -0.164887 -0.140843 0.522140
v -0.164154 -0.138275 0.516768
v -0.164154 -0.138275 0.522140
v -0.164458 -0.135622 0.516768
v -0.164458 -0.135622 0.522140
v -0.165755 -0.133287 0.522140
v -0.165755 -0.133287 0.516768
v -0.167846 -0.131626 0.522140
v -0.167846 -0.131626 0.516768
v -0.170414 -0.130892 0.522140
v -0.170414 -0.130892 0.516768
v -0.173067 -0.131197 0.522140
v -0.173067 -0.131197 0.516768
v -0.175402 -0.132494 0.516768
v -0.175402 -0.132494 0.522140
v -0.166868 -0.140063 0.522140
v -0.166400 -0.138920 0.522140
v -0.166244 -0.137695 0.522140
v -0.166787 -0.139866 0.522140
v -0.166410 -0.136471 0.522140
v -0.166887 -0.135332 0.522140
v -0.167643 -0.134355 0.522140
v -0.168626 -0.133607 0.522140
v -0.168823 -0.133526 0.522140
v -0.169769 -0.133139 0.522140
v -0.170994 -0.132983 0.522140
v -0.172218 -0.133149 0.522140
v -0.173357 -0.133626 0.522140
v -0.174334 -0.134382 0.522140
v -0.175082 -0.135365 0.522140
v -0.167616 -0.141046 0.522140
v -0.168593 -0.141802 0.522140
v -0.169732 -0.142279 0.522140
v -0.170956 -0.142445 0.522140
v -0.172181 -0.142289 0.522140
v -0.173127 -0.141902 0.522140
v -0.173324 -0.141821 0.522140
v -0.174307 -0.141073 0.522140
v -0.175063 -0.140096 0.522140
v -0.175540 -0.138957 0.522140
v -0.175706 -0.137733 0.522140
v -0.175550 -0.136508 0.522140
v -0.175163 -0.135562 0.522140
v -0.177797 -0.137153 0.522140
v -0.177797 -0.137153 0.516768
v -0.177797 -0.137153 0.522140
v -0.177492 -0.139806 0.516768
v -0.177492 -0.139806 0.516768
v -0.177492 -0.139806 0.522140
v -0.176195 -0.142141 0.516768
v -0.176195 -0.142141 0.516768
v -0.176195 -0.142141 0.522140
v -0.174104 -0.143802 0.516768
v -0.174104 -0.143802 0.516768
v -0.174104 -0.143802 0.522140
v -0.171536 -0.144535 0.516768
v -0.171536 -0.144535 0.516768
v -0.171536 -0.144535 0.522140
v -0.168883 -0.144231 0.522140
v -0.168883 -0.144231 0.522140
v -0.168883 -0.144231 0.516768
v -0.166548 -0.142934 0.522140
v -0.166548 -0.142934 0.522140
v -0.166548 -0.142934 0.516768
v -0.164887 -0.140843 0.522140
v -0.164887 -0.140843 0.522140
v -0.164887 -0.140843 0.516768
v -0.164154 -0.138275 0.522140
v -0.164154 -0.138275 0.522140
v -0.164154 -0.138275 0.516768
v -0.164458 -0.135622 0.516768
v -0.164458 -0.135622 0.516768
v -0.164458 -0.135622 0.522140
v -0.165755 -0.133287 0.516768
v -0.165755 -0.133287 0.516768
v -0.165755 -0.133287 0.522140
v -0.167846 -0.131626 0.516768
v -0.167846 -0.131626 0.516768
v -0.167846 -0.131626 0.522140
v -0.170414 -0.130892 0.516768
v -0.170414 -0.130892 0.516768
v -0.170414 -0.130892 0.522140
v -0.173067 -0.131197 0.522140
v -0.173067 -0.131197 0.516768
v -0.173067 -0.131197 0.522140
v -0.177063 -0.134585 0.516768
v -0.175402 -0.132494 0.522140
v -0.175402 -0.132494 0.516768
v -0.175402 -0.132494 0.522140
v -0.177063 -0.134585 0.516768
v -0.177063 -0.134585 0.522140
v -0.164154 -0.138275 0.522140
v -0.166548 -0.142934 0.522140
v -0.164887 -0.140843 0.522140
v -0.166548 -0.142934 0.522140
v -0.164154 -0.138275 0.522140
v -0.164458 -0.135622 0.522140
v -0.166548 -0.142934 0.522140
v -0.164458 -0.135622 0.522140
v -0.168883 -0.144231 0.522140
v -0.168883 -0.144231 0.522140
v -0.164458 -0.135622 0.522140
v -0.164458 -0.135622 0.522140
v -0.164458 -0.135622 0.522140
v -0.164458 -0.135622 0.522140
v -0.165755 -0.133287 0.522140
v -0.165755 -0.133287 0.522140
v -0.165755 -0.133287 0.522140
v -0.165755 -0.133287 0.522140
v -0.167846 -0.131626 0.522140
v -0.167846 -0.131626 0.522140
v -0.167846 -0.131626 0.522140
v -0.167846 -0.131626 0.522140
v -0.167846 -0.131626 0.522140
v -0.170414 -0.130892 0.522140
v -0.170414 -0.130892 0.522140
v -0.170414 -0.130892 0.522140
v -0.170414 -0.130892 0.522140
v -0.170414 -0.130892 0.522140
v -0.173067 -0.131197 0.522140
v -0.173067 -0.131197 0.522140
v -0.173067 -0.131197 0.522140
v -0.173067 -0.131197 0.522140
v -0.168883 -0.144231 0.522140
v -0.171536 -0.144535 0.522140
v -0.168883 -0.144231 0.522140
v -0.171536 -0.144535 0.522140
v -0.171536 -0.144535 0.522140
v -0.171536 -0.144535 0.522140
v -0.171536 -0.144535 0.522140
v -0.174104 -0.143802 0.522140
v -0.174104 -0.143802 0.522140
v -0.174104 -0.143802 0.522140
v -0.174104 -0.143802 0.522140
v -0.174104 -0.143802 0.522140
v -0.176195 -0.142141 0.522140
v -0.176195 -0.142141 0.522140
v -0.176195 -0.142141 0.522140
v -0.176195 -0.142141 0.522140
v -0.176195 -0.142141 0.522140
v -0.177492 -0.139806 0.522140
v -0.177492 -0.139806 0.522140
v -0.177492 -0.139806 0.522140
v -0.177492 -0.139806 0.522140
v -0.177492 -0.139806 0.522140
v -0.177492 -0.139806 0.522140
v -0.173067 -0.131197 0.522140
v -0.177492 -0.139806 0.522140
v -0.173067 -0.131197 0.522140
v -0.175402 -0.132494 0.522140
v -0.177492 -0.139806 0.522140
v -0.175402 -0.132494 0.522140
v -0.177797 -0.137153 0.522140
v -0.177797 -0.137153 0.522140
v -0.175402 -0.132494 0.522140
v -0.177063 -0.134585 0.522140
v -0.163909 -0.144290 0.516768
v -0.163175 -0.141723 0.522140
v -0.163175 -0.141723 0.516768
v -0.163909 -0.144290 0.522140
v -0.163604 -0.146944 0.516768
v -0.163604 -0.146944 0.522140
v -0.162308 -0.149278 0.522140
v -0.162308 -0.149278 0.516768
v -0.160216 -0.150939 0.522140
v -0.160216 -0.150939 0.516768
v -0.157648 -0.151673 0.522140
v -0.157648 -0.151673 0.516768
v -0.154995 -0.151368 0.522140
v -0.154995 -0.151368 0.516768
v -0.152660 -0.150071 0.516768
v -0.152660 -0.150071 0.522140
v -0.151000 -0.147980 0.516768
v -0.151000 -0.147980 0.522140
v -0.150266 -0.145412 0.516768
v -0.150266 -0.145412 0.522140
v -0.150571 -0.142759 0.516768
v -0.150571 -0.142759 0.522140
v -0.151867 -0.140424 0.522140
v -0.151867 -0.140424 0.516768
v -0.153959 -0.138764 0.522140
v -0.153959 -0.138764 0.516768
v -0.156527 -0.138030 0.522140
v -0.156527 -0.138030 0.516768
v -0.159180 -0.138334 0.522140
v -0.159180 -0.138334 0.516768
v -0.161514 -0.139631 0.516768
v -0.161514 -0.139631 0.522140
v -0.152980 -0.147200 0.522140
v -0.152512 -0.146057 0.522140
v -0.152356 -0.144832 0.522140
v -0.152900 -0.147004 0.522140
v -0.152522 -0.143608 0.522140
v -0.153000 -0.142469 0.522140
v -0.153755 -0.141492 0.522140
v -0.154738 -0.140744 0.522140
v -0.154935 -0.140664 0.522140
v -0.155881 -0.140276 0.522140
v -0.157107 -0.140120 0.522140
v -0.158331 -0.140286 0.522140
v -0.159470 -0.140763 0.522140
v -0.160447 -0.141519 0.522140
v -0.161195 -0.142502 0.522140
v -0.153728 -0.148183 0.522140
v -0.154705 -0.148939 0.522140
v -0.155844 -0.149417 0.522140
v -0.157068 -0.149583 0.522140
v -0.158293 -0.149426 0.522140
v -0.159240 -0.149039 0.522140
v -0.159437 -0.148958 0.522140
v -0.160419 -0.148210 0.522140
v -0.161175 -0.147234 0.522140
v -0.161653 -0.146094 0.522140
v -0.161819 -0.144871 0.522140
v -0.161663 -0.143645 0.522140
v -0.161275 -0.142699 0.522140
v -0.163909 -0.144290 0.522140
v -0.163909 -0.144290 0.516768
v -0.163909 -0.144290 0.522140
v -0.163604 -0.146944 0.516768
v -0.163604 -0.146944 0.516768
v -0.163604 -0.146944 0.522140
v -0.162308 -0.149278 0.516768
v -0.162308 -0.149278 0.516768
v -0.162308 -0.149278 0.522140
v -0.160216 -0.150939 0.516768
v -0.160216 -0.150939 0.516768
v -0.160216 -0.150939 0.522140
v -0.157648 -0.151673 0.516768
v -0.157648 -0.151673 0.516768
v -0.157648 -0.151673 0.522140
v -0.154995 -0.151368 0.522140
v -0.154995 -0.151368 0.522140
v -0.154995 -0.151368 0.516768
v -0.152660 -0.150071 0.522140
v -0.152660 -0.150071 0.522140
v -0.152660 -0.150071 0.516768
v -0.151000 -0.147980 0.522140
v -0.151000 -0.147980 0.522140
v -0.151000 -0.147980 0.516768
v -0.150266 -0.145412 0.522140
v -0.150266 -0.145412 0.522140
v -0.150266 -0.145412 0.516768
v -0.150571 -0.142759 0.516768
v -0.150571 -0.142759 0.516768
v -0.150571 -0.142759 0.522140
v -0.151867 -0.140424 0.516768
v -0.151867 -0.140424 0.516768
v -0.151867 -0.140424 0.522140
v -0.153959 -0.138764 0.516768
v -0.153959 -0.138764 0.516768
v -0.153959 -0.138764 0.522140
v -0.156527 -0.138030 0.516768
v -0.156527 -0.138030 0.516768
v -0.156527 -0.138030 0.522140
v -0.159180 -0.138334 0.522140
v -0.159180 -0.138334 0.516768
v -0.159180 -0.138334 0.522140
v -0.163175 -0.141723 0.516768
v -0.161514 -0.139631 0.522140
v -0.161514 -0.139631 0.516768
v -0.161514 -0.139631 0.522140
v -0.163175 -0.141723 0.516768
v -0.163175 -0.141723 0.522140
v -0.150266 -0.145412 0.522140
v -0.152660 -0.150071 0.522140
v -0.151000 -0.147980 0.522140
v -0.152660 -0.150071 0.522140
v -0.150266 -0.145412 0.522140
v -0.150571 -0.142759 0.522140
v -0.152660 -0.150071 0.522140
v -0.150571 -0.142759 0.522140
v -0.154995 -0.151368 0.522140
v -0.154995 -0.151368 0.522140
v -0.150571 -0.142759 0.522140
v -0.150571 -0.142759 0.522140
v -0.150571 -0.142759 0.522140
v -0.150571 -0.142759 0.522140
v -0.151867 -0.140424 0.522140
v -0.151867 -0.140424 0.522140
v -0.151867 -0.140424 0.522140
v -0.151867 -0.140424 0.522140
v -0.153959 -0.138764 0.522140
v -0.153959 -0.138764 0.522140
v -0.153959 -0.138764 0.522140
v -0.153959 -0.138764 0.522140
v -0.153959 -0.138764 0.522140
v -0.156527 -0.138030 0.522140
v -0.156527 -0.138030 0.522140
v -0.156527 -0.138030 0.522140
v -0.156527 -0.138030 0.522140
v -0.156527 -0.138030 0.522140
v -0.159180 -0.138334 0.522140
v -0.159180 -0.138334 0.522140
v -0.159180 -0.138334 0.522140
v -0.159180 -0.138334 0.522140
v -0.154995 -0.151368 0.522140
v -0.157648 -0.151673 0.522140
v -0.154995 -0.151368 0.522140
v -0.157648 -0.151673 0.522140
v -0.157648 -0.151673 0.522140
v -0.157648 -0.151673 0.522140
v -0.157648 -0.151673 0.522140
v -0.160216 -0.150939 0.522140
v -0.160216 -0.150939 0.522140
v -0.160216 -0.150939 0.522140
v -0.160216 -0.150939 0.522140
v -0.160216 -0.150939 0.522140
v -0.162308 -0.149278 0.522140
v -0.162308 -0.149278 0.522140
v -0.162308 -0.149278 0.522140
v -0.162308 -0.149278 0.522140
v -0.162308 -0.149278 0.522140
v -0.163604 -0.146944 0.522140
v -0.163604 -0.146944 0.522140
v -0.163604 -0.146944 0.522140
v -0.163604 -0.146944 0.522140
v -0.163604 -0.146944 0.522140
v -0.163604 -0.146944 0.522140
v -0.159180 -0.138334 0.522140
v -0.163604 -0.146944 0.522140
v -0.159180 -0.138334 0.522140
v -0.161514 -0.139631 0.522140
v -0.163604 -0.146944 0.522140
v -0.161514 -0.139631 0.522140
v -0.163909 -0.144290 0.522140
v -0.163909 -0.144290 0.522140
v -0.161514 -0.139631 0.522140
v -0.163175 -0.141723 0.522140
v -0.150289 -0.151290 0.516768
v -0.149555 -0.148722 0.522140
v -0.149555 -0.148722 0.516768
v -0.150289 -0.151290 0.522140
v -0.149984 -0.153943 0.516768
v -0.149984 -0.153943 0.522140
v -0.148687 -0.156278 0.522140
v -0.148687 -0.156278 0.516768
v -0.146596 -0.157939 0.522140
v -0.146596 -0.157939 0.516768
v -0.144028 -0.158673 0.522140
v -0.144028 -0.158673 0.516768
v -0.141375 -0.158368 0.522140
v -0.141375 -0.158368 0.516768
v -0.139040 -0.157071 0.516768
v -0.139040 -0.157071 0.522140
v -0.137380 -0.154980 0.516768
v -0.137380 -0.154980 0.522140
v -0.136646 -0.152412 0.516768
v -0.136646 -0.152412 0.522140
v -0.136951 -0.149759 0.516768
v -0.136951 -0.149759 0.522140
v -0.138247 -0.147424 0.522140
v -0.138247 -0.147424 0.516768
v -0.140339 -0.145763 0.522140
v -0.140339 -0.145763 0.516768
v -0.142907 -0.145030 0.522140
v -0.142907 -0.145030 0.516768
v -0.145560 -0.145334 0.522140
v -0.145560 -0.145334 0.516768
v -0.147894 -0.146631 0.516768
v -0.147894 -0.146631 0.522140
v -0.139360 -0.154200 0.522140
v -0.138892 -0.153057 0.522140
v -0.138736 -0.151832 0.522140
v -0.139280 -0.154003 0.522140
v -0.138902 -0.150608 0.522140
v -0.139379 -0.149469 0.522140
v -0.140135 -0.148492 0.522140
v -0.141118 -0.147744 0.522140
v -0.141315 -0.147663 0.522140
v -0.142261 -0.147276 0.522140
v -0.143487 -0.147120 0.522140
v -0.144711 -0.147286 0.522140
v -0.145850 -0.147763 0.522140
v -0.146827 -0.148519 0.522140
v -0.147575 -0.149502 0.522140
v -0.140108 -0.155183 0.522140
v -0.141085 -0.155939 0.522140
v -0.142224 -0.156416 0.522140
v -0.143448 -0.156582 0.522140
v -0.144673 -0.156426 0.522140
v -0.145620 -0.156039 0.522140
v -0.145816 -0.155958 0.522140
v -0.146799 -0.155210 0.522140
v -0.147555 -0.154233 0.522140
v -0.148033 -0.153094 0.522140
v -0.148199 -0.151870 0.522140
v -0.148043 -0.150645 0.522140
v -0.147655 -0.149699 0.522140
v -0.150289 -0.151290 0.522140
v -0.150289 -0.151290 0.516768
v -0.150289 -0.151290 0.522140
v -0.149984 -0.153943 0.516768
v -0.149984 -0.153943 0.516768
v -0.149984 -0.153943 0.522140
v -0.148687 -0.156278 0.516768
v -0.148687 -0.156278 0.516768
v -0.148687 -0.156278 0.522140
v -0.146596 -0.157939 0.516768
v -0.146596 -0.157939 0.516768
v -0.146596 -0.157939 0.522140
v -0.144028 -0.158673 0.516768
v -0.144028 -0.158673 0.516768
v -0.144028 -0.158673 0.522140
v -0.141375 -0.158368 0.522140
v -0.141375 -0.158368 0.522140
v -0.141375 -0.158368 0.516768
v -0.139040 -0.157071 0.522140
v -0.139040 -0.157071 0.522140
v -0.139040 -0.157071 0.516768
v -0.137380 -0.154980 0.522140
v -0.137380 -0.154980 0.522140
v -0.137380 -0.154980 0.516768
v -0.136646 -0.152412 0.522140
v -0.136646 -0.152412 0.522140
v -0.136646 -0.152412 0.516768
v -0.136951 -0.149759 0.516768
v -0.136951 -0.149759 0.516768
v -0.136951 -0.149759 0.522140
v -0.138247 -0.147424 0.516768
v -0.138247 -0.147424 0.516768
v -0.138247 -0.147424 0.522140
v -0.140339 -0.145763 0.516768
v -0.140339 -0.145763 0.516768
v -0.140339 -0.145763 0.522140
v -0.142907 -0.145030 0.516768
v -0.142907 -0.145030 0.516768
v -0.142907 -0.145030 0.522140
v -0.145560 -0.145334 0.522140
v -0.145560 -0.145334 0.516768
v -0.145560 -0.145334 0.522140
v -0.149555 -0.148722 0.516768
v -0.147894 -0.146631 0.522140
v -0.147894 -0.146631 0.516768
v -0.147894 -0.146631 0.522140
v -0.149555 -0.148722 0.516768
v -0.149555 -0.148722 0.522140
v -0.136646 -0.152412 0.522140
v -0.139040 -0.157071 0.522140
v -0.137380 -0.154980 0.522140
v -0.139040 -0.157071 0.522140
v -0.136646 -0.152412 0.522140
v -0.136951 -0.149759 0.522140
v -0.139040 -0.157071 0.522140
v -0.136951 -0.149759 0.522140
v -0.141375 -0.158368 0.522140
v -0.141375 -0.158368 0.522140
v -0.136951 -0.149759 0.522140
v -0.136951 -0.149759 0.522140
v -0.136951 -0.149759 0.522140
v -0.136951 -0.149759 0.522140
v -0.138247 -0.147424 0.522140
v -0.138247 -0.147424 0.522140
v -0.138247 -0.147424 0.522140
v -0.138247 -0.147424 0.522140
v -0.140339 -0.145763 0.522140
v -0.140339 -0.145763 0.522140
v -0.140339 -0.145763 0.522140
v -0.140339 -0.145763 0.522140
v -0.140339 -0.145763 0.522140
v -0.142907 -0.145030 0.522140
v -0.142907 -0.145030 0.522140
v -0.142907 -0.145030 0.522140
v -0.142907 -0.145030 0.522140
v -0.142907 -0.145030 0.522140
v -0.145560 -0.145334 0.522140
v -0.145560 -0.145334 0.522140
v -0.145560 -0.145334 0.522140
v -0.145560 -0.145334 0.522140
v -0.141375 -0.158368 0.522140
v -0.144028 -0.158673 0.522140
v -0.141375 -0.158368 0.522140
v -0.144028 -0.158673 0.522140
v -0.144028 -0.158673 0.522140
v -0.144028 -0.158673 0.522140
v -0.144028 -0.158673 0.522140
v -0.146596 -0.157939 0.522140
v -0.146596 -0.157939 0.522140
v -0.146596 -0.157939 0.522140
v -0.146596 -0.157939 0.522140
v -0.146596 -0.157939 0.522140
v -0.148687 -0.156278 0.522140
v -0.148687 -0.156278 0.522140
v -0.148687 -0.156278 0.522140
v -0.148687 -0.156278 0.522140
v -0.148687 -0.156278 0.522140
v -0.149984 -0.153943 0.522140
v -0.149984 -0.153943 0.522140
v -0.149984 -0.153943 0.522140
v -0.149984 -0.153943 0.522140
v -0.149984 -0.153943 0.522140
v -0.149984 -0.153943 0.522140
v -0.145560 -0.145334 0.522140
v -0.149984 -0.153943 0.522140
v -0.145560 -0.145334 0.522140
v -0.147894 -0.146631 0.522140
v -0.149984 -0.153943 0.522140
v -0.147894 -0.146631 0.522140
v -0.150289 -0.151290 0.522140
v -0.150289 -0.151290 0.522140
v -0.147894 -0.146631 0.522140
v -0.149555 -0.148722 0.522140
v -0.250345 -0.163819 0.516768
v -0.248455 -0.161933 0.522140
v -0.248455 -0.161933 0.516768
v -0.250345 -0.163819 0.522140
v -0.251369 -0.166286 0.516768
v -0.251369 -0.166286 0.522140
v -0.251371 -0.168956 0.522140
v -0.251371 -0.168956 0.516768
v -0.250352 -0.171425 0.522140
v -0.250352 -0.171425 0.516768
v -0.248465 -0.173315 0.522140
v -0.248465 -0.173315 0.516768
v -0.245998 -0.174339 0.522140
v -0.245998 -0.174339 0.516768
v -0.243328 -0.174341 0.516768
v -0.243328 -0.174341 0.522140
v -0.240860 -0.173321 0.516768
v -0.240860 -0.173321 0.522140
v -0.238970 -0.171435 0.516768
v -0.238970 -0.171435 0.522140
v -0.237945 -0.168968 0.516768
v -0.237945 -0.168968 0.522140
v -0.237943 -0.166298 0.522140
v -0.237943 -0.166298 0.516768
v -0.238963 -0.163829 0.522140
v -0.238963 -0.163829 0.516768
v -0.240850 -0.161939 0.522140
v -0.240850 -0.161939 0.516768
v -0.243316 -0.160915 0.522140
v -0.243316 -0.160915 0.516768
v -0.245987 -0.160913 0.516768
v -0.245987 -0.160913 0.522140
v -0.242211 -0.171677 0.522140
v -0.241246 -0.170906 0.522140
v -0.240514 -0.169911 0.522140
v -0.242045 -0.171544 0.522140
v -0.240064 -0.168761 0.522140
v -0.239927 -0.167533 0.522140
v -0.240112 -0.166312 0.522140
v -0.240607 -0.165181 0.522140
v -0.240740 -0.165015 0.522140
v -0.241378 -0.164216 0.522140
v -0.242373 -0.163483 0.522140
v -0.243523 -0.163033 0.522140
v -0.244751 -0.162896 0.522140
v -0.245972 -0.163082 0.522140
v -0.247104 -0.163577 0.522140
v -0.243343 -0.172172 0.522140
v -0.244564 -0.172357 0.522140
v -0.245791 -0.172220 0.522140
v -0.246942 -0.171770 0.522140
v -0.247936 -0.171038 0.522140
v -0.248574 -0.170239 0.522140
v -0.248707 -0.170073 0.522140
v -0.249202 -0.168942 0.522140
v -0.249388 -0.167720 0.522140
v -0.249251 -0.166493 0.522140
v -0.248801 -0.165343 0.522140
v -0.248068 -0.164348 0.522140
v -0.247270 -0.163710 0.522140
v -0.250345 -0.163819 0.522140
v -0.250345 -0.163819 0.516768
v -0.250345 -0.163819 0.522140
v -0.251369 -0.166286 0.516768
v -0.251369 -0.166286 0.516768
v -0.251369 -0.166286 0.522140
v -0.251371 -0.168956 0.516768
v -0.251371 -0.168956 0.516768
v -0.251371 -0.168956 0.522140
v -0.250352 -0.171425 0.516768
v -0.250352 -0.171425 0.516768
v -0.250352 -0.171425 0.522140
v -0.248465 -0.173315 0.516768
v -0.248465 -0.173315 0.516768
v -0.248465 -0.173315 0.522140
v -0.245998 -0.174339 0.522140
v -0.245998 -0.174339 0.522140
v -0.245998 -0.174339 0.516768
v -0.243328 -0.174341 0.522140
v -0.243328 -0.174341 0.522140
v -0.243328 -0.174341 0.516768
v -0.240860 -0.173321 0.522140
v -0.240860 -0.173321 0.522140
v -0.240860 -0.173321 0.516768
v -0.238970 -0.171435 0.522140
v -0.238970 -0.171435 0.522140
v -0.238970 -0.171435 0.516768
v -0.237945 -0.168968 0.516768
v -0.237945 -0.168968 0.516768
v -0.237945 -0.168968 0.522140
v -0.237943 -0.166298 0.516768
v -0.237943 -0.166298 0.516768
v -0.237943 -0.166298 0.522140
v -0.238963 -0.163829 0.516768
v -0.238963 -0.163829 0.516768
v -0.238963 -0.163829 0.522140
v -0.240850 -0.161939 0.516768
v -0.240850 -0.161939 0.516768
v -0.240850 -0.161939 0.522140
v -0.243316 -0.160915 0.522140
v -0.243316 -0.160915 0.516768
v -0.243316 -0.160915 0.522140
v -0.248455 -0.161933 0.516768
v -0.245987 -0.160913 0.522140
v -0.245987 -0.160913 0.516768
v -0.245987 -0.160913 0.522140
v -0.248455 -0.161933 0.516768
v -0.248455 -0.161933 0.522140
v -0.238970 -0.171435 0.522140
v -0.243328 -0.174341 0.522140
v -0.240860 -0.173321 0.522140
v -0.243328 -0.174341 0.522140
v -0.238970 -0.171435 0.522140
v -0.237945 -0.168968 0.522140
v -0.243328 -0.174341 0.522140
v -0.237945 -0.168968 0.522140
v -0.245998 -0.174339 0.522140
v -0.245998 -0.174339 0.522140
v -0.237945 -0.168968 0.522140
v -0.237945 -0.168968 0.522140
v -0.237945 -0.168968 0.522140
v -0.237945 -0.168968 0.522140
v -0.237943 -0.166298 0.522140
v -0.237943 -0.166298 0.522140
v -0.237943 -0.166298 0.522140
v -0.237943 -0.166298 0.522140
v -0.238963 -0.163829 0.522140
v -0.238963 -0.163829 0.522140
v -0.238963 -0.163829 0.522140
v -0.238963 -0.163829 0.522140
v -0.238963 -0.163829 0.522140
v -0.240850 -0.161939 0.522140
v -0.240850 -0.161939 0.522140
v -0.240850 -0.161939 0.522140
v -0.240850 -0.161939 0.522140
v -0.240850 -0.161939 0.522140
v -0.243316 -0.160915 0.522140
v -0.243316 -0.160915 0.522140
v -0.243316 -0.160915 0.522140
v -0.243316 -0.160915 0.522140
v -0.245998 -0.174339 0.522140
v -0.248465 -0.173315 0.522140
v -0.245998 -0.174339 0.522140
v -0.248465 -0.173315 0.522140
v -0.248465 -0.173315 0.522140
v -0.248465 -0.173315 0.522140
v -0.248465 -0.173315 0.522140
v -0.250352 -0.171425 0.522140
v -0.250352 -0.171425 0.522140
v -0.250352 -0.171425 0.522140
v -0.250352 -0.171425 0.522140
v -0.250352 -0.171425 0.522140
v -0.251371 -0.168956 0.522140
v -0.251371 -0.168956 0.522140
v -0.251371 -0.168956 0.522140
v -0.251371 -0.168956 0.522140
v -0.251371 -0.168956 0.522140
v -0.251369 -0.166286 0.522140
v -0.251369 -0.166286 0.522140
v -0.251369 -0.166286 0.522140
v -0.251369 -0.166286 0.522140
v -0.251369 -0.166286 0.522140
v -0.251369 -0.166286 0.522140
v -0.243316 -0.160915 0.522140
v -0.251369 -0.166286 0.522140
v -0.243316 -0.160915 0.522140
v -0.245987 -0.160913 0.522140
v -0.251369 -0.166286 0.522140
v -0.245987 -0.160913 0.522140
v -0.250345 -0.163819 0.522140
v -0.250345 -0.163819 0.522140
v -0.245987 -0.160913 0.522140
v -0.248455 -0.161933 0.522140
v -0.209893 0.070691 0.516709
v -0.207294 0.071303 0.522082
v -0.207294 0.071303 0.516709
v -0.209893 0.070691 0.522082
v -0.212061 0.069131 0.516709
v -0.212061 0.069131 0.522082
v -0.213466 0.066860 0.522082
v -0.213466 0.066860 0.516709
v -0.213895 0.064224 0.522082
v -0.213895 0.064224 0.516709
v -0.213283 0.061624 0.522082
v -0.213283 0.061624 0.516709
v -0.211723 0.059457 0.522082
v -0.211723 0.059457 0.516709
v -0.209452 0.058052 0.516709
v -0.209452 0.058052 0.522082
v -0.206816 0.057622 0.516709
v -0.206816 0.057622 0.522082
v -0.204216 0.058234 0.516709
v -0.204216 0.058234 0.522082
v -0.202049 0.059795 0.516709
v -0.202049 0.059795 0.522082
v -0.200644 0.062066 0.522082
v -0.200644 0.062066 0.516709
v -0.200214 0.064701 0.522082
v -0.200214 0.064701 0.516709
v -0.200827 0.067301 0.522082
v -0.200827 0.067301 0.516709
v -0.202387 0.069468 0.522082
v -0.202387 0.069468 0.516709
v -0.204658 0.070874 0.516709
v -0.204658 0.070874 0.522082
v -0.207102 0.059731 0.522082
v -0.205876 0.059880 0.522082
v -0.204730 0.060342 0.522082
v -0.206890 0.059757 0.522082
v -0.203742 0.061084 0.522082
v -0.202981 0.062056 0.522082
v -0.202497 0.063193 0.522082
v -0.202324 0.064416 0.522082
v -0.202349 0.064627 0.522082
v -0.202473 0.065642 0.522082
v -0.202934 0.066788 0.522082
v -0.203676 0.067775 0.522082
v -0.204649 0.068537 0.522082
v -0.205785 0.069020 0.522082
v -0.207008 0.069194 0.522082
v -0.208325 0.059905 0.522082
v -0.209461 0.060389 0.522082
v -0.210433 0.061150 0.522082
v -0.211176 0.062138 0.522082
v -0.211637 0.063283 0.522082
v -0.211760 0.064298 0.522082
v -0.211786 0.064509 0.522082
v -0.211613 0.065732 0.522082
v -0.211129 0.066869 0.522082
v -0.210367 0.067841 0.522082
v -0.209380 0.068583 0.522082
v -0.208234 0.069045 0.522082
v -0.207219 0.069168 0.522082
v -0.209893 0.070691 0.522082
v -0.209893 0.070691 0.516709
v -0.209893 0.070691 0.522082
v -0.212061 0.069131 0.516709
v -0.212061 0.069131 0.516709
v -0.212061 0.069131 0.522082
v -0.213466 0.066860 0.516709
v -0.213466 0.066860 0.516709
v -0.213466 0.066860 0.522082
v -0.213895 0.064224 0.516709
v -0.213895 0.064224 0.516709
v -0.213895 0.064224 0.522082
v -0.213283 0.061624 0.516709
v -0.213283 0.061624 0.516709
v -0.213283 0.061624 0.522082
v -0.211723 0.059457 0.522082
v -0.211723 0.059457 0.522082
v -0.211723 0.059457 0.516709
v -0.209452 0.058052 0.522082
v -0.209452 0.058052 0.522082
v -0.209452 0.058052 0.516709
v -0.206816 0.057622 0.522082
v -0.206816 0.057622 0.522082
v -0.206816 0.057622 0.516709
v -0.204216 0.058234 0.522082
v -0.204216 0.058234 0.522082
v -0.204216 0.058234 0.516709
v -0.202049 0.059795 0.516709
v -0.202049 0.059795 0.516709
v -0.202049 0.059795 0.522082
v -0.200644 0.062066 0.516709
v -0.200644 0.062066 0.516709
v -0.200644 0.062066 0.522082
v -0.200214 0.064701 0.516709
v -0.200214 0.064701 0.516709
v -0.200214 0.064701 0.522082
v -0.200827 0.067301 0.516709
v -0.200827 0.067301 0.516709
v -0.200827 0.067301 0.522082
v -0.202387 0.069468 0.522082
v -0.202387 0.069468 0.516709
v -0.202387 0.069468 0.522082
v -0.207294 0.071303 0.516709
v -0.204658 0.070874 0.522082
v -0.204658 0.070874 0.516709
v -0.204658 0.070874 0.522082
v -0.207294 0.071303 0.516709
v -0.207294 0.071303 0.522082
v -0.204216 0.058234 0.522082
v -0.209452 0.058052 0.522082
v -0.206816 0.057622 0.522082
v -0.209452 0.058052 0.522082
v -0.204216 0.058234 0.522082
v -0.202049 0.059795 0.522082
v -0.209452 0.058052 0.522082
v -0.202049 0.059795 0.522082
v -0.211723 0.059457 0.522082
v -0.211723 0.059457 0.522082
v -0.202049 0.059795 0.522082
v -0.202049 0.059795 0.522082
v -0.202049 0.059795 0.522082
v -0.202049 0.059795 0.522082
v -0.200644 0.062066 0.522082
v -0.200644 0.062066 0.522082
v -0.200644 0.062066 0.522082
v -0.200644 0.062066 0.522082
v -0.200214 0.064701 0.522082
v -0.200214 0.064701 0.522082
v -0.200214 0.064701 0.522082
v -0.200214 0.064701 0.522082
v -0.200214 0.064701 0.522082
v -0.200827 0.067301 0.522082
v -0.200827 0.067301 0.522082
v -0.200827 0.067301 0.522082
v -0.200827 0.067301 0.522082
v -0.200827 0.067301 0.522082
v -0.202387 0.069468 0.522082
v -0.202387 0.069468 0.522082
v -0.202387 0.069468 0.522082
v -0.202387 0.069468 0.522082
v -0.211723 0.059457 0.522082
v -0.213283 0.061624 0.522082
v -0.211723 0.059457 0.522082
v -0.213283 0.061624 0.522082
v -0.213283 0.061624 0.522082
v -0.213283 0.061624 0.522082
v -0.213283 0.061624 0.522082
v -0.213895 0.064224 0.522082
v -0.213895 0.064224 0.522082
v -0.213895 0.064224 0.522082
v -0.213895 0.064224 0.522082
v -0.213895 0.064224 0.522082
v -0.213466 0.066860 0.522082
v -0.213466 0.066860 0.522082
v -0.213466 0.066860 0.522082
v -0.213466 0.066860 0.522082
v -0.213466 0.066860 0.522082
v -0.212061 0.069131 0.522082
v -0.212061 0.069131 0.522082
v -0.212061 0.069131 0.522082
v -0.212061 0.069131 0.522082
v -0.212061 0.069131 0.522082
v -0.212061 0.069131 0.522082
v -0.202387 0.069468 0.522082
v -0.212061 0.069131 0.522082
v -0.202387 0.069468 0.522082
v -0.204658 0.070874 0.522082
v -0.212061 0.069131 0.522082
v -0.204658 0.070874 0.522082
v -0.209893 0.070691 0.522082
v -0.209893 0.070691 0.522082
v -0.204658 0.070874 0.522082
v -0.207294 0.071303 0.522082
v -0.232767 -0.190176 0.516768
v -0.230877 -0.188289 0.522140
v -0.230877 -0.188289 0.516768
v -0.232767 -0.190176 0.522140
v -0.233791 -0.192642 0.516768
v -0.233791 -0.192642 0.522140
v -0.233794 -0.195313 0.522140
v -0.233794 -0.195313 0.516768
v -0.232774 -0.197781 0.522140
v -0.232774 -0.197781 0.516768
v -0.230887 -0.199671 0.522140
v -0.230887 -0.199671 0.516768
v -0.228421 -0.200695 0.522140
v -0.228421 -0.200695 0.516768
v -0.225750 -0.200698 0.516768
v -0.225750 -0.200698 0.522140
v -0.223282 -0.199678 0.516768
v -0.223282 -0.199678 0.522140
v -0.221392 -0.197791 0.516768
v -0.221392 -0.197791 0.522140
v -0.220368 -0.195325 0.516768
v -0.220368 -0.195325 0.522140
v -0.220365 -0.192654 0.522140
v -0.220365 -0.192654 0.516768
v -0.221385 -0.190186 0.522140
v -0.221385 -0.190186 0.516768
v -0.223272 -0.188296 0.522140
v -0.223272 -0.188296 0.516768
v -0.225738 -0.187272 0.522140
v -0.225738 -0.187272 0.516768
v -0.228409 -0.187269 0.516768
v -0.228409 -0.187269 0.522140
v -0.224633 -0.198033 0.522140
v -0.223669 -0.197262 0.522140
v -0.222936 -0.196268 0.522140
v -0.224467 -0.197901 0.522140
v -0.222486 -0.195117 0.522140
v -0.222349 -0.193890 0.522140
v -0.222535 -0.192669 0.522140
v -0.223030 -0.191537 0.522140
v -0.223162 -0.191371 0.522140
v -0.223801 -0.190572 0.522140
v -0.224795 -0.189840 0.522140
v -0.225946 -0.189390 0.522140
v -0.227173 -0.189253 0.522140
v -0.228394 -0.189438 0.522140
v -0.229526 -0.189933 0.522140
v -0.225765 -0.198529 0.522140
v -0.226986 -0.198714 0.522140
v -0.228214 -0.198577 0.522140
v -0.229364 -0.198127 0.522140
v -0.230358 -0.197395 0.522140
v -0.230997 -0.196596 0.522140
v -0.231130 -0.196430 0.522140
v -0.231625 -0.195298 0.522140
v -0.231810 -0.194077 0.522140
v -0.231673 -0.192849 0.522140
v -0.231223 -0.191699 0.522140
v -0.230491 -0.190705 0.522140
v -0.229692 -0.190066 0.522140
v -0.232767 -0.190176 0.522140
v -0.232767 -0.190176 0.516768
v -0.232767 -0.190176 0.522140
v -0.233791 -0.192642 0.516768
v -0.233791 -0.192642 0.516768
v -0.233791 -0.192642 0.522140
v -0.233794 -0.195313 0.516768
v -0.233794 -0.195313 0.516768
v -0.233794 -0.195313 0.522140
v -0.232774 -0.197781 0.516768
v -0.232774 -0.197781 0.516768
v -0.232774 -0.197781 0.522140
v -0.230887 -0.199671 0.516768
v -0.230887 -0.199671 0.516768
v -0.230887 -0.199671 0.522140
v -0.228421 -0.200695 0.522140
v -0.228421 -0.200695 0.522140
v -0.228421 -0.200695 0.516768
v -0.225750 -0.200698 0.522140
v -0.225750 -0.200698 0.522140
v -0.225750 -0.200698 0.516768
v -0.223282 -0.199678 0.522140
v -0.223282 -0.199678 0.522140
v -0.223282 -0.199678 0.516768
v -0.221392 -0.197791 0.522140
v -0.221392 -0.197791 0.522140
v -0.221392 -0.197791 0.516768
v -0.220368 -0.195325 0.516768
v -0.220368 -0.195325 0.516768
v -0.220368 -0.195325 0.522140
v -0.220365 -0.192654 0.516768
v -0.220365 -0.192654 0.516768
v -0.220365 -0.192654 0.522140
v -0.221385 -0.190186 0.516768
v -0.221385 -0.190186 0.516768
v -0.221385 -0.190186 0.522140
v -0.223272 -0.188296 0.516768
v -0.223272 -0.188296 0.516768
v -0.223272 -0.188296 0.522140
v -0.225738 -0.187272 0.522140
v -0.225738 -0.187272 0.516768
v -0.225738 -0.187272 0.522140
v -0.230877 -0.188289 0.516768
v -0.228409 -0.187269 0.522140
v -0.228409 -0.187269 0.516768
v -0.228409 -0.187269 0.522140
v -0.230877 -0.188289 0.516768
v -0.230877 -0.188289 0.522140
v -0.221392 -0.197791 0.522140
v -0.225750 -0.200698 0.522140
v -0.223282 -0.199678 0.522140
v -0.225750 -0.200698 0.522140
v -0.221392 -0.197791 0.522140
v -0.220368 -0.195325 0.522140
v -0.225750 -0.200698 0.522140
v -0.220368 -0.195325 0.522140
v -0.228421 -0.200695 0.522140
v -0.228421 -0.200695 0.522140
v -0.220368 -0.195325 0.522140
v -0.220368 -0.195325 0.522140
v -0.220368 -0.195325 0.522140
v -0.220368 -0.195325 0.522140
v -0.220365 -0.192654 0.522140
v -0.220365 -0.192654 0.522140
v -0.220365 -0.192654 0.522140
v -0.220365 -0.192654 0.522140
v -0.221385 -0.190186 0.522140
v -0.221385 -0.190186 0.522140
v -0.221385 -0.190186 0.522140
v -0.221385 -0.190186 0.522140
v -0.221385 -0.190186 0.522140
v -0.223272 -0.188296 0.522140
v -0.223272 -0.188296 0.522140
v -0.223272 -0.188296 0.522140
v -0.223272 -0.188296 0.522140
v -0.223272 -0.188296 0.522140
v -0.225738 -0.187272 0.522140
v -0.225738 -0.187272 0.522140
v -0.225738 -0.187272 0.522140
v -0.225738 -0.187272 0.522140
v -0.228421 -0.200695 0.522140
v -0.230887 -0.199671 0.522140
v -0.228421 -0.200695 0.522140
v -0.230887 -0.199671 0.522140
v -0.230887 -0.199671 0.522140
v -0.230887 -0.199671 0.522140
v -0.230887 -0.199671 0.522140
v -0.232774 -0.197781 0.522140
v -0.232774 -0.197781 0.522140
v -0.232774 -0.197781 0.522140
v -0.232774 -0.197781 0.522140
v -0.232774 -0.197781 0.522140
v -0.233794 -0.195313 0.522140
v -0.233794 -0.195313 0.522140
v -0.233794 -0.195313 0.522140
v -0.233794 -0.195313 0.522140
v -0.233794 -0.195313 0.522140
v -0.233791 -0.192642 0.522140
v -0.233791 -0.192642 0.522140
v -0.233791 -0.192642 0.522140
v -0.233791 -0.192642 0.522140
v -0.233791 -0.192642 0.522140
v -0.233791 -0.192642 0.522140
v -0.225738 -0.187272 0.522140
v -0.233791 -0.192642 0.522140
v -0.225738 -0.187272 0.522140
v -0.228409 -0.187269 0.522140
v -0.233791 -0.192642 0.522140
v -0.228409 -0.187269 0.522140
v -0.232767 -0.190176 0.522140
v -0.232767 -0.190176 0.522140
v -0.228409 -0.187269 0.522140
v -0.230877 -0.188289 0.522140
v -0.403086 0.035181 0.520086
v -0.403928 0.037661 0.525536
v -0.403928 0.037661 0.520086
v -0.403086 0.035181 0.525536
v -0.401360 0.033213 0.520086
v -0.401360 0.033213 0.525536
v -0.399012 0.032055 0.525536
v -0.399012 0.032055 0.520086
v -0.396399 0.031884 0.525536
v -0.396399 0.031884 0.520086
v -0.393920 0.032725 0.525536
v -0.393920 0.032725 0.520086
v -0.391951 0.034452 0.525536
v -0.391951 0.034452 0.520086
v -0.390793 0.036800 0.520086
v -0.390793 0.036800 0.525536
v -0.390622 0.039413 0.520086
v -0.390622 0.039413 0.525536
v -0.391464 0.041892 0.520086
v -0.391464 0.041892 0.525536
v -0.393190 0.043860 0.520086
v -0.393190 0.043860 0.525536
v -0.395538 0.045018 0.525536
v -0.395538 0.045018 0.520086
v -0.398151 0.045190 0.525536
v -0.398151 0.045190 0.520086
v -0.400630 0.044348 0.525536
v -0.400630 0.044348 0.520086
v -0.402599 0.042622 0.525536
v -0.402599 0.042622 0.520086
v -0.403757 0.040273 0.520086
v -0.403757 0.040273 0.525536
v -0.392653 0.038936 0.525536
v -0.392914 0.040118 0.525536
v -0.393472 0.041193 0.525536
v -0.392698 0.039139 0.525536
v -0.394289 0.042087 0.525536
v -0.395310 0.042738 0.525536
v -0.396464 0.043104 0.525536
v -0.397674 0.043158 0.525536
v -0.397877 0.043113 0.525536
v -0.398856 0.042897 0.525536
v -0.399931 0.042340 0.525536
v -0.400825 0.041523 0.525536
v -0.401477 0.040502 0.525536
v -0.401842 0.039348 0.525536
v -0.401896 0.038138 0.525536
v -0.392708 0.037726 0.525536
v -0.393073 0.036571 0.525536
v -0.393725 0.035551 0.525536
v -0.394619 0.034734 0.525536
v -0.395694 0.034176 0.525536
v -0.396672 0.033960 0.525536
v -0.396876 0.033915 0.525536
v -0.398086 0.033969 0.525536
v -0.399240 0.034335 0.525536
v -0.400261 0.034987 0.525536
v -0.401078 0.035880 0.525536
v -0.401636 0.036955 0.525536
v -0.401852 0.037934 0.525536
v -0.403086 0.035181 0.525536
v -0.403086 0.035181 0.520086
v -0.403086 0.035181 0.525536
v -0.401360 0.033213 0.520086
v -0.401360 0.033213 0.520086
v -0.401360 0.033213 0.525536
v -0.399012 0.032055 0.520086
v -0.399012 0.032055 0.520086
v -0.399012 0.032055 0.525536
v -0.396399 0.031884 0.520086
v -0.396399 0.031884 0.520086
v -0.396399 0.031884 0.525536
v -0.393920 0.032725 0.520086
v -0.393920 0.032725 0.520086
v -0.393920 0.032725 0.525536
v -0.391951 0.034452 0.525536
v -0.391951 0.034452 0.525536
v -0.391951 0.034452 0.520086
v -0.390793 0.036800 0.525536
v -0.390793 0.036800 0.525536
v -0.390793 0.036800 0.520086
v -0.390622 0.039413 0.525536
v -0.390622 0.039413 0.525536
v -0.390622 0.039413 0.520086
v -0.391464 0.041892 0.525536
v -0.391464 0.041892 0.525536
v -0.391464 0.041892 0.520086
v -0.393190 0.043860 0.520086
v -0.393190 0.043860 0.520086
v -0.393190 0.043860 0.525536
v -0.395538 0.045018 0.520086
v -0.395538 0.045018 0.520086
v -0.395538 0.045018 0.525536
v -0.398151 0.045190 0.520086
v -0.398151 0.045190 0.520086
v -0.398151 0.045190 0.525536
v -0.400630 0.044348 0.520086
v -0.400630 0.044348 0.520086
v -0.400630 0.044348 0.525536
v -0.402599 0.042622 0.525536
v -0.402599 0.042622 0.520086
v -0.402599 0.042622 0.525536
v -0.403928 0.037661 0.520086
v -0.403757 0.040273 0.525536
v -0.403757 0.040273 0.520086
v -0.403757 0.040273 0.525536
v -0.403928 0.037661 0.520086
v -0.403928 0.037661 0.525536
v -0.391464 0.041892 0.525536
v -0.390793 0.036800 0.525536
v -0.390622 0.039413 0.525536
v -0.390793 0.036800 0.525536
v -0.391464 0.041892 0.525536
v -0.393190 0.043860 0.525536
v -0.390793 0.036800 0.525536
v -0.393190 0.043860 0.525536
v -0.391951 0.034452 0.525536
v -0.391951 0.034452 0.525536
v -0.393190 0.043860 0.525536
v -0.393190 0.043860 0.525536
v -0.393190 0.043860 0.525536
v -0.393190 0.043860 0.525536
v -0.395538 0.045018 0.525536
v -0.395538 0.045018 0.525536
v -0.395538 0.045018 0.525536
v -0.395538 0.045018 0.525536
v -0.398151 0.045190 0.525536
v -0.398151 0.045190 0.525536
v -0.398151 0.045190 0.525536
v -0.398151 0.045190 0.525536
v -0.398151 0.045190 0.525536
v -0.400630 0.044348 0.525536
v -0.400630 0.044348 0.525536
v -0.400630 0.044348 0.525536
v -0.400630 0.044348 0.525536
v -0.400630 0.044348 0.525536
v -0.402599 0.042622 0.525536
v -0.402599 0.042622 0.525536
v -0.402599 0.042622 0.525536
v -0.402599 0.042622 0.525536
v -0.391951 0.034452 0.525536
v -0.393920 0.032725 0.525536
v -0.391951 0.034452 0.525536
v -0.393920 0.032725 0.525536
v -0.393920 0.032725 0.525536
v -0.393920 0.032725 0.525536
v -0.393920 0.032725 0.525536
v -0.396399 0.031884 0.525536
v -0.396399 0.031884 0.525536
v -0.396399 0.031884 0.525536
v -0.396399 0.031884 0.525536
v -0.396399 0.031884 0.525536
v -0.399012 0.032055 0.525536
v -0.399012 0.032055 0.525536
v -0.399012 0.032055 0.525536
v -0.399012 0.032055 0.525536
v -0.399012 0.032055 0.525536
v -0.401360 0.033213 0.525536
v -0.401360 0.033213 0.525536
v -0.401360 0.033213 0.525536
v -0.401360 0.033213 0.525536
v -0.401360 0.033213 0.525536
v -0.401360 0.033213 0.525536
v -0.402599 0.042622 0.525536
v -0.401360 0.033213 0.525536
v -0.402599 0.042622 0.525536
v -0.403757 0.040273 0.525536
v -0.401360 0.033213 0.525536
v -0.403757 0.040273 0.525536
v -0.403086 0.035181 0.525536
v -0.403086 0.035181 0.525536
v -0.403757 0.040273 0.525536
v -0.403928 0.037661 0.525536
v -0.383856 0.010065 0.520086
v -0.384698 0.012544 0.525536
v -0.384698 0.012544 0.520086
v -0.383856 0.010065 0.525536
v -0.382130 0.008096 0.520086
v -0.382130 0.008096 0.525536
v -0.379782 0.006938 0.525536
v -0.379782 0.006938 0.520086
v -0.377169 0.006767 0.525536
v -0.377169 0.006767 0.520086
v -0.374690 0.007609 0.525536
v -0.374690 0.007609 0.520086
v -0.372721 0.009335 0.525536
v -0.372721 0.009335 0.520086
v -0.371563 0.011683 0.520086
v -0.371563 0.011683 0.525536
v -0.371392 0.014296 0.520086
v -0.371392 0.014296 0.525536
v -0.372234 0.016775 0.520086
v -0.372234 0.016775 0.525536
v -0.373960 0.018744 0.520086
v -0.373960 0.018744 0.525536
v -0.376308 0.019902 0.525536
v -0.376308 0.019902 0.520086
v -0.378921 0.020073 0.525536
v -0.378921 0.020073 0.520086
v -0.381400 0.019231 0.525536
v -0.381400 0.019231 0.520086
v -0.383369 0.017505 0.525536
v -0.383369 0.017505 0.520086
v -0.384527 0.015157 0.520086
v -0.384527 0.015157 0.525536
v -0.373423 0.013819 0.525536
v -0.373684 0.015001 0.525536
v -0.374242 0.016076 0.525536
v -0.373468 0.014023 0.525536
v -0.375059 0.016970 0.525536
v -0.376080 0.017622 0.525536
v -0.377234 0.017987 0.525536
v -0.378444 0.018042 0.525536
v -0.378647 0.017997 0.525536
v -0.379626 0.017781 0.525536
v -0.380701 0.017223 0.525536
v -0.381595 0.016406 0.525536
v -0.382247 0.015385 0.525536
v -0.382612 0.014231 0.525536
v -0.382666 0.013021 0.525536
v -0.373478 0.012609 0.525536
v -0.373843 0.011455 0.525536
v -0.374495 0.010434 0.525536
v -0.375389 0.009617 0.525536
v -0.376463 0.009059 0.525536
v -0.377442 0.008843 0.525536
v -0.377646 0.008799 0.525536
v -0.378856 0.008853 0.525536
v -0.380010 0.009218 0.525536
v -0.381031 0.009870 0.525536
v -0.381848 0.010764 0.525536
v -0.382406 0.011839 0.525536
v -0.382622 0.012818 0.525536
v -0.383856 0.010065 0.525536
v -0.383856 0.010065 0.520086
v -0.383856 0.010065 0.525536
v -0.382130 0.008096 0.520086
v -0.382130 0.008096 0.520086
v -0.382130 0.008096 0.525536
v -0.379782 0.006938 0.520086
v -0.379782 0.006938 0.520086
v -0.379782 0.006938 0.525536
v -0.377169 0.006767 0.520086
v -0.377169 0.006767 0.520086
v -0.377169 0.006767 0.525536
v -0.374690 0.007609 0.520086
v -0.374690 0.007609 0.520086
v -0.374690 0.007609 0.525536
v -0.372721 0.009335 0.525536
v -0.372721 0.009335 0.525536
v -0.372721 0.009335 0.520086
v -0.371563 0.011683 0.525536
v -0.371563 0.011683 0.525536
v -0.371563 0.011683 0.520086
v -0.371392 0.014296 0.525536
v -0.371392 0.014296 0.525536
v -0.371392 0.014296 0.520086
v -0.372234 0.016775 0.525536
v -0.372234 0.016775 0.525536
v -0.372234 0.016775 0.520086
v -0.373960 0.018744 0.520086
v -0.373960 0.018744 0.520086
v -0.373960 0.018744 0.525536
v -0.376308 0.019902 0.520086
v -0.376308 0.019902 0.520086
v -0.376308 0.019902 0.525536
v -0.378921 0.020073 0.520086
v -0.378921 0.020073 0.520086
v -0.378921 0.020073 0.525536
v -0.381400 0.019231 0.520086
v -0.381400 0.019231 0.520086
v -0.381400 0.019231 0.525536
v -0.383369 0.017505 0.525536
v -0.383369 0.017505 0.520086
v -0.383369 0.017505 0.525536
v -0.384698 0.012544 0.520086
v -0.384527 0.015157 0.525536
v -0.384527 0.015157 0.520086
v -0.384527 0.015157 0.525536
v -0.384698 0.012544 0.520086
v -0.384698 0.012544 0.525536
v -0.372234 0.016775 0.525536
v -0.371563 0.011683 0.525536
v -0.371392 0.014296 0.525536
v -0.371563 0.011683 0.525536
v -0.372234 0.016775 0.525536
v -0.373960 0.018744 0.525536
v -0.371563 0.011683 0.525536
v -0.373960 0.018744 0.525536
v -0.372721 0.009335 0.525536
v -0.372721 0.009335 0.525536
v -0.373960 0.018744 0.525536
v -0.373960 0.018744 0.525536
v -0.373960 0.018744 0.525536
v -0.373960 0.018744 0.525536
v -0.376308 0.019902 0.525536
v -0.376308 0.019902 0.525536
v -0.376308 0.019902 0.525536
v -0.376308 0.019902 0.525536
v -0.378921 0.020073 0.525536
v -0.378921 0.020073 0.525536
v -0.378921 0.020073 0.525536
v -0.378921 0.020073 0.525536
v -0.378921 0.020073 0.525536
v -0.381400 0.019231 0.525536
v -0.381400 0.019231 0.525536
v -0.381400 0.019231 0.525536
v -0.381400 0.019231 0.525536
v -0.381400 0.019231 0.525536
v -0.383369 0.017505 0.525536
v -0.383369 0.017505 0.525536
v -0.383369 0.017505 0.525536
v -0.383369 0.017505 0.525536
v -0.372721 0.009335 0.525536
v -0.374690 0.007609 0.525536
v -0.372721 0.009335 0.525536
v -0.374690 0.007609 0.525536
v -0.374690 0.007609 0.525536
v -0.374690 0.007609 0.525536
v -0.374690 0.007609 0.525536
v -0.377169 0.006767 0.525536
v -0.377169 0.006767 0.525536
v -0.377169 0.006767 0.525536
v -0.377169 0.006767 0.525536
v -0.377169 0.006767 0.525536
v -0.379782 0.006938 0.525536
v -0.379782 0.006938 0.525536
v -0.379782 0.006938 0.525536
v -0.379782 0.006938 0.525536
v -0.379782 0.006938 0.525536
v -0.382130 0.008096 0.525536
v -0.382130 0.008096 0.525536
v -0.382130 0.008096 0.525536
v -0.382130 0.008096 0.525536
v -0.382130 0.008096 0.525536
v -0.382130 0.008096 0.525536
v -0.383369 0.017505 0.525536
v -0.382130 0.008096 0.525536
v -0.383369 0.017505 0.525536
v -0.384527 0.015157 0.525536
v -0.382130 0.008096 0.525536
v -0.384527 0.015157 0.525536
v -0.383856 0.010065 0.525536
v -0.383856 0.010065 0.525536
v -0.384527 0.015157 0.525536
v -0.384698 0.012544 0.525536
v -0.365310 -0.014337 0.520086
v -0.366152 -0.011858 0.525536
v -0.366152 -0.011858 0.520086
v -0.365310 -0.014337 0.525536
v -0.363584 -0.016306 0.520086
v -0.363584 -0.016306 0.525536
v -0.361235 -0.017464 0.525536
v -0.361235 -0.017464 0.520086
v -0.358623 -0.017635 0.525536
v -0.358623 -0.017635 0.520086
v -0.356143 -0.016794 0.525536
v -0.356143 -0.016794 0.520086
v -0.354175 -0.015067 0.525536
v -0.354175 -0.015067 0.520086
v -0.353017 -0.012719 0.520086
v -0.353017 -0.012719 0.525536
v -0.352846 -0.010106 0.520086
v -0.352846 -0.010106 0.525536
v -0.353687 -0.007627 0.520086
v -0.353687 -0.007627 0.525536
v -0.355414 -0.005659 0.520086
v -0.355414 -0.005659 0.525536
v -0.357762 -0.004501 0.525536
v -0.357762 -0.004501 0.520086
v -0.360374 -0.004329 0.525536
v -0.360374 -0.004329 0.520086
v -0.362854 -0.005171 0.525536
v -0.362854 -0.005171 0.520086
v -0.364822 -0.006897 0.525536
v -0.364822 -0.006897 0.520086
v -0.365980 -0.009245 0.520086
v -0.365980 -0.009245 0.525536
v -0.354877 -0.010583 0.525536
v -0.355138 -0.009401 0.525536
v -0.355696 -0.008326 0.525536
v -0.354922 -0.010380 0.525536
v -0.356513 -0.007432 0.525536
v -0.357533 -0.006780 0.525536
v -0.358688 -0.006415 0.525536
v -0.359897 -0.006361 0.525536
v -0.360101 -0.006406 0.525536
v -0.361080 -0.006621 0.525536
v -0.362155 -0.007179 0.525536
v -0.363048 -0.007996 0.525536
v -0.363700 -0.009017 0.525536
v -0.364066 -0.010171 0.525536
v -0.364120 -0.011381 0.525536
v -0.354931 -0.011793 0.525536
v -0.355297 -0.012948 0.525536
v -0.355949 -0.013968 0.525536
v -0.356842 -0.014785 0.525536
v -0.357917 -0.015343 0.525536
v -0.358896 -0.015559 0.525536
v -0.359100 -0.015604 0.525536
v -0.360309 -0.015550 0.525536
v -0.361464 -0.015184 0.525536
v -0.362484 -0.014532 0.525536
v -0.363301 -0.013638 0.525536
v -0.363859 -0.012564 0.525536
v -0.364075 -0.011585 0.525536
v -0.365310 -0.014337 0.525536
v -0.365310 -0.014337 0.520086
v -0.365310 -0.014337 0.525536
v -0.363584 -0.016306 0.520086
v -0.363584 -0.016306 0.520086
v -0.363584 -0.016306 0.525536
v -0.361235 -0.017464 0.520086
v -0.361235 -0.017464 0.520086
v -0.361235 -0.017464 0.525536
v -0.358623 -0.017635 0.520086
v -0.358623 -0.017635 0.520086
v -0.358623 -0.017635 0.525536
v -0.356143 -0.016794 0.520086
v -0.356143 -0.016794 0.520086
v -0.356143 -0.016794 0.525536
v -0.354175 -0.015067 0.525536
v -0.354175 -0.015067 0.525536
v -0.354175 -0.015067 0.520086
v -0.353017 -0.012719 0.525536
v -0.353017 -0.012719 0.525536
v -0.353017 -0.012719 0.520086
v -0.352846 -0.010106 0.525536
v -0.352846 -0.010106 0.525536
v -0.352846 -0.010106 0.520086
v -0.353687 -0.007627 0.525536
v -0.353687 -0.007627 0.525536
v -0.353687 -0.007627 0.520086
v -0.355414 -0.005659 0.520086
v -0.355414 -0.005659 0.520086
v -0.355414 -0.005659 0.525536
v -0.357762 -0.004501 0.520086
v -0.357762 -0.004501 0.520086
v -0.357762 -0.004501 0.525536
v -0.360374 -0.004329 0.520086
v -0.360374 -0.004329 0.520086
v -0.360374 -0.004329 0.525536
v -0.362854 -0.005171 0.520086
v -0.362854 -0.005171 0.520086
v -0.362854 -0.005171 0.525536
v -0.364822 -0.006897 0.525536
v -0.364822 -0.006897 0.520086
v -0.364822 -0.006897 0.525536
v -0.366152 -0.011858 0.520086
v -0.365980 -0.009245 0.525536
v -0.365980 -0.009245 0.520086
v -0.365980 -0.009245 0.525536
v -0.366152 -0.011858 0.520086
v -0.366152 -0.011858 0.525536
v -0.353687 -0.007627 0.525536
v -0.353017 -0.012719 0.525536
v -0.352846 -0.010106 0.525536
v -0.353017 -0.012719 0.525536
v -0.353687 -0.007627 0.525536
v -0.355414 -0.005659 0.525536
v -0.353017 -0.012719 0.525536
v -0.355414 -0.005659 0.525536
v -0.354175 -0.015067 0.525536
v -0.354175 -0.015067 0.525536
v -0.355414 -0.005659 0.525536
v -0.355414 -0.005659 0.525536
v -0.355414 -0.005659 0.525536
v -0.355414 -0.005659 0.525536
v -0.357762 -0.004501 0.525536
v -0.357762 -0.004501 0.525536
v -0.357762 -0.004501 0.525536
v -0.357762 -0.004501 0.525536
v -0.360374 -0.004329 0.525536
v -0.360374 -0.004329 0.525536
v -0.360374 -0.004329 0.525536
v -0.360374 -0.004329 0.525536
v -0.360374 -0.004329 0.525536
v -0.362854 -0.005171 0.525536
v -0.362854 -0.005171 0.525536
v -0.362854 -0.005171 0.525536
v -0.362854 -0.005171 0.525536
v -0.362854 -0.005171 0.525536
v -0.364822 -0.006897 0.525536
v -0.364822 -0.006897 0.525536
v -0.364822 -0.006897 0.525536
v -0.364822 -0.006897 0.525536
v -0.354175 -0.015067 0.525536
v -0.356143 -0.016794 0.525536
v -0.354175 -0.015067 0.525536
v -0.356143 -0.016794 0.525536
v -0.356143 -0.016794 0.525536
v -0.356143 -0.016794 0.525536
v -0.356143 -0.016794 0.525536
v -0.358623 -0.017635 0.525536
v -0.358623 -0.017635 0.525536
v -0.358623 -0.017635 0.525536
v -0.358623 -0.017635 0.525536
v -0.358623 -0.017635 0.525536
v -0.361235 -0.017464 0.525536
v -0.361235 -0.017464 0.525536
v -0.361235 -0.017464 0.525536
v -0.361235 -0.017464 0.525536
v -0.361235 -0.017464 0.525536
v -0.363584 -0.016306 0.525536
v -0.363584 -0.016306 0.525536
v -0.363584 -0.016306 0.525536
v -0.363584 -0.016306 0.525536
v -0.363584 -0.016306 0.525536
v -0.363584 -0.016306 0.525536
v -0.364822 -0.006897 0.525536
v -0.363584 -0.016306 0.525536
v -0.364822 -0.006897 0.525536
v -0.365980 -0.009245 0.525536
v -0.363584 -0.016306 0.525536
v -0.365980 -0.009245 0.525536
v -0.365310 -0.014337 0.525536
v -0.365310 -0.014337 0.525536
v -0.365980 -0.009245 0.525536
v -0.366152 -0.011858 0.525536
v -0.375259 -0.002275 0.520086
v -0.376100 0.000204 0.525536
v -0.376100 0.000204 0.520086
v -0.375259 -0.002275 0.525536
v -0.373532 -0.004244 0.520086
v -0.373532 -0.004244 0.525536
v -0.371184 -0.005402 0.525536
v -0.371184 -0.005402 0.520086
v -0.368572 -0.005573 0.525536
v -0.368572 -0.005573 0.520086
v -0.366092 -0.004731 0.525536
v -0.366092 -0.004731 0.520086
v -0.364124 -0.003005 0.525536
v -0.364124 -0.003005 0.520086
v -0.362966 -0.000657 0.520086
v -0.362966 -0.000657 0.525536
v -0.362794 0.001956 0.520086
v -0.362794 0.001956 0.525536
v -0.363636 0.004435 0.520086
v -0.363636 0.004435 0.525536
v -0.365362 0.006404 0.520086
v -0.365362 0.006404 0.525536
v -0.367711 0.007562 0.525536
v -0.367711 0.007562 0.520086
v -0.370323 0.007733 0.525536
v -0.370323 0.007733 0.520086
v -0.372803 0.006891 0.525536
v -0.372803 0.006891 0.520086
v -0.374771 0.005165 0.525536
v -0.374771 0.005165 0.520086
v -0.375929 0.002817 0.520086
v -0.375929 0.002817 0.525536
v -0.364826 0.001479 0.525536
v -0.365087 0.002661 0.525536
v -0.365645 0.003736 0.525536
v -0.364871 0.001683 0.525536
v -0.366462 0.004630 0.525536
v -0.367482 0.005282 0.525536
v -0.368637 0.005647 0.525536
v -0.369846 0.005702 0.525536
v -0.370050 0.005657 0.525536
v -0.371029 0.005441 0.525536
v -0.372104 0.004883 0.525536
v -0.372997 0.004066 0.525536
v -0.373649 0.003045 0.525536
v -0.374015 0.001891 0.525536
v -0.374069 0.000681 0.525536
v -0.364880 0.000269 0.525536
v -0.365246 -0.000885 0.525536
v -0.365898 -0.001906 0.525536
v -0.366791 -0.002723 0.525536
v -0.367866 -0.003281 0.525536
v -0.368845 -0.003497 0.525536
v -0.369049 -0.003541 0.525536
v -0.370258 -0.003487 0.525536
v -0.371413 -0.003122 0.525536
v -0.372433 -0.002470 0.525536
v -0.373250 -0.001576 0.525536
v -0.373808 -0.000501 0.525536
v -0.374024 0.000478 0.525536
v -0.375259 -0.002275 0.525536
v -0.375259 -0.002275 0.520086
v -0.375259 -0.002275 0.525536
v -0.373532 -0.004244 0.520086
v -0.373532 -0.004244 0.520086
v -0.373532 -0.004244 0.525536
v -0.371184 -0.005402 0.520086
v -0.371184 -0.005402 0.520086
v -0.371184 -0.005402 0.525536
v -0.368572 -0.005573 0.520086
v -0.368572 -0.005573 0.520086
v -0.368572 -0.005573 0.525536
v -0.366092 -0.004731 0.520086
v -0.366092 -0.004731 0.520086
v -0.366092 -0.004731 0.525536
v -0.364124 -0.003005 0.525536
v -0.364124 -0.003005 0.525536
v -0.364124 -0.003005 0.520086
v -0.362966 -0.000657 0.525536
v -0.362966 -0.000657 0.525536
v -0.362966 -0.000657 0.520086
v -0.362794 0.001956 0.525536
v -0.362794 0.001956 0.525536
v -0.362794 0.001956 0.520086
v -0.363636 0.004435 0.525536
v -0.363636 0.004435 0.525536
v -0.363636 0.004435 0.520086
v -0.365362 0.006404 0.520086
v -0.365362 0.006404 0.520086
v -0.365362 0.006404 0.525536
v -0.367711 0.007562 0.520086
v -0.367711 0.007562 0.520086
v -0.367711 0.007562 0.525536
v -0.370323 0.007733 0.520086
v -0.370323 0.007733 0.520086
v -0.370323 0.007733 0.525536
v -0.372803 0.006891 0.520086
v -0.372803 0.006891 0.520086
v -0.372803 0.006891 0.525536
v -0.374771 0.005165 0.525536
v -0.374771 0.005165 0.520086
v -0.374771 0.005165 0.525536
v -0.376100 0.000204 0.520086
v -0.375929 0.002817 0.525536
v -0.375929 0.002817 0.520086
v -0.375929 0.002817 0.525536
v -0.376100 0.000204 0.520086
v -0.376100 0.000204 0.525536
v -0.363636 0.004435 0.525536
v -0.362966 -0.000657 0.525536
v -0.362794 0.001956 0.525536
v -0.362966 -0.000657 0.525536
v -0.363636 0.004435 0.525536
v -0.365362 0.006404 0.525536
v -0.362966 -0.000657 0.525536
v -0.365362 0.006404 0.525536
v -0.364124 -0.003005 0.525536
v -0.364124 -0.003005 0.525536
v -0.365362 0.006404 0.525536
v -0.365362 0.006404 0.525536
v -0.365362 0.006404 0.525536
v -0.365362 0.006404 0.525536
v -0.367711 0.007562 0.525536
v -0.367711 0.007562 0.525536
v -0.367711 0.007562 0.525536
v -0.367711 0.007562 0.525536
v -0.370323 0.007733 0.525536
v -0.370323 0.007733 0.525536
v -0.370323 0.007733 0.525536
v -0.370323 0.007733 0.525536
v -0.370323 0.007733 0.525536
v -0.372803 0.006891 0.525536
v -0.372803 0.006891 0.525536
v -0.372803 0.006891 0.525536
v -0.372803 0.006891 0.525536
v -0.372803 0.006891 0.525536
v -0.374771 0.005165 0.525536
v -0.374771 0.005165 0.525536
v -0.374771 0.005165 0.525536
v -0.374771 0.005165 0.525536
v -0.364124 -0.003005 0.525536
v -0.366092 -0.004731 0.525536
v -0.364124 -0.003005 0.525536
v -0.366092 -0.004731 0.525536
v -0.366092 -0.004731 0.525536
v -0.366092 -0.004731 0.525536
v -0.366092 -0.004731 0.525536
v -0.368572 -0.005573 0.525536
v -0.368572 -0.005573 0.525536
v -0.368572 -0.005573 0.525536
v -0.368572 -0.005573 0.525536
v -0.368572 -0.005573 0.525536
v -0.371184 -0.005402 0.525536
v -0.371184 -0.005402 0.525536
v -0.371184 -0.005402 0.525536
v -0.371184 -0.005402 0.525536
v -0.371184 -0.005402 0.525536
v -0.373532 -0.004244 0.525536
v -0.373532 -0.004244 0.525536
v -0.373532 -0.004244 0.525536
v -0.373532 -0.004244 0.525536
v -0.373532 -0.004244 0.525536
v -0.373532 -0.004244 0.525536
v -0.374771 0.005165 0.525536
v -0.373532 -0.004244 0.525536
v -0.374771 0.005165 0.525536
v -0.375929 0.002817 0.525536
v -0.373532 -0.004244 0.525536
v -0.375929 0.002817 0.525536
v -0.375259 -0.002275 0.525536
v -0.375259 -0.002275 0.525536
v -0.375929 0.002817 0.525536
v -0.376100 0.000204 0.525536
v -0.392656 0.022720 0.520086
v -0.393498 0.025199 0.525536
v -0.393498 0.025199 0.520086
v -0.392656 0.022720 0.525536
v -0.390930 0.020752 0.520086
v -0.390930 0.020752 0.525536
v -0.388582 0.019594 0.525536
v -0.388582 0.019594 0.520086
v -0.385969 0.019422 0.525536
v -0.385969 0.019422 0.520086
v -0.383490 0.020264 0.525536
v -0.383490 0.020264 0.520086
v -0.381521 0.021990 0.525536
v -0.381521 0.021990 0.520086
v -0.380363 0.024338 0.520086
v -0.380363 0.024338 0.525536
v -0.380192 0.026951 0.520086
v -0.380192 0.026951 0.525536
v -0.381034 0.029430 0.520086
v -0.381034 0.029430 0.525536
v -0.382760 0.031399 0.520086
v -0.382760 0.031399 0.525536
v -0.385108 0.032557 0.525536
v -0.385108 0.032557 0.520086
v -0.387721 0.032728 0.525536
v -0.387721 0.032728 0.520086
v -0.390200 0.031887 0.525536
v -0.390200 0.031887 0.520086
v -0.392169 0.030160 0.525536
v -0.392169 0.030160 0.520086
v -0.393327 0.027812 0.520086
v -0.393327 0.027812 0.525536
v -0.382223 0.026474 0.525536
v -0.382484 0.027657 0.525536
v -0.383042 0.028731 0.525536
v -0.382268 0.026678 0.525536
v -0.383859 0.029625 0.525536
v -0.384880 0.030277 0.525536
v -0.386034 0.030643 0.525536
v -0.387244 0.030697 0.525536
v -0.387447 0.030652 0.525536
v -0.388426 0.030436 0.525536
v -0.389501 0.029878 0.525536
v -0.390395 0.029061 0.525536
v -0.391047 0.028041 0.525536
v -0.391412 0.026886 0.525536
v -0.391466 0.025676 0.525536
v -0.382278 0.025264 0.525536
v -0.382643 0.024110 0.525536
v -0.383295 0.023089 0.525536
v -0.384189 0.022272 0.525536
v -0.385263 0.021714 0.525536
v -0.386242 0.021499 0.525536
v -0.386446 0.021454 0.525536
v -0.387656 0.021508 0.525536
v -0.388810 0.021873 0.525536
v -0.389831 0.022525 0.525536
v -0.390648 0.023419 0.525536
v -0.391206 0.024494 0.525536
v -0.391421 0.025473 0.525536
v -0.392656 0.022720 0.525536
v -0.392656 0.022720 0.520086
v -0.392656 0.022720 0.525536
v -0.390930 0.020752 0.520086
v -0.390930 0.020752 0.520086
v -0.390930 0.020752 0.525536
v -0.388582 0.019594 0.520086
v -0.388582 0.019594 0.520086
v -0.388582 0.019594 0.525536
v -0.385969 0.019422 0.520086
v -0.385969 0.019422 0.520086
v -0.385969 0.019422 0.525536
v -0.383490 0.020264 0.520086
v -0.383490 0.020264 0.520086
v -0.383490 0.020264 0.525536
v -0.381521 0.021990 0.525536
v -0.381521 0.021990 0.525536
v -0.381521 0.021990 0.520086
v -0.380363 0.024338 0.525536
v -0.380363 0.024338 0.525536
v -0.380363 0.024338 0.520086
v -0.380192 0.026951 0.525536
v -0.380192 0.026951 0.525536
v -0.380192 0.026951 0.520086
v -0.381034 0.029430 0.525536
v -0.381034 0.029430 0.525536
v -0.381034 0.029430 0.520086
v -0.382760 0.031399 0.520086
v -0.382760 0.031399 0.520086
v -0.382760 0.031399 0.525536
v -0.385108 0.032557 0.520086
v -0.385108 0.032557 0.520086
v -0.385108 0.032557 0.525536
v -0.387721 0.032728 0.520086
v -0.387721 0.032728 0.520086
v -0.387721 0.032728 0.525536
v -0.390200 0.031887 0.520086
v -0.390200 0.031887 0.520086
v -0.390200 0.031887 0.525536
v -0.392169 0.030160 0.525536
v -0.392169 0.030160 0.520086
v -0.392169 0.030160 0.525536
v -0.393498 0.025199 0.520086
v -0.393327 0.027812 0.525536
v -0.393327 0.027812 0.520086
v -0.393327 0.027812 0.525536
v -0.393498 0.025199 0.520086
v -0.393498 0.025199 0.525536
v -0.381034 0.029430 0.525536
v -0.380363 0.024338 0.525536
v -0.380192 0.026951 0.525536
v -0.380363 0.024338 0.525536
v -0.381034 0.029430 0.525536
v -0.382760 0.031399 0.525536
v -0.380363 0.024338 0.525536
v -0.382760 0.031399 0.525536
v -0.381521 0.021990 0.525536
v -0.381521 0.021990 0.525536
v -0.382760 0.031399 0.525536
v -0.382760 0.031399 0.525536
v -0.382760 0.031399 0.525536
v -0.382760 0.031399 0.525536
v -0.385108 0.032557 0.525536
v -0.385108 0.032557 0.525536
v -0.385108 0.032557 0.525536
v -0.385108 0.032557 0.525536
v -0.387721 0.032728 0.525536
v -0.387721 0.032728 0.525536
v -0.387721 0.032728 0.525536
v -0.387721 0.032728 0.525536
v -0.387721 0.032728 0.525536
v -0.390200 0.031887 0.525536
v -0.390200 0.031887 0.525536
v -0.390200 0.031887 0.525536
v -0.390200 0.031887 0.525536
v -0.390200 0.031887 0.525536
v -0.392169 0.030160 0.525536
v -0.392169 0.030160 0.525536
v -0.392169 0.030160 0.525536
v -0.392169 0.030160 0.525536
v -0.381521 0.021990 0.525536
v -0.383490 0.020264 0.525536
v -0.381521 0.021990 0.525536
v -0.383490 0.020264 0.525536
v -0.383490 0.020264 0.525536
v -0.383490 0.020264 0.525536
v -0.383490 0.020264 0.525536
v -0.385969 0.019422 0.525536
v -0.385969 0.019422 0.525536
v -0.385969 0.019422 0.525536
v -0.385969 0.019422 0.525536
v -0.385969 0.019422 0.525536
v -0.388582 0.019594 0.525536
v -0.388582 0.019594 0.525536
v -0.388582 0.019594 0.525536
v -0.388582 0.019594 0.525536
v -0.388582 0.019594 0.525536
v -0.390930 0.020752 0.525536
v -0.390930 0.020752 0.525536
v -0.390930 0.020752 0.525536
v -0.390930 0.020752 0.525536
v -0.390930 0.020752 0.525536
v -0.390930 0.020752 0.525536
v -0.392169 0.030160 0.525536
v -0.390930 0.020752 0.525536
v -0.392169 0.030160 0.525536
v -0.393327 0.027812 0.525536
v -0.390930 0.020752 0.525536
v -0.393327 0.027812 0.525536
v -0.392656 0.022720 0.525536
v -0.392656 0.022720 0.525536
v -0.393327 0.027812 0.525536
v -0.393498 0.025199 0.525536
v -0.389276 -0.169394 0.516276
v -0.386697 -0.170087 0.521648
v -0.386697 -0.170087 0.516276
v -0.389276 -0.169394 0.521648
v -0.391924 -0.169740 0.516276
v -0.391924 -0.169740 0.521648
v -0.394238 -0.171073 0.521648
v -0.394238 -0.171073 0.516276
v -0.395865 -0.173191 0.521648
v -0.395865 -0.173191 0.516276
v -0.396559 -0.175770 0.521648
v -0.396559 -0.175770 0.516276
v -0.396213 -0.178418 0.521648
v -0.396213 -0.178418 0.516276
v -0.394879 -0.180732 0.516276
v -0.394879 -0.180732 0.521648
v -0.392762 -0.182359 0.516276
v -0.392762 -0.182359 0.521648
v -0.390183 -0.183053 0.516276
v -0.390183 -0.183053 0.521648
v -0.387535 -0.182706 0.516276
v -0.387535 -0.182706 0.521648
v -0.385221 -0.181373 0.521648
v -0.385221 -0.181373 0.516276
v -0.383593 -0.179256 0.521648
v -0.383593 -0.179256 0.516276
v -0.382900 -0.176677 0.521648
v -0.382900 -0.176677 0.516276
v -0.383246 -0.174029 0.521648
v -0.383246 -0.174029 0.516276
v -0.384580 -0.171715 0.516276
v -0.384580 -0.171715 0.521648
v -0.392014 -0.180367 0.521648
v -0.390863 -0.180817 0.521648
v -0.389636 -0.180954 0.521648
v -0.391816 -0.180444 0.521648
v -0.388415 -0.180768 0.521648
v -0.387283 -0.180273 0.521648
v -0.386318 -0.179502 0.521648
v -0.385586 -0.178507 0.521648
v -0.385508 -0.178309 0.521648
v -0.385136 -0.177357 0.521648
v -0.384999 -0.176130 0.521648
v -0.385184 -0.174908 0.521648
v -0.385679 -0.173777 0.521648
v -0.386451 -0.172812 0.521648
v -0.387445 -0.172080 0.521648
v -0.393008 -0.179634 0.521648
v -0.393779 -0.178669 0.521648
v -0.394275 -0.177538 0.521648
v -0.394460 -0.176317 0.521648
v -0.394323 -0.175089 0.521648
v -0.393950 -0.174137 0.521648
v -0.393873 -0.173939 0.521648
v -0.393141 -0.172944 0.521648
v -0.392176 -0.172173 0.521648
v -0.391044 -0.171678 0.521648
v -0.389823 -0.171493 0.521648
v -0.388595 -0.171630 0.521648
v -0.387643 -0.172002 0.521648
v -0.389276 -0.169394 0.521648
v -0.389276 -0.169394 0.516276
v -0.389276 -0.169394 0.521648
v -0.391924 -0.169740 0.516276
v -0.391924 -0.169740 0.516276
v -0.391924 -0.169740 0.521648
v -0.394238 -0.171073 0.516276
v -0.394238 -0.171073 0.516276
v -0.394238 -0.171073 0.521648
v -0.395865 -0.173191 0.516276
v -0.395865 -0.173191 0.516276
v -0.395865 -0.173191 0.521648
v -0.396559 -0.175770 0.516276
v -0.396559 -0.175770 0.516276
v -0.396559 -0.175770 0.521648
v -0.396213 -0.178418 0.521648
v -0.396213 -0.178418 0.521648
v -0.396213 -0.178418 0.516276
v -0.394879 -0.180732 0.521648
v -0.394879 -0.180732 0.521648
v -0.394879 -0.180732 0.516276
v -0.392762 -0.182359 0.521648
v -0.392762 -0.182359 0.521648
v -0.392762 -0.182359 0.516276
v -0.390183 -0.183053 0.521648
v -0.390183 -0.183053 0.521648
v -0.390183 -0.183053 0.516276
v -0.387535 -0.182706 0.516276
v -0.387535 -0.182706 0.516276
v -0.387535 -0.182706 0.521648
v -0.385221 -0.181373 0.516276
v -0.385221 -0.181373 0.516276
v -0.385221 -0.181373 0.521648
v -0.383593 -0.179256 0.516276
v -0.383593 -0.179256 0.516276
v -0.383593 -0.179256 0.521648
v -0.382900 -0.176677 0.516276
v -0.382900 -0.176677 0.516276
v -0.382900 -0.176677 0.521648
v -0.383246 -0.174029 0.521648
v -0.383246 -0.174029 0.516276
v -0.383246 -0.174029 0.521648
v -0.386697 -0.170087 0.516276
v -0.384580 -0.171715 0.521648
v -0.384580 -0.171715 0.516276
v -0.384580 -0.171715 0.521648
v -0.386697 -0.170087 0.516276
v -0.386697 -0.170087 0.521648
v -0.390183 -0.183053 0.521648
v -0.394879 -0.180732 0.521648
v -0.392762 -0.182359 0.521648
v -0.394879 -0.180732 0.521648
v -0.390183 -0.183053 0.521648
v -0.387535 -0.182706 0.521648
v -0.394879 -0.180732 0.521648
v -0.387535 -0.182706 0.521648
v -0.396213 -0.178418 0.521648
v -0.396213 -0.178418 0.521648
v -0.387535 -0.182706 0.521648
v -0.387535 -0.182706 0.521648
v -0.387535 -0.182706 0.521648
v -0.387535 -0.182706 0.521648
v -0.385221 -0.181373 0.521648
v -0.385221 -0.181373 0.521648
v -0.385221 -0.181373 0.521648
v -0.385221 -0.181373 0.521648
v -0.383593 -0.179256 0.521648
v -0.383593 -0.179256 0.521648
v -0.383593 -0.179256 0.521648
v -0.383593 -0.179256 0.521648
v -0.383593 -0.179256 0.521648
v -0.382900 -0.176677 0.521648
v -0.382900 -0.176677 0.521648
v -0.382900 -0.176677 0.521648
v -0.382900 -0.176677 0.521648
v -0.382900 -0.176677 0.521648
v -0.383246 -0.174029 0.521648
v -0.383246 -0.174029 0.521648
v -0.383246 -0.174029 0.521648
v -0.383246 -0.174029 0.521648
v -0.396213 -0.178418 0.521648
v -0.396559 -0.175770 0.521648
v -0.396213 -0.178418 0.521648
v -0.396559 -0.175770 0.521648
v -0.396559 -0.175770 0.521648
v -0.396559 -0.175770 0.521648
v -0.396559 -0.175770 0.521648
v -0.395865 -0.173191 0.521648
v -0.395865 -0.173191 0.521648
v -0.395865 -0.173191 0.521648
v -0.395865 -0.173191 0.521648
v -0.395865 -0.173191 0.521648
v -0.394238 -0.171073 0.521648
v -0.394238 -0.171073 0.521648
v -0.394238 -0.171073 0.521648
v -0.394238 -0.171073 0.521648
v -0.394238 -0.171073 0.521648
v -0.391924 -0.169740 0.521648
v -0.391924 -0.169740 0.521648
v -0.391924 -0.169740 0.521648
v -0.391924 -0.169740 0.521648
v -0.391924 -0.169740 0.521648
v -0.391924 -0.169740 0.521648
v -0.383246 -0.174029 0.521648
v -0.391924 -0.169740 0.521648
v -0.383246 -0.174029 0.521648
v -0.384580 -0.171715 0.521648
v -0.391924 -0.169740 0.521648
v -0.384580 -0.171715 0.521648
v -0.389276 -0.169394 0.521648
v -0.389276 -0.169394 0.521648
v -0.384580 -0.171715 0.521648
v -0.386697 -0.170087 0.521648
v -0.376276 -0.160724 0.516276
v -0.373697 -0.161417 0.521648
v -0.373697 -0.161417 0.516276
v -0.376276 -0.160724 0.521648
v -0.378924 -0.161070 0.516276
v -0.378924 -0.161070 0.521648
v -0.381238 -0.162403 0.521648
v -0.381238 -0.162403 0.516276
v -0.382865 -0.164521 0.521648
v -0.382865 -0.164521 0.516276
v -0.383559 -0.167100 0.521648
v -0.383559 -0.167100 0.516276
v -0.383213 -0.169748 0.521648
v -0.383213 -0.169748 0.516276
v -0.381879 -0.172062 0.516276
v -0.381879 -0.172062 0.521648
v -0.379762 -0.173689 0.516276
v -0.379762 -0.173689 0.521648
v -0.377183 -0.174383 0.516276
v -0.377183 -0.174383 0.521648
v -0.374535 -0.174036 0.516276
v -0.374535 -0.174036 0.521648
v -0.372221 -0.172703 0.521648
v -0.372221 -0.172703 0.516276
v -0.370593 -0.170586 0.521648
v -0.370593 -0.170586 0.516276
v -0.369900 -0.168007 0.521648
v -0.369900 -0.168007 0.516276
v -0.370246 -0.165359 0.521648
v -0.370246 -0.165359 0.516276
v -0.371579 -0.163045 0.516276
v -0.371579 -0.163045 0.521648
v -0.379014 -0.171697 0.521648
v -0.377863 -0.172147 0.521648
v -0.376636 -0.172284 0.521648
v -0.378816 -0.171774 0.521648
v -0.375415 -0.172098 0.521648
v -0.374283 -0.171603 0.521648
v -0.373318 -0.170832 0.521648
v -0.372586 -0.169837 0.521648
v -0.372508 -0.169639 0.521648
v -0.372136 -0.168687 0.521648
v -0.371999 -0.167460 0.521648
v -0.372184 -0.166238 0.521648
v -0.372679 -0.165107 0.521648
v -0.373451 -0.164142 0.521648
v -0.374445 -0.163410 0.521648
v -0.380008 -0.170964 0.521648
v -0.380779 -0.169999 0.521648
v -0.381275 -0.168868 0.521648
v -0.381460 -0.167647 0.521648
v -0.381323 -0.166419 0.521648
v -0.380950 -0.165467 0.521648
v -0.380873 -0.165269 0.521648
v -0.380141 -0.164274 0.521648
v -0.379176 -0.163503 0.521648
v -0.378044 -0.163008 0.521648
v -0.376823 -0.162823 0.521648
v -0.375595 -0.162960 0.521648
v -0.374643 -0.163332 0.521648
v -0.376276 -0.160724 0.521648
v -0.376276 -0.160724 0.516276
v -0.376276 -0.160724 0.521648
v -0.378924 -0.161070 0.516276
v -0.378924 -0.161070 0.516276
v -0.378924 -0.161070 0.521648
v -0.381238 -0.162403 0.516276
v -0.381238 -0.162403 0.516276
v -0.381238 -0.162403 0.521648
v -0.382865 -0.164521 0.516276
v -0.382865 -0.164521 0.516276
v -0.382865 -0.164521 0.521648
v -0.383559 -0.167100 0.516276
v -0.383559 -0.167100 0.516276
v -0.383559 -0.167100 0.521648
v -0.383213 -0.169748 0.521648
v -0.383213 -0.169748 0.521648
v -0.383213 -0.169748 0.516276
v -0.381879 -0.172062 0.521648
v -0.381879 -0.172062 0.521648
v -0.381879 -0.172062 0.516276
v -0.379762 -0.173689 0.521648
v -0.379762 -0.173689 0.521648
v -0.379762 -0.173689 0.516276
v -0.377183 -0.174383 0.521648
v -0.377183 -0.174383 0.521648
v -0.377183 -0.174383 0.516276
v -0.374535 -0.174036 0.516276
v -0.374535 -0.174036 0.516276
v -0.374535 -0.174036 0.521648
v -0.372221 -0.172703 0.516276
v -0.372221 -0.172703 0.516276
v -0.372221 -0.172703 0.521648
v -0.370593 -0.170586 0.516276
v -0.370593 -0.170586 0.516276
v -0.370593 -0.170586 0.521648
v -0.369900 -0.168007 0.516276
v -0.369900 -0.168007 0.516276
v -0.369900 -0.168007 0.521648
v -0.370246 -0.165359 0.521648
v -0.370246 -0.165359 0.516276
v -0.370246 -0.165359 0.521648
v -0.373697 -0.161417 0.516276
v -0.371579 -0.163045 0.521648
v -0.371579 -0.163045 0.516276
v -0.371579 -0.163045 0.521648
v -0.373697 -0.161417 0.516276
v -0.373697 -0.161417 0.521648
v -0.377183 -0.174383 0.521648
v -0.381879 -0.172062 0.521648
v -0.379762 -0.173689 0.521648
v -0.381879 -0.172062 0.521648
v -0.377183 -0.174383 0.521648
v -0.374535 -0.174036 0.521648
v -0.381879 -0.172062 0.521648
v -0.374535 -0.174036 0.521648
v -0.383213 -0.169748 0.521648
v -0.383213 -0.169748 0.521648
v -0.374535 -0.174036 0.521648
v -0.374535 -0.174036 0.521648
v -0.374535 -0.174036 0.521648
v -0.374535 -0.174036 0.521648
v -0.372221 -0.172703 0.521648
v -0.372221 -0.172703 0.521648
v -0.372221 -0.172703 0.521648
v -0.372221 -0.172703 0.521648
v -0.370593 -0.170586 0.521648
v -0.370593 -0.170586 0.521648
v -0.370593 -0.170586 0.521648
v -0.370593 -0.170586 0.521648
v -0.370593 -0.170586 0.521648
v -0.369900 -0.168007 0.521648
v -0.369900 -0.168007 0.521648
v -0.369900 -0.168007 0.521648
v -0.369900 -0.168007 0.521648
v -0.369900 -0.168007 0.521648
v -0.370246 -0.165359 0.521648
v -0.370246 -0.165359 0.521648
v -0.370246 -0.165359 0.521648
v -0.370246 -0.165359 0.521648
v -0.383213 -0.169748 0.521648
v -0.383559 -0.167100 0.521648
v -0.383213 -0.169748 0.521648
v -0.383559 -0.167100 0.521648
v -0.383559 -0.167100 0.521648
v -0.383559 -0.167100 0.521648
v -0.383559 -0.167100 0.521648
v -0.382865 -0.164521 0.521648
v -0.382865 -0.164521 0.521648
v -0.382865 -0.164521 0.521648
v -0.382865 -0.164521 0.521648
v -0.382865 -0.164521 0.521648
v -0.381238 -0.162403 0.521648
v -0.381238 -0.162403 0.521648
v -0.381238 -0.162403 0.521648
v -0.381238 -0.162403 0.521648
v -0.381238 -0.162403 0.521648
v -0.378924 -0.161070 0.521648
v -0.378924 -0.161070 0.521648
v -0.378924 -0.161070 0.521648
v -0.378924 -0.161070 0.521648
v -0.378924 -0.161070 0.521648
v -0.378924 -0.161070 0.521648
v -0.370246 -0.165359 0.521648
v -0.378924 -0.161070 0.521648
v -0.370246 -0.165359 0.521648
v -0.371579 -0.163045 0.521648
v -0.378924 -0.161070 0.521648
v -0.371579 -0.163045 0.521648
v -0.376276 -0.160724 0.521648
v -0.376276 -0.160724 0.521648
v -0.371579 -0.163045 0.521648
v -0.373697 -0.161417 0.521648
v -0.268487 -0.168349 0.517578
v -0.265908 -0.169042 0.522951
v -0.265908 -0.169042 0.517578
v -0.268487 -0.168349 0.522951
v -0.271135 -0.168695 0.517578
v -0.271135 -0.168695 0.522951
v -0.273449 -0.170028 0.522951
v -0.273449 -0.170028 0.517578
v -0.275077 -0.172146 0.522951
v -0.275077 -0.172146 0.517578
v -0.275770 -0.174725 0.522951
v -0.275770 -0.174725 0.517578
v -0.275424 -0.177373 0.522951
v -0.275424 -0.177373 0.517578
v -0.274091 -0.179687 0.517578
v -0.274091 -0.179687 0.522951
v -0.271974 -0.181314 0.517578
v -0.271974 -0.181314 0.522951
v -0.269395 -0.182008 0.517578
v -0.269395 -0.182008 0.522951
v -0.266747 -0.181661 0.517578
v -0.266747 -0.181661 0.522951
v -0.264433 -0.180328 0.522951
v -0.264433 -0.180328 0.517578
v -0.262805 -0.178211 0.522951
v -0.262805 -0.178211 0.517578
v -0.262112 -0.175632 0.522951
v -0.262112 -0.175632 0.517578
v -0.262458 -0.172984 0.522951
v -0.262458 -0.172984 0.517578
v -0.263791 -0.170670 0.517578
v -0.263791 -0.170670 0.522951
v -0.271225 -0.179322 0.522951
v -0.270075 -0.179772 0.522951
v -0.268847 -0.179909 0.522951
v -0.271027 -0.179399 0.522951
v -0.267626 -0.179723 0.522951
v -0.266495 -0.179228 0.522951
v -0.265530 -0.178457 0.522951
v -0.264797 -0.177463 0.522951
v -0.264720 -0.177264 0.522951
v -0.264347 -0.176312 0.522951
v -0.264210 -0.175085 0.522951
v -0.264396 -0.173864 0.522951
v -0.264891 -0.172732 0.522951
v -0.265662 -0.171767 0.522951
v -0.266657 -0.171035 0.522951
v -0.272220 -0.178589 0.522951
v -0.272991 -0.177625 0.522951
v -0.273486 -0.176493 0.522951
v -0.273671 -0.175272 0.522951
v -0.273535 -0.174044 0.522951
v -0.273162 -0.173092 0.522951
v -0.273084 -0.172894 0.522951
v -0.272352 -0.171899 0.522951
v -0.271387 -0.171128 0.522951
v -0.270256 -0.170633 0.522951
v -0.269035 -0.170448 0.522951
v -0.267807 -0.170585 0.522951
v -0.266855 -0.170957 0.522951
v -0.268487 -0.168349 0.522951
v -0.268487 -0.168349 0.517578
v -0.268487 -0.168349 0.522951
v -0.271135 -0.168695 0.517578
v -0.271135 -0.168695 0.517578
v -0.271135 -0.168695 0.522951
v -0.273449 -0.170028 0.517578
v -0.273449 -0.170028 0.517578
v -0.273449 -0.170028 0.522951
v -0.275077 -0.172146 0.517578
v -0.275077 -0.172146 0.517578
v -0.275077 -0.172146 0.522951
v -0.275770 -0.174725 0.517578
v -0.275770 -0.174725 0.517578
v -0.275770 -0.174725 0.522951
v -0.275424 -0.177373 0.522951
v -0.275424 -0.177373 0.522951
v -0.275424 -0.177373 0.517578
v -0.274091 -0.179687 0.522951
v -0.274091 -0.179687 0.522951
v -0.274091 -0.179687 0.517578
v -0.271974 -0.181314 0.522951
v -0.271974 -0.181314 0.522951
v -0.271974 -0.181314 0.517578
v -0.269395 -0.182008 0.522951
v -0.269395 -0.182008 0.522951
v -0.269395 -0.182008 0.517578
v -0.266747 -0.181661 0.517578
v -0.266747 -0.181661 0.517578
v -0.266747 -0.181661 0.522951
v -0.264433 -0.180328 0.517578
v -0.264433 -0.180328 0.517578
v -0.264433 -0.180328 0.522951
v -0.262805 -0.178211 0.517578
v -0.262805 -0.178211 0.517578
v -0.262805 -0.178211 0.522951
v -0.262112 -0.175632 0.517578
v -0.262112 -0.175632 0.517578
v -0.262112 -0.175632 0.522951
v -0.262458 -0.172984 0.522951
v -0.262458 -0.172984 0.517578
v -0.262458 -0.172984 0.522951
v -0.265908 -0.169042 0.517578
v -0.263791 -0.170670 0.522951
v -0.263791 -0.170670 0.517578
v -0.263791 -0.170670 0.522951
v -0.265908 -0.169042 0.517578
v -0.265908 -0.169042 0.522951
v -0.269395 -0.182008 0.522951
v -0.274091 -0.179687 0.522951
v -0.271974 -0.181314 0.522951
v -0.274091 -0.179687 0.522951
v -0.269395 -0.182008 0.522951
v -0.266747 -0.181661 0.522951
v -0.274091 -0.179687 0.522951
v -0.266747 -0.181661 0.522951
v -0.275424 -0.177373 0.522951
v -0.275424 -0.177373 0.522951
v -0.266747 -0.181661 0.522951
v -0.266747 -0.181661 0.522951
v -0.266747 -0.181661 0.522951
v -0.266747 -0.181661 0.522951
v -0.264433 -0.180328 0.522951
v -0.264433 -0.180328 0.522951
v -0.264433 -0.180328 0.522951
v -0.264433 -0.180328 0.522951
v -0.262805 -0.178211 0.522951
v -0.262805 -0.178211 0.522951
v -0.262805 -0.178211 0.522951
v -0.262805 -0.178211 0.522951
v -0.262805 -0.178211 0.522951
v -0.262112 -0.175632 0.522951
v -0.262112 -0.175632 0.522951
v -0.262112 -0.175632 0.522951
v -0.262112 -0.175632 0.522951
v -0.262112 -0.175632 0.522951
v -0.262458 -0.172984 0.522951
v -0.262458 -0.172984 0.522951
v -0.262458 -0.172984 0.522951
v -0.262458 -0.172984 0.522951
v -0.275424 -0.177373 0.522951
v -0.275770 -0.174725 0.522951
v -0.275424 -0.177373 0.522951
v -0.275770 -0.174725 0.522951
v -0.275770 -0.174725 0.522951
v -0.275770 -0.174725 0.522951
v -0.275770 -0.174725 0.522951
v -0.275077 -0.172146 0.522951
v -0.275077 -0.172146 0.522951
v -0.275077 -0.172146 0.522951
v -0.275077 -0.172146 0.522951
v -0.275077 -0.172146 0.522951
v -0.273449 -0.170028 0.522951
v -0.273449 -0.170028 0.522951
v -0.273449 -0.170028 0.522951
v -0.273449 -0.170028 0.522951
v -0.273449 -0.170028 0.522951
v -0.271135 -0.168695 0.522951
v -0.271135 -0.168695 0.522951
v -0.271135 -0.168695 0.522951
v -0.271135 -0.168695 0.522951
v -0.271135 -0.168695 0.522951
v -0.271135 -0.168695 0.522951
v -0.262458 -0.172984 0.522951
v -0.271135 -0.168695 0.522951
v -0.262458 -0.172984 0.522951
v -0.263791 -0.170670 0.522951
v -0.271135 -0.168695 0.522951
v -0.263791 -0.170670 0.522951
v -0.268487 -0.168349 0.522951
v -0.268487 -0.168349 0.522951
v -0.263791 -0.170670 0.522951
v -0.265908 -0.169042 0.522951
v -0.239622 0.015953 0.516709
v -0.237022 0.016566 0.522082
v -0.237022 0.016566 0.516709
v -0.239622 0.015953 0.522082
v -0.241789 0.014393 0.516709
v -0.241789 0.014393 0.522082
v -0.243194 0.012122 0.522082
v -0.243194 0.012122 0.516709
v -0.243623 0.009486 0.522082
v -0.243623 0.009486 0.516709
v -0.243011 0.006887 0.522082
v -0.243011 0.006887 0.516709
v -0.241451 0.004719 0.522082
v -0.241451 0.004719 0.516709
v -0.239180 0.003314 0.516709
v -0.239180 0.003314 0.522082
v -0.236544 0.002885 0.516709
v -0.236544 0.002885 0.522082
v -0.233945 0.003497 0.516709
v -0.233945 0.003497 0.522082
v -0.231777 0.005057 0.516709
v -0.231777 0.005057 0.522082
v -0.230372 0.007328 0.522082
v -0.230372 0.007328 0.516709
v -0.229943 0.009964 0.522082
v -0.229943 0.009964 0.516709
v -0.230555 0.012564 0.522082
v -0.230555 0.012564 0.516709
v -0.232115 0.014731 0.522082
v -0.232115 0.014731 0.516709
v -0.234386 0.016136 0.516709
v -0.234386 0.016136 0.522082
v -0.236830 0.004994 0.522082
v -0.235604 0.005143 0.522082
v -0.234458 0.005604 0.522082
v -0.236619 0.005020 0.522082
v -0.233471 0.006347 0.522082
v -0.232709 0.007319 0.522082
v -0.232225 0.008455 0.522082
v -0.232052 0.009678 0.522082
v -0.232078 0.009890 0.522082
v -0.232201 0.010905 0.522082
v -0.232662 0.012050 0.522082
v -0.233405 0.013038 0.522082
v -0.234377 0.013799 0.522082
v -0.235513 0.014283 0.522082
v -0.236736 0.014456 0.522082
v -0.238053 0.005167 0.522082
v -0.239189 0.005651 0.522082
v -0.240162 0.006413 0.522082
v -0.240904 0.007400 0.522082
v -0.241365 0.008546 0.522082
v -0.241489 0.009561 0.522082
v -0.241514 0.009772 0.522082
v -0.241341 0.010995 0.522082
v -0.240857 0.012131 0.522082
v -0.240095 0.013104 0.522082
v -0.239108 0.013846 0.522082
v -0.237962 0.014307 0.522082
v -0.236947 0.014431 0.522082
v -0.239622 0.015953 0.522082
v -0.239622 0.015953 0.516709
v -0.239622 0.015953 0.522082
v -0.241789 0.014393 0.516709
v -0.241789 0.014393 0.516709
v -0.241789 0.014393 0.522082
v -0.243194 0.012122 0.516709
v -0.243194 0.012122 0.516709
v -0.243194 0.012122 0.522082
v -0.243623 0.009486 0.516709
v -0.243623 0.009486 0.516709
v -0.243623 0.009486 0.522082
v -0.243011 0.006887 0.516709
v -0.243011 0.006887 0.516709
v -0.243011 0.006887 0.522082
v -0.241451 0.004719 0.522082
v -0.241451 0.004719 0.522082
v -0.241451 0.004719 0.516709
v -0.239180 0.003314 0.522082
v -0.239180 0.003314 0.522082
v -0.239180 0.003314 0.516709
v -0.236544 0.002885 0.522082
v -0.236544 0.002885 0.522082
v -0.236544 0.002885 0.516709
v -0.233945 0.003497 0.522082
v -0.233945 0.003497 0.522082
v -0.233945 0.003497 0.516709
v -0.231777 0.005057 0.516709
v -0.231777 0.005057 0.516709
v -0.231777 0.005057 0.522082
v -0.230372 0.007328 0.516709
v -0.230372 0.007328 0.516709
v -0.230372 0.007328 0.522082
v -0.229943 0.009964 0.516709
v -0.229943 0.009964 0.516709
v -0.229943 0.009964 0.522082
v -0.230555 0.012564 0.516709
v -0.230555 0.012564 0.516709
v -0.230555 0.012564 0.522082
v -0.232115 0.014731 0.522082
v -0.232115 0.014731 0.516709
v -0.232115 0.014731 0.522082
v -0.237022 0.016566 0.516709
v -0.234386 0.016136 0.522082
v -0.234386 0.016136 0.516709
v -0.234386 0.016136 0.522082
v -0.237022 0.016566 0.516709
v -0.237022 0.016566 0.522082
v -0.233945 0.003497 0.522082
v -0.239180 0.003314 0.522082
v -0.236544 0.002885 0.522082
v -0.239180 0.003314 0.522082
v -0.233945 0.003497 0.522082
v -0.231777 0.005057 0.522082
v -0.239180 0.003314 0.522082
v -0.231777 0.005057 0.522082
v -0.241451 0.004719 0.522082
v -0.241451 0.004719 0.522082
v -0.231777 0.005057 0.522082
v -0.231777 0.005057 0.522082
v -0.231777 0.005057 0.522082
v -0.231777 0.005057 0.522082
v -0.230372 0.007328 0.522082
v -0.230372 0.007328 0.522082
v -0.230372 0.007328 0.522082
v -0.230372 0.007328 0.522082
v -0.229943 0.009964 0.522082
v -0.229943 0.009964 0.522082
v -0.229943 0.009964 0.522082
v -0.229943 0.009964 0.522082
v -0.229943 0.009964 0.522082
v -0.230555 0.012564 0.522082
v -0.230555 0.012564 0.522082
v -0.230555 0.012564 0.522082
v -0.230555 0.012564 0.522082
v -0.230555 0.012564 0.522082
v -0.232115 0.014731 0.522082
v -0.232115 0.014731 0.522082
v -0.232115 0.014731 0.522082
v -0.232115 0.014731 0.522082
v -0.241451 0.004719 0.522082
v -0.243011 0.006887 0.522082
v -0.241451 0.004719 0.522082
v -0.243011 0.006887 0.522082
v -0.243011 0.006887 0.522082
v -0.243011 0.006887 0.522082
v -0.243011 0.006887 0.522082
v -0.243623 0.009486 0.522082
v -0.243623 0.009486 0.522082
v -0.243623 0.009486 0.522082
v -0.243623 0.009486 0.522082
v -0.243623 0.009486 0.522082
v -0.243194 0.012122 0.522082
v -0.243194 0.012122 0.522082
v -0.243194 0.012122 0.522082
v -0.243194 0.012122 0.522082
v -0.243194 0.012122 0.522082
v -0.241789 0.014393 0.522082
v -0.241789 0.014393 0.522082
v -0.241789 0.014393 0.522082
v -0.241789 0.014393 0.522082
v -0.241789 0.014393 0.522082
v -0.241789 0.014393 0.522082
v -0.232115 0.014731 0.522082
v -0.241789 0.014393 0.522082
v -0.232115 0.014731 0.522082
v -0.234386 0.016136 0.522082
v -0.241789 0.014393 0.522082
v -0.234386 0.016136 0.522082
v -0.239622 0.015953 0.522082
v -0.239622 0.015953 0.522082
v -0.234386 0.016136 0.522082
v -0.237022 0.016566 0.522082
v -0.224879 0.043680 0.516709
v -0.222279 0.044292 0.522082
v -0.222279 0.044292 0.516709
v -0.224879 0.043680 0.522082
v -0.227046 0.042120 0.516709
v -0.227046 0.042120 0.522082
v -0.228452 0.039849 0.522082
v -0.228452 0.039849 0.516709
v -0.228881 0.037213 0.522082
v -0.228881 0.037213 0.516709
v -0.228269 0.034614 0.522082
v -0.228269 0.034614 0.516709
v -0.226709 0.032446 0.522082
v -0.226709 0.032446 0.516709
v -0.224438 0.031041 0.516709
v -0.224438 0.031041 0.522082
v -0.221802 0.030612 0.516709
v -0.221802 0.030612 0.522082
v -0.219202 0.031224 0.516709
v -0.219202 0.031224 0.522082
v -0.217035 0.032784 0.516709
v -0.217035 0.032784 0.522082
v -0.215630 0.035055 0.522082
v -0.215630 0.035055 0.516709
v -0.215200 0.037691 0.522082
v -0.215200 0.037691 0.516709
v -0.215812 0.040290 0.522082
v -0.215812 0.040290 0.516709
v -0.217373 0.042458 0.522082
v -0.217373 0.042458 0.516709
v -0.219644 0.043863 0.516709
v -0.219644 0.043863 0.522082
v -0.222087 0.032721 0.522082
v -0.220861 0.032870 0.522082
v -0.219716 0.033331 0.522082
v -0.221876 0.032746 0.522082
v -0.218728 0.034073 0.522082
v -0.217967 0.035046 0.522082
v -0.217483 0.036182 0.522082
v -0.217309 0.037405 0.522082
v -0.217335 0.037616 0.522082
v -0.217458 0.038631 0.522082
v -0.217920 0.039777 0.522082
v -0.218662 0.040764 0.522082
v -0.219634 0.041526 0.522082
v -0.220771 0.042010 0.522082
v -0.221994 0.042183 0.522082
v -0.223310 0.032894 0.522082
v -0.224447 0.033378 0.522082
v -0.225419 0.034140 0.522082
v -0.226161 0.035127 0.522082
v -0.226623 0.036273 0.522082
v -0.226746 0.037288 0.522082
v -0.226772 0.037499 0.522082
v -0.226598 0.038722 0.522082
v -0.226115 0.039858 0.522082
v -0.225353 0.040831 0.522082
v -0.224366 0.041573 0.522082
v -0.223220 0.042034 0.522082
v -0.222205 0.042158 0.522082
v -0.224879 0.043680 0.522082
v -0.224879 0.043680 0.516709
v -0.224879 0.043680 0.522082
v -0.227046 0.042120 0.516709
v -0.227046 0.042120 0.516709
v -0.227046 0.042120 0.522082
v -0.228452 0.039849 0.516709
v -0.228452 0.039849 0.516709
v -0.228452 0.039849 0.522082
v -0.228881 0.037213 0.516709
v -0.228881 0.037213 0.516709
v -0.228881 0.037213 0.522082
v -0.228269 0.034614 0.516709
v -0.228269 0.034614 0.516709
v -0.228269 0.034614 0.522082
v -0.226709 0.032446 0.522082
v -0.226709 0.032446 0.522082
v -0.226709 0.032446 0.516709
v -0.224438 0.031041 0.522082
v -0.224438 0.031041 0.522082
v -0.224438 0.031041 0.516709
v -0.221802 0.030612 0.522082
v -0.221802 0.030612 0.522082
v -0.221802 0.030612 0.516709
v -0.219202 0.031224 0.522082
v -0.219202 0.031224 0.522082
v -0.219202 0.031224 0.516709
v -0.217035 0.032784 0.516709
v -0.217035 0.032784 0.516709
v -0.217035 0.032784 0.522082
v -0.215630 0.035055 0.516709
v -0.215630 0.035055 0.516709
v -0.215630 0.035055 0.522082
v -0.215200 0.037691 0.516709
v -0.215200 0.037691 0.516709
v -0.215200 0.037691 0.522082
v -0.215812 0.040290 0.516709
v -0.215812 0.040290 0.516709
v -0.215812 0.040290 0.522082
v -0.217373 0.042458 0.522082
v -0.217373 0.042458 0.516709
v -0.217373 0.042458 0.522082
v -0.222279 0.044292 0.516709
v -0.219644 0.043863 0.522082
v -0.219644 0.043863 0.516709
v -0.219644 0.043863 0.522082
v -0.222279 0.044292 0.516709
v -0.222279 0.044292 0.522082
v -0.219202 0.031224 0.522082
v -0.224438 0.031041 0.522082
v -0.221802 0.030612 0.522082
v -0.224438 0.031041 0.522082
v -0.219202 0.031224 0.522082
v -0.217035 0.032784 0.522082
v -0.224438 0.031041 0.522082
v -0.217035 0.032784 0.522082
v -0.226709 0.032446 0.522082
v -0.226709 0.032446 0.522082
v -0.217035 0.032784 0.522082
v -0.217035 0.032784 0.522082
v -0.217035 0.032784 0.522082
v -0.217035 0.032784 0.522082
v -0.215630 0.035055 0.522082
v -0.215630 0.035055 0.522082
v -0.215630 0.035055 0.522082
v -0.215630 0.035055 0.522082
v -0.215200 0.037691 0.522082
v -0.215200 0.037691 0.522082
v -0.215200 0.037691 0.522082
v -0.215200 0.037691 0.522082
v -0.215200 0.037691 0.522082
v -0.215812 0.040290 0.522082
v -0.215812 0.040290 0.522082
v -0.215812 0.040290 0.522082
v -0.215812 0.040290 0.522082
v -0.215812 0.040290 0.522082
v -0.217373 0.042458 0.522082
v -0.217373 0.042458 0.522082
v -0.217373 0.042458 0.522082
v -0.217373 0.042458 0.522082
v -0.226709 0.032446 0.522082
v -0.228269 0.034614 0.522082
v -0.226709 0.032446 0.522082
v -0.228269 0.034614 0.522082
v -0.228269 0.034614 0.522082
v -0.228269 0.034614 0.522082
v -0.228269 0.034614 0.522082
v -0.228881 0.037213 0.522082
v -0.228881 0.037213 0.522082
v -0.228881 0.037213 0.522082
v -0.228881 0.037213 0.522082
v -0.228881 0.037213 0.522082
v -0.228452 0.039849 0.522082
v -0.228452 0.039849 0.522082
v -0.228452 0.039849 0.522082
v -0.228452 0.039849 0.522082
v -0.228452 0.039849 0.522082
v -0.227046 0.042120 0.522082
v -0.227046 0.042120 0.522082
v -0.227046 0.042120 0.522082
v -0.227046 0.042120 0.522082
v -0.227046 0.042120 0.522082
v -0.227046 0.042120 0.522082
v -0.217373 0.042458 0.522082
v -0.227046 0.042120 0.522082
v -0.217373 0.042458 0.522082
v -0.219644 0.043863 0.522082
v -0.227046 0.042120 0.522082
v -0.219644 0.043863 0.522082
v -0.224879 0.043680 0.522082
v -0.224879 0.043680 0.522082
v -0.219644 0.043863 0.522082
v -0.222279 0.044292 0.522082
v -0.232286 0.029750 0.516709
v -0.229686 0.030363 0.522082
v -0.229686 0.030363 0.516709
v -0.232286 0.029750 0.522082
v -0.234453 0.028190 0.516709
v -0.234453 0.028190 0.522082
v -0.235858 0.025919 0.522082
v -0.235858 0.025919 0.516709
v -0.236288 0.023283 0.522082
v -0.236288 0.023283 0.516709
v -0.235675 0.020684 0.522082
v -0.235675 0.020684 0.516709
v -0.234115 0.018516 0.522082
v -0.234115 0.018516 0.516709
v -0.231844 0.017111 0.516709
v -0.231844 0.017111 0.522082
v -0.229208 0.016682 0.516709
v -0.229208 0.016682 0.522082
v -0.226609 0.017294 0.516709
v -0.226609 0.017294 0.522082
v -0.224441 0.018854 0.516709
v -0.224441 0.018854 0.522082
v -0.223036 0.021125 0.522082
v -0.223036 0.021125 0.516709
v -0.222607 0.023761 0.522082
v -0.222607 0.023761 0.516709
v -0.223219 0.026361 0.522082
v -0.223219 0.026361 0.516709
v -0.224779 0.028528 0.522082
v -0.224779 0.028528 0.516709
v -0.227050 0.029933 0.516709
v -0.227050 0.029933 0.522082
v -0.229494 0.018791 0.522082
v -0.228268 0.018940 0.522082
v -0.227122 0.019401 0.522082
v -0.229283 0.018817 0.522082
v -0.226135 0.020144 0.522082
v -0.225373 0.021116 0.522082
v -0.224889 0.022252 0.522082
v -0.224716 0.023475 0.522082
v -0.224742 0.023687 0.522082
v -0.224865 0.024701 0.522082
v -0.225326 0.025847 0.522082
v -0.226069 0.026835 0.522082
v -0.227041 0.027596 0.522082
v -0.228177 0.028080 0.522082
v -0.229400 0.028253 0.522082
v -0.230717 0.018964 0.522082
v -0.231853 0.019448 0.522082
v -0.232826 0.020210 0.522082
v -0.233568 0.021197 0.522082
v -0.234029 0.022343 0.522082
v -0.234153 0.023358 0.522082
v -0.234178 0.023569 0.522082
v -0.234005 0.024792 0.522082
v -0.233521 0.025928 0.522082
v -0.232760 0.026901 0.522082
v -0.231772 0.027643 0.522082
v -0.230626 0.028104 0.522082
v -0.229612 0.028228 0.522082
v -0.232286 0.029750 0.522082
v -0.232286 0.029750 0.516709
v -0.232286 0.029750 0.522082
v -0.234453 0.028190 0.516709
v -0.234453 0.028190 0.516709
v -0.234453 0.028190 0.522082
v -0.235858 0.025919 0.516709
v -0.235858 0.025919 0.516709
v -0.235858 0.025919 0.522082
v -0.236288 0.023283 0.516709
v -0.236288 0.023283 0.516709
v -0.236288 0.023283 0.522082
v -0.235675 0.020684 0.516709
v -0.235675 0.020684 0.516709
v -0.235675 0.020684 0.522082
v -0.234115 0.018516 0.522082
v -0.234115 0.018516 0.522082
v -0.234115 0.018516 0.516709
v -0.231844 0.017111 0.522082
v -0.231844 0.017111 0.522082
v -0.231844 0.017111 0.516709
v -0.229208 0.016682 0.522082
v -0.229208 0.016682 0.522082
v -0.229208 0.016682 0.516709
v -0.226609 0.017294 0.522082
v -0.226609 0.017294 0.522082
v -0.226609 0.017294 0.516709
v -0.224441 0.018854 0.516709
v -0.224441 0.018854 0.516709
v -0.224441 0.018854 0.522082
v -0.223036 0.021125 0.516709
v -0.223036 0.021125 0.516709
v -0.223036 0.021125 0.522082
v -0.222607 0.023761 0.516709
v -0.222607 0.023761 0.516709
v -0.222607 0.023761 0.522082
v -0.223219 0.026361 0.516709
v -0.223219 0.026361 0.516709
v -0.223219 0.026361 0.522082
v -0.224779 0.028528 0.522082
v -0.224779 0.028528 0.516709
v -0.224779 0.028528 0.522082
v -0.229686 0.030363 0.516709
v -0.227050 0.029933 0.522082
v -0.227050 0.029933 0.516709
v -0.227050 0.029933 0.522082
v -0.229686 0.030363 0.516709
v -0.229686 0.030363 0.522082
v -0.226609 0.017294 0.522082
v -0.231844 0.017111 0.522082
v -0.229208 0.016682 0.522082
v -0.231844 0.017111 0.522082
v -0.226609 0.017294 0.522082
v -0.224441 0.018854 0.522082
v -0.231844 0.017111 0.522082
v -0.224441 0.018854 0.522082
v -0.234115 0.018516 0.522082
v -0.234115 0.018516 0.522082
v -0.224441 0.018854 0.522082
v -0.224441 0.018854 0.522082
v -0.224441 0.018854 0.522082
v -0.224441 0.018854 0.522082
v -0.223036 0.021125 0.522082
v -0.223036 0.021125 0.522082
v -0.223036 0.021125 0.522082
v -0.223036 0.021125 0.522082
v -0.222607 0.023761 0.522082
v -0.222607 0.023761 0.522082
v -0.222607 0.023761 0.522082
v -0.222607 0.023761 0.522082
v -0.222607 0.023761 0.522082
v -0.223219 0.026361 0.522082
v -0.223219 0.026361 0.522082
v -0.223219 0.026361 0.522082
v -0.223219 0.026361 0.522082
v -0.223219 0.026361 0.522082
v -0.224779 0.028528 0.522082
v -0.224779 0.028528 0.522082
v -0.224779 0.028528 0.522082
v -0.224779 0.028528 0.522082
v -0.234115 0.018516 0.522082
v -0.235675 0.020684 0.522082
v -0.234115 0.018516 0.522082
v -0.235675 0.020684 0.522082
v -0.235675 0.020684 0.522082
v -0.235675 0.020684 0.522082
v -0.235675 0.020684 0.522082
v -0.236288 0.023283 0.522082
v -0.236288 0.023283 0.522082
v -0.236288 0.023283 0.522082
v -0.236288 0.023283 0.522082
v -0.236288 0.023283 0.522082
v -0.235858 0.025919 0.522082
v -0.235858 0.025919 0.522082
v -0.235858 0.025919 0.522082
v -0.235858 0.025919 0.522082
v -0.235858 0.025919 0.522082
v -0.234453 0.028190 0.522082
v -0.234453 0.028190 0.522082
v -0.234453 0.028190 0.522082
v -0.234453 0.028190 0.522082
v -0.234453 0.028190 0.522082
v -0.234453 0.028190 0.522082
v -0.224779 0.028528 0.522082
v -0.234453 0.028190 0.522082
v -0.224779 0.028528 0.522082
v -0.227050 0.029933 0.522082
v -0.234453 0.028190 0.522082
v -0.227050 0.029933 0.522082
v -0.232286 0.029750 0.522082
v -0.232286 0.029750 0.522082
v -0.227050 0.029933 0.522082
v -0.229686 0.030363 0.522082
v -0.305477 -0.165623 0.516768
v -0.302810 -0.165481 0.522140
v -0.302810 -0.165481 0.516768
v -0.305477 -0.165623 0.522140
v -0.307887 -0.166775 0.516768
v -0.307887 -0.166775 0.522140
v -0.309672 -0.168761 0.522140
v -0.309672 -0.168761 0.516768
v -0.310561 -0.171279 0.522140
v -0.310561 -0.171279 0.516768
v -0.310419 -0.173946 0.522140
v -0.310419 -0.173946 0.516768
v -0.309267 -0.176355 0.522140
v -0.309267 -0.176355 0.516768
v -0.307281 -0.178141 0.516768
v -0.307281 -0.178141 0.522140
v -0.304763 -0.179030 0.516768
v -0.304763 -0.179030 0.522140
v -0.302096 -0.178888 0.516768
v -0.302096 -0.178888 0.522140
v -0.299687 -0.177736 0.516768
v -0.299687 -0.177736 0.522140
v -0.297901 -0.175750 0.522140
v -0.297901 -0.175750 0.516768
v -0.297012 -0.173232 0.522140
v -0.297012 -0.173232 0.516768
v -0.297154 -0.170565 0.522140
v -0.297154 -0.170565 0.516768
v -0.298306 -0.168155 0.522140
v -0.298306 -0.168155 0.516768
v -0.300292 -0.166370 0.516768
v -0.300292 -0.166370 0.522140
v -0.304671 -0.176904 0.522140
v -0.303437 -0.176974 0.522140
v -0.302228 -0.176723 0.522140
v -0.304458 -0.176916 0.522140
v -0.301125 -0.176167 0.522140
v -0.300203 -0.175345 0.522140
v -0.299526 -0.174312 0.522140
v -0.299139 -0.173139 0.522140
v -0.299126 -0.172927 0.522140
v -0.299068 -0.171906 0.522140
v -0.299319 -0.170697 0.522140
v -0.299875 -0.169594 0.522140
v -0.300697 -0.168672 0.522140
v -0.301730 -0.167994 0.522140
v -0.302903 -0.167607 0.522140
v -0.305843 -0.176516 0.522140
v -0.306876 -0.175839 0.522140
v -0.307698 -0.174917 0.522140
v -0.308254 -0.173814 0.522140
v -0.308505 -0.172605 0.522140
v -0.308447 -0.171584 0.522140
v -0.308435 -0.171372 0.522140
v -0.308048 -0.170199 0.522140
v -0.307370 -0.169166 0.522140
v -0.306448 -0.168344 0.522140
v -0.305345 -0.167788 0.522140
v -0.304136 -0.167537 0.522140
v -0.303115 -0.167595 0.522140
v -0.305477 -0.165623 0.522140
v -0.305477 -0.165623 0.516768
v -0.305477 -0.165623 0.522140
v -0.307887 -0.166775 0.516768
v -0.307887 -0.166775 0.516768
v -0.307887 -0.166775 0.522140
v -0.309672 -0.168761 0.516768
v -0.309672 -0.168761 0.516768
v -0.309672 -0.168761 0.522140
v -0.310561 -0.171279 0.516768
v -0.310561 -0.171279 0.516768
v -0.310561 -0.171279 0.522140
v -0.310419 -0.173946 0.516768
v -0.310419 -0.173946 0.516768
v -0.310419 -0.173946 0.522140
v -0.309267 -0.176355 0.522140
v -0.309267 -0.176355 0.522140
v -0.309267 -0.176355 0.516768
v -0.307281 -0.178141 0.522140
v -0.307281 -0.178141 0.522140
v -0.307281 -0.178141 0.516768
v -0.304763 -0.179030 0.522140
v -0.304763 -0.179030 0.522140
v -0.304763 -0.179030 0.516768
v -0.302096 -0.178888 0.522140
v -0.302096 -0.178888 0.522140
v -0.302096 -0.178888 0.516768
v -0.299687 -0.177736 0.516768
v -0.299687 -0.177736 0.516768
v -0.299687 -0.177736 0.522140
v -0.297901 -0.175750 0.516768
v -0.297901 -0.175750 0.516768
v -0.297901 -0.175750 0.522140
v -0.297012 -0.173232 0.516768
v -0.297012 -0.173232 0.516768
v -0.297012 -0.173232 0.522140
v -0.297154 -0.170565 0.516768
v -0.297154 -0.170565 0.516768
v -0.297154 -0.170565 0.522140
v -0.298306 -0.168155 0.522140
v -0.298306 -0.168155 0.516768
v -0.298306 -0.168155 0.522140
v -0.302810 -0.165481 0.516768
v -0.300292 -0.166370 0.522140
v -0.300292 -0.166370 0.516768
v -0.300292 -0.166370 0.522140
v -0.302810 -0.165481 0.516768
v -0.302810 -0.165481 0.522140
v -0.302096 -0.178888 0.522140
v -0.307281 -0.178141 0.522140
v -0.304763 -0.179030 0.522140
v -0.307281 -0.178141 0.522140
v -0.302096 -0.178888 0.522140
v -0.299687 -0.177736 0.522140
v -0.307281 -0.178141 0.522140
v -0.299687 -0.177736 0.522140
v -0.309267 -0.176355 0.522140
v -0.309267 -0.176355 0.522140
v -0.299687 -0.177736 0.522140
v -0.299687 -0.177736 0.522140
v -0.299687 -0.177736 0.522140
v -0.299687 -0.177736 0.522140
v -0.297901 -0.175750 0.522140
v -0.297901 -0.175750 0.522140
v -0.297901 -0.175750 0.522140
v -0.297901 -0.175750 0.522140
v -0.297012 -0.173232 0.522140
v -0.297012 -0.173232 0.522140
v -0.297012 -0.173232 0.522140
v -0.297012 -0.173232 0.522140
v -0.297012 -0.173232 0.522140
v -0.297154 -0.170565 0.522140
v -0.297154 -0.170565 0.522140
v -0.297154 -0.170565 0.522140
v -0.297154 -0.170565 0.522140
v -0.297154 -0.170565 0.522140
v -0.298306 -0.168155 0.522140
v -0.298306 -0.168155 0.522140
v -0.298306 -0.168155 0.522140
v -0.298306 -0.168155 0.522140
v -0.309267 -0.176355 0.522140
v -0.310419 -0.173946 0.522140
v -0.309267 -0.176355 0.522140
v -0.310419 -0.173946 0.522140
v -0.310419 -0.173946 0.522140
v -0.310419 -0.173946 0.522140
v -0.310419 -0.173946 0.522140
v -0.310561 -0.171279 0.522140
v -0.310561 -0.171279 0.522140
v -0.310561 -0.171279 0.522140
v -0.310561 -0.171279 0.522140
v -0.310561 -0.171279 0.522140
v -0.309672 -0.168761 0.522140
v -0.309672 -0.168761 0.522140
v -0.309672 -0.168761 0.522140
v -0.309672 -0.168761 0.522140
v -0.309672 -0.168761 0.522140
v -0.307887 -0.166775 0.522140
v -0.307887 -0.166775 0.522140
v -0.307887 -0.166775 0.522140
v -0.307887 -0.166775 0.522140
v -0.307887 -0.166775 0.522140
v -0.307887 -0.166775 0.522140
v -0.298306 -0.168155 0.522140
v -0.307887 -0.166775 0.522140
v -0.298306 -0.168155 0.522140
v -0.300292 -0.166370 0.522140
v -0.307887 -0.166775 0.522140
v -0.300292 -0.166370 0.522140
v -0.305477 -0.165623 0.522140
v -0.305477 -0.165623 0.522140
v -0.300292 -0.166370 0.522140
v -0.302810 -0.165481 0.522140
v -0.307823 -0.181903 0.516768
v -0.305156 -0.181761 0.522140
v -0.305156 -0.181761 0.516768
v -0.307823 -0.181903 0.522140
v -0.310233 -0.183054 0.516768
v -0.310233 -0.183054 0.522140
v -0.312018 -0.185041 0.522140
v -0.312018 -0.185041 0.516768
v -0.312907 -0.187559 0.522140
v -0.312907 -0.187559 0.516768
v -0.312765 -0.190226 0.522140
v -0.312765 -0.190226 0.516768
v -0.311613 -0.192635 0.522140
v -0.311613 -0.192635 0.516768
v -0.309627 -0.194420 0.516768
v -0.309627 -0.194420 0.522140
v -0.307109 -0.195310 0.516768
v -0.307109 -0.195310 0.522140
v -0.304442 -0.195168 0.516768
v -0.304442 -0.195168 0.522140
v -0.302033 -0.194016 0.516768
v -0.302033 -0.194016 0.522140
v -0.300247 -0.192030 0.522140
v -0.300247 -0.192030 0.516768
v -0.299358 -0.189511 0.522140
v -0.299358 -0.189511 0.516768
v -0.299500 -0.186844 0.522140
v -0.299500 -0.186844 0.516768
v -0.300652 -0.184435 0.522140
v -0.300652 -0.184435 0.516768
v -0.302638 -0.182650 0.516768
v -0.302638 -0.182650 0.522140
v -0.307017 -0.193183 0.522140
v -0.305783 -0.193254 0.522140
v -0.304574 -0.193002 0.522140
v -0.306804 -0.193195 0.522140
v -0.303471 -0.192447 0.522140
v -0.302549 -0.191625 0.522140
v -0.301872 -0.190592 0.522140
v -0.301484 -0.189419 0.522140
v -0.301472 -0.189207 0.522140
v -0.301414 -0.188186 0.522140
v -0.301665 -0.186977 0.522140
v -0.302221 -0.185873 0.522140
v -0.303043 -0.184952 0.522140
v -0.304076 -0.184274 0.522140
v -0.305249 -0.183887 0.522140
v -0.308189 -0.192796 0.522140
v -0.309222 -0.192119 0.522140
v -0.310044 -0.191197 0.522140
v -0.310600 -0.190094 0.522140
v -0.310851 -0.188884 0.522140
v -0.310793 -0.187864 0.522140
v -0.310781 -0.187651 0.522140
v -0.310394 -0.186478 0.522140
v -0.309716 -0.185446 0.522140
v -0.308794 -0.184623 0.522140
v -0.307691 -0.184068 0.522140
v -0.306482 -0.183817 0.522140
v -0.305461 -0.183875 0.522140
v -0.307823 -0.181903 0.522140
v -0.307823 -0.181903 0.516768
v -0.307823 -0.181903 0.522140
v -0.310233 -0.183054 0.516768
v -0.310233 -0.183054 0.516768
v -0.310233 -0.183054 0.522140
v -0.312018 -0.185041 0.516768
v -0.312018 -0.185041 0.516768
v -0.312018 -0.185041 0.522140
v -0.312907 -0.187559 0.516768
v -0.312907 -0.187559 0.516768
v -0.312907 -0.187559 0.522140
v -0.312765 -0.190226 0.516768
v -0.312765 -0.190226 0.516768
v -0.312765 -0.190226 0.522140
v -0.311613 -0.192635 0.522140
v -0.311613 -0.192635 0.522140
v -0.311613 -0.192635 0.516768
v -0.309627 -0.194420 0.522140
v -0.309627 -0.194420 0.522140
v -0.309627 -0.194420 0.516768
v -0.307109 -0.195310 0.522140
v -0.307109 -0.195310 0.522140
v -0.307109 -0.195310 0.516768
v -0.304442 -0.195168 0.522140
v -0.304442 -0.195168 0.522140
v -0.304442 -0.195168 0.516768
v -0.302033 -0.194016 0.516768
v -0.302033 -0.194016 0.516768
v -0.302033 -0.194016 0.522140
v -0.300247 -0.192030 0.516768
v -0.300247 -0.192030 0.516768
v -0.300247 -0.192030 0.522140
v -0.299358 -0.189511 0.516768
v -0.299358 -0.189511 0.516768
v -0.299358 -0.189511 0.522140
v -0.299500 -0.186844 0.516768
v -0.299500 -0.186844 0.516768
v -0.299500 -0.186844 0.522140
v -0.300652 -0.184435 0.522140
v -0.300652 -0.184435 0.516768
v -0.300652 -0.184435 0.522140
v -0.305156 -0.181761 0.516768
v -0.302638 -0.182650 0.522140
v -0.302638 -0.182650 0.516768
v -0.302638 -0.182650 0.522140
v -0.305156 -0.181761 0.516768
v -0.305156 -0.181761 0.522140
v -0.304442 -0.195168 0.522140
v -0.309627 -0.194420 0.522140
v -0.307109 -0.195310 0.522140
v -0.309627 -0.194420 0.522140
v -0.304442 -0.195168 0.522140
v -0.302033 -0.194016 0.522140
v -0.309627 -0.194420 0.522140
v -0.302033 -0.194016 0.522140
v -0.311613 -0.192635 0.522140
v -0.311613 -0.192635 0.522140
v -0.302033 -0.194016 0.522140
v -0.302033 -0.194016 0.522140
v -0.302033 -0.194016 0.522140
v -0.302033 -0.194016 0.522140
v -0.300247 -0.192030 0.522140
v -0.300247 -0.192030 0.522140
v -0.300247 -0.192030 0.522140
v -0.300247 -0.192030 0.522140
v -0.299358 -0.189511 0.522140
v -0.299358 -0.189511 0.522140
v -0.299358 -0.189511 0.522140
v -0.299358 -0.189511 0.522140
v -0.299358 -0.189511 0.522140
v -0.299500 -0.186844 0.522140
v -0.299500 -0.186844 0.522140
v -0.299500 -0.186844 0.522140
v -0.299500 -0.186844 0.522140
v -0.299500 -0.186844 0.522140
v -0.300652 -0.184435 0.522140
v -0.300652 -0.184435 0.522140
v -0.300652 -0.184435 0.522140
v -0.300652 -0.184435 0.522140
v -0.311613 -0.192635 0.522140
v -0.312765 -0.190226 0.522140
v -0.311613 -0.192635 0.522140
v -0.312765 -0.190226 0.522140
v -0.312765 -0.190226 0.522140
v -0.312765 -0.190226 0.522140
v -0.312765 -0.190226 0.522140
v -0.312907 -0.187559 0.522140
v -0.312907 -0.187559 0.522140
v -0.312907 -0.187559 0.522140
v -0.312907 -0.187559 0.522140
v -0.312907 -0.187559 0.522140
v -0.312018 -0.185041 0.522140
v -0.312018 -0.185041 0.522140
v -0.312018 -0.185041 0.522140
v -0.312018 -0.185041 0.522140
v -0.312018 -0.185041 0.522140
v -0.310233 -0.183054 0.522140
v -0.310233 -0.183054 0.522140
v -0.310233 -0.183054 0.522140
v -0.310233 -0.183054 0.522140
v -0.310233 -0.183054 0.522140
v -0.310233 -0.183054 0.522140
v -0.300652 -0.184435 0.522140
v -0.310233 -0.183054 0.522140
v -0.300652 -0.184435 0.522140
v -0.302638 -0.182650 0.522140
v -0.310233 -0.183054 0.522140
v -0.302638 -0.182650 0.522140
v -0.307823 -0.181903 0.522140
v -0.307823 -0.181903 0.522140
v -0.302638 -0.182650 0.522140
v -0.305156 -0.181761 0.522140
v -0.309996 -0.196979 0.516768
v -0.307329 -0.196837 0.522140
v -0.307329 -0.196837 0.516768
v -0.309996 -0.196979 0.522140
v -0.312405 -0.198131 0.516768
v -0.312405 -0.198131 0.522140
v -0.314190 -0.200117 0.522140
v -0.314190 -0.200117 0.516768
v -0.315080 -0.202636 0.522140
v -0.315080 -0.202636 0.516768
v -0.314938 -0.205302 0.522140
v -0.314938 -0.205302 0.516768
v -0.313786 -0.207712 0.522140
v -0.313786 -0.207712 0.516768
v -0.311800 -0.209497 0.516768
v -0.311800 -0.209497 0.522140
v -0.309281 -0.210386 0.516768
v -0.309281 -0.210386 0.522140
v -0.306615 -0.210244 0.516768
v -0.306615 -0.210244 0.522140
v -0.304205 -0.209092 0.516768
v -0.304205 -0.209092 0.522140
v -0.302420 -0.207106 0.522140
v -0.302420 -0.207106 0.516768
v -0.301531 -0.204588 0.522140
v -0.301531 -0.204588 0.516768
v -0.301673 -0.201921 0.522140
v -0.301673 -0.201921 0.516768
v -0.302825 -0.199512 0.522140
v -0.302825 -0.199512 0.516768
v -0.304811 -0.197727 0.516768
v -0.304811 -0.197727 0.522140
v -0.309189 -0.208260 0.522140
v -0.307956 -0.208330 0.522140
v -0.306747 -0.208079 0.522140
v -0.308977 -0.208272 0.522140
v -0.305644 -0.207524 0.522140
v -0.304722 -0.206701 0.522140
v -0.304044 -0.205669 0.522140
v -0.303657 -0.204496 0.522140
v -0.303645 -0.204283 0.522140
v -0.303587 -0.203263 0.522140
v -0.303838 -0.202053 0.522140
v -0.304393 -0.200950 0.522140
v -0.305216 -0.200028 0.522140
v -0.306248 -0.199351 0.522140
v -0.307421 -0.198964 0.522140
v -0.310362 -0.207873 0.522140
v -0.311395 -0.207195 0.522140
v -0.312217 -0.206273 0.522140
v -0.312773 -0.205170 0.522140
v -0.313024 -0.203961 0.522140
v -0.312965 -0.202940 0.522140
v -0.312953 -0.202728 0.522140
v -0.312566 -0.201555 0.522140
v -0.311889 -0.200522 0.522140
v -0.310967 -0.199700 0.522140
v -0.309864 -0.199144 0.522140
v -0.308654 -0.198893 0.522140
v -0.307634 -0.198952 0.522140
v -0.309996 -0.196979 0.522140
v -0.309996 -0.196979 0.516768
v -0.309996 -0.196979 0.522140
v -0.312405 -0.198131 0.516768
v -0.312405 -0.198131 0.516768
v -0.312405 -0.198131 0.522140
v -0.314190 -0.200117 0.516768
v -0.314190 -0.200117 0.516768
v -0.314190 -0.200117 0.522140
v -0.315080 -0.202636 0.516768
v -0.315080 -0.202636 0.516768
v -0.315080 -0.202636 0.522140
v -0.314938 -0.205302 0.516768
v -0.314938 -0.205302 0.516768
v -0.314938 -0.205302 0.522140
v -0.313786 -0.207712 0.522140
v -0.313786 -0.207712 0.522140
v -0.313786 -0.207712 0.516768
v -0.311800 -0.209497 0.522140
v -0.311800 -0.209497 0.522140
v -0.311800 -0.209497 0.516768
v -0.309281 -0.210386 0.522140
v -0.309281 -0.210386 0.522140
v -0.309281 -0.210386 0.516768
v -0.306615 -0.210244 0.522140
v -0.306615 -0.210244 0.522140
v -0.306615 -0.210244 0.516768
v -0.304205 -0.209092 0.516768
v -0.304205 -0.209092 0.516768
v -0.304205 -0.209092 0.522140
v -0.302420 -0.207106 0.516768
v -0.302420 -0.207106 0.516768
v -0.302420 -0.207106 0.522140
v -0.301531 -0.204588 0.516768
v -0.301531 -0.204588 0.516768
v -0.301531 -0.204588 0.522140
v -0.301673 -0.201921 0.516768
v -0.301673 -0.201921 0.516768
v -0.301673 -0.201921 0.522140
v -0.302825 -0.199512 0.522140
v -0.302825 -0.199512 0.516768
v -0.302825 -0.199512 0.522140
v -0.307329 -0.196837 0.516768
v -0.304811 -0.197727 0.522140
v -0.304811 -0.197727 0.516768
v -0.304811 -0.197727 0.522140
v -0.307329 -0.196837 0.516768
v -0.307329 -0.196837 0.522140
v -0.306615 -0.210244 0.522140
v -0.311800 -0.209497 0.522140
v -0.309281 -0.210386 0.522140
v -0.311800 -0.209497 0.522140
v -0.306615 -0.210244 0.522140
v -0.304205 -0.209092 0.522140
v -0.311800 -0.209497 0.522140
v -0.304205 -0.209092 0.522140
v -0.313786 -0.207712 0.522140
v -0.313786 -0.207712 0.522140
v -0.304205 -0.209092 0.522140
v -0.304205 -0.209092 0.522140
v -0.304205 -0.209092 0.522140
v -0.304205 -0.209092 0.522140
v -0.302420 -0.207106 0.522140
v -0.302420 -0.207106 0.522140
v -0.302420 -0.207106 0.522140
v -0.302420 -0.207106 0.522140
v -0.301531 -0.204588 0.522140
v -0.301531 -0.204588 0.522140
v -0.301531 -0.204588 0.522140
v -0.301531 -0.204588 0.522140
v -0.301531 -0.204588 0.522140
v -0.301673 -0.201921 0.522140
v -0.301673 -0.201921 0.522140
v -0.301673 -0.201921 0.522140
v -0.301673 -0.201921 0.522140
v -0.301673 -0.201921 0.522140
v -0.302825 -0.199512 0.522140
v -0.302825 -0.199512 0.522140
v -0.302825 -0.199512 0.522140
v -0.302825 -0.199512 0.522140
v -0.313786 -0.207712 0.522140
v -0.314938 -0.205302 0.522140
v -0.313786 -0.207712 0.522140
v -0.314938 -0.205302 0.522140
v -0.314938 -0.205302 0.522140
v -0.314938 -0.205302 0.522140
v -0.314938 -0.205302 0.522140
v -0.315080 -0.202636 0.522140
v -0.315080 -0.202636 0.522140
v -0.315080 -0.202636 0.522140
v -0.315080 -0.202636 0.522140
v -0.315080 -0.202636 0.522140
v -0.314190 -0.200117 0.522140
v -0.314190 -0.200117 0.522140
v -0.314190 -0.200117 0.522140
v -0.314190 -0.200117 0.522140
v -0.314190 -0.200117 0.522140
v -0.312405 -0.198131 0.522140
v -0.312405 -0.198131 0.522140
v -0.312405 -0.198131 0.522140
v -0.312405 -0.198131 0.522140
v -0.312405 -0.198131 0.522140
v -0.312405 -0.198131 0.522140
v -0.302825 -0.199512 0.522140
v -0.312405 -0.198131 0.522140
v -0.302825 -0.199512 0.522140
v -0.304811 -0.197727 0.522140
v -0.312405 -0.198131 0.522140
v -0.304811 -0.197727 0.522140
v -0.309996 -0.196979 0.522140
v -0.309996 -0.196979 0.522140
v -0.304811 -0.197727 0.522140
v -0.307329 -0.196837 0.522140
v -0.312223 -0.212434 0.516768
v -0.309556 -0.212292 0.522140
v -0.309556 -0.212292 0.516768
v -0.312223 -0.212434 0.522140
v -0.314632 -0.213586 0.516768
v -0.314632 -0.213586 0.522140
v -0.316417 -0.215572 0.522140
v -0.316417 -0.215572 0.516768
v -0.317307 -0.218090 0.522140
v -0.317307 -0.218090 0.516768
v -0.317165 -0.220757 0.522140
v -0.317165 -0.220757 0.516768
v -0.316013 -0.223167 0.522140
v -0.316013 -0.223167 0.516768
v -0.314027 -0.224952 0.516768
v -0.314027 -0.224952 0.522140
v -0.311508 -0.225841 0.516768
v -0.311508 -0.225841 0.522140
v -0.308842 -0.225699 0.516768
v -0.308842 -0.225699 0.522140
v -0.306432 -0.224547 0.516768
v -0.306432 -0.224547 0.522140
v -0.304647 -0.222561 0.522140
v -0.304647 -0.222561 0.516768
v -0.303758 -0.220043 0.522140
v -0.303758 -0.220043 0.516768
v -0.303900 -0.217376 0.522140
v -0.303900 -0.217376 0.516768
v -0.305052 -0.214967 0.522140
v -0.305052 -0.214967 0.516768
v -0.307038 -0.213181 0.516768
v -0.307038 -0.213181 0.522140
v -0.311416 -0.223715 0.522140
v -0.310183 -0.223785 0.522140
v -0.308974 -0.223534 0.522140
v -0.311204 -0.223727 0.522140
v -0.307871 -0.222978 0.522140
v -0.306949 -0.222156 0.522140
v -0.306271 -0.221123 0.522140
v -0.305884 -0.219950 0.522140
v -0.305872 -0.219738 0.522140
v -0.305814 -0.218717 0.522140
v -0.306065 -0.217508 0.522140
v -0.306620 -0.216405 0.522140
v -0.307443 -0.215483 0.522140
v -0.308475 -0.214806 0.522140
v -0.309648 -0.214418 0.522140
v -0.312589 -0.223328 0.522140
v -0.313622 -0.222650 0.522140
v -0.314444 -0.221728 0.522140
v -0.315000 -0.220625 0.522140
v -0.315251 -0.219416 0.522140
v -0.315192 -0.218395 0.522140
v -0.315180 -0.218183 0.522140
v -0.314793 -0.217010 0.522140
v -0.314116 -0.215977 0.522140
v -0.313194 -0.215155 0.522140
v -0.312091 -0.214599 0.522140
v -0.310881 -0.214348 0.522140
v -0.309861 -0.214406 0.522140
v -0.312223 -0.212434 0.522140
v -0.312223 -0.212434 0.516768
v -0.312223 -0.212434 0.522140
v -0.314632 -0.213586 0.516768
v -0.314632 -0.213586 0.516768
v -0.314632 -0.213586 0.522140
v -0.316417 -0.215572 0.516768
v -0.316417 -0.215572 0.516768
v -0.316417 -0.215572 0.522140
v -0.317307 -0.218090 0.516768
v -0.317307 -0.218090 0.516768
v -0.317307 -0.218090 0.522140
v -0.317165 -0.220757 0.516768
v -0.317165 -0.220757 0.516768
v -0.317165 -0.220757 0.522140
v -0.316013 -0.223167 0.522140
v -0.316013 -0.223167 0.522140
v -0.316013 -0.223167 0.516768
v -0.314027 -0.224952 0.522140
v -0.314027 -0.224952 0.522140
v -0.314027 -0.224952 0.516768
v -0.311508 -0.225841 0.522140
v -0.311508 -0.225841 0.522140
v -0.311508 -0.225841 0.516768
v -0.308842 -0.225699 0.522140
v -0.308842 -0.225699 0.522140
v -0.308842 -0.225699 0.516768
v -0.306432 -0.224547 0.516768
v -0.306432 -0.224547 0.516768
v -0.306432 -0.224547 0.522140
v -0.304647 -0.222561 0.516768
v -0.304647 -0.222561 0.516768
v -0.304647 -0.222561 0.522140
v -0.303758 -0.220043 0.516768
v -0.303758 -0.220043 0.516768
v -0.303758 -0.220043 0.522140
v -0.303900 -0.217376 0.516768
v -0.303900 -0.217376 0.516768
v -0.303900 -0.217376 0.522140
v -0.305052 -0.214967 0.522140
v -0.305052 -0.214967 0.516768
v -0.305052 -0.214967 0.522140
v -0.309556 -0.212292 0.516768
v -0.307038 -0.213181 0.522140
v -0.307038 -0.213181 0.516768
v -0.307038 -0.213181 0.522140
v -0.309556 -0.212292 0.516768
v -0.309556 -0.212292 0.522140
v -0.308842 -0.225699 0.522140
v -0.314027 -0.224952 0.522140
v -0.311508 -0.225841 0.522140
v -0.314027 -0.224952 0.522140
v -0.308842 -0.225699 0.522140
v -0.306432 -0.224547 0.522140
v -0.314027 -0.224952 0.522140
v -0.306432 -0.224547 0.522140
v -0.316013 -0.223167 0.522140
v -0.316013 -0.223167 0.522140
v -0.306432 -0.224547 0.522140
v -0.306432 -0.224547 0.522140
v -0.306432 -0.224547 0.522140
v -0.306432 -0.224547 0.522140
v -0.304647 -0.222561 0.522140
v -0.304647 -0.222561 0.522140
v -0.304647 -0.222561 0.522140
v -0.304647 -0.222561 0.522140
v -0.303758 -0.220043 0.522140
v -0.303758 -0.220043 0.522140
v -0.303758 -0.220043 0.522140
v -0.303758 -0.220043 0.522140
v -0.303758 -0.220043 0.522140
v -0.303900 -0.217376 0.522140
v -0.303900 -0.217376 0.522140
v -0.303900 -0.217376 0.522140
v -0.303900 -0.217376 0.522140
v -0.303900 -0.217376 0.522140
v -0.305052 -0.214967 0.522140
v -0.305052 -0.214967 0.522140
v -0.305052 -0.214967 0.522140
v -0.305052 -0.214967 0.522140
v -0.316013 -0.223167 0.522140
v -0.317165 -0.220757 0.522140
v -0.316013 -0.223167 0.522140
v -0.317165 -0.220757 0.522140
v -0.317165 -0.220757 0.522140
v -0.317165 -0.220757 0.522140
v -0.317165 -0.220757 0.522140
v -0.317307 -0.218090 0.522140
v -0.317307 -0.218090 0.522140
v -0.317307 -0.218090 0.522140
v -0.317307 -0.218090 0.522140
v -0.317307 -0.218090 0.522140
v -0.316417 -0.215572 0.522140
v -0.316417 -0.215572 0.522140
v -0.316417 -0.215572 0.522140
v -0.316417 -0.215572 0.522140
v -0.316417 -0.215572 0.522140
v -0.314632 -0.213586 0.522140
v -0.314632 -0.213586 0.522140
v -0.314632 -0.213586 0.522140
v -0.314632 -0.213586 0.522140
v -0.314632 -0.213586 0.522140
v -0.314632 -0.213586 0.522140
v -0.305052 -0.214967 0.522140
v -0.314632 -0.213586 0.522140
v -0.305052 -0.214967 0.522140
v -0.307038 -0.213181 0.522140
v -0.314632 -0.213586 0.522140
v -0.307038 -0.213181 0.522140
v -0.312223 -0.212434 0.522140
v -0.312223 -0.212434 0.522140
v -0.307038 -0.213181 0.522140
v -0.309556 -0.212292 0.522140
v -0.314407 -0.227591 0.516768
v -0.311740 -0.227449 0.522140
v -0.311740 -0.227449 0.516768
v -0.314407 -0.227591 0.522140
v -0.316816 -0.228743 0.516768
v -0.316816 -0.228743 0.522140
v -0.318602 -0.230729 0.522140
v -0.318602 -0.230729 0.516768
v -0.319491 -0.233247 0.522140
v -0.319491 -0.233247 0.516768
v -0.319349 -0.235914 0.522140
v -0.319349 -0.235914 0.516768
v -0.318197 -0.238324 0.522140
v -0.318197 -0.238324 0.516768
v -0.316211 -0.240109 0.516768
v -0.316211 -0.240109 0.522140
v -0.313693 -0.240998 0.516768
v -0.313693 -0.240998 0.522140
v -0.311026 -0.240856 0.516768
v -0.311026 -0.240856 0.522140
v -0.308616 -0.239704 0.516768
v -0.308616 -0.239704 0.522140
v -0.306831 -0.237718 0.522140
v -0.306831 -0.237718 0.516768
v -0.305942 -0.235200 0.522140
v -0.305942 -0.235200 0.516768
v -0.306084 -0.232533 0.522140
v -0.306084 -0.232533 0.516768
v -0.307236 -0.230123 0.522140
v -0.307236 -0.230123 0.516768
v -0.309222 -0.228338 0.516768
v -0.309222 -0.228338 0.522140
v -0.313600 -0.238872 0.522140
v -0.312367 -0.238942 0.522140
v -0.311158 -0.238691 0.522140
v -0.313388 -0.238884 0.522140
v -0.310055 -0.238135 0.522140
v -0.309133 -0.237313 0.522140
v -0.308455 -0.236280 0.522140
v -0.308068 -0.235107 0.522140
v -0.308056 -0.234895 0.522140
v -0.307998 -0.233874 0.522140
v -0.308249 -0.232665 0.522140
v -0.308805 -0.231562 0.522140
v -0.309627 -0.230640 0.522140
v -0.310659 -0.229963 0.522140
v -0.311832 -0.229575 0.522140
v -0.314773 -0.238484 0.522140
v -0.315806 -0.237807 0.522140
v -0.316628 -0.236885 0.522140
v -0.317184 -0.235782 0.522140
v -0.317435 -0.234573 0.522140
v -0.317377 -0.233552 0.522140
v -0.317364 -0.233340 0.522140
v -0.316977 -0.232167 0.522140
v -0.316300 -0.231134 0.522140
v -0.315378 -0.230312 0.522140
v -0.314275 -0.229756 0.522140
v -0.313066 -0.229505 0.522140
v -0.312045 -0.229563 0.522140
v -0.314407 -0.227591 0.522140
v -0.314407 -0.227591 0.516768
v -0.314407 -0.227591 0.522140
v -0.316816 -0.228743 0.516768
v -0.316816 -0.228743 0.516768
v -0.316816 -0.228743 0.522140
v -0.318602 -0.230729 0.516768
v -0.318602 -0.230729 0.516768
v -0.318602 -0.230729 0.522140
v -0.319491 -0.233247 0.516768
v -0.319491 -0.233247 0.516768
v -0.319491 -0.233247 0.522140
v -0.319349 -0.235914 0.516768
v -0.319349 -0.235914 0.516768
v -0.319349 -0.235914 0.522140
v -0.318197 -0.238324 0.522140
v -0.318197 -0.238324 0.522140
v -0.318197 -0.238324 0.516768
v -0.316211 -0.240109 0.522140
v -0.316211 -0.240109 0.522140
v -0.316211 -0.240109 0.516768
v -0.313693 -0.240998 0.522140
v -0.313693 -0.240998 0.522140
v -0.313693 -0.240998 0.516768
v -0.311026 -0.240856 0.522140
v -0.311026 -0.240856 0.522140
v -0.311026 -0.240856 0.516768
v -0.308616 -0.239704 0.516768
v -0.308616 -0.239704 0.516768
v -0.308616 -0.239704 0.522140
v -0.306831 -0.237718 0.516768
v -0.306831 -0.237718 0.516768
v -0.306831 -0.237718 0.522140
v -0.305942 -0.235200 0.516768
v -0.305942 -0.235200 0.516768
v -0.305942 -0.235200 0.522140
v -0.306084 -0.232533 0.516768
v -0.306084 -0.232533 0.516768
v -0.306084 -0.232533 0.522140
v -0.307236 -0.230123 0.522140
v -0.307236 -0.230123 0.516768
v -0.307236 -0.230123 0.522140
v -0.311740 -0.227449 0.516768
v -0.309222 -0.228338 0.522140
v -0.309222 -0.228338 0.516768
v -0.309222 -0.228338 0.522140
v -0.311740 -0.227449 0.516768
v -0.311740 -0.227449 0.522140
v -0.311026 -0.240856 0.522140
v -0.316211 -0.240109 0.522140
v -0.313693 -0.240998 0.522140
v -0.316211 -0.240109 0.522140
v -0.311026 -0.240856 0.522140
v -0.308616 -0.239704 0.522140
v -0.316211 -0.240109 0.522140
v -0.308616 -0.239704 0.522140
v -0.318197 -0.238324 0.522140
v -0.318197 -0.238324 0.522140
v -0.308616 -0.239704 0.522140
v -0.308616 -0.239704 0.522140
v -0.308616 -0.239704 0.522140
v -0.308616 -0.239704 0.522140
v -0.306831 -0.237718 0.522140
v -0.306831 -0.237718 0.522140
v -0.306831 -0.237718 0.522140
v -0.306831 -0.237718 0.522140
v -0.305942 -0.235200 0.522140
v -0.305942 -0.235200 0.522140
v -0.305942 -0.235200 0.522140
v -0.305942 -0.235200 0.522140
v -0.305942 -0.235200 0.522140
v -0.306084 -0.232533 0.522140
v -0.306084 -0.232533 0.522140
v -0.306084 -0.232533 0.522140
v -0.306084 -0.232533 0.522140
v -0.306084 -0.232533 0.522140
v -0.307236 -0.230123 0.522140
v -0.307236 -0.230123 0.522140
v -0.307236 -0.230123 0.522140
v -0.307236 -0.230123 0.522140
v -0.318197 -0.238324 0.522140
v -0.319349 -0.235914 0.522140
v -0.318197 -0.238324 0.522140
v -0.319349 -0.235914 0.522140
v -0.319349 -0.235914 0.522140
v -0.319349 -0.235914 0.522140
v -0.319349 -0.235914 0.522140
v -0.319491 -0.233247 0.522140
v -0.319491 -0.233247 0.522140
v -0.319491 -0.233247 0.522140
v -0.319491 -0.233247 0.522140
v -0.319491 -0.233247 0.522140
v -0.318602 -0.230729 0.522140
v -0.318602 -0.230729 0.522140
v -0.318602 -0.230729 0.522140
v -0.318602 -0.230729 0.522140
v -0.318602 -0.230729 0.522140
v -0.316816 -0.228743 0.522140
v -0.316816 -0.228743 0.522140
v -0.316816 -0.228743 0.522140
v -0.316816 -0.228743 0.522140
v -0.316816 -0.228743 0.522140
v -0.316816 -0.228743 0.522140
v -0.307236 -0.230123 0.522140
v -0.316816 -0.228743 0.522140
v -0.307236 -0.230123 0.522140
v -0.309222 -0.228338 0.522140
v -0.316816 -0.228743 0.522140
v -0.309222 -0.228338 0.522140
v -0.314407 -0.227591 0.522140
v -0.314407 -0.227591 0.522140
v -0.309222 -0.228338 0.522140
v -0.311740 -0.227449 0.522140
v -0.351373 -0.143329 0.516276
v -0.348794 -0.144023 0.521648
v -0.348794 -0.144023 0.516276
v -0.351373 -0.143329 0.521648
v -0.354021 -0.143675 0.516276
v -0.354021 -0.143675 0.521648
v -0.356335 -0.145009 0.521648
v -0.356335 -0.145009 0.516276
v -0.357963 -0.147126 0.521648
v -0.357963 -0.147126 0.516276
v -0.358656 -0.149705 0.521648
v -0.358656 -0.149705 0.516276
v -0.358310 -0.152353 0.521648
v -0.358310 -0.152353 0.516276
v -0.356977 -0.154667 0.516276
v -0.356977 -0.154667 0.521648
v -0.354859 -0.156295 0.516276
v -0.354859 -0.156295 0.521648
v -0.352280 -0.156988 0.516276
v -0.352280 -0.156988 0.521648
v -0.349632 -0.156642 0.516276
v -0.349632 -0.156642 0.521648
v -0.347318 -0.155308 0.521648
v -0.347318 -0.155308 0.516276
v -0.345691 -0.153191 0.521648
v -0.345691 -0.153191 0.516276
v -0.344997 -0.150612 0.521648
v -0.344997 -0.150612 0.516276
v -0.345343 -0.147964 0.521648
v -0.345343 -0.147964 0.516276
v -0.346677 -0.145650 0.516276
v -0.346677 -0.145650 0.521648
v -0.354111 -0.154302 0.521648
v -0.352961 -0.154752 0.521648
v -0.351733 -0.154889 0.521648
v -0.353913 -0.154380 0.521648
v -0.350512 -0.154704 0.521648
v -0.349380 -0.154208 0.521648
v -0.348415 -0.153437 0.521648
v -0.347683 -0.152443 0.521648
v -0.347606 -0.152245 0.521648
v -0.347233 -0.151293 0.521648
v -0.347096 -0.150065 0.521648
v -0.347281 -0.148844 0.521648
v -0.347777 -0.147712 0.521648
v -0.348548 -0.146747 0.521648
v -0.349542 -0.146015 0.521648
v -0.355105 -0.153570 0.521648
v -0.355877 -0.152605 0.521648
v -0.356372 -0.151473 0.521648
v -0.356557 -0.150252 0.521648
v -0.356420 -0.149025 0.521648
v -0.356048 -0.148072 0.521648
v -0.355970 -0.147874 0.521648
v -0.355238 -0.146880 0.521648
v -0.354273 -0.146109 0.521648
v -0.353141 -0.145613 0.521648
v -0.351920 -0.145428 0.521648
v -0.350693 -0.145565 0.521648
v -0.349740 -0.145938 0.521648
v -0.351373 -0.143329 0.521648
v -0.351373 -0.143329 0.516276
v -0.351373 -0.143329 0.521648
v -0.354021 -0.143675 0.516276
v -0.354021 -0.143675 0.516276
v -0.354021 -0.143675 0.521648
v -0.356335 -0.145009 0.516276
v -0.356335 -0.145009 0.516276
v -0.356335 -0.145009 0.521648
v -0.357963 -0.147126 0.516276
v -0.357963 -0.147126 0.516276
v -0.357963 -0.147126 0.521648
v -0.358656 -0.149705 0.516276
v -0.358656 -0.149705 0.516276
v -0.358656 -0.149705 0.521648
v -0.358310 -0.152353 0.521648
v -0.358310 -0.152353 0.521648
v -0.358310 -0.152353 0.516276
v -0.356977 -0.154667 0.521648
v -0.356977 -0.154667 0.521648
v -0.356977 -0.154667 0.516276
v -0.354859 -0.156295 0.521648
v -0.354859 -0.156295 0.521648
v -0.354859 -0.156295 0.516276
v -0.352280 -0.156988 0.521648
v -0.352280 -0.156988 0.521648
v -0.352280 -0.156988 0.516276
v -0.349632 -0.156642 0.516276
v -0.349632 -0.156642 0.516276
v -0.349632 -0.156642 0.521648
v -0.347318 -0.155308 0.516276
v -0.347318 -0.155308 0.516276
v -0.347318 -0.155308 0.521648
v -0.345691 -0.153191 0.516276
v -0.345691 -0.153191 0.516276
v -0.345691 -0.153191 0.521648
v -0.344997 -0.150612 0.516276
v -0.344997 -0.150612 0.516276
v -0.344997 -0.150612 0.521648
v -0.345343 -0.147964 0.521648
v -0.345343 -0.147964 0.516276
v -0.345343 -0.147964 0.521648
v -0.348794 -0.144023 0.516276
v -0.346677 -0.145650 0.521648
v -0.346677 -0.145650 0.516276
v -0.346677 -0.145650 0.521648
v -0.348794 -0.144023 0.516276
v -0.348794 -0.144023 0.521648
v -0.352280 -0.156988 0.521648
v -0.356977 -0.154667 0.521648
v -0.354859 -0.156295 0.521648
v -0.356977 -0.154667 0.521648
v -0.352280 -0.156988 0.521648
v -0.349632 -0.156642 0.521648
v -0.356977 -0.154667 0.521648
v -0.349632 -0.156642 0.521648
v -0.358310 -0.152353 0.521648
v -0.358310 -0.152353 0.521648
v -0.349632 -0.156642 0.521648
v -0.349632 -0.156642 0.521648
v -0.349632 -0.156642 0.521648
v -0.349632 -0.156642 0.521648
v -0.347318 -0.155308 0.521648
v -0.347318 -0.155308 0.521648
v -0.347318 -0.155308 0.521648
v -0.347318 -0.155308 0.521648
v -0.345691 -0.153191 0.521648
v -0.345691 -0.153191 0.521648
v -0.345691 -0.153191 0.521648
v -0.345691 -0.153191 0.521648
v -0.345691 -0.153191 0.521648
v -0.344997 -0.150612 0.521648
v -0.344997 -0.150612 0.521648
v -0.344997 -0.150612 0.521648
v -0.344997 -0.150612 0.521648
v -0.344997 -0.150612 0.521648
v -0.345343 -0.147964 0.521648
v -0.345343 -0.147964 0.521648
v -0.345343 -0.147964 0.521648
v -0.345343 -0.147964 0.521648
v -0.358310 -0.152353 0.521648
v -0.358656 -0.149705 0.521648
v -0.358310 -0.152353 0.521648
v -0.358656 -0.149705 0.521648
v -0.358656 -0.149705 0.521648
v -0.358656 -0.149705 0.521648
v -0.358656 -0.149705 0.521648
v -0.357963 -0.147126 0.521648
v -0.357963 -0.147126 0.521648
v -0.357963 -0.147126 0.521648
v -0.357963 -0.147126 0.521648
v -0.357963 -0.147126 0.521648
v -0.356335 -0.145009 0.521648
v -0.356335 -0.145009 0.521648
v -0.356335 -0.145009 0.521648
v -0.356335 -0.145009 0.521648
v -0.356335 -0.145009 0.521648
v -0.354021 -0.143675 0.521648
v -0.354021 -0.143675 0.521648
v -0.354021 -0.143675 0.521648
v -0.354021 -0.143675 0.521648
v -0.354021 -0.143675 0.521648
v -0.354021 -0.143675 0.521648
v -0.345343 -0.147964 0.521648
v -0.354021 -0.143675 0.521648
v -0.345343 -0.147964 0.521648
v -0.346677 -0.145650 0.521648
v -0.354021 -0.143675 0.521648
v -0.346677 -0.145650 0.521648
v -0.351373 -0.143329 0.521648
v -0.351373 -0.143329 0.521648
v -0.346677 -0.145650 0.521648
v -0.348794 -0.144023 0.521648
v -0.427381 -0.147983 0.520480
v -0.424816 -0.147240 0.525852
v -0.424816 -0.147240 0.520480
v -0.427381 -0.147983 0.525852
v -0.429467 -0.149651 0.520480
v -0.429467 -0.149651 0.525852
v -0.430755 -0.151990 0.525852
v -0.430755 -0.151990 0.520480
v -0.431051 -0.154645 0.525852
v -0.431051 -0.154645 0.520480
v -0.430308 -0.157210 0.525852
v -0.430308 -0.157210 0.520480
v -0.428640 -0.159295 0.525852
v -0.428640 -0.159295 0.520480
v -0.426301 -0.160584 0.520480
v -0.426301 -0.160584 0.525852
v -0.423647 -0.160879 0.520480
v -0.423647 -0.160879 0.525852
v -0.421081 -0.160137 0.520480
v -0.421081 -0.160137 0.525852
v -0.418996 -0.158469 0.520480
v -0.418996 -0.158469 0.525852
v -0.417707 -0.156130 0.525852
v -0.417707 -0.156130 0.520480
v -0.417412 -0.153475 0.525852
v -0.417412 -0.153475 0.520480
v -0.418155 -0.150910 0.525852
v -0.418155 -0.150910 0.520480
v -0.419823 -0.148824 0.525852
v -0.419823 -0.148824 0.520480
v -0.422162 -0.147536 0.520480
v -0.422162 -0.147536 0.525852
v -0.424039 -0.158787 0.525852
v -0.422822 -0.158577 0.525852
v -0.421701 -0.158058 0.525852
v -0.423829 -0.158751 0.525852
v -0.420752 -0.157267 0.525852
v -0.420041 -0.156257 0.525852
v -0.419615 -0.155098 0.525852
v -0.419504 -0.153867 0.525852
v -0.419540 -0.153658 0.525852
v -0.419715 -0.152650 0.525852
v -0.420233 -0.151529 0.525852
v -0.421025 -0.150581 0.525852
v -0.422034 -0.149870 0.525852
v -0.423194 -0.149444 0.525852
v -0.424424 -0.149332 0.525852
v -0.425269 -0.158676 0.525852
v -0.426428 -0.158250 0.525852
v -0.427438 -0.157539 0.525852
v -0.428229 -0.156590 0.525852
v -0.428748 -0.155470 0.525852
v -0.428922 -0.154462 0.525852
v -0.428959 -0.154253 0.525852
v -0.428848 -0.153022 0.525852
v -0.428422 -0.151863 0.525852
v -0.427710 -0.150853 0.525852
v -0.426762 -0.150062 0.525852
v -0.425641 -0.149543 0.525852
v -0.424633 -0.149369 0.525852
v -0.427381 -0.147983 0.525852
v -0.427381 -0.147983 0.520480
v -0.427381 -0.147983 0.525852
v -0.429467 -0.149651 0.520480
v -0.429467 -0.149651 0.520480
v -0.429467 -0.149651 0.525852
v -0.430755 -0.151990 0.520480
v -0.430755 -0.151990 0.520480
v -0.430755 -0.151990 0.525852
v -0.431051 -0.154645 0.520480
v -0.431051 -0.154645 0.520480
v -0.431051 -0.154645 0.525852
v -0.430308 -0.157210 0.520480
v -0.430308 -0.157210 0.520480
v -0.430308 -0.157210 0.525852
v -0.428640 -0.159295 0.525852
v -0.428640 -0.159295 0.525852
v -0.428640 -0.159295 0.520480
v -0.426301 -0.160584 0.525852
v -0.426301 -0.160584 0.525852
v -0.426301 -0.160584 0.520480
v -0.423647 -0.160879 0.525852
v -0.423647 -0.160879 0.525852
v -0.423647 -0.160879 0.520480
v -0.421081 -0.160137 0.525852
v -0.421081 -0.160137 0.525852
v -0.421081 -0.160137 0.520480
v -0.418996 -0.158469 0.520480
v -0.418996 -0.158469 0.520480
v -0.418996 -0.158469 0.525852
v -0.417707 -0.156130 0.520480
v -0.417707 -0.156130 0.520480
v -0.417707 -0.156130 0.525852
v -0.417412 -0.153475 0.520480
v -0.417412 -0.153475 0.520480
v -0.417412 -0.153475 0.525852
v -0.418155 -0.150910 0.520480
v -0.418155 -0.150910 0.520480
v -0.418155 -0.150910 0.525852
v -0.419823 -0.148824 0.525852
v -0.419823 -0.148824 0.520480
v -0.419823 -0.148824 0.525852
v -0.424816 -0.147240 0.520480
v -0.422162 -0.147536 0.525852
v -0.422162 -0.147536 0.520480
v -0.422162 -0.147536 0.525852
v -0.424816 -0.147240 0.520480
v -0.424816 -0.147240 0.525852
v -0.421081 -0.160137 0.525852
v -0.426301 -0.160584 0.525852
v -0.423647 -0.160879 0.525852
v -0.426301 -0.160584 0.525852
v -0.421081 -0.160137 0.525852
v -0.418996 -0.158469 0.525852
v -0.426301 -0.160584 0.525852
v -0.418996 -0.158469 0.525852
v -0.428640 -0.159295 0.525852
v -0.428640 -0.159295 0.525852
v -0.418996 -0.158469 0.525852
v -0.418996 -0.158469 0.525852
v -0.418996 -0.158469 0.525852
v -0.418996 -0.158469 0.525852
v -0.417707 -0.156130 0.525852
v -0.417707 -0.156130 0.525852
v -0.417707 -0.156130 0.525852
v -0.417707 -0.156130 0.525852
v -0.417412 -0.153475 0.525852
v -0.417412 -0.153475 0.525852
v -0.417412 -0.153475 0.525852
v -0.417412 -0.153475 0.525852
v -0.417412 -0.153475 0.525852
v -0.418155 -0.150910 0.525852
v -0.418155 -0.150910 0.525852
v -0.418155 -0.150910 0.525852
v -0.418155 -0.150910 0.525852
v -0.418155 -0.150910 0.525852
v -0.419823 -0.148824 0.525852
v -0.419823 -0.148824 0.525852
v -0.419823 -0.148824 0.525852
v -0.419823 -0.148824 0.525852
v -0.428640 -0.159295 0.525852
v -0.430308 -0.157210 0.525852
v -0.428640 -0.159295 0.525852
v -0.430308 -0.157210 0.525852
v -0.430308 -0.157210 0.525852
v -0.430308 -0.157210 0.525852
v -0.430308 -0.157210 0.525852
v -0.431051 -0.154645 0.525852
v -0.431051 -0.154645 0.525852
v -0.431051 -0.154645 0.525852
v -0.431051 -0.154645 0.525852
v -0.431051 -0.154645 0.525852
v -0.430755 -0.151990 0.525852
v -0.430755 -0.151990 0.525852
v -0.430755 -0.151990 0.525852
v -0.430755 -0.151990 0.525852
v -0.430755 -0.151990 0.525852
v -0.429467 -0.149651 0.525852
v -0.429467 -0.149651 0.525852
v -0.429467 -0.149651 0.525852
v -0.429467 -0.149651 0.525852
v -0.429467 -0.149651 0.525852
v -0.429467 -0.149651 0.525852
v -0.419823 -0.148824 0.525852
v -0.429467 -0.149651 0.525852
v -0.419823 -0.148824 0.525852
v -0.422162 -0.147536 0.525852
v -0.429467 -0.149651 0.525852
v -0.422162 -0.147536 0.525852
v -0.427381 -0.147983 0.525852
v -0.427381 -0.147983 0.525852
v -0.422162 -0.147536 0.525852
v -0.424816 -0.147240 0.525852
v -0.415736 -0.139148 0.520538
v -0.413171 -0.138406 0.525911
v -0.413171 -0.138406 0.520538
v -0.415736 -0.139148 0.525911
v -0.417822 -0.140816 0.520538
v -0.417822 -0.140816 0.525911
v -0.419111 -0.143156 0.525911
v -0.419111 -0.143156 0.520538
v -0.419406 -0.145810 0.525911
v -0.419406 -0.145810 0.520538
v -0.418663 -0.148375 0.525911
v -0.418663 -0.148375 0.520538
v -0.416995 -0.150461 0.525911
v -0.416995 -0.150461 0.520538
v -0.414656 -0.151749 0.520538
v -0.414656 -0.151749 0.525911
v -0.412002 -0.152045 0.520538
v -0.412002 -0.152045 0.525911
v -0.409437 -0.151302 0.520538
v -0.409437 -0.151302 0.525911
v -0.407351 -0.149634 0.520538
v -0.407351 -0.149634 0.525911
v -0.406062 -0.147295 0.525911
v -0.406062 -0.147295 0.520538
v -0.405767 -0.144640 0.525911
v -0.405767 -0.144640 0.520538
v -0.406510 -0.142075 0.525911
v -0.406510 -0.142075 0.520538
v -0.408178 -0.139990 0.525911
v -0.408178 -0.139990 0.520538
v -0.410517 -0.138701 0.520538
v -0.410517 -0.138701 0.525911
v -0.412394 -0.149953 0.525911
v -0.411177 -0.149742 0.525911
v -0.410056 -0.149223 0.525911
v -0.412184 -0.149916 0.525911
v -0.409107 -0.148432 0.525911
v -0.408396 -0.147422 0.525911
v -0.407970 -0.146263 0.525911
v -0.407859 -0.145033 0.525911
v -0.407895 -0.144823 0.525911
v -0.408070 -0.143816 0.525911
v -0.408589 -0.142695 0.525911
v -0.409380 -0.141746 0.525911
v -0.410389 -0.141035 0.525911
v -0.411549 -0.140609 0.525911
v -0.412779 -0.140498 0.525911
v -0.413624 -0.149841 0.525911
v -0.414783 -0.149416 0.525911
v -0.415793 -0.148704 0.525911
v -0.416584 -0.147756 0.525911
v -0.417103 -0.146635 0.525911
v -0.417278 -0.145627 0.525911
v -0.417314 -0.145418 0.525911
v -0.417203 -0.144188 0.525911
v -0.416777 -0.143028 0.525911
v -0.416065 -0.142018 0.525911
v -0.415117 -0.141227 0.525911
v -0.413996 -0.140709 0.525911
v -0.412989 -0.140534 0.525911
v -0.415736 -0.139148 0.525911
v -0.415736 -0.139148 0.520538
v -0.415736 -0.139148 0.525911
v -0.417822 -0.140816 0.520538
v -0.417822 -0.140816 0.520538
v -0.417822 -0.140816 0.525911
v -0.419111 -0.143156 0.520538
v -0.419111 -0.143156 0.520538
v -0.419111 -0.143156 0.525911
v -0.419406 -0.145810 0.520538
v -0.419406 -0.145810 0.520538
v -0.419406 -0.145810 0.525911
v -0.418663 -0.148375 0.520538
v -0.418663 -0.148375 0.520538
v -0.418663 -0.148375 0.525911
v -0.416995 -0.150461 0.525911
v -0.416995 -0.150461 0.525911
v -0.416995 -0.150461 0.520538
v -0.414656 -0.151749 0.525911
v -0.414656 -0.151749 0.525911
v -0.414656 -0.151749 0.520538
v -0.412002 -0.152045 0.525911
v -0.412002 -0.152045 0.525911
v -0.412002 -0.152045 0.520538
v -0.409437 -0.151302 0.525911
v -0.409437 -0.151302 0.525911
v -0.409437 -0.151302 0.520538
v -0.407351 -0.149634 0.520538
v -0.407351 -0.149634 0.520538
v -0.407351 -0.149634 0.525911
v -0.406062 -0.147295 0.520538
v -0.406062 -0.147295 0.520538
v -0.406062 -0.147295 0.525911
v -0.405767 -0.144640 0.520538
v -0.405767 -0.144640 0.520538
v -0.405767 -0.144640 0.525911
v -0.406510 -0.142075 0.520538
v -0.406510 -0.142075 0.520538
v -0.406510 -0.142075 0.525911
v -0.408178 -0.139990 0.525911
v -0.408178 -0.139990 0.520538
v -0.408178 -0.139990 0.525911
v -0.413171 -0.138406 0.520538
v -0.410517 -0.138701 0.525911
v -0.410517 -0.138701 0.520538
v -0.410517 -0.138701 0.525911
v -0.413171 -0.138406 0.520538
v -0.413171 -0.138406 0.525911
v -0.409437 -0.151302 0.525911
v -0.414656 -0.151749 0.525911
v -0.412002 -0.152045 0.525911
v -0.414656 -0.151749 0.525911
v -0.409437 -0.151302 0.525911
v -0.407351 -0.149634 0.525911
v -0.414656 -0.151749 0.525911
v -0.407351 -0.149634 0.525911
v -0.416995 -0.150461 0.525911
v -0.416995 -0.150461 0.525911
v -0.407351 -0.149634 0.525911
v -0.407351 -0.149634 0.525911
v -0.407351 -0.149634 0.525911
v -0.407351 -0.149634 0.525911
v -0.406062 -0.147295 0.525911
v -0.406062 -0.147295 0.525911
v -0.406062 -0.147295 0.525911
v -0.406062 -0.147295 0.525911
v -0.405767 -0.144640 0.525911
v -0.405767 -0.144640 0.525911
v -0.405767 -0.144640 0.525911
v -0.405767 -0.144640 0.525911
v -0.405767 -0.144640 0.525911
v -0.406510 -0.142075 0.525911
v -0.406510 -0.142075 0.525911
v -0.406510 -0.142075 0.525911
v -0.406510 -0.142075 0.525911
v -0.406510 -0.142075 0.525911
v -0.408178 -0.139990 0.525911
v -0.408178 -0.139990 0.525911
v -0.408178 -0.139990 0.525911
v -0.408178 -0.139990 0.525911
v -0.416995 -0.150461 0.525911
v -0.418663 -0.148375 0.525911
v -0.416995 -0.150461 0.525911
v -0.418663 -0.148375 0.525911
v -0.418663 -0.148375 0.525911
v -0.418663 -0.148375 0.525911
v -0.418663 -0.148375 0.525911
v -0.419406 -0.145810 0.525911
v -0.419406 -0.145810 0.525911
v -0.419406 -0.145810 0.525911
v -0.419406 -0.145810 0.525911
v -0.419406 -0.145810 0.525911
v -0.419111 -0.143156 0.525911
v -0.419111 -0.143156 0.525911
v -0.419111 -0.143156 0.525911
v -0.419111 -0.143156 0.525911
v -0.419111 -0.143156 0.525911
v -0.417822 -0.140816 0.525911
v -0.417822 -0.140816 0.525911
v -0.417822 -0.140816 0.525911
v -0.417822 -0.140816 0.525911
v -0.417822 -0.140816 0.525911
v -0.417822 -0.140816 0.525911
v -0.408178 -0.139990 0.525911
v -0.417822 -0.140816 0.525911
v -0.408178 -0.139990 0.525911
v -0.410517 -0.138701 0.525911
v -0.417822 -0.140816 0.525911
v -0.410517 -0.138701 0.525911
v -0.415736 -0.139148 0.525911
v -0.415736 -0.139148 0.525911
v -0.410517 -0.138701 0.525911
v -0.413171 -0.138406 0.525911
v -0.389736 -0.119359 0.520538
v -0.387170 -0.118616 0.525911
v -0.387170 -0.118616 0.520538
v -0.389736 -0.119359 0.525911
v -0.391821 -0.121027 0.520538
v -0.391821 -0.121027 0.525911
v -0.393110 -0.123366 0.525911
v -0.393110 -0.123366 0.520538
v -0.393405 -0.126020 0.525911
v -0.393405 -0.126020 0.520538
v -0.392662 -0.128586 0.525911
v -0.392662 -0.128586 0.520538
v -0.390994 -0.130671 0.525911
v -0.390994 -0.130671 0.520538
v -0.388655 -0.131960 0.520538
v -0.388655 -0.131960 0.525911
v -0.386001 -0.132255 0.520538
v -0.386001 -0.132255 0.525911
v -0.383436 -0.131512 0.520538
v -0.383436 -0.131512 0.525911
v -0.381350 -0.129844 0.520538
v -0.381350 -0.129844 0.525911
v -0.380062 -0.127505 0.525911
v -0.380062 -0.127505 0.520538
v -0.379766 -0.124851 0.525911
v -0.379766 -0.124851 0.520538
v -0.380509 -0.122286 0.525911
v -0.380509 -0.122286 0.520538
v -0.382177 -0.120200 0.525911
v -0.382177 -0.120200 0.520538
v -0.384516 -0.118912 0.520538
v -0.384516 -0.118912 0.525911
v -0.386393 -0.130163 0.525911
v -0.385176 -0.129952 0.525911
v -0.384055 -0.129434 0.525911
v -0.386184 -0.130127 0.525911
v -0.383107 -0.128642 0.525911
v -0.382395 -0.127633 0.525911
v -0.381969 -0.126473 0.525911
v -0.381858 -0.125243 0.525911
v -0.381895 -0.125034 0.525911
v -0.382069 -0.124026 0.525911
v -0.382588 -0.122905 0.525911
v -0.383379 -0.121957 0.525911
v -0.384389 -0.121245 0.525911
v -0.385548 -0.120819 0.525911
v -0.386778 -0.120708 0.525911
v -0.387623 -0.130052 0.525911
v -0.388783 -0.129626 0.525911
v -0.389792 -0.128915 0.525911
v -0.390584 -0.127966 0.525911
v -0.391102 -0.126845 0.525911
v -0.391277 -0.125838 0.525911
v -0.391313 -0.125628 0.525911
v -0.391202 -0.124398 0.525911
v -0.390776 -0.123239 0.525911
v -0.390065 -0.122229 0.525911
v -0.389116 -0.121438 0.525911
v -0.387995 -0.120919 0.525911
v -0.386988 -0.120745 0.525911
v -0.389736 -0.119359 0.525911
v -0.389736 -0.119359 0.520538
v -0.389736 -0.119359 0.525911
v -0.391821 -0.121027 0.520538
v -0.391821 -0.121027 0.520538
v -0.391821 -0.121027 0.525911
v -0.393110 -0.123366 0.520538
v -0.393110 -0.123366 0.520538
v -0.393110 -0.123366 0.525911
v -0.393405 -0.126020 0.520538
v -0.393405 -0.126020 0.520538
v -0.393405 -0.126020 0.525911
v -0.392662 -0.128586 0.520538
v -0.392662 -0.128586 0.520538
v -0.392662 -0.128586 0.525911
v -0.390994 -0.130671 0.525911
v -0.390994 -0.130671 0.525911
v -0.390994 -0.130671 0.520538
v -0.388655 -0.131960 0.525911
v -0.388655 -0.131960 0.525911
v -0.388655 -0.131960 0.520538
v -0.386001 -0.132255 0.525911
v -0.386001 -0.132255 0.525911
v -0.386001 -0.132255 0.520538
v -0.383436 -0.131512 0.525911
v -0.383436 -0.131512 0.525911
v -0.383436 -0.131512 0.520538
v -0.381350 -0.129844 0.520538
v -0.381350 -0.129844 0.520538
v -0.381350 -0.129844 0.525911
v -0.380062 -0.127505 0.520538
v -0.380062 -0.127505 0.520538
v -0.380062 -0.127505 0.525911
v -0.379766 -0.124851 0.520538
v -0.379766 -0.124851 0.520538
v -0.379766 -0.124851 0.525911
v -0.380509 -0.122286 0.520538
v -0.380509 -0.122286 0.520538
v -0.380509 -0.122286 0.525911
v -0.382177 -0.120200 0.525911
v -0.382177 -0.120200 0.520538
v -0.382177 -0.120200 0.525911
v -0.387170 -0.118616 0.520538
v -0.384516 -0.118912 0.525911
v -0.384516 -0.118912 0.520538
v -0.384516 -0.118912 0.525911
v -0.387170 -0.118616 0.520538
v -0.387170 -0.118616 0.525911
v -0.383436 -0.131512 0.525911
v -0.388655 -0.131960 0.525911
v -0.386001 -0.132255 0.525911
v -0.388655 -0.131960 0.525911
v -0.383436 -0.131512 0.525911
v -0.381350 -0.129844 0.525911
v -0.388655 -0.131960 0.525911
v -0.381350 -0.129844 0.525911
v -0.390994 -0.130671 0.525911
v -0.390994 -0.130671 0.525911
v -0.381350 -0.129844 0.525911
v -0.381350 -0.129844 0.525911
v -0.381350 -0.129844 0.525911
v -0.381350 -0.129844 0.525911
v -0.380062 -0.127505 0.525911
v -0.380062 -0.127505 0.525911
v -0.380062 -0.127505 0.525911
v -0.380062 -0.127505 0.525911
v -0.379766 -0.124851 0.525911
v -0.379766 -0.124851 0.525911
v -0.379766 -0.124851 0.525911
v -0.379766 -0.124851 0.525911
v -0.379766 -0.124851 0.525911
v -0.380509 -0.122286 0.525911
v -0.380509 -0.122286 0.525911
v -0.380509 -0.122286 0.525911
v -0.380509 -0.122286 0.525911
v -0.380509 -0.122286 0.525911
v -0.382177 -0.120200 0.525911
v -0.382177 -0.120200 0.525911
v -0.382177 -0.120200 0.525911
v -0.382177 -0.120200 0.525911
v -0.390994 -0.130671 0.525911
v -0.392662 -0.128586 0.525911
v -0.390994 -0.130671 0.525911
v -0.392662 -0.128586 0.525911
v -0.392662 -0.128586 0.525911
v -0.392662 -0.128586 0.525911
v -0.392662 -0.128586 0.525911
v -0.393405 -0.126020 0.525911
v -0.393405 -0.126020 0.525911
v -0.393405 -0.126020 0.525911
v -0.393405 -0.126020 0.525911
v -0.393405 -0.126020 0.525911
v -0.393110 -0.123366 0.525911
v -0.393110 -0.123366 0.525911
v -0.393110 -0.123366 0.525911
v -0.393110 -0.123366 0.525911
v -0.393110 -0.123366 0.525911
v -0.391821 -0.121027 0.525911
v -0.391821 -0.121027 0.525911
v -0.391821 -0.121027 0.525911
v -0.391821 -0.121027 0.525911
v -0.391821 -0.121027 0.525911
v -0.391821 -0.121027 0.525911
v -0.382177 -0.120200 0.525911
v -0.391821 -0.121027 0.525911
v -0.382177 -0.120200 0.525911
v -0.384516 -0.118912 0.525911
v -0.391821 -0.121027 0.525911
v -0.384516 -0.118912 0.525911
v -0.389736 -0.119359 0.525911
v -0.389736 -0.119359 0.525911
v -0.384516 -0.118912 0.525911
v -0.387170 -0.118616 0.525911
v -0.378224 -0.111114 0.520538
v -0.375659 -0.110371 0.525911
v -0.375659 -0.110371 0.520538
v -0.378224 -0.111114 0.525911
v -0.380310 -0.112782 0.520538
v -0.380310 -0.112782 0.525911
v -0.381599 -0.115121 0.525911
v -0.381599 -0.115121 0.520538
v -0.381894 -0.117775 0.525911
v -0.381894 -0.117775 0.520538
v -0.381151 -0.120340 0.525911
v -0.381151 -0.120340 0.520538
v -0.379483 -0.122426 0.525911
v -0.379483 -0.122426 0.520538
v -0.377144 -0.123715 0.520538
v -0.377144 -0.123715 0.525911
v -0.374490 -0.124010 0.520538
v -0.374490 -0.124010 0.525911
v -0.371925 -0.123267 0.520538
v -0.371925 -0.123267 0.525911
v -0.369839 -0.121599 0.520538
v -0.369839 -0.121599 0.525911
v -0.368550 -0.119260 0.525911
v -0.368550 -0.119260 0.520538
v -0.368255 -0.116606 0.525911
v -0.368255 -0.116606 0.520538
v -0.368998 -0.114041 0.525911
v -0.368998 -0.114041 0.520538
v -0.370666 -0.111955 0.525911
v -0.370666 -0.111955 0.520538
v -0.373005 -0.110666 0.520538
v -0.373005 -0.110666 0.525911
v -0.374882 -0.121918 0.525911
v -0.373665 -0.121707 0.525911
v -0.372544 -0.121188 0.525911
v -0.374672 -0.121882 0.525911
v -0.371595 -0.120397 0.525911
v -0.370884 -0.119388 0.525911
v -0.370458 -0.118228 0.525911
v -0.370347 -0.116998 0.525911
v -0.370383 -0.116788 0.525911
v -0.370558 -0.115781 0.525911
v -0.371077 -0.114660 0.525911
v -0.371868 -0.113712 0.525911
v -0.372877 -0.113000 0.525911
v -0.374037 -0.112574 0.525911
v -0.375267 -0.112463 0.525911
v -0.376112 -0.121807 0.525911
v -0.377271 -0.121381 0.525911
v -0.378281 -0.120670 0.525911
v -0.379072 -0.119721 0.525911
v -0.379591 -0.118600 0.525911
v -0.379766 -0.117593 0.525911
v -0.379802 -0.117383 0.525911
v -0.379691 -0.116153 0.525911
v -0.379265 -0.114994 0.525911
v -0.378553 -0.113984 0.525911
v -0.377605 -0.113193 0.525911
v -0.376484 -0.112674 0.525911
v -0.375477 -0.112499 0.525911
v -0.378224 -0.111114 0.525911
v -0.378224 -0.111114 0.520538
v -0.378224 -0.111114 0.525911
v -0.380310 -0.112782 0.520538
v -0.380310 -0.112782 0.520538
v -0.380310 -0.112782 0.525911
v -0.381599 -0.115121 0.520538
v -0.381599 -0.115121 0.520538
v -0.381599 -0.115121 0.525911
v -0.381894 -0.117775 0.520538
v -0.381894 -0.117775 0.520538
v -0.381894 -0.117775 0.525911
v -0.381151 -0.120340 0.520538
v -0.381151 -0.120340 0.520538
v -0.381151 -0.120340 0.525911
v -0.379483 -0.122426 0.525911
v -0.379483 -0.122426 0.525911
v -0.379483 -0.122426 0.520538
v -0.377144 -0.123715 0.525911
v -0.377144 -0.123715 0.525911
v -0.377144 -0.123715 0.520538
v -0.374490 -0.124010 0.525911
v -0.374490 -0.124010 0.525911
v -0.374490 -0.124010 0.520538
v -0.371925 -0.123267 0.525911
v -0.371925 -0.123267 0.525911
v -0.371925 -0.123267 0.520538
v -0.369839 -0.121599 0.520538
v -0.369839 -0.121599 0.520538
v -0.369839 -0.121599 0.525911
v -0.368550 -0.119260 0.520538
v -0.368550 -0.119260 0.520538
v -0.368550 -0.119260 0.525911
v -0.368255 -0.116606 0.520538
v -0.368255 -0.116606 0.520538
v -0.368255 -0.116606 0.525911
v -0.368998 -0.114041 0.520538
v -0.368998 -0.114041 0.520538
v -0.368998 -0.114041 0.525911
v -0.370666 -0.111955 0.525911
v -0.370666 -0.111955 0.520538
v -0.370666 -0.111955 0.525911
v -0.375659 -0.110371 0.520538
v -0.373005 -0.110666 0.525911
v -0.373005 -0.110666 0.520538
v -0.373005 -0.110666 0.525911
v -0.375659 -0.110371 0.520538
v -0.375659 -0.110371 0.525911
v -0.371925 -0.123267 0.525911
v -0.377144 -0.123715 0.525911
v -0.374490 -0.124010 0.525911
v -0.377144 -0.123715 0.525911
v -0.371925 -0.123267 0.525911
v -0.369839 -0.121599 0.525911
v -0.377144 -0.123715 0.525911
v -0.369839 -0.121599 0.525911
v -0.379483 -0.122426 0.525911
v -0.379483 -0.122426 0.525911
v -0.369839 -0.121599 0.525911
v -0.369839 -0.121599 0.525911
v -0.369839 -0.121599 0.525911
v -0.369839 -0.121599 0.525911
v -0.368550 -0.119260 0.525911
v -0.368550 -0.119260 0.525911
v -0.368550 -0.119260 0.525911
v -0.368550 -0.119260 0.525911
v -0.368255 -0.116606 0.525911
v -0.368255 -0.116606 0.525911
v -0.368255 -0.116606 0.525911
v -0.368255 -0.116606 0.525911
v -0.368255 -0.116606 0.525911
v -0.368998 -0.114041 0.525911
v -0.368998 -0.114041 0.525911
v -0.368998 -0.114041 0.525911
v -0.368998 -0.114041 0.525911
v -0.368998 -0.114041 0.525911
v -0.370666 -0.111955 0.525911
v -0.370666 -0.111955 0.525911
v -0.370666 -0.111955 0.525911
v -0.370666 -0.111955 0.525911
v -0.379483 -0.122426 0.525911
v -0.381151 -0.120340 0.525911
v -0.379483 -0.122426 0.525911
v -0.381151 -0.120340 0.525911
v -0.381151 -0.120340 0.525911
v -0.381151 -0.120340 0.525911
v -0.381151 -0.120340 0.525911
v -0.381894 -0.117775 0.525911
v -0.381894 -0.117775 0.525911
v -0.381894 -0.117775 0.525911
v -0.381894 -0.117775 0.525911
v -0.381894 -0.117775 0.525911
v -0.381599 -0.115121 0.525911
v -0.381599 -0.115121 0.525911
v -0.381599 -0.115121 0.525911
v -0.381599 -0.115121 0.525911
v -0.381599 -0.115121 0.525911
v -0.380310 -0.112782 0.525911
v -0.380310 -0.112782 0.525911
v -0.380310 -0.112782 0.525911
v -0.380310 -0.112782 0.525911
v -0.380310 -0.112782 0.525911
v -0.380310 -0.112782 0.525911
v -0.370666 -0.111955 0.525911
v -0.380310 -0.112782 0.525911
v -0.370666 -0.111955 0.525911
v -0.373005 -0.110666 0.525911
v -0.380310 -0.112782 0.525911
v -0.373005 -0.110666 0.525911
v -0.378224 -0.111114 0.525911
v -0.378224 -0.111114 0.525911
v -0.373005 -0.110666 0.525911
v -0.375659 -0.110371 0.525911
v -0.403292 -0.129188 0.520538
v -0.400727 -0.128446 0.525911
v -0.400727 -0.128446 0.520538
v -0.403292 -0.129188 0.525911
v -0.405378 -0.130856 0.520538
v -0.405378 -0.130856 0.525911
v -0.406666 -0.133195 0.525911
v -0.406666 -0.133195 0.520538
v -0.406962 -0.135850 0.525911
v -0.406962 -0.135850 0.520538
v -0.406219 -0.138415 0.525911
v -0.406219 -0.138415 0.520538
v -0.404551 -0.140501 0.525911
v -0.404551 -0.140501 0.520538
v -0.402212 -0.141789 0.520538
v -0.402212 -0.141789 0.525911
v -0.399558 -0.142085 0.520538
v -0.399558 -0.142085 0.525911
v -0.396992 -0.141342 0.520538
v -0.396992 -0.141342 0.525911
v -0.394907 -0.139674 0.520538
v -0.394907 -0.139674 0.525911
v -0.393618 -0.137335 0.525911
v -0.393618 -0.137335 0.520538
v -0.393323 -0.134680 0.525911
v -0.393323 -0.134680 0.520538
v -0.394066 -0.132115 0.525911
v -0.394066 -0.132115 0.520538
v -0.395733 -0.130030 0.525911
v -0.395733 -0.130030 0.520538
v -0.398073 -0.128741 0.520538
v -0.398073 -0.128741 0.525911
v -0.399950 -0.139993 0.525911
v -0.398733 -0.139782 0.525911
v -0.397612 -0.139263 0.525911
v -0.399740 -0.139956 0.525911
v -0.396663 -0.138472 0.525911
v -0.395952 -0.137462 0.525911
v -0.395526 -0.136303 0.525911
v -0.395415 -0.135072 0.525911
v -0.395451 -0.134863 0.525911
v -0.395626 -0.133855 0.525911
v -0.396144 -0.132734 0.525911
v -0.396935 -0.131786 0.525911
v -0.397945 -0.131075 0.525911
v -0.399105 -0.130649 0.525911
v -0.400335 -0.130538 0.525911
v -0.401180 -0.139881 0.525911
v -0.402339 -0.139455 0.525911
v -0.403349 -0.138744 0.525911
v -0.404140 -0.137796 0.525911
v -0.404659 -0.136675 0.525911
v -0.404833 -0.135667 0.525911
v -0.404870 -0.135458 0.525911
v -0.404758 -0.134227 0.525911
v -0.404333 -0.133068 0.525911
v -0.403621 -0.132058 0.525911
v -0.402673 -0.131267 0.525911
v -0.401552 -0.130748 0.525911
v -0.400544 -0.130574 0.525911
v -0.403292 -0.129188 0.525911
v -0.403292 -0.129188 0.520538
v -0.403292 -0.129188 0.525911
v -0.405378 -0.130856 0.520538
v -0.405378 -0.130856 0.520538
v -0.405378 -0.130856 0.525911
v -0.406666 -0.133195 0.520538
v -0.406666 -0.133195 0.520538
v -0.406666 -0.133195 0.525911
v -0.406962 -0.135850 0.520538
v -0.406962 -0.135850 0.520538
v -0.406962 -0.135850 0.525911
v -0.406219 -0.138415 0.520538
v -0.406219 -0.138415 0.520538
v -0.406219 -0.138415 0.525911
v -0.404551 -0.140501 0.525911
v -0.404551 -0.140501 0.525911
v -0.404551 -0.140501 0.520538
v -0.402212 -0.141789 0.525911
v -0.402212 -0.141789 0.525911
v -0.402212 -0.141789 0.520538
v -0.399558 -0.142085 0.525911
v -0.399558 -0.142085 0.525911
v -0.399558 -0.142085 0.520538
v -0.396992 -0.141342 0.525911
v -0.396992 -0.141342 0.525911
v -0.396992 -0.141342 0.520538
v -0.394907 -0.139674 0.520538
v -0.394907 -0.139674 0.520538
v -0.394907 -0.139674 0.525911
v -0.393618 -0.137335 0.520538
v -0.393618 -0.137335 0.520538
v -0.393618 -0.137335 0.525911
v -0.393323 -0.134680 0.520538
v -0.393323 -0.134680 0.520538
v -0.393323 -0.134680 0.525911
v -0.394066 -0.132115 0.520538
v -0.394066 -0.132115 0.520538
v -0.394066 -0.132115 0.525911
v -0.395733 -0.130030 0.525911
v -0.395733 -0.130030 0.520538
v -0.395733 -0.130030 0.525911
v -0.400727 -0.128446 0.520538
v -0.398073 -0.128741 0.525911
v -0.398073 -0.128741 0.520538
v -0.398073 -0.128741 0.525911
v -0.400727 -0.128446 0.520538
v -0.400727 -0.128446 0.525911
v -0.396992 -0.141342 0.525911
v -0.402212 -0.141789 0.525911
v -0.399558 -0.142085 0.525911
v -0.402212 -0.141789 0.525911
v -0.396992 -0.141342 0.525911
v -0.394907 -0.139674 0.525911
v -0.402212 -0.141789 0.525911
v -0.394907 -0.139674 0.525911
v -0.404551 -0.140501 0.525911
v -0.404551 -0.140501 0.525911
v -0.394907 -0.139674 0.525911
v -0.394907 -0.139674 0.525911
v -0.394907 -0.139674 0.525911
v -0.394907 -0.139674 0.525911
v -0.393618 -0.137335 0.525911
v -0.393618 -0.137335 0.525911
v -0.393618 -0.137335 0.525911
v -0.393618 -0.137335 0.525911
v -0.393323 -0.134680 0.525911
v -0.393323 -0.134680 0.525911
v -0.393323 -0.134680 0.525911
v -0.393323 -0.134680 0.525911
v -0.393323 -0.134680 0.525911
v -0.394066 -0.132115 0.525911
v -0.394066 -0.132115 0.525911
v -0.394066 -0.132115 0.525911
v -0.394066 -0.132115 0.525911
v -0.394066 -0.132115 0.525911
v -0.395733 -0.130030 0.525911
v -0.395733 -0.130030 0.525911
v -0.395733 -0.130030 0.525911
v -0.395733 -0.130030 0.525911
v -0.404551 -0.140501 0.525911
v -0.406219 -0.138415 0.525911
v -0.404551 -0.140501 0.525911
v -0.406219 -0.138415 0.525911
v -0.406219 -0.138415 0.525911
v -0.406219 -0.138415 0.525911
v -0.406219 -0.138415 0.525911
v -0.406962 -0.135850 0.525911
v -0.406962 -0.135850 0.525911
v -0.406962 -0.135850 0.525911
v -0.406962 -0.135850 0.525911
v -0.406962 -0.135850 0.525911
v -0.406666 -0.133195 0.525911
v -0.406666 -0.133195 0.525911
v -0.406666 -0.133195 0.525911
v -0.406666 -0.133195 0.525911
v -0.406666 -0.133195 0.525911
v -0.405378 -0.130856 0.525911
v -0.405378 -0.130856 0.525911
v -0.405378 -0.130856 0.525911
v -0.405378 -0.130856 0.525911
v -0.405378 -0.130856 0.525911
v -0.405378 -0.130856 0.525911
v -0.395733 -0.130030 0.525911
v -0.405378 -0.130856 0.525911
v -0.395733 -0.130030 0.525911
v -0.398073 -0.128741 0.525911
v -0.405378 -0.130856 0.525911
v -0.398073 -0.128741 0.525911
v -0.403292 -0.129188 0.525911
v -0.403292 -0.129188 0.525911
v -0.398073 -0.128741 0.525911
v -0.400727 -0.128446 0.525911
v -0.447149 -0.059746 0.516794
v -0.449114 -0.057777 0.522009
v -0.449114 -0.057777 0.516794
v -0.447149 -0.059746 0.522009
v -0.444580 -0.060813 0.516794
v -0.444580 -0.060813 0.522009
v -0.441799 -0.060815 0.522009
v -0.441799 -0.060815 0.516794
v -0.439228 -0.059753 0.522009
v -0.439228 -0.059753 0.516794
v -0.437259 -0.057788 0.522009
v -0.437259 -0.057788 0.516794
v -0.436192 -0.055219 0.522009
v -0.436192 -0.055219 0.516794
v -0.436190 -0.052437 0.516794
v -0.436190 -0.052437 0.522009
v -0.437252 -0.049866 0.516794
v -0.437252 -0.049866 0.522009
v -0.439217 -0.047898 0.516794
v -0.439217 -0.047898 0.522009
v -0.441786 -0.046831 0.516794
v -0.441786 -0.046831 0.522009
v -0.444568 -0.046828 0.522009
v -0.444568 -0.046828 0.516794
v -0.447139 -0.047891 0.522009
v -0.447139 -0.047891 0.516794
v -0.449107 -0.049856 0.522009
v -0.449107 -0.049856 0.516794
v -0.450174 -0.052425 0.522009
v -0.450174 -0.052425 0.516794
v -0.450177 -0.055207 0.516794
v -0.450177 -0.055207 0.522009
v -0.438965 -0.051274 0.522009
v -0.439768 -0.050269 0.522009
v -0.440804 -0.049506 0.522009
v -0.439103 -0.051101 0.522009
v -0.442002 -0.049037 0.522009
v -0.443281 -0.048895 0.522009
v -0.444553 -0.049088 0.522009
v -0.445731 -0.049603 0.522009
v -0.445904 -0.049742 0.522009
v -0.446736 -0.050407 0.522009
v -0.447499 -0.051443 0.522009
v -0.447968 -0.052641 0.522009
v -0.448111 -0.053919 0.522009
v -0.447917 -0.055191 0.522009
v -0.447402 -0.056370 0.522009
v -0.438449 -0.052452 0.522009
v -0.438256 -0.053724 0.522009
v -0.438399 -0.055003 0.522009
v -0.438867 -0.056201 0.522009
v -0.439630 -0.057237 0.522009
v -0.440462 -0.057902 0.522009
v -0.440635 -0.058040 0.522009
v -0.441814 -0.058556 0.522009
v -0.443086 -0.058749 0.522009
v -0.444364 -0.058606 0.522009
v -0.445563 -0.058138 0.522009
v -0.446598 -0.057375 0.522009
v -0.447263 -0.056543 0.522009
v -0.440462 -0.057902 0.523926
v -0.439630 -0.057237 0.523926
v -0.440635 -0.058040 0.523926
v -0.447263 -0.056543 0.523926
v -0.447402 -0.056370 0.523926
v -0.447917 -0.055191 0.523926
v -0.448111 -0.053919 0.523926
v -0.447968 -0.052641 0.523926
v -0.447499 -0.051443 0.523926
v -0.446736 -0.050407 0.523926
v -0.445904 -0.049742 0.523926
v -0.445731 -0.049603 0.523926
v -0.439768 -0.050269 0.523926
v -0.439103 -0.051101 0.523926
v -0.438965 -0.051274 0.523926
v -0.438449 -0.052452 0.523926
v -0.438256 -0.053724 0.523926
v -0.438399 -0.055003 0.523926
v -0.438867 -0.056201 0.523926
v -0.447149 -0.059746 0.522009
v -0.447149 -0.059746 0.516794
v -0.447149 -0.059746 0.522009
v -0.444580 -0.060813 0.516794
v -0.444580 -0.060813 0.516794
v -0.444580 -0.060813 0.522009
v -0.441799 -0.060815 0.516794
v -0.441799 -0.060815 0.516794
v -0.441799 -0.060815 0.522009
v -0.439228 -0.059753 0.516794
v -0.439228 -0.059753 0.516794
v -0.439228 -0.059753 0.522009
v -0.437259 -0.057788 0.516794
v -0.437259 -0.057788 0.516794
v -0.437259 -0.057788 0.522009
v -0.436192 -0.055219 0.522009
v -0.436192 -0.055219 0.522009
v -0.436192 -0.055219 0.516794
v -0.436190 -0.052437 0.522009
v -0.436190 -0.052437 0.522009
v -0.436190 -0.052437 0.516794
v -0.437252 -0.049866 0.522009
v -0.437252 -0.049866 0.522009
v -0.437252 -0.049866 0.516794
v -0.439217 -0.047898 0.522009
v -0.439217 -0.047898 0.522009
v -0.439217 -0.047898 0.516794
v -0.441786 -0.046831 0.516794
v -0.441786 -0.046831 0.516794
v -0.441786 -0.046831 0.522009
v -0.444568 -0.046828 0.516794
v -0.444568 -0.046828 0.516794
v -0.444568 -0.046828 0.522009
v -0.447139 -0.047891 0.516794
v -0.447139 -0.047891 0.516794
v -0.447139 -0.047891 0.522009
v -0.449107 -0.049856 0.516794
v -0.449107 -0.049856 0.516794
v -0.449107 -0.049856 0.522009
v -0.450174 -0.052425 0.522009
v -0.450174 -0.052425 0.516794
v -0.450174 -0.052425 0.522009
v -0.449114 -0.057777 0.516794
v -0.450177 -0.055207 0.522009
v -0.450177 -0.055207 0.516794
v -0.450177 -0.055207 0.522009
v -0.449114 -0.057777 0.516794
v -0.449114 -0.057777 0.522009
v -0.439217 -0.047898 0.522009
v -0.436190 -0.052437 0.522009
v -0.437252 -0.049866 0.522009
v -0.436190 -0.052437 0.522009
v -0.439217 -0.047898 0.522009
v -0.441786 -0.046831 0.522009
v -0.436190 -0.052437 0.522009
v -0.441786 -0.046831 0.522009
v -0.436192 -0.055219 0.522009
v -0.436192 -0.055219 0.522009
v -0.441786 -0.046831 0.522009
v -0.441786 -0.046831 0.522009
v -0.441786 -0.046831 0.522009
v -0.441786 -0.046831 0.522009
v -0.444568 -0.046828 0.522009
v -0.444568 -0.046828 0.522009
v -0.444568 -0.046828 0.522009
v -0.444568 -0.046828 0.522009
v -0.447139 -0.047891 0.522009
v -0.447139 -0.047891 0.522009
v -0.447139 -0.047891 0.522009
v -0.447139 -0.047891 0.522009
v -0.447139 -0.047891 0.522009
v -0.449107 -0.049856 0.522009
v -0.449107 -0.049856 0.522009
v -0.449107 -0.049856 0.522009
v -0.449107 -0.049856 0.522009
v -0.449107 -0.049856 0.522009
v -0.450174 -0.052425 0.522009
v -0.450174 -0.052425 0.522009
v -0.450174 -0.052425 0.522009
v -0.450174 -0.052425 0.522009
v -0.436192 -0.055219 0.522009
v -0.437259 -0.057788 0.522009
v -0.436192 -0.055219 0.522009
v -0.437259 -0.057788 0.522009
v -0.437259 -0.057788 0.522009
v -0.437259 -0.057788 0.522009
v -0.437259 -0.057788 0.522009
v -0.439228 -0.059753 0.522009
v -0.439228 -0.059753 0.522009
v -0.439228 -0.059753 0.522009
v -0.439228 -0.059753 0.522009
v -0.439228 -0.059753 0.522009
v -0.441799 -0.060815 0.522009
v -0.441799 -0.060815 0.522009
v -0.441799 -0.060815 0.522009
v -0.441799 -0.060815 0.522009
v -0.441799 -0.060815 0.522009
v -0.444580 -0.060813 0.522009
v -0.444580 -0.060813 0.522009
v -0.444580 -0.060813 0.522009
v -0.444580 -0.060813 0.522009
v -0.444580 -0.060813 0.522009
v -0.444580 -0.060813 0.522009
v -0.450174 -0.052425 0.522009
v -0.444580 -0.060813 0.522009
v -0.450174 -0.052425 0.522009
v -0.450177 -0.055207 0.522009
v -0.444580 -0.060813 0.522009
v -0.450177 -0.055207 0.522009
v -0.447149 -0.059746 0.522009
v -0.447149 -0.059746 0.522009
v -0.450177 -0.055207 0.522009
v -0.449114 -0.057777 0.522009
v -0.439630 -0.057237 0.522009
v -0.440462 -0.057902 0.522009
v -0.439630 -0.057237 0.522009
v -0.440462 -0.057902 0.522009
v -0.440635 -0.058040 0.522009
v -0.440462 -0.057902 0.522009
v -0.447402 -0.056370 0.522009
v -0.447402 -0.056370 0.522009
v -0.447263 -0.056543 0.522009
v -0.447402 -0.056370 0.523926
v -0.447917 -0.055191 0.522009
v -0.447917 -0.055191 0.522009
v -0.447402 -0.056370 0.523926
v -0.447402 -0.056370 0.522009
v -0.447917 -0.055191 0.523926
v -0.448111 -0.053919 0.522009
v -0.448111 -0.053919 0.522009
v -0.447917 -0.055191 0.523926
v -0.447917 -0.055191 0.522009
v -0.448111 -0.053919 0.523926
v -0.447968 -0.052641 0.522009
v -0.447968 -0.052641 0.522009
v -0.448111 -0.053919 0.523926
v -0.448111 -0.053919 0.522009
v -0.447968 -0.052641 0.522009
v -0.447499 -0.051443 0.522009
v -0.447968 -0.052641 0.522009
v -0.447968 -0.052641 0.523926
v -0.447499 -0.051443 0.522009
v -0.446736 -0.050407 0.522009
v -0.447499 -0.051443 0.522009
v -0.447499 -0.051443 0.523926
v -0.446736 -0.050407 0.522009
v -0.445904 -0.049742 0.522009
v -0.446736 -0.050407 0.522009
v -0.446736 -0.050407 0.523926
v -0.445904 -0.049742 0.522009
v -0.445731 -0.049603 0.522009
v -0.445904 -0.049742 0.522009
v -0.439103 -0.051101 0.522009
v -0.439768 -0.050269 0.522009
v -0.439103 -0.051101 0.522009
v -0.438449 -0.052452 0.522009
v -0.438965 -0.051274 0.522009
v -0.438449 -0.052452 0.522009
v -0.438256 -0.053724 0.522009
v -0.438449 -0.052452 0.523926
v -0.438449 -0.052452 0.522009
v -0.438449 -0.052452 0.523926
v -0.438256 -0.053724 0.522009
v -0.438399 -0.055003 0.522009
v -0.438256 -0.053724 0.523926
v -0.438256 -0.053724 0.522009
v -0.438256 -0.053724 0.523926
v -0.438399 -0.055003 0.522009
v -0.438399 -0.055003 0.522009
v -0.438867 -0.056201 0.522009
v -0.438399 -0.055003 0.522009
v -0.438399 -0.055003 0.523926
v -0.439630 -0.057237 0.523926
v -0.438867 -0.056201 0.522009
v -0.439630 -0.057237 0.522009
v -0.438867 -0.056201 0.522009
v -0.439630 -0.057237 0.523926
v -0.438867 -0.056201 0.523926
v -0.268950 0.020701 0.516709
v -0.267810 0.023116 0.522082
v -0.267810 0.023116 0.516709
v -0.268950 0.020701 0.522082
v -0.269078 0.018033 0.516709
v -0.269078 0.018033 0.522082
v -0.268175 0.015520 0.522082
v -0.268175 0.015520 0.516709
v -0.266380 0.013543 0.522082
v -0.266380 0.013543 0.516709
v -0.263964 0.012404 0.522082
v -0.263964 0.012404 0.516709
v -0.261297 0.012276 0.522082
v -0.261297 0.012276 0.516709
v -0.258783 0.013178 0.516709
v -0.258783 0.013178 0.522082
v -0.256806 0.014974 0.516709
v -0.256806 0.014974 0.522082
v -0.255667 0.017389 0.516709
v -0.255667 0.017389 0.522082
v -0.255539 0.020057 0.516709
v -0.255539 0.020057 0.522082
v -0.256441 0.022570 0.522082
v -0.256441 0.022570 0.516709
v -0.258237 0.024547 0.522082
v -0.258237 0.024547 0.516709
v -0.260653 0.025686 0.522082
v -0.260653 0.025686 0.516709
v -0.263320 0.025814 0.522082
v -0.263320 0.025814 0.516709
v -0.265834 0.024912 0.516709
v -0.265834 0.024912 0.522082
v -0.258635 0.016063 0.522082
v -0.257988 0.017115 0.522082
v -0.257636 0.018299 0.522082
v -0.258523 0.016244 0.522082
v -0.257602 0.019534 0.522082
v -0.257889 0.020735 0.522082
v -0.258477 0.021821 0.522082
v -0.259326 0.022718 0.522082
v -0.259508 0.022830 0.522082
v -0.260379 0.023365 0.522082
v -0.261563 0.023717 0.522082
v -0.262797 0.023751 0.522082
v -0.263999 0.023464 0.522082
v -0.265085 0.022876 0.522082
v -0.265982 0.022027 0.522082
v -0.259532 0.015214 0.522082
v -0.260618 0.014626 0.522082
v -0.261819 0.014339 0.522082
v -0.263054 0.014373 0.522082
v -0.264238 0.014725 0.522082
v -0.265109 0.015260 0.522082
v -0.265290 0.015371 0.522082
v -0.266139 0.016268 0.522082
v -0.266728 0.017355 0.522082
v -0.267014 0.018556 0.522082
v -0.266981 0.019791 0.522082
v -0.266628 0.020974 0.522082
v -0.266093 0.021846 0.522082
v -0.268950 0.020701 0.522082
v -0.268950 0.020701 0.516709
v -0.268950 0.020701 0.522082
v -0.269078 0.018033 0.516709
v -0.269078 0.018033 0.516709
v -0.269078 0.018033 0.522082
v -0.268175 0.015520 0.516709
v -0.268175 0.015520 0.516709
v -0.268175 0.015520 0.522082
v -0.266380 0.013543 0.516709
v -0.266380 0.013543 0.516709
v -0.266380 0.013543 0.522082
v -0.263964 0.012404 0.516709
v -0.263964 0.012404 0.516709
v -0.263964 0.012404 0.522082
v -0.261297 0.012276 0.522082
v -0.261297 0.012276 0.522082
v -0.261297 0.012276 0.516709
v -0.258783 0.013178 0.522082
v -0.258783 0.013178 0.522082
v -0.258783 0.013178 0.516709
v -0.256806 0.014974 0.522082
v -0.256806 0.014974 0.522082
v -0.256806 0.014974 0.516709
v -0.255667 0.017389 0.522082
v -0.255667 0.017389 0.522082
v -0.255667 0.017389 0.516709
v -0.255539 0.020057 0.516709
v -0.255539 0.020057 0.516709
v -0.255539 0.020057 0.522082
v -0.256441 0.022570 0.516709
v -0.256441 0.022570 0.516709
v -0.256441 0.022570 0.522082
v -0.258237 0.024547 0.516709
v -0.258237 0.024547 0.516709
v -0.258237 0.024547 0.522082
v -0.260653 0.025686 0.516709
v -0.260653 0.025686 0.516709
v -0.260653 0.025686 0.522082
v -0.263320 0.025814 0.522082
v -0.263320 0.025814 0.516709
v -0.263320 0.025814 0.522082
v -0.267810 0.023116 0.516709
v -0.265834 0.024912 0.522082
v -0.265834 0.024912 0.516709
v -0.265834 0.024912 0.522082
v -0.267810 0.023116 0.516709
v -0.267810 0.023116 0.522082
v -0.255667 0.017389 0.522082
v -0.258783 0.013178 0.522082
v -0.256806 0.014974 0.522082
v -0.258783 0.013178 0.522082
v -0.255667 0.017389 0.522082
v -0.255539 0.020057 0.522082
v -0.258783 0.013178 0.522082
v -0.255539 0.020057 0.522082
v -0.261297 0.012276 0.522082
v -0.261297 0.012276 0.522082
v -0.255539 0.020057 0.522082
v -0.255539 0.020057 0.522082
v -0.255539 0.020057 0.522082
v -0.255539 0.020057 0.522082
v -0.256441 0.022570 0.522082
v -0.256441 0.022570 0.522082
v -0.256441 0.022570 0.522082
v -0.256441 0.022570 0.522082
v -0.258237 0.024547 0.522082
v -0.258237 0.024547 0.522082
v -0.258237 0.024547 0.522082
v -0.258237 0.024547 0.522082
v -0.258237 0.024547 0.522082
v -0.260653 0.025686 0.522082
v -0.260653 0.025686 0.522082
v -0.260653 0.025686 0.522082
v -0.260653 0.025686 0.522082
v -0.260653 0.025686 0.522082
v -0.263320 0.025814 0.522082
v -0.263320 0.025814 0.522082
v -0.263320 0.025814 0.522082
v -0.263320 0.025814 0.522082
v -0.261297 0.012276 0.522082
v -0.263964 0.012404 0.522082
v -0.261297 0.012276 0.522082
v -0.263964 0.012404 0.522082
v -0.263964 0.012404 0.522082
v -0.263964 0.012404 0.522082
v -0.263964 0.012404 0.522082
v -0.266380 0.013543 0.522082
v -0.266380 0.013543 0.522082
v -0.266380 0.013543 0.522082
v -0.266380 0.013543 0.522082
v -0.266380 0.013543 0.522082
v -0.268175 0.015520 0.522082
v -0.268175 0.015520 0.522082
v -0.268175 0.015520 0.522082
v -0.268175 0.015520 0.522082
v -0.268175 0.015520 0.522082
v -0.269078 0.018033 0.522082
v -0.269078 0.018033 0.522082
v -0.269078 0.018033 0.522082
v -0.269078 0.018033 0.522082
v -0.269078 0.018033 0.522082
v -0.269078 0.018033 0.522082
v -0.263320 0.025814 0.522082
v -0.269078 0.018033 0.522082
v -0.263320 0.025814 0.522082
v -0.265834 0.024912 0.522082
v -0.269078 0.018033 0.522082
v -0.265834 0.024912 0.522082
v -0.268950 0.020701 0.522082
v -0.268950 0.020701 0.522082
v -0.265834 0.024912 0.522082
v -0.267810 0.023116 0.522082
v -0.267876 0.035278 0.516768
v -0.266737 0.037694 0.522140
v -0.266737 0.037694 0.516768
v -0.267876 0.035278 0.522140
v -0.268004 0.032611 0.516768
v -0.268004 0.032611 0.522140
v -0.267101 0.030097 0.522140
v -0.267101 0.030097 0.516768
v -0.265306 0.028120 0.522140
v -0.265306 0.028120 0.516768
v -0.262890 0.026981 0.522140
v -0.262890 0.026981 0.516768
v -0.260223 0.026853 0.522140
v -0.260223 0.026853 0.516768
v -0.257709 0.027756 0.516768
v -0.257709 0.027756 0.522140
v -0.255733 0.029551 0.516768
v -0.255733 0.029551 0.522140
v -0.254593 0.031967 0.516768
v -0.254593 0.031967 0.522140
v -0.254465 0.034634 0.516768
v -0.254465 0.034634 0.522140
v -0.255368 0.037148 0.522140
v -0.255368 0.037148 0.516768
v -0.257163 0.039124 0.522140
v -0.257163 0.039124 0.516768
v -0.259579 0.040264 0.522140
v -0.259579 0.040264 0.516768
v -0.262246 0.040392 0.522140
v -0.262246 0.040392 0.516768
v -0.264760 0.039489 0.516768
v -0.264760 0.039489 0.522140
v -0.257561 0.030641 0.522140
v -0.256914 0.031693 0.522140
v -0.256562 0.032877 0.522140
v -0.257450 0.030822 0.522140
v -0.256528 0.034112 0.522140
v -0.256815 0.035313 0.522140
v -0.257403 0.036399 0.522140
v -0.258253 0.037296 0.522140
v -0.258434 0.037407 0.522140
v -0.259305 0.037943 0.522140
v -0.260489 0.038295 0.522140
v -0.261724 0.038329 0.522140
v -0.262925 0.038042 0.522140
v -0.264011 0.037454 0.522140
v -0.264908 0.036604 0.522140
v -0.258458 0.029791 0.522140
v -0.259544 0.029203 0.522140
v -0.260746 0.028916 0.522140
v -0.261980 0.028950 0.522140
v -0.263164 0.029302 0.522140
v -0.264035 0.029838 0.522140
v -0.264216 0.029949 0.522140
v -0.265066 0.030846 0.522140
v -0.265654 0.031932 0.522140
v -0.265941 0.033133 0.522140
v -0.265907 0.034368 0.522140
v -0.265555 0.035552 0.522140
v -0.265019 0.036423 0.522140
v -0.267876 0.035278 0.522140
v -0.267876 0.035278 0.516768
v -0.267876 0.035278 0.522140
v -0.268004 0.032611 0.516768
v -0.268004 0.032611 0.516768
v -0.268004 0.032611 0.522140
v -0.267101 0.030097 0.516768
v -0.267101 0.030097 0.516768
v -0.267101 0.030097 0.522140
v -0.265306 0.028120 0.516768
v -0.265306 0.028120 0.516768
v -0.265306 0.028120 0.522140
v -0.262890 0.026981 0.516768
v -0.262890 0.026981 0.516768
v -0.262890 0.026981 0.522140
v -0.260223 0.026853 0.522140
v -0.260223 0.026853 0.522140
v -0.260223 0.026853 0.516768
v -0.257709 0.027756 0.522140
v -0.257709 0.027756 0.522140
v -0.257709 0.027756 0.516768
v -0.255733 0.029551 0.522140
v -0.255733 0.029551 0.522140
v -0.255733 0.029551 0.516768
v -0.254593 0.031967 0.522140
v -0.254593 0.031967 0.522140
v -0.254593 0.031967 0.516768
v -0.254465 0.034634 0.516768
v -0.254465 0.034634 0.516768
v -0.254465 0.034634 0.522140
v -0.255368 0.037148 0.516768
v -0.255368 0.037148 0.516768
v -0.255368 0.037148 0.522140
v -0.257163 0.039124 0.516768
v -0.257163 0.039124 0.516768
v -0.257163 0.039124 0.522140
v -0.259579 0.040264 0.516768
v -0.259579 0.040264 0.516768
v -0.259579 0.040264 0.522140
v -0.262246 0.040392 0.522140
v -0.262246 0.040392 0.516768
v -0.262246 0.040392 0.522140
v -0.266737 0.037694 0.516768
v -0.264760 0.039489 0.522140
v -0.264760 0.039489 0.516768
v -0.264760 0.039489 0.522140
v -0.266737 0.037694 0.516768
v -0.266737 0.037694 0.522140
v -0.254593 0.031967 0.522140
v -0.257709 0.027756 0.522140
v -0.255733 0.029551 0.522140
v -0.257709 0.027756 0.522140
v -0.254593 0.031967 0.522140
v -0.254465 0.034634 0.522140
v -0.257709 0.027756 0.522140
v -0.254465 0.034634 0.522140
v -0.260223 0.026853 0.522140
v -0.260223 0.026853 0.522140
v -0.254465 0.034634 0.522140
v -0.254465 0.034634 0.522140
v -0.254465 0.034634 0.522140
v -0.254465 0.034634 0.522140
v -0.255368 0.037148 0.522140
v -0.255368 0.037148 0.522140
v -0.255368 0.037148 0.522140
v -0.255368 0.037148 0.522140
v -0.257163 0.039124 0.522140
v -0.257163 0.039124 0.522140
v -0.257163 0.039124 0.522140
v -0.257163 0.039124 0.522140
v -0.257163 0.039124 0.522140
v -0.259579 0.040264 0.522140
v -0.259579 0.040264 0.522140
v -0.259579 0.040264 0.522140
v -0.259579 0.040264 0.522140
v -0.259579 0.040264 0.522140
v -0.262246 0.040392 0.522140
v -0.262246 0.040392 0.522140
v -0.262246 0.040392 0.522140
v -0.262246 0.040392 0.522140
v -0.260223 0.026853 0.522140
v -0.262890 0.026981 0.522140
v -0.260223 0.026853 0.522140
v -0.262890 0.026981 0.522140
v -0.262890 0.026981 0.522140
v -0.262890 0.026981 0.522140
v -0.262890 0.026981 0.522140
v -0.265306 0.028120 0.522140
v -0.265306 0.028120 0.522140
v -0.265306 0.028120 0.522140
v -0.265306 0.028120 0.522140
v -0.265306 0.028120 0.522140
v -0.267101 0.030097 0.522140
v -0.267101 0.030097 0.522140
v -0.267101 0.030097 0.522140
v -0.267101 0.030097 0.522140
v -0.267101 0.030097 0.522140
v -0.268004 0.032611 0.522140
v -0.268004 0.032611 0.522140
v -0.268004 0.032611 0.522140
v -0.268004 0.032611 0.522140
v -0.268004 0.032611 0.522140
v -0.268004 0.032611 0.522140
v -0.262246 0.040392 0.522140
v -0.268004 0.032611 0.522140
v -0.262246 0.040392 0.522140
v -0.264760 0.039489 0.522140
v -0.268004 0.032611 0.522140
v -0.264760 0.039489 0.522140
v -0.267876 0.035278 0.522140
v -0.267876 0.035278 0.522140
v -0.264760 0.039489 0.522140
v -0.266737 0.037694 0.522140
v -0.265525 0.067869 0.516768
v -0.264386 0.070284 0.522140
v -0.264386 0.070284 0.516768
v -0.265525 0.067869 0.522140
v -0.265654 0.065201 0.516768
v -0.265654 0.065201 0.522140
v -0.264751 0.062688 0.522140
v -0.264751 0.062688 0.516768
v -0.262956 0.060711 0.522140
v -0.262956 0.060711 0.516768
v -0.260540 0.059572 0.522140
v -0.260540 0.059572 0.516768
v -0.257873 0.059444 0.522140
v -0.257873 0.059444 0.516768
v -0.255359 0.060346 0.516768
v -0.255359 0.060346 0.522140
v -0.253382 0.062142 0.516768
v -0.253382 0.062142 0.522140
v -0.252243 0.064557 0.516768
v -0.252243 0.064557 0.522140
v -0.252115 0.067225 0.516768
v -0.252115 0.067225 0.522140
v -0.253017 0.069738 0.522140
v -0.253017 0.069738 0.516768
v -0.254813 0.071715 0.522140
v -0.254813 0.071715 0.516768
v -0.257228 0.072854 0.522140
v -0.257228 0.072854 0.516768
v -0.259896 0.072982 0.522140
v -0.259896 0.072982 0.516768
v -0.262409 0.072080 0.516768
v -0.262409 0.072080 0.522140
v -0.255211 0.063231 0.522140
v -0.254564 0.064283 0.522140
v -0.254212 0.065467 0.522140
v -0.255099 0.063412 0.522140
v -0.254178 0.066702 0.522140
v -0.254465 0.067903 0.522140
v -0.255053 0.068989 0.522140
v -0.255902 0.069886 0.522140
v -0.256084 0.069998 0.522140
v -0.256955 0.070533 0.522140
v -0.258139 0.070885 0.522140
v -0.259373 0.070919 0.522140
v -0.260575 0.070632 0.522140
v -0.261661 0.070044 0.522140
v -0.262558 0.069195 0.522140
v -0.256108 0.062382 0.522140
v -0.257194 0.061794 0.522140
v -0.258395 0.061507 0.522140
v -0.259630 0.061541 0.522140
v -0.260814 0.061893 0.522140
v -0.261685 0.062428 0.522140
v -0.261866 0.062539 0.522140
v -0.262715 0.063436 0.522140
v -0.263303 0.064522 0.522140
v -0.263590 0.065724 0.522140
v -0.263557 0.066958 0.522140
v -0.263204 0.068142 0.522140
v -0.262669 0.069013 0.522140
v -0.265525 0.067869 0.522140
v -0.265525 0.067869 0.516768
v -0.265525 0.067869 0.522140
v -0.265654 0.065201 0.516768
v -0.265654 0.065201 0.516768
v -0.265654 0.065201 0.522140
v -0.264751 0.062688 0.516768
v -0.264751 0.062688 0.516768
v -0.264751 0.062688 0.522140
v -0.262956 0.060711 0.516768
v -0.262956 0.060711 0.516768
v -0.262956 0.060711 0.522140
v -0.260540 0.059572 0.516768
v -0.260540 0.059572 0.516768
v -0.260540 0.059572 0.522140
v -0.257873 0.059444 0.522140
v -0.257873 0.059444 0.522140
v -0.257873 0.059444 0.516768
v -0.255359 0.060346 0.522140
v -0.255359 0.060346 0.522140
v -0.255359 0.060346 0.516768
v -0.253382 0.062142 0.522140
v -0.253382 0.062142 0.522140
v -0.253382 0.062142 0.516768
v -0.252243 0.064557 0.522140
v -0.252243 0.064557 0.522140
v -0.252243 0.064557 0.516768
v -0.252115 0.067225 0.516768
v -0.252115 0.067225 0.516768
v -0.252115 0.067225 0.522140
v -0.253017 0.069738 0.516768
v -0.253017 0.069738 0.516768
v -0.253017 0.069738 0.522140
v -0.254813 0.071715 0.516768
v -0.254813 0.071715 0.516768
v -0.254813 0.071715 0.522140
v -0.257228 0.072854 0.516768
v -0.257228 0.072854 0.516768
v -0.257228 0.072854 0.522140
v -0.259896 0.072982 0.522140
v -0.259896 0.072982 0.516768
v -0.259896 0.072982 0.522140
v -0.264386 0.070284 0.516768
v -0.262409 0.072080 0.522140
v -0.262409 0.072080 0.516768
v -0.262409 0.072080 0.522140
v -0.264386 0.070284 0.516768
v -0.264386 0.070284 0.522140
v -0.252243 0.064557 0.522140
v -0.255359 0.060346 0.522140
v -0.253382 0.062142 0.522140
v -0.255359 0.060346 0.522140
v -0.252243 0.064557 0.522140
v -0.252115 0.067225 0.522140
v -0.255359 0.060346 0.522140
v -0.252115 0.067225 0.522140
v -0.257873 0.059444 0.522140
v -0.257873 0.059444 0.522140
v -0.252115 0.067225 0.522140
v -0.252115 0.067225 0.522140
v -0.252115 0.067225 0.522140
v -0.252115 0.067225 0.522140
v -0.253017 0.069738 0.522140
v -0.253017 0.069738 0.522140
v -0.253017 0.069738 0.522140
v -0.253017 0.069738 0.522140
v -0.254813 0.071715 0.522140
v -0.254813 0.071715 0.522140
v -0.254813 0.071715 0.522140
v -0.254813 0.071715 0.522140
v -0.254813 0.071715 0.522140
v -0.257228 0.072854 0.522140
v -0.257228 0.072854 0.522140
v -0.257228 0.072854 0.522140
v -0.257228 0.072854 0.522140
v -0.257228 0.072854 0.522140
v -0.259896 0.072982 0.522140
v -0.259896 0.072982 0.522140
v -0.259896 0.072982 0.522140
v -0.259896 0.072982 0.522140
v -0.257873 0.059444 0.522140
v -0.260540 0.059572 0.522140
v -0.257873 0.059444 0.522140
v -0.260540 0.059572 0.522140
v -0.260540 0.059572 0.522140
v -0.260540 0.059572 0.522140
v -0.260540 0.059572 0.522140
v -0.262956 0.060711 0.522140
v -0.262956 0.060711 0.522140
v -0.262956 0.060711 0.522140
v -0.262956 0.060711 0.522140
v -0.262956 0.060711 0.522140
v -0.264751 0.062688 0.522140
v -0.264751 0.062688 0.522140
v -0.264751 0.062688 0.522140
v -0.264751 0.062688 0.522140
v -0.264751 0.062688 0.522140
v -0.265654 0.065201 0.522140
v -0.265654 0.065201 0.522140
v -0.265654 0.065201 0.522140
v -0.265654 0.065201 0.522140
v -0.265654 0.065201 0.522140
v -0.265654 0.065201 0.522140
v -0.259896 0.072982 0.522140
v -0.265654 0.065201 0.522140
v -0.259896 0.072982 0.522140
v -0.262409 0.072080 0.522140
v -0.265654 0.065201 0.522140
v -0.262409 0.072080 0.522140
v -0.265525 0.067869 0.522140
v -0.265525 0.067869 0.522140
v -0.262409 0.072080 0.522140
v -0.264386 0.070284 0.522140
v -0.264098 0.081956 0.516768
v -0.262958 0.084372 0.522140
v -0.262958 0.084372 0.516768
v -0.264098 0.081956 0.522140
v -0.264226 0.079289 0.516768
v -0.264226 0.079289 0.522140
v -0.263323 0.076775 0.522140
v -0.263323 0.076775 0.516768
v -0.261528 0.074798 0.522140
v -0.261528 0.074798 0.516768
v -0.259112 0.073659 0.522140
v -0.259112 0.073659 0.516768
v -0.256445 0.073531 0.522140
v -0.256445 0.073531 0.516768
v -0.253931 0.074433 0.516768
v -0.253931 0.074433 0.522140
v -0.251954 0.076229 0.516768
v -0.251954 0.076229 0.522140
v -0.250815 0.078644 0.516768
v -0.250815 0.078644 0.522140
v -0.250687 0.081312 0.516768
v -0.250687 0.081312 0.522140
v -0.251590 0.083825 0.522140
v -0.251590 0.083825 0.516768
v -0.253385 0.085802 0.522140
v -0.253385 0.085802 0.516768
v -0.255801 0.086941 0.522140
v -0.255801 0.086941 0.516768
v -0.258468 0.087070 0.522140
v -0.258468 0.087070 0.516768
v -0.260982 0.086167 0.516768
v -0.260982 0.086167 0.522140
v -0.253783 0.077318 0.522140
v -0.253136 0.078371 0.522140
v -0.252784 0.079555 0.522140
v -0.253672 0.077500 0.522140
v -0.252750 0.080789 0.522140
v -0.253037 0.081991 0.522140
v -0.253625 0.083077 0.522140
v -0.254475 0.083974 0.522140
v -0.254656 0.084085 0.522140
v -0.255527 0.084620 0.522140
v -0.256711 0.084973 0.522140
v -0.257946 0.085006 0.522140
v -0.259147 0.084719 0.522140
v -0.260233 0.084131 0.522140
v -0.261130 0.083282 0.522140
v -0.254680 0.076469 0.522140
v -0.255766 0.075881 0.522140
v -0.256967 0.075594 0.522140
v -0.258202 0.075628 0.522140
v -0.259386 0.075980 0.522140
v -0.260257 0.076515 0.522140
v -0.260438 0.076627 0.522140
v -0.261288 0.077524 0.522140
v -0.261876 0.078610 0.522140
v -0.262163 0.079811 0.522140
v -0.262129 0.081046 0.522140
v -0.261777 0.082230 0.522140
v -0.261241 0.083101 0.522140
v -0.264098 0.081956 0.522140
v -0.264098 0.081956 0.516768
v -0.264098 0.081956 0.522140
v -0.264226 0.079289 0.516768
v -0.264226 0.079289 0.516768
v -0.264226 0.079289 0.522140
v -0.263323 0.076775 0.516768
v -0.263323 0.076775 0.516768
v -0.263323 0.076775 0.522140
v -0.261528 0.074798 0.516768
v -0.261528 0.074798 0.516768
v -0.261528 0.074798 0.522140
v -0.259112 0.073659 0.516768
v -0.259112 0.073659 0.516768
v -0.259112 0.073659 0.522140
v -0.256445 0.073531 0.522140
v -0.256445 0.073531 0.522140
v -0.256445 0.073531 0.516768
v -0.253931 0.074433 0.522140
v -0.253931 0.074433 0.522140
v -0.253931 0.074433 0.516768
v -0.251954 0.076229 0.522140
v -0.251954 0.076229 0.522140
v -0.251954 0.076229 0.516768
v -0.250815 0.078644 0.522140
v -0.250815 0.078644 0.522140
v -0.250815 0.078644 0.516768
v -0.250687 0.081312 0.516768
v -0.250687 0.081312 0.516768
v -0.250687 0.081312 0.522140
v -0.251590 0.083825 0.516768
v -0.251590 0.083825 0.516768
v -0.251590 0.083825 0.522140
v -0.253385 0.085802 0.516768
v -0.253385 0.085802 0.516768
v -0.253385 0.085802 0.522140
v -0.255801 0.086941 0.516768
v -0.255801 0.086941 0.516768
v -0.255801 0.086941 0.522140
v -0.258468 0.087070 0.522140
v -0.258468 0.087070 0.516768
v -0.258468 0.087070 0.522140
v -0.262958 0.084372 0.516768
v -0.260982 0.086167 0.522140
v -0.260982 0.086167 0.516768
v -0.260982 0.086167 0.522140
v -0.262958 0.084372 0.516768
v -0.262958 0.084372 0.522140
v -0.250815 0.078644 0.522140
v -0.253931 0.074433 0.522140
v -0.251954 0.076229 0.522140
v -0.253931 0.074433 0.522140
v -0.250815 0.078644 0.522140
v -0.250687 0.081312 0.522140
v -0.253931 0.074433 0.522140
v -0.250687 0.081312 0.522140
v -0.256445 0.073531 0.522140
v -0.256445 0.073531 0.522140
v -0.250687 0.081312 0.522140
v -0.250687 0.081312 0.522140
v -0.250687 0.081312 0.522140
v -0.250687 0.081312 0.522140
v -0.251590 0.083825 0.522140
v -0.251590 0.083825 0.522140
v -0.251590 0.083825 0.522140
v -0.251590 0.083825 0.522140
v -0.253385 0.085802 0.522140
v -0.253385 0.085802 0.522140
v -0.253385 0.085802 0.522140
v -0.253385 0.085802 0.522140
v -0.253385 0.085802 0.522140
v -0.255801 0.086941 0.522140
v -0.255801 0.086941 0.522140
v -0.255801 0.086941 0.522140
v -0.255801 0.086941 0.522140
v -0.255801 0.086941 0.522140
v -0.258468 0.087070 0.522140
v -0.258468 0.087070 0.522140
v -0.258468 0.087070 0.522140
v -0.258468 0.087070 0.522140
v -0.256445 0.073531 0.522140
v -0.259112 0.073659 0.522140
v -0.256445 0.073531 0.522140
v -0.259112 0.073659 0.522140
v -0.259112 0.073659 0.522140
v -0.259112 0.073659 0.522140
v -0.259112 0.073659 0.522140
v -0.261528 0.074798 0.522140
v -0.261528 0.074798 0.522140
v -0.261528 0.074798 0.522140
v -0.261528 0.074798 0.522140
v -0.261528 0.074798 0.522140
v -0.263323 0.076775 0.522140
v -0.263323 0.076775 0.522140
v -0.263323 0.076775 0.522140
v -0.263323 0.076775 0.522140
v -0.263323 0.076775 0.522140
v -0.264226 0.079289 0.522140
v -0.264226 0.079289 0.522140
v -0.264226 0.079289 0.522140
v -0.264226 0.079289 0.522140
v -0.264226 0.079289 0.522140
v -0.264226 0.079289 0.522140
v -0.258468 0.087070 0.522140
v -0.264226 0.079289 0.522140
v -0.258468 0.087070 0.522140
v -0.260982 0.086167 0.522140
v -0.264226 0.079289 0.522140
v -0.260982 0.086167 0.522140
v -0.264098 0.081956 0.522140
v -0.264098 0.081956 0.522140
v -0.260982 0.086167 0.522140
v -0.262958 0.084372 0.522140
v -0.267117 0.051200 0.516768
v -0.265978 0.053615 0.522140
v -0.265978 0.053615 0.516768
v -0.267117 0.051200 0.522140
v -0.267246 0.048532 0.516768
v -0.267246 0.048532 0.522140
v -0.266343 0.046019 0.522140
v -0.266343 0.046019 0.516768
v -0.264548 0.044042 0.522140
v -0.264548 0.044042 0.516768
v -0.262132 0.042903 0.522140
v -0.262132 0.042903 0.516768
v -0.259465 0.042774 0.522140
v -0.259465 0.042774 0.516768
v -0.256951 0.043677 0.516768
v -0.256951 0.043677 0.522140
v -0.254974 0.045472 0.516768
v -0.254974 0.045472 0.522140
v -0.253835 0.047888 0.516768
v -0.253835 0.047888 0.522140
v -0.253707 0.050555 0.516768
v -0.253707 0.050555 0.522140
v -0.254609 0.053069 0.522140
v -0.254609 0.053069 0.516768
v -0.256405 0.055046 0.522140
v -0.256405 0.055046 0.516768
v -0.258820 0.056185 0.522140
v -0.258820 0.056185 0.516768
v -0.261488 0.056313 0.522140
v -0.261488 0.056313 0.516768
v -0.264001 0.055411 0.516768
v -0.264001 0.055411 0.522140
v -0.256803 0.046562 0.522140
v -0.256156 0.047614 0.522140
v -0.255804 0.048798 0.522140
v -0.256691 0.046743 0.522140
v -0.255770 0.050033 0.522140
v -0.256057 0.051234 0.522140
v -0.256645 0.052320 0.522140
v -0.257494 0.053217 0.522140
v -0.257676 0.053329 0.522140
v -0.258547 0.053864 0.522140
v -0.259731 0.054216 0.522140
v -0.260965 0.054250 0.522140
v -0.262167 0.053963 0.522140
v -0.263253 0.053375 0.522140
v -0.264150 0.052526 0.522140
v -0.257700 0.045713 0.522140
v -0.258786 0.045125 0.522140
v -0.259987 0.044838 0.522140
v -0.261222 0.044871 0.522140
v -0.262406 0.045224 0.522140
v -0.263277 0.045759 0.522140
v -0.263458 0.045870 0.522140
v -0.264307 0.046767 0.522140
v -0.264895 0.047853 0.522140
v -0.265182 0.049055 0.522140
v -0.265149 0.050289 0.522140
v -0.264796 0.051473 0.522140
v -0.264261 0.052344 0.522140
v -0.267117 0.051200 0.522140
v -0.267117 0.051200 0.516768
v -0.267117 0.051200 0.522140
v -0.267246 0.048532 0.516768
v -0.267246 0.048532 0.516768
v -0.267246 0.048532 0.522140
v -0.266343 0.046019 0.516768
v -0.266343 0.046019 0.516768
v -0.266343 0.046019 0.522140
v -0.264548 0.044042 0.516768
v -0.264548 0.044042 0.516768
v -0.264548 0.044042 0.522140
v -0.262132 0.042903 0.516768
v -0.262132 0.042903 0.516768
v -0.262132 0.042903 0.522140
v -0.259465 0.042774 0.522140
v -0.259465 0.042774 0.522140
v -0.259465 0.042774 0.516768
v -0.256951 0.043677 0.522140
v -0.256951 0.043677 0.522140
v -0.256951 0.043677 0.516768
v -0.254974 0.045472 0.522140
v -0.254974 0.045472 0.522140
v -0.254974 0.045472 0.516768
v -0.253835 0.047888 0.522140
v -0.253835 0.047888 0.522140
v -0.253835 0.047888 0.516768
v -0.253707 0.050555 0.516768
v -0.253707 0.050555 0.516768
v -0.253707 0.050555 0.522140
v -0.254609 0.053069 0.516768
v -0.254609 0.053069 0.516768
v -0.254609 0.053069 0.522140
v -0.256405 0.055046 0.516768
v -0.256405 0.055046 0.516768
v -0.256405 0.055046 0.522140
v -0.258820 0.056185 0.516768
v -0.258820 0.056185 0.516768
v -0.258820 0.056185 0.522140
v -0.261488 0.056313 0.522140
v -0.261488 0.056313 0.516768
v -0.261488 0.056313 0.522140
v -0.265978 0.053615 0.516768
v -0.264001 0.055411 0.522140
v -0.264001 0.055411 0.516768
v -0.264001 0.055411 0.522140
v -0.265978 0.053615 0.516768
v -0.265978 0.053615 0.522140
v -0.253835 0.047888 0.522140
v -0.256951 0.043677 0.522140
v -0.254974 0.045472 0.522140
v -0.256951 0.043677 0.522140
v -0.253835 0.047888 0.522140
v -0.253707 0.050555 0.522140
v -0.256951 0.043677 0.522140
v -0.253707 0.050555 0.522140
v -0.259465 0.042774 0.522140
v -0.259465 0.042774 0.522140
v -0.253707 0.050555 0.522140
v -0.253707 0.050555 0.522140
v -0.253707 0.050555 0.522140
v -0.253707 0.050555 0.522140
v -0.254609 0.053069 0.522140
v -0.254609 0.053069 0.522140
v -0.254609 0.053069 0.522140
v -0.254609 0.053069 0.522140
v -0.256405 0.055046 0.522140
v -0.256405 0.055046 0.522140
v -0.256405 0.055046 0.522140
v -0.256405 0.055046 0.522140
v -0.256405 0.055046 0.522140
v -0.258820 0.056185 0.522140
v -0.258820 0.056185 0.522140
v -0.258820 0.056185 0.522140
v -0.258820 0.056185 0.522140
v -0.258820 0.056185 0.522140
v -0.261488 0.056313 0.522140
v -0.261488 0.056313 0.522140
v -0.261488 0.056313 0.522140
v -0.261488 0.056313 0.522140
v -0.259465 0.042774 0.522140
v -0.262132 0.042903 0.522140
v -0.259465 0.042774 0.522140
v -0.262132 0.042903 0.522140
v -0.262132 0.042903 0.522140
v -0.262132 0.042903 0.522140
v -0.262132 0.042903 0.522140
v -0.264548 0.044042 0.522140
v -0.264548 0.044042 0.522140
v -0.264548 0.044042 0.522140
v -0.264548 0.044042 0.522140
v -0.264548 0.044042 0.522140
v -0.266343 0.046019 0.522140
v -0.266343 0.046019 0.522140
v -0.266343 0.046019 0.522140
v -0.266343 0.046019 0.522140
v -0.266343 0.046019 0.522140
v -0.267246 0.048532 0.522140
v -0.267246 0.048532 0.522140
v -0.267246 0.048532 0.522140
v -0.267246 0.048532 0.522140
v -0.267246 0.048532 0.522140
v -0.267246 0.048532 0.522140
v -0.261488 0.056313 0.522140
v -0.267246 0.048532 0.522140
v -0.261488 0.056313 0.522140
v -0.264001 0.055411 0.522140
v -0.267246 0.048532 0.522140
v -0.264001 0.055411 0.522140
v -0.267117 0.051200 0.522140
v -0.267117 0.051200 0.522140
v -0.264001 0.055411 0.522140
v -0.265978 0.053615 0.522140
v -0.363151 -0.151970 0.516276
v -0.360572 -0.152664 0.521648
v -0.360572 -0.152664 0.516276
v -0.363151 -0.151970 0.521648
v -0.365799 -0.152316 0.516276
v -0.365799 -0.152316 0.521648
v -0.368113 -0.153650 0.521648
v -0.368113 -0.153650 0.516276
v -0.369740 -0.155767 0.521648
v -0.369740 -0.155767 0.516276
v -0.370434 -0.158346 0.521648
v -0.370434 -0.158346 0.516276
v -0.370087 -0.160994 0.521648
v -0.370087 -0.160994 0.516276
v -0.368754 -0.163308 0.516276
v -0.368754 -0.163308 0.521648
v -0.366637 -0.164936 0.516276
v -0.366637 -0.164936 0.521648
v -0.364058 -0.165629 0.516276
v -0.364058 -0.165629 0.521648
v -0.361410 -0.165283 0.516276
v -0.361410 -0.165283 0.521648
v -0.359096 -0.163950 0.521648
v -0.359096 -0.163950 0.516276
v -0.357468 -0.161832 0.521648
v -0.357468 -0.161832 0.516276
v -0.356775 -0.159253 0.521648
v -0.356775 -0.159253 0.516276
v -0.357121 -0.156605 0.521648
v -0.357121 -0.156605 0.516276
v -0.358454 -0.154291 0.516276
v -0.358454 -0.154291 0.521648
v -0.365888 -0.162943 0.521648
v -0.364738 -0.163393 0.521648
v -0.363511 -0.163530 0.521648
v -0.365690 -0.163021 0.521648
v -0.362289 -0.163345 0.521648
v -0.361158 -0.162850 0.521648
v -0.360193 -0.162079 0.521648
v -0.359461 -0.161084 0.521648
v -0.359383 -0.160886 0.521648
v -0.359011 -0.159934 0.521648
v -0.358874 -0.158706 0.521648
v -0.359059 -0.157485 0.521648
v -0.359554 -0.156353 0.521648
v -0.360325 -0.155389 0.521648
v -0.361320 -0.154656 0.521648
v -0.366883 -0.162211 0.521648
v -0.367654 -0.161246 0.521648
v -0.368149 -0.160114 0.521648
v -0.368335 -0.158893 0.521648
v -0.368198 -0.157666 0.521648
v -0.367825 -0.156714 0.521648
v -0.367748 -0.156515 0.521648
v -0.367015 -0.155521 0.521648
v -0.366050 -0.154750 0.521648
v -0.364919 -0.154255 0.521648
v -0.363698 -0.154069 0.521648
v -0.362470 -0.154206 0.521648
v -0.361518 -0.154579 0.521648
v -0.363151 -0.151970 0.521648
v -0.363151 -0.151970 0.516276
v -0.363151 -0.151970 0.521648
v -0.365799 -0.152316 0.516276
v -0.365799 -0.152316 0.516276
v -0.365799 -0.152316 0.521648
v -0.368113 -0.153650 0.516276
v -0.368113 -0.153650 0.516276
v -0.368113 -0.153650 0.521648
v -0.369740 -0.155767 0.516276
v -0.369740 -0.155767 0.516276
v -0.369740 -0.155767 0.521648
v -0.370434 -0.158346 0.516276
v -0.370434 -0.158346 0.516276
v -0.370434 -0.158346 0.521648
v -0.370087 -0.160994 0.521648
v -0.370087 -0.160994 0.521648
v -0.370087 -0.160994 0.516276
v -0.368754 -0.163308 0.521648
v -0.368754 -0.163308 0.521648
v -0.368754 -0.163308 0.516276
v -0.366637 -0.164936 0.521648
v -0.366637 -0.164936 0.521648
v -0.366637 -0.164936 0.516276
v -0.364058 -0.165629 0.521648
v -0.364058 -0.165629 0.521648
v -0.364058 -0.165629 0.516276
v -0.361410 -0.165283 0.516276
v -0.361410 -0.165283 0.516276
v -0.361410 -0.165283 0.521648
v -0.359096 -0.163950 0.516276
v -0.359096 -0.163950 0.516276
v -0.359096 -0.163950 0.521648
v -0.357468 -0.161832 0.516276
v -0.357468 -0.161832 0.516276
v -0.357468 -0.161832 0.521648
v -0.356775 -0.159253 0.516276
v -0.356775 -0.159253 0.516276
v -0.356775 -0.159253 0.521648
v -0.357121 -0.156605 0.521648
v -0.357121 -0.156605 0.516276
v -0.357121 -0.156605 0.521648
v -0.360572 -0.152664 0.516276
v -0.358454 -0.154291 0.521648
v -0.358454 -0.154291 0.516276
v -0.358454 -0.154291 0.521648
v -0.360572 -0.152664 0.516276
v -0.360572 -0.152664 0.521648
v -0.364058 -0.165629 0.521648
v -0.368754 -0.163308 0.521648
v -0.366637 -0.164936 0.521648
v -0.368754 -0.163308 0.521648
v -0.364058 -0.165629 0.521648
v -0.361410 -0.165283 0.521648
v -0.368754 -0.163308 0.521648
v -0.361410 -0.165283 0.521648
v -0.370087 -0.160994 0.521648
v -0.370087 -0.160994 0.521648
v -0.361410 -0.165283 0.521648
v -0.361410 -0.165283 0.521648
v -0.361410 -0.165283 0.521648
v -0.361410 -0.165283 0.521648
v -0.359096 -0.163950 0.521648
v -0.359096 -0.163950 0.521648
v -0.359096 -0.163950 0.521648
v -0.359096 -0.163950 0.521648
v -0.357468 -0.161832 0.521648
v -0.357468 -0.161832 0.521648
v -0.357468 -0.161832 0.521648
v -0.357468 -0.161832 0.521648
v -0.357468 -0.161832 0.521648
v -0.356775 -0.159253 0.521648
v -0.356775 -0.159253 0.521648
v -0.356775 -0.159253 0.521648
v -0.356775 -0.159253 0.521648
v -0.356775 -0.159253 0.521648
v -0.357121 -0.156605 0.521648
v -0.357121 -0.156605 0.521648
v -0.357121 -0.156605 0.521648
v -0.357121 -0.156605 0.521648
v -0.370087 -0.160994 0.521648
v -0.370434 -0.158346 0.521648
v -0.370087 -0.160994 0.521648
v -0.370434 -0.158346 0.521648
v -0.370434 -0.158346 0.521648
v -0.370434 -0.158346 0.521648
v -0.370434 -0.158346 0.521648
v -0.369740 -0.155767 0.521648
v -0.369740 -0.155767 0.521648
v -0.369740 -0.155767 0.521648
v -0.369740 -0.155767 0.521648
v -0.369740 -0.155767 0.521648
v -0.368113 -0.153650 0.521648
v -0.368113 -0.153650 0.521648
v -0.368113 -0.153650 0.521648
v -0.368113 -0.153650 0.521648
v -0.368113 -0.153650 0.521648
v -0.365799 -0.152316 0.521648
v -0.365799 -0.152316 0.521648
v -0.365799 -0.152316 0.521648
v -0.365799 -0.152316 0.521648
v -0.365799 -0.152316 0.521648
v -0.365799 -0.152316 0.521648
v -0.357121 -0.156605 0.521648
v -0.365799 -0.152316 0.521648
v -0.357121 -0.156605 0.521648
v -0.358454 -0.154291 0.521648
v -0.365799 -0.152316 0.521648
v -0.358454 -0.154291 0.521648
v -0.363151 -0.151970 0.521648
v -0.363151 -0.151970 0.521648
v -0.358454 -0.154291 0.521648
v -0.360572 -0.152664 0.521648
v -0.432115 -0.009595 0.520086
v -0.433965 -0.007742 0.525536
v -0.433965 -0.007742 0.520086
v -0.432115 -0.009595 0.525536
v -0.429697 -0.010599 0.520086
v -0.429697 -0.010599 0.525536
v -0.427079 -0.010601 0.525536
v -0.427079 -0.010601 0.520086
v -0.424659 -0.009601 0.525536
v -0.424659 -0.009601 0.520086
v -0.422806 -0.007752 0.525536
v -0.422806 -0.007752 0.520086
v -0.421802 -0.005334 0.525536
v -0.421802 -0.005334 0.520086
v -0.421800 -0.002715 0.520086
v -0.421800 -0.002715 0.525536
v -0.422800 -0.000296 0.520086
v -0.422800 -0.000296 0.525536
v -0.424649 0.001557 0.520086
v -0.424649 0.001557 0.525536
v -0.427068 0.002562 0.520086
v -0.427068 0.002562 0.525536
v -0.429686 0.002564 0.525536
v -0.429686 0.002564 0.520086
v -0.432106 0.001564 0.525536
v -0.432106 0.001564 0.520086
v -0.433959 -0.000286 0.525536
v -0.433959 -0.000286 0.520086
v -0.434963 -0.002704 0.525536
v -0.434963 -0.002704 0.520086
v -0.434965 -0.005322 0.520086
v -0.434965 -0.005322 0.525536
v -0.424412 -0.001620 0.525536
v -0.425168 -0.000674 0.525536
v -0.426143 0.000044 0.525536
v -0.424542 -0.001458 0.525536
v -0.427271 0.000485 0.525536
v -0.428474 0.000619 0.525536
v -0.429671 0.000437 0.525536
v -0.430781 -0.000048 0.525536
v -0.430944 -0.000178 0.525536
v -0.431727 -0.000804 0.525536
v -0.432445 -0.001779 0.525536
v -0.432886 -0.002907 0.525536
v -0.433020 -0.004110 0.525536
v -0.432838 -0.005308 0.525536
v -0.432353 -0.006417 0.525536
v -0.423926 -0.002730 0.525536
v -0.423745 -0.003927 0.525536
v -0.423879 -0.005131 0.525536
v -0.424320 -0.006258 0.525536
v -0.425038 -0.007233 0.525536
v -0.425821 -0.007859 0.525536
v -0.425984 -0.007989 0.525536
v -0.427094 -0.008475 0.525536
v -0.428291 -0.008657 0.525536
v -0.429494 -0.008522 0.525536
v -0.430622 -0.008081 0.525536
v -0.431597 -0.007363 0.525536
v -0.432223 -0.006580 0.525536
v -0.432115 -0.009595 0.525536
v -0.432115 -0.009595 0.520086
v -0.432115 -0.009595 0.525536
v -0.429697 -0.010599 0.520086
v -0.429697 -0.010599 0.520086
v -0.429697 -0.010599 0.525536
v -0.427079 -0.010601 0.520086
v -0.427079 -0.010601 0.520086
v -0.427079 -0.010601 0.525536
v -0.424659 -0.009601 0.520086
v -0.424659 -0.009601 0.520086
v -0.424659 -0.009601 0.525536
v -0.422806 -0.007752 0.520086
v -0.422806 -0.007752 0.520086
v -0.422806 -0.007752 0.525536
v -0.421802 -0.005334 0.525536
v -0.421802 -0.005334 0.525536
v -0.421802 -0.005334 0.520086
v -0.421800 -0.002715 0.525536
v -0.421800 -0.002715 0.525536
v -0.421800 -0.002715 0.520086
v -0.422800 -0.000296 0.525536
v -0.422800 -0.000296 0.525536
v -0.422800 -0.000296 0.520086
v -0.424649 0.001557 0.525536
v -0.424649 0.001557 0.525536
v -0.424649 0.001557 0.520086
v -0.427068 0.002562 0.520086
v -0.427068 0.002562 0.520086
v -0.427068 0.002562 0.525536
v -0.429686 0.002564 0.520086
v -0.429686 0.002564 0.520086
v -0.429686 0.002564 0.525536
v -0.432106 0.001564 0.520086
v -0.432106 0.001564 0.520086
v -0.432106 0.001564 0.525536
v -0.433959 -0.000286 0.520086
v -0.433959 -0.000286 0.520086
v -0.433959 -0.000286 0.525536
v -0.434963 -0.002704 0.525536
v -0.434963 -0.002704 0.520086
v -0.434963 -0.002704 0.525536
v -0.433965 -0.007742 0.520086
v -0.434965 -0.005322 0.525536
v -0.434965 -0.005322 0.520086
v -0.434965 -0.005322 0.525536
v -0.433965 -0.007742 0.520086
v -0.433965 -0.007742 0.525536
v -0.424649 0.001557 0.525536
v -0.421800 -0.002715 0.525536
v -0.422800 -0.000296 0.525536
v -0.421800 -0.002715 0.525536
v -0.424649 0.001557 0.525536
v -0.427068 0.002562 0.525536
v -0.421800 -0.002715 0.525536
v -0.427068 0.002562 0.525536
v -0.421802 -0.005334 0.525536
v -0.421802 -0.005334 0.525536
v -0.427068 0.002562 0.525536
v -0.427068 0.002562 0.525536
v -0.427068 0.002562 0.525536
v -0.427068 0.002562 0.525536
v -0.429686 0.002564 0.525536
v -0.429686 0.002564 0.525536
v -0.429686 0.002564 0.525536
v -0.429686 0.002564 0.525536
v -0.432106 0.001564 0.525536
v -0.432106 0.001564 0.525536
v -0.432106 0.001564 0.525536
v -0.432106 0.001564 0.525536
v -0.432106 0.001564 0.525536
v -0.433959 -0.000286 0.525536
v -0.433959 -0.000286 0.525536
v -0.433959 -0.000286 0.525536
v -0.433959 -0.000286 0.525536
v -0.433959 -0.000286 0.525536
v -0.434963 -0.002704 0.525536
v -0.434963 -0.002704 0.525536
v -0.434963 -0.002704 0.525536
v -0.434963 -0.002704 0.525536
v -0.421802 -0.005334 0.525536
v -0.422806 -0.007752 0.525536
v -0.421802 -0.005334 0.525536
v -0.422806 -0.007752 0.525536
v -0.422806 -0.007752 0.525536
v -0.422806 -0.007752 0.525536
v -0.422806 -0.007752 0.525536
v -0.424659 -0.009601 0.525536
v -0.424659 -0.009601 0.525536
v -0.424659 -0.009601 0.525536
v -0.424659 -0.009601 0.525536
v -0.424659 -0.009601 0.525536
v -0.427079 -0.010601 0.525536
v -0.427079 -0.010601 0.525536
v -0.427079 -0.010601 0.525536
v -0.427079 -0.010601 0.525536
v -0.427079 -0.010601 0.525536
v -0.429697 -0.010599 0.525536
v -0.429697 -0.010599 0.525536
v -0.429697 -0.010599 0.525536
v -0.429697 -0.010599 0.525536
v -0.429697 -0.010599 0.525536
v -0.429697 -0.010599 0.525536
v -0.434963 -0.002704 0.525536
v -0.429697 -0.010599 0.525536
v -0.434963 -0.002704 0.525536
v -0.434965 -0.005322 0.525536
v -0.429697 -0.010599 0.525536
v -0.434965 -0.005322 0.525536
v -0.432115 -0.009595 0.525536
v -0.432115 -0.009595 0.525536
v -0.434965 -0.005322 0.525536
v -0.433965 -0.007742 0.525536
v -0.403772 -0.023641 0.520086
v -0.405622 -0.021788 0.525536
v -0.405622 -0.021788 0.520086
v -0.403772 -0.023641 0.525536
v -0.401354 -0.024645 0.520086
v -0.401354 -0.024645 0.525536
v -0.398736 -0.024647 0.525536
v -0.398736 -0.024647 0.520086
v -0.396316 -0.023647 0.525536
v -0.396316 -0.023647 0.520086
v -0.394463 -0.021798 0.525536
v -0.394463 -0.021798 0.520086
v -0.393459 -0.019380 0.525536
v -0.393459 -0.019380 0.520086
v -0.393456 -0.016761 0.520086
v -0.393456 -0.016761 0.525536
v -0.394456 -0.014341 0.520086
v -0.394456 -0.014341 0.525536
v -0.396306 -0.012488 0.520086
v -0.396306 -0.012488 0.525536
v -0.398724 -0.011484 0.520086
v -0.398724 -0.011484 0.525536
v -0.401342 -0.011482 0.525536
v -0.401342 -0.011482 0.520086
v -0.403762 -0.012482 0.525536
v -0.403762 -0.012482 0.520086
v -0.405615 -0.014332 0.525536
v -0.405615 -0.014332 0.520086
v -0.406619 -0.016750 0.525536
v -0.406619 -0.016750 0.520086
v -0.406622 -0.019368 0.520086
v -0.406622 -0.019368 0.525536
v -0.396068 -0.015666 0.525536
v -0.396824 -0.014720 0.525536
v -0.397800 -0.014002 0.525536
v -0.396199 -0.015503 0.525536
v -0.398927 -0.013561 0.525536
v -0.400131 -0.013427 0.525536
v -0.401328 -0.013609 0.525536
v -0.402437 -0.014094 0.525536
v -0.402600 -0.014224 0.525536
v -0.403383 -0.014850 0.525536
v -0.404101 -0.015825 0.525536
v -0.404542 -0.016953 0.525536
v -0.404677 -0.018156 0.525536
v -0.404495 -0.019354 0.525536
v -0.404010 -0.020463 0.525536
v -0.395583 -0.016776 0.525536
v -0.395401 -0.017973 0.525536
v -0.395536 -0.019176 0.525536
v -0.395977 -0.020304 0.525536
v -0.396695 -0.021279 0.525536
v -0.397478 -0.021905 0.525536
v -0.397641 -0.022035 0.525536
v -0.398750 -0.022521 0.525536
v -0.399947 -0.022702 0.525536
v -0.401151 -0.022568 0.525536
v -0.402278 -0.022127 0.525536
v -0.403254 -0.021409 0.525536
v -0.403879 -0.020626 0.525536
v -0.403772 -0.023641 0.525536
v -0.403772 -0.023641 0.520086
v -0.403772 -0.023641 0.525536
v -0.401354 -0.024645 0.520086
v -0.401354 -0.024645 0.520086
v -0.401354 -0.024645 0.525536
v -0.398736 -0.024647 0.520086
v -0.398736 -0.024647 0.520086
v -0.398736 -0.024647 0.525536
v -0.396316 -0.023647 0.520086
v -0.396316 -0.023647 0.520086
v -0.396316 -0.023647 0.525536
v -0.394463 -0.021798 0.520086
v -0.394463 -0.021798 0.520086
v -0.394463 -0.021798 0.525536
v -0.393459 -0.019380 0.525536
v -0.393459 -0.019380 0.525536
v -0.393459 -0.019380 0.520086
v -0.393456 -0.016761 0.525536
v -0.393456 -0.016761 0.525536
v -0.393456 -0.016761 0.520086
v -0.394456 -0.014341 0.525536
v -0.394456 -0.014341 0.525536
v -0.394456 -0.014341 0.520086
v -0.396306 -0.012488 0.525536
v -0.396306 -0.012488 0.525536
v -0.396306 -0.012488 0.520086
v -0.398724 -0.011484 0.520086
v -0.398724 -0.011484 0.520086
v -0.398724 -0.011484 0.525536
v -0.401342 -0.011482 0.520086
v -0.401342 -0.011482 0.520086
v -0.401342 -0.011482 0.525536
v -0.403762 -0.012482 0.520086
v -0.403762 -0.012482 0.520086
v -0.403762 -0.012482 0.525536
v -0.405615 -0.014332 0.520086
v -0.405615 -0.014332 0.520086
v -0.405615 -0.014332 0.525536
v -0.406619 -0.016750 0.525536
v -0.406619 -0.016750 0.520086
v -0.406619 -0.016750 0.525536
v -0.405622 -0.021788 0.520086
v -0.406622 -0.019368 0.525536
v -0.406622 -0.019368 0.520086
v -0.406622 -0.019368 0.525536
v -0.405622 -0.021788 0.520086
v -0.405622 -0.021788 0.525536
v -0.396306 -0.012488 0.525536
v -0.393456 -0.016761 0.525536
v -0.394456 -0.014341 0.525536
v -0.393456 -0.016761 0.525536
v -0.396306 -0.012488 0.525536
v -0.398724 -0.011484 0.525536
v -0.393456 -0.016761 0.525536
v -0.398724 -0.011484 0.525536
v -0.393459 -0.019380 0.525536
v -0.393459 -0.019380 0.525536
v -0.398724 -0.011484 0.525536
v -0.398724 -0.011484 0.525536
v -0.398724 -0.011484 0.525536
v -0.398724 -0.011484 0.525536
v -0.401342 -0.011482 0.525536
v -0.401342 -0.011482 0.525536
v -0.401342 -0.011482 0.525536
v -0.401342 -0.011482 0.525536
v -0.403762 -0.012482 0.525536
v -0.403762 -0.012482 0.525536
v -0.403762 -0.012482 0.525536
v -0.403762 -0.012482 0.525536
v -0.403762 -0.012482 0.525536
v -0.405615 -0.014332 0.525536
v -0.405615 -0.014332 0.525536
v -0.405615 -0.014332 0.525536
v -0.405615 -0.014332 0.525536
v -0.405615 -0.014332 0.525536
v -0.406619 -0.016750 0.525536
v -0.406619 -0.016750 0.525536
v -0.406619 -0.016750 0.525536
v -0.406619 -0.016750 0.525536
v -0.393459 -0.019380 0.525536
v -0.394463 -0.021798 0.525536
v -0.393459 -0.019380 0.525536
v -0.394463 -0.021798 0.525536
v -0.394463 -0.021798 0.525536
v -0.394463 -0.021798 0.525536
v -0.394463 -0.021798 0.525536
v -0.396316 -0.023647 0.525536
v -0.396316 -0.023647 0.525536
v -0.396316 -0.023647 0.525536
v -0.396316 -0.023647 0.525536
v -0.396316 -0.023647 0.525536
v -0.398736 -0.024647 0.525536
v -0.398736 -0.024647 0.525536
v -0.398736 -0.024647 0.525536
v -0.398736 -0.024647 0.525536
v -0.398736 -0.024647 0.525536
v -0.401354 -0.024645 0.525536
v -0.401354 -0.024645 0.525536
v -0.401354 -0.024645 0.525536
v -0.401354 -0.024645 0.525536
v -0.401354 -0.024645 0.525536
v -0.401354 -0.024645 0.525536
v -0.406619 -0.016750 0.525536
v -0.401354 -0.024645 0.525536
v -0.406619 -0.016750 0.525536
v -0.406622 -0.019368 0.525536
v -0.401354 -0.024645 0.525536
v -0.406622 -0.019368 0.525536
v -0.403772 -0.023641 0.525536
v -0.403772 -0.023641 0.525536
v -0.406622 -0.019368 0.525536
v -0.405622 -0.021788 0.525536
v -0.376357 -0.037348 0.520086
v -0.378207 -0.035495 0.525536
v -0.378207 -0.035495 0.520086
v -0.376357 -0.037348 0.525536
v -0.373939 -0.038352 0.520086
v -0.373939 -0.038352 0.525536
v -0.371321 -0.038354 0.525536
v -0.371321 -0.038354 0.520086
v -0.368901 -0.037354 0.525536
v -0.368901 -0.037354 0.520086
v -0.367048 -0.035504 0.525536
v -0.367048 -0.035504 0.520086
v -0.366044 -0.033086 0.525536
v -0.366044 -0.033086 0.520086
v -0.366042 -0.030468 0.520086
v -0.366042 -0.030468 0.525536
v -0.367042 -0.028048 0.520086
v -0.367042 -0.028048 0.525536
v -0.368891 -0.026195 0.520086
v -0.368891 -0.026195 0.525536
v -0.371309 -0.025191 0.520086
v -0.371309 -0.025191 0.525536
v -0.373928 -0.025189 0.525536
v -0.373928 -0.025189 0.520086
v -0.376348 -0.026189 0.525536
v -0.376348 -0.026189 0.520086
v -0.378201 -0.028039 0.525536
v -0.378201 -0.028039 0.520086
v -0.379205 -0.030457 0.525536
v -0.379205 -0.030457 0.520086
v -0.379207 -0.033075 0.520086
v -0.379207 -0.033075 0.525536
v -0.368654 -0.029373 0.525536
v -0.369410 -0.028427 0.525536
v -0.370385 -0.027709 0.525536
v -0.368784 -0.029210 0.525536
v -0.371513 -0.027268 0.525536
v -0.372716 -0.027134 0.525536
v -0.373913 -0.027315 0.525536
v -0.375023 -0.027801 0.525536
v -0.375186 -0.027931 0.525536
v -0.375969 -0.028557 0.525536
v -0.376687 -0.029532 0.525536
v -0.377128 -0.030660 0.525536
v -0.377262 -0.031863 0.525536
v -0.377080 -0.033060 0.525536
v -0.376595 -0.034170 0.525536
v -0.368168 -0.030483 0.525536
v -0.367987 -0.031680 0.525536
v -0.368121 -0.032883 0.525536
v -0.368562 -0.034011 0.525536
v -0.369280 -0.034986 0.525536
v -0.370063 -0.035612 0.525536
v -0.370226 -0.035742 0.525536
v -0.371335 -0.036228 0.525536
v -0.372533 -0.036409 0.525536
v -0.373736 -0.036275 0.525536
v -0.374864 -0.035834 0.525536
v -0.375839 -0.035116 0.525536
v -0.376465 -0.034333 0.525536
v -0.376357 -0.037348 0.525536
v -0.376357 -0.037348 0.520086
v -0.376357 -0.037348 0.525536
v -0.373939 -0.038352 0.520086
v -0.373939 -0.038352 0.520086
v -0.373939 -0.038352 0.525536
v -0.371321 -0.038354 0.520086
v -0.371321 -0.038354 0.520086
v -0.371321 -0.038354 0.525536
v -0.368901 -0.037354 0.520086
v -0.368901 -0.037354 0.520086
v -0.368901 -0.037354 0.525536
v -0.367048 -0.035504 0.520086
v -0.367048 -0.035504 0.520086
v -0.367048 -0.035504 0.525536
v -0.366044 -0.033086 0.525536
v -0.366044 -0.033086 0.525536
v -0.366044 -0.033086 0.520086
v -0.366042 -0.030468 0.525536
v -0.366042 -0.030468 0.525536
v -0.366042 -0.030468 0.520086
v -0.367042 -0.028048 0.525536
v -0.367042 -0.028048 0.525536
v -0.367042 -0.028048 0.520086
v -0.368891 -0.026195 0.525536
v -0.368891 -0.026195 0.525536
v -0.368891 -0.026195 0.520086
v -0.371309 -0.025191 0.520086
v -0.371309 -0.025191 0.520086
v -0.371309 -0.025191 0.525536
v -0.373928 -0.025189 0.520086
v -0.373928 -0.025189 0.520086
v -0.373928 -0.025189 0.525536
v -0.376348 -0.026189 0.520086
v -0.376348 -0.026189 0.520086
v -0.376348 -0.026189 0.525536
v -0.378201 -0.028039 0.520086
v -0.378201 -0.028039 0.520086
v -0.378201 -0.028039 0.525536
v -0.379205 -0.030457 0.525536
v -0.379205 -0.030457 0.520086
v -0.379205 -0.030457 0.525536
v -0.378207 -0.035495 0.520086
v -0.379207 -0.033075 0.525536
v -0.379207 -0.033075 0.520086
v -0.379207 -0.033075 0.525536
v -0.378207 -0.035495 0.520086
v -0.378207 -0.035495 0.525536
v -0.368891 -0.026195 0.525536
v -0.366042 -0.030468 0.525536
v -0.367042 -0.028048 0.525536
v -0.366042 -0.030468 0.525536
v -0.368891 -0.026195 0.525536
v -0.371309 -0.025191 0.525536
v -0.366042 -0.030468 0.525536
v -0.371309 -0.025191 0.525536
v -0.366044 -0.033086 0.525536
v -0.366044 -0.033086 0.525536
v -0.371309 -0.025191 0.525536
v -0.371309 -0.025191 0.525536
v -0.371309 -0.025191 0.525536
v -0.371309 -0.025191 0.525536
v -0.373928 -0.025189 0.525536
v -0.373928 -0.025189 0.525536
v -0.373928 -0.025189 0.525536
v -0.373928 -0.025189 0.525536
v -0.376348 -0.026189 0.525536
v -0.376348 -0.026189 0.525536
v -0.376348 -0.026189 0.525536
v -0.376348 -0.026189 0.525536
v -0.376348 -0.026189 0.525536
v -0.378201 -0.028039 0.525536
v -0.378201 -0.028039 0.525536
v -0.378201 -0.028039 0.525536
v -0.378201 -0.028039 0.525536
v -0.378201 -0.028039 0.525536
v -0.379205 -0.030457 0.525536
v -0.379205 -0.030457 0.525536
v -0.379205 -0.030457 0.525536
v -0.379205 -0.030457 0.525536
v -0.366044 -0.033086 0.525536
v -0.367048 -0.035504 0.525536
v -0.366044 -0.033086 0.525536
v -0.367048 -0.035504 0.525536
v -0.367048 -0.035504 0.525536
v -0.367048 -0.035504 0.525536
v -0.367048 -0.035504 0.525536
v -0.368901 -0.037354 0.525536
v -0.368901 -0.037354 0.525536
v -0.368901 -0.037354 0.525536
v -0.368901 -0.037354 0.525536
v -0.368901 -0.037354 0.525536
v -0.371321 -0.038354 0.525536
v -0.371321 -0.038354 0.525536
v -0.371321 -0.038354 0.525536
v -0.371321 -0.038354 0.525536
v -0.371321 -0.038354 0.525536
v -0.373939 -0.038352 0.525536
v -0.373939 -0.038352 0.525536
v -0.373939 -0.038352 0.525536
v -0.373939 -0.038352 0.525536
v -0.373939 -0.038352 0.525536
v -0.373939 -0.038352 0.525536
v -0.379205 -0.030457 0.525536
v -0.373939 -0.038352 0.525536
v -0.379205 -0.030457 0.525536
v -0.379207 -0.033075 0.525536
v -0.373939 -0.038352 0.525536
v -0.379207 -0.033075 0.525536
v -0.376357 -0.037348 0.525536
v -0.376357 -0.037348 0.525536
v -0.379207 -0.033075 0.525536
v -0.378207 -0.035495 0.525536
v -0.390610 -0.030917 0.520086
v -0.392459 -0.029064 0.525536
v -0.392459 -0.029064 0.520086
v -0.390610 -0.030917 0.525536
v -0.388191 -0.031921 0.520086
v -0.388191 -0.031921 0.525536
v -0.385573 -0.031923 0.525536
v -0.385573 -0.031923 0.520086
v -0.383153 -0.030924 0.525536
v -0.383153 -0.030924 0.520086
v -0.381300 -0.029074 0.525536
v -0.381300 -0.029074 0.520086
v -0.380296 -0.026656 0.525536
v -0.380296 -0.026656 0.520086
v -0.380294 -0.024037 0.520086
v -0.380294 -0.024037 0.525536
v -0.381294 -0.021618 0.520086
v -0.381294 -0.021618 0.525536
v -0.383144 -0.019765 0.520086
v -0.383144 -0.019765 0.525536
v -0.385562 -0.018761 0.520086
v -0.385562 -0.018761 0.525536
v -0.388180 -0.018758 0.525536
v -0.388180 -0.018758 0.520086
v -0.390600 -0.019758 0.525536
v -0.390600 -0.019758 0.520086
v -0.392453 -0.021608 0.525536
v -0.392453 -0.021608 0.520086
v -0.393457 -0.024026 0.525536
v -0.393457 -0.024026 0.520086
v -0.393459 -0.026644 0.520086
v -0.393459 -0.026644 0.525536
v -0.382906 -0.022943 0.525536
v -0.383662 -0.021997 0.525536
v -0.384637 -0.021279 0.525536
v -0.383036 -0.022780 0.525536
v -0.385765 -0.020837 0.525536
v -0.386968 -0.020703 0.525536
v -0.388166 -0.020885 0.525536
v -0.389275 -0.021370 0.525536
v -0.389438 -0.021500 0.525536
v -0.390221 -0.022126 0.525536
v -0.390939 -0.023101 0.525536
v -0.391380 -0.024229 0.525536
v -0.391514 -0.025433 0.525536
v -0.391333 -0.026630 0.525536
v -0.390847 -0.027739 0.525536
v -0.382421 -0.024052 0.525536
v -0.382239 -0.025249 0.525536
v -0.382373 -0.026453 0.525536
v -0.382814 -0.027580 0.525536
v -0.383532 -0.028555 0.525536
v -0.384315 -0.029181 0.525536
v -0.384478 -0.029311 0.525536
v -0.385588 -0.029797 0.525536
v -0.386785 -0.029979 0.525536
v -0.387988 -0.029844 0.525536
v -0.389116 -0.029403 0.525536
v -0.390091 -0.028685 0.525536
v -0.390717 -0.027902 0.525536
v -0.390610 -0.030917 0.525536
v -0.390610 -0.030917 0.520086
v -0.390610 -0.030917 0.525536
v -0.388191 -0.031921 0.520086
v -0.388191 -0.031921 0.520086
v -0.388191 -0.031921 0.525536
v -0.385573 -0.031923 0.520086
v -0.385573 -0.031923 0.520086
v -0.385573 -0.031923 0.525536
v -0.383153 -0.030924 0.520086
v -0.383153 -0.030924 0.520086
v -0.383153 -0.030924 0.525536
v -0.381300 -0.029074 0.520086
v -0.381300 -0.029074 0.520086
v -0.381300 -0.029074 0.525536
v -0.380296 -0.026656 0.525536
v -0.380296 -0.026656 0.525536
v -0.380296 -0.026656 0.520086
v -0.380294 -0.024037 0.525536
v -0.380294 -0.024037 0.525536
v -0.380294 -0.024037 0.520086
v -0.381294 -0.021618 0.525536
v -0.381294 -0.021618 0.525536
v -0.381294 -0.021618 0.520086
v -0.383144 -0.019765 0.525536
v -0.383144 -0.019765 0.525536
v -0.383144 -0.019765 0.520086
v -0.385562 -0.018761 0.520086
v -0.385562 -0.018761 0.520086
v -0.385562 -0.018761 0.525536
v -0.388180 -0.018758 0.520086
v -0.388180 -0.018758 0.520086
v -0.388180 -0.018758 0.525536
v -0.390600 -0.019758 0.520086
v -0.390600 -0.019758 0.520086
v -0.390600 -0.019758 0.525536
v -0.392453 -0.021608 0.520086
v -0.392453 -0.021608 0.520086
v -0.392453 -0.021608 0.525536
v -0.393457 -0.024026 0.525536
v -0.393457 -0.024026 0.520086
v -0.393457 -0.024026 0.525536
v -0.392459 -0.029064 0.520086
v -0.393459 -0.026644 0.525536
v -0.393459 -0.026644 0.520086
v -0.393459 -0.026644 0.525536
v -0.392459 -0.029064 0.520086
v -0.392459 -0.029064 0.525536
v -0.383144 -0.019765 0.525536
v -0.380294 -0.024037 0.525536
v -0.381294 -0.021618 0.525536
v -0.380294 -0.024037 0.525536
v -0.383144 -0.019765 0.525536
v -0.385562 -0.018761 0.525536
v -0.380294 -0.024037 0.525536
v -0.385562 -0.018761 0.525536
v -0.380296 -0.026656 0.525536
v -0.380296 -0.026656 0.525536
v -0.385562 -0.018761 0.525536
v -0.385562 -0.018761 0.525536
v -0.385562 -0.018761 0.525536
v -0.385562 -0.018761 0.525536
v -0.388180 -0.018758 0.525536
v -0.388180 -0.018758 0.525536
v -0.388180 -0.018758 0.525536
v -0.388180 -0.018758 0.525536
v -0.390600 -0.019758 0.525536
v -0.390600 -0.019758 0.525536
v -0.390600 -0.019758 0.525536
v -0.390600 -0.019758 0.525536
v -0.390600 -0.019758 0.525536
v -0.392453 -0.021608 0.525536
v -0.392453 -0.021608 0.525536
v -0.392453 -0.021608 0.525536
v -0.392453 -0.021608 0.525536
v -0.392453 -0.021608 0.525536
v -0.393457 -0.024026 0.525536
v -0.393457 -0.024026 0.525536
v -0.393457 -0.024026 0.525536
v -0.393457 -0.024026 0.525536
v -0.380296 -0.026656 0.525536
v -0.381300 -0.029074 0.525536
v -0.380296 -0.026656 0.525536
v -0.381300 -0.029074 0.525536
v -0.381300 -0.029074 0.525536
v -0.381300 -0.029074 0.525536
v -0.381300 -0.029074 0.525536
v -0.383153 -0.030924 0.525536
v -0.383153 -0.030924 0.525536
v -0.383153 -0.030924 0.525536
v -0.383153 -0.030924 0.525536
v -0.383153 -0.030924 0.525536
v -0.385573 -0.031923 0.525536
v -0.385573 -0.031923 0.525536
v -0.385573 -0.031923 0.525536
v -0.385573 -0.031923 0.525536
v -0.385573 -0.031923 0.525536
v -0.388191 -0.031921 0.525536
v -0.388191 -0.031921 0.525536
v -0.388191 -0.031921 0.525536
v -0.388191 -0.031921 0.525536
v -0.388191 -0.031921 0.525536
v -0.388191 -0.031921 0.525536
v -0.393457 -0.024026 0.525536
v -0.388191 -0.031921 0.525536
v -0.393457 -0.024026 0.525536
v -0.393459 -0.026644 0.525536
v -0.388191 -0.031921 0.525536
v -0.393459 -0.026644 0.525536
v -0.390610 -0.030917 0.525536
v -0.390610 -0.030917 0.525536
v -0.393459 -0.026644 0.525536
v -0.392459 -0.029064 0.525536
v -0.417255 -0.016171 0.520086
v -0.419105 -0.014318 0.525536
v -0.419105 -0.014318 0.520086
v -0.417255 -0.016171 0.525536
v -0.414837 -0.017175 0.520086
v -0.414837 -0.017175 0.525536
v -0.412219 -0.017177 0.525536
v -0.412219 -0.017177 0.520086
v -0.409799 -0.016178 0.525536
v -0.409799 -0.016178 0.520086
v -0.407946 -0.014328 0.525536
v -0.407946 -0.014328 0.520086
v -0.406942 -0.011910 0.525536
v -0.406942 -0.011910 0.520086
v -0.406940 -0.009291 0.520086
v -0.406940 -0.009291 0.525536
v -0.407939 -0.006872 0.520086
v -0.407939 -0.006872 0.525536
v -0.409789 -0.005019 0.520086
v -0.409789 -0.005019 0.525536
v -0.412207 -0.004015 0.520086
v -0.412207 -0.004015 0.525536
v -0.414826 -0.004012 0.525536
v -0.414826 -0.004012 0.520086
v -0.417245 -0.005012 0.525536
v -0.417245 -0.005012 0.520086
v -0.419098 -0.006862 0.525536
v -0.419098 -0.006862 0.520086
v -0.420102 -0.009280 0.525536
v -0.420102 -0.009280 0.520086
v -0.420105 -0.011898 0.520086
v -0.420105 -0.011898 0.525536
v -0.409552 -0.008197 0.525536
v -0.410308 -0.007251 0.525536
v -0.411283 -0.006533 0.525536
v -0.409682 -0.008034 0.525536
v -0.412410 -0.006091 0.525536
v -0.413614 -0.005957 0.525536
v -0.414811 -0.006139 0.525536
v -0.415920 -0.006624 0.525536
v -0.416083 -0.006754 0.525536
v -0.416866 -0.007380 0.525536
v -0.417584 -0.008355 0.525536
v -0.418026 -0.009483 0.525536
v -0.418160 -0.010687 0.525536
v -0.417978 -0.011884 0.525536
v -0.417493 -0.012993 0.525536
v -0.409066 -0.009306 0.525536
v -0.408884 -0.010503 0.525536
v -0.409019 -0.011707 0.525536
v -0.409460 -0.012834 0.525536
v -0.410178 -0.013809 0.525536
v -0.410961 -0.014435 0.525536
v -0.411124 -0.014565 0.525536
v -0.412233 -0.015051 0.525536
v -0.413430 -0.015233 0.525536
v -0.414634 -0.015098 0.525536
v -0.415762 -0.014657 0.525536
v -0.416737 -0.013939 0.525536
v -0.417363 -0.013156 0.525536
v -0.417255 -0.016171 0.525536
v -0.417255 -0.016171 0.520086
v -0.417255 -0.016171 0.525536
v -0.414837 -0.017175 0.520086
v -0.414837 -0.017175 0.520086
v -0.414837 -0.017175 0.525536
v -0.412219 -0.017177 0.520086
v -0.412219 -0.017177 0.520086
v -0.412219 -0.017177 0.525536
v -0.409799 -0.016178 0.520086
v -0.409799 -0.016178 0.520086
v -0.409799 -0.016178 0.525536
v -0.407946 -0.014328 0.520086
v -0.407946 -0.014328 0.520086
v -0.407946 -0.014328 0.525536
v -0.406942 -0.011910 0.525536
v -0.406942 -0.011910 0.525536
v -0.406942 -0.011910 0.520086
v -0.406940 -0.009291 0.525536
v -0.406940 -0.009291 0.525536
v -0.406940 -0.009291 0.520086
v -0.407939 -0.006872 0.525536
v -0.407939 -0.006872 0.525536
v -0.407939 -0.006872 0.520086
v -0.409789 -0.005019 0.525536
v -0.409789 -0.005019 0.525536
v -0.409789 -0.005019 0.520086
v -0.412207 -0.004015 0.520086
v -0.412207 -0.004015 0.520086
v -0.412207 -0.004015 0.525536
v -0.414826 -0.004012 0.520086
v -0.414826 -0.004012 0.520086
v -0.414826 -0.004012 0.525536
v -0.417245 -0.005012 0.520086
v -0.417245 -0.005012 0.520086
v -0.417245 -0.005012 0.525536
v -0.419098 -0.006862 0.520086
v -0.419098 -0.006862 0.520086
v -0.419098 -0.006862 0.525536
v -0.420102 -0.009280 0.525536
v -0.420102 -0.009280 0.520086
v -0.420102 -0.009280 0.525536
v -0.419105 -0.014318 0.520086
v -0.420105 -0.011898 0.525536
v -0.420105 -0.011898 0.520086
v -0.420105 -0.011898 0.525536
v -0.419105 -0.014318 0.520086
v -0.419105 -0.014318 0.525536
v -0.409789 -0.005019 0.525536
v -0.406940 -0.009291 0.525536
v -0.407939 -0.006872 0.525536
v -0.406940 -0.009291 0.525536
v -0.409789 -0.005019 0.525536
v -0.412207 -0.004015 0.525536
v -0.406940 -0.009291 0.525536
v -0.412207 -0.004015 0.525536
v -0.406942 -0.011910 0.525536
v -0.406942 -0.011910 0.525536
v -0.412207 -0.004015 0.525536
v -0.412207 -0.004015 0.525536
v -0.412207 -0.004015 0.525536
v -0.412207 -0.004015 0.525536
v -0.414826 -0.004012 0.525536
v -0.414826 -0.004012 0.525536
v -0.414826 -0.004012 0.525536
v -0.414826 -0.004012 0.525536
v -0.417245 -0.005012 0.525536
v -0.417245 -0.005012 0.525536
v -0.417245 -0.005012 0.525536
v -0.417245 -0.005012 0.525536
v -0.417245 -0.005012 0.525536
v -0.419098 -0.006862 0.525536
v -0.419098 -0.006862 0.525536
v -0.419098 -0.006862 0.525536
v -0.419098 -0.006862 0.525536
v -0.419098 -0.006862 0.525536
v -0.420102 -0.009280 0.525536
v -0.420102 -0.009280 0.525536
v -0.420102 -0.009280 0.525536
v -0.420102 -0.009280 0.525536
v -0.406942 -0.011910 0.525536
v -0.407946 -0.014328 0.525536
v -0.406942 -0.011910 0.525536
v -0.407946 -0.014328 0.525536
v -0.407946 -0.014328 0.525536
v -0.407946 -0.014328 0.525536
v -0.407946 -0.014328 0.525536
v -0.409799 -0.016178 0.525536
v -0.409799 -0.016178 0.525536
v -0.409799 -0.016178 0.525536
v -0.409799 -0.016178 0.525536
v -0.409799 -0.016178 0.525536
v -0.412219 -0.017177 0.525536
v -0.412219 -0.017177 0.525536
v -0.412219 -0.017177 0.525536
v -0.412219 -0.017177 0.525536
v -0.412219 -0.017177 0.525536
v -0.414837 -0.017175 0.525536
v -0.414837 -0.017175 0.525536
v -0.414837 -0.017175 0.525536
v -0.414837 -0.017175 0.525536
v -0.414837 -0.017175 0.525536
v -0.414837 -0.017175 0.525536
v -0.420102 -0.009280 0.525536
v -0.414837 -0.017175 0.525536
v -0.420102 -0.009280 0.525536
v -0.420105 -0.011898 0.525536
v -0.414837 -0.017175 0.525536
v -0.420105 -0.011898 0.525536
v -0.417255 -0.016171 0.525536
v -0.417255 -0.016171 0.525536
v -0.420105 -0.011898 0.525536
v -0.419105 -0.014318 0.525536
v -0.194954 -0.090957 0.516768
v -0.194951 -0.088286 0.522140
v -0.194951 -0.088286 0.516768
v -0.194954 -0.090957 0.522140
v -0.193934 -0.093425 0.516768
v -0.193934 -0.093425 0.522140
v -0.192047 -0.095315 0.522140
v -0.192047 -0.095315 0.516768
v -0.189581 -0.096339 0.522140
v -0.189581 -0.096339 0.516768
v -0.186910 -0.096342 0.522140
v -0.186910 -0.096342 0.516768
v -0.184442 -0.095322 0.522140
v -0.184442 -0.095322 0.516768
v -0.182552 -0.093435 0.516768
v -0.182552 -0.093435 0.522140
v -0.181528 -0.090969 0.516768
v -0.181528 -0.090969 0.522140
v -0.181525 -0.088298 0.516768
v -0.181525 -0.088298 0.522140
v -0.182545 -0.085830 0.516768
v -0.182545 -0.085830 0.522140
v -0.184432 -0.083940 0.522140
v -0.184432 -0.083940 0.516768
v -0.186898 -0.082916 0.522140
v -0.186898 -0.082916 0.516768
v -0.189569 -0.082913 0.522140
v -0.189569 -0.082913 0.516768
v -0.192037 -0.083933 0.522140
v -0.192037 -0.083933 0.516768
v -0.193927 -0.085820 0.516768
v -0.193927 -0.085820 0.522140
v -0.183646 -0.090762 0.522140
v -0.183509 -0.089534 0.522140
v -0.183694 -0.088313 0.522140
v -0.183622 -0.090550 0.522140
v -0.184189 -0.087181 0.522140
v -0.184961 -0.086216 0.522140
v -0.185955 -0.085484 0.522140
v -0.187105 -0.085034 0.522140
v -0.187317 -0.085010 0.522140
v -0.188333 -0.084897 0.522140
v -0.189554 -0.085082 0.522140
v -0.190686 -0.085578 0.522140
v -0.191651 -0.086349 0.522140
v -0.192383 -0.087343 0.522140
v -0.192833 -0.088494 0.522140
v -0.184096 -0.091912 0.522140
v -0.184828 -0.092906 0.522140
v -0.185793 -0.093678 0.522140
v -0.186925 -0.094173 0.522140
v -0.188146 -0.094358 0.522140
v -0.189162 -0.094245 0.522140
v -0.189373 -0.094221 0.522140
v -0.190524 -0.093771 0.522140
v -0.191518 -0.093039 0.522140
v -0.192289 -0.092074 0.522140
v -0.192785 -0.090942 0.522140
v -0.192970 -0.089721 0.522140
v -0.192857 -0.088705 0.522140
v -0.194954 -0.090957 0.522140
v -0.194954 -0.090957 0.516768
v -0.194954 -0.090957 0.522140
v -0.193934 -0.093425 0.516768
v -0.193934 -0.093425 0.516768
v -0.193934 -0.093425 0.522140
v -0.192047 -0.095315 0.516768
v -0.192047 -0.095315 0.516768
v -0.192047 -0.095315 0.522140
v -0.189581 -0.096339 0.516768
v -0.189581 -0.096339 0.516768
v -0.189581 -0.096339 0.522140
v -0.186910 -0.096342 0.516768
v -0.186910 -0.096342 0.516768
v -0.186910 -0.096342 0.522140
v -0.184442 -0.095322 0.522140
v -0.184442 -0.095322 0.522140
v -0.184442 -0.095322 0.516768
v -0.182552 -0.093435 0.522140
v -0.182552 -0.093435 0.522140
v -0.182552 -0.093435 0.516768
v -0.181528 -0.090969 0.522140
v -0.181528 -0.090969 0.522140
v -0.181528 -0.090969 0.516768
v -0.181525 -0.088298 0.522140
v -0.181525 -0.088298 0.522140
v -0.181525 -0.088298 0.516768
v -0.182545 -0.085830 0.516768
v -0.182545 -0.085830 0.516768
v -0.182545 -0.085830 0.522140
v -0.184432 -0.083940 0.516768
v -0.184432 -0.083940 0.516768
v -0.184432 -0.083940 0.522140
v -0.186898 -0.082916 0.516768
v -0.186898 -0.082916 0.516768
v -0.186898 -0.082916 0.522140
v -0.189569 -0.082913 0.516768
v -0.189569 -0.082913 0.516768
v -0.189569 -0.082913 0.522140
v -0.192037 -0.083933 0.522140
v -0.192037 -0.083933 0.516768
v -0.192037 -0.083933 0.522140
v -0.194951 -0.088286 0.516768
v -0.193927 -0.085820 0.522140
v -0.193927 -0.085820 0.516768
v -0.193927 -0.085820 0.522140
v -0.194951 -0.088286 0.516768
v -0.194951 -0.088286 0.522140
v -0.181525 -0.088298 0.522140
v -0.182552 -0.093435 0.522140
v -0.181528 -0.090969 0.522140
v -0.182552 -0.093435 0.522140
v -0.181525 -0.088298 0.522140
v -0.182545 -0.085830 0.522140
v -0.182552 -0.093435 0.522140
v -0.182545 -0.085830 0.522140
v -0.184442 -0.095322 0.522140
v -0.184442 -0.095322 0.522140
v -0.182545 -0.085830 0.522140
v -0.182545 -0.085830 0.522140
v -0.182545 -0.085830 0.522140
v -0.182545 -0.085830 0.522140
v -0.184432 -0.083940 0.522140
v -0.184432 -0.083940 0.522140
v -0.184432 -0.083940 0.522140
v -0.184432 -0.083940 0.522140
v -0.186898 -0.082916 0.522140
v -0.186898 -0.082916 0.522140
v -0.186898 -0.082916 0.522140
v -0.186898 -0.082916 0.522140
v -0.186898 -0.082916 0.522140
v -0.189569 -0.082913 0.522140
v -0.189569 -0.082913 0.522140
v -0.189569 -0.082913 0.522140
v -0.189569 -0.082913 0.522140
v -0.189569 -0.082913 0.522140
v -0.192037 -0.083933 0.522140
v -0.192037 -0.083933 0.522140
v -0.192037 -0.083933 0.522140
v -0.192037 -0.083933 0.522140
v -0.184442 -0.095322 0.522140
v -0.186910 -0.096342 0.522140
v -0.184442 -0.095322 0.522140
v -0.186910 -0.096342 0.522140
v -0.186910 -0.096342 0.522140
v -0.186910 -0.096342 0.522140
v -0.186910 -0.096342 0.522140
v -0.189581 -0.096339 0.522140
v -0.189581 -0.096339 0.522140
v -0.189581 -0.096339 0.522140
v -0.189581 -0.096339 0.522140
v -0.189581 -0.096339 0.522140
v -0.192047 -0.095315 0.522140
v -0.192047 -0.095315 0.522140
v -0.192047 -0.095315 0.522140
v -0.192047 -0.095315 0.522140
v -0.192047 -0.095315 0.522140
v -0.193934 -0.093425 0.522140
v -0.193934 -0.093425 0.522140
v -0.193934 -0.093425 0.522140
v -0.193934 -0.093425 0.522140
v -0.193934 -0.093425 0.522140
v -0.193934 -0.093425 0.522140
v -0.192037 -0.083933 0.522140
v -0.193934 -0.093425 0.522140
v -0.192037 -0.083933 0.522140
v -0.193927 -0.085820 0.522140
v -0.193934 -0.093425 0.522140
v -0.193927 -0.085820 0.522140
v -0.194954 -0.090957 0.522140
v -0.194954 -0.090957 0.522140
v -0.193927 -0.085820 0.522140
v -0.194951 -0.088286 0.522140
v -0.178825 -0.094180 0.516768
v -0.178822 -0.091509 0.522140
v -0.178822 -0.091509 0.516768
v -0.178825 -0.094180 0.522140
v -0.177805 -0.096648 0.516768
v -0.177805 -0.096648 0.522140
v -0.175918 -0.098538 0.522140
v -0.175918 -0.098538 0.516768
v -0.173452 -0.099562 0.522140
v -0.173452 -0.099562 0.516768
v -0.170781 -0.099565 0.522140
v -0.170781 -0.099565 0.516768
v -0.168313 -0.098545 0.522140
v -0.168313 -0.098545 0.516768
v -0.166423 -0.096658 0.516768
v -0.166423 -0.096658 0.522140
v -0.165399 -0.094192 0.516768
v -0.165399 -0.094192 0.522140
v -0.165396 -0.091521 0.516768
v -0.165396 -0.091521 0.522140
v -0.166416 -0.089053 0.516768
v -0.166416 -0.089053 0.522140
v -0.168303 -0.087163 0.522140
v -0.168303 -0.087163 0.516768
v -0.170769 -0.086139 0.522140
v -0.170769 -0.086139 0.516768
v -0.173440 -0.086136 0.522140
v -0.173440 -0.086136 0.516768
v -0.175908 -0.087156 0.522140
v -0.175908 -0.087156 0.516768
v -0.177798 -0.089043 0.516768
v -0.177798 -0.089043 0.522140
v -0.167517 -0.093984 0.522140
v -0.167380 -0.092757 0.522140
v -0.167565 -0.091536 0.522140
v -0.167493 -0.093773 0.522140
v -0.168060 -0.090404 0.522140
v -0.168832 -0.089439 0.522140
v -0.169826 -0.088707 0.522140
v -0.170976 -0.088257 0.522140
v -0.171188 -0.088233 0.522140
v -0.172204 -0.088120 0.522140
v -0.173425 -0.088305 0.522140
v -0.174557 -0.088800 0.522140
v -0.175522 -0.089572 0.522140
v -0.176254 -0.090566 0.522140
v -0.176704 -0.091716 0.522140
v -0.167967 -0.095135 0.522140
v -0.168699 -0.096129 0.522140
v -0.169664 -0.096900 0.522140
v -0.170796 -0.097396 0.522140
v -0.172017 -0.097581 0.522140
v -0.173033 -0.097468 0.522140
v -0.173244 -0.097444 0.522140
v -0.174395 -0.096994 0.522140
v -0.175389 -0.096262 0.522140
v -0.176160 -0.095297 0.522140
v -0.176656 -0.094165 0.522140
v -0.176841 -0.092944 0.522140
v -0.176728 -0.091928 0.522140
v -0.178825 -0.094180 0.522140
v -0.178825 -0.094180 0.516768
v -0.178825 -0.094180 0.522140
v -0.177805 -0.096648 0.516768
v -0.177805 -0.096648 0.516768
v -0.177805 -0.096648 0.522140
v -0.175918 -0.098538 0.516768
v -0.175918 -0.098538 0.516768
v -0.175918 -0.098538 0.522140
v -0.173452 -0.099562 0.516768
v -0.173452 -0.099562 0.516768
v -0.173452 -0.099562 0.522140
v -0.170781 -0.099565 0.516768
v -0.170781 -0.099565 0.516768
v -0.170781 -0.099565 0.522140
v -0.168313 -0.098545 0.522140
v -0.168313 -0.098545 0.522140
v -0.168313 -0.098545 0.516768
v -0.166423 -0.096658 0.522140
v -0.166423 -0.096658 0.522140
v -0.166423 -0.096658 0.516768
v -0.165399 -0.094192 0.522140
v -0.165399 -0.094192 0.522140
v -0.165399 -0.094192 0.516768
v -0.165396 -0.091521 0.522140
v -0.165396 -0.091521 0.522140
v -0.165396 -0.091521 0.516768
v -0.166416 -0.089053 0.516768
v -0.166416 -0.089053 0.516768
v -0.166416 -0.089053 0.522140
v -0.168303 -0.087163 0.516768
v -0.168303 -0.087163 0.516768
v -0.168303 -0.087163 0.522140
v -0.170769 -0.086139 0.516768
v -0.170769 -0.086139 0.516768
v -0.170769 -0.086139 0.522140
v -0.173440 -0.086136 0.516768
v -0.173440 -0.086136 0.516768
v -0.173440 -0.086136 0.522140
v -0.175908 -0.087156 0.522140
v -0.175908 -0.087156 0.516768
v -0.175908 -0.087156 0.522140
v -0.178822 -0.091509 0.516768
v -0.177798 -0.089043 0.522140
v -0.177798 -0.089043 0.516768
v -0.177798 -0.089043 0.522140
v -0.178822 -0.091509 0.516768
v -0.178822 -0.091509 0.522140
v -0.165396 -0.091521 0.522140
v -0.166423 -0.096658 0.522140
v -0.165399 -0.094192 0.522140
v -0.166423 -0.096658 0.522140
v -0.165396 -0.091521 0.522140
v -0.166416 -0.089053 0.522140
v -0.166423 -0.096658 0.522140
v -0.166416 -0.089053 0.522140
v -0.168313 -0.098545 0.522140
v -0.168313 -0.098545 0.522140
v -0.166416 -0.089053 0.522140
v -0.166416 -0.089053 0.522140
v -0.166416 -0.089053 0.522140
v -0.166416 -0.089053 0.522140
v -0.168303 -0.087163 0.522140
v -0.168303 -0.087163 0.522140
v -0.168303 -0.087163 0.522140
v -0.168303 -0.087163 0.522140
v -0.170769 -0.086139 0.522140
v -0.170769 -0.086139 0.522140
v -0.170769 -0.086139 0.522140
v -0.170769 -0.086139 0.522140
v -0.170769 -0.086139 0.522140
v -0.173440 -0.086136 0.522140
v -0.173440 -0.086136 0.522140
v -0.173440 -0.086136 0.522140
v -0.173440 -0.086136 0.522140
v -0.173440 -0.086136 0.522140
v -0.175908 -0.087156 0.522140
v -0.175908 -0.087156 0.522140
v -0.175908 -0.087156 0.522140
v -0.175908 -0.087156 0.522140
v -0.168313 -0.098545 0.522140
v -0.170781 -0.099565 0.522140
v -0.168313 -0.098545 0.522140
v -0.170781 -0.099565 0.522140
v -0.170781 -0.099565 0.522140
v -0.170781 -0.099565 0.522140
v -0.170781 -0.099565 0.522140
v -0.173452 -0.099562 0.522140
v -0.173452 -0.099562 0.522140
v -0.173452 -0.099562 0.522140
v -0.173452 -0.099562 0.522140
v -0.173452 -0.099562 0.522140
v -0.175918 -0.098538 0.522140
v -0.175918 -0.098538 0.522140
v -0.175918 -0.098538 0.522140
v -0.175918 -0.098538 0.522140
v -0.175918 -0.098538 0.522140
v -0.177805 -0.096648 0.522140
v -0.177805 -0.096648 0.522140
v -0.177805 -0.096648 0.522140
v -0.177805 -0.096648 0.522140
v -0.177805 -0.096648 0.522140
v -0.177805 -0.096648 0.522140
v -0.175908 -0.087156 0.522140
v -0.177805 -0.096648 0.522140
v -0.175908 -0.087156 0.522140
v -0.177798 -0.089043 0.522140
v -0.177805 -0.096648 0.522140
v -0.177798 -0.089043 0.522140
v -0.178825 -0.094180 0.522140
v -0.178825 -0.094180 0.522140
v -0.177798 -0.089043 0.522140
v -0.178822 -0.091509 0.522140
v -0.163887 -0.097165 0.516768
v -0.163885 -0.094494 0.522140
v -0.163885 -0.094494 0.516768
v -0.163887 -0.097165 0.522140
v -0.162868 -0.099633 0.516768
v -0.162868 -0.099633 0.522140
v -0.160981 -0.101523 0.522140
v -0.160981 -0.101523 0.516768
v -0.158514 -0.102547 0.522140
v -0.158514 -0.102547 0.516768
v -0.155844 -0.102549 0.522140
v -0.155844 -0.102549 0.516768
v -0.153376 -0.101530 0.522140
v -0.153376 -0.101530 0.516768
v -0.151486 -0.099643 0.516768
v -0.151486 -0.099643 0.522140
v -0.150461 -0.097176 0.516768
v -0.150461 -0.097176 0.522140
v -0.150459 -0.094506 0.516768
v -0.150459 -0.094506 0.522140
v -0.151479 -0.092038 0.516768
v -0.151479 -0.092038 0.522140
v -0.153366 -0.090148 0.522140
v -0.153366 -0.090148 0.516768
v -0.155832 -0.089123 0.522140
v -0.155832 -0.089123 0.516768
v -0.158503 -0.089121 0.522140
v -0.158503 -0.089121 0.516768
v -0.160971 -0.090141 0.522140
v -0.160971 -0.090141 0.516768
v -0.162861 -0.092028 0.516768
v -0.162861 -0.092028 0.522140
v -0.152580 -0.096969 0.522140
v -0.152443 -0.095742 0.522140
v -0.152628 -0.094521 0.522140
v -0.152556 -0.096758 0.522140
v -0.153123 -0.093389 0.522140
v -0.153894 -0.092424 0.522140
v -0.154889 -0.091692 0.522140
v -0.156039 -0.091242 0.522140
v -0.156251 -0.091218 0.522140
v -0.157267 -0.091105 0.522140
v -0.158488 -0.091290 0.522140
v -0.159620 -0.091785 0.522140
v -0.160584 -0.092556 0.522140
v -0.161317 -0.093551 0.522140
v -0.161767 -0.094701 0.522140
v -0.153030 -0.098119 0.522140
v -0.153762 -0.099114 0.522140
v -0.154727 -0.099885 0.522140
v -0.155859 -0.100380 0.522140
v -0.157080 -0.100566 0.522140
v -0.158096 -0.100452 0.522140
v -0.158307 -0.100429 0.522140
v -0.159458 -0.099979 0.522140
v -0.160452 -0.099246 0.522140
v -0.161223 -0.098281 0.522140
v -0.161718 -0.097150 0.522140
v -0.161904 -0.095929 0.522140
v -0.161790 -0.094913 0.522140
v -0.163887 -0.097165 0.522140
v -0.163887 -0.097165 0.516768
v -0.163887 -0.097165 0.522140
v -0.162868 -0.099633 0.516768
v -0.162868 -0.099633 0.516768
v -0.162868 -0.099633 0.522140
v -0.160981 -0.101523 0.516768
v -0.160981 -0.101523 0.516768
v -0.160981 -0.101523 0.522140
v -0.158514 -0.102547 0.516768
v -0.158514 -0.102547 0.516768
v -0.158514 -0.102547 0.522140
v -0.155844 -0.102549 0.516768
v -0.155844 -0.102549 0.516768
v -0.155844 -0.102549 0.522140
v -0.153376 -0.101530 0.522140
v -0.153376 -0.101530 0.522140
v -0.153376 -0.101530 0.516768
v -0.151486 -0.099643 0.522140
v -0.151486 -0.099643 0.522140
v -0.151486 -0.099643 0.516768
v -0.150461 -0.097176 0.522140
v -0.150461 -0.097176 0.522140
v -0.150461 -0.097176 0.516768
v -0.150459 -0.094506 0.522140
v -0.150459 -0.094506 0.522140
v -0.150459 -0.094506 0.516768
v -0.151479 -0.092038 0.516768
v -0.151479 -0.092038 0.516768
v -0.151479 -0.092038 0.522140
v -0.153366 -0.090148 0.516768
v -0.153366 -0.090148 0.516768
v -0.153366 -0.090148 0.522140
v -0.155832 -0.089123 0.516768
v -0.155832 -0.089123 0.516768
v -0.155832 -0.089123 0.522140
v -0.158503 -0.089121 0.516768
v -0.158503 -0.089121 0.516768
v -0.158503 -0.089121 0.522140
v -0.160971 -0.090141 0.522140
v -0.160971 -0.090141 0.516768
v -0.160971 -0.090141 0.522140
v -0.163885 -0.094494 0.516768
v -0.162861 -0.092028 0.522140
v -0.162861 -0.092028 0.516768
v -0.162861 -0.092028 0.522140
v -0.163885 -0.094494 0.516768
v -0.163885 -0.094494 0.522140
v -0.150459 -0.094506 0.522140
v -0.151486 -0.099643 0.522140
v -0.150461 -0.097176 0.522140
v -0.151486 -0.099643 0.522140
v -0.150459 -0.094506 0.522140
v -0.151479 -0.092038 0.522140
v -0.151486 -0.099643 0.522140
v -0.151479 -0.092038 0.522140
v -0.153376 -0.101530 0.522140
v -0.153376 -0.101530 0.522140
v -0.151479 -0.092038 0.522140
v -0.151479 -0.092038 0.522140
v -0.151479 -0.092038 0.522140
v -0.151479 -0.092038 0.522140
v -0.153366 -0.090148 0.522140
v -0.153366 -0.090148 0.522140
v -0.153366 -0.090148 0.522140
v -0.153366 -0.090148 0.522140
v -0.155832 -0.089123 0.522140
v -0.155832 -0.089123 0.522140
v -0.155832 -0.089123 0.522140
v -0.155832 -0.089123 0.522140
v -0.155832 -0.089123 0.522140
v -0.158503 -0.089121 0.522140
v -0.158503 -0.089121 0.522140
v -0.158503 -0.089121 0.522140
v -0.158503 -0.089121 0.522140
v -0.158503 -0.089121 0.522140
v -0.160971 -0.090141 0.522140
v -0.160971 -0.090141 0.522140
v -0.160971 -0.090141 0.522140
v -0.160971 -0.090141 0.522140
v -0.153376 -0.101530 0.522140
v -0.155844 -0.102549 0.522140
v -0.153376 -0.101530 0.522140
v -0.155844 -0.102549 0.522140
v -0.155844 -0.102549 0.522140
v -0.155844 -0.102549 0.522140
v -0.155844 -0.102549 0.522140
v -0.158514 -0.102547 0.522140
v -0.158514 -0.102547 0.522140
v -0.158514 -0.102547 0.522140
v -0.158514 -0.102547 0.522140
v -0.158514 -0.102547 0.522140
v -0.160981 -0.101523 0.522140
v -0.160981 -0.101523 0.522140
v -0.160981 -0.101523 0.522140
v -0.160981 -0.101523 0.522140
v -0.160981 -0.101523 0.522140
v -0.162868 -0.099633 0.522140
v -0.162868 -0.099633 0.522140
v -0.162868 -0.099633 0.522140
v -0.162868 -0.099633 0.522140
v -0.162868 -0.099633 0.522140
v -0.162868 -0.099633 0.522140
v -0.160971 -0.090141 0.522140
v -0.162868 -0.099633 0.522140
v -0.160971 -0.090141 0.522140
v -0.162861 -0.092028 0.522140
v -0.162868 -0.099633 0.522140
v -0.162861 -0.092028 0.522140
v -0.163887 -0.097165 0.522140
v -0.163887 -0.097165 0.522140
v -0.162861 -0.092028 0.522140
v -0.163885 -0.094494 0.522140
v -0.148576 -0.100224 0.516768
v -0.148573 -0.097554 0.522140
v -0.148573 -0.097554 0.516768
v -0.148576 -0.100224 0.522140
v -0.147556 -0.102692 0.516768
v -0.147556 -0.102692 0.522140
v -0.145669 -0.104583 0.522140
v -0.145669 -0.104583 0.516768
v -0.143203 -0.105607 0.522140
v -0.143203 -0.105607 0.516768
v -0.140532 -0.105609 0.522140
v -0.140532 -0.105609 0.516768
v -0.138064 -0.104589 0.522140
v -0.138064 -0.104589 0.516768
v -0.136174 -0.102702 0.516768
v -0.136174 -0.102702 0.522140
v -0.135150 -0.100236 0.516768
v -0.135150 -0.100236 0.522140
v -0.135147 -0.097565 0.516768
v -0.135147 -0.097565 0.522140
v -0.136167 -0.095097 0.516768
v -0.136167 -0.095097 0.522140
v -0.138054 -0.093207 0.522140
v -0.138054 -0.093207 0.516768
v -0.140520 -0.092183 0.522140
v -0.140520 -0.092183 0.516768
v -0.143191 -0.092181 0.522140
v -0.143191 -0.092181 0.516768
v -0.145659 -0.093201 0.522140
v -0.145659 -0.093201 0.516768
v -0.147549 -0.095087 0.516768
v -0.147549 -0.095087 0.522140
v -0.137268 -0.100029 0.522140
v -0.137131 -0.098801 0.522140
v -0.137316 -0.097580 0.522140
v -0.137244 -0.099817 0.522140
v -0.137812 -0.096449 0.522140
v -0.138583 -0.095484 0.522140
v -0.139577 -0.094751 0.522140
v -0.140728 -0.094301 0.522140
v -0.140939 -0.094278 0.522140
v -0.141955 -0.094164 0.522140
v -0.143176 -0.094350 0.522140
v -0.144308 -0.094845 0.522140
v -0.145273 -0.095616 0.522140
v -0.146005 -0.096611 0.522140
v -0.146455 -0.097761 0.522140
v -0.137718 -0.101179 0.522140
v -0.138450 -0.102174 0.522140
v -0.139415 -0.102945 0.522140
v -0.140547 -0.103440 0.522140
v -0.141768 -0.103625 0.522140
v -0.142784 -0.103512 0.522140
v -0.142996 -0.103488 0.522140
v -0.144146 -0.103038 0.522140
v -0.145140 -0.102306 0.522140
v -0.145912 -0.101341 0.522140
v -0.146407 -0.100210 0.522140
v -0.146592 -0.098988 0.522140
v -0.146479 -0.097972 0.522140
v -0.148576 -0.100224 0.522140
v -0.148576 -0.100224 0.516768
v -0.148576 -0.100224 0.522140
v -0.147556 -0.102692 0.516768
v -0.147556 -0.102692 0.516768
v -0.147556 -0.102692 0.522140
v -0.145669 -0.104583 0.516768
v -0.145669 -0.104583 0.516768
v -0.145669 -0.104583 0.522140
v -0.143203 -0.105607 0.516768
v -0.143203 -0.105607 0.516768
v -0.143203 -0.105607 0.522140
v -0.140532 -0.105609 0.516768
v -0.140532 -0.105609 0.516768
v -0.140532 -0.105609 0.522140
v -0.138064 -0.104589 0.522140
v -0.138064 -0.104589 0.522140
v -0.138064 -0.104589 0.516768
v -0.136174 -0.102702 0.522140
v -0.136174 -0.102702 0.522140
v -0.136174 -0.102702 0.516768
v -0.135150 -0.100236 0.522140
v -0.135150 -0.100236 0.522140
v -0.135150 -0.100236 0.516768
v -0.135147 -0.097565 0.522140
v -0.135147 -0.097565 0.522140
v -0.135147 -0.097565 0.516768
v -0.136167 -0.095097 0.516768
v -0.136167 -0.095097 0.516768
v -0.136167 -0.095097 0.522140
v -0.138054 -0.093207 0.516768
v -0.138054 -0.093207 0.516768
v -0.138054 -0.093207 0.522140
v -0.140520 -0.092183 0.516768
v -0.140520 -0.092183 0.516768
v -0.140520 -0.092183 0.522140
v -0.143191 -0.092181 0.516768
v -0.143191 -0.092181 0.516768
v -0.143191 -0.092181 0.522140
v -0.145659 -0.093201 0.522140
v -0.145659 -0.093201 0.516768
v -0.145659 -0.093201 0.522140
v -0.148573 -0.097554 0.516768
v -0.147549 -0.095087 0.522140
v -0.147549 -0.095087 0.516768
v -0.147549 -0.095087 0.522140
v -0.148573 -0.097554 0.516768
v -0.148573 -0.097554 0.522140
v -0.135147 -0.097565 0.522140
v -0.136174 -0.102702 0.522140
v -0.135150 -0.100236 0.522140
v -0.136174 -0.102702 0.522140
v -0.135147 -0.097565 0.522140
v -0.136167 -0.095097 0.522140
v -0.136174 -0.102702 0.522140
v -0.136167 -0.095097 0.522140
v -0.138064 -0.104589 0.522140
v -0.138064 -0.104589 0.522140
v -0.136167 -0.095097 0.522140
v -0.136167 -0.095097 0.522140
v -0.136167 -0.095097 0.522140
v -0.136167 -0.095097 0.522140
v -0.138054 -0.093207 0.522140
v -0.138054 -0.093207 0.522140
v -0.138054 -0.093207 0.522140
v -0.138054 -0.093207 0.522140
v -0.140520 -0.092183 0.522140
v -0.140520 -0.092183 0.522140
v -0.140520 -0.092183 0.522140
v -0.140520 -0.092183 0.522140
v -0.140520 -0.092183 0.522140
v -0.143191 -0.092181 0.522140
v -0.143191 -0.092181 0.522140
v -0.143191 -0.092181 0.522140
v -0.143191 -0.092181 0.522140
v -0.143191 -0.092181 0.522140
v -0.145659 -0.093201 0.522140
v -0.145659 -0.093201 0.522140
v -0.145659 -0.093201 0.522140
v -0.145659 -0.093201 0.522140
v -0.138064 -0.104589 0.522140
v -0.140532 -0.105609 0.522140
v -0.138064 -0.104589 0.522140
v -0.140532 -0.105609 0.522140
v -0.140532 -0.105609 0.522140
v -0.140532 -0.105609 0.522140
v -0.140532 -0.105609 0.522140
v -0.143203 -0.105607 0.522140
v -0.143203 -0.105607 0.522140
v -0.143203 -0.105607 0.522140
v -0.143203 -0.105607 0.522140
v -0.143203 -0.105607 0.522140
v -0.145669 -0.104583 0.522140
v -0.145669 -0.104583 0.522140
v -0.145669 -0.104583 0.522140
v -0.145669 -0.104583 0.522140
v -0.145669 -0.104583 0.522140
v -0.147556 -0.102692 0.522140
v -0.147556 -0.102692 0.522140
v -0.147556 -0.102692 0.522140
v -0.147556 -0.102692 0.522140
v -0.147556 -0.102692 0.522140
v -0.147556 -0.102692 0.522140
v -0.145659 -0.093201 0.522140
v -0.147556 -0.102692 0.522140
v -0.145659 -0.093201 0.522140
v -0.147549 -0.095087 0.522140
v -0.147556 -0.102692 0.522140
v -0.147549 -0.095087 0.522140
v -0.148576 -0.100224 0.522140
v -0.148576 -0.100224 0.522140
v -0.147549 -0.095087 0.522140
v -0.148573 -0.097554 0.522140
v -0.133559 -0.103225 0.516768
v -0.133557 -0.100554 0.522140
v -0.133557 -0.100554 0.516768
v -0.133559 -0.103225 0.522140
v -0.132539 -0.105693 0.516768
v -0.132539 -0.105693 0.522140
v -0.130653 -0.107583 0.522140
v -0.130653 -0.107583 0.516768
v -0.128186 -0.108607 0.522140
v -0.128186 -0.108607 0.516768
v -0.125516 -0.108610 0.522140
v -0.125516 -0.108610 0.516768
v -0.123047 -0.107590 0.522140
v -0.123047 -0.107590 0.516768
v -0.121157 -0.105703 0.516768
v -0.121157 -0.105703 0.522140
v -0.120133 -0.103237 0.516768
v -0.120133 -0.103237 0.522140
v -0.120131 -0.100566 0.516768
v -0.120131 -0.100566 0.522140
v -0.121151 -0.098098 0.516768
v -0.121151 -0.098098 0.522140
v -0.123037 -0.096208 0.522140
v -0.123037 -0.096208 0.516768
v -0.125504 -0.095184 0.522140
v -0.125504 -0.095184 0.516768
v -0.128174 -0.095181 0.522140
v -0.128174 -0.095181 0.516768
v -0.130643 -0.096201 0.522140
v -0.130643 -0.096201 0.516768
v -0.132533 -0.098088 0.516768
v -0.132533 -0.098088 0.522140
v -0.122251 -0.103029 0.522140
v -0.122114 -0.101802 0.522140
v -0.122300 -0.100581 0.522140
v -0.122228 -0.102818 0.522140
v -0.122795 -0.099449 0.522140
v -0.123566 -0.098484 0.522140
v -0.124561 -0.097752 0.522140
v -0.125711 -0.097302 0.522140
v -0.125922 -0.097278 0.522140
v -0.126939 -0.097165 0.522140
v -0.128160 -0.097350 0.522140
v -0.129291 -0.097845 0.522140
v -0.130256 -0.098617 0.522140
v -0.130989 -0.099611 0.522140
v -0.131439 -0.100761 0.522140
v -0.122701 -0.104180 0.522140
v -0.123434 -0.105174 0.522140
v -0.124399 -0.105945 0.522140
v -0.125530 -0.106441 0.522140
v -0.126751 -0.106626 0.522140
v -0.127768 -0.106513 0.522140
v -0.127979 -0.106489 0.522140
v -0.129129 -0.106039 0.522140
v -0.130124 -0.105307 0.522140
v -0.130895 -0.104342 0.522140
v -0.131390 -0.103210 0.522140
v -0.131576 -0.101989 0.522140
v -0.131462 -0.100973 0.522140
v -0.133559 -0.103225 0.522140
v -0.133559 -0.103225 0.516768
v -0.133559 -0.103225 0.522140
v -0.132539 -0.105693 0.516768
v -0.132539 -0.105693 0.516768
v -0.132539 -0.105693 0.522140
v -0.130653 -0.107583 0.516768
v -0.130653 -0.107583 0.516768
v -0.130653 -0.107583 0.522140
v -0.128186 -0.108607 0.516768
v -0.128186 -0.108607 0.516768
v -0.128186 -0.108607 0.522140
v -0.125516 -0.108610 0.516768
v -0.125516 -0.108610 0.516768
v -0.125516 -0.108610 0.522140
v -0.123047 -0.107590 0.522140
v -0.123047 -0.107590 0.522140
v -0.123047 -0.107590 0.516768
v -0.121157 -0.105703 0.522140
v -0.121157 -0.105703 0.522140
v -0.121157 -0.105703 0.516768
v -0.120133 -0.103237 0.522140
v -0.120133 -0.103237 0.522140
v -0.120133 -0.103237 0.516768
v -0.120131 -0.100566 0.522140
v -0.120131 -0.100566 0.522140
v -0.120131 -0.100566 0.516768
v -0.121151 -0.098098 0.516768
v -0.121151 -0.098098 0.516768
v -0.121151 -0.098098 0.522140
v -0.123037 -0.096208 0.516768
v -0.123037 -0.096208 0.516768
v -0.123037 -0.096208 0.522140
v -0.125504 -0.095184 0.516768
v -0.125504 -0.095184 0.516768
v -0.125504 -0.095184 0.522140
v -0.128174 -0.095181 0.516768
v -0.128174 -0.095181 0.516768
v -0.128174 -0.095181 0.522140
v -0.130643 -0.096201 0.522140
v -0.130643 -0.096201 0.516768
v -0.130643 -0.096201 0.522140
v -0.133557 -0.100554 0.516768
v -0.132533 -0.098088 0.522140
v -0.132533 -0.098088 0.516768
v -0.132533 -0.098088 0.522140
v -0.133557 -0.100554 0.516768
v -0.133557 -0.100554 0.522140
v -0.120131 -0.100566 0.522140
v -0.121157 -0.105703 0.522140
v -0.120133 -0.103237 0.522140
v -0.121157 -0.105703 0.522140
v -0.120131 -0.100566 0.522140
v -0.121151 -0.098098 0.522140
v -0.121157 -0.105703 0.522140
v -0.121151 -0.098098 0.522140
v -0.123047 -0.107590 0.522140
v -0.123047 -0.107590 0.522140
v -0.121151 -0.098098 0.522140
v -0.121151 -0.098098 0.522140
v -0.121151 -0.098098 0.522140
v -0.121151 -0.098098 0.522140
v -0.123037 -0.096208 0.522140
v -0.123037 -0.096208 0.522140
v -0.123037 -0.096208 0.522140
v -0.123037 -0.096208 0.522140
v -0.125504 -0.095184 0.522140
v -0.125504 -0.095184 0.522140
v -0.125504 -0.095184 0.522140
v -0.125504 -0.095184 0.522140
v -0.125504 -0.095184 0.522140
v -0.128174 -0.095181 0.522140
v -0.128174 -0.095181 0.522140
v -0.128174 -0.095181 0.522140
v -0.128174 -0.095181 0.522140
v -0.128174 -0.095181 0.522140
v -0.130643 -0.096201 0.522140
v -0.130643 -0.096201 0.522140
v -0.130643 -0.096201 0.522140
v -0.130643 -0.096201 0.522140
v -0.123047 -0.107590 0.522140
v -0.125516 -0.108610 0.522140
v -0.123047 -0.107590 0.522140
v -0.125516 -0.108610 0.522140
v -0.125516 -0.108610 0.522140
v -0.125516 -0.108610 0.522140
v -0.125516 -0.108610 0.522140
v -0.128186 -0.108607 0.522140
v -0.128186 -0.108607 0.522140
v -0.128186 -0.108607 0.522140
v -0.128186 -0.108607 0.522140
v -0.128186 -0.108607 0.522140
v -0.130653 -0.107583 0.522140
v -0.130653 -0.107583 0.522140
v -0.130653 -0.107583 0.522140
v -0.130653 -0.107583 0.522140
v -0.130653 -0.107583 0.522140
v -0.132539 -0.105693 0.522140
v -0.132539 -0.105693 0.522140
v -0.132539 -0.105693 0.522140
v -0.132539 -0.105693 0.522140
v -0.132539 -0.105693 0.522140
v -0.132539 -0.105693 0.522140
v -0.130643 -0.096201 0.522140
v -0.132539 -0.105693 0.522140
v -0.130643 -0.096201 0.522140
v -0.132533 -0.098088 0.522140
v -0.132539 -0.105693 0.522140
v -0.132533 -0.098088 0.522140
v -0.133559 -0.103225 0.522140
v -0.133559 -0.103225 0.522140
v -0.132533 -0.098088 0.522140
v -0.133557 -0.100554 0.522140
v -0.444354 -0.099335 0.520480
v -0.441726 -0.099811 0.525852
v -0.441726 -0.099811 0.520480
v -0.444354 -0.099335 0.525852
v -0.446964 -0.099902 0.520480
v -0.446964 -0.099902 0.525852
v -0.449158 -0.101424 0.525852
v -0.449158 -0.101424 0.520480
v -0.450603 -0.103670 0.525852
v -0.450603 -0.103670 0.520480
v -0.451078 -0.106298 0.525852
v -0.451078 -0.106298 0.520480
v -0.450512 -0.108908 0.525852
v -0.450512 -0.108908 0.520480
v -0.448989 -0.111102 0.520480
v -0.448989 -0.111102 0.525852
v -0.446743 -0.112547 0.520480
v -0.446743 -0.112547 0.525852
v -0.444115 -0.113022 0.520480
v -0.444115 -0.113022 0.525852
v -0.441506 -0.112456 0.520480
v -0.441506 -0.112456 0.525852
v -0.439311 -0.110933 0.525852
v -0.439311 -0.110933 0.520480
v -0.437866 -0.108687 0.525852
v -0.437866 -0.108687 0.520480
v -0.437391 -0.106059 0.525852
v -0.437391 -0.106059 0.520480
v -0.437958 -0.103450 0.525852
v -0.437958 -0.103450 0.520480
v -0.439480 -0.101255 0.520480
v -0.439480 -0.101255 0.525852
v -0.446164 -0.110499 0.525852
v -0.444980 -0.110851 0.525852
v -0.443746 -0.110885 0.525852
v -0.445960 -0.110560 0.525852
v -0.442544 -0.110598 0.525852
v -0.441458 -0.110010 0.525852
v -0.440561 -0.109161 0.525852
v -0.439915 -0.108108 0.525852
v -0.439854 -0.107904 0.525852
v -0.439562 -0.106924 0.525852
v -0.439529 -0.105690 0.525852
v -0.439816 -0.104488 0.525852
v -0.440404 -0.103402 0.525852
v -0.441253 -0.102505 0.525852
v -0.442305 -0.101859 0.525852
v -0.447217 -0.109852 0.525852
v -0.448066 -0.108955 0.525852
v -0.448654 -0.107869 0.525852
v -0.448941 -0.106668 0.525852
v -0.448907 -0.105433 0.525852
v -0.448616 -0.104453 0.525852
v -0.448555 -0.104249 0.525852
v -0.447908 -0.103197 0.525852
v -0.447011 -0.102348 0.525852
v -0.445925 -0.101760 0.525852
v -0.444724 -0.101473 0.525852
v -0.443489 -0.101507 0.525852
v -0.442509 -0.101798 0.525852
v -0.444354 -0.099335 0.525852
v -0.444354 -0.099335 0.520480
v -0.444354 -0.099335 0.525852
v -0.446964 -0.099902 0.520480
v -0.446964 -0.099902 0.520480
v -0.446964 -0.099902 0.525852
v -0.449158 -0.101424 0.520480
v -0.449158 -0.101424 0.520480
v -0.449158 -0.101424 0.525852
v -0.450603 -0.103670 0.520480
v -0.450603 -0.103670 0.520480
v -0.450603 -0.103670 0.525852
v -0.451078 -0.106298 0.520480
v -0.451078 -0.106298 0.520480
v -0.451078 -0.106298 0.525852
v -0.450512 -0.108908 0.525852
v -0.450512 -0.108908 0.525852
v -0.450512 -0.108908 0.520480
v -0.448989 -0.111102 0.525852
v -0.448989 -0.111102 0.525852
v -0.448989 -0.111102 0.520480
v -0.446743 -0.112547 0.525852
v -0.446743 -0.112547 0.525852
v -0.446743 -0.112547 0.520480
v -0.444115 -0.113022 0.525852
v -0.444115 -0.113022 0.525852
v -0.444115 -0.113022 0.520480
v -0.441506 -0.112456 0.520480
v -0.441506 -0.112456 0.520480
v -0.441506 -0.112456 0.525852
v -0.439311 -0.110933 0.520480
v -0.439311 -0.110933 0.520480
v -0.439311 -0.110933 0.525852
v -0.437866 -0.108687 0.520480
v -0.437866 -0.108687 0.520480
v -0.437866 -0.108687 0.525852
v -0.437391 -0.106059 0.520480
v -0.437391 -0.106059 0.520480
v -0.437391 -0.106059 0.525852
v -0.437958 -0.103450 0.525852
v -0.437958 -0.103450 0.520480
v -0.437958 -0.103450 0.525852
v -0.441726 -0.099811 0.520480
v -0.439480 -0.101255 0.525852
v -0.439480 -0.101255 0.520480
v -0.439480 -0.101255 0.525852
v -0.441726 -0.099811 0.520480
v -0.441726 -0.099811 0.525852
v -0.444115 -0.113022 0.525852
v -0.448989 -0.111102 0.525852
v -0.446743 -0.112547 0.525852
v -0.448989 -0.111102 0.525852
v -0.444115 -0.113022 0.525852
v -0.441506 -0.112456 0.525852
v -0.448989 -0.111102 0.525852
v -0.441506 -0.112456 0.525852
v -0.450512 -0.108908 0.525852
v -0.450512 -0.108908 0.525852
v -0.441506 -0.112456 0.525852
v -0.441506 -0.112456 0.525852
v -0.441506 -0.112456 0.525852
v -0.441506 -0.112456 0.525852
v -0.439311 -0.110933 0.525852
v -0.439311 -0.110933 0.525852
v -0.439311 -0.110933 0.525852
v -0.439311 -0.110933 0.525852
v -0.437866 -0.108687 0.525852
v -0.437866 -0.108687 0.525852
v -0.437866 -0.108687 0.525852
v -0.437866 -0.108687 0.525852
v -0.437866 -0.108687 0.525852
v -0.437391 -0.106059 0.525852
v -0.437391 -0.106059 0.525852
v -0.437391 -0.106059 0.525852
v -0.437391 -0.106059 0.525852
v -0.437391 -0.106059 0.525852
v -0.437958 -0.103450 0.525852
v -0.437958 -0.103450 0.525852
v -0.437958 -0.103450 0.525852
v -0.437958 -0.103450 0.525852
v -0.450512 -0.108908 0.525852
v -0.451078 -0.106298 0.525852
v -0.450512 -0.108908 0.525852
v -0.451078 -0.106298 0.525852
v -0.451078 -0.106298 0.525852
v -0.451078 -0.106298 0.525852
v -0.451078 -0.106298 0.525852
v -0.450603 -0.103670 0.525852
v -0.450603 -0.103670 0.525852
v -0.450603 -0.103670 0.525852
v -0.450603 -0.103670 0.525852
v -0.450603 -0.103670 0.525852
v -0.449158 -0.101424 0.525852
v -0.449158 -0.101424 0.525852
v -0.449158 -0.101424 0.525852
v -0.449158 -0.101424 0.525852
v -0.449158 -0.101424 0.525852
v -0.446964 -0.099902 0.525852
v -0.446964 -0.099902 0.525852
v -0.446964 -0.099902 0.525852
v -0.446964 -0.099902 0.525852
v -0.446964 -0.099902 0.525852
v -0.446964 -0.099902 0.525852
v -0.437958 -0.103450 0.525852
v -0.446964 -0.099902 0.525852
v -0.437958 -0.103450 0.525852
v -0.439480 -0.101255 0.525852
v -0.446964 -0.099902 0.525852
v -0.439480 -0.101255 0.525852
v -0.444354 -0.099335 0.525852
v -0.444354 -0.099335 0.525852
v -0.439480 -0.101255 0.525852
v -0.441726 -0.099811 0.525852
v -0.429995 -0.096600 0.520538
v -0.427368 -0.097075 0.525911
v -0.427368 -0.097075 0.520538
v -0.429995 -0.096600 0.525911
v -0.432605 -0.097166 0.520538
v -0.432605 -0.097166 0.525911
v -0.434800 -0.098688 0.525911
v -0.434800 -0.098688 0.520538
v -0.436244 -0.100935 0.525911
v -0.436244 -0.100935 0.520538
v -0.436720 -0.103562 0.525911
v -0.436720 -0.103562 0.520538
v -0.436153 -0.106172 0.525911
v -0.436153 -0.106172 0.520538
v -0.434631 -0.108367 0.520538
v -0.434631 -0.108367 0.525911
v -0.432385 -0.109811 0.520538
v -0.432385 -0.109811 0.525911
v -0.429757 -0.110287 0.520538
v -0.429757 -0.110287 0.525911
v -0.427147 -0.109720 0.520538
v -0.427147 -0.109720 0.525911
v -0.424953 -0.108198 0.525911
v -0.424953 -0.108198 0.520538
v -0.423508 -0.105952 0.525911
v -0.423508 -0.105952 0.520538
v -0.423033 -0.103324 0.525911
v -0.423033 -0.103324 0.520538
v -0.423599 -0.100714 0.525911
v -0.423599 -0.100714 0.520538
v -0.425121 -0.098520 0.520538
v -0.425121 -0.098520 0.525911
v -0.431806 -0.107763 0.525911
v -0.430622 -0.108115 0.525911
v -0.429387 -0.108149 0.525911
v -0.431602 -0.107824 0.525911
v -0.428186 -0.107862 0.525911
v -0.427099 -0.107274 0.525911
v -0.426203 -0.106425 0.525911
v -0.425556 -0.105373 0.525911
v -0.425495 -0.105169 0.525911
v -0.425204 -0.104189 0.525911
v -0.425170 -0.102954 0.525911
v -0.425457 -0.101753 0.525911
v -0.426045 -0.100666 0.525911
v -0.426894 -0.099770 0.525911
v -0.427947 -0.099123 0.525911
v -0.432858 -0.107117 0.525911
v -0.433707 -0.106220 0.525911
v -0.434295 -0.105133 0.525911
v -0.434582 -0.103932 0.525911
v -0.434548 -0.102697 0.525911
v -0.434257 -0.101717 0.525911
v -0.434196 -0.101514 0.525911
v -0.433550 -0.100461 0.525911
v -0.432653 -0.099612 0.525911
v -0.431566 -0.099024 0.525911
v -0.430365 -0.098737 0.525911
v -0.429130 -0.098771 0.525911
v -0.428150 -0.099062 0.525911
v -0.429995 -0.096600 0.525911
v -0.429995 -0.096600 0.520538
v -0.429995 -0.096600 0.525911
v -0.432605 -0.097166 0.520538
v -0.432605 -0.097166 0.520538
v -0.432605 -0.097166 0.525911
v -0.434800 -0.098688 0.520538
v -0.434800 -0.098688 0.520538
v -0.434800 -0.098688 0.525911
v -0.436244 -0.100935 0.520538
v -0.436244 -0.100935 0.520538
v -0.436244 -0.100935 0.525911
v -0.436720 -0.103562 0.520538
v -0.436720 -0.103562 0.520538
v -0.436720 -0.103562 0.525911
v -0.436153 -0.106172 0.525911
v -0.436153 -0.106172 0.525911
v -0.436153 -0.106172 0.520538
v -0.434631 -0.108367 0.525911
v -0.434631 -0.108367 0.525911
v -0.434631 -0.108367 0.520538
v -0.432385 -0.109811 0.525911
v -0.432385 -0.109811 0.525911
v -0.432385 -0.109811 0.520538
v -0.429757 -0.110287 0.525911
v -0.429757 -0.110287 0.525911
v -0.429757 -0.110287 0.520538
v -0.427147 -0.109720 0.520538
v -0.427147 -0.109720 0.520538
v -0.427147 -0.109720 0.525911
v -0.424953 -0.108198 0.520538
v -0.424953 -0.108198 0.520538
v -0.424953 -0.108198 0.525911
v -0.423508 -0.105952 0.520538
v -0.423508 -0.105952 0.520538
v -0.423508 -0.105952 0.525911
v -0.423033 -0.103324 0.520538
v -0.423033 -0.103324 0.520538
v -0.423033 -0.103324 0.525911
v -0.423599 -0.100714 0.525911
v -0.423599 -0.100714 0.520538
v -0.423599 -0.100714 0.525911
v -0.427368 -0.097075 0.520538
v -0.425121 -0.098520 0.525911
v -0.425121 -0.098520 0.520538
v -0.425121 -0.098520 0.525911
v -0.427368 -0.097075 0.520538
v -0.427368 -0.097075 0.525911
v -0.429757 -0.110287 0.525911
v -0.434631 -0.108367 0.525911
v -0.432385 -0.109811 0.525911
v -0.434631 -0.108367 0.525911
v -0.429757 -0.110287 0.525911
v -0.427147 -0.109720 0.525911
v -0.434631 -0.108367 0.525911
v -0.427147 -0.109720 0.525911
v -0.436153 -0.106172 0.525911
v -0.436153 -0.106172 0.525911
v -0.427147 -0.109720 0.525911
v -0.427147 -0.109720 0.525911
v -0.427147 -0.109720 0.525911
v -0.427147 -0.109720 0.525911
v -0.424953 -0.108198 0.525911
v -0.424953 -0.108198 0.525911
v -0.424953 -0.108198 0.525911
v -0.424953 -0.108198 0.525911
v -0.423508 -0.105952 0.525911
v -0.423508 -0.105952 0.525911
v -0.423508 -0.105952 0.525911
v -0.423508 -0.105952 0.525911
v -0.423508 -0.105952 0.525911
v -0.423033 -0.103324 0.525911
v -0.423033 -0.103324 0.525911
v -0.423033 -0.103324 0.525911
v -0.423033 -0.103324 0.525911
v -0.423033 -0.103324 0.525911
v -0.423599 -0.100714 0.525911
v -0.423599 -0.100714 0.525911
v -0.423599 -0.100714 0.525911
v -0.423599 -0.100714 0.525911
v -0.436153 -0.106172 0.525911
v -0.436720 -0.103562 0.525911
v -0.436153 -0.106172 0.525911
v -0.436720 -0.103562 0.525911
v -0.436720 -0.103562 0.525911
v -0.436720 -0.103562 0.525911
v -0.436720 -0.103562 0.525911
v -0.436244 -0.100935 0.525911
v -0.436244 -0.100935 0.525911
v -0.436244 -0.100935 0.525911
v -0.436244 -0.100935 0.525911
v -0.436244 -0.100935 0.525911
v -0.434800 -0.098688 0.525911
v -0.434800 -0.098688 0.525911
v -0.434800 -0.098688 0.525911
v -0.434800 -0.098688 0.525911
v -0.434800 -0.098688 0.525911
v -0.432605 -0.097166 0.525911
v -0.432605 -0.097166 0.525911
v -0.432605 -0.097166 0.525911
v -0.432605 -0.097166 0.525911
v -0.432605 -0.097166 0.525911
v -0.432605 -0.097166 0.525911
v -0.423599 -0.100714 0.525911
v -0.432605 -0.097166 0.525911
v -0.423599 -0.100714 0.525911
v -0.425121 -0.098520 0.525911
v -0.432605 -0.097166 0.525911
v -0.425121 -0.098520 0.525911
v -0.429995 -0.096600 0.525911
v -0.429995 -0.096600 0.525911
v -0.425121 -0.098520 0.525911
v -0.427368 -0.097075 0.525911
v -0.397907 -0.090435 0.520538
v -0.395279 -0.090910 0.525911
v -0.395279 -0.090910 0.520538
v -0.397907 -0.090435 0.525911
v -0.400517 -0.091002 0.520538
v -0.400517 -0.091002 0.525911
v -0.402711 -0.092524 0.525911
v -0.402711 -0.092524 0.520538
v -0.404156 -0.094770 0.525911
v -0.404156 -0.094770 0.520538
v -0.404631 -0.097398 0.525911
v -0.404631 -0.097398 0.520538
v -0.404065 -0.100008 0.525911
v -0.404065 -0.100008 0.520538
v -0.402542 -0.102202 0.520538
v -0.402542 -0.102202 0.525911
v -0.400296 -0.103647 0.520538
v -0.400296 -0.103647 0.525911
v -0.397668 -0.104122 0.520538
v -0.397668 -0.104122 0.525911
v -0.395059 -0.103555 0.520538
v -0.395059 -0.103555 0.525911
v -0.392864 -0.102033 0.525911
v -0.392864 -0.102033 0.520538
v -0.391420 -0.099787 0.525911
v -0.391420 -0.099787 0.520538
v -0.390944 -0.097159 0.525911
v -0.390944 -0.097159 0.520538
v -0.391511 -0.094549 0.525911
v -0.391511 -0.094549 0.520538
v -0.393033 -0.092355 0.520538
v -0.393033 -0.092355 0.525911
v -0.399717 -0.101598 0.525911
v -0.398533 -0.101951 0.525911
v -0.397299 -0.101984 0.525911
v -0.399513 -0.101659 0.525911
v -0.396097 -0.101698 0.525911
v -0.395011 -0.101109 0.525911
v -0.394114 -0.100260 0.525911
v -0.393468 -0.099208 0.525911
v -0.393407 -0.099004 0.525911
v -0.393116 -0.098024 0.525911
v -0.393082 -0.096789 0.525911
v -0.393369 -0.095588 0.525911
v -0.393957 -0.094502 0.525911
v -0.394806 -0.093605 0.525911
v -0.395858 -0.092958 0.525911
v -0.400770 -0.100952 0.525911
v -0.401619 -0.100055 0.525911
v -0.402207 -0.098969 0.525911
v -0.402494 -0.097767 0.525911
v -0.402460 -0.096533 0.525911
v -0.402169 -0.095553 0.525911
v -0.402108 -0.095349 0.525911
v -0.401461 -0.094296 0.525911
v -0.400564 -0.093447 0.525911
v -0.399478 -0.092859 0.525911
v -0.398277 -0.092572 0.525911
v -0.397042 -0.092606 0.525911
v -0.396062 -0.092898 0.525911
v -0.397907 -0.090435 0.525911
v -0.397907 -0.090435 0.520538
v -0.397907 -0.090435 0.525911
v -0.400517 -0.091002 0.520538
v -0.400517 -0.091002 0.520538
v -0.400517 -0.091002 0.525911
v -0.402711 -0.092524 0.520538
v -0.402711 -0.092524 0.520538
v -0.402711 -0.092524 0.525911
v -0.404156 -0.094770 0.520538
v -0.404156 -0.094770 0.520538
v -0.404156 -0.094770 0.525911
v -0.404631 -0.097398 0.520538
v -0.404631 -0.097398 0.520538
v -0.404631 -0.097398 0.525911
v -0.404065 -0.100008 0.525911
v -0.404065 -0.100008 0.525911
v -0.404065 -0.100008 0.520538
v -0.402542 -0.102202 0.525911
v -0.402542 -0.102202 0.525911
v -0.402542 -0.102202 0.520538
v -0.400296 -0.103647 0.525911
v -0.400296 -0.103647 0.525911
v -0.400296 -0.103647 0.520538
v -0.397668 -0.104122 0.525911
v -0.397668 -0.104122 0.525911
v -0.397668 -0.104122 0.520538
v -0.395059 -0.103555 0.520538
v -0.395059 -0.103555 0.520538
v -0.395059 -0.103555 0.525911
v -0.392864 -0.102033 0.520538
v -0.392864 -0.102033 0.520538
v -0.392864 -0.102033 0.525911
v -0.391420 -0.099787 0.520538
v -0.391420 -0.099787 0.520538
v -0.391420 -0.099787 0.525911
v -0.390944 -0.097159 0.520538
v -0.390944 -0.097159 0.520538
v -0.390944 -0.097159 0.525911
v -0.391511 -0.094549 0.525911
v -0.391511 -0.094549 0.520538
v -0.391511 -0.094549 0.525911
v -0.395279 -0.090910 0.520538
v -0.393033 -0.092355 0.525911
v -0.393033 -0.092355 0.520538
v -0.393033 -0.092355 0.525911
v -0.395279 -0.090910 0.520538
v -0.395279 -0.090910 0.525911
v -0.397668 -0.104122 0.525911
v -0.402542 -0.102202 0.525911
v -0.400296 -0.103647 0.525911
v -0.402542 -0.102202 0.525911
v -0.397668 -0.104122 0.525911
v -0.395059 -0.103555 0.525911
v -0.402542 -0.102202 0.525911
v -0.395059 -0.103555 0.525911
v -0.404065 -0.100008 0.525911
v -0.404065 -0.100008 0.525911
v -0.395059 -0.103555 0.525911
v -0.395059 -0.103555 0.525911
v -0.395059 -0.103555 0.525911
v -0.395059 -0.103555 0.525911
v -0.392864 -0.102033 0.525911
v -0.392864 -0.102033 0.525911
v -0.392864 -0.102033 0.525911
v -0.392864 -0.102033 0.525911
v -0.391420 -0.099787 0.525911
v -0.391420 -0.099787 0.525911
v -0.391420 -0.099787 0.525911
v -0.391420 -0.099787 0.525911
v -0.391420 -0.099787 0.525911
v -0.390944 -0.097159 0.525911
v -0.390944 -0.097159 0.525911
v -0.390944 -0.097159 0.525911
v -0.390944 -0.097159 0.525911
v -0.390944 -0.097159 0.525911
v -0.391511 -0.094549 0.525911
v -0.391511 -0.094549 0.525911
v -0.391511 -0.094549 0.525911
v -0.391511 -0.094549 0.525911
v -0.404065 -0.100008 0.525911
v -0.404631 -0.097398 0.525911
v -0.404065 -0.100008 0.525911
v -0.404631 -0.097398 0.525911
v -0.404631 -0.097398 0.525911
v -0.404631 -0.097398 0.525911
v -0.404631 -0.097398 0.525911
v -0.404156 -0.094770 0.525911
v -0.404156 -0.094770 0.525911
v -0.404156 -0.094770 0.525911
v -0.404156 -0.094770 0.525911
v -0.404156 -0.094770 0.525911
v -0.402711 -0.092524 0.525911
v -0.402711 -0.092524 0.525911
v -0.402711 -0.092524 0.525911
v -0.402711 -0.092524 0.525911
v -0.402711 -0.092524 0.525911
v -0.400517 -0.091002 0.525911
v -0.400517 -0.091002 0.525911
v -0.400517 -0.091002 0.525911
v -0.400517 -0.091002 0.525911
v -0.400517 -0.091002 0.525911
v -0.400517 -0.091002 0.525911
v -0.391511 -0.094549 0.525911
v -0.400517 -0.091002 0.525911
v -0.391511 -0.094549 0.525911
v -0.393033 -0.092355 0.525911
v -0.400517 -0.091002 0.525911
v -0.393033 -0.092355 0.525911
v -0.397907 -0.090435 0.525911
v -0.397907 -0.090435 0.525911
v -0.393033 -0.092355 0.525911
v -0.395279 -0.090910 0.525911
v -0.383930 -0.088168 0.520538
v -0.381302 -0.088643 0.525911
v -0.381302 -0.088643 0.520538
v -0.383930 -0.088168 0.525911
v -0.386540 -0.088735 0.520538
v -0.386540 -0.088735 0.525911
v -0.388734 -0.090257 0.525911
v -0.388734 -0.090257 0.520538
v -0.390179 -0.092503 0.525911
v -0.390179 -0.092503 0.520538
v -0.390654 -0.095131 0.525911
v -0.390654 -0.095131 0.520538
v -0.390088 -0.097741 0.525911
v -0.390088 -0.097741 0.520538
v -0.388566 -0.099935 0.520538
v -0.388566 -0.099935 0.525911
v -0.386319 -0.101380 0.520538
v -0.386319 -0.101380 0.525911
v -0.383691 -0.101855 0.520538
v -0.383691 -0.101855 0.525911
v -0.381082 -0.101288 0.520538
v -0.381082 -0.101288 0.525911
v -0.378887 -0.099766 0.525911
v -0.378887 -0.099766 0.520538
v -0.377443 -0.097520 0.525911
v -0.377443 -0.097520 0.520538
v -0.376967 -0.094892 0.525911
v -0.376967 -0.094892 0.520538
v -0.377534 -0.092282 0.525911
v -0.377534 -0.092282 0.520538
v -0.379056 -0.090088 0.520538
v -0.379056 -0.090088 0.525911
v -0.385740 -0.099332 0.525911
v -0.384557 -0.099684 0.525911
v -0.383322 -0.099717 0.525911
v -0.385537 -0.099392 0.525911
v -0.382121 -0.099431 0.525911
v -0.381034 -0.098842 0.525911
v -0.380137 -0.097993 0.525911
v -0.379491 -0.096941 0.525911
v -0.379430 -0.096737 0.525911
v -0.379139 -0.095757 0.525911
v -0.379105 -0.094522 0.525911
v -0.379392 -0.093321 0.525911
v -0.379980 -0.092235 0.525911
v -0.380829 -0.091338 0.525911
v -0.381881 -0.090691 0.525911
v -0.386793 -0.098685 0.525911
v -0.387642 -0.097788 0.525911
v -0.388230 -0.096702 0.525911
v -0.388517 -0.095500 0.525911
v -0.388483 -0.094266 0.525911
v -0.388192 -0.093286 0.525911
v -0.388131 -0.093082 0.525911
v -0.387484 -0.092030 0.525911
v -0.386588 -0.091180 0.525911
v -0.385501 -0.090592 0.525911
v -0.384300 -0.090305 0.525911
v -0.383065 -0.090339 0.525911
v -0.382085 -0.090631 0.525911
v -0.383930 -0.088168 0.525911
v -0.383930 -0.088168 0.520538
v -0.383930 -0.088168 0.525911
v -0.386540 -0.088735 0.520538
v -0.386540 -0.088735 0.520538
v -0.386540 -0.088735 0.525911
v -0.388734 -0.090257 0.520538
v -0.388734 -0.090257 0.520538
v -0.388734 -0.090257 0.525911
v -0.390179 -0.092503 0.520538
v -0.390179 -0.092503 0.520538
v -0.390179 -0.092503 0.525911
v -0.390654 -0.095131 0.520538
v -0.390654 -0.095131 0.520538
v -0.390654 -0.095131 0.525911
v -0.390088 -0.097741 0.525911
v -0.390088 -0.097741 0.525911
v -0.390088 -0.097741 0.520538
v -0.388566 -0.099935 0.525911
v -0.388566 -0.099935 0.525911
v -0.388566 -0.099935 0.520538
v -0.386319 -0.101380 0.525911
v -0.386319 -0.101380 0.525911
v -0.386319 -0.101380 0.520538
v -0.383691 -0.101855 0.525911
v -0.383691 -0.101855 0.525911
v -0.383691 -0.101855 0.520538
v -0.381082 -0.101288 0.520538
v -0.381082 -0.101288 0.520538
v -0.381082 -0.101288 0.525911
v -0.378887 -0.099766 0.520538
v -0.378887 -0.099766 0.520538
v -0.378887 -0.099766 0.525911
v -0.377443 -0.097520 0.520538
v -0.377443 -0.097520 0.520538
v -0.377443 -0.097520 0.525911
v -0.376967 -0.094892 0.520538
v -0.376967 -0.094892 0.520538
v -0.376967 -0.094892 0.525911
v -0.377534 -0.092282 0.525911
v -0.377534 -0.092282 0.520538
v -0.377534 -0.092282 0.525911
v -0.381302 -0.088643 0.520538
v -0.379056 -0.090088 0.525911
v -0.379056 -0.090088 0.520538
v -0.379056 -0.090088 0.525911
v -0.381302 -0.088643 0.520538
v -0.381302 -0.088643 0.525911
v -0.383691 -0.101855 0.525911
v -0.388566 -0.099935 0.525911
v -0.386319 -0.101380 0.525911
v -0.388566 -0.099935 0.525911
v -0.383691 -0.101855 0.525911
v -0.381082 -0.101288 0.525911
v -0.388566 -0.099935 0.525911
v -0.381082 -0.101288 0.525911
v -0.390088 -0.097741 0.525911
v -0.390088 -0.097741 0.525911
v -0.381082 -0.101288 0.525911
v -0.381082 -0.101288 0.525911
v -0.381082 -0.101288 0.525911
v -0.381082 -0.101288 0.525911
v -0.378887 -0.099766 0.525911
v -0.378887 -0.099766 0.525911
v -0.378887 -0.099766 0.525911
v -0.378887 -0.099766 0.525911
v -0.377443 -0.097520 0.525911
v -0.377443 -0.097520 0.525911
v -0.377443 -0.097520 0.525911
v -0.377443 -0.097520 0.525911
v -0.377443 -0.097520 0.525911
v -0.376967 -0.094892 0.525911
v -0.376967 -0.094892 0.525911
v -0.376967 -0.094892 0.525911
v -0.376967 -0.094892 0.525911
v -0.376967 -0.094892 0.525911
v -0.377534 -0.092282 0.525911
v -0.377534 -0.092282 0.525911
v -0.377534 -0.092282 0.525911
v -0.377534 -0.092282 0.525911
v -0.390088 -0.097741 0.525911
v -0.390654 -0.095131 0.525911
v -0.390088 -0.097741 0.525911
v -0.390654 -0.095131 0.525911
v -0.390654 -0.095131 0.525911
v -0.390654 -0.095131 0.525911
v -0.390654 -0.095131 0.525911
v -0.390179 -0.092503 0.525911
v -0.390179 -0.092503 0.525911
v -0.390179 -0.092503 0.525911
v -0.390179 -0.092503 0.525911
v -0.390179 -0.092503 0.525911
v -0.388734 -0.090257 0.525911
v -0.388734 -0.090257 0.525911
v -0.388734 -0.090257 0.525911
v -0.388734 -0.090257 0.525911
v -0.388734 -0.090257 0.525911
v -0.386540 -0.088735 0.525911
v -0.386540 -0.088735 0.525911
v -0.386540 -0.088735 0.525911
v -0.386540 -0.088735 0.525911
v -0.386540 -0.088735 0.525911
v -0.386540 -0.088735 0.525911
v -0.377534 -0.092282 0.525911
v -0.386540 -0.088735 0.525911
v -0.377534 -0.092282 0.525911
v -0.379056 -0.090088 0.525911
v -0.386540 -0.088735 0.525911
v -0.379056 -0.090088 0.525911
v -0.383930 -0.088168 0.525911
v -0.383930 -0.088168 0.525911
v -0.379056 -0.090088 0.525911
v -0.381302 -0.088643 0.525911
v -0.414420 -0.093211 0.520538
v -0.411792 -0.093687 0.525911
v -0.411792 -0.093687 0.520538
v -0.414420 -0.093211 0.525911
v -0.417030 -0.093778 0.520538
v -0.417030 -0.093778 0.525911
v -0.419224 -0.095300 0.525911
v -0.419224 -0.095300 0.520538
v -0.420669 -0.097546 0.525911
v -0.420669 -0.097546 0.520538
v -0.421144 -0.100174 0.525911
v -0.421144 -0.100174 0.520538
v -0.420578 -0.102784 0.525911
v -0.420578 -0.102784 0.520538
v -0.419056 -0.104978 0.520538
v -0.419056 -0.104978 0.525911
v -0.416809 -0.106423 0.520538
v -0.416809 -0.106423 0.525911
v -0.414182 -0.106898 0.520538
v -0.414182 -0.106898 0.525911
v -0.411572 -0.106332 0.520538
v -0.411572 -0.106332 0.525911
v -0.409377 -0.104809 0.525911
v -0.409377 -0.104809 0.520538
v -0.407933 -0.102563 0.525911
v -0.407933 -0.102563 0.520538
v -0.407457 -0.099935 0.525911
v -0.407457 -0.099935 0.520538
v -0.408024 -0.097326 0.525911
v -0.408024 -0.097326 0.520538
v -0.409546 -0.095131 0.520538
v -0.409546 -0.095131 0.525911
v -0.416230 -0.104375 0.525911
v -0.415047 -0.104727 0.525911
v -0.413812 -0.104761 0.525911
v -0.416027 -0.104436 0.525911
v -0.412611 -0.104474 0.525911
v -0.411524 -0.103886 0.525911
v -0.410627 -0.103037 0.525911
v -0.409981 -0.101984 0.525911
v -0.409920 -0.101780 0.525911
v -0.409629 -0.100801 0.525911
v -0.409595 -0.099566 0.525911
v -0.409882 -0.098364 0.525911
v -0.410470 -0.097278 0.525911
v -0.411319 -0.096381 0.525911
v -0.412371 -0.095735 0.525911
v -0.417283 -0.103728 0.525911
v -0.418132 -0.102831 0.525911
v -0.418720 -0.101745 0.525911
v -0.419007 -0.100544 0.525911
v -0.418973 -0.099309 0.525911
v -0.418682 -0.098329 0.525911
v -0.418621 -0.098125 0.525911
v -0.417974 -0.097073 0.525911
v -0.417078 -0.096224 0.525911
v -0.415991 -0.095636 0.525911
v -0.414790 -0.095349 0.525911
v -0.413555 -0.095383 0.525911
v -0.412575 -0.095674 0.525911
v -0.414420 -0.093211 0.525911
v -0.414420 -0.093211 0.520538
v -0.414420 -0.093211 0.525911
v -0.417030 -0.093778 0.520538
v -0.417030 -0.093778 0.520538
v -0.417030 -0.093778 0.525911
v -0.419224 -0.095300 0.520538
v -0.419224 -0.095300 0.520538
v -0.419224 -0.095300 0.525911
v -0.420669 -0.097546 0.520538
v -0.420669 -0.097546 0.520538
v -0.420669 -0.097546 0.525911
v -0.421144 -0.100174 0.520538
v -0.421144 -0.100174 0.520538
v -0.421144 -0.100174 0.525911
v -0.420578 -0.102784 0.525911
v -0.420578 -0.102784 0.525911
v -0.420578 -0.102784 0.520538
v -0.419056 -0.104978 0.525911
v -0.419056 -0.104978 0.525911
v -0.419056 -0.104978 0.520538
v -0.416809 -0.106423 0.525911
v -0.416809 -0.106423 0.525911
v -0.416809 -0.106423 0.520538
v -0.414182 -0.106898 0.525911
v -0.414182 -0.106898 0.525911
v -0.414182 -0.106898 0.520538
v -0.411572 -0.106332 0.520538
v -0.411572 -0.106332 0.520538
v -0.411572 -0.106332 0.525911
v -0.409377 -0.104809 0.520538
v -0.409377 -0.104809 0.520538
v -0.409377 -0.104809 0.525911
v -0.407933 -0.102563 0.520538
v -0.407933 -0.102563 0.520538
v -0.407933 -0.102563 0.525911
v -0.407457 -0.099935 0.520538
v -0.407457 -0.099935 0.520538
v -0.407457 -0.099935 0.525911
v -0.408024 -0.097326 0.525911
v -0.408024 -0.097326 0.520538
v -0.408024 -0.097326 0.525911
v -0.411792 -0.093687 0.520538
v -0.409546 -0.095131 0.525911
v -0.409546 -0.095131 0.520538
v -0.409546 -0.095131 0.525911
v -0.411792 -0.093687 0.520538
v -0.411792 -0.093687 0.525911
v -0.414182 -0.106898 0.525911
v -0.419056 -0.104978 0.525911
v -0.416809 -0.106423 0.525911
v -0.419056 -0.104978 0.525911
v -0.414182 -0.106898 0.525911
v -0.411572 -0.106332 0.525911
v -0.419056 -0.104978 0.525911
v -0.411572 -0.106332 0.525911
v -0.420578 -0.102784 0.525911
v -0.420578 -0.102784 0.525911
v -0.411572 -0.106332 0.525911
v -0.411572 -0.106332 0.525911
v -0.411572 -0.106332 0.525911
v -0.411572 -0.106332 0.525911
v -0.409377 -0.104809 0.525911
v -0.409377 -0.104809 0.525911
v -0.409377 -0.104809 0.525911
v -0.409377 -0.104809 0.525911
v -0.407933 -0.102563 0.525911
v -0.407933 -0.102563 0.525911
v -0.407933 -0.102563 0.525911
v -0.407933 -0.102563 0.525911
v -0.407933 -0.102563 0.525911
v -0.407457 -0.099935 0.525911
v -0.407457 -0.099935 0.525911
v -0.407457 -0.099935 0.525911
v -0.407457 -0.099935 0.525911
v -0.407457 -0.099935 0.525911
v -0.408024 -0.097326 0.525911
v -0.408024 -0.097326 0.525911
v -0.408024 -0.097326 0.525911
v -0.408024 -0.097326 0.525911
v -0.420578 -0.102784 0.525911
v -0.421144 -0.100174 0.525911
v -0.420578 -0.102784 0.525911
v -0.421144 -0.100174 0.525911
v -0.421144 -0.100174 0.525911
v -0.421144 -0.100174 0.525911
v -0.421144 -0.100174 0.525911
v -0.420669 -0.097546 0.525911
v -0.420669 -0.097546 0.525911
v -0.420669 -0.097546 0.525911
v -0.420669 -0.097546 0.525911
v -0.420669 -0.097546 0.525911
v -0.419224 -0.095300 0.525911
v -0.419224 -0.095300 0.525911
v -0.419224 -0.095300 0.525911
v -0.419224 -0.095300 0.525911
v -0.419224 -0.095300 0.525911
v -0.417030 -0.093778 0.525911
v -0.417030 -0.093778 0.525911
v -0.417030 -0.093778 0.525911
v -0.417030 -0.093778 0.525911
v -0.417030 -0.093778 0.525911
v -0.417030 -0.093778 0.525911
v -0.408024 -0.097326 0.525911
v -0.417030 -0.093778 0.525911
v -0.408024 -0.097326 0.525911
v -0.409546 -0.095131 0.525911
v -0.417030 -0.093778 0.525911
v -0.409546 -0.095131 0.525911
v -0.414420 -0.093211 0.525911
v -0.414420 -0.093211 0.525911
v -0.409546 -0.095131 0.525911
v -0.411792 -0.093687 0.525911
v -0.217229 0.056894 0.516709
v -0.214630 0.057506 0.522082
v -0.214630 0.057506 0.516709
v -0.217229 0.056894 0.522082
v -0.219397 0.055334 0.516709
v -0.219397 0.055334 0.522082
v -0.220802 0.053063 0.522082
v -0.220802 0.053063 0.516709
v -0.221231 0.050427 0.522082
v -0.221231 0.050427 0.516709
v -0.220619 0.047827 0.522082
v -0.220619 0.047827 0.516709
v -0.219059 0.045660 0.522082
v -0.219059 0.045660 0.516709
v -0.216788 0.044255 0.516709
v -0.216788 0.044255 0.522082
v -0.214152 0.043825 0.516709
v -0.214152 0.043825 0.522082
v -0.211552 0.044437 0.516709
v -0.211552 0.044437 0.522082
v -0.209385 0.045998 0.516709
v -0.209385 0.045998 0.522082
v -0.207980 0.048269 0.522082
v -0.207980 0.048269 0.516709
v -0.207550 0.050905 0.522082
v -0.207550 0.050905 0.516709
v -0.208163 0.053504 0.522082
v -0.208163 0.053504 0.516709
v -0.209723 0.055671 0.522082
v -0.209723 0.055671 0.516709
v -0.211994 0.057077 0.516709
v -0.211994 0.057077 0.522082
v -0.214438 0.045934 0.522082
v -0.213212 0.046084 0.522082
v -0.212066 0.046545 0.522082
v -0.214226 0.045960 0.522082
v -0.211078 0.047287 0.522082
v -0.210317 0.048259 0.522082
v -0.209833 0.049396 0.522082
v -0.209660 0.050619 0.522082
v -0.209685 0.050830 0.522082
v -0.209809 0.051845 0.522082
v -0.210270 0.052991 0.522082
v -0.211012 0.053978 0.522082
v -0.211985 0.054740 0.522082
v -0.213121 0.055223 0.522082
v -0.214344 0.055397 0.522082
v -0.215661 0.046108 0.522082
v -0.216797 0.046592 0.522082
v -0.217769 0.047353 0.522082
v -0.218512 0.048341 0.522082
v -0.218973 0.049486 0.522082
v -0.219096 0.050501 0.522082
v -0.219122 0.050712 0.522082
v -0.218949 0.051935 0.522082
v -0.218465 0.053072 0.522082
v -0.217703 0.054044 0.522082
v -0.216716 0.054786 0.522082
v -0.215570 0.055248 0.522082
v -0.214555 0.055371 0.522082
v -0.217229 0.056894 0.522082
v -0.217229 0.056894 0.516709
v -0.217229 0.056894 0.522082
v -0.219397 0.055334 0.516709
v -0.219397 0.055334 0.516709
v -0.219397 0.055334 0.522082
v -0.220802 0.053063 0.516709
v -0.220802 0.053063 0.516709
v -0.220802 0.053063 0.522082
v -0.221231 0.050427 0.516709
v -0.221231 0.050427 0.516709
v -0.221231 0.050427 0.522082
v -0.220619 0.047827 0.516709
v -0.220619 0.047827 0.516709
v -0.220619 0.047827 0.522082
v -0.219059 0.045660 0.522082
v -0.219059 0.045660 0.522082
v -0.219059 0.045660 0.516709
v -0.216788 0.044255 0.522082
v -0.216788 0.044255 0.522082
v -0.216788 0.044255 0.516709
v -0.214152 0.043825 0.522082
v -0.214152 0.043825 0.522082
v -0.214152 0.043825 0.516709
v -0.211552 0.044437 0.522082
v -0.211552 0.044437 0.522082
v -0.211552 0.044437 0.516709
v -0.209385 0.045998 0.516709
v -0.209385 0.045998 0.516709
v -0.209385 0.045998 0.522082
v -0.207980 0.048269 0.516709
v -0.207980 0.048269 0.516709
v -0.207980 0.048269 0.522082
v -0.207550 0.050905 0.516709
v -0.207550 0.050905 0.516709
v -0.207550 0.050905 0.522082
v -0.208163 0.053504 0.516709
v -0.208163 0.053504 0.516709
v -0.208163 0.053504 0.522082
v -0.209723 0.055671 0.522082
v -0.209723 0.055671 0.516709
v -0.209723 0.055671 0.522082
v -0.214630 0.057506 0.516709
v -0.211994 0.057077 0.522082
v -0.211994 0.057077 0.516709
v -0.211994 0.057077 0.522082
v -0.214630 0.057506 0.516709
v -0.214630 0.057506 0.522082
v -0.211552 0.044437 0.522082
v -0.216788 0.044255 0.522082
v -0.214152 0.043825 0.522082
v -0.216788 0.044255 0.522082
v -0.211552 0.044437 0.522082
v -0.209385 0.045998 0.522082
v -0.216788 0.044255 0.522082
v -0.209385 0.045998 0.522082
v -0.219059 0.045660 0.522082
v -0.219059 0.045660 0.522082
v -0.209385 0.045998 0.522082
v -0.209385 0.045998 0.522082
v -0.209385 0.045998 0.522082
v -0.209385 0.045998 0.522082
v -0.207980 0.048269 0.522082
v -0.207980 0.048269 0.522082
v -0.207980 0.048269 0.522082
v -0.207980 0.048269 0.522082
v -0.207550 0.050905 0.522082
v -0.207550 0.050905 0.522082
v -0.207550 0.050905 0.522082
v -0.207550 0.050905 0.522082
v -0.207550 0.050905 0.522082
v -0.208163 0.053504 0.522082
v -0.208163 0.053504 0.522082
v -0.208163 0.053504 0.522082
v -0.208163 0.053504 0.522082
v -0.208163 0.053504 0.522082
v -0.209723 0.055671 0.522082
v -0.209723 0.055671 0.522082
v -0.209723 0.055671 0.522082
v -0.209723 0.055671 0.522082
v -0.219059 0.045660 0.522082
v -0.220619 0.047827 0.522082
v -0.219059 0.045660 0.522082
v -0.220619 0.047827 0.522082
v -0.220619 0.047827 0.522082
v -0.220619 0.047827 0.522082
v -0.220619 0.047827 0.522082
v -0.221231 0.050427 0.522082
v -0.221231 0.050427 0.522082
v -0.221231 0.050427 0.522082
v -0.221231 0.050427 0.522082
v -0.221231 0.050427 0.522082
v -0.220802 0.053063 0.522082
v -0.220802 0.053063 0.522082
v -0.220802 0.053063 0.522082
v -0.220802 0.053063 0.522082
v -0.220802 0.053063 0.522082
v -0.219397 0.055334 0.522082
v -0.219397 0.055334 0.522082
v -0.219397 0.055334 0.522082
v -0.219397 0.055334 0.522082
v -0.219397 0.055334 0.522082
v -0.219397 0.055334 0.522082
v -0.209723 0.055671 0.522082
v -0.219397 0.055334 0.522082
v -0.209723 0.055671 0.522082
v -0.211994 0.057077 0.522082
v -0.219397 0.055334 0.522082
v -0.211994 0.057077 0.522082
v -0.217229 0.056894 0.522082
v -0.217229 0.056894 0.522082
v -0.211994 0.057077 0.522082
v -0.214630 0.057506 0.522082
v -0.330200 -0.157297 0.516768
v -0.327682 -0.158187 0.522140
v -0.327682 -0.158187 0.516768
v -0.330200 -0.157297 0.522140
v -0.332867 -0.157440 0.516768
v -0.332867 -0.157440 0.522140
v -0.335276 -0.158591 0.522140
v -0.335276 -0.158591 0.516768
v -0.337061 -0.160578 0.522140
v -0.337061 -0.160578 0.516768
v -0.337951 -0.163096 0.522140
v -0.337951 -0.163096 0.516768
v -0.337809 -0.165763 0.522140
v -0.337809 -0.165763 0.516768
v -0.336657 -0.168172 0.516768
v -0.336657 -0.168172 0.522140
v -0.334671 -0.169957 0.516768
v -0.334671 -0.169957 0.522140
v -0.332152 -0.170846 0.516768
v -0.332152 -0.170846 0.522140
v -0.329486 -0.170704 0.516768
v -0.329486 -0.170704 0.522140
v -0.327076 -0.169553 0.522140
v -0.327076 -0.169553 0.516768
v -0.325291 -0.167566 0.522140
v -0.325291 -0.167566 0.516768
v -0.324402 -0.165048 0.522140
v -0.324402 -0.165048 0.516768
v -0.324544 -0.162381 0.522140
v -0.324544 -0.162381 0.516768
v -0.325696 -0.159972 0.516768
v -0.325696 -0.159972 0.522140
v -0.333772 -0.168028 0.522140
v -0.332659 -0.168565 0.522140
v -0.331446 -0.168796 0.522140
v -0.333580 -0.168120 0.522140
v -0.330214 -0.168705 0.522140
v -0.329048 -0.168298 0.522140
v -0.328027 -0.167603 0.522140
v -0.327220 -0.166667 0.522140
v -0.327128 -0.166476 0.522140
v -0.326683 -0.165555 0.522140
v -0.326452 -0.164342 0.522140
v -0.326544 -0.163110 0.522140
v -0.326951 -0.161944 0.522140
v -0.327645 -0.160922 0.522140
v -0.328581 -0.160116 0.522140
v -0.334707 -0.167221 0.522140
v -0.335402 -0.166200 0.522140
v -0.335809 -0.165034 0.522140
v -0.335900 -0.163802 0.522140
v -0.335669 -0.162589 0.522140
v -0.335225 -0.161668 0.522140
v -0.335132 -0.161477 0.522140
v -0.334326 -0.160541 0.522140
v -0.333305 -0.159846 0.522140
v -0.332138 -0.159439 0.522140
v -0.330907 -0.159348 0.522140
v -0.329693 -0.159579 0.522140
v -0.328772 -0.160023 0.522140
v -0.330200 -0.157297 0.522140
v -0.330200 -0.157297 0.516768
v -0.330200 -0.157297 0.522140
v -0.332867 -0.157440 0.516768
v -0.332867 -0.157440 0.516768
v -0.332867 -0.157440 0.522140
v -0.335276 -0.158591 0.516768
v -0.335276 -0.158591 0.516768
v -0.335276 -0.158591 0.522140
v -0.337061 -0.160578 0.516768
v -0.337061 -0.160578 0.516768
v -0.337061 -0.160578 0.522140
v -0.337951 -0.163096 0.516768
v -0.337951 -0.163096 0.516768
v -0.337951 -0.163096 0.522140
v -0.337809 -0.165763 0.522140
v -0.337809 -0.165763 0.522140
v -0.337809 -0.165763 0.516768
v -0.336657 -0.168172 0.522140
v -0.336657 -0.168172 0.522140
v -0.336657 -0.168172 0.516768
v -0.334671 -0.169957 0.522140
v -0.334671 -0.169957 0.522140
v -0.334671 -0.169957 0.516768
v -0.332152 -0.170846 0.522140
v -0.332152 -0.170846 0.522140
v -0.332152 -0.170846 0.516768
v -0.329486 -0.170704 0.516768
v -0.329486 -0.170704 0.516768
v -0.329486 -0.170704 0.522140
v -0.327076 -0.169553 0.516768
v -0.327076 -0.169553 0.516768
v -0.327076 -0.169553 0.522140
v -0.325291 -0.167566 0.516768
v -0.325291 -0.167566 0.516768
v -0.325291 -0.167566 0.522140
v -0.324402 -0.165048 0.516768
v -0.324402 -0.165048 0.516768
v -0.324402 -0.165048 0.522140
v -0.324544 -0.162381 0.522140
v -0.324544 -0.162381 0.516768
v -0.324544 -0.162381 0.522140
v -0.327682 -0.158187 0.516768
v -0.325696 -0.159972 0.522140
v -0.325696 -0.159972 0.516768
v -0.325696 -0.159972 0.522140
v -0.327682 -0.158187 0.516768
v -0.327682 -0.158187 0.522140
v -0.332152 -0.170846 0.522140
v -0.336657 -0.168172 0.522140
v -0.334671 -0.169957 0.522140
v -0.336657 -0.168172 0.522140
v -0.332152 -0.170846 0.522140
v -0.329486 -0.170704 0.522140
v -0.336657 -0.168172 0.522140
v -0.329486 -0.170704 0.522140
v -0.337809 -0.165763 0.522140
v -0.337809 -0.165763 0.522140
v -0.329486 -0.170704 0.522140
v -0.329486 -0.170704 0.522140
v -0.329486 -0.170704 0.522140
v -0.329486 -0.170704 0.522140
v -0.327076 -0.169553 0.522140
v -0.327076 -0.169553 0.522140
v -0.327076 -0.169553 0.522140
v -0.327076 -0.169553 0.522140
v -0.325291 -0.167566 0.522140
v -0.325291 -0.167566 0.522140
v -0.325291 -0.167566 0.522140
v -0.325291 -0.167566 0.522140
v -0.325291 -0.167566 0.522140
v -0.324402 -0.165048 0.522140
v -0.324402 -0.165048 0.522140
v -0.324402 -0.165048 0.522140
v -0.324402 -0.165048 0.522140
v -0.324402 -0.165048 0.522140
v -0.324544 -0.162381 0.522140
v -0.324544 -0.162381 0.522140
v -0.324544 -0.162381 0.522140
v -0.324544 -0.162381 0.522140
v -0.337809 -0.165763 0.522140
v -0.337951 -0.163096 0.522140
v -0.337809 -0.165763 0.522140
v -0.337951 -0.163096 0.522140
v -0.337951 -0.163096 0.522140
v -0.337951 -0.163096 0.522140
v -0.337951 -0.163096 0.522140
v -0.337061 -0.160578 0.522140
v -0.337061 -0.160578 0.522140
v -0.337061 -0.160578 0.522140
v -0.337061 -0.160578 0.522140
v -0.337061 -0.160578 0.522140
v -0.335276 -0.158591 0.522140
v -0.335276 -0.158591 0.522140
v -0.335276 -0.158591 0.522140
v -0.335276 -0.158591 0.522140
v -0.335276 -0.158591 0.522140
v -0.332867 -0.157440 0.522140
v -0.332867 -0.157440 0.522140
v -0.332867 -0.157440 0.522140
v -0.332867 -0.157440 0.522140
v -0.332867 -0.157440 0.522140
v -0.332867 -0.157440 0.522140
v -0.324544 -0.162381 0.522140
v -0.332867 -0.157440 0.522140
v -0.324544 -0.162381 0.522140
v -0.325696 -0.159972 0.522140
v -0.332867 -0.157440 0.522140
v -0.325696 -0.159972 0.522140
v -0.330200 -0.157297 0.522140
v -0.330200 -0.157297 0.522140
v -0.325696 -0.159972 0.522140
v -0.327682 -0.158187 0.522140
v -0.338597 -0.171440 0.516768
v -0.336079 -0.172329 0.522140
v -0.336079 -0.172329 0.516768
v -0.338597 -0.171440 0.522140
v -0.341264 -0.171582 0.516768
v -0.341264 -0.171582 0.522140
v -0.343674 -0.172734 0.522140
v -0.343674 -0.172734 0.516768
v -0.345459 -0.174720 0.522140
v -0.345459 -0.174720 0.516768
v -0.346348 -0.177238 0.522140
v -0.346348 -0.177238 0.516768
v -0.346206 -0.179905 0.522140
v -0.346206 -0.179905 0.516768
v -0.345054 -0.182315 0.516768
v -0.345054 -0.182315 0.522140
v -0.343068 -0.184100 0.516768
v -0.343068 -0.184100 0.522140
v -0.340550 -0.184989 0.516768
v -0.340550 -0.184989 0.522140
v -0.337883 -0.184847 0.516768
v -0.337883 -0.184847 0.522140
v -0.335474 -0.183695 0.522140
v -0.335474 -0.183695 0.516768
v -0.333688 -0.181709 0.522140
v -0.333688 -0.181709 0.516768
v -0.332799 -0.179191 0.522140
v -0.332799 -0.179191 0.516768
v -0.332941 -0.176524 0.522140
v -0.332941 -0.176524 0.516768
v -0.334093 -0.174115 0.516768
v -0.334093 -0.174115 0.522140
v -0.342169 -0.182171 0.522140
v -0.341057 -0.182708 0.522140
v -0.339843 -0.182938 0.522140
v -0.341977 -0.182263 0.522140
v -0.338611 -0.182847 0.522140
v -0.337445 -0.182440 0.522140
v -0.336424 -0.181745 0.522140
v -0.335617 -0.180810 0.522140
v -0.335525 -0.180618 0.522140
v -0.335081 -0.179698 0.522140
v -0.334850 -0.178484 0.522140
v -0.334941 -0.177252 0.522140
v -0.335348 -0.176086 0.522140
v -0.336043 -0.175065 0.522140
v -0.336978 -0.174259 0.522140
v -0.343104 -0.181364 0.522140
v -0.343799 -0.180343 0.522140
v -0.344206 -0.179177 0.522140
v -0.344297 -0.177945 0.522140
v -0.344067 -0.176732 0.522140
v -0.343622 -0.175811 0.522140
v -0.343530 -0.175619 0.522140
v -0.342723 -0.174684 0.522140
v -0.341702 -0.173989 0.522140
v -0.340536 -0.173582 0.522140
v -0.339304 -0.173491 0.522140
v -0.338090 -0.173722 0.522140
v -0.337170 -0.174166 0.522140
v -0.338597 -0.171440 0.522140
v -0.338597 -0.171440 0.516768
v -0.338597 -0.171440 0.522140
v -0.341264 -0.171582 0.516768
v -0.341264 -0.171582 0.516768
v -0.341264 -0.171582 0.522140
v -0.343674 -0.172734 0.516768
v -0.343674 -0.172734 0.516768
v -0.343674 -0.172734 0.522140
v -0.345459 -0.174720 0.516768
v -0.345459 -0.174720 0.516768
v -0.345459 -0.174720 0.522140
v -0.346348 -0.177238 0.516768
v -0.346348 -0.177238 0.516768
v -0.346348 -0.177238 0.522140
v -0.346206 -0.179905 0.522140
v -0.346206 -0.179905 0.522140
v -0.346206 -0.179905 0.516768
v -0.345054 -0.182315 0.522140
v -0.345054 -0.182315 0.522140
v -0.345054 -0.182315 0.516768
v -0.343068 -0.184100 0.522140
v -0.343068 -0.184100 0.522140
v -0.343068 -0.184100 0.516768
v -0.340550 -0.184989 0.522140
v -0.340550 -0.184989 0.522140
v -0.340550 -0.184989 0.516768
v -0.337883 -0.184847 0.516768
v -0.337883 -0.184847 0.516768
v -0.337883 -0.184847 0.522140
v -0.335474 -0.183695 0.516768
v -0.335474 -0.183695 0.516768
v -0.335474 -0.183695 0.522140
v -0.333688 -0.181709 0.516768
v -0.333688 -0.181709 0.516768
v -0.333688 -0.181709 0.522140
v -0.332799 -0.179191 0.516768
v -0.332799 -0.179191 0.516768
v -0.332799 -0.179191 0.522140
v -0.332941 -0.176524 0.522140
v -0.332941 -0.176524 0.516768
v -0.332941 -0.176524 0.522140
v -0.336079 -0.172329 0.516768
v -0.334093 -0.174115 0.522140
v -0.334093 -0.174115 0.516768
v -0.334093 -0.174115 0.522140
v -0.336079 -0.172329 0.516768
v -0.336079 -0.172329 0.522140
v -0.340550 -0.184989 0.522140
v -0.345054 -0.182315 0.522140
v -0.343068 -0.184100 0.522140
v -0.345054 -0.182315 0.522140
v -0.340550 -0.184989 0.522140
v -0.337883 -0.184847 0.522140
v -0.345054 -0.182315 0.522140
v -0.337883 -0.184847 0.522140
v -0.346206 -0.179905 0.522140
v -0.346206 -0.179905 0.522140
v -0.337883 -0.184847 0.522140
v -0.337883 -0.184847 0.522140
v -0.337883 -0.184847 0.522140
v -0.337883 -0.184847 0.522140
v -0.335474 -0.183695 0.522140
v -0.335474 -0.183695 0.522140
v -0.335474 -0.183695 0.522140
v -0.335474 -0.183695 0.522140
v -0.333688 -0.181709 0.522140
v -0.333688 -0.181709 0.522140
v -0.333688 -0.181709 0.522140
v -0.333688 -0.181709 0.522140
v -0.333688 -0.181709 0.522140
v -0.332799 -0.179191 0.522140
v -0.332799 -0.179191 0.522140
v -0.332799 -0.179191 0.522140
v -0.332799 -0.179191 0.522140
v -0.332799 -0.179191 0.522140
v -0.332941 -0.176524 0.522140
v -0.332941 -0.176524 0.522140
v -0.332941 -0.176524 0.522140
v -0.332941 -0.176524 0.522140
v -0.346206 -0.179905 0.522140
v -0.346348 -0.177238 0.522140
v -0.346206 -0.179905 0.522140
v -0.346348 -0.177238 0.522140
v -0.346348 -0.177238 0.522140
v -0.346348 -0.177238 0.522140
v -0.346348 -0.177238 0.522140
v -0.345459 -0.174720 0.522140
v -0.345459 -0.174720 0.522140
v -0.345459 -0.174720 0.522140
v -0.345459 -0.174720 0.522140
v -0.345459 -0.174720 0.522140
v -0.343674 -0.172734 0.522140
v -0.343674 -0.172734 0.522140
v -0.343674 -0.172734 0.522140
v -0.343674 -0.172734 0.522140
v -0.343674 -0.172734 0.522140
v -0.341264 -0.171582 0.522140
v -0.341264 -0.171582 0.522140
v -0.341264 -0.171582 0.522140
v -0.341264 -0.171582 0.522140
v -0.341264 -0.171582 0.522140
v -0.341264 -0.171582 0.522140
v -0.332941 -0.176524 0.522140
v -0.341264 -0.171582 0.522140
v -0.332941 -0.176524 0.522140
v -0.334093 -0.174115 0.522140
v -0.341264 -0.171582 0.522140
v -0.334093 -0.174115 0.522140
v -0.338597 -0.171440 0.522140
v -0.338597 -0.171440 0.522140
v -0.334093 -0.174115 0.522140
v -0.336079 -0.172329 0.522140
v -0.346374 -0.184538 0.516768
v -0.343856 -0.185427 0.522140
v -0.343856 -0.185427 0.516768
v -0.346374 -0.184538 0.522140
v -0.349041 -0.184680 0.516768
v -0.349041 -0.184680 0.522140
v -0.351450 -0.185832 0.522140
v -0.351450 -0.185832 0.516768
v -0.353236 -0.187818 0.522140
v -0.353236 -0.187818 0.516768
v -0.354125 -0.190336 0.522140
v -0.354125 -0.190336 0.516768
v -0.353983 -0.193003 0.522140
v -0.353983 -0.193003 0.516768
v -0.352831 -0.195412 0.516768
v -0.352831 -0.195412 0.522140
v -0.350845 -0.197198 0.516768
v -0.350845 -0.197198 0.522140
v -0.348327 -0.198087 0.516768
v -0.348327 -0.198087 0.522140
v -0.345660 -0.197945 0.516768
v -0.345660 -0.197945 0.522140
v -0.343250 -0.196793 0.522140
v -0.343250 -0.196793 0.516768
v -0.341465 -0.194807 0.522140
v -0.341465 -0.194807 0.516768
v -0.340576 -0.192288 0.522140
v -0.340576 -0.192288 0.516768
v -0.340718 -0.189622 0.522140
v -0.340718 -0.189622 0.516768
v -0.341870 -0.187212 0.516768
v -0.341870 -0.187212 0.522140
v -0.349946 -0.195268 0.522140
v -0.348833 -0.195805 0.522140
v -0.347620 -0.196036 0.522140
v -0.349754 -0.195361 0.522140
v -0.346388 -0.195945 0.522140
v -0.345222 -0.195538 0.522140
v -0.344201 -0.194843 0.522140
v -0.343394 -0.193908 0.522140
v -0.343302 -0.193716 0.522140
v -0.342857 -0.192795 0.522140
v -0.342627 -0.191582 0.522140
v -0.342718 -0.190350 0.522140
v -0.343125 -0.189184 0.522140
v -0.343820 -0.188163 0.522140
v -0.344755 -0.187356 0.522140
v -0.350881 -0.194462 0.522140
v -0.351576 -0.193441 0.522140
v -0.351983 -0.192274 0.522140
v -0.352074 -0.191043 0.522140
v -0.351843 -0.189829 0.522140
v -0.351399 -0.188908 0.522140
v -0.351306 -0.188717 0.522140
v -0.350500 -0.187781 0.522140
v -0.349479 -0.187087 0.522140
v -0.348312 -0.186680 0.522140
v -0.347081 -0.186588 0.522140
v -0.345867 -0.186819 0.522140
v -0.344947 -0.187264 0.522140
v -0.346374 -0.184538 0.522140
v -0.346374 -0.184538 0.516768
v -0.346374 -0.184538 0.522140
v -0.349041 -0.184680 0.516768
v -0.349041 -0.184680 0.516768
v -0.349041 -0.184680 0.522140
v -0.351450 -0.185832 0.516768
v -0.351450 -0.185832 0.516768
v -0.351450 -0.185832 0.522140
v -0.353236 -0.187818 0.516768
v -0.353236 -0.187818 0.516768
v -0.353236 -0.187818 0.522140
v -0.354125 -0.190336 0.516768
v -0.354125 -0.190336 0.516768
v -0.354125 -0.190336 0.522140
v -0.353983 -0.193003 0.522140
v -0.353983 -0.193003 0.522140
v -0.353983 -0.193003 0.516768
v -0.352831 -0.195412 0.522140
v -0.352831 -0.195412 0.522140
v -0.352831 -0.195412 0.516768
v -0.350845 -0.197198 0.522140
v -0.350845 -0.197198 0.522140
v -0.350845 -0.197198 0.516768
v -0.348327 -0.198087 0.522140
v -0.348327 -0.198087 0.522140
v -0.348327 -0.198087 0.516768
v -0.345660 -0.197945 0.516768
v -0.345660 -0.197945 0.516768
v -0.345660 -0.197945 0.522140
v -0.343250 -0.196793 0.516768
v -0.343250 -0.196793 0.516768
v -0.343250 -0.196793 0.522140
v -0.341465 -0.194807 0.516768
v -0.341465 -0.194807 0.516768
v -0.341465 -0.194807 0.522140
v -0.340576 -0.192288 0.516768
v -0.340576 -0.192288 0.516768
v -0.340576 -0.192288 0.522140
v -0.340718 -0.189622 0.522140
v -0.340718 -0.189622 0.516768
v -0.340718 -0.189622 0.522140
v -0.343856 -0.185427 0.516768
v -0.341870 -0.187212 0.522140
v -0.341870 -0.187212 0.516768
v -0.341870 -0.187212 0.522140
v -0.343856 -0.185427 0.516768
v -0.343856 -0.185427 0.522140
v -0.348327 -0.198087 0.522140
v -0.352831 -0.195412 0.522140
v -0.350845 -0.197198 0.522140
v -0.352831 -0.195412 0.522140
v -0.348327 -0.198087 0.522140
v -0.345660 -0.197945 0.522140
v -0.352831 -0.195412 0.522140
v -0.345660 -0.197945 0.522140
v -0.353983 -0.193003 0.522140
v -0.353983 -0.193003 0.522140
v -0.345660 -0.197945 0.522140
v -0.345660 -0.197945 0.522140
v -0.345660 -0.197945 0.522140
v -0.345660 -0.197945 0.522140
v -0.343250 -0.196793 0.522140
v -0.343250 -0.196793 0.522140
v -0.343250 -0.196793 0.522140
v -0.343250 -0.196793 0.522140
v -0.341465 -0.194807 0.522140
v -0.341465 -0.194807 0.522140
v -0.341465 -0.194807 0.522140
v -0.341465 -0.194807 0.522140
v -0.341465 -0.194807 0.522140
v -0.340576 -0.192288 0.522140
v -0.340576 -0.192288 0.522140
v -0.340576 -0.192288 0.522140
v -0.340576 -0.192288 0.522140
v -0.340576 -0.192288 0.522140
v -0.340718 -0.189622 0.522140
v -0.340718 -0.189622 0.522140
v -0.340718 -0.189622 0.522140
v -0.340718 -0.189622 0.522140
v -0.353983 -0.193003 0.522140
v -0.354125 -0.190336 0.522140
v -0.353983 -0.193003 0.522140
v -0.354125 -0.190336 0.522140
v -0.354125 -0.190336 0.522140
v -0.354125 -0.190336 0.522140
v -0.354125 -0.190336 0.522140
v -0.353236 -0.187818 0.522140
v -0.353236 -0.187818 0.522140
v -0.353236 -0.187818 0.522140
v -0.353236 -0.187818 0.522140
v -0.353236 -0.187818 0.522140
v -0.351450 -0.185832 0.522140
v -0.351450 -0.185832 0.522140
v -0.351450 -0.185832 0.522140
v -0.351450 -0.185832 0.522140
v -0.351450 -0.185832 0.522140
v -0.349041 -0.184680 0.522140
v -0.349041 -0.184680 0.522140
v -0.349041 -0.184680 0.522140
v -0.349041 -0.184680 0.522140
v -0.349041 -0.184680 0.522140
v -0.349041 -0.184680 0.522140
v -0.340718 -0.189622 0.522140
v -0.349041 -0.184680 0.522140
v -0.340718 -0.189622 0.522140
v -0.341870 -0.187212 0.522140
v -0.349041 -0.184680 0.522140
v -0.341870 -0.187212 0.522140
v -0.346374 -0.184538 0.522140
v -0.346374 -0.184538 0.522140
v -0.341870 -0.187212 0.522140
v -0.343856 -0.185427 0.522140
v -0.354346 -0.197964 0.516768
v -0.351828 -0.198853 0.522140
v -0.351828 -0.198853 0.516768
v -0.354346 -0.197964 0.522140
v -0.357013 -0.198106 0.516768
v -0.357013 -0.198106 0.522140
v -0.359422 -0.199258 0.522140
v -0.359422 -0.199258 0.516768
v -0.361207 -0.201244 0.522140
v -0.361207 -0.201244 0.516768
v -0.362097 -0.203762 0.522140
v -0.362097 -0.203762 0.516768
v -0.361955 -0.206429 0.522140
v -0.361955 -0.206429 0.516768
v -0.360803 -0.208838 0.516768
v -0.360803 -0.208838 0.522140
v -0.358817 -0.210624 0.516768
v -0.358817 -0.210624 0.522140
v -0.356298 -0.211513 0.516768
v -0.356298 -0.211513 0.522140
v -0.353632 -0.211371 0.516768
v -0.353632 -0.211371 0.522140
v -0.351222 -0.210219 0.522140
v -0.351222 -0.210219 0.516768
v -0.349437 -0.208233 0.522140
v -0.349437 -0.208233 0.516768
v -0.348548 -0.205715 0.522140
v -0.348548 -0.205715 0.516768
v -0.348690 -0.203048 0.522140
v -0.348690 -0.203048 0.516768
v -0.349842 -0.200638 0.516768
v -0.349842 -0.200638 0.522140
v -0.357918 -0.208694 0.522140
v -0.356805 -0.209231 0.522140
v -0.355592 -0.209462 0.522140
v -0.357726 -0.208787 0.522140
v -0.354360 -0.209371 0.522140
v -0.353194 -0.208964 0.522140
v -0.352173 -0.208269 0.522140
v -0.351366 -0.207334 0.522140
v -0.351274 -0.207142 0.522140
v -0.350829 -0.206221 0.522140
v -0.350598 -0.205008 0.522140
v -0.350690 -0.203776 0.522140
v -0.351096 -0.202610 0.522140
v -0.351791 -0.201589 0.522140
v -0.352727 -0.200782 0.522140
v -0.358853 -0.207888 0.522140
v -0.359548 -0.206867 0.522140
v -0.359955 -0.205700 0.522140
v -0.360046 -0.204469 0.522140
v -0.359815 -0.203255 0.522140
v -0.359371 -0.202335 0.522140
v -0.359278 -0.202143 0.522140
v -0.358472 -0.201207 0.522140
v -0.357451 -0.200513 0.522140
v -0.356284 -0.200106 0.522140
v -0.355053 -0.200015 0.522140
v -0.353839 -0.200245 0.522140
v -0.352918 -0.200690 0.522140
v -0.354346 -0.197964 0.522140
v -0.354346 -0.197964 0.516768
v -0.354346 -0.197964 0.522140
v -0.357013 -0.198106 0.516768
v -0.357013 -0.198106 0.516768
v -0.357013 -0.198106 0.522140
v -0.359422 -0.199258 0.516768
v -0.359422 -0.199258 0.516768
v -0.359422 -0.199258 0.522140
v -0.361207 -0.201244 0.516768
v -0.361207 -0.201244 0.516768
v -0.361207 -0.201244 0.522140
v -0.362097 -0.203762 0.516768
v -0.362097 -0.203762 0.516768
v -0.362097 -0.203762 0.522140
v -0.361955 -0.206429 0.522140
v -0.361955 -0.206429 0.522140
v -0.361955 -0.206429 0.516768
v -0.360803 -0.208838 0.522140
v -0.360803 -0.208838 0.522140
v -0.360803 -0.208838 0.516768
v -0.358817 -0.210624 0.522140
v -0.358817 -0.210624 0.522140
v -0.358817 -0.210624 0.516768
v -0.356298 -0.211513 0.522140
v -0.356298 -0.211513 0.522140
v -0.356298 -0.211513 0.516768
v -0.353632 -0.211371 0.516768
v -0.353632 -0.211371 0.516768
v -0.353632 -0.211371 0.522140
v -0.351222 -0.210219 0.516768
v -0.351222 -0.210219 0.516768
v -0.351222 -0.210219 0.522140
v -0.349437 -0.208233 0.516768
v -0.349437 -0.208233 0.516768
v -0.349437 -0.208233 0.522140
v -0.348548 -0.205715 0.516768
v -0.348548 -0.205715 0.516768
v -0.348548 -0.205715 0.522140
v -0.348690 -0.203048 0.522140
v -0.348690 -0.203048 0.516768
v -0.348690 -0.203048 0.522140
v -0.351828 -0.198853 0.516768
v -0.349842 -0.200638 0.522140
v -0.349842 -0.200638 0.516768
v -0.349842 -0.200638 0.522140
v -0.351828 -0.198853 0.516768
v -0.351828 -0.198853 0.522140
v -0.356298 -0.211513 0.522140
v -0.360803 -0.208838 0.522140
v -0.358817 -0.210624 0.522140
v -0.360803 -0.208838 0.522140
v -0.356298 -0.211513 0.522140
v -0.353632 -0.211371 0.522140
v -0.360803 -0.208838 0.522140
v -0.353632 -0.211371 0.522140
v -0.361955 -0.206429 0.522140
v -0.361955 -0.206429 0.522140
v -0.353632 -0.211371 0.522140
v -0.353632 -0.211371 0.522140
v -0.353632 -0.211371 0.522140
v -0.353632 -0.211371 0.522140
v -0.351222 -0.210219 0.522140
v -0.351222 -0.210219 0.522140
v -0.351222 -0.210219 0.522140
v -0.351222 -0.210219 0.522140
v -0.349437 -0.208233 0.522140
v -0.349437 -0.208233 0.522140
v -0.349437 -0.208233 0.522140
v -0.349437 -0.208233 0.522140
v -0.349437 -0.208233 0.522140
v -0.348548 -0.205715 0.522140
v -0.348548 -0.205715 0.522140
v -0.348548 -0.205715 0.522140
v -0.348548 -0.205715 0.522140
v -0.348548 -0.205715 0.522140
v -0.348690 -0.203048 0.522140
v -0.348690 -0.203048 0.522140
v -0.348690 -0.203048 0.522140
v -0.348690 -0.203048 0.522140
v -0.361955 -0.206429 0.522140
v -0.362097 -0.203762 0.522140
v -0.361955 -0.206429 0.522140
v -0.362097 -0.203762 0.522140
v -0.362097 -0.203762 0.522140
v -0.362097 -0.203762 0.522140
v -0.362097 -0.203762 0.522140
v -0.361207 -0.201244 0.522140
v -0.361207 -0.201244 0.522140
v -0.361207 -0.201244 0.522140
v -0.361207 -0.201244 0.522140
v -0.361207 -0.201244 0.522140
v -0.359422 -0.199258 0.522140
v -0.359422 -0.199258 0.522140
v -0.359422 -0.199258 0.522140
v -0.359422 -0.199258 0.522140
v -0.359422 -0.199258 0.522140
v -0.357013 -0.198106 0.522140
v -0.357013 -0.198106 0.522140
v -0.357013 -0.198106 0.522140
v -0.357013 -0.198106 0.522140
v -0.357013 -0.198106 0.522140
v -0.357013 -0.198106 0.522140
v -0.348690 -0.203048 0.522140
v -0.357013 -0.198106 0.522140
v -0.348690 -0.203048 0.522140
v -0.349842 -0.200638 0.522140
v -0.357013 -0.198106 0.522140
v -0.349842 -0.200638 0.522140
v -0.354346 -0.197964 0.522140
v -0.354346 -0.197964 0.522140
v -0.349842 -0.200638 0.522140
v -0.351828 -0.198853 0.522140
v -0.362164 -0.211131 0.516768
v -0.359646 -0.212020 0.522140
v -0.359646 -0.212020 0.516768
v -0.362164 -0.211131 0.522140
v -0.364831 -0.211273 0.516768
v -0.364831 -0.211273 0.522140
v -0.367240 -0.212425 0.522140
v -0.367240 -0.212425 0.516768
v -0.369026 -0.214411 0.522140
v -0.369026 -0.214411 0.516768
v -0.369915 -0.216929 0.522140
v -0.369915 -0.216929 0.516768
v -0.369773 -0.219596 0.522140
v -0.369773 -0.219596 0.516768
v -0.368621 -0.222006 0.516768
v -0.368621 -0.222006 0.522140
v -0.366635 -0.223791 0.516768
v -0.366635 -0.223791 0.522140
v -0.364117 -0.224680 0.516768
v -0.364117 -0.224680 0.522140
v -0.361450 -0.224538 0.516768
v -0.361450 -0.224538 0.522140
v -0.359040 -0.223386 0.522140
v -0.359040 -0.223386 0.516768
v -0.357255 -0.221400 0.522140
v -0.357255 -0.221400 0.516768
v -0.356366 -0.218882 0.522140
v -0.356366 -0.218882 0.516768
v -0.356508 -0.216215 0.522140
v -0.356508 -0.216215 0.516768
v -0.357660 -0.213806 0.516768
v -0.357660 -0.213806 0.522140
v -0.365736 -0.221862 0.522140
v -0.364623 -0.222399 0.522140
v -0.363410 -0.222629 0.522140
v -0.365544 -0.221954 0.522140
v -0.362178 -0.222538 0.522140
v -0.361012 -0.222131 0.522140
v -0.359991 -0.221437 0.522140
v -0.359184 -0.220501 0.522140
v -0.359092 -0.220309 0.522140
v -0.358647 -0.219389 0.522140
v -0.358417 -0.218175 0.522140
v -0.358508 -0.216944 0.522140
v -0.358915 -0.215777 0.522140
v -0.359610 -0.214756 0.522140
v -0.360545 -0.213950 0.522140
v -0.366671 -0.221055 0.522140
v -0.367366 -0.220034 0.522140
v -0.367773 -0.218868 0.522140
v -0.367864 -0.217636 0.522140
v -0.367633 -0.216423 0.522140
v -0.367189 -0.215502 0.522140
v -0.367096 -0.215310 0.522140
v -0.366290 -0.214375 0.522140
v -0.365269 -0.213680 0.522140
v -0.364103 -0.213273 0.522140
v -0.362871 -0.213182 0.522140
v -0.361657 -0.213413 0.522140
v -0.360737 -0.213857 0.522140
v -0.362164 -0.211131 0.522140
v -0.362164 -0.211131 0.516768
v -0.362164 -0.211131 0.522140
v -0.364831 -0.211273 0.516768
v -0.364831 -0.211273 0.516768
v -0.364831 -0.211273 0.522140
v -0.367240 -0.212425 0.516768
v -0.367240 -0.212425 0.516768
v -0.367240 -0.212425 0.522140
v -0.369026 -0.214411 0.516768
v -0.369026 -0.214411 0.516768
v -0.369026 -0.214411 0.522140
v -0.369915 -0.216929 0.516768
v -0.369915 -0.216929 0.516768
v -0.369915 -0.216929 0.522140
v -0.369773 -0.219596 0.522140
v -0.369773 -0.219596 0.522140
v -0.369773 -0.219596 0.516768
v -0.368621 -0.222006 0.522140
v -0.368621 -0.222006 0.522140
v -0.368621 -0.222006 0.516768
v -0.366635 -0.223791 0.522140
v -0.366635 -0.223791 0.522140
v -0.366635 -0.223791 0.516768
v -0.364117 -0.224680 0.522140
v -0.364117 -0.224680 0.522140
v -0.364117 -0.224680 0.516768
v -0.361450 -0.224538 0.516768
v -0.361450 -0.224538 0.516768
v -0.361450 -0.224538 0.522140
v -0.359040 -0.223386 0.516768
v -0.359040 -0.223386 0.516768
v -0.359040 -0.223386 0.522140
v -0.357255 -0.221400 0.516768
v -0.357255 -0.221400 0.516768
v -0.357255 -0.221400 0.522140
v -0.356366 -0.218882 0.516768
v -0.356366 -0.218882 0.516768
v -0.356366 -0.218882 0.522140
v -0.356508 -0.216215 0.522140
v -0.356508 -0.216215 0.516768
v -0.356508 -0.216215 0.522140
v -0.359646 -0.212020 0.516768
v -0.357660 -0.213806 0.522140
v -0.357660 -0.213806 0.516768
v -0.357660 -0.213806 0.522140
v -0.359646 -0.212020 0.516768
v -0.359646 -0.212020 0.522140
v -0.364117 -0.224680 0.522140
v -0.368621 -0.222006 0.522140
v -0.366635 -0.223791 0.522140
v -0.368621 -0.222006 0.522140
v -0.364117 -0.224680 0.522140
v -0.361450 -0.224538 0.522140
v -0.368621 -0.222006 0.522140
v -0.361450 -0.224538 0.522140
v -0.369773 -0.219596 0.522140
v -0.369773 -0.219596 0.522140
v -0.361450 -0.224538 0.522140
v -0.361450 -0.224538 0.522140
v -0.361450 -0.224538 0.522140
v -0.361450 -0.224538 0.522140
v -0.359040 -0.223386 0.522140
v -0.359040 -0.223386 0.522140
v -0.359040 -0.223386 0.522140
v -0.359040 -0.223386 0.522140
v -0.357255 -0.221400 0.522140
v -0.357255 -0.221400 0.522140
v -0.357255 -0.221400 0.522140
v -0.357255 -0.221400 0.522140
v -0.357255 -0.221400 0.522140
v -0.356366 -0.218882 0.522140
v -0.356366 -0.218882 0.522140
v -0.356366 -0.218882 0.522140
v -0.356366 -0.218882 0.522140
v -0.356366 -0.218882 0.522140
v -0.356508 -0.216215 0.522140
v -0.356508 -0.216215 0.522140
v -0.356508 -0.216215 0.522140
v -0.356508 -0.216215 0.522140
v -0.369773 -0.219596 0.522140
v -0.369915 -0.216929 0.522140
v -0.369773 -0.219596 0.522140
v -0.369915 -0.216929 0.522140
v -0.369915 -0.216929 0.522140
v -0.369915 -0.216929 0.522140
v -0.369915 -0.216929 0.522140
v -0.369026 -0.214411 0.522140
v -0.369026 -0.214411 0.522140
v -0.369026 -0.214411 0.522140
v -0.369026 -0.214411 0.522140
v -0.369026 -0.214411 0.522140
v -0.367240 -0.212425 0.522140
v -0.367240 -0.212425 0.522140
v -0.367240 -0.212425 0.522140
v -0.367240 -0.212425 0.522140
v -0.367240 -0.212425 0.522140
v -0.364831 -0.211273 0.522140
v -0.364831 -0.211273 0.522140
v -0.364831 -0.211273 0.522140
v -0.364831 -0.211273 0.522140
v -0.364831 -0.211273 0.522140
v -0.364831 -0.211273 0.522140
v -0.356508 -0.216215 0.522140
v -0.364831 -0.211273 0.522140
v -0.356508 -0.216215 0.522140
v -0.357660 -0.213806 0.522140
v -0.364831 -0.211273 0.522140
v -0.357660 -0.213806 0.522140
v -0.362164 -0.211131 0.522140
v -0.362164 -0.211131 0.522140
v -0.357660 -0.213806 0.522140
v -0.359646 -0.212020 0.522140
v -0.411940 -0.052956 0.519853
v -0.409361 -0.053650 0.525226
v -0.409361 -0.053650 0.519853
v -0.411940 -0.052956 0.525226
v -0.414588 -0.053303 0.519853
v -0.414588 -0.053303 0.525226
v -0.416902 -0.054636 0.525226
v -0.416902 -0.054636 0.519853
v -0.418530 -0.056753 0.525226
v -0.418530 -0.056753 0.519853
v -0.419223 -0.059332 0.525226
v -0.419223 -0.059332 0.519853
v -0.418877 -0.061980 0.525226
v -0.418877 -0.061980 0.519853
v -0.417544 -0.064294 0.519853
v -0.417544 -0.064294 0.525226
v -0.415427 -0.065922 0.519853
v -0.415427 -0.065922 0.525226
v -0.412848 -0.066615 0.519853
v -0.412848 -0.066615 0.525226
v -0.410199 -0.066269 0.519853
v -0.410199 -0.066269 0.525226
v -0.407885 -0.064936 0.525226
v -0.407885 -0.064936 0.519853
v -0.406258 -0.062819 0.525226
v -0.406258 -0.062819 0.519853
v -0.405564 -0.060240 0.525226
v -0.405564 -0.060240 0.519853
v -0.405911 -0.057591 0.525226
v -0.405911 -0.057591 0.519853
v -0.407244 -0.055277 0.519853
v -0.407244 -0.055277 0.525226
v -0.414678 -0.063929 0.525226
v -0.413528 -0.064379 0.525226
v -0.412300 -0.064516 0.525226
v -0.414480 -0.064007 0.525226
v -0.411079 -0.064331 0.525226
v -0.409948 -0.063836 0.525226
v -0.408983 -0.063065 0.525226
v -0.408250 -0.062070 0.525226
v -0.408173 -0.061872 0.525226
v -0.407800 -0.060920 0.525226
v -0.407663 -0.059692 0.525226
v -0.407849 -0.058471 0.525226
v -0.408344 -0.057340 0.525226
v -0.409115 -0.056375 0.525226
v -0.410110 -0.055642 0.525226
v -0.415673 -0.063197 0.525226
v -0.416444 -0.062232 0.525226
v -0.416939 -0.061101 0.525226
v -0.417124 -0.059879 0.525226
v -0.416987 -0.058652 0.525226
v -0.416615 -0.057700 0.525226
v -0.416537 -0.057502 0.525226
v -0.415805 -0.056507 0.525226
v -0.414840 -0.055736 0.525226
v -0.413709 -0.055241 0.525226
v -0.412487 -0.055055 0.525226
v -0.411260 -0.055192 0.525226
v -0.410308 -0.055565 0.525226
v -0.411940 -0.052956 0.525226
v -0.411940 -0.052956 0.519853
v -0.411940 -0.052956 0.525226
v -0.414588 -0.053303 0.519853
v -0.414588 -0.053303 0.519853
v -0.414588 -0.053303 0.525226
v -0.416902 -0.054636 0.519853
v -0.416902 -0.054636 0.519853
v -0.416902 -0.054636 0.525226
v -0.418530 -0.056753 0.519853
v -0.418530 -0.056753 0.519853
v -0.418530 -0.056753 0.525226
v -0.419223 -0.059332 0.519853
v -0.419223 -0.059332 0.519853
v -0.419223 -0.059332 0.525226
v -0.418877 -0.061980 0.525226
v -0.418877 -0.061980 0.525226
v -0.418877 -0.061980 0.519853
v -0.417544 -0.064294 0.525226
v -0.417544 -0.064294 0.525226
v -0.417544 -0.064294 0.519853
v -0.415427 -0.065922 0.525226
v -0.415427 -0.065922 0.525226
v -0.415427 -0.065922 0.519853
v -0.412848 -0.066615 0.525226
v -0.412848 -0.066615 0.525226
v -0.412848 -0.066615 0.519853
v -0.410199 -0.066269 0.519853
v -0.410199 -0.066269 0.519853
v -0.410199 -0.066269 0.525226
v -0.407885 -0.064936 0.519853
v -0.407885 -0.064936 0.519853
v -0.407885 -0.064936 0.525226
v -0.406258 -0.062819 0.519853
v -0.406258 -0.062819 0.519853
v -0.406258 -0.062819 0.525226
v -0.405564 -0.060240 0.519853
v -0.405564 -0.060240 0.519853
v -0.405564 -0.060240 0.525226
v -0.405911 -0.057591 0.525226
v -0.405911 -0.057591 0.519853
v -0.405911 -0.057591 0.525226
v -0.409361 -0.053650 0.519853
v -0.407244 -0.055277 0.525226
v -0.407244 -0.055277 0.519853
v -0.407244 -0.055277 0.525226
v -0.409361 -0.053650 0.519853
v -0.409361 -0.053650 0.525226
v -0.412848 -0.066615 0.525226
v -0.417544 -0.064294 0.525226
v -0.415427 -0.065922 0.525226
v -0.417544 -0.064294 0.525226
v -0.412848 -0.066615 0.525226
v -0.410199 -0.066269 0.525226
v -0.417544 -0.064294 0.525226
v -0.410199 -0.066269 0.525226
v -0.418877 -0.061980 0.525226
v -0.418877 -0.061980 0.525226
v -0.410199 -0.066269 0.525226
v -0.410199 -0.066269 0.525226
v -0.410199 -0.066269 0.525226
v -0.410199 -0.066269 0.525226
v -0.407885 -0.064936 0.525226
v -0.407885 -0.064936 0.525226
v -0.407885 -0.064936 0.525226
v -0.407885 -0.064936 0.525226
v -0.406258 -0.062819 0.525226
v -0.406258 -0.062819 0.525226
v -0.406258 -0.062819 0.525226
v -0.406258 -0.062819 0.525226
v -0.406258 -0.062819 0.525226
v -0.405564 -0.060240 0.525226
v -0.405564 -0.060240 0.525226
v -0.405564 -0.060240 0.525226
v -0.405564 -0.060240 0.525226
v -0.405564 -0.060240 0.525226
v -0.405911 -0.057591 0.525226
v -0.405911 -0.057591 0.525226
v -0.405911 -0.057591 0.525226
v -0.405911 -0.057591 0.525226
v -0.418877 -0.061980 0.525226
v -0.419223 -0.059332 0.525226
v -0.418877 -0.061980 0.525226
v -0.419223 -0.059332 0.525226
v -0.419223 -0.059332 0.525226
v -0.419223 -0.059332 0.525226
v -0.419223 -0.059332 0.525226
v -0.418530 -0.056753 0.525226
v -0.418530 -0.056753 0.525226
v -0.418530 -0.056753 0.525226
v -0.418530 -0.056753 0.525226
v -0.418530 -0.056753 0.525226
v -0.416902 -0.054636 0.525226
v -0.416902 -0.054636 0.525226
v -0.416902 -0.054636 0.525226
v -0.416902 -0.054636 0.525226
v -0.416902 -0.054636 0.525226
v -0.414588 -0.053303 0.525226
v -0.414588 -0.053303 0.525226
v -0.414588 -0.053303 0.525226
v -0.414588 -0.053303 0.525226
v -0.414588 -0.053303 0.525226
v -0.414588 -0.053303 0.525226
v -0.405911 -0.057591 0.525226
v -0.414588 -0.053303 0.525226
v -0.405911 -0.057591 0.525226
v -0.407244 -0.055277 0.525226
v -0.414588 -0.053303 0.525226
v -0.407244 -0.055277 0.525226
v -0.411940 -0.052956 0.525226
v -0.411940 -0.052956 0.525226
v -0.407244 -0.055277 0.525226
v -0.409361 -0.053650 0.525226
v -0.215607 -0.215906 0.516768
v -0.213717 -0.214020 0.522140
v -0.213717 -0.214020 0.516768
v -0.215607 -0.215906 0.522140
v -0.216631 -0.218373 0.516768
v -0.216631 -0.218373 0.522140
v -0.216634 -0.221043 0.522140
v -0.216634 -0.221043 0.516768
v -0.215614 -0.223512 0.522140
v -0.215614 -0.223512 0.516768
v -0.213727 -0.225402 0.522140
v -0.213727 -0.225402 0.516768
v -0.211261 -0.226426 0.522140
v -0.211261 -0.226426 0.516768
v -0.208590 -0.226428 0.516768
v -0.208590 -0.226428 0.522140
v -0.206122 -0.225408 0.516768
v -0.206122 -0.225408 0.522140
v -0.204232 -0.223522 0.516768
v -0.204232 -0.223522 0.522140
v -0.203208 -0.221055 0.516768
v -0.203208 -0.221055 0.522140
v -0.203205 -0.218385 0.522140
v -0.203205 -0.218385 0.516768
v -0.204225 -0.215916 0.522140
v -0.204225 -0.215916 0.516768
v -0.206112 -0.214026 0.522140
v -0.206112 -0.214026 0.516768
v -0.208578 -0.213002 0.522140
v -0.208578 -0.213002 0.516768
v -0.211249 -0.213000 0.516768
v -0.211249 -0.213000 0.522140
v -0.207473 -0.223764 0.522140
v -0.206508 -0.222993 0.522140
v -0.205776 -0.221998 0.522140
v -0.207307 -0.223631 0.522140
v -0.205326 -0.220848 0.522140
v -0.205189 -0.219620 0.522140
v -0.205374 -0.218399 0.522140
v -0.205869 -0.217268 0.522140
v -0.206002 -0.217102 0.522140
v -0.206641 -0.216303 0.522140
v -0.207635 -0.215570 0.522140
v -0.208785 -0.215120 0.522140
v -0.210013 -0.214983 0.522140
v -0.211234 -0.215169 0.522140
v -0.212366 -0.215664 0.522140
v -0.208605 -0.224259 0.522140
v -0.209826 -0.224445 0.522140
v -0.211053 -0.224308 0.522140
v -0.212204 -0.223857 0.522140
v -0.213198 -0.223125 0.522140
v -0.213837 -0.222326 0.522140
v -0.213969 -0.222160 0.522140
v -0.214465 -0.221029 0.522140
v -0.214650 -0.219808 0.522140
v -0.214513 -0.218580 0.522140
v -0.214063 -0.217430 0.522140
v -0.213331 -0.216435 0.522140
v -0.212532 -0.215797 0.522140
v -0.215607 -0.215906 0.522140
v -0.215607 -0.215906 0.516768
v -0.215607 -0.215906 0.522140
v -0.216631 -0.218373 0.516768
v -0.216631 -0.218373 0.516768
v -0.216631 -0.218373 0.522140
v -0.216634 -0.221043 0.516768
v -0.216634 -0.221043 0.516768
v -0.216634 -0.221043 0.522140
v -0.215614 -0.223512 0.516768
v -0.215614 -0.223512 0.516768
v -0.215614 -0.223512 0.522140
v -0.213727 -0.225402 0.516768
v -0.213727 -0.225402 0.516768
v -0.213727 -0.225402 0.522140
v -0.211261 -0.226426 0.522140
v -0.211261 -0.226426 0.522140
v -0.211261 -0.226426 0.516768
v -0.208590 -0.226428 0.522140
v -0.208590 -0.226428 0.522140
v -0.208590 -0.226428 0.516768
v -0.206122 -0.225408 0.522140
v -0.206122 -0.225408 0.522140
v -0.206122 -0.225408 0.516768
v -0.204232 -0.223522 0.522140
v -0.204232 -0.223522 0.522140
v -0.204232 -0.223522 0.516768
v -0.203208 -0.221055 0.516768
v -0.203208 -0.221055 0.516768
v -0.203208 -0.221055 0.522140
v -0.203205 -0.218385 0.516768
v -0.203205 -0.218385 0.516768
v -0.203205 -0.218385 0.522140
v -0.204225 -0.215916 0.516768
v -0.204225 -0.215916 0.516768
v -0.204225 -0.215916 0.522140
v -0.206112 -0.214026 0.516768
v -0.206112 -0.214026 0.516768
v -0.206112 -0.214026 0.522140
v -0.208578 -0.213002 0.522140
v -0.208578 -0.213002 0.516768
v -0.208578 -0.213002 0.522140
v -0.213717 -0.214020 0.516768
v -0.211249 -0.213000 0.522140
v -0.211249 -0.213000 0.516768
v -0.211249 -0.213000 0.522140
v -0.213717 -0.214020 0.516768
v -0.213717 -0.214020 0.522140
v -0.204232 -0.223522 0.522140
v -0.208590 -0.226428 0.522140
v -0.206122 -0.225408 0.522140
v -0.208590 -0.226428 0.522140
v -0.204232 -0.223522 0.522140
v -0.203208 -0.221055 0.522140
v -0.208590 -0.226428 0.522140
v -0.203208 -0.221055 0.522140
v -0.211261 -0.226426 0.522140
v -0.211261 -0.226426 0.522140
v -0.203208 -0.221055 0.522140
v -0.203208 -0.221055 0.522140
v -0.203208 -0.221055 0.522140
v -0.203208 -0.221055 0.522140
v -0.203205 -0.218385 0.522140
v -0.203205 -0.218385 0.522140
v -0.203205 -0.218385 0.522140
v -0.203205 -0.218385 0.522140
v -0.204225 -0.215916 0.522140
v -0.204225 -0.215916 0.522140
v -0.204225 -0.215916 0.522140
v -0.204225 -0.215916 0.522140
v -0.204225 -0.215916 0.522140
v -0.206112 -0.214026 0.522140
v -0.206112 -0.214026 0.522140
v -0.206112 -0.214026 0.522140
v -0.206112 -0.214026 0.522140
v -0.206112 -0.214026 0.522140
v -0.208578 -0.213002 0.522140
v -0.208578 -0.213002 0.522140
v -0.208578 -0.213002 0.522140
v -0.208578 -0.213002 0.522140
v -0.211261 -0.226426 0.522140
v -0.213727 -0.225402 0.522140
v -0.211261 -0.226426 0.522140
v -0.213727 -0.225402 0.522140
v -0.213727 -0.225402 0.522140
v -0.213727 -0.225402 0.522140
v -0.213727 -0.225402 0.522140
v -0.215614 -0.223512 0.522140
v -0.215614 -0.223512 0.522140
v -0.215614 -0.223512 0.522140
v -0.215614 -0.223512 0.522140
v -0.215614 -0.223512 0.522140
v -0.216634 -0.221043 0.522140
v -0.216634 -0.221043 0.522140
v -0.216634 -0.221043 0.522140
v -0.216634 -0.221043 0.522140
v -0.216634 -0.221043 0.522140
v -0.216631 -0.218373 0.522140
v -0.216631 -0.218373 0.522140
v -0.216631 -0.218373 0.522140
v -0.216631 -0.218373 0.522140
v -0.216631 -0.218373 0.522140
v -0.216631 -0.218373 0.522140
v -0.208578 -0.213002 0.522140
v -0.216631 -0.218373 0.522140
v -0.208578 -0.213002 0.522140
v -0.211249 -0.213000 0.522140
v -0.216631 -0.218373 0.522140
v -0.211249 -0.213000 0.522140
v -0.215607 -0.215906 0.522140
v -0.215607 -0.215906 0.522140
v -0.211249 -0.213000 0.522140
v -0.213717 -0.214020 0.522140
v -0.224104 -0.203166 0.516768
v -0.222214 -0.201280 0.522140
v -0.222214 -0.201280 0.516768
v -0.224104 -0.203166 0.522140
v -0.225128 -0.205633 0.516768
v -0.225128 -0.205633 0.522140
v -0.225130 -0.208303 0.522140
v -0.225130 -0.208303 0.516768
v -0.224110 -0.210772 0.522140
v -0.224110 -0.210772 0.516768
v -0.222224 -0.212662 0.522140
v -0.222224 -0.212662 0.516768
v -0.219757 -0.213686 0.522140
v -0.219757 -0.213686 0.516768
v -0.217087 -0.213688 0.516768
v -0.217087 -0.213688 0.522140
v -0.214618 -0.212668 0.516768
v -0.214618 -0.212668 0.522140
v -0.212728 -0.210781 0.516768
v -0.212728 -0.210781 0.522140
v -0.211704 -0.208315 0.516768
v -0.211704 -0.208315 0.522140
v -0.211702 -0.205644 0.522140
v -0.211702 -0.205644 0.516768
v -0.212722 -0.203176 0.522140
v -0.212722 -0.203176 0.516768
v -0.214608 -0.201286 0.522140
v -0.214608 -0.201286 0.516768
v -0.217075 -0.200262 0.522140
v -0.217075 -0.200262 0.516768
v -0.219745 -0.200260 0.516768
v -0.219745 -0.200260 0.522140
v -0.215970 -0.211024 0.522140
v -0.215005 -0.210253 0.522140
v -0.214273 -0.209258 0.522140
v -0.215804 -0.210891 0.522140
v -0.213823 -0.208108 0.522140
v -0.213686 -0.206880 0.522140
v -0.213871 -0.205659 0.522140
v -0.214366 -0.204528 0.522140
v -0.214499 -0.204361 0.522140
v -0.215137 -0.203563 0.522140
v -0.216132 -0.202830 0.522140
v -0.217282 -0.202380 0.522140
v -0.218510 -0.202243 0.522140
v -0.219731 -0.202429 0.522140
v -0.220862 -0.202924 0.522140
v -0.217101 -0.211519 0.522140
v -0.218323 -0.211704 0.522140
v -0.219550 -0.211567 0.522140
v -0.220700 -0.211117 0.522140
v -0.221695 -0.210385 0.522140
v -0.222333 -0.209586 0.522140
v -0.222466 -0.209420 0.522140
v -0.222961 -0.208289 0.522140
v -0.223147 -0.207067 0.522140
v -0.223010 -0.205840 0.522140
v -0.222560 -0.204690 0.522140
v -0.221827 -0.203695 0.522140
v -0.221028 -0.203057 0.522140
v -0.224104 -0.203166 0.522140
v -0.224104 -0.203166 0.516768
v -0.224104 -0.203166 0.522140
v -0.225128 -0.205633 0.516768
v -0.225128 -0.205633 0.516768
v -0.225128 -0.205633 0.522140
v -0.225130 -0.208303 0.516768
v -0.225130 -0.208303 0.516768
v -0.225130 -0.208303 0.522140
v -0.224110 -0.210772 0.516768
v -0.224110 -0.210772 0.516768
v -0.224110 -0.210772 0.522140
v -0.222224 -0.212662 0.516768
v -0.222224 -0.212662 0.516768
v -0.222224 -0.212662 0.522140
v -0.219757 -0.213686 0.522140
v -0.219757 -0.213686 0.522140
v -0.219757 -0.213686 0.516768
v -0.217087 -0.213688 0.522140
v -0.217087 -0.213688 0.522140
v -0.217087 -0.213688 0.516768
v -0.214618 -0.212668 0.522140
v -0.214618 -0.212668 0.522140
v -0.214618 -0.212668 0.516768
v -0.212728 -0.210781 0.522140
v -0.212728 -0.210781 0.522140
v -0.212728 -0.210781 0.516768
v -0.211704 -0.208315 0.516768
v -0.211704 -0.208315 0.516768
v -0.211704 -0.208315 0.522140
v -0.211702 -0.205644 0.516768
v -0.211702 -0.205644 0.516768
v -0.211702 -0.205644 0.522140
v -0.212722 -0.203176 0.516768
v -0.212722 -0.203176 0.516768
v -0.212722 -0.203176 0.522140
v -0.214608 -0.201286 0.516768
v -0.214608 -0.201286 0.516768
v -0.214608 -0.201286 0.522140
v -0.217075 -0.200262 0.522140
v -0.217075 -0.200262 0.516768
v -0.217075 -0.200262 0.522140
v -0.222214 -0.201280 0.516768
v -0.219745 -0.200260 0.522140
v -0.219745 -0.200260 0.516768
v -0.219745 -0.200260 0.522140
v -0.222214 -0.201280 0.516768
v -0.222214 -0.201280 0.522140
v -0.212728 -0.210781 0.522140
v -0.217087 -0.213688 0.522140
v -0.214618 -0.212668 0.522140
v -0.217087 -0.213688 0.522140
v -0.212728 -0.210781 0.522140
v -0.211704 -0.208315 0.522140
v -0.217087 -0.213688 0.522140
v -0.211704 -0.208315 0.522140
v -0.219757 -0.213686 0.522140
v -0.219757 -0.213686 0.522140
v -0.211704 -0.208315 0.522140
v -0.211704 -0.208315 0.522140
v -0.211704 -0.208315 0.522140
v -0.211704 -0.208315 0.522140
v -0.211702 -0.205644 0.522140
v -0.211702 -0.205644 0.522140
v -0.211702 -0.205644 0.522140
v -0.211702 -0.205644 0.522140
v -0.212722 -0.203176 0.522140
v -0.212722 -0.203176 0.522140
v -0.212722 -0.203176 0.522140
v -0.212722 -0.203176 0.522140
v -0.212722 -0.203176 0.522140
v -0.214608 -0.201286 0.522140
v -0.214608 -0.201286 0.522140
v -0.214608 -0.201286 0.522140
v -0.214608 -0.201286 0.522140
v -0.214608 -0.201286 0.522140
v -0.217075 -0.200262 0.522140
v -0.217075 -0.200262 0.522140
v -0.217075 -0.200262 0.522140
v -0.217075 -0.200262 0.522140
v -0.219757 -0.213686 0.522140
v -0.222224 -0.212662 0.522140
v -0.219757 -0.213686 0.522140
v -0.222224 -0.212662 0.522140
v -0.222224 -0.212662 0.522140
v -0.222224 -0.212662 0.522140
v -0.222224 -0.212662 0.522140
v -0.224110 -0.210772 0.522140
v -0.224110 -0.210772 0.522140
v -0.224110 -0.210772 0.522140
v -0.224110 -0.210772 0.522140
v -0.224110 -0.210772 0.522140
v -0.225130 -0.208303 0.522140
v -0.225130 -0.208303 0.522140
v -0.225130 -0.208303 0.522140
v -0.225130 -0.208303 0.522140
v -0.225130 -0.208303 0.522140
v -0.225128 -0.205633 0.522140
v -0.225128 -0.205633 0.522140
v -0.225128 -0.205633 0.522140
v -0.225128 -0.205633 0.522140
v -0.225128 -0.205633 0.522140
v -0.225128 -0.205633 0.522140
v -0.217075 -0.200262 0.522140
v -0.225128 -0.205633 0.522140
v -0.217075 -0.200262 0.522140
v -0.219745 -0.200260 0.522140
v -0.225128 -0.205633 0.522140
v -0.219745 -0.200260 0.522140
v -0.224104 -0.203166 0.522140
v -0.224104 -0.203166 0.522140
v -0.219745 -0.200260 0.522140
v -0.222214 -0.201280 0.522140
v -0.220022 0.002783 0.516709
v -0.217429 0.003422 0.522082
v -0.217429 0.003422 0.516709
v -0.220022 0.002783 0.522082
v -0.222173 0.001200 0.516709
v -0.222173 0.001200 0.522082
v -0.223555 -0.001085 0.522082
v -0.223555 -0.001085 0.516709
v -0.223956 -0.003725 0.522082
v -0.223956 -0.003725 0.516709
v -0.223317 -0.006318 0.522082
v -0.223317 -0.006318 0.516709
v -0.221734 -0.008469 0.522082
v -0.221734 -0.008469 0.516709
v -0.219449 -0.009851 0.516709
v -0.219449 -0.009851 0.522082
v -0.216808 -0.010252 0.516709
v -0.216808 -0.010252 0.522082
v -0.214216 -0.009613 0.516709
v -0.214216 -0.009613 0.522082
v -0.212065 -0.008030 0.516709
v -0.212065 -0.008030 0.522082
v -0.210683 -0.005745 0.522082
v -0.210683 -0.005745 0.516709
v -0.210282 -0.003105 0.522082
v -0.210282 -0.003105 0.516709
v -0.210921 -0.000512 0.522082
v -0.210921 -0.000512 0.516709
v -0.212504 0.001639 0.522082
v -0.212504 0.001639 0.516709
v -0.214789 0.003021 0.516709
v -0.214789 0.003021 0.522082
v -0.217116 -0.008146 0.522082
v -0.215892 -0.007985 0.522082
v -0.214751 -0.007511 0.522082
v -0.216905 -0.008119 0.522082
v -0.213771 -0.006759 0.522082
v -0.213020 -0.005778 0.522082
v -0.212548 -0.004637 0.522082
v -0.212388 -0.003412 0.522082
v -0.212415 -0.003201 0.522082
v -0.212549 -0.002188 0.522082
v -0.213023 -0.001047 0.522082
v -0.213775 -0.000067 0.522082
v -0.214756 0.000684 0.522082
v -0.215897 0.001156 0.522082
v -0.217122 0.001316 0.522082
v -0.218341 -0.007986 0.522082
v -0.219482 -0.007514 0.522082
v -0.220463 -0.006763 0.522082
v -0.221215 -0.005783 0.522082
v -0.221688 -0.004642 0.522082
v -0.221823 -0.003629 0.522082
v -0.221850 -0.003418 0.522082
v -0.221690 -0.002193 0.522082
v -0.221218 -0.001052 0.522082
v -0.220467 -0.000071 0.522082
v -0.219487 0.000681 0.522082
v -0.218346 0.001155 0.522082
v -0.217333 0.001289 0.522082
v -0.220022 0.002783 0.522082
v -0.220022 0.002783 0.516709
v -0.220022 0.002783 0.522082
v -0.222173 0.001200 0.516709
v -0.222173 0.001200 0.516709
v -0.222173 0.001200 0.522082
v -0.223555 -0.001085 0.516709
v -0.223555 -0.001085 0.516709
v -0.223555 -0.001085 0.522082
v -0.223956 -0.003725 0.516709
v -0.223956 -0.003725 0.516709
v -0.223956 -0.003725 0.522082
v -0.223317 -0.006318 0.516709
v -0.223317 -0.006318 0.516709
v -0.223317 -0.006318 0.522082
v -0.221734 -0.008469 0.522082
v -0.221734 -0.008469 0.522082
v -0.221734 -0.008469 0.516709
v -0.219449 -0.009851 0.522082
v -0.219449 -0.009851 0.522082
v -0.219449 -0.009851 0.516709
v -0.216808 -0.010252 0.522082
v -0.216808 -0.010252 0.522082
v -0.216808 -0.010252 0.516709
v -0.214216 -0.009613 0.522082
v -0.214216 -0.009613 0.522082
v -0.214216 -0.009613 0.516709
v -0.212065 -0.008030 0.516709
v -0.212065 -0.008030 0.516709
v -0.212065 -0.008030 0.522082
v -0.210683 -0.005745 0.516709
v -0.210683 -0.005745 0.516709
v -0.210683 -0.005745 0.522082
v -0.210282 -0.003105 0.516709
v -0.210282 -0.003105 0.516709
v -0.210282 -0.003105 0.522082
v -0.210921 -0.000512 0.516709
v -0.210921 -0.000512 0.516709
v -0.210921 -0.000512 0.522082
v -0.212504 0.001639 0.522082
v -0.212504 0.001639 0.516709
v -0.212504 0.001639 0.522082
v -0.217429 0.003422 0.516709
v -0.214789 0.003021 0.522082
v -0.214789 0.003021 0.516709
v -0.214789 0.003021 0.522082
v -0.217429 0.003422 0.516709
v -0.217429 0.003422 0.522082
v -0.214216 -0.009613 0.522082
v -0.219449 -0.009851 0.522082
v -0.216808 -0.010252 0.522082
v -0.219449 -0.009851 0.522082
v -0.214216 -0.009613 0.522082
v -0.212065 -0.008030 0.522082
v -0.219449 -0.009851 0.522082
v -0.212065 -0.008030 0.522082
v -0.221734 -0.008469 0.522082
v -0.221734 -0.008469 0.522082
v -0.212065 -0.008030 0.522082
v -0.212065 -0.008030 0.522082
v -0.212065 -0.008030 0.522082
v -0.212065 -0.008030 0.522082
v -0.210683 -0.005745 0.522082
v -0.210683 -0.005745 0.522082
v -0.210683 -0.005745 0.522082
v -0.210683 -0.005745 0.522082
v -0.210282 -0.003105 0.522082
v -0.210282 -0.003105 0.522082
v -0.210282 -0.003105 0.522082
v -0.210282 -0.003105 0.522082
v -0.210282 -0.003105 0.522082
v -0.210921 -0.000512 0.522082
v -0.210921 -0.000512 0.522082
v -0.210921 -0.000512 0.522082
v -0.210921 -0.000512 0.522082
v -0.210921 -0.000512 0.522082
v -0.212504 0.001639 0.522082
v -0.212504 0.001639 0.522082
v -0.212504 0.001639 0.522082
v -0.212504 0.001639 0.522082
v -0.221734 -0.008469 0.522082
v -0.223317 -0.006318 0.522082
v -0.221734 -0.008469 0.522082
v -0.223317 -0.006318 0.522082
v -0.223317 -0.006318 0.522082
v -0.223317 -0.006318 0.522082
v -0.223317 -0.006318 0.522082
v -0.223956 -0.003725 0.522082
v -0.223956 -0.003725 0.522082
v -0.223956 -0.003725 0.522082
v -0.223956 -0.003725 0.522082
v -0.223956 -0.003725 0.522082
v -0.223555 -0.001085 0.522082
v -0.223555 -0.001085 0.522082
v -0.223555 -0.001085 0.522082
v -0.223555 -0.001085 0.522082
v -0.223555 -0.001085 0.522082
v -0.222173 0.001200 0.522082
v -0.222173 0.001200 0.522082
v -0.222173 0.001200 0.522082
v -0.222173 0.001200 0.522082
v -0.222173 0.001200 0.522082
v -0.222173 0.001200 0.522082
v -0.212504 0.001639 0.522082
v -0.222173 0.001200 0.522082
v -0.212504 0.001639 0.522082
v -0.214789 0.003021 0.522082
v -0.222173 0.001200 0.522082
v -0.214789 0.003021 0.522082
v -0.220022 0.002783 0.522082
v -0.220022 0.002783 0.522082
v -0.214789 0.003021 0.522082
v -0.217429 0.003422 0.522082
v -0.208032 0.011144 0.516768
v -0.205439 0.011783 0.522140
v -0.205439 0.011783 0.516768
v -0.208032 0.011144 0.522140
v -0.210183 0.009561 0.516768
v -0.210183 0.009561 0.522140
v -0.211565 0.007275 0.522140
v -0.211565 0.007275 0.516768
v -0.211966 0.004635 0.522140
v -0.211966 0.004635 0.516768
v -0.211327 0.002042 0.522140
v -0.211327 0.002042 0.516768
v -0.209744 -0.000109 0.522140
v -0.209744 -0.000109 0.516768
v -0.207459 -0.001490 0.516768
v -0.207459 -0.001490 0.522140
v -0.204819 -0.001892 0.516768
v -0.204819 -0.001892 0.522140
v -0.202226 -0.001253 0.516768
v -0.202226 -0.001253 0.522140
v -0.200075 0.000330 0.516768
v -0.200075 0.000330 0.522140
v -0.198693 0.002616 0.522140
v -0.198693 0.002616 0.516768
v -0.198292 0.005256 0.522140
v -0.198292 0.005256 0.516768
v -0.198931 0.007849 0.522140
v -0.198931 0.007849 0.516768
v -0.200514 0.010000 0.522140
v -0.200514 0.010000 0.516768
v -0.202799 0.011381 0.516768
v -0.202799 0.011381 0.522140
v -0.205126 0.000214 0.522140
v -0.203902 0.000376 0.522140
v -0.202761 0.000849 0.522140
v -0.204915 0.000242 0.522140
v -0.201781 0.001602 0.522140
v -0.201030 0.002582 0.522140
v -0.200558 0.003723 0.522140
v -0.200398 0.004948 0.522140
v -0.200425 0.005159 0.522140
v -0.200559 0.006173 0.522140
v -0.201033 0.007313 0.522140
v -0.201785 0.008293 0.522140
v -0.202766 0.009044 0.522140
v -0.203907 0.009516 0.522140
v -0.205132 0.009677 0.522140
v -0.206351 0.000374 0.522140
v -0.207492 0.000847 0.522140
v -0.208473 0.001598 0.522140
v -0.209225 0.002577 0.522140
v -0.209699 0.003718 0.522140
v -0.209833 0.004732 0.522140
v -0.209860 0.004943 0.522140
v -0.209700 0.006167 0.522140
v -0.209228 0.007309 0.522140
v -0.208477 0.008289 0.522140
v -0.207497 0.009042 0.522140
v -0.206356 0.009515 0.522140
v -0.205343 0.009649 0.522140
v -0.208032 0.011144 0.522140
v -0.208032 0.011144 0.516768
v -0.208032 0.011144 0.522140
v -0.210183 0.009561 0.516768
v -0.210183 0.009561 0.516768
v -0.210183 0.009561 0.522140
v -0.211565 0.007275 0.516768
v -0.211565 0.007275 0.516768
v -0.211565 0.007275 0.522140
v -0.211966 0.004635 0.516768
v -0.211966 0.004635 0.516768
v -0.211966 0.004635 0.522140
v -0.211327 0.002042 0.516768
v -0.211327 0.002042 0.516768
v -0.211327 0.002042 0.522140
v -0.209744 -0.000109 0.522140
v -0.209744 -0.000109 0.522140
v -0.209744 -0.000109 0.516768
v -0.207459 -0.001490 0.522140
v -0.207459 -0.001490 0.522140
v -0.207459 -0.001490 0.516768
v -0.204819 -0.001892 0.522140
v -0.204819 -0.001892 0.522140
v -0.204819 -0.001892 0.516768
v -0.202226 -0.001253 0.522140
v -0.202226 -0.001253 0.522140
v -0.202226 -0.001253 0.516768
v -0.200075 0.000330 0.516768
v -0.200075 0.000330 0.516768
v -0.200075 0.000330 0.522140
v -0.198693 0.002616 0.516768
v -0.198693 0.002616 0.516768
v -0.198693 0.002616 0.522140
v -0.198292 0.005256 0.516768
v -0.198292 0.005256 0.516768
v -0.198292 0.005256 0.522140
v -0.198931 0.007849 0.516768
v -0.198931 0.007849 0.516768
v -0.198931 0.007849 0.522140
v -0.200514 0.010000 0.522140
v -0.200514 0.010000 0.516768
v -0.200514 0.010000 0.522140
v -0.205439 0.011783 0.516768
v -0.202799 0.011381 0.522140
v -0.202799 0.011381 0.516768
v -0.202799 0.011381 0.522140
v -0.205439 0.011783 0.516768
v -0.205439 0.011783 0.522140
v -0.202226 -0.001253 0.522140
v -0.207459 -0.001490 0.522140
v -0.204819 -0.001892 0.522140
v -0.207459 -0.001490 0.522140
v -0.202226 -0.001253 0.522140
v -0.200075 0.000330 0.522140
v -0.207459 -0.001490 0.522140
v -0.200075 0.000330 0.522140
v -0.209744 -0.000109 0.522140
v -0.209744 -0.000109 0.522140
v -0.200075 0.000330 0.522140
v -0.200075 0.000330 0.522140
v -0.200075 0.000330 0.522140
v -0.200075 0.000330 0.522140
v -0.198693 0.002616 0.522140
v -0.198693 0.002616 0.522140
v -0.198693 0.002616 0.522140
v -0.198693 0.002616 0.522140
v -0.198292 0.005256 0.522140
v -0.198292 0.005256 0.522140
v -0.198292 0.005256 0.522140
v -0.198292 0.005256 0.522140
v -0.198292 0.005256 0.522140
v -0.198931 0.007849 0.522140
v -0.198931 0.007849 0.522140
v -0.198931 0.007849 0.522140
v -0.198931 0.007849 0.522140
v -0.198931 0.007849 0.522140
v -0.200514 0.010000 0.522140
v -0.200514 0.010000 0.522140
v -0.200514 0.010000 0.522140
v -0.200514 0.010000 0.522140
v -0.209744 -0.000109 0.522140
v -0.211327 0.002042 0.522140
v -0.209744 -0.000109 0.522140
v -0.211327 0.002042 0.522140
v -0.211327 0.002042 0.522140
v -0.211327 0.002042 0.522140
v -0.211327 0.002042 0.522140
v -0.211966 0.004635 0.522140
v -0.211966 0.004635 0.522140
v -0.211966 0.004635 0.522140
v -0.211966 0.004635 0.522140
v -0.211966 0.004635 0.522140
v -0.211565 0.007275 0.522140
v -0.211565 0.007275 0.522140
v -0.211565 0.007275 0.522140
v -0.211565 0.007275 0.522140
v -0.211565 0.007275 0.522140
v -0.210183 0.009561 0.522140
v -0.210183 0.009561 0.522140
v -0.210183 0.009561 0.522140
v -0.210183 0.009561 0.522140
v -0.210183 0.009561 0.522140
v -0.210183 0.009561 0.522140
v -0.200514 0.010000 0.522140
v -0.210183 0.009561 0.522140
v -0.200514 0.010000 0.522140
v -0.202799 0.011381 0.522140
v -0.210183 0.009561 0.522140
v -0.202799 0.011381 0.522140
v -0.208032 0.011144 0.522140
v -0.208032 0.011144 0.522140
v -0.202799 0.011381 0.522140
v -0.205439 0.011783 0.522140
v -0.181258 0.029874 0.516768
v -0.178665 0.030513 0.522140
v -0.178665 0.030513 0.516768
v -0.181258 0.029874 0.522140
v -0.183409 0.028291 0.516768
v -0.183409 0.028291 0.522140
v -0.184791 0.026005 0.522140
v -0.184791 0.026005 0.516768
v -0.185192 0.023365 0.522140
v -0.185192 0.023365 0.516768
v -0.184553 0.020772 0.522140
v -0.184553 0.020772 0.516768
v -0.182970 0.018621 0.522140
v -0.182970 0.018621 0.516768
v -0.180685 0.017240 0.516768
v -0.180685 0.017240 0.522140
v -0.178045 0.016838 0.516768
v -0.178045 0.016838 0.522140
v -0.175452 0.017477 0.516768
v -0.175452 0.017477 0.522140
v -0.173301 0.019060 0.516768
v -0.173301 0.019060 0.522140
v -0.171919 0.021346 0.522140
v -0.171919 0.021346 0.516768
v -0.171518 0.023986 0.522140
v -0.171518 0.023986 0.516768
v -0.172157 0.026579 0.522140
v -0.172157 0.026579 0.516768
v -0.173740 0.028730 0.522140
v -0.173740 0.028730 0.516768
v -0.176025 0.030111 0.516768
v -0.176025 0.030111 0.522140
v -0.178352 0.018944 0.522140
v -0.177128 0.019106 0.522140
v -0.175987 0.019579 0.522140
v -0.178141 0.018972 0.522140
v -0.175007 0.020332 0.522140
v -0.174256 0.021312 0.522140
v -0.173784 0.022453 0.522140
v -0.173624 0.023678 0.522140
v -0.173651 0.023889 0.522140
v -0.173785 0.024903 0.522140
v -0.174259 0.026043 0.522140
v -0.175011 0.027023 0.522140
v -0.175992 0.027774 0.522140
v -0.177133 0.028246 0.522140
v -0.178358 0.028407 0.522140
v -0.179577 0.019104 0.522140
v -0.180718 0.019576 0.522140
v -0.181699 0.020328 0.522140
v -0.182451 0.021307 0.522140
v -0.182924 0.022448 0.522140
v -0.183059 0.023462 0.522140
v -0.183086 0.023673 0.522140
v -0.182926 0.024897 0.522140
v -0.182454 0.026039 0.522140
v -0.181703 0.027019 0.522140
v -0.180723 0.027772 0.522140
v -0.179582 0.028245 0.522140
v -0.178569 0.028379 0.522140
v -0.181258 0.029874 0.522140
v -0.181258 0.029874 0.516768
v -0.181258 0.029874 0.522140
v -0.183409 0.028291 0.516768
v -0.183409 0.028291 0.516768
v -0.183409 0.028291 0.522140
v -0.184791 0.026005 0.516768
v -0.184791 0.026005 0.516768
v -0.184791 0.026005 0.522140
v -0.185192 0.023365 0.516768
v -0.185192 0.023365 0.516768
v -0.185192 0.023365 0.522140
v -0.184553 0.020772 0.516768
v -0.184553 0.020772 0.516768
v -0.184553 0.020772 0.522140
v -0.182970 0.018621 0.522140
v -0.182970 0.018621 0.522140
v -0.182970 0.018621 0.516768
v -0.180685 0.017240 0.522140
v -0.180685 0.017240 0.522140
v -0.180685 0.017240 0.516768
v -0.178045 0.016838 0.522140
v -0.178045 0.016838 0.522140
v -0.178045 0.016838 0.516768
v -0.175452 0.017477 0.522140
v -0.175452 0.017477 0.522140
v -0.175452 0.017477 0.516768
v -0.173301 0.019060 0.516768
v -0.173301 0.019060 0.516768
v -0.173301 0.019060 0.522140
v -0.171919 0.021346 0.516768
v -0.171919 0.021346 0.516768
v -0.171919 0.021346 0.522140
v -0.171518 0.023986 0.516768
v -0.171518 0.023986 0.516768
v -0.171518 0.023986 0.522140
v -0.172157 0.026579 0.516768
v -0.172157 0.026579 0.516768
v -0.172157 0.026579 0.522140
v -0.173740 0.028730 0.522140
v -0.173740 0.028730 0.516768
v -0.173740 0.028730 0.522140
v -0.178665 0.030513 0.516768
v -0.176025 0.030111 0.522140
v -0.176025 0.030111 0.516768
v -0.176025 0.030111 0.522140
v -0.178665 0.030513 0.516768
v -0.178665 0.030513 0.522140
v -0.175452 0.017477 0.522140
v -0.180685 0.017240 0.522140
v -0.178045 0.016838 0.522140
v -0.180685 0.017240 0.522140
v -0.175452 0.017477 0.522140
v -0.173301 0.019060 0.522140
v -0.180685 0.017240 0.522140
v -0.173301 0.019060 0.522140
v -0.182970 0.018621 0.522140
v -0.182970 0.018621 0.522140
v -0.173301 0.019060 0.522140
v -0.173301 0.019060 0.522140
v -0.173301 0.019060 0.522140
v -0.173301 0.019060 0.522140
v -0.171919 0.021346 0.522140
v -0.171919 0.021346 0.522140
v -0.171919 0.021346 0.522140
v -0.171919 0.021346 0.522140
v -0.171518 0.023986 0.522140
v -0.171518 0.023986 0.522140
v -0.171518 0.023986 0.522140
v -0.171518 0.023986 0.522140
v -0.171518 0.023986 0.522140
v -0.172157 0.026579 0.522140
v -0.172157 0.026579 0.522140
v -0.172157 0.026579 0.522140
v -0.172157 0.026579 0.522140
v -0.172157 0.026579 0.522140
v -0.173740 0.028730 0.522140
v -0.173740 0.028730 0.522140
v -0.173740 0.028730 0.522140
v -0.173740 0.028730 0.522140
v -0.182970 0.018621 0.522140
v -0.184553 0.020772 0.522140
v -0.182970 0.018621 0.522140
v -0.184553 0.020772 0.522140
v -0.184553 0.020772 0.522140
v -0.184553 0.020772 0.522140
v -0.184553 0.020772 0.522140
v -0.185192 0.023365 0.522140
v -0.185192 0.023365 0.522140
v -0.185192 0.023365 0.522140
v -0.185192 0.023365 0.522140
v -0.185192 0.023365 0.522140
v -0.184791 0.026005 0.522140
v -0.184791 0.026005 0.522140
v -0.184791 0.026005 0.522140
v -0.184791 0.026005 0.522140
v -0.184791 0.026005 0.522140
v -0.183409 0.028291 0.522140
v -0.183409 0.028291 0.522140
v -0.183409 0.028291 0.522140
v -0.183409 0.028291 0.522140
v -0.183409 0.028291 0.522140
v -0.183409 0.028291 0.522140
v -0.173740 0.028730 0.522140
v -0.183409 0.028291 0.522140
v -0.173740 0.028730 0.522140
v -0.176025 0.030111 0.522140
v -0.183409 0.028291 0.522140
v -0.176025 0.030111 0.522140
v -0.181258 0.029874 0.522140
v -0.181258 0.029874 0.522140
v -0.176025 0.030111 0.522140
v -0.178665 0.030513 0.522140
v -0.169426 0.037650 0.516768
v -0.166833 0.038289 0.522140
v -0.166833 0.038289 0.516768
v -0.169426 0.037650 0.522140
v -0.171576 0.036067 0.516768
v -0.171576 0.036067 0.522140
v -0.172958 0.033782 0.522140
v -0.172958 0.033782 0.516768
v -0.173360 0.031141 0.522140
v -0.173360 0.031141 0.516768
v -0.172720 0.028548 0.522140
v -0.172720 0.028548 0.516768
v -0.171137 0.026398 0.522140
v -0.171137 0.026398 0.516768
v -0.168852 0.025016 0.516768
v -0.168852 0.025016 0.522140
v -0.166212 0.024614 0.516768
v -0.166212 0.024614 0.522140
v -0.163619 0.025254 0.516768
v -0.163619 0.025254 0.522140
v -0.161468 0.026837 0.516768
v -0.161468 0.026837 0.522140
v -0.160086 0.029122 0.522140
v -0.160086 0.029122 0.516768
v -0.159685 0.031762 0.522140
v -0.159685 0.031762 0.516768
v -0.160324 0.034355 0.522140
v -0.160324 0.034355 0.516768
v -0.161907 0.036506 0.522140
v -0.161907 0.036506 0.516768
v -0.164192 0.037888 0.516768
v -0.164192 0.037888 0.522140
v -0.166519 0.026720 0.522140
v -0.165295 0.026882 0.522140
v -0.164154 0.027356 0.522140
v -0.166309 0.026748 0.522140
v -0.163175 0.028108 0.522140
v -0.162423 0.029089 0.522140
v -0.161951 0.030230 0.522140
v -0.161791 0.031455 0.522140
v -0.161819 0.031666 0.522140
v -0.161953 0.032679 0.522140
v -0.162426 0.033820 0.522140
v -0.163178 0.034799 0.522140
v -0.164159 0.035551 0.522140
v -0.165300 0.036023 0.522140
v -0.166525 0.036183 0.522140
v -0.167744 0.026881 0.522140
v -0.168885 0.027353 0.522140
v -0.169866 0.028104 0.522140
v -0.170618 0.029084 0.522140
v -0.171092 0.030225 0.522140
v -0.171226 0.031238 0.522140
v -0.171254 0.031449 0.522140
v -0.171093 0.032674 0.522140
v -0.170621 0.033815 0.522140
v -0.169870 0.034796 0.522140
v -0.168890 0.035548 0.522140
v -0.167749 0.036021 0.522140
v -0.166736 0.036155 0.522140
v -0.169426 0.037650 0.522140
v -0.169426 0.037650 0.516768
v -0.169426 0.037650 0.522140
v -0.171576 0.036067 0.516768
v -0.171576 0.036067 0.516768
v -0.171576 0.036067 0.522140
v -0.172958 0.033782 0.516768
v -0.172958 0.033782 0.516768
v -0.172958 0.033782 0.522140
v -0.173360 0.031141 0.516768
v -0.173360 0.031141 0.516768
v -0.173360 0.031141 0.522140
v -0.172720 0.028548 0.516768
v -0.172720 0.028548 0.516768
v -0.172720 0.028548 0.522140
v -0.171137 0.026398 0.522140
v -0.171137 0.026398 0.522140
v -0.171137 0.026398 0.516768
v -0.168852 0.025016 0.522140
v -0.168852 0.025016 0.522140
v -0.168852 0.025016 0.516768
v -0.166212 0.024614 0.522140
v -0.166212 0.024614 0.522140
v -0.166212 0.024614 0.516768
v -0.163619 0.025254 0.522140
v -0.163619 0.025254 0.522140
v -0.163619 0.025254 0.516768
v -0.161468 0.026837 0.516768
v -0.161468 0.026837 0.516768
v -0.161468 0.026837 0.522140
v -0.160086 0.029122 0.516768
v -0.160086 0.029122 0.516768
v -0.160086 0.029122 0.522140
v -0.159685 0.031762 0.516768
v -0.159685 0.031762 0.516768
v -0.159685 0.031762 0.522140
v -0.160324 0.034355 0.516768
v -0.160324 0.034355 0.516768
v -0.160324 0.034355 0.522140
v -0.161907 0.036506 0.522140
v -0.161907 0.036506 0.516768
v -0.161907 0.036506 0.522140
v -0.166833 0.038289 0.516768
v -0.164192 0.037888 0.522140
v -0.164192 0.037888 0.516768
v -0.164192 0.037888 0.522140
v -0.166833 0.038289 0.516768
v -0.166833 0.038289 0.522140
v -0.163619 0.025254 0.522140
v -0.168852 0.025016 0.522140
v -0.166212 0.024614 0.522140
v -0.168852 0.025016 0.522140
v -0.163619 0.025254 0.522140
v -0.161468 0.026837 0.522140
v -0.168852 0.025016 0.522140
v -0.161468 0.026837 0.522140
v -0.171137 0.026398 0.522140
v -0.171137 0.026398 0.522140
v -0.161468 0.026837 0.522140
v -0.161468 0.026837 0.522140
v -0.161468 0.026837 0.522140
v -0.161468 0.026837 0.522140
v -0.160086 0.029122 0.522140
v -0.160086 0.029122 0.522140
v -0.160086 0.029122 0.522140
v -0.160086 0.029122 0.522140
v -0.159685 0.031762 0.522140
v -0.159685 0.031762 0.522140
v -0.159685 0.031762 0.522140
v -0.159685 0.031762 0.522140
v -0.159685 0.031762 0.522140
v -0.160324 0.034355 0.522140
v -0.160324 0.034355 0.522140
v -0.160324 0.034355 0.522140
v -0.160324 0.034355 0.522140
v -0.160324 0.034355 0.522140
v -0.161907 0.036506 0.522140
v -0.161907 0.036506 0.522140
v -0.161907 0.036506 0.522140
v -0.161907 0.036506 0.522140
v -0.171137 0.026398 0.522140
v -0.172720 0.028548 0.522140
v -0.171137 0.026398 0.522140
v -0.172720 0.028548 0.522140
v -0.172720 0.028548 0.522140
v -0.172720 0.028548 0.522140
v -0.172720 0.028548 0.522140
v -0.173360 0.031141 0.522140
v -0.173360 0.031141 0.522140
v -0.173360 0.031141 0.522140
v -0.173360 0.031141 0.522140
v -0.173360 0.031141 0.522140
v -0.172958 0.033782 0.522140
v -0.172958 0.033782 0.522140
v -0.172958 0.033782 0.522140
v -0.172958 0.033782 0.522140
v -0.172958 0.033782 0.522140
v -0.171576 0.036067 0.522140
v -0.171576 0.036067 0.522140
v -0.171576 0.036067 0.522140
v -0.171576 0.036067 0.522140
v -0.171576 0.036067 0.522140
v -0.171576 0.036067 0.522140
v -0.161907 0.036506 0.522140
v -0.171576 0.036067 0.522140
v -0.161907 0.036506 0.522140
v -0.164192 0.037888 0.522140
v -0.171576 0.036067 0.522140
v -0.164192 0.037888 0.522140
v -0.169426 0.037650 0.522140
v -0.169426 0.037650 0.522140
v -0.164192 0.037888 0.522140
v -0.166833 0.038289 0.522140
v -0.195198 0.020596 0.516768
v -0.192606 0.021235 0.522140
v -0.192606 0.021235 0.516768
v -0.195198 0.020596 0.522140
v -0.197349 0.019013 0.516768
v -0.197349 0.019013 0.522140
v -0.198731 0.016728 0.522140
v -0.198731 0.016728 0.516768
v -0.199132 0.014088 0.522140
v -0.199132 0.014088 0.516768
v -0.198493 0.011495 0.522140
v -0.198493 0.011495 0.516768
v -0.196910 0.009344 0.522140
v -0.196910 0.009344 0.516768
v -0.194625 0.007962 0.516768
v -0.194625 0.007962 0.522140
v -0.191985 0.007561 0.516768
v -0.191985 0.007561 0.522140
v -0.189392 0.008200 0.516768
v -0.189392 0.008200 0.522140
v -0.187241 0.009783 0.516768
v -0.187241 0.009783 0.522140
v -0.185859 0.012068 0.522140
v -0.185859 0.012068 0.516768
v -0.185458 0.014709 0.522140
v -0.185458 0.014709 0.516768
v -0.186097 0.017301 0.522140
v -0.186097 0.017301 0.516768
v -0.187680 0.019452 0.522140
v -0.187680 0.019452 0.516768
v -0.189965 0.020834 0.516768
v -0.189965 0.020834 0.522140
v -0.192292 0.009667 0.522140
v -0.191068 0.009829 0.522140
v -0.189927 0.010302 0.522140
v -0.192081 0.009694 0.522140
v -0.188947 0.011054 0.522140
v -0.188196 0.012035 0.522140
v -0.187724 0.013176 0.522140
v -0.187564 0.014401 0.522140
v -0.187591 0.014612 0.522140
v -0.187726 0.015625 0.522140
v -0.188199 0.016766 0.522140
v -0.188951 0.017746 0.522140
v -0.189932 0.018497 0.522140
v -0.191073 0.018969 0.522140
v -0.192298 0.019129 0.522140
v -0.193517 0.009827 0.522140
v -0.194658 0.010299 0.522140
v -0.195639 0.011050 0.522140
v -0.196391 0.012030 0.522140
v -0.196865 0.013171 0.522140
v -0.196999 0.014184 0.522140
v -0.197026 0.014395 0.522140
v -0.196866 0.015620 0.522140
v -0.196394 0.016761 0.522140
v -0.195643 0.017742 0.522140
v -0.194663 0.018494 0.522140
v -0.193522 0.018968 0.522140
v -0.192509 0.019102 0.522140
v -0.195198 0.020596 0.522140
v -0.195198 0.020596 0.516768
v -0.195198 0.020596 0.522140
v -0.197349 0.019013 0.516768
v -0.197349 0.019013 0.516768
v -0.197349 0.019013 0.522140
v -0.198731 0.016728 0.516768
v -0.198731 0.016728 0.516768
v -0.198731 0.016728 0.522140
v -0.199132 0.014088 0.516768
v -0.199132 0.014088 0.516768
v -0.199132 0.014088 0.522140
v -0.198493 0.011495 0.516768
v -0.198493 0.011495 0.516768
v -0.198493 0.011495 0.522140
v -0.196910 0.009344 0.522140
v -0.196910 0.009344 0.522140
v -0.196910 0.009344 0.516768
v -0.194625 0.007962 0.522140
v -0.194625 0.007962 0.522140
v -0.194625 0.007962 0.516768
v -0.191985 0.007561 0.522140
v -0.191985 0.007561 0.522140
v -0.191985 0.007561 0.516768
v -0.189392 0.008200 0.522140
v -0.189392 0.008200 0.522140
v -0.189392 0.008200 0.516768
v -0.187241 0.009783 0.516768
v -0.187241 0.009783 0.516768
v -0.187241 0.009783 0.522140
v -0.185859 0.012068 0.516768
v -0.185859 0.012068 0.516768
v -0.185859 0.012068 0.522140
v -0.185458 0.014709 0.516768
v -0.185458 0.014709 0.516768
v -0.185458 0.014709 0.522140
v -0.186097 0.017301 0.516768
v -0.186097 0.017301 0.516768
v -0.186097 0.017301 0.522140
v -0.187680 0.019452 0.522140
v -0.187680 0.019452 0.516768
v -0.187680 0.019452 0.522140
v -0.192606 0.021235 0.516768
v -0.189965 0.020834 0.522140
v -0.189965 0.020834 0.516768
v -0.189965 0.020834 0.522140
v -0.192606 0.021235 0.516768
v -0.192606 0.021235 0.522140
v -0.189392 0.008200 0.522140
v -0.194625 0.007962 0.522140
v -0.191985 0.007561 0.522140
v -0.194625 0.007962 0.522140
v -0.189392 0.008200 0.522140
v -0.187241 0.009783 0.522140
v -0.194625 0.007962 0.522140
v -0.187241 0.009783 0.522140
v -0.196910 0.009344 0.522140
v -0.196910 0.009344 0.522140
v -0.187241 0.009783 0.522140
v -0.187241 0.009783 0.522140
v -0.187241 0.009783 0.522140
v -0.187241 0.009783 0.522140
v -0.185859 0.012068 0.522140
v -0.185859 0.012068 0.522140
v -0.185859 0.012068 0.522140
v -0.185859 0.012068 0.522140
v -0.185458 0.014709 0.522140
v -0.185458 0.014709 0.522140
v -0.185458 0.014709 0.522140
v -0.185458 0.014709 0.522140
v -0.185458 0.014709 0.522140
v -0.186097 0.017301 0.522140
v -0.186097 0.017301 0.522140
v -0.186097 0.017301 0.522140
v -0.186097 0.017301 0.522140
v -0.186097 0.017301 0.522140
v -0.187680 0.019452 0.522140
v -0.187680 0.019452 0.522140
v -0.187680 0.019452 0.522140
v -0.187680 0.019452 0.522140
v -0.196910 0.009344 0.522140
v -0.198493 0.011495 0.522140
v -0.196910 0.009344 0.522140
v -0.198493 0.011495 0.522140
v -0.198493 0.011495 0.522140
v -0.198493 0.011495 0.522140
v -0.198493 0.011495 0.522140
v -0.199132 0.014088 0.522140
v -0.199132 0.014088 0.522140
v -0.199132 0.014088 0.522140
v -0.199132 0.014088 0.522140
v -0.199132 0.014088 0.522140
v -0.198731 0.016728 0.522140
v -0.198731 0.016728 0.522140
v -0.198731 0.016728 0.522140
v -0.198731 0.016728 0.522140
v -0.198731 0.016728 0.522140
v -0.197349 0.019013 0.522140
v -0.197349 0.019013 0.522140
v -0.197349 0.019013 0.522140
v -0.197349 0.019013 0.522140
v -0.197349 0.019013 0.522140
v -0.197349 0.019013 0.522140
v -0.187680 0.019452 0.522140
v -0.197349 0.019013 0.522140
v -0.187680 0.019452 0.522140
v -0.189965 0.020834 0.522140
v -0.197349 0.019013 0.522140
v -0.189965 0.020834 0.522140
v -0.195198 0.020596 0.522140
v -0.195198 0.020596 0.522140
v -0.189965 0.020834 0.522140
v -0.192606 0.021235 0.522140
v -0.241219 -0.177503 0.516768
v -0.239329 -0.175616 0.522140
v -0.239329 -0.175616 0.516768
v -0.241219 -0.177503 0.522140
v -0.242243 -0.179970 0.516768
v -0.242243 -0.179970 0.522140
v -0.242245 -0.182640 0.522140
v -0.242245 -0.182640 0.516768
v -0.241226 -0.185108 0.522140
v -0.241226 -0.185108 0.516768
v -0.239339 -0.186998 0.522140
v -0.239339 -0.186998 0.516768
v -0.236872 -0.188023 0.522140
v -0.236872 -0.188023 0.516768
v -0.234202 -0.188025 0.516768
v -0.234202 -0.188025 0.522140
v -0.231734 -0.187005 0.516768
v -0.231734 -0.187005 0.522140
v -0.229844 -0.185118 0.516768
v -0.229844 -0.185118 0.522140
v -0.228819 -0.182652 0.516768
v -0.228819 -0.182652 0.522140
v -0.228817 -0.179981 0.522140
v -0.228817 -0.179981 0.516768
v -0.229837 -0.177513 0.522140
v -0.229837 -0.177513 0.516768
v -0.231724 -0.175623 0.522140
v -0.231724 -0.175623 0.516768
v -0.234190 -0.174599 0.522140
v -0.234190 -0.174599 0.516768
v -0.236861 -0.174597 0.516768
v -0.236861 -0.174597 0.522140
v -0.233085 -0.185361 0.522140
v -0.232120 -0.184590 0.522140
v -0.231388 -0.183595 0.522140
v -0.232919 -0.185228 0.522140
v -0.230938 -0.182445 0.522140
v -0.230801 -0.181217 0.522140
v -0.230986 -0.179996 0.522140
v -0.231481 -0.178864 0.522140
v -0.231614 -0.178698 0.522140
v -0.232252 -0.177900 0.522140
v -0.233247 -0.177167 0.522140
v -0.234397 -0.176717 0.522140
v -0.235625 -0.176580 0.522140
v -0.236846 -0.176766 0.522140
v -0.237978 -0.177261 0.522140
v -0.234217 -0.185856 0.522140
v -0.235438 -0.186041 0.522140
v -0.236665 -0.185904 0.522140
v -0.237815 -0.185454 0.522140
v -0.238810 -0.184722 0.522140
v -0.239448 -0.183923 0.522140
v -0.239581 -0.183757 0.522140
v -0.240076 -0.182625 0.522140
v -0.240262 -0.181404 0.522140
v -0.240125 -0.180177 0.522140
v -0.239675 -0.179026 0.522140
v -0.238942 -0.178032 0.522140
v -0.238144 -0.177394 0.522140
v -0.241219 -0.177503 0.522140
v -0.241219 -0.177503 0.516768
v -0.241219 -0.177503 0.522140
v -0.242243 -0.179970 0.516768
v -0.242243 -0.179970 0.516768
v -0.242243 -0.179970 0.522140
v -0.242245 -0.182640 0.516768
v -0.242245 -0.182640 0.516768
v -0.242245 -0.182640 0.522140
v -0.241226 -0.185108 0.516768
v -0.241226 -0.185108 0.516768
v -0.241226 -0.185108 0.522140
v -0.239339 -0.186998 0.516768
v -0.239339 -0.186998 0.516768
v -0.239339 -0.186998 0.522140
v -0.236872 -0.188023 0.522140
v -0.236872 -0.188023 0.522140
v -0.236872 -0.188023 0.516768
v -0.234202 -0.188025 0.522140
v -0.234202 -0.188025 0.522140
v -0.234202 -0.188025 0.516768
v -0.231734 -0.187005 0.522140
v -0.231734 -0.187005 0.522140
v -0.231734 -0.187005 0.516768
v -0.229844 -0.185118 0.522140
v -0.229844 -0.185118 0.522140
v -0.229844 -0.185118 0.516768
v -0.228819 -0.182652 0.516768
v -0.228819 -0.182652 0.516768
v -0.228819 -0.182652 0.522140
v -0.228817 -0.179981 0.516768
v -0.228817 -0.179981 0.516768
v -0.228817 -0.179981 0.522140
v -0.229837 -0.177513 0.516768
v -0.229837 -0.177513 0.516768
v -0.229837 -0.177513 0.522140
v -0.231724 -0.175623 0.516768
v -0.231724 -0.175623 0.516768
v -0.231724 -0.175623 0.522140
v -0.234190 -0.174599 0.522140
v -0.234190 -0.174599 0.516768
v -0.234190 -0.174599 0.522140
v -0.239329 -0.175616 0.516768
v -0.236861 -0.174597 0.522140
v -0.236861 -0.174597 0.516768
v -0.236861 -0.174597 0.522140
v -0.239329 -0.175616 0.516768
v -0.239329 -0.175616 0.522140
v -0.229844 -0.185118 0.522140
v -0.234202 -0.188025 0.522140
v -0.231734 -0.187005 0.522140
v -0.234202 -0.188025 0.522140
v -0.229844 -0.185118 0.522140
v -0.228819 -0.182652 0.522140
v -0.234202 -0.188025 0.522140
v -0.228819 -0.182652 0.522140
v -0.236872 -0.188023 0.522140
v -0.236872 -0.188023 0.522140
v -0.228819 -0.182652 0.522140
v -0.228819 -0.182652 0.522140
v -0.228819 -0.182652 0.522140
v -0.228819 -0.182652 0.522140
v -0.228817 -0.179981 0.522140
v -0.228817 -0.179981 0.522140
v -0.228817 -0.179981 0.522140
v -0.228817 -0.179981 0.522140
v -0.229837 -0.177513 0.522140
v -0.229837 -0.177513 0.522140
v -0.229837 -0.177513 0.522140
v -0.229837 -0.177513 0.522140
v -0.229837 -0.177513 0.522140
v -0.231724 -0.175623 0.522140
v -0.231724 -0.175623 0.522140
v -0.231724 -0.175623 0.522140
v -0.231724 -0.175623 0.522140
v -0.231724 -0.175623 0.522140
v -0.234190 -0.174599 0.522140
v -0.234190 -0.174599 0.522140
v -0.234190 -0.174599 0.522140
v -0.234190 -0.174599 0.522140
v -0.236872 -0.188023 0.522140
v -0.239339 -0.186998 0.522140
v -0.236872 -0.188023 0.522140
v -0.239339 -0.186998 0.522140
v -0.239339 -0.186998 0.522140
v -0.239339 -0.186998 0.522140
v -0.239339 -0.186998 0.522140
v -0.241226 -0.185108 0.522140
v -0.241226 -0.185108 0.522140
v -0.241226 -0.185108 0.522140
v -0.241226 -0.185108 0.522140
v -0.241226 -0.185108 0.522140
v -0.242245 -0.182640 0.522140
v -0.242245 -0.182640 0.522140
v -0.242245 -0.182640 0.522140
v -0.242245 -0.182640 0.522140
v -0.242245 -0.182640 0.522140
v -0.242243 -0.179970 0.522140
v -0.242243 -0.179970 0.522140
v -0.242243 -0.179970 0.522140
v -0.242243 -0.179970 0.522140
v -0.242243 -0.179970 0.522140
v -0.242243 -0.179970 0.522140
v -0.234190 -0.174599 0.522140
v -0.242243 -0.179970 0.522140
v -0.234190 -0.174599 0.522140
v -0.236861 -0.174597 0.522140
v -0.242243 -0.179970 0.522140
v -0.236861 -0.174597 0.522140
v -0.241219 -0.177503 0.522140
v -0.241219 -0.177503 0.522140
v -0.236861 -0.174597 0.522140
v -0.239329 -0.175616 0.522140
v -0.187682 -0.067193 0.516690
v -0.190270 -0.066795 0.522140
v -0.190270 -0.066795 0.516690
v -0.187682 -0.067193 0.522140
v -0.185139 -0.066571 0.516690
v -0.185139 -0.066571 0.522140
v -0.183027 -0.065022 0.522140
v -0.183027 -0.065022 0.516690
v -0.181669 -0.062784 0.522140
v -0.181669 -0.062784 0.516690
v -0.181271 -0.060196 0.522140
v -0.181271 -0.060196 0.516690
v -0.181893 -0.057653 0.522140
v -0.181893 -0.057653 0.516690
v -0.183441 -0.055541 0.516690
v -0.183441 -0.055541 0.522140
v -0.185680 -0.054183 0.516690
v -0.185680 -0.054183 0.522140
v -0.188267 -0.053785 0.516690
v -0.188267 -0.053785 0.522140
v -0.190811 -0.054407 0.516690
v -0.190811 -0.054407 0.522140
v -0.192922 -0.055955 0.522140
v -0.192922 -0.055955 0.516690
v -0.194280 -0.058194 0.522140
v -0.194280 -0.058194 0.516690
v -0.194679 -0.060782 0.522140
v -0.194679 -0.060782 0.516690
v -0.194056 -0.063325 0.522140
v -0.194056 -0.063325 0.516690
v -0.192508 -0.065436 0.516690
v -0.192508 -0.065436 0.522140
v -0.186194 -0.056205 0.522140
v -0.187364 -0.055891 0.522140
v -0.188575 -0.055889 0.522140
v -0.186396 -0.056151 0.522140
v -0.189745 -0.056201 0.522140
v -0.190794 -0.056805 0.522140
v -0.191651 -0.057661 0.522140
v -0.192258 -0.058709 0.522140
v -0.192312 -0.058910 0.522140
v -0.192573 -0.059878 0.522140
v -0.192574 -0.061089 0.522140
v -0.192262 -0.062259 0.522140
v -0.191658 -0.063308 0.522140
v -0.190803 -0.064166 0.522140
v -0.189755 -0.064772 0.522140
v -0.185146 -0.056812 0.522140
v -0.184291 -0.057669 0.522140
v -0.183687 -0.058719 0.522140
v -0.183375 -0.059889 0.522140
v -0.183376 -0.061100 0.522140
v -0.183637 -0.062068 0.522140
v -0.183691 -0.062269 0.522140
v -0.184298 -0.063317 0.522140
v -0.185155 -0.064172 0.522140
v -0.186205 -0.064777 0.522140
v -0.187375 -0.065089 0.522140
v -0.188585 -0.065087 0.522140
v -0.189553 -0.064827 0.522140
v -0.187682 -0.067193 0.522140
v -0.187682 -0.067193 0.516690
v -0.187682 -0.067193 0.522140
v -0.185139 -0.066571 0.516690
v -0.185139 -0.066571 0.516690
v -0.185139 -0.066571 0.522140
v -0.183027 -0.065022 0.516690
v -0.183027 -0.065022 0.516690
v -0.183027 -0.065022 0.522140
v -0.181669 -0.062784 0.516690
v -0.181669 -0.062784 0.516690
v -0.181669 -0.062784 0.522140
v -0.181271 -0.060196 0.516690
v -0.181271 -0.060196 0.516690
v -0.181271 -0.060196 0.522140
v -0.181893 -0.057653 0.522140
v -0.181893 -0.057653 0.522140
v -0.181893 -0.057653 0.516690
v -0.183441 -0.055541 0.522140
v -0.183441 -0.055541 0.522140
v -0.183441 -0.055541 0.516690
v -0.185680 -0.054183 0.522140
v -0.185680 -0.054183 0.522140
v -0.185680 -0.054183 0.516690
v -0.188267 -0.053785 0.522140
v -0.188267 -0.053785 0.522140
v -0.188267 -0.053785 0.516690
v -0.190811 -0.054407 0.516690
v -0.190811 -0.054407 0.516690
v -0.190811 -0.054407 0.522140
v -0.192922 -0.055955 0.516690
v -0.192922 -0.055955 0.516690
v -0.192922 -0.055955 0.522140
v -0.194280 -0.058194 0.516690
v -0.194280 -0.058194 0.516690
v -0.194280 -0.058194 0.522140
v -0.194679 -0.060782 0.516690
v -0.194679 -0.060782 0.516690
v -0.194679 -0.060782 0.522140
v -0.194056 -0.063325 0.522140
v -0.194056 -0.063325 0.516690
v -0.194056 -0.063325 0.522140
v -0.190270 -0.066795 0.516690
v -0.192508 -0.065436 0.522140
v -0.192508 -0.065436 0.516690
v -0.192508 -0.065436 0.522140
v -0.190270 -0.066795 0.516690
v -0.190270 -0.066795 0.522140
v -0.188267 -0.053785 0.522140
v -0.183441 -0.055541 0.522140
v -0.185680 -0.054183 0.522140
v -0.183441 -0.055541 0.522140
v -0.188267 -0.053785 0.522140
v -0.190811 -0.054407 0.522140
v -0.183441 -0.055541 0.522140
v -0.190811 -0.054407 0.522140
v -0.181893 -0.057653 0.522140
v -0.181893 -0.057653 0.522140
v -0.190811 -0.054407 0.522140
v -0.190811 -0.054407 0.522140
v -0.190811 -0.054407 0.522140
v -0.190811 -0.054407 0.522140
v -0.192922 -0.055955 0.522140
v -0.192922 -0.055955 0.522140
v -0.192922 -0.055955 0.522140
v -0.192922 -0.055955 0.522140
v -0.194280 -0.058194 0.522140
v -0.194280 -0.058194 0.522140
v -0.194280 -0.058194 0.522140
v -0.194280 -0.058194 0.522140
v -0.194280 -0.058194 0.522140
v -0.194679 -0.060782 0.522140
v -0.194679 -0.060782 0.522140
v -0.194679 -0.060782 0.522140
v -0.194679 -0.060782 0.522140
v -0.194679 -0.060782 0.522140
v -0.194056 -0.063325 0.522140
v -0.194056 -0.063325 0.522140
v -0.194056 -0.063325 0.522140
v -0.194056 -0.063325 0.522140
v -0.181893 -0.057653 0.522140
v -0.181271 -0.060196 0.522140
v -0.181893 -0.057653 0.522140
v -0.181271 -0.060196 0.522140
v -0.181271 -0.060196 0.522140
v -0.181271 -0.060196 0.522140
v -0.181271 -0.060196 0.522140
v -0.181669 -0.062784 0.522140
v -0.181669 -0.062784 0.522140
v -0.181669 -0.062784 0.522140
v -0.181669 -0.062784 0.522140
v -0.181669 -0.062784 0.522140
v -0.183027 -0.065022 0.522140
v -0.183027 -0.065022 0.522140
v -0.183027 -0.065022 0.522140
v -0.183027 -0.065022 0.522140
v -0.183027 -0.065022 0.522140
v -0.185139 -0.066571 0.522140
v -0.185139 -0.066571 0.522140
v -0.185139 -0.066571 0.522140
v -0.185139 -0.066571 0.522140
v -0.185139 -0.066571 0.522140
v -0.185139 -0.066571 0.522140
v -0.194056 -0.063325 0.522140
v -0.185139 -0.066571 0.522140
v -0.194056 -0.063325 0.522140
v -0.192508 -0.065436 0.522140
v -0.185139 -0.066571 0.522140
v -0.192508 -0.065436 0.522140
v -0.187682 -0.067193 0.522140
v -0.187682 -0.067193 0.522140
v -0.192508 -0.065436 0.522140
v -0.190270 -0.066795 0.522140
v -0.156524 -0.061733 0.516690
v -0.159112 -0.061335 0.522140
v -0.159112 -0.061335 0.516690
v -0.156524 -0.061733 0.522140
v -0.153981 -0.061111 0.516690
v -0.153981 -0.061111 0.522140
v -0.151869 -0.059563 0.522140
v -0.151869 -0.059563 0.516690
v -0.150511 -0.057324 0.522140
v -0.150511 -0.057324 0.516690
v -0.150112 -0.054737 0.522140
v -0.150112 -0.054737 0.516690
v -0.150735 -0.052193 0.522140
v -0.150735 -0.052193 0.516690
v -0.152283 -0.050082 0.516690
v -0.152283 -0.050082 0.522140
v -0.154521 -0.048724 0.516690
v -0.154521 -0.048724 0.522140
v -0.157109 -0.048325 0.516690
v -0.157109 -0.048325 0.522140
v -0.159652 -0.048948 0.516690
v -0.159652 -0.048948 0.522140
v -0.161764 -0.050496 0.522140
v -0.161764 -0.050496 0.516690
v -0.163122 -0.052734 0.522140
v -0.163122 -0.052734 0.516690
v -0.163520 -0.055322 0.522140
v -0.163520 -0.055322 0.516690
v -0.162898 -0.057865 0.522140
v -0.162898 -0.057865 0.516690
v -0.161350 -0.059977 0.516690
v -0.161350 -0.059977 0.522140
v -0.155036 -0.050746 0.522140
v -0.156206 -0.050431 0.522140
v -0.157417 -0.050430 0.522140
v -0.155238 -0.050692 0.522140
v -0.158587 -0.050742 0.522140
v -0.159636 -0.051346 0.522140
v -0.160493 -0.052201 0.522140
v -0.161100 -0.053249 0.522140
v -0.161154 -0.053450 0.522140
v -0.161415 -0.054418 0.522140
v -0.161416 -0.055629 0.522140
v -0.161104 -0.056799 0.522140
v -0.160500 -0.057849 0.522140
v -0.159645 -0.058706 0.522140
v -0.158597 -0.059313 0.522140
v -0.153988 -0.051352 0.522140
v -0.153133 -0.052210 0.522140
v -0.152529 -0.053259 0.522140
v -0.152217 -0.054429 0.522140
v -0.152218 -0.055640 0.522140
v -0.152479 -0.056608 0.522140
v -0.152533 -0.056809 0.522140
v -0.153140 -0.057857 0.522140
v -0.153997 -0.058713 0.522140
v -0.155046 -0.059317 0.522140
v -0.156216 -0.059629 0.522140
v -0.157427 -0.059628 0.522140
v -0.158395 -0.059367 0.522140
v -0.156524 -0.061733 0.522140
v -0.156524 -0.061733 0.516690
v -0.156524 -0.061733 0.522140
v -0.153981 -0.061111 0.516690
v -0.153981 -0.061111 0.516690
v -0.153981 -0.061111 0.522140
v -0.151869 -0.059563 0.516690
v -0.151869 -0.059563 0.516690
v -0.151869 -0.059563 0.522140
v -0.150511 -0.057324 0.516690
v -0.150511 -0.057324 0.516690
v -0.150511 -0.057324 0.522140
v -0.150112 -0.054737 0.516690
v -0.150112 -0.054737 0.516690
v -0.150112 -0.054737 0.522140
v -0.150735 -0.052193 0.522140
v -0.150735 -0.052193 0.522140
v -0.150735 -0.052193 0.516690
v -0.152283 -0.050082 0.522140
v -0.152283 -0.050082 0.522140
v -0.152283 -0.050082 0.516690
v -0.154521 -0.048724 0.522140
v -0.154521 -0.048724 0.522140
v -0.154521 -0.048724 0.516690
v -0.157109 -0.048325 0.522140
v -0.157109 -0.048325 0.522140
v -0.157109 -0.048325 0.516690
v -0.159652 -0.048948 0.516690
v -0.159652 -0.048948 0.516690
v -0.159652 -0.048948 0.522140
v -0.161764 -0.050496 0.516690
v -0.161764 -0.050496 0.516690
v -0.161764 -0.050496 0.522140
v -0.163122 -0.052734 0.516690
v -0.163122 -0.052734 0.516690
v -0.163122 -0.052734 0.522140
v -0.163520 -0.055322 0.516690
v -0.163520 -0.055322 0.516690
v -0.163520 -0.055322 0.522140
v -0.162898 -0.057865 0.522140
v -0.162898 -0.057865 0.516690
v -0.162898 -0.057865 0.522140
v -0.159112 -0.061335 0.516690
v -0.161350 -0.059977 0.522140
v -0.161350 -0.059977 0.516690
v -0.161350 -0.059977 0.522140
v -0.159112 -0.061335 0.516690
v -0.159112 -0.061335 0.522140
v -0.157109 -0.048325 0.522140
v -0.152283 -0.050082 0.522140
v -0.154521 -0.048724 0.522140
v -0.152283 -0.050082 0.522140
v -0.157109 -0.048325 0.522140
v -0.159652 -0.048948 0.522140
v -0.152283 -0.050082 0.522140
v -0.159652 -0.048948 0.522140
v -0.150735 -0.052193 0.522140
v -0.150735 -0.052193 0.522140
v -0.159652 -0.048948 0.522140
v -0.159652 -0.048948 0.522140
v -0.159652 -0.048948 0.522140
v -0.159652 -0.048948 0.522140
v -0.161764 -0.050496 0.522140
v -0.161764 -0.050496 0.522140
v -0.161764 -0.050496 0.522140
v -0.161764 -0.050496 0.522140
v -0.163122 -0.052734 0.522140
v -0.163122 -0.052734 0.522140
v -0.163122 -0.052734 0.522140
v -0.163122 -0.052734 0.522140
v -0.163122 -0.052734 0.522140
v -0.163520 -0.055322 0.522140
v -0.163520 -0.055322 0.522140
v -0.163520 -0.055322 0.522140
v -0.163520 -0.055322 0.522140
v -0.163520 -0.055322 0.522140
v -0.162898 -0.057865 0.522140
v -0.162898 -0.057865 0.522140
v -0.162898 -0.057865 0.522140
v -0.162898 -0.057865 0.522140
v -0.150735 -0.052193 0.522140
v -0.150112 -0.054737 0.522140
v -0.150735 -0.052193 0.522140
v -0.150112 -0.054737 0.522140
v -0.150112 -0.054737 0.522140
v -0.150112 -0.054737 0.522140
v -0.150112 -0.054737 0.522140
v -0.150511 -0.057324 0.522140
v -0.150511 -0.057324 0.522140
v -0.150511 -0.057324 0.522140
v -0.150511 -0.057324 0.522140
v -0.150511 -0.057324 0.522140
v -0.151869 -0.059563 0.522140
v -0.151869 -0.059563 0.522140
v -0.151869 -0.059563 0.522140
v -0.151869 -0.059563 0.522140
v -0.151869 -0.059563 0.522140
v -0.153981 -0.061111 0.522140
v -0.153981 -0.061111 0.522140
v -0.153981 -0.061111 0.522140
v -0.153981 -0.061111 0.522140
v -0.153981 -0.061111 0.522140
v -0.153981 -0.061111 0.522140
v -0.162898 -0.057865 0.522140
v -0.153981 -0.061111 0.522140
v -0.162898 -0.057865 0.522140
v -0.161350 -0.059977 0.522140
v -0.153981 -0.061111 0.522140
v -0.161350 -0.059977 0.522140
v -0.156524 -0.061733 0.522140
v -0.156524 -0.061733 0.522140
v -0.161350 -0.059977 0.522140
v -0.159112 -0.061335 0.522140
v -0.126315 -0.056550 0.516690
v -0.128903 -0.056152 0.522140
v -0.128903 -0.056152 0.516690
v -0.126315 -0.056550 0.522140
v -0.123772 -0.055928 0.516690
v -0.123772 -0.055928 0.522140
v -0.121660 -0.054380 0.522140
v -0.121660 -0.054380 0.516690
v -0.120302 -0.052141 0.522140
v -0.120302 -0.052141 0.516690
v -0.119904 -0.049553 0.522140
v -0.119904 -0.049553 0.516690
v -0.120526 -0.047010 0.522140
v -0.120526 -0.047010 0.516690
v -0.122074 -0.044899 0.516690
v -0.122074 -0.044899 0.522140
v -0.124312 -0.043541 0.516690
v -0.124312 -0.043541 0.522140
v -0.126900 -0.043142 0.516690
v -0.126900 -0.043142 0.522140
v -0.129443 -0.043765 0.516690
v -0.129443 -0.043765 0.522140
v -0.131555 -0.045313 0.522140
v -0.131555 -0.045313 0.516690
v -0.132913 -0.047551 0.522140
v -0.132913 -0.047551 0.516690
v -0.133312 -0.050139 0.522140
v -0.133312 -0.050139 0.516690
v -0.132689 -0.052682 0.522140
v -0.132689 -0.052682 0.516690
v -0.131141 -0.054794 0.516690
v -0.131141 -0.054794 0.522140
v -0.124827 -0.045563 0.522140
v -0.125997 -0.045248 0.522140
v -0.127208 -0.045246 0.522140
v -0.125029 -0.045508 0.522140
v -0.128378 -0.045558 0.522140
v -0.129427 -0.046163 0.522140
v -0.130284 -0.047018 0.522140
v -0.130891 -0.048066 0.522140
v -0.130945 -0.048267 0.522140
v -0.131206 -0.049235 0.522140
v -0.131207 -0.050446 0.522140
v -0.130895 -0.051616 0.522140
v -0.130291 -0.052666 0.522140
v -0.129436 -0.053523 0.522140
v -0.128388 -0.054130 0.522140
v -0.123779 -0.046169 0.522140
v -0.122924 -0.047027 0.522140
v -0.122320 -0.048076 0.522140
v -0.122008 -0.049246 0.522140
v -0.122009 -0.050457 0.522140
v -0.122270 -0.051425 0.522140
v -0.122324 -0.051626 0.522140
v -0.122931 -0.052674 0.522140
v -0.123788 -0.053530 0.522140
v -0.124837 -0.054134 0.522140
v -0.126007 -0.054446 0.522140
v -0.127218 -0.054444 0.522140
v -0.128186 -0.054184 0.522140
v -0.126315 -0.056550 0.522140
v -0.126315 -0.056550 0.516690
v -0.126315 -0.056550 0.522140
v -0.123772 -0.055928 0.516690
v -0.123772 -0.055928 0.516690
v -0.123772 -0.055928 0.522140
v -0.121660 -0.054380 0.516690
v -0.121660 -0.054380 0.516690
v -0.121660 -0.054380 0.522140
v -0.120302 -0.052141 0.516690
v -0.120302 -0.052141 0.516690
v -0.120302 -0.052141 0.522140
v -0.119904 -0.049553 0.516690
v -0.119904 -0.049553 0.516690
v -0.119904 -0.049553 0.522140
v -0.120526 -0.047010 0.522140
v -0.120526 -0.047010 0.522140
v -0.120526 -0.047010 0.516690
v -0.122074 -0.044899 0.522140
v -0.122074 -0.044899 0.522140
v -0.122074 -0.044899 0.516690
v -0.124312 -0.043541 0.522140
v -0.124312 -0.043541 0.522140
v -0.124312 -0.043541 0.516690
v -0.126900 -0.043142 0.522140
v -0.126900 -0.043142 0.522140
v -0.126900 -0.043142 0.516690
v -0.129443 -0.043765 0.516690
v -0.129443 -0.043765 0.516690
v -0.129443 -0.043765 0.522140
v -0.131555 -0.045313 0.516690
v -0.131555 -0.045313 0.516690
v -0.131555 -0.045313 0.522140
v -0.132913 -0.047551 0.516690
v -0.132913 -0.047551 0.516690
v -0.132913 -0.047551 0.522140
v -0.133312 -0.050139 0.516690
v -0.133312 -0.050139 0.516690
v -0.133312 -0.050139 0.522140
v -0.132689 -0.052682 0.522140
v -0.132689 -0.052682 0.516690
v -0.132689 -0.052682 0.522140
v -0.128903 -0.056152 0.516690
v -0.131141 -0.054794 0.522140
v -0.131141 -0.054794 0.516690
v -0.131141 -0.054794 0.522140
v -0.128903 -0.056152 0.516690
v -0.128903 -0.056152 0.522140
v -0.126900 -0.043142 0.522140
v -0.122074 -0.044899 0.522140
v -0.124312 -0.043541 0.522140
v -0.122074 -0.044899 0.522140
v -0.126900 -0.043142 0.522140
v -0.129443 -0.043765 0.522140
v -0.122074 -0.044899 0.522140
v -0.129443 -0.043765 0.522140
v -0.120526 -0.047010 0.522140
v -0.120526 -0.047010 0.522140
v -0.129443 -0.043765 0.522140
v -0.129443 -0.043765 0.522140
v -0.129443 -0.043765 0.522140
v -0.129443 -0.043765 0.522140
v -0.131555 -0.045313 0.522140
v -0.131555 -0.045313 0.522140
v -0.131555 -0.045313 0.522140
v -0.131555 -0.045313 0.522140
v -0.132913 -0.047551 0.522140
v -0.132913 -0.047551 0.522140
v -0.132913 -0.047551 0.522140
v -0.132913 -0.047551 0.522140
v -0.132913 -0.047551 0.522140
v -0.133312 -0.050139 0.522140
v -0.133312 -0.050139 0.522140
v -0.133312 -0.050139 0.522140
v -0.133312 -0.050139 0.522140
v -0.133312 -0.050139 0.522140
v -0.132689 -0.052682 0.522140
v -0.132689 -0.052682 0.522140
v -0.132689 -0.052682 0.522140
v -0.132689 -0.052682 0.522140
v -0.120526 -0.047010 0.522140
v -0.119904 -0.049553 0.522140
v -0.120526 -0.047010 0.522140
v -0.119904 -0.049553 0.522140
v -0.119904 -0.049553 0.522140
v -0.119904 -0.049553 0.522140
v -0.119904 -0.049553 0.522140
v -0.120302 -0.052141 0.522140
v -0.120302 -0.052141 0.522140
v -0.120302 -0.052141 0.522140
v -0.120302 -0.052141 0.522140
v -0.120302 -0.052141 0.522140
v -0.121660 -0.054380 0.522140
v -0.121660 -0.054380 0.522140
v -0.121660 -0.054380 0.522140
v -0.121660 -0.054380 0.522140
v -0.121660 -0.054380 0.522140
v -0.123772 -0.055928 0.522140
v -0.123772 -0.055928 0.522140
v -0.123772 -0.055928 0.522140
v -0.123772 -0.055928 0.522140
v -0.123772 -0.055928 0.522140
v -0.123772 -0.055928 0.522140
v -0.132689 -0.052682 0.522140
v -0.123772 -0.055928 0.522140
v -0.132689 -0.052682 0.522140
v -0.131141 -0.054794 0.522140
v -0.123772 -0.055928 0.522140
v -0.131141 -0.054794 0.522140
v -0.126315 -0.056550 0.522140
v -0.126315 -0.056550 0.522140
v -0.131141 -0.054794 0.522140
v -0.128903 -0.056152 0.522140
v -0.141608 -0.059805 0.516690
v -0.144196 -0.059407 0.522140
v -0.144196 -0.059407 0.516690
v -0.141608 -0.059805 0.522140
v -0.139065 -0.059183 0.516690
v -0.139065 -0.059183 0.522140
v -0.136954 -0.057635 0.522140
v -0.136954 -0.057635 0.516690
v -0.135595 -0.055396 0.522140
v -0.135595 -0.055396 0.516690
v -0.135197 -0.052808 0.522140
v -0.135197 -0.052808 0.516690
v -0.135819 -0.050265 0.522140
v -0.135819 -0.050265 0.516690
v -0.137367 -0.048154 0.516690
v -0.137367 -0.048154 0.522140
v -0.139606 -0.046795 0.516690
v -0.139606 -0.046795 0.522140
v -0.142194 -0.046397 0.516690
v -0.142194 -0.046397 0.522140
v -0.144737 -0.047019 0.516690
v -0.144737 -0.047019 0.522140
v -0.146848 -0.048568 0.522140
v -0.146848 -0.048568 0.516690
v -0.148207 -0.050806 0.522140
v -0.148207 -0.050806 0.516690
v -0.148605 -0.053394 0.522140
v -0.148605 -0.053394 0.516690
v -0.147983 -0.055937 0.522140
v -0.147983 -0.055937 0.516690
v -0.146434 -0.058048 0.516690
v -0.146434 -0.058048 0.522140
v -0.140121 -0.048818 0.522140
v -0.141290 -0.048503 0.522140
v -0.142501 -0.048501 0.522140
v -0.140322 -0.048763 0.522140
v -0.143671 -0.048813 0.522140
v -0.144720 -0.049418 0.522140
v -0.145578 -0.050273 0.522140
v -0.146184 -0.051321 0.522140
v -0.146239 -0.051522 0.522140
v -0.146499 -0.052490 0.522140
v -0.146501 -0.053701 0.522140
v -0.146189 -0.054871 0.522140
v -0.145584 -0.055921 0.522140
v -0.144729 -0.056778 0.522140
v -0.143681 -0.057385 0.522140
v -0.139073 -0.049424 0.522140
v -0.138218 -0.050282 0.522140
v -0.137613 -0.051331 0.522140
v -0.137301 -0.052501 0.522140
v -0.137303 -0.053712 0.522140
v -0.137563 -0.054680 0.522140
v -0.137617 -0.054881 0.522140
v -0.138224 -0.055929 0.522140
v -0.139081 -0.056784 0.522140
v -0.140131 -0.057389 0.522140
v -0.141301 -0.057701 0.522140
v -0.142512 -0.057699 0.522140
v -0.143480 -0.057439 0.522140
v -0.141608 -0.059805 0.522140
v -0.141608 -0.059805 0.516690
v -0.141608 -0.059805 0.522140
v -0.139065 -0.059183 0.516690
v -0.139065 -0.059183 0.516690
v -0.139065 -0.059183 0.522140
v -0.136954 -0.057635 0.516690
v -0.136954 -0.057635 0.516690
v -0.136954 -0.057635 0.522140
v -0.135595 -0.055396 0.516690
v -0.135595 -0.055396 0.516690
v -0.135595 -0.055396 0.522140
v -0.135197 -0.052808 0.516690
v -0.135197 -0.052808 0.516690
v -0.135197 -0.052808 0.522140
v -0.135819 -0.050265 0.522140
v -0.135819 -0.050265 0.522140
v -0.135819 -0.050265 0.516690
v -0.137367 -0.048154 0.522140
v -0.137367 -0.048154 0.522140
v -0.137367 -0.048154 0.516690
v -0.139606 -0.046795 0.522140
v -0.139606 -0.046795 0.522140
v -0.139606 -0.046795 0.516690
v -0.142194 -0.046397 0.522140
v -0.142194 -0.046397 0.522140
v -0.142194 -0.046397 0.516690
v -0.144737 -0.047019 0.516690
v -0.144737 -0.047019 0.516690
v -0.144737 -0.047019 0.522140
v -0.146848 -0.048568 0.516690
v -0.146848 -0.048568 0.516690
v -0.146848 -0.048568 0.522140
v -0.148207 -0.050806 0.516690
v -0.148207 -0.050806 0.516690
v -0.148207 -0.050806 0.522140
v -0.148605 -0.053394 0.516690
v -0.148605 -0.053394 0.516690
v -0.148605 -0.053394 0.522140
v -0.147983 -0.055937 0.522140
v -0.147983 -0.055937 0.516690
v -0.147983 -0.055937 0.522140
v -0.144196 -0.059407 0.516690
v -0.146434 -0.058048 0.522140
v -0.146434 -0.058048 0.516690
v -0.146434 -0.058048 0.522140
v -0.144196 -0.059407 0.516690
v -0.144196 -0.059407 0.522140
v -0.142194 -0.046397 0.522140
v -0.137367 -0.048154 0.522140
v -0.139606 -0.046795 0.522140
v -0.137367 -0.048154 0.522140
v -0.142194 -0.046397 0.522140
v -0.144737 -0.047019 0.522140
v -0.137367 -0.048154 0.522140
v -0.144737 -0.047019 0.522140
v -0.135819 -0.050265 0.522140
v -0.135819 -0.050265 0.522140
v -0.144737 -0.047019 0.522140
v -0.144737 -0.047019 0.522140
v -0.144737 -0.047019 0.522140
v -0.144737 -0.047019 0.522140
v -0.146848 -0.048568 0.522140
v -0.146848 -0.048568 0.522140
v -0.146848 -0.048568 0.522140
v -0.146848 -0.048568 0.522140
v -0.148207 -0.050806 0.522140
v -0.148207 -0.050806 0.522140
v -0.148207 -0.050806 0.522140
v -0.148207 -0.050806 0.522140
v -0.148207 -0.050806 0.522140
v -0.148605 -0.053394 0.522140
v -0.148605 -0.053394 0.522140
v -0.148605 -0.053394 0.522140
v -0.148605 -0.053394 0.522140
v -0.148605 -0.053394 0.522140
v -0.147983 -0.055937 0.522140
v -0.147983 -0.055937 0.522140
v -0.147983 -0.055937 0.522140
v -0.147983 -0.055937 0.522140
v -0.135819 -0.050265 0.522140
v -0.135197 -0.052808 0.522140
v -0.135819 -0.050265 0.522140
v -0.135197 -0.052808 0.522140
v -0.135197 -0.052808 0.522140
v -0.135197 -0.052808 0.522140
v -0.135197 -0.052808 0.522140
v -0.135595 -0.055396 0.522140
v -0.135595 -0.055396 0.522140
v -0.135595 -0.055396 0.522140
v -0.135595 -0.055396 0.522140
v -0.135595 -0.055396 0.522140
v -0.136954 -0.057635 0.522140
v -0.136954 -0.057635 0.522140
v -0.136954 -0.057635 0.522140
v -0.136954 -0.057635 0.522140
v -0.136954 -0.057635 0.522140
v -0.139065 -0.059183 0.522140
v -0.139065 -0.059183 0.522140
v -0.139065 -0.059183 0.522140
v -0.139065 -0.059183 0.522140
v -0.139065 -0.059183 0.522140
v -0.139065 -0.059183 0.522140
v -0.147983 -0.055937 0.522140
v -0.139065 -0.059183 0.522140
v -0.147983 -0.055937 0.522140
v -0.146434 -0.058048 0.522140
v -0.139065 -0.059183 0.522140
v -0.146434 -0.058048 0.522140
v -0.141608 -0.059805 0.522140
v -0.141608 -0.059805 0.522140
v -0.146434 -0.058048 0.522140
v -0.144196 -0.059407 0.522140
v -0.171812 -0.063695 0.516690
v -0.174400 -0.063297 0.522140
v -0.174400 -0.063297 0.516690
v -0.171812 -0.063695 0.522140
v -0.169269 -0.063073 0.516690
v -0.169269 -0.063073 0.522140
v -0.167158 -0.061525 0.522140
v -0.167158 -0.061525 0.516690
v -0.165799 -0.059286 0.522140
v -0.165799 -0.059286 0.516690
v -0.165401 -0.056699 0.522140
v -0.165401 -0.056699 0.516690
v -0.166023 -0.054155 0.522140
v -0.166023 -0.054155 0.516690
v -0.167572 -0.052044 0.516690
v -0.167572 -0.052044 0.522140
v -0.169810 -0.050686 0.516690
v -0.169810 -0.050686 0.522140
v -0.172398 -0.050287 0.516690
v -0.172398 -0.050287 0.522140
v -0.174941 -0.050910 0.516690
v -0.174941 -0.050910 0.522140
v -0.177053 -0.052458 0.522140
v -0.177053 -0.052458 0.516690
v -0.178411 -0.054696 0.522140
v -0.178411 -0.054696 0.516690
v -0.178809 -0.057284 0.522140
v -0.178809 -0.057284 0.516690
v -0.178187 -0.059827 0.522140
v -0.178187 -0.059827 0.516690
v -0.176639 -0.061939 0.516690
v -0.176639 -0.061939 0.522140
v -0.170325 -0.052708 0.522140
v -0.171494 -0.052393 0.522140
v -0.172705 -0.052392 0.522140
v -0.170526 -0.052654 0.522140
v -0.173875 -0.052704 0.522140
v -0.174925 -0.053308 0.522140
v -0.175782 -0.054163 0.522140
v -0.176389 -0.055211 0.522140
v -0.176443 -0.055412 0.522140
v -0.176703 -0.056380 0.522140
v -0.176705 -0.057591 0.522140
v -0.176393 -0.058761 0.522140
v -0.175789 -0.059811 0.522140
v -0.174933 -0.060668 0.522140
v -0.173885 -0.061275 0.522140
v -0.169277 -0.053314 0.522140
v -0.168422 -0.054172 0.522140
v -0.167817 -0.055221 0.522140
v -0.167505 -0.056391 0.522140
v -0.167507 -0.057602 0.522140
v -0.167767 -0.058570 0.522140
v -0.167822 -0.058771 0.522140
v -0.168428 -0.059819 0.522140
v -0.169286 -0.060675 0.522140
v -0.170335 -0.061279 0.522140
v -0.171505 -0.061591 0.522140
v -0.172716 -0.061590 0.522140
v -0.173684 -0.061329 0.522140
v -0.171812 -0.063695 0.522140
v -0.171812 -0.063695 0.516690
v -0.171812 -0.063695 0.522140
v -0.169269 -0.063073 0.516690
v -0.169269 -0.063073 0.516690
v -0.169269 -0.063073 0.522140
v -0.167158 -0.061525 0.516690
v -0.167158 -0.061525 0.516690
v -0.167158 -0.061525 0.522140
v -0.165799 -0.059286 0.516690
v -0.165799 -0.059286 0.516690
v -0.165799 -0.059286 0.522140
v -0.165401 -0.056699 0.516690
v -0.165401 -0.056699 0.516690
v -0.165401 -0.056699 0.522140
v -0.166023 -0.054155 0.522140
v -0.166023 -0.054155 0.522140
v -0.166023 -0.054155 0.516690
v -0.167572 -0.052044 0.522140
v -0.167572 -0.052044 0.522140
v -0.167572 -0.052044 0.516690
v -0.169810 -0.050686 0.522140
v -0.169810 -0.050686 0.522140
v -0.169810 -0.050686 0.516690
v -0.172398 -0.050287 0.522140
v -0.172398 -0.050287 0.522140
v -0.172398 -0.050287 0.516690
v -0.174941 -0.050910 0.516690
v -0.174941 -0.050910 0.516690
v -0.174941 -0.050910 0.522140
v -0.177053 -0.052458 0.516690
v -0.177053 -0.052458 0.516690
v -0.177053 -0.052458 0.522140
v -0.178411 -0.054696 0.516690
v -0.178411 -0.054696 0.516690
v -0.178411 -0.054696 0.522140
v -0.178809 -0.057284 0.516690
v -0.178809 -0.057284 0.516690
v -0.178809 -0.057284 0.522140
v -0.178187 -0.059827 0.522140
v -0.178187 -0.059827 0.516690
v -0.178187 -0.059827 0.522140
v -0.174400 -0.063297 0.516690
v -0.176639 -0.061939 0.522140
v -0.176639 -0.061939 0.516690
v -0.176639 -0.061939 0.522140
v -0.174400 -0.063297 0.516690
v -0.174400 -0.063297 0.522140
v -0.172398 -0.050287 0.522140
v -0.167572 -0.052044 0.522140
v -0.169810 -0.050686 0.522140
v -0.167572 -0.052044 0.522140
v -0.172398 -0.050287 0.522140
v -0.174941 -0.050910 0.522140
v -0.167572 -0.052044 0.522140
v -0.174941 -0.050910 0.522140
v -0.166023 -0.054155 0.522140
v -0.166023 -0.054155 0.522140
v -0.174941 -0.050910 0.522140
v -0.174941 -0.050910 0.522140
v -0.174941 -0.050910 0.522140
v -0.174941 -0.050910 0.522140
v -0.177053 -0.052458 0.522140
v -0.177053 -0.052458 0.522140
v -0.177053 -0.052458 0.522140
v -0.177053 -0.052458 0.522140
v -0.178411 -0.054696 0.522140
v -0.178411 -0.054696 0.522140
v -0.178411 -0.054696 0.522140
v -0.178411 -0.054696 0.522140
v -0.178411 -0.054696 0.522140
v -0.178809 -0.057284 0.522140
v -0.178809 -0.057284 0.522140
v -0.178809 -0.057284 0.522140
v -0.178809 -0.057284 0.522140
v -0.178809 -0.057284 0.522140
v -0.178187 -0.059827 0.522140
v -0.178187 -0.059827 0.522140
v -0.178187 -0.059827 0.522140
v -0.178187 -0.059827 0.522140
v -0.166023 -0.054155 0.522140
v -0.165401 -0.056699 0.522140
v -0.166023 -0.054155 0.522140
v -0.165401 -0.056699 0.522140
v -0.165401 -0.056699 0.522140
v -0.165401 -0.056699 0.522140
v -0.165401 -0.056699 0.522140
v -0.165799 -0.059286 0.522140
v -0.165799 -0.059286 0.522140
v -0.165799 -0.059286 0.522140
v -0.165799 -0.059286 0.522140
v -0.165799 -0.059286 0.522140
v -0.167158 -0.061525 0.522140
v -0.167158 -0.061525 0.522140
v -0.167158 -0.061525 0.522140
v -0.167158 -0.061525 0.522140
v -0.167158 -0.061525 0.522140
v -0.169269 -0.063073 0.522140
v -0.169269 -0.063073 0.522140
v -0.169269 -0.063073 0.522140
v -0.169269 -0.063073 0.522140
v -0.169269 -0.063073 0.522140
v -0.169269 -0.063073 0.522140
v -0.178187 -0.059827 0.522140
v -0.169269 -0.063073 0.522140
v -0.178187 -0.059827 0.522140
v -0.176639 -0.061939 0.522140
v -0.169269 -0.063073 0.522140
v -0.176639 -0.061939 0.522140
v -0.171812 -0.063695 0.522140
v -0.171812 -0.063695 0.522140
v -0.176639 -0.061939 0.522140
v -0.174400 -0.063297 0.522140
v -0.397322 -0.055619 0.519853
v -0.394694 -0.056094 0.525226
v -0.394694 -0.056094 0.519853
v -0.397322 -0.055619 0.525226
v -0.399932 -0.056186 0.519853
v -0.399932 -0.056186 0.525226
v -0.402126 -0.057708 0.525226
v -0.402126 -0.057708 0.519853
v -0.403571 -0.059954 0.525226
v -0.403571 -0.059954 0.519853
v -0.404046 -0.062582 0.525226
v -0.404046 -0.062582 0.519853
v -0.403479 -0.065192 0.525226
v -0.403479 -0.065192 0.519853
v -0.401957 -0.067386 0.519853
v -0.401957 -0.067386 0.525226
v -0.399711 -0.068831 0.519853
v -0.399711 -0.068831 0.525226
v -0.397083 -0.069306 0.519853
v -0.397083 -0.069306 0.525226
v -0.394473 -0.068739 0.519853
v -0.394473 -0.068739 0.525226
v -0.392279 -0.067217 0.525226
v -0.392279 -0.067217 0.519853
v -0.390834 -0.064971 0.525226
v -0.390834 -0.064971 0.519853
v -0.390359 -0.062343 0.525226
v -0.390359 -0.062343 0.519853
v -0.390926 -0.059733 0.525226
v -0.390926 -0.059733 0.519853
v -0.392448 -0.057539 0.519853
v -0.392448 -0.057539 0.525226
v -0.399132 -0.066783 0.525226
v -0.397948 -0.067135 0.525226
v -0.396713 -0.067169 0.525226
v -0.398928 -0.066843 0.525226
v -0.395512 -0.066882 0.525226
v -0.394426 -0.066294 0.525226
v -0.393529 -0.065444 0.525226
v -0.392882 -0.064392 0.525226
v -0.392822 -0.064188 0.525226
v -0.392530 -0.063208 0.525226
v -0.392496 -0.061974 0.525226
v -0.392783 -0.060772 0.525226
v -0.393371 -0.059686 0.525226
v -0.394221 -0.058789 0.525226
v -0.395273 -0.058142 0.525226
v -0.400184 -0.066136 0.525226
v -0.401033 -0.065239 0.525226
v -0.401622 -0.064153 0.525226
v -0.401909 -0.062952 0.525226
v -0.401875 -0.061717 0.525226
v -0.401583 -0.060737 0.525226
v -0.401523 -0.060533 0.525226
v -0.400876 -0.059481 0.525226
v -0.399979 -0.058632 0.525226
v -0.398893 -0.058043 0.525226
v -0.397691 -0.057756 0.525226
v -0.396457 -0.057790 0.525226
v -0.395477 -0.058082 0.525226
v -0.397322 -0.055619 0.525226
v -0.397322 -0.055619 0.519853
v -0.397322 -0.055619 0.525226
v -0.399932 -0.056186 0.519853
v -0.399932 -0.056186 0.519853
v -0.399932 -0.056186 0.525226
v -0.402126 -0.057708 0.519853
v -0.402126 -0.057708 0.519853
v -0.402126 -0.057708 0.525226
v -0.403571 -0.059954 0.519853
v -0.403571 -0.059954 0.519853
v -0.403571 -0.059954 0.525226
v -0.404046 -0.062582 0.519853
v -0.404046 -0.062582 0.519853
v -0.404046 -0.062582 0.525226
v -0.403479 -0.065192 0.525226
v -0.403479 -0.065192 0.525226
v -0.403479 -0.065192 0.519853
v -0.401957 -0.067386 0.525226
v -0.401957 -0.067386 0.525226
v -0.401957 -0.067386 0.519853
v -0.399711 -0.068831 0.525226
v -0.399711 -0.068831 0.525226
v -0.399711 -0.068831 0.519853
v -0.397083 -0.069306 0.525226
v -0.397083 -0.069306 0.525226
v -0.397083 -0.069306 0.519853
v -0.394473 -0.068739 0.519853
v -0.394473 -0.068739 0.519853
v -0.394473 -0.068739 0.525226
v -0.392279 -0.067217 0.519853
v -0.392279 -0.067217 0.519853
v -0.392279 -0.067217 0.525226
v -0.390834 -0.064971 0.519853
v -0.390834 -0.064971 0.519853
v -0.390834 -0.064971 0.525226
v -0.390359 -0.062343 0.519853
v -0.390359 -0.062343 0.519853
v -0.390359 -0.062343 0.525226
v -0.390926 -0.059733 0.525226
v -0.390926 -0.059733 0.519853
v -0.390926 -0.059733 0.525226
v -0.394694 -0.056094 0.519853
v -0.392448 -0.057539 0.525226
v -0.392448 -0.057539 0.519853
v -0.392448 -0.057539 0.525226
v -0.394694 -0.056094 0.519853
v -0.394694 -0.056094 0.525226
v -0.397083 -0.069306 0.525226
v -0.401957 -0.067386 0.525226
v -0.399711 -0.068831 0.525226
v -0.401957 -0.067386 0.525226
v -0.397083 -0.069306 0.525226
v -0.394473 -0.068739 0.525226
v -0.401957 -0.067386 0.525226
v -0.394473 -0.068739 0.525226
v -0.403479 -0.065192 0.525226
v -0.403479 -0.065192 0.525226
v -0.394473 -0.068739 0.525226
v -0.394473 -0.068739 0.525226
v -0.394473 -0.068739 0.525226
v -0.394473 -0.068739 0.525226
v -0.392279 -0.067217 0.525226
v -0.392279 -0.067217 0.525226
v -0.392279 -0.067217 0.525226
v -0.392279 -0.067217 0.525226
v -0.390834 -0.064971 0.525226
v -0.390834 -0.064971 0.525226
v -0.390834 -0.064971 0.525226
v -0.390834 -0.064971 0.525226
v -0.390834 -0.064971 0.525226
v -0.390359 -0.062343 0.525226
v -0.390359 -0.062343 0.525226
v -0.390359 -0.062343 0.525226
v -0.390359 -0.062343 0.525226
v -0.390359 -0.062343 0.525226
v -0.390926 -0.059733 0.525226
v -0.390926 -0.059733 0.525226
v -0.390926 -0.059733 0.525226
v -0.390926 -0.059733 0.525226
v -0.403479 -0.065192 0.525226
v -0.404046 -0.062582 0.525226
v -0.403479 -0.065192 0.525226
v -0.404046 -0.062582 0.525226
v -0.404046 -0.062582 0.525226
v -0.404046 -0.062582 0.525226
v -0.404046 -0.062582 0.525226
v -0.403571 -0.059954 0.525226
v -0.403571 -0.059954 0.525226
v -0.403571 -0.059954 0.525226
v -0.403571 -0.059954 0.525226
v -0.403571 -0.059954 0.525226
v -0.402126 -0.057708 0.525226
v -0.402126 -0.057708 0.525226
v -0.402126 -0.057708 0.525226
v -0.402126 -0.057708 0.525226
v -0.402126 -0.057708 0.525226
v -0.399932 -0.056186 0.525226
v -0.399932 -0.056186 0.525226
v -0.399932 -0.056186 0.525226
v -0.399932 -0.056186 0.525226
v -0.399932 -0.056186 0.525226
v -0.399932 -0.056186 0.525226
v -0.390926 -0.059733 0.525226
v -0.399932 -0.056186 0.525226
v -0.390926 -0.059733 0.525226
v -0.392448 -0.057539 0.525226
v -0.399932 -0.056186 0.525226
v -0.392448 -0.057539 0.525226
v -0.397322 -0.055619 0.525226
v -0.397322 -0.055619 0.525226
v -0.392448 -0.057539 0.525226
v -0.394694 -0.056094 0.525226
v 0.003754 -0.129978 0.504594
v 0.005858 -0.131710 0.510295
v 0.005858 -0.131710 0.504594
v 0.003754 -0.129978 0.510295
v 0.001147 -0.129184 0.504594
v 0.001147 -0.129184 0.510295
v -0.001565 -0.129447 0.510295
v -0.001565 -0.129447 0.504594
v -0.003970 -0.130729 0.510295
v -0.003970 -0.130729 0.504594
v -0.005701 -0.132833 0.510295
v -0.005701 -0.132833 0.504594
v -0.006496 -0.135440 0.510295
v -0.006496 -0.135440 0.504594
v -0.006232 -0.138152 0.504594
v -0.006232 -0.138152 0.510295
v -0.004951 -0.140557 0.504594
v -0.004951 -0.140557 0.510295
v -0.002847 -0.142289 0.504594
v -0.002847 -0.142289 0.510295
v -0.000240 -0.143083 0.504594
v -0.000240 -0.143083 0.510295
v 0.002472 -0.142819 0.510295
v 0.002472 -0.142819 0.504594
v 0.004877 -0.141538 0.510295
v 0.004877 -0.141538 0.504594
v 0.006609 -0.139434 0.510295
v 0.006609 -0.139434 0.504594
v 0.007403 -0.136827 0.510295
v 0.007403 -0.136827 0.504594
v 0.007140 -0.134115 0.504594
v 0.007140 -0.134115 0.510295
v -0.003416 -0.139021 0.510295
v -0.002536 -0.139924 0.510295
v -0.001453 -0.140569 0.510295
v -0.003264 -0.139176 0.510295
v -0.000240 -0.140911 0.510295
v 0.001020 -0.140928 0.510295
v 0.002241 -0.140618 0.510295
v 0.003341 -0.140003 0.510295
v 0.003497 -0.139851 0.510295
v 0.004244 -0.139123 0.510295
v 0.004889 -0.138040 0.510295
v 0.005232 -0.136828 0.510295
v 0.005248 -0.135567 0.510295
v 0.004939 -0.134346 0.510295
v 0.004323 -0.133246 0.510295
v -0.004031 -0.137921 0.510295
v -0.004341 -0.136699 0.510295
v -0.004324 -0.135439 0.510295
v -0.003982 -0.134226 0.510295
v -0.003337 -0.133143 0.510295
v -0.002589 -0.132415 0.510295
v -0.002434 -0.132264 0.510295
v -0.001334 -0.131648 0.510295
v -0.000112 -0.131339 0.510295
v 0.001148 -0.131355 0.510295
v 0.002361 -0.131698 0.510295
v 0.003444 -0.132343 0.510295
v 0.004172 -0.133090 0.510295
v 0.003754 -0.129978 0.510295
v 0.003754 -0.129978 0.504594
v 0.003754 -0.129978 0.510295
v 0.001147 -0.129184 0.504594
v 0.001147 -0.129184 0.504594
v 0.001147 -0.129184 0.510295
v -0.001565 -0.129447 0.504594
v -0.001565 -0.129447 0.504594
v -0.001565 -0.129447 0.510295
v -0.003970 -0.130729 0.504594
v -0.003970 -0.130729 0.504594
v -0.003970 -0.130729 0.510295
v -0.005701 -0.132833 0.504594
v -0.005701 -0.132833 0.504594
v -0.005701 -0.132833 0.510295
v -0.006496 -0.135440 0.510295
v -0.006496 -0.135440 0.510295
v -0.006496 -0.135440 0.504594
v -0.006232 -0.138152 0.510295
v -0.006232 -0.138152 0.510295
v -0.006232 -0.138152 0.504594
v -0.004951 -0.140557 0.510295
v -0.004951 -0.140557 0.510295
v -0.004951 -0.140557 0.504594
v -0.002847 -0.142289 0.510295
v -0.002847 -0.142289 0.510295
v -0.002847 -0.142289 0.504594
v -0.000240 -0.143083 0.504594
v -0.000240 -0.143083 0.504594
v -0.000240 -0.143083 0.510295
v 0.002472 -0.142819 0.504594
v 0.002472 -0.142819 0.504594
v 0.002472 -0.142819 0.510295
v 0.004877 -0.141538 0.504594
v 0.004877 -0.141538 0.504594
v 0.004877 -0.141538 0.510295
v 0.006609 -0.139434 0.504594
v 0.006609 -0.139434 0.504594
v 0.006609 -0.139434 0.510295
v 0.007403 -0.136827 0.510295
v 0.007403 -0.136827 0.504594
v 0.007403 -0.136827 0.510295
v 0.005858 -0.131710 0.504594
v 0.007140 -0.134115 0.510295
v 0.007140 -0.134115 0.504594
v 0.007140 -0.134115 0.510295
v 0.005858 -0.131710 0.504594
v 0.005858 -0.131710 0.510295
v -0.002847 -0.142289 0.510295
v -0.006232 -0.138152 0.510295
v -0.004951 -0.140557 0.510295
v -0.006232 -0.138152 0.510295
v -0.002847 -0.142289 0.510295
v -0.000240 -0.143083 0.510295
v -0.006232 -0.138152 0.510295
v -0.000240 -0.143083 0.510295
v -0.006496 -0.135440 0.510295
v -0.006496 -0.135440 0.510295
v -0.000240 -0.143083 0.510295
v -0.000240 -0.143083 0.510295
v -0.000240 -0.143083 0.510295
v -0.000240 -0.143083 0.510295
v 0.002472 -0.142819 0.510295
v 0.002472 -0.142819 0.510295
v 0.002472 -0.142819 0.510295
v 0.002472 -0.142819 0.510295
v 0.004877 -0.141538 0.510295
v 0.004877 -0.141538 0.510295
v 0.004877 -0.141538 0.510295
v 0.004877 -0.141538 0.510295
v 0.004877 -0.141538 0.510295
v 0.006609 -0.139434 0.510295
v 0.006609 -0.139434 0.510295
v 0.006609 -0.139434 0.510295
v 0.006609 -0.139434 0.510295
v 0.006609 -0.139434 0.510295
v 0.007403 -0.136827 0.510295
v 0.007403 -0.136827 0.510295
v 0.007403 -0.136827 0.510295
v 0.007403 -0.136827 0.510295
v -0.006496 -0.135440 0.510295
v -0.005701 -0.132833 0.510295
v -0.006496 -0.135440 0.510295
v -0.005701 -0.132833 0.510295
v -0.005701 -0.132833 0.510295
v -0.005701 -0.132833 0.510295
v -0.005701 -0.132833 0.510295
v -0.003970 -0.130729 0.510295
v -0.003970 -0.130729 0.510295
v -0.003970 -0.130729 0.510295
v -0.003970 -0.130729 0.510295
v -0.003970 -0.130729 0.510295
v -0.001565 -0.129447 0.510295
v -0.001565 -0.129447 0.510295
v -0.001565 -0.129447 0.510295
v -0.001565 -0.129447 0.510295
v -0.001565 -0.129447 0.510295
v 0.001147 -0.129184 0.510295
v 0.001147 -0.129184 0.510295
v 0.001147 -0.129184 0.510295
v 0.001147 -0.129184 0.510295
v 0.001147 -0.129184 0.510295
v 0.001147 -0.129184 0.510295
v 0.007403 -0.136827 0.510295
v 0.001147 -0.129184 0.510295
v 0.007403 -0.136827 0.510295
v 0.007140 -0.134115 0.510295
v 0.001147 -0.129184 0.510295
v 0.007140 -0.134115 0.510295
v 0.003754 -0.129978 0.510295
v 0.003754 -0.129978 0.510295
v 0.007140 -0.134115 0.510295
v 0.005858 -0.131710 0.510295
v -0.019277 -0.121301 0.505546
v -0.017173 -0.123033 0.511248
v -0.017173 -0.123033 0.505546
v -0.019277 -0.121301 0.511248
v -0.021884 -0.120507 0.505546
v -0.021884 -0.120507 0.511248
v -0.024596 -0.120770 0.511248
v -0.024596 -0.120770 0.505546
v -0.027001 -0.122052 0.511248
v -0.027001 -0.122052 0.505546
v -0.028733 -0.124156 0.511248
v -0.028733 -0.124156 0.505546
v -0.029527 -0.126763 0.511248
v -0.029527 -0.126763 0.505546
v -0.029263 -0.129475 0.505546
v -0.029263 -0.129475 0.511248
v -0.027982 -0.131880 0.505546
v -0.027982 -0.131880 0.511248
v -0.025878 -0.133612 0.505546
v -0.025878 -0.133612 0.511248
v -0.023271 -0.134406 0.505546
v -0.023271 -0.134406 0.511248
v -0.020559 -0.134143 0.511248
v -0.020559 -0.134143 0.505546
v -0.018154 -0.132861 0.511248
v -0.018154 -0.132861 0.505546
v -0.016422 -0.130757 0.511248
v -0.016422 -0.130757 0.505546
v -0.015628 -0.128150 0.511248
v -0.015628 -0.128150 0.505546
v -0.015891 -0.125438 0.505546
v -0.015891 -0.125438 0.511248
v -0.026447 -0.130344 0.511248
v -0.025567 -0.131247 0.511248
v -0.024485 -0.131892 0.511248
v -0.026295 -0.130500 0.511248
v -0.023272 -0.132234 0.511248
v -0.022011 -0.132251 0.511248
v -0.020790 -0.131941 0.511248
v -0.019690 -0.131326 0.511248
v -0.019534 -0.131174 0.511248
v -0.018787 -0.130447 0.511248
v -0.018142 -0.129364 0.511248
v -0.017800 -0.128151 0.511248
v -0.017783 -0.126891 0.511248
v -0.018093 -0.125669 0.511248
v -0.018708 -0.124569 0.511248
v -0.027062 -0.129244 0.511248
v -0.027372 -0.128023 0.511248
v -0.027355 -0.126762 0.511248
v -0.027013 -0.125549 0.511248
v -0.026368 -0.124466 0.511248
v -0.025620 -0.123739 0.511248
v -0.025465 -0.123587 0.511248
v -0.024365 -0.122972 0.511248
v -0.023143 -0.122662 0.511248
v -0.021883 -0.122679 0.511248
v -0.020670 -0.123021 0.511248
v -0.019587 -0.123666 0.511248
v -0.018859 -0.124413 0.511248
v -0.019277 -0.121301 0.511248
v -0.019277 -0.121301 0.505546
v -0.019277 -0.121301 0.511248
v -0.021884 -0.120507 0.505546
v -0.021884 -0.120507 0.505546
v -0.021884 -0.120507 0.511248
v -0.024596 -0.120770 0.505546
v -0.024596 -0.120770 0.505546
v -0.024596 -0.120770 0.511248
v -0.027001 -0.122052 0.505546
v -0.027001 -0.122052 0.505546
v -0.027001 -0.122052 0.511248
v -0.028733 -0.124156 0.505546
v -0.028733 -0.124156 0.505546
v -0.028733 -0.124156 0.511248
v -0.029527 -0.126763 0.511248
v -0.029527 -0.126763 0.511248
v -0.029527 -0.126763 0.505546
v -0.029263 -0.129475 0.511248
v -0.029263 -0.129475 0.511248
v -0.029263 -0.129475 0.505546
v -0.027982 -0.131880 0.511248
v -0.027982 -0.131880 0.511248
v -0.027982 -0.131880 0.505546
v -0.025878 -0.133612 0.511248
v -0.025878 -0.133612 0.511248
v -0.025878 -0.133612 0.505546
v -0.023271 -0.134406 0.505546
v -0.023271 -0.134406 0.505546
v -0.023271 -0.134406 0.511248
v -0.020559 -0.134143 0.505546
v -0.020559 -0.134143 0.505546
v -0.020559 -0.134143 0.511248
v -0.018154 -0.132861 0.505546
v -0.018154 -0.132861 0.505546
v -0.018154 -0.132861 0.511248
v -0.016422 -0.130757 0.505546
v -0.016422 -0.130757 0.505546
v -0.016422 -0.130757 0.511248
v -0.015628 -0.128150 0.511248
v -0.015628 -0.128150 0.505546
v -0.015628 -0.128150 0.511248
v -0.017173 -0.123033 0.505546
v -0.015891 -0.125438 0.511248
v -0.015891 -0.125438 0.505546
v -0.015891 -0.125438 0.511248
v -0.017173 -0.123033 0.505546
v -0.017173 -0.123033 0.511248
v -0.025878 -0.133612 0.511248
v -0.029263 -0.129475 0.511248
v -0.027982 -0.131880 0.511248
v -0.029263 -0.129475 0.511248
v -0.025878 -0.133612 0.511248
v -0.023271 -0.134406 0.511248
v -0.029263 -0.129475 0.511248
v -0.023271 -0.134406 0.511248
v -0.029527 -0.126763 0.511248
v -0.029527 -0.126763 0.511248
v -0.023271 -0.134406 0.511248
v -0.023271 -0.134406 0.511248
v -0.023271 -0.134406 0.511248
v -0.023271 -0.134406 0.511248
v -0.020559 -0.134143 0.511248
v -0.020559 -0.134143 0.511248
v -0.020559 -0.134143 0.511248
v -0.020559 -0.134143 0.511248
v -0.018154 -0.132861 0.511248
v -0.018154 -0.132861 0.511248
v -0.018154 -0.132861 0.511248
v -0.018154 -0.132861 0.511248
v -0.018154 -0.132861 0.511248
v -0.016422 -0.130757 0.511248
v -0.016422 -0.130757 0.511248
v -0.016422 -0.130757 0.511248
v -0.016422 -0.130757 0.511248
v -0.016422 -0.130757 0.511248
v -0.015628 -0.128150 0.511248
v -0.015628 -0.128150 0.511248
v -0.015628 -0.128150 0.511248
v -0.015628 -0.128150 0.511248
v -0.029527 -0.126763 0.511248
v -0.028733 -0.124156 0.511248
v -0.029527 -0.126763 0.511248
v -0.028733 -0.124156 0.511248
v -0.028733 -0.124156 0.511248
v -0.028733 -0.124156 0.511248
v -0.028733 -0.124156 0.511248
v -0.027001 -0.122052 0.511248
v -0.027001 -0.122052 0.511248
v -0.027001 -0.122052 0.511248
v -0.027001 -0.122052 0.511248
v -0.027001 -0.122052 0.511248
v -0.024596 -0.120770 0.511248
v -0.024596 -0.120770 0.511248
v -0.024596 -0.120770 0.511248
v -0.024596 -0.120770 0.511248
v -0.024596 -0.120770 0.511248
v -0.021884 -0.120507 0.511248
v -0.021884 -0.120507 0.511248
v -0.021884 -0.120507 0.511248
v -0.021884 -0.120507 0.511248
v -0.021884 -0.120507 0.511248
v -0.021884 -0.120507 0.511248
v -0.015628 -0.128150 0.511248
v -0.021884 -0.120507 0.511248
v -0.015628 -0.128150 0.511248
v -0.015891 -0.125438 0.511248
v -0.021884 -0.120507 0.511248
v -0.015891 -0.125438 0.511248
v -0.019277 -0.121301 0.511248
v -0.019277 -0.121301 0.511248
v -0.015891 -0.125438 0.511248
v -0.017173 -0.123033 0.511248
f 1 2 3
f 2 1 4
f 5 61 62
f 63 5 6
f 7 64 8
f 65 7 66
f 9 67 10
f 68 9 69
f 11 70 12
f 71 11 72
f 13 73 14
f 74 13 75
f 76 15 16
f 15 77 78
f 79 17 18
f 17 80 81
f 82 19 20
f 19 83 84
f 85 21 22
f 21 86 87
f 23 88 24
f 89 23 90
f 25 91 26
f 92 25 93
f 27 94 28
f 95 27 96
f 29 97 30
f 98 29 99
f 31 100 101
f 102 31 32
f 103 104 105
f 106 107 108
f 109 110 111
f 112 113 114
f 115 116 117
f 118 119 33
f 33 120 34
f 34 121 35
f 35 122 123
f 33 34 36
f 35 124 37
f 37 125 38
f 38 126 127
f 38 128 39
f 39 129 40
f 40 130 41
f 41 131 132
f 41 133 42
f 42 134 43
f 43 135 44
f 44 136 137
f 44 138 45
f 45 139 46
f 46 140 47
f 141 48 142
f 48 143 33
f 144 48 49
f 145 49 50
f 146 50 51
f 147 51 148
f 149 51 52
f 150 52 53
f 151 53 54
f 152 54 153
f 154 54 55
f 155 55 56
f 156 56 57
f 157 57 158
f 159 57 58
f 160 58 59
f 161 59 60
f 162 60 47
f 163 47 164
f 165 166 167
f 168 169 170
f 171 172 173
f 174 175 176
f 175 174 177
f 178 234 235
f 236 178 179
f 180 237 181
f 238 180 239
f 182 240 183
f 241 182 242
f 184 243 185
f 244 184 245
f 186 246 187
f 247 186 248
f 249 188 189
f 188 250 251
f 252 190 191
f 190 253 254
f 255 192 193
f 192 256 257
f 258 194 195
f 194 259 260
f 196 261 197
f 262 196 263
f 198 264 199
f 265 198 266
f 200 267 201
f 268 200 269
f 202 270 203
f 271 202 272
f 204 273 274
f 275 204 205
f 276 277 278
f 279 280 281
f 282 283 284
f 285 286 287
f 288 289 290
f 291 292 206
f 206 293 207
f 207 294 208
f 208 295 296
f 206 207 209
f 208 297 210
f 210 298 211
f 211 299 300
f 211 301 212
f 212 302 213
f 213 303 214
f 214 304 305
f 214 306 215
f 215 307 216
f 216 308 217
f 217 309 310
f 217 311 218
f 218 312 219
f 219 313 220
f 314 221 315
f 221 316 206
f 317 221 222
f 318 222 223
f 319 223 224
f 320 224 321
f 322 224 225
f 323 225 226
f 324 226 227
f 325 227 326
f 327 227 228
f 328 228 229
f 329 229 230
f 330 230 331
f 332 230 231
f 333 231 232
f 334 232 233
f 335 233 220
f 336 220 337
f 338 339 340
f 341 342 343
f 344 345 346
f 347 348 349
f 348 347 350
f 351 407 408
f 409 351 352
f 353 410 354
f 411 353 412
f 355 413 356
f 414 355 415
f 357 416 358
f 417 357 418
f 359 419 360
f 420 359 421
f 422 361 362
f 361 423 424
f 425 363 364
f 363 426 427
f 428 365 366
f 365 429 430
f 431 367 368
f 367 432 433
f 369 434 370
f 435 369 436
f 371 437 372
f 438 371 439
f 373 440 374
f 441 373 442
f 375 443 376
f 444 375 445
f 377 446 447
f 448 377 378
f 449 450 451
f 452 453 454
f 455 456 457
f 458 459 460
f 461 462 463
f 464 465 379
f 379 466 380
f 380 467 381
f 381 468 469
f 379 380 382
f 381 470 383
f 383 471 384
f 384 472 473
f 384 474 385
f 385 475 386
f 386 476 387
f 387 477 478
f 387 479 388
f 388 480 389
f 389 481 390
f 390 482 483
f 390 484 391
f 391 485 392
f 392 486 393
f 487 394 488
f 394 489 379
f 490 394 395
f 491 395 396
f 492 396 397
f 493 397 494
f 495 397 398
f 496 398 399
f 497 399 400
f 498 400 499
f 500 400 401
f 501 401 402
f 502 402 403
f 503 403 504
f 505 403 404
f 506 404 405
f 507 405 406
f 508 406 393
f 509 393 510
f 511 512 513
f 514 515 516
f 517 518 519
f 520 521 522
f 521 520 523
f 524 580 581
f 582 524 525
f 526 583 527
f 584 526 585
f 528 586 529
f 587 528 588
f 530 589 531
f 590 530 591
f 532 592 533
f 593 532 594
f 595 534 535
f 534 596 597
f 598 536 537
f 536 599 600
f 601 538 539
f 538 602 603
f 604 540 541
f 540 605 606
f 542 607 543
f 608 542 609
f 544 610 545
f 611 544 612
f 546 613 547
f 614 546 615
f 548 616 549
f 617 548 618
f 550 619 620
f 621 550 551
f 622 623 624
f 625 626 627
f 628 629 630
f 631 632 633
f 634 635 636
f 637 638 552
f 552 639 553
f 553 640 554
f 554 641 642
f 552 553 555
f 554 643 556
f 556 644 557
f 557 645 646
f 557 647 558
f 558 648 559
f 559 649 560
f 560 650 651
f 560 652 561
f 561 653 562
f 562 654 563
f 563 655 656
f 563 657 564
f 564 658 565
f 565 659 566
f 660 567 661
f 567 662 552
f 663 567 568
f 664 568 569
f 665 569 570
f 666 570 667
f 668 570 571
f 669 571 572
f 670 572 573
f 671 573 672
f 673 573 574
f 674 574 575
f 675 575 576
f 676 576 677
f 678 576 577
f 679 577 578
f 680 578 579
f 681 579 566
f 682 566 683
f 684 685 686
f 687 688 689
f 690 691 692
f 693 694 695
f 694 693 696
f 697 753 754
f 755 697 698
f 699 756 700
f 757 699 758
f 701 759 702
f 760 701 761
f 703 762 704
f 763 703 764
f 705 765 706
f 766 705 767
f 768 707 708
f 707 769 770
f 771 709 710
f 709 772 773
f 774 711 712
f 711 775 776
f 777 713 714
f 713 778 779
f 715 780 716
f 781 715 782
f 717 783 718
f 784 717 785
f 719 786 720
f 787 719 788
f 721 789 722
f 790 721 791
f 723 792 793
f 794 723 724
f 795 796 797
f 798 799 800
f 801 802 803
f 804 805 806
f 807 808 809
f 810 811 725
f 725 812 726
f 726 813 727
f 727 814 815
f 725 726 728
f 727 816 729
f 729 817 730
f 730 818 819
f 730 820 731
f 731 821 732
f 732 822 733
f 733 823 824
f 733 825 734
f 734 826 735
f 735 827 736
f 736 828 829
f 736 830 737
f 737 831 738
f 738 832 739
f 833 740 834
f 740 835 725
f 836 740 741
f 837 741 742
f 838 742 743
f 839 743 840
f 841 743 744
f 842 744 745
f 843 745 746
f 844 746 845
f 846 746 747
f 847 747 748
f 848 748 749
f 849 749 850
f 851 749 750
f 852 750 751
f 853 751 752
f 854 752 739
f 855 739 856
f 857 858 859
f 860 861 862
f 863 864 865
f 866 867 868
f 867 866 869
f 870 926 927
f 928 870 871
f 872 929 873
f 930 872 931
f 874 932 875
f 933 874 934
f 876 935 877
f 936 876 937
f 878 938 879
f 939 878 940
f 941 880 881
f 880 942 943
f 944 882 883
f 882 945 946
f 947 884 885
f 884 948 949
f 950 886 887
f 886 951 952
f 888 953 889
f 954 888 955
f 890 956 891
f 957 890 958
f 892 959 893
f 960 892 961
f 894 962 895
f 963 894 964
f 896 965 966
f 967 896 897
f 968 969 970
f 971 972 973
f 974 975 976
f 977 978 979
f 980 981 982
f 983 984 898
f 898 985 899
f 899 986 900
f 900 987 988
f 898 899 901
f 900 989 902
f 902 990 903
f 903 991 992
f 903 993 904
f 904 994 905
f 905 995 906
f 906 996 997
f 906 998 907
f 907 999 908
f 908 1000 909
f 909 1001 1002
f 909 1003 910
f 910 1004 911
f 911 1005 912
f 1006 913 1007
f 913 1008 898
f 1009 913 914
f 1010 914 915
f 1011 915 916
f 1012 916 1013
f 1014 916 917
f 1015 917 918
f 1016 918 919
f 1017 919 1018
f 1019 919 920
f 1020 920 921
f 1021 921 922
f 1022 922 1023
f 1024 922 923
f 1025 923 924
f 1026 924 925
f 1027 925 912
f 1028 912 1029
f 1030 1031 1032
f 1033 1034 1035
f 1036 1037 1038
f 1039 1040 1041
f 1040 1039 1042
f 1043 1099 1100
f 1101 1043 1044
f 1045 1102 1046
f 1103 1045 1104
f 1047 1105 1048
f 1106 1047 1107
f 1049 1108 1050
f 1109 1049 1110
f 1051 1111 1052
f 1112 1051 1113
f 1114 1053 1054
f 1053 1115 1116
f 1117 1055 1056
f 1055 1118 1119
f 1120 1057 1058
f 1057 1121 1122
f 1123 1059 1060
f 1059 1124 1125
f 1061 1126 1062
f 1127 1061 1128
f 1063 1129 1064
f 1130 1063 1131
f 1065 1132 1066
f 1133 1065 1134
f 1067 1135 1068
f 1136 1067 1137
f 1069 1138 1139
f 1140 1069 1070
f 1141 1142 1143
f 1144 1145 1146
f 1147 1148 1149
f 1150 1151 1152
f 1153 1154 1155
f 1156 1157 1071
f 1071 1158 1072
f 1072 1159 1073
f 1073 1160 1161
f 1071 1072 1074
f 1073 1162 1075
f 1075 1163 1076
f 1076 1164 1165
f 1076 1166 1077
f 1077 1167 1078
f 1078 1168 1079
f 1079 1169 1170
f 1079 1171 1080
f 1080 1172 1081
f 1081 1173 1082
f 1082 1174 1175
f 1082 1176 1083
f 1083 1177 1084
f 1084 1178 1085
f 1179 1086 1180
f 1086 1181 1071
f 1182 1086 1087
f 1183 1087 1088
f 1184 1088 1089
f 1185 1089 1186
f 1187 1089 1090
f 1188 1090 1091
f 1189 1091 1092
f 1190 1092 1191
f 1192 1092 1093
f 1193 1093 1094
f 1194 1094 1095
f 1195 1095 1196
f 1197 1095 1096
f 1198 1096 1097
f 1199 1097 1098
f 1200 1098 1085
f 1201 1085 1202
f 1203 1204 1205
f 1206 1207 1208
f 1209 1210 1211
f 1212 1213 1214
f 1213 1212 1215
f 1216 1272 1273
f 1274 1216 1217
f 1218 1275 1219
f 1276 1218 1277
f 1220 1278 1221
f 1279 1220 1280
f 1222 1281 1223
f 1282 1222 1283
f 1224 1284 1225
f 1285 1224 1286
f 1287 1226 1227
f 1226 1288 1289
f 1290 1228 1229
f 1228 1291 1292
f 1293 1230 1231
f 1230 1294 1295
f 1296 1232 1233
f 1232 1297 1298
f 1234 1299 1235
f 1300 1234 1301
f 1236 1302 1237
f 1303 1236 1304
f 1238 1305 1239
f 1306 1238 1307
f 1240 1308 1241
f 1309 1240 1310
f 1242 1311 1312
f 1313 1242 1243
f 1314 1315 1316
f 1317 1318 1319
f 1320 1321 1322
f 1323 1324 1325
f 1326 1327 1328
f 1329 1330 1244
f 1244 1331 1245
f 1245 1332 1246
f 1246 1333 1334
f 1244 1245 1247
f 1246 1335 1248
f 1248 1336 1249
f 1249 1337 1338
f 1249 1339 1250
f 1250 1340 1251
f 1251 1341 1252
f 1252 1342 1343
f 1252 1344 1253
f 1253 1345 1254
f 1254 1346 1255
f 1255 1347 1348
f 1255 1349 1256
f 1256 1350 1257
f 1257 1351 1258
f 1352 1259 1353
f 1259 1354 1244
f 1355 1259 1260
f 1356 1260 1261
f 1357 1261 1262
f 1358 1262 1359
f 1360 1262 1263
f 1361 1263 1264
f 1362 1264 1265
f 1363 1265 1364
f 1365 1265 1266
f 1366 1266 1267
f 1367 1267 1268
f 1368 1268 1369
f 1370 1268 1269
f 1371 1269 1270
f 1372 1270 1271
f 1373 1271 1258
f 1374 1258 1375
f 1376 1377 1378
f 1379 1380 1381
f 1382 1383 1384
f 1385 1386 1387
f 1386 1385 1388
f 1389 1445 1446
f 1447 1389 1390
f 1391 1448 1392
f 1449 1391 1450
f 1393 1451 1394
f 1452 1393 1453
f 1395 1454 1396
f 1455 1395 1456
f 1397 1457 1398
f 1458 1397 1459
f 1460 1399 1400
f 1399 1461 1462
f 1463 1401 1402
f 1401 1464 1465
f 1466 1403 1404
f 1403 1467 1468
f 1469 1405 1406
f 1405 1470 1471
f 1407 1472 1408
f 1473 1407 1474
f 1409 1475 1410
f 1476 1409 1477
f 1411 1478 1412
f 1479 1411 1480
f 1413 1481 1414
f 1482 1413 1483
f 1415 1484 1485
f 1486 1415 1416
f 1487 1488 1489
f 1490 1491 1492
f 1493 1494 1495
f 1496 1497 1498
f 1499 1500 1501
f 1502 1503 1417
f 1417 1504 1418
f 1418 1505 1419
f 1419 1506 1507
f 1417 1418 1420
f 1419 1508 1421
f 1421 1509 1422
f 1422 1510 1511
f 1422 1512 1423
f 1423 1513 1424
f 1424 1514 1425
f 1425 1515 1516
f 1425 1517 1426
f 1426 1518 1427
f 1427 1519 1428
f 1428 1520 1521
f 1428 1522 1429
f 1429 1523 1430
f 1430 1524 1431
f 1525 1432 1526
f 1432 1527 1417
f 1528 1432 1433
f 1529 1433 1434
f 1530 1434 1435
f 1531 1435 1532
f 1533 1435 1436
f 1534 1436 1437
f 1535 1437 1438
f 1536 1438 1537
f 1538 1438 1439
f 1539 1439 1440
f 1540 1440 1441
f 1541 1441 1542
f 1543 1441 1442
f 1544 1442 1443
f 1545 1443 1444
f 1546 1444 1431
f 1547 1431 1548
f 1549 1550 1551
f 1552 1553 1554
f 1555 1556 1557
f 1558 1559 1560
f 1559 1558 1561
f 1562 1618 1619
f 1620 1562 1563
f 1564 1621 1565
f 1622 1564 1623
f 1566 1624 1567
f 1625 1566 1626
f 1568 1627 1569
f 1628 1568 1629
f 1570 1630 1571
f 1631 1570 1632
f 1633 1572 1573
f 1572 1634 1635
f 1636 1574 1575
f 1574 1637 1638
f 1639 1576 1577
f 1576 1640 1641
f 1642 1578 1579
f 1578 1643 1644
f 1580 1645 1581
f 1646 1580 1647
f 1582 1648 1583
f 1649 1582 1650
f 1584 1651 1585
f 1652 1584 1653
f 1586 1654 1587
f 1655 1586 1656
f 1588 1657 1658
f 1659 1588 1589
f 1660 1661 1662
f 1663 1664 1665
f 1666 1667 1668
f 1669 1670 1671
f 1672 1673 1674
f 1675 1676 1590
f 1590 1677 1591
f 1591 1678 1592
f 1592 1679 1680
f 1590 1591 1593
f 1592 1681 1594
f 1594 1682 1595
f 1595 1683 1684
f 1595 1685 1596
f 1596 1686 1597
f 1597 1687 1598
f 1598 1688 1689
f 1598 1690 1599
f 1599 1691 1600
f 1600 1692 1601
f 1601 1693 1694
f 1601 1695 1602
f 1602 1696 1603
f 1603 1697 1604
f 1698 1605 1699
f 1605 1700 1590
f 1701 1605 1606
f 1702 1606 1607
f 1703 1607 1608
f 1704 1608 1705
f 1706 1608 1609
f 1707 1609 1610
f 1708 1610 1611
f 1709 1611 1710
f 1711 1611 1612
f 1712 1612 1613
f 1713 1613 1614
f 1714 1614 1715
f 1716 1614 1615
f 1717 1615 1616
f 1718 1616 1617
f 1719 1617 1604
f 1720 1604 1721
f 1722 1723 1724
f 1725 1726 1727
f 1728 1729 1730
f 1731 1732 1733
f 1732 1731 1734
f 1735 1791 1792
f 1793 1735 1736
f 1737 1794 1738
f 1795 1737 1796
f 1739 1797 1740
f 1798 1739 1799
f 1741 1800 1742
f 1801 1741 1802
f 1743 1803 1744
f 1804 1743 1805
f 1806 1745 1746
f 1745 1807 1808
f 1809 1747 1748
f 1747 1810 1811
f 1812 1749 1750
f 1749 1813 1814
f 1815 1751 1752
f 1751 1816 1817
f 1753 1818 1754
f 1819 1753 1820
f 1755 1821 1756
f 1822 1755 1823
f 1757 1824 1758
f 1825 1757 1826
f 1759 1827 1760
f 1828 1759 1829
f 1761 1830 1831
f 1832 1761 1762
f 1833 1834 1835
f 1836 1837 1838
f 1839 1840 1841
f 1842 1843 1844
f 1845 1846 1847
f 1848 1849 1763
f 1763 1850 1764
f 1764 1851 1765
f 1765 1852 1853
f 1763 1764 1766
f 1765 1854 1767
f 1767 1855 1768
f 1768 1856 1857
f 1768 1858 1769
f 1769 1859 1770
f 1770 1860 1771
f 1771 1861 1862
f 1771 1863 1772
f 1772 1864 1773
f 1773 1865 1774
f 1774 1866 1867
f 1774 1868 1775
f 1775 1869 1776
f 1776 1870 1777
f 1871 1778 1872
f 1778 1873 1763
f 1874 1778 1779
f 1875 1779 1780
f 1876 1780 1781
f 1877 1781 1878
f 1879 1781 1782
f 1880 1782 1783
f 1881 1783 1784
f 1882 1784 1883
f 1884 1784 1785
f 1885 1785 1786
f 1886 1786 1787
f 1887 1787 1888
f 1889 1787 1788
f 1890 1788 1789
f 1891 1789 1790
f 1892 1790 1777
f 1893 1777 1894
f 1895 1896 1897
f 1898 1899 1900
f 1901 1902 1903
f 1904 1905 1906
f 1905 1904 1907
f 1908 1964 1965
f 1966 1908 1909
f 1910 1967 1911
f 1968 1910 1969
f 1912 1970 1913
f 1971 1912 1972
f 1914 1973 1915
f 1974 1914 1975
f 1916 1976 1917
f 1977 1916 1978
f 1979 1918 1919
f 1918 1980 1981
f 1982 1920 1921
f 1920 1983 1984
f 1985 1922 1923
f 1922 1986 1987
f 1988 1924 1925
f 1924 1989 1990
f 1926 1991 1927
f 1992 1926 1993
f 1928 1994 1929
f 1995 1928 1996
f 1930 1997 1931
f 1998 1930 1999
f 1932 2000 1933
f 2001 1932 2002
f 1934 2003 2004
f 2005 1934 1935
f 2006 2007 2008
f 2009 2010 2011
f 2012 2013 2014
f 2015 2016 2017
f 2018 2019 2020
f 2021 2022 1936
f 1936 2023 1937
f 1937 2024 1938
f 1938 2025 2026
f 1936 1937 1939
f 1938 2027 1940
f 1940 2028 1941
f 1941 2029 2030
f 1941 2031 1942
f 1942 2032 1943
f 1943 2033 1944
f 1944 2034 2035
f 1944 2036 1945
f 1945 2037 1946
f 1946 2038 1947
f 1947 2039 2040
f 1947 2041 1948
f 1948 2042 1949
f 1949 2043 1950
f 2044 1951 2045
f 1951 2046 1936
f 2047 1951 1952
f 2048 1952 1953
f 2049 1953 1954
f 2050 1954 2051
f 2052 1954 1955
f 2053 1955 1956
f 2054 1956 1957
f 2055 1957 2056
f 2057 1957 1958
f 2058 1958 1959
f 2059 1959 1960
f 2060 1960 2061
f 2062 1960 1961
f 2063 1961 1962
f 2064 1962 1963
f 2065 1963 1950
f 2066 1950 2067
f 2068 2069 2070
f 2071 2072 2073
f 2074 2075 2076
f 2077 2078 2079
f 2078 2077 2080
f 2081 2137 2138
f 2139 2081 2082
f 2083 2140 2084
f 2141 2083 2142
f 2085 2143 2086
f 2144 2085 2145
f 2087 2146 2088
f 2147 2087 2148
f 2089 2149 2090
f 2150 2089 2151
f 2152 2091 2092
f 2091 2153 2154
f 2155 2093 2094
f 2093 2156 2157
f 2158 2095 2096
f 2095 2159 2160
f 2161 2097 2098
f 2097 2162 2163
f 2099 2164 2100
f 2165 2099 2166
f 2101 2167 2102
f 2168 2101 2169
f 2103 2170 2104
f 2171 2103 2172
f 2105 2173 2106
f 2174 2105 2175
f 2107 2176 2177
f 2178 2107 2108
f 2179 2180 2181
f 2182 2183 2184
f 2185 2186 2187
f 2188 2189 2190
f 2191 2192 2193
f 2194 2195 2109
f 2109 2196 2110
f 2110 2197 2111
f 2111 2198 2199
f 2109 2110 2112
f 2111 2200 2113
f 2113 2201 2114
f 2114 2202 2203
f 2114 2204 2115
f 2115 2205 2116
f 2116 2206 2117
f 2117 2207 2208
f 2117 2209 2118
f 2118 2210 2119
f 2119 2211 2120
f 2120 2212 2213
f 2120 2214 2121
f 2121 2215 2122
f 2122 2216 2123
f 2217 2124 2218
f 2124 2219 2109
f 2220 2124 2125
f 2221 2125 2126
f 2222 2126 2127
f 2223 2127 2224
f 2225 2127 2128
f 2226 2128 2129
f 2227 2129 2130
f 2228 2130 2229
f 2230 2130 2131
f 2231 2131 2132
f 2232 2132 2133
f 2233 2133 2234
f 2235 2133 2134
f 2236 2134 2135
f 2237 2135 2136
f 2238 2136 2123
f 2239 2123 2240
f 2241 2242 2243
f 2244 2245 2246
f 2247 2248 2249
f 2250 2251 2252
f 2251 2250 2253
f 2254 2310 2311
f 2312 2254 2255
f 2256 2313 2257
f 2314 2256 2315
f 2258 2316 2259
f 2317 2258 2318
f 2260 2319 2261
f 2320 2260 2321
f 2262 2322 2263
f 2323 2262 2324
f 2325 2264 2265
f 2264 2326 2327
f 2328 2266 2267
f 2266 2329 2330
f 2331 2268 2269
f 2268 2332 2333
f 2334 2270 2271
f 2270 2335 2336
f 2272 2337 2273
f 2338 2272 2339
f 2274 2340 2275
f 2341 2274 2342
f 2276 2343 2277
f 2344 2276 2345
f 2278 2346 2279
f 2347 2278 2348
f 2280 2349 2350
f 2351 2280 2281
f 2352 2353 2354
f 2355 2356 2357
f 2358 2359 2360
f 2361 2362 2363
f 2364 2365 2366
f 2367 2368 2282
f 2282 2369 2283
f 2283 2370 2284
f 2284 2371 2372
f 2282 2283 2285
f 2284 2373 2286
f 2286 2374 2287
f 2287 2375 2376
f 2287 2377 2288
f 2288 2378 2289
f 2289 2379 2290
f 2290 2380 2381
f 2290 2382 2291
f 2291 2383 2292
f 2292 2384 2293
f 2293 2385 2386
f 2293 2387 2294
f 2294 2388 2295
f 2295 2389 2296
f 2390 2297 2391
f 2297 2392 2282
f 2393 2297 2298
f 2394 2298 2299
f 2395 2299 2300
f 2396 2300 2397
f 2398 2300 2301
f 2399 2301 2302
f 2400 2302 2303
f 2401 2303 2402
f 2403 2303 2304
f 2404 2304 2305
f 2405 2305 2306
f 2406 2306 2407
f 2408 2306 2307
f 2409 2307 2308
f 2410 2308 2309
f 2411 2309 2296
f 2412 2296 2413
f 2414 2415 2416
f 2417 2418 2419
f 2420 2421 2422
f 2423 2424 2425
f 2424 2423 2426
f 2427 2483 2484
f 2485 2427 2428
f 2429 2486 2430
f 2487 2429 2488
f 2431 2489 2432
f 2490 2431 2491
f 2433 2492 2434
f 2493 2433 2494
f 2435 2495 2436
f 2496 2435 2497
f 2498 2437 2438
f 2437 2499 2500
f 2501 2439 2440
f 2439 2502 2503
f 2504 2441 2442
f 2441 2505 2506
f 2507 2443 2444
f 2443 2508 2509
f 2445 2510 2446
f 2511 2445 2512
f 2447 2513 2448
f 2514 2447 2515
f 2449 2516 2450
f 2517 2449 2518
f 2451 2519 2452
f 2520 2451 2521
f 2453 2522 2523
f 2524 2453 2454
f 2525 2526 2527
f 2528 2529 2530
f 2531 2532 2533
f 2534 2535 2536
f 2537 2538 2539
f 2540 2541 2455
f 2455 2542 2456
f 2456 2543 2457
f 2457 2544 2545
f 2455 2456 2458
f 2457 2546 2459
f 2459 2547 2460
f 2460 2548 2549
f 2460 2550 2461
f 2461 2551 2462
f 2462 2552 2463
f 2463 2553 2554
f 2463 2555 2464
f 2464 2556 2465
f 2465 2557 2466
f 2466 2558 2559
f 2466 2560 2467
f 2467 2561 2468
f 2468 2562 2469
f 2563 2470 2564
f 2470 2565 2455
f 2566 2470 2471
f 2567 2471 2472
f 2568 2472 2473
f 2569 2473 2570
f 2571 2473 2474
f 2572 2474 2475
f 2573 2475 2476
f 2574 2476 2575
f 2576 2476 2477
f 2577 2477 2478
f 2578 2478 2479
f 2579 2479 2580
f 2581 2479 2480
f 2582 2480 2481
f 2583 2481 2482
f 2584 2482 2469
f 2585 2469 2586
f 2587 2588 2589
f 2590 2591 2592
f 2593 2594 2595
f 2596 2597 2598
f 2597 2596 2599
f 2600 2656 2657
f 2658 2600 2601
f 2602 2659 2603
f 2660 2602 2661
f 2604 2662 2605
f 2663 2604 2664
f 2606 2665 2607
f 2666 2606 2667
f 2608 2668 2609
f 2669 2608 2670
f 2671 2610 2611
f 2610 2672 2673
f 2674 2612 2613
f 2612 2675 2676
f 2677 2614 2615
f 2614 2678 2679
f 2680 2616 2617
f 2616 2681 2682
f 2618 2683 2619
f 2684 2618 2685
f 2620 2686 2621
f 2687 2620 2688
f 2622 2689 2623
f 2690 2622 2691
f 2624 2692 2625
f 2693 2624 2694
f 2626 2695 2696
f 2697 2626 2627
f 2698 2699 2700
f 2701 2702 2703
f 2704 2705 2706
f 2707 2708 2709
f 2710 2711 2712
f 2713 2714 2628
f 2628 2715 2629
f 2629 2716 2630
f 2630 2717 2718
f 2628 2629 2631
f 2630 2719 2632
f 2632 2720 2633
f 2633 2721 2722
f 2633 2723 2634
f 2634 2724 2635
f 2635 2725 2636
f 2636 2726 2727
f 2636 2728 2637
f 2637 2729 2638
f 2638 2730 2639
f 2639 2731 2732
f 2639 2733 2640
f 2640 2734 2641
f 2641 2735 2642
f 2736 2643 2737
f 2643 2738 2628
f 2739 2643 2644
f 2740 2644 2645
f 2741 2645 2646
f 2742 2646 2743
f 2744 2646 2647
f 2745 2647 2648
f 2746 2648 2649
f 2747 2649 2748
f 2749 2649 2650
f 2750 2650 2651
f 2751 2651 2652
f 2752 2652 2753
f 2754 2652 2653
f 2755 2653 2654
f 2756 2654 2655
f 2757 2655 2642
f 2758 2642 2759
f 2760 2761 2762
f 2763 2764 2765
f 2766 2767 2768
f 2769 2770 2771
f 2770 2769 2772
f 2773 2829 2830
f 2831 2773 2774
f 2775 2832 2776
f 2833 2775 2834
f 2777 2835 2778
f 2836 2777 2837
f 2779 2838 2780
f 2839 2779 2840
f 2781 2841 2782
f 2842 2781 2843
f 2844 2783 2784
f 2783 2845 2846
f 2847 2785 2786
f 2785 2848 2849
f 2850 2787 2788
f 2787 2851 2852
f 2853 2789 2790
f 2789 2854 2855
f 2791 2856 2792
f 2857 2791 2858
f 2793 2859 2794
f 2860 2793 2861
f 2795 2862 2796
f 2863 2795 2864
f 2797 2865 2798
f 2866 2797 2867
f 2799 2868 2869
f 2870 2799 2800
f 2871 2872 2873
f 2874 2875 2876
f 2877 2878 2879
f 2880 2881 2882
f 2883 2884 2885
f 2886 2887 2801
f 2801 2888 2802
f 2802 2889 2803
f 2803 2890 2891
f 2801 2802 2804
f 2803 2892 2805
f 2805 2893 2806
f 2806 2894 2895
f 2806 2896 2807
f 2807 2897 2808
f 2808 2898 2809
f 2809 2899 2900
f 2809 2901 2810
f 2810 2902 2811
f 2811 2903 2812
f 2812 2904 2905
f 2812 2906 2813
f 2813 2907 2814
f 2814 2908 2815
f 2909 2816 2910
f 2816 2911 2801
f 2912 2816 2817
f 2913 2817 2818
f 2914 2818 2819
f 2915 2819 2916
f 2917 2819 2820
f 2918 2820 2821
f 2919 2821 2822
f 2920 2822 2921
f 2922 2822 2823
f 2923 2823 2824
f 2924 2824 2825
f 2925 2825 2926
f 2927 2825 2826
f 2928 2826 2827
f 2929 2827 2828
f 2930 2828 2815
f 2931 2815 2932
f 2933 2934 2935
f 2936 2937 2938
f 2939 2940 2941
f 2942 2943 2944
f 2943 2942 2945
f 2946 3002 3003
f 3004 2946 2947
f 2948 3005 2949
f 3006 2948 3007
f 2950 3008 2951
f 3009 2950 3010
f 2952 3011 2953
f 3012 2952 3013
f 2954 3014 2955
f 3015 2954 3016
f 3017 2956 2957
f 2956 3018 3019
f 3020 2958 2959
f 2958 3021 3022
f 3023 2960 2961
f 2960 3024 3025
f 3026 2962 2963
f 2962 3027 3028
f 2964 3029 2965
f 3030 2964 3031
f 2966 3032 2967
f 3033 2966 3034
f 2968 3035 2969
f 3036 2968 3037
f 2970 3038 2971
f 3039 2970 3040
f 2972 3041 3042
f 3043 2972 2973
f 3044 3045 3046
f 3047 3048 3049
f 3050 3051 3052
f 3053 3054 3055
f 3056 3057 3058
f 3059 3060 2974
f 2974 3061 2975
f 2975 3062 2976
f 2976 3063 3064
f 2974 2975 2977
f 2976 3065 2978
f 2978 3066 2979
f 2979 3067 3068
f 2979 3069 2980
f 2980 3070 2981
f 2981 3071 2982
f 2982 3072 3073
f 2982 3074 2983
f 2983 3075 2984
f 2984 3076 2985
f 2985 3077 3078
f 2985 3079 2986
f 2986 3080 2987
f 2987 3081 2988
f 3082 2989 3083
f 2989 3084 2974
f 3085 2989 2990
f 3086 2990 2991
f 3087 2991 2992
f 3088 2992 3089
f 3090 2992 2993
f 3091 2993 2994
f 3092 2994 2995
f 3093 2995 3094
f 3095 2995 2996
f 3096 2996 2997
f 3097 2997 2998
f 3098 2998 3099
f 3100 2998 2999
f 3101 2999 3000
f 3102 3000 3001
f 3103 3001 2988
f 3104 2988 3105
f 3106 3107 3108
f 3109 3110 3111
f 3112 3113 3114
f 3115 3116 3117
f 3116 3115 3118
f 3119 3175 3176
f 3177 3119 3120
f 3121 3178 3122
f 3179 3121 3180
f 3123 3181 3124
f 3182 3123 3183
f 3125 3184 3126
f 3185 3125 3186
f 3127 3187 3128
f 3188 3127 3189
f 3190 3129 3130
f 3129 3191 3192
f 3193 3131 3132
f 3131 3194 3195
f 3196 3133 3134
f 3133 3197 3198
f 3199 3135 3136
f 3135 3200 3201
f 3137 3202 3138
f 3203 3137 3204
f 3139 3205 3140
f 3206 3139 3207
f 3141 3208 3142
f 3209 3141 3210
f 3143 3211 3144
f 3212 3143 3213
f 3145 3214 3215
f 3216 3145 3146
f 3217 3218 3219
f 3220 3221 3222
f 3223 3224 3225
f 3226 3227 3228
f 3229 3230 3231
f 3232 3233 3147
f 3147 3234 3148
f 3148 3235 3149
f 3149 3236 3237
f 3147 3148 3150
f 3149 3238 3151
f 3151 3239 3152
f 3152 3240 3241
f 3152 3242 3153
f 3153 3243 3154
f 3154 3244 3155
f 3155 3245 3246
f 3155 3247 3156
f 3156 3248 3157
f 3157 3249 3158
f 3158 3250 3251
f 3158 3252 3159
f 3159 3253 3160
f 3160 3254 3161
f 3255 3162 3256
f 3162 3257 3147
f 3258 3162 3163
f 3259 3163 3164
f 3260 3164 3165
f 3261 3165 3262
f 3263 3165 3166
f 3264 3166 3167
f 3265 3167 3168
f 3266 3168 3267
f 3268 3168 3169
f 3269 3169 3170
f 3270 3170 3171
f 3271 3171 3272
f 3273 3171 3172
f 3274 3172 3173
f 3275 3173 3174
f 3276 3174 3161
f 3277 3161 3278
f 3279 3280 3281
f 3282 3283 3284
f 3285 3286 3287
f 3288 3289 3290
f 3289 3288 3291
f 3292 3348 3349
f 3350 3292 3293
f 3294 3351 3295
f 3352 3294 3353
f 3296 3354 3297
f 3355 3296 3356
f 3298 3357 3299
f 3358 3298 3359
f 3300 3360 3301
f 3361 3300 3362
f 3363 3302 3303
f 3302 3364 3365
f 3366 3304 3305
f 3304 3367 3368
f 3369 3306 3307
f 3306 3370 3371
f 3372 3308 3309
f 3308 3373 3374
f 3310 3375 3311
f 3376 3310 3377
f 3312 3378 3313
f 3379 3312 3380
f 3314 3381 3315
f 3382 3314 3383
f 3316 3384 3317
f 3385 3316 3386
f 3318 3387 3388
f 3389 3318 3319
f 3390 3391 3392
f 3393 3394 3395
f 3396 3397 3398
f 3399 3400 3401
f 3402 3403 3404
f 3405 3406 3320
f 3320 3407 3321
f 3321 3408 3322
f 3322 3409 3410
f 3320 3321 3323
f 3322 3411 3324
f 3324 3412 3325
f 3325 3413 3414
f 3325 3415 3326
f 3326 3416 3327
f 3327 3417 3328
f 3328 3418 3419
f 3328 3420 3329
f 3329 3421 3330
f 3330 3422 3331
f 3331 3423 3424
f 3331 3425 3332
f 3332 3426 3333
f 3333 3427 3334
f 3428 3335 3429
f 3335 3430 3320
f 3431 3335 3336
f 3432 3336 3337
f 3433 3337 3338
f 3434 3338 3435
f 3436 3338 3339
f 3437 3339 3340
f 3438 3340 3341
f 3439 3341 3440
f 3441 3341 3342
f 3442 3342 3343
f 3443 3343 3344
f 3444 3344 3445
f 3446 3344 3345
f 3447 3345 3346
f 3448 3346 3347
f 3449 3347 3334
f 3450 3334 3451
f 3452 3453 3454
f 3455 3456 3457
f 3458 3459 3460
f 3461 3462 3463
f 3462 3461 3464
f 3465 3521 3522
f 3523 3465 3466
f 3467 3524 3468
f 3525 3467 3526
f 3469 3527 3470
f 3528 3469 3529
f 3471 3530 3472
f 3531 3471 3532
f 3473 3533 3474
f 3534 3473 3535
f 3536 3475 3476
f 3475 3537 3538
f 3539 3477 3478
f 3477 3540 3541
f 3542 3479 3480
f 3479 3543 3544
f 3545 3481 3482
f 3481 3546 3547
f 3483 3548 3484
f 3549 3483 3550
f 3485 3551 3486
f 3552 3485 3553
f 3487 3554 3488
f 3555 3487 3556
f 3489 3557 3490
f 3558 3489 3559
f 3491 3560 3561
f 3562 3491 3492
f 3563 3564 3565
f 3566 3567 3568
f 3569 3570 3571
f 3572 3573 3574
f 3575 3576 3577
f 3578 3579 3493
f 3493 3580 3494
f 3494 3581 3495
f 3495 3582 3583
f 3493 3494 3496
f 3495 3584 3497
f 3497 3585 3498
f 3498 3586 3587
f 3498 3588 3499
f 3499 3589 3500
f 3500 3590 3501
f 3501 3591 3592
f 3501 3593 3502
f 3502 3594 3503
f 3503 3595 3504
f 3504 3596 3597
f 3504 3598 3505
f 3505 3599 3506
f 3506 3600 3507
f 3601 3508 3602
f 3508 3603 3493
f 3604 3508 3509
f 3605 3509 3510
f 3606 3510 3511
f 3607 3511 3608
f 3609 3511 3512
f 3610 3512 3513
f 3611 3513 3514
f 3612 3514 3613
f 3614 3514 3515
f 3615 3515 3516
f 3616 3516 3517
f 3617 3517 3618
f 3619 3517 3518
f 3620 3518 3519
f 3621 3519 3520
f 3622 3520 3507
f 3623 3507 3624
f 3625 3626 3627
f 3628 3629 3630
f 3631 3632 3633
f 3634 3635 3636
f 3635 3634 3637
f 3638 3694 3695
f 3696 3638 3639
f 3640 3697 3641
f 3698 3640 3699
f 3642 3700 3643
f 3701 3642 3702
f 3644 3703 3645
f 3704 3644 3705
f 3646 3706 3647
f 3707 3646 3708
f 3709 3648 3649
f 3648 3710 3711
f 3712 3650 3651
f 3650 3713 3714
f 3715 3652 3653
f 3652 3716 3717
f 3718 3654 3655
f 3654 3719 3720
f 3656 3721 3657
f 3722 3656 3723
f 3658 3724 3659
f 3725 3658 3726
f 3660 3727 3661
f 3728 3660 3729
f 3662 3730 3663
f 3731 3662 3732
f 3664 3733 3734
f 3735 3664 3665
f 3736 3737 3738
f 3739 3740 3741
f 3742 3743 3744
f 3745 3746 3747
f 3748 3749 3750
f 3751 3752 3666
f 3666 3753 3667
f 3667 3754 3668
f 3668 3755 3756
f 3666 3667 3669
f 3668 3757 3670
f 3670 3758 3671
f 3671 3759 3760
f 3671 3761 3672
f 3672 3762 3673
f 3673 3763 3674
f 3674 3764 3765
f 3674 3766 3675
f 3675 3767 3676
f 3676 3768 3677
f 3677 3769 3770
f 3677 3771 3678
f 3678 3772 3679
f 3679 3773 3680
f 3774 3681 3775
f 3681 3776 3666
f 3777 3681 3682
f 3778 3682 3683
f 3779 3683 3684
f 3780 3684 3781
f 3782 3684 3685
f 3783 3685 3686
f 3784 3686 3687
f 3785 3687 3786
f 3787 3687 3688
f 3788 3688 3689
f 3789 3689 3690
f 3790 3690 3791
f 3792 3690 3691
f 3793 3691 3692
f 3794 3692 3693
f 3795 3693 3680
f 3796 3680 3797
f 3798 3799 3800
f 3801 3802 3803
f 3804 3805 3806
f 3807 3808 3809
f 3808 3807 3810
f 3811 3867 3868
f 3869 3811 3812
f 3813 3870 3814
f 3871 3813 3872
f 3815 3873 3816
f 3874 3815 3875
f 3817 3876 3818
f 3877 3817 3878
f 3819 3879 3820
f 3880 3819 3881
f 3882 3821 3822
f 3821 3883 3884
f 3885 3823 3824
f 3823 3886 3887
f 3888 3825 3826
f 3825 3889 3890
f 3891 3827 3828
f 3827 3892 3893
f 3829 3894 3830
f 3895 3829 3896
f 3831 3897 3832
f 3898 3831 3899
f 3833 3900 3834
f 3901 3833 3902
f 3835 3903 3836
f 3904 3835 3905
f 3837 3906 3907
f 3908 3837 3838
f 3909 3910 3911
f 3912 3913 3914
f 3915 3916 3917
f 3918 3919 3920
f 3921 3922 3923
f 3924 3925 3839
f 3839 3926 3840
f 3840 3927 3841
f 3841 3928 3929
f 3839 3840 3842
f 3841 3930 3843
f 3843 3931 3844
f 3844 3932 3933
f 3844 3934 3845
f 3845 3935 3846
f 3846 3936 3847
f 3847 3937 3938
f 3847 3939 3848
f 3848 3940 3849
f 3849 3941 3850
f 3850 3942 3943
f 3850 3944 3851
f 3851 3945 3852
f 3852 3946 3853
f 3947 3854 3948
f 3854 3949 3839
f 3950 3854 3855
f 3951 3855 3856
f 3952 3856 3857
f 3953 3857 3954
f 3955 3857 3858
f 3956 3858 3859
f 3957 3859 3860
f 3958 3860 3959
f 3960 3860 3861
f 3961 3861 3862
f 3962 3862 3863
f 3963 3863 3964
f 3965 3863 3864
f 3966 3864 3865
f 3967 3865 3866
f 3968 3866 3853
f 3969 3853 3970
f 3971 3972 3973
f 3974 3975 3976
f 3977 3978 3979
f 3980 3981 3982
f 3981 3980 3983
f 3984 4040 4041
f 4042 3984 3985
f 3986 4043 3987
f 4044 3986 4045
f 3988 4046 3989
f 4047 3988 4048
f 3990 4049 3991
f 4050 3990 4051
f 3992 4052 3993
f 4053 3992 4054
f 4055 3994 3995
f 3994 4056 4057
f 4058 3996 3997
f 3996 4059 4060
f 4061 3998 3999
f 3998 4062 4063
f 4064 4000 4001
f 4000 4065 4066
f 4002 4067 4003
f 4068 4002 4069
f 4004 4070 4005
f 4071 4004 4072
f 4006 4073 4007
f 4074 4006 4075
f 4008 4076 4009
f 4077 4008 4078
f 4010 4079 4080
f 4081 4010 4011
f 4082 4083 4084
f 4085 4086 4087
f 4088 4089 4090
f 4091 4092 4093
f 4094 4095 4096
f 4097 4098 4012
f 4012 4099 4013
f 4013 4100 4014
f 4014 4101 4102
f 4012 4013 4015
f 4014 4103 4016
f 4016 4104 4017
f 4017 4105 4106
f 4017 4107 4018
f 4018 4108 4019
f 4019 4109 4020
f 4020 4110 4111
f 4020 4112 4021
f 4021 4113 4022
f 4022 4114 4023
f 4023 4115 4116
f 4023 4117 4024
f 4024 4118 4025
f 4025 4119 4026
f 4120 4027 4121
f 4027 4122 4012
f 4123 4027 4028
f 4124 4028 4029
f 4125 4029 4030
f 4126 4030 4127
f 4128 4030 4031
f 4129 4031 4032
f 4130 4032 4033
f 4131 4033 4132
f 4133 4033 4034
f 4134 4034 4035
f 4135 4035 4036
f 4136 4036 4137
f 4138 4036 4037
f 4139 4037 4038
f 4140 4038 4039
f 4141 4039 4026
f 4142 4026 4143
f 4144 4145 4146
f 4147 4148 4149
f 4150 4151 4152
f 4153 4154 4155
f 4154 4153 4156
f 4157 4213 4214
f 4215 4157 4158
f 4159 4216 4160
f 4217 4159 4218
f 4161 4219 4162
f 4220 4161 4221
f 4163 4222 4164
f 4223 4163 4224
f 4165 4225 4166
f 4226 4165 4227
f 4228 4167 4168
f 4167 4229 4230
f 4231 4169 4170
f 4169 4232 4233
f 4234 4171 4172
f 4171 4235 4236
f 4237 4173 4174
f 4173 4238 4239
f 4175 4240 4176
f 4241 4175 4242
f 4177 4243 4178
f 4244 4177 4245
f 4179 4246 4180
f 4247 4179 4248
f 4181 4249 4182
f 4250 4181 4251
f 4183 4252 4253
f 4254 4183 4184
f 4255 4256 4257
f 4258 4259 4260
f 4261 4262 4263
f 4264 4265 4266
f 4267 4268 4269
f 4270 4271 4185
f 4185 4272 4186
f 4186 4273 4187
f 4187 4274 4275
f 4185 4186 4188
f 4187 4276 4189
f 4189 4277 4190
f 4190 4278 4279
f 4190 4280 4191
f 4191 4281 4192
f 4192 4282 4193
f 4193 4283 4284
f 4193 4285 4194
f 4194 4286 4195
f 4195 4287 4196
f 4196 4288 4289
f 4196 4290 4197
f 4197 4291 4198
f 4198 4292 4199
f 4293 4200 4294
f 4200 4295 4185
f 4296 4200 4201
f 4297 4201 4202
f 4298 4202 4203
f 4299 4203 4300
f 4301 4203 4204
f 4302 4204 4205
f 4303 4205 4206
f 4304 4206 4305
f 4306 4206 4207
f 4307 4207 4208
f 4308 4208 4209
f 4309 4209 4310
f 4311 4209 4210
f 4312 4210 4211
f 4313 4211 4212
f 4314 4212 4199
f 4315 4199 4316
f 4317 4318 4319
f 4320 4321 4322
f 4323 4324 4325
f 4326 4327 4328
f 4327 4326 4329
f 4330 4386 4387
f 4388 4330 4331
f 4332 4389 4333
f 4390 4332 4391
f 4334 4392 4335
f 4393 4334 4394
f 4336 4395 4337
f 4396 4336 4397
f 4338 4398 4339
f 4399 4338 4400
f 4401 4340 4341
f 4340 4402 4403
f 4404 4342 4343
f 4342 4405 4406
f 4407 4344 4345
f 4344 4408 4409
f 4410 4346 4347
f 4346 4411 4412
f 4348 4413 4349
f 4414 4348 4415
f 4350 4416 4351
f 4417 4350 4418
f 4352 4419 4353
f 4420 4352 4421
f 4354 4422 4355
f 4423 4354 4424
f 4356 4425 4426
f 4427 4356 4357
f 4428 4429 4430
f 4431 4432 4433
f 4434 4435 4436
f 4437 4438 4439
f 4440 4441 4442
f 4443 4444 4358
f 4358 4445 4359
f 4359 4446 4360
f 4360 4447 4448
f 4358 4359 4361
f 4360 4449 4362
f 4362 4450 4363
f 4363 4451 4452
f 4363 4453 4364
f 4364 4454 4365
f 4365 4455 4366
f 4366 4456 4457
f 4366 4458 4367
f 4367 4459 4368
f 4368 4460 4369
f 4369 4461 4462
f 4369 4463 4370
f 4370 4464 4371
f 4371 4465 4372
f 4466 4373 4467
f 4373 4468 4358
f 4469 4373 4374
f 4470 4374 4375
f 4471 4375 4376
f 4472 4376 4473
f 4474 4376 4377
f 4475 4377 4378
f 4476 4378 4379
f 4477 4379 4478
f 4479 4379 4380
f 4480 4380 4381
f 4481 4381 4382
f 4482 4382 4483
f 4484 4382 4383
f 4485 4383 4384
f 4486 4384 4385
f 4487 4385 4372
f 4488 4372 4489
f 4490 4491 4492
f 4493 4494 4495
f 4496 4497 4498
f 4499 4500 4501
f 4500 4499 4502
f 4503 4559 4560
f 4561 4503 4504
f 4505 4562 4506
f 4563 4505 4564
f 4507 4565 4508
f 4566 4507 4567
f 4509 4568 4510
f 4569 4509 4570
f 4511 4571 4512
f 4572 4511 4573
f 4574 4513 4514
f 4513 4575 4576
f 4577 4515 4516
f 4515 4578 4579
f 4580 4517 4518
f 4517 4581 4582
f 4583 4519 4520
f 4519 4584 4585
f 4521 4586 4522
f 4587 4521 4588
f 4523 4589 4524
f 4590 4523 4591
f 4525 4592 4526
f 4593 4525 4594
f 4527 4595 4528
f 4596 4527 4597
f 4529 4598 4599
f 4600 4529 4530
f 4601 4602 4603
f 4604 4605 4606
f 4607 4608 4609
f 4610 4611 4612
f 4613 4614 4615
f 4616 4617 4531
f 4531 4618 4532
f 4532 4619 4533
f 4533 4620 4621
f 4531 4532 4534
f 4533 4622 4535
f 4535 4623 4536
f 4536 4624 4625
f 4536 4626 4537
f 4537 4627 4538
f 4538 4628 4539
f 4539 4629 4630
f 4539 4631 4540
f 4540 4632 4541
f 4541 4633 4542
f 4542 4634 4635
f 4542 4636 4543
f 4543 4637 4544
f 4544 4638 4545
f 4639 4546 4640
f 4546 4641 4531
f 4642 4546 4547
f 4643 4547 4548
f 4644 4548 4549
f 4645 4549 4646
f 4647 4549 4550
f 4648 4550 4551
f 4649 4551 4552
f 4650 4552 4651
f 4652 4552 4553
f 4653 4553 4554
f 4654 4554 4555
f 4655 4555 4656
f 4657 4555 4556
f 4658 4556 4557
f 4659 4557 4558
f 4660 4558 4545
f 4661 4545 4662
f 4663 4664 4665
f 4666 4667 4668
f 4669 4670 4671
f 4672 4673 4674
f 4673 4672 4675
f 4676 4732 4733
f 4734 4676 4677
f 4678 4735 4679
f 4736 4678 4737
f 4680 4738 4681
f 4739 4680 4740
f 4682 4741 4683
f 4742 4682 4743
f 4684 4744 4685
f 4745 4684 4746
f 4747 4686 4687
f 4686 4748 4749
f 4750 4688 4689
f 4688 4751 4752
f 4753 4690 4691
f 4690 4754 4755
f 4756 4692 4693
f 4692 4757 4758
f 4694 4759 4695
f 4760 4694 4761
f 4696 4762 4697
f 4763 4696 4764
f 4698 4765 4699
f 4766 4698 4767
f 4700 4768 4701
f 4769 4700 4770
f 4702 4771 4772
f 4773 4702 4703
f 4774 4775 4776
f 4777 4778 4779
f 4780 4781 4782
f 4783 4784 4785
f 4786 4787 4788
f 4789 4790 4704
f 4704 4791 4705
f 4705 4792 4706
f 4706 4793 4794
f 4704 4705 4707
f 4706 4795 4708
f 4708 4796 4709
f 4709 4797 4798
f 4709 4799 4710
f 4710 4800 4711
f 4711 4801 4712
f 4712 4802 4803
f 4712 4804 4713
f 4713 4805 4714
f 4714 4806 4715
f 4715 4807 4808
f 4715 4809 4716
f 4716 4810 4717
f 4717 4811 4718
f 4812 4719 4813
f 4719 4814 4704
f 4815 4719 4720
f 4816 4720 4721
f 4817 4721 4722
f 4818 4722 4819
f 4820 4722 4723
f 4821 4723 4724
f 4822 4724 4725
f 4823 4725 4824
f 4825 4725 4726
f 4826 4726 4727
f 4827 4727 4728
f 4828 4728 4829
f 4830 4728 4729
f 4831 4729 4730
f 4832 4730 4731
f 4833 4731 4718
f 4834 4718 4835
f 4836 4837 4838
f 4839 4840 4841
f 4842 4843 4844
f 4845 4846 4847
f 4846 4845 4848
f 4849 4905 4906
f 4907 4849 4850
f 4851 4908 4852
f 4909 4851 4910
f 4853 4911 4854
f 4912 4853 4913
f 4855 4914 4856
f 4915 4855 4916
f 4857 4917 4858
f 4918 4857 4919
f 4920 4859 4860
f 4859 4921 4922
f 4923 4861 4862
f 4861 4924 4925
f 4926 4863 4864
f 4863 4927 4928
f 4929 4865 4866
f 4865 4930 4931
f 4867 4932 4868
f 4933 4867 4934
f 4869 4935 4870
f 4936 4869 4937
f 4871 4938 4872
f 4939 4871 4940
f 4873 4941 4874
f 4942 4873 4943
f 4875 4944 4945
f 4946 4875 4876
f 4947 4948 4949
f 4950 4951 4952
f 4953 4954 4955
f 4956 4957 4958
f 4959 4960 4961
f 4962 4963 4877
f 4877 4964 4878
f 4878 4965 4879
f 4879 4966 4967
f 4877 4878 4880
f 4879 4968 4881
f 4881 4969 4882
f 4882 4970 4971
f 4882 4972 4883
f 4883 4973 4884
f 4884 4974 4885
f 4885 4975 4976
f 4885 4977 4886
f 4886 4978 4887
f 4887 4979 4888
f 4888 4980 4981
f 4888 4982 4889
f 4889 4983 4890
f 4890 4984 4891
f 4985 4892 4986
f 4892 4987 4877
f 4988 4892 4893
f 4989 4893 4894
f 4990 4894 4895
f 4991 4895 4992
f 4993 4895 4896
f 4994 4896 4897
f 4995 4897 4898
f 4996 4898 4997
f 4998 4898 4899
f 4999 4899 4900
f 5000 4900 4901
f 5001 4901 5002
f 5003 4901 4902
f 5004 4902 4903
f 5005 4903 4904
f 5006 4904 4891
f 5007 4891 5008
f 5009 5010 5011
f 5012 5013 5014
f 5015 5016 5017
f 5018 5019 5020
f 5019 5018 5021
f 5022 5078 5079
f 5080 5022 5023
f 5024 5081 5025
f 5082 5024 5083
f 5026 5084 5027
f 5085 5026 5086
f 5028 5087 5029
f 5088 5028 5089
f 5030 5090 5031
f 5091 5030 5092
f 5093 5032 5033
f 5032 5094 5095
f 5096 5034 5035
f 5034 5097 5098
f 5099 5036 5037
f 5036 5100 5101
f 5102 5038 5039
f 5038 5103 5104
f 5040 5105 5041
f 5106 5040 5107
f 5042 5108 5043
f 5109 5042 5110
f 5044 5111 5045
f 5112 5044 5113
f 5046 5114 5047
f 5115 5046 5116
f 5048 5117 5118
f 5119 5048 5049
f 5120 5121 5122
f 5123 5124 5125
f 5126 5127 5128
f 5129 5130 5131
f 5132 5133 5134
f 5135 5136 5050
f 5050 5137 5051
f 5051 5138 5052
f 5052 5139 5140
f 5050 5051 5053
f 5052 5141 5054
f 5054 5142 5055
f 5055 5143 5144
f 5055 5145 5056
f 5056 5146 5057
f 5057 5147 5058
f 5058 5148 5149
f 5058 5150 5059
f 5059 5151 5060
f 5060 5152 5061
f 5061 5153 5154
f 5061 5155 5062
f 5062 5156 5063
f 5063 5157 5064
f 5158 5065 5159
f 5065 5160 5050
f 5161 5065 5066
f 5162 5066 5067
f 5163 5067 5068
f 5164 5068 5165
f 5166 5068 5069
f 5167 5069 5070
f 5168 5070 5071
f 5169 5071 5170
f 5171 5071 5072
f 5172 5072 5073
f 5173 5073 5074
f 5174 5074 5175
f 5176 5074 5075
f 5177 5075 5076
f 5178 5076 5077
f 5179 5077 5064
f 5180 5064 5181
f 5182 5183 5184
f 5185 5186 5187
f 5188 5189 5190
f 5191 5192 5193
f 5192 5191 5194
f 5195 5251 5252
f 5253 5195 5196
f 5197 5254 5198
f 5255 5197 5256
f 5199 5257 5200
f 5258 5199 5259
f 5201 5260 5202
f 5261 5201 5262
f 5203 5263 5204
f 5264 5203 5265
f 5266 5205 5206
f 5205 5267 5268
f 5269 5207 5208
f 5207 5270 5271
f 5272 5209 5210
f 5209 5273 5274
f 5275 5211 5212
f 5211 5276 5277
f 5213 5278 5214
f 5279 5213 5280
f 5215 5281 5216
f 5282 5215 5283
f 5217 5284 5218
f 5285 5217 5286
f 5219 5287 5220
f 5288 5219 5289
f 5221 5290 5291
f 5292 5221 5222
f 5293 5294 5295
f 5296 5297 5298
f 5299 5300 5301
f 5302 5303 5304
f 5305 5306 5307
f 5308 5309 5223
f 5223 5310 5224
f 5224 5311 5225
f 5225 5312 5313
f 5223 5224 5226
f 5225 5314 5227
f 5227 5315 5228
f 5228 5316 5317
f 5228 5318 5229
f 5229 5319 5230
f 5230 5320 5231
f 5231 5321 5322
f 5231 5323 5232
f 5232 5324 5233
f 5233 5325 5234
f 5234 5326 5327
f 5234 5328 5235
f 5235 5329 5236
f 5236 5330 5237
f 5331 5238 5332
f 5238 5333 5223
f 5334 5238 5239
f 5335 5239 5240
f 5336 5240 5241
f 5337 5241 5338
f 5339 5241 5242
f 5340 5242 5243
f 5341 5243 5244
f 5342 5244 5343
f 5344 5244 5245
f 5345 5245 5246
f 5346 5246 5247
f 5347 5247 5348
f 5349 5247 5248
f 5350 5248 5249
f 5351 5249 5250
f 5352 5250 5237
f 5353 5237 5354
f 5355 5356 5357
f 5358 5359 5360
f 5361 5362 5363
f 5364 5365 5366
f 5365 5364 5367
f 5368 5424 5425
f 5426 5368 5369
f 5370 5427 5371
f 5428 5370 5429
f 5372 5430 5373
f 5431 5372 5432
f 5374 5433 5375
f 5434 5374 5435
f 5376 5436 5377
f 5437 5376 5438
f 5439 5378 5379
f 5378 5440 5441
f 5442 5380 5381
f 5380 5443 5444
f 5445 5382 5383
f 5382 5446 5447
f 5448 5384 5385
f 5384 5449 5450
f 5386 5451 5387
f 5452 5386 5453
f 5388 5454 5389
f 5455 5388 5456
f 5390 5457 5391
f 5458 5390 5459
f 5392 5460 5393
f 5461 5392 5462
f 5394 5463 5464
f 5465 5394 5395
f 5466 5467 5468
f 5469 5470 5471
f 5472 5473 5474
f 5475 5476 5477
f 5478 5479 5480
f 5481 5482 5396
f 5396 5483 5397
f 5397 5484 5398
f 5398 5485 5486
f 5396 5397 5399
f 5398 5487 5400
f 5400 5488 5401
f 5401 5489 5490
f 5401 5491 5402
f 5402 5492 5403
f 5403 5493 5404
f 5404 5494 5495
f 5404 5496 5405
f 5405 5497 5406
f 5406 5498 5407
f 5407 5499 5500
f 5407 5501 5408
f 5408 5502 5409
f 5409 5503 5410
f 5504 5411 5505
f 5411 5506 5396
f 5507 5411 5412
f 5508 5412 5413
f 5509 5413 5414
f 5510 5414 5511
f 5512 5414 5415
f 5513 5415 5416
f 5514 5416 5417
f 5515 5417 5516
f 5517 5417 5418
f 5518 5418 5419
f 5519 5419 5420
f 5520 5420 5521
f 5522 5420 5421
f 5523 5421 5422
f 5524 5422 5423
f 5525 5423 5410
f 5526 5410 5527
f 5528 5529 5530
f 5531 5532 5533
f 5534 5535 5536
f 5537 5538 5539
f 5538 5537 5540
f 5541 5597 5598
f 5599 5541 5542
f 5543 5600 5544
f 5601 5543 5602
f 5545 5603 5546
f 5604 5545 5605
f 5547 5606 5548
f 5607 5547 5608
f 5549 5609 5550
f 5610 5549 5611
f 5612 5551 5552
f 5551 5613 5614
f 5615 5553 5554
f 5553 5616 5617
f 5618 5555 5556
f 5555 5619 5620
f 5621 5557 5558
f 5557 5622 5623
f 5559 5624 5560
f 5625 5559 5626
f 5561 5627 5562
f 5628 5561 5629
f 5563 5630 5564
f 5631 5563 5632
f 5565 5633 5566
f 5634 5565 5635
f 5567 5636 5637
f 5638 5567 5568
f 5639 5640 5641
f 5642 5643 5644
f 5645 5646 5647
f 5648 5649 5650
f 5651 5652 5653
f 5654 5655 5569
f 5569 5656 5570
f 5570 5657 5571
f 5571 5658 5659
f 5569 5570 5572
f 5571 5660 5573
f 5573 5661 5574
f 5574 5662 5663
f 5574 5664 5575
f 5575 5665 5576
f 5576 5666 5577
f 5577 5667 5668
f 5577 5669 5578
f 5578 5670 5579
f 5579 5671 5580
f 5580 5672 5673
f 5580 5674 5581
f 5581 5675 5582
f 5582 5676 5583
f 5677 5584 5678
f 5584 5679 5569
f 5680 5584 5585
f 5681 5585 5586
f 5682 5586 5587
f 5683 5587 5684
f 5685 5587 5588
f 5686 5588 5589
f 5687 5589 5590
f 5688 5590 5689
f 5690 5590 5591
f 5691 5591 5592
f 5692 5592 5593
f 5693 5593 5694
f 5695 5593 5594
f 5696 5594 5595
f 5697 5595 5596
f 5698 5596 5583
f 5699 5583 5700
f 5701 5702 5703
f 5704 5705 5706
f 5707 5708 5709
f 5710 5711 5712
f 5711 5710 5713
f 5714 5770 5771
f 5772 5714 5715
f 5716 5773 5717
f 5774 5716 5775
f 5718 5776 5719
f 5777 5718 5778
f 5720 5779 5721
f 5780 5720 5781
f 5722 5782 5723
f 5783 5722 5784
f 5785 5724 5725
f 5724 5786 5787
f 5788 5726 5727
f 5726 5789 5790
f 5791 5728 5729
f 5728 5792 5793
f 5794 5730 5731
f 5730 5795 5796
f 5732 5797 5733
f 5798 5732 5799
f 5734 5800 5735
f 5801 5734 5802
f 5736 5803 5737
f 5804 5736 5805
f 5738 5806 5739
f 5807 5738 5808
f 5740 5809 5810
f 5811 5740 5741
f 5812 5813 5814
f 5815 5816 5817
f 5818 5819 5820
f 5821 5822 5823
f 5824 5825 5826
f 5827 5828 5742
f 5742 5829 5743
f 5743 5830 5744
f 5744 5831 5832
f 5742 5743 5745
f 5744 5833 5746
f 5746 5834 5747
f 5747 5835 5836
f 5747 5837 5748
f 5748 5838 5749
f 5749 5839 5750
f 5750 5840 5841
f 5750 5842 5751
f 5751 5843 5752
f 5752 5844 5753
f 5753 5845 5846
f 5753 5847 5754
f 5754 5848 5755
f 5755 5849 5756
f 5850 5757 5851
f 5757 5852 5742
f 5853 5757 5758
f 5854 5758 5759
f 5855 5759 5760
f 5856 5760 5857
f 5858 5760 5761
f 5859 5761 5762
f 5860 5762 5763
f 5861 5763 5862
f 5863 5763 5764
f 5864 5764 5765
f 5865 5765 5766
f 5866 5766 5867
f 5868 5766 5767
f 5869 5767 5768
f 5870 5768 5769
f 5871 5769 5756
f 5872 5756 5873
f 5874 5875 5876
f 5877 5878 5879
f 5880 5881 5882
f 5883 5884 5885
f 5884 5883 5886
f 5887 5943 5944
f 5945 5887 5888
f 5889 5946 5890
f 5947 5889 5948
f 5891 5949 5892
f 5950 5891 5951
f 5893 5952 5894
f 5953 5893 5954
f 5895 5955 5896
f 5956 5895 5957
f 5958 5897 5898
f 5897 5959 5960
f 5961 5899 5900
f 5899 5962 5963
f 5964 5901 5902
f 5901 5965 5966
f 5967 5903 5904
f 5903 5968 5969
f 5905 5970 5906
f 5971 5905 5972
f 5907 5973 5908
f 5974 5907 5975
f 5909 5976 5910
f 5977 5909 5978
f 5911 5979 5912
f 5980 5911 5981
f 5913 5982 5983
f 5984 5913 5914
f 5985 5986 5987
f 5988 5989 5990
f 5991 5992 5993
f 5994 5995 5996
f 5997 5998 5999
f 6000 6001 5915
f 5915 6002 5916
f 5916 6003 5917
f 5917 6004 6005
f 5915 5916 5918
f 5917 6006 5919
f 5919 6007 5920
f 5920 6008 6009
f 5920 6010 5921
f 5921 6011 5922
f 5922 6012 5923
f 5923 6013 6014
f 5923 6015 5924
f 5924 6016 5925
f 5925 6017 5926
f 5926 6018 6019
f 5926 6020 5927
f 5927 6021 5928
f 5928 6022 5929
f 6023 5930 6024
f 5930 6025 5915
f 6026 5930 5931
f 6027 5931 5932
f 6028 5932 5933
f 6029 5933 6030
f 6031 5933 5934
f 6032 5934 5935
f 6033 5935 5936
f 6034 5936 6035
f 6036 5936 5937
f 6037 5937 5938
f 6038 5938 5939
f 6039 5939 6040
f 6041 5939 5940
f 6042 5940 5941
f 6043 5941 5942
f 6044 5942 5929
f 6045 5929 6046
f 6047 6048 6049
f 6050 6051 6052
f 6053 6054 6055
f 6056 6057 6058
f 6057 6056 6059
f 6060 6116 6117
f 6118 6060 6061
f 6062 6119 6063
f 6120 6062 6121
f 6064 6122 6065
f 6123 6064 6124
f 6066 6125 6067
f 6126 6066 6127
f 6068 6128 6069
f 6129 6068 6130
f 6131 6070 6071
f 6070 6132 6133
f 6134 6072 6073
f 6072 6135 6136
f 6137 6074 6075
f 6074 6138 6139
f 6140 6076 6077
f 6076 6141 6142
f 6078 6143 6079
f 6144 6078 6145
f 6080 6146 6081
f 6147 6080 6148
f 6082 6149 6083
f 6150 6082 6151
f 6084 6152 6085
f 6153 6084 6154
f 6086 6155 6156
f 6157 6086 6087
f 6158 6159 6160
f 6161 6162 6163
f 6164 6165 6166
f 6167 6168 6169
f 6170 6171 6172
f 6173 6174 6088
f 6088 6175 6089
f 6089 6176 6090
f 6090 6177 6178
f 6088 6089 6091
f 6090 6179 6092
f 6092 6180 6093
f 6093 6181 6182
f 6093 6183 6094
f 6094 6184 6095
f 6095 6185 6096
f 6096 6186 6187
f 6096 6188 6097
f 6097 6189 6098
f 6098 6190 6099
f 6099 6191 6192
f 6099 6193 6100
f 6100 6194 6101
f 6101 6195 6102
f 6196 6103 6197
f 6103 6198 6088
f 6199 6103 6104
f 6200 6104 6105
f 6201 6105 6106
f 6202 6106 6203
f 6204 6106 6107
f 6205 6107 6108
f 6206 6108 6109
f 6207 6109 6208
f 6209 6109 6110
f 6210 6110 6111
f 6211 6111 6112
f 6212 6112 6213
f 6214 6112 6113
f 6215 6113 6114
f 6216 6114 6115
f 6217 6115 6102
f 6218 6102 6219
f 6220 6221 6222
f 6223 6224 6225
f 6226 6227 6228
f 6229 6230 6231
f 6230 6229 6232
f 6233 6289 6290
f 6291 6233 6234
f 6235 6292 6236
f 6293 6235 6294
f 6237 6295 6238
f 6296 6237 6297
f 6239 6298 6240
f 6299 6239 6300
f 6241 6301 6242
f 6302 6241 6303
f 6304 6243 6244
f 6243 6305 6306
f 6307 6245 6246
f 6245 6308 6309
f 6310 6247 6248
f 6247 6311 6312
f 6313 6249 6250
f 6249 6314 6315
f 6251 6316 6252
f 6317 6251 6318
f 6253 6319 6254
f 6320 6253 6321
f 6255 6322 6256
f 6323 6255 6324
f 6257 6325 6258
f 6326 6257 6327
f 6259 6328 6329
f 6330 6259 6260
f 6331 6332 6333
f 6334 6335 6336
f 6337 6338 6339
f 6340 6341 6342
f 6343 6344 6345
f 6346 6347 6261
f 6261 6348 6262
f 6262 6349 6263
f 6263 6350 6351
f 6261 6262 6264
f 6263 6352 6265
f 6265 6353 6266
f 6266 6354 6355
f 6266 6356 6267
f 6267 6357 6268
f 6268 6358 6269
f 6269 6359 6360
f 6269 6361 6270
f 6270 6362 6271
f 6271 6363 6272
f 6272 6364 6365
f 6272 6366 6273
f 6273 6367 6274
f 6274 6368 6275
f 6369 6276 6370
f 6276 6371 6261
f 6372 6276 6277
f 6373 6277 6278
f 6374 6278 6279
f 6375 6279 6376
f 6377 6279 6280
f 6378 6280 6281
f 6379 6281 6282
f 6380 6282 6381
f 6382 6282 6283
f 6383 6283 6284
f 6384 6284 6285
f 6385 6285 6386
f 6387 6285 6286
f 6388 6286 6287
f 6389 6287 6288
f 6390 6288 6275
f 6391 6275 6392
f 6393 6394 6395
f 6396 6397 6398
f 6399 6400 6401
f 6402 6403 6404
f 6403 6402 6405
f 6406 6462 6463
f 6464 6406 6407
f 6408 6465 6409
f 6466 6408 6467
f 6410 6468 6411
f 6469 6410 6470
f 6412 6471 6413
f 6472 6412 6473
f 6414 6474 6415
f 6475 6414 6476
f 6477 6416 6417
f 6416 6478 6479
f 6480 6418 6419
f 6418 6481 6482
f 6483 6420 6421
f 6420 6484 6485
f 6486 6422 6423
f 6422 6487 6488
f 6424 6489 6425
f 6490 6424 6491
f 6426 6492 6427
f 6493 6426 6494
f 6428 6495 6429
f 6496 6428 6497
f 6430 6498 6431
f 6499 6430 6500
f 6432 6501 6502
f 6503 6432 6433
f 6504 6505 6506
f 6507 6508 6509
f 6510 6511 6512
f 6513 6514 6515
f 6516 6517 6518
f 6519 6520 6434
f 6434 6521 6435
f 6435 6522 6436
f 6436 6523 6524
f 6434 6435 6437
f 6436 6525 6438
f 6438 6526 6439
f 6439 6527 6528
f 6439 6529 6440
f 6440 6530 6441
f 6441 6531 6442
f 6442 6532 6533
f 6442 6534 6443
f 6443 6535 6444
f 6444 6536 6445
f 6445 6537 6538
f 6445 6539 6446
f 6446 6540 6447
f 6447 6541 6448
f 6542 6449 6543
f 6449 6544 6434
f 6545 6449 6450
f 6546 6450 6451
f 6547 6451 6452
f 6548 6452 6549
f 6550 6452 6453
f 6551 6453 6454
f 6552 6454 6455
f 6553 6455 6554
f 6555 6455 6456
f 6556 6456 6457
f 6557 6457 6458
f 6558 6458 6559
f 6560 6458 6459
f 6561 6459 6460
f 6562 6460 6461
f 6563 6461 6448
f 6564 6448 6565
f 6566 6567 6568
f 6569 6570 6571
f 6572 6573 6574
f 6575 6576 6577
f 6576 6575 6578
f 6579 6635 6636
f 6637 6579 6580
f 6581 6638 6582
f 6639 6581 6640
f 6583 6641 6584
f 6642 6583 6643
f 6585 6644 6586
f 6645 6585 6646
f 6587 6647 6588
f 6648 6587 6649
f 6650 6589 6590
f 6589 6651 6652
f 6653 6591 6592
f 6591 6654 6655
f 6656 6593 6594
f 6593 6657 6658
f 6659 6595 6596
f 6595 6660 6661
f 6597 6662 6598
f 6663 6597 6664
f 6599 6665 6600
f 6666 6599 6667
f 6601 6668 6602
f 6669 6601 6670
f 6603 6671 6604
f 6672 6603 6673
f 6605 6674 6675
f 6676 6605 6606
f 6677 6678 6679
f 6680 6681 6682
f 6683 6684 6685
f 6686 6687 6688
f 6689 6690 6691
f 6692 6693 6607
f 6607 6694 6608
f 6608 6695 6609
f 6609 6696 6697
f 6607 6608 6610
f 6609 6698 6611
f 6611 6699 6612
f 6612 6700 6701
f 6612 6702 6613
f 6613 6703 6614
f 6614 6704 6615
f 6615 6705 6706
f 6615 6707 6616
f 6616 6708 6617
f 6617 6709 6618
f 6618 6710 6711
f 6618 6712 6619
f 6619 6713 6620
f 6620 6714 6621
f 6715 6622 6716
f 6622 6717 6607
f 6718 6622 6623
f 6719 6623 6624
f 6720 6624 6625
f 6721 6625 6722
f 6723 6625 6626
f 6724 6626 6627
f 6725 6627 6628
f 6726 6628 6727
f 6728 6628 6629
f 6729 6629 6630
f 6730 6630 6631
f 6731 6631 6732
f 6733 6631 6632
f 6734 6632 6633
f 6735 6633 6634
f 6736 6634 6621
f 6737 6621 6738
f 6739 6740 6741
f 6742 6743 6744
f 6745 6746 6747
f 6748 6749 6750
f 6749 6748 6751
f 6752 6808 6809
f 6810 6752 6753
f 6754 6811 6755
f 6812 6754 6813
f 6756 6814 6757
f 6815 6756 6816
f 6758 6817 6759
f 6818 6758 6819
f 6760 6820 6761
f 6821 6760 6822
f 6823 6762 6763
f 6762 6824 6825
f 6826 6764 6765
f 6764 6827 6828
f 6829 6766 6767
f 6766 6830 6831
f 6832 6768 6769
f 6768 6833 6834
f 6770 6835 6771
f 6836 6770 6837
f 6772 6838 6773
f 6839 6772 6840
f 6774 6841 6775
f 6842 6774 6843
f 6776 6844 6777
f 6845 6776 6846
f 6778 6847 6848
f 6849 6778 6779
f 6850 6851 6852
f 6853 6854 6855
f 6856 6857 6858
f 6859 6860 6861
f 6862 6863 6864
f 6865 6866 6780
f 6780 6867 6781
f 6781 6868 6782
f 6782 6869 6870
f 6780 6781 6783
f 6782 6871 6784
f 6784 6872 6785
f 6785 6873 6874
f 6785 6875 6786
f 6786 6876 6787
f 6787 6877 6788
f 6788 6878 6879
f 6788 6880 6789
f 6789 6881 6790
f 6790 6882 6791
f 6791 6883 6884
f 6791 6885 6792
f 6792 6886 6793
f 6793 6887 6794
f 6888 6795 6889
f 6795 6890 6780
f 6891 6795 6796
f 6892 6796 6797
f 6893 6797 6798
f 6894 6798 6895
f 6896 6798 6799
f 6897 6799 6800
f 6898 6800 6801
f 6899 6801 6900
f 6901 6801 6802
f 6902 6802 6803
f 6903 6803 6804
f 6904 6804 6905
f 6906 6804 6805
f 6907 6805 6806
f 6908 6806 6807
f 6909 6807 6794
f 6910 6794 6911
f 6912 6913 6914
f 6915 6916 6917
f 6918 6919 6920
f 6921 6922 6923
f 6922 6921 6924
f 6925 6981 6982
f 6983 6925 6926
f 6927 6984 6928
f 6985 6927 6986
f 6929 6987 6930
f 6988 6929 6989
f 6931 6990 6932
f 6991 6931 6992
f 6933 6993 6934
f 6994 6933 6995
f 6996 6935 6936
f 6935 6997 6998
f 6999 6937 6938
f 6937 7000 7001
f 7002 6939 6940
f 6939 7003 7004
f 7005 6941 6942
f 6941 7006 7007
f 6943 7008 6944
f 7009 6943 7010
f 6945 7011 6946
f 7012 6945 7013
f 6947 7014 6948
f 7015 6947 7016
f 6949 7017 6950
f 7018 6949 7019
f 6951 7020 7021
f 7022 6951 6952
f 7023 7024 7025
f 7026 7027 7028
f 7029 7030 7031
f 7032 7033 7034
f 7035 7036 7037
f 7038 7039 6953
f 6953 7040 6954
f 6954 7041 6955
f 6955 7042 7043
f 6953 6954 6956
f 6955 7044 6957
f 6957 7045 6958
f 6958 7046 7047
f 6958 7048 6959
f 6959 7049 6960
f 6960 7050 6961
f 6961 7051 7052
f 6961 7053 6962
f 6962 7054 6963
f 6963 7055 6964
f 6964 7056 7057
f 6964 7058 6965
f 6965 7059 6966
f 6966 7060 6967
f 7061 6968 7062
f 6968 7063 6953
f 7064 6968 6969
f 7065 6969 6970
f 7066 6970 6971
f 7067 6971 7068
f 7069 6971 6972
f 7070 6972 6973
f 7071 6973 6974
f 7072 6974 7073
f 7074 6974 6975
f 7075 6975 6976
f 7076 6976 6977
f 7077 6977 7078
f 7079 6977 6978
f 7080 6978 6979
f 7081 6979 6980
f 7082 6980 6967
f 7083 6967 7084
f 7085 7086 7087
f 7088 7089 7090
f 7091 7092 7093
f 7094 7095 7096
f 7095 7094 7097
f 7098 7154 7155
f 7156 7098 7099
f 7100 7157 7101
f 7158 7100 7159
f 7102 7160 7103
f 7161 7102 7162
f 7104 7163 7105
f 7164 7104 7165
f 7106 7166 7107
f 7167 7106 7168
f 7169 7108 7109
f 7108 7170 7171
f 7172 7110 7111
f 7110 7173 7174
f 7175 7112 7113
f 7112 7176 7177
f 7178 7114 7115
f 7114 7179 7180
f 7116 7181 7117
f 7182 7116 7183
f 7118 7184 7119
f 7185 7118 7186
f 7120 7187 7121
f 7188 7120 7189
f 7122 7190 7123
f 7191 7122 7192
f 7124 7193 7194
f 7195 7124 7125
f 7196 7197 7198
f 7199 7200 7201
f 7202 7203 7204
f 7205 7206 7207
f 7208 7209 7210
f 7211 7212 7126
f 7126 7213 7127
f 7127 7214 7128
f 7128 7215 7216
f 7126 7127 7129
f 7128 7217 7130
f 7130 7218 7131
f 7131 7219 7220
f 7131 7221 7132
f 7132 7222 7133
f 7133 7223 7134
f 7134 7224 7225
f 7134 7226 7135
f 7135 7227 7136
f 7136 7228 7137
f 7137 7229 7230
f 7137 7231 7138
f 7138 7232 7139
f 7139 7233 7140
f 7234 7141 7235
f 7141 7236 7126
f 7237 7141 7142
f 7238 7142 7143
f 7239 7143 7144
f 7240 7144 7241
f 7242 7144 7145
f 7243 7145 7146
f 7244 7146 7147
f 7245 7147 7246
f 7247 7147 7148
f 7248 7148 7149
f 7249 7149 7150
f 7250 7150 7251
f 7252 7150 7151
f 7253 7151 7152
f 7254 7152 7153
f 7255 7153 7140
f 7256 7140 7257
f 7258 7259 7260
f 7261 7262 7263
f 7264 7265 7266
f 7267 7268 7269
f 7268 7267 7270
f 7271 7327 7328
f 7329 7271 7272
f 7273 7330 7274
f 7331 7273 7332
f 7275 7333 7276
f 7334 7275 7335
f 7277 7336 7278
f 7337 7277 7338
f 7279 7339 7280
f 7340 7279 7341
f 7342 7281 7282
f 7281 7343 7344
f 7345 7283 7284
f 7283 7346 7347
f 7348 7285 7286
f 7285 7349 7350
f 7351 7287 7288
f 7287 7352 7353
f 7289 7354 7290
f 7355 7289 7356
f 7291 7357 7292
f 7358 7291 7359
f 7293 7360 7294
f 7361 7293 7362
f 7295 7363 7296
f 7364 7295 7365
f 7297 7366 7367
f 7368 7297 7298
f 7369 7370 7371
f 7372 7373 7374
f 7375 7376 7377
f 7378 7379 7380
f 7381 7382 7383
f 7384 7385 7299
f 7299 7386 7300
f 7300 7387 7301
f 7301 7388 7389
f 7299 7300 7302
f 7301 7390 7303
f 7303 7391 7304
f 7304 7392 7393
f 7304 7394 7305
f 7305 7395 7306
f 7306 7396 7307
f 7307 7397 7398
f 7307 7399 7308
f 7308 7400 7309
f 7309 7401 7310
f 7310 7402 7403
f 7310 7404 7311
f 7311 7405 7312
f 7312 7406 7313
f 7407 7314 7408
f 7314 7409 7299
f 7410 7314 7315
f 7411 7315 7316
f 7412 7316 7317
f 7413 7317 7414
f 7415 7317 7318
f 7416 7318 7319
f 7417 7319 7320
f 7418 7320 7419
f 7420 7320 7321
f 7421 7321 7322
f 7422 7322 7323
f 7423 7323 7424
f 7425 7323 7324
f 7426 7324 7325
f 7427 7325 7326
f 7428 7326 7313
f 7429 7313 7430
f 7431 7432 7433
f 7434 7435 7436
f 7437 7438 7439
f 7440 7441 7442
f 7441 7440 7443
f 7444 7500 7501
f 7502 7444 7445
f 7446 7503 7447
f 7504 7446 7505
f 7448 7506 7449
f 7507 7448 7508
f 7450 7509 7451
f 7510 7450 7511
f 7452 7512 7453
f 7513 7452 7514
f 7515 7454 7455
f 7454 7516 7517
f 7518 7456 7457
f 7456 7519 7520
f 7521 7458 7459
f 7458 7522 7523
f 7524 7460 7461
f 7460 7525 7526
f 7462 7527 7463
f 7528 7462 7529
f 7464 7530 7465
f 7531 7464 7532
f 7466 7533 7467
f 7534 7466 7535
f 7468 7536 7469
f 7537 7468 7538
f 7470 7539 7540
f 7541 7470 7471
f 7542 7543 7544
f 7545 7546 7547
f 7548 7549 7550
f 7551 7552 7553
f 7554 7555 7556
f 7557 7558 7472
f 7472 7559 7473
f 7473 7560 7474
f 7474 7561 7562
f 7472 7473 7475
f 7474 7563 7476
f 7476 7564 7477
f 7477 7565 7566
f 7477 7567 7478
f 7478 7568 7479
f 7479 7569 7480
f 7480 7570 7571
f 7480 7572 7481
f 7481 7573 7482
f 7482 7574 7483
f 7483 7575 7576
f 7483 7577 7484
f 7484 7578 7485
f 7485 7579 7486
f 7580 7487 7581
f 7487 7582 7472
f 7583 7487 7488
f 7584 7488 7489
f 7585 7489 7490
f 7586 7490 7587
f 7588 7490 7491
f 7589 7491 7492
f 7590 7492 7493
f 7591 7493 7592
f 7593 7493 7494
f 7594 7494 7495
f 7595 7495 7496
f 7596 7496 7597
f 7598 7496 7497
f 7599 7497 7498
f 7600 7498 7499
f 7601 7499 7486
f 7602 7486 7603
f 7604 7605 7606
f 7607 7608 7609
f 7610 7611 7612
f 7613 7614 7615
f 7614 7613 7616
f 7617 7673 7674
f 7675 7617 7618
f 7619 7676 7620
f 7677 7619 7678
f 7621 7679 7622
f 7680 7621 7681
f 7623 7682 7624
f 7683 7623 7684
f 7625 7685 7626
f 7686 7625 7687
f 7688 7627 7628
f 7627 7689 7690
f 7691 7629 7630
f 7629 7692 7693
f 7694 7631 7632
f 7631 7695 7696
f 7697 7633 7634
f 7633 7698 7699
f 7635 7700 7636
f 7701 7635 7702
f 7637 7703 7638
f 7704 7637 7705
f 7639 7706 7640
f 7707 7639 7708
f 7641 7709 7642
f 7710 7641 7711
f 7643 7712 7713
f 7714 7643 7644
f 7715 7716 7717
f 7718 7719 7720
f 7721 7722 7723
f 7724 7725 7726
f 7727 7728 7729
f 7730 7731 7645
f 7645 7732 7646
f 7646 7733 7647
f 7647 7734 7735
f 7645 7646 7648
f 7647 7736 7649
f 7649 7737 7650
f 7650 7738 7739
f 7650 7740 7651
f 7651 7741 7652
f 7652 7742 7653
f 7653 7743 7744
f 7653 7745 7654
f 7654 7746 7655
f 7655 7747 7656
f 7656 7748 7749
f 7656 7750 7657
f 7657 7751 7658
f 7658 7752 7659
f 7753 7660 7754
f 7660 7755 7645
f 7756 7660 7661
f 7757 7661 7662
f 7758 7662 7663
f 7759 7663 7760
f 7761 7663 7664
f 7762 7664 7665
f 7763 7665 7666
f 7764 7666 7765
f 7766 7666 7667
f 7767 7667 7668
f 7768 7668 7669
f 7769 7669 7770
f 7771 7669 7670
f 7772 7670 7671
f 7773 7671 7672
f 7774 7672 7659
f 7775 7659 7776
f 7777 7778 7779
f 7780 7781 7782
f 7783 7784 7785
f 7786 7787 7788
f 7787 7786 7789
f 7790 7846 7847
f 7848 7790 7791
f 7792 7849 7793
f 7850 7792 7851
f 7794 7852 7795
f 7853 7794 7854
f 7796 7855 7797
f 7856 7796 7857
f 7798 7858 7799
f 7859 7798 7860
f 7861 7800 7801
f 7800 7862 7863
f 7864 7802 7803
f 7802 7865 7866
f 7867 7804 7805
f 7804 7868 7869
f 7870 7806 7807
f 7806 7871 7872
f 7808 7873 7809
f 7874 7808 7875
f 7810 7876 7811
f 7877 7810 7878
f 7812 7879 7813
f 7880 7812 7881
f 7814 7882 7815
f 7883 7814 7884
f 7816 7885 7886
f 7887 7816 7817
f 7888 7889 7890
f 7891 7892 7893
f 7894 7895 7896
f 7897 7898 7899
f 7900 7901 7902
f 7903 7904 7818
f 7818 7905 7819
f 7819 7906 7820
f 7820 7907 7908
f 7818 7819 7821
f 7820 7909 7822
f 7822 7910 7823
f 7823 7911 7912
f 7823 7913 7824
f 7824 7914 7825
f 7825 7915 7826
f 7826 7916 7917
f 7826 7918 7827
f 7827 7919 7828
f 7828 7920 7829
f 7829 7921 7922
f 7829 7923 7830
f 7830 7924 7831
f 7831 7925 7832
f 7926 7833 7927
f 7833 7928 7818
f 7929 7833 7834
f 7930 7834 7835
f 7931 7835 7836
f 7932 7836 7933
f 7934 7836 7837
f 7935 7837 7838
f 7936 7838 7839
f 7937 7839 7938
f 7939 7839 7840
f 7940 7840 7841
f 7941 7841 7842
f 7942 7842 7943
f 7944 7842 7843
f 7945 7843 7844
f 7946 7844 7845
f 7947 7845 7832
f 7948 7832 7949
f 7950 7951 7952
f 7953 7954 7955
f 7956 7957 7958
f 7959 7960 7961
f 7960 7959 7962
f 7963 8019 8020
f 8021 7963 7964
f 7965 8022 7966
f 8023 7965 8024
f 7967 8025 7968
f 8026 7967 8027
f 7969 8028 7970
f 8029 7969 8030
f 7971 8031 7972
f 8032 7971 8033
f 8034 7973 7974
f 7973 8035 8036
f 8037 7975 7976
f 7975 8038 8039
f 8040 7977 7978
f 7977 8041 8042
f 8043 7979 7980
f 7979 8044 8045
f 7981 8046 7982
f 8047 7981 8048
f 7983 8049 7984
f 8050 7983 8051
f 7985 8052 7986
f 8053 7985 8054
f 7987 8055 7988
f 8056 7987 8057
f 7989 8058 8059
f 8060 7989 7990
f 8061 8062 8063
f 8064 8065 8066
f 8067 8068 8069
f 8070 8071 8072
f 8073 8074 8075
f 8076 8077 7991
f 7991 8078 7992
f 7992 8079 7993
f 7993 8080 8081
f 7991 7992 7994
f 7993 8082 7995
f 7995 8083 7996
f 7996 8084 8085
f 7996 8086 7997
f 7997 8087 7998
f 7998 8088 7999
f 7999 8089 8090
f 7999 8091 8000
f 8000 8092 8001
f 8001 8093 8002
f 8002 8094 8095
f 8002 8096 8003
f 8003 8097 8004
f 8004 8098 8005
f 8099 8006 8100
f 8006 8101 7991
f 8102 8006 8007
f 8103 8007 8008
f 8104 8008 8009
f 8105 8009 8106
f 8107 8009 8010
f 8108 8010 8011
f 8109 8011 8012
f 8110 8012 8111
f 8112 8012 8013
f 8113 8013 8014
f 8114 8014 8015
f 8115 8015 8116
f 8117 8015 8016
f 8118 8016 8017
f 8119 8017 8018
f 8120 8018 8005
f 8121 8005 8122
f 8123 8124 8125
f 8126 8127 8128
f 8129 8130 8131
f 8132 8133 8134
f 8133 8132 8135
f 8136 8192 8193
f 8194 8136 8137
f 8138 8195 8139
f 8196 8138 8197
f 8140 8198 8141
f 8199 8140 8200
f 8142 8201 8143
f 8202 8142 8203
f 8144 8204 8145
f 8205 8144 8206
f 8207 8146 8147
f 8146 8208 8209
f 8210 8148 8149
f 8148 8211 8212
f 8213 8150 8151
f 8150 8214 8215
f 8216 8152 8153
f 8152 8217 8218
f 8154 8219 8155
f 8220 8154 8221
f 8156 8222 8157
f 8223 8156 8224
f 8158 8225 8159
f 8226 8158 8227
f 8160 8228 8161
f 8229 8160 8230
f 8162 8231 8232
f 8233 8162 8163
f 8234 8235 8236
f 8237 8238 8239
f 8240 8241 8242
f 8243 8244 8245
f 8246 8247 8248
f 8249 8250 8164
f 8164 8251 8165
f 8165 8252 8166
f 8166 8253 8254
f 8164 8165 8167
f 8166 8255 8168
f 8168 8256 8169
f 8169 8257 8258
f 8169 8259 8170
f 8170 8260 8171
f 8171 8261 8172
f 8172 8262 8263
f 8172 8264 8173
f 8173 8265 8174
f 8174 8266 8175
f 8175 8267 8268
f 8175 8269 8176
f 8176 8270 8177
f 8177 8271 8178
f 8272 8179 8273
f 8179 8274 8164
f 8275 8179 8180
f 8276 8180 8181
f 8277 8181 8182
f 8278 8182 8279
f 8280 8182 8183
f 8281 8183 8184
f 8282 8184 8185
f 8283 8185 8284
f 8285 8185 8186
f 8286 8186 8187
f 8287 8187 8188
f 8288 8188 8289
f 8290 8188 8189
f 8291 8189 8190
f 8292 8190 8191
f 8293 8191 8178
f 8294 8178 8295
f 8296 8297 8298
f 8299 8300 8301
f 8302 8303 8304
f 8305 8306 8307
f 8306 8305 8308
f 8309 8384 8385
f 8386 8309 8310
f 8311 8387 8312
f 8388 8311 8389
f 8313 8390 8314
f 8391 8313 8392
f 8315 8393 8316
f 8394 8315 8395
f 8317 8396 8318
f 8397 8317 8398
f 8399 8319 8320
f 8319 8400 8401
f 8402 8321 8322
f 8321 8403 8404
f 8405 8323 8324
f 8323 8406 8407
f 8408 8325 8326
f 8325 8409 8410
f 8327 8411 8328
f 8412 8327 8413
f 8329 8414 8330
f 8415 8329 8416
f 8331 8417 8332
f 8418 8331 8419
f 8333 8420 8334
f 8421 8333 8422
f 8335 8423 8424
f 8425 8335 8336
f 8426 8427 8428
f 8429 8430 8431
f 8432 8433 8434
f 8435 8436 8437
f 8438 8439 8440
f 8441 8442 8337
f 8337 8443 8338
f 8338 8444 8339
f 8339 8445 8446
f 8337 8338 8340
f 8339 8447 8341
f 8341 8448 8342
f 8342 8449 8450
f 8342 8451 8343
f 8343 8452 8344
f 8344 8453 8345
f 8345 8454 8455
f 8345 8456 8346
f 8346 8457 8347
f 8347 8458 8348
f 8348 8459 8460
f 8348 8461 8349
f 8349 8462 8350
f 8350 8463 8351
f 8464 8352 8465
f 8352 8466 8337
f 8467 8352 8353
f 8468 8353 8354
f 8469 8354 8355
f 8470 8355 8471
f 8472 8355 8356
f 8473 8356 8357
f 8474 8357 8358
f 8475 8358 8476
f 8477 8358 8359
f 8478 8359 8360
f 8479 8360 8361
f 8480 8361 8481
f 8482 8361 8362
f 8483 8362 8363
f 8484 8363 8364
f 8485 8364 8351
f 8486 8351 8487
f 8488 8489 8490
f 8491 8492 8493
f 8494 8495 8496
f 8365 8497 8498
f 8499 8365 8366
f 8367 8500 8501
f 8502 8367 8365
f 8368 8503 8369
f 8504 8368 8505
f 8506 8507 8370
f 8508 8509 8510
f 8511 8512 8371
f 8513 8514 8515
f 8516 8517 8372
f 8518 8519 8520
f 8373 8521 8522
f 8523 8373 8524
f 8374 8525 8526
f 8527 8374 8528
f 8375 8529 8530
f 8531 8375 8532
f 8376 8533 8534
f 8535 8376 8375
f 8536 8377 8537
f 8377 8538 8378
f 8539 8379 8540
f 8379 8541 8380
f 8542 8543 8544
f 8545 8546 8381
f 8547 8548 8549
f 8550 8551 8382
f 8383 8552 8553
f 8554 8383 8555
f 8556 8557 8558
f 8559 8560 8561
f 8562 8563 8564
f 8563 8562 8565
f 8566 8622 8623
f 8624 8566 8567
f 8568 8625 8569
f 8626 8568 8627
f 8570 8628 8571
f 8629 8570 8630
f 8572 8631 8573
f 8632 8572 8633
f 8574 8634 8575
f 8635 8574 8636
f 8637 8576 8577
f 8576 8638 8639
f 8640 8578 8579
f 8578 8641 8642
f 8643 8580 8581
f 8580 8644 8645
f 8646 8582 8583
f 8582 8647 8648
f 8584 8649 8585
f 8650 8584 8651
f 8586 8652 8587
f 8653 8586 8654
f 8588 8655 8589
f 8656 8588 8657
f 8590 8658 8591
f 8659 8590 8660
f 8592 8661 8662
f 8663 8592 8593
f 8664 8665 8666
f 8667 8668 8669
f 8670 8671 8672
f 8673 8674 8675
f 8676 8677 8678
f 8679 8680 8594
f 8594 8681 8595
f 8595 8682 8596
f 8596 8683 8684
f 8594 8595 8597
f 8596 8685 8598
f 8598 8686 8599
f 8599 8687 8688
f 8599 8689 8600
f 8600 8690 8601
f 8601 8691 8602
f 8602 8692 8693
f 8602 8694 8603
f 8603 8695 8604
f 8604 8696 8605
f 8605 8697 8698
f 8605 8699 8606
f 8606 8700 8607
f 8607 8701 8608
f 8702 8609 8703
f 8609 8704 8594
f 8705 8609 8610
f 8706 8610 8611
f 8707 8611 8612
f 8708 8612 8709
f 8710 8612 8613
f 8711 8613 8614
f 8712 8614 8615
f 8713 8615 8714
f 8715 8615 8616
f 8716 8616 8617
f 8717 8617 8618
f 8718 8618 8719
f 8720 8618 8619
f 8721 8619 8620
f 8722 8620 8621
f 8723 8621 8608
f 8724 8608 8725
f 8726 8727 8728
f 8729 8730 8731
f 8732 8733 8734
f 8735 8736 8737
f 8736 8735 8738
f 8739 8795 8796
f 8797 8739 8740
f 8741 8798 8742
f 8799 8741 8800
f 8743 8801 8744
f 8802 8743 8803
f 8745 8804 8746
f 8805 8745 8806
f 8747 8807 8748
f 8808 8747 8809
f 8810 8749 8750
f 8749 8811 8812
f 8813 8751 8752
f 8751 8814 8815
f 8816 8753 8754
f 8753 8817 8818
f 8819 8755 8756
f 8755 8820 8821
f 8757 8822 8758
f 8823 8757 8824
f 8759 8825 8760
f 8826 8759 8827
f 8761 8828 8762
f 8829 8761 8830
f 8763 8831 8764
f 8832 8763 8833
f 8765 8834 8835
f 8836 8765 8766
f 8837 8838 8839
f 8840 8841 8842
f 8843 8844 8845
f 8846 8847 8848
f 8849 8850 8851
f 8852 8853 8767
f 8767 8854 8768
f 8768 8855 8769
f 8769 8856 8857
f 8767 8768 8770
f 8769 8858 8771
f 8771 8859 8772
f 8772 8860 8861
f 8772 8862 8773
f 8773 8863 8774
f 8774 8864 8775
f 8775 8865 8866
f 8775 8867 8776
f 8776 8868 8777
f 8777 8869 8778
f 8778 8870 8871
f 8778 8872 8779
f 8779 8873 8780
f 8780 8874 8781
f 8875 8782 8876
f 8782 8877 8767
f 8878 8782 8783
f 8879 8783 8784
f 8880 8784 8785
f 8881 8785 8882
f 8883 8785 8786
f 8884 8786 8787
f 8885 8787 8788
f 8886 8788 8887
f 8888 8788 8789
f 8889 8789 8790
f 8890 8790 8791
f 8891 8791 8892
f 8893 8791 8792
f 8894 8792 8793
f 8895 8793 8794
f 8896 8794 8781
f 8897 8781 8898
f 8899 8900 8901
f 8902 8903 8904
f 8905 8906 8907
f 8908 8909 8910
f 8909 8908 8911
f 8912 8968 8969
f 8970 8912 8913
f 8914 8971 8915
f 8972 8914 8973
f 8916 8974 8917
f 8975 8916 8976
f 8918 8977 8919
f 8978 8918 8979
f 8920 8980 8921
f 8981 8920 8982
f 8983 8922 8923
f 8922 8984 8985
f 8986 8924 8925
f 8924 8987 8988
f 8989 8926 8927
f 8926 8990 8991
f 8992 8928 8929
f 8928 8993 8994
f 8930 8995 8931
f 8996 8930 8997
f 8932 8998 8933
f 8999 8932 9000
f 8934 9001 8935
f 9002 8934 9003
f 8936 9004 8937
f 9005 8936 9006
f 8938 9007 9008
f 9009 8938 8939
f 9010 9011 9012
f 9013 9014 9015
f 9016 9017 9018
f 9019 9020 9021
f 9022 9023 9024
f 9025 9026 8940
f 8940 9027 8941
f 8941 9028 8942
f 8942 9029 9030
f 8940 8941 8943
f 8942 9031 8944
f 8944 9032 8945
f 8945 9033 9034
f 8945 9035 8946
f 8946 9036 8947
f 8947 9037 8948
f 8948 9038 9039
f 8948 9040 8949
f 8949 9041 8950
f 8950 9042 8951
f 8951 9043 9044
f 8951 9045 8952
f 8952 9046 8953
f 8953 9047 8954
f 9048 8955 9049
f 8955 9050 8940
f 9051 8955 8956
f 9052 8956 8957
f 9053 8957 8958
f 9054 8958 9055
f 9056 8958 8959
f 9057 8959 8960
f 9058 8960 8961
f 9059 8961 9060
f 9061 8961 8962
f 9062 8962 8963
f 9063 8963 8964
f 9064 8964 9065
f 9066 8964 8965
f 9067 8965 8966
f 9068 8966 8967
f 9069 8967 8954
f 9070 8954 9071
f 9072 9073 9074
f 9075 9076 9077
f 9078 9079 9080
f 9081 9082 9083
f 9082 9081 9084
f 9085 9141 9142
f 9143 9085 9086
f 9087 9144 9088
f 9145 9087 9146
f 9089 9147 9090
f 9148 9089 9149
f 9091 9150 9092
f 9151 9091 9152
f 9093 9153 9094
f 9154 9093 9155
f 9156 9095 9096
f 9095 9157 9158
f 9159 9097 9098
f 9097 9160 9161
f 9162 9099 9100
f 9099 9163 9164
f 9165 9101 9102
f 9101 9166 9167
f 9103 9168 9104
f 9169 9103 9170
f 9105 9171 9106
f 9172 9105 9173
f 9107 9174 9108
f 9175 9107 9176
f 9109 9177 9110
f 9178 9109 9179
f 9111 9180 9181
f 9182 9111 9112
f 9183 9184 9185
f 9186 9187 9188
f 9189 9190 9191
f 9192 9193 9194
f 9195 9196 9197
f 9198 9199 9113
f 9113 9200 9114
f 9114 9201 9115
f 9115 9202 9203
f 9113 9114 9116
f 9115 9204 9117
f 9117 9205 9118
f 9118 9206 9207
f 9118 9208 9119
f 9119 9209 9120
f 9120 9210 9121
f 9121 9211 9212
f 9121 9213 9122
f 9122 9214 9123
f 9123 9215 9124
f 9124 9216 9217
f 9124 9218 9125
f 9125 9219 9126
f 9126 9220 9127
f 9221 9128 9222
f 9128 9223 9113
f 9224 9128 9129
f 9225 9129 9130
f 9226 9130 9131
f 9227 9131 9228
f 9229 9131 9132
f 9230 9132 9133
f 9231 9133 9134
f 9232 9134 9233
f 9234 9134 9135
f 9235 9135 9136
f 9236 9136 9137
f 9237 9137 9238
f 9239 9137 9138
f 9240 9138 9139
f 9241 9139 9140
f 9242 9140 9127
f 9243 9127 9244
f 9245 9246 9247
f 9248 9249 9250
f 9251 9252 9253
f 9254 9255 9256
f 9255 9254 9257
f 9258 9314 9315
f 9316 9258 9259
f 9260 9317 9261
f 9318 9260 9319
f 9262 9320 9263
f 9321 9262 9322
f 9264 9323 9265
f 9324 9264 9325
f 9266 9326 9267
f 9327 9266 9328
f 9329 9268 9269
f 9268 9330 9331
f 9332 9270 9271
f 9270 9333 9334
f 9335 9272 9273
f 9272 9336 9337
f 9338 9274 9275
f 9274 9339 9340
f 9276 9341 9277
f 9342 9276 9343
f 9278 9344 9279
f 9345 9278 9346
f 9280 9347 9281
f 9348 9280 9349
f 9282 9350 9283
f 9351 9282 9352
f 9284 9353 9354
f 9355 9284 9285
f 9356 9357 9358
f 9359 9360 9361
f 9362 9363 9364
f 9365 9366 9367
f 9368 9369 9370
f 9371 9372 9286
f 9286 9373 9287
f 9287 9374 9288
f 9288 9375 9376
f 9286 9287 9289
f 9288 9377 9290
f 9290 9378 9291
f 9291 9379 9380
f 9291 9381 9292
f 9292 9382 9293
f 9293 9383 9294
f 9294 9384 9385
f 9294 9386 9295
f 9295 9387 9296
f 9296 9388 9297
f 9297 9389 9390
f 9297 9391 9298
f 9298 9392 9299
f 9299 9393 9300
f 9394 9301 9395
f 9301 9396 9286
f 9397 9301 9302
f 9398 9302 9303
f 9399 9303 9304
f 9400 9304 9401
f 9402 9304 9305
f 9403 9305 9306
f 9404 9306 9307
f 9405 9307 9406
f 9407 9307 9308
f 9408 9308 9309
f 9409 9309 9310
f 9410 9310 9411
f 9412 9310 9311
f 9413 9311 9312
f 9414 9312 9313
f 9415 9313 9300
f 9416 9300 9417
f 9418 9419 9420
f 9421 9422 9423
f 9424 9425 9426
f 9427 9428 9429
f 9428 9427 9430
f 9431 9487 9488
f 9489 9431 9432
f 9433 9490 9434
f 9491 9433 9492
f 9435 9493 9436
f 9494 9435 9495
f 9437 9496 9438
f 9497 9437 9498
f 9439 9499 9440
f 9500 9439 9501
f 9502 9441 9442
f 9441 9503 9504
f 9505 9443 9444
f 9443 9506 9507
f 9508 9445 9446
f 9445 9509 9510
f 9511 9447 9448
f 9447 9512 9513
f 9449 9514 9450
f 9515 9449 9516
f 9451 9517 9452
f 9518 9451 9519
f 9453 9520 9454
f 9521 9453 9522
f 9455 9523 9456
f 9524 9455 9525
f 9457 9526 9527
f 9528 9457 9458
f 9529 9530 9531
f 9532 9533 9534
f 9535 9536 9537
f 9538 9539 9540
f 9541 9542 9543
f 9544 9545 9459
f 9459 9546 9460
f 9460 9547 9461
f 9461 9548 9549
f 9459 9460 9462
f 9461 9550 9463
f 9463 9551 9464
f 9464 9552 9553
f 9464 9554 9465
f 9465 9555 9466
f 9466 9556 9467
f 9467 9557 9558
f 9467 9559 9468
f 9468 9560 9469
f 9469 9561 9470
f 9470 9562 9563
f 9470 9564 9471
f 9471 9565 9472
f 9472 9566 9473
f 9567 9474 9568
f 9474 9569 9459
f 9570 9474 9475
f 9571 9475 9476
f 9572 9476 9477
f 9573 9477 9574
f 9575 9477 9478
f 9576 9478 9479
f 9577 9479 9480
f 9578 9480 9579
f 9580 9480 9481
f 9581 9481 9482
f 9582 9482 9483
f 9583 9483 9584
f 9585 9483 9484
f 9586 9484 9485
f 9587 9485 9486
f 9588 9486 9473
f 9589 9473 9590
f 9591 9592 9593
f 9594 9595 9596
f 9597 9598 9599
f 9600 9601 9602
f 9601 9600 9603
f 9604 9660 9661
f 9662 9604 9605
f 9606 9663 9607
f 9664 9606 9665
f 9608 9666 9609
f 9667 9608 9668
f 9610 9669 9611
f 9670 9610 9671
f 9612 9672 9613
f 9673 9612 9674
f 9675 9614 9615
f 9614 9676 9677
f 9678 9616 9617
f 9616 9679 9680
f 9681 9618 9619
f 9618 9682 9683
f 9684 9620 9621
f 9620 9685 9686
f 9622 9687 9623
f 9688 9622 9689
f 9624 9690 9625
f 9691 9624 9692
f 9626 9693 9627
f 9694 9626 9695
f 9628 9696 9629
f 9697 9628 9698
f 9630 9699 9700
f 9701 9630 9631
f 9702 9703 9704
f 9705 9706 9707
f 9708 9709 9710
f 9711 9712 9713
f 9714 9715 9716
f 9717 9718 9632
f 9632 9719 9633
f 9633 9720 9634
f 9634 9721 9722
f 9632 9633 9635
f 9634 9723 9636
f 9636 9724 9637
f 9637 9725 9726
f 9637 9727 9638
f 9638 9728 9639
f 9639 9729 9640
f 9640 9730 9731
f 9640 9732 9641
f 9641 9733 9642
f 9642 9734 9643
f 9643 9735 9736
f 9643 9737 9644
f 9644 9738 9645
f 9645 9739 9646
f 9740 9647 9741
f 9647 9742 9632
f 9743 9647 9648
f 9744 9648 9649
f 9745 9649 9650
f 9746 9650 9747
f 9748 9650 9651
f 9749 9651 9652
f 9750 9652 9653
f 9751 9653 9752
f 9753 9653 9654
f 9754 9654 9655
f 9755 9655 9656
f 9756 9656 9757
f 9758 9656 9657
f 9759 9657 9658
f 9760 9658 9659
f 9761 9659 9646
f 9762 9646 9763
f 9764 9765 9766
f 9767 9768 9769
f 9770 9771 9772
f 9773 9774 9775
f 9774 9773 9776
f 9777 9833 9834
f 9835 9777 9778
f 9779 9836 9780
f 9837 9779 9838
f 9781 9839 9782
f 9840 9781 9841
f 9783 9842 9784
f 9843 9783 9844
f 9785 9845 9786
f 9846 9785 9847
f 9848 9787 9788
f 9787 9849 9850
f 9851 9789 9790
f 9789 9852 9853
f 9854 9791 9792
f 9791 9855 9856
f 9857 9793 9794
f 9793 9858 9859
f 9795 9860 9796
f 9861 9795 9862
f 9797 9863 9798
f 9864 9797 9865
f 9799 9866 9800
f 9867 9799 9868
f 9801 9869 9802
f 9870 9801 9871
f 9803 9872 9873
f 9874 9803 9804
f 9875 9876 9877
f 9878 9879 9880
f 9881 9882 9883
f 9884 9885 9886
f 9887 9888 9889
f 9890 9891 9805
f 9805 9892 9806
f 9806 9893 9807
f 9807 9894 9895
f 9805 9806 9808
f 9807 9896 9809
f 9809 9897 9810
f 9810 9898 9899
f 9810 9900 9811
f 9811 9901 9812
f 9812 9902 9813
f 9813 9903 9904
f 9813 9905 9814
f 9814 9906 9815
f 9815 9907 9816
f 9816 9908 9909
f 9816 9910 9817
f 9817 9911 9818
f 9818 9912 9819
f 9913 9820 9914
f 9820 9915 9805
f 9916 9820 9821
f 9917 9821 9822
f 9918 9822 9823
f 9919 9823 9920
f 9921 9823 9824
f 9922 9824 9825
f 9923 9825 9826
f 9924 9826 9925
f 9926 9826 9827
f 9927 9827 9828
f 9928 9828 9829
f 9929 9829 9930
f 9931 9829 9830
f 9932 9830 9831
f 9933 9831 9832
f 9934 9832 9819
f 9935 9819 9936
f 9937 9938 9939
f 9940 9941 9942
f 9943 9944 9945
f 9946 9947 9948
f 9947 9946 9949
f 9950 10006 10007
f 10008 9950 9951
f 9952 10009 9953
f 10010 9952 10011
f 9954 10012 9955
f 10013 9954 10014
f 9956 10015 9957
f 10016 9956 10017
f 9958 10018 9959
f 10019 9958 10020
f 10021 9960 9961
f 9960 10022 10023
f 10024 9962 9963
f 9962 10025 10026
f 10027 9964 9965
f 9964 10028 10029
f 10030 9966 9967
f 9966 10031 10032
f 9968 10033 9969
f 10034 9968 10035
f 9970 10036 9971
f 10037 9970 10038
f 9972 10039 9973
f 10040 9972 10041
f 9974 10042 9975
f 10043 9974 10044
f 9976 10045 10046
f 10047 9976 9977
f 10048 10049 10050
f 10051 10052 10053
f 10054 10055 10056
f 10057 10058 10059
f 10060 10061 10062
f 10063 10064 9978
f 9978 10065 9979
f 9979 10066 9980
f 9980 10067 10068
f 9978 9979 9981
f 9980 10069 9982
f 9982 10070 9983
f 9983 10071 10072
f 9983 10073 9984
f 9984 10074 9985
f 9985 10075 9986
f 9986 10076 10077
f 9986 10078 9987
f 9987 10079 9988
f 9988 10080 9989
f 9989 10081 10082
f 9989 10083 9990
f 9990 10084 9991
f 9991 10085 9992
f 10086 9993 10087
f 9993 10088 9978
f 10089 9993 9994
f 10090 9994 9995
f 10091 9995 9996
f 10092 9996 10093
f 10094 9996 9997
f 10095 9997 9998
f 10096 9998 9999
f 10097 9999 10098
f 10099 9999 10000
f 10100 10000 10001
f 10101 10001 10002
f 10102 10002 10103
f 10104 10002 10003
f 10105 10003 10004
f 10106 10004 10005
f 10107 10005 9992
f 10108 9992 10109
f 10110 10111 10112
f 10113 10114 10115
f 10116 10117 10118
f 10119 10120 10121
f 10120 10119 10122
f 10123 10179 10180
f 10181 10123 10124
f 10125 10182 10126
f 10183 10125 10184
f 10127 10185 10128
f 10186 10127 10187
f 10129 10188 10130
f 10189 10129 10190
f 10131 10191 10132
f 10192 10131 10193
f 10194 10133 10134
f 10133 10195 10196
f 10197 10135 10136
f 10135 10198 10199
f 10200 10137 10138
f 10137 10201 10202
f 10203 10139 10140
f 10139 10204 10205
f 10141 10206 10142
f 10207 10141 10208
f 10143 10209 10144
f 10210 10143 10211
f 10145 10212 10146
f 10213 10145 10214
f 10147 10215 10148
f 10216 10147 10217
f 10149 10218 10219
f 10220 10149 10150
f 10221 10222 10223
f 10224 10225 10226
f 10227 10228 10229
f 10230 10231 10232
f 10233 10234 10235
f 10236 10237 10151
f 10151 10238 10152
f 10152 10239 10153
f 10153 10240 10241
f 10151 10152 10154
f 10153 10242 10155
f 10155 10243 10156
f 10156 10244 10245
f 10156 10246 10157
f 10157 10247 10158
f 10158 10248 10159
f 10159 10249 10250
f 10159 10251 10160
f 10160 10252 10161
f 10161 10253 10162
f 10162 10254 10255
f 10162 10256 10163
f 10163 10257 10164
f 10164 10258 10165
f 10259 10166 10260
f 10166 10261 10151
f 10262 10166 10167
f 10263 10167 10168
f 10264 10168 10169
f 10265 10169 10266
f 10267 10169 10170
f 10268 10170 10171
f 10269 10171 10172
f 10270 10172 10271
f 10272 10172 10173
f 10273 10173 10174
f 10274 10174 10175
f 10275 10175 10276
f 10277 10175 10176
f 10278 10176 10177
f 10279 10177 10178
f 10280 10178 10165
f 10281 10165 10282
f 10283 10284 10285
f 10286 10287 10288
f 10289 10290 10291
f 10292 10293 10294
f 10293 10292 10295
f 10296 10352 10353
f 10354 10296 10297
f 10298 10355 10299
f 10356 10298 10357
f 10300 10358 10301
f 10359 10300 10360
f 10302 10361 10303
f 10362 10302 10363
f 10304 10364 10305
f 10365 10304 10366
f 10367 10306 10307
f 10306 10368 10369
f 10370 10308 10309
f 10308 10371 10372
f 10373 10310 10311
f 10310 10374 10375
f 10376 10312 10313
f 10312 10377 10378
f 10314 10379 10315
f 10380 10314 10381
f 10316 10382 10317
f 10383 10316 10384
f 10318 10385 10319
f 10386 10318 10387
f 10320 10388 10321
f 10389 10320 10390
f 10322 10391 10392
f 10393 10322 10323
f 10394 10395 10396
f 10397 10398 10399
f 10400 10401 10402
f 10403 10404 10405
f 10406 10407 10408
f 10409 10410 10324
f 10324 10411 10325
f 10325 10412 10326
f 10326 10413 10414
f 10324 10325 10327
f 10326 10415 10328
f 10328 10416 10329
f 10329 10417 10418
f 10329 10419 10330
f 10330 10420 10331
f 10331 10421 10332
f 10332 10422 10423
f 10332 10424 10333
f 10333 10425 10334
f 10334 10426 10335
f 10335 10427 10428
f 10335 10429 10336
f 10336 10430 10337
f 10337 10431 10338
f 10432 10339 10433
f 10339 10434 10324
f 10435 10339 10340
f 10436 10340 10341
f 10437 10341 10342
f 10438 10342 10439
f 10440 10342 10343
f 10441 10343 10344
f 10442 10344 10345
f 10443 10345 10444
f 10445 10345 10346
f 10446 10346 10347
f 10447 10347 10348
f 10448 10348 10449
f 10450 10348 10349
f 10451 10349 10350
f 10452 10350 10351
f 10453 10351 10338
f 10454 10338 10455
f 10456 10457 10458
f 10459 10460 10461
f 10462 10463 10464
f 10465 10466 10467
f 10466 10465 10468
f 10469 10525 10526
f 10527 10469 10470
f 10471 10528 10472
f 10529 10471 10530
f 10473 10531 10474
f 10532 10473 10533
f 10475 10534 10476
f 10535 10475 10536
f 10477 10537 10478
f 10538 10477 10539
f 10540 10479 10480
f 10479 10541 10542
f 10543 10481 10482
f 10481 10544 10545
f 10546 10483 10484
f 10483 10547 10548
f 10549 10485 10486
f 10485 10550 10551
f 10487 10552 10488
f 10553 10487 10554
f 10489 10555 10490
f 10556 10489 10557
f 10491 10558 10492
f 10559 10491 10560
f 10493 10561 10494
f 10562 10493 10563
f 10495 10564 10565
f 10566 10495 10496
f 10567 10568 10569
f 10570 10571 10572
f 10573 10574 10575
f 10576 10577 10578
f 10579 10580 10581
f 10582 10583 10497
f 10497 10584 10498
f 10498 10585 10499
f 10499 10586 10587
f 10497 10498 10500
f 10499 10588 10501
f 10501 10589 10502
f 10502 10590 10591
f 10502 10592 10503
f 10503 10593 10504
f 10504 10594 10505
f 10505 10595 10596
f 10505 10597 10506
f 10506 10598 10507
f 10507 10599 10508
f 10508 10600 10601
f 10508 10602 10509
f 10509 10603 10510
f 10510 10604 10511
f 10605 10512 10606
f 10512 10607 10497
f 10608 10512 10513
f 10609 10513 10514
f 10610 10514 10515
f 10611 10515 10612
f 10613 10515 10516
f 10614 10516 10517
f 10615 10517 10518
f 10616 10518 10617
f 10618 10518 10519
f 10619 10519 10520
f 10620 10520 10521
f 10621 10521 10622
f 10623 10521 10522
f 10624 10522 10523
f 10625 10523 10524
f 10626 10524 10511
f 10627 10511 10628
f 10629 10630 10631
f 10632 10633 10634
f 10635 10636 10637
f 10638 10639 10640
f 10639 10638 10641
f 10642 10698 10699
f 10700 10642 10643
f 10644 10701 10645
f 10702 10644 10703
f 10646 10704 10647
f 10705 10646 10706
f 10648 10707 10649
f 10708 10648 10709
f 10650 10710 10651
f 10711 10650 10712
f 10713 10652 10653
f 10652 10714 10715
f 10716 10654 10655
f 10654 10717 10718
f 10719 10656 10657
f 10656 10720 10721
f 10722 10658 10659
f 10658 10723 10724
f 10660 10725 10661
f 10726 10660 10727
f 10662 10728 10663
f 10729 10662 10730
f 10664 10731 10665
f 10732 10664 10733
f 10666 10734 10667
f 10735 10666 10736
f 10668 10737 10738
f 10739 10668 10669
f 10740 10741 10742
f 10743 10744 10745
f 10746 10747 10748
f 10749 10750 10751
f 10752 10753 10754
f 10755 10756 10670
f 10670 10757 10671
f 10671 10758 10672
f 10672 10759 10760
f 10670 10671 10673
f 10672 10761 10674
f 10674 10762 10675
f 10675 10763 10764
f 10675 10765 10676
f 10676 10766 10677
f 10677 10767 10678
f 10678 10768 10769
f 10678 10770 10679
f 10679 10771 10680
f 10680 10772 10681
f 10681 10773 10774
f 10681 10775 10682
f 10682 10776 10683
f 10683 10777 10684
f 10778 10685 10779
f 10685 10780 10670
f 10781 10685 10686
f 10782 10686 10687
f 10783 10687 10688
f 10784 10688 10785
f 10786 10688 10689
f 10787 10689 10690
f 10788 10690 10691
f 10789 10691 10790
f 10791 10691 10692
f 10792 10692 10693
f 10793 10693 10694
f 10794 10694 10795
f 10796 10694 10695
f 10797 10695 10696
f 10798 10696 10697
f 10799 10697 10684
f 10800 10684 10801
f 10802 10803 10804
f 10805 10806 10807
f 10808 10809 10810
f 10811 10812 10813
f 10812 10811 10814
f 10815 10871 10872
f 10873 10815 10816
f 10817 10874 10818
f 10875 10817 10876
f 10819 10877 10820
f 10878 10819 10879
f 10821 10880 10822
f 10881 10821 10882
f 10823 10883 10824
f 10884 10823 10885
f 10886 10825 10826
f 10825 10887 10888
f 10889 10827 10828
f 10827 10890 10891
f 10892 10829 10830
f 10829 10893 10894
f 10895 10831 10832
f 10831 10896 10897
f 10833 10898 10834
f 10899 10833 10900
f 10835 10901 10836
f 10902 10835 10903
f 10837 10904 10838
f 10905 10837 10906
f 10839 10907 10840
f 10908 10839 10909
f 10841 10910 10911
f 10912 10841 10842
f 10913 10914 10915
f 10916 10917 10918
f 10919 10920 10921
f 10922 10923 10924
f 10925 10926 10927
f 10928 10929 10843
f 10843 10930 10844
f 10844 10931 10845
f 10845 10932 10933
f 10843 10844 10846
f 10845 10934 10847
f 10847 10935 10848
f 10848 10936 10937
f 10848 10938 10849
f 10849 10939 10850
f 10850 10940 10851
f 10851 10941 10942
f 10851 10943 10852
f 10852 10944 10853
f 10853 10945 10854
f 10854 10946 10947
f 10854 10948 10855
f 10855 10949 10856
f 10856 10950 10857
f 10951 10858 10952
f 10858 10953 10843
f 10954 10858 10859
f 10955 10859 10860
f 10956 10860 10861
f 10957 10861 10958
f 10959 10861 10862
f 10960 10862 10863
f 10961 10863 10864
f 10962 10864 10963
f 10964 10864 10865
f 10965 10865 10866
f 10966 10866 10867
f 10967 10867 10968
f 10969 10867 10868
f 10970 10868 10869
f 10971 10869 10870
f 10972 10870 10857
f 10973 10857 10974
f 10975 10976 10977
f 10978 10979 10980
f 10981 10982 10983
f 10984 10985 10986
f 10985 10984 10987
f 10988 11044 11045
f 11046 10988 10989
f 10990 11047 10991
f 11048 10990 11049
f 10992 11050 10993
f 11051 10992 11052
f 10994 11053 10995
f 11054 10994 11055
f 10996 11056 10997
f 11057 10996 11058
f 11059 10998 10999
f 10998 11060 11061
f 11062 11000 11001
f 11000 11063 11064
f 11065 11002 11003
f 11002 11066 11067
f 11068 11004 11005
f 11004 11069 11070
f 11006 11071 11007
f 11072 11006 11073
f 11008 11074 11009
f 11075 11008 11076
f 11010 11077 11011
f 11078 11010 11079
f 11012 11080 11013
f 11081 11012 11082
f 11014 11083 11084
f 11085 11014 11015
f 11086 11087 11088
f 11089 11090 11091
f 11092 11093 11094
f 11095 11096 11097
f 11098 11099 11100
f 11101 11102 11016
f 11016 11103 11017
f 11017 11104 11018
f 11018 11105 11106
f 11016 11017 11019
f 11018 11107 11020
f 11020 11108 11021
f 11021 11109 11110
f 11021 11111 11022
f 11022 11112 11023
f 11023 11113 11024
f 11024 11114 11115
f 11024 11116 11025
f 11025 11117 11026
f 11026 11118 11027
f 11027 11119 11120
f 11027 11121 11028
f 11028 11122 11029
f 11029 11123 11030
f 11124 11031 11125
f 11031 11126 11016
f 11127 11031 11032
f 11128 11032 11033
f 11129 11033 11034
f 11130 11034 11131
f 11132 11034 11035
f 11133 11035 11036
f 11134 11036 11037
f 11135 11037 11136
f 11137 11037 11038
f 11138 11038 11039
f 11139 11039 11040
f 11140 11040 11141
f 11142 11040 11041
f 11143 11041 11042
f 11144 11042 11043
f 11145 11043 11030
f 11146 11030 11147
f 11148 11149 11150
f 11151 11152 11153
f 11154 11155 11156
f 11157 11158 11159
f 11158 11157 11160
f 11161 11217 11218
f 11219 11161 11162
f 11163 11220 11164
f 11221 11163 11222
f 11165 11223 11166
f 11224 11165 11225
f 11167 11226 11168
f 11227 11167 11228
f 11169 11229 11170
f 11230 11169 11231
f 11232 11171 11172
f 11171 11233 11234
f 11235 11173 11174
f 11173 11236 11237
f 11238 11175 11176
f 11175 11239 11240
f 11241 11177 11178
f 11177 11242 11243
f 11179 11244 11180
f 11245 11179 11246
f 11181 11247 11182
f 11248 11181 11249
f 11183 11250 11184
f 11251 11183 11252
f 11185 11253 11186
f 11254 11185 11255
f 11187 11256 11257
f 11258 11187 11188
f 11259 11260 11261
f 11262 11263 11264
f 11265 11266 11267
f 11268 11269 11270
f 11271 11272 11273
f 11274 11275 11189
f 11189 11276 11190
f 11190 11277 11191
f 11191 11278 11279
f 11189 11190 11192
f 11191 11280 11193
f 11193 11281 11194
f 11194 11282 11283
f 11194 11284 11195
f 11195 11285 11196
f 11196 11286 11197
f 11197 11287 11288
f 11197 11289 11198
f 11198 11290 11199
f 11199 11291 11200
f 11200 11292 11293
f 11200 11294 11201
f 11201 11295 11202
f 11202 11296 11203
f 11297 11204 11298
f 11204 11299 11189
f 11300 11204 11205
f 11301 11205 11206
f 11302 11206 11207
f 11303 11207 11304
f 11305 11207 11208
f 11306 11208 11209
f 11307 11209 11210
f 11308 11210 11309
f 11310 11210 11211
f 11311 11211 11212
f 11312 11212 11213
f 11313 11213 11314
f 11315 11213 11214
f 11316 11214 11215
f 11317 11215 11216
f 11318 11216 11203
f 11319 11203 11320
f 11321 11322 11323
f 11324 11325 11326
f 11327 11328 11329
f 11330 11331 11332
f 11331 11330 11333
f 11334 11390 11391
f 11392 11334 11335
f 11336 11393 11337
f 11394 11336 11395
f 11338 11396 11339
f 11397 11338 11398
f 11340 11399 11341
f 11400 11340 11401
f 11342 11402 11343
f 11403 11342 11404
f 11405 11344 11345
f 11344 11406 11407
f 11408 11346 11347
f 11346 11409 11410
f 11411 11348 11349
f 11348 11412 11413
f 11414 11350 11351
f 11350 11415 11416
f 11352 11417 11353
f 11418 11352 11419
f 11354 11420 11355
f 11421 11354 11422
f 11356 11423 11357
f 11424 11356 11425
f 11358 11426 11359
f 11427 11358 11428
f 11360 11429 11430
f 11431 11360 11361
f 11432 11433 11434
f 11435 11436 11437
f 11438 11439 11440
f 11441 11442 11443
f 11444 11445 11446
f 11447 11448 11362
f 11362 11449 11363
f 11363 11450 11364
f 11364 11451 11452
f 11362 11363 11365
f 11364 11453 11366
f 11366 11454 11367
f 11367 11455 11456
f 11367 11457 11368
f 11368 11458 11369
f 11369 11459 11370
f 11370 11460 11461
f 11370 11462 11371
f 11371 11463 11372
f 11372 11464 11373
f 11373 11465 11466
f 11373 11467 11374
f 11374 11468 11375
f 11375 11469 11376
f 11470 11377 11471
f 11377 11472 11362
f 11473 11377 11378
f 11474 11378 11379
f 11475 11379 11380
f 11476 11380 11477
f 11478 11380 11381
f 11479 11381 11382
f 11480 11382 11383
f 11481 11383 11482
f 11483 11383 11384
f 11484 11384 11385
f 11485 11385 11386
f 11486 11386 11487
f 11488 11386 11387
f 11489 11387 11388
f 11490 11388 11389
f 11491 11389 11376
f 11492 11376 11493
f 11494 11495 11496
f 11497 11498 11499
f 11500 11501 11502
f 11503 11504 11505
f 11504 11503 11506
f 11507 11563 11564
f 11565 11507 11508
f 11509 11566 11510
f 11567 11509 11568
f 11511 11569 11512
f 11570 11511 11571
f 11513 11572 11514
f 11573 11513 11574
f 11515 11575 11516
f 11576 11515 11577
f 11578 11517 11518
f 11517 11579 11580
f 11581 11519 11520
f 11519 11582 11583
f 11584 11521 11522
f 11521 11585 11586
f 11587 11523 11524
f 11523 11588 11589
f 11525 11590 11526
f 11591 11525 11592
f 11527 11593 11528
f 11594 11527 11595
f 11529 11596 11530
f 11597 11529 11598
f 11531 11599 11532
f 11600 11531 11601
f 11533 11602 11603
f 11604 11533 11534
f 11605 11606 11607
f 11608 11609 11610
f 11611 11612 11613
f 11614 11615 11616
f 11617 11618 11619
f 11620 11621 11535
f 11535 11622 11536
f 11536 11623 11537
f 11537 11624 11625
f 11535 11536 11538
f 11537 11626 11539
f 11539 11627 11540
f 11540 11628 11629
f 11540 11630 11541
f 11541 11631 11542
f 11542 11632 11543
f 11543 11633 11634
f 11543 11635 11544
f 11544 11636 11545
f 11545 11637 11546
f 11546 11638 11639
f 11546 11640 11547
f 11547 11641 11548
f 11548 11642 11549
f 11643 11550 11644
f 11550 11645 11535
f 11646 11550 11551
f 11647 11551 11552
f 11648 11552 11553
f 11649 11553 11650
f 11651 11553 11554
f 11652 11554 11555
f 11653 11555 11556
f 11654 11556 11655
f 11656 11556 11557
f 11657 11557 11558
f 11658 11558 11559
f 11659 11559 11660
f 11661 11559 11560
f 11662 11560 11561
f 11663 11561 11562
f 11664 11562 11549
f 11665 11549 11666
f 11667 11668 11669
f 11670 11671 11672
f 11673 11674 11675
f 11676 11677 11678
f 11677 11676 11679
f 11680 11736 11737
f 11738 11680 11681
f 11682 11739 11683
f 11740 11682 11741
f 11684 11742 11685
f 11743 11684 11744
f 11686 11745 11687
f 11746 11686 11747
f 11688 11748 11689
f 11749 11688 11750
f 11751 11690 11691
f 11690 11752 11753
f 11754 11692 11693
f 11692 11755 11756
f 11757 11694 11695
f 11694 11758 11759
f 11760 11696 11697
f 11696 11761 11762
f 11698 11763 11699
f 11764 11698 11765
f 11700 11766 11701
f 11767 11700 11768
f 11702 11769 11703
f 11770 11702 11771
f 11704 11772 11705
f 11773 11704 11774
f 11706 11775 11776
f 11777 11706 11707
f 11778 11779 11780
f 11781 11782 11783
f 11784 11785 11786
f 11787 11788 11789
f 11790 11791 11792
f 11793 11794 11708
f 11708 11795 11709
f 11709 11796 11710
f 11710 11797 11798
f 11708 11709 11711
f 11710 11799 11712
f 11712 11800 11713
f 11713 11801 11802
f 11713 11803 11714
f 11714 11804 11715
f 11715 11805 11716
f 11716 11806 11807
f 11716 11808 11717
f 11717 11809 11718
f 11718 11810 11719
f 11719 11811 11812
f 11719 11813 11720
f 11720 11814 11721
f 11721 11815 11722
f 11816 11723 11817
f 11723 11818 11708
f 11819 11723 11724
f 11820 11724 11725
f 11821 11725 11726
f 11822 11726 11823
f 11824 11726 11727
f 11825 11727 11728
f 11826 11728 11729
f 11827 11729 11828
f 11829 11729 11730
f 11830 11730 11731
f 11831 11731 11732
f 11832 11732 11833
f 11834 11732 11733
f 11835 11733 11734
f 11836 11734 11735
f 11837 11735 11722
f 11838 11722 11839
f 11840 11841 11842
f 11843 11844 11845
f 11846 11847 11848
f 11849 11850 11851
f 11850 11849 11852
f 11853 11909 11910
f 11911 11853 11854
f 11855 11912 11856
f 11913 11855 11914
f 11857 11915 11858
f 11916 11857 11917
f 11859 11918 11860
f 11919 11859 11920
f 11861 11921 11862
f 11922 11861 11923
f 11924 11863 11864
f 11863 11925 11926
f 11927 11865 11866
f 11865 11928 11929
f 11930 11867 11868
f 11867 11931 11932
f 11933 11869 11870
f 11869 11934 11935
f 11871 11936 11872
f 11937 11871 11938
f 11873 11939 11874
f 11940 11873 11941
f 11875 11942 11876
f 11943 11875 11944
f 11877 11945 11878
f 11946 11877 11947
f 11879 11948 11949
f 11950 11879 11880
f 11951 11952 11953
f 11954 11955 11956
f 11957 11958 11959
f 11960 11961 11962
f 11963 11964 11965
f 11966 11967 11881
f 11881 11968 11882
f 11882 11969 11883
f 11883 11970 11971
f 11881 11882 11884
f 11883 11972 11885
f 11885 11973 11886
f 11886 11974 11975
f 11886 11976 11887
f 11887 11977 11888
f 11888 11978 11889
f 11889 11979 11980
f 11889 11981 11890
f 11890 11982 11891
f 11891 11983 11892
f 11892 11984 11985
f 11892 11986 11893
f 11893 11987 11894
f 11894 11988 11895
f 11989 11896 11990
f 11896 11991 11881
f 11992 11896 11897
f 11993 11897 11898
f 11994 11898 11899
f 11995 11899 11996
f 11997 11899 11900
f 11998 11900 11901
f 11999 11901 11902
f 12000 11902 12001
f 12002 11902 11903
f 12003 11903 11904
f 12004 11904 11905
f 12005 11905 12006
f 12007 11905 11906
f 12008 11906 11907
f 12009 11907 11908
f 12010 11908 11895
f 12011 11895 12012
f 12013 12014 12015
f 12016 12017 12018
f 12019 12020 12021
f 12022 12023 12024
f 12023 12022 12025
f 12026 12082 12083
f 12084 12026 12027
f 12028 12085 12029
f 12086 12028 12087
f 12030 12088 12031
f 12089 12030 12090
f 12032 12091 12033
f 12092 12032 12093
f 12034 12094 12035
f 12095 12034 12096
f 12097 12036 12037
f 12036 12098 12099
f 12100 12038 12039
f 12038 12101 12102
f 12103 12040 12041
f 12040 12104 12105
f 12106 12042 12043
f 12042 12107 12108
f 12044 12109 12045
f 12110 12044 12111
f 12046 12112 12047
f 12113 12046 12114
f 12048 12115 12049
f 12116 12048 12117
f 12050 12118 12051
f 12119 12050 12120
f 12052 12121 12122
f 12123 12052 12053
f 12124 12125 12126
f 12127 12128 12129
f 12130 12131 12132
f 12133 12134 12135
f 12136 12137 12138
f 12139 12140 12054
f 12054 12141 12055
f 12055 12142 12056
f 12056 12143 12144
f 12054 12055 12057
f 12056 12145 12058
f 12058 12146 12059
f 12059 12147 12148
f 12059 12149 12060
f 12060 12150 12061
f 12061 12151 12062
f 12062 12152 12153
f 12062 12154 12063
f 12063 12155 12064
f 12064 12156 12065
f 12065 12157 12158
f 12065 12159 12066
f 12066 12160 12067
f 12067 12161 12068
f 12162 12069 12163
f 12069 12164 12054
f 12165 12069 12070
f 12166 12070 12071
f 12167 12071 12072
f 12168 12072 12169
f 12170 12072 12073
f 12171 12073 12074
f 12172 12074 12075
f 12173 12075 12174
f 12175 12075 12076
f 12176 12076 12077
f 12177 12077 12078
f 12178 12078 12179
f 12180 12078 12079
f 12181 12079 12080
f 12182 12080 12081
f 12183 12081 12068
f 12184 12068 12185
f 12186 12187 12188
f 12189 12190 12191
f 12192 12193 12194
f 12195 12196 12197
f 12196 12195 12198
f 12199 12255 12256
f 12257 12199 12200
f 12201 12258 12202
f 12259 12201 12260
f 12203 12261 12204
f 12262 12203 12263
f 12205 12264 12206
f 12265 12205 12266
f 12207 12267 12208
f 12268 12207 12269
f 12270 12209 12210
f 12209 12271 12272
f 12273 12211 12212
f 12211 12274 12275
f 12276 12213 12214
f 12213 12277 12278
f 12279 12215 12216
f 12215 12280 12281
f 12217 12282 12218
f 12283 12217 12284
f 12219 12285 12220
f 12286 12219 12287
f 12221 12288 12222
f 12289 12221 12290
f 12223 12291 12224
f 12292 12223 12293
f 12225 12294 12295
f 12296 12225 12226
f 12297 12298 12299
f 12300 12301 12302
f 12303 12304 12305
f 12306 12307 12308
f 12309 12310 12311
f 12312 12313 12227
f 12227 12314 12228
f 12228 12315 12229
f 12229 12316 12317
f 12227 12228 12230
f 12229 12318 12231
f 12231 12319 12232
f 12232 12320 12321
f 12232 12322 12233
f 12233 12323 12234
f 12234 12324 12235
f 12235 12325 12326
f 12235 12327 12236
f 12236 12328 12237
f 12237 12329 12238
f 12238 12330 12331
f 12238 12332 12239
f 12239 12333 12240
f 12240 12334 12241
f 12335 12242 12336
f 12242 12337 12227
f 12338 12242 12243
f 12339 12243 12244
f 12340 12244 12245
f 12341 12245 12342
f 12343 12245 12246
f 12344 12246 12247
f 12345 12247 12248
f 12346 12248 12347
f 12348 12248 12249
f 12349 12249 12250
f 12350 12250 12251
f 12351 12251 12352
f 12353 12251 12252
f 12354 12252 12253
f 12355 12253 12254
f 12356 12254 12241
f 12357 12241 12358
f 12359 12360 12361
f 12362 12363 12364
f 12365 12366 12367
f 12368 12369 12370
f 12369 12368 12371
f 12372 12428 12429
f 12430 12372 12373
f 12374 12431 12375
f 12432 12374 12433
f 12376 12434 12377
f 12435 12376 12436
f 12378 12437 12379
f 12438 12378 12439
f 12380 12440 12381
f 12441 12380 12442
f 12443 12382 12383
f 12382 12444 12445
f 12446 12384 12385
f 12384 12447 12448
f 12449 12386 12387
f 12386 12450 12451
f 12452 12388 12389
f 12388 12453 12454
f 12390 12455 12391
f 12456 12390 12457
f 12392 12458 12393
f 12459 12392 12460
f 12394 12461 12395
f 12462 12394 12463
f 12396 12464 12397
f 12465 12396 12466
f 12398 12467 12468
f 12469 12398 12399
f 12470 12471 12472
f 12473 12474 12475
f 12476 12477 12478
f 12479 12480 12481
f 12482 12483 12484
f 12485 12486 12400
f 12400 12487 12401
f 12401 12488 12402
f 12402 12489 12490
f 12400 12401 12403
f 12402 12491 12404
f 12404 12492 12405
f 12405 12493 12494
f 12405 12495 12406
f 12406 12496 12407
f 12407 12497 12408
f 12408 12498 12499
f 12408 12500 12409
f 12409 12501 12410
f 12410 12502 12411
f 12411 12503 12504
f 12411 12505 12412
f 12412 12506 12413
f 12413 12507 12414
f 12508 12415 12509
f 12415 12510 12400
f 12511 12415 12416
f 12512 12416 12417
f 12513 12417 12418
f 12514 12418 12515
f 12516 12418 12419
f 12517 12419 12420
f 12518 12420 12421
f 12519 12421 12520
f 12521 12421 12422
f 12522 12422 12423
f 12523 12423 12424
f 12524 12424 12525
f 12526 12424 12425
f 12527 12425 12426
f 12528 12426 12427
f 12529 12427 12414
f 12530 12414 12531
f 12532 12533 12534
f 12535 12536 12537
f 12538 12539 12540
f 12541 12542 12543
f 12542 12541 12544
f 12545 12601 12602
f 12603 12545 12546
f 12547 12604 12548
f 12605 12547 12606
f 12549 12607 12550
f 12608 12549 12609
f 12551 12610 12552
f 12611 12551 12612
f 12553 12613 12554
f 12614 12553 12615
f 12616 12555 12556
f 12555 12617 12618
f 12619 12557 12558
f 12557 12620 12621
f 12622 12559 12560
f 12559 12623 12624
f 12625 12561 12562
f 12561 12626 12627
f 12563 12628 12564
f 12629 12563 12630
f 12565 12631 12566
f 12632 12565 12633
f 12567 12634 12568
f 12635 12567 12636
f 12569 12637 12570
f 12638 12569 12639
f 12571 12640 12641
f 12642 12571 12572
f 12643 12644 12645
f 12646 12647 12648
f 12649 12650 12651
f 12652 12653 12654
f 12655 12656 12657
f 12658 12659 12573
f 12573 12660 12574
f 12574 12661 12575
f 12575 12662 12663
f 12573 12574 12576
f 12575 12664 12577
f 12577 12665 12578
f 12578 12666 12667
f 12578 12668 12579
f 12579 12669 12580
f 12580 12670 12581
f 12581 12671 12672
f 12581 12673 12582
f 12582 12674 12583
f 12583 12675 12584
f 12584 12676 12677
f 12584 12678 12585
f 12585 12679 12586
f 12586 12680 12587
f 12681 12588 12682
f 12588 12683 12573
f 12684 12588 12589
f 12685 12589 12590
f 12686 12590 12591
f 12687 12591 12688
f 12689 12591 12592
f 12690 12592 12593
f 12691 12593 12594
f 12692 12594 12693
f 12694 12594 12595
f 12695 12595 12596
f 12696 12596 12597
f 12697 12597 12698
f 12699 12597 12598
f 12700 12598 12599
f 12701 12599 12600
f 12702 12600 12587
f 12703 12587 12704
f 12705 12706 12707
f 12708 12709 12710
f 12711 12712 12713
f 12714 12715 12716
f 12715 12714 12717
f 12718 12774 12775
f 12776 12718 12719
f 12720 12777 12721
f 12778 12720 12779
f 12722 12780 12723
f 12781 12722 12782
f 12724 12783 12725
f 12784 12724 12785
f 12726 12786 12727
f 12787 12726 12788
f 12789 12728 12729
f 12728 12790 12791
f 12792 12730 12731
f 12730 12793 12794
f 12795 12732 12733
f 12732 12796 12797
f 12798 12734 12735
f 12734 12799 12800
f 12736 12801 12737
f 12802 12736 12803
f 12738 12804 12739
f 12805 12738 12806
f 12740 12807 12741
f 12808 12740 12809
f 12742 12810 12743
f 12811 12742 12812
f 12744 12813 12814
f 12815 12744 12745
f 12816 12817 12818
f 12819 12820 12821
f 12822 12823 12824
f 12825 12826 12827
f 12828 12829 12830
f 12831 12832 12746
f 12746 12833 12747
f 12747 12834 12748
f 12748 12835 12836
f 12746 12747 12749
f 12748 12837 12750
f 12750 12838 12751
f 12751 12839 12840
f 12751 12841 12752
f 12752 12842 12753
f 12753 12843 12754
f 12754 12844 12845
f 12754 12846 12755
f 12755 12847 12756
f 12756 12848 12757
f 12757 12849 12850
f 12757 12851 12758
f 12758 12852 12759
f 12759 12853 12760
f 12854 12761 12855
f 12761 12856 12746
f 12857 12761 12762
f 12858 12762 12763
f 12859 12763 12764
f 12860 12764 12861
f 12862 12764 12765
f 12863 12765 12766
f 12864 12766 12767
f 12865 12767 12866
f 12867 12767 12768
f 12868 12768 12769
f 12869 12769 12770
f 12870 12770 12871
f 12872 12770 12771
f 12873 12771 12772
f 12874 12772 12773
f 12875 12773 12760
f 12876 12760 12877
f 12878 12879 12880
f 12881 12882 12883
f 12884 12885 12886
f 12887 12888 12889
f 12888 12887 12890
f 12891 12947 12948
f 12949 12891 12892
f 12893 12950 12894
f 12951 12893 12952
f 12895 12953 12896
f 12954 12895 12955
f 12897 12956 12898
f 12957 12897 12958
f 12899 12959 12900
f 12960 12899 12961
f 12962 12901 12902
f 12901 12963 12964
f 12965 12903 12904
f 12903 12966 12967
f 12968 12905 12906
f 12905 12969 12970
f 12971 12907 12908
f 12907 12972 12973
f 12909 12974 12910
f 12975 12909 12976
f 12911 12977 12912
f 12978 12911 12979
f 12913 12980 12914
f 12981 12913 12982
f 12915 12983 12916
f 12984 12915 12985
f 12917 12986 12987
f 12988 12917 12918
f 12989 12990 12991
f 12992 12993 12994
f 12995 12996 12997
f 12998 12999 13000
f 13001 13002 13003
f 13004 13005 12919
f 12919 13006 12920
f 12920 13007 12921
f 12921 13008 13009
f 12919 12920 12922
f 12921 13010 12923
f 12923 13011 12924
f 12924 13012 13013
f 12924 13014 12925
f 12925 13015 12926
f 12926 13016 12927
f 12927 13017 13018
f 12927 13019 12928
f 12928 13020 12929
f 12929 13021 12930
f 12930 13022 13023
f 12930 13024 12931
f 12931 13025 12932
f 12932 13026 12933
f 13027 12934 13028
f 12934 13029 12919
f 13030 12934 12935
f 13031 12935 12936
f 13032 12936 12937
f 13033 12937 13034
f 13035 12937 12938
f 13036 12938 12939
f 13037 12939 12940
f 13038 12940 13039
f 13040 12940 12941
f 13041 12941 12942
f 13042 12942 12943
f 13043 12943 13044
f 13045 12943 12944
f 13046 12944 12945
f 13047 12945 12946
f 13048 12946 12933
f 13049 12933 13050
f 13051 13052 13053
f 13054 13055 13056
f 13057 13058 13059
f 13060 13061 13062
f 13061 13060 13063
f 13064 13120 13121
f 13122 13064 13065
f 13066 13123 13067
f 13124 13066 13125
f 13068 13126 13069
f 13127 13068 13128
f 13070 13129 13071
f 13130 13070 13131
f 13072 13132 13073
f 13133 13072 13134
f 13135 13074 13075
f 13074 13136 13137
f 13138 13076 13077
f 13076 13139 13140
f 13141 13078 13079
f 13078 13142 13143
f 13144 13080 13081
f 13080 13145 13146
f 13082 13147 13083
f 13148 13082 13149
f 13084 13150 13085
f 13151 13084 13152
f 13086 13153 13087
f 13154 13086 13155
f 13088 13156 13089
f 13157 13088 13158
f 13090 13159 13160
f 13161 13090 13091
f 13162 13163 13164
f 13165 13166 13167
f 13168 13169 13170
f 13171 13172 13173
f 13174 13175 13176
f 13177 13178 13092
f 13092 13179 13093
f 13093 13180 13094
f 13094 13181 13182
f 13092 13093 13095
f 13094 13183 13096
f 13096 13184 13097
f 13097 13185 13186
f 13097 13187 13098
f 13098 13188 13099
f 13099 13189 13100
f 13100 13190 13191
f 13100 13192 13101
f 13101 13193 13102
f 13102 13194 13103
f 13103 13195 13196
f 13103 13197 13104
f 13104 13198 13105
f 13105 13199 13106
f 13200 13107 13201
f 13107 13202 13092
f 13203 13107 13108
f 13204 13108 13109
f 13205 13109 13110
f 13206 13110 13207
f 13208 13110 13111
f 13209 13111 13112
f 13210 13112 13113
f 13211 13113 13212
f 13213 13113 13114
f 13214 13114 13115
f 13215 13115 13116
f 13216 13116 13217
f 13218 13116 13117
f 13219 13117 13118
f 13220 13118 13119
f 13221 13119 13106
f 13222 13106 13223
f 13224 13225 13226
f 13227 13228 13229
f 13230 13231 13232
f 13233 13234 13235
f 13234 13233 13236
f 13237 13293 13294
f 13295 13237 13238
f 13239 13296 13240
f 13297 13239 13298
f 13241 13299 13242
f 13300 13241 13301
f 13243 13302 13244
f 13303 13243 13304
f 13245 13305 13246
f 13306 13245 13307
f 13308 13247 13248
f 13247 13309 13310
f 13311 13249 13250
f 13249 13312 13313
f 13314 13251 13252
f 13251 13315 13316
f 13317 13253 13254
f 13253 13318 13319
f 13255 13320 13256
f 13321 13255 13322
f 13257 13323 13258
f 13324 13257 13325
f 13259 13326 13260
f 13327 13259 13328
f 13261 13329 13262
f 13330 13261 13331
f 13263 13332 13333
f 13334 13263 13264
f 13335 13336 13337
f 13338 13339 13340
f 13341 13342 13343
f 13344 13345 13346
f 13347 13348 13349
f 13350 13351 13265
f 13265 13352 13266
f 13266 13353 13267
f 13267 13354 13355
f 13265 13266 13268
f 13267 13356 13269
f 13269 13357 13270
f 13270 13358 13359
f 13270 13360 13271
f 13271 13361 13272
f 13272 13362 13273
f 13273 13363 13364
f 13273 13365 13274
f 13274 13366 13275
f 13275 13367 13276
f 13276 13368 13369
f 13276 13370 13277
f 13277 13371 13278
f 13278 13372 13279
f 13373 13280 13374
f 13280 13375 13265
f 13376 13280 13281
f 13377 13281 13282
f 13378 13282 13283
f 13379 13283 13380
f 13381 13283 13284
f 13382 13284 13285
f 13383 13285 13286
f 13384 13286 13385
f 13386 13286 13287
f 13387 13287 13288
f 13388 13288 13289
f 13389 13289 13390
f 13391 13289 13290
f 13392 13290 13291
f 13393 13291 13292
f 13394 13292 13279
f 13395 13279 13396
f 13397 13398 13399
f 13400 13401 13402
f 13403 13404 13405
f 13406 13407 13408
f 13407 13406 13409
f 13410 13466 13467
f 13468 13410 13411
f 13412 13469 13413
f 13470 13412 13471
f 13414 13472 13415
f 13473 13414 13474
f 13416 13475 13417
f 13476 13416 13477
f 13418 13478 13419
f 13479 13418 13480
f 13481 13420 13421
f 13420 13482 13483
f 13484 13422 13423
f 13422 13485 13486
f 13487 13424 13425
f 13424 13488 13489
f 13490 13426 13427
f 13426 13491 13492
f 13428 13493 13429
f 13494 13428 13495
f 13430 13496 13431
f 13497 13430 13498
f 13432 13499 13433
f 13500 13432 13501
f 13434 13502 13435
f 13503 13434 13504
f 13436 13505 13506
f 13507 13436 13437
f 13508 13509 13510
f 13511 13512 13513
f 13514 13515 13516
f 13517 13518 13519
f 13520 13521 13522
f 13523 13524 13438
f 13438 13525 13439
f 13439 13526 13440
f 13440 13527 13528
f 13438 13439 13441
f 13440 13529 13442
f 13442 13530 13443
f 13443 13531 13532
f 13443 13533 13444
f 13444 13534 13445
f 13445 13535 13446
f 13446 13536 13537
f 13446 13538 13447
f 13447 13539 13448
f 13448 13540 13449
f 13449 13541 13542
f 13449 13543 13450
f 13450 13544 13451
f 13451 13545 13452
f 13546 13453 13547
f 13453 13548 13438
f 13549 13453 13454
f 13550 13454 13455
f 13551 13455 13456
f 13552 13456 13553
f 13554 13456 13457
f 13555 13457 13458
f 13556 13458 13459
f 13557 13459 13558
f 13559 13459 13460
f 13560 13460 13461
f 13561 13461 13462
f 13562 13462 13563
f 13564 13462 13463
f 13565 13463 13464
f 13566 13464 13465
f 13567 13465 13452
f 13568 13452 13569
f 13570 13571 13572
f 13573 13574 13575
f 13576 13577 13578
f 13579 13580 13581
f 13580 13579 13582
f 13583 13639 13640
f 13641 13583 13584
f 13585 13642 13586
f 13643 13585 13644
f 13587 13645 13588
f 13646 13587 13647
f 13589 13648 13590
f 13649 13589 13650
f 13591 13651 13592
f 13652 13591 13653
f 13654 13593 13594
f 13593 13655 13656
f 13657 13595 13596
f 13595 13658 13659
f 13660 13597 13598
f 13597 13661 13662
f 13663 13599 13600
f 13599 13664 13665
f 13601 13666 13602
f 13667 13601 13668
f 13603 13669 13604
f 13670 13603 13671
f 13605 13672 13606
f 13673 13605 13674
f 13607 13675 13608
f 13676 13607 13677
f 13609 13678 13679
f 13680 13609 13610
f 13681 13682 13683
f 13684 13685 13686
f 13687 13688 13689
f 13690 13691 13692
f 13693 13694 13695
f 13696 13697 13611
f 13611 13698 13612
f 13612 13699 13613
f 13613 13700 13701
f 13611 13612 13614
f 13613 13702 13615
f 13615 13703 13616
f 13616 13704 13705
f 13616 13706 13617
f 13617 13707 13618
f 13618 13708 13619
f 13619 13709 13710
f 13619 13711 13620
f 13620 13712 13621
f 13621 13713 13622
f 13622 13714 13715
f 13622 13716 13623
f 13623 13717 13624
f 13624 13718 13625
f 13719 13626 13720
f 13626 13721 13611
f 13722 13626 13627
f 13723 13627 13628
f 13724 13628 13629
f 13725 13629 13726
f 13727 13629 13630
f 13728 13630 13631
f 13729 13631 13632
f 13730 13632 13731
f 13732 13632 13633
f 13733 13633 13634
f 13734 13634 13635
f 13735 13635 13736
f 13737 13635 13636
f 13738 13636 13637
f 13739 13637 13638
f 13740 13638 13625
f 13741 13625 13742
f 13743 13744 13745
f 13746 13747 13748
f 13749 13750 13751
f 13752 13753 13754
f 13753 13752 13755
f 13756 13812 13813
f 13814 13756 13757
f 13758 13815 13759
f 13816 13758 13817
f 13760 13818 13761
f 13819 13760 13820
f 13762 13821 13763
f 13822 13762 13823
f 13764 13824 13765
f 13825 13764 13826
f 13827 13766 13767
f 13766 13828 13829
f 13830 13768 13769
f 13768 13831 13832
f 13833 13770 13771
f 13770 13834 13835
f 13836 13772 13773
f 13772 13837 13838
f 13774 13839 13775
f 13840 13774 13841
f 13776 13842 13777
f 13843 13776 13844
f 13778 13845 13779
f 13846 13778 13847
f 13780 13848 13781
f 13849 13780 13850
f 13782 13851 13852
f 13853 13782 13783
f 13854 13855 13856
f 13857 13858 13859
f 13860 13861 13862
f 13863 13864 13865
f 13866 13867 13868
f 13869 13870 13784
f 13784 13871 13785
f 13785 13872 13786
f 13786 13873 13874
f 13784 13785 13787
f 13786 13875 13788
f 13788 13876 13789
f 13789 13877 13878
f 13789 13879 13790
f 13790 13880 13791
f 13791 13881 13792
f 13792 13882 13883
f 13792 13884 13793
f 13793 13885 13794
f 13794 13886 13795
f 13795 13887 13888
f 13795 13889 13796
f 13796 13890 13797
f 13797 13891 13798
f 13892 13799 13893
f 13799 13894 13784
f 13895 13799 13800
f 13896 13800 13801
f 13897 13801 13802
f 13898 13802 13899
f 13900 13802 13803
f 13901 13803 13804
f 13902 13804 13805
f 13903 13805 13904
f 13905 13805 13806
f 13906 13806 13807
f 13907 13807 13808
f 13908 13808 13909
f 13910 13808 13809
f 13911 13809 13810
f 13912 13810 13811
f 13913 13811 13798
f 13914 13798 13915
f 13916 13917 13918
f 13919 13920 13921
f 13922 13923 13924
f 13925 13926 13927
f 13926 13925 13928
f 13929 13985 13986
f 13987 13929 13930
f 13931 13988 13932
f 13989 13931 13990
f 13933 13991 13934
f 13992 13933 13993
f 13935 13994 13936
f 13995 13935 13996
f 13937 13997 13938
f 13998 13937 13999
f 14000 13939 13940
f 13939 14001 14002
f 14003 13941 13942
f 13941 14004 14005
f 14006 13943 13944
f 13943 14007 14008
f 14009 13945 13946
f 13945 14010 14011
f 13947 14012 13948
f 14013 13947 14014
f 13949 14015 13950
f 14016 13949 14017
f 13951 14018 13952
f 14019 13951 14020
f 13953 14021 13954
f 14022 13953 14023
f 13955 14024 14025
f 14026 13955 13956
f 14027 14028 14029
f 14030 14031 14032
f 14033 14034 14035
f 14036 14037 14038
f 14039 14040 14041
f 14042 14043 13957
f 13957 14044 13958
f 13958 14045 13959
f 13959 14046 14047
f 13957 13958 13960
f 13959 14048 13961
f 13961 14049 13962
f 13962 14050 14051
f 13962 14052 13963
f 13963 14053 13964
f 13964 14054 13965
f 13965 14055 14056
f 13965 14057 13966
f 13966 14058 13967
f 13967 14059 13968
f 13968 14060 14061
f 13968 14062 13969
f 13969 14063 13970
f 13970 14064 13971
f 14065 13972 14066
f 13972 14067 13957
f 14068 13972 13973
f 14069 13973 13974
f 14070 13974 13975
f 14071 13975 14072
f 14073 13975 13976
f 14074 13976 13977
f 14075 13977 13978
f 14076 13978 14077
f 14078 13978 13979
f 14079 13979 13980
f 14080 13980 13981
f 14081 13981 14082
f 14083 13981 13982
f 14084 13982 13983
f 14085 13983 13984
f 14086 13984 13971
f 14087 13971 14088
f 14089 14090 14091
f 14092 14093 14094
f 14095 14096 14097
f 14098 14099 14100
f 14099 14098 14101
f 14102 14158 14159
f 14160 14102 14103
f 14104 14161 14105
f 14162 14104 14163
f 14106 14164 14107
f 14165 14106 14166
f 14108 14167 14109
f 14168 14108 14169
f 14110 14170 14111
f 14171 14110 14172
f 14173 14112 14113
f 14112 14174 14175
f 14176 14114 14115
f 14114 14177 14178
f 14179 14116 14117
f 14116 14180 14181
f 14182 14118 14119
f 14118 14183 14184
f 14120 14185 14121
f 14186 14120 14187
f 14122 14188 14123
f 14189 14122 14190
f 14124 14191 14125
f 14192 14124 14193
f 14126 14194 14127
f 14195 14126 14196
f 14128 14197 14198
f 14199 14128 14129
f 14200 14201 14202
f 14203 14204 14205
f 14206 14207 14208
f 14209 14210 14211
f 14212 14213 14214
f 14215 14216 14130
f 14130 14217 14131
f 14131 14218 14132
f 14132 14219 14220
f 14130 14131 14133
f 14132 14221 14134
f 14134 14222 14135
f 14135 14223 14224
f 14135 14225 14136
f 14136 14226 14137
f 14137 14227 14138
f 14138 14228 14229
f 14138 14230 14139
f 14139 14231 14140
f 14140 14232 14141
f 14141 14233 14234
f 14141 14235 14142
f 14142 14236 14143
f 14143 14237 14144
f 14238 14145 14239
f 14145 14240 14130
f 14241 14145 14146
f 14242 14146 14147
f 14243 14147 14148
f 14244 14148 14245
f 14246 14148 14149
f 14247 14149 14150
f 14248 14150 14151
f 14249 14151 14250
f 14251 14151 14152
f 14252 14152 14153
f 14253 14153 14154
f 14254 14154 14255
f 14256 14154 14155
f 14257 14155 14156
f 14258 14156 14157
f 14259 14157 14144
f 14260 14144 14261
f 14262 14263 14264
f 14265 14266 14267
f 14268 14269 14270
f 14271 14272 14273
f 14272 14271 14274
f 14275 14331 14332
f 14333 14275 14276
f 14277 14334 14278
f 14335 14277 14336
f 14279 14337 14280
f 14338 14279 14339
f 14281 14340 14282
f 14341 14281 14342
f 14283 14343 14284
f 14344 14283 14345
f 14346 14285 14286
f 14285 14347 14348
f 14349 14287 14288
f 14287 14350 14351
f 14352 14289 14290
f 14289 14353 14354
f 14355 14291 14292
f 14291 14356 14357
f 14293 14358 14294
f 14359 14293 14360
f 14295 14361 14296
f 14362 14295 14363
f 14297 14364 14298
f 14365 14297 14366
f 14299 14367 14300
f 14368 14299 14369
f 14301 14370 14371
f 14372 14301 14302
f 14373 14374 14375
f 14376 14377 14378
f 14379 14380 14381
f 14382 14383 14384
f 14385 14386 14387
f 14388 14389 14303
f 14303 14390 14304
f 14304 14391 14305
f 14305 14392 14393
f 14303 14304 14306
f 14305 14394 14307
f 14307 14395 14308
f 14308 14396 14397
f 14308 14398 14309
f 14309 14399 14310
f 14310 14400 14311
f 14311 14401 14402
f 14311 14403 14312
f 14312 14404 14313
f 14313 14405 14314
f 14314 14406 14407
f 14314 14408 14315
f 14315 14409 14316
f 14316 14410 14317
f 14411 14318 14412
f 14318 14413 14303
f 14414 14318 14319
f 14415 14319 14320
f 14416 14320 14321
f 14417 14321 14418
f 14419 14321 14322
f 14420 14322 14323
f 14421 14323 14324
f 14422 14324 14423
f 14424 14324 14325
f 14425 14325 14326
f 14426 14326 14327
f 14427 14327 14428
f 14429 14327 14328
f 14430 14328 14329
f 14431 14329 14330
f 14432 14330 14317
f 14433 14317 14434
f 14435 14436 14437
f 14438 14439 14440
f 14441 14442 14443
f 14444 14445 14446
f 14445 14444 14447
f 14448 14504 14505
f 14506 14448 14449
f 14450 14507 14451
f 14508 14450 14509
f 14452 14510 14453
f 14511 14452 14512
f 14454 14513 14455
f 14514 14454 14515
f 14456 14516 14457
f 14517 14456 14518
f 14519 14458 14459
f 14458 14520 14521
f 14522 14460 14461
f 14460 14523 14524
f 14525 14462 14463
f 14462 14526 14527
f 14528 14464 14465
f 14464 14529 14530
f 14466 14531 14467
f 14532 14466 14533
f 14468 14534 14469
f 14535 14468 14536
f 14470 14537 14471
f 14538 14470 14539
f 14472 14540 14473
f 14541 14472 14542
f 14474 14543 14544
f 14545 14474 14475
f 14546 14547 14548
f 14549 14550 14551
f 14552 14553 14554
f 14555 14556 14557
f 14558 14559 14560
f 14561 14562 14476
f 14476 14563 14477
f 14477 14564 14478
f 14478 14565 14566
f 14476 14477 14479
f 14478 14567 14480
f 14480 14568 14481
f 14481 14569 14570
f 14481 14571 14482
f 14482 14572 14483
f 14483 14573 14484
f 14484 14574 14575
f 14484 14576 14485
f 14485 14577 14486
f 14486 14578 14487
f 14487 14579 14580
f 14487 14581 14488
f 14488 14582 14489
f 14489 14583 14490
f 14584 14491 14585
f 14491 14586 14476
f 14587 14491 14492
f 14588 14492 14493
f 14589 14493 14494
f 14590 14494 14591
f 14592 14494 14495
f 14593 14495 14496
f 14594 14496 14497
f 14595 14497 14596
f 14597 14497 14498
f 14598 14498 14499
f 14599 14499 14500
f 14600 14500 14601
f 14602 14500 14501
f 14603 14501 14502
f 14604 14502 14503
f 14605 14503 14490
f 14606 14490 14607
f 14608 14609 14610
f 14611 14612 14613
f 14614 14615 14616
f 14617 14618 14619
f 14618 14617 14620
f 14621 14677 14678
f 14679 14621 14622
f 14623 14680 14624
f 14681 14623 14682
f 14625 14683 14626
f 14684 14625 14685
f 14627 14686 14628
f 14687 14627 14688
f 14629 14689 14630
f 14690 14629 14691
f 14692 14631 14632
f 14631 14693 14694
f 14695 14633 14634
f 14633 14696 14697
f 14698 14635 14636
f 14635 14699 14700
f 14701 14637 14638
f 14637 14702 14703
f 14639 14704 14640
f 14705 14639 14706
f 14641 14707 14642
f 14708 14641 14709
f 14643 14710 14644
f 14711 14643 14712
f 14645 14713 14646
f 14714 14645 14715
f 14647 14716 14717
f 14718 14647 14648
f 14719 14720 14721
f 14722 14723 14724
f 14725 14726 14727
f 14728 14729 14730
f 14731 14732 14733
f 14734 14735 14649
f 14649 14736 14650
f 14650 14737 14651
f 14651 14738 14739
f 14649 14650 14652
f 14651 14740 14653
f 14653 14741 14654
f 14654 14742 14743
f 14654 14744 14655
f 14655 14745 14656
f 14656 14746 14657
f 14657 14747 14748
f 14657 14749 14658
f 14658 14750 14659
f 14659 14751 14660
f 14660 14752 14753
f 14660 14754 14661
f 14661 14755 14662
f 14662 14756 14663
f 14757 14664 14758
f 14664 14759 14649
f 14760 14664 14665
f 14761 14665 14666
f 14762 14666 14667
f 14763 14667 14764
f 14765 14667 14668
f 14766 14668 14669
f 14767 14669 14670
f 14768 14670 14769
f 14770 14670 14671
f 14771 14671 14672
f 14772 14672 14673
f 14773 14673 14774
f 14775 14673 14674
f 14776 14674 14675
f 14777 14675 14676
f 14778 14676 14663
f 14779 14663 14780
f 14781 14782 14783
f 14784 14785 14786
f 14787 14788 14789
f 14790 14791 14792
f 14791 14790 14793
f 14794 14850 14851
f 14852 14794 14795
f 14796 14853 14797
f 14854 14796 14855
f 14798 14856 14799
f 14857 14798 14858
f 14800 14859 14801
f 14860 14800 14861
f 14802 14862 14803
f 14863 14802 14864
f 14865 14804 14805
f 14804 14866 14867
f 14868 14806 14807
f 14806 14869 14870
f 14871 14808 14809
f 14808 14872 14873
f 14874 14810 14811
f 14810 14875 14876
f 14812 14877 14813
f 14878 14812 14879
f 14814 14880 14815
f 14881 14814 14882
f 14816 14883 14817
f 14884 14816 14885
f 14818 14886 14819
f 14887 14818 14888
f 14820 14889 14890
f 14891 14820 14821
f 14892 14893 14894
f 14895 14896 14897
f 14898 14899 14900
f 14901 14902 14903
f 14904 14905 14906
f 14907 14908 14822
f 14822 14909 14823
f 14823 14910 14824
f 14824 14911 14912
f 14822 14823 14825
f 14824 14913 14826
f 14826 14914 14827
f 14827 14915 14916
f 14827 14917 14828
f 14828 14918 14829
f 14829 14919 14830
f 14830 14920 14921
f 14830 14922 14831
f 14831 14923 14832
f 14832 14924 14833
f 14833 14925 14926
f 14833 14927 14834
f 14834 14928 14835
f 14835 14929 14836
f 14930 14837 14931
f 14837 14932 14822
f 14933 14837 14838
f 14934 14838 14839
f 14935 14839 14840
f 14936 14840 14937
f 14938 14840 14841
f 14939 14841 14842
f 14940 14842 14843
f 14941 14843 14942
f 14943 14843 14844
f 14944 14844 14845
f 14945 14845 14846
f 14946 14846 14947
f 14948 14846 14847
f 14949 14847 14848
f 14950 14848 14849
f 14951 14849 14836
f 14952 14836 14953
f 14954 14955 14956
f 14957 14958 14959
f 14960 14961 14962
f 14963 14964 14965
f 14964 14963 14966
f 14967 15023 15024
f 15025 14967 14968
f 14969 15026 14970
f 15027 14969 15028
f 14971 15029 14972
f 15030 14971 15031
f 14973 15032 14974
f 15033 14973 15034
f 14975 15035 14976
f 15036 14975 15037
f 15038 14977 14978
f 14977 15039 15040
f 15041 14979 14980
f 14979 15042 15043
f 15044 14981 14982
f 14981 15045 15046
f 15047 14983 14984
f 14983 15048 15049
f 14985 15050 14986
f 15051 14985 15052
f 14987 15053 14988
f 15054 14987 15055
f 14989 15056 14990
f 15057 14989 15058
f 14991 15059 14992
f 15060 14991 15061
f 14993 15062 15063
f 15064 14993 14994
f 15065 15066 15067
f 15068 15069 15070
f 15071 15072 15073
f 15074 15075 15076
f 15077 15078 15079
f 15080 15081 14995
f 14995 15082 14996
f 14996 15083 14997
f 14997 15084 15085
f 14995 14996 14998
f 14997 15086 14999
f 14999 15087 15000
f 15000 15088 15089
f 15000 15090 15001
f 15001 15091 15002
f 15002 15092 15003
f 15003 15093 15094
f 15003 15095 15004
f 15004 15096 15005
f 15005 15097 15006
f 15006 15098 15099
f 15006 15100 15007
f 15007 15101 15008
f 15008 15102 15009
f 15103 15010 15104
f 15010 15105 14995
f 15106 15010 15011
f 15107 15011 15012
f 15108 15012 15013
f 15109 15013 15110
f 15111 15013 15014
f 15112 15014 15015
f 15113 15015 15016
f 15114 15016 15115
f 15116 15016 15017
f 15117 15017 15018
f 15118 15018 15019
f 15119 15019 15120
f 15121 15019 15020
f 15122 15020 15021
f 15123 15021 15022
f 15124 15022 15009
f 15125 15009 15126
f 15127 15128 15129
f 15130 15131 15132
f 15133 15134 15135
f 15136 15137 15138
f 15137 15136 15139
f 15140 15196 15197
f 15198 15140 15141
f 15142 15199 15143
f 15200 15142 15201
f 15144 15202 15145
f 15203 15144 15204
f 15146 15205 15147
f 15206 15146 15207
f 15148 15208 15149
f 15209 15148 15210
f 15211 15150 15151
f 15150 15212 15213
f 15214 15152 15153
f 15152 15215 15216
f 15217 15154 15155
f 15154 15218 15219
f 15220 15156 15157
f 15156 15221 15222
f 15158 15223 15159
f 15224 15158 15225
f 15160 15226 15161
f 15227 15160 15228
f 15162 15229 15163
f 15230 15162 15231
f 15164 15232 15165
f 15233 15164 15234
f 15166 15235 15236
f 15237 15166 15167
f 15238 15239 15240
f 15241 15242 15243
f 15244 15245 15246
f 15247 15248 15249
f 15250 15251 15252
f 15253 15254 15168
f 15168 15255 15169
f 15169 15256 15170
f 15170 15257 15258
f 15168 15169 15171
f 15170 15259 15172
f 15172 15260 15173
f 15173 15261 15262
f 15173 15263 15174
f 15174 15264 15175
f 15175 15265 15176
f 15176 15266 15267
f 15176 15268 15177
f 15177 15269 15178
f 15178 15270 15179
f 15179 15271 15272
f 15179 15273 15180
f 15180 15274 15181
f 15181 15275 15182
f 15276 15183 15277
f 15183 15278 15168
f 15279 15183 15184
f 15280 15184 15185
f 15281 15185 15186
f 15282 15186 15283
f 15284 15186 15187
f 15285 15187 15188
f 15286 15188 15189
f 15287 15189 15288
f 15289 15189 15190
f 15290 15190 15191
f 15291 15191 15192
f 15292 15192 15293
f 15294 15192 15193
f 15295 15193 15194
f 15296 15194 15195
f 15297 15195 15182
f 15298 15182 15299
f 15300 15301 15302
f 15303 15304 15305
f 15306 15307 15308
f 15309 15310 15311
f 15310 15309 15312
f 15313 15369 15370
f 15371 15313 15314
f 15315 15372 15316
f 15373 15315 15374
f 15317 15375 15318
f 15376 15317 15377
f 15319 15378 15320
f 15379 15319 15380
f 15321 15381 15322
f 15382 15321 15383
f 15384 15323 15324
f 15323 15385 15386
f 15387 15325 15326
f 15325 15388 15389
f 15390 15327 15328
f 15327 15391 15392
f 15393 15329 15330
f 15329 15394 15395
f 15331 15396 15332
f 15397 15331 15398
f 15333 15399 15334
f 15400 15333 15401
f 15335 15402 15336
f 15403 15335 15404
f 15337 15405 15338
f 15406 15337 15407
f 15339 15408 15409
f 15410 15339 15340
f 15411 15412 15413
f 15414 15415 15416
f 15417 15418 15419
f 15420 15421 15422
f 15423 15424 15425
f 15426 15427 15341
f 15341 15428 15342
f 15342 15429 15343
f 15343 15430 15431
f 15341 15342 15344
f 15343 15432 15345
f 15345 15433 15346
f 15346 15434 15435
f 15346 15436 15347
f 15347 15437 15348
f 15348 15438 15349
f 15349 15439 15440
f 15349 15441 15350
f 15350 15442 15351
f 15351 15443 15352
f 15352 15444 15445
f 15352 15446 15353
f 15353 15447 15354
f 15354 15448 15355
f 15449 15356 15450
f 15356 15451 15341
f 15452 15356 15357
f 15453 15357 15358
f 15454 15358 15359
f 15455 15359 15456
f 15457 15359 15360
f 15458 15360 15361
f 15459 15361 15362
f 15460 15362 15461
f 15462 15362 15363
f 15463 15363 15364
f 15464 15364 15365
f 15465 15365 15466
f 15467 15365 15366
f 15468 15366 15367
f 15469 15367 15368
f 15470 15368 15355
f 15471 15355 15472
f 15473 15474 15475
f 15476 15477 15478
f 15479 15480 15481
f 15482 15483 15484
f 15483 15482 15485
f 15486 15542 15543
f 15544 15486 15487
f 15488 15545 15489
f 15546 15488 15547
f 15490 15548 15491
f 15549 15490 15550
f 15492 15551 15493
f 15552 15492 15553
f 15494 15554 15495
f 15555 15494 15556
f 15557 15496 15497
f 15496 15558 15559
f 15560 15498 15499
f 15498 15561 15562
f 15563 15500 15501
f 15500 15564 15565
f 15566 15502 15503
f 15502 15567 15568
f 15504 15569 15505
f 15570 15504 15571
f 15506 15572 15507
f 15573 15506 15574
f 15508 15575 15509
f 15576 15508 15577
f 15510 15578 15511
f 15579 15510 15580
f 15512 15581 15582
f 15583 15512 15513
f 15584 15585 15586
f 15587 15588 15589
f 15590 15591 15592
f 15593 15594 15595
f 15596 15597 15598
f 15599 15600 15514
f 15514 15601 15515
f 15515 15602 15516
f 15516 15603 15604
f 15514 15515 15517
f 15516 15605 15518
f 15518 15606 15519
f 15519 15607 15608
f 15519 15609 15520
f 15520 15610 15521
f 15521 15611 15522
f 15522 15612 15613
f 15522 15614 15523
f 15523 15615 15524
f 15524 15616 15525
f 15525 15617 15618
f 15525 15619 15526
f 15526 15620 15527
f 15527 15621 15528
f 15622 15529 15623
f 15529 15624 15514
f 15625 15529 15530
f 15626 15530 15531
f 15627 15531 15532
f 15628 15532 15629
f 15630 15532 15533
f 15631 15533 15534
f 15632 15534 15535
f 15633 15535 15634
f 15635 15535 15536
f 15636 15536 15537
f 15637 15537 15538
f 15638 15538 15639
f 15640 15538 15539
f 15641 15539 15540
f 15642 15540 15541
f 15643 15541 15528
f 15644 15528 15645
f 15646 15647 15648
f 15649 15650 15651
f 15652 15653 15654
f 15655 15656 15657
f 15656 15655 15658
f 15659 15715 15716
f 15717 15659 15660
f 15661 15718 15662
f 15719 15661 15720
f 15663 15721 15664
f 15722 15663 15723
f 15665 15724 15666
f 15725 15665 15726
f 15667 15727 15668
f 15728 15667 15729
f 15730 15669 15670
f 15669 15731 15732
f 15733 15671 15672
f 15671 15734 15735
f 15736 15673 15674
f 15673 15737 15738
f 15739 15675 15676
f 15675 15740 15741
f 15677 15742 15678
f 15743 15677 15744
f 15679 15745 15680
f 15746 15679 15747
f 15681 15748 15682
f 15749 15681 15750
f 15683 15751 15684
f 15752 15683 15753
f 15685 15754 15755
f 15756 15685 15686
f 15757 15758 15759
f 15760 15761 15762
f 15763 15764 15765
f 15766 15767 15768
f 15769 15770 15771
f 15772 15773 15687
f 15687 15774 15688
f 15688 15775 15689
f 15689 15776 15777
f 15687 15688 15690
f 15689 15778 15691
f 15691 15779 15692
f 15692 15780 15781
f 15692 15782 15693
f 15693 15783 15694
f 15694 15784 15695
f 15695 15785 15786
f 15695 15787 15696
f 15696 15788 15697
f 15697 15789 15698
f 15698 15790 15791
f 15698 15792 15699
f 15699 15793 15700
f 15700 15794 15701
f 15795 15702 15796
f 15702 15797 15687
f 15798 15702 15703
f 15799 15703 15704
f 15800 15704 15705
f 15801 15705 15802
f 15803 15705 15706
f 15804 15706 15707
f 15805 15707 15708
f 15806 15708 15807
f 15808 15708 15709
f 15809 15709 15710
f 15810 15710 15711
f 15811 15711 15812
f 15813 15711 15712
f 15814 15712 15713
f 15815 15713 15714
f 15816 15714 15701
f 15817 15701 15818
f 15819 15820 15821
f 15822 15823 15824
f 15825 15826 15827
f 15828 15829 15830
f 15829 15828 15831
f 15832 15888 15889
f 15890 15832 15833
f 15834 15891 15835
f 15892 15834 15893
f 15836 15894 15837
f 15895 15836 15896
f 15838 15897 15839
f 15898 15838 15899
f 15840 15900 15841
f 15901 15840 15902
f 15903 15842 15843
f 15842 15904 15905
f 15906 15844 15845
f 15844 15907 15908
f 15909 15846 15847
f 15846 15910 15911
f 15912 15848 15849
f 15848 15913 15914
f 15850 15915 15851
f 15916 15850 15917
f 15852 15918 15853
f 15919 15852 15920
f 15854 15921 15855
f 15922 15854 15923
f 15856 15924 15857
f 15925 15856 15926
f 15858 15927 15928
f 15929 15858 15859
f 15930 15931 15932
f 15933 15934 15935
f 15936 15937 15938
f 15939 15940 15941
f 15942 15943 15944
f 15945 15946 15860
f 15860 15947 15861
f 15861 15948 15862
f 15862 15949 15950
f 15860 15861 15863
f 15862 15951 15864
f 15864 15952 15865
f 15865 15953 15954
f 15865 15955 15866
f 15866 15956 15867
f 15867 15957 15868
f 15868 15958 15959
f 15868 15960 15869
f 15869 15961 15870
f 15870 15962 15871
f 15871 15963 15964
f 15871 15965 15872
f 15872 15966 15873
f 15873 15967 15874
f 15968 15875 15969
f 15875 15970 15860
f 15971 15875 15876
f 15972 15876 15877
f 15973 15877 15878
f 15974 15878 15975
f 15976 15878 15879
f 15977 15879 15880
f 15978 15880 15881
f 15979 15881 15980
f 15981 15881 15882
f 15982 15882 15883
f 15983 15883 15884
f 15984 15884 15985
f 15986 15884 15885
f 15987 15885 15886
f 15988 15886 15887
f 15989 15887 15874
f 15990 15874 15991
f 15992 15993 15994
f 15995 15996 15997
f 15998 15999 16000
f 16001 16002 16003
f 16002 16001 16004
f 16005 16061 16062
f 16063 16005 16006
f 16007 16064 16008
f 16065 16007 16066
f 16009 16067 16010
f 16068 16009 16069
f 16011 16070 16012
f 16071 16011 16072
f 16013 16073 16014
f 16074 16013 16075
f 16076 16015 16016
f 16015 16077 16078
f 16079 16017 16018
f 16017 16080 16081
f 16082 16019 16020
f 16019 16083 16084
f 16085 16021 16022
f 16021 16086 16087
f 16023 16088 16024
f 16089 16023 16090
f 16025 16091 16026
f 16092 16025 16093
f 16027 16094 16028
f 16095 16027 16096
f 16029 16097 16030
f 16098 16029 16099
f 16031 16100 16101
f 16102 16031 16032
f 16103 16104 16105
f 16106 16107 16108
f 16109 16110 16111
f 16112 16113 16114
f 16115 16116 16117
f 16118 16119 16033
f 16033 16120 16034
f 16034 16121 16035
f 16035 16122 16123
f 16033 16034 16036
f 16035 16124 16037
f 16037 16125 16038
f 16038 16126 16127
f 16038 16128 16039
f 16039 16129 16040
f 16040 16130 16041
f 16041 16131 16132
f 16041 16133 16042
f 16042 16134 16043
f 16043 16135 16044
f 16044 16136 16137
f 16044 16138 16045
f 16045 16139 16046
f 16046 16140 16047
f 16141 16048 16142
f 16048 16143 16033
f 16144 16048 16049
f 16145 16049 16050
f 16146 16050 16051
f 16147 16051 16148
f 16149 16051 16052
f 16150 16052 16053
f 16151 16053 16054
f 16152 16054 16153
f 16154 16054 16055
f 16155 16055 16056
f 16156 16056 16057
f 16157 16057 16158
f 16159 16057 16058
f 16160 16058 16059
f 16161 16059 16060
f 16162 16060 16047
f 16163 16047 16164
f 16165 16166 16167
f 16168 16169 16170
f 16171 16172 16173
