split,camera,use,elevation_deg,bearing_deg,range_m,vials,bench,lab_varied,light,dark,degraded,selected_for_training
close_test,close,test,57.1,327.2,0.85,18,cluster,0,1.0,0,0,0
close_test,close,test,36.8,31.4,0.97,25,cluster,0,1.0,0,0,0
close_test,close,test,51.4,310.9,0.61,8,crowd,0,1.0,0,0,0
close_test,close,test,72.8,1.7,0.63,5,as built,0,1.0,0,0,0
close_test,close,test,37.0,294.2,0.85,13,scatter,0,1.0,0,0,0
close_test,close,test,66.2,173.3,0.76,43,crowd,0,1.0,0,0,0
close_test,close,test,42.2,269.9,0.88,1,scatter,0,1.0,0,0,0
close_test,close,test,61.6,257.6,0.98,9,as built,0,1.0,0,0,0
close_test,close,test,41.1,46.8,0.73,12,cluster,0,1.0,0,0,0
close_test,close,test,68.0,64.7,0.5,3,scatter,0,1.0,0,0,0
close_test,close,test,79.3,36.5,0.78,10,cluster,0,1.0,0,0,0
close_test,close,test,82.9,251.9,0.74,22,scatter,0,1.0,0,0,0
close_test,close,test,50.5,231.3,0.7,3,scatter,0,1.0,0,0,0
close_test,close,test,77.0,159.0,0.75,16,rows,0,1.0,0,0,0
close_test,close,test,76.0,137.7,0.77,3,scatter,0,1.0,0,0,0
close_test,close,test,77.6,182.3,0.41,4,crowd,0,1.0,0,0,0
close_test,close,test,40.7,195.7,0.42,4,as built,0,1.0,0,0,0
close_test,close,test,63.6,349.2,0.75,8,as built,0,1.0,0,0,0
close_test,close,test,49.5,242.9,0.87,11,clusters,0,1.0,0,0,0
close_test,close,test,73.8,146.8,0.7,4,as built,0,1.0,0,0,0
close_test,close,test,74.9,183.5,0.81,3,as built,0,1.0,0,0,0
close_test,close,test,44.0,47.9,0.4,8,rows,0,1.0,0,0,0
close_test,close,test,81.8,186.5,0.71,29,crowd,0,1.0,0,0,0
close_test,close,test,84.7,47.0,0.69,10,cluster,0,1.0,0,0,0
close_test,close,test,38.3,269.3,0.43,5,scatter,0,1.0,0,0,0
close_test,close,test,52.5,2.6,0.64,13,scatter,0,1.0,0,0,0
close_test,close,test,59.8,19.4,0.77,10,clusters,0,1.0,0,0,0
close_test,close,test,60.0,78.8,1.0,2,cluster,0,1.0,0,0,0
close_test,close,test,73.4,179.2,0.47,1,as built,0,1.0,0,0,0
close_test,close,test,30.9,343.5,0.78,17,rows,0,1.0,0,0,0
close_test,close,test,45.6,10.3,0.48,9,cluster,0,1.0,0,0,0
close_test,close,test,41.4,24.6,0.7,10,as built,0,1.0,0,0,0
close_test,close,test,55.8,284.4,0.83,6,cluster,0,1.0,0,0,0
close_test,close,test,41.1,343.7,0.47,5,as built,0,1.0,0,0,0
close_test,close,test,33.4,259.6,0.66,7,rows,0,1.0,0,0,0
close_test,close,test,63.6,213.0,0.8,10,crowd,0,1.0,0,0,0
close_test,close,test,66.8,46.1,0.6,17,rows,0,1.0,0,0,0
close_test,close,test,52.8,173.7,0.72,3,cluster,0,1.0,0,0,0
close_test,close,test,60.5,5.5,0.94,3,scatter,0,1.0,0,0,0
close_test,close,test,73.9,249.3,0.52,3,scatter,0,1.0,0,0,0
close_test,close,test,49.2,108.3,0.81,13,scatter,0,1.0,0,0,0
close_test,close,test,48.6,42.8,0.85,6,scatter,0,1.0,0,0,0
close_test,close,test,70.0,95.3,0.61,2,scatter,0,1.0,0,0,0
close_test,close,test,77.3,208.1,0.99,8,scatter,0,1.0,0,0,0
close_test,close,test,50.8,260.6,0.7,7,scatter,0,1.0,0,0,0
close_test,close,test,63.1,25.2,0.51,2,as built,0,1.0,0,0,0
close_test,close,test,78.5,153.8,0.69,12,clusters,0,1.0,0,0,0
close_test,close,test,78.8,47.8,0.8,19,cluster,0,1.0,0,0,0
close_test,close,test,75.7,181.7,0.8,3,as built,0,1.0,0,0,0
close_test,close,test,74.4,242.0,0.57,3,as built,0,1.0,0,0,0
close_test,close,test,70.8,85.1,0.35,5,scatter,0,1.0,0,0,0
close_test,close,test,74.2,160.4,0.91,9,scatter,0,1.0,0,0,0
close_test,close,test,55.7,29.8,0.98,54,crowd,0,1.0,0,0,0
close_test,close,test,42.7,83.6,0.62,1,cluster,0,1.0,0,0,0
close_test,close,test,64.3,300.3,0.86,20,scatter,0,1.0,0,0,0
close_test,close,test,84.9,151.8,0.93,3,crowd,0,1.0,0,0,0
close_test,close,test,50.7,2.0,0.58,28,scatter,0,1.0,0,0,0
close_test,close,test,66.8,92.3,0.7,3,as built,0,1.0,0,0,0
close_test,close,test,79.0,206.7,0.84,1,cluster,0,1.0,0,0,0
close_test,close,test,80.6,121.2,0.67,11,crowd,0,1.0,0,0,0
close_test,close,test,67.9,22.8,0.41,13,cluster,0,1.0,0,0,0
close_test,close,test,62.4,116.1,0.71,19,scatter,0,1.0,0,0,0
close_test,close,test,43.7,43.9,0.46,9,cluster,0,1.0,0,0,0
close_test,close,test,73.6,345.0,0.78,15,clusters,0,1.0,0,0,0
close_test,close,test,75.6,90.1,0.72,10,clusters,0,1.0,0,0,0
close_test,close,test,82.5,322.6,0.78,7,scatter,0,1.0,0,0,0
close_test,close,test,83.8,41.4,0.88,6,as built,0,1.0,0,0,0
close_test,close,test,53.4,91.6,0.41,15,rows,0,1.0,0,0,0
close_test,close,test,63.0,110.3,0.72,1,scatter,0,1.0,0,0,0
close_test,close,test,40.6,199.0,0.84,17,clusters,0,1.0,0,0,0
close_test,close,test,77.5,171.4,0.62,23,clusters,0,1.0,0,0,0
close_test,close,test,31.6,233.6,0.97,3,cluster,0,1.0,0,0,0
close_test,close,test,48.3,18.1,0.39,5,scatter,0,1.0,0,0,0
close_test,close,test,32.3,259.5,0.45,9,as built,0,1.0,0,0,0
close_test,close,test,84.0,99.1,0.66,5,as built,0,1.0,0,0,0
close_test,close,test,46.9,263.1,0.65,8,as built,0,1.0,0,0,0
close_test,close,test,55.2,56.8,0.53,2,as built,0,1.0,0,0,0
close_test,close,test,58.3,182.3,0.4,1,scatter,0,1.0,0,0,0
close_test,close,test,45.1,37.6,0.58,3,cluster,0,1.0,0,0,0
close_test,close,test,30.9,153.8,0.74,20,cluster,0,1.0,0,0,0
close_test,close,test,59.2,359.2,0.52,1,scatter,0,1.0,0,0,0
close_test,close,test,71.7,198.1,0.37,1,as built,0,1.0,0,0,0
close_test,close,test,53.6,330.0,0.77,30,clusters,0,1.0,0,0,0
close_test,close,test,32.9,5.2,0.35,11,clusters,0,1.0,0,0,0
close_test,close,test,36.2,90.1,0.68,2,scatter,0,1.0,0,0,0
close_test,close,test,50.5,240.7,0.97,24,rows,0,1.0,0,0,0
close_test,close,test,53.9,207.4,0.96,10,clusters,0,1.0,0,0,0
close_test,close,test,58.7,146.8,0.49,4,scatter,0,1.0,0,0,0
close_test,close,test,36.6,72.6,0.59,20,scatter,0,1.0,0,0,0
close_test,close,test,63.1,343.4,0.59,6,rows,0,1.0,0,0,0
close_test,close,test,41.3,238.0,0.59,8,cluster,0,1.0,0,0,0
close_test,close,test,63.5,39.4,0.77,1,cluster,0,1.0,0,0,0
close_test,close,test,49.6,20.9,0.91,4,scatter,0,1.0,0,0,0
close_test,close,test,73.7,104.1,0.51,1,scatter,0,1.0,0,0,0
close_test,close,test,33.8,159.0,0.45,5,rows,0,1.0,0,0,0
close_test,close,test,39.4,291.3,0.35,26,scatter,0,1.0,0,0,0
close_test,close,test,54.6,298.2,0.93,7,clusters,0,1.0,0,0,0
close_test,close,test,69.6,158.6,0.66,61,clusters,0,1.0,0,0,0
close_test,close,test,50.4,242.8,0.88,7,as built,0,1.0,0,0,0
close_test,close,test,37.1,42.5,0.52,2,cluster,0,1.0,0,0,0
close_test,close,test,80.6,129.1,0.84,9,clusters,0,1.0,0,0,0
close_test,close,test,38.1,237.8,0.68,3,scatter,0,1.0,0,0,0
close_test,close,test,43.5,161.7,0.42,9,scatter,0,1.0,0,0,0
close_test,close,test,84.7,111.8,0.81,2,scatter,0,1.0,0,0,0
close_test,close,test,64.4,119.6,0.57,4,scatter,0,1.0,0,0,0
close_test,close,test,30.7,287.5,0.43,4,rows,0,1.0,0,0,0
close_test,close,test,84.3,60.0,0.45,2,as built,0,1.0,0,0,0
close_test,close,test,57.6,348.1,0.99,13,cluster,0,1.0,0,0,0
close_test,close,test,52.1,326.3,0.53,2,scatter,0,1.0,0,0,0
close_test,close,test,72.5,333.5,0.35,1,cluster,0,1.0,0,0,0
close_test,close,test,84.1,108.7,0.55,3,as built,0,1.0,0,0,0
close_test,close,test,45.4,209.1,0.53,2,cluster,0,1.0,0,0,0
close_test,close,test,43.7,276.6,0.35,1,scatter,0,1.0,0,0,0
close_test,close,test,58.9,100.0,0.71,4,as built,0,1.0,0,0,0
close_test,close,test,74.3,257.9,0.8,2,scatter,0,1.0,0,0,0
close_test,close,test,64.5,316.8,0.79,35,crowd,0,1.0,0,0,0
close_test,close,test,78.0,230.3,0.58,2,scatter,0,1.0,0,0,0
close_test,close,test,32.5,298.4,0.8,15,scatter,0,1.0,0,0,0
close_test,close,test,57.1,200.8,0.61,9,rows,0,1.0,0,0,0
close_test,close,test,45.9,244.5,0.82,43,rows,0,1.0,0,0,0
close_test,close,test,75.5,205.0,0.69,18,scatter,0,1.0,0,0,0
close_test,close,test,53.2,263.5,0.79,2,as built,0,1.0,0,0,0
close_test,close,test,48.3,200.8,0.37,9,scatter,0,1.0,0,0,0
close_test,close,test,42.0,274.9,0.49,6,scatter,0,1.0,0,0,0
close_test,close,test,79.3,48.1,0.77,22,clusters,0,1.0,0,0,0
close_test,close,test,44.5,204.9,0.83,21,cluster,0,1.0,0,0,0
close_test,close,test,72.1,81.8,0.91,1,as built,0,1.0,0,0,0
close_test,close,test,69.4,246.2,0.52,2,as built,0,1.0,0,0,0
close_test,close,test,62.7,275.6,0.89,17,cluster,0,1.0,0,0,0
close_test,close,test,36.6,157.6,0.74,41,crowd,0,1.0,0,0,0
close_test,close,test,55.7,139.1,0.95,1,scatter,0,1.0,0,0,0
close_test,close,test,81.2,24.3,0.85,6,rows,0,1.0,0,0,0
close_test,close,test,43.4,227.8,0.53,9,as built,0,1.0,0,0,0
close_test,close,test,74.3,59.0,0.55,2,as built,0,1.0,0,0,0
close_test,close,test,69.1,166.0,0.69,6,cluster,0,1.0,0,0,0
close_test,close,test,70.8,18.6,0.57,1,scatter,0,1.0,0,0,0
close_test,close,test,82.0,66.3,0.85,18,clusters,0,1.0,0,0,0
close_test,close,test,39.4,315.7,0.36,2,as built,0,1.0,0,0,0
close_test,close,test,46.5,304.1,0.54,17,scatter,0,1.0,0,0,0
close_test,close,test,39.8,320.2,0.8,14,scatter,0,1.0,0,0,0
close_test,close,test,78.5,129.7,0.59,21,clusters,0,1.0,0,0,0
close_test,close,test,59.7,97.5,0.54,13,clusters,0,1.0,0,0,0
close_test,close,test,83.1,118.6,0.97,18,scatter,0,1.0,0,0,0
close_test,close,test,40.6,13.7,0.93,2,cluster,0,1.0,0,0,0
close_test,close,test,37.4,318.8,0.47,12,as built,0,1.0,0,0,0
close_test,close,test,57.4,230.3,0.51,27,rows,0,1.0,0,0,0
close_test,close,test,33.2,224.6,0.8,3,as built,0,1.0,0,0,0
close_test,close,test,45.1,152.3,0.98,10,as built,0,1.0,0,0,0
close_test,close,test,82.2,117.3,0.4,22,crowd,0,1.0,0,0,0
close_test,close,test,45.8,82.1,0.61,2,as built,0,1.0,0,0,0
close_train,close,train,52.1,200.8,0.46,19,scatter,1,0.859,0,0,1
close_train,close,train,59.8,343.1,0.81,17,cluster,1,0.605,0,1,1
close_train,close,train,83.7,76.3,0.74,1,scatter,1,0.948,0,0,1
close_train,close,train,72.7,77.3,0.35,12,scatter,1,1.423,0,1,1
close_train,close,train,83.2,329.4,0.6,20,crowd,1,1.097,0,0,1
close_train,close,train,70.7,57.3,0.75,8,rows,1,0.602,0,0,1
close_train,close,train,39.2,2.5,0.42,67,crowd,1,0.741,0,1,1
close_train,close,train,39.0,277.1,0.97,6,scatter,1,1.12,0,1,1
close_train,close,train,79.9,116.6,0.93,7,scatter,1,0.805,0,0,1
close_train,close,train,40.9,87.3,0.67,57,crowd,0,0.949,0,0,1
close_train,close,train,84.9,88.0,0.92,5,scatter,1,0.724,0,0,1
close_train,close,train,33.1,214.8,0.57,38,clusters,1,1.417,0,1,1
close_train,close,train,72.6,250.6,1.0,38,rows,1,0.845,0,0,1
close_train,close,train,35.3,342.6,0.42,4,scatter,1,0.552,0,0,1
close_train,close,train,44.2,313.1,0.58,12,scatter,1,1.088,0,0,1
close_train,close,train,74.7,46.2,0.9,2,cluster,1,1.12,0,1,1
close_train,close,train,68.6,343.3,0.82,2,scatter,1,0.947,0,0,1
close_train,close,train,60.3,249.3,0.41,2,as built,0,1.066,0,0,1
close_train,close,train,76.6,341.3,0.5,2,scatter,1,0.573,0,1,1
close_train,close,train,77.1,206.0,0.41,2,as built,1,1.272,0,0,1
close_train,close,train,45.7,181.0,0.4,9,scatter,1,1.397,0,1,1
close_train,close,train,36.2,245.4,0.95,41,crowd,1,1.015,0,0,1
close_train,close,train,74.9,40.7,0.49,3,as built,0,0.958,0,0,1
close_train,close,train,79.9,314.4,0.54,17,cluster,0,0.902,0,1,1
close_train,close,train,46.7,285.8,0.96,5,as built,1,0.691,0,1,1
close_train,close,train,78.6,275.4,0.49,3,scatter,1,0.733,0,1,1
close_train,close,train,55.1,139.4,0.53,2,cluster,1,1.321,0,0,1
close_train,close,train,80.5,59.4,0.6,49,crowd,1,0.899,0,0,1
close_train,close,train,38.8,211.2,0.74,6,as built,1,1.442,0,0,1
close_train,close,train,71.5,42.9,0.81,25,scatter,1,1.411,0,1,1
close_train,close,train,78.6,198.4,0.53,12,scatter,1,1.171,0,0,1
close_train,close,train,37.8,206.6,0.52,16,cluster,0,1.228,0,0,1
close_train,close,train,80.4,123.7,0.41,9,crowd,1,0.662,0,1,1
close_train,close,train,84.8,298.0,0.83,2,scatter,1,1.395,0,0,1
close_train,close,train,84.1,301.1,0.44,4,scatter,1,1.053,0,1,1
close_train,close,train,49.9,184.0,0.46,5,scatter,1,1.264,0,0,1
close_train,close,train,76.0,144.0,0.99,6,as built,1,1.177,0,0,1
close_train,close,train,44.8,197.1,0.97,7,scatter,1,0.812,0,1,1
close_train,close,train,76.9,257.6,0.49,2,as built,1,0.875,0,1,1
close_train,close,train,56.2,97.2,0.52,14,cluster,1,1.441,0,1,1
close_train,close,train,41.5,144.4,0.41,10,scatter,1,1.145,0,0,1
close_train,close,train,60.6,147.1,0.64,9,rows,0,0.964,0,1,1
close_train,close,train,75.2,4.2,0.99,4,cluster,1,0.575,0,0,1
close_train,close,train,71.0,268.8,0.57,6,clusters,0,1.343,0,0,1
close_train,close,train,66.6,346.6,0.57,4,rows,0,0.869,0,1,1
close_train,close,train,60.1,343.8,0.4,3,scatter,1,0.945,0,1,1
close_train,close,train,85.0,72.1,0.84,16,rows,1,1.147,0,1,1
close_train,close,train,59.7,264.4,0.77,6,scatter,1,0.912,0,0,1
close_train,close,train,43.7,2.0,0.83,61,crowd,1,1.111,0,0,1
close_train,close,train,61.8,69.7,0.48,2,scatter,1,0.945,0,0,1
close_train,close,train,36.6,276.7,0.7,27,crowd,1,1.308,0,1,1
close_train,close,train,54.3,109.1,0.72,11,crowd,1,1.093,0,1,1
close_train,close,train,78.4,270.9,0.63,4,rows,0,0.658,0,0,1
close_train,close,train,57.2,263.4,0.4,2,cluster,1,1.073,0,1,1
close_train,close,train,79.0,96.9,0.85,40,clusters,1,1.41,0,1,1
close_train,close,train,68.2,266.5,0.68,2,scatter,0,0.741,0,0,1
close_train,close,train,38.1,25.8,0.78,29,clusters,0,1.098,0,1,1
close_train,close,train,73.7,49.5,0.99,36,clusters,0,1.024,0,1,1
close_train,close,train,52.9,104.9,0.43,18,clusters,1,1.272,0,0,1
close_train,close,train,50.0,18.1,0.77,5,scatter,1,1.257,0,1,1
close_train,close,train,33.7,257.8,0.98,5,scatter,0,0.713,0,0,1
close_train,close,train,54.6,244.8,0.92,1,scatter,1,0.899,0,0,1
close_train,close,train,53.1,224.6,0.96,31,crowd,1,1.437,0,0,1
close_train,close,train,49.1,48.9,0.52,5,as built,1,0.578,0,0,1
close_train,close,train,71.4,159.5,0.96,4,as built,1,1.058,0,0,1
close_train,close,train,42.7,50.7,0.88,4,scatter,1,1.259,0,0,1
close_train,close,train,53.8,318.8,0.78,32,scatter,1,1.189,0,1,1
close_train,close,train,48.6,245.9,0.73,12,rows,0,1.259,0,1,1
close_train,close,train,74.0,317.5,0.5,2,scatter,1,0.852,0,1,1
close_train,close,train,37.1,133.9,0.61,2,scatter,1,1.124,0,1,1
close_train,close,train,66.8,290.6,0.79,8,crowd,1,1.395,0,0,1
close_train,close,train,37.0,354.7,0.69,20,as built,0,0.747,0,0,1
close_train,close,train,38.8,326.0,0.49,12,rows,1,0.914,0,1,1
close_train,close,train,49.8,85.4,0.79,1,cluster,1,1.022,0,0,1
close_train,close,train,83.6,86.3,0.65,1,scatter,0,0.943,0,0,1
close_train,close,train,52.1,237.1,0.46,1,as built,1,1.07,0,1,1
close_train,close,train,50.7,209.1,0.66,5,as built,1,1.317,0,1,1
close_train,close,train,86.3,183.6,0.84,2,as built,0,1.144,0,0,1
close_train,close,train,30.3,106.8,0.51,27,clusters,1,0.552,0,1,1
close_train,close,train,72.7,184.6,0.94,5,scatter,0,1.443,0,1,1
close_train,close,train,70.8,270.5,0.92,28,scatter,1,0.718,0,0,1
close_train,close,train,47.4,233.4,0.79,6,scatter,1,0.676,0,0,1
close_train,close,train,66.0,42.9,0.43,0,cluster,1,0.943,0,0,1
close_train,close,train,56.0,73.6,0.95,44,clusters,1,0.702,0,0,1
close_train,close,train,70.0,289.7,0.75,2,cluster,0,0.729,0,0,1
close_train,close,train,64.2,338.0,0.63,2,scatter,1,1.228,0,0,1
close_train,close,train,40.4,354.7,0.55,7,scatter,0,1.088,0,0,1
close_train,close,train,84.7,300.4,0.72,3,cluster,1,0.826,0,0,1
close_train,close,train,84.5,208.8,0.82,2,scatter,0,0.671,0,1,1
close_train,close,train,51.5,171.5,0.42,2,as built,1,0.716,0,0,1
close_train,close,train,52.6,72.5,0.71,6,as built,0,0.821,0,0,1
close_train,close,train,60.7,6.2,0.35,1,scatter,1,0.836,0,0,1
close_train,close,train,40.9,319.6,0.72,29,cluster,1,1.013,0,0,1
close_train,close,train,42.5,54.2,0.49,1,scatter,1,0.713,0,1,1
close_train,close,train,40.9,150.6,0.85,43,rows,1,0.661,0,0,1
close_train,close,train,77.5,95.1,0.65,1,scatter,1,1.414,0,0,1
close_train,close,train,59.8,332.5,0.71,6,scatter,1,0.887,0,0,1
close_train,close,train,53.2,73.3,0.6,25,clusters,1,1.004,0,0,1
close_train,close,train,65.3,335.8,0.87,7,scatter,1,1.275,0,0,1
close_train,close,train,36.6,100.0,0.73,10,clusters,0,0.615,0,1,1
close_train,close,train,78.2,330.1,0.84,2,scatter,1,0.608,0,1,1
close_train,close,train,78.9,332.3,0.72,1,scatter,0,0.887,0,1,1
close_train,close,train,61.6,35.2,0.36,11,rows,1,0.91,0,0,1
close_train,close,train,75.9,334.1,0.93,7,scatter,1,0.915,0,1,1
close_train,close,train,42.8,61.0,0.53,3,scatter,0,0.809,0,0,1
close_train,close,train,77.0,217.0,0.87,2,scatter,0,0.966,0,0,1
close_train,close,train,83.2,107.4,0.75,7,clusters,1,0.639,0,0,1
close_train,close,train,38.5,194.6,0.4,8,as built,1,0.666,0,0,1
close_train,close,train,52.1,87.2,0.76,3,scatter,1,0.961,0,0,1
close_train,close,train,42.1,51.9,0.58,7,crowd,1,1.13,0,0,1
close_train,close,train,83.1,76.1,0.38,2,scatter,1,1.163,0,1,1
close_train,close,train,61.3,9.1,0.88,5,scatter,0,0.784,0,0,1
close_train,close,train,36.1,63.7,0.62,4,as built,1,0.724,0,1,1
close_train,close,train,79.8,24.9,0.47,14,scatter,1,0.944,0,0,1
close_train,close,train,36.2,309.0,0.84,19,rows,1,0.644,0,0,1
close_train,close,train,52.2,60.4,0.89,4,scatter,1,0.865,0,1,1
close_train,close,train,75.2,55.1,0.55,17,rows,0,0.886,0,1,1
close_train,close,train,81.4,352.9,0.79,16,clusters,1,1.326,0,0,1
close_train,close,train,35.9,137.5,0.61,5,as built,1,1.354,0,0,1
close_train,close,train,71.1,48.4,0.69,12,crowd,1,1.297,0,0,1
close_train,close,train,68.1,331.0,0.38,1,scatter,0,1.145,0,1,1
close_train,close,train,64.9,138.2,0.37,2,scatter,1,1.39,0,0,1
close_train,close,train,45.9,132.4,0.83,4,scatter,0,1.204,0,1,1
close_train,close,train,80.7,222.1,0.58,3,as built,1,1.176,0,0,1
close_train,close,train,79.8,143.2,0.81,16,rows,1,1.251,0,0,1
close_train,close,train,56.2,273.7,0.81,2,scatter,0,1.186,0,1,1
close_train,close,train,80.6,356.9,0.94,7,scatter,1,1.065,0,0,1
close_train,close,train,78.9,320.2,0.77,23,scatter,0,1.252,0,0,1
close_train,close,train,71.7,227.9,0.93,5,as built,0,0.728,0,0,1
close_train,close,train,47.9,245.0,0.73,43,rows,0,0.722,0,0,1
close_train,close,train,33.1,33.3,0.79,7,cluster,1,1.081,0,0,1
close_train,close,train,76.6,119.3,0.51,6,scatter,0,0.952,0,0,1
close_train,close,train,86.1,343.3,0.4,1,scatter,0,0.929,0,0,1
close_train,close,train,52.7,235.0,0.94,7,as built,1,0.643,0,0,1
close_train,close,train,57.1,276.1,0.92,4,scatter,1,1.251,0,1,1
close_train,close,train,48.8,246.6,0.42,3,scatter,1,0.961,0,0,1
close_train,close,train,49.9,122.3,0.73,34,clusters,1,1.048,0,0,1
close_train,close,train,48.9,179.9,0.72,7,cluster,1,1.172,0,0,1
close_train,close,train,67.2,240.4,0.79,12,cluster,0,1.023,0,0,1
close_train,close,train,82.4,232.3,0.51,22,clusters,1,1.039,0,1,1
close_train,close,train,78.2,227.4,0.63,1,scatter,1,1.045,0,0,1
close_train,close,train,72.2,201.9,0.73,1,cluster,1,1.419,0,0,1
close_train,close,train,79.9,353.0,0.54,12,clusters,1,0.849,0,0,1
close_train,close,train,51.7,105.5,0.99,6,clusters,1,1.36,0,1,1
close_train,close,train,42.9,307.4,0.47,1,scatter,0,1.179,0,1,1
close_train,close,train,42.2,310.1,0.6,1,cluster,0,0.854,0,0,1
close_train,close,train,39.3,331.0,0.56,20,crowd,1,0.86,0,1,1
close_train,close,train,65.2,180.0,0.96,7,cluster,1,1.157,0,0,1
close_train,close,train,82.2,118.9,0.4,2,cluster,1,0.611,0,0,1
close_train,close,train,70.2,342.1,0.77,3,scatter,1,0.643,0,0,1
close_train,close,train,77.2,20.4,0.93,2,scatter,1,0.811,0,0,1
close_train,close,train,83.6,129.1,0.44,11,crowd,1,1.31,0,0,1
close_train,close,train,48.9,40.2,0.98,17,cluster,1,1.383,0,0,1
close_train,close,train,46.1,193.7,0.64,39,scatter,1,1.412,0,0,1
close_train,close,train,71.2,320.1,0.81,23,crowd,1,1.013,0,0,1
close_train,close,train,80.4,336.3,0.39,1,as built,0,0.62,0,0,1
close_train,close,train,37.7,139.4,0.82,5,as built,0,1.446,0,1,1
close_train,close,train,71.9,315.5,0.95,19,cluster,1,0.791,0,0,1
close_train,close,train,62.0,184.0,0.61,3,as built,1,1.205,0,0,1
close_train,close,train,77.7,326.9,0.54,1,as built,1,1.245,0,1,1
close_train,close,train,58.8,308.6,0.61,2,scatter,1,0.632,0,0,1
close_train,close,train,77.6,219.8,0.9,10,cluster,1,1.376,0,0,1
close_train,close,train,40.5,168.6,0.98,9,as built,0,1.326,0,1,1
close_train,close,train,76.3,338.0,0.89,6,as built,0,0.878,0,0,1
close_train,close,train,57.3,265.8,0.91,5,scatter,1,1.009,0,0,1
close_train,close,train,61.4,242.7,0.67,3,scatter,1,1.427,0,0,1
close_train,close,train,48.1,53.2,0.76,34,scatter,0,0.817,0,0,1
close_train,close,train,79.7,98.5,0.81,10,clusters,1,0.857,0,0,1
close_train,close,train,46.7,262.1,0.44,6,clusters,0,0.654,0,1,1
close_train,close,train,78.4,82.1,0.63,4,as built,0,0.626,0,0,1
close_train,close,train,37.8,116.8,0.68,12,scatter,1,0.884,0,0,1
close_train,close,train,54.5,155.0,0.94,5,as built,1,0.995,0,1,1
close_train,close,train,75.2,168.6,0.49,1,scatter,0,1.017,0,1,1
close_train,close,train,73.7,205.9,0.43,12,cluster,1,1.245,0,0,1
close_train,close,train,56.6,231.1,0.88,30,crowd,1,0.584,0,0,1
close_train,close,train,82.9,205.2,0.55,12,rows,1,0.618,0,1,1
close_train,close,train,82.5,210.6,0.77,4,as built,1,1.285,0,0,1
close_train,close,train,71.1,263.8,0.84,11,clusters,1,1.384,0,0,1
close_train,close,train,38.1,39.9,0.89,17,cluster,1,1.311,0,0,1
close_train,close,train,36.5,128.8,0.58,25,clusters,0,1.43,0,0,1
close_train,close,train,68.5,10.5,0.45,3,scatter,1,0.923,0,0,1
close_train,close,train,49.1,111.2,0.41,9,clusters,0,1.282,0,1,1
close_train,close,train,80.5,347.4,0.87,4,scatter,1,0.729,0,0,1
close_train,close,train,53.0,331.9,0.74,19,scatter,1,1.237,0,0,1
close_train,close,train,61.5,184.5,0.98,5,as built,1,1.133,0,0,1
close_train,close,train,77.4,249.6,0.66,8,rows,1,0.922,0,1,1
close_train,close,train,86.7,349.0,0.84,4,scatter,1,1.369,0,0,1
close_train,close,train,34.9,81.9,0.36,9,cluster,1,0.87,0,0,1
close_train,close,train,77.6,22.5,0.75,5,crowd,1,0.631,0,0,1
close_train,close,train,76.4,131.3,0.9,30,clusters,1,1.161,0,0,1
close_train,close,train,80.2,56.1,0.59,4,scatter,1,1.31,0,0,1
close_train,close,train,70.5,223.3,0.82,2,crowd,1,0.814,0,0,1
close_train,close,train,69.5,33.4,0.94,1,cluster,1,1.35,0,0,1
close_train,close,train,61.5,81.8,0.79,17,rows,1,0.594,0,1,1
close_train,close,train,71.4,30.4,0.52,8,crowd,1,0.646,0,0,1
close_train,close,train,73.1,40.4,0.54,3,scatter,1,0.891,0,0,1
close_train,close,train,78.9,133.3,0.91,6,scatter,1,1.033,0,0,1
close_train,close,train,73.6,66.1,0.46,9,rows,1,1.051,0,1,1
close_train,close,train,31.8,223.6,0.37,2,as built,1,1.448,0,0,1
close_train,close,train,40.4,56.8,0.64,3,cluster,0,1.285,0,1,1
close_train,close,train,67.0,345.2,0.51,5,cluster,1,0.823,0,0,1
close_train,close,train,30.3,217.7,0.65,21,clusters,1,1.08,0,1,1
close_train,close,train,79.0,163.7,0.93,17,rows,0,0.579,0,0,1
close_train,close,train,76.4,217.1,0.75,5,as built,1,1.032,0,1,1
close_train,close,train,74.2,260.8,0.47,2,as built,1,1.397,0,0,1
close_train,close,train,39.7,33.9,0.44,3,clusters,1,0.746,0,0,1
close_train,close,train,30.8,146.5,0.68,3,cluster,1,0.907,0,0,1
close_train,close,train,78.2,359.4,0.63,12,clusters,0,1.407,0,0,1
close_train,close,train,55.0,239.4,0.86,6,as built,1,1.23,0,0,1
close_train,close,train,39.2,134.1,0.45,21,clusters,1,1.333,0,1,1
close_train,close,train,65.0,288.4,0.45,2,as built,1,1.011,0,1,1
close_train,close,train,45.0,329.9,0.64,9,as built,0,1.005,0,0,1
close_train,close,train,34.4,94.5,0.68,23,crowd,0,0.577,0,0,1
close_train,close,train,75.7,354.6,0.89,5,cluster,1,1.305,0,0,1
close_train,close,train,86.5,313.5,0.52,12,clusters,1,1.172,0,1,1
close_train,close,train,54.0,261.5,0.83,6,as built,0,0.628,0,0,1
close_train,close,train,72.6,208.7,0.53,9,rows,0,1.1,0,0,1
close_train,close,train,58.1,9.9,0.5,2,scatter,0,1.389,0,1,1
close_train,close,train,75.3,81.6,0.93,2,scatter,0,1.117,0,1,1
close_train,close,train,78.1,54.0,0.82,7,scatter,1,1.427,0,0,1
close_train,close,train,72.3,224.7,0.6,28,crowd,1,0.728,0,0,1
close_train,close,train,82.8,18.0,0.89,21,cluster,1,1.18,0,0,1
close_train,close,train,63.5,193.5,0.46,3,scatter,1,0.589,0,0,1
close_train,close,train,60.0,29.3,0.54,24,crowd,1,0.939,0,0,1
close_train,close,train,59.0,180.3,0.74,4,rows,1,0.795,0,1,1
close_train,close,train,57.0,239.4,0.76,24,clusters,0,1.181,0,0,1
close_train,close,train,72.6,176.8,0.96,21,crowd,1,1.399,0,0,1
close_train,close,train,80.7,286.0,0.37,2,scatter,1,0.94,0,0,1
close_train,close,train,43.9,221.0,0.52,8,clusters,1,1.131,0,0,1
close_train,close,train,84.6,248.9,0.39,2,scatter,1,1.075,0,1,1
close_train,close,train,56.9,319.0,0.37,1,cluster,1,0.716,0,1,1
close_train,close,train,33.6,308.1,0.71,9,as built,1,1.264,0,0,1
close_train,close,train,79.5,19.7,0.97,22,clusters,1,0.626,0,0,1
close_train,close,train,83.5,91.2,0.77,10,scatter,1,1.322,0,0,1
close_train,close,train,40.5,37.0,0.62,4,scatter,0,1.048,0,0,1
close_train,close,train,72.1,56.2,0.93,1,scatter,1,0.846,0,0,1
close_train,close,train,78.5,349.0,0.43,11,cluster,1,1.016,0,0,1
close_train,close,train,62.8,107.8,0.66,6,scatter,0,1.18,0,0,1
close_train,close,train,54.3,203.7,0.82,15,clusters,1,0.608,0,0,1
close_train,close,train,70.4,140.4,0.57,3,scatter,1,1.346,0,0,1
close_train,close,train,56.3,325.1,0.72,1,cluster,1,1.096,0,0,1
close_train,close,train,37.2,183.8,0.39,1,cluster,0,0.95,0,0,1
close_train,close,train,87.6,331.8,0.99,5,scatter,0,1.344,0,1,1
close_train,close,train,83.8,129.1,0.87,7,scatter,0,0.727,0,0,1
close_train,close,train,57.5,108.7,0.93,15,cluster,1,1.361,0,0,1
close_train,close,train,64.6,202.8,0.45,40,clusters,1,1.214,0,1,1
close_train,close,train,77.2,227.6,0.52,4,scatter,1,0.654,0,0,1
close_train,close,train,79.2,328.7,0.56,1,scatter,1,1.27,0,0,1
close_train,close,train,40.3,36.8,0.74,4,cluster,1,0.701,0,0,1
close_train,close,train,41.3,270.4,0.88,29,clusters,1,0.895,0,1,1
close_train,close,train,31.7,340.3,0.53,12,scatter,1,0.76,0,0,1
close_train,close,train,84.6,203.3,0.5,2,scatter,1,0.83,0,0,1
close_train,close,train,79.1,7.9,0.38,9,rows,0,1.029,0,0,1
close_train,close,train,82.2,248.1,0.55,1,cluster,1,1.426,0,1,1
close_train,close,train,38.2,130.9,0.75,4,scatter,1,0.736,0,1,1
close_train,close,train,52.3,200.1,0.57,5,as built,1,1.233,0,1,1
close_train,close,train,59.2,299.8,0.47,3,as built,1,1.03,0,0,1
close_train,close,train,78.5,117.7,0.47,8,scatter,1,0.567,0,0,1
close_train,close,train,35.4,37.3,0.89,11,scatter,0,1.367,0,0,1
close_train,close,train,77.9,95.3,0.66,3,scatter,0,0.617,0,1,1
close_train,close,train,42.8,20.8,0.4,5,scatter,1,0.904,0,0,1
close_train,close,train,43.3,192.3,0.94,9,scatter,1,1.236,0,0,1
close_train,close,train,39.9,61.0,0.47,15,cluster,0,0.613,0,0,1
close_train,close,train,72.2,333.6,0.51,7,scatter,0,1.195,0,1,1
close_train,close,train,84.3,0.3,0.36,1,as built,1,0.734,0,0,1
close_train,close,train,68.4,182.4,0.68,16,rows,1,1.084,0,0,1
close_train,close,train,73.0,168.2,0.88,4,scatter,0,1.041,0,1,1
close_train,close,train,76.1,163.0,0.47,11,clusters,0,0.654,0,1,1
close_train,close,train,62.3,239.9,0.83,7,scatter,1,1.056,0,1,1
close_train,close,train,74.8,213.1,0.38,1,scatter,0,0.834,0,1,1
close_train,close,train,32.4,49.6,0.5,40,crowd,1,1.437,0,0,1
close_train,close,train,81.6,280.6,0.98,8,scatter,1,0.947,0,0,1
close_train,close,train,80.5,92.0,0.57,6,scatter,1,1.057,0,0,1
close_train,close,train,46.2,297.0,0.68,35,clusters,1,1.31,0,0,1
close_train,close,train,63.0,299.6,0.57,21,rows,1,0.966,0,1,1
close_train,close,train,42.6,15.2,0.93,13,crowd,1,0.739,0,0,1
close_train,close,train,37.2,129.9,0.49,30,scatter,0,1.144,0,0,1
close_train,close,train,57.6,16.5,0.81,12,cluster,1,1.17,0,0,1
close_train,close,train,58.0,207.6,0.84,21,clusters,1,1.162,0,1,1
close_train,close,train,76.9,140.4,0.98,24,scatter,0,0.873,0,1,1
close_train,close,train,74.7,230.0,0.5,17,rows,1,0.639,0,0,1
close_train,close,train,42.4,144.1,0.95,9,scatter,1,1.249,0,0,1
close_train,close,train,41.8,304.0,0.9,39,crowd,0,1.127,0,0,1
close_train,close,train,43.1,111.4,0.49,11,rows,0,1.265,0,1,1
close_train,close,train,82.2,31.6,0.41,4,as built,0,1.427,0,1,1
close_train,close,train,74.7,179.7,0.36,4,scatter,1,0.571,0,1,1
close_train,close,train,77.6,237.9,0.89,19,clusters,1,1.057,0,0,1
close_train,close,train,59.7,180.2,0.64,20,scatter,0,1.416,0,1,1
close_train,close,train,74.9,24.0,0.41,6,clusters,0,0.61,0,1,1
close_train,close,train,49.3,349.3,0.97,13,scatter,1,1.177,0,0,1
close_train,close,train,80.4,30.0,0.42,5,scatter,0,1.102,0,0,1
close_train,close,train,75.7,57.0,0.73,9,scatter,1,0.964,0,0,1
close_train,close,train,83.8,5.5,0.79,2,scatter,1,1.26,0,0,1
close_train,close,train,84.3,246.8,0.78,47,clusters,1,1.386,0,0,1
close_train,close,train,71.5,50.2,0.73,8,cluster,1,1.33,0,1,1
close_train,close,train,67.4,118.0,0.38,1,scatter,1,0.68,0,0,1
close_train,close,train,64.7,343.9,0.65,13,cluster,0,0.993,0,0,1
close_train,close,train,82.4,72.7,0.71,1,scatter,1,0.818,0,0,1
close_train,close,train,71.3,1.8,0.47,7,crowd,1,1.025,0,1,1
close_train,close,train,34.4,218.5,0.62,40,clusters,1,0.815,0,0,1
close_train,close,train,44.3,117.7,0.62,18,rows,1,1.196,0,0,1
close_train,close,train,49.5,186.2,0.39,4,as built,1,1.377,0,0,1
close_train,close,train,74.1,336.7,0.58,2,as built,1,0.637,0,0,1
close_train,close,train,78.0,98.4,0.6,3,scatter,1,1.406,0,0,1
close_train,close,train,44.2,95.7,0.47,11,clusters,1,1.095,0,1,1
close_train,close,train,49.6,282.3,0.54,14,cluster,1,0.567,0,0,1
close_train,close,train,80.9,172.7,0.4,3,crowd,1,1.032,0,1,1
close_train,close,train,33.7,306.0,0.57,24,scatter,1,0.7,0,0,1
close_train,close,train,81.0,9.9,0.82,12,crowd,0,0.747,0,0,1
close_train,close,train,58.7,210.7,0.44,10,clusters,1,1.42,0,0,1
close_train,close,train,78.4,350.0,0.71,24,clusters,1,0.593,0,1,1
close_train,close,train,40.4,299.3,0.61,9,crowd,0,0.78,0,1,1
close_train,close,train,30.3,215.9,0.91,26,cluster,1,1.268,0,0,1
close_train,close,train,40.0,151.7,0.78,44,clusters,1,1.213,0,0,1
close_train,close,train,76.5,294.9,0.69,5,as built,1,1.019,0,0,1
close_train,close,train,69.0,322.7,0.91,6,cluster,0,1.383,0,0,1
close_train,close,train,80.9,1.0,0.49,2,as built,1,1.4,0,1,1
close_train,close,train,74.3,119.0,0.98,6,as built,1,1.373,0,1,1
close_train,close,train,30.3,272.7,0.67,5,scatter,1,0.988,0,0,1
close_train,close,train,77.3,286.8,0.85,2,as built,1,0.843,0,0,1
close_train,close,train,68.6,122.2,0.57,4,clusters,0,1.077,0,0,1
close_train,close,train,83.0,305.6,0.43,1,scatter,1,0.787,0,0,1
close_train,close,train,83.3,154.1,0.38,1,scatter,1,1.298,0,0,1
close_train,close,train,45.7,229.8,0.61,22,scatter,0,0.792,0,1,1
close_train,close,train,58.3,189.4,0.47,15,scatter,1,1.408,0,0,1
close_train,close,train,72.8,102.9,0.47,15,rows,1,0.817,0,1,1
close_train,close,train,43.4,64.3,0.85,4,as built,1,0.835,0,0,1
close_train,close,train,70.0,207.6,0.94,3,scatter,0,0.638,0,1,1
close_train,close,train,75.2,47.2,0.67,15,cluster,0,0.565,0,0,1
close_train,close,train,45.8,225.1,0.7,42,scatter,1,0.778,0,0,1
close_train,close,train,30.8,24.7,0.4,8,scatter,0,0.65,0,1,1
close_train,close,train,72.2,29.2,0.73,12,crowd,1,0.621,0,1,1
close_train,close,train,71.5,227.3,0.49,3,rows,0,0.956,0,1,1
close_train,close,train,54.8,125.3,0.79,2,scatter,1,0.734,0,0,1
close_train,close,train,82.2,156.9,0.42,1,scatter,0,1.012,0,1,1
close_train,close,train,85.9,49.3,0.79,10,scatter,1,1.148,0,0,1
close_train,close,train,81.4,340.3,0.45,23,cluster,1,0.915,0,1,1
close_train,close,train,63.9,214.4,0.38,1,as built,0,1.392,0,0,1
close_train,close,train,80.0,169.4,0.5,3,rows,1,0.598,0,0,1
close_train,close,train,64.0,253.9,0.46,19,cluster,0,0.995,0,0,1
close_train,close,train,81.0,340.1,0.36,1,cluster,1,1.31,0,0,1
close_train,close,train,71.0,303.0,0.74,11,scatter,0,1.351,0,0,1
close_train,close,train,47.6,113.7,0.51,1,cluster,1,0.804,0,0,1
close_train,close,train,83.7,153.3,0.94,16,clusters,0,1.334,0,0,1
close_train,close,train,81.9,165.0,0.95,15,clusters,1,0.644,0,0,1
close_train,close,train,84.6,266.1,0.87,61,clusters,1,1.429,0,0,1
close_train,close,train,74.9,97.7,0.44,2,rows,1,1.021,0,0,1
close_train,close,train,45.2,121.9,0.64,18,clusters,1,0.857,0,0,1
close_train,close,train,36.8,349.4,0.79,2,cluster,1,0.993,0,0,1
close_train,close,train,61.4,141.0,0.94,33,crowd,1,1.246,0,0,1
close_train,close,train,76.5,246.2,0.43,12,rows,0,0.99,0,1,1
close_train,close,train,76.4,66.4,0.8,32,scatter,0,0.558,0,0,1
close_train,close,train,46.5,99.2,0.64,50,crowd,1,0.812,0,0,1
close_train,close,train,76.9,261.3,0.87,8,clusters,1,0.648,0,1,1
close_train,close,train,35.9,108.6,0.93,6,scatter,1,0.859,0,0,1
close_train,close,train,75.9,121.9,0.45,2,scatter,0,0.924,0,0,1
close_train,close,train,55.2,74.9,0.79,2,scatter,0,1.337,0,0,1
close_train,close,train,78.6,352.0,0.88,7,crowd,1,0.822,0,0,1
close_train,close,train,53.5,268.4,0.59,23,cluster,1,0.622,0,0,1
close_train,close,train,62.2,11.4,0.97,17,scatter,0,0.728,0,0,1
close_train,close,train,80.1,255.9,0.58,3,as built,1,0.83,0,1,1
close_train,close,train,56.3,211.3,0.94,9,as built,0,0.827,0,0,1
close_train,close,train,33.9,349.6,0.68,1,scatter,1,0.885,0,0,1
close_train,close,train,59.7,19.8,0.73,13,rows,1,0.781,0,0,1
close_train,close,train,73.2,174.9,0.75,1,scatter,0,1.3,0,0,1
close_train,close,train,65.4,77.6,0.38,1,rows,1,1.439,0,1,1
close_train,close,train,57.5,259.1,0.66,4,crowd,0,1.048,0,0,1
close_train,close,train,58.2,311.3,0.74,3,scatter,1,1.385,0,0,1
close_train,close,train,85.2,239.7,0.5,19,crowd,1,0.987,0,0,1
close_train,close,train,35.7,190.1,1.0,15,scatter,1,0.582,0,0,1
close_train,close,train,81.7,114.6,0.84,2,as built,0,0.922,0,0,1
close_train,close,train,37.7,301.4,0.46,8,scatter,1,0.608,0,0,1
close_train,close,train,68.6,309.8,0.72,10,scatter,1,0.595,0,0,1
close_train,close,train,85.4,152.0,0.84,8,clusters,1,1.428,0,0,1
close_train,close,train,72.1,134.0,0.55,10,scatter,1,1.123,0,1,1
close_train,close,train,66.7,324.7,0.75,13,scatter,0,1.335,0,0,1
close_train,close,train,74.9,264.0,0.48,1,scatter,0,1.027,0,0,1
close_train,close,train,80.9,207.8,0.85,1,scatter,0,0.979,0,0,1
close_train,close,train,80.3,95.3,0.61,1,cluster,1,0.577,0,0,1
close_train,close,train,44.4,86.7,0.88,6,as built,1,1.067,0,1,1
close_train,close,train,47.1,75.3,0.57,19,rows,1,0.801,0,1,1
close_train,close,train,47.5,282.5,0.94,10,as built,0,0.969,0,1,1
close_train,close,train,34.8,314.6,0.67,31,rows,1,0.817,0,1,1
close_train,close,train,40.7,24.2,0.93,10,scatter,0,1.091,0,0,1
close_train,close,train,46.1,266.8,0.92,12,scatter,0,0.71,0,0,1
close_train,close,train,55.5,293.7,0.9,43,crowd,1,0.857,0,1,1
close_train,close,train,74.5,323.4,0.54,5,rows,1,0.655,0,0,1
close_train,close,train,60.9,53.3,0.72,37,scatter,0,0.826,0,1,1
close_train,close,train,47.8,101.1,0.82,17,cluster,1,1.41,0,1,1
close_train,close,train,84.3,11.8,0.59,13,clusters,0,1.116,0,0,1
close_train,close,train,75.3,254.6,0.58,6,crowd,1,1.13,0,1,1
close_train,close,train,64.8,107.2,0.93,8,scatter,0,1.444,0,0,1
close_train,close,train,36.4,6.6,0.4,11,as built,0,0.76,0,1,1
close_train,close,train,55.4,31.4,0.66,21,scatter,1,0.875,0,0,1
close_train,close,train,69.8,86.0,0.97,31,clusters,1,0.782,0,0,1
close_train,close,train,79.1,186.4,0.91,4,cluster,1,1.068,0,0,1
close_train,close,train,75.7,310.6,0.46,3,as built,1,1.404,0,1,1
close_train,close,train,36.3,171.8,0.87,9,scatter,1,1.084,0,0,1
close_train,close,train,35.6,309.3,0.92,18,scatter,1,0.797,0,0,1
close_train,close,train,32.1,9.5,0.41,43,crowd,1,0.791,0,1,1
close_train,close,train,70.5,77.2,0.41,2,scatter,1,1.016,0,1,1
close_train,close,train,70.2,346.2,0.51,4,scatter,0,1.422,0,0,1
close_train,close,train,77.3,314.7,0.61,16,crowd,1,1.424,0,1,1
close_train,close,train,67.9,55.5,0.88,46,crowd,1,0.811,0,0,1
close_train,close,train,33.6,208.1,0.94,16,rows,1,0.904,0,1,1
close_train,close,train,87.7,321.7,0.35,2,scatter,0,0.94,0,0,1
close_train,close,train,53.1,74.6,0.39,16,cluster,1,1.092,0,0,1
close_train,close,train,77.7,61.9,0.91,5,as built,0,0.814,0,0,1
close_train,close,train,57.4,153.9,0.62,2,cluster,1,1.416,0,1,1
close_train,close,train,84.5,141.4,0.59,5,scatter,1,0.626,0,1,1
close_train,close,train,73.2,252.7,0.87,5,cluster,0,1.375,0,0,1
close_train,close,train,41.8,319.5,0.5,1,scatter,0,1.24,0,0,1
close_train,close,train,35.0,95.3,0.64,2,scatter,1,1.389,0,0,1
close_train,close,train,38.0,39.9,0.39,11,cluster,1,1.198,0,0,1
close_train,close,train,31.9,325.5,0.86,12,cluster,1,0.845,0,0,1
close_train,close,train,51.1,79.6,0.89,5,clusters,1,1.251,0,0,1
close_train,close,train,62.4,279.3,0.57,20,crowd,1,0.998,0,1,1
close_train,close,train,78.2,202.0,0.45,1,scatter,0,1.053,0,0,1
close_train,close,train,42.7,73.1,0.85,27,rows,1,0.628,0,1,1
close_train,close,train,81.2,88.4,0.35,1,cluster,1,0.731,0,0,1
close_train,close,train,59.6,344.4,0.86,6,rows,1,0.573,0,1,1
close_train,close,train,47.5,165.3,0.35,9,scatter,0,0.593,0,1,1
close_train,close,train,31.2,129.0,0.84,37,clusters,1,1.085,0,1,1
close_train,close,train,40.4,38.9,0.88,38,clusters,0,1.309,0,1,1
close_train,close,train,77.2,108.5,0.37,18,crowd,1,1.032,0,0,1
close_train,close,train,72.6,106.4,0.46,15,cluster,0,1.214,0,0,1
close_train,close,train,76.7,143.4,0.8,3,scatter,0,1.199,0,0,1
close_train,close,train,34.8,235.3,0.75,4,scatter,1,0.92,0,0,1
close_train,close,train,34.1,312.6,0.76,23,clusters,1,0.896,0,1,1
close_train,close,train,31.9,214.3,0.42,15,scatter,0,0.632,0,0,1
close_train,close,train,67.2,126.6,0.76,5,scatter,1,1.257,0,1,1
close_train,close,train,36.3,50.2,0.56,16,scatter,1,0.565,0,0,1
close_train,close,train,39.9,295.9,0.92,13,cluster,1,0.584,0,1,1
close_train,close,train,68.4,314.1,0.81,3,scatter,0,1.055,0,1,1
close_train,close,train,79.4,300.4,0.61,5,scatter,1,0.968,0,0,1
close_train,close,train,80.7,103.0,0.67,11,scatter,1,0.646,0,0,1
close_train,close,train,49.3,23.2,0.79,9,scatter,0,1.324,0,0,1
close_train,close,train,73.2,320.3,0.94,20,scatter,1,0.791,0,0,1
close_train,close,train,38.7,208.0,0.95,3,cluster,1,0.636,0,1,1
close_train,close,train,78.2,132.5,0.86,17,scatter,0,0.88,0,1,1
close_train,close,train,77.2,330.9,0.41,5,scatter,1,1.186,0,0,1
close_train,close,train,84.2,116.6,0.96,18,crowd,1,1.266,0,0,1
close_train,close,train,84.0,326.0,0.57,2,scatter,1,1.096,0,0,1
close_train,close,train,70.2,86.5,0.89,41,scatter,1,1.006,0,0,1
close_train,close,train,74.8,38.6,0.95,1,cluster,0,1.184,0,0,1
close_train,close,train,39.6,124.1,0.54,13,crowd,0,1.173,0,0,1
close_train,close,train,45.5,306.8,0.65,4,scatter,1,0.754,0,1,1
close_train,close,train,37.4,335.2,0.44,21,scatter,1,1.182,0,0,1
close_train,close,train,34.8,179.6,0.64,19,scatter,0,1.169,0,0,1
close_train,close,train,36.4,37.7,0.37,2,scatter,0,0.761,0,0,1
close_train,close,train,69.7,232.0,0.95,46,crowd,1,1.286,0,1,1
close_train,close,train,78.9,338.4,0.69,6,scatter,1,0.872,0,0,1
close_train,close,train,59.3,44.3,0.58,21,crowd,1,1.006,0,0,1
close_train,close,train,72.0,217.8,0.8,29,scatter,0,0.64,0,0,1
close_train,close,train,53.0,265.3,0.98,7,cluster,1,1.162,0,0,1
close_train,close,train,57.9,161.8,0.97,5,scatter,1,0.609,0,0,1
close_train,close,train,33.2,16.4,0.51,16,clusters,1,0.955,0,0,1
close_train,close,train,48.9,353.4,0.38,22,rows,1,1.009,0,1,1
close_train,close,train,58.2,260.1,0.52,24,crowd,1,0.906,0,1,1
close_train,close,train,76.8,105.7,0.95,19,scatter,0,0.948,0,0,1
close_train,close,train,81.0,157.6,0.48,5,scatter,1,1.085,0,0,1
close_train,close,train,80.2,145.0,0.35,1,cluster,1,1.007,0,0,1
close_train,close,train,46.6,322.1,0.78,6,crowd,0,1.077,0,1,1
close_train,close,train,77.5,182.7,0.54,4,crowd,1,0.721,0,1,1
close_train,close,train,82.0,319.8,0.59,1,scatter,0,1.043,0,0,1
close_train,close,train,39.2,338.7,0.46,6,as built,1,1.295,0,1,1
close_train,close,train,60.6,238.9,0.52,14,cluster,1,0.641,0,1,1
close_train,close,train,76.5,311.7,0.63,16,cluster,0,1.361,0,1,1
close_train,close,train,84.9,250.6,0.81,4,cluster,1,1.051,0,0,1
close_train,close,train,78.4,237.2,0.56,1,as built,1,0.563,0,0,1
close_train,close,train,66.1,127.7,0.95,4,scatter,1,0.596,0,0,1
close_train,close,train,46.6,141.4,0.69,3,clusters,1,0.716,0,0,1
close_train,close,train,52.1,47.7,0.93,3,as built,0,0.871,0,0,1
close_train,close,train,39.3,302.0,0.93,9,cluster,0,0.76,0,1,1
close_train,close,train,52.1,28.9,0.67,3,scatter,1,1.449,0,0,1
close_train,close,train,30.4,154.7,0.49,8,scatter,0,1.191,0,0,1
close_train,close,train,76.6,342.5,0.87,35,clusters,1,0.867,0,0,1
close_train,close,train,32.9,352.4,0.54,27,crowd,1,0.943,0,0,1
close_train,close,train,73.6,14.4,0.78,17,scatter,1,0.91,0,0,1
close_train,close,train,44.0,271.3,0.39,3,scatter,0,1.219,0,1,1
close_train,close,train,70.1,266.9,0.58,5,scatter,1,1.037,0,0,1
close_train,close,train,65.1,141.0,0.9,2,scatter,1,1.028,0,0,1
close_train,close,train,50.7,82.0,0.76,4,scatter,0,1.042,0,0,1
close_train,close,train,62.1,320.7,0.36,3,scatter,1,1.223,0,0,1
close_train,close,train,49.9,239.4,0.81,46,scatter,1,1.27,0,0,1
close_train,close,train,45.2,353.1,0.48,7,crowd,1,0.592,0,1,1
close_train,close,train,56.7,20.1,0.84,3,scatter,0,1.335,0,1,1
close_train,close,train,71.8,36.4,0.77,5,cluster,1,0.934,0,0,1
close_train,close,train,75.5,59.5,0.74,48,crowd,1,0.867,0,0,1
close_train,close,train,54.9,334.4,0.57,7,scatter,1,1.182,0,0,1
close_train,close,train,30.5,24.3,0.6,10,scatter,1,0.997,0,0,1
close_train,close,train,55.0,279.0,0.62,19,clusters,0,0.752,0,0,1
close_train,close,train,80.1,288.3,0.66,28,clusters,1,1.076,0,0,1
close_train,close,train,43.5,23.8,0.5,11,cluster,1,1.2,0,0,1
close_train,close,train,72.1,247.8,0.47,2,scatter,1,1.268,0,0,1
close_train,close,train,72.1,61.8,0.78,9,as built,1,0.801,0,0,1
close_train,close,train,76.4,7.1,0.57,12,rows,1,1.064,0,0,1
close_train,close,train,44.8,117.4,0.89,7,cluster,0,0.564,0,0,1
close_train,close,train,82.7,170.9,0.61,1,cluster,1,0.865,0,0,1
close_train,close,train,43.6,292.4,0.8,8,scatter,0,1.213,0,1,1
close_train,close,train,76.4,63.1,0.55,4,as built,1,1.27,0,0,1
close_train,close,train,82.1,80.7,0.63,2,scatter,1,0.622,0,0,1
close_train,close,train,72.1,248.4,0.39,9,crowd,1,0.76,0,1,1
close_train,close,train,78.9,164.3,0.94,7,scatter,1,1.136,0,0,1
close_train,close,train,76.8,251.6,0.42,11,clusters,1,0.745,0,0,1
close_train,close,train,40.6,11.7,0.89,8,as built,1,0.815,0,0,1
close_train,close,train,35.8,352.3,0.8,13,as built,0,0.712,0,0,1
close_train,close,train,86.9,159.1,0.84,4,scatter,1,1.309,0,0,1
close_train,close,train,42.7,249.4,0.39,4,as built,1,1.195,0,1,1
close_train,close,train,80.8,289.5,0.66,41,crowd,1,1.004,0,0,1
close_train,close,train,43.8,339.8,0.67,10,as built,1,1.417,0,0,1
close_train,close,train,40.5,188.6,0.72,1,scatter,1,0.843,0,0,1
close_train,close,train,43.0,221.4,0.85,17,rows,1,0.834,0,0,1
close_train,close,train,84.5,221.7,0.99,2,scatter,0,1.344,0,0,1
close_train,close,train,81.5,329.5,0.65,4,scatter,1,0.932,0,0,1
close_train,close,train,74.8,345.9,0.78,19,cluster,1,1.312,0,1,1
close_train,close,train,62.9,330.2,0.5,4,as built,1,0.82,0,0,1
close_train,close,train,53.3,187.0,0.75,48,crowd,1,1.22,0,0,1
close_train,close,train,66.4,230.9,0.58,4,rows,0,0.975,0,1,1
close_train,close,train,61.3,174.9,0.5,4,scatter,1,0.968,0,1,1
close_train,close,train,35.3,185.9,0.61,36,crowd,0,1.206,0,0,1
close_train,close,train,79.9,172.9,0.77,54,crowd,1,1.409,0,0,1
close_train,close,train,35.1,1.0,0.36,22,cluster,1,1.183,0,0,1
close_train,close,train,47.0,261.2,0.7,3,as built,0,1.154,0,0,1
close_train,close,train,47.6,196.0,0.83,5,crowd,1,1.249,0,0,1
close_train,close,train,45.1,358.8,0.87,18,crowd,0,0.91,0,0,1
close_train,close,train,46.1,31.3,0.37,14,cluster,1,0.875,0,0,1
close_train,close,train,61.6,152.5,0.6,6,scatter,0,0.902,0,0,1
close_train,close,train,41.0,17.7,0.53,16,clusters,0,1.329,0,0,1
close_train,close,train,45.8,286.6,0.71,1,cluster,1,0.737,0,0,1
close_train,close,train,53.8,343.5,0.59,10,scatter,0,0.825,0,0,1
close_train,close,train,31.8,206.6,0.43,12,cluster,1,1.247,0,0,1
close_train,close,train,71.2,143.7,0.79,3,rows,0,0.795,0,0,1
close_train,close,train,84.6,32.3,0.36,6,rows,1,0.918,0,1,1
close_train,close,train,62.9,235.0,0.97,7,cluster,1,1.051,0,1,1
close_train,close,train,54.9,327.3,0.98,4,crowd,0,1.106,0,0,1
close_train,close,train,70.9,195.4,0.87,1,cluster,1,0.704,0,0,1
close_train,close,train,80.2,108.8,0.41,1,scatter,1,1.325,0,1,1
close_train,close,train,59.5,112.8,0.72,4,scatter,1,0.943,0,0,1
close_train,close,train,72.6,80.0,0.67,2,scatter,0,1.413,0,1,1
close_train,close,train,55.6,118.9,0.39,2,as built,1,1.013,0,0,1
close_train,close,train,81.6,176.6,0.95,3,scatter,0,0.847,0,1,1
close_train,close,train,84.6,235.4,0.71,15,scatter,1,0.846,0,0,1
close_train,close,train,34.1,350.5,0.96,18,scatter,0,1.395,0,0,1
close_train,close,train,73.8,122.0,0.39,3,scatter,1,0.573,0,1,1
close_train,close,train,75.5,352.7,0.84,1,scatter,1,0.956,0,0,1
close_train,close,train,65.3,94.9,0.93,1,as built,0,1.131,0,1,1
close_train,close,train,30.4,3.8,0.63,8,as built,1,0.826,0,0,1
close_train,close,train,70.8,276.3,0.89,21,scatter,1,0.873,0,1,1
close_train,close,train,71.7,303.4,0.57,1,scatter,1,0.619,0,0,1
close_train,close,train,31.5,70.6,0.59,7,crowd,1,0.645,0,1,1
close_train,close,train,54.5,335.8,0.91,4,crowd,0,0.859,0,0,1
close_train,close,train,62.9,197.1,0.42,8,scatter,1,1.383,0,1,1
close_train,close,train,30.7,102.1,0.62,5,rows,1,0.776,0,0,1
close_train,close,train,51.2,152.2,0.63,1,cluster,1,1.197,0,0,1
close_train,close,train,80.8,237.0,0.82,3,scatter,0,0.591,0,1,1
close_train,close,train,69.6,224.0,0.39,6,scatter,1,1.112,0,0,1
close_train,close,train,72.1,25.9,0.55,8,cluster,1,1.322,0,0,1
close_train,close,train,72.3,55.1,0.9,31,crowd,1,0.611,0,1,1
close_train,close,train,36.4,134.8,0.77,8,scatter,0,0.813,0,0,1
close_train,close,train,58.3,6.2,0.44,4,as built,1,0.607,0,1,1
close_train,close,train,45.9,280.0,0.84,19,clusters,1,1.375,0,0,1
close_train,close,train,79.3,77.9,0.69,8,cluster,1,1.35,0,0,1
close_train,close,train,68.9,136.3,0.52,4,clusters,1,1.088,0,1,1
close_train,close,train,74.3,214.9,0.36,11,clusters,1,1.337,0,0,1
close_train,close,train,57.3,228.4,0.48,3,as built,1,1.308,0,0,1
close_train,close,train,50.3,317.1,0.89,12,scatter,1,1.303,0,0,1
close_train,close,train,74.1,301.3,0.82,27,clusters,1,1.361,0,0,1
close_train,close,train,80.5,71.8,0.48,3,scatter,0,1.342,0,0,1
close_train,close,train,64.8,337.4,0.87,5,scatter,0,0.742,0,0,1
close_train,close,train,32.8,94.5,0.75,14,cluster,0,1.326,0,1,1
close_train,close,train,46.7,87.3,0.51,6,scatter,0,0.812,0,0,1
close_train,close,train,64.8,90.6,0.4,13,clusters,1,1.338,0,1,1
close_train,close,train,46.7,126.9,0.66,2,scatter,1,1.381,0,1,1
close_train,close,train,32.1,26.2,0.89,5,scatter,0,0.774,0,0,1
close_train,close,train,57.8,75.4,0.42,1,as built,1,0.831,0,1,1
close_train,close,train,70.5,203.7,0.52,3,as built,1,0.996,0,1,1
close_train,close,train,81.3,308.8,0.58,2,scatter,1,1.068,0,0,1
close_train,close,train,68.9,126.2,0.71,8,clusters,1,1.209,0,0,1
close_train,close,train,38.3,120.8,0.73,3,scatter,1,0.596,0,0,1
close_train,close,train,85.6,119.2,0.83,15,scatter,1,1.184,0,0,1
close_train,close,train,38.3,21.6,0.71,28,rows,0,0.977,0,0,1
close_train,close,train,87.8,76.9,0.91,16,scatter,1,1.155,0,0,1
close_train,close,train,34.3,77.4,0.57,17,scatter,0,1.333,0,0,1
close_train,close,train,74.0,348.1,0.92,11,cluster,1,1.372,0,0,1
close_train,close,train,32.1,121.6,0.55,36,clusters,1,0.957,0,0,1
close_train,close,train,73.7,89.0,0.89,7,scatter,1,0.577,0,0,1
close_train,close,train,43.8,163.1,0.91,18,crowd,1,1.184,0,0,1
close_train,close,train,33.0,205.0,0.4,2,scatter,1,1.134,0,0,1
close_train,close,train,61.0,108.2,0.9,6,scatter,1,0.805,0,1,1
close_train,close,train,37.1,223.5,0.89,14,rows,0,0.655,0,1,1
close_train,close,train,59.9,7.2,0.57,8,scatter,0,1.232,0,0,1
close_train,close,train,47.0,83.4,0.61,6,cluster,0,0.704,0,1,1
close_train,close,train,57.4,182.3,0.91,7,cluster,1,0.633,0,0,1
close_train,close,train,43.7,180.6,0.87,24,cluster,1,0.603,0,1,1
close_train,close,train,36.4,198.8,0.93,15,scatter,1,0.74,0,1,1
close_train,close,train,35.9,101.5,0.39,27,crowd,1,0.725,0,1,1
close_train,close,train,66.6,235.6,0.52,20,cluster,1,1.142,0,1,1
close_train,close,train,47.3,17.8,0.62,5,as built,1,1.005,0,0,1
close_train,close,train,68.1,322.6,0.74,27,cluster,0,1.239,0,1,1
close_train,close,train,65.7,220.0,0.84,11,scatter,1,1.034,0,0,1
close_train,close,train,55.6,154.0,0.37,2,as built,1,1.195,0,0,1
close_train,close,train,80.1,21.8,0.41,1,scatter,1,1.195,0,0,1
close_train,close,train,47.1,145.3,0.37,16,clusters,0,1.04,0,0,1
close_train,close,train,76.8,103.0,0.74,37,crowd,1,0.816,0,0,1
close_train,close,train,68.7,297.6,0.89,24,clusters,1,0.786,0,1,1
close_train,close,train,70.0,82.9,0.78,28,rows,1,0.647,0,0,1
close_train,close,train,67.0,82.2,0.85,21,rows,1,0.619,0,0,1
close_train,close,train,80.3,341.5,0.97,1,scatter,1,0.767,0,1,0
close_train,close,train,59.7,85.8,0.42,28,clusters,0,0.878,0,0,1
close_train,close,train,62.8,5.2,0.38,1,cluster,0,1.392,0,0,1
close_train,close,train,45.4,222.4,0.84,8,as built,1,0.807,0,0,1
close_train,close,train,51.5,246.0,0.57,3,scatter,1,1.254,0,1,1
close_train,close,train,53.6,56.0,0.76,32,clusters,1,1.296,0,0,1
close_train,close,train,35.9,54.7,0.84,9,cluster,1,1.448,0,0,1
close_train,close,train,74.7,176.5,0.65,3,scatter,1,0.638,0,0,1
close_train,close,train,56.2,190.8,0.73,3,scatter,1,1.341,0,0,1
close_train,close,train,69.3,240.2,0.47,1,clusters,1,0.803,0,1,1
close_train,close,train,80.3,120.7,0.83,4,as built,0,1.204,0,1,1
close_train,close,train,80.1,129.9,0.61,2,scatter,0,0.937,0,0,1
close_train,close,train,65.8,242.6,0.95,1,scatter,0,0.785,0,0,1
close_train,close,train,81.2,171.1,0.99,6,as built,0,0.867,0,1,1
close_train,close,train,60.7,32.7,0.55,1,scatter,1,1.269,0,1,1
close_train,close,train,73.8,82.8,0.77,47,rows,0,0.597,0,1,1
close_train,close,train,30.9,10.2,0.81,8,cluster,0,0.884,0,0,1
close_train,close,train,62.0,334.4,0.57,8,scatter,0,1.295,0,0,1
close_train,close,train,78.9,185.3,0.96,10,rows,1,0.682,0,1,1
close_train,close,train,34.1,315.2,0.73,16,scatter,1,1.106,0,0,1
close_train,close,train,84.7,15.5,0.39,8,cluster,1,0.797,0,1,1
close_train,close,train,44.1,332.8,0.66,17,clusters,0,1.317,0,0,1
close_train,close,train,77.5,169.6,0.94,13,rows,0,1.147,0,0,1
close_train,close,train,42.5,126.3,0.88,5,scatter,1,1.064,0,0,1
close_train,close,train,66.3,280.8,0.6,17,crowd,1,0.926,0,0,1
close_train,close,train,50.7,54.5,0.48,2,scatter,1,0.932,0,0,1
close_train,close,train,62.6,47.3,0.74,5,cluster,1,1.154,0,0,1
close_train,close,train,65.3,48.6,0.66,1,scatter,1,1.198,0,0,1
close_train,close,train,57.3,101.7,0.72,11,clusters,0,0.709,0,0,1
close_train,close,train,53.9,229.3,0.72,5,as built,1,0.574,0,0,1
close_train,close,train,43.7,166.3,0.96,59,crowd,1,1.062,0,1,1
close_train,close,train,64.9,80.3,0.56,2,scatter,1,0.746,0,0,1
close_train,close,train,63.9,138.9,0.84,2,scatter,0,0.849,0,1,1
close_train,close,train,74.7,137.5,0.52,15,clusters,0,0.678,0,1,1
close_train,close,train,30.6,40.0,0.72,32,rows,0,0.83,0,1,1
close_train,close,train,50.0,345.1,0.54,6,as built,0,1.026,0,1,1
close_train,close,train,83.6,192.6,0.59,9,cluster,0,0.983,0,0,1
close_train,close,train,46.6,89.3,0.84,16,clusters,0,1.017,0,1,1
close_train,close,train,45.1,198.0,0.42,2,as built,1,0.671,0,0,1
close_train,close,train,81.9,12.5,0.48,3,scatter,1,1.379,0,1,1
close_train,close,train,83.0,225.5,0.61,2,scatter,1,0.87,0,1,1
close_train,close,train,86.7,128.9,0.74,12,rows,0,0.931,0,0,1
close_train,close,train,63.3,31.9,0.77,17,scatter,1,0.894,0,1,1
close_train,close,train,83.6,227.6,0.49,4,scatter,1,0.912,0,1,1
close_train,close,train,83.5,209.7,0.58,2,scatter,0,0.645,0,0,1
close_train,close,train,70.3,87.7,0.62,2,cluster,0,0.938,0,0,1
close_train,close,train,58.8,94.6,0.68,2,scatter,1,1.031,0,1,1
close_train,close,train,46.1,93.0,0.92,2,as built,1,1.037,0,0,1
close_train,close,train,51.2,120.3,1.0,16,cluster,1,1.438,0,0,1
close_train,close,train,78.3,336.9,0.53,6,scatter,1,0.753,0,0,1
close_train,close,train,82.8,144.1,0.42,9,cluster,1,0.626,0,1,1
close_train,close,train,39.2,141.4,0.6,16,scatter,1,0.957,0,1,1
close_train,close,train,39.4,58.9,0.78,6,clusters,1,1.282,0,0,1
close_train,close,train,57.3,142.8,0.76,17,cluster,0,1.345,0,0,1
close_train,close,train,84.0,67.5,0.79,13,scatter,1,0.596,0,0,1
close_train,close,train,71.4,109.7,0.54,3,as built,1,0.765,0,0,1
close_train,close,train,41.3,335.0,0.45,10,scatter,0,0.63,0,1,1
close_train,close,train,81.7,15.4,0.74,5,scatter,0,1.197,0,0,1
close_train,close,train,52.3,128.2,0.93,8,clusters,1,1.266,0,0,1
close_train,close,train,48.0,19.5,0.94,7,as built,0,1.348,0,0,1
close_train,close,train,69.5,204.1,0.65,7,scatter,1,0.591,0,0,1
close_train,close,train,35.2,38.2,0.62,16,cluster,1,0.604,0,0,1
close_train,close,train,31.4,217.9,0.53,27,scatter,0,1.261,0,0,1
close_train,close,train,59.8,210.6,0.84,6,cluster,0,0.831,0,0,1
close_train,close,train,41.8,153.8,0.95,41,crowd,1,0.975,0,0,1
close_train,close,train,77.4,96.9,0.56,11,clusters,1,1.093,0,0,1
close_train,close,train,82.5,123.1,0.93,8,scatter,1,0.853,0,1,1
close_train,close,train,66.0,36.2,0.68,3,as built,1,0.765,0,0,1
close_train,close,train,86.9,120.5,0.36,2,scatter,1,0.95,0,0,1
close_train,close,train,32.0,250.5,0.48,11,crowd,1,0.596,0,1,1
close_train,close,train,70.4,340.2,0.83,2,cluster,1,0.647,0,0,1
close_train,close,train,51.1,2.2,0.86,22,clusters,1,0.877,0,0,1
close_train,close,train,54.5,296.1,0.79,5,rows,1,1.123,0,1,1
close_train,close,train,74.9,220.2,0.42,15,crowd,1,0.576,0,0,1
close_train,close,train,39.4,106.7,0.7,6,cluster,1,0.724,0,0,1
close_train,close,train,35.3,153.3,0.63,11,crowd,1,0.641,0,1,1
close_train,close,train,36.4,109.3,0.6,1,cluster,1,0.643,0,1,1
close_train,close,train,41.8,117.7,0.48,8,crowd,1,1.216,0,0,1
close_train,close,train,66.3,235.0,0.75,68,clusters,1,0.689,0,1,1
close_train,close,train,70.1,192.9,0.38,5,scatter,1,1.077,0,0,1
close_train,close,train,35.1,63.7,0.55,12,crowd,1,1.117,0,0,1
close_train,close,train,77.6,274.2,0.61,4,crowd,1,0.831,0,0,1
close_train,close,train,49.7,302.6,0.38,7,clusters,1,1.16,0,0,1
close_train,close,train,64.9,355.8,0.93,8,cluster,0,0.935,0,0,1
close_train,close,train,49.3,356.4,0.94,3,scatter,1,1.257,0,1,1
close_train,close,train,81.3,73.1,0.6,6,cluster,0,0.65,0,0,1
close_train,close,train,62.1,223.2,0.85,11,scatter,1,0.749,0,1,1
close_train,close,train,34.3,198.8,0.87,9,rows,1,1.142,0,0,1
close_train,close,train,56.6,86.3,0.52,1,scatter,1,1.421,0,0,1
close_train,close,train,39.4,250.8,0.84,5,scatter,1,0.597,0,0,1
close_train,close,train,80.1,276.5,0.84,29,clusters,1,0.895,0,1,1
close_train,close,train,47.6,326.8,0.48,3,scatter,1,0.558,0,0,1
close_train,close,train,33.3,8.1,0.77,15,cluster,0,0.719,0,1,1
close_train,close,train,33.3,338.0,0.94,9,scatter,0,0.637,0,0,1
close_train,close,train,78.8,41.3,0.45,8,rows,1,0.742,0,1,1
close_train,close,train,78.6,189.8,0.93,13,clusters,1,1.408,0,0,1
close_train,close,train,39.4,123.9,0.44,18,rows,0,0.601,0,0,1
close_train,close,train,85.2,214.4,0.49,1,cluster,1,1.272,0,0,1
close_train,close,train,43.4,142.0,0.57,9,crowd,1,1.257,0,0,1
close_train,close,train,87.3,27.1,0.98,34,rows,1,1.202,0,0,1
close_train,close,train,63.0,297.7,0.78,3,scatter,0,0.842,0,1,1
close_train,close,train,71.4,228.9,0.67,4,as built,0,1.442,0,0,1
close_train,close,train,44.8,51.8,0.38,5,as built,1,0.733,0,1,1
close_train,close,train,62.3,176.3,0.54,7,cluster,0,0.819,0,0,1
close_train,close,train,39.9,125.3,0.45,9,scatter,1,1.195,0,0,1
close_train,close,train,30.8,34.9,0.76,27,rows,1,0.777,0,1,1
close_train,close,train,75.0,126.6,0.67,9,rows,1,1.052,0,0,1
close_train,close,train,31.5,301.7,0.49,6,scatter,0,1.348,0,1,1
close_train,close,train,37.0,141.8,0.47,27,rows,1,0.881,0,0,1
close_train,close,train,82.7,110.5,0.62,1,scatter,0,1.1,0,0,1
close_train,close,train,82.2,45.5,0.36,1,scatter,1,0.918,0,0,1
close_train,close,train,81.7,263.4,0.76,2,cluster,1,0.622,0,0,1
close_train,close,train,66.3,243.9,0.6,4,as built,1,0.964,0,0,1
close_train,close,train,44.3,243.2,0.8,17,clusters,1,1.43,0,1,1
close_train,close,train,64.5,191.7,0.67,5,as built,1,0.781,0,0,1
close_train,close,train,65.6,259.2,0.52,2,as built,0,1.226,0,0,1
close_train,close,train,83.2,14.8,0.4,2,as built,1,0.591,0,0,1
close_train,close,train,60.2,134.9,0.73,4,scatter,0,1.174,0,0,1
close_train,close,train,81.6,80.5,0.77,7,scatter,1,1.419,0,1,1
close_train,close,train,49.3,62.2,0.55,3,scatter,1,0.884,0,0,1
close_train,close,train,53.3,178.4,0.68,1,as built,1,1.27,0,0,1
close_train,close,train,79.7,178.2,0.76,19,clusters,0,1.01,0,1,1
close_train,close,train,70.5,2.9,0.35,3,rows,0,1.327,0,0,1
close_train,close,train,67.6,202.5,0.68,11,rows,1,0.824,0,0,1
close_train,close,train,44.2,125.3,0.9,2,cluster,1,0.982,0,0,1
close_train,close,train,52.0,349.0,0.92,14,cluster,0,0.73,0,1,1
close_train,close,train,77.0,178.5,0.66,2,scatter,1,0.555,0,0,1
close_train,close,train,72.1,223.4,0.98,14,cluster,1,1.178,0,0,1
close_train,close,train,81.9,294.8,0.51,2,as built,1,1.171,0,0,1
close_train,close,train,52.9,315.2,0.43,22,cluster,1,0.931,0,1,1
close_train,close,train,77.9,60.0,0.69,9,crowd,0,1.061,0,0,1
close_train,close,train,45.3,274.6,0.66,3,scatter,1,1.179,0,0,1
close_train,close,train,67.7,358.2,0.94,18,scatter,1,0.782,0,1,1
close_train,close,train,63.1,304.6,0.43,4,clusters,0,0.894,0,1,1
close_train,close,train,79.1,113.6,0.65,1,cluster,1,0.983,0,0,1
close_train,close,train,34.0,250.3,0.92,16,scatter,1,1.404,0,1,1
close_train,close,train,60.2,353.9,0.4,36,clusters,1,1.395,0,0,1
close_train,close,train,58.6,304.2,0.43,3,clusters,1,0.999,0,0,1
close_train,close,train,61.9,27.0,0.97,1,cluster,1,1.06,0,1,1
close_train,close,train,39.2,248.8,0.85,3,scatter,1,1.336,0,1,1
close_train,close,train,35.4,344.5,0.86,23,scatter,1,1.427,0,0,1
close_train,close,train,77.8,307.0,0.56,6,scatter,1,1.212,0,0,1
close_train,close,train,39.7,48.4,0.96,20,crowd,1,1.134,0,1,1
close_train,close,train,64.6,241.2,0.94,6,scatter,1,1.144,0,0,1
close_train,close,train,45.4,125.3,0.42,26,cluster,1,0.901,0,1,1
close_train,close,train,53.6,272.9,0.89,8,scatter,1,0.744,0,1,1
close_train,close,train,32.7,275.4,0.49,5,scatter,1,0.736,0,0,1
close_train,close,train,35.0,97.4,0.54,1,scatter,1,1.277,0,0,1
close_train,close,train,58.0,154.3,0.45,9,crowd,1,1.174,0,1,1
close_train,close,train,71.0,350.8,0.99,3,scatter,1,1.352,0,0,1
close_train,close,train,81.4,192.5,0.95,2,clusters,0,0.873,0,0,1
close_train,close,train,43.6,24.3,0.58,36,clusters,1,0.946,0,0,1
close_train,close,train,84.8,73.9,0.59,9,clusters,0,1.153,0,0,1
close_train,close,train,44.6,191.6,0.59,11,rows,1,0.562,0,0,1
close_train,close,train,53.1,50.2,0.97,12,clusters,1,0.638,0,0,1
close_train,close,train,82.1,23.2,0.99,2,scatter,1,0.77,0,0,1
close_train,close,train,85.1,338.5,0.49,16,crowd,1,0.745,0,1,1
close_train,close,train,77.1,346.4,0.78,9,rows,1,0.93,0,0,0
close_train,close,train,73.3,238.2,0.91,4,as built,0,1.243,0,1,1
close_train,close,train,69.1,54.4,0.81,3,scatter,1,1.341,0,1,1
close_train,close,train,65.6,62.8,0.65,1,scatter,1,0.769,0,0,1
close_train,close,train,55.6,219.5,0.78,17,crowd,0,0.574,0,0,1
close_train,close,train,74.5,300.3,0.53,2,as built,1,0.795,0,1,1
close_train,close,train,82.2,167.7,0.87,1,scatter,1,0.737,0,0,1
close_train,close,train,64.4,244.7,0.8,11,rows,1,1.42,0,0,1
close_train,close,train,35.4,57.8,0.63,7,scatter,1,0.733,0,0,1
close_train,close,train,63.8,118.3,0.38,9,cluster,1,1.376,0,0,1
close_train,close,train,61.7,96.7,0.39,10,cluster,1,1.216,0,1,1
close_train,close,train,61.8,34.6,0.62,4,clusters,1,1.394,0,0,0
close_train,close,train,74.9,349.9,0.82,2,scatter,1,1.242,0,1,1
close_train,close,train,82.3,344.7,0.61,1,cluster,1,0.724,0,0,0
close_train,close,train,71.4,344.7,0.39,7,crowd,1,0.57,0,0,1
close_train,close,train,30.2,20.4,0.89,58,crowd,1,1.241,0,0,1
close_train,close,train,37.6,255.9,0.64,5,as built,1,1.376,0,0,1
close_train,close,train,73.6,126.0,0.64,8,rows,1,0.746,0,0,1
close_train,close,train,83.8,15.8,0.61,1,scatter,0,1.042,0,0,1
close_train,close,train,52.2,161.7,0.75,39,scatter,1,0.687,0,1,1
close_train,close,train,36.4,303.1,0.89,21,rows,1,1.148,0,0,1
close_train,close,train,41.7,170.9,0.37,7,cluster,1,0.819,0,0,1
close_train,close,train,55.6,41.7,0.52,1,cluster,1,1.212,0,1,1
close_train,close,train,79.4,329.5,0.94,6,as built,1,1.248,0,1,1
close_train,close,train,79.7,282.8,0.87,14,rows,1,1.361,0,0,1
close_train,close,train,51.0,222.9,0.36,2,rows,0,0.849,0,0,1
close_train,close,train,38.2,165.1,0.63,19,crowd,1,0.782,0,0,1
close_train,close,train,71.2,229.5,0.54,5,scatter,1,0.941,0,1,1
close_train,close,train,80.5,146.7,0.72,4,scatter,1,1.036,0,0,1
close_train,close,train,32.2,330.5,0.92,55,scatter,0,1.146,0,0,1
close_train,close,train,68.4,355.3,0.78,1,scatter,1,0.799,0,0,1
close_train,close,train,30.9,237.9,0.83,11,scatter,1,1.388,0,0,1
close_train,close,train,77.5,335.4,0.36,1,scatter,0,0.643,0,1,1
close_train,close,train,73.4,347.8,0.52,10,rows,0,1.186,0,0,1
close_train,close,train,83.4,292.6,0.76,10,scatter,1,1.072,0,0,1
close_train,close,train,31.1,176.7,0.6,12,clusters,1,1.366,0,0,1
close_train,close,train,57.8,97.7,0.82,1,cluster,1,0.664,0,0,1
close_train,close,train,35.1,137.7,0.62,3,cluster,1,1.087,0,1,1
close_train,close,train,57.9,95.2,0.45,16,cluster,1,0.97,0,0,1
close_train,close,train,48.2,154.6,0.59,14,scatter,0,1.188,0,0,1
close_train,close,train,43.3,316.9,0.7,13,clusters,1,1.381,0,0,1
close_train,close,train,41.3,310.4,0.59,11,clusters,1,0.671,0,0,1
close_train,close,train,75.0,315.8,0.98,11,clusters,1,1.439,0,1,1
close_train,close,train,71.8,161.7,0.58,3,scatter,1,0.581,0,0,1
close_train,close,train,34.6,73.5,0.99,1,scatter,1,0.711,0,0,1
close_train,close,train,73.1,241.5,0.88,17,clusters,1,1.257,0,0,1
close_train,close,train,66.5,238.4,0.39,1,scatter,0,0.877,0,1,1
close_train,close,train,73.8,219.9,0.64,16,crowd,1,0.58,0,0,1
close_train,close,train,51.3,192.8,0.42,7,rows,0,1.242,0,0,1
close_train,close,train,74.3,308.5,0.37,34,clusters,1,0.683,0,0,1
close_train,close,train,34.1,345.8,0.56,25,cluster,0,1.411,0,0,1
close_train,close,train,37.9,337.7,0.49,40,scatter,1,0.567,0,1,1
close_train,close,train,32.1,284.4,0.66,42,crowd,1,0.724,0,0,1
close_train,close,train,81.5,247.8,0.88,20,rows,1,1.438,0,0,1
close_train,close,train,32.4,333.7,0.8,11,scatter,1,0.969,0,1,1
close_train,close,train,33.6,318.8,0.62,29,scatter,1,0.668,0,0,1
close_train,close,train,62.6,82.4,0.71,2,scatter,0,1.111,0,0,1
close_train,close,train,77.7,193.9,0.4,8,cluster,1,0.874,0,0,1
close_train,close,train,51.1,320.5,0.47,2,cluster,1,1.302,0,1,1
close_train,close,train,43.6,191.0,0.41,5,crowd,1,0.865,0,0,1
close_train,close,train,35.1,284.4,0.89,18,cluster,1,0.608,0,1,1
close_train,close,train,59.1,217.0,0.56,15,scatter,0,1.066,0,0,1
close_train,close,train,83.1,40.7,0.62,3,scatter,1,0.753,0,0,1
close_train,close,train,46.3,352.9,0.89,54,scatter,1,1.274,0,0,1
close_train,close,train,76.7,121.0,0.63,1,scatter,1,1.202,0,1,1
close_train,close,train,75.8,325.5,0.59,13,rows,0,0.759,0,0,1
close_train,close,train,53.6,335.2,0.7,3,scatter,0,1.429,0,1,1
close_train,close,train,71.0,45.9,0.84,3,cluster,1,1.187,0,0,0
close_train,close,train,72.0,224.2,0.56,9,scatter,1,1.448,0,0,1
close_train,close,train,57.3,295.1,0.83,4,scatter,1,0.881,0,0,1
close_train,close,train,41.7,354.7,0.61,4,as built,0,0.879,0,0,1
close_train,close,train,50.3,312.4,0.74,22,cluster,1,1.267,0,1,1
close_train,close,train,82.5,316.4,0.35,2,as built,1,0.691,0,0,1
close_train,close,train,72.2,287.5,0.57,4,as built,1,1.073,0,0,1
close_train,close,train,74.1,136.3,0.91,8,cluster,1,0.718,0,1,1
close_train,close,train,57.3,14.0,0.56,2,as built,1,0.574,0,1,1
close_train,close,train,50.6,16.2,0.41,4,cluster,1,1.407,0,0,1
close_train,close,train,50.7,185.3,0.6,1,cluster,0,1.373,0,0,1
close_train,close,train,87.9,0.2,0.83,5,scatter,1,0.971,0,0,1
close_train,close,train,84.9,8.9,0.62,2,scatter,1,1.099,0,0,1
close_train,close,train,87.0,173.9,0.84,3,scatter,1,1.404,0,0,1
close_train,close,train,86.8,308.5,0.45,6,clusters,1,1.397,0,0,1
close_train,close,train,60.8,231.4,0.61,21,scatter,0,1.1,0,0,1
close_train,close,train,51.4,91.8,0.45,3,scatter,1,1.269,0,0,1
close_train,close,train,67.4,107.5,0.9,38,clusters,1,1.154,0,1,1
close_train,close,train,39.9,212.5,0.65,1,scatter,1,0.687,0,0,1
close_train,close,train,54.9,23.4,0.38,0,cluster,0,1.3,0,0,1
close_train,close,train,50.0,303.0,0.98,44,crowd,1,1.073,0,1,1
close_train,close,train,62.7,307.8,0.85,26,rows,1,1.233,0,0,1
close_train,close,train,74.5,64.7,0.96,62,crowd,1,1.075,0,0,1
close_train,close,train,46.7,302.4,0.48,59,clusters,1,1.377,0,1,1
close_train,close,train,42.8,300.0,0.63,5,cluster,1,1.397,0,1,1
close_train,close,train,74.7,65.0,0.41,4,rows,1,0.698,0,1,1
close_train,close,train,71.9,154.5,0.61,17,scatter,1,0.663,0,0,1
close_train,close,train,81.1,249.5,0.9,16,rows,0,0.56,0,1,1
close_train,close,train,43.4,92.1,0.94,8,scatter,1,0.631,0,0,1
close_train,close,train,37.8,188.4,0.46,26,crowd,1,1.295,0,1,1
close_train,close,train,55.1,340.6,0.98,22,crowd,1,0.908,0,0,1
close_train,close,train,36.9,42.4,0.97,33,clusters,1,1.406,0,1,1
close_train,close,train,40.8,72.5,0.86,11,as built,0,0.661,0,0,1
close_train,close,train,81.6,344.3,0.55,5,scatter,1,1.169,0,0,1
close_train,close,train,71.8,201.9,0.91,8,cluster,0,0.618,0,0,1
close_train,close,train,79.6,256.2,0.77,11,clusters,0,0.669,0,0,1
close_train,close,train,76.5,276.8,0.78,3,rows,1,1.051,0,1,1
close_train,close,train,43.7,10.1,0.83,10,scatter,1,1.308,0,0,1
close_train,close,train,63.9,329.8,0.59,21,scatter,1,0.694,0,1,1
close_train,close,train,78.5,269.2,0.78,54,clusters,1,1.234,0,1,1
close_train,close,train,74.8,50.7,0.82,41,clusters,1,0.906,0,1,0
close_train,close,train,58.8,130.4,0.38,2,scatter,1,1.108,0,0,1
close_train,close,train,68.5,52.8,0.46,3,as built,1,0.618,0,1,1
close_train,close,train,72.0,283.6,0.68,20,clusters,0,1.328,0,0,1
close_train,close,train,78.3,169.1,0.86,5,scatter,1,1.335,0,1,1
close_train,close,train,66.4,46.6,0.64,2,scatter,1,1.168,0,0,0
close_train,close,train,43.1,256.0,0.51,16,cluster,1,0.83,0,0,1
close_train,close,train,73.6,26.6,0.79,5,clusters,1,0.997,0,1,1
close_train,close,train,49.2,225.3,0.93,47,clusters,1,1.325,0,0,1
close_train,close,train,30.5,98.4,0.47,11,crowd,0,0.659,0,0,1
close_train,close,train,68.4,35.5,0.71,23,crowd,0,1.144,0,0,0
close_train,close,train,73.8,60.0,0.85,24,rows,1,1.318,0,1,1
close_train,close,train,56.6,3.5,0.43,2,scatter,0,1.258,0,0,1
close_train,close,train,86.8,127.0,0.52,2,scatter,1,0.915,0,0,1
close_train,close,train,53.5,63.9,0.97,6,as built,0,1.214,0,1,1
close_train,close,train,54.8,43.2,0.73,22,rows,1,0.704,0,0,1
close_train,close,train,58.4,183.0,0.41,15,cluster,1,1.425,0,0,1
close_train,close,train,35.6,100.4,0.86,10,rows,1,1.054,0,1,1
close_train,close,train,47.6,146.9,0.51,15,crowd,1,0.687,0,1,1
close_train,close,train,30.6,170.7,0.87,41,crowd,0,0.891,0,0,1
close_train,close,train,51.3,172.8,0.95,5,scatter,1,1.14,0,0,1
close_train,close,train,70.7,339.0,0.76,2,cluster,0,0.858,0,0,1
close_train,close,train,45.8,243.9,0.44,1,scatter,1,1.334,0,0,1
close_train,close,train,39.6,11.9,0.4,32,rows,1,0.803,0,0,1
close_train,close,train,74.1,151.9,0.41,8,rows,0,0.933,0,0,1
close_train,close,train,69.3,265.4,0.65,17,rows,1,0.853,0,1,1
close_train,close,train,62.4,11.4,0.59,5,scatter,1,1.265,0,0,1
close_train,close,train,78.3,295.7,0.81,73,clusters,0,0.596,0,1,1
close_train,close,train,51.1,124.8,0.53,14,scatter,1,0.582,0,0,1
close_train,close,train,69.3,44.1,0.7,2,rows,0,1.297,0,1,0
close_train,close,train,85.5,182.7,0.4,15,clusters,1,0.93,0,0,1
close_train,close,train,71.5,139.5,0.58,5,scatter,0,0.939,0,1,1
close_train,close,train,83.7,334.6,0.73,26,crowd,0,1.036,0,1,0
close_train,close,train,72.9,21.5,0.72,5,scatter,1,0.648,0,0,1
close_train,close,train,74.1,33.9,0.59,26,clusters,1,0.835,0,0,1
close_train,close,train,45.8,176.3,0.74,10,scatter,1,1.254,0,0,1
close_train,close,train,76.4,45.8,0.77,5,scatter,0,1.156,0,0,1
close_train,close,train,55.9,155.1,0.43,2,scatter,1,0.868,0,0,1
close_train,close,train,43.4,85.5,0.63,4,as built,0,1.419,0,0,1
close_train,close,train,75.5,230.6,0.98,21,cluster,1,0.961,0,1,1
close_train,close,train,86.2,22.6,0.59,9,scatter,0,0.775,0,0,1
close_train,close,train,70.2,52.1,0.38,5,cluster,1,0.717,0,1,1
close_train,close,train,73.7,34.4,0.65,8,scatter,0,0.713,0,0,0
close_train,close,train,64.6,13.6,1.0,5,as built,1,1.038,0,0,1
close_train,close,train,74.5,236.6,0.61,1,crowd,0,1.146,0,0,1
close_train,close,train,56.9,47.2,0.74,11,cluster,0,1.113,0,0,1
close_train,close,train,54.7,176.2,0.38,5,crowd,1,1.042,0,1,1
close_train,close,train,62.1,267.2,0.44,3,scatter,1,0.687,0,1,1
close_train,close,train,55.9,1.1,0.56,2,scatter,1,1.237,0,1,1
close_train,close,train,45.1,240.3,0.96,21,rows,1,0.715,0,1,1
close_train,close,train,73.9,205.6,0.55,2,scatter,1,1.127,0,1,1
close_train,close,train,74.0,295.0,1.0,21,cluster,1,1.429,0,0,1
close_train,close,train,74.0,324.4,0.91,33,scatter,1,1.099,0,0,1
close_train,close,train,64.9,230.7,0.59,8,scatter,0,0.649,0,0,1
close_train,close,train,74.5,157.6,0.48,5,clusters,1,0.768,0,0,1
close_train,close,train,40.4,61.7,0.66,2,cluster,1,0.602,0,0,1
close_train,close,train,80.2,179.3,0.55,1,as built,0,1.135,0,1,1
close_train,close,train,72.8,55.9,0.83,26,crowd,1,0.669,0,1,0
close_train,close,train,86.1,267.9,0.88,6,as built,1,1.135,0,0,1
close_train,close,train,82.6,353.7,0.64,1,scatter,1,1.286,0,1,0
close_train,close,train,55.5,116.3,0.4,3,scatter,1,0.599,0,0,1
close_train,close,train,79.7,241.6,0.5,2,scatter,1,0.683,0,0,1
close_train,close,train,60.8,2.7,0.94,8,scatter,1,1.011,0,0,1
close_train,close,train,37.4,89.2,0.54,6,as built,0,1.409,0,0,1
close_train,close,train,47.5,338.9,0.74,11,scatter,0,0.681,0,0,1
close_train,close,train,61.0,309.0,0.86,11,scatter,1,0.629,0,0,1
close_train,close,train,46.2,185.4,0.44,4,as built,1,0.979,0,1,1
close_train,close,train,36.3,206.5,0.94,8,scatter,1,1.244,0,0,1
close_train,close,train,69.0,70.8,0.77,2,scatter,1,0.891,0,0,1
close_train,close,train,63.3,354.2,0.97,22,clusters,1,1.37,0,0,1
close_train,close,train,74.4,103.3,0.57,1,scatter,1,1.389,0,0,1
close_train,close,train,82.0,182.8,0.44,2,as built,0,0.598,0,0,1
close_train,close,train,38.8,198.0,0.9,10,clusters,1,1.278,0,1,1
close_train,close,train,35.6,9.5,0.97,35,crowd,0,1.204,0,0,1
close_train,close,train,59.3,322.0,0.94,45,crowd,1,0.801,0,0,1
close_train,close,train,75.5,96.3,0.75,14,rows,0,0.837,0,0,0
close_train,close,train,43.4,223.2,0.66,8,scatter,1,1.426,0,0,1
close_train,close,train,81.2,215.3,0.6,7,rows,0,1.264,0,0,1
close_train,close,train,87.8,29.9,0.37,8,scatter,0,1.388,0,0,1
close_train,close,train,32.5,55.0,0.58,4,scatter,1,0.71,0,0,1
close_train,close,train,76.9,0.3,0.39,3,scatter,0,1.449,0,0,1
close_train,close,train,60.4,101.7,0.91,17,scatter,1,0.566,0,0,1
close_train,close,train,68.4,118.3,0.97,5,scatter,1,0.671,0,1,1
close_train,close,train,42.9,359.2,0.93,6,cluster,1,0.652,0,0,1
close_train,close,train,72.2,203.0,0.79,5,scatter,1,1.384,0,0,1
close_train,close,train,78.6,290.2,0.83,1,scatter,1,1.176,0,0,1
close_train,close,train,54.8,2.0,0.36,9,cluster,0,0.849,0,1,1
close_train,close,train,85.2,188.3,0.74,13,rows,1,0.669,0,0,1
close_train,close,train,81.3,75.5,0.57,3,scatter,0,1.3,0,0,1
close_train,close,train,83.7,191.5,0.38,10,rows,0,0.56,0,0,1
close_train,close,train,46.2,219.0,0.82,3,scatter,1,0.7,0,0,1
close_train,close,train,34.7,141.7,0.36,2,scatter,0,0.629,0,1,1
close_train,close,train,82.8,184.5,0.4,7,crowd,1,0.783,0,1,1
close_train,close,train,57.7,3.0,0.38,12,cluster,1,0.834,0,1,1
close_train,close,train,82.4,188.4,0.89,3,as built,0,1.286,0,0,1
close_train,close,train,79.7,167.3,0.36,1,as built,1,0.931,0,0,1
close_train,close,train,34.2,109.3,0.71,1,scatter,1,0.957,0,0,1
close_train,close,train,75.2,73.6,0.59,3,scatter,1,1.19,0,1,1
close_train,close,train,65.0,273.7,0.75,22,crowd,0,0.986,0,0,1
close_train,close,train,73.4,252.9,0.59,3,crowd,1,0.923,0,0,1
close_train,close,train,79.7,29.8,0.94,12,crowd,1,0.824,0,0,1
close_train,close,train,63.6,256.7,0.77,18,rows,0,1.061,0,0,1
close_train,close,train,41.0,214.3,0.62,8,cluster,0,0.83,0,0,1
close_train,close,train,71.8,264.4,0.65,4,scatter,0,1.101,0,0,1
close_train,close,train,69.9,61.3,0.73,7,rows,0,1.073,0,0,1
close_train,close,train,43.0,83.8,0.75,16,cluster,0,1.086,0,0,1
close_train,close,train,55.5,78.3,0.69,6,as built,0,1.32,0,1,1
close_train,close,train,37.5,350.6,0.44,5,cluster,1,0.962,0,1,1
close_train,close,train,67.6,80.8,0.72,6,as built,1,1.042,0,1,1
close_train,close,train,79.3,277.2,0.61,4,clusters,1,1.331,0,1,1
close_train,close,train,79.3,8.0,0.87,9,scatter,1,1.06,0,1,1
close_train,close,train,53.9,315.4,0.7,44,scatter,0,1.354,0,0,1
close_train,close,train,74.9,35.1,0.97,6,as built,1,1.442,0,0,0
close_train,close,train,34.1,205.9,0.94,45,rows,1,1.447,0,0,1
close_train,close,train,40.0,209.4,0.6,9,as built,1,1.32,0,1,1
close_train,close,train,37.2,264.5,0.62,1,rows,1,0.611,0,0,1
close_train,close,train,37.5,60.3,0.78,9,cluster,1,0.666,0,0,1
close_train,close,train,84.9,248.6,0.38,7,rows,1,0.9,0,0,1
close_train,close,train,64.2,27.2,0.79,6,scatter,1,1.1,0,0,1
close_train,close,train,68.1,174.0,0.9,25,clusters,1,1.365,0,0,1
close_train,close,train,62.6,346.1,0.42,21,crowd,1,0.554,0,0,1
close_train,close,train,60.0,152.4,0.59,1,cluster,1,0.714,0,0,1
close_train,close,train,34.9,4.0,0.4,12,scatter,1,0.884,0,0,1
close_train,close,train,63.5,18.3,0.88,15,crowd,0,1.393,0,0,1
close_train,close,train,50.9,330.1,0.41,8,clusters,1,1.358,0,0,1
close_train,close,train,83.9,295.3,0.36,9,clusters,1,0.665,0,0,1
close_train,close,train,35.0,25.7,0.47,3,scatter,1,0.81,0,0,1
close_train,close,train,62.4,181.3,0.35,10,scatter,1,1.235,0,0,1
close_train,close,train,81.3,18.6,0.96,49,crowd,1,1.118,0,1,1
close_train,close,train,79.5,263.7,0.37,24,crowd,0,0.732,0,0,1
close_train,close,train,69.6,260.2,0.55,2,scatter,0,1.256,0,0,1
close_train,close,train,83.2,228.0,0.98,10,rows,1,1.052,0,0,1
close_train,close,train,60.7,50.9,0.42,3,as built,1,0.878,0,1,1
close_train,close,train,44.9,4.7,0.95,11,scatter,1,1.376,0,0,1
close_train,close,train,37.7,95.8,0.44,4,as built,1,0.643,0,1,1
close_train,close,train,72.2,358.6,0.82,5,scatter,0,0.954,0,0,1
close_train,close,train,75.2,57.7,0.58,6,scatter,1,1.375,0,1,1
close_train,close,train,57.5,243.2,0.87,23,clusters,1,1.104,0,1,1
close_train,close,train,66.9,72.5,0.4,13,crowd,1,0.825,0,0,1
close_train,close,train,66.3,69.5,0.61,2,cluster,1,1.44,0,0,1
close_train,close,train,33.6,48.5,0.53,1,scatter,0,0.928,0,0,1
close_train,close,train,75.1,219.9,0.68,6,clusters,1,1.109,0,0,1
close_train,close,train,30.6,129.1,0.41,1,as built,0,0.864,0,0,1
close_train,close,train,55.0,69.3,0.82,6,cluster,1,0.709,0,0,1
close_train,close,train,58.3,250.4,0.48,17,cluster,0,1.1,0,1,1
close_train,close,train,82.0,107.4,0.72,1,scatter,1,1.282,0,0,0
close_train,close,train,74.5,56.0,0.81,4,as built,1,0.75,0,0,0
close_train,close,train,87.9,27.3,0.59,2,scatter,1,0.977,0,0,1
close_train,close,train,52.3,205.4,0.66,1,scatter,1,1.151,0,1,1
close_train,close,train,83.1,5.8,0.72,36,crowd,1,0.605,0,1,1
close_train,close,train,72.1,282.9,0.53,15,scatter,1,0.833,0,1,1
close_train,close,train,31.4,152.4,0.36,27,cluster,1,0.892,0,1,1
close_train,close,train,78.6,214.0,0.81,26,rows,1,1.367,0,0,1
close_train,close,train,54.2,180.4,0.79,19,cluster,1,1.082,0,1,1
close_train,close,train,84.3,147.2,0.41,2,scatter,1,1.348,0,0,1
close_train,close,train,34.4,206.4,0.45,5,scatter,1,0.889,0,0,1
close_train,close,train,76.1,260.4,0.93,5,cluster,1,1.272,0,0,1
close_train,close,train,46.8,248.1,0.96,27,scatter,1,0.735,0,0,1
close_train,close,train,76.5,335.9,0.39,7,crowd,1,1.342,0,1,1
close_train,close,train,83.2,250.7,0.75,12,cluster,1,1.031,0,0,1
close_train,close,train,60.0,136.0,0.67,31,crowd,0,1.411,0,0,1
close_train,close,train,74.6,227.7,0.41,5,scatter,1,0.879,0,0,1
close_train,close,train,55.0,189.1,0.9,2,cluster,1,1.28,0,0,1
close_train,close,train,75.6,74.5,0.55,2,as built,1,1.251,0,0,1
close_train,close,train,69.4,348.2,0.39,1,cluster,0,0.923,0,0,1
close_train,close,train,33.2,190.1,0.71,7,cluster,0,1.119,0,0,1
close_train,close,train,72.1,238.3,0.71,15,crowd,0,0.931,0,0,1
close_train,close,train,60.0,227.5,0.52,16,cluster,1,1.02,0,0,1
close_train,close,train,76.6,57.4,0.47,6,rows,0,1.128,0,0,1
close_train,close,train,76.9,318.2,0.77,25,rows,0,0.794,0,1,1
close_train,close,train,80.2,209.6,0.75,3,scatter,1,0.653,0,0,1
close_train,close,train,65.5,22.1,0.7,1,scatter,1,1.162,0,0,1
close_train,close,train,36.1,319.7,0.6,2,rows,1,1.154,0,1,1
close_train,close,train,62.5,301.9,0.48,30,crowd,0,1.097,0,0,1
close_train,close,train,83.1,320.9,0.99,32,clusters,0,0.999,0,0,1
close_train,close,train,68.4,225.3,0.63,4,as built,0,1.437,0,0,1
close_train,close,train,79.9,342.6,0.69,1,scatter,0,0.761,0,0,0
close_train,close,train,54.0,301.5,0.69,2,scatter,1,1.014,0,0,1
close_train,close,train,46.2,325.1,0.77,28,clusters,1,1.302,0,0,1
close_train,close,train,80.8,58.8,0.9,4,as built,1,1.425,0,0,1
close_train,close,train,31.5,354.6,0.55,17,scatter,1,0.846,0,0,1
close_train,close,train,81.1,232.6,0.99,9,clusters,0,1.23,0,0,1
close_train,close,train,76.0,122.5,0.74,8,scatter,1,1.442,0,0,1
close_train,close,train,71.8,49.0,0.52,2,scatter,0,0.56,0,0,1
close_train,close,train,74.3,256.0,0.51,5,crowd,1,0.706,0,0,1
close_train,close,train,78.0,308.5,0.52,3,scatter,1,1.149,0,0,1
close_train,close,train,36.1,77.6,0.94,16,crowd,1,0.803,0,0,1
close_train,close,train,52.2,317.6,0.96,9,crowd,0,0.671,0,0,1
close_train,close,train,44.5,74.6,0.86,33,crowd,1,0.803,0,0,1
close_train,close,train,42.5,0.6,0.57,1,cluster,1,1.313,0,1,1
close_train,close,train,67.7,280.1,0.88,11,crowd,1,0.593,0,0,1
close_train,close,train,87.8,125.4,0.85,16,rows,0,0.81,0,0,1
close_train,close,train,84.3,90.5,0.58,4,rows,1,1.117,0,0,1
close_train,close,train,74.3,82.8,0.74,3,cluster,1,0.664,0,1,0
close_train,close,train,77.1,352.2,0.4,2,scatter,1,0.846,0,0,1
close_train,close,train,82.7,211.2,0.99,11,scatter,0,0.809,0,0,1
close_train,close,train,37.6,273.1,0.55,26,scatter,1,1.316,0,1,1
close_train,close,train,46.5,120.0,0.36,1,cluster,1,1.052,0,0,1
close_train,close,train,41.0,154.3,0.81,16,as built,1,1.049,0,0,1
close_train,close,train,38.3,338.2,0.38,10,crowd,1,0.676,0,1,1
close_train,close,train,84.9,90.8,0.82,7,scatter,1,0.817,0,1,0
close_train,close,train,78.2,300.8,0.63,1,as built,1,0.604,0,1,1
close_train,close,train,86.3,68.4,0.46,11,cluster,0,1.108,0,0,1
close_train,close,train,43.4,322.4,0.5,10,scatter,0,1.289,0,0,1
close_train,close,train,84.6,346.3,0.92,15,scatter,1,0.869,0,1,0
close_train,close,train,62.3,59.6,0.97,20,rows,0,0.608,0,0,0
close_train,close,train,86.6,134.6,0.76,5,as built,1,0.578,0,1,0
close_train,close,train,53.8,256.7,0.36,4,scatter,1,0.859,0,1,1
close_train,close,train,74.2,2.9,0.68,22,clusters,1,1.37,0,1,1
close_train,close,train,82.5,59.1,0.54,1,scatter,1,1.012,0,0,1
close_train,close,train,72.1,222.2,0.78,5,scatter,1,1.314,0,0,0
close_train,close,train,57.9,334.2,0.37,1,scatter,0,0.566,0,0,1
close_train,close,train,71.9,305.8,0.47,19,cluster,1,1.302,0,0,1
close_train,close,train,48.2,268.6,0.54,5,rows,0,0.866,0,0,1
close_train,close,train,81.9,200.0,0.93,6,as built,1,0.758,0,0,1
close_train,close,train,71.9,316.1,0.77,19,rows,0,1.354,0,0,1
close_train,close,train,83.5,173.4,0.7,37,clusters,1,1.355,0,1,1
close_train,close,train,73.6,222.5,0.59,26,crowd,1,1.108,0,0,1
close_train,close,train,84.9,351.7,0.92,1,as built,1,0.775,0,0,0
close_train,close,train,49.6,298.7,0.45,11,clusters,1,1.275,0,0,1
close_train,close,train,31.4,233.0,0.49,6,cluster,1,0.728,0,0,1
close_train,close,train,54.5,210.5,0.42,1,crowd,0,0.706,0,0,1
close_train,close,train,38.6,226.0,0.8,6,scatter,1,0.57,0,1,1
close_train,close,train,43.8,265.9,0.83,2,as built,1,0.584,0,0,1
close_train,close,train,43.2,155.7,0.74,17,scatter,1,0.926,0,1,1
close_train,close,train,41.1,198.1,0.44,40,clusters,1,1.044,0,1,1
close_train,close,train,74.0,169.6,0.45,5,rows,0,1.351,0,0,1
close_train,close,train,70.8,13.7,0.55,4,as built,1,1.151,0,0,1
close_train,close,train,83.1,175.6,0.88,24,clusters,1,0.977,0,0,0
close_train,close,train,31.8,244.2,0.82,3,scatter,0,0.913,0,1,1
close_train,close,train,71.2,266.7,0.36,14,crowd,1,1.197,0,1,1
close_train,close,train,38.8,221.4,0.92,16,clusters,0,0.612,0,1,1
close_train,close,train,71.2,35.7,0.57,1,cluster,0,1.307,0,0,1
close_train,close,train,73.7,47.9,0.72,12,rows,1,0.691,0,1,0
close_train,close,train,72.0,257.2,0.55,1,scatter,1,0.793,0,0,1
close_train,close,train,50.4,268.6,0.62,7,as built,1,0.876,0,0,1
close_train,close,train,74.9,357.1,0.76,2,scatter,0,0.682,0,0,1
close_train,close,train,45.4,245.6,0.95,63,clusters,0,1.017,0,1,1
close_train,close,train,58.3,270.1,0.48,17,cluster,1,1.197,0,0,1
close_train,close,train,60.6,43.0,0.78,5,scatter,1,1.442,0,0,0
close_train,close,train,75.6,38.5,0.61,1,scatter,1,1.132,0,1,1
close_train,close,train,32.5,37.8,0.84,15,scatter,1,1.016,0,1,1
close_train,close,train,77.3,118.9,0.43,2,as built,0,0.773,0,0,1
close_train,close,train,78.5,271.6,0.47,2,scatter,1,0.843,0,0,1
close_train,close,train,76.6,209.4,0.9,2,scatter,1,0.943,0,0,1
close_train,close,train,53.0,251.1,0.96,3,scatter,1,1.444,0,0,1
close_train,close,train,53.7,229.6,0.53,2,scatter,1,1.034,0,1,1
close_train,close,train,76.9,106.9,0.87,4,scatter,1,1.044,0,0,0
close_train,close,train,35.3,311.7,0.91,27,rows,1,0.741,0,0,1
close_train,close,train,58.8,256.3,0.89,2,scatter,1,1.292,0,0,1
close_train,close,train,87.5,141.0,0.55,4,clusters,1,0.551,0,0,1
close_train,close,train,31.4,71.5,0.91,47,rows,0,0.868,0,0,1
close_train,close,train,73.0,355.4,0.46,1,as built,1,0.939,0,0,1
close_train,close,train,58.2,332.0,0.94,3,cluster,1,1.026,0,0,1
close_train,close,train,49.8,292.3,0.7,12,scatter,1,0.961,0,0,1
close_train,close,train,56.8,197.5,0.62,10,crowd,1,0.811,0,0,1
close_train,close,train,78.1,161.2,0.53,7,scatter,1,1.031,0,1,1
close_train,close,train,33.9,47.7,0.83,17,as built,1,0.8,0,0,1
close_train,close,train,52.1,271.8,0.97,13,crowd,0,0.693,0,0,1
close_train,close,train,51.5,177.7,0.36,3,clusters,1,1.431,0,0,1
close_train,close,train,73.3,342.1,0.39,1,scatter,0,0.845,0,0,1
close_train,close,train,71.4,315.9,0.74,20,cluster,0,1.324,0,0,1
close_train,close,train,45.3,327.4,0.54,16,cluster,0,0.835,0,1,1
close_train,close,train,39.6,326.6,0.56,1,cluster,1,1.387,0,0,1
close_train,close,train,65.9,334.1,0.65,1,as built,1,1.138,0,0,0
close_train,close,train,59.1,35.1,0.81,21,clusters,1,0.92,0,0,1
close_train,close,train,81.7,204.0,0.82,28,crowd,1,1.093,0,1,1
close_train,close,train,70.5,10.4,0.37,12,crowd,1,0.866,0,0,1
close_train,close,train,59.6,196.7,0.64,11,scatter,1,0.841,0,1,1
close_train,close,train,38.0,270.1,0.59,35,crowd,0,1.396,0,1,1
close_train,close,train,71.5,76.8,0.77,3,scatter,1,0.664,0,0,0
close_train,close,train,81.6,194.0,0.87,1,scatter,1,0.71,0,0,1
close_train,close,train,84.1,277.4,0.38,1,cluster,1,0.708,0,0,1
close_train,close,train,70.2,148.1,0.7,14,clusters,0,1.35,0,0,1
close_train,close,train,31.0,128.3,0.65,21,cluster,1,0.613,0,1,1
close_train,close,train,50.1,42.6,0.89,7,cluster,1,0.62,0,0,1
close_train,close,train,57.7,130.4,0.42,19,clusters,1,1.041,0,1,1
close_train,close,train,37.8,20.6,0.53,43,scatter,1,1.216,0,0,1
close_train,close,train,53.8,238.4,0.87,22,scatter,0,0.894,0,1,1
close_train,close,train,54.0,305.8,0.48,2,scatter,0,1.416,0,0,1
close_train,close,train,43.1,170.5,0.74,10,scatter,0,0.775,0,0,1
close_train,close,train,70.7,162.5,0.54,7,scatter,1,0.875,0,0,1
close_train,close,train,73.4,131.4,0.43,1,as built,1,0.958,0,0,1
close_train,close,train,75.5,181.6,0.41,15,crowd,1,1.447,0,1,1
close_train,close,train,37.9,155.6,0.36,1,rows,1,1.341,0,0,1
close_train,close,train,52.3,299.8,0.96,7,scatter,0,0.874,0,1,1
close_train,close,train,52.5,103.7,0.77,31,rows,1,1.137,0,1,1
close_train,close,train,33.1,203.6,0.84,18,rows,1,0.79,0,0,1
close_train,close,train,69.1,103.2,0.68,6,rows,1,0.826,0,0,1
close_train,close,train,79.0,165.8,0.97,4,scatter,1,0.606,0,0,0
close_train,close,train,72.9,259.2,0.6,3,scatter,0,0.763,0,0,1
close_train,close,train,79.6,232.4,0.44,16,crowd,1,1.213,0,0,1
close_train,close,train,41.0,274.8,0.83,4,rows,0,1.354,0,0,1
close_train,close,train,56.9,124.3,0.79,15,crowd,1,0.556,0,1,1
close_train,close,train,78.7,40.0,0.95,17,cluster,0,0.702,0,1,1
close_train,close,train,71.9,184.8,0.99,16,clusters,0,0.93,0,0,1
close_train,close,train,65.9,357.7,0.98,20,cluster,1,1.377,0,0,0
close_train,close,train,69.9,290.8,0.54,2,scatter,0,0.836,0,1,1
close_train,close,train,37.4,300.1,0.97,7,scatter,1,0.675,0,0,1
close_train,close,train,75.1,314.7,0.97,5,cluster,0,1.379,0,1,1
close_train,close,train,75.3,114.1,0.5,2,scatter,1,0.583,0,1,1
close_train,close,train,66.3,93.7,0.65,18,cluster,1,0.781,0,0,1
close_train,close,train,60.6,128.2,0.49,3,as built,1,1.121,0,1,1
close_train,close,train,82.0,187.7,0.88,6,scatter,0,0.852,0,0,1
close_train,close,train,69.9,7.0,0.37,15,crowd,1,1.175,0,0,1
close_train,close,train,39.2,277.8,0.69,11,cluster,1,1.348,0,1,1
close_train,close,train,45.3,222.2,0.72,4,scatter,1,1.051,0,0,1
close_train,close,train,77.8,324.3,0.38,14,cluster,0,0.887,0,0,1
close_train,close,train,43.2,340.2,0.51,10,crowd,1,0.813,0,0,1
close_train,close,train,81.6,251.1,0.42,1,scatter,1,0.747,0,0,1
close_train,close,train,67.3,100.5,0.54,2,as built,1,0.962,0,1,1
close_train,close,train,43.2,176.8,0.85,3,as built,1,1.04,0,0,1
close_train,close,train,37.1,295.4,0.94,25,scatter,1,0.808,0,0,1
close_train,close,train,51.5,154.2,0.88,2,scatter,0,1.335,0,1,1
close_train,close,train,57.1,334.4,0.52,7,scatter,1,0.654,0,0,1
close_train,close,train,77.9,333.1,0.66,2,cluster,1,0.785,0,0,0
close_train,close,train,43.7,273.5,0.71,6,scatter,0,0.837,0,0,1
close_train,close,train,50.9,111.7,0.82,31,rows,1,1.351,0,0,1
close_train,close,train,35.4,67.4,0.58,25,clusters,1,0.682,0,1,1
close_train,close,train,35.9,205.8,0.93,20,scatter,1,0.901,0,1,1
close_train,close,train,65.6,214.5,0.76,12,scatter,1,1.335,0,1,0
close_train,close,train,37.0,331.3,0.73,16,scatter,1,1.148,0,1,1
close_train,close,train,76.3,312.1,0.55,8,crowd,1,1.176,0,1,1
close_train,close,train,57.1,27.6,0.41,1,cluster,0,1.274,0,0,1
close_train,close,train,33.9,321.2,0.73,14,clusters,1,0.952,0,1,1
close_train,close,train,45.6,323.3,0.64,7,scatter,1,1.202,0,0,1
close_train,close,train,51.6,44.3,0.91,1,cluster,0,1.368,0,1,1
close_train,close,train,40.6,333.6,0.83,45,scatter,0,1.359,0,0,1
close_train,close,train,40.3,106.4,0.92,15,cluster,1,0.839,0,0,1
close_train,close,train,69.8,22.9,0.61,1,scatter,1,0.916,0,1,1
close_train,close,train,60.2,5.3,0.92,11,crowd,1,1.26,0,0,1
close_train,close,train,70.8,16.5,0.95,15,scatter,1,0.853,0,0,1
close_train,close,train,49.8,159.8,0.86,23,clusters,0,0.842,0,0,1
close_train,close,train,33.4,22.1,0.99,14,scatter,1,1.041,0,0,1
close_train,close,train,32.7,338.9,0.9,8,scatter,1,0.869,0,1,1
close_train,close,train,86.8,80.9,0.61,1,scatter,1,1.199,0,0,1
close_train,close,train,53.4,333.4,0.57,2,as built,1,0.88,0,0,1
close_train,close,train,61.5,336.6,0.77,3,scatter,1,1.143,0,1,0
close_train,close,train,85.8,303.2,0.82,18,crowd,1,0.94,0,0,1
close_train,close,train,39.0,19.5,0.7,4,scatter,1,0.779,0,0,1
close_train,close,train,80.2,138.8,0.91,1,as built,1,0.917,0,1,0
close_train,close,train,86.4,243.3,0.74,2,scatter,1,1.351,0,1,1
close_train,close,train,75.4,229.4,0.96,39,rows,0,0.736,0,0,1
close_train,close,train,54.8,56.6,0.99,6,scatter,0,1.279,0,0,1
close_train,close,train,45.0,307.1,0.96,13,as built,1,0.821,0,0,1
close_train,close,train,71.6,196.1,0.96,7,scatter,1,0.893,0,0,1
close_train,close,train,49.2,66.6,0.45,32,rows,1,0.555,0,1,1
close_train,close,train,77.2,349.3,0.53,8,scatter,0,1.414,0,0,1
close_train,close,train,84.7,156.0,0.73,5,as built,1,0.61,0,0,0
close_train,close,train,84.5,338.8,0.87,6,scatter,1,0.803,0,0,0
close_train,close,train,83.5,111.5,0.94,14,scatter,0,1.189,0,0,0
close_train,close,train,73.2,121.1,0.92,5,as built,1,0.987,0,0,1
close_train,close,train,40.4,115.5,0.42,21,scatter,1,1.276,0,1,1
close_train,close,train,59.7,239.6,0.82,9,crowd,0,0.645,0,1,1
close_train,close,train,76.6,53.1,0.87,17,clusters,1,0.917,0,0,1
close_train,close,train,55.5,269.3,0.87,2,as built,1,1.438,0,0,1
close_train,close,train,66.3,55.8,0.62,1,rows,0,1.224,0,1,0
close_train,close,train,67.3,294.9,0.55,1,cluster,1,0.929,0,0,1
close_train,close,train,65.9,66.4,0.6,24,clusters,1,1.409,0,0,1
close_train,close,train,48.2,284.4,0.8,5,as built,1,0.841,0,1,1
close_train,close,train,47.4,234.1,0.85,5,as built,1,0.874,0,0,1
close_train,close,train,40.5,312.5,0.72,8,scatter,1,0.605,0,1,0
close_train,close,train,64.8,116.1,0.44,8,scatter,0,0.985,0,0,1
close_train,close,train,63.7,347.4,0.47,1,scatter,1,0.762,0,0,1
close_train,close,train,81.0,285.4,0.37,5,scatter,1,0.644,0,1,1
close_train,close,train,86.0,202.4,0.4,1,as built,0,1.024,0,1,1
close_train,close,train,54.2,183.5,0.4,10,crowd,1,1.303,0,0,1
close_train,close,train,32.6,125.3,0.64,10,as built,0,0.942,0,1,1
close_train,close,train,42.3,160.6,0.58,12,crowd,1,0.73,0,0,1
close_train,close,train,75.3,59.7,0.95,31,crowd,1,1.284,0,0,1
close_train,close,train,36.7,304.5,0.82,7,cluster,0,1.411,0,0,0
close_train,close,train,50.3,297.2,0.55,8,rows,0,1.405,0,1,1
close_train,close,train,49.6,308.9,0.96,25,cluster,1,0.993,0,1,1
close_train,close,train,39.2,62.2,0.96,14,scatter,0,0.746,0,1,1
close_train,close,train,85.0,246.4,0.65,8,rows,1,1.425,0,1,1
close_train,close,train,80.6,317.6,0.8,1,scatter,0,0.909,0,0,1
close_train,close,train,76.3,77.6,0.57,6,scatter,1,1.415,0,0,1
close_train,close,train,51.1,288.1,0.72,2,scatter,1,1.337,0,0,1
close_train,close,train,51.6,241.8,0.98,6,scatter,0,1.299,0,0,1
close_train,close,train,71.6,90.0,0.88,5,scatter,1,1.21,0,0,1
close_train,close,train,80.0,72.7,0.41,1,scatter,1,1.271,0,0,1
close_train,close,train,80.9,342.2,0.51,2,scatter,0,1.169,0,0,1
close_train,close,train,80.5,13.0,0.78,6,as built,1,1.395,0,0,0
close_train,close,train,65.7,237.2,0.78,4,scatter,0,0.584,0,1,0
close_train,close,train,81.2,109.9,0.93,3,as built,1,1.255,0,1,0
close_train,close,train,85.2,96.8,0.82,4,as built,1,0.558,0,0,0
close_train,close,train,81.6,330.4,0.74,3,scatter,1,1.306,0,0,0
close_train,close,train,38.8,161.0,0.92,19,cluster,1,0.9,0,1,1
close_train,close,train,34.5,258.6,0.38,6,as built,1,1.225,0,0,1
close_train,close,train,55.3,103.3,0.81,3,scatter,1,0.981,0,0,1
close_train,close,train,47.9,79.1,0.91,2,scatter,1,1.118,0,0,1
close_train,close,train,80.7,272.3,0.36,12,rows,1,1.129,0,0,1
close_train,close,train,77.8,231.4,0.55,3,scatter,1,0.809,0,0,1
close_train,close,train,87.8,208.3,0.83,9,scatter,1,0.571,0,0,1
close_train,close,train,71.9,280.6,0.85,7,scatter,0,1.073,0,0,1
close_train,close,train,77.7,319.3,0.89,1,as built,0,0.59,0,0,1
close_train,close,train,71.0,132.6,0.93,4,as built,1,0.972,0,0,1
close_train,close,train,76.3,159.2,0.4,13,rows,0,1.448,0,0,1
close_train,close,train,72.2,101.0,0.71,5,scatter,1,0.806,0,0,1
close_train,close,train,65.2,102.6,0.99,33,clusters,1,0.946,0,0,1
close_train,close,train,63.8,63.7,0.55,2,cluster,1,1.255,0,0,1
close_train,close,train,31.9,291.6,0.51,1,cluster,1,1.173,0,1,1
close_train,close,train,39.3,275.5,0.59,15,clusters,0,0.878,0,1,1
close_train,close,train,44.2,5.2,0.59,29,scatter,1,1.081,0,1,1
close_train,close,train,62.7,264.9,0.59,11,rows,1,0.726,0,0,1
close_train,close,train,55.7,242.6,0.42,3,scatter,1,1.073,0,1,1
close_train,close,train,73.2,277.3,0.46,17,clusters,1,0.896,0,1,1
close_train,close,train,83.1,357.8,0.38,1,scatter,0,1.28,0,1,1
close_train,close,train,61.4,38.2,0.76,11,scatter,1,0.68,0,1,0
close_train,close,train,42.8,244.1,0.69,17,cluster,1,0.596,0,0,1
close_train,close,train,44.7,307.4,0.76,3,scatter,1,1.292,0,1,0
close_train,close,train,87.4,280.0,0.88,5,rows,1,0.964,0,0,1
close_train,close,train,48.6,180.4,0.45,5,scatter,0,0.874,0,0,1
close_train,close,train,67.8,98.6,0.91,8,cluster,1,1.192,0,0,1
close_train,close,train,47.9,323.0,0.71,2,scatter,1,1.345,0,1,1
close_train,close,train,83.8,343.4,0.96,1,scatter,1,0.71,0,0,0
close_train,close,train,71.3,94.3,0.45,3,scatter,1,1.278,0,0,1
close_train,close,train,32.8,302.4,0.53,1,scatter,0,0.908,0,0,1
close_train,close,train,83.1,308.2,0.95,23,cluster,1,0.807,0,0,1
close_train,close,train,78.8,121.4,0.6,14,scatter,1,0.582,0,0,0
close_train,close,train,74.0,29.7,0.8,5,crowd,0,0.919,0,0,1
close_train,close,train,68.4,135.9,0.66,16,rows,1,0.69,0,1,1
close_train,close,train,31.4,310.2,0.82,28,scatter,0,1.435,0,1,0
close_train,close,train,32.8,125.4,0.39,15,cluster,1,1.251,0,0,1
close_train,close,train,35.0,216.1,0.56,12,scatter,1,1.059,0,0,1
close_train,close,train,50.8,27.7,0.68,37,clusters,0,0.836,0,0,1
close_train,close,train,42.7,235.1,0.67,8,scatter,1,0.834,0,0,1
close_train,close,train,63.3,145.0,0.47,2,scatter,0,1.157,0,0,1
close_train,close,train,34.3,118.8,0.95,3,scatter,1,0.869,0,0,1
close_train,close,train,77.4,312.4,0.57,1,scatter,1,0.745,0,0,1
close_train,close,train,54.7,333.5,0.68,4,crowd,1,1.353,0,0,1
close_train,close,train,73.3,247.5,0.59,7,crowd,1,0.95,0,0,1
close_train,close,train,53.0,7.5,0.61,15,rows,0,0.631,0,1,1
close_train,close,train,50.7,143.7,0.84,22,clusters,1,0.74,0,0,1
close_train,close,train,72.4,304.9,0.75,3,as built,0,1.236,0,0,1
close_train,close,train,36.6,297.9,0.94,8,as built,0,0.652,0,1,1
close_train,close,train,40.9,220.1,0.46,9,scatter,0,1.292,0,0,1
close_train,close,train,86.7,4.4,0.36,26,cluster,1,1.199,0,1,1
close_train,close,train,77.3,226.9,0.48,2,scatter,1,1.294,0,0,1
close_train,close,train,53.2,290.7,0.61,5,scatter,1,1.228,0,0,1
close_train,close,train,58.4,230.8,0.98,4,scatter,0,0.744,0,0,1
close_train,close,train,41.3,103.8,0.69,4,scatter,1,0.904,0,1,1
close_train,close,train,88.0,59.5,0.4,10,crowd,1,0.769,0,1,1
close_train,close,train,36.8,140.3,0.57,64,crowd,1,1.131,0,0,1
close_train,close,train,78.1,62.8,0.43,1,as built,1,0.671,0,0,1
close_train,close,train,62.9,94.0,0.52,40,crowd,0,0.722,0,0,1
close_train,close,train,43.6,310.2,0.4,2,scatter,1,1.253,0,0,1
close_train,close,train,82.9,256.1,0.73,31,crowd,0,1.069,0,1,1
close_train,close,train,83.9,113.0,0.53,13,scatter,1,0.988,0,1,1
close_train,close,train,74.9,80.0,0.52,1,scatter,0,1.327,0,0,1
close_train,close,train,38.5,85.2,0.82,1,crowd,1,0.897,0,1,1
close_train,close,train,59.9,251.4,0.93,13,scatter,0,1.37,0,0,1
close_train,close,train,71.8,3.6,0.67,5,as built,1,0.953,0,0,1
close_train,close,train,46.3,230.1,0.51,1,scatter,1,1.045,0,0,1
close_train,close,train,74.0,275.5,0.41,4,scatter,1,0.598,0,0,1
close_train,close,train,59.5,339.9,0.39,14,clusters,1,1.043,0,0,1
close_train,close,train,56.0,300.8,0.88,2,scatter,0,1.178,0,0,1
close_train,close,train,85.2,237.3,0.55,2,scatter,1,0.633,0,0,1
close_train,close,train,58.3,84.2,0.36,9,cluster,1,0.627,0,0,1
close_train,close,train,77.4,207.3,0.37,1,as built,1,0.568,0,1,1
close_train,close,train,77.9,298.6,0.97,15,rows,1,1.034,0,0,0
close_train,close,train,76.9,159.4,0.95,25,clusters,0,0.655,0,1,0
close_train,close,train,61.0,132.5,0.83,25,rows,1,1.192,0,0,1
close_train,close,train,39.7,63.8,0.65,4,rows,0,0.671,0,1,1
close_train,close,train,61.5,176.3,0.75,4,scatter,1,0.706,0,0,1
close_train,close,train,65.7,345.2,0.73,2,as built,1,1.218,0,1,0
close_train,close,train,56.3,321.2,0.36,14,crowd,1,1.247,0,0,1
close_train,close,train,72.4,284.1,0.86,4,as built,0,1.081,0,1,1
close_train,close,train,48.0,295.1,0.44,2,scatter,1,0.737,0,0,1
close_train,close,train,76.0,344.4,0.81,25,crowd,1,1.342,0,0,0
close_train,close,train,50.5,107.1,0.81,15,cluster,0,0.558,0,0,1
close_train,close,train,39.2,224.4,0.38,23,cluster,1,1.093,0,1,1
close_train,close,train,64.3,224.6,0.76,3,scatter,1,0.894,0,0,0
close_train,close,train,44.7,47.6,0.52,14,rows,0,1.069,0,0,1
close_train,close,train,87.0,30.2,0.6,16,cluster,1,0.776,0,0,1
close_train,close,train,65.6,84.2,0.84,3,scatter,0,1.357,0,0,0
close_train,close,train,82.2,108.9,0.43,4,scatter,0,1.281,0,0,1
close_train,close,train,80.3,142.1,0.64,23,cluster,1,1.115,0,0,0
close_train,close,train,49.8,356.7,0.36,19,cluster,1,0.826,0,1,1
close_train,close,train,78.0,302.1,0.45,2,scatter,1,0.563,0,1,1
close_train,close,train,63.8,117.9,0.8,21,clusters,1,0.706,0,0,1
close_train,close,train,69.5,249.3,0.68,5,rows,1,1.06,0,0,1
close_train,close,train,81.7,43.6,0.84,1,cluster,1,0.942,0,0,1
close_train,close,train,77.3,307.4,0.81,14,crowd,1,0.806,0,1,0
close_train,close,train,37.2,222.7,0.67,8,as built,0,1.004,0,0,1
close_train,close,train,68.7,137.6,0.99,2,as built,1,1.003,0,0,1
close_train,close,train,56.3,184.3,0.71,36,crowd,1,0.706,0,0,1
close_train,close,train,74.7,85.1,0.69,1,cluster,0,1.231,0,0,0
close_train,close,train,81.3,4.0,0.62,3,scatter,0,1.228,0,0,0
close_train,close,train,63.5,250.7,0.91,2,as built,0,1.328,0,1,1
close_train,close,train,68.7,211.2,0.88,10,cluster,1,1.425,0,1,0
close_train,close,train,47.7,206.6,0.37,9,scatter,1,0.563,0,1,1
close_train,close,train,77.4,98.6,0.61,20,scatter,1,0.85,0,0,0
close_train,close,train,62.2,91.1,0.7,6,as built,1,1.277,0,1,1
close_train,close,train,43.1,122.4,0.4,7,scatter,0,0.565,0,0,1
close_train,close,train,50.6,328.2,0.56,11,rows,0,0.936,0,1,1
close_train,close,train,51.1,222.6,0.44,5,clusters,1,1.087,0,1,1
close_train,close,train,36.2,309.1,0.44,5,as built,1,0.982,0,0,1
close_train,close,train,77.1,297.8,0.86,35,crowd,0,0.631,0,0,0
close_train,close,train,77.5,254.9,0.91,6,scatter,1,1.174,0,1,0
close_train,close,train,79.2,144.2,0.67,2,as built,1,1.443,0,0,0
close_train,close,train,49.5,283.3,0.91,35,clusters,1,0.86,0,0,1
close_train,close,train,88.0,316.1,0.63,7,as built,0,0.664,0,0,0
close_train,close,train,80.3,221.3,0.71,1,scatter,0,1.16,0,0,0
close_train,close,train,64.4,211.6,0.4,7,crowd,1,0.609,0,0,1
close_train,close,train,84.2,351.3,0.67,2,scatter,0,1.439,0,0,0
close_train,close,train,44.9,322.3,0.91,6,scatter,1,0.896,0,0,0
close_train,close,train,50.3,333.3,0.81,5,as built,1,0.727,0,1,1
close_train,close,train,33.0,67.6,0.88,19,rows,1,0.705,0,0,1
close_train,close,train,59.8,3.0,0.45,4,crowd,1,0.849,0,0,1
close_train,close,train,54.7,359.8,0.71,3,scatter,1,0.785,0,0,1
close_train,close,train,54.1,127.4,0.56,15,rows,0,0.63,0,0,1
close_train,close,train,63.1,252.0,0.81,28,clusters,1,1.231,0,0,1
close_train,close,train,81.1,188.9,0.67,3,as built,1,0.577,0,0,1
close_train,close,train,71.7,8.4,0.61,2,scatter,1,1.125,0,0,0
close_train,close,train,30.9,5.4,0.61,10,scatter,1,1.358,0,0,1
close_train,close,train,69.2,321.0,0.42,1,scatter,1,1.217,0,0,1
close_train,close,train,46.9,89.1,0.6,14,rows,1,1.242,0,1,1
close_train,close,train,45.4,14.0,0.82,14,scatter,0,1.121,0,1,1
close_train,close,train,75.9,187.8,0.36,3,rows,1,1.137,0,0,1
close_train,close,train,49.1,287.4,0.87,38,rows,1,0.809,0,1,1
close_train,close,train,76.9,39.3,0.79,7,rows,0,1.144,0,0,1
close_train,close,train,38.5,169.3,0.63,1,cluster,0,1.102,0,0,1
close_train,close,train,65.7,227.5,0.68,1,as built,1,0.74,0,0,0
close_train,close,train,73.7,28.9,0.71,11,cluster,1,0.939,0,0,0
close_train,close,train,37.9,5.9,0.74,8,scatter,1,0.654,0,0,1
close_train,close,train,37.6,48.5,0.62,9,rows,1,1.305,0,0,0
close_train,close,train,70.0,125.2,0.58,2,as built,1,0.589,0,0,1
close_train,close,train,56.9,94.8,0.39,3,scatter,1,0.715,0,0,1
close_train,close,train,73.8,16.5,0.64,18,clusters,0,0.59,0,0,0
close_train,close,train,80.5,2.9,0.71,42,crowd,1,1.169,0,0,0
close_train,close,train,48.1,27.6,0.67,16,crowd,1,0.773,0,0,1
close_train,close,train,41.2,151.3,0.36,21,clusters,0,1.279,0,0,1
close_train,close,train,61.1,79.2,0.37,2,scatter,1,1.444,0,0,1
close_train,close,train,76.1,37.8,0.98,2,as built,0,0.786,0,1,1
close_train,close,train,70.9,153.3,0.42,2,cluster,0,0.96,0,0,1
close_train,close,train,65.1,332.0,0.9,39,scatter,1,1.179,0,0,0
close_train,close,train,74.6,190.2,0.63,5,rows,1,0.712,0,0,1
close_train,close,train,73.1,169.2,0.59,17,cluster,1,1.138,0,0,1
close_train,close,train,62.7,131.8,0.97,8,scatter,1,0.738,0,0,0
close_train,close,train,73.6,359.1,0.63,15,cluster,1,1.129,0,0,0
close_train,close,train,39.0,157.0,0.37,53,crowd,1,1.094,0,1,1
close_train,close,train,39.9,206.4,0.48,29,crowd,1,0.847,0,0,1
close_train,close,train,70.1,325.9,0.69,16,clusters,1,0.659,0,0,1
close_train,close,train,65.7,136.1,0.4,3,scatter,0,1.141,0,0,1
close_train,close,train,56.5,99.7,0.92,4,clusters,1,1.055,0,0,1
close_train,close,train,84.2,211.9,0.37,2,rows,1,0.941,0,0,1
close_train,close,train,34.2,44.4,0.81,13,scatter,1,1.327,0,0,0
close_train,close,train,57.5,215.4,0.67,3,scatter,1,0.819,0,1,1
close_train,close,train,31.8,328.3,0.89,43,rows,0,1.113,0,1,0
close_train,close,train,76.7,211.5,0.93,7,crowd,1,0.884,0,0,0
close_train,close,train,34.9,99.6,0.53,8,scatter,1,1.222,0,1,1
close_train,close,train,54.1,35.4,0.51,3,scatter,1,1.407,0,0,1
close_train,close,train,81.1,56.3,0.6,29,crowd,0,0.924,0,1,1
close_train,close,train,33.0,343.7,0.55,22,cluster,0,0.925,0,1,1
close_train,close,train,74.3,36.5,0.75,1,scatter,1,0.631,0,0,0
close_train,close,train,76.4,202.8,0.96,3,scatter,1,0.926,0,0,0
close_train,close,train,77.1,334.7,0.98,11,crowd,1,1.078,0,0,0
close_train,close,train,40.6,126.9,0.77,24,rows,1,0.804,0,1,1
close_train,close,train,73.4,351.9,0.4,14,cluster,0,1.423,0,0,1
close_train,close,train,82.7,204.8,0.91,24,crowd,1,1.216,0,0,0
close_train,close,train,65.2,52.9,0.86,1,cluster,1,1.085,0,0,0
close_train,close,train,31.3,275.5,0.53,10,rows,0,1.18,0,0,1
close_train,close,train,36.6,66.7,0.55,6,scatter,1,0.646,0,1,1
close_train,close,train,79.2,0.1,0.74,22,clusters,1,0.942,0,1,0
close_train,close,train,73.6,122.6,0.79,8,scatter,0,1.165,0,0,0
close_train,close,train,46.7,311.4,0.64,4,scatter,1,1.163,0,1,0
close_train,close,train,70.0,98.6,0.37,1,cluster,1,1.176,0,0,1
close_train,close,train,82.1,74.4,0.74,1,scatter,1,1.068,0,0,0
close_train,close,train,38.6,67.8,0.69,4,scatter,1,0.949,0,0,0
close_train,close,train,32.9,96.5,0.81,5,cluster,0,0.819,0,0,1
close_train,close,train,84.2,200.0,0.39,7,cluster,1,0.787,0,0,1
close_train,close,train,70.7,268.1,0.85,8,scatter,1,1.126,0,0,1
close_train,close,train,59.4,119.5,0.67,2,scatter,1,0.796,0,0,1
close_train,close,train,34.4,9.2,0.64,9,rows,1,1.057,0,0,0
close_train,close,train,82.7,348.9,0.53,1,cluster,1,0.62,0,1,1
close_train,close,train,58.3,169.7,0.5,5,cluster,1,0.637,0,0,1
close_train,close,train,47.5,92.3,0.53,11,crowd,0,0.759,0,1,1
close_train,close,train,74.0,38.0,0.79,3,as built,1,1.203,0,1,0
close_train,close,train,78.3,319.6,0.73,2,scatter,1,0.894,0,0,0
close_train,close,train,51.4,90.9,0.49,3,scatter,1,1.245,0,0,1
close_train,close,train,50.2,141.1,0.5,13,scatter,1,0.693,0,0,1
close_train,close,train,76.7,219.6,0.87,1,scatter,1,1.179,0,0,0
close_train,close,train,70.2,289.0,0.72,36,crowd,1,1.061,0,1,1
close_train,close,train,53.0,205.8,0.57,8,cluster,1,0.866,0,0,1
close_train,close,train,35.8,134.1,0.75,25,cluster,1,0.97,0,0,1
close_train,close,train,81.5,100.1,0.82,2,scatter,0,0.996,0,0,0
close_train,close,train,37.3,17.3,0.9,4,cluster,0,0.844,0,0,0
close_train,close,train,84.1,104.0,0.71,1,scatter,1,1.079,0,1,0
close_train,close,train,70.4,53.9,0.7,35,clusters,0,0.794,0,0,0
close_train,close,train,81.8,216.7,0.55,1,scatter,1,1.198,0,1,1
close_train,close,train,54.9,175.0,0.64,7,scatter,1,1.043,0,0,1
close_train,close,train,81.5,164.9,0.56,7,clusters,1,0.983,0,0,1
close_train,close,train,43.8,14.9,0.99,4,scatter,1,0.708,0,1,0
close_train,close,train,36.8,308.8,0.92,6,cluster,1,0.823,0,0,0
close_train,close,train,39.2,190.2,0.42,7,scatter,1,0.806,0,0,1
close_train,close,train,73.6,66.3,0.61,9,clusters,1,0.6,0,0,0
close_train,close,train,70.3,289.7,0.38,1,scatter,0,1.291,0,0,1
close_train,close,train,42.7,222.7,0.65,3,scatter,1,0.993,0,1,1
close_train,close,train,48.5,321.0,0.91,31,clusters,1,1.378,0,0,0
close_train,close,train,52.0,336.8,0.52,8,crowd,0,1.411,0,0,1
close_train,close,train,73.7,16.4,0.36,10,cluster,1,0.838,0,0,1
close_train,close,train,84.1,220.6,0.73,7,rows,1,0.979,0,0,0
close_train,close,train,82.3,143.8,0.57,3,scatter,1,0.626,0,1,1
close_train,close,train,77.4,214.5,0.97,4,scatter,1,0.7,0,1,0
close_train,close,train,79.8,23.1,0.47,1,cluster,0,1.25,0,0,1
close_train,close,train,59.7,248.3,0.9,13,scatter,1,0.857,0,0,1
close_train,close,train,57.1,231.6,0.82,8,scatter,0,0.833,0,1,0
close_train,close,train,70.5,319.4,0.91,5,scatter,1,1.299,0,0,1
close_train,close,train,82.5,351.0,0.63,11,rows,1,0.619,0,1,0
close_train,close,train,75.0,101.0,0.79,3,crowd,1,0.604,0,0,0
close_train,close,train,73.8,180.9,0.36,1,cluster,1,1.09,0,0,1
close_train,close,train,75.6,74.3,0.95,39,clusters,0,0.857,0,0,0
close_train,close,train,33.4,276.3,0.78,11,clusters,1,0.563,0,1,1
close_train,close,train,34.4,311.1,0.62,20,cluster,1,1.011,0,0,0
close_train,close,train,35.1,185.6,0.92,14,scatter,0,0.966,0,0,1
close_train,close,train,74.4,176.8,0.93,6,clusters,1,1.403,0,0,1
close_train,close,train,33.4,300.5,0.69,6,scatter,0,0.647,0,1,0
close_train,close,train,82.3,216.2,0.58,1,cluster,1,0.755,0,0,1
close_train,close,train,44.0,199.5,0.59,4,as built,0,0.765,0,1,1
close_train,close,train,50.6,196.8,0.8,5,scatter,1,0.971,0,0,1
close_train,close,train,37.8,308.0,0.45,6,scatter,1,1.405,0,0,1
close_train,close,train,79.4,135.5,0.61,18,cluster,1,0.717,0,0,0
close_train,close,train,76.2,245.0,0.87,24,clusters,1,0.98,0,1,0
close_train,close,train,44.7,168.6,0.56,2,crowd,0,1.235,0,0,1
close_train,close,train,45.3,297.5,0.74,13,crowd,0,0.764,0,0,0
close_train,close,train,82.1,33.5,0.54,2,as built,1,1.305,0,0,1
close_train,close,train,41.3,192.4,0.77,7,as built,1,0.814,0,0,0
close_val,close,val,72.8,214.0,0.56,3,rows,1,0.937,0,0,0
close_val,close,val,72.4,319.4,0.7,3,as built,1,1.153,0,0,0
close_val,close,val,53.6,302.8,0.72,20,cluster,0,1.264,0,0,0
close_val,close,val,81.2,291.9,0.43,3,scatter,1,0.735,0,1,0
close_val,close,val,70.0,165.2,0.48,23,clusters,0,0.683,0,0,0
close_val,close,val,36.4,11.7,0.36,25,crowd,1,0.821,0,0,0
close_val,close,val,67.0,92.1,0.56,2,as built,1,1.299,0,1,0
close_val,close,val,75.2,235.7,0.74,10,clusters,1,1.191,0,0,0
close_val,close,val,35.6,169.9,0.8,21,crowd,1,0.833,0,0,0
close_val,close,val,71.9,127.7,0.78,8,cluster,1,1.294,0,0,0
close_val,close,val,78.2,283.3,0.83,1,crowd,1,1.038,0,0,0
close_val,close,val,48.7,268.3,0.98,7,scatter,1,0.718,0,0,0
close_val,close,val,40.0,337.4,0.8,15,cluster,1,0.972,0,1,0
close_val,close,val,59.8,84.8,0.43,11,cluster,1,1.056,0,0,0
close_val,close,val,81.7,274.7,0.93,4,scatter,0,1.396,0,0,0
close_val,close,val,43.1,165.4,0.42,4,scatter,0,1.071,0,0,0
close_val,close,val,77.5,149.1,0.9,4,scatter,1,1.323,0,0,0
close_val,close,val,33.2,313.9,0.64,37,rows,1,0.903,0,0,0
close_val,close,val,83.4,253.5,0.68,39,clusters,1,0.661,0,0,0
close_val,close,val,37.0,354.9,0.73,7,scatter,0,0.587,0,0,0
close_val,close,val,81.8,216.6,0.73,27,clusters,0,0.882,0,0,0
close_val,close,val,57.4,99.0,0.39,1,rows,1,0.587,0,0,0
close_val,close,val,71.4,204.3,0.8,3,as built,0,0.602,0,0,0
close_val,close,val,37.8,99.5,0.98,12,rows,1,0.685,0,0,0
close_val,close,val,70.2,312.2,0.56,13,cluster,0,1.282,0,1,0
close_val,close,val,63.3,272.4,0.7,20,scatter,0,1.269,0,0,0
close_val,close,val,58.3,287.4,0.76,25,clusters,1,1.232,0,0,0
close_val,close,val,56.5,66.6,0.7,1,cluster,0,1.389,0,0,0
close_val,close,val,71.3,240.5,0.54,5,rows,1,0.724,0,0,0
close_val,close,val,77.1,107.9,0.44,7,cluster,1,0.752,0,0,0
close_val,close,val,44.7,316.4,0.86,19,clusters,1,0.978,0,0,0
close_val,close,val,35.6,120.3,0.81,7,scatter,0,0.782,0,0,0
close_val,close,val,46.7,329.0,0.5,20,cluster,1,0.797,0,0,0
close_val,close,val,44.8,74.6,0.89,8,cluster,1,0.755,0,0,0
close_val,close,val,36.9,127.2,0.55,24,rows,0,1.357,0,1,0
close_val,close,val,52.2,247.4,0.56,25,rows,1,0.742,0,1,0
close_val,close,val,40.0,27.1,0.64,6,scatter,1,0.979,0,1,0
close_val,close,val,34.6,251.3,0.48,8,scatter,1,0.892,0,0,0
close_val,close,val,71.2,136.5,0.92,1,scatter,0,0.748,0,0,0
close_val,close,val,62.8,136.7,0.62,12,scatter,0,1.155,0,1,0
close_val,close,val,58.9,171.3,0.94,5,as built,0,0.855,0,1,0
close_val,close,val,74.2,214.0,0.69,4,as built,1,1.356,0,0,0
close_val,close,val,75.5,242.3,0.98,3,scatter,1,1.383,0,1,0
close_val,close,val,30.7,111.6,0.66,12,rows,1,1.356,0,0,0
close_val,close,val,77.5,270.7,0.5,11,crowd,1,1.191,0,0,0
close_val,close,val,79.8,89.7,0.37,12,rows,0,1.439,0,1,0
close_val,close,val,83.4,257.7,0.53,20,rows,1,0.908,0,1,0
close_val,close,val,74.2,290.4,0.95,19,cluster,1,0.908,0,0,0
close_val,close,val,59.7,12.2,0.54,14,rows,1,0.952,0,0,0
close_val,close,val,72.9,74.5,0.82,4,scatter,1,0.879,0,0,0
close_val,close,val,53.4,227.2,0.74,41,rows,0,0.95,0,0,0
close_val,close,val,66.1,295.2,0.55,4,scatter,1,0.976,0,0,0
close_val,close,val,35.9,273.0,0.95,14,rows,1,1.138,0,0,0
close_val,close,val,36.0,133.8,0.59,10,cluster,0,0.911,0,0,0
close_val,close,val,42.4,261.2,0.82,6,scatter,0,0.732,0,0,0
close_val,close,val,72.5,231.5,0.87,6,as built,0,1.442,0,0,0
close_val,close,val,48.2,311.3,0.36,1,scatter,0,0.6,0,1,0
close_val,close,val,61.6,105.4,0.48,2,scatter,1,0.596,0,0,0
close_val,close,val,64.5,35.3,0.72,15,rows,1,0.772,0,0,0
close_val,close,val,37.1,54.3,0.49,21,cluster,1,0.822,0,1,0
close_val,close,val,77.5,237.2,0.87,37,crowd,0,1.245,0,0,0
close_val,close,val,56.2,5.8,0.74,5,rows,1,0.841,0,0,0
close_val,close,val,79.9,95.7,0.93,1,scatter,1,1.412,0,1,0
close_val,close,val,54.6,139.3,0.83,4,scatter,1,0.787,0,1,0
close_val,close,val,56.4,46.5,0.38,2,scatter,0,1.316,0,1,0
close_val,close,val,81.2,83.8,0.64,2,cluster,1,0.813,0,0,0
close_val,close,val,84.2,326.4,0.67,6,as built,1,1.387,0,1,0
close_val,close,val,66.1,145.3,0.41,2,as built,1,0.971,0,0,0
close_val,close,val,54.9,224.3,0.52,10,scatter,1,1.306,0,1,0
close_val,close,val,71.5,80.0,0.88,7,crowd,1,0.927,0,0,0
close_val,close,val,70.9,71.1,0.51,8,rows,1,0.711,0,0,0
close_val,close,val,74.9,71.9,0.72,27,clusters,1,1.363,0,0,0
close_val,close,val,67.1,70.2,0.41,4,as built,0,0.849,0,0,0
close_val,close,val,72.1,246.0,0.89,32,crowd,0,0.946,0,0,0
close_val,close,val,48.6,143.6,0.47,3,scatter,1,0.607,0,1,0
close_val,close,val,55.5,28.9,0.99,8,as built,1,1.073,0,0,0
close_val,close,val,40.3,306.8,0.46,40,rows,0,0.847,0,0,0
close_val,close,val,31.2,351.1,0.35,2,scatter,0,1.262,0,1,0
close_val,close,val,61.9,110.6,0.89,16,clusters,0,1.295,0,0,0
close_val,close,val,57.5,190.8,0.92,6,as built,1,0.589,0,0,0
close_val,close,val,47.9,205.6,0.77,28,rows,1,0.886,0,0,0
close_val,close,val,38.0,138.8,0.65,7,scatter,0,1.284,0,0,0
close_val,close,val,32.9,160.9,0.36,3,scatter,1,0.871,0,0,0
close_val,close,val,66.0,230.1,0.43,1,scatter,1,0.774,0,1,0
close_val,close,val,41.8,184.2,0.52,5,scatter,1,1.12,0,1,0
close_val,close,val,83.1,305.3,0.9,3,scatter,1,1.237,0,0,0
close_val,close,val,75.6,110.6,0.65,17,cluster,1,1.012,0,0,0
close_val,close,val,52.6,341.1,0.68,6,scatter,1,0.993,0,0,0
close_val,close,val,84.0,201.9,0.47,1,cluster,1,1.052,0,0,0
close_val,close,val,41.7,299.7,0.93,23,clusters,1,1.338,0,0,0
close_val,close,val,52.2,11.9,0.66,14,cluster,1,0.708,0,0,0
close_val,close,val,64.4,113.7,0.9,18,rows,1,1.149,0,0,0
close_val,close,val,58.1,299.6,0.89,18,cluster,0,0.698,0,0,0
close_val,close,val,46.7,116.7,0.79,4,scatter,0,0.869,0,0,0
close_val,close,val,79.2,234.5,0.83,5,scatter,1,0.787,0,0,0
close_val,close,val,58.0,118.7,0.74,18,scatter,0,1.376,0,1,0
close_val,close,val,79.8,211.9,0.88,13,cluster,1,1.414,0,1,0
close_val,close,val,80.8,326.5,0.49,9,cluster,1,0.694,0,0,0
close_val,close,val,49.9,326.6,0.51,3,scatter,1,0.661,0,1,0
close_val,close,val,81.0,90.4,0.82,3,scatter,1,0.597,0,0,0
close_val,close,val,34.3,16.8,0.56,8,rows,0,1.35,0,0,0
close_val,close,val,35.9,51.1,0.94,20,cluster,0,1.091,0,1,0
close_val,close,val,72.9,150.5,0.71,3,scatter,0,1.317,0,0,0
close_val,close,val,83.0,301.8,0.68,2,cluster,0,0.775,0,0,0
close_val,close,val,39.6,198.9,0.86,10,scatter,1,1.125,0,1,0
close_val,close,val,35.9,211.0,0.64,9,scatter,1,0.555,0,0,0
close_val,close,val,56.6,15.7,0.39,8,scatter,1,0.969,0,0,0
close_val,close,val,64.5,343.4,0.68,12,clusters,0,0.727,0,0,0
close_val,close,val,52.4,192.1,0.86,19,rows,0,1.147,0,0,0
close_val,close,val,34.8,147.9,0.84,1,scatter,1,0.654,0,1,0
close_val,close,val,70.6,36.4,0.41,16,cluster,1,0.669,0,0,0
close_val,close,val,87.4,136.9,0.6,1,scatter,1,1.047,0,0,0
close_val,close,val,83.8,137.3,0.39,6,clusters,1,0.61,0,1,0
close_val,close,val,54.4,232.5,0.67,7,crowd,0,1.429,0,1,0
close_val,close,val,70.3,167.4,0.95,20,cluster,1,0.588,0,0,0
close_val,close,val,33.7,170.6,0.75,43,clusters,1,0.71,0,0,0
close_val,close,val,73.7,154.9,0.39,2,as built,1,0.913,0,0,0
close_val,close,val,38.8,26.9,0.6,4,rows,1,1.134,0,1,0
close_val,close,val,30.5,96.4,0.48,4,scatter,1,0.662,0,0,0
close_val,close,val,47.3,107.2,0.84,10,cluster,0,0.818,0,0,0
close_val,close,val,54.9,298.0,0.9,3,scatter,1,0.669,0,0,0
close_val,close,val,59.9,97.2,0.44,6,as built,1,0.683,0,0,0
close_val,close,val,54.2,112.1,0.57,3,scatter,0,1.263,0,0,0
close_val,close,val,61.4,204.6,0.41,3,cluster,0,1.29,0,0,0
close_val,close,val,43.7,54.9,0.49,5,as built,1,0.56,0,1,0
close_val,close,val,61.3,66.5,0.79,11,rows,1,0.831,0,0,0
close_val,close,val,39.3,167.7,0.47,5,scatter,0,0.955,0,0,0
close_val,close,val,75.5,190.2,0.46,1,as built,1,1.174,0,0,0
close_val,close,val,80.0,288.5,0.74,1,scatter,0,0.626,0,1,0
close_val,close,val,55.0,220.1,0.48,12,crowd,0,0.854,0,0,0
close_val,close,val,56.1,52.4,0.92,18,cluster,1,1.296,0,0,0
close_val,close,val,49.9,5.9,0.98,10,cluster,1,1.381,0,0,0
close_val,close,val,42.2,60.3,0.64,19,scatter,0,1.355,0,0,0
close_val,close,val,68.1,127.5,0.81,38,crowd,1,0.98,0,1,0
close_val,close,val,78.7,277.1,0.37,2,crowd,0,1.418,0,0,0
close_val,close,val,34.2,184.0,0.55,42,rows,1,0.673,0,0,0
close_val,close,val,83.5,332.1,0.67,11,rows,0,0.851,0,1,0
close_val,close,val,46.5,143.0,0.4,4,scatter,1,1.027,0,1,0
close_val,close,val,65.3,35.2,0.68,2,scatter,1,0.812,0,0,0
close_val,close,val,82.7,48.4,0.85,4,as built,0,1.339,0,1,0
close_val,close,val,83.6,140.6,0.63,14,cluster,1,1.186,0,0,0
close_val,close,val,51.6,294.7,0.94,23,clusters,1,1.259,0,0,0
close_val,close,val,84.1,1.0,0.41,2,as built,0,1.227,0,0,0
close_val,close,val,80.1,225.6,0.55,9,cluster,1,0.688,0,1,0
close_val,close,val,66.5,180.9,0.92,9,scatter,1,1.223,0,0,0
close_val,close,val,50.1,60.0,0.85,4,cluster,1,1.39,0,0,0
close_val,close,val,32.1,75.9,0.76,9,scatter,1,0.947,0,1,0
close_val,close,val,81.3,3.0,0.45,8,scatter,1,0.924,0,0,0
close_val,close,val,62.4,32.6,0.65,37,scatter,1,1.422,0,0,0
close_val,close,val,78.6,198.6,0.38,8,cluster,0,0.593,0,0,0
dark_test,rail,test,40.0,270.0,3.26,16,clusters,0,0.138,1,0,0
dark_test,rail,test,40.0,270.0,3.26,59,crowd,0,0.247,1,0,0
dark_test,rail,test,40.0,270.0,3.26,74,rows,0,0.233,1,0,0
dark_test,rail,test,40.0,270.0,3.26,13,cluster,0,0.128,1,0,0
dark_test,rail,test,40.0,270.0,3.26,49,crowd,0,0.104,1,0,0
dark_test,rail,test,40.0,270.0,3.26,10,scatter,0,0.483,1,0,0
dark_test,rail,test,40.0,270.0,3.26,15,scatter,0,0.213,1,0,0
dark_test,rail,test,40.0,270.0,3.26,13,cluster,0,0.113,1,0,0
dark_test,rail,test,40.0,270.0,3.26,57,crowd,0,0.147,1,0,0
dark_test,rail,test,40.0,270.0,3.26,30,scatter,0,0.315,1,0,0
dark_test,rail,test,40.0,270.0,3.26,19,as built,0,0.339,1,0,0
dark_test,rail,test,40.0,270.0,3.26,56,clusters,0,0.088,1,0,0
dark_test,rail,test,40.0,270.0,3.26,19,as built,0,0.382,1,0,0
dark_test,rail,test,40.0,270.0,3.26,24,cluster,0,0.498,1,0,0
dark_test,rail,test,40.0,270.0,3.26,66,rows,0,0.13,1,0,0
dark_test,rail,test,40.0,270.0,3.26,44,scatter,0,0.239,1,0,0
dark_test,rail,test,40.0,270.0,3.26,16,scatter,0,0.383,1,0,0
dark_test,rail,test,40.0,270.0,3.26,24,scatter,0,0.274,1,0,0
dark_test,rail,test,40.0,270.0,3.26,36,crowd,0,0.484,1,0,0
dark_test,rail,test,40.0,270.0,3.26,19,as built,0,0.377,1,0,0
dark_test,rail,test,40.0,270.0,3.26,32,cluster,0,0.23,1,0,0
dark_test,rail,test,40.0,270.0,3.26,19,as built,0,0.44,1,0,0
dark_test,rail,test,40.0,270.0,3.26,19,as built,0,0.427,1,0,0
dark_test,rail,test,40.0,270.0,3.26,26,cluster,0,0.158,1,0,0
dark_test,rail,test,40.0,270.0,3.26,19,as built,0,0.39,1,0,0
dark_test,rail,test,40.0,270.0,3.26,61,clusters,0,0.27,1,0,0
dark_test,rail,test,40.0,270.0,3.26,31,cluster,0,0.32,1,0,0
dark_test,rail,test,40.0,270.0,3.26,7,scatter,0,0.245,1,0,0
dark_test,rail,test,40.0,270.0,3.26,63,clusters,0,0.236,1,0,0
dark_test,rail,test,40.0,270.0,3.26,73,scatter,0,0.109,1,0,0
dark_test,rail,test,40.0,270.0,3.26,19,as built,0,0.264,1,0,0
dark_test,rail,test,40.0,270.0,3.26,16,cluster,0,0.125,1,0,0
dark_test,rail,test,40.0,270.0,3.26,57,scatter,0,0.491,1,0,0
dark_test,rail,test,40.0,270.0,3.26,19,as built,0,0.443,1,0,0
dark_test,rail,test,40.0,270.0,3.26,13,cluster,0,0.218,1,0,0
dark_test,rail,test,40.0,270.0,3.26,19,as built,0,0.281,1,0,0
dark_test,rail,test,40.0,270.0,3.26,56,clusters,0,0.394,1,0,0
dark_test,rail,test,40.0,270.0,3.26,15,scatter,0,0.398,1,0,0
dark_test,rail,test,40.0,270.0,3.26,18,as built,0,0.392,1,0,0
dark_test,rail,test,40.0,270.0,3.26,55,crowd,0,0.415,1,0,0
dark_test,rail,test,40.0,270.0,3.26,19,as built,0,0.093,1,0,0
dark_test,rail,test,40.0,270.0,3.26,57,clusters,0,0.258,1,0,0
dark_test,rail,test,40.0,270.0,3.26,10,scatter,0,0.204,1,0,0
dark_test,rail,test,40.0,270.0,3.26,45,crowd,0,0.209,1,0,0
dark_test,rail,test,40.0,270.0,3.26,54,clusters,0,0.122,1,0,0
dark_test,rail,test,40.0,270.0,3.26,19,as built,0,0.442,1,0,0
dark_test,rail,test,40.0,270.0,3.26,19,as built,0,0.474,1,0,0
dark_test,rail,test,40.0,270.0,3.26,18,rows,0,0.437,1,0,0
dark_test,rail,test,40.0,270.0,3.26,38,scatter,0,0.437,1,0,0
dark_test,rail,test,40.0,270.0,3.26,19,as built,0,0.128,1,0,0
dark_test,rail,test,40.0,270.0,3.26,68,clusters,0,0.403,1,0,0
dark_test,rail,test,40.0,270.0,3.26,39,clusters,0,0.374,1,0,0
dark_test,rail,test,40.0,270.0,3.26,27,scatter,0,0.24,1,0,0
dark_test,rail,test,40.0,270.0,3.26,19,as built,0,0.41,1,0,0
dark_test,rail,test,40.0,270.0,3.26,29,scatter,0,0.19,1,0,0
dark_test,rail,test,40.0,270.0,3.26,19,as built,0,0.279,1,0,0
dark_test,rail,test,40.0,270.0,3.26,13,scatter,0,0.335,1,0,0
dark_test,rail,test,40.0,270.0,3.26,19,rows,0,0.13,1,0,0
dark_test,rail,test,40.0,270.0,3.26,23,scatter,0,0.272,1,0,0
dark_test,rail,test,40.0,270.0,3.26,70,crowd,0,0.108,1,0,0
dark_test,rail,test,40.0,270.0,3.26,20,scatter,0,0.413,1,0,0
dark_test,rail,test,40.0,270.0,3.26,52,rows,0,0.395,1,0,0
dark_test,rail,test,40.0,270.0,3.26,15,cluster,0,0.466,1,0,0
dark_test,rail,test,40.0,270.0,3.26,18,cluster,0,0.446,1,0,0
dark_test,rail,test,40.0,270.0,3.26,19,cluster,0,0.192,1,0,0
dark_test,rail,test,40.0,270.0,3.26,41,scatter,0,0.295,1,0,0
dark_test,rail,test,40.0,270.0,3.26,19,as built,0,0.093,1,0,0
dark_test,rail,test,40.0,270.0,3.26,19,as built,0,0.407,1,0,0
dark_test,rail,test,40.0,270.0,3.26,14,scatter,0,0.265,1,0,0
dark_test,rail,test,40.0,270.0,3.26,19,as built,0,0.249,1,0,0
dark_test,rail,test,40.0,270.0,3.26,19,rows,0,0.112,1,0,0
dark_test,rail,test,40.0,270.0,3.26,51,rows,0,0.203,1,0,0
dark_test,rail,test,40.0,270.0,3.26,33,scatter,0,0.154,1,0,0
dark_test,rail,test,40.0,270.0,3.26,16,clusters,0,0.137,1,0,0
dark_test,rail,test,40.0,270.0,3.26,19,as built,0,0.491,1,0,0
dark_test,rail,test,40.0,270.0,3.26,19,as built,0,0.302,1,0,0
dark_test,rail,test,40.0,270.0,3.26,23,scatter,0,0.163,1,0,0
dark_test,rail,test,40.0,270.0,3.26,54,scatter,0,0.24,1,0,0
dark_test,rail,test,40.0,270.0,3.26,18,scatter,0,0.452,1,0,0
dark_test,rail,test,40.0,270.0,3.26,24,scatter,0,0.176,1,0,0
dark_test,rail,test,40.0,270.0,3.26,10,cluster,0,0.148,1,0,0
dark_test,rail,test,40.0,270.0,3.26,28,cluster,0,0.492,1,0,0
dark_test,rail,test,40.0,270.0,3.26,46,clusters,0,0.221,1,0,0
dark_test,rail,test,40.0,270.0,3.26,27,cluster,0,0.475,1,0,0
dark_test,rail,test,40.0,270.0,3.26,16,cluster,0,0.198,1,0,0
dark_test,rail,test,40.0,270.0,3.26,37,scatter,0,0.365,1,0,0
dark_test,rail,test,40.0,270.0,3.26,23,cluster,0,0.325,1,0,0
dark_test,rail,test,40.0,270.0,3.26,19,as built,0,0.453,1,0,0
dark_test,rail,test,40.0,270.0,3.26,22,scatter,0,0.224,1,0,0
dark_test,rail,test,40.0,270.0,3.26,12,cluster,0,0.191,1,0,0
dark_test,rail,test,40.0,270.0,3.26,23,scatter,0,0.208,1,0,0
dark_test,rail,test,40.0,270.0,3.26,19,as built,0,0.251,1,0,0
dark_test,rail,test,40.0,270.0,3.26,69,crowd,0,0.142,1,0,0
dark_test,rail,test,40.0,270.0,3.26,19,as built,0,0.293,1,0,0
dark_test,rail,test,40.0,270.0,3.26,15,scatter,0,0.249,1,0,0
dark_test,rail,test,40.0,270.0,3.26,11,cluster,0,0.121,1,0,0
dark_test,rail,test,40.0,270.0,3.26,19,as built,0,0.146,1,0,0
dark_test,rail,test,40.0,270.0,3.26,24,scatter,0,0.377,1,0,0
dark_test,rail,test,40.0,270.0,3.26,29,cluster,0,0.454,1,0,0
dark_test,rail,test,40.0,270.0,3.26,42,crowd,0,0.26,1,0,0
dark_test,rail,test,40.0,270.0,3.26,55,scatter,0,0.085,1,0,0
dark_test,rail,test,40.0,270.0,3.26,14,cluster,0,0.48,1,0,0
dark_test,rail,test,40.0,270.0,3.26,29,scatter,0,0.368,1,0,0
dark_test,rail,test,40.0,270.0,3.26,22,scatter,0,0.343,1,0,0
dark_test,rail,test,40.0,270.0,3.26,41,rows,0,0.08,1,0,0
dark_test,rail,test,40.0,270.0,3.26,7,cluster,0,0.239,1,0,0
dark_test,rail,test,40.0,270.0,3.26,27,rows,0,0.316,1,0,0
dark_test,rail,test,40.0,270.0,3.26,19,as built,0,0.18,1,0,0
dark_test,rail,test,40.0,270.0,3.26,29,cluster,0,0.229,1,0,0
dark_test,rail,test,40.0,270.0,3.26,19,as built,0,0.463,1,0,0
dark_test,rail,test,40.0,270.0,3.26,31,scatter,0,0.322,1,0,0
dark_test,rail,test,40.0,270.0,3.26,46,rows,0,0.45,1,0,0
dark_test,rail,test,40.0,270.0,3.26,16,cluster,0,0.254,1,0,0
dark_test,rail,test,40.0,270.0,3.26,15,scatter,0,0.335,1,0,0
dark_test,rail,test,40.0,270.0,3.26,57,rows,0,0.263,1,0,0
dark_test,rail,test,40.0,270.0,3.26,19,as built,0,0.45,1,0,0
dark_test,rail,test,40.0,270.0,3.26,26,rows,0,0.379,1,0,0
dark_test,rail,test,40.0,270.0,3.26,44,crowd,0,0.335,1,0,0
dark_test,rail,test,40.0,270.0,3.26,10,cluster,0,0.109,1,0,0
dark_test,rail,test,40.0,270.0,3.26,25,scatter,0,0.2,1,0,0
dark_test,rail,test,40.0,270.0,3.26,28,cluster,0,0.197,1,0,0
dark_test,rail,test,40.0,270.0,3.26,19,as built,0,0.33,1,0,0
dark_test,rail,test,40.0,270.0,3.26,19,as built,0,0.238,1,0,0
dark_test,rail,test,40.0,270.0,3.26,19,as built,0,0.486,1,0,0
dark_test,rail,test,40.0,270.0,3.26,27,cluster,0,0.162,1,0,0
dark_test,rail,test,40.0,270.0,3.26,74,scatter,0,0.497,1,0,0
dark_test,rail,test,40.0,270.0,3.26,25,cluster,0,0.206,1,0,0
dark_test,rail,test,40.0,270.0,3.26,49,crowd,0,0.286,1,0,0
dark_test,rail,test,40.0,270.0,3.26,22,cluster,0,0.464,1,0,0
dark_test,rail,test,40.0,270.0,3.26,21,scatter,0,0.419,1,0,0
dark_test,rail,test,40.0,270.0,3.26,28,clusters,0,0.298,1,0,0
dark_test,rail,test,40.0,270.0,3.26,28,scatter,0,0.457,1,0,0
dark_test,rail,test,40.0,270.0,3.26,29,rows,0,0.248,1,0,0
dark_test,rail,test,40.0,270.0,3.26,17,cluster,0,0.286,1,0,0
dark_test,rail,test,40.0,270.0,3.26,28,scatter,0,0.433,1,0,0
dark_test,rail,test,40.0,270.0,3.26,52,clusters,0,0.269,1,0,0
dark_test,rail,test,40.0,270.0,3.26,19,as built,0,0.228,1,0,0
dark_test,rail,test,40.0,270.0,3.26,19,as built,0,0.09,1,0,0
dark_test,rail,test,40.0,270.0,3.26,19,as built,0,0.282,1,0,0
dark_test,rail,test,40.0,270.0,3.26,61,crowd,0,0.303,1,0,0
dark_test,rail,test,40.0,270.0,3.26,19,as built,0,0.113,1,0,0
dark_test,rail,test,40.0,270.0,3.26,24,cluster,0,0.284,1,0,0
dark_test,rail,test,40.0,270.0,3.26,18,clusters,0,0.303,1,0,0
dark_test,rail,test,40.0,270.0,3.26,23,rows,0,0.274,1,0,0
dark_test,rail,test,40.0,270.0,3.26,12,cluster,0,0.442,1,0,0
dark_test,rail,test,40.0,270.0,3.26,15,scatter,0,0.333,1,0,0
dark_test,rail,test,40.0,270.0,3.26,25,scatter,0,0.291,1,0,0
dark_test,rail,test,40.0,270.0,3.26,40,scatter,0,0.255,1,0,0
dark_test,rail,test,40.0,270.0,3.26,19,as built,0,0.32,1,0,0
dark_test,rail,test,40.0,270.0,3.26,38,crowd,0,0.337,1,0,0
lab_rail_test,rail,test,40.0,270.0,3.26,54,rows,1,1.0,0,0,0
lab_rail_test,rail,test,40.0,270.0,3.26,11,rows,1,1.0,0,0,0
lab_rail_test,rail,test,40.0,270.0,3.26,19,as built,1,1.0,0,0,0
lab_rail_test,rail,test,40.0,270.0,3.26,56,crowd,1,1.0,0,0,0
lab_rail_test,rail,test,40.0,270.0,3.26,19,as built,1,1.0,0,0,0
lab_rail_test,rail,test,40.0,270.0,3.26,39,clusters,1,1.0,0,0,0
lab_rail_test,rail,test,40.0,270.0,3.26,9,cluster,1,1.0,0,0,0
lab_rail_test,rail,test,40.0,270.0,3.26,19,as built,1,1.0,0,0,0
lab_rail_test,rail,test,40.0,270.0,3.26,33,scatter,1,1.0,0,0,0
lab_rail_test,rail,test,40.0,270.0,3.26,19,as built,1,1.0,0,0,0
lab_rail_test,rail,test,40.0,270.0,3.26,26,scatter,1,1.0,0,0,0
lab_rail_test,rail,test,40.0,270.0,3.26,11,scatter,1,1.0,0,0,0
lab_rail_test,rail,test,40.0,270.0,3.26,75,rows,1,1.0,0,0,0
lab_rail_test,rail,test,40.0,270.0,3.26,57,crowd,1,1.0,0,0,0
lab_rail_test,rail,test,40.0,270.0,3.26,61,scatter,1,1.0,0,0,0
lab_rail_test,rail,test,40.0,270.0,3.26,60,clusters,1,1.0,0,0,0
lab_rail_test,rail,test,40.0,270.0,3.26,11,scatter,1,1.0,0,0,0
lab_rail_test,rail,test,40.0,270.0,3.26,12,scatter,1,1.0,0,0,0
lab_rail_test,rail,test,40.0,270.0,3.26,22,cluster,1,1.0,0,0,0
lab_rail_test,rail,test,40.0,270.0,3.26,32,scatter,1,1.0,0,0,0
lab_rail_test,rail,test,40.0,270.0,3.26,37,scatter,1,1.0,0,0,0
lab_rail_test,rail,test,40.0,270.0,3.26,24,scatter,1,1.0,0,0,0
lab_rail_test,rail,test,40.0,270.0,3.26,43,clusters,1,1.0,0,0,0
lab_rail_test,rail,test,40.0,270.0,3.26,22,cluster,1,1.0,0,0,0
lab_rail_test,rail,test,40.0,270.0,3.26,51,scatter,1,1.0,0,0,0
lab_rail_test,rail,test,40.0,270.0,3.26,28,cluster,1,1.0,0,0,0
lab_rail_test,rail,test,40.0,270.0,3.26,63,scatter,1,1.0,0,0,0
lab_rail_test,rail,test,40.0,270.0,3.26,24,clusters,1,1.0,0,0,0
lab_rail_test,rail,test,40.0,270.0,3.26,38,crowd,1,1.0,0,0,0
lab_rail_test,rail,test,40.0,270.0,3.26,15,scatter,1,1.0,0,0,0
lab_rail_test,rail,test,40.0,270.0,3.26,67,clusters,1,1.0,0,0,0
lab_rail_test,rail,test,40.0,270.0,3.26,19,as built,1,1.0,0,0,0
lab_rail_test,rail,test,40.0,270.0,3.26,19,as built,1,1.0,0,0,0
lab_rail_test,rail,test,40.0,270.0,3.26,24,scatter,1,1.0,0,0,0
lab_rail_test,rail,test,40.0,270.0,3.26,10,rows,1,1.0,0,0,0
lab_rail_test,rail,test,40.0,270.0,3.26,24,scatter,1,1.0,0,0,0
lab_rail_test,rail,test,40.0,270.0,3.26,19,as built,1,1.0,0,0,0
lab_rail_test,rail,test,40.0,270.0,3.26,21,rows,1,1.0,0,0,0
lab_rail_test,rail,test,40.0,270.0,3.26,19,as built,1,1.0,0,0,0
lab_rail_test,rail,test,40.0,270.0,3.26,19,as built,1,1.0,0,0,0
lab_rail_test,rail,test,40.0,270.0,3.26,44,crowd,1,1.0,0,0,0
lab_rail_test,rail,test,40.0,270.0,3.26,19,as built,1,1.0,0,0,0
lab_rail_test,rail,test,40.0,270.0,3.26,23,clusters,1,1.0,0,0,0
lab_rail_test,rail,test,40.0,270.0,3.26,19,scatter,1,1.0,0,0,0
lab_rail_test,rail,test,40.0,270.0,3.26,28,cluster,1,1.0,0,0,0
lab_rail_test,rail,test,40.0,270.0,3.26,37,rows,1,1.0,0,0,0
lab_rail_test,rail,test,40.0,270.0,3.26,19,as built,1,1.0,0,0,0
lab_rail_test,rail,test,40.0,270.0,3.26,29,clusters,1,1.0,0,0,0
lab_rail_test,rail,test,40.0,270.0,3.26,61,scatter,1,1.0,0,0,0
lab_rail_test,rail,test,40.0,270.0,3.26,19,as built,1,1.0,0,0,0
lab_rail_test,rail,test,40.0,270.0,3.26,22,scatter,1,1.0,0,0,0
lab_rail_test,rail,test,40.0,270.0,3.26,54,scatter,1,1.0,0,0,0
lab_rail_test,rail,test,40.0,270.0,3.26,11,cluster,1,1.0,0,0,0
lab_rail_test,rail,test,40.0,270.0,3.26,36,crowd,1,1.0,0,0,0
lab_rail_test,rail,test,40.0,270.0,3.26,13,scatter,1,1.0,0,0,0
lab_rail_test,rail,test,40.0,270.0,3.26,19,as built,1,1.0,0,0,0
lab_rail_test,rail,test,40.0,270.0,3.26,19,as built,1,1.0,0,0,0
lab_rail_test,rail,test,40.0,270.0,3.26,21,scatter,1,1.0,0,0,0
lab_rail_test,rail,test,40.0,270.0,3.26,19,as built,1,1.0,0,0,0
lab_rail_test,rail,test,40.0,270.0,3.26,19,as built,1,1.0,0,0,0
lab_rail_test,rail,test,40.0,270.0,3.26,10,scatter,1,1.0,0,0,0
lab_rail_test,rail,test,40.0,270.0,3.26,26,scatter,1,1.0,0,0,0
lab_rail_test,rail,test,40.0,270.0,3.26,18,as built,1,1.0,0,0,0
lab_rail_test,rail,test,40.0,270.0,3.26,19,as built,1,1.0,0,0,0
lab_rail_test,rail,test,40.0,270.0,3.26,55,rows,1,1.0,0,0,0
lab_rail_test,rail,test,40.0,270.0,3.26,41,crowd,1,1.0,0,0,0
lab_rail_test,rail,test,40.0,270.0,3.26,28,scatter,1,1.0,0,0,0
lab_rail_test,rail,test,40.0,270.0,3.26,62,clusters,1,1.0,0,0,0
lab_rail_test,rail,test,40.0,270.0,3.26,19,as built,1,1.0,0,0,0
lab_rail_test,rail,test,40.0,270.0,3.26,31,cluster,1,1.0,0,0,0
lab_rail_test,rail,test,40.0,270.0,3.26,11,cluster,1,1.0,0,0,0
lab_rail_test,rail,test,40.0,270.0,3.26,33,scatter,1,1.0,0,0,0
lab_rail_test,rail,test,40.0,270.0,3.26,10,crowd,1,1.0,0,0,0
lab_rail_test,rail,test,40.0,270.0,3.26,37,crowd,1,1.0,0,0,0
lab_rail_test,rail,test,40.0,270.0,3.26,51,clusters,1,1.0,0,0,0
lab_rail_test,rail,test,40.0,270.0,3.26,54,clusters,1,1.0,0,0,0
lab_rail_test,rail,test,40.0,270.0,3.26,19,as built,1,1.0,0,0,0
lab_rail_test,rail,test,40.0,270.0,3.26,38,rows,1,1.0,0,0,0
lab_rail_test,rail,test,40.0,270.0,3.26,64,scatter,1,1.0,0,0,0
lab_rail_test,rail,test,40.0,270.0,3.26,19,as built,1,1.0,0,0,0
lab_rail_test,rail,test,40.0,270.0,3.26,23,cluster,1,1.0,0,0,0
lab_rail_test,rail,test,40.0,270.0,3.26,65,rows,1,1.0,0,0,0
lab_rail_test,rail,test,40.0,270.0,3.26,19,as built,1,1.0,0,0,0
lab_rail_test,rail,test,40.0,270.0,3.26,58,scatter,1,1.0,0,0,0
lab_rail_test,rail,test,40.0,270.0,3.26,24,cluster,1,1.0,0,0,0
lab_rail_test,rail,test,40.0,270.0,3.26,32,crowd,1,1.0,0,0,0
lab_rail_test,rail,test,40.0,270.0,3.26,19,as built,1,1.0,0,0,0
lab_rail_test,rail,test,40.0,270.0,3.26,16,scatter,1,1.0,0,0,0
lab_rail_test,rail,test,40.0,270.0,3.26,19,as built,1,1.0,0,0,0
lab_rail_test,rail,test,40.0,270.0,3.26,39,scatter,1,1.0,0,0,0
lab_rail_test,rail,test,40.0,270.0,3.26,45,rows,1,1.0,0,0,0
lab_rail_test,rail,test,40.0,270.0,3.26,29,clusters,1,1.0,0,0,0
lab_rail_test,rail,test,40.0,270.0,3.26,14,rows,1,1.0,0,0,0
lab_rail_test,rail,test,40.0,270.0,3.26,23,cluster,1,1.0,0,0,0
lab_rail_test,rail,test,40.0,270.0,3.26,28,cluster,1,1.0,0,0,0
lab_rail_test,rail,test,40.0,270.0,3.26,23,clusters,1,1.0,0,0,0
lab_rail_test,rail,test,40.0,270.0,3.26,19,as built,1,1.0,0,0,0
lab_rail_test,rail,test,40.0,270.0,3.26,19,as built,1,1.0,0,0,0
lab_rail_test,rail,test,40.0,270.0,3.26,9,scatter,1,1.0,0,0,0
lab_rail_test,rail,test,40.0,270.0,3.26,19,scatter,1,1.0,0,0,0
lab_test,orbit,test,65.3,323.5,1.6,33,rows,1,1.0,0,0,0
lab_test,orbit,test,31.4,212.1,1.77,14,as built,1,1.0,0,0,0
lab_test,orbit,test,37.9,94.6,2.63,10,scatter,1,1.0,0,0,0
lab_test,orbit,test,36.7,85.7,2.99,21,crowd,1,1.0,0,0,0
lab_test,orbit,test,76.5,11.0,1.39,2,scatter,1,1.0,0,0,0
lab_test,orbit,test,69.6,14.5,1.88,25,scatter,1,1.0,0,0,0
lab_test,orbit,test,43.9,332.2,1.5,14,scatter,1,1.0,0,0,0
lab_test,orbit,test,36.0,282.1,1.36,41,rows,1,1.0,0,0,0
lab_test,orbit,test,78.7,77.3,1.81,8,as built,1,1.0,0,0,0
lab_test,orbit,test,80.5,240.5,1.7,19,cluster,1,1.0,0,0,0
lab_test,orbit,test,58.1,259.1,1.22,48,clusters,1,1.0,0,0,0
lab_test,orbit,test,40.7,146.2,1.72,6,clusters,1,1.0,0,0,0
lab_test,orbit,test,81.7,319.8,1.22,1,scatter,1,1.0,0,0,0
lab_test,orbit,test,81.4,117.0,1.71,10,as built,1,1.0,0,0,0
lab_test,orbit,test,66.7,110.0,1.65,9,cluster,1,1.0,0,0,0
lab_test,orbit,test,51.9,309.3,1.12,1,scatter,1,1.0,0,0,0
lab_test,orbit,test,76.0,257.4,1.08,14,crowd,1,1.0,0,0,0
lab_test,orbit,test,79.0,356.2,1.94,4,scatter,1,1.0,0,0,0
lab_test,orbit,test,70.8,268.7,1.27,2,cluster,1,1.0,0,0,0
lab_test,orbit,test,39.3,134.1,1.06,55,clusters,1,1.0,0,0,0
lab_test,orbit,test,70.2,6.9,1.11,13,scatter,1,1.0,0,0,0
lab_test,orbit,test,77.3,255.3,1.84,45,crowd,1,1.0,0,0,0
lab_test,orbit,test,34.0,35.5,1.92,14,as built,1,1.0,0,0,0
lab_test,orbit,test,39.1,31.7,2.71,14,as built,1,1.0,0,0,0
lab_test,orbit,test,60.7,179.7,1.39,28,cluster,1,1.0,0,0,0
lab_test,orbit,test,30.7,140.3,3.41,12,clusters,1,1.0,0,0,0
lab_test,orbit,test,70.6,196.4,1.9,2,clusters,1,1.0,0,0,0
lab_test,orbit,test,63.8,101.5,1.0,3,cluster,1,1.0,0,0,0
lab_test,orbit,test,42.4,233.2,1.08,8,scatter,1,1.0,0,0,0
lab_test,orbit,test,81.0,203.8,1.79,13,scatter,1,1.0,0,0,0
lab_test,orbit,test,76.3,323.5,1.31,21,crowd,1,1.0,0,0,0
lab_test,orbit,test,69.5,18.0,1.49,18,scatter,1,1.0,0,0,0
lab_test,orbit,test,32.2,296.8,1.13,20,rows,1,1.0,0,0,0
lab_test,orbit,test,66.2,280.3,1.37,8,scatter,1,1.0,0,0,0
lab_test,orbit,test,33.7,53.8,1.83,10,rows,1,1.0,0,0,0
lab_test,orbit,test,37.3,111.6,1.76,6,scatter,1,1.0,0,0,0
lab_test,orbit,test,31.0,24.4,1.88,6,crowd,1,1.0,0,0,0
lab_test,orbit,test,41.9,314.7,2.64,66,crowd,1,1.0,0,0,0
lab_test,orbit,test,31.5,197.0,3.26,8,as built,1,1.0,0,0,0
lab_test,orbit,test,45.1,259.4,1.2,3,cluster,1,1.0,0,0,0
lab_test,orbit,test,32.4,105.0,1.82,20,clusters,1,1.0,0,0,0
lab_test,orbit,test,48.1,221.9,1.24,10,as built,1,1.0,0,0,0
lab_test,orbit,test,39.6,188.7,1.15,13,as built,1,1.0,0,0,0
lab_test,orbit,test,66.4,44.4,1.28,53,crowd,1,1.0,0,0,0
lab_test,orbit,test,37.9,11.8,1.88,26,cluster,1,1.0,0,0,0
lab_test,orbit,test,81.1,63.0,1.02,3,scatter,1,1.0,0,0,0
lab_test,orbit,test,34.6,244.6,1.31,7,cluster,1,1.0,0,0,0
lab_test,orbit,test,57.2,106.0,1.7,23,clusters,1,1.0,0,0,0
lab_test,orbit,test,32.2,311.8,2.1,56,rows,1,1.0,0,0,0
lab_test,orbit,test,70.8,6.7,1.61,8,scatter,1,1.0,0,0,0
lab_test,orbit,test,50.5,264.8,2.07,46,scatter,1,1.0,0,0,0
lab_test,orbit,test,33.5,271.3,2.19,28,crowd,1,1.0,0,0,0
lab_test,orbit,test,40.1,267.6,2.87,69,scatter,1,1.0,0,0,0
lab_test,orbit,test,66.8,276.9,1.67,16,clusters,1,1.0,0,0,0
lab_test,orbit,test,83.4,215.6,1.36,19,scatter,1,1.0,0,0,0
lab_test,orbit,test,34.4,220.3,3.13,20,scatter,1,1.0,0,0,0
lab_test,orbit,test,56.6,22.7,1.63,14,as built,1,1.0,0,0,0
lab_test,orbit,test,49.1,170.6,2.29,11,scatter,1,1.0,0,0,0
lab_test,orbit,test,43.1,256.9,1.64,31,crowd,1,1.0,0,0,0
lab_test,orbit,test,57.9,304.5,2.14,11,clusters,1,1.0,0,0,0
lab_test,orbit,test,80.1,221.2,1.92,45,scatter,1,1.0,0,0,0
lab_test,orbit,test,56.6,235.0,2.1,12,as built,1,1.0,0,0,0
lab_test,orbit,test,53.1,211.9,1.0,8,scatter,1,1.0,0,0,0
lab_test,orbit,test,44.4,211.0,1.43,6,clusters,1,1.0,0,0,0
lab_test,orbit,test,63.7,351.5,1.37,16,cluster,1,1.0,0,0,0
lab_test,orbit,test,40.4,326.8,2.16,19,as built,1,1.0,0,0,0
lab_test,orbit,test,63.2,283.1,1.38,50,crowd,1,1.0,0,0,0
lab_test,orbit,test,32.0,142.3,3.08,18,scatter,1,1.0,0,0,0
lab_test,orbit,test,42.0,170.1,1.9,15,scatter,1,1.0,0,0,0
lab_test,orbit,test,58.8,13.3,1.39,18,clusters,1,1.0,0,0,0
lab_test,orbit,test,76.5,288.2,1.83,52,scatter,1,1.0,0,0,0
lab_test,orbit,test,30.0,239.9,2.27,40,scatter,1,1.0,0,0,0
lab_test,orbit,test,67.4,232.6,1.71,14,scatter,1,1.0,0,0,0
lab_test,orbit,test,30.6,20.1,1.66,33,crowd,1,1.0,0,0,0
lab_test,orbit,test,72.3,350.9,1.49,22,cluster,1,1.0,0,0,0
lab_test,orbit,test,43.5,154.7,1.12,13,scatter,1,1.0,0,0,0
lab_test,orbit,test,65.1,174.4,1.23,10,as built,1,1.0,0,0,0
lab_test,orbit,test,41.9,148.1,1.73,11,scatter,1,1.0,0,0,0
lab_test,orbit,test,31.5,212.5,1.45,9,scatter,1,1.0,0,0,0
lab_test,orbit,test,32.2,157.5,2.72,33,clusters,1,1.0,0,0,0
lab_test,orbit,test,34.9,78.6,2.54,12,cluster,1,1.0,0,0,0
lab_test,orbit,test,44.6,264.3,1.74,8,cluster,1,1.0,0,0,0
lab_test,orbit,test,61.1,325.7,1.21,3,scatter,1,1.0,0,0,0
lab_test,orbit,test,55.8,40.2,1.24,9,scatter,1,1.0,0,0,0
lab_test,orbit,test,67.9,118.4,1.99,61,rows,1,1.0,0,0,0
lab_test,orbit,test,78.6,320.8,1.39,4,scatter,1,1.0,0,0,0
lab_test,orbit,test,50.5,177.4,1.25,16,scatter,1,1.0,0,0,0
lab_test,orbit,test,56.4,198.9,1.37,8,as built,1,1.0,0,0,0
lab_test,orbit,test,46.6,133.2,2.27,51,clusters,1,1.0,0,0,0
lab_test,orbit,test,51.1,232.5,1.32,35,rows,1,1.0,0,0,0
lab_test,orbit,test,72.1,21.3,1.49,8,scatter,1,1.0,0,0,0
lab_test,orbit,test,34.6,357.7,1.97,17,scatter,1,1.0,0,0,0
lab_test,orbit,test,81.5,202.9,1.85,11,rows,1,1.0,0,0,0
lab_test,orbit,test,40.4,244.0,1.14,14,as built,1,1.0,0,0,0
lab_test,orbit,test,36.8,253.5,2.75,23,rows,1,1.0,0,0,0
lab_test,orbit,test,54.1,185.7,1.81,13,crowd,1,1.0,0,0,0
lab_test,orbit,test,41.9,318.4,1.17,5,scatter,1,1.0,0,0,0
lab_test,orbit,test,43.7,35.4,2.54,60,rows,1,1.0,0,0,0
lab_test,orbit,test,70.4,147.6,1.04,12,rows,1,1.0,0,0,0
lab_test,orbit,test,63.0,50.9,1.17,4,rows,1,1.0,0,0,0
lab_test,orbit,test,49.5,310.1,1.54,52,crowd,1,1.0,0,0,0
lab_test,orbit,test,83.3,37.0,1.11,32,scatter,1,1.0,0,0,0
lab_test,orbit,test,47.5,168.9,1.2,7,cluster,1,1.0,0,0,0
lab_test,orbit,test,72.5,315.1,2.04,5,scatter,1,1.0,0,0,0
lab_test,orbit,test,46.9,65.5,1.22,4,as built,1,1.0,0,0,0
lab_test,orbit,test,40.1,70.7,1.58,11,clusters,1,1.0,0,0,0
lab_test,orbit,test,36.2,205.9,1.28,14,rows,1,1.0,0,0,0
lab_test,orbit,test,48.1,201.1,1.98,19,as built,1,1.0,0,0,0
lab_test,orbit,test,55.5,68.9,1.14,13,scatter,1,1.0,0,0,0
lab_test,orbit,test,57.9,56.7,1.0,12,scatter,1,1.0,0,0,0
lab_test,orbit,test,82.4,266.5,1.62,8,clusters,1,1.0,0,0,0
lab_test,orbit,test,51.7,357.0,1.03,54,crowd,1,1.0,0,0,0
lab_test,orbit,test,49.2,162.3,1.52,53,scatter,1,1.0,0,0,0
lab_test,orbit,test,73.3,192.3,1.85,6,scatter,1,1.0,0,0,0
lab_test,orbit,test,66.0,342.9,1.36,12,scatter,1,1.0,0,0,0
lab_test,orbit,test,83.1,173.8,1.18,6,as built,1,1.0,0,0,0
lab_test,orbit,test,35.7,181.4,1.32,15,as built,1,1.0,0,0,0
lab_test,orbit,test,61.9,270.1,2.0,35,rows,1,1.0,0,0,0
lab_test,orbit,test,49.4,228.6,1.14,23,rows,1,1.0,0,0,0
lab_test,orbit,test,49.3,175.3,1.23,42,crowd,1,1.0,0,0,0
lab_test,orbit,test,55.6,260.8,1.37,36,scatter,1,1.0,0,0,0
lab_test,orbit,test,79.3,27.9,1.7,10,as built,1,1.0,0,0,0
lab_test,orbit,test,45.1,252.9,2.53,6,as built,1,1.0,0,0,0
lab_test,orbit,test,35.8,46.9,2.27,22,crowd,1,1.0,0,0,0
lab_test,orbit,test,38.1,151.1,2.62,29,rows,1,1.0,0,0,0
lab_test,orbit,test,41.2,133.9,1.25,10,cluster,1,1.0,0,0,0
lab_test,orbit,test,62.7,208.3,1.76,3,scatter,1,1.0,0,0,0
lab_test,orbit,test,46.7,158.5,1.7,37,rows,1,1.0,0,0,0
lab_test,orbit,test,31.5,355.9,2.96,27,scatter,1,1.0,0,0,0
lab_test,orbit,test,83.1,67.4,1.71,20,scatter,1,1.0,0,0,0
lab_test,orbit,test,59.9,308.4,1.53,4,scatter,1,1.0,0,0,0
lab_test,orbit,test,60.5,35.3,1.37,16,scatter,1,1.0,0,0,0
lab_test,orbit,test,82.6,130.1,1.87,8,rows,1,1.0,0,0,0
lab_test,orbit,test,84.8,13.9,1.37,9,as built,1,1.0,0,0,0
lab_test,orbit,test,73.0,212.3,1.63,14,crowd,1,1.0,0,0,0
lab_test,orbit,test,74.1,268.7,1.41,4,scatter,1,1.0,0,0,0
lab_test,orbit,test,59.9,57.9,1.22,4,scatter,1,1.0,0,0,0
lab_test,orbit,test,78.0,56.4,1.82,10,as built,1,1.0,0,0,0
lab_test,orbit,test,32.0,302.7,2.43,19,scatter,1,1.0,0,0,0
lab_test,orbit,test,84.5,53.7,1.51,26,rows,1,1.0,0,0,0
lab_test,orbit,test,40.0,123.4,1.51,24,clusters,1,1.0,0,0,0
lab_test,orbit,test,39.2,90.6,2.2,9,scatter,1,1.0,0,0,0
lab_test,orbit,test,52.1,17.0,1.31,35,clusters,1,1.0,0,0,0
lab_test,orbit,test,37.3,110.8,1.22,17,crowd,1,1.0,0,0,0
lab_test,orbit,test,37.6,246.3,2.75,29,crowd,1,1.0,0,0,0
lab_test,orbit,test,56.4,104.3,1.18,8,cluster,1,1.0,0,0,0
lab_test,orbit,test,50.8,89.2,2.33,22,rows,1,1.0,0,0,0
lab_test,orbit,test,47.1,338.5,1.28,16,rows,1,1.0,0,0,0
lab_test,orbit,test,64.9,58.2,1.83,17,scatter,1,1.0,0,0,0
lab_test,orbit,test,30.9,3.2,1.89,23,cluster,1,1.0,0,0,0
low_test,low,test,23.1,327.9,1.51,8,rows,0,1.0,0,0,0
low_test,low,test,18.2,187.2,0.87,13,cluster,0,1.0,0,0,0
low_test,low,test,26.0,159.3,1.46,6,as built,0,1.0,0,0,0
low_test,low,test,29.5,150.7,2.92,14,as built,0,1.0,0,0,0
low_test,low,test,26.4,323.0,1.4,34,scatter,0,1.0,0,0,0
low_test,low,test,23.5,300.7,0.96,20,cluster,0,1.0,0,0,0
low_test,low,test,17.7,309.8,0.54,2,scatter,0,1.0,0,0,0
low_test,low,test,21.8,57.9,2.52,70,rows,0,1.0,0,0,0
low_test,low,test,22.1,121.4,1.3,1,scatter,0,1.0,0,0,0
low_test,low,test,17.9,336.6,1.03,29,scatter,0,1.0,0,0,0
low_test,low,test,26.8,315.4,3.06,17,clusters,0,1.0,0,0,0
low_test,low,test,27.8,323.4,2.73,12,rows,0,1.0,0,0,0
low_test,low,test,20.6,67.2,2.49,60,crowd,0,1.0,0,0,0
low_test,low,test,15.4,150.2,3.16,23,cluster,0,1.0,0,0,0
low_test,low,test,29.9,323.4,0.98,18,rows,0,1.0,0,0,0
low_test,low,test,21.9,303.3,1.19,13,as built,0,1.0,0,0,0
low_test,low,test,27.1,131.2,3.27,19,as built,0,1.0,0,0,0
low_test,low,test,20.2,341.1,2.54,21,cluster,0,1.0,0,0,0
low_test,low,test,29.9,206.0,1.54,17,scatter,0,1.0,0,0,0
low_test,low,test,26.7,164.7,3.28,17,as built,0,1.0,0,0,0
low_test,low,test,24.7,224.1,1.73,3,scatter,0,1.0,0,0,0
low_test,low,test,18.6,58.1,0.83,25,cluster,0,1.0,0,0,0
low_test,low,test,29.7,106.5,3.4,23,scatter,0,1.0,0,0,0
low_test,low,test,25.6,52.1,0.63,10,rows,0,1.0,0,0,0
low_test,low,test,27.2,203.7,2.89,60,crowd,0,1.0,0,0,0
low_test,low,test,15.9,181.2,1.47,15,rows,0,1.0,0,0,0
low_test,low,test,25.1,109.0,1.57,17,as built,0,1.0,0,0,0
low_test,low,test,24.2,162.0,2.29,25,cluster,0,1.0,0,0,0
low_test,low,test,16.6,27.3,1.11,53,clusters,0,1.0,0,0,0
low_test,low,test,23.6,47.5,1.77,14,scatter,0,1.0,0,0,0
low_test,low,test,25.3,311.9,3.43,21,scatter,0,1.0,0,0,0
low_test,low,test,26.1,181.4,0.68,10,as built,0,1.0,0,0,0
low_test,low,test,22.7,259.7,2.6,18,cluster,0,1.0,0,0,0
low_test,low,test,15.1,116.5,1.85,16,as built,0,1.0,0,0,0
low_test,low,test,15.9,160.1,1.76,7,scatter,0,1.0,0,0,0
low_test,low,test,29.2,233.6,0.78,39,clusters,0,1.0,0,0,0
low_test,low,test,18.0,144.1,0.56,7,as built,0,1.0,0,0,0
low_test,low,test,23.3,107.6,2.77,6,as built,0,1.0,0,0,0
low_test,low,test,22.5,38.8,0.58,16,as built,0,1.0,0,0,0
low_test,low,test,25.1,312.4,0.74,23,cluster,0,1.0,0,0,0
low_test,low,test,26.2,250.3,2.09,23,clusters,0,1.0,0,0,0
low_test,low,test,22.8,222.2,0.93,5,scatter,0,1.0,0,0,0
low_test,low,test,27.0,40.7,1.12,38,clusters,0,1.0,0,0,0
low_test,low,test,25.8,204.8,2.7,26,crowd,0,1.0,0,0,0
low_test,low,test,27.2,305.3,0.52,36,scatter,0,1.0,0,0,0
low_test,low,test,27.2,66.1,1.98,16,as built,0,1.0,0,0,0
low_test,low,test,29.7,187.5,0.95,26,clusters,0,1.0,0,0,0
low_test,low,test,29.1,105.4,0.56,9,scatter,0,1.0,0,0,0
low_test,low,test,25.1,193.5,1.53,15,cluster,0,1.0,0,0,0
low_test,low,test,17.6,43.3,2.92,20,scatter,0,1.0,0,0,0
low_test,low,test,16.6,111.9,1.84,63,crowd,0,1.0,0,0,0
low_test,low,test,28.5,27.0,2.12,14,as built,0,1.0,0,0,0
low_test,low,test,20.2,56.0,2.11,66,clusters,0,1.0,0,0,0
low_test,low,test,29.1,191.6,2.83,6,cluster,0,1.0,0,0,0
low_test,low,test,29.5,287.7,2.72,10,scatter,0,1.0,0,0,0
low_test,low,test,26.1,114.1,1.21,14,scatter,0,1.0,0,0,0
low_test,low,test,15.5,308.9,1.35,42,rows,0,1.0,0,0,0
low_test,low,test,15.8,138.7,1.34,4,as built,0,1.0,0,0,0
low_test,low,test,17.2,226.1,2.16,45,scatter,0,1.0,0,0,0
low_test,low,test,17.9,9.6,1.52,20,as built,0,1.0,0,0,0
low_test,low,test,27.3,18.5,2.73,29,cluster,0,1.0,0,0,0
low_test,low,test,18.4,142.8,1.19,14,cluster,0,1.0,0,0,0
low_test,low,test,22.9,219.2,1.4,5,scatter,0,1.0,0,0,0
low_test,low,test,20.5,1.5,2.82,18,as built,0,1.0,0,0,0
low_test,low,test,16.5,95.4,0.77,5,as built,0,1.0,0,0,0
low_test,low,test,29.4,291.7,2.72,9,scatter,0,1.0,0,0,0
low_test,low,test,15.6,14.6,0.94,55,crowd,0,1.0,0,0,0
low_test,low,test,15.9,224.7,0.71,18,crowd,0,1.0,0,0,0
low_test,low,test,25.9,333.9,2.23,36,crowd,0,1.0,0,0,0
low_test,low,test,22.1,266.0,0.69,3,as built,0,1.0,0,0,0
low_test,low,test,27.4,227.4,0.55,6,rows,0,1.0,0,0,0
low_test,low,test,19.9,137.1,1.16,16,clusters,0,1.0,0,0,0
low_test,low,test,16.1,180.9,1.54,13,clusters,0,1.0,0,0,0
low_test,low,test,17.3,159.4,1.52,18,as built,0,1.0,0,0,0
low_test,low,test,22.5,32.6,1.46,9,scatter,0,1.0,0,0,0
low_test,low,test,18.9,202.2,3.42,42,crowd,0,1.0,0,0,0
low_test,low,test,20.8,125.7,1.04,7,scatter,0,1.0,0,0,0
low_test,low,test,17.8,143.0,3.07,42,rows,0,1.0,0,0,0
low_test,low,test,26.0,217.8,1.38,9,as built,0,1.0,0,0,0
low_test,low,test,17.1,332.3,1.57,21,scatter,0,1.0,0,0,0
low_test,low,test,19.5,109.0,1.97,9,cluster,0,1.0,0,0,0
low_test,low,test,28.6,89.6,2.53,8,scatter,0,1.0,0,0,0
low_test,low,test,28.7,135.4,1.17,16,as built,0,1.0,0,0,0
low_test,low,test,23.4,156.6,1.26,10,as built,0,1.0,0,0,0
low_test,low,test,28.2,248.1,3.18,58,rows,0,1.0,0,0,0
low_test,low,test,27.7,294.8,3.05,17,scatter,0,1.0,0,0,0
low_test,low,test,23.8,13.3,1.27,43,clusters,0,1.0,0,0,0
low_test,low,test,16.6,301.8,1.44,10,as built,0,1.0,0,0,0
low_test,low,test,20.2,248.5,1.65,16,scatter,0,1.0,0,0,0
low_test,low,test,25.7,226.5,0.56,6,as built,0,1.0,0,0,0
low_test,low,test,28.1,9.4,2.57,9,scatter,0,1.0,0,0,0
low_test,low,test,25.0,5.7,2.58,38,rows,0,1.0,0,0,0
low_test,low,test,21.3,104.1,2.0,13,cluster,0,1.0,0,0,0
low_test,low,test,19.0,352.1,1.93,20,cluster,0,1.0,0,0,0
low_test,low,test,22.2,359.4,0.73,11,crowd,0,1.0,0,0,0
low_test,low,test,22.6,26.7,3.04,18,cluster,0,1.0,0,0,0
low_test,low,test,27.1,184.2,1.99,27,cluster,0,1.0,0,0,0
low_test,low,test,24.9,325.7,2.93,27,cluster,0,1.0,0,0,0
low_test,low,test,16.4,17.2,1.71,15,as built,0,1.0,0,0,0
low_test,low,test,20.5,121.7,0.81,11,clusters,0,1.0,0,0,0
low_train,low,train,29.5,149.1,1.78,5,as built,0,1.303,0,0,1
low_train,low,train,17.4,256.2,1.37,4,scatter,1,0.669,0,1,1
low_train,low,train,28.1,81.3,1.4,10,crowd,1,0.894,0,0,1
low_train,low,train,23.4,317.7,0.82,25,rows,1,1.281,0,0,1
low_train,low,train,19.0,151.7,1.79,21,cluster,1,0.926,0,1,1
low_train,low,train,22.1,112.1,1.5,13,scatter,0,0.77,0,1,1
low_train,low,train,27.3,144.8,0.98,3,scatter,1,1.211,0,1,1
low_train,low,train,25.7,145.0,1.47,63,crowd,1,1.38,0,0,1
low_train,low,train,22.2,111.5,1.34,8,scatter,1,0.72,0,0,1
low_train,low,train,22.8,323.9,1.87,13,scatter,1,1.184,0,1,1
low_train,low,train,27.5,229.4,0.91,12,scatter,0,0.728,0,0,1
low_train,low,train,19.3,326.7,2.29,44,crowd,1,1.08,0,0,1
low_train,low,train,24.0,115.4,2.27,14,cluster,1,0.887,0,0,1
low_train,low,train,29.1,214.5,0.51,12,cluster,1,1.128,0,0,1
low_train,low,train,23.4,29.5,2.22,6,cluster,1,1.165,0,0,1
low_train,low,train,28.8,173.4,0.77,16,scatter,0,1.049,0,0,1
low_train,low,train,28.5,355.3,1.22,21,scatter,1,1.012,0,0,1
low_train,low,train,23.9,312.7,0.67,14,scatter,0,1.448,0,0,1
low_train,low,train,24.0,261.8,2.73,27,cluster,1,1.166,0,1,1
low_train,low,train,23.7,10.5,3.1,34,clusters,1,0.596,0,0,1
low_train,low,train,15.3,195.6,2.73,43,scatter,1,0.655,0,0,1
low_train,low,train,28.6,219.3,1.67,27,cluster,1,0.559,0,0,1
low_train,low,train,28.2,153.4,0.66,16,crowd,0,1.184,0,0,1
low_train,low,train,26.4,153.7,2.18,10,cluster,1,1.327,0,0,1
low_train,low,train,16.4,247.2,2.05,10,scatter,1,0.758,0,0,1
low_train,low,train,26.6,170.1,1.95,49,clusters,0,0.622,0,1,1
low_train,low,train,21.5,37.3,0.83,9,scatter,1,1.32,0,1,1
low_train,low,train,21.2,302.0,2.05,12,scatter,1,0.603,0,0,1
low_train,low,train,18.1,166.3,3.35,41,rows,0,1.362,0,0,1
low_train,low,train,21.3,103.9,1.25,18,cluster,1,0.599,0,0,1
low_train,low,train,26.8,232.6,0.71,44,rows,0,0.901,0,1,1
low_train,low,train,24.3,212.1,1.96,17,scatter,1,0.553,0,0,1
low_train,low,train,18.0,10.3,2.73,23,scatter,1,0.934,0,1,1
low_train,low,train,19.7,207.4,1.43,14,scatter,1,0.992,0,0,1
low_train,low,train,25.8,311.6,2.05,15,cluster,1,0.707,0,0,1
low_train,low,train,22.6,211.1,2.9,26,clusters,1,0.941,0,1,1
low_train,low,train,19.7,330.7,0.76,1,as built,1,1.016,0,0,1
low_train,low,train,27.8,192.3,2.71,16,clusters,1,1.321,0,1,1
low_train,low,train,28.8,181.0,3.41,12,scatter,1,1.141,0,1,1
low_train,low,train,26.4,287.8,1.89,13,scatter,1,1.251,0,0,1
low_train,low,train,20.5,37.4,3.22,9,scatter,1,1.17,0,0,1
low_train,low,train,24.5,139.6,1.64,7,scatter,1,0.993,0,0,1
low_train,low,train,21.6,79.7,2.62,5,scatter,1,0.957,0,0,1
low_train,low,train,23.7,14.6,3.0,15,scatter,0,1.021,0,1,1
low_train,low,train,17.4,173.0,1.25,29,rows,1,0.617,0,0,1
low_train,low,train,19.0,213.9,0.63,6,scatter,1,0.906,0,0,1
low_train,low,train,23.7,314.6,2.33,24,scatter,0,1.358,0,0,1
low_train,low,train,23.2,96.6,1.21,24,clusters,1,1.351,0,1,1
low_train,low,train,23.5,120.1,2.73,14,as built,0,0.708,0,1,1
low_train,low,train,27.0,47.5,1.51,15,as built,1,0.836,0,0,1
low_train,low,train,29.2,167.3,2.1,57,crowd,1,1.441,0,1,1
low_train,low,train,22.8,108.8,1.65,10,scatter,1,0.64,0,0,1
low_train,low,train,28.4,175.9,2.57,22,clusters,1,0.667,0,0,1
low_train,low,train,19.4,345.6,0.72,16,clusters,0,1.304,0,0,1
low_train,low,train,17.2,54.7,3.13,16,cluster,1,1.249,0,1,1
low_train,low,train,27.1,5.1,0.64,19,cluster,1,0.974,0,0,1
low_train,low,train,16.0,351.5,3.02,22,scatter,1,1.149,0,0,1
low_train,low,train,24.4,334.0,1.14,19,as built,1,1.164,0,0,1
low_train,low,train,16.5,325.6,1.14,1,scatter,1,0.573,0,0,1
low_train,low,train,25.4,146.0,3.03,25,cluster,1,1.301,0,0,1
low_train,low,train,26.9,356.9,1.18,17,clusters,0,1.368,0,0,1
low_train,low,train,19.2,15.7,2.65,14,scatter,1,0.94,0,0,1
low_train,low,train,20.5,186.8,1.1,48,clusters,1,1.436,0,0,1
low_train,low,train,16.6,355.9,0.8,10,clusters,1,0.786,0,1,1
low_train,low,train,20.8,238.6,1.08,38,scatter,1,1.366,0,0,1
low_train,low,train,19.4,162.4,2.12,58,crowd,1,0.69,0,1,1
low_train,low,train,17.8,28.5,0.59,46,clusters,1,1.126,0,0,1
low_train,low,train,20.3,123.9,0.65,53,scatter,1,1.332,0,0,1
low_train,low,train,19.8,29.8,2.49,21,as built,0,1.29,0,1,1
low_train,low,train,16.6,203.5,1.22,21,clusters,1,0.613,0,0,1
low_train,low,train,24.1,323.5,2.77,19,cluster,1,0.608,0,1,1
low_train,low,train,17.9,330.9,0.61,22,cluster,1,1.155,0,0,1
low_train,low,train,19.3,300.5,1.16,13,cluster,0,1.26,0,1,1
low_train,low,train,26.1,155.5,1.01,5,scatter,1,0.992,0,0,1
low_train,low,train,17.0,188.1,2.6,27,scatter,1,1.108,0,1,1
low_train,low,train,20.6,167.8,2.1,18,cluster,1,0.569,0,1,1
low_train,low,train,24.9,128.9,1.48,3,cluster,1,1.125,0,0,1
low_train,low,train,26.9,345.8,1.88,27,scatter,1,0.876,0,0,1
low_train,low,train,25.6,243.7,1.65,30,clusters,0,0.964,0,0,1
low_train,low,train,20.0,319.6,0.91,37,clusters,1,1.113,0,1,1
low_train,low,train,18.0,140.0,0.57,8,scatter,0,0.682,0,0,1
low_train,low,train,24.7,195.6,1.7,28,crowd,0,1.255,0,0,1
low_train,low,train,19.6,207.6,2.5,22,cluster,0,0.761,0,0,1
low_train,low,train,21.8,13.0,2.39,60,crowd,1,0.781,0,0,1
low_train,low,train,23.2,320.6,2.17,20,scatter,0,1.034,0,0,1
low_train,low,train,19.2,81.9,1.48,3,scatter,1,1.125,0,0,1
low_train,low,train,29.6,332.9,1.82,7,cluster,0,1.354,0,0,1
low_train,low,train,28.2,162.1,3.28,44,clusters,0,1.321,0,0,1
low_train,low,train,20.6,282.7,1.33,7,as built,1,1.076,0,1,1
low_train,low,train,18.7,202.1,2.71,19,as built,0,0.57,0,0,1
low_train,low,train,17.2,156.3,1.73,41,scatter,0,0.589,0,0,1
low_train,low,train,25.2,337.3,2.66,24,as built,1,1.424,0,0,1
low_train,low,train,28.3,288.5,3.49,18,cluster,1,1.212,0,0,1
low_train,low,train,16.3,117.2,1.34,1,crowd,0,1.319,0,0,1
low_train,low,train,24.7,143.3,1.81,7,scatter,1,1.27,0,1,1
low_train,low,train,16.3,274.9,1.5,14,scatter,0,0.688,0,1,1
low_train,low,train,18.4,266.2,1.88,10,scatter,0,0.94,0,0,1
low_train,low,train,22.4,124.9,1.12,40,scatter,1,1.197,0,0,1
low_train,low,train,17.6,312.9,1.52,15,crowd,1,0.925,0,1,1
low_train,low,train,30.0,262.0,2.37,11,cluster,1,0.862,0,0,0
low_train,low,train,17.0,126.5,3.12,65,clusters,1,0.743,0,0,1
low_train,low,train,19.0,346.3,3.09,19,rows,1,1.359,0,0,1
low_train,low,train,18.5,45.8,1.08,14,clusters,1,1.133,0,0,1
low_train,low,train,28.4,306.5,1.98,16,scatter,0,0.597,0,0,1
low_train,low,train,15.9,295.1,1.96,7,scatter,1,0.871,0,1,1
low_train,low,train,22.6,65.6,0.9,35,rows,0,0.829,0,0,1
low_train,low,train,28.0,213.8,2.92,4,scatter,0,0.66,0,0,1
low_train,low,train,20.7,20.8,0.7,17,scatter,0,0.771,0,1,1
low_train,low,train,15.9,11.3,1.25,11,scatter,1,1.201,0,0,1
low_train,low,train,27.7,89.3,2.72,9,scatter,1,0.641,0,1,1
low_train,low,train,17.7,306.1,0.9,2,scatter,1,1.223,0,0,1
low_train,low,train,28.0,296.7,1.18,16,crowd,0,0.687,0,1,1
low_train,low,train,15.2,94.9,2.01,9,scatter,1,0.707,0,1,1
low_train,low,train,23.6,281.3,1.56,7,as built,1,1.01,0,0,1
low_train,low,train,17.1,199.7,2.45,6,as built,1,1.17,0,0,1
low_train,low,train,21.0,72.5,3.03,9,as built,1,0.694,0,1,1
low_train,low,train,23.1,346.5,2.6,13,cluster,1,0.58,0,1,1
low_train,low,train,21.1,191.0,3.23,5,scatter,1,0.899,0,1,1
low_train,low,train,16.4,200.6,1.01,34,clusters,1,1.166,0,0,1
low_train,low,train,25.1,94.5,1.2,11,scatter,1,1.066,0,0,1
low_train,low,train,28.6,158.6,0.68,10,scatter,0,0.726,0,0,1
low_train,low,train,24.1,139.4,0.71,17,scatter,1,0.891,0,1,1
low_train,low,train,18.1,189.3,3.32,17,as built,1,1.268,0,0,1
low_train,low,train,28.8,173.1,1.65,8,cluster,1,0.75,0,1,1
low_train,low,train,25.7,66.8,1.52,6,scatter,0,0.648,0,0,1
low_train,low,train,24.2,187.4,3.37,21,scatter,1,0.862,0,1,1
low_train,low,train,29.4,346.7,2.75,30,cluster,1,0.551,0,0,1
low_train,low,train,29.9,10.7,1.93,25,scatter,0,1.426,0,0,1
low_train,low,train,19.1,243.7,2.58,63,rows,1,0.886,0,1,1
low_train,low,train,23.5,26.6,3.1,41,crowd,1,1.244,0,0,1
low_train,low,train,28.6,318.4,3.04,44,crowd,1,0.833,0,1,1
low_train,low,train,27.5,121.9,0.72,2,scatter,1,0.855,0,0,1
low_train,low,train,18.1,72.4,0.74,12,rows,1,0.908,0,0,1
low_train,low,train,19.4,15.1,3.24,20,clusters,0,0.735,0,0,1
low_train,low,train,18.4,263.4,1.11,9,scatter,1,0.846,0,0,1
low_train,low,train,28.6,13.3,1.64,17,rows,0,0.654,0,0,1
low_train,low,train,29.5,159.8,2.32,26,crowd,1,1.055,0,0,1
low_train,low,train,23.7,290.9,0.92,34,scatter,1,0.835,0,0,1
low_train,low,train,17.4,155.5,2.88,26,scatter,1,0.73,0,0,1
low_train,low,train,18.2,359.6,1.74,46,scatter,1,0.669,0,0,1
low_train,low,train,25.3,211.5,0.6,45,crowd,1,1.193,0,1,1
low_train,low,train,26.7,274.3,1.43,11,as built,1,1.2,0,0,1
low_train,low,train,26.8,198.3,2.28,22,cluster,1,1.381,0,1,1
low_train,low,train,23.6,217.1,0.91,31,rows,1,1.43,0,1,1
low_train,low,train,25.2,323.8,3.17,25,crowd,0,0.692,0,0,1
low_train,low,train,25.4,309.6,3.21,56,rows,1,0.806,0,0,1
low_train,low,train,20.0,305.1,2.21,9,scatter,1,1.049,0,0,1
low_train,low,train,29.6,348.7,2.51,24,as built,1,1.375,0,0,1
low_train,low,train,21.8,299.6,3.28,37,clusters,1,0.605,0,0,1
low_train,low,train,18.8,63.0,2.32,19,cluster,1,0.92,0,1,1
low_train,low,train,16.9,3.4,1.84,49,clusters,0,0.97,0,0,1
low_train,low,train,20.0,142.4,2.32,14,scatter,0,1.03,0,1,1
low_train,low,train,19.8,69.0,0.78,33,crowd,1,1.138,0,1,1
low_train,low,train,21.2,342.0,1.87,15,as built,1,0.64,0,0,1
low_train,low,train,28.3,206.2,2.79,17,as built,1,1.157,0,0,1
low_train,low,train,15.3,82.7,1.95,17,as built,1,1.411,0,0,1
low_train,low,train,16.6,359.0,2.36,5,scatter,1,1.358,0,1,1
low_train,low,train,24.6,163.3,3.3,21,cluster,1,0.888,0,1,1
low_train,low,train,24.0,324.2,1.81,14,cluster,1,0.938,0,0,1
low_train,low,train,20.9,64.8,1.84,12,scatter,1,1.445,0,1,1
low_train,low,train,16.8,12.7,1.68,14,as built,1,1.171,0,0,1
low_train,low,train,26.9,275.4,2.86,15,as built,0,0.701,0,1,1
low_train,low,train,16.7,325.3,1.02,9,scatter,0,1.386,0,0,1
low_train,low,train,20.8,163.6,0.51,27,crowd,1,1.119,0,0,1
low_train,low,train,23.7,243.4,1.65,14,scatter,1,1.067,0,1,1
low_train,low,train,23.4,204.4,2.26,21,scatter,1,1.039,0,0,1
low_train,low,train,17.1,68.8,2.06,58,clusters,0,1.354,0,0,1
low_train,low,train,29.4,300.3,1.44,27,scatter,1,0.551,0,1,1
low_train,low,train,22.8,142.6,0.56,15,crowd,0,0.616,0,0,1
low_train,low,train,28.2,14.1,0.54,17,scatter,1,1.189,0,0,1
low_train,low,train,19.1,243.8,2.17,16,clusters,1,0.83,0,0,1
low_train,low,train,25.4,195.7,2.51,11,scatter,1,1.334,0,0,1
low_train,low,train,28.9,298.5,3.06,5,cluster,1,0.576,0,1,1
low_train,low,train,15.2,140.0,0.93,26,scatter,1,0.974,0,0,1
low_train,low,train,17.3,277.2,0.93,4,scatter,1,0.887,0,1,1
low_train,low,train,22.6,33.2,3.18,10,rows,1,1.402,0,0,1
low_train,low,train,15.3,87.1,3.19,19,scatter,1,0.665,0,0,1
low_train,low,train,21.8,38.9,2.05,20,cluster,0,0.991,0,0,1
low_train,low,train,18.8,174.9,0.73,2,scatter,0,0.979,0,0,1
low_train,low,train,18.3,159.6,1.2,4,cluster,1,1.057,0,1,1
low_train,low,train,29.4,206.6,3.26,35,scatter,1,0.686,0,1,1
low_train,low,train,26.3,226.9,1.81,19,cluster,0,0.726,0,0,1
low_train,low,train,18.9,320.7,1.15,15,cluster,0,1.395,0,1,1
low_train,low,train,17.9,106.5,0.69,7,scatter,0,1.441,0,0,1
low_train,low,train,21.3,338.5,2.05,14,as built,1,0.626,0,0,1
low_train,low,train,27.1,339.2,1.56,26,rows,1,1.085,0,0,1
low_train,low,train,15.7,70.4,1.26,29,cluster,0,0.936,0,0,1
low_train,low,train,23.4,62.7,1.78,5,scatter,0,1.068,0,0,1
low_train,low,train,27.1,209.6,0.61,6,as built,0,0.581,0,0,1
low_train,low,train,28.3,281.5,2.01,25,scatter,1,1.003,0,1,1
low_train,low,train,18.0,341.7,1.22,11,scatter,1,0.766,0,0,1
low_train,low,train,25.2,250.5,0.61,1,cluster,1,1.265,0,0,1
low_train,low,train,24.6,226.0,0.85,1,as built,1,1.405,0,1,1
low_train,low,train,21.4,181.4,2.86,7,scatter,1,0.801,0,0,1
low_train,low,train,23.5,89.6,2.07,28,crowd,1,0.951,0,0,1
low_train,low,train,29.5,216.0,2.54,18,scatter,1,1.104,0,0,1
low_train,low,train,19.1,173.9,2.13,69,crowd,1,1.078,0,1,1
low_train,low,train,18.6,225.5,3.48,10,scatter,0,1.073,0,1,1
low_train,low,train,19.1,56.5,2.04,14,scatter,1,0.995,0,0,1
low_train,low,train,25.3,315.8,1.29,9,scatter,0,1.139,0,1,1
low_train,low,train,17.6,329.7,2.52,45,clusters,1,0.582,0,1,1
low_train,low,train,22.0,287.6,2.61,21,cluster,1,1.224,0,0,1
low_train,low,train,26.4,231.9,0.81,3,scatter,1,1.13,0,1,1
low_train,low,train,21.2,220.5,3.19,29,crowd,1,0.94,0,0,1
low_train,low,train,26.3,244.8,1.99,17,as built,1,1.149,0,0,1
low_train,low,train,15.7,50.9,2.35,3,rows,1,0.95,0,0,1
low_train,low,train,17.5,220.6,2.76,9,scatter,1,0.877,0,0,1
low_train,low,train,25.7,161.9,3.37,10,crowd,1,0.733,0,0,1
low_train,low,train,21.0,278.0,0.99,2,as built,1,1.122,0,1,1
low_train,low,train,23.3,281.0,2.33,10,as built,1,0.664,0,0,1
low_train,low,train,22.8,144.7,2.62,9,cluster,1,0.955,0,0,1
low_train,low,train,24.0,248.7,3.24,45,rows,1,0.897,0,1,1
low_train,low,train,21.2,353.8,0.54,50,clusters,1,1.176,0,0,1
low_train,low,train,26.5,181.8,1.11,22,scatter,0,1.146,0,1,1
low_train,low,train,17.6,329.8,3.21,15,as built,0,0.938,0,0,1
low_train,low,train,28.7,9.1,3.36,47,crowd,1,0.651,0,0,1
low_train,low,train,18.8,210.6,3.3,10,clusters,0,0.932,0,0,1
low_train,low,train,26.8,300.3,2.72,45,scatter,0,0.59,0,1,1
low_train,low,train,22.0,188.6,0.63,16,as built,0,1.295,0,0,1
low_train,low,train,25.2,233.8,1.15,25,cluster,0,0.561,0,0,1
low_train,low,train,28.5,24.1,1.56,32,cluster,1,0.817,0,0,1
low_train,low,train,21.8,84.1,1.19,11,cluster,1,1.212,0,0,1
low_train,low,train,17.5,12.0,2.13,29,scatter,1,0.72,0,0,1
low_train,low,train,25.6,79.6,1.05,9,scatter,0,0.766,0,0,1
low_train,low,train,27.9,166.7,2.11,21,scatter,1,0.626,0,1,1
low_train,low,train,22.4,167.3,3.2,24,scatter,1,0.604,0,0,1
low_train,low,train,23.5,143.4,2.75,11,as built,1,1.341,0,0,1
low_train,low,train,28.6,282.6,0.78,4,scatter,1,0.866,0,0,1
low_train,low,train,15.6,207.8,3.12,27,clusters,0,1.296,0,0,1
low_train,low,train,17.4,280.3,1.48,19,cluster,1,0.791,0,0,1
low_train,low,train,29.8,302.8,2.05,55,rows,0,1.297,0,0,1
low_train,low,train,16.7,239.6,1.14,4,scatter,0,0.642,0,1,1
low_train,low,train,25.0,233.1,2.28,14,clusters,1,0.769,0,0,1
low_train,low,train,18.1,83.2,1.82,11,scatter,1,1.204,0,0,1
low_train,low,train,15.7,77.1,2.35,11,as built,1,0.711,0,0,1
low_train,low,train,27.5,334.0,0.93,13,cluster,1,0.604,0,1,1
low_train,low,train,23.8,341.1,2.64,21,scatter,0,1.435,0,0,1
low_train,low,train,16.6,188.5,2.57,31,scatter,1,1.335,0,1,1
low_train,low,train,27.5,103.5,0.79,11,as built,1,0.623,0,0,1
low_train,low,train,21.0,169.1,2.65,8,scatter,0,1.41,0,0,1
low_train,low,train,16.2,15.6,1.87,24,rows,1,0.933,0,1,1
low_train,low,train,27.6,273.2,2.17,59,scatter,0,1.134,0,0,1
low_train,low,train,29.8,142.1,1.95,11,as built,1,0.554,0,0,1
low_train,low,train,27.9,41.4,0.78,7,scatter,1,1.347,0,0,1
low_train,low,train,25.5,270.5,1.17,13,rows,1,0.638,0,0,1
low_train,low,train,17.1,323.8,3.05,38,scatter,1,1.204,0,0,1
low_train,low,train,24.7,120.1,1.27,12,cluster,1,0.603,0,0,1
low_train,low,train,23.2,279.3,2.39,10,scatter,1,0.725,0,0,1
low_train,low,train,22.7,279.9,0.99,10,crowd,0,1.071,0,0,1
low_train,low,train,16.2,275.5,1.44,53,rows,1,0.926,0,1,1
low_train,low,train,20.2,295.4,2.06,23,rows,1,1.231,0,0,1
low_train,low,train,23.6,354.6,3.45,15,as built,0,0.58,0,0,1
low_train,low,train,20.9,349.8,2.9,18,scatter,1,1.138,0,0,1
low_train,low,train,29.3,185.3,1.77,16,scatter,1,0.766,0,0,1
low_train,low,train,22.4,58.1,3.37,21,scatter,0,1.339,0,1,1
low_train,low,train,18.6,295.2,1.46,4,as built,1,0.789,0,0,1
low_train,low,train,27.6,215.5,0.91,18,crowd,1,0.651,0,0,1
low_train,low,train,19.7,323.4,0.78,9,scatter,1,0.733,0,1,1
low_train,low,train,24.1,315.6,1.58,22,rows,0,1.442,0,0,1
low_train,low,train,16.5,145.0,1.12,20,cluster,1,0.743,0,1,1
low_train,low,train,28.0,34.4,2.77,20,cluster,1,1.304,0,0,1
low_train,low,train,24.9,330.6,3.3,16,scatter,1,1.083,0,0,1
low_train,low,train,29.6,244.7,1.01,6,scatter,0,1.117,0,0,1
low_train,low,train,21.6,84.0,1.53,1,scatter,0,0.825,0,0,1
low_train,low,train,15.7,67.8,1.35,12,scatter,0,0.853,0,0,1
low_train,low,train,26.0,341.0,1.72,13,scatter,0,1.214,0,0,1
low_train,low,train,19.4,73.8,1.44,31,rows,0,1.016,0,0,1
low_train,low,train,20.3,353.7,2.45,21,scatter,0,0.934,0,0,1
low_train,low,train,22.2,154.2,2.32,16,clusters,0,1.434,0,0,1
low_train,low,train,21.7,87.0,1.68,57,scatter,0,1.383,0,1,1
low_train,low,train,26.7,189.8,2.3,24,scatter,1,0.697,0,0,1
low_train,low,train,20.6,33.8,1.25,20,as built,1,1.146,0,0,1
low_train,low,train,20.8,330.2,0.51,15,rows,1,0.74,0,1,1
low_train,low,train,26.5,256.6,1.62,3,scatter,1,1.282,0,0,1
low_train,low,train,18.1,161.9,3.25,3,crowd,1,0.904,0,0,1
low_train,low,train,20.8,309.7,0.75,10,cluster,1,1.145,0,0,1
low_train,low,train,17.5,283.9,0.85,2,scatter,0,1.015,0,1,1
low_train,low,train,28.3,147.9,2.84,7,scatter,0,1.0,0,0,1
low_train,low,train,15.5,70.9,0.85,10,as built,0,1.41,0,0,1
low_train,low,train,27.0,175.5,2.2,4,scatter,0,1.065,0,0,1
low_train,low,train,17.0,40.4,3.16,11,scatter,1,1.168,0,1,1
low_train,low,train,20.6,10.8,3.5,57,scatter,1,0.887,0,1,1
low_train,low,train,27.4,209.0,3.15,11,crowd,1,1.26,0,0,1
low_train,low,train,24.5,293.5,1.17,13,cluster,0,1.256,0,0,1
low_train,low,train,22.8,297.7,3.17,64,clusters,1,1.341,0,0,1
low_train,low,train,23.8,187.1,0.62,36,clusters,1,0.762,0,1,1
low_train,low,train,25.2,166.3,2.94,49,crowd,1,0.998,0,0,1
low_train,low,train,18.4,77.5,0.96,11,as built,0,0.796,0,0,1
low_train,low,train,18.1,116.3,0.98,48,scatter,0,1.189,0,0,1
low_train,low,train,27.0,208.3,1.92,15,as built,0,1.25,0,0,1
low_train,low,train,15.4,7.6,1.57,40,crowd,1,0.933,0,0,1
low_train,low,train,15.3,69.4,1.97,18,as built,1,0.92,0,0,1
low_train,low,train,22.1,318.5,1.13,24,scatter,1,1.082,0,1,1
low_train,low,train,22.0,345.5,0.69,5,rows,0,1.19,0,0,1
low_train,low,train,20.1,301.1,2.78,40,clusters,0,0.666,0,1,1
low_train,low,train,27.7,327.2,1.67,14,rows,0,1.362,0,0,1
low_train,low,train,26.6,113.9,1.81,12,scatter,1,1.007,0,1,1
low_train,low,train,24.6,219.8,3.48,19,as built,0,1.35,0,0,1
low_train,low,train,22.5,75.1,2.31,10,clusters,0,0.893,0,0,1
low_train,low,train,15.8,274.3,1.8,16,scatter,1,0.716,0,0,1
low_train,low,train,19.3,19.8,3.31,44,scatter,1,0.7,0,1,1
low_train,low,train,19.7,307.8,2.33,49,rows,1,0.949,0,0,1
low_train,low,train,27.2,152.1,3.48,12,scatter,1,1.34,0,0,1
low_train,low,train,26.8,306.4,2.93,22,cluster,1,1.318,0,0,1
low_train,low,train,19.1,73.6,1.26,12,scatter,1,1.058,0,0,1
low_train,low,train,29.6,196.9,2.69,19,as built,0,1.055,0,1,1
low_train,low,train,26.2,275.1,1.67,51,rows,1,1.045,0,0,1
low_train,low,train,19.5,318.9,1.54,15,as built,1,1.217,0,0,1
low_train,low,train,25.3,8.1,0.57,15,as built,1,0.612,0,0,1
low_train,low,train,26.1,349.1,2.37,36,rows,1,0.605,0,1,1
low_train,low,train,18.6,212.4,2.63,23,cluster,1,0.809,0,0,1
low_train,low,train,22.6,178.2,0.86,15,cluster,0,0.678,0,0,1
low_train,low,train,29.8,41.1,1.95,31,scatter,1,1.178,0,0,1
low_train,low,train,22.4,14.2,2.47,23,as built,1,0.964,0,0,1
low_train,low,train,20.6,217.8,2.08,29,scatter,0,1.004,0,0,1
low_train,low,train,15.5,198.6,1.42,17,as built,1,1.256,0,0,1
low_train,low,train,27.7,142.9,1.14,32,scatter,0,1.395,0,0,1
low_train,low,train,24.2,161.5,2.98,12,clusters,0,0.705,0,0,1
low_train,low,train,15.8,79.7,0.8,2,as built,1,1.327,0,0,1
low_train,low,train,25.3,325.3,2.01,21,crowd,1,0.828,0,0,1
low_train,low,train,15.8,309.1,1.87,19,scatter,1,0.98,0,0,1
low_train,low,train,23.3,326.6,1.83,53,clusters,0,0.604,0,0,1
low_train,low,train,26.0,131.9,1.12,11,scatter,1,0.844,0,1,1
low_train,low,train,29.6,48.8,3.4,13,cluster,1,1.42,0,0,1
low_train,low,train,16.3,283.1,2.59,29,cluster,1,0.99,0,0,1
low_train,low,train,24.8,60.0,1.2,6,as built,1,0.993,0,0,1
low_train,low,train,18.5,65.7,3.12,23,scatter,1,1.43,0,0,1
low_train,low,train,19.1,187.4,2.79,19,scatter,0,1.31,0,0,1
low_train,low,train,24.3,35.6,3.48,20,crowd,1,0.552,0,0,1
low_train,low,train,16.3,357.1,1.9,8,cluster,1,1.114,0,0,1
low_train,low,train,23.4,96.6,1.1,8,cluster,0,1.069,0,1,1
low_train,low,train,20.5,283.7,2.3,40,rows,1,1.056,0,0,1
low_train,low,train,27.8,350.5,2.15,30,scatter,1,0.854,0,0,1
low_train,low,train,19.9,169.1,0.96,11,crowd,1,0.64,0,0,1
low_train,low,train,15.4,200.1,2.04,15,scatter,0,1.041,0,0,1
low_train,low,train,26.0,105.8,1.85,12,cluster,1,0.994,0,0,1
low_train,low,train,17.8,202.4,1.86,3,as built,1,0.599,0,0,1
low_train,low,train,29.7,136.0,0.76,5,clusters,0,1.241,0,0,1
low_train,low,train,16.4,346.4,1.36,53,scatter,1,1.222,0,0,1
low_train,low,train,28.3,74.9,1.76,55,clusters,1,0.67,0,1,1
low_train,low,train,15.8,297.6,1.49,11,scatter,0,1.075,0,0,1
low_train,low,train,24.9,101.5,0.97,4,scatter,0,1.087,0,0,1
low_train,low,train,16.6,353.0,1.48,21,scatter,1,0.965,0,0,1
low_train,low,train,24.6,207.3,1.77,19,scatter,0,1.257,0,1,1
low_train,low,train,17.0,248.0,1.03,29,clusters,1,0.867,0,0,1
low_train,low,train,24.2,127.4,1.95,8,scatter,1,1.216,0,0,1
low_train,low,train,29.6,265.3,1.5,10,scatter,1,1.176,0,0,1
low_train,low,train,25.8,10.6,2.03,35,crowd,1,0.947,0,0,1
low_train,low,train,19.9,20.8,1.09,17,scatter,0,0.779,0,1,1
low_train,low,train,15.0,234.8,1.74,18,scatter,1,0.588,0,0,1
low_train,low,train,27.2,160.0,1.46,2,cluster,1,1.059,0,0,1
low_train,low,train,28.8,206.2,3.04,11,clusters,0,1.237,0,0,1
low_train,low,train,24.8,184.5,2.12,6,scatter,1,1.234,0,0,1
low_train,low,train,24.3,99.5,1.46,26,scatter,1,0.857,0,0,1
low_train,low,train,23.5,167.6,2.85,61,crowd,1,0.603,0,0,1
low_train,low,train,15.5,207.4,1.44,26,cluster,0,1.297,0,0,1
low_train,low,train,16.8,149.4,1.71,1,scatter,1,0.668,0,0,1
low_train,low,train,15.5,216.8,0.84,19,clusters,1,0.782,0,1,1
low_train,low,train,29.6,294.2,0.8,54,crowd,1,1.198,0,1,1
low_train,low,train,24.4,206.8,1.68,18,clusters,1,1.396,0,0,1
low_train,low,train,20.5,33.1,1.28,16,crowd,1,1.206,0,0,1
low_train,low,train,27.2,104.2,2.4,8,as built,1,1.046,0,0,1
low_train,low,train,15.3,114.2,1.57,59,scatter,1,0.79,0,0,1
low_train,low,train,15.3,224.0,2.85,55,scatter,1,1.251,0,0,1
low_train,low,train,22.9,355.2,2.76,29,rows,1,0.847,0,0,1
low_train,low,train,26.2,273.0,1.85,10,scatter,1,1.23,0,0,1
low_train,low,train,22.6,299.1,2.31,53,clusters,1,1.12,0,0,1
low_train,low,train,15.6,108.4,0.87,16,clusters,1,0.952,0,0,1
low_train,low,train,17.2,336.9,1.1,13,scatter,0,1.225,0,0,1
low_train,low,train,29.3,167.4,0.51,24,rows,1,0.573,0,0,1
low_train,low,train,25.5,314.4,1.36,28,scatter,1,0.998,0,0,1
low_train,low,train,24.9,350.4,0.67,15,as built,1,1.426,0,0,1
low_train,low,train,16.4,222.8,1.18,15,scatter,1,0.803,0,1,1
low_train,low,train,24.5,97.3,1.52,14,clusters,1,0.661,0,0,1
low_train,low,train,22.5,208.8,1.08,23,scatter,1,0.634,0,0,1
low_train,low,train,26.4,343.8,2.84,28,scatter,0,0.676,0,0,1
low_train,low,train,27.8,219.2,1.83,33,rows,1,1.439,0,0,1
low_train,low,train,24.7,332.1,1.24,62,scatter,1,1.211,0,0,1
low_train,low,train,19.8,62.4,1.71,9,scatter,0,0.707,0,0,1
low_train,low,train,19.5,226.4,2.11,4,scatter,1,1.284,0,1,1
low_train,low,train,28.0,358.6,2.81,24,as built,1,0.889,0,1,1
low_train,low,train,24.9,250.2,2.22,5,scatter,1,0.824,0,0,1
low_train,low,train,18.4,278.8,0.87,17,rows,1,0.645,0,1,1
low_train,low,train,25.1,323.1,3.12,49,clusters,1,0.94,0,0,1
low_train,low,train,21.8,139.2,3.16,13,scatter,1,1.42,0,0,1
low_train,low,train,27.3,322.1,1.93,38,scatter,0,0.73,0,0,1
low_train,low,train,24.4,180.2,2.19,14,crowd,1,0.955,0,1,1
low_train,low,train,28.1,182.3,1.77,8,rows,0,1.036,0,0,1
low_train,low,train,27.2,199.2,3.42,24,scatter,0,0.606,0,0,1
low_train,low,train,23.0,56.5,1.67,58,crowd,0,1.161,0,1,1
low_train,low,train,27.7,36.2,2.75,25,scatter,0,0.999,0,0,1
low_train,low,train,26.2,295.8,1.43,41,rows,1,0.698,0,0,1
low_train,low,train,15.2,257.8,1.3,39,scatter,1,0.907,0,0,1
low_train,low,train,28.6,243.9,1.87,21,scatter,1,0.656,0,0,1
low_train,low,train,24.0,149.1,0.68,12,scatter,0,0.647,0,1,1
low_train,low,train,18.5,164.8,0.78,2,scatter,1,0.693,0,0,1
low_train,low,train,18.3,121.7,1.86,9,rows,1,1.012,0,0,1
low_train,low,train,24.0,67.4,0.61,3,crowd,1,0.949,0,1,1
low_train,low,train,21.9,158.7,3.38,26,crowd,0,1.276,0,1,1
low_train,low,train,18.3,12.6,3.4,21,cluster,1,0.781,0,0,1
low_train,low,train,24.5,23.5,1.23,6,rows,1,1.105,0,0,1
low_train,low,train,26.9,19.7,1.42,8,cluster,0,1.392,0,1,1
low_train,low,train,25.5,45.1,2.75,31,scatter,0,1.305,0,0,1
low_train,low,train,16.3,90.4,2.71,4,crowd,0,1.244,0,0,1
low_train,low,train,23.3,235.5,3.22,10,clusters,1,0.604,0,1,1
low_train,low,train,28.8,5.5,2.98,16,cluster,1,0.851,0,0,1
low_train,low,train,21.5,182.6,1.7,15,as built,1,1.144,0,0,1
low_train,low,train,24.2,58.3,3.1,20,clusters,0,0.896,0,0,1
low_train,low,train,24.0,192.6,0.78,4,clusters,0,1.354,0,0,1
low_train,low,train,16.3,12.8,2.04,12,scatter,1,0.857,0,0,1
low_train,low,train,28.1,184.2,3.09,22,cluster,1,1.168,0,0,1
low_train,low,train,28.6,286.1,1.34,3,cluster,1,0.997,0,0,1
low_train,low,train,20.9,138.3,2.84,5,scatter,1,1.151,0,0,1
low_train,low,train,18.3,100.7,0.52,2,scatter,1,1.109,0,1,1
low_train,low,train,24.0,156.5,1.34,4,scatter,1,1.272,0,1,1
low_train,low,train,21.3,163.8,0.56,9,scatter,1,1.419,0,0,1
low_train,low,train,21.5,46.7,0.92,11,cluster,1,0.963,0,0,1
low_train,low,train,27.2,55.2,2.49,25,scatter,0,0.685,0,1,1
low_train,low,train,22.7,326.1,3.03,10,scatter,1,1.079,0,1,1
low_train,low,train,23.6,91.6,2.55,9,scatter,1,0.734,0,1,1
low_train,low,train,26.9,278.8,2.83,8,scatter,1,1.228,0,0,1
low_train,low,train,15.9,237.7,1.41,52,clusters,1,1.139,0,1,1
low_train,low,train,22.6,111.3,1.42,25,scatter,1,0.847,0,0,1
low_train,low,train,26.4,330.9,1.72,24,as built,1,0.995,0,0,1
low_train,low,train,24.5,190.0,1.51,10,scatter,1,1.44,0,0,1
low_train,low,train,15.7,177.3,0.79,44,rows,0,0.562,0,1,1
low_train,low,train,29.8,352.0,0.63,7,scatter,1,0.637,0,0,1
low_train,low,train,26.5,55.9,3.06,14,as built,1,1.206,0,1,1
low_train,low,train,15.1,168.6,1.84,11,scatter,0,0.877,0,0,1
low_train,low,train,23.4,34.0,2.58,28,crowd,0,0.853,0,0,1
low_train,low,train,17.6,217.4,3.15,24,cluster,0,1.186,0,0,1
low_train,low,train,20.9,330.3,3.42,12,cluster,1,0.686,0,0,1
low_train,low,train,20.7,99.4,0.75,8,scatter,1,1.194,0,1,1
low_train,low,train,26.4,235.8,1.53,17,crowd,1,0.628,0,1,1
low_train,low,train,18.9,229.3,2.32,28,crowd,0,1.369,0,0,1
low_train,low,train,24.4,0.2,2.23,20,as built,1,0.973,0,0,1
low_train,low,train,22.8,36.2,1.36,3,crowd,0,0.906,0,0,1
low_train,low,train,29.8,194.7,1.4,19,as built,1,0.985,0,0,1
low_train,low,train,18.3,131.3,1.65,4,scatter,1,1.037,0,0,1
low_train,low,train,27.4,173.0,1.13,60,rows,1,0.563,0,0,1
low_train,low,train,20.1,97.4,1.49,7,scatter,0,0.689,0,0,1
low_train,low,train,18.3,196.4,1.21,24,rows,1,0.588,0,1,1
low_train,low,train,22.4,219.2,1.35,25,cluster,1,1.366,0,0,1
low_train,low,train,24.1,323.2,2.81,16,crowd,1,0.56,0,1,1
low_train,low,train,22.3,175.6,2.67,66,scatter,0,1.181,0,0,1
low_train,low,train,16.0,309.4,0.61,19,rows,1,0.788,0,0,1
low_train,low,train,28.0,150.7,0.89,1,cluster,1,0.552,0,0,1
low_train,low,train,17.3,12.4,3.15,22,cluster,0,1.295,0,0,1
low_train,low,train,19.6,33.9,1.28,27,scatter,0,0.937,0,0,1
low_train,low,train,26.5,134.4,0.98,2,cluster,1,1.439,0,0,1
low_train,low,train,27.1,125.6,1.42,64,scatter,0,0.737,0,0,1
low_train,low,train,24.5,93.0,3.01,43,crowd,0,1.446,0,0,1
low_train,low,train,28.6,48.5,1.36,7,cluster,0,1.207,0,0,1
low_train,low,train,27.0,124.7,1.78,15,cluster,1,0.551,0,0,1
low_train,low,train,20.5,88.3,2.48,34,crowd,1,0.908,0,0,1
low_train,low,train,22.7,151.9,1.12,28,scatter,1,0.663,0,0,1
low_train,low,train,28.3,273.2,0.61,1,scatter,0,1.266,0,0,1
low_train,low,train,24.4,277.2,1.14,19,cluster,1,1.166,0,1,1
low_train,low,train,21.0,145.5,1.89,10,scatter,1,0.862,0,0,1
low_train,low,train,24.6,263.0,2.68,8,scatter,1,0.709,0,0,1
low_train,low,train,18.7,21.2,0.64,25,scatter,1,0.887,0,0,1
low_train,low,train,16.4,29.3,2.88,8,cluster,0,1.345,0,0,1
low_train,low,train,29.8,217.4,0.82,25,cluster,1,1.437,0,1,1
low_train,low,train,17.6,314.2,2.08,6,scatter,1,0.981,0,0,1
low_train,low,train,16.6,131.5,0.78,9,scatter,0,1.445,0,0,1
low_train,low,train,24.2,233.6,0.64,3,scatter,1,0.677,0,1,1
low_train,low,train,23.1,340.4,1.9,66,crowd,1,0.81,0,0,1
low_train,low,train,21.3,29.4,0.84,24,cluster,1,0.913,0,0,1
low_train,low,train,29.1,201.9,2.2,12,cluster,0,1.439,0,1,1
low_train,low,train,25.3,120.9,0.96,18,clusters,0,1.249,0,0,1
low_train,low,train,25.8,187.6,0.83,36,crowd,0,0.628,0,0,1
low_train,low,train,22.8,133.0,1.07,20,scatter,1,0.778,0,0,1
low_train,low,train,22.8,229.7,2.73,11,clusters,1,1.289,0,0,1
low_train,low,train,16.0,300.7,2.5,36,crowd,1,0.576,0,0,1
low_train,low,train,20.4,314.4,1.9,14,cluster,1,0.913,0,1,1
low_train,low,train,19.7,141.1,0.78,7,scatter,0,0.879,0,0,1
low_train,low,train,26.3,249.1,0.51,3,cluster,1,0.648,0,0,1
low_train,low,train,28.5,246.0,2.53,55,rows,1,0.576,0,1,1
low_train,low,train,24.5,147.4,0.73,36,crowd,1,0.974,0,0,1
low_train,low,train,23.7,99.4,1.73,22,cluster,1,0.625,0,0,1
low_train,low,train,29.3,193.7,3.2,69,rows,1,0.789,0,0,0
low_train,low,train,20.8,16.7,2.51,13,scatter,1,1.081,0,0,1
low_train,low,train,27.1,176.8,0.93,1,scatter,1,0.702,0,0,1
low_train,low,train,16.0,203.0,3.48,12,cluster,1,1.422,0,1,0
low_train,low,train,25.6,307.1,1.32,56,clusters,0,1.412,0,1,1
low_train,low,train,17.2,211.6,1.45,42,rows,1,0.748,0,1,1
low_train,low,train,17.5,148.4,2.47,19,scatter,1,1.424,0,0,1
low_train,low,train,23.6,18.2,2.72,14,rows,1,1.173,0,0,1
low_train,low,train,15.2,139.0,2.88,54,clusters,1,0.646,0,1,1
low_train,low,train,18.4,311.2,3.39,20,rows,1,0.894,0,0,1
low_train,low,train,23.0,57.2,0.67,8,scatter,1,0.623,0,0,1
low_train,low,train,17.4,246.8,2.2,25,scatter,1,1.379,0,0,1
low_train,low,train,26.1,138.5,3.47,21,rows,1,1.283,0,0,1
low_train,low,train,20.4,218.3,1.14,22,clusters,1,1.139,0,0,1
low_train,low,train,21.0,163.9,0.91,13,cluster,1,0.836,0,1,1
low_train,low,train,26.9,201.9,2.63,34,scatter,1,0.846,0,1,0
low_train,low,train,17.4,125.9,3.04,7,scatter,1,0.719,0,0,1
low_train,low,train,20.9,359.8,0.81,60,rows,1,1.135,0,0,1
low_train,low,train,22.2,317.0,3.47,32,rows,1,1.105,0,0,1
low_train,low,train,27.1,329.8,2.72,59,rows,1,1.08,0,1,1
low_train,low,train,28.2,204.9,2.24,7,scatter,0,1.167,0,0,1
low_train,low,train,25.1,343.3,1.52,20,as built,1,1.154,0,0,1
low_train,low,train,27.5,307.0,1.86,10,cluster,1,1.298,0,0,1
low_train,low,train,21.1,359.9,1.95,11,scatter,0,1.171,0,1,1
low_train,low,train,22.7,287.4,1.96,13,cluster,1,1.08,0,0,1
low_train,low,train,22.1,177.8,2.6,27,scatter,1,0.659,0,0,1
low_train,low,train,18.5,100.6,0.96,5,scatter,1,0.574,0,0,1
low_train,low,train,20.8,345.9,1.94,19,clusters,0,1.203,0,0,1
low_train,low,train,24.1,328.7,3.08,49,scatter,1,0.965,0,0,1
low_train,low,train,24.4,293.0,1.33,7,scatter,0,1.362,0,1,1
low_train,low,train,28.7,208.7,2.4,17,as built,1,0.785,0,0,1
low_train,low,train,24.1,192.8,2.73,66,rows,1,1.049,0,1,0
low_train,low,train,25.3,197.3,1.46,10,as built,1,1.282,0,1,1
low_train,low,train,21.8,253.8,0.58,5,as built,1,1.438,0,0,1
low_train,low,train,19.6,46.5,2.55,40,crowd,1,0.873,0,0,1
low_train,low,train,18.3,81.1,0.69,1,cluster,1,0.998,0,0,1
low_train,low,train,26.0,23.5,2.89,13,rows,1,1.251,0,1,1
low_train,low,train,24.4,215.5,1.91,11,as built,1,1.331,0,0,1
low_train,low,train,19.9,322.3,3.07,27,scatter,1,1.174,0,1,1
low_train,low,train,27.3,213.9,1.68,24,scatter,1,0.679,0,0,1
low_train,low,train,21.9,151.5,2.62,17,scatter,0,1.01,0,0,1
low_train,low,train,25.0,138.3,2.25,10,scatter,1,0.867,0,1,1
low_train,low,train,17.6,352.6,1.0,66,clusters,1,1.097,0,0,1
low_train,low,train,22.6,253.5,1.12,33,rows,1,0.847,0,1,1
low_train,low,train,25.6,211.6,2.28,52,rows,1,1.398,0,0,1
low_train,low,train,15.0,345.8,1.1,47,crowd,0,0.95,0,0,1
low_train,low,train,28.3,296.7,0.93,61,scatter,0,0.592,0,0,1
low_train,low,train,22.7,76.0,1.29,9,rows,1,0.572,0,0,1
low_train,low,train,29.9,31.6,1.05,10,as built,1,0.928,0,0,1
low_train,low,train,23.5,130.7,0.6,14,cluster,1,0.754,0,0,1
low_train,low,train,17.8,144.5,2.38,9,scatter,1,1.085,0,1,1
low_train,low,train,19.3,337.4,1.18,17,clusters,1,1.004,0,0,1
low_train,low,train,21.0,278.5,0.79,5,scatter,1,0.973,0,1,1
low_train,low,train,27.5,70.2,1.36,4,scatter,1,1.202,0,0,1
low_train,low,train,16.6,21.0,2.69,30,scatter,0,1.031,0,0,1
low_train,low,train,20.9,138.2,0.72,4,scatter,1,0.557,0,0,1
low_train,low,train,16.3,176.6,0.95,20,crowd,1,0.721,0,1,1
low_train,low,train,23.1,297.5,1.76,12,cluster,1,0.735,0,0,1
low_train,low,train,29.8,105.8,1.46,8,scatter,1,0.821,0,0,1
low_train,low,train,28.5,125.4,2.67,24,crowd,1,0.784,0,1,1
low_train,low,train,17.6,352.2,2.81,12,cluster,1,0.983,0,0,1
low_train,low,train,17.5,80.1,1.9,6,scatter,1,0.645,0,0,1
low_train,low,train,28.2,201.5,2.13,34,scatter,0,0.723,0,0,1
low_train,low,train,19.9,202.9,2.37,13,scatter,1,1.008,0,0,1
low_train,low,train,22.3,294.7,2.99,11,scatter,1,0.561,0,0,1
low_train,low,train,21.9,219.7,0.52,11,scatter,1,1.431,0,0,1
low_train,low,train,25.2,187.1,1.79,18,cluster,0,1.124,0,0,1
low_train,low,train,24.6,206.0,2.18,13,cluster,1,1.217,0,0,1
low_train,low,train,18.9,137.5,3.29,10,scatter,1,1.226,0,0,1
low_train,low,train,18.1,313.8,1.87,73,rows,1,0.926,0,0,1
low_train,low,train,19.2,198.2,1.48,48,scatter,0,1.1,0,1,1
low_train,low,train,15.9,304.3,1.72,49,rows,1,1.406,0,0,1
low_train,low,train,25.3,247.3,1.27,16,clusters,1,0.93,0,0,1
low_train,low,train,29.9,48.0,0.96,23,crowd,1,1.324,0,0,1
low_train,low,train,18.2,211.2,0.69,8,as built,1,1.252,0,0,1
low_train,low,train,25.4,7.3,0.69,28,scatter,0,1.075,0,1,1
low_train,low,train,20.7,179.0,1.17,13,scatter,1,0.639,0,0,1
low_train,low,train,22.2,242.4,3.33,19,scatter,1,1.404,0,0,1
low_train,low,train,16.3,45.1,1.06,14,scatter,0,0.573,0,0,1
low_train,low,train,24.5,131.2,0.63,31,rows,1,1.415,0,0,1
low_train,low,train,20.6,15.1,3.49,24,cluster,1,1.353,0,0,1
low_train,low,train,18.4,83.2,2.58,13,scatter,1,1.129,0,0,1
low_train,low,train,28.5,42.9,1.38,12,scatter,0,1.055,0,0,1
low_train,low,train,19.5,64.8,0.79,21,as built,0,0.827,0,0,1
low_train,low,train,28.1,322.8,3.44,24,scatter,0,1.124,0,0,1
low_train,low,train,20.8,7.8,1.67,5,scatter,1,1.197,0,0,1
low_train,low,train,28.9,251.3,1.02,3,scatter,1,1.092,0,0,1
low_train,low,train,17.8,273.0,2.97,6,scatter,0,1.24,0,0,1
low_train,low,train,29.5,32.9,2.96,19,rows,1,0.628,0,0,1
low_train,low,train,15.2,164.3,0.74,9,scatter,1,0.799,0,0,1
low_train,low,train,15.3,241.4,2.75,13,scatter,0,0.622,0,0,1
low_train,low,train,16.3,129.6,2.79,26,scatter,1,0.938,0,0,1
low_train,low,train,16.9,220.5,3.25,30,scatter,1,1.354,0,0,1
low_train,low,train,29.4,157.5,2.86,5,scatter,1,0.743,0,1,1
low_train,low,train,25.9,19.9,3.08,33,clusters,0,0.677,0,0,1
low_train,low,train,24.0,350.8,2.86,15,scatter,1,0.677,0,0,1
low_train,low,train,21.3,101.6,3.23,21,cluster,0,1.134,0,0,1
low_train,low,train,16.3,167.5,3.22,32,crowd,0,0.981,0,0,1
low_train,low,train,28.3,135.2,2.12,6,clusters,1,0.764,0,0,1
low_train,low,train,24.6,340.3,3.04,28,scatter,0,1.216,0,0,1
low_train,low,train,27.7,284.1,1.0,25,rows,1,0.726,0,1,1
low_train,low,train,26.9,343.9,0.66,8,scatter,1,1.016,0,0,1
low_train,low,train,20.6,309.6,1.08,12,crowd,1,1.3,0,1,1
low_train,low,train,23.6,135.4,1.03,4,scatter,1,0.967,0,0,1
low_train,low,train,19.3,18.9,2.68,9,rows,0,1.25,0,0,1
low_train,low,train,18.4,142.2,1.88,22,crowd,1,1.283,0,0,1
low_train,low,train,24.5,276.4,1.0,10,cluster,1,1.2,0,0,1
low_train,low,train,17.9,115.8,0.81,29,scatter,1,0.892,0,1,1
low_train,low,train,17.2,279.7,2.45,10,scatter,1,0.613,0,0,1
low_train,low,train,15.8,64.4,0.8,3,cluster,1,0.621,0,1,1
low_train,low,train,22.5,263.0,1.36,5,rows,0,1.04,0,0,1
low_train,low,train,20.2,341.3,2.23,14,scatter,0,0.82,0,0,1
low_train,low,train,25.7,135.7,1.64,2,scatter,1,0.829,0,0,1
low_train,low,train,22.8,55.3,1.73,17,clusters,1,1.094,0,0,1
low_train,low,train,17.7,298.0,2.12,30,rows,1,1.176,0,0,1
low_train,low,train,22.1,165.2,0.87,42,crowd,1,0.731,0,0,1
low_train,low,train,27.0,39.0,0.88,19,scatter,1,1.371,0,0,1
low_train,low,train,17.0,288.3,2.0,6,cluster,0,1.225,0,0,1
low_train,low,train,29.2,307.3,1.67,15,cluster,1,1.13,0,0,1
low_train,low,train,20.3,185.8,1.81,14,cluster,1,1.074,0,0,1
low_train,low,train,26.8,344.5,1.59,22,as built,1,0.989,0,0,1
low_train,low,train,29.5,133.9,2.12,6,cluster,1,1.315,0,0,1
low_train,low,train,29.3,284.9,0.57,12,cluster,1,1.167,0,1,1
low_train,low,train,27.0,312.7,1.72,42,rows,1,0.838,0,0,1
low_train,low,train,15.2,236.8,1.8,9,scatter,1,0.752,0,0,1
low_train,low,train,17.4,144.7,3.12,26,scatter,0,1.02,0,0,1
low_train,low,train,29.6,258.9,2.74,17,as built,1,0.932,0,1,1
low_train,low,train,24.8,252.1,1.02,49,clusters,1,1.042,0,0,1
low_train,low,train,18.8,328.0,1.61,1,rows,0,1.179,0,0,1
low_train,low,train,18.0,229.4,2.1,60,rows,0,0.876,0,0,1
low_train,low,train,27.7,183.8,2.93,2,as built,0,1.089,0,0,0
low_train,low,train,16.4,345.5,1.25,2,scatter,0,0.615,0,0,0
low_train,low,train,20.7,328.6,1.79,32,clusters,0,0.865,0,1,1
low_train,low,train,22.6,342.8,2.42,22,cluster,0,0.553,0,0,1
low_train,low,train,28.6,266.0,2.48,9,cluster,0,0.701,0,0,1
low_train,low,train,29.7,330.2,2.42,73,rows,1,0.718,0,0,1
low_train,low,train,26.4,77.6,1.91,15,scatter,0,0.873,0,0,1
low_train,low,train,20.7,316.9,1.84,14,scatter,0,0.978,0,0,1
low_train,low,train,16.3,98.2,0.96,11,scatter,1,0.829,0,1,1
low_train,low,train,17.6,42.9,3.15,19,as built,1,0.665,0,0,1
low_train,low,train,27.1,10.0,2.16,35,scatter,0,0.597,0,0,1
low_train,low,train,29.6,216.9,2.15,29,cluster,1,0.757,0,0,1
low_train,low,train,19.1,214.4,1.46,17,cluster,1,0.7,0,0,1
low_train,low,train,28.2,10.3,1.07,27,rows,0,1.154,0,0,1
low_train,low,train,22.6,147.3,2.03,66,rows,1,1.114,0,0,1
low_train,low,train,16.4,250.0,1.52,8,as built,1,0.925,0,0,1
low_train,low,train,28.5,206.3,3.05,19,as built,0,0.58,0,1,0
low_train,low,train,22.3,166.6,2.73,16,scatter,0,1.287,0,0,1
low_train,low,train,16.6,290.3,1.15,12,as built,1,0.657,0,0,0
low_train,low,train,21.1,121.2,2.16,21,scatter,0,0.777,0,1,1
low_train,low,train,25.7,285.3,2.0,6,scatter,1,1.324,0,1,1
low_train,low,train,26.7,37.1,3.02,27,scatter,1,0.809,0,0,1
low_train,low,train,27.8,224.8,2.17,24,scatter,0,0.857,0,0,1
low_train,low,train,16.4,4.7,2.85,18,clusters,1,0.597,0,0,1
low_train,low,train,15.2,204.5,2.77,63,crowd,0,1.261,0,1,0
low_train,low,train,26.2,330.9,2.59,56,clusters,0,0.588,0,1,1
low_train,low,train,19.4,62.2,0.77,19,crowd,1,1.099,0,0,1
low_train,low,train,17.9,124.3,2.88,35,clusters,0,1.417,0,0,1
low_train,low,train,19.9,152.4,2.47,9,scatter,1,1.313,0,0,1
low_train,low,train,17.4,205.0,2.28,22,scatter,1,1.103,0,0,1
low_train,low,train,19.9,156.7,2.53,9,scatter,0,1.236,0,0,1
low_train,low,train,25.7,305.9,3.25,41,rows,1,1.354,0,0,1
low_train,low,train,23.1,80.2,1.9,6,scatter,0,1.091,0,0,1
low_train,low,train,17.6,217.5,3.0,31,clusters,1,0.893,0,1,1
low_train,low,train,23.6,217.9,0.79,2,cluster,0,0.73,0,1,1
low_train,low,train,20.1,118.8,1.64,36,crowd,1,1.018,0,1,1
low_train,low,train,19.4,229.5,0.93,11,scatter,1,1.236,0,0,1
low_train,low,train,28.6,225.5,1.41,12,cluster,0,0.57,0,0,1
low_train,low,train,29.7,200.0,1.75,25,scatter,1,0.885,0,1,1
low_train,low,train,17.7,157.8,1.89,9,scatter,1,0.872,0,1,1
low_train,low,train,24.0,337.3,1.32,52,crowd,1,1.096,0,0,0
low_train,low,train,28.7,315.1,2.17,51,clusters,1,0.948,0,0,1
low_train,low,train,21.6,234.5,2.04,30,scatter,1,0.59,0,0,1
low_train,low,train,18.7,160.5,0.89,17,clusters,1,1.364,0,1,1
low_train,low,train,19.7,142.2,1.12,14,crowd,1,1.361,0,0,1
low_train,low,train,21.7,155.3,1.42,22,scatter,1,0.671,0,1,1
low_train,low,train,18.9,74.8,1.09,8,as built,0,0.628,0,0,1
low_train,low,train,24.9,205.6,1.95,40,clusters,0,0.588,0,1,1
low_train,low,train,16.0,205.3,2.94,16,crowd,0,0.795,0,0,0
low_train,low,train,16.5,249.4,1.13,25,clusters,1,1.204,0,1,1
low_train,low,train,22.7,74.2,1.24,16,scatter,0,1.015,0,0,1
low_train,low,train,21.8,82.0,2.27,5,scatter,1,0.793,0,0,1
low_train,low,train,29.7,133.2,1.84,23,scatter,1,0.737,0,1,1
low_train,low,train,16.9,325.2,3.38,18,scatter,1,1.118,0,1,0
low_train,low,train,26.1,95.0,2.09,10,crowd,1,0.898,0,0,1
low_train,low,train,23.7,170.9,2.23,16,as built,1,1.354,0,0,1
low_train,low,train,15.0,75.1,1.51,9,scatter,1,1.236,0,1,1
low_train,low,train,15.4,171.1,1.36,1,scatter,1,1.271,0,0,1
low_train,low,train,29.4,236.6,2.53,47,crowd,0,1.068,0,0,1
low_train,low,train,17.5,225.4,2.67,13,as built,0,1.027,0,0,1
low_train,low,train,26.3,121.2,1.24,8,cluster,1,1.113,0,1,1
low_train,low,train,15.5,25.5,3.29,26,scatter,0,1.209,0,0,1
low_train,low,train,29.2,173.6,1.08,10,as built,1,0.937,0,1,1
low_train,low,train,21.4,316.8,2.33,63,rows,0,1.301,0,0,1
low_train,low,train,19.0,13.9,0.53,30,rows,1,1.293,0,0,1
low_train,low,train,16.8,103.3,0.71,6,scatter,1,1.443,0,0,1
low_train,low,train,27.0,229.8,3.19,62,rows,1,0.978,0,0,1
low_train,low,train,25.8,128.5,1.21,1,cluster,1,0.91,0,0,1
low_train,low,train,25.4,145.4,3.21,17,as built,0,1.054,0,0,1
low_train,low,train,15.0,254.3,2.22,17,scatter,1,1.379,0,0,1
low_train,low,train,26.7,114.7,0.54,2,scatter,1,1.165,0,0,1
low_train,low,train,23.4,132.1,1.68,53,rows,1,1.092,0,0,1
low_train,low,train,25.4,67.5,1.27,6,as built,0,1.325,0,0,0
low_train,low,train,25.1,120.1,2.93,19,scatter,1,0.941,0,0,1
low_train,low,train,17.7,77.1,1.88,7,scatter,1,0.928,0,0,1
low_train,low,train,24.0,308.2,2.56,16,clusters,1,1.153,0,0,0
low_train,low,train,25.5,81.2,1.28,5,scatter,1,1.25,0,0,0
low_train,low,train,23.2,313.9,3.18,32,scatter,1,0.769,0,1,0
low_train,low,train,26.1,182.8,1.88,8,as built,1,0.761,0,0,1
low_train,low,train,21.0,52.5,1.04,13,scatter,1,0.676,0,0,1
low_train,low,train,16.1,296.5,2.06,32,scatter,1,0.727,0,1,1
low_train,low,train,20.3,351.0,2.17,74,clusters,0,1.286,0,0,1
low_train,low,train,25.6,359.8,0.51,33,rows,1,0.615,0,0,1
low_train,low,train,17.6,20.9,0.99,16,clusters,0,0.761,0,1,1
low_train,low,train,20.6,251.6,3.04,59,crowd,0,0.712,0,1,1
low_train,low,train,29.0,346.5,0.61,18,as built,1,1.387,0,0,1
low_train,low,train,18.5,180.1,2.47,24,cluster,0,1.381,0,0,1
low_train,low,train,19.6,221.6,0.94,51,clusters,1,1.137,0,0,1
low_train,low,train,20.5,125.4,3.17,21,cluster,0,0.585,0,0,1
low_train,low,train,28.6,306.3,0.94,13,cluster,1,1.14,0,0,1
low_train,low,train,23.6,291.1,2.17,10,scatter,0,1.18,0,1,1
low_train,low,train,24.7,198.3,1.71,9,scatter,0,0.712,0,0,1
low_train,low,train,23.6,211.3,2.31,31,scatter,1,1.073,0,1,1
low_train,low,train,27.4,1.0,0.67,15,as built,1,1.291,0,1,1
low_train,low,train,16.0,259.0,3.06,8,scatter,0,1.23,0,0,1
low_train,low,train,17.5,326.8,1.31,16,cluster,1,1.006,0,0,0
low_train,low,train,23.8,41.3,1.93,14,as built,1,1.407,0,0,1
low_train,low,train,23.1,101.7,2.35,10,cluster,0,1.202,0,1,1
low_train,low,train,22.9,166.0,1.65,24,rows,1,0.95,0,0,1
low_train,low,train,23.2,250.3,0.83,9,scatter,0,1.181,0,0,1
low_train,low,train,24.0,274.2,2.75,8,scatter,1,0.856,0,1,1
low_train,low,train,16.8,286.7,0.83,8,scatter,0,1.407,0,0,1
low_train,low,train,20.2,35.2,0.63,10,cluster,1,0.797,0,0,1
low_train,low,train,20.1,195.4,1.08,24,cluster,1,0.873,0,0,1
low_train,low,train,18.7,175.8,1.13,23,crowd,1,1.332,0,1,1
low_train,low,train,22.8,114.3,0.64,5,clusters,1,0.951,0,0,1
low_train,low,train,20.1,27.9,2.67,33,cluster,1,1.244,0,0,0
low_train,low,train,27.9,290.9,0.67,7,scatter,1,1.215,0,0,1
low_train,low,train,16.4,273.9,2.54,55,scatter,0,0.961,0,0,1
low_train,low,train,22.4,261.7,2.73,22,scatter,1,0.861,0,1,1
low_train,low,train,19.9,315.9,1.24,8,crowd,1,1.143,0,1,0
low_train,low,train,21.4,261.5,0.98,58,crowd,1,1.016,0,0,1
low_train,low,train,21.8,55.0,1.0,11,scatter,0,1.197,0,0,1
low_train,low,train,25.8,28.3,0.9,20,cluster,1,0.751,0,0,1
low_train,low,train,27.3,133.9,2.24,19,scatter,1,0.763,0,0,1
low_train,low,train,21.1,286.0,1.01,2,scatter,0,1.034,0,1,0
low_train,low,train,26.2,289.5,3.09,39,rows,1,1.246,0,1,1
low_train,low,train,29.2,32.1,3.3,28,clusters,1,1.081,0,1,1
low_train,low,train,16.0,44.5,2.37,18,cluster,0,1.361,0,0,1
low_train,low,train,26.1,298.7,1.03,7,scatter,1,0.954,0,0,0
low_train,low,train,19.6,233.5,2.17,27,cluster,0,0.976,0,0,1
low_train,low,train,27.7,310.3,2.68,30,clusters,0,1.449,0,0,0
low_train,low,train,15.8,216.3,3.24,29,scatter,1,0.878,0,1,1
low_train,low,train,29.2,301.0,2.29,26,cluster,0,1.359,0,0,1
low_train,low,train,24.0,113.5,1.17,62,crowd,1,1.331,0,1,1
low_train,low,train,19.8,336.7,1.92,15,scatter,1,0.997,0,0,1
low_train,low,train,21.4,345.7,2.89,10,cluster,1,0.831,0,0,1
low_train,low,train,19.4,212.1,3.39,56,clusters,1,1.149,0,0,1
low_train,low,train,25.1,225.9,2.15,12,cluster,1,0.672,0,1,1
low_train,low,train,15.5,317.0,2.53,20,rows,1,0.737,0,0,0
low_train,low,train,24.9,306.1,3.47,19,scatter,0,0.968,0,1,0
low_train,low,train,24.0,350.1,3.12,14,scatter,1,0.936,0,0,1
low_train,low,train,19.8,240.4,1.01,11,scatter,0,0.922,0,1,1
low_train,low,train,21.5,309.7,1.27,15,scatter,1,1.299,0,0,0
low_train,low,train,21.0,65.4,1.24,9,as built,0,1.378,0,0,0
low_train,low,train,22.6,286.1,1.48,24,crowd,1,1.355,0,1,0
low_train,low,train,23.5,357.0,0.83,32,scatter,1,0.871,0,1,1
low_train,low,train,28.1,325.8,1.79,14,cluster,1,0.715,0,1,1
low_train,low,train,21.7,344.9,2.4,35,cluster,1,1.334,0,0,1
low_train,low,train,23.6,274.1,1.29,9,scatter,1,1.196,0,1,0
low_train,low,train,29.8,188.9,2.07,17,cluster,0,1.309,0,0,1
low_train,low,train,15.8,236.3,0.95,17,scatter,1,0.594,0,1,1
low_train,low,train,28.1,302.1,2.88,16,crowd,1,0.671,0,0,0
low_train,low,train,22.7,232.0,2.95,22,scatter,1,1.228,0,1,1
low_train,low,train,28.1,177.4,1.75,29,scatter,0,0.904,0,0,1
low_train,low,train,28.3,161.0,0.8,7,scatter,1,0.981,0,1,1
low_train,low,train,21.6,336.5,2.81,28,scatter,1,1.437,0,0,1
low_train,low,train,26.2,69.5,0.9,12,scatter,0,1.275,0,1,1
low_train,low,train,17.9,131.0,1.33,11,scatter,1,1.26,0,0,0
low_train,low,train,20.2,322.7,3.27,16,cluster,1,1.271,0,1,0
low_train,low,train,16.1,53.5,1.78,55,crowd,1,1.149,0,0,1
low_train,low,train,18.8,151.0,1.36,16,scatter,1,0.639,0,0,1
low_train,low,train,21.2,358.2,0.84,14,scatter,1,0.56,0,0,1
low_train,low,train,16.5,60.6,1.23,21,cluster,1,1.235,0,0,0
low_train,low,train,15.1,173.0,1.67,14,cluster,1,1.428,0,0,1
low_train,low,train,21.7,67.1,1.22,32,cluster,1,0.771,0,0,0
low_train,low,train,18.5,293.2,0.9,19,scatter,1,1.144,0,0,1
low_train,low,train,15.2,215.7,2.86,45,clusters,1,0.97,0,0,0
low_train,low,train,23.4,170.7,2.86,9,scatter,1,0.88,0,1,1
low_train,low,train,27.0,223.8,1.74,19,cluster,1,1.36,0,0,1
low_train,low,train,20.5,14.7,2.32,17,clusters,1,1.309,0,0,1
low_train,low,train,29.3,149.9,2.48,6,scatter,1,0.803,0,0,1
low_train,low,train,21.2,106.2,1.63,13,cluster,0,0.856,0,0,1
low_train,low,train,21.5,19.0,3.09,27,rows,1,1.4,0,0,0
low_train,low,train,16.3,153.0,2.31,34,scatter,1,0.898,0,0,1
low_train,low,train,21.2,236.1,1.23,14,scatter,1,1.252,0,0,1
low_train,low,train,28.2,272.6,0.76,2,cluster,0,0.841,0,0,1
low_train,low,train,17.7,140.3,0.53,19,clusters,1,0.609,0,0,1
low_train,low,train,23.2,292.8,1.22,41,scatter,1,0.581,0,0,0
low_train,low,train,19.2,175.3,0.66,13,cluster,0,1.237,0,0,1
low_train,low,train,17.0,192.4,1.34,15,scatter,1,1.098,0,1,0
low_train,low,train,16.3,84.1,2.07,17,as built,1,1.322,0,0,1
low_train,low,train,29.7,289.1,1.54,16,scatter,1,0.882,0,0,0
low_train,low,train,23.3,294.3,1.47,28,crowd,1,0.894,0,0,0
low_train,low,train,27.7,19.8,2.52,16,scatter,0,1.142,0,1,0
low_train,low,train,28.8,27.8,1.69,7,cluster,1,0.789,0,0,1
low_train,low,train,24.7,79.5,2.94,13,as built,1,1.242,0,1,1
low_train,low,train,17.2,77.4,1.66,36,crowd,1,1.288,0,0,0
low_train,low,train,18.4,182.4,1.16,9,as built,1,1.195,0,1,0
low_train,low,train,24.0,296.8,1.42,8,scatter,1,1.296,0,0,0
low_train,low,train,24.5,201.9,0.55,11,scatter,1,0.68,0,1,1
low_train,low,train,19.0,303.7,1.47,20,cluster,1,1.281,0,0,0
low_train,low,train,23.4,241.0,0.93,1,scatter,1,0.716,0,1,1
low_train,low,train,29.7,291.6,1.95,10,rows,1,1.13,0,0,1
low_train,low,train,27.4,8.7,3.1,80,scatter,1,1.371,0,1,0
low_train,low,train,22.1,332.1,1.34,27,scatter,1,0.836,0,0,0
low_train,low,train,27.7,137.3,1.95,8,rows,1,1.232,0,1,1
low_train,low,train,19.6,142.4,2.19,21,crowd,1,1.053,0,0,1
low_train,low,train,19.2,284.8,1.87,62,clusters,1,0.633,0,0,1
low_train,low,train,20.1,102.8,0.7,4,scatter,1,0.823,0,1,1
low_val,low,val,15.7,272.6,1.44,15,rows,1,0.559,0,1,0
low_val,low,val,26.4,191.4,3.24,1,cluster,1,0.729,0,0,0
low_val,low,val,24.9,2.7,2.35,12,scatter,0,1.299,0,1,0
low_val,low,val,21.2,309.1,2.93,50,crowd,1,1.279,0,1,0
low_val,low,val,20.6,180.7,2.23,9,cluster,1,0.655,0,0,0
low_val,low,val,25.3,34.1,1.2,62,clusters,0,0.895,0,0,0
low_val,low,val,21.1,344.0,2.36,22,as built,0,0.706,0,1,0
low_val,low,val,29.1,210.5,2.16,14,as built,1,1.095,0,0,0
low_val,low,val,18.9,105.9,0.69,31,rows,1,0.785,0,0,0
low_val,low,val,28.6,142.8,0.66,37,crowd,1,0.584,0,0,0
low_val,low,val,27.9,69.7,0.73,18,clusters,1,0.662,0,1,0
low_val,low,val,22.1,66.8,0.74,31,rows,0,0.651,0,0,0
low_val,low,val,25.9,76.7,2.48,4,cluster,1,1.291,0,0,0
low_val,low,val,20.3,193.1,2.71,44,scatter,1,1.302,0,0,0
low_val,low,val,20.3,104.4,1.1,26,rows,1,1.367,0,0,0
low_val,low,val,24.7,279.9,2.69,19,cluster,1,1.233,0,0,0
low_val,low,val,23.2,6.3,0.97,25,cluster,0,0.708,0,0,0
low_val,low,val,16.6,337.8,1.59,27,cluster,0,0.64,0,1,0
low_val,low,val,21.3,4.1,1.14,9,scatter,1,0.803,0,1,0
low_val,low,val,26.7,282.1,1.67,13,scatter,0,0.706,0,0,0
low_val,low,val,22.9,229.0,3.18,24,scatter,1,0.657,0,0,0
low_val,low,val,23.8,203.9,1.4,25,scatter,0,1.08,0,0,0
low_val,low,val,23.3,190.0,2.03,10,scatter,0,0.935,0,0,0
low_val,low,val,22.2,4.8,1.32,7,cluster,1,0.56,0,0,0
low_val,low,val,24.2,20.7,2.35,32,scatter,0,1.088,0,0,0
low_val,low,val,23.2,37.7,0.67,21,scatter,0,0.83,0,0,0
low_val,low,val,22.8,336.5,0.79,13,as built,0,0.646,0,0,0
low_val,low,val,18.1,199.3,1.96,34,clusters,0,0.583,0,0,0
low_val,low,val,22.6,187.8,1.56,17,as built,1,0.988,0,0,0
low_val,low,val,24.9,300.1,2.82,22,scatter,0,1.131,0,1,0
low_val,low,val,16.6,131.6,2.95,9,scatter,0,0.613,0,1,0
low_val,low,val,21.6,91.3,1.71,9,scatter,1,1.434,0,0,0
low_val,low,val,15.6,138.2,0.8,22,scatter,1,1.099,0,0,0
low_val,low,val,21.3,348.7,2.76,20,scatter,0,0.656,0,0,0
low_val,low,val,27.6,244.5,1.04,30,rows,1,1.13,0,0,0
low_val,low,val,24.6,81.9,1.05,11,scatter,0,1.177,0,0,0
low_val,low,val,23.8,100.3,3.01,9,scatter,0,1.406,0,1,0
low_val,low,val,26.9,88.3,2.09,1,rows,1,0.793,0,0,0
low_val,low,val,18.3,175.4,3.42,60,rows,1,0.823,0,1,0
low_val,low,val,20.2,0.0,2.87,18,scatter,1,1.185,0,1,0
low_val,low,val,15.2,316.3,2.29,14,cluster,1,1.321,0,0,0
low_val,low,val,17.8,306.5,3.04,14,cluster,0,1.091,0,1,0
low_val,low,val,27.4,80.6,0.65,27,rows,1,0.777,0,1,0
low_val,low,val,16.7,55.4,0.96,12,as built,1,0.677,0,0,0
low_val,low,val,20.2,162.5,2.48,52,scatter,1,1.319,0,0,0
low_val,low,val,20.6,263.3,0.68,19,cluster,1,0.597,0,1,0
low_val,low,val,25.7,55.4,2.28,24,rows,1,0.64,0,0,0
low_val,low,val,22.2,167.0,1.92,31,rows,0,1.442,0,0,0
low_val,low,val,27.5,211.6,3.23,34,scatter,1,1.115,0,0,0
low_val,low,val,28.6,254.0,2.16,19,as built,0,1.399,0,0,0
low_val,low,val,20.6,221.5,0.9,30,crowd,0,0.666,0,1,0
low_val,low,val,24.9,167.9,2.03,6,as built,1,0.637,0,1,0
low_val,low,val,21.4,25.5,2.38,47,rows,1,0.955,0,0,0
low_val,low,val,15.2,3.3,3.3,33,crowd,1,1.062,0,0,0
low_val,low,val,20.7,221.4,2.05,6,scatter,1,0.654,0,0,0
low_val,low,val,22.3,91.7,2.18,23,scatter,1,1.043,0,0,0
low_val,low,val,21.7,35.1,0.92,19,rows,0,0.572,0,0,0
low_val,low,val,17.6,313.5,2.09,38,rows,1,0.763,0,0,0
low_val,low,val,22.9,306.0,2.56,31,cluster,1,0.898,0,0,0
low_val,low,val,16.6,250.1,1.17,7,rows,0,0.647,0,1,0
low_val,low,val,16.7,261.9,2.14,2,clusters,1,1.257,0,1,0
low_val,low,val,27.8,210.3,2.11,17,crowd,0,0.623,0,1,0
low_val,low,val,23.1,20.6,2.77,16,crowd,1,1.088,0,0,0
low_val,low,val,20.2,135.9,2.09,9,scatter,1,0.792,0,0,0
low_val,low,val,18.2,274.9,0.93,11,clusters,1,1.063,0,1,0
low_val,low,val,29.0,154.5,2.06,4,scatter,0,0.695,0,0,0
low_val,low,val,27.6,33.3,2.63,14,cluster,0,1.131,0,0,0
low_val,low,val,23.9,35.1,2.96,29,scatter,0,0.929,0,0,0
low_val,low,val,29.0,69.2,0.93,4,scatter,1,1.313,0,0,0
low_val,low,val,18.6,319.5,3.47,13,rows,1,1.001,0,1,0
low_val,low,val,27.8,355.2,2.51,28,cluster,0,1.035,0,0,0
low_val,low,val,22.2,182.2,2.68,26,scatter,0,0.754,0,0,0
low_val,low,val,24.5,96.9,2.01,10,scatter,1,1.409,0,1,0
low_val,low,val,21.5,215.1,1.8,21,scatter,1,1.195,0,0,0
low_val,low,val,17.2,99.3,1.32,53,clusters,1,0.704,0,0,0
low_val,low,val,25.2,34.1,2.06,12,as built,0,0.701,0,0,0
low_val,low,val,15.4,217.9,2.33,56,crowd,1,0.815,0,1,0
low_val,low,val,21.0,5.0,2.4,16,cluster,1,1.08,0,1,0
low_val,low,val,25.9,104.7,0.9,4,scatter,1,0.697,0,0,0
low_val,low,val,25.2,117.3,2.22,18,as built,1,0.618,0,0,0
low_val,low,val,18.9,16.4,1.71,22,cluster,1,1.25,0,0,0
low_val,low,val,23.6,214.5,0.6,4,cluster,1,0.645,0,0,0
low_val,low,val,17.1,330.4,1.17,53,crowd,1,0.671,0,1,0
low_val,low,val,23.8,114.2,1.33,35,scatter,1,1.105,0,0,0
low_val,low,val,23.9,127.7,1.96,27,clusters,0,0.83,0,0,0
low_val,low,val,21.7,184.8,2.95,9,scatter,1,0.72,0,0,0
low_val,low,val,26.9,20.2,2.35,5,crowd,1,0.65,0,1,0
low_val,low,val,25.9,84.3,1.39,22,crowd,0,1.197,0,1,0
low_val,low,val,18.3,264.1,1.48,17,cluster,1,0.611,0,0,0
low_val,low,val,19.0,245.0,1.7,13,cluster,0,0.831,0,0,0
low_val,low,val,21.3,321.2,0.84,8,clusters,1,0.986,0,0,0
low_val,low,val,24.5,82.5,1.78,2,cluster,1,1.148,0,0,0
low_val,low,val,21.4,200.9,0.7,59,clusters,1,1.21,0,0,0
low_val,low,val,18.7,128.4,1.93,53,rows,0,1.416,0,1,0
low_val,low,val,17.7,214.1,2.89,48,scatter,0,1.188,0,0,0
low_val,low,val,23.1,147.3,1.62,30,clusters,1,0.626,0,1,0
low_val,low,val,23.5,213.0,3.28,35,scatter,0,1.245,0,0,0
low_val,low,val,27.9,156.6,1.13,19,scatter,1,0.878,0,0,0
low_val,low,val,24.0,172.8,0.84,43,scatter,1,1.039,0,0,0
low_val,low,val,27.4,88.4,1.94,5,rows,1,1.169,0,0,0
orbit_dark_test,orbit,test,42.0,329.2,2.04,20,as built,0,0.164,1,0,0
orbit_dark_test,orbit,test,56.8,192.5,2.17,53,crowd,0,0.283,1,0,0
orbit_dark_test,orbit,test,37.7,117.7,1.19,11,cluster,0,0.348,1,0,0
orbit_dark_test,orbit,test,33.7,307.1,2.95,24,clusters,0,0.345,1,0,0
orbit_dark_test,orbit,test,43.3,4.5,2.51,17,as built,0,0.337,1,0,0
orbit_dark_test,orbit,test,84.7,357.8,1.17,55,clusters,0,0.384,1,0,0
orbit_dark_test,orbit,test,45.0,354.6,2.37,17,scatter,0,0.353,1,0,0
orbit_dark_test,orbit,test,68.6,136.0,1.17,7,scatter,0,0.097,1,0,0
orbit_dark_test,orbit,test,77.2,0.1,1.58,12,scatter,0,0.385,1,0,0
orbit_dark_test,orbit,test,70.0,256.9,1.01,1,as built,0,0.454,1,0,0
orbit_dark_test,orbit,test,66.6,254.9,1.94,9,scatter,0,0.19,1,0,0
orbit_dark_test,orbit,test,81.9,189.4,1.39,7,as built,0,0.336,1,0,0
orbit_dark_test,orbit,test,43.9,27.5,2.41,19,scatter,0,0.444,1,0,0
orbit_dark_test,orbit,test,47.6,35.8,2.23,26,scatter,0,0.215,1,0,0
orbit_dark_test,orbit,test,65.9,33.0,1.2,51,crowd,0,0.403,1,0,0
orbit_dark_test,orbit,test,70.7,297.9,1.35,47,crowd,0,0.382,1,0,0
orbit_dark_test,orbit,test,84.1,44.4,1.59,8,scatter,0,0.121,1,0,0
orbit_dark_test,orbit,test,56.8,331.5,1.49,58,rows,0,0.082,1,0,0
orbit_dark_test,orbit,test,39.3,281.7,2.33,11,cluster,0,0.344,1,0,0
orbit_dark_test,orbit,test,73.8,283.0,1.31,26,rows,0,0.246,1,0,0
orbit_dark_test,orbit,test,33.7,19.5,1.95,33,crowd,0,0.168,1,0,0
orbit_dark_test,orbit,test,34.2,253.9,1.49,9,as built,0,0.31,1,0,0
orbit_dark_test,orbit,test,79.9,92.1,1.83,12,scatter,0,0.341,1,0,0
orbit_dark_test,orbit,test,43.3,162.9,2.71,13,scatter,0,0.401,1,0,0
orbit_dark_test,orbit,test,61.5,229.2,1.02,16,cluster,0,0.427,1,0,0
orbit_dark_test,orbit,test,76.5,106.1,1.89,8,cluster,0,0.335,1,0,0
orbit_dark_test,orbit,test,44.0,49.5,1.49,34,scatter,0,0.137,1,0,0
orbit_dark_test,orbit,test,83.7,192.2,1.47,44,clusters,0,0.4,1,0,0
orbit_dark_test,orbit,test,70.3,311.9,1.67,15,scatter,0,0.419,1,0,0
orbit_dark_test,orbit,test,43.7,130.9,1.52,16,as built,0,0.309,1,0,0
orbit_dark_test,orbit,test,70.2,222.8,1.87,61,scatter,0,0.121,1,0,0
orbit_dark_test,orbit,test,74.5,310.2,1.29,10,scatter,0,0.116,1,0,0
orbit_dark_test,orbit,test,33.7,147.8,3.39,19,scatter,0,0.145,1,0,0
orbit_dark_test,orbit,test,32.7,240.9,2.9,11,scatter,0,0.286,1,0,0
orbit_dark_test,orbit,test,42.2,232.4,1.93,19,clusters,0,0.12,1,0,0
orbit_dark_test,orbit,test,72.3,236.9,1.2,2,scatter,0,0.37,1,0,0
orbit_dark_test,orbit,test,84.0,236.5,1.01,10,as built,0,0.429,1,0,0
orbit_dark_test,orbit,test,67.6,290.4,1.28,14,rows,0,0.261,1,0,0
orbit_dark_test,orbit,test,35.1,343.4,2.86,13,crowd,0,0.411,1,0,0
orbit_dark_test,orbit,test,46.3,213.8,1.99,7,scatter,0,0.45,1,0,0
orbit_dark_test,orbit,test,44.0,194.2,1.4,1,scatter,0,0.346,1,0,0
orbit_dark_test,orbit,test,36.0,201.1,2.73,37,scatter,0,0.369,1,0,0
orbit_dark_test,orbit,test,35.0,85.5,2.21,29,clusters,0,0.297,1,0,0
orbit_dark_test,orbit,test,77.6,116.9,1.43,20,clusters,0,0.348,1,0,0
orbit_dark_test,orbit,test,40.9,142.4,1.62,3,scatter,0,0.206,1,0,0
orbit_dark_test,orbit,test,80.9,226.0,1.55,53,clusters,0,0.345,1,0,0
orbit_dark_test,orbit,test,56.7,266.6,1.57,38,rows,0,0.306,1,0,0
orbit_dark_test,orbit,test,70.5,223.1,1.45,4,scatter,0,0.247,1,0,0
orbit_dark_test,orbit,test,30.4,17.3,2.02,19,as built,0,0.264,1,0,0
orbit_dark_test,orbit,test,54.3,146.3,1.88,18,scatter,0,0.159,1,0,0
orbit_dark_test,orbit,test,75.8,235.6,1.91,2,scatter,0,0.398,1,0,0
orbit_dark_test,orbit,test,38.7,346.3,2.36,60,clusters,0,0.429,1,0,0
orbit_dark_test,orbit,test,57.3,93.7,1.76,4,clusters,0,0.149,1,0,0
orbit_dark_test,orbit,test,53.1,313.2,1.13,3,scatter,0,0.329,1,0,0
orbit_dark_test,orbit,test,83.6,121.6,1.34,9,crowd,0,0.158,1,0,0
orbit_dark_test,orbit,test,32.8,235.8,1.7,28,scatter,0,0.386,1,0,0
orbit_dark_test,orbit,test,31.4,282.2,1.08,16,clusters,0,0.442,1,0,0
orbit_dark_test,orbit,test,33.1,247.0,1.38,64,crowd,0,0.287,1,0,0
orbit_dark_test,orbit,test,46.9,172.3,1.92,11,as built,0,0.309,1,0,0
orbit_dark_test,orbit,test,49.6,17.5,2.49,10,cluster,0,0.141,1,0,0
orbit_dark_test,orbit,test,43.7,184.0,1.04,11,scatter,0,0.428,1,0,0
orbit_dark_test,orbit,test,41.5,268.7,2.42,12,cluster,0,0.479,1,0,0
orbit_dark_test,orbit,test,77.8,160.4,1.82,10,scatter,0,0.201,1,0,0
orbit_dark_test,orbit,test,58.5,157.7,1.75,65,clusters,0,0.297,1,0,0
orbit_dark_test,orbit,test,39.0,145.2,2.54,13,scatter,0,0.154,1,0,0
orbit_dark_test,orbit,test,51.5,13.7,2.17,21,crowd,0,0.278,1,0,0
orbit_dark_test,orbit,test,53.1,136.9,1.65,6,scatter,0,0.087,1,0,0
orbit_dark_test,orbit,test,31.9,167.0,2.3,47,crowd,0,0.376,1,0,0
orbit_dark_test,orbit,test,63.0,44.8,1.29,6,rows,0,0.229,1,0,0
orbit_dark_test,orbit,test,42.0,285.7,1.2,7,as built,0,0.464,1,0,0
orbit_dark_test,orbit,test,33.0,35.5,1.31,27,scatter,0,0.205,1,0,0
orbit_dark_test,orbit,test,44.5,178.3,1.0,8,scatter,0,0.139,1,0,0
orbit_dark_test,orbit,test,35.7,121.3,2.15,17,as built,0,0.206,1,0,0
orbit_dark_test,orbit,test,70.4,241.3,1.52,61,clusters,0,0.21,1,0,0
orbit_dark_test,orbit,test,56.5,328.5,2.27,55,scatter,0,0.223,1,0,0
orbit_dark_test,orbit,test,44.7,333.4,1.91,21,scatter,0,0.411,1,0,0
orbit_dark_test,orbit,test,80.8,62.3,1.53,5,scatter,0,0.219,1,0,0
orbit_dark_test,orbit,test,41.5,152.2,1.7,30,scatter,0,0.209,1,0,0
orbit_dark_test,orbit,test,73.2,27.9,1.61,45,scatter,0,0.237,1,0,0
orbit_dark_test,orbit,test,54.3,29.7,1.3,7,scatter,0,0.308,1,0,0
orbit_dark_test,orbit,test,82.7,150.1,1.11,13,clusters,0,0.16,1,0,0
orbit_dark_test,orbit,test,62.6,244.3,1.49,11,scatter,0,0.296,1,0,0
orbit_dark_test,orbit,test,53.9,94.4,2.25,18,scatter,0,0.183,1,0,0
orbit_dark_test,orbit,test,39.2,323.5,1.32,4,scatter,0,0.16,1,0,0
orbit_dark_test,orbit,test,42.9,215.9,2.8,13,as built,0,0.251,1,0,0
orbit_dark_test,orbit,test,57.0,212.8,1.32,15,scatter,0,0.281,1,0,0
orbit_dark_test,orbit,test,55.6,73.2,1.91,13,as built,0,0.24,1,0,0
orbit_dark_test,orbit,test,61.5,138.0,1.36,10,scatter,0,0.288,1,0,0
orbit_dark_test,orbit,test,54.8,247.9,1.66,6,as built,0,0.389,1,0,0
orbit_dark_test,orbit,test,51.7,248.0,1.23,7,scatter,0,0.324,1,0,0
orbit_dark_test,orbit,test,36.7,306.4,1.44,23,scatter,0,0.197,1,0,0
orbit_dark_test,orbit,test,41.8,311.2,2.82,15,scatter,0,0.421,1,0,0
orbit_dark_test,orbit,test,76.7,313.4,1.78,9,as built,0,0.088,1,0,0
orbit_dark_test,orbit,test,43.7,143.8,1.83,3,scatter,0,0.102,1,0,0
orbit_dark_test,orbit,test,33.7,304.1,2.74,16,scatter,0,0.258,1,0,0
orbit_dark_test,orbit,test,41.4,341.4,2.8,6,scatter,0,0.1,1,0,0
orbit_dark_test,orbit,test,49.1,252.1,1.37,34,clusters,0,0.429,1,0,0
orbit_dark_test,orbit,test,30.7,314.9,3.31,22,as built,0,0.348,1,0,0
orbit_dark_test,orbit,test,77.8,135.6,1.18,26,crowd,0,0.104,1,0,0
orbit_dark_test,orbit,test,57.4,63.5,1.07,13,scatter,0,0.44,1,0,0
orbit_dark_test,orbit,test,72.3,32.1,1.1,20,rows,0,0.182,1,0,0
orbit_dark_test,orbit,test,48.2,50.2,2.11,12,rows,0,0.113,1,0,0
orbit_dark_test,orbit,test,61.0,217.8,1.52,28,scatter,0,0.102,1,0,0
orbit_dark_test,orbit,test,35.6,182.8,2.07,7,cluster,0,0.434,1,0,0
orbit_dark_test,orbit,test,33.4,234.4,2.3,13,scatter,0,0.455,1,0,0
orbit_dark_test,orbit,test,51.1,177.9,1.24,7,rows,0,0.173,1,0,0
orbit_dark_test,orbit,test,49.2,71.8,1.93,12,scatter,0,0.134,1,0,0
orbit_dark_test,orbit,test,45.1,93.7,1.65,7,scatter,0,0.176,1,0,0
orbit_dark_test,orbit,test,31.1,223.1,1.89,7,scatter,0,0.153,1,0,0
orbit_dark_test,orbit,test,37.8,288.6,1.05,19,clusters,0,0.363,1,0,0
orbit_dark_test,orbit,test,39.4,124.3,2.71,11,as built,0,0.371,1,0,0
orbit_dark_test,orbit,test,55.4,194.4,1.17,13,scatter,0,0.337,1,0,0
orbit_dark_test,orbit,test,79.2,253.4,1.24,8,scatter,0,0.351,1,0,0
orbit_dark_test,orbit,test,61.6,149.9,1.74,7,scatter,0,0.389,1,0,0
orbit_dark_test,orbit,test,69.0,4.1,1.22,8,rows,0,0.233,1,0,0
orbit_dark_test,orbit,test,51.7,204.8,1.52,68,clusters,0,0.386,1,0,0
orbit_dark_test,orbit,test,36.0,133.3,2.19,28,cluster,0,0.283,1,0,0
orbit_dark_test,orbit,test,48.8,266.8,2.29,7,cluster,0,0.397,1,0,0
orbit_dark_test,orbit,test,69.8,313.5,1.04,6,scatter,0,0.44,1,0,0
orbit_dark_test,orbit,test,43.0,234.5,2.33,15,scatter,0,0.155,1,0,0
orbit_dark_test,orbit,test,51.7,192.6,1.49,7,as built,0,0.192,1,0,0
orbit_dark_test,orbit,test,82.3,89.7,1.33,5,scatter,0,0.283,1,0,0
orbit_dark_test,orbit,test,48.3,293.9,1.71,43,clusters,0,0.496,1,0,0
orbit_dark_test,orbit,test,42.5,245.9,1.81,21,scatter,0,0.383,1,0,0
orbit_dark_test,orbit,test,68.0,346.8,1.45,43,scatter,0,0.361,1,0,0
orbit_dark_test,orbit,test,37.8,300.1,1.94,42,crowd,0,0.426,1,0,0
orbit_dark_test,orbit,test,42.7,19.9,1.65,2,rows,0,0.372,1,0,0
orbit_dark_test,orbit,test,49.3,353.3,1.81,8,scatter,0,0.156,1,0,0
orbit_dark_test,orbit,test,34.1,2.5,2.7,62,crowd,0,0.089,1,0,0
orbit_dark_test,orbit,test,57.8,270.8,1.48,6,scatter,0,0.277,1,0,0
orbit_dark_test,orbit,test,32.1,56.2,1.27,24,cluster,0,0.166,1,0,0
orbit_dark_test,orbit,test,72.5,111.0,1.18,9,crowd,0,0.14,1,0,0
orbit_dark_test,orbit,test,32.7,121.1,3.29,15,scatter,0,0.298,1,0,0
orbit_dark_test,orbit,test,52.6,106.2,1.84,3,as built,0,0.327,1,0,0
orbit_dark_test,orbit,test,45.6,291.7,1.97,12,scatter,0,0.47,1,0,0
orbit_dark_test,orbit,test,31.1,334.6,2.52,31,clusters,0,0.328,1,0,0
orbit_dark_test,orbit,test,56.7,306.3,2.04,7,cluster,0,0.088,1,0,0
orbit_dark_test,orbit,test,70.1,283.4,1.63,7,scatter,0,0.128,1,0,0
orbit_dark_test,orbit,test,64.2,82.1,2.04,6,scatter,0,0.286,1,0,0
orbit_dark_test,orbit,test,32.2,55.1,1.62,41,crowd,0,0.164,1,0,0
orbit_dark_test,orbit,test,72.7,35.2,1.47,31,rows,0,0.247,1,0,0
orbit_dark_test,orbit,test,53.0,254.8,1.21,12,as built,0,0.369,1,0,0
orbit_dark_test,orbit,test,30.7,45.2,2.71,19,crowd,0,0.145,1,0,0
orbit_dark_test,orbit,test,68.3,198.6,1.95,16,scatter,0,0.385,1,0,0
orbit_dark_test,orbit,test,34.9,56.9,1.05,6,scatter,0,0.269,1,0,0
orbit_dark_test,orbit,test,55.0,315.5,2.13,14,scatter,0,0.113,1,0,0
orbit_dark_test,orbit,test,36.7,286.6,1.61,15,scatter,0,0.414,1,0,0
orbit_dark_test,orbit,test,77.2,200.5,1.64,12,clusters,0,0.084,1,0,0
orbit_dark_test,orbit,test,35.7,227.5,1.9,11,cluster,0,0.332,1,0,0
orbit_dark_test,orbit,test,70.1,329.2,1.19,4,scatter,0,0.268,1,0,0
orbit_test,orbit,test,30.6,254.7,1.36,12,as built,0,1.0,0,0,0
orbit_test,orbit,test,49.7,299.8,1.5,8,cluster,0,1.0,0,0,0
orbit_test,orbit,test,69.0,265.5,1.37,53,crowd,0,1.0,0,0,0
orbit_test,orbit,test,30.5,22.6,1.11,23,as built,0,1.0,0,0,0
orbit_test,orbit,test,48.9,227.0,1.88,32,cluster,0,1.0,0,0,0
orbit_test,orbit,test,54.4,191.2,1.05,35,crowd,0,1.0,0,0,0
orbit_test,orbit,test,84.3,134.8,1.36,6,clusters,0,1.0,0,0,0
orbit_test,orbit,test,72.4,91.3,1.94,10,crowd,0,1.0,0,0,0
orbit_test,orbit,test,61.4,172.8,1.49,21,cluster,0,1.0,0,0,0
orbit_test,orbit,test,56.9,354.1,1.27,26,clusters,0,1.0,0,0,0
orbit_test,orbit,test,34.8,290.9,1.77,9,scatter,0,1.0,0,0,0
orbit_test,orbit,test,60.9,58.5,1.22,6,scatter,0,1.0,0,0,0
orbit_test,orbit,test,75.2,273.8,1.07,5,scatter,0,1.0,0,0,0
orbit_test,orbit,test,42.5,279.4,1.18,10,as built,0,1.0,0,0,0
orbit_test,orbit,test,74.7,116.5,1.95,13,as built,0,1.0,0,0,0
orbit_test,orbit,test,38.0,186.0,2.02,26,clusters,0,1.0,0,0,0
orbit_test,orbit,test,38.6,334.6,2.71,34,crowd,0,1.0,0,0,0
orbit_test,orbit,test,73.9,194.8,1.49,17,rows,0,1.0,0,0,0
orbit_test,orbit,test,39.2,279.9,2.56,30,rows,0,1.0,0,0,0
orbit_test,orbit,test,41.1,276.6,1.09,9,as built,0,1.0,0,0,0
orbit_test,orbit,test,61.7,216.3,2.18,4,scatter,0,1.0,0,0,0
orbit_test,orbit,test,70.8,213.6,1.82,20,cluster,0,1.0,0,0,0
orbit_test,orbit,test,79.7,253.6,1.62,7,scatter,0,1.0,0,0,0
orbit_test,orbit,test,54.9,125.1,2.12,26,cluster,0,1.0,0,0,0
orbit_test,orbit,test,36.0,287.2,1.57,15,scatter,0,1.0,0,0,0
orbit_test,orbit,test,34.1,348.3,2.52,12,as built,0,1.0,0,0,0
orbit_test,orbit,test,72.9,150.5,1.94,30,scatter,0,1.0,0,0,0
orbit_test,orbit,test,81.7,317.1,1.08,3,cluster,0,1.0,0,0,0
orbit_test,orbit,test,82.4,243.0,1.6,1,cluster,0,1.0,0,0,0
orbit_test,orbit,test,36.4,292.2,1.11,22,scatter,0,1.0,0,0,0
orbit_test,orbit,test,69.7,241.3,1.44,21,scatter,0,1.0,0,0,0
orbit_test,orbit,test,72.8,114.3,1.89,17,as built,0,1.0,0,0,0
orbit_test,orbit,test,44.2,356.0,2.19,16,as built,0,1.0,0,0,0
orbit_test,orbit,test,41.6,44.2,2.52,24,scatter,0,1.0,0,0,0
orbit_test,orbit,test,39.4,356.5,2.56,37,crowd,0,1.0,0,0,0
orbit_test,orbit,test,45.3,273.6,1.6,10,scatter,0,1.0,0,0,0
orbit_test,orbit,test,33.4,196.0,3.08,5,scatter,0,1.0,0,0,0
orbit_test,orbit,test,51.5,28.0,1.8,10,scatter,0,1.0,0,0,0
orbit_test,orbit,test,64.3,322.7,1.41,12,scatter,0,1.0,0,0,0
orbit_test,orbit,test,51.6,263.3,1.96,57,scatter,0,1.0,0,0,0
orbit_test,orbit,test,44.4,1.6,1.56,12,rows,0,1.0,0,0,0
orbit_test,orbit,test,38.0,244.8,2.58,41,scatter,0,1.0,0,0,0
orbit_test,orbit,test,38.1,141.3,2.59,8,scatter,0,1.0,0,0,0
orbit_test,orbit,test,34.2,175.8,2.3,13,rows,0,1.0,0,0,0
orbit_test,orbit,test,67.0,97.0,1.51,2,scatter,0,1.0,0,0,0
orbit_test,orbit,test,44.1,76.9,2.36,9,clusters,0,1.0,0,0,0
orbit_test,orbit,test,33.9,140.1,2.26,8,as built,0,1.0,0,0,0
orbit_test,orbit,test,46.5,248.9,2.52,10,scatter,0,1.0,0,0,0
orbit_test,orbit,test,59.5,38.7,1.96,27,scatter,0,1.0,0,0,0
orbit_test,orbit,test,58.5,186.6,1.71,13,crowd,0,1.0,0,0,0
orbit_test,orbit,test,40.0,264.4,2.76,14,scatter,0,1.0,0,0,0
orbit_test,orbit,test,76.8,64.3,1.77,9,as built,0,1.0,0,0,0
orbit_test,orbit,test,37.2,81.8,1.81,29,crowd,0,1.0,0,0,0
orbit_test,orbit,test,62.1,165.3,1.62,26,rows,0,1.0,0,0,0
orbit_test,orbit,test,52.0,192.2,1.41,10,scatter,0,1.0,0,0,0
orbit_test,orbit,test,55.5,72.2,1.68,18,as built,0,1.0,0,0,0
orbit_test,orbit,test,71.3,238.4,1.13,51,crowd,0,1.0,0,0,0
orbit_test,orbit,test,33.4,120.2,1.61,11,scatter,0,1.0,0,0,0
orbit_test,orbit,test,83.1,295.8,1.45,2,cluster,0,1.0,0,0,0
orbit_test,orbit,test,79.7,23.1,1.52,7,as built,0,1.0,0,0,0
orbit_test,orbit,test,66.6,357.4,1.68,61,crowd,0,1.0,0,0,0
orbit_test,orbit,test,83.1,345.1,1.33,4,scatter,0,1.0,0,0,0
orbit_test,orbit,test,49.2,230.7,1.91,53,scatter,0,1.0,0,0,0
orbit_test,orbit,test,38.6,189.7,2.35,59,scatter,0,1.0,0,0,0
orbit_test,orbit,test,46.5,105.8,1.35,35,clusters,0,1.0,0,0,0
orbit_test,orbit,test,60.7,201.1,1.9,1,cluster,0,1.0,0,0,0
orbit_test,orbit,test,57.3,298.1,1.78,15,scatter,0,1.0,0,0,0
orbit_test,orbit,test,79.4,310.7,1.76,7,scatter,0,1.0,0,0,0
orbit_test,orbit,test,35.2,22.4,1.64,20,as built,0,1.0,0,0,0
orbit_test,orbit,test,61.0,151.3,1.69,5,scatter,0,1.0,0,0,0
orbit_test,orbit,test,53.1,5.1,1.95,7,scatter,0,1.0,0,0,0
orbit_test,orbit,test,79.6,313.1,1.35,2,rows,0,1.0,0,0,0
orbit_test,orbit,test,45.0,258.3,1.79,5,scatter,0,1.0,0,0,0
orbit_test,orbit,test,64.9,312.5,1.96,11,as built,0,1.0,0,0,0
orbit_test,orbit,test,80.7,271.7,1.3,38,crowd,0,1.0,0,0,0
orbit_test,orbit,test,77.1,240.2,1.16,3,scatter,0,1.0,0,0,0
orbit_test,orbit,test,51.6,321.8,2.19,38,rows,0,1.0,0,0,0
orbit_test,orbit,test,66.0,221.6,1.05,10,scatter,0,1.0,0,0,0
orbit_test,orbit,test,78.1,176.2,1.74,14,cluster,0,1.0,0,0,0
orbit_test,orbit,test,57.3,350.6,1.95,14,as built,0,1.0,0,0,0
orbit_test,orbit,test,48.1,333.6,2.34,39,crowd,0,1.0,0,0,0
orbit_test,orbit,test,56.8,46.6,1.89,16,as built,0,1.0,0,0,0
orbit_test,orbit,test,59.5,117.3,2.12,15,as built,0,1.0,0,0,0
orbit_test,orbit,test,45.9,19.8,2.32,13,as built,0,1.0,0,0,0
orbit_test,orbit,test,53.9,106.3,2.18,41,rows,0,1.0,0,0,0
orbit_test,orbit,test,47.2,347.4,1.21,13,scatter,0,1.0,0,0,0
orbit_test,orbit,test,52.4,7.1,1.39,20,cluster,0,1.0,0,0,0
orbit_test,orbit,test,51.4,135.4,1.12,68,clusters,0,1.0,0,0,0
orbit_test,orbit,test,34.6,340.4,1.36,7,scatter,0,1.0,0,0,0
orbit_test,orbit,test,62.2,160.0,1.55,15,scatter,0,1.0,0,0,0
orbit_test,orbit,test,51.6,123.8,1.79,2,cluster,0,1.0,0,0,0
orbit_test,orbit,test,39.5,146.3,1.38,8,scatter,0,1.0,0,0,0
orbit_test,orbit,test,46.6,25.0,1.08,16,scatter,0,1.0,0,0,0
orbit_test,orbit,test,58.9,302.4,2.19,10,scatter,0,1.0,0,0,0
orbit_test,orbit,test,47.5,46.0,2.47,26,crowd,0,1.0,0,0,0
orbit_test,orbit,test,46.8,148.3,1.84,31,cluster,0,1.0,0,0,0
orbit_test,orbit,test,42.0,205.9,1.43,13,rows,0,1.0,0,0,0
orbit_test,orbit,test,43.6,16.4,2.68,4,scatter,0,1.0,0,0,0
orbit_test,orbit,test,41.9,229.7,2.56,9,cluster,0,1.0,0,0,0
orbit_test,orbit,test,37.4,173.5,3.0,10,as built,0,1.0,0,0,0
orbit_test,orbit,test,68.2,145.1,1.66,8,as built,0,1.0,0,0,0
orbit_test,orbit,test,31.8,174.8,2.48,26,clusters,0,1.0,0,0,0
orbit_test,orbit,test,41.5,64.3,1.64,46,scatter,0,1.0,0,0,0
orbit_test,orbit,test,32.4,237.6,1.09,5,rows,0,1.0,0,0,0
orbit_test,orbit,test,34.6,223.9,3.11,13,as built,0,1.0,0,0,0
orbit_test,orbit,test,58.0,345.0,1.05,9,scatter,0,1.0,0,0,0
orbit_test,orbit,test,75.3,256.5,1.4,38,crowd,0,1.0,0,0,0
orbit_test,orbit,test,71.1,1.9,1.13,13,cluster,0,1.0,0,0,0
orbit_test,orbit,test,50.5,330.6,1.76,1,cluster,0,1.0,0,0,0
orbit_test,orbit,test,74.3,266.9,1.17,5,scatter,0,1.0,0,0,0
orbit_test,orbit,test,47.5,208.0,2.12,8,scatter,0,1.0,0,0,0
orbit_test,orbit,test,51.1,189.5,2.17,11,as built,0,1.0,0,0,0
orbit_test,orbit,test,51.2,31.3,2.01,17,scatter,0,1.0,0,0,0
orbit_test,orbit,test,76.5,112.8,1.05,2,scatter,0,1.0,0,0,0
orbit_test,orbit,test,60.2,183.8,2.09,20,clusters,0,1.0,0,0,0
orbit_test,orbit,test,37.8,328.2,1.07,11,rows,0,1.0,0,0,0
orbit_test,orbit,test,34.4,295.6,2.2,15,clusters,0,1.0,0,0,0
orbit_test,orbit,test,48.3,2.1,1.77,10,scatter,0,1.0,0,0,0
orbit_test,orbit,test,60.5,90.7,1.38,19,cluster,0,1.0,0,0,0
orbit_test,orbit,test,43.8,33.8,1.77,12,cluster,0,1.0,0,0,0
orbit_test,orbit,test,41.6,224.6,2.47,14,cluster,0,1.0,0,0,0
orbit_test,orbit,test,76.4,352.1,1.5,5,scatter,0,1.0,0,0,0
orbit_test,orbit,test,58.0,297.4,1.25,35,crowd,0,1.0,0,0,0
orbit_test,orbit,test,33.1,123.8,2.7,6,rows,0,1.0,0,0,0
orbit_test,orbit,test,42.3,94.7,1.23,10,as built,0,1.0,0,0,0
orbit_test,orbit,test,37.9,40.0,2.06,48,scatter,0,1.0,0,0,0
orbit_test,orbit,test,38.2,283.1,1.81,50,rows,0,1.0,0,0,0
orbit_test,orbit,test,43.6,357.2,2.58,17,scatter,0,1.0,0,0,0
orbit_test,orbit,test,30.9,75.8,2.79,21,scatter,0,1.0,0,0,0
orbit_test,orbit,test,63.5,76.7,1.3,4,scatter,0,1.0,0,0,0
orbit_test,orbit,test,37.3,168.0,3.08,48,crowd,0,1.0,0,0,0
orbit_test,orbit,test,61.4,7.9,1.77,6,as built,0,1.0,0,0,0
orbit_test,orbit,test,31.7,208.9,1.98,35,crowd,0,1.0,0,0,0
orbit_test,orbit,test,55.7,201.4,1.35,2,cluster,0,1.0,0,0,0
orbit_test,orbit,test,36.2,96.7,2.97,14,as built,0,1.0,0,0,0
orbit_test,orbit,test,39.8,311.6,1.11,17,as built,0,1.0,0,0,0
orbit_test,orbit,test,66.0,345.2,1.3,18,scatter,0,1.0,0,0,0
orbit_test,orbit,test,60.1,58.5,1.46,34,crowd,0,1.0,0,0,0
orbit_test,orbit,test,45.7,13.6,1.95,7,scatter,0,1.0,0,0,0
orbit_test,orbit,test,75.1,340.4,1.97,1,cluster,0,1.0,0,0,0
orbit_test,orbit,test,53.8,179.6,2.21,21,clusters,0,1.0,0,0,0
orbit_test,orbit,test,32.9,207.2,2.06,17,cluster,0,1.0,0,0,0
orbit_test,orbit,test,54.8,199.5,1.96,11,as built,0,1.0,0,0,0
orbit_test,orbit,test,59.5,280.4,1.52,20,crowd,0,1.0,0,0,0
orbit_test,orbit,test,46.8,81.1,2.1,15,as built,0,1.0,0,0,0
orbit_test,orbit,test,45.3,15.9,1.84,4,scatter,0,1.0,0,0,0
orbit_test,orbit,test,71.9,17.3,1.61,5,scatter,0,1.0,0,0,0
orbit_test,orbit,test,39.4,145.8,1.4,6,scatter,0,1.0,0,0,0
orbit_test,orbit,test,43.1,52.1,1.88,16,cluster,0,1.0,0,0,0
orbit_test,orbit,test,54.4,130.9,2.09,8,cluster,0,1.0,0,0,0
orbit_test,orbit,test,51.4,327.2,2.37,27,scatter,0,1.0,0,0,0
orbit_test,orbit,test,31.8,118.0,1.34,9,scatter,0,1.0,0,0,0
orbit_test,orbit,test,65.4,251.6,1.75,46,crowd,0,1.0,0,0,0
orbit_test,orbit,test,40.8,48.5,2.84,22,as built,0,1.0,0,0,0
orbit_test,orbit,test,35.4,76.3,2.24,6,scatter,0,1.0,0,0,0
orbit_test,orbit,test,76.0,204.9,1.66,7,as built,0,1.0,0,0,0
orbit_test,orbit,test,34.1,36.8,2.26,45,crowd,0,1.0,0,0,0
orbit_test,orbit,test,44.2,170.0,2.24,16,crowd,0,1.0,0,0,0
orbit_test,orbit,test,33.3,7.4,3.19,51,clusters,0,1.0,0,0,0
orbit_test,orbit,test,51.6,143.2,2.24,46,scatter,0,1.0,0,0,0
orbit_test,orbit,test,38.1,277.5,1.47,23,rows,0,1.0,0,0,0
orbit_test,orbit,test,38.0,31.2,2.52,27,scatter,0,1.0,0,0,0
orbit_test,orbit,test,51.1,228.7,1.74,18,as built,0,1.0,0,0,0
orbit_test,orbit,test,41.5,170.1,1.27,48,crowd,0,1.0,0,0,0
orbit_test,orbit,test,67.3,244.7,1.26,29,crowd,0,1.0,0,0,0
orbit_test,orbit,test,76.4,71.2,1.23,5,scatter,0,1.0,0,0,0
orbit_test,orbit,test,83.9,194.5,1.26,22,clusters,0,1.0,0,0,0
orbit_test,orbit,test,59.3,247.3,1.84,45,rows,0,1.0,0,0,0
orbit_test,orbit,test,73.7,266.4,1.04,1,as built,0,1.0,0,0,0
orbit_test,orbit,test,45.4,294.4,1.02,10,crowd,0,1.0,0,0,0
orbit_test,orbit,test,36.6,352.4,2.77,30,scatter,0,1.0,0,0,0
orbit_test,orbit,test,34.0,19.5,1.46,24,cluster,0,1.0,0,0,0
orbit_test,orbit,test,32.9,43.4,1.66,66,clusters,0,1.0,0,0,0
orbit_test,orbit,test,50.5,65.2,1.55,23,cluster,0,1.0,0,0,0
orbit_test,orbit,test,67.0,304.2,1.92,6,as built,0,1.0,0,0,0
orbit_test,orbit,test,33.7,166.0,3.04,6,as built,0,1.0,0,0,0
orbit_test,orbit,test,31.6,198.3,2.58,19,scatter,0,1.0,0,0,0
orbit_test,orbit,test,60.8,309.8,1.45,24,rows,0,1.0,0,0,0
orbit_test,orbit,test,35.6,275.2,1.07,44,crowd,0,1.0,0,0,0
orbit_test,orbit,test,41.4,271.5,1.86,54,rows,0,1.0,0,0,0
orbit_test,orbit,test,50.1,184.0,2.0,27,crowd,0,1.0,0,0,0
orbit_test,orbit,test,40.8,309.7,2.72,18,as built,0,1.0,0,0,0
orbit_test,orbit,test,78.2,51.8,1.2,9,as built,0,1.0,0,0,0
orbit_test,orbit,test,83.2,245.2,1.95,4,as built,0,1.0,0,0,0
orbit_test,orbit,test,63.5,137.1,1.95,8,scatter,0,1.0,0,0,0
orbit_test,orbit,test,73.2,192.8,1.15,8,scatter,0,1.0,0,0,0
orbit_test,orbit,test,47.3,339.5,1.85,17,scatter,0,1.0,0,0,0
orbit_test,orbit,test,33.0,5.2,2.55,48,crowd,0,1.0,0,0,0
orbit_test,orbit,test,62.0,204.3,1.56,22,rows,0,1.0,0,0,0
orbit_test,orbit,test,84.2,156.2,1.7,10,cluster,0,1.0,0,0,0
orbit_test,orbit,test,38.6,276.0,1.92,5,scatter,0,1.0,0,0,0
orbit_test,orbit,test,59.8,342.4,1.62,7,scatter,0,1.0,0,0,0
orbit_test,orbit,test,63.6,262.5,1.7,24,clusters,0,1.0,0,0,0
orbit_test,orbit,test,53.9,227.9,1.02,25,scatter,0,1.0,0,0,0
orbit_test,orbit,test,76.9,4.5,1.46,16,scatter,0,1.0,0,0,0
orbit_test,orbit,test,77.0,237.0,1.04,19,cluster,0,1.0,0,0,0
orbit_test,orbit,test,75.9,230.7,1.19,34,scatter,0,1.0,0,0,0
orbit_test,orbit,test,56.4,211.0,1.72,2,scatter,0,1.0,0,0,0
orbit_test,orbit,test,30.3,324.8,2.44,14,scatter,0,1.0,0,0,0
orbit_test,orbit,test,71.7,243.1,1.54,7,scatter,0,1.0,0,0,0
orbit_test,orbit,test,48.9,83.2,1.37,10,as built,0,1.0,0,0,0
orbit_test,orbit,test,64.2,197.5,1.6,55,clusters,0,1.0,0,0,0
orbit_test,orbit,test,34.9,193.1,1.1,18,scatter,0,1.0,0,0,0
orbit_test,orbit,test,79.5,250.9,1.69,8,as built,0,1.0,0,0,0
orbit_test,orbit,test,76.3,153.0,1.85,19,scatter,0,1.0,0,0,0
orbit_test,orbit,test,73.6,268.8,1.05,1,cluster,0,1.0,0,0,0
orbit_test,orbit,test,42.6,326.3,1.79,15,cluster,0,1.0,0,0,0
orbit_test,orbit,test,67.8,294.5,1.73,2,cluster,0,1.0,0,0,0
orbit_test,orbit,test,80.1,29.2,1.08,1,scatter,0,1.0,0,0,0
orbit_test,orbit,test,51.0,290.6,1.4,7,as built,0,1.0,0,0,0
orbit_test,orbit,test,40.3,137.4,1.29,2,clusters,0,1.0,0,0,0
orbit_test,orbit,test,53.4,68.5,1.66,20,cluster,0,1.0,0,0,0
orbit_test,orbit,test,73.5,240.4,1.54,1,clusters,0,1.0,0,0,0
orbit_test,orbit,test,70.3,187.6,1.53,20,scatter,0,1.0,0,0,0
orbit_test,orbit,test,31.1,68.9,2.51,47,clusters,0,1.0,0,0,0
orbit_test,orbit,test,56.1,39.5,2.08,12,cluster,0,1.0,0,0,0
orbit_test,orbit,test,55.0,349.2,1.38,10,scatter,0,1.0,0,0,0
orbit_test,orbit,test,46.4,303.8,1.46,21,scatter,0,1.0,0,0,0
orbit_test,orbit,test,35.0,350.7,2.21,11,scatter,0,1.0,0,0,0
orbit_test,orbit,test,78.6,189.5,1.73,6,scatter,0,1.0,0,0,0
orbit_test,orbit,test,79.0,216.9,1.28,12,scatter,0,1.0,0,0,0
orbit_test,orbit,test,47.7,140.4,2.32,15,crowd,0,1.0,0,0,0
orbit_test,orbit,test,68.5,224.6,1.04,25,scatter,0,1.0,0,0,0
orbit_test,orbit,test,53.1,115.1,2.04,8,as built,0,1.0,0,0,0
orbit_test,orbit,test,31.3,29.4,3.16,22,as built,0,1.0,0,0,0
orbit_test,orbit,test,55.0,308.1,1.21,1,as built,0,1.0,0,0,0
orbit_test,orbit,test,34.8,168.6,1.75,8,rows,0,1.0,0,0,0
orbit_test,orbit,test,71.1,322.1,1.99,7,cluster,0,1.0,0,0,0
orbit_test,orbit,test,69.7,244.0,1.45,13,as built,0,1.0,0,0,0
orbit_test,orbit,test,30.1,176.2,3.25,45,crowd,0,1.0,0,0,0
orbit_test,orbit,test,67.7,312.9,1.11,2,scatter,0,1.0,0,0,0
orbit_test,orbit,test,79.0,348.3,1.36,4,cluster,0,1.0,0,0,0
orbit_test,orbit,test,48.7,244.4,1.9,14,scatter,0,1.0,0,0,0
orbit_test,orbit,test,42.6,216.0,2.64,36,rows,0,1.0,0,0,0
orbit_test,orbit,test,60.3,222.6,1.75,9,scatter,0,1.0,0,0,0
orbit_test,orbit,test,41.3,135.9,2.75,37,clusters,0,1.0,0,0,0
orbit_test,orbit,test,57.5,177.6,2.14,2,scatter,0,1.0,0,0,0
orbit_test,orbit,test,49.5,165.0,1.41,10,scatter,0,1.0,0,0,0
orbit_test,orbit,test,33.4,359.4,1.76,28,cluster,0,1.0,0,0,0
orbit_test,orbit,test,56.7,340.5,1.15,16,rows,0,1.0,0,0,0
orbit_test,orbit,test,68.4,32.1,1.42,7,scatter,0,1.0,0,0,0
orbit_test,orbit,test,39.6,121.2,1.55,29,rows,0,1.0,0,0,0
orbit_test,orbit,test,67.8,63.3,1.24,14,crowd,0,1.0,0,0,0
orbit_test,orbit,test,42.8,110.9,1.7,41,rows,0,1.0,0,0,0
orbit_test,orbit,test,51.6,99.3,2.09,19,cluster,0,1.0,0,0,0
orbit_test,orbit,test,80.4,340.5,1.17,19,scatter,0,1.0,0,0,0
orbit_test,orbit,test,55.2,194.6,2.21,8,as built,0,1.0,0,0,0
orbit_test,orbit,test,34.0,29.6,2.89,12,scatter,0,1.0,0,0,0
orbit_test,orbit,test,72.1,2.2,1.89,28,cluster,0,1.0,0,0,0
orbit_test,orbit,test,82.6,42.4,1.06,3,scatter,0,1.0,0,0,0
orbit_test,orbit,test,69.2,42.4,1.22,6,scatter,0,1.0,0,0,0
orbit_test,orbit,test,59.9,252.8,1.86,22,crowd,0,1.0,0,0,0
orbit_test,orbit,test,77.2,17.3,1.53,37,rows,0,1.0,0,0,0
orbit_test,orbit,test,54.6,149.1,1.44,14,as built,0,1.0,0,0,0
orbit_test,orbit,test,43.4,74.4,2.07,40,crowd,0,1.0,0,0,0
orbit_test,orbit,test,70.4,160.4,1.09,2,scatter,0,1.0,0,0,0
orbit_test,orbit,test,71.4,208.0,1.21,4,as built,0,1.0,0,0,0
orbit_test,orbit,test,79.5,75.2,1.17,38,crowd,0,1.0,0,0,0
orbit_test,orbit,test,40.1,45.2,1.76,20,rows,0,1.0,0,0,0
orbit_test,orbit,test,38.5,32.7,2.63,18,as built,0,1.0,0,0,0
orbit_test,orbit,test,45.9,25.9,2.54,29,rows,0,1.0,0,0,0
orbit_test,orbit,test,60.9,127.0,1.89,12,as built,0,1.0,0,0,0
orbit_test,orbit,test,34.9,238.2,3.27,20,clusters,0,1.0,0,0,0
orbit_test,orbit,test,41.1,97.0,1.92,43,rows,0,1.0,0,0,0
orbit_test,orbit,test,44.5,258.3,2.52,16,clusters,0,1.0,0,0,0
orbit_test,orbit,test,69.9,355.6,1.03,13,scatter,0,1.0,0,0,0
orbit_test,orbit,test,55.3,211.8,1.9,14,clusters,0,1.0,0,0,0
orbit_test,orbit,test,57.2,6.2,2.28,10,as built,0,1.0,0,0,0
orbit_test,orbit,test,72.0,168.6,1.15,1,cluster,0,1.0,0,0,0
orbit_test,orbit,test,72.5,45.3,1.05,7,as built,0,1.0,0,0,0
orbit_test,orbit,test,41.6,70.2,2.02,22,cluster,0,1.0,0,0,0
orbit_test,orbit,test,70.4,245.9,1.92,4,scatter,0,1.0,0,0,0
orbit_test,orbit,test,43.1,85.9,1.03,8,cluster,0,1.0,0,0,0
orbit_test,orbit,test,77.8,6.3,1.53,8,scatter,0,1.0,0,0,0
orbit_test,orbit,test,45.0,113.4,1.12,73,crowd,0,1.0,0,0,0
orbit_test,orbit,test,82.5,65.5,1.53,2,as built,0,1.0,0,0,0
orbit_test,orbit,test,76.8,15.5,1.83,15,scatter,0,1.0,0,0,0
orbit_test,orbit,test,51.5,355.8,1.76,34,clusters,0,1.0,0,0,0
orbit_test,orbit,test,58.9,273.7,2.05,12,cluster,0,1.0,0,0,0
orbit_test,orbit,test,34.0,42.0,2.12,15,cluster,0,1.0,0,0,0
orbit_test,orbit,test,42.3,106.6,1.27,7,scatter,0,1.0,0,0,0
orbit_test,orbit,test,49.8,53.4,1.81,14,scatter,0,1.0,0,0,0
orbit_test,orbit,test,71.7,158.5,2.02,10,as built,0,1.0,0,0,0
orbit_test,orbit,test,56.2,206.9,1.87,7,as built,0,1.0,0,0,0
orbit_test,orbit,test,77.9,269.7,1.92,16,cluster,0,1.0,0,0,0
orbit_test,orbit,test,65.8,42.2,1.59,5,scatter,0,1.0,0,0,0
orbit_test,orbit,test,40.9,195.9,1.93,59,crowd,0,1.0,0,0,0
orbit_test,orbit,test,30.1,213.8,2.05,11,as built,0,1.0,0,0,0
orbit_test,orbit,test,37.0,340.1,2.6,7,cluster,0,1.0,0,0,0
orbit_test,orbit,test,30.6,60.2,2.23,9,scatter,0,1.0,0,0,0
orbit_test,orbit,test,55.9,153.3,2.12,14,as built,0,1.0,0,0,0
orbit_test,orbit,test,42.0,332.0,1.72,25,scatter,0,1.0,0,0,0
orbit_test,orbit,test,59.8,22.4,1.78,19,cluster,0,1.0,0,0,0
orbit_test,orbit,test,73.2,317.5,1.71,16,clusters,0,1.0,0,0,0
orbit_test,orbit,test,76.6,68.9,1.08,67,crowd,0,1.0,0,0,0
orbit_test,orbit,test,67.7,172.4,1.88,10,as built,0,1.0,0,0,0
orbit_test,orbit,test,59.0,161.1,2.23,10,as built,0,1.0,0,0,0
orbit_test,orbit,test,79.6,159.8,1.57,4,as built,0,1.0,0,0,0
orbit_test,orbit,test,46.2,42.7,2.55,51,crowd,0,1.0,0,0,0
orbit_test,orbit,test,55.5,0.8,1.72,39,crowd,0,1.0,0,0,0
orbit_train,orbit,train,76.0,274.3,1.21,12,scatter,1,0.92,0,0,1
orbit_train,orbit,train,39.1,342.1,2.79,24,scatter,1,0.856,0,1,1
orbit_train,orbit,train,77.5,298.3,1.24,12,cluster,0,0.912,0,1,1
orbit_train,orbit,train,40.6,69.6,2.52,7,scatter,1,1.124,0,0,1
orbit_train,orbit,train,49.5,104.4,1.39,26,clusters,1,0.649,0,0,1
orbit_train,orbit,train,36.7,344.6,1.27,42,crowd,1,1.315,0,0,1
orbit_train,orbit,train,30.8,187.4,2.23,10,rows,0,0.675,0,1,1
orbit_train,orbit,train,80.0,131.2,1.74,13,as built,1,1.212,0,0,1
orbit_train,orbit,train,54.8,174.5,2.32,11,cluster,1,1.234,0,0,1
orbit_train,orbit,train,40.6,175.9,1.91,5,scatter,1,1.008,0,0,1
orbit_train,orbit,train,62.3,248.7,2.18,21,scatter,0,1.448,0,0,1
orbit_train,orbit,train,34.4,214.3,1.06,55,rows,1,0.599,0,0,1
orbit_train,orbit,train,40.0,190.5,1.87,17,scatter,0,1.325,0,0,1
orbit_train,orbit,train,34.8,99.9,2.39,15,scatter,1,0.825,0,0,1
orbit_train,orbit,train,61.6,301.7,1.21,12,cluster,0,0.952,0,0,1
orbit_train,orbit,train,31.5,109.9,2.19,7,rows,0,1.107,0,0,1
orbit_train,orbit,train,82.9,344.9,1.73,5,scatter,0,1.098,0,0,1
orbit_train,orbit,train,34.5,22.9,3.13,15,scatter,0,0.786,0,0,1
orbit_train,orbit,train,70.6,342.6,1.19,12,scatter,1,1.119,0,1,1
orbit_train,orbit,train,83.3,348.4,1.73,6,scatter,0,0.725,0,1,1
orbit_train,orbit,train,80.3,195.2,1.26,13,scatter,0,0.853,0,0,1
orbit_train,orbit,train,54.2,326.1,2.1,20,scatter,0,1.144,0,1,1
orbit_train,orbit,train,76.8,193.1,1.53,14,rows,0,0.824,0,0,1
orbit_train,orbit,train,87.7,312.6,1.83,16,rows,0,0.749,0,1,1
orbit_train,orbit,train,61.4,172.7,2.12,26,cluster,1,0.836,0,0,1
orbit_train,orbit,train,55.8,304.3,1.67,11,scatter,1,1.285,0,0,1
orbit_train,orbit,train,79.1,322.3,1.54,10,as built,1,0.918,0,0,1
orbit_train,orbit,train,54.7,178.0,2.07,2,cluster,1,0.969,0,0,1
orbit_train,orbit,train,32.2,345.8,3.26,66,scatter,1,1.047,0,1,1
orbit_train,orbit,train,73.8,148.2,1.91,15,clusters,1,1.384,0,0,1
orbit_train,orbit,train,54.4,284.1,1.33,13,clusters,1,0.746,0,1,1
orbit_train,orbit,train,52.7,17.1,2.3,15,scatter,1,1.429,0,1,1
orbit_train,orbit,train,68.0,313.9,1.86,50,scatter,1,0.928,0,1,1
orbit_train,orbit,train,55.9,152.8,1.15,13,cluster,1,0.768,0,0,1
orbit_train,orbit,train,31.6,62.4,2.76,24,rows,1,1.35,0,1,1
orbit_train,orbit,train,73.5,174.4,1.23,3,scatter,1,1.0,0,0,1
orbit_train,orbit,train,85.3,228.3,1.07,18,cluster,1,1.091,0,0,1
orbit_train,orbit,train,64.6,141.8,1.21,14,scatter,0,1.34,0,1,1
orbit_train,orbit,train,48.2,156.5,2.16,15,scatter,1,1.077,0,1,1
orbit_train,orbit,train,69.7,176.0,1.88,12,scatter,0,0.593,0,0,1
orbit_train,orbit,train,33.0,286.3,1.63,15,as built,1,1.272,0,0,1
orbit_train,orbit,train,52.6,96.7,2.13,9,as built,1,1.056,0,0,1
orbit_train,orbit,train,40.9,95.2,1.88,15,crowd,0,0.934,0,0,1
orbit_train,orbit,train,37.4,77.3,1.21,20,rows,1,1.173,0,0,1
orbit_train,orbit,train,72.5,304.6,1.8,19,crowd,1,1.1,0,0,1
orbit_train,orbit,train,31.8,309.9,2.1,45,crowd,1,0.991,0,0,1
orbit_train,orbit,train,39.8,287.0,1.05,15,scatter,1,1.355,0,0,1
orbit_train,orbit,train,43.3,320.3,2.19,28,cluster,1,0.685,0,0,1
orbit_train,orbit,train,42.0,295.1,2.48,57,scatter,1,0.602,0,1,1
orbit_train,orbit,train,45.3,63.7,2.37,23,as built,0,0.652,0,0,1
orbit_train,orbit,train,64.7,196.6,1.4,59,crowd,0,0.773,0,0,1
orbit_train,orbit,train,33.7,159.6,2.8,24,scatter,1,1.448,0,0,1
orbit_train,orbit,train,38.5,307.4,2.7,64,crowd,1,0.612,0,1,1
orbit_train,orbit,train,45.2,300.0,2.58,20,rows,1,0.757,0,0,1
orbit_train,orbit,train,56.6,145.2,1.5,40,clusters,1,1.22,0,0,1
orbit_train,orbit,train,62.4,216.7,1.62,10,as built,1,0.6,0,0,1
orbit_train,orbit,train,65.2,19.2,1.65,32,scatter,1,1.287,0,1,1
orbit_train,orbit,train,59.8,299.4,2.15,18,cluster,1,1.07,0,0,1
orbit_train,orbit,train,59.6,123.7,1.02,8,clusters,1,1.446,0,0,1
orbit_train,orbit,train,73.3,181.2,1.35,12,scatter,0,0.723,0,0,1
orbit_train,orbit,train,39.6,256.7,2.5,28,clusters,1,1.16,0,0,1
orbit_train,orbit,train,31.9,121.0,2.42,14,cluster,0,1.124,0,1,1
orbit_train,orbit,train,68.0,291.1,1.03,2,scatter,1,0.691,0,1,1
orbit_train,orbit,train,42.8,283.0,1.9,10,cluster,1,1.413,0,0,1
orbit_train,orbit,train,37.4,176.4,1.89,16,scatter,1,1.197,0,0,1
orbit_train,orbit,train,61.7,201.8,2.09,25,scatter,1,1.407,0,0,1
orbit_train,orbit,train,70.7,191.5,1.9,7,scatter,1,0.814,0,0,1
orbit_train,orbit,train,73.8,37.8,1.36,3,scatter,1,1.025,0,0,1
orbit_train,orbit,train,33.4,126.5,3.0,21,scatter,0,1.089,0,0,1
orbit_train,orbit,train,79.6,162.8,1.78,3,cluster,1,0.902,0,1,1
orbit_train,orbit,train,51.0,263.8,1.02,14,clusters,1,1.094,0,0,1
orbit_train,orbit,train,61.3,215.7,1.58,24,cluster,1,0.647,0,1,1
orbit_train,orbit,train,85.0,276.6,1.35,11,scatter,0,0.672,0,0,1
orbit_train,orbit,train,36.8,23.8,1.92,35,rows,1,1.159,0,0,1
orbit_train,orbit,train,48.0,349.7,1.31,20,scatter,1,0.632,0,1,1
orbit_train,orbit,train,77.5,320.4,1.48,4,scatter,1,1.214,0,0,1
orbit_train,orbit,train,50.4,164.9,1.17,36,scatter,0,0.976,0,0,1
orbit_train,orbit,train,31.9,245.5,1.02,53,clusters,1,1.326,0,0,1
orbit_train,orbit,train,43.1,235.4,2.66,5,cluster,1,1.396,0,0,1
orbit_train,orbit,train,30.7,337.3,2.36,26,scatter,1,1.305,0,0,1
orbit_train,orbit,train,34.2,252.5,1.51,11,cluster,0,0.89,0,0,1
orbit_train,orbit,train,48.0,165.4,1.38,20,scatter,1,0.982,0,0,1
orbit_train,orbit,train,30.8,275.0,3.47,10,scatter,1,1.206,0,0,1
orbit_train,orbit,train,48.2,55.9,1.13,24,cluster,1,1.115,0,0,1
orbit_train,orbit,train,67.6,170.9,1.32,17,cluster,1,1.056,0,0,1
orbit_train,orbit,train,39.7,149.2,1.56,8,clusters,0,0.886,0,0,1
orbit_train,orbit,train,80.3,219.2,1.46,13,cluster,0,1.345,0,0,1
orbit_train,orbit,train,71.4,43.8,1.95,13,cluster,1,0.657,0,0,1
orbit_train,orbit,train,58.8,153.0,1.04,13,clusters,1,0.998,0,1,1
orbit_train,orbit,train,34.7,92.8,2.12,11,cluster,0,0.666,0,1,1
orbit_train,orbit,train,79.7,190.4,1.15,21,clusters,0,0.614,0,1,1
orbit_train,orbit,train,76.6,242.7,1.41,7,scatter,1,0.664,0,1,1
orbit_train,orbit,train,83.8,232.6,1.86,4,scatter,1,0.934,0,0,1
orbit_train,orbit,train,43.2,313.9,1.62,38,rows,1,1.272,0,0,1
orbit_train,orbit,train,75.5,351.3,1.82,10,scatter,1,0.765,0,0,1
orbit_train,orbit,train,82.5,219.9,1.64,7,scatter,0,1.207,0,0,1
orbit_train,orbit,train,74.8,9.4,1.53,10,cluster,1,1.175,0,0,1
orbit_train,orbit,train,45.1,238.6,1.53,55,crowd,1,0.623,0,1,1
orbit_train,orbit,train,73.4,307.8,1.4,2,as built,1,1.344,0,1,1
orbit_train,orbit,train,40.3,222.7,1.14,13,cluster,1,1.267,0,0,1
orbit_train,orbit,train,41.1,48.6,2.06,52,scatter,1,0.674,0,0,1
orbit_train,orbit,train,74.3,266.7,1.47,11,scatter,1,1.357,0,0,1
orbit_train,orbit,train,52.5,135.5,1.91,4,scatter,1,1.123,0,0,1
orbit_train,orbit,train,30.3,101.3,1.6,12,clusters,1,1.256,0,0,1
orbit_train,orbit,train,66.4,335.5,1.19,49,crowd,0,1.355,0,0,1
orbit_train,orbit,train,74.3,355.4,1.58,5,scatter,0,1.137,0,0,1
orbit_train,orbit,train,49.9,184.5,2.4,13,scatter,1,0.752,0,0,1
orbit_train,orbit,train,64.3,96.0,1.82,19,clusters,1,0.71,0,1,1
orbit_train,orbit,train,77.7,150.9,1.13,13,rows,1,0.85,0,0,1
orbit_train,orbit,train,46.8,256.8,2.18,61,rows,0,0.726,0,1,1
orbit_train,orbit,train,36.8,212.6,1.88,13,scatter,1,1.049,0,0,1
orbit_train,orbit,train,43.6,304.5,2.19,6,scatter,1,1.159,0,0,1
orbit_train,orbit,train,48.8,82.2,1.96,26,scatter,0,1.122,0,1,1
orbit_train,orbit,train,52.7,277.0,1.57,5,scatter,1,0.797,0,1,1
orbit_train,orbit,train,45.1,17.6,2.48,6,scatter,0,1.375,0,0,1
orbit_train,orbit,train,74.1,218.9,1.45,27,clusters,1,1.412,0,0,1
orbit_train,orbit,train,31.1,186.3,2.17,2,cluster,1,1.047,0,0,1
orbit_train,orbit,train,78.5,308.9,1.65,20,crowd,1,1.009,0,0,1
orbit_train,orbit,train,64.1,1.8,1.85,18,scatter,1,1.143,0,1,1
orbit_train,orbit,train,39.8,40.5,1.73,12,scatter,1,0.769,0,1,1
orbit_train,orbit,train,79.6,144.7,1.82,8,cluster,1,0.905,0,0,1
orbit_train,orbit,train,52.8,256.0,1.63,11,scatter,1,0.773,0,0,1
orbit_train,orbit,train,73.1,306.0,1.2,64,rows,0,1.122,0,0,1
orbit_train,orbit,train,40.5,254.0,1.06,10,as built,0,0.937,0,0,1
orbit_train,orbit,train,53.9,18.4,1.61,4,scatter,0,1.119,0,1,1
orbit_train,orbit,train,75.1,317.3,1.68,8,scatter,1,1.437,0,0,1
orbit_train,orbit,train,80.8,90.0,1.75,3,scatter,0,1.044,0,1,1
orbit_train,orbit,train,84.2,197.0,1.6,6,scatter,0,0.795,0,0,1
orbit_train,orbit,train,42.2,85.5,1.74,3,scatter,0,0.571,0,0,1
orbit_train,orbit,train,65.2,288.2,1.98,14,scatter,1,1.176,0,0,1
orbit_train,orbit,train,80.4,246.8,1.87,5,clusters,1,0.848,0,0,1
orbit_train,orbit,train,59.8,24.5,1.47,10,cluster,1,0.952,0,1,1
orbit_train,orbit,train,55.9,76.7,1.57,29,clusters,0,0.921,0,1,1
orbit_train,orbit,train,61.7,4.8,1.76,66,rows,1,0.626,0,0,1
orbit_train,orbit,train,36.6,149.3,1.27,10,rows,1,0.969,0,0,1
orbit_train,orbit,train,38.3,291.9,1.07,17,rows,0,0.653,0,0,1
orbit_train,orbit,train,66.6,86.4,1.61,13,scatter,0,0.759,0,0,1
orbit_train,orbit,train,74.5,6.3,1.36,5,as built,1,1.193,0,0,1
orbit_train,orbit,train,82.4,60.8,1.19,7,scatter,1,1.18,0,1,1
orbit_train,orbit,train,73.8,161.5,1.88,6,cluster,1,1.381,0,1,1
orbit_train,orbit,train,71.2,247.1,1.43,10,as built,1,0.593,0,1,1
orbit_train,orbit,train,71.2,176.6,1.63,3,scatter,1,0.962,0,0,1
orbit_train,orbit,train,58.9,62.4,1.46,4,scatter,0,0.982,0,1,1
orbit_train,orbit,train,70.2,203.8,1.91,9,cluster,1,1.31,0,0,1
orbit_train,orbit,train,69.3,242.5,1.93,39,clusters,1,0.59,0,1,1
orbit_train,orbit,train,43.0,334.3,1.66,51,crowd,1,0.78,0,0,1
orbit_train,orbit,train,57.2,123.8,1.29,12,cluster,1,0.855,0,0,1
orbit_train,orbit,train,33.4,132.1,2.79,13,scatter,1,0.668,0,0,1
orbit_train,orbit,train,34.8,200.4,1.32,21,clusters,1,0.788,0,1,1
orbit_train,orbit,train,75.9,281.5,1.06,5,as built,1,1.179,0,1,1
orbit_train,orbit,train,73.3,348.7,1.97,29,rows,1,1.375,0,0,1
orbit_train,orbit,train,40.5,234.9,1.71,9,cluster,0,0.933,0,0,1
orbit_train,orbit,train,55.6,166.7,2.06,11,scatter,1,1.091,0,0,1
orbit_train,orbit,train,53.9,290.0,1.03,13,cluster,0,0.574,0,1,1
orbit_train,orbit,train,73.2,257.5,1.5,41,crowd,1,0.64,0,0,1
orbit_train,orbit,train,55.9,55.4,1.43,9,scatter,0,1.142,0,0,1
orbit_train,orbit,train,80.6,156.1,1.36,18,rows,1,0.606,0,1,1
orbit_train,orbit,train,86.9,125.0,1.57,19,cluster,0,1.4,0,1,1
orbit_train,orbit,train,83.6,133.8,1.72,1,cluster,1,1.143,0,0,1
orbit_train,orbit,train,40.6,97.7,1.03,10,scatter,0,1.43,0,1,1
orbit_train,orbit,train,38.7,225.8,2.82,12,as built,1,0.739,0,0,1
orbit_train,orbit,train,69.0,123.0,1.44,38,scatter,1,0.922,0,0,1
orbit_train,orbit,train,49.2,131.5,2.36,6,as built,0,1.432,0,0,1
orbit_train,orbit,train,83.7,79.9,1.47,11,rows,1,0.672,0,1,1
orbit_train,orbit,train,36.3,63.3,2.42,7,cluster,0,1.338,0,0,1
orbit_train,orbit,train,44.9,218.9,2.12,10,scatter,1,0.944,0,0,1
orbit_train,orbit,train,31.7,11.4,1.08,8,scatter,1,1.104,0,0,1
orbit_train,orbit,train,86.3,51.6,1.34,15,cluster,1,1.01,0,0,1
orbit_train,orbit,train,41.6,199.1,2.65,15,as built,0,0.72,0,1,1
orbit_train,orbit,train,46.0,42.8,1.2,13,as built,1,0.868,0,0,1
orbit_train,orbit,train,59.8,45.6,1.87,13,scatter,1,1.309,0,0,1
orbit_train,orbit,train,66.8,353.8,1.76,11,scatter,0,0.971,0,0,1
orbit_train,orbit,train,81.1,125.0,1.75,10,as built,1,0.586,0,0,1
orbit_train,orbit,train,37.9,254.4,2.64,27,cluster,0,1.185,0,0,1
orbit_train,orbit,train,58.7,120.4,1.06,5,scatter,0,1.359,0,0,1
orbit_train,orbit,train,32.2,289.8,1.85,36,scatter,1,1.398,0,0,1
orbit_train,orbit,train,46.4,32.8,2.54,17,scatter,1,1.102,0,0,1
orbit_train,orbit,train,56.0,35.4,2.18,5,scatter,1,0.925,0,0,1
orbit_train,orbit,train,81.9,358.2,1.18,9,scatter,1,0.714,0,0,1
orbit_train,orbit,train,72.1,315.6,1.67,14,scatter,1,1.17,0,1,1
orbit_train,orbit,train,76.3,182.6,1.16,9,rows,0,0.916,0,0,1
orbit_train,orbit,train,75.0,204.8,1.86,12,rows,1,1.15,0,0,1
orbit_train,orbit,train,65.0,250.5,1.19,11,cluster,1,1.159,0,0,1
orbit_train,orbit,train,82.2,318.8,1.32,7,scatter,1,0.848,0,0,1
orbit_train,orbit,train,41.9,97.3,1.23,2,scatter,0,1.306,0,1,1
orbit_train,orbit,train,30.7,356.0,1.78,19,scatter,1,1.029,0,0,1
orbit_train,orbit,train,78.9,112.0,1.73,22,crowd,1,0.827,0,0,1
orbit_train,orbit,train,65.9,299.1,1.04,28,rows,1,1.082,0,0,1
orbit_train,orbit,train,46.0,115.1,1.58,17,rows,0,1.107,0,0,1
orbit_train,orbit,train,45.4,271.7,1.38,9,as built,1,1.2,0,1,1
orbit_train,orbit,train,35.4,64.6,3.06,28,rows,0,0.566,0,0,1
orbit_train,orbit,train,45.7,18.3,2.17,1,scatter,1,1.108,0,0,1
orbit_train,orbit,train,30.2,255.1,1.86,51,rows,1,0.935,0,1,1
orbit_train,orbit,train,71.2,335.5,1.13,56,crowd,1,1.367,0,1,1
orbit_train,orbit,train,48.4,300.2,1.4,7,scatter,1,0.944,0,1,1
orbit_train,orbit,train,53.3,345.3,1.99,20,scatter,1,0.574,0,1,1
orbit_train,orbit,train,36.4,169.9,1.98,25,clusters,1,0.55,0,1,1
orbit_train,orbit,train,32.5,137.5,2.68,2,scatter,1,1.276,0,1,1
orbit_train,orbit,train,59.0,308.5,1.4,14,scatter,1,1.389,0,0,1
orbit_train,orbit,train,78.1,198.4,1.48,14,cluster,1,1.324,0,0,1
orbit_train,orbit,train,80.5,279.3,1.53,27,cluster,1,1.022,0,0,1
orbit_train,orbit,train,63.8,332.5,1.17,29,rows,1,1.146,0,1,1
orbit_train,orbit,train,32.1,107.8,2.03,13,crowd,0,0.608,0,0,1
orbit_train,orbit,train,50.4,202.8,2.33,33,scatter,0,0.814,0,0,1
orbit_train,orbit,train,78.6,20.6,1.84,27,rows,0,0.978,0,1,1
orbit_train,orbit,train,76.7,355.1,1.91,15,scatter,1,0.952,0,0,1
orbit_train,orbit,train,61.0,134.2,1.11,8,as built,0,1.308,0,0,1
orbit_train,orbit,train,43.6,138.7,2.69,35,rows,0,0.735,0,0,1
orbit_train,orbit,train,78.0,11.2,1.37,6,scatter,0,0.778,0,0,1
orbit_train,orbit,train,42.6,18.5,1.13,28,cluster,1,0.928,0,0,1
orbit_train,orbit,train,61.8,178.6,1.78,5,scatter,0,0.552,0,1,1
orbit_train,orbit,train,58.9,167.1,1.47,8,rows,1,1.104,0,1,1
orbit_train,orbit,train,80.9,299.0,1.12,16,cluster,1,1.126,0,0,1
orbit_train,orbit,train,77.3,203.1,1.4,25,crowd,1,0.565,0,0,1
orbit_train,orbit,train,48.9,49.1,2.37,9,scatter,1,1.05,0,0,1
orbit_train,orbit,train,50.0,27.1,1.42,5,cluster,1,1.199,0,0,1
orbit_train,orbit,train,72.5,131.5,1.91,20,rows,1,0.741,0,1,1
orbit_train,orbit,train,42.6,136.1,1.96,8,clusters,1,0.609,0,1,1
orbit_train,orbit,train,67.6,269.0,1.59,4,cluster,1,0.737,0,0,1
orbit_train,orbit,train,63.7,286.0,1.84,17,cluster,1,1.371,0,0,1
orbit_train,orbit,train,33.8,266.9,2.82,41,crowd,1,1.011,0,0,1
orbit_train,orbit,train,36.4,250.7,3.14,9,cluster,0,1.364,0,0,1
orbit_train,orbit,train,39.9,153.2,1.24,7,scatter,1,0.872,0,0,1
orbit_train,orbit,train,75.5,337.8,1.71,32,scatter,1,1.237,0,1,1
orbit_train,orbit,train,77.0,126.6,1.55,13,cluster,1,0.837,0,1,1
orbit_train,orbit,train,84.8,42.2,1.59,5,scatter,1,1.015,0,0,1
orbit_train,orbit,train,64.5,68.7,1.62,20,scatter,1,0.636,0,1,1
orbit_train,orbit,train,79.7,73.9,1.06,25,clusters,1,0.745,0,1,1
orbit_train,orbit,train,40.4,158.4,2.44,23,scatter,1,0.588,0,1,1
orbit_train,orbit,train,54.4,295.9,1.52,41,crowd,1,1.066,0,1,1
orbit_train,orbit,train,63.4,142.0,1.97,21,clusters,1,0.874,0,0,1
orbit_train,orbit,train,43.5,190.4,1.86,3,scatter,1,0.914,0,1,1
orbit_train,orbit,train,58.7,115.6,1.42,9,cluster,1,0.646,0,0,1
orbit_train,orbit,train,86.3,356.2,1.78,47,scatter,1,1.089,0,1,1
orbit_train,orbit,train,61.4,312.3,1.24,9,scatter,1,0.969,0,0,1
orbit_train,orbit,train,38.3,51.2,1.35,6,cluster,1,1.243,0,0,1
orbit_train,orbit,train,80.5,347.8,1.27,1,cluster,1,1.284,0,0,1
orbit_train,orbit,train,59.0,334.7,2.07,10,as built,1,0.849,0,1,1
orbit_train,orbit,train,50.7,275.0,1.47,9,scatter,0,1.105,0,1,1
orbit_train,orbit,train,38.6,265.6,1.91,14,scatter,0,1.041,0,0,1
orbit_train,orbit,train,62.5,226.3,2.0,17,clusters,0,0.682,0,0,1
orbit_train,orbit,train,47.1,94.0,1.02,26,rows,0,1.182,0,0,1
orbit_train,orbit,train,60.4,44.3,1.32,7,rows,1,1.064,0,1,1
orbit_train,orbit,train,40.0,259.3,1.6,7,rows,1,1.182,0,0,1
orbit_train,orbit,train,39.0,293.0,1.81,39,scatter,1,0.997,0,0,1
orbit_train,orbit,train,73.8,114.4,1.77,17,scatter,1,1.436,0,0,1
orbit_train,orbit,train,71.3,39.4,1.63,8,scatter,1,1.135,0,0,1
orbit_train,orbit,train,53.9,124.3,1.23,49,clusters,1,0.878,0,0,1
orbit_train,orbit,train,43.1,327.2,1.26,7,scatter,1,1.098,0,1,1
orbit_train,orbit,train,87.9,82.9,1.52,3,cluster,1,1.279,0,0,1
orbit_train,orbit,train,41.8,259.0,1.77,13,clusters,0,0.811,0,1,1
orbit_train,orbit,train,75.1,50.3,1.46,7,scatter,0,0.765,0,1,1
orbit_train,orbit,train,51.3,161.3,2.05,25,cluster,0,0.997,0,1,1
orbit_train,orbit,train,32.0,163.7,1.04,12,scatter,1,0.588,0,1,1
orbit_train,orbit,train,38.8,119.7,2.5,7,scatter,1,1.404,0,0,1
orbit_train,orbit,train,80.6,306.2,1.67,3,scatter,1,1.09,0,0,1
orbit_train,orbit,train,71.0,246.3,1.44,24,rows,0,0.987,0,1,1
orbit_train,orbit,train,43.0,261.2,1.26,3,scatter,0,1.265,0,1,1
orbit_train,orbit,train,50.0,174.6,2.23,3,scatter,1,0.565,0,0,1
orbit_train,orbit,train,64.0,294.4,1.97,8,scatter,0,1.354,0,1,1
orbit_train,orbit,train,56.3,340.2,1.2,17,rows,0,1.049,0,0,1
orbit_train,orbit,train,72.7,182.7,1.56,9,as built,1,1.188,0,0,1
orbit_train,orbit,train,73.5,204.2,1.34,36,rows,1,1.096,0,1,1
orbit_train,orbit,train,48.6,333.2,1.19,31,rows,1,0.935,0,1,1
orbit_train,orbit,train,31.6,7.6,2.83,48,crowd,0,1.133,0,0,1
orbit_train,orbit,train,58.0,244.8,1.45,13,clusters,1,1.4,0,0,1
orbit_train,orbit,train,74.2,76.5,1.73,23,scatter,0,1.355,0,0,1
orbit_train,orbit,train,48.4,225.6,1.45,10,clusters,1,0.908,0,0,1
orbit_train,orbit,train,30.2,276.3,2.46,12,scatter,1,1.446,0,0,1
orbit_train,orbit,train,38.7,342.6,2.18,11,as built,1,1.034,0,0,1
orbit_train,orbit,train,30.1,52.5,2.52,23,scatter,1,0.911,0,0,1
orbit_train,orbit,train,39.3,231.9,1.21,10,scatter,1,0.83,0,0,1
orbit_train,orbit,train,82.1,339.0,1.37,2,clusters,1,1.066,0,0,1
orbit_train,orbit,train,33.6,146.0,1.27,5,as built,1,1.179,0,1,1
orbit_train,orbit,train,54.1,347.0,1.55,9,cluster,1,0.876,0,0,1
orbit_train,orbit,train,32.1,251.3,3.23,23,scatter,1,0.869,0,0,1
orbit_train,orbit,train,41.0,23.3,1.59,35,clusters,0,0.869,0,1,1
orbit_train,orbit,train,63.9,254.6,1.93,13,scatter,1,0.838,0,0,1
orbit_train,orbit,train,34.6,260.3,2.27,14,scatter,1,0.731,0,0,1
orbit_train,orbit,train,79.6,143.5,1.05,4,scatter,1,0.665,0,1,1
orbit_train,orbit,train,66.7,313.0,1.84,49,clusters,1,0.677,0,0,1
orbit_train,orbit,train,82.5,133.0,1.76,10,scatter,0,0.999,0,1,1
orbit_train,orbit,train,49.4,125.5,1.34,11,scatter,0,1.052,0,0,1
orbit_train,orbit,train,52.6,203.5,1.2,10,as built,0,0.654,0,0,1
orbit_train,orbit,train,72.2,291.0,1.15,10,scatter,1,1.167,0,0,1
orbit_train,orbit,train,30.2,5.8,2.52,34,scatter,0,0.69,0,0,1
orbit_train,orbit,train,73.5,45.8,1.26,9,as built,1,0.778,0,0,1
orbit_train,orbit,train,37.8,67.2,2.54,22,scatter,1,0.58,0,1,1
orbit_train,orbit,train,44.3,261.5,1.04,10,rows,1,0.941,0,1,1
orbit_train,orbit,train,43.3,169.1,1.95,18,as built,1,0.851,0,0,1
orbit_train,orbit,train,68.0,62.8,1.48,2,scatter,0,0.579,0,1,1
orbit_train,orbit,train,51.4,175.3,1.24,35,crowd,1,1.295,0,1,1
orbit_train,orbit,train,34.4,212.1,2.44,15,scatter,1,0.831,0,1,1
orbit_train,orbit,train,74.4,241.6,1.53,5,as built,0,0.873,0,1,1
orbit_train,orbit,train,40.9,223.6,1.44,13,scatter,1,0.619,0,0,1
orbit_train,orbit,train,47.9,135.5,1.06,2,cluster,1,1.435,0,0,1
orbit_train,orbit,train,31.2,309.7,2.79,25,scatter,1,1.179,0,0,1
orbit_train,orbit,train,31.8,100.5,1.07,7,as built,0,0.877,0,1,1
orbit_train,orbit,train,57.7,221.5,1.55,7,scatter,0,0.867,0,0,1
orbit_train,orbit,train,31.2,98.3,1.88,20,scatter,1,0.931,0,1,1
orbit_train,orbit,train,40.9,219.7,2.49,27,scatter,0,1.094,0,0,1
orbit_train,orbit,train,34.6,139.3,1.51,25,rows,0,0.645,0,0,1
orbit_train,orbit,train,54.8,315.2,1.15,10,scatter,1,0.645,0,1,1
orbit_train,orbit,train,41.3,204.4,1.61,75,scatter,1,1.079,0,0,1
orbit_train,orbit,train,32.2,274.8,2.77,40,rows,0,0.662,0,1,1
orbit_train,orbit,train,40.9,310.3,1.6,6,scatter,0,0.611,0,0,1
orbit_train,orbit,train,45.6,355.7,1.21,9,cluster,0,1.057,0,1,1
orbit_train,orbit,train,36.6,356.2,1.9,20,clusters,1,1.335,0,1,1
orbit_train,orbit,train,57.2,327.8,2.18,8,scatter,1,0.732,0,0,1
orbit_train,orbit,train,55.5,9.6,1.7,11,scatter,1,1.277,0,1,1
orbit_train,orbit,train,69.6,189.9,1.3,18,cluster,0,1.222,0,1,1
orbit_train,orbit,train,36.2,86.3,1.65,2,scatter,1,0.949,0,1,1
orbit_train,orbit,train,73.7,306.0,1.49,14,as built,1,0.933,0,1,1
orbit_train,orbit,train,85.6,76.4,1.67,11,scatter,1,0.716,0,0,1
orbit_train,orbit,train,39.1,2.6,1.83,8,clusters,1,1.025,0,0,1
orbit_train,orbit,train,66.5,323.5,1.62,4,scatter,1,0.655,0,0,1
orbit_train,orbit,train,38.8,206.1,2.88,34,clusters,1,0.858,0,1,1
orbit_train,orbit,train,44.9,186.9,1.07,35,rows,1,0.726,0,0,1
orbit_train,orbit,train,84.9,233.9,1.88,13,cluster,1,0.675,0,0,1
orbit_train,orbit,train,87.6,89.6,1.85,21,cluster,1,1.281,0,0,1
orbit_train,orbit,train,33.1,47.2,3.03,21,clusters,1,0.967,0,0,1
orbit_train,orbit,train,37.0,94.6,2.12,8,as built,1,1.178,0,0,1
orbit_train,orbit,train,80.9,25.7,1.18,8,scatter,0,1.236,0,0,1
orbit_train,orbit,train,53.9,108.4,1.07,17,clusters,0,1.26,0,0,1
orbit_train,orbit,train,78.5,194.8,1.57,2,scatter,1,0.81,0,1,1
orbit_train,orbit,train,63.0,343.3,1.7,11,scatter,0,1.18,0,0,1
orbit_train,orbit,train,39.5,152.2,1.88,29,clusters,1,1.239,0,1,1
orbit_train,orbit,train,40.2,102.3,1.5,3,scatter,1,0.743,0,0,1
orbit_train,orbit,train,52.7,115.5,1.33,10,rows,0,1.375,0,1,1
orbit_train,orbit,train,47.9,132.5,1.88,7,scatter,0,1.41,0,1,1
orbit_train,orbit,train,45.4,314.9,1.55,8,scatter,1,0.865,0,0,1
orbit_train,orbit,train,67.8,149.9,1.53,9,rows,0,1.362,0,0,1
orbit_train,orbit,train,81.8,174.2,1.58,5,as built,1,1.222,0,1,1
orbit_train,orbit,train,46.7,223.0,1.49,73,crowd,1,1.396,0,0,1
orbit_train,orbit,train,42.3,124.1,2.18,47,scatter,0,1.236,0,0,1
orbit_train,orbit,train,33.2,354.0,2.2,19,scatter,1,0.627,0,1,1
orbit_train,orbit,train,58.0,240.5,1.47,26,cluster,1,0.951,0,0,1
orbit_train,orbit,train,47.7,64.0,2.12,10,scatter,1,1.133,0,1,1
orbit_train,orbit,train,38.2,196.9,1.71,7,clusters,1,0.786,0,0,1
orbit_train,orbit,train,45.8,236.4,1.24,9,rows,1,1.334,0,0,1
orbit_train,orbit,train,48.4,262.8,1.23,5,scatter,0,0.95,0,0,1
orbit_train,orbit,train,58.5,189.3,1.69,2,scatter,1,1.065,0,0,1
orbit_train,orbit,train,82.5,236.7,1.01,3,cluster,1,0.972,0,0,1
orbit_train,orbit,train,54.5,9.4,2.11,24,rows,0,1.437,0,0,1
orbit_train,orbit,train,69.4,87.0,1.42,20,scatter,1,0.864,0,0,1
orbit_train,orbit,train,75.3,223.9,1.16,3,scatter,1,1.015,0,0,1
orbit_train,orbit,train,35.2,156.5,3.17,44,clusters,1,1.384,0,0,1
orbit_train,orbit,train,34.5,218.6,1.09,1,as built,1,1.389,0,0,1
orbit_train,orbit,train,58.5,90.5,1.72,42,scatter,1,0.646,0,1,1
orbit_train,orbit,train,58.2,209.6,1.05,50,crowd,1,0.657,0,0,1
orbit_train,orbit,train,72.2,186.5,1.57,30,scatter,0,0.881,0,0,1
orbit_train,orbit,train,37.8,139.6,2.27,51,clusters,0,1.063,0,0,1
orbit_train,orbit,train,37.4,51.8,2.51,26,scatter,1,1.373,0,0,1
orbit_train,orbit,train,47.6,19.3,2.1,18,cluster,1,1.417,0,0,1
orbit_train,orbit,train,60.9,176.2,1.35,5,scatter,1,0.916,0,0,1
orbit_train,orbit,train,44.3,127.4,1.5,8,as built,0,0.775,0,0,1
orbit_train,orbit,train,74.3,171.1,1.5,8,scatter,1,1.383,0,0,1
orbit_train,orbit,train,57.8,45.0,1.8,17,as built,0,1.443,0,0,1
orbit_train,orbit,train,77.2,200.3,1.32,1,scatter,1,1.196,0,1,1
orbit_train,orbit,train,77.5,249.0,1.14,21,rows,1,0.767,0,0,1
orbit_train,orbit,train,49.0,101.1,1.95,10,scatter,1,1.321,0,0,1
orbit_train,orbit,train,68.1,201.8,1.72,7,rows,1,0.895,0,0,1
orbit_train,orbit,train,43.3,309.9,2.47,7,scatter,1,0.96,0,1,1
orbit_train,orbit,train,52.1,258.3,1.4,6,scatter,0,1.133,0,1,1
orbit_train,orbit,train,43.3,304.3,2.4,50,clusters,1,0.563,0,1,1
orbit_train,orbit,train,56.3,281.4,1.33,12,rows,1,0.774,0,0,1
orbit_train,orbit,train,36.3,162.5,3.12,15,crowd,0,1.193,0,0,1
orbit_train,orbit,train,30.3,265.2,1.28,19,cluster,1,0.825,0,1,1
orbit_train,orbit,train,50.9,30.5,2.31,65,rows,1,1.127,0,1,1
orbit_train,orbit,train,82.9,52.9,1.59,12,crowd,1,1.281,0,0,1
orbit_train,orbit,train,75.4,218.4,1.3,8,as built,1,1.211,0,1,1
orbit_train,orbit,train,31.6,259.4,1.59,49,rows,1,1.02,0,0,1
orbit_train,orbit,train,47.1,234.3,1.92,14,cluster,1,0.645,0,0,1
orbit_train,orbit,train,44.5,102.1,1.69,13,cluster,1,1.416,0,0,1
orbit_train,orbit,train,40.7,90.4,1.53,14,cluster,1,1.025,0,0,1
orbit_train,orbit,train,47.2,323.2,1.76,32,clusters,1,1.331,0,0,1
orbit_train,orbit,train,72.9,280.1,1.92,9,as built,1,1.228,0,0,1
orbit_train,orbit,train,70.5,312.7,1.77,27,crowd,1,0.597,0,0,1
orbit_train,orbit,train,75.4,183.3,1.34,11,crowd,1,0.604,0,0,1
orbit_train,orbit,train,36.6,318.9,2.92,6,scatter,1,0.65,0,0,1
orbit_train,orbit,train,87.0,60.0,1.32,7,rows,1,1.261,0,1,1
orbit_train,orbit,train,44.5,255.2,2.22,20,crowd,1,1.383,0,0,1
orbit_train,orbit,train,85.0,66.3,1.34,7,scatter,1,1.192,0,0,1
orbit_train,orbit,train,58.9,244.3,1.09,5,as built,1,1.447,0,1,1
orbit_train,orbit,train,62.9,266.8,1.09,9,cluster,1,1.402,0,0,1
orbit_train,orbit,train,67.0,248.0,1.53,36,crowd,1,0.574,0,0,1
orbit_train,orbit,train,43.7,84.4,1.89,16,clusters,1,1.185,0,0,1
orbit_train,orbit,train,42.0,316.4,1.96,27,clusters,1,1.039,0,0,1
orbit_train,orbit,train,48.2,73.0,2.08,8,scatter,1,1.199,0,0,1
orbit_train,orbit,train,74.6,121.4,1.16,3,cluster,0,1.123,0,0,1
orbit_train,orbit,train,42.0,341.9,2.26,46,scatter,1,1.449,0,0,1
orbit_train,orbit,train,48.3,126.9,1.54,4,scatter,0,1.082,0,0,1
orbit_train,orbit,train,37.8,339.0,1.75,5,cluster,1,1.223,0,0,1
orbit_train,orbit,train,51.9,263.6,1.66,23,cluster,1,1.332,0,0,1
orbit_train,orbit,train,84.4,97.0,1.82,11,clusters,1,0.963,0,1,1
orbit_train,orbit,train,43.0,147.2,1.86,16,as built,0,0.813,0,1,1
orbit_train,orbit,train,49.3,289.0,1.72,3,cluster,1,0.958,0,0,1
orbit_train,orbit,train,36.1,314.4,2.28,42,clusters,1,0.632,0,0,1
orbit_train,orbit,train,33.0,288.1,1.91,6,scatter,1,0.959,0,1,1
orbit_train,orbit,train,75.7,90.0,1.3,6,rows,1,1.162,0,0,1
orbit_train,orbit,train,38.9,306.9,1.27,23,cluster,0,0.677,0,1,1
orbit_train,orbit,train,79.1,219.0,1.07,1,scatter,0,1.416,0,1,1
orbit_train,orbit,train,51.5,255.7,1.81,18,scatter,1,1.124,0,0,1
orbit_train,orbit,train,42.3,275.4,1.85,21,rows,1,1.027,0,0,1
orbit_train,orbit,train,42.0,64.5,2.0,13,as built,1,1.394,0,0,1
orbit_train,orbit,train,65.1,124.2,1.05,5,as built,1,1.414,0,0,1
orbit_train,orbit,train,77.7,356.6,1.7,13,scatter,1,0.559,0,0,1
orbit_train,orbit,train,81.3,213.1,1.93,2,scatter,0,0.999,0,1,1
orbit_train,orbit,train,64.9,316.7,1.37,6,cluster,1,0.897,0,1,1
orbit_train,orbit,train,56.0,97.2,1.08,3,scatter,1,1.08,0,1,1
orbit_train,orbit,train,48.5,300.2,1.29,7,as built,0,0.563,0,0,1
orbit_train,orbit,train,59.7,97.3,1.53,6,as built,1,0.572,0,0,1
orbit_train,orbit,train,70.1,264.5,1.88,14,scatter,1,1.04,0,1,1
orbit_train,orbit,train,40.2,283.0,1.3,34,crowd,1,0.732,0,0,1
orbit_train,orbit,train,77.4,275.1,1.04,5,cluster,1,0.776,0,0,1
orbit_train,orbit,train,51.3,81.5,1.81,10,scatter,1,0.613,0,0,1
orbit_train,orbit,train,58.3,275.9,2.15,15,as built,0,0.626,0,1,1
orbit_train,orbit,train,75.1,289.6,1.45,8,as built,1,0.593,0,0,1
orbit_train,orbit,train,79.7,201.4,1.95,7,scatter,0,0.755,0,1,1
orbit_train,orbit,train,30.7,34.5,3.26,59,rows,0,0.78,0,0,1
orbit_train,orbit,train,39.8,230.9,2.43,15,rows,1,1.061,0,0,1
orbit_train,orbit,train,40.2,294.4,2.98,26,scatter,1,1.281,0,0,1
orbit_train,orbit,train,79.2,274.3,1.72,20,scatter,0,1.408,0,0,1
orbit_train,orbit,train,67.0,22.5,1.77,4,scatter,1,1.298,0,1,1
orbit_train,orbit,train,81.9,192.3,1.38,55,clusters,1,1.038,0,0,1
orbit_train,orbit,train,77.2,325.9,1.45,8,scatter,1,1.373,0,0,1
orbit_train,orbit,train,43.1,344.3,2.38,29,scatter,1,0.724,0,1,1
orbit_train,orbit,train,57.7,119.5,1.96,53,rows,1,1.251,0,1,1
orbit_train,orbit,train,38.5,169.7,1.16,26,scatter,0,0.552,0,0,1
orbit_train,orbit,train,75.7,233.2,1.34,12,scatter,1,0.967,0,0,1
orbit_train,orbit,train,50.0,235.5,2.49,61,clusters,1,1.012,0,0,1
orbit_train,orbit,train,73.0,307.8,1.48,23,cluster,1,1.136,0,0,1
orbit_train,orbit,train,74.1,149.3,1.68,8,scatter,1,1.013,0,1,1
orbit_train,orbit,train,68.3,98.5,1.95,18,scatter,1,1.318,0,0,1
orbit_train,orbit,train,68.8,227.6,1.85,4,cluster,1,0.878,0,1,1
orbit_train,orbit,train,59.4,96.9,2.06,45,rows,1,1.353,0,0,1
orbit_train,orbit,train,51.8,215.4,1.5,56,clusters,1,1.188,0,0,1
orbit_train,orbit,train,83.4,252.8,1.03,11,scatter,1,1.432,0,0,1
orbit_train,orbit,train,43.7,302.4,1.46,13,scatter,0,1.331,0,0,1
orbit_train,orbit,train,66.7,238.5,1.66,12,cluster,0,1.08,0,0,1
orbit_train,orbit,train,72.8,75.3,1.46,8,as built,1,1.187,0,0,1
orbit_train,orbit,train,56.8,327.1,1.93,10,cluster,0,0.829,0,0,1
orbit_train,orbit,train,72.6,23.7,1.69,11,scatter,1,1.288,0,0,1
orbit_train,orbit,train,76.8,169.7,1.89,3,rows,0,1.02,0,0,1
orbit_train,orbit,train,55.3,274.0,2.15,14,as built,1,1.271,0,0,1
orbit_train,orbit,train,62.2,19.5,1.69,6,scatter,1,0.682,0,0,1
orbit_train,orbit,train,71.1,169.1,1.28,36,rows,1,1.06,0,1,1
orbit_train,orbit,train,38.8,83.3,2.5,3,cluster,0,0.925,0,0,1
orbit_train,orbit,train,73.4,214.6,1.57,50,clusters,0,1.306,0,0,1
orbit_train,orbit,train,71.5,80.4,1.06,22,clusters,1,0.73,0,1,1
orbit_train,orbit,train,52.8,353.3,1.85,11,cluster,1,1.393,0,0,1
orbit_train,orbit,train,33.1,267.0,1.4,17,rows,0,0.598,0,0,1
orbit_train,orbit,train,78.7,213.6,1.92,15,clusters,1,0.762,0,1,1
orbit_train,orbit,train,40.9,236.7,1.07,28,clusters,1,1.091,0,0,1
orbit_train,orbit,train,35.1,118.8,2.02,25,cluster,1,0.894,0,0,1
orbit_train,orbit,train,61.0,235.8,1.42,7,cluster,0,0.556,0,0,1
orbit_train,orbit,train,66.4,298.7,1.77,17,cluster,1,1.31,0,0,1
orbit_train,orbit,train,31.4,269.8,1.79,5,as built,1,1.276,0,0,1
orbit_train,orbit,train,60.7,250.8,1.55,40,rows,0,1.085,0,1,1
orbit_train,orbit,train,63.3,207.3,1.8,8,scatter,1,0.859,0,0,1
orbit_train,orbit,train,47.3,341.4,1.28,2,clusters,1,1.356,0,0,1
orbit_train,orbit,train,35.0,310.0,2.3,69,crowd,1,0.791,0,1,1
orbit_train,orbit,train,57.5,55.3,1.39,15,cluster,1,1.292,0,1,1
orbit_train,orbit,train,48.4,265.2,1.55,41,scatter,0,1.043,0,0,1
orbit_train,orbit,train,71.1,137.8,1.14,29,crowd,1,0.625,0,0,1
orbit_train,orbit,train,62.7,55.8,1.34,10,cluster,0,1.257,0,0,1
orbit_train,orbit,train,51.9,308.0,1.17,17,clusters,0,1.287,0,0,1
orbit_train,orbit,train,53.3,260.9,1.04,37,crowd,1,0.861,0,0,1
orbit_train,orbit,train,77.8,67.0,1.74,5,scatter,0,0.916,0,0,1
orbit_train,orbit,train,56.0,333.1,2.27,13,scatter,1,1.425,0,1,1
orbit_train,orbit,train,41.6,240.9,1.6,21,scatter,1,0.873,0,0,1
orbit_train,orbit,train,71.6,92.5,1.12,7,scatter,1,0.648,0,0,1
orbit_train,orbit,train,32.7,45.6,2.11,35,clusters,1,0.761,0,1,1
orbit_train,orbit,train,42.4,91.5,1.26,47,crowd,0,1.027,0,0,1
orbit_train,orbit,train,70.9,19.3,1.4,4,scatter,0,1.139,0,0,1
orbit_train,orbit,train,40.0,136.2,2.65,26,rows,0,1.12,0,0,1
orbit_train,orbit,train,30.0,248.2,1.21,21,rows,0,1.103,0,0,1
orbit_train,orbit,train,33.6,169.3,1.38,8,scatter,1,0.595,0,0,1
orbit_train,orbit,train,44.8,3.7,1.58,30,scatter,0,1.066,0,0,1
orbit_train,orbit,train,30.1,266.9,1.22,67,crowd,1,1.2,0,0,1
orbit_train,orbit,train,68.4,12.7,1.52,1,cluster,1,1.083,0,0,1
orbit_train,orbit,train,58.2,151.4,2.21,5,scatter,1,1.322,0,0,1
orbit_train,orbit,train,72.6,24.3,1.92,9,as built,0,0.933,0,0,1
orbit_train,orbit,train,36.6,215.2,2.95,15,scatter,1,1.201,0,1,1
orbit_train,orbit,train,38.4,349.4,1.56,13,as built,0,0.607,0,0,1
orbit_train,orbit,train,76.0,18.2,1.68,6,as built,0,1.367,0,0,1
orbit_train,orbit,train,66.6,100.1,1.3,7,scatter,0,0.73,0,0,1
orbit_train,orbit,train,72.4,146.5,1.13,3,scatter,1,0.67,0,0,1
orbit_train,orbit,train,55.5,278.0,2.07,10,clusters,1,0.634,0,0,1
orbit_train,orbit,train,30.7,270.5,2.05,28,scatter,1,1.181,0,0,1
orbit_train,orbit,train,53.6,88.5,1.08,17,scatter,1,0.829,0,0,1
orbit_train,orbit,train,36.2,238.3,3.14,32,rows,1,1.062,0,1,1
orbit_train,orbit,train,40.6,32.8,1.66,24,cluster,0,1.305,0,0,1
orbit_train,orbit,train,33.7,182.8,2.14,41,rows,1,0.921,0,0,1
orbit_train,orbit,train,77.2,296.3,1.16,12,scatter,1,1.434,0,1,1
orbit_train,orbit,train,72.9,277.2,1.13,3,as built,1,1.237,0,0,1
orbit_train,orbit,train,50.6,54.5,1.79,6,scatter,0,0.875,0,0,1
orbit_train,orbit,train,74.7,8.3,1.47,6,crowd,0,0.993,0,1,1
orbit_train,orbit,train,70.1,251.7,1.45,1,cluster,1,1.189,0,1,1
orbit_train,orbit,train,31.3,298.4,1.58,37,scatter,1,1.226,0,0,1
orbit_train,orbit,train,65.7,330.3,1.47,7,scatter,1,1.428,0,0,1
orbit_train,orbit,train,49.9,126.9,2.37,22,crowd,1,0.72,0,1,1
orbit_train,orbit,train,79.1,124.2,1.29,7,as built,1,1.26,0,0,1
orbit_train,orbit,train,36.4,92.4,1.33,5,scatter,0,0.568,0,0,1
orbit_train,orbit,train,40.4,49.2,1.25,12,scatter,1,0.913,0,1,1
orbit_train,orbit,train,33.9,238.0,2.12,38,crowd,0,1.435,0,0,1
orbit_train,orbit,train,49.4,93.0,1.94,13,scatter,0,0.865,0,0,1
orbit_train,orbit,train,65.7,336.6,1.31,8,as built,1,1.31,0,0,1
orbit_train,orbit,train,73.4,102.1,1.38,7,cluster,0,1.245,0,0,1
orbit_train,orbit,train,49.3,172.9,1.04,37,clusters,1,0.605,0,0,1
orbit_train,orbit,train,42.1,122.2,2.72,16,as built,1,1.022,0,0,1
orbit_train,orbit,train,54.8,228.2,2.04,18,crowd,1,1.032,0,0,1
orbit_train,orbit,train,56.7,176.2,1.8,4,scatter,1,1.249,0,0,1
orbit_train,orbit,train,33.6,140.3,2.42,7,scatter,1,1.339,0,1,1
orbit_train,orbit,train,80.2,341.9,1.42,10,scatter,1,0.799,0,1,1
orbit_train,orbit,train,63.1,23.1,1.68,11,scatter,1,1.085,0,0,1
orbit_train,orbit,train,80.4,251.7,1.8,9,crowd,0,1.229,0,1,1
orbit_train,orbit,train,44.3,191.3,1.82,24,cluster,1,1.423,0,0,1
orbit_train,orbit,train,42.8,83.2,2.08,11,scatter,0,0.724,0,0,1
orbit_train,orbit,train,38.8,118.6,1.22,31,scatter,1,1.248,0,0,1
orbit_train,orbit,train,32.7,233.4,1.78,17,cluster,1,0.625,0,0,1
orbit_train,orbit,train,74.6,4.7,1.41,17,rows,1,1.338,0,0,1
orbit_train,orbit,train,44.5,7.4,1.94,9,scatter,1,1.159,0,0,1
orbit_train,orbit,train,45.3,255.7,1.67,28,crowd,1,1.293,0,0,1
orbit_train,orbit,train,73.7,3.0,1.88,31,rows,1,1.306,0,0,1
orbit_train,orbit,train,37.3,314.5,2.02,13,rows,1,0.653,0,1,1
orbit_train,orbit,train,77.4,173.1,1.66,28,clusters,0,1.05,0,0,1
orbit_train,orbit,train,47.1,194.5,2.17,15,scatter,1,1.424,0,0,1
orbit_train,orbit,train,85.9,194.6,1.08,2,scatter,1,0.722,0,1,1
orbit_train,orbit,train,80.5,264.7,1.44,2,cluster,1,1.224,0,0,1
orbit_train,orbit,train,56.2,353.3,1.66,6,scatter,0,0.6,0,1,1
orbit_train,orbit,train,74.7,6.1,1.12,8,as built,1,0.747,0,0,1
orbit_train,orbit,train,68.5,73.4,2.04,20,cluster,1,0.93,0,0,1
orbit_train,orbit,train,77.7,97.0,1.89,6,scatter,1,1.202,0,0,1
orbit_train,orbit,train,34.2,202.7,2.79,16,scatter,1,0.61,0,0,1
orbit_train,orbit,train,32.2,174.4,1.9,29,clusters,1,1.002,0,1,1
orbit_train,orbit,train,41.2,200.8,1.23,65,clusters,0,1.321,0,0,1
orbit_train,orbit,train,37.8,315.7,3.16,39,scatter,0,0.882,0,0,1
orbit_train,orbit,train,38.9,321.4,2.59,27,clusters,0,1.12,0,0,1
orbit_train,orbit,train,31.6,302.7,3.2,27,clusters,0,1.077,0,0,1
orbit_train,orbit,train,58.3,78.2,1.73,16,cluster,0,1.028,0,0,1
orbit_train,orbit,train,71.9,357.5,1.92,29,cluster,1,0.556,0,0,1
orbit_train,orbit,train,36.1,86.2,2.35,14,clusters,1,1.128,0,0,1
orbit_train,orbit,train,64.4,269.9,1.67,1,cluster,0,0.584,0,1,1
orbit_train,orbit,train,70.4,148.8,1.95,8,cluster,1,0.697,0,0,1
orbit_train,orbit,train,57.1,188.2,1.39,10,scatter,1,1.363,0,0,1
orbit_train,orbit,train,30.2,337.8,2.51,17,scatter,0,1.335,0,0,1
orbit_train,orbit,train,87.0,130.6,1.85,16,cluster,0,1.432,0,1,1
orbit_train,orbit,train,35.5,11.1,1.98,21,crowd,0,0.986,0,0,1
orbit_train,orbit,train,80.1,192.6,1.88,16,clusters,1,0.868,0,0,1
orbit_train,orbit,train,43.3,21.6,2.04,49,rows,0,0.639,0,0,1
orbit_train,orbit,train,56.0,354.9,1.24,19,scatter,1,0.609,0,1,1
orbit_train,orbit,train,76.1,141.5,1.35,8,scatter,1,0.624,0,0,1
orbit_train,orbit,train,87.9,99.8,1.48,6,scatter,0,0.878,0,0,1
orbit_train,orbit,train,42.3,66.1,1.68,10,rows,0,0.853,0,0,1
orbit_train,orbit,train,44.4,197.6,2.51,18,scatter,0,0.946,0,0,1
orbit_train,orbit,train,39.6,349.4,1.71,8,scatter,1,0.89,0,1,1
orbit_train,orbit,train,43.0,181.1,1.22,1,cluster,1,1.042,0,0,1
orbit_train,orbit,train,84.8,256.5,1.82,8,scatter,0,1.199,0,0,1
orbit_train,orbit,train,53.2,21.4,1.54,13,rows,1,0.837,0,0,1
orbit_train,orbit,train,58.2,49.0,1.92,14,as built,1,0.656,0,1,1
orbit_train,orbit,train,33.4,174.5,1.53,16,cluster,0,0.6,0,0,1
orbit_train,orbit,train,61.4,331.9,1.12,6,as built,1,1.208,0,0,1
orbit_train,orbit,train,44.5,305.1,2.53,18,scatter,1,0.998,0,0,1
orbit_train,orbit,train,74.1,254.0,1.69,33,scatter,1,1.306,0,0,1
orbit_train,orbit,train,69.9,50.2,1.05,8,scatter,1,0.943,0,0,1
orbit_train,orbit,train,40.4,98.2,1.63,6,scatter,1,1.106,0,1,1
orbit_train,orbit,train,47.3,47.2,1.45,10,scatter,1,0.914,0,0,1
orbit_train,orbit,train,73.3,218.7,1.99,7,cluster,1,1.328,0,1,1
orbit_train,orbit,train,57.5,243.8,1.24,50,clusters,0,0.762,0,1,1
orbit_train,orbit,train,42.5,188.0,1.41,8,scatter,1,0.703,0,0,1
orbit_train,orbit,train,64.6,90.5,1.39,13,scatter,1,1.192,0,0,1
orbit_train,orbit,train,84.7,323.7,1.84,25,rows,0,1.398,0,1,1
orbit_train,orbit,train,45.0,186.6,2.64,15,scatter,0,1.236,0,1,1
orbit_train,orbit,train,77.2,199.9,1.4,4,scatter,1,1.272,0,1,1
orbit_train,orbit,train,76.4,60.6,1.26,7,as built,1,0.814,0,0,1
orbit_train,orbit,train,50.0,220.3,1.51,29,crowd,0,0.756,0,0,1
orbit_train,orbit,train,74.3,243.3,1.22,33,scatter,1,1.338,0,0,1
orbit_train,orbit,train,48.1,160.4,2.1,28,scatter,1,0.704,0,0,1
orbit_train,orbit,train,32.7,81.8,1.54,7,scatter,1,0.649,0,1,1
orbit_train,orbit,train,81.3,152.8,1.21,4,scatter,1,1.344,0,1,1
orbit_train,orbit,train,32.5,122.4,1.68,23,cluster,1,1.415,0,1,1
orbit_train,orbit,train,41.8,149.0,1.42,33,scatter,1,0.641,0,0,1
orbit_train,orbit,train,73.3,281.5,1.06,11,cluster,1,1.271,0,1,1
orbit_train,orbit,train,46.7,140.5,2.39,22,scatter,1,0.919,0,1,1
orbit_train,orbit,train,37.2,70.2,2.45,31,scatter,1,0.838,0,0,1
orbit_train,orbit,train,76.5,147.1,1.29,6,scatter,0,0.941,0,0,1
orbit_train,orbit,train,83.3,331.7,1.31,8,scatter,1,1.077,0,1,1
orbit_train,orbit,train,52.2,235.5,2.43,33,scatter,1,0.974,0,0,1
orbit_train,orbit,train,83.7,224.8,1.16,2,scatter,1,1.246,0,1,1
orbit_train,orbit,train,34.9,313.1,2.03,32,rows,1,1.047,0,0,1
orbit_train,orbit,train,54.8,4.2,2.26,6,scatter,1,1.374,0,0,1
orbit_train,orbit,train,30.4,200.1,1.77,13,cluster,1,0.558,0,0,1
orbit_train,orbit,train,81.2,197.6,1.15,2,scatter,0,0.748,0,0,1
orbit_train,orbit,train,47.4,118.5,1.81,4,scatter,1,0.803,0,0,1
orbit_train,orbit,train,73.5,47.4,1.06,13,clusters,0,1.066,0,0,1
orbit_train,orbit,train,37.4,299.2,1.68,5,scatter,0,0.736,0,0,1
orbit_train,orbit,train,46.8,4.1,1.42,40,clusters,1,0.975,0,0,1
orbit_train,orbit,train,42.9,180.5,1.35,27,rows,1,1.046,0,0,1
orbit_train,orbit,train,39.1,224.4,1.56,25,cluster,1,0.875,0,0,1
orbit_train,orbit,train,53.8,209.7,2.34,15,scatter,1,1.081,0,0,1
orbit_train,orbit,train,79.6,146.3,1.32,5,scatter,0,1.096,0,1,1
orbit_train,orbit,train,32.1,67.4,2.6,23,crowd,1,0.74,0,1,1
orbit_train,orbit,train,49.9,316.4,1.68,38,scatter,1,0.941,0,0,1
orbit_train,orbit,train,85.5,276.7,1.35,8,scatter,1,0.793,0,0,1
orbit_train,orbit,train,73.0,36.7,1.61,47,rows,0,1.21,0,0,1
orbit_train,orbit,train,44.4,56.9,2.3,12,scatter,1,1.267,0,0,1
orbit_train,orbit,train,37.3,137.1,1.86,3,scatter,1,0.8,0,1,1
orbit_train,orbit,train,48.3,174.3,1.28,10,crowd,1,1.321,0,1,1
orbit_train,orbit,train,32.2,72.0,1.14,3,scatter,1,1.093,0,0,1
orbit_train,orbit,train,44.2,105.8,2.16,56,scatter,1,1.139,0,0,1
orbit_train,orbit,train,39.3,285.7,2.44,49,scatter,1,1.182,0,1,1
orbit_train,orbit,train,43.3,188.9,2.08,10,as built,0,1.297,0,0,1
orbit_train,orbit,train,66.2,221.4,1.01,28,clusters,0,1.393,0,0,1
orbit_train,orbit,train,38.6,225.1,2.52,12,cluster,1,0.805,0,0,1
orbit_train,orbit,train,56.3,339.9,1.25,31,clusters,0,0.828,0,1,1
orbit_train,orbit,train,61.0,19.5,1.68,52,crowd,1,1.078,0,0,1
orbit_train,orbit,train,50.9,337.1,1.6,8,cluster,1,0.802,0,0,1
orbit_train,orbit,train,63.0,173.6,2.13,13,crowd,0,0.66,0,0,1
orbit_train,orbit,train,85.8,274.8,1.14,21,clusters,1,0.91,0,1,1
orbit_train,orbit,train,84.2,236.2,1.14,50,crowd,1,0.727,0,0,1
orbit_train,orbit,train,59.7,18.1,1.72,55,rows,1,1.308,0,0,1
orbit_train,orbit,train,79.8,9.0,1.6,1,cluster,1,0.861,0,0,1
orbit_train,orbit,train,42.1,161.9,2.53,9,scatter,1,1.194,0,0,1
orbit_train,orbit,train,44.5,284.2,2.56,22,scatter,1,0.626,0,0,1
orbit_train,orbit,train,55.6,19.8,1.43,6,clusters,0,1.217,0,1,1
orbit_train,orbit,train,84.4,250.1,1.5,22,clusters,0,0.602,0,0,1
orbit_train,orbit,train,81.2,157.4,1.9,24,cluster,1,1.248,0,0,1
orbit_train,orbit,train,31.5,261.0,2.07,16,cluster,0,0.889,0,1,1
orbit_train,orbit,train,50.3,297.0,1.22,12,rows,1,0.733,0,0,1
orbit_train,orbit,train,36.3,128.1,2.16,11,cluster,1,1.182,0,0,1
orbit_train,orbit,train,31.3,233.8,3.01,32,rows,0,1.195,0,0,1
orbit_train,orbit,train,73.7,140.2,1.87,21,cluster,1,0.924,0,0,1
orbit_train,orbit,train,56.6,177.9,1.04,8,cluster,0,0.954,0,0,1
orbit_train,orbit,train,74.1,199.7,1.05,5,scatter,0,1.283,0,0,1
orbit_train,orbit,train,53.4,227.7,1.6,33,rows,1,1.016,0,0,1
orbit_train,orbit,train,32.8,205.5,1.62,16,as built,0,1.122,0,0,1
orbit_train,orbit,train,64.9,147.5,1.08,1,cluster,1,0.585,0,1,1
orbit_train,orbit,train,40.3,294.7,2.1,19,clusters,1,1.346,0,0,1
orbit_train,orbit,train,80.1,188.1,1.86,37,scatter,1,1.35,0,0,1
orbit_train,orbit,train,55.4,196.1,1.26,9,cluster,0,1.241,0,0,1
orbit_train,orbit,train,35.4,200.0,1.57,19,as built,0,0.688,0,0,1
orbit_train,orbit,train,70.8,62.2,1.03,7,scatter,1,1.21,0,0,1
orbit_train,orbit,train,39.3,191.6,2.88,61,rows,1,0.816,0,1,1
orbit_train,orbit,train,66.1,269.5,1.64,15,scatter,0,1.047,0,0,1
orbit_train,orbit,train,68.2,190.4,1.21,14,rows,1,1.444,0,0,1
orbit_train,orbit,train,50.4,279.2,2.02,20,scatter,0,1.196,0,1,1
orbit_train,orbit,train,42.9,46.5,1.97,11,scatter,1,1.104,0,1,1
orbit_train,orbit,train,36.5,259.8,1.87,26,rows,1,0.753,0,0,1
orbit_train,orbit,train,59.4,179.6,1.57,24,crowd,1,0.767,0,0,1
orbit_train,orbit,train,66.9,243.1,1.41,6,scatter,1,0.671,0,0,1
orbit_train,orbit,train,82.3,325.2,1.42,26,scatter,1,1.239,0,0,1
orbit_train,orbit,train,44.4,187.9,2.12,12,scatter,1,1.238,0,0,1
orbit_train,orbit,train,63.3,282.1,1.14,16,crowd,1,1.41,0,0,1
orbit_train,orbit,train,49.4,126.5,1.57,6,scatter,0,0.951,0,0,1
orbit_train,orbit,train,50.8,299.6,1.56,10,cluster,1,1.244,0,0,1
orbit_train,orbit,train,55.6,105.5,1.74,4,scatter,1,0.959,0,0,1
orbit_train,orbit,train,31.3,324.2,2.24,9,scatter,1,1.029,0,0,1
orbit_train,orbit,train,34.4,211.2,2.33,19,cluster,1,0.655,0,0,1
orbit_train,orbit,train,67.2,260.7,1.06,2,scatter,1,0.725,0,0,0
orbit_train,orbit,train,61.1,275.5,1.94,37,clusters,1,0.663,0,0,1
orbit_train,orbit,train,59.6,146.9,1.25,2,scatter,1,1.415,0,0,1
orbit_train,orbit,train,58.5,48.1,1.4,1,scatter,1,0.732,0,0,1
orbit_train,orbit,train,50.4,327.9,2.45,38,clusters,1,0.914,0,0,1
orbit_train,orbit,train,63.5,42.7,1.04,4,scatter,0,0.664,0,0,1
orbit_train,orbit,train,81.3,203.2,1.67,2,scatter,1,0.748,0,0,1
orbit_train,orbit,train,38.6,232.8,1.56,11,scatter,1,0.602,0,0,1
orbit_train,orbit,train,49.9,97.7,2.52,12,as built,1,0.717,0,0,1
orbit_train,orbit,train,77.5,235.5,1.32,1,cluster,1,1.177,0,0,1
orbit_train,orbit,train,44.7,221.9,1.43,23,rows,1,0.71,0,0,1
orbit_train,orbit,train,31.5,21.8,1.52,26,cluster,0,1.058,0,1,1
orbit_train,orbit,train,38.2,10.7,1.24,31,rows,1,1.063,0,0,1
orbit_train,orbit,train,30.4,164.3,2.58,39,crowd,1,0.838,0,0,1
orbit_train,orbit,train,43.1,15.9,1.65,12,scatter,1,0.97,0,0,1
orbit_train,orbit,train,51.6,125.4,2.31,8,clusters,1,0.738,0,0,1
orbit_train,orbit,train,35.2,43.7,3.15,33,rows,0,1.249,0,0,1
orbit_train,orbit,train,66.3,337.8,1.3,4,scatter,1,1.114,0,1,1
orbit_train,orbit,train,71.5,167.2,1.52,37,clusters,0,0.937,0,1,1
orbit_train,orbit,train,82.9,289.5,1.65,9,cluster,1,0.876,0,1,1
orbit_train,orbit,train,79.1,250.9,1.1,6,cluster,1,0.696,0,1,1
orbit_train,orbit,train,64.2,349.7,1.45,11,scatter,1,0.694,0,0,1
orbit_train,orbit,train,73.8,6.8,1.11,14,scatter,0,1.101,0,0,1
orbit_train,orbit,train,54.1,332.4,2.24,16,as built,1,1.09,0,0,1
orbit_train,orbit,train,64.6,175.1,1.14,3,scatter,1,0.991,0,0,1
orbit_train,orbit,train,52.3,224.7,1.17,9,scatter,1,1.22,0,0,1
orbit_train,orbit,train,39.7,160.1,2.28,6,scatter,1,1.09,0,0,1
orbit_train,orbit,train,64.0,163.2,1.01,3,cluster,1,1.401,0,0,1
orbit_train,orbit,train,82.0,55.2,1.33,13,cluster,1,1.162,0,0,1
orbit_train,orbit,train,55.9,116.6,1.09,5,as built,1,0.901,0,1,1
orbit_train,orbit,train,82.7,215.3,1.42,7,rows,1,0.91,0,0,1
orbit_train,orbit,train,71.0,283.4,1.48,25,rows,1,0.651,0,0,1
orbit_train,orbit,train,39.5,333.3,2.03,63,crowd,0,1.214,0,0,1
orbit_train,orbit,train,82.5,176.1,1.26,14,scatter,0,0.829,0,0,1
orbit_train,orbit,train,45.0,348.0,2.34,8,scatter,1,1.358,0,1,1
orbit_train,orbit,train,50.2,110.9,1.23,14,crowd,1,0.595,0,0,1
orbit_train,orbit,train,54.4,277.5,2.02,37,scatter,1,1.338,0,1,1
orbit_train,orbit,train,36.7,23.2,1.85,13,rows,1,1.318,0,1,1
orbit_train,orbit,train,80.0,132.9,1.47,14,cluster,1,0.76,0,0,1
orbit_train,orbit,train,76.1,178.6,1.73,3,clusters,1,1.013,0,0,1
orbit_train,orbit,train,76.8,240.7,1.15,7,as built,1,1.074,0,0,1
orbit_train,orbit,train,85.1,353.0,1.05,3,scatter,1,0.965,0,0,1
orbit_train,orbit,train,43.9,210.9,2.17,21,scatter,1,0.859,0,1,1
orbit_train,orbit,train,82.9,255.5,1.64,13,scatter,0,1.276,0,0,1
orbit_train,orbit,train,63.9,320.5,1.96,13,as built,1,1.153,0,1,1
orbit_train,orbit,train,45.1,278.4,2.33,15,rows,1,0.955,0,0,1
orbit_train,orbit,train,43.8,160.1,1.57,3,scatter,1,0.879,0,0,1
orbit_train,orbit,train,35.6,156.2,2.04,25,cluster,1,1.225,0,0,1
orbit_train,orbit,train,80.4,45.7,1.88,6,scatter,0,1.167,0,0,1
orbit_train,orbit,train,36.8,331.6,2.75,25,scatter,1,1.415,0,0,1
orbit_train,orbit,train,38.7,333.7,1.8,31,scatter,1,0.711,0,0,1
orbit_train,orbit,train,65.9,322.4,1.25,3,crowd,1,0.725,0,0,1
orbit_train,orbit,train,32.4,51.7,1.7,12,as built,0,0.956,0,0,1
orbit_train,orbit,train,33.4,46.9,1.71,40,scatter,1,0.616,0,1,1
orbit_train,orbit,train,35.1,278.2,1.09,11,scatter,0,1.313,0,0,1
orbit_train,orbit,train,77.5,271.4,1.07,17,rows,0,0.751,0,1,1
orbit_train,orbit,train,70.7,116.6,1.99,4,scatter,0,1.063,0,0,1
orbit_train,orbit,train,53.1,32.9,1.45,15,scatter,1,1.366,0,1,1
orbit_train,orbit,train,54.7,72.1,1.56,7,scatter,0,0.55,0,0,1
orbit_train,orbit,train,40.7,339.2,2.43,19,scatter,1,0.887,0,0,1
orbit_train,orbit,train,48.4,342.2,1.36,10,as built,0,0.979,0,0,1
orbit_train,orbit,train,32.1,18.7,1.11,31,cluster,1,1.444,0,1,1
orbit_train,orbit,train,70.6,321.8,1.72,5,as built,1,0.863,0,1,1
orbit_train,orbit,train,77.2,333.4,1.83,12,scatter,1,1.249,0,0,1
orbit_train,orbit,train,54.3,147.8,2.05,5,scatter,1,0.752,0,0,1
orbit_train,orbit,train,31.0,186.8,2.56,23,rows,1,1.007,0,0,1
orbit_train,orbit,train,77.1,48.8,1.56,12,scatter,0,1.233,0,0,1
orbit_train,orbit,train,30.2,337.7,1.33,14,scatter,1,1.427,0,0,1
orbit_train,orbit,train,36.1,343.5,1.29,15,cluster,1,1.293,0,0,1
orbit_train,orbit,train,72.7,120.5,1.61,28,rows,1,1.407,0,1,1
orbit_train,orbit,train,53.9,81.5,1.28,14,clusters,0,0.796,0,1,1
orbit_train,orbit,train,31.8,150.2,3.47,6,crowd,1,1.153,0,1,1
orbit_train,orbit,train,32.9,236.5,2.82,9,cluster,0,1.303,0,0,1
orbit_train,orbit,train,83.1,352.7,1.88,13,cluster,1,0.616,0,1,1
orbit_train,orbit,train,49.0,176.2,1.8,9,as built,1,0.992,0,0,1
orbit_train,orbit,train,41.3,288.0,2.64,10,scatter,1,1.298,0,0,1
orbit_train,orbit,train,80.0,343.3,1.82,51,clusters,1,0.664,0,0,1
orbit_train,orbit,train,71.1,179.6,1.37,6,scatter,1,0.798,0,0,1
orbit_train,orbit,train,78.7,191.6,1.45,43,crowd,1,0.758,0,0,1
orbit_train,orbit,train,80.5,313.8,1.01,3,scatter,1,1.286,0,0,1
orbit_train,orbit,train,48.8,183.4,1.67,25,cluster,1,1.419,0,0,1
orbit_train,orbit,train,79.1,58.0,1.32,2,scatter,1,0.785,0,0,1
orbit_train,orbit,train,31.8,284.4,1.63,25,clusters,0,0.826,0,1,1
orbit_train,orbit,train,36.6,223.9,2.15,45,clusters,0,0.826,0,1,1
orbit_train,orbit,train,40.7,266.7,1.99,34,rows,1,0.558,0,0,1
orbit_train,orbit,train,59.2,151.0,1.03,21,rows,1,0.754,0,0,1
orbit_train,orbit,train,79.1,164.2,1.13,3,scatter,1,0.973,0,0,1
orbit_train,orbit,train,40.5,14.7,2.83,12,scatter,0,0.568,0,1,1
orbit_train,orbit,train,48.4,282.3,1.35,5,scatter,1,0.634,0,0,1
orbit_train,orbit,train,71.0,300.0,1.69,4,scatter,0,1.36,0,0,1
orbit_train,orbit,train,38.7,263.7,2.83,9,clusters,1,1.313,0,0,1
orbit_train,orbit,train,58.8,144.3,1.14,5,as built,1,0.903,0,0,1
orbit_train,orbit,train,41.8,137.6,1.23,8,scatter,1,1.143,0,0,1
orbit_train,orbit,train,84.0,21.4,1.23,18,cluster,1,1.087,0,0,1
orbit_train,orbit,train,84.6,267.5,1.73,18,scatter,1,0.559,0,0,1
orbit_train,orbit,train,72.0,323.8,1.16,4,scatter,1,0.688,0,0,1
orbit_train,orbit,train,77.4,257.5,1.83,64,scatter,1,1.164,0,1,1
orbit_train,orbit,train,36.0,79.2,2.88,10,scatter,1,1.172,0,0,1
orbit_train,orbit,train,78.9,261.9,1.17,32,scatter,1,1.092,0,0,1
orbit_train,orbit,train,80.6,93.1,1.22,6,scatter,1,0.711,0,0,1
orbit_train,orbit,train,80.2,317.2,1.81,12,as built,1,1.41,0,0,1
orbit_train,orbit,train,37.2,69.9,2.23,17,scatter,1,0.941,0,0,1
orbit_train,orbit,train,58.7,56.8,1.26,14,scatter,1,1.032,0,0,1
orbit_train,orbit,train,33.2,173.5,2.54,28,clusters,1,1.097,0,0,1
orbit_train,orbit,train,87.4,274.3,1.8,2,scatter,1,0.61,0,0,1
orbit_train,orbit,train,74.3,341.9,1.2,9,scatter,1,1.315,0,1,1
orbit_train,orbit,train,55.3,121.8,1.37,20,scatter,1,1.326,0,0,1
orbit_train,orbit,train,35.3,213.6,2.93,15,cluster,1,1.273,0,0,1
orbit_train,orbit,train,42.2,171.5,1.65,9,as built,1,1.12,0,0,1
orbit_train,orbit,train,83.6,45.7,1.16,14,clusters,1,1.282,0,1,1
orbit_train,orbit,train,69.9,265.6,1.58,4,cluster,1,0.772,0,0,0
orbit_train,orbit,train,51.9,142.4,1.75,10,scatter,1,0.576,0,0,1
orbit_train,orbit,train,36.5,335.9,1.44,36,clusters,1,1.282,0,0,1
orbit_train,orbit,train,47.0,343.5,2.54,55,crowd,1,0.983,0,1,1
orbit_train,orbit,train,84.4,173.7,1.43,7,scatter,1,1.179,0,0,1
orbit_train,orbit,train,57.4,214.1,2.02,59,crowd,1,0.982,0,0,1
orbit_train,orbit,train,77.4,301.8,1.52,52,scatter,1,0.565,0,0,1
orbit_train,orbit,train,43.9,262.0,2.6,15,scatter,1,0.574,0,0,1
orbit_train,orbit,train,51.5,169.3,2.03,7,scatter,1,0.75,0,0,1
orbit_train,orbit,train,60.8,185.8,1.06,4,cluster,1,0.834,0,0,1
orbit_train,orbit,train,74.7,155.9,1.36,25,cluster,1,1.142,0,0,1
orbit_train,orbit,train,51.2,207.2,1.94,26,scatter,1,0.882,0,1,1
orbit_train,orbit,train,87.6,194.1,1.5,14,rows,1,1.319,0,0,1
orbit_train,orbit,train,67.7,40.5,1.43,28,clusters,1,0.743,0,0,1
orbit_train,orbit,train,61.0,112.0,1.84,43,crowd,0,1.098,0,0,1
orbit_train,orbit,train,84.7,262.7,1.34,26,cluster,0,0.908,0,0,1
orbit_train,orbit,train,34.1,310.8,2.58,68,scatter,1,0.944,0,0,1
orbit_train,orbit,train,71.8,121.0,1.32,5,as built,1,0.661,0,0,1
orbit_train,orbit,train,31.2,104.1,1.12,24,scatter,1,0.581,0,0,1
orbit_train,orbit,train,35.3,156.6,3.14,10,as built,0,1.08,0,1,1
orbit_train,orbit,train,70.3,330.3,1.37,9,scatter,1,1.341,0,0,1
orbit_train,orbit,train,33.3,102.3,2.33,17,clusters,0,0.646,0,0,1
orbit_train,orbit,train,61.8,314.4,1.85,4,scatter,1,0.577,0,1,1
orbit_train,orbit,train,47.2,321.5,2.39,21,scatter,1,1.165,0,0,1
orbit_train,orbit,train,56.4,81.1,2.12,16,cluster,1,0.879,0,1,1
orbit_train,orbit,train,57.2,58.8,1.65,4,rows,1,0.803,0,0,1
orbit_train,orbit,train,84.3,213.5,1.55,6,scatter,1,1.278,0,0,1
orbit_train,orbit,train,72.4,169.6,1.1,35,clusters,1,0.584,0,0,1
orbit_train,orbit,train,83.5,130.8,1.55,6,scatter,1,0.961,0,1,1
orbit_train,orbit,train,47.1,181.9,1.78,39,crowd,1,1.114,0,0,1
orbit_train,orbit,train,61.8,18.6,1.63,18,rows,1,1.226,0,1,1
orbit_train,orbit,train,84.7,237.7,1.73,7,as built,1,0.926,0,1,1
orbit_train,orbit,train,40.9,17.6,1.01,9,scatter,1,1.136,0,0,1
orbit_train,orbit,train,34.7,117.4,1.2,8,cluster,1,0.884,0,0,1
orbit_train,orbit,train,65.7,246.6,1.15,6,scatter,1,1.043,0,0,0
orbit_train,orbit,train,69.8,9.7,1.23,4,scatter,1,0.785,0,0,1
orbit_train,orbit,train,58.7,117.2,1.79,24,clusters,0,1.063,0,0,1
orbit_train,orbit,train,39.5,114.0,1.57,1,cluster,0,1.301,0,1,1
orbit_train,orbit,train,37.8,205.3,1.12,19,cluster,1,0.736,0,1,1
orbit_train,orbit,train,49.3,262.6,1.34,50,crowd,1,0.873,0,0,1
orbit_train,orbit,train,35.3,36.7,1.24,5,clusters,1,0.612,0,1,1
orbit_train,orbit,train,69.1,213.3,1.55,12,as built,1,1.393,0,0,1
orbit_train,orbit,train,44.4,186.2,2.16,8,scatter,1,1.338,0,1,1
orbit_train,orbit,train,40.9,127.2,2.33,52,clusters,1,1.441,0,0,1
orbit_train,orbit,train,58.9,0.3,1.66,4,scatter,0,1.414,0,0,1
orbit_train,orbit,train,57.0,211.3,2.23,65,scatter,1,1.444,0,0,1
orbit_train,orbit,train,44.9,101.2,2.49,34,crowd,1,0.947,0,0,1
orbit_train,orbit,train,61.1,192.2,1.75,12,cluster,0,0.693,0,1,1
orbit_train,orbit,train,64.2,303.6,1.1,13,scatter,1,1.3,0,1,1
orbit_train,orbit,train,73.4,8.1,1.56,40,rows,1,1.118,0,0,1
orbit_train,orbit,train,56.7,103.1,1.39,48,rows,1,0.652,0,1,1
orbit_train,orbit,train,38.7,202.5,1.59,28,scatter,1,0.667,0,0,1
orbit_train,orbit,train,70.2,18.4,1.32,1,scatter,0,1.202,0,1,1
orbit_train,orbit,train,76.3,20.9,1.34,5,as built,1,1.051,0,0,1
orbit_train,orbit,train,79.5,182.9,1.23,11,crowd,1,0.749,0,0,0
orbit_train,orbit,train,61.0,328.9,1.37,26,clusters,0,0.968,0,0,1
orbit_train,orbit,train,75.9,136.0,1.06,46,scatter,1,0.557,0,0,1
orbit_train,orbit,train,42.6,113.2,2.48,1,scatter,0,0.855,0,0,1
orbit_train,orbit,train,61.7,179.0,1.82,49,scatter,1,0.589,0,0,1
orbit_train,orbit,train,41.8,295.2,2.24,65,crowd,1,1.025,0,1,1
orbit_train,orbit,train,63.9,160.3,1.35,7,scatter,1,1.049,0,0,1
orbit_train,orbit,train,33.6,343.7,1.39,7,scatter,1,1.123,0,0,1
orbit_train,orbit,train,72.0,296.3,1.28,8,scatter,1,1.297,0,0,1
orbit_train,orbit,train,82.4,185.4,1.49,5,as built,1,1.209,0,1,0
orbit_train,orbit,train,66.0,30.3,1.47,6,crowd,1,0.715,0,0,1
orbit_train,orbit,train,57.2,130.2,2.02,12,scatter,1,0.859,0,0,1
orbit_train,orbit,train,60.0,130.9,1.73,2,scatter,1,1.319,0,0,1
orbit_train,orbit,train,33.1,337.1,2.66,15,scatter,0,0.798,0,0,1
orbit_train,orbit,train,81.9,129.7,1.62,5,scatter,1,0.934,0,0,1
orbit_train,orbit,train,71.0,240.4,1.17,4,scatter,0,0.99,0,0,0
orbit_train,orbit,train,33.0,27.3,1.94,43,crowd,1,0.774,0,0,1
orbit_train,orbit,train,39.1,261.8,1.04,4,cluster,0,1.323,0,0,1
orbit_train,orbit,train,33.8,352.7,2.64,32,cluster,1,1.166,0,0,1
orbit_train,orbit,train,70.8,50.5,1.79,43,clusters,1,1.263,0,1,1
orbit_train,orbit,train,70.8,210.2,1.47,10,scatter,1,0.84,0,0,1
orbit_train,orbit,train,58.6,308.7,1.55,56,crowd,0,1.138,0,0,1
orbit_train,orbit,train,35.7,124.9,3.23,18,as built,1,1.37,0,0,1
orbit_train,orbit,train,82.0,174.4,1.7,21,scatter,0,0.8,0,1,1
orbit_train,orbit,train,71.2,13.4,1.48,2,cluster,0,1.305,0,0,0
orbit_train,orbit,train,32.1,114.8,2.71,14,scatter,1,1.059,0,1,1
orbit_train,orbit,train,57.4,139.1,1.62,9,as built,1,1.243,0,1,1
orbit_train,orbit,train,79.7,77.9,1.74,15,crowd,0,1.348,0,0,1
orbit_train,orbit,train,81.1,87.1,1.69,19,scatter,1,1.156,0,0,1
orbit_train,orbit,train,51.7,245.7,2.12,3,cluster,1,1.384,0,1,1
orbit_train,orbit,train,30.1,194.1,1.79,41,scatter,0,1.296,0,1,1
orbit_train,orbit,train,35.8,135.4,1.31,18,rows,1,0.69,0,0,1
orbit_train,orbit,train,39.3,36.1,1.76,16,cluster,0,0.747,0,0,1
orbit_train,orbit,train,44.0,317.9,1.76,10,crowd,0,0.869,0,0,1
orbit_train,orbit,train,60.2,199.5,1.21,38,scatter,0,0.714,0,1,1
orbit_train,orbit,train,75.5,85.5,1.61,8,as built,0,1.25,0,0,1
orbit_train,orbit,train,84.9,305.7,1.12,9,clusters,0,0.677,0,0,1
orbit_train,orbit,train,74.6,109.1,1.76,1,cluster,1,1.089,0,1,1
orbit_train,orbit,train,83.2,319.0,1.52,25,crowd,0,0.974,0,0,1
orbit_train,orbit,train,61.2,175.1,1.68,9,scatter,0,0.727,0,1,1
orbit_train,orbit,train,55.2,186.4,2.3,31,crowd,1,0.729,0,1,1
orbit_train,orbit,train,50.0,313.8,1.46,24,rows,0,1.149,0,0,1
orbit_train,orbit,train,53.7,266.0,1.12,9,as built,1,1.414,0,0,1
orbit_train,orbit,train,67.6,308.3,1.19,33,crowd,0,0.985,0,1,1
orbit_train,orbit,train,82.4,241.4,1.62,63,crowd,1,1.393,0,0,1
orbit_train,orbit,train,43.2,57.4,1.17,10,scatter,1,1.091,0,0,1
orbit_train,orbit,train,72.4,226.8,1.16,6,scatter,0,1.044,0,0,1
orbit_train,orbit,train,85.6,15.4,1.11,2,as built,1,0.675,0,1,1
orbit_train,orbit,train,44.4,179.9,1.2,35,rows,0,1.175,0,0,1
orbit_train,orbit,train,33.3,225.1,1.61,68,rows,1,0.58,0,0,1
orbit_train,orbit,train,50.6,221.7,2.27,22,cluster,0,1.336,0,0,1
orbit_train,orbit,train,46.9,241.5,1.68,8,scatter,1,1.273,0,0,1
orbit_train,orbit,train,48.7,204.6,2.04,7,cluster,0,0.962,0,1,1
orbit_train,orbit,train,41.5,234.7,2.58,20,scatter,0,0.692,0,1,1
orbit_train,orbit,train,39.4,264.4,1.55,23,rows,0,1.076,0,0,1
orbit_train,orbit,train,70.3,93.9,1.18,4,scatter,0,0.586,0,1,1
orbit_train,orbit,train,47.5,260.5,1.65,4,scatter,1,0.784,0,0,1
orbit_train,orbit,train,50.8,108.8,1.41,6,scatter,1,0.949,0,0,1
orbit_train,orbit,train,36.6,224.9,3.11,21,scatter,1,1.326,0,0,1
orbit_train,orbit,train,58.3,126.7,1.54,37,rows,1,1.318,0,1,1
orbit_train,orbit,train,49.6,63.4,1.59,57,crowd,1,1.248,0,0,1
orbit_train,orbit,train,36.3,162.0,2.64,9,scatter,1,0.623,0,1,1
orbit_train,orbit,train,56.7,230.9,1.27,12,scatter,0,1.388,0,0,1
orbit_train,orbit,train,57.8,165.8,1.95,18,rows,0,1.111,0,0,1
orbit_train,orbit,train,81.8,235.3,1.95,6,as built,0,1.309,0,0,1
orbit_train,orbit,train,45.3,22.8,2.2,6,cluster,1,0.838,0,1,1
orbit_train,orbit,train,34.5,303.2,2.05,16,as built,0,0.781,0,0,1
orbit_train,orbit,train,37.9,108.7,2.08,14,crowd,0,0.915,0,0,1
orbit_train,orbit,train,50.4,270.9,2.39,13,scatter,0,1.371,0,1,1
orbit_train,orbit,train,51.4,32.5,1.54,4,cluster,0,0.819,0,1,1
orbit_train,orbit,train,31.6,151.5,1.42,12,as built,1,0.622,0,1,1
orbit_train,orbit,train,58.2,275.3,1.83,5,scatter,1,1.133,0,1,1
orbit_train,orbit,train,83.5,253.8,1.27,5,scatter,1,1.168,0,0,1
orbit_train,orbit,train,71.3,75.0,1.53,65,crowd,1,1.317,0,0,1
orbit_train,orbit,train,31.1,277.4,2.57,13,scatter,1,1.344,0,0,1
orbit_train,orbit,train,83.4,31.4,1.11,13,clusters,1,0.631,0,1,1
orbit_train,orbit,train,68.1,146.0,1.45,9,as built,1,1.187,0,1,1
orbit_train,orbit,train,50.6,320.3,1.22,34,scatter,1,1.225,0,0,1
orbit_train,orbit,train,38.8,297.0,2.19,17,scatter,0,1.086,0,0,1
orbit_train,orbit,train,69.0,271.7,1.43,39,rows,0,0.661,0,0,1
orbit_train,orbit,train,38.1,258.1,1.72,45,crowd,1,0.677,0,1,1
orbit_train,orbit,train,40.3,111.2,1.66,38,crowd,1,1.079,0,0,1
orbit_train,orbit,train,45.2,100.9,1.07,6,scatter,1,0.769,0,0,1
orbit_train,orbit,train,80.8,86.8,1.15,3,scatter,0,0.608,0,0,1
orbit_train,orbit,train,76.9,153.6,1.22,4,scatter,0,0.743,0,0,1
orbit_train,orbit,train,61.8,218.5,1.39,3,cluster,1,1.189,0,1,1
orbit_train,orbit,train,41.3,43.5,1.28,17,cluster,1,0.573,0,1,1
orbit_train,orbit,train,70.5,137.1,1.22,3,cluster,1,0.872,0,0,1
orbit_train,orbit,train,84.2,311.6,1.63,6,scatter,1,0.635,0,1,1
orbit_train,orbit,train,49.7,358.3,1.26,61,rows,1,1.428,0,0,1
orbit_train,orbit,train,30.4,25.5,1.64,18,scatter,1,0.946,0,0,1
orbit_train,orbit,train,65.3,18.6,1.57,9,as built,1,1.198,0,1,0
orbit_train,orbit,train,41.2,205.1,1.65,4,as built,0,0.76,0,1,1
orbit_train,orbit,train,72.1,3.8,1.87,9,as built,1,1.086,0,0,1
orbit_train,orbit,train,60.4,197.0,1.18,4,scatter,0,0.854,0,1,1
orbit_train,orbit,train,82.0,182.9,1.23,8,scatter,1,1.145,0,0,0
orbit_train,orbit,train,57.6,169.1,2.09,43,crowd,0,1.139,0,1,1
orbit_train,orbit,train,83.3,105.4,1.81,1,cluster,0,0.713,0,0,1
orbit_train,orbit,train,33.2,308.1,1.88,24,scatter,1,0.981,0,0,1
orbit_train,orbit,train,30.6,32.0,1.79,14,clusters,1,0.976,0,1,1
orbit_train,orbit,train,35.8,56.9,1.08,6,rows,1,0.579,0,0,1
orbit_train,orbit,train,78.6,201.2,1.91,2,as built,1,0.803,0,1,1
orbit_train,orbit,train,41.1,312.7,1.1,8,as built,1,1.223,0,0,1
orbit_train,orbit,train,82.1,147.0,1.53,2,scatter,1,1.173,0,0,1
orbit_train,orbit,train,78.8,18.9,1.4,3,scatter,1,1.15,0,1,1
orbit_train,orbit,train,34.1,146.4,1.5,38,clusters,1,1.251,0,0,1
orbit_train,orbit,train,42.4,198.0,2.46,16,cluster,1,1.374,0,1,1
orbit_train,orbit,train,61.9,272.4,1.41,3,scatter,1,0.584,0,0,1
orbit_train,orbit,train,80.1,130.0,1.73,16,clusters,1,0.756,0,1,1
orbit_train,orbit,train,55.0,22.2,2.27,20,crowd,1,1.353,0,0,1
orbit_train,orbit,train,75.0,29.4,1.11,21,scatter,0,0.94,0,0,1
orbit_train,orbit,train,51.6,336.1,1.99,9,clusters,1,0.918,0,0,1
orbit_train,orbit,train,39.1,1.6,1.2,13,as built,0,1.03,0,0,1
orbit_train,orbit,train,40.6,314.9,2.12,19,scatter,1,0.897,0,0,1
orbit_train,orbit,train,43.2,175.9,2.04,15,clusters,1,0.856,0,0,1
orbit_train,orbit,train,58.4,18.6,1.68,45,crowd,1,0.759,0,1,1
orbit_train,orbit,train,36.6,293.9,2.69,30,scatter,1,0.671,0,0,1
orbit_train,orbit,train,75.0,347.5,1.94,12,cluster,1,1.386,0,0,1
orbit_train,orbit,train,66.3,97.7,1.72,20,cluster,1,0.94,0,0,1
orbit_train,orbit,train,37.8,131.7,1.31,43,crowd,1,0.711,0,1,1
orbit_train,orbit,train,71.3,182.9,1.63,42,scatter,1,1.189,0,0,1
orbit_train,orbit,train,57.9,271.8,1.39,25,scatter,1,0.653,0,0,1
orbit_train,orbit,train,58.5,93.5,1.94,3,scatter,1,0.926,0,1,1
orbit_train,orbit,train,51.0,200.5,2.22,16,clusters,1,1.224,0,1,1
orbit_train,orbit,train,83.3,132.1,1.62,23,cluster,1,0.915,0,0,1
orbit_train,orbit,train,74.4,86.7,1.09,4,cluster,0,1.305,0,1,1
orbit_train,orbit,train,78.5,353.9,1.64,13,scatter,0,1.284,0,0,1
orbit_train,orbit,train,82.7,82.5,1.19,8,cluster,1,0.601,0,0,1
orbit_train,orbit,train,66.2,259.2,1.14,1,scatter,0,0.72,0,1,0
orbit_train,orbit,train,61.9,94.2,2.01,15,clusters,1,0.644,0,0,1
orbit_train,orbit,train,84.6,2.1,1.5,19,scatter,0,1.37,0,0,1
orbit_train,orbit,train,85.6,287.9,1.76,13,as built,1,1.177,0,1,1
orbit_train,orbit,train,30.4,173.4,2.0,5,scatter,1,0.802,0,1,1
orbit_train,orbit,train,39.5,167.2,2.07,4,scatter,0,1.246,0,1,1
orbit_train,orbit,train,82.4,36.8,1.77,12,cluster,1,0.736,0,1,1
orbit_train,orbit,train,58.0,251.2,2.17,27,scatter,1,1.36,0,0,1
orbit_train,orbit,train,44.3,264.9,2.57,16,clusters,1,0.627,0,0,1
orbit_train,orbit,train,52.4,135.8,1.96,24,crowd,0,0.575,0,0,1
orbit_train,orbit,train,83.5,88.4,1.5,8,cluster,0,0.603,0,0,1
orbit_train,orbit,train,81.0,149.8,1.16,7,scatter,1,1.236,0,1,1
orbit_train,orbit,train,50.2,339.0,2.49,14,scatter,1,0.983,0,1,1
orbit_train,orbit,train,73.8,299.1,1.31,8,scatter,0,1.247,0,0,1
orbit_train,orbit,train,82.8,343.8,1.63,3,scatter,1,1.104,0,1,1
orbit_train,orbit,train,36.4,39.3,2.04,19,scatter,1,0.882,0,0,1
orbit_train,orbit,train,31.5,86.5,2.97,17,as built,1,0.936,0,0,1
orbit_train,orbit,train,54.9,170.0,2.19,50,clusters,1,0.89,0,0,1
orbit_train,orbit,train,46.3,139.1,1.86,17,scatter,1,1.405,0,0,1
orbit_train,orbit,train,34.8,270.3,2.53,14,cluster,0,0.859,0,0,1
orbit_train,orbit,train,78.1,21.0,1.55,6,as built,0,1.163,0,0,1
orbit_train,orbit,train,86.4,49.1,1.14,51,crowd,1,0.865,0,0,1
orbit_train,orbit,train,56.1,84.5,1.67,12,scatter,0,1.227,0,1,1
orbit_train,orbit,train,75.8,4.6,1.33,2,scatter,1,1.43,0,0,1
orbit_train,orbit,train,84.9,327.3,1.34,41,clusters,1,0.997,0,0,1
orbit_train,orbit,train,50.4,282.8,1.79,8,scatter,0,1.321,0,0,1
orbit_train,orbit,train,41.7,106.9,1.34,4,scatter,1,1.351,0,0,1
orbit_train,orbit,train,57.1,338.3,1.8,46,crowd,1,0.772,0,0,1
orbit_train,orbit,train,66.5,317.8,1.73,13,scatter,1,0.755,0,0,0
orbit_train,orbit,train,67.7,321.5,1.94,6,cluster,1,1.316,0,0,1
orbit_train,orbit,train,38.3,3.3,2.85,36,crowd,0,1.337,0,1,1
orbit_train,orbit,train,36.5,335.8,2.48,26,cluster,1,1.041,0,0,1
orbit_train,orbit,train,31.9,183.5,2.07,7,scatter,1,0.691,0,1,1
orbit_train,orbit,train,40.5,174.7,1.22,10,scatter,1,0.878,0,1,1
orbit_train,orbit,train,76.0,36.6,1.92,6,scatter,1,1.348,0,0,1
orbit_train,orbit,train,57.5,174.6,1.52,6,scatter,1,1.339,0,0,1
orbit_train,orbit,train,31.8,122.7,1.43,35,rows,1,1.092,0,0,1
orbit_train,orbit,train,53.0,84.0,2.26,3,cluster,1,0.935,0,1,1
orbit_train,orbit,train,38.6,29.8,2.87,11,cluster,1,0.855,0,0,1
orbit_train,orbit,train,72.1,50.3,1.19,19,clusters,0,0.912,0,1,1
orbit_train,orbit,train,33.3,159.1,1.54,42,crowd,1,0.569,0,1,1
orbit_train,orbit,train,78.2,222.1,1.34,2,scatter,1,0.773,0,1,1
orbit_train,orbit,train,45.1,224.8,1.63,70,rows,1,1.325,0,1,1
orbit_train,orbit,train,41.7,161.9,2.82,29,rows,1,1.063,0,0,1
orbit_train,orbit,train,31.1,292.4,1.2,12,cluster,1,0.762,0,0,1
orbit_train,orbit,train,50.9,25.9,1.16,6,cluster,1,1.393,0,0,1
orbit_train,orbit,train,47.1,309.2,1.75,16,crowd,1,1.424,0,1,1
orbit_train,orbit,train,45.9,13.0,1.06,6,as built,1,1.365,0,0,1
orbit_train,orbit,train,66.5,83.1,1.89,9,as built,1,0.659,0,0,1
orbit_train,orbit,train,67.3,314.7,1.85,30,scatter,0,1.37,0,0,1
orbit_train,orbit,train,66.3,263.6,1.24,8,as built,1,1.212,0,0,0
orbit_train,orbit,train,41.5,321.2,2.36,10,scatter,1,0.826,0,0,1
orbit_train,orbit,train,64.5,32.7,1.12,2,scatter,1,0.617,0,0,1
orbit_train,orbit,train,31.7,263.4,1.6,3,scatter,1,0.876,0,0,1
orbit_train,orbit,train,79.5,251.5,1.92,13,scatter,1,0.993,0,0,1
orbit_train,orbit,train,32.4,271.2,1.62,28,rows,1,0.958,0,0,1
orbit_train,orbit,train,70.5,155.4,1.68,8,as built,1,0.942,0,0,1
orbit_train,orbit,train,86.3,339.5,1.73,34,scatter,1,1.416,0,1,1
orbit_train,orbit,train,31.1,21.2,2.32,20,scatter,1,1.176,0,1,1
orbit_train,orbit,train,34.1,41.8,2.73,37,clusters,1,0.782,0,1,1
orbit_train,orbit,train,82.5,69.3,1.5,24,rows,1,0.962,0,1,1
orbit_train,orbit,train,39.8,33.3,1.6,27,cluster,0,1.092,0,0,1
orbit_train,orbit,train,54.2,80.0,1.82,28,cluster,1,0.846,0,0,1
orbit_train,orbit,train,86.1,270.9,1.25,4,scatter,1,0.863,0,0,1
orbit_train,orbit,train,46.5,343.2,1.11,21,rows,1,1.07,0,0,1
orbit_train,orbit,train,74.3,16.4,1.2,0,crowd,1,1.247,0,0,0
orbit_train,orbit,train,34.8,228.1,3.17,15,cluster,1,1.006,0,0,1
orbit_train,orbit,train,39.9,110.7,2.0,22,scatter,1,0.941,0,0,1
orbit_train,orbit,train,44.8,12.4,1.38,16,clusters,0,0.555,0,0,1
orbit_train,orbit,train,58.4,215.4,1.31,4,scatter,1,1.152,0,0,1
orbit_train,orbit,train,43.4,177.3,2.05,26,rows,1,0.934,0,1,1
orbit_train,orbit,train,45.7,342.7,2.17,17,scatter,1,0.952,0,0,1
orbit_train,orbit,train,64.1,106.4,2.01,10,clusters,1,0.649,0,1,1
orbit_train,orbit,train,31.6,85.8,1.61,25,crowd,1,0.985,0,1,1
orbit_train,orbit,train,44.1,28.9,2.42,23,rows,1,0.711,0,1,1
orbit_train,orbit,train,76.3,196.4,1.88,12,as built,1,1.162,0,0,1
orbit_train,orbit,train,82.5,189.1,1.56,5,scatter,1,0.655,0,0,0
orbit_train,orbit,train,54.4,325.7,1.21,7,as built,0,0.631,0,0,1
orbit_train,orbit,train,36.5,138.3,1.47,7,cluster,1,1.269,0,1,1
orbit_train,orbit,train,44.7,103.3,1.97,32,rows,0,0.845,0,0,1
orbit_train,orbit,train,70.6,299.0,1.43,7,scatter,0,1.378,0,0,1
orbit_train,orbit,train,37.0,213.4,2.04,10,scatter,1,1.206,0,1,1
orbit_train,orbit,train,36.7,165.9,1.95,4,cluster,1,0.975,0,0,1
orbit_train,orbit,train,53.2,75.5,2.06,17,scatter,1,0.998,0,0,1
orbit_train,orbit,train,55.1,34.0,1.62,8,as built,0,1.354,0,0,1
orbit_train,orbit,train,34.1,316.0,3.09,32,crowd,1,0.692,0,0,1
orbit_train,orbit,train,30.6,104.0,3.02,8,scatter,1,0.981,0,0,1
orbit_train,orbit,train,80.9,260.2,1.58,10,cluster,0,0.862,0,0,1
orbit_train,orbit,train,70.4,303.4,1.12,7,cluster,1,0.804,0,0,0
orbit_train,orbit,train,39.0,338.9,1.91,28,scatter,1,0.711,0,1,1
orbit_train,orbit,train,38.0,350.0,2.66,70,clusters,1,1.117,0,0,1
orbit_train,orbit,train,72.7,191.5,1.18,8,as built,0,0.933,0,0,1
orbit_train,orbit,train,63.2,91.7,1.04,13,scatter,1,1.201,0,1,1
orbit_train,orbit,train,31.5,162.4,3.03,73,rows,1,0.742,0,0,1
orbit_train,orbit,train,82.5,23.8,1.78,5,scatter,1,0.559,0,0,1
orbit_train,orbit,train,36.5,38.8,2.72,19,clusters,1,1.38,0,0,1
orbit_train,orbit,train,65.5,81.4,1.87,8,scatter,1,1.055,0,1,1
orbit_train,orbit,train,73.0,70.1,1.69,69,crowd,1,1.254,0,1,1
orbit_train,orbit,train,65.0,118.3,1.83,14,scatter,1,0.584,0,0,1
orbit_train,orbit,train,72.3,37.9,1.59,4,as built,1,1.071,0,0,1
orbit_train,orbit,train,60.5,74.6,1.19,28,clusters,1,0.565,0,0,1
orbit_train,orbit,train,84.9,126.2,1.75,13,rows,1,0.904,0,0,1
orbit_train,orbit,train,45.2,73.2,1.77,22,cluster,1,0.551,0,0,1
orbit_train,orbit,train,63.6,243.9,1.67,28,crowd,1,1.306,0,0,0
orbit_train,orbit,train,54.6,353.9,2.15,21,cluster,1,0.924,0,0,1
orbit_train,orbit,train,61.9,217.8,1.77,13,as built,1,0.569,0,0,1
orbit_train,orbit,train,43.8,43.2,2.13,58,scatter,1,0.553,0,0,1
orbit_train,orbit,train,41.6,7.6,1.32,8,clusters,1,1.308,0,1,1
orbit_train,orbit,train,40.6,192.8,2.49,11,scatter,1,0.848,0,0,1
orbit_train,orbit,train,41.2,131.6,1.32,17,rows,0,1.17,0,1,1
orbit_train,orbit,train,45.2,85.2,1.55,8,scatter,1,0.684,0,0,1
orbit_train,orbit,train,77.9,278.5,1.52,8,scatter,1,0.857,0,0,1
orbit_train,orbit,train,34.1,232.1,2.81,14,as built,1,0.725,0,0,1
orbit_train,orbit,train,76.4,261.5,1.07,30,crowd,1,1.205,0,0,1
orbit_train,orbit,train,72.0,32.8,1.4,9,scatter,1,1.36,0,1,1
orbit_train,orbit,train,54.3,57.7,2.08,23,clusters,1,0.774,0,0,1
orbit_train,orbit,train,73.7,50.6,1.16,11,scatter,1,1.089,0,1,1
orbit_train,orbit,train,38.8,78.2,1.98,17,scatter,1,1.312,0,0,1
orbit_train,orbit,train,38.4,84.5,2.94,16,clusters,0,0.828,0,0,1
orbit_train,orbit,train,42.4,257.2,1.36,1,scatter,1,0.65,0,1,0
orbit_train,orbit,train,65.7,335.2,1.12,4,scatter,1,0.567,0,0,1
orbit_train,orbit,train,63.5,304.1,1.68,8,as built,1,1.148,0,0,0
orbit_train,orbit,train,78.0,49.3,1.14,39,crowd,1,1.197,0,0,1
orbit_train,orbit,train,71.0,106.2,1.84,21,cluster,1,0.729,0,0,1
orbit_train,orbit,train,59.9,111.0,1.03,28,clusters,1,0.78,0,0,1
orbit_train,orbit,train,71.9,274.4,1.22,9,scatter,1,1.437,0,0,1
orbit_train,orbit,train,55.9,218.8,2.19,30,crowd,0,1.115,0,0,1
orbit_train,orbit,train,49.1,288.7,2.35,41,rows,1,1.356,0,1,1
orbit_train,orbit,train,34.7,146.8,1.59,17,scatter,1,1.321,0,1,1
orbit_train,orbit,train,81.6,273.9,1.21,10,rows,1,0.681,0,1,0
orbit_train,orbit,train,31.3,329.1,2.37,25,cluster,0,1.435,0,0,0
orbit_train,orbit,train,37.0,53.5,2.53,12,scatter,1,0.683,0,0,1
orbit_train,orbit,train,84.2,321.7,1.31,9,cluster,0,0.941,0,0,1
orbit_train,orbit,train,42.4,245.8,1.44,7,scatter,1,0.769,0,0,0
orbit_train,orbit,train,39.7,269.7,1.24,46,crowd,1,1.419,0,0,0
orbit_train,orbit,train,84.5,277.5,1.79,7,as built,1,1.316,0,0,1
orbit_train,orbit,train,43.7,273.9,1.67,31,crowd,0,1.23,0,0,1
orbit_train,orbit,train,71.1,116.3,1.94,54,clusters,1,0.698,0,0,1
orbit_train,orbit,train,76.1,161.1,1.27,44,crowd,1,0.776,0,0,1
orbit_train,orbit,train,49.6,303.4,1.46,15,scatter,1,0.706,0,0,1
orbit_train,orbit,train,75.3,329.4,1.59,16,crowd,0,0.788,0,0,1
orbit_train,orbit,train,85.7,201.5,1.3,10,scatter,1,1.381,0,0,0
orbit_train,orbit,train,62.4,107.6,1.42,29,cluster,0,1.37,0,0,1
orbit_train,orbit,train,76.1,262.5,1.54,5,scatter,1,1.043,0,0,1
orbit_train,orbit,train,42.5,273.6,2.25,11,as built,1,1.307,0,0,1
orbit_train,orbit,train,67.7,113.3,1.91,10,scatter,1,1.21,0,0,1
orbit_train,orbit,train,36.0,239.0,2.42,28,cluster,1,0.874,0,0,1
orbit_train,orbit,train,78.3,199.4,1.49,4,scatter,1,1.257,0,1,0
orbit_train,orbit,train,79.7,135.8,1.29,10,as built,1,1.423,0,0,0
orbit_train,orbit,train,74.7,193.6,1.42,7,scatter,0,0.591,0,0,1
orbit_train,orbit,train,48.1,62.8,2.19,44,rows,1,0.869,0,0,1
orbit_train,orbit,train,87.4,201.0,1.14,14,cluster,0,1.005,0,0,0
orbit_train,orbit,train,72.5,55.8,1.42,4,scatter,0,1.126,0,0,1
orbit_train,orbit,train,32.2,251.3,1.42,14,scatter,1,0.829,0,0,0
orbit_train,orbit,train,76.8,219.5,1.91,7,scatter,0,0.668,0,0,1
orbit_train,orbit,train,55.9,231.1,1.63,6,scatter,0,0.8,0,0,1
orbit_train,orbit,train,45.2,280.6,2.32,37,rows,0,0.554,0,0,1
orbit_train,orbit,train,73.5,48.3,1.89,36,scatter,1,0.707,0,0,1
orbit_train,orbit,train,51.4,0.1,2.13,10,as built,1,0.905,0,1,1
orbit_train,orbit,train,72.7,2.5,1.44,33,crowd,1,1.34,0,0,0
orbit_train,orbit,train,71.8,184.5,1.79,6,scatter,0,1.06,0,0,1
orbit_train,orbit,train,38.3,17.4,1.51,12,as built,1,1.213,0,1,1
orbit_train,orbit,train,33.7,280.2,1.34,10,scatter,0,1.423,0,1,1
orbit_train,orbit,train,75.7,272.1,1.27,46,scatter,0,0.856,0,0,0
orbit_train,orbit,train,85.3,76.3,1.12,32,crowd,0,0.612,0,0,1
orbit_train,orbit,train,41.6,133.2,2.38,36,clusters,1,1.129,0,0,1
orbit_train,orbit,train,34.8,91.4,1.45,8,scatter,1,1.373,0,1,1
orbit_train,orbit,train,32.6,348.8,2.12,9,scatter,1,1.277,0,1,1
orbit_train,orbit,train,68.7,24.9,1.27,2,rows,0,1.394,0,0,0
orbit_train,orbit,train,33.7,289.3,2.06,13,clusters,1,0.7,0,0,1
orbit_train,orbit,train,37.5,214.3,1.04,25,scatter,0,0.791,0,0,1
orbit_train,orbit,train,35.2,151.9,2.32,7,scatter,1,0.714,0,1,1
orbit_train,orbit,train,72.2,298.0,1.74,2,crowd,1,1.003,0,0,1
orbit_train,orbit,train,48.0,115.5,2.4,7,scatter,0,1.32,0,1,1
orbit_train,orbit,train,33.3,222.0,1.42,18,scatter,1,1.023,0,0,1
orbit_train,orbit,train,43.2,166.8,1.0,1,as built,1,0.768,0,0,1
orbit_train,orbit,train,59.3,237.0,1.17,10,as built,1,1.209,0,1,1
orbit_train,orbit,train,30.7,282.8,1.09,13,scatter,1,1.21,0,0,1
orbit_train,orbit,train,84.1,336.5,1.61,30,rows,1,1.065,0,0,1
orbit_train,orbit,train,76.9,324.3,1.64,7,scatter,1,1.223,0,1,0
orbit_train,orbit,train,43.3,170.3,1.82,6,scatter,1,0.71,0,0,1
orbit_train,orbit,train,66.9,143.5,1.51,5,scatter,0,0.57,0,0,1
orbit_train,orbit,train,68.6,30.6,1.43,4,cluster,0,1.269,0,1,0
orbit_train,orbit,train,46.2,46.9,2.1,20,scatter,1,1.439,0,0,1
orbit_train,orbit,train,75.1,63.9,1.6,6,clusters,0,0.923,0,0,0
orbit_train,orbit,train,40.7,111.4,2.47,15,scatter,0,0.909,0,0,1
orbit_train,orbit,train,60.5,113.2,1.25,27,crowd,1,1.223,0,0,1
orbit_train,orbit,train,83.5,309.8,1.29,65,crowd,1,0.64,0,1,0
orbit_train,orbit,train,42.4,182.6,2.32,27,clusters,1,0.857,0,1,1
orbit_train,orbit,train,53.4,345.2,1.77,35,rows,1,0.935,0,0,1
orbit_train,orbit,train,50.9,269.2,2.15,18,scatter,1,0.943,0,1,1
orbit_train,orbit,train,78.2,242.6,1.42,10,scatter,1,1.261,0,0,0
orbit_train,orbit,train,81.1,160.0,1.76,75,clusters,1,1.419,0,0,1
orbit_train,orbit,train,68.5,268.1,1.69,25,rows,1,1.292,0,0,0
orbit_train,orbit,train,53.8,188.9,1.38,4,clusters,1,0.573,0,1,1
orbit_train,orbit,train,31.7,288.0,1.06,21,rows,1,1.365,0,0,1
orbit_train,orbit,train,30.2,127.6,2.65,8,scatter,1,1.252,0,1,1
orbit_train,orbit,train,74.1,120.5,1.06,1,rows,1,1.109,0,1,1
orbit_train,orbit,train,84.2,265.2,1.81,14,scatter,1,1.019,0,0,1
orbit_train,orbit,train,82.8,33.7,1.91,30,rows,0,1.214,0,0,1
orbit_train,orbit,train,52.3,186.6,2.21,26,clusters,1,1.003,0,0,1
orbit_train,orbit,train,72.2,359.3,1.85,23,clusters,0,0.69,0,1,1
orbit_train,orbit,train,50.6,221.4,1.11,1,scatter,1,1.111,0,0,1
orbit_train,orbit,train,35.4,241.6,2.58,26,scatter,1,0.642,0,1,1
orbit_train,orbit,train,34.6,163.2,1.62,51,rows,0,1.228,0,1,1
orbit_train,orbit,train,83.7,150.1,1.66,33,scatter,0,0.834,0,1,1
orbit_train,orbit,train,68.8,69.9,1.39,6,scatter,1,1.009,0,0,1
orbit_train,orbit,train,59.3,179.6,1.55,10,scatter,1,0.573,0,1,1
orbit_train,orbit,train,73.8,205.2,1.77,33,rows,1,0.792,0,1,1
orbit_train,orbit,train,69.4,113.6,1.56,15,as built,1,1.005,0,1,1
orbit_train,orbit,train,74.8,137.0,1.93,18,scatter,1,0.874,0,1,1
orbit_train,orbit,train,38.0,265.0,1.92,13,cluster,1,1.037,0,0,1
orbit_train,orbit,train,83.0,279.3,1.47,8,scatter,1,0.551,0,0,0
orbit_train,orbit,train,77.5,75.5,1.88,37,clusters,0,1.165,0,0,1
orbit_train,orbit,train,83.8,289.6,1.33,8,rows,1,1.356,0,1,0
orbit_train,orbit,train,38.2,29.5,2.29,79,rows,1,0.783,0,1,1
orbit_train,orbit,train,78.5,186.2,1.31,7,scatter,0,1.395,0,1,0
orbit_train,orbit,train,36.8,102.4,2.01,11,scatter,1,1.217,0,0,1
orbit_train,orbit,train,58.7,1.6,1.62,12,rows,1,1.022,0,1,1
orbit_train,orbit,train,79.4,284.4,1.1,37,clusters,1,0.935,0,0,0
orbit_train,orbit,train,55.8,82.7,1.39,5,rows,0,1.18,0,0,1
orbit_train,orbit,train,38.7,62.2,1.58,15,clusters,1,0.965,0,0,1
orbit_train,orbit,train,79.9,299.7,1.07,10,scatter,1,1.331,0,0,0
orbit_train,orbit,train,75.5,169.0,1.9,3,cluster,1,0.834,0,1,1
orbit_train,orbit,train,81.6,174.8,1.35,7,cluster,1,1.334,0,0,1
orbit_train,orbit,train,54.6,326.8,1.53,8,scatter,0,1.378,0,1,1
orbit_train,orbit,train,73.5,175.4,1.77,7,as built,1,0.691,0,0,1
orbit_train,orbit,train,34.6,343.5,1.84,59,clusters,1,0.572,0,0,1
orbit_train,orbit,train,43.7,57.2,2.62,15,cluster,1,1.347,0,0,1
orbit_train,orbit,train,53.1,215.8,1.18,37,scatter,1,1.418,0,0,1
orbit_train,orbit,train,32.3,101.8,1.18,10,scatter,1,0.589,0,0,0
orbit_train,orbit,train,37.9,332.4,1.19,28,scatter,0,0.712,0,1,1
orbit_train,orbit,train,84.0,44.5,1.27,5,as built,1,1.382,0,0,1
orbit_train,orbit,train,63.3,33.5,1.3,67,clusters,1,1.044,0,1,0
orbit_train,orbit,train,48.6,317.8,2.48,32,scatter,1,0.647,0,0,1
orbit_train,orbit,train,36.5,308.7,3.12,8,scatter,0,1.403,0,0,1
orbit_train,orbit,train,64.8,286.5,1.69,8,cluster,1,0.945,0,0,1
orbit_train,orbit,train,76.3,200.2,1.55,5,scatter,0,0.847,0,0,0
orbit_train,orbit,train,47.4,338.5,1.26,21,clusters,0,0.744,0,0,1
orbit_train,orbit,train,70.8,357.6,1.04,13,cluster,1,1.394,0,1,1
orbit_train,orbit,train,51.4,293.3,2.21,6,as built,1,1.303,0,0,1
orbit_train,orbit,train,41.6,205.6,2.21,11,scatter,1,1.157,0,1,1
orbit_train,orbit,train,61.5,171.4,1.4,13,scatter,1,1.289,0,0,1
orbit_train,orbit,train,48.2,68.5,2.22,61,clusters,1,1.068,0,1,1
orbit_train,orbit,train,40.2,291.3,1.77,10,crowd,1,0.959,0,0,1
orbit_train,orbit,train,82.7,322.7,1.21,29,cluster,1,0.859,0,0,0
orbit_train,orbit,train,31.0,222.2,2.34,16,scatter,0,0.933,0,0,1
orbit_train,orbit,train,78.8,357.3,1.16,7,scatter,0,0.851,0,1,1
orbit_train,orbit,train,34.5,347.3,2.61,30,rows,1,1.028,0,0,1
orbit_train,orbit,train,48.2,243.2,1.22,15,clusters,0,0.821,0,1,0
orbit_train,orbit,train,65.4,135.5,1.81,49,scatter,0,0.668,0,0,1
orbit_train,orbit,train,49.0,164.7,1.44,17,crowd,1,1.2,0,1,1
orbit_train,orbit,train,67.4,321.0,1.28,6,scatter,1,1.042,0,0,0
orbit_train,orbit,train,72.3,226.2,1.89,7,scatter,1,1.086,0,1,1
orbit_train,orbit,train,32.9,221.3,1.22,13,as built,1,0.645,0,0,1
orbit_train,orbit,train,48.0,159.6,2.56,9,as built,0,0.793,0,1,1
orbit_train,orbit,train,76.4,245.7,1.63,26,rows,1,0.618,0,0,0
orbit_train,orbit,train,71.4,101.5,1.91,7,scatter,0,0.915,0,1,1
orbit_train,orbit,train,57.3,327.3,1.72,21,cluster,1,0.855,0,0,1
orbit_train,orbit,train,83.6,138.1,1.23,2,cluster,1,1.383,0,1,0
orbit_train,orbit,train,67.6,2.0,1.35,20,scatter,1,0.589,0,0,0
orbit_train,orbit,train,56.9,48.3,1.63,10,scatter,1,1.293,0,0,1
orbit_train,orbit,train,39.1,53.6,2.78,29,rows,1,1.154,0,0,1
orbit_train,orbit,train,34.5,192.8,2.09,20,scatter,1,1.182,0,0,1
orbit_train,orbit,train,76.3,308.5,1.69,44,clusters,1,1.349,0,1,0
orbit_train,orbit,train,65.2,269.3,1.33,11,scatter,0,0.762,0,0,0
orbit_train,orbit,train,49.5,208.6,1.75,17,as built,0,1.38,0,0,1
orbit_train,orbit,train,72.3,148.6,1.45,7,rows,0,0.853,0,1,0
orbit_train,orbit,train,74.7,340.8,1.13,12,scatter,0,1.016,0,1,1
orbit_train,orbit,train,39.7,219.1,1.33,7,as built,1,1.183,0,0,1
orbit_train,orbit,train,42.8,353.6,1.22,9,scatter,1,1.072,0,0,1
orbit_train,orbit,train,40.3,88.5,2.45,10,scatter,0,1.196,0,0,1
orbit_train,orbit,train,45.6,157.1,1.63,7,cluster,0,1.032,0,1,1
orbit_train,orbit,train,52.5,98.7,1.81,10,scatter,1,0.649,0,0,1
orbit_train,orbit,train,56.8,294.8,1.49,24,rows,0,0.819,0,0,1
orbit_train,orbit,train,37.7,146.0,2.32,55,rows,0,1.441,0,1,1
orbit_train,orbit,train,84.4,340.3,1.84,10,scatter,1,0.883,0,0,1
orbit_train,orbit,train,75.8,39.2,1.24,24,clusters,1,1.02,0,1,1
orbit_train,orbit,train,31.9,165.1,1.18,37,scatter,1,1.21,0,1,1
orbit_train,orbit,train,35.5,143.2,1.81,23,cluster,0,0.801,0,1,1
orbit_train,orbit,train,70.5,97.2,1.34,14,cluster,1,1.416,0,0,1
orbit_train,orbit,train,71.8,18.5,1.75,3,as built,1,0.576,0,1,1
orbit_train,orbit,train,69.1,35.9,1.63,32,scatter,0,0.903,0,0,0
orbit_train,orbit,train,42.5,213.4,2.73,26,scatter,0,1.321,0,0,1
orbit_train,orbit,train,70.3,103.5,1.4,31,rows,1,0.833,0,0,1
orbit_train,orbit,train,66.2,337.1,1.73,13,scatter,1,0.597,0,1,0
orbit_train,orbit,train,74.9,264.9,1.92,19,cluster,1,1.217,0,0,1
orbit_train,orbit,train,82.5,96.1,1.77,1,scatter,1,1.418,0,0,1
orbit_train,orbit,train,84.8,258.3,1.17,3,scatter,1,1.353,0,1,0
orbit_train,orbit,train,43.6,293.0,1.92,14,scatter,1,0.987,0,0,1
orbit_train,orbit,train,36.4,67.3,1.69,18,rows,1,1.102,0,1,1
orbit_train,orbit,train,48.3,205.5,2.39,13,cluster,1,0.861,0,0,1
orbit_train,orbit,train,49.8,287.1,1.44,12,cluster,1,1.086,0,0,1
orbit_train,orbit,train,83.2,206.9,1.82,42,scatter,1,1.178,0,0,1
orbit_train,orbit,train,48.7,114.3,1.05,10,rows,1,0.867,0,0,1
orbit_train,orbit,train,39.1,184.9,1.67,4,scatter,1,0.905,0,0,1
orbit_train,orbit,train,75.1,351.0,1.67,3,scatter,1,1.42,0,1,1
orbit_train,orbit,train,36.4,278.3,2.15,50,rows,0,1.348,0,1,0
orbit_train,orbit,train,33.7,320.4,2.76,62,rows,0,0.791,0,1,1
orbit_train,orbit,train,35.8,120.3,2.12,21,cluster,1,1.129,0,0,1
orbit_train,orbit,train,33.9,290.1,2.59,11,scatter,1,0.702,0,0,1
orbit_train,orbit,train,81.1,249.3,1.77,10,scatter,0,1.168,0,0,1
orbit_train,orbit,train,70.7,123.8,1.35,1,cluster,1,0.9,0,0,0
orbit_train,orbit,train,75.5,150.0,1.02,2,clusters,1,0.956,0,0,1
orbit_train,orbit,train,66.9,183.1,1.86,32,crowd,1,1.209,0,1,1
orbit_train,orbit,train,30.0,107.2,2.5,19,clusters,1,0.933,0,0,1
orbit_train,orbit,train,35.4,53.9,2.65,22,as built,1,1.4,0,1,1
orbit_train,orbit,train,55.7,199.0,1.21,4,scatter,0,0.703,0,0,1
orbit_train,orbit,train,76.3,235.4,1.46,56,clusters,1,1.215,0,0,1
orbit_train,orbit,train,77.8,300.5,1.54,1,cluster,1,1.251,0,0,0
orbit_train,orbit,train,77.7,5.3,1.82,4,scatter,1,1.413,0,1,1
orbit_train,orbit,train,44.4,4.5,1.76,43,rows,1,1.165,0,0,1
orbit_train,orbit,train,59.7,273.5,1.01,19,cluster,1,1.246,0,1,1
orbit_train,orbit,train,54.8,190.1,1.02,6,as built,1,1.41,0,1,1
orbit_train,orbit,train,68.5,72.5,1.37,14,scatter,1,0.88,0,1,1
orbit_train,orbit,train,77.6,299.1,1.86,7,scatter,0,0.675,0,0,1
orbit_train,orbit,train,86.7,132.5,1.2,5,scatter,0,1.388,0,0,0
orbit_train,orbit,train,74.1,288.2,1.57,32,rows,1,0.586,0,0,1
orbit_train,orbit,train,38.1,352.5,1.05,7,cluster,0,1.075,0,1,1
orbit_train,orbit,train,54.1,148.6,1.82,31,clusters,1,1.009,0,0,1
orbit_train,orbit,train,65.8,281.9,1.94,19,scatter,1,1.401,0,1,1
orbit_train,orbit,train,41.8,196.6,2.19,11,scatter,1,0.964,0,0,0
orbit_train,orbit,train,56.3,19.7,1.34,8,scatter,1,0.571,0,0,1
orbit_train,orbit,train,44.2,324.0,2.38,15,as built,0,0.935,0,1,0
orbit_train,orbit,train,85.2,277.8,1.19,33,scatter,1,1.382,0,1,0
orbit_train,orbit,train,43.4,56.7,2.13,13,scatter,0,0.671,0,0,1
orbit_train,orbit,train,36.3,304.4,2.89,7,scatter,1,0.973,0,0,1
orbit_train,orbit,train,40.8,151.6,2.07,31,clusters,0,1.36,0,1,1
orbit_train,orbit,train,48.5,264.0,2.2,30,clusters,1,0.886,0,1,1
orbit_train,orbit,train,82.1,340.4,1.02,20,cluster,0,0.991,0,0,0
orbit_train,orbit,train,41.2,122.0,2.21,16,scatter,1,1.035,0,1,1
orbit_train,orbit,train,83.8,7.3,1.55,4,scatter,0,1.188,0,1,1
orbit_train,orbit,train,79.2,340.6,1.0,7,cluster,1,1.069,0,0,0
orbit_train,orbit,train,49.5,191.4,2.35,24,scatter,1,1.037,0,0,1
orbit_train,orbit,train,84.5,256.7,1.33,9,as built,1,1.41,0,0,0
orbit_train,orbit,train,30.8,22.1,1.54,37,scatter,1,1.162,0,0,1
orbit_train,orbit,train,51.8,293.6,1.95,12,crowd,1,0.609,0,0,1
orbit_train,orbit,train,86.3,57.9,1.45,15,cluster,0,0.843,0,0,1
orbit_train,orbit,train,47.9,258.6,2.21,15,rows,0,1.251,0,1,1
orbit_train,orbit,train,84.6,83.9,1.51,17,cluster,1,1.286,0,0,0
orbit_train,orbit,train,74.3,22.4,1.56,8,scatter,1,0.976,0,0,0
orbit_train,orbit,train,38.9,264.2,1.32,8,clusters,1,0.581,0,0,0
orbit_train,orbit,train,47.2,245.2,2.1,14,scatter,1,0.779,0,1,1
orbit_train,orbit,train,70.3,8.1,1.51,34,rows,1,0.69,0,0,0
orbit_train,orbit,train,48.6,217.8,1.24,19,cluster,1,0.704,0,0,1
orbit_train,orbit,train,60.0,137.2,2.2,9,scatter,1,0.633,0,1,1
orbit_train,orbit,train,62.2,163.8,2.02,11,as built,1,0.901,0,0,1
orbit_train,orbit,train,42.5,246.1,2.19,48,crowd,0,0.843,0,0,1
orbit_train,orbit,train,34.4,265.2,1.73,23,clusters,1,0.602,0,0,0
orbit_train,orbit,train,79.7,218.6,1.08,6,scatter,1,1.171,0,0,1
orbit_train,orbit,train,62.9,70.7,1.74,33,scatter,1,1.233,0,1,1
orbit_train,orbit,train,84.6,146.1,1.11,38,crowd,1,0.963,0,0,0
orbit_train,orbit,train,57.0,88.9,1.47,11,cluster,0,1.36,0,0,1
orbit_train,orbit,train,49.0,59.4,1.72,6,as built,0,1.387,0,0,1
orbit_train,orbit,train,52.3,230.1,1.15,15,scatter,1,1.013,0,0,0
orbit_train,orbit,train,72.5,258.8,1.9,52,clusters,1,1.337,0,1,1
orbit_train,orbit,train,50.0,317.4,2.1,24,scatter,1,0.878,0,0,1
orbit_train,orbit,train,64.8,224.2,1.67,34,clusters,1,1.002,0,1,1
orbit_train,orbit,train,84.9,203.7,1.3,15,scatter,1,0.756,0,0,0
orbit_train,orbit,train,36.6,62.5,2.31,15,as built,0,0.871,0,0,1
orbit_train,orbit,train,87.7,193.3,1.32,15,scatter,1,0.713,0,0,0
orbit_train,orbit,train,65.2,278.4,1.39,2,scatter,1,1.143,0,1,0
orbit_train,orbit,train,67.8,199.6,1.05,13,crowd,1,1.198,0,0,1
orbit_train,orbit,train,39.1,241.9,2.05,11,scatter,1,1.087,0,1,1
orbit_train,orbit,train,72.6,255.0,1.54,11,as built,1,0.872,0,0,0
orbit_train,orbit,train,80.4,213.4,1.69,28,rows,1,0.593,0,0,0
orbit_train,orbit,train,68.3,193.3,1.08,14,scatter,1,0.915,0,1,0
orbit_train,orbit,train,36.2,264.7,1.12,30,crowd,1,1.023,0,0,0
orbit_train,orbit,train,58.2,2.9,1.24,3,cluster,0,0.949,0,1,1
orbit_train,orbit,train,34.3,353.0,1.13,48,scatter,0,0.847,0,1,1
orbit_train,orbit,train,55.7,32.5,2.05,12,as built,1,0.919,0,1,1
orbit_train,orbit,train,56.5,303.2,1.77,5,scatter,1,1.254,0,0,1
orbit_train,orbit,train,73.2,347.0,1.58,21,scatter,1,1.299,0,1,0
orbit_train,orbit,train,55.9,160.4,1.17,8,scatter,1,1.174,0,1,1
orbit_train,orbit,train,39.9,270.4,2.71,26,crowd,0,0.621,0,1,1
orbit_train,orbit,train,34.0,348.7,2.97,74,rows,1,1.14,0,1,1
orbit_train,orbit,train,76.4,41.5,1.18,30,crowd,1,1.072,0,0,1
orbit_train,orbit,train,44.7,99.4,2.31,5,as built,1,0.646,0,0,0
orbit_train,orbit,train,70.1,94.2,1.98,9,scatter,1,1.332,0,0,1
orbit_train,orbit,train,59.9,59.0,2.14,53,crowd,1,0.879,0,0,1
orbit_train,orbit,train,66.4,128.1,1.58,17,cluster,1,1.174,0,0,0
orbit_train,orbit,train,58.6,76.6,2.06,7,as built,1,1.139,0,0,1
orbit_train,orbit,train,74.6,344.3,1.81,49,crowd,0,0.923,0,1,1
orbit_train,orbit,train,66.4,253.1,1.26,8,cluster,1,1.038,0,0,0
orbit_train,orbit,train,41.1,234.6,2.56,14,scatter,1,1.211,0,0,1
orbit_train,orbit,train,64.5,83.4,1.9,25,cluster,1,0.675,0,1,1
orbit_train,orbit,train,51.2,84.6,1.4,9,crowd,0,1.147,0,1,1
orbit_train,orbit,train,65.6,250.3,1.3,3,scatter,1,1.057,0,1,0
orbit_train,orbit,train,34.7,352.7,2.02,12,scatter,1,0.806,0,1,1
orbit_train,orbit,train,68.9,332.5,1.16,12,crowd,1,0.694,0,0,0
orbit_train,orbit,train,44.2,225.9,1.98,35,rows,1,0.74,0,0,1
orbit_train,orbit,train,35.1,29.4,3.09,36,crowd,1,1.369,0,0,1
orbit_train,orbit,train,70.7,279.8,1.03,53,scatter,1,1.433,0,0,0
orbit_train,orbit,train,64.7,55.2,1.12,1,scatter,0,1.02,0,0,0
orbit_train,orbit,train,77.1,352.3,1.33,21,rows,1,0.867,0,1,0
orbit_train,orbit,train,51.9,256.6,1.85,61,scatter,1,1.171,0,0,1
orbit_train,orbit,train,30.4,71.4,2.27,17,cluster,1,1.247,0,0,1
orbit_train,orbit,train,74.7,21.4,1.58,34,scatter,1,0.902,0,0,0
orbit_train,orbit,train,83.9,111.7,1.85,7,scatter,0,0.638,0,0,1
orbit_train,orbit,train,74.6,237.4,1.23,10,cluster,1,0.706,0,0,1
orbit_train,orbit,train,32.1,12.3,2.58,17,scatter,1,0.913,0,1,1
orbit_train,orbit,train,71.2,136.6,1.6,19,crowd,1,1.09,0,1,0
orbit_train,orbit,train,70.2,214.3,1.88,18,cluster,1,0.59,0,0,1
orbit_train,orbit,train,30.8,135.0,1.95,4,as built,0,0.555,0,0,1
orbit_train,orbit,train,83.5,37.3,1.08,10,cluster,1,0.592,0,0,1
orbit_train,orbit,train,74.1,271.3,1.89,62,scatter,0,1.065,0,1,1
orbit_train,orbit,train,34.4,128.8,1.87,17,crowd,1,0.82,0,0,1
orbit_train,orbit,train,75.1,119.4,1.9,14,as built,1,0.896,0,0,1
orbit_train,orbit,train,51.0,342.8,1.74,41,clusters,1,1.025,0,0,1
orbit_train,orbit,train,38.4,51.6,1.82,39,crowd,1,0.735,0,0,1
orbit_train,orbit,train,58.6,144.9,1.91,6,scatter,0,0.966,0,0,1
orbit_train,orbit,train,62.5,53.9,1.14,13,scatter,1,1.071,0,0,0
orbit_train,orbit,train,76.6,81.3,1.6,5,scatter,0,1.313,0,0,0
orbit_train,orbit,train,47.4,304.8,1.9,15,clusters,1,0.936,0,1,1
orbit_train,orbit,train,70.4,126.8,1.43,11,rows,1,0.773,0,1,0
orbit_train,orbit,train,40.0,164.0,1.35,7,scatter,0,1.363,0,1,1
orbit_train,orbit,train,49.4,209.4,1.04,1,scatter,0,1.147,0,1,1
orbit_train,orbit,train,74.2,132.4,1.88,11,cluster,1,1.039,0,0,1
orbit_train,orbit,train,73.6,347.9,1.0,7,scatter,0,1.187,0,0,0
orbit_train,orbit,train,52.8,169.4,1.81,10,rows,1,0.617,0,1,1
orbit_train,orbit,train,69.2,220.8,1.22,3,scatter,1,1.16,0,0,1
orbit_train,orbit,train,84.7,222.3,1.32,3,cluster,1,0.985,0,1,0
orbit_train,orbit,train,45.0,107.1,2.15,37,scatter,1,0.639,0,1,1
orbit_train,orbit,train,53.3,325.9,2.26,19,as built,1,0.983,0,0,1
orbit_train,orbit,train,72.0,110.6,1.84,29,scatter,1,1.386,0,0,1
orbit_train,orbit,train,87.4,283.0,1.02,23,cluster,1,0.691,0,1,0
orbit_train,orbit,train,33.4,12.0,1.91,71,crowd,1,1.279,0,1,1
orbit_train,orbit,train,40.5,18.4,1.99,13,crowd,1,1.088,0,0,1
orbit_train,orbit,train,52.4,30.9,2.28,10,cluster,0,1.338,0,0,1
orbit_train,orbit,train,44.9,306.6,1.26,50,crowd,1,1.286,0,0,1
orbit_train,orbit,train,32.3,130.9,2.52,11,crowd,1,1.292,0,0,1
orbit_train,orbit,train,33.3,271.0,2.62,64,crowd,0,1.134,0,1,1
orbit_train,orbit,train,86.8,167.7,1.22,21,crowd,1,0.793,0,0,1
orbit_train,orbit,train,31.2,193.7,2.24,16,cluster,0,0.999,0,0,0
orbit_train,orbit,train,54.3,154.3,1.6,14,rows,1,1.285,0,0,1
orbit_train,orbit,train,59.9,106.9,1.65,3,cluster,1,1.008,0,1,0
orbit_train,orbit,train,62.9,143.8,1.67,28,cluster,1,1.037,0,0,0
orbit_train,orbit,train,41.3,98.2,1.37,6,scatter,0,0.578,0,0,0
orbit_train,orbit,train,36.7,224.6,3.02,21,crowd,1,1.201,0,0,1
orbit_train,orbit,train,30.7,325.2,1.71,24,rows,1,0.849,0,0,1
orbit_train,orbit,train,53.1,166.9,2.01,7,scatter,0,0.703,0,0,1
orbit_train,orbit,train,47.9,123.4,2.33,2,crowd,1,0.689,0,0,1
orbit_train,orbit,train,45.9,357.6,1.56,18,scatter,1,0.893,0,1,1
orbit_train,orbit,train,79.5,242.6,1.03,42,clusters,0,0.675,0,1,0
orbit_train,orbit,train,54.2,82.5,1.72,7,cluster,0,0.822,0,0,1
orbit_train,orbit,train,83.6,48.5,1.36,7,scatter,1,1.403,0,1,1
orbit_train,orbit,train,80.8,131.9,1.58,8,scatter,0,1.159,0,0,0
orbit_train,orbit,train,46.6,91.1,2.46,27,clusters,1,0.739,0,0,1
orbit_train,orbit,train,34.4,132.8,2.71,8,cluster,0,0.823,0,0,1
orbit_train,orbit,train,34.6,185.2,3.23,17,as built,0,1.312,0,0,1
orbit_train,orbit,train,71.2,29.8,1.44,18,clusters,1,0.794,0,0,0
orbit_train,orbit,train,82.5,233.2,1.21,50,rows,1,0.994,0,0,0
orbit_train,orbit,train,83.5,48.1,1.69,14,scatter,1,1.222,0,1,0
orbit_train,orbit,train,84.1,340.2,1.44,4,as built,0,0.65,0,1,0
orbit_train,orbit,train,83.4,83.9,1.94,9,as built,1,0.704,0,0,1
orbit_train,orbit,train,32.6,204.5,2.38,20,cluster,0,1.203,0,0,0
orbit_train,orbit,train,72.8,1.1,1.01,6,scatter,1,1.009,0,0,0
orbit_train,orbit,train,38.3,105.2,1.28,22,crowd,0,0.759,0,0,0
orbit_train,orbit,train,71.0,270.2,1.4,54,clusters,1,1.074,0,1,0
orbit_train,orbit,train,39.2,103.6,1.29,15,scatter,1,1.223,0,1,0
orbit_train,orbit,train,32.0,350.4,1.29,7,cluster,1,1.134,0,0,1
orbit_train,orbit,train,72.5,262.2,1.59,13,scatter,1,0.767,0,1,0
orbit_train,orbit,train,74.8,75.9,1.1,9,scatter,1,1.125,0,0,1
orbit_train,orbit,train,38.5,215.8,2.71,4,cluster,1,1.103,0,0,1
orbit_train,orbit,train,47.0,136.6,2.16,32,cluster,1,1.068,0,0,1
orbit_train,orbit,train,46.2,270.2,2.24,14,as built,1,0.805,0,0,1
orbit_train,orbit,train,55.7,204.2,1.15,6,scatter,1,1.248,0,1,1
orbit_train,orbit,train,67.7,244.3,1.96,13,clusters,1,1.254,0,1,1
orbit_train,orbit,train,71.8,265.0,1.86,12,rows,1,1.144,0,0,1
orbit_train,orbit,train,66.6,85.6,1.31,6,scatter,1,1.248,0,1,1
orbit_train,orbit,train,62.0,197.4,1.31,12,scatter,1,0.663,0,0,0
orbit_train,orbit,train,37.8,48.8,1.72,6,cluster,0,1.103,0,0,1
orbit_train,orbit,train,39.7,198.8,1.01,45,clusters,1,0.716,0,1,1
orbit_train,orbit,train,76.0,6.4,1.14,5,scatter,1,0.846,0,0,1
orbit_train,orbit,train,34.4,261.4,2.65,15,scatter,1,1.447,0,0,1
orbit_train,orbit,train,34.1,177.5,2.45,19,as built,1,1.042,0,0,0
orbit_train,orbit,train,61.6,66.9,1.76,15,clusters,1,0.608,0,0,1
orbit_train,orbit,train,56.3,278.4,1.63,9,crowd,0,1.311,0,0,1
orbit_train,orbit,train,66.2,273.1,1.53,9,scatter,1,1.179,0,0,0
orbit_train,orbit,train,66.7,34.3,1.22,3,scatter,1,1.139,0,0,0
orbit_train,orbit,train,85.9,173.5,1.61,1,cluster,1,0.691,0,0,1
orbit_train,orbit,train,76.8,234.1,1.21,7,scatter,1,1.116,0,1,0
orbit_train,orbit,train,73.4,261.3,1.15,7,scatter,1,1.195,0,0,0
orbit_train,orbit,train,73.6,231.1,1.18,21,cluster,1,0.803,0,1,1
orbit_train,orbit,train,42.1,357.4,1.28,10,as built,1,1.286,0,1,1
orbit_train,orbit,train,36.5,180.4,2.22,13,cluster,0,0.632,0,0,0
orbit_train,orbit,train,69.0,272.8,1.49,22,rows,0,0.968,0,1,0
orbit_train,orbit,train,41.3,44.2,2.59,16,cluster,1,0.618,0,0,1
orbit_train,orbit,train,78.6,180.9,1.47,8,scatter,0,0.779,0,0,0
orbit_train,orbit,train,39.2,140.8,2.98,42,scatter,1,0.791,0,0,1
orbit_train,orbit,train,51.2,23.6,1.92,11,scatter,1,0.849,0,0,1
orbit_train,orbit,train,84.8,164.3,1.89,44,clusters,0,0.956,0,1,1
orbit_train,orbit,train,32.0,330.9,1.43,28,scatter,1,0.752,0,1,1
orbit_train,orbit,train,78.9,20.9,1.76,10,scatter,1,1.087,0,1,1
orbit_train,orbit,train,32.1,95.3,1.47,13,clusters,0,1.105,0,1,0
orbit_train,orbit,train,49.0,294.1,1.9,11,scatter,0,0.703,0,0,1
orbit_train,orbit,train,75.5,100.6,1.58,15,scatter,1,1.028,0,0,1
orbit_train,orbit,train,73.3,251.2,1.42,46,crowd,1,1.113,0,1,0
orbit_train,orbit,train,62.1,83.0,1.51,7,scatter,0,0.688,0,0,0
orbit_train,orbit,train,64.7,134.1,1.0,10,scatter,0,1.128,0,1,0
orbit_train,orbit,train,69.5,286.2,1.1,10,cluster,1,1.234,0,0,0
orbit_train,orbit,train,35.7,95.4,1.53,8,scatter,1,1.44,0,0,0
orbit_train,orbit,train,81.3,211.5,1.32,15,cluster,1,1.222,0,0,0
orbit_train,orbit,train,53.3,297.6,2.31,9,as built,1,0.93,0,1,0
orbit_train,orbit,train,41.4,228.2,1.78,24,rows,0,1.193,0,1,1
orbit_train,orbit,train,85.6,328.8,1.14,4,scatter,0,1.313,0,0,0
orbit_train,orbit,train,42.2,146.7,2.51,60,scatter,1,0.596,0,0,1
orbit_train,orbit,train,58.3,29.8,1.01,19,scatter,1,1.297,0,1,1
orbit_train,orbit,train,84.3,50.6,1.39,51,crowd,0,1.066,0,1,0
orbit_train,orbit,train,59.5,138.2,1.61,16,as built,1,0.863,0,0,1
orbit_train,orbit,train,41.8,97.5,2.73,10,scatter,0,1.32,0,0,1
orbit_train,orbit,train,57.8,354.9,1.73,12,scatter,1,1.261,0,1,0
orbit_train,orbit,train,48.6,200.7,1.47,5,scatter,0,0.982,0,1,1
orbit_train,orbit,train,86.0,74.3,1.47,3,scatter,1,0.882,0,1,0
orbit_train,orbit,train,73.4,248.5,1.96,28,rows,1,1.191,0,1,1
orbit_train,orbit,train,62.3,171.7,1.78,11,scatter,0,1.425,0,1,1
orbit_train,orbit,train,32.4,264.2,1.28,7,cluster,1,1.424,0,0,0
orbit_train,orbit,train,83.4,231.3,1.51,7,as built,0,0.804,0,0,0
orbit_train,orbit,train,80.7,29.8,1.17,19,scatter,0,1.341,0,0,1
orbit_train,orbit,train,84.1,311.8,1.26,37,clusters,1,0.828,0,1,0
orbit_train,orbit,train,71.8,138.6,1.91,53,scatter,1,1.192,0,0,1
orbit_train,orbit,train,33.3,270.5,1.5,5,scatter,0,1.074,0,0,1
orbit_train,orbit,train,60.0,151.4,1.25,15,clusters,0,0.611,0,1,1
orbit_train,orbit,train,84.3,90.2,1.31,2,scatter,1,0.705,0,1,1
orbit_train,orbit,train,59.8,72.2,1.81,7,scatter,1,0.757,0,1,1
orbit_train,orbit,train,83.6,178.9,1.45,2,as built,1,1.433,0,0,0
orbit_train,orbit,train,43.5,297.4,2.56,10,scatter,1,0.653,0,0,1
orbit_train,orbit,train,37.6,199.4,1.35,28,clusters,1,0.937,0,0,1
orbit_train,orbit,train,40.2,326.3,1.56,69,rows,1,1.008,0,1,1
orbit_train,orbit,train,33.0,104.0,1.59,24,clusters,0,0.584,0,1,0
orbit_train,orbit,train,71.8,245.1,1.14,19,cluster,0,1.246,0,0,0
orbit_train,orbit,train,35.9,129.3,3.04,27,rows,0,1.143,0,0,1
orbit_train,orbit,train,39.2,176.8,1.6,3,clusters,1,1.446,0,0,1
orbit_train,orbit,train,54.5,308.7,1.13,19,clusters,1,1.242,0,0,0
orbit_train,orbit,train,50.5,185.6,1.84,13,scatter,1,0.679,0,0,1
orbit_train,orbit,train,81.7,295.3,1.79,8,as built,1,0.898,0,0,1
orbit_train,orbit,train,36.2,177.4,1.43,21,scatter,1,1.346,0,0,1
orbit_train,orbit,train,76.5,123.2,1.18,10,scatter,1,0.965,0,0,0
orbit_train,orbit,train,34.5,289.3,2.13,8,as built,1,0.997,0,0,0
orbit_train,orbit,train,70.3,323.6,1.31,9,scatter,0,1.089,0,0,0
orbit_train,orbit,train,83.8,94.5,1.36,7,scatter,0,1.126,0,0,1
orbit_train,orbit,train,70.2,152.8,1.08,66,crowd,1,1.351,0,1,0
orbit_train,orbit,train,70.8,273.8,1.92,11,cluster,1,0.883,0,0,1
orbit_train,orbit,train,57.3,339.7,1.48,2,scatter,1,1.296,0,0,0
orbit_train,orbit,train,42.3,353.7,2.28,10,scatter,1,0.797,0,0,0
orbit_train,orbit,train,58.2,275.2,1.77,4,scatter,1,0.901,0,0,0
orbit_train,orbit,train,66.8,249.5,1.12,16,rows,0,1.094,0,0,0
orbit_train,orbit,train,33.5,165.5,1.68,29,cluster,1,0.962,0,0,0
orbit_train,orbit,train,39.5,241.4,1.83,11,scatter,1,1.182,0,0,1
orbit_train,orbit,train,34.7,105.5,1.73,10,scatter,1,1.396,0,0,0
orbit_train,orbit,train,36.1,359.4,1.92,15,cluster,0,1.391,0,0,0
orbit_train,orbit,train,30.6,206.1,2.94,48,clusters,1,0.971,0,0,1
orbit_train,orbit,train,35.8,219.1,2.08,33,cluster,1,0.72,0,0,1
orbit_train,orbit,train,41.6,159.4,2.06,29,scatter,1,1.355,0,0,0
orbit_train,orbit,train,79.4,308.1,1.55,5,as built,1,1.41,0,0,0
orbit_train,orbit,train,33.6,309.4,3.44,26,cluster,1,0.916,0,1,1
orbit_train,orbit,train,71.3,337.1,1.89,13,clusters,1,1.258,0,0,1
orbit_train,orbit,train,83.3,131.1,1.14,4,scatter,1,1.273,0,0,0
orbit_train,orbit,train,87.3,295.9,1.41,6,scatter,0,0.858,0,0,0
orbit_train,orbit,train,69.5,114.6,1.93,24,clusters,1,1.437,0,0,1
orbit_train,orbit,train,74.3,103.4,1.42,13,cluster,1,0.878,0,0,1
orbit_train,orbit,train,65.7,26.9,1.39,8,scatter,0,1.031,0,1,0
orbit_train,orbit,train,74.2,166.2,1.35,34,crowd,1,0.753,0,0,0
orbit_train,orbit,train,60.2,292.6,2.08,9,scatter,1,0.733,0,0,1
orbit_train,orbit,train,84.2,330.2,1.38,3,scatter,1,0.599,0,1,0
orbit_train,orbit,train,58.0,320.5,1.38,26,crowd,1,0.801,0,1,0
orbit_train,orbit,train,41.5,167.7,2.83,28,scatter,1,0.666,0,1,1
orbit_train,orbit,train,56.5,13.4,1.87,11,cluster,0,0.878,0,0,1
orbit_train,orbit,train,60.7,327.7,1.15,10,scatter,1,1.073,0,1,0
orbit_train,orbit,train,31.2,225.2,2.76,34,clusters,1,1.014,0,0,1
orbit_train,orbit,train,85.0,301.7,1.78,37,scatter,1,1.14,0,0,1
orbit_train,orbit,train,82.2,144.8,1.24,45,scatter,1,0.816,0,0,0
orbit_train,orbit,train,69.8,247.6,1.37,8,cluster,1,1.395,0,0,0
orbit_train,orbit,train,38.9,251.6,1.56,7,cluster,1,0.717,0,0,0
orbit_train,orbit,train,38.5,208.8,1.67,22,crowd,0,1.166,0,1,1
orbit_train,orbit,train,37.2,302.2,2.65,19,crowd,1,1.322,0,0,1
orbit_train,orbit,train,38.3,119.0,1.49,6,as built,0,1.408,0,0,0
orbit_train,orbit,train,47.8,202.6,2.48,14,scatter,1,0.952,0,0,1
orbit_train,orbit,train,45.8,246.5,1.08,58,clusters,1,1.121,0,0,0
orbit_train,orbit,train,74.1,111.5,1.22,7,scatter,1,0.848,0,1,1
orbit_train,orbit,train,70.6,87.3,1.78,20,scatter,1,0.976,0,1,1
orbit_train,orbit,train,40.6,74.2,1.08,14,cluster,0,1.282,0,1,1
orbit_train,orbit,train,35.5,59.1,2.03,20,cluster,0,1.377,0,0,1
orbit_train,orbit,train,30.5,73.2,1.73,6,scatter,1,1.065,0,0,1
orbit_train,orbit,train,36.7,317.0,1.32,14,cluster,0,0.605,0,0,1
orbit_train,orbit,train,44.0,187.4,2.18,9,rows,0,0.617,0,0,0
orbit_train,orbit,train,46.7,86.6,1.3,9,as built,1,0.991,0,0,1
orbit_train,orbit,train,70.2,159.1,1.12,16,clusters,0,1.146,0,1,0
orbit_train,orbit,train,77.7,129.2,1.49,2,clusters,1,0.554,0,0,0
orbit_train,orbit,train,33.0,45.3,1.36,16,as built,1,1.204,0,1,1
orbit_train,orbit,train,40.9,298.8,1.54,16,cluster,0,0.712,0,1,1
orbit_train,orbit,train,30.7,28.7,1.79,18,cluster,1,0.963,0,0,1
orbit_train,orbit,train,80.5,139.7,1.46,9,scatter,1,1.2,0,1,0
orbit_train,orbit,train,52.6,327.8,1.02,3,scatter,0,0.675,0,1,0
orbit_train,orbit,train,37.5,88.2,1.54,24,scatter,1,0.773,0,1,1
orbit_train,orbit,train,82.8,226.1,1.06,45,crowd,0,0.558,0,1,0
orbit_train,orbit,train,63.4,167.6,1.35,10,scatter,1,1.079,0,0,0
orbit_train,orbit,train,37.9,20.4,1.52,18,scatter,0,1.345,0,1,1
orbit_train,orbit,train,69.3,28.1,2.0,28,scatter,0,1.236,0,1,1
orbit_train,orbit,train,38.3,107.5,1.26,3,as built,1,1.083,0,0,0
orbit_train,orbit,train,86.3,262.2,1.29,38,rows,1,1.201,0,0,0
orbit_train,orbit,train,35.5,248.6,2.4,14,crowd,1,0.873,0,0,1
orbit_train,orbit,train,42.4,355.1,1.33,10,scatter,0,0.723,0,0,1
orbit_train,orbit,train,51.1,308.9,1.58,9,scatter,1,0.624,0,0,0
orbit_train,orbit,train,30.6,215.7,1.34,28,cluster,0,0.556,0,1,1
orbit_train,orbit,train,46.5,215.6,2.4,16,scatter,1,1.269,0,0,1
orbit_train,orbit,train,83.8,255.8,1.67,11,scatter,1,1.219,0,1,0
orbit_train,orbit,train,33.3,281.2,2.44,13,scatter,1,1.106,0,0,0
orbit_train,orbit,train,63.0,250.0,1.39,57,rows,0,0.901,0,0,0
orbit_train,orbit,train,66.5,163.9,1.07,11,clusters,1,0.792,0,1,0
orbit_train,orbit,train,35.8,264.4,2.8,67,crowd,1,0.974,0,0,1
orbit_train,orbit,train,32.5,72.1,2.23,46,crowd,1,0.969,0,1,1
orbit_train,orbit,train,34.4,56.8,1.23,4,scatter,1,1.174,0,1,1
orbit_train,orbit,train,62.4,208.3,1.1,8,scatter,0,0.618,0,1,0
orbit_train,orbit,train,79.9,137.2,1.72,5,scatter,0,0.784,0,0,0
orbit_train,orbit,train,66.8,275.0,1.4,31,crowd,1,0.925,0,0,0
orbit_train,orbit,train,41.0,95.9,1.95,21,cluster,0,0.788,0,1,0
orbit_train,orbit,train,50.2,251.6,1.39,16,cluster,1,0.57,0,0,0
orbit_train,orbit,train,52.1,55.4,1.52,5,scatter,1,1.082,0,0,1
orbit_train,orbit,train,66.4,280.5,2.1,24,cluster,1,0.798,0,0,1
orbit_train,orbit,train,42.6,71.5,1.73,12,scatter,1,1.029,0,0,1
orbit_train,orbit,train,35.1,115.9,2.62,2,scatter,1,0.769,0,0,1
orbit_train,orbit,train,33.9,251.0,2.33,62,scatter,1,1.268,0,1,1
orbit_train,orbit,train,68.9,242.7,1.71,10,as built,1,0.564,0,1,0
orbit_train,orbit,train,76.8,83.5,1.74,6,crowd,1,0.84,0,1,0
orbit_train,orbit,train,80.8,132.6,1.36,3,scatter,1,0.749,0,1,0
orbit_train,orbit,train,71.7,29.0,1.36,34,rows,1,1.413,0,0,0
orbit_train,orbit,train,51.4,262.8,1.27,23,scatter,1,0.647,0,0,0
orbit_train,orbit,train,56.6,252.5,2.22,36,scatter,1,0.817,0,0,1
orbit_train,orbit,train,68.5,97.2,1.36,5,scatter,1,1.015,0,1,1
orbit_train,orbit,train,43.6,141.5,1.81,14,rows,0,1.294,0,0,1
orbit_train,orbit,train,50.9,212.6,1.3,49,scatter,1,1.127,0,0,0
orbit_train,orbit,train,82.7,131.6,1.41,11,rows,1,0.732,0,1,0
orbit_train,orbit,train,71.6,287.1,1.14,3,scatter,0,1.254,0,0,0
orbit_train,orbit,train,74.6,320.1,1.56,12,cluster,1,0.622,0,0,0
orbit_train,orbit,train,41.1,271.0,1.62,9,scatter,1,1.152,0,0,0
orbit_train,orbit,train,69.2,256.9,2.06,18,cluster,1,1.214,0,1,1
orbit_train,orbit,train,52.4,75.3,1.32,5,cluster,1,0.772,0,1,1
orbit_train,orbit,train,31.1,257.3,2.38,64,scatter,1,0.557,0,1,0
orbit_train,orbit,train,87.5,42.6,1.75,42,crowd,0,1.04,0,1,0
orbit_train,orbit,train,61.3,318.3,2.0,12,as built,0,1.424,0,0,1
orbit_train,orbit,train,40.6,72.3,1.01,27,cluster,0,1.06,0,0,1
orbit_train,orbit,train,47.5,239.4,1.74,6,scatter,1,0.8,0,0,0
orbit_train,orbit,train,38.8,58.8,1.5,14,scatter,0,1.259,0,0,1
orbit_train,orbit,train,39.0,154.6,2.83,17,cluster,1,1.298,0,0,1
orbit_train,orbit,train,37.1,292.8,2.53,9,crowd,1,0.826,0,1,1
orbit_train,orbit,train,36.2,314.2,3.01,56,clusters,1,0.88,0,0,1
orbit_train,orbit,train,34.0,142.9,3.41,4,scatter,1,0.99,0,1,1
orbit_train,orbit,train,30.6,143.8,2.71,15,cluster,0,0.83,0,1,1
orbit_train,orbit,train,75.6,313.2,1.23,69,crowd,1,1.006,0,1,0
orbit_train,orbit,train,41.6,83.2,2.44,9,clusters,1,1.135,0,0,1
orbit_train,orbit,train,69.7,320.3,1.81,23,scatter,1,1.281,0,0,1
orbit_train,orbit,train,54.8,177.9,1.59,10,rows,1,1.183,0,0,0
orbit_train,orbit,train,31.0,297.5,1.03,24,cluster,0,0.707,0,0,0
orbit_train,orbit,train,70.9,195.2,1.3,10,scatter,0,1.431,0,1,0
orbit_train,orbit,train,38.1,302.9,1.41,11,scatter,1,0.569,0,1,1
orbit_train,orbit,train,44.1,189.1,2.66,37,crowd,1,1.23,0,1,1
orbit_train,orbit,train,80.5,127.6,1.11,1,clusters,1,0.934,0,0,0
orbit_train,orbit,train,70.5,122.6,1.57,55,crowd,1,0.661,0,1,0
orbit_train,orbit,train,44.5,111.9,2.55,14,cluster,0,1.258,0,0,1
orbit_train,orbit,train,69.2,37.7,1.12,17,clusters,0,0.85,0,0,0
orbit_train,orbit,train,62.8,264.1,1.77,16,scatter,1,0.553,0,1,1
orbit_train,orbit,train,41.3,171.8,2.47,25,rows,1,1.436,0,0,0
orbit_train,orbit,train,46.9,153.4,2.31,6,as built,1,1.362,0,0,1
orbit_train,orbit,train,52.6,4.6,1.19,13,rows,1,1.015,0,1,1
orbit_train,orbit,train,37.4,125.9,3.02,9,cluster,1,0.759,0,0,1
orbit_train,orbit,train,32.0,356.0,1.06,41,scatter,0,0.677,0,0,0
orbit_train,orbit,train,41.8,290.3,1.08,10,crowd,1,1.094,0,0,0
orbit_train,orbit,train,75.7,207.6,1.13,11,scatter,1,1.028,0,1,0
orbit_train,orbit,train,43.2,174.9,2.04,12,cluster,1,1.305,0,0,0
orbit_train,orbit,train,72.4,355.2,1.38,5,rows,1,1.165,0,0,0
orbit_train,orbit,train,83.0,169.8,1.28,4,scatter,1,1.057,0,1,0
orbit_train,orbit,train,48.5,355.9,1.54,11,cluster,0,0.931,0,0,0
orbit_train,orbit,train,84.4,158.0,1.5,25,scatter,1,1.413,0,0,0
orbit_train,orbit,train,71.1,181.6,1.01,1,scatter,1,0.863,0,1,0
orbit_train,orbit,train,73.7,171.1,1.73,2,cluster,0,0.555,0,1,0
orbit_train,orbit,train,35.1,306.6,2.13,9,as built,0,1.109,0,0,0
orbit_train,orbit,train,40.0,248.9,2.84,63,crowd,1,1.053,0,1,1
orbit_train,orbit,train,34.9,252.5,1.28,40,clusters,1,0.847,0,0,0
orbit_train,orbit,train,67.1,265.5,1.13,15,cluster,1,0.628,0,0,0
orbit_train,orbit,train,74.6,351.1,1.5,6,scatter,0,0.89,0,0,0
orbit_train,orbit,train,34.6,313.2,1.8,40,crowd,0,0.994,0,0,0
orbit_train,orbit,train,84.3,246.5,1.34,8,scatter,0,1.188,0,0,0
orbit_train,orbit,train,35.0,107.6,1.33,10,scatter,1,1.042,0,0,0
orbit_train,orbit,train,68.7,92.2,1.14,6,as built,0,0.896,0,0,1
orbit_train,orbit,train,41.9,119.8,2.3,17,scatter,1,0.954,0,0,0
orbit_train,orbit,train,41.4,31.6,1.25,2,cluster,1,0.878,0,1,1
orbit_train,orbit,train,51.1,354.0,2.0,37,crowd,1,0.702,0,0,1
orbit_train,orbit,train,78.1,235.4,1.23,6,cluster,0,1.428,0,1,0
orbit_train,orbit,train,32.8,312.1,2.4,65,crowd,0,0.595,0,0,0
orbit_train,orbit,train,71.6,322.2,1.87,7,as built,1,1.042,0,0,1
orbit_train,orbit,train,33.0,78.4,2.36,17,rows,1,1.095,0,0,1
orbit_train,orbit,train,79.0,270.3,1.88,22,rows,1,0.937,0,0,1
orbit_train,orbit,train,84.9,352.1,1.0,14,clusters,1,0.873,0,1,0
orbit_train,orbit,train,63.7,243.1,1.77,20,rows,0,1.349,0,0,1
orbit_train,orbit,train,51.1,210.6,2.05,19,cluster,0,1.025,0,1,1
orbit_train,orbit,train,52.1,168.6,1.88,37,crowd,1,0.944,0,0,0
orbit_train,orbit,train,80.7,308.6,1.71,13,scatter,1,0.683,0,0,0
orbit_train,orbit,train,30.8,260.7,1.54,2,scatter,1,0.642,0,1,0
orbit_train,orbit,train,50.3,21.0,1.14,2,cluster,1,1.281,0,0,0
orbit_train,orbit,train,83.4,246.4,1.67,12,scatter,1,0.777,0,1,0
orbit_train,orbit,train,64.2,349.3,1.46,3,rows,0,1.424,0,1,0
orbit_train,orbit,train,37.0,235.2,2.83,14,scatter,1,1.026,0,0,0
orbit_train,orbit,train,82.6,278.5,1.91,3,cluster,1,0.986,0,1,1
orbit_train,orbit,train,34.3,290.8,3.25,15,crowd,1,1.226,0,0,1
orbit_train,orbit,train,75.2,23.5,1.33,8,scatter,0,1.106,0,1,1
orbit_train,orbit,train,60.7,60.8,1.16,4,scatter,1,1.391,0,0,0
orbit_train,orbit,train,50.7,324.9,2.42,16,scatter,1,1.049,0,0,1
orbit_train,orbit,train,43.8,31.0,1.32,17,scatter,1,1.317,0,0,1
orbit_train,orbit,train,51.6,112.1,2.21,18,scatter,1,1.215,0,0,1
orbit_train,orbit,train,61.1,313.1,2.15,52,rows,1,1.404,0,0,1
orbit_train,orbit,train,55.6,97.7,2.31,14,as built,1,0.669,0,0,1
orbit_train,orbit,train,83.1,42.6,1.08,1,scatter,1,1.069,0,0,0
orbit_train,orbit,train,33.3,63.1,1.46,15,scatter,0,0.75,0,0,1
orbit_train,orbit,train,56.0,294.7,1.73,14,as built,1,1.255,0,0,0
orbit_train,orbit,train,30.1,283.8,2.19,19,cluster,1,0.675,0,0,0
orbit_train,orbit,train,40.5,322.5,1.82,13,rows,1,0.607,0,1,0
orbit_train,orbit,train,33.8,18.1,3.27,16,as built,0,0.874,0,0,1
orbit_train,orbit,train,86.0,84.5,1.19,6,scatter,0,0.682,0,1,0
orbit_train,orbit,train,36.1,114.8,1.71,35,rows,1,0.778,0,1,0
orbit_train,orbit,train,55.7,34.2,1.7,10,scatter,0,1.31,0,1,1
orbit_train,orbit,train,45.2,176.8,2.09,53,clusters,0,1.391,0,1,0
orbit_train,orbit,train,75.4,105.8,1.77,27,crowd,0,1.169,0,0,1
orbit_train,orbit,train,52.1,101.0,1.02,1,cluster,1,0.884,0,0,0
orbit_train,orbit,train,33.6,223.9,1.93,31,cluster,1,1.085,0,0,1
orbit_train,orbit,train,40.4,171.4,2.26,51,crowd,1,1.193,0,1,0
orbit_train,orbit,train,37.8,197.8,2.96,66,clusters,1,1.407,0,0,1
orbit_train,orbit,train,83.6,64.4,1.2,8,clusters,1,1.027,0,0,0
orbit_train,orbit,train,60.1,46.8,1.67,27,rows,1,1.364,0,0,0
orbit_train,orbit,train,87.0,329.7,1.53,13,clusters,1,0.895,0,1,0
orbit_train,orbit,train,86.6,88.0,1.16,4,scatter,1,1.018,0,1,0
orbit_train,orbit,train,53.6,151.4,1.8,12,as built,1,1.03,0,0,0
orbit_train,orbit,train,52.2,24.7,1.93,12,rows,1,0.592,0,0,1
orbit_train,orbit,train,51.0,29.1,1.07,20,cluster,1,1.431,0,0,0
orbit_train,orbit,train,76.4,168.8,1.52,8,scatter,1,0.908,0,0,0
orbit_train,orbit,train,31.8,190.1,3.3,50,scatter,1,1.249,0,0,1
orbit_train,orbit,train,42.1,67.3,1.5,5,scatter,1,0.847,0,0,1
orbit_train,orbit,train,49.2,265.3,2.01,32,scatter,1,0.58,0,1,1
orbit_train,orbit,train,50.4,220.7,1.74,5,scatter,0,0.721,0,0,0
orbit_train,orbit,train,45.4,86.2,2.13,6,as built,1,1.355,0,0,1
orbit_train,orbit,train,68.6,277.9,1.42,19,crowd,0,1.193,0,1,0
orbit_train,orbit,train,49.2,77.7,1.13,3,scatter,1,1.366,0,0,1
orbit_train,orbit,train,40.5,172.1,2.24,7,scatter,1,1.122,0,1,0
orbit_train,orbit,train,70.7,28.7,1.15,22,scatter,1,1.108,0,0,0
orbit_train,orbit,train,37.7,337.4,1.7,18,crowd,1,0.572,0,0,0
orbit_train,orbit,train,38.0,163.0,1.96,41,crowd,0,1.316,0,1,0
orbit_train,orbit,train,58.3,148.4,1.6,24,cluster,1,1.108,0,0,1
orbit_train,orbit,train,81.2,74.7,1.5,9,scatter,1,0.668,0,0,0
orbit_train,orbit,train,40.2,61.4,2.58,49,crowd,1,1.241,0,0,1
orbit_train,orbit,train,33.9,193.8,2.94,19,cluster,1,1.33,0,0,1
orbit_train,orbit,train,65.2,37.1,1.1,27,crowd,1,1.177,0,0,0
orbit_train,orbit,train,80.2,219.0,1.24,10,scatter,1,1.042,0,0,0
orbit_train,orbit,train,34.7,198.0,3.26,35,scatter,1,0.99,0,0,1
orbit_train,orbit,train,44.8,312.8,2.67,11,scatter,1,0.812,0,0,1
orbit_train,orbit,train,34.2,17.5,3.16,30,cluster,0,1.189,0,1,1
orbit_train,orbit,train,36.9,65.8,2.21,14,cluster,1,1.122,0,1,1
orbit_train,orbit,train,34.3,181.8,3.16,18,scatter,0,1.445,0,1,1
orbit_train,orbit,train,71.7,60.2,1.35,22,cluster,1,1.191,0,1,0
orbit_train,orbit,train,74.9,114.5,1.61,11,scatter,1,0.945,0,0,1
orbit_train,orbit,train,65.0,156.0,1.26,11,scatter,1,1.356,0,0,0
orbit_train,orbit,train,47.7,303.3,1.73,67,crowd,1,0.629,0,1,0
orbit_train,orbit,train,61.4,353.9,1.22,4,cluster,0,1.082,0,1,0
orbit_train,orbit,train,46.3,257.1,2.01,23,crowd,1,1.414,0,0,1
orbit_train,orbit,train,46.7,38.1,1.82,2,cluster,0,1.137,0,0,1
orbit_train,orbit,train,65.8,177.2,1.73,17,scatter,1,0.795,0,1,0
orbit_train,orbit,train,42.6,100.1,2.3,15,cluster,1,1.375,0,0,0
orbit_train,orbit,train,70.8,85.8,1.77,18,crowd,1,1.165,0,1,1
orbit_train,orbit,train,53.8,247.9,2.04,10,clusters,1,1.121,0,0,1
orbit_train,orbit,train,75.2,325.3,1.61,63,clusters,1,0.734,0,0,0
orbit_train,orbit,train,34.1,139.2,1.52,49,scatter,0,0.595,0,0,1
orbit_train,orbit,train,44.9,325.1,1.44,12,scatter,1,0.869,0,0,1
orbit_train,orbit,train,79.7,67.3,1.43,5,scatter,1,1.044,0,1,0
orbit_train,orbit,train,62.2,206.9,1.2,21,scatter,0,0.741,0,1,0
orbit_train,orbit,train,32.9,223.5,1.15,1,as built,1,0.781,0,0,1
orbit_train,orbit,train,58.1,250.4,1.37,7,as built,1,1.293,0,0,0
orbit_train,orbit,train,54.4,305.7,1.3,13,scatter,0,1.234,0,0,0
orbit_train,orbit,train,74.3,81.1,1.16,47,clusters,1,1.103,0,0,0
orbit_train,orbit,train,45.3,71.3,2.35,2,rows,0,0.927,0,0,1
orbit_train,orbit,train,76.2,289.7,1.89,53,rows,1,0.995,0,0,1
orbit_train,orbit,train,41.6,245.1,1.15,64,crowd,1,1.044,0,1,0
orbit_train,orbit,train,75.7,125.5,1.44,2,scatter,1,1.325,0,1,0
orbit_train,orbit,train,48.2,272.2,1.55,37,scatter,1,0.978,0,1,0
orbit_train,orbit,train,45.1,175.5,1.35,6,scatter,1,0.785,0,1,0
orbit_train,orbit,train,73.5,169.1,1.94,21,cluster,0,1.281,0,0,1
orbit_train,orbit,train,31.7,18.3,1.0,22,clusters,0,1.314,0,1,1
orbit_train,orbit,train,78.3,306.2,1.46,10,scatter,1,0.612,0,0,0
orbit_train,orbit,train,78.3,163.8,1.69,8,scatter,1,0.627,0,0,0
orbit_train,orbit,train,79.8,213.7,1.12,10,scatter,1,0.841,0,0,0
orbit_train,orbit,train,36.4,164.8,1.08,67,clusters,1,0.88,0,0,0
orbit_train,orbit,train,70.3,5.9,1.54,17,scatter,1,0.866,0,1,0
orbit_train,orbit,train,78.0,263.2,1.47,8,as built,1,1.047,0,0,0
orbit_train,orbit,train,36.0,179.1,2.67,56,rows,1,1.049,0,0,1
orbit_train,orbit,train,74.6,119.0,1.03,2,scatter,1,1.342,0,1,0
orbit_train,orbit,train,57.5,105.8,1.91,14,clusters,0,0.976,0,1,1
orbit_train,orbit,train,38.8,270.0,2.93,30,scatter,1,0.761,0,1,1
orbit_train,orbit,train,65.6,291.6,1.05,8,scatter,1,1.253,0,1,0
orbit_train,orbit,train,34.5,276.2,2.43,52,clusters,1,0.815,0,1,0
orbit_train,orbit,train,86.7,283.1,1.69,34,scatter,0,0.627,0,0,0
orbit_train,orbit,train,34.9,3.2,2.31,24,scatter,1,1.447,0,0,1
orbit_train,orbit,train,78.3,338.9,1.77,63,crowd,1,0.876,0,0,1
orbit_train,orbit,train,73.7,213.6,1.73,6,scatter,1,1.11,0,1,1
orbit_train,orbit,train,70.6,298.9,1.29,8,cluster,0,0.788,0,0,0
orbit_train,orbit,train,70.2,238.1,1.77,33,clusters,0,1.434,0,1,1
orbit_train,orbit,train,64.8,333.2,1.67,4,scatter,1,0.674,0,1,0
orbit_train,orbit,train,56.0,235.2,2.08,10,rows,1,1.091,0,0,1
orbit_train,orbit,train,76.8,206.9,1.65,11,scatter,0,1.418,0,1,0
orbit_train,orbit,train,69.2,334.0,1.32,11,rows,1,1.327,0,0,0
orbit_train,orbit,train,84.6,157.2,1.2,5,scatter,1,1.312,0,1,0
orbit_train,orbit,train,36.5,152.5,1.08,18,rows,1,0.729,0,0,0
orbit_train,orbit,train,38.9,183.7,2.87,19,as built,1,0.619,0,1,1
orbit_train,orbit,train,69.2,158.7,1.92,11,clusters,1,0.585,0,0,1
orbit_train,orbit,train,79.5,39.5,1.65,7,cluster,1,0.915,0,0,0
orbit_train,orbit,train,80.4,259.1,1.67,4,scatter,1,0.749,0,0,0
orbit_train,orbit,train,30.5,26.5,1.44,8,cluster,1,1.137,0,0,0
orbit_train,orbit,train,40.8,28.5,1.76,15,scatter,1,1.415,0,1,1
orbit_train,orbit,train,71.6,224.4,1.28,8,as built,1,0.865,0,0,1
orbit_train,orbit,train,35.7,65.0,2.93,32,crowd,0,1.239,0,0,1
orbit_train,orbit,train,74.9,145.6,1.74,20,cluster,1,0.994,0,0,0
orbit_train,orbit,train,65.1,7.2,1.87,2,cluster,0,1.427,0,1,1
orbit_train,orbit,train,70.5,91.6,1.58,5,cluster,0,1.337,0,0,0
orbit_train,orbit,train,37.4,258.0,2.72,20,scatter,1,1.185,0,0,1
orbit_train,orbit,train,32.1,191.6,2.3,69,rows,0,1.176,0,1,0
orbit_train,orbit,train,34.2,13.1,1.25,36,scatter,1,0.778,0,1,0
orbit_train,orbit,train,32.3,332.3,3.5,21,cluster,1,1.172,0,0,1
orbit_train,orbit,train,31.3,344.1,2.22,18,scatter,0,0.928,0,1,0
orbit_train,orbit,train,44.9,263.6,2.12,8,scatter,1,1.058,0,0,0
orbit_train,orbit,train,38.4,63.9,1.13,13,scatter,0,1.257,0,0,1
orbit_train,orbit,train,62.8,315.7,1.27,23,scatter,0,0.939,0,0,0
orbit_train,orbit,train,45.1,312.4,2.01,29,rows,1,0.597,0,0,1
orbit_train,orbit,train,30.8,335.8,2.06,58,crowd,1,0.947,0,0,0
orbit_train,orbit,train,72.7,193.6,1.66,11,scatter,1,0.685,0,0,0
orbit_train,orbit,train,75.7,170.4,1.66,4,scatter,0,0.86,0,1,0
orbit_train,orbit,train,69.5,213.5,1.55,15,clusters,0,0.826,0,1,0
orbit_train,orbit,train,80.3,321.6,1.22,8,as built,1,1.402,0,1,0
orbit_train,orbit,train,55.3,242.0,1.09,2,scatter,1,1.25,0,0,0
orbit_train,orbit,train,64.2,256.9,1.54,12,as built,1,0.67,0,0,0
orbit_train,orbit,train,35.9,317.0,2.92,16,scatter,1,1.313,0,1,1
orbit_train,orbit,train,48.3,15.0,1.62,18,scatter,0,0.744,0,1,0
orbit_train,orbit,train,46.8,177.4,2.21,43,clusters,1,1.001,0,0,0
orbit_train,orbit,train,81.6,98.3,1.31,21,cluster,1,1.14,0,0,1
orbit_train,orbit,train,67.5,240.8,1.19,23,clusters,1,1.371,0,1,0
orbit_train,orbit,train,80.2,241.9,1.38,22,clusters,1,1.195,0,0,0
orbit_train,orbit,train,45.7,258.5,1.23,5,scatter,0,1.277,0,0,0
orbit_train,orbit,train,37.7,201.1,1.12,15,scatter,1,1.141,0,1,0
orbit_train,orbit,train,33.0,136.1,2.02,13,scatter,0,0.62,0,0,0
orbit_train,orbit,train,71.4,204.2,1.26,4,scatter,0,0.942,0,0,0
orbit_train,orbit,train,32.7,145.8,2.17,22,scatter,0,1.055,0,1,0
orbit_train,orbit,train,35.8,57.3,1.34,9,as built,1,1.0,0,1,0
orbit_train,orbit,train,34.6,82.0,3.0,20,scatter,1,0.714,0,1,1
orbit_train,orbit,train,54.2,144.0,1.25,19,rows,1,1.055,0,0,0
orbit_train,orbit,train,54.4,319.5,2.36,17,scatter,1,1.13,0,1,1
orbit_train,orbit,train,57.4,67.1,1.62,18,clusters,1,1.084,0,0,1
orbit_train,orbit,train,53.4,203.2,2.18,4,cluster,1,0.76,0,1,1
orbit_train,orbit,train,75.0,37.4,1.26,3,as built,0,0.839,0,0,0
orbit_train,orbit,train,30.6,345.8,2.5,9,scatter,0,0.758,0,0,0
orbit_train,orbit,train,39.2,97.7,1.75,10,cluster,1,0.601,0,0,0
orbit_train,orbit,train,41.9,24.8,2.62,40,scatter,1,1.363,0,1,1
orbit_train,orbit,train,38.0,144.4,2.15,1,cluster,1,1.08,0,0,0
orbit_train,orbit,train,74.1,265.3,1.39,15,scatter,1,0.963,0,1,0
orbit_train,orbit,train,72.3,231.5,1.25,3,cluster,1,0.627,0,0,0
orbit_train,orbit,train,85.0,263.6,1.65,1,cluster,0,1.322,0,0,0
orbit_train,orbit,train,73.8,125.7,1.1,3,scatter,1,0.869,0,1,0
orbit_train,orbit,train,80.3,300.7,1.88,2,cluster,1,0.684,0,0,1
orbit_train,orbit,train,73.3,307.5,1.31,7,cluster,1,0.758,0,0,0
orbit_train,orbit,train,30.4,338.1,2.15,32,cluster,1,0.896,0,1,0
orbit_train,orbit,train,32.9,266.6,1.21,1,as built,0,1.053,0,0,0
orbit_train,orbit,train,35.1,20.1,1.25,14,scatter,0,1.442,0,0,0
orbit_train,orbit,train,65.6,141.9,2.08,25,scatter,1,1.136,0,1,1
orbit_train,orbit,train,83.6,203.0,1.28,15,scatter,0,1.172,0,0,0
orbit_train,orbit,train,52.2,244.3,1.89,15,cluster,1,0.648,0,0,1
orbit_train,orbit,train,73.5,215.6,1.51,27,rows,0,0.706,0,1,0
orbit_train,orbit,train,35.5,120.0,2.56,26,rows,1,0.927,0,0,1
orbit_train,orbit,train,66.0,127.6,1.27,7,scatter,0,1.421,0,1,0
orbit_train,orbit,train,59.1,166.3,1.89,37,scatter,1,1.232,0,1,0
orbit_train,orbit,train,71.9,204.8,1.19,5,scatter,1,0.946,0,0,0
orbit_train,orbit,train,86.0,69.5,1.76,12,scatter,1,0.981,0,0,1
orbit_train,orbit,train,81.3,44.7,1.05,9,scatter,0,1.229,0,1,0
orbit_train,orbit,train,38.6,136.1,1.33,7,scatter,1,1.025,0,0,1
orbit_train,orbit,train,52.0,230.7,1.07,50,clusters,0,1.394,0,1,0
orbit_train,orbit,train,44.0,106.4,2.25,12,rows,1,0.873,0,0,0
orbit_train,orbit,train,47.6,235.0,2.19,10,cluster,1,0.982,0,0,1
orbit_train,orbit,train,43.6,328.1,1.76,10,rows,1,0.564,0,1,0
orbit_train,orbit,train,79.6,65.3,1.87,30,clusters,1,1.184,0,1,1
orbit_train,orbit,train,52.7,81.8,1.76,7,cluster,0,1.004,0,0,1
orbit_train,orbit,train,82.1,301.9,1.51,6,as built,1,1.381,0,0,0
orbit_train,orbit,train,44.6,233.2,1.12,9,cluster,1,1.237,0,0,0
orbit_train,orbit,train,35.9,282.5,1.93,39,scatter,0,1.389,0,0,0
orbit_train,orbit,train,72.5,43.7,1.45,3,scatter,0,1.02,0,0,0
orbit_train,orbit,train,38.3,51.8,2.62,12,rows,0,0.971,0,0,1
orbit_train,orbit,train,74.5,36.6,1.2,22,rows,0,1.227,0,0,0
orbit_train,orbit,train,49.0,106.4,1.47,11,as built,0,1.191,0,0,0
orbit_train,orbit,train,43.9,68.7,1.55,12,cluster,0,1.178,0,0,0
orbit_train,orbit,train,85.7,121.6,1.54,37,scatter,1,1.443,0,0,0
orbit_train,orbit,train,72.1,72.7,1.62,10,cluster,1,0.906,0,0,0
orbit_train,orbit,train,79.4,152.7,1.03,21,rows,1,1.438,0,0,0
orbit_train,orbit,train,38.4,308.0,1.7,12,clusters,0,0.598,0,0,1
orbit_train,orbit,train,81.1,138.0,1.59,8,scatter,1,1.448,0,1,0
orbit_train,orbit,train,45.3,348.7,1.1,4,scatter,1,0.928,0,0,0
orbit_train,orbit,train,43.3,300.9,1.23,21,crowd,0,0.656,0,1,1
orbit_train,orbit,train,73.2,274.8,1.5,70,crowd,1,1.037,0,0,0
orbit_train,orbit,train,67.4,18.7,1.38,2,clusters,1,1.163,0,0,0
orbit_train,orbit,train,62.4,274.0,1.17,4,cluster,0,0.606,0,0,0
orbit_train,orbit,train,40.8,346.6,1.45,12,scatter,0,0.709,0,0,0
orbit_train,orbit,train,66.7,74.4,1.4,8,cluster,1,0.96,0,1,0
orbit_train,orbit,train,79.9,354.4,1.01,23,scatter,1,0.559,0,0,0
orbit_train,orbit,train,33.2,151.2,1.79,16,cluster,1,0.588,0,1,0
orbit_train,orbit,train,35.5,234.8,1.36,13,as built,0,0.973,0,0,0
orbit_train,orbit,train,47.7,327.2,1.71,13,cluster,0,0.594,0,0,0
orbit_train,orbit,train,45.0,55.8,1.61,19,clusters,0,1.103,0,1,1
orbit_train,orbit,train,43.6,352.3,1.42,23,cluster,0,0.657,0,0,0
orbit_train,orbit,train,78.7,102.2,1.8,13,clusters,1,0.866,0,0,1
orbit_train,orbit,train,47.3,234.5,2.34,34,crowd,0,0.928,0,0,1
orbit_train,orbit,train,79.7,246.3,1.13,7,as built,1,0.664,0,0,0
orbit_train,orbit,train,35.9,218.3,3.3,10,rows,1,0.924,0,1,0
orbit_train,orbit,train,73.5,165.8,1.75,38,rows,0,0.572,0,1,1
orbit_train,orbit,train,32.9,172.7,2.88,59,crowd,1,0.678,0,0,1
orbit_train,orbit,train,73.9,29.0,1.41,7,scatter,1,0.804,0,1,0
orbit_train,orbit,train,49.0,54.1,2.18,6,clusters,0,1.391,0,0,1
orbit_train,orbit,train,72.6,73.6,1.0,21,cluster,1,1.364,0,0,0
orbit_train,orbit,train,45.7,148.0,1.37,22,rows,0,0.675,0,0,0
orbit_train,orbit,train,81.5,303.2,1.0,12,scatter,1,1.41,0,1,0
orbit_train,orbit,train,54.5,358.7,2.27,23,rows,1,0.744,0,0,1
orbit_train,orbit,train,57.9,49.7,1.13,25,cluster,1,1.07,0,0,1
orbit_train,orbit,train,77.0,150.2,1.31,2,scatter,1,1.418,0,0,0
orbit_train,orbit,train,34.8,292.2,2.53,15,scatter,1,0.745,0,1,1
orbit_train,orbit,train,42.2,11.4,2.55,30,cluster,1,0.889,0,0,1
orbit_train,orbit,train,79.8,223.3,1.67,42,scatter,1,0.764,0,0,0
orbit_train,orbit,train,74.9,267.9,1.19,19,rows,1,1.158,0,0,0
orbit_train,orbit,train,55.4,298.8,1.16,16,clusters,1,0.961,0,0,0
orbit_train,orbit,train,31.7,37.5,1.97,27,scatter,1,0.815,0,0,1
orbit_train,orbit,train,41.2,112.1,2.78,4,clusters,0,1.016,0,0,1
orbit_train,orbit,train,43.9,331.4,1.04,16,clusters,1,0.909,0,0,0
orbit_train,orbit,train,80.3,105.5,1.19,2,scatter,1,1.43,0,1,1
orbit_train,orbit,train,84.5,359.9,1.26,5,scatter,0,1.39,0,1,0
orbit_train,orbit,train,84.5,352.3,1.83,5,scatter,1,0.655,0,1,1
orbit_train,orbit,train,33.1,299.0,3.22,24,crowd,1,0.888,0,0,1
orbit_train,orbit,train,77.6,316.7,1.01,30,crowd,1,0.551,0,1,0
orbit_train,orbit,train,40.2,40.1,1.18,27,scatter,1,1.094,0,1,0
orbit_train,orbit,train,74.1,299.1,1.57,45,crowd,1,0.956,0,0,0
orbit_train,orbit,train,80.2,309.8,1.24,15,clusters,1,1.239,0,0,0
orbit_train,orbit,train,38.1,28.8,2.42,48,clusters,0,0.946,0,1,1
orbit_train,orbit,train,62.1,167.1,1.81,7,scatter,1,1.049,0,1,1
orbit_train,orbit,train,78.5,89.4,1.85,3,scatter,0,1.297,0,1,1
orbit_train,orbit,train,80.8,71.2,1.53,41,rows,0,1.297,0,1,0
orbit_train,orbit,train,41.9,7.3,2.7,10,scatter,1,0.657,0,0,1
orbit_train,orbit,train,68.1,15.5,1.61,30,cluster,1,0.658,0,0,0
orbit_train,orbit,train,31.1,90.0,3.33,6,cluster,0,1.329,0,1,1
orbit_train,orbit,train,75.1,55.3,1.63,10,scatter,1,0.96,0,0,0
orbit_train,orbit,train,48.2,197.2,1.44,23,clusters,0,1.165,0,1,1
orbit_train,orbit,train,67.2,11.4,1.15,5,scatter,1,1.083,0,0,0
orbit_train,orbit,train,81.3,224.2,1.17,21,crowd,1,1.126,0,1,0
orbit_train,orbit,train,72.6,275.4,1.14,13,scatter,1,0.61,0,0,0
orbit_train,orbit,train,59.5,266.4,1.0,10,scatter,0,0.764,0,0,0
orbit_train,orbit,train,32.8,124.2,3.04,13,scatter,1,1.318,0,0,0
orbit_train,orbit,train,74.7,90.2,1.38,75,crowd,1,1.171,0,0,0
orbit_train,orbit,train,54.9,152.3,2.27,13,as built,1,1.426,0,0,0
orbit_train,orbit,train,42.6,55.3,1.01,15,rows,1,1.015,0,0,0
orbit_train,orbit,train,82.2,297.8,1.24,8,as built,0,1.355,0,0,0
orbit_train,orbit,train,45.0,1.3,2.45,6,crowd,1,1.384,0,0,1
orbit_train,orbit,train,35.0,172.4,2.99,53,rows,0,1.308,0,0,1
orbit_train,orbit,train,38.0,66.0,2.61,33,scatter,1,1.384,0,0,1
orbit_train,orbit,train,59.5,137.7,1.35,7,as built,0,0.612,0,0,0
orbit_train,orbit,train,63.3,115.7,1.52,36,rows,1,0.759,0,0,0
orbit_train,orbit,train,40.2,182.9,1.58,4,scatter,0,0.965,0,0,0
orbit_train,orbit,train,80.9,42.2,1.03,63,crowd,1,0.576,0,1,0
orbit_train,orbit,train,60.5,31.2,2.05,16,scatter,1,0.848,0,1,1
orbit_train,orbit,train,40.4,22.0,2.54,7,scatter,1,1.345,0,0,1
orbit_train,orbit,train,46.4,191.9,1.67,1,as built,1,1.073,0,0,1
orbit_train,orbit,train,31.1,182.1,1.49,15,as built,1,1.099,0,0,0
orbit_train,orbit,train,76.1,175.9,1.21,3,cluster,1,0.629,0,1,0
orbit_train,orbit,train,57.4,82.3,1.62,2,scatter,1,0.59,0,1,0
orbit_train,orbit,train,83.0,165.9,1.18,10,cluster,1,1.443,0,0,0
orbit_train,orbit,train,65.5,242.1,1.28,22,crowd,1,0.556,0,0,0
orbit_train,orbit,train,47.4,211.0,1.48,14,scatter,1,0.961,0,0,0
orbit_train,orbit,train,78.0,108.3,1.49,23,cluster,1,0.754,0,1,1
orbit_train,orbit,train,79.6,151.1,1.19,2,as built,1,0.616,0,0,0
orbit_train,orbit,train,45.0,143.3,2.17,29,crowd,1,1.341,0,0,1
orbit_train,orbit,train,76.1,263.7,1.32,63,crowd,1,1.097,0,0,0
orbit_train,orbit,train,61.8,37.4,2.06,47,crowd,0,1.343,0,1,1
orbit_train,orbit,train,80.4,49.7,1.03,3,scatter,0,1.193,0,1,0
orbit_train,orbit,train,75.1,272.6,1.81,11,as built,1,1.314,0,0,1
orbit_train,orbit,train,53.4,194.2,1.84,66,scatter,0,0.628,0,0,1
orbit_train,orbit,train,84.0,196.1,1.31,6,as built,1,1.19,0,0,0
orbit_train,orbit,train,77.3,96.2,1.1,2,scatter,1,0.709,0,0,1
orbit_train,orbit,train,44.6,82.6,2.53,9,cluster,0,1.187,0,0,1
orbit_train,orbit,train,34.6,268.8,1.07,15,cluster,0,1.385,0,1,0
orbit_train,orbit,train,54.2,187.9,1.39,11,as built,1,1.082,0,1,1
orbit_train,orbit,train,32.0,257.5,2.23,9,rows,1,1.195,0,0,0
orbit_train,orbit,train,64.9,87.1,1.49,46,scatter,1,0.906,0,1,0
orbit_train,orbit,train,35.8,135.2,1.56,8,scatter,1,0.986,0,0,0
orbit_train,orbit,train,70.1,267.1,1.71,15,cluster,1,1.343,0,0,0
orbit_train,orbit,train,34.8,169.6,3.26,57,clusters,1,0.594,0,1,1
orbit_train,orbit,train,34.8,231.6,3.22,24,scatter,0,0.86,0,1,0
orbit_train,orbit,train,56.3,201.4,1.31,2,scatter,1,0.943,0,0,1
orbit_train,orbit,train,77.9,195.6,1.88,7,as built,1,0.567,0,0,1
orbit_train,orbit,train,34.3,288.0,2.46,21,cluster,1,1.448,0,0,0
orbit_train,orbit,train,62.8,160.7,1.51,30,clusters,0,1.114,0,0,0
orbit_train,orbit,train,38.8,31.1,1.83,15,clusters,1,1.315,0,0,1
orbit_train,orbit,train,49.6,262.2,1.29,15,clusters,1,1.072,0,0,0
orbit_train,orbit,train,31.5,311.3,1.71,49,clusters,0,1.085,0,0,1
orbit_train,orbit,train,66.4,60.9,1.39,8,as built,0,1.354,0,1,0
orbit_train,orbit,train,87.3,90.4,1.04,3,scatter,1,1.183,0,1,1
orbit_train,orbit,train,42.0,269.3,1.78,26,clusters,0,0.838,0,0,0
orbit_train,orbit,train,34.7,322.4,1.09,18,as built,1,0.755,0,0,1
orbit_train,orbit,train,54.2,184.7,1.94,22,scatter,0,1.373,0,1,0
orbit_train,orbit,train,80.9,229.7,1.22,17,clusters,1,0.769,0,0,0
orbit_train,orbit,train,87.8,213.5,1.06,8,clusters,1,0.699,0,1,0
orbit_train,orbit,train,52.3,359.2,1.42,8,as built,1,1.219,0,0,0
orbit_train,orbit,train,61.6,247.6,2.08,6,cluster,0,0.588,0,0,1
orbit_train,orbit,train,35.7,170.1,2.58,28,crowd,1,0.916,0,0,0
orbit_train,orbit,train,43.7,12.3,1.2,11,scatter,0,0.742,0,0,0
orbit_train,orbit,train,45.7,67.0,1.74,6,scatter,1,1.085,0,1,0
orbit_train,orbit,train,64.7,101.0,1.12,4,scatter,0,0.613,0,1,0
orbit_train,orbit,train,84.3,136.8,1.59,6,scatter,1,1.436,0,1,0
orbit_train,orbit,train,46.4,340.2,1.77,32,crowd,1,1.059,0,0,1
orbit_train,orbit,train,72.6,87.4,1.12,20,rows,1,0.915,0,1,0
orbit_train,orbit,train,52.4,296.8,2.31,20,scatter,1,1.323,0,0,0
orbit_train,orbit,train,48.1,12.8,1.66,9,scatter,0,0.712,0,1,0
orbit_train,orbit,train,73.2,119.6,1.1,11,cluster,1,1.395,0,0,0
orbit_train,orbit,train,59.6,168.5,1.34,6,scatter,1,0.986,0,0,0
orbit_train,orbit,train,78.0,20.9,1.28,10,scatter,1,0.698,0,1,1
orbit_train,orbit,train,41.9,219.8,2.05,14,scatter,1,0.849,0,0,0
orbit_train,orbit,train,71.6,264.3,1.69,14,as built,1,0.551,0,1,0
orbit_train,orbit,train,76.0,142.9,1.84,15,crowd,1,0.658,0,1,1
orbit_train,orbit,train,39.9,276.0,2.52,20,cluster,0,0.903,0,0,0
orbit_train,orbit,train,42.9,193.1,1.15,10,scatter,0,1.248,0,1,0
orbit_train,orbit,train,50.4,99.4,1.84,64,clusters,1,0.618,0,1,1
orbit_train,orbit,train,36.1,326.1,3.02,34,cluster,0,1.289,0,1,0
orbit_train,orbit,train,61.6,129.1,1.05,26,cluster,0,0.945,0,1,0
orbit_train,orbit,train,41.0,55.3,2.11,36,rows,1,0.731,0,0,1
orbit_train,orbit,train,34.1,317.1,1.83,16,scatter,1,1.449,0,0,0
orbit_train,orbit,train,33.8,180.1,3.25,16,scatter,1,0.857,0,0,1
orbit_train,orbit,train,59.5,182.7,1.36,23,clusters,1,1.265,0,1,1
orbit_train,orbit,train,63.2,236.3,1.91,7,as built,1,1.013,0,0,1
orbit_train,orbit,train,38.3,190.0,1.05,17,scatter,1,1.125,0,0,0
orbit_train,orbit,train,65.6,351.0,1.12,5,as built,1,0.989,0,0,0
orbit_train,orbit,train,44.9,294.5,1.3,8,scatter,1,0.628,0,0,0
orbit_train,orbit,train,44.3,30.7,2.05,16,scatter,1,1.101,0,1,1
orbit_train,orbit,train,45.3,332.0,1.28,53,rows,1,1.304,0,0,0
orbit_train,orbit,train,34.7,210.9,2.2,23,crowd,0,0.632,0,0,0
orbit_train,orbit,train,48.4,186.0,1.45,5,scatter,1,0.703,0,0,0
orbit_train,orbit,train,43.5,187.6,1.8,2,cluster,0,0.787,0,0,0
orbit_train,orbit,train,43.1,55.6,1.42,14,cluster,1,0.975,0,1,0
orbit_train,orbit,train,46.7,139.8,1.19,10,scatter,1,0.84,0,0,0
orbit_train,orbit,train,84.2,23.3,1.05,8,clusters,1,1.034,0,0,0
orbit_train,orbit,train,47.5,170.0,1.28,8,cluster,1,0.625,0,1,0
orbit_train,orbit,train,82.6,166.2,1.75,8,as built,0,1.369,0,0,1
orbit_train,orbit,train,72.4,326.2,2.02,32,crowd,0,0.984,0,0,1
orbit_train,orbit,train,76.9,79.1,1.75,14,scatter,0,1.227,0,0,0
orbit_train,orbit,train,72.7,103.4,1.33,12,cluster,1,0.778,0,1,0
orbit_train,orbit,train,31.1,289.7,2.65,19,scatter,1,0.635,0,0,0
orbit_train,orbit,train,59.3,226.1,1.87,11,scatter,1,0.826,0,0,1
orbit_train,orbit,train,44.6,257.2,2.28,12,clusters,1,1.168,0,0,0
orbit_train,orbit,train,62.9,262.1,2.16,6,cluster,1,1.307,0,0,1
orbit_train,orbit,train,87.7,18.3,1.26,6,scatter,0,0.643,0,0,0
orbit_train,orbit,train,37.2,297.7,2.8,47,scatter,1,1.377,0,1,0
orbit_train,orbit,train,80.2,29.4,1.82,9,rows,1,0.813,0,0,1
orbit_train,orbit,train,55.7,44.6,1.1,15,cluster,1,1.329,0,0,0
orbit_train,orbit,train,50.6,38.8,1.25,4,scatter,0,1.304,0,0,0
orbit_train,orbit,train,37.6,270.6,1.87,49,crowd,1,0.914,0,0,0
orbit_train,orbit,train,65.8,306.3,1.65,9,scatter,0,0.985,0,1,0
orbit_train,orbit,train,53.8,14.2,1.97,46,clusters,1,0.862,0,0,1
orbit_train,orbit,train,82.1,290.4,1.06,43,clusters,0,1.422,0,1,0
orbit_train,orbit,train,66.7,205.1,1.5,13,scatter,1,1.419,0,0,0
orbit_train,orbit,train,49.3,34.1,2.28,20,crowd,1,1.038,0,0,1
orbit_train,orbit,train,34.5,234.9,2.29,39,rows,0,0.804,0,0,0
orbit_train,orbit,train,71.7,38.1,1.65,9,scatter,1,0.82,0,0,0
orbit_train,orbit,train,58.8,78.2,2.01,14,scatter,0,1.274,0,0,0
orbit_train,orbit,train,83.4,315.2,1.43,28,scatter,1,0.746,0,0,0
orbit_train,orbit,train,33.3,129.0,2.12,15,clusters,1,0.952,0,0,0
orbit_train,orbit,train,81.9,39.3,1.77,4,scatter,0,1.272,0,0,1
orbit_train,orbit,train,42.6,123.1,2.66,14,scatter,1,1.265,0,0,0
orbit_train,orbit,train,44.2,342.8,1.05,8,cluster,1,0.945,0,0,0
orbit_train,orbit,train,33.6,174.3,2.31,17,scatter,0,1.017,0,0,0
orbit_train,orbit,train,51.0,105.9,1.87,19,scatter,1,0.762,0,1,1
orbit_train,orbit,train,74.9,271.7,1.03,14,clusters,0,1.445,0,0,0
orbit_train,orbit,train,61.9,19.3,1.48,41,scatter,1,1.261,0,0,0
orbit_train,orbit,train,58.7,172.3,1.41,31,scatter,1,0.718,0,0,0
orbit_train,orbit,train,87.8,326.6,1.91,11,scatter,1,1.441,0,0,1
orbit_train,orbit,train,74.6,213.8,1.86,10,cluster,1,1.368,0,0,1
orbit_train,orbit,train,38.0,95.2,1.45,8,as built,0,1.284,0,0,0
orbit_train,orbit,train,85.5,46.9,1.84,25,crowd,1,0.634,0,0,1
orbit_train,orbit,train,56.5,263.5,1.93,7,as built,1,0.829,0,0,1
orbit_train,orbit,train,48.6,235.7,1.47,3,scatter,1,1.432,0,1,0
orbit_train,orbit,train,72.0,349.1,1.69,10,cluster,1,1.444,0,0,0
orbit_train,orbit,train,62.6,268.9,1.56,5,as built,1,1.01,0,0,0
orbit_train,orbit,train,41.9,230.4,2.28,6,scatter,1,1.193,0,0,0
orbit_train,orbit,train,75.9,298.6,1.29,28,clusters,1,1.229,0,0,0
orbit_train,orbit,train,38.3,329.8,2.39,33,clusters,1,0.974,0,1,0
orbit_train,orbit,train,46.8,108.8,1.81,25,rows,1,0.882,0,1,0
orbit_train,orbit,train,84.8,33.5,1.51,22,cluster,0,1.138,0,0,0
orbit_train,orbit,train,77.7,34.9,1.71,32,clusters,1,1.095,0,0,0
orbit_train,orbit,train,63.2,55.2,1.14,15,scatter,0,0.889,0,0,0
orbit_train,orbit,train,60.3,272.3,1.72,15,clusters,1,1.205,0,0,0
orbit_train,orbit,train,79.6,278.6,1.42,6,cluster,1,0.683,0,1,0
orbit_train,orbit,train,72.2,298.8,1.36,3,scatter,1,0.693,0,1,0
orbit_train,orbit,train,34.1,214.3,1.15,10,rows,1,0.784,0,0,0
orbit_train,orbit,train,78.5,3.0,1.73,10,scatter,1,1.334,0,0,0
orbit_train,orbit,train,31.7,144.7,2.46,10,cluster,1,0.878,0,1,0
orbit_train,orbit,train,77.9,123.2,1.27,11,as built,1,0.649,0,1,0
orbit_train,orbit,train,35.2,355.4,2.02,16,cluster,1,1.016,0,0,0
orbit_train,orbit,train,30.3,87.4,1.5,24,cluster,1,0.597,0,0,0
orbit_train,orbit,train,87.8,73.6,1.83,8,clusters,1,0.979,0,1,1
orbit_train,orbit,train,50.9,220.6,1.72,26,rows,1,0.553,0,1,0
orbit_train,orbit,train,72.9,304.4,1.62,27,clusters,0,1.037,0,0,0
orbit_train,orbit,train,79.7,16.6,1.2,9,cluster,1,1.03,0,0,0
orbit_train,orbit,train,71.0,66.2,1.98,5,scatter,1,0.799,0,0,1
orbit_train,orbit,train,61.7,174.1,2.06,41,rows,0,0.922,0,1,1
orbit_train,orbit,train,32.5,43.2,1.22,16,scatter,1,1.268,0,0,0
orbit_train,orbit,train,77.3,65.3,1.36,7,scatter,1,0.938,0,1,0
orbit_train,orbit,train,49.1,188.6,1.93,17,cluster,1,0.595,0,0,0
orbit_train,orbit,train,77.4,249.8,1.27,4,scatter,0,1.14,0,0,0
orbit_train,orbit,train,39.6,355.5,1.43,24,as built,1,1.245,0,0,0
orbit_train,orbit,train,32.8,92.4,1.39,28,clusters,1,0.574,0,0,0
orbit_train,orbit,train,83.7,142.5,1.05,4,scatter,1,0.903,0,0,0
orbit_train,orbit,train,74.5,164.6,1.59,7,scatter,0,1.144,0,0,0
orbit_train,orbit,train,75.2,169.4,1.11,3,scatter,0,1.44,0,1,0
orbit_train,orbit,train,32.9,63.8,3.41,22,crowd,0,0.976,0,0,1
orbit_train,orbit,train,32.8,212.4,1.91,22,scatter,0,0.832,0,0,0
orbit_train,orbit,train,32.7,231.4,2.41,14,scatter,1,1.102,0,0,0
orbit_train,orbit,train,74.5,124.6,1.75,10,cluster,1,1.192,0,1,0
orbit_train,orbit,train,78.1,151.3,1.87,11,cluster,1,0.583,0,0,1
orbit_train,orbit,train,33.5,184.2,3.47,15,rows,1,0.705,0,0,1
orbit_train,orbit,train,33.2,60.2,2.92,17,scatter,1,0.785,0,0,1
orbit_train,orbit,train,37.7,225.3,2.29,6,scatter,1,0.883,0,0,0
orbit_train,orbit,train,33.0,77.4,1.33,7,as built,0,1.255,0,0,0
orbit_train,orbit,train,86.9,8.6,1.22,1,scatter,1,1.326,0,0,0
orbit_train,orbit,train,81.0,231.0,1.56,32,cluster,1,0.701,0,0,0
orbit_train,orbit,train,39.7,38.4,1.59,21,as built,0,1.258,0,0,0
orbit_train,orbit,train,64.3,72.2,1.82,15,scatter,1,0.669,0,0,1
orbit_train,orbit,train,32.6,169.1,2.6,6,scatter,1,1.003,0,1,0
orbit_train,orbit,train,40.1,48.3,2.73,17,scatter,1,0.74,0,1,1
orbit_train,orbit,train,49.7,266.3,2.29,48,crowd,1,1.278,0,0,1
orbit_train,orbit,train,70.4,278.3,1.4,18,clusters,1,0.589,0,0,0
orbit_train,orbit,train,62.0,34.3,1.24,7,scatter,1,1.348,0,0,0
orbit_train,orbit,train,59.1,27.8,1.34,13,clusters,1,0.761,0,1,0
orbit_train,orbit,train,48.6,120.2,2.21,30,rows,0,1.21,0,1,1
orbit_train,orbit,train,51.7,299.6,2.3,17,as built,1,0.551,0,0,0
orbit_train,orbit,train,32.9,353.7,2.42,18,scatter,0,0.959,0,1,0
orbit_train,orbit,train,79.8,160.9,1.56,7,scatter,0,1.404,0,0,0
orbit_train,orbit,train,35.9,127.2,2.83,36,crowd,1,0.995,0,1,0
orbit_train,orbit,train,60.4,327.1,2.13,5,clusters,0,0.631,0,0,1
orbit_train,orbit,train,78.9,17.6,1.48,8,scatter,0,0.898,0,1,0
orbit_train,orbit,train,54.1,253.3,2.26,10,cluster,1,0.94,0,0,0
orbit_train,orbit,train,33.8,249.3,1.16,16,cluster,0,0.743,0,1,0
orbit_train,orbit,train,60.3,183.3,1.99,18,clusters,1,0.708,0,0,1
orbit_train,orbit,train,39.4,27.6,2.62,12,as built,1,1.256,0,0,1
orbit_train,orbit,train,41.6,197.6,1.97,9,scatter,1,1.219,0,0,0
orbit_train,orbit,train,75.1,273.4,1.27,5,scatter,0,0.669,0,0,0
orbit_train,orbit,train,48.2,288.2,1.81,56,scatter,1,1.202,0,0,0
orbit_train,orbit,train,37.4,269.4,1.47,4,clusters,1,0.671,0,0,0
orbit_train,orbit,train,59.6,242.4,1.82,11,scatter,1,1.306,0,1,0
orbit_train,orbit,train,53.2,48.0,2.2,33,rows,1,1.256,0,0,1
orbit_train,orbit,train,48.4,306.5,2.33,9,scatter,1,1.173,0,1,1
orbit_train,orbit,train,38.4,281.1,1.43,15,scatter,1,1.013,0,0,0
orbit_train,orbit,train,49.2,168.7,1.71,7,scatter,1,0.594,0,0,0
orbit_train,orbit,train,51.3,344.2,1.75,31,clusters,1,0.627,0,0,1
orbit_train,orbit,train,45.9,212.3,1.7,28,cluster,1,1.095,0,0,0
orbit_train,orbit,train,37.9,204.8,1.56,10,scatter,1,1.156,0,0,0
orbit_train,orbit,train,83.9,189.9,1.82,6,as built,1,1.043,0,0,1
orbit_train,orbit,train,48.4,161.7,2.44,13,clusters,1,0.771,0,1,0
orbit_train,orbit,train,42.6,316.6,2.33,2,cluster,1,0.608,0,0,0
orbit_train,orbit,train,67.3,264.4,1.59,12,scatter,1,0.922,0,0,0
orbit_train,orbit,train,44.9,328.3,2.56,36,crowd,0,1.45,0,0,0
orbit_train,orbit,train,70.4,81.0,1.4,4,scatter,1,0.574,0,0,0
orbit_train,orbit,train,68.4,44.0,1.41,55,rows,0,0.627,0,1,0
orbit_train,orbit,train,85.8,157.9,1.93,12,scatter,1,0.926,0,0,1
orbit_train,orbit,train,33.3,315.8,3.38,79,crowd,1,0.954,0,0,0
orbit_train,orbit,train,31.5,283.8,2.8,13,scatter,1,1.383,0,0,0
orbit_train,orbit,train,55.2,317.5,1.84,20,scatter,1,0.957,0,0,1
orbit_train,orbit,train,34.0,183.9,1.07,5,scatter,0,1.264,0,0,0
orbit_train,orbit,train,74.2,115.1,1.13,8,cluster,1,0.914,0,1,0
orbit_train,orbit,train,40.3,339.6,1.81,17,scatter,0,1.211,0,0,0
orbit_train,orbit,train,72.6,114.7,1.59,3,scatter,1,1.236,0,1,0
orbit_train,orbit,train,36.6,247.6,2.11,7,scatter,0,1.274,0,1,0
orbit_train,orbit,train,43.2,322.4,1.13,3,scatter,1,1.396,0,0,0
orbit_train,orbit,train,55.5,281.7,1.2,8,as built,1,0.985,0,1,0
orbit_train,orbit,train,80.2,134.1,1.02,2,scatter,1,0.771,0,0,0
orbit_train,orbit,train,51.9,252.0,2.13,26,rows,1,1.393,0,1,0
orbit_train,orbit,train,38.6,221.5,1.42,8,scatter,1,0.908,0,0,0
orbit_train,orbit,train,50.4,16.4,1.09,1,rows,1,0.806,0,0,0
orbit_train,orbit,train,42.8,48.7,1.8,10,scatter,1,1.387,0,0,1
orbit_train,orbit,train,51.8,76.8,1.15,13,clusters,1,0.768,0,0,0
orbit_train,orbit,train,41.4,195.1,1.27,19,as built,0,0.636,0,0,0
orbit_train,orbit,train,57.3,283.4,1.85,42,scatter,1,0.803,0,1,0
orbit_train,orbit,train,47.6,23.0,2.35,49,clusters,1,1.062,0,0,1
orbit_train,orbit,train,61.5,154.9,2.04,46,rows,1,0.826,0,0,1
orbit_train,orbit,train,55.4,55.5,2.28,21,scatter,1,0.748,0,0,1
orbit_train,orbit,train,48.7,337.9,1.13,9,as built,1,0.638,0,1,0
orbit_train,orbit,train,72.3,222.9,1.19,4,clusters,0,1.2,0,0,0
orbit_train,orbit,train,34.3,158.1,2.48,12,scatter,1,0.945,0,1,0
orbit_train,orbit,train,33.6,249.8,1.42,28,scatter,1,0.977,0,0,0
orbit_train,orbit,train,57.7,245.1,1.87,7,scatter,1,0.814,0,0,0
orbit_train,orbit,train,41.2,111.9,2.64,8,rows,1,0.985,0,0,1
orbit_train,orbit,train,62.9,280.5,1.35,28,cluster,1,1.21,0,0,0
orbit_train,orbit,train,45.0,125.3,1.21,7,cluster,1,1.386,0,0,0
orbit_train,orbit,train,63.3,61.3,1.62,28,clusters,1,0.789,0,1,0
orbit_train,orbit,train,38.0,237.5,2.93,24,scatter,0,1.304,0,0,0
orbit_train,orbit,train,56.9,26.9,1.14,9,scatter,1,0.785,0,0,0
orbit_train,orbit,train,63.5,311.0,1.48,61,crowd,1,1.435,0,0,0
orbit_train,orbit,train,45.4,322.5,1.91,22,clusters,1,1.001,0,0,0
orbit_train,orbit,train,65.6,248.7,1.4,17,cluster,1,0.582,0,0,0
orbit_train,orbit,train,71.5,189.2,1.52,43,rows,0,1.013,0,0,0
orbit_train,orbit,train,82.3,122.2,1.51,11,cluster,1,1.318,0,1,0
orbit_train,orbit,train,42.0,121.7,2.34,21,crowd,0,1.428,0,0,0
orbit_train,orbit,train,59.0,94.6,1.88,5,scatter,0,0.56,0,1,0
orbit_train,orbit,train,83.9,30.4,1.01,3,clusters,1,0.76,0,1,0
orbit_train,orbit,train,30.6,185.0,3.45,7,cluster,0,0.841,0,0,0
orbit_train,orbit,train,33.8,17.8,3.0,53,scatter,0,1.396,0,1,1
orbit_train,orbit,train,57.1,84.1,1.76,51,rows,1,1.222,0,0,0
orbit_train,orbit,train,57.9,14.9,2.14,64,crowd,0,1.416,0,0,1
orbit_train,orbit,train,75.0,178.4,1.41,36,scatter,1,1.302,0,0,0
orbit_train,orbit,train,79.6,105.9,1.62,5,as built,0,0.856,0,0,1
orbit_train,orbit,train,55.2,287.6,1.25,3,rows,1,0.987,0,0,0
orbit_train,orbit,train,35.1,112.4,1.28,18,cluster,1,0.859,0,1,0
orbit_train,orbit,train,60.3,111.8,1.99,4,scatter,1,0.772,0,0,1
orbit_train,orbit,train,34.7,5.7,2.01,24,scatter,0,0.583,0,0,0
orbit_train,orbit,train,72.1,334.7,1.64,5,cluster,1,0.996,0,1,0
orbit_train,orbit,train,76.0,337.5,1.64,34,scatter,0,1.032,0,0,0
orbit_train,orbit,train,76.0,114.7,1.65,53,crowd,1,0.85,0,0,1
orbit_train,orbit,train,56.5,62.1,1.68,6,scatter,1,0.815,0,1,0
orbit_train,orbit,train,75.4,205.6,1.2,7,scatter,1,0.953,0,0,0
orbit_train,orbit,train,44.0,285.2,1.98,21,cluster,1,0.764,0,1,0
orbit_train,orbit,train,47.9,179.3,2.1,10,clusters,1,1.388,0,0,0
orbit_train,orbit,train,65.6,297.5,1.63,25,scatter,1,0.947,0,0,0
orbit_train,orbit,train,54.2,13.6,1.03,6,clusters,1,0.73,0,0,0
orbit_train,orbit,train,32.1,294.9,2.29,29,scatter,1,1.028,0,0,0
orbit_train,orbit,train,75.2,212.0,1.12,18,scatter,1,0.967,0,0,0
orbit_train,orbit,train,46.0,108.6,1.94,6,scatter,0,0.665,0,1,0
orbit_train,orbit,train,84.4,224.2,1.77,2,scatter,0,1.201,0,1,1
orbit_train,orbit,train,49.9,336.5,1.41,8,as built,0,1.279,0,1,0
orbit_train,orbit,train,65.7,118.3,1.11,41,crowd,1,0.712,0,0,0
orbit_train,orbit,train,58.6,57.0,1.02,4,scatter,1,0.856,0,0,0
orbit_train,orbit,train,55.0,354.8,1.27,19,scatter,1,0.606,0,0,0
orbit_train,orbit,train,37.6,166.8,2.67,67,crowd,0,0.624,0,0,0
orbit_train,orbit,train,39.0,59.4,2.88,49,rows,1,0.732,0,0,1
orbit_train,orbit,train,71.0,205.3,1.4,10,scatter,1,1.172,0,0,0
orbit_train,orbit,train,49.0,36.3,1.92,14,as built,1,1.145,0,0,0
orbit_train,orbit,train,34.1,305.4,2.79,11,as built,0,1.372,0,1,0
orbit_train,orbit,train,59.1,313.3,1.49,12,cluster,1,0.72,0,0,0
orbit_train,orbit,train,80.9,164.1,1.21,5,cluster,0,0.78,0,0,0
orbit_train,orbit,train,33.9,305.5,2.09,22,clusters,1,1.449,0,0,0
orbit_train,orbit,train,60.1,272.9,1.17,5,cluster,1,0.704,0,0,0
orbit_train,orbit,train,84.7,312.5,1.32,12,as built,0,1.058,0,0,0
orbit_train,orbit,train,52.3,104.2,1.56,8,scatter,0,1.278,0,0,0
orbit_train,orbit,train,81.6,225.0,1.54,3,as built,1,0.565,0,1,0
orbit_train,orbit,train,37.6,167.1,2.51,13,as built,1,0.745,0,0,0
orbit_train,orbit,train,43.1,164.7,1.26,26,scatter,0,0.856,0,1,0
orbit_train,orbit,train,53.4,180.8,1.5,12,cluster,0,1.194,0,0,0
orbit_train,orbit,train,72.9,138.0,1.81,2,cluster,1,1.399,0,1,1
orbit_train,orbit,train,40.2,31.8,2.68,38,clusters,1,0.708,0,0,1
orbit_train,orbit,train,43.3,307.3,2.12,19,as built,1,1.024,0,1,0
orbit_train,orbit,train,38.3,288.8,1.56,26,rows,0,0.669,0,1,0
orbit_train,orbit,train,39.6,96.8,1.98,7,crowd,0,1.129,0,1,0
orbit_train,orbit,train,56.6,29.0,2.14,69,crowd,1,1.19,0,0,1
orbit_train,orbit,train,39.5,23.4,2.66,28,crowd,1,0.871,0,0,1
orbit_train,orbit,train,78.1,216.8,1.59,5,cluster,1,0.704,0,0,0
orbit_train,orbit,train,51.8,4.5,1.53,11,scatter,1,0.733,0,1,0
orbit_train,orbit,train,40.0,214.5,1.8,20,rows,0,0.585,0,0,0
orbit_train,orbit,train,83.4,122.4,1.3,10,cluster,0,0.625,0,0,0
orbit_train,orbit,train,43.9,282.8,2.56,47,clusters,0,0.712,0,1,0
orbit_train,orbit,train,45.7,33.0,2.41,11,clusters,0,1.268,0,1,0
orbit_train,orbit,train,84.9,54.1,1.36,1,cluster,1,0.932,0,0,0
orbit_train,orbit,train,72.8,79.2,1.43,33,scatter,1,1.247,0,0,0
orbit_train,orbit,train,64.3,98.2,1.94,10,as built,1,0.901,0,0,1
orbit_train,orbit,train,69.5,126.4,1.26,32,clusters,0,0.633,0,0,0
orbit_train,orbit,train,36.0,178.2,2.15,26,scatter,1,1.159,0,0,0
orbit_train,orbit,train,75.5,71.8,1.81,13,rows,1,1.117,0,1,1
orbit_train,orbit,train,58.3,229.0,1.56,15,clusters,0,1.16,0,1,0
orbit_train,orbit,train,37.8,323.6,2.69,59,clusters,0,0.827,0,0,0
orbit_train,orbit,train,74.5,241.8,1.91,17,rows,0,1.18,0,0,1
orbit_train,orbit,train,65.4,236.6,1.16,4,scatter,1,0.648,0,0,0
orbit_train,orbit,train,85.0,164.7,1.9,11,rows,0,1.385,0,0,1
orbit_train,orbit,train,73.8,291.4,1.56,6,scatter,1,1.395,0,1,0
orbit_train,orbit,train,37.7,81.7,1.98,9,scatter,1,1.192,0,0,1
orbit_train,orbit,train,65.5,269.3,1.98,1,crowd,0,1.276,0,0,1
orbit_train,orbit,train,50.9,25.7,1.77,4,scatter,1,0.871,0,1,0
orbit_train,orbit,train,40.1,187.3,2.65,49,rows,0,0.981,0,1,0
orbit_train,orbit,train,67.8,283.0,1.52,18,clusters,0,0.953,0,1,0
orbit_train,orbit,train,52.6,65.4,1.26,5,as built,1,0.967,0,1,0
orbit_train,orbit,train,56.2,106.6,1.57,11,scatter,0,0.6,0,1,0
orbit_train,orbit,train,76.1,327.6,1.51,18,clusters,0,1.409,0,0,0
orbit_train,orbit,train,56.0,200.0,2.03,11,scatter,0,1.238,0,0,0
orbit_train,orbit,train,51.0,29.0,2.12,2,scatter,1,1.049,0,1,0
orbit_train,orbit,train,32.2,355.9,3.28,31,scatter,1,1.132,0,0,1
orbit_train,orbit,train,82.0,141.1,1.07,2,scatter,0,1.392,0,1,0
orbit_train,orbit,train,72.3,291.2,1.58,26,clusters,1,1.422,0,0,0
orbit_train,orbit,train,38.3,132.4,2.65,16,as built,1,0.942,0,0,0
orbit_train,orbit,train,75.8,138.2,1.43,39,crowd,0,1.309,0,0,0
orbit_train,orbit,train,32.2,181.5,3.49,19,as built,0,0.721,0,0,0
orbit_train,orbit,train,71.6,276.2,1.54,4,cluster,1,1.051,0,1,0
orbit_train,orbit,train,49.4,316.2,1.42,13,clusters,0,0.88,0,1,0
orbit_train,orbit,train,50.9,355.5,1.11,12,scatter,1,0.941,0,0,0
orbit_train,orbit,train,71.0,110.4,1.97,5,rows,1,0.899,0,1,1
orbit_train,orbit,train,42.1,61.1,2.62,13,cluster,0,0.695,0,0,1
orbit_train,orbit,train,63.5,10.9,1.53,4,rows,0,1.19,0,0,0
orbit_train,orbit,train,38.9,69.9,1.17,54,crowd,1,1.121,0,1,0
orbit_train,orbit,train,35.3,319.8,1.27,23,cluster,1,1.158,0,0,0
orbit_train,orbit,train,34.6,92.6,2.41,8,cluster,1,0.867,0,1,0
orbit_train,orbit,train,49.1,6.7,2.2,5,cluster,0,0.929,0,0,0
orbit_train,orbit,train,73.8,350.0,1.58,6,as built,1,0.916,0,0,0
orbit_train,orbit,train,35.9,8.5,1.95,66,crowd,1,1.073,0,1,0
orbit_train,orbit,train,43.4,208.2,2.41,12,rows,1,0.915,0,0,0
orbit_train,orbit,train,33.8,33.1,1.89,26,crowd,1,0.941,0,0,1
orbit_train,orbit,train,40.9,217.4,2.21,10,as built,1,1.139,0,1,0
orbit_train,orbit,train,43.3,296.2,1.96,47,rows,1,1.071,0,0,0
orbit_train,orbit,train,83.8,153.2,1.33,4,as built,1,0.781,0,0,0
orbit_train,orbit,train,84.5,259.2,1.7,4,cluster,1,1.084,0,1,0
orbit_train,orbit,train,80.6,199.3,1.06,11,rows,1,1.191,0,1,0
orbit_train,orbit,train,60.5,316.6,1.01,10,scatter,0,1.316,0,1,0
orbit_train,orbit,train,30.8,160.2,3.39,16,clusters,1,1.317,0,0,0
orbit_train,orbit,train,67.5,40.3,1.42,12,scatter,0,0.602,0,1,0
orbit_train,orbit,train,84.4,303.1,1.17,10,rows,1,1.403,0,0,0
orbit_train,orbit,train,55.6,152.0,1.75,5,scatter,1,0.756,0,0,0
orbit_train,orbit,train,53.1,269.0,2.28,18,scatter,0,0.844,0,0,0
orbit_train,orbit,train,75.7,322.3,1.54,14,scatter,1,0.58,0,1,0
orbit_train,orbit,train,61.9,235.4,1.99,7,scatter,0,1.129,0,0,1
orbit_train,orbit,train,61.9,229.7,1.85,10,cluster,1,1.25,0,0,1
orbit_train,orbit,train,72.3,179.2,1.93,16,clusters,1,1.412,0,0,1
orbit_train,orbit,train,32.5,82.1,1.5,49,crowd,1,0.782,0,0,0
orbit_train,orbit,train,68.9,273.1,1.12,50,crowd,0,0.565,0,0,0
orbit_train,orbit,train,31.6,206.9,1.33,1,scatter,1,0.843,0,0,0
orbit_train,orbit,train,48.6,268.2,1.02,2,scatter,1,0.964,0,0,0
orbit_train,orbit,train,49.7,213.7,1.34,32,rows,1,0.699,0,0,0
orbit_train,orbit,train,80.3,235.8,1.74,1,cluster,1,0.834,0,0,0
orbit_train,orbit,train,43.9,337.6,1.5,33,scatter,1,0.602,0,0,0
orbit_train,orbit,train,75.7,39.4,1.32,28,scatter,1,0.867,0,0,0
orbit_train,orbit,train,45.6,61.2,1.51,9,scatter,1,0.708,0,0,0
orbit_train,orbit,train,77.2,332.9,1.85,21,scatter,1,0.591,0,1,1
orbit_train,orbit,train,74.7,178.2,1.63,4,scatter,1,0.788,0,1,0
orbit_train,orbit,train,82.4,74.8,1.71,12,scatter,1,0.672,0,0,0
orbit_train,orbit,train,61.8,297.4,2.03,14,scatter,1,0.579,0,0,1
orbit_train,orbit,train,53.4,190.1,2.25,19,clusters,1,0.905,0,1,0
orbit_train,orbit,train,66.8,58.7,1.7,3,cluster,1,0.623,0,0,0
orbit_train,orbit,train,44.5,33.7,2.58,23,crowd,0,1.0,0,0,1
orbit_train,orbit,train,83.4,133.3,1.55,37,rows,0,1.028,0,1,0
orbit_train,orbit,train,70.3,193.0,1.01,24,rows,1,0.981,0,0,0
orbit_train,orbit,train,62.0,177.7,1.1,2,scatter,1,0.966,0,0,0
orbit_train,orbit,train,61.4,22.6,1.9,9,scatter,1,0.776,0,0,1
orbit_train,orbit,train,59.9,342.6,1.14,21,rows,1,0.898,0,0,0
orbit_train,orbit,train,40.7,288.7,2.74,3,scatter,1,1.156,0,0,0
orbit_train,orbit,train,37.5,226.2,2.23,1,cluster,1,0.662,0,0,0
orbit_train,orbit,train,79.9,35.5,1.77,5,scatter,0,1.307,0,1,1
orbit_train,orbit,train,71.7,154.5,1.48,17,crowd,0,1.32,0,0,0
orbit_train,orbit,train,72.7,204.8,1.35,10,rows,1,0.582,0,1,0
orbit_train,orbit,train,30.2,61.7,1.71,26,rows,1,1.385,0,0,0
orbit_train,orbit,train,54.6,318.2,1.61,24,crowd,1,1.371,0,1,0
orbit_train,orbit,train,33.6,271.2,1.49,7,scatter,0,0.847,0,1,0
orbit_train,orbit,train,63.8,192.1,1.8,24,crowd,0,1.399,0,0,1
orbit_train,orbit,train,41.7,337.4,2.43,24,clusters,1,1.156,0,0,0
orbit_train,orbit,train,46.9,353.8,1.67,40,crowd,0,1.398,0,0,0
orbit_train,orbit,train,56.5,228.6,1.0,28,cluster,1,0.78,0,0,0
orbit_train,orbit,train,76.8,339.8,1.05,19,clusters,0,0.626,0,1,0
orbit_train,orbit,train,41.7,319.2,1.43,33,crowd,1,1.026,0,1,0
orbit_train,orbit,train,58.4,62.4,2.07,11,scatter,1,0.802,0,0,0
orbit_train,orbit,train,59.9,327.8,1.52,54,scatter,0,0.952,0,1,0
orbit_train,orbit,train,71.8,158.3,1.29,6,scatter,0,0.835,0,1,0
orbit_train,orbit,train,32.4,291.0,2.62,11,scatter,1,0.751,0,0,0
orbit_train,orbit,train,81.1,173.6,1.52,4,rows,1,0.716,0,0,0
orbit_train,orbit,train,65.3,146.6,1.96,19,crowd,1,0.859,0,0,1
orbit_train,orbit,train,46.4,187.8,1.04,8,as built,1,1.382,0,1,0
orbit_train,orbit,train,34.5,18.5,1.7,57,clusters,1,0.992,0,1,0
orbit_train,orbit,train,75.2,168.3,1.7,15,cluster,0,1.41,0,0,0
orbit_train,orbit,train,54.2,66.0,2.16,62,crowd,0,1.412,0,0,0
orbit_train,orbit,train,42.8,129.3,1.29,11,crowd,1,0.98,0,0,0
orbit_train,orbit,train,87.0,317.8,1.39,50,crowd,0,0.997,0,0,0
orbit_train,orbit,train,84.4,287.9,1.53,10,cluster,1,0.875,0,0,0
orbit_train,orbit,train,40.9,157.8,1.23,43,scatter,0,1.012,0,0,0
orbit_train,orbit,train,35.9,157.4,2.23,17,clusters,1,1.426,0,1,0
orbit_train,orbit,train,31.9,133.8,1.48,18,as built,1,1.24,0,0,0
orbit_train,orbit,train,65.3,25.2,1.96,4,as built,1,1.326,0,0,1
orbit_train,orbit,train,76.4,162.7,1.81,22,scatter,1,0.833,0,0,1
orbit_train,orbit,train,33.1,136.7,2.09,12,rows,1,1.167,0,0,0
orbit_train,orbit,train,86.5,348.2,1.39,8,scatter,0,1.007,0,0,0
orbit_train,orbit,train,75.6,220.3,1.89,5,scatter,1,1.211,0,0,1
orbit_train,orbit,train,62.1,79.1,1.44,6,scatter,1,0.867,0,1,0
orbit_train,orbit,train,71.4,226.7,1.56,7,scatter,1,1.153,0,0,0
orbit_train,orbit,train,56.2,101.8,2.15,26,crowd,1,1.053,0,0,0
orbit_train,orbit,train,67.4,205.9,1.16,32,scatter,1,1.056,0,0,0
orbit_train,orbit,train,45.9,224.3,2.3,14,clusters,1,0.631,0,1,1
orbit_train,orbit,train,65.2,279.6,2.03,53,scatter,1,0.742,0,0,1
orbit_train,orbit,train,85.8,181.6,1.45,11,scatter,1,0.808,0,0,0
orbit_train,orbit,train,36.2,30.9,2.74,38,clusters,1,1.025,0,0,1
orbit_train,orbit,train,70.1,14.7,1.2,5,scatter,1,0.993,0,1,0
orbit_train,orbit,train,31.3,87.4,3.19,30,cluster,1,1.336,0,0,1
orbit_train,orbit,train,34.3,289.2,2.58,40,scatter,1,0.728,0,1,0
orbit_train,orbit,train,40.9,271.8,2.51,33,scatter,1,1.414,0,0,0
orbit_train,orbit,train,71.8,230.6,1.02,51,crowd,1,0.651,0,0,0
orbit_train,orbit,train,81.3,59.0,1.81,10,scatter,1,1.319,0,1,1
orbit_train,orbit,train,83.8,201.0,1.14,2,cluster,1,0.749,0,1,0
orbit_train,orbit,train,37.3,123.0,1.35,29,clusters,0,0.864,0,0,0
orbit_train,orbit,train,76.2,202.8,1.94,58,clusters,1,0.872,0,0,1
orbit_train,orbit,train,52.8,295.1,1.51,3,scatter,0,0.745,0,0,0
orbit_train,orbit,train,41.2,114.1,2.12,9,scatter,1,1.167,0,0,0
orbit_train,orbit,train,45.3,113.0,1.99,5,cluster,1,1.031,0,1,0
orbit_train,orbit,train,30.4,34.5,2.49,15,clusters,0,0.972,0,1,0
orbit_train,orbit,train,63.8,147.9,1.47,8,scatter,1,1.381,0,0,0
orbit_train,orbit,train,85.9,309.4,1.44,6,scatter,1,1.191,0,0,0
orbit_train,orbit,train,40.8,278.6,1.22,4,cluster,1,0.978,0,0,0
orbit_train,orbit,train,30.4,324.6,2.86,12,scatter,0,1.068,0,0,0
orbit_train,orbit,train,31.7,6.9,1.1,29,crowd,1,0.616,0,1,0
orbit_train,orbit,train,60.1,91.7,1.44,16,scatter,1,0.643,0,0,0
orbit_train,orbit,train,42.2,162.3,1.33,5,scatter,1,1.159,0,0,0
orbit_train,orbit,train,84.5,119.4,1.12,12,scatter,1,1.075,0,0,1
orbit_train,orbit,train,48.4,115.8,2.46,22,crowd,1,1.213,0,0,0
orbit_train,orbit,train,34.7,27.1,3.23,14,scatter,1,0.864,0,0,1
orbit_train,orbit,train,63.3,187.4,1.05,21,scatter,1,0.703,0,0,0
orbit_train,orbit,train,71.1,322.9,2.04,26,crowd,0,0.884,0,0,1
orbit_train,orbit,train,38.9,125.4,2.9,12,scatter,0,0.831,0,1,0
orbit_train,orbit,train,32.6,21.2,2.9,22,rows,0,0.781,0,1,0
orbit_train,orbit,train,54.4,38.8,1.35,1,scatter,1,0.566,0,0,0
orbit_train,orbit,train,60.2,303.0,1.33,2,scatter,1,0.677,0,1,0
orbit_train,orbit,train,75.1,341.3,1.67,16,scatter,1,1.27,0,1,0
orbit_train,orbit,train,34.9,191.8,1.21,45,scatter,0,0.895,0,1,0
orbit_train,orbit,train,57.4,22.2,1.64,11,scatter,1,1.413,0,0,0
orbit_train,orbit,train,86.4,217.3,1.24,9,scatter,1,0.562,0,0,0
orbit_train,orbit,train,76.2,88.4,1.8,48,rows,0,0.945,0,0,1
orbit_train,orbit,train,67.1,226.2,1.35,36,clusters,0,0.778,0,0,0
orbit_train,orbit,train,46.8,126.2,1.77,36,rows,1,0.922,0,0,1
orbit_train,orbit,train,30.4,18.2,1.27,18,cluster,1,0.559,0,1,0
orbit_train,orbit,train,39.9,33.2,2.04,12,scatter,0,1.173,0,1,0
orbit_train,orbit,train,79.4,272.9,1.11,11,rows,0,1.182,0,0,0
orbit_train,orbit,train,39.6,121.7,2.8,11,scatter,1,0.893,0,1,0
orbit_train,orbit,train,48.5,32.0,1.27,20,scatter,1,1.417,0,0,0
orbit_train,orbit,train,57.0,38.1,2.12,19,cluster,0,0.561,0,0,0
orbit_train,orbit,train,30.2,359.3,1.09,31,scatter,0,1.271,0,0,0
orbit_train,orbit,train,32.5,268.9,1.13,5,as built,1,0.873,0,0,0
orbit_train,orbit,train,74.4,228.6,1.39,2,scatter,1,1.006,0,1,0
orbit_train,orbit,train,47.5,143.0,1.39,2,cluster,1,0.907,0,1,0
orbit_train,orbit,train,63.5,66.0,1.46,9,scatter,1,0.816,0,0,0
orbit_train,orbit,train,31.5,249.6,2.06,32,scatter,1,1.29,0,0,0
orbit_train,orbit,train,71.3,43.3,1.4,34,rows,1,1.217,0,0,0
orbit_train,orbit,train,31.4,310.2,1.7,6,scatter,1,0.897,0,0,0
orbit_train,orbit,train,71.3,206.1,1.54,6,scatter,0,0.73,0,1,0
orbit_train,orbit,train,56.6,27.7,1.73,53,crowd,0,1.185,0,0,0
orbit_train,orbit,train,82.5,336.6,1.43,19,crowd,0,0.559,0,0,0
orbit_train,orbit,train,75.8,48.1,1.5,4,scatter,1,1.149,0,1,0
orbit_train,orbit,train,38.3,348.6,2.51,15,scatter,1,1.185,0,1,1
orbit_train,orbit,train,60.7,323.3,1.68,15,scatter,1,0.566,0,0,0
orbit_train,orbit,train,50.1,178.9,2.39,36,crowd,1,0.974,0,0,0
orbit_train,orbit,train,66.8,2.1,1.94,3,scatter,0,0.902,0,0,1
orbit_train,orbit,train,66.1,237.4,1.65,12,scatter,0,1.393,0,0,0
orbit_train,orbit,train,48.7,340.3,1.22,19,rows,1,1.157,0,0,0
orbit_train,orbit,train,43.6,281.4,2.53,13,crowd,1,1.326,0,0,0
orbit_train,orbit,train,62.9,254.2,1.98,9,scatter,1,0.906,0,0,1
orbit_train,orbit,train,73.2,300.9,1.3,13,rows,1,0.803,0,0,0
orbit_train,orbit,train,62.8,89.9,1.14,5,scatter,1,1.37,0,0,0
orbit_train,orbit,train,50.4,185.4,1.7,9,cluster,0,1.004,0,0,0
orbit_train,orbit,train,55.1,345.6,2.05,3,cluster,1,1.19,0,0,0
orbit_train,orbit,train,42.2,307.2,2.43,11,scatter,1,0.733,0,0,0
orbit_train,orbit,train,40.9,69.5,2.21,20,rows,1,0.559,0,0,0
orbit_train,orbit,train,78.6,180.2,1.42,7,scatter,0,0.687,0,1,0
orbit_train,orbit,train,73.2,350.0,1.26,23,scatter,0,1.421,0,0,0
orbit_train,orbit,train,50.3,3.3,1.81,11,cluster,0,0.911,0,0,0
orbit_train,orbit,train,33.1,256.1,3.12,32,scatter,1,0.623,0,0,1
orbit_train,orbit,train,34.8,185.1,2.91,32,clusters,1,1.096,0,0,0
orbit_train,orbit,train,55.7,213.9,1.2,7,scatter,1,1.423,0,0,0
orbit_train,orbit,train,30.4,109.5,1.33,5,as built,0,1.132,0,1,0
orbit_train,orbit,train,43.4,329.7,1.43,16,cluster,1,0.653,0,1,0
orbit_train,orbit,train,59.6,193.7,1.17,14,rows,0,1.439,0,0,0
orbit_train,orbit,train,37.3,278.7,1.81,59,scatter,1,1.324,0,1,0
orbit_train,orbit,train,57.1,115.1,2.11,20,scatter,1,0.7,0,0,0
orbit_train,orbit,train,33.0,197.8,1.75,13,cluster,1,0.869,0,1,0
orbit_train,orbit,train,53.5,70.3,1.69,17,clusters,1,1.271,0,1,0
orbit_train,orbit,train,62.4,30.9,1.07,5,scatter,1,0.79,0,0,0
orbit_train,orbit,train,70.6,136.6,1.38,17,scatter,1,0.956,0,0,0
orbit_train,orbit,train,84.6,57.6,1.94,45,crowd,1,1.314,0,1,1
orbit_train,orbit,train,39.8,133.2,2.29,12,cluster,0,1.02,0,0,0
orbit_train,orbit,train,50.4,31.6,1.47,7,scatter,1,0.862,0,0,0
orbit_train,orbit,train,50.0,310.1,1.98,12,cluster,1,0.862,0,0,0
orbit_train,orbit,train,60.7,85.9,2.12,11,scatter,0,1.363,0,1,1
orbit_train,orbit,train,80.6,54.9,1.24,18,rows,1,0.871,0,0,0
orbit_train,orbit,train,72.3,294.3,1.64,55,scatter,0,1.315,0,0,0
orbit_train,orbit,train,75.8,261.1,1.92,8,scatter,1,1.03,0,0,1
orbit_train,orbit,train,37.7,92.6,1.1,7,scatter,1,1.254,0,0,0
orbit_train,orbit,train,75.8,223.4,1.85,1,as built,1,0.71,0,0,1
orbit_train,orbit,train,80.5,147.4,1.45,14,crowd,1,1.353,0,0,0
orbit_train,orbit,train,46.1,121.5,1.42,26,clusters,1,1.042,0,0,0
orbit_train,orbit,train,75.3,262.5,1.91,15,scatter,1,0.914,0,1,1
orbit_train,orbit,train,31.5,232.6,1.02,7,cluster,1,0.679,0,1,0
orbit_train,orbit,train,69.8,135.8,1.39,25,scatter,1,1.104,0,0,0
orbit_train,orbit,train,76.2,174.6,1.51,5,as built,1,1.383,0,0,0
orbit_train,orbit,train,51.6,272.3,1.39,7,cluster,1,1.364,0,0,0
orbit_train,orbit,train,37.6,210.0,2.35,7,scatter,0,1.045,0,0,0
orbit_train,orbit,train,81.7,328.0,1.62,12,scatter,0,0.83,0,0,0
orbit_train,orbit,train,58.2,359.7,1.69,50,crowd,1,0.944,0,1,0
orbit_train,orbit,train,48.0,14.8,2.46,70,rows,1,1.004,0,0,0
orbit_train,orbit,train,48.8,349.3,2.5,5,rows,0,0.798,0,0,1
orbit_train,orbit,train,37.4,317.5,2.35,35,scatter,0,0.666,0,0,0
orbit_train,orbit,train,41.4,315.6,1.33,9,scatter,0,1.269,0,0,0
orbit_train,orbit,train,38.5,142.9,1.8,26,rows,1,0.742,0,0,0
orbit_train,orbit,train,39.5,220.2,1.32,29,crowd,1,1.048,0,1,0
orbit_train,orbit,train,80.7,213.7,1.76,12,scatter,1,0.76,0,0,1
orbit_train,orbit,train,87.2,194.2,1.46,3,scatter,1,1.356,0,0,0
orbit_train,orbit,train,70.5,245.4,1.67,2,cluster,1,0.892,0,1,0
orbit_train,orbit,train,74.1,69.2,1.54,10,as built,1,0.676,0,1,0
orbit_train,orbit,train,72.2,225.8,1.52,13,scatter,1,1.353,0,0,0
orbit_train,orbit,train,83.2,69.8,1.36,15,cluster,0,1.258,0,0,0
orbit_train,orbit,train,34.8,53.4,2.2,17,scatter,1,1.02,0,1,0
orbit_train,orbit,train,66.4,203.5,1.67,16,clusters,1,1.312,0,0,0
orbit_train,orbit,train,46.7,109.4,1.35,14,scatter,1,1.414,0,1,0
orbit_train,orbit,train,61.7,74.8,2.05,68,scatter,0,1.196,0,0,1
orbit_train,orbit,train,52.8,198.3,1.64,62,crowd,0,0.905,0,0,0
orbit_train,orbit,train,64.5,68.7,1.68,28,scatter,1,1.398,0,0,0
orbit_train,orbit,train,81.1,30.4,1.18,5,as built,1,1.2,0,0,0
orbit_train,orbit,train,34.1,131.8,3.3,18,cluster,1,1.198,0,0,0
orbit_train,orbit,train,50.4,353.4,1.69,43,crowd,1,0.941,0,1,0
orbit_train,orbit,train,77.1,52.5,1.13,4,scatter,1,0.784,0,1,0
orbit_train,orbit,train,52.8,57.4,1.44,20,scatter,0,0.993,0,0,0
orbit_train,orbit,train,86.3,108.1,1.56,15,scatter,0,0.578,0,1,1
orbit_train,orbit,train,64.2,326.6,1.7,5,scatter,0,0.667,0,0,0
orbit_train,orbit,train,72.8,318.7,1.46,2,as built,1,0.608,0,1,0
orbit_train,orbit,train,61.9,22.5,1.49,9,scatter,0,0.93,0,1,0
orbit_train,orbit,train,79.2,102.8,1.01,47,crowd,1,0.833,0,0,1
orbit_train,orbit,train,40.9,304.9,2.23,19,cluster,0,0.578,0,0,0
orbit_train,orbit,train,81.8,162.6,1.6,46,clusters,1,0.57,0,0,0
orbit_train,orbit,train,55.5,55.3,1.54,6,as built,1,0.966,0,1,0
orbit_train,orbit,train,61.3,256.2,1.31,44,rows,1,1.261,0,0,0
orbit_train,orbit,train,30.9,313.7,1.73,18,as built,0,0.727,0,1,0
orbit_train,orbit,train,74.2,247.0,1.0,6,scatter,0,0.938,0,0,0
orbit_train,orbit,train,54.6,319.1,1.73,17,cluster,0,1.385,0,0,0
orbit_train,orbit,train,52.1,140.5,1.74,23,cluster,1,1.081,0,0,0
orbit_train,orbit,train,51.6,357.6,1.52,8,as built,1,0.756,0,0,0
orbit_train,orbit,train,36.2,113.9,2.3,45,rows,1,1.019,0,0,0
orbit_train,orbit,train,68.6,24.4,1.74,37,clusters,1,0.636,0,0,0
orbit_train,orbit,train,68.2,42.2,1.59,11,as built,0,1.328,0,0,0
orbit_train,orbit,train,83.3,156.8,1.71,1,cluster,0,0.946,0,0,0
orbit_train,orbit,train,80.2,270.9,1.69,11,scatter,1,1.375,0,0,0
orbit_train,orbit,train,70.1,266.5,1.63,8,as built,1,0.67,0,0,0
orbit_train,orbit,train,30.9,59.2,1.52,21,cluster,0,1.233,0,0,0
orbit_train,orbit,train,30.1,48.5,1.41,56,clusters,1,1.296,0,0,0
orbit_train,orbit,train,42.5,208.7,1.06,38,crowd,1,1.429,0,0,0
orbit_train,orbit,train,79.9,119.3,1.75,11,cluster,1,1.298,0,0,0
orbit_train,orbit,train,83.1,173.1,1.85,5,scatter,1,1.334,0,0,1
orbit_train,orbit,train,53.0,159.9,1.67,52,crowd,0,1.421,0,1,0
orbit_train,orbit,train,44.0,306.0,1.4,19,scatter,1,1.419,0,1,0
orbit_train,orbit,train,83.5,269.4,1.62,17,clusters,1,0.735,0,0,0
orbit_train,orbit,train,38.9,129.2,1.11,14,clusters,0,0.923,0,0,0
orbit_train,orbit,train,63.6,354.3,1.01,43,crowd,1,1.25,0,0,0
orbit_train,orbit,train,77.1,291.2,1.32,2,scatter,1,0.958,0,1,0
orbit_train,orbit,train,80.8,37.1,1.68,4,scatter,1,0.764,0,1,0
orbit_train,orbit,train,71.7,120.3,1.56,8,scatter,1,0.868,0,0,0
orbit_train,orbit,train,79.3,167.2,1.9,1,as built,1,0.642,0,0,1
orbit_train,orbit,train,77.2,259.4,1.48,57,rows,1,0.573,0,1,0
orbit_train,orbit,train,74.0,114.5,1.67,3,scatter,0,1.024,0,0,0
orbit_train,orbit,train,70.8,197.7,1.99,31,crowd,1,1.332,0,1,1
orbit_train,orbit,train,45.7,117.7,1.54,16,scatter,1,1.338,0,0,0
orbit_train,orbit,train,37.4,62.7,1.61,25,clusters,0,1.209,0,0,0
orbit_train,orbit,train,31.2,68.6,2.64,4,as built,1,0.681,0,0,0
orbit_train,orbit,train,43.1,219.3,1.37,21,rows,1,1.194,0,0,0
orbit_train,orbit,train,53.0,61.5,1.48,20,scatter,0,0.835,0,1,0
orbit_train,orbit,train,82.9,140.8,1.03,22,clusters,1,1.256,0,0,0
orbit_train,orbit,train,76.4,257.8,1.69,6,scatter,1,0.913,0,0,0
orbit_train,orbit,train,80.9,324.2,1.54,10,crowd,1,0.58,0,0,0
orbit_train,orbit,train,34.3,329.1,2.82,13,cluster,1,1.331,0,1,0
orbit_train,orbit,train,83.0,260.6,1.19,17,clusters,0,0.738,0,0,0
orbit_train,orbit,train,48.3,79.2,1.73,3,cluster,0,1.305,0,1,0
orbit_train,orbit,train,42.5,262.4,1.29,8,scatter,1,1.184,0,0,0
orbit_train,orbit,train,65.3,113.3,1.23,5,scatter,1,1.202,0,1,0
orbit_train,orbit,train,50.8,207.2,1.17,22,clusters,0,0.731,0,1,0
orbit_train,orbit,train,75.6,279.3,1.75,4,scatter,1,0.903,0,0,0
orbit_train,orbit,train,54.7,272.7,1.93,24,scatter,0,0.631,0,0,0
orbit_train,orbit,train,50.1,93.4,2.38,9,as built,1,0.613,0,0,0
orbit_train,orbit,train,63.5,17.1,1.55,16,clusters,1,1.131,0,1,0
orbit_train,orbit,train,30.3,147.9,2.15,8,rows,1,0.636,0,0,0
orbit_train,orbit,train,79.6,81.4,1.18,9,as built,1,0.845,0,0,0
orbit_train,orbit,train,53.8,287.4,1.89,45,scatter,1,0.582,0,0,0
orbit_train,orbit,train,84.2,184.6,1.62,3,scatter,1,1.448,0,0,0
orbit_train,orbit,train,42.8,350.7,1.42,22,scatter,0,0.813,0,1,0
orbit_train,orbit,train,80.3,130.8,1.46,26,rows,0,0.735,0,0,0
orbit_train,orbit,train,45.7,168.9,1.42,7,crowd,1,1.217,0,1,0
orbit_train,orbit,train,62.0,30.7,2.06,6,scatter,1,1.372,0,1,1
orbit_train,orbit,train,82.8,117.1,1.15,36,rows,0,1.412,0,0,0
orbit_train,orbit,train,56.0,89.5,1.1,7,scatter,0,0.925,0,0,0
orbit_train,orbit,train,31.7,337.0,3.48,34,scatter,0,0.602,0,1,1
orbit_train,orbit,train,80.4,317.1,1.9,64,scatter,1,0.677,0,0,1
orbit_train,orbit,train,30.8,325.4,3.43,15,scatter,1,1.241,0,0,0
orbit_train,orbit,train,70.3,107.9,1.24,13,clusters,0,0.693,0,0,0
orbit_train,orbit,train,45.1,112.6,1.46,17,as built,0,1.312,0,0,0
orbit_train,orbit,train,53.9,62.3,1.21,2,crowd,0,1.257,0,0,0
orbit_train,orbit,train,62.1,340.2,1.21,7,rows,0,0.804,0,0,0
orbit_train,orbit,train,58.9,236.8,1.85,11,scatter,1,1.04,0,0,1
orbit_train,orbit,train,46.0,41.7,1.05,33,clusters,1,1.047,0,1,0
orbit_train,orbit,train,32.5,124.8,3.16,31,scatter,1,1.416,0,0,0
orbit_train,orbit,train,31.3,206.6,1.82,5,rows,1,1.276,0,0,0
orbit_train,orbit,train,49.7,20.2,1.55,11,rows,0,0.765,0,0,0
orbit_train,orbit,train,52.9,84.0,1.53,53,crowd,1,1.107,0,0,0
orbit_train,orbit,train,41.6,151.8,1.5,59,scatter,1,1.315,0,0,0
orbit_train,orbit,train,37.6,323.0,2.25,21,scatter,0,1.096,0,1,0
orbit_train,orbit,train,82.8,221.2,1.69,32,rows,0,0.977,0,1,0
orbit_train,orbit,train,31.1,340.9,2.55,24,scatter,1,1.368,0,0,1
orbit_train,orbit,train,53.2,332.7,2.16,50,rows,1,0.619,0,0,0
orbit_train,orbit,train,77.9,107.8,1.38,14,clusters,1,1.352,0,1,0
orbit_train,orbit,train,87.7,96.8,1.28,15,crowd,1,1.258,0,0,0
orbit_train,orbit,train,81.9,270.9,1.67,38,rows,1,0.584,0,1,0
orbit_train,orbit,train,82.1,334.6,1.32,11,scatter,1,0.849,0,0,0
orbit_train,orbit,train,69.6,19.5,1.27,3,cluster,1,0.872,0,1,0
orbit_train,orbit,train,37.4,19.8,1.73,8,scatter,1,1.274,0,1,0
orbit_train,orbit,train,48.1,184.2,2.07,11,scatter,1,0.807,0,0,0
orbit_train,orbit,train,61.0,180.3,1.94,4,scatter,1,1.444,0,0,1
orbit_train,orbit,train,59.7,8.5,1.29,5,cluster,0,1.307,0,1,0
orbit_train,orbit,train,73.7,310.0,1.9,24,crowd,1,0.97,0,1,1
orbit_train,orbit,train,42.2,265.2,1.32,27,cluster,0,0.944,0,0,0
orbit_train,orbit,train,84.3,334.8,1.26,17,scatter,1,1.04,0,0,0
orbit_train,orbit,train,61.6,254.0,1.05,29,clusters,1,1.02,0,1,0
orbit_train,orbit,train,56.9,358.2,1.33,12,scatter,1,1.142,0,1,0
orbit_train,orbit,train,69.9,172.6,1.56,11,clusters,1,1.228,0,0,0
orbit_train,orbit,train,60.2,309.8,1.45,48,rows,0,1.404,0,1,0
orbit_train,orbit,train,31.3,221.9,2.95,14,scatter,1,0.929,0,0,0
orbit_train,orbit,train,79.0,167.0,1.62,13,cluster,0,0.929,0,1,0
orbit_train,orbit,train,34.6,251.6,3.11,23,scatter,1,0.561,0,1,1
orbit_train,orbit,train,57.4,66.6,2.27,75,rows,0,0.672,0,1,0
orbit_train,orbit,train,51.0,271.0,1.88,10,cluster,0,0.651,0,1,0
orbit_train,orbit,train,44.2,102.6,2.48,15,scatter,1,1.152,0,1,0
orbit_train,orbit,train,69.1,150.4,1.78,26,cluster,0,0.596,0,1,1
orbit_train,orbit,train,33.1,71.3,2.69,52,clusters,1,1.306,0,1,0
orbit_train,orbit,train,74.7,180.7,1.9,9,as built,1,0.786,0,1,1
orbit_train,orbit,train,38.2,228.9,1.87,63,clusters,1,1.395,0,0,0
orbit_train,orbit,train,64.5,335.2,1.78,24,cluster,1,1.078,0,0,1
orbit_train,orbit,train,68.0,107.0,1.71,13,as built,1,1.216,0,0,0
orbit_train,orbit,train,45.1,98.8,1.21,8,as built,1,0.974,0,1,0
orbit_train,orbit,train,42.4,150.5,2.4,12,clusters,1,1.076,0,0,0
orbit_train,orbit,train,74.6,294.1,1.39,66,crowd,1,1.445,0,0,0
orbit_train,orbit,train,39.2,303.9,2.24,49,scatter,1,0.962,0,0,0
orbit_train,orbit,train,46.0,75.5,2.57,17,as built,1,0.631,0,1,1
orbit_train,orbit,train,30.2,265.4,1.1,1,as built,0,0.97,0,0,0
orbit_train,orbit,train,43.1,280.7,2.6,3,scatter,1,0.654,0,1,0
orbit_train,orbit,train,34.5,191.1,1.83,7,rows,1,1.358,0,0,0
orbit_train,orbit,train,77.0,90.7,1.69,27,scatter,0,1.105,0,0,0
orbit_train,orbit,train,39.5,166.7,1.5,10,scatter,1,0.916,0,0,0
orbit_train,orbit,train,39.3,226.9,2.79,18,cluster,1,0.842,0,1,0
orbit_train,orbit,train,31.6,260.9,1.62,6,scatter,1,1.052,0,0,0
orbit_train,orbit,train,70.4,114.6,2.02,25,crowd,1,1.329,0,0,1
orbit_train,orbit,train,77.8,123.8,1.62,26,crowd,0,1.375,0,0,0
orbit_train,orbit,train,65.1,162.1,1.5,7,scatter,1,0.776,0,0,0
orbit_train,orbit,train,42.9,134.8,1.45,16,as built,0,0.887,0,1,0
orbit_train,orbit,train,82.7,208.2,1.82,3,scatter,1,1.346,0,1,1
orbit_train,orbit,train,43.4,291.8,1.8,19,scatter,1,1.365,0,0,0
orbit_train,orbit,train,84.4,278.8,1.91,36,rows,1,1.345,0,0,1
orbit_train,orbit,train,34.0,114.4,2.72,17,as built,1,1.181,0,0,1
orbit_train,orbit,train,32.6,251.0,2.86,3,as built,1,1.096,0,0,1
orbit_train,orbit,train,57.7,235.8,1.66,6,scatter,1,1.116,0,1,0
orbit_train,orbit,train,73.2,232.1,1.18,24,cluster,1,1.384,0,0,0
orbit_train,orbit,train,62.9,299.1,1.22,9,cluster,1,0.665,0,1,0
orbit_train,orbit,train,73.7,52.5,1.98,3,cluster,1,0.885,0,0,1
orbit_train,orbit,train,58.6,76.4,2.04,14,cluster,1,1.247,0,0,0
orbit_train,orbit,train,56.0,321.7,1.54,5,scatter,1,1.066,0,1,0
orbit_train,orbit,train,78.1,252.2,1.49,7,scatter,1,0.566,0,0,0
orbit_train,orbit,train,41.4,329.4,2.81,36,clusters,0,1.191,0,1,0
orbit_train,orbit,train,60.7,235.4,1.43,2,scatter,0,1.396,0,0,0
orbit_train,orbit,train,38.1,70.5,2.62,13,scatter,1,1.059,0,0,0
orbit_train,orbit,train,33.8,283.6,1.08,7,scatter,1,0.712,0,1,0
orbit_train,orbit,train,47.0,170.9,2.54,18,scatter,1,1.414,0,0,1
orbit_train,orbit,train,38.1,358.8,2.46,14,as built,0,1.332,0,0,0
orbit_train,orbit,train,53.7,100.7,1.83,68,scatter,1,1.357,0,1,0
orbit_train,orbit,train,48.5,318.6,1.36,8,scatter,1,1.2,0,1,0
orbit_train,orbit,train,39.5,176.7,2.22,35,clusters,1,0.88,0,0,0
orbit_train,orbit,train,53.5,97.5,1.42,3,scatter,1,0.991,0,0,0
orbit_train,orbit,train,78.5,267.3,1.41,10,cluster,1,1.214,0,0,0
orbit_train,orbit,train,76.4,233.8,1.31,8,scatter,0,1.194,0,0,0
orbit_train,orbit,train,55.1,270.8,1.74,19,cluster,1,0.641,0,0,0
orbit_train,orbit,train,32.3,342.1,3.11,65,clusters,0,1.093,0,1,1
orbit_train,orbit,train,84.5,109.5,1.22,18,cluster,1,0.815,0,0,0
orbit_train,orbit,train,39.3,258.3,2.32,18,as built,1,1.398,0,0,0
orbit_train,orbit,train,40.1,359.2,2.18,44,rows,1,0.897,0,1,0
orbit_train,orbit,train,73.8,111.4,1.39,5,clusters,0,0.806,0,0,0
orbit_train,orbit,train,34.6,242.1,2.57,12,as built,0,0.667,0,0,1
orbit_train,orbit,train,48.3,95.7,1.98,2,scatter,0,0.621,0,0,0
orbit_train,orbit,train,75.8,164.3,1.42,18,cluster,0,0.991,0,0,0
orbit_train,orbit,train,42.3,230.1,1.87,20,scatter,1,1.069,0,0,0
orbit_train,orbit,train,71.8,29.7,1.38,31,clusters,0,0.85,0,1,0
orbit_train,orbit,train,75.5,337.5,1.07,2,scatter,1,0.817,0,1,0
orbit_train,orbit,train,71.4,213.3,1.9,62,crowd,1,1.118,0,0,1
orbit_train,orbit,train,74.8,247.7,1.19,8,crowd,1,0.895,0,1,0
orbit_train,orbit,train,76.6,220.9,1.93,18,crowd,1,0.555,0,0,1
orbit_train,orbit,train,61.0,157.5,1.78,46,scatter,0,0.812,0,1,1
orbit_train,orbit,train,62.9,214.4,1.34,11,scatter,0,1.412,0,0,0
orbit_train,orbit,train,74.3,358.0,1.86,16,scatter,1,1.183,0,1,1
orbit_train,orbit,train,69.7,177.5,1.75,1,scatter,1,1.312,0,0,0
orbit_train,orbit,train,30.6,295.4,2.19,3,scatter,0,0.736,0,1,0
orbit_train,orbit,train,36.8,224.1,1.38,3,scatter,1,1.228,0,1,0
orbit_train,orbit,train,34.0,198.3,1.15,27,cluster,1,0.715,0,0,0
orbit_train,orbit,train,50.1,49.5,1.48,5,scatter,0,1.271,0,0,0
orbit_train,orbit,train,72.4,166.7,1.35,7,as built,1,0.681,0,1,0
orbit_train,orbit,train,32.9,180.2,1.44,20,rows,1,1.326,0,0,0
orbit_train,orbit,train,31.1,205.8,1.43,7,as built,1,1.34,0,1,0
orbit_train,orbit,train,43.6,75.7,1.65,58,crowd,0,0.944,0,1,0
orbit_train,orbit,train,82.7,181.3,1.66,4,as built,0,1.267,0,0,0
orbit_train,orbit,train,43.4,116.6,2.45,15,cluster,0,0.973,0,1,0
orbit_train,orbit,train,74.8,276.6,1.01,6,as built,1,0.666,0,1,0
orbit_train,orbit,train,77.6,132.9,1.14,5,scatter,1,0.875,0,0,0
orbit_train,orbit,train,48.7,174.9,2.14,11,scatter,1,1.09,0,1,0
orbit_train,orbit,train,58.1,35.6,1.59,2,as built,0,0.631,0,0,0
orbit_train,orbit,train,63.9,216.5,1.06,15,rows,1,0.704,0,1,0
orbit_train,orbit,train,35.9,159.0,1.07,28,clusters,1,1.029,0,1,0
orbit_train,orbit,train,72.8,216.1,1.29,11,cluster,0,0.602,0,0,0
orbit_train,orbit,train,38.2,232.3,1.82,24,cluster,0,0.617,0,0,0
orbit_train,orbit,train,68.0,32.1,1.55,44,crowd,1,1.403,0,1,0
orbit_train,orbit,train,34.9,177.0,2.71,25,cluster,1,0.796,0,0,0
orbit_train,orbit,train,71.0,92.8,1.49,6,rows,0,1.126,0,1,0
orbit_train,orbit,train,83.2,239.2,1.66,46,crowd,0,0.804,0,0,0
orbit_train,orbit,train,79.2,289.1,1.18,5,scatter,1,1.286,0,0,0
orbit_train,orbit,train,77.4,118.6,1.68,24,scatter,1,0.763,0,0,0
orbit_train,orbit,train,68.4,86.9,1.2,6,scatter,1,1.011,0,0,0
orbit_train,orbit,train,46.0,1.7,1.46,17,rows,1,0.997,0,1,0
orbit_train,orbit,train,78.3,16.3,1.08,37,crowd,1,0.66,0,0,0
orbit_train,orbit,train,82.9,216.0,1.9,26,scatter,1,0.673,0,0,1
orbit_train,orbit,train,55.6,92.6,2.23,11,as built,1,0.809,0,1,0
orbit_train,orbit,train,54.4,358.1,1.18,36,clusters,1,1.103,0,0,0
orbit_train,orbit,train,50.7,33.9,2.27,29,clusters,1,0.992,0,0,0
orbit_train,orbit,train,58.1,39.9,2.2,2,scatter,0,1.284,0,0,0
orbit_train,orbit,train,74.9,125.8,1.75,3,cluster,0,0.865,0,0,1
orbit_train,orbit,train,39.9,12.6,2.51,18,scatter,1,0.993,0,1,0
orbit_train,orbit,train,85.0,88.1,1.9,24,scatter,1,1.291,0,0,1
orbit_train,orbit,train,80.6,235.6,1.14,11,cluster,1,1.304,0,0,0
orbit_train,orbit,train,44.7,112.8,1.89,10,scatter,0,0.911,0,1,0
orbit_train,orbit,train,86.7,285.0,1.55,25,scatter,1,0.722,0,0,0
orbit_train,orbit,train,51.5,105.4,1.46,19,rows,1,0.726,0,0,0
orbit_train,orbit,train,30.7,338.9,1.56,39,rows,1,0.884,0,0,0
orbit_train,orbit,train,34.7,12.3,2.98,18,scatter,1,1.432,0,0,0
orbit_train,orbit,train,58.8,69.1,1.83,44,rows,1,1.286,0,0,0
orbit_train,orbit,train,60.5,63.6,1.51,44,crowd,1,0.706,0,1,0
orbit_train,orbit,train,38.8,116.8,1.16,41,scatter,1,0.63,0,0,0
orbit_train,orbit,train,34.3,49.3,1.81,23,clusters,1,1.364,0,0,0
orbit_train,orbit,train,50.0,160.1,1.02,19,crowd,1,1.081,0,0,0
orbit_train,orbit,train,32.4,242.8,1.63,10,as built,1,1.225,0,0,0
orbit_train,orbit,train,52.8,320.2,1.46,9,scatter,1,0.776,0,0,0
orbit_train,orbit,train,39.3,198.4,2.54,28,clusters,1,0.568,0,0,0
orbit_train,orbit,train,46.4,213.9,2.04,22,scatter,1,1.159,0,0,1
orbit_train,orbit,train,40.7,212.7,1.82,34,crowd,1,1.024,0,1,0
orbit_train,orbit,train,75.1,203.2,1.9,33,clusters,1,0.568,0,0,1
orbit_train,orbit,train,80.6,75.3,1.05,13,crowd,1,0.718,0,0,0
orbit_train,orbit,train,80.2,352.7,1.83,9,scatter,1,1.068,0,0,1
orbit_train,orbit,train,62.7,116.5,1.7,6,cluster,1,1.251,0,0,0
orbit_train,orbit,train,57.9,172.3,1.44,6,scatter,1,1.411,0,0,0
orbit_train,orbit,train,30.5,148.7,1.68,15,scatter,1,1.091,0,1,0
orbit_train,orbit,train,65.2,65.2,1.85,61,rows,0,0.805,0,1,1
orbit_train,orbit,train,67.5,90.9,1.28,3,clusters,1,0.709,0,0,0
orbit_train,orbit,train,68.3,122.4,1.06,4,cluster,1,1.262,0,1,0
orbit_train,orbit,train,35.2,224.5,1.96,26,crowd,1,0.832,0,1,0
orbit_train,orbit,train,65.0,349.9,1.8,8,as built,1,1.166,0,0,1
orbit_train,orbit,train,86.8,37.7,1.66,10,as built,0,1.265,0,1,0
orbit_train,orbit,train,46.7,321.7,1.08,50,clusters,1,1.399,0,0,0
orbit_train,orbit,train,73.4,5.7,1.33,36,clusters,1,0.679,0,0,0
orbit_train,orbit,train,73.6,44.3,1.91,16,scatter,1,0.722,0,0,1
orbit_train,orbit,train,79.2,165.9,1.82,6,scatter,1,1.418,0,0,1
orbit_train,orbit,train,85.9,147.5,1.22,1,cluster,1,1.164,0,0,0
orbit_train,orbit,train,82.8,353.2,1.47,10,scatter,1,1.278,0,0,0
orbit_train,orbit,train,72.0,66.2,1.99,14,cluster,1,1.173,0,0,1
orbit_train,orbit,train,76.7,218.1,1.12,6,as built,1,0.681,0,1,0
orbit_train,orbit,train,57.9,250.3,1.04,1,scatter,1,0.62,0,1,0
orbit_train,orbit,train,39.1,275.1,2.38,38,rows,1,0.769,0,0,0
orbit_train,orbit,train,38.0,179.8,1.4,38,clusters,0,1.127,0,1,0
orbit_train,orbit,train,45.3,95.7,1.13,5,as built,1,1.233,0,1,0
orbit_train,orbit,train,34.7,71.8,1.77,9,cluster,1,0.987,0,0,0
orbit_train,orbit,train,84.8,55.0,1.03,55,crowd,1,1.024,0,0,0
orbit_train,orbit,train,69.3,217.6,1.68,30,scatter,0,1.438,0,0,0
orbit_train,orbit,train,31.0,143.4,2.9,11,cluster,1,0.627,0,0,0
orbit_train,orbit,train,74.4,217.1,1.43,27,scatter,1,0.941,0,0,0
orbit_train,orbit,train,72.9,226.0,1.47,2,cluster,1,0.955,0,0,0
orbit_train,orbit,train,32.4,202.2,1.75,21,scatter,1,1.413,0,0,0
orbit_train,orbit,train,81.1,309.6,1.54,20,scatter,1,0.902,0,1,0
orbit_train,orbit,train,84.2,189.5,1.47,19,cluster,1,0.884,0,1,0
orbit_train,orbit,train,46.8,253.8,1.21,16,cluster,1,1.137,0,0,0
orbit_train,orbit,train,48.2,192.7,2.39,7,scatter,1,0.75,0,0,0
orbit_train,orbit,train,76.4,48.7,1.25,25,scatter,0,1.228,0,1,0
orbit_train,orbit,train,47.9,354.9,1.54,24,cluster,0,1.208,0,1,0
orbit_train,orbit,train,47.7,244.2,2.49,14,as built,0,0.866,0,0,0
orbit_train,orbit,train,60.1,32.9,1.35,33,scatter,1,0.967,0,0,0
orbit_train,orbit,train,57.1,201.5,1.01,4,scatter,1,0.679,0,0,0
orbit_train,orbit,train,70.7,211.7,1.62,12,scatter,0,0.978,0,1,0
orbit_train,orbit,train,55.7,45.5,2.18,53,crowd,0,0.739,0,1,0
orbit_train,orbit,train,66.4,167.3,1.3,5,as built,1,0.858,0,0,0
orbit_train,orbit,train,48.6,52.0,2.52,4,cluster,1,0.997,0,0,1
orbit_train,orbit,train,52.7,118.7,2.33,6,scatter,1,1.129,0,0,0
orbit_train,orbit,train,37.4,244.0,2.35,34,scatter,0,1.213,0,0,0
orbit_train,orbit,train,36.1,233.9,1.08,14,rows,0,1.123,0,1,0
orbit_train,orbit,train,87.2,260.6,1.94,36,scatter,0,0.959,0,0,1
orbit_train,orbit,train,67.8,251.0,1.86,3,scatter,1,0.808,0,0,1
orbit_train,orbit,train,55.6,62.8,1.67,35,scatter,1,1.374,0,0,0
orbit_train,orbit,train,77.4,81.2,1.62,59,crowd,1,1.006,0,0,0
orbit_train,orbit,train,66.4,272.2,1.46,38,clusters,1,1.068,0,1,0
orbit_train,orbit,train,42.7,34.6,1.07,11,cluster,0,0.557,0,0,0
orbit_train,orbit,train,50.1,288.1,2.2,39,crowd,0,1.186,0,0,0
orbit_train,orbit,train,41.9,275.6,1.07,30,clusters,0,1.127,0,1,0
orbit_train,orbit,train,76.5,263.1,1.41,10,as built,1,1.005,0,1,0
orbit_train,orbit,train,60.5,54.8,1.68,41,clusters,1,1.134,0,0,0
orbit_train,orbit,train,41.2,145.6,2.12,5,scatter,0,1.237,0,0,0
orbit_train,orbit,train,49.8,44.4,2.3,23,cluster,1,0.602,0,0,0
orbit_train,orbit,train,36.2,349.2,2.61,59,crowd,0,0.617,0,0,1
orbit_train,orbit,train,67.0,129.5,2.09,50,scatter,0,0.625,0,1,1
orbit_train,orbit,train,81.8,93.1,1.28,7,scatter,1,0.617,0,0,0
orbit_train,orbit,train,33.7,21.6,2.61,38,clusters,1,1.316,0,1,0
orbit_train,orbit,train,36.1,177.8,1.22,17,rows,1,0.615,0,0,0
orbit_train,orbit,train,82.4,18.4,1.69,7,scatter,0,1.431,0,0,0
orbit_train,orbit,train,73.6,228.5,1.98,3,scatter,0,0.942,0,0,1
orbit_train,orbit,train,44.3,125.0,1.28,24,rows,1,1.356,0,0,0
orbit_train,orbit,train,47.4,38.0,2.11,10,scatter,1,1.247,0,1,0
orbit_train,orbit,train,81.4,229.2,1.93,9,as built,1,1.242,0,0,1
orbit_train,orbit,train,38.5,8.3,2.75,57,scatter,0,0.624,0,1,0
orbit_train,orbit,train,42.0,74.1,2.19,17,clusters,0,1.444,0,0,0
orbit_train,orbit,train,53.1,141.5,2.33,44,scatter,1,1.23,0,0,0
orbit_train,orbit,train,45.8,353.5,1.03,9,scatter,0,1.34,0,0,0
orbit_train,orbit,train,78.7,127.5,1.45,10,scatter,1,1.398,0,1,0
orbit_train,orbit,train,79.2,55.4,1.3,15,scatter,1,1.302,0,0,0
orbit_train,orbit,train,56.5,247.8,1.29,12,scatter,0,0.725,0,1,0
orbit_train,orbit,train,58.5,352.1,1.06,4,scatter,1,0.614,0,0,0
orbit_train,orbit,train,86.3,297.5,1.34,1,scatter,1,0.701,0,0,0
orbit_train,orbit,train,56.5,297.9,1.11,2,as built,1,0.735,0,0,0
orbit_train,orbit,train,71.8,105.1,1.64,35,scatter,0,1.417,0,1,0
orbit_train,orbit,train,34.3,164.8,1.75,21,scatter,1,1.288,0,0,0
orbit_train,orbit,train,31.6,331.5,2.77,45,crowd,0,1.009,0,1,1
orbit_train,orbit,train,71.2,306.8,1.67,31,rows,1,1.019,0,0,0
orbit_train,orbit,train,81.8,268.7,1.88,31,crowd,0,0.631,0,1,1
orbit_train,orbit,train,73.2,186.7,1.72,5,scatter,0,0.72,0,0,0
orbit_train,orbit,train,65.0,211.6,1.29,1,scatter,1,0.948,0,1,0
orbit_train,orbit,train,38.7,6.0,2.72,12,crowd,1,1.367,0,0,0
orbit_train,orbit,train,83.3,15.8,1.28,2,scatter,1,1.248,0,1,0
orbit_train,orbit,train,80.9,295.4,1.7,21,clusters,1,0.631,0,0,0
orbit_train,orbit,train,37.1,224.1,2.81,56,rows,1,0.7,0,1,0
orbit_train,orbit,train,50.9,335.4,1.74,9,scatter,0,0.85,0,0,0
orbit_train,orbit,train,50.0,184.2,1.38,7,scatter,1,1.089,0,1,0
orbit_train,orbit,train,36.8,204.5,2.98,9,as built,1,0.871,0,0,0
orbit_train,orbit,train,59.6,306.4,1.82,28,cluster,1,0.817,0,0,0
orbit_train,orbit,train,79.1,245.6,1.48,4,scatter,0,0.998,0,0,0
orbit_train,orbit,train,72.7,14.7,1.21,4,scatter,1,0.696,0,0,0
orbit_train,orbit,train,85.7,192.0,1.44,31,scatter,1,0.931,0,0,0
orbit_train,orbit,train,47.2,294.0,1.25,4,scatter,1,0.85,0,0,0
orbit_train,orbit,train,50.9,228.0,1.89,12,cluster,0,1.099,0,0,0
orbit_train,orbit,train,77.0,147.2,1.37,11,scatter,1,0.891,0,0,0
orbit_train,orbit,train,80.7,91.9,1.15,10,rows,1,1.316,0,0,0
orbit_train,orbit,train,39.2,90.9,1.49,11,scatter,1,0.582,0,1,0
orbit_train,orbit,train,70.1,20.6,1.02,2,scatter,0,1.038,0,1,0
orbit_train,orbit,train,73.2,210.8,1.65,46,scatter,1,0.882,0,0,0
orbit_train,orbit,train,69.7,139.3,1.67,7,as built,0,0.988,0,0,0
orbit_train,orbit,train,32.2,270.1,2.27,6,scatter,1,1.141,0,0,0
orbit_train,orbit,train,33.5,261.4,3.0,16,cluster,1,1.028,0,0,1
orbit_train,orbit,train,83.7,148.0,1.58,37,crowd,1,1.012,0,1,0
orbit_train,orbit,train,47.7,217.2,2.25,6,cluster,0,0.597,0,0,0
orbit_train,orbit,train,73.2,346.4,1.74,5,cluster,1,0.644,0,0,0
orbit_train,orbit,train,49.4,169.6,1.42,5,cluster,1,0.65,0,0,0
orbit_train,orbit,train,38.9,131.3,1.64,26,scatter,0,1.353,0,0,0
orbit_train,orbit,train,67.8,216.1,1.1,44,clusters,0,0.909,0,0,0
orbit_train,orbit,train,83.3,29.6,1.7,27,cluster,1,0.95,0,0,0
orbit_train,orbit,train,72.1,98.0,1.71,3,scatter,1,1.192,0,0,0
orbit_train,orbit,train,68.9,70.7,1.57,8,scatter,1,0.954,0,1,0
orbit_train,orbit,train,34.2,144.2,1.63,28,crowd,1,0.919,0,0,0
orbit_train,orbit,train,74.1,54.2,1.34,4,as built,1,0.779,0,0,0
orbit_train,orbit,train,64.1,35.7,1.67,33,clusters,1,1.315,0,0,0
orbit_train,orbit,train,76.6,58.0,1.71,14,as built,1,1.323,0,1,0
orbit_train,orbit,train,53.8,166.9,1.64,7,scatter,1,1.223,0,0,0
orbit_train,orbit,train,45.6,356.0,2.52,29,scatter,0,1.156,0,0,1
orbit_train,orbit,train,40.5,267.7,2.36,38,scatter,1,1.312,0,0,0
orbit_train,orbit,train,72.8,185.7,1.36,13,clusters,1,1.129,0,1,0
orbit_train,orbit,train,74.6,207.4,1.24,16,scatter,1,1.387,0,0,0
orbit_train,orbit,train,57.3,152.6,1.45,49,clusters,0,1.12,0,0,0
orbit_train,orbit,train,31.9,113.2,1.11,11,crowd,1,0.997,0,1,0
orbit_train,orbit,train,80.2,156.0,1.69,4,scatter,0,0.962,0,0,0
orbit_train,orbit,train,39.0,279.3,2.95,18,as built,1,0.824,0,1,0
orbit_train,orbit,train,38.6,141.7,2.28,10,clusters,1,0.848,0,1,0
orbit_train,orbit,train,76.5,144.3,1.33,3,scatter,1,1.351,0,0,0
orbit_train,orbit,train,83.8,76.9,1.6,59,crowd,1,0.856,0,0,0
orbit_train,orbit,train,30.2,181.4,3.47,40,clusters,1,0.852,0,1,0
orbit_train,orbit,train,54.2,72.9,1.11,13,cluster,0,0.798,0,0,0
orbit_train,orbit,train,36.2,178.3,2.85,14,as built,1,0.718,0,0,0
orbit_train,orbit,train,46.2,319.1,1.2,18,clusters,1,0.761,0,1,0
orbit_train,orbit,train,30.1,334.1,3.19,14,cluster,1,0.658,0,0,0
orbit_train,orbit,train,74.2,127.9,1.14,11,rows,0,1.271,0,0,0
orbit_train,orbit,train,48.6,310.9,2.29,12,scatter,1,0.877,0,0,0
orbit_train,orbit,train,82.1,187.6,1.64,7,scatter,1,0.953,0,0,0
orbit_train,orbit,train,55.0,231.1,1.24,13,scatter,1,0.641,0,1,0
orbit_train,orbit,train,73.8,292.0,1.1,9,clusters,0,0.803,0,0,0
orbit_train,orbit,train,49.6,58.1,1.59,12,as built,1,1.194,0,1,0
orbit_train,orbit,train,69.9,345.8,1.27,25,clusters,1,1.273,0,1,0
orbit_train,orbit,train,37.2,344.6,2.4,54,clusters,1,0.758,0,0,0
orbit_train,orbit,train,62.2,58.6,1.49,24,rows,1,1.409,0,0,0
orbit_train,orbit,train,36.3,92.1,1.11,18,rows,1,0.657,0,1,0
orbit_train,orbit,train,46.1,347.8,1.04,16,scatter,1,0.812,0,0,0
orbit_train,orbit,train,35.3,69.8,3.01,19,as built,1,1.194,0,0,0
orbit_train,orbit,train,82.6,332.4,1.47,8,as built,1,0.599,0,0,0
orbit_train,orbit,train,64.2,85.0,1.98,67,rows,0,0.655,0,1,1
orbit_train,orbit,train,39.4,192.5,1.85,25,crowd,0,1.361,0,0,0
orbit_train,orbit,train,39.3,340.4,1.24,20,scatter,1,0.664,0,1,0
orbit_train,orbit,train,60.0,333.6,1.8,2,rows,0,0.98,0,0,1
orbit_train,orbit,train,60.2,48.9,1.75,1,scatter,0,0.762,0,0,0
orbit_train,orbit,train,77.1,68.2,1.28,28,crowd,1,0.755,0,0,0
orbit_train,orbit,train,59.4,206.8,1.77,1,as built,1,0.956,0,0,0
orbit_train,orbit,train,66.7,186.8,1.26,5,as built,1,0.902,0,1,0
orbit_train,orbit,train,38.6,2.0,2.8,12,scatter,1,0.598,0,1,0
orbit_train,orbit,train,39.3,192.8,1.65,23,scatter,1,0.773,0,1,0
orbit_train,orbit,train,37.2,261.1,1.54,8,scatter,1,0.73,0,1,0
orbit_train,orbit,train,55.0,346.4,1.44,10,scatter,1,0.695,0,0,0
orbit_train,orbit,train,56.4,114.5,1.28,11,scatter,1,0.685,0,0,0
orbit_train,orbit,train,58.2,57.2,1.66,31,crowd,0,0.942,0,0,0
orbit_train,orbit,train,68.4,340.9,1.24,22,clusters,1,1.29,0,0,0
orbit_train,orbit,train,41.3,160.7,2.56,21,scatter,1,1.324,0,0,0
orbit_train,orbit,train,81.0,253.6,1.05,11,clusters,0,0.656,0,0,0
orbit_train,orbit,train,74.2,267.9,1.57,11,scatter,1,0.562,0,0,0
orbit_train,orbit,train,53.8,115.8,2.1,12,crowd,1,0.765,0,1,0
orbit_train,orbit,train,86.8,214.4,1.32,13,rows,0,0.909,0,0,0
orbit_train,orbit,train,75.6,291.7,1.52,16,clusters,0,1.1,0,1,0
orbit_train,orbit,train,32.3,311.2,1.77,8,cluster,1,1.432,0,1,0
orbit_train,orbit,train,37.1,260.7,1.03,1,scatter,1,0.57,0,1,0
orbit_train,orbit,train,51.4,309.3,1.35,15,scatter,0,0.929,0,0,0
orbit_train,orbit,train,75.3,256.6,1.68,6,scatter,0,0.869,0,0,0
orbit_train,orbit,train,76.6,286.0,1.19,44,crowd,1,0.761,0,0,0
orbit_train,orbit,train,74.9,232.2,1.29,2,cluster,0,0.991,0,0,0
orbit_train,orbit,train,51.8,170.2,1.44,9,rows,1,1.164,0,0,0
orbit_train,orbit,train,63.0,154.1,1.64,43,rows,1,0.555,0,1,0
orbit_train,orbit,train,72.7,242.6,1.29,7,scatter,0,1.079,0,0,0
orbit_train,orbit,train,58.7,336.7,1.3,32,crowd,1,1.056,0,0,0
orbit_train,orbit,train,31.0,25.5,2.11,23,as built,1,1.113,0,0,0
orbit_train,orbit,train,41.9,93.5,2.38,6,scatter,1,1.205,0,0,0
orbit_train,orbit,train,67.4,192.9,1.64,2,cluster,1,0.646,0,1,0
orbit_train,orbit,train,73.6,130.5,1.26,22,scatter,0,1.41,0,0,0
orbit_train,orbit,train,45.6,82.0,1.67,2,scatter,0,1.219,0,1,0
orbit_train,orbit,train,71.5,330.3,1.53,11,cluster,0,0.602,0,0,0
orbit_train,orbit,train,70.6,335.7,1.63,5,scatter,0,1.092,0,0,0
orbit_train,orbit,train,74.4,280.2,1.19,32,crowd,1,0.995,0,0,0
orbit_train,orbit,train,48.8,27.4,1.18,8,scatter,0,1.118,0,1,0
orbit_train,orbit,train,65.1,260.0,1.17,7,scatter,1,0.913,0,0,0
orbit_train,orbit,train,37.1,292.9,2.5,34,scatter,0,0.825,0,0,0
orbit_train,orbit,train,52.0,108.2,2.04,41,crowd,1,1.401,0,0,0
orbit_train,orbit,train,75.3,56.3,1.55,7,cluster,1,1.278,0,0,0
orbit_train,orbit,train,52.6,99.4,2.23,7,scatter,1,1.05,0,0,0
orbit_train,orbit,train,36.8,285.0,1.45,20,cluster,1,0.921,0,1,0
orbit_train,orbit,train,53.7,257.7,1.67,20,clusters,1,0.573,0,0,0
orbit_train,orbit,train,32.5,241.2,1.03,6,scatter,0,1.252,0,0,0
orbit_train,orbit,train,51.4,336.3,1.26,17,scatter,0,1.227,0,0,0
orbit_train,orbit,train,41.0,31.4,2.62,28,cluster,1,0.776,0,0,0
orbit_train,orbit,train,72.6,82.1,1.75,29,scatter,0,1.05,0,1,0
orbit_train,orbit,train,68.6,194.5,1.29,6,scatter,1,0.945,0,1,0
orbit_train,orbit,train,49.9,177.5,1.83,17,scatter,1,1.145,0,1,0
orbit_train,orbit,train,33.3,353.9,1.18,7,scatter,1,1.145,0,0,0
orbit_train,orbit,train,65.6,90.4,1.74,8,as built,1,1.407,0,0,0
orbit_train,orbit,train,61.4,7.8,1.94,4,scatter,1,0.909,0,0,1
orbit_train,orbit,train,67.8,15.1,1.53,4,scatter,0,0.9,0,0,0
orbit_train,orbit,train,41.1,206.5,2.25,69,clusters,0,1.395,0,1,0
orbit_train,orbit,train,83.4,272.4,1.65,21,rows,0,0.856,0,0,0
orbit_train,orbit,train,35.0,142.8,2.34,6,clusters,1,0.752,0,0,0
orbit_train,orbit,train,34.0,203.0,2.85,13,scatter,1,0.928,0,1,0
orbit_train,orbit,train,43.6,167.9,1.39,12,clusters,1,1.009,0,0,0
orbit_train,orbit,train,78.5,353.5,1.66,3,cluster,1,1.28,0,1,0
orbit_train,orbit,train,50.2,97.9,1.5,40,crowd,1,1.054,0,0,0
orbit_train,orbit,train,38.5,300.0,1.55,72,crowd,1,1.137,0,1,0
orbit_train,orbit,train,59.3,276.3,1.94,17,rows,1,1.001,0,1,0
orbit_train,orbit,train,43.3,48.2,2.7,11,scatter,1,0.922,0,1,0
orbit_train,orbit,train,51.7,25.8,1.74,14,cluster,1,0.882,0,1,0
orbit_train,orbit,train,61.2,328.8,1.04,22,rows,0,1.374,0,1,0
orbit_train,orbit,train,32.0,157.0,1.76,45,rows,1,1.231,0,1,0
orbit_train,orbit,train,83.6,62.0,1.7,20,cluster,1,1.434,0,0,0
orbit_train,orbit,train,56.6,258.8,2.27,23,clusters,1,0.796,0,0,0
orbit_train,orbit,train,46.4,279.2,1.42,74,crowd,1,0.59,0,0,0
orbit_train,orbit,train,33.7,70.5,1.17,5,scatter,0,0.921,0,0,0
orbit_train,orbit,train,54.2,105.8,2.21,6,scatter,1,1.06,0,0,0
orbit_train,orbit,train,82.5,324.6,1.77,34,clusters,1,0.812,0,0,1
orbit_train,orbit,train,55.3,33.2,2.21,31,crowd,1,1.397,0,0,0
orbit_train,orbit,train,59.4,356.3,1.56,37,scatter,1,1.264,0,1,0
orbit_train,orbit,train,32.4,93.8,1.63,33,crowd,0,0.841,0,1,0
orbit_train,orbit,train,75.4,17.7,1.08,4,scatter,1,1.341,0,0,0
orbit_train,orbit,train,76.4,179.9,1.68,5,cluster,1,1.092,0,0,0
orbit_train,orbit,train,34.5,132.7,2.89,32,scatter,1,0.817,0,0,0
orbit_train,orbit,train,40.2,125.0,2.02,6,cluster,1,1.279,0,0,0
orbit_train,orbit,train,40.5,11.1,1.89,19,scatter,0,1.054,0,1,0
orbit_train,orbit,train,69.1,66.5,1.72,15,scatter,1,1.301,0,0,0
orbit_train,orbit,train,74.6,125.8,1.12,37,rows,0,1.304,0,1,0
orbit_train,orbit,train,41.9,353.2,2.46,49,clusters,1,0.652,0,1,0
orbit_train,orbit,train,43.8,251.8,1.21,41,rows,1,0.885,0,1,0
orbit_train,orbit,train,82.1,136.2,1.34,21,clusters,1,0.802,0,0,0
orbit_train,orbit,train,57.6,171.2,1.8,23,scatter,1,0.676,0,1,0
orbit_train,orbit,train,48.9,252.0,1.98,37,scatter,1,1.362,0,0,0
orbit_train,orbit,train,51.0,261.8,2.02,17,clusters,1,0.743,0,0,0
orbit_train,orbit,train,48.2,255.6,1.83,11,scatter,1,0.835,0,0,0
orbit_train,orbit,train,32.7,135.7,1.19,10,cluster,1,1.143,0,1,0
orbit_train,orbit,train,73.0,20.6,1.41,6,scatter,0,0.607,0,0,0
orbit_train,orbit,train,46.6,48.1,1.24,9,clusters,1,1.161,0,0,0
orbit_train,orbit,train,42.8,348.2,2.24,68,scatter,1,1.236,0,0,0
orbit_train,orbit,train,44.4,85.9,2.13,16,clusters,0,1.441,0,1,0
orbit_train,orbit,train,78.0,68.0,1.65,12,scatter,1,1.427,0,0,0
orbit_train,orbit,train,64.4,350.2,1.6,21,scatter,1,1.269,0,0,0
orbit_train,orbit,train,49.4,222.9,2.34,36,clusters,0,0.651,0,1,0
orbit_train,orbit,train,51.3,128.8,2.29,30,scatter,1,0.725,0,0,0
orbit_train,orbit,train,84.3,255.8,1.89,6,as built,0,1.322,0,0,1
orbit_train,orbit,train,81.1,5.7,1.15,19,clusters,1,1.182,0,1,0
orbit_train,orbit,train,44.5,140.8,2.38,17,clusters,1,0.558,0,0,0
orbit_train,orbit,train,61.4,68.4,1.73,4,scatter,0,1.282,0,0,0
orbit_train,orbit,train,78.0,256.9,1.57,47,scatter,1,1.436,0,1,0
orbit_train,orbit,train,49.1,338.1,1.45,28,rows,1,1.327,0,0,0
orbit_train,orbit,train,83.8,66.3,1.45,3,scatter,1,0.868,0,1,0
orbit_train,orbit,train,83.7,163.4,1.7,9,scatter,0,1.287,0,0,0
orbit_train,orbit,train,54.1,307.9,1.78,54,clusters,1,0.935,0,0,0
orbit_train,orbit,train,48.7,22.7,1.64,31,clusters,0,0.555,0,0,0
orbit_train,orbit,train,56.3,126.9,2.01,13,scatter,1,1.433,0,1,0
orbit_train,orbit,train,80.0,27.6,1.45,22,scatter,1,0.718,0,1,0
orbit_train,orbit,train,76.5,298.8,1.07,4,scatter,1,1.446,0,1,0
orbit_train,orbit,train,80.8,309.3,1.21,10,scatter,1,1.357,0,0,0
orbit_train,orbit,train,34.9,45.4,3.22,10,scatter,1,1.365,0,0,0
orbit_train,orbit,train,39.1,182.9,1.08,3,scatter,1,1.11,0,0,0
orbit_train,orbit,train,36.8,91.1,1.03,33,scatter,1,1.211,0,0,0
orbit_train,orbit,train,48.2,340.5,2.41,20,scatter,1,1.329,0,0,0
orbit_train,orbit,train,67.7,36.0,1.76,33,clusters,1,0.849,0,0,1
orbit_train,orbit,train,44.3,67.2,1.13,9,scatter,1,1.267,0,0,0
orbit_train,orbit,train,51.8,131.8,1.25,12,crowd,1,0.647,0,0,0
orbit_train,orbit,train,66.8,23.0,1.99,6,scatter,1,0.59,0,0,1
orbit_train,orbit,train,47.2,230.0,1.38,18,scatter,0,0.576,0,0,0
orbit_train,orbit,train,33.2,34.0,1.22,9,scatter,1,0.901,0,0,0
orbit_train,orbit,train,71.9,95.6,1.23,4,cluster,1,1.177,0,1,0
orbit_train,orbit,train,42.0,77.3,1.59,11,scatter,1,0.913,0,1,0
orbit_train,orbit,train,37.8,168.0,1.59,29,rows,1,1.217,0,1,0
orbit_train,orbit,train,33.6,2.5,1.49,22,cluster,0,0.755,0,0,0
orbit_train,orbit,train,35.1,186.3,1.34,9,scatter,1,0.825,0,0,0
orbit_train,orbit,train,36.8,77.5,2.88,9,scatter,1,0.839,0,0,0
orbit_train,orbit,train,68.2,240.9,1.14,6,scatter,1,0.75,0,1,0
orbit_train,orbit,train,64.2,140.8,1.22,7,clusters,0,1.421,0,1,0
orbit_train,orbit,train,75.5,68.9,1.14,5,scatter,1,1.417,0,0,0
orbit_train,orbit,train,44.8,5.4,1.4,29,scatter,1,1.431,0,0,0
orbit_train,orbit,train,35.1,292.2,2.27,11,scatter,1,0.779,0,1,0
orbit_train,orbit,train,52.4,200.4,2.43,12,as built,0,1.189,0,1,0
orbit_train,orbit,train,32.3,145.5,3.4,27,crowd,1,0.861,0,0,0
orbit_train,orbit,train,38.7,281.5,2.94,59,clusters,1,0.6,0,0,0
orbit_train,orbit,train,75.0,3.2,1.39,25,scatter,1,0.718,0,0,0
orbit_train,orbit,train,63.5,9.5,1.12,1,scatter,1,1.252,0,0,0
orbit_train,orbit,train,75.9,300.9,1.35,36,crowd,1,1.437,0,0,0
orbit_train,orbit,train,31.6,313.8,2.23,30,scatter,0,1.026,0,0,0
orbit_train,orbit,train,74.4,67.6,1.91,15,cluster,1,0.618,0,0,1
orbit_train,orbit,train,42.7,324.2,1.16,14,cluster,1,0.573,0,0,0
orbit_train,orbit,train,31.0,23.5,3.27,15,scatter,1,1.376,0,1,0
orbit_train,orbit,train,78.9,193.7,1.63,22,rows,1,1.229,0,0,0
orbit_train,orbit,train,82.3,1.8,1.7,5,scatter,1,0.958,0,1,0
orbit_train,orbit,train,66.2,70.4,2.08,67,clusters,1,1.26,0,0,1
orbit_train,orbit,train,35.8,235.9,2.79,19,as built,1,0.924,0,0,0
orbit_train,orbit,train,79.0,295.5,1.78,8,cluster,1,0.554,0,0,1
orbit_train,orbit,train,79.7,221.4,1.6,35,clusters,0,1.117,0,1,0
orbit_train,orbit,train,39.6,346.0,1.3,12,clusters,1,1.319,0,0,0
orbit_train,orbit,train,48.6,96.3,1.89,8,scatter,1,1.152,0,1,0
orbit_train,orbit,train,50.6,358.9,1.96,7,crowd,1,1.004,0,0,0
orbit_train,orbit,train,66.9,171.1,1.82,5,scatter,1,1.069,0,0,1
orbit_train,orbit,train,68.9,79.3,2.0,46,clusters,0,1.35,0,0,1
orbit_train,orbit,train,31.2,158.0,1.32,34,rows,0,0.872,0,0,0
orbit_train,orbit,train,30.5,223.3,1.27,14,cluster,0,1.099,0,0,0
orbit_train,orbit,train,61.9,296.8,2.03,3,scatter,1,1.066,0,1,1
orbit_train,orbit,train,81.0,141.8,1.36,48,rows,1,0.665,0,0,0
orbit_train,orbit,train,40.9,182.6,2.79,9,cluster,1,0.576,0,0,0
orbit_train,orbit,train,86.5,92.0,1.32,48,scatter,1,1.101,0,0,0
orbit_train,orbit,train,39.3,24.1,1.67,40,clusters,1,0.847,0,0,0
orbit_train,orbit,train,78.9,101.9,1.21,28,crowd,0,0.998,0,0,0
orbit_train,orbit,train,53.9,80.6,1.67,1,cluster,1,1.221,0,0,0
orbit_train,orbit,train,32.7,336.4,2.34,25,scatter,1,0.646,0,0,0
orbit_train,orbit,train,65.5,230.4,1.1,25,scatter,1,0.764,0,1,0
orbit_val,orbit,val,82.9,229.9,1.53,7,scatter,1,1.32,0,0,0
orbit_val,orbit,val,81.2,27.2,1.71,5,cluster,1,1.444,0,0,0
orbit_val,orbit,val,52.0,224.3,2.37,25,cluster,1,0.663,0,1,0
orbit_val,orbit,val,72.7,303.3,1.21,36,crowd,1,0.84,0,0,0
orbit_val,orbit,val,33.3,136.2,1.43,14,as built,0,1.117,0,0,0
orbit_val,orbit,val,38.5,75.9,1.66,33,clusters,1,0.774,0,1,0
orbit_val,orbit,val,37.1,76.9,2.26,14,clusters,0,0.687,0,0,0
orbit_val,orbit,val,55.1,211.1,1.97,12,as built,1,1.06,0,0,0
orbit_val,orbit,val,80.5,209.0,1.52,5,as built,0,1.262,0,0,0
orbit_val,orbit,val,68.1,315.9,1.09,15,scatter,0,0.912,0,0,0
orbit_val,orbit,val,77.8,197.4,1.1,4,crowd,1,1.182,0,1,0
orbit_val,orbit,val,80.3,174.6,1.79,20,rows,1,0.792,0,0,0
orbit_val,orbit,val,64.8,323.1,1.09,31,scatter,0,1.238,0,1,0
orbit_val,orbit,val,53.3,357.1,1.77,13,scatter,1,1.016,0,0,0
orbit_val,orbit,val,60.1,280.6,1.13,16,cluster,1,1.208,0,1,0
orbit_val,orbit,val,76.6,350.6,1.22,1,cluster,1,0.678,0,0,0
orbit_val,orbit,val,45.2,95.1,2.42,18,scatter,1,0.793,0,0,0
orbit_val,orbit,val,55.8,62.7,1.62,4,cluster,0,1.426,0,0,0
orbit_val,orbit,val,66.0,78.6,1.46,26,rows,1,0.709,0,0,0
orbit_val,orbit,val,75.6,212.1,1.75,47,crowd,1,1.035,0,0,0
orbit_val,orbit,val,34.2,139.2,2.05,34,scatter,1,1.087,0,0,0
orbit_val,orbit,val,78.3,238.1,1.62,37,rows,1,0.968,0,0,0
orbit_val,orbit,val,52.6,38.7,1.75,2,cluster,1,1.286,0,0,0
orbit_val,orbit,val,45.9,178.9,2.4,16,clusters,0,1.434,0,1,0
orbit_val,orbit,val,66.3,255.3,1.1,2,cluster,1,1.31,0,0,0
orbit_val,orbit,val,77.2,34.1,1.0,5,scatter,1,1.12,0,0,0
orbit_val,orbit,val,57.1,50.0,1.98,14,scatter,0,1.357,0,0,0
orbit_val,orbit,val,32.0,338.7,3.47,29,scatter,1,0.744,0,0,0
orbit_val,orbit,val,60.9,206.4,1.34,38,rows,0,0.964,0,0,0
orbit_val,orbit,val,37.1,205.3,2.64,19,scatter,0,0.791,0,1,0
orbit_val,orbit,val,57.6,256.3,1.03,4,scatter,0,0.819,0,1,0
orbit_val,orbit,val,49.2,126.3,1.17,32,scatter,1,0.557,0,0,0
orbit_val,orbit,val,44.5,290.3,1.71,13,scatter,1,0.622,0,0,0
orbit_val,orbit,val,58.0,194.6,1.19,8,scatter,0,1.15,0,0,0
orbit_val,orbit,val,42.3,350.4,1.27,7,cluster,0,0.574,0,1,0
orbit_val,orbit,val,84.0,1.6,1.2,7,rows,0,0.965,0,1,0
orbit_val,orbit,val,51.1,168.1,1.12,11,scatter,1,1.184,0,0,0
orbit_val,orbit,val,48.3,17.1,1.5,29,crowd,1,1.217,0,0,0
orbit_val,orbit,val,43.3,189.5,1.25,31,clusters,1,1.011,0,0,0
orbit_val,orbit,val,51.9,282.7,1.85,21,rows,0,1.447,0,0,0
orbit_val,orbit,val,83.6,218.4,1.34,12,scatter,1,1.002,0,0,0
orbit_val,orbit,val,58.9,212.7,1.72,53,clusters,1,0.981,0,1,0
orbit_val,orbit,val,57.8,299.3,1.84,12,cluster,1,1.138,0,0,0
orbit_val,orbit,val,60.3,218.7,1.31,55,crowd,0,0.761,0,1,0
orbit_val,orbit,val,45.6,256.7,2.3,41,crowd,1,1.223,0,0,0
orbit_val,orbit,val,77.5,219.6,1.95,7,cluster,1,1.178,0,1,0
orbit_val,orbit,val,57.3,151.5,1.04,8,scatter,1,0.571,0,0,0
orbit_val,orbit,val,36.6,330.6,1.09,16,scatter,1,0.949,0,0,0
orbit_val,orbit,val,53.4,30.1,1.83,13,scatter,0,0.845,0,0,0
orbit_val,orbit,val,52.3,231.6,1.69,2,scatter,1,1.071,0,1,0
orbit_val,orbit,val,54.1,137.7,1.78,5,scatter,1,0.875,0,1,0
orbit_val,orbit,val,44.5,198.0,1.3,9,as built,1,0.883,0,0,0
orbit_val,orbit,val,37.9,225.3,1.85,19,cluster,0,0.646,0,0,0
orbit_val,orbit,val,45.6,10.0,1.05,16,clusters,1,0.863,0,0,0
orbit_val,orbit,val,41.9,35.6,2.81,13,cluster,0,1.169,0,1,0
orbit_val,orbit,val,31.4,276.4,1.52,3,scatter,1,1.091,0,0,0
orbit_val,orbit,val,34.2,162.3,2.61,14,crowd,0,0.616,0,1,0
orbit_val,orbit,val,30.3,188.4,3.08,19,as built,1,0.936,0,0,0
orbit_val,orbit,val,74.3,339.1,1.52,30,scatter,1,1.009,0,0,0
orbit_val,orbit,val,33.4,279.2,1.34,3,cluster,1,1.427,0,0,0
orbit_val,orbit,val,46.2,270.3,2.22,13,as built,1,1.216,0,0,0
orbit_val,orbit,val,43.9,173.7,1.21,3,scatter,0,0.629,0,0,0
orbit_val,orbit,val,65.3,290.7,1.62,6,scatter,1,1.15,0,0,0
orbit_val,orbit,val,42.4,158.8,2.7,48,crowd,1,0.802,0,0,0
orbit_val,orbit,val,82.3,271.7,1.71,41,clusters,1,1.183,0,0,0
orbit_val,orbit,val,73.8,80.3,1.5,4,scatter,1,0.972,0,0,0
orbit_val,orbit,val,74.9,73.6,1.93,6,scatter,1,0.657,0,0,0
orbit_val,orbit,val,85.8,130.1,1.9,9,rows,0,0.707,0,0,0
orbit_val,orbit,val,42.8,163.6,1.01,17,clusters,0,1.03,0,0,0
orbit_val,orbit,val,65.2,260.5,1.36,19,cluster,1,0.99,0,0,0
orbit_val,orbit,val,53.8,194.5,1.6,18,scatter,1,0.906,0,0,0
orbit_val,orbit,val,48.2,146.5,1.76,8,scatter,1,1.388,0,0,0
orbit_val,orbit,val,52.8,141.2,2.22,15,cluster,1,0.554,0,1,0
orbit_val,orbit,val,52.6,334.4,2.33,22,clusters,1,1.422,0,1,0
orbit_val,orbit,val,84.4,76.8,1.42,5,scatter,1,0.562,0,0,0
orbit_val,orbit,val,39.1,310.2,1.82,25,crowd,1,1.232,0,1,0
orbit_val,orbit,val,55.4,18.1,1.16,26,scatter,1,1.436,0,0,0
orbit_val,orbit,val,75.1,31.3,1.88,40,crowd,1,1.073,0,1,0
orbit_val,orbit,val,56.4,42.7,2.06,10,cluster,1,0.886,0,0,0
orbit_val,orbit,val,52.2,159.3,2.12,31,rows,0,0.706,0,0,0
orbit_val,orbit,val,74.9,343.4,1.46,6,as built,0,0.639,0,0,0
orbit_val,orbit,val,49.6,326.2,2.51,52,clusters,0,1.375,0,1,0
orbit_val,orbit,val,46.6,112.9,2.25,38,crowd,1,1.408,0,0,0
orbit_val,orbit,val,41.5,334.1,1.9,15,scatter,0,0.598,0,1,0
orbit_val,orbit,val,34.6,33.2,1.96,25,scatter,1,0.574,0,0,0
orbit_val,orbit,val,52.4,267.7,2.39,14,scatter,1,1.079,0,0,0
orbit_val,orbit,val,30.3,299.3,1.49,30,cluster,0,1.23,0,0,0
orbit_val,orbit,val,36.6,55.4,1.43,4,scatter,0,0.617,0,0,0
orbit_val,orbit,val,51.1,228.7,1.74,46,clusters,1,1.173,0,0,0
orbit_val,orbit,val,58.1,279.2,2.15,53,crowd,1,1.447,0,0,0
orbit_val,orbit,val,79.3,105.9,1.11,33,clusters,0,1.122,0,0,0
orbit_val,orbit,val,81.3,0.3,1.44,12,scatter,0,1.119,0,0,0
orbit_val,orbit,val,66.9,142.3,1.75,2,clusters,1,0.971,0,0,0
orbit_val,orbit,val,73.1,144.6,1.57,9,scatter,1,1.077,0,0,0
orbit_val,orbit,val,67.1,204.4,1.46,11,rows,1,1.06,0,1,0
orbit_val,orbit,val,34.3,152.0,2.39,18,scatter,1,1.325,0,0,0
orbit_val,orbit,val,52.8,145.7,2.01,67,rows,1,0.671,0,0,0
orbit_val,orbit,val,44.1,206.9,2.56,7,scatter,1,0.708,0,0,0
orbit_val,orbit,val,87.8,281.1,1.66,19,scatter,0,0.6,0,0,0
orbit_val,orbit,val,41.4,40.4,1.85,64,clusters,0,1.272,0,0,0
orbit_val,orbit,val,65.3,357.0,1.87,34,crowd,0,0.931,0,0,0
orbit_val,orbit,val,65.8,136.9,1.34,2,cluster,0,0.902,0,1,0
orbit_val,orbit,val,56.5,220.8,1.12,4,cluster,1,1.169,0,0,0
orbit_val,orbit,val,72.7,240.1,1.15,2,cluster,1,0.802,0,0,0
orbit_val,orbit,val,49.8,239.2,1.9,7,clusters,1,0.934,0,1,0
orbit_val,orbit,val,71.7,279.0,2.03,42,clusters,1,1.285,0,1,0
orbit_val,orbit,val,38.9,3.5,2.73,53,scatter,1,0.955,0,0,0
orbit_val,orbit,val,32.2,118.8,1.86,6,scatter,1,1.023,0,1,0
orbit_val,orbit,val,61.3,209.5,1.02,2,scatter,1,1.245,0,0,0
orbit_val,orbit,val,55.3,250.6,1.16,18,scatter,0,0.846,0,1,0
orbit_val,orbit,val,30.5,23.7,1.29,11,scatter,0,0.915,0,0,0
orbit_val,orbit,val,76.3,206.7,1.89,12,cluster,0,0.64,0,0,0
orbit_val,orbit,val,56.9,206.2,1.05,9,as built,1,1.058,0,0,0
orbit_val,orbit,val,86.0,153.4,1.44,33,clusters,1,1.343,0,1,0
orbit_val,orbit,val,40.8,126.7,1.31,11,scatter,1,1.327,0,0,0
orbit_val,orbit,val,34.3,215.8,1.11,4,cluster,1,1.332,0,1,0
orbit_val,orbit,val,64.0,111.1,1.53,54,crowd,1,1.335,0,0,0
orbit_val,orbit,val,32.4,120.4,2.65,10,scatter,1,0.93,0,1,0
orbit_val,orbit,val,78.0,257.4,1.68,26,clusters,1,1.26,0,0,0
orbit_val,orbit,val,33.8,183.6,3.13,13,as built,1,0.778,0,0,0
orbit_val,orbit,val,31.9,10.0,2.4,20,cluster,0,1.358,0,1,0
orbit_val,orbit,val,46.0,16.8,1.04,7,as built,0,1.271,0,0,0
orbit_val,orbit,val,66.4,305.2,1.83,33,clusters,1,1.369,0,1,0
orbit_val,orbit,val,69.3,73.9,1.02,1,scatter,1,1.101,0,0,0
orbit_val,orbit,val,82.2,236.1,1.33,37,crowd,0,0.641,0,0,0
orbit_val,orbit,val,73.3,114.4,1.77,28,scatter,0,0.907,0,0,0
orbit_val,orbit,val,35.4,305.0,1.39,17,as built,1,0.747,0,0,0
orbit_val,orbit,val,40.0,27.2,1.33,6,as built,0,1.124,0,1,0
orbit_val,orbit,val,75.8,258.5,1.0,21,rows,0,0.667,0,0,0
orbit_val,orbit,val,72.0,299.1,1.5,14,crowd,1,0.736,0,1,0
orbit_val,orbit,val,72.9,292.5,1.51,43,rows,1,0.94,0,0,0
orbit_val,orbit,val,32.4,162.1,2.66,39,crowd,0,1.362,0,0,0
orbit_val,orbit,val,86.1,92.2,1.14,6,scatter,1,0.861,0,1,0
orbit_val,orbit,val,74.1,143.1,1.29,9,cluster,1,1.002,0,0,0
orbit_val,orbit,val,50.0,218.9,1.23,17,cluster,1,1.222,0,0,0
orbit_val,orbit,val,32.2,178.1,3.0,3,as built,0,1.243,0,0,0
orbit_val,orbit,val,53.3,336.1,1.88,3,scatter,0,0.648,0,0,0
orbit_val,orbit,val,47.6,9.9,1.77,22,cluster,0,1.334,0,1,0
orbit_val,orbit,val,68.2,181.3,1.58,59,crowd,0,1.205,0,1,0
orbit_val,orbit,val,48.7,351.2,2.29,23,scatter,1,0.594,0,0,0
orbit_val,orbit,val,55.1,298.5,1.84,16,cluster,0,1.152,0,0,0
orbit_val,orbit,val,68.1,177.9,1.15,3,cluster,1,0.922,0,1,0
orbit_val,orbit,val,49.3,241.1,1.04,20,scatter,1,0.807,0,1,0
orbit_val,orbit,val,59.2,244.4,1.25,26,scatter,0,0.783,0,0,0
orbit_val,orbit,val,45.5,13.4,2.61,8,as built,1,0.613,0,1,0
orbit_val,orbit,val,45.3,0.3,2.08,3,cluster,0,0.898,0,1,0
orbit_val,orbit,val,51.3,22.4,1.35,31,scatter,1,1.441,0,0,0
orbit_val,orbit,val,77.7,38.5,1.01,2,as built,1,1.399,0,0,0
orbit_val,orbit,val,39.1,355.6,1.49,30,rows,1,0.7,0,0,0
orbit_val,orbit,val,45.0,27.6,2.21,13,scatter,1,0.987,0,0,0
orbit_val,orbit,val,50.3,148.8,1.92,27,clusters,0,0.67,0,1,0
orbit_val,orbit,val,83.7,202.5,1.68,35,rows,1,0.621,0,0,0
orbit_val,orbit,val,34.2,221.2,1.77,3,scatter,1,1.267,0,0,0
orbit_val,orbit,val,51.6,115.6,1.29,7,scatter,0,0.734,0,0,0
orbit_val,orbit,val,82.8,316.8,1.05,4,scatter,1,0.587,0,1,0
orbit_val,orbit,val,84.8,26.2,1.37,5,scatter,1,0.718,0,1,0
orbit_val,orbit,val,79.6,31.7,1.42,11,as built,0,1.199,0,0,0
orbit_val,orbit,val,87.8,1.5,1.16,27,clusters,0,0.579,0,0,0
orbit_val,orbit,val,41.8,232.1,1.03,3,cluster,1,1.351,0,0,0
orbit_val,orbit,val,67.9,322.7,1.64,40,scatter,1,0.6,0,0,0
orbit_val,orbit,val,74.1,253.3,1.2,4,as built,1,0.695,0,0,0
orbit_val,orbit,val,82.6,235.1,1.13,21,rows,1,1.268,0,0,0
orbit_val,orbit,val,76.9,85.4,1.73,25,scatter,1,0.653,0,0,0
orbit_val,orbit,val,35.0,126.6,2.83,51,rows,1,0.805,0,0,0
orbit_val,orbit,val,33.6,101.8,3.06,31,scatter,1,0.788,0,0,0
orbit_val,orbit,val,64.4,327.7,1.24,13,cluster,1,0.738,0,1,0
orbit_val,orbit,val,67.2,178.8,1.53,3,scatter,0,0.822,0,0,0
orbit_val,orbit,val,79.0,337.0,1.61,4,scatter,1,1.115,0,0,0
orbit_val,orbit,val,77.1,268.5,1.49,24,clusters,1,1.411,0,1,0
orbit_val,orbit,val,85.2,267.0,1.67,6,scatter,0,0.663,0,0,0
orbit_val,orbit,val,69.6,288.2,1.92,16,scatter,1,0.573,0,1,0
orbit_val,orbit,val,84.5,154.8,1.31,59,crowd,1,1.295,0,0,0
orbit_val,orbit,val,67.8,65.2,1.7,8,scatter,1,1.173,0,0,0
orbit_val,orbit,val,55.4,175.6,2.07,60,crowd,0,0.677,0,0,0
orbit_val,orbit,val,37.4,333.8,3.01,48,crowd,0,0.952,0,0,0
orbit_val,orbit,val,75.1,314.1,1.83,7,cluster,0,1.374,0,1,0
orbit_val,orbit,val,73.0,10.5,1.85,2,cluster,1,0.9,0,0,0
orbit_val,orbit,val,81.3,67.8,1.23,14,scatter,1,1.358,0,0,0
orbit_val,orbit,val,59.4,245.4,1.04,22,scatter,1,0.784,0,1,0
orbit_val,orbit,val,41.9,173.8,1.09,19,scatter,1,0.752,0,0,0
orbit_val,orbit,val,73.3,97.5,1.25,3,rows,0,1.046,0,0,0
orbit_val,orbit,val,42.3,25.5,1.63,11,scatter,1,1.1,0,1,0
orbit_val,orbit,val,37.7,148.5,1.24,20,scatter,1,0.711,0,0,0
orbit_val,orbit,val,32.7,139.7,1.65,1,cluster,1,1.007,0,0,0
orbit_val,orbit,val,79.0,278.5,1.44,14,cluster,1,1.389,0,0,0
orbit_val,orbit,val,76.9,179.0,1.71,4,scatter,0,0.573,0,0,0
orbit_val,orbit,val,36.5,286.7,1.57,11,clusters,1,0.873,0,0,0
orbit_val,orbit,val,80.3,208.9,1.47,10,as built,1,1.255,0,0,0
orbit_val,orbit,val,30.7,101.6,2.01,1,scatter,1,0.87,0,0,0
orbit_val,orbit,val,60.7,28.6,1.27,18,cluster,1,0.778,0,0,0
orbit_val,orbit,val,37.0,276.7,1.48,22,rows,0,1.312,0,0,0
orbit_val,orbit,val,61.9,99.4,1.98,6,scatter,1,1.252,0,1,0
orbit_val,orbit,val,44.1,284.4,2.05,57,rows,0,1.241,0,0,0
orbit_val,orbit,val,53.7,9.5,1.42,5,scatter,1,0.933,0,1,0
orbit_val,orbit,val,73.8,83.3,1.85,40,crowd,1,0.709,0,0,0
orbit_val,orbit,val,75.3,254.7,1.05,6,as built,1,1.197,0,0,0
orbit_val,orbit,val,76.3,238.5,1.92,7,cluster,1,0.987,0,1,0
orbit_val,orbit,val,79.1,66.2,1.48,12,scatter,1,1.443,0,0,0
orbit_val,orbit,val,78.1,101.0,1.51,8,clusters,1,1.445,0,1,0
orbit_val,orbit,val,37.9,114.0,2.26,21,scatter,1,1.204,0,1,0
orbit_val,orbit,val,52.2,15.1,1.97,16,rows,1,1.098,0,0,0
orbit_val,orbit,val,36.2,26.5,2.41,20,scatter,1,0.907,0,0,0
orbit_val,orbit,val,64.4,239.7,1.14,2,scatter,0,0.579,0,0,0
orbit_val,orbit,val,33.6,142.8,1.1,25,scatter,1,0.922,0,0,0
orbit_val,orbit,val,33.2,343.3,1.26,66,rows,1,1.314,0,1,0
orbit_val,orbit,val,45.5,254.0,1.75,16,scatter,1,1.332,0,1,0
orbit_val,orbit,val,56.1,259.9,1.95,11,crowd,1,0.928,0,0,0
orbit_val,orbit,val,83.2,316.0,1.47,23,scatter,1,0.929,0,0,0
orbit_val,orbit,val,74.4,220.4,1.92,4,cluster,1,1.038,0,1,0
orbit_val,orbit,val,47.4,29.9,1.67,6,scatter,0,1.086,0,1,0
orbit_val,orbit,val,65.7,40.3,1.18,6,scatter,1,1.333,0,0,0
orbit_val,orbit,val,34.4,15.9,2.56,23,clusters,0,0.786,0,0,0
orbit_val,orbit,val,54.7,127.9,2.24,47,rows,0,0.836,0,0,0
orbit_val,orbit,val,50.1,265.7,1.17,22,cluster,1,1.402,0,1,0
orbit_val,orbit,val,70.6,178.2,1.6,12,scatter,0,1.037,0,1,0
orbit_val,orbit,val,41.2,222.2,1.19,4,scatter,0,1.0,0,0,0
orbit_val,orbit,val,72.2,85.1,1.57,5,scatter,1,0.638,0,0,0
orbit_val,orbit,val,82.4,230.2,1.23,12,scatter,0,1.357,0,0,0
orbit_val,orbit,val,87.0,103.1,1.63,24,crowd,1,0.985,0,0,0
orbit_val,orbit,val,48.7,53.7,1.74,20,scatter,1,1.077,0,1,0
orbit_val,orbit,val,41.5,359.5,1.4,18,as built,1,0.903,0,1,0
orbit_val,orbit,val,49.8,322.9,1.59,19,crowd,1,1.031,0,1,0
orbit_val,orbit,val,51.1,303.1,2.21,2,rows,1,0.575,0,0,0
orbit_val,orbit,val,53.0,166.1,1.69,13,as built,1,0.771,0,0,0
orbit_val,orbit,val,40.2,215.1,2.73,18,scatter,0,1.037,0,0,0
orbit_val,orbit,val,47.9,91.9,2.19,11,scatter,0,1.416,0,1,0
orbit_val,orbit,val,49.2,130.2,1.42,55,rows,1,1.449,0,0,0
orbit_val,orbit,val,75.1,222.6,1.17,1,scatter,0,1.334,0,0,0
orbit_val,orbit,val,82.2,188.8,1.2,6,scatter,1,1.189,0,1,0
orbit_val,orbit,val,52.3,180.4,1.04,27,rows,0,1.135,0,0,0
orbit_val,orbit,val,34.7,173.9,1.13,22,cluster,1,0.82,0,0,0
orbit_val,orbit,val,45.0,120.7,1.25,4,cluster,1,1.315,0,1,0
orbit_val,orbit,val,52.5,322.6,1.9,24,cluster,0,0.598,0,0,0
orbit_val,orbit,val,35.8,134.5,1.54,7,scatter,0,0.986,0,0,0
orbit_val,orbit,val,55.4,6.7,1.61,14,cluster,1,0.782,0,0,0
orbit_val,orbit,val,46.8,35.2,1.96,25,cluster,1,1.177,0,0,0
orbit_val,orbit,val,56.4,149.5,1.79,10,as built,1,0.931,0,0,0
orbit_val,orbit,val,77.4,337.4,1.43,9,as built,1,0.867,0,1,0
orbit_val,orbit,val,84.4,295.2,1.81,18,cluster,0,1.077,0,1,0
orbit_val,orbit,val,70.4,301.7,1.01,6,scatter,1,0.607,0,0,0
orbit_val,orbit,val,83.8,166.4,1.62,8,scatter,1,1.372,0,0,0
orbit_val,orbit,val,36.8,167.1,1.28,11,cluster,0,0.606,0,0,0
orbit_val,orbit,val,30.7,165.7,1.77,14,scatter,1,0.81,0,0,0
orbit_val,orbit,val,50.9,146.0,1.99,10,scatter,0,1.348,0,0,0
orbit_val,orbit,val,41.4,99.8,2.13,7,scatter,1,0.573,0,0,0
orbit_val,orbit,val,84.6,109.2,1.63,7,crowd,1,0.906,0,0,0
orbit_val,orbit,val,45.4,161.6,1.07,2,scatter,1,1.069,0,0,0
orbit_val,orbit,val,75.0,197.4,1.05,20,clusters,1,0.828,0,0,0
orbit_val,orbit,val,48.1,179.8,1.56,2,cluster,1,1.082,0,0,0
orbit_val,orbit,val,41.7,282.0,1.04,15,rows,1,0.882,0,1,0
orbit_val,orbit,val,55.6,12.5,2.07,15,as built,1,0.867,0,0,0
orbit_val,orbit,val,64.4,319.2,2.06,6,scatter,1,0.898,0,0,0
orbit_val,orbit,val,30.9,354.1,1.34,28,rows,1,0.628,0,0,0
orbit_val,orbit,val,31.6,263.2,1.26,23,clusters,1,0.838,0,0,0
orbit_val,orbit,val,42.5,162.3,1.93,30,crowd,1,1.228,0,0,0
orbit_val,orbit,val,87.6,150.4,1.37,7,as built,1,1.089,0,0,0
orbit_val,orbit,val,32.7,117.7,2.98,24,scatter,1,0.751,0,1,0
orbit_val,orbit,val,34.5,219.1,1.01,44,crowd,0,1.128,0,1,0
orbit_val,orbit,val,47.7,285.6,2.05,48,clusters,1,0.797,0,0,0
orbit_val,orbit,val,53.5,26.6,1.08,3,scatter,0,0.638,0,1,0
orbit_val,orbit,val,49.3,99.6,1.85,25,scatter,1,0.833,0,0,0
orbit_val,orbit,val,43.0,222.3,2.71,18,as built,1,0.655,0,0,0
orbit_val,orbit,val,47.0,287.0,1.3,43,scatter,1,0.783,0,0,0
orbit_val,orbit,val,74.8,238.0,1.16,45,rows,0,0.556,0,0,0
orbit_val,orbit,val,85.6,142.8,1.81,10,as built,1,0.845,0,1,0
orbit_val,orbit,val,36.9,245.4,3.14,71,crowd,1,1.238,0,1,0
orbit_val,orbit,val,35.6,193.3,2.19,10,scatter,1,0.819,0,0,0
orbit_val,orbit,val,48.9,279.9,1.09,9,cluster,0,1.216,0,0,0
orbit_val,orbit,val,45.3,181.4,2.34,37,clusters,0,1.143,0,0,0
orbit_val,orbit,val,69.8,125.0,1.86,9,cluster,1,1.381,0,0,0
orbit_val,orbit,val,36.9,205.6,1.17,9,rows,1,0.929,0,0,0
orbit_val,orbit,val,68.0,46.8,1.32,15,cluster,1,0.846,0,1,0
orbit_val,orbit,val,66.9,66.6,1.81,4,cluster,1,1.067,0,0,0
orbit_val,orbit,val,81.6,103.1,1.8,12,scatter,1,1.052,0,0,0
orbit_val,orbit,val,84.8,178.3,1.74,10,scatter,0,0.768,0,0,0
orbit_val,orbit,val,30.7,165.9,3.06,53,crowd,1,0.673,0,1,0
orbit_val,orbit,val,82.3,265.5,1.91,11,scatter,1,1.178,0,0,0
orbit_val,orbit,val,81.6,75.2,1.8,21,rows,1,0.764,0,0,0
orbit_val,orbit,val,76.4,93.7,1.72,16,scatter,1,1.073,0,0,0
orbit_val,orbit,val,68.5,26.6,1.53,19,scatter,0,0.93,0,1,0
orbit_val,orbit,val,31.4,132.1,1.83,14,clusters,1,0.694,0,1,0
orbit_val,orbit,val,67.2,233.5,1.38,28,scatter,0,0.586,0,0,0
orbit_val,orbit,val,56.5,115.2,1.43,31,rows,1,1.0,0,0,0
orbit_val,orbit,val,78.7,259.1,1.25,9,rows,1,1.147,0,0,0
orbit_val,orbit,val,57.0,132.1,2.06,19,scatter,0,0.716,0,0,0
orbit_val,orbit,val,30.8,207.8,2.73,33,clusters,0,1.42,0,0,0
orbit_val,orbit,val,38.3,197.4,1.93,26,cluster,1,0.565,0,0,0
orbit_val,orbit,val,45.2,28.6,1.61,48,scatter,1,1.342,0,0,0
orbit_val,orbit,val,36.1,255.6,2.71,37,clusters,0,1.117,0,0,0
orbit_val,orbit,val,34.0,277.5,1.18,10,rows,1,0.911,0,0,0
orbit_val,orbit,val,34.3,36.4,2.7,29,rows,1,0.91,0,0,0
orbit_val,orbit,val,33.1,57.1,2.04,24,cluster,1,0.947,0,0,0
orbit_val,orbit,val,86.2,42.8,1.53,6,scatter,0,1.204,0,0,0
orbit_val,orbit,val,50.4,34.6,1.66,16,rows,1,1.349,0,0,0
orbit_val,orbit,val,36.0,282.5,1.01,1,as built,1,0.846,0,0,0
orbit_val,orbit,val,41.6,230.4,2.7,16,scatter,1,0.716,0,0,0
orbit_val,orbit,val,69.4,26.0,1.44,37,clusters,1,1.238,0,0,0
orbit_val,orbit,val,63.9,185.8,1.12,3,rows,1,1.195,0,0,0
orbit_val,orbit,val,40.3,99.8,2.87,13,scatter,1,0.648,0,0,0
orbit_val,orbit,val,62.4,161.0,1.2,2,cluster,1,1.111,0,0,0
overhead_test,orbit,test,76.0,280.8,1.51,13,crowd,0,1.0,0,0,0
overhead_test,orbit,test,80.4,63.3,1.5,17,cluster,0,1.0,0,0,0
overhead_test,orbit,test,75.5,314.4,1.42,9,as built,0,1.0,0,0,0
overhead_test,orbit,test,72.8,40.2,1.67,36,crowd,0,1.0,0,0,0
overhead_test,orbit,test,84.1,39.9,1.33,7,as built,0,1.0,0,0,0
overhead_test,orbit,test,74.1,354.2,1.52,8,scatter,0,1.0,0,0,0
overhead_test,orbit,test,71.1,166.5,1.95,7,as built,0,1.0,0,0,0
overhead_test,orbit,test,84.8,181.0,1.84,7,as built,0,1.0,0,0,0
overhead_test,orbit,test,72.6,229.6,1.15,2,scatter,0,1.0,0,0,0
overhead_test,orbit,test,74.1,69.6,1.27,6,scatter,0,1.0,0,0,0
overhead_test,orbit,test,87.7,7.3,1.14,26,cluster,0,1.0,0,0,0
overhead_test,orbit,test,74.7,72.8,1.82,19,clusters,0,1.0,0,0,0
overhead_test,orbit,test,79.7,298.5,1.02,18,crowd,0,1.0,0,0,0
overhead_test,orbit,test,77.1,31.9,1.85,10,scatter,0,1.0,0,0,0
overhead_test,orbit,test,86.3,313.2,1.07,28,clusters,0,1.0,0,0,0
overhead_test,orbit,test,77.6,191.5,1.64,8,as built,0,1.0,0,0,0
overhead_test,orbit,test,81.1,143.3,1.12,5,as built,0,1.0,0,0,0
overhead_test,orbit,test,71.5,0.9,1.09,1,scatter,0,1.0,0,0,0
overhead_test,orbit,test,80.4,283.9,1.78,12,rows,0,1.0,0,0,0
overhead_test,orbit,test,75.4,11.8,1.63,10,scatter,0,1.0,0,0,0
overhead_test,orbit,test,77.1,268.6,1.85,14,scatter,0,1.0,0,0,0
overhead_test,orbit,test,79.3,65.6,1.24,18,cluster,0,1.0,0,0,0
overhead_test,orbit,test,84.4,220.8,1.15,33,rows,0,1.0,0,0,0
overhead_test,orbit,test,76.9,128.6,1.01,24,cluster,0,1.0,0,0,0
overhead_test,orbit,test,78.1,163.9,1.65,8,cluster,0,1.0,0,0,0
overhead_test,orbit,test,85.6,356.0,1.28,46,crowd,0,1.0,0,0,0
overhead_test,orbit,test,87.8,238.7,1.69,18,rows,0,1.0,0,0,0
overhead_test,orbit,test,85.9,214.6,1.61,10,scatter,0,1.0,0,0,0
overhead_test,orbit,test,75.7,327.0,1.05,12,cluster,0,1.0,0,0,0
overhead_test,orbit,test,70.2,32.7,1.51,6,scatter,0,1.0,0,0,0
overhead_test,orbit,test,72.8,334.7,1.14,4,clusters,0,1.0,0,0,0
overhead_test,orbit,test,75.1,95.3,1.9,54,rows,0,1.0,0,0,0
overhead_test,orbit,test,70.9,27.9,1.71,11,scatter,0,1.0,0,0,0
overhead_test,orbit,test,76.7,161.3,1.29,2,cluster,0,1.0,0,0,0
overhead_test,orbit,test,85.2,300.9,1.42,4,cluster,0,1.0,0,0,0
overhead_test,orbit,test,86.8,307.0,1.05,8,scatter,0,1.0,0,0,0
overhead_test,orbit,test,78.9,196.2,1.47,63,crowd,0,1.0,0,0,0
overhead_test,orbit,test,86.9,113.1,1.23,8,as built,0,1.0,0,0,0
overhead_test,orbit,test,81.4,117.3,1.13,12,clusters,0,1.0,0,0,0
overhead_test,orbit,test,74.7,179.8,1.74,10,as built,0,1.0,0,0,0
overhead_test,orbit,test,77.3,137.2,1.82,17,rows,0,1.0,0,0,0
overhead_test,orbit,test,74.7,213.9,1.5,12,scatter,0,1.0,0,0,0
overhead_test,orbit,test,77.0,330.0,1.27,23,rows,0,1.0,0,0,0
overhead_test,orbit,test,72.8,120.1,1.08,10,as built,0,1.0,0,0,0
overhead_test,orbit,test,76.4,77.4,1.43,6,as built,0,1.0,0,0,0
overhead_test,orbit,test,79.6,349.3,1.89,9,as built,0,1.0,0,0,0
overhead_test,orbit,test,76.8,96.5,1.9,9,scatter,0,1.0,0,0,0
overhead_test,orbit,test,84.1,351.8,1.47,13,cluster,0,1.0,0,0,0
overhead_test,orbit,test,75.8,22.2,1.72,6,scatter,0,1.0,0,0,0
overhead_test,orbit,test,76.4,85.5,1.0,23,crowd,0,1.0,0,0,0
overhead_test,orbit,test,76.0,162.8,1.26,3,rows,0,1.0,0,0,0
overhead_test,orbit,test,84.1,231.7,1.49,7,scatter,0,1.0,0,0,0
overhead_test,orbit,test,87.0,311.3,1.73,17,rows,0,1.0,0,0,0
overhead_test,orbit,test,73.7,252.9,1.56,3,scatter,0,1.0,0,0,0
overhead_test,orbit,test,71.5,260.5,1.16,57,scatter,0,1.0,0,0,0
overhead_test,orbit,test,74.4,290.9,1.93,17,as built,0,1.0,0,0,0
overhead_test,orbit,test,85.9,195.8,1.82,54,crowd,0,1.0,0,0,0
overhead_test,orbit,test,87.4,28.7,1.71,11,crowd,0,1.0,0,0,0
overhead_test,orbit,test,77.1,176.1,1.46,59,crowd,0,1.0,0,0,0
overhead_test,orbit,test,81.8,238.3,1.64,12,as built,0,1.0,0,0,0
overhead_test,orbit,test,76.8,236.2,1.16,5,scatter,0,1.0,0,0,0
overhead_test,orbit,test,70.5,160.0,2.02,7,scatter,0,1.0,0,0,0
overhead_test,orbit,test,75.8,46.6,1.11,4,as built,0,1.0,0,0,0
overhead_test,orbit,test,83.5,147.5,1.65,5,as built,0,1.0,0,0,0
overhead_test,orbit,test,77.1,6.9,1.54,14,scatter,0,1.0,0,0,0
overhead_test,orbit,test,81.9,250.5,1.69,1,cluster,0,1.0,0,0,0
overhead_test,orbit,test,70.6,342.7,1.22,27,rows,0,1.0,0,0,0
overhead_test,orbit,test,87.0,63.4,1.72,6,scatter,0,1.0,0,0,0
overhead_test,orbit,test,78.4,153.3,1.22,8,as built,0,1.0,0,0,0
overhead_test,orbit,test,70.3,71.6,1.9,2,cluster,0,1.0,0,0,0
overhead_test,orbit,test,79.4,152.6,1.54,7,scatter,0,1.0,0,0,0
overhead_test,orbit,test,83.4,206.1,1.51,10,cluster,0,1.0,0,0,0
overhead_test,orbit,test,78.5,158.4,1.81,12,as built,0,1.0,0,0,0
overhead_test,orbit,test,85.5,340.0,1.11,4,scatter,0,1.0,0,0,0
overhead_test,orbit,test,72.9,70.8,1.65,11,clusters,0,1.0,0,0,0
overhead_test,orbit,test,87.7,266.9,1.68,13,as built,0,1.0,0,0,0
overhead_test,orbit,test,70.8,68.9,1.34,5,cluster,0,1.0,0,0,0
overhead_test,orbit,test,75.5,210.3,1.29,9,scatter,0,1.0,0,0,0
overhead_test,orbit,test,71.7,121.3,1.27,11,as built,0,1.0,0,0,0
overhead_test,orbit,test,74.0,46.5,1.07,46,rows,0,1.0,0,0,0
overhead_test,orbit,test,75.4,13.2,1.03,4,as built,0,1.0,0,0,0
overhead_test,orbit,test,71.0,80.6,1.17,29,clusters,0,1.0,0,0,0
overhead_test,orbit,test,80.7,92.5,1.82,12,scatter,0,1.0,0,0,0
overhead_test,orbit,test,72.9,285.0,1.12,6,as built,0,1.0,0,0,0
overhead_test,orbit,test,71.0,239.5,1.64,51,rows,0,1.0,0,0,0
overhead_test,orbit,test,86.3,237.8,1.53,14,as built,0,1.0,0,0,0
overhead_test,orbit,test,80.1,237.5,1.6,41,rows,0,1.0,0,0,0
overhead_test,orbit,test,71.5,271.4,1.51,17,cluster,0,1.0,0,0,0
overhead_test,orbit,test,78.9,65.4,1.18,13,crowd,0,1.0,0,0,0
overhead_test,orbit,test,83.1,331.8,1.02,6,scatter,0,1.0,0,0,0
overhead_test,orbit,test,70.7,290.7,1.03,4,scatter,0,1.0,0,0,0
overhead_test,orbit,test,85.5,105.8,1.77,57,crowd,0,1.0,0,0,0
overhead_test,orbit,test,76.0,195.0,1.39,24,clusters,0,1.0,0,0,0
overhead_test,orbit,test,78.6,57.0,1.2,20,crowd,0,1.0,0,0,0
overhead_test,orbit,test,81.9,142.5,1.17,11,clusters,0,1.0,0,0,0
overhead_test,orbit,test,84.7,36.7,1.62,36,crowd,0,1.0,0,0,0
overhead_test,orbit,test,77.4,137.4,1.1,17,crowd,0,1.0,0,0,0
overhead_test,orbit,test,85.6,238.8,1.68,38,rows,0,1.0,0,0,0
overhead_test,orbit,test,77.6,288.7,1.16,4,scatter,0,1.0,0,0,0
overhead_test,orbit,test,73.7,350.8,1.6,3,scatter,0,1.0,0,0,0
overhead_test,orbit,test,75.2,167.1,1.01,3,as built,0,1.0,0,0,0
overhead_test,orbit,test,79.7,325.9,1.45,5,crowd,0,1.0,0,0,0
overhead_test,orbit,test,78.1,107.2,1.26,7,as built,0,1.0,0,0,0
overhead_test,orbit,test,70.5,351.5,1.24,5,as built,0,1.0,0,0,0
overhead_test,orbit,test,87.2,347.8,1.7,9,as built,0,1.0,0,0,0
overhead_test,orbit,test,71.8,172.1,1.43,30,crowd,0,1.0,0,0,0
overhead_test,orbit,test,86.9,195.1,1.32,5,rows,0,1.0,0,0,0
overhead_test,orbit,test,83.7,124.0,1.48,10,scatter,0,1.0,0,0,0
overhead_test,orbit,test,71.7,100.8,1.5,4,as built,0,1.0,0,0,0
overhead_test,orbit,test,78.9,192.7,1.8,3,crowd,0,1.0,0,0,0
overhead_test,orbit,test,75.3,96.9,1.42,9,as built,0,1.0,0,0,0
overhead_test,orbit,test,81.5,34.8,1.67,19,crowd,0,1.0,0,0,0
overhead_test,orbit,test,82.1,121.4,1.24,17,rows,0,1.0,0,0,0
overhead_test,orbit,test,76.8,62.3,1.83,42,scatter,0,1.0,0,0,0
overhead_test,orbit,test,81.4,305.0,1.02,6,as built,0,1.0,0,0,0
overhead_test,orbit,test,75.8,152.2,1.59,55,crowd,0,1.0,0,0,0
overhead_test,orbit,test,78.5,277.5,1.01,9,scatter,0,1.0,0,0,0
overhead_test,orbit,test,70.6,202.2,1.52,5,cluster,0,1.0,0,0,0
overhead_test,orbit,test,76.7,131.5,1.34,4,scatter,0,1.0,0,0,0
overhead_test,orbit,test,74.8,326.0,1.0,4,as built,0,1.0,0,0,0
overhead_test,orbit,test,86.6,145.2,1.13,52,clusters,0,1.0,0,0,0
overhead_test,orbit,test,86.2,299.6,1.21,3,cluster,0,1.0,0,0,0
overhead_test,orbit,test,83.9,261.0,1.2,8,as built,0,1.0,0,0,0
overhead_test,orbit,test,80.8,273.0,1.74,9,as built,0,1.0,0,0,0
overhead_test,orbit,test,73.5,5.3,1.59,11,scatter,0,1.0,0,0,0
overhead_test,orbit,test,77.7,10.5,1.35,58,clusters,0,1.0,0,0,0
overhead_test,orbit,test,84.7,42.4,1.12,10,scatter,0,1.0,0,0,0
overhead_test,orbit,test,86.6,274.0,1.48,7,scatter,0,1.0,0,0,0
overhead_test,orbit,test,87.5,188.5,1.26,3,scatter,0,1.0,0,0,0
overhead_test,orbit,test,72.6,178.1,1.32,38,crowd,0,1.0,0,0,0
overhead_test,orbit,test,74.1,196.0,1.93,65,clusters,0,1.0,0,0,0
overhead_test,orbit,test,75.6,246.7,1.23,9,scatter,0,1.0,0,0,0
overhead_test,orbit,test,79.8,323.3,1.57,30,clusters,0,1.0,0,0,0
overhead_test,orbit,test,74.6,59.2,1.64,28,crowd,0,1.0,0,0,0
overhead_test,orbit,test,77.3,179.1,1.41,7,as built,0,1.0,0,0,0
overhead_test,orbit,test,71.2,228.2,1.98,51,clusters,0,1.0,0,0,0
overhead_test,orbit,test,71.2,235.6,1.87,4,scatter,0,1.0,0,0,0
overhead_test,orbit,test,82.2,283.1,1.5,12,cluster,0,1.0,0,0,0
overhead_test,orbit,test,78.5,39.8,1.55,9,scatter,0,1.0,0,0,0
overhead_test,orbit,test,73.8,286.9,1.38,10,cluster,0,1.0,0,0,0
overhead_test,orbit,test,75.7,333.0,1.7,1,scatter,0,1.0,0,0,0
overhead_test,orbit,test,76.5,192.2,1.04,3,cluster,0,1.0,0,0,0
overhead_test,orbit,test,82.6,320.2,1.83,2,cluster,0,1.0,0,0,0
overhead_test,orbit,test,76.5,181.4,1.18,7,as built,0,1.0,0,0,0
overhead_test,orbit,test,78.1,287.7,1.67,2,scatter,0,1.0,0,0,0
overhead_test,orbit,test,74.1,56.1,1.24,6,as built,0,1.0,0,0,0
overhead_test,orbit,test,71.3,126.9,1.45,3,scatter,0,1.0,0,0,0
overhead_test,orbit,test,79.6,239.0,1.56,9,cluster,0,1.0,0,0,0
overhead_test,orbit,test,76.4,62.6,1.17,14,rows,0,1.0,0,0,0
overhead_test,orbit,test,78.8,177.2,1.62,68,clusters,0,1.0,0,0,0
pattern_orbit_test,orbit,test,74.5,328.9,1.18,6,scatter,0,1.0,0,0,0
pattern_orbit_test,orbit,test,40.7,154.2,2.25,15,crowd,0,1.0,0,0,0
pattern_orbit_test,orbit,test,69.5,67.9,1.14,28,crowd,0,1.0,0,0,0
pattern_orbit_test,orbit,test,74.7,113.0,1.47,27,rows,0,1.0,0,0,0
pattern_orbit_test,orbit,test,40.8,270.0,2.6,41,rows,0,1.0,0,0,0
pattern_orbit_test,orbit,test,32.0,6.4,2.93,52,crowd,0,1.0,0,0,0
pattern_orbit_test,orbit,test,73.6,132.1,1.5,34,clusters,0,1.0,0,0,0
pattern_orbit_test,orbit,test,70.0,16.1,1.75,38,crowd,0,1.0,0,0,0
pattern_orbit_test,orbit,test,32.7,232.0,1.71,51,clusters,0,1.0,0,0,0
pattern_orbit_test,orbit,test,30.0,34.0,3.08,72,rows,0,1.0,0,0,0
pattern_orbit_test,orbit,test,31.9,85.8,3.15,10,scatter,0,1.0,0,0,0
pattern_orbit_test,orbit,test,49.1,265.3,2.38,24,crowd,0,1.0,0,0,0
pattern_orbit_test,orbit,test,35.6,311.8,3.16,32,crowd,0,1.0,0,0,0
pattern_orbit_test,orbit,test,75.7,149.6,1.8,22,rows,0,1.0,0,0,0
pattern_orbit_test,orbit,test,84.3,291.1,1.24,30,rows,0,1.0,0,0,0
pattern_orbit_test,orbit,test,83.4,119.9,1.49,23,crowd,0,1.0,0,0,0
pattern_orbit_test,orbit,test,50.2,120.7,1.4,52,clusters,0,1.0,0,0,0
pattern_orbit_test,orbit,test,84.9,73.3,1.52,55,crowd,0,1.0,0,0,0
pattern_orbit_test,orbit,test,77.4,276.4,1.66,48,clusters,0,1.0,0,0,0
pattern_orbit_test,orbit,test,61.2,55.5,1.07,15,rows,0,1.0,0,0,0
pattern_orbit_test,orbit,test,34.7,199.2,1.56,9,scatter,0,1.0,0,0,0
pattern_orbit_test,orbit,test,40.4,182.5,1.54,18,crowd,0,1.0,0,0,0
pattern_orbit_test,orbit,test,32.8,291.6,1.24,28,crowd,0,1.0,0,0,0
pattern_orbit_test,orbit,test,58.6,251.4,1.53,26,rows,0,1.0,0,0,0
pattern_orbit_test,orbit,test,80.2,255.7,1.41,28,rows,0,1.0,0,0,0
pattern_orbit_test,orbit,test,80.5,77.6,1.42,25,crowd,0,1.0,0,0,0
pattern_orbit_test,orbit,test,40.5,27.8,2.64,37,clusters,0,1.0,0,0,0
pattern_orbit_test,orbit,test,47.1,138.4,1.74,53,crowd,0,1.0,0,0,0
pattern_orbit_test,orbit,test,78.8,129.2,1.48,41,clusters,0,1.0,0,0,0
pattern_orbit_test,orbit,test,39.2,175.0,1.4,52,rows,0,1.0,0,0,0
pattern_orbit_test,orbit,test,44.1,158.0,1.7,7,scatter,0,1.0,0,0,0
pattern_orbit_test,orbit,test,40.0,279.4,1.12,22,crowd,0,1.0,0,0,0
pattern_orbit_test,orbit,test,33.6,164.9,1.31,29,crowd,0,1.0,0,0,0
pattern_orbit_test,orbit,test,49.7,70.4,1.93,25,rows,0,1.0,0,0,0
pattern_orbit_test,orbit,test,40.0,155.7,1.95,37,rows,0,1.0,0,0,0
pattern_orbit_test,orbit,test,62.1,327.8,1.16,22,crowd,0,1.0,0,0,0
pattern_orbit_test,orbit,test,50.8,156.8,2.18,48,clusters,0,1.0,0,0,0
pattern_orbit_test,orbit,test,54.2,240.8,1.01,56,crowd,0,1.0,0,0,0
pattern_orbit_test,orbit,test,37.4,221.3,1.44,42,clusters,0,1.0,0,0,0
pattern_orbit_test,orbit,test,30.9,46.3,2.89,55,rows,0,1.0,0,0,0
pattern_orbit_test,orbit,test,39.3,17.8,1.68,18,scatter,0,1.0,0,0,0
pattern_orbit_test,orbit,test,46.7,317.7,2.56,3,crowd,0,1.0,0,0,0
pattern_orbit_test,orbit,test,31.3,227.2,2.06,29,crowd,0,1.0,0,0,0
pattern_orbit_test,orbit,test,53.8,115.2,1.24,24,rows,0,1.0,0,0,0
pattern_orbit_test,orbit,test,81.3,191.5,1.12,19,rows,0,1.0,0,0,0
pattern_orbit_test,orbit,test,37.0,89.9,1.14,46,crowd,0,1.0,0,0,0
pattern_orbit_test,orbit,test,36.1,193.3,1.08,36,clusters,0,1.0,0,0,0
pattern_orbit_test,orbit,test,47.6,266.8,2.07,54,crowd,0,1.0,0,0,0
pattern_orbit_test,orbit,test,31.4,131.2,1.2,29,clusters,0,1.0,0,0,0
pattern_orbit_test,orbit,test,52.6,66.7,1.11,34,rows,0,1.0,0,0,0
pattern_orbit_test,orbit,test,53.6,80.8,1.43,8,scatter,0,1.0,0,0,0
pattern_orbit_test,orbit,test,49.5,263.8,2.43,24,crowd,0,1.0,0,0,0
pattern_orbit_test,orbit,test,84.8,115.7,1.08,12,crowd,0,1.0,0,0,0
pattern_orbit_test,orbit,test,30.8,189.0,1.95,14,rows,0,1.0,0,0,0
pattern_orbit_test,orbit,test,66.6,259.4,1.13,40,rows,0,1.0,0,0,0
pattern_orbit_test,orbit,test,74.0,313.0,2.0,46,crowd,0,1.0,0,0,0
pattern_orbit_test,orbit,test,47.4,34.2,1.3,31,clusters,0,1.0,0,0,0
pattern_orbit_test,orbit,test,36.9,129.1,2.89,46,crowd,0,1.0,0,0,0
pattern_orbit_test,orbit,test,63.5,244.3,1.22,38,clusters,0,1.0,0,0,0
pattern_orbit_test,orbit,test,52.7,331.4,1.02,34,rows,0,1.0,0,0,0
pattern_orbit_test,orbit,test,72.9,46.2,1.21,12,scatter,0,1.0,0,0,0
pattern_orbit_test,orbit,test,74.5,41.8,1.42,16,crowd,0,1.0,0,0,0
pattern_orbit_test,orbit,test,38.6,337.1,2.0,35,crowd,0,1.0,0,0,0
pattern_orbit_test,orbit,test,37.2,205.3,2.12,21,rows,0,1.0,0,0,0
pattern_orbit_test,orbit,test,37.8,290.2,2.14,41,rows,0,1.0,0,0,0
pattern_orbit_test,orbit,test,50.3,272.0,1.44,46,crowd,0,1.0,0,0,0
pattern_orbit_test,orbit,test,59.4,190.1,1.43,52,clusters,0,1.0,0,0,0
pattern_orbit_test,orbit,test,54.2,160.4,1.85,34,crowd,0,1.0,0,0,0
pattern_orbit_test,orbit,test,30.1,48.7,2.23,39,clusters,0,1.0,0,0,0
pattern_orbit_test,orbit,test,53.9,11.8,1.15,18,rows,0,1.0,0,0,0
pattern_orbit_test,orbit,test,41.9,223.0,1.23,11,scatter,0,1.0,0,0,0
pattern_orbit_test,orbit,test,35.0,71.1,2.54,19,crowd,0,1.0,0,0,0
pattern_orbit_test,orbit,test,31.4,350.6,2.87,35,crowd,0,1.0,0,0,0
pattern_orbit_test,orbit,test,34.8,349.0,1.5,23,rows,0,1.0,0,0,0
pattern_orbit_test,orbit,test,51.8,215.6,1.41,22,rows,0,1.0,0,0,0
pattern_orbit_test,orbit,test,40.5,311.7,2.47,46,crowd,0,1.0,0,0,0
pattern_orbit_test,orbit,test,55.4,257.9,1.23,28,clusters,0,1.0,0,0,0
pattern_orbit_test,orbit,test,63.3,336.5,1.38,23,crowd,0,1.0,0,0,0
pattern_orbit_test,orbit,test,36.0,51.9,2.75,39,clusters,0,1.0,0,0,0
pattern_orbit_test,orbit,test,32.5,322.6,1.53,52,rows,0,1.0,0,0,0
pattern_orbit_test,orbit,test,37.0,9.2,2.26,18,scatter,0,1.0,0,0,0
pattern_orbit_test,orbit,test,39.3,23.3,1.38,18,crowd,0,1.0,0,0,0
pattern_orbit_test,orbit,test,38.7,263.3,2.48,29,crowd,0,1.0,0,0,0
pattern_orbit_test,orbit,test,49.5,175.4,1.82,35,rows,0,1.0,0,0,0
pattern_orbit_test,orbit,test,60.2,58.0,1.45,6,rows,0,1.0,0,0,0
pattern_orbit_test,orbit,test,32.2,278.2,1.29,44,crowd,0,1.0,0,0,0
pattern_orbit_test,orbit,test,61.7,135.9,1.36,49,clusters,0,1.0,0,0,0
pattern_orbit_test,orbit,test,38.0,134.0,1.56,32,crowd,0,1.0,0,0,0
pattern_orbit_test,orbit,test,67.2,192.4,1.89,36,clusters,0,1.0,0,0,0
pattern_orbit_test,orbit,test,49.4,197.9,2.28,52,rows,0,1.0,0,0,0
pattern_orbit_test,orbit,test,46.9,154.7,1.33,12,scatter,0,1.0,0,0,0
pattern_orbit_test,orbit,test,44.1,308.9,1.71,24,crowd,0,1.0,0,0,0
pattern_orbit_test,orbit,test,48.0,151.8,1.79,29,crowd,0,1.0,0,0,0
pattern_orbit_test,orbit,test,41.5,277.4,1.27,13,rows,0,1.0,0,0,0
pattern_orbit_test,orbit,test,73.1,188.5,1.35,25,rows,0,1.0,0,0,0
pattern_orbit_test,orbit,test,79.7,31.5,1.79,46,crowd,0,1.0,0,0,0
pattern_orbit_test,orbit,test,51.6,268.9,1.07,52,clusters,0,1.0,0,0,0
pattern_orbit_test,orbit,test,81.8,198.9,1.71,29,crowd,0,1.0,0,0,0
pattern_orbit_test,orbit,test,32.4,345.5,3.26,56,clusters,0,1.0,0,0,0
pattern_orbit_test,orbit,test,64.5,332.3,1.51,45,rows,0,1.0,0,0,0
pattern_test,rail,test,40.0,270.0,3.26,13,scatter,0,1.0,0,0,0
pattern_test,rail,test,40.0,270.0,3.26,24,crowd,0,1.0,0,0,0
pattern_test,rail,test,40.0,270.0,3.26,29,crowd,0,1.0,0,0,0
pattern_test,rail,test,40.0,270.0,3.26,35,rows,0,1.0,0,0,0
pattern_test,rail,test,40.0,270.0,3.26,41,rows,0,1.0,0,0,0
pattern_test,rail,test,40.0,270.0,3.26,46,crowd,0,1.0,0,0,0
pattern_test,rail,test,40.0,270.0,3.26,52,clusters,0,1.0,0,0,0
pattern_test,rail,test,40.0,270.0,3.26,57,crowd,0,1.0,0,0,0
pattern_test,rail,test,40.0,270.0,3.26,51,clusters,0,1.0,0,0,0
pattern_test,rail,test,40.0,270.0,3.26,68,rows,0,1.0,0,0,0
pattern_test,rail,test,40.0,270.0,3.26,15,scatter,0,1.0,0,0,0
pattern_test,rail,test,40.0,270.0,3.26,24,crowd,0,1.0,0,0,0
pattern_test,rail,test,40.0,270.0,3.26,29,crowd,0,1.0,0,0,0
pattern_test,rail,test,40.0,270.0,3.26,35,rows,0,1.0,0,0,0
pattern_test,rail,test,40.0,270.0,3.26,41,rows,0,1.0,0,0,0
pattern_test,rail,test,40.0,270.0,3.26,46,crowd,0,1.0,0,0,0
pattern_test,rail,test,40.0,270.0,3.26,52,clusters,0,1.0,0,0,0
pattern_test,rail,test,40.0,270.0,3.26,57,crowd,0,1.0,0,0,0
pattern_test,rail,test,40.0,270.0,3.26,49,clusters,0,1.0,0,0,0
pattern_test,rail,test,40.0,270.0,3.26,68,rows,0,1.0,0,0,0
pattern_test,rail,test,40.0,270.0,3.26,15,scatter,0,1.0,0,0,0
pattern_test,rail,test,40.0,270.0,3.26,24,crowd,0,1.0,0,0,0
pattern_test,rail,test,40.0,270.0,3.26,29,crowd,0,1.0,0,0,0
pattern_test,rail,test,40.0,270.0,3.26,35,rows,0,1.0,0,0,0
pattern_test,rail,test,40.0,270.0,3.26,41,rows,0,1.0,0,0,0
pattern_test,rail,test,40.0,270.0,3.26,46,crowd,0,1.0,0,0,0
pattern_test,rail,test,40.0,270.0,3.26,52,clusters,0,1.0,0,0,0
pattern_test,rail,test,40.0,270.0,3.26,57,crowd,0,1.0,0,0,0
pattern_test,rail,test,40.0,270.0,3.26,51,clusters,0,1.0,0,0,0
pattern_test,rail,test,40.0,270.0,3.26,68,rows,0,1.0,0,0,0
pattern_test,rail,test,40.0,270.0,3.26,15,scatter,0,1.0,0,0,0
pattern_test,rail,test,40.0,270.0,3.26,24,crowd,0,1.0,0,0,0
pattern_test,rail,test,40.0,270.0,3.26,29,crowd,0,1.0,0,0,0
pattern_test,rail,test,40.0,270.0,3.26,35,rows,0,1.0,0,0,0
pattern_test,rail,test,40.0,270.0,3.26,41,rows,0,1.0,0,0,0
pattern_test,rail,test,40.0,270.0,3.26,46,crowd,0,1.0,0,0,0
pattern_test,rail,test,40.0,270.0,3.26,52,clusters,0,1.0,0,0,0
pattern_test,rail,test,40.0,270.0,3.26,57,crowd,0,1.0,0,0,0
pattern_test,rail,test,40.0,270.0,3.26,51,clusters,0,1.0,0,0,0
pattern_test,rail,test,40.0,270.0,3.26,68,rows,0,1.0,0,0,0
pattern_test,rail,test,40.0,270.0,3.26,15,scatter,0,1.0,0,0,0
pattern_test,rail,test,40.0,270.0,3.26,24,crowd,0,1.0,0,0,0
pattern_test,rail,test,40.0,270.0,3.26,29,crowd,0,1.0,0,0,0
pattern_test,rail,test,40.0,270.0,3.26,35,rows,0,1.0,0,0,0
pattern_test,rail,test,40.0,270.0,3.26,41,rows,0,1.0,0,0,0
pattern_test,rail,test,40.0,270.0,3.26,46,crowd,0,1.0,0,0,0
pattern_test,rail,test,40.0,270.0,3.26,52,clusters,0,1.0,0,0,0
pattern_test,rail,test,40.0,270.0,3.26,57,crowd,0,1.0,0,0,0
pattern_test,rail,test,40.0,270.0,3.26,51,clusters,0,1.0,0,0,0
pattern_test,rail,test,40.0,270.0,3.26,68,rows,0,1.0,0,0,0
pattern_test,rail,test,40.0,270.0,3.26,15,scatter,0,1.0,0,0,0
pattern_test,rail,test,40.0,270.0,3.26,24,crowd,0,1.0,0,0,0
pattern_test,rail,test,40.0,270.0,3.26,29,crowd,0,1.0,0,0,0
pattern_test,rail,test,40.0,270.0,3.26,35,rows,0,1.0,0,0,0
pattern_test,rail,test,40.0,270.0,3.26,41,rows,0,1.0,0,0,0
pattern_test,rail,test,40.0,270.0,3.26,46,crowd,0,1.0,0,0,0
pattern_test,rail,test,40.0,270.0,3.26,52,clusters,0,1.0,0,0,0
pattern_test,rail,test,40.0,270.0,3.26,57,crowd,0,1.0,0,0,0
pattern_test,rail,test,40.0,270.0,3.26,51,clusters,0,1.0,0,0,0
pattern_test,rail,test,40.0,270.0,3.26,68,rows,0,1.0,0,0,0
pattern_test,rail,test,40.0,270.0,3.26,15,scatter,0,1.0,0,0,0
pattern_test,rail,test,40.0,270.0,3.26,24,crowd,0,1.0,0,0,0
pattern_test,rail,test,40.0,270.0,3.26,29,crowd,0,1.0,0,0,0
pattern_test,rail,test,40.0,270.0,3.26,35,rows,0,1.0,0,0,0
pattern_test,rail,test,40.0,270.0,3.26,41,rows,0,1.0,0,0,0
pattern_test,rail,test,40.0,270.0,3.26,46,crowd,0,1.0,0,0,0
pattern_test,rail,test,40.0,270.0,3.26,51,clusters,0,1.0,0,0,0
pattern_test,rail,test,40.0,270.0,3.26,57,crowd,0,1.0,0,0,0
pattern_test,rail,test,40.0,270.0,3.26,51,clusters,0,1.0,0,0,0
pattern_test,rail,test,40.0,270.0,3.26,68,rows,0,1.0,0,0,0
pattern_test,rail,test,40.0,270.0,3.26,15,scatter,0,1.0,0,0,0
pattern_test,rail,test,40.0,270.0,3.26,24,crowd,0,1.0,0,0,0
pattern_test,rail,test,40.0,270.0,3.26,29,crowd,0,1.0,0,0,0
pattern_test,rail,test,40.0,270.0,3.26,33,rows,0,1.0,0,0,0
pattern_test,rail,test,40.0,270.0,3.26,41,rows,0,1.0,0,0,0
pattern_test,rail,test,40.0,270.0,3.26,46,crowd,0,1.0,0,0,0
pattern_test,rail,test,40.0,270.0,3.26,52,clusters,0,1.0,0,0,0
pattern_test,rail,test,40.0,270.0,3.26,57,crowd,0,1.0,0,0,0
pattern_test,rail,test,40.0,270.0,3.26,51,clusters,0,1.0,0,0,0
pattern_test,rail,test,40.0,270.0,3.26,68,rows,0,1.0,0,0,0
pattern_test,rail,test,40.0,270.0,3.26,13,scatter,0,1.0,0,0,0
pattern_test,rail,test,40.0,270.0,3.26,24,crowd,0,1.0,0,0,0
pattern_test,rail,test,40.0,270.0,3.26,29,crowd,0,1.0,0,0,0
pattern_test,rail,test,40.0,270.0,3.26,35,rows,0,1.0,0,0,0
pattern_test,rail,test,40.0,270.0,3.26,41,rows,0,1.0,0,0,0
pattern_test,rail,test,40.0,270.0,3.26,46,crowd,0,1.0,0,0,0
pattern_test,rail,test,40.0,270.0,3.26,52,clusters,0,1.0,0,0,0
pattern_test,rail,test,40.0,270.0,3.26,53,crowd,0,1.0,0,0,0
pattern_test,rail,test,40.0,270.0,3.26,51,clusters,0,1.0,0,0,0
pattern_test,rail,test,40.0,270.0,3.26,68,rows,0,1.0,0,0,0
pattern_test,rail,test,40.0,270.0,3.26,15,scatter,0,1.0,0,0,0
pattern_test,rail,test,40.0,270.0,3.26,24,crowd,0,1.0,0,0,0
pattern_test,rail,test,40.0,270.0,3.26,29,crowd,0,1.0,0,0,0
pattern_test,rail,test,40.0,270.0,3.26,35,rows,0,1.0,0,0,0
pattern_test,rail,test,40.0,270.0,3.26,41,rows,0,1.0,0,0,0
pattern_test,rail,test,40.0,270.0,3.26,46,crowd,0,1.0,0,0,0
pattern_test,rail,test,40.0,270.0,3.26,52,clusters,0,1.0,0,0,0
pattern_test,rail,test,40.0,270.0,3.26,57,crowd,0,1.0,0,0,0
pattern_test,rail,test,40.0,270.0,3.26,51,clusters,0,1.0,0,0,0
pattern_test,rail,test,40.0,270.0,3.26,68,rows,0,1.0,0,0,0
rail_test,rail,test,40.0,270.0,3.26,19,as built,0,1.0,0,0,0
rail_test,rail,test,40.0,270.0,3.26,29,scatter,0,1.0,0,0,0
rail_test,rail,test,40.0,270.0,3.26,26,cluster,0,1.0,0,0,0
rail_test,rail,test,40.0,270.0,3.26,19,as built,0,1.0,0,0,0
rail_test,rail,test,40.0,270.0,3.26,19,scatter,0,1.0,0,0,0
rail_test,rail,test,40.0,270.0,3.26,27,scatter,0,1.0,0,0,0
rail_test,rail,test,40.0,270.0,3.26,32,scatter,0,1.0,0,0,0
rail_test,rail,test,40.0,270.0,3.26,19,as built,0,1.0,0,0,0
rail_test,rail,test,40.0,270.0,3.26,19,as built,0,1.0,0,0,0
rail_test,rail,test,40.0,270.0,3.26,73,rows,0,1.0,0,0,0
rail_test,rail,test,40.0,270.0,3.26,22,cluster,0,1.0,0,0,0
rail_test,rail,test,40.0,270.0,3.26,40,rows,0,1.0,0,0,0
rail_test,rail,test,40.0,270.0,3.26,30,cluster,0,1.0,0,0,0
rail_test,rail,test,40.0,270.0,3.26,30,rows,0,1.0,0,0,0
rail_test,rail,test,40.0,270.0,3.26,6,scatter,0,1.0,0,0,0
rail_test,rail,test,40.0,270.0,3.26,15,cluster,0,1.0,0,0,0
rail_test,rail,test,40.0,270.0,3.26,19,as built,0,1.0,0,0,0
rail_test,rail,test,40.0,270.0,3.26,30,scatter,0,1.0,0,0,0
rail_test,rail,test,40.0,270.0,3.26,22,scatter,0,1.0,0,0,0
rail_test,rail,test,40.0,270.0,3.26,15,scatter,0,1.0,0,0,0
rail_test,rail,test,40.0,270.0,3.26,62,crowd,0,1.0,0,0,0
rail_test,rail,test,40.0,270.0,3.26,19,as built,0,1.0,0,0,0
rail_test,rail,test,40.0,270.0,3.26,19,as built,0,1.0,0,0,0
rail_test,rail,test,40.0,270.0,3.26,19,as built,0,1.0,0,0,0
rail_test,rail,test,40.0,270.0,3.26,16,scatter,0,1.0,0,0,0
rail_test,rail,test,40.0,270.0,3.26,30,scatter,0,1.0,0,0,0
rail_test,rail,test,40.0,270.0,3.26,19,as built,0,1.0,0,0,0
rail_test,rail,test,40.0,270.0,3.26,22,scatter,0,1.0,0,0,0
rail_test,rail,test,40.0,270.0,3.26,8,scatter,0,1.0,0,0,0
rail_test,rail,test,40.0,270.0,3.26,69,clusters,0,1.0,0,0,0
rail_test,rail,test,40.0,270.0,3.26,23,scatter,0,1.0,0,0,0
rail_test,rail,test,40.0,270.0,3.26,25,scatter,0,1.0,0,0,0
rail_test,rail,test,40.0,270.0,3.26,25,clusters,0,1.0,0,0,0
rail_test,rail,test,40.0,270.0,3.26,55,scatter,0,1.0,0,0,0
rail_test,rail,test,40.0,270.0,3.26,23,scatter,0,1.0,0,0,0
rail_test,rail,test,40.0,270.0,3.26,27,cluster,0,1.0,0,0,0
rail_test,rail,test,40.0,270.0,3.26,42,crowd,0,1.0,0,0,0
rail_test,rail,test,40.0,270.0,3.26,44,clusters,0,1.0,0,0,0
rail_test,rail,test,40.0,270.0,3.26,40,scatter,0,1.0,0,0,0
rail_test,rail,test,40.0,270.0,3.26,29,scatter,0,1.0,0,0,0
rail_test,rail,test,40.0,270.0,3.26,57,rows,0,1.0,0,0,0
rail_test,rail,test,40.0,270.0,3.26,20,clusters,0,1.0,0,0,0
rail_test,rail,test,40.0,270.0,3.26,31,scatter,0,1.0,0,0,0
rail_test,rail,test,40.0,270.0,3.26,32,scatter,0,1.0,0,0,0
rail_test,rail,test,40.0,270.0,3.26,19,as built,0,1.0,0,0,0
rail_test,rail,test,40.0,270.0,3.26,19,as built,0,1.0,0,0,0
rail_test,rail,test,40.0,270.0,3.26,11,scatter,0,1.0,0,0,0
rail_test,rail,test,40.0,270.0,3.26,30,clusters,0,1.0,0,0,0
rail_test,rail,test,40.0,270.0,3.26,11,scatter,0,1.0,0,0,0
rail_test,rail,test,40.0,270.0,3.26,30,scatter,0,1.0,0,0,0
rail_test,rail,test,40.0,270.0,3.26,18,scatter,0,1.0,0,0,0
rail_test,rail,test,40.0,270.0,3.26,50,clusters,0,1.0,0,0,0
rail_test,rail,test,40.0,270.0,3.26,12,crowd,0,1.0,0,0,0
rail_test,rail,test,40.0,270.0,3.26,19,as built,0,1.0,0,0,0
rail_test,rail,test,40.0,270.0,3.26,22,scatter,0,1.0,0,0,0
rail_test,rail,test,40.0,270.0,3.26,57,clusters,0,1.0,0,0,0
rail_test,rail,test,40.0,270.0,3.26,13,scatter,0,1.0,0,0,0
rail_test,rail,test,40.0,270.0,3.26,19,as built,0,1.0,0,0,0
rail_test,rail,test,40.0,270.0,3.26,70,scatter,0,1.0,0,0,0
rail_test,rail,test,40.0,270.0,3.26,29,scatter,0,1.0,0,0,0
rail_test,rail,test,40.0,270.0,3.26,16,cluster,0,1.0,0,0,0
rail_test,rail,test,40.0,270.0,3.26,19,as built,0,1.0,0,0,0
rail_test,rail,test,40.0,270.0,3.26,50,crowd,0,1.0,0,0,0
rail_test,rail,test,40.0,270.0,3.26,57,clusters,0,1.0,0,0,0
rail_test,rail,test,40.0,270.0,3.26,28,cluster,0,1.0,0,0,0
rail_test,rail,test,40.0,270.0,3.26,10,crowd,0,1.0,0,0,0
rail_test,rail,test,40.0,270.0,3.26,19,as built,0,1.0,0,0,0
rail_test,rail,test,40.0,270.0,3.26,19,as built,0,1.0,0,0,0
rail_test,rail,test,40.0,270.0,3.26,39,rows,0,1.0,0,0,0
rail_test,rail,test,40.0,270.0,3.26,28,scatter,0,1.0,0,0,0
rail_test,rail,test,40.0,270.0,3.26,20,cluster,0,1.0,0,0,0
rail_test,rail,test,40.0,270.0,3.26,25,rows,0,1.0,0,0,0
rail_test,rail,test,40.0,270.0,3.26,16,scatter,0,1.0,0,0,0
rail_test,rail,test,40.0,270.0,3.26,16,scatter,0,1.0,0,0,0
rail_test,rail,test,40.0,270.0,3.26,23,rows,0,1.0,0,0,0
rail_test,rail,test,40.0,270.0,3.26,70,scatter,0,1.0,0,0,0
rail_test,rail,test,40.0,270.0,3.26,18,scatter,0,1.0,0,0,0
rail_test,rail,test,40.0,270.0,3.26,19,as built,0,1.0,0,0,0
rail_test,rail,test,40.0,270.0,3.26,20,scatter,0,1.0,0,0,0
rail_test,rail,test,40.0,270.0,3.26,22,clusters,0,1.0,0,0,0
rail_test,rail,test,40.0,270.0,3.26,19,as built,0,1.0,0,0,0
rail_test,rail,test,40.0,270.0,3.26,9,scatter,0,1.0,0,0,0
rail_test,rail,test,40.0,270.0,3.26,72,clusters,0,1.0,0,0,0
rail_test,rail,test,40.0,270.0,3.26,14,scatter,0,1.0,0,0,0
rail_test,rail,test,40.0,270.0,3.26,19,as built,0,1.0,0,0,0
rail_test,rail,test,40.0,270.0,3.26,19,as built,0,1.0,0,0,0
rail_test,rail,test,40.0,270.0,3.26,26,cluster,0,1.0,0,0,0
rail_test,rail,test,40.0,270.0,3.26,10,clusters,0,1.0,0,0,0
rail_test,rail,test,40.0,270.0,3.26,47,clusters,0,1.0,0,0,0
rail_test,rail,test,40.0,270.0,3.26,39,rows,0,1.0,0,0,0
rail_test,rail,test,40.0,270.0,3.26,27,scatter,0,1.0,0,0,0
rail_test,rail,test,40.0,270.0,3.26,25,scatter,0,1.0,0,0,0
rail_test,rail,test,40.0,270.0,3.26,13,clusters,0,1.0,0,0,0
rail_test,rail,test,40.0,270.0,3.26,46,clusters,0,1.0,0,0,0
rail_test,rail,test,40.0,270.0,3.26,34,clusters,0,1.0,0,0,0
rail_test,rail,test,40.0,270.0,3.26,12,crowd,0,1.0,0,0,0
rail_test,rail,test,40.0,270.0,3.26,9,scatter,0,1.0,0,0,0
rail_test,rail,test,40.0,270.0,3.26,18,cluster,0,1.0,0,0,0
rail_test,rail,test,40.0,270.0,3.26,16,crowd,0,1.0,0,0,0
rail_test,rail,test,40.0,270.0,3.26,19,as built,0,1.0,0,0,0
rail_test,rail,test,40.0,270.0,3.26,13,scatter,0,1.0,0,0,0
rail_test,rail,test,40.0,270.0,3.26,44,rows,0,1.0,0,0,0
rail_test,rail,test,40.0,270.0,3.26,54,rows,0,1.0,0,0,0
rail_test,rail,test,40.0,270.0,3.26,19,as built,0,1.0,0,0,0
rail_test,rail,test,40.0,270.0,3.26,29,scatter,0,1.0,0,0,0
rail_test,rail,test,40.0,270.0,3.26,16,scatter,0,1.0,0,0,0
rail_test,rail,test,40.0,270.0,3.26,22,scatter,0,1.0,0,0,0
rail_test,rail,test,40.0,270.0,3.26,53,scatter,0,1.0,0,0,0
rail_test,rail,test,40.0,270.0,3.26,59,scatter,0,1.0,0,0,0
rail_test,rail,test,40.0,270.0,3.26,28,cluster,0,1.0,0,0,0
rail_test,rail,test,40.0,270.0,3.26,21,rows,0,1.0,0,0,0
rail_test,rail,test,40.0,270.0,3.26,52,rows,0,1.0,0,0,0
rail_test,rail,test,40.0,270.0,3.26,61,rows,0,1.0,0,0,0
rail_test,rail,test,40.0,270.0,3.26,66,clusters,0,1.0,0,0,0
rail_test,rail,test,40.0,270.0,3.26,32,clusters,0,1.0,0,0,0
rail_test,rail,test,40.0,270.0,3.26,48,scatter,0,1.0,0,0,0
rail_test,rail,test,40.0,270.0,3.26,11,cluster,0,1.0,0,0,0
rail_test,rail,test,40.0,270.0,3.26,19,as built,0,1.0,0,0,0
rail_test,rail,test,40.0,270.0,3.26,19,as built,0,1.0,0,0,0
rail_test,rail,test,40.0,270.0,3.26,32,scatter,0,1.0,0,0,0
rail_test,rail,test,40.0,270.0,3.26,19,as built,0,1.0,0,0,0
rail_test,rail,test,40.0,270.0,3.26,63,crowd,0,1.0,0,0,0
rail_test,rail,test,40.0,270.0,3.26,17,scatter,0,1.0,0,0,0
rail_test,rail,test,40.0,270.0,3.26,11,cluster,0,1.0,0,0,0
rail_test,rail,test,40.0,270.0,3.26,19,as built,0,1.0,0,0,0
rail_test,rail,test,40.0,270.0,3.26,12,scatter,0,1.0,0,0,0
rail_test,rail,test,40.0,270.0,3.26,7,scatter,0,1.0,0,0,0
rail_test,rail,test,40.0,270.0,3.26,14,cluster,0,1.0,0,0,0
rail_test,rail,test,40.0,270.0,3.26,9,scatter,0,1.0,0,0,0
rail_test,rail,test,40.0,270.0,3.26,56,clusters,0,1.0,0,0,0
rail_test,rail,test,40.0,270.0,3.26,65,rows,0,1.0,0,0,0
rail_test,rail,test,40.0,270.0,3.26,32,scatter,0,1.0,0,0,0
rail_test,rail,test,40.0,270.0,3.26,24,cluster,0,1.0,0,0,0
rail_test,rail,test,40.0,270.0,3.26,31,scatter,0,1.0,0,0,0
rail_test,rail,test,40.0,270.0,3.26,17,scatter,0,1.0,0,0,0
rail_test,rail,test,40.0,270.0,3.26,30,scatter,0,1.0,0,0,0
rail_test,rail,test,40.0,270.0,3.26,35,crowd,0,1.0,0,0,0
rail_test,rail,test,40.0,270.0,3.26,8,cluster,0,1.0,0,0,0
rail_test,rail,test,40.0,270.0,3.26,40,rows,0,1.0,0,0,0
rail_test,rail,test,40.0,270.0,3.26,22,scatter,0,1.0,0,0,0
rail_test,rail,test,40.0,270.0,3.26,64,crowd,0,1.0,0,0,0
rail_test,rail,test,40.0,270.0,3.26,53,crowd,0,1.0,0,0,0
rail_test,rail,test,40.0,270.0,3.26,28,cluster,0,1.0,0,0,0
rail_test,rail,test,40.0,270.0,3.26,14,scatter,0,1.0,0,0,0
rail_test,rail,test,40.0,270.0,3.26,31,scatter,0,1.0,0,0,0
rail_test,rail,test,40.0,270.0,3.26,7,cluster,0,1.0,0,0,0
rail_test,rail,test,40.0,270.0,3.26,48,scatter,0,1.0,0,0,0
rail_test,rail,test,40.0,270.0,3.26,18,scatter,0,1.0,0,0,0
rail_test,rail,test,40.0,270.0,3.26,60,rows,0,1.0,0,0,0
rail_test,rail,test,40.0,270.0,3.26,41,scatter,0,1.0,0,0,0
rail_test_shift,rail,test,40.0,270.0,3.26,12,cluster,0,0.422,0,1,0
rail_test_shift,rail,test,40.0,270.0,3.26,33,scatter,0,1.336,0,1,0
rail_test_shift,rail,test,40.0,270.0,3.26,36,clusters,0,0.718,0,1,0
rail_test_shift,rail,test,40.0,270.0,3.26,8,scatter,0,0.716,0,1,0
rail_test_shift,rail,test,40.0,270.0,3.26,18,cluster,0,1.381,0,1,0
rail_test_shift,rail,test,40.0,270.0,3.26,24,clusters,0,1.499,0,1,0
rail_test_shift,rail,test,40.0,270.0,3.26,23,scatter,0,1.376,0,1,0
rail_test_shift,rail,test,40.0,270.0,3.26,22,scatter,0,1.295,0,1,0
rail_test_shift,rail,test,40.0,270.0,3.26,32,scatter,0,0.98,0,1,0
rail_test_shift,rail,test,40.0,270.0,3.26,8,cluster,0,0.473,0,1,0
rail_test_shift,rail,test,40.0,270.0,3.26,8,scatter,0,0.792,0,1,0
rail_test_shift,rail,test,40.0,270.0,3.26,29,scatter,0,0.928,0,1,0
rail_test_shift,rail,test,40.0,270.0,3.26,14,crowd,0,1.309,0,1,0
rail_test_shift,rail,test,40.0,270.0,3.26,27,clusters,0,1.571,0,1,0
rail_test_shift,rail,test,40.0,270.0,3.26,24,scatter,0,0.606,0,1,0
rail_test_shift,rail,test,40.0,270.0,3.26,46,crowd,0,1.376,0,1,0
rail_test_shift,rail,test,40.0,270.0,3.26,30,scatter,0,1.557,0,1,0
rail_test_shift,rail,test,40.0,270.0,3.26,39,crowd,0,1.525,0,1,0
rail_test_shift,rail,test,40.0,270.0,3.26,15,scatter,0,0.827,0,1,0
rail_test_shift,rail,test,40.0,270.0,3.26,11,scatter,0,0.584,0,1,0
rail_test_shift,rail,test,40.0,270.0,3.26,32,cluster,0,1.374,0,1,0
rail_test_shift,rail,test,40.0,270.0,3.26,51,rows,0,1.587,0,1,0
rail_test_shift,rail,test,40.0,270.0,3.26,13,rows,0,0.905,0,1,0
rail_test_shift,rail,test,40.0,270.0,3.26,63,scatter,0,1.251,0,1,0
rail_test_shift,rail,test,40.0,270.0,3.26,61,clusters,0,0.417,0,1,0
rail_test_shift,rail,test,40.0,270.0,3.26,27,cluster,0,1.199,0,1,0
rail_test_shift,rail,test,40.0,270.0,3.26,25,scatter,0,1.1,0,1,0
rail_test_shift,rail,test,40.0,270.0,3.26,22,scatter,0,1.15,0,1,0
rail_test_shift,rail,test,40.0,270.0,3.26,15,crowd,0,0.895,0,1,0
rail_test_shift,rail,test,40.0,270.0,3.26,62,clusters,0,0.63,0,1,0
rail_test_shift,rail,test,40.0,270.0,3.26,62,crowd,0,1.348,0,1,0
rail_test_shift,rail,test,40.0,270.0,3.26,66,crowd,0,1.097,0,1,0
rail_test_shift,rail,test,40.0,270.0,3.26,38,scatter,0,0.97,0,1,0
rail_test_shift,rail,test,40.0,270.0,3.26,26,scatter,0,1.123,0,1,0
rail_test_shift,rail,test,40.0,270.0,3.26,13,cluster,0,1.05,0,1,0
rail_test_shift,rail,test,40.0,270.0,3.26,16,scatter,0,1.543,0,1,0
rail_test_shift,rail,test,40.0,270.0,3.26,20,scatter,0,0.794,0,1,0
rail_test_shift,rail,test,40.0,270.0,3.26,12,clusters,0,0.718,0,1,0
rail_test_shift,rail,test,40.0,270.0,3.26,25,clusters,0,1.431,0,1,0
rail_test_shift,rail,test,40.0,270.0,3.26,26,clusters,0,0.971,0,1,0
rail_test_shift,rail,test,40.0,270.0,3.26,14,scatter,0,0.991,0,1,0
rail_test_shift,rail,test,40.0,270.0,3.26,30,scatter,0,1.202,0,1,0
rail_test_shift,rail,test,40.0,270.0,3.26,24,scatter,0,0.495,0,1,0
rail_test_shift,rail,test,40.0,270.0,3.26,68,scatter,0,0.528,0,1,0
rail_test_shift,rail,test,40.0,270.0,3.26,67,crowd,0,1.017,0,1,0
rail_test_shift,rail,test,40.0,270.0,3.26,18,cluster,0,0.719,0,1,0
rail_test_shift,rail,test,40.0,270.0,3.26,50,clusters,0,0.577,0,1,0
rail_test_shift,rail,test,40.0,270.0,3.26,27,cluster,0,1.165,0,1,0
rail_test_shift,rail,test,40.0,270.0,3.26,18,rows,0,1.145,0,1,0
rail_test_shift,rail,test,40.0,270.0,3.26,20,scatter,0,0.91,0,1,0
rail_test_shift,rail,test,40.0,270.0,3.26,16,scatter,0,0.917,0,1,0
rail_test_shift,rail,test,40.0,270.0,3.26,31,scatter,0,1.354,0,1,0
rail_test_shift,rail,test,40.0,270.0,3.26,46,crowd,0,1.01,0,1,0
rail_test_shift,rail,test,40.0,270.0,3.26,53,crowd,0,1.388,0,1,0
rail_test_shift,rail,test,40.0,270.0,3.26,42,crowd,0,1.233,0,1,0
rail_test_shift,rail,test,40.0,270.0,3.26,19,scatter,0,0.418,0,1,0
rail_test_shift,rail,test,40.0,270.0,3.26,24,scatter,0,0.536,0,1,0
rail_test_shift,rail,test,40.0,270.0,3.26,16,cluster,0,0.924,0,1,0
rail_test_shift,rail,test,40.0,270.0,3.26,32,scatter,0,1.284,0,1,0
rail_test_shift,rail,test,40.0,270.0,3.26,32,clusters,0,1.314,0,1,0
rail_test_shift,rail,test,40.0,270.0,3.26,14,scatter,0,0.947,0,1,0
rail_test_shift,rail,test,40.0,270.0,3.26,21,cluster,0,0.689,0,1,0
rail_test_shift,rail,test,40.0,270.0,3.26,73,crowd,0,1.045,0,1,0
rail_test_shift,rail,test,40.0,270.0,3.26,67,rows,0,1.373,0,1,0
rail_test_shift,rail,test,40.0,270.0,3.26,38,crowd,0,1.534,0,1,0
rail_test_shift,rail,test,40.0,270.0,3.26,20,scatter,0,0.665,0,1,0
rail_test_shift,rail,test,40.0,270.0,3.26,55,rows,0,1.458,0,1,0
rail_test_shift,rail,test,40.0,270.0,3.26,31,scatter,0,1.371,0,1,0
rail_test_shift,rail,test,40.0,270.0,3.26,43,crowd,0,0.941,0,1,0
rail_test_shift,rail,test,40.0,270.0,3.26,51,scatter,0,0.871,0,1,0
rail_test_shift,rail,test,40.0,270.0,3.26,51,clusters,0,0.574,0,1,0
rail_test_shift,rail,test,40.0,270.0,3.26,15,scatter,0,1.236,0,1,0
rail_test_shift,rail,test,40.0,270.0,3.26,16,cluster,0,1.406,0,1,0
rail_test_shift,rail,test,40.0,270.0,3.26,25,scatter,0,1.098,0,1,0
rail_test_shift,rail,test,40.0,270.0,3.26,17,scatter,0,1.185,0,1,0
rail_test_shift,rail,test,40.0,270.0,3.26,20,rows,0,1.028,0,1,0
rail_test_shift,rail,test,40.0,270.0,3.26,36,scatter,0,1.191,0,1,0
rail_test_shift,rail,test,40.0,270.0,3.26,21,scatter,0,1.231,0,1,0
rail_test_shift,rail,test,40.0,270.0,3.26,31,scatter,0,0.995,0,1,0
rail_test_shift,rail,test,40.0,270.0,3.26,29,cluster,0,0.502,0,1,0
rail_test_shift,rail,test,40.0,270.0,3.26,62,crowd,0,0.506,0,1,0
rail_test_shift,rail,test,40.0,270.0,3.26,10,cluster,0,0.701,0,1,0
rail_test_shift,rail,test,40.0,270.0,3.26,15,scatter,0,1.565,0,1,0
rail_test_shift,rail,test,40.0,270.0,3.26,64,rows,0,0.952,0,1,0
rail_test_shift,rail,test,40.0,270.0,3.26,33,rows,0,0.595,0,1,0
rail_test_shift,rail,test,40.0,270.0,3.26,25,scatter,0,0.965,0,1,0
rail_test_shift,rail,test,40.0,270.0,3.26,23,scatter,0,1.39,0,1,0
rail_test_shift,rail,test,40.0,270.0,3.26,17,rows,0,0.417,0,1,0
rail_test_shift,rail,test,40.0,270.0,3.26,20,cluster,0,1.267,0,1,0
rail_test_shift,rail,test,40.0,270.0,3.26,8,scatter,0,1.346,0,1,0
rail_test_shift,rail,test,40.0,270.0,3.26,50,rows,0,1.412,0,1,0
rail_test_shift,rail,test,40.0,270.0,3.26,52,clusters,0,1.299,0,1,0
rail_test_shift,rail,test,40.0,270.0,3.26,15,scatter,0,1.507,0,1,0
rail_test_shift,rail,test,40.0,270.0,3.26,52,crowd,0,0.872,0,1,0
rail_test_shift,rail,test,40.0,270.0,3.26,19,clusters,0,1.054,0,1,0
rail_test_shift,rail,test,40.0,270.0,3.26,19,scatter,0,0.893,0,1,0
rail_test_shift,rail,test,40.0,270.0,3.26,55,rows,0,1.159,0,1,0
rail_test_shift,rail,test,40.0,270.0,3.26,24,scatter,0,0.92,0,1,0
rail_test_shift,rail,test,40.0,270.0,3.26,25,scatter,0,0.766,0,1,0
rail_test_shift,rail,test,40.0,270.0,3.26,36,clusters,0,1.265,0,1,0
rail_train,rail,train,40.7,270.4,3.17,19,as built,0,0.8,0,1,1
rail_train,rail,train,40.0,268.3,3.25,14,cluster,1,1.086,0,0,1
rail_train,rail,train,39.7,272.1,3.24,25,scatter,1,0.729,0,0,1
rail_train,rail,train,40.3,271.5,3.2,19,as built,1,0.647,0,1,1
rail_train,rail,train,40.8,268.6,3.12,24,cluster,1,1.012,0,0,1
rail_train,rail,train,39.7,271.5,3.25,29,scatter,1,0.854,0,1,1
rail_train,rail,train,38.9,269.5,3.17,68,scatter,1,0.634,0,1,1
rail_train,rail,train,39.5,268.9,3.18,16,cluster,0,0.553,0,0,1
rail_train,rail,train,38.7,270.3,3.12,59,crowd,1,0.989,0,0,1
rail_train,rail,train,40.4,269.6,3.22,20,scatter,1,0.677,0,0,1
rail_train,rail,train,39.9,268.8,3.21,39,clusters,0,1.34,0,1,1
rail_train,rail,train,38.6,270.0,3.18,11,scatter,1,0.724,0,1,1
rail_train,rail,train,38.1,273.3,3.16,9,scatter,0,0.88,0,0,1
rail_train,rail,train,39.8,272.2,3.24,50,clusters,0,1.274,0,0,1
rail_train,rail,train,39.8,272.0,3.22,9,scatter,1,1.306,0,0,1
rail_train,rail,train,41.1,271.1,3.12,56,crowd,0,0.785,0,0,1
rail_train,rail,train,40.2,269.4,3.18,26,clusters,1,1.143,0,1,1
rail_train,rail,train,38.3,269.5,3.18,23,cluster,1,0.557,0,0,1
rail_train,rail,train,39.7,269.0,3.16,50,crowd,0,1.305,0,0,1
rail_train,rail,train,38.5,270.1,3.13,30,scatter,1,1.048,0,0,1
rail_train,rail,train,40.3,268.6,3.24,61,crowd,1,0.863,0,0,1
rail_train,rail,train,41.5,270.2,3.14,31,scatter,0,1.314,0,0,1
rail_train,rail,train,39.2,267.1,3.16,30,scatter,1,0.617,0,1,1
rail_train,rail,train,40.1,269.6,3.21,19,as built,1,0.644,0,0,1
rail_train,rail,train,40.0,267.8,3.25,20,scatter,1,1.05,0,1,1
rail_train,rail,train,39.7,268.1,3.22,49,crowd,1,1.441,0,1,1
rail_train,rail,train,39.1,271.8,3.21,32,scatter,1,0.614,0,0,1
rail_train,rail,train,39.8,270.7,3.17,10,scatter,1,1.441,0,1,1
rail_train,rail,train,39.2,270.1,3.19,9,scatter,1,0.609,0,0,1
rail_train,rail,train,39.9,269.7,3.23,54,scatter,1,1.175,0,1,1
rail_train,rail,train,39.4,271.8,3.23,12,cluster,1,1.42,0,0,1
rail_train,rail,train,38.5,269.0,3.13,27,scatter,0,0.603,0,0,1
rail_train,rail,train,40.0,271.6,3.23,19,cluster,1,0.838,0,1,1
rail_train,rail,train,39.5,271.0,3.22,10,scatter,0,1.203,0,1,1
rail_train,rail,train,38.7,268.2,3.2,65,crowd,1,1.393,0,1,1
rail_train,rail,train,40.0,270.2,3.19,19,cluster,1,1.03,0,0,1
rail_train,rail,train,38.8,271.0,3.18,43,scatter,0,1.218,0,0,1
rail_train,rail,train,40.5,270.0,3.15,23,rows,1,1.313,0,0,1
rail_train,rail,train,40.4,272.4,3.23,19,as built,1,1.074,0,0,1
rail_train,rail,train,39.1,271.4,3.2,31,scatter,1,0.694,0,0,1
rail_train,rail,train,40.3,270.9,3.18,55,clusters,0,0.814,0,0,1
rail_train,rail,train,40.0,271.3,3.08,19,clusters,0,0.73,0,0,1
rail_train,rail,train,40.4,268.8,3.21,53,crowd,1,1.115,0,1,1
rail_train,rail,train,41.0,268.0,3.13,16,scatter,1,1.284,0,0,1
rail_train,rail,train,40.4,270.4,3.15,68,rows,0,0.954,0,0,1
rail_train,rail,train,41.4,272.0,3.14,19,as built,1,1.005,0,0,1
rail_train,rail,train,39.4,269.9,3.14,37,clusters,1,1.359,0,0,1
rail_train,rail,train,41.1,269.3,3.16,11,scatter,1,1.357,0,0,1
rail_train,rail,train,40.0,270.7,3.2,51,crowd,1,0.977,0,0,1
rail_train,rail,train,38.9,270.9,3.18,66,scatter,1,0.686,0,0,1
rail_train,rail,train,39.2,270.5,3.21,41,scatter,1,1.138,0,0,1
rail_train,rail,train,39.1,268.9,3.22,13,cluster,1,1.338,0,0,1
rail_train,rail,train,40.6,271.7,3.21,53,clusters,1,1.15,0,0,1
rail_train,rail,train,38.4,270.3,3.19,40,clusters,1,0.864,0,0,1
rail_train,rail,train,39.5,272.4,3.22,19,as built,1,1.163,0,1,1
rail_train,rail,train,39.6,272.2,3.21,15,cluster,0,1.212,0,0,1
rail_train,rail,train,40.9,268.8,3.11,47,crowd,1,1.325,0,0,1
rail_train,rail,train,40.7,271.7,3.22,28,cluster,0,1.142,0,0,1
rail_train,rail,train,39.9,272.2,3.09,20,rows,1,1.251,0,0,1
rail_train,rail,train,40.4,269.7,3.2,61,clusters,1,1.403,0,1,1
rail_train,rail,train,39.5,273.0,3.22,19,as built,1,0.711,0,1,1
rail_train,rail,train,40.2,271.8,3.2,33,clusters,0,1.197,0,0,1
rail_train,rail,train,40.8,268.4,3.17,22,scatter,1,1.285,0,0,1
rail_train,rail,train,39.7,271.8,3.23,18,as built,1,0.996,0,1,1
rail_train,rail,train,40.2,271.5,3.19,9,cluster,1,0.868,0,0,1
rail_train,rail,train,40.0,273.4,3.26,19,as built,1,1.363,0,0,1
rail_train,rail,train,40.6,267.3,3.17,19,scatter,1,0.789,0,0,1
rail_train,rail,train,40.8,268.3,3.11,57,rows,1,0.893,0,1,1
rail_train,rail,train,40.1,269.2,3.22,13,scatter,0,1.131,0,0,1
rail_train,rail,train,38.2,269.0,3.15,34,clusters,1,0.581,0,0,1
rail_train,rail,train,39.6,267.3,3.2,50,scatter,1,0.881,0,0,1
rail_train,rail,train,41.1,272.2,3.15,48,crowd,0,0.683,0,1,1
rail_train,rail,train,41.3,271.2,3.16,32,scatter,1,0.731,0,1,1
rail_train,rail,train,39.4,267.4,3.2,59,crowd,1,1.396,0,0,1
rail_train,rail,train,39.8,267.3,3.17,22,scatter,1,1.047,0,0,1
rail_train,rail,train,40.2,267.9,3.16,23,scatter,0,1.157,0,0,1
rail_train,rail,train,40.4,272.1,3.24,26,scatter,1,0.77,0,0,1
rail_train,rail,train,39.1,271.5,3.22,74,rows,0,0.846,0,1,1
rail_train,rail,train,39.3,269.2,3.18,28,crowd,1,0.764,0,0,1
rail_train,rail,train,39.9,266.5,3.22,19,cluster,1,1.391,0,0,1
rail_train,rail,train,40.6,271.2,3.2,59,rows,1,0.868,0,0,1
rail_train,rail,train,40.6,272.4,3.15,13,cluster,1,0.637,0,0,1
rail_train,rail,train,39.7,270.5,3.17,14,cluster,1,1.198,0,0,1
rail_train,rail,train,39.7,271.9,3.19,16,scatter,1,0.62,0,0,1
rail_train,rail,train,40.5,271.8,3.2,19,cluster,1,0.957,0,0,1
rail_train,rail,train,40.8,267.5,3.19,13,cluster,1,1.295,0,1,1
rail_train,rail,train,40.0,271.0,3.24,34,crowd,0,0.975,0,0,1
rail_train,rail,train,39.4,272.0,3.12,56,scatter,1,0.685,0,0,1
rail_train,rail,train,40.0,269.8,3.26,24,cluster,0,0.555,0,1,1
rail_train,rail,train,39.6,272.8,3.24,75,clusters,1,1.099,0,0,1
rail_train,rail,train,40.9,269.0,3.17,11,scatter,0,0.923,0,0,1
rail_train,rail,train,39.9,268.2,3.23,11,cluster,1,1.414,0,0,1
rail_train,rail,train,39.2,268.5,3.23,55,crowd,0,0.993,0,0,1
rail_train,rail,train,39.8,270.1,3.19,30,scatter,1,1.279,0,0,1
rail_train,rail,train,40.7,269.9,3.19,19,as built,1,0.656,0,0,1
rail_train,rail,train,39.6,269.9,3.17,23,crowd,1,1.145,0,1,1
rail_train,rail,train,39.7,270.7,3.22,46,clusters,0,0.842,0,0,1
rail_train,rail,train,39.8,271.2,3.16,49,scatter,0,1.435,0,0,1
rail_train,rail,train,39.6,267.4,3.11,11,scatter,1,1.25,0,0,1
rail_train,rail,train,39.5,269.6,3.24,11,scatter,0,0.816,0,0,1
rail_train,rail,train,40.0,272.5,3.25,48,crowd,1,1.197,0,0,1
rail_train,rail,train,39.7,269.7,3.22,19,as built,0,0.884,0,0,1
rail_train,rail,train,39.2,269.8,3.2,45,crowd,1,0.911,0,0,1
rail_train,rail,train,39.5,272.6,3.23,25,clusters,1,0.715,0,0,1
rail_train,rail,train,41.0,271.2,3.19,32,scatter,1,1.195,0,1,1
rail_train,rail,train,40.4,270.0,3.22,32,cluster,1,1.089,0,0,1
rail_train,rail,train,41.0,272.8,3.15,25,scatter,1,0.793,0,1,1
rail_train,rail,train,39.4,268.7,3.2,19,as built,1,1.201,0,1,1
rail_train,rail,train,39.0,266.5,3.16,16,scatter,0,0.589,0,1,1
rail_train,rail,train,40.2,268.8,3.23,35,rows,1,0.607,0,1,1
rail_train,rail,train,39.4,272.5,3.22,21,cluster,0,1.231,0,0,1
rail_train,rail,train,40.9,272.0,3.14,29,cluster,0,1.162,0,0,1
rail_train,rail,train,41.2,267.9,3.18,19,as built,1,1.271,0,1,1
rail_train,rail,train,41.3,269.3,3.16,20,cluster,1,1.077,0,0,1
rail_train,rail,train,38.7,270.1,3.2,47,rows,1,1.161,0,0,1
rail_train,rail,train,40.0,269.2,3.2,30,cluster,1,1.424,0,0,1
rail_train,rail,train,39.1,269.7,3.1,13,scatter,1,0.704,0,0,1
rail_train,rail,train,40.7,272.7,3.21,47,crowd,1,1.079,0,0,1
rail_train,rail,train,39.9,269.5,3.24,19,as built,1,1.006,0,1,1
rail_train,rail,train,40.0,269.9,3.23,57,rows,1,0.69,0,0,1
rail_train,rail,train,40.5,269.6,3.23,11,scatter,1,0.641,0,0,1
rail_train,rail,train,38.3,269.6,3.16,74,scatter,1,1.082,0,0,1
rail_train,rail,train,40.4,267.8,3.16,10,cluster,1,1.429,0,0,1
rail_train,rail,train,39.6,271.0,3.22,11,cluster,0,1.062,0,1,1
rail_train,rail,train,41.1,268.8,3.18,19,as built,1,0.626,0,0,1
rail_train,rail,train,41.0,269.2,3.15,43,scatter,0,1.047,0,1,1
rail_train,rail,train,40.7,270.0,3.19,9,scatter,0,0.591,0,0,1
rail_train,rail,train,39.5,269.8,3.21,30,cluster,0,0.917,0,0,1
rail_train,rail,train,39.2,272.5,3.18,29,cluster,0,0.788,0,1,1
rail_train,rail,train,39.0,270.2,3.19,13,cluster,1,1.198,0,0,1
rail_train,rail,train,39.6,269.3,3.11,16,cluster,1,0.669,0,0,1
rail_train,rail,train,40.4,267.8,3.14,21,clusters,0,0.61,0,1,1
rail_train,rail,train,39.6,270.3,3.18,29,crowd,1,0.933,0,0,1
rail_train,rail,train,40.0,266.5,3.19,12,rows,1,1.352,0,0,1
rail_train,rail,train,39.9,271.7,3.18,25,scatter,1,1.427,0,0,1
rail_train,rail,train,40.2,271.3,3.22,16,cluster,1,0.928,0,0,1
rail_train,rail,train,39.7,272.5,3.18,19,as built,0,1.377,0,1,1
rail_train,rail,train,39.0,269.0,3.18,15,cluster,0,0.557,0,1,1
rail_train,rail,train,40.0,266.5,3.22,7,scatter,1,1.208,0,0,1
rail_train,rail,train,39.9,271.9,3.23,74,crowd,1,0.919,0,0,1
rail_train,rail,train,39.9,269.2,3.16,16,cluster,1,0.887,0,1,1
rail_train,rail,train,39.5,270.1,3.18,26,cluster,0,0.59,0,1,1
rail_train,rail,train,39.1,272.6,3.21,17,scatter,1,1.101,0,0,1
rail_train,rail,train,40.0,271.3,3.18,18,scatter,1,0.632,0,0,1
rail_train,rail,train,40.4,269.4,3.13,15,scatter,1,1.239,0,1,1
rail_train,rail,train,40.3,270.0,3.17,19,rows,0,1.041,0,0,1
rail_train,rail,train,39.6,268.9,3.19,25,cluster,0,0.777,0,1,1
rail_train,rail,train,39.2,273.0,3.17,19,as built,0,1.433,0,0,1
rail_train,rail,train,40.0,267.0,3.24,24,cluster,0,1.244,0,0,1
rail_train,rail,train,40.9,267.0,3.2,55,crowd,0,0.986,0,1,1
rail_train,rail,train,40.4,271.3,3.21,15,scatter,1,1.37,0,1,1
rail_train,rail,train,40.2,268.2,3.21,32,clusters,1,1.071,0,0,1
rail_train,rail,train,40.9,267.6,3.14,24,scatter,1,0.895,0,0,1
rail_train,rail,train,41.6,270.8,3.14,26,cluster,1,1.208,0,0,1
rail_train,rail,train,39.3,267.9,3.1,15,cluster,1,1.373,0,1,1
rail_train,rail,train,39.9,266.8,3.1,54,crowd,0,0.987,0,0,1
rail_train,rail,train,39.4,269.9,3.18,32,crowd,0,1.176,0,0,1
rail_train,rail,train,39.4,271.8,3.22,8,scatter,1,1.008,0,0,1
rail_train,rail,train,38.2,271.6,3.18,19,as built,1,0.736,0,1,1
rail_train,rail,train,40.9,270.7,3.15,23,scatter,1,0.996,0,1,1
rail_train,rail,train,38.5,271.5,3.15,32,scatter,1,0.807,0,0,1
rail_train,rail,train,39.5,268.0,3.12,21,clusters,1,0.698,0,1,1
rail_train,rail,train,39.0,269.2,3.18,44,rows,1,1.436,0,1,1
rail_train,rail,train,39.1,270.1,3.15,73,crowd,1,1.13,0,0,1
rail_train,rail,train,40.5,270.2,3.17,66,clusters,1,0.74,0,1,1
rail_train,rail,train,40.0,271.4,3.23,20,crowd,0,0.65,0,1,1
rail_train,rail,train,38.5,270.4,3.19,19,as built,1,0.662,0,0,1
rail_train,rail,train,40.2,270.2,3.14,58,clusters,0,0.771,0,1,1
rail_train,rail,train,38.6,268.6,3.19,20,cluster,1,1.31,0,0,1
rail_train,rail,train,39.8,271.1,3.06,24,crowd,1,0.927,0,0,1
rail_train,rail,train,39.8,269.4,3.25,13,scatter,0,1.079,0,0,1
rail_train,rail,train,40.4,270.2,3.2,25,scatter,0,1.245,0,0,1
rail_train,rail,train,39.2,267.4,3.18,38,scatter,1,0.693,0,0,1
rail_train,rail,train,40.0,269.9,3.11,17,cluster,1,1.268,0,0,1
rail_train,rail,train,39.3,273.5,3.18,58,crowd,1,1.097,0,1,1
rail_train,rail,train,40.6,270.1,3.22,19,clusters,1,1.014,0,0,1
rail_train,rail,train,39.3,269.4,3.18,44,crowd,1,0.965,0,0,1
rail_train,rail,train,39.8,268.8,3.18,22,scatter,0,1.057,0,0,1
rail_train,rail,train,39.8,271.8,3.14,43,clusters,0,1.261,0,1,1
rail_train,rail,train,40.4,267.8,3.18,11,scatter,0,1.436,0,1,1
rail_train,rail,train,40.9,269.1,3.17,52,clusters,1,0.8,0,0,1
rail_train,rail,train,39.7,269.1,3.22,19,as built,1,1.063,0,0,1
rail_train,rail,train,38.7,270.6,3.12,68,scatter,1,0.707,0,0,1
rail_train,rail,train,40.1,268.7,3.19,9,scatter,1,1.269,0,0,1
rail_train,rail,train,40.5,268.5,3.17,19,cluster,1,1.083,0,0,1
rail_train,rail,train,40.3,271.2,3.21,59,crowd,1,1.235,0,1,1
rail_train,rail,train,40.0,268.9,3.21,11,scatter,1,0.867,0,0,1
rail_train,rail,train,38.8,268.4,3.16,18,scatter,0,1.378,0,1,1
rail_train,rail,train,39.2,269.4,3.22,46,rows,1,1.35,0,1,1
rail_train,rail,train,39.3,267.9,3.17,25,scatter,1,0.717,0,0,1
rail_train,rail,train,39.0,272.7,3.19,13,scatter,1,0.712,0,0,1
rail_train,rail,train,40.3,270.7,3.24,21,cluster,1,1.252,0,0,1
rail_train,rail,train,41.5,269.2,3.16,46,crowd,1,1.25,0,1,1
rail_train,rail,train,40.0,266.8,3.22,31,scatter,1,0.851,0,0,1
rail_train,rail,train,40.4,271.3,3.11,13,scatter,1,1.152,0,1,1
rail_train,rail,train,40.6,272.3,3.22,23,scatter,1,0.774,0,0,1
rail_train,rail,train,38.5,273.1,3.14,11,rows,0,1.406,0,1,1
rail_train,rail,train,41.6,266.9,3.15,50,scatter,1,0.881,0,1,1
rail_train,rail,train,40.1,269.8,3.22,55,clusters,1,0.562,0,0,1
rail_train,rail,train,39.8,272.4,3.21,52,crowd,0,0.752,0,0,1
rail_train,rail,train,39.7,270.1,3.17,11,crowd,1,1.149,0,0,1
rail_train,rail,train,40.5,266.4,3.17,67,scatter,1,0.668,0,0,1
rail_train,rail,train,39.1,269.0,3.1,19,as built,1,1.061,0,1,1
rail_train,rail,train,40.8,271.4,3.19,40,scatter,1,0.936,0,1,1
rail_train,rail,train,40.7,270.0,3.22,17,rows,1,1.195,0,0,1
rail_train,rail,train,39.0,267.5,3.22,39,crowd,1,0.762,0,1,1
rail_train,rail,train,39.8,270.7,3.21,36,clusters,1,1.01,0,1,1
rail_train,rail,train,40.0,269.4,3.21,66,rows,1,0.617,0,1,1
rail_train,rail,train,39.8,268.4,3.17,34,scatter,1,1.317,0,0,1
rail_train,rail,train,40.0,270.2,3.2,49,rows,0,1.112,0,0,1
rail_train,rail,train,40.2,269.8,3.17,17,scatter,1,1.031,0,1,1
rail_train,rail,train,39.0,272.2,3.16,45,crowd,1,1.183,0,0,1
rail_train,rail,train,39.9,267.0,3.13,29,scatter,1,1.139,0,0,1
rail_train,rail,train,40.2,267.9,3.25,12,crowd,0,0.891,0,0,1
rail_train,rail,train,39.9,268.5,3.25,25,scatter,1,1.402,0,0,1
rail_train,rail,train,38.1,273.4,3.18,27,rows,0,0.72,0,0,1
rail_train,rail,train,39.9,268.9,3.22,33,cluster,1,0.595,0,0,1
rail_train,rail,train,38.7,269.8,3.19,19,as built,1,0.554,0,0,1
rail_train,rail,train,39.8,270.9,3.16,10,scatter,1,1.003,0,0,1
rail_train,rail,train,40.0,270.4,3.23,18,scatter,1,0.877,0,1,1
rail_train,rail,train,39.9,271.5,3.24,26,scatter,1,1.299,0,1,1
rail_train,rail,train,39.8,268.6,3.23,19,as built,1,1.252,0,0,1
rail_train,rail,train,41.1,271.1,3.15,29,scatter,1,1.042,0,0,1
rail_train,rail,train,39.8,269.3,3.22,11,rows,1,0.92,0,1,1
rail_train,rail,train,40.0,269.3,3.21,18,scatter,1,1.122,0,0,1
rail_train,rail,train,39.7,271.1,3.23,30,clusters,1,0.985,0,0,1
rail_train,rail,train,39.4,269.5,3.17,17,scatter,1,1.202,0,0,1
rail_train,rail,train,38.6,271.1,3.2,36,scatter,1,1.211,0,1,1
rail_train,rail,train,39.9,271.7,3.23,25,rows,0,1.083,0,0,1
rail_train,rail,train,39.9,268.3,3.22,19,as built,1,1.157,0,0,1
rail_train,rail,train,39.5,271.4,3.22,29,scatter,0,1.063,0,1,1
rail_train,rail,train,40.1,272.5,3.21,20,cluster,1,1.317,0,1,1
rail_train,rail,train,38.7,268.1,3.19,10,clusters,1,1.193,0,1,1
rail_train,rail,train,39.9,269.0,3.22,53,clusters,0,1.283,0,0,1
rail_train,rail,train,40.7,271.0,3.21,21,scatter,1,1.209,0,0,1
rail_train,rail,train,40.9,270.0,3.11,52,scatter,1,0.672,0,0,1
rail_train,rail,train,41.0,270.6,3.16,18,scatter,1,1.149,0,0,1
rail_train,rail,train,38.3,268.5,3.18,19,scatter,1,0.637,0,0,1
rail_train,rail,train,40.7,270.5,3.21,43,crowd,0,1.038,0,1,1
rail_train,rail,train,40.1,272.2,3.23,52,scatter,1,0.878,0,0,1
rail_train,rail,train,40.2,270.4,3.21,30,scatter,0,1.221,0,1,1
rail_train,rail,train,40.3,267.8,3.22,9,scatter,1,0.807,0,0,1
rail_train,rail,train,40.9,271.2,3.19,33,crowd,1,1.31,0,1,1
rail_train,rail,train,39.1,269.2,3.15,54,clusters,1,1.137,0,0,1
rail_train,rail,train,40.4,268.7,3.1,33,scatter,1,1.304,0,1,1
rail_train,rail,train,40.3,269.1,3.24,19,as built,1,1.134,0,0,1
rail_train,rail,train,39.8,270.8,3.13,31,scatter,1,0.696,0,0,1
rail_train,rail,train,39.7,270.8,3.21,13,rows,1,1.271,0,0,1
rail_train,rail,train,41.4,269.5,3.13,47,rows,1,0.689,0,0,1
rail_train,rail,train,39.4,269.0,3.22,19,cluster,1,1.018,0,0,1
rail_train,rail,train,41.1,270.6,3.15,23,cluster,1,0.761,0,1,1
rail_train,rail,train,39.9,268.1,3.25,19,as built,0,0.636,0,1,1
rail_train,rail,train,40.4,272.3,3.09,66,crowd,0,0.903,0,0,1
rail_train,rail,train,40.0,272.6,3.25,41,rows,1,1.416,0,1,1
rail_train,rail,train,40.4,271.2,3.24,40,clusters,1,0.818,0,1,1
rail_train,rail,train,39.7,268.7,3.2,28,scatter,0,0.837,0,0,1
rail_train,rail,train,40.2,271.3,3.22,36,crowd,0,1.119,0,1,1
rail_train,rail,train,38.6,270.6,3.17,65,crowd,0,0.897,0,1,1
rail_train,rail,train,40.4,271.8,3.23,29,cluster,1,1.119,0,0,1
rail_train,rail,train,40.8,271.7,3.19,29,cluster,0,0.671,0,0,1
rail_train,rail,train,39.0,270.7,3.15,59,scatter,1,0.583,0,0,1
rail_train,rail,train,39.9,267.8,3.26,19,as built,1,1.057,0,1,1
rail_train,rail,train,40.6,268.9,3.22,29,cluster,1,1.434,0,0,1
rail_train,rail,train,40.1,268.8,3.2,25,crowd,1,0.861,0,0,1
rail_train,rail,train,40.0,272.4,3.19,58,rows,0,1.171,0,0,1
rail_train,rail,train,40.0,271.4,3.24,54,scatter,0,0.632,0,0,1
rail_train,rail,train,39.5,270.3,3.21,11,scatter,0,1.171,0,1,1
rail_train,rail,train,40.4,271.8,3.23,22,scatter,1,0.611,0,0,1
rail_train,rail,train,40.5,269.4,3.17,14,scatter,0,1.216,0,0,1
rail_train,rail,train,40.6,269.6,3.15,19,as built,1,0.657,0,1,1
rail_train,rail,train,40.3,272.2,3.22,10,cluster,1,1.176,0,1,1
rail_train,rail,train,39.6,267.1,3.24,28,clusters,1,1.252,0,0,1
rail_train,rail,train,39.5,266.5,3.21,69,rows,1,0.956,0,1,1
rail_train,rail,train,39.8,270.3,3.19,29,cluster,0,0.847,0,0,1
rail_train,rail,train,38.3,272.0,3.15,55,clusters,1,1.351,0,0,1
rail_train,rail,train,40.7,268.3,3.2,26,scatter,1,1.372,0,1,1
rail_train,rail,train,39.9,270.2,3.16,31,cluster,0,0.94,0,0,1
rail_train,rail,train,40.2,266.5,3.18,31,scatter,1,1.163,0,0,1
rail_train,rail,train,40.0,270.3,3.22,11,cluster,1,0.59,0,0,1
rail_train,rail,train,40.3,270.5,3.22,35,clusters,1,0.739,0,0,1
rail_train,rail,train,39.5,269.9,3.13,9,scatter,1,1.445,0,0,1
rail_train,rail,train,39.9,269.4,3.23,57,scatter,0,1.129,0,0,1
rail_train,rail,train,40.1,270.8,3.18,26,cluster,1,1.311,0,1,1
rail_train,rail,train,40.7,268.9,3.11,37,clusters,1,0.593,0,0,1
rail_train,rail,train,38.4,269.4,3.18,27,scatter,1,0.848,0,1,1
rail_train,rail,train,39.5,268.2,3.15,31,scatter,0,0.578,0,0,1
rail_train,rail,train,38.3,268.6,3.15,13,cluster,1,0.93,0,0,1
rail_train,rail,train,39.8,269.1,3.22,19,as built,1,1.118,0,1,1
rail_train,rail,train,40.6,269.8,3.18,19,as built,0,0.576,0,1,1
rail_train,rail,train,38.8,270.1,3.11,72,crowd,1,1.399,0,1,1
rail_train,rail,train,40.1,270.1,3.23,58,crowd,1,1.329,0,0,1
rail_train,rail,train,39.7,270.1,3.2,26,scatter,0,0.685,0,0,1
rail_train,rail,train,39.7,269.3,3.13,35,rows,1,1.282,0,0,1
rail_train,rail,train,40.7,268.8,3.15,58,rows,0,1.043,0,1,1
rail_train,rail,train,40.2,269.0,3.24,36,crowd,1,1.136,0,0,1
rail_train,rail,train,40.2,271.2,3.19,66,crowd,0,1.29,0,0,1
rail_train,rail,train,40.4,272.3,3.19,40,scatter,0,1.444,0,0,1
rail_train,rail,train,39.9,270.6,3.25,17,scatter,1,1.232,0,0,1
rail_train,rail,train,41.5,267.9,3.14,73,crowd,1,1.242,0,1,1
rail_train,rail,train,39.8,271.2,3.17,12,scatter,0,0.83,0,0,1
rail_train,rail,train,39.9,269.1,3.22,42,rows,1,0.798,0,0,1
rail_train,rail,train,38.2,270.2,3.17,17,cluster,1,1.19,0,0,1
rail_train,rail,train,38.3,267.5,3.15,11,scatter,1,0.769,0,1,1
rail_train,rail,train,40.2,268.9,3.18,57,clusters,1,0.64,0,1,1
rail_train,rail,train,40.7,269.8,3.22,21,scatter,0,1.185,0,0,1
rail_train,rail,train,39.5,273.4,3.19,42,crowd,1,1.418,0,1,1
rail_train,rail,train,40.7,270.9,3.17,19,as built,0,0.685,0,0,1
rail_train,rail,train,40.3,269.4,3.21,26,scatter,1,1.36,0,0,1
rail_train,rail,train,40.7,270.9,3.17,13,rows,0,1.041,0,1,1
rail_train,rail,train,40.3,269.4,3.22,18,rows,1,1.059,0,0,1
rail_train,rail,train,38.7,268.9,3.12,9,scatter,1,1.199,0,0,1
rail_train,rail,train,39.2,271.2,3.2,11,scatter,1,1.179,0,0,1
rail_train,rail,train,38.8,271.0,3.11,8,cluster,1,0.635,0,0,1
rail_train,rail,train,40.4,267.9,3.18,19,crowd,1,0.764,0,1,1
rail_train,rail,train,40.2,269.9,3.25,14,cluster,1,1.384,0,0,1
rail_train,rail,train,39.3,266.8,3.22,8,scatter,0,1.346,0,0,1
rail_train,rail,train,40.3,270.3,3.24,32,scatter,0,0.58,0,1,1
rail_train,rail,train,40.1,270.5,3.23,22,scatter,0,0.607,0,0,1
rail_train,rail,train,40.7,271.9,3.22,51,crowd,1,1.325,0,1,1
rail_train,rail,train,39.1,270.2,3.19,8,cluster,1,1.091,0,1,1
rail_train,rail,train,40.5,268.9,3.13,11,scatter,0,1.212,0,1,1
rail_train,rail,train,39.6,268.4,3.23,18,cluster,1,1.225,0,1,1
rail_train,rail,train,40.7,270.1,3.21,32,crowd,1,1.412,0,0,1
rail_train,rail,train,39.1,268.5,3.22,19,cluster,1,0.919,0,1,1
rail_train,rail,train,39.2,270.5,3.2,61,clusters,0,0.747,0,0,1
rail_train,rail,train,40.4,271.5,3.19,27,scatter,1,1.278,0,1,1
rail_train,rail,train,39.7,269.9,3.23,30,scatter,0,0.847,0,1,1
rail_train,rail,train,40.4,270.3,3.24,24,clusters,0,0.659,0,1,1
rail_train,rail,train,40.5,270.5,3.09,30,scatter,1,0.89,0,1,1
rail_train,rail,train,39.9,268.6,3.18,8,scatter,1,1.296,0,0,1
rail_train,rail,train,39.9,268.9,3.23,12,scatter,1,0.929,0,1,1
rail_train,rail,train,39.2,268.2,3.15,37,crowd,1,1.377,0,0,1
rail_train,rail,train,40.1,269.1,3.24,10,scatter,1,1.247,0,0,1
rail_train,rail,train,38.5,270.0,3.13,13,scatter,1,0.794,0,0,1
rail_train,rail,train,40.6,272.3,3.18,55,clusters,1,1.113,0,0,1
rail_train,rail,train,40.0,272.7,3.21,31,crowd,1,0.76,0,1,1
rail_train,rail,train,40.2,267.9,3.22,18,cluster,0,1.306,0,0,1
rail_train,rail,train,41.1,268.3,3.12,35,rows,1,1.372,0,1,1
rail_train,rail,train,40.3,270.7,3.19,26,scatter,1,0.596,0,0,1
rail_train,rail,train,41.0,268.0,3.11,24,cluster,0,0.711,0,0,1
rail_train,rail,train,39.4,272.1,3.21,23,clusters,1,0.712,0,0,1
rail_train,rail,train,39.8,269.7,3.25,21,clusters,1,0.782,0,0,1
rail_train,rail,train,40.0,271.1,3.23,26,clusters,1,1.407,0,0,1
rail_train,rail,train,38.9,270.5,3.19,34,scatter,0,1.199,0,1,1
rail_train,rail,train,40.7,272.0,3.21,45,rows,1,1.203,0,1,1
rail_train,rail,train,39.7,268.7,3.24,22,scatter,1,0.76,0,0,1
rail_train,rail,train,39.9,270.0,3.23,29,cluster,1,1.217,0,0,1
rail_train,rail,train,39.9,268.5,3.19,29,scatter,1,0.672,0,1,1
rail_train,rail,train,40.7,268.8,3.11,23,cluster,1,1.343,0,1,1
rail_train,rail,train,41.0,269.8,3.18,56,rows,0,0.846,0,0,1
rail_train,rail,train,40.9,269.2,3.19,23,clusters,0,0.906,0,0,1
rail_train,rail,train,40.1,269.8,3.2,12,scatter,1,1.275,0,0,1
rail_train,rail,train,40.8,268.3,3.17,9,cluster,1,1.125,0,0,1
rail_train,rail,train,40.5,267.6,3.21,14,cluster,0,0.94,0,0,1
rail_train,rail,train,40.1,269.7,3.25,57,crowd,1,0.624,0,0,1
rail_train,rail,train,41.0,270.1,3.17,29,scatter,0,0.649,0,0,1
rail_train,rail,train,41.2,272.8,3.14,35,crowd,1,0.619,0,0,1
rail_train,rail,train,40.7,267.5,3.13,6,cluster,1,0.736,0,0,1
rail_train,rail,train,40.3,270.7,3.23,18,scatter,1,0.865,0,1,1
rail_train,rail,train,39.0,268.8,3.13,29,scatter,0,1.16,0,0,1
rail_train,rail,train,39.8,270.0,3.2,19,as built,0,1.136,0,0,1
rail_train,rail,train,39.9,268.5,3.18,27,scatter,0,0.755,0,0,1
rail_train,rail,train,39.3,270.5,3.21,14,crowd,1,0.557,0,1,1
rail_train,rail,train,39.9,271.3,3.22,25,scatter,0,1.174,0,0,1
rail_train,rail,train,38.5,268.9,3.13,36,crowd,0,0.974,0,0,1
rail_train,rail,train,38.3,268.9,3.17,28,scatter,1,0.83,0,0,1
rail_train,rail,train,40.8,268.7,3.16,17,scatter,1,0.665,0,0,1
rail_train,rail,train,39.9,271.4,3.18,19,cluster,1,0.785,0,0,1
rail_train,rail,train,38.3,271.5,3.16,15,cluster,0,0.602,0,0,1
rail_train,rail,train,38.2,270.7,3.16,17,rows,1,0.597,0,1,1
rail_train,rail,train,40.1,269.4,3.21,11,scatter,1,0.916,0,0,1
rail_train,rail,train,38.8,270.3,3.19,27,cluster,1,0.692,0,0,1
rail_train,rail,train,39.3,271.2,3.23,15,scatter,1,0.561,0,0,1
rail_train,rail,train,39.5,268.3,3.23,62,scatter,1,0.704,0,1,1
rail_train,rail,train,40.4,268.3,3.18,17,scatter,0,1.127,0,1,1
rail_train,rail,train,41.6,270.4,3.14,10,crowd,0,0.729,0,1,1
rail_train,rail,train,39.5,270.7,3.21,51,clusters,1,0.675,0,0,1
rail_train,rail,train,39.2,268.7,3.2,54,rows,1,1.065,0,0,1
rail_train,rail,train,39.2,268.7,3.21,10,rows,1,1.008,0,1,1
rail_train,rail,train,40.8,270.0,3.1,19,as built,1,1.416,0,0,1
rail_train,rail,train,40.0,268.4,3.14,43,crowd,0,1.376,0,1,1
rail_train,rail,train,40.8,269.5,3.17,21,scatter,1,0.573,0,1,1
rail_train,rail,train,39.0,271.4,3.19,16,scatter,1,1.381,0,0,1
rail_train,rail,train,39.7,267.4,3.2,18,scatter,0,1.026,0,0,1
rail_train,rail,train,38.9,270.1,3.19,33,scatter,0,0.671,0,0,1
rail_train,rail,train,39.5,269.1,3.15,16,cluster,1,0.655,0,0,1
rail_train,rail,train,39.8,267.4,3.16,39,scatter,1,0.984,0,0,1
rail_train,rail,train,39.8,269.5,3.25,30,scatter,0,1.065,0,0,1
rail_train,rail,train,38.6,271.1,3.12,16,scatter,0,0.987,0,0,1
rail_train,rail,train,40.0,269.6,3.21,25,cluster,1,0.564,0,1,1
rail_train,rail,train,39.7,267.2,3.18,13,scatter,1,0.573,0,0,1
rail_train,rail,train,38.9,268.8,3.16,21,scatter,1,0.921,0,1,1
rail_train,rail,train,40.4,267.7,3.23,27,scatter,0,0.883,0,1,1
rail_train,rail,train,39.4,271.0,3.11,35,rows,1,1.404,0,1,1
rail_train,rail,train,40.0,272.0,3.23,15,scatter,0,1.386,0,0,1
rail_train,rail,train,40.2,268.5,3.23,28,cluster,1,0.808,0,0,1
rail_train,rail,train,40.0,268.2,3.25,11,rows,0,1.078,0,0,1
rail_train,rail,train,38.3,268.1,3.19,61,rows,1,0.999,0,0,1
rail_train,rail,train,39.8,270.3,3.19,16,scatter,1,1.217,0,1,1
rail_train,rail,train,40.4,267.6,3.2,50,crowd,0,1.193,0,0,1
rail_train,rail,train,40.1,271.6,3.11,67,rows,1,0.681,0,1,1
rail_train,rail,train,40.1,268.8,3.25,14,clusters,1,1.303,0,0,1
rail_train,rail,train,40.1,270.6,3.19,34,cluster,1,0.837,0,0,1
rail_train,rail,train,40.4,272.0,3.16,14,cluster,1,0.769,0,0,1
rail_train,rail,train,38.8,267.4,3.2,31,cluster,1,0.958,0,0,1
rail_train,rail,train,40.8,273.6,3.19,9,scatter,1,0.89,0,0,1
rail_train,rail,train,40.0,269.5,3.2,14,rows,1,1.124,0,0,1
rail_train,rail,train,39.2,269.0,3.22,12,cluster,1,0.975,0,0,1
rail_train,rail,train,40.2,271.3,3.24,27,scatter,1,1.416,0,0,1
rail_train,rail,train,39.0,268.1,3.19,7,cluster,0,1.385,0,0,1
rail_train,rail,train,39.9,269.9,3.2,48,scatter,1,1.204,0,0,1
rail_train,rail,train,40.3,270.6,3.23,22,scatter,1,1.039,0,1,1
rail_train,rail,train,40.0,268.9,3.23,39,clusters,0,1.029,0,0,1
rail_train,rail,train,39.3,269.4,3.22,25,scatter,1,0.668,0,0,1
rail_train,rail,train,40.4,270.9,3.13,22,scatter,1,0.628,0,0,1
rail_train,rail,train,40.0,269.5,3.23,46,rows,0,0.611,0,0,1
rail_train,rail,train,40.8,268.0,3.18,23,scatter,1,1.412,0,0,1
rail_train,rail,train,40.3,268.8,3.24,44,clusters,0,0.594,0,1,1
rail_train,rail,train,41.2,270.8,3.16,19,as built,0,1.111,0,1,1
rail_train,rail,train,39.3,272.7,3.23,56,scatter,1,1.001,0,0,1
rail_train,rail,train,40.0,269.8,3.11,11,scatter,1,0.994,0,1,1
rail_train,rail,train,40.1,271.8,3.24,8,cluster,0,1.081,0,1,1
rail_train,rail,train,41.0,269.7,3.12,15,cluster,1,0.929,0,0,1
rail_train,rail,train,40.0,267.8,3.19,32,crowd,1,0.714,0,0,1
rail_train,rail,train,39.8,268.6,3.22,67,clusters,1,1.066,0,1,1
rail_train,rail,train,40.3,271.1,3.2,56,rows,1,0.86,0,0,1
rail_train,rail,train,41.3,270.2,3.13,28,cluster,0,0.597,0,1,1
rail_train,rail,train,40.6,270.4,3.19,20,scatter,1,0.901,0,1,1
rail_train,rail,train,39.7,270.2,3.25,10,cluster,1,1.258,0,0,1
rail_train,rail,train,40.6,269.1,3.19,21,scatter,1,0.969,0,0,1
rail_train,rail,train,38.2,271.4,3.18,12,clusters,1,1.258,0,0,1
rail_train,rail,train,39.7,271.9,3.11,35,crowd,0,1.162,0,1,1
rail_train,rail,train,41.0,270.7,3.18,25,scatter,1,1.281,0,0,1
rail_train,rail,train,40.4,269.0,3.21,19,as built,0,1.166,0,0,1
rail_train,rail,train,39.3,270.5,3.13,16,crowd,1,1.398,0,1,1
rail_train,rail,train,40.2,272.9,3.22,42,clusters,1,0.883,0,0,1
rail_train,rail,train,40.0,270.0,3.23,17,scatter,1,1.266,0,1,1
rail_train,rail,train,40.0,269.5,3.12,12,scatter,1,0.795,0,1,1
rail_train,rail,train,40.9,268.6,3.15,52,rows,0,0.834,0,0,1
rail_train,rail,train,39.9,269.4,3.23,15,cluster,1,0.587,0,0,1
rail_train,rail,train,39.9,271.3,3.16,31,scatter,1,0.814,0,1,1
rail_train,rail,train,40.1,269.5,3.15,62,crowd,1,1.359,0,0,1
rail_train,rail,train,38.7,268.8,3.12,49,clusters,1,1.102,0,0,1
rail_train,rail,train,40.2,270.0,3.21,19,cluster,0,0.783,0,0,1
rail_train,rail,train,39.3,271.5,3.19,46,scatter,1,1.427,0,0,1
rail_train,rail,train,39.3,266.9,3.15,27,cluster,1,0.853,0,0,1
rail_train,rail,train,40.0,271.1,3.21,24,scatter,1,0.566,0,0,1
rail_train,rail,train,40.8,268.1,3.16,26,scatter,1,1.059,0,0,1
rail_train,rail,train,38.9,269.3,3.2,26,scatter,1,1.178,0,0,1
rail_train,rail,train,39.2,271.0,3.21,65,rows,1,1.386,0,0,1
rail_train,rail,train,40.6,267.5,3.1,38,scatter,1,1.292,0,1,1
rail_train,rail,train,39.7,270.6,3.24,31,scatter,1,1.364,0,0,1
rail_train,rail,train,40.7,268.5,3.18,32,scatter,1,1.266,0,0,1
rail_train,rail,train,38.7,267.6,3.2,70,clusters,1,1.404,0,0,1
rail_train,rail,train,40.4,270.7,3.23,36,clusters,1,1.241,0,0,1
rail_train,rail,train,39.7,270.5,3.22,29,scatter,0,0.881,0,0,1
rail_train,rail,train,39.3,269.5,3.22,21,scatter,1,1.231,0,0,1
rail_train,rail,train,39.2,269.2,3.2,59,crowd,1,1.408,0,1,1
rail_train,rail,train,40.4,269.8,3.15,19,as built,1,0.968,0,0,1
rail_train,rail,train,40.6,270.5,3.22,29,clusters,1,1.195,0,0,1
rail_train,rail,train,40.0,272.1,3.2,15,crowd,0,0.609,0,1,1
rail_train,rail,train,39.6,267.8,3.18,19,as built,1,1.127,0,0,1
rail_train,rail,train,40.4,269.8,3.21,31,scatter,1,1.098,0,0,1
rail_train,rail,train,41.1,267.0,3.12,71,scatter,1,1.268,0,0,1
rail_train,rail,train,40.3,268.4,3.24,27,scatter,1,1.307,0,0,1
rail_train,rail,train,40.2,270.3,3.25,27,scatter,0,0.956,0,0,1
rail_train,rail,train,39.3,271.5,3.18,35,clusters,0,1.032,0,1,1
rail_train,rail,train,40.7,270.7,3.19,47,rows,1,1.25,0,1,1
rail_train,rail,train,39.9,267.2,3.18,52,rows,1,0.87,0,1,1
rail_train,rail,train,40.2,271.4,3.21,28,scatter,1,0.732,0,1,1
rail_train,rail,train,40.4,270.7,3.2,8,scatter,1,1.446,0,0,1
rail_train,rail,train,40.3,268.5,3.08,24,rows,1,1.28,0,0,1
rail_train,rail,train,39.7,270.5,3.18,30,scatter,0,0.768,0,0,1
rail_train,rail,train,40.4,269.5,3.22,19,as built,1,0.773,0,0,1
rail_train,rail,train,39.6,268.9,3.21,18,rows,1,0.633,0,0,1
rail_train,rail,train,40.4,270.3,3.17,75,rows,1,1.08,0,1,1
rail_train,rail,train,40.8,273.7,3.11,30,crowd,1,1.434,0,0,1
rail_train,rail,train,39.8,266.6,3.06,35,clusters,1,1.066,0,1,1
rail_train,rail,train,39.8,271.4,3.18,19,as built,1,0.702,0,0,1
rail_train,rail,train,38.4,269.2,3.17,46,rows,1,1.43,0,0,1
rail_train,rail,train,40.5,268.5,3.22,31,scatter,0,0.953,0,1,1
rail_train,rail,train,38.5,271.7,3.15,28,crowd,0,1.191,0,1,1
rail_train,rail,train,38.6,268.1,3.18,20,cluster,1,0.669,0,0,1
rail_train,rail,train,39.3,272.4,3.2,23,scatter,0,1.233,0,0,1
rail_train,rail,train,38.5,266.7,3.13,19,as built,1,0.83,0,0,1
rail_train,rail,train,41.1,271.1,3.15,24,cluster,0,1.344,0,0,1
rail_train,rail,train,38.3,267.0,3.17,17,cluster,1,1.342,0,0,1
rail_train,rail,train,41.3,270.4,3.18,43,scatter,1,1.198,0,0,1
rail_train,rail,train,40.1,269.3,3.18,16,cluster,1,1.111,0,0,1
rail_train,rail,train,40.4,269.2,3.17,11,clusters,1,0.961,0,1,1
rail_train,rail,train,40.0,266.7,3.24,34,crowd,1,0.578,0,0,1
rail_train,rail,train,40.3,268.8,3.22,33,scatter,0,0.988,0,0,1
rail_train,rail,train,41.0,271.1,3.15,29,scatter,1,1.435,0,0,1
rail_train,rail,train,40.9,270.2,3.19,10,clusters,1,0.801,0,1,1
rail_train,rail,train,40.3,270.8,3.23,42,scatter,1,1.261,0,0,1
rail_train,rail,train,40.4,271.5,3.23,23,crowd,0,1.127,0,1,1
rail_train,rail,train,40.2,268.4,3.12,21,scatter,1,1.441,0,0,1
rail_train,rail,train,41.6,270.9,3.14,59,clusters,0,0.598,0,1,1
rail_train,rail,train,40.0,273.5,3.23,12,scatter,0,0.874,0,0,1
rail_train,rail,train,39.0,270.2,3.19,9,cluster,0,0.591,0,1,1
rail_train,rail,train,40.9,271.1,3.18,28,scatter,1,1.265,0,0,1
rail_train,rail,train,41.1,269.4,3.15,8,cluster,1,0.783,0,1,1
rail_train,rail,train,40.4,270.3,3.13,57,scatter,1,1.371,0,0,1
rail_train,rail,train,39.8,268.7,3.23,10,cluster,1,1.071,0,0,1
rail_train,rail,train,39.8,267.8,3.2,19,as built,1,0.631,0,0,1
rail_train,rail,train,38.3,269.3,3.18,55,crowd,0,0.852,0,0,1
rail_train,rail,train,39.8,268.0,3.14,15,scatter,1,1.435,0,0,1
rail_train,rail,train,40.6,268.6,3.22,19,scatter,0,1.108,0,1,1
rail_train,rail,train,39.6,271.5,3.23,27,cluster,1,1.008,0,0,1
rail_train,rail,train,41.0,271.9,3.2,44,scatter,1,1.141,0,0,1
rail_train,rail,train,39.3,269.5,3.21,21,scatter,1,1.252,0,0,1
rail_train,rail,train,39.4,272.5,3.19,48,rows,1,0.938,0,1,1
rail_train,rail,train,39.6,271.8,3.19,30,scatter,1,0.985,0,0,1
rail_train,rail,train,39.6,269.3,3.21,15,rows,0,1.042,0,0,1
rail_train,rail,train,39.9,269.3,3.18,17,cluster,1,0.808,0,1,1
rail_train,rail,train,40.1,270.9,3.16,10,scatter,1,1.213,0,0,1
rail_train,rail,train,40.7,271.3,3.21,32,scatter,1,0.913,0,0,1
rail_train,rail,train,39.4,270.0,3.2,8,scatter,1,1.347,0,0,1
rail_train,rail,train,40.6,269.3,3.19,19,scatter,1,1.059,0,1,1
rail_train,rail,train,39.3,272.4,3.23,13,cluster,0,1.025,0,0,1
rail_train,rail,train,38.1,271.6,3.16,36,rows,0,0.703,0,0,1
rail_train,rail,train,40.0,269.7,3.21,25,scatter,1,1.333,0,0,1
rail_train,rail,train,38.3,268.3,3.15,15,cluster,0,0.91,0,0,1
rail_train,rail,train,39.4,267.3,3.19,31,scatter,1,0.75,0,1,1
rail_train,rail,train,40.7,270.5,3.16,68,rows,0,1.431,0,0,1
rail_train,rail,train,41.7,271.6,3.15,14,scatter,1,1.45,0,0,1
rail_train,rail,train,40.0,267.0,3.25,36,scatter,0,1.268,0,0,1
rail_train,rail,train,39.7,269.1,3.18,20,rows,0,1.396,0,0,1
rail_train,rail,train,40.0,270.9,3.24,28,scatter,0,1.132,0,0,1
rail_train,rail,train,40.3,269.3,3.23,20,rows,0,0.853,0,1,1
rail_train,rail,train,40.4,270.8,3.19,41,clusters,1,0.995,0,0,1
rail_train,rail,train,41.3,268.7,3.16,28,cluster,1,1.142,0,0,1
rail_train,rail,train,39.1,271.1,3.2,46,rows,1,0.614,0,1,1
rail_train,rail,train,39.2,267.9,3.22,32,scatter,0,0.781,0,0,1
rail_train,rail,train,39.9,267.9,3.2,33,scatter,0,1.2,0,0,1
rail_train,rail,train,40.1,270.6,3.2,24,scatter,1,0.844,0,0,1
rail_train,rail,train,40.1,269.5,3.21,11,scatter,1,1.421,0,1,1
rail_train,rail,train,40.2,268.9,3.11,19,as built,1,1.001,0,0,1
rail_train,rail,train,40.5,269.0,3.21,20,scatter,1,0.931,0,0,1
rail_train,rail,train,40.3,272.5,3.12,48,crowd,0,0.881,0,0,1
rail_train,rail,train,39.4,271.9,3.19,11,scatter,0,0.848,0,0,1
rail_train,rail,train,40.6,272.8,3.11,52,scatter,1,0.865,0,0,1
rail_train,rail,train,40.5,272.7,3.2,12,cluster,1,1.345,0,0,1
rail_train,rail,train,39.9,266.7,3.14,11,scatter,1,0.665,0,0,1
rail_train,rail,train,40.2,268.1,3.24,28,scatter,1,1.161,0,0,1
rail_train,rail,train,38.3,270.3,3.15,19,as built,1,0.586,0,0,1
rail_train,rail,train,39.9,271.8,3.23,34,scatter,1,0.8,0,0,1
rail_train,rail,train,40.5,269.9,3.23,65,scatter,0,0.818,0,0,1
rail_train,rail,train,40.5,270.3,3.2,15,cluster,1,1.26,0,0,1
rail_train,rail,train,40.9,270.9,3.19,63,scatter,1,0.995,0,1,1
rail_train,rail,train,40.4,268.3,3.2,9,scatter,1,0.829,0,0,1
rail_train,rail,train,39.9,269.6,3.14,40,clusters,1,1.418,0,0,1
rail_train,rail,train,39.4,269.9,3.23,25,scatter,1,0.715,0,0,1
rail_train,rail,train,39.8,269.3,3.15,11,cluster,1,1.432,0,0,1
rail_train,rail,train,39.7,267.6,3.19,23,scatter,1,0.683,0,0,1
rail_train,rail,train,39.1,270.4,3.12,30,rows,1,0.963,0,0,1
rail_train,rail,train,40.1,271.0,3.16,63,clusters,0,1.377,0,0,1
rail_train,rail,train,39.5,271.9,3.15,37,scatter,0,0.6,0,1,1
rail_train,rail,train,40.0,270.5,3.25,57,crowd,1,1.378,0,0,1
rail_train,rail,train,40.2,271.6,3.16,26,scatter,0,1.432,0,0,1
rail_train,rail,train,41.6,266.7,3.15,19,as built,1,1.158,0,1,1
rail_train,rail,train,39.7,268.9,3.21,15,scatter,0,0.979,0,1,1
rail_train,rail,train,39.1,269.6,3.19,19,as built,1,1.122,0,1,1
rail_train,rail,train,38.6,270.6,3.18,19,as built,1,0.798,0,1,1
rail_train,rail,train,39.2,268.7,3.21,8,cluster,0,1.15,0,0,1
rail_train,rail,train,39.9,268.7,3.21,19,as built,1,1.344,0,0,1
rail_train,rail,train,39.7,267.5,3.22,55,crowd,0,1.05,0,1,1
rail_train,rail,train,40.5,272.6,3.2,20,cluster,1,0.695,0,0,1
rail_train,rail,train,40.3,269.8,3.12,22,scatter,1,1.095,0,0,1
rail_train,rail,train,39.2,271.8,3.14,24,scatter,1,1.15,0,1,1
rail_train,rail,train,39.6,273.5,3.18,17,as built,1,1.277,0,1,1
rail_train,rail,train,39.5,269.3,3.14,62,clusters,1,1.272,0,0,1
rail_train,rail,train,39.5,270.2,3.15,11,scatter,1,1.175,0,0,1
rail_train,rail,train,39.7,268.7,3.13,59,clusters,1,0.605,0,1,1
rail_train,rail,train,40.0,269.6,3.21,55,scatter,0,1.11,0,0,1
rail_train,rail,train,39.6,272.5,3.21,34,scatter,1,0.718,0,1,1
rail_train,rail,train,39.1,270.7,3.13,6,cluster,0,0.745,0,0,1
rail_train,rail,train,39.8,273.5,3.21,21,scatter,0,1.373,0,0,1
rail_train,rail,train,40.1,269.6,3.07,20,scatter,0,1.382,0,1,1
rail_train,rail,train,39.3,270.3,3.12,45,crowd,1,1.008,0,0,1
rail_train,rail,train,39.0,270.4,3.17,17,scatter,1,1.177,0,0,1
rail_train,rail,train,40.4,271.1,3.2,28,scatter,0,1.124,0,1,1
rail_train,rail,train,39.6,267.1,3.17,9,scatter,1,1.103,0,0,1
rail_train,rail,train,40.1,266.8,3.19,19,scatter,1,1.437,0,0,1
rail_train,rail,train,38.7,270.6,3.2,63,rows,0,0.715,0,0,1
rail_train,rail,train,40.8,273.0,3.13,62,scatter,1,1.285,0,1,1
rail_train,rail,train,38.8,266.6,3.2,73,crowd,0,0.563,0,0,1
rail_train,rail,train,41.0,271.7,3.17,18,scatter,0,0.562,0,0,1
rail_train,rail,train,38.6,269.9,3.19,40,rows,1,1.161,0,0,1
rail_train,rail,train,39.7,272.9,3.25,25,rows,0,0.608,0,0,1
rail_train,rail,train,39.2,270.5,3.22,12,scatter,1,0.706,0,1,1
rail_train,rail,train,38.9,267.7,3.18,19,scatter,0,1.39,0,1,1
rail_train,rail,train,40.5,268.6,3.21,73,rows,1,1.302,0,0,1
rail_train,rail,train,38.0,271.3,3.17,27,scatter,1,1.059,0,0,1
rail_train,rail,train,39.9,269.7,3.15,33,scatter,1,1.22,0,1,1
rail_train,rail,train,40.2,270.9,3.18,36,clusters,1,1.332,0,0,1
rail_train,rail,train,39.4,272.6,3.22,24,cluster,0,1.082,0,0,1
rail_train,rail,train,38.7,270.6,3.15,31,scatter,1,1.275,0,0,1
rail_train,rail,train,39.8,268.2,3.21,61,rows,0,1.335,0,0,1
rail_train,rail,train,40.4,268.1,3.24,18,scatter,1,1.424,0,0,1
rail_train,rail,train,40.0,268.6,3.24,19,scatter,0,0.838,0,1,1
rail_train,rail,train,40.2,269.4,3.24,24,cluster,0,0.927,0,0,1
rail_train,rail,train,39.3,271.6,3.18,19,scatter,1,1.405,0,0,1
rail_train,rail,train,40.4,268.0,3.16,16,cluster,1,1.019,0,0,1
rail_train,rail,train,39.3,269.4,3.21,27,scatter,0,0.967,0,0,1
rail_train,rail,train,39.6,269.5,3.11,11,scatter,1,1.259,0,0,1
rail_train,rail,train,39.3,271.1,3.22,32,cluster,1,0.707,0,0,1
rail_train,rail,train,39.0,269.2,3.21,64,rows,1,0.96,0,0,1
rail_train,rail,train,39.4,272.4,3.13,26,scatter,1,1.227,0,0,1
rail_train,rail,train,40.7,270.6,3.17,62,crowd,0,1.342,0,0,1
rail_train,rail,train,39.4,271.7,3.22,11,cluster,1,0.724,0,0,1
rail_train,rail,train,40.1,271.1,3.24,11,cluster,1,1.097,0,0,1
rail_train,rail,train,40.0,270.7,3.21,14,scatter,1,1.359,0,0,1
rail_train,rail,train,40.3,269.7,3.2,37,scatter,1,1.143,0,1,1
rail_train,rail,train,40.2,268.3,3.14,51,scatter,0,1.408,0,0,1
rail_train,rail,train,39.9,268.5,3.23,17,cluster,0,1.264,0,0,1
rail_train,rail,train,39.4,270.7,3.23,30,scatter,1,1.043,0,0,1
rail_train,rail,train,41.1,270.6,3.17,24,rows,0,1.1,0,1,1
rail_train,rail,train,40.6,270.8,3.2,19,as built,0,1.127,0,0,1
rail_train,rail,train,40.1,270.0,3.17,51,rows,1,0.562,0,1,1
rail_train,rail,train,41.2,269.1,3.16,50,scatter,1,0.816,0,0,1
rail_train,rail,train,38.4,270.0,3.16,26,cluster,1,1.228,0,1,1
rail_train,rail,train,40.9,269.4,3.2,28,scatter,1,0.983,0,1,1
rail_train,rail,train,40.3,271.0,3.14,19,as built,0,0.767,0,0,1
rail_train,rail,train,39.9,270.3,3.21,27,cluster,0,0.619,0,0,1
rail_train,rail,train,39.4,272.2,3.23,45,scatter,1,1.018,0,0,1
rail_train,rail,train,41.1,270.1,3.18,18,clusters,1,1.201,0,0,1
rail_train,rail,train,39.7,270.7,3.22,23,cluster,1,0.981,0,0,1
rail_train,rail,train,39.9,270.3,3.21,15,scatter,1,1.047,0,0,1
rail_train,rail,train,39.9,269.1,3.11,58,scatter,0,0.865,0,0,1
rail_train,rail,train,39.0,269.6,3.17,73,rows,1,1.328,0,0,1
rail_train,rail,train,39.9,273.5,3.22,61,rows,0,0.793,0,0,1
rail_train,rail,train,40.4,273.1,3.15,21,scatter,1,0.853,0,1,1
rail_train,rail,train,39.6,270.5,3.16,14,rows,1,0.628,0,1,1
rail_train,rail,train,41.5,269.3,3.14,9,cluster,1,0.977,0,0,1
rail_train,rail,train,40.0,272.0,3.25,20,clusters,1,0.828,0,0,1
rail_train,rail,train,40.4,270.9,3.21,11,scatter,0,1.407,0,1,1
rail_train,rail,train,41.3,269.4,3.13,42,rows,0,0.866,0,0,1
rail_train,rail,train,40.0,271.6,3.22,41,rows,1,0.79,0,0,1
rail_train,rail,train,39.3,270.0,3.17,19,as built,1,1.299,0,0,1
rail_train,rail,train,40.7,271.2,3.15,63,rows,1,0.997,0,0,1
rail_train,rail,train,40.8,270.0,3.1,22,scatter,0,1.262,0,1,1
rail_train,rail,train,41.1,270.8,3.17,28,rows,1,1.364,0,1,1
rail_train,rail,train,40.4,268.5,3.15,75,rows,0,1.131,0,0,1
rail_train,rail,train,40.9,270.5,3.11,24,scatter,1,0.92,0,1,1
rail_train,rail,train,41.7,271.5,3.15,33,clusters,0,1.123,0,0,1
rail_train,rail,train,41.0,268.8,3.14,19,cluster,1,1.145,0,0,1
rail_train,rail,train,40.0,267.8,3.22,32,scatter,1,1.276,0,0,1
rail_train,rail,train,40.3,271.4,3.15,15,scatter,1,0.755,0,1,1
rail_train,rail,train,39.8,269.8,3.22,71,rows,0,1.143,0,0,1
rail_train,rail,train,40.9,269.7,3.14,15,scatter,1,1.228,0,0,1
rail_train,rail,train,40.4,273.3,3.22,18,as built,0,0.94,0,0,1
rail_train,rail,train,38.2,269.5,3.16,51,crowd,1,1.196,0,0,1
rail_train,rail,train,40.5,267.5,3.19,29,rows,1,1.383,0,1,1
rail_train,rail,train,40.0,270.5,3.09,30,cluster,0,0.984,0,0,1
rail_train,rail,train,40.1,270.9,3.26,32,scatter,0,0.903,0,1,1
rail_train,rail,train,40.8,269.9,3.15,9,scatter,0,0.8,0,0,1
rail_train,rail,train,40.1,269.0,3.24,47,scatter,0,1.075,0,1,1
rail_train,rail,train,40.5,267.3,3.15,43,crowd,1,0.951,0,0,1
rail_train,rail,train,40.4,268.8,3.24,19,as built,0,0.64,0,0,1
rail_train,rail,train,39.4,267.1,3.2,18,clusters,0,0.83,0,1,1
rail_train,rail,train,40.4,270.5,3.23,27,scatter,0,0.783,0,1,1
rail_train,rail,train,40.9,273.6,3.13,15,scatter,0,1.212,0,0,1
rail_train,rail,train,39.8,269.9,3.07,17,scatter,0,0.963,0,1,1
rail_train,rail,train,40.0,270.9,3.25,9,scatter,1,0.627,0,0,1
rail_train,rail,train,39.7,269.1,3.14,39,crowd,0,0.687,0,0,1
rail_train,rail,train,39.2,267.8,3.2,62,rows,1,0.899,0,0,1
rail_train,rail,train,40.6,270.3,3.21,18,scatter,1,0.754,0,1,1
rail_train,rail,train,39.3,270.4,3.22,16,scatter,1,1.128,0,0,1
rail_train,rail,train,38.6,272.6,3.13,22,cluster,1,1.11,0,0,1
rail_train,rail,train,40.4,268.6,3.09,64,crowd,1,0.646,0,0,1
rail_train,rail,train,38.6,269.1,3.17,26,scatter,1,1.164,0,0,1
rail_train,rail,train,39.2,270.7,3.19,17,scatter,1,0.68,0,1,1
rail_train,rail,train,39.9,268.6,3.17,29,clusters,1,1.336,0,0,1
rail_train,rail,train,40.1,271.8,3.22,15,scatter,1,1.304,0,0,1
rail_train,rail,train,39.9,270.0,3.23,30,scatter,1,1.181,0,1,1
rail_train,rail,train,39.8,271.6,3.18,19,cluster,1,0.626,0,0,1
rail_train,rail,train,41.1,269.5,3.18,11,clusters,1,0.714,0,0,1
rail_train,rail,train,39.2,268.9,3.13,34,rows,1,1.21,0,0,1
rail_train,rail,train,41.2,271.1,3.19,32,scatter,1,0.78,0,0,1
rail_train,rail,train,39.1,269.9,3.19,27,rows,1,0.685,0,1,1
rail_train,rail,train,40.5,270.0,3.2,30,rows,1,1.43,0,1,1
rail_train,rail,train,39.8,271.3,3.18,10,cluster,1,0.745,0,1,1
rail_train,rail,train,40.6,269.7,3.2,18,scatter,1,1.23,0,0,1
rail_train,rail,train,39.5,269.4,3.18,50,rows,0,0.746,0,0,1
rail_train,rail,train,39.7,270.6,3.22,16,scatter,1,1.28,0,1,1
rail_train,rail,train,39.5,272.9,3.23,30,scatter,0,1.324,0,0,1
rail_train,rail,train,40.6,271.2,3.2,29,cluster,1,0.941,0,0,1
rail_train,rail,train,40.3,270.5,3.2,19,as built,1,0.71,0,0,1
rail_train,rail,train,38.7,271.9,3.2,17,rows,1,1.04,0,0,1
rail_train,rail,train,39.5,268.7,3.22,22,cluster,1,1.383,0,1,1
rail_train,rail,train,39.8,270.6,3.21,19,as built,1,1.332,0,0,1
rail_train,rail,train,40.9,267.5,3.16,21,scatter,1,1.36,0,0,1
rail_train,rail,train,40.1,269.0,3.13,35,clusters,1,0.675,0,0,1
rail_train,rail,train,39.7,268.4,3.18,26,scatter,1,1.419,0,0,1
rail_train,rail,train,40.7,270.0,3.18,25,crowd,0,0.911,0,1,1
rail_train,rail,train,39.3,272.2,3.21,10,scatter,1,1.254,0,0,1
rail_train,rail,train,39.5,268.5,3.17,17,scatter,0,1.116,0,1,1
rail_train,rail,train,41.3,269.9,3.15,27,scatter,1,0.872,0,0,1
rail_train,rail,train,40.5,272.9,3.23,25,scatter,1,1.307,0,0,1
rail_train,rail,train,40.9,269.3,3.17,28,scatter,1,0.728,0,1,1
rail_train,rail,train,41.0,273.6,3.15,25,clusters,1,0.755,0,0,1
rail_train,rail,train,40.1,271.0,3.17,19,cluster,1,1.036,0,0,1
rail_train,rail,train,38.6,268.8,3.13,19,scatter,1,1.413,0,1,1
rail_train,rail,train,39.4,272.0,3.08,31,scatter,1,0.615,0,0,1
rail_train,rail,train,39.0,272.0,3.21,19,scatter,1,1.192,0,0,1
rail_train,rail,train,40.7,270.8,3.17,58,rows,0,0.999,0,1,1
rail_train,rail,train,38.6,270.6,3.17,35,crowd,1,1.243,0,0,1
rail_train,rail,train,40.2,268.3,3.17,33,cluster,1,1.08,0,1,1
rail_train,rail,train,38.6,270.4,3.19,19,as built,1,0.982,0,0,1
rail_train,rail,train,40.4,269.1,3.22,19,rows,1,1.324,0,1,1
rail_train,rail,train,39.9,270.6,3.25,23,crowd,0,0.984,0,0,1
rail_train,rail,train,40.1,267.1,3.26,19,as built,1,0.563,0,0,1
rail_train,rail,train,39.4,270.3,3.23,25,scatter,1,1.421,0,0,1
rail_train,rail,train,40.0,268.3,3.26,19,scatter,0,0.706,0,1,1
rail_train,rail,train,39.5,268.7,3.2,8,scatter,1,1.257,0,1,1
rail_train,rail,train,39.4,272.0,3.2,22,cluster,1,0.995,0,0,1
rail_train,rail,train,38.5,268.5,3.13,8,cluster,0,0.818,0,0,1
rail_train,rail,train,41.7,268.0,3.15,21,scatter,1,1.018,0,1,1
rail_train,rail,train,39.3,268.8,3.19,8,scatter,1,0.69,0,0,1
rail_train,rail,train,40.6,272.0,3.2,19,as built,1,0.634,0,0,1
rail_train,rail,train,40.1,268.4,3.23,67,rows,1,0.645,0,0,1
rail_train,rail,train,40.0,267.6,3.13,64,clusters,0,0.725,0,0,1
rail_train,rail,train,40.3,269.2,3.21,57,crowd,1,1.054,0,0,1
rail_train,rail,train,39.5,267.7,3.13,16,cluster,0,1.329,0,0,1
rail_train,rail,train,40.1,271.7,3.19,32,clusters,1,1.089,0,0,1
rail_train,rail,train,40.1,271.3,3.18,24,cluster,0,1.423,0,1,1
rail_train,rail,train,40.4,270.1,3.18,16,clusters,0,1.006,0,1,1
rail_train,rail,train,39.0,271.3,3.2,42,rows,1,0.605,0,0,1
rail_train,rail,train,40.2,271.3,3.19,19,scatter,1,1.011,0,1,1
rail_train,rail,train,39.6,268.7,3.22,19,as built,1,0.699,0,0,1
rail_train,rail,train,40.6,266.6,3.21,58,crowd,1,1.068,0,1,1
rail_train,rail,train,38.6,270.2,3.15,44,clusters,0,0.852,0,0,1
rail_train,rail,train,40.8,269.4,3.19,69,scatter,1,1.292,0,0,1
rail_train,rail,train,39.2,269.4,3.22,17,clusters,1,0.87,0,1,1
rail_train,rail,train,39.1,273.5,3.14,55,scatter,1,0.965,0,0,1
rail_train,rail,train,39.2,269.5,3.2,23,scatter,1,1.317,0,1,1
rail_train,rail,train,40.0,270.9,3.17,19,as built,0,0.646,0,1,1
rail_train,rail,train,40.3,270.5,3.19,17,scatter,1,1.151,0,1,1
rail_train,rail,train,41.3,270.3,3.18,27,crowd,1,0.628,0,0,1
rail_train,rail,train,40.6,269.4,3.22,21,scatter,1,0.821,0,0,1
rail_train,rail,train,39.5,266.6,3.2,30,cluster,1,1.169,0,0,1
rail_train,rail,train,39.8,269.2,3.18,19,as built,0,0.941,0,1,1
rail_train,rail,train,38.7,267.5,3.17,31,scatter,0,0.915,0,0,1
rail_train,rail,train,39.7,270.5,3.21,47,rows,0,1.03,0,0,1
rail_train,rail,train,39.5,272.4,3.19,54,crowd,1,1.09,0,0,1
rail_train,rail,train,39.3,269.2,3.21,43,clusters,1,1.008,0,0,1
rail_train,rail,train,39.9,268.5,3.24,43,rows,1,1.156,0,0,1
rail_train,rail,train,38.9,272.7,3.15,62,scatter,1,1.26,0,0,1
rail_train,rail,train,39.7,267.9,3.22,22,scatter,1,1.04,0,0,1
rail_train,rail,train,39.9,271.4,3.25,50,crowd,1,0.801,0,0,1
rail_train,rail,train,41.2,268.1,3.18,39,scatter,1,0.66,0,1,1
rail_train,rail,train,38.0,270.8,3.17,64,clusters,1,1.052,0,0,1
rail_train,rail,train,40.9,271.9,3.11,28,scatter,0,0.784,0,1,1
rail_train,rail,train,39.8,271.8,3.24,25,cluster,1,1.168,0,0,1
rail_train,rail,train,40.5,268.6,3.13,15,scatter,0,0.674,0,0,1
rail_train,rail,train,41.2,271.8,3.18,17,scatter,1,0.716,0,0,1
rail_train,rail,train,38.2,267.6,3.18,58,rows,0,1.307,0,0,1
rail_train,rail,train,39.0,270.3,3.21,13,cluster,0,0.691,0,0,1
rail_train,rail,train,40.6,269.3,3.12,13,scatter,0,1.163,0,0,1
rail_train,rail,train,39.2,270.6,3.14,32,clusters,1,0.917,0,0,1
rail_train,rail,train,40.9,267.5,3.19,63,rows,1,1.38,0,0,1
rail_train,rail,train,39.4,269.4,3.18,23,cluster,1,1.388,0,1,1
rail_train,rail,train,39.1,269.5,3.15,12,scatter,1,0.908,0,0,1
rail_train,rail,train,39.1,267.0,3.18,19,cluster,0,1.307,0,1,1
rail_train,rail,train,39.5,269.8,3.21,31,rows,1,0.626,0,1,1
rail_train,rail,train,39.9,269.5,3.2,43,crowd,1,0.715,0,0,1
rail_train,rail,train,39.5,271.0,3.22,32,scatter,1,0.646,0,0,1
rail_train,rail,train,38.3,269.7,3.18,20,cluster,1,0.906,0,1,1
rail_train,rail,train,41.3,269.6,3.17,24,scatter,0,1.288,0,1,1
rail_train,rail,train,39.6,268.8,3.23,25,scatter,0,1.318,0,0,1
rail_train,rail,train,38.4,270.3,3.16,19,as built,1,0.784,0,0,1
rail_train,rail,train,40.0,268.8,3.2,29,scatter,1,0.91,0,0,1
rail_train,rail,train,40.7,267.8,3.15,51,crowd,1,0.759,0,0,1
rail_train,rail,train,40.2,272.0,3.17,17,crowd,1,0.966,0,0,1
rail_train,rail,train,39.7,270.7,3.19,19,as built,1,0.779,0,0,1
rail_train,rail,train,39.5,272.3,3.17,33,scatter,1,1.308,0,0,1
rail_train,rail,train,40.9,267.8,3.16,19,scatter,1,1.324,0,0,1
rail_train,rail,train,41.0,266.6,3.17,12,cluster,1,1.068,0,0,1
rail_train,rail,train,39.8,268.0,3.23,19,as built,1,1.146,0,1,1
rail_train,rail,train,41.6,269.1,3.16,46,scatter,1,0.989,0,0,1
rail_train,rail,train,40.8,269.8,3.2,19,as built,1,0.629,0,0,1
rail_train,rail,train,41.0,267.4,3.17,19,as built,0,1.222,0,0,1
rail_train,rail,train,39.7,268.6,3.1,26,cluster,0,0.977,0,1,1
rail_train,rail,train,39.2,269.0,3.21,28,scatter,1,1.331,0,0,1
rail_train,rail,train,40.3,269.8,3.24,29,scatter,0,1.221,0,0,1
rail_train,rail,train,40.5,270.7,3.23,18,scatter,1,0.709,0,0,1
rail_train,rail,train,41.0,271.0,3.13,23,scatter,1,0.591,0,0,1
rail_train,rail,train,39.4,270.6,3.16,34,scatter,1,0.7,0,0,1
rail_train,rail,train,39.5,270.4,3.16,22,clusters,0,0.832,0,0,1
rail_train,rail,train,39.0,271.2,3.2,11,crowd,0,0.59,0,0,1
rail_train,rail,train,38.9,273.2,3.17,67,clusters,1,0.815,0,1,1
rail_train,rail,train,40.6,269.3,3.22,33,crowd,1,0.981,0,0,1
rail_train,rail,train,39.5,269.9,3.13,19,as built,1,1.449,0,0,1
rail_train,rail,train,39.7,268.9,3.19,15,scatter,1,1.157,0,0,1
rail_train,rail,train,38.8,268.9,3.19,30,scatter,1,0.975,0,1,1
rail_train,rail,train,39.0,271.6,3.11,19,as built,0,1.0,0,1,1
rail_train,rail,train,39.8,269.7,3.23,19,as built,0,0.638,0,0,1
rail_train,rail,train,39.3,270.9,3.18,30,cluster,1,0.769,0,1,1
rail_train,rail,train,40.9,268.0,3.2,14,rows,1,1.027,0,0,1
rail_train,rail,train,40.0,269.7,3.24,19,as built,0,0.915,0,0,1
rail_train,rail,train,40.7,273.5,3.21,26,cluster,1,0.724,0,0,1
rail_train,rail,train,39.0,269.6,3.17,60,clusters,1,1.196,0,0,1
rail_train,rail,train,40.2,271.2,3.21,29,cluster,0,0.629,0,0,1
rail_train,rail,train,39.5,270.2,3.16,30,rows,0,1.165,0,0,1
rail_train,rail,train,40.7,271.2,3.2,50,rows,0,0.731,0,1,1
rail_train,rail,train,38.2,268.0,3.15,21,scatter,1,1.348,0,0,1
rail_train,rail,train,38.9,270.4,3.17,57,rows,1,0.761,0,0,1
rail_train,rail,train,39.6,270.3,3.23,19,as built,1,1.102,0,0,1
rail_train,rail,train,38.7,268.1,3.2,49,rows,1,0.563,0,0,1
rail_train,rail,train,41.6,273.7,3.15,22,scatter,1,0.703,0,0,1
rail_train,rail,train,40.2,271.3,3.11,42,rows,1,0.636,0,1,1
rail_train,rail,train,40.3,269.1,3.2,64,scatter,1,0.929,0,1,1
rail_train,rail,train,39.8,270.1,3.23,14,cluster,1,0.601,0,0,1
rail_train,rail,train,40.0,271.8,3.22,12,cluster,1,0.976,0,1,1
rail_train,rail,train,39.0,269.0,3.17,62,rows,0,1.186,0,0,1
rail_train,rail,train,40.3,271.1,3.16,10,scatter,0,1.241,0,0,1
rail_train,rail,train,39.0,267.6,3.19,61,crowd,1,0.948,0,1,1
rail_train,rail,train,39.8,268.8,3.21,35,clusters,1,0.594,0,0,1
rail_train,rail,train,38.3,269.0,3.14,19,as built,0,1.217,0,0,1
rail_train,rail,train,39.6,267.3,3.21,28,clusters,1,1.174,0,0,1
rail_train,rail,train,40.6,267.2,3.22,19,as built,1,0.97,0,0,1
rail_train,rail,train,39.1,270.9,3.21,15,scatter,0,1.074,0,0,1
rail_train,rail,train,39.9,272.3,3.21,25,scatter,1,0.958,0,0,1
rail_train,rail,train,40.8,269.2,3.21,34,scatter,1,1.047,0,0,1
rail_train,rail,train,41.0,269.6,3.2,20,cluster,1,1.302,0,0,1
rail_train,rail,train,40.0,268.6,3.23,29,clusters,1,1.197,0,0,1
rail_train,rail,train,40.5,272.2,3.23,20,cluster,1,0.937,0,0,1
rail_train,rail,train,41.3,269.3,3.15,31,scatter,0,0.69,0,1,1
rail_train,rail,train,41.7,271.9,3.15,41,clusters,1,0.994,0,0,1
rail_train,rail,train,40.4,271.0,3.23,30,cluster,0,1.421,0,0,1
rail_train,rail,train,40.1,269.2,3.17,61,scatter,1,1.41,0,1,1
rail_train,rail,train,40.7,269.5,3.21,47,crowd,0,0.958,0,0,1
rail_train,rail,train,39.8,267.8,3.21,55,rows,1,1.248,0,0,1
rail_train,rail,train,40.1,270.9,3.24,23,cluster,1,0.582,0,0,1
rail_train,rail,train,40.3,268.0,3.1,19,as built,1,1.361,0,0,1
rail_train,rail,train,38.5,268.3,3.13,11,scatter,1,1.281,0,1,1
rail_train,rail,train,39.5,269.5,3.14,10,scatter,0,0.659,0,1,1
rail_train,rail,train,40.3,268.2,3.15,24,scatter,0,0.671,0,0,1
rail_train,rail,train,39.6,268.8,3.15,41,scatter,1,1.013,0,0,1
rail_train,rail,train,40.1,268.9,3.19,19,as built,0,0.933,0,0,1
rail_train,rail,train,40.4,269.7,3.22,32,scatter,1,1.195,0,0,1
rail_train,rail,train,40.0,268.6,3.19,30,cluster,1,1.159,0,1,1
rail_train,rail,train,40.2,269.8,3.21,51,rows,1,1.123,0,0,1
rail_train,rail,train,40.8,272.2,3.18,59,crowd,0,0.769,0,1,1
rail_train,rail,train,40.7,269.9,3.2,14,scatter,1,0.996,0,0,1
rail_train,rail,train,39.9,268.9,3.19,28,crowd,0,1.011,0,1,1
rail_train,rail,train,40.6,268.5,3.19,9,cluster,1,0.828,0,1,1
rail_train,rail,train,40.2,269.0,3.17,7,scatter,1,0.706,0,0,1
rail_train,rail,train,41.3,271.3,3.15,20,cluster,1,0.987,0,0,1
rail_train,rail,train,39.4,267.1,3.07,19,as built,0,1.293,0,0,1
rail_train,rail,train,39.3,270.6,3.23,11,cluster,1,1.307,0,0,1
rail_train,rail,train,39.3,270.0,3.15,25,scatter,1,1.423,0,0,1
rail_train,rail,train,39.1,272.1,3.21,10,scatter,1,0.665,0,0,1
rail_train,rail,train,40.0,268.6,3.18,9,scatter,1,1.051,0,1,1
rail_train,rail,train,38.9,269.8,3.2,21,rows,0,0.828,0,0,1
rail_train,rail,train,40.0,270.0,3.17,27,clusters,0,1.33,0,0,1
rail_train,rail,train,40.2,267.2,3.24,12,crowd,1,1.038,0,1,1
rail_train,rail,train,40.0,269.0,3.14,52,rows,1,0.699,0,0,1
rail_train,rail,train,40.5,269.8,3.23,37,crowd,1,1.06,0,0,1
rail_train,rail,train,40.9,273.1,3.15,30,crowd,1,0.629,0,0,1
rail_train,rail,train,39.8,269.6,3.23,33,clusters,1,0.804,0,0,1
rail_train,rail,train,39.9,271.0,3.24,15,cluster,1,1.362,0,0,1
rail_train,rail,train,40.0,269.1,3.25,19,as built,1,1.357,0,0,1
rail_train,rail,train,39.6,272.1,3.17,18,scatter,1,0.84,0,0,1
rail_train,rail,train,39.4,269.1,3.18,33,clusters,0,0.702,0,0,1
rail_train,rail,train,41.1,271.2,3.12,66,scatter,1,0.727,0,0,1
rail_train,rail,train,40.2,268.2,3.21,42,scatter,0,0.733,0,0,1
rail_train,rail,train,39.5,272.3,3.18,19,as built,0,0.772,0,0,1
rail_train,rail,train,39.8,270.2,3.23,42,scatter,1,0.616,0,1,1
rail_train,rail,train,40.7,268.1,3.18,70,clusters,1,0.925,0,0,1
rail_train,rail,train,39.7,269.6,3.19,31,rows,1,1.333,0,0,1
rail_train,rail,train,39.5,269.7,3.23,26,cluster,1,0.668,0,1,1
rail_train,rail,train,40.1,267.3,3.13,20,crowd,0,0.617,0,0,1
rail_train,rail,train,38.7,268.7,3.19,32,scatter,1,1.385,0,0,1
rail_train,rail,train,39.6,271.0,3.2,30,cluster,1,1.413,0,0,1
rail_train,rail,train,39.3,267.8,3.15,65,clusters,0,1.391,0,0,1
rail_train,rail,train,40.2,269.9,3.16,11,cluster,1,1.217,0,0,1
rail_train,rail,train,40.4,270.0,3.16,17,scatter,1,1.238,0,1,1
rail_train,rail,train,39.7,270.1,3.19,17,cluster,1,1.242,0,1,1
rail_train,rail,train,39.8,269.8,3.2,38,clusters,0,0.738,0,0,1
rail_train,rail,train,40.0,271.8,3.07,27,clusters,1,0.809,0,0,1
rail_train,rail,train,39.9,270.3,3.23,23,scatter,1,0.959,0,0,1
rail_train,rail,train,38.9,268.8,3.13,25,scatter,1,1.165,0,0,1
rail_train,rail,train,40.9,270.4,3.15,27,scatter,0,1.27,0,1,1
rail_train,rail,train,41.4,272.1,3.14,15,cluster,0,0.883,0,0,1
rail_train,rail,train,40.4,269.8,3.22,14,scatter,1,1.109,0,0,1
rail_train,rail,train,40.2,269.3,3.25,42,clusters,0,1.239,0,1,1
rail_train,rail,train,40.5,271.2,3.21,8,scatter,0,0.988,0,1,1
rail_train,rail,train,39.2,270.0,3.17,18,as built,1,1.007,0,0,1
rail_train,rail,train,40.3,272.4,3.21,40,rows,0,0.572,0,0,1
rail_train,rail,train,40.0,270.5,3.19,19,as built,1,1.319,0,0,1
rail_train,rail,train,39.6,271.9,3.21,22,scatter,1,0.813,0,0,1
rail_train,rail,train,39.5,270.1,3.2,14,clusters,1,1.165,0,1,1
rail_train,rail,train,40.2,270.8,3.13,10,cluster,1,1.412,0,0,1
rail_train,rail,train,39.1,270.5,3.22,19,crowd,1,0.865,0,0,1
rail_train,rail,train,39.7,270.7,3.24,19,as built,0,0.774,0,1,1
rail_train,rail,train,39.8,270.7,3.19,29,scatter,0,0.675,0,1,1
rail_train,rail,train,40.0,268.8,3.09,14,crowd,0,1.238,0,0,1
rail_train,rail,train,40.6,270.6,3.17,10,rows,1,0.878,0,0,1
rail_train,rail,train,40.4,269.4,3.23,21,scatter,1,1.358,0,1,1
rail_train,rail,train,39.7,271.2,3.05,28,cluster,0,0.634,0,0,1
rail_train,rail,train,39.6,270.2,3.24,14,cluster,1,1.31,0,1,1
rail_train,rail,train,40.5,270.4,3.2,26,scatter,1,0.623,0,1,1
rail_train,rail,train,40.3,271.4,3.19,36,rows,1,1.305,0,0,1
rail_train,rail,train,39.0,271.5,3.2,63,rows,1,1.06,0,0,1
rail_train,rail,train,40.3,270.7,3.2,17,cluster,1,1.227,0,0,1
rail_train,rail,train,40.4,269.5,3.23,19,as built,1,0.907,0,0,1
rail_train,rail,train,40.6,272.2,3.22,6,cluster,0,1.354,0,1,1
rail_train,rail,train,40.5,269.2,3.19,17,crowd,0,0.948,0,0,1
rail_train,rail,train,41.1,273.0,3.16,13,scatter,1,1.244,0,0,1
rail_train,rail,train,39.4,269.7,3.14,36,rows,1,0.648,0,1,1
rail_train,rail,train,40.3,272.0,3.24,22,cluster,1,1.293,0,0,1
rail_train,rail,train,40.8,270.6,3.1,19,scatter,1,0.762,0,0,1
rail_train,rail,train,40.2,271.9,3.21,11,scatter,1,0.617,0,0,1
rail_train,rail,train,40.5,271.1,3.22,12,cluster,1,1.349,0,0,1
rail_train,rail,train,39.4,269.4,3.15,35,crowd,1,1.235,0,0,1
rail_train,rail,train,39.4,269.2,3.2,8,scatter,0,1.317,0,0,1
rail_train,rail,train,39.9,269.6,3.24,19,as built,0,1.377,0,0,1
rail_train,rail,train,38.6,270.0,3.2,22,clusters,0,0.688,0,0,1
rail_train,rail,train,39.4,270.4,3.13,19,scatter,0,1.164,0,0,1
rail_train,rail,train,40.9,269.9,3.17,36,scatter,1,0.732,0,0,1
rail_train,rail,train,39.2,268.9,3.14,19,as built,1,1.064,0,1,1
rail_train,rail,train,39.1,272.9,3.1,19,as built,0,1.085,0,1,1
rail_train,rail,train,39.6,266.6,3.21,51,clusters,1,0.66,0,0,1
rail_train,rail,train,41.0,269.4,3.11,13,scatter,0,0.922,0,0,1
rail_train,rail,train,41.4,270.2,3.17,32,scatter,1,1.058,0,1,1
rail_train,rail,train,39.7,272.2,3.05,19,as built,1,1.326,0,0,1
rail_train,rail,train,39.6,268.4,3.22,9,cluster,0,1.333,0,0,1
rail_train,rail,train,39.3,268.1,3.21,18,clusters,0,1.326,0,0,1
rail_train,rail,train,39.3,268.5,3.17,29,crowd,0,1.202,0,1,1
rail_train,rail,train,39.3,273.5,3.17,19,as built,1,1.265,0,0,1
rail_train,rail,train,40.3,269.2,3.22,31,scatter,1,1.354,0,0,1
rail_train,rail,train,39.6,268.4,3.24,29,scatter,1,0.695,0,1,1
rail_train,rail,train,39.7,270.3,3.21,12,scatter,1,0.667,0,0,1
rail_train,rail,train,40.4,269.0,3.22,20,scatter,0,0.653,0,1,1
rail_train,rail,train,39.9,269.6,3.23,31,rows,1,0.606,0,0,1
rail_train,rail,train,39.0,267.9,3.16,46,clusters,0,1.247,0,1,1
rail_train,rail,train,40.2,270.1,3.14,14,cluster,1,0.913,0,0,1
rail_train,rail,train,40.3,268.4,3.21,14,scatter,1,0.729,0,0,1
rail_train,rail,train,40.7,269.8,3.17,19,scatter,1,1.072,0,0,1
rail_train,rail,train,39.9,272.2,3.18,16,cluster,1,0.737,0,0,1
rail_train,rail,train,40.3,270.7,3.16,25,rows,1,0.739,0,1,1
rail_train,rail,train,39.2,268.4,3.13,62,rows,0,1.277,0,0,1
rail_train,rail,train,40.4,268.3,3.24,38,rows,0,0.817,0,1,1
rail_train,rail,train,39.4,268.5,3.21,19,as built,1,0.581,0,1,1
rail_train,rail,train,40.3,272.7,3.15,69,clusters,1,0.971,0,1,1
rail_train,rail,train,39.8,269.2,3.22,69,scatter,1,0.662,0,1,1
rail_train,rail,train,38.9,272.8,3.21,13,cluster,1,0.697,0,1,1
rail_train,rail,train,40.1,271.5,3.26,39,crowd,1,1.311,0,0,1
rail_train,rail,train,41.6,270.9,3.14,26,scatter,1,1.383,0,0,1
rail_train,rail,train,39.6,271.4,3.12,27,crowd,1,0.909,0,0,1
rail_train,rail,train,39.7,273.0,3.25,19,as built,0,0.825,0,1,1
rail_train,rail,train,39.7,270.5,3.13,38,rows,1,0.629,0,0,1
rail_train,rail,train,40.9,268.8,3.2,70,crowd,0,0.919,0,0,1
rail_train,rail,train,40.3,269.5,3.22,9,scatter,0,1.216,0,0,1
rail_train,rail,train,40.6,271.8,3.22,66,scatter,0,1.113,0,0,1
rail_train,rail,train,39.5,269.8,3.24,45,rows,1,1.397,0,0,1
rail_train,rail,train,39.9,271.3,3.24,11,scatter,1,0.921,0,0,1
rail_train,rail,train,40.3,272.1,3.23,11,crowd,1,1.072,0,0,1
rail_train,rail,train,40.1,269.8,3.19,19,cluster,1,1.046,0,0,1
rail_train,rail,train,40.4,271.9,3.15,63,crowd,0,0.94,0,0,1
rail_train,rail,train,38.2,271.2,3.16,29,rows,1,1.399,0,0,1
rail_train,rail,train,40.0,272.1,3.17,15,scatter,1,1.17,0,0,1
rail_train,rail,train,40.0,268.5,3.25,18,cluster,0,0.937,0,0,1
rail_train,rail,train,40.8,271.1,3.19,13,scatter,1,1.15,0,0,1
rail_train,rail,train,39.1,270.0,3.15,24,cluster,1,1.166,0,0,1
rail_train,rail,train,39.4,273.5,3.11,16,rows,1,1.202,0,0,1
rail_train,rail,train,39.5,270.0,3.14,21,scatter,1,1.149,0,0,1
rail_train,rail,train,38.8,269.2,3.17,18,as built,1,0.851,0,0,1
rail_train,rail,train,38.9,273.0,3.21,50,rows,1,0.759,0,0,1
rail_train,rail,train,40.3,273.5,3.22,19,as built,1,0.97,0,1,1
rail_train,rail,train,40.4,268.7,3.23,24,scatter,1,1.012,0,0,1
rail_train,rail,train,41.2,271.9,3.13,50,clusters,0,0.567,0,0,1
rail_train,rail,train,39.3,269.7,3.23,27,cluster,1,0.711,0,0,1
rail_train,rail,train,39.4,271.4,3.21,12,cluster,1,0.646,0,0,1
rail_train,rail,train,39.0,269.8,3.19,22,cluster,0,0.767,0,0,1
rail_train,rail,train,40.5,271.9,3.23,68,crowd,1,0.938,0,0,1
rail_train,rail,train,38.7,269.1,3.2,22,scatter,1,1.003,0,0,1
rail_train,rail,train,41.1,270.6,3.12,31,cluster,1,1.411,0,0,1
rail_train,rail,train,41.0,273.5,3.2,28,scatter,1,1.122,0,0,1
rail_train,rail,train,39.9,271.2,3.26,51,clusters,1,0.595,0,1,1
rail_train,rail,train,39.4,270.5,3.12,19,as built,1,1.427,0,1,1
rail_train,rail,train,39.3,270.9,3.16,15,scatter,1,1.426,0,0,1
rail_train,rail,train,39.7,269.8,3.17,28,cluster,1,1.225,0,0,1
rail_train,rail,train,40.4,270.5,3.19,24,crowd,1,1.003,0,0,1
rail_train,rail,train,40.3,270.2,3.23,37,clusters,1,0.821,0,0,1
rail_train,rail,train,38.6,270.6,3.15,62,scatter,1,0.683,0,0,1
rail_train,rail,train,39.2,269.5,3.14,21,cluster,0,0.709,0,0,1
rail_train,rail,train,38.6,267.5,3.12,19,as built,0,1.238,0,0,1
rail_train,rail,train,40.4,269.4,3.22,32,clusters,1,1.16,0,0,1
rail_train,rail,train,40.4,269.2,3.24,20,scatter,1,1.051,0,0,1
rail_train,rail,train,38.3,269.2,3.19,56,clusters,1,1.427,0,1,1
rail_train,rail,train,40.0,269.1,3.22,27,scatter,1,0.861,0,0,1
rail_train,rail,train,38.5,271.4,3.14,30,cluster,0,1.322,0,0,1
rail_train,rail,train,40.8,269.3,3.2,18,scatter,0,1.394,0,0,1
rail_train,rail,train,39.4,268.3,3.23,43,scatter,0,1.237,0,0,1
rail_train,rail,train,41.1,270.1,3.12,39,crowd,1,0.719,0,0,1
rail_train,rail,train,38.1,269.5,3.17,18,clusters,1,0.922,0,1,1
rail_train,rail,train,40.1,268.3,3.2,27,scatter,0,0.747,0,1,1
rail_train,rail,train,40.4,271.4,3.15,9,cluster,1,1.122,0,0,1
rail_train,rail,train,41.3,269.1,3.14,29,crowd,0,1.445,0,0,1
rail_train,rail,train,39.9,269.6,3.21,40,scatter,1,1.402,0,0,1
rail_train,rail,train,40.4,268.0,3.19,19,scatter,0,0.588,0,1,1
rail_train,rail,train,40.6,269.1,3.21,25,cluster,1,1.301,0,0,1
rail_train,rail,train,40.2,271.5,3.19,62,rows,1,1.26,0,0,1
rail_train,rail,train,41.0,268.1,3.19,19,as built,1,1.285,0,0,1
rail_train,rail,train,39.7,269.1,3.24,41,clusters,1,1.258,0,0,1
rail_train,rail,train,40.3,271.6,3.21,28,scatter,1,1.005,0,0,1
rail_train,rail,train,40.2,272.2,3.23,60,crowd,1,0.718,0,0,1
rail_train,rail,train,39.7,272.3,3.17,19,as built,1,1.084,0,1,1
rail_train,rail,train,40.5,273.4,3.2,34,rows,0,0.64,0,0,1
rail_train,rail,train,38.9,270.5,3.21,14,scatter,1,0.894,0,0,1
rail_train,rail,train,39.7,270.1,3.1,7,scatter,1,1.177,0,1,1
rail_train,rail,train,40.3,269.5,3.22,13,scatter,0,1.15,0,0,1
rail_train,rail,train,39.9,273.3,3.22,46,crowd,0,0.596,0,0,1
rail_train,rail,train,40.5,269.3,3.18,29,scatter,1,0.563,0,0,1
rail_train,rail,train,41.1,271.2,3.2,25,scatter,0,1.012,0,0,1
rail_train,rail,train,40.5,269.3,3.18,62,clusters,1,0.82,0,0,1
rail_train,rail,train,39.8,270.4,3.2,25,cluster,1,0.6,0,1,1
rail_train,rail,train,39.9,271.4,3.22,17,scatter,0,0.946,0,0,1
rail_train,rail,train,40.1,267.6,3.17,43,clusters,0,1.327,0,1,1
rail_train,rail,train,39.8,270.2,3.2,74,scatter,1,1.299,0,0,1
rail_train,rail,train,38.4,269.9,3.17,22,cluster,1,0.558,0,0,1
rail_train,rail,train,38.0,270.9,3.16,18,as built,1,0.568,0,0,1
rail_train,rail,train,40.5,267.7,3.23,19,as built,0,1.039,0,0,1
rail_train,rail,train,39.7,270.7,3.21,19,as built,1,1.156,0,0,1
rail_train,rail,train,39.5,269.0,3.2,27,scatter,1,0.979,0,1,1
rail_train,rail,train,39.6,268.2,3.16,23,clusters,1,1.38,0,0,1
rail_train,rail,train,39.9,272.8,3.24,24,cluster,0,0.951,0,1,1
rail_train,rail,train,39.7,270.7,3.2,28,scatter,0,0.847,0,0,1
rail_train,rail,train,40.0,272.4,3.24,19,as built,1,0.623,0,1,1
rail_train,rail,train,38.8,270.5,3.19,17,scatter,1,0.971,0,0,1
rail_train,rail,train,41.6,272.9,3.15,43,rows,1,0.811,0,0,1
rail_train,rail,train,39.7,271.3,3.16,15,scatter,1,1.327,0,0,1
rail_train,rail,train,39.7,269.8,3.23,20,clusters,0,0.853,0,1,1
rail_train,rail,train,41.0,271.4,3.14,19,rows,1,0.79,0,1,1
rail_train,rail,train,40.1,271.1,3.07,33,scatter,1,1.147,0,0,1
rail_train,rail,train,39.2,270.4,3.18,11,scatter,1,1.129,0,0,1
rail_train,rail,train,40.5,271.4,3.16,8,cluster,1,0.965,0,1,1
rail_train,rail,train,39.5,269.8,3.19,19,as built,1,0.668,0,0,1
rail_train,rail,train,39.9,272.8,3.24,58,rows,0,0.726,0,0,1
rail_train,rail,train,38.3,273.2,3.19,7,cluster,0,0.98,0,0,1
rail_train,rail,train,39.8,272.4,3.18,18,scatter,0,1.152,0,0,1
rail_train,rail,train,39.4,267.9,3.1,19,as built,1,0.942,0,1,1
rail_train,rail,train,40.8,270.7,3.11,63,rows,0,0.675,0,1,1
rail_train,rail,train,39.6,268.6,3.19,59,clusters,1,0.956,0,0,1
rail_train,rail,train,40.1,269.3,3.23,42,crowd,1,0.582,0,1,1
rail_train,rail,train,41.7,270.1,3.15,9,cluster,1,0.889,0,0,1
rail_train,rail,train,40.0,267.9,3.25,8,scatter,1,1.149,0,0,1
rail_train,rail,train,40.8,270.5,3.17,66,rows,1,0.964,0,1,1
rail_train,rail,train,40.6,270.1,3.15,18,scatter,0,1.176,0,1,1
rail_train,rail,train,38.6,271.0,3.18,55,rows,1,0.74,0,0,1
rail_train,rail,train,40.8,269.0,3.2,24,cluster,1,1.081,0,1,1
rail_train,rail,train,39.6,270.7,3.23,40,crowd,1,0.709,0,0,1
rail_train,rail,train,40.4,269.4,3.23,11,scatter,0,1.24,0,0,1
rail_train,rail,train,40.0,267.7,3.26,21,scatter,1,0.641,0,0,1
rail_train,rail,train,39.4,269.7,3.21,20,scatter,1,1.375,0,0,1
rail_train,rail,train,39.7,271.3,3.21,19,as built,0,0.81,0,0,1
rail_train,rail,train,40.0,270.9,3.23,13,cluster,1,0.768,0,0,1
rail_train,rail,train,39.7,270.7,3.23,23,scatter,1,0.777,0,0,1
rail_train,rail,train,39.6,272.3,3.23,22,scatter,0,1.444,0,0,1
rail_train,rail,train,39.6,269.4,3.13,45,rows,1,0.736,0,0,1
rail_train,rail,train,39.8,269.4,3.22,12,scatter,1,1.21,0,0,1
rail_train,rail,train,39.6,268.7,3.24,32,rows,0,0.974,0,0,1
rail_train,rail,train,40.0,272.6,3.14,62,scatter,1,0.908,0,1,1
rail_train,rail,train,39.5,270.1,3.24,56,rows,1,1.345,0,0,1
rail_train,rail,train,41.6,269.8,3.15,25,cluster,1,1.389,0,0,1
rail_train,rail,train,39.3,272.9,3.2,42,scatter,0,1.172,0,0,1
rail_train,rail,train,40.2,268.7,3.23,14,rows,1,1.058,0,0,1
rail_train,rail,train,40.9,267.6,3.21,23,cluster,0,1.093,0,0,1
rail_train,rail,train,39.3,270.4,3.22,11,scatter,0,1.253,0,0,1
rail_train,rail,train,39.9,266.5,3.25,30,scatter,1,1.0,0,0,1
rail_train,rail,train,41.5,272.9,3.16,65,clusters,1,0.82,0,1,1
rail_train,rail,train,39.3,268.7,3.2,7,cluster,1,1.399,0,0,1
rail_train,rail,train,40.6,268.5,3.19,34,rows,1,1.136,0,0,1
rail_train,rail,train,39.2,267.9,3.2,30,cluster,1,0.859,0,0,1
rail_train,rail,train,39.3,268.6,3.21,14,scatter,1,0.599,0,0,1
rail_train,rail,train,39.0,270.8,3.21,13,cluster,1,1.186,0,0,1
rail_train,rail,train,39.4,267.2,3.18,22,scatter,1,0.96,0,1,1
rail_train,rail,train,39.9,269.9,3.21,49,rows,1,0.676,0,0,1
rail_train,rail,train,39.1,269.5,3.18,23,scatter,1,1.063,0,0,1
rail_train,rail,train,40.5,270.8,3.2,27,scatter,0,0.806,0,0,1
rail_train,rail,train,40.4,267.9,3.11,17,scatter,0,0.979,0,0,1
rail_train,rail,train,39.5,268.3,3.2,33,cluster,1,1.037,0,0,1
rail_train,rail,train,40.0,269.0,3.24,19,as built,1,1.144,0,1,1
rail_train,rail,train,39.2,267.2,3.18,49,clusters,1,0.735,0,0,1
rail_train,rail,train,39.1,272.8,3.09,71,clusters,0,0.691,0,0,1
rail_train,rail,train,40.6,271.5,3.2,13,scatter,1,1.444,0,0,1
rail_train,rail,train,40.1,268.7,3.23,51,rows,1,1.21,0,0,1
rail_train,rail,train,39.8,267.3,3.25,28,scatter,0,1.068,0,0,1
rail_train,rail,train,39.7,270.4,3.2,19,as built,0,1.334,0,0,1
rail_train,rail,train,38.9,268.6,3.21,13,clusters,1,0.896,0,0,1
rail_train,rail,train,38.7,270.2,3.19,61,rows,1,1.255,0,0,1
rail_train,rail,train,40.1,270.1,3.17,23,scatter,1,1.393,0,1,1
rail_train,rail,train,39.8,270.6,3.24,16,scatter,1,0.807,0,0,1
rail_train,rail,train,40.4,268.8,3.22,34,rows,0,0.839,0,0,1
rail_train,rail,train,40.0,268.3,3.26,75,rows,0,0.996,0,1,1
rail_train,rail,train,39.2,270.0,3.19,20,cluster,0,0.817,0,1,1
rail_train,rail,train,39.6,270.1,3.23,41,clusters,1,1.177,0,1,1
rail_train,rail,train,39.0,271.8,3.19,11,cluster,0,1.316,0,0,1
rail_train,rail,train,39.0,271.3,3.2,17,scatter,1,1.391,0,1,1
rail_train,rail,train,39.2,272.7,3.22,52,rows,1,1.039,0,0,1
rail_train,rail,train,39.2,268.0,3.21,21,scatter,1,1.262,0,0,1
rail_train,rail,train,39.3,271.2,3.13,15,scatter,1,1.164,0,0,1
rail_train,rail,train,39.3,268.4,3.2,12,cluster,0,0.932,0,0,1
rail_train,rail,train,40.6,271.1,3.15,19,as built,1,1.311,0,0,1
rail_train,rail,train,40.7,268.4,3.12,22,scatter,0,1.334,0,1,1
rail_train,rail,train,39.0,269.1,3.21,26,crowd,0,1.135,0,0,1
rail_train,rail,train,40.4,272.5,3.22,18,scatter,1,0.967,0,1,1
rail_train,rail,train,40.9,270.6,3.19,19,as built,1,1.424,0,0,1
rail_train,rail,train,40.1,268.6,3.25,33,scatter,1,0.881,0,0,1
rail_train,rail,train,40.0,268.0,3.22,24,scatter,1,1.025,0,0,1
rail_train,rail,train,40.4,269.2,3.22,26,cluster,1,1.107,0,0,1
rail_train,rail,train,40.7,270.5,3.16,23,scatter,1,0.625,0,1,1
rail_train,rail,train,39.3,268.7,3.16,19,clusters,1,0.711,0,0,1
rail_train,rail,train,39.6,271.1,3.15,7,scatter,1,1.028,0,0,1
rail_train,rail,train,39.3,270.5,3.15,8,scatter,1,1.38,0,1,1
rail_train,rail,train,38.7,269.9,3.14,49,clusters,0,1.163,0,0,1
rail_train,rail,train,40.7,271.1,3.22,26,scatter,1,0.8,0,1,1
rail_train,rail,train,39.7,271.2,3.24,15,scatter,1,1.436,0,0,1
rail_train,rail,train,39.4,266.5,3.19,31,scatter,1,0.634,0,0,1
rail_train,rail,train,39.9,271.2,3.22,27,scatter,1,1.046,0,0,1
rail_train,rail,train,41.0,268.4,3.12,20,scatter,1,0.771,0,1,1
rail_train,rail,train,39.6,268.0,3.17,19,as built,0,1.237,0,0,1
rail_train,rail,train,39.1,270.9,3.21,15,cluster,1,1.214,0,1,1
rail_train,rail,train,39.9,271.3,3.26,26,cluster,1,0.686,0,1,1
rail_train,rail,train,40.2,268.9,3.25,15,scatter,1,0.628,0,1,1
rail_train,rail,train,40.2,268.2,3.09,19,as built,1,1.105,0,0,1
rail_train,rail,train,39.9,268.1,3.13,19,scatter,1,1.208,0,0,1
rail_train,rail,train,41.2,273.6,3.15,32,scatter,0,0.739,0,0,1
rail_train,rail,train,39.9,267.9,3.22,11,scatter,1,0.644,0,0,1
rail_train,rail,train,39.2,270.0,3.21,58,crowd,0,0.722,0,1,1
rail_train,rail,train,39.3,270.8,3.21,58,scatter,1,0.839,0,0,1
rail_train,rail,train,40.3,266.7,3.19,42,scatter,1,0.857,0,0,1
rail_train,rail,train,39.2,269.1,3.2,22,scatter,0,0.822,0,0,1
rail_train,rail,train,40.1,269.8,3.25,11,scatter,1,1.195,0,1,1
rail_train,rail,train,40.1,273.5,3.2,20,cluster,1,0.63,0,0,1
rail_train,rail,train,41.0,269.3,3.18,32,scatter,0,1.304,0,0,1
rail_train,rail,train,40.1,271.2,3.23,15,cluster,0,0.64,0,1,1
rail_train,rail,train,39.4,267.3,3.23,36,clusters,0,0.648,0,1,1
rail_train,rail,train,40.9,267.9,3.16,27,scatter,1,0.822,0,1,1
rail_train,rail,train,39.4,269.6,3.23,32,clusters,1,0.901,0,1,1
rail_train,rail,train,40.2,270.1,3.08,33,scatter,0,0.918,0,0,1
rail_train,rail,train,40.0,271.1,3.23,15,crowd,1,0.774,0,0,1
rail_train,rail,train,40.1,271.4,3.24,18,crowd,1,0.957,0,1,1
rail_train,rail,train,39.4,268.7,3.2,46,clusters,1,0.596,0,0,1
rail_train,rail,train,38.8,266.5,3.15,28,scatter,1,1.439,0,0,1
rail_train,rail,train,40.1,268.0,3.18,19,scatter,1,0.869,0,1,1
rail_train,rail,train,39.5,267.9,3.17,29,scatter,0,1.43,0,1,1
rail_train,rail,train,40.8,270.6,3.12,47,crowd,0,1.376,0,1,1
rail_train,rail,train,39.8,270.6,3.18,34,scatter,1,1.403,0,0,1
rail_train,rail,train,39.5,266.9,3.21,13,crowd,1,1.15,0,0,1
rail_train,rail,train,40.2,270.8,3.24,19,as built,1,1.031,0,0,1
rail_train,rail,train,39.0,269.5,3.2,13,cluster,0,1.269,0,0,1
rail_train,rail,train,39.2,269.5,3.2,14,rows,1,1.093,0,1,1
rail_train,rail,train,39.5,271.1,3.19,41,rows,1,0.75,0,0,1
rail_train,rail,train,39.6,268.9,3.24,20,scatter,1,1.206,0,0,1
rail_train,rail,train,40.0,272.2,3.22,19,as built,1,0.865,0,0,1
rail_train,rail,train,39.7,271.1,3.21,22,cluster,1,0.642,0,0,1
rail_train,rail,train,39.0,269.0,3.11,19,as built,0,1.107,0,0,1
rail_train,rail,train,39.5,267.8,3.21,57,crowd,1,0.616,0,0,1
rail_train,rail,train,40.7,270.0,3.13,19,as built,0,0.552,0,1,1
rail_train,rail,train,40.5,271.7,3.19,10,cluster,1,1.238,0,0,1
rail_train,rail,train,40.0,271.3,3.21,21,scatter,1,0.647,0,0,1
rail_train,rail,train,40.6,270.6,3.14,19,as built,1,0.804,0,1,1
rail_train,rail,train,40.8,271.2,3.1,47,clusters,0,1.411,0,0,1
rail_train,rail,train,39.8,270.7,3.23,74,crowd,1,0.728,0,0,1
rail_train,rail,train,40.0,269.4,3.26,28,rows,1,0.623,0,0,1
rail_train,rail,train,38.8,268.7,3.11,26,scatter,1,0.817,0,0,1
rail_train,rail,train,38.7,269.6,3.15,10,scatter,1,0.829,0,1,1
rail_train,rail,train,40.1,270.9,3.24,44,rows,0,1.06,0,0,1
rail_train,rail,train,39.2,270.0,3.21,40,rows,0,1.059,0,0,1
rail_train,rail,train,40.7,271.8,3.2,53,scatter,1,0.754,0,1,1
rail_train,rail,train,38.8,270.9,3.18,16,scatter,1,1.329,0,1,1
rail_train,rail,train,39.3,271.5,3.22,24,clusters,1,1.196,0,0,1
rail_train,rail,train,40.0,269.8,3.23,19,as built,1,1.053,0,1,1
rail_train,rail,train,39.2,271.1,3.21,19,crowd,1,0.609,0,0,1
rail_train,rail,train,40.0,270.5,3.1,60,crowd,1,1.244,0,0,1
rail_train,rail,train,39.1,269.6,3.12,16,crowd,0,1.259,0,1,1
rail_train,rail,train,40.4,271.1,3.15,18,scatter,1,1.246,0,1,1
rail_train,rail,train,39.7,266.5,3.22,7,cluster,1,1.298,0,1,1
rail_train,rail,train,38.0,271.6,3.17,17,clusters,1,1.064,0,1,1
rail_train,rail,train,39.0,270.3,3.17,18,scatter,1,0.94,0,1,1
rail_train,rail,train,39.8,270.4,3.24,25,clusters,1,1.353,0,0,1
rail_train,rail,train,39.9,268.4,3.19,20,scatter,0,1.357,0,0,1
rail_train,rail,train,40.3,267.1,3.1,18,cluster,1,0.689,0,0,1
rail_train,rail,train,39.3,273.4,3.2,53,crowd,0,1.087,0,0,1
rail_train,rail,train,39.8,271.2,3.19,19,as built,0,0.818,0,0,1
rail_train,rail,train,41.1,272.4,3.16,25,scatter,1,1.253,0,0,1
rail_train,rail,train,39.9,267.2,3.18,24,scatter,0,0.901,0,0,1
rail_train,rail,train,39.6,269.3,3.24,19,scatter,0,1.097,0,0,1
rail_train,rail,train,40.1,272.0,3.23,29,scatter,1,1.214,0,1,1
rail_train,rail,train,40.6,269.5,3.15,38,clusters,1,1.163,0,0,1
rail_train,rail,train,40.8,271.0,3.16,57,clusters,0,1.333,0,0,1
rail_train,rail,train,39.2,270.1,3.22,12,scatter,1,1.331,0,0,1
rail_train,rail,train,40.3,269.2,3.15,35,scatter,0,0.792,0,1,1
rail_train,rail,train,39.7,271.0,3.25,64,crowd,1,0.832,0,1,1
rail_train,rail,train,40.0,269.5,3.21,19,cluster,1,0.881,0,1,1
rail_train,rail,train,39.8,270.2,3.25,10,crowd,1,1.118,0,0,1
rail_train,rail,train,40.3,271.5,3.21,14,scatter,0,0.978,0,0,1
rail_train,rail,train,38.6,270.7,3.13,37,rows,0,1.153,0,1,1
rail_train,rail,train,40.1,266.9,3.25,19,as built,0,0.906,0,0,1
rail_train,rail,train,39.3,270.4,3.21,21,scatter,1,0.615,0,0,1
rail_train,rail,train,39.9,269.6,3.21,55,rows,0,1.308,0,1,1
rail_train,rail,train,41.4,269.9,3.16,23,scatter,1,0.898,0,0,1
rail_train,rail,train,39.0,268.7,3.19,30,scatter,0,1.194,0,0,1
rail_train,rail,train,40.6,270.1,3.1,17,scatter,0,0.824,0,1,1
rail_train,rail,train,38.8,270.5,3.2,68,crowd,1,0.682,0,1,1
rail_train,rail,train,39.5,270.3,3.21,28,scatter,1,1.311,0,1,1
rail_train,rail,train,40.5,267.4,3.09,23,cluster,1,1.085,0,0,1
rail_train,rail,train,40.2,270.9,3.21,46,rows,1,1.283,0,1,1
rail_train,rail,train,39.0,269.0,3.2,39,rows,1,1.425,0,1,1
rail_train,rail,train,40.2,271.0,3.25,30,scatter,1,0.897,0,1,1
rail_train,rail,train,40.6,269.1,3.17,26,scatter,1,1.214,0,1,1
rail_train,rail,train,40.1,268.4,3.18,12,scatter,1,1.32,0,0,1
rail_train,rail,train,40.0,269.3,3.21,35,scatter,1,0.801,0,0,1
rail_train,rail,train,39.4,268.6,3.13,17,scatter,1,0.621,0,0,1
rail_train,rail,train,39.7,272.7,3.22,34,cluster,1,0.743,0,1,1
rail_train,rail,train,40.4,268.3,3.21,8,cluster,1,1.268,0,0,1
rail_train,rail,train,40.2,270.0,3.21,14,scatter,1,0.763,0,0,1
rail_train,rail,train,40.1,273.5,3.21,27,scatter,1,0.938,0,0,1
rail_train,rail,train,39.7,272.4,3.17,7,cluster,0,0.976,0,0,1
rail_train,rail,train,40.5,266.8,3.22,25,scatter,1,0.757,0,1,1
rail_train,rail,train,40.3,272.3,3.19,27,cluster,0,1.416,0,0,1
rail_train,rail,train,39.4,270.2,3.23,13,scatter,1,0.932,0,1,1
rail_train,rail,train,39.8,268.0,3.25,46,crowd,1,1.379,0,1,1
rail_train,rail,train,40.0,269.9,3.16,19,as built,1,0.744,0,0,1
rail_train,rail,train,39.2,269.6,3.2,25,cluster,1,1.379,0,0,1
rail_train,rail,train,38.6,269.8,3.19,20,cluster,1,0.624,0,0,1
rail_train,rail,train,40.2,269.6,3.23,12,cluster,1,0.849,0,1,1
rail_train,rail,train,40.0,270.1,3.25,23,cluster,1,0.956,0,1,1
rail_train,rail,train,40.4,270.0,3.2,74,scatter,1,0.739,0,0,1
rail_train,rail,train,39.5,272.7,3.23,11,scatter,1,0.662,0,0,1
rail_train,rail,train,39.5,269.6,3.16,18,scatter,1,1.379,0,0,1
rail_train,rail,train,40.5,267.9,3.22,63,crowd,0,1.278,0,1,1
rail_train,rail,train,40.3,268.2,3.22,24,scatter,1,1.195,0,0,1
rail_train,rail,train,39.4,268.7,3.21,67,clusters,1,0.989,0,0,1
rail_train,rail,train,40.3,272.8,3.19,8,cluster,1,1.415,0,0,1
rail_train,rail,train,40.2,267.4,3.22,48,clusters,0,1.45,0,1,1
rail_train,rail,train,39.4,272.7,3.2,45,clusters,1,1.151,0,1,1
rail_train,rail,train,39.1,272.0,3.14,19,as built,0,0.849,0,0,1
rail_train,rail,train,41.5,270.0,3.14,17,cluster,0,0.992,0,0,1
rail_train,rail,train,40.1,271.5,3.25,43,clusters,1,1.178,0,0,1
rail_train,rail,train,38.3,268.6,3.17,27,scatter,1,0.89,0,1,1
rail_train,rail,train,40.0,271.8,3.18,30,scatter,1,1.039,0,0,1
rail_train,rail,train,40.6,269.0,3.11,36,scatter,1,1.392,0,1,1
rail_train,rail,train,40.1,272.7,3.18,28,crowd,0,1.18,0,1,1
rail_train,rail,train,38.8,270.4,3.14,15,cluster,1,0.912,0,0,1
rail_train,rail,train,39.8,271.3,3.22,18,crowd,1,1.419,0,0,1
rail_train,rail,train,40.0,268.6,3.25,20,scatter,1,0.711,0,1,1
rail_train,rail,train,39.1,269.5,3.21,25,scatter,1,0.69,0,0,1
rail_train,rail,train,40.4,270.4,3.08,20,cluster,0,1.416,0,1,1
rail_train,rail,train,40.8,269.7,3.15,13,scatter,0,1.109,0,0,1
rail_train,rail,train,41.3,269.4,3.14,19,crowd,0,1.285,0,1,1
rail_train,rail,train,40.4,269.8,3.24,18,scatter,0,1.111,0,0,1
rail_train,rail,train,40.8,268.5,3.18,52,clusters,1,1.043,0,1,1
rail_train,rail,train,40.4,272.6,3.2,20,scatter,1,1.156,0,1,1
rail_train,rail,train,41.5,270.6,3.14,32,cluster,0,1.0,0,1,1
rail_train,rail,train,40.8,271.1,3.18,74,rows,1,0.661,0,0,1
rail_train,rail,train,39.7,267.8,3.15,28,cluster,1,0.728,0,1,1
rail_train,rail,train,39.3,270.9,3.23,26,scatter,0,0.658,0,0,1
rail_train,rail,train,40.0,269.6,3.1,24,scatter,1,1.113,0,1,1
rail_train,rail,train,38.0,270.8,3.17,41,clusters,1,0.92,0,0,1
rail_train,rail,train,39.8,270.6,3.16,28,scatter,1,0.665,0,0,1
rail_train,rail,train,39.7,269.9,3.22,33,scatter,1,1.014,0,0,1
rail_train,rail,train,39.8,273.3,3.23,19,cluster,1,1.057,0,0,1
rail_train,rail,train,40.3,269.4,3.11,16,scatter,1,1.216,0,1,1
rail_train,rail,train,40.4,272.3,3.21,14,scatter,0,0.657,0,1,1
rail_train,rail,train,40.6,272.2,3.17,55,clusters,1,0.755,0,0,1
rail_train,rail,train,39.6,271.0,3.22,19,as built,0,0.623,0,0,1
rail_train,rail,train,40.3,267.5,3.24,60,scatter,1,1.396,0,0,1
rail_train,rail,train,40.4,270.8,3.14,57,crowd,1,1.277,0,0,1
rail_train,rail,train,40.0,270.4,3.17,17,crowd,0,0.605,0,0,1
rail_train,rail,train,40.0,270.8,3.2,16,scatter,0,1.303,0,0,1
rail_train,rail,train,39.1,271.6,3.21,15,scatter,1,1.403,0,1,1
rail_train,rail,train,39.9,270.3,3.18,33,scatter,1,1.382,0,0,1
rail_train,rail,train,40.5,267.4,3.2,29,scatter,0,1.398,0,0,1
rail_train,rail,train,39.7,269.2,3.18,53,crowd,0,0.724,0,1,1
rail_train,rail,train,41.0,271.0,3.18,15,rows,0,1.256,0,0,1
rail_train,rail,train,39.5,272.1,3.2,9,cluster,1,1.37,0,0,1
rail_train,rail,train,39.2,271.0,3.13,31,scatter,1,0.873,0,0,1
rail_train,rail,train,39.3,273.1,3.2,32,scatter,1,1.31,0,0,1
rail_train,rail,train,38.7,270.2,3.18,20,cluster,1,1.252,0,1,1
rail_train,rail,train,39.5,270.5,3.19,28,cluster,1,1.423,0,0,1
rail_train,rail,train,40.3,273.0,3.15,57,clusters,0,1.156,0,0,1
rail_train,rail,train,38.3,270.1,3.19,16,scatter,1,1.023,0,0,1
rail_train,rail,train,40.0,272.4,3.2,29,scatter,1,0.603,0,0,1
rail_train,rail,train,39.2,269.5,3.17,34,rows,1,1.287,0,0,1
rail_train,rail,train,39.3,272.9,3.21,67,clusters,1,1.175,0,0,1
rail_train,rail,train,39.6,271.4,3.23,30,scatter,1,1.219,0,1,1
rail_train,rail,train,39.9,268.5,3.2,11,rows,0,1.449,0,0,1
rail_train,rail,train,40.0,269.2,3.25,62,rows,1,0.673,0,1,1
rail_train,rail,train,40.2,267.9,3.22,56,rows,0,0.909,0,0,1
rail_train,rail,train,40.4,267.9,3.2,44,scatter,1,1.187,0,0,1
rail_train,rail,train,39.9,272.4,3.23,32,cluster,1,1.184,0,0,1
rail_train,rail,train,39.6,269.9,3.22,24,cluster,1,1.211,0,1,1
rail_train,rail,train,40.9,268.0,3.19,9,scatter,1,1.209,0,1,1
rail_train,rail,train,39.8,269.6,3.17,59,clusters,0,1.389,0,1,1
rail_train,rail,train,38.4,270.1,3.14,7,cluster,1,0.621,0,0,1
rail_train,rail,train,40.4,269.0,3.1,30,scatter,0,0.619,0,0,1
rail_train,rail,train,39.5,268.7,3.23,19,as built,0,1.011,0,0,1
rail_train,rail,train,41.1,271.0,3.17,9,scatter,1,0.972,0,0,1
rail_train,rail,train,39.4,268.3,3.2,20,scatter,1,1.438,0,1,1
rail_train,rail,train,39.7,271.5,3.21,71,clusters,1,0.973,0,0,1
rail_train,rail,train,40.8,271.5,3.19,19,as built,0,1.009,0,0,1
rail_train,rail,train,40.3,269.0,3.18,23,scatter,0,1.026,0,0,1
rail_train,rail,train,38.1,269.9,3.16,10,scatter,1,0.773,0,1,1
rail_train,rail,train,40.9,271.4,3.2,29,scatter,1,0.749,0,0,1
rail_train,rail,train,39.2,269.2,3.21,48,rows,1,0.688,0,0,1
rail_train,rail,train,40.1,268.7,3.22,23,clusters,1,0.895,0,0,1
rail_train,rail,train,39.7,269.2,3.24,20,clusters,1,0.792,0,0,1
rail_train,rail,train,40.1,271.0,3.25,34,scatter,1,1.418,0,0,1
rail_train,rail,train,40.6,271.6,3.18,11,crowd,1,0.749,0,0,1
rail_train,rail,train,40.0,269.5,3.19,14,scatter,1,0.895,0,0,1
rail_train,rail,train,39.6,267.8,3.23,10,scatter,0,1.257,0,1,1
rail_train,rail,train,40.3,270.4,3.21,33,scatter,1,0.876,0,0,1
rail_train,rail,train,39.5,271.3,3.17,26,scatter,1,0.63,0,1,1
rail_train,rail,train,40.6,271.0,3.19,31,scatter,1,0.624,0,0,1
rail_train,rail,train,39.5,269.9,3.21,33,clusters,0,1.143,0,0,1
rail_train,rail,train,40.6,270.5,3.21,22,cluster,0,1.268,0,0,1
rail_train,rail,train,38.8,268.3,3.16,13,scatter,0,0.699,0,1,1
rail_train,rail,train,38.1,273.5,3.16,18,cluster,1,1.408,0,0,1
rail_train,rail,train,40.1,267.8,3.18,61,rows,1,0.778,0,0,1
rail_train,rail,train,39.7,271.3,3.19,32,scatter,1,1.207,0,0,1
rail_train,rail,train,39.2,272.4,3.16,30,rows,1,1.261,0,1,1
rail_train,rail,train,40.9,269.7,3.15,30,scatter,1,0.74,0,0,1
rail_train,rail,train,38.9,272.4,3.2,37,rows,0,0.6,0,0,1
rail_train,rail,train,40.3,272.0,3.14,75,rows,1,0.712,0,1,1
rail_train,rail,train,41.1,271.0,3.18,34,scatter,1,1.174,0,0,1
rail_train,rail,train,40.6,267.6,3.19,47,scatter,0,1.009,0,1,1
rail_train,rail,train,40.1,269.2,3.25,27,scatter,0,1.222,0,0,1
rail_train,rail,train,40.3,269.8,3.17,19,as built,1,1.305,0,1,1
rail_train,rail,train,40.5,272.3,3.22,28,cluster,1,0.926,0,1,1
rail_train,rail,train,40.4,269.7,3.21,14,rows,1,1.358,0,0,1
rail_train,rail,train,40.9,269.8,3.2,24,scatter,1,1.2,0,0,1
rail_train,rail,train,39.8,268.3,3.23,27,cluster,0,0.551,0,0,1
rail_train,rail,train,40.2,269.9,3.21,8,cluster,1,0.682,0,0,1
rail_train,rail,train,40.1,269.0,3.15,39,scatter,1,1.237,0,1,1
rail_train,rail,train,39.9,273.4,3.26,19,as built,0,1.193,0,0,1
rail_train,rail,train,40.2,273.6,3.16,13,clusters,0,1.003,0,1,1
rail_train,rail,train,39.6,266.6,3.23,20,rows,0,1.421,0,0,1
rail_train,rail,train,40.2,272.0,3.17,11,scatter,0,1.174,0,0,1
rail_train,rail,train,39.8,271.3,3.15,51,clusters,1,0.992,0,0,1
rail_train,rail,train,39.1,268.5,3.18,10,scatter,1,1.423,0,0,1
rail_train,rail,train,40.3,270.3,3.2,32,rows,1,0.787,0,0,1
rail_train,rail,train,40.5,266.4,3.1,18,scatter,0,1.437,0,0,1
rail_train,rail,train,40.3,272.0,3.22,27,rows,1,1.247,0,1,1
rail_train,rail,train,39.3,269.6,3.18,22,scatter,1,0.708,0,1,1
rail_train,rail,train,40.4,270.4,3.17,44,scatter,1,1.293,0,1,1
rail_train,rail,train,40.9,269.8,3.17,65,crowd,0,0.878,0,1,1
rail_train,rail,train,40.6,270.3,3.16,19,as built,1,1.09,0,1,1
rail_train,rail,train,40.2,268.5,3.24,21,cluster,1,0.682,0,1,1
rail_train,rail,train,40.1,271.1,3.11,55,rows,0,1.336,0,0,1
rail_train,rail,train,39.7,270.7,3.23,17,cluster,0,1.169,0,1,1
rail_train,rail,train,39.3,270.1,3.23,62,rows,1,0.836,0,0,1
rail_train,rail,train,38.9,272.2,3.11,41,rows,1,0.634,0,0,1
rail_train,rail,train,39.6,269.9,3.2,45,rows,0,1.405,0,0,1
rail_train,rail,train,39.4,269.1,3.23,31,scatter,1,0.793,0,1,1
rail_train,rail,train,41.5,269.5,3.14,10,scatter,1,0.765,0,0,1
rail_train,rail,train,39.9,268.8,3.26,30,cluster,1,1.315,0,0,1
rail_train,rail,train,41.2,271.6,3.16,46,scatter,0,1.076,0,0,1
rail_train,rail,train,40.0,268.3,3.17,16,scatter,1,0.941,0,0,1
rail_train,rail,train,38.4,270.9,3.17,25,cluster,1,1.356,0,0,1
rail_train,rail,train,39.4,267.9,3.12,31,scatter,1,0.609,0,0,1
rail_train,rail,train,40.0,268.2,3.22,13,rows,0,0.704,0,0,1
rail_train,rail,train,39.9,272.2,3.23,29,rows,0,0.924,0,0,1
rail_train,rail,train,40.8,269.8,3.16,14,scatter,1,1.319,0,0,1
rail_train,rail,train,40.1,267.5,3.2,28,scatter,1,0.638,0,0,1
rail_train,rail,train,38.9,271.1,3.17,65,clusters,1,0.949,0,0,1
rail_train,rail,train,39.6,271.5,3.15,19,as built,0,1.366,0,1,1
rail_train,rail,train,38.9,270.0,3.2,10,scatter,1,1.395,0,0,1
rail_train,rail,train,39.5,269.7,3.1,19,as built,1,1.147,0,0,1
rail_train,rail,train,40.0,272.9,3.26,52,crowd,0,0.829,0,1,1
rail_train,rail,train,39.5,267.5,3.19,27,scatter,0,1.287,0,0,1
rail_train,rail,train,40.0,270.2,3.2,22,rows,1,0.814,0,1,1
rail_train,rail,train,40.5,268.8,3.21,26,rows,1,0.845,0,0,1
rail_train,rail,train,39.9,269.0,3.24,21,clusters,0,1.34,0,0,1
rail_train,rail,train,40.9,272.2,3.11,19,as built,0,1.16,0,1,1
rail_train,rail,train,39.1,269.6,3.18,38,scatter,0,1.361,0,1,1
rail_train,rail,train,40.2,270.4,3.23,19,as built,1,1.365,0,0,1
rail_train,rail,train,39.6,270.5,3.2,44,scatter,1,1.405,0,0,1
rail_train,rail,train,40.9,270.3,3.21,25,rows,0,1.107,0,0,1
rail_train,rail,train,40.5,271.6,3.09,16,cluster,1,0.582,0,0,1
rail_train,rail,train,40.1,272.2,3.25,20,scatter,1,0.765,0,0,1
rail_train,rail,train,40.3,266.8,3.24,18,clusters,0,1.116,0,1,1
rail_train,rail,train,38.8,268.2,3.17,54,crowd,0,0.657,0,0,1
rail_train,rail,train,39.1,270.5,3.21,19,scatter,0,0.637,0,1,1
rail_train,rail,train,40.1,269.8,3.15,45,rows,1,0.767,0,0,1
rail_train,rail,train,38.6,269.9,3.13,19,as built,0,0.92,0,0,1
rail_train,rail,train,40.1,270.8,3.25,68,scatter,1,0.686,0,1,1
rail_train,rail,train,39.9,269.2,3.21,21,cluster,1,1.096,0,0,1
rail_train,rail,train,39.2,269.9,3.18,16,scatter,1,0.999,0,1,1
rail_train,rail,train,40.4,268.9,3.2,48,rows,1,0.725,0,1,1
rail_train,rail,train,39.0,270.9,3.17,19,as built,1,0.653,0,0,1
rail_train,rail,train,39.0,272.3,3.17,8,scatter,1,0.791,0,0,1
rail_train,rail,train,39.6,273.1,3.24,74,scatter,1,0.742,0,0,1
rail_train,rail,train,40.8,270.5,3.1,14,scatter,1,1.186,0,0,1
rail_train,rail,train,39.8,269.6,3.23,19,scatter,1,1.241,0,0,1
rail_train,rail,train,39.6,268.1,3.15,19,as built,0,1.239,0,1,1
rail_train,rail,train,38.9,270.1,3.21,63,rows,1,1.314,0,0,1
rail_train,rail,train,40.1,267.5,3.17,25,clusters,1,1.262,0,0,1
rail_train,rail,train,39.7,270.1,3.15,44,rows,1,0.658,0,0,1
rail_train,rail,train,39.7,271.4,3.21,45,scatter,1,0.559,0,1,1
rail_train,rail,train,40.0,270.1,3.22,61,rows,1,1.159,0,1,1
rail_train,rail,train,40.2,271.3,3.25,32,rows,1,0.824,0,0,1
rail_train,rail,train,40.3,271.5,3.24,36,clusters,1,1.394,0,1,1
rail_train,rail,train,40.0,270.3,3.13,39,scatter,0,1.363,0,0,1
rail_train,rail,train,39.7,269.4,3.19,39,clusters,0,1.07,0,1,1
rail_train,rail,train,40.2,269.3,3.18,42,rows,1,0.568,0,1,1
rail_train,rail,train,39.8,268.9,3.19,14,cluster,0,1.007,0,0,1
rail_train,rail,train,40.3,268.8,3.2,26,crowd,1,0.962,0,0,1
rail_train,rail,train,40.3,269.0,3.23,20,scatter,0,1.096,0,0,1
rail_train,rail,train,40.4,269.8,3.21,65,clusters,1,0.861,0,1,1
rail_train,rail,train,39.9,267.5,3.2,9,cluster,1,0.633,0,0,1
rail_train,rail,train,41.0,268.5,3.15,14,cluster,0,0.739,0,0,1
rail_train,rail,train,39.3,268.1,3.19,11,scatter,1,1.095,0,0,1
rail_train,rail,train,39.7,270.8,3.16,28,scatter,0,1.365,0,0,1
rail_train,rail,train,40.7,271.2,3.11,21,scatter,1,0.615,0,0,1
rail_train,rail,train,39.5,271.2,3.19,29,scatter,1,0.669,0,1,1
rail_train,rail,train,38.5,271.5,3.14,23,scatter,1,1.244,0,0,1
rail_train,rail,train,39.1,268.1,3.21,14,clusters,1,1.142,0,0,1
rail_train,rail,train,40.3,267.9,3.21,30,scatter,0,1.426,0,0,1
rail_train,rail,train,40.8,271.2,3.15,28,scatter,1,1.105,0,1,1
rail_train,rail,train,40.1,269.5,3.2,30,crowd,1,1.415,0,0,1
rail_train,rail,train,40.2,269.1,3.24,19,as built,0,0.77,0,1,1
rail_train,rail,train,39.8,269.0,3.23,65,rows,0,0.693,0,0,1
rail_train,rail,train,39.8,269.7,3.2,11,scatter,1,1.189,0,1,1
rail_train,rail,train,40.2,271.3,3.25,31,scatter,1,1.189,0,0,1
rail_train,rail,train,40.4,269.2,3.2,48,crowd,1,0.693,0,0,1
rail_train,rail,train,40.4,268.6,3.2,19,as built,1,1.377,0,0,1
rail_train,rail,train,38.2,272.5,3.15,12,scatter,1,1.302,0,1,1
rail_train,rail,train,39.9,267.2,3.22,17,scatter,1,0.869,0,0,1
rail_train,rail,train,40.3,269.9,3.21,41,clusters,1,0.792,0,0,1
rail_train,rail,train,40.4,270.3,3.23,19,as built,0,0.992,0,0,1
rail_train,rail,train,39.7,271.4,3.2,12,cluster,1,0.807,0,1,1
rail_train,rail,train,38.6,270.0,3.18,52,crowd,0,1.23,0,0,1
rail_train,rail,train,39.6,267.7,3.21,27,scatter,0,1.157,0,0,1
rail_train,rail,train,39.3,266.5,3.2,70,clusters,1,0.901,0,1,1
rail_train,rail,train,39.2,271.0,3.14,69,crowd,0,1.253,0,0,1
rail_train,rail,train,40.7,271.0,3.17,42,crowd,1,0.764,0,1,1
rail_train,rail,train,39.4,271.6,3.19,19,as built,1,1.066,0,0,1
rail_train,rail,train,41.7,266.3,3.15,7,cluster,1,0.714,0,0,1
rail_train,rail,train,39.6,269.0,3.2,12,cluster,0,1.212,0,0,1
rail_train,rail,train,38.1,269.8,3.16,24,scatter,1,1.063,0,1,1
rail_train,rail,train,40.9,269.4,3.18,32,rows,1,0.635,0,0,1
rail_train,rail,train,39.3,270.9,3.2,42,crowd,0,1.067,0,0,1
rail_train,rail,train,41.1,270.6,3.13,29,scatter,1,0.658,0,1,1
rail_train,rail,train,40.8,269.2,3.13,23,clusters,0,1.349,0,1,1
rail_train,rail,train,39.3,271.3,3.22,24,rows,0,0.59,0,0,1
rail_train,rail,train,39.8,269.4,3.17,11,scatter,1,1.028,0,1,1
rail_train,rail,train,40.0,270.7,3.23,29,scatter,0,0.85,0,0,1
rail_train,rail,train,41.0,268.1,3.2,12,rows,1,0.643,0,0,1
rail_train,rail,train,38.8,273.3,3.19,14,cluster,1,0.75,0,0,1
rail_train,rail,train,40.1,269.8,3.15,33,crowd,1,1.169,0,1,1
rail_train,rail,train,40.3,267.7,3.19,31,scatter,1,0.939,0,0,1
rail_train,rail,train,40.0,266.5,3.24,19,as built,0,1.277,0,0,1
rail_train,rail,train,38.7,272.0,3.2,16,scatter,1,1.301,0,0,1
rail_train,rail,train,39.8,271.6,3.24,9,scatter,0,1.332,0,1,1
rail_train,rail,train,40.0,269.6,3.16,26,clusters,0,1.211,0,1,1
rail_train,rail,train,40.6,268.9,3.1,9,scatter,1,1.135,0,0,1
rail_train,rail,train,40.6,271.0,3.16,60,rows,1,1.218,0,0,1
rail_train,rail,train,40.1,270.4,3.18,24,scatter,1,1.193,0,0,1
rail_train,rail,train,40.4,269.2,3.12,27,crowd,0,0.995,0,0,1
rail_train,rail,train,41.0,271.5,3.16,21,scatter,1,0.633,0,0,1
rail_train,rail,train,40.0,270.3,3.19,55,scatter,1,0.773,0,0,1
rail_train,rail,train,39.9,272.6,3.25,14,cluster,0,0.784,0,1,1
rail_train,rail,train,40.9,270.2,3.16,15,clusters,0,0.938,0,1,1
rail_train,rail,train,40.9,272.6,3.19,30,scatter,0,1.392,0,0,1
rail_train,rail,train,39.8,268.2,3.24,11,cluster,1,1.182,0,0,1
rail_train,rail,train,40.3,269.1,3.2,31,scatter,0,0.969,0,0,1
rail_train,rail,train,40.2,270.8,3.23,9,scatter,1,0.982,0,0,1
rail_train,rail,train,39.4,272.5,3.19,11,scatter,1,1.406,0,0,1
rail_train,rail,train,39.9,268.6,3.12,25,cluster,1,0.741,0,0,1
rail_train,rail,train,41.0,270.6,3.15,29,cluster,0,0.905,0,0,1
rail_train,rail,train,40.1,271.9,3.25,19,as built,1,1.078,0,0,1
rail_train,rail,train,39.9,272.6,3.22,28,cluster,0,0.674,0,1,1
rail_train,rail,train,40.0,270.4,3.22,27,scatter,1,1.449,0,1,1
rail_train,rail,train,41.3,272.6,3.18,49,rows,1,1.087,0,0,1
rail_train,rail,train,39.6,269.1,3.19,10,scatter,0,1.309,0,0,1
rail_train,rail,train,39.0,267.8,3.1,18,scatter,1,0.677,0,1,1
rail_train,rail,train,40.1,268.1,3.18,19,as built,1,1.065,0,0,1
rail_train,rail,train,40.2,271.6,3.18,14,scatter,1,0.85,0,0,1
rail_train,rail,train,40.6,271.7,3.16,26,scatter,0,1.349,0,0,1
rail_train,rail,train,38.3,268.9,3.16,19,scatter,0,1.362,0,0,1
rail_train,rail,train,40.3,268.3,3.22,32,scatter,1,0.73,0,0,1
rail_train,rail,train,40.7,269.8,3.2,10,scatter,1,1.385,0,0,1
rail_train,rail,train,39.8,271.4,3.22,27,scatter,1,1.346,0,1,1
rail_train,rail,train,40.0,268.1,3.17,19,as built,1,0.955,0,0,1
rail_train,rail,train,39.9,267.5,3.18,19,as built,0,0.718,0,1,1
rail_train,rail,train,40.6,271.5,3.21,38,clusters,1,1.43,0,0,1
rail_train,rail,train,40.3,269.8,3.21,74,crowd,1,1.021,0,0,1
rail_train,rail,train,40.1,270.2,3.17,57,rows,0,1.083,0,0,1
rail_train,rail,train,39.6,268.8,3.06,56,scatter,1,1.32,0,1,1
rail_train,rail,train,38.8,270.5,3.14,24,clusters,1,0.876,0,1,1
rail_train,rail,train,40.4,268.3,3.23,26,rows,1,0.589,0,0,1
rail_train,rail,train,39.4,268.3,3.22,45,rows,1,1.32,0,0,1
rail_train,rail,train,40.7,271.6,3.2,25,scatter,0,0.633,0,0,1
rail_train,rail,train,39.7,268.9,3.15,63,rows,0,0.642,0,0,1
rail_train,rail,train,39.8,270.4,3.23,23,clusters,0,1.385,0,0,1
rail_train,rail,train,40.5,269.9,3.17,28,scatter,1,1.381,0,1,1
rail_train,rail,train,39.9,271.9,3.2,22,scatter,1,0.83,0,0,1
rail_train,rail,train,40.7,271.6,3.12,19,as built,1,0.819,0,0,1
rail_train,rail,train,39.5,271.3,3.14,27,scatter,1,0.617,0,1,1
rail_train,rail,train,39.3,267.2,3.23,21,cluster,1,1.053,0,0,1
rail_train,rail,train,40.1,271.8,3.22,14,crowd,1,1.404,0,0,1
rail_train,rail,train,40.0,272.2,3.26,12,scatter,1,0.737,0,0,1
rail_train,rail,train,40.3,267.9,3.24,46,clusters,1,0.86,0,1,1
rail_train,rail,train,40.3,268.2,3.21,20,cluster,1,0.573,0,0,1
rail_train,rail,train,39.1,269.6,3.2,29,scatter,1,0.703,0,1,1
rail_train,rail,train,39.9,269.6,3.18,32,scatter,1,0.934,0,0,1
rail_train,rail,train,40.3,270.9,3.22,8,scatter,1,0.57,0,0,1
rail_train,rail,train,40.3,269.4,3.12,43,clusters,1,0.585,0,1,1
rail_train,rail,train,40.2,270.2,3.15,45,rows,1,1.292,0,0,1
rail_train,rail,train,39.9,271.8,3.26,9,scatter,1,1.054,0,0,1
rail_train,rail,train,40.7,270.1,3.16,40,scatter,0,0.784,0,0,1
rail_train,rail,train,40.0,270.6,3.24,14,cluster,0,0.866,0,1,1
rail_train,rail,train,40.1,269.0,3.24,11,scatter,0,0.881,0,0,1
rail_train,rail,train,40.0,273.5,3.25,19,as built,1,0.716,0,1,1
rail_train,rail,train,40.4,269.6,3.23,27,scatter,0,0.959,0,0,1
rail_train,rail,train,39.3,269.9,3.12,66,clusters,1,1.374,0,0,1
rail_train,rail,train,39.2,269.1,3.16,24,crowd,0,0.792,0,0,1
rail_train,rail,train,40.5,270.1,3.23,17,scatter,1,1.18,0,1,1
rail_train,rail,train,40.7,272.1,3.2,26,scatter,1,0.848,0,0,1
rail_train,rail,train,39.7,269.5,3.22,27,cluster,1,0.843,0,0,1
rail_train,rail,train,41.0,268.2,3.2,19,as built,1,0.835,0,1,1
rail_train,rail,train,39.1,268.7,3.12,19,as built,1,0.728,0,0,1
rail_train,rail,train,41.3,268.3,3.18,13,scatter,1,0.827,0,0,1
rail_train,rail,train,40.8,273.1,3.19,28,scatter,1,0.628,0,0,1
rail_train,rail,train,41.0,272.0,3.11,19,rows,1,0.943,0,0,1
rail_train,rail,train,40.7,267.9,3.19,49,clusters,0,1.358,0,0,1
rail_train,rail,train,39.5,269.0,3.21,15,cluster,0,0.896,0,1,1
rail_train,rail,train,40.0,269.7,3.24,19,as built,0,0.753,0,0,1
rail_train,rail,train,40.9,273.2,3.12,19,as built,1,0.746,0,0,1
rail_train,rail,train,41.0,270.1,3.2,26,scatter,1,0.698,0,0,1
rail_train,rail,train,40.2,271.9,3.24,61,clusters,1,0.595,0,0,1
rail_train,rail,train,39.7,268.9,3.17,33,rows,1,1.053,0,0,1
rail_train,rail,train,40.6,270.6,3.19,16,cluster,0,1.061,0,0,1
rail_train,rail,train,38.9,269.1,3.2,42,scatter,1,0.719,0,1,1
rail_train,rail,train,38.9,267.7,3.19,52,crowd,1,0.554,0,0,1
rail_train,rail,train,40.0,269.0,3.23,23,cluster,0,1.434,0,0,1
rail_train,rail,train,39.8,268.5,3.23,65,rows,1,1.429,0,0,1
rail_train,rail,train,40.4,270.3,3.2,31,clusters,0,0.555,0,1,1
rail_train,rail,train,39.3,269.6,3.17,11,rows,1,0.832,0,1,1
rail_train,rail,train,40.9,269.2,3.19,33,cluster,1,0.648,0,0,1
rail_train,rail,train,39.4,270.2,3.21,14,scatter,1,1.134,0,0,1
rail_train,rail,train,40.3,272.6,3.16,53,clusters,1,1.126,0,0,1
rail_train,rail,train,39.3,267.1,3.19,70,scatter,1,0.722,0,0,1
rail_train,rail,train,40.0,266.5,3.22,15,scatter,0,1.046,0,0,1
rail_train,rail,train,38.8,271.0,3.14,58,clusters,1,0.957,0,0,1
rail_train,rail,train,40.5,271.4,3.19,65,clusters,1,1.338,0,1,1
rail_train,rail,train,40.0,269.9,3.13,27,cluster,0,1.037,0,1,1
rail_train,rail,train,39.8,269.5,3.21,12,scatter,1,1.391,0,0,1
rail_train,rail,train,40.3,266.4,3.16,46,scatter,0,1.262,0,0,1
rail_train,rail,train,39.5,272.3,3.23,12,cluster,0,1.44,0,0,1
rail_train,rail,train,40.5,269.5,3.21,19,as built,1,1.124,0,1,1
rail_train,rail,train,40.1,270.5,3.11,25,scatter,1,1.343,0,0,1
rail_train,rail,train,39.3,271.3,3.23,23,cluster,1,0.758,0,1,1
rail_train,rail,train,39.9,271.6,3.15,45,scatter,1,0.84,0,1,1
rail_train,rail,train,38.4,269.5,3.18,48,clusters,1,1.109,0,0,1
rail_train,rail,train,40.9,270.1,3.2,23,scatter,1,1.192,0,0,1
rail_train,rail,train,39.0,270.3,3.19,16,rows,1,0.882,0,0,1
rail_train,rail,train,39.9,270.5,3.18,49,scatter,1,1.344,0,0,1
rail_train,rail,train,40.2,270.4,3.23,54,rows,0,1.307,0,0,1
rail_train,rail,train,40.4,269.2,3.16,19,as built,1,0.707,0,0,1
rail_train,rail,train,40.0,267.6,3.18,20,cluster,1,0.633,0,1,1
rail_train,rail,train,40.2,273.5,3.21,60,rows,1,1.05,0,0,1
rail_train,rail,train,40.5,267.7,3.19,49,crowd,1,0.576,0,0,1
rail_train,rail,train,40.1,269.5,3.21,19,as built,1,0.876,0,0,1
rail_train,rail,train,39.8,268.8,3.25,8,scatter,0,1.36,0,0,1
rail_train,rail,train,39.1,271.9,3.09,13,cluster,0,0.994,0,0,1
rail_train,rail,train,39.1,269.4,3.21,20,cluster,1,1.326,0,0,1
rail_train,rail,train,40.3,270.1,3.19,18,clusters,1,0.929,0,0,1
rail_train,rail,train,41.0,271.8,3.15,54,scatter,0,1.218,0,0,1
rail_train,rail,train,39.8,272.4,3.22,7,scatter,0,1.398,0,0,1
rail_train,rail,train,39.2,273.5,3.21,19,as built,1,0.859,0,0,1
rail_train,rail,train,40.0,270.4,3.25,19,as built,0,0.712,0,0,1
rail_train,rail,train,38.7,268.0,3.12,8,scatter,0,1.398,0,0,1
rail_train,rail,train,39.5,266.7,3.24,15,clusters,1,1.268,0,1,1
rail_train,rail,train,39.7,268.5,3.24,56,scatter,1,0.827,0,0,1
rail_train,rail,train,38.1,268.3,3.16,16,scatter,0,1.175,0,0,1
rail_train,rail,train,40.8,270.0,3.11,15,clusters,0,1.187,0,0,1
rail_train,rail,train,38.2,272.3,3.15,28,scatter,1,0.624,0,1,1
rail_train,rail,train,40.6,268.1,3.2,26,scatter,1,1.26,0,0,1
rail_train,rail,train,40.2,269.9,3.17,43,scatter,1,1.19,0,0,1
rail_train,rail,train,41.2,268.6,3.19,33,scatter,0,1.007,0,0,1
rail_train,rail,train,40.6,272.1,3.1,25,scatter,1,0.813,0,1,1
rail_train,rail,train,40.6,270.4,3.21,69,scatter,1,1.351,0,0,1
rail_train,rail,train,39.3,270.3,3.12,11,scatter,0,1.094,0,0,1
rail_train,rail,train,38.5,271.1,3.18,71,scatter,1,0.701,0,0,1
rail_train,rail,train,39.6,271.7,3.18,21,scatter,1,1.214,0,0,1
rail_train,rail,train,40.1,268.8,3.22,11,cluster,0,0.64,0,0,1
rail_train,rail,train,40.1,268.5,3.15,22,cluster,1,0.997,0,0,1
rail_train,rail,train,40.1,267.5,3.22,16,scatter,1,1.208,0,1,1
rail_train,rail,train,40.8,269.4,3.21,54,scatter,0,1.168,0,0,1
rail_train,rail,train,39.0,271.2,3.19,22,rows,1,1.198,0,1,1
rail_train,rail,train,40.0,272.0,3.25,10,scatter,0,1.285,0,1,1
rail_train,rail,train,38.2,269.7,3.15,19,as built,1,0.63,0,0,1
rail_train,rail,train,39.5,269.3,3.22,73,scatter,1,0.975,0,0,1
rail_train,rail,train,39.3,270.0,3.22,18,scatter,0,1.049,0,0,1
rail_train,rail,train,40.0,270.6,3.23,38,crowd,1,1.188,0,0,1
rail_train,rail,train,39.6,270.6,3.22,11,clusters,1,1.179,0,1,1
rail_train,rail,train,39.0,269.9,3.17,28,scatter,1,1.08,0,0,1
rail_train,rail,train,39.3,269.4,3.16,19,as built,1,1.29,0,0,1
rail_train,rail,train,39.4,268.6,3.23,16,scatter,1,1.329,0,1,1
rail_train,rail,train,39.8,266.5,3.18,21,scatter,1,0.799,0,0,1
rail_train,rail,train,40.3,267.9,3.17,15,crowd,1,1.117,0,1,1
rail_train,rail,train,38.1,273.1,3.18,19,as built,1,0.981,0,0,1
rail_train,rail,train,41.4,269.0,3.14,11,scatter,1,1.012,0,0,1
rail_train,rail,train,39.3,268.0,3.19,20,scatter,1,0.568,0,1,1
rail_train,rail,train,40.5,272.6,3.21,30,cluster,1,1.155,0,1,1
rail_train,rail,train,39.9,267.4,3.22,20,cluster,1,0.948,0,0,1
rail_train,rail,train,39.3,271.2,3.22,13,clusters,1,1.188,0,0,1
rail_train,rail,train,39.4,269.9,3.19,25,cluster,0,0.824,0,0,1
rail_train,rail,train,40.1,270.3,3.19,55,rows,1,1.016,0,0,1
rail_train,rail,train,40.4,267.2,3.16,45,scatter,1,1.255,0,1,1
rail_train,rail,train,39.8,269.9,3.23,14,scatter,0,0.772,0,1,1
rail_train,rail,train,39.6,270.7,3.12,29,cluster,1,1.295,0,0,1
rail_train,rail,train,40.8,269.2,3.16,20,clusters,1,0.78,0,0,1
rail_train,rail,train,39.3,267.9,3.17,22,cluster,0,1.324,0,0,1
rail_train,rail,train,39.9,266.9,3.18,28,scatter,1,1.164,0,0,1
rail_train,rail,train,39.7,267.9,3.2,29,scatter,1,1.352,0,0,1
rail_train,rail,train,39.3,268.4,3.2,32,scatter,1,0.977,0,0,1
rail_train,rail,train,38.1,270.6,3.16,54,rows,1,0.556,0,0,1
rail_train,rail,train,39.5,266.4,3.1,27,rows,1,0.971,0,0,1
rail_train,rail,train,39.9,268.9,3.23,15,crowd,1,0.77,0,0,1
rail_train,rail,train,40.8,268.8,3.14,42,rows,0,0.76,0,0,1
rail_train,rail,train,40.3,269.3,3.24,23,clusters,1,1.281,0,0,1
rail_train,rail,train,40.0,271.6,3.23,27,rows,1,1.103,0,1,1
rail_train,rail,train,39.4,269.6,3.22,51,rows,0,1.381,0,0,1
rail_train,rail,train,40.3,268.3,3.21,19,as built,1,0.745,0,1,1
rail_train,rail,train,39.2,270.1,3.19,30,scatter,1,1.038,0,0,1
rail_train,rail,train,38.4,269.2,3.14,73,rows,0,1.129,0,1,1
rail_train,rail,train,39.7,267.1,3.25,27,cluster,1,1.367,0,0,1
rail_train,rail,train,41.0,269.1,3.16,8,scatter,1,0.756,0,1,1
rail_train,rail,train,39.1,268.5,3.21,18,cluster,0,1.177,0,0,1
rail_train,rail,train,39.1,269.5,3.2,19,clusters,1,1.212,0,0,1
rail_train,rail,train,39.9,269.5,3.19,22,cluster,1,1.228,0,0,1
rail_train,rail,train,39.0,270.8,3.18,55,crowd,1,0.66,0,1,1
rail_train,rail,train,40.7,269.1,3.22,33,crowd,1,1.443,0,0,1
rail_train,rail,train,38.7,268.9,3.12,29,cluster,1,1.119,0,0,1
rail_train,rail,train,39.3,270.7,3.16,68,scatter,1,0.992,0,1,1
rail_train,rail,train,41.7,267.8,3.15,48,scatter,1,0.624,0,0,1
rail_train,rail,train,39.0,266.8,3.19,65,clusters,1,0.717,0,0,1
rail_train,rail,train,39.4,268.0,3.18,72,crowd,0,0.672,0,0,1
rail_train,rail,train,41.0,271.6,3.13,16,scatter,1,1.322,0,0,1
rail_train,rail,train,39.5,271.2,3.24,35,clusters,1,0.712,0,0,1
rail_train,rail,train,39.8,266.8,3.19,31,crowd,0,0.626,0,0,1
rail_train,rail,train,39.8,267.8,3.24,25,rows,0,1.114,0,0,1
rail_train,rail,train,39.6,269.2,3.23,19,scatter,1,1.116,0,0,1
rail_train,rail,train,40.1,269.0,3.25,17,cluster,1,1.174,0,0,1
rail_train,rail,train,40.6,269.0,3.14,8,scatter,1,1.295,0,1,1
rail_train,rail,train,38.2,270.7,3.18,32,crowd,1,1.13,0,1,1
rail_train,rail,train,40.0,269.5,3.23,19,as built,1,1.04,0,0,1
rail_train,rail,train,41.4,268.7,3.14,19,as built,0,0.726,0,1,1
rail_train,rail,train,39.2,270.4,3.2,11,cluster,1,1.077,0,0,1
rail_train,rail,train,40.9,271.0,3.11,45,crowd,1,0.983,0,0,1
rail_train,rail,train,40.4,267.8,3.17,24,scatter,0,0.758,0,0,1
rail_train,rail,train,40.1,273.2,3.17,35,clusters,0,0.851,0,0,1
rail_train,rail,train,39.8,273.5,3.2,23,rows,1,0.609,0,0,1
rail_train,rail,train,40.4,273.1,3.19,49,crowd,1,0.641,0,0,1
rail_train,rail,train,40.9,272.4,3.11,12,scatter,1,0.878,0,0,1
rail_train,rail,train,40.2,269.2,3.18,25,cluster,1,0.988,0,0,1
rail_train,rail,train,39.6,269.7,3.2,72,crowd,0,0.886,0,1,1
rail_train,rail,train,40.8,271.6,3.17,17,rows,1,1.374,0,0,1
rail_train,rail,train,40.4,269.9,3.19,17,scatter,0,1.091,0,1,1
rail_train,rail,train,40.8,268.7,3.15,22,crowd,1,1.414,0,1,1
rail_train,rail,train,40.4,271.4,3.19,30,scatter,0,0.808,0,0,1
rail_train,rail,train,40.0,269.4,3.21,29,crowd,1,0.915,0,0,1
rail_train,rail,train,39.7,270.4,3.2,29,scatter,1,1.381,0,0,1
rail_train,rail,train,38.9,267.2,3.13,55,scatter,0,1.09,0,0,1
rail_train,rail,train,39.8,269.1,3.18,60,clusters,1,1.027,0,0,1
rail_train,rail,train,39.1,266.8,3.23,56,scatter,1,1.004,0,1,1
rail_train,rail,train,39.2,268.7,3.21,17,scatter,0,0.59,0,0,1
rail_train,rail,train,40.1,270.0,3.19,60,rows,1,1.268,0,0,1
rail_train,rail,train,40.8,271.9,3.13,8,scatter,0,0.646,0,0,1
rail_train,rail,train,40.8,268.8,3.1,69,clusters,1,0.743,0,1,1
rail_train,rail,train,39.8,267.2,3.23,23,scatter,1,1.213,0,1,1
rail_train,rail,train,40.0,272.1,3.26,8,scatter,1,1.324,0,0,1
rail_train,rail,train,39.6,270.7,3.23,27,scatter,1,0.636,0,0,1
rail_train,rail,train,39.7,268.2,3.18,26,rows,1,0.836,0,0,1
rail_train,rail,train,40.1,272.4,3.17,53,clusters,0,0.62,0,1,1
rail_train,rail,train,40.4,272.3,3.22,50,clusters,1,0.85,0,1,1
rail_train,rail,train,38.9,269.9,3.12,17,cluster,1,0.676,0,1,1
rail_train,rail,train,39.7,271.7,3.24,40,crowd,0,0.656,0,0,1
rail_train,rail,train,40.7,268.1,3.11,21,scatter,1,0.749,0,0,1
rail_train,rail,train,39.2,271.6,3.22,19,scatter,0,1.37,0,0,1
rail_train,rail,train,39.9,273.5,3.23,10,cluster,0,0.813,0,1,1
rail_train,rail,train,40.7,268.2,3.2,29,scatter,1,1.033,0,1,1
rail_train,rail,train,39.4,266.8,3.21,23,scatter,1,0.575,0,0,1
rail_train,rail,train,38.6,270.3,3.19,28,scatter,1,0.689,0,0,1
rail_train,rail,train,40.2,272.7,3.23,18,scatter,1,0.713,0,0,1
rail_train,rail,train,39.9,266.8,3.13,32,scatter,1,1.271,0,0,1
rail_train,rail,train,40.7,272.8,3.19,30,scatter,0,1.175,0,1,1
rail_train,rail,train,38.4,269.0,3.14,31,scatter,0,1.231,0,0,1
rail_train,rail,train,39.4,270.8,3.22,22,scatter,0,0.923,0,1,1
rail_train,rail,train,39.2,270.0,3.18,44,crowd,1,1.301,0,0,1
rail_train,rail,train,39.6,269.9,3.16,62,crowd,1,0.68,0,0,1
rail_train,rail,train,40.5,270.1,3.2,13,cluster,1,1.41,0,0,1
rail_train,rail,train,40.5,270.9,3.15,33,rows,0,1.031,0,0,1
rail_train,rail,train,39.1,270.4,3.16,11,scatter,1,1.217,0,0,1
rail_train,rail,train,39.9,268.3,3.21,19,cluster,1,1.228,0,1,1
rail_train,rail,train,39.7,270.2,3.21,49,scatter,0,0.903,0,1,1
rail_train,rail,train,39.8,270.2,3.11,19,as built,1,1.382,0,0,1
rail_train,rail,train,39.6,269.2,3.24,57,clusters,1,0.691,0,0,1
rail_train,rail,train,39.4,271.1,3.22,30,scatter,0,1.305,0,1,1
rail_train,rail,train,40.6,268.2,3.15,12,cluster,1,1.286,0,0,1
rail_train,rail,train,39.4,270.9,3.23,19,as built,0,0.882,0,0,1
rail_train,rail,train,39.3,270.3,3.13,24,cluster,1,0.682,0,0,1
rail_train,rail,train,40.0,270.4,3.17,17,cluster,1,0.769,0,0,1
rail_train,rail,train,40.1,271.0,3.21,19,as built,1,0.589,0,0,1
rail_train,rail,train,38.6,270.6,3.17,9,cluster,0,0.553,0,1,1
rail_train,rail,train,38.4,269.4,3.16,10,scatter,1,1.414,0,0,1
rail_train,rail,train,38.5,272.2,3.18,46,crowd,1,1.387,0,1,1
rail_train,rail,train,39.7,271.6,3.13,25,cluster,1,1.051,0,1,1
rail_train,rail,train,38.3,270.3,3.15,24,scatter,1,1.065,0,0,1
rail_train,rail,train,40.3,267.8,3.21,66,clusters,0,0.654,0,0,1
rail_train,rail,train,40.8,267.5,3.2,22,rows,1,0.578,0,0,1
rail_train,rail,train,39.1,272.3,3.19,12,scatter,1,0.918,0,0,1
rail_train,rail,train,39.8,266.7,3.23,55,scatter,1,1.198,0,1,1
rail_train,rail,train,39.2,269.6,3.18,22,cluster,1,1.127,0,1,1
rail_train,rail,train,40.0,266.4,3.15,13,cluster,1,1.082,0,0,1
rail_train,rail,train,40.2,271.8,3.2,25,cluster,1,0.654,0,1,1
rail_train,rail,train,39.4,269.4,3.22,27,scatter,0,1.228,0,1,1
rail_train,rail,train,40.2,268.8,3.2,52,rows,1,0.714,0,0,1
rail_train,rail,train,40.3,270.6,3.25,8,scatter,1,0.586,0,0,1
rail_train,rail,train,41.2,271.5,3.12,14,scatter,0,0.752,0,0,1
rail_train,rail,train,39.1,270.2,3.19,27,scatter,0,1.445,0,0,1
rail_train,rail,train,38.8,268.4,3.12,52,scatter,0,1.372,0,0,1
rail_train,rail,train,38.5,273.0,3.19,16,cluster,0,1.285,0,1,1
rail_train,rail,train,39.5,273.1,3.2,55,rows,1,1.322,0,0,1
rail_train,rail,train,40.0,269.5,3.22,63,clusters,1,1.272,0,1,1
rail_train,rail,train,39.9,266.5,3.25,25,scatter,1,0.596,0,0,1
rail_train,rail,train,41.2,271.4,3.16,70,scatter,1,0.879,0,0,1
rail_train,rail,train,41.6,271.1,3.14,19,as built,1,1.266,0,0,1
rail_train,rail,train,40.8,270.5,3.1,24,cluster,0,1.1,0,0,1
rail_train,rail,train,40.6,270.8,3.16,42,crowd,1,1.291,0,0,1
rail_train,rail,train,39.5,269.3,3.22,29,scatter,1,0.765,0,1,1
rail_train,rail,train,39.7,268.3,3.23,55,clusters,1,1.293,0,0,1
rail_train,rail,train,39.9,269.9,3.16,19,as built,0,0.744,0,0,1
rail_train,rail,train,39.5,266.6,3.24,15,scatter,1,0.741,0,0,1
rail_train,rail,train,39.8,270.4,3.21,12,scatter,1,1.309,0,0,1
rail_train,rail,train,39.4,271.9,3.19,20,cluster,1,1.271,0,1,1
rail_train,rail,train,39.9,267.4,3.13,29,scatter,0,0.856,0,0,1
rail_train,rail,train,38.4,270.6,3.15,38,crowd,1,1.045,0,0,1
rail_train,rail,train,40.0,271.7,3.24,8,scatter,0,0.83,0,1,1
rail_train,rail,train,40.1,273.6,3.11,64,scatter,0,1.417,0,0,1
rail_train,rail,train,41.2,272.7,3.15,28,scatter,0,1.374,0,1,1
rail_train,rail,train,39.9,270.2,3.22,10,scatter,1,1.311,0,0,1
rail_train,rail,train,39.7,268.1,3.23,19,as built,1,1.042,0,0,1
rail_train,rail,train,40.0,273.2,3.23,32,scatter,1,0.605,0,0,1
rail_train,rail,train,41.6,270.0,3.16,71,rows,1,1.343,0,0,1
rail_train,rail,train,40.1,271.0,3.2,14,scatter,1,1.261,0,0,1
rail_train,rail,train,40.3,272.8,3.13,14,cluster,1,0.774,0,0,1
rail_train,rail,train,40.6,269.0,3.16,20,scatter,1,1.142,0,0,1
rail_train,rail,train,39.3,268.6,3.16,17,clusters,1,0.891,0,0,1
rail_train,rail,train,40.3,268.6,3.25,19,scatter,1,1.276,0,1,1
rail_train,rail,train,39.1,271.7,3.2,15,rows,1,1.031,0,0,1
rail_train,rail,train,40.4,269.7,3.16,19,as built,1,0.625,0,0,1
rail_train,rail,train,40.4,267.0,3.2,23,cluster,1,0.748,0,0,1
rail_train,rail,train,40.1,269.3,3.25,62,rows,1,0.579,0,0,1
rail_train,rail,train,40.9,269.6,3.16,19,as built,0,0.757,0,0,1
rail_train,rail,train,40.0,271.4,3.24,23,scatter,1,0.899,0,1,1
rail_train,rail,train,40.2,273.5,3.21,71,rows,0,0.747,0,0,1
rail_train,rail,train,38.6,271.6,3.12,29,scatter,1,0.765,0,1,1
rail_train,rail,train,40.5,271.3,3.17,19,scatter,1,1.221,0,0,1
rail_train,rail,train,39.8,268.7,3.25,13,scatter,1,1.443,0,0,1
rail_train,rail,train,40.0,268.7,3.25,23,scatter,1,0.958,0,0,1
rail_train,rail,train,40.1,273.3,3.25,19,as built,1,1.184,0,1,1
rail_train,rail,train,40.3,271.1,3.15,29,cluster,0,1.382,0,0,1
rail_train,rail,train,40.2,269.8,3.16,20,scatter,0,1.157,0,0,1
rail_train,rail,train,39.6,269.0,3.24,57,crowd,0,0.853,0,0,1
rail_train,rail,train,39.8,271.5,3.2,25,scatter,1,1.006,0,0,1
rail_train,rail,train,39.9,273.1,3.24,19,as built,1,0.607,0,0,1
rail_train,rail,train,40.4,268.9,3.12,15,clusters,1,0.622,0,1,1
rail_train,rail,train,40.8,270.8,3.18,29,rows,1,1.183,0,0,1
rail_train,rail,train,39.3,269.1,3.17,57,clusters,1,0.666,0,0,1
rail_train,rail,train,38.9,269.7,3.16,19,as built,1,1.369,0,0,1
rail_train,rail,train,39.8,268.8,3.18,11,scatter,0,0.658,0,0,1
rail_train,rail,train,40.8,268.6,3.16,20,scatter,1,1.215,0,0,1
rail_train,rail,train,40.1,268.9,3.22,47,scatter,1,1.077,0,1,1
rail_train,rail,train,39.7,271.9,3.2,52,clusters,1,0.557,0,0,1
rail_train,rail,train,40.4,271.6,3.2,21,rows,1,1.211,0,0,1
rail_train,rail,train,40.2,267.9,3.21,30,rows,1,0.772,0,0,1
rail_train,rail,train,40.3,273.5,3.21,65,scatter,1,0.776,0,1,1
rail_train,rail,train,40.1,269.0,3.26,17,rows,0,0.706,0,1,1
rail_train,rail,train,38.8,268.2,3.19,17,scatter,0,1.221,0,0,1
rail_train,rail,train,40.4,270.9,3.22,22,crowd,0,0.619,0,0,1
rail_train,rail,train,38.8,270.9,3.16,46,crowd,0,1.195,0,1,1
rail_train,rail,train,41.3,268.8,3.13,26,scatter,0,0.762,0,0,1
rail_train,rail,train,39.0,269.3,3.14,19,as built,1,1.369,0,0,1
rail_train,rail,train,39.6,272.1,3.17,16,scatter,1,1.318,0,1,1
rail_train,rail,train,38.5,269.4,3.18,29,scatter,1,1.193,0,0,1
rail_train,rail,train,38.9,267.1,3.21,33,cluster,0,1.232,0,1,1
rail_train,rail,train,39.9,271.5,3.15,19,cluster,0,0.701,0,0,1
rail_train,rail,train,39.9,270.6,3.23,32,scatter,0,0.585,0,0,1
rail_train,rail,train,40.1,270.5,3.12,21,clusters,1,1.285,0,1,1
rail_train,rail,train,39.3,270.2,3.14,19,as built,1,1.27,0,1,1
rail_train,rail,train,39.8,269.4,3.25,27,cluster,1,0.764,0,0,1
rail_train,rail,train,40.1,268.5,3.17,19,scatter,1,1.072,0,0,1
rail_train,rail,train,38.7,270.5,3.17,15,scatter,1,0.916,0,1,1
rail_train,rail,train,40.8,268.7,3.2,10,scatter,0,1.099,0,0,1
rail_train,rail,train,39.7,267.3,3.24,20,clusters,1,0.612,0,0,1
rail_train,rail,train,38.5,269.2,3.14,55,clusters,0,0.598,0,0,1
rail_train,rail,train,40.7,273.5,3.2,19,scatter,1,0.972,0,1,1
rail_train,rail,train,39.8,266.5,3.22,31,scatter,1,1.343,0,1,1
rail_train,rail,train,41.0,268.3,3.2,19,as built,1,1.071,0,0,1
rail_train,rail,train,39.9,269.4,3.25,61,crowd,1,0.593,0,1,1
rail_train,rail,train,41.1,271.5,3.17,20,scatter,0,0.6,0,0,1
rail_train,rail,train,38.9,266.4,3.1,8,scatter,1,1.099,0,0,1
rail_train,rail,train,39.9,270.4,3.26,71,scatter,0,0.599,0,1,1
rail_train,rail,train,40.0,269.4,3.26,25,scatter,1,1.215,0,1,1
rail_train,rail,train,40.1,268.6,3.21,9,scatter,1,0.778,0,1,1
rail_train,rail,train,40.1,269.5,3.22,26,cluster,1,0.63,0,1,1
rail_train,rail,train,39.6,271.1,3.19,20,clusters,1,1.091,0,0,1
rail_train,rail,train,40.0,268.7,3.26,37,rows,1,0.612,0,1,1
rail_train,rail,train,40.3,269.4,3.25,29,scatter,1,1.17,0,0,1
rail_train,rail,train,39.2,270.4,3.22,11,cluster,0,1.211,0,0,1
rail_train,rail,train,40.1,269.2,3.26,10,scatter,1,0.783,0,0,1
rail_train,rail,train,38.5,270.4,3.17,12,clusters,1,0.558,0,0,1
rail_train,rail,train,40.5,270.0,3.21,10,crowd,0,1.336,0,0,1
rail_train,rail,train,40.2,270.7,3.14,19,as built,1,1.145,0,1,1
rail_train,rail,train,39.1,271.4,3.21,43,rows,1,0.873,0,0,1
rail_train,rail,train,40.1,269.2,3.12,50,scatter,0,0.748,0,0,1
rail_train,rail,train,39.7,272.9,3.2,30,cluster,1,0.899,0,1,1
rail_train,rail,train,38.4,269.2,3.17,38,scatter,1,1.251,0,0,1
rail_train,rail,train,40.6,268.7,3.22,13,clusters,1,0.735,0,0,1
rail_train,rail,train,39.9,270.6,3.25,22,crowd,1,0.847,0,0,1
rail_train,rail,train,39.9,271.5,3.18,31,scatter,1,0.901,0,0,1
rail_train,rail,train,40.3,268.1,3.2,67,clusters,1,1.283,0,1,1
rail_train,rail,train,40.1,268.0,3.17,30,scatter,1,1.389,0,1,1
rail_train,rail,train,38.4,273.4,3.16,20,cluster,1,0.85,0,0,1
rail_train,rail,train,40.6,268.5,3.13,11,scatter,0,0.718,0,0,1
rail_train,rail,train,40.6,270.9,3.21,28,scatter,1,1.087,0,0,1
rail_train,rail,train,40.4,270.3,3.16,41,rows,1,1.34,0,1,1
rail_train,rail,train,38.2,272.9,3.16,16,scatter,0,0.984,0,0,1
rail_train,rail,train,40.0,269.1,3.21,15,cluster,1,1.387,0,0,1
rail_train,rail,train,39.4,271.0,3.15,71,scatter,1,1.126,0,0,1
rail_train,rail,train,39.6,269.2,3.21,15,scatter,1,1.39,0,0,1
rail_train,rail,train,38.3,271.4,3.17,19,as built,0,1.316,0,1,1
rail_train,rail,train,39.6,268.5,3.12,12,scatter,0,0.956,0,0,1
rail_train,rail,train,39.1,266.5,3.21,20,scatter,1,1.323,0,0,1
rail_train,rail,train,41.0,272.1,3.18,26,cluster,1,0.727,0,0,1
rail_train,rail,train,40.5,271.5,3.23,10,scatter,0,0.692,0,0,1
rail_train,rail,train,40.3,268.8,3.15,65,rows,0,1.323,0,0,1
rail_train,rail,train,39.7,271.0,3.17,20,crowd,0,1.268,0,0,1
rail_train,rail,train,40.9,269.9,3.2,17,scatter,1,1.235,0,1,1
rail_train,rail,train,40.2,272.3,3.19,58,scatter,1,1.256,0,0,1
rail_train,rail,train,39.9,270.2,3.22,44,scatter,1,0.876,0,0,1
rail_train,rail,train,39.5,272.1,3.18,19,cluster,1,0.723,0,0,1
rail_train,rail,train,38.7,269.4,3.15,22,scatter,0,0.908,0,0,1
rail_train,rail,train,40.0,269.1,3.16,29,rows,1,0.888,0,1,1
rail_train,rail,train,40.5,268.0,3.22,22,cluster,0,1.021,0,0,1
rail_train,rail,train,40.7,269.4,3.21,17,cluster,0,0.659,0,0,1
rail_train,rail,train,39.6,268.8,3.15,19,as built,0,0.978,0,0,1
rail_train,rail,train,40.2,270.6,3.1,66,scatter,1,1.323,0,1,1
rail_train,rail,train,40.3,270.7,3.24,26,crowd,0,1.268,0,0,1
rail_train,rail,train,40.0,271.2,3.19,18,scatter,1,1.0,0,1,1
rail_train,rail,train,40.1,269.1,3.11,27,crowd,1,0.782,0,0,1
rail_train,rail,train,40.2,267.7,3.24,70,clusters,1,1.108,0,0,1
rail_train,rail,train,39.5,268.9,3.24,74,rows,1,1.334,0,0,1
rail_train,rail,train,40.4,270.1,3.17,21,cluster,0,1.378,0,0,1
rail_train,rail,train,39.7,271.2,3.21,19,as built,0,0.983,0,1,1
rail_train,rail,train,39.3,271.5,3.22,26,crowd,1,1.024,0,0,1
rail_train,rail,train,39.9,268.1,3.2,26,clusters,1,0.958,0,0,1
rail_train,rail,train,40.5,269.7,3.17,29,rows,1,1.362,0,1,1
rail_train,rail,train,40.0,270.5,3.24,11,cluster,1,1.358,0,0,1
rail_train,rail,train,40.0,271.9,3.25,18,scatter,1,1.016,0,1,1
rail_train,rail,train,39.3,272.2,3.17,68,clusters,1,0.781,0,1,1
rail_train,rail,train,39.9,270.6,3.14,16,scatter,1,0.627,0,0,1
rail_train,rail,train,41.8,270.2,3.15,11,rows,1,1.121,0,0,1
rail_train,rail,train,39.4,266.5,3.19,18,crowd,0,0.732,0,1,1
rail_train,rail,train,40.3,269.8,3.24,29,scatter,1,0.782,0,0,1
rail_train,rail,train,41.2,270.8,3.16,9,scatter,1,0.55,0,0,1
rail_train,rail,train,39.6,268.2,3.18,49,rows,0,0.898,0,0,1
rail_train,rail,train,40.0,269.4,3.23,47,rows,1,0.921,0,1,1
rail_train,rail,train,40.8,266.4,3.16,9,scatter,1,1.15,0,0,1
rail_train,rail,train,40.3,267.0,3.23,61,clusters,1,1.378,0,0,1
rail_train,rail,train,39.6,267.8,3.24,28,cluster,1,0.796,0,0,1
rail_train,rail,train,39.4,270.7,3.14,51,rows,0,0.872,0,1,1
rail_train,rail,train,41.6,267.5,3.15,44,scatter,1,0.794,0,0,1
rail_train,rail,train,40.9,269.6,3.19,46,rows,1,0.826,0,0,1
rail_train,rail,train,39.4,270.1,3.23,29,scatter,1,0.747,0,0,1
rail_train,rail,train,38.5,266.8,3.18,10,scatter,1,0.887,0,0,1
rail_train,rail,train,39.7,267.1,3.24,54,crowd,0,1.116,0,1,1
rail_train,rail,train,39.1,268.3,3.22,25,scatter,1,1.339,0,1,1
rail_train,rail,train,40.6,267.9,3.19,17,clusters,0,1.171,0,0,1
rail_train,rail,train,41.5,270.2,3.14,7,cluster,1,0.693,0,0,1
rail_train,rail,train,39.9,273.5,3.16,24,scatter,1,1.147,0,1,1
rail_train,rail,train,40.7,269.3,3.2,51,scatter,1,1.388,0,1,1
rail_train,rail,train,40.2,267.9,3.21,14,scatter,1,0.704,0,0,1
rail_train,rail,train,40.5,271.2,3.16,74,scatter,1,1.082,0,0,1
rail_train,rail,train,39.7,271.0,3.24,15,scatter,1,1.041,0,1,1
rail_train,rail,train,40.0,273.4,3.25,66,clusters,1,1.17,0,0,1
rail_train,rail,train,40.3,272.0,3.21,36,crowd,0,1.105,0,0,1
rail_train,rail,train,39.6,268.6,3.12,30,scatter,1,1.107,0,0,1
rail_train,rail,train,40.0,271.1,3.18,63,clusters,1,1.377,0,0,1
rail_train,rail,train,40.1,269.2,3.17,9,scatter,1,0.61,0,0,1
rail_train,rail,train,40.2,272.6,3.25,22,scatter,0,1.314,0,0,1
rail_train,rail,train,39.9,270.3,3.23,10,scatter,1,1.376,0,0,1
rail_train,rail,train,40.4,268.3,3.16,19,cluster,1,1.303,0,0,1
rail_train,rail,train,40.7,269.2,3.2,50,clusters,0,1.087,0,0,1
rail_train,rail,train,39.2,272.4,3.18,17,cluster,0,1.275,0,0,1
rail_train,rail,train,39.2,267.9,3.09,25,crowd,1,1.426,0,0,1
rail_train,rail,train,40.0,268.3,3.22,27,scatter,1,1.009,0,0,1
rail_train,rail,train,40.0,269.9,3.17,69,scatter,1,0.73,0,1,1
rail_train,rail,train,39.3,270.5,3.22,34,clusters,1,1.204,0,0,1
rail_train,rail,train,39.5,272.4,3.2,71,scatter,1,0.952,0,1,1
rail_train,rail,train,40.4,271.4,3.19,13,scatter,0,0.796,0,1,1
rail_train,rail,train,39.2,268.3,3.16,28,crowd,0,1.409,0,0,1
rail_train,rail,train,39.1,268.6,3.17,62,rows,0,0.668,0,0,1
rail_train,rail,train,38.8,271.3,3.19,65,rows,1,1.146,0,0,1
rail_train,rail,train,39.4,268.8,3.23,16,clusters,1,0.996,0,0,1
rail_train,rail,train,40.6,270.2,3.21,10,scatter,1,0.979,0,0,1
rail_train,rail,train,39.9,269.9,3.25,23,rows,0,1.368,0,1,1
rail_train,rail,train,39.8,269.8,3.21,19,as built,1,1.062,0,0,1
rail_train,rail,train,39.9,271.0,3.23,20,scatter,1,0.826,0,0,1
rail_train,rail,train,40.2,268.8,3.22,59,rows,1,1.083,0,1,1
rail_train,rail,train,39.0,270.1,3.1,9,scatter,0,1.042,0,0,1
rail_train,rail,train,39.9,270.1,3.19,27,scatter,1,0.728,0,1,1
rail_train,rail,train,39.7,270.8,3.2,23,scatter,1,0.704,0,1,1
rail_train,rail,train,40.0,267.7,3.16,68,scatter,1,1.062,0,1,1
rail_train,rail,train,39.6,267.6,3.19,27,scatter,1,1.323,0,0,1
rail_train,rail,train,38.3,269.3,3.15,21,rows,1,0.997,0,0,1
rail_train,rail,train,40.0,269.0,3.24,43,crowd,0,0.708,0,1,1
rail_train,rail,train,40.9,269.3,3.12,22,cluster,1,0.907,0,1,1
rail_train,rail,train,38.6,272.1,3.19,74,rows,1,0.652,0,0,1
rail_train,rail,train,40.1,270.6,3.19,44,rows,1,1.013,0,0,1
rail_train,rail,train,40.1,266.8,3.22,38,scatter,1,1.326,0,0,1
rail_train,rail,train,40.3,272.7,3.2,13,scatter,1,1.209,0,0,1
rail_train,rail,train,40.9,268.8,3.2,19,as built,1,1.054,0,0,1
rail_train,rail,train,40.1,268.2,3.22,22,scatter,0,0.689,0,1,1
rail_train,rail,train,38.8,269.5,3.19,23,scatter,1,0.59,0,1,1
rail_train,rail,train,40.2,269.1,3.16,12,cluster,1,1.307,0,0,1
rail_train,rail,train,38.7,269.6,3.17,27,scatter,1,1.251,0,0,1
rail_train,rail,train,40.3,272.5,3.2,10,rows,1,0.683,0,0,1
rail_train,rail,train,39.8,268.7,3.15,19,as built,0,0.918,0,0,1
rail_train,rail,train,40.5,268.3,3.21,17,scatter,1,1.398,0,0,1
rail_train,rail,train,40.2,272.1,3.24,8,cluster,0,0.747,0,0,1
rail_train,rail,train,39.8,269.0,3.18,14,crowd,1,1.193,0,0,1
rail_train,rail,train,40.8,266.7,3.18,23,scatter,1,1.03,0,0,1
rail_train,rail,train,40.1,266.4,3.11,52,crowd,1,1.245,0,0,1
rail_train,rail,train,39.9,270.5,3.19,9,cluster,1,1.395,0,0,1
rail_train,rail,train,40.7,266.4,3.18,14,scatter,1,0.924,0,1,1
rail_train,rail,train,40.7,269.5,3.16,9,cluster,0,0.91,0,0,1
rail_train,rail,train,38.6,268.1,3.12,35,clusters,1,1.33,0,1,1
rail_train,rail,train,41.3,270.8,3.13,19,scatter,1,1.275,0,1,1
rail_train,rail,train,40.3,271.9,3.17,21,scatter,1,0.972,0,0,1
rail_train,rail,train,39.4,268.2,3.2,53,clusters,1,1.057,0,0,1
rail_train,rail,train,40.1,272.6,3.25,51,crowd,0,1.361,0,0,1
rail_train,rail,train,39.8,270.9,3.18,32,crowd,0,1.426,0,0,1
rail_train,rail,train,40.3,269.1,3.2,21,scatter,1,1.214,0,0,1
rail_train,rail,train,39.2,271.0,3.18,25,scatter,1,0.625,0,1,1
rail_train,rail,train,39.3,270.1,3.09,14,scatter,0,1.232,0,0,1
rail_train,rail,train,39.7,270.8,3.21,47,rows,1,1.263,0,0,1
rail_train,rail,train,39.5,272.4,3.19,47,rows,1,0.572,0,0,1
rail_train,rail,train,39.3,266.9,3.23,31,cluster,1,1.181,0,0,1
rail_train,rail,train,40.8,268.3,3.22,18,scatter,1,1.102,0,0,1
rail_train,rail,train,40.7,268.7,3.15,26,scatter,1,1.344,0,0,1
rail_train,rail,train,38.7,272.9,3.18,69,clusters,1,0.988,0,0,1
rail_train,rail,train,39.2,269.6,3.22,19,as built,1,1.331,0,1,1
rail_train,rail,train,40.2,270.8,3.24,26,crowd,1,0.615,0,0,1
rail_train,rail,train,39.8,268.7,3.13,16,scatter,1,0.832,0,0,1
rail_train,rail,train,38.2,268.7,3.15,73,scatter,0,1.025,0,0,1
rail_train,rail,train,40.1,269.0,3.22,31,scatter,1,0.723,0,0,1
rail_train,rail,train,40.3,270.3,3.22,24,scatter,0,0.617,0,1,1
rail_train,rail,train,40.0,268.6,3.2,27,scatter,1,0.843,0,0,1
rail_train,rail,train,40.0,271.5,3.25,52,rows,1,1.393,0,0,1
rail_train,rail,train,40.3,270.2,3.21,19,as built,0,1.346,0,1,1
rail_train,rail,train,40.4,271.6,3.15,26,scatter,0,1.291,0,0,1
rail_train,rail,train,39.7,271.1,3.11,28,clusters,1,1.243,0,0,1
rail_train,rail,train,41.5,266.5,3.15,31,scatter,1,1.448,0,1,1
rail_train,rail,train,41.2,269.9,3.18,12,cluster,1,1.106,0,0,1
rail_train,rail,train,39.1,269.4,3.22,14,scatter,1,0.592,0,0,1
rail_train,rail,train,38.1,273.3,3.16,28,cluster,0,0.692,0,0,1
rail_train,rail,train,40.7,270.2,3.22,57,rows,1,0.672,0,0,1
rail_train,rail,train,40.0,271.9,3.23,19,as built,1,0.714,0,0,1
rail_train,rail,train,40.7,271.5,3.18,20,scatter,1,0.818,0,0,1
rail_train,rail,train,39.1,270.0,3.18,32,scatter,1,1.392,0,0,1
rail_train,rail,train,40.6,272.0,3.22,37,rows,1,1.164,0,1,1
rail_train,rail,train,39.4,270.3,3.16,46,rows,1,0.724,0,0,1
rail_train,rail,train,40.1,272.1,3.24,39,scatter,0,0.678,0,0,1
rail_train,rail,train,39.6,268.4,3.21,31,scatter,0,0.838,0,0,1
rail_train,rail,train,39.7,267.9,3.18,19,as built,1,0.651,0,1,1
rail_train,rail,train,39.6,271.1,3.24,34,clusters,1,0.559,0,0,1
rail_train,rail,train,39.5,269.6,3.15,44,scatter,0,0.551,0,0,1
rail_train,rail,train,40.0,268.5,3.23,11,scatter,1,1.114,0,1,1
rail_train,rail,train,40.3,269.4,3.18,31,clusters,0,1.267,0,0,1
rail_train,rail,train,40.3,271.0,3.23,42,scatter,1,0.99,0,0,1
rail_train,rail,train,38.9,271.3,3.17,30,crowd,0,1.092,0,0,1
rail_train,rail,train,41.3,269.1,3.15,20,cluster,1,1.266,0,0,1
rail_train,rail,train,39.9,267.3,3.21,32,cluster,0,1.196,0,1,1
rail_train,rail,train,39.8,268.8,3.17,13,scatter,0,0.978,0,1,1
rail_train,rail,train,38.8,271.6,3.17,9,crowd,1,0.656,0,1,1
rail_train,rail,train,39.7,270.7,3.16,43,scatter,1,0.572,0,0,1
rail_train,rail,train,40.6,269.6,3.18,11,crowd,1,1.003,0,1,1
rail_train,rail,train,38.0,269.4,3.17,62,rows,0,1.403,0,1,1
rail_train,rail,train,39.9,271.4,3.25,34,crowd,1,1.296,0,0,1
rail_train,rail,train,39.6,271.3,3.25,12,scatter,1,1.218,0,0,1
rail_train,rail,train,41.1,270.2,3.2,27,cluster,0,0.611,0,0,1
rail_train,rail,train,39.0,272.6,3.22,22,scatter,0,1.368,0,0,0
rail_train,rail,train,40.3,271.2,3.2,14,rows,1,1.392,0,0,0
rail_train,rail,train,38.8,269.6,3.16,32,rows,1,1.141,0,0,0
rail_train,rail,train,40.3,270.9,3.2,19,scatter,1,0.85,0,0,0
rail_train,rail,train,39.2,270.3,3.18,25,scatter,1,1.365,0,1,0
rail_train,rail,train,39.6,266.5,3.21,41,scatter,0,0.693,0,1,0
rail_train,rail,train,40.1,268.6,3.25,65,rows,0,1.177,0,1,0
rail_train,rail,train,39.7,269.1,3.22,24,cluster,1,0.88,0,1,0
rail_train,rail,train,40.5,270.0,3.19,65,crowd,0,0.73,0,0,0
rail_train,rail,train,39.0,271.3,3.19,32,scatter,1,0.796,0,0,0
rail_train,rail,train,39.6,269.7,3.22,73,clusters,1,1.215,0,1,0
rail_train,rail,train,39.5,271.0,3.09,15,cluster,1,0.619,0,0,0
rail_train,rail,train,38.7,270.4,3.2,63,rows,1,0.844,0,0,0
rail_train,rail,train,38.6,269.7,3.13,18,scatter,1,0.813,0,0,0
rail_train,rail,train,39.2,269.7,3.09,65,crowd,1,1.181,0,0,0
rail_train,rail,train,40.4,270.9,3.24,44,clusters,0,0.782,0,0,0
rail_train,rail,train,38.6,270.4,3.19,40,crowd,1,1.001,0,1,0
rail_train,rail,train,40.5,269.8,3.2,13,clusters,1,1.341,0,0,0
rail_train,rail,train,40.0,271.0,3.16,12,cluster,1,0.847,0,0,0
rail_train,rail,train,39.4,269.4,3.22,37,rows,1,1.318,0,1,0
rail_train,rail,train,40.2,270.1,3.19,28,scatter,0,1.018,0,0,0
rail_train,rail,train,41.7,270.0,3.15,32,clusters,1,0.756,0,1,0
rail_train,rail,train,41.0,267.1,3.13,16,clusters,1,0.976,0,0,0
rail_train,rail,train,40.0,269.7,3.2,11,scatter,1,0.931,0,0,0
rail_train,rail,train,39.2,269.9,3.18,19,as built,1,0.854,0,0,0
rail_train,rail,train,38.5,268.2,3.16,58,scatter,1,1.223,0,1,0
rail_train,rail,train,40.0,267.8,3.2,10,scatter,1,0.563,0,0,0
rail_train,rail,train,39.8,271.9,3.19,14,cluster,0,0.787,0,1,0
rail_train,rail,train,38.8,270.8,3.13,19,as built,1,1.303,0,0,0
rail_train,rail,train,40.1,271.5,3.19,24,scatter,1,0.665,0,0,0
rail_train,rail,train,38.7,273.2,3.12,52,crowd,1,1.229,0,0,0
rail_train,rail,train,40.7,272.0,3.1,27,scatter,1,1.281,0,1,0
rail_train,rail,train,38.8,270.9,3.21,67,clusters,1,1.106,0,0,0
rail_train,rail,train,39.8,271.0,3.25,72,crowd,0,0.75,0,0,0
rail_train,rail,train,39.4,271.3,3.23,11,scatter,1,1.053,0,0,0
rail_train,rail,train,39.9,271.3,3.22,54,crowd,1,1.247,0,1,0
rail_train,rail,train,39.1,272.4,3.11,53,crowd,0,1.169,0,0,0
rail_train,rail,train,39.6,268.8,3.17,63,clusters,0,1.186,0,0,0
rail_train,rail,train,38.7,267.8,3.13,46,crowd,1,1.375,0,0,0
rail_train,rail,train,40.9,268.2,3.2,48,rows,1,0.96,0,0,0
rail_train,rail,train,40.3,270.6,3.16,67,clusters,1,0.621,0,0,0
rail_train,rail,train,38.5,267.4,3.19,15,scatter,1,0.943,0,0,0
rail_train,rail,train,40.6,271.2,3.14,27,scatter,1,0.556,0,0,0
rail_train,rail,train,39.5,273.4,3.24,51,clusters,1,1.419,0,0,0
rail_train,rail,train,38.4,270.3,3.19,35,clusters,1,0.601,0,0,0
rail_train,rail,train,39.5,271.2,3.18,56,scatter,0,1.443,0,0,0
rail_train,rail,train,40.0,268.5,3.22,30,scatter,0,0.872,0,0,0
rail_train,rail,train,39.9,270.2,3.24,60,clusters,1,0.674,0,0,0
rail_train,rail,train,39.0,269.7,3.12,19,as built,1,0.692,0,0,0
rail_train,rail,train,41.1,272.2,3.12,33,crowd,0,1.014,0,1,0
rail_train,rail,train,39.5,270.3,3.21,18,scatter,1,0.761,0,0,0
rail_train,rail,train,38.8,269.7,3.16,31,scatter,1,1.243,0,1,0
rail_train,rail,train,40.0,268.9,3.23,19,as built,1,0.859,0,0,0
rail_train,rail,train,40.2,270.4,3.16,16,scatter,1,0.84,0,0,0
rail_train,rail,train,39.6,268.8,3.24,66,crowd,1,0.835,0,0,0
rail_train,rail,train,40.1,269.9,3.14,16,rows,1,1.015,0,0,0
rail_train,rail,train,40.3,267.9,3.24,14,scatter,1,1.419,0,0,0
rail_train,rail,train,39.6,269.9,3.18,58,scatter,1,0.87,0,0,0
rail_train,rail,train,41.1,267.9,3.17,25,scatter,1,1.252,0,0,0
rail_train,rail,train,39.5,268.2,3.21,25,cluster,1,0.918,0,1,0
rail_train,rail,train,39.9,270.1,3.16,43,scatter,1,0.642,0,0,0
rail_train,rail,train,40.1,271.0,3.25,30,scatter,1,0.783,0,0,0
rail_train,rail,train,40.4,271.1,3.22,16,cluster,1,1.31,0,0,0
rail_train,rail,train,39.8,269.7,3.21,68,rows,0,1.439,0,0,0
rail_train,rail,train,40.6,272.1,3.19,17,scatter,0,0.672,0,0,0
rail_train,rail,train,39.3,270.5,3.17,44,rows,1,0.926,0,0,0
rail_train,rail,train,39.3,269.3,3.2,19,as built,0,1.06,0,0,0
rail_train,rail,train,40.4,268.2,3.18,26,cluster,0,0.897,0,0,0
rail_train,rail,train,39.1,269.9,3.21,17,cluster,1,1.356,0,0,0
rail_train,rail,train,39.4,267.8,3.22,19,cluster,1,0.589,0,0,0
rail_train,rail,train,40.1,268.3,3.23,16,cluster,0,1.124,0,0,0
rail_train,rail,train,40.2,269.3,3.19,19,as built,1,1.421,0,1,0
rail_train,rail,train,40.0,267.7,3.19,16,scatter,1,0.632,0,0,0
rail_train,rail,train,39.7,270.7,3.18,19,as built,1,0.835,0,1,0
rail_train,rail,train,40.9,270.4,3.18,17,cluster,1,1.376,0,0,0
rail_train,rail,train,40.3,269.8,3.18,12,scatter,1,1.155,0,0,0
rail_train,rail,train,39.1,271.1,3.16,19,as built,1,0.643,0,0,0
rail_train,rail,train,40.6,269.7,3.21,63,scatter,1,0.614,0,0,0
rail_train,rail,train,39.0,269.5,3.14,19,as built,1,0.716,0,0,0
rail_train,rail,train,40.4,268.4,3.16,47,crowd,1,0.551,0,0,0
rail_train,rail,train,39.4,267.9,3.2,70,rows,1,0.802,0,0,0
rail_train,rail,train,39.4,267.4,3.19,19,as built,0,1.231,0,0,0
rail_train,rail,train,39.1,270.3,3.15,34,cluster,1,1.158,0,0,0
rail_train,rail,train,40.3,270.3,3.1,58,crowd,1,0.801,0,0,0
rail_train,rail,train,38.7,268.9,3.18,31,scatter,0,1.273,0,0,0
rail_train,rail,train,39.4,271.1,3.23,56,rows,1,1.119,0,0,0
rail_train,rail,train,39.6,267.4,3.16,19,as built,1,1.139,0,0,0
rail_train,rail,train,39.7,268.9,3.25,8,cluster,1,1.402,0,0,0
rail_train,rail,train,40.0,270.9,3.2,19,crowd,1,1.185,0,0,0
rail_train,rail,train,40.2,271.3,3.18,15,scatter,0,0.816,0,0,0
rail_train,rail,train,40.1,270.0,3.25,10,clusters,1,1.167,0,0,0
rail_train,rail,train,39.7,267.8,3.23,27,cluster,1,0.889,0,1,0
rail_train,rail,train,39.9,273.3,3.22,63,clusters,1,1.064,0,0,0
rail_train,rail,train,39.2,269.2,3.17,14,scatter,1,1.129,0,0,0
rail_train,rail,train,39.4,269.1,3.22,25,scatter,1,1.222,0,0,0
rail_train,rail,train,40.3,268.0,3.2,44,scatter,1,0.771,0,0,0
rail_train,rail,train,40.3,269.4,3.19,65,scatter,1,0.559,0,0,0
rail_train,rail,train,40.5,270.6,3.19,10,scatter,1,0.661,0,0,0
rail_train,rail,train,39.9,269.7,3.25,21,cluster,1,0.648,0,1,0
rail_train,rail,train,39.9,271.0,3.21,19,cluster,1,1.041,0,0,0
rail_train,rail,train,39.2,269.6,3.18,27,scatter,1,1.023,0,1,0
rail_train,rail,train,41.4,271.1,3.14,33,rows,1,1.019,0,0,0
rail_train,rail,train,39.4,267.5,3.13,26,scatter,0,1.386,0,0,0
rail_train,rail,train,40.4,272.3,3.21,15,cluster,1,1.261,0,0,0
rail_train,rail,train,38.6,269.0,3.14,44,rows,1,0.925,0,1,0
rail_train,rail,train,39.5,270.3,3.21,19,as built,0,0.909,0,0,0
rail_train,rail,train,39.6,269.7,3.22,9,scatter,1,1.356,0,0,0
rail_train,rail,train,41.7,267.5,3.15,62,rows,0,1.271,0,0,0
rail_train,rail,train,39.8,269.2,3.24,36,scatter,1,1.139,0,1,0
rail_train,rail,train,39.6,269.9,3.19,57,scatter,1,0.602,0,0,0
rail_train,rail,train,39.2,267.8,3.13,19,as built,1,1.309,0,0,0
rail_train,rail,train,40.4,270.1,3.21,17,clusters,0,0.932,0,0,0
rail_train,rail,train,39.5,271.8,3.2,19,as built,1,0.639,0,0,0
rail_train,rail,train,39.5,271.4,3.24,12,scatter,1,0.665,0,0,0
rail_train,rail,train,40.9,269.3,3.11,73,scatter,1,0.647,0,1,0
rail_train,rail,train,40.5,268.1,3.22,18,scatter,1,1.107,0,0,0
rail_train,rail,train,38.7,269.2,3.16,19,as built,0,0.989,0,0,0
rail_train,rail,train,40.1,271.5,3.11,67,scatter,1,0.958,0,0,0
rail_train,rail,train,38.9,270.0,3.21,15,cluster,1,0.551,0,1,0
rail_train,rail,train,40.9,268.3,3.2,10,crowd,0,1.39,0,0,0
rail_train,rail,train,39.0,270.3,3.19,30,cluster,0,0.694,0,0,0
rail_train,rail,train,40.5,271.6,3.21,63,rows,1,1.132,0,1,0
rail_train,rail,train,40.9,269.2,3.19,72,scatter,0,1.37,0,0,0
rail_train,rail,train,40.3,272.7,3.24,27,crowd,0,0.822,0,0,0
rail_train,rail,train,39.5,268.1,3.22,44,scatter,0,1.269,0,0,0
rail_train,rail,train,40.3,269.7,3.22,39,clusters,1,0.894,0,1,0
rail_train,rail,train,40.2,271.5,3.19,16,cluster,0,0.656,0,0,0
rail_train,rail,train,39.4,270.2,3.07,10,scatter,1,1.082,0,0,0
rail_train,rail,train,39.7,272.8,3.18,24,cluster,1,1.354,0,0,0
rail_train,rail,train,40.7,268.0,3.22,19,as built,1,0.557,0,0,0
rail_train,rail,train,40.9,269.0,3.21,14,rows,1,1.06,0,0,0
rail_train,rail,train,40.5,271.2,3.22,43,crowd,0,1.085,0,0,0
rail_train,rail,train,39.9,272.2,3.09,47,rows,0,1.407,0,0,0
rail_train,rail,train,40.1,269.6,3.12,13,cluster,0,0.811,0,0,0
rail_train,rail,train,38.8,270.4,3.19,59,crowd,1,0.784,0,0,0
rail_train,rail,train,38.5,268.3,3.13,5,cluster,1,1.298,0,0,0
rail_train,rail,train,41.4,271.1,3.15,8,scatter,1,1.062,0,0,0
rail_train,rail,train,41.2,271.7,3.16,63,scatter,0,0.706,0,0,0
rail_train,rail,train,39.1,266.9,3.16,16,scatter,1,1.275,0,0,0
rail_train,rail,train,40.0,271.3,3.21,28,scatter,1,1.115,0,0,0
rail_train,rail,train,38.3,271.1,3.17,21,scatter,0,0.958,0,0,0
rail_train,rail,train,40.1,268.3,3.22,12,scatter,1,1.005,0,0,0
rail_train,rail,train,38.9,269.4,3.18,12,scatter,1,0.78,0,0,0
rail_train,rail,train,39.9,270.7,3.24,29,clusters,1,1.093,0,0,0
rail_train,rail,train,40.5,270.1,3.21,19,as built,1,0.766,0,0,0
rail_train,rail,train,39.3,266.8,3.23,16,scatter,0,1.439,0,0,0
rail_train,rail,train,39.6,269.7,3.19,14,scatter,1,1.349,0,0,0
rail_train,rail,train,40.4,271.0,3.11,17,cluster,1,1.16,0,0,0
rail_train,rail,train,39.4,269.5,3.21,11,scatter,1,0.713,0,0,0
rail_train,rail,train,39.1,273.3,3.16,17,clusters,0,0.776,0,0,0
rail_train,rail,train,40.6,270.3,3.23,48,clusters,1,0.827,0,0,0
rail_train,rail,train,38.9,268.1,3.19,19,as built,1,1.227,0,0,0
rail_train,rail,train,39.5,270.5,3.18,38,clusters,1,0.695,0,0,0
rail_train,rail,train,40.9,270.9,3.19,23,scatter,1,0.771,0,1,0
rail_train,rail,train,40.6,271.4,3.15,17,cluster,1,0.978,0,0,0
rail_train,rail,train,40.0,270.5,3.26,61,rows,1,0.75,0,0,0
rail_train,rail,train,39.5,269.3,3.17,74,scatter,0,0.783,0,0,0
rail_train,rail,train,40.1,269.8,3.19,19,scatter,1,0.858,0,0,0
rail_train,rail,train,40.8,273.5,3.19,16,scatter,1,0.731,0,1,0
rail_train,rail,train,40.4,268.1,3.23,30,scatter,1,1.096,0,0,0
rail_train,rail,train,40.1,270.7,3.25,17,cluster,1,0.835,0,0,0
rail_train,rail,train,40.2,270.8,3.24,64,rows,0,0.895,0,0,0
rail_train,rail,train,39.5,270.2,3.22,24,scatter,0,1.405,0,0,0
rail_train,rail,train,39.6,272.4,3.19,65,crowd,0,1.061,0,1,0
rail_train,rail,train,40.4,267.6,3.24,11,cluster,0,1.428,0,0,0
rail_train,rail,train,39.6,266.5,3.15,28,scatter,1,0.966,0,0,0
rail_train,rail,train,39.3,269.9,3.23,13,scatter,0,0.711,0,0,0
rail_train,rail,train,40.2,269.6,3.24,11,scatter,1,0.704,0,0,0
rail_train,rail,train,41.3,273.6,3.16,27,scatter,0,1.294,0,0,0
rail_train,rail,train,39.2,273.2,3.22,15,scatter,0,0.859,0,1,0
rail_train,rail,train,40.9,270.1,3.14,22,scatter,1,0.669,0,1,0
rail_train,rail,train,40.6,267.5,3.22,63,clusters,1,1.4,0,1,0
rail_train,rail,train,40.5,269.7,3.18,9,scatter,0,1.3,0,1,0
rail_train,rail,train,38.7,266.7,3.16,20,scatter,1,0.833,0,0,0
rail_train,rail,train,41.2,270.1,3.16,27,rows,0,0.661,0,1,0
rail_train,rail,train,40.2,270.0,3.21,20,clusters,1,1.244,0,0,0
rail_train,rail,train,40.6,270.7,3.19,30,cluster,1,0.748,0,1,0
rail_train,rail,train,40.2,268.8,3.22,20,scatter,0,0.663,0,0,0
rail_train,rail,train,40.0,270.6,3.13,44,scatter,1,1.216,0,0,0
rail_train,rail,train,40.0,268.9,3.21,27,cluster,0,1.329,0,0,0
rail_train,rail,train,40.0,266.5,3.25,27,cluster,1,0.883,0,0,0
rail_train,rail,train,40.9,269.2,3.19,23,scatter,1,0.601,0,1,0
rail_train,rail,train,39.9,272.5,3.22,54,rows,1,1.298,0,1,0
rail_train,rail,train,39.3,272.3,3.23,45,crowd,0,1.117,0,0,0
rail_train,rail,train,40.4,268.5,3.23,46,rows,1,0.897,0,0,0
rail_train,rail,train,40.2,269.6,3.21,20,scatter,1,0.629,0,0,0
rail_train,rail,train,40.9,267.0,3.18,19,as built,1,1.002,0,1,0
rail_train,rail,train,40.4,270.5,3.19,27,scatter,1,1.208,0,0,0
rail_train,rail,train,39.6,268.9,3.15,8,cluster,1,1.345,0,1,0
rail_train,rail,train,40.0,273.5,3.23,40,crowd,1,0.81,0,1,0
rail_train,rail,train,39.2,272.0,3.15,14,rows,0,0.607,0,1,0
rail_train,rail,train,39.0,271.1,3.14,23,scatter,0,1.017,0,0,0
rail_train,rail,train,40.1,270.2,3.19,19,as built,1,0.963,0,1,0
rail_train,rail,train,39.8,270.0,3.25,23,cluster,1,0.582,0,0,0
rail_train,rail,train,40.6,269.8,3.21,27,scatter,0,0.791,0,0,0
rail_train,rail,train,39.7,271.2,3.18,28,scatter,1,1.404,0,0,0
rail_train,rail,train,40.5,269.9,3.12,29,scatter,1,1.288,0,0,0
rail_train,rail,train,40.6,270.8,3.23,44,crowd,1,0.608,0,0,0
rail_train,rail,train,40.0,268.9,3.24,10,cluster,1,0.632,0,0,0
rail_train,rail,train,38.9,270.4,3.18,49,clusters,1,0.913,0,0,0
rail_train,rail,train,40.6,271.3,3.23,66,clusters,0,0.553,0,0,0
rail_train,rail,train,39.0,269.8,3.13,29,scatter,1,0.58,0,0,0
rail_train,rail,train,40.1,269.3,3.2,48,clusters,0,1.328,0,1,0
rail_train,rail,train,39.9,268.1,3.26,19,crowd,1,0.936,0,1,0
rail_train,rail,train,39.1,270.1,3.13,14,cluster,1,1.262,0,0,0
rail_train,rail,train,38.3,266.7,3.18,24,scatter,1,1.018,0,0,0
rail_train,rail,train,40.3,267.6,3.2,48,scatter,0,0.957,0,0,0
rail_train,rail,train,40.9,269.6,3.19,31,scatter,0,1.04,0,1,0
rail_train,rail,train,39.6,272.6,3.2,8,scatter,1,0.745,0,0,0
rail_train,rail,train,40.2,267.5,3.24,14,scatter,1,1.181,0,0,0
rail_train,rail,train,38.7,271.4,3.17,65,scatter,1,1.214,0,0,0
rail_train,rail,train,40.8,268.4,3.2,17,scatter,0,0.796,0,0,0
rail_train,rail,train,40.5,269.9,3.21,12,scatter,1,1.338,0,0,0
rail_train,rail,train,39.7,271.3,3.14,26,cluster,1,1.317,0,0,0
rail_train,rail,train,41.2,269.9,3.17,27,cluster,0,0.679,0,0,0
rail_train,rail,train,39.5,270.5,3.22,37,scatter,0,1.41,0,1,0
rail_train,rail,train,38.9,269.1,3.18,63,scatter,1,1.434,0,1,0
rail_train,rail,train,40.2,267.4,3.17,31,cluster,1,0.693,0,1,0
rail_train,rail,train,39.7,269.0,3.25,22,scatter,1,0.741,0,0,0
rail_train,rail,train,40.8,269.1,3.12,9,scatter,0,1.082,0,0,0
rail_train,rail,train,38.8,268.3,3.18,34,crowd,1,1.276,0,1,0
rail_train,rail,train,41.3,270.1,3.17,31,rows,1,1.4,0,0,0
rail_train,rail,train,41.0,267.4,3.11,18,scatter,0,1.188,0,0,0
rail_train,rail,train,39.2,271.6,3.18,46,crowd,1,1.199,0,0,0
rail_train,rail,train,40.0,270.6,3.2,21,scatter,1,0.756,0,0,0
rail_train,rail,train,38.3,269.9,3.15,19,as built,0,1.352,0,1,0
rail_train,rail,train,40.7,272.6,3.22,44,rows,1,0.679,0,1,0
rail_train,rail,train,40.1,267.6,3.24,22,scatter,0,1.377,0,0,0
rail_train,rail,train,39.9,270.6,3.25,17,cluster,1,1.008,0,0,0
rail_train,rail,train,39.4,269.3,3.21,24,cluster,1,1.013,0,0,0
rail_train,rail,train,38.8,271.8,3.19,18,scatter,1,1.016,0,0,0
rail_train,rail,train,39.6,273.0,3.14,27,clusters,1,0.649,0,0,0
rail_train,rail,train,38.9,269.8,3.14,56,clusters,0,0.924,0,1,0
rail_train,rail,train,39.3,271.1,3.21,19,as built,1,1.341,0,0,0
rail_train,rail,train,40.6,270.7,3.21,14,rows,1,1.446,0,1,0
rail_train,rail,train,40.1,270.3,3.26,29,cluster,1,1.12,0,0,0
rail_train,rail,train,40.2,268.3,3.23,19,as built,1,0.961,0,0,0
rail_train,rail,train,40.6,271.0,3.17,19,as built,1,1.126,0,0,0
rail_train,rail,train,40.7,269.8,3.2,5,cluster,0,0.854,0,0,0
rail_train,rail,train,40.5,270.6,3.21,19,as built,0,1.362,0,0,0
rail_train,rail,train,40.6,271.9,3.2,16,cluster,1,0.595,0,0,0
rail_train,rail,train,39.8,271.6,3.18,11,cluster,1,1.316,0,0,0
rail_train,rail,train,41.3,269.3,3.14,55,scatter,1,0.765,0,0,0
rail_train,rail,train,40.2,268.1,3.24,9,scatter,1,0.822,0,0,0
rail_train,rail,train,41.2,271.1,3.18,16,cluster,0,1.387,0,0,0
rail_train,rail,train,40.4,269.5,3.13,29,crowd,1,0.647,0,1,0
rail_train,rail,train,40.9,271.5,3.14,15,cluster,1,1.319,0,1,0
rail_train,rail,train,38.7,270.2,3.2,7,scatter,1,1.132,0,0,0
rail_train,rail,train,41.3,268.5,3.18,19,as built,1,1.094,0,0,0
rail_train,rail,train,39.3,271.0,3.18,19,as built,0,1.258,0,0,0
rail_train,rail,train,40.4,269.9,3.14,19,as built,1,1.233,0,0,0
rail_train,rail,train,41.6,271.9,3.15,19,as built,1,1.368,0,0,0
rail_train,rail,train,39.5,269.9,3.15,17,cluster,1,1.008,0,1,0
rail_train,rail,train,41.6,269.2,3.14,52,crowd,1,0.633,0,1,0
rail_train,rail,train,39.6,272.3,3.22,21,cluster,0,1.337,0,0,0
rail_train,rail,train,40.3,271.1,3.19,66,rows,0,0.943,0,0,0
rail_train,rail,train,39.7,270.6,3.22,18,scatter,0,0.651,0,1,0
rail_train,rail,train,40.2,272.7,3.23,29,clusters,0,1.226,0,0,0
rail_train,rail,train,40.4,271.9,3.23,32,scatter,1,0.64,0,0,0
rail_train,rail,train,39.4,266.8,3.11,73,rows,1,1.045,0,0,0
rail_train,rail,train,38.6,268.8,3.13,21,scatter,1,0.807,0,1,0
rail_train,rail,train,38.4,268.9,3.16,29,scatter,0,0.802,0,0,0
rail_train,rail,train,39.6,267.7,3.14,18,cluster,1,0.77,0,0,0
rail_train,rail,train,40.8,269.4,3.21,63,crowd,1,1.006,0,1,0
rail_train,rail,train,41.1,273.6,3.14,72,rows,1,0.979,0,0,0
rail_train,rail,train,41.2,268.8,3.12,53,scatter,1,0.889,0,0,0
rail_train,rail,train,39.6,271.8,3.21,22,scatter,1,1.231,0,0,0
rail_train,rail,train,39.8,267.2,3.17,27,crowd,1,1.344,0,0,0
rail_train,rail,train,40.6,269.8,3.13,41,clusters,1,0.574,0,1,0
rail_train,rail,train,39.7,271.6,3.19,22,scatter,1,1.128,0,0,0
rail_train,rail,train,40.0,266.7,3.24,17,cluster,0,0.758,0,0,0
rail_train,rail,train,40.2,272.5,3.2,55,crowd,1,0.927,0,0,0
rail_train,rail,train,40.1,270.4,3.26,58,crowd,0,0.945,0,0,0
rail_train,rail,train,39.5,271.4,3.18,27,scatter,1,1.298,0,1,0
rail_train,rail,train,39.1,268.4,3.21,15,crowd,0,0.782,0,0,0
rail_train,rail,train,40.2,268.3,3.25,41,clusters,1,0.974,0,0,0
rail_train,rail,train,40.1,271.3,3.24,15,scatter,1,0.626,0,0,0
rail_train,rail,train,39.4,268.3,3.2,23,scatter,0,0.859,0,1,0
rail_train,rail,train,39.2,267.7,3.16,17,scatter,1,0.98,0,0,0
rail_train,rail,train,39.3,271.3,3.22,14,cluster,0,0.825,0,0,0
rail_train,rail,train,39.9,269.8,3.2,33,crowd,0,1.411,0,1,0
rail_train,rail,train,40.3,266.5,3.18,10,clusters,1,1.162,0,1,0
rail_train,rail,train,40.5,269.6,3.2,27,scatter,1,0.836,0,0,0
rail_train,rail,train,40.0,268.9,3.2,24,cluster,0,1.277,0,0,0
rail_train,rail,train,39.5,273.2,3.19,18,crowd,0,1.377,0,1,0
rail_train,rail,train,40.4,273.0,3.2,25,scatter,1,1.239,0,1,0
rail_train,rail,train,39.9,270.4,3.23,24,rows,1,0.658,0,0,0
rail_train,rail,train,40.1,268.6,3.23,12,rows,1,1.289,0,0,0
rail_train,rail,train,39.1,268.8,3.16,67,scatter,1,0.891,0,1,0
rail_train,rail,train,39.6,270.7,3.23,8,cluster,1,0.73,0,0,0
rail_train,rail,train,40.6,269.6,3.09,13,crowd,0,1.311,0,0,0
rail_train,rail,train,40.3,267.4,3.22,11,crowd,0,1.378,0,0,0
rail_train,rail,train,40.6,270.6,3.22,23,cluster,1,0.857,0,1,0
rail_train,rail,train,39.6,270.5,3.18,8,scatter,0,1.378,0,1,0
rail_train,rail,train,39.6,271.5,3.23,19,as built,1,1.285,0,1,0
rail_train,rail,train,38.2,269.2,3.15,18,rows,0,0.887,0,0,0
rail_train,rail,train,40.2,269.0,3.24,21,crowd,1,1.371,0,1,0
rail_train,rail,train,40.3,266.7,3.21,21,cluster,1,0.857,0,0,0
rail_train,rail,train,38.0,270.2,3.17,22,cluster,1,1.14,0,0,0
rail_train,rail,train,40.3,272.0,3.18,31,scatter,1,1.117,0,0,0
rail_train,rail,train,39.4,268.6,3.24,39,scatter,1,0.648,0,0,0
rail_train,rail,train,40.7,266.5,3.12,70,rows,1,1.259,0,0,0
rail_train,rail,train,39.6,266.6,3.24,69,scatter,0,1.064,0,0,0
rail_train,rail,train,38.4,267.3,3.15,9,scatter,1,0.999,0,0,0
rail_train,rail,train,39.7,270.9,3.17,12,scatter,1,1.05,0,0,0
rail_train,rail,train,39.1,271.2,3.15,14,scatter,0,0.572,0,0,0
rail_train,rail,train,39.9,271.3,3.2,8,scatter,1,1.001,0,0,0
rail_train,rail,train,38.5,267.9,3.18,41,clusters,1,0.591,0,0,0
rail_train,rail,train,41.7,270.4,3.15,21,scatter,0,0.803,0,0,0
rail_train,rail,train,39.8,273.3,3.22,28,scatter,1,0.915,0,0,0
rail_train,rail,train,39.7,269.6,3.16,16,scatter,1,1.375,0,0,0
rail_train,rail,train,41.1,270.3,3.18,10,scatter,0,0.736,0,0,0
rail_train,rail,train,40.3,270.6,3.19,50,scatter,0,0.844,0,1,0
rail_train,rail,train,40.7,267.3,3.15,16,scatter,0,1.063,0,0,0
rail_train,rail,train,40.4,268.3,3.19,19,as built,1,0.94,0,1,0
rail_train,rail,train,40.9,271.0,3.19,56,scatter,0,0.698,0,1,0
rail_train,rail,train,38.6,273.1,3.13,19,as built,1,0.927,0,0,0
rail_train,rail,train,40.2,272.7,3.2,33,scatter,1,0.896,0,0,0
rail_train,rail,train,39.0,270.4,3.21,42,scatter,0,1.398,0,0,0
rail_train,rail,train,39.8,270.7,3.24,21,cluster,1,0.695,0,0,0
rail_train,rail,train,38.6,270.0,3.18,40,crowd,1,0.737,0,0,0
rail_train,rail,train,41.1,270.2,3.18,63,crowd,1,1.033,0,0,0
rail_train,rail,train,40.6,269.2,3.14,18,rows,1,0.601,0,0,0
rail_train,rail,train,39.5,268.9,3.22,19,as built,1,1.015,0,0,0
rail_train,rail,train,40.1,268.2,3.24,19,cluster,1,0.941,0,0,0
rail_train,rail,train,40.8,270.1,3.17,40,rows,0,0.732,0,1,0
rail_train,rail,train,40.0,271.3,3.26,21,scatter,1,1.446,0,0,0
rail_train,rail,train,38.9,271.0,3.19,25,scatter,0,0.824,0,0,0
rail_train,rail,train,40.2,267.8,3.25,18,scatter,1,0.563,0,1,0
rail_train,rail,train,40.4,269.7,3.18,14,crowd,0,1.002,0,0,0
rail_train,rail,train,39.7,271.4,3.22,65,scatter,0,0.763,0,0,0
rail_train,rail,train,40.2,269.0,3.21,19,as built,1,0.599,0,0,0
rail_train,rail,train,39.9,268.3,3.23,29,cluster,1,0.757,0,1,0
rail_train,rail,train,39.6,266.9,3.22,32,scatter,1,0.944,0,0,0
rail_train,rail,train,41.0,271.8,3.2,31,cluster,1,1.325,0,0,0
rail_train,rail,train,39.8,271.7,3.22,48,rows,1,1.188,0,1,0
rail_train,rail,train,40.5,268.5,3.23,11,scatter,0,0.657,0,1,0
rail_train,rail,train,39.9,268.8,3.14,66,crowd,1,0.744,0,1,0
rail_train,rail,train,40.0,272.5,3.23,29,cluster,1,0.935,0,1,0
rail_train,rail,train,39.1,271.3,3.2,21,scatter,1,0.711,0,1,0
rail_train,rail,train,39.3,268.8,3.16,47,scatter,1,0.848,0,1,0
rail_train,rail,train,40.3,267.3,3.15,25,cluster,1,1.371,0,0,0
rail_train,rail,train,40.6,270.1,3.21,11,cluster,1,0.613,0,1,0
rail_train,rail,train,39.4,268.1,3.22,17,scatter,1,1.348,0,0,0
rail_train,rail,train,39.5,269.9,3.21,64,scatter,1,0.595,0,0,0
rail_train,rail,train,40.2,272.3,3.24,8,cluster,1,0.561,0,0,0
rail_train,rail,train,38.5,270.9,3.13,16,cluster,1,0.922,0,0,0
rail_train,rail,train,40.6,268.4,3.17,36,crowd,1,0.897,0,0,0
rail_train,rail,train,40.4,269.6,3.21,71,crowd,1,1.424,0,1,0
rail_train,rail,train,40.1,268.2,3.26,74,crowd,1,1.137,0,1,0
rail_train,rail,train,40.8,268.2,3.2,49,scatter,0,1.187,0,0,0
rail_train,rail,train,40.7,269.6,3.12,35,scatter,0,0.59,0,1,0
rail_train,rail,train,39.1,273.2,3.18,35,scatter,1,1.138,0,0,0
rail_train,rail,train,38.8,267.7,3.21,19,scatter,1,0.744,0,0,0
rail_train,rail,train,39.9,268.9,3.11,71,scatter,1,0.642,0,0,0
rail_train,rail,train,38.7,270.2,3.12,19,as built,1,0.834,0,0,0
rail_train,rail,train,39.4,271.6,3.2,56,clusters,1,0.758,0,0,0
rail_train,rail,train,39.5,270.9,3.17,16,scatter,1,1.249,0,0,0
rail_train,rail,train,40.0,270.2,3.21,12,scatter,1,1.269,0,0,0
rail_train,rail,train,40.3,270.0,3.16,59,crowd,1,0.608,0,1,0
rail_train,rail,train,39.3,267.8,3.21,29,crowd,0,0.735,0,0,0
rail_train,rail,train,40.2,268.2,3.21,66,rows,1,0.914,0,0,0
rail_train,rail,train,40.1,269.2,3.24,11,scatter,0,1.198,0,0,0
rail_train,rail,train,40.2,266.9,3.2,35,rows,0,0.81,0,0,0
rail_train,rail,train,39.7,273.5,3.2,7,cluster,1,0.6,0,1,0
rail_train,rail,train,39.9,271.6,3.22,19,scatter,0,0.902,0,0,0
rail_train,rail,train,40.6,270.7,3.1,25,rows,1,1.365,0,0,0
rail_train,rail,train,39.3,269.8,3.21,19,clusters,0,1.226,0,0,0
rail_train,rail,train,39.7,269.9,3.21,25,cluster,1,0.936,0,0,0
rail_train,rail,train,40.0,267.7,3.26,19,as built,0,0.668,0,0,0
rail_train,rail,train,39.7,270.4,3.17,24,clusters,1,1.318,0,0,0
rail_train,rail,train,39.8,268.8,3.23,15,scatter,0,1.285,0,0,0
rail_train,rail,train,40.1,271.9,3.25,39,crowd,0,0.652,0,0,0
rail_train,rail,train,40.2,268.1,3.21,11,clusters,1,1.221,0,0,0
rail_train,rail,train,39.0,273.1,3.15,32,cluster,1,1.253,0,1,0
rail_train,rail,train,40.4,268.5,3.23,54,rows,0,1.319,0,0,0
rail_train,rail,train,40.7,273.6,3.19,52,crowd,1,0.951,0,0,0
rail_train,rail,train,41.3,273.6,3.14,10,clusters,1,0.571,0,0,0
rail_train,rail,train,39.0,270.5,3.22,30,scatter,1,1.246,0,0,0
rail_train,rail,train,39.2,271.3,3.19,43,rows,1,1.008,0,0,0
rail_train,rail,train,38.7,270.7,3.12,13,rows,1,0.982,0,0,0
rail_train,rail,train,40.0,270.2,3.24,19,as built,1,0.944,0,0,0
rail_train,rail,train,40.0,271.4,3.21,18,scatter,0,0.653,0,0,0
rail_train,rail,train,39.6,273.3,3.14,40,scatter,1,1.319,0,0,0
rail_train,rail,train,40.5,273.5,3.2,32,scatter,0,1.242,0,1,0
rail_train,rail,train,38.7,269.5,3.13,8,scatter,0,1.252,0,0,0
rail_train,rail,train,39.6,268.4,3.22,52,scatter,1,0.924,0,1,0
rail_train,rail,train,39.3,273.5,3.19,19,scatter,1,1.221,0,0,0
rail_train,rail,train,40.4,272.0,3.22,19,as built,1,1.217,0,1,0
rail_train,rail,train,38.9,271.0,3.21,29,scatter,1,1.029,0,0,0
rail_train,rail,train,40.0,272.9,3.14,70,rows,1,1.169,0,0,0
rail_train,rail,train,40.2,271.5,3.2,19,as built,0,0.923,0,0,0
rail_train,rail,train,39.7,268.8,3.21,19,as built,1,0.587,0,0,0
rail_train,rail,train,40.1,271.4,3.19,55,scatter,1,1.335,0,0,0
rail_train,rail,train,40.0,273.5,3.24,19,as built,0,0.595,0,0,0
rail_train,rail,train,41.2,271.4,3.13,36,crowd,0,0.608,0,1,0
rail_train,rail,train,40.3,269.8,3.18,12,crowd,0,1.087,0,0,0
rail_train,rail,train,40.0,271.9,3.24,31,crowd,1,1.21,0,0,0
rail_train,rail,train,38.7,267.9,3.16,46,clusters,1,0.829,0,0,0
rail_train,rail,train,40.0,270.1,3.2,14,cluster,1,0.926,0,0,0
rail_train,rail,train,38.3,272.3,3.18,27,cluster,1,1.45,0,0,0
rail_train,rail,train,40.0,268.5,3.25,24,scatter,1,1.118,0,0,0
rail_train,rail,train,40.4,270.9,3.15,34,clusters,1,1.316,0,0,0
rail_train,rail,train,40.5,268.2,3.2,42,clusters,1,0.587,0,1,0
rail_train,rail,train,39.8,267.9,3.15,20,scatter,1,1.024,0,0,0
rail_train,rail,train,40.1,270.2,3.2,24,scatter,1,0.934,0,1,0
rail_train,rail,train,38.5,270.8,3.18,33,scatter,1,1.044,0,1,0
rail_train,rail,train,39.2,268.6,3.21,23,rows,1,0.558,0,1,0
rail_train,rail,train,39.1,270.5,3.21,56,rows,0,0.824,0,1,0
rail_train,rail,train,40.2,270.8,3.17,40,rows,1,0.798,0,0,0
rail_train,rail,train,40.1,271.8,3.18,49,scatter,1,1.274,0,1,0
rail_train,rail,train,38.6,271.0,3.18,28,scatter,0,0.821,0,0,0
rail_train,rail,train,38.5,268.0,3.17,11,scatter,0,1.137,0,0,0
rail_train,rail,train,40.0,273.3,3.25,43,rows,0,0.687,0,0,0
rail_train,rail,train,38.7,271.2,3.14,60,rows,1,1.284,0,0,0
rail_train,rail,train,38.8,266.6,3.21,7,cluster,1,1.37,0,0,0
rail_train,rail,train,40.2,271.7,3.24,20,cluster,1,1.06,0,0,0
rail_train,rail,train,39.4,268.5,3.23,29,clusters,1,0.894,0,1,0
rail_train,rail,train,40.0,269.8,3.14,64,scatter,1,0.837,0,1,0
rail_train,rail,train,40.4,270.6,3.23,31,scatter,1,0.681,0,1,0
rail_train,rail,train,38.9,270.2,3.2,29,cluster,1,0.62,0,0,0
rail_train,rail,train,40.7,272.5,3.15,26,crowd,1,0.613,0,0,0
rail_train,rail,train,39.9,269.7,3.2,27,scatter,1,0.618,0,0,0
rail_train,rail,train,39.8,269.9,3.19,48,clusters,1,0.65,0,0,0
rail_train,rail,train,41.3,268.7,3.16,35,crowd,1,0.836,0,0,0
rail_train,rail,train,39.9,268.6,3.14,28,scatter,1,0.773,0,0,0
rail_train,rail,train,40.0,271.0,3.2,49,scatter,1,1.341,0,0,0
rail_train,rail,train,40.0,269.1,3.15,15,scatter,0,0.922,0,0,0
rail_train,rail,train,40.5,270.3,3.19,15,cluster,1,1.439,0,0,0
rail_train,rail,train,40.3,269.2,3.16,20,scatter,1,0.575,0,1,0
rail_train,rail,train,38.6,268.1,3.19,24,scatter,1,0.671,0,1,0
rail_train,rail,train,40.6,269.6,3.14,19,as built,1,0.949,0,0,0
rail_train,rail,train,40.0,267.7,3.24,52,rows,1,1.22,0,0,0
rail_train,rail,train,40.2,268.5,3.23,19,as built,1,0.854,0,0,0
rail_train,rail,train,40.5,271.2,3.14,19,as built,0,0.649,0,0,0
rail_train,rail,train,39.4,269.0,3.16,33,scatter,1,1.268,0,0,0
rail_train,rail,train,40.0,269.8,3.23,12,scatter,1,0.941,0,0,0
rail_train,rail,train,40.2,269.9,3.2,33,scatter,0,1.268,0,0,0
rail_train,rail,train,40.1,271.1,3.24,19,as built,1,1.263,0,1,0
rail_train,rail,train,39.5,270.5,3.21,27,clusters,1,0.593,0,1,0
rail_train,rail,train,40.3,269.0,3.2,19,as built,0,1.431,0,0,0
rail_train,rail,train,41.7,269.9,3.15,17,scatter,1,0.946,0,0,0
rail_train,rail,train,39.9,270.1,3.14,23,scatter,1,1.382,0,0,0
rail_train,rail,train,39.5,267.3,3.23,26,scatter,0,1.193,0,1,0
rail_train,rail,train,40.0,268.6,3.22,49,clusters,1,1.338,0,0,0
rail_train,rail,train,40.0,267.1,3.23,63,clusters,1,0.887,0,1,0
rail_train,rail,train,40.7,270.2,3.19,19,scatter,0,0.794,0,1,0
rail_train,rail,train,39.9,270.4,3.25,53,rows,1,0.798,0,0,0
rail_train,rail,train,40.9,271.0,3.14,19,as built,1,1.286,0,1,0
rail_train,rail,train,38.9,268.1,3.19,27,scatter,0,1.026,0,0,0
rail_train,rail,train,40.3,268.3,3.16,31,cluster,1,1.398,0,0,0
rail_train,rail,train,40.9,270.3,3.18,19,as built,1,0.996,0,1,0
rail_train,rail,train,40.4,269.4,3.23,27,cluster,0,0.962,0,1,0
rail_train,rail,train,38.5,273.1,3.13,27,scatter,1,1.329,0,0,0
rail_train,rail,train,40.8,268.4,3.14,35,crowd,1,1.09,0,0,0
rail_train,rail,train,40.4,272.4,3.22,30,cluster,0,1.137,0,0,0
rail_train,rail,train,39.9,271.0,3.2,19,as built,1,0.983,0,0,0
rail_train,rail,train,38.4,273.5,3.18,24,cluster,0,1.39,0,0,0
rail_train,rail,train,39.5,270.9,3.16,23,scatter,0,0.817,0,1,0
rail_train,rail,train,39.9,268.4,3.06,26,rows,1,1.197,0,1,0
rail_train,rail,train,39.1,269.2,3.2,19,scatter,1,1.146,0,0,0
rail_train,rail,train,40.1,267.5,3.23,17,scatter,0,1.433,0,1,0
rail_train,rail,train,40.9,269.3,3.2,27,scatter,1,0.868,0,1,0
rail_train,rail,train,39.8,269.6,3.22,16,crowd,1,1.198,0,0,0
rail_train,rail,train,40.0,270.0,3.21,24,scatter,1,0.759,0,0,0
rail_train,rail,train,40.2,267.8,3.21,19,crowd,1,1.016,0,0,0
rail_train,rail,train,41.2,269.3,3.16,19,as built,1,0.98,0,0,0
rail_train,rail,train,39.3,270.0,3.18,75,rows,1,0.774,0,0,0
rail_train,rail,train,39.8,269.7,3.12,20,scatter,1,1.192,0,0,0
rail_train,rail,train,40.2,266.9,3.21,38,rows,1,1.203,0,0,0
rail_train,rail,train,40.5,269.8,3.17,75,rows,1,1.318,0,1,0
rail_train,rail,train,38.8,273.4,3.2,19,as built,1,0.623,0,0,0
rail_train,rail,train,39.5,267.4,3.19,27,scatter,1,0.562,0,1,0
rail_train,rail,train,39.8,267.8,3.26,12,cluster,1,1.148,0,1,0
rail_train,rail,train,40.9,271.7,3.14,25,scatter,1,0.653,0,0,0
rail_train,rail,train,38.9,268.0,3.19,34,rows,0,0.945,0,1,0
rail_train,rail,train,39.3,270.1,3.13,7,cluster,1,0.72,0,1,0
rail_train,rail,train,39.4,267.4,3.21,23,cluster,1,0.894,0,0,0
rail_train,rail,train,40.4,268.8,3.15,33,crowd,1,1.048,0,0,0
rail_train,rail,train,39.1,271.1,3.09,24,scatter,1,1.16,0,1,0
rail_train,rail,train,40.3,271.5,3.24,65,scatter,1,0.584,0,0,0
rail_train,rail,train,40.8,270.1,3.15,22,scatter,0,0.796,0,0,0
rail_train,rail,train,38.9,267.9,3.21,45,clusters,1,0.886,0,0,0
rail_train,rail,train,39.5,271.3,3.16,60,clusters,1,0.575,0,0,0
rail_train,rail,train,40.9,269.5,3.11,34,clusters,1,1.444,0,0,0
rail_train,rail,train,40.5,267.5,3.2,69,rows,0,1.397,0,0,0
rail_train,rail,train,40.8,269.1,3.15,29,cluster,1,0.555,0,0,0
rail_train,rail,train,40.3,271.1,3.24,24,scatter,0,0.645,0,0,0
rail_train,rail,train,40.4,268.6,3.15,70,clusters,1,0.781,0,1,0
rail_train,rail,train,38.4,268.1,3.19,11,cluster,1,1.038,0,0,0
rail_train,rail,train,40.5,271.4,3.21,12,crowd,1,1.437,0,0,0
rail_train,rail,train,39.0,269.3,3.2,9,cluster,1,0.817,0,1,0
rail_train,rail,train,39.2,266.6,3.21,10,scatter,1,0.607,0,0,0
rail_train,rail,train,39.8,270.2,3.21,19,as built,1,1.232,0,0,0
rail_train,rail,train,40.1,270.0,3.22,21,crowd,1,0.684,0,0,0
rail_train,rail,train,39.5,267.1,3.21,12,rows,0,1.35,0,1,0
rail_train,rail,train,41.3,273.1,3.13,40,crowd,1,1.126,0,0,0
rail_train,rail,train,39.3,270.7,3.16,58,clusters,1,0.948,0,1,0
rail_train,rail,train,40.3,270.1,3.17,12,cluster,0,0.773,0,0,0
rail_train,rail,train,40.1,271.7,3.21,34,scatter,0,0.897,0,0,0
rail_val,rail,val,40.1,270.9,3.25,49,clusters,1,0.954,0,0,0
rail_val,rail,val,40.8,271.3,3.19,43,scatter,1,0.985,0,1,0
rail_val,rail,val,39.6,270.8,3.13,27,scatter,1,1.273,0,0,0
rail_val,rail,val,39.8,271.7,3.16,19,as built,1,0.555,0,0,0
rail_val,rail,val,40.0,268.1,3.25,32,cluster,0,1.167,0,0,0
rail_val,rail,val,39.4,268.2,3.22,58,rows,1,1.119,0,0,0
rail_val,rail,val,40.1,267.0,3.23,53,clusters,1,0.572,0,1,0
rail_val,rail,val,38.9,269.6,3.12,42,crowd,0,0.583,0,0,0
rail_val,rail,val,38.9,271.3,3.17,26,scatter,0,1.285,0,0,0
rail_val,rail,val,40.1,269.3,3.22,17,cluster,1,0.975,0,0,0
rail_val,rail,val,39.6,269.6,3.21,29,clusters,1,0.551,0,1,0
rail_val,rail,val,40.9,269.7,3.18,31,scatter,1,1.26,0,0,0
rail_val,rail,val,40.0,271.0,3.21,25,clusters,1,0.874,0,1,0
rail_val,rail,val,41.1,266.3,3.12,26,scatter,0,1.296,0,0,0
rail_val,rail,val,39.2,266.6,3.23,26,cluster,0,0.57,0,0,0
rail_val,rail,val,38.5,269.4,3.16,19,as built,1,0.769,0,1,0
rail_val,rail,val,40.5,269.4,3.14,21,scatter,1,0.709,0,1,0
rail_val,rail,val,39.9,268.0,3.25,37,rows,1,1.252,0,0,0
rail_val,rail,val,40.3,271.0,3.23,31,scatter,0,1.152,0,0,0
rail_val,rail,val,40.1,268.3,3.11,19,as built,1,1.276,0,0,0
rail_val,rail,val,39.6,266.5,3.17,19,as built,1,1.009,0,0,0
rail_val,rail,val,41.2,268.6,3.18,48,scatter,0,1.079,0,0,0
rail_val,rail,val,39.6,270.5,3.2,11,rows,1,0.719,0,0,0
rail_val,rail,val,40.6,270.9,3.19,15,scatter,1,1.2,0,1,0
rail_val,rail,val,40.1,268.9,3.25,25,scatter,1,1.193,0,0,0
rail_val,rail,val,40.5,269.4,3.17,11,scatter,1,0.949,0,1,0
rail_val,rail,val,39.7,272.9,3.16,10,clusters,1,1.218,0,0,0
rail_val,rail,val,39.9,269.2,3.25,22,scatter,0,1.156,0,0,0
rail_val,rail,val,39.4,271.7,3.2,22,scatter,1,0.98,0,0,0
rail_val,rail,val,40.6,269.6,3.18,15,scatter,1,1.015,0,1,0
rail_val,rail,val,39.6,270.1,3.2,49,crowd,1,1.381,0,0,0
rail_val,rail,val,40.9,269.4,3.19,37,clusters,1,0.761,0,0,0
rail_val,rail,val,39.0,266.9,3.18,9,clusters,1,0.698,0,0,0
rail_val,rail,val,41.3,268.9,3.16,30,scatter,1,1.349,0,0,0
rail_val,rail,val,40.2,270.7,3.22,27,scatter,1,1.072,0,1,0
rail_val,rail,val,39.7,270.7,3.2,53,scatter,0,0.563,0,0,0
rail_val,rail,val,38.3,267.7,3.18,43,scatter,1,1.022,0,0,0
rail_val,rail,val,40.8,269.7,3.18,32,cluster,1,0.88,0,0,0
rail_val,rail,val,39.0,269.4,3.19,22,crowd,1,0.92,0,0,0
rail_val,rail,val,39.8,270.6,3.26,29,clusters,1,0.609,0,0,0
rail_val,rail,val,40.4,273.3,3.15,26,scatter,1,1.073,0,1,0
rail_val,rail,val,39.0,270.4,3.11,44,clusters,0,0.874,0,0,0
rail_val,rail,val,40.0,271.0,3.26,58,crowd,0,0.98,0,0,0
rail_val,rail,val,39.4,268.0,3.18,30,scatter,1,1.009,0,0,0
rail_val,rail,val,39.7,269.3,3.18,25,scatter,1,1.225,0,1,0
rail_val,rail,val,39.5,272.5,3.21,26,scatter,1,0.624,0,0,0
rail_val,rail,val,40.0,269.2,3.19,25,cluster,1,1.104,0,0,0
rail_val,rail,val,40.2,268.3,3.22,25,rows,1,0.915,0,0,0
rail_val,rail,val,39.9,269.6,3.25,21,cluster,1,1.357,0,0,0
rail_val,rail,val,40.6,270.7,3.18,24,scatter,1,0.896,0,1,0
rail_val,rail,val,39.6,269.3,3.18,38,rows,1,1.309,0,1,0
rail_val,rail,val,39.1,269.3,3.18,25,cluster,1,0.632,0,0,0
rail_val,rail,val,39.9,270.8,3.16,29,scatter,1,1.065,0,0,0
rail_val,rail,val,40.8,272.2,3.15,18,crowd,0,0.57,0,0,0
rail_val,rail,val,39.3,273.4,3.23,68,scatter,1,0.785,0,0,0
rail_val,rail,val,41.0,270.6,3.16,24,scatter,0,1.181,0,0,0
rail_val,rail,val,40.9,269.2,3.14,8,scatter,0,0.854,0,0,0
rail_val,rail,val,39.9,270.3,3.25,21,cluster,1,1.031,0,0,0
rail_val,rail,val,39.7,269.2,3.22,35,scatter,1,0.819,0,0,0
rail_val,rail,val,40.1,271.1,3.24,71,rows,1,0.659,0,0,0
rail_val,rail,val,40.3,268.4,3.23,31,scatter,1,0.775,0,0,0
rail_val,rail,val,39.6,270.6,3.21,9,scatter,1,1.035,0,1,0
rail_val,rail,val,40.6,268.5,3.19,57,scatter,1,0.872,0,1,0
rail_val,rail,val,40.3,270.6,3.24,20,scatter,0,0.89,0,1,0
rail_val,rail,val,38.5,270.1,3.15,14,scatter,1,1.397,0,1,0
rail_val,rail,val,40.7,269.3,3.21,20,cluster,1,0.614,0,1,0
rail_val,rail,val,40.2,271.8,3.16,25,scatter,1,0.989,0,0,0
rail_val,rail,val,41.6,266.7,3.15,21,cluster,1,1.049,0,1,0
rail_val,rail,val,40.5,269.2,3.2,31,scatter,1,0.653,0,0,0
rail_val,rail,val,40.2,269.1,3.2,46,rows,0,1.099,0,0,0
rail_val,rail,val,39.6,270.4,3.18,12,cluster,1,1.314,0,0,0
rail_val,rail,val,40.1,272.3,3.25,9,scatter,1,1.423,0,0,0
rail_val,rail,val,40.8,266.9,3.11,18,scatter,1,1.122,0,0,0
rail_val,rail,val,39.5,271.8,3.18,19,cluster,1,1.377,0,0,0
rail_val,rail,val,40.0,271.0,3.16,26,scatter,1,0.75,0,0,0
rail_val,rail,val,39.7,269.5,3.23,8,scatter,0,0.763,0,1,0
rail_val,rail,val,38.7,269.2,3.2,19,as built,0,1.051,0,0,0
rail_val,rail,val,40.4,270.8,3.14,13,cluster,0,1.274,0,0,0
rail_val,rail,val,39.7,269.7,3.22,55,clusters,1,1.302,0,1,0
rail_val,rail,val,40.6,269.6,3.15,15,clusters,1,0.821,0,0,0
rail_val,rail,val,39.9,273.5,3.19,40,rows,1,0.555,0,0,0
rail_val,rail,val,40.2,273.3,3.18,15,scatter,1,1.047,0,0,0
rail_val,rail,val,40.1,271.6,3.11,52,clusters,1,1.286,0,0,0
rail_val,rail,val,41.2,268.9,3.15,20,cluster,0,0.916,0,0,0
rail_val,rail,val,39.0,269.4,3.16,52,crowd,1,0.75,0,0,0
rail_val,rail,val,40.3,267.5,3.21,12,scatter,1,0.837,0,0,0
rail_val,rail,val,40.3,267.2,3.2,26,scatter,0,1.143,0,0,0
rail_val,rail,val,41.1,270.7,3.17,13,scatter,0,1.248,0,0,0
rail_val,rail,val,40.7,270.8,3.1,10,scatter,1,1.386,0,1,0
rail_val,rail,val,39.8,270.9,3.2,51,scatter,0,1.27,0,1,0
rail_val,rail,val,40.7,269.9,3.2,47,crowd,1,0.898,0,1,0
rail_val,rail,val,39.7,271.0,3.17,59,rows,1,1.101,0,0,0
rail_val,rail,val,39.9,270.1,3.21,32,cluster,0,0.731,0,0,0
rail_val,rail,val,40.1,270.4,3.1,67,scatter,1,1.42,0,0,0
rail_val,rail,val,40.1,269.4,3.23,20,cluster,0,1.121,0,0,0
rail_val,rail,val,40.3,268.6,3.11,19,as built,1,0.616,0,0,0
rail_val,rail,val,40.4,270.1,3.2,19,as built,0,1.123,0,1,0
rail_val,rail,val,39.4,268.1,3.14,13,scatter,1,1.427,0,1,0
rail_val,rail,val,39.2,271.4,3.14,30,rows,1,1.373,0,0,0
rail_val,rail,val,40.1,266.4,3.17,19,scatter,1,0.726,0,1,0
rail_val,rail,val,40.9,273.4,3.17,10,rows,1,1.049,0,0,0
rail_val,rail,val,40.3,270.4,3.17,17,scatter,0,1.372,0,0,0
rail_val,rail,val,39.6,271.8,3.19,33,scatter,1,0.964,0,1,0
rail_val,rail,val,39.2,269.7,3.18,8,cluster,0,1.348,0,0,0
rail_val,rail,val,39.9,267.8,3.16,57,rows,1,0.965,0,1,0
rail_val,rail,val,39.8,272.8,3.23,10,rows,0,0.825,0,1,0
rail_val,rail,val,40.5,266.5,3.2,33,scatter,1,0.808,0,0,0
rail_val,rail,val,39.7,273.0,3.23,18,as built,1,0.718,0,0,0
rail_val,rail,val,39.1,266.6,3.22,19,as built,1,1.184,0,1,0
rail_val,rail,val,40.2,270.0,3.21,25,scatter,1,1.204,0,0,0
rail_val,rail,val,38.5,266.6,3.13,55,clusters,0,1.196,0,0,0
rail_val,rail,val,39.9,270.2,3.19,70,crowd,1,1.382,0,0,0
rail_val,rail,val,40.0,271.8,3.21,66,clusters,1,0.784,0,1,0
rail_val,rail,val,39.9,269.6,3.25,43,clusters,0,0.614,0,0,0
rail_val,rail,val,40.6,267.5,3.19,50,crowd,1,1.259,0,1,0
rail_val,rail,val,39.6,269.6,3.2,22,scatter,1,0.95,0,0,0
rail_val,rail,val,40.0,269.1,3.22,24,scatter,1,0.721,0,1,0
rail_val,rail,val,41.7,270.2,3.15,25,scatter,1,0.775,0,0,0
rail_val,rail,val,38.9,268.8,3.19,8,cluster,1,1.322,0,1,0
rail_val,rail,val,39.3,271.8,3.22,53,rows,1,1.249,0,0,0
rail_val,rail,val,40.1,268.4,3.2,19,as built,0,1.105,0,0,0
rail_val,rail,val,40.4,271.3,3.22,24,scatter,0,1.248,0,0,0
rail_val,rail,val,39.3,269.7,3.12,9,scatter,1,1.146,0,0,0
rail_val,rail,val,39.5,269.9,3.23,30,scatter,1,0.831,0,1,0
rail_val,rail,val,39.4,271.4,3.21,20,scatter,1,1.29,0,0,0
rail_val,rail,val,39.2,268.5,3.23,59,crowd,1,1.37,0,1,0
rail_val,rail,val,40.0,271.7,3.23,12,scatter,1,0.916,0,1,0
rail_val,rail,val,40.7,270.7,3.12,32,crowd,0,1.322,0,0,0
rail_val,rail,val,39.6,269.2,3.23,34,scatter,0,1.413,0,0,0
rail_val,rail,val,40.7,270.6,3.14,17,cluster,1,1.021,0,1,0
rail_val,rail,val,39.4,270.5,3.15,72,scatter,0,0.924,0,0,0
rail_val,rail,val,39.6,268.2,3.19,26,clusters,0,1.432,0,1,0
rail_val,rail,val,39.5,270.8,3.18,12,crowd,0,1.343,0,1,0
rail_val,rail,val,38.8,271.5,3.19,24,scatter,1,0.691,0,1,0
rail_val,rail,val,40.1,268.4,3.21,62,crowd,1,0.683,0,0,0
rail_val,rail,val,39.8,269.3,3.11,15,scatter,1,0.894,0,0,0
rail_val,rail,val,40.2,270.8,3.17,65,clusters,1,1.143,0,1,0
rail_val,rail,val,40.4,269.6,3.12,11,scatter,1,0.569,0,0,0
rail_val,rail,val,40.4,268.3,3.18,21,scatter,1,0.694,0,0,0
rail_val,rail,val,39.4,269.1,3.19,22,scatter,1,1.434,0,0,0
rail_val,rail,val,39.5,269.1,3.19,24,cluster,1,0.856,0,0,0
rail_val,rail,val,40.3,269.9,3.19,25,cluster,1,0.957,0,0,0
rail_val,rail,val,40.2,271.0,3.17,21,cluster,0,1.138,0,1,0
rail_val,rail,val,41.4,272.9,3.16,29,clusters,0,1.349,0,0,0
rail_val,rail,val,41.2,271.0,3.18,25,rows,1,1.322,0,0,0
rail_val,rail,val,40.4,269.3,3.23,16,scatter,1,0.926,0,0,0
rail_val,rail,val,39.9,271.4,3.23,10,rows,1,0.962,0,0,0
rail_val,rail,val,40.5,268.0,3.23,11,scatter,0,1.365,0,0,0
rail_val,rail,val,40.0,267.4,3.18,25,scatter,0,0.831,0,0,0
rail_val,rail,val,39.2,270.0,3.17,33,clusters,0,1.428,0,1,0
rail_val,rail,val,40.1,270.9,3.1,34,scatter,1,0.645,0,1,0
rail_val,rail,val,38.1,269.4,3.17,25,crowd,1,0.603,0,0,0
rail_val,rail,val,38.6,270.3,3.2,19,as built,1,1.0,0,0,0
rail_val,rail,val,39.2,270.8,3.16,13,scatter,0,0.966,0,0,0
rail_val,rail,val,39.9,269.9,3.24,20,scatter,1,1.212,0,1,0
rail_val,rail,val,40.7,271.9,3.2,23,scatter,1,0.562,0,1,0
rail_val,rail,val,39.5,272.0,3.2,18,cluster,0,1.187,0,1,0
rail_val,rail,val,40.7,270.8,3.21,62,clusters,1,0.644,0,1,0
rail_val,rail,val,39.8,269.2,3.25,20,scatter,1,1.132,0,0,0
rail_val,rail,val,41.6,271.1,3.14,26,rows,1,0.968,0,0,0
rail_val,rail,val,38.4,269.3,3.18,28,clusters,0,0.595,0,1,0
rail_val,rail,val,40.4,271.3,3.22,35,crowd,1,0.596,0,0,0
rail_val,rail,val,40.6,269.9,3.2,22,clusters,0,0.696,0,0,0
rail_val,rail,val,39.2,273.0,3.19,19,as built,1,0.667,0,1,0
rail_val,rail,val,40.1,268.8,3.24,69,clusters,1,1.043,0,0,0
rail_val,rail,val,39.5,270.4,3.15,29,scatter,0,0.638,0,1,0
rail_val,rail,val,39.5,269.7,3.17,18,cluster,0,1.434,0,0,0
rail_val,rail,val,40.6,271.1,3.2,38,rows,1,1.419,0,0,0
rail_val,rail,val,40.4,267.7,3.2,36,crowd,1,0.843,0,0,0
rail_val,rail,val,39.5,271.0,3.2,26,scatter,0,1.359,0,0,0
rail_val,rail,val,40.2,269.9,3.18,28,crowd,0,0.753,0,0,0
rail_val,rail,val,40.1,269.5,3.2,27,scatter,1,0.576,0,0,0
rail_val,rail,val,40.4,270.6,3.24,31,scatter,1,1.249,0,0,0
rail_val,rail,val,40.3,269.6,3.24,57,rows,1,0.77,0,0,0
rail_val,rail,val,40.4,269.8,3.24,12,scatter,1,0.873,0,0,0
rail_val,rail,val,40.1,270.6,3.2,20,cluster,1,0.807,0,1,0
rail_val,rail,val,38.9,270.5,3.19,51,scatter,1,1.037,0,0,0
rail_val,rail,val,41.6,270.6,3.14,26,scatter,1,1.288,0,1,0
rail_val,rail,val,40.9,271.3,3.2,10,scatter,0,0.874,0,0,0
rail_val,rail,val,39.5,268.4,3.21,66,crowd,0,1.309,0,0,0
rail_val,rail,val,38.7,269.1,3.18,19,as built,1,0.995,0,0,0
rail_val,rail,val,40.2,273.1,3.21,30,crowd,1,0.638,0,1,0
rail_val,rail,val,39.6,268.4,3.22,32,clusters,1,1.141,0,0,0
rail_val,rail,val,41.6,272.2,3.16,47,clusters,1,0.964,0,0,0
rail_val,rail,val,40.3,268.0,3.18,14,cluster,0,1.303,0,0,0
rail_val,rail,val,38.9,269.4,3.17,26,scatter,1,1.059,0,0,0
rail_val,rail,val,39.8,269.6,3.19,30,clusters,0,0.685,0,0,0
rail_val,rail,val,39.9,270.7,3.22,23,rows,0,1.073,0,0,0
rail_val,rail,val,39.6,267.4,3.23,18,cluster,1,0.745,0,1,0
rail_val,rail,val,40.8,269.9,3.21,22,scatter,1,1.338,0,0,0
rail_val,rail,val,41.2,270.5,3.14,58,scatter,1,0.578,0,1,0
rail_val,rail,val,41.4,268.8,3.13,34,cluster,0,1.177,0,0,0
rail_val,rail,val,39.9,269.3,3.21,39,scatter,0,1.227,0,1,0
rail_val,rail,val,39.8,268.9,3.2,25,rows,0,1.369,0,0,0
rail_val,rail,val,40.0,267.8,3.22,19,as built,0,1.22,0,0,0
rail_val,rail,val,40.2,270.9,3.18,24,cluster,1,0.932,0,0,0
rail_val,rail,val,40.9,270.7,3.13,20,cluster,1,0.74,0,0,0
rail_val,rail,val,40.7,269.5,3.19,32,scatter,1,1.364,0,1,0
rail_val,rail,val,38.1,268.3,3.16,39,clusters,1,0.794,0,0,0
rail_val,rail,val,40.6,268.6,3.19,38,crowd,1,0.867,0,0,0
rail_val,rail,val,40.3,268.2,3.17,17,cluster,0,1.165,0,0,0
rail_val,rail,val,40.5,270.1,3.21,29,scatter,1,1.035,0,0,0
rail_val,rail,val,38.5,267.9,3.16,12,cluster,1,1.053,0,0,0
rail_val,rail,val,40.8,268.6,3.2,21,scatter,1,1.173,0,0,0
rail_val,rail,val,39.1,269.7,3.19,8,cluster,0,0.694,0,0,0
rail_val,rail,val,40.0,267.7,3.17,41,crowd,1,1.31,0,0,0
rail_val,rail,val,39.9,269.9,3.26,39,scatter,0,0.63,0,1,0
rail_val,rail,val,41.7,270.8,3.15,20,scatter,0,1.174,0,0,0
rail_val,rail,val,39.6,269.4,3.23,33,cluster,1,0.824,0,0,0
rail_val,rail,val,41.0,273.1,3.2,12,scatter,0,0.695,0,1,0
rail_val,rail,val,40.4,269.4,3.18,15,scatter,1,0.792,0,0,0
rail_val,rail,val,40.0,269.7,3.18,14,cluster,0,1.406,0,0,0
rail_val,rail,val,39.8,267.9,3.25,27,scatter,1,1.255,0,0,0
rail_val,rail,val,39.1,270.8,3.2,19,clusters,0,1.013,0,0,0
rail_val,rail,val,39.9,270.8,3.23,28,scatter,0,1.064,0,1,0
rail_val,rail,val,40.0,269.3,3.25,53,scatter,1,0.715,0,0,0
rail_val,rail,val,40.0,271.0,3.25,18,as built,1,1.366,0,1,0
rail_val,rail,val,40.3,268.7,3.2,16,scatter,1,0.783,0,0,0
rail_val,rail,val,39.4,270.9,3.21,19,as built,1,1.035,0,1,0
rail_val,rail,val,38.4,269.8,3.19,33,crowd,0,0.909,0,1,0
rail_val,rail,val,38.2,269.6,3.15,31,scatter,1,0.921,0,0,0
rail_val,rail,val,40.2,270.3,3.25,19,as built,1,1.209,0,1,0
rail_val,rail,val,41.6,268.4,3.14,61,scatter,1,0.595,0,0,0
rail_val,rail,val,40.3,270.0,3.2,8,scatter,1,0.804,0,1,0
rail_val,rail,val,41.1,268.6,3.16,32,scatter,1,1.424,0,1,0
rail_val,rail,val,40.2,272.9,3.2,19,as built,1,0.878,0,0,0
rail_val,rail,val,38.9,271.2,3.19,23,rows,1,0.645,0,0,0
rail_val,rail,val,38.7,270.7,3.18,24,scatter,1,1.379,0,0,0
rail_val,rail,val,40.8,267.1,3.15,24,scatter,0,1.359,0,0,0
rail_val,rail,val,39.4,268.6,3.21,10,scatter,0,0.853,0,0,0
rail_val,rail,val,38.3,268.7,3.15,25,scatter,1,0.728,0,0,0
rail_val,rail,val,38.5,270.4,3.13,24,rows,0,1.245,0,0,0
rail_val,rail,val,39.8,270.0,3.23,28,crowd,1,1.347,0,0,0
rail_val,rail,val,39.5,268.7,3.2,72,rows,1,1.064,0,0,0
rail_val,rail,val,41.3,266.8,3.13,11,scatter,1,0.908,0,0,0
rail_val,rail,val,39.6,268.5,3.24,61,clusters,1,0.999,0,1,0
rail_val,rail,val,40.7,268.5,3.1,7,scatter,1,1.38,0,1,0
rail_val,rail,val,40.1,271.1,3.14,12,scatter,1,1.142,0,1,0
rail_val,rail,val,40.3,269.9,3.24,19,as built,1,1.397,0,0,0
rail_val,rail,val,39.3,272.8,3.2,44,scatter,1,1.031,0,0,0
rail_val,rail,val,39.1,269.8,3.17,25,rows,1,0.738,0,1,0
rail_val,rail,val,39.9,269.9,3.17,58,crowd,0,0.884,0,0,0
rail_val,rail,val,40.0,269.7,3.17,19,as built,0,1.389,0,0,0
rail_val,rail,val,40.2,268.5,3.21,53,scatter,1,1.106,0,0,0
rail_val,rail,val,40.3,270.7,3.22,40,rows,1,0.844,0,1,0
rail_val,rail,val,39.7,270.3,3.24,21,crowd,0,0.936,0,0,0
rail_val,rail,val,39.3,266.6,3.23,33,scatter,1,1.033,0,1,0
rail_val,rail,val,40.3,269.9,3.23,36,rows,0,0.638,0,0,0
rail_val,rail,val,39.8,268.6,3.15,46,scatter,0,1.177,0,1,0
rail_val,rail,val,40.1,270.4,3.23,29,scatter,0,0.749,0,0,0
