v -0.043000 0.000000 0.002500
v -0.043000 0.000000 0.115260
v -0.042878 0.000000 0.001727
v -0.042836 -0.003748 0.002500
v -0.042836 -0.003748 0.115260
v -0.042836 0.003748 0.002500
v -0.042836 0.003748 0.115260
v -0.042736 0.000000 0.117263
v -0.042714 -0.003737 0.001727
v -0.042714 0.003737 0.001727
v -0.042574 -0.003725 0.117263
v -0.042574 0.003725 0.117263
v -0.042523 0.000000 0.001031
v -0.042361 -0.003706 0.001031
v -0.042361 0.003706 0.001031
v -0.042347 -0.007467 0.002500
v -0.042347 -0.007467 0.115260
v -0.042347 0.007467 0.002500
v -0.042347 0.007467 0.115260
v -0.042226 -0.007446 0.001727
v -0.042226 0.007446 0.001727
v -0.042087 -0.007421 0.117263
v -0.042087 0.007421 0.117263
v -0.041969 0.000000 0.000477
v -0.041963 0.000000 0.119130
v -0.041877 -0.007384 0.001031
v -0.041877 0.007384 0.001031
v -0.041810 -0.003658 0.000477
v -0.041810 0.003658 0.000477
v -0.041803 -0.003657 0.119130
v -0.041803 0.003657 0.119130
v -0.041600 0.000000 0.003900
v -0.041600 0.000000 0.115260
v -0.041535 -0.011129 0.002500
v -0.041535 -0.011129 0.115260
v -0.041535 0.011129 0.002500
v -0.041535 0.011129 0.115260
v -0.041516 0.000000 0.003479
v -0.041442 -0.003626 0.003900
v -0.041442 -0.003626 0.115260
v -0.041442 0.003626 0.003900
v -0.041442 0.003626 0.115260
v -0.041417 -0.011098 0.001727
v -0.041417 0.011098 0.001727
v -0.041384 0.000000 0.116901
v -0.041358 -0.003618 0.003479
v -0.041358 0.003618 0.003479
v -0.041332 -0.007288 0.000477
v -0.041326 -0.007287 0.119130
v -0.041332 0.007288 0.000477
v -0.041326 0.007287 0.119130
v -0.041280 -0.011061 0.117263
v -0.041278 0.000000 0.003122
v -0.041280 0.011061 0.117263
v -0.041273 0.000000 0.000122
v -0.041226 -0.003607 0.116901
v -0.041226 0.003607 0.116901
v -0.041115 -0.003597 0.000122
v -0.041121 -0.003598 0.003122
v -0.041115 0.003597 0.000122
v -0.041121 0.003598 0.003122
v -0.041074 -0.011006 0.001031
v -0.041074 0.011006 0.001031
v -0.040968 -0.007224 0.003900
v -0.040968 -0.007224 0.115260
v -0.040968 0.007224 0.003900
v -0.040968 0.007224 0.115260
v -0.040921 0.000000 0.002884
v -0.040886 -0.007209 0.003479
v -0.040886 0.007209 0.003479
v -0.040765 -0.003566 0.002884
v -0.040765 0.003566 0.002884
v -0.040755 -0.007186 0.116901
v -0.040755 0.007186 0.116901
v -0.040751 0.000000 0.118430
v -0.040733 0.000000 0.120733
v -0.040646 -0.007167 0.000122
v -0.040651 -0.007168 0.003122
v -0.040646 0.007167 0.000122
v -0.040651 0.007168 0.003122
v -0.040596 -0.003552 0.118430
v -0.040596 0.003552 0.118430
v -0.040578 -0.003550 0.120733
v -0.040578 0.003550 0.120733
v -0.040539 -0.010862 0.000477
v -0.040539 0.010862 0.000477
v -0.040533 -0.010861 0.119130
v -0.040533 0.010861 0.119130
v -0.040500 0.000000 0.000000
v -0.040500 0.000000 0.002800
v -0.040407 -0.014707 0.002500
v -0.040407 -0.014707 0.115260
v -0.040407 0.014707 0.002500
v -0.040407 0.014707 0.115260
v -0.040346 -0.003530 0.000000
v -0.040346 -0.003530 0.002800
v -0.040346 0.003530 0.000000
v -0.040346 0.003530 0.002800
v -0.040299 -0.007106 0.002884
v -0.040299 0.007106 0.002884
v -0.040292 -0.014665 0.001727
v -0.040292 0.014665 0.001727
v -0.040183 -0.010767 0.003900
v -0.040183 -0.010767 0.115260
v -0.040183 0.010767 0.003900
v -0.040183 0.010767 0.115260
v -0.040159 -0.014617 0.117263
v -0.040159 0.014617 0.117263
v -0.040132 -0.007076 0.118430
v -0.040132 0.007076 0.118430
v -0.040114 -0.007073 0.120733
v -0.040114 0.007073 0.120733
v -0.040102 -0.010745 0.003479
v -0.040102 0.010745 0.003479
v -0.039974 -0.010711 0.116901
v -0.039974 0.010711 0.116901
v -0.039958 -0.014544 0.001031
v -0.039958 0.014544 0.001031
v -0.039885 -0.007033 0.000000
v -0.039885 -0.007033 0.002800
v -0.039885 0.007033 0.000000
v -0.039885 0.007033 0.002800
v -0.039866 -0.010682 0.000122
v -0.039871 -0.010683 0.003122
v -0.039866 0.010682 0.000122
v -0.039871 0.010683 0.003122
v -0.039743 0.000000 0.119743
v -0.039592 -0.003464 0.119743
v -0.039592 0.003464 0.119743
v -0.039527 -0.010591 0.002884
v -0.039527 0.010591 0.002884
v -0.039438 -0.014354 0.000477
v -0.039438 0.014354 0.000477
v -0.039432 -0.014352 0.119130
v -0.039432 0.014352 0.119130
v -0.039362 -0.010547 0.118430
v -0.039362 0.010547 0.118430
v -0.039345 -0.010542 0.120733
v -0.039345 0.010542 0.120733
v -0.039139 -0.006901 0.119743
v -0.039139 0.006901 0.119743
v -0.039130 0.000000 0.121963
v -0.039120 -0.010482 0.000000
v -0.039120 -0.010482 0.002800
v -0.039120 0.010482 0.000000
v -0.039120 0.010482 0.002800
v -0.039091 -0.014228 0.003900
v -0.039091 -0.014228 0.115260
v -0.039091 0.014228 0.003900
v -0.039091 0.014228 0.115260
v -0.039013 -0.014199 0.003479
v -0.039013 0.014199 0.003479
v -0.038981 -0.003410 0.121963
v -0.038981 0.003410 0.121963
v -0.038971 -0.018173 0.002500
v -0.038971 -0.018173 0.115260
v -0.038971 0.018173 0.002500
v -0.038971 0.018173 0.115260
v -0.038888 -0.014154 0.116901
v -0.038888 0.014154 0.116901
v -0.038860 -0.018121 0.001727
v -0.038860 0.018121 0.001727
v -0.038788 -0.014118 0.003122
v -0.038788 0.014118 0.003122
v -0.038784 -0.014116 0.000122
v -0.038784 0.014116 0.000122
v -0.038732 -0.018061 0.117263
v -0.038732 0.018061 0.117263
v -0.038539 -0.017971 0.001031
v -0.038536 -0.006795 0.121963
v -0.038536 0.006795 0.121963
v -0.038539 0.017971 0.001031
v -0.038453 -0.013996 0.002884
v -0.038453 0.013996 0.002884
v -0.038430 0.000000 0.120751
v -0.038389 -0.010286 0.119743
v -0.038389 0.010286 0.119743
v -0.038293 -0.013938 0.118430
v -0.038293 0.013938 0.118430
v -0.038277 -0.013932 0.120733
v -0.038284 -0.003349 0.120751
v -0.038284 0.003349 0.120751
v -0.038277 0.013932 0.120733
v -0.038058 -0.013852 0.000000
v -0.038058 -0.013852 0.002800
v -0.038058 0.013852 0.000000
v -0.038058 0.013852 0.002800
v -0.038037 -0.017737 0.000477
v -0.038037 0.017737 0.000477
v -0.038031 -0.017734 0.119130
v -0.038031 0.017734 0.119130
v -0.037846 -0.006673 0.120751
v -0.037846 0.006673 0.120751
v -0.037797 -0.010128 0.121963
v -0.037797 0.010128 0.121963
v -0.037702 -0.017581 0.003900
v -0.037702 -0.017581 0.115260
v -0.037702 0.017581 0.003900
v -0.037702 0.017581 0.115260
v -0.037627 -0.017546 0.003479
v -0.037627 0.017546 0.003479
v -0.037507 -0.017490 0.116901
v -0.037507 0.017490 0.116901
v -0.037406 -0.017443 0.000122
v -0.037410 -0.017445 0.003122
v -0.037406 0.017443 0.000122
v -0.037410 0.017445 0.003122
v -0.037346 -0.013593 0.119743
v -0.037346 0.013593 0.119743
v -0.037263 0.000000 0.122736
v -0.037239 -0.021500 0.002500
v -0.037239 -0.021500 0.115260
v -0.037239 0.021500 0.002500
v -0.037239 0.021500 0.115260
v -0.037133 -0.021439 0.001727
v -0.037133 0.021439 0.001727
v -0.037121 -0.009946 0.120751
v -0.037121 -0.003248 0.122736
v -0.037121 0.003248 0.122736
v -0.037121 0.009946 0.120751
v -0.037087 -0.017294 0.002884
v -0.037087 0.017294 0.002884
v -0.037011 -0.021368 0.117263
v -0.037011 0.021368 0.117263
v -0.036933 -0.017222 0.118430
v -0.036933 0.017222 0.118430
v -0.036917 -0.017215 0.120733
v -0.036917 0.017215 0.120733
v -0.036901 0.000000 0.121384
v -0.036826 -0.021261 0.001031
v -0.036826 0.021261 0.001031
v -0.036770 -0.013383 0.121963
v -0.036770 0.013383 0.121963
v -0.036760 -0.003216 0.121384
v -0.036760 0.003216 0.121384
v -0.036705 -0.017116 0.000000
v -0.036705 -0.017116 0.002800
v -0.036705 0.017116 0.000000
v -0.036705 0.017116 0.002800
v -0.036697 -0.006471 0.122736
v -0.036697 0.006471 0.122736
v -0.036347 -0.020985 0.000477
v -0.036347 0.020985 0.000477
v -0.036341 -0.020982 0.119130
v -0.036340 -0.006408 0.121384
v -0.036340 0.006408 0.121384
v -0.036341 0.020982 0.119130
v -0.036112 -0.013144 0.120751
v -0.036112 0.013144 0.120751
v -0.036027 -0.020800 0.003900
v -0.036027 -0.020800 0.115260
v -0.036027 0.020800 0.003900
v -0.036027 0.020800 0.115260
v -0.036019 -0.016796 0.119743
v -0.036019 0.016796 0.119743
v -0.035994 -0.009644 0.122736
v -0.035994 0.009644 0.122736
v -0.035954 -0.020758 0.003479
v -0.035954 0.020758 0.003479
v -0.035840 -0.020692 0.116901
v -0.035840 0.020692 0.116901
v -0.035748 -0.020639 0.003122
v -0.035748 0.020639 0.003122
v -0.035743 -0.020636 0.000122
v -0.035743 0.020636 0.000122
v -0.035644 -0.009551 0.121384
v -0.035644 0.009551 0.121384
v -0.035464 -0.016537 0.121963
v -0.035464 0.016537 0.121963
v -0.035439 -0.020460 0.002884
v -0.035439 0.020460 0.002884
v -0.035291 -0.020375 0.118430
v -0.035291 0.020375 0.118430
v -0.035276 -0.020367 0.120733
v -0.035276 0.020367 0.120733
v -0.035260 0.000000 0.123000
v -0.035260 0.000000 0.131400
v -0.035224 -0.024664 0.002500
v -0.035224 -0.024664 0.115260
v -0.035224 0.024664 0.002500
v -0.035224 0.024664 0.115260
v -0.035126 -0.003073 0.123000
v -0.035126 -0.003073 0.131400
v -0.035126 0.003073 0.123000
v -0.035126 0.003073 0.131400
v -0.035123 -0.024594 0.001727
v -0.035123 0.024594 0.001727
v -0.035074 -0.020250 0.000000
v -0.035074 -0.020250 0.002800
v -0.035074 0.020250 0.000000
v -0.035074 0.020250 0.002800
v -0.035016 -0.012745 0.122736
v -0.035016 0.012745 0.122736
v -0.035007 -0.024513 0.117263
v -0.035007 0.024513 0.117263
v -0.034832 -0.024390 0.001031
v -0.034829 -0.016241 0.120751
v -0.034829 0.016241 0.120751
v -0.034832 0.024390 0.001031
v -0.034724 -0.006123 0.123000
v -0.034724 -0.006123 0.131400
v -0.034724 0.006123 0.123000
v -0.034724 0.006123 0.131400
v -0.034676 -0.012621 0.121384
v -0.034676 0.012621 0.121384
v -0.034660 0.000000 0.132000
v -0.034528 -0.003021 0.132000
v -0.034528 0.003021 0.132000
v -0.034418 -0.019872 0.119743
v -0.034418 0.019872 0.119743
v -0.034379 -0.024073 0.000477
v -0.034379 0.024073 0.000477
v -0.034374 -0.024069 0.119130
v -0.034374 0.024069 0.119130
v -0.034133 -0.006019 0.132000
v -0.034133 0.006019 0.132000
v -0.034077 -0.023861 0.003900
v -0.034077 -0.023861 0.115260
v -0.034077 0.023861 0.003900
v -0.034077 0.023861 0.115260
v -0.034059 -0.009126 0.123000
v -0.034059 -0.009126 0.131400
v -0.034059 0.009126 0.123000
v -0.034059 0.009126 0.131400
v -0.034008 -0.023813 0.003479
v -0.034008 0.023813 0.003479
v -0.033900 -0.023737 0.116901
v -0.033900 0.023737 0.116901
v -0.033888 -0.019565 0.121963
v -0.033888 0.019565 0.121963
v -0.033860 0.000000 0.123000
v -0.033860 0.000000 0.132000
v -0.033813 -0.023676 0.003122
v -0.033808 -0.023673 0.000122
v -0.033808 0.023673 0.000122
v -0.033813 0.023676 0.003122
v -0.033772 -0.015748 0.122736
v -0.033772 0.015748 0.122736
v -0.033731 -0.002951 0.123000
v -0.033731 -0.002951 0.132000
v -0.033731 0.002951 0.123000
v -0.033731 0.002951 0.132000
v -0.033520 -0.023471 0.002884
v -0.033520 0.023471 0.002884
v -0.033479 -0.008971 0.132000
v -0.033479 0.008971 0.132000
v -0.033444 -0.015595 0.121384
v -0.033444 0.015595 0.121384
v -0.033381 -0.023374 0.118430
v -0.033381 0.023374 0.118430
v -0.033367 -0.023363 0.120733
v -0.033367 0.023363 0.120733
v -0.033346 -0.005880 0.123000
v -0.033346 -0.005880 0.132000
v -0.033346 0.005880 0.123000
v -0.033346 0.005880 0.132000
v -0.033281 -0.019215 0.120751
v -0.033281 0.019215 0.120751
v -0.033176 -0.023230 0.000000
v -0.033176 -0.023230 0.002800
v -0.033176 0.023230 0.000000
v -0.033176 0.023230 0.002800
v -0.033134 -0.012060 0.123000
v -0.033134 -0.012060 0.131400
v -0.033134 0.012060 0.123000
v -0.033134 0.012060 0.131400
v -0.032940 -0.027640 0.002500
v -0.032940 -0.027640 0.115260
v -0.032940 0.027640 0.002500
v -0.032940 0.027640 0.115260
v -0.032846 -0.027561 0.001727
v -0.032846 0.027561 0.001727
v -0.032738 -0.027470 0.117263
v -0.032738 0.027470 0.117263
v -0.032706 -0.008764 0.123000
v -0.032706 -0.008764 0.132000
v -0.032706 0.008764 0.123000
v -0.032706 0.008764 0.132000
v -0.032574 -0.027333 0.001031
v -0.032570 -0.011854 0.132000
v -0.032570 0.011854 0.132000
v -0.032574 0.027333 0.001031
v -0.032556 -0.022796 0.119743
v -0.032556 0.022796 0.119743
v -0.032271 -0.018632 0.122736
v -0.032271 0.018632 0.122736
v -0.032150 -0.026977 0.000477
v -0.032146 -0.026973 0.119130
v -0.032146 0.026973 0.119130
v -0.032150 0.026977 0.000477
v -0.032053 -0.022444 0.121963
v -0.032053 0.022444 0.121963
v -0.031957 -0.018450 0.121384
v -0.031956 -0.014902 0.123000
v -0.031956 -0.014902 0.131400
v -0.031956 0.014902 0.123000
v -0.031956 0.014902 0.131400
v -0.031957 0.018450 0.121384
v -0.031867 -0.026740 0.003900
v -0.031867 -0.026740 0.115260
v -0.031867 0.026740 0.003900
v -0.031867 0.026740 0.115260
v -0.031818 -0.011581 0.123000
v -0.031818 -0.011581 0.132000
v -0.031818 0.011581 0.123000
v -0.031818 0.011581 0.132000
v -0.031803 -0.026686 0.003479
v -0.031803 0.026686 0.003479
v -0.031702 -0.026601 0.116901
v -0.031702 0.026601 0.116901
v -0.031617 -0.026529 0.000122
v -0.031621 -0.026533 0.003122
v -0.031617 0.026529 0.000122
v -0.031621 0.026533 0.003122
v -0.031480 -0.022043 0.120751
v -0.031480 0.022043 0.120751
v -0.031413 -0.014648 0.132000
v -0.031413 0.014648 0.132000
v -0.031347 -0.026303 0.002884
v -0.031347 0.026303 0.002884
v -0.031217 -0.026194 0.118430
v -0.031217 0.026194 0.118430
v -0.031203 -0.026183 0.120733
v -0.031203 0.026183 0.120733
v -0.031025 -0.026033 0.000000
v -0.031025 -0.026033 0.002800
v -0.031025 0.026033 0.000000
v -0.031025 0.026033 0.002800
v -0.030688 -0.014310 0.123000
v -0.030688 -0.014310 0.132000
v -0.030688 0.014310 0.123000
v -0.030688 0.014310 0.132000
v -0.030536 -0.017630 0.123000
v -0.030536 -0.017630 0.131400
v -0.030536 0.017630 0.123000
v -0.030536 0.017630 0.131400
v -0.030524 -0.021373 0.122736
v -0.030524 0.021373 0.122736
v -0.030445 -0.025546 0.119743
v -0.030445 0.025546 0.119743
v -0.030406 -0.030406 0.002500
v -0.030406 -0.030406 0.115260
v -0.030406 0.030406 0.002500
v -0.030406 0.030406 0.115260
v -0.030319 -0.030319 0.001727
v -0.030319 0.030319 0.001727
v -0.030227 -0.021165 0.121384
v -0.030227 0.021165 0.121384
v -0.030219 -0.030219 0.117263
v -0.030219 0.030219 0.117263
v -0.030068 -0.030068 0.001031
v -0.030068 0.030068 0.001031
v -0.030016 -0.017330 0.132000
v -0.030016 0.017330 0.132000
v -0.029975 -0.025152 0.121963
v -0.029975 0.025152 0.121963
v -0.029677 -0.029677 0.000477
v -0.029677 0.029677 0.000477
v -0.029672 -0.029672 0.119130
v -0.029672 0.029672 0.119130
v -0.029439 -0.024702 0.120751
v -0.029439 0.024702 0.120751
v -0.029416 -0.029416 0.003900
v -0.029416 -0.029416 0.115260
v -0.029416 0.029416 0.003900
v -0.029416 0.029416 0.115260
v -0.029356 -0.029356 0.003479
v -0.029356 0.029356 0.003479
v -0.029324 -0.016930 0.123000
v -0.029324 -0.016930 0.132000
v -0.029324 0.016930 0.123000
v -0.029324 0.016930 0.132000
v -0.029263 -0.029263 0.116901
v -0.029263 0.029263 0.116901
v -0.029188 -0.029188 0.003122
v -0.029188 0.029188 0.003122
v -0.029184 -0.029184 0.000122
v -0.029184 0.029184 0.000122
v -0.028935 -0.028935 0.002884
v -0.028935 0.028935 0.002884
v -0.028883 -0.020224 0.123000
v -0.028883 -0.020224 0.131400
v -0.028883 0.020224 0.123000
v -0.028883 0.020224 0.131400
v -0.028815 -0.028815 0.118430
v -0.028815 0.028815 0.118430
v -0.028803 -0.028803 0.120733
v -0.028803 0.028803 0.120733
v -0.028638 -0.028638 0.000000
v -0.028638 -0.028638 0.002800
v -0.028638 0.028638 0.000000
v -0.028638 0.028638 0.002800
v -0.028545 -0.023952 0.122736
v -0.028545 0.023952 0.122736
v -0.028392 -0.019880 0.132000
v -0.028392 0.019880 0.132000
v -0.028268 -0.023719 0.121384
v -0.028268 0.023719 0.121384
v -0.028103 -0.028103 0.119743
v -0.028103 0.028103 0.119743
v -0.027736 -0.019421 0.123000
v -0.027736 -0.019421 0.132000
v -0.027736 0.019421 0.123000
v -0.027736 0.019421 0.132000
v -0.027669 -0.027669 0.121963
v -0.027669 0.027669 0.121963
v -0.027640 -0.032940 0.002500
v -0.027640 -0.032940 0.115260
v -0.027640 0.032940 0.002500
v -0.027640 0.032940 0.115260
v -0.027561 -0.032846 0.001727
v -0.027561 0.032846 0.001727
v -0.027470 -0.032738 0.117263
v -0.027470 0.032738 0.117263
v -0.027333 -0.032574 0.001031
v -0.027333 0.032574 0.001031
v -0.027174 -0.027174 0.120751
v -0.027174 0.027174 0.120751
v -0.027011 -0.022665 0.123000
v -0.027011 -0.022665 0.131400
v -0.027011 0.022665 0.123000
v -0.027011 0.022665 0.131400
v -0.026977 -0.032150 0.000477
v -0.026977 0.032150 0.000477
v -0.026973 -0.032146 0.119130
v -0.026973 0.032146 0.119130
v -0.026740 -0.031867 0.003900
v -0.026740 -0.031867 0.115260
v -0.026740 0.031867 0.003900
v -0.026740 0.031867 0.115260
v -0.026686 -0.031803 0.003479
v -0.026686 0.031803 0.003479
v -0.026601 -0.031702 0.116901
v -0.026601 0.031702 0.116901
v -0.026551 -0.022279 0.132000
v -0.026551 0.022279 0.132000
v -0.026529 -0.031617 0.000122
v -0.026533 -0.031621 0.003122
v -0.026529 0.031617 0.000122
v -0.026533 0.031621 0.003122
v -0.026349 -0.026349 0.122736
v -0.026349 0.026349 0.122736
v -0.026303 -0.031347 0.002884
v -0.026303 0.031347 0.002884
v -0.026194 -0.031217 0.118430
v -0.026194 0.031217 0.118430
v -0.026183 -0.031203 0.120733
v -0.026183 0.031203 0.120733
v -0.026093 -0.026093 0.121384
v -0.026093 0.026093 0.121384
v -0.026033 -0.031025 0.000000
v -0.026033 -0.031025 0.002800
v -0.026033 0.031025 0.000000
v -0.026033 0.031025 0.002800
v -0.025938 -0.021765 0.123000
v -0.025938 -0.021765 0.132000
v -0.025938 0.021765 0.123000
v -0.025938 0.021765 0.132000
v -0.025546 -0.030445 0.119743
v -0.025546 0.030445 0.119743
v -0.025152 -0.029975 0.121963
v -0.025152 0.029975 0.121963
v -0.024933 -0.024933 0.123000
v -0.024933 -0.024933 0.131400
v -0.024933 0.024933 0.123000
v -0.024933 0.024933 0.131400
v -0.024702 -0.029439 0.120751
v -0.024702 0.029439 0.120751
v -0.024664 -0.035224 0.002500
v -0.024664 -0.035224 0.115260
v -0.024664 0.035224 0.002500
v -0.024664 0.035224 0.115260
v -0.024594 -0.035123 0.001727
v -0.024594 0.035123 0.001727
v -0.024513 -0.035007 0.117263
v -0.024508 -0.024508 0.132000
v -0.024508 0.024508 0.132000
v -0.024513 0.035007 0.117263
v -0.024390 -0.034832 0.001031
v -0.024390 0.034832 0.001031
v -0.024073 -0.034379 0.000477
v -0.024069 -0.034374 0.119130
v -0.024069 0.034374 0.119130
v -0.024073 0.034379 0.000477
v -0.023952 -0.028545 0.122736
v -0.023952 0.028545 0.122736
v -0.023943 -0.023943 0.123000
v -0.023943 -0.023943 0.132000
v -0.023943 0.023943 0.123000
v -0.023943 0.023943 0.132000
v -0.023861 -0.034077 0.003900
v -0.023861 -0.034077 0.115260
v -0.023861 0.034077 0.003900
v -0.023861 0.034077 0.115260
v -0.023813 -0.034008 0.003479
v -0.023813 0.034008 0.003479
v -0.023737 -0.033900 0.116901
v -0.023737 0.033900 0.116901
v -0.023719 -0.028268 0.121384
v -0.023719 0.028268 0.121384
v -0.023676 -0.033813 0.003122
v -0.023676 0.033813 0.003122
v -0.023673 -0.033808 0.000122
v -0.023673 0.033808 0.000122
v -0.023471 -0.033520 0.002884
v -0.023471 0.033520 0.002884
v -0.023374 -0.033381 0.118430
v -0.023374 0.033381 0.118430
v -0.023363 -0.033367 0.120733
v -0.023363 0.033367 0.120733
v -0.023230 -0.033176 0.000000
v -0.023230 -0.033176 0.002800
v -0.023230 0.033176 0.000000
v -0.023230 0.033176 0.002800
v -0.022796 -0.032556 0.119743
v -0.022796 0.032556 0.119743
v -0.022665 -0.027011 0.123000
v -0.022665 -0.027011 0.131400
v -0.022665 0.027011 0.123000
v -0.022665 0.027011 0.131400
v -0.022444 -0.032053 0.121963
v -0.022444 0.032053 0.121963
v -0.022279 -0.026551 0.132000
v -0.022279 0.026551 0.132000
v -0.022043 -0.031480 0.120751
v -0.022043 0.031480 0.120751
v -0.021765 -0.025938 0.123000
v -0.021765 -0.025938 0.132000
v -0.021765 0.025938 0.123000
v -0.021765 0.025938 0.132000
v -0.021500 -0.037239 0.002500
v -0.021500 -0.037239 0.115260
v -0.021500 0.037239 0.002500
v -0.021500 0.037239 0.115260
v -0.021439 -0.037133 0.001727
v -0.021439 0.037133 0.001727
v -0.021368 -0.037011 0.117263
v -0.021373 -0.030524 0.122736
v -0.021373 0.030524 0.122736
v -0.021368 0.037011 0.117263
v -0.021261 -0.036826 0.001031
v -0.021261 0.036826 0.001031
v -0.021165 -0.030227 0.121384
v -0.021165 0.030227 0.121384
v -0.020985 -0.036347 0.000477
v -0.020982 -0.036341 0.119130
v -0.020982 0.036341 0.119130
v -0.020985 0.036347 0.000477
v -0.020800 -0.036027 0.003900
v -0.020800 -0.036027 0.115260
v -0.020800 0.036027 0.003900
v -0.020800 0.036027 0.115260
v -0.020758 -0.035954 0.003479
v -0.020758 0.035954 0.003479
v -0.020692 -0.035840 0.116901
v -0.020692 0.035840 0.116901
v -0.020639 -0.035748 0.003122
v -0.020636 -0.035743 0.000122
v -0.020636 0.035743 0.000122
v -0.020639 0.035748 0.003122
v -0.020460 -0.035439 0.002884
v -0.020460 0.035439 0.002884
v -0.020375 -0.035291 0.118430
v -0.020375 0.035291 0.118430
v -0.020367 -0.035276 0.120733
v -0.020367 0.035276 0.120733
v -0.020250 -0.035074 0.000000
v -0.020250 -0.035074 0.002800
v -0.020250 0.035074 0.000000
v -0.020250 0.035074 0.002800
v -0.020224 -0.028883 0.123000
v -0.020224 -0.028883 0.131400
v -0.020224 0.028883 0.123000
v -0.020224 0.028883 0.131400
v -0.019880 -0.028392 0.132000
v -0.019880 0.028392 0.132000
v -0.019872 -0.034418 0.119743
v -0.019872 0.034418 0.119743
v -0.019565 -0.033888 0.121963
v -0.019565 0.033888 0.121963
v -0.019421 -0.027736 0.123000
v -0.019421 -0.027736 0.132000
v -0.019421 0.027736 0.123000
v -0.019421 0.027736 0.132000
v -0.019215 -0.033281 0.120751
v -0.019215 0.033281 0.120751
v -0.018632 -0.032271 0.122736
v -0.018632 0.032271 0.122736
v -0.018450 -0.031957 0.121384
v -0.018450 0.031957 0.121384
v -0.018173 -0.038971 0.002500
v -0.018173 -0.038971 0.115260
v -0.018173 0.038971 0.002500
v -0.018173 0.038971 0.115260
v -0.018121 -0.038860 0.001727
v -0.018121 0.038860 0.001727
v -0.018061 -0.038732 0.117263
v -0.018061 0.038732 0.117263
v -0.017971 -0.038539 0.001031
v -0.017971 0.038539 0.001031
v -0.017737 -0.038037 0.000477
v -0.017737 0.038037 0.000477
v -0.017734 -0.038031 0.119130
v -0.017734 0.038031 0.119130
v -0.017630 -0.030536 0.123000
v -0.017630 -0.030536 0.131400
v -0.017630 0.030536 0.123000
v -0.017630 0.030536 0.131400
v -0.017581 -0.037702 0.003900
v -0.017581 -0.037702 0.115260
v -0.017581 0.037702 0.003900
v -0.017581 0.037702 0.115260
v -0.017546 -0.037627 0.003479
v -0.017546 0.037627 0.003479
v -0.017490 -0.037507 0.116901
v -0.017490 0.037507 0.116901
v -0.017443 -0.037406 0.000122
v -0.017445 -0.037410 0.003122
v -0.017443 0.037406 0.000122
v -0.017445 0.037410 0.003122
v -0.017330 -0.030016 0.132000
v -0.017330 0.030016 0.132000
v -0.017294 -0.037087 0.002884
v -0.017294 0.037087 0.002884
v -0.017222 -0.036933 0.118430
v -0.017222 0.036933 0.118430
v -0.017215 -0.036917 0.120733
v -0.017215 0.036917 0.120733
v -0.017116 -0.036705 0.000000
v -0.017116 -0.036705 0.002800
v -0.017116 0.036705 0.000000
v -0.017116 0.036705 0.002800
v -0.016930 -0.029324 0.123000
v -0.016930 -0.029324 0.132000
v -0.016930 0.029324 0.123000
v -0.016930 0.029324 0.132000
v -0.016796 -0.036019 0.119743
v -0.016796 0.036019 0.119743
v -0.016537 -0.035464 0.121963
v -0.016537 0.035464 0.121963
v -0.016241 -0.034829 0.120751
v -0.016241 0.034829 0.120751
v -0.015748 -0.033772 0.122736
v -0.015748 0.033772 0.122736
v -0.015595 -0.033444 0.121384
v -0.015595 0.033444 0.121384
v -0.014902 -0.031956 0.123000
v -0.014902 -0.031956 0.131400
v -0.014902 0.031956 0.123000
v -0.014902 0.031956 0.131400
v -0.014707 -0.040407 0.002500
v -0.014707 -0.040407 0.115260
v -0.014707 0.040407 0.002500
v -0.014707 0.040407 0.115260
v -0.014665 -0.040292 0.001727
v -0.014665 0.040292 0.001727
v -0.014648 -0.031413 0.132000
v -0.014648 0.031413 0.132000
v -0.014617 -0.040159 0.117263
v -0.014617 0.040159 0.117263
v -0.014544 -0.039958 0.001031
v -0.014544 0.039958 0.001031
v -0.014354 -0.039438 0.000477
v -0.014352 -0.039432 0.119130
v -0.014352 0.039432 0.119130
v -0.014354 0.039438 0.000477
v -0.014310 -0.030688 0.123000
v -0.014310 -0.030688 0.132000
v -0.014310 0.030688 0.123000
v -0.014310 0.030688 0.132000
v -0.014228 -0.039091 0.003900
v -0.014228 -0.039091 0.115260
v -0.014228 0.039091 0.003900
v -0.014228 0.039091 0.115260
v -0.014199 -0.039013 0.003479
v -0.014199 0.039013 0.003479
v -0.014154 -0.038888 0.116901
v -0.014154 0.038888 0.116901
v -0.014118 -0.038788 0.003122
v -0.014116 -0.038784 0.000122
v -0.014116 0.038784 0.000122
v -0.014118 0.038788 0.003122
v -0.013996 -0.038453 0.002884
v -0.013996 0.038453 0.002884
v -0.013938 -0.038293 0.118430
v -0.013938 0.038293 0.118430
v -0.013932 -0.038277 0.120733
v -0.013932 0.038277 0.120733
v -0.013852 -0.038058 0.000000
v -0.013852 -0.038058 0.002800
v -0.013852 0.038058 0.000000
v -0.013852 0.038058 0.002800
v -0.013593 -0.037346 0.119743
v -0.013593 0.037346 0.119743
v -0.013383 -0.036770 0.121963
v -0.013383 0.036770 0.121963
v -0.013144 -0.036112 0.120751
v -0.013144 0.036112 0.120751
v -0.012745 -0.035016 0.122736
v -0.012745 0.035016 0.122736
v -0.012621 -0.034676 0.121384
v -0.012621 0.034676 0.121384
v -0.012060 -0.033134 0.123000
v -0.012060 -0.033134 0.131400
v -0.012060 0.033134 0.123000
v -0.012060 0.033134 0.131400
v -0.011854 -0.032570 0.132000
v -0.011854 0.032570 0.132000
v -0.011581 -0.031818 0.123000
v -0.011581 -0.031818 0.132000
v -0.011581 0.031818 0.123000
v -0.011581 0.031818 0.132000
v -0.011129 -0.041535 0.002500
v -0.011129 -0.041535 0.115260
v -0.011129 0.041535 0.002500
v -0.011129 0.041535 0.115260
v -0.011098 -0.041417 0.001727
v -0.011098 0.041417 0.001727
v -0.011061 -0.041280 0.117263
v -0.011061 0.041280 0.117263
v -0.011006 -0.041074 0.001031
v -0.011006 0.041074 0.001031
v -0.010862 -0.040539 0.000477
v -0.010861 -0.040533 0.119130
v -0.010861 0.040533 0.119130
v -0.010862 0.040539 0.000477
v -0.010767 -0.040183 0.003900
v -0.010767 -0.040183 0.115260
v -0.010767 0.040183 0.003900
v -0.010767 0.040183 0.115260
v -0.010745 -0.040102 0.003479
v -0.010745 0.040102 0.003479
v -0.010711 -0.039974 0.116901
v -0.010711 0.039974 0.116901
v -0.010682 -0.039866 0.000122
v -0.010683 -0.039871 0.003122
v -0.010682 0.039866 0.000122
v -0.010683 0.039871 0.003122
v -0.010591 -0.039527 0.002884
v -0.010591 0.039527 0.002884
v -0.010547 -0.039362 0.118430
v -0.010547 0.039362 0.118430
v -0.010542 -0.039345 0.120733
v -0.010542 0.039345 0.120733
v -0.010482 -0.039120 0.000000
v -0.010482 -0.039120 0.002800
v -0.010482 0.039120 0.000000
v -0.010482 0.039120 0.002800
v -0.010286 -0.038389 0.119743
v -0.010286 0.038389 0.119743
v -0.010128 -0.037797 0.121963
v -0.010128 0.037797 0.121963
v -0.009946 -0.037121 0.120751
v -0.009946 0.037121 0.120751
v -0.009644 -0.035994 0.122736
v -0.009644 0.035994 0.122736
v -0.009551 -0.035644 0.121384
v -0.009551 0.035644 0.121384
v -0.009126 -0.034059 0.123000
v -0.009126 -0.034059 0.131400
v -0.009126 0.034059 0.123000
v -0.009126 0.034059 0.131400
v -0.008971 -0.033479 0.132000
v -0.008971 0.033479 0.132000
v -0.008764 -0.032706 0.123000
v -0.008764 -0.032706 0.132000
v -0.008764 0.032706 0.123000
v -0.008764 0.032706 0.132000
v -0.007467 -0.042347 0.002500
v -0.007467 -0.042347 0.115260
v -0.007467 0.042347 0.002500
v -0.007467 0.042347 0.115260
v -0.007446 -0.042226 0.001727
v -0.007446 0.042226 0.001727
v -0.007421 -0.042087 0.117263
v -0.007421 0.042087 0.117263
v -0.007384 -0.041877 0.001031
v -0.007384 0.041877 0.001031
v -0.007288 -0.041332 0.000477
v -0.007287 -0.041326 0.119130
v -0.007288 0.041332 0.000477
v -0.007287 0.041326 0.119130
v -0.007224 -0.040968 0.003900
v -0.007224 -0.040968 0.115260
v -0.007224 0.040968 0.003900
v -0.007224 0.040968 0.115260
v -0.007209 -0.040886 0.003479
v -0.007209 0.040886 0.003479
v -0.007186 -0.040755 0.116901
v -0.007186 0.040755 0.116901
v -0.007167 -0.040646 0.000122
v -0.007168 -0.040651 0.003122
v -0.007167 0.040646 0.000122
v -0.007168 0.040651 0.003122
v -0.007106 -0.040299 0.002884
v -0.007106 0.040299 0.002884
v -0.007076 -0.040132 0.118430
v -0.007076 0.040132 0.118430
v -0.007073 -0.040114 0.120733
v -0.007073 0.040114 0.120733
v -0.007033 -0.039885 0.000000
v -0.007033 -0.039885 0.002800
v -0.007033 0.039885 0.000000
v -0.007033 0.039885 0.002800
v -0.006901 -0.039139 0.119743
v -0.006901 0.039139 0.119743
v -0.006795 -0.038536 0.121963
v -0.006795 0.038536 0.121963
v -0.006673 -0.037846 0.120751
v -0.006673 0.037846 0.120751
v -0.006471 -0.036697 0.122736
v -0.006471 0.036697 0.122736
v -0.006408 -0.036340 0.121384
v -0.006408 0.036340 0.121384
v -0.006123 -0.034724 0.123000
v -0.006123 -0.034724 0.131400
v -0.006123 0.034724 0.123000
v -0.006123 0.034724 0.131400
v -0.006019 -0.034133 0.132000
v -0.006019 0.034133 0.132000
v -0.005880 -0.033346 0.123000
v -0.005880 -0.033346 0.132000
v -0.005880 0.033346 0.123000
v -0.005880 0.033346 0.132000
v -0.003748 -0.042836 0.002500
v -0.003748 -0.042836 0.115260
v -0.003748 0.042836 0.002500
v -0.003748 0.042836 0.115260
v -0.003737 -0.042714 0.001727
v -0.003737 0.042714 0.001727
v -0.003725 -0.042574 0.117263
v -0.003725 0.042574 0.117263
v -0.003706 -0.042361 0.001031
v -0.003706 0.042361 0.001031
v -0.003658 -0.041810 0.000477
v -0.003657 -0.041803 0.119130
v -0.003657 0.041803 0.119130
v -0.003658 0.041810 0.000477
v -0.003626 -0.041442 0.003900
v -0.003626 -0.041442 0.115260
v -0.003626 0.041442 0.003900
v -0.003626 0.041442 0.115260
v -0.003618 -0.041358 0.003479
v -0.003618 0.041358 0.003479
v -0.003607 -0.041226 0.116901
v -0.003607 0.041226 0.116901
v -0.003597 -0.041115 0.000122
v -0.003598 -0.041121 0.003122
v -0.003597 0.041115 0.000122
v -0.003598 0.041121 0.003122
v -0.003566 -0.040765 0.002884
v -0.003566 0.040765 0.002884
v -0.003552 -0.040596 0.118430
v -0.003550 -0.040578 0.120733
v -0.003550 0.040578 0.120733
v -0.003552 0.040596 0.118430
v -0.003530 -0.040346 0.000000
v -0.003530 -0.040346 0.002800
v -0.003530 0.040346 0.000000
v -0.003530 0.040346 0.002800
v -0.003464 -0.039592 0.119743
v -0.003464 0.039592 0.119743
v -0.003410 -0.038981 0.121963
v -0.003410 0.038981 0.121963
v -0.003349 -0.038284 0.120751
v -0.003349 0.038284 0.120751
v -0.003248 -0.037121 0.122736
v -0.003248 0.037121 0.122736
v -0.003216 -0.036760 0.121384
v -0.003216 0.036760 0.121384
v -0.003073 -0.035126 0.123000
v -0.003073 -0.035126 0.131400
v -0.003073 0.035126 0.123000
v -0.003073 0.035126 0.131400
v -0.003021 -0.034528 0.132000
v -0.003021 0.034528 0.132000
v -0.002951 -0.033731 0.123000
v -0.002951 -0.033731 0.132000
v -0.002951 0.033731 0.123000
v -0.002951 0.033731 0.132000
v -0.000000 -0.043000 0.002500
v -0.000000 -0.043000 0.115260
v -0.000000 -0.042878 0.001727
v -0.000000 -0.042736 0.117263
v -0.000000 -0.042523 0.001031
v -0.000000 -0.041969 0.000477
v -0.000000 -0.041963 0.119130
v -0.000000 -0.041600 0.003900
v -0.000000 -0.041600 0.115260
v -0.000000 -0.041516 0.003479
v -0.000000 -0.041384 0.116901
v -0.000000 -0.041278 0.003122
v -0.000000 -0.041273 0.000122
v -0.000000 -0.040921 0.002884
v -0.000000 -0.040751 0.118430
v -0.000000 -0.040733 0.120733
v -0.000000 -0.040500 0.000000
v -0.000000 -0.040500 0.002800
v -0.000000 -0.039743 0.119743
v -0.000000 -0.039130 0.121963
v -0.000000 -0.038430 0.120751
v -0.000000 -0.037263 0.122736
v -0.000000 -0.036901 0.121384
v -0.000000 -0.035260 0.123000
v -0.000000 -0.035260 0.131400
v -0.000000 -0.034660 0.132000
v -0.000000 -0.033860 0.123000
v -0.000000 -0.033860 0.132000
v 0.000000 0.000000 0.000000
v 0.000000 0.000000 0.001400
v 0.000000 0.033860 0.123000
v 0.000000 0.033860 0.132000
v 0.000000 0.034660 0.132000
v 0.000000 0.035260 0.123000
v 0.000000 0.035260 0.131400
v 0.000000 0.036901 0.121384
v 0.000000 0.037263 0.122736
v 0.000000 0.038430 0.120751
v 0.000000 0.039130 0.121963
v 0.000000 0.039743 0.119743
v 0.000000 0.040500 0.000000
v 0.000000 0.040500 0.002800
v 0.000000 0.040733 0.120733
v 0.000000 0.040751 0.118430
v 0.000000 0.040921 0.002884
v 0.000000 0.041273 0.000122
v 0.000000 0.041278 0.003122
v 0.000000 0.041384 0.116901
v 0.000000 0.041516 0.003479
v 0.000000 0.041600 0.003900
v 0.000000 0.041600 0.115260
v 0.000000 0.041963 0.119130
v 0.000000 0.041969 0.000477
v 0.000000 0.042523 0.001031
v 0.000000 0.042736 0.117263
v 0.000000 0.042878 0.001727
v 0.000000 0.043000 0.002500
v 0.000000 0.043000 0.115260
v 0.002951 -0.033731 0.123000
v 0.002951 -0.033731 0.132000
v 0.002951 0.033731 0.123000
v 0.002951 0.033731 0.132000
v 0.003021 -0.034528 0.132000
v 0.003021 0.034528 0.132000
v 0.003073 -0.035126 0.123000
v 0.003073 -0.035126 0.131400
v 0.003073 0.035126 0.123000
v 0.003073 0.035126 0.131400
v 0.003216 -0.036760 0.121384
v 0.003216 0.036760 0.121384
v 0.003248 -0.037121 0.122736
v 0.003248 0.037121 0.122736
v 0.003349 -0.038284 0.120751
v 0.003349 0.038284 0.120751
v 0.003410 -0.038981 0.121963
v 0.003410 0.038981 0.121963
v 0.003464 -0.039592 0.119743
v 0.003464 0.039592 0.119743
v 0.003530 -0.040346 0.000000
v 0.003530 -0.040346 0.002800
v 0.003530 0.040346 0.000000
v 0.003530 0.040346 0.002800
v 0.003552 -0.040596 0.118430
v 0.003550 -0.040578 0.120733
v 0.003550 0.040578 0.120733
v 0.003552 0.040596 0.118430
v 0.003566 -0.040765 0.002884
v 0.003566 0.040765 0.002884
v 0.003597 -0.041115 0.000122
v 0.003598 -0.041121 0.003122
v 0.003597 0.041115 0.000122
v 0.003598 0.041121 0.003122
v 0.003607 -0.041226 0.116901
v 0.003607 0.041226 0.116901
v 0.003618 -0.041358 0.003479
v 0.003618 0.041358 0.003479
v 0.003626 -0.041442 0.003900
v 0.003626 -0.041442 0.115260
v 0.003626 0.041442 0.003900
v 0.003626 0.041442 0.115260
v 0.003658 -0.041810 0.000477
v 0.003657 -0.041803 0.119130
v 0.003657 0.041803 0.119130
v 0.003658 0.041810 0.000477
v 0.003706 -0.042361 0.001031
v 0.003706 0.042361 0.001031
v 0.003725 -0.042574 0.117263
v 0.003725 0.042574 0.117263
v 0.003737 -0.042714 0.001727
v 0.003737 0.042714 0.001727
v 0.003748 -0.042836 0.002500
v 0.003748 -0.042836 0.115260
v 0.003748 0.042836 0.002500
v 0.003748 0.042836 0.115260
v 0.005880 -0.033346 0.123000
v 0.005880 -0.033346 0.132000
v 0.005880 0.033346 0.123000
v 0.005880 0.033346 0.132000
v 0.006019 -0.034133 0.132000
v 0.006019 0.034133 0.132000
v 0.006123 -0.034724 0.123000
v 0.006123 -0.034724 0.131400
v 0.006123 0.034724 0.123000
v 0.006123 0.034724 0.131400
v 0.006408 -0.036340 0.121384
v 0.006408 0.036340 0.121384
v 0.006471 -0.036697 0.122736
v 0.006471 0.036697 0.122736
v 0.006673 -0.037846 0.120751
v 0.006673 0.037846 0.120751
v 0.006795 -0.038536 0.121963
v 0.006795 0.038536 0.121963
v 0.006901 -0.039139 0.119743
v 0.006901 0.039139 0.119743
v 0.007033 -0.039885 0.000000
v 0.007033 -0.039885 0.002800
v 0.007033 0.039885 0.000000
v 0.007033 0.039885 0.002800
v 0.007073 -0.040114 0.120733
v 0.007073 0.040114 0.120733
v 0.007076 -0.040132 0.118430
v 0.007076 0.040132 0.118430
v 0.007106 -0.040299 0.002884
v 0.007106 0.040299 0.002884
v 0.007167 -0.040646 0.000122
v 0.007168 -0.040651 0.003122
v 0.007167 0.040646 0.000122
v 0.007168 0.040651 0.003122
v 0.007186 -0.040755 0.116901
v 0.007186 0.040755 0.116901
v 0.007209 -0.040886 0.003479
v 0.007209 0.040886 0.003479
v 0.007224 -0.040968 0.003900
v 0.007224 -0.040968 0.115260
v 0.007224 0.040968 0.003900
v 0.007224 0.040968 0.115260
v 0.007288 -0.041332 0.000477
v 0.007287 -0.041326 0.119130
v 0.007288 0.041332 0.000477
v 0.007287 0.041326 0.119130
v 0.007384 -0.041877 0.001031
v 0.007384 0.041877 0.001031
v 0.007421 -0.042087 0.117263
v 0.007421 0.042087 0.117263
v 0.007446 -0.042226 0.001727
v 0.007446 0.042226 0.001727
v 0.007467 -0.042347 0.002500
v 0.007467 -0.042347 0.115260
v 0.007467 0.042347 0.002500
v 0.007467 0.042347 0.115260
v 0.008764 -0.032706 0.123000
v 0.008764 -0.032706 0.132000
v 0.008764 0.032706 0.123000
v 0.008764 0.032706 0.132000
v 0.008971 -0.033479 0.132000
v 0.008971 0.033479 0.132000
v 0.009126 -0.034059 0.123000
v 0.009126 -0.034059 0.131400
v 0.009126 0.034059 0.123000
v 0.009126 0.034059 0.131400
v 0.009551 -0.035644 0.121384
v 0.009551 0.035644 0.121384
v 0.009644 -0.035994 0.122736
v 0.009644 0.035994 0.122736
v 0.009946 -0.037121 0.120751
v 0.009946 0.037121 0.120751
v 0.010128 -0.037797 0.121963
v 0.010128 0.037797 0.121963
v 0.010286 -0.038389 0.119743
v 0.010286 0.038389 0.119743
v 0.010482 -0.039120 0.000000
v 0.010482 -0.039120 0.002800
v 0.010482 0.039120 0.000000
v 0.010482 0.039120 0.002800
v 0.010542 -0.039345 0.120733
v 0.010542 0.039345 0.120733
v 0.010547 -0.039362 0.118430
v 0.010547 0.039362 0.118430
v 0.010591 -0.039527 0.002884
v 0.010591 0.039527 0.002884
v 0.010682 -0.039866 0.000122
v 0.010683 -0.039871 0.003122
v 0.010682 0.039866 0.000122
v 0.010683 0.039871 0.003122
v 0.010711 -0.039974 0.116901
v 0.010711 0.039974 0.116901
v 0.010745 -0.040102 0.003479
v 0.010745 0.040102 0.003479
v 0.010767 -0.040183 0.003900
v 0.010767 -0.040183 0.115260
v 0.010767 0.040183 0.003900
v 0.010767 0.040183 0.115260
v 0.010862 -0.040539 0.000477
v 0.010861 -0.040533 0.119130
v 0.010861 0.040533 0.119130
v 0.010862 0.040539 0.000477
v 0.011006 -0.041074 0.001031
v 0.011006 0.041074 0.001031
v 0.011061 -0.041280 0.117263
v 0.011061 0.041280 0.117263
v 0.011098 -0.041417 0.001727
v 0.011098 0.041417 0.001727
v 0.011129 -0.041535 0.002500
v 0.011129 -0.041535 0.115260
v 0.011129 0.041535 0.002500
v 0.011129 0.041535 0.115260
v 0.011581 -0.031818 0.123000
v 0.011581 -0.031818 0.132000
v 0.011581 0.031818 0.123000
v 0.011581 0.031818 0.132000
v 0.011854 -0.032570 0.132000
v 0.011854 0.032570 0.132000
v 0.012060 -0.033134 0.123000
v 0.012060 -0.033134 0.131400
v 0.012060 0.033134 0.123000
v 0.012060 0.033134 0.131400
v 0.012621 -0.034676 0.121384
v 0.012621 0.034676 0.121384
v 0.012745 -0.035016 0.122736
v 0.012745 0.035016 0.122736
v 0.013144 -0.036112 0.120751
v 0.013144 0.036112 0.120751
v 0.013383 -0.036770 0.121963
v 0.013383 0.036770 0.121963
v 0.013593 -0.037346 0.119743
v 0.013593 0.037346 0.119743
v 0.013852 -0.038058 0.000000
v 0.013852 -0.038058 0.002800
v 0.013852 0.038058 0.000000
v 0.013852 0.038058 0.002800
v 0.013932 -0.038277 0.120733
v 0.013932 0.038277 0.120733
v 0.013938 -0.038293 0.118430
v 0.013938 0.038293 0.118430
v 0.013996 -0.038453 0.002884
v 0.013996 0.038453 0.002884
v 0.014118 -0.038788 0.003122
v 0.014116 -0.038784 0.000122
v 0.014116 0.038784 0.000122
v 0.014118 0.038788 0.003122
v 0.014154 -0.038888 0.116901
v 0.014154 0.038888 0.116901
v 0.014199 -0.039013 0.003479
v 0.014199 0.039013 0.003479
v 0.014228 -0.039091 0.003900
v 0.014228 -0.039091 0.115260
v 0.014228 0.039091 0.003900
v 0.014228 0.039091 0.115260
v 0.014310 -0.030688 0.123000
v 0.014310 -0.030688 0.132000
v 0.014310 0.030688 0.123000
v 0.014310 0.030688 0.132000
v 0.014354 -0.039438 0.000477
v 0.014352 -0.039432 0.119130
v 0.014352 0.039432 0.119130
v 0.014354 0.039438 0.000477
v 0.014544 -0.039958 0.001031
v 0.014544 0.039958 0.001031
v 0.014617 -0.040159 0.117263
v 0.014617 0.040159 0.117263
v 0.014648 -0.031413 0.132000
v 0.014648 0.031413 0.132000
v 0.014665 -0.040292 0.001727
v 0.014665 0.040292 0.001727
v 0.014707 -0.040407 0.002500
v 0.014707 -0.040407 0.115260
v 0.014707 0.040407 0.002500
v 0.014707 0.040407 0.115260
v 0.014902 -0.031956 0.123000
v 0.014902 -0.031956 0.131400
v 0.014902 0.031956 0.123000
v 0.014902 0.031956 0.131400
v 0.015595 -0.033444 0.121384
v 0.015595 0.033444 0.121384
v 0.015748 -0.033772 0.122736
v 0.015748 0.033772 0.122736
v 0.016241 -0.034829 0.120751
v 0.016241 0.034829 0.120751
v 0.016537 -0.035464 0.121963
v 0.016537 0.035464 0.121963
v 0.016796 -0.036019 0.119743
v 0.016796 0.036019 0.119743
v 0.016930 -0.029324 0.123000
v 0.016930 -0.029324 0.132000
v 0.016930 0.029324 0.123000
v 0.016930 0.029324 0.132000
v 0.017116 -0.036705 0.000000
v 0.017116 -0.036705 0.002800
v 0.017116 0.036705 0.000000
v 0.017116 0.036705 0.002800
v 0.017215 -0.036917 0.120733
v 0.017215 0.036917 0.120733
v 0.017222 -0.036933 0.118430
v 0.017222 0.036933 0.118430
v 0.017294 -0.037087 0.002884
v 0.017294 0.037087 0.002884
v 0.017330 -0.030016 0.132000
v 0.017330 0.030016 0.132000
v 0.017443 -0.037406 0.000122
v 0.017445 -0.037410 0.003122
v 0.017443 0.037406 0.000122
v 0.017445 0.037410 0.003122
v 0.017490 -0.037507 0.116901
v 0.017490 0.037507 0.116901
v 0.017546 -0.037627 0.003479
v 0.017546 0.037627 0.003479
v 0.017581 -0.037702 0.003900
v 0.017581 -0.037702 0.115260
v 0.017581 0.037702 0.003900
v 0.017581 0.037702 0.115260
v 0.017630 -0.030536 0.123000
v 0.017630 -0.030536 0.131400
v 0.017630 0.030536 0.123000
v 0.017630 0.030536 0.131400
v 0.017734 -0.038031 0.119130
v 0.017734 0.038031 0.119130
v 0.017737 -0.038037 0.000477
v 0.017737 0.038037 0.000477
v 0.017971 -0.038539 0.001031
v 0.017971 0.038539 0.001031
v 0.018061 -0.038732 0.117263
v 0.018061 0.038732 0.117263
v 0.018121 -0.038860 0.001727
v 0.018121 0.038860 0.001727
v 0.018173 -0.038971 0.002500
v 0.018173 -0.038971 0.115260
v 0.018173 0.038971 0.002500
v 0.018173 0.038971 0.115260
v 0.018450 -0.031957 0.121384
v 0.018450 0.031957 0.121384
v 0.018632 -0.032271 0.122736
v 0.018632 0.032271 0.122736
v 0.019215 -0.033281 0.120751
v 0.019215 0.033281 0.120751
v 0.019421 -0.027736 0.123000
v 0.019421 -0.027736 0.132000
v 0.019421 0.027736 0.123000
v 0.019421 0.027736 0.132000
v 0.019565 -0.033888 0.121963
v 0.019565 0.033888 0.121963
v 0.019872 -0.034418 0.119743
v 0.019872 0.034418 0.119743
v 0.019880 -0.028392 0.132000
v 0.019880 0.028392 0.132000
v 0.020224 -0.028883 0.123000
v 0.020224 -0.028883 0.131400
v 0.020224 0.028883 0.123000
v 0.020224 0.028883 0.131400
v 0.020250 -0.035074 0.000000
v 0.020250 -0.035074 0.002800
v 0.020250 0.035074 0.000000
v 0.020250 0.035074 0.002800
v 0.020367 -0.035276 0.120733
v 0.020367 0.035276 0.120733
v 0.020375 -0.035291 0.118430
v 0.020375 0.035291 0.118430
v 0.020460 -0.035439 0.002884
v 0.020460 0.035439 0.002884
v 0.020639 -0.035748 0.003122
v 0.020636 -0.035743 0.000122
v 0.020636 0.035743 0.000122
v 0.020639 0.035748 0.003122
v 0.020692 -0.035840 0.116901
v 0.020692 0.035840 0.116901
v 0.020758 -0.035954 0.003479
v 0.020758 0.035954 0.003479
v 0.020800 -0.036027 0.003900
v 0.020800 -0.036027 0.115260
v 0.020800 0.036027 0.003900
v 0.020800 0.036027 0.115260
v 0.020985 -0.036347 0.000477
v 0.020982 -0.036341 0.119130
v 0.020982 0.036341 0.119130
v 0.020985 0.036347 0.000477
v 0.021165 -0.030227 0.121384
v 0.021165 0.030227 0.121384
v 0.021261 -0.036826 0.001031
v 0.021261 0.036826 0.001031
v 0.021368 -0.037011 0.117263
v 0.021373 -0.030524 0.122736
v 0.021373 0.030524 0.122736
v 0.021368 0.037011 0.117263
v 0.021439 -0.037133 0.001727
v 0.021439 0.037133 0.001727
v 0.021500 -0.037239 0.002500
v 0.021500 -0.037239 0.115260
v 0.021500 0.037239 0.002500
v 0.021500 0.037239 0.115260
v 0.021765 -0.025938 0.123000
v 0.021765 -0.025938 0.132000
v 0.021765 0.025938 0.123000
v 0.021765 0.025938 0.132000
v 0.022043 -0.031480 0.120751
v 0.022043 0.031480 0.120751
v 0.022279 -0.026551 0.132000
v 0.022279 0.026551 0.132000
v 0.022444 -0.032053 0.121963
v 0.022444 0.032053 0.121963
v 0.022665 -0.027011 0.123000
v 0.022665 -0.027011 0.131400
v 0.022665 0.027011 0.123000
v 0.022665 0.027011 0.131400
v 0.022796 -0.032556 0.119743
v 0.022796 0.032556 0.119743
v 0.023230 -0.033176 0.000000
v 0.023230 -0.033176 0.002800
v 0.023230 0.033176 0.000000
v 0.023230 0.033176 0.002800
v 0.023363 -0.033367 0.120733
v 0.023363 0.033367 0.120733
v 0.023374 -0.033381 0.118430
v 0.023374 0.033381 0.118430
v 0.023471 -0.033520 0.002884
v 0.023471 0.033520 0.002884
v 0.023673 -0.033808 0.000122
v 0.023673 0.033808 0.000122
v 0.023676 -0.033813 0.003122
v 0.023676 0.033813 0.003122
v 0.023719 -0.028268 0.121384
v 0.023719 0.028268 0.121384
v 0.023737 -0.033900 0.116901
v 0.023737 0.033900 0.116901
v 0.023813 -0.034008 0.003479
v 0.023813 0.034008 0.003479
v 0.023861 -0.034077 0.003900
v 0.023861 -0.034077 0.115260
v 0.023861 0.034077 0.003900
v 0.023861 0.034077 0.115260
v 0.023943 -0.023943 0.123000
v 0.023943 -0.023943 0.132000
v 0.023943 0.023943 0.123000
v 0.023943 0.023943 0.132000
v 0.023952 -0.028545 0.122736
v 0.023952 0.028545 0.122736
v 0.024073 -0.034379 0.000477
v 0.024069 -0.034374 0.119130
v 0.024069 0.034374 0.119130
v 0.024073 0.034379 0.000477
v 0.024390 -0.034832 0.001031
v 0.024390 0.034832 0.001031
v 0.024513 -0.035007 0.117263
v 0.024508 -0.024508 0.132000
v 0.024508 0.024508 0.132000
v 0.024513 0.035007 0.117263
v 0.024594 -0.035123 0.001727
v 0.024594 0.035123 0.001727
v 0.024664 -0.035224 0.002500
v 0.024664 -0.035224 0.115260
v 0.024664 0.035224 0.002500
v 0.024664 0.035224 0.115260
v 0.024702 -0.029439 0.120751
v 0.024702 0.029439 0.120751
v 0.024933 -0.024933 0.123000
v 0.024933 -0.024933 0.131400
v 0.024933 0.024933 0.123000
v 0.024933 0.024933 0.131400
v 0.025152 -0.029975 0.121963
v 0.025152 0.029975 0.121963
v 0.025546 -0.030445 0.119743
v 0.025546 0.030445 0.119743
v 0.025938 -0.021765 0.123000
v 0.025938 -0.021765 0.132000
v 0.025938 0.021765 0.123000
v 0.025938 0.021765 0.132000
v 0.026033 -0.031025 0.000000
v 0.026033 -0.031025 0.002800
v 0.026033 0.031025 0.000000
v 0.026033 0.031025 0.002800
v 0.026093 -0.026093 0.121384
v 0.026093 0.026093 0.121384
v 0.026183 -0.031203 0.120733
v 0.026183 0.031203 0.120733
v 0.026194 -0.031217 0.118430
v 0.026194 0.031217 0.118430
v 0.026303 -0.031347 0.002884
v 0.026303 0.031347 0.002884
v 0.026349 -0.026349 0.122736
v 0.026349 0.026349 0.122736
v 0.026529 -0.031617 0.000122
v 0.026533 -0.031621 0.003122
v 0.026529 0.031617 0.000122
v 0.026533 0.031621 0.003122
v 0.026551 -0.022279 0.132000
v 0.026551 0.022279 0.132000
v 0.026601 -0.031702 0.116901
v 0.026601 0.031702 0.116901
v 0.026686 -0.031803 0.003479
v 0.026686 0.031803 0.003479
v 0.026740 -0.031867 0.003900
v 0.026740 -0.031867 0.115260
v 0.026740 0.031867 0.003900
v 0.026740 0.031867 0.115260
v 0.026973 -0.032146 0.119130
v 0.026973 0.032146 0.119130
v 0.026977 -0.032150 0.000477
v 0.026977 0.032150 0.000477
v 0.027011 -0.022665 0.123000
v 0.027011 -0.022665 0.131400
v 0.027011 0.022665 0.123000
v 0.027011 0.022665 0.131400
v 0.027174 -0.027174 0.120751
v 0.027174 0.027174 0.120751
v 0.027333 -0.032574 0.001031
v 0.027333 0.032574 0.001031
v 0.027470 -0.032738 0.117263
v 0.027470 0.032738 0.117263
v 0.027561 -0.032846 0.001727
v 0.027561 0.032846 0.001727
v 0.027640 -0.032940 0.002500
v 0.027640 -0.032940 0.115260
v 0.027640 0.032940 0.002500
v 0.027640 0.032940 0.115260
v 0.027669 -0.027669 0.121963
v 0.027669 0.027669 0.121963
v 0.027736 -0.019421 0.123000
v 0.027736 -0.019421 0.132000
v 0.027736 0.019421 0.123000
v 0.027736 0.019421 0.132000
v 0.028103 -0.028103 0.119743
v 0.028103 0.028103 0.119743
v 0.028268 -0.023719 0.121384
v 0.028268 0.023719 0.121384
v 0.028392 -0.019880 0.132000
v 0.028392 0.019880 0.132000
v 0.028545 -0.023952 0.122736
v 0.028545 0.023952 0.122736
v 0.028638 -0.028638 0.000000
v 0.028638 -0.028638 0.002800
v 0.028638 0.028638 0.000000
v 0.028638 0.028638 0.002800
v 0.028803 -0.028803 0.120733
v 0.028803 0.028803 0.120733
v 0.028815 -0.028815 0.118430
v 0.028815 0.028815 0.118430
v 0.028883 -0.020224 0.123000
v 0.028883 -0.020224 0.131400
v 0.028883 0.020224 0.123000
v 0.028883 0.020224 0.131400
v 0.028935 -0.028935 0.002884
v 0.028935 0.028935 0.002884
v 0.029184 -0.029184 0.000122
v 0.029184 0.029184 0.000122
v 0.029188 -0.029188 0.003122
v 0.029188 0.029188 0.003122
v 0.029263 -0.029263 0.116901
v 0.029263 0.029263 0.116901
v 0.029324 -0.016930 0.123000
v 0.029324 -0.016930 0.132000
v 0.029324 0.016930 0.123000
v 0.029324 0.016930 0.132000
v 0.029356 -0.029356 0.003479
v 0.029356 0.029356 0.003479
v 0.029416 -0.029416 0.003900
v 0.029416 -0.029416 0.115260
v 0.029416 0.029416 0.003900
v 0.029416 0.029416 0.115260
v 0.029439 -0.024702 0.120751
v 0.029439 0.024702 0.120751
v 0.029672 -0.029672 0.119130
v 0.029672 0.029672 0.119130
v 0.029677 -0.029677 0.000477
v 0.029677 0.029677 0.000477
v 0.029975 -0.025152 0.121963
v 0.029975 0.025152 0.121963
v 0.030016 -0.017330 0.132000
v 0.030016 0.017330 0.132000
v 0.030068 -0.030068 0.001031
v 0.030068 0.030068 0.001031
v 0.030219 -0.030219 0.117263
v 0.030219 0.030219 0.117263
v 0.030227 -0.021165 0.121384
v 0.030227 0.021165 0.121384
v 0.030319 -0.030319 0.001727
v 0.030319 0.030319 0.001727
v 0.030406 -0.030406 0.002500
v 0.030406 -0.030406 0.115260
v 0.030406 0.030406 0.002500
v 0.030406 0.030406 0.115260
v 0.030445 -0.025546 0.119743
v 0.030445 0.025546 0.119743
v 0.030524 -0.021373 0.122736
v 0.030524 0.021373 0.122736
v 0.030536 -0.017630 0.123000
v 0.030536 -0.017630 0.131400
v 0.030536 0.017630 0.123000
v 0.030536 0.017630 0.131400
v 0.030688 -0.014310 0.123000
v 0.030688 -0.014310 0.132000
v 0.030688 0.014310 0.123000
v 0.030688 0.014310 0.132000
v 0.031025 -0.026033 0.000000
v 0.031025 -0.026033 0.002800
v 0.031025 0.026033 0.000000
v 0.031025 0.026033 0.002800
v 0.031203 -0.026183 0.120733
v 0.031203 0.026183 0.120733
v 0.031217 -0.026194 0.118430
v 0.031217 0.026194 0.118430
v 0.031347 -0.026303 0.002884
v 0.031347 0.026303 0.002884
v 0.031413 -0.014648 0.132000
v 0.031413 0.014648 0.132000
v 0.031480 -0.022043 0.120751
v 0.031480 0.022043 0.120751
v 0.031617 -0.026529 0.000122
v 0.031621 -0.026533 0.003122
v 0.031617 0.026529 0.000122
v 0.031621 0.026533 0.003122
v 0.031702 -0.026601 0.116901
v 0.031702 0.026601 0.116901
v 0.031803 -0.026686 0.003479
v 0.031803 0.026686 0.003479
v 0.031818 -0.011581 0.123000
v 0.031818 -0.011581 0.132000
v 0.031818 0.011581 0.123000
v 0.031818 0.011581 0.132000
v 0.031867 -0.026740 0.003900
v 0.031867 -0.026740 0.115260
v 0.031867 0.026740 0.003900
v 0.031867 0.026740 0.115260
v 0.031957 -0.018450 0.121384
v 0.031956 -0.014902 0.123000
v 0.031956 -0.014902 0.131400
v 0.031956 0.014902 0.123000
v 0.031956 0.014902 0.131400
v 0.031957 0.018450 0.121384
v 0.032053 -0.022444 0.121963
v 0.032053 0.022444 0.121963
v 0.032150 -0.026977 0.000477
v 0.032146 -0.026973 0.119130
v 0.032146 0.026973 0.119130
v 0.032150 0.026977 0.000477
v 0.032271 -0.018632 0.122736
v 0.032271 0.018632 0.122736
v 0.032556 -0.022796 0.119743
v 0.032556 0.022796 0.119743
v 0.032574 -0.027333 0.001031
v 0.032570 -0.011854 0.132000
v 0.032570 0.011854 0.132000
v 0.032574 0.027333 0.001031
v 0.032706 -0.008764 0.123000
v 0.032706 -0.008764 0.132000
v 0.032706 0.008764 0.123000
v 0.032706 0.008764 0.132000
v 0.032738 -0.027470 0.117263
v 0.032738 0.027470 0.117263
v 0.032846 -0.027561 0.001727
v 0.032846 0.027561 0.001727
v 0.032940 -0.027640 0.002500
v 0.032940 -0.027640 0.115260
v 0.032940 0.027640 0.002500
v 0.032940 0.027640 0.115260
v 0.033134 -0.012060 0.123000
v 0.033134 -0.012060 0.131400
v 0.033134 0.012060 0.123000
v 0.033134 0.012060 0.131400
v 0.033176 -0.023230 0.000000
v 0.033176 -0.023230 0.002800
v 0.033176 0.023230 0.000000
v 0.033176 0.023230 0.002800
v 0.033281 -0.019215 0.120751
v 0.033281 0.019215 0.120751
v 0.033346 -0.005880 0.123000
v 0.033346 -0.005880 0.132000
v 0.033346 0.005880 0.123000
v 0.033346 0.005880 0.132000
v 0.033367 -0.023363 0.120733
v 0.033367 0.023363 0.120733
v 0.033381 -0.023374 0.118430
v 0.033381 0.023374 0.118430
v 0.033444 -0.015595 0.121384
v 0.033444 0.015595 0.121384
v 0.033479 -0.008971 0.132000
v 0.033479 0.008971 0.132000
v 0.033520 -0.023471 0.002884
v 0.033520 0.023471 0.002884
v 0.033731 -0.002951 0.123000
v 0.033731 -0.002951 0.132000
v 0.033731 0.002951 0.123000
v 0.033731 0.002951 0.132000
v 0.033772 -0.015748 0.122736
v 0.033772 0.015748 0.122736
v 0.033813 -0.023676 0.003122
v 0.033808 -0.023673 0.000122
v 0.033808 0.023673 0.000122
v 0.033813 0.023676 0.003122
v 0.033860 0.000000 0.123000
v 0.033860 0.000000 0.132000
v 0.033888 -0.019565 0.121963
v 0.033888 0.019565 0.121963
v 0.033900 -0.023737 0.116901
v 0.033900 0.023737 0.116901
v 0.034008 -0.023813 0.003479
v 0.034008 0.023813 0.003479
v 0.034059 -0.009126 0.123000
v 0.034059 -0.009126 0.131400
v 0.034059 0.009126 0.123000
v 0.034059 0.009126 0.131400
v 0.034077 -0.023861 0.003900
v 0.034077 -0.023861 0.115260
v 0.034077 0.023861 0.003900
v 0.034077 0.023861 0.115260
v 0.034133 -0.006019 0.132000
v 0.034133 0.006019 0.132000
v 0.034374 -0.024069 0.119130
v 0.034374 0.024069 0.119130
v 0.034379 -0.024073 0.000477
v 0.034379 0.024073 0.000477
v 0.034418 -0.019872 0.119743
v 0.034418 0.019872 0.119743
v 0.034528 -0.003021 0.132000
v 0.034528 0.003021 0.132000
v 0.034660 0.000000 0.132000
v 0.034676 -0.012621 0.121384
v 0.034676 0.012621 0.121384
v 0.034724 -0.006123 0.123000
v 0.034724 -0.006123 0.131400
v 0.034724 0.006123 0.123000
v 0.034724 0.006123 0.131400
v 0.034832 -0.024390 0.001031
v 0.034829 -0.016241 0.120751
v 0.034829 0.016241 0.120751
v 0.034832 0.024390 0.001031
v 0.035007 -0.024513 0.117263
v 0.035007 0.024513 0.117263
v 0.035016 -0.012745 0.122736
v 0.035016 0.012745 0.122736
v 0.035074 -0.020250 0.000000
v 0.035074 -0.020250 0.002800
v 0.035074 0.020250 0.000000
v 0.035074 0.020250 0.002800
v 0.035123 -0.024594 0.001727
v 0.035123 0.024594 0.001727
v 0.035126 -0.003073 0.123000
v 0.035126 -0.003073 0.131400
v 0.035126 0.003073 0.123000
v 0.035126 0.003073 0.131400
v 0.035224 -0.024664 0.002500
v 0.035224 -0.024664 0.115260
v 0.035224 0.024664 0.002500
v 0.035224 0.024664 0.115260
v 0.035260 0.000000 0.123000
v 0.035260 0.000000 0.131400
v 0.035276 -0.020367 0.120733
v 0.035276 0.020367 0.120733
v 0.035291 -0.020375 0.118430
v 0.035291 0.020375 0.118430
v 0.035439 -0.020460 0.002884
v 0.035439 0.020460 0.002884
v 0.035464 -0.016537 0.121963
v 0.035464 0.016537 0.121963
v 0.035644 -0.009551 0.121384
v 0.035644 0.009551 0.121384
v 0.035743 -0.020636 0.000122
v 0.035743 0.020636 0.000122
v 0.035748 -0.020639 0.003122
v 0.035748 0.020639 0.003122
v 0.035840 -0.020692 0.116901
v 0.035840 0.020692 0.116901
v 0.035954 -0.020758 0.003479
v 0.035954 0.020758 0.003479
v 0.035994 -0.009644 0.122736
v 0.035994 0.009644 0.122736
v 0.036019 -0.016796 0.119743
v 0.036019 0.016796 0.119743
v 0.036027 -0.020800 0.003900
v 0.036027 -0.020800 0.115260
v 0.036027 0.020800 0.003900
v 0.036027 0.020800 0.115260
v 0.036112 -0.013144 0.120751
v 0.036112 0.013144 0.120751
v 0.036341 -0.020982 0.119130
v 0.036340 -0.006408 0.121384
v 0.036340 0.006408 0.121384
v 0.036341 0.020982 0.119130
v 0.036347 -0.020985 0.000477
v 0.036347 0.020985 0.000477
v 0.036697 -0.006471 0.122736
v 0.036697 0.006471 0.122736
v 0.036705 -0.017116 0.000000
v 0.036705 -0.017116 0.002800
v 0.036705 0.017116 0.000000
v 0.036705 0.017116 0.002800
v 0.036760 -0.003216 0.121384
v 0.036760 0.003216 0.121384
v 0.036770 -0.013383 0.121963
v 0.036770 0.013383 0.121963
v 0.036826 -0.021261 0.001031
v 0.036826 0.021261 0.001031
v 0.036901 0.000000 0.121384
v 0.036917 -0.017215 0.120733
v 0.036917 0.017215 0.120733
v 0.036933 -0.017222 0.118430
v 0.036933 0.017222 0.118430
v 0.037011 -0.021368 0.117263
v 0.037011 0.021368 0.117263
v 0.037087 -0.017294 0.002884
v 0.037087 0.017294 0.002884
v 0.037121 -0.009946 0.120751
v 0.037121 -0.003248 0.122736
v 0.037121 0.003248 0.122736
v 0.037121 0.009946 0.120751
v 0.037133 -0.021439 0.001727
v 0.037133 0.021439 0.001727
v 0.037239 -0.021500 0.002500
v 0.037239 -0.021500 0.115260
v 0.037239 0.021500 0.002500
v 0.037239 0.021500 0.115260
v 0.037263 0.000000 0.122736
v 0.037346 -0.013593 0.119743
v 0.037346 0.013593 0.119743
v 0.037406 -0.017443 0.000122
v 0.037410 -0.017445 0.003122
v 0.037406 0.017443 0.000122
v 0.037410 0.017445 0.003122
v 0.037507 -0.017490 0.116901
v 0.037507 0.017490 0.116901
v 0.037627 -0.017546 0.003479
v 0.037627 0.017546 0.003479
v 0.037702 -0.017581 0.003900
v 0.037702 -0.017581 0.115260
v 0.037702 0.017581 0.003900
v 0.037702 0.017581 0.115260
v 0.037797 -0.010128 0.121963
v 0.037797 0.010128 0.121963
v 0.037846 -0.006673 0.120751
v 0.037846 0.006673 0.120751
v 0.038031 -0.017734 0.119130
v 0.038031 0.017734 0.119130
v 0.038037 -0.017737 0.000477
v 0.038037 0.017737 0.000477
v 0.038058 -0.013852 0.000000
v 0.038058 -0.013852 0.002800
v 0.038058 0.013852 0.000000
v 0.038058 0.013852 0.002800
v 0.038277 -0.013932 0.120733
v 0.038284 -0.003349 0.120751
v 0.038284 0.003349 0.120751
v 0.038277 0.013932 0.120733
v 0.038293 -0.013938 0.118430
v 0.038293 0.013938 0.118430
v 0.038389 -0.010286 0.119743
v 0.038389 0.010286 0.119743
v 0.038430 0.000000 0.120751
v 0.038453 -0.013996 0.002884
v 0.038453 0.013996 0.002884
v 0.038539 -0.017971 0.001031
v 0.038536 -0.006795 0.121963
v 0.038536 0.006795 0.121963
v 0.038539 0.017971 0.001031
v 0.038732 -0.018061 0.117263
v 0.038732 0.018061 0.117263
v 0.038784 -0.014116 0.000122
v 0.038784 0.014116 0.000122
v 0.038788 -0.014118 0.003122
v 0.038788 0.014118 0.003122
v 0.038860 -0.018121 0.001727
v 0.038860 0.018121 0.001727
v 0.038888 -0.014154 0.116901
v 0.038888 0.014154 0.116901
v 0.038971 -0.018173 0.002500
v 0.038971 -0.018173 0.115260
v 0.038971 0.018173 0.002500
v 0.038971 0.018173 0.115260
v 0.038981 -0.003410 0.121963
v 0.038981 0.003410 0.121963
v 0.039013 -0.014199 0.003479
v 0.039013 0.014199 0.003479
v 0.039091 -0.014228 0.003900
v 0.039091 -0.014228 0.115260
v 0.039091 0.014228 0.003900
v 0.039091 0.014228 0.115260
v 0.039120 -0.010482 0.000000
v 0.039120 -0.010482 0.002800
v 0.039120 0.010482 0.000000
v 0.039120 0.010482 0.002800
v 0.039130 0.000000 0.121963
v 0.039139 -0.006901 0.119743
v 0.039139 0.006901 0.119743
v 0.039345 -0.010542 0.120733
v 0.039345 0.010542 0.120733
v 0.039362 -0.010547 0.118430
v 0.039362 0.010547 0.118430
v 0.039432 -0.014352 0.119130
v 0.039432 0.014352 0.119130
v 0.039438 -0.014354 0.000477
v 0.039438 0.014354 0.000477
v 0.039527 -0.010591 0.002884
v 0.039527 0.010591 0.002884
v 0.039592 -0.003464 0.119743
v 0.039592 0.003464 0.119743
v 0.039743 0.000000 0.119743
v 0.039866 -0.010682 0.000122
v 0.039871 -0.010683 0.003122
v 0.039866 0.010682 0.000122
v 0.039871 0.010683 0.003122
v 0.039885 -0.007033 0.000000
v 0.039885 -0.007033 0.002800
v 0.039885 0.007033 0.000000
v 0.039885 0.007033 0.002800
v 0.039958 -0.014544 0.001031
v 0.039958 0.014544 0.001031
v 0.039974 -0.010711 0.116901
v 0.039974 0.010711 0.116901
v 0.040102 -0.010745 0.003479
v 0.040102 0.010745 0.003479
v 0.040114 -0.007073 0.120733
v 0.040114 0.007073 0.120733
v 0.040132 -0.007076 0.118430
v 0.040132 0.007076 0.118430
v 0.040159 -0.014617 0.117263
v 0.040159 0.014617 0.117263
v 0.040183 -0.010767 0.003900
v 0.040183 -0.010767 0.115260
v 0.040183 0.010767 0.003900
v 0.040183 0.010767 0.115260
v 0.040292 -0.014665 0.001727
v 0.040292 0.014665 0.001727
v 0.040299 -0.007106 0.002884
v 0.040299 0.007106 0.002884
v 0.040346 -0.003530 0.000000
v 0.040346 -0.003530 0.002800
v 0.040346 0.003530 0.000000
v 0.040346 0.003530 0.002800
v 0.040407 -0.014707 0.002500
v 0.040407 -0.014707 0.115260
v 0.040407 0.014707 0.002500
v 0.040407 0.014707 0.115260
v 0.040500 0.000000 0.000000
v 0.040500 0.000000 0.002800
v 0.040533 -0.010861 0.119130
v 0.040533 0.010861 0.119130
v 0.040539 -0.010862 0.000477
v 0.040539 0.010862 0.000477
v 0.040578 -0.003550 0.120733
v 0.040578 0.003550 0.120733
v 0.040596 -0.003552 0.118430
v 0.040596 0.003552 0.118430
v 0.040646 -0.007167 0.000122
v 0.040651 -0.007168 0.003122
v 0.040646 0.007167 0.000122
v 0.040651 0.007168 0.003122
v 0.040733 0.000000 0.120733
v 0.040751 0.000000 0.118430
v 0.040755 -0.007186 0.116901
v 0.040755 0.007186 0.116901
v 0.040765 -0.003566 0.002884
v 0.040765 0.003566 0.002884
v 0.040886 -0.007209 0.003479
v 0.040886 0.007209 0.003479
v 0.040921 0.000000 0.002884
v 0.040968 -0.007224 0.003900
v 0.040968 -0.007224 0.115260
v 0.040968 0.007224 0.003900
v 0.040968 0.007224 0.115260
v 0.041074 -0.011006 0.001031
v 0.041074 0.011006 0.001031
v 0.041115 -0.003597 0.000122
v 0.041121 -0.003598 0.003122
v 0.041115 0.003597 0.000122
v 0.041121 0.003598 0.003122
v 0.041226 -0.003607 0.116901
v 0.041226 0.003607 0.116901
v 0.041273 0.000000 0.000122
v 0.041280 -0.011061 0.117263
v 0.041278 0.000000 0.003122
v 0.041280 0.011061 0.117263
v 0.041332 -0.007288 0.000477
v 0.041326 -0.007287 0.119130
v 0.041332 0.007288 0.000477
v 0.041326 0.007287 0.119130
v 0.041358 -0.003618 0.003479
v 0.041358 0.003618 0.003479
v 0.041384 0.000000 0.116901
v 0.041417 -0.011098 0.001727
v 0.041417 0.011098 0.001727
v 0.041442 -0.003626 0.003900
v 0.041442 -0.003626 0.115260
v 0.041442 0.003626 0.003900
v 0.041442 0.003626 0.115260
v 0.041516 0.000000 0.003479
v 0.041535 -0.011129 0.002500
v 0.041535 -0.011129 0.115260
v 0.041535 0.011129 0.002500
v 0.041535 0.011129 0.115260
v 0.041600 0.000000 0.003900
v 0.041600 0.000000 0.115260
v 0.041803 -0.003657 0.119130
v 0.041803 0.003657 0.119130
v 0.041810 -0.003658 0.000477
v 0.041810 0.003658 0.000477
v 0.041877 -0.007384 0.001031
v 0.041877 0.007384 0.001031
v 0.041963 0.000000 0.119130
v 0.041969 0.000000 0.000477
v 0.042087 -0.007421 0.117263
v 0.042087 0.007421 0.117263
v 0.042226 -0.007446 0.001727
v 0.042226 0.007446 0.001727
v 0.042347 -0.007467 0.002500
v 0.042347 -0.007467 0.115260
v 0.042347 0.007467 0.002500
v 0.042347 0.007467 0.115260
v 0.042361 -0.003706 0.001031
v 0.042361 0.003706 0.001031
v 0.042523 0.000000 0.001031
v 0.042574 -0.003725 0.117263
v 0.042574 0.003725 0.117263
v 0.042714 -0.003737 0.001727
v 0.042714 0.003737 0.001727
v 0.042736 0.000000 0.117263
v 0.042836 -0.003748 0.002500
v 0.042836 -0.003748 0.115260
v 0.042836 0.003748 0.002500
v 0.042836 0.003748 0.115260
v 0.042878 0.000000 0.001727
v 0.043000 0.000000 0.002500
v 0.043000 0.000000 0.115260
f 1009 1923 1929
f 1929 1923 1960
f 1929 1960 1964
f 1964 1960 1991
f 1964 1991 1995
f 1995 1991 2005
f 1995 2005 2006
f 2006 2005 2010
f 2006 2010 2016
f 2016 2010 2014
f 2016 2014 2017
f 2017 2014 2015
f 2017 2015 2018
f 2018 2015 2008
f 2018 2008 2011
f 2011 2008 1989
f 2011 1989 1994
f 1994 1989 1936
f 1994 1936 1943
f 1943 1936 1866
f 1943 1866 1877
f 1877 1866 1801
f 1877 1801 1809
f 1809 1801 1736
f 1809 1736 1742
f 1742 1736 1737
f 1742 1737 1743
f 1743 1737 1712
f 1743 1712 1713
f 1713 1712 1680
f 1713 1680 1688
f 1688 1680 1679
f 1688 1679 1687
f 1687 1679 1785
f 1687 1785 1790
f 1790 1785 1838
f 1790 1838 1844
f 1844 1838 1891
f 1844 1891 1892
f 1892 1891 1938
f 1892 1938 1944
f 1944 1938 1963
f 1944 1963 1974
f 1974 1963 1980
f 1974 1980 1987
f 1987 1980 1979
f 1987 1979 1986
f 1986 1979 1973
f 1986 1973 1981
f 1981 1973 1961
f 1981 1961 1966
f 1966 1961 1948
f 1966 1948 1951
f 1951 1948 1924
f 1951 1924 1930
f 1930 1924 1010
f 1009 1899 1923
f 1923 1899 1941
f 1923 1941 1960
f 1960 1941 1970
f 1960 1970 1991
f 1991 1970 1993
f 1991 1993 2005
f 2005 1993 1999
f 2005 1999 2010
f 2010 1999 2002
f 2010 2002 2014
f 2014 2002 2003
f 2014 2003 2015
f 2015 2003 1997
f 2015 1997 2008
f 2008 1997 1971
f 2008 1971 1989
f 1989 1971 1908
f 1989 1908 1936
f 1936 1908 1849
f 1936 1849 1866
f 1866 1849 1779
f 1866 1779 1801
f 1801 1779 1718
f 1801 1718 1736
f 1736 1718 1719
f 1736 1719 1737
f 1737 1719 1704
f 1737 1704 1712
f 1712 1704 1666
f 1712 1666 1680
f 1680 1666 1665
f 1680 1665 1679
f 1679 1665 1774
f 1679 1774 1785
f 1785 1774 1827
f 1785 1827 1838
f 1838 1827 1879
f 1838 1879 1891
f 1891 1879 1910
f 1891 1910 1938
f 1938 1910 1946
f 1938 1946 1963
f 1963 1946 1955
f 1963 1955 1980
f 1980 1955 1954
f 1980 1954 1979
f 1979 1954 1950
f 1979 1950 1973
f 1973 1950 1942
f 1973 1942 1961
f 1961 1942 1920
f 1961 1920 1948
f 1948 1920 1900
f 1948 1900 1924
f 1924 1900 1010
f 1009 1875 1899
f 1899 1875 1895
f 1899 1895 1941
f 1941 1895 1934
f 1941 1934 1970
f 1970 1934 1957
f 1970 1957 1993
f 1993 1957 1976
f 1993 1976 1999
f 1999 1976 1984
f 1999 1984 2002
f 2002 1984 1985
f 2002 1985 2003
f 2003 1985 1967
f 2003 1967 1997
f 1997 1967 1932
f 1997 1932 1971
f 1971 1932 1881
f 1971 1881 1908
f 1908 1881 1825
f 1908 1825 1849
f 1849 1825 1763
f 1849 1763 1779
f 1779 1763 1697
f 1779 1697 1718
f 1718 1697 1698
f 1718 1698 1719
f 1719 1698 1674
f 1719 1674 1704
f 1704 1674 1644
f 1704 1644 1666
f 1666 1644 1643
f 1666 1643 1665
f 1665 1643 1753
f 1665 1753 1774
f 1774 1753 1802
f 1774 1802 1827
f 1827 1802 1843
f 1827 1843 1879
f 1879 1843 1883
f 1879 1883 1910
f 1910 1883 1904
f 1910 1904 1946
f 1946 1904 1916
f 1946 1916 1955
f 1955 1916 1915
f 1955 1915 1954
f 1954 1915 1906
f 1954 1906 1950
f 1950 1906 1896
f 1950 1896 1942
f 1942 1896 1889
f 1942 1889 1920
f 1920 1889 1876
f 1920 1876 1900
f 1900 1876 1010
f 1009 1834 1875
f 1875 1834 1854
f 1875 1854 1895
f 1895 1854 1887
f 1895 1887 1934
f 1934 1887 1902
f 1934 1902 1957
f 1957 1902 1918
f 1957 1918 1976
f 1976 1918 1927
f 1976 1927 1984
f 1984 1927 1928
f 1984 1928 1985
f 1985 1928 1912
f 1985 1912 1967
f 1967 1912 1885
f 1967 1885 1932
f 1932 1885 1839
f 1932 1839 1881
f 1881 1839 1787
f 1881 1787 1825
f 1825 1787 1727
f 1825 1727 1763
f 1763 1727 1655
f 1763 1655 1697
f 1697 1655 1656
f 1697 1656 1698
f 1698 1656 1639
f 1698 1639 1674
f 1674 1639 1616
f 1674 1616 1644
f 1644 1616 1615
f 1644 1615 1643
f 1643 1615 1715
f 1643 1715 1753
f 1753 1715 1771
f 1753 1771 1802
f 1802 1771 1811
f 1802 1811 1843
f 1843 1811 1841
f 1843 1841 1883
f 1883 1841 1860
f 1883 1860 1904
f 1904 1860 1872
f 1904 1872 1916
f 1916 1872 1871
f 1916 1871 1915
f 1915 1871 1868
f 1915 1868 1906
f 1906 1868 1856
f 1906 1856 1896
f 1896 1856 1846
f 1896 1846 1889
f 1889 1846 1835
f 1889 1835 1876
f 1876 1835 1010
f 1009 1782 1834
f 1834 1782 1814
f 1834 1814 1854
f 1854 1814 1831
f 1854 1831 1887
f 1887 1831 1850
f 1887 1850 1902
f 1902 1850 1858
f 1902 1858 1918
f 1918 1858 1863
f 1918 1863 1927
f 1927 1863 1864
f 1927 1864 1928
f 1928 1864 1852
f 1928 1852 1912
f 1912 1852 1829
f 1912 1829 1885
f 1885 1829 1792
f 1885 1792 1839
f 1839 1792 1751
f 1839 1751 1787
f 1787 1751 1682
f 1787 1682 1727
f 1727 1682 1624
f 1727 1624 1655
f 1655 1624 1625
f 1655 1625 1656
f 1656 1625 1602
f 1656 1602 1639
f 1639 1602 1590
f 1639 1590 1616
f 1616 1590 1589
f 1616 1589 1615
f 1615 1589 1672
f 1615 1672 1715
f 1715 1672 1722
f 1715 1722 1771
f 1771 1722 1765
f 1771 1765 1811
f 1811 1765 1794
f 1811 1794 1841
f 1841 1794 1817
f 1841 1817 1860
f 1860 1817 1823
f 1860 1823 1872
f 1872 1823 1822
f 1872 1822 1871
f 1871 1822 1819
f 1871 1819 1868
f 1868 1819 1815
f 1868 1815 1856
f 1856 1815 1798
f 1856 1798 1846
f 1846 1798 1783
f 1846 1783 1835
f 1835 1783 1010
f 1009 1730 1782
f 1782 1730 1755
f 1782 1755 1814
f 1814 1755 1777
f 1814 1777 1831
f 1831 1777 1789
f 1831 1789 1850
f 1850 1789 1804
f 1850 1804 1858
f 1858 1804 1807
f 1858 1807 1863
f 1863 1807 1808
f 1863 1808 1864
f 1864 1808 1796
f 1864 1796 1852
f 1852 1796 1775
f 1852 1775 1829
f 1829 1775 1745
f 1829 1745 1792
f 1792 1745 1690
f 1792 1690 1751
f 1751 1690 1634
f 1751 1634 1682
f 1682 1634 1585
f 1682 1585 1624
f 1624 1585 1586
f 1624 1586 1625
f 1625 1586 1566
f 1625 1566 1602
f 1602 1566 1550
f 1602 1550 1590
f 1590 1550 1549
f 1590 1549 1589
f 1589 1549 1626
f 1589 1626 1672
f 1672 1626 1662
f 1672 1662 1722
f 1722 1662 1710
f 1722 1710 1765
f 1765 1710 1747
f 1765 1747 1794
f 1794 1747 1759
f 1794 1759 1817
f 1817 1759 1769
f 1817 1769 1823
f 1823 1769 1768
f 1823 1768 1822
f 1822 1768 1761
f 1822 1761 1819
f 1819 1761 1757
f 1819 1757 1815
f 1815 1757 1749
f 1815 1749 1798
f 1798 1749 1731
f 1798 1731 1783
f 1783 1731 1010
f 1009 1659 1730
f 1730 1659 1685
f 1730 1685 1755
f 1755 1685 1708
f 1755 1708 1777
f 1777 1708 1723
f 1777 1723 1789
f 1789 1723 1733
f 1789 1733 1804
f 1804 1733 1740
f 1804 1740 1807
f 1807 1740 1741
f 1807 1741 1808
f 1808 1741 1725
f 1808 1725 1796
f 1796 1725 1706
f 1796 1706 1775
f 1775 1706 1668
f 1775 1668 1745
f 1745 1668 1628
f 1745 1628 1690
f 1690 1628 1582
f 1690 1582 1634
f 1634 1582 1537
f 1634 1537 1585
f 1585 1537 1538
f 1585 1538 1586
f 1586 1538 1524
f 1586 1524 1566
f 1566 1524 1518
f 1566 1518 1550
f 1550 1518 1517
f 1550 1517 1549
f 1549 1517 1572
f 1549 1572 1626
f 1626 1572 1604
f 1626 1604 1662
f 1662 1604 1636
f 1662 1636 1710
f 1710 1636 1670
f 1710 1670 1747
f 1747 1670 1692
f 1747 1692 1759
f 1759 1692 1702
f 1759 1702 1769
f 1769 1702 1701
f 1769 1701 1768
f 1768 1701 1694
f 1768 1694 1761
f 1761 1694 1686
f 1761 1686 1757
f 1757 1686 1676
f 1757 1676 1749
f 1749 1676 1660
f 1749 1660 1731
f 1731 1660 1010
f 1009 1593 1659
f 1659 1593 1607
f 1659 1607 1685
f 1685 1607 1632
f 1685 1632 1708
f 1708 1632 1640
f 1708 1640 1723
f 1723 1640 1648
f 1723 1648 1733
f 1733 1648 1651
f 1733 1651 1740
f 1740 1651 1652
f 1740 1652 1741
f 1741 1652 1646
f 1741 1646 1725
f 1725 1646 1631
f 1725 1631 1706
f 1706 1631 1596
f 1706 1596 1668
f 1668 1596 1564
f 1668 1564 1628
f 1628 1564 1526
f 1628 1526 1582
f 1582 1526 1499
f 1582 1499 1537
f 1537 1499 1500
f 1537 1500 1538
f 1538 1500 1484
f 1538 1484 1524
f 1524 1484 1464
f 1524 1464 1518
f 1518 1464 1463
f 1518 1463 1517
f 1517 1463 1522
f 1517 1522 1572
f 1572 1522 1558
f 1572 1558 1604
f 1604 1558 1580
f 1604 1580 1636
f 1636 1580 1598
f 1636 1598 1670
f 1670 1598 1610
f 1670 1610 1692
f 1692 1610 1620
f 1692 1620 1702
f 1702 1620 1619
f 1702 1619 1701
f 1701 1619 1612
f 1701 1612 1694
f 1694 1612 1608
f 1694 1608 1686
f 1686 1608 1600
f 1686 1600 1676
f 1676 1600 1594
f 1676 1594 1660
f 1660 1594 1010
f 1009 1529 1593
f 1593 1529 1542
f 1593 1542 1607
f 1607 1542 1562
f 1607 1562 1632
f 1632 1562 1568
f 1632 1568 1640
f 1640 1568 1574
f 1640 1574 1648
f 1648 1574 1577
f 1648 1577 1651
f 1651 1577 1578
f 1651 1578 1652
f 1652 1578 1570
f 1652 1570 1646
f 1646 1570 1560
f 1646 1560 1631
f 1631 1560 1532
f 1631 1532 1596
f 1596 1532 1514
f 1596 1514 1564
f 1564 1514 1478
f 1564 1478 1526
f 1526 1478 1455
f 1526 1455 1499
f 1499 1455 1456
f 1499 1456 1500
f 1500 1456 1443
f 1500 1443 1484
f 1484 1443 1432
f 1484 1432 1464
f 1464 1432 1431
f 1464 1431 1463
f 1463 1431 1470
f 1463 1470 1522
f 1522 1470 1502
f 1522 1502 1558
f 1558 1502 1520
f 1558 1520 1580
f 1580 1520 1534
f 1580 1534 1598
f 1598 1534 1546
f 1598 1546 1610
f 1610 1546 1556
f 1610 1556 1620
f 1620 1556 1555
f 1620 1555 1619
f 1619 1555 1552
f 1619 1552 1612
f 1612 1552 1544
f 1612 1544 1608
f 1608 1544 1540
f 1608 1540 1600
f 1600 1540 1530
f 1600 1530 1594
f 1594 1530 1010
f 1009 1467 1529
f 1529 1467 1481
f 1529 1481 1542
f 1542 1481 1496
f 1542 1496 1562
f 1562 1496 1504
f 1562 1504 1568
f 1568 1504 1508
f 1568 1508 1574
f 1574 1508 1511
f 1574 1511 1577
f 1577 1511 1512
f 1577 1512 1578
f 1578 1512 1506
f 1578 1506 1570
f 1570 1506 1494
f 1570 1494 1560
f 1560 1494 1472
f 1560 1472 1532
f 1532 1472 1458
f 1532 1458 1514
f 1514 1458 1434
f 1514 1434 1478
f 1478 1434 1401
f 1478 1401 1455
f 1455 1401 1402
f 1455 1402 1456
f 1456 1402 1396
f 1456 1396 1443
f 1443 1396 1392
f 1443 1392 1432
f 1432 1392 1391
f 1432 1391 1431
f 1431 1391 1420
f 1431 1420 1470
f 1470 1420 1452
f 1470 1452 1502
f 1502 1452 1460
f 1502 1460 1520
f 1520 1460 1474
f 1520 1474 1534
f 1534 1474 1486
f 1534 1486 1546
f 1546 1486 1492
f 1546 1492 1556
f 1556 1492 1491
f 1556 1491 1555
f 1555 1491 1488
f 1555 1488 1552
f 1552 1488 1482
f 1552 1482 1544
f 1544 1482 1476
f 1544 1476 1540
f 1540 1476 1468
f 1540 1468 1530
f 1530 1468 1010
f 1009 1407 1467
f 1467 1407 1416
f 1467 1416 1481
f 1481 1416 1438
f 1481 1438 1496
f 1496 1438 1440
f 1496 1440 1504
f 1504 1440 1446
f 1504 1446 1508
f 1508 1446 1449
f 1508 1449 1511
f 1511 1449 1450
f 1511 1450 1512
f 1512 1450 1444
f 1512 1444 1506
f 1506 1444 1437
f 1506 1437 1494
f 1494 1437 1410
f 1494 1410 1472
f 1472 1410 1398
f 1472 1398 1458
f 1458 1398 1381
f 1458 1381 1434
f 1434 1381 1347
f 1434 1347 1401
f 1401 1347 1348
f 1401 1348 1402
f 1402 1348 1344
f 1402 1344 1396
f 1396 1344 1338
f 1396 1338 1392
f 1392 1338 1337
f 1392 1337 1391
f 1391 1337 1376
f 1391 1376 1420
f 1420 1376 1394
f 1420 1394 1452
f 1452 1394 1404
f 1452 1404 1460
f 1460 1404 1412
f 1460 1412 1474
f 1474 1412 1422
f 1474 1422 1486
f 1486 1422 1428
f 1486 1428 1492
f 1492 1428 1427
f 1492 1427 1491
f 1491 1427 1424
f 1491 1424 1488
f 1488 1424 1418
f 1488 1418 1482
f 1482 1418 1414
f 1482 1414 1476
f 1476 1414 1408
f 1476 1408 1468
f 1468 1408 1010
f 1009 1351 1407
f 1407 1351 1361
f 1407 1361 1416
f 1416 1361 1374
f 1416 1374 1438
f 1438 1374 1378
f 1438 1378 1440
f 1440 1378 1384
f 1440 1384 1446
f 1446 1384 1387
f 1446 1387 1449
f 1449 1387 1388
f 1449 1388 1450
f 1450 1388 1382
f 1450 1382 1444
f 1444 1382 1373
f 1444 1373 1437
f 1437 1373 1354
f 1437 1354 1410
f 1410 1354 1340
f 1410 1340 1398
f 1398 1340 1332
f 1398 1332 1381
f 1381 1332 1313
f 1381 1313 1347
f 1347 1313 1314
f 1347 1314 1348
f 1348 1314 1298
f 1348 1298 1344
f 1344 1298 1286
f 1344 1286 1338
f 1338 1286 1285
f 1338 1285 1337
f 1337 1285 1330
f 1337 1330 1376
f 1376 1330 1334
f 1376 1334 1394
f 1394 1334 1342
f 1394 1342 1404
f 1404 1342 1356
f 1404 1356 1412
f 1412 1356 1364
f 1412 1364 1422
f 1422 1364 1370
f 1422 1370 1428
f 1428 1370 1369
f 1428 1369 1427
f 1427 1369 1366
f 1427 1366 1424
f 1424 1366 1362
f 1424 1362 1418
f 1418 1362 1358
f 1418 1358 1414
f 1414 1358 1352
f 1414 1352 1408
f 1408 1352 1010
f 1009 1289 1351
f 1351 1289 1301
f 1351 1301 1361
f 1361 1301 1318
f 1361 1318 1374
f 1374 1318 1320
f 1374 1320 1378
f 1378 1320 1324
f 1378 1324 1384
f 1384 1324 1327
f 1384 1327 1387
f 1387 1327 1328
f 1387 1328 1388
f 1388 1328 1322
f 1388 1322 1382
f 1382 1322 1316
f 1382 1316 1373
f 1373 1316 1292
f 1373 1292 1354
f 1354 1292 1280
f 1354 1280 1340
f 1340 1280 1276
f 1340 1276 1332
f 1332 1276 1271
f 1332 1271 1313
f 1313 1271 1272
f 1313 1272 1314
f 1314 1272 1262
f 1314 1262 1298
f 1298 1262 1252
f 1298 1252 1286
f 1286 1252 1251
f 1286 1251 1285
f 1285 1251 1274
f 1285 1274 1330
f 1330 1274 1278
f 1330 1278 1334
f 1334 1278 1282
f 1334 1282 1342
f 1342 1282 1294
f 1342 1294 1356
f 1356 1294 1304
f 1356 1304 1364
f 1364 1304 1310
f 1364 1310 1370
f 1370 1310 1309
f 1370 1309 1369
f 1369 1309 1306
f 1369 1306 1366
f 1366 1306 1302
f 1366 1302 1362
f 1362 1302 1296
f 1362 1296 1358
f 1358 1296 1290
f 1358 1290 1352
f 1352 1290 1010
f 1009 1229 1289
f 1289 1229 1239
f 1289 1239 1301
f 1301 1239 1256
f 1301 1256 1318
f 1318 1256 1258
f 1318 1258 1320
f 1320 1258 1264
f 1320 1264 1324
f 1324 1264 1267
f 1324 1267 1327
f 1327 1267 1268
f 1327 1268 1328
f 1328 1268 1260
f 1328 1260 1322
f 1322 1260 1255
f 1322 1255 1316
f 1316 1255 1232
f 1316 1232 1292
f 1292 1232 1224
f 1292 1224 1280
f 1280 1224 1220
f 1280 1220 1276
f 1276 1220 1215
f 1276 1215 1271
f 1271 1215 1216
f 1271 1216 1272
f 1272 1216 1212
f 1272 1212 1262
f 1262 1212 1210
f 1262 1210 1252
f 1252 1210 1209
f 1252 1209 1251
f 1251 1209 1218
f 1251 1218 1274
f 1274 1218 1222
f 1274 1222 1278
f 1278 1222 1226
f 1278 1226 1282
f 1282 1226 1234
f 1282 1234 1294
f 1294 1234 1242
f 1294 1242 1304
f 1304 1242 1248
f 1304 1248 1310
f 1310 1248 1247
f 1310 1247 1309
f 1309 1247 1244
f 1309 1244 1306
f 1306 1244 1240
f 1306 1240 1302
f 1302 1240 1236
f 1302 1236 1296
f 1296 1236 1230
f 1296 1230 1290
f 1290 1230 1010
f 1009 1173 1229
f 1229 1173 1183
f 1229 1183 1239
f 1239 1183 1196
f 1239 1196 1256
f 1256 1196 1198
f 1256 1198 1258
f 1258 1198 1202
f 1258 1202 1264
f 1264 1202 1205
f 1264 1205 1267
f 1267 1205 1206
f 1267 1206 1268
f 1268 1206 1200
f 1268 1200 1260
f 1260 1200 1195
f 1260 1195 1255
f 1255 1195 1176
f 1255 1176 1232
f 1232 1176 1168
f 1232 1168 1224
f 1224 1168 1164
f 1224 1164 1220
f 1220 1164 1159
f 1220 1159 1215
f 1215 1159 1160
f 1215 1160 1216
f 1216 1160 1156
f 1216 1156 1212
f 1212 1156 1154
f 1212 1154 1210
f 1210 1154 1153
f 1210 1153 1209
f 1209 1153 1162
f 1209 1162 1218
f 1218 1162 1166
f 1218 1166 1222
f 1222 1166 1170
f 1222 1170 1226
f 1226 1170 1178
f 1226 1178 1234
f 1234 1178 1186
f 1234 1186 1242
f 1242 1186 1192
f 1242 1192 1248
f 1248 1192 1191
f 1248 1191 1247
f 1247 1191 1188
f 1247 1188 1244
f 1244 1188 1184
f 1244 1184 1240
f 1240 1184 1180
f 1240 1180 1236
f 1236 1180 1174
f 1236 1174 1230
f 1230 1174 1010
f 1009 1117 1173
f 1173 1117 1127
f 1173 1127 1183
f 1183 1127 1139
f 1183 1139 1196
f 1196 1139 1142
f 1196 1142 1198
f 1198 1142 1146
f 1198 1146 1202
f 1202 1146 1149
f 1202 1149 1205
f 1205 1149 1150
f 1205 1150 1206
f 1206 1150 1144
f 1206 1144 1200
f 1200 1144 1140
f 1200 1140 1195
f 1195 1140 1120
f 1195 1120 1176
f 1176 1120 1112
f 1176 1112 1168
f 1168 1112 1108
f 1168 1108 1164
f 1164 1108 1103
f 1164 1103 1159
f 1159 1103 1104
f 1159 1104 1160
f 1160 1104 1100
f 1160 1100 1156
f 1156 1100 1098
f 1156 1098 1154
f 1154 1098 1097
f 1154 1097 1153
f 1153 1097 1106
f 1153 1106 1162
f 1162 1106 1110
f 1162 1110 1166
f 1166 1110 1114
f 1166 1114 1170
f 1170 1114 1122
f 1170 1122 1178
f 1178 1122 1130
f 1178 1130 1186
f 1186 1130 1136
f 1186 1136 1192
f 1192 1136 1135
f 1192 1135 1191
f 1191 1135 1132
f 1191 1132 1188
f 1188 1132 1128
f 1188 1128 1184
f 1184 1128 1124
f 1184 1124 1180
f 1180 1124 1118
f 1180 1118 1174
f 1174 1118 1010
f 1009 1061 1117
f 1117 1061 1071
f 1117 1071 1127
f 1127 1071 1084
f 1127 1084 1139
f 1139 1084 1086
f 1139 1086 1142
f 1142 1086 1090
f 1142 1090 1146
f 1146 1090 1093
f 1146 1093 1149
f 1149 1093 1094
f 1149 1094 1150
f 1150 1094 1088
f 1150 1088 1144
f 1144 1088 1083
f 1144 1083 1140
f 1140 1083 1065
f 1140 1065 1120
f 1120 1065 1056
f 1120 1056 1112
f 1112 1056 1052
f 1112 1052 1108
f 1108 1052 1047
f 1108 1047 1103
f 1103 1047 1048
f 1103 1048 1104
f 1104 1048 1044
f 1104 1044 1100
f 1100 1044 1042
f 1100 1042 1098
f 1098 1042 1041
f 1098 1041 1097
f 1097 1041 1050
f 1097 1050 1106
f 1106 1050 1054
f 1106 1054 1110
f 1110 1054 1058
f 1110 1058 1114
f 1114 1058 1066
f 1114 1066 1122
f 1122 1066 1074
f 1122 1074 1130
f 1130 1074 1080
f 1130 1080 1136
f 1136 1080 1079
f 1136 1079 1135
f 1135 1079 1076
f 1135 1076 1132
f 1132 1076 1072
f 1132 1072 1128
f 1128 1072 1068
f 1128 1068 1124
f 1124 1068 1062
f 1124 1062 1118
f 1118 1062 1010
f 1009 1021 1061
f 1061 1021 1026
f 1061 1026 1071
f 1071 1026 1033
f 1071 1033 1084
f 1084 1033 1034
f 1084 1034 1086
f 1086 1034 1036
f 1086 1036 1090
f 1090 1036 1037
f 1090 1037 1093
f 1093 1037 1038
f 1093 1038 1094
f 1094 1038 1035
f 1094 1035 1088
f 1088 1035 1032
f 1088 1032 1083
f 1083 1032 1023
f 1083 1023 1065
f 1065 1023 1019
f 1065 1019 1056
f 1056 1019 1017
f 1056 1017 1052
f 1052 1017 1014
f 1052 1014 1047
f 1047 1014 1015
f 1047 1015 1048
f 1048 1015 1013
f 1048 1013 1044
f 1044 1013 1012
f 1044 1012 1042
f 1042 1012 1011
f 1042 1011 1041
f 1041 1011 1016
f 1041 1016 1050
f 1050 1016 1018
f 1050 1018 1054
f 1054 1018 1020
f 1054 1020 1058
f 1058 1020 1024
f 1058 1024 1066
f 1066 1024 1028
f 1066 1028 1074
f 1074 1028 1031
f 1074 1031 1080
f 1080 1031 1030
f 1080 1030 1079
f 1079 1030 1029
f 1079 1029 1076
f 1076 1029 1027
f 1076 1027 1072
f 1072 1027 1025
f 1072 1025 1068
f 1068 1025 1022
f 1068 1022 1062
f 1062 1022 1010
f 1009 959 1021
f 1021 959 949
f 1021 949 1026
f 1026 949 938
f 1026 938 1033
f 1033 938 934
f 1033 934 1034
f 1034 934 930
f 1034 930 1036
f 1036 930 927
f 1036 927 1037
f 1037 927 928
f 1037 928 1038
f 1038 928 932
f 1038 932 1035
f 1035 932 937
f 1035 937 1032
f 1032 937 955
f 1032 955 1023
f 1023 955 964
f 1023 964 1019
f 1019 964 968
f 1019 968 1017
f 1017 968 973
f 1017 973 1014
f 1014 973 974
f 1014 974 1015
f 1015 974 976
f 1015 976 1013
f 1013 976 980
f 1013 980 1012
f 1012 980 979
f 1012 979 1011
f 1011 979 970
f 1011 970 1016
f 1016 970 966
f 1016 966 1018
f 1018 966 962
f 1018 962 1020
f 1020 962 956
f 1020 956 1024
f 1024 956 946
f 1024 946 1028
f 1028 946 942
f 1028 942 1031
f 1031 942 941
f 1031 941 1030
f 1030 941 944
f 1030 944 1029
f 1029 944 950
f 1029 950 1027
f 1027 950 952
f 1027 952 1025
f 1025 952 960
f 1025 960 1022
f 1022 960 1010
f 1009 903 959
f 959 903 893
f 959 893 949
f 949 893 881
f 949 881 938
f 938 881 878
f 938 878 934
f 934 878 874
f 934 874 930
f 930 874 871
f 930 871 927
f 927 871 872
f 927 872 928
f 928 872 876
f 928 876 932
f 932 876 882
f 932 882 937
f 937 882 900
f 937 900 955
f 955 900 908
f 955 908 964
f 964 908 912
f 964 912 968
f 968 912 917
f 968 917 973
f 973 917 918
f 973 918 974
f 974 918 920
f 974 920 976
f 976 920 924
f 976 924 980
f 980 924 923
f 980 923 979
f 979 923 914
f 979 914 970
f 970 914 910
f 970 910 966
f 966 910 906
f 966 906 962
f 962 906 898
f 962 898 956
f 956 898 890
f 956 890 946
f 946 890 886
f 946 886 942
f 942 886 885
f 942 885 941
f 941 885 888
f 941 888 944
f 944 888 894
f 944 894 950
f 950 894 896
f 950 896 952
f 952 896 904
f 952 904 960
f 960 904 1010
f 1009 847 903
f 903 847 837
f 903 837 893
f 893 837 826
f 893 826 881
f 881 826 822
f 881 822 878
f 878 822 818
f 878 818 874
f 874 818 815
f 874 815 871
f 871 815 816
f 871 816 872
f 872 816 820
f 872 820 876
f 876 820 825
f 876 825 882
f 882 825 844
f 882 844 900
f 900 844 852
f 900 852 908
f 908 852 856
f 908 856 912
f 912 856 861
f 912 861 917
f 917 861 862
f 917 862 918
f 918 862 864
f 918 864 920
f 920 864 868
f 920 868 924
f 924 868 867
f 924 867 923
f 923 867 858
f 923 858 914
f 914 858 854
f 914 854 910
f 910 854 850
f 910 850 906
f 906 850 842
f 906 842 898
f 898 842 834
f 898 834 890
f 890 834 830
f 890 830 886
f 886 830 829
f 886 829 885
f 885 829 832
f 885 832 888
f 888 832 838
f 888 838 894
f 894 838 840
f 894 840 896
f 896 840 848
f 896 848 904
f 904 848 1010
f 1009 791 847
f 847 791 781
f 847 781 837
f 837 781 766
f 837 766 826
f 826 766 762
f 826 762 822
f 822 762 756
f 822 756 818
f 818 756 753
f 818 753 815
f 815 753 754
f 815 754 816
f 816 754 760
f 816 760 820
f 820 760 765
f 820 765 825
f 825 765 788
f 825 788 844
f 844 788 796
f 844 796 852
f 852 796 800
f 852 800 856
f 856 800 805
f 856 805 861
f 861 805 806
f 861 806 862
f 862 806 808
f 862 808 864
f 864 808 812
f 864 812 868
f 868 812 811
f 868 811 867
f 867 811 802
f 867 802 858
f 858 802 798
f 858 798 854
f 854 798 794
f 854 794 850
f 850 794 786
f 850 786 842
f 842 786 778
f 842 778 834
f 834 778 774
f 834 774 830
f 830 774 773
f 830 773 829
f 829 773 776
f 829 776 832
f 832 776 782
f 832 782 838
f 838 782 784
f 838 784 840
f 840 784 792
f 840 792 848
f 848 792 1010
f 1009 731 791
f 791 731 719
f 791 719 781
f 781 719 702
f 781 702 766
f 766 702 700
f 766 700 762
f 762 700 696
f 762 696 756
f 756 696 693
f 756 693 753
f 753 693 694
f 753 694 754
f 754 694 698
f 754 698 760
f 760 698 704
f 760 704 765
f 765 704 728
f 765 728 788
f 788 728 740
f 788 740 796
f 796 740 744
f 796 744 800
f 800 744 749
f 800 749 805
f 805 749 750
f 805 750 806
f 806 750 758
f 806 758 808
f 808 758 770
f 808 770 812
f 812 770 769
f 812 769 811
f 811 769 746
f 811 746 802
f 802 746 742
f 802 742 798
f 798 742 738
f 798 738 794
f 794 738 726
f 794 726 786
f 786 726 716
f 786 716 778
f 778 716 712
f 778 712 774
f 774 712 711
f 774 711 773
f 773 711 714
f 773 714 776
f 776 714 720
f 776 720 782
f 782 720 724
f 782 724 784
f 784 724 732
f 784 732 792
f 792 732 1010
f 1009 669 731
f 731 669 659
f 731 659 719
f 719 659 648
f 719 648 702
f 702 648 642
f 702 642 700
f 700 642 636
f 700 636 696
f 696 636 633
f 696 633 693
f 693 633 634
f 693 634 694
f 694 634 640
f 694 640 698
f 698 640 647
f 698 647 704
f 704 647 666
f 704 666 728
f 728 666 680
f 728 680 740
f 740 680 688
f 740 688 744
f 744 688 707
f 744 707 749
f 749 707 708
f 749 708 750
f 750 708 722
f 750 722 758
f 758 722 736
f 758 736 770
f 770 736 735
f 770 735 769
f 769 735 690
f 769 690 746
f 746 690 686
f 746 686 742
f 742 686 678
f 742 678 738
f 738 678 664
f 738 664 726
f 726 664 656
f 726 656 716
f 716 656 652
f 716 652 712
f 712 652 651
f 712 651 711
f 711 651 654
f 711 654 714
f 714 654 660
f 714 660 720
f 720 660 662
f 720 662 724
f 724 662 670
f 724 670 732
f 732 670 1010
f 1009 613 669
f 669 613 604
f 669 604 659
f 659 604 584
f 659 584 648
f 648 584 580
f 648 580 642
f 642 580 574
f 642 574 636
f 636 574 571
f 636 571 633
f 633 571 572
f 633 572 634
f 634 572 578
f 634 578 640
f 640 578 583
f 640 583 647
f 647 583 610
f 647 610 666
f 666 610 622
f 666 622 680
f 680 622 639
f 680 639 688
f 688 639 673
f 688 673 707
f 707 673 674
f 707 674 708
f 708 674 676
f 708 676 722
f 722 676 684
f 722 684 736
f 736 684 683
f 736 683 735
f 735 683 644
f 735 644 690
f 690 644 626
f 690 626 686
f 686 626 616
f 686 616 678
f 678 616 608
f 678 608 664
f 664 608 598
f 664 598 656
f 656 598 594
f 656 594 652
f 652 594 593
f 652 593 651
f 651 593 596
f 651 596 654
f 654 596 602
f 654 602 660
f 660 602 606
f 660 606 662
f 662 606 614
f 662 614 670
f 670 614 1010
f 1009 553 613
f 613 553 539
f 613 539 604
f 604 539 524
f 604 524 584
f 584 524 516
f 584 516 580
f 580 516 512
f 580 512 574
f 574 512 509
f 574 509 571
f 571 509 510
f 571 510 572
f 572 510 514
f 572 514 578
f 578 514 526
f 578 526 583
f 583 526 548
f 583 548 610
f 610 548 562
f 610 562 622
f 622 562 586
f 622 586 639
f 639 586 619
f 639 619 673
f 673 619 620
f 673 620 674
f 674 620 624
f 674 624 676
f 676 624 630
f 676 630 684
f 684 630 629
f 684 629 683
f 683 629 600
f 683 600 644
f 644 600 568
f 644 568 626
f 626 568 560
f 626 560 616
f 616 560 546
f 616 546 608
f 608 546 534
f 608 534 598
f 598 534 530
f 598 530 594
f 594 530 529
f 594 529 593
f 593 529 532
f 593 532 596
f 596 532 540
f 596 540 602
f 602 540 544
f 602 544 606
f 606 544 554
f 606 554 614
f 614 554 1010
f 1009 491 553
f 553 491 478
f 553 478 539
f 539 478 458
f 539 458 524
f 524 458 452
f 524 452 516
f 516 452 446
f 516 446 512
f 512 446 443
f 512 443 509
f 509 443 444
f 509 444 510
f 510 444 450
f 510 450 514
f 514 450 460
f 514 460 526
f 526 460 488
f 526 488 548
f 548 488 506
f 548 506 562
f 562 506 542
f 562 542 586
f 586 542 565
f 586 565 619
f 619 565 566
f 619 566 620
f 620 566 577
f 620 577 624
f 624 577 590
f 624 590 630
f 630 590 589
f 630 589 629
f 629 589 550
f 629 550 600
f 600 550 518
f 600 518 568
f 568 518 500
f 568 500 560
f 560 500 486
f 560 486 546
f 546 486 474
f 546 474 534
f 534 474 466
f 534 466 530
f 530 466 465
f 530 465 529
f 529 465 468
f 529 468 532
f 532 468 476
f 532 476 540
f 540 476 480
f 540 480 544
f 544 480 492
f 544 492 554
f 554 492 1010
f 1009 427 491
f 491 427 413
f 491 413 478
f 478 413 390
f 478 390 458
f 458 390 382
f 458 382 452
f 452 382 372
f 452 372 446
f 446 372 369
f 446 369 443
f 443 369 370
f 443 370 444
f 444 370 374
f 444 374 450
f 450 374 389
f 450 389 460
f 460 389 424
f 460 424 488
f 488 424 456
f 488 456 506
f 506 456 494
f 506 494 542
f 542 494 521
f 542 521 565
f 565 521 522
f 565 522 566
f 566 522 536
f 566 536 577
f 577 536 558
f 577 558 590
f 590 558 557
f 590 557 589
f 589 557 498
f 589 498 550
f 550 498 462
f 550 462 518
f 518 462 440
f 518 440 500
f 500 440 422
f 500 422 486
f 486 422 410
f 486 410 474
f 474 410 402
f 474 402 466
f 466 402 401
f 466 401 465
f 465 401 408
f 465 408 468
f 468 408 414
f 468 414 476
f 476 414 420
f 476 420 480
f 480 420 428
f 480 428 492
f 492 428 1010
f 1009 361 427
f 427 361 335
f 427 335 413
f 413 335 312
f 413 312 390
f 390 312 299
f 390 299 382
f 382 299 287
f 382 287 372
f 372 287 280
f 372 280 369
f 369 280 281
f 369 281 370
f 370 281 295
f 370 295 374
f 374 295 314
f 374 314 389
f 389 314 352
f 389 352 424
f 424 352 392
f 424 392 456
f 456 392 438
f 456 438 494
f 494 438 483
f 494 483 521
f 521 483 484
f 521 484 522
f 522 484 496
f 522 496 536
f 536 496 504
f 536 504 558
f 558 504 503
f 558 503 557
f 557 503 448
f 557 448 498
f 498 448 416
f 498 416 462
f 462 416 384
f 462 384 440
f 440 384 350
f 440 350 422
f 422 350 328
f 422 328 410
f 410 328 320
f 410 320 402
f 402 320 319
f 402 319 401
f 401 319 326
f 401 326 408
f 408 326 336
f 408 336 414
f 414 336 344
f 414 344 420
f 420 344 362
f 420 362 428
f 428 362 1010
f 1009 290 361
f 361 290 265
f 361 265 335
f 335 265 243
f 335 243 312
f 312 243 231
f 312 231 299
f 299 231 216
f 299 216 287
f 287 216 213
f 287 213 280
f 280 213 214
f 280 214 281
f 281 214 224
f 281 224 295
f 295 224 247
f 295 247 314
f 314 247 275
f 314 275 352
f 352 275 330
f 352 330 392
f 392 330 386
f 392 386 438
f 438 386 435
f 438 435 483
f 483 435 436
f 483 436 484
f 484 436 454
f 484 454 496
f 496 454 472
f 496 472 504
f 504 472 471
f 504 471 503
f 503 471 398
f 503 398 448
f 448 398 358
f 448 358 416
f 416 358 310
f 416 310 384
f 384 310 273
f 384 273 350
f 350 273 261
f 350 261 328
f 328 261 253
f 328 253 320
f 320 253 252
f 320 252 319
f 319 252 259
f 319 259 326
f 326 259 263
f 326 263 336
f 336 263 271
f 336 271 344
f 344 271 291
f 344 291 362
f 362 291 1010
f 1009 238 290
f 290 238 206
f 290 206 265
f 265 206 189
f 265 189 243
f 243 189 172
f 243 172 231
f 231 172 162
f 231 162 216
f 216 162 157
f 216 157 213
f 213 157 158
f 213 158 214
f 214 158 168
f 214 168 224
f 224 168 191
f 224 191 247
f 247 191 228
f 247 228 275
f 275 228 269
f 275 269 330
f 330 269 338
f 330 338 386
f 386 338 396
f 386 396 435
f 435 396 397
f 435 397 436
f 436 397 418
f 436 418 454
f 454 418 432
f 454 432 472
f 472 432 431
f 472 431 471
f 471 431 348
f 471 348 398
f 398 348 298
f 398 298 358
f 358 298 255
f 358 255 310
f 310 255 226
f 310 226 273
f 273 226 203
f 273 203 261
f 261 203 199
f 261 199 253
f 253 199 198
f 253 198 252
f 252 198 201
f 252 201 259
f 259 201 207
f 259 207 263
f 263 207 222
f 263 222 271
f 271 222 239
f 271 239 291
f 291 239 1010
f 1009 186 238
f 238 186 166
f 238 166 206
f 206 166 133
f 206 133 189
f 189 133 118
f 189 118 172
f 172 118 102
f 172 102 162
f 162 102 93
f 162 93 157
f 157 93 94
f 157 94 158
f 158 94 108
f 158 108 168
f 168 108 135
f 168 135 191
f 191 135 183
f 191 183 228
f 228 183 233
f 228 233 269
f 269 233 293
f 269 293 338
f 338 293 365
f 338 365 396
f 396 365 366
f 396 366 397
f 397 366 381
f 397 381 418
f 418 381 406
f 418 406 432
f 432 406 405
f 432 405 431
f 431 405 305
f 431 305 348
f 348 305 249
f 348 249 298
f 298 249 209
f 298 209 255
f 255 209 179
f 255 179 226
f 226 179 160
f 226 160 203
f 203 160 150
f 203 150 199
f 199 150 149
f 199 149 198
f 198 149 152
f 198 152 201
f 201 152 164
f 201 164 207
f 207 164 174
f 207 174 222
f 222 174 187
f 222 187 239
f 239 187 1010
f 1009 145 186
f 186 145 125
f 186 125 166
f 166 125 86
f 166 86 133
f 133 86 63
f 133 63 118
f 118 63 44
f 118 44 102
f 102 44 36
f 102 36 93
f 93 36 37
f 93 37 94
f 94 37 54
f 94 54 108
f 108 54 88
f 108 88 135
f 135 88 139
f 135 139 183
f 183 139 195
f 183 195 233
f 233 195 257
f 233 257 293
f 293 257 323
f 293 323 365
f 365 323 324
f 365 324 366
f 366 324 346
f 366 346 381
f 381 346 378
f 381 378 406
f 406 378 377
f 406 377 405
f 405 377 267
f 405 267 305
f 305 267 220
f 305 220 249
f 249 220 177
f 249 177 209
f 209 177 137
f 209 137 179
f 179 137 116
f 179 116 160
f 160 116 106
f 160 106 150
f 150 106 105
f 150 105 149
f 149 105 114
f 149 114 152
f 152 114 126
f 152 126 164
f 164 126 131
f 164 131 174
f 174 131 146
f 174 146 187
f 187 146 1010
f 1009 121 145
f 145 121 79
f 145 79 125
f 125 79 50
f 125 50 86
f 86 50 27
f 86 27 63
f 63 27 21
f 63 21 44
f 44 21 18
f 44 18 36
f 36 18 19
f 36 19 37
f 37 19 23
f 37 23 54
f 54 23 51
f 54 51 88
f 88 51 112
f 88 112 139
f 139 112 171
f 139 171 195
f 195 171 241
f 195 241 257
f 257 241 302
f 257 302 323
f 323 302 303
f 323 303 324
f 324 303 316
f 324 316 346
f 346 316 356
f 346 356 378
f 378 356 355
f 378 355 377
f 377 355 246
f 377 246 267
f 267 246 193
f 267 193 220
f 220 193 141
f 220 141 177
f 177 141 110
f 177 110 137
f 137 110 74
f 137 74 116
f 116 74 67
f 116 67 106
f 106 67 66
f 106 66 105
f 105 66 70
f 105 70 114
f 114 70 80
f 114 80 126
f 126 80 100
f 126 100 131
f 131 100 122
f 131 122 146
f 146 122 1010
f 1009 97 121
f 121 97 60
f 121 60 79
f 79 60 29
f 79 29 50
f 50 29 15
f 50 15 27
f 27 15 10
f 27 10 21
f 21 10 6
f 21 6 18
f 18 6 7
f 18 7 19
f 19 7 12
f 19 12 23
f 23 12 31
f 23 31 51
f 51 31 84
f 51 84 112
f 112 84 154
f 112 154 171
f 171 154 219
f 171 219 241
f 241 219 284
f 241 284 302
f 302 284 285
f 302 285 303
f 303 285 308
f 303 308 316
f 316 308 342
f 316 342 356
f 356 342 341
f 356 341 355
f 355 341 235
f 355 235 246
f 246 235 182
f 246 182 193
f 193 182 129
f 193 129 141
f 141 129 82
f 141 82 110
f 110 82 57
f 110 57 74
f 74 57 42
f 74 42 67
f 67 42 41
f 67 41 66
f 66 41 47
f 66 47 70
f 70 47 61
f 70 61 80
f 80 61 72
f 80 72 100
f 100 72 98
f 100 98 122
f 122 98 1010
f 1009 89 97
f 97 89 55
f 97 55 60
f 60 55 24
f 60 24 29
f 29 24 13
f 29 13 15
f 15 13 3
f 15 3 10
f 10 3 1
f 10 1 6
f 6 1 2
f 6 2 7
f 7 2 8
f 7 8 12
f 12 8 25
f 12 25 31
f 31 25 76
f 31 76 84
f 84 76 142
f 84 142 154
f 154 142 210
f 154 210 219
f 219 210 276
f 219 276 284
f 284 276 277
f 284 277 285
f 285 277 306
f 285 306 308
f 308 306 332
f 308 332 342
f 342 332 331
f 342 331 341
f 341 331 229
f 341 229 235
f 235 229 175
f 235 175 182
f 182 175 127
f 182 127 129
f 129 127 75
f 129 75 82
f 82 75 45
f 82 45 57
f 57 45 33
f 57 33 42
f 42 33 32
f 42 32 41
f 41 32 38
f 41 38 47
f 47 38 53
f 47 53 61
f 61 53 68
f 61 68 72
f 72 68 90
f 72 90 98
f 98 90 1010
f 1009 95 89
f 89 95 58
f 89 58 55
f 55 58 28
f 55 28 24
f 24 28 14
f 24 14 13
f 13 14 9
f 13 9 3
f 3 9 4
f 3 4 1
f 1 4 5
f 1 5 2
f 2 5 11
f 2 11 8
f 8 11 30
f 8 30 25
f 25 30 83
f 25 83 76
f 76 83 153
f 76 153 142
f 142 153 218
f 142 218 210
f 210 218 282
f 210 282 276
f 276 282 283
f 276 283 277
f 277 283 307
f 277 307 306
f 306 307 340
f 306 340 332
f 332 340 339
f 332 339 331
f 331 339 234
f 331 234 229
f 229 234 181
f 229 181 175
f 175 181 128
f 175 128 127
f 127 128 81
f 127 81 75
f 75 81 56
f 75 56 45
f 45 56 40
f 45 40 33
f 33 40 39
f 33 39 32
f 32 39 46
f 32 46 38
f 38 46 59
f 38 59 53
f 53 59 71
f 53 71 68
f 68 71 96
f 68 96 90
f 90 96 1010
f 1009 119 95
f 95 119 77
f 95 77 58
f 58 77 48
f 58 48 28
f 28 48 26
f 28 26 14
f 14 26 20
f 14 20 9
f 9 20 16
f 9 16 4
f 4 16 17
f 4 17 5
f 5 17 22
f 5 22 11
f 11 22 49
f 11 49 30
f 30 49 111
f 30 111 83
f 83 111 170
f 83 170 153
f 153 170 240
f 153 240 218
f 218 240 300
f 218 300 282
f 282 300 301
f 282 301 283
f 283 301 315
f 283 315 307
f 307 315 354
f 307 354 340
f 340 354 353
f 340 353 339
f 339 353 245
f 339 245 234
f 234 245 192
f 234 192 181
f 181 192 140
f 181 140 128
f 128 140 109
f 128 109 81
f 81 109 73
f 81 73 56
f 56 73 65
f 56 65 40
f 40 65 64
f 40 64 39
f 39 64 69
f 39 69 46
f 46 69 78
f 46 78 59
f 59 78 99
f 59 99 71
f 71 99 120
f 71 120 96
f 96 120 1010
f 1009 143 119
f 119 143 123
f 119 123 77
f 77 123 85
f 77 85 48
f 48 85 62
f 48 62 26
f 26 62 43
f 26 43 20
f 20 43 34
f 20 34 16
f 16 34 35
f 16 35 17
f 17 35 52
f 17 52 22
f 22 52 87
f 22 87 49
f 49 87 138
f 49 138 111
f 111 138 194
f 111 194 170
f 170 194 256
f 170 256 240
f 240 256 321
f 240 321 300
f 300 321 322
f 300 322 301
f 301 322 345
f 301 345 315
f 315 345 376
f 315 376 354
f 354 376 375
f 354 375 353
f 353 375 266
f 353 266 245
f 245 266 217
f 245 217 192
f 192 217 176
f 192 176 140
f 140 176 136
f 140 136 109
f 109 136 115
f 109 115 73
f 73 115 104
f 73 104 65
f 65 104 103
f 65 103 64
f 64 103 113
f 64 113 69
f 69 113 124
f 69 124 78
f 78 124 130
f 78 130 99
f 99 130 144
f 99 144 120
f 120 144 1010
f 1009 184 143
f 143 184 165
f 143 165 123
f 123 165 132
f 123 132 85
f 85 132 117
f 85 117 62
f 62 117 101
f 62 101 43
f 43 101 91
f 43 91 34
f 34 91 92
f 34 92 35
f 35 92 107
f 35 107 52
f 52 107 134
f 52 134 87
f 87 134 180
f 87 180 138
f 138 180 232
f 138 232 194
f 194 232 292
f 194 292 256
f 256 292 363
f 256 363 321
f 321 363 364
f 321 364 322
f 322 364 380
f 322 380 345
f 345 380 404
f 345 404 376
f 376 404 403
f 376 403 375
f 375 403 304
f 375 304 266
f 266 304 248
f 266 248 217
f 217 248 208
f 217 208 176
f 176 208 178
f 176 178 136
f 136 178 159
f 136 159 115
f 115 159 148
f 115 148 104
f 104 148 147
f 104 147 103
f 103 147 151
f 103 151 113
f 113 151 163
f 113 163 124
f 124 163 173
f 124 173 130
f 130 173 185
f 130 185 144
f 144 185 1010
f 1009 236 184
f 184 236 204
f 184 204 165
f 165 204 188
f 165 188 132
f 132 188 169
f 132 169 117
f 117 169 161
f 117 161 101
f 101 161 155
f 101 155 91
f 91 155 156
f 91 156 92
f 92 156 167
f 92 167 107
f 107 167 190
f 107 190 134
f 134 190 227
f 134 227 180
f 180 227 268
f 180 268 232
f 232 268 337
f 232 337 292
f 292 337 394
f 292 394 363
f 363 394 395
f 363 395 364
f 364 395 417
f 364 417 380
f 380 417 430
f 380 430 404
f 404 430 429
f 404 429 403
f 403 429 347
f 403 347 304
f 304 347 297
f 304 297 248
f 248 297 254
f 248 254 208
f 208 254 225
f 208 225 178
f 178 225 202
f 178 202 159
f 159 202 197
f 159 197 148
f 148 197 196
f 148 196 147
f 147 196 200
f 147 200 151
f 151 200 205
f 151 205 163
f 163 205 221
f 163 221 173
f 173 221 237
f 173 237 185
f 185 237 1010
f 1009 288 236
f 236 288 264
f 236 264 204
f 204 264 242
f 204 242 188
f 188 242 230
f 188 230 169
f 169 230 215
f 169 215 161
f 161 215 211
f 161 211 155
f 155 211 212
f 155 212 156
f 156 212 223
f 156 223 167
f 167 223 244
f 167 244 190
f 190 244 274
f 190 274 227
f 227 274 329
f 227 329 268
f 268 329 385
f 268 385 337
f 337 385 433
f 337 433 394
f 394 433 434
f 394 434 395
f 395 434 453
f 395 453 417
f 417 453 470
f 417 470 430
f 430 470 469
f 430 469 429
f 429 469 393
f 429 393 347
f 347 393 357
f 347 357 297
f 297 357 309
f 297 309 254
f 254 309 272
f 254 272 225
f 225 272 260
f 225 260 202
f 202 260 251
f 202 251 197
f 197 251 250
f 197 250 196
f 196 250 258
f 196 258 200
f 200 258 262
f 200 262 205
f 205 262 270
f 205 270 221
f 221 270 289
f 221 289 237
f 237 289 1010
f 1009 359 288
f 288 359 334
f 288 334 264
f 264 334 311
f 264 311 242
f 242 311 296
f 242 296 230
f 230 296 286
f 230 286 215
f 215 286 278
f 215 278 211
f 211 278 279
f 211 279 212
f 212 279 294
f 212 294 223
f 223 294 313
f 223 313 244
f 244 313 351
f 244 351 274
f 274 351 391
f 274 391 329
f 329 391 437
f 329 437 385
f 385 437 481
f 385 481 433
f 433 481 482
f 433 482 434
f 434 482 495
f 434 495 453
f 453 495 502
f 453 502 470
f 470 502 501
f 470 501 469
f 469 501 447
f 469 447 393
f 393 447 415
f 393 415 357
f 357 415 383
f 357 383 309
f 309 383 349
f 309 349 272
f 272 349 327
f 272 327 260
f 260 327 318
f 260 318 251
f 251 318 317
f 251 317 250
f 250 317 325
f 250 325 258
f 258 325 333
f 258 333 262
f 262 333 343
f 262 343 270
f 270 343 360
f 270 360 289
f 289 360 1010
f 1009 425 359
f 359 425 411
f 359 411 334
f 334 411 387
f 334 387 311
f 311 387 379
f 311 379 296
f 296 379 371
f 296 371 286
f 286 371 367
f 286 367 278
f 278 367 368
f 278 368 279
f 279 368 373
f 279 373 294
f 294 373 388
f 294 388 313
f 313 388 423
f 313 423 351
f 351 423 455
f 351 455 391
f 391 455 493
f 391 493 437
f 437 493 519
f 437 519 481
f 481 519 520
f 481 520 482
f 482 520 535
f 482 535 495
f 495 535 556
f 495 556 502
f 502 556 555
f 502 555 501
f 501 555 497
f 501 497 447
f 447 497 461
f 447 461 415
f 415 461 439
f 415 439 383
f 383 439 421
f 383 421 349
f 349 421 409
f 349 409 327
f 327 409 400
f 327 400 318
f 318 400 399
f 318 399 317
f 317 399 407
f 317 407 325
f 325 407 412
f 325 412 333
f 333 412 419
f 333 419 343
f 343 419 426
f 343 426 360
f 360 426 1010
f 1009 489 425
f 425 489 477
f 425 477 411
f 411 477 457
f 411 457 387
f 387 457 451
f 387 451 379
f 379 451 445
f 379 445 371
f 371 445 441
f 371 441 367
f 367 441 442
f 367 442 368
f 368 442 449
f 368 449 373
f 373 449 459
f 373 459 388
f 388 459 487
f 388 487 423
f 423 487 505
f 423 505 455
f 455 505 541
f 455 541 493
f 493 541 563
f 493 563 519
f 519 563 564
f 519 564 520
f 520 564 576
f 520 576 535
f 535 576 588
f 535 588 556
f 556 588 587
f 556 587 555
f 555 587 549
f 555 549 497
f 497 549 517
f 497 517 461
f 461 517 499
f 461 499 439
f 439 499 485
f 439 485 421
f 421 485 473
f 421 473 409
f 409 473 464
f 409 464 400
f 400 464 463
f 400 463 399
f 399 463 467
f 399 467 407
f 407 467 475
f 407 475 412
f 412 475 479
f 412 479 419
f 419 479 490
f 419 490 426
f 426 490 1010
f 1009 551 489
f 489 551 537
f 489 537 477
f 477 537 523
f 477 523 457
f 457 523 515
f 457 515 451
f 451 515 511
f 451 511 445
f 445 511 507
f 445 507 441
f 441 507 508
f 441 508 442
f 442 508 513
f 442 513 449
f 449 513 525
f 449 525 459
f 459 525 547
f 459 547 487
f 487 547 561
f 487 561 505
f 505 561 585
f 505 585 541
f 541 585 617
f 541 617 563
f 563 617 618
f 563 618 564
f 564 618 623
f 564 623 576
f 576 623 628
f 576 628 588
f 588 628 627
f 588 627 587
f 587 627 599
f 587 599 549
f 549 599 567
f 549 567 517
f 517 567 559
f 517 559 499
f 499 559 545
f 499 545 485
f 485 545 533
f 485 533 473
f 473 533 528
f 473 528 464
f 464 528 527
f 464 527 463
f 463 527 531
f 463 531 467
f 467 531 538
f 467 538 475
f 475 538 543
f 475 543 479
f 479 543 552
f 479 552 490
f 490 552 1010
f 1009 611 551
f 551 611 603
f 551 603 537
f 537 603 581
f 537 581 523
f 523 581 579
f 523 579 515
f 515 579 573
f 515 573 511
f 511 573 569
f 511 569 507
f 507 569 570
f 507 570 508
f 508 570 575
f 508 575 513
f 513 575 582
f 513 582 525
f 525 582 609
f 525 609 547
f 547 609 621
f 547 621 561
f 561 621 638
f 561 638 585
f 585 638 671
f 585 671 617
f 617 671 672
f 617 672 618
f 618 672 675
f 618 675 623
f 623 675 682
f 623 682 628
f 628 682 681
f 628 681 627
f 627 681 643
f 627 643 599
f 599 643 625
f 599 625 567
f 567 625 615
f 567 615 559
f 559 615 607
f 559 607 545
f 545 607 597
f 545 597 533
f 533 597 592
f 533 592 528
f 528 592 591
f 528 591 527
f 527 591 595
f 527 595 531
f 531 595 601
f 531 601 538
f 538 601 605
f 538 605 543
f 543 605 612
f 543 612 552
f 552 612 1010
f 1009 667 611
f 611 667 658
f 611 658 603
f 603 658 645
f 603 645 581
f 581 645 641
f 581 641 579
f 579 641 635
f 579 635 573
f 573 635 631
f 573 631 569
f 569 631 632
f 569 632 570
f 570 632 637
f 570 637 575
f 575 637 646
f 575 646 582
f 582 646 665
f 582 665 609
f 609 665 679
f 609 679 621
f 621 679 687
f 621 687 638
f 638 687 705
f 638 705 671
f 671 705 706
f 671 706 672
f 672 706 721
f 672 721 675
f 675 721 734
f 675 734 682
f 682 734 733
f 682 733 681
f 681 733 689
f 681 689 643
f 643 689 685
f 643 685 625
f 625 685 677
f 625 677 615
f 615 677 663
f 615 663 607
f 607 663 655
f 607 655 597
f 597 655 650
f 597 650 592
f 592 650 649
f 592 649 591
f 591 649 653
f 591 653 595
f 595 653 657
f 595 657 601
f 601 657 661
f 601 661 605
f 605 661 668
f 605 668 612
f 612 668 1010
f 1009 729 667
f 667 729 717
f 667 717 658
f 658 717 701
f 658 701 645
f 645 701 699
f 645 699 641
f 641 699 695
f 641 695 635
f 635 695 691
f 635 691 631
f 631 691 692
f 631 692 632
f 632 692 697
f 632 697 637
f 637 697 703
f 637 703 646
f 646 703 727
f 646 727 665
f 665 727 739
f 665 739 679
f 679 739 743
f 679 743 687
f 687 743 747
f 687 747 705
f 705 747 748
f 705 748 706
f 706 748 757
f 706 757 721
f 721 757 768
f 721 768 734
f 734 768 767
f 734 767 733
f 733 767 745
f 733 745 689
f 689 745 741
f 689 741 685
f 685 741 737
f 685 737 677
f 677 737 725
f 677 725 663
f 663 725 715
f 663 715 655
f 655 715 710
f 655 710 650
f 650 710 709
f 650 709 649
f 649 709 713
f 649 713 653
f 653 713 718
f 653 718 657
f 657 718 723
f 657 723 661
f 661 723 730
f 661 730 668
f 668 730 1010
f 1009 789 729
f 729 789 780
f 729 780 717
f 717 780 763
f 717 763 701
f 701 763 761
f 701 761 699
f 699 761 755
f 699 755 695
f 695 755 751
f 695 751 691
f 691 751 752
f 691 752 692
f 692 752 759
f 692 759 697
f 697 759 764
f 697 764 703
f 703 764 787
f 703 787 727
f 727 787 795
f 727 795 739
f 739 795 799
f 739 799 743
f 743 799 803
f 743 803 747
f 747 803 804
f 747 804 748
f 748 804 807
f 748 807 757
f 757 807 810
f 757 810 768
f 768 810 809
f 768 809 767
f 767 809 801
f 767 801 745
f 745 801 797
f 745 797 741
f 741 797 793
f 741 793 737
f 737 793 785
f 737 785 725
f 725 785 777
f 725 777 715
f 715 777 772
f 715 772 710
f 710 772 771
f 710 771 709
f 709 771 775
f 709 775 713
f 713 775 779
f 713 779 718
f 718 779 783
f 718 783 723
f 723 783 790
f 723 790 730
f 730 790 1010
f 1009 845 789
f 789 845 835
f 789 835 780
f 780 835 823
f 780 823 763
f 763 823 821
f 763 821 761
f 761 821 817
f 761 817 755
f 755 817 813
f 755 813 751
f 751 813 814
f 751 814 752
f 752 814 819
f 752 819 759
f 759 819 824
f 759 824 764
f 764 824 843
f 764 843 787
f 787 843 851
f 787 851 795
f 795 851 855
f 795 855 799
f 799 855 859
f 799 859 803
f 803 859 860
f 803 860 804
f 804 860 863
f 804 863 807
f 807 863 866
f 807 866 810
f 810 866 865
f 810 865 809
f 809 865 857
f 809 857 801
f 801 857 853
f 801 853 797
f 797 853 849
f 797 849 793
f 793 849 841
f 793 841 785
f 785 841 833
f 785 833 777
f 777 833 828
f 777 828 772
f 772 828 827
f 772 827 771
f 771 827 831
f 771 831 775
f 775 831 836
f 775 836 779
f 779 836 839
f 779 839 783
f 783 839 846
f 783 846 790
f 790 846 1010
f 1009 901 845
f 845 901 891
f 845 891 835
f 835 891 879
f 835 879 823
f 823 879 877
f 823 877 821
f 821 877 873
f 821 873 817
f 817 873 869
f 817 869 813
f 813 869 870
f 813 870 814
f 814 870 875
f 814 875 819
f 819 875 880
f 819 880 824
f 824 880 899
f 824 899 843
f 843 899 907
f 843 907 851
f 851 907 911
f 851 911 855
f 855 911 915
f 855 915 859
f 859 915 916
f 859 916 860
f 860 916 919
f 860 919 863
f 863 919 922
f 863 922 866
f 866 922 921
f 866 921 865
f 865 921 913
f 865 913 857
f 857 913 909
f 857 909 853
f 853 909 905
f 853 905 849
f 849 905 897
f 849 897 841
f 841 897 889
f 841 889 833
f 833 889 884
f 833 884 828
f 828 884 883
f 828 883 827
f 827 883 887
f 827 887 831
f 831 887 892
f 831 892 836
f 836 892 895
f 836 895 839
f 839 895 902
f 839 902 846
f 846 902 1010
f 1009 957 901
f 901 957 947
f 901 947 891
f 891 947 935
f 891 935 879
f 879 935 933
f 879 933 877
f 877 933 929
f 877 929 873
f 873 929 925
f 873 925 869
f 869 925 926
f 869 926 870
f 870 926 931
f 870 931 875
f 875 931 936
f 875 936 880
f 880 936 954
f 880 954 899
f 899 954 963
f 899 963 907
f 907 963 967
f 907 967 911
f 911 967 971
f 911 971 915
f 915 971 972
f 915 972 916
f 916 972 975
f 916 975 919
f 919 975 978
f 919 978 922
f 922 978 977
f 922 977 921
f 921 977 969
f 921 969 913
f 913 969 965
f 913 965 909
f 909 965 961
f 909 961 905
f 905 961 953
f 905 953 897
f 897 953 945
f 897 945 889
f 889 945 940
f 889 940 884
f 884 940 939
f 884 939 883
f 883 939 943
f 883 943 887
f 887 943 948
f 887 948 892
f 892 948 951
f 892 951 895
f 895 951 958
f 895 958 902
f 902 958 1010
f 1009 997 957
f 957 997 993
f 957 993 947
f 947 993 986
f 947 986 935
f 935 986 985
f 935 985 933
f 933 985 983
f 933 983 929
f 929 983 981
f 929 981 925
f 925 981 982
f 925 982 926
f 926 982 984
f 926 984 931
f 931 984 987
f 931 987 936
f 936 987 996
f 936 996 954
f 954 996 1000
f 954 1000 963
f 963 1000 1002
f 963 1002 967
f 967 1002 1004
f 967 1004 971
f 971 1004 1005
f 971 1005 972
f 972 1005 1006
f 972 1006 975
f 975 1006 1008
f 975 1008 978
f 978 1008 1007
f 978 1007 977
f 977 1007 1003
f 977 1003 969
f 969 1003 1001
f 969 1001 965
f 965 1001 999
f 965 999 961
f 961 999 995
f 961 995 953
f 953 995 991
f 953 991 945
f 945 991 989
f 945 989 940
f 940 989 988
f 940 988 939
f 939 988 990
f 939 990 943
f 943 990 992
f 943 992 948
f 948 992 994
f 948 994 951
f 951 994 998
f 951 998 958
f 958 998 1010
f 1009 1059 997
f 997 1059 1069
f 997 1069 993
f 993 1069 1081
f 993 1081 986
f 986 1081 1085
f 986 1085 985
f 985 1085 1089
f 985 1089 983
f 983 1089 1091
f 983 1091 981
f 981 1091 1092
f 981 1092 982
f 982 1092 1087
f 982 1087 984
f 984 1087 1082
f 984 1082 987
f 987 1082 1064
f 987 1064 996
f 996 1064 1055
f 996 1055 1000
f 1000 1055 1051
f 1000 1051 1002
f 1002 1051 1045
f 1002 1045 1004
f 1004 1045 1046
f 1004 1046 1005
f 1005 1046 1043
f 1005 1043 1006
f 1006 1043 1040
f 1006 1040 1008
f 1008 1040 1039
f 1008 1039 1007
f 1007 1039 1049
f 1007 1049 1003
f 1003 1049 1053
f 1003 1053 1001
f 1001 1053 1057
f 1001 1057 999
f 999 1057 1063
f 999 1063 995
f 995 1063 1073
f 995 1073 991
f 991 1073 1078
f 991 1078 989
f 989 1078 1077
f 989 1077 988
f 988 1077 1075
f 988 1075 990
f 990 1075 1070
f 990 1070 992
f 992 1070 1067
f 992 1067 994
f 994 1067 1060
f 994 1060 998
f 998 1060 1010
f 1009 1115 1059
f 1059 1115 1125
f 1059 1125 1069
f 1069 1125 1137
f 1069 1137 1081
f 1081 1137 1141
f 1081 1141 1085
f 1085 1141 1145
f 1085 1145 1089
f 1089 1145 1147
f 1089 1147 1091
f 1091 1147 1148
f 1091 1148 1092
f 1092 1148 1143
f 1092 1143 1087
f 1087 1143 1138
f 1087 1138 1082
f 1082 1138 1119
f 1082 1119 1064
f 1064 1119 1111
f 1064 1111 1055
f 1055 1111 1107
f 1055 1107 1051
f 1051 1107 1101
f 1051 1101 1045
f 1045 1101 1102
f 1045 1102 1046
f 1046 1102 1099
f 1046 1099 1043
f 1043 1099 1096
f 1043 1096 1040
f 1040 1096 1095
f 1040 1095 1039
f 1039 1095 1105
f 1039 1105 1049
f 1049 1105 1109
f 1049 1109 1053
f 1053 1109 1113
f 1053 1113 1057
f 1057 1113 1121
f 1057 1121 1063
f 1063 1121 1129
f 1063 1129 1073
f 1073 1129 1134
f 1073 1134 1078
f 1078 1134 1133
f 1078 1133 1077
f 1077 1133 1131
f 1077 1131 1075
f 1075 1131 1126
f 1075 1126 1070
f 1070 1126 1123
f 1070 1123 1067
f 1067 1123 1116
f 1067 1116 1060
f 1060 1116 1010
f 1009 1171 1115
f 1115 1171 1181
f 1115 1181 1125
f 1125 1181 1193
f 1125 1193 1137
f 1137 1193 1197
f 1137 1197 1141
f 1141 1197 1201
f 1141 1201 1145
f 1145 1201 1203
f 1145 1203 1147
f 1147 1203 1204
f 1147 1204 1148
f 1148 1204 1199
f 1148 1199 1143
f 1143 1199 1194
f 1143 1194 1138
f 1138 1194 1175
f 1138 1175 1119
f 1119 1175 1167
f 1119 1167 1111
f 1111 1167 1163
f 1111 1163 1107
f 1107 1163 1157
f 1107 1157 1101
f 1101 1157 1158
f 1101 1158 1102
f 1102 1158 1155
f 1102 1155 1099
f 1099 1155 1152
f 1099 1152 1096
f 1096 1152 1151
f 1096 1151 1095
f 1095 1151 1161
f 1095 1161 1105
f 1105 1161 1165
f 1105 1165 1109
f 1109 1165 1169
f 1109 1169 1113
f 1113 1169 1177
f 1113 1177 1121
f 1121 1177 1185
f 1121 1185 1129
f 1129 1185 1190
f 1129 1190 1134
f 1134 1190 1189
f 1134 1189 1133
f 1133 1189 1187
f 1133 1187 1131
f 1131 1187 1182
f 1131 1182 1126
f 1126 1182 1179
f 1126 1179 1123
f 1123 1179 1172
f 1123 1172 1116
f 1116 1172 1010
f 1009 1227 1171
f 1171 1227 1238
f 1171 1238 1181
f 1181 1238 1253
f 1181 1253 1193
f 1193 1253 1257
f 1193 1257 1197
f 1197 1257 1263
f 1197 1263 1201
f 1201 1263 1265
f 1201 1265 1203
f 1203 1265 1266
f 1203 1266 1204
f 1204 1266 1259
f 1204 1259 1199
f 1199 1259 1254
f 1199 1254 1194
f 1194 1254 1231
f 1194 1231 1175
f 1175 1231 1223
f 1175 1223 1167
f 1167 1223 1219
f 1167 1219 1163
f 1163 1219 1213
f 1163 1213 1157
f 1157 1213 1214
f 1157 1214 1158
f 1158 1214 1211
f 1158 1211 1155
f 1155 1211 1208
f 1155 1208 1152
f 1152 1208 1207
f 1152 1207 1151
f 1151 1207 1217
f 1151 1217 1161
f 1161 1217 1221
f 1161 1221 1165
f 1165 1221 1225
f 1165 1225 1169
f 1169 1225 1233
f 1169 1233 1177
f 1177 1233 1241
f 1177 1241 1185
f 1185 1241 1246
f 1185 1246 1190
f 1190 1246 1245
f 1190 1245 1189
f 1189 1245 1243
f 1189 1243 1187
f 1187 1243 1237
f 1187 1237 1182
f 1182 1237 1235
f 1182 1235 1179
f 1179 1235 1228
f 1179 1228 1172
f 1172 1228 1010
f 1009 1287 1227
f 1227 1287 1299
f 1227 1299 1238
f 1238 1299 1317
f 1238 1317 1253
f 1253 1317 1319
f 1253 1319 1257
f 1257 1319 1323
f 1257 1323 1263
f 1263 1323 1325
f 1263 1325 1265
f 1265 1325 1326
f 1265 1326 1266
f 1266 1326 1321
f 1266 1321 1259
f 1259 1321 1315
f 1259 1315 1254
f 1254 1315 1291
f 1254 1291 1231
f 1231 1291 1279
f 1231 1279 1223
f 1223 1279 1275
f 1223 1275 1219
f 1219 1275 1269
f 1219 1269 1213
f 1213 1269 1270
f 1213 1270 1214
f 1214 1270 1261
f 1214 1261 1211
f 1211 1261 1250
f 1211 1250 1208
f 1208 1250 1249
f 1208 1249 1207
f 1207 1249 1273
f 1207 1273 1217
f 1217 1273 1277
f 1217 1277 1221
f 1221 1277 1281
f 1221 1281 1225
f 1225 1281 1293
f 1225 1293 1233
f 1233 1293 1303
f 1233 1303 1241
f 1241 1303 1308
f 1241 1308 1246
f 1246 1308 1307
f 1246 1307 1245
f 1245 1307 1305
f 1245 1305 1243
f 1243 1305 1300
f 1243 1300 1237
f 1237 1300 1295
f 1237 1295 1235
f 1235 1295 1288
f 1235 1288 1228
f 1228 1288 1010
f 1009 1349 1287
f 1287 1349 1360
f 1287 1360 1299
f 1299 1360 1371
f 1299 1371 1317
f 1317 1371 1377
f 1317 1377 1319
f 1319 1377 1383
f 1319 1383 1323
f 1323 1383 1385
f 1323 1385 1325
f 1325 1385 1386
f 1325 1386 1326
f 1326 1386 1379
f 1326 1379 1321
f 1321 1379 1372
f 1321 1372 1315
f 1315 1372 1353
f 1315 1353 1291
f 1291 1353 1339
f 1291 1339 1279
f 1279 1339 1331
f 1279 1331 1275
f 1275 1331 1311
f 1275 1311 1269
f 1269 1311 1312
f 1269 1312 1270
f 1270 1312 1297
f 1270 1297 1261
f 1261 1297 1284
f 1261 1284 1250
f 1250 1284 1283
f 1250 1283 1249
f 1249 1283 1329
f 1249 1329 1273
f 1273 1329 1333
f 1273 1333 1277
f 1277 1333 1341
f 1277 1341 1281
f 1281 1341 1355
f 1281 1355 1293
f 1293 1355 1363
f 1293 1363 1303
f 1303 1363 1368
f 1303 1368 1308
f 1308 1368 1367
f 1308 1367 1307
f 1307 1367 1365
f 1307 1365 1305
f 1305 1365 1359
f 1305 1359 1300
f 1300 1359 1357
f 1300 1357 1295
f 1295 1357 1350
f 1295 1350 1288
f 1288 1350 1010
f 1009 1405 1349
f 1349 1405 1415
f 1349 1415 1360
f 1360 1415 1435
f 1360 1435 1371
f 1371 1435 1439
f 1371 1439 1377
f 1377 1439 1445
f 1377 1445 1383
f 1383 1445 1447
f 1383 1447 1385
f 1385 1447 1448
f 1385 1448 1386
f 1386 1448 1441
f 1386 1441 1379
f 1379 1441 1436
f 1379 1436 1372
f 1372 1436 1409
f 1372 1409 1353
f 1353 1409 1397
f 1353 1397 1339
f 1339 1397 1380
f 1339 1380 1331
f 1331 1380 1345
f 1331 1345 1311
f 1311 1345 1346
f 1311 1346 1312
f 1312 1346 1343
f 1312 1343 1297
f 1297 1343 1336
f 1297 1336 1284
f 1284 1336 1335
f 1284 1335 1283
f 1283 1335 1375
f 1283 1375 1329
f 1329 1375 1393
f 1329 1393 1333
f 1333 1393 1403
f 1333 1403 1341
f 1341 1403 1411
f 1341 1411 1355
f 1355 1411 1421
f 1355 1421 1363
f 1363 1421 1426
f 1363 1426 1368
f 1368 1426 1425
f 1368 1425 1367
f 1367 1425 1423
f 1367 1423 1365
f 1365 1423 1417
f 1365 1417 1359
f 1359 1417 1413
f 1359 1413 1357
f 1357 1413 1406
f 1357 1406 1350
f 1350 1406 1010
f 1009 1465 1405
f 1405 1465 1479
f 1405 1479 1415
f 1415 1479 1495
f 1415 1495 1435
f 1435 1495 1503
f 1435 1503 1439
f 1439 1503 1507
f 1439 1507 1445
f 1445 1507 1509
f 1445 1509 1447
f 1447 1509 1510
f 1447 1510 1448
f 1448 1510 1505
f 1448 1505 1441
f 1441 1505 1493
f 1441 1493 1436
f 1436 1493 1471
f 1436 1471 1409
f 1409 1471 1457
f 1409 1457 1397
f 1397 1457 1433
f 1397 1433 1380
f 1380 1433 1399
f 1380 1399 1345
f 1345 1399 1400
f 1345 1400 1346
f 1346 1400 1395
f 1346 1395 1343
f 1343 1395 1390
f 1343 1390 1336
f 1336 1390 1389
f 1336 1389 1335
f 1335 1389 1419
f 1335 1419 1375
f 1375 1419 1451
f 1375 1451 1393
f 1393 1451 1459
f 1393 1459 1403
f 1403 1459 1473
f 1403 1473 1411
f 1411 1473 1485
f 1411 1485 1421
f 1421 1485 1490
f 1421 1490 1426
f 1426 1490 1489
f 1426 1489 1425
f 1425 1489 1487
f 1425 1487 1423
f 1423 1487 1480
f 1423 1480 1417
f 1417 1480 1475
f 1417 1475 1413
f 1413 1475 1466
f 1413 1466 1406
f 1406 1466 1010
f 1009 1527 1465
f 1465 1527 1541
f 1465 1541 1479
f 1479 1541 1561
f 1479 1561 1495
f 1495 1561 1567
f 1495 1567 1503
f 1503 1567 1573
f 1503 1573 1507
f 1507 1573 1575
f 1507 1575 1509
f 1509 1575 1576
f 1509 1576 1510
f 1510 1576 1569
f 1510 1569 1505
f 1505 1569 1559
f 1505 1559 1493
f 1493 1559 1531
f 1493 1531 1471
f 1471 1531 1513
f 1471 1513 1457
f 1457 1513 1477
f 1457 1477 1433
f 1433 1477 1453
f 1433 1453 1399
f 1399 1453 1454
f 1399 1454 1400
f 1400 1454 1442
f 1400 1442 1395
f 1395 1442 1430
f 1395 1430 1390
f 1390 1430 1429
f 1390 1429 1389
f 1389 1429 1469
f 1389 1469 1419
f 1419 1469 1501
f 1419 1501 1451
f 1451 1501 1519
f 1451 1519 1459
f 1459 1519 1533
f 1459 1533 1473
f 1473 1533 1545
f 1473 1545 1485
f 1485 1545 1554
f 1485 1554 1490
f 1490 1554 1553
f 1490 1553 1489
f 1489 1553 1551
f 1489 1551 1487
f 1487 1551 1543
f 1487 1543 1480
f 1480 1543 1539
f 1480 1539 1475
f 1475 1539 1528
f 1475 1528 1466
f 1466 1528 1010
f 1009 1591 1527
f 1527 1591 1605
f 1527 1605 1541
f 1541 1605 1629
f 1541 1629 1561
f 1561 1629 1637
f 1561 1637 1567
f 1567 1637 1647
f 1567 1647 1573
f 1573 1647 1649
f 1573 1649 1575
f 1575 1649 1650
f 1575 1650 1576
f 1576 1650 1645
f 1576 1645 1569
f 1569 1645 1630
f 1569 1630 1559
f 1559 1630 1595
f 1559 1595 1531
f 1531 1595 1563
f 1531 1563 1513
f 1513 1563 1525
f 1513 1525 1477
f 1477 1525 1497
f 1477 1497 1453
f 1453 1497 1498
f 1453 1498 1454
f 1454 1498 1483
f 1454 1483 1442
f 1442 1483 1462
f 1442 1462 1430
f 1430 1462 1461
f 1430 1461 1429
f 1429 1461 1521
f 1429 1521 1469
f 1469 1521 1557
f 1469 1557 1501
f 1501 1557 1579
f 1501 1579 1519
f 1519 1579 1597
f 1519 1597 1533
f 1533 1597 1609
f 1533 1609 1545
f 1545 1609 1618
f 1545 1618 1554
f 1554 1618 1617
f 1554 1617 1553
f 1553 1617 1611
f 1553 1611 1551
f 1551 1611 1606
f 1551 1606 1543
f 1543 1606 1599
f 1543 1599 1539
f 1539 1599 1592
f 1539 1592 1528
f 1528 1592 1010
f 1009 1657 1591
f 1591 1657 1684
f 1591 1684 1605
f 1605 1684 1707
f 1605 1707 1629
f 1629 1707 1720
f 1629 1720 1637
f 1637 1720 1732
f 1637 1732 1647
f 1647 1732 1738
f 1647 1738 1649
f 1649 1738 1739
f 1649 1739 1650
f 1650 1739 1724
f 1650 1724 1645
f 1645 1724 1705
f 1645 1705 1630
f 1630 1705 1667
f 1630 1667 1595
f 1595 1667 1627
f 1595 1627 1563
f 1563 1627 1581
f 1563 1581 1525
f 1525 1581 1535
f 1525 1535 1497
f 1497 1535 1536
f 1497 1536 1498
f 1498 1536 1523
f 1498 1523 1483
f 1483 1523 1516
f 1483 1516 1462
f 1462 1516 1515
f 1462 1515 1461
f 1461 1515 1571
f 1461 1571 1521
f 1521 1571 1603
f 1521 1603 1557
f 1557 1603 1635
f 1557 1635 1579
f 1579 1635 1669
f 1579 1669 1597
f 1597 1669 1691
f 1597 1691 1609
f 1609 1691 1700
f 1609 1700 1618
f 1618 1700 1699
f 1618 1699 1617
f 1617 1699 1693
f 1617 1693 1611
f 1611 1693 1683
f 1611 1683 1606
f 1606 1683 1675
f 1606 1675 1599
f 1599 1675 1658
f 1599 1658 1592
f 1592 1658 1010
f 1009 1728 1657
f 1657 1728 1754
f 1657 1754 1684
f 1684 1754 1776
f 1684 1776 1707
f 1707 1776 1788
f 1707 1788 1720
f 1720 1788 1803
f 1720 1803 1732
f 1732 1803 1805
f 1732 1805 1738
f 1738 1805 1806
f 1738 1806 1739
f 1739 1806 1795
f 1739 1795 1724
f 1724 1795 1772
f 1724 1772 1705
f 1705 1772 1744
f 1705 1744 1667
f 1667 1744 1689
f 1667 1689 1627
f 1627 1689 1633
f 1627 1633 1581
f 1581 1633 1583
f 1581 1583 1535
f 1535 1583 1584
f 1535 1584 1536
f 1536 1584 1565
f 1536 1565 1523
f 1523 1565 1548
f 1523 1548 1516
f 1516 1548 1547
f 1516 1547 1515
f 1515 1547 1621
f 1515 1621 1571
f 1571 1621 1661
f 1571 1661 1603
f 1603 1661 1709
f 1603 1709 1635
f 1635 1709 1746
f 1635 1746 1669
f 1669 1746 1758
f 1669 1758 1691
f 1691 1758 1767
f 1691 1767 1700
f 1700 1767 1766
f 1700 1766 1699
f 1699 1766 1760
f 1699 1760 1693
f 1693 1760 1756
f 1693 1756 1683
f 1683 1756 1748
f 1683 1748 1675
f 1675 1748 1729
f 1675 1729 1658
f 1658 1729 1010
f 1009 1780 1728
f 1728 1780 1812
f 1728 1812 1754
f 1754 1812 1830
f 1754 1830 1776
f 1776 1830 1847
f 1776 1847 1788
f 1788 1847 1857
f 1788 1857 1803
f 1803 1857 1861
f 1803 1861 1805
f 1805 1861 1862
f 1805 1862 1806
f 1806 1862 1851
f 1806 1851 1795
f 1795 1851 1828
f 1795 1828 1772
f 1772 1828 1791
f 1772 1791 1744
f 1744 1791 1750
f 1744 1750 1689
f 1689 1750 1681
f 1689 1681 1633
f 1633 1681 1622
f 1633 1622 1583
f 1583 1622 1623
f 1583 1623 1584
f 1584 1623 1601
f 1584 1601 1565
f 1565 1601 1588
f 1565 1588 1548
f 1548 1588 1587
f 1548 1587 1547
f 1547 1587 1671
f 1547 1671 1621
f 1621 1671 1721
f 1621 1721 1661
f 1661 1721 1764
f 1661 1764 1709
f 1709 1764 1793
f 1709 1793 1746
f 1746 1793 1816
f 1746 1816 1758
f 1758 1816 1821
f 1758 1821 1767
f 1767 1821 1820
f 1767 1820 1766
f 1766 1820 1818
f 1766 1818 1760
f 1760 1818 1813
f 1760 1813 1756
f 1756 1813 1797
f 1756 1797 1748
f 1748 1797 1781
f 1748 1781 1729
f 1729 1781 1010
f 1009 1832 1780
f 1780 1832 1853
f 1780 1853 1812
f 1812 1853 1886
f 1812 1886 1830
f 1830 1886 1901
f 1830 1901 1847
f 1847 1901 1917
f 1847 1917 1857
f 1857 1917 1925
f 1857 1925 1861
f 1861 1925 1926
f 1861 1926 1862
f 1862 1926 1911
f 1862 1911 1851
f 1851 1911 1884
f 1851 1884 1828
f 1828 1884 1836
f 1828 1836 1791
f 1791 1836 1786
f 1791 1786 1750
f 1750 1786 1726
f 1750 1726 1681
f 1681 1726 1653
f 1681 1653 1622
f 1622 1653 1654
f 1622 1654 1623
f 1623 1654 1638
f 1623 1638 1601
f 1601 1638 1614
f 1601 1614 1588
f 1588 1614 1613
f 1588 1613 1587
f 1587 1613 1714
f 1587 1714 1671
f 1671 1714 1770
f 1671 1770 1721
f 1721 1770 1810
f 1721 1810 1764
f 1764 1810 1840
f 1764 1840 1793
f 1793 1840 1859
f 1793 1859 1816
f 1816 1859 1870
f 1816 1870 1821
f 1821 1870 1869
f 1821 1869 1820
f 1820 1869 1867
f 1820 1867 1818
f 1818 1867 1855
f 1818 1855 1813
f 1813 1855 1845
f 1813 1845 1797
f 1797 1845 1833
f 1797 1833 1781
f 1781 1833 1010
f 1009 1873 1832
f 1832 1873 1893
f 1832 1893 1853
f 1853 1893 1933
f 1853 1933 1886
f 1886 1933 1956
f 1886 1956 1901
f 1901 1956 1975
f 1901 1975 1917
f 1917 1975 1982
f 1917 1982 1925
f 1925 1982 1983
f 1925 1983 1926
f 1926 1983 1965
f 1926 1965 1911
f 1911 1965 1931
f 1911 1931 1884
f 1884 1931 1880
f 1884 1880 1836
f 1836 1880 1824
f 1836 1824 1786
f 1786 1824 1762
f 1786 1762 1726
f 1726 1762 1695
f 1726 1695 1653
f 1653 1695 1696
f 1653 1696 1654
f 1654 1696 1673
f 1654 1673 1638
f 1638 1673 1642
f 1638 1642 1614
f 1614 1642 1641
f 1614 1641 1613
f 1613 1641 1752
f 1613 1752 1714
f 1714 1752 1799
f 1714 1799 1770
f 1770 1799 1842
f 1770 1842 1810
f 1810 1842 1882
f 1810 1882 1840
f 1840 1882 1903
f 1840 1903 1859
f 1859 1903 1914
f 1859 1914 1870
f 1870 1914 1913
f 1870 1913 1869
f 1869 1913 1905
f 1869 1905 1867
f 1867 1905 1894
f 1867 1894 1855
f 1855 1894 1888
f 1855 1888 1845
f 1845 1888 1874
f 1845 1874 1833
f 1833 1874 1010
f 1009 1897 1873
f 1873 1897 1939
f 1873 1939 1893
f 1893 1939 1968
f 1893 1968 1933
f 1933 1968 1992
f 1933 1992 1956
f 1956 1992 1998
f 1956 1998 1975
f 1975 1998 2000
f 1975 2000 1982
f 1982 2000 2001
f 1982 2001 1983
f 1983 2001 1996
f 1983 1996 1965
f 1965 1996 1969
f 1965 1969 1931
f 1931 1969 1907
f 1931 1907 1880
f 1880 1907 1848
f 1880 1848 1824
f 1824 1848 1778
f 1824 1778 1762
f 1762 1778 1716
f 1762 1716 1695
f 1695 1716 1717
f 1695 1717 1696
f 1696 1717 1703
f 1696 1703 1673
f 1673 1703 1664
f 1673 1664 1642
f 1642 1664 1663
f 1642 1663 1641
f 1641 1663 1773
f 1641 1773 1752
f 1752 1773 1826
f 1752 1826 1799
f 1799 1826 1878
f 1799 1878 1842
f 1842 1878 1909
f 1842 1909 1882
f 1882 1909 1945
f 1882 1945 1903
f 1903 1945 1953
f 1903 1953 1914
f 1914 1953 1952
f 1914 1952 1913
f 1913 1952 1949
f 1913 1949 1905
f 1905 1949 1940
f 1905 1940 1894
f 1894 1940 1919
f 1894 1919 1888
f 1888 1919 1898
f 1888 1898 1874
f 1874 1898 1010
f 1009 1921 1897
f 1897 1921 1958
f 1897 1958 1939
f 1939 1958 1990
f 1939 1990 1968
f 1968 1990 2004
f 1968 2004 1992
f 1992 2004 2009
f 1992 2009 1998
f 1998 2009 2012
f 1998 2012 2000
f 2000 2012 2013
f 2000 2013 2001
f 2001 2013 2007
f 2001 2007 1996
f 1996 2007 1988
f 1996 1988 1969
f 1969 1988 1935
f 1969 1935 1907
f 1907 1935 1865
f 1907 1865 1848
f 1848 1865 1800
f 1848 1800 1778
f 1778 1800 1734
f 1778 1734 1716
f 1716 1734 1735
f 1716 1735 1717
f 1717 1735 1711
f 1717 1711 1703
f 1703 1711 1678
f 1703 1678 1664
f 1664 1678 1677
f 1664 1677 1663
f 1663 1677 1784
f 1663 1784 1773
f 1773 1784 1837
f 1773 1837 1826
f 1826 1837 1890
f 1826 1890 1878
f 1878 1890 1937
f 1878 1937 1909
f 1909 1937 1962
f 1909 1962 1945
f 1945 1962 1978
f 1945 1978 1953
f 1953 1978 1977
f 1953 1977 1952
f 1952 1977 1972
f 1952 1972 1949
f 1949 1972 1959
f 1949 1959 1940
f 1940 1959 1947
f 1940 1947 1919
f 1919 1947 1922
f 1919 1922 1898
f 1898 1922 1010
f 1009 1929 1921
f 1921 1929 1964
f 1921 1964 1958
f 1958 1964 1995
f 1958 1995 1990
f 1990 1995 2006
f 1990 2006 2004
f 2004 2006 2016
f 2004 2016 2009
f 2009 2016 2017
f 2009 2017 2012
f 2012 2017 2018
f 2012 2018 2013
f 2013 2018 2011
f 2013 2011 2007
f 2007 2011 1994
f 2007 1994 1988
f 1988 1994 1943
f 1988 1943 1935
f 1935 1943 1877
f 1935 1877 1865
f 1865 1877 1809
f 1865 1809 1800
f 1800 1809 1742
f 1800 1742 1734
f 1734 1742 1743
f 1734 1743 1735
f 1735 1743 1713
f 1735 1713 1711
f 1711 1713 1688
f 1711 1688 1678
f 1678 1688 1687
f 1678 1687 1677
f 1677 1687 1790
f 1677 1790 1784
f 1784 1790 1844
f 1784 1844 1837
f 1837 1844 1892
f 1837 1892 1890
f 1890 1892 1944
f 1890 1944 1937
f 1937 1944 1974
f 1937 1974 1962
f 1962 1974 1987
f 1962 1987 1978
f 1978 1987 1986
f 1978 1986 1977
f 1977 1986 1981
f 1977 1981 1972
f 1972 1981 1966
f 1972 1966 1959
f 1959 1966 1951
f 1959 1951 1947
f 1947 1951 1930
f 1947 1930 1922
f 1922 1930 1010
