v -0.053000 0.000000 0.002500
v -0.053000 0.000000 0.157460
v -0.052878 0.000000 0.001727
v -0.052798 -0.004619 0.002500
v -0.052798 -0.004619 0.157460
v -0.052798 0.004619 0.002500
v -0.052798 0.004619 0.157460
v -0.052676 -0.004609 0.001727
v -0.052676 0.004609 0.001727
v -0.052675 0.000000 0.159929
v -0.052523 0.000000 0.001031
v -0.052474 -0.004591 0.159929
v -0.052474 0.004591 0.159929
v -0.052323 -0.004578 0.001031
v -0.052323 0.004578 0.001031
v -0.052195 -0.009203 0.002500
v -0.052195 -0.009203 0.157460
v -0.052195 0.009203 0.002500
v -0.052195 0.009203 0.157460
v -0.052074 -0.009182 0.001727
v -0.052074 0.009182 0.001727
v -0.051969 0.000000 0.000477
v -0.051875 -0.009147 0.159929
v -0.051875 0.009147 0.159929
v -0.051772 -0.004529 0.000477
v -0.051772 0.004529 0.000477
v -0.051725 -0.009120 0.001031
v -0.051722 0.000000 0.162230
v -0.051725 0.009120 0.001031
v -0.051600 0.000000 0.003900
v -0.051600 0.000000 0.157460
v -0.051525 -0.004508 0.162230
v -0.051525 0.004508 0.162230
v -0.051516 0.000000 0.003479
v -0.051404 -0.004497 0.003900
v -0.051404 -0.004497 0.157460
v -0.051404 0.004497 0.003900
v -0.051404 0.004497 0.157460
v -0.051320 -0.004490 0.003479
v -0.051323 0.000000 0.159567
v -0.051320 0.004490 0.003479
v -0.051278 0.000000 0.003122
v -0.051273 0.000000 0.000122
v -0.051194 -0.013717 0.002500
v -0.051194 -0.013717 0.157460
v -0.051194 0.013717 0.002500
v -0.051194 0.013717 0.157460
v -0.051180 -0.009024 0.000477
v -0.051180 0.009024 0.000477
v -0.051127 -0.004473 0.159567
v -0.051127 0.004473 0.159567
v -0.051076 -0.013686 0.001727
v -0.051077 -0.004469 0.000122
v -0.051083 -0.004469 0.003122
v -0.051077 0.004469 0.000122
v -0.051083 0.004469 0.003122
v -0.051076 0.013686 0.001727
v -0.050936 -0.008981 0.162230
v -0.050936 0.008981 0.162230
v -0.050921 0.000000 0.002884
v -0.050880 -0.013633 0.159929
v -0.050880 0.013633 0.159929
v -0.050816 -0.008960 0.003900
v -0.050816 -0.008960 0.157460
v -0.050816 0.008960 0.003900
v -0.050816 0.008960 0.157460
v -0.050733 -0.013594 0.001031
v -0.050734 -0.008946 0.003479
v -0.050727 -0.004438 0.002884
v -0.050727 0.004438 0.002884
v -0.050734 0.008946 0.003479
v -0.050733 0.013594 0.001031
v -0.050543 -0.008912 0.159567
v -0.050543 0.008912 0.159567
v -0.050509 0.000000 0.161530
v -0.050499 -0.008904 0.003122
v -0.050500 0.000000 0.000000
v -0.050500 0.000000 0.002800
v -0.050499 0.008904 0.003122
v -0.050494 -0.008903 0.000122
v -0.050494 0.008903 0.000122
v -0.050317 -0.004402 0.161530
v -0.050317 0.004402 0.161530
v -0.050308 -0.004401 0.000000
v -0.050308 -0.004401 0.002800
v -0.050308 0.004401 0.000000
v -0.050308 0.004401 0.002800
v -0.050206 0.000000 0.164206
v -0.050199 -0.013451 0.000477
v -0.050199 0.013451 0.000477
v -0.050147 -0.008842 0.002884
v -0.050147 0.008842 0.002884
v -0.050015 -0.004376 0.164206
v -0.050015 0.004376 0.164206
v -0.049960 -0.013387 0.162230
v -0.049960 0.013387 0.162230
v -0.049842 -0.013355 0.003900
v -0.049842 -0.013355 0.157460
v -0.049842 0.013355 0.003900
v -0.049842 0.013355 0.157460
v -0.049804 -0.018127 0.002500
v -0.049804 -0.018127 0.157460
v -0.049804 0.018127 0.002500
v -0.049804 0.018127 0.157460
v -0.049761 -0.013333 0.003479
v -0.049761 0.013333 0.003479
v -0.049742 -0.008771 0.161530
v -0.049742 0.008771 0.161530
v -0.049733 -0.008769 0.000000
v -0.049733 -0.008769 0.002800
v -0.049733 0.008769 0.000000
v -0.049733 0.008769 0.002800
v -0.049689 -0.018085 0.001727
v -0.049689 0.018085 0.001727
v -0.049574 -0.013283 0.159567
v -0.049574 0.013283 0.159567
v -0.049525 -0.013270 0.000122
v -0.049531 -0.013272 0.003122
v -0.049525 0.013270 0.000122
v -0.049531 0.013272 0.003122
v -0.049498 -0.018016 0.159929
v -0.049498 0.018016 0.159929
v -0.049443 -0.008718 0.164206
v -0.049443 0.008718 0.164206
v -0.049355 -0.017964 0.001031
v -0.049355 0.017964 0.001031
v -0.049216 0.000000 0.163216
v -0.049186 -0.013179 0.002884
v -0.049186 0.013179 0.002884
v -0.049029 -0.004289 0.163216
v -0.049029 0.004289 0.163216
v -0.048835 -0.017775 0.000477
v -0.048835 0.017775 0.000477
v -0.048788 -0.013073 0.161530
v -0.048788 0.013073 0.161530
v -0.048779 -0.013070 0.000000
v -0.048779 -0.013070 0.002800
v -0.048779 0.013070 0.000000
v -0.048779 0.013070 0.002800
v -0.048603 -0.017690 0.162230
v -0.048603 0.017690 0.162230
v -0.048495 -0.012994 0.164206
v -0.048495 0.012994 0.164206
v -0.048488 -0.017648 0.003900
v -0.048488 -0.017648 0.157460
v -0.048488 0.017648 0.003900
v -0.048488 0.017648 0.157460
v -0.048468 -0.008546 0.163216
v -0.048468 0.008546 0.163216
v -0.048409 -0.017620 0.003479
v -0.048409 0.017620 0.003479
v -0.048228 -0.017553 0.159567
v -0.048230 0.000000 0.165722
v -0.048228 0.017553 0.159567
v -0.048185 -0.017538 0.003122
v -0.048185 0.017538 0.003122
v -0.048180 -0.017536 0.000122
v -0.048180 0.017536 0.000122
v -0.048046 -0.004204 0.165722
v -0.048046 0.004204 0.165722
v -0.048034 -0.022399 0.002500
v -0.048034 -0.022399 0.157460
v -0.048034 0.022399 0.002500
v -0.048034 0.022399 0.157460
v -0.047923 -0.022347 0.001727
v -0.047923 0.022347 0.001727
v -0.047850 -0.017416 0.002884
v -0.047850 0.017416 0.002884
v -0.047740 -0.022261 0.159929
v -0.047740 0.022261 0.159929
v -0.047602 -0.022197 0.001031
v -0.047602 0.022197 0.001031
v -0.047539 -0.012738 0.163216
v -0.047539 0.012738 0.163216
v -0.047530 0.000000 0.164509
v -0.047497 -0.008375 0.165722
v -0.047497 0.008375 0.165722
v -0.047463 -0.017275 0.161530
v -0.047463 0.017275 0.161530
v -0.047454 -0.017272 0.000000
v -0.047454 -0.017272 0.002800
v -0.047454 0.017272 0.000000
v -0.047454 0.017272 0.002800
v -0.047349 -0.004143 0.164509
v -0.047349 0.004143 0.164509
v -0.047178 -0.017171 0.164206
v -0.047178 0.017171 0.164206
v -0.047100 -0.021963 0.000477
v -0.047100 0.021963 0.000477
v -0.046876 -0.021859 0.162230
v -0.046876 0.021859 0.162230
v -0.046808 -0.008253 0.164509
v -0.046808 0.008253 0.164509
v -0.046765 -0.021807 0.003900
v -0.046765 -0.021807 0.157460
v -0.046765 0.021807 0.003900
v -0.046765 0.021807 0.157460
v -0.046690 -0.021772 0.003479
v -0.046690 0.021772 0.003479
v -0.046587 -0.012483 0.165722
v -0.046587 0.012483 0.165722
v -0.046514 -0.021690 0.159567
v -0.046514 0.021690 0.159567
v -0.046469 -0.021669 0.000122
v -0.046473 -0.021671 0.003122
v -0.046469 0.021669 0.000122
v -0.046473 0.021671 0.003122
v -0.046248 -0.016833 0.163216
v -0.046248 0.016833 0.163216
v -0.046150 -0.021520 0.002884
v -0.046150 0.021520 0.002884
v -0.045929 0.000000 0.166675
v -0.045910 -0.012302 0.164509
v -0.045910 0.012302 0.164509
v -0.045899 -0.026500 0.002500
v -0.045899 -0.026500 0.157460
v -0.045899 0.026500 0.002500
v -0.045899 0.026500 0.157460
v -0.045793 -0.026439 0.001727
v -0.045793 0.026439 0.001727
v -0.045777 -0.021346 0.161530
v -0.045777 0.021346 0.161530
v -0.045769 -0.021342 0.000000
v -0.045769 -0.021342 0.002800
v -0.045769 0.021342 0.000000
v -0.045769 0.021342 0.002800
v -0.045754 -0.004003 0.166675
v -0.045754 0.004003 0.166675
v -0.045618 -0.026337 0.159929
v -0.045618 0.026337 0.159929
v -0.045567 0.000000 0.165323
v -0.045502 -0.021218 0.164206
v -0.045502 0.021218 0.164206
v -0.045486 -0.026261 0.001031
v -0.045486 0.026261 0.001031
v -0.045393 -0.003971 0.165323
v -0.045393 0.003971 0.165323
v -0.045321 -0.016496 0.165722
v -0.045321 0.016496 0.165722
v -0.045231 -0.007976 0.166675
v -0.045231 0.007976 0.166675
v -0.045007 -0.025985 0.000477
v -0.045007 0.025985 0.000477
v -0.044875 -0.007913 0.165323
v -0.044875 0.007913 0.165323
v -0.044792 -0.025861 0.162230
v -0.044792 0.025861 0.162230
v -0.044687 -0.025800 0.003900
v -0.044687 -0.025800 0.157460
v -0.044687 0.025800 0.003900
v -0.044687 0.025800 0.157460
v -0.044664 -0.016256 0.164509
v -0.044664 0.016256 0.164509
v -0.044614 -0.025758 0.003479
v -0.044614 0.025758 0.003479
v -0.044605 -0.020800 0.163216
v -0.044605 0.020800 0.163216
v -0.044447 -0.025661 0.159567
v -0.044447 0.025661 0.159567
v -0.044408 -0.025639 0.003122
v -0.044408 0.025639 0.003122
v -0.044403 -0.025636 0.000122
v -0.044403 0.025636 0.000122
v -0.044364 -0.011887 0.166675
v -0.044364 0.011887 0.166675
v -0.044099 -0.025460 0.002884
v -0.044099 0.025460 0.002884
v -0.044014 -0.011794 0.165323
v -0.044014 0.011794 0.165323
v -0.043742 -0.025255 0.161530
v -0.043742 0.025255 0.161530
v -0.043734 -0.025250 0.000000
v -0.043734 -0.025250 0.002800
v -0.043734 0.025250 0.000000
v -0.043734 0.025250 0.002800
v -0.043711 -0.020383 0.165722
v -0.043711 0.020383 0.165722
v -0.043479 -0.025103 0.164206
v -0.043479 0.025103 0.164206
v -0.043460 0.000000 0.167000
v -0.043460 0.000000 0.175400
v -0.043415 -0.030400 0.002500
v -0.043415 -0.030400 0.157460
v -0.043415 0.030400 0.002500
v -0.043415 0.030400 0.157460
v -0.043315 -0.030329 0.001727
v -0.043315 0.030329 0.001727
v -0.043295 -0.003788 0.167000
v -0.043295 -0.003788 0.175400
v -0.043295 0.003788 0.167000
v -0.043295 0.003788 0.175400
v -0.043159 -0.015709 0.166675
v -0.043159 0.015709 0.166675
v -0.043149 -0.030213 0.159929
v -0.043149 0.030213 0.159929
v -0.043077 -0.020087 0.164509
v -0.043077 0.020087 0.164509
v -0.043024 -0.030126 0.001031
v -0.043024 0.030126 0.001031
v -0.042860 0.000000 0.176000
v -0.042819 -0.015585 0.165323
v -0.042819 0.015585 0.165323
v -0.042800 -0.007547 0.167000
v -0.042800 -0.007547 0.175400
v -0.042800 0.007547 0.167000
v -0.042800 0.007547 0.175400
v -0.042697 -0.003735 0.176000
v -0.042697 0.003735 0.176000
v -0.042622 -0.024608 0.163216
v -0.042622 0.024608 0.163216
v -0.042571 -0.029808 0.000477
v -0.042571 0.029808 0.000477
v -0.042368 -0.029666 0.162230
v -0.042368 0.029666 0.162230
v -0.042268 -0.029597 0.003900
v -0.042268 -0.029597 0.157460
v -0.042268 0.029597 0.003900
v -0.042268 0.029597 0.157460
v -0.042209 -0.007443 0.176000
v -0.042209 0.007443 0.176000
v -0.042200 -0.029549 0.003479
v -0.042200 0.029549 0.003479
v -0.042060 0.000000 0.167000
v -0.042060 0.000000 0.176000
v -0.042041 -0.029437 0.159567
v -0.042041 0.029437 0.159567
v -0.042000 -0.029409 0.000122
v -0.042004 -0.029412 0.003122
v -0.042000 0.029409 0.000122
v -0.042004 0.029412 0.003122
v -0.041979 -0.011248 0.167000
v -0.041979 -0.011248 0.175400
v -0.041979 0.011248 0.167000
v -0.041979 0.011248 0.175400
v -0.041900 -0.003666 0.167000
v -0.041900 -0.003666 0.176000
v -0.041900 0.003666 0.167000
v -0.041900 0.003666 0.176000
v -0.041768 -0.024115 0.165722
v -0.041768 0.024115 0.165722
v -0.041712 -0.029207 0.002884
v -0.041712 0.029207 0.002884
v -0.041626 -0.019410 0.166675
v -0.041626 0.019410 0.166675
v -0.041421 -0.007304 0.167000
v -0.041421 -0.007304 0.176000
v -0.041421 0.007304 0.167000
v -0.041421 0.007304 0.176000
v -0.041400 -0.011093 0.176000
v -0.041400 0.011093 0.176000
v -0.041367 -0.028966 0.000000
v -0.041367 -0.028966 0.002800
v -0.041375 -0.028971 0.161530
v -0.041367 0.028966 0.000000
v -0.041367 0.028966 0.002800
v -0.041375 0.028971 0.161530
v -0.041298 -0.019257 0.165323
v -0.041298 0.019257 0.165323
v -0.041162 -0.023765 0.164509
v -0.041162 0.023765 0.164509
v -0.041126 -0.028797 0.164206
v -0.041126 0.028797 0.164206
v -0.040839 -0.014864 0.167000
v -0.040839 -0.014864 0.175400
v -0.040839 0.014864 0.167000
v -0.040839 0.014864 0.175400
v -0.040627 -0.010886 0.167000
v -0.040627 -0.010886 0.176000
v -0.040627 0.010886 0.167000
v -0.040627 0.010886 0.176000
v -0.040600 -0.034068 0.002500
v -0.040600 -0.034068 0.157460
v -0.040600 0.034068 0.002500
v -0.040600 0.034068 0.157460
v -0.040507 -0.033989 0.001727
v -0.040507 0.033989 0.001727
v -0.040351 -0.033859 0.159929
v -0.040351 0.033859 0.159929
v -0.040315 -0.028229 0.163216
v -0.040315 0.028229 0.163216
v -0.040275 -0.014659 0.176000
v -0.040275 0.014659 0.176000
v -0.040235 -0.033761 0.001031
v -0.040235 0.033761 0.001031
v -0.039811 -0.033405 0.000477
v -0.039811 0.033405 0.000477
v -0.039776 -0.022965 0.166675
v -0.039776 0.022965 0.166675
v -0.039621 -0.033246 0.162230
v -0.039621 0.033246 0.162230
v -0.039528 -0.033168 0.003900
v -0.039528 -0.033168 0.157460
v -0.039528 0.033168 0.003900
v -0.039528 0.033168 0.157460
v -0.039523 -0.014385 0.167000
v -0.039523 -0.014385 0.176000
v -0.039523 0.014385 0.167000
v -0.039523 0.014385 0.176000
v -0.039508 -0.027664 0.165722
v -0.039508 0.027664 0.165722
v -0.039464 -0.033114 0.003479
v -0.039462 -0.022783 0.165323
v -0.039462 0.022783 0.165323
v -0.039464 0.033114 0.003479
v -0.039388 -0.018367 0.167000
v -0.039388 -0.018367 0.175400
v -0.039388 0.018367 0.167000
v -0.039388 0.018367 0.175400
v -0.039315 -0.032990 0.159567
v -0.039315 0.032990 0.159567
v -0.039277 -0.032957 0.000122
v -0.039281 -0.032961 0.003122
v -0.039277 0.032957 0.000122
v -0.039281 0.032961 0.003122
v -0.039008 -0.032731 0.002884
v -0.039008 0.032731 0.002884
v -0.038934 -0.027262 0.164509
v -0.038934 0.027262 0.164509
v -0.038844 -0.018113 0.176000
v -0.038844 0.018113 0.176000
v -0.038692 -0.032467 0.161530
v -0.038685 -0.032461 0.000000
v -0.038685 -0.032461 0.002800
v -0.038685 0.032461 0.000000
v -0.038685 0.032461 0.002800
v -0.038692 0.032467 0.161530
v -0.038460 -0.032272 0.164206
v -0.038460 0.032272 0.164206
v -0.038119 -0.017775 0.167000
v -0.038119 -0.017775 0.176000
v -0.038119 0.017775 0.167000
v -0.038119 0.017775 0.176000
v -0.037702 -0.031635 0.163216
v -0.037702 0.031635 0.163216
v -0.037637 -0.021730 0.167000
v -0.037637 -0.021730 0.175400
v -0.037637 0.021730 0.167000
v -0.037637 0.021730 0.175400
v -0.037623 -0.026344 0.166675
v -0.037623 0.026344 0.166675
v -0.037477 -0.037477 0.002500
v -0.037477 -0.037477 0.157460
v -0.037477 0.037477 0.002500
v -0.037477 0.037477 0.157460
v -0.037390 -0.037390 0.001727
v -0.037390 0.037390 0.001727
v -0.037326 -0.026136 0.165323
v -0.037326 0.026136 0.165323
v -0.037247 -0.037247 0.159929
v -0.037247 0.037247 0.159929
v -0.037139 -0.037139 0.001031
v -0.037139 0.037139 0.001031
v -0.037118 -0.021430 0.176000
v -0.037118 0.021430 0.176000
v -0.036946 -0.031002 0.165722
v -0.036946 0.031002 0.165722
v -0.036748 -0.036748 0.000477
v -0.036748 0.036748 0.000477
v -0.036573 -0.036573 0.162230
v -0.036573 0.036573 0.162230
v -0.036487 -0.036487 0.003900
v -0.036487 -0.036487 0.157460
v -0.036487 0.036487 0.003900
v -0.036487 0.036487 0.157460
v -0.036428 -0.036428 0.003479
v -0.036425 -0.021030 0.167000
v -0.036425 -0.021030 0.176000
v -0.036425 0.021030 0.167000
v -0.036425 0.021030 0.176000
v -0.036428 0.036428 0.003479
v -0.036410 -0.030552 0.164509
v -0.036410 0.030552 0.164509
v -0.036291 -0.036291 0.159567
v -0.036291 0.036291 0.159567
v -0.036255 -0.036255 0.000122
v -0.036259 -0.036259 0.003122
v -0.036255 0.036255 0.000122
v -0.036259 0.036259 0.003122
v -0.036007 -0.036007 0.002884
v -0.036007 0.036007 0.002884
v -0.035716 -0.035716 0.161530
v -0.035716 0.035716 0.161530
v -0.035709 -0.035709 0.000000
v -0.035709 -0.035709 0.002800
v -0.035709 0.035709 0.000000
v -0.035709 0.035709 0.002800
v -0.035600 -0.024928 0.167000
v -0.035600 -0.024928 0.175400
v -0.035600 0.024928 0.167000
v -0.035600 0.024928 0.175400
v -0.035501 -0.035501 0.164206
v -0.035501 0.035501 0.164206
v -0.035184 -0.029523 0.166675
v -0.035184 0.029523 0.166675
v -0.035109 -0.024583 0.176000
v -0.035109 0.024583 0.176000
v -0.034906 -0.029290 0.165323
v -0.034906 0.029290 0.165323
v -0.034801 -0.034801 0.163216
v -0.034801 0.034801 0.163216
v -0.034454 -0.024125 0.167000
v -0.034454 -0.024125 0.176000
v -0.034454 0.024125 0.167000
v -0.034454 0.024125 0.176000
v -0.034104 -0.034104 0.165722
v -0.034104 0.034104 0.165722
v -0.034068 -0.040600 0.002500
v -0.034068 -0.040600 0.157460
v -0.034068 0.040600 0.002500
v -0.034068 0.040600 0.157460
v -0.033989 -0.040507 0.001727
v -0.033989 0.040507 0.001727
v -0.033859 -0.040351 0.159929
v -0.033859 0.040351 0.159929
v -0.033761 -0.040235 0.001031
v -0.033761 0.040235 0.001031
v -0.033609 -0.033609 0.164509
v -0.033609 0.033609 0.164509
v -0.033405 -0.039811 0.000477
v -0.033405 0.039811 0.000477
v -0.033292 -0.027936 0.167000
v -0.033292 -0.027936 0.175400
v -0.033292 0.027936 0.167000
v -0.033292 0.027936 0.175400
v -0.033246 -0.039621 0.162230
v -0.033246 0.039621 0.162230
v -0.033168 -0.039528 0.003900
v -0.033168 -0.039528 0.157460
v -0.033168 0.039528 0.003900
v -0.033168 0.039528 0.157460
v -0.033114 -0.039464 0.003479
v -0.033114 0.039464 0.003479
v -0.032990 -0.039315 0.159567
v -0.032990 0.039315 0.159567
v -0.032957 -0.039277 0.000122
v -0.032961 -0.039281 0.003122
v -0.032957 0.039277 0.000122
v -0.032961 0.039281 0.003122
v -0.032833 -0.027550 0.176000
v -0.032833 0.027550 0.176000
v -0.032731 -0.039008 0.002884
v -0.032731 0.039008 0.002884
v -0.032477 -0.032477 0.166675
v -0.032477 0.032477 0.166675
v -0.032467 -0.038692 0.161530
v -0.032467 0.038692 0.161530
v -0.032461 -0.038685 0.000000
v -0.032461 -0.038685 0.002800
v -0.032461 0.038685 0.000000
v -0.032461 0.038685 0.002800
v -0.032272 -0.038460 0.164206
v -0.032272 0.038460 0.164206
v -0.032221 -0.032221 0.165323
v -0.032220 -0.027036 0.167000
v -0.032220 -0.027036 0.176000
v -0.032220 0.027036 0.167000
v -0.032220 0.027036 0.176000
v -0.032221 0.032221 0.165323
v -0.031635 -0.037702 0.163216
v -0.031635 0.037702 0.163216
v -0.031002 -0.036946 0.165722
v -0.031002 0.036946 0.165722
v -0.030731 -0.030731 0.167000
v -0.030731 -0.030731 0.175400
v -0.030731 0.030731 0.167000
v -0.030731 0.030731 0.175400
v -0.030552 -0.036410 0.164509
v -0.030552 0.036410 0.164509
v -0.030400 -0.043415 0.002500
v -0.030400 -0.043415 0.157460
v -0.030400 0.043415 0.002500
v -0.030400 0.043415 0.157460
v -0.030329 -0.043315 0.001727
v -0.030329 0.043315 0.001727
v -0.030307 -0.030307 0.176000
v -0.030307 0.030307 0.176000
v -0.030213 -0.043149 0.159929
v -0.030213 0.043149 0.159929
v -0.030126 -0.043024 0.001031
v -0.030126 0.043024 0.001031
v -0.029808 -0.042571 0.000477
v -0.029808 0.042571 0.000477
v -0.029741 -0.029741 0.167000
v -0.029741 -0.029741 0.176000
v -0.029741 0.029741 0.167000
v -0.029741 0.029741 0.176000
v -0.029666 -0.042368 0.162230
v -0.029666 0.042368 0.162230
v -0.029597 -0.042268 0.003900
v -0.029597 -0.042268 0.157460
v -0.029597 0.042268 0.003900
v -0.029597 0.042268 0.157460
v -0.029549 -0.042200 0.003479
v -0.029549 0.042200 0.003479
v -0.029523 -0.035184 0.166675
v -0.029523 0.035184 0.166675
v -0.029437 -0.042041 0.159567
v -0.029437 0.042041 0.159567
v -0.029409 -0.042000 0.000122
v -0.029412 -0.042004 0.003122
v -0.029409 0.042000 0.000122
v -0.029412 0.042004 0.003122
v -0.029290 -0.034906 0.165323
v -0.029290 0.034906 0.165323
v -0.029207 -0.041712 0.002884
v -0.029207 0.041712 0.002884
v -0.028966 -0.041367 0.000000
v -0.028966 -0.041367 0.002800
v -0.028971 -0.041375 0.161530
v -0.028966 0.041367 0.000000
v -0.028966 0.041367 0.002800
v -0.028971 0.041375 0.161530
v -0.028797 -0.041126 0.164206
v -0.028797 0.041126 0.164206
v -0.028229 -0.040315 0.163216
v -0.028229 0.040315 0.163216
v -0.027936 -0.033292 0.167000
v -0.027936 -0.033292 0.175400
v -0.027936 0.033292 0.167000
v -0.027936 0.033292 0.175400
v -0.027664 -0.039508 0.165722
v -0.027664 0.039508 0.165722
v -0.027550 -0.032833 0.176000
v -0.027550 0.032833 0.176000
v -0.027262 -0.038934 0.164509
v -0.027262 0.038934 0.164509
v -0.027036 -0.032220 0.167000
v -0.027036 -0.032220 0.176000
v -0.027036 0.032220 0.167000
v -0.027036 0.032220 0.176000
v -0.026500 -0.045899 0.002500
v -0.026500 -0.045899 0.157460
v -0.026500 0.045899 0.002500
v -0.026500 0.045899 0.157460
v -0.026439 -0.045793 0.001727
v -0.026439 0.045793 0.001727
v -0.026337 -0.045618 0.159929
v -0.026344 -0.037623 0.166675
v -0.026344 0.037623 0.166675
v -0.026337 0.045618 0.159929
v -0.026261 -0.045486 0.001031
v -0.026261 0.045486 0.001031
v -0.026136 -0.037326 0.165323
v -0.026136 0.037326 0.165323
v -0.025985 -0.045007 0.000477
v -0.025985 0.045007 0.000477
v -0.025861 -0.044792 0.162230
v -0.025861 0.044792 0.162230
v -0.025800 -0.044687 0.003900
v -0.025800 -0.044687 0.157460
v -0.025800 0.044687 0.003900
v -0.025800 0.044687 0.157460
v -0.025758 -0.044614 0.003479
v -0.025758 0.044614 0.003479
v -0.025661 -0.044447 0.159567
v -0.025661 0.044447 0.159567
v -0.025639 -0.044408 0.003122
v -0.025636 -0.044403 0.000122
v -0.025636 0.044403 0.000122
v -0.025639 0.044408 0.003122
v -0.025460 -0.044099 0.002884
v -0.025460 0.044099 0.002884
v -0.025255 -0.043742 0.161530
v -0.025250 -0.043734 0.000000
v -0.025250 -0.043734 0.002800
v -0.025250 0.043734 0.000000
v -0.025250 0.043734 0.002800
v -0.025255 0.043742 0.161530
v -0.025103 -0.043479 0.164206
v -0.025103 0.043479 0.164206
v -0.024928 -0.035600 0.167000
v -0.024928 -0.035600 0.175400
v -0.024928 0.035600 0.167000
v -0.024928 0.035600 0.175400
v -0.024608 -0.042622 0.163216
v -0.024608 0.042622 0.163216
v -0.024583 -0.035109 0.176000
v -0.024583 0.035109 0.176000
v -0.024125 -0.034454 0.167000
v -0.024125 -0.034454 0.176000
v -0.024125 0.034454 0.167000
v -0.024125 0.034454 0.176000
v -0.024115 -0.041768 0.165722
v -0.024115 0.041768 0.165722
v -0.023765 -0.041162 0.164509
v -0.023765 0.041162 0.164509
v -0.022965 -0.039776 0.166675
v -0.022965 0.039776 0.166675
v -0.022783 -0.039462 0.165323
v -0.022783 0.039462 0.165323
v -0.022399 -0.048034 0.002500
v -0.022399 -0.048034 0.157460
v -0.022399 0.048034 0.002500
v -0.022399 0.048034 0.157460
v -0.022347 -0.047923 0.001727
v -0.022347 0.047923 0.001727
v -0.022261 -0.047740 0.159929
v -0.022261 0.047740 0.159929
v -0.022197 -0.047602 0.001031
v -0.022197 0.047602 0.001031
v -0.021963 -0.047100 0.000477
v -0.021963 0.047100 0.000477
v -0.021859 -0.046876 0.162230
v -0.021859 0.046876 0.162230
v -0.021807 -0.046765 0.003900
v -0.021807 -0.046765 0.157460
v -0.021807 0.046765 0.003900
v -0.021807 0.046765 0.157460
v -0.021772 -0.046690 0.003479
v -0.021772 0.046690 0.003479
v -0.021730 -0.037637 0.167000
v -0.021730 -0.037637 0.175400
v -0.021730 0.037637 0.167000
v -0.021730 0.037637 0.175400
v -0.021690 -0.046514 0.159567
v -0.021690 0.046514 0.159567
v -0.021669 -0.046469 0.000122
v -0.021671 -0.046473 0.003122
v -0.021669 0.046469 0.000122
v -0.021671 0.046473 0.003122
v -0.021520 -0.046150 0.002884
v -0.021520 0.046150 0.002884
v -0.021430 -0.037118 0.176000
v -0.021430 0.037118 0.176000
v -0.021346 -0.045777 0.161530
v -0.021346 0.045777 0.161530
v -0.021342 -0.045769 0.000000
v -0.021342 -0.045769 0.002800
v -0.021342 0.045769 0.000000
v -0.021342 0.045769 0.002800
v -0.021218 -0.045502 0.164206
v -0.021218 0.045502 0.164206
v -0.021030 -0.036425 0.167000
v -0.021030 -0.036425 0.176000
v -0.021030 0.036425 0.167000
v -0.021030 0.036425 0.176000
v -0.020800 -0.044605 0.163216
v -0.020800 0.044605 0.163216
v -0.020383 -0.043711 0.165722
v -0.020383 0.043711 0.165722
v -0.020087 -0.043077 0.164509
v -0.020087 0.043077 0.164509
v -0.019410 -0.041626 0.166675
v -0.019410 0.041626 0.166675
v -0.019257 -0.041298 0.165323
v -0.019257 0.041298 0.165323
v -0.018367 -0.039388 0.167000
v -0.018367 -0.039388 0.175400
v -0.018367 0.039388 0.167000
v -0.018367 0.039388 0.175400
v -0.018127 -0.049804 0.002500
v -0.018127 -0.049804 0.157460
v -0.018127 0.049804 0.002500
v -0.018127 0.049804 0.157460
v -0.018113 -0.038844 0.176000
v -0.018113 0.038844 0.176000
v -0.018085 -0.049689 0.001727
v -0.018085 0.049689 0.001727
v -0.018016 -0.049498 0.159929
v -0.018016 0.049498 0.159929
v -0.017964 -0.049355 0.001031
v -0.017964 0.049355 0.001031
v -0.017775 -0.038119 0.167000
v -0.017775 -0.038119 0.176000
v -0.017775 0.038119 0.167000
v -0.017775 0.038119 0.176000
v -0.017775 -0.048835 0.000477
v -0.017775 0.048835 0.000477
v -0.017690 -0.048603 0.162230
v -0.017690 0.048603 0.162230
v -0.017648 -0.048488 0.003900
v -0.017648 -0.048488 0.157460
v -0.017648 0.048488 0.003900
v -0.017648 0.048488 0.157460
v -0.017620 -0.048409 0.003479
v -0.017620 0.048409 0.003479
v -0.017553 -0.048228 0.159567
v -0.017553 0.048228 0.159567
v -0.017538 -0.048185 0.003122
v -0.017536 -0.048180 0.000122
v -0.017536 0.048180 0.000122
v -0.017538 0.048185 0.003122
v -0.017416 -0.047850 0.002884
v -0.017416 0.047850 0.002884
v -0.017275 -0.047463 0.161530
v -0.017275 0.047463 0.161530
v -0.017272 -0.047454 0.000000
v -0.017272 -0.047454 0.002800
v -0.017272 0.047454 0.000000
v -0.017272 0.047454 0.002800
v -0.017171 -0.047178 0.164206
v -0.017171 0.047178 0.164206
v -0.016833 -0.046248 0.163216
v -0.016833 0.046248 0.163216
v -0.016496 -0.045321 0.165722
v -0.016496 0.045321 0.165722
v -0.016256 -0.044664 0.164509
v -0.016256 0.044664 0.164509
v -0.015709 -0.043159 0.166675
v -0.015709 0.043159 0.166675
v -0.015585 -0.042819 0.165323
v -0.015585 0.042819 0.165323
v -0.014864 -0.040839 0.167000
v -0.014864 -0.040839 0.175400
v -0.014864 0.040839 0.167000
v -0.014864 0.040839 0.175400
v -0.014659 -0.040275 0.176000
v -0.014659 0.040275 0.176000
v -0.014385 -0.039523 0.167000
v -0.014385 -0.039523 0.176000
v -0.014385 0.039523 0.167000
v -0.014385 0.039523 0.176000
v -0.013717 -0.051194 0.002500
v -0.013717 -0.051194 0.157460
v -0.013717 0.051194 0.002500
v -0.013717 0.051194 0.157460
v -0.013686 -0.051076 0.001727
v -0.013686 0.051076 0.001727
v -0.013633 -0.050880 0.159929
v -0.013633 0.050880 0.159929
v -0.013594 -0.050733 0.001031
v -0.013594 0.050733 0.001031
v -0.013451 -0.050199 0.000477
v -0.013451 0.050199 0.000477
v -0.013387 -0.049960 0.162230
v -0.013387 0.049960 0.162230
v -0.013355 -0.049842 0.003900
v -0.013355 -0.049842 0.157460
v -0.013355 0.049842 0.003900
v -0.013355 0.049842 0.157460
v -0.013333 -0.049761 0.003479
v -0.013333 0.049761 0.003479
v -0.013283 -0.049574 0.159567
v -0.013283 0.049574 0.159567
v -0.013270 -0.049525 0.000122
v -0.013272 -0.049531 0.003122
v -0.013270 0.049525 0.000122
v -0.013272 0.049531 0.003122
v -0.013179 -0.049186 0.002884
v -0.013179 0.049186 0.002884
v -0.013073 -0.048788 0.161530
v -0.013070 -0.048779 0.000000
v -0.013070 -0.048779 0.002800
v -0.013070 0.048779 0.000000
v -0.013070 0.048779 0.002800
v -0.013073 0.048788 0.161530
v -0.012994 -0.048495 0.164206
v -0.012994 0.048495 0.164206
v -0.012738 -0.047539 0.163216
v -0.012738 0.047539 0.163216
v -0.012483 -0.046587 0.165722
v -0.012483 0.046587 0.165722
v -0.012302 -0.045910 0.164509
v -0.012302 0.045910 0.164509
v -0.011887 -0.044364 0.166675
v -0.011887 0.044364 0.166675
v -0.011794 -0.044014 0.165323
v -0.011794 0.044014 0.165323
v -0.011248 -0.041979 0.167000
v -0.011248 -0.041979 0.175400
v -0.011248 0.041979 0.167000
v -0.011248 0.041979 0.175400
v -0.011093 -0.041400 0.176000
v -0.011093 0.041400 0.176000
v -0.010886 -0.040627 0.167000
v -0.010886 -0.040627 0.176000
v -0.010886 0.040627 0.167000
v -0.010886 0.040627 0.176000
v -0.009203 -0.052195 0.002500
v -0.009203 -0.052195 0.157460
v -0.009203 0.052195 0.002500
v -0.009203 0.052195 0.157460
v -0.009182 -0.052074 0.001727
v -0.009182 0.052074 0.001727
v -0.009147 -0.051875 0.159929
v -0.009147 0.051875 0.159929
v -0.009120 -0.051725 0.001031
v -0.009120 0.051725 0.001031
v -0.009024 -0.051180 0.000477
v -0.009024 0.051180 0.000477
v -0.008981 -0.050936 0.162230
v -0.008981 0.050936 0.162230
v -0.008960 -0.050816 0.003900
v -0.008960 -0.050816 0.157460
v -0.008960 0.050816 0.003900
v -0.008960 0.050816 0.157460
v -0.008946 -0.050734 0.003479
v -0.008946 0.050734 0.003479
v -0.008912 -0.050543 0.159567
v -0.008912 0.050543 0.159567
v -0.008904 -0.050499 0.003122
v -0.008903 -0.050494 0.000122
v -0.008903 0.050494 0.000122
v -0.008904 0.050499 0.003122
v -0.008842 -0.050147 0.002884
v -0.008842 0.050147 0.002884
v -0.008771 -0.049742 0.161530
v -0.008769 -0.049733 0.000000
v -0.008769 -0.049733 0.002800
v -0.008769 0.049733 0.000000
v -0.008769 0.049733 0.002800
v -0.008771 0.049742 0.161530
v -0.008718 -0.049443 0.164206
v -0.008718 0.049443 0.164206
v -0.008546 -0.048468 0.163216
v -0.008546 0.048468 0.163216
v -0.008375 -0.047497 0.165722
v -0.008375 0.047497 0.165722
v -0.008253 -0.046808 0.164509
v -0.008253 0.046808 0.164509
v -0.007976 -0.045231 0.166675
v -0.007976 0.045231 0.166675
v -0.007913 -0.044875 0.165323
v -0.007913 0.044875 0.165323
v -0.007547 -0.042800 0.167000
v -0.007547 -0.042800 0.175400
v -0.007547 0.042800 0.167000
v -0.007547 0.042800 0.175400
v -0.007443 -0.042209 0.176000
v -0.007443 0.042209 0.176000
v -0.007304 -0.041421 0.167000
v -0.007304 -0.041421 0.176000
v -0.007304 0.041421 0.167000
v -0.007304 0.041421 0.176000
v -0.004619 -0.052798 0.002500
v -0.004619 -0.052798 0.157460
v -0.004619 0.052798 0.002500
v -0.004619 0.052798 0.157460
v -0.004609 -0.052676 0.001727
v -0.004609 0.052676 0.001727
v -0.004591 -0.052474 0.159929
v -0.004591 0.052474 0.159929
v -0.004578 -0.052323 0.001031
v -0.004578 0.052323 0.001031
v -0.004529 -0.051772 0.000477
v -0.004529 0.051772 0.000477
v -0.004508 -0.051525 0.162230
v -0.004508 0.051525 0.162230
v -0.004497 -0.051404 0.003900
v -0.004497 -0.051404 0.157460
v -0.004497 0.051404 0.003900
v -0.004497 0.051404 0.157460
v -0.004490 -0.051320 0.003479
v -0.004490 0.051320 0.003479
v -0.004473 -0.051127 0.159567
v -0.004469 -0.051077 0.000122
v -0.004469 -0.051083 0.003122
v -0.004469 0.051077 0.000122
v -0.004469 0.051083 0.003122
v -0.004473 0.051127 0.159567
v -0.004438 -0.050727 0.002884
v -0.004438 0.050727 0.002884
v -0.004402 -0.050317 0.161530
v -0.004401 -0.050308 0.000000
v -0.004401 -0.050308 0.002800
v -0.004401 0.050308 0.000000
v -0.004401 0.050308 0.002800
v -0.004402 0.050317 0.161530
v -0.004376 -0.050015 0.164206
v -0.004376 0.050015 0.164206
v -0.004289 -0.049029 0.163216
v -0.004289 0.049029 0.163216
v -0.004204 -0.048046 0.165722
v -0.004204 0.048046 0.165722
v -0.004143 -0.047349 0.164509
v -0.004143 0.047349 0.164509
v -0.004003 -0.045754 0.166675
v -0.004003 0.045754 0.166675
v -0.003971 -0.045393 0.165323
v -0.003971 0.045393 0.165323
v -0.003788 -0.043295 0.167000
v -0.003788 -0.043295 0.175400
v -0.003788 0.043295 0.167000
v -0.003788 0.043295 0.175400
v -0.003735 -0.042697 0.176000
v -0.003735 0.042697 0.176000
v -0.003666 -0.041900 0.167000
v -0.003666 -0.041900 0.176000
v -0.003666 0.041900 0.167000
v -0.003666 0.041900 0.176000
v -0.000000 -0.053000 0.002500
v -0.000000 -0.053000 0.157460
v -0.000000 -0.052878 0.001727
v -0.000000 -0.052675 0.159929
v -0.000000 -0.052523 0.001031
v -0.000000 -0.051969 0.000477
v -0.000000 -0.051722 0.162230
v -0.000000 -0.051600 0.003900
v -0.000000 -0.051600 0.157460
v -0.000000 -0.051516 0.003479
v -0.000000 -0.051323 0.159567
v -0.000000 -0.051278 0.003122
v -0.000000 -0.051273 0.000122
v -0.000000 -0.050921 0.002884
v -0.000000 -0.050509 0.161530
v -0.000000 -0.050500 0.000000
v -0.000000 -0.050500 0.002800
v -0.000000 -0.050206 0.164206
v -0.000000 -0.049216 0.163216
v -0.000000 -0.048230 0.165722
v -0.000000 -0.047530 0.164509
v -0.000000 -0.045929 0.166675
v -0.000000 -0.045567 0.165323
v -0.000000 -0.043460 0.167000
v -0.000000 -0.043460 0.175400
v -0.000000 -0.042860 0.176000
v -0.000000 -0.042060 0.167000
v -0.000000 -0.042060 0.176000
v 0.000000 0.000000 0.000000
v 0.000000 0.000000 0.001400
v 0.000000 0.042060 0.167000
v 0.000000 0.042060 0.176000
v 0.000000 0.042860 0.176000
v 0.000000 0.043460 0.167000
v 0.000000 0.043460 0.175400
v 0.000000 0.045567 0.165323
v 0.000000 0.045929 0.166675
v 0.000000 0.047530 0.164509
v 0.000000 0.048230 0.165722
v 0.000000 0.049216 0.163216
v 0.000000 0.050206 0.164206
v 0.000000 0.050500 0.000000
v 0.000000 0.050500 0.002800
v 0.000000 0.050509 0.161530
v 0.000000 0.050921 0.002884
v 0.000000 0.051273 0.000122
v 0.000000 0.051278 0.003122
v 0.000000 0.051323 0.159567
v 0.000000 0.051516 0.003479
v 0.000000 0.051600 0.003900
v 0.000000 0.051600 0.157460
v 0.000000 0.051722 0.162230
v 0.000000 0.051969 0.000477
v 0.000000 0.052523 0.001031
v 0.000000 0.052675 0.159929
v 0.000000 0.052878 0.001727
v 0.000000 0.053000 0.002500
v 0.000000 0.053000 0.157460
v 0.003666 -0.041900 0.167000
v 0.003666 -0.041900 0.176000
v 0.003666 0.041900 0.167000
v 0.003666 0.041900 0.176000
v 0.003735 -0.042697 0.176000
v 0.003735 0.042697 0.176000
v 0.003788 -0.043295 0.167000
v 0.003788 -0.043295 0.175400
v 0.003788 0.043295 0.167000
v 0.003788 0.043295 0.175400
v 0.003971 -0.045393 0.165323
v 0.003971 0.045393 0.165323
v 0.004003 -0.045754 0.166675
v 0.004003 0.045754 0.166675
v 0.004143 -0.047349 0.164509
v 0.004143 0.047349 0.164509
v 0.004204 -0.048046 0.165722
v 0.004204 0.048046 0.165722
v 0.004289 -0.049029 0.163216
v 0.004289 0.049029 0.163216
v 0.004376 -0.050015 0.164206
v 0.004376 0.050015 0.164206
v 0.004402 -0.050317 0.161530
v 0.004401 -0.050308 0.000000
v 0.004401 -0.050308 0.002800
v 0.004401 0.050308 0.000000
v 0.004401 0.050308 0.002800
v 0.004402 0.050317 0.161530
v 0.004438 -0.050727 0.002884
v 0.004438 0.050727 0.002884
v 0.004473 -0.051127 0.159567
v 0.004469 -0.051077 0.000122
v 0.004469 -0.051083 0.003122
v 0.004469 0.051077 0.000122
v 0.004469 0.051083 0.003122
v 0.004473 0.051127 0.159567
v 0.004490 -0.051320 0.003479
v 0.004490 0.051320 0.003479
v 0.004497 -0.051404 0.003900
v 0.004497 -0.051404 0.157460
v 0.004497 0.051404 0.003900
v 0.004497 0.051404 0.157460
v 0.004508 -0.051525 0.162230
v 0.004508 0.051525 0.162230
v 0.004529 -0.051772 0.000477
v 0.004529 0.051772 0.000477
v 0.004578 -0.052323 0.001031
v 0.004578 0.052323 0.001031
v 0.004591 -0.052474 0.159929
v 0.004591 0.052474 0.159929
v 0.004609 -0.052676 0.001727
v 0.004609 0.052676 0.001727
v 0.004619 -0.052798 0.002500
v 0.004619 -0.052798 0.157460
v 0.004619 0.052798 0.002500
v 0.004619 0.052798 0.157460
v 0.007304 -0.041421 0.167000
v 0.007304 -0.041421 0.176000
v 0.007304 0.041421 0.167000
v 0.007304 0.041421 0.176000
v 0.007443 -0.042209 0.176000
v 0.007443 0.042209 0.176000
v 0.007547 -0.042800 0.167000
v 0.007547 -0.042800 0.175400
v 0.007547 0.042800 0.167000
v 0.007547 0.042800 0.175400
v 0.007913 -0.044875 0.165323
v 0.007913 0.044875 0.165323
v 0.007976 -0.045231 0.166675
v 0.007976 0.045231 0.166675
v 0.008253 -0.046808 0.164509
v 0.008253 0.046808 0.164509
v 0.008375 -0.047497 0.165722
v 0.008375 0.047497 0.165722
v 0.008546 -0.048468 0.163216
v 0.008546 0.048468 0.163216
v 0.008718 -0.049443 0.164206
v 0.008718 0.049443 0.164206
v 0.008771 -0.049742 0.161530
v 0.008769 -0.049733 0.000000
v 0.008769 -0.049733 0.002800
v 0.008769 0.049733 0.000000
v 0.008769 0.049733 0.002800
v 0.008771 0.049742 0.161530
v 0.008842 -0.050147 0.002884
v 0.008842 0.050147 0.002884
v 0.008904 -0.050499 0.003122
v 0.008903 -0.050494 0.000122
v 0.008903 0.050494 0.000122
v 0.008904 0.050499 0.003122
v 0.008912 -0.050543 0.159567
v 0.008912 0.050543 0.159567
v 0.008946 -0.050734 0.003479
v 0.008946 0.050734 0.003479
v 0.008960 -0.050816 0.003900
v 0.008960 -0.050816 0.157460
v 0.008960 0.050816 0.003900
v 0.008960 0.050816 0.157460
v 0.008981 -0.050936 0.162230
v 0.008981 0.050936 0.162230
v 0.009024 -0.051180 0.000477
v 0.009024 0.051180 0.000477
v 0.009120 -0.051725 0.001031
v 0.009120 0.051725 0.001031
v 0.009147 -0.051875 0.159929
v 0.009147 0.051875 0.159929
v 0.009182 -0.052074 0.001727
v 0.009182 0.052074 0.001727
v 0.009203 -0.052195 0.002500
v 0.009203 -0.052195 0.157460
v 0.009203 0.052195 0.002500
v 0.009203 0.052195 0.157460
v 0.010886 -0.040627 0.167000
v 0.010886 -0.040627 0.176000
v 0.010886 0.040627 0.167000
v 0.010886 0.040627 0.176000
v 0.011093 -0.041400 0.176000
v 0.011093 0.041400 0.176000
v 0.011248 -0.041979 0.167000
v 0.011248 -0.041979 0.175400
v 0.011248 0.041979 0.167000
v 0.011248 0.041979 0.175400
v 0.011794 -0.044014 0.165323
v 0.011794 0.044014 0.165323
v 0.011887 -0.044364 0.166675
v 0.011887 0.044364 0.166675
v 0.012302 -0.045910 0.164509
v 0.012302 0.045910 0.164509
v 0.012483 -0.046587 0.165722
v 0.012483 0.046587 0.165722
v 0.012738 -0.047539 0.163216
v 0.012738 0.047539 0.163216
v 0.012994 -0.048495 0.164206
v 0.012994 0.048495 0.164206
v 0.013073 -0.048788 0.161530
v 0.013070 -0.048779 0.000000
v 0.013070 -0.048779 0.002800
v 0.013070 0.048779 0.000000
v 0.013070 0.048779 0.002800
v 0.013073 0.048788 0.161530
v 0.013179 -0.049186 0.002884
v 0.013179 0.049186 0.002884
v 0.013270 -0.049525 0.000122
v 0.013272 -0.049531 0.003122
v 0.013270 0.049525 0.000122
v 0.013272 0.049531 0.003122
v 0.013283 -0.049574 0.159567
v 0.013283 0.049574 0.159567
v 0.013333 -0.049761 0.003479
v 0.013333 0.049761 0.003479
v 0.013355 -0.049842 0.003900
v 0.013355 -0.049842 0.157460
v 0.013355 0.049842 0.003900
v 0.013355 0.049842 0.157460
v 0.013387 -0.049960 0.162230
v 0.013387 0.049960 0.162230
v 0.013451 -0.050199 0.000477
v 0.013451 0.050199 0.000477
v 0.013594 -0.050733 0.001031
v 0.013594 0.050733 0.001031
v 0.013633 -0.050880 0.159929
v 0.013633 0.050880 0.159929
v 0.013686 -0.051076 0.001727
v 0.013686 0.051076 0.001727
v 0.013717 -0.051194 0.002500
v 0.013717 -0.051194 0.157460
v 0.013717 0.051194 0.002500
v 0.013717 0.051194 0.157460
v 0.014385 -0.039523 0.167000
v 0.014385 -0.039523 0.176000
v 0.014385 0.039523 0.167000
v 0.014385 0.039523 0.176000
v 0.014659 -0.040275 0.176000
v 0.014659 0.040275 0.176000
v 0.014864 -0.040839 0.167000
v 0.014864 -0.040839 0.175400
v 0.014864 0.040839 0.167000
v 0.014864 0.040839 0.175400
v 0.015585 -0.042819 0.165323
v 0.015585 0.042819 0.165323
v 0.015709 -0.043159 0.166675
v 0.015709 0.043159 0.166675
v 0.016256 -0.044664 0.164509
v 0.016256 0.044664 0.164509
v 0.016496 -0.045321 0.165722
v 0.016496 0.045321 0.165722
v 0.016833 -0.046248 0.163216
v 0.016833 0.046248 0.163216
v 0.017171 -0.047178 0.164206
v 0.017171 0.047178 0.164206
v 0.017272 -0.047454 0.000000
v 0.017272 -0.047454 0.002800
v 0.017272 0.047454 0.000000
v 0.017272 0.047454 0.002800
v 0.017275 -0.047463 0.161530
v 0.017275 0.047463 0.161530
v 0.017416 -0.047850 0.002884
v 0.017416 0.047850 0.002884
v 0.017538 -0.048185 0.003122
v 0.017536 -0.048180 0.000122
v 0.017536 0.048180 0.000122
v 0.017538 0.048185 0.003122
v 0.017553 -0.048228 0.159567
v 0.017553 0.048228 0.159567
v 0.017620 -0.048409 0.003479
v 0.017620 0.048409 0.003479
v 0.017648 -0.048488 0.003900
v 0.017648 -0.048488 0.157460
v 0.017648 0.048488 0.003900
v 0.017648 0.048488 0.157460
v 0.017690 -0.048603 0.162230
v 0.017690 0.048603 0.162230
v 0.017775 -0.048835 0.000477
v 0.017775 0.048835 0.000477
v 0.017775 -0.038119 0.167000
v 0.017775 -0.038119 0.176000
v 0.017775 0.038119 0.167000
v 0.017775 0.038119 0.176000
v 0.017964 -0.049355 0.001031
v 0.017964 0.049355 0.001031
v 0.018016 -0.049498 0.159929
v 0.018016 0.049498 0.159929
v 0.018085 -0.049689 0.001727
v 0.018085 0.049689 0.001727
v 0.018113 -0.038844 0.176000
v 0.018113 0.038844 0.176000
v 0.018127 -0.049804 0.002500
v 0.018127 -0.049804 0.157460
v 0.018127 0.049804 0.002500
v 0.018127 0.049804 0.157460
v 0.018367 -0.039388 0.167000
v 0.018367 -0.039388 0.175400
v 0.018367 0.039388 0.167000
v 0.018367 0.039388 0.175400
v 0.019257 -0.041298 0.165323
v 0.019257 0.041298 0.165323
v 0.019410 -0.041626 0.166675
v 0.019410 0.041626 0.166675
v 0.020087 -0.043077 0.164509
v 0.020087 0.043077 0.164509
v 0.020383 -0.043711 0.165722
v 0.020383 0.043711 0.165722
v 0.020800 -0.044605 0.163216
v 0.020800 0.044605 0.163216
v 0.021030 -0.036425 0.167000
v 0.021030 -0.036425 0.176000
v 0.021030 0.036425 0.167000
v 0.021030 0.036425 0.176000
v 0.021218 -0.045502 0.164206
v 0.021218 0.045502 0.164206
v 0.021342 -0.045769 0.000000
v 0.021342 -0.045769 0.002800
v 0.021342 0.045769 0.000000
v 0.021342 0.045769 0.002800
v 0.021346 -0.045777 0.161530
v 0.021346 0.045777 0.161530
v 0.021430 -0.037118 0.176000
v 0.021430 0.037118 0.176000
v 0.021520 -0.046150 0.002884
v 0.021520 0.046150 0.002884
v 0.021669 -0.046469 0.000122
v 0.021671 -0.046473 0.003122
v 0.021669 0.046469 0.000122
v 0.021671 0.046473 0.003122
v 0.021690 -0.046514 0.159567
v 0.021690 0.046514 0.159567
v 0.021730 -0.037637 0.167000
v 0.021730 -0.037637 0.175400
v 0.021730 0.037637 0.167000
v 0.021730 0.037637 0.175400
v 0.021772 -0.046690 0.003479
v 0.021772 0.046690 0.003479
v 0.021807 -0.046765 0.003900
v 0.021807 -0.046765 0.157460
v 0.021807 0.046765 0.003900
v 0.021807 0.046765 0.157460
v 0.021859 -0.046876 0.162230
v 0.021859 0.046876 0.162230
v 0.021963 -0.047100 0.000477
v 0.021963 0.047100 0.000477
v 0.022197 -0.047602 0.001031
v 0.022197 0.047602 0.001031
v 0.022261 -0.047740 0.159929
v 0.022261 0.047740 0.159929
v 0.022347 -0.047923 0.001727
v 0.022347 0.047923 0.001727
v 0.022399 -0.048034 0.002500
v 0.022399 -0.048034 0.157460
v 0.022399 0.048034 0.002500
v 0.022399 0.048034 0.157460
v 0.022783 -0.039462 0.165323
v 0.022783 0.039462 0.165323
v 0.022965 -0.039776 0.166675
v 0.022965 0.039776 0.166675
v 0.023765 -0.041162 0.164509
v 0.023765 0.041162 0.164509
v 0.024115 -0.041768 0.165722
v 0.024115 0.041768 0.165722
v 0.024125 -0.034454 0.167000
v 0.024125 -0.034454 0.176000
v 0.024125 0.034454 0.167000
v 0.024125 0.034454 0.176000
v 0.024583 -0.035109 0.176000
v 0.024583 0.035109 0.176000
v 0.024608 -0.042622 0.163216
v 0.024608 0.042622 0.163216
v 0.024928 -0.035600 0.167000
v 0.024928 -0.035600 0.175400
v 0.024928 0.035600 0.167000
v 0.024928 0.035600 0.175400
v 0.025103 -0.043479 0.164206
v 0.025103 0.043479 0.164206
v 0.025255 -0.043742 0.161530
v 0.025250 -0.043734 0.000000
v 0.025250 -0.043734 0.002800
v 0.025250 0.043734 0.000000
v 0.025250 0.043734 0.002800
v 0.025255 0.043742 0.161530
v 0.025460 -0.044099 0.002884
v 0.025460 0.044099 0.002884
v 0.025639 -0.044408 0.003122
v 0.025636 -0.044403 0.000122
v 0.025636 0.044403 0.000122
v 0.025639 0.044408 0.003122
v 0.025661 -0.044447 0.159567
v 0.025661 0.044447 0.159567
v 0.025758 -0.044614 0.003479
v 0.025758 0.044614 0.003479
v 0.025800 -0.044687 0.003900
v 0.025800 -0.044687 0.157460
v 0.025800 0.044687 0.003900
v 0.025800 0.044687 0.157460
v 0.025861 -0.044792 0.162230
v 0.025861 0.044792 0.162230
v 0.025985 -0.045007 0.000477
v 0.025985 0.045007 0.000477
v 0.026136 -0.037326 0.165323
v 0.026136 0.037326 0.165323
v 0.026261 -0.045486 0.001031
v 0.026261 0.045486 0.001031
v 0.026337 -0.045618 0.159929
v 0.026344 -0.037623 0.166675
v 0.026344 0.037623 0.166675
v 0.026337 0.045618 0.159929
v 0.026439 -0.045793 0.001727
v 0.026439 0.045793 0.001727
v 0.026500 -0.045899 0.002500
v 0.026500 -0.045899 0.157460
v 0.026500 0.045899 0.002500
v 0.026500 0.045899 0.157460
v 0.027036 -0.032220 0.167000
v 0.027036 -0.032220 0.176000
v 0.027036 0.032220 0.167000
v 0.027036 0.032220 0.176000
v 0.027262 -0.038934 0.164509
v 0.027262 0.038934 0.164509
v 0.027550 -0.032833 0.176000
v 0.027550 0.032833 0.176000
v 0.027664 -0.039508 0.165722
v 0.027664 0.039508 0.165722
v 0.027936 -0.033292 0.167000
v 0.027936 -0.033292 0.175400
v 0.027936 0.033292 0.167000
v 0.027936 0.033292 0.175400
v 0.028229 -0.040315 0.163216
v 0.028229 0.040315 0.163216
v 0.028797 -0.041126 0.164206
v 0.028797 0.041126 0.164206
v 0.028966 -0.041367 0.000000
v 0.028966 -0.041367 0.002800
v 0.028971 -0.041375 0.161530
v 0.028966 0.041367 0.000000
v 0.028966 0.041367 0.002800
v 0.028971 0.041375 0.161530
v 0.029207 -0.041712 0.002884
v 0.029207 0.041712 0.002884
v 0.029290 -0.034906 0.165323
v 0.029290 0.034906 0.165323
v 0.029409 -0.042000 0.000122
v 0.029412 -0.042004 0.003122
v 0.029409 0.042000 0.000122
v 0.029412 0.042004 0.003122
v 0.029437 -0.042041 0.159567
v 0.029437 0.042041 0.159567
v 0.029523 -0.035184 0.166675
v 0.029523 0.035184 0.166675
v 0.029549 -0.042200 0.003479
v 0.029549 0.042200 0.003479
v 0.029597 -0.042268 0.003900
v 0.029597 -0.042268 0.157460
v 0.029597 0.042268 0.003900
v 0.029597 0.042268 0.157460
v 0.029666 -0.042368 0.162230
v 0.029666 0.042368 0.162230
v 0.029741 -0.029741 0.167000
v 0.029741 -0.029741 0.176000
v 0.029741 0.029741 0.167000
v 0.029741 0.029741 0.176000
v 0.029808 -0.042571 0.000477
v 0.029808 0.042571 0.000477
v 0.030126 -0.043024 0.001031
v 0.030126 0.043024 0.001031
v 0.030213 -0.043149 0.159929
v 0.030213 0.043149 0.159929
v 0.030307 -0.030307 0.176000
v 0.030307 0.030307 0.176000
v 0.030329 -0.043315 0.001727
v 0.030329 0.043315 0.001727
v 0.030400 -0.043415 0.002500
v 0.030400 -0.043415 0.157460
v 0.030400 0.043415 0.002500
v 0.030400 0.043415 0.157460
v 0.030552 -0.036410 0.164509
v 0.030552 0.036410 0.164509
v 0.030731 -0.030731 0.167000
v 0.030731 -0.030731 0.175400
v 0.030731 0.030731 0.167000
v 0.030731 0.030731 0.175400
v 0.031002 -0.036946 0.165722
v 0.031002 0.036946 0.165722
v 0.031635 -0.037702 0.163216
v 0.031635 0.037702 0.163216
v 0.032221 -0.032221 0.165323
v 0.032220 -0.027036 0.167000
v 0.032220 -0.027036 0.176000
v 0.032220 0.027036 0.167000
v 0.032220 0.027036 0.176000
v 0.032221 0.032221 0.165323
v 0.032272 -0.038460 0.164206
v 0.032272 0.038460 0.164206
v 0.032461 -0.038685 0.000000
v 0.032461 -0.038685 0.002800
v 0.032461 0.038685 0.000000
v 0.032461 0.038685 0.002800
v 0.032467 -0.038692 0.161530
v 0.032467 0.038692 0.161530
v 0.032477 -0.032477 0.166675
v 0.032477 0.032477 0.166675
v 0.032731 -0.039008 0.002884
v 0.032731 0.039008 0.002884
v 0.032833 -0.027550 0.176000
v 0.032833 0.027550 0.176000
v 0.032957 -0.039277 0.000122
v 0.032961 -0.039281 0.003122
v 0.032957 0.039277 0.000122
v 0.032961 0.039281 0.003122
v 0.032990 -0.039315 0.159567
v 0.032990 0.039315 0.159567
v 0.033114 -0.039464 0.003479
v 0.033114 0.039464 0.003479
v 0.033168 -0.039528 0.003900
v 0.033168 -0.039528 0.157460
v 0.033168 0.039528 0.003900
v 0.033168 0.039528 0.157460
v 0.033246 -0.039621 0.162230
v 0.033246 0.039621 0.162230
v 0.033292 -0.027936 0.167000
v 0.033292 -0.027936 0.175400
v 0.033292 0.027936 0.167000
v 0.033292 0.027936 0.175400
v 0.033405 -0.039811 0.000477
v 0.033405 0.039811 0.000477
v 0.033609 -0.033609 0.164509
v 0.033609 0.033609 0.164509
v 0.033761 -0.040235 0.001031
v 0.033761 0.040235 0.001031
v 0.033859 -0.040351 0.159929
v 0.033859 0.040351 0.159929
v 0.033989 -0.040507 0.001727
v 0.033989 0.040507 0.001727
v 0.034068 -0.040600 0.002500
v 0.034068 -0.040600 0.157460
v 0.034068 0.040600 0.002500
v 0.034068 0.040600 0.157460
v 0.034104 -0.034104 0.165722
v 0.034104 0.034104 0.165722
v 0.034454 -0.024125 0.167000
v 0.034454 -0.024125 0.176000
v 0.034454 0.024125 0.167000
v 0.034454 0.024125 0.176000
v 0.034801 -0.034801 0.163216
v 0.034801 0.034801 0.163216
v 0.034906 -0.029290 0.165323
v 0.034906 0.029290 0.165323
v 0.035109 -0.024583 0.176000
v 0.035109 0.024583 0.176000
v 0.035184 -0.029523 0.166675
v 0.035184 0.029523 0.166675
v 0.035501 -0.035501 0.164206
v 0.035501 0.035501 0.164206
v 0.035600 -0.024928 0.167000
v 0.035600 -0.024928 0.175400
v 0.035600 0.024928 0.167000
v 0.035600 0.024928 0.175400
v 0.035709 -0.035709 0.000000
v 0.035709 -0.035709 0.002800
v 0.035709 0.035709 0.000000
v 0.035709 0.035709 0.002800
v 0.035716 -0.035716 0.161530
v 0.035716 0.035716 0.161530
v 0.036007 -0.036007 0.002884
v 0.036007 0.036007 0.002884
v 0.036255 -0.036255 0.000122
v 0.036259 -0.036259 0.003122
v 0.036255 0.036255 0.000122
v 0.036259 0.036259 0.003122
v 0.036291 -0.036291 0.159567
v 0.036291 0.036291 0.159567
v 0.036410 -0.030552 0.164509
v 0.036410 0.030552 0.164509
v 0.036428 -0.036428 0.003479
v 0.036425 -0.021030 0.167000
v 0.036425 -0.021030 0.176000
v 0.036425 0.021030 0.167000
v 0.036425 0.021030 0.176000
v 0.036428 0.036428 0.003479
v 0.036487 -0.036487 0.003900
v 0.036487 -0.036487 0.157460
v 0.036487 0.036487 0.003900
v 0.036487 0.036487 0.157460
v 0.036573 -0.036573 0.162230
v 0.036573 0.036573 0.162230
v 0.036748 -0.036748 0.000477
v 0.036748 0.036748 0.000477
v 0.036946 -0.031002 0.165722
v 0.036946 0.031002 0.165722
v 0.037118 -0.021430 0.176000
v 0.037118 0.021430 0.176000
v 0.037139 -0.037139 0.001031
v 0.037139 0.037139 0.001031
v 0.037247 -0.037247 0.159929
v 0.037247 0.037247 0.159929
v 0.037326 -0.026136 0.165323
v 0.037326 0.026136 0.165323
v 0.037390 -0.037390 0.001727
v 0.037390 0.037390 0.001727
v 0.037477 -0.037477 0.002500
v 0.037477 -0.037477 0.157460
v 0.037477 0.037477 0.002500
v 0.037477 0.037477 0.157460
v 0.037623 -0.026344 0.166675
v 0.037623 0.026344 0.166675
v 0.037637 -0.021730 0.167000
v 0.037637 -0.021730 0.175400
v 0.037637 0.021730 0.167000
v 0.037637 0.021730 0.175400
v 0.037702 -0.031635 0.163216
v 0.037702 0.031635 0.163216
v 0.038119 -0.017775 0.167000
v 0.038119 -0.017775 0.176000
v 0.038119 0.017775 0.167000
v 0.038119 0.017775 0.176000
v 0.038460 -0.032272 0.164206
v 0.038460 0.032272 0.164206
v 0.038692 -0.032467 0.161530
v 0.038685 -0.032461 0.000000
v 0.038685 -0.032461 0.002800
v 0.038685 0.032461 0.000000
v 0.038685 0.032461 0.002800
v 0.038692 0.032467 0.161530
v 0.038844 -0.018113 0.176000
v 0.038844 0.018113 0.176000
v 0.038934 -0.027262 0.164509
v 0.038934 0.027262 0.164509
v 0.039008 -0.032731 0.002884
v 0.039008 0.032731 0.002884
v 0.039277 -0.032957 0.000122
v 0.039281 -0.032961 0.003122
v 0.039277 0.032957 0.000122
v 0.039281 0.032961 0.003122
v 0.039315 -0.032990 0.159567
v 0.039315 0.032990 0.159567
v 0.039388 -0.018367 0.167000
v 0.039388 -0.018367 0.175400
v 0.039388 0.018367 0.167000
v 0.039388 0.018367 0.175400
v 0.039464 -0.033114 0.003479
v 0.039462 -0.022783 0.165323
v 0.039462 0.022783 0.165323
v 0.039464 0.033114 0.003479
v 0.039508 -0.027664 0.165722
v 0.039508 0.027664 0.165722
v 0.039523 -0.014385 0.167000
v 0.039523 -0.014385 0.176000
v 0.039523 0.014385 0.167000
v 0.039523 0.014385 0.176000
v 0.039528 -0.033168 0.003900
v 0.039528 -0.033168 0.157460
v 0.039528 0.033168 0.003900
v 0.039528 0.033168 0.157460
v 0.039621 -0.033246 0.162230
v 0.039621 0.033246 0.162230
v 0.039776 -0.022965 0.166675
v 0.039776 0.022965 0.166675
v 0.039811 -0.033405 0.000477
v 0.039811 0.033405 0.000477
v 0.040235 -0.033761 0.001031
v 0.040235 0.033761 0.001031
v 0.040275 -0.014659 0.176000
v 0.040275 0.014659 0.176000
v 0.040315 -0.028229 0.163216
v 0.040315 0.028229 0.163216
v 0.040351 -0.033859 0.159929
v 0.040351 0.033859 0.159929
v 0.040507 -0.033989 0.001727
v 0.040507 0.033989 0.001727
v 0.040600 -0.034068 0.002500
v 0.040600 -0.034068 0.157460
v 0.040600 0.034068 0.002500
v 0.040600 0.034068 0.157460
v 0.040627 -0.010886 0.167000
v 0.040627 -0.010886 0.176000
v 0.040627 0.010886 0.167000
v 0.040627 0.010886 0.176000
v 0.040839 -0.014864 0.167000
v 0.040839 -0.014864 0.175400
v 0.040839 0.014864 0.167000
v 0.040839 0.014864 0.175400
v 0.041126 -0.028797 0.164206
v 0.041126 0.028797 0.164206
v 0.041162 -0.023765 0.164509
v 0.041162 0.023765 0.164509
v 0.041298 -0.019257 0.165323
v 0.041298 0.019257 0.165323
v 0.041367 -0.028966 0.000000
v 0.041367 -0.028966 0.002800
v 0.041375 -0.028971 0.161530
v 0.041367 0.028966 0.000000
v 0.041367 0.028966 0.002800
v 0.041375 0.028971 0.161530
v 0.041400 -0.011093 0.176000
v 0.041400 0.011093 0.176000
v 0.041421 -0.007304 0.167000
v 0.041421 -0.007304 0.176000
v 0.041421 0.007304 0.167000
v 0.041421 0.007304 0.176000
v 0.041626 -0.019410 0.166675
v 0.041626 0.019410 0.166675
v 0.041712 -0.029207 0.002884
v 0.041712 0.029207 0.002884
v 0.041768 -0.024115 0.165722
v 0.041768 0.024115 0.165722
v 0.041900 -0.003666 0.167000
v 0.041900 -0.003666 0.176000
v 0.041900 0.003666 0.167000
v 0.041900 0.003666 0.176000
v 0.041979 -0.011248 0.167000
v 0.041979 -0.011248 0.175400
v 0.041979 0.011248 0.167000
v 0.041979 0.011248 0.175400
v 0.042000 -0.029409 0.000122
v 0.042004 -0.029412 0.003122
v 0.042000 0.029409 0.000122
v 0.042004 0.029412 0.003122
v 0.042041 -0.029437 0.159567
v 0.042041 0.029437 0.159567
v 0.042060 0.000000 0.167000
v 0.042060 0.000000 0.176000
v 0.042200 -0.029549 0.003479
v 0.042200 0.029549 0.003479
v 0.042209 -0.007443 0.176000
v 0.042209 0.007443 0.176000
v 0.042268 -0.029597 0.003900
v 0.042268 -0.029597 0.157460
v 0.042268 0.029597 0.003900
v 0.042268 0.029597 0.157460
v 0.042368 -0.029666 0.162230
v 0.042368 0.029666 0.162230
v 0.042571 -0.029808 0.000477
v 0.042571 0.029808 0.000477
v 0.042622 -0.024608 0.163216
v 0.042622 0.024608 0.163216
v 0.042697 -0.003735 0.176000
v 0.042697 0.003735 0.176000
v 0.042800 -0.007547 0.167000
v 0.042800 -0.007547 0.175400
v 0.042800 0.007547 0.167000
v 0.042800 0.007547 0.175400
v 0.042819 -0.015585 0.165323
v 0.042819 0.015585 0.165323
v 0.042860 0.000000 0.176000
v 0.043024 -0.030126 0.001031
v 0.043024 0.030126 0.001031
v 0.043077 -0.020087 0.164509
v 0.043077 0.020087 0.164509
v 0.043149 -0.030213 0.159929
v 0.043149 0.030213 0.159929
v 0.043159 -0.015709 0.166675
v 0.043159 0.015709 0.166675
v 0.043295 -0.003788 0.167000
v 0.043295 -0.003788 0.175400
v 0.043295 0.003788 0.167000
v 0.043295 0.003788 0.175400
v 0.043315 -0.030329 0.001727
v 0.043315 0.030329 0.001727
v 0.043415 -0.030400 0.002500
v 0.043415 -0.030400 0.157460
v 0.043415 0.030400 0.002500
v 0.043415 0.030400 0.157460
v 0.043460 0.000000 0.167000
v 0.043460 0.000000 0.175400
v 0.043479 -0.025103 0.164206
v 0.043479 0.025103 0.164206
v 0.043711 -0.020383 0.165722
v 0.043711 0.020383 0.165722
v 0.043734 -0.025250 0.000000
v 0.043734 -0.025250 0.002800
v 0.043734 0.025250 0.000000
v 0.043734 0.025250 0.002800
v 0.043742 -0.025255 0.161530
v 0.043742 0.025255 0.161530
v 0.044014 -0.011794 0.165323
v 0.044014 0.011794 0.165323
v 0.044099 -0.025460 0.002884
v 0.044099 0.025460 0.002884
v 0.044364 -0.011887 0.166675
v 0.044364 0.011887 0.166675
v 0.044403 -0.025636 0.000122
v 0.044403 0.025636 0.000122
v 0.044408 -0.025639 0.003122
v 0.044408 0.025639 0.003122
v 0.044447 -0.025661 0.159567
v 0.044447 0.025661 0.159567
v 0.044605 -0.020800 0.163216
v 0.044605 0.020800 0.163216
v 0.044614 -0.025758 0.003479
v 0.044614 0.025758 0.003479
v 0.044664 -0.016256 0.164509
v 0.044664 0.016256 0.164509
v 0.044687 -0.025800 0.003900
v 0.044687 -0.025800 0.157460
v 0.044687 0.025800 0.003900
v 0.044687 0.025800 0.157460
v 0.044792 -0.025861 0.162230
v 0.044792 0.025861 0.162230
v 0.044875 -0.007913 0.165323
v 0.044875 0.007913 0.165323
v 0.045007 -0.025985 0.000477
v 0.045007 0.025985 0.000477
v 0.045231 -0.007976 0.166675
v 0.045231 0.007976 0.166675
v 0.045321 -0.016496 0.165722
v 0.045321 0.016496 0.165722
v 0.045393 -0.003971 0.165323
v 0.045393 0.003971 0.165323
v 0.045486 -0.026261 0.001031
v 0.045486 0.026261 0.001031
v 0.045502 -0.021218 0.164206
v 0.045502 0.021218 0.164206
v 0.045567 0.000000 0.165323
v 0.045618 -0.026337 0.159929
v 0.045618 0.026337 0.159929
v 0.045754 -0.004003 0.166675
v 0.045754 0.004003 0.166675
v 0.045769 -0.021342 0.000000
v 0.045769 -0.021342 0.002800
v 0.045769 0.021342 0.000000
v 0.045769 0.021342 0.002800
v 0.045777 -0.021346 0.161530
v 0.045777 0.021346 0.161530
v 0.045793 -0.026439 0.001727
v 0.045793 0.026439 0.001727
v 0.045899 -0.026500 0.002500
v 0.045899 -0.026500 0.157460
v 0.045899 0.026500 0.002500
v 0.045899 0.026500 0.157460
v 0.045910 -0.012302 0.164509
v 0.045910 0.012302 0.164509
v 0.045929 0.000000 0.166675
v 0.046150 -0.021520 0.002884
v 0.046150 0.021520 0.002884
v 0.046248 -0.016833 0.163216
v 0.046248 0.016833 0.163216
v 0.046469 -0.021669 0.000122
v 0.046473 -0.021671 0.003122
v 0.046469 0.021669 0.000122
v 0.046473 0.021671 0.003122
v 0.046514 -0.021690 0.159567
v 0.046514 0.021690 0.159567
v 0.046587 -0.012483 0.165722
v 0.046587 0.012483 0.165722
v 0.046690 -0.021772 0.003479
v 0.046690 0.021772 0.003479
v 0.046765 -0.021807 0.003900
v 0.046765 -0.021807 0.157460
v 0.046765 0.021807 0.003900
v 0.046765 0.021807 0.157460
v 0.046808 -0.008253 0.164509
v 0.046808 0.008253 0.164509
v 0.046876 -0.021859 0.162230
v 0.046876 0.021859 0.162230
v 0.047100 -0.021963 0.000477
v 0.047100 0.021963 0.000477
v 0.047178 -0.017171 0.164206
v 0.047178 0.017171 0.164206
v 0.047349 -0.004143 0.164509
v 0.047349 0.004143 0.164509
v 0.047454 -0.017272 0.000000
v 0.047454 -0.017272 0.002800
v 0.047454 0.017272 0.000000
v 0.047454 0.017272 0.002800
v 0.047463 -0.017275 0.161530
v 0.047463 0.017275 0.161530
v 0.047497 -0.008375 0.165722
v 0.047497 0.008375 0.165722
v 0.047530 0.000000 0.164509
v 0.047539 -0.012738 0.163216
v 0.047539 0.012738 0.163216
v 0.047602 -0.022197 0.001031
v 0.047602 0.022197 0.001031
v 0.047740 -0.022261 0.159929
v 0.047740 0.022261 0.159929
v 0.047850 -0.017416 0.002884
v 0.047850 0.017416 0.002884
v 0.047923 -0.022347 0.001727
v 0.047923 0.022347 0.001727
v 0.048034 -0.022399 0.002500
v 0.048034 -0.022399 0.157460
v 0.048034 0.022399 0.002500
v 0.048034 0.022399 0.157460
v 0.048046 -0.004204 0.165722
v 0.048046 0.004204 0.165722
v 0.048180 -0.017536 0.000122
v 0.048180 0.017536 0.000122
v 0.048185 -0.017538 0.003122
v 0.048185 0.017538 0.003122
v 0.048228 -0.017553 0.159567
v 0.048230 0.000000 0.165722
v 0.048228 0.017553 0.159567
v 0.048409 -0.017620 0.003479
v 0.048409 0.017620 0.003479
v 0.048468 -0.008546 0.163216
v 0.048468 0.008546 0.163216
v 0.048488 -0.017648 0.003900
v 0.048488 -0.017648 0.157460
v 0.048488 0.017648 0.003900
v 0.048488 0.017648 0.157460
v 0.048495 -0.012994 0.164206
v 0.048495 0.012994 0.164206
v 0.048603 -0.017690 0.162230
v 0.048603 0.017690 0.162230
v 0.048779 -0.013070 0.000000
v 0.048779 -0.013070 0.002800
v 0.048779 0.013070 0.000000
v 0.048779 0.013070 0.002800
v 0.048788 -0.013073 0.161530
v 0.048788 0.013073 0.161530
v 0.048835 -0.017775 0.000477
v 0.048835 0.017775 0.000477
v 0.049029 -0.004289 0.163216
v 0.049029 0.004289 0.163216
v 0.049186 -0.013179 0.002884
v 0.049186 0.013179 0.002884
v 0.049216 0.000000 0.163216
v 0.049355 -0.017964 0.001031
v 0.049355 0.017964 0.001031
v 0.049443 -0.008718 0.164206
v 0.049443 0.008718 0.164206
v 0.049498 -0.018016 0.159929
v 0.049498 0.018016 0.159929
v 0.049525 -0.013270 0.000122
v 0.049531 -0.013272 0.003122
v 0.049525 0.013270 0.000122
v 0.049531 0.013272 0.003122
v 0.049574 -0.013283 0.159567
v 0.049574 0.013283 0.159567
v 0.049689 -0.018085 0.001727
v 0.049689 0.018085 0.001727
v 0.049733 -0.008769 0.000000
v 0.049733 -0.008769 0.002800
v 0.049733 0.008769 0.000000
v 0.049733 0.008769 0.002800
v 0.049742 -0.008771 0.161530
v 0.049742 0.008771 0.161530
v 0.049761 -0.013333 0.003479
v 0.049761 0.013333 0.003479
v 0.049804 -0.018127 0.002500
v 0.049804 -0.018127 0.157460
v 0.049804 0.018127 0.002500
v 0.049804 0.018127 0.157460
v 0.049842 -0.013355 0.003900
v 0.049842 -0.013355 0.157460
v 0.049842 0.013355 0.003900
v 0.049842 0.013355 0.157460
v 0.049960 -0.013387 0.162230
v 0.049960 0.013387 0.162230
v 0.050015 -0.004376 0.164206
v 0.050015 0.004376 0.164206
v 0.050147 -0.008842 0.002884
v 0.050147 0.008842 0.002884
v 0.050199 -0.013451 0.000477
v 0.050199 0.013451 0.000477
v 0.050206 0.000000 0.164206
v 0.050308 -0.004401 0.000000
v 0.050308 -0.004401 0.002800
v 0.050308 0.004401 0.000000
v 0.050308 0.004401 0.002800
v 0.050317 -0.004402 0.161530
v 0.050317 0.004402 0.161530
v 0.050494 -0.008903 0.000122
v 0.050494 0.008903 0.000122
v 0.050499 -0.008904 0.003122
v 0.050500 0.000000 0.000000
v 0.050500 0.000000 0.002800
v 0.050499 0.008904 0.003122
v 0.050509 0.000000 0.161530
v 0.050543 -0.008912 0.159567
v 0.050543 0.008912 0.159567
v 0.050733 -0.013594 0.001031
v 0.050734 -0.008946 0.003479
v 0.050727 -0.004438 0.002884
v 0.050727 0.004438 0.002884
v 0.050734 0.008946 0.003479
v 0.050733 0.013594 0.001031
v 0.050816 -0.008960 0.003900
v 0.050816 -0.008960 0.157460
v 0.050816 0.008960 0.003900
v 0.050816 0.008960 0.157460
v 0.050880 -0.013633 0.159929
v 0.050880 0.013633 0.159929
v 0.050921 0.000000 0.002884
v 0.050936 -0.008981 0.162230
v 0.050936 0.008981 0.162230
v 0.051076 -0.013686 0.001727
v 0.051077 -0.004469 0.000122
v 0.051083 -0.004469 0.003122
v 0.051077 0.004469 0.000122
v 0.051083 0.004469 0.003122
v 0.051076 0.013686 0.001727
v 0.051127 -0.004473 0.159567
v 0.051127 0.004473 0.159567
v 0.051180 -0.009024 0.000477
v 0.051180 0.009024 0.000477
v 0.051194 -0.013717 0.002500
v 0.051194 -0.013717 0.157460
v 0.051194 0.013717 0.002500
v 0.051194 0.013717 0.157460
v 0.051273 0.000000 0.000122
v 0.051278 0.000000 0.003122
v 0.051320 -0.004490 0.003479
v 0.051323 0.000000 0.159567
v 0.051320 0.004490 0.003479
v 0.051404 -0.004497 0.003900
v 0.051404 -0.004497 0.157460
v 0.051404 0.004497 0.003900
v 0.051404 0.004497 0.157460
v 0.051516 0.000000 0.003479
v 0.051525 -0.004508 0.162230
v 0.051525 0.004508 0.162230
v 0.051600 0.000000 0.003900
v 0.051600 0.000000 0.157460
v 0.051725 -0.009120 0.001031
v 0.051722 0.000000 0.162230
v 0.051725 0.009120 0.001031
v 0.051772 -0.004529 0.000477
v 0.051772 0.004529 0.000477
v 0.051875 -0.009147 0.159929
v 0.051875 0.009147 0.159929
v 0.051969 0.000000 0.000477
v 0.052074 -0.009182 0.001727
v 0.052074 0.009182 0.001727
v 0.052195 -0.009203 0.002500
v 0.052195 -0.009203 0.157460
v 0.052195 0.009203 0.002500
v 0.052195 0.009203 0.157460
v 0.052323 -0.004578 0.001031
v 0.052323 0.004578 0.001031
v 0.052474 -0.004591 0.159929
v 0.052474 0.004591 0.159929
v 0.052523 0.000000 0.001031
v 0.052675 0.000000 0.159929
v 0.052676 -0.004609 0.001727
v 0.052676 0.004609 0.001727
v 0.052798 -0.004619 0.002500
v 0.052798 -0.004619 0.157460
v 0.052798 0.004619 0.002500
v 0.052798 0.004619 0.157460
v 0.052878 0.000000 0.001727
v 0.053000 0.000000 0.002500
v 0.053000 0.000000 0.157460
f 1009 1934 1941
f 1941 1934 1965
f 1941 1965 1976
f 1976 1965 1994
f 1976 1994 1997
f 1997 1994 2005
f 1997 2005 2008
f 2008 2005 2011
f 2008 2011 2016
f 2016 2011 2014
f 2016 2014 2017
f 2017 2014 2015
f 2017 2015 2018
f 2018 2015 2007
f 2018 2007 2009
f 2009 2007 1987
f 2009 1987 1991
f 1991 1987 1926
f 1991 1926 1931
f 1931 1926 1860
f 1931 1860 1866
f 1866 1860 1792
f 1866 1792 1807
f 1807 1792 1730
f 1807 1730 1738
f 1738 1730 1731
f 1738 1731 1739
f 1739 1731 1712
f 1739 1712 1719
f 1719 1712 1684
f 1719 1684 1696
f 1696 1684 1683
f 1696 1683 1695
f 1695 1683 1783
f 1695 1783 1788
f 1788 1783 1835
f 1788 1835 1844
f 1844 1835 1889
f 1844 1889 1892
f 1892 1889 1937
f 1892 1937 1944
f 1944 1937 1969
f 1944 1969 1979
f 1979 1969 1984
f 1979 1984 1989
f 1989 1984 1983
f 1989 1983 1988
f 1988 1983 1980
f 1988 1980 1985
f 1985 1980 1966
f 1985 1966 1977
f 1977 1966 1950
f 1977 1950 1959
f 1959 1950 1935
f 1959 1935 1942
f 1942 1935 1010
f 1009 1909 1934
f 1934 1909 1939
f 1934 1939 1965
f 1965 1939 1971
f 1965 1971 1994
f 1994 1971 1992
f 1994 1992 2005
f 2005 1992 1999
f 2005 1999 2011
f 2011 1999 2002
f 2011 2002 2014
f 2014 2002 2003
f 2014 2003 2015
f 2015 2003 1996
f 2015 1996 2007
f 2007 1996 1961
f 2007 1961 1987
f 1987 1961 1896
f 1987 1896 1926
f 1926 1896 1843
f 1926 1843 1860
f 1860 1843 1779
f 1860 1779 1792
f 1792 1779 1715
f 1792 1715 1730
f 1730 1715 1716
f 1730 1716 1731
f 1731 1716 1700
f 1731 1700 1712
f 1712 1700 1674
f 1712 1674 1684
f 1684 1674 1673
f 1684 1673 1683
f 1683 1673 1775
f 1683 1775 1783
f 1783 1775 1827
f 1783 1827 1835
f 1835 1827 1871
f 1835 1871 1889
f 1889 1871 1912
f 1889 1912 1937
f 1937 1912 1946
f 1937 1946 1969
f 1969 1946 1956
f 1969 1956 1984
f 1984 1956 1955
f 1984 1955 1983
f 1983 1955 1951
f 1983 1951 1980
f 1980 1951 1943
f 1980 1943 1966
f 1966 1943 1928
f 1966 1928 1950
f 1950 1928 1910
f 1950 1910 1935
f 1935 1910 1010
f 1009 1882 1909
f 1909 1882 1901
f 1909 1901 1939
f 1939 1901 1930
f 1939 1930 1971
f 1971 1930 1952
f 1971 1952 1992
f 1992 1952 1967
f 1992 1967 1999
f 1999 1967 1974
f 1999 1974 2002
f 2002 1974 1975
f 2002 1975 2003
f 2003 1975 1958
f 2003 1958 1996
f 1996 1958 1924
f 1996 1924 1961
f 1961 1924 1877
f 1961 1877 1896
f 1896 1877 1819
f 1896 1819 1843
f 1843 1819 1755
f 1843 1755 1779
f 1779 1755 1687
f 1779 1687 1715
f 1715 1687 1688
f 1715 1688 1716
f 1716 1688 1670
f 1716 1670 1700
f 1700 1670 1652
f 1700 1652 1674
f 1674 1652 1651
f 1674 1651 1673
f 1673 1651 1751
f 1673 1751 1775
f 1775 1751 1806
f 1775 1806 1827
f 1827 1806 1846
f 1827 1846 1871
f 1871 1846 1885
f 1871 1885 1912
f 1912 1885 1904
f 1912 1904 1946
f 1946 1904 1922
f 1946 1922 1956
f 1956 1922 1921
f 1956 1921 1955
f 1955 1921 1914
f 1955 1914 1951
f 1951 1914 1902
f 1951 1902 1943
f 1943 1902 1891
f 1943 1891 1928
f 1928 1891 1883
f 1928 1883 1910
f 1910 1883 1010
f 1009 1838 1882
f 1882 1838 1862
f 1882 1862 1901
f 1901 1862 1887
f 1901 1887 1930
f 1930 1887 1894
f 1930 1894 1952
f 1952 1894 1906
f 1952 1906 1967
f 1967 1906 1917
f 1967 1917 1974
f 1974 1917 1918
f 1974 1918 1975
f 1975 1918 1898
f 1975 1898 1958
f 1958 1898 1879
f 1958 1879 1924
f 1924 1879 1833
f 1924 1833 1877
f 1877 1833 1781
f 1877 1781 1819
f 1819 1781 1727
f 1819 1727 1755
f 1755 1727 1655
f 1755 1655 1687
f 1687 1655 1656
f 1687 1656 1688
f 1688 1656 1638
f 1688 1638 1670
f 1670 1638 1624
f 1670 1624 1652
f 1652 1624 1623
f 1652 1623 1651
f 1651 1623 1718
f 1651 1718 1751
f 1751 1718 1767
f 1751 1767 1806
f 1806 1767 1811
f 1806 1811 1846
f 1846 1811 1841
f 1846 1841 1885
f 1885 1841 1867
f 1885 1867 1904
f 1904 1867 1875
f 1904 1875 1922
f 1922 1875 1874
f 1922 1874 1921
f 1921 1874 1869
f 1921 1869 1914
f 1914 1869 1864
f 1914 1864 1902
f 1902 1864 1852
f 1902 1852 1891
f 1891 1852 1839
f 1891 1839 1883
f 1883 1839 1010
f 1009 1795 1838
f 1838 1795 1814
f 1838 1814 1862
f 1862 1814 1831
f 1862 1831 1887
f 1887 1831 1848
f 1887 1848 1894
f 1894 1848 1854
f 1894 1854 1906
f 1906 1854 1857
f 1906 1857 1917
f 1917 1857 1858
f 1917 1858 1918
f 1918 1858 1850
f 1918 1850 1898
f 1898 1850 1829
f 1898 1829 1879
f 1879 1829 1787
f 1879 1787 1833
f 1833 1787 1743
f 1833 1743 1781
f 1781 1743 1676
f 1781 1676 1727
f 1727 1676 1613
f 1727 1613 1655
f 1655 1613 1614
f 1655 1614 1656
f 1656 1614 1600
f 1656 1600 1638
f 1638 1600 1590
f 1638 1590 1624
f 1624 1590 1589
f 1624 1589 1623
f 1623 1589 1662
f 1623 1662 1718
f 1718 1662 1723
f 1718 1723 1767
f 1767 1723 1763
f 1767 1763 1811
f 1811 1763 1798
f 1811 1798 1841
f 1841 1798 1817
f 1841 1817 1867
f 1867 1817 1825
f 1867 1825 1875
f 1875 1825 1824
f 1875 1824 1874
f 1874 1824 1821
f 1874 1821 1869
f 1869 1821 1815
f 1869 1815 1864
f 1864 1815 1809
f 1864 1809 1852
f 1852 1809 1796
f 1852 1796 1839
f 1839 1796 1010
f 1009 1746 1795
f 1795 1746 1757
f 1795 1757 1814
f 1814 1757 1777
f 1814 1777 1831
f 1831 1777 1785
f 1831 1785 1848
f 1848 1785 1800
f 1848 1800 1854
f 1854 1800 1803
f 1854 1803 1857
f 1857 1803 1804
f 1857 1804 1858
f 1858 1804 1790
f 1858 1790 1850
f 1850 1790 1773
f 1850 1773 1829
f 1829 1773 1741
f 1829 1741 1787
f 1787 1741 1680
f 1787 1680 1743
f 1743 1680 1632
f 1743 1632 1676
f 1676 1632 1583
f 1676 1583 1613
f 1613 1583 1584
f 1613 1584 1614
f 1614 1584 1566
f 1614 1566 1600
f 1600 1566 1553
f 1600 1553 1590
f 1590 1553 1552
f 1590 1552 1589
f 1589 1552 1617
f 1589 1617 1662
f 1662 1617 1660
f 1662 1660 1723
f 1723 1660 1710
f 1723 1710 1763
f 1763 1710 1749
f 1763 1749 1798
f 1798 1749 1761
f 1798 1761 1817
f 1817 1761 1771
f 1817 1771 1825
f 1825 1771 1770
f 1825 1770 1824
f 1824 1770 1765
f 1824 1765 1821
f 1821 1765 1759
f 1821 1759 1815
f 1815 1759 1753
f 1815 1753 1809
f 1809 1753 1747
f 1809 1747 1796
f 1796 1747 1010
f 1009 1666 1746
f 1746 1666 1691
f 1746 1691 1757
f 1757 1691 1708
f 1757 1708 1777
f 1777 1708 1721
f 1777 1721 1785
f 1785 1721 1733
f 1785 1733 1800
f 1800 1733 1736
f 1800 1736 1803
f 1803 1736 1737
f 1803 1737 1804
f 1804 1737 1725
f 1804 1725 1790
f 1790 1725 1706
f 1790 1706 1773
f 1773 1706 1658
f 1773 1658 1741
f 1741 1658 1620
f 1741 1620 1680
f 1680 1620 1580
f 1680 1580 1632
f 1632 1580 1531
f 1632 1531 1583
f 1583 1531 1532
f 1583 1532 1584
f 1584 1532 1524
f 1584 1524 1566
f 1566 1524 1518
f 1566 1518 1553
f 1553 1518 1517
f 1553 1517 1552
f 1552 1517 1572
f 1552 1572 1617
f 1617 1572 1602
f 1617 1602 1660
f 1660 1602 1640
f 1660 1640 1710
f 1710 1640 1668
f 1710 1668 1749
f 1749 1668 1694
f 1749 1694 1761
f 1761 1694 1704
f 1761 1704 1771
f 1771 1704 1703
f 1771 1703 1770
f 1770 1703 1698
f 1770 1698 1765
f 1765 1698 1692
f 1765 1692 1759
f 1759 1692 1678
f 1759 1678 1753
f 1753 1678 1667
f 1753 1667 1747
f 1747 1667 1010
f 1009 1596 1666
f 1666 1596 1607
f 1666 1607 1691
f 1691 1607 1634
f 1691 1634 1708
f 1708 1634 1636
f 1708 1636 1721
f 1721 1636 1644
f 1721 1644 1733
f 1733 1644 1647
f 1733 1647 1736
f 1736 1647 1648
f 1736 1648 1737
f 1737 1648 1642
f 1737 1642 1725
f 1725 1642 1630
f 1725 1630 1706
f 1706 1630 1592
f 1706 1592 1658
f 1658 1592 1564
f 1658 1564 1620
f 1620 1564 1526
f 1620 1526 1580
f 1580 1526 1497
f 1580 1497 1531
f 1531 1497 1498
f 1531 1498 1532
f 1532 1498 1480
f 1532 1480 1524
f 1524 1480 1465
f 1524 1465 1518
f 1518 1465 1464
f 1518 1464 1517
f 1517 1464 1522
f 1517 1522 1572
f 1572 1522 1548
f 1572 1548 1602
f 1602 1548 1586
f 1602 1586 1640
f 1640 1586 1598
f 1640 1598 1668
f 1668 1598 1610
f 1668 1610 1694
f 1694 1610 1628
f 1694 1628 1704
f 1704 1628 1627
f 1704 1627 1703
f 1703 1627 1618
f 1703 1618 1698
f 1698 1618 1608
f 1698 1608 1692
f 1692 1608 1604
f 1692 1604 1678
f 1678 1604 1597
f 1678 1597 1667
f 1667 1597 1010
f 1009 1535 1596
f 1596 1535 1543
f 1596 1543 1607
f 1607 1543 1562
f 1607 1562 1634
f 1634 1562 1568
f 1634 1568 1636
f 1636 1568 1574
f 1636 1574 1644
f 1644 1574 1577
f 1644 1577 1647
f 1647 1577 1578
f 1647 1578 1648
f 1648 1578 1570
f 1648 1570 1642
f 1642 1570 1560
f 1642 1560 1630
f 1630 1560 1528
f 1630 1528 1592
f 1592 1528 1514
f 1592 1514 1564
f 1564 1514 1476
f 1564 1476 1526
f 1526 1476 1455
f 1526 1455 1497
f 1497 1455 1456
f 1497 1456 1498
f 1498 1456 1444
f 1498 1444 1480
f 1480 1444 1436
f 1480 1436 1465
f 1465 1436 1435
f 1465 1435 1464
f 1464 1435 1466
f 1464 1466 1522
f 1522 1466 1502
f 1522 1502 1548
f 1548 1502 1520
f 1548 1520 1586
f 1586 1520 1538
f 1586 1538 1598
f 1598 1538 1546
f 1598 1546 1610
f 1610 1546 1558
f 1610 1558 1628
f 1628 1558 1557
f 1628 1557 1627
f 1627 1557 1554
f 1627 1554 1618
f 1618 1554 1544
f 1618 1544 1608
f 1608 1544 1540
f 1608 1540 1604
f 1604 1540 1536
f 1604 1536 1597
f 1597 1536 1010
f 1009 1471 1535
f 1535 1471 1483
f 1535 1483 1543
f 1543 1483 1500
f 1543 1500 1562
f 1562 1500 1504
f 1562 1504 1568
f 1568 1504 1508
f 1568 1508 1574
f 1574 1508 1511
f 1574 1511 1577
f 1577 1511 1512
f 1577 1512 1578
f 1578 1512 1506
f 1578 1506 1570
f 1570 1506 1494
f 1570 1494 1560
f 1560 1494 1468
f 1560 1468 1528
f 1528 1468 1458
f 1528 1458 1514
f 1514 1458 1424
f 1514 1424 1476
f 1476 1424 1401
f 1476 1401 1455
f 1455 1401 1402
f 1455 1402 1456
f 1456 1402 1396
f 1456 1396 1444
f 1444 1396 1392
f 1444 1392 1436
f 1436 1392 1391
f 1436 1391 1435
f 1435 1391 1416
f 1435 1416 1466
f 1466 1416 1452
f 1466 1452 1502
f 1502 1452 1460
f 1502 1460 1520
f 1520 1460 1474
f 1520 1474 1538
f 1538 1474 1486
f 1538 1486 1546
f 1546 1486 1492
f 1546 1492 1558
f 1558 1492 1491
f 1558 1491 1557
f 1557 1491 1488
f 1557 1488 1554
f 1554 1488 1484
f 1554 1484 1544
f 1544 1484 1478
f 1544 1478 1540
f 1540 1478 1472
f 1540 1472 1536
f 1536 1472 1010
f 1009 1410 1471
f 1471 1410 1419
f 1471 1419 1483
f 1483 1419 1438
f 1483 1438 1500
f 1500 1438 1440
f 1500 1440 1504
f 1504 1440 1446
f 1504 1446 1508
f 1508 1446 1449
f 1508 1449 1511
f 1511 1449 1450
f 1511 1450 1512
f 1512 1450 1442
f 1512 1442 1506
f 1506 1442 1432
f 1506 1432 1494
f 1494 1432 1406
f 1494 1406 1468
f 1468 1406 1398
f 1468 1398 1458
f 1458 1398 1381
f 1458 1381 1424
f 1424 1381 1347
f 1424 1347 1401
f 1401 1347 1348
f 1401 1348 1402
f 1402 1348 1342
f 1402 1342 1396
f 1396 1342 1340
f 1396 1340 1392
f 1392 1340 1339
f 1392 1339 1391
f 1391 1339 1376
f 1391 1376 1416
f 1416 1376 1394
f 1416 1394 1452
f 1452 1394 1404
f 1452 1404 1460
f 1460 1404 1412
f 1460 1412 1474
f 1474 1412 1422
f 1474 1422 1486
f 1486 1422 1430
f 1486 1430 1492
f 1492 1430 1429
f 1492 1429 1491
f 1491 1429 1426
f 1491 1426 1488
f 1488 1426 1420
f 1488 1420 1484
f 1484 1420 1414
f 1484 1414 1478
f 1478 1414 1411
f 1478 1411 1472
f 1472 1411 1010
f 1009 1354 1410
f 1410 1354 1361
f 1410 1361 1419
f 1419 1361 1374
f 1419 1374 1438
f 1438 1374 1378
f 1438 1378 1440
f 1440 1378 1384
f 1440 1384 1446
f 1446 1384 1387
f 1446 1387 1449
f 1449 1387 1388
f 1449 1388 1450
f 1450 1388 1382
f 1450 1382 1442
f 1442 1382 1372
f 1442 1372 1432
f 1432 1372 1350
f 1432 1350 1406
f 1406 1350 1336
f 1406 1336 1398
f 1398 1336 1332
f 1398 1332 1381
f 1381 1332 1307
f 1381 1307 1347
f 1347 1307 1308
f 1347 1308 1348
f 1348 1308 1296
f 1348 1296 1342
f 1342 1296 1286
f 1342 1286 1340
f 1340 1286 1285
f 1340 1285 1339
f 1339 1285 1330
f 1339 1330 1376
f 1376 1330 1334
f 1376 1334 1394
f 1394 1334 1344
f 1394 1344 1404
f 1404 1344 1356
f 1404 1356 1412
f 1412 1356 1364
f 1412 1364 1422
f 1422 1364 1370
f 1422 1370 1430
f 1430 1370 1369
f 1430 1369 1429
f 1429 1369 1366
f 1429 1366 1426
f 1426 1366 1362
f 1426 1362 1420
f 1420 1362 1358
f 1420 1358 1414
f 1414 1358 1355
f 1414 1355 1411
f 1411 1355 1010
f 1009 1291 1354
f 1354 1291 1301
f 1354 1301 1361
f 1361 1301 1318
f 1361 1318 1374
f 1374 1318 1320
f 1374 1320 1378
f 1378 1320 1324
f 1378 1324 1384
f 1384 1324 1327
f 1384 1327 1387
f 1387 1327 1328
f 1387 1328 1388
f 1388 1328 1322
f 1388 1322 1382
f 1382 1322 1316
f 1382 1316 1372
f 1372 1316 1288
f 1372 1288 1350
f 1350 1288 1280
f 1350 1280 1336
f 1336 1280 1276
f 1336 1276 1332
f 1332 1276 1271
f 1332 1271 1307
f 1307 1271 1272
f 1307 1272 1308
f 1308 1272 1264
f 1308 1264 1296
f 1296 1264 1256
f 1296 1256 1286
f 1286 1256 1255
f 1286 1255 1285
f 1285 1255 1274
f 1285 1274 1330
f 1330 1274 1278
f 1330 1278 1334
f 1334 1278 1282
f 1334 1282 1344
f 1344 1282 1294
f 1344 1294 1356
f 1356 1294 1304
f 1356 1304 1364
f 1364 1304 1314
f 1364 1314 1370
f 1370 1314 1313
f 1370 1313 1369
f 1369 1313 1310
f 1369 1310 1366
f 1366 1310 1302
f 1366 1302 1362
f 1362 1302 1298
f 1362 1298 1358
f 1358 1298 1292
f 1358 1292 1355
f 1355 1292 1010
f 1009 1231 1291
f 1291 1231 1239
f 1291 1239 1301
f 1301 1239 1252
f 1301 1252 1318
f 1318 1252 1258
f 1318 1258 1320
f 1320 1258 1262
f 1320 1262 1324
f 1324 1262 1267
f 1324 1267 1327
f 1327 1267 1268
f 1327 1268 1328
f 1328 1268 1260
f 1328 1260 1322
f 1322 1260 1250
f 1322 1250 1316
f 1316 1250 1228
f 1316 1228 1288
f 1288 1228 1224
f 1288 1224 1280
f 1280 1224 1220
f 1280 1220 1276
f 1276 1220 1215
f 1276 1215 1271
f 1271 1215 1216
f 1271 1216 1272
f 1272 1216 1212
f 1272 1212 1264
f 1264 1212 1210
f 1264 1210 1256
f 1256 1210 1209
f 1256 1209 1255
f 1255 1209 1218
f 1255 1218 1274
f 1274 1218 1222
f 1274 1222 1278
f 1278 1222 1226
f 1278 1226 1282
f 1282 1226 1234
f 1282 1234 1294
f 1294 1234 1242
f 1294 1242 1304
f 1304 1242 1248
f 1304 1248 1314
f 1314 1248 1247
f 1314 1247 1313
f 1313 1247 1244
f 1313 1244 1310
f 1310 1244 1240
f 1310 1240 1302
f 1302 1240 1236
f 1302 1236 1298
f 1298 1236 1232
f 1298 1232 1292
f 1292 1232 1010
f 1009 1176 1231
f 1231 1176 1183
f 1231 1183 1239
f 1239 1183 1196
f 1239 1196 1252
f 1252 1196 1198
f 1252 1198 1258
f 1258 1198 1202
f 1258 1202 1262
f 1262 1202 1205
f 1262 1205 1267
f 1267 1205 1206
f 1267 1206 1268
f 1268 1206 1200
f 1268 1200 1260
f 1260 1200 1194
f 1260 1194 1250
f 1250 1194 1172
f 1250 1172 1228
f 1228 1172 1168
f 1228 1168 1224
f 1224 1168 1164
f 1224 1164 1220
f 1220 1164 1159
f 1220 1159 1215
f 1215 1159 1160
f 1215 1160 1216
f 1216 1160 1156
f 1216 1156 1212
f 1212 1156 1154
f 1212 1154 1210
f 1210 1154 1153
f 1210 1153 1209
f 1209 1153 1162
f 1209 1162 1218
f 1218 1162 1166
f 1218 1166 1222
f 1222 1166 1170
f 1222 1170 1226
f 1226 1170 1178
f 1226 1178 1234
f 1234 1178 1186
f 1234 1186 1242
f 1242 1186 1192
f 1242 1192 1248
f 1248 1192 1191
f 1248 1191 1247
f 1247 1191 1188
f 1247 1188 1244
f 1244 1188 1184
f 1244 1184 1240
f 1240 1184 1180
f 1240 1180 1236
f 1236 1180 1177
f 1236 1177 1232
f 1232 1177 1010
f 1009 1120 1176
f 1176 1120 1127
f 1176 1127 1183
f 1183 1127 1140
f 1183 1140 1196
f 1196 1140 1142
f 1196 1142 1198
f 1198 1142 1146
f 1198 1146 1202
f 1202 1146 1149
f 1202 1149 1205
f 1205 1149 1150
f 1205 1150 1206
f 1206 1150 1144
f 1206 1144 1200
f 1200 1144 1138
f 1200 1138 1194
f 1194 1138 1116
f 1194 1116 1172
f 1172 1116 1112
f 1172 1112 1168
f 1168 1112 1108
f 1168 1108 1164
f 1164 1108 1103
f 1164 1103 1159
f 1159 1103 1104
f 1159 1104 1160
f 1160 1104 1100
f 1160 1100 1156
f 1156 1100 1098
f 1156 1098 1154
f 1154 1098 1097
f 1154 1097 1153
f 1153 1097 1106
f 1153 1106 1162
f 1162 1106 1110
f 1162 1110 1166
f 1166 1110 1114
f 1166 1114 1170
f 1170 1114 1122
f 1170 1122 1178
f 1178 1122 1130
f 1178 1130 1186
f 1186 1130 1136
f 1186 1136 1192
f 1192 1136 1135
f 1192 1135 1191
f 1191 1135 1132
f 1191 1132 1188
f 1188 1132 1128
f 1188 1128 1184
f 1184 1128 1124
f 1184 1124 1180
f 1180 1124 1121
f 1180 1121 1177
f 1177 1121 1010
f 1009 1064 1120
f 1120 1064 1072
f 1120 1072 1127
f 1127 1072 1084
f 1127 1084 1140
f 1140 1084 1086
f 1140 1086 1142
f 1142 1086 1090
f 1142 1090 1146
f 1146 1090 1093
f 1146 1093 1149
f 1149 1093 1094
f 1149 1094 1150
f 1150 1094 1088
f 1150 1088 1144
f 1144 1088 1082
f 1144 1082 1138
f 1138 1082 1060
f 1138 1060 1116
f 1116 1060 1056
f 1116 1056 1112
f 1112 1056 1052
f 1112 1052 1108
f 1108 1052 1047
f 1108 1047 1103
f 1103 1047 1048
f 1103 1048 1104
f 1104 1048 1044
f 1104 1044 1100
f 1100 1044 1042
f 1100 1042 1098
f 1098 1042 1041
f 1098 1041 1097
f 1097 1041 1050
f 1097 1050 1106
f 1106 1050 1054
f 1106 1054 1110
f 1110 1054 1058
f 1110 1058 1114
f 1114 1058 1066
f 1114 1066 1122
f 1122 1066 1074
f 1122 1074 1130
f 1130 1074 1080
f 1130 1080 1136
f 1136 1080 1079
f 1136 1079 1135
f 1135 1079 1076
f 1135 1076 1132
f 1132 1076 1073
f 1132 1073 1128
f 1128 1073 1068
f 1128 1068 1124
f 1124 1068 1065
f 1124 1065 1121
f 1121 1065 1010
f 1009 1022 1064
f 1064 1022 1026
f 1064 1026 1072
f 1072 1026 1033
f 1072 1033 1084
f 1084 1033 1034
f 1084 1034 1086
f 1086 1034 1036
f 1086 1036 1090
f 1090 1036 1037
f 1090 1037 1093
f 1093 1037 1038
f 1093 1038 1094
f 1094 1038 1035
f 1094 1035 1088
f 1088 1035 1032
f 1088 1032 1082
f 1082 1032 1021
f 1082 1021 1060
f 1060 1021 1019
f 1060 1019 1056
f 1056 1019 1017
f 1056 1017 1052
f 1052 1017 1014
f 1052 1014 1047
f 1047 1014 1015
f 1047 1015 1048
f 1048 1015 1013
f 1048 1013 1044
f 1044 1013 1012
f 1044 1012 1042
f 1042 1012 1011
f 1042 1011 1041
f 1041 1011 1016
f 1041 1016 1050
f 1050 1016 1018
f 1050 1018 1054
f 1054 1018 1020
f 1054 1020 1058
f 1058 1020 1024
f 1058 1024 1066
f 1066 1024 1028
f 1066 1028 1074
f 1074 1028 1031
f 1074 1031 1080
f 1080 1031 1030
f 1080 1030 1079
f 1079 1030 1029
f 1079 1029 1076
f 1076 1029 1027
f 1076 1027 1073
f 1073 1027 1025
f 1073 1025 1068
f 1068 1025 1023
f 1068 1023 1065
f 1065 1023 1010
f 1009 956 1022
f 1022 956 948
f 1022 948 1026
f 1026 948 936
f 1026 936 1033
f 1033 936 934
f 1033 934 1034
f 1034 934 930
f 1034 930 1036
f 1036 930 927
f 1036 927 1037
f 1037 927 928
f 1037 928 1038
f 1038 928 932
f 1038 932 1035
f 1035 932 938
f 1035 938 1032
f 1032 938 960
f 1032 960 1021
f 1021 960 964
f 1021 964 1019
f 1019 964 968
f 1019 968 1017
f 1017 968 973
f 1017 973 1014
f 1014 973 974
f 1014 974 1015
f 1015 974 976
f 1015 976 1013
f 1013 976 980
f 1013 980 1012
f 1012 980 979
f 1012 979 1011
f 1011 979 970
f 1011 970 1016
f 1016 970 966
f 1016 966 1018
f 1018 966 962
f 1018 962 1020
f 1020 962 958
f 1020 958 1024
f 1024 958 950
f 1024 950 1028
f 1028 950 942
f 1028 942 1031
f 1031 942 941
f 1031 941 1030
f 1030 941 944
f 1030 944 1029
f 1029 944 949
f 1029 949 1027
f 1027 949 952
f 1027 952 1025
f 1025 952 957
f 1025 957 1023
f 1023 957 1010
f 1009 900 956
f 956 900 893
f 956 893 948
f 948 893 880
f 948 880 936
f 936 880 878
f 936 878 934
f 934 878 874
f 934 874 930
f 930 874 871
f 930 871 927
f 927 871 872
f 927 872 928
f 928 872 876
f 928 876 932
f 932 876 882
f 932 882 938
f 938 882 904
f 938 904 960
f 960 904 908
f 960 908 964
f 964 908 912
f 964 912 968
f 968 912 917
f 968 917 973
f 973 917 918
f 973 918 974
f 974 918 920
f 974 920 976
f 976 920 924
f 976 924 980
f 980 924 923
f 980 923 979
f 979 923 914
f 979 914 970
f 970 914 910
f 970 910 966
f 966 910 906
f 966 906 962
f 962 906 902
f 962 902 958
f 958 902 890
f 958 890 950
f 950 890 886
f 950 886 942
f 942 886 885
f 942 885 941
f 941 885 888
f 941 888 944
f 944 888 894
f 944 894 949
f 949 894 896
f 949 896 952
f 952 896 901
f 952 901 957
f 957 901 1010
f 1009 844 900
f 900 844 837
f 900 837 893
f 893 837 824
f 893 824 880
f 880 824 822
f 880 822 878
f 878 822 818
f 878 818 874
f 874 818 815
f 874 815 871
f 871 815 816
f 871 816 872
f 872 816 820
f 872 820 876
f 876 820 826
f 876 826 882
f 882 826 848
f 882 848 904
f 904 848 852
f 904 852 908
f 908 852 856
f 908 856 912
f 912 856 861
f 912 861 917
f 917 861 862
f 917 862 918
f 918 862 864
f 918 864 920
f 920 864 868
f 920 868 924
f 924 868 867
f 924 867 923
f 923 867 858
f 923 858 914
f 914 858 854
f 914 854 910
f 910 854 850
f 910 850 906
f 906 850 846
f 906 846 902
f 902 846 834
f 902 834 890
f 890 834 830
f 890 830 886
f 886 830 829
f 886 829 885
f 885 829 832
f 885 832 888
f 888 832 838
f 888 838 894
f 894 838 840
f 894 840 896
f 896 840 845
f 896 845 901
f 901 845 1010
f 1009 789 844
f 844 789 781
f 844 781 837
f 837 781 768
f 837 768 824
f 824 768 762
f 824 762 822
f 822 762 758
f 822 758 818
f 818 758 753
f 818 753 815
f 815 753 754
f 815 754 816
f 816 754 760
f 816 760 820
f 820 760 770
f 820 770 826
f 826 770 792
f 826 792 848
f 848 792 796
f 848 796 852
f 852 796 800
f 852 800 856
f 856 800 805
f 856 805 861
f 861 805 806
f 861 806 862
f 862 806 808
f 862 808 864
f 864 808 812
f 864 812 868
f 868 812 811
f 868 811 867
f 867 811 802
f 867 802 858
f 858 802 798
f 858 798 854
f 854 798 794
f 854 794 850
f 850 794 786
f 850 786 846
f 846 786 778
f 846 778 834
f 834 778 774
f 834 774 830
f 830 774 773
f 830 773 829
f 829 773 776
f 829 776 832
f 832 776 782
f 832 782 838
f 838 782 784
f 838 784 840
f 840 784 790
f 840 790 845
f 845 790 1010
f 1009 729 789
f 789 729 719
f 789 719 781
f 781 719 702
f 781 702 768
f 768 702 700
f 768 700 762
f 762 700 696
f 762 696 758
f 758 696 693
f 758 693 753
f 753 693 694
f 753 694 754
f 754 694 698
f 754 698 760
f 760 698 704
f 760 704 770
f 770 704 732
f 770 732 792
f 792 732 740
f 792 740 796
f 796 740 744
f 796 744 800
f 800 744 749
f 800 749 805
f 805 749 750
f 805 750 806
f 806 750 756
f 806 756 808
f 808 756 766
f 808 766 812
f 812 766 765
f 812 765 811
f 811 765 746
f 811 746 802
f 802 746 742
f 802 742 798
f 798 742 738
f 798 738 794
f 794 738 726
f 794 726 786
f 786 726 716
f 786 716 778
f 778 716 708
f 778 708 774
f 774 708 707
f 774 707 773
f 773 707 710
f 773 710 776
f 776 710 720
f 776 720 782
f 782 720 722
f 782 722 784
f 784 722 730
f 784 730 790
f 790 730 1010
f 1009 666 729
f 729 666 659
f 729 659 719
f 719 659 646
f 719 646 702
f 702 646 642
f 702 642 700
f 700 642 636
f 700 636 696
f 696 636 633
f 696 633 693
f 693 633 634
f 693 634 694
f 694 634 640
f 694 640 698
f 698 640 648
f 698 648 704
f 704 648 670
f 704 670 732
f 732 670 684
f 732 684 740
f 740 684 688
f 740 688 744
f 744 688 713
f 744 713 749
f 749 713 714
f 749 714 750
f 750 714 724
f 750 724 756
f 756 724 736
f 756 736 766
f 766 736 735
f 766 735 765
f 765 735 690
f 765 690 746
f 746 690 686
f 746 686 742
f 742 686 676
f 742 676 738
f 738 676 668
f 738 668 726
f 726 668 656
f 726 656 716
f 716 656 652
f 716 652 708
f 708 652 651
f 708 651 707
f 707 651 654
f 707 654 710
f 710 654 660
f 710 660 720
f 720 660 662
f 720 662 722
f 722 662 667
f 722 667 730
f 730 667 1010
f 1009 610 666
f 666 610 601
f 666 601 659
f 659 601 582
f 659 582 646
f 646 582 580
f 646 580 642
f 642 580 574
f 642 574 636
f 636 574 571
f 636 571 633
f 633 571 572
f 633 572 634
f 634 572 578
f 634 578 640
f 640 578 588
f 640 588 648
f 648 588 614
f 648 614 670
f 670 614 622
f 670 622 684
f 684 622 639
f 684 639 688
f 688 639 673
f 688 673 713
f 713 673 674
f 713 674 714
f 714 674 678
f 714 678 724
f 724 678 682
f 724 682 736
f 736 682 681
f 736 681 735
f 735 681 644
f 735 644 690
f 690 644 626
f 690 626 686
f 686 626 616
f 686 616 676
f 676 616 612
f 676 612 668
f 668 612 598
f 668 598 656
f 656 598 592
f 656 592 652
f 652 592 591
f 652 591 651
f 651 591 594
f 651 594 654
f 654 594 602
f 654 602 660
f 660 602 606
f 660 606 662
f 662 606 611
f 662 611 667
f 667 611 1010
f 1009 549 610
f 610 549 537
f 610 537 601
f 601 537 520
f 601 520 582
f 582 520 516
f 582 516 580
f 580 516 512
f 580 512 574
f 574 512 509
f 574 509 571
f 571 509 510
f 571 510 572
f 572 510 514
f 572 514 578
f 578 514 526
f 578 526 588
f 588 526 552
f 588 552 614
f 614 552 562
f 614 562 622
f 622 562 596
f 622 596 639
f 639 596 619
f 639 619 673
f 673 619 620
f 673 620 674
f 674 620 624
f 674 624 678
f 678 624 630
f 678 630 682
f 682 630 629
f 682 629 681
f 681 629 604
f 681 604 644
f 644 604 568
f 644 568 626
f 626 568 560
f 626 560 616
f 616 560 546
f 616 546 612
f 612 546 534
f 612 534 598
f 598 534 530
f 598 530 592
f 592 530 529
f 592 529 591
f 591 529 532
f 591 532 594
f 594 532 538
f 594 538 602
f 602 538 542
f 602 542 606
f 606 542 550
f 606 550 611
f 611 550 1010
f 1009 485 549
f 549 485 477
f 549 477 537
f 537 477 458
f 537 458 520
f 520 458 452
f 520 452 516
f 516 452 446
f 516 446 512
f 512 446 443
f 512 443 509
f 509 443 444
f 509 444 510
f 510 444 450
f 510 450 514
f 514 450 460
f 514 460 526
f 526 460 492
f 526 492 552
f 552 492 506
f 552 506 562
f 562 506 544
f 562 544 596
f 596 544 565
f 596 565 619
f 619 565 566
f 619 566 620
f 620 566 576
f 620 576 624
f 624 576 586
f 624 586 630
f 630 586 585
f 630 585 629
f 629 585 558
f 629 558 604
f 604 558 518
f 604 518 568
f 568 518 500
f 568 500 560
f 560 500 482
f 560 482 546
f 546 482 474
f 546 474 534
f 534 474 464
f 534 464 530
f 530 464 463
f 530 463 529
f 529 463 470
f 529 470 532
f 532 470 478
f 532 478 538
f 538 478 480
f 538 480 542
f 542 480 486
f 542 486 550
f 550 486 1010
f 1009 424 485
f 485 424 413
f 485 413 477
f 477 413 386
f 477 386 458
f 458 386 384
f 458 384 452
f 452 384 376
f 452 376 446
f 446 376 373
f 446 373 443
f 443 373 374
f 443 374 444
f 444 374 378
f 444 378 450
f 450 378 390
f 450 390 460
f 460 390 428
f 460 428 492
f 492 428 456
f 492 456 506
f 506 456 494
f 506 494 544
f 544 494 523
f 544 523 565
f 565 523 524
f 565 524 566
f 566 524 540
f 566 540 576
f 576 540 557
f 576 557 586
f 586 557 556
f 586 556 585
f 585 556 498
f 585 498 558
f 558 498 472
f 558 472 518
f 518 472 434
f 518 434 500
f 500 434 426
f 500 426 482
f 482 426 410
f 482 410 474
f 474 410 394
f 474 394 464
f 464 394 393
f 464 393 463
f 463 393 404
f 463 404 470
f 470 404 414
f 470 414 478
f 478 414 416
f 478 416 480
f 480 416 425
f 480 425 486
f 486 425 1010
f 1009 354 424
f 424 354 329
f 424 329 413
f 413 329 312
f 413 312 386
f 386 312 299
f 386 299 384
f 384 299 287
f 384 287 376
f 376 287 284
f 376 284 373
f 373 284 285
f 373 285 374
f 374 285 295
f 374 295 378
f 378 295 314
f 378 314 390
f 390 314 362
f 390 362 428
f 428 362 400
f 428 400 456
f 456 400 440
f 456 440 494
f 494 440 489
f 494 489 523
f 523 489 490
f 523 490 524
f 524 490 496
f 524 496 540
f 540 496 504
f 540 504 557
f 557 504 503
f 557 503 556
f 556 503 448
f 556 448 498
f 498 448 418
f 498 418 472
f 472 418 380
f 472 380 434
f 434 380 356
f 434 356 426
f 426 356 326
f 426 326 410
f 410 326 318
f 410 318 394
f 394 318 317
f 394 317 393
f 393 317 322
f 393 322 404
f 404 322 330
f 404 330 414
f 414 330 342
f 414 342 416
f 416 342 355
f 416 355 425
f 425 355 1010
f 1009 274 354
f 354 274 263
f 354 263 329
f 329 263 243
f 329 243 312
f 312 243 235
f 312 235 299
f 299 235 220
f 299 220 287
f 287 220 217
f 287 217 284
f 284 217 218
f 284 218 285
f 285 218 230
f 285 230 295
f 295 230 247
f 295 247 314
f 314 247 279
f 314 279 362
f 362 279 340
f 362 340 400
f 400 340 388
f 400 388 440
f 440 388 437
f 440 437 489
f 489 437 438
f 489 438 490
f 490 438 454
f 490 454 496
f 496 454 469
f 496 469 504
f 504 469 468
f 504 468 503
f 503 468 403
f 503 403 448
f 448 403 360
f 448 360 418
f 418 360 310
f 418 310 380
f 380 310 271
f 380 271 356
f 356 271 259
f 356 259 326
f 326 259 251
f 326 251 318
f 318 251 250
f 318 250 317
f 317 250 255
f 317 255 322
f 322 255 261
f 322 261 330
f 330 261 267
f 330 267 342
f 342 267 275
f 342 275 355
f 355 275 1010
f 1009 225 274
f 274 225 206
f 274 206 263
f 263 206 189
f 263 189 243
f 243 189 172
f 243 172 235
f 235 172 166
f 235 166 220
f 220 166 163
f 220 163 217
f 217 163 164
f 217 164 218
f 218 164 170
f 218 170 230
f 230 170 191
f 230 191 247
f 247 191 233
f 247 233 279
f 279 233 277
f 279 277 340
f 340 277 344
f 340 344 388
f 388 344 407
f 388 407 437
f 437 407 408
f 437 408 438
f 438 408 420
f 438 420 454
f 454 420 432
f 454 432 469
f 469 432 431
f 469 431 468
f 468 431 358
f 468 358 403
f 403 358 297
f 403 297 360
f 360 297 257
f 360 257 310
f 310 257 222
f 310 222 271
f 271 222 203
f 271 203 259
f 259 203 197
f 259 197 251
f 251 197 196
f 251 196 250
f 250 196 199
f 250 199 255
f 255 199 207
f 255 207 261
f 261 207 211
f 261 211 267
f 267 211 226
f 267 226 275
f 275 226 1010
f 1009 182 225
f 225 182 158
f 225 158 206
f 206 158 133
f 206 133 189
f 189 133 126
f 189 126 172
f 172 126 114
f 172 114 166
f 166 114 103
f 166 103 163
f 163 103 104
f 163 104 164
f 164 104 122
f 164 122 170
f 170 122 141
f 170 141 191
f 191 141 187
f 191 187 233
f 233 187 239
f 233 239 277
f 277 239 293
f 277 293 344
f 344 293 365
f 344 365 407
f 407 365 366
f 407 366 408
f 408 366 382
f 408 382 420
f 420 382 398
f 420 398 432
f 432 398 397
f 432 397 431
f 431 397 302
f 431 302 358
f 358 302 253
f 358 253 297
f 297 253 209
f 297 209 257
f 257 209 179
f 257 179 222
f 222 179 154
f 222 154 203
f 203 154 147
f 203 147 197
f 197 147 146
f 197 146 196
f 196 146 151
f 196 151 199
f 199 151 156
f 199 156 207
f 207 156 168
f 207 168 211
f 211 168 183
f 211 183 226
f 226 183 1010
f 1009 138 182
f 182 138 119
f 182 119 158
f 158 119 90
f 158 90 133
f 133 90 72
f 133 72 126
f 126 72 57
f 126 57 114
f 114 57 46
f 114 46 103
f 103 46 47
f 103 47 104
f 104 47 62
f 104 62 122
f 122 62 96
f 122 96 141
f 141 96 143
f 141 143 187
f 187 143 201
f 187 201 239
f 239 201 265
f 239 265 293
f 293 265 333
f 293 333 365
f 365 333 334
f 365 334 366
f 366 334 350
f 366 350 382
f 382 350 370
f 382 370 398
f 398 370 369
f 398 369 397
f 397 369 269
f 397 269 302
f 302 269 214
f 302 214 253
f 253 214 174
f 253 174 209
f 209 174 135
f 209 135 179
f 179 135 116
f 179 116 154
f 154 116 100
f 154 100 147
f 147 100 99
f 147 99 146
f 146 99 106
f 146 106 151
f 151 106 120
f 151 120 156
f 156 120 129
f 156 129 168
f 168 129 139
f 168 139 183
f 183 139 1010
f 1009 111 138
f 138 111 81
f 138 81 119
f 119 81 49
f 119 49 90
f 90 49 29
f 90 29 72
f 72 29 21
f 72 21 57
f 57 21 18
f 57 18 46
f 46 18 19
f 46 19 47
f 47 19 24
f 47 24 62
f 62 24 59
f 62 59 96
f 96 59 124
f 96 124 143
f 143 124 177
f 143 177 201
f 201 177 241
f 201 241 265
f 265 241 305
f 265 305 333
f 333 305 306
f 333 306 334
f 334 306 320
f 334 320 350
f 350 320 348
f 350 348 370
f 370 348 347
f 370 347 369
f 369 347 245
f 369 245 269
f 269 245 193
f 269 193 214
f 214 193 149
f 214 149 174
f 174 149 108
f 174 108 135
f 135 108 74
f 135 74 116
f 116 74 66
f 116 66 100
f 100 66 65
f 100 65 99
f 99 65 71
f 99 71 106
f 106 71 79
f 106 79 120
f 120 79 92
f 120 92 129
f 129 92 112
f 129 112 139
f 139 112 1010
f 1009 86 111
f 111 86 55
f 111 55 81
f 81 55 26
f 81 26 49
f 49 26 15
f 49 15 29
f 29 15 9
f 29 9 21
f 21 9 6
f 21 6 18
f 18 6 7
f 18 7 19
f 19 7 13
f 19 13 24
f 24 13 33
f 24 33 59
f 59 33 94
f 59 94 124
f 124 94 160
f 124 160 177
f 177 160 228
f 177 228 241
f 241 228 290
f 241 290 305
f 305 290 291
f 305 291 306
f 306 291 308
f 306 308 320
f 320 308 338
f 320 338 348
f 348 338 337
f 348 337 347
f 347 337 237
f 347 237 245
f 245 237 185
f 245 185 193
f 193 185 131
f 193 131 149
f 149 131 83
f 149 83 108
f 108 83 51
f 108 51 74
f 74 51 38
f 74 38 66
f 66 38 37
f 66 37 65
f 65 37 41
f 65 41 71
f 71 41 56
f 71 56 79
f 79 56 70
f 79 70 92
f 92 70 87
f 92 87 112
f 112 87 1010
f 1009 77 86
f 86 77 43
f 86 43 55
f 55 43 22
f 55 22 26
f 26 22 11
f 26 11 15
f 15 11 3
f 15 3 9
f 9 3 1
f 9 1 6
f 6 1 2
f 6 2 7
f 7 2 10
f 7 10 13
f 13 10 28
f 13 28 33
f 33 28 88
f 33 88 94
f 94 88 153
f 94 153 160
f 160 153 212
f 160 212 228
f 228 212 280
f 228 280 290
f 290 280 281
f 290 281 291
f 291 281 300
f 291 300 308
f 308 300 324
f 308 324 338
f 338 324 323
f 338 323 337
f 337 323 231
f 337 231 237
f 237 231 175
f 237 175 185
f 185 175 127
f 185 127 131
f 131 127 75
f 131 75 83
f 83 75 40
f 83 40 51
f 51 40 31
f 51 31 38
f 38 31 30
f 38 30 37
f 37 30 34
f 37 34 41
f 41 34 42
f 41 42 56
f 56 42 60
f 56 60 70
f 70 60 78
f 70 78 87
f 87 78 1010
f 1009 84 77
f 77 84 53
f 77 53 43
f 43 53 25
f 43 25 22
f 22 25 14
f 22 14 11
f 11 14 8
f 11 8 3
f 3 8 4
f 3 4 1
f 1 4 5
f 1 5 2
f 2 5 12
f 2 12 10
f 10 12 32
f 10 32 28
f 28 32 93
f 28 93 88
f 88 93 159
f 88 159 153
f 153 159 227
f 153 227 212
f 212 227 288
f 212 288 280
f 280 288 289
f 280 289 281
f 281 289 307
f 281 307 300
f 300 307 336
f 300 336 324
f 324 336 335
f 324 335 323
f 323 335 236
f 323 236 231
f 231 236 184
f 231 184 175
f 175 184 130
f 175 130 127
f 127 130 82
f 127 82 75
f 75 82 50
f 75 50 40
f 40 50 36
f 40 36 31
f 31 36 35
f 31 35 30
f 30 35 39
f 30 39 34
f 34 39 54
f 34 54 42
f 42 54 69
f 42 69 60
f 60 69 85
f 60 85 78
f 78 85 1010
f 1009 109 84
f 84 109 80
f 84 80 53
f 53 80 48
f 53 48 25
f 25 48 27
f 25 27 14
f 14 27 20
f 14 20 8
f 8 20 16
f 8 16 4
f 4 16 17
f 4 17 5
f 5 17 23
f 5 23 12
f 12 23 58
f 12 58 32
f 32 58 123
f 32 123 93
f 93 123 176
f 93 176 159
f 159 176 240
f 159 240 227
f 227 240 303
f 227 303 288
f 288 303 304
f 288 304 289
f 289 304 319
f 289 319 307
f 307 319 346
f 307 346 336
f 336 346 345
f 336 345 335
f 335 345 244
f 335 244 236
f 236 244 192
f 236 192 184
f 184 192 148
f 184 148 130
f 130 148 107
f 130 107 82
f 82 107 73
f 82 73 50
f 50 73 64
f 50 64 36
f 36 64 63
f 36 63 35
f 35 63 68
f 35 68 39
f 39 68 76
f 39 76 54
f 54 76 91
f 54 91 69
f 69 91 110
f 69 110 85
f 85 110 1010
f 1009 136 109
f 109 136 117
f 109 117 80
f 80 117 89
f 80 89 48
f 48 89 67
f 48 67 27
f 27 67 52
f 27 52 20
f 20 52 44
f 20 44 16
f 16 44 45
f 16 45 17
f 17 45 61
f 17 61 23
f 23 61 95
f 23 95 58
f 58 95 142
f 58 142 123
f 123 142 200
f 123 200 176
f 176 200 264
f 176 264 240
f 240 264 331
f 240 331 303
f 303 331 332
f 303 332 304
f 304 332 349
f 304 349 319
f 319 349 368
f 319 368 346
f 346 368 367
f 346 367 345
f 345 367 268
f 345 268 244
f 244 268 213
f 244 213 192
f 192 213 173
f 192 173 148
f 148 173 134
f 148 134 107
f 107 134 115
f 107 115 73
f 73 115 98
f 73 98 64
f 64 98 97
f 64 97 63
f 63 97 105
f 63 105 68
f 68 105 118
f 68 118 76
f 76 118 128
f 76 128 91
f 91 128 137
f 91 137 110
f 110 137 1010
f 1009 180 136
f 136 180 157
f 136 157 117
f 117 157 132
f 117 132 89
f 89 132 125
f 89 125 67
f 67 125 113
f 67 113 52
f 52 113 101
f 52 101 44
f 44 101 102
f 44 102 45
f 45 102 121
f 45 121 61
f 61 121 140
f 61 140 95
f 95 140 186
f 95 186 142
f 142 186 238
f 142 238 200
f 200 238 292
f 200 292 264
f 264 292 363
f 264 363 331
f 331 363 364
f 331 364 332
f 332 364 381
f 332 381 349
f 349 381 396
f 349 396 368
f 368 396 395
f 368 395 367
f 367 395 301
f 367 301 268
f 268 301 252
f 268 252 213
f 213 252 208
f 213 208 173
f 173 208 178
f 173 178 134
f 134 178 152
f 134 152 115
f 115 152 145
f 115 145 98
f 98 145 144
f 98 144 97
f 97 144 150
f 97 150 105
f 105 150 155
f 105 155 118
f 118 155 167
f 118 167 128
f 128 167 181
f 128 181 137
f 137 181 1010
f 1009 223 180
f 180 223 204
f 180 204 157
f 157 204 188
f 157 188 132
f 132 188 171
f 132 171 125
f 125 171 165
f 125 165 113
f 113 165 161
f 113 161 101
f 101 161 162
f 101 162 102
f 102 162 169
f 102 169 121
f 121 169 190
f 121 190 140
f 140 190 232
f 140 232 186
f 186 232 276
f 186 276 238
f 238 276 343
f 238 343 292
f 292 343 405
f 292 405 363
f 363 405 406
f 363 406 364
f 364 406 419
f 364 419 381
f 381 419 430
f 381 430 396
f 396 430 429
f 396 429 395
f 395 429 357
f 395 357 301
f 301 357 296
f 301 296 252
f 252 296 256
f 252 256 208
f 208 256 221
f 208 221 178
f 178 221 202
f 178 202 152
f 152 202 195
f 152 195 145
f 145 195 194
f 145 194 144
f 144 194 198
f 144 198 150
f 150 198 205
f 150 205 155
f 155 205 210
f 155 210 167
f 167 210 224
f 167 224 181
f 181 224 1010
f 1009 272 223
f 223 272 262
f 223 262 204
f 204 262 242
f 204 242 188
f 188 242 234
f 188 234 171
f 171 234 219
f 171 219 165
f 165 219 215
f 165 215 161
f 161 215 216
f 161 216 162
f 162 216 229
f 162 229 169
f 169 229 246
f 169 246 190
f 190 246 278
f 190 278 232
f 232 278 339
f 232 339 276
f 276 339 387
f 276 387 343
f 343 387 435
f 343 435 405
f 405 435 436
f 405 436 406
f 406 436 453
f 406 453 419
f 419 453 467
f 419 467 430
f 430 467 466
f 430 466 429
f 429 466 402
f 429 402 357
f 357 402 359
f 357 359 296
f 296 359 309
f 296 309 256
f 256 309 270
f 256 270 221
f 221 270 258
f 221 258 202
f 202 258 249
f 202 249 195
f 195 249 248
f 195 248 194
f 194 248 254
f 194 254 198
f 198 254 260
f 198 260 205
f 205 260 266
f 205 266 210
f 210 266 273
f 210 273 224
f 224 273 1010
f 1009 351 272
f 272 351 327
f 272 327 262
f 262 327 311
f 262 311 242
f 242 311 298
f 242 298 234
f 234 298 286
f 234 286 219
f 219 286 282
f 219 282 215
f 215 282 283
f 215 283 216
f 216 283 294
f 216 294 229
f 229 294 313
f 229 313 246
f 246 313 361
f 246 361 278
f 278 361 399
f 278 399 339
f 339 399 439
f 339 439 387
f 387 439 487
f 387 487 435
f 435 487 488
f 435 488 436
f 436 488 495
f 436 495 453
f 453 495 502
f 453 502 467
f 467 502 501
f 467 501 466
f 466 501 447
f 466 447 402
f 402 447 417
f 402 417 359
f 359 417 379
f 359 379 309
f 309 379 353
f 309 353 270
f 270 353 325
f 270 325 258
f 258 325 316
f 258 316 249
f 249 316 315
f 249 315 248
f 248 315 321
f 248 321 254
f 254 321 328
f 254 328 260
f 260 328 341
f 260 341 266
f 266 341 352
f 266 352 273
f 273 352 1010
f 1009 422 351
f 351 422 411
f 351 411 327
f 327 411 385
f 327 385 311
f 311 385 383
f 311 383 298
f 298 383 375
f 298 375 286
f 286 375 371
f 286 371 282
f 282 371 372
f 282 372 283
f 283 372 377
f 283 377 294
f 294 377 389
f 294 389 313
f 313 389 427
f 313 427 361
f 361 427 455
f 361 455 399
f 399 455 493
f 399 493 439
f 439 493 521
f 439 521 487
f 487 521 522
f 487 522 488
f 488 522 539
f 488 539 495
f 495 539 555
f 495 555 502
f 502 555 554
f 502 554 501
f 501 554 497
f 501 497 447
f 447 497 471
f 447 471 417
f 417 471 433
f 417 433 379
f 379 433 421
f 379 421 353
f 353 421 409
f 353 409 325
f 325 409 392
f 325 392 316
f 316 392 391
f 316 391 315
f 315 391 401
f 315 401 321
f 321 401 412
f 321 412 328
f 328 412 415
f 328 415 341
f 341 415 423
f 341 423 352
f 352 423 1010
f 1009 483 422
f 422 483 475
f 422 475 411
f 411 475 457
f 411 457 385
f 385 457 451
f 385 451 383
f 383 451 445
f 383 445 375
f 375 445 441
f 375 441 371
f 371 441 442
f 371 442 372
f 372 442 449
f 372 449 377
f 377 449 459
f 377 459 389
f 389 459 491
f 389 491 427
f 427 491 505
f 427 505 455
f 455 505 543
f 455 543 493
f 493 543 563
f 493 563 521
f 521 563 564
f 521 564 522
f 522 564 575
f 522 575 539
f 539 575 584
f 539 584 555
f 555 584 583
f 555 583 554
f 554 583 553
f 554 553 497
f 497 553 517
f 497 517 471
f 471 517 499
f 471 499 433
f 433 499 481
f 433 481 421
f 421 481 473
f 421 473 409
f 409 473 462
f 409 462 392
f 392 462 461
f 392 461 391
f 391 461 465
f 391 465 401
f 401 465 476
f 401 476 412
f 412 476 479
f 412 479 415
f 415 479 484
f 415 484 423
f 423 484 1010
f 1009 547 483
f 483 547 535
f 483 535 475
f 475 535 519
f 475 519 457
f 457 519 515
f 457 515 451
f 451 515 511
f 451 511 445
f 445 511 507
f 445 507 441
f 441 507 508
f 441 508 442
f 442 508 513
f 442 513 449
f 449 513 525
f 449 525 459
f 459 525 551
f 459 551 491
f 491 551 561
f 491 561 505
f 505 561 595
f 505 595 543
f 543 595 617
f 543 617 563
f 563 617 618
f 563 618 564
f 564 618 623
f 564 623 575
f 575 623 628
f 575 628 584
f 584 628 627
f 584 627 583
f 583 627 603
f 583 603 553
f 553 603 567
f 553 567 517
f 517 567 559
f 517 559 499
f 499 559 545
f 499 545 481
f 481 545 533
f 481 533 473
f 473 533 528
f 473 528 462
f 462 528 527
f 462 527 461
f 461 527 531
f 461 531 465
f 465 531 536
f 465 536 476
f 476 536 541
f 476 541 479
f 479 541 548
f 479 548 484
f 484 548 1010
f 1009 607 547
f 547 607 599
f 547 599 535
f 535 599 581
f 535 581 519
f 519 581 579
f 519 579 515
f 515 579 573
f 515 573 511
f 511 573 569
f 511 569 507
f 507 569 570
f 507 570 508
f 508 570 577
f 508 577 513
f 513 577 587
f 513 587 525
f 525 587 613
f 525 613 551
f 551 613 621
f 551 621 561
f 561 621 638
f 561 638 595
f 595 638 671
f 595 671 617
f 617 671 672
f 617 672 618
f 618 672 677
f 618 677 623
f 623 677 680
f 623 680 628
f 628 680 679
f 628 679 627
f 627 679 643
f 627 643 603
f 603 643 625
f 603 625 567
f 567 625 615
f 567 615 559
f 559 615 609
f 559 609 545
f 545 609 597
f 545 597 533
f 533 597 590
f 533 590 528
f 528 590 589
f 528 589 527
f 527 589 593
f 527 593 531
f 531 593 600
f 531 600 536
f 536 600 605
f 536 605 541
f 541 605 608
f 541 608 548
f 548 608 1010
f 1009 664 607
f 607 664 658
f 607 658 599
f 599 658 645
f 599 645 581
f 581 645 641
f 581 641 579
f 579 641 635
f 579 635 573
f 573 635 631
f 573 631 569
f 569 631 632
f 569 632 570
f 570 632 637
f 570 637 577
f 577 637 647
f 577 647 587
f 587 647 669
f 587 669 613
f 613 669 683
f 613 683 621
f 621 683 687
f 621 687 638
f 638 687 711
f 638 711 671
f 671 711 712
f 671 712 672
f 672 712 723
f 672 723 677
f 677 723 734
f 677 734 680
f 680 734 733
f 680 733 679
f 679 733 689
f 679 689 643
f 643 689 685
f 643 685 625
f 625 685 675
f 625 675 615
f 615 675 663
f 615 663 609
f 609 663 655
f 609 655 597
f 597 655 650
f 597 650 590
f 590 650 649
f 590 649 589
f 589 649 653
f 589 653 593
f 593 653 657
f 593 657 600
f 600 657 661
f 600 661 605
f 605 661 665
f 605 665 608
f 608 665 1010
f 1009 727 664
f 664 727 717
f 664 717 658
f 658 717 701
f 658 701 645
f 645 701 699
f 645 699 641
f 641 699 695
f 641 695 635
f 635 695 691
f 635 691 631
f 631 691 692
f 631 692 632
f 632 692 697
f 632 697 637
f 637 697 703
f 637 703 647
f 647 703 731
f 647 731 669
f 669 731 739
f 669 739 683
f 683 739 743
f 683 743 687
f 687 743 747
f 687 747 711
f 711 747 748
f 711 748 712
f 712 748 755
f 712 755 723
f 723 755 764
f 723 764 734
f 734 764 763
f 734 763 733
f 733 763 745
f 733 745 689
f 689 745 741
f 689 741 685
f 685 741 737
f 685 737 675
f 675 737 725
f 675 725 663
f 663 725 715
f 663 715 655
f 655 715 706
f 655 706 650
f 650 706 705
f 650 705 649
f 649 705 709
f 649 709 653
f 653 709 718
f 653 718 657
f 657 718 721
f 657 721 661
f 661 721 728
f 661 728 665
f 665 728 1010
f 1009 787 727
f 727 787 780
f 727 780 717
f 717 780 767
f 717 767 701
f 701 767 761
f 701 761 699
f 699 761 757
f 699 757 695
f 695 757 751
f 695 751 691
f 691 751 752
f 691 752 692
f 692 752 759
f 692 759 697
f 697 759 769
f 697 769 703
f 703 769 791
f 703 791 731
f 731 791 795
f 731 795 739
f 739 795 799
f 739 799 743
f 743 799 803
f 743 803 747
f 747 803 804
f 747 804 748
f 748 804 807
f 748 807 755
f 755 807 810
f 755 810 764
f 764 810 809
f 764 809 763
f 763 809 801
f 763 801 745
f 745 801 797
f 745 797 741
f 741 797 793
f 741 793 737
f 737 793 785
f 737 785 725
f 725 785 777
f 725 777 715
f 715 777 772
f 715 772 706
f 706 772 771
f 706 771 705
f 705 771 775
f 705 775 709
f 709 775 779
f 709 779 718
f 718 779 783
f 718 783 721
f 721 783 788
f 721 788 728
f 728 788 1010
f 1009 842 787
f 787 842 835
f 787 835 780
f 780 835 823
f 780 823 767
f 767 823 821
f 767 821 761
f 761 821 817
f 761 817 757
f 757 817 813
f 757 813 751
f 751 813 814
f 751 814 752
f 752 814 819
f 752 819 759
f 759 819 825
f 759 825 769
f 769 825 847
f 769 847 791
f 791 847 851
f 791 851 795
f 795 851 855
f 795 855 799
f 799 855 859
f 799 859 803
f 803 859 860
f 803 860 804
f 804 860 863
f 804 863 807
f 807 863 866
f 807 866 810
f 810 866 865
f 810 865 809
f 809 865 857
f 809 857 801
f 801 857 853
f 801 853 797
f 797 853 849
f 797 849 793
f 793 849 841
f 793 841 785
f 785 841 833
f 785 833 777
f 777 833 828
f 777 828 772
f 772 828 827
f 772 827 771
f 771 827 831
f 771 831 775
f 775 831 836
f 775 836 779
f 779 836 839
f 779 839 783
f 783 839 843
f 783 843 788
f 788 843 1010
f 1009 898 842
f 842 898 892
f 842 892 835
f 835 892 879
f 835 879 823
f 823 879 877
f 823 877 821
f 821 877 873
f 821 873 817
f 817 873 869
f 817 869 813
f 813 869 870
f 813 870 814
f 814 870 875
f 814 875 819
f 819 875 881
f 819 881 825
f 825 881 903
f 825 903 847
f 847 903 907
f 847 907 851
f 851 907 911
f 851 911 855
f 855 911 915
f 855 915 859
f 859 915 916
f 859 916 860
f 860 916 919
f 860 919 863
f 863 919 922
f 863 922 866
f 866 922 921
f 866 921 865
f 865 921 913
f 865 913 857
f 857 913 909
f 857 909 853
f 853 909 905
f 853 905 849
f 849 905 897
f 849 897 841
f 841 897 889
f 841 889 833
f 833 889 884
f 833 884 828
f 828 884 883
f 828 883 827
f 827 883 887
f 827 887 831
f 831 887 891
f 831 891 836
f 836 891 895
f 836 895 839
f 839 895 899
f 839 899 843
f 843 899 1010
f 1009 954 898
f 898 954 946
f 898 946 892
f 892 946 935
f 892 935 879
f 879 935 933
f 879 933 877
f 877 933 929
f 877 929 873
f 873 929 925
f 873 925 869
f 869 925 926
f 869 926 870
f 870 926 931
f 870 931 875
f 875 931 937
f 875 937 881
f 881 937 959
f 881 959 903
f 903 959 963
f 903 963 907
f 907 963 967
f 907 967 911
f 911 967 971
f 911 971 915
f 915 971 972
f 915 972 916
f 916 972 975
f 916 975 919
f 919 975 978
f 919 978 922
f 922 978 977
f 922 977 921
f 921 977 969
f 921 969 913
f 913 969 965
f 913 965 909
f 909 965 961
f 909 961 905
f 905 961 953
f 905 953 897
f 897 953 945
f 897 945 889
f 889 945 940
f 889 940 884
f 884 940 939
f 884 939 883
f 883 939 943
f 883 943 887
f 887 943 947
f 887 947 891
f 891 947 951
f 891 951 895
f 895 951 955
f 895 955 899
f 899 955 1010
f 1009 996 954
f 954 996 993
f 954 993 946
f 946 993 986
f 946 986 935
f 935 986 985
f 935 985 933
f 933 985 983
f 933 983 929
f 929 983 981
f 929 981 925
f 925 981 982
f 925 982 926
f 926 982 984
f 926 984 931
f 931 984 987
f 931 987 937
f 937 987 998
f 937 998 959
f 959 998 1000
f 959 1000 963
f 963 1000 1002
f 963 1002 967
f 967 1002 1004
f 967 1004 971
f 971 1004 1005
f 971 1005 972
f 972 1005 1006
f 972 1006 975
f 975 1006 1008
f 975 1008 978
f 978 1008 1007
f 978 1007 977
f 977 1007 1003
f 977 1003 969
f 969 1003 1001
f 969 1001 965
f 965 1001 999
f 965 999 961
f 961 999 995
f 961 995 953
f 953 995 991
f 953 991 945
f 945 991 989
f 945 989 940
f 940 989 988
f 940 988 939
f 939 988 990
f 939 990 943
f 943 990 992
f 943 992 947
f 947 992 994
f 947 994 951
f 951 994 997
f 951 997 955
f 955 997 1010
f 1009 1062 996
f 996 1062 1070
f 996 1070 993
f 993 1070 1083
f 993 1083 986
f 986 1083 1085
f 986 1085 985
f 985 1085 1089
f 985 1089 983
f 983 1089 1091
f 983 1091 981
f 981 1091 1092
f 981 1092 982
f 982 1092 1087
f 982 1087 984
f 984 1087 1081
f 984 1081 987
f 987 1081 1059
f 987 1059 998
f 998 1059 1055
f 998 1055 1000
f 1000 1055 1051
f 1000 1051 1002
f 1002 1051 1045
f 1002 1045 1004
f 1004 1045 1046
f 1004 1046 1005
f 1005 1046 1043
f 1005 1043 1006
f 1006 1043 1040
f 1006 1040 1008
f 1008 1040 1039
f 1008 1039 1007
f 1007 1039 1049
f 1007 1049 1003
f 1003 1049 1053
f 1003 1053 1001
f 1001 1053 1057
f 1001 1057 999
f 999 1057 1061
f 999 1061 995
f 995 1061 1069
f 995 1069 991
f 991 1069 1078
f 991 1078 989
f 989 1078 1077
f 989 1077 988
f 988 1077 1075
f 988 1075 990
f 990 1075 1071
f 990 1071 992
f 992 1071 1067
f 992 1067 994
f 994 1067 1063
f 994 1063 997
f 997 1063 1010
f 1009 1118 1062
f 1062 1118 1126
f 1062 1126 1070
f 1070 1126 1139
f 1070 1139 1083
f 1083 1139 1141
f 1083 1141 1085
f 1085 1141 1145
f 1085 1145 1089
f 1089 1145 1147
f 1089 1147 1091
f 1091 1147 1148
f 1091 1148 1092
f 1092 1148 1143
f 1092 1143 1087
f 1087 1143 1137
f 1087 1137 1081
f 1081 1137 1115
f 1081 1115 1059
f 1059 1115 1111
f 1059 1111 1055
f 1055 1111 1107
f 1055 1107 1051
f 1051 1107 1101
f 1051 1101 1045
f 1045 1101 1102
f 1045 1102 1046
f 1046 1102 1099
f 1046 1099 1043
f 1043 1099 1096
f 1043 1096 1040
f 1040 1096 1095
f 1040 1095 1039
f 1039 1095 1105
f 1039 1105 1049
f 1049 1105 1109
f 1049 1109 1053
f 1053 1109 1113
f 1053 1113 1057
f 1057 1113 1117
f 1057 1117 1061
f 1061 1117 1129
f 1061 1129 1069
f 1069 1129 1134
f 1069 1134 1078
f 1078 1134 1133
f 1078 1133 1077
f 1077 1133 1131
f 1077 1131 1075
f 1075 1131 1125
f 1075 1125 1071
f 1071 1125 1123
f 1071 1123 1067
f 1067 1123 1119
f 1067 1119 1063
f 1063 1119 1010
f 1009 1174 1118
f 1118 1174 1181
f 1118 1181 1126
f 1126 1181 1195
f 1126 1195 1139
f 1139 1195 1197
f 1139 1197 1141
f 1141 1197 1201
f 1141 1201 1145
f 1145 1201 1203
f 1145 1203 1147
f 1147 1203 1204
f 1147 1204 1148
f 1148 1204 1199
f 1148 1199 1143
f 1143 1199 1193
f 1143 1193 1137
f 1137 1193 1171
f 1137 1171 1115
f 1115 1171 1167
f 1115 1167 1111
f 1111 1167 1163
f 1111 1163 1107
f 1107 1163 1157
f 1107 1157 1101
f 1101 1157 1158
f 1101 1158 1102
f 1102 1158 1155
f 1102 1155 1099
f 1099 1155 1152
f 1099 1152 1096
f 1096 1152 1151
f 1096 1151 1095
f 1095 1151 1161
f 1095 1161 1105
f 1105 1161 1165
f 1105 1165 1109
f 1109 1165 1169
f 1109 1169 1113
f 1113 1169 1173
f 1113 1173 1117
f 1117 1173 1185
f 1117 1185 1129
f 1129 1185 1190
f 1129 1190 1134
f 1134 1190 1189
f 1134 1189 1133
f 1133 1189 1187
f 1133 1187 1131
f 1131 1187 1182
f 1131 1182 1125
f 1125 1182 1179
f 1125 1179 1123
f 1123 1179 1175
f 1123 1175 1119
f 1119 1175 1010
f 1009 1229 1174
f 1174 1229 1238
f 1174 1238 1181
f 1181 1238 1251
f 1181 1251 1195
f 1195 1251 1257
f 1195 1257 1197
f 1197 1257 1261
f 1197 1261 1201
f 1201 1261 1265
f 1201 1265 1203
f 1203 1265 1266
f 1203 1266 1204
f 1204 1266 1259
f 1204 1259 1199
f 1199 1259 1249
f 1199 1249 1193
f 1193 1249 1227
f 1193 1227 1171
f 1171 1227 1223
f 1171 1223 1167
f 1167 1223 1219
f 1167 1219 1163
f 1163 1219 1213
f 1163 1213 1157
f 1157 1213 1214
f 1157 1214 1158
f 1158 1214 1211
f 1158 1211 1155
f 1155 1211 1208
f 1155 1208 1152
f 1152 1208 1207
f 1152 1207 1151
f 1151 1207 1217
f 1151 1217 1161
f 1161 1217 1221
f 1161 1221 1165
f 1165 1221 1225
f 1165 1225 1169
f 1169 1225 1233
f 1169 1233 1173
f 1173 1233 1241
f 1173 1241 1185
f 1185 1241 1246
f 1185 1246 1190
f 1190 1246 1245
f 1190 1245 1189
f 1189 1245 1243
f 1189 1243 1187
f 1187 1243 1237
f 1187 1237 1182
f 1182 1237 1235
f 1182 1235 1179
f 1179 1235 1230
f 1179 1230 1175
f 1175 1230 1010
f 1009 1289 1229
f 1229 1289 1299
f 1229 1299 1238
f 1238 1299 1317
f 1238 1317 1251
f 1251 1317 1319
f 1251 1319 1257
f 1257 1319 1323
f 1257 1323 1261
f 1261 1323 1325
f 1261 1325 1265
f 1265 1325 1326
f 1265 1326 1266
f 1266 1326 1321
f 1266 1321 1259
f 1259 1321 1315
f 1259 1315 1249
f 1249 1315 1287
f 1249 1287 1227
f 1227 1287 1279
f 1227 1279 1223
f 1223 1279 1275
f 1223 1275 1219
f 1219 1275 1269
f 1219 1269 1213
f 1213 1269 1270
f 1213 1270 1214
f 1214 1270 1263
f 1214 1263 1211
f 1211 1263 1254
f 1211 1254 1208
f 1208 1254 1253
f 1208 1253 1207
f 1207 1253 1273
f 1207 1273 1217
f 1217 1273 1277
f 1217 1277 1221
f 1221 1277 1281
f 1221 1281 1225
f 1225 1281 1293
f 1225 1293 1233
f 1233 1293 1303
f 1233 1303 1241
f 1241 1303 1312
f 1241 1312 1246
f 1246 1312 1311
f 1246 1311 1245
f 1245 1311 1309
f 1245 1309 1243
f 1243 1309 1300
f 1243 1300 1237
f 1237 1300 1297
f 1237 1297 1235
f 1235 1297 1290
f 1235 1290 1230
f 1230 1290 1010
f 1009 1352 1289
f 1289 1352 1360
f 1289 1360 1299
f 1299 1360 1373
f 1299 1373 1317
f 1317 1373 1377
f 1317 1377 1319
f 1319 1377 1383
f 1319 1383 1323
f 1323 1383 1385
f 1323 1385 1325
f 1325 1385 1386
f 1325 1386 1326
f 1326 1386 1379
f 1326 1379 1321
f 1321 1379 1371
f 1321 1371 1315
f 1315 1371 1349
f 1315 1349 1287
f 1287 1349 1335
f 1287 1335 1279
f 1279 1335 1331
f 1279 1331 1275
f 1275 1331 1305
f 1275 1305 1269
f 1269 1305 1306
f 1269 1306 1270
f 1270 1306 1295
f 1270 1295 1263
f 1263 1295 1284
f 1263 1284 1254
f 1254 1284 1283
f 1254 1283 1253
f 1253 1283 1329
f 1253 1329 1273
f 1273 1329 1333
f 1273 1333 1277
f 1277 1333 1343
f 1277 1343 1281
f 1281 1343 1351
f 1281 1351 1293
f 1293 1351 1363
f 1293 1363 1303
f 1303 1363 1368
f 1303 1368 1312
f 1312 1368 1367
f 1312 1367 1311
f 1311 1367 1365
f 1311 1365 1309
f 1309 1365 1359
f 1309 1359 1300
f 1300 1359 1357
f 1300 1357 1297
f 1297 1357 1353
f 1297 1353 1290
f 1290 1353 1010
f 1009 1407 1352
f 1352 1407 1417
f 1352 1417 1360
f 1360 1417 1437
f 1360 1437 1373
f 1373 1437 1439
f 1373 1439 1377
f 1377 1439 1445
f 1377 1445 1383
f 1383 1445 1447
f 1383 1447 1385
f 1385 1447 1448
f 1385 1448 1386
f 1386 1448 1441
f 1386 1441 1379
f 1379 1441 1431
f 1379 1431 1371
f 1371 1431 1405
f 1371 1405 1349
f 1349 1405 1397
f 1349 1397 1335
f 1335 1397 1380
f 1335 1380 1331
f 1331 1380 1345
f 1331 1345 1305
f 1305 1345 1346
f 1305 1346 1306
f 1306 1346 1341
f 1306 1341 1295
f 1295 1341 1338
f 1295 1338 1284
f 1284 1338 1337
f 1284 1337 1283
f 1283 1337 1375
f 1283 1375 1329
f 1329 1375 1393
f 1329 1393 1333
f 1333 1393 1403
f 1333 1403 1343
f 1343 1403 1409
f 1343 1409 1351
f 1351 1409 1421
f 1351 1421 1363
f 1363 1421 1428
f 1363 1428 1368
f 1368 1428 1427
f 1368 1427 1367
f 1367 1427 1425
f 1367 1425 1365
f 1365 1425 1418
f 1365 1418 1359
f 1359 1418 1413
f 1359 1413 1357
f 1357 1413 1408
f 1357 1408 1353
f 1353 1408 1010
f 1009 1469 1407
f 1407 1469 1481
f 1407 1481 1417
f 1417 1481 1499
f 1417 1499 1437
f 1437 1499 1503
f 1437 1503 1439
f 1439 1503 1507
f 1439 1507 1445
f 1445 1507 1509
f 1445 1509 1447
f 1447 1509 1510
f 1447 1510 1448
f 1448 1510 1505
f 1448 1505 1441
f 1441 1505 1493
f 1441 1493 1431
f 1431 1493 1467
f 1431 1467 1405
f 1405 1467 1457
f 1405 1457 1397
f 1397 1457 1423
f 1397 1423 1380
f 1380 1423 1399
f 1380 1399 1345
f 1345 1399 1400
f 1345 1400 1346
f 1346 1400 1395
f 1346 1395 1341
f 1341 1395 1390
f 1341 1390 1338
f 1338 1390 1389
f 1338 1389 1337
f 1337 1389 1415
f 1337 1415 1375
f 1375 1415 1451
f 1375 1451 1393
f 1393 1451 1459
f 1393 1459 1403
f 1403 1459 1473
f 1403 1473 1409
f 1409 1473 1485
f 1409 1485 1421
f 1421 1485 1490
f 1421 1490 1428
f 1428 1490 1489
f 1428 1489 1427
f 1427 1489 1487
f 1427 1487 1425
f 1425 1487 1482
f 1425 1482 1418
f 1418 1482 1477
f 1418 1477 1413
f 1413 1477 1470
f 1413 1470 1408
f 1408 1470 1010
f 1009 1533 1469
f 1469 1533 1541
f 1469 1541 1481
f 1481 1541 1561
f 1481 1561 1499
f 1499 1561 1567
f 1499 1567 1503
f 1503 1567 1573
f 1503 1573 1507
f 1507 1573 1575
f 1507 1575 1509
f 1509 1575 1576
f 1509 1576 1510
f 1510 1576 1569
f 1510 1569 1505
f 1505 1569 1559
f 1505 1559 1493
f 1493 1559 1527
f 1493 1527 1467
f 1467 1527 1513
f 1467 1513 1457
f 1457 1513 1475
f 1457 1475 1423
f 1423 1475 1453
f 1423 1453 1399
f 1399 1453 1454
f 1399 1454 1400
f 1400 1454 1443
f 1400 1443 1395
f 1395 1443 1434
f 1395 1434 1390
f 1390 1434 1433
f 1390 1433 1389
f 1389 1433 1461
f 1389 1461 1415
f 1415 1461 1501
f 1415 1501 1451
f 1451 1501 1519
f 1451 1519 1459
f 1459 1519 1537
f 1459 1537 1473
f 1473 1537 1545
f 1473 1545 1485
f 1485 1545 1556
f 1485 1556 1490
f 1490 1556 1555
f 1490 1555 1489
f 1489 1555 1549
f 1489 1549 1487
f 1487 1549 1542
f 1487 1542 1482
f 1482 1542 1539
f 1482 1539 1477
f 1477 1539 1534
f 1477 1534 1470
f 1470 1534 1010
f 1009 1594 1533
f 1533 1594 1605
f 1533 1605 1541
f 1541 1605 1633
f 1541 1633 1561
f 1561 1633 1635
f 1561 1635 1567
f 1567 1635 1643
f 1567 1643 1573
f 1573 1643 1645
f 1573 1645 1575
f 1575 1645 1646
f 1575 1646 1576
f 1576 1646 1641
f 1576 1641 1569
f 1569 1641 1629
f 1569 1629 1559
f 1559 1629 1591
f 1559 1591 1527
f 1527 1591 1563
f 1527 1563 1513
f 1513 1563 1525
f 1513 1525 1475
f 1475 1525 1495
f 1475 1495 1453
f 1453 1495 1496
f 1453 1496 1454
f 1454 1496 1479
f 1454 1479 1443
f 1443 1479 1463
f 1443 1463 1434
f 1434 1463 1462
f 1434 1462 1433
f 1433 1462 1521
f 1433 1521 1461
f 1461 1521 1547
f 1461 1547 1501
f 1501 1547 1585
f 1501 1585 1519
f 1519 1585 1593
f 1519 1593 1537
f 1537 1593 1609
f 1537 1609 1545
f 1545 1609 1626
f 1545 1626 1556
f 1556 1626 1625
f 1556 1625 1555
f 1555 1625 1615
f 1555 1615 1549
f 1549 1615 1606
f 1549 1606 1542
f 1542 1606 1603
f 1542 1603 1539
f 1539 1603 1595
f 1539 1595 1534
f 1534 1595 1010
f 1009 1663 1594
f 1594 1663 1689
f 1594 1689 1605
f 1605 1689 1707
f 1605 1707 1633
f 1633 1707 1720
f 1633 1720 1635
f 1635 1720 1732
f 1635 1732 1643
f 1643 1732 1734
f 1643 1734 1645
f 1645 1734 1735
f 1645 1735 1646
f 1646 1735 1724
f 1646 1724 1641
f 1641 1724 1705
f 1641 1705 1629
f 1629 1705 1657
f 1629 1657 1591
f 1591 1657 1619
f 1591 1619 1563
f 1563 1619 1579
f 1563 1579 1525
f 1525 1579 1529
f 1525 1529 1495
f 1495 1529 1530
f 1495 1530 1496
f 1496 1530 1523
f 1496 1523 1479
f 1479 1523 1516
f 1479 1516 1463
f 1463 1516 1515
f 1463 1515 1462
f 1462 1515 1571
f 1462 1571 1521
f 1521 1571 1601
f 1521 1601 1547
f 1547 1601 1639
f 1547 1639 1585
f 1585 1639 1665
f 1585 1665 1593
f 1593 1665 1693
f 1593 1693 1609
f 1609 1693 1702
f 1609 1702 1626
f 1626 1702 1701
f 1626 1701 1625
f 1625 1701 1697
f 1625 1697 1615
f 1615 1697 1690
f 1615 1690 1606
f 1606 1690 1677
f 1606 1677 1603
f 1603 1677 1664
f 1603 1664 1595
f 1595 1664 1010
f 1009 1744 1663
f 1663 1744 1756
f 1663 1756 1689
f 1689 1756 1776
f 1689 1776 1707
f 1707 1776 1784
f 1707 1784 1720
f 1720 1784 1799
f 1720 1799 1732
f 1732 1799 1801
f 1732 1801 1734
f 1734 1801 1802
f 1734 1802 1735
f 1735 1802 1789
f 1735 1789 1724
f 1724 1789 1772
f 1724 1772 1705
f 1705 1772 1740
f 1705 1740 1657
f 1657 1740 1679
f 1657 1679 1619
f 1619 1679 1631
f 1619 1631 1579
f 1579 1631 1581
f 1579 1581 1529
f 1529 1581 1582
f 1529 1582 1530
f 1530 1582 1565
f 1530 1565 1523
f 1523 1565 1551
f 1523 1551 1516
f 1516 1551 1550
f 1516 1550 1515
f 1515 1550 1616
f 1515 1616 1571
f 1571 1616 1659
f 1571 1659 1601
f 1601 1659 1709
f 1601 1709 1639
f 1639 1709 1748
f 1639 1748 1665
f 1665 1748 1760
f 1665 1760 1693
f 1693 1760 1769
f 1693 1769 1702
f 1702 1769 1768
f 1702 1768 1701
f 1701 1768 1764
f 1701 1764 1697
f 1697 1764 1758
f 1697 1758 1690
f 1690 1758 1752
f 1690 1752 1677
f 1677 1752 1745
f 1677 1745 1664
f 1664 1745 1010
f 1009 1793 1744
f 1744 1793 1812
f 1744 1812 1756
f 1756 1812 1830
f 1756 1830 1776
f 1776 1830 1847
f 1776 1847 1784
f 1784 1847 1853
f 1784 1853 1799
f 1799 1853 1855
f 1799 1855 1801
f 1801 1855 1856
f 1801 1856 1802
f 1802 1856 1849
f 1802 1849 1789
f 1789 1849 1828
f 1789 1828 1772
f 1772 1828 1786
f 1772 1786 1740
f 1740 1786 1742
f 1740 1742 1679
f 1679 1742 1675
f 1679 1675 1631
f 1631 1675 1611
f 1631 1611 1581
f 1581 1611 1612
f 1581 1612 1582
f 1582 1612 1599
f 1582 1599 1565
f 1565 1599 1588
f 1565 1588 1551
f 1551 1588 1587
f 1551 1587 1550
f 1550 1587 1661
f 1550 1661 1616
f 1616 1661 1722
f 1616 1722 1659
f 1659 1722 1762
f 1659 1762 1709
f 1709 1762 1797
f 1709 1797 1748
f 1748 1797 1816
f 1748 1816 1760
f 1760 1816 1823
f 1760 1823 1769
f 1769 1823 1822
f 1769 1822 1768
f 1768 1822 1820
f 1768 1820 1764
f 1764 1820 1813
f 1764 1813 1758
f 1758 1813 1808
f 1758 1808 1752
f 1752 1808 1794
f 1752 1794 1745
f 1745 1794 1010
f 1009 1836 1793
f 1793 1836 1861
f 1793 1861 1812
f 1812 1861 1886
f 1812 1886 1830
f 1830 1886 1893
f 1830 1893 1847
f 1847 1893 1905
f 1847 1905 1853
f 1853 1905 1915
f 1853 1915 1855
f 1855 1915 1916
f 1855 1916 1856
f 1856 1916 1897
f 1856 1897 1849
f 1849 1897 1878
f 1849 1878 1828
f 1828 1878 1832
f 1828 1832 1786
f 1786 1832 1780
f 1786 1780 1742
f 1742 1780 1726
f 1742 1726 1675
f 1675 1726 1653
f 1675 1653 1611
f 1611 1653 1654
f 1611 1654 1612
f 1612 1654 1637
f 1612 1637 1599
f 1599 1637 1622
f 1599 1622 1588
f 1588 1622 1621
f 1588 1621 1587
f 1587 1621 1717
f 1587 1717 1661
f 1661 1717 1766
f 1661 1766 1722
f 1722 1766 1810
f 1722 1810 1762
f 1762 1810 1840
f 1762 1840 1797
f 1797 1840 1865
f 1797 1865 1816
f 1816 1865 1873
f 1816 1873 1823
f 1823 1873 1872
f 1823 1872 1822
f 1822 1872 1868
f 1822 1868 1820
f 1820 1868 1863
f 1820 1863 1813
f 1813 1863 1851
f 1813 1851 1808
f 1808 1851 1837
f 1808 1837 1794
f 1794 1837 1010
f 1009 1880 1836
f 1836 1880 1899
f 1836 1899 1861
f 1861 1899 1929
f 1861 1929 1886
f 1886 1929 1947
f 1886 1947 1893
f 1893 1947 1962
f 1893 1962 1905
f 1905 1962 1972
f 1905 1972 1915
f 1915 1972 1973
f 1915 1973 1916
f 1916 1973 1957
f 1916 1957 1897
f 1897 1957 1923
f 1897 1923 1878
f 1878 1923 1876
f 1878 1876 1832
f 1832 1876 1818
f 1832 1818 1780
f 1780 1818 1754
f 1780 1754 1726
f 1726 1754 1685
f 1726 1685 1653
f 1653 1685 1686
f 1653 1686 1654
f 1654 1686 1669
f 1654 1669 1637
f 1637 1669 1650
f 1637 1650 1622
f 1622 1650 1649
f 1622 1649 1621
f 1621 1649 1750
f 1621 1750 1717
f 1717 1750 1805
f 1717 1805 1766
f 1766 1805 1845
f 1766 1845 1810
f 1810 1845 1884
f 1810 1884 1840
f 1840 1884 1903
f 1840 1903 1865
f 1865 1903 1920
f 1865 1920 1873
f 1873 1920 1919
f 1873 1919 1872
f 1872 1919 1913
f 1872 1913 1868
f 1868 1913 1900
f 1868 1900 1863
f 1863 1900 1890
f 1863 1890 1851
f 1851 1890 1881
f 1851 1881 1837
f 1837 1881 1010
f 1009 1907 1880
f 1880 1907 1938
f 1880 1938 1899
f 1899 1938 1970
f 1899 1970 1929
f 1929 1970 1990
f 1929 1990 1947
f 1947 1990 1998
f 1947 1998 1962
f 1962 1998 2000
f 1962 2000 1972
f 1972 2000 2001
f 1972 2001 1973
f 1973 2001 1995
f 1973 1995 1957
f 1957 1995 1960
f 1957 1960 1923
f 1923 1960 1895
f 1923 1895 1876
f 1876 1895 1842
f 1876 1842 1818
f 1818 1842 1778
f 1818 1778 1754
f 1754 1778 1713
f 1754 1713 1685
f 1685 1713 1714
f 1685 1714 1686
f 1686 1714 1699
f 1686 1699 1669
f 1669 1699 1672
f 1669 1672 1650
f 1650 1672 1671
f 1650 1671 1649
f 1649 1671 1774
f 1649 1774 1750
f 1750 1774 1826
f 1750 1826 1805
f 1805 1826 1870
f 1805 1870 1845
f 1845 1870 1911
f 1845 1911 1884
f 1884 1911 1945
f 1884 1945 1903
f 1903 1945 1954
f 1903 1954 1920
f 1920 1954 1953
f 1920 1953 1919
f 1919 1953 1948
f 1919 1948 1913
f 1913 1948 1940
f 1913 1940 1900
f 1900 1940 1927
f 1900 1927 1890
f 1890 1927 1908
f 1890 1908 1881
f 1881 1908 1010
f 1009 1932 1907
f 1907 1932 1963
f 1907 1963 1938
f 1938 1963 1993
f 1938 1993 1970
f 1970 1993 2004
f 1970 2004 1990
f 1990 2004 2010
f 1990 2010 1998
f 1998 2010 2012
f 1998 2012 2000
f 2000 2012 2013
f 2000 2013 2001
f 2001 2013 2006
f 2001 2006 1995
f 1995 2006 1986
f 1995 1986 1960
f 1960 1986 1925
f 1960 1925 1895
f 1895 1925 1859
f 1895 1859 1842
f 1842 1859 1791
f 1842 1791 1778
f 1778 1791 1728
f 1778 1728 1713
f 1713 1728 1729
f 1713 1729 1714
f 1714 1729 1711
f 1714 1711 1699
f 1699 1711 1682
f 1699 1682 1672
f 1672 1682 1681
f 1672 1681 1671
f 1671 1681 1782
f 1671 1782 1774
f 1774 1782 1834
f 1774 1834 1826
f 1826 1834 1888
f 1826 1888 1870
f 1870 1888 1936
f 1870 1936 1911
f 1911 1936 1968
f 1911 1968 1945
f 1945 1968 1982
f 1945 1982 1954
f 1954 1982 1981
f 1954 1981 1953
f 1953 1981 1978
f 1953 1978 1948
f 1948 1978 1964
f 1948 1964 1940
f 1940 1964 1949
f 1940 1949 1927
f 1927 1949 1933
f 1927 1933 1908
f 1908 1933 1010
f 1009 1941 1932
f 1932 1941 1976
f 1932 1976 1963
f 1963 1976 1997
f 1963 1997 1993
f 1993 1997 2008
f 1993 2008 2004
f 2004 2008 2016
f 2004 2016 2010
f 2010 2016 2017
f 2010 2017 2012
f 2012 2017 2018
f 2012 2018 2013
f 2013 2018 2009
f 2013 2009 2006
f 2006 2009 1991
f 2006 1991 1986
f 1986 1991 1931
f 1986 1931 1925
f 1925 1931 1866
f 1925 1866 1859
f 1859 1866 1807
f 1859 1807 1791
f 1791 1807 1738
f 1791 1738 1728
f 1728 1738 1739
f 1728 1739 1729
f 1729 1739 1719
f 1729 1719 1711
f 1711 1719 1696
f 1711 1696 1682
f 1682 1696 1695
f 1682 1695 1681
f 1681 1695 1788
f 1681 1788 1782
f 1782 1788 1844
f 1782 1844 1834
f 1834 1844 1892
f 1834 1892 1888
f 1888 1892 1944
f 1888 1944 1936
f 1936 1944 1979
f 1936 1979 1968
f 1968 1979 1989
f 1968 1989 1982
f 1982 1989 1988
f 1982 1988 1981
f 1981 1988 1985
f 1981 1985 1978
f 1978 1985 1977
f 1978 1977 1964
f 1964 1977 1959
f 1964 1959 1949
f 1949 1959 1942
f 1949 1942 1933
f 1933 1942 1010
