v -0.035000 0.000000 0.002500
v -0.035000 0.000000 0.084700
v -0.034878 0.000000 0.001727
v -0.034867 -0.003050 0.002500
v -0.034867 -0.003050 0.084700
v -0.034867 0.003050 0.002500
v -0.034867 0.003050 0.084700
v -0.034785 0.000000 0.086331
v -0.034745 -0.003040 0.001727
v -0.034745 0.003040 0.001727
v -0.034653 -0.003032 0.086331
v -0.034653 0.003032 0.086331
v -0.034523 0.000000 0.001031
v -0.034468 -0.006078 0.002500
v -0.034468 -0.006078 0.084700
v -0.034468 0.006078 0.002500
v -0.034468 0.006078 0.084700
v -0.034391 -0.003009 0.001031
v -0.034391 0.003009 0.001031
v -0.034348 -0.006056 0.001727
v -0.034348 0.006056 0.001727
v -0.034257 -0.006040 0.086331
v -0.034257 0.006040 0.086331
v -0.034156 0.000000 0.087850
v -0.034026 -0.002977 0.087850
v -0.034026 0.002977 0.087850
v -0.033998 -0.005995 0.001031
v -0.033998 0.005995 0.001031
v -0.033969 0.000000 0.000477
v -0.033840 -0.002961 0.000477
v -0.033840 0.002961 0.000477
v -0.033807 -0.009059 0.002500
v -0.033807 -0.009059 0.084700
v -0.033807 0.009059 0.002500
v -0.033807 0.009059 0.084700
v -0.033689 -0.009027 0.001727
v -0.033689 0.009027 0.001727
v -0.033637 -0.005931 0.087850
v -0.033637 0.005931 0.087850
v -0.033600 -0.009003 0.086331
v -0.033600 0.000000 0.003900
v -0.033600 0.000000 0.084700
v -0.033600 0.009003 0.086331
v -0.033516 0.000000 0.003479
v -0.033472 -0.002928 0.003900
v -0.033472 -0.002928 0.084700
v -0.033472 0.002928 0.003900
v -0.033472 0.002928 0.084700
v -0.033453 -0.005899 0.000477
v -0.033453 0.005899 0.000477
v -0.033433 0.000000 0.085968
v -0.033389 -0.002921 0.003479
v -0.033389 0.002921 0.003479
v -0.033346 -0.008935 0.001031
v -0.033346 0.008935 0.001031
v -0.033306 -0.002914 0.085968
v -0.033306 0.002914 0.085968
v -0.033278 0.000000 0.003122
v -0.033273 0.000000 0.000122
v -0.033146 -0.002900 0.000122
v -0.033151 -0.002900 0.003122
v -0.033155 0.000000 0.089155
v -0.033146 0.002900 0.000122
v -0.033151 0.002900 0.003122
v -0.033090 -0.005835 0.003900
v -0.033090 -0.005835 0.084700
v -0.033090 0.005835 0.003900
v -0.033090 0.005835 0.084700
v -0.033029 -0.002890 0.089155
v -0.033029 0.002890 0.089155
v -0.033007 -0.005820 0.003479
v -0.033007 0.005820 0.003479
v -0.032992 -0.008840 0.087850
v -0.032992 0.008840 0.087850
v -0.032944 0.000000 0.087150
v -0.032925 -0.005806 0.085968
v -0.032925 0.005806 0.085968
v -0.032921 0.000000 0.002884
v -0.032889 -0.011971 0.002500
v -0.032889 -0.011971 0.084700
v -0.032889 0.011971 0.002500
v -0.032889 0.011971 0.084700
v -0.032818 -0.002871 0.087150
v -0.032818 0.002871 0.087150
v -0.032812 -0.008792 0.000477
v -0.032812 0.008792 0.000477
v -0.032796 -0.002869 0.002884
v -0.032796 0.002869 0.002884
v -0.032774 -0.011929 0.001727
v -0.032767 -0.005778 0.000122
v -0.032772 -0.005779 0.003122
v -0.032767 0.005778 0.000122
v -0.032772 0.005779 0.003122
v -0.032774 0.011929 0.001727
v -0.032688 -0.011897 0.086331
v -0.032688 0.011897 0.086331
v -0.032651 -0.005757 0.089155
v -0.032651 0.005757 0.089155
v -0.032500 0.000000 0.000000
v -0.032500 0.000000 0.002800
v -0.032455 -0.008696 0.003900
v -0.032455 -0.008696 0.084700
v -0.032455 0.008696 0.003900
v -0.032455 0.008696 0.084700
v -0.032441 -0.011807 0.001031
v -0.032443 -0.005721 0.087150
v -0.032443 0.005721 0.087150
v -0.032441 0.011807 0.001031
v -0.032421 -0.005717 0.002884
v -0.032421 0.005717 0.002884
v -0.032376 -0.002833 0.000000
v -0.032376 -0.002833 0.002800
v -0.032376 0.002833 0.000000
v -0.032376 0.002833 0.002800
v -0.032374 -0.008675 0.003479
v -0.032374 0.008675 0.003479
v -0.032294 -0.008653 0.085968
v -0.032294 0.008653 0.085968
v -0.032165 0.000000 0.088165
v -0.032139 -0.008612 0.000122
v -0.032144 -0.008613 0.003122
v -0.032139 0.008612 0.000122
v -0.032144 0.008613 0.003122
v -0.032096 -0.011682 0.087850
v -0.032096 0.011682 0.087850
v -0.032042 -0.002803 0.088165
v -0.032042 0.002803 0.088165
v -0.032025 -0.008581 0.089155
v -0.032025 0.008581 0.089155
v -0.032006 -0.005644 0.000000
v -0.032006 -0.005644 0.002800
v -0.032006 0.005644 0.000000
v -0.032006 0.005644 0.002800
v -0.031921 -0.011618 0.000477
v -0.031921 0.011618 0.000477
v -0.031850 0.000000 0.090156
v -0.031821 -0.008526 0.087150
v -0.031821 0.008526 0.087150
v -0.031799 -0.008521 0.002884
v -0.031799 0.008521 0.002884
v -0.031729 -0.002776 0.090156
v -0.031729 0.002776 0.090156
v -0.031721 -0.014792 0.002500
v -0.031721 -0.014792 0.084700
v -0.031721 0.014792 0.002500
v -0.031721 0.014792 0.084700
v -0.031676 -0.005585 0.088165
v -0.031676 0.005585 0.088165
v -0.031610 -0.014740 0.001727
v -0.031610 0.014740 0.001727
v -0.031574 -0.011492 0.003900
v -0.031574 -0.011492 0.084700
v -0.031574 0.011492 0.003900
v -0.031574 0.011492 0.084700
v -0.031526 -0.014701 0.086331
v -0.031526 0.014701 0.086331
v -0.031495 -0.011463 0.003479
v -0.031495 0.011463 0.003479
v -0.031417 -0.011435 0.085968
v -0.031417 0.011435 0.085968
v -0.031393 -0.008412 0.000000
v -0.031393 -0.008412 0.002800
v -0.031393 0.008412 0.000000
v -0.031393 0.008412 0.002800
v -0.031366 -0.005531 0.090156
v -0.031366 0.005531 0.090156
v -0.031288 -0.014590 0.001031
v -0.031288 0.014590 0.001031
v -0.031266 -0.011380 0.000122
v -0.031271 -0.011382 0.003122
v -0.031266 0.011380 0.000122
v -0.031271 0.011382 0.003122
v -0.031155 -0.011340 0.089155
v -0.031155 0.011340 0.089155
v -0.031150 0.000000 0.088944
v -0.031069 -0.008325 0.088165
v -0.031069 0.008325 0.088165
v -0.031031 -0.002715 0.088944
v -0.031031 0.002715 0.088944
v -0.030956 -0.014435 0.087850
v -0.030957 -0.011267 0.087150
v -0.030957 0.011267 0.087150
v -0.030956 0.014435 0.087850
v -0.030936 -0.011260 0.002884
v -0.030936 0.011260 0.002884
v -0.030787 -0.014356 0.000477
v -0.030787 0.014356 0.000477
v -0.030765 -0.008243 0.090156
v -0.030765 0.008243 0.090156
v -0.030677 -0.005409 0.088944
v -0.030677 0.005409 0.088944
v -0.030540 -0.011116 0.000000
v -0.030540 -0.011116 0.002800
v -0.030540 0.011116 0.000000
v -0.030540 0.011116 0.002800
v -0.030452 -0.014200 0.003900
v -0.030452 -0.014200 0.084700
v -0.030452 0.014200 0.003900
v -0.030452 0.014200 0.084700
v -0.030376 -0.014165 0.003479
v -0.030376 0.014165 0.003479
v -0.030331 0.000000 0.090785
v -0.030311 -0.017500 0.002500
v -0.030311 -0.017500 0.084700
v -0.030311 0.017500 0.002500
v -0.030311 0.017500 0.084700
v -0.030301 -0.014129 0.085968
v -0.030301 0.014129 0.085968
v -0.030225 -0.011001 0.088165
v -0.030225 0.011001 0.088165
v -0.030215 -0.002643 0.090785
v -0.030215 0.002643 0.090785
v -0.030205 -0.017439 0.001727
v -0.030205 0.017439 0.001727
v -0.030155 -0.014062 0.000122
v -0.030160 -0.014064 0.003122
v -0.030155 0.014062 0.000122
v -0.030160 0.014064 0.003122
v -0.030125 -0.017393 0.086331
v -0.030125 0.017393 0.086331
v -0.030089 -0.008062 0.088944
v -0.030089 0.008062 0.088944
v -0.030048 -0.014012 0.089155
v -0.030048 0.014012 0.089155
v -0.029968 0.000000 0.089433
v -0.029929 -0.010893 0.090156
v -0.029929 0.010893 0.090156
v -0.029897 -0.017261 0.001031
v -0.029897 0.017261 0.001031
v -0.029870 -0.005267 0.090785
v -0.029870 0.005267 0.090785
v -0.029857 -0.013923 0.087150
v -0.029857 0.013923 0.087150
v -0.029854 -0.002612 0.089433
v -0.029854 0.002612 0.089433
v -0.029837 -0.013913 0.002884
v -0.029837 0.013913 0.002884
v -0.029580 -0.017078 0.087850
v -0.029580 0.017078 0.087850
v -0.029513 -0.005204 0.089433
v -0.029513 0.005204 0.089433
v -0.029455 -0.013735 0.000000
v -0.029455 -0.013735 0.002800
v -0.029455 0.013735 0.000000
v -0.029455 0.013735 0.002800
v -0.029418 -0.016985 0.000477
v -0.029418 0.016985 0.000477
v -0.029297 -0.007850 0.090785
v -0.029297 0.007850 0.090785
v -0.029271 -0.010654 0.088944
v -0.029271 0.010654 0.088944
v -0.029151 -0.013593 0.088165
v -0.029151 0.013593 0.088165
v -0.029098 -0.016800 0.003900
v -0.029098 -0.016800 0.084700
v -0.029098 0.016800 0.003900
v -0.029098 0.016800 0.084700
v -0.029026 -0.016758 0.003479
v -0.029026 0.016758 0.003479
v -0.028954 -0.016717 0.085968
v -0.028947 -0.007756 0.089433
v -0.028947 0.007756 0.089433
v -0.028954 0.016717 0.085968
v -0.028866 -0.013460 0.090156
v -0.028866 0.013460 0.090156
v -0.028819 -0.016639 0.003122
v -0.028819 0.016639 0.003122
v -0.028815 -0.016636 0.000122
v -0.028815 0.016636 0.000122
v -0.028713 -0.016577 0.089155
v -0.028713 0.016577 0.089155
v -0.028700 0.000000 0.091000
v -0.028700 0.000000 0.099400
v -0.028670 -0.020075 0.002500
v -0.028670 -0.020075 0.084700
v -0.028670 0.020075 0.002500
v -0.028670 0.020075 0.084700
v -0.028591 -0.002501 0.091000
v -0.028591 -0.002501 0.099400
v -0.028591 0.002501 0.091000
v -0.028591 0.002501 0.099400
v -0.028570 -0.020005 0.001727
v -0.028570 0.020005 0.001727
v -0.028530 -0.016472 0.087150
v -0.028530 0.016472 0.087150
v -0.028510 -0.016460 0.002884
v -0.028510 0.016460 0.002884
v -0.028501 -0.010374 0.090785
v -0.028501 0.010374 0.090785
v -0.028494 -0.019952 0.086331
v -0.028494 0.019952 0.086331
v -0.028279 -0.019801 0.001031
v -0.028279 0.019801 0.001031
v -0.028264 -0.004984 0.091000
v -0.028264 -0.004984 0.099400
v -0.028264 0.004984 0.091000
v -0.028264 0.004984 0.099400
v -0.028231 -0.013165 0.088944
v -0.028231 0.013165 0.088944
v -0.028161 -0.010250 0.089433
v -0.028161 0.010250 0.089433
v -0.028146 -0.016250 0.000000
v -0.028146 -0.016250 0.002800
v -0.028146 0.016250 0.000000
v -0.028146 0.016250 0.002800
v -0.028100 0.000000 0.100000
v -0.027993 -0.002449 0.100000
v -0.027993 0.002449 0.100000
v -0.027979 -0.019591 0.087850
v -0.027979 0.019591 0.087850
v -0.027856 -0.016082 0.088165
v -0.027856 0.016082 0.088165
v -0.027826 -0.019484 0.000477
v -0.027826 0.019484 0.000477
v -0.027722 -0.007428 0.091000
v -0.027722 -0.007428 0.099400
v -0.027722 0.007428 0.091000
v -0.027722 0.007428 0.099400
v -0.027673 -0.004880 0.100000
v -0.027673 0.004880 0.100000
v -0.027583 -0.015925 0.090156
v -0.027583 0.015925 0.090156
v -0.027524 -0.019272 0.003900
v -0.027524 -0.019272 0.084700
v -0.027524 0.019272 0.003900
v -0.027524 0.019272 0.084700
v -0.027489 -0.012818 0.090785
v -0.027489 0.012818 0.090785
v -0.027455 -0.019224 0.003479
v -0.027455 0.019224 0.003479
v -0.027387 -0.019176 0.085968
v -0.027387 0.019176 0.085968
v -0.027300 0.000000 0.091000
v -0.027300 0.000000 0.100000
v -0.027260 -0.019087 0.003122
v -0.027255 -0.019084 0.000122
v -0.027255 0.019084 0.000122
v -0.027260 0.019087 0.003122
v -0.027196 -0.002379 0.091000
v -0.027196 -0.002379 0.100000
v -0.027196 0.002379 0.091000
v -0.027196 0.002379 0.100000
v -0.027159 -0.019017 0.089155
v -0.027160 -0.012665 0.089433
v -0.027160 0.012665 0.089433
v -0.027159 0.019017 0.089155
v -0.027143 -0.007273 0.100000
v -0.027143 0.007273 0.100000
v -0.026986 -0.018896 0.087150
v -0.026986 0.018896 0.087150
v -0.026977 -0.015575 0.088944
v -0.026977 0.015575 0.088944
v -0.026967 -0.018883 0.002884
v -0.026969 -0.009816 0.091000
v -0.026969 -0.009816 0.099400
v -0.026969 0.009816 0.091000
v -0.026969 0.009816 0.099400
v -0.026967 0.018883 0.002884
v -0.026885 -0.004741 0.091000
v -0.026885 -0.004741 0.100000
v -0.026885 0.004741 0.091000
v -0.026885 0.004741 0.100000
v -0.026812 -0.022498 0.002500
v -0.026812 -0.022498 0.084700
v -0.026812 0.022498 0.002500
v -0.026812 0.022498 0.084700
v -0.026718 -0.022419 0.001727
v -0.026718 0.022419 0.001727
v -0.026647 -0.022360 0.086331
v -0.026647 0.022360 0.086331
v -0.026622 -0.018641 0.000000
v -0.026622 -0.018641 0.002800
v -0.026622 0.018641 0.000000
v -0.026622 0.018641 0.002800
v -0.026446 -0.022191 0.001031
v -0.026446 0.022191 0.001031
v -0.026405 -0.009611 0.100000
v -0.026405 0.009611 0.100000
v -0.026370 -0.007066 0.091000
v -0.026370 -0.007066 0.100000
v -0.026370 0.007066 0.091000
v -0.026370 0.007066 0.100000
v -0.026348 -0.018449 0.088165
v -0.026348 0.018449 0.088165
v -0.026267 -0.015165 0.090785
v -0.026267 0.015165 0.090785
v -0.026165 -0.021955 0.087850
v -0.026165 0.021955 0.087850
v -0.026090 -0.018268 0.090156
v -0.026090 0.018268 0.090156
v -0.026022 -0.021835 0.000477
v -0.026022 0.021835 0.000477
v -0.026011 -0.012129 0.091000
v -0.026011 -0.012129 0.099400
v -0.026011 0.012129 0.091000
v -0.026011 0.012129 0.099400
v -0.025953 -0.014984 0.089433
v -0.025953 0.014984 0.089433
v -0.025739 -0.021598 0.003900
v -0.025739 -0.021598 0.084700
v -0.025739 0.021598 0.003900
v -0.025739 0.021598 0.084700
v -0.025675 -0.021544 0.003479
v -0.025675 0.021544 0.003479
v -0.025654 -0.009337 0.091000
v -0.025654 -0.009337 0.100000
v -0.025654 0.009337 0.091000
v -0.025654 0.009337 0.100000
v -0.025611 -0.021490 0.085968
v -0.025611 0.021490 0.085968
v -0.025517 -0.017867 0.088944
v -0.025517 0.017867 0.088944
v -0.025488 -0.021387 0.000122
v -0.025492 -0.021391 0.003122
v -0.025488 0.021387 0.000122
v -0.025492 0.021391 0.003122
v -0.025467 -0.011876 0.100000
v -0.025467 0.011876 0.100000
v -0.025398 -0.021311 0.089155
v -0.025398 0.021311 0.089155
v -0.025236 -0.021176 0.087150
v -0.025236 0.021176 0.087150
v -0.025219 -0.021161 0.002884
v -0.025219 0.021161 0.002884
v -0.024896 -0.020891 0.000000
v -0.024896 -0.020891 0.002800
v -0.024896 0.020891 0.000000
v -0.024896 0.020891 0.002800
v -0.024845 -0.017397 0.090785
v -0.024855 -0.014350 0.091000
v -0.024855 -0.014350 0.099400
v -0.024855 0.014350 0.091000
v -0.024855 0.014350 0.099400
v -0.024845 0.017397 0.090785
v -0.024749 -0.024749 0.002500
v -0.024749 -0.024749 0.084700
v -0.024749 0.024749 0.002500
v -0.024749 0.024749 0.084700
v -0.024742 -0.011537 0.091000
v -0.024742 -0.011537 0.100000
v -0.024742 0.011537 0.091000
v -0.024742 0.011537 0.100000
v -0.024662 -0.024662 0.001727
v -0.024662 0.024662 0.001727
v -0.024640 -0.020675 0.088165
v -0.024640 0.020675 0.088165
v -0.024597 -0.024597 0.086331
v -0.024597 0.024597 0.086331
v -0.024549 -0.017189 0.089433
v -0.024549 0.017189 0.089433
v -0.024411 -0.024411 0.001031
v -0.024411 0.024411 0.001031
v -0.024399 -0.020473 0.090156
v -0.024399 0.020473 0.090156
v -0.024335 -0.014050 0.100000
v -0.024335 0.014050 0.100000
v -0.024152 -0.024152 0.087850
v -0.024152 0.024152 0.087850
v -0.024020 -0.024020 0.000477
v -0.024020 0.024020 0.000477
v -0.023862 -0.020023 0.088944
v -0.023862 0.020023 0.088944
v -0.023759 -0.023759 0.003900
v -0.023759 -0.023759 0.084700
v -0.023759 0.023759 0.003900
v -0.023759 0.023759 0.084700
v -0.023700 -0.023700 0.003479
v -0.023700 0.023700 0.003479
v -0.023641 -0.023641 0.085968
v -0.023642 -0.013650 0.091000
v -0.023642 -0.013650 0.100000
v -0.023642 0.013650 0.091000
v -0.023642 0.013650 0.100000
v -0.023641 0.023641 0.085968
v -0.023527 -0.023527 0.000122
v -0.023531 -0.023531 0.003122
v -0.023527 0.023527 0.000122
v -0.023531 0.023531 0.003122
v -0.023510 -0.016462 0.091000
v -0.023510 -0.016462 0.099400
v -0.023510 0.016462 0.091000
v -0.023510 0.016462 0.099400
v -0.023444 -0.023444 0.089155
v -0.023444 0.023444 0.089155
v -0.023295 -0.023295 0.087150
v -0.023295 0.023295 0.087150
v -0.023279 -0.023279 0.002884
v -0.023279 0.023279 0.002884
v -0.023235 -0.019496 0.090785
v -0.023235 0.019496 0.090785
v -0.023018 -0.016117 0.100000
v -0.023018 0.016117 0.100000
v -0.022981 -0.022981 0.000000
v -0.022981 -0.022981 0.002800
v -0.022981 0.022981 0.000000
v -0.022981 0.022981 0.002800
v -0.022957 -0.019263 0.089433
v -0.022957 0.019263 0.089433
v -0.022744 -0.022744 0.088165
v -0.022744 0.022744 0.088165
v -0.022521 -0.022521 0.090156
v -0.022521 0.022521 0.090156
v -0.022498 -0.026812 0.002500
v -0.022498 -0.026812 0.084700
v -0.022498 0.026812 0.002500
v -0.022498 0.026812 0.084700
v -0.022419 -0.026718 0.001727
v -0.022419 0.026718 0.001727
v -0.022360 -0.026647 0.086331
v -0.022363 -0.015659 0.091000
v -0.022363 -0.015659 0.100000
v -0.022363 0.015659 0.091000
v -0.022363 0.015659 0.100000
v -0.022360 0.026647 0.086331
v -0.022191 -0.026446 0.001031
v -0.022191 0.026446 0.001031
v -0.022026 -0.022026 0.088944
v -0.022026 0.022026 0.088944
v -0.021985 -0.018448 0.091000
v -0.021985 -0.018448 0.099400
v -0.021985 0.018448 0.091000
v -0.021985 0.018448 0.099400
v -0.021955 -0.026165 0.087850
v -0.021955 0.026165 0.087850
v -0.021835 -0.026022 0.000477
v -0.021835 0.026022 0.000477
v -0.021598 -0.025739 0.003900
v -0.021598 -0.025739 0.084700
v -0.021598 0.025739 0.003900
v -0.021598 0.025739 0.084700
v -0.021544 -0.025675 0.003479
v -0.021544 0.025675 0.003479
v -0.021526 -0.018062 0.100000
v -0.021526 0.018062 0.100000
v -0.021490 -0.025611 0.085968
v -0.021490 0.025611 0.085968
v -0.021447 -0.021447 0.090785
v -0.021447 0.021447 0.090785
v -0.021387 -0.025488 0.000122
v -0.021391 -0.025492 0.003122
v -0.021387 0.025488 0.000122
v -0.021391 0.025492 0.003122
v -0.021311 -0.025398 0.089155
v -0.021311 0.025398 0.089155
v -0.021191 -0.021191 0.089433
v -0.021191 0.021191 0.089433
v -0.021176 -0.025236 0.087150
v -0.021176 0.025236 0.087150
v -0.021161 -0.025219 0.002884
v -0.021161 0.025219 0.002884
v -0.020913 -0.017548 0.091000
v -0.020913 -0.017548 0.100000
v -0.020913 0.017548 0.091000
v -0.020913 0.017548 0.100000
v -0.020891 -0.024896 0.000000
v -0.020891 -0.024896 0.002800
v -0.020891 0.024896 0.000000
v -0.020891 0.024896 0.002800
v -0.020675 -0.024640 0.088165
v -0.020675 0.024640 0.088165
v -0.020473 -0.024399 0.090156
v -0.020473 0.024399 0.090156
v -0.020294 -0.020294 0.091000
v -0.020294 -0.020294 0.099400
v -0.020294 0.020294 0.091000
v -0.020294 0.020294 0.099400
v -0.020075 -0.028670 0.002500
v -0.020075 -0.028670 0.084700
v -0.020075 0.028670 0.002500
v -0.020075 0.028670 0.084700
v -0.020023 -0.023862 0.088944
v -0.020023 0.023862 0.088944
v -0.020005 -0.028570 0.001727
v -0.020005 0.028570 0.001727
v -0.019952 -0.028494 0.086331
v -0.019952 0.028494 0.086331
v -0.019870 -0.019870 0.100000
v -0.019870 0.019870 0.100000
v -0.019801 -0.028279 0.001031
v -0.019801 0.028279 0.001031
v -0.019591 -0.027979 0.087850
v -0.019591 0.027979 0.087850
v -0.019496 -0.023235 0.090785
v -0.019496 0.023235 0.090785
v -0.019484 -0.027826 0.000477
v -0.019484 0.027826 0.000477
v -0.019304 -0.019304 0.091000
v -0.019304 -0.019304 0.100000
v -0.019304 0.019304 0.091000
v -0.019304 0.019304 0.100000
v -0.019272 -0.027524 0.003900
v -0.019272 -0.027524 0.084700
v -0.019272 0.027524 0.003900
v -0.019272 0.027524 0.084700
v -0.019263 -0.022957 0.089433
v -0.019263 0.022957 0.089433
v -0.019224 -0.027455 0.003479
v -0.019224 0.027455 0.003479
v -0.019176 -0.027387 0.085968
v -0.019176 0.027387 0.085968
v -0.019087 -0.027260 0.003122
v -0.019087 0.027260 0.003122
v -0.019084 -0.027255 0.000122
v -0.019084 0.027255 0.000122
v -0.019017 -0.027159 0.089155
v -0.019017 0.027159 0.089155
v -0.018896 -0.026986 0.087150
v -0.018896 0.026986 0.087150
v -0.018883 -0.026967 0.002884
v -0.018883 0.026967 0.002884
v -0.018641 -0.026622 0.000000
v -0.018641 -0.026622 0.002800
v -0.018641 0.026622 0.000000
v -0.018641 0.026622 0.002800
v -0.018449 -0.026348 0.088165
v -0.018448 -0.021985 0.091000
v -0.018448 -0.021985 0.099400
v -0.018448 0.021985 0.091000
v -0.018448 0.021985 0.099400
v -0.018449 0.026348 0.088165
v -0.018268 -0.026090 0.090156
v -0.018268 0.026090 0.090156
v -0.018062 -0.021526 0.100000
v -0.018062 0.021526 0.100000
v -0.017867 -0.025517 0.088944
v -0.017867 0.025517 0.088944
v -0.017548 -0.020913 0.091000
v -0.017548 -0.020913 0.100000
v -0.017548 0.020913 0.091000
v -0.017548 0.020913 0.100000
v -0.017500 -0.030311 0.002500
v -0.017500 -0.030311 0.084700
v -0.017500 0.030311 0.002500
v -0.017500 0.030311 0.084700
v -0.017439 -0.030205 0.001727
v -0.017439 0.030205 0.001727
v -0.017397 -0.024845 0.090785
v -0.017397 0.024845 0.090785
v -0.017393 -0.030125 0.086331
v -0.017393 0.030125 0.086331
v -0.017261 -0.029897 0.001031
v -0.017261 0.029897 0.001031
v -0.017189 -0.024549 0.089433
v -0.017189 0.024549 0.089433
v -0.017078 -0.029580 0.087850
v -0.017078 0.029580 0.087850
v -0.016985 -0.029418 0.000477
v -0.016985 0.029418 0.000477
v -0.016800 -0.029098 0.003900
v -0.016800 -0.029098 0.084700
v -0.016800 0.029098 0.003900
v -0.016800 0.029098 0.084700
v -0.016758 -0.029026 0.003479
v -0.016758 0.029026 0.003479
v -0.016717 -0.028954 0.085968
v -0.016717 0.028954 0.085968
v -0.016639 -0.028819 0.003122
v -0.016636 -0.028815 0.000122
v -0.016636 0.028815 0.000122
v -0.016639 0.028819 0.003122
v -0.016577 -0.028713 0.089155
v -0.016577 0.028713 0.089155
v -0.016472 -0.028530 0.087150
v -0.016472 0.028530 0.087150
v -0.016460 -0.028510 0.002884
v -0.016462 -0.023510 0.091000
v -0.016462 -0.023510 0.099400
v -0.016462 0.023510 0.091000
v -0.016462 0.023510 0.099400
v -0.016460 0.028510 0.002884
v -0.016250 -0.028146 0.000000
v -0.016250 -0.028146 0.002800
v -0.016250 0.028146 0.000000
v -0.016250 0.028146 0.002800
v -0.016117 -0.023018 0.100000
v -0.016117 0.023018 0.100000
v -0.016082 -0.027856 0.088165
v -0.016082 0.027856 0.088165
v -0.015925 -0.027583 0.090156
v -0.015925 0.027583 0.090156
v -0.015659 -0.022363 0.091000
v -0.015659 -0.022363 0.100000
v -0.015659 0.022363 0.091000
v -0.015659 0.022363 0.100000
v -0.015575 -0.026977 0.088944
v -0.015575 0.026977 0.088944
v -0.015165 -0.026267 0.090785
v -0.015165 0.026267 0.090785
v -0.014984 -0.025953 0.089433
v -0.014984 0.025953 0.089433
v -0.014792 -0.031721 0.002500
v -0.014792 -0.031721 0.084700
v -0.014792 0.031721 0.002500
v -0.014792 0.031721 0.084700
v -0.014740 -0.031610 0.001727
v -0.014740 0.031610 0.001727
v -0.014701 -0.031526 0.086331
v -0.014701 0.031526 0.086331
v -0.014590 -0.031288 0.001031
v -0.014590 0.031288 0.001031
v -0.014435 -0.030956 0.087850
v -0.014435 0.030956 0.087850
v -0.014356 -0.030787 0.000477
v -0.014356 0.030787 0.000477
v -0.014350 -0.024855 0.091000
v -0.014350 -0.024855 0.099400
v -0.014350 0.024855 0.091000
v -0.014350 0.024855 0.099400
v -0.014200 -0.030452 0.003900
v -0.014200 -0.030452 0.084700
v -0.014200 0.030452 0.003900
v -0.014200 0.030452 0.084700
v -0.014165 -0.030376 0.003479
v -0.014165 0.030376 0.003479
v -0.014129 -0.030301 0.085968
v -0.014129 0.030301 0.085968
v -0.014062 -0.030155 0.000122
v -0.014064 -0.030160 0.003122
v -0.014062 0.030155 0.000122
v -0.014064 0.030160 0.003122
v -0.014050 -0.024335 0.100000
v -0.014050 0.024335 0.100000
v -0.014012 -0.030048 0.089155
v -0.014012 0.030048 0.089155
v -0.013923 -0.029857 0.087150
v -0.013923 0.029857 0.087150
v -0.013913 -0.029837 0.002884
v -0.013913 0.029837 0.002884
v -0.013735 -0.029455 0.000000
v -0.013735 -0.029455 0.002800
v -0.013735 0.029455 0.000000
v -0.013735 0.029455 0.002800
v -0.013650 -0.023642 0.091000
v -0.013650 -0.023642 0.100000
v -0.013650 0.023642 0.091000
v -0.013650 0.023642 0.100000
v -0.013593 -0.029151 0.088165
v -0.013593 0.029151 0.088165
v -0.013460 -0.028866 0.090156
v -0.013460 0.028866 0.090156
v -0.013165 -0.028231 0.088944
v -0.013165 0.028231 0.088944
v -0.012818 -0.027489 0.090785
v -0.012818 0.027489 0.090785
v -0.012665 -0.027160 0.089433
v -0.012665 0.027160 0.089433
v -0.012129 -0.026011 0.091000
v -0.012129 -0.026011 0.099400
v -0.012129 0.026011 0.091000
v -0.012129 0.026011 0.099400
v -0.011971 -0.032889 0.002500
v -0.011971 -0.032889 0.084700
v -0.011971 0.032889 0.002500
v -0.011971 0.032889 0.084700
v -0.011929 -0.032774 0.001727
v -0.011929 0.032774 0.001727
v -0.011897 -0.032688 0.086331
v -0.011897 0.032688 0.086331
v -0.011876 -0.025467 0.100000
v -0.011876 0.025467 0.100000
v -0.011807 -0.032441 0.001031
v -0.011807 0.032441 0.001031
v -0.011682 -0.032096 0.087850
v -0.011682 0.032096 0.087850
v -0.011618 -0.031921 0.000477
v -0.011618 0.031921 0.000477
v -0.011537 -0.024742 0.091000
v -0.011537 -0.024742 0.100000
v -0.011537 0.024742 0.091000
v -0.011537 0.024742 0.100000
v -0.011492 -0.031574 0.003900
v -0.011492 -0.031574 0.084700
v -0.011492 0.031574 0.003900
v -0.011492 0.031574 0.084700
v -0.011463 -0.031495 0.003479
v -0.011463 0.031495 0.003479
v -0.011435 -0.031417 0.085968
v -0.011435 0.031417 0.085968
v -0.011380 -0.031266 0.000122
v -0.011382 -0.031271 0.003122
v -0.011380 0.031266 0.000122
v -0.011382 0.031271 0.003122
v -0.011340 -0.031155 0.089155
v -0.011340 0.031155 0.089155
v -0.011267 -0.030957 0.087150
v -0.011267 0.030957 0.087150
v -0.011260 -0.030936 0.002884
v -0.011260 0.030936 0.002884
v -0.011116 -0.030540 0.000000
v -0.011116 -0.030540 0.002800
v -0.011116 0.030540 0.000000
v -0.011116 0.030540 0.002800
v -0.011001 -0.030225 0.088165
v -0.011001 0.030225 0.088165
v -0.010893 -0.029929 0.090156
v -0.010893 0.029929 0.090156
v -0.010654 -0.029271 0.088944
v -0.010654 0.029271 0.088944
v -0.010374 -0.028501 0.090785
v -0.010374 0.028501 0.090785
v -0.010250 -0.028161 0.089433
v -0.010250 0.028161 0.089433
v -0.009816 -0.026969 0.091000
v -0.009816 -0.026969 0.099400
v -0.009816 0.026969 0.091000
v -0.009816 0.026969 0.099400
v -0.009611 -0.026405 0.100000
v -0.009611 0.026405 0.100000
v -0.009337 -0.025654 0.091000
v -0.009337 -0.025654 0.100000
v -0.009337 0.025654 0.091000
v -0.009337 0.025654 0.100000
v -0.009059 -0.033807 0.002500
v -0.009059 -0.033807 0.084700
v -0.009059 0.033807 0.002500
v -0.009059 0.033807 0.084700
v -0.009027 -0.033689 0.001727
v -0.009027 0.033689 0.001727
v -0.009003 -0.033600 0.086331
v -0.009003 0.033600 0.086331
v -0.008935 -0.033346 0.001031
v -0.008935 0.033346 0.001031
v -0.008840 -0.032992 0.087850
v -0.008840 0.032992 0.087850
v -0.008792 -0.032812 0.000477
v -0.008792 0.032812 0.000477
v -0.008696 -0.032455 0.003900
v -0.008696 -0.032455 0.084700
v -0.008696 0.032455 0.003900
v -0.008696 0.032455 0.084700
v -0.008675 -0.032374 0.003479
v -0.008675 0.032374 0.003479
v -0.008653 -0.032294 0.085968
v -0.008653 0.032294 0.085968
v -0.008612 -0.032139 0.000122
v -0.008613 -0.032144 0.003122
v -0.008612 0.032139 0.000122
v -0.008613 0.032144 0.003122
v -0.008581 -0.032025 0.089155
v -0.008581 0.032025 0.089155
v -0.008526 -0.031821 0.087150
v -0.008526 0.031821 0.087150
v -0.008521 -0.031799 0.002884
v -0.008521 0.031799 0.002884
v -0.008412 -0.031393 0.000000
v -0.008412 -0.031393 0.002800
v -0.008412 0.031393 0.000000
v -0.008412 0.031393 0.002800
v -0.008325 -0.031069 0.088165
v -0.008325 0.031069 0.088165
v -0.008243 -0.030765 0.090156
v -0.008243 0.030765 0.090156
v -0.008062 -0.030089 0.088944
v -0.008062 0.030089 0.088944
v -0.007850 -0.029297 0.090785
v -0.007850 0.029297 0.090785
v -0.007756 -0.028947 0.089433
v -0.007756 0.028947 0.089433
v -0.007428 -0.027722 0.091000
v -0.007428 -0.027722 0.099400
v -0.007428 0.027722 0.091000
v -0.007428 0.027722 0.099400
v -0.007273 -0.027143 0.100000
v -0.007273 0.027143 0.100000
v -0.007066 -0.026370 0.091000
v -0.007066 -0.026370 0.100000
v -0.007066 0.026370 0.091000
v -0.007066 0.026370 0.100000
v -0.006078 -0.034468 0.002500
v -0.006078 -0.034468 0.084700
v -0.006078 0.034468 0.002500
v -0.006078 0.034468 0.084700
v -0.006056 -0.034348 0.001727
v -0.006056 0.034348 0.001727
v -0.006040 -0.034257 0.086331
v -0.006040 0.034257 0.086331
v -0.005995 -0.033998 0.001031
v -0.005995 0.033998 0.001031
v -0.005931 -0.033637 0.087850
v -0.005931 0.033637 0.087850
v -0.005899 -0.033453 0.000477
v -0.005899 0.033453 0.000477
v -0.005835 -0.033090 0.003900
v -0.005835 -0.033090 0.084700
v -0.005835 0.033090 0.003900
v -0.005835 0.033090 0.084700
v -0.005820 -0.033007 0.003479
v -0.005820 0.033007 0.003479
v -0.005806 -0.032925 0.085968
v -0.005806 0.032925 0.085968
v -0.005778 -0.032767 0.000122
v -0.005779 -0.032772 0.003122
v -0.005778 0.032767 0.000122
v -0.005779 0.032772 0.003122
v -0.005757 -0.032651 0.089155
v -0.005757 0.032651 0.089155
v -0.005721 -0.032443 0.087150
v -0.005717 -0.032421 0.002884
v -0.005717 0.032421 0.002884
v -0.005721 0.032443 0.087150
v -0.005644 -0.032006 0.000000
v -0.005644 -0.032006 0.002800
v -0.005644 0.032006 0.000000
v -0.005644 0.032006 0.002800
v -0.005585 -0.031676 0.088165
v -0.005585 0.031676 0.088165
v -0.005531 -0.031366 0.090156
v -0.005531 0.031366 0.090156
v -0.005409 -0.030677 0.088944
v -0.005409 0.030677 0.088944
v -0.005267 -0.029870 0.090785
v -0.005267 0.029870 0.090785
v -0.005204 -0.029513 0.089433
v -0.005204 0.029513 0.089433
v -0.004984 -0.028264 0.091000
v -0.004984 -0.028264 0.099400
v -0.004984 0.028264 0.091000
v -0.004984 0.028264 0.099400
v -0.004880 -0.027673 0.100000
v -0.004880 0.027673 0.100000
v -0.004741 -0.026885 0.091000
v -0.004741 -0.026885 0.100000
v -0.004741 0.026885 0.091000
v -0.004741 0.026885 0.100000
v -0.003050 -0.034867 0.002500
v -0.003050 -0.034867 0.084700
v -0.003050 0.034867 0.002500
v -0.003050 0.034867 0.084700
v -0.003040 -0.034745 0.001727
v -0.003040 0.034745 0.001727
v -0.003032 -0.034653 0.086331
v -0.003032 0.034653 0.086331
v -0.003009 -0.034391 0.001031
v -0.003009 0.034391 0.001031
v -0.002977 -0.034026 0.087850
v -0.002977 0.034026 0.087850
v -0.002961 -0.033840 0.000477
v -0.002961 0.033840 0.000477
v -0.002928 -0.033472 0.003900
v -0.002928 -0.033472 0.084700
v -0.002928 0.033472 0.003900
v -0.002928 0.033472 0.084700
v -0.002921 -0.033389 0.003479
v -0.002921 0.033389 0.003479
v -0.002914 -0.033306 0.085968
v -0.002914 0.033306 0.085968
v -0.002900 -0.033146 0.000122
v -0.002900 -0.033151 0.003122
v -0.002900 0.033146 0.000122
v -0.002900 0.033151 0.003122
v -0.002890 -0.033029 0.089155
v -0.002890 0.033029 0.089155
v -0.002871 -0.032818 0.087150
v -0.002869 -0.032796 0.002884
v -0.002869 0.032796 0.002884
v -0.002871 0.032818 0.087150
v -0.002833 -0.032376 0.000000
v -0.002833 -0.032376 0.002800
v -0.002833 0.032376 0.000000
v -0.002833 0.032376 0.002800
v -0.002803 -0.032042 0.088165
v -0.002803 0.032042 0.088165
v -0.002776 -0.031729 0.090156
v -0.002776 0.031729 0.090156
v -0.002715 -0.031031 0.088944
v -0.002715 0.031031 0.088944
v -0.002643 -0.030215 0.090785
v -0.002643 0.030215 0.090785
v -0.002612 -0.029854 0.089433
v -0.002612 0.029854 0.089433
v -0.002501 -0.028591 0.091000
v -0.002501 -0.028591 0.099400
v -0.002501 0.028591 0.091000
v -0.002501 0.028591 0.099400
v -0.002449 -0.027993 0.100000
v -0.002449 0.027993 0.100000
v -0.002379 -0.027196 0.091000
v -0.002379 -0.027196 0.100000
v -0.002379 0.027196 0.091000
v -0.002379 0.027196 0.100000
v -0.000000 -0.035000 0.002500
v -0.000000 -0.035000 0.084700
v -0.000000 -0.034878 0.001727
v -0.000000 -0.034785 0.086331
v -0.000000 -0.034523 0.001031
v -0.000000 -0.034156 0.087850
v -0.000000 -0.033969 0.000477
v -0.000000 -0.033600 0.003900
v -0.000000 -0.033600 0.084700
v -0.000000 -0.033516 0.003479
v -0.000000 -0.033433 0.085968
v -0.000000 -0.033278 0.003122
v -0.000000 -0.033273 0.000122
v -0.000000 -0.033155 0.089155
v -0.000000 -0.032944 0.087150
v -0.000000 -0.032921 0.002884
v -0.000000 -0.032500 0.000000
v -0.000000 -0.032500 0.002800
v -0.000000 -0.032165 0.088165
v -0.000000 -0.031850 0.090156
v -0.000000 -0.031150 0.088944
v -0.000000 -0.030331 0.090785
v -0.000000 -0.029968 0.089433
v -0.000000 -0.028700 0.091000
v -0.000000 -0.028700 0.099400
v -0.000000 -0.028100 0.100000
v -0.000000 -0.027300 0.091000
v -0.000000 -0.027300 0.100000
v 0.000000 0.000000 0.000000
v 0.000000 0.000000 0.001400
v 0.000000 0.027300 0.091000
v 0.000000 0.027300 0.100000
v 0.000000 0.028100 0.100000
v 0.000000 0.028700 0.091000
v 0.000000 0.028700 0.099400
v 0.000000 0.029968 0.089433
v 0.000000 0.030331 0.090785
v 0.000000 0.031150 0.088944
v 0.000000 0.031850 0.090156
v 0.000000 0.032165 0.088165
v 0.000000 0.032500 0.000000
v 0.000000 0.032500 0.002800
v 0.000000 0.032921 0.002884
v 0.000000 0.032944 0.087150
v 0.000000 0.033155 0.089155
v 0.000000 0.033273 0.000122
v 0.000000 0.033278 0.003122
v 0.000000 0.033433 0.085968
v 0.000000 0.033516 0.003479
v 0.000000 0.033600 0.003900
v 0.000000 0.033600 0.084700
v 0.000000 0.033969 0.000477
v 0.000000 0.034156 0.087850
v 0.000000 0.034523 0.001031
v 0.000000 0.034785 0.086331
v 0.000000 0.034878 0.001727
v 0.000000 0.035000 0.002500
v 0.000000 0.035000 0.084700
v 0.002379 -0.027196 0.091000
v 0.002379 -0.027196 0.100000
v 0.002379 0.027196 0.091000
v 0.002379 0.027196 0.100000
v 0.002449 -0.027993 0.100000
v 0.002449 0.027993 0.100000
v 0.002501 -0.028591 0.091000
v 0.002501 -0.028591 0.099400
v 0.002501 0.028591 0.091000
v 0.002501 0.028591 0.099400
v 0.002612 -0.029854 0.089433
v 0.002612 0.029854 0.089433
v 0.002643 -0.030215 0.090785
v 0.002643 0.030215 0.090785
v 0.002715 -0.031031 0.088944
v 0.002715 0.031031 0.088944
v 0.002776 -0.031729 0.090156
v 0.002776 0.031729 0.090156
v 0.002803 -0.032042 0.088165
v 0.002803 0.032042 0.088165
v 0.002833 -0.032376 0.000000
v 0.002833 -0.032376 0.002800
v 0.002833 0.032376 0.000000
v 0.002833 0.032376 0.002800
v 0.002871 -0.032818 0.087150
v 0.002869 -0.032796 0.002884
v 0.002869 0.032796 0.002884
v 0.002871 0.032818 0.087150
v 0.002890 -0.033029 0.089155
v 0.002890 0.033029 0.089155
v 0.002900 -0.033146 0.000122
v 0.002900 -0.033151 0.003122
v 0.002900 0.033146 0.000122
v 0.002900 0.033151 0.003122
v 0.002914 -0.033306 0.085968
v 0.002914 0.033306 0.085968
v 0.002921 -0.033389 0.003479
v 0.002921 0.033389 0.003479
v 0.002928 -0.033472 0.003900
v 0.002928 -0.033472 0.084700
v 0.002928 0.033472 0.003900
v 0.002928 0.033472 0.084700
v 0.002961 -0.033840 0.000477
v 0.002961 0.033840 0.000477
v 0.002977 -0.034026 0.087850
v 0.002977 0.034026 0.087850
v 0.003009 -0.034391 0.001031
v 0.003009 0.034391 0.001031
v 0.003032 -0.034653 0.086331
v 0.003032 0.034653 0.086331
v 0.003040 -0.034745 0.001727
v 0.003040 0.034745 0.001727
v 0.003050 -0.034867 0.002500
v 0.003050 -0.034867 0.084700
v 0.003050 0.034867 0.002500
v 0.003050 0.034867 0.084700
v 0.004741 -0.026885 0.091000
v 0.004741 -0.026885 0.100000
v 0.004741 0.026885 0.091000
v 0.004741 0.026885 0.100000
v 0.004880 -0.027673 0.100000
v 0.004880 0.027673 0.100000
v 0.004984 -0.028264 0.091000
v 0.004984 -0.028264 0.099400
v 0.004984 0.028264 0.091000
v 0.004984 0.028264 0.099400
v 0.005204 -0.029513 0.089433
v 0.005204 0.029513 0.089433
v 0.005267 -0.029870 0.090785
v 0.005267 0.029870 0.090785
v 0.005409 -0.030677 0.088944
v 0.005409 0.030677 0.088944
v 0.005531 -0.031366 0.090156
v 0.005531 0.031366 0.090156
v 0.005585 -0.031676 0.088165
v 0.005585 0.031676 0.088165
v 0.005644 -0.032006 0.000000
v 0.005644 -0.032006 0.002800
v 0.005644 0.032006 0.000000
v 0.005644 0.032006 0.002800
v 0.005721 -0.032443 0.087150
v 0.005717 -0.032421 0.002884
v 0.005717 0.032421 0.002884
v 0.005721 0.032443 0.087150
v 0.005757 -0.032651 0.089155
v 0.005757 0.032651 0.089155
v 0.005778 -0.032767 0.000122
v 0.005779 -0.032772 0.003122
v 0.005778 0.032767 0.000122
v 0.005779 0.032772 0.003122
v 0.005806 -0.032925 0.085968
v 0.005806 0.032925 0.085968
v 0.005820 -0.033007 0.003479
v 0.005820 0.033007 0.003479
v 0.005835 -0.033090 0.003900
v 0.005835 -0.033090 0.084700
v 0.005835 0.033090 0.003900
v 0.005835 0.033090 0.084700
v 0.005899 -0.033453 0.000477
v 0.005899 0.033453 0.000477
v 0.005931 -0.033637 0.087850
v 0.005931 0.033637 0.087850
v 0.005995 -0.033998 0.001031
v 0.005995 0.033998 0.001031
v 0.006040 -0.034257 0.086331
v 0.006040 0.034257 0.086331
v 0.006056 -0.034348 0.001727
v 0.006056 0.034348 0.001727
v 0.006078 -0.034468 0.002500
v 0.006078 -0.034468 0.084700
v 0.006078 0.034468 0.002500
v 0.006078 0.034468 0.084700
v 0.007066 -0.026370 0.091000
v 0.007066 -0.026370 0.100000
v 0.007066 0.026370 0.091000
v 0.007066 0.026370 0.100000
v 0.007273 -0.027143 0.100000
v 0.007273 0.027143 0.100000
v 0.007428 -0.027722 0.091000
v 0.007428 -0.027722 0.099400
v 0.007428 0.027722 0.091000
v 0.007428 0.027722 0.099400
v 0.007756 -0.028947 0.089433
v 0.007756 0.028947 0.089433
v 0.007850 -0.029297 0.090785
v 0.007850 0.029297 0.090785
v 0.008062 -0.030089 0.088944
v 0.008062 0.030089 0.088944
v 0.008243 -0.030765 0.090156
v 0.008243 0.030765 0.090156
v 0.008325 -0.031069 0.088165
v 0.008325 0.031069 0.088165
v 0.008412 -0.031393 0.000000
v 0.008412 -0.031393 0.002800
v 0.008412 0.031393 0.000000
v 0.008412 0.031393 0.002800
v 0.008521 -0.031799 0.002884
v 0.008521 0.031799 0.002884
v 0.008526 -0.031821 0.087150
v 0.008526 0.031821 0.087150
v 0.008581 -0.032025 0.089155
v 0.008581 0.032025 0.089155
v 0.008612 -0.032139 0.000122
v 0.008613 -0.032144 0.003122
v 0.008612 0.032139 0.000122
v 0.008613 0.032144 0.003122
v 0.008653 -0.032294 0.085968
v 0.008653 0.032294 0.085968
v 0.008675 -0.032374 0.003479
v 0.008675 0.032374 0.003479
v 0.008696 -0.032455 0.003900
v 0.008696 -0.032455 0.084700
v 0.008696 0.032455 0.003900
v 0.008696 0.032455 0.084700
v 0.008792 -0.032812 0.000477
v 0.008792 0.032812 0.000477
v 0.008840 -0.032992 0.087850
v 0.008840 0.032992 0.087850
v 0.008935 -0.033346 0.001031
v 0.008935 0.033346 0.001031
v 0.009003 -0.033600 0.086331
v 0.009003 0.033600 0.086331
v 0.009027 -0.033689 0.001727
v 0.009027 0.033689 0.001727
v 0.009059 -0.033807 0.002500
v 0.009059 -0.033807 0.084700
v 0.009059 0.033807 0.002500
v 0.009059 0.033807 0.084700
v 0.009337 -0.025654 0.091000
v 0.009337 -0.025654 0.100000
v 0.009337 0.025654 0.091000
v 0.009337 0.025654 0.100000
v 0.009611 -0.026405 0.100000
v 0.009611 0.026405 0.100000
v 0.009816 -0.026969 0.091000
v 0.009816 -0.026969 0.099400
v 0.009816 0.026969 0.091000
v 0.009816 0.026969 0.099400
v 0.010250 -0.028161 0.089433
v 0.010250 0.028161 0.089433
v 0.010374 -0.028501 0.090785
v 0.010374 0.028501 0.090785
v 0.010654 -0.029271 0.088944
v 0.010654 0.029271 0.088944
v 0.010893 -0.029929 0.090156
v 0.010893 0.029929 0.090156
v 0.011001 -0.030225 0.088165
v 0.011001 0.030225 0.088165
v 0.011116 -0.030540 0.000000
v 0.011116 -0.030540 0.002800
v 0.011116 0.030540 0.000000
v 0.011116 0.030540 0.002800
v 0.011260 -0.030936 0.002884
v 0.011260 0.030936 0.002884
v 0.011267 -0.030957 0.087150
v 0.011267 0.030957 0.087150
v 0.011340 -0.031155 0.089155
v 0.011340 0.031155 0.089155
v 0.011380 -0.031266 0.000122
v 0.011382 -0.031271 0.003122
v 0.011380 0.031266 0.000122
v 0.011382 0.031271 0.003122
v 0.011435 -0.031417 0.085968
v 0.011435 0.031417 0.085968
v 0.011463 -0.031495 0.003479
v 0.011463 0.031495 0.003479
v 0.011492 -0.031574 0.003900
v 0.011492 -0.031574 0.084700
v 0.011492 0.031574 0.003900
v 0.011492 0.031574 0.084700
v 0.011537 -0.024742 0.091000
v 0.011537 -0.024742 0.100000
v 0.011537 0.024742 0.091000
v 0.011537 0.024742 0.100000
v 0.011618 -0.031921 0.000477
v 0.011618 0.031921 0.000477
v 0.011682 -0.032096 0.087850
v 0.011682 0.032096 0.087850
v 0.011807 -0.032441 0.001031
v 0.011807 0.032441 0.001031
v 0.011876 -0.025467 0.100000
v 0.011876 0.025467 0.100000
v 0.011897 -0.032688 0.086331
v 0.011897 0.032688 0.086331
v 0.011929 -0.032774 0.001727
v 0.011929 0.032774 0.001727
v 0.011971 -0.032889 0.002500
v 0.011971 -0.032889 0.084700
v 0.011971 0.032889 0.002500
v 0.011971 0.032889 0.084700
v 0.012129 -0.026011 0.091000
v 0.012129 -0.026011 0.099400
v 0.012129 0.026011 0.091000
v 0.012129 0.026011 0.099400
v 0.012665 -0.027160 0.089433
v 0.012665 0.027160 0.089433
v 0.012818 -0.027489 0.090785
v 0.012818 0.027489 0.090785
v 0.013165 -0.028231 0.088944
v 0.013165 0.028231 0.088944
v 0.013460 -0.028866 0.090156
v 0.013460 0.028866 0.090156
v 0.013593 -0.029151 0.088165
v 0.013593 0.029151 0.088165
v 0.013650 -0.023642 0.091000
v 0.013650 -0.023642 0.100000
v 0.013650 0.023642 0.091000
v 0.013650 0.023642 0.100000
v 0.013735 -0.029455 0.000000
v 0.013735 -0.029455 0.002800
v 0.013735 0.029455 0.000000
v 0.013735 0.029455 0.002800
v 0.013913 -0.029837 0.002884
v 0.013913 0.029837 0.002884
v 0.013923 -0.029857 0.087150
v 0.013923 0.029857 0.087150
v 0.014012 -0.030048 0.089155
v 0.014012 0.030048 0.089155
v 0.014050 -0.024335 0.100000
v 0.014050 0.024335 0.100000
v 0.014062 -0.030155 0.000122
v 0.014064 -0.030160 0.003122
v 0.014062 0.030155 0.000122
v 0.014064 0.030160 0.003122
v 0.014129 -0.030301 0.085968
v 0.014129 0.030301 0.085968
v 0.014165 -0.030376 0.003479
v 0.014165 0.030376 0.003479
v 0.014200 -0.030452 0.003900
v 0.014200 -0.030452 0.084700
v 0.014200 0.030452 0.003900
v 0.014200 0.030452 0.084700
v 0.014350 -0.024855 0.091000
v 0.014350 -0.024855 0.099400
v 0.014350 0.024855 0.091000
v 0.014350 0.024855 0.099400
v 0.014356 -0.030787 0.000477
v 0.014356 0.030787 0.000477
v 0.014435 -0.030956 0.087850
v 0.014435 0.030956 0.087850
v 0.014590 -0.031288 0.001031
v 0.014590 0.031288 0.001031
v 0.014701 -0.031526 0.086331
v 0.014701 0.031526 0.086331
v 0.014740 -0.031610 0.001727
v 0.014740 0.031610 0.001727
v 0.014792 -0.031721 0.002500
v 0.014792 -0.031721 0.084700
v 0.014792 0.031721 0.002500
v 0.014792 0.031721 0.084700
v 0.014984 -0.025953 0.089433
v 0.014984 0.025953 0.089433
v 0.015165 -0.026267 0.090785
v 0.015165 0.026267 0.090785
v 0.015575 -0.026977 0.088944
v 0.015575 0.026977 0.088944
v 0.015659 -0.022363 0.091000
v 0.015659 -0.022363 0.100000
v 0.015659 0.022363 0.091000
v 0.015659 0.022363 0.100000
v 0.015925 -0.027583 0.090156
v 0.015925 0.027583 0.090156
v 0.016082 -0.027856 0.088165
v 0.016082 0.027856 0.088165
v 0.016117 -0.023018 0.100000
v 0.016117 0.023018 0.100000
v 0.016250 -0.028146 0.000000
v 0.016250 -0.028146 0.002800
v 0.016250 0.028146 0.000000
v 0.016250 0.028146 0.002800
v 0.016460 -0.028510 0.002884
v 0.016462 -0.023510 0.091000
v 0.016462 -0.023510 0.099400
v 0.016462 0.023510 0.091000
v 0.016462 0.023510 0.099400
v 0.016460 0.028510 0.002884
v 0.016472 -0.028530 0.087150
v 0.016472 0.028530 0.087150
v 0.016577 -0.028713 0.089155
v 0.016577 0.028713 0.089155
v 0.016639 -0.028819 0.003122
v 0.016636 -0.028815 0.000122
v 0.016636 0.028815 0.000122
v 0.016639 0.028819 0.003122
v 0.016717 -0.028954 0.085968
v 0.016717 0.028954 0.085968
v 0.016758 -0.029026 0.003479
v 0.016758 0.029026 0.003479
v 0.016800 -0.029098 0.003900
v 0.016800 -0.029098 0.084700
v 0.016800 0.029098 0.003900
v 0.016800 0.029098 0.084700
v 0.016985 -0.029418 0.000477
v 0.016985 0.029418 0.000477
v 0.017078 -0.029580 0.087850
v 0.017078 0.029580 0.087850
v 0.017189 -0.024549 0.089433
v 0.017189 0.024549 0.089433
v 0.017261 -0.029897 0.001031
v 0.017261 0.029897 0.001031
v 0.017393 -0.030125 0.086331
v 0.017393 0.030125 0.086331
v 0.017397 -0.024845 0.090785
v 0.017397 0.024845 0.090785
v 0.017439 -0.030205 0.001727
v 0.017439 0.030205 0.001727
v 0.017500 -0.030311 0.002500
v 0.017500 -0.030311 0.084700
v 0.017500 0.030311 0.002500
v 0.017500 0.030311 0.084700
v 0.017548 -0.020913 0.091000
v 0.017548 -0.020913 0.100000
v 0.017548 0.020913 0.091000
v 0.017548 0.020913 0.100000
v 0.017867 -0.025517 0.088944
v 0.017867 0.025517 0.088944
v 0.018062 -0.021526 0.100000
v 0.018062 0.021526 0.100000
v 0.018268 -0.026090 0.090156
v 0.018268 0.026090 0.090156
v 0.018449 -0.026348 0.088165
v 0.018448 -0.021985 0.091000
v 0.018448 -0.021985 0.099400
v 0.018448 0.021985 0.091000
v 0.018448 0.021985 0.099400
v 0.018449 0.026348 0.088165
v 0.018641 -0.026622 0.000000
v 0.018641 -0.026622 0.002800
v 0.018641 0.026622 0.000000
v 0.018641 0.026622 0.002800
v 0.018883 -0.026967 0.002884
v 0.018883 0.026967 0.002884
v 0.018896 -0.026986 0.087150
v 0.018896 0.026986 0.087150
v 0.019017 -0.027159 0.089155
v 0.019017 0.027159 0.089155
v 0.019084 -0.027255 0.000122
v 0.019084 0.027255 0.000122
v 0.019087 -0.027260 0.003122
v 0.019087 0.027260 0.003122
v 0.019176 -0.027387 0.085968
v 0.019176 0.027387 0.085968
v 0.019224 -0.027455 0.003479
v 0.019224 0.027455 0.003479
v 0.019263 -0.022957 0.089433
v 0.019263 0.022957 0.089433
v 0.019272 -0.027524 0.003900
v 0.019272 -0.027524 0.084700
v 0.019272 0.027524 0.003900
v 0.019272 0.027524 0.084700
v 0.019304 -0.019304 0.091000
v 0.019304 -0.019304 0.100000
v 0.019304 0.019304 0.091000
v 0.019304 0.019304 0.100000
v 0.019484 -0.027826 0.000477
v 0.019484 0.027826 0.000477
v 0.019496 -0.023235 0.090785
v 0.019496 0.023235 0.090785
v 0.019591 -0.027979 0.087850
v 0.019591 0.027979 0.087850
v 0.019801 -0.028279 0.001031
v 0.019801 0.028279 0.001031
v 0.019870 -0.019870 0.100000
v 0.019870 0.019870 0.100000
v 0.019952 -0.028494 0.086331
v 0.019952 0.028494 0.086331
v 0.020005 -0.028570 0.001727
v 0.020005 0.028570 0.001727
v 0.020023 -0.023862 0.088944
v 0.020023 0.023862 0.088944
v 0.020075 -0.028670 0.002500
v 0.020075 -0.028670 0.084700
v 0.020075 0.028670 0.002500
v 0.020075 0.028670 0.084700
v 0.020294 -0.020294 0.091000
v 0.020294 -0.020294 0.099400
v 0.020294 0.020294 0.091000
v 0.020294 0.020294 0.099400
v 0.020473 -0.024399 0.090156
v 0.020473 0.024399 0.090156
v 0.020675 -0.024640 0.088165
v 0.020675 0.024640 0.088165
v 0.020891 -0.024896 0.000000
v 0.020891 -0.024896 0.002800
v 0.020891 0.024896 0.000000
v 0.020891 0.024896 0.002800
v 0.020913 -0.017548 0.091000
v 0.020913 -0.017548 0.100000
v 0.020913 0.017548 0.091000
v 0.020913 0.017548 0.100000
v 0.021161 -0.025219 0.002884
v 0.021161 0.025219 0.002884
v 0.021176 -0.025236 0.087150
v 0.021176 0.025236 0.087150
v 0.021191 -0.021191 0.089433
v 0.021191 0.021191 0.089433
v 0.021311 -0.025398 0.089155
v 0.021311 0.025398 0.089155
v 0.021387 -0.025488 0.000122
v 0.021391 -0.025492 0.003122
v 0.021387 0.025488 0.000122
v 0.021391 0.025492 0.003122
v 0.021447 -0.021447 0.090785
v 0.021447 0.021447 0.090785
v 0.021490 -0.025611 0.085968
v 0.021490 0.025611 0.085968
v 0.021526 -0.018062 0.100000
v 0.021526 0.018062 0.100000
v 0.021544 -0.025675 0.003479
v 0.021544 0.025675 0.003479
v 0.021598 -0.025739 0.003900
v 0.021598 -0.025739 0.084700
v 0.021598 0.025739 0.003900
v 0.021598 0.025739 0.084700
v 0.021835 -0.026022 0.000477
v 0.021835 0.026022 0.000477
v 0.021955 -0.026165 0.087850
v 0.021955 0.026165 0.087850
v 0.021985 -0.018448 0.091000
v 0.021985 -0.018448 0.099400
v 0.021985 0.018448 0.091000
v 0.021985 0.018448 0.099400
v 0.022026 -0.022026 0.088944
v 0.022026 0.022026 0.088944
v 0.022191 -0.026446 0.001031
v 0.022191 0.026446 0.001031
v 0.022360 -0.026647 0.086331
v 0.022363 -0.015659 0.091000
v 0.022363 -0.015659 0.100000
v 0.022363 0.015659 0.091000
v 0.022363 0.015659 0.100000
v 0.022360 0.026647 0.086331
v 0.022419 -0.026718 0.001727
v 0.022419 0.026718 0.001727
v 0.022498 -0.026812 0.002500
v 0.022498 -0.026812 0.084700
v 0.022498 0.026812 0.002500
v 0.022498 0.026812 0.084700
v 0.022521 -0.022521 0.090156
v 0.022521 0.022521 0.090156
v 0.022744 -0.022744 0.088165
v 0.022744 0.022744 0.088165
v 0.022957 -0.019263 0.089433
v 0.022957 0.019263 0.089433
v 0.022981 -0.022981 0.000000
v 0.022981 -0.022981 0.002800
v 0.022981 0.022981 0.000000
v 0.022981 0.022981 0.002800
v 0.023018 -0.016117 0.100000
v 0.023018 0.016117 0.100000
v 0.023235 -0.019496 0.090785
v 0.023235 0.019496 0.090785
v 0.023279 -0.023279 0.002884
v 0.023279 0.023279 0.002884
v 0.023295 -0.023295 0.087150
v 0.023295 0.023295 0.087150
v 0.023444 -0.023444 0.089155
v 0.023444 0.023444 0.089155
v 0.023510 -0.016462 0.091000
v 0.023510 -0.016462 0.099400
v 0.023510 0.016462 0.091000
v 0.023510 0.016462 0.099400
v 0.023527 -0.023527 0.000122
v 0.023531 -0.023531 0.003122
v 0.023527 0.023527 0.000122
v 0.023531 0.023531 0.003122
v 0.023641 -0.023641 0.085968
v 0.023642 -0.013650 0.091000
v 0.023642 -0.013650 0.100000
v 0.023642 0.013650 0.091000
v 0.023642 0.013650 0.100000
v 0.023641 0.023641 0.085968
v 0.023700 -0.023700 0.003479
v 0.023700 0.023700 0.003479
v 0.023759 -0.023759 0.003900
v 0.023759 -0.023759 0.084700
v 0.023759 0.023759 0.003900
v 0.023759 0.023759 0.084700
v 0.023862 -0.020023 0.088944
v 0.023862 0.020023 0.088944
v 0.024020 -0.024020 0.000477
v 0.024020 0.024020 0.000477
v 0.024152 -0.024152 0.087850
v 0.024152 0.024152 0.087850
v 0.024335 -0.014050 0.100000
v 0.024335 0.014050 0.100000
v 0.024399 -0.020473 0.090156
v 0.024399 0.020473 0.090156
v 0.024411 -0.024411 0.001031
v 0.024411 0.024411 0.001031
v 0.024549 -0.017189 0.089433
v 0.024549 0.017189 0.089433
v 0.024597 -0.024597 0.086331
v 0.024597 0.024597 0.086331
v 0.024640 -0.020675 0.088165
v 0.024640 0.020675 0.088165
v 0.024662 -0.024662 0.001727
v 0.024662 0.024662 0.001727
v 0.024742 -0.011537 0.091000
v 0.024742 -0.011537 0.100000
v 0.024742 0.011537 0.091000
v 0.024742 0.011537 0.100000
v 0.024749 -0.024749 0.002500
v 0.024749 -0.024749 0.084700
v 0.024749 0.024749 0.002500
v 0.024749 0.024749 0.084700
v 0.024845 -0.017397 0.090785
v 0.024855 -0.014350 0.091000
v 0.024855 -0.014350 0.099400
v 0.024855 0.014350 0.091000
v 0.024855 0.014350 0.099400
v 0.024845 0.017397 0.090785
v 0.024896 -0.020891 0.000000
v 0.024896 -0.020891 0.002800
v 0.024896 0.020891 0.000000
v 0.024896 0.020891 0.002800
v 0.025219 -0.021161 0.002884
v 0.025219 0.021161 0.002884
v 0.025236 -0.021176 0.087150
v 0.025236 0.021176 0.087150
v 0.025398 -0.021311 0.089155
v 0.025398 0.021311 0.089155
v 0.025467 -0.011876 0.100000
v 0.025467 0.011876 0.100000
v 0.025488 -0.021387 0.000122
v 0.025492 -0.021391 0.003122
v 0.025488 0.021387 0.000122
v 0.025492 0.021391 0.003122
v 0.025517 -0.017867 0.088944
v 0.025517 0.017867 0.088944
v 0.025611 -0.021490 0.085968
v 0.025611 0.021490 0.085968
v 0.025654 -0.009337 0.091000
v 0.025654 -0.009337 0.100000
v 0.025654 0.009337 0.091000
v 0.025654 0.009337 0.100000
v 0.025675 -0.021544 0.003479
v 0.025675 0.021544 0.003479
v 0.025739 -0.021598 0.003900
v 0.025739 -0.021598 0.084700
v 0.025739 0.021598 0.003900
v 0.025739 0.021598 0.084700
v 0.025953 -0.014984 0.089433
v 0.025953 0.014984 0.089433
v 0.026011 -0.012129 0.091000
v 0.026011 -0.012129 0.099400
v 0.026011 0.012129 0.091000
v 0.026011 0.012129 0.099400
v 0.026022 -0.021835 0.000477
v 0.026022 0.021835 0.000477
v 0.026090 -0.018268 0.090156
v 0.026090 0.018268 0.090156
v 0.026165 -0.021955 0.087850
v 0.026165 0.021955 0.087850
v 0.026267 -0.015165 0.090785
v 0.026267 0.015165 0.090785
v 0.026348 -0.018449 0.088165
v 0.026348 0.018449 0.088165
v 0.026370 -0.007066 0.091000
v 0.026370 -0.007066 0.100000
v 0.026370 0.007066 0.091000
v 0.026370 0.007066 0.100000
v 0.026405 -0.009611 0.100000
v 0.026405 0.009611 0.100000
v 0.026446 -0.022191 0.001031
v 0.026446 0.022191 0.001031
v 0.026622 -0.018641 0.000000
v 0.026622 -0.018641 0.002800
v 0.026622 0.018641 0.000000
v 0.026622 0.018641 0.002800
v 0.026647 -0.022360 0.086331
v 0.026647 0.022360 0.086331
v 0.026718 -0.022419 0.001727
v 0.026718 0.022419 0.001727
v 0.026812 -0.022498 0.002500
v 0.026812 -0.022498 0.084700
v 0.026812 0.022498 0.002500
v 0.026812 0.022498 0.084700
v 0.026885 -0.004741 0.091000
v 0.026885 -0.004741 0.100000
v 0.026885 0.004741 0.091000
v 0.026885 0.004741 0.100000
v 0.026967 -0.018883 0.002884
v 0.026969 -0.009816 0.091000
v 0.026969 -0.009816 0.099400
v 0.026969 0.009816 0.091000
v 0.026969 0.009816 0.099400
v 0.026967 0.018883 0.002884
v 0.026977 -0.015575 0.088944
v 0.026977 0.015575 0.088944
v 0.026986 -0.018896 0.087150
v 0.026986 0.018896 0.087150
v 0.027143 -0.007273 0.100000
v 0.027143 0.007273 0.100000
v 0.027159 -0.019017 0.089155
v 0.027160 -0.012665 0.089433
v 0.027160 0.012665 0.089433
v 0.027159 0.019017 0.089155
v 0.027196 -0.002379 0.091000
v 0.027196 -0.002379 0.100000
v 0.027196 0.002379 0.091000
v 0.027196 0.002379 0.100000
v 0.027260 -0.019087 0.003122
v 0.027255 -0.019084 0.000122
v 0.027255 0.019084 0.000122
v 0.027260 0.019087 0.003122
v 0.027300 0.000000 0.091000
v 0.027300 0.000000 0.100000
v 0.027387 -0.019176 0.085968
v 0.027387 0.019176 0.085968
v 0.027455 -0.019224 0.003479
v 0.027455 0.019224 0.003479
v 0.027489 -0.012818 0.090785
v 0.027489 0.012818 0.090785
v 0.027524 -0.019272 0.003900
v 0.027524 -0.019272 0.084700
v 0.027524 0.019272 0.003900
v 0.027524 0.019272 0.084700
v 0.027583 -0.015925 0.090156
v 0.027583 0.015925 0.090156
v 0.027673 -0.004880 0.100000
v 0.027673 0.004880 0.100000
v 0.027722 -0.007428 0.091000
v 0.027722 -0.007428 0.099400
v 0.027722 0.007428 0.091000
v 0.027722 0.007428 0.099400
v 0.027826 -0.019484 0.000477
v 0.027826 0.019484 0.000477
v 0.027856 -0.016082 0.088165
v 0.027856 0.016082 0.088165
v 0.027979 -0.019591 0.087850
v 0.027979 0.019591 0.087850
v 0.027993 -0.002449 0.100000
v 0.027993 0.002449 0.100000
v 0.028100 0.000000 0.100000
v 0.028146 -0.016250 0.000000
v 0.028146 -0.016250 0.002800
v 0.028146 0.016250 0.000000
v 0.028146 0.016250 0.002800
v 0.028161 -0.010250 0.089433
v 0.028161 0.010250 0.089433
v 0.028231 -0.013165 0.088944
v 0.028231 0.013165 0.088944
v 0.028264 -0.004984 0.091000
v 0.028264 -0.004984 0.099400
v 0.028264 0.004984 0.091000
v 0.028264 0.004984 0.099400
v 0.028279 -0.019801 0.001031
v 0.028279 0.019801 0.001031
v 0.028494 -0.019952 0.086331
v 0.028494 0.019952 0.086331
v 0.028501 -0.010374 0.090785
v 0.028501 0.010374 0.090785
v 0.028510 -0.016460 0.002884
v 0.028510 0.016460 0.002884
v 0.028530 -0.016472 0.087150
v 0.028530 0.016472 0.087150
v 0.028570 -0.020005 0.001727
v 0.028570 0.020005 0.001727
v 0.028591 -0.002501 0.091000
v 0.028591 -0.002501 0.099400
v 0.028591 0.002501 0.091000
v 0.028591 0.002501 0.099400
v 0.028670 -0.020075 0.002500
v 0.028670 -0.020075 0.084700
v 0.028670 0.020075 0.002500
v 0.028670 0.020075 0.084700
v 0.028700 0.000000 0.091000
v 0.028700 0.000000 0.099400
v 0.028713 -0.016577 0.089155
v 0.028713 0.016577 0.089155
v 0.028815 -0.016636 0.000122
v 0.028815 0.016636 0.000122
v 0.028819 -0.016639 0.003122
v 0.028819 0.016639 0.003122
v 0.028866 -0.013460 0.090156
v 0.028866 0.013460 0.090156
v 0.028954 -0.016717 0.085968
v 0.028947 -0.007756 0.089433
v 0.028947 0.007756 0.089433
v 0.028954 0.016717 0.085968
v 0.029026 -0.016758 0.003479
v 0.029026 0.016758 0.003479
v 0.029098 -0.016800 0.003900
v 0.029098 -0.016800 0.084700
v 0.029098 0.016800 0.003900
v 0.029098 0.016800 0.084700
v 0.029151 -0.013593 0.088165
v 0.029151 0.013593 0.088165
v 0.029271 -0.010654 0.088944
v 0.029271 0.010654 0.088944
v 0.029297 -0.007850 0.090785
v 0.029297 0.007850 0.090785
v 0.029418 -0.016985 0.000477
v 0.029418 0.016985 0.000477
v 0.029455 -0.013735 0.000000
v 0.029455 -0.013735 0.002800
v 0.029455 0.013735 0.000000
v 0.029455 0.013735 0.002800
v 0.029513 -0.005204 0.089433
v 0.029513 0.005204 0.089433
v 0.029580 -0.017078 0.087850
v 0.029580 0.017078 0.087850
v 0.029837 -0.013913 0.002884
v 0.029837 0.013913 0.002884
v 0.029854 -0.002612 0.089433
v 0.029854 0.002612 0.089433
v 0.029857 -0.013923 0.087150
v 0.029857 0.013923 0.087150
v 0.029870 -0.005267 0.090785
v 0.029870 0.005267 0.090785
v 0.029897 -0.017261 0.001031
v 0.029897 0.017261 0.001031
v 0.029929 -0.010893 0.090156
v 0.029929 0.010893 0.090156
v 0.029968 0.000000 0.089433
v 0.030048 -0.014012 0.089155
v 0.030048 0.014012 0.089155
v 0.030089 -0.008062 0.088944
v 0.030089 0.008062 0.088944
v 0.030125 -0.017393 0.086331
v 0.030125 0.017393 0.086331
v 0.030155 -0.014062 0.000122
v 0.030160 -0.014064 0.003122
v 0.030155 0.014062 0.000122
v 0.030160 0.014064 0.003122
v 0.030205 -0.017439 0.001727
v 0.030205 0.017439 0.001727
v 0.030215 -0.002643 0.090785
v 0.030215 0.002643 0.090785
v 0.030225 -0.011001 0.088165
v 0.030225 0.011001 0.088165
v 0.030301 -0.014129 0.085968
v 0.030301 0.014129 0.085968
v 0.030311 -0.017500 0.002500
v 0.030311 -0.017500 0.084700
v 0.030311 0.017500 0.002500
v 0.030311 0.017500 0.084700
v 0.030331 0.000000 0.090785
v 0.030376 -0.014165 0.003479
v 0.030376 0.014165 0.003479
v 0.030452 -0.014200 0.003900
v 0.030452 -0.014200 0.084700
v 0.030452 0.014200 0.003900
v 0.030452 0.014200 0.084700
v 0.030540 -0.011116 0.000000
v 0.030540 -0.011116 0.002800
v 0.030540 0.011116 0.000000
v 0.030540 0.011116 0.002800
v 0.030677 -0.005409 0.088944
v 0.030677 0.005409 0.088944
v 0.030765 -0.008243 0.090156
v 0.030765 0.008243 0.090156
v 0.030787 -0.014356 0.000477
v 0.030787 0.014356 0.000477
v 0.030936 -0.011260 0.002884
v 0.030936 0.011260 0.002884
v 0.030956 -0.014435 0.087850
v 0.030957 -0.011267 0.087150
v 0.030957 0.011267 0.087150
v 0.030956 0.014435 0.087850
v 0.031031 -0.002715 0.088944
v 0.031031 0.002715 0.088944
v 0.031069 -0.008325 0.088165
v 0.031069 0.008325 0.088165
v 0.031150 0.000000 0.088944
v 0.031155 -0.011340 0.089155
v 0.031155 0.011340 0.089155
v 0.031266 -0.011380 0.000122
v 0.031271 -0.011382 0.003122
v 0.031266 0.011380 0.000122
v 0.031271 0.011382 0.003122
v 0.031288 -0.014590 0.001031
v 0.031288 0.014590 0.001031
v 0.031366 -0.005531 0.090156
v 0.031366 0.005531 0.090156
v 0.031393 -0.008412 0.000000
v 0.031393 -0.008412 0.002800
v 0.031393 0.008412 0.000000
v 0.031393 0.008412 0.002800
v 0.031417 -0.011435 0.085968
v 0.031417 0.011435 0.085968
v 0.031495 -0.011463 0.003479
v 0.031495 0.011463 0.003479
v 0.031526 -0.014701 0.086331
v 0.031526 0.014701 0.086331
v 0.031574 -0.011492 0.003900
v 0.031574 -0.011492 0.084700
v 0.031574 0.011492 0.003900
v 0.031574 0.011492 0.084700
v 0.031610 -0.014740 0.001727
v 0.031610 0.014740 0.001727
v 0.031676 -0.005585 0.088165
v 0.031676 0.005585 0.088165
v 0.031721 -0.014792 0.002500
v 0.031721 -0.014792 0.084700
v 0.031721 0.014792 0.002500
v 0.031721 0.014792 0.084700
v 0.031729 -0.002776 0.090156
v 0.031729 0.002776 0.090156
v 0.031799 -0.008521 0.002884
v 0.031799 0.008521 0.002884
v 0.031821 -0.008526 0.087150
v 0.031821 0.008526 0.087150
v 0.031850 0.000000 0.090156
v 0.031921 -0.011618 0.000477
v 0.031921 0.011618 0.000477
v 0.032006 -0.005644 0.000000
v 0.032006 -0.005644 0.002800
v 0.032006 0.005644 0.000000
v 0.032006 0.005644 0.002800
v 0.032025 -0.008581 0.089155
v 0.032025 0.008581 0.089155
v 0.032042 -0.002803 0.088165
v 0.032042 0.002803 0.088165
v 0.032096 -0.011682 0.087850
v 0.032096 0.011682 0.087850
v 0.032139 -0.008612 0.000122
v 0.032144 -0.008613 0.003122
v 0.032139 0.008612 0.000122
v 0.032144 0.008613 0.003122
v 0.032165 0.000000 0.088165
v 0.032294 -0.008653 0.085968
v 0.032294 0.008653 0.085968
v 0.032374 -0.008675 0.003479
v 0.032374 0.008675 0.003479
v 0.032376 -0.002833 0.000000
v 0.032376 -0.002833 0.002800
v 0.032376 0.002833 0.000000
v 0.032376 0.002833 0.002800
v 0.032421 -0.005717 0.002884
v 0.032421 0.005717 0.002884
v 0.032441 -0.011807 0.001031
v 0.032443 -0.005721 0.087150
v 0.032443 0.005721 0.087150
v 0.032441 0.011807 0.001031
v 0.032455 -0.008696 0.003900
v 0.032455 -0.008696 0.084700
v 0.032455 0.008696 0.003900
v 0.032455 0.008696 0.084700
v 0.032500 0.000000 0.000000
v 0.032500 0.000000 0.002800
v 0.032651 -0.005757 0.089155
v 0.032651 0.005757 0.089155
v 0.032688 -0.011897 0.086331
v 0.032688 0.011897 0.086331
v 0.032774 -0.011929 0.001727
v 0.032767 -0.005778 0.000122
v 0.032772 -0.005779 0.003122
v 0.032767 0.005778 0.000122
v 0.032772 0.005779 0.003122
v 0.032774 0.011929 0.001727
v 0.032796 -0.002869 0.002884
v 0.032796 0.002869 0.002884
v 0.032812 -0.008792 0.000477
v 0.032812 0.008792 0.000477
v 0.032818 -0.002871 0.087150
v 0.032818 0.002871 0.087150
v 0.032889 -0.011971 0.002500
v 0.032889 -0.011971 0.084700
v 0.032889 0.011971 0.002500
v 0.032889 0.011971 0.084700
v 0.032921 0.000000 0.002884
v 0.032925 -0.005806 0.085968
v 0.032925 0.005806 0.085968
v 0.032944 0.000000 0.087150
v 0.032992 -0.008840 0.087850
v 0.032992 0.008840 0.087850
v 0.033007 -0.005820 0.003479
v 0.033007 0.005820 0.003479
v 0.033029 -0.002890 0.089155
v 0.033029 0.002890 0.089155
v 0.033090 -0.005835 0.003900
v 0.033090 -0.005835 0.084700
v 0.033090 0.005835 0.003900
v 0.033090 0.005835 0.084700
v 0.033146 -0.002900 0.000122
v 0.033151 -0.002900 0.003122
v 0.033155 0.000000 0.089155
v 0.033146 0.002900 0.000122
v 0.033151 0.002900 0.003122
v 0.033273 0.000000 0.000122
v 0.033278 0.000000 0.003122
v 0.033306 -0.002914 0.085968
v 0.033306 0.002914 0.085968
v 0.033346 -0.008935 0.001031
v 0.033346 0.008935 0.001031
v 0.033389 -0.002921 0.003479
v 0.033389 0.002921 0.003479
v 0.033433 0.000000 0.085968
v 0.033453 -0.005899 0.000477
v 0.033453 0.005899 0.000477
v 0.033472 -0.002928 0.003900
v 0.033472 -0.002928 0.084700
v 0.033472 0.002928 0.003900
v 0.033472 0.002928 0.084700
v 0.033516 0.000000 0.003479
v 0.033600 -0.009003 0.086331
v 0.033600 0.000000 0.003900
v 0.033600 0.000000 0.084700
v 0.033600 0.009003 0.086331
v 0.033637 -0.005931 0.087850
v 0.033637 0.005931 0.087850
v 0.033689 -0.009027 0.001727
v 0.033689 0.009027 0.001727
v 0.033807 -0.009059 0.002500
v 0.033807 -0.009059 0.084700
v 0.033807 0.009059 0.002500
v 0.033807 0.009059 0.084700
v 0.033840 -0.002961 0.000477
v 0.033840 0.002961 0.000477
v 0.033969 0.000000 0.000477
v 0.033998 -0.005995 0.001031
v 0.033998 0.005995 0.001031
v 0.034026 -0.002977 0.087850
v 0.034026 0.002977 0.087850
v 0.034156 0.000000 0.087850
v 0.034257 -0.006040 0.086331
v 0.034257 0.006040 0.086331
v 0.034348 -0.006056 0.001727
v 0.034348 0.006056 0.001727
v 0.034391 -0.003009 0.001031
v 0.034391 0.003009 0.001031
v 0.034468 -0.006078 0.002500
v 0.034468 -0.006078 0.084700
v 0.034468 0.006078 0.002500
v 0.034468 0.006078 0.084700
v 0.034523 0.000000 0.001031
v 0.034653 -0.003032 0.086331
v 0.034653 0.003032 0.086331
v 0.034745 -0.003040 0.001727
v 0.034745 0.003040 0.001727
v 0.034785 0.000000 0.086331
v 0.034867 -0.003050 0.002500
v 0.034867 -0.003050 0.084700
v 0.034867 0.003050 0.002500
v 0.034867 0.003050 0.084700
v 0.034878 0.000000 0.001727
v 0.035000 0.000000 0.002500
v 0.035000 0.000000 0.084700
f 1009 1907 1919
f 1919 1907 1958
f 1919 1958 1960
f 1960 1958 1989
f 1960 1989 1990
f 1990 1989 2001
f 1990 2001 2006
f 2006 2001 2010
f 2006 2010 2016
f 2016 2010 2014
f 2016 2014 2017
f 2017 2014 2015
f 2017 2015 2018
f 2018 2015 2008
f 2018 2008 2011
f 2011 2008 1994
f 2011 1994 1995
f 1995 1994 1950
f 1995 1950 1957
f 1957 1950 1878
f 1957 1878 1883
f 1883 1878 1808
f 1883 1808 1817
f 1817 1808 1740
f 1817 1740 1746
f 1746 1740 1741
f 1746 1741 1747
f 1747 1741 1712
f 1747 1712 1713
f 1713 1712 1680
f 1713 1680 1686
f 1686 1680 1679
f 1686 1679 1685
f 1685 1679 1785
f 1685 1785 1794
f 1794 1785 1841
f 1794 1841 1844
f 1844 1841 1893
f 1844 1893 1900
f 1900 1893 1936
f 1900 1936 1944
f 1944 1936 1963
f 1944 1963 1968
f 1968 1963 1974
f 1968 1974 1978
f 1978 1974 1973
f 1978 1973 1977
f 1977 1973 1967
f 1977 1967 1975
f 1975 1967 1959
f 1975 1959 1961
f 1961 1959 1932
f 1961 1932 1941
f 1941 1932 1908
f 1941 1908 1920
f 1920 1908 1010
f 1009 1888 1907
f 1907 1888 1928
f 1907 1928 1958
f 1958 1928 1970
f 1958 1970 1989
f 1989 1970 1992
f 1989 1992 2001
f 2001 1992 1999
f 2001 1999 2010
f 2010 1999 2004
f 2010 2004 2014
f 2014 2004 2005
f 2014 2005 2015
f 2015 2005 1997
f 2015 1997 2008
f 2008 1997 1981
f 2008 1981 1994
f 1994 1981 1922
f 1994 1922 1950
f 1950 1922 1854
f 1950 1854 1878
f 1878 1854 1789
f 1878 1789 1808
f 1808 1789 1724
f 1808 1724 1740
f 1740 1724 1725
f 1740 1725 1741
f 1741 1725 1700
f 1741 1700 1712
f 1712 1700 1660
f 1712 1660 1680
f 1680 1660 1659
f 1680 1659 1679
f 1679 1659 1779
f 1679 1779 1785
f 1785 1779 1829
f 1785 1829 1841
f 1841 1829 1872
f 1841 1872 1893
f 1893 1872 1913
f 1893 1913 1936
f 1936 1913 1943
f 1936 1943 1963
f 1963 1943 1954
f 1963 1954 1974
f 1974 1954 1953
f 1974 1953 1973
f 1973 1953 1948
f 1973 1948 1967
f 1967 1948 1929
f 1967 1929 1959
f 1959 1929 1910
f 1959 1910 1932
f 1932 1910 1889
f 1932 1889 1908
f 1908 1889 1010
f 1009 1857 1888
f 1888 1857 1898
f 1888 1898 1928
f 1928 1898 1934
f 1928 1934 1970
f 1970 1934 1965
f 1970 1965 1992
f 1992 1965 1983
f 1992 1983 1999
f 1999 1983 1986
f 1999 1986 2004
f 2004 1986 1987
f 2004 1987 2005
f 2005 1987 1979
f 2005 1979 1997
f 1997 1979 1946
f 1997 1946 1981
f 1981 1946 1891
f 1981 1891 1922
f 1922 1891 1831
f 1922 1831 1854
f 1854 1831 1771
f 1854 1771 1789
f 1789 1771 1703
f 1789 1703 1724
f 1724 1703 1704
f 1724 1704 1725
f 1725 1704 1672
f 1725 1672 1700
f 1700 1672 1640
f 1700 1640 1660
f 1660 1640 1639
f 1660 1639 1659
f 1659 1639 1758
f 1659 1758 1779
f 1779 1758 1798
f 1779 1798 1829
f 1829 1798 1843
f 1829 1843 1872
f 1872 1843 1882
f 1872 1882 1913
f 1913 1882 1902
f 1913 1902 1943
f 1943 1902 1918
f 1943 1918 1954
f 1954 1918 1917
f 1954 1917 1953
f 1953 1917 1904
f 1953 1904 1948
f 1948 1904 1899
f 1948 1899 1929
f 1929 1899 1880
f 1929 1880 1910
f 1910 1880 1858
f 1910 1858 1889
f 1889 1858 1010
f 1009 1826 1857
f 1857 1826 1849
f 1857 1849 1898
f 1898 1849 1885
f 1898 1885 1934
f 1934 1885 1914
f 1934 1914 1965
f 1965 1914 1930
f 1965 1930 1983
f 1983 1930 1939
f 1983 1939 1986
f 1986 1939 1940
f 1986 1940 1987
f 1987 1940 1924
f 1987 1924 1979
f 1979 1924 1895
f 1979 1895 1946
f 1946 1895 1846
f 1946 1846 1891
f 1891 1846 1793
f 1891 1793 1831
f 1831 1793 1731
f 1831 1731 1771
f 1771 1731 1664
f 1771 1664 1703
f 1703 1664 1665
f 1703 1665 1704
f 1704 1665 1642
f 1704 1642 1672
f 1672 1642 1614
f 1672 1614 1640
f 1640 1614 1613
f 1640 1613 1639
f 1639 1613 1719
f 1639 1719 1758
f 1758 1719 1769
f 1758 1769 1798
f 1798 1769 1810
f 1798 1810 1843
f 1843 1810 1838
f 1843 1838 1882
f 1882 1838 1860
f 1882 1860 1902
f 1902 1860 1868
f 1902 1868 1918
f 1918 1868 1867
f 1918 1867 1917
f 1917 1867 1862
f 1917 1862 1904
f 1904 1862 1850
f 1904 1850 1899
f 1899 1850 1835
f 1899 1835 1880
f 1880 1835 1827
f 1880 1827 1858
f 1858 1827 1010
f 1009 1776 1826
f 1826 1776 1803
f 1826 1803 1849
f 1849 1803 1833
f 1849 1833 1885
f 1885 1833 1852
f 1885 1852 1914
f 1914 1852 1870
f 1914 1870 1930
f 1930 1870 1875
f 1930 1875 1939
f 1939 1875 1876
f 1939 1876 1940
f 1940 1876 1864
f 1940 1864 1924
f 1924 1864 1839
f 1924 1839 1895
f 1895 1839 1796
f 1895 1796 1846
f 1846 1796 1755
f 1846 1755 1793
f 1793 1755 1692
f 1793 1692 1731
f 1731 1692 1625
f 1731 1625 1664
f 1664 1625 1626
f 1664 1626 1665
f 1665 1626 1602
f 1665 1602 1642
f 1642 1602 1580
f 1642 1580 1614
f 1614 1580 1579
f 1614 1579 1613
f 1613 1579 1675
f 1613 1675 1719
f 1719 1675 1721
f 1719 1721 1769
f 1769 1721 1767
f 1769 1767 1810
f 1810 1767 1787
f 1810 1787 1838
f 1838 1787 1812
f 1838 1812 1860
f 1860 1812 1823
f 1860 1823 1868
f 1868 1823 1822
f 1868 1822 1867
f 1867 1822 1819
f 1867 1819 1862
f 1862 1819 1804
f 1862 1804 1850
f 1850 1804 1783
f 1850 1783 1835
f 1835 1783 1777
f 1835 1777 1827
f 1827 1777 1010
f 1009 1716 1776
f 1776 1716 1751
f 1776 1751 1803
f 1803 1751 1773
f 1803 1773 1833
f 1833 1773 1791
f 1833 1791 1852
f 1852 1791 1806
f 1852 1806 1870
f 1870 1806 1815
f 1870 1815 1875
f 1875 1815 1816
f 1875 1816 1876
f 1876 1816 1800
f 1876 1800 1864
f 1864 1800 1781
f 1864 1781 1839
f 1839 1781 1749
f 1839 1749 1796
f 1796 1749 1698
f 1796 1698 1755
f 1755 1698 1634
f 1755 1634 1692
f 1692 1634 1588
f 1692 1588 1625
f 1625 1588 1589
f 1625 1589 1626
f 1626 1589 1564
f 1626 1564 1602
f 1602 1564 1549
f 1602 1549 1580
f 1580 1549 1548
f 1580 1548 1579
f 1579 1548 1622
f 1579 1622 1675
f 1675 1622 1668
f 1675 1668 1721
f 1721 1668 1708
f 1721 1708 1767
f 1767 1708 1735
f 1767 1735 1787
f 1787 1735 1759
f 1787 1759 1812
f 1812 1759 1765
f 1812 1765 1823
f 1823 1765 1764
f 1823 1764 1822
f 1822 1764 1761
f 1822 1761 1819
f 1819 1761 1753
f 1819 1753 1804
f 1804 1753 1733
f 1804 1733 1783
f 1783 1733 1717
f 1783 1717 1777
f 1777 1717 1010
f 1009 1647 1716
f 1716 1647 1683
f 1716 1683 1751
f 1751 1683 1706
f 1751 1706 1773
f 1773 1706 1727
f 1773 1727 1791
f 1791 1727 1737
f 1791 1737 1806
f 1806 1737 1744
f 1806 1744 1815
f 1815 1744 1745
f 1815 1745 1816
f 1816 1745 1729
f 1816 1729 1800
f 1800 1729 1710
f 1800 1710 1781
f 1781 1710 1676
f 1781 1676 1749
f 1749 1676 1630
f 1749 1630 1698
f 1698 1630 1590
f 1698 1590 1634
f 1634 1590 1539
f 1634 1539 1588
f 1588 1539 1540
f 1588 1540 1589
f 1589 1540 1528
f 1589 1528 1564
f 1564 1528 1509
f 1564 1509 1549
f 1549 1509 1508
f 1549 1508 1548
f 1548 1508 1570
f 1548 1570 1622
f 1622 1570 1608
f 1622 1608 1668
f 1668 1608 1636
f 1668 1636 1708
f 1708 1636 1670
f 1708 1670 1735
f 1735 1670 1688
f 1735 1688 1759
f 1759 1688 1696
f 1759 1696 1765
f 1765 1696 1695
f 1765 1695 1764
f 1764 1695 1690
f 1764 1690 1761
f 1761 1690 1684
f 1761 1684 1753
f 1753 1684 1666
f 1753 1666 1733
f 1733 1666 1648
f 1733 1648 1717
f 1717 1648 1010
f 1009 1593 1647
f 1647 1593 1605
f 1647 1605 1683
f 1683 1605 1628
f 1683 1628 1706
f 1706 1628 1644
f 1706 1644 1727
f 1727 1644 1652
f 1727 1652 1737
f 1737 1652 1655
f 1737 1655 1744
f 1744 1655 1656
f 1744 1656 1745
f 1745 1656 1650
f 1745 1650 1729
f 1729 1650 1632
f 1729 1632 1710
f 1710 1632 1600
f 1710 1600 1676
f 1676 1600 1566
f 1676 1566 1630
f 1630 1566 1530
f 1630 1530 1590
f 1590 1530 1499
f 1590 1499 1539
f 1539 1499 1500
f 1539 1500 1540
f 1540 1500 1486
f 1540 1486 1528
f 1528 1486 1468
f 1528 1468 1509
f 1509 1468 1467
f 1509 1467 1508
f 1508 1467 1522
f 1508 1522 1570
f 1570 1522 1558
f 1570 1558 1608
f 1608 1558 1574
f 1608 1574 1636
f 1636 1574 1598
f 1636 1598 1670
f 1670 1598 1610
f 1670 1610 1688
f 1688 1610 1620
f 1688 1620 1696
f 1696 1620 1619
f 1696 1619 1695
f 1695 1619 1616
f 1695 1616 1690
f 1690 1616 1606
f 1690 1606 1684
f 1684 1606 1596
f 1684 1596 1666
f 1666 1596 1594
f 1666 1594 1648
f 1648 1594 1010
f 1009 1525 1593
f 1593 1525 1543
f 1593 1543 1605
f 1605 1543 1560
f 1605 1560 1628
f 1628 1560 1568
f 1628 1568 1644
f 1644 1568 1576
f 1644 1576 1652
f 1652 1576 1583
f 1652 1583 1655
f 1655 1583 1584
f 1655 1584 1656
f 1656 1584 1572
f 1656 1572 1650
f 1650 1572 1562
f 1650 1562 1632
f 1632 1562 1536
f 1632 1536 1600
f 1600 1536 1518
f 1600 1518 1566
f 1566 1518 1482
f 1566 1482 1530
f 1530 1482 1455
f 1530 1455 1499
f 1499 1455 1456
f 1499 1456 1500
f 1500 1456 1442
f 1500 1442 1486
f 1486 1442 1432
f 1486 1432 1468
f 1468 1432 1431
f 1468 1431 1467
f 1467 1431 1474
f 1467 1474 1522
f 1522 1474 1502
f 1522 1502 1558
f 1558 1502 1520
f 1558 1520 1574
f 1574 1520 1534
f 1574 1534 1598
f 1598 1534 1550
f 1598 1550 1610
f 1610 1550 1556
f 1610 1556 1620
f 1620 1556 1555
f 1620 1555 1619
f 1619 1555 1552
f 1619 1552 1616
f 1616 1552 1544
f 1616 1544 1606
f 1606 1544 1532
f 1606 1532 1596
f 1596 1532 1526
f 1596 1526 1594
f 1594 1526 1010
f 1009 1463 1525
f 1525 1463 1479
f 1525 1479 1543
f 1543 1479 1494
f 1543 1494 1560
f 1560 1494 1504
f 1560 1504 1568
f 1568 1504 1512
f 1568 1512 1576
f 1576 1512 1515
f 1576 1515 1583
f 1583 1515 1516
f 1583 1516 1584
f 1584 1516 1510
f 1584 1510 1572
f 1572 1510 1496
f 1572 1496 1562
f 1562 1496 1476
f 1562 1476 1536
f 1536 1476 1458
f 1536 1458 1518
f 1518 1458 1436
f 1518 1436 1482
f 1482 1436 1402
f 1482 1402 1455
f 1455 1402 1403
f 1455 1403 1456
f 1456 1403 1396
f 1456 1396 1442
f 1442 1396 1392
f 1442 1392 1432
f 1432 1392 1391
f 1432 1391 1431
f 1431 1391 1424
f 1431 1424 1474
f 1474 1424 1448
f 1474 1448 1502
f 1502 1448 1460
f 1502 1460 1520
f 1520 1460 1472
f 1520 1472 1534
f 1534 1472 1484
f 1534 1484 1550
f 1550 1484 1492
f 1550 1492 1556
f 1556 1492 1491
f 1556 1491 1555
f 1555 1491 1488
f 1555 1488 1552
f 1552 1488 1480
f 1552 1480 1544
f 1544 1480 1470
f 1544 1470 1532
f 1532 1470 1464
f 1532 1464 1526
f 1526 1464 1010
f 1009 1407 1463
f 1463 1407 1416
f 1463 1416 1479
f 1479 1416 1434
f 1479 1434 1494
f 1494 1434 1440
f 1494 1440 1504
f 1504 1440 1446
f 1504 1446 1512
f 1512 1446 1451
f 1512 1451 1515
f 1515 1451 1452
f 1515 1452 1516
f 1516 1452 1444
f 1516 1444 1510
f 1510 1444 1438
f 1510 1438 1496
f 1496 1438 1414
f 1496 1414 1476
f 1476 1414 1398
f 1476 1398 1458
f 1458 1398 1382
f 1458 1382 1436
f 1436 1382 1352
f 1436 1352 1402
f 1402 1352 1353
f 1402 1353 1403
f 1403 1353 1344
f 1403 1344 1396
f 1396 1344 1338
f 1396 1338 1392
f 1392 1338 1337
f 1392 1337 1391
f 1391 1337 1376
f 1391 1376 1424
f 1424 1376 1394
f 1424 1394 1448
f 1448 1394 1404
f 1448 1404 1460
f 1460 1404 1412
f 1460 1412 1472
f 1472 1412 1420
f 1472 1420 1484
f 1484 1420 1428
f 1484 1428 1492
f 1492 1428 1427
f 1492 1427 1491
f 1491 1427 1422
f 1491 1422 1488
f 1488 1422 1418
f 1488 1418 1480
f 1480 1418 1410
f 1480 1410 1470
f 1470 1410 1408
f 1470 1408 1464
f 1464 1408 1010
f 1009 1347 1407
f 1407 1347 1361
f 1407 1361 1416
f 1416 1361 1372
f 1416 1372 1434
f 1434 1372 1378
f 1434 1378 1440
f 1440 1378 1384
f 1440 1384 1446
f 1446 1384 1387
f 1446 1387 1451
f 1451 1387 1388
f 1451 1388 1452
f 1452 1388 1380
f 1452 1380 1444
f 1444 1380 1374
f 1444 1374 1438
f 1438 1374 1358
f 1438 1358 1414
f 1414 1358 1340
f 1414 1340 1398
f 1398 1340 1332
f 1398 1332 1382
f 1382 1332 1313
f 1382 1313 1352
f 1352 1313 1314
f 1352 1314 1353
f 1353 1314 1298
f 1353 1298 1344
f 1344 1298 1286
f 1344 1286 1338
f 1338 1286 1285
f 1338 1285 1337
f 1337 1285 1330
f 1337 1330 1376
f 1376 1330 1334
f 1376 1334 1394
f 1394 1334 1342
f 1394 1342 1404
f 1404 1342 1356
f 1404 1356 1412
f 1412 1356 1364
f 1412 1364 1420
f 1420 1364 1370
f 1420 1370 1428
f 1428 1370 1369
f 1428 1369 1427
f 1427 1369 1366
f 1427 1366 1422
f 1422 1366 1362
f 1422 1362 1418
f 1418 1362 1354
f 1418 1354 1410
f 1410 1354 1348
f 1410 1348 1408
f 1408 1348 1010
f 1009 1289 1347
f 1347 1289 1301
f 1347 1301 1361
f 1361 1301 1316
f 1361 1316 1372
f 1372 1316 1320
f 1372 1320 1378
f 1378 1320 1324
f 1378 1324 1384
f 1384 1324 1327
f 1384 1327 1387
f 1387 1327 1328
f 1387 1328 1388
f 1388 1328 1322
f 1388 1322 1380
f 1380 1322 1318
f 1380 1318 1374
f 1374 1318 1296
f 1374 1296 1358
f 1358 1296 1280
f 1358 1280 1340
f 1340 1280 1276
f 1340 1276 1332
f 1332 1276 1271
f 1332 1271 1313
f 1313 1271 1272
f 1313 1272 1314
f 1314 1272 1260
f 1314 1260 1298
f 1298 1260 1252
f 1298 1252 1286
f 1286 1252 1251
f 1286 1251 1285
f 1285 1251 1274
f 1285 1274 1330
f 1330 1274 1278
f 1330 1278 1334
f 1334 1278 1282
f 1334 1282 1342
f 1342 1282 1294
f 1342 1294 1356
f 1356 1294 1304
f 1356 1304 1364
f 1364 1304 1310
f 1364 1310 1370
f 1370 1310 1309
f 1370 1309 1369
f 1369 1309 1306
f 1369 1306 1366
f 1366 1306 1302
f 1366 1302 1362
f 1362 1302 1292
f 1362 1292 1354
f 1354 1292 1290
f 1354 1290 1348
f 1348 1290 1010
f 1009 1229 1289
f 1289 1229 1239
f 1289 1239 1301
f 1301 1239 1254
f 1301 1254 1316
f 1316 1254 1258
f 1316 1258 1320
f 1320 1258 1264
f 1320 1264 1324
f 1324 1264 1267
f 1324 1267 1327
f 1327 1267 1268
f 1327 1268 1328
f 1328 1268 1262
f 1328 1262 1322
f 1322 1262 1256
f 1322 1256 1318
f 1318 1256 1236
f 1318 1236 1296
f 1296 1236 1224
f 1296 1224 1280
f 1280 1224 1220
f 1280 1220 1276
f 1276 1220 1215
f 1276 1215 1271
f 1271 1215 1216
f 1271 1216 1272
f 1272 1216 1212
f 1272 1212 1260
f 1260 1212 1210
f 1260 1210 1252
f 1252 1210 1209
f 1252 1209 1251
f 1251 1209 1218
f 1251 1218 1274
f 1274 1218 1222
f 1274 1222 1278
f 1278 1222 1226
f 1278 1226 1282
f 1282 1226 1234
f 1282 1234 1294
f 1294 1234 1242
f 1294 1242 1304
f 1304 1242 1248
f 1304 1248 1310
f 1310 1248 1247
f 1310 1247 1309
f 1309 1247 1244
f 1309 1244 1306
f 1306 1244 1240
f 1306 1240 1302
f 1302 1240 1232
f 1302 1232 1292
f 1292 1232 1230
f 1292 1230 1290
f 1290 1230 1010
f 1009 1173 1229
f 1229 1173 1183
f 1229 1183 1239
f 1239 1183 1194
f 1239 1194 1254
f 1254 1194 1198
f 1254 1198 1258
f 1258 1198 1202
f 1258 1202 1264
f 1264 1202 1205
f 1264 1205 1267
f 1267 1205 1206
f 1267 1206 1268
f 1268 1206 1200
f 1268 1200 1262
f 1262 1200 1196
f 1262 1196 1256
f 1256 1196 1180
f 1256 1180 1236
f 1236 1180 1168
f 1236 1168 1224
f 1224 1168 1164
f 1224 1164 1220
f 1220 1164 1159
f 1220 1159 1215
f 1215 1159 1160
f 1215 1160 1216
f 1216 1160 1156
f 1216 1156 1212
f 1212 1156 1154
f 1212 1154 1210
f 1210 1154 1153
f 1210 1153 1209
f 1209 1153 1162
f 1209 1162 1218
f 1218 1162 1166
f 1218 1166 1222
f 1222 1166 1170
f 1222 1170 1226
f 1226 1170 1178
f 1226 1178 1234
f 1234 1178 1186
f 1234 1186 1242
f 1242 1186 1192
f 1242 1192 1248
f 1248 1192 1191
f 1248 1191 1247
f 1247 1191 1188
f 1247 1188 1244
f 1244 1188 1184
f 1244 1184 1240
f 1240 1184 1176
f 1240 1176 1232
f 1232 1176 1174
f 1232 1174 1230
f 1230 1174 1010
f 1009 1117 1173
f 1173 1117 1127
f 1173 1127 1183
f 1183 1127 1138
f 1183 1138 1194
f 1194 1138 1142
f 1194 1142 1198
f 1198 1142 1146
f 1198 1146 1202
f 1202 1146 1149
f 1202 1149 1205
f 1205 1149 1150
f 1205 1150 1206
f 1206 1150 1144
f 1206 1144 1200
f 1200 1144 1140
f 1200 1140 1196
f 1196 1140 1124
f 1196 1124 1180
f 1180 1124 1112
f 1180 1112 1168
f 1168 1112 1108
f 1168 1108 1164
f 1164 1108 1103
f 1164 1103 1159
f 1159 1103 1104
f 1159 1104 1160
f 1160 1104 1100
f 1160 1100 1156
f 1156 1100 1098
f 1156 1098 1154
f 1154 1098 1097
f 1154 1097 1153
f 1153 1097 1106
f 1153 1106 1162
f 1162 1106 1110
f 1162 1110 1166
f 1166 1110 1114
f 1166 1114 1170
f 1170 1114 1122
f 1170 1122 1178
f 1178 1122 1130
f 1178 1130 1186
f 1186 1130 1136
f 1186 1136 1192
f 1192 1136 1135
f 1192 1135 1191
f 1191 1135 1132
f 1191 1132 1188
f 1188 1132 1128
f 1188 1128 1184
f 1184 1128 1121
f 1184 1121 1176
f 1176 1121 1118
f 1176 1118 1174
f 1174 1118 1010
f 1009 1061 1117
f 1117 1061 1071
f 1117 1071 1127
f 1127 1071 1082
f 1127 1082 1138
f 1138 1082 1086
f 1138 1086 1142
f 1142 1086 1090
f 1142 1090 1146
f 1146 1090 1093
f 1146 1093 1149
f 1149 1093 1094
f 1149 1094 1150
f 1150 1094 1088
f 1150 1088 1144
f 1144 1088 1084
f 1144 1084 1140
f 1140 1084 1068
f 1140 1068 1124
f 1124 1068 1056
f 1124 1056 1112
f 1112 1056 1052
f 1112 1052 1108
f 1108 1052 1047
f 1108 1047 1103
f 1103 1047 1048
f 1103 1048 1104
f 1104 1048 1044
f 1104 1044 1100
f 1100 1044 1042
f 1100 1042 1098
f 1098 1042 1041
f 1098 1041 1097
f 1097 1041 1050
f 1097 1050 1106
f 1106 1050 1054
f 1106 1054 1110
f 1110 1054 1058
f 1110 1058 1114
f 1114 1058 1066
f 1114 1066 1122
f 1122 1066 1074
f 1122 1074 1130
f 1130 1074 1080
f 1130 1080 1136
f 1136 1080 1079
f 1136 1079 1135
f 1135 1079 1076
f 1135 1076 1132
f 1132 1076 1072
f 1132 1072 1128
f 1128 1072 1065
f 1128 1065 1121
f 1121 1065 1062
f 1121 1062 1118
f 1118 1062 1010
f 1009 1021 1061
f 1061 1021 1026
f 1061 1026 1071
f 1071 1026 1032
f 1071 1032 1082
f 1082 1032 1034
f 1082 1034 1086
f 1086 1034 1036
f 1086 1036 1090
f 1090 1036 1037
f 1090 1037 1093
f 1093 1037 1038
f 1093 1038 1094
f 1094 1038 1035
f 1094 1035 1088
f 1088 1035 1033
f 1088 1033 1084
f 1084 1033 1025
f 1084 1025 1068
f 1068 1025 1019
f 1068 1019 1056
f 1056 1019 1017
f 1056 1017 1052
f 1052 1017 1014
f 1052 1014 1047
f 1047 1014 1015
f 1047 1015 1048
f 1048 1015 1013
f 1048 1013 1044
f 1044 1013 1012
f 1044 1012 1042
f 1042 1012 1011
f 1042 1011 1041
f 1041 1011 1016
f 1041 1016 1050
f 1050 1016 1018
f 1050 1018 1054
f 1054 1018 1020
f 1054 1020 1058
f 1058 1020 1024
f 1058 1024 1066
f 1066 1024 1028
f 1066 1028 1074
f 1074 1028 1031
f 1074 1031 1080
f 1080 1031 1030
f 1080 1030 1079
f 1079 1030 1029
f 1079 1029 1076
f 1076 1029 1027
f 1076 1027 1072
f 1072 1027 1023
f 1072 1023 1065
f 1065 1023 1022
f 1065 1022 1062
f 1062 1022 1010
f 1009 959 1021
f 1021 959 949
f 1021 949 1026
f 1026 949 938
f 1026 938 1032
f 1032 938 934
f 1032 934 1034
f 1034 934 930
f 1034 930 1036
f 1036 930 927
f 1036 927 1037
f 1037 927 928
f 1037 928 1038
f 1038 928 932
f 1038 932 1035
f 1035 932 936
f 1035 936 1033
f 1033 936 952
f 1033 952 1025
f 1025 952 964
f 1025 964 1019
f 1019 964 968
f 1019 968 1017
f 1017 968 973
f 1017 973 1014
f 1014 973 974
f 1014 974 1015
f 1015 974 976
f 1015 976 1013
f 1013 976 980
f 1013 980 1012
f 1012 980 979
f 1012 979 1011
f 1011 979 970
f 1011 970 1016
f 1016 970 966
f 1016 966 1018
f 1018 966 962
f 1018 962 1020
f 1020 962 956
f 1020 956 1024
f 1024 956 946
f 1024 946 1028
f 1028 946 942
f 1028 942 1031
f 1031 942 941
f 1031 941 1030
f 1030 941 944
f 1030 944 1029
f 1029 944 950
f 1029 950 1027
f 1027 950 955
f 1027 955 1023
f 1023 955 960
f 1023 960 1022
f 1022 960 1010
f 1009 903 959
f 959 903 893
f 959 893 949
f 949 893 882
f 949 882 938
f 938 882 878
f 938 878 934
f 934 878 874
f 934 874 930
f 930 874 871
f 930 871 927
f 927 871 872
f 927 872 928
f 928 872 876
f 928 876 932
f 932 876 880
f 932 880 936
f 936 880 896
f 936 896 952
f 952 896 908
f 952 908 964
f 964 908 912
f 964 912 968
f 968 912 917
f 968 917 973
f 973 917 918
f 973 918 974
f 974 918 920
f 974 920 976
f 976 920 924
f 976 924 980
f 980 924 923
f 980 923 979
f 979 923 914
f 979 914 970
f 970 914 910
f 970 910 966
f 966 910 906
f 966 906 962
f 962 906 900
f 962 900 956
f 956 900 890
f 956 890 946
f 946 890 886
f 946 886 942
f 942 886 885
f 942 885 941
f 941 885 888
f 941 888 944
f 944 888 894
f 944 894 950
f 950 894 899
f 950 899 955
f 955 899 904
f 955 904 960
f 960 904 1010
f 1009 847 903
f 903 847 837
f 903 837 893
f 893 837 826
f 893 826 882
f 882 826 822
f 882 822 878
f 878 822 818
f 878 818 874
f 874 818 815
f 874 815 871
f 871 815 816
f 871 816 872
f 872 816 820
f 872 820 876
f 876 820 824
f 876 824 880
f 880 824 840
f 880 840 896
f 896 840 852
f 896 852 908
f 908 852 856
f 908 856 912
f 912 856 861
f 912 861 917
f 917 861 862
f 917 862 918
f 918 862 864
f 918 864 920
f 920 864 868
f 920 868 924
f 924 868 867
f 924 867 923
f 923 867 858
f 923 858 914
f 914 858 854
f 914 854 910
f 910 854 850
f 910 850 906
f 906 850 842
f 906 842 900
f 900 842 834
f 900 834 890
f 890 834 830
f 890 830 886
f 886 830 829
f 886 829 885
f 885 829 832
f 885 832 888
f 888 832 838
f 888 838 894
f 894 838 844
f 894 844 899
f 899 844 848
f 899 848 904
f 904 848 1010
f 1009 791 847
f 847 791 781
f 847 781 837
f 837 781 766
f 837 766 826
f 826 766 762
f 826 762 822
f 822 762 756
f 822 756 818
f 818 756 753
f 818 753 815
f 815 753 754
f 815 754 816
f 816 754 758
f 816 758 820
f 820 758 764
f 820 764 824
f 824 764 784
f 824 784 840
f 840 784 796
f 840 796 852
f 852 796 800
f 852 800 856
f 856 800 805
f 856 805 861
f 861 805 806
f 861 806 862
f 862 806 808
f 862 808 864
f 864 808 812
f 864 812 868
f 868 812 811
f 868 811 867
f 867 811 802
f 867 802 858
f 858 802 798
f 858 798 854
f 854 798 794
f 854 794 850
f 850 794 786
f 850 786 842
f 842 786 778
f 842 778 834
f 834 778 774
f 834 774 830
f 830 774 773
f 830 773 829
f 829 773 776
f 829 776 832
f 832 776 782
f 832 782 838
f 838 782 788
f 838 788 844
f 844 788 792
f 844 792 848
f 848 792 1010
f 1009 731 791
f 791 731 719
f 791 719 781
f 781 719 704
f 781 704 766
f 766 704 700
f 766 700 762
f 762 700 696
f 762 696 756
f 756 696 693
f 756 693 753
f 753 693 694
f 753 694 754
f 754 694 698
f 754 698 758
f 758 698 702
f 758 702 764
f 764 702 724
f 764 724 784
f 784 724 740
f 784 740 796
f 796 740 744
f 796 744 800
f 800 744 749
f 800 749 805
f 805 749 750
f 805 750 806
f 806 750 760
f 806 760 808
f 808 760 770
f 808 770 812
f 812 770 769
f 812 769 811
f 811 769 746
f 811 746 802
f 802 746 742
f 802 742 798
f 798 742 738
f 798 738 794
f 794 738 726
f 794 726 786
f 786 726 716
f 786 716 778
f 778 716 712
f 778 712 774
f 774 712 711
f 774 711 773
f 773 711 714
f 773 714 776
f 776 714 720
f 776 720 782
f 782 720 728
f 782 728 788
f 788 728 732
f 788 732 792
f 792 732 1010
f 1009 673 731
f 731 673 659
f 731 659 719
f 719 659 648
f 719 648 704
f 704 648 642
f 704 642 700
f 700 642 636
f 700 636 696
f 696 636 633
f 696 633 693
f 693 633 634
f 693 634 694
f 694 634 640
f 694 640 698
f 698 640 646
f 698 646 702
f 702 646 662
f 702 662 724
f 724 662 680
f 724 680 740
f 740 680 688
f 740 688 744
f 744 688 707
f 744 707 749
f 749 707 708
f 749 708 750
f 750 708 722
f 750 722 760
f 760 722 736
f 760 736 770
f 770 736 735
f 770 735 769
f 769 735 690
f 769 690 746
f 746 690 686
f 746 686 742
f 742 686 678
f 742 678 738
f 738 678 664
f 738 664 726
f 726 664 656
f 726 656 716
f 716 656 652
f 716 652 712
f 712 652 651
f 712 651 711
f 711 651 654
f 711 654 714
f 714 654 660
f 714 660 720
f 720 660 670
f 720 670 728
f 728 670 674
f 728 674 732
f 732 674 1010
f 1009 613 673
f 673 613 604
f 673 604 659
f 659 604 586
f 659 586 648
f 648 586 580
f 648 580 642
f 642 580 574
f 642 574 636
f 636 574 569
f 636 569 633
f 633 569 570
f 633 570 634
f 634 570 576
f 634 576 640
f 640 576 582
f 640 582 646
f 646 582 606
f 646 606 662
f 662 606 622
f 662 622 680
f 680 622 638
f 680 638 688
f 688 638 668
f 688 668 707
f 707 668 669
f 707 669 708
f 708 669 676
f 708 676 722
f 722 676 684
f 722 684 736
f 736 684 683
f 736 683 735
f 735 683 644
f 735 644 690
f 690 644 626
f 690 626 686
f 686 626 620
f 686 620 678
f 678 620 608
f 678 608 664
f 664 608 600
f 664 600 656
f 656 600 594
f 656 594 652
f 652 594 593
f 652 593 651
f 651 593 598
f 651 598 654
f 654 598 602
f 654 602 660
f 660 602 610
f 660 610 670
f 670 610 614
f 670 614 674
f 674 614 1010
f 1009 557 613
f 613 557 541
f 613 541 604
f 604 541 526
f 604 526 586
f 586 526 516
f 586 516 580
f 580 516 508
f 580 508 574
f 574 508 505
f 574 505 569
f 569 505 506
f 569 506 570
f 570 506 514
f 570 514 576
f 576 514 524
f 576 524 582
f 582 524 544
f 582 544 606
f 606 544 562
f 606 562 622
f 622 562 584
f 622 584 638
f 638 584 618
f 638 618 668
f 668 618 619
f 668 619 669
f 669 619 624
f 669 624 676
f 676 624 630
f 676 630 684
f 684 630 629
f 684 629 683
f 683 629 596
f 683 596 644
f 644 596 572
f 644 572 626
f 626 572 560
f 626 560 620
f 620 560 548
f 620 548 608
f 608 548 536
f 608 536 600
f 600 536 530
f 600 530 594
f 594 530 529
f 594 529 593
f 593 529 532
f 593 532 598
f 598 532 542
f 598 542 602
f 602 542 550
f 602 550 610
f 610 550 558
f 610 558 614
f 614 558 1010
f 1009 495 557
f 557 495 477
f 557 477 541
f 541 477 460
f 541 460 526
f 526 460 452
f 526 452 516
f 516 452 444
f 516 444 508
f 508 444 437
f 508 437 505
f 505 437 438
f 505 438 506
f 506 438 448
f 506 448 514
f 514 448 458
f 514 458 524
f 524 458 484
f 524 484 544
f 544 484 502
f 544 502 562
f 562 502 538
f 562 538 584
f 584 538 565
f 584 565 618
f 618 565 566
f 618 566 619
f 619 566 578
f 619 578 624
f 624 578 590
f 624 590 630
f 630 590 589
f 630 589 629
f 629 589 546
f 629 546 596
f 596 546 518
f 596 518 572
f 572 518 500
f 572 500 560
f 560 500 486
f 560 486 548
f 548 486 474
f 548 474 536
f 536 474 466
f 536 466 530
f 530 466 465
f 530 465 529
f 529 465 468
f 529 468 532
f 532 468 478
f 532 478 542
f 542 478 488
f 542 488 550
f 550 488 496
f 550 496 558
f 558 496 1010
f 1009 427 495
f 495 427 415
f 495 415 477
f 477 415 392
f 477 392 460
f 460 392 376
f 460 376 452
f 452 376 368
f 452 368 444
f 444 368 365
f 444 365 437
f 437 365 366
f 437 366 438
f 438 366 370
f 438 370 448
f 448 370 388
f 448 388 458
f 458 388 420
f 458 420 484
f 484 420 454
f 484 454 502
f 502 454 490
f 502 490 538
f 538 490 521
f 538 521 565
f 565 521 522
f 565 522 566
f 566 522 534
f 566 534 578
f 578 534 554
f 578 554 590
f 590 554 553
f 590 553 589
f 589 553 498
f 589 498 546
f 546 498 462
f 546 462 518
f 518 462 446
f 518 446 500
f 500 446 422
f 500 422 486
f 486 422 410
f 486 410 474
f 474 410 402
f 474 402 466
f 466 402 401
f 466 401 465
f 465 401 404
f 465 404 468
f 468 404 416
f 468 416 478
f 478 416 424
f 478 424 488
f 488 424 428
f 488 428 496
f 496 428 1010
f 1009 373 427
f 427 373 337
f 427 337 415
f 415 337 314
f 415 314 392
f 392 314 293
f 392 293 376
f 376 293 283
f 376 283 368
f 368 283 276
f 368 276 365
f 365 276 277
f 365 277 366
f 366 277 291
f 366 291 370
f 370 291 310
f 370 310 388
f 388 310 346
f 388 346 420
f 420 346 390
f 420 390 454
f 454 390 434
f 454 434 490
f 490 434 481
f 490 481 521
f 521 481 482
f 521 482 522
f 522 482 492
f 522 492 534
f 534 492 513
f 534 513 554
f 554 513 512
f 554 512 553
f 553 512 450
f 553 450 498
f 498 450 412
f 498 412 462
f 462 412 384
f 462 384 446
f 446 384 350
f 446 350 422
f 422 350 332
f 422 332 410
f 410 332 326
f 410 326 402
f 402 326 325
f 402 325 401
f 401 325 330
f 401 330 404
f 404 330 338
f 404 338 416
f 416 338 358
f 416 358 424
f 424 358 374
f 424 374 428
f 428 374 1010
f 1009 304 373
f 373 304 269
f 373 269 337
f 337 269 247
f 337 247 314
f 314 247 229
f 314 229 293
f 293 229 214
f 293 214 283
f 283 214 205
f 283 205 276
f 276 205 206
f 276 206 277
f 277 206 220
f 277 220 291
f 291 220 239
f 291 239 310
f 310 239 271
f 310 271 346
f 346 271 322
f 346 322 390
f 390 322 386
f 390 386 434
f 434 386 432
f 434 432 481
f 481 432 433
f 481 433 482
f 482 433 456
f 482 456 492
f 492 456 473
f 492 473 513
f 513 473 472
f 513 472 512
f 512 472 398
f 512 398 450
f 450 398 352
f 450 352 412
f 412 352 312
f 412 312 384
f 384 312 285
f 384 285 350
f 350 285 263
f 350 263 332
f 332 263 257
f 332 257 326
f 326 257 256
f 326 256 325
f 325 256 259
f 325 259 330
f 330 259 267
f 330 267 338
f 338 267 287
f 338 287 358
f 358 287 305
f 358 305 374
f 374 305 1010
f 1009 244 304
f 304 244 217
f 304 217 269
f 269 217 187
f 269 187 247
f 247 187 168
f 247 168 229
f 229 168 150
f 229 150 214
f 214 150 145
f 214 145 205
f 205 145 146
f 205 146 206
f 206 146 156
f 206 156 220
f 220 156 183
f 220 183 239
f 239 183 224
f 239 224 271
f 271 224 265
f 271 265 322
f 322 265 328
f 322 328 386
f 386 328 395
f 386 395 432
f 432 395 396
f 432 396 433
f 433 396 418
f 433 418 456
f 456 418 442
f 456 442 473
f 473 442 441
f 473 441 472
f 472 441 345
f 472 345 398
f 398 345 299
f 398 299 352
f 352 299 253
f 352 253 312
f 312 253 233
f 312 233 285
f 285 233 208
f 285 208 263
f 263 208 199
f 263 199 257
f 257 199 198
f 257 198 256
f 256 198 201
f 256 201 259
f 259 201 218
f 259 218 267
f 267 218 237
f 267 237 287
f 287 237 245
f 287 245 305
f 305 245 1010
f 1009 194 244
f 244 194 171
f 244 171 217
f 217 171 135
f 217 135 187
f 187 135 108
f 187 108 168
f 168 108 94
f 168 94 150
f 150 94 81
f 150 81 145
f 145 81 82
f 145 82 146
f 146 82 96
f 146 96 156
f 156 96 125
f 156 125 183
f 183 125 174
f 183 174 224
f 224 174 227
f 224 227 265
f 265 227 289
f 265 289 328
f 328 289 356
f 328 356 395
f 395 356 357
f 395 357 396
f 396 357 378
f 396 378 418
f 418 378 408
f 418 408 442
f 442 408 407
f 442 407 441
f 441 407 301
f 441 301 345
f 345 301 251
f 345 251 299
f 299 251 210
f 299 210 253
f 253 210 182
f 253 182 233
f 233 182 160
f 233 160 208
f 208 160 154
f 208 154 199
f 199 154 153
f 199 153 198
f 198 153 158
f 198 158 201
f 201 158 172
f 201 172 218
f 218 172 185
f 218 185 237
f 237 185 195
f 237 195 245
f 245 195 1010
f 1009 163 194
f 194 163 122
f 194 122 171
f 171 122 86
f 171 86 135
f 135 86 55
f 135 55 108
f 108 55 37
f 108 37 94
f 94 37 34
f 94 34 81
f 81 34 35
f 81 35 82
f 82 35 43
f 82 43 96
f 96 43 74
f 96 74 125
f 125 74 129
f 125 129 174
f 174 129 189
f 174 189 227
f 227 189 249
f 227 249 289
f 289 249 317
f 289 317 356
f 356 317 318
f 356 318 357
f 357 318 348
f 357 348 378
f 378 348 382
f 378 382 408
f 408 382 381
f 408 381 407
f 407 381 262
f 407 262 301
f 301 262 222
f 301 222 251
f 251 222 177
f 251 177 210
f 210 177 138
f 210 138 182
f 182 138 118
f 182 118 160
f 160 118 104
f 160 104 154
f 154 104 103
f 154 103 153
f 153 103 116
f 153 116 158
f 158 116 123
f 158 123 172
f 172 123 140
f 172 140 185
f 185 140 164
f 185 164 195
f 195 164 1010
f 1009 132 163
f 163 132 92
f 163 92 122
f 122 92 50
f 122 50 86
f 86 50 28
f 86 28 55
f 55 28 21
f 55 21 37
f 37 21 16
f 37 16 34
f 34 16 17
f 34 17 35
f 35 17 23
f 35 23 43
f 43 23 39
f 43 39 74
f 74 39 98
f 74 98 129
f 129 98 166
f 129 166 189
f 189 166 231
f 189 231 249
f 249 231 296
f 249 296 317
f 317 296 297
f 317 297 318
f 318 297 320
f 318 320 348
f 348 320 362
f 348 362 382
f 382 362 361
f 382 361 381
f 381 361 241
f 381 241 262
f 262 241 191
f 262 191 222
f 222 191 148
f 222 148 177
f 177 148 107
f 177 107 138
f 138 107 77
f 138 77 118
f 118 77 68
f 118 68 104
f 104 68 67
f 104 67 103
f 103 67 72
f 103 72 116
f 116 72 93
f 116 93 123
f 123 93 110
f 123 110 140
f 140 110 133
f 140 133 164
f 164 133 1010
f 1009 113 132
f 132 113 63
f 132 63 92
f 92 63 31
f 92 31 50
f 50 31 19
f 50 19 28
f 28 19 10
f 28 10 21
f 21 10 6
f 21 6 16
f 16 6 7
f 16 7 17
f 17 7 12
f 17 12 23
f 23 12 26
f 23 26 39
f 39 26 70
f 39 70 98
f 98 70 142
f 98 142 166
f 166 142 212
f 166 212 231
f 231 212 280
f 231 280 296
f 296 280 281
f 296 281 297
f 297 281 308
f 297 308 320
f 320 308 342
f 320 342 362
f 362 342 341
f 362 341 361
f 361 341 235
f 361 235 241
f 241 235 179
f 241 179 191
f 191 179 127
f 191 127 148
f 148 127 84
f 148 84 107
f 107 84 57
f 107 57 77
f 77 57 48
f 77 48 68
f 68 48 47
f 68 47 67
f 67 47 53
f 67 53 72
f 72 53 64
f 72 64 93
f 93 64 88
f 93 88 110
f 110 88 114
f 110 114 133
f 133 114 1010
f 1009 99 113
f 113 99 59
f 113 59 63
f 63 59 29
f 63 29 31
f 31 29 13
f 31 13 19
f 19 13 3
f 19 3 10
f 10 3 1
f 10 1 6
f 6 1 2
f 6 2 7
f 7 2 8
f 7 8 12
f 12 8 24
f 12 24 26
f 26 24 62
f 26 62 70
f 70 62 136
f 70 136 142
f 142 136 202
f 142 202 212
f 212 202 272
f 212 272 280
f 280 272 273
f 280 273 281
f 281 273 306
f 281 306 308
f 308 306 334
f 308 334 342
f 342 334 333
f 342 333 341
f 341 333 225
f 341 225 235
f 235 225 175
f 235 175 179
f 179 175 119
f 179 119 127
f 127 119 75
f 127 75 84
f 84 75 51
f 84 51 57
f 57 51 42
f 57 42 48
f 48 42 41
f 48 41 47
f 47 41 44
f 47 44 53
f 53 44 58
f 53 58 64
f 64 58 78
f 64 78 88
f 88 78 100
f 88 100 114
f 114 100 1010
f 1009 111 99
f 99 111 60
f 99 60 59
f 59 60 30
f 59 30 29
f 29 30 18
f 29 18 13
f 13 18 9
f 13 9 3
f 3 9 4
f 3 4 1
f 1 4 5
f 1 5 2
f 2 5 11
f 2 11 8
f 8 11 25
f 8 25 24
f 24 25 69
f 24 69 62
f 62 69 141
f 62 141 136
f 136 141 211
f 136 211 202
f 202 211 278
f 202 278 272
f 272 278 279
f 272 279 273
f 273 279 307
f 273 307 306
f 306 307 340
f 306 340 334
f 334 340 339
f 334 339 333
f 333 339 234
f 333 234 225
f 225 234 178
f 225 178 175
f 175 178 126
f 175 126 119
f 119 126 83
f 119 83 75
f 75 83 56
f 75 56 51
f 51 56 46
f 51 46 42
f 42 46 45
f 42 45 41
f 41 45 52
f 41 52 44
f 44 52 61
f 44 61 58
f 58 61 87
f 58 87 78
f 78 87 112
f 78 112 100
f 100 112 1010
f 1009 130 111
f 111 130 90
f 111 90 60
f 60 90 49
f 60 49 30
f 30 49 27
f 30 27 18
f 18 27 20
f 18 20 9
f 9 20 14
f 9 14 4
f 4 14 15
f 4 15 5
f 5 15 22
f 5 22 11
f 11 22 38
f 11 38 25
f 25 38 97
f 25 97 69
f 69 97 165
f 69 165 141
f 141 165 230
f 141 230 211
f 211 230 294
f 211 294 278
f 278 294 295
f 278 295 279
f 279 295 319
f 279 319 307
f 307 319 360
f 307 360 340
f 340 360 359
f 340 359 339
f 339 359 240
f 339 240 234
f 234 240 190
f 234 190 178
f 178 190 147
f 178 147 126
f 126 147 106
f 126 106 83
f 83 106 76
f 83 76 56
f 56 76 66
f 56 66 46
f 46 66 65
f 46 65 45
f 45 65 71
f 45 71 52
f 52 71 91
f 52 91 61
f 61 91 109
f 61 109 87
f 87 109 131
f 87 131 112
f 112 131 1010
f 1009 161 130
f 130 161 120
f 130 120 90
f 90 120 85
f 90 85 49
f 49 85 54
f 49 54 27
f 27 54 36
f 27 36 20
f 20 36 32
f 20 32 14
f 14 32 33
f 14 33 15
f 15 33 40
f 15 40 22
f 22 40 73
f 22 73 38
f 38 73 128
f 38 128 97
f 97 128 188
f 97 188 165
f 165 188 248
f 165 248 230
f 230 248 315
f 230 315 294
f 294 315 316
f 294 316 295
f 295 316 347
f 295 347 319
f 319 347 380
f 319 380 360
f 360 380 379
f 360 379 359
f 359 379 261
f 359 261 240
f 240 261 221
f 240 221 190
f 190 221 176
f 190 176 147
f 147 176 137
f 147 137 106
f 106 137 117
f 106 117 76
f 76 117 102
f 76 102 66
f 66 102 101
f 66 101 65
f 65 101 115
f 65 115 71
f 71 115 121
f 71 121 91
f 91 121 139
f 91 139 109
f 109 139 162
f 109 162 131
f 131 162 1010
f 1009 192 161
f 161 192 169
f 161 169 120
f 120 169 134
f 120 134 85
f 85 134 105
f 85 105 54
f 54 105 89
f 54 89 36
f 36 89 79
f 36 79 32
f 32 79 80
f 32 80 33
f 33 80 95
f 33 95 40
f 40 95 124
f 40 124 73
f 73 124 173
f 73 173 128
f 128 173 226
f 128 226 188
f 188 226 288
f 188 288 248
f 248 288 354
f 248 354 315
f 315 354 355
f 315 355 316
f 316 355 377
f 316 377 347
f 347 377 406
f 347 406 380
f 380 406 405
f 380 405 379
f 379 405 300
f 379 300 261
f 261 300 250
f 261 250 221
f 221 250 209
f 221 209 176
f 176 209 181
f 176 181 137
f 137 181 159
f 137 159 117
f 117 159 152
f 117 152 102
f 102 152 151
f 102 151 101
f 101 151 157
f 101 157 115
f 115 157 170
f 115 170 121
f 121 170 184
f 121 184 139
f 139 184 193
f 139 193 162
f 162 193 1010
f 1009 242 192
f 192 242 215
f 192 215 169
f 169 215 186
f 169 186 134
f 134 186 167
f 134 167 105
f 105 167 149
f 105 149 89
f 89 149 143
f 89 143 79
f 79 143 144
f 79 144 80
f 80 144 155
f 80 155 95
f 95 155 180
f 95 180 124
f 124 180 223
f 124 223 173
f 173 223 264
f 173 264 226
f 226 264 327
f 226 327 288
f 288 327 393
f 288 393 354
f 354 393 394
f 354 394 355
f 355 394 417
f 355 417 377
f 377 417 440
f 377 440 406
f 406 440 439
f 406 439 405
f 405 439 344
f 405 344 300
f 300 344 298
f 300 298 250
f 250 298 252
f 250 252 209
f 209 252 232
f 209 232 181
f 181 232 207
f 181 207 159
f 159 207 197
f 159 197 152
f 152 197 196
f 152 196 151
f 151 196 200
f 151 200 157
f 157 200 216
f 157 216 170
f 170 216 236
f 170 236 184
f 184 236 243
f 184 243 193
f 193 243 1010
f 1009 302 242
f 242 302 268
f 242 268 215
f 215 268 246
f 215 246 186
f 186 246 228
f 186 228 167
f 167 228 213
f 167 213 149
f 149 213 203
f 149 203 143
f 143 203 204
f 143 204 144
f 144 204 219
f 144 219 155
f 155 219 238
f 155 238 180
f 180 238 270
f 180 270 223
f 223 270 321
f 223 321 264
f 264 321 385
f 264 385 327
f 327 385 430
f 327 430 393
f 393 430 431
f 393 431 394
f 394 431 455
f 394 455 417
f 417 455 471
f 417 471 440
f 440 471 470
f 440 470 439
f 439 470 397
f 439 397 344
f 344 397 351
f 344 351 298
f 298 351 311
f 298 311 252
f 252 311 284
f 252 284 232
f 232 284 260
f 232 260 207
f 207 260 255
f 207 255 197
f 197 255 254
f 197 254 196
f 196 254 258
f 196 258 200
f 200 258 266
f 200 266 216
f 216 266 286
f 216 286 236
f 236 286 303
f 236 303 243
f 243 303 1010
f 1009 371 302
f 302 371 336
f 302 336 268
f 268 336 313
f 268 313 246
f 246 313 292
f 246 292 228
f 228 292 282
f 228 282 213
f 213 282 274
f 213 274 203
f 203 274 275
f 203 275 204
f 204 275 290
f 204 290 219
f 219 290 309
f 219 309 238
f 238 309 343
f 238 343 270
f 270 343 389
f 270 389 321
f 321 389 429
f 321 429 385
f 385 429 479
f 385 479 430
f 430 479 480
f 430 480 431
f 431 480 491
f 431 491 455
f 455 491 511
f 455 511 471
f 471 511 510
f 471 510 470
f 470 510 449
f 470 449 397
f 397 449 411
f 397 411 351
f 351 411 383
f 351 383 311
f 311 383 349
f 311 349 284
f 284 349 331
f 284 331 260
f 260 331 324
f 260 324 255
f 255 324 323
f 255 323 254
f 254 323 329
f 254 329 258
f 258 329 335
f 258 335 266
f 266 335 353
f 266 353 286
f 286 353 372
f 286 372 303
f 303 372 1010
f 1009 425 371
f 371 425 413
f 371 413 336
f 336 413 391
f 336 391 313
f 313 391 375
f 313 375 292
f 292 375 367
f 292 367 282
f 282 367 363
f 282 363 274
f 274 363 364
f 274 364 275
f 275 364 369
f 275 369 290
f 290 369 387
f 290 387 309
f 309 387 419
f 309 419 343
f 343 419 453
f 343 453 389
f 389 453 489
f 389 489 429
f 429 489 519
f 429 519 479
f 479 519 520
f 479 520 480
f 480 520 533
f 480 533 491
f 491 533 552
f 491 552 511
f 511 552 551
f 511 551 510
f 510 551 497
f 510 497 449
f 449 497 461
f 449 461 411
f 411 461 445
f 411 445 383
f 383 445 421
f 383 421 349
f 349 421 409
f 349 409 331
f 331 409 400
f 331 400 324
f 324 400 399
f 324 399 323
f 323 399 403
f 323 403 329
f 329 403 414
f 329 414 335
f 335 414 423
f 335 423 353
f 353 423 426
f 353 426 372
f 372 426 1010
f 1009 493 425
f 425 493 475
f 425 475 413
f 413 475 459
f 413 459 391
f 391 459 451
f 391 451 375
f 375 451 443
f 375 443 367
f 367 443 435
f 367 435 363
f 363 435 436
f 363 436 364
f 364 436 447
f 364 447 369
f 369 447 457
f 369 457 387
f 387 457 483
f 387 483 419
f 419 483 501
f 419 501 453
f 453 501 537
f 453 537 489
f 489 537 563
f 489 563 519
f 519 563 564
f 519 564 520
f 520 564 577
f 520 577 533
f 533 577 588
f 533 588 552
f 552 588 587
f 552 587 551
f 551 587 545
f 551 545 497
f 497 545 517
f 497 517 461
f 461 517 499
f 461 499 445
f 445 499 485
f 445 485 421
f 421 485 469
f 421 469 409
f 409 469 464
f 409 464 400
f 400 464 463
f 400 463 399
f 399 463 467
f 399 467 403
f 403 467 476
f 403 476 414
f 414 476 487
f 414 487 423
f 423 487 494
f 423 494 426
f 426 494 1010
f 1009 555 493
f 493 555 539
f 493 539 475
f 475 539 525
f 475 525 459
f 459 525 515
f 459 515 451
f 451 515 507
f 451 507 443
f 443 507 503
f 443 503 435
f 435 503 504
f 435 504 436
f 436 504 509
f 436 509 447
f 447 509 523
f 447 523 457
f 457 523 543
f 457 543 483
f 483 543 561
f 483 561 501
f 501 561 583
f 501 583 537
f 537 583 616
f 537 616 563
f 563 616 617
f 563 617 564
f 564 617 623
f 564 623 577
f 577 623 628
f 577 628 588
f 588 628 627
f 588 627 587
f 587 627 595
f 587 595 545
f 545 595 571
f 545 571 517
f 517 571 559
f 517 559 499
f 499 559 547
f 499 547 485
f 485 547 535
f 485 535 469
f 469 535 528
f 469 528 464
f 464 528 527
f 464 527 463
f 463 527 531
f 463 531 467
f 467 531 540
f 467 540 476
f 476 540 549
f 476 549 487
f 487 549 556
f 487 556 494
f 494 556 1010
f 1009 611 555
f 555 611 603
f 555 603 539
f 539 603 585
f 539 585 525
f 525 585 579
f 525 579 515
f 515 579 573
f 515 573 507
f 507 573 567
f 507 567 503
f 503 567 568
f 503 568 504
f 504 568 575
f 504 575 509
f 509 575 581
f 509 581 523
f 523 581 605
f 523 605 543
f 543 605 621
f 543 621 561
f 561 621 637
f 561 637 583
f 583 637 666
f 583 666 616
f 616 666 667
f 616 667 617
f 617 667 675
f 617 675 623
f 623 675 682
f 623 682 628
f 628 682 681
f 628 681 627
f 627 681 643
f 627 643 595
f 595 643 625
f 595 625 571
f 571 625 615
f 571 615 559
f 559 615 607
f 559 607 547
f 547 607 599
f 547 599 535
f 535 599 592
f 535 592 528
f 528 592 591
f 528 591 527
f 527 591 597
f 527 597 531
f 531 597 601
f 531 601 540
f 540 601 609
f 540 609 549
f 549 609 612
f 549 612 556
f 556 612 1010
f 1009 671 611
f 611 671 658
f 611 658 603
f 603 658 647
f 603 647 585
f 585 647 641
f 585 641 579
f 579 641 635
f 579 635 573
f 573 635 631
f 573 631 567
f 567 631 632
f 567 632 568
f 568 632 639
f 568 639 575
f 575 639 645
f 575 645 581
f 581 645 661
f 581 661 605
f 605 661 679
f 605 679 621
f 621 679 687
f 621 687 637
f 637 687 705
f 637 705 666
f 666 705 706
f 666 706 667
f 667 706 721
f 667 721 675
f 675 721 734
f 675 734 682
f 682 734 733
f 682 733 681
f 681 733 689
f 681 689 643
f 643 689 685
f 643 685 625
f 625 685 677
f 625 677 615
f 615 677 663
f 615 663 607
f 607 663 655
f 607 655 599
f 599 655 650
f 599 650 592
f 592 650 649
f 592 649 591
f 591 649 653
f 591 653 597
f 597 653 657
f 597 657 601
f 601 657 665
f 601 665 609
f 609 665 672
f 609 672 612
f 612 672 1010
f 1009 729 671
f 671 729 717
f 671 717 658
f 658 717 703
f 658 703 647
f 647 703 699
f 647 699 641
f 641 699 695
f 641 695 635
f 635 695 691
f 635 691 631
f 631 691 692
f 631 692 632
f 632 692 697
f 632 697 639
f 639 697 701
f 639 701 645
f 645 701 723
f 645 723 661
f 661 723 739
f 661 739 679
f 679 739 743
f 679 743 687
f 687 743 747
f 687 747 705
f 705 747 748
f 705 748 706
f 706 748 759
f 706 759 721
f 721 759 768
f 721 768 734
f 734 768 767
f 734 767 733
f 733 767 745
f 733 745 689
f 689 745 741
f 689 741 685
f 685 741 737
f 685 737 677
f 677 737 725
f 677 725 663
f 663 725 715
f 663 715 655
f 655 715 710
f 655 710 650
f 650 710 709
f 650 709 649
f 649 709 713
f 649 713 653
f 653 713 718
f 653 718 657
f 657 718 727
f 657 727 665
f 665 727 730
f 665 730 672
f 672 730 1010
f 1009 789 729
f 729 789 779
f 729 779 717
f 717 779 765
f 717 765 703
f 703 765 761
f 703 761 699
f 699 761 755
f 699 755 695
f 695 755 751
f 695 751 691
f 691 751 752
f 691 752 692
f 692 752 757
f 692 757 697
f 697 757 763
f 697 763 701
f 701 763 783
f 701 783 723
f 723 783 795
f 723 795 739
f 739 795 799
f 739 799 743
f 743 799 803
f 743 803 747
f 747 803 804
f 747 804 748
f 748 804 807
f 748 807 759
f 759 807 810
f 759 810 768
f 768 810 809
f 768 809 767
f 767 809 801
f 767 801 745
f 745 801 797
f 745 797 741
f 741 797 793
f 741 793 737
f 737 793 785
f 737 785 725
f 725 785 777
f 725 777 715
f 715 777 772
f 715 772 710
f 710 772 771
f 710 771 709
f 709 771 775
f 709 775 713
f 713 775 780
f 713 780 718
f 718 780 787
f 718 787 727
f 727 787 790
f 727 790 730
f 730 790 1010
f 1009 845 789
f 789 845 835
f 789 835 779
f 779 835 825
f 779 825 765
f 765 825 821
f 765 821 761
f 761 821 817
f 761 817 755
f 755 817 813
f 755 813 751
f 751 813 814
f 751 814 752
f 752 814 819
f 752 819 757
f 757 819 823
f 757 823 763
f 763 823 839
f 763 839 783
f 783 839 851
f 783 851 795
f 795 851 855
f 795 855 799
f 799 855 859
f 799 859 803
f 803 859 860
f 803 860 804
f 804 860 863
f 804 863 807
f 807 863 866
f 807 866 810
f 810 866 865
f 810 865 809
f 809 865 857
f 809 857 801
f 801 857 853
f 801 853 797
f 797 853 849
f 797 849 793
f 793 849 841
f 793 841 785
f 785 841 833
f 785 833 777
f 777 833 828
f 777 828 772
f 772 828 827
f 772 827 771
f 771 827 831
f 771 831 775
f 775 831 836
f 775 836 780
f 780 836 843
f 780 843 787
f 787 843 846
f 787 846 790
f 790 846 1010
f 1009 901 845
f 845 901 891
f 845 891 835
f 835 891 881
f 835 881 825
f 825 881 877
f 825 877 821
f 821 877 873
f 821 873 817
f 817 873 869
f 817 869 813
f 813 869 870
f 813 870 814
f 814 870 875
f 814 875 819
f 819 875 879
f 819 879 823
f 823 879 895
f 823 895 839
f 839 895 907
f 839 907 851
f 851 907 911
f 851 911 855
f 855 911 915
f 855 915 859
f 859 915 916
f 859 916 860
f 860 916 919
f 860 919 863
f 863 919 922
f 863 922 866
f 866 922 921
f 866 921 865
f 865 921 913
f 865 913 857
f 857 913 909
f 857 909 853
f 853 909 905
f 853 905 849
f 849 905 897
f 849 897 841
f 841 897 889
f 841 889 833
f 833 889 884
f 833 884 828
f 828 884 883
f 828 883 827
f 827 883 887
f 827 887 831
f 831 887 892
f 831 892 836
f 836 892 898
f 836 898 843
f 843 898 902
f 843 902 846
f 846 902 1010
f 1009 957 901
f 901 957 947
f 901 947 891
f 891 947 937
f 891 937 881
f 881 937 933
f 881 933 877
f 877 933 929
f 877 929 873
f 873 929 925
f 873 925 869
f 869 925 926
f 869 926 870
f 870 926 931
f 870 931 875
f 875 931 935
f 875 935 879
f 879 935 951
f 879 951 895
f 895 951 963
f 895 963 907
f 907 963 967
f 907 967 911
f 911 967 971
f 911 971 915
f 915 971 972
f 915 972 916
f 916 972 975
f 916 975 919
f 919 975 978
f 919 978 922
f 922 978 977
f 922 977 921
f 921 977 969
f 921 969 913
f 913 969 965
f 913 965 909
f 909 965 961
f 909 961 905
f 905 961 953
f 905 953 897
f 897 953 945
f 897 945 889
f 889 945 940
f 889 940 884
f 884 940 939
f 884 939 883
f 883 939 943
f 883 943 887
f 887 943 948
f 887 948 892
f 892 948 954
f 892 954 898
f 898 954 958
f 898 958 902
f 902 958 1010
f 1009 997 957
f 957 997 993
f 957 993 947
f 947 993 987
f 947 987 937
f 937 987 985
f 937 985 933
f 933 985 983
f 933 983 929
f 929 983 981
f 929 981 925
f 925 981 982
f 925 982 926
f 926 982 984
f 926 984 931
f 931 984 986
f 931 986 935
f 935 986 994
f 935 994 951
f 951 994 1000
f 951 1000 963
f 963 1000 1002
f 963 1002 967
f 967 1002 1004
f 967 1004 971
f 971 1004 1005
f 971 1005 972
f 972 1005 1006
f 972 1006 975
f 975 1006 1008
f 975 1008 978
f 978 1008 1007
f 978 1007 977
f 977 1007 1003
f 977 1003 969
f 969 1003 1001
f 969 1001 965
f 965 1001 999
f 965 999 961
f 961 999 995
f 961 995 953
f 953 995 991
f 953 991 945
f 945 991 989
f 945 989 940
f 940 989 988
f 940 988 939
f 939 988 990
f 939 990 943
f 943 990 992
f 943 992 948
f 948 992 996
f 948 996 954
f 954 996 998
f 954 998 958
f 958 998 1010
f 1009 1059 997
f 997 1059 1069
f 997 1069 993
f 993 1069 1081
f 993 1081 987
f 987 1081 1085
f 987 1085 985
f 985 1085 1089
f 985 1089 983
f 983 1089 1091
f 983 1091 981
f 981 1091 1092
f 981 1092 982
f 982 1092 1087
f 982 1087 984
f 984 1087 1083
f 984 1083 986
f 986 1083 1067
f 986 1067 994
f 994 1067 1055
f 994 1055 1000
f 1000 1055 1051
f 1000 1051 1002
f 1002 1051 1045
f 1002 1045 1004
f 1004 1045 1046
f 1004 1046 1005
f 1005 1046 1043
f 1005 1043 1006
f 1006 1043 1040
f 1006 1040 1008
f 1008 1040 1039
f 1008 1039 1007
f 1007 1039 1049
f 1007 1049 1003
f 1003 1049 1053
f 1003 1053 1001
f 1001 1053 1057
f 1001 1057 999
f 999 1057 1063
f 999 1063 995
f 995 1063 1073
f 995 1073 991
f 991 1073 1078
f 991 1078 989
f 989 1078 1077
f 989 1077 988
f 988 1077 1075
f 988 1075 990
f 990 1075 1070
f 990 1070 992
f 992 1070 1064
f 992 1064 996
f 996 1064 1060
f 996 1060 998
f 998 1060 1010
f 1009 1115 1059
f 1059 1115 1125
f 1059 1125 1069
f 1069 1125 1137
f 1069 1137 1081
f 1081 1137 1141
f 1081 1141 1085
f 1085 1141 1145
f 1085 1145 1089
f 1089 1145 1147
f 1089 1147 1091
f 1091 1147 1148
f 1091 1148 1092
f 1092 1148 1143
f 1092 1143 1087
f 1087 1143 1139
f 1087 1139 1083
f 1083 1139 1123
f 1083 1123 1067
f 1067 1123 1111
f 1067 1111 1055
f 1055 1111 1107
f 1055 1107 1051
f 1051 1107 1101
f 1051 1101 1045
f 1045 1101 1102
f 1045 1102 1046
f 1046 1102 1099
f 1046 1099 1043
f 1043 1099 1096
f 1043 1096 1040
f 1040 1096 1095
f 1040 1095 1039
f 1039 1095 1105
f 1039 1105 1049
f 1049 1105 1109
f 1049 1109 1053
f 1053 1109 1113
f 1053 1113 1057
f 1057 1113 1119
f 1057 1119 1063
f 1063 1119 1129
f 1063 1129 1073
f 1073 1129 1134
f 1073 1134 1078
f 1078 1134 1133
f 1078 1133 1077
f 1077 1133 1131
f 1077 1131 1075
f 1075 1131 1126
f 1075 1126 1070
f 1070 1126 1120
f 1070 1120 1064
f 1064 1120 1116
f 1064 1116 1060
f 1060 1116 1010
f 1009 1171 1115
f 1115 1171 1181
f 1115 1181 1125
f 1125 1181 1193
f 1125 1193 1137
f 1137 1193 1197
f 1137 1197 1141
f 1141 1197 1201
f 1141 1201 1145
f 1145 1201 1203
f 1145 1203 1147
f 1147 1203 1204
f 1147 1204 1148
f 1148 1204 1199
f 1148 1199 1143
f 1143 1199 1195
f 1143 1195 1139
f 1139 1195 1179
f 1139 1179 1123
f 1123 1179 1167
f 1123 1167 1111
f 1111 1167 1163
f 1111 1163 1107
f 1107 1163 1157
f 1107 1157 1101
f 1101 1157 1158
f 1101 1158 1102
f 1102 1158 1155
f 1102 1155 1099
f 1099 1155 1152
f 1099 1152 1096
f 1096 1152 1151
f 1096 1151 1095
f 1095 1151 1161
f 1095 1161 1105
f 1105 1161 1165
f 1105 1165 1109
f 1109 1165 1169
f 1109 1169 1113
f 1113 1169 1177
f 1113 1177 1119
f 1119 1177 1185
f 1119 1185 1129
f 1129 1185 1190
f 1129 1190 1134
f 1134 1190 1189
f 1134 1189 1133
f 1133 1189 1187
f 1133 1187 1131
f 1131 1187 1182
f 1131 1182 1126
f 1126 1182 1175
f 1126 1175 1120
f 1120 1175 1172
f 1120 1172 1116
f 1116 1172 1010
f 1009 1227 1171
f 1171 1227 1237
f 1171 1237 1181
f 1181 1237 1253
f 1181 1253 1193
f 1193 1253 1257
f 1193 1257 1197
f 1197 1257 1263
f 1197 1263 1201
f 1201 1263 1265
f 1201 1265 1203
f 1203 1265 1266
f 1203 1266 1204
f 1204 1266 1261
f 1204 1261 1199
f 1199 1261 1255
f 1199 1255 1195
f 1195 1255 1235
f 1195 1235 1179
f 1179 1235 1223
f 1179 1223 1167
f 1167 1223 1219
f 1167 1219 1163
f 1163 1219 1213
f 1163 1213 1157
f 1157 1213 1214
f 1157 1214 1158
f 1158 1214 1211
f 1158 1211 1155
f 1155 1211 1208
f 1155 1208 1152
f 1152 1208 1207
f 1152 1207 1151
f 1151 1207 1217
f 1151 1217 1161
f 1161 1217 1221
f 1161 1221 1165
f 1165 1221 1225
f 1165 1225 1169
f 1169 1225 1233
f 1169 1233 1177
f 1177 1233 1241
f 1177 1241 1185
f 1185 1241 1246
f 1185 1246 1190
f 1190 1246 1245
f 1190 1245 1189
f 1189 1245 1243
f 1189 1243 1187
f 1187 1243 1238
f 1187 1238 1182
f 1182 1238 1231
f 1182 1231 1175
f 1175 1231 1228
f 1175 1228 1172
f 1172 1228 1010
f 1009 1287 1227
f 1227 1287 1299
f 1227 1299 1237
f 1237 1299 1315
f 1237 1315 1253
f 1253 1315 1319
f 1253 1319 1257
f 1257 1319 1323
f 1257 1323 1263
f 1263 1323 1325
f 1263 1325 1265
f 1265 1325 1326
f 1265 1326 1266
f 1266 1326 1321
f 1266 1321 1261
f 1261 1321 1317
f 1261 1317 1255
f 1255 1317 1295
f 1255 1295 1235
f 1235 1295 1279
f 1235 1279 1223
f 1223 1279 1275
f 1223 1275 1219
f 1219 1275 1269
f 1219 1269 1213
f 1213 1269 1270
f 1213 1270 1214
f 1214 1270 1259
f 1214 1259 1211
f 1211 1259 1250
f 1211 1250 1208
f 1208 1250 1249
f 1208 1249 1207
f 1207 1249 1273
f 1207 1273 1217
f 1217 1273 1277
f 1217 1277 1221
f 1221 1277 1281
f 1221 1281 1225
f 1225 1281 1293
f 1225 1293 1233
f 1233 1293 1303
f 1233 1303 1241
f 1241 1303 1308
f 1241 1308 1246
f 1246 1308 1307
f 1246 1307 1245
f 1245 1307 1305
f 1245 1305 1243
f 1243 1305 1300
f 1243 1300 1238
f 1238 1300 1291
f 1238 1291 1231
f 1231 1291 1288
f 1231 1288 1228
f 1228 1288 1010
f 1009 1345 1287
f 1287 1345 1360
f 1287 1360 1299
f 1299 1360 1371
f 1299 1371 1315
f 1315 1371 1377
f 1315 1377 1319
f 1319 1377 1383
f 1319 1383 1323
f 1323 1383 1385
f 1323 1385 1325
f 1325 1385 1386
f 1325 1386 1326
f 1326 1386 1379
f 1326 1379 1321
f 1321 1379 1373
f 1321 1373 1317
f 1317 1373 1357
f 1317 1357 1295
f 1295 1357 1339
f 1295 1339 1279
f 1279 1339 1331
f 1279 1331 1275
f 1275 1331 1311
f 1275 1311 1269
f 1269 1311 1312
f 1269 1312 1270
f 1270 1312 1297
f 1270 1297 1259
f 1259 1297 1284
f 1259 1284 1250
f 1250 1284 1283
f 1250 1283 1249
f 1249 1283 1329
f 1249 1329 1273
f 1273 1329 1333
f 1273 1333 1277
f 1277 1333 1341
f 1277 1341 1281
f 1281 1341 1355
f 1281 1355 1293
f 1293 1355 1363
f 1293 1363 1303
f 1303 1363 1368
f 1303 1368 1308
f 1308 1368 1367
f 1308 1367 1307
f 1307 1367 1365
f 1307 1365 1305
f 1305 1365 1359
f 1305 1359 1300
f 1300 1359 1349
f 1300 1349 1291
f 1291 1349 1346
f 1291 1346 1288
f 1288 1346 1010
f 1009 1405 1345
f 1345 1405 1415
f 1345 1415 1360
f 1360 1415 1433
f 1360 1433 1371
f 1371 1433 1439
f 1371 1439 1377
f 1377 1439 1445
f 1377 1445 1383
f 1383 1445 1449
f 1383 1449 1385
f 1385 1449 1450
f 1385 1450 1386
f 1386 1450 1443
f 1386 1443 1379
f 1379 1443 1437
f 1379 1437 1373
f 1373 1437 1413
f 1373 1413 1357
f 1357 1413 1397
f 1357 1397 1339
f 1339 1397 1381
f 1339 1381 1331
f 1331 1381 1350
f 1331 1350 1311
f 1311 1350 1351
f 1311 1351 1312
f 1312 1351 1343
f 1312 1343 1297
f 1297 1343 1336
f 1297 1336 1284
f 1284 1336 1335
f 1284 1335 1283
f 1283 1335 1375
f 1283 1375 1329
f 1329 1375 1393
f 1329 1393 1333
f 1333 1393 1399
f 1333 1399 1341
f 1341 1399 1411
f 1341 1411 1355
f 1355 1411 1419
f 1355 1419 1363
f 1363 1419 1426
f 1363 1426 1368
f 1368 1426 1425
f 1368 1425 1367
f 1367 1425 1421
f 1367 1421 1365
f 1365 1421 1417
f 1365 1417 1359
f 1359 1417 1409
f 1359 1409 1349
f 1349 1409 1406
f 1349 1406 1346
f 1346 1406 1010
f 1009 1461 1405
f 1405 1461 1477
f 1405 1477 1415
f 1415 1477 1493
f 1415 1493 1433
f 1433 1493 1503
f 1433 1503 1439
f 1439 1503 1511
f 1439 1511 1445
f 1445 1511 1513
f 1445 1513 1449
f 1449 1513 1514
f 1449 1514 1450
f 1450 1514 1505
f 1450 1505 1443
f 1443 1505 1495
f 1443 1495 1437
f 1437 1495 1475
f 1437 1475 1413
f 1413 1475 1457
f 1413 1457 1397
f 1397 1457 1435
f 1397 1435 1381
f 1381 1435 1400
f 1381 1400 1350
f 1350 1400 1401
f 1350 1401 1351
f 1351 1401 1395
f 1351 1395 1343
f 1343 1395 1390
f 1343 1390 1336
f 1336 1390 1389
f 1336 1389 1335
f 1335 1389 1423
f 1335 1423 1375
f 1375 1423 1447
f 1375 1447 1393
f 1393 1447 1459
f 1393 1459 1399
f 1399 1459 1471
f 1399 1471 1411
f 1411 1471 1483
f 1411 1483 1419
f 1419 1483 1490
f 1419 1490 1426
f 1426 1490 1489
f 1426 1489 1425
f 1425 1489 1487
f 1425 1487 1421
f 1421 1487 1478
f 1421 1478 1417
f 1417 1478 1469
f 1417 1469 1409
f 1409 1469 1462
f 1409 1462 1406
f 1406 1462 1010
f 1009 1523 1461
f 1461 1523 1541
f 1461 1541 1477
f 1477 1541 1559
f 1477 1559 1493
f 1493 1559 1567
f 1493 1567 1503
f 1503 1567 1575
f 1503 1575 1511
f 1511 1575 1581
f 1511 1581 1513
f 1513 1581 1582
f 1513 1582 1514
f 1514 1582 1571
f 1514 1571 1505
f 1505 1571 1561
f 1505 1561 1495
f 1495 1561 1535
f 1495 1535 1475
f 1475 1535 1517
f 1475 1517 1457
f 1457 1517 1481
f 1457 1481 1435
f 1435 1481 1453
f 1435 1453 1400
f 1400 1453 1454
f 1400 1454 1401
f 1401 1454 1441
f 1401 1441 1395
f 1395 1441 1430
f 1395 1430 1390
f 1390 1430 1429
f 1390 1429 1389
f 1389 1429 1473
f 1389 1473 1423
f 1423 1473 1501
f 1423 1501 1447
f 1447 1501 1519
f 1447 1519 1459
f 1459 1519 1533
f 1459 1533 1471
f 1471 1533 1545
f 1471 1545 1483
f 1483 1545 1554
f 1483 1554 1490
f 1490 1554 1553
f 1490 1553 1489
f 1489 1553 1551
f 1489 1551 1487
f 1487 1551 1542
f 1487 1542 1478
f 1478 1542 1531
f 1478 1531 1469
f 1469 1531 1524
f 1469 1524 1462
f 1462 1524 1010
f 1009 1591 1523
f 1523 1591 1603
f 1523 1603 1541
f 1541 1603 1627
f 1541 1627 1559
f 1559 1627 1643
f 1559 1643 1567
f 1567 1643 1651
f 1567 1651 1575
f 1575 1651 1653
f 1575 1653 1581
f 1581 1653 1654
f 1581 1654 1582
f 1582 1654 1649
f 1582 1649 1571
f 1571 1649 1631
f 1571 1631 1561
f 1561 1631 1599
f 1561 1599 1535
f 1535 1599 1565
f 1535 1565 1517
f 1517 1565 1529
f 1517 1529 1481
f 1481 1529 1497
f 1481 1497 1453
f 1453 1497 1498
f 1453 1498 1454
f 1454 1498 1485
f 1454 1485 1441
f 1441 1485 1466
f 1441 1466 1430
f 1430 1466 1465
f 1430 1465 1429
f 1429 1465 1521
f 1429 1521 1473
f 1473 1521 1557
f 1473 1557 1501
f 1501 1557 1573
f 1501 1573 1519
f 1519 1573 1597
f 1519 1597 1533
f 1533 1597 1609
f 1533 1609 1545
f 1545 1609 1618
f 1545 1618 1554
f 1554 1618 1617
f 1554 1617 1553
f 1553 1617 1615
f 1553 1615 1551
f 1551 1615 1604
f 1551 1604 1542
f 1542 1604 1595
f 1542 1595 1531
f 1531 1595 1592
f 1531 1592 1524
f 1524 1592 1010
f 1009 1645 1591
f 1591 1645 1682
f 1591 1682 1603
f 1603 1682 1705
f 1603 1705 1627
f 1627 1705 1726
f 1627 1726 1643
f 1643 1726 1736
f 1643 1736 1651
f 1651 1736 1742
f 1651 1742 1653
f 1653 1742 1743
f 1653 1743 1654
f 1654 1743 1728
f 1654 1728 1649
f 1649 1728 1709
f 1649 1709 1631
f 1631 1709 1673
f 1631 1673 1599
f 1599 1673 1629
f 1599 1629 1565
f 1565 1629 1585
f 1565 1585 1529
f 1529 1585 1537
f 1529 1537 1497
f 1497 1537 1538
f 1497 1538 1498
f 1498 1538 1527
f 1498 1527 1485
f 1485 1527 1507
f 1485 1507 1466
f 1466 1507 1506
f 1466 1506 1465
f 1465 1506 1569
f 1465 1569 1521
f 1521 1569 1607
f 1521 1607 1557
f 1557 1607 1635
f 1557 1635 1573
f 1573 1635 1669
f 1573 1669 1597
f 1597 1669 1687
f 1597 1687 1609
f 1609 1687 1694
f 1609 1694 1618
f 1618 1694 1693
f 1618 1693 1617
f 1617 1693 1689
f 1617 1689 1615
f 1615 1689 1681
f 1615 1681 1604
f 1604 1681 1661
f 1604 1661 1595
f 1595 1661 1646
f 1595 1646 1592
f 1592 1646 1010
f 1009 1714 1645
f 1645 1714 1750
f 1645 1750 1682
f 1682 1750 1772
f 1682 1772 1705
f 1705 1772 1790
f 1705 1790 1726
f 1726 1790 1805
f 1726 1805 1736
f 1736 1805 1813
f 1736 1813 1742
f 1742 1813 1814
f 1742 1814 1743
f 1743 1814 1799
f 1743 1799 1728
f 1728 1799 1780
f 1728 1780 1709
f 1709 1780 1748
f 1709 1748 1673
f 1673 1748 1697
f 1673 1697 1629
f 1629 1697 1633
f 1629 1633 1585
f 1585 1633 1586
f 1585 1586 1537
f 1537 1586 1587
f 1537 1587 1538
f 1538 1587 1563
f 1538 1563 1527
f 1527 1563 1547
f 1527 1547 1507
f 1507 1547 1546
f 1507 1546 1506
f 1506 1546 1621
f 1506 1621 1569
f 1569 1621 1667
f 1569 1667 1607
f 1607 1667 1707
f 1607 1707 1635
f 1635 1707 1734
f 1635 1734 1669
f 1669 1734 1756
f 1669 1756 1687
f 1687 1756 1763
f 1687 1763 1694
f 1694 1763 1762
f 1694 1762 1693
f 1693 1762 1760
f 1693 1760 1689
f 1689 1760 1752
f 1689 1752 1681
f 1681 1752 1732
f 1681 1732 1661
f 1661 1732 1715
f 1661 1715 1646
f 1646 1715 1010
f 1009 1774 1714
f 1714 1774 1801
f 1714 1801 1750
f 1750 1801 1832
f 1750 1832 1772
f 1772 1832 1851
f 1772 1851 1790
f 1790 1851 1869
f 1790 1869 1805
f 1805 1869 1873
f 1805 1873 1813
f 1813 1873 1874
f 1813 1874 1814
f 1814 1874 1863
f 1814 1863 1799
f 1799 1863 1836
f 1799 1836 1780
f 1780 1836 1795
f 1780 1795 1748
f 1748 1795 1754
f 1748 1754 1697
f 1697 1754 1691
f 1697 1691 1633
f 1633 1691 1623
f 1633 1623 1586
f 1586 1623 1624
f 1586 1624 1587
f 1587 1624 1601
f 1587 1601 1563
f 1563 1601 1578
f 1563 1578 1547
f 1547 1578 1577
f 1547 1577 1546
f 1546 1577 1674
f 1546 1674 1621
f 1621 1674 1720
f 1621 1720 1667
f 1667 1720 1766
f 1667 1766 1707
f 1707 1766 1786
f 1707 1786 1734
f 1734 1786 1811
f 1734 1811 1756
f 1756 1811 1821
f 1756 1821 1763
f 1763 1821 1820
f 1763 1820 1762
f 1762 1820 1818
f 1762 1818 1760
f 1760 1818 1802
f 1760 1802 1752
f 1752 1802 1782
f 1752 1782 1732
f 1732 1782 1775
f 1732 1775 1715
f 1715 1775 1010
f 1009 1824 1774
f 1774 1824 1847
f 1774 1847 1801
f 1801 1847 1884
f 1801 1884 1832
f 1832 1884 1911
f 1832 1911 1851
f 1851 1911 1925
f 1851 1925 1869
f 1869 1925 1937
f 1869 1937 1873
f 1873 1937 1938
f 1873 1938 1874
f 1874 1938 1923
f 1874 1923 1863
f 1863 1923 1894
f 1863 1894 1836
f 1836 1894 1845
f 1836 1845 1795
f 1795 1845 1792
f 1795 1792 1754
f 1754 1792 1730
f 1754 1730 1691
f 1691 1730 1662
f 1691 1662 1623
f 1623 1662 1663
f 1623 1663 1624
f 1624 1663 1641
f 1624 1641 1601
f 1601 1641 1612
f 1601 1612 1578
f 1578 1612 1611
f 1578 1611 1577
f 1577 1611 1718
f 1577 1718 1674
f 1674 1718 1768
f 1674 1768 1720
f 1720 1768 1809
f 1720 1809 1766
f 1766 1809 1837
f 1766 1837 1786
f 1786 1837 1859
f 1786 1859 1811
f 1811 1859 1866
f 1811 1866 1821
f 1821 1866 1865
f 1821 1865 1820
f 1820 1865 1861
f 1820 1861 1818
f 1818 1861 1848
f 1818 1848 1802
f 1802 1848 1834
f 1802 1834 1782
f 1782 1834 1825
f 1782 1825 1775
f 1775 1825 1010
f 1009 1855 1824
f 1824 1855 1896
f 1824 1896 1847
f 1847 1896 1933
f 1847 1933 1884
f 1884 1933 1964
f 1884 1964 1911
f 1911 1964 1982
f 1911 1982 1925
f 1925 1982 1984
f 1925 1984 1937
f 1937 1984 1985
f 1937 1985 1938
f 1938 1985 1976
f 1938 1976 1923
f 1923 1976 1945
f 1923 1945 1894
f 1894 1945 1890
f 1894 1890 1845
f 1845 1890 1830
f 1845 1830 1792
f 1792 1830 1770
f 1792 1770 1730
f 1730 1770 1701
f 1730 1701 1662
f 1662 1701 1702
f 1662 1702 1663
f 1663 1702 1671
f 1663 1671 1641
f 1641 1671 1638
f 1641 1638 1612
f 1612 1638 1637
f 1612 1637 1611
f 1611 1637 1757
f 1611 1757 1718
f 1718 1757 1797
f 1718 1797 1768
f 1768 1797 1842
f 1768 1842 1809
f 1809 1842 1881
f 1809 1881 1837
f 1837 1881 1901
f 1837 1901 1859
f 1859 1901 1916
f 1859 1916 1866
f 1866 1916 1915
f 1866 1915 1865
f 1865 1915 1903
f 1865 1903 1861
f 1861 1903 1897
f 1861 1897 1848
f 1848 1897 1879
f 1848 1879 1834
f 1834 1879 1856
f 1834 1856 1825
f 1825 1856 1010
f 1009 1886 1855
f 1855 1886 1926
f 1855 1926 1896
f 1896 1926 1969
f 1896 1969 1933
f 1933 1969 1991
f 1933 1991 1964
f 1964 1991 1998
f 1964 1998 1982
f 1982 1998 2002
f 1982 2002 1984
f 1984 2002 2003
f 1984 2003 1985
f 1985 2003 1996
f 1985 1996 1976
f 1976 1996 1980
f 1976 1980 1945
f 1945 1980 1921
f 1945 1921 1890
f 1890 1921 1853
f 1890 1853 1830
f 1830 1853 1788
f 1830 1788 1770
f 1770 1788 1722
f 1770 1722 1701
f 1701 1722 1723
f 1701 1723 1702
f 1702 1723 1699
f 1702 1699 1671
f 1671 1699 1658
f 1671 1658 1638
f 1638 1658 1657
f 1638 1657 1637
f 1637 1657 1778
f 1637 1778 1757
f 1757 1778 1828
f 1757 1828 1797
f 1797 1828 1871
f 1797 1871 1842
f 1842 1871 1912
f 1842 1912 1881
f 1881 1912 1942
f 1881 1942 1901
f 1901 1942 1952
f 1901 1952 1916
f 1916 1952 1951
f 1916 1951 1915
f 1915 1951 1947
f 1915 1947 1903
f 1903 1947 1927
f 1903 1927 1897
f 1897 1927 1909
f 1897 1909 1879
f 1879 1909 1887
f 1879 1887 1856
f 1856 1887 1010
f 1009 1905 1886
f 1886 1905 1955
f 1886 1955 1926
f 1926 1955 1988
f 1926 1988 1969
f 1969 1988 2000
f 1969 2000 1991
f 1991 2000 2009
f 1991 2009 1998
f 1998 2009 2012
f 1998 2012 2002
f 2002 2012 2013
f 2002 2013 2003
f 2003 2013 2007
f 2003 2007 1996
f 1996 2007 1993
f 1996 1993 1980
f 1980 1993 1949
f 1980 1949 1921
f 1921 1949 1877
f 1921 1877 1853
f 1853 1877 1807
f 1853 1807 1788
f 1788 1807 1738
f 1788 1738 1722
f 1722 1738 1739
f 1722 1739 1723
f 1723 1739 1711
f 1723 1711 1699
f 1699 1711 1678
f 1699 1678 1658
f 1658 1678 1677
f 1658 1677 1657
f 1657 1677 1784
f 1657 1784 1778
f 1778 1784 1840
f 1778 1840 1828
f 1828 1840 1892
f 1828 1892 1871
f 1871 1892 1935
f 1871 1935 1912
f 1912 1935 1962
f 1912 1962 1942
f 1942 1962 1972
f 1942 1972 1952
f 1952 1972 1971
f 1952 1971 1951
f 1951 1971 1966
f 1951 1966 1947
f 1947 1966 1956
f 1947 1956 1927
f 1927 1956 1931
f 1927 1931 1909
f 1909 1931 1906
f 1909 1906 1887
f 1887 1906 1010
f 1009 1919 1905
f 1905 1919 1960
f 1905 1960 1955
f 1955 1960 1990
f 1955 1990 1988
f 1988 1990 2006
f 1988 2006 2000
f 2000 2006 2016
f 2000 2016 2009
f 2009 2016 2017
f 2009 2017 2012
f 2012 2017 2018
f 2012 2018 2013
f 2013 2018 2011
f 2013 2011 2007
f 2007 2011 1995
f 2007 1995 1993
f 1993 1995 1957
f 1993 1957 1949
f 1949 1957 1883
f 1949 1883 1877
f 1877 1883 1817
f 1877 1817 1807
f 1807 1817 1746
f 1807 1746 1738
f 1738 1746 1747
f 1738 1747 1739
f 1739 1747 1713
f 1739 1713 1711
f 1711 1713 1686
f 1711 1686 1678
f 1678 1686 1685
f 1678 1685 1677
f 1677 1685 1794
f 1677 1794 1784
f 1784 1794 1844
f 1784 1844 1840
f 1840 1844 1900
f 1840 1900 1892
f 1892 1900 1944
f 1892 1944 1935
f 1935 1944 1968
f 1935 1968 1962
f 1962 1968 1978
f 1962 1978 1972
f 1972 1978 1977
f 1972 1977 1971
f 1971 1977 1975
f 1971 1975 1966
f 1966 1975 1961
f 1966 1961 1956
f 1956 1961 1941
f 1956 1941 1931
f 1931 1941 1920
f 1931 1920 1906
f 1906 1920 1010
