v -0.025700 0.000000 0.141380
v -0.025700 0.000000 0.145480
v -0.025693 -0.000594 0.141380
v -0.025693 -0.000594 0.145480
v -0.025693 0.000594 0.141380
v -0.025693 0.000594 0.145480
v -0.025673 -0.001187 0.141380
v -0.025673 -0.001187 0.145480
v -0.025670 0.000000 0.145633
v -0.025673 0.001187 0.141380
v -0.025673 0.001187 0.145480
v -0.025655 -0.000593 0.141189
v -0.025663 -0.000593 0.145633
v -0.025662 0.000000 0.141189
v -0.025655 0.000593 0.141189
v -0.025663 0.000593 0.145633
v -0.025638 -0.001780 0.141380
v -0.025638 -0.001780 0.145480
v -0.025642 -0.001186 0.145633
v -0.025642 0.001186 0.145633
v -0.025638 0.001780 0.141380
v -0.025638 0.001780 0.145480
v -0.025635 -0.001185 0.141189
v -0.025635 0.001185 0.141189
v -0.025608 -0.001777 0.145633
v -0.025608 0.001777 0.145633
v -0.025600 -0.001777 0.141189
v -0.025600 0.001777 0.141189
v -0.025590 -0.002371 0.141380
v -0.025590 -0.002371 0.145480
v -0.025590 0.002371 0.141380
v -0.025590 0.002371 0.145480
v -0.025576 -0.000591 0.145763
v -0.025583 0.000000 0.145763
v -0.025576 0.000591 0.145763
v -0.025560 -0.002368 0.145633
v -0.025556 -0.001182 0.145763
v -0.025556 0.001182 0.145763
v -0.025560 0.002368 0.145633
v -0.025552 -0.002368 0.141189
v -0.025547 -0.000590 0.141026
v -0.025554 0.000000 0.141026
v -0.025547 0.000590 0.141026
v -0.025552 0.002368 0.141189
v -0.025529 -0.002962 0.141380
v -0.025529 -0.002962 0.145480
v -0.025526 -0.001180 0.141026
v -0.025526 0.001180 0.141026
v -0.025529 0.002962 0.141380
v -0.025529 0.002962 0.145480
v -0.025521 -0.001771 0.145763
v -0.025521 0.001771 0.145763
v -0.025499 -0.002958 0.145633
v -0.025500 0.000000 0.147980
v -0.025500 0.000000 0.155180
v -0.025500 0.000000 0.162380
v -0.025499 0.002958 0.145633
v -0.025491 -0.002957 0.141189
v -0.025492 -0.001769 0.141026
v -0.025493 -0.000589 0.147980
v -0.025493 -0.000589 0.155180
v -0.025493 -0.000589 0.162380
v -0.025492 0.001769 0.141026
v -0.025491 0.002957 0.141189
v -0.025474 -0.002360 0.145763
v -0.025474 0.002360 0.145763
v -0.025454 -0.003551 0.141380
v -0.025454 -0.003551 0.145480
v -0.025446 -0.000588 0.145850
v -0.025453 0.000000 0.145850
v -0.025446 0.000588 0.145850
v -0.025454 0.003551 0.141380
v -0.025454 0.003551 0.145480
v -0.025445 -0.002358 0.141026
v -0.025445 0.002358 0.141026
v -0.025426 -0.001176 0.145850
v -0.025426 0.001176 0.145850
v -0.025416 -0.003545 0.141189
v -0.025423 -0.003546 0.145633
v -0.025416 0.003545 0.141189
v -0.025423 0.003546 0.145633
v -0.025412 -0.002948 0.145763
v -0.025412 0.002948 0.145763
v -0.025392 -0.001762 0.145850
v -0.025391 0.000000 0.140918
v -0.025392 0.001762 0.145850
v -0.025383 -0.002945 0.141026
v -0.025385 -0.000586 0.140918
v -0.025385 0.000586 0.140918
v -0.025383 0.002945 0.141026
v -0.025365 -0.004138 0.141380
v -0.025365 -0.004138 0.145480
v -0.025364 -0.001173 0.140918
v -0.025364 0.001173 0.140918
v -0.025365 0.004138 0.141380
v -0.025365 0.004138 0.145480
v -0.025338 -0.003534 0.145763
v -0.025344 -0.002349 0.145850
v -0.025344 0.002349 0.145850
v -0.025338 0.003534 0.145763
v -0.025327 -0.004131 0.141189
v -0.025335 -0.004133 0.145633
v -0.025330 -0.001758 0.140918
v -0.025330 0.001758 0.140918
v -0.025327 0.004131 0.141189
v -0.025335 0.004133 0.145633
v -0.025309 -0.003530 0.141026
v -0.025309 0.003530 0.141026
v -0.025300 0.000000 0.145880
v -0.025293 -0.000584 0.145880
v -0.025293 0.000584 0.145880
v -0.025283 -0.002933 0.145850
v -0.025283 -0.002343 0.140918
v -0.025283 0.002343 0.140918
v -0.025283 0.002933 0.145850
v -0.025273 -0.001168 0.145880
v -0.025273 0.001168 0.145880
v -0.025262 -0.004722 0.141380
v -0.025262 -0.004722 0.145480
v -0.025262 0.004722 0.141380
v -0.025262 0.004722 0.145480
v -0.025249 -0.004119 0.145763
v -0.025249 0.004119 0.145763
v -0.025239 -0.001752 0.145880
v -0.025239 0.001752 0.145880
v -0.025232 -0.004717 0.145633
v -0.025232 0.004717 0.145633
v -0.025225 -0.004715 0.141189
v -0.025220 -0.004114 0.141026
v -0.025222 -0.002926 0.140918
v -0.025222 0.002926 0.140918
v -0.025220 0.004114 0.141026
v -0.025225 0.004715 0.141189
v -0.025209 -0.003517 0.145850
v -0.025209 0.003517 0.145850
v -0.025200 0.000000 0.140880
v -0.025192 -0.002334 0.145880
v -0.025193 -0.000582 0.140880
v -0.025193 0.000582 0.140880
v -0.025192 0.002334 0.145880
v -0.025173 -0.001164 0.140880
v -0.025173 0.001164 0.140880
v -0.025167 0.004105 0.147980
v -0.025167 0.004105 0.155180
v -0.025167 0.004105 0.162380
v -0.025147 -0.005305 0.141380
v -0.025147 -0.005305 0.145480
v -0.025147 -0.004701 0.145763
v -0.025148 -0.003508 0.140918
v -0.025148 0.003508 0.140918
v -0.025147 0.004701 0.145763
v -0.025147 0.005305 0.141380
v -0.025147 0.005305 0.145480
v -0.025140 -0.001745 0.140880
v -0.025140 0.001745 0.140880
v -0.025131 -0.002916 0.145880
v -0.025131 0.002916 0.145880
v -0.025117 -0.005298 0.145633
v -0.025118 -0.004695 0.141026
v -0.025121 -0.004098 0.145850
v -0.025121 0.004098 0.145850
v -0.025118 0.004695 0.141026
v -0.025117 0.005298 0.145633
v -0.025109 -0.005297 0.141189
v -0.025109 0.005297 0.141189
v -0.025093 -0.002325 0.140880
v -0.025088 0.000580 0.147980
v -0.025088 0.000580 0.155180
v -0.025088 0.000580 0.162380
v -0.025093 0.002325 0.140880
v -0.025066 -0.004686 0.147980
v -0.025066 -0.004686 0.155180
v -0.025066 -0.004686 0.162380
v -0.025068 -0.001159 0.147980
v -0.025068 -0.001159 0.155180
v -0.025068 -0.001159 0.162380
v -0.025066 0.004686 0.147980
v -0.025066 0.004686 0.155180
v -0.025066 0.004686 0.162380
v -0.025060 -0.004088 0.140918
v -0.025057 -0.003495 0.145880
v -0.025057 0.003495 0.145880
v -0.025060 0.004088 0.140918
v -0.025032 -0.005280 0.145763
v -0.025032 -0.002904 0.140880
v -0.025032 0.002904 0.140880
v -0.025032 0.005280 0.145763
v -0.025017 -0.005884 0.141380
v -0.025017 -0.005884 0.145480
v -0.025020 -0.004677 0.145850
v -0.025020 0.004677 0.145850
v -0.025017 0.005884 0.141380
v -0.025017 0.005884 0.145480
v -0.025003 -0.005274 0.141026
v -0.025003 0.005274 0.141026
v -0.024988 -0.005877 0.145633
v -0.024988 0.005877 0.145633
v -0.024980 -0.005875 0.141189
v -0.024980 0.005875 0.141189
v -0.024970 -0.004073 0.145880
v -0.024970 0.004073 0.145880
v -0.024959 -0.004666 0.140918
v -0.024958 -0.003482 0.140880
v -0.024958 0.003482 0.140880
v -0.024959 0.004666 0.140918
v -0.024951 -0.005263 0.147980
v -0.024951 -0.005263 0.155180
v -0.024951 -0.005263 0.162380
v -0.024903 -0.005857 0.145763
v -0.024905 -0.005254 0.145850
v -0.024905 0.005254 0.145850
v -0.024903 0.005857 0.145763
v -0.024875 -0.006460 0.141380
v -0.024875 -0.006460 0.145480
v -0.024875 -0.005850 0.141026
v -0.024869 -0.004649 0.145880
v -0.024871 -0.004057 0.140880
v -0.024871 0.004057 0.140880
v -0.024869 0.004649 0.145880
v -0.024875 0.005850 0.141026
v -0.024875 0.006460 0.141380
v -0.024875 0.006460 0.145480
v -0.024845 -0.006453 0.145633
v -0.024854 0.003467 0.147980
v -0.024854 0.003467 0.155180
v -0.024854 0.003467 0.162380
v -0.024845 0.006453 0.145633
v -0.024838 -0.006451 0.141189
v -0.024845 -0.005241 0.140918
v -0.024845 0.005241 0.140918
v -0.024838 0.006451 0.141189
v -0.024777 -0.005827 0.145850
v -0.024777 0.005827 0.145850
v -0.024771 -0.004630 0.140880
v -0.024768 -0.004040 0.147980
v -0.024768 -0.004040 0.155180
v -0.024768 -0.004040 0.162380
v -0.024771 0.004630 0.140880
v -0.024761 -0.006431 0.145763
v -0.024755 -0.005222 0.145880
v -0.024755 0.005222 0.145880
v -0.024761 0.006431 0.145763
v -0.024733 -0.006423 0.141026
v -0.024733 0.006423 0.141026
v -0.024719 -0.007033 0.141380
v -0.024719 -0.007033 0.145480
v -0.024717 -0.005813 0.140918
v -0.024717 0.005813 0.140918
v -0.024719 0.007033 0.141380
v -0.024719 0.007033 0.145480
v -0.024690 -0.007025 0.145633
v -0.024690 0.007025 0.145633
v -0.024682 -0.007023 0.141189
v -0.024682 0.007023 0.141189
v -0.024657 -0.005201 0.140880
v -0.024657 0.005201 0.140880
v -0.024636 -0.006398 0.145850
v -0.024636 0.006398 0.145850
v -0.024628 -0.005792 0.145880
v -0.024628 0.005792 0.145880
v -0.024606 -0.007001 0.145763
v -0.024606 0.007001 0.145763
v -0.024600 0.000000 0.146780
v -0.024600 0.000000 0.147080
v -0.024600 0.000000 0.163280
v -0.024600 0.000000 0.164080
v -0.024593 -0.000568 0.146780
v -0.024593 -0.000568 0.147080
v -0.024593 -0.000568 0.163280
v -0.024593 -0.000568 0.164080
v -0.024593 0.000568 0.146780
v -0.024593 0.000568 0.147080
v -0.024593 0.000568 0.163280
v -0.024593 0.000568 0.164080
v -0.024578 -0.006993 0.141026
v -0.024576 -0.006383 0.140918
v -0.024576 0.006383 0.140918
v -0.024578 0.006993 0.141026
v -0.024574 -0.001136 0.146780
v -0.024574 -0.001136 0.147080
v -0.024574 -0.001136 0.163280
v -0.024574 -0.001136 0.164080
v -0.024567 -0.000568 0.164353
v -0.024573 0.000000 0.164353
v -0.024567 0.000568 0.164353
v -0.024574 0.001136 0.146780
v -0.024574 0.001136 0.147080
v -0.024574 0.001136 0.147980
v -0.024574 0.001136 0.155180
v -0.024574 0.001136 0.162380
v -0.024574 0.001136 0.163280
v -0.024574 0.001136 0.164080
v -0.024550 -0.007602 0.141380
v -0.024550 -0.007602 0.145480
v -0.024547 -0.001135 0.164353
v -0.024547 0.001135 0.164353
v -0.024555 0.005180 0.147980
v -0.024555 0.005180 0.155180
v -0.024555 0.005180 0.162380
v -0.024550 0.007602 0.141380
v -0.024550 0.007602 0.145480
v -0.024541 -0.001703 0.146780
v -0.024541 -0.001703 0.147080
v -0.024541 -0.001703 0.147980
v -0.024541 -0.001703 0.155180
v -0.024541 -0.001703 0.162380
v -0.024541 -0.001703 0.163280
v -0.024541 -0.001703 0.164080
v -0.024541 0.001703 0.146780
v -0.024541 0.001703 0.147080
v -0.024541 0.001703 0.147980
v -0.024541 0.001703 0.155180
v -0.024541 0.001703 0.162380
v -0.024541 0.001703 0.163280
v -0.024541 0.001703 0.164080
v -0.024531 -0.005770 0.140880
v -0.024531 0.005770 0.140880
v -0.024521 -0.007593 0.145633
v -0.024521 0.007593 0.145633
v -0.024514 -0.007591 0.141189
v -0.024514 -0.001702 0.164353
v -0.024514 0.001702 0.164353
v -0.024514 0.007591 0.141189
v -0.024495 -0.002270 0.146780
v -0.024495 -0.002270 0.147080
v -0.024495 -0.002270 0.147980
v -0.024495 -0.002270 0.155180
v -0.024495 -0.002270 0.162380
v -0.024495 -0.002270 0.163280
v -0.024495 -0.002270 0.164080
v -0.024495 0.002270 0.146780
v -0.024495 0.002270 0.147080
v -0.024495 0.002270 0.147980
v -0.024495 0.002270 0.155180
v -0.024495 0.002270 0.162380
v -0.024495 0.002270 0.163280
v -0.024495 0.002270 0.164080
v -0.024488 -0.006360 0.145880
v -0.024487 -0.000566 0.164616
v -0.024493 0.000000 0.164616
v -0.024487 0.000566 0.164616
v -0.024488 0.006360 0.145880
v -0.024481 -0.006966 0.145850
v -0.024481 0.006966 0.145850
v -0.024468 -0.002267 0.164353
v -0.024467 -0.001131 0.164616
v -0.024467 0.001131 0.164616
v -0.024468 0.002267 0.164353
v -0.024438 -0.007568 0.145763
v -0.024436 -0.002835 0.146780
v -0.024436 -0.002835 0.147080
v -0.024436 -0.002835 0.147980
v -0.024436 -0.002835 0.155180
v -0.024436 -0.002835 0.162380
v -0.024436 -0.002835 0.163280
v -0.024436 -0.002835 0.164080
v -0.024436 0.002835 0.146780
v -0.024436 0.002835 0.147080
v -0.024436 0.002835 0.147980
v -0.024436 0.002835 0.155180
v -0.024436 0.002835 0.162380
v -0.024436 0.002835 0.163280
v -0.024436 0.002835 0.164080
v -0.024438 0.007568 0.145763
v -0.024428 -0.005746 0.147980
v -0.024428 -0.005746 0.155180
v -0.024428 -0.005746 0.162380
v -0.024435 -0.001696 0.164616
v -0.024435 0.001696 0.164616
v -0.024422 -0.006949 0.140918
v -0.024422 0.006949 0.140918
v -0.024410 -0.007559 0.141026
v -0.024409 -0.002832 0.164353
v -0.024409 0.002832 0.164353
v -0.024410 0.007559 0.141026
v -0.024400 0.000000 0.140880
v -0.024391 -0.006335 0.140880
v -0.024389 -0.002260 0.164616
v -0.024393 -0.000564 0.140880
v -0.024393 0.000564 0.140880
v -0.024389 0.002260 0.164616
v -0.024391 0.006335 0.140880
v -0.024368 -0.008167 0.141380
v -0.024368 -0.008167 0.145480
v -0.024374 -0.001127 0.140880
v -0.024374 0.001127 0.140880
v -0.024368 0.008167 0.141380
v -0.024368 0.008167 0.145480
v -0.024364 -0.003399 0.146780
v -0.024364 -0.003399 0.147080
v -0.024364 -0.003399 0.147980
v -0.024364 -0.003399 0.155180
v -0.024364 -0.003399 0.162380
v -0.024364 -0.003399 0.163280
v -0.024364 -0.003399 0.164080
v -0.024358 -0.000563 0.164858
v -0.024364 0.000000 0.164858
v -0.024358 0.000563 0.164858
v -0.024364 0.003399 0.146780
v -0.024364 0.003399 0.147080
v -0.024364 0.003399 0.163280
v -0.024364 0.003399 0.164080
v -0.024339 -0.008158 0.145633
v -0.024337 -0.003395 0.164353
v -0.024341 -0.001690 0.140880
v -0.024338 -0.001125 0.164858
v -0.024338 0.001125 0.164858
v -0.024341 0.001690 0.140880
v -0.024337 0.003395 0.164353
v -0.024339 0.008158 0.145633
v -0.024332 -0.008155 0.141189
v -0.024334 -0.006924 0.145880
v -0.024330 -0.002823 0.164616
v -0.024330 0.002823 0.164616
v -0.024334 0.006924 0.145880
v -0.024332 0.008155 0.141189
v -0.024314 -0.007529 0.145850
v -0.024306 -0.001687 0.164858
v -0.024306 0.001687 0.164858
v -0.024314 0.007529 0.145850
v -0.024296 -0.002251 0.140880
v -0.024296 0.002251 0.140880
v -0.024279 -0.003960 0.146780
v -0.024279 -0.003960 0.147080
v -0.024279 -0.003960 0.163280
v -0.024279 -0.003960 0.164080
v -0.024279 0.003960 0.146780
v -0.024279 0.003960 0.147080
v -0.024279 0.003960 0.163280
v -0.024279 0.003960 0.164080
v -0.024257 -0.008130 0.145763
v -0.024255 -0.007511 0.140918
v -0.024259 -0.003384 0.164616
v -0.024260 -0.002248 0.164858
v -0.024260 0.002248 0.164858
v -0.024259 0.003384 0.164616
v -0.024255 0.007511 0.140918
v -0.024257 0.008130 0.145763
v -0.024253 -0.003956 0.164353
v -0.024253 0.003956 0.164353
v -0.024238 -0.006896 0.140880
v -0.024237 -0.002812 0.140880
v -0.024237 0.002812 0.140880
v -0.024238 0.006896 0.140880
v -0.024229 -0.008121 0.141026
v -0.024229 0.008121 0.141026
v -0.024202 -0.002808 0.164858
v -0.024202 0.002808 0.164858
v -0.024190 0.000000 0.165070
v -0.024181 -0.004520 0.146780
v -0.024181 -0.004520 0.147080
v -0.024181 -0.004520 0.163280
v -0.024181 -0.004520 0.164080
v -0.024183 -0.000559 0.165070
v -0.024183 0.000559 0.165070
v -0.024181 0.004520 0.146780
v -0.024181 0.004520 0.147080
v -0.024181 0.004520 0.163280
v -0.024181 0.004520 0.164080
v -0.024173 -0.008728 0.141380
v -0.024173 -0.008728 0.145480
v -0.024168 -0.007484 0.145880
v -0.024174 -0.003943 0.164616
v -0.024166 -0.003371 0.140880
v -0.024166 0.003371 0.140880
v -0.024174 0.003943 0.164616
v -0.024168 0.007484 0.145880
v -0.024173 0.008728 0.141380
v -0.024173 0.008728 0.145480
v -0.024164 -0.001117 0.165070
v -0.024164 0.001117 0.165070
v -0.024155 -0.004515 0.164353
v -0.024155 0.004515 0.164353
v -0.024144 -0.008718 0.145633
v -0.024137 -0.008715 0.141189
v -0.024137 0.008715 0.141189
v -0.024144 0.008718 0.145633
v -0.024134 -0.008089 0.145850
v -0.024130 -0.003366 0.164858
v -0.024132 -0.001675 0.165070
v -0.024132 0.001675 0.165070
v -0.024130 0.003366 0.164858
v -0.024134 0.008089 0.145850
v -0.024087 -0.002232 0.165070
v -0.024087 0.002232 0.165070
v -0.024075 -0.008069 0.140918
v -0.024076 -0.004501 0.164616
v -0.024082 -0.003928 0.140880
v -0.024082 0.003928 0.140880
v -0.024076 0.004501 0.164616
v -0.024075 0.008069 0.140918
v -0.024072 -0.007454 0.140880
v -0.024070 -0.005078 0.146780
v -0.024070 -0.005078 0.147080
v -0.024070 -0.005078 0.163280
v -0.024070 -0.005078 0.164080
v -0.024070 0.005078 0.146780
v -0.024070 0.005078 0.147080
v -0.024070 0.005078 0.163280
v -0.024070 0.005078 0.164080
v -0.024072 0.007454 0.140880
v -0.024062 -0.008688 0.145763
v -0.024062 0.008688 0.145763
v -0.024046 -0.003923 0.164858
v -0.024046 0.003923 0.164858
v -0.024044 -0.005072 0.164353
v -0.024044 0.005072 0.164353
v -0.024035 -0.008678 0.141026
v -0.024029 -0.002788 0.165070
v -0.024029 0.002788 0.165070
v -0.024035 0.008678 0.141026
v -0.024000 0.000000 0.141280
v -0.024000 0.000000 0.145580
v -0.023988 -0.008040 0.145880
v -0.023994 -0.000554 0.141280
v -0.023994 -0.000554 0.145580
v -0.023994 0.000554 0.141280
v -0.023994 0.000554 0.145580
v -0.023988 0.008040 0.145880
v -0.023985 -0.004483 0.140880
v -0.023978 0.000000 0.165244
v -0.023985 0.004483 0.140880
v -0.023984 0.008660 0.147980
v -0.023984 0.008660 0.155180
v -0.023984 0.008660 0.162380
v -0.023966 -0.005056 0.164616
v -0.023974 -0.001108 0.141280
v -0.023974 -0.001108 0.145580
v -0.023971 -0.000554 0.165244
v -0.023971 0.000554 0.165244
v -0.023974 0.001108 0.141280
v -0.023974 0.001108 0.145580
v -0.023966 0.005056 0.164616
v -0.023965 -0.009284 0.141380
v -0.023965 -0.009284 0.145480
v -0.023958 -0.003342 0.165070
v -0.023958 0.003342 0.165070
v -0.023965 0.009284 0.141380
v -0.023965 0.009284 0.145480
v -0.023947 -0.005632 0.146780
v -0.023947 -0.005632 0.147080
v -0.023947 -0.005632 0.163280
v -0.023947 -0.005632 0.164080
v -0.023949 -0.004477 0.164858
v -0.023952 -0.001107 0.165244
v -0.023952 0.001107 0.165244
v -0.023949 0.004477 0.164858
v -0.023947 0.005632 0.146780
v -0.023947 0.005632 0.147080
v -0.023947 0.005632 0.147980
v -0.023947 0.005632 0.155180
v -0.023947 0.005632 0.162380
v -0.023947 0.005632 0.163280
v -0.023947 0.005632 0.164080
v -0.023936 -0.009273 0.145633
v -0.023940 -0.008644 0.145850
v -0.023942 -0.001662 0.141280
v -0.023942 -0.001662 0.145580
v -0.023942 0.001662 0.141280
v -0.023942 0.001662 0.145580
v -0.023940 0.008644 0.145850
v -0.023936 0.009273 0.145633
v -0.023929 -0.009270 0.141189
v -0.023929 0.009270 0.141189
v -0.023920 -0.005626 0.164353
v -0.023920 -0.001660 0.165244
v -0.023920 0.001660 0.165244
v -0.023920 0.005626 0.164353
v -0.023898 -0.002214 0.141280
v -0.023898 -0.002214 0.145580
v -0.023900 0.000000 0.145880
v -0.023900 0.000000 0.146780
v -0.023898 0.002214 0.141280
v -0.023898 0.002214 0.145580
v -0.023894 -0.008008 0.140880
v -0.023894 -0.000552 0.145880
v -0.023894 -0.000552 0.146780
v -0.023894 0.000552 0.145880
v -0.023894 0.000552 0.146780
v -0.023894 0.008008 0.140880
v -0.023882 -0.008623 0.140918
v -0.023876 -0.002212 0.165244
v -0.023876 0.002212 0.165244
v -0.023882 0.008623 0.140918
v -0.023875 -0.005036 0.140880
v -0.023874 -0.003894 0.165070
v -0.023874 -0.001104 0.145880
v -0.023874 -0.001104 0.146780
v -0.023874 0.001104 0.145880
v -0.023874 0.001104 0.146780
v -0.023874 0.003894 0.165070
v -0.023875 0.005036 0.140880
v -0.023855 -0.009242 0.145763
v -0.023855 0.009242 0.145763
v -0.023843 -0.005608 0.164616
v -0.023839 -0.005029 0.164858
v -0.023840 -0.002766 0.141280
v -0.023840 -0.002766 0.145580
v -0.023843 -0.001655 0.145880
v -0.023843 -0.001655 0.146780
v -0.023843 0.001655 0.145880
v -0.023843 0.001655 0.146780
v -0.023840 0.002766 0.141280
v -0.023840 0.002766 0.145580
v -0.023839 0.005029 0.164858
v -0.023843 0.005608 0.164616
v -0.023828 -0.009231 0.141026
v -0.023828 0.009231 0.141026
v -0.023818 -0.002763 0.165244
v -0.023818 0.002763 0.165244
v -0.023810 -0.006184 0.146780
v -0.023810 -0.006184 0.147080
v -0.023810 -0.006184 0.147980
v -0.023810 -0.006184 0.155180
v -0.023810 -0.006184 0.162380
v -0.023810 -0.006184 0.163280
v -0.023810 -0.006184 0.164080
v -0.023810 0.006184 0.146780
v -0.023810 0.006184 0.147080
v -0.023810 0.006184 0.147980
v -0.023810 0.006184 0.155180
v -0.023810 0.006184 0.162380
v -0.023810 0.006184 0.163280
v -0.023810 0.006184 0.164080
v -0.023796 -0.008592 0.145880
v -0.023798 -0.002205 0.145880
v -0.023798 -0.002205 0.146780
v -0.023798 0.002205 0.145880
v -0.023798 0.002205 0.146780
v -0.023796 0.008592 0.145880
v -0.023794 0.007975 0.147980
v -0.023794 0.007975 0.155180
v -0.023794 0.007975 0.162380
v -0.023778 -0.009212 0.147980
v -0.023778 -0.009212 0.155180
v -0.023778 -0.009212 0.162380
v -0.023784 -0.006177 0.164353
v -0.023778 -0.004445 0.165070
v -0.023778 0.004445 0.165070
v -0.023784 0.006177 0.164353
v -0.023778 0.009212 0.147980
v -0.023778 0.009212 0.155180
v -0.023778 0.009212 0.162380
v -0.023770 -0.003316 0.141280
v -0.023770 -0.003316 0.145580
v -0.023770 0.003316 0.141280
v -0.023770 0.003316 0.145580
v -0.023752 -0.005586 0.140880
v -0.023748 -0.003313 0.165244
v -0.023748 0.003313 0.165244
v -0.023752 0.005586 0.140880
v -0.023744 -0.009835 0.141380
v -0.023744 -0.009835 0.145480
v -0.023741 -0.002754 0.145880
v -0.023741 -0.002754 0.146780
v -0.023736 0.000000 0.165373
v -0.023741 0.002754 0.145880
v -0.023741 0.002754 0.146780
v -0.023744 0.009835 0.141380
v -0.023744 0.009835 0.145480
v -0.023734 -0.009195 0.145850
v -0.023729 -0.000548 0.165373
v -0.023729 0.000548 0.165373
v -0.023734 0.009195 0.145850
v -0.023716 -0.009823 0.145633
v -0.023717 -0.005578 0.164858
v -0.023717 0.005578 0.164858
v -0.023716 0.009823 0.145633
v -0.023709 -0.009820 0.141189
v -0.023707 -0.006157 0.164616
v -0.023710 -0.001096 0.165373
v -0.023710 0.001096 0.165373
v -0.023707 0.006157 0.164616
v -0.023709 0.009820 0.141189
v -0.023702 -0.008558 0.140880
v -0.023702 0.008558 0.140880
v -0.023687 -0.003864 0.141280
v -0.023687 -0.003864 0.145580
v -0.023687 0.003864 0.141280
v -0.023687 0.003864 0.145580
v -0.023677 -0.009172 0.140918
v -0.023679 -0.001644 0.165373
v -0.023679 0.001644 0.165373
v -0.023677 0.009172 0.140918
v -0.023669 -0.004993 0.165070
v -0.023665 -0.003860 0.165244
v -0.023671 -0.003302 0.145880
v -0.023671 -0.003302 0.146780
v -0.023671 0.003302 0.145880
v -0.023671 0.003302 0.146780
v -0.023665 0.003860 0.165244
v -0.023669 0.004993 0.165070
v -0.023661 -0.006732 0.146780
v -0.023661 -0.006732 0.147080
v -0.023661 -0.006732 0.147980
v -0.023661 -0.006732 0.155180
v -0.023661 -0.006732 0.162380
v -0.023661 -0.006732 0.163280
v -0.023661 -0.006732 0.164080
v -0.023661 0.006732 0.146780
v -0.023661 0.006732 0.147080
v -0.023661 0.006732 0.147980
v -0.023661 0.006732 0.155180
v -0.023661 0.006732 0.162380
v -0.023661 0.006732 0.163280
v -0.023661 0.006732 0.164080
v -0.023635 -0.009790 0.145763
v -0.023635 -0.006725 0.164353
v -0.023635 0.006725 0.164353
v -0.023635 0.009790 0.145763
v -0.023635 -0.002190 0.165373
v -0.023635 0.002190 0.165373
v -0.023617 -0.006134 0.140880
v -0.023617 0.006134 0.140880
v -0.023608 -0.009779 0.141026
v -0.023608 0.009779 0.141026
v -0.023604 -0.008522 0.147980
v -0.023604 -0.008522 0.155180
v -0.023604 -0.008522 0.162380
v -0.023592 -0.009139 0.145880
v -0.023591 -0.004410 0.141280
v -0.023591 -0.004410 0.145580
v -0.023588 -0.003848 0.145880
v -0.023588 -0.003848 0.146780
v -0.023588 0.003848 0.145880
v -0.023588 0.003848 0.146780
v -0.023591 0.004410 0.141280
v -0.023591 0.004410 0.145580
v -0.023592 0.009139 0.145880
v -0.023582 -0.006124 0.164858
v -0.023578 -0.002735 0.165373
v -0.023578 0.002735 0.165373
v -0.023582 0.006124 0.164858
v -0.023570 -0.004406 0.165244
v -0.023570 0.004406 0.165244
v -0.023559 -0.009758 0.147980
v -0.023559 -0.009758 0.155180
v -0.023559 -0.009758 0.162380
v -0.023558 -0.006703 0.164616
v -0.023558 0.006703 0.164616
v -0.023547 -0.005538 0.165070
v -0.023547 0.005538 0.165070
v -0.023516 -0.009740 0.145850
v -0.023516 0.009740 0.145850
v -0.023510 -0.010381 0.141380
v -0.023510 -0.010381 0.145480
v -0.023508 -0.003279 0.165373
v -0.023508 0.003279 0.165373
v -0.023510 0.010381 0.141380
v -0.023510 0.010381 0.145480
v -0.023498 -0.009103 0.140880
v -0.023499 -0.007277 0.146780
v -0.023499 -0.007277 0.147080
v -0.023499 -0.007277 0.147980
v -0.023499 -0.007277 0.155180
v -0.023499 -0.007277 0.162380
v -0.023499 -0.007277 0.163280
v -0.023499 -0.007277 0.164080
v -0.023499 0.007277 0.146780
v -0.023499 0.007277 0.147080
v -0.023499 0.007277 0.147980
v -0.023499 0.007277 0.155180
v -0.023499 0.007277 0.162380
v -0.023499 0.007277 0.163280
v -0.023499 0.007277 0.164080
v -0.023498 0.009103 0.140880
v -0.023493 -0.004392 0.145880
v -0.023493 -0.004392 0.146780
v -0.023493 0.004392 0.145880
v -0.023493 0.004392 0.146780
v -0.023475 -0.010365 0.141189
v -0.023482 -0.010368 0.145633
v -0.023483 -0.004954 0.141280
v -0.023483 -0.004954 0.145580
v -0.023483 0.004954 0.141280
v -0.023483 0.004954 0.145580
v -0.023475 0.010365 0.141189
v -0.023482 0.010368 0.145633
v -0.023473 -0.007269 0.164353
v -0.023469 -0.006677 0.140880
v -0.023467 -0.000542 0.165453
v -0.023473 0.000000 0.165453
v -0.023467 0.000542 0.165453
v -0.023469 0.006677 0.140880
v -0.023473 0.007269 0.164353
v -0.023459 -0.009717 0.140918
v -0.023461 -0.004949 0.165244
v -0.023461 0.004949 0.165244
v -0.023459 0.009717 0.140918
v -0.023448 -0.001084 0.165453
v -0.023448 0.001084 0.165453
v -0.023434 -0.006668 0.164858
v -0.023426 -0.003821 0.165373
v -0.023426 0.003821 0.165373
v -0.023434 0.006668 0.164858
v -0.023417 -0.001625 0.165453
v -0.023417 0.001625 0.165453
v -0.023413 -0.006081 0.165070
v -0.023413 0.006081 0.165070
v -0.023403 -0.010333 0.145763
v -0.023397 -0.007245 0.164616
v -0.023397 0.007245 0.164616
v -0.023403 0.010333 0.145763
v -0.023385 -0.004933 0.145880
v -0.023385 -0.004933 0.146780
v -0.023385 0.004933 0.145880
v -0.023385 0.004933 0.146780
v -0.023376 -0.010322 0.141026
v -0.023376 0.010322 0.141026
v -0.023374 -0.009682 0.145880
v -0.023373 -0.002166 0.165453
v -0.023373 0.002166 0.165453
v -0.023374 0.009682 0.145880
v -0.023363 -0.005495 0.141280
v -0.023363 -0.005495 0.145580
v -0.023363 0.005495 0.141280
v -0.023363 0.005495 0.145580
v -0.023341 -0.005490 0.165244
v -0.023341 0.005490 0.165244
v -0.023332 -0.004361 0.165373
v -0.023332 0.004361 0.165373
v -0.023325 -0.007818 0.146780
v -0.023325 -0.007818 0.147080
v -0.023325 -0.007818 0.147980
v -0.023325 -0.007818 0.155180
v -0.023325 -0.007818 0.162380
v -0.023325 -0.007818 0.163280
v -0.023325 -0.007818 0.164080
v -0.023317 -0.002705 0.165453
v -0.023317 0.002705 0.165453
v -0.023325 0.007818 0.146780
v -0.023325 0.007818 0.147080
v -0.023325 0.007818 0.163280
v -0.023325 0.007818 0.164080
v -0.023308 -0.007218 0.140880
v -0.023308 0.007218 0.140880
v -0.023299 -0.007809 0.164353
v -0.023300 0.000000 0.150380
v -0.023300 0.000000 0.152580
v -0.023300 0.000000 0.154580
v -0.023300 0.000000 0.156780
v -0.023299 0.007809 0.164353
v -0.023284 -0.010281 0.145850
v -0.023282 -0.009644 0.140880
v -0.023282 0.009644 0.140880
v -0.023284 0.010281 0.145850
v -0.023274 -0.007207 0.164858
v -0.023267 -0.006620 0.165070
v -0.023265 -0.005472 0.145880
v -0.023265 -0.005472 0.146780
v -0.023265 0.005472 0.145880
v -0.023265 0.005472 0.146780
v -0.023267 0.006620 0.165070
v -0.023274 0.007207 0.164858
v -0.023264 -0.010921 0.141380
v -0.023264 -0.010921 0.145480
v -0.023264 0.010921 0.141380
v -0.023264 0.010921 0.145480
v -0.023248 -0.003243 0.165453
v -0.023248 0.003243 0.165453
v -0.023237 -0.010908 0.145633
v -0.023237 0.010908 0.145633
v -0.023230 -0.010905 0.141189
v -0.023228 -0.010256 0.140918
v -0.023229 -0.006033 0.141280
v -0.023229 -0.006033 0.145580
v -0.023229 0.006033 0.141280
v -0.023229 0.006033 0.145580
v -0.023228 0.010256 0.140918
v -0.023230 0.010905 0.141189
v -0.023224 -0.007784 0.164616
v -0.023225 -0.004899 0.165373
v -0.023225 0.004899 0.165373
v -0.023224 0.007784 0.164616
v -0.023208 -0.006027 0.165244
v -0.023208 0.006027 0.165244
v -0.023200 0.000000 0.165480
v -0.023188 -0.002284 0.150446
v -0.023188 -0.002284 0.152646
v -0.023194 -0.000536 0.165480
v -0.023194 0.000536 0.165480
v -0.023188 0.002284 0.150314
v -0.023188 0.002284 0.152514
v -0.023188 0.002284 0.154514
v -0.023188 0.002284 0.156714
v -0.023175 -0.001071 0.165480
v -0.023175 0.001071 0.165480
v -0.023185 0.009603 0.147980
v -0.023185 0.009603 0.155180
v -0.023185 0.009603 0.162380
v -0.023167 -0.003779 0.165453
v -0.023167 0.003779 0.165453
v -0.023158 -0.010871 0.145763
v -0.023158 0.010871 0.145763
v -0.023144 -0.010219 0.145880
v -0.023138 -0.008354 0.146780
v -0.023138 -0.008354 0.147080
v -0.023138 -0.008354 0.163280
v -0.023138 -0.008354 0.164080
v -0.023135 -0.007754 0.140880
v -0.023144 -0.001606 0.165480
v -0.023144 0.001606 0.165480
v -0.023135 0.007754 0.140880
v -0.023138 0.008354 0.146780
v -0.023138 0.008354 0.147080
v -0.023138 0.008354 0.163280
v -0.023138 0.008354 0.164080
v -0.023144 0.010219 0.145880
v -0.023132 -0.010859 0.141026
v -0.023133 -0.006008 0.145880
v -0.023133 -0.006008 0.146780
v -0.023133 0.006008 0.145880
v -0.023133 0.006008 0.146780
v -0.023132 0.010859 0.141026
v -0.023113 -0.008345 0.164353
v -0.023107 -0.007156 0.165070
v -0.023105 -0.005434 0.165373
v -0.023105 0.005434 0.165373
v -0.023107 0.007156 0.165070
v -0.023113 0.008345 0.164353
v -0.023101 -0.007743 0.164858
v -0.023101 -0.002141 0.165480
v -0.023101 0.002141 0.165480
v -0.023101 0.007743 0.164858
v -0.023084 -0.006568 0.141280
v -0.023084 -0.006568 0.145580
v -0.023084 0.006568 0.141280
v -0.023084 0.006568 0.145580
v -0.023073 -0.004313 0.165453
v -0.023073 0.004313 0.165453
v -0.023062 -0.006562 0.165244
v -0.023062 0.006562 0.165244
v -0.023053 -0.010179 0.140880
v -0.023045 -0.002674 0.165480
v -0.023045 0.002674 0.165480
v -0.023053 0.010179 0.140880
v -0.023041 -0.010816 0.145850
v -0.023038 -0.008318 0.164616
v -0.023038 0.008318 0.164616
v -0.023041 0.010816 0.145850
v -0.023006 -0.011455 0.141380
v -0.023006 -0.011455 0.145480
v -0.023006 0.011455 0.141380
v -0.023006 0.011455 0.145480
v -0.023000 0.000000 0.146380
v -0.023000 0.000000 0.163880
v -0.022988 -0.006541 0.145880
v -0.022988 -0.006541 0.146780
v -0.022994 -0.000531 0.146380
v -0.022994 -0.000531 0.163880
v -0.022994 0.000531 0.146380
v -0.022994 0.000531 0.163880
v -0.022988 0.006541 0.145880
v -0.022988 0.006541 0.146780
v -0.022978 -0.011442 0.145633
v -0.022985 -0.010790 0.140918
v -0.022978 -0.003205 0.165480
v -0.022975 -0.001062 0.146380
v -0.022975 -0.001062 0.163880
v -0.022976 0.000000 0.155240
v -0.022976 0.000000 0.156120
v -0.022975 0.001062 0.146380
v -0.022975 0.001062 0.163880
v -0.022978 0.003205 0.165480
v -0.022985 0.010790 0.140918
v -0.022978 0.011442 0.145633
v -0.022972 -0.011439 0.141189
v -0.022974 -0.005967 0.165373
v -0.022968 -0.004845 0.165453
v -0.022968 0.004845 0.165453
v -0.022974 0.005967 0.165373
v -0.022972 0.011439 0.141189
v -0.022957 -0.010136 0.147980
v -0.022957 -0.010136 0.155180
v -0.022957 -0.010136 0.162380
v -0.022950 -0.008286 0.140880
v -0.022950 0.008286 0.140880
v -0.022939 -0.008887 0.146780
v -0.022939 -0.008887 0.147080
v -0.022939 -0.008887 0.163280
v -0.022939 -0.008887 0.164080
v -0.022936 -0.007687 0.165070
v -0.022945 -0.001593 0.146380
v -0.022945 -0.001593 0.163880
v -0.022945 0.001593 0.146380
v -0.022945 0.001593 0.163880
v -0.022936 0.007687 0.165070
v -0.022939 0.008887 0.146780
v -0.022939 0.008887 0.147080
v -0.022939 0.008887 0.163280
v -0.022939 0.008887 0.164080
v -0.022926 -0.007099 0.141280
v -0.022926 -0.007099 0.145580
v -0.022926 0.007099 0.141280
v -0.022926 0.007099 0.145580
v -0.022916 -0.008274 0.164858
v -0.022916 0.008274 0.164858
v -0.022914 -0.008877 0.164353
v -0.022914 0.008877 0.164353
v -0.022901 -0.011403 0.145763
v -0.022902 -0.010751 0.145880
v -0.022905 -0.007093 0.165244
v -0.022897 -0.003735 0.165480
v -0.022902 -0.002122 0.146380
v -0.022902 -0.002122 0.163880
v -0.022902 0.002122 0.146380
v -0.022902 0.002122 0.163880
v -0.022897 0.003735 0.165480
v -0.022905 0.007093 0.165244
v -0.022902 0.010751 0.145880
v -0.022901 0.011403 0.145763
v -0.022875 -0.011390 0.141026
v -0.022875 0.011390 0.141026
v -0.022850 -0.005374 0.165453
v -0.022852 -0.004546 0.150511
v -0.022852 -0.004546 0.152711
v -0.022847 -0.002651 0.146380
v -0.022847 -0.002651 0.163880
v -0.022847 0.002651 0.146380
v -0.022847 0.002651 0.163880
v -0.022852 0.004546 0.150249
v -0.022852 0.004546 0.152449
v -0.022852 0.004546 0.154449
v -0.022852 0.004546 0.156649
v -0.022850 0.005374 0.165453
v -0.022839 -0.008848 0.164616
v -0.022839 0.008848 0.164616
v -0.022830 -0.007070 0.145880
v -0.022830 -0.007070 0.146780
v -0.022830 -0.006496 0.165373
v -0.022830 0.006496 0.165373
v -0.022830 0.007070 0.145880
v -0.022830 0.007070 0.146780
v -0.022812 -0.010709 0.140880
v -0.022812 0.010709 0.140880
v -0.022805 -0.004263 0.165480
v -0.022805 0.004263 0.165480
v -0.022785 -0.011345 0.145850
v -0.022779 -0.003178 0.146380
v -0.022779 -0.003178 0.163880
v -0.022779 0.003178 0.146380
v -0.022779 0.003178 0.163880
v -0.022785 0.011345 0.145850
v -0.022756 -0.007627 0.141280
v -0.022756 -0.007627 0.145580
v -0.022756 0.007627 0.141280
v -0.022756 0.007627 0.145580
v -0.022752 -0.008814 0.140880
v -0.022752 -0.008215 0.165070
v -0.022752 0.008215 0.165070
v -0.022752 0.008814 0.140880
v -0.022735 -0.011984 0.141380
v -0.022735 -0.011984 0.145480
v -0.022729 -0.011318 0.140918
v -0.022727 -0.009414 0.146780
v -0.022727 -0.009414 0.147080
v -0.022727 -0.009414 0.163280
v -0.022727 -0.009414 0.164080
v -0.022735 -0.007620 0.165244
v -0.022734 0.002239 0.155174
v -0.022734 0.002239 0.156054
v -0.022735 0.007620 0.165244
v -0.022727 0.009414 0.146780
v -0.022727 0.009414 0.147080
v -0.022727 0.009414 0.163280
v -0.022727 0.009414 0.164080
v -0.022729 0.011318 0.140918
v -0.022735 0.011984 0.141380
v -0.022735 0.011984 0.145480
v -0.022719 -0.008801 0.164858
v -0.022719 -0.005901 0.165453
v -0.022719 0.005901 0.165453
v -0.022719 0.008801 0.164858
v -0.022708 -0.011970 0.145633
v -0.022708 0.011970 0.145633
v -0.022701 -0.011966 0.141189
v -0.022703 -0.009404 0.164353
v -0.022700 -0.004789 0.165480
v -0.022700 -0.003703 0.146380
v -0.022700 -0.003703 0.163880
v -0.022700 0.003703 0.146380
v -0.022700 0.003703 0.163880
v -0.022700 0.004789 0.165480
v -0.022703 0.009404 0.164353
v -0.022701 0.011966 0.141189
v -0.022674 -0.007021 0.165373
v -0.022674 0.007021 0.165373
v -0.022661 -0.007595 0.145880
v -0.022661 -0.007595 0.146780
v -0.022661 0.007595 0.145880
v -0.022661 0.007595 0.146780
v -0.022648 -0.011277 0.145880
v -0.022648 0.011277 0.145880
v -0.022631 -0.011929 0.145763
v -0.022629 -0.009373 0.164616
v -0.022629 0.009373 0.164616
v -0.022631 0.011929 0.145763
v -0.022605 -0.011916 0.141026
v -0.022608 -0.004226 0.146380
v -0.022608 -0.004226 0.163880
v -0.022608 0.004226 0.146380
v -0.022608 0.004226 0.163880
v -0.022605 0.011916 0.141026
v -0.022577 -0.006424 0.165453
v -0.022584 -0.005312 0.165480
v -0.022584 0.005312 0.165480
v -0.022577 0.006424 0.165453
v -0.022574 -0.008151 0.141280
v -0.022574 -0.008151 0.145580
v -0.022574 0.008151 0.141280
v -0.022574 0.008151 0.145580
v -0.022558 -0.011233 0.140880
v -0.022556 -0.008738 0.165070
v -0.022556 0.008738 0.165070
v -0.022558 0.011233 0.140880
v -0.022553 -0.008143 0.165244
v -0.022553 0.008143 0.165244
v -0.022543 -0.009337 0.140880
v -0.022543 0.009337 0.140880
v -0.022517 -0.011869 0.145850
v -0.022517 0.011869 0.145850
v -0.022509 -0.009324 0.164858
v -0.022505 -0.007543 0.165373
v -0.022505 0.007543 0.165373
v -0.022509 0.009324 0.164858
v -0.022504 -0.009936 0.146780
v -0.022504 -0.009936 0.147080
v -0.022504 -0.009936 0.163280
v -0.022504 -0.009936 0.164080
v -0.022505 -0.004747 0.146380
v -0.022505 -0.004747 0.163880
v -0.022505 0.004747 0.146380
v -0.022505 0.004747 0.163880
v -0.022504 0.009936 0.146780
v -0.022504 0.009936 0.147080
v -0.022504 0.009936 0.147980
v -0.022504 0.009936 0.155180
v -0.022504 0.009936 0.162380
v -0.022504 0.009936 0.163280
v -0.022504 0.009936 0.164080
v -0.022479 -0.009926 0.164353
v -0.022480 -0.008117 0.145880
v -0.022480 -0.008117 0.146780
v -0.022480 0.008117 0.145880
v -0.022480 0.008117 0.146780
v -0.022479 0.009926 0.164353
v -0.022462 -0.011840 0.140918
v -0.022455 -0.005832 0.165480
v -0.022455 0.005832 0.165480
v -0.022462 0.011840 0.140918
v -0.022452 -0.012506 0.141380
v -0.022452 -0.012506 0.145480
v -0.022452 0.012506 0.141380
v -0.022452 0.012506 0.145480
v -0.022425 -0.012491 0.145633
v -0.022425 0.012491 0.145633
v -0.022419 -0.012487 0.141189
v -0.022423 -0.006943 0.165453
v -0.022423 0.006943 0.165453
v -0.022419 0.012487 0.141189
v -0.022406 -0.009893 0.164616
v -0.022406 0.009893 0.164616
v -0.022389 -0.005266 0.146380
v -0.022389 -0.005266 0.163880
v -0.022389 0.005266 0.146380
v -0.022389 0.005266 0.163880
v -0.022381 -0.011797 0.145880
v -0.022379 -0.008670 0.141280
v -0.022379 -0.008670 0.145580
v -0.022379 0.008670 0.141280
v -0.022379 0.008670 0.145580
v -0.022381 0.011797 0.145880
v -0.022359 -0.008662 0.165244
v -0.022359 0.008662 0.165244
v -0.022350 -0.012449 0.145763
v -0.022349 -0.009257 0.165070
v -0.022349 0.009257 0.165070
v -0.022350 0.012449 0.145763
v -0.022325 -0.008061 0.165373
v -0.022325 0.008061 0.165373
v -0.022324 -0.012434 0.141026
v -0.022321 -0.009856 0.140880
v -0.022321 0.009856 0.140880
v -0.022324 0.012434 0.141026
v -0.022314 -0.006349 0.165480
v -0.022314 0.006349 0.165480
v -0.022297 -0.006764 0.150577
v -0.022297 -0.006764 0.152777
v -0.022297 0.006764 0.150183
v -0.022297 0.006764 0.152383
v -0.022297 0.006764 0.154383
v -0.022297 0.006764 0.156583
v -0.022293 -0.011751 0.140880
v -0.022288 -0.009841 0.164858
v -0.022286 -0.008634 0.145880
v -0.022286 -0.008634 0.146780
v -0.022286 0.008634 0.145880
v -0.022286 0.008634 0.146780
v -0.022288 0.009841 0.164858
v -0.022293 0.011751 0.140880
v -0.022268 -0.010454 0.146780
v -0.022268 -0.010454 0.147080
v -0.022268 -0.010454 0.147980
v -0.022268 -0.010454 0.155180
v -0.022268 -0.010454 0.162380
v -0.022268 -0.010454 0.163280
v -0.022268 -0.010454 0.164080
v -0.022268 0.010454 0.146780
v -0.022268 0.010454 0.147080
v -0.022268 0.010454 0.147980
v -0.022268 0.010454 0.155180
v -0.022268 0.010454 0.162380
v -0.022268 0.010454 0.163280
v -0.022268 0.010454 0.164080
v -0.022256 -0.007460 0.165453
v -0.022261 -0.005782 0.146380
v -0.022261 -0.005782 0.163880
v -0.022261 0.005782 0.146380
v -0.022261 0.005782 0.163880
v -0.022256 0.007460 0.165453
v -0.022252 0.004426 0.155109
v -0.022252 0.004426 0.155989
v -0.022236 -0.012386 0.145850
v -0.022244 -0.010442 0.164353
v -0.022244 0.010442 0.164353
v -0.022236 0.012386 0.145850
v -0.022182 -0.012356 0.140918
v -0.022182 0.012356 0.140918
v -0.022172 -0.010408 0.164616
v -0.022173 -0.009184 0.141280
v -0.022173 -0.009184 0.145580
v -0.022173 0.009184 0.141280
v -0.022173 0.009184 0.145580
v -0.022172 0.010408 0.164616
v -0.022157 -0.013021 0.141380
v -0.022157 -0.013021 0.145480
v -0.022162 -0.006863 0.165480
v -0.022162 0.006863 0.165480
v -0.022157 0.013021 0.141380
v -0.022157 0.013021 0.145480
v -0.022153 -0.009176 0.165244
v -0.022153 0.009176 0.165244
v -0.022131 -0.013006 0.145633
v -0.022129 -0.009771 0.165070
v -0.022133 -0.008574 0.165373
v -0.022133 0.008574 0.165373
v -0.022129 0.009771 0.165070
v -0.022131 0.013006 0.145633
v -0.022124 -0.013002 0.141189
v -0.022122 -0.006294 0.146380
v -0.022122 -0.006294 0.163880
v -0.022122 0.006294 0.146380
v -0.022122 0.006294 0.163880
v -0.022124 0.013002 0.141189
v -0.022103 -0.012311 0.145880
v -0.022103 0.012311 0.145880
v -0.022087 -0.010369 0.140880
v -0.022087 0.010369 0.140880
v -0.022081 -0.009146 0.145880
v -0.022081 -0.009146 0.146780
v -0.022078 -0.007972 0.165453
v -0.022078 0.007972 0.165453
v -0.022081 0.009146 0.145880
v -0.022081 0.009146 0.146780
v -0.022056 -0.012962 0.145763
v -0.022056 0.012962 0.145763
v -0.022055 -0.010353 0.164858
v -0.022055 0.010353 0.164858
v -0.022031 -0.012947 0.141026
v -0.022031 0.012947 0.141026
v -0.022015 -0.012262 0.140880
v -0.022021 -0.010965 0.146780
v -0.022021 -0.010965 0.147080
v -0.022021 -0.010965 0.147980
v -0.022021 -0.010965 0.155180
v -0.022021 -0.010965 0.162380
v -0.022021 -0.010965 0.163280
v -0.022021 -0.010965 0.164080
v -0.022021 0.010965 0.146780
v -0.022021 0.010965 0.147080
v -0.022021 0.010965 0.147980
v -0.022021 0.010965 0.155180
v -0.022021 0.010965 0.162380
v -0.022021 0.010965 0.163280
v -0.022021 0.010965 0.164080
v -0.022015 0.012262 0.140880
v -0.021997 -0.010953 0.164353
v -0.021997 -0.007373 0.165480
v -0.021997 0.007373 0.165480
v -0.021997 0.010953 0.164353
v -0.021985 0.012920 0.147980
v -0.021985 0.012920 0.155180
v -0.021985 0.012920 0.162380
v -0.021971 -0.006804 0.146380
v -0.021971 -0.006804 0.163880
v -0.021971 0.006804 0.146380
v -0.021971 0.006804 0.163880
v -0.021955 -0.009694 0.141280
v -0.021955 -0.009694 0.145580
v -0.021955 0.009694 0.141280
v -0.021955 0.009694 0.145580
v -0.021944 -0.012896 0.145850
v -0.021944 0.012896 0.145850
v -0.021926 -0.010918 0.164616
v -0.021935 -0.009685 0.165244
v -0.021929 -0.009083 0.165373
v -0.021929 0.009083 0.165373
v -0.021935 0.009685 0.165244
v -0.021926 0.010918 0.164616
v -0.021924 0.012211 0.147980
v -0.021924 0.012211 0.155180
v -0.021924 0.012211 0.162380
v -0.021897 -0.010279 0.165070
v -0.021897 0.010279 0.165070
v -0.021891 -0.012865 0.140918
v -0.021888 -0.008479 0.165453
v -0.021888 0.008479 0.165453
v -0.021891 0.012865 0.140918
v -0.021864 -0.009654 0.145880
v -0.021864 -0.009654 0.146780
v -0.021864 0.009654 0.145880
v -0.021864 0.009654 0.146780
v -0.021851 -0.013529 0.141380
v -0.021851 -0.013529 0.145480
v -0.021851 0.013529 0.141380
v -0.021851 0.013529 0.145480
v -0.021842 -0.010876 0.140880
v -0.021842 0.010876 0.140880
v -0.021818 -0.013509 0.141189
v -0.021825 -0.013513 0.145633
v -0.021821 -0.007879 0.165480
v -0.021821 0.007879 0.165480
v -0.021818 0.013509 0.141189
v -0.021825 0.013513 0.145633
v -0.021812 -0.012818 0.145880
v -0.021810 -0.010860 0.164858
v -0.021808 -0.007309 0.146380
v -0.021808 -0.007309 0.163880
v -0.021808 0.007309 0.146380
v -0.021808 0.007309 0.163880
v -0.021810 0.010860 0.164858
v -0.021812 0.012818 0.145880
v -0.021800 0.000000 0.151040
v -0.021800 0.000000 0.151920
v -0.021762 -0.011471 0.146780
v -0.021762 -0.011471 0.147080
v -0.021762 -0.011471 0.147980
v -0.021762 -0.011471 0.155180
v -0.021762 -0.011471 0.162380
v -0.021762 -0.011471 0.163280
v -0.021762 -0.011471 0.164080
v -0.021762 0.011471 0.146780
v -0.021762 0.011471 0.147080
v -0.021762 0.011471 0.147980
v -0.021762 0.011471 0.155180
v -0.021762 0.011471 0.162380
v -0.021762 0.011471 0.163280
v -0.021762 0.011471 0.164080
v -0.021751 -0.013468 0.145763
v -0.021751 0.013468 0.145763
v -0.021738 -0.011458 0.164353
v -0.021738 0.011458 0.164353
v -0.021726 -0.013452 0.141026
v -0.021726 -0.012768 0.140880
v -0.021725 -0.010199 0.141280
v -0.021725 -0.010199 0.145580
v -0.021725 0.010199 0.141280
v -0.021725 0.010199 0.145580
v -0.021726 0.012768 0.140880
v -0.021726 0.013452 0.141026
v -0.021705 -0.010189 0.165244
v -0.021713 -0.009587 0.165373
v -0.021713 0.009587 0.165373
v -0.021705 0.010189 0.165244
v -0.021695 -0.002137 0.151106
v -0.021695 -0.002137 0.151986
v -0.021695 0.002137 0.150974
v -0.021695 0.002137 0.151854
v -0.021686 -0.008983 0.165453
v -0.021686 0.008983 0.165453
v -0.021681 -0.013424 0.147980
v -0.021681 -0.013424 0.155180
v -0.021681 -0.013424 0.162380
v -0.021681 0.013424 0.147980
v -0.021681 0.013424 0.155180
v -0.021681 0.013424 0.162380
v -0.021668 -0.011421 0.164616
v -0.021668 0.011421 0.164616
v -0.021654 -0.010782 0.165070
v -0.021654 0.010782 0.165070
v -0.021641 -0.013399 0.145850
v -0.021636 -0.012714 0.147980
v -0.021636 -0.012714 0.155180
v -0.021636 -0.012714 0.162380
v -0.021641 0.013399 0.145850
v -0.021635 -0.010156 0.145880
v -0.021635 -0.010156 0.146780
v -0.021633 -0.008381 0.165480
v -0.021633 -0.007811 0.146380
v -0.021633 -0.007811 0.163880
v -0.021633 0.007811 0.146380
v -0.021633 0.007811 0.163880
v -0.021633 0.008381 0.165480
v -0.021635 0.010156 0.145880
v -0.021635 0.010156 0.146780
v -0.021588 -0.013367 0.140918
v -0.021588 0.013367 0.140918
v -0.021585 -0.011378 0.140880
v -0.021585 0.011378 0.140880
v -0.021561 0.006540 0.155043
v -0.021561 0.006540 0.155923
v -0.021553 -0.011361 0.164858
v -0.021553 0.011361 0.164858
v -0.021532 -0.014030 0.141380
v -0.021532 -0.014030 0.145480
v -0.021526 -0.008917 0.150643
v -0.021526 -0.008917 0.152843
v -0.021526 0.008917 0.150118
v -0.021526 0.008917 0.152318
v -0.021526 0.008917 0.154318
v -0.021526 0.008917 0.156518
v -0.021532 0.014030 0.141380
v -0.021532 0.014030 0.145480
v -0.021507 -0.014014 0.145633
v -0.021510 -0.013319 0.145880
v -0.021510 0.013319 0.145880
v -0.021507 0.014014 0.145633
v -0.021500 -0.014010 0.141189
v -0.021500 0.014010 0.141189
v -0.021491 -0.011970 0.146780
v -0.021491 -0.011970 0.147080
v -0.021491 -0.011970 0.147980
v -0.021491 -0.011970 0.155180
v -0.021491 -0.011970 0.162380
v -0.021491 -0.011970 0.163280
v -0.021491 -0.011970 0.164080
v -0.021486 -0.010086 0.165373
v -0.021486 0.010086 0.165373
v -0.021491 0.011970 0.146780
v -0.021491 0.011970 0.147080
v -0.021491 0.011970 0.163280
v -0.021491 0.011970 0.164080
v -0.021484 -0.010698 0.141280
v -0.021484 -0.010698 0.145580
v -0.021484 0.010698 0.141280
v -0.021484 0.010698 0.145580
v -0.021468 -0.011957 0.164353
v -0.021473 -0.009481 0.165453
v -0.021473 0.009481 0.165453
v -0.021468 0.011957 0.164353
v -0.021464 -0.010688 0.165244
v -0.021464 0.010688 0.165244
v -0.021447 -0.008309 0.146380
v -0.021447 -0.008309 0.163880
v -0.021447 0.008309 0.146380
v -0.021447 0.008309 0.163880
v -0.021434 -0.013966 0.145763
v -0.021425 -0.013266 0.140880
v -0.021434 -0.008878 0.165480
v -0.021434 0.008878 0.165480
v -0.021425 0.013266 0.140880
v -0.021434 0.013966 0.145763
v -0.021410 -0.013950 0.141026
v -0.021410 0.013950 0.141026
v -0.021398 -0.011919 0.164616
v -0.021399 -0.011280 0.165070
v -0.021399 0.011280 0.165070
v -0.021398 0.011919 0.164616
v -0.021394 -0.010653 0.145880
v -0.021394 -0.010653 0.146780
v -0.021394 0.010653 0.145880
v -0.021394 0.010653 0.146780
v -0.021381 -0.004253 0.151171
v -0.021381 -0.004253 0.152051
v -0.021381 0.004253 0.150909
v -0.021381 0.004253 0.151789
v -0.021365 -0.013921 0.147980
v -0.021365 -0.013921 0.155180
v -0.021365 -0.013921 0.162380
v -0.021325 -0.013896 0.145850
v -0.021325 0.013896 0.145850
v -0.021316 -0.011873 0.140880
v -0.021316 0.011873 0.140880
v -0.021285 -0.011856 0.164858
v -0.021285 0.011856 0.164858
v -0.021274 -0.013862 0.140918
v -0.021274 0.013862 0.140918
v -0.021247 -0.010580 0.165373
v -0.021248 -0.009975 0.165453
v -0.021249 -0.008802 0.146380
v -0.021249 -0.008802 0.163880
v -0.021249 0.008802 0.146380
v -0.021249 0.008802 0.163880
v -0.021248 0.009975 0.165453
v -0.021247 0.010580 0.165373
v -0.021231 -0.011191 0.141280
v -0.021231 -0.011191 0.145580
v -0.021231 0.011191 0.141280
v -0.021231 0.011191 0.145580
v -0.021223 -0.009371 0.165480
v -0.021223 0.009371 0.165480
v -0.021209 -0.012464 0.146780
v -0.021209 -0.012464 0.147080
v -0.021209 -0.012464 0.163280
v -0.021209 -0.012464 0.164080
v -0.021211 -0.011181 0.165244
v -0.021211 0.011181 0.165244
v -0.021209 0.012464 0.146780
v -0.021209 0.012464 0.147080
v -0.021209 0.012464 0.163280
v -0.021209 0.012464 0.164080
v -0.021202 -0.014524 0.141380
v -0.021202 -0.014524 0.145480
v -0.021197 -0.013812 0.145880
v -0.021197 0.013812 0.145880
v -0.021202 0.014524 0.141380
v -0.021202 0.014524 0.145480
v -0.021186 -0.012450 0.164353
v -0.021186 0.012450 0.164353
v -0.021177 -0.014507 0.145633
v -0.021177 0.014507 0.145633
v -0.021171 -0.014502 0.141189
v -0.021171 0.014502 0.141189
v -0.021143 -0.011144 0.145880
v -0.021143 -0.011144 0.146780
v -0.021143 0.011144 0.145880
v -0.021143 0.011144 0.146780
v -0.021133 -0.011771 0.165070
v -0.021133 0.011771 0.165070
v -0.021117 -0.012410 0.164616
v -0.021117 0.012410 0.164616
v -0.021106 -0.014458 0.145763
v -0.021113 -0.013757 0.140880
v -0.021113 0.013757 0.140880
v -0.021106 0.014458 0.145763
v -0.021082 -0.014441 0.141026
v -0.021082 0.014441 0.141026
v -0.021036 -0.012362 0.140880
v -0.021040 -0.009290 0.146380
v -0.021040 -0.009290 0.163880
v -0.021040 0.009290 0.146380
v -0.021040 0.009290 0.163880
v -0.021036 0.012362 0.140880
v -0.021025 0.013700 0.147980
v -0.021025 0.013700 0.155180
v -0.021025 0.013700 0.162380
v -0.021005 -0.012344 0.164858
v -0.021012 -0.010463 0.165453
v -0.021012 0.010463 0.165453
v -0.021005 0.012344 0.164858
v -0.020999 -0.014384 0.145850
v -0.020997 -0.011068 0.165373
v -0.021001 -0.009859 0.165480
v -0.021001 0.009859 0.165480
v -0.020997 0.011068 0.165373
v -0.020999 0.014384 0.145850
v -0.020967 -0.011679 0.141280
v -0.020967 -0.011679 0.145580
v -0.020967 0.011679 0.141280
v -0.020967 0.011679 0.145580
v -0.020948 -0.014350 0.140918
v -0.020948 -0.011668 0.165244
v -0.020948 0.011668 0.165244
v -0.020948 0.014350 0.140918
v -0.020915 -0.012950 0.146780
v -0.020915 -0.012950 0.147080
v -0.020915 -0.012950 0.163280
v -0.020915 -0.012950 0.164080
v -0.020915 0.012950 0.146780
v -0.020915 0.012950 0.147080
v -0.020915 0.012950 0.163280
v -0.020915 0.012950 0.164080
v -0.020892 -0.012936 0.164353
v -0.020892 0.012936 0.164353
v -0.020880 -0.011630 0.145880
v -0.020880 -0.011630 0.146780
v -0.020880 0.011630 0.145880
v -0.020880 0.011630 0.146780
v -0.020872 -0.014298 0.145880
v -0.020872 0.014298 0.145880
v -0.020861 -0.015010 0.141380
v -0.020861 -0.015010 0.145480
v -0.020855 -0.012256 0.165070
v -0.020861 -0.006328 0.151237
v -0.020861 -0.006328 0.152117
v -0.020861 0.006328 0.150843
v -0.020861 0.006328 0.151723
v -0.020855 0.012256 0.165070
v -0.020861 0.015010 0.141380
v -0.020861 0.015010 0.145480
v -0.020837 -0.014992 0.145633
v -0.020837 0.014992 0.145633
v -0.020830 -0.014988 0.141189
v -0.020830 0.014988 0.141189
v -0.020825 -0.012894 0.164616
v -0.020820 -0.009774 0.146380
v -0.020820 -0.009774 0.163880
v -0.020820 0.009774 0.146380
v -0.020820 0.009774 0.163880
v -0.020825 0.012894 0.164616
v -0.020790 -0.014241 0.140880
v -0.020790 0.014241 0.140880
v -0.020766 -0.014941 0.145763
v -0.020765 -0.010945 0.165453
v -0.020768 -0.010341 0.165480
v -0.020768 0.010341 0.165480
v -0.020765 0.010945 0.165453
v -0.020766 0.014941 0.145763
v -0.020745 -0.012845 0.140880
v -0.020745 0.012845 0.140880
v -0.020742 -0.014924 0.141026
v -0.020736 -0.011550 0.165373
v -0.020736 0.011550 0.165373
v -0.020742 0.014924 0.141026
v -0.020715 -0.012826 0.164858
v -0.020715 0.012826 0.164858
v -0.020703 -0.014182 0.147980
v -0.020703 -0.014182 0.155180
v -0.020703 -0.014182 0.162380
v -0.020692 -0.012160 0.141280
v -0.020692 -0.012160 0.145580
v -0.020692 0.012160 0.141280
v -0.020692 0.012160 0.145580
v -0.020672 -0.012148 0.165244
v -0.020672 0.008563 0.154978
v -0.020672 0.008563 0.155858
v -0.020672 0.012148 0.165244
v -0.020661 -0.014866 0.145850
v -0.020661 0.014866 0.145850
v -0.020611 -0.014830 0.140918
v -0.020611 -0.013430 0.146780
v -0.020611 -0.013430 0.147080
v -0.020611 -0.013430 0.163280
v -0.020611 -0.013430 0.164080
v -0.020605 -0.012109 0.145880
v -0.020605 -0.012109 0.146780
v -0.020605 0.012109 0.145880
v -0.020605 0.012109 0.146780
v -0.020611 0.013430 0.146780
v -0.020611 0.013430 0.147080
v -0.020611 0.013430 0.163280
v -0.020611 0.013430 0.164080
v -0.020611 0.014830 0.140918
v -0.020588 -0.013415 0.164353
v -0.020589 -0.010252 0.146380
v -0.020589 -0.010252 0.163880
v -0.020589 0.010252 0.146380
v -0.020589 0.010252 0.163880
v -0.020588 0.013415 0.164353
v -0.020567 -0.012734 0.165070
v -0.020567 0.012734 0.165070
v -0.020549 -0.010984 0.150708
v -0.020549 -0.010984 0.152908
v -0.020549 0.010984 0.150052
v -0.020549 0.010984 0.152252
v -0.020549 0.010984 0.154252
v -0.020549 0.010984 0.156452
v -0.020537 -0.014776 0.145880
v -0.020537 0.014776 0.145880
v -0.020521 -0.013372 0.164616
v -0.020523 -0.010818 0.165480
v -0.020523 0.010818 0.165480
v -0.020521 0.013372 0.164616
v -0.020509 -0.015488 0.141380
v -0.020509 -0.015488 0.145480
v -0.020507 -0.011422 0.165453
v -0.020507 0.011422 0.165453
v -0.020509 0.015488 0.141380
v -0.020509 0.015488 0.145480
v -0.020485 -0.015469 0.145633
v -0.020479 -0.015465 0.141189
v -0.020479 0.015465 0.141189
v -0.020485 0.015469 0.145633
v -0.020455 -0.014718 0.140880
v -0.020464 -0.012026 0.165373
v -0.020464 0.012026 0.165373
v -0.020455 0.014718 0.140880
v -0.020443 -0.013321 0.140880
v -0.020443 0.013321 0.140880
v -0.020416 -0.015417 0.145763
v -0.020416 0.015417 0.145763
v -0.020413 -0.013301 0.164858
v -0.020405 -0.012634 0.141280
v -0.020405 -0.012634 0.145580
v -0.020405 0.012634 0.141280
v -0.020405 0.012634 0.145580
v -0.020413 0.013301 0.164858
v -0.020392 -0.015399 0.141026
v -0.020386 -0.012623 0.165244
v -0.020386 0.012623 0.165244
v -0.020392 0.015399 0.141026
v -0.020346 -0.010725 0.146380
v -0.020346 -0.010725 0.163880
v -0.020346 0.010725 0.146380
v -0.020346 0.010725 0.163880
v -0.020320 -0.012582 0.145880
v -0.020320 -0.012582 0.146780
v -0.020320 0.012582 0.145880
v -0.020320 0.012582 0.146780
v -0.020312 -0.015339 0.145850
v -0.020312 0.015339 0.145850
v -0.020295 -0.013902 0.146780
v -0.020295 -0.013902 0.147080
v -0.020295 -0.013902 0.163280
v -0.020295 -0.013902 0.164080
v -0.020295 0.013902 0.146780
v -0.020295 0.013902 0.147080
v -0.020295 0.013902 0.147980
v -0.020295 0.013902 0.155180
v -0.020295 0.013902 0.162380
v -0.020295 0.013902 0.163280
v -0.020295 0.013902 0.164080
v -0.020273 -0.013887 0.164353
v -0.020267 -0.013206 0.165070
v -0.020268 -0.011289 0.165480
v -0.020268 0.011289 0.165480
v -0.020267 0.013206 0.165070
v -0.020273 0.013887 0.164353
v -0.020263 -0.015302 0.140918
v -0.020263 0.015302 0.140918
v -0.020237 -0.011893 0.165453
v -0.020237 0.011893 0.165453
v -0.020207 -0.013842 0.164616
v -0.020207 0.013842 0.164616
v -0.020190 -0.015247 0.145880
v -0.020190 0.015247 0.145880
v -0.020181 -0.012495 0.165373
v -0.020181 0.012495 0.165373
v -0.020146 -0.015957 0.141380
v -0.020146 -0.015957 0.145480
v -0.020146 0.015957 0.141380
v -0.020146 0.015957 0.145480
v -0.020141 -0.008342 0.151303
v -0.020141 -0.008342 0.152183
v -0.020141 0.008342 0.150778
v -0.020141 0.008342 0.151658
v -0.020130 -0.013789 0.140880
v -0.020130 0.013789 0.140880
v -0.020122 -0.015938 0.145633
v -0.020116 -0.015934 0.141189
v -0.020116 0.015934 0.141189
v -0.020122 0.015938 0.145633
v -0.020110 -0.015186 0.140880
v -0.020108 -0.013102 0.141280
v -0.020108 -0.013102 0.145580
v -0.020108 0.013102 0.141280
v -0.020108 0.013102 0.145580
v -0.020110 0.015186 0.140880
v -0.020100 -0.013769 0.164858
v -0.020100 0.013769 0.164858
v -0.020089 -0.013090 0.165244
v -0.020093 -0.011192 0.146380
v -0.020093 -0.011192 0.163880
v -0.020093 0.011192 0.146380
v -0.020093 0.011192 0.163880
v -0.020089 0.013090 0.165244
v -0.020054 -0.015885 0.145763
v -0.020054 0.015885 0.145763
v -0.020031 -0.015866 0.141026
v -0.020031 0.015866 0.141026
v -0.020024 -0.013048 0.145880
v -0.020024 -0.013048 0.146780
v -0.020024 0.013048 0.145880
v -0.020024 0.013048 0.146780
v -0.020002 -0.011754 0.165480
v -0.020002 0.011754 0.165480
v -0.019968 -0.014367 0.146780
v -0.019968 -0.014367 0.147080
v -0.019968 -0.014367 0.147980
v -0.019968 -0.014367 0.155180
v -0.019968 -0.014367 0.162380
v -0.019968 -0.014367 0.163280
v -0.019968 -0.014367 0.164080
v -0.019968 0.014367 0.146780
v -0.019968 0.014367 0.147080
v -0.019968 0.014367 0.147980
v -0.019968 0.014367 0.155180
v -0.019968 0.014367 0.162380
v -0.019968 0.014367 0.163280
v -0.019968 0.014367 0.164080
v -0.019957 -0.013671 0.165070
v -0.019957 -0.012357 0.165453
v -0.019957 0.012357 0.165453
v -0.019957 0.013671 0.165070
v -0.019952 -0.015804 0.145850
v -0.019947 -0.014352 0.164353
v -0.019947 0.014352 0.164353
v -0.019952 0.015804 0.145850
v -0.019904 -0.015766 0.140918
v -0.019904 0.015766 0.140918
v -0.019887 -0.012958 0.165373
v -0.019887 0.012958 0.165373
v -0.019882 -0.014305 0.164616
v -0.019882 0.014305 0.164616
v -0.019832 -0.015709 0.145880
v -0.019829 -0.011653 0.146380
v -0.019829 -0.011653 0.163880
v -0.019829 0.011653 0.146380
v -0.019829 0.011653 0.163880
v -0.019832 0.015709 0.145880
v -0.019806 -0.014251 0.140880
v -0.019806 0.014251 0.140880
v -0.019800 -0.013563 0.141280
v -0.019800 -0.013563 0.145580
v -0.019800 0.013563 0.141280
v -0.019800 0.013563 0.145580
v -0.019777 -0.014230 0.164858
v -0.019782 -0.013551 0.165244
v -0.019782 0.013551 0.165244
v -0.019777 0.014230 0.164858
v -0.019772 -0.016418 0.141380
v -0.019772 -0.016418 0.145480
v -0.019772 0.016418 0.141380
v -0.019772 0.016418 0.145480
v -0.019748 -0.016399 0.145633
v -0.019754 -0.015647 0.140880
v -0.019754 0.015647 0.140880
v -0.019748 0.016399 0.145633
v -0.019743 -0.016394 0.141189
v -0.019743 0.016394 0.141189
v -0.019725 -0.012213 0.165480
v -0.019725 0.012213 0.165480
v -0.019717 -0.013507 0.145880
v -0.019717 -0.013507 0.146780
v -0.019717 0.013507 0.145880
v -0.019717 0.013507 0.146780
v -0.019682 -0.016344 0.145763
v -0.019682 0.016344 0.145763
v -0.019667 -0.012815 0.165453
v -0.019667 0.012815 0.165453
v -0.019659 -0.016325 0.141026
v -0.019659 0.016325 0.141026
v -0.019636 -0.014128 0.165070
v -0.019636 0.014128 0.165070
v -0.019631 -0.014825 0.146780
v -0.019631 -0.014825 0.147080
v -0.019631 -0.014825 0.147980
v -0.019631 -0.014825 0.155180
v -0.019631 -0.014825 0.162380
v -0.019631 -0.014825 0.163280
v -0.019631 -0.014825 0.164080
v -0.019631 0.014825 0.146780
v -0.019631 0.014825 0.147080
v -0.019631 0.014825 0.147980
v -0.019631 0.014825 0.155180
v -0.019631 0.014825 0.162380
v -0.019631 0.014825 0.163280
v -0.019631 0.014825 0.164080
v -0.019610 -0.014809 0.164353
v -0.019610 0.014809 0.164353
v -0.019595 0.010474 0.154912
v -0.019595 0.010474 0.155792
v -0.019582 -0.016261 0.145850
v -0.019582 -0.013414 0.165373
v -0.019582 0.013414 0.165373
v -0.019582 0.016261 0.145850
v -0.019546 -0.014761 0.164616
v -0.019555 -0.012108 0.146380
v -0.019555 -0.012108 0.163880
v -0.019555 0.012108 0.146380
v -0.019555 0.012108 0.163880
v -0.019546 0.014761 0.164616
v -0.019534 -0.016221 0.140918
v -0.019534 0.016221 0.140918
v -0.019481 -0.014017 0.141280
v -0.019481 -0.014017 0.145580
v -0.019481 0.014017 0.141280
v -0.019481 0.014017 0.145580
v -0.019472 -0.014704 0.140880
v -0.019472 0.014704 0.140880
v -0.019464 -0.016163 0.145880
v -0.019463 -0.014004 0.165244
v -0.019463 0.014004 0.165244
v -0.019464 0.016163 0.145880
v -0.019443 -0.014683 0.164858
v -0.019438 -0.012666 0.165480
v -0.019438 0.012666 0.165480
v -0.019443 0.014683 0.164858
v -0.019400 -0.013959 0.145880
v -0.019400 -0.013959 0.146780
v -0.019400 0.013959 0.145880
v -0.019400 0.013959 0.146780
v -0.019387 -0.016871 0.141380
v -0.019387 -0.016871 0.145480
v -0.019387 -0.016099 0.140880
v -0.019387 0.016099 0.140880
v -0.019387 0.016871 0.141380
v -0.019387 0.016871 0.145480
v -0.019365 -0.013266 0.165453
v -0.019373 -0.012945 0.150774
v -0.019373 -0.012945 0.152974
v -0.019373 0.012945 0.149986
v -0.019373 0.012945 0.152186
v -0.019373 0.012945 0.154186
v -0.019373 0.012945 0.156386
v -0.019365 0.013266 0.165453
v -0.019359 -0.016846 0.141189
v -0.019364 -0.016851 0.145633
v -0.019359 0.016846 0.141189
v -0.019364 0.016851 0.145633
v -0.019306 0.016032 0.147980
v -0.019306 0.016032 0.155180
v -0.019306 0.016032 0.162380
v -0.019299 -0.016794 0.145763
v -0.019304 -0.014578 0.165070
v -0.019304 0.014578 0.165070
v -0.019299 0.016794 0.145763
v -0.019277 -0.016775 0.141026
v -0.019284 -0.015274 0.146780
v -0.019284 -0.015274 0.147080
v -0.019284 -0.015274 0.147980
v -0.019284 -0.015274 0.155180
v -0.019284 -0.015274 0.162380
v -0.019284 -0.015274 0.163280
v -0.019284 -0.015274 0.164080
v -0.019284 0.015274 0.146780
v -0.019284 0.015274 0.147080
v -0.019284 0.015274 0.147980
v -0.019284 0.015274 0.155180
v -0.019284 0.015274 0.162380
v -0.019284 0.015274 0.163280
v -0.019284 0.015274 0.164080
v -0.019277 0.016775 0.141026
v -0.019267 -0.013863 0.165373
v -0.019270 -0.012556 0.146380
v -0.019270 -0.012556 0.163880
v -0.019270 0.012556 0.146380
v -0.019270 0.012556 0.163880
v -0.019267 0.013863 0.165373
v -0.019262 -0.015258 0.164353
v -0.019262 0.015258 0.164353
v -0.019237 0.016739 0.147980
v -0.019237 0.016739 0.155180
v -0.019237 0.016739 0.162380
v -0.019226 -0.010276 0.151368
v -0.019226 -0.010276 0.152248
v -0.019226 0.010276 0.150712
v -0.019226 0.010276 0.151592
v -0.019201 -0.016709 0.145850
v -0.019200 -0.015208 0.164616
v -0.019200 0.015208 0.164616
v -0.019201 0.016709 0.145850
v -0.019155 -0.016668 0.140918
v -0.019152 -0.014463 0.141280
v -0.019152 -0.014463 0.145580
v -0.019152 0.014463 0.141280
v -0.019152 0.014463 0.145580
v -0.019155 0.016668 0.140918
v -0.019140 -0.013111 0.165480
v -0.019140 0.013111 0.165480
v -0.019127 -0.015150 0.140880
v -0.019135 -0.014450 0.165244
v -0.019135 0.014450 0.165244
v -0.019127 0.015150 0.140880
v -0.019099 -0.015128 0.164858
v -0.019099 0.015128 0.164858
v -0.019086 -0.016608 0.145880
v -0.019086 0.016608 0.145880
v -0.019073 -0.014403 0.145880
v -0.019073 -0.014403 0.146780
v -0.019073 0.014403 0.145880
v -0.019073 0.014403 0.146780
v -0.019054 -0.013709 0.165453
v -0.019054 0.013709 0.165453
v -0.019010 -0.016542 0.140880
v -0.019010 0.016542 0.140880
v -0.018993 -0.017314 0.141380
v -0.018993 -0.017314 0.145480
v -0.018993 0.017314 0.141380
v -0.018993 0.017314 0.145480
v -0.018970 -0.017293 0.145633
v -0.018975 -0.012998 0.146380
v -0.018975 -0.012998 0.163880
v -0.018975 0.012998 0.146380
v -0.018975 0.012998 0.163880
v -0.018970 0.017293 0.145633
v -0.018964 -0.017288 0.141189
v -0.018962 -0.015020 0.165070
v -0.018962 0.015020 0.165070
v -0.018964 0.017288 0.141189
v -0.018942 -0.014304 0.165373
v -0.018942 0.014304 0.165373
v -0.018931 -0.016474 0.147980
v -0.018931 -0.016474 0.155180
v -0.018931 -0.016474 0.162380
v -0.018926 -0.015716 0.146780
v -0.018926 -0.015716 0.147080
v -0.018926 -0.015716 0.147980
v -0.018926 -0.015716 0.155180
v -0.018926 -0.015716 0.162380
v -0.018926 -0.015716 0.163280
v -0.018926 -0.015716 0.164080
v -0.018926 0.015716 0.146780
v -0.018926 0.015716 0.147080
v -0.018926 0.015716 0.163280
v -0.018926 0.015716 0.164080
v -0.018906 -0.017235 0.145763
v -0.018906 0.017235 0.145763
v -0.018905 -0.015698 0.164353
v -0.018905 0.015698 0.164353
v -0.018884 -0.017215 0.141026
v -0.018884 0.017215 0.141026
v -0.018845 -0.017179 0.147980
v -0.018845 -0.017179 0.155180
v -0.018845 -0.017179 0.162380
v -0.018844 -0.015648 0.164616
v -0.018844 0.015648 0.164616
v -0.018845 0.017179 0.147980
v -0.018845 0.017179 0.155180
v -0.018845 0.017179 0.162380
v -0.018832 -0.013550 0.165480
v -0.018832 0.013550 0.165480
v -0.018810 -0.017148 0.145850
v -0.018813 -0.014902 0.141280
v -0.018813 -0.014902 0.145580
v -0.018813 0.014902 0.141280
v -0.018813 0.014902 0.145580
v -0.018810 0.017148 0.145850
v -0.018796 -0.014888 0.165244
v -0.018796 0.014888 0.165244
v -0.018772 -0.015588 0.140880
v -0.018772 0.015588 0.140880
v -0.018764 -0.017106 0.140918
v -0.018764 0.017106 0.140918
v -0.018744 -0.015565 0.164858
v -0.018744 0.015565 0.164858
v -0.018735 -0.014840 0.145880
v -0.018735 -0.014840 0.146780
v -0.018732 -0.014146 0.165453
v -0.018732 0.014146 0.165453
v -0.018735 0.014840 0.145880
v -0.018735 0.014840 0.146780
v -0.018697 -0.017044 0.145880
v -0.018697 0.017044 0.145880
v -0.018670 -0.013433 0.146380
v -0.018670 -0.013433 0.163880
v -0.018670 0.013433 0.146380
v -0.018670 0.013433 0.163880
v -0.018623 -0.016977 0.140880
v -0.018623 0.016977 0.140880
v -0.018610 -0.015454 0.165070
v -0.018606 -0.014738 0.165373
v -0.018606 0.014738 0.165373
v -0.018610 0.015454 0.165070
v -0.018588 -0.017748 0.141380
v -0.018588 -0.017748 0.145480
v -0.018588 0.017748 0.141380
v -0.018588 0.017748 0.145480
v -0.018566 -0.017727 0.145633
v -0.018566 0.017727 0.145633
v -0.018560 -0.017722 0.141189
v -0.018558 -0.016149 0.146780
v -0.018558 -0.016149 0.147080
v -0.018558 -0.016149 0.163280
v -0.018558 -0.016149 0.164080
v -0.018558 0.016149 0.146780
v -0.018558 0.016149 0.147080
v -0.018558 0.016149 0.163280
v -0.018558 0.016149 0.164080
v -0.018560 0.017722 0.141189
v -0.018537 -0.016131 0.164353
v -0.018537 0.016131 0.164353
v -0.018514 -0.013981 0.165480
v -0.018514 0.013981 0.165480
v -0.018503 -0.017667 0.145763
v -0.018503 0.017667 0.145763
v -0.018482 -0.017647 0.141026
v -0.018477 -0.016079 0.164616
v -0.018477 0.016079 0.164616
v -0.018482 0.017647 0.141026
v -0.018464 -0.015332 0.141280
v -0.018464 -0.015332 0.145580
v -0.018464 0.015332 0.141280
v -0.018464 0.015332 0.145580
v -0.018447 -0.015318 0.165244
v -0.018447 0.015318 0.165244
v -0.018443 -0.017610 0.147980
v -0.018443 -0.017610 0.155180
v -0.018443 -0.017610 0.162380
v -0.018409 -0.017578 0.145850
v -0.018407 -0.016017 0.140880
v -0.018407 0.016017 0.140880
v -0.018409 0.017578 0.145850
v -0.018400 -0.014575 0.165453
v -0.018400 0.014575 0.165453
v -0.018387 -0.015268 0.145880
v -0.018387 -0.015268 0.146780
v -0.018387 0.015268 0.145880
v -0.018387 0.015268 0.146780
v -0.018380 -0.015994 0.164858
v -0.018380 0.015994 0.164858
v -0.018364 -0.017535 0.140918
v -0.018364 0.017535 0.140918
v -0.018354 -0.013861 0.146380
v -0.018354 -0.013861 0.163880
v -0.018354 0.013861 0.146380
v -0.018354 0.013861 0.163880
v -0.018344 0.012257 0.154846
v -0.018344 0.012257 0.155726
v -0.018298 -0.017472 0.145880
v -0.018298 0.017472 0.145880
v -0.018261 -0.015164 0.165373
v -0.018261 0.015164 0.165373
v -0.018248 -0.015879 0.165070
v -0.018248 0.015879 0.165070
v -0.018226 -0.017403 0.140880
v -0.018226 0.017403 0.140880
v -0.018186 -0.014405 0.165480
v -0.018186 0.014405 0.165480
v -0.018180 -0.016573 0.146780
v -0.018180 -0.016573 0.147080
v -0.018180 -0.016573 0.163280
v -0.018180 -0.016573 0.164080
v -0.018180 0.016573 0.146780
v -0.018180 0.016573 0.147080
v -0.018180 0.016573 0.163280
v -0.018180 0.016573 0.164080
v -0.018173 -0.018173 0.141380
v -0.018173 -0.018173 0.145480
v -0.018173 0.018173 0.141380
v -0.018173 0.018173 0.145480
v -0.018160 -0.016555 0.164353
v -0.018160 0.016555 0.164353
v -0.018146 -0.018146 0.141189
v -0.018151 -0.018151 0.145633
v -0.018150 0.017330 0.147980
v -0.018150 0.017330 0.155180
v -0.018150 0.017330 0.162380
v -0.018146 0.018146 0.141189
v -0.018151 0.018151 0.145633
v -0.018126 -0.012111 0.151434
v -0.018126 -0.012111 0.152314
v -0.018126 0.012111 0.150646
v -0.018126 0.012111 0.151526
v -0.018101 -0.016501 0.164616
v -0.018105 -0.015755 0.141280
v -0.018105 -0.015755 0.145580
v -0.018105 0.015755 0.141280
v -0.018105 0.015755 0.145580
v -0.018101 0.016501 0.164616
v -0.018090 -0.018090 0.145763
v -0.018088 -0.015740 0.165244
v -0.018088 0.015740 0.165244
v -0.018090 0.018090 0.145763
v -0.018069 -0.018069 0.141026
v -0.018069 0.018069 0.141026
v -0.018059 -0.014996 0.165453
v -0.018059 0.014996 0.165453
v -0.018032 -0.016438 0.140880
v -0.018030 -0.015689 0.145880
v -0.018030 -0.015689 0.146780
v -0.018029 -0.014281 0.146380
v -0.018029 -0.014281 0.163880
v -0.018029 0.014281 0.146380
v -0.018029 0.014281 0.163880
v -0.018030 0.015689 0.145880
v -0.018030 0.015689 0.146780
v -0.018032 0.016438 0.140880
v -0.018005 -0.016414 0.164858
v -0.018011 -0.014781 0.150839
v -0.018011 -0.014781 0.153039
v -0.018011 0.014781 0.149921
v -0.018011 0.014781 0.152121
v -0.018011 0.014781 0.154121
v -0.018011 0.014781 0.156321
v -0.018005 0.016414 0.164858
v -0.017998 -0.017998 0.145850
v -0.017998 0.017998 0.145850
v -0.017954 -0.017954 0.140918
v -0.017954 0.017954 0.140918
v -0.017906 -0.015581 0.165373
v -0.017906 0.015581 0.165373
v -0.017890 -0.017890 0.145880
v -0.017890 0.017890 0.145880
v -0.017877 -0.016297 0.165070
v -0.017877 0.016297 0.165070
v -0.017849 -0.014821 0.165480
v -0.017849 0.014821 0.165480
v -0.017819 -0.017819 0.140880
v -0.017819 0.017819 0.140880
v -0.017792 -0.016988 0.146780
v -0.017792 -0.016988 0.147080
v -0.017792 -0.016988 0.163280
v -0.017792 -0.016988 0.164080
v -0.017792 0.016988 0.146780
v -0.017792 0.016988 0.147080
v -0.017792 0.016988 0.163280
v -0.017792 0.016988 0.164080
v -0.017773 -0.016970 0.164353
v -0.017773 0.016970 0.164353
v -0.017748 -0.018588 0.141380
v -0.017748 -0.018588 0.145480
v -0.017748 0.018588 0.141380
v -0.017748 0.018588 0.145480
v -0.017745 -0.017745 0.147980
v -0.017745 -0.017745 0.155180
v -0.017745 -0.017745 0.162380
v -0.017736 -0.016169 0.141280
v -0.017736 -0.016169 0.145580
v -0.017736 0.016169 0.141280
v -0.017736 0.016169 0.145580
v -0.017727 -0.018566 0.145633
v -0.017727 0.018566 0.145633
v -0.017722 -0.018560 0.141189
v -0.017720 -0.016154 0.165244
v -0.017720 0.016154 0.165244
v -0.017722 0.018560 0.141189
v -0.017715 -0.016915 0.164616
v -0.017707 -0.015409 0.165453
v -0.017707 0.015409 0.165453
v -0.017715 0.016915 0.164616
v -0.017695 -0.014693 0.146380
v -0.017695 -0.014693 0.163880
v -0.017695 0.014693 0.146380
v -0.017695 0.014693 0.163880
v -0.017667 -0.018503 0.145763
v -0.017667 0.018503 0.145763
v -0.017662 -0.016101 0.145880
v -0.017662 -0.016101 0.146780
v -0.017662 0.016101 0.145880
v -0.017662 0.016101 0.146780
v -0.017647 -0.018482 0.141026
v -0.017647 -0.016850 0.140880
v -0.017647 0.016850 0.140880
v -0.017647 0.018482 0.141026
v -0.017621 -0.016825 0.164858
v -0.017621 0.016825 0.164858
v -0.017578 -0.018409 0.145850
v -0.017578 0.018409 0.145850
v -0.017541 -0.015991 0.165373
v -0.017541 0.015991 0.165373
v -0.017535 -0.018364 0.140918
v -0.017535 0.018364 0.140918
v -0.017495 -0.016705 0.165070
v -0.017501 -0.015230 0.165480
v -0.017501 0.015230 0.165480
v -0.017495 0.016705 0.165070
v -0.017472 -0.018298 0.145880
v -0.017472 0.018298 0.145880
v -0.017403 -0.018226 0.140880
v -0.017403 0.018226 0.140880
v -0.017395 -0.017395 0.146780
v -0.017395 -0.017395 0.147080
v -0.017395 -0.017395 0.163280
v -0.017395 -0.017395 0.164080
v -0.017395 0.017395 0.146780
v -0.017395 0.017395 0.147080
v -0.017395 0.017395 0.147980
v -0.017395 0.017395 0.155180
v -0.017395 0.017395 0.162380
v -0.017395 0.017395 0.163280
v -0.017395 0.017395 0.164080
v -0.017376 -0.017376 0.164353
v -0.017376 0.017376 0.164353
v -0.017358 -0.016574 0.141280
v -0.017358 -0.016574 0.145580
v -0.017358 0.016574 0.141280
v -0.017358 0.016574 0.145580
v -0.017347 -0.015814 0.165453
v -0.017351 -0.015098 0.146380
v -0.017351 -0.015098 0.163880
v -0.017351 0.015098 0.146380
v -0.017351 0.015098 0.163880
v -0.017347 0.015814 0.165453
v -0.017342 -0.016559 0.165244
v -0.017342 0.016559 0.165244
v -0.017319 -0.017319 0.164616
v -0.017319 0.017319 0.164616
v -0.017314 -0.018993 0.141380
v -0.017314 -0.018993 0.145480
v -0.017314 0.018993 0.141380
v -0.017314 0.018993 0.145480
v -0.017293 -0.018970 0.145633
v -0.017288 -0.018964 0.141189
v -0.017286 -0.016505 0.145880
v -0.017286 -0.016505 0.146780
v -0.017286 0.016505 0.145880
v -0.017286 0.016505 0.146780
v -0.017288 0.018964 0.141189
v -0.017293 0.018970 0.145633
v -0.017253 -0.017253 0.140880
v -0.017253 0.017253 0.140880
v -0.017235 -0.018906 0.145763
v -0.017235 0.018906 0.145763
v -0.017228 -0.017228 0.164858
v -0.017228 0.017228 0.164858
v -0.017215 -0.018884 0.141026
v -0.017215 0.018884 0.141026
v -0.017167 -0.016392 0.165373
v -0.017167 0.016392 0.165373
v -0.017148 -0.018810 0.145850
v -0.017145 -0.015630 0.165480
v -0.017145 0.015630 0.165480
v -0.017148 0.018810 0.145850
v -0.017106 -0.018764 0.140918
v -0.017106 0.018764 0.140918
v -0.017105 -0.017105 0.165070
v -0.017105 0.017105 0.165070
v -0.017044 -0.018697 0.145880
v -0.017044 0.018697 0.145880
v -0.016997 -0.015495 0.146380
v -0.016997 -0.015495 0.163880
v -0.016997 0.015495 0.146380
v -0.016997 0.015495 0.163880
v -0.016988 -0.017792 0.146780
v -0.016988 -0.017792 0.147080
v -0.016988 -0.017792 0.147980
v -0.016988 -0.017792 0.155180
v -0.016988 -0.017792 0.162380
v -0.016988 -0.017792 0.163280
v -0.016988 -0.017792 0.164080
v -0.016988 0.017792 0.146780
v -0.016988 0.017792 0.147080
v -0.016988 0.017792 0.147980
v -0.016988 0.017792 0.155180
v -0.016988 0.017792 0.162380
v -0.016988 0.017792 0.163280
v -0.016988 0.017792 0.164080
v -0.016977 -0.018623 0.140880
v -0.016977 -0.016210 0.165453
v -0.016977 0.016210 0.165453
v -0.016977 0.018623 0.140880
v -0.016970 -0.017773 0.164353
v -0.016971 -0.016971 0.141280
v -0.016971 -0.016971 0.145580
v -0.016971 0.016971 0.141280
v -0.016971 0.016971 0.145580
v -0.016970 0.017773 0.164353
v -0.016955 -0.016955 0.165244
v -0.016955 0.016955 0.165244
v -0.016934 0.013897 0.154781
v -0.016934 0.013897 0.155661
v -0.016915 -0.017715 0.164616
v -0.016915 0.017715 0.164616
v -0.016900 -0.016900 0.145880
v -0.016900 -0.016900 0.146780
v -0.016900 0.016900 0.145880
v -0.016900 0.016900 0.146780
v -0.016871 -0.019387 0.141380
v -0.016871 -0.019387 0.145480
v -0.016871 0.019387 0.141380
v -0.016871 0.019387 0.145480
v -0.016846 -0.019359 0.141189
v -0.016851 -0.019364 0.145633
v -0.016850 -0.017647 0.140880
v -0.016852 -0.013830 0.151499
v -0.016852 -0.013830 0.152379
v -0.016852 0.013830 0.150581
v -0.016852 0.013830 0.151461
v -0.016850 0.017647 0.140880
v -0.016846 0.019359 0.141189
v -0.016851 0.019364 0.145633
v -0.016825 -0.017621 0.164858
v -0.016825 0.017621 0.164858
v -0.016794 -0.019299 0.145763
v -0.016794 0.019299 0.145763
v -0.016784 -0.016784 0.165373
v -0.016779 -0.016022 0.165480
v -0.016779 0.016022 0.165480
v -0.016784 0.016784 0.165373
v -0.016775 -0.019277 0.141026
v -0.016775 0.019277 0.141026
v -0.016709 -0.019201 0.145850
v -0.016705 -0.017495 0.165070
v -0.016705 0.017495 0.165070
v -0.016709 0.019201 0.145850
v -0.016668 -0.019155 0.140918
v -0.016668 0.019155 0.140918
v -0.016635 -0.015883 0.146380
v -0.016635 -0.015883 0.163880
v -0.016635 0.015883 0.146380
v -0.016635 0.015883 0.163880
v -0.016608 -0.019086 0.145880
v -0.016608 0.019086 0.145880
v -0.016598 -0.016598 0.165453
v -0.016598 0.016598 0.165453
v -0.016573 -0.018180 0.146780
v -0.016573 -0.018180 0.147080
v -0.016573 -0.018180 0.147980
v -0.016573 -0.018180 0.155180
v -0.016573 -0.018180 0.162380
v -0.016573 -0.018180 0.163280
v -0.016573 -0.018180 0.164080
v -0.016574 -0.017358 0.141280
v -0.016574 -0.017358 0.145580
v -0.016574 0.017358 0.141280
v -0.016574 0.017358 0.145580
v -0.016573 0.018180 0.146780
v -0.016573 0.018180 0.147080
v -0.016573 0.018180 0.147980
v -0.016573 0.018180 0.155180
v -0.016573 0.018180 0.162380
v -0.016573 0.018180 0.163280
v -0.016573 0.018180 0.164080
v -0.016559 -0.017342 0.165244
v -0.016559 0.017342 0.165244
v -0.016555 -0.018160 0.164353
v -0.016555 0.018160 0.164353
v -0.016542 -0.019010 0.140880
v -0.016542 0.019010 0.140880
v -0.016501 -0.018101 0.164616
v -0.016505 -0.017286 0.145880
v -0.016505 -0.017286 0.146780
v -0.016505 0.017286 0.145880
v -0.016505 0.017286 0.146780
v -0.016501 0.018101 0.164616
v -0.016476 -0.016476 0.150905
v -0.016476 -0.016476 0.153105
v -0.016476 0.016476 0.149855
v -0.016476 0.016476 0.152055
v -0.016476 0.016476 0.154055
v -0.016476 0.016476 0.156255
v -0.016438 -0.018032 0.140880
v -0.016438 0.018032 0.140880
v -0.016418 -0.019772 0.141380
v -0.016418 -0.019772 0.145480
v -0.016418 0.019772 0.141380
v -0.016418 0.019772 0.145480
v -0.016414 -0.018005 0.164858
v -0.016414 0.018005 0.164858
v -0.016399 -0.019748 0.145633
v -0.016405 -0.016405 0.165480
v -0.016405 0.016405 0.165480
v -0.016399 0.019748 0.145633
v -0.016394 -0.019743 0.141189
v -0.016392 -0.017167 0.165373
v -0.016392 0.017167 0.165373
v -0.016394 0.019743 0.141189
v -0.016344 -0.019682 0.145763
v -0.016344 0.019682 0.145763
v -0.016325 -0.019659 0.141026
v -0.016325 0.019659 0.141026
v -0.016297 -0.017877 0.165070
v -0.016297 0.017877 0.165070
v -0.016261 -0.019582 0.145850
v -0.016263 -0.016263 0.146380
v -0.016263 -0.016263 0.163880
v -0.016263 0.016263 0.146380
v -0.016263 0.016263 0.163880
v -0.016261 0.019582 0.145850
v -0.016221 -0.019534 0.140918
v -0.016221 0.019534 0.140918
v -0.016210 -0.016977 0.165453
v -0.016210 0.016977 0.165453
v -0.016169 -0.017736 0.141280
v -0.016169 -0.017736 0.145580
v -0.016169 0.017736 0.141280
v -0.016169 0.017736 0.145580
v -0.016163 -0.019464 0.145880
v -0.016163 0.019464 0.145880
v -0.016149 -0.018558 0.146780
v -0.016149 -0.018558 0.147080
v -0.016149 -0.018558 0.147980
v -0.016149 -0.018558 0.155180
v -0.016149 -0.018558 0.162380
v -0.016149 -0.018558 0.163280
v -0.016149 -0.018558 0.164080
v -0.016154 -0.017720 0.165244
v -0.016154 0.017720 0.165244
v -0.016149 0.018558 0.146780
v -0.016149 0.018558 0.147080
v -0.016149 0.018558 0.147980
v -0.016149 0.018558 0.155180
v -0.016149 0.018558 0.162380
v -0.016149 0.018558 0.163280
v -0.016149 0.018558 0.164080
v -0.016131 -0.018537 0.164353
v -0.016131 0.018537 0.164353
v -0.016099 -0.019387 0.140880
v -0.016101 -0.017662 0.145880
v -0.016101 -0.017662 0.146780
v -0.016101 0.017662 0.145880
v -0.016101 0.017662 0.146780
v -0.016099 0.019387 0.140880
v -0.016079 -0.018477 0.164616
v -0.016079 0.018477 0.164616
v -0.016032 0.019306 0.147980
v -0.016032 0.019306 0.155180
v -0.016032 0.019306 0.162380
v -0.016017 -0.018407 0.140880
v -0.016022 -0.016779 0.165480
v -0.016022 0.016779 0.165480
v -0.016017 0.018407 0.140880
v -0.015994 -0.018380 0.164858
v -0.015991 -0.017541 0.165373
v -0.015991 0.017541 0.165373
v -0.015994 0.018380 0.164858
v -0.015957 -0.020146 0.141380
v -0.015957 -0.020146 0.145480
v -0.015957 0.020146 0.141380
v -0.015957 0.020146 0.145480
v -0.015938 -0.020122 0.145633
v -0.015938 0.020122 0.145633
v -0.015934 -0.020116 0.141189
v -0.015934 0.020116 0.141189
v -0.015885 -0.020054 0.145763
v -0.015879 -0.018248 0.165070
v -0.015883 -0.016635 0.146380
v -0.015883 -0.016635 0.163880
v -0.015883 0.016635 0.146380
v -0.015883 0.016635 0.163880
v -0.015879 0.018248 0.165070
v -0.015885 0.020054 0.145763
v -0.015866 -0.020031 0.141026
v -0.015866 0.020031 0.141026
v -0.015833 0.019989 0.147980
v -0.015833 0.019989 0.155180
v -0.015833 0.019989 0.162380
v -0.015814 -0.017347 0.165453
v -0.015814 0.017347 0.165453
v -0.015804 -0.019952 0.145850
v -0.015804 0.019952 0.145850
v -0.015766 -0.019904 0.140918
v -0.015766 0.019904 0.140918
v -0.015755 -0.018105 0.141280
v -0.015755 -0.018105 0.145580
v -0.015755 0.018105 0.141280
v -0.015755 0.018105 0.145580
v -0.015740 -0.018088 0.165244
v -0.015740 0.018088 0.165244
v -0.015716 -0.018926 0.146780
v -0.015716 -0.018926 0.147080
v -0.015716 -0.018926 0.147980
v -0.015716 -0.018926 0.155180
v -0.015716 -0.018926 0.162380
v -0.015716 -0.018926 0.163280
v -0.015716 -0.018926 0.164080
v -0.015716 0.018926 0.146780
v -0.015716 0.018926 0.147080
v -0.015716 0.018926 0.163280
v -0.015716 0.018926 0.164080
v -0.015709 -0.019832 0.145880
v -0.015709 0.019832 0.145880
v -0.015698 -0.018905 0.164353
v -0.015698 0.018905 0.164353
v -0.015689 -0.018030 0.145880
v -0.015689 -0.018030 0.146780
v -0.015689 0.018030 0.145880
v -0.015689 0.018030 0.146780
v -0.015647 -0.019754 0.140880
v -0.015648 -0.018844 0.164616
v -0.015648 0.018844 0.164616
v -0.015647 0.019754 0.140880
v -0.015630 -0.017145 0.165480
v -0.015630 0.017145 0.165480
v -0.015588 -0.018772 0.140880
v -0.015588 0.018772 0.140880
v -0.015582 -0.019672 0.147980
v -0.015582 -0.019672 0.155180
v -0.015582 -0.019672 0.162380
v -0.015581 -0.017906 0.165373
v -0.015581 0.017906 0.165373
v -0.015565 -0.018744 0.164858
v -0.015565 0.018744 0.164858
v -0.015488 -0.020509 0.141380
v -0.015488 -0.020509 0.145480
v -0.015495 -0.016997 0.146380
v -0.015495 -0.016997 0.163880
v -0.015495 0.016997 0.146380
v -0.015495 0.016997 0.163880
v -0.015488 0.020509 0.141380
v -0.015488 0.020509 0.145480
v -0.015469 -0.020485 0.145633
v -0.015469 0.020485 0.145633
v -0.015465 -0.020479 0.141189
v -0.015465 0.020479 0.141189
v -0.015454 -0.018610 0.165070
v -0.015454 0.018610 0.165070
v -0.015417 -0.020416 0.145763
v -0.015417 0.020416 0.145763
v -0.015409 -0.017707 0.165453
v -0.015415 -0.015415 0.151565
v -0.015415 -0.015415 0.152445
v -0.015415 0.015415 0.150515
v -0.015415 0.015415 0.151395
v -0.015415 0.015415 0.154715
v -0.015415 0.015415 0.155595
v -0.015409 0.017707 0.165453
v -0.015399 -0.020392 0.141026
v -0.015399 0.020392 0.141026
v -0.015367 -0.020349 0.147980
v -0.015367 -0.020349 0.155180
v -0.015367 -0.020349 0.162380
v -0.015367 0.020349 0.147980
v -0.015367 0.020349 0.155180
v -0.015367 0.020349 0.162380
v -0.015339 -0.020312 0.145850
v -0.015339 0.020312 0.145850
v -0.015332 -0.018464 0.141280
v -0.015332 -0.018464 0.145580
v -0.015332 0.018464 0.141280
v -0.015332 0.018464 0.145580
v -0.015318 -0.018447 0.165244
v -0.015318 0.018447 0.165244
v -0.015302 -0.020263 0.140918
v -0.015302 0.020263 0.140918
v -0.015274 -0.019284 0.146780
v -0.015274 -0.019284 0.147080
v -0.015274 -0.019284 0.163280
v -0.015274 -0.019284 0.164080
v -0.015268 -0.018387 0.145880
v -0.015268 -0.018387 0.146780
v -0.015268 0.018387 0.145880
v -0.015268 0.018387 0.146780
v -0.015274 0.019284 0.146780
v -0.015274 0.019284 0.147080
v -0.015274 0.019284 0.163280
v -0.015274 0.019284 0.164080
v -0.015258 -0.019262 0.164353
v -0.015258 0.019262 0.164353
v -0.015247 -0.020190 0.145880
v -0.015247 0.020190 0.145880
v -0.015230 -0.017501 0.165480
v -0.015230 0.017501 0.165480
v -0.015208 -0.019200 0.164616
v -0.015208 0.019200 0.164616
v -0.015186 -0.020110 0.140880
v -0.015186 0.020110 0.140880
v -0.015164 -0.018261 0.165373
v -0.015164 0.018261 0.165373
v -0.015150 -0.019127 0.140880
v -0.015150 0.019127 0.140880
v -0.015128 -0.019099 0.164858
v -0.015128 0.019099 0.164858
v -0.015098 -0.017351 0.146380
v -0.015098 -0.017351 0.163880
v -0.015098 0.017351 0.146380
v -0.015098 0.017351 0.163880
v -0.015020 -0.018962 0.165070
v -0.015020 0.018962 0.165070
v -0.015010 -0.020861 0.141380
v -0.015010 -0.020861 0.145480
v -0.015010 0.020861 0.141380
v -0.015010 0.020861 0.145480
v -0.014996 -0.018059 0.165453
v -0.014996 0.018059 0.165453
v -0.014992 -0.020837 0.145633
v -0.014988 -0.020830 0.141189
v -0.014988 0.020830 0.141189
v -0.014992 0.020837 0.145633
v -0.014941 -0.020766 0.145763
v -0.014941 0.020766 0.145763
v -0.014924 -0.020742 0.141026
v -0.014924 0.020742 0.141026
v -0.014902 -0.018813 0.141280
v -0.014902 -0.018813 0.145580
v -0.014902 0.018813 0.141280
v -0.014902 0.018813 0.145580
v -0.014893 -0.020699 0.147980
v -0.014893 -0.020699 0.155180
v -0.014893 -0.020699 0.162380
v -0.014888 -0.018796 0.165244
v -0.014888 0.018796 0.165244
v -0.014866 -0.020661 0.145850
v -0.014866 0.020661 0.145850
v -0.014840 -0.018735 0.145880
v -0.014840 -0.018735 0.146780
v -0.014840 0.018735 0.145880
v -0.014840 0.018735 0.146780
v -0.014830 -0.020611 0.140918
v -0.014830 0.020611 0.140918
v -0.014825 -0.019631 0.146780
v -0.014825 -0.019631 0.147080
v -0.014825 -0.019631 0.163280
v -0.014825 -0.019631 0.164080
v -0.014821 -0.017849 0.165480
v -0.014821 0.017849 0.165480
v -0.014825 0.019631 0.146780
v -0.014825 0.019631 0.147080
v -0.014825 0.019631 0.163280
v -0.014825 0.019631 0.164080
v -0.014809 -0.019610 0.164353
v -0.014809 0.019610 0.164353
v -0.014776 -0.020537 0.145880
v -0.014781 -0.018011 0.150971
v -0.014781 -0.018011 0.153171
v -0.014781 0.018011 0.149789
v -0.014781 0.018011 0.151989
v -0.014781 0.018011 0.153989
v -0.014781 0.018011 0.156189
v -0.014776 0.020537 0.145880
v -0.014761 -0.019546 0.164616
v -0.014761 0.019546 0.164616
v -0.014738 -0.018606 0.165373
v -0.014738 0.018606 0.165373
v -0.014718 -0.020455 0.140880
v -0.014718 0.020455 0.140880
v -0.014704 -0.019472 0.140880
v -0.014704 0.019472 0.140880
v -0.014693 -0.017695 0.146380
v -0.014693 -0.017695 0.163880
v -0.014693 0.017695 0.146380
v -0.014693 0.017695 0.163880
v -0.014683 -0.019443 0.164858
v -0.014683 0.019443 0.164858
v -0.014657 0.020370 0.147980
v -0.014657 0.020370 0.155180
v -0.014657 0.020370 0.162380
v -0.014578 -0.019304 0.165070
v -0.014578 0.019304 0.165070
v -0.014575 -0.018400 0.165453
v -0.014575 0.018400 0.165453
v -0.014524 -0.021202 0.141380
v -0.014524 -0.021202 0.145480
v -0.014524 0.021202 0.141380
v -0.014524 0.021202 0.145480
v -0.014507 -0.021177 0.145633
v -0.014507 0.021177 0.145633
v -0.014502 -0.021171 0.141189
v -0.014502 0.021171 0.141189
v -0.014458 -0.021106 0.145763
v -0.014463 -0.019152 0.141280
v -0.014463 -0.019152 0.145580
v -0.014463 0.019152 0.141280
v -0.014463 0.019152 0.145580
v -0.014458 0.021106 0.145763
v -0.014450 -0.019135 0.165244
v -0.014450 0.019135 0.165244
v -0.014441 -0.021082 0.141026
v -0.014441 0.021082 0.141026
v -0.014405 -0.018186 0.165480
v -0.014405 0.018186 0.165480
v -0.014403 -0.019073 0.145880
v -0.014403 -0.019073 0.146780
v -0.014403 0.019073 0.145880
v -0.014403 0.019073 0.146780
v -0.014384 -0.020999 0.145850
v -0.014384 0.020999 0.145850
v -0.014367 -0.019968 0.146780
v -0.014367 -0.019968 0.147080
v -0.014367 -0.019968 0.163280
v -0.014367 -0.019968 0.164080
v -0.014367 0.019968 0.146780
v -0.014367 0.019968 0.147080
v -0.014367 0.019968 0.163280
v -0.014367 0.019968 0.164080
v -0.014350 -0.020948 0.140918
v -0.014352 -0.019947 0.164353
v -0.014352 0.019947 0.164353
v -0.014350 0.020948 0.140918
v -0.014305 -0.019882 0.164616
v -0.014305 0.019882 0.164616
v -0.014298 -0.020872 0.145880
v -0.014304 -0.018942 0.165373
v -0.014304 0.018942 0.165373
v -0.014298 0.020872 0.145880
v -0.014281 -0.018029 0.146380
v -0.014281 -0.018029 0.163880
v -0.014281 0.018029 0.146380
v -0.014281 0.018029 0.163880
v -0.014251 -0.019806 0.140880
v -0.014251 0.019806 0.140880
v -0.014241 -0.020790 0.140880
v -0.014241 0.020790 0.140880
v -0.014230 -0.019777 0.164858
v -0.014230 0.019777 0.164858
v -0.014182 -0.020703 0.147980
v -0.014182 -0.020703 0.155180
v -0.014182 -0.020703 0.162380
v -0.014146 -0.018732 0.165453
v -0.014146 0.018732 0.165453
v -0.014128 -0.019636 0.165070
v -0.014128 0.019636 0.165070
v -0.014030 -0.021532 0.141380
v -0.014030 -0.021532 0.145480
v -0.014030 0.021532 0.141380
v -0.014030 0.021532 0.145480
v -0.014017 -0.019481 0.141280
v -0.014017 -0.019481 0.145580
v -0.014017 0.019481 0.141280
v -0.014017 0.019481 0.145580
v -0.014014 -0.021507 0.145633
v -0.014010 -0.021500 0.141189
v -0.014010 0.021500 0.141189
v -0.014014 0.021507 0.145633
v -0.014004 -0.019463 0.165244
v -0.014004 0.019463 0.165244
v -0.013981 -0.018514 0.165480
v -0.013981 0.018514 0.165480
v -0.013966 -0.021434 0.145763
v -0.013966 0.021434 0.145763
v -0.013959 -0.019400 0.145880
v -0.013959 -0.019400 0.146780
v -0.013959 0.019400 0.145880
v -0.013959 0.019400 0.146780
v -0.013950 -0.021410 0.141026
v -0.013950 0.021410 0.141026
v -0.013896 -0.021325 0.145850
v -0.013902 -0.020295 0.146780
v -0.013902 -0.020295 0.147080
v -0.013902 -0.020295 0.163280
v -0.013902 -0.020295 0.164080
v -0.013902 0.020295 0.146780
v -0.013902 0.020295 0.147080
v -0.013902 0.020295 0.147980
v -0.013902 0.020295 0.155180
v -0.013902 0.020295 0.162380
v -0.013902 0.020295 0.163280
v -0.013902 0.020295 0.164080
v -0.013896 0.021325 0.145850
v -0.013887 -0.020273 0.164353
v -0.013887 0.020273 0.164353
v -0.013862 -0.021274 0.140918
v -0.013863 -0.019267 0.165373
v -0.013861 -0.018354 0.146380
v -0.013861 -0.018354 0.163880
v -0.013861 0.018354 0.146380
v -0.013861 0.018354 0.163880
v -0.013863 0.019267 0.165373
v -0.013862 0.021274 0.140918
v -0.013842 -0.020207 0.164616
v -0.013842 0.020207 0.164616
v -0.013830 -0.016852 0.151631
v -0.013830 -0.016852 0.152511
v -0.013830 0.016852 0.150449
v -0.013830 0.016852 0.151329
v -0.013830 0.016852 0.154649
v -0.013830 0.016852 0.155529
v -0.013812 -0.021197 0.145880
v -0.013812 0.021197 0.145880
v -0.013789 -0.020130 0.140880
v -0.013789 0.020130 0.140880
v -0.013769 -0.020100 0.164858
v -0.013769 0.020100 0.164858
v -0.013757 -0.021113 0.140880
v -0.013757 0.021113 0.140880
v -0.013709 -0.019054 0.165453
v -0.013709 0.019054 0.165453
v -0.013671 -0.019957 0.165070
v -0.013671 0.019957 0.165070
v -0.013563 -0.019800 0.141280
v -0.013563 -0.019800 0.145580
v -0.013563 0.019800 0.141280
v -0.013563 0.019800 0.145580
v -0.013551 -0.019782 0.165244
v -0.013550 -0.018832 0.165480
v -0.013550 0.018832 0.165480
v -0.013551 0.019782 0.165244
v -0.013529 -0.021851 0.141380
v -0.013529 -0.021851 0.145480
v -0.013529 0.021851 0.141380
v -0.013529 0.021851 0.145480
v -0.013509 -0.021818 0.141189
v -0.013513 -0.021825 0.145633
v -0.013507 -0.019717 0.145880
v -0.013507 -0.019717 0.146780
v -0.013507 0.019717 0.145880
v -0.013507 0.019717 0.146780
v -0.013509 0.021818 0.141189
v -0.013513 0.021825 0.145633
v -0.013468 -0.021751 0.145763
v -0.013468 0.021751 0.145763
v -0.013452 -0.021726 0.141026
v -0.013452 0.021726 0.141026
v -0.013430 -0.020611 0.146780
v -0.013430 -0.020611 0.147080
v -0.013430 -0.020611 0.147980
v -0.013430 -0.020611 0.155180
v -0.013430 -0.020611 0.162380
v -0.013430 -0.020611 0.163280
v -0.013430 -0.020611 0.164080
v -0.013433 -0.018670 0.146380
v -0.013433 -0.018670 0.163880
v -0.013433 0.018670 0.146380
v -0.013433 0.018670 0.163880
v -0.013430 0.020611 0.146780
v -0.013430 0.020611 0.147080
v -0.013430 0.020611 0.147980
v -0.013430 0.020611 0.155180
v -0.013430 0.020611 0.162380
v -0.013430 0.020611 0.163280
v -0.013430 0.020611 0.164080
v -0.013415 -0.020588 0.164353
v -0.013415 0.020588 0.164353
v -0.013414 -0.019582 0.165373
v -0.013414 0.019582 0.165373
v -0.013399 -0.021641 0.145850
v -0.013399 0.021641 0.145850
v -0.013367 -0.021588 0.140918
v -0.013372 -0.020521 0.164616
v -0.013372 0.020521 0.164616
v -0.013367 0.021588 0.140918
v -0.013319 -0.021510 0.145880
v -0.013321 -0.020443 0.140880
v -0.013321 0.020443 0.140880
v -0.013319 0.021510 0.145880
v -0.013301 -0.020413 0.164858
v -0.013301 0.020413 0.164858
v -0.013266 -0.021425 0.140880
v -0.013266 -0.019365 0.165453
v -0.013266 0.019365 0.165453
v -0.013266 0.021425 0.140880
v -0.013206 -0.020267 0.165070
v -0.013206 0.020267 0.165070
v -0.013111 -0.019140 0.165480
v -0.013111 0.019140 0.165480
v -0.013102 -0.020108 0.141280
v -0.013102 -0.020108 0.145580
v -0.013102 0.020108 0.141280
v -0.013102 0.020108 0.145580
v -0.013090 -0.020089 0.165244
v -0.013090 0.020089 0.165244
v -0.013048 -0.020024 0.145880
v -0.013048 -0.020024 0.146780
v -0.013048 0.020024 0.145880
v -0.013048 0.020024 0.146780
v -0.013021 -0.022157 0.141380
v -0.013021 -0.022157 0.145480
v -0.013021 0.022157 0.141380
v -0.013021 0.022157 0.145480
v -0.013006 -0.022131 0.145633
v -0.013006 0.022131 0.145633
v -0.013002 -0.022124 0.141189
v -0.012998 -0.018975 0.146380
v -0.012998 -0.018975 0.163880
v -0.012998 0.018975 0.146380
v -0.012998 0.018975 0.163880
v -0.013002 0.022124 0.141189
v -0.012962 -0.022056 0.145763
v -0.012958 -0.019887 0.165373
v -0.012958 0.019887 0.165373
v -0.012962 0.022056 0.145763
v -0.012947 -0.022031 0.141026
v -0.012950 -0.020915 0.146780
v -0.012950 -0.020915 0.147080
v -0.012950 -0.020915 0.147980
v -0.012950 -0.020915 0.155180
v -0.012950 -0.020915 0.162380
v -0.012950 -0.020915 0.163280
v -0.012950 -0.020915 0.164080
v -0.012950 0.020915 0.146780
v -0.012950 0.020915 0.147080
v -0.012950 0.020915 0.147980
v -0.012950 0.020915 0.155180
v -0.012950 0.020915 0.162380
v -0.012950 0.020915 0.163280
v -0.012950 0.020915 0.164080
v -0.012947 0.022031 0.141026
v -0.012936 -0.020892 0.164353
v -0.012945 -0.019373 0.151036
v -0.012945 -0.019373 0.153236
v -0.012945 0.019373 0.149724
v -0.012945 0.019373 0.151924
v -0.012945 0.019373 0.153924
v -0.012945 0.019373 0.156124
v -0.012936 0.020892 0.164353
v -0.012896 -0.021944 0.145850
v -0.012896 0.021944 0.145850
v -0.012894 -0.020825 0.164616
v -0.012894 0.020825 0.164616
v -0.012865 -0.021891 0.140918
v -0.012865 0.021891 0.140918
v -0.012845 -0.020745 0.140880
v -0.012845 0.020745 0.140880
v -0.012826 -0.020715 0.164858
v -0.012826 0.020715 0.164858
v -0.012818 -0.021812 0.145880
v -0.012818 0.021812 0.145880
v -0.012815 -0.019667 0.165453
v -0.012815 0.019667 0.165453
v -0.012768 -0.021726 0.140880
v -0.012768 0.021726 0.140880
v -0.012734 -0.020567 0.165070
v -0.012734 0.020567 0.165070
v -0.012666 -0.019438 0.165480
v -0.012666 0.019438 0.165480
v -0.012634 -0.020405 0.141280
v -0.012634 -0.020405 0.145580
v -0.012634 0.020405 0.141280
v -0.012634 0.020405 0.145580
v -0.012623 -0.020386 0.165244
v -0.012623 0.020386 0.165244
v -0.012582 -0.020320 0.145880
v -0.012582 -0.020320 0.146780
v -0.012582 0.020320 0.145880
v -0.012582 0.020320 0.146780
v -0.012556 -0.019270 0.146380
v -0.012556 -0.019270 0.163880
v -0.012556 0.019270 0.146380
v -0.012556 0.019270 0.163880
v -0.012506 -0.022452 0.141380
v -0.012506 -0.022452 0.145480
v -0.012506 0.022452 0.141380
v -0.012506 0.022452 0.145480
v -0.012495 -0.020181 0.165373
v -0.012495 0.020181 0.165373
v -0.012491 -0.022425 0.145633
v -0.012487 -0.022419 0.141189
v -0.012487 0.022419 0.141189
v -0.012491 0.022425 0.145633
v -0.012464 -0.021209 0.146780
v -0.012464 -0.021209 0.147080
v -0.012464 -0.021209 0.147980
v -0.012464 -0.021209 0.155180
v -0.012464 -0.021209 0.162380
v -0.012464 -0.021209 0.163280
v -0.012464 -0.021209 0.164080
v -0.012464 0.021209 0.146780
v -0.012464 0.021209 0.147080
v -0.012464 0.021209 0.147980
v -0.012464 0.021209 0.155180
v -0.012464 0.021209 0.162380
v -0.012464 0.021209 0.163280
v -0.012464 0.021209 0.164080
v -0.012449 -0.022350 0.145763
v -0.012450 -0.021186 0.164353
v -0.012450 0.021186 0.164353
v -0.012449 0.022350 0.145763
v -0.012434 -0.022324 0.141026
v -0.012434 0.022324 0.141026
v -0.012410 -0.021117 0.164616
v -0.012410 0.021117 0.164616
v -0.012386 -0.022236 0.145850
v -0.012386 0.022236 0.145850
v -0.012356 -0.022182 0.140918
v -0.012362 -0.021036 0.140880
v -0.012357 -0.019957 0.165453
v -0.012357 0.019957 0.165453
v -0.012362 0.021036 0.140880
v -0.012356 0.022182 0.140918
v -0.012344 -0.021005 0.164858
v -0.012344 0.021005 0.164858
v -0.012311 -0.022103 0.145880
v -0.012311 0.022103 0.145880
v -0.012262 -0.022015 0.140880
v -0.012256 -0.020855 0.165070
v -0.012256 0.020855 0.165070
v -0.012262 0.022015 0.140880
v -0.012213 -0.019725 0.165480
v -0.012213 0.019725 0.165480
v -0.012211 0.021924 0.147980
v -0.012211 0.021924 0.155180
v -0.012211 0.021924 0.162380
v -0.012160 -0.020692 0.141280
v -0.012160 -0.020692 0.145580
v -0.012160 0.020692 0.141280
v -0.012160 0.020692 0.145580
v -0.012148 -0.020672 0.165244
v -0.012148 0.020672 0.165244
v -0.012109 -0.020605 0.145880
v -0.012109 -0.020605 0.146780
v -0.012108 -0.019555 0.146380
v -0.012108 -0.019555 0.163880
v -0.012111 -0.018126 0.151696
v -0.012111 -0.018126 0.152576
v -0.012111 0.018126 0.150384
v -0.012111 0.018126 0.151264
v -0.012111 0.018126 0.154584
v -0.012111 0.018126 0.155464
v -0.012108 0.019555 0.146380
v -0.012108 0.019555 0.163880
v -0.012109 0.020605 0.145880
v -0.012109 0.020605 0.146780
v -0.012026 -0.020464 0.165373
v -0.012026 0.020464 0.165373
v -0.011984 -0.022735 0.141380
v -0.011984 -0.022735 0.145480
v -0.011984 0.022735 0.141380
v -0.011984 0.022735 0.145480
v -0.011970 -0.022708 0.145633
v -0.011966 -0.022701 0.141189
v -0.011970 -0.021491 0.146780
v -0.011970 -0.021491 0.147080
v -0.011970 -0.021491 0.147980
v -0.011970 -0.021491 0.155180
v -0.011970 -0.021491 0.162380
v -0.011970 -0.021491 0.163280
v -0.011970 -0.021491 0.164080
v -0.011970 0.021491 0.146780
v -0.011970 0.021491 0.147080
v -0.011970 0.021491 0.163280
v -0.011970 0.021491 0.164080
v -0.011966 0.022701 0.141189
v -0.011970 0.022708 0.145633
v -0.011957 -0.021468 0.164353
v -0.011957 0.021468 0.164353
v -0.011929 -0.022631 0.145763
v -0.011929 0.022631 0.145763
v -0.011916 -0.022605 0.141026
v -0.011919 -0.021398 0.164616
v -0.011919 0.021398 0.164616
v -0.011916 0.022605 0.141026
v -0.011893 -0.020237 0.165453
v -0.011893 0.020237 0.165453
v -0.011891 0.022558 0.147980
v -0.011891 0.022558 0.155180
v -0.011891 0.022558 0.162380
v -0.011869 -0.022517 0.145850
v -0.011873 -0.021316 0.140880
v -0.011873 0.021316 0.140880
v -0.011869 0.022517 0.145850
v -0.011856 -0.021285 0.164858
v -0.011856 0.021285 0.164858
v -0.011840 -0.022462 0.140918
v -0.011840 0.022462 0.140918
v -0.011797 -0.022381 0.145880
v -0.011797 0.022381 0.145880
v -0.011771 -0.021133 0.165070
v -0.011771 0.021133 0.165070
v -0.011751 -0.022293 0.140880
v -0.011754 -0.020002 0.165480
v -0.011754 0.020002 0.165480
v -0.011751 0.022293 0.140880
v -0.011702 -0.022200 0.147980
v -0.011702 -0.022200 0.155180
v -0.011702 -0.022200 0.162380
v -0.011679 -0.020967 0.141280
v -0.011679 -0.020967 0.145580
v -0.011679 0.020967 0.141280
v -0.011679 0.020967 0.145580
v -0.011668 -0.020948 0.165244
v -0.011668 0.020948 0.165244
v -0.011653 -0.019829 0.146380
v -0.011653 -0.019829 0.163880
v -0.011653 0.019829 0.146380
v -0.011653 0.019829 0.163880
v -0.011630 -0.020880 0.145880
v -0.011630 -0.020880 0.146780
v -0.011630 0.020880 0.145880
v -0.011630 0.020880 0.146780
v -0.011550 -0.020736 0.165373
v -0.011550 0.020736 0.165373
v -0.011471 -0.021762 0.146780
v -0.011471 -0.021762 0.147080
v -0.011471 -0.021762 0.163280
v -0.011471 -0.021762 0.164080
v -0.011471 0.021762 0.146780
v -0.011471 0.021762 0.147080
v -0.011471 0.021762 0.163280
v -0.011471 0.021762 0.164080
v -0.011455 -0.023006 0.141380
v -0.011455 -0.023006 0.145480
v -0.011458 -0.021738 0.164353
v -0.011458 0.021738 0.164353
v -0.011455 0.023006 0.141380
v -0.011455 0.023006 0.145480
v -0.011442 -0.022978 0.145633
v -0.011439 -0.022972 0.141189
v -0.011439 0.022972 0.141189
v -0.011442 0.022978 0.145633
v -0.011421 -0.021668 0.164616
v -0.011422 -0.020507 0.165453
v -0.011422 0.020507 0.165453
v -0.011421 0.021668 0.164616
v -0.011403 -0.022901 0.145763
v -0.011403 0.022901 0.145763
v -0.011390 -0.022875 0.141026
v -0.011390 0.022875 0.141026
v -0.011378 -0.021585 0.140880
v -0.011378 0.021585 0.140880
v -0.011366 -0.022827 0.147980
v -0.011366 -0.022827 0.155180
v -0.011366 -0.022827 0.162380
v -0.011366 0.022827 0.147980
v -0.011366 0.022827 0.155180
v -0.011366 0.022827 0.162380
v -0.011361 -0.021553 0.164858
v -0.011361 0.021553 0.164858
v -0.011345 -0.022785 0.145850
v -0.011345 0.022785 0.145850
v -0.011318 -0.022729 0.140918
v -0.011318 0.022729 0.140918
v -0.011289 -0.020268 0.165480
v -0.011289 0.020268 0.165480
v -0.011277 -0.022648 0.145880
v -0.011280 -0.021399 0.165070
v -0.011280 0.021399 0.165070
v -0.011277 0.022648 0.145880
v -0.011233 -0.022558 0.140880
v -0.011233 0.022558 0.140880
v -0.011191 -0.021231 0.141280
v -0.011191 -0.021231 0.145580
v -0.011192 -0.020093 0.146380
v -0.011192 -0.020093 0.163880
v -0.011192 0.020093 0.146380
v -0.011192 0.020093 0.163880
v -0.011191 0.021231 0.141280
v -0.011191 0.021231 0.145580
v -0.011181 -0.021211 0.165244
v -0.011181 0.021211 0.165244
v -0.011144 -0.021143 0.145880
v -0.011144 -0.021143 0.146780
v -0.011144 0.021143 0.145880
v -0.011144 0.021143 0.146780
v -0.011068 -0.020997 0.165373
v -0.011068 0.020997 0.165373
v -0.010984 -0.020549 0.151102
v -0.010984 -0.020549 0.153302
v -0.010984 0.020549 0.149658
v -0.010984 0.020549 0.151858
v -0.010984 0.020549 0.153858
v -0.010984 0.020549 0.156058
v -0.010965 -0.022021 0.146780
v -0.010965 -0.022021 0.147080
v -0.010965 -0.022021 0.163280
v -0.010965 -0.022021 0.164080
v -0.010965 0.022021 0.146780
v -0.010965 0.022021 0.147080
v -0.010965 0.022021 0.163280
v -0.010965 0.022021 0.164080
v -0.010953 -0.021997 0.164353
v -0.010945 -0.020765 0.165453
v -0.010945 0.020765 0.165453
v -0.010953 0.021997 0.164353
v -0.010921 -0.023264 0.141380
v -0.010921 -0.023264 0.145480
v -0.010918 -0.021926 0.164616
v -0.010918 0.021926 0.164616
v -0.010921 0.023264 0.141380
v -0.010921 0.023264 0.145480
v -0.010908 -0.023237 0.145633
v -0.010908 0.023237 0.145633
v -0.010905 -0.023230 0.141189
v -0.010905 0.023230 0.141189
v -0.010876 -0.021842 0.140880
v -0.010876 0.021842 0.140880
v -0.010871 -0.023158 0.145763
v -0.010871 0.023158 0.145763
v -0.010859 -0.023132 0.141026
v -0.010860 -0.021810 0.164858
v -0.010860 0.021810 0.164858
v -0.010859 0.023132 0.141026
v -0.010836 -0.023083 0.147980
v -0.010836 -0.023083 0.155180
v -0.010836 -0.023083 0.162380
v -0.010816 -0.023041 0.145850
v -0.010818 -0.020523 0.165480
v -0.010818 0.020523 0.165480
v -0.010816 0.023041 0.145850
v -0.010790 -0.022985 0.140918
v -0.010790 0.022985 0.140918
v -0.010782 -0.021654 0.165070
v -0.010782 0.021654 0.165070
v -0.010751 -0.022902 0.145880
v -0.010751 0.022902 0.145880
v -0.010725 -0.020346 0.146380
v -0.010725 -0.020346 0.163880
v -0.010725 0.020346 0.146380
v -0.010725 0.020346 0.163880
v -0.010709 -0.022812 0.140880
v -0.010709 0.022812 0.140880
v -0.010698 -0.021484 0.141280
v -0.010698 -0.021484 0.145580
v -0.010698 0.021484 0.141280
v -0.010698 0.021484 0.145580
v -0.010688 -0.021464 0.165244
v -0.010688 0.021464 0.165244
v -0.010664 0.022716 0.147980
v -0.010664 0.022716 0.155180
v -0.010664 0.022716 0.162380
v -0.010653 -0.021394 0.145880
v -0.010653 -0.021394 0.146780
v -0.010653 0.021394 0.145880
v -0.010653 0.021394 0.146780
v -0.010580 -0.021247 0.165373
v -0.010580 0.021247 0.165373
v -0.010463 -0.021012 0.165453
v -0.010463 0.021012 0.165453
v -0.010454 -0.022268 0.146780
v -0.010454 -0.022268 0.147080
v -0.010454 -0.022268 0.163280
v -0.010454 -0.022268 0.164080
v -0.010454 0.022268 0.146780
v -0.010454 0.022268 0.147080
v -0.010454 0.022268 0.163280
v -0.010454 0.022268 0.164080
v -0.010442 -0.022244 0.164353
v -0.010442 0.022244 0.164353
v -0.010408 -0.022172 0.164616
v -0.010408 0.022172 0.164616
v -0.010381 -0.023510 0.141380
v -0.010381 -0.023510 0.145480
v -0.010381 0.023510 0.141380
v -0.010381 0.023510 0.145480
v -0.010365 -0.023475 0.141189
v -0.010368 -0.023482 0.145633
v -0.010369 -0.022087 0.140880
v -0.010369 0.022087 0.140880
v -0.010365 0.023475 0.141189
v -0.010368 0.023482 0.145633
v -0.010353 -0.022055 0.164858
v -0.010353 0.022055 0.164858
v -0.010341 -0.020768 0.165480
v -0.010341 0.020768 0.165480
v -0.010333 -0.023403 0.145763
v -0.010333 0.023403 0.145763
v -0.010322 -0.023376 0.141026
v -0.010322 0.023376 0.141026
v -0.010281 -0.023284 0.145850
v -0.010279 -0.021897 0.165070
v -0.010276 -0.019226 0.151762
v -0.010276 -0.019226 0.152642
v -0.010276 0.019226 0.150318
v -0.010276 0.019226 0.151198
v -0.010276 0.019226 0.154518
v -0.010276 0.019226 0.155398
v -0.010279 0.021897 0.165070
v -0.010281 0.023284 0.145850
v -0.010256 -0.023228 0.140918
v -0.010256 0.023228 0.140918
v -0.010252 -0.020589 0.146380
v -0.010252 -0.020589 0.163880
v -0.010252 0.020589 0.146380
v -0.010252 0.020589 0.163880
v -0.010219 -0.023144 0.145880
v -0.010219 0.023144 0.145880
v -0.010199 -0.021725 0.141280
v -0.010199 -0.021725 0.145580
v -0.010199 0.021725 0.141280
v -0.010199 0.021725 0.145580
v -0.010189 -0.021705 0.165244
v -0.010189 0.021705 0.165244
v -0.010179 -0.023053 0.140880
v -0.010179 0.023053 0.140880
v -0.010156 -0.021635 0.145880
v -0.010156 -0.021635 0.146780
v -0.010156 0.021635 0.145880
v -0.010156 0.021635 0.146780
v -0.010136 -0.022957 0.147980
v -0.010136 -0.022957 0.155180
v -0.010136 -0.022957 0.162380
v -0.010086 -0.021486 0.165373
v -0.010086 0.021486 0.165373
v -0.009975 -0.021248 0.165453
v -0.009975 0.021248 0.165453
v -0.009936 -0.022504 0.146780
v -0.009936 -0.022504 0.147080
v -0.009936 -0.022504 0.163280
v -0.009936 -0.022504 0.164080
v -0.009936 0.022504 0.146780
v -0.009936 0.022504 0.147080
v -0.009936 0.022504 0.147980
v -0.009936 0.022504 0.155180
v -0.009936 0.022504 0.162380
v -0.009936 0.022504 0.163280
v -0.009936 0.022504 0.164080
v -0.009926 -0.022479 0.164353
v -0.009926 0.022479 0.164353
v -0.009893 -0.022406 0.164616
v -0.009893 0.022406 0.164616
v -0.009856 -0.022321 0.140880
v -0.009859 -0.021001 0.165480
v -0.009859 0.021001 0.165480
v -0.009856 0.022321 0.140880
v -0.009841 -0.022288 0.164858
v -0.009841 0.022288 0.164858
v -0.009835 -0.023744 0.141380
v -0.009835 -0.023744 0.145480
v -0.009835 0.023744 0.141380
v -0.009835 0.023744 0.145480
v -0.009823 -0.023716 0.145633
v -0.009820 -0.023709 0.141189
v -0.009820 0.023709 0.141189
v -0.009823 0.023716 0.145633
v -0.009790 -0.023635 0.145763
v -0.009790 0.023635 0.145763
v -0.009779 -0.023608 0.141026
v -0.009779 0.023608 0.141026
v -0.009771 -0.022129 0.165070
v -0.009774 -0.020820 0.146380
v -0.009774 -0.020820 0.163880
v -0.009774 0.020820 0.146380
v -0.009774 0.020820 0.163880
v -0.009771 0.022129 0.165070
v -0.009740 -0.023516 0.145850
v -0.009740 0.023516 0.145850
v -0.009717 -0.023459 0.140918
v -0.009717 0.023459 0.140918
v -0.009694 -0.021955 0.141280
v -0.009694 -0.021955 0.145580
v -0.009685 -0.021935 0.165244
v -0.009685 0.021935 0.165244
v -0.009694 0.021955 0.141280
v -0.009694 0.021955 0.145580
v -0.009682 -0.023374 0.145880
v -0.009682 0.023374 0.145880
v -0.009654 -0.021864 0.145880
v -0.009654 -0.021864 0.146780
v -0.009654 0.021864 0.145880
v -0.009654 0.021864 0.146780
v -0.009644 -0.023282 0.140880
v -0.009644 0.023282 0.140880
v -0.009587 -0.021713 0.165373
v -0.009587 0.021713 0.165373
v -0.009481 -0.021473 0.165453
v -0.009481 0.021473 0.165453
v -0.009414 -0.022727 0.146780
v -0.009414 -0.022727 0.147080
v -0.009414 -0.022727 0.147980
v -0.009414 -0.022727 0.155180
v -0.009414 -0.022727 0.162380
v -0.009414 -0.022727 0.163280
v -0.009414 -0.022727 0.164080
v -0.009414 0.022727 0.146780
v -0.009414 0.022727 0.147080
v -0.009414 0.022727 0.147980
v -0.009414 0.022727 0.155180
v -0.009414 0.022727 0.162380
v -0.009414 0.022727 0.163280
v -0.009414 0.022727 0.164080
v -0.009404 -0.022703 0.164353
v -0.009404 0.022703 0.164353
v -0.009373 -0.022629 0.164616
v -0.009371 -0.021223 0.165480
v -0.009371 0.021223 0.165480
v -0.009373 0.022629 0.164616
v -0.009337 -0.022543 0.140880
v -0.009337 0.022543 0.140880
v -0.009324 -0.022509 0.164858
v -0.009324 0.022509 0.164858
v -0.009290 -0.021040 0.146380
v -0.009290 -0.021040 0.163880
v -0.009290 0.021040 0.146380
v -0.009290 0.021040 0.163880
v -0.009284 -0.023965 0.141380
v -0.009284 -0.023965 0.145480
v -0.009284 0.023965 0.141380
v -0.009284 0.023965 0.145480
v -0.009273 -0.023936 0.145633
v -0.009270 -0.023929 0.141189
v -0.009270 0.023929 0.141189
v -0.009273 0.023936 0.145633
v -0.009257 -0.022349 0.165070
v -0.009257 0.022349 0.165070
v -0.009242 -0.023855 0.145763
v -0.009242 0.023855 0.145763
v -0.009231 -0.023828 0.141026
v -0.009231 0.023828 0.141026
v -0.009195 -0.023734 0.145850
v -0.009195 0.023734 0.145850
v -0.009184 -0.022173 0.141280
v -0.009184 -0.022173 0.145580
v -0.009176 -0.022153 0.165244
v -0.009176 0.022153 0.165244
v -0.009184 0.022173 0.141280
v -0.009184 0.022173 0.145580
v -0.009172 -0.023677 0.140918
v -0.009172 0.023677 0.140918
v -0.009146 -0.022081 0.145880
v -0.009146 -0.022081 0.146780
v -0.009146 0.022081 0.145880
v -0.009146 0.022081 0.146780
v -0.009139 -0.023592 0.145880
v -0.009139 0.023592 0.145880
v -0.009103 -0.023498 0.140880
v -0.009103 0.023498 0.140880
v -0.009083 -0.021929 0.165373
v -0.009083 0.021929 0.165373
v -0.008983 -0.021686 0.165453
v -0.008983 0.021686 0.165453
v -0.008917 -0.021526 0.151168
v -0.008917 -0.021526 0.153368
v -0.008917 0.021526 0.149593
v -0.008917 0.021526 0.151793
v -0.008917 0.021526 0.153793
v -0.008917 0.021526 0.155993
v -0.008887 -0.022939 0.146780
v -0.008887 -0.022939 0.147080
v -0.008887 -0.022939 0.147980
v -0.008887 -0.022939 0.155180
v -0.008887 -0.022939 0.162380
v -0.008887 -0.022939 0.163280
v -0.008887 -0.022939 0.164080
v -0.008887 0.022939 0.146780
v -0.008887 0.022939 0.147080
v -0.008887 0.022939 0.147980
v -0.008887 0.022939 0.155180
v -0.008887 0.022939 0.162380
v -0.008887 0.022939 0.163280
v -0.008887 0.022939 0.164080
v -0.008877 -0.022914 0.164353
v -0.008878 -0.021434 0.165480
v -0.008878 0.021434 0.165480
v -0.008877 0.022914 0.164353
v -0.008848 -0.022839 0.164616
v -0.008848 0.022839 0.164616
v -0.008814 -0.022752 0.140880
v -0.008814 0.022752 0.140880
v -0.008801 -0.022719 0.164858
v -0.008802 -0.021249 0.146380
v -0.008802 -0.021249 0.163880
v -0.008802 0.021249 0.146380
v -0.008802 0.021249 0.163880
v -0.008801 0.022719 0.164858
v -0.008738 -0.022556 0.165070
v -0.008738 0.022556 0.165070
v -0.008728 -0.024173 0.141380
v -0.008728 -0.024173 0.145480
v -0.008728 0.024173 0.141380
v -0.008728 0.024173 0.145480
v -0.008718 -0.024144 0.145633
v -0.008718 0.024144 0.145633
v -0.008715 -0.024137 0.141189
v -0.008715 0.024137 0.141189
v -0.008688 -0.024062 0.145763
v -0.008688 0.024062 0.145763
v -0.008678 -0.024035 0.141026
v -0.008678 0.024035 0.141026
v -0.008670 -0.022379 0.141280
v -0.008670 -0.022379 0.145580
v -0.008670 0.022379 0.141280
v -0.008670 0.022379 0.145580
v -0.008662 -0.022359 0.165244
v -0.008662 0.022359 0.165244
v -0.008644 -0.023940 0.145850
v -0.008644 0.023940 0.145850
v -0.008634 -0.022286 0.145880
v -0.008634 -0.022286 0.146780
v -0.008634 0.022286 0.145880
v -0.008634 0.022286 0.146780
v -0.008623 -0.023882 0.140918
v -0.008623 0.023882 0.140918
v -0.008592 -0.023796 0.145880
v -0.008592 0.023796 0.145880
v -0.008574 -0.022133 0.165373
v -0.008574 0.022133 0.165373
v -0.008558 -0.023702 0.140880
v -0.008558 0.023702 0.140880
v -0.008479 -0.021888 0.165453
v -0.008479 0.021888 0.165453
v -0.008381 -0.021633 0.165480
v -0.008381 0.021633 0.165480
v -0.008354 -0.023138 0.146780
v -0.008354 -0.023138 0.147080
v -0.008354 -0.023138 0.147980
v -0.008354 -0.023138 0.155180
v -0.008354 -0.023138 0.162380
v -0.008354 -0.023138 0.163280
v -0.008354 -0.023138 0.164080
v -0.008345 -0.023113 0.164353
v -0.008345 0.023113 0.164353
v -0.008354 0.023138 0.146780
v -0.008354 0.023138 0.147080
v -0.008354 0.023138 0.147980
v -0.008354 0.023138 0.155180
v -0.008354 0.023138 0.162380
v -0.008354 0.023138 0.163280
v -0.008354 0.023138 0.164080
v -0.008342 -0.020141 0.151828
v -0.008342 -0.020141 0.152708
v -0.008342 0.020141 0.150253
v -0.008342 0.020141 0.151133
v -0.008342 0.020141 0.154453
v -0.008342 0.020141 0.155333
v -0.008318 -0.023038 0.164616
v -0.008318 0.023038 0.164616
v -0.008309 -0.021447 0.146380
v -0.008309 -0.021447 0.163880
v -0.008309 0.021447 0.146380
v -0.008309 0.021447 0.163880
v -0.008286 -0.022950 0.140880
v -0.008286 0.022950 0.140880
v -0.008274 -0.022916 0.164858
v -0.008274 0.022916 0.164858
v -0.008215 -0.022752 0.165070
v -0.008215 0.022752 0.165070
v -0.008167 -0.024368 0.141380
v -0.008167 -0.024368 0.145480
v -0.008167 0.024368 0.141380
v -0.008167 0.024368 0.145480
v -0.008158 -0.024339 0.145633
v -0.008155 -0.024332 0.141189
v -0.008155 0.024332 0.141189
v -0.008158 0.024339 0.145633
v -0.008151 -0.022574 0.141280
v -0.008151 -0.022574 0.145580
v -0.008151 0.022574 0.141280
v -0.008151 0.022574 0.145580
v -0.008143 -0.022553 0.165244
v -0.008143 0.022553 0.165244
v -0.008130 -0.024257 0.145763
v -0.008130 0.024257 0.145763
v -0.008121 -0.024229 0.141026
v -0.008117 -0.022480 0.145880
v -0.008117 -0.022480 0.146780
v -0.008117 0.022480 0.145880
v -0.008117 0.022480 0.146780
v -0.008121 0.024229 0.141026
v -0.008089 -0.024134 0.145850
v -0.008089 0.024134 0.145850
v -0.008069 -0.024075 0.140918
v -0.008069 0.024075 0.140918
v -0.008061 -0.022325 0.165373
v -0.008061 0.022325 0.165373
v -0.008040 -0.023988 0.145880
v -0.008040 0.023988 0.145880
v -0.008008 -0.023894 0.140880
v -0.008008 0.023894 0.140880
v -0.007972 -0.022078 0.165453
v -0.007972 0.022078 0.165453
v -0.007975 0.023794 0.147980
v -0.007975 0.023794 0.155180
v -0.007975 0.023794 0.162380
v -0.007879 -0.021821 0.165480
v -0.007879 0.021821 0.165480
v -0.007818 -0.023325 0.146780
v -0.007818 -0.023325 0.147080
v -0.007818 -0.023325 0.147980
v -0.007818 -0.023325 0.155180
v -0.007818 -0.023325 0.162380
v -0.007818 -0.023325 0.163280
v -0.007818 -0.023325 0.164080
v -0.007818 0.023325 0.146780
v -0.007818 0.023325 0.147080
v -0.007818 0.023325 0.163280
v -0.007818 0.023325 0.164080
v -0.007809 -0.023299 0.164353
v -0.007811 -0.021633 0.146380
v -0.007811 -0.021633 0.163880
v -0.007811 0.021633 0.146380
v -0.007811 0.021633 0.163880
v -0.007809 0.023299 0.164353
v -0.007784 -0.023224 0.164616
v -0.007784 0.023224 0.164616
v -0.007754 -0.023135 0.140880
v -0.007754 0.023135 0.140880
v -0.007743 -0.023101 0.164858
v -0.007743 0.023101 0.164858
v -0.007687 -0.022936 0.165070
v -0.007687 0.022936 0.165070
v -0.007627 -0.022756 0.141280
v -0.007627 -0.022756 0.145580
v -0.007627 0.022756 0.141280
v -0.007627 0.022756 0.145580
v -0.007620 -0.022735 0.165244
v -0.007620 0.022735 0.165244
v -0.007602 -0.024550 0.141380
v -0.007602 -0.024550 0.145480
v -0.007595 -0.022661 0.145880
v -0.007595 -0.022661 0.146780
v -0.007595 0.022661 0.145880
v -0.007595 0.022661 0.146780
v -0.007602 0.024550 0.141380
v -0.007602 0.024550 0.145480
v -0.007593 -0.024521 0.145633
v -0.007591 -0.024514 0.141189
v -0.007591 0.024514 0.141189
v -0.007593 0.024521 0.145633
v -0.007568 -0.024438 0.145763
v -0.007568 0.024438 0.145763
v -0.007559 -0.024410 0.141026
v -0.007559 0.024410 0.141026
v -0.007543 -0.022505 0.165373
v -0.007543 0.022505 0.165373
v -0.007543 0.024359 0.147980
v -0.007543 0.024359 0.155180
v -0.007543 0.024359 0.162380
v -0.007529 -0.024314 0.145850
v -0.007529 0.024314 0.145850
v -0.007511 -0.024255 0.140918
v -0.007511 0.024255 0.140918
v -0.007484 -0.024168 0.145880
v -0.007484 0.024168 0.145880
v -0.007460 -0.022256 0.165453
v -0.007460 0.022256 0.165453
v -0.007454 -0.024072 0.140880
v -0.007454 0.024072 0.140880
v -0.007423 -0.023972 0.147980
v -0.007423 -0.023972 0.155180
v -0.007423 -0.023972 0.162380
v -0.007373 -0.021997 0.165480
v -0.007373 0.021997 0.165480
v -0.007309 -0.021808 0.146380
v -0.007309 -0.021808 0.163880
v -0.007309 0.021808 0.146380
v -0.007309 0.021808 0.163880
v -0.007277 -0.023499 0.146780
v -0.007277 -0.023499 0.147080
v -0.007277 -0.023499 0.163280
v -0.007277 -0.023499 0.164080
v -0.007277 0.023499 0.146780
v -0.007277 0.023499 0.147080
v -0.007277 0.023499 0.163280
v -0.007277 0.023499 0.164080
v -0.007269 -0.023473 0.164353
v -0.007269 0.023473 0.164353
v -0.007245 -0.023397 0.164616
v -0.007245 0.023397 0.164616
v -0.007218 -0.023308 0.140880
v -0.007218 0.023308 0.140880
v -0.007207 -0.023274 0.164858
v -0.007207 0.023274 0.164858
v -0.007156 -0.023107 0.165070
v -0.007156 0.023107 0.165070
v -0.007099 -0.022926 0.141280
v -0.007099 -0.022926 0.145580
v -0.007099 0.022926 0.141280
v -0.007099 0.022926 0.145580
v -0.007093 -0.022905 0.165244
v -0.007093 0.022905 0.165244
v -0.007070 -0.022830 0.145880
v -0.007070 -0.022830 0.146780
v -0.007070 0.022830 0.145880
v -0.007070 0.022830 0.146780
v -0.007033 -0.024719 0.141380
v -0.007033 -0.024719 0.145480
v -0.007033 0.024719 0.141380
v -0.007033 0.024719 0.145480
v -0.007025 -0.024690 0.145633
v -0.007023 -0.024682 0.141189
v -0.007021 -0.022674 0.165373
v -0.007021 0.022674 0.165373
v -0.007023 0.024682 0.141189
v -0.007025 0.024690 0.145633
v -0.007001 -0.024606 0.145763
v -0.007001 0.024606 0.145763
v -0.006993 -0.024578 0.141026
v -0.006993 0.024578 0.141026
v -0.006978 -0.024527 0.147980
v -0.006978 -0.024527 0.155180
v -0.006978 -0.024527 0.162380
v -0.006978 0.024527 0.147980
v -0.006978 0.024527 0.155180
v -0.006978 0.024527 0.162380
v -0.006966 -0.024481 0.145850
v -0.006966 0.024481 0.145850
v -0.006949 -0.024422 0.140918
v -0.006949 0.024422 0.140918
v -0.006943 -0.022423 0.165453
v -0.006943 0.022423 0.165453
v -0.006924 -0.024334 0.145880
v -0.006924 0.024334 0.145880
v -0.006896 -0.024238 0.140880
v -0.006896 0.024238 0.140880
v -0.006863 -0.022162 0.165480
v -0.006863 0.022162 0.165480
v -0.006804 -0.021971 0.146380
v -0.006804 -0.021971 0.163880
v -0.006804 0.021971 0.146380
v -0.006804 0.021971 0.163880
v -0.006764 -0.022297 0.151233
v -0.006764 -0.022297 0.153433
v -0.006764 0.022297 0.149527
v -0.006764 0.022297 0.151727
v -0.006764 0.022297 0.153727
v -0.006764 0.022297 0.155927
v -0.006732 -0.023661 0.146780
v -0.006732 -0.023661 0.147080
v -0.006732 -0.023661 0.163280
v -0.006732 -0.023661 0.164080
v -0.006732 0.023661 0.146780
v -0.006732 0.023661 0.147080
v -0.006732 0.023661 0.163280
v -0.006732 0.023661 0.164080
v -0.006725 -0.023635 0.164353
v -0.006725 0.023635 0.164353
v -0.006703 -0.023558 0.164616
v -0.006703 0.023558 0.164616
v -0.006677 -0.023469 0.140880
v -0.006677 0.023469 0.140880
v -0.006668 -0.023434 0.164858
v -0.006668 0.023434 0.164858
v -0.006620 -0.023267 0.165070
v -0.006620 0.023267 0.165070
v -0.006568 -0.023084 0.141280
v -0.006568 -0.023084 0.145580
v -0.006568 0.023084 0.141280
v -0.006568 0.023084 0.145580
v -0.006562 -0.023062 0.165244
v -0.006562 0.023062 0.165244
v -0.006541 -0.022988 0.145880
v -0.006541 -0.022988 0.146780
v -0.006541 0.022988 0.145880
v -0.006541 0.022988 0.146780
v -0.006496 -0.022830 0.165373
v -0.006496 0.022830 0.165373
v -0.006460 -0.024875 0.141380
v -0.006460 -0.024875 0.145480
v -0.006460 0.024875 0.141380
v -0.006460 0.024875 0.145480
v -0.006453 -0.024845 0.145633
v -0.006451 -0.024838 0.141189
v -0.006451 0.024838 0.141189
v -0.006453 0.024845 0.145633
v -0.006431 -0.024761 0.145763
v -0.006431 0.024761 0.145763
v -0.006423 -0.024733 0.141026
v -0.006424 -0.022577 0.165453
v -0.006424 0.022577 0.165453
v -0.006423 0.024733 0.141026
v -0.006410 -0.024681 0.147980
v -0.006410 -0.024681 0.155180
v -0.006410 -0.024681 0.162380
v -0.006398 -0.024636 0.145850
v -0.006398 0.024636 0.145850
v -0.006383 -0.024576 0.140918
v -0.006383 0.024576 0.140918
v -0.006360 -0.024488 0.145880
v -0.006360 0.024488 0.145880
v -0.006349 -0.022314 0.165480
v -0.006349 0.022314 0.165480
v -0.006335 -0.024391 0.140880
v -0.006328 -0.020861 0.151893
v -0.006328 -0.020861 0.152773
v -0.006328 0.020861 0.150187
v -0.006328 0.020861 0.151067
v -0.006328 0.020861 0.154387
v -0.006328 0.020861 0.155267
v -0.006335 0.024391 0.140880
v -0.006308 0.024289 0.147980
v -0.006308 0.024289 0.155180
v -0.006308 0.024289 0.162380
v -0.006294 -0.022122 0.146380
v -0.006294 -0.022122 0.163880
v -0.006294 0.022122 0.146380
v -0.006294 0.022122 0.163880
v -0.006184 -0.023810 0.146780
v -0.006184 -0.023810 0.147080
v -0.006184 -0.023810 0.163280
v -0.006184 -0.023810 0.164080
v -0.006177 -0.023784 0.164353
v -0.006177 0.023784 0.164353
v -0.006184 0.023810 0.146780
v -0.006184 0.023810 0.147080
v -0.006184 0.023810 0.163280
v -0.006184 0.023810 0.164080
v -0.006157 -0.023707 0.164616
v -0.006157 0.023707 0.164616
v -0.006134 -0.023617 0.140880
v -0.006134 0.023617 0.140880
v -0.006124 -0.023582 0.164858
v -0.006124 0.023582 0.164858
v -0.006081 -0.023413 0.165070
v -0.006081 0.023413 0.165070
v -0.006033 -0.023229 0.141280
v -0.006033 -0.023229 0.145580
v -0.006027 -0.023208 0.165244
v -0.006027 0.023208 0.165244
v -0.006033 0.023229 0.141280
v -0.006033 0.023229 0.145580
v -0.006008 -0.023133 0.145880
v -0.006008 -0.023133 0.146780
v -0.006008 0.023133 0.145880
v -0.006008 0.023133 0.146780
v -0.005967 -0.022974 0.165373
v -0.005967 0.022974 0.165373
v -0.005901 -0.022719 0.165453
v -0.005901 0.022719 0.165453
v -0.005884 -0.025017 0.141380
v -0.005884 -0.025017 0.145480
v -0.005877 -0.024988 0.145633
v -0.005875 -0.024980 0.141189
v -0.005875 0.024980 0.141189
v -0.005877 0.024988 0.145633
v -0.005884 0.025017 0.141380
v -0.005884 0.025017 0.145480
v -0.005857 -0.024903 0.145763
v -0.005857 0.024903 0.145763
v -0.005850 -0.024875 0.141026
v -0.005850 0.024875 0.141026
v -0.005827 -0.024777 0.145850
v -0.005832 -0.022455 0.165480
v -0.005832 0.022455 0.165480
v -0.005827 0.024777 0.145850
v -0.005813 -0.024717 0.140918
v -0.005813 0.024717 0.140918
v -0.005792 -0.024628 0.145880
v -0.005792 0.024628 0.145880
v -0.005782 -0.022261 0.146380
v -0.005782 -0.022261 0.163880
v -0.005782 0.022261 0.146380
v -0.005782 0.022261 0.163880
v -0.005770 -0.024531 0.140880
v -0.005770 0.024531 0.140880
v -0.005746 -0.024428 0.147980
v -0.005746 -0.024428 0.155180
v -0.005746 -0.024428 0.162380
v -0.005632 -0.023947 0.146780
v -0.005632 -0.023947 0.147080
v -0.005632 -0.023947 0.163280
v -0.005632 -0.023947 0.164080
v -0.005626 -0.023920 0.164353
v -0.005626 0.023920 0.164353
v -0.005632 0.023947 0.146780
v -0.005632 0.023947 0.147080
v -0.005632 0.023947 0.147980
v -0.005632 0.023947 0.155180
v -0.005632 0.023947 0.162380
v -0.005632 0.023947 0.163280
v -0.005632 0.023947 0.164080
v -0.005608 -0.023843 0.164616
v -0.005608 0.023843 0.164616
v -0.005586 -0.023752 0.140880
v -0.005586 0.023752 0.140880
v -0.005578 -0.023717 0.164858
v -0.005578 0.023717 0.164858
v -0.005538 -0.023547 0.165070
v -0.005538 0.023547 0.165070
v -0.005495 -0.023363 0.141280
v -0.005495 -0.023363 0.145580
v -0.005490 -0.023341 0.165244
v -0.005490 0.023341 0.165244
v -0.005495 0.023363 0.141280
v -0.005495 0.023363 0.145580
v -0.005472 -0.023265 0.145880
v -0.005472 -0.023265 0.146780
v -0.005472 0.023265 0.145880
v -0.005472 0.023265 0.146780
v -0.005434 -0.023105 0.165373
v -0.005434 0.023105 0.165373
v -0.005374 -0.022850 0.165453
v -0.005374 0.022850 0.165453
v -0.005312 -0.022584 0.165480
v -0.005312 0.022584 0.165480
v -0.005305 -0.025147 0.141380
v -0.005305 -0.025147 0.145480
v -0.005298 -0.025117 0.145633
v -0.005297 -0.025109 0.141189
v -0.005297 0.025109 0.141189
v -0.005298 0.025117 0.145633
v -0.005305 0.025147 0.141380
v -0.005305 0.025147 0.145480
v -0.005280 -0.025032 0.145763
v -0.005280 0.025032 0.145763
v -0.005274 -0.025003 0.141026
v -0.005266 -0.022389 0.146380
v -0.005266 -0.022389 0.163880
v -0.005266 0.022389 0.146380
v -0.005266 0.022389 0.163880
v -0.005274 0.025003 0.141026
v -0.005254 -0.024905 0.145850
v -0.005254 0.024905 0.145850
v -0.005241 -0.024845 0.140918
v -0.005241 0.024845 0.140918
v -0.005222 -0.024755 0.145880
v -0.005222 0.024755 0.145880
v -0.005201 -0.024657 0.140880
v -0.005201 0.024657 0.140880
v -0.005078 -0.024070 0.146780
v -0.005078 -0.024070 0.147080
v -0.005078 -0.024070 0.147980
v -0.005078 -0.024070 0.155180
v -0.005078 -0.024070 0.162380
v -0.005078 -0.024070 0.163280
v -0.005078 -0.024070 0.164080
v -0.005078 0.024070 0.146780
v -0.005078 0.024070 0.147080
v -0.005078 0.024070 0.147980
v -0.005078 0.024070 0.155180
v -0.005078 0.024070 0.162380
v -0.005078 0.024070 0.163280
v -0.005078 0.024070 0.164080
v -0.005072 -0.024044 0.164353
v -0.005072 0.024044 0.164353
v -0.005056 -0.023966 0.164616
v -0.005056 0.023966 0.164616
v -0.005036 -0.023875 0.140880
v -0.005036 0.023875 0.140880
v -0.005029 -0.023839 0.164858
v -0.005029 0.023839 0.164858
v -0.004993 -0.023669 0.165070
v -0.004993 0.023669 0.165070
v -0.004954 -0.023483 0.141280
v -0.004954 -0.023483 0.145580
v -0.004949 -0.023461 0.165244
v -0.004949 0.023461 0.165244
v -0.004954 0.023483 0.141280
v -0.004954 0.023483 0.145580
v -0.004933 -0.023385 0.145880
v -0.004933 -0.023385 0.146780
v -0.004933 0.023385 0.145880
v -0.004933 0.023385 0.146780
v -0.004899 -0.023225 0.165373
v -0.004899 0.023225 0.165373
v -0.004845 -0.022968 0.165453
v -0.004845 0.022968 0.165453
v -0.004789 -0.022700 0.165480
v -0.004789 0.022700 0.165480
v -0.004747 -0.022505 0.146380
v -0.004747 -0.022505 0.163880
v -0.004747 0.022505 0.146380
v -0.004747 0.022505 0.163880
v -0.004722 -0.025262 0.141380
v -0.004722 -0.025262 0.145480
v -0.004717 -0.025232 0.145633
v -0.004715 -0.025225 0.141189
v -0.004715 0.025225 0.141189
v -0.004717 0.025232 0.145633
v -0.004722 0.025262 0.141380
v -0.004722 0.025262 0.145480
v -0.004701 -0.025147 0.145763
v -0.004695 -0.025118 0.141026
v -0.004695 0.025118 0.141026
v -0.004701 0.025147 0.145763
v -0.004677 -0.025020 0.145850
v -0.004677 0.025020 0.145850
v -0.004666 -0.024959 0.140918
v -0.004666 0.024959 0.140918
v -0.004649 -0.024869 0.145880
v -0.004649 0.024869 0.145880
v -0.004630 -0.024771 0.140880
v -0.004630 0.024771 0.140880
v -0.004546 -0.022852 0.151299
v -0.004546 -0.022852 0.153499
v -0.004546 0.022852 0.149461
v -0.004546 0.022852 0.151661
v -0.004546 0.022852 0.153661
v -0.004546 0.022852 0.155861
v -0.004520 -0.024181 0.146780
v -0.004520 -0.024181 0.147080
v -0.004520 -0.024181 0.147980
v -0.004520 -0.024181 0.155180
v -0.004520 -0.024181 0.162380
v -0.004520 -0.024181 0.163280
v -0.004520 -0.024181 0.164080
v -0.004515 -0.024155 0.164353
v -0.004515 0.024155 0.164353
v -0.004520 0.024181 0.146780
v -0.004520 0.024181 0.147080
v -0.004520 0.024181 0.147980
v -0.004520 0.024181 0.155180
v -0.004520 0.024181 0.162380
v -0.004520 0.024181 0.163280
v -0.004520 0.024181 0.164080
v -0.004501 -0.024076 0.164616
v -0.004501 0.024076 0.164616
v -0.004483 -0.023985 0.140880
v -0.004477 -0.023949 0.164858
v -0.004477 0.023949 0.164858
v -0.004483 0.023985 0.140880
v -0.004445 -0.023778 0.165070
v -0.004445 0.023778 0.165070
v -0.004410 -0.023591 0.141280
v -0.004410 -0.023591 0.145580
v -0.004406 -0.023570 0.165244
v -0.004406 0.023570 0.165244
v -0.004410 0.023591 0.141280
v -0.004410 0.023591 0.145580
v -0.004392 -0.023493 0.145880
v -0.004392 -0.023493 0.146780
v -0.004392 0.023493 0.145880
v -0.004392 0.023493 0.146780
v -0.004361 -0.023332 0.165373
v -0.004361 0.023332 0.165373
v -0.004313 -0.023073 0.165453
v -0.004313 0.023073 0.165453
v -0.004263 -0.022805 0.165480
v -0.004263 0.022805 0.165480
v -0.004253 -0.021381 0.151959
v -0.004253 -0.021381 0.152839
v -0.004253 0.021381 0.150121
v -0.004253 0.021381 0.151001
v -0.004253 0.021381 0.154321
v -0.004253 0.021381 0.155201
v -0.004226 -0.022608 0.146380
v -0.004226 -0.022608 0.163880
v -0.004226 0.022608 0.146380
v -0.004226 0.022608 0.163880
v -0.004138 -0.025365 0.141380
v -0.004138 -0.025365 0.145480
v -0.004138 0.025365 0.141380
v -0.004138 0.025365 0.145480
v -0.004131 -0.025327 0.141189
v -0.004133 -0.025335 0.145633
v -0.004131 0.025327 0.141189
v -0.004133 0.025335 0.145633
v -0.004119 -0.025249 0.145763
v -0.004119 0.025249 0.145763
v -0.004114 -0.025220 0.141026
v -0.004114 0.025220 0.141026
v -0.004098 -0.025121 0.145850
v -0.004098 0.025121 0.145850
v -0.004088 -0.025060 0.140918
v -0.004088 0.025060 0.140918
v -0.004073 -0.024970 0.145880
v -0.004073 0.024970 0.145880
v -0.004057 -0.024871 0.140880
v -0.004057 0.024871 0.140880
v -0.003960 -0.024279 0.146780
v -0.003960 -0.024279 0.147080
v -0.003960 -0.024279 0.147980
v -0.003960 -0.024279 0.155180
v -0.003960 -0.024279 0.162380
v -0.003960 -0.024279 0.163280
v -0.003960 -0.024279 0.164080
v -0.003956 -0.024253 0.164353
v -0.003956 0.024253 0.164353
v -0.003960 0.024279 0.146780
v -0.003960 0.024279 0.147080
v -0.003960 0.024279 0.147980
v -0.003960 0.024279 0.155180
v -0.003960 0.024279 0.162380
v -0.003960 0.024279 0.163280
v -0.003960 0.024279 0.164080
v -0.003943 -0.024174 0.164616
v -0.003943 0.024174 0.164616
v -0.003928 -0.024082 0.140880
v -0.003928 0.024082 0.140880
v -0.003923 -0.024046 0.164858
v -0.003923 0.024046 0.164858
v -0.003894 -0.023874 0.165070
v -0.003894 0.023874 0.165070
v -0.003864 -0.023687 0.141280
v -0.003864 -0.023687 0.145580
v -0.003860 -0.023665 0.165244
v -0.003860 0.023665 0.165244
v -0.003864 0.023687 0.141280
v -0.003864 0.023687 0.145580
v -0.003848 -0.023588 0.145880
v -0.003848 -0.023588 0.146780
v -0.003848 0.023588 0.145880
v -0.003848 0.023588 0.146780
v -0.003821 -0.023426 0.165373
v -0.003821 0.023426 0.165373
v -0.003779 -0.023167 0.165453
v -0.003779 0.023167 0.165453
v -0.003735 -0.022897 0.165480
v -0.003735 0.022897 0.165480
v -0.003703 -0.022700 0.146380
v -0.003703 -0.022700 0.163880
v -0.003703 0.022700 0.146380
v -0.003703 0.022700 0.163880
v -0.003551 -0.025454 0.141380
v -0.003551 -0.025454 0.145480
v -0.003545 -0.025416 0.141189
v -0.003546 -0.025423 0.145633
v -0.003545 0.025416 0.141189
v -0.003546 0.025423 0.145633
v -0.003551 0.025454 0.141380
v -0.003551 0.025454 0.145480
v -0.003534 -0.025338 0.145763
v -0.003530 -0.025309 0.141026
v -0.003530 0.025309 0.141026
v -0.003534 0.025338 0.145763
v -0.003517 -0.025209 0.145850
v -0.003517 0.025209 0.145850
v -0.003508 -0.025148 0.140918
v -0.003508 0.025148 0.140918
v -0.003495 -0.025057 0.145880
v -0.003495 0.025057 0.145880
v -0.003482 -0.024958 0.140880
v -0.003482 0.024958 0.140880
v -0.003467 0.024854 0.147980
v -0.003467 0.024854 0.155180
v -0.003467 0.024854 0.162380
v -0.003399 -0.024364 0.146780
v -0.003399 -0.024364 0.147080
v -0.003399 -0.024364 0.147980
v -0.003399 -0.024364 0.155180
v -0.003399 -0.024364 0.162380
v -0.003399 -0.024364 0.163280
v -0.003399 -0.024364 0.164080
v -0.003399 0.024364 0.146780
v -0.003399 0.024364 0.147080
v -0.003399 0.024364 0.163280
v -0.003399 0.024364 0.164080
v -0.003395 -0.024337 0.164353
v -0.003395 0.024337 0.164353
v -0.003384 -0.024259 0.164616
v -0.003384 0.024259 0.164616
v -0.003371 -0.024166 0.140880
v -0.003366 -0.024130 0.164858
v -0.003366 0.024130 0.164858
v -0.003371 0.024166 0.140880
v -0.003342 -0.023958 0.165070
v -0.003342 0.023958 0.165070
v -0.003316 -0.023770 0.141280
v -0.003316 -0.023770 0.145580
v -0.003316 0.023770 0.141280
v -0.003316 0.023770 0.145580
v -0.003313 -0.023748 0.165244
v -0.003313 0.023748 0.165244
v -0.003302 -0.023671 0.145880
v -0.003302 -0.023671 0.146780
v -0.003302 0.023671 0.145880
v -0.003302 0.023671 0.146780
v -0.003279 -0.023508 0.165373
v -0.003279 0.023508 0.165373
v -0.003243 -0.023248 0.165453
v -0.003243 0.023248 0.165453
v -0.003205 -0.022978 0.165480
v -0.003205 0.022978 0.165480
v -0.003178 -0.022779 0.146380
v -0.003178 -0.022779 0.163880
v -0.003178 0.022779 0.146380
v -0.003178 0.022779 0.163880
v -0.002962 -0.025529 0.141380
v -0.002962 -0.025529 0.145480
v -0.002958 -0.025499 0.145633
v -0.002957 -0.025491 0.141189
v -0.002957 0.025491 0.141189
v -0.002958 0.025499 0.145633
v -0.002962 0.025529 0.141380
v -0.002962 0.025529 0.145480
v -0.002948 -0.025412 0.145763
v -0.002948 0.025412 0.145763
v -0.002945 -0.025383 0.141026
v -0.002939 0.025330 0.147980
v -0.002939 0.025330 0.155180
v -0.002939 0.025330 0.162380
v -0.002945 0.025383 0.141026
v -0.002933 -0.025283 0.145850
v -0.002926 -0.025222 0.140918
v -0.002926 0.025222 0.140918
v -0.002933 0.025283 0.145850
v -0.002916 -0.025131 0.145880
v -0.002916 0.025131 0.145880
v -0.002904 -0.025032 0.140880
v -0.002904 0.025032 0.140880
v -0.002892 -0.024928 0.147980
v -0.002892 -0.024928 0.155180
v -0.002892 -0.024928 0.162380
v -0.002835 -0.024436 0.146780
v -0.002835 -0.024436 0.147080
v -0.002835 -0.024436 0.163280
v -0.002835 -0.024436 0.164080
v -0.002832 -0.024409 0.164353
v -0.002832 0.024409 0.164353
v -0.002835 0.024436 0.146780
v -0.002835 0.024436 0.147080
v -0.002835 0.024436 0.163280
v -0.002835 0.024436 0.164080
v -0.002823 -0.024330 0.164616
v -0.002823 0.024330 0.164616
v -0.002812 -0.024237 0.140880
v -0.002808 -0.024202 0.164858
v -0.002808 0.024202 0.164858
v -0.002812 0.024237 0.140880
v -0.002788 -0.024029 0.165070
v -0.002788 0.024029 0.165070
v -0.002766 -0.023840 0.141280
v -0.002766 -0.023840 0.145580
v -0.002766 0.023840 0.141280
v -0.002766 0.023840 0.145580
v -0.002763 -0.023818 0.165244
v -0.002763 0.023818 0.165244
v -0.002754 -0.023741 0.145880
v -0.002754 -0.023741 0.146780
v -0.002754 0.023741 0.145880
v -0.002754 0.023741 0.146780
v -0.002735 -0.023578 0.165373
v -0.002735 0.023578 0.165373
v -0.002705 -0.023317 0.165453
v -0.002705 0.023317 0.165453
v -0.002674 -0.023045 0.165480
v -0.002674 0.023045 0.165480
v -0.002651 -0.022847 0.146380
v -0.002651 -0.022847 0.163880
v -0.002651 0.022847 0.146380
v -0.002651 0.022847 0.163880
v -0.002371 -0.025590 0.141380
v -0.002371 -0.025590 0.145480
v -0.002368 -0.025560 0.145633
v -0.002368 -0.025552 0.141189
v -0.002368 0.025552 0.141189
v -0.002368 0.025560 0.145633
v -0.002371 0.025590 0.141380
v -0.002371 0.025590 0.145480
v -0.002360 -0.025474 0.145763
v -0.002358 -0.025445 0.141026
v -0.002358 0.025445 0.141026
v -0.002360 0.025474 0.145763
v -0.002353 -0.025391 0.147980
v -0.002353 -0.025391 0.155180
v -0.002353 -0.025391 0.162380
v -0.002349 -0.025344 0.145850
v -0.002349 0.025344 0.145850
v -0.002353 0.025391 0.147980
v -0.002353 0.025391 0.155180
v -0.002353 0.025391 0.162380
v -0.002343 -0.025283 0.140918
v -0.002343 0.025283 0.140918
v -0.002334 -0.025192 0.145880
v -0.002325 -0.025093 0.140880
v -0.002325 0.025093 0.140880
v -0.002334 0.025192 0.145880
v -0.002284 -0.023188 0.151364
v -0.002284 -0.023188 0.153564
v -0.002284 0.023188 0.149396
v -0.002284 0.023188 0.151596
v -0.002284 0.023188 0.153596
v -0.002284 0.023188 0.155796
v -0.002270 -0.024495 0.146780
v -0.002270 -0.024495 0.147080
v -0.002270 -0.024495 0.163280
v -0.002270 -0.024495 0.164080
v -0.002267 -0.024468 0.164353
v -0.002267 0.024468 0.164353
v -0.002270 0.024495 0.146780
v -0.002270 0.024495 0.147080
v -0.002270 0.024495 0.163280
v -0.002270 0.024495 0.164080
v -0.002260 -0.024389 0.164616
v -0.002260 0.024389 0.164616
v -0.002251 -0.024296 0.140880
v -0.002248 -0.024260 0.164858
v -0.002248 0.024260 0.164858
v -0.002251 0.024296 0.140880
v -0.002232 -0.024087 0.165070
v -0.002232 0.024087 0.165070
v -0.002214 -0.023898 0.141280
v -0.002214 -0.023898 0.145580
v -0.002212 -0.023876 0.165244
v -0.002205 -0.023798 0.145880
v -0.002205 -0.023798 0.146780
v -0.002205 0.023798 0.145880
v -0.002205 0.023798 0.146780
v -0.002212 0.023876 0.165244
v -0.002214 0.023898 0.141280
v -0.002214 0.023898 0.145580
v -0.002190 -0.023635 0.165373
v -0.002190 0.023635 0.165373
v -0.002166 -0.023373 0.165453
v -0.002166 0.023373 0.165453
v -0.002141 -0.023101 0.165480
v -0.002137 -0.021695 0.152024
v -0.002137 -0.021695 0.152904
v -0.002137 0.021695 0.150056
v -0.002137 0.021695 0.150936
v -0.002137 0.021695 0.154256
v -0.002137 0.021695 0.155136
v -0.002141 0.023101 0.165480
v -0.002122 -0.022902 0.146380
v -0.002122 -0.022902 0.163880
v -0.002122 0.022902 0.146380
v -0.002122 0.022902 0.163880
v -0.001780 -0.025638 0.141380
v -0.001780 -0.025638 0.145480
v -0.001777 -0.025608 0.145633
v -0.001777 -0.025600 0.141189
v -0.001777 0.025600 0.141189
v -0.001777 0.025608 0.145633
v -0.001780 0.025638 0.141380
v -0.001780 0.025638 0.145480
v -0.001771 -0.025521 0.145763
v -0.001769 -0.025492 0.141026
v -0.001766 -0.025439 0.147980
v -0.001766 -0.025439 0.155180
v -0.001766 -0.025439 0.162380
v -0.001769 0.025492 0.141026
v -0.001771 0.025521 0.145763
v -0.001762 -0.025392 0.145850
v -0.001758 -0.025330 0.140918
v -0.001758 0.025330 0.140918
v -0.001762 0.025392 0.145850
v -0.001752 -0.025239 0.145880
v -0.001752 0.025239 0.145880
v -0.001745 -0.025140 0.140880
v -0.001738 0.025035 0.147980
v -0.001738 0.025035 0.155180
v -0.001738 0.025035 0.162380
v -0.001745 0.025140 0.140880
v -0.001703 -0.024541 0.146780
v -0.001703 -0.024541 0.147080
v -0.001703 -0.024541 0.163280
v -0.001703 -0.024541 0.164080
v -0.001702 -0.024514 0.164353
v -0.001696 -0.024435 0.164616
v -0.001696 0.024435 0.164616
v -0.001702 0.024514 0.164353
v -0.001703 0.024541 0.146780
v -0.001703 0.024541 0.147080
v -0.001703 0.024541 0.163280
v -0.001703 0.024541 0.164080
v -0.001690 -0.024341 0.140880
v -0.001687 -0.024306 0.164858
v -0.001687 0.024306 0.164858
v -0.001690 0.024341 0.140880
v -0.001675 -0.024132 0.165070
v -0.001675 0.024132 0.165070
v -0.001662 -0.023942 0.141280
v -0.001662 -0.023942 0.145580
v -0.001660 -0.023920 0.165244
v -0.001660 0.023920 0.165244
v -0.001662 0.023942 0.141280
v -0.001662 0.023942 0.145580
v -0.001655 -0.023843 0.145880
v -0.001655 -0.023843 0.146780
v -0.001655 0.023843 0.145880
v -0.001655 0.023843 0.146780
v -0.001644 -0.023679 0.165373
v -0.001644 0.023679 0.165373
v -0.001625 -0.023417 0.165453
v -0.001625 0.023417 0.165453
v -0.001606 -0.023144 0.165480
v -0.001606 0.023144 0.165480
v -0.001593 -0.022945 0.146380
v -0.001593 -0.022945 0.163880
v -0.001593 0.022945 0.146380
v -0.001593 0.022945 0.163880
v -0.001187 -0.025673 0.141380
v -0.001187 -0.025673 0.145480
v -0.001186 -0.025642 0.145633
v -0.001185 -0.025635 0.141189
v -0.001185 0.025635 0.141189
v -0.001186 0.025642 0.145633
v -0.001187 0.025673 0.141380
v -0.001187 0.025673 0.145480
v -0.001182 -0.025556 0.145763
v -0.001180 -0.025526 0.141026
v -0.001176 -0.025426 0.145850
v -0.001176 0.025426 0.145850
v -0.001180 0.025526 0.141026
v -0.001182 0.025556 0.145763
v -0.001173 -0.025364 0.140918
v -0.001168 -0.025273 0.145880
v -0.001168 0.025273 0.145880
v -0.001173 0.025364 0.140918
v -0.001164 -0.025173 0.140880
v -0.001159 -0.025068 0.147980
v -0.001159 -0.025068 0.155180
v -0.001159 -0.025068 0.162380
v -0.001164 0.025173 0.140880
v -0.001136 -0.024574 0.146780
v -0.001136 -0.024574 0.147080
v -0.001136 -0.024574 0.163280
v -0.001136 -0.024574 0.164080
v -0.001136 0.024574 0.146780
v -0.001136 0.024574 0.147080
v -0.001136 0.024574 0.147980
v -0.001136 0.024574 0.155180
v -0.001136 0.024574 0.162380
v -0.001136 0.024574 0.163280
v -0.001136 0.024574 0.164080
v -0.001135 -0.024547 0.164353
v -0.001131 -0.024467 0.164616
v -0.001127 -0.024374 0.140880
v -0.001125 -0.024338 0.164858
v -0.001125 0.024338 0.164858
v -0.001127 0.024374 0.140880
v -0.001131 0.024467 0.164616
v -0.001135 0.024547 0.164353
v -0.001117 -0.024164 0.165070
v -0.001117 0.024164 0.165070
v -0.001108 -0.023974 0.141280
v -0.001108 -0.023974 0.145580
v -0.001107 -0.023952 0.165244
v -0.001107 0.023952 0.165244
v -0.001108 0.023974 0.141280
v -0.001108 0.023974 0.145580
v -0.001104 -0.023874 0.145880
v -0.001104 -0.023874 0.146780
v -0.001096 -0.023710 0.165373
v -0.001096 0.023710 0.165373
v -0.001104 0.023874 0.145880
v -0.001104 0.023874 0.146780
v -0.001084 -0.023448 0.165453
v -0.001084 0.023448 0.165453
v -0.001071 -0.023175 0.165480
v -0.001071 0.023175 0.165480
v -0.001062 -0.022975 0.146380
v -0.001062 -0.022975 0.163880
v -0.001062 0.022975 0.146380
v -0.001062 0.022975 0.163880
v -0.000594 -0.025693 0.141380
v -0.000594 -0.025693 0.145480
v -0.000593 -0.025655 0.141189
v -0.000593 -0.025663 0.145633
v -0.000591 -0.025576 0.145763
v -0.000590 -0.025547 0.141026
v -0.000588 -0.025446 0.145850
v -0.000586 -0.025385 0.140918
v -0.000586 0.025385 0.140918
v -0.000588 0.025446 0.145850
v -0.000590 0.025547 0.141026
v -0.000591 0.025576 0.145763
v -0.000593 0.025655 0.141189
v -0.000593 0.025663 0.145633
v -0.000594 0.025693 0.141380
v -0.000594 0.025693 0.145480
v -0.000584 -0.025293 0.145880
v -0.000582 -0.025193 0.140880
v -0.000582 0.025193 0.140880
v -0.000584 0.025293 0.145880
v -0.000568 -0.024593 0.146780
v -0.000568 -0.024593 0.147080
v -0.000568 -0.024593 0.147980
v -0.000568 -0.024593 0.155180
v -0.000568 -0.024593 0.162380
v -0.000568 -0.024593 0.163280
v -0.000568 -0.024593 0.164080
v -0.000568 -0.024567 0.164353
v -0.000566 -0.024487 0.164616
v -0.000566 0.024487 0.164616
v -0.000568 0.024567 0.164353
v -0.000568 0.024593 0.146780
v -0.000568 0.024593 0.147080
v -0.000568 0.024593 0.147980
v -0.000568 0.024593 0.155180
v -0.000568 0.024593 0.162380
v -0.000568 0.024593 0.163280
v -0.000568 0.024593 0.164080
v -0.000564 -0.024393 0.140880
v -0.000563 -0.024358 0.164858
v -0.000559 -0.024183 0.165070
v -0.000559 0.024183 0.165070
v -0.000563 0.024358 0.164858
v -0.000564 0.024393 0.140880
v -0.000554 -0.023994 0.141280
v -0.000554 -0.023994 0.145580
v -0.000554 -0.023971 0.165244
v -0.000552 -0.023894 0.145880
v -0.000552 -0.023894 0.146780
v -0.000548 -0.023729 0.165373
v -0.000548 0.023729 0.165373
v -0.000552 0.023894 0.145880
v -0.000552 0.023894 0.146780
v -0.000554 0.023971 0.165244
v -0.000554 0.023994 0.141280
v -0.000554 0.023994 0.145580
v -0.000542 -0.023467 0.165453
v -0.000536 -0.023194 0.165480
v -0.000536 0.023194 0.165480
v -0.000542 0.023467 0.165453
v -0.000531 -0.022994 0.146380
v -0.000531 -0.022994 0.163880
v -0.000531 0.022994 0.146380
v -0.000531 0.022994 0.163880
v -0.000000 -0.025700 0.141380
v -0.000000 -0.025700 0.145480
v -0.000000 -0.025670 0.145633
v -0.000000 -0.025662 0.141189
v -0.000000 -0.025583 0.145763
v -0.000000 -0.025554 0.141026
v -0.000000 -0.025453 0.145850
v -0.000000 -0.025391 0.140918
v -0.000000 -0.025300 0.145880
v -0.000000 -0.025200 0.140880
v -0.000000 -0.024600 0.146780
v -0.000000 -0.024600 0.147080
v -0.000000 -0.024600 0.147980
v -0.000000 -0.024600 0.155180
v -0.000000 -0.024600 0.162380
v -0.000000 -0.024600 0.163280
v -0.000000 -0.024600 0.164080
v -0.000000 -0.024573 0.164353
v -0.000000 -0.024493 0.164616
v -0.000000 -0.024400 0.140880
v -0.000000 -0.024364 0.164858
v -0.000000 -0.024190 0.165070
v -0.000000 -0.024000 0.141280
v -0.000000 -0.024000 0.145580
v -0.000000 -0.023978 0.165244
v -0.000000 -0.023900 0.145880
v -0.000000 -0.023900 0.146780
v -0.000000 -0.023736 0.165373
v -0.000000 -0.023473 0.165453
v -0.000000 -0.023300 0.151430
v -0.000000 -0.023300 0.153630
v -0.000000 -0.023200 0.165480
v -0.000000 -0.023000 0.146380
v -0.000000 -0.023000 0.163880
v -0.000000 -0.021800 0.152090
v -0.000000 -0.021800 0.152970
v 0.000000 0.000000 0.163880
v 0.000000 0.000000 0.165480
v 0.000000 0.021800 0.149990
v 0.000000 0.021800 0.150870
v 0.000000 0.021800 0.154190
v 0.000000 0.021800 0.155070
v 0.000000 0.023000 0.146380
v 0.000000 0.023000 0.163880
v 0.000000 0.023200 0.165480
v 0.000000 0.023300 0.149330
v 0.000000 0.023300 0.151530
v 0.000000 0.023300 0.153530
v 0.000000 0.023300 0.155730
v 0.000000 0.023473 0.165453
v 0.000000 0.023736 0.165373
v 0.000000 0.023900 0.145880
v 0.000000 0.023900 0.146780
v 0.000000 0.023978 0.165244
v 0.000000 0.024000 0.141280
v 0.000000 0.024000 0.145580
v 0.000000 0.024190 0.165070
v 0.000000 0.024364 0.164858
v 0.000000 0.024400 0.140880
v 0.000000 0.024493 0.164616
v 0.000000 0.024573 0.164353
v 0.000000 0.024600 0.146780
v 0.000000 0.024600 0.147080
v 0.000000 0.024600 0.147980
v 0.000000 0.024600 0.155180
v 0.000000 0.024600 0.162380
v 0.000000 0.024600 0.163280
v 0.000000 0.024600 0.164080
v 0.000000 0.025200 0.140880
v 0.000000 0.025300 0.145880
v 0.000000 0.025391 0.140918
v 0.000000 0.025453 0.145850
v 0.000000 0.025554 0.141026
v 0.000000 0.025583 0.145763
v 0.000000 0.025662 0.141189
v 0.000000 0.025670 0.145633
v 0.000000 0.025700 0.141380
v 0.000000 0.025700 0.145480
v 0.000531 -0.022994 0.146380
v 0.000531 -0.022994 0.163880
v 0.000531 0.022994 0.146380
v 0.000531 0.022994 0.163880
v 0.000542 -0.023467 0.165453
v 0.000536 -0.023194 0.165480
v 0.000536 0.023194 0.165480
v 0.000542 0.023467 0.165453
v 0.000554 -0.023994 0.141280
v 0.000554 -0.023994 0.145580
v 0.000554 -0.023971 0.165244
v 0.000552 -0.023894 0.145880
v 0.000552 -0.023894 0.146780
v 0.000548 -0.023729 0.165373
v 0.000548 0.023729 0.165373
v 0.000552 0.023894 0.145880
v 0.000552 0.023894 0.146780
v 0.000554 0.023971 0.165244
v 0.000554 0.023994 0.141280
v 0.000554 0.023994 0.145580
v 0.000564 -0.024393 0.140880
v 0.000563 -0.024358 0.164858
v 0.000559 -0.024183 0.165070
v 0.000559 0.024183 0.165070
v 0.000563 0.024358 0.164858
v 0.000564 0.024393 0.140880
v 0.000568 -0.024593 0.146780
v 0.000568 -0.024593 0.147080
v 0.000568 -0.024593 0.147980
v 0.000568 -0.024593 0.155180
v 0.000568 -0.024593 0.162380
v 0.000568 -0.024593 0.163280
v 0.000568 -0.024593 0.164080
v 0.000568 -0.024567 0.164353
v 0.000566 -0.024487 0.164616
v 0.000566 0.024487 0.164616
v 0.000568 0.024567 0.164353
v 0.000568 0.024593 0.146780
v 0.000568 0.024593 0.147080
v 0.000568 0.024593 0.147980
v 0.000568 0.024593 0.155180
v 0.000568 0.024593 0.162380
v 0.000568 0.024593 0.163280
v 0.000568 0.024593 0.164080
v 0.000584 -0.025293 0.145880
v 0.000582 -0.025193 0.140880
v 0.000582 0.025193 0.140880
v 0.000584 0.025293 0.145880
v 0.000594 -0.025693 0.141380
v 0.000594 -0.025693 0.145480
v 0.000593 -0.025655 0.141189
v 0.000593 -0.025663 0.145633
v 0.000591 -0.025576 0.145763
v 0.000590 -0.025547 0.141026
v 0.000588 -0.025446 0.145850
v 0.000586 -0.025385 0.140918
v 0.000586 0.025385 0.140918
v 0.000588 0.025446 0.145850
v 0.000590 0.025547 0.141026
v 0.000591 0.025576 0.145763
v 0.000593 0.025655 0.141189
v 0.000593 0.025663 0.145633
v 0.000594 0.025693 0.141380
v 0.000594 0.025693 0.145480
v 0.001062 -0.022975 0.146380
v 0.001062 -0.022975 0.163880
v 0.001062 0.022975 0.146380
v 0.001062 0.022975 0.163880
v 0.001071 -0.023175 0.165480
v 0.001071 0.023175 0.165480
v 0.001084 -0.023448 0.165453
v 0.001084 0.023448 0.165453
v 0.001104 -0.023874 0.145880
v 0.001104 -0.023874 0.146780
v 0.001096 -0.023710 0.165373
v 0.001096 0.023710 0.165373
v 0.001104 0.023874 0.145880
v 0.001104 0.023874 0.146780
v 0.001108 -0.023974 0.141280
v 0.001108 -0.023974 0.145580
v 0.001107 -0.023952 0.165244
v 0.001107 0.023952 0.165244
v 0.001108 0.023974 0.141280
v 0.001108 0.023974 0.145580
v 0.001117 -0.024164 0.165070
v 0.001117 0.024164 0.165070
v 0.001135 -0.024547 0.164353
v 0.001131 -0.024467 0.164616
v 0.001127 -0.024374 0.140880
v 0.001125 -0.024338 0.164858
v 0.001125 0.024338 0.164858
v 0.001127 0.024374 0.140880
v 0.001131 0.024467 0.164616
v 0.001135 0.024547 0.164353
v 0.001136 -0.024574 0.146780
v 0.001136 -0.024574 0.147080
v 0.001136 -0.024574 0.147980
v 0.001136 -0.024574 0.155180
v 0.001136 -0.024574 0.162380
v 0.001136 -0.024574 0.163280
v 0.001136 -0.024574 0.164080
v 0.001136 0.024574 0.146780
v 0.001136 0.024574 0.147080
v 0.001136 0.024574 0.163280
v 0.001136 0.024574 0.164080
v 0.001164 -0.025173 0.140880
v 0.001159 0.025068 0.147980
v 0.001159 0.025068 0.155180
v 0.001159 0.025068 0.162380
v 0.001164 0.025173 0.140880
v 0.001173 -0.025364 0.140918
v 0.001168 -0.025273 0.145880
v 0.001168 0.025273 0.145880
v 0.001173 0.025364 0.140918
v 0.001182 -0.025556 0.145763
v 0.001180 -0.025526 0.141026
v 0.001176 -0.025426 0.145850
v 0.001176 0.025426 0.145850
v 0.001180 0.025526 0.141026
v 0.001182 0.025556 0.145763
v 0.001187 -0.025673 0.141380
v 0.001187 -0.025673 0.145480
v 0.001186 -0.025642 0.145633
v 0.001185 -0.025635 0.141189
v 0.001185 0.025635 0.141189
v 0.001186 0.025642 0.145633
v 0.001187 0.025673 0.141380
v 0.001187 0.025673 0.145480
v 0.001593 -0.022945 0.146380
v 0.001593 -0.022945 0.163880
v 0.001593 0.022945 0.146380
v 0.001593 0.022945 0.163880
v 0.001606 -0.023144 0.165480
v 0.001606 0.023144 0.165480
v 0.001625 -0.023417 0.165453
v 0.001625 0.023417 0.165453
v 0.001644 -0.023679 0.165373
v 0.001644 0.023679 0.165373
v 0.001655 -0.023843 0.145880
v 0.001655 -0.023843 0.146780
v 0.001655 0.023843 0.145880
v 0.001655 0.023843 0.146780
v 0.001662 -0.023942 0.141280
v 0.001662 -0.023942 0.145580
v 0.001660 -0.023920 0.165244
v 0.001660 0.023920 0.165244
v 0.001662 0.023942 0.141280
v 0.001662 0.023942 0.145580
v 0.001675 -0.024132 0.165070
v 0.001675 0.024132 0.165070
v 0.001690 -0.024341 0.140880
v 0.001687 -0.024306 0.164858
v 0.001687 0.024306 0.164858
v 0.001690 0.024341 0.140880
v 0.001703 -0.024541 0.146780
v 0.001703 -0.024541 0.147080
v 0.001703 -0.024541 0.163280
v 0.001703 -0.024541 0.164080
v 0.001702 -0.024514 0.164353
v 0.001696 -0.024435 0.164616
v 0.001696 0.024435 0.164616
v 0.001702 0.024514 0.164353
v 0.001703 0.024541 0.146780
v 0.001703 0.024541 0.147080
v 0.001703 0.024541 0.163280
v 0.001703 0.024541 0.164080
v 0.001745 -0.025140 0.140880
v 0.001738 -0.025035 0.147980
v 0.001738 -0.025035 0.155180
v 0.001738 -0.025035 0.162380
v 0.001745 0.025140 0.140880
v 0.001752 -0.025239 0.145880
v 0.001752 0.025239 0.145880
v 0.001762 -0.025392 0.145850
v 0.001758 -0.025330 0.140918
v 0.001758 0.025330 0.140918
v 0.001762 0.025392 0.145850
v 0.001771 -0.025521 0.145763
v 0.001769 -0.025492 0.141026
v 0.001766 0.025439 0.147980
v 0.001766 0.025439 0.155180
v 0.001766 0.025439 0.162380
v 0.001769 0.025492 0.141026
v 0.001771 0.025521 0.145763
v 0.001780 -0.025638 0.141380
v 0.001780 -0.025638 0.145480
v 0.001777 -0.025608 0.145633
v 0.001777 -0.025600 0.141189
v 0.001777 0.025600 0.141189
v 0.001777 0.025608 0.145633
v 0.001780 0.025638 0.141380
v 0.001780 0.025638 0.145480
v 0.002122 -0.022902 0.146380
v 0.002122 -0.022902 0.163880
v 0.002122 0.022902 0.146380
v 0.002122 0.022902 0.163880
v 0.002141 -0.023101 0.165480
v 0.002137 -0.021695 0.152156
v 0.002137 -0.021695 0.153036
v 0.002137 0.021695 0.149924
v 0.002137 0.021695 0.150804
v 0.002137 0.021695 0.154124
v 0.002137 0.021695 0.155004
v 0.002141 0.023101 0.165480
v 0.002166 -0.023373 0.165453
v 0.002166 0.023373 0.165453
v 0.002190 -0.023635 0.165373
v 0.002190 0.023635 0.165373
v 0.002214 -0.023898 0.141280
v 0.002214 -0.023898 0.145580
v 0.002212 -0.023876 0.165244
v 0.002205 -0.023798 0.145880
v 0.002205 -0.023798 0.146780
v 0.002205 0.023798 0.145880
v 0.002205 0.023798 0.146780
v 0.002212 0.023876 0.165244
v 0.002214 0.023898 0.141280
v 0.002214 0.023898 0.145580
v 0.002232 -0.024087 0.165070
v 0.002232 0.024087 0.165070
v 0.002251 -0.024296 0.140880
v 0.002248 -0.024260 0.164858
v 0.002248 0.024260 0.164858
v 0.002251 0.024296 0.140880
v 0.002260 -0.024389 0.164616
v 0.002260 0.024389 0.164616
v 0.002270 -0.024495 0.146780
v 0.002270 -0.024495 0.147080
v 0.002270 -0.024495 0.163280
v 0.002270 -0.024495 0.164080
v 0.002267 -0.024468 0.164353
v 0.002267 0.024468 0.164353
v 0.002270 0.024495 0.146780
v 0.002270 0.024495 0.147080
v 0.002270 0.024495 0.163280
v 0.002270 0.024495 0.164080
v 0.002284 -0.023188 0.151496
v 0.002284 -0.023188 0.153696
v 0.002284 0.023188 0.149264
v 0.002284 0.023188 0.151464
v 0.002284 0.023188 0.153464
v 0.002284 0.023188 0.155664
v 0.002334 -0.025192 0.145880
v 0.002325 -0.025093 0.140880
v 0.002325 0.025093 0.140880
v 0.002334 0.025192 0.145880
v 0.002343 -0.025283 0.140918
v 0.002343 0.025283 0.140918
v 0.002353 -0.025391 0.147980
v 0.002353 -0.025391 0.155180
v 0.002353 -0.025391 0.162380
v 0.002349 -0.025344 0.145850
v 0.002349 0.025344 0.145850
v 0.002353 0.025391 0.147980
v 0.002353 0.025391 0.155180
v 0.002353 0.025391 0.162380
v 0.002360 -0.025474 0.145763
v 0.002358 -0.025445 0.141026
v 0.002358 0.025445 0.141026
v 0.002360 0.025474 0.145763
v 0.002371 -0.025590 0.141380
v 0.002371 -0.025590 0.145480
v 0.002368 -0.025560 0.145633
v 0.002368 -0.025552 0.141189
v 0.002368 0.025552 0.141189
v 0.002368 0.025560 0.145633
v 0.002371 0.025590 0.141380
v 0.002371 0.025590 0.145480
v 0.002651 -0.022847 0.146380
v 0.002651 -0.022847 0.163880
v 0.002651 0.022847 0.146380
v 0.002651 0.022847 0.163880
v 0.002674 -0.023045 0.165480
v 0.002674 0.023045 0.165480
v 0.002705 -0.023317 0.165453
v 0.002705 0.023317 0.165453
v 0.002735 -0.023578 0.165373
v 0.002735 0.023578 0.165373
v 0.002754 -0.023741 0.145880
v 0.002754 -0.023741 0.146780
v 0.002754 0.023741 0.145880
v 0.002754 0.023741 0.146780
v 0.002763 -0.023818 0.165244
v 0.002763 0.023818 0.165244
v 0.002766 -0.023840 0.141280
v 0.002766 -0.023840 0.145580
v 0.002766 0.023840 0.141280
v 0.002766 0.023840 0.145580
v 0.002788 -0.024029 0.165070
v 0.002788 0.024029 0.165070
v 0.002812 -0.024237 0.140880
v 0.002808 -0.024202 0.164858
v 0.002808 0.024202 0.164858
v 0.002812 0.024237 0.140880
v 0.002823 -0.024330 0.164616
v 0.002823 0.024330 0.164616
v 0.002835 -0.024436 0.146780
v 0.002835 -0.024436 0.147080
v 0.002835 -0.024436 0.163280
v 0.002835 -0.024436 0.164080
v 0.002832 -0.024409 0.164353
v 0.002832 0.024409 0.164353
v 0.002835 0.024436 0.146780
v 0.002835 0.024436 0.147080
v 0.002835 0.024436 0.163280
v 0.002835 0.024436 0.164080
v 0.002892 0.024928 0.147980
v 0.002892 0.024928 0.155180
v 0.002892 0.024928 0.162380
v 0.002904 -0.025032 0.140880
v 0.002904 0.025032 0.140880
v 0.002916 -0.025131 0.145880
v 0.002916 0.025131 0.145880
v 0.002933 -0.025283 0.145850
v 0.002926 -0.025222 0.140918
v 0.002926 0.025222 0.140918
v 0.002933 0.025283 0.145850
v 0.002945 -0.025383 0.141026
v 0.002939 -0.025330 0.147980
v 0.002939 -0.025330 0.155180
v 0.002939 -0.025330 0.162380
v 0.002945 0.025383 0.141026
v 0.002948 -0.025412 0.145763
v 0.002948 0.025412 0.145763
v 0.002962 -0.025529 0.141380
v 0.002962 -0.025529 0.145480
v 0.002958 -0.025499 0.145633
v 0.002957 -0.025491 0.141189
v 0.002957 0.025491 0.141189
v 0.002958 0.025499 0.145633
v 0.002962 0.025529 0.141380
v 0.002962 0.025529 0.145480
v 0.003178 -0.022779 0.146380
v 0.003178 -0.022779 0.163880
v 0.003178 0.022779 0.146380
v 0.003178 0.022779 0.163880
v 0.003205 -0.022978 0.165480
v 0.003205 0.022978 0.165480
v 0.003243 -0.023248 0.165453
v 0.003243 0.023248 0.165453
v 0.003279 -0.023508 0.165373
v 0.003279 0.023508 0.165373
v 0.003302 -0.023671 0.145880
v 0.003302 -0.023671 0.146780
v 0.003302 0.023671 0.145880
v 0.003302 0.023671 0.146780
v 0.003313 -0.023748 0.165244
v 0.003313 0.023748 0.165244
v 0.003316 -0.023770 0.141280
v 0.003316 -0.023770 0.145580
v 0.003316 0.023770 0.141280
v 0.003316 0.023770 0.145580
v 0.003342 -0.023958 0.165070
v 0.003342 0.023958 0.165070
v 0.003371 -0.024166 0.140880
v 0.003366 -0.024130 0.164858
v 0.003366 0.024130 0.164858
v 0.003371 0.024166 0.140880
v 0.003384 -0.024259 0.164616
v 0.003384 0.024259 0.164616
v 0.003395 -0.024337 0.164353
v 0.003395 0.024337 0.164353
v 0.003399 -0.024364 0.146780
v 0.003399 -0.024364 0.147080
v 0.003399 -0.024364 0.163280
v 0.003399 -0.024364 0.164080
v 0.003399 0.024364 0.146780
v 0.003399 0.024364 0.147080
v 0.003399 0.024364 0.147980
v 0.003399 0.024364 0.155180
v 0.003399 0.024364 0.162380
v 0.003399 0.024364 0.163280
v 0.003399 0.024364 0.164080
v 0.003467 -0.024854 0.147980
v 0.003467 -0.024854 0.155180
v 0.003467 -0.024854 0.162380
v 0.003482 -0.024958 0.140880
v 0.003482 0.024958 0.140880
v 0.003495 -0.025057 0.145880
v 0.003495 0.025057 0.145880
v 0.003508 -0.025148 0.140918
v 0.003508 0.025148 0.140918
v 0.003517 -0.025209 0.145850
v 0.003517 0.025209 0.145850
v 0.003534 -0.025338 0.145763
v 0.003530 -0.025309 0.141026
v 0.003530 0.025309 0.141026
v 0.003534 0.025338 0.145763
v 0.003551 -0.025454 0.141380
v 0.003551 -0.025454 0.145480
v 0.003545 -0.025416 0.141189
v 0.003546 -0.025423 0.145633
v 0.003545 0.025416 0.141189
v 0.003546 0.025423 0.145633
v 0.003551 0.025454 0.141380
v 0.003551 0.025454 0.145480
v 0.003703 -0.022700 0.146380
v 0.003703 -0.022700 0.163880
v 0.003703 0.022700 0.146380
v 0.003703 0.022700 0.163880
v 0.003735 -0.022897 0.165480
v 0.003735 0.022897 0.165480
v 0.003779 -0.023167 0.165453
v 0.003779 0.023167 0.165453
v 0.003821 -0.023426 0.165373
v 0.003821 0.023426 0.165373
v 0.003848 -0.023588 0.145880
v 0.003848 -0.023588 0.146780
v 0.003848 0.023588 0.145880
v 0.003848 0.023588 0.146780
v 0.003864 -0.023687 0.141280
v 0.003864 -0.023687 0.145580
v 0.003860 -0.023665 0.165244
v 0.003860 0.023665 0.165244
v 0.003864 0.023687 0.141280
v 0.003864 0.023687 0.145580
v 0.003894 -0.023874 0.165070
v 0.003894 0.023874 0.165070
v 0.003923 -0.024046 0.164858
v 0.003923 0.024046 0.164858
v 0.003928 -0.024082 0.140880
v 0.003928 0.024082 0.140880
v 0.003943 -0.024174 0.164616
v 0.003943 0.024174 0.164616
v 0.003960 -0.024279 0.146780
v 0.003960 -0.024279 0.147080
v 0.003960 -0.024279 0.147980
v 0.003960 -0.024279 0.155180
v 0.003960 -0.024279 0.162380
v 0.003960 -0.024279 0.163280
v 0.003960 -0.024279 0.164080
v 0.003956 -0.024253 0.164353
v 0.003956 0.024253 0.164353
v 0.003960 0.024279 0.146780
v 0.003960 0.024279 0.147080
v 0.003960 0.024279 0.147980
v 0.003960 0.024279 0.155180
v 0.003960 0.024279 0.162380
v 0.003960 0.024279 0.163280
v 0.003960 0.024279 0.164080
v 0.004057 -0.024871 0.140880
v 0.004057 0.024871 0.140880
v 0.004073 -0.024970 0.145880
v 0.004073 0.024970 0.145880
v 0.004088 -0.025060 0.140918
v 0.004088 0.025060 0.140918
v 0.004098 -0.025121 0.145850
v 0.004098 0.025121 0.145850
v 0.004114 -0.025220 0.141026
v 0.004114 0.025220 0.141026
v 0.004119 -0.025249 0.145763
v 0.004119 0.025249 0.145763
v 0.004131 -0.025327 0.141189
v 0.004133 -0.025335 0.145633
v 0.004131 0.025327 0.141189
v 0.004133 0.025335 0.145633
v 0.004138 -0.025365 0.141380
v 0.004138 -0.025365 0.145480
v 0.004138 0.025365 0.141380
v 0.004138 0.025365 0.145480
v 0.004226 -0.022608 0.146380
v 0.004226 -0.022608 0.163880
v 0.004226 0.022608 0.146380
v 0.004226 0.022608 0.163880
v 0.004253 -0.021381 0.152221
v 0.004253 -0.021381 0.153101
v 0.004253 0.021381 0.149859
v 0.004253 0.021381 0.150739
v 0.004253 0.021381 0.154059
v 0.004253 0.021381 0.154939
v 0.004263 -0.022805 0.165480
v 0.004263 0.022805 0.165480
v 0.004313 -0.023073 0.165453
v 0.004313 0.023073 0.165453
v 0.004361 -0.023332 0.165373
v 0.004361 0.023332 0.165373
v 0.004392 -0.023493 0.145880
v 0.004392 -0.023493 0.146780
v 0.004392 0.023493 0.145880
v 0.004392 0.023493 0.146780
v 0.004410 -0.023591 0.141280
v 0.004410 -0.023591 0.145580
v 0.004406 -0.023570 0.165244
v 0.004406 0.023570 0.165244
v 0.004410 0.023591 0.141280
v 0.004410 0.023591 0.145580
v 0.004445 -0.023778 0.165070
v 0.004445 0.023778 0.165070
v 0.004483 -0.023985 0.140880
v 0.004477 -0.023949 0.164858
v 0.004477 0.023949 0.164858
v 0.004483 0.023985 0.140880
v 0.004501 -0.024076 0.164616
v 0.004501 0.024076 0.164616
v 0.004520 -0.024181 0.146780
v 0.004520 -0.024181 0.147080
v 0.004520 -0.024181 0.147980
v 0.004520 -0.024181 0.155180
v 0.004520 -0.024181 0.162380
v 0.004520 -0.024181 0.163280
v 0.004520 -0.024181 0.164080
v 0.004515 -0.024155 0.164353
v 0.004515 0.024155 0.164353
v 0.004520 0.024181 0.146780
v 0.004520 0.024181 0.147080
v 0.004520 0.024181 0.147980
v 0.004520 0.024181 0.155180
v 0.004520 0.024181 0.162380
v 0.004520 0.024181 0.163280
v 0.004520 0.024181 0.164080
v 0.004546 -0.022852 0.151561
v 0.004546 -0.022852 0.153761
v 0.004546 0.022852 0.149199
v 0.004546 0.022852 0.151399
v 0.004546 0.022852 0.153399
v 0.004546 0.022852 0.155599
v 0.004630 -0.024771 0.140880
v 0.004630 0.024771 0.140880
v 0.004649 -0.024869 0.145880
v 0.004649 0.024869 0.145880
v 0.004666 -0.024959 0.140918
v 0.004666 0.024959 0.140918
v 0.004677 -0.025020 0.145850
v 0.004677 0.025020 0.145850
v 0.004701 -0.025147 0.145763
v 0.004695 -0.025118 0.141026
v 0.004695 0.025118 0.141026
v 0.004701 0.025147 0.145763
v 0.004722 -0.025262 0.141380
v 0.004722 -0.025262 0.145480
v 0.004717 -0.025232 0.145633
v 0.004715 -0.025225 0.141189
v 0.004715 0.025225 0.141189
v 0.004717 0.025232 0.145633
v 0.004722 0.025262 0.141380
v 0.004722 0.025262 0.145480
v 0.004747 -0.022505 0.146380
v 0.004747 -0.022505 0.163880
v 0.004747 0.022505 0.146380
v 0.004747 0.022505 0.163880
v 0.004789 -0.022700 0.165480
v 0.004789 0.022700 0.165480
v 0.004845 -0.022968 0.165453
v 0.004845 0.022968 0.165453
v 0.004899 -0.023225 0.165373
v 0.004899 0.023225 0.165373
v 0.004933 -0.023385 0.145880
v 0.004933 -0.023385 0.146780
v 0.004933 0.023385 0.145880
v 0.004933 0.023385 0.146780
v 0.004954 -0.023483 0.141280
v 0.004954 -0.023483 0.145580
v 0.004949 -0.023461 0.165244
v 0.004949 0.023461 0.165244
v 0.004954 0.023483 0.141280
v 0.004954 0.023483 0.145580
v 0.004993 -0.023669 0.165070
v 0.004993 0.023669 0.165070
v 0.005029 -0.023839 0.164858
v 0.005029 0.023839 0.164858
v 0.005036 -0.023875 0.140880
v 0.005036 0.023875 0.140880
v 0.005056 -0.023966 0.164616
v 0.005056 0.023966 0.164616
v 0.005072 -0.024044 0.164353
v 0.005072 0.024044 0.164353
v 0.005078 -0.024070 0.146780
v 0.005078 -0.024070 0.147080
v 0.005078 -0.024070 0.147980
v 0.005078 -0.024070 0.155180
v 0.005078 -0.024070 0.162380
v 0.005078 -0.024070 0.163280
v 0.005078 -0.024070 0.164080
v 0.005078 0.024070 0.146780
v 0.005078 0.024070 0.147080
v 0.005078 0.024070 0.147980
v 0.005078 0.024070 0.155180
v 0.005078 0.024070 0.162380
v 0.005078 0.024070 0.163280
v 0.005078 0.024070 0.164080
v 0.005201 -0.024657 0.140880
v 0.005201 0.024657 0.140880
v 0.005222 -0.024755 0.145880
v 0.005222 0.024755 0.145880
v 0.005241 -0.024845 0.140918
v 0.005241 0.024845 0.140918
v 0.005254 -0.024905 0.145850
v 0.005254 0.024905 0.145850
v 0.005274 -0.025003 0.141026
v 0.005266 -0.022389 0.146380
v 0.005266 -0.022389 0.163880
v 0.005266 0.022389 0.146380
v 0.005266 0.022389 0.163880
v 0.005274 0.025003 0.141026
v 0.005280 -0.025032 0.145763
v 0.005280 0.025032 0.145763
v 0.005305 -0.025147 0.141380
v 0.005305 -0.025147 0.145480
v 0.005298 -0.025117 0.145633
v 0.005297 -0.025109 0.141189
v 0.005297 0.025109 0.141189
v 0.005298 0.025117 0.145633
v 0.005305 0.025147 0.141380
v 0.005305 0.025147 0.145480
v 0.005312 -0.022584 0.165480
v 0.005312 0.022584 0.165480
v 0.005374 -0.022850 0.165453
v 0.005374 0.022850 0.165453
v 0.005434 -0.023105 0.165373
v 0.005434 0.023105 0.165373
v 0.005472 -0.023265 0.145880
v 0.005472 -0.023265 0.146780
v 0.005472 0.023265 0.145880
v 0.005472 0.023265 0.146780
v 0.005495 -0.023363 0.141280
v 0.005495 -0.023363 0.145580
v 0.005490 -0.023341 0.165244
v 0.005490 0.023341 0.165244
v 0.005495 0.023363 0.141280
v 0.005495 0.023363 0.145580
v 0.005538 -0.023547 0.165070
v 0.005538 0.023547 0.165070
v 0.005578 -0.023717 0.164858
v 0.005578 0.023717 0.164858
v 0.005586 -0.023752 0.140880
v 0.005586 0.023752 0.140880
v 0.005608 -0.023843 0.164616
v 0.005608 0.023843 0.164616
v 0.005632 -0.023947 0.146780
v 0.005632 -0.023947 0.147080
v 0.005632 -0.023947 0.147980
v 0.005632 -0.023947 0.155180
v 0.005632 -0.023947 0.162380
v 0.005632 -0.023947 0.163280
v 0.005632 -0.023947 0.164080
v 0.005626 -0.023920 0.164353
v 0.005626 0.023920 0.164353
v 0.005632 0.023947 0.146780
v 0.005632 0.023947 0.147080
v 0.005632 0.023947 0.163280
v 0.005632 0.023947 0.164080
v 0.005746 0.024428 0.147980
v 0.005746 0.024428 0.155180
v 0.005746 0.024428 0.162380
v 0.005770 -0.024531 0.140880
v 0.005770 0.024531 0.140880
v 0.005782 -0.022261 0.146380
v 0.005782 -0.022261 0.163880
v 0.005782 0.022261 0.146380
v 0.005782 0.022261 0.163880
v 0.005792 -0.024628 0.145880
v 0.005792 0.024628 0.145880
v 0.005813 -0.024717 0.140918
v 0.005813 0.024717 0.140918
v 0.005827 -0.024777 0.145850
v 0.005832 -0.022455 0.165480
v 0.005832 0.022455 0.165480
v 0.005827 0.024777 0.145850
v 0.005850 -0.024875 0.141026
v 0.005850 0.024875 0.141026
v 0.005857 -0.024903 0.145763
v 0.005857 0.024903 0.145763
v 0.005884 -0.025017 0.141380
v 0.005884 -0.025017 0.145480
v 0.005877 -0.024988 0.145633
v 0.005875 -0.024980 0.141189
v 0.005875 0.024980 0.141189
v 0.005877 0.024988 0.145633
v 0.005884 0.025017 0.141380
v 0.005884 0.025017 0.145480
v 0.005901 -0.022719 0.165453
v 0.005901 0.022719 0.165453
v 0.005967 -0.022974 0.165373
v 0.005967 0.022974 0.165373
v 0.006008 -0.023133 0.145880
v 0.006008 -0.023133 0.146780
v 0.006008 0.023133 0.145880
v 0.006008 0.023133 0.146780
v 0.006033 -0.023229 0.141280
v 0.006033 -0.023229 0.145580
v 0.006027 -0.023208 0.165244
v 0.006027 0.023208 0.165244
v 0.006033 0.023229 0.141280
v 0.006033 0.023229 0.145580
v 0.006081 -0.023413 0.165070
v 0.006081 0.023413 0.165070
v 0.006124 -0.023582 0.164858
v 0.006124 0.023582 0.164858
v 0.006134 -0.023617 0.140880
v 0.006134 0.023617 0.140880
v 0.006157 -0.023707 0.164616
v 0.006157 0.023707 0.164616
v 0.006184 -0.023810 0.146780
v 0.006184 -0.023810 0.147080
v 0.006184 -0.023810 0.163280
v 0.006184 -0.023810 0.164080
v 0.006177 -0.023784 0.164353
v 0.006177 0.023784 0.164353
v 0.006184 0.023810 0.146780
v 0.006184 0.023810 0.147080
v 0.006184 0.023810 0.163280
v 0.006184 0.023810 0.164080
v 0.006294 -0.022122 0.146380
v 0.006294 -0.022122 0.163880
v 0.006294 0.022122 0.146380
v 0.006294 0.022122 0.163880
v 0.006308 -0.024289 0.147980
v 0.006308 -0.024289 0.155180
v 0.006308 -0.024289 0.162380
v 0.006335 -0.024391 0.140880
v 0.006328 -0.020861 0.152287
v 0.006328 -0.020861 0.153167
v 0.006328 0.020861 0.149793
v 0.006328 0.020861 0.150673
v 0.006328 0.020861 0.153993
v 0.006328 0.020861 0.154873
v 0.006335 0.024391 0.140880
v 0.006349 -0.022314 0.165480
v 0.006349 0.022314 0.165480
v 0.006360 -0.024488 0.145880
v 0.006360 0.024488 0.145880
v 0.006383 -0.024576 0.140918
v 0.006383 0.024576 0.140918
v 0.006398 -0.024636 0.145850
v 0.006398 0.024636 0.145850
v 0.006410 0.024681 0.147980
v 0.006410 0.024681 0.155180
v 0.006410 0.024681 0.162380
v 0.006423 -0.024733 0.141026
v 0.006424 -0.022577 0.165453
v 0.006424 0.022577 0.165453
v 0.006423 0.024733 0.141026
v 0.006431 -0.024761 0.145763
v 0.006431 0.024761 0.145763
v 0.006453 -0.024845 0.145633
v 0.006451 -0.024838 0.141189
v 0.006451 0.024838 0.141189
v 0.006453 0.024845 0.145633
v 0.006460 -0.024875 0.141380
v 0.006460 -0.024875 0.145480
v 0.006460 0.024875 0.141380
v 0.006460 0.024875 0.145480
v 0.006496 -0.022830 0.165373
v 0.006496 0.022830 0.165373
v 0.006541 -0.022988 0.145880
v 0.006541 -0.022988 0.146780
v 0.006541 0.022988 0.145880
v 0.006541 0.022988 0.146780
v 0.006562 -0.023062 0.165244
v 0.006562 0.023062 0.165244
v 0.006568 -0.023084 0.141280
v 0.006568 -0.023084 0.145580
v 0.006568 0.023084 0.141280
v 0.006568 0.023084 0.145580
v 0.006620 -0.023267 0.165070
v 0.006620 0.023267 0.165070
v 0.006668 -0.023434 0.164858
v 0.006668 0.023434 0.164858
v 0.006677 -0.023469 0.140880
v 0.006677 0.023469 0.140880
v 0.006703 -0.023558 0.164616
v 0.006703 0.023558 0.164616
v 0.006725 -0.023635 0.164353
v 0.006725 0.023635 0.164353
v 0.006732 -0.023661 0.146780
v 0.006732 -0.023661 0.147080
v 0.006732 -0.023661 0.163280
v 0.006732 -0.023661 0.164080
v 0.006732 0.023661 0.146780
v 0.006732 0.023661 0.147080
v 0.006732 0.023661 0.163280
v 0.006732 0.023661 0.164080
v 0.006764 -0.022297 0.151627
v 0.006764 -0.022297 0.153827
v 0.006764 0.022297 0.149133
v 0.006764 0.022297 0.151333
v 0.006764 0.022297 0.153333
v 0.006764 0.022297 0.155533
v 0.006804 -0.021971 0.146380
v 0.006804 -0.021971 0.163880
v 0.006804 0.021971 0.146380
v 0.006804 0.021971 0.163880
v 0.006863 -0.022162 0.165480
v 0.006863 0.022162 0.165480
v 0.006896 -0.024238 0.140880
v 0.006896 0.024238 0.140880
v 0.006924 -0.024334 0.145880
v 0.006924 0.024334 0.145880
v 0.006943 -0.022423 0.165453
v 0.006943 0.022423 0.165453
v 0.006949 -0.024422 0.140918
v 0.006949 0.024422 0.140918
v 0.006966 -0.024481 0.145850
v 0.006966 0.024481 0.145850
v 0.006978 -0.024527 0.147980
v 0.006978 -0.024527 0.155180
v 0.006978 -0.024527 0.162380
v 0.006978 0.024527 0.147980
v 0.006978 0.024527 0.155180
v 0.006978 0.024527 0.162380
v 0.006993 -0.024578 0.141026
v 0.006993 0.024578 0.141026
v 0.007001 -0.024606 0.145763
v 0.007001 0.024606 0.145763
v 0.007025 -0.024690 0.145633
v 0.007023 -0.024682 0.141189
v 0.007021 -0.022674 0.165373
v 0.007021 0.022674 0.165373
v 0.007023 0.024682 0.141189
v 0.007025 0.024690 0.145633
v 0.007033 -0.024719 0.141380
v 0.007033 -0.024719 0.145480
v 0.007033 0.024719 0.141380
v 0.007033 0.024719 0.145480
v 0.007070 -0.022830 0.145880
v 0.007070 -0.022830 0.146780
v 0.007070 0.022830 0.145880
v 0.007070 0.022830 0.146780
v 0.007093 -0.022905 0.165244
v 0.007093 0.022905 0.165244
v 0.007099 -0.022926 0.141280
v 0.007099 -0.022926 0.145580
v 0.007099 0.022926 0.141280
v 0.007099 0.022926 0.145580
v 0.007156 -0.023107 0.165070
v 0.007156 0.023107 0.165070
v 0.007207 -0.023274 0.164858
v 0.007207 0.023274 0.164858
v 0.007218 -0.023308 0.140880
v 0.007218 0.023308 0.140880
v 0.007245 -0.023397 0.164616
v 0.007245 0.023397 0.164616
v 0.007269 -0.023473 0.164353
v 0.007269 0.023473 0.164353
v 0.007277 -0.023499 0.146780
v 0.007277 -0.023499 0.147080
v 0.007277 -0.023499 0.163280
v 0.007277 -0.023499 0.164080
v 0.007277 0.023499 0.146780
v 0.007277 0.023499 0.147080
v 0.007277 0.023499 0.163280
v 0.007277 0.023499 0.164080
v 0.007309 -0.021808 0.146380
v 0.007309 -0.021808 0.163880
v 0.007309 0.021808 0.146380
v 0.007309 0.021808 0.163880
v 0.007373 -0.021997 0.165480
v 0.007373 0.021997 0.165480
v 0.007423 0.023972 0.147980
v 0.007423 0.023972 0.155180
v 0.007423 0.023972 0.162380
v 0.007454 -0.024072 0.140880
v 0.007454 0.024072 0.140880
v 0.007460 -0.022256 0.165453
v 0.007460 0.022256 0.165453
v 0.007484 -0.024168 0.145880
v 0.007484 0.024168 0.145880
v 0.007511 -0.024255 0.140918
v 0.007511 0.024255 0.140918
v 0.007529 -0.024314 0.145850
v 0.007529 0.024314 0.145850
v 0.007543 -0.024359 0.147980
v 0.007543 -0.024359 0.155180
v 0.007543 -0.024359 0.162380
v 0.007543 -0.022505 0.165373
v 0.007543 0.022505 0.165373
v 0.007559 -0.024410 0.141026
v 0.007559 0.024410 0.141026
v 0.007568 -0.024438 0.145763
v 0.007568 0.024438 0.145763
v 0.007593 -0.024521 0.145633
v 0.007591 -0.024514 0.141189
v 0.007591 0.024514 0.141189
v 0.007593 0.024521 0.145633
v 0.007602 -0.024550 0.141380
v 0.007602 -0.024550 0.145480
v 0.007595 -0.022661 0.145880
v 0.007595 -0.022661 0.146780
v 0.007595 0.022661 0.145880
v 0.007595 0.022661 0.146780
v 0.007602 0.024550 0.141380
v 0.007602 0.024550 0.145480
v 0.007620 -0.022735 0.165244
v 0.007620 0.022735 0.165244
v 0.007627 -0.022756 0.141280
v 0.007627 -0.022756 0.145580
v 0.007627 0.022756 0.141280
v 0.007627 0.022756 0.145580
v 0.007687 -0.022936 0.165070
v 0.007687 0.022936 0.165070
v 0.007743 -0.023101 0.164858
v 0.007743 0.023101 0.164858
v 0.007754 -0.023135 0.140880
v 0.007754 0.023135 0.140880
v 0.007784 -0.023224 0.164616
v 0.007784 0.023224 0.164616
v 0.007809 -0.023299 0.164353
v 0.007811 -0.021633 0.146380
v 0.007811 -0.021633 0.163880
v 0.007811 0.021633 0.146380
v 0.007811 0.021633 0.163880
v 0.007809 0.023299 0.164353
v 0.007818 -0.023325 0.146780
v 0.007818 -0.023325 0.147080
v 0.007818 -0.023325 0.163280
v 0.007818 -0.023325 0.164080
v 0.007818 0.023325 0.146780
v 0.007818 0.023325 0.147080
v 0.007818 0.023325 0.147980
v 0.007818 0.023325 0.155180
v 0.007818 0.023325 0.162380
v 0.007818 0.023325 0.163280
v 0.007818 0.023325 0.164080
v 0.007879 -0.021821 0.165480
v 0.007879 0.021821 0.165480
v 0.007975 -0.023794 0.147980
v 0.007975 -0.023794 0.155180
v 0.007975 -0.023794 0.162380
v 0.007972 -0.022078 0.165453
v 0.007972 0.022078 0.165453
v 0.008008 -0.023894 0.140880
v 0.008008 0.023894 0.140880
v 0.008040 -0.023988 0.145880
v 0.008040 0.023988 0.145880
v 0.008061 -0.022325 0.165373
v 0.008061 0.022325 0.165373
v 0.008069 -0.024075 0.140918
v 0.008069 0.024075 0.140918
v 0.008089 -0.024134 0.145850
v 0.008089 0.024134 0.145850
v 0.008121 -0.024229 0.141026
v 0.008117 -0.022480 0.145880
v 0.008117 -0.022480 0.146780
v 0.008117 0.022480 0.145880
v 0.008117 0.022480 0.146780
v 0.008121 0.024229 0.141026
v 0.008130 -0.024257 0.145763
v 0.008130 0.024257 0.145763
v 0.008143 -0.022553 0.165244
v 0.008143 0.022553 0.165244
v 0.008151 -0.022574 0.141280
v 0.008151 -0.022574 0.145580
v 0.008151 0.022574 0.141280
v 0.008151 0.022574 0.145580
v 0.008158 -0.024339 0.145633
v 0.008155 -0.024332 0.141189
v 0.008155 0.024332 0.141189
v 0.008158 0.024339 0.145633
v 0.008167 -0.024368 0.141380
v 0.008167 -0.024368 0.145480
v 0.008167 0.024368 0.141380
v 0.008167 0.024368 0.145480
v 0.008215 -0.022752 0.165070
v 0.008215 0.022752 0.165070
v 0.008274 -0.022916 0.164858
v 0.008274 0.022916 0.164858
v 0.008286 -0.022950 0.140880
v 0.008286 0.022950 0.140880
v 0.008309 -0.021447 0.146380
v 0.008309 -0.021447 0.163880
v 0.008309 0.021447 0.146380
v 0.008309 0.021447 0.163880
v 0.008318 -0.023038 0.164616
v 0.008318 0.023038 0.164616
v 0.008342 -0.020141 0.152353
v 0.008342 -0.020141 0.153233
v 0.008342 0.020141 0.149728
v 0.008342 0.020141 0.150608
v 0.008342 0.020141 0.153928
v 0.008342 0.020141 0.154808
v 0.008354 -0.023138 0.146780
v 0.008354 -0.023138 0.147080
v 0.008354 -0.023138 0.147980
v 0.008354 -0.023138 0.155180
v 0.008354 -0.023138 0.162380
v 0.008354 -0.023138 0.163280
v 0.008354 -0.023138 0.164080
v 0.008345 -0.023113 0.164353
v 0.008345 0.023113 0.164353
v 0.008354 0.023138 0.146780
v 0.008354 0.023138 0.147080
v 0.008354 0.023138 0.147980
v 0.008354 0.023138 0.155180
v 0.008354 0.023138 0.162380
v 0.008354 0.023138 0.163280
v 0.008354 0.023138 0.164080
v 0.008381 -0.021633 0.165480
v 0.008381 0.021633 0.165480
v 0.008479 -0.021888 0.165453
v 0.008479 0.021888 0.165453
v 0.008558 -0.023702 0.140880
v 0.008558 0.023702 0.140880
v 0.008574 -0.022133 0.165373
v 0.008574 0.022133 0.165373
v 0.008592 -0.023796 0.145880
v 0.008592 0.023796 0.145880
v 0.008623 -0.023882 0.140918
v 0.008623 0.023882 0.140918
v 0.008634 -0.022286 0.145880
v 0.008634 -0.022286 0.146780
v 0.008634 0.022286 0.145880
v 0.008634 0.022286 0.146780
v 0.008644 -0.023940 0.145850
v 0.008644 0.023940 0.145850
v 0.008662 -0.022359 0.165244
v 0.008662 0.022359 0.165244
v 0.008670 -0.022379 0.141280
v 0.008670 -0.022379 0.145580
v 0.008670 0.022379 0.141280
v 0.008670 0.022379 0.145580
v 0.008678 -0.024035 0.141026
v 0.008678 0.024035 0.141026
v 0.008688 -0.024062 0.145763
v 0.008688 0.024062 0.145763
v 0.008715 -0.024137 0.141189
v 0.008715 0.024137 0.141189
v 0.008718 -0.024144 0.145633
v 0.008718 0.024144 0.145633
v 0.008728 -0.024173 0.141380
v 0.008728 -0.024173 0.145480
v 0.008728 0.024173 0.141380
v 0.008728 0.024173 0.145480
v 0.008738 -0.022556 0.165070
v 0.008738 0.022556 0.165070
v 0.008801 -0.022719 0.164858
v 0.008802 -0.021249 0.146380
v 0.008802 -0.021249 0.163880
v 0.008802 0.021249 0.146380
v 0.008802 0.021249 0.163880
v 0.008801 0.022719 0.164858
v 0.008814 -0.022752 0.140880
v 0.008814 0.022752 0.140880
v 0.008848 -0.022839 0.164616
v 0.008848 0.022839 0.164616
v 0.008877 -0.022914 0.164353
v 0.008878 -0.021434 0.165480
v 0.008878 0.021434 0.165480
v 0.008877 0.022914 0.164353
v 0.008887 -0.022939 0.146780
v 0.008887 -0.022939 0.147080
v 0.008887 -0.022939 0.147980
v 0.008887 -0.022939 0.155180
v 0.008887 -0.022939 0.162380
v 0.008887 -0.022939 0.163280
v 0.008887 -0.022939 0.164080
v 0.008887 0.022939 0.146780
v 0.008887 0.022939 0.147080
v 0.008887 0.022939 0.147980
v 0.008887 0.022939 0.155180
v 0.008887 0.022939 0.162380
v 0.008887 0.022939 0.163280
v 0.008887 0.022939 0.164080
v 0.008917 -0.021526 0.151693
v 0.008917 -0.021526 0.153893
v 0.008917 0.021526 0.149068
v 0.008917 0.021526 0.151268
v 0.008917 0.021526 0.153268
v 0.008917 0.021526 0.155468
v 0.008983 -0.021686 0.165453
v 0.008983 0.021686 0.165453
v 0.009083 -0.021929 0.165373
v 0.009083 0.021929 0.165373
v 0.009103 -0.023498 0.140880
v 0.009103 0.023498 0.140880
v 0.009139 -0.023592 0.145880
v 0.009139 0.023592 0.145880
v 0.009146 -0.022081 0.145880
v 0.009146 -0.022081 0.146780
v 0.009146 0.022081 0.145880
v 0.009146 0.022081 0.146780
v 0.009172 -0.023677 0.140918
v 0.009172 0.023677 0.140918
v 0.009184 -0.022173 0.141280
v 0.009184 -0.022173 0.145580
v 0.009176 -0.022153 0.165244
v 0.009176 0.022153 0.165244
v 0.009184 0.022173 0.141280
v 0.009184 0.022173 0.145580
v 0.009195 -0.023734 0.145850
v 0.009195 0.023734 0.145850
v 0.009231 -0.023828 0.141026
v 0.009231 0.023828 0.141026
v 0.009242 -0.023855 0.145763
v 0.009242 0.023855 0.145763
v 0.009257 -0.022349 0.165070
v 0.009257 0.022349 0.165070
v 0.009273 -0.023936 0.145633
v 0.009270 -0.023929 0.141189
v 0.009270 0.023929 0.141189
v 0.009273 0.023936 0.145633
v 0.009284 -0.023965 0.141380
v 0.009284 -0.023965 0.145480
v 0.009284 0.023965 0.141380
v 0.009284 0.023965 0.145480
v 0.009290 -0.021040 0.146380
v 0.009290 -0.021040 0.163880
v 0.009290 0.021040 0.146380
v 0.009290 0.021040 0.163880
v 0.009324 -0.022509 0.164858
v 0.009324 0.022509 0.164858
v 0.009337 -0.022543 0.140880
v 0.009337 0.022543 0.140880
v 0.009373 -0.022629 0.164616
v 0.009371 -0.021223 0.165480
v 0.009371 0.021223 0.165480
v 0.009373 0.022629 0.164616
v 0.009404 -0.022703 0.164353
v 0.009404 0.022703 0.164353
v 0.009414 -0.022727 0.146780
v 0.009414 -0.022727 0.147080
v 0.009414 -0.022727 0.147980
v 0.009414 -0.022727 0.155180
v 0.009414 -0.022727 0.162380
v 0.009414 -0.022727 0.163280
v 0.009414 -0.022727 0.164080
v 0.009414 0.022727 0.146780
v 0.009414 0.022727 0.147080
v 0.009414 0.022727 0.147980
v 0.009414 0.022727 0.155180
v 0.009414 0.022727 0.162380
v 0.009414 0.022727 0.163280
v 0.009414 0.022727 0.164080
v 0.009481 -0.021473 0.165453
v 0.009481 0.021473 0.165453
v 0.009587 -0.021713 0.165373
v 0.009587 0.021713 0.165373
v 0.009644 -0.023282 0.140880
v 0.009644 0.023282 0.140880
v 0.009654 -0.021864 0.145880
v 0.009654 -0.021864 0.146780
v 0.009654 0.021864 0.145880
v 0.009654 0.021864 0.146780
v 0.009682 -0.023374 0.145880
v 0.009682 0.023374 0.145880
v 0.009694 -0.021955 0.141280
v 0.009694 -0.021955 0.145580
v 0.009685 -0.021935 0.165244
v 0.009685 0.021935 0.165244
v 0.009694 0.021955 0.141280
v 0.009694 0.021955 0.145580
v 0.009717 -0.023459 0.140918
v 0.009717 0.023459 0.140918
v 0.009740 -0.023516 0.145850
v 0.009740 0.023516 0.145850
v 0.009771 -0.022129 0.165070
v 0.009774 -0.020820 0.146380
v 0.009774 -0.020820 0.163880
v 0.009774 0.020820 0.146380
v 0.009774 0.020820 0.163880
v 0.009771 0.022129 0.165070
v 0.009779 -0.023608 0.141026
v 0.009779 0.023608 0.141026
v 0.009790 -0.023635 0.145763
v 0.009790 0.023635 0.145763
v 0.009823 -0.023716 0.145633
v 0.009820 -0.023709 0.141189
v 0.009820 0.023709 0.141189
v 0.009823 0.023716 0.145633
v 0.009835 -0.023744 0.141380
v 0.009835 -0.023744 0.145480
v 0.009835 0.023744 0.141380
v 0.009835 0.023744 0.145480
v 0.009841 -0.022288 0.164858
v 0.009841 0.022288 0.164858
v 0.009856 -0.022321 0.140880
v 0.009859 -0.021001 0.165480
v 0.009859 0.021001 0.165480
v 0.009856 0.022321 0.140880
v 0.009893 -0.022406 0.164616
v 0.009893 0.022406 0.164616
v 0.009926 -0.022479 0.164353
v 0.009926 0.022479 0.164353
v 0.009936 -0.022504 0.146780
v 0.009936 -0.022504 0.147080
v 0.009936 -0.022504 0.147980
v 0.009936 -0.022504 0.155180
v 0.009936 -0.022504 0.162380
v 0.009936 -0.022504 0.163280
v 0.009936 -0.022504 0.164080
v 0.009936 0.022504 0.146780
v 0.009936 0.022504 0.147080
v 0.009936 0.022504 0.163280
v 0.009936 0.022504 0.164080
v 0.009975 -0.021248 0.165453
v 0.009975 0.021248 0.165453
v 0.010086 -0.021486 0.165373
v 0.010086 0.021486 0.165373
v 0.010136 0.022957 0.147980
v 0.010136 0.022957 0.155180
v 0.010136 0.022957 0.162380
v 0.010156 -0.021635 0.145880
v 0.010156 -0.021635 0.146780
v 0.010156 0.021635 0.145880
v 0.010156 0.021635 0.146780
v 0.010179 -0.023053 0.140880
v 0.010179 0.023053 0.140880
v 0.010189 -0.021705 0.165244
v 0.010189 0.021705 0.165244
v 0.010199 -0.021725 0.141280
v 0.010199 -0.021725 0.145580
v 0.010199 0.021725 0.141280
v 0.010199 0.021725 0.145580
v 0.010219 -0.023144 0.145880
v 0.010219 0.023144 0.145880
v 0.010252 -0.020589 0.146380
v 0.010252 -0.020589 0.163880
v 0.010252 0.020589 0.146380
v 0.010252 0.020589 0.163880
v 0.010256 -0.023228 0.140918
v 0.010256 0.023228 0.140918
v 0.010281 -0.023284 0.145850
v 0.010279 -0.021897 0.165070
v 0.010276 -0.019226 0.152418
v 0.010276 -0.019226 0.153298
v 0.010276 0.019226 0.149662
v 0.010276 0.019226 0.150542
v 0.010276 0.019226 0.153862
v 0.010276 0.019226 0.154742
v 0.010279 0.021897 0.165070
v 0.010281 0.023284 0.145850
v 0.010322 -0.023376 0.141026
v 0.010322 0.023376 0.141026
v 0.010333 -0.023403 0.145763
v 0.010333 0.023403 0.145763
v 0.010341 -0.020768 0.165480
v 0.010341 0.020768 0.165480
v 0.010353 -0.022055 0.164858
v 0.010353 0.022055 0.164858
v 0.010365 -0.023475 0.141189
v 0.010368 -0.023482 0.145633
v 0.010369 -0.022087 0.140880
v 0.010369 0.022087 0.140880
v 0.010365 0.023475 0.141189
v 0.010368 0.023482 0.145633
v 0.010381 -0.023510 0.141380
v 0.010381 -0.023510 0.145480
v 0.010381 0.023510 0.141380
v 0.010381 0.023510 0.145480
v 0.010408 -0.022172 0.164616
v 0.010408 0.022172 0.164616
v 0.010442 -0.022244 0.164353
v 0.010442 0.022244 0.164353
v 0.010454 -0.022268 0.146780
v 0.010454 -0.022268 0.147080
v 0.010454 -0.022268 0.163280
v 0.010454 -0.022268 0.164080
v 0.010454 0.022268 0.146780
v 0.010454 0.022268 0.147080
v 0.010454 0.022268 0.163280
v 0.010454 0.022268 0.164080
v 0.010463 -0.021012 0.165453
v 0.010463 0.021012 0.165453
v 0.010580 -0.021247 0.165373
v 0.010580 0.021247 0.165373
v 0.010653 -0.021394 0.145880
v 0.010653 -0.021394 0.146780
v 0.010653 0.021394 0.145880
v 0.010653 0.021394 0.146780
v 0.010664 -0.022716 0.147980
v 0.010664 -0.022716 0.155180
v 0.010664 -0.022716 0.162380
v 0.010688 -0.021464 0.165244
v 0.010688 0.021464 0.165244
v 0.010698 -0.021484 0.141280
v 0.010698 -0.021484 0.145580
v 0.010698 0.021484 0.141280
v 0.010698 0.021484 0.145580
v 0.010709 -0.022812 0.140880
v 0.010709 0.022812 0.140880
v 0.010725 -0.020346 0.146380
v 0.010725 -0.020346 0.163880
v 0.010725 0.020346 0.146380
v 0.010725 0.020346 0.163880
v 0.010751 -0.022902 0.145880
v 0.010751 0.022902 0.145880
v 0.010782 -0.021654 0.165070
v 0.010782 0.021654 0.165070
v 0.010790 -0.022985 0.140918
v 0.010790 0.022985 0.140918
v 0.010816 -0.023041 0.145850
v 0.010818 -0.020523 0.165480
v 0.010818 0.020523 0.165480
v 0.010816 0.023041 0.145850
v 0.010836 0.023083 0.147980
v 0.010836 0.023083 0.155180
v 0.010836 0.023083 0.162380
v 0.010859 -0.023132 0.141026
v 0.010860 -0.021810 0.164858
v 0.010860 0.021810 0.164858
v 0.010859 0.023132 0.141026
v 0.010871 -0.023158 0.145763
v 0.010871 0.023158 0.145763
v 0.010876 -0.021842 0.140880
v 0.010876 0.021842 0.140880
v 0.010905 -0.023230 0.141189
v 0.010905 0.023230 0.141189
v 0.010908 -0.023237 0.145633
v 0.010908 0.023237 0.145633
v 0.010921 -0.023264 0.141380
v 0.010921 -0.023264 0.145480
v 0.010918 -0.021926 0.164616
v 0.010918 0.021926 0.164616
v 0.010921 0.023264 0.141380
v 0.010921 0.023264 0.145480
v 0.010953 -0.021997 0.164353
v 0.010945 -0.020765 0.165453
v 0.010945 0.020765 0.165453
v 0.010953 0.021997 0.164353
v 0.010965 -0.022021 0.146780
v 0.010965 -0.022021 0.147080
v 0.010965 -0.022021 0.163280
v 0.010965 -0.022021 0.164080
v 0.010965 0.022021 0.146780
v 0.010965 0.022021 0.147080
v 0.010965 0.022021 0.163280
v 0.010965 0.022021 0.164080
v 0.010984 -0.020549 0.151758
v 0.010984 -0.020549 0.153958
v 0.010984 0.020549 0.149002
v 0.010984 0.020549 0.151202
v 0.010984 0.020549 0.153202
v 0.010984 0.020549 0.155402
v 0.011068 -0.020997 0.165373
v 0.011068 0.020997 0.165373
v 0.011144 -0.021143 0.145880
v 0.011144 -0.021143 0.146780
v 0.011144 0.021143 0.145880
v 0.011144 0.021143 0.146780
v 0.011181 -0.021211 0.165244
v 0.011181 0.021211 0.165244
v 0.011191 -0.021231 0.141280
v 0.011191 -0.021231 0.145580
v 0.011192 -0.020093 0.146380
v 0.011192 -0.020093 0.163880
v 0.011192 0.020093 0.146380
v 0.011192 0.020093 0.163880
v 0.011191 0.021231 0.141280
v 0.011191 0.021231 0.145580
v 0.011233 -0.022558 0.140880
v 0.011233 0.022558 0.140880
v 0.011277 -0.022648 0.145880
v 0.011280 -0.021399 0.165070
v 0.011280 0.021399 0.165070
v 0.011277 0.022648 0.145880
v 0.011289 -0.020268 0.165480
v 0.011289 0.020268 0.165480
v 0.011318 -0.022729 0.140918
v 0.011318 0.022729 0.140918
v 0.011345 -0.022785 0.145850
v 0.011345 0.022785 0.145850
v 0.011361 -0.021553 0.164858
v 0.011361 0.021553 0.164858
v 0.011366 -0.022827 0.147980
v 0.011366 -0.022827 0.155180
v 0.011366 -0.022827 0.162380
v 0.011366 0.022827 0.147980
v 0.011366 0.022827 0.155180
v 0.011366 0.022827 0.162380
v 0.011378 -0.021585 0.140880
v 0.011378 0.021585 0.140880
v 0.011390 -0.022875 0.141026
v 0.011390 0.022875 0.141026
v 0.011403 -0.022901 0.145763
v 0.011403 0.022901 0.145763
v 0.011421 -0.021668 0.164616
v 0.011422 -0.020507 0.165453
v 0.011422 0.020507 0.165453
v 0.011421 0.021668 0.164616
v 0.011442 -0.022978 0.145633
v 0.011439 -0.022972 0.141189
v 0.011439 0.022972 0.141189
v 0.011442 0.022978 0.145633
v 0.011455 -0.023006 0.141380
v 0.011455 -0.023006 0.145480
v 0.011458 -0.021738 0.164353
v 0.011458 0.021738 0.164353
v 0.011455 0.023006 0.141380
v 0.011455 0.023006 0.145480
v 0.011471 -0.021762 0.146780
v 0.011471 -0.021762 0.147080
v 0.011471 -0.021762 0.163280
v 0.011471 -0.021762 0.164080
v 0.011471 0.021762 0.146780
v 0.011471 0.021762 0.147080
v 0.011471 0.021762 0.163280
v 0.011471 0.021762 0.164080
v 0.011550 -0.020736 0.165373
v 0.011550 0.020736 0.165373
v 0.011630 -0.020880 0.145880
v 0.011630 -0.020880 0.146780
v 0.011630 0.020880 0.145880
v 0.011630 0.020880 0.146780
v 0.011653 -0.019829 0.146380
v 0.011653 -0.019829 0.163880
v 0.011653 0.019829 0.146380
v 0.011653 0.019829 0.163880
v 0.011668 -0.020948 0.165244
v 0.011668 0.020948 0.165244
v 0.011679 -0.020967 0.141280
v 0.011679 -0.020967 0.145580
v 0.011679 0.020967 0.141280
v 0.011679 0.020967 0.145580
v 0.011702 0.022200 0.147980
v 0.011702 0.022200 0.155180
v 0.011702 0.022200 0.162380
v 0.011751 -0.022293 0.140880
v 0.011754 -0.020002 0.165480
v 0.011754 0.020002 0.165480
v 0.011751 0.022293 0.140880
v 0.011771 -0.021133 0.165070
v 0.011771 0.021133 0.165070
v 0.011797 -0.022381 0.145880
v 0.011797 0.022381 0.145880
v 0.011840 -0.022462 0.140918
v 0.011840 0.022462 0.140918
v 0.011856 -0.021285 0.164858
v 0.011856 0.021285 0.164858
v 0.011869 -0.022517 0.145850
v 0.011873 -0.021316 0.140880
v 0.011873 0.021316 0.140880
v 0.011869 0.022517 0.145850
v 0.011891 -0.022558 0.147980
v 0.011891 -0.022558 0.155180
v 0.011891 -0.022558 0.162380
v 0.011893 -0.020237 0.165453
v 0.011893 0.020237 0.165453
v 0.011916 -0.022605 0.141026
v 0.011919 -0.021398 0.164616
v 0.011919 0.021398 0.164616
v 0.011916 0.022605 0.141026
v 0.011929 -0.022631 0.145763
v 0.011929 0.022631 0.145763
v 0.011957 -0.021468 0.164353
v 0.011957 0.021468 0.164353
v 0.011970 -0.022708 0.145633
v 0.011966 -0.022701 0.141189
v 0.011970 -0.021491 0.146780
v 0.011970 -0.021491 0.147080
v 0.011970 -0.021491 0.163280
v 0.011970 -0.021491 0.164080
v 0.011970 0.021491 0.146780
v 0.011970 0.021491 0.147080
v 0.011970 0.021491 0.147980
v 0.011970 0.021491 0.155180
v 0.011970 0.021491 0.162380
v 0.011970 0.021491 0.163280
v 0.011970 0.021491 0.164080
v 0.011966 0.022701 0.141189
v 0.011970 0.022708 0.145633
v 0.011984 -0.022735 0.141380
v 0.011984 -0.022735 0.145480
v 0.011984 0.022735 0.141380
v 0.011984 0.022735 0.145480
v 0.012026 -0.020464 0.165373
v 0.012026 0.020464 0.165373
v 0.012109 -0.020605 0.145880
v 0.012109 -0.020605 0.146780
v 0.012108 -0.019555 0.146380
v 0.012108 -0.019555 0.163880
v 0.012111 -0.018126 0.152484
v 0.012111 -0.018126 0.153364
v 0.012111 0.018126 0.149596
v 0.012111 0.018126 0.150476
v 0.012111 0.018126 0.153796
v 0.012111 0.018126 0.154676
v 0.012108 0.019555 0.146380
v 0.012108 0.019555 0.163880
v 0.012109 0.020605 0.145880
v 0.012109 0.020605 0.146780
v 0.012148 -0.020672 0.165244
v 0.012148 0.020672 0.165244
v 0.012160 -0.020692 0.141280
v 0.012160 -0.020692 0.145580
v 0.012160 0.020692 0.141280
v 0.012160 0.020692 0.145580
v 0.012211 -0.021924 0.147980
v 0.012211 -0.021924 0.155180
v 0.012211 -0.021924 0.162380
v 0.012213 -0.019725 0.165480
v 0.012213 0.019725 0.165480
v 0.012262 -0.022015 0.140880
v 0.012256 -0.020855 0.165070
v 0.012256 0.020855 0.165070
v 0.012262 0.022015 0.140880
v 0.012311 -0.022103 0.145880
v 0.012311 0.022103 0.145880
v 0.012344 -0.021005 0.164858
v 0.012344 0.021005 0.164858
v 0.012356 -0.022182 0.140918
v 0.012362 -0.021036 0.140880
v 0.012357 -0.019957 0.165453
v 0.012357 0.019957 0.165453
v 0.012362 0.021036 0.140880
v 0.012356 0.022182 0.140918
v 0.012386 -0.022236 0.145850
v 0.012386 0.022236 0.145850
v 0.012410 -0.021117 0.164616
v 0.012410 0.021117 0.164616
v 0.012434 -0.022324 0.141026
v 0.012434 0.022324 0.141026
v 0.012449 -0.022350 0.145763
v 0.012450 -0.021186 0.164353
v 0.012450 0.021186 0.164353
v 0.012449 0.022350 0.145763
v 0.012464 -0.021209 0.146780
v 0.012464 -0.021209 0.147080
v 0.012464 -0.021209 0.147980
v 0.012464 -0.021209 0.155180
v 0.012464 -0.021209 0.162380
v 0.012464 -0.021209 0.163280
v 0.012464 -0.021209 0.164080
v 0.012464 0.021209 0.146780
v 0.012464 0.021209 0.147080
v 0.012464 0.021209 0.147980
v 0.012464 0.021209 0.155180
v 0.012464 0.021209 0.162380
v 0.012464 0.021209 0.163280
v 0.012464 0.021209 0.164080
v 0.012491 -0.022425 0.145633
v 0.012487 -0.022419 0.141189
v 0.012487 0.022419 0.141189
v 0.012491 0.022425 0.145633
v 0.012495 -0.020181 0.165373
v 0.012495 0.020181 0.165373
v 0.012506 -0.022452 0.141380
v 0.012506 -0.022452 0.145480
v 0.012506 0.022452 0.141380
v 0.012506 0.022452 0.145480
v 0.012556 -0.019270 0.146380
v 0.012556 -0.019270 0.163880
v 0.012556 0.019270 0.146380
v 0.012556 0.019270 0.163880
v 0.012582 -0.020320 0.145880
v 0.012582 -0.020320 0.146780
v 0.012582 0.020320 0.145880
v 0.012582 0.020320 0.146780
v 0.012623 -0.020386 0.165244
v 0.012623 0.020386 0.165244
v 0.012634 -0.020405 0.141280
v 0.012634 -0.020405 0.145580
v 0.012634 0.020405 0.141280
v 0.012634 0.020405 0.145580
v 0.012666 -0.019438 0.165480
v 0.012666 0.019438 0.165480
v 0.012734 -0.020567 0.165070
v 0.012734 0.020567 0.165070
v 0.012768 -0.021726 0.140880
v 0.012768 0.021726 0.140880
v 0.012815 -0.019667 0.165453
v 0.012815 0.019667 0.165453
v 0.012818 -0.021812 0.145880
v 0.012818 0.021812 0.145880
v 0.012826 -0.020715 0.164858
v 0.012826 0.020715 0.164858
v 0.012845 -0.020745 0.140880
v 0.012845 0.020745 0.140880
v 0.012865 -0.021891 0.140918
v 0.012865 0.021891 0.140918
v 0.012894 -0.020825 0.164616
v 0.012894 0.020825 0.164616
v 0.012896 -0.021944 0.145850
v 0.012896 0.021944 0.145850
v 0.012936 -0.020892 0.164353
v 0.012945 -0.019373 0.151824
v 0.012945 -0.019373 0.154024
v 0.012945 0.019373 0.148936
v 0.012945 0.019373 0.151136
v 0.012945 0.019373 0.153136
v 0.012945 0.019373 0.155336
v 0.012936 0.020892 0.164353
v 0.012947 -0.022031 0.141026
v 0.012950 -0.020915 0.146780
v 0.012950 -0.020915 0.147080
v 0.012950 -0.020915 0.147980
v 0.012950 -0.020915 0.155180
v 0.012950 -0.020915 0.162380
v 0.012950 -0.020915 0.163280
v 0.012950 -0.020915 0.164080
v 0.012950 0.020915 0.146780
v 0.012950 0.020915 0.147080
v 0.012950 0.020915 0.147980
v 0.012950 0.020915 0.155180
v 0.012950 0.020915 0.162380
v 0.012950 0.020915 0.163280
v 0.012950 0.020915 0.164080
v 0.012947 0.022031 0.141026
v 0.012962 -0.022056 0.145763
v 0.012958 -0.019887 0.165373
v 0.012958 0.019887 0.165373
v 0.012962 0.022056 0.145763
v 0.013002 -0.022124 0.141189
v 0.012998 -0.018975 0.146380
v 0.012998 -0.018975 0.163880
v 0.012998 0.018975 0.146380
v 0.012998 0.018975 0.163880
v 0.013002 0.022124 0.141189
v 0.013006 -0.022131 0.145633
v 0.013006 0.022131 0.145633
v 0.013021 -0.022157 0.141380
v 0.013021 -0.022157 0.145480
v 0.013021 0.022157 0.141380
v 0.013021 0.022157 0.145480
v 0.013048 -0.020024 0.145880
v 0.013048 -0.020024 0.146780
v 0.013048 0.020024 0.145880
v 0.013048 0.020024 0.146780
v 0.013090 -0.020089 0.165244
v 0.013090 0.020089 0.165244
v 0.013102 -0.020108 0.141280
v 0.013102 -0.020108 0.145580
v 0.013102 0.020108 0.141280
v 0.013102 0.020108 0.145580
v 0.013111 -0.019140 0.165480
v 0.013111 0.019140 0.165480
v 0.013206 -0.020267 0.165070
v 0.013206 0.020267 0.165070
v 0.013266 -0.021425 0.140880
v 0.013266 -0.019365 0.165453
v 0.013266 0.019365 0.165453
v 0.013266 0.021425 0.140880
v 0.013301 -0.020413 0.164858
v 0.013301 0.020413 0.164858
v 0.013319 -0.021510 0.145880
v 0.013321 -0.020443 0.140880
v 0.013321 0.020443 0.140880
v 0.013319 0.021510 0.145880
v 0.013367 -0.021588 0.140918
v 0.013372 -0.020521 0.164616
v 0.013372 0.020521 0.164616
v 0.013367 0.021588 0.140918
v 0.013399 -0.021641 0.145850
v 0.013399 0.021641 0.145850
v 0.013414 -0.019582 0.165373
v 0.013414 0.019582 0.165373
v 0.013415 -0.020588 0.164353
v 0.013415 0.020588 0.164353
v 0.013430 -0.020611 0.146780
v 0.013430 -0.020611 0.147080
v 0.013430 -0.020611 0.147980
v 0.013430 -0.020611 0.155180
v 0.013430 -0.020611 0.162380
v 0.013430 -0.020611 0.163280
v 0.013430 -0.020611 0.164080
v 0.013433 -0.018670 0.146380
v 0.013433 -0.018670 0.163880
v 0.013433 0.018670 0.146380
v 0.013433 0.018670 0.163880
v 0.013430 0.020611 0.146780
v 0.013430 0.020611 0.147080
v 0.013430 0.020611 0.147980
v 0.013430 0.020611 0.155180
v 0.013430 0.020611 0.162380
v 0.013430 0.020611 0.163280
v 0.013430 0.020611 0.164080
v 0.013452 -0.021726 0.141026
v 0.013452 0.021726 0.141026
v 0.013468 -0.021751 0.145763
v 0.013468 0.021751 0.145763
v 0.013509 -0.021818 0.141189
v 0.013513 -0.021825 0.145633
v 0.013507 -0.019717 0.145880
v 0.013507 -0.019717 0.146780
v 0.013507 0.019717 0.145880
v 0.013507 0.019717 0.146780
v 0.013509 0.021818 0.141189
v 0.013513 0.021825 0.145633
v 0.013529 -0.021851 0.141380
v 0.013529 -0.021851 0.145480
v 0.013529 0.021851 0.141380
v 0.013529 0.021851 0.145480
v 0.013551 -0.019782 0.165244
v 0.013550 -0.018832 0.165480
v 0.013550 0.018832 0.165480
v 0.013551 0.019782 0.165244
v 0.013563 -0.019800 0.141280
v 0.013563 -0.019800 0.145580
v 0.013563 0.019800 0.141280
v 0.013563 0.019800 0.145580
v 0.013671 -0.019957 0.165070
v 0.013671 0.019957 0.165070
v 0.013709 -0.019054 0.165453
v 0.013709 0.019054 0.165453
v 0.013757 -0.021113 0.140880
v 0.013757 0.021113 0.140880
v 0.013769 -0.020100 0.164858
v 0.013769 0.020100 0.164858
v 0.013789 -0.020130 0.140880
v 0.013789 0.020130 0.140880
v 0.013812 -0.021197 0.145880
v 0.013812 0.021197 0.145880
v 0.013830 -0.016852 0.152549
v 0.013830 -0.016852 0.153429
v 0.013830 0.016852 0.149531
v 0.013830 0.016852 0.150411
v 0.013830 0.016852 0.153731
v 0.013830 0.016852 0.154611
v 0.013842 -0.020207 0.164616
v 0.013842 0.020207 0.164616
v 0.013862 -0.021274 0.140918
v 0.013863 -0.019267 0.165373
v 0.013861 -0.018354 0.146380
v 0.013861 -0.018354 0.163880
v 0.013861 0.018354 0.146380
v 0.013861 0.018354 0.163880
v 0.013863 0.019267 0.165373
v 0.013862 0.021274 0.140918
v 0.013887 -0.020273 0.164353
v 0.013887 0.020273 0.164353
v 0.013896 -0.021325 0.145850
v 0.013902 -0.020295 0.146780
v 0.013902 -0.020295 0.147080
v 0.013902 -0.020295 0.147980
v 0.013902 -0.020295 0.155180
v 0.013902 -0.020295 0.162380
v 0.013902 -0.020295 0.163280
v 0.013902 -0.020295 0.164080
v 0.013902 0.020295 0.146780
v 0.013902 0.020295 0.147080
v 0.013902 0.020295 0.163280
v 0.013902 0.020295 0.164080
v 0.013896 0.021325 0.145850
v 0.013950 -0.021410 0.141026
v 0.013950 0.021410 0.141026
v 0.013959 -0.019400 0.145880
v 0.013959 -0.019400 0.146780
v 0.013959 0.019400 0.145880
v 0.013959 0.019400 0.146780
v 0.013966 -0.021434 0.145763
v 0.013966 0.021434 0.145763
v 0.013981 -0.018514 0.165480
v 0.013981 0.018514 0.165480
v 0.014004 -0.019463 0.165244
v 0.014004 0.019463 0.165244
v 0.014014 -0.021507 0.145633
v 0.014010 -0.021500 0.141189
v 0.014010 0.021500 0.141189
v 0.014014 0.021507 0.145633
v 0.014017 -0.019481 0.141280
v 0.014017 -0.019481 0.145580
v 0.014017 0.019481 0.141280
v 0.014017 0.019481 0.145580
v 0.014030 -0.021532 0.141380
v 0.014030 -0.021532 0.145480
v 0.014030 0.021532 0.141380
v 0.014030 0.021532 0.145480
v 0.014128 -0.019636 0.165070
v 0.014128 0.019636 0.165070
v 0.014146 -0.018732 0.165453
v 0.014146 0.018732 0.165453
v 0.014182 0.020703 0.147980
v 0.014182 0.020703 0.155180
v 0.014182 0.020703 0.162380
v 0.014230 -0.019777 0.164858
v 0.014230 0.019777 0.164858
v 0.014241 -0.020790 0.140880
v 0.014241 0.020790 0.140880
v 0.014251 -0.019806 0.140880
v 0.014251 0.019806 0.140880
v 0.014281 -0.018029 0.146380
v 0.014281 -0.018029 0.163880
v 0.014281 0.018029 0.146380
v 0.014281 0.018029 0.163880
v 0.014298 -0.020872 0.145880
v 0.014304 -0.018942 0.165373
v 0.014304 0.018942 0.165373
v 0.014298 0.020872 0.145880
v 0.014305 -0.019882 0.164616
v 0.014305 0.019882 0.164616
v 0.014350 -0.020948 0.140918
v 0.014352 -0.019947 0.164353
v 0.014352 0.019947 0.164353
v 0.014350 0.020948 0.140918
v 0.014367 -0.019968 0.146780
v 0.014367 -0.019968 0.147080
v 0.014367 -0.019968 0.163280
v 0.014367 -0.019968 0.164080
v 0.014367 0.019968 0.146780
v 0.014367 0.019968 0.147080
v 0.014367 0.019968 0.163280
v 0.014367 0.019968 0.164080
v 0.014384 -0.020999 0.145850
v 0.014384 0.020999 0.145850
v 0.014403 -0.019073 0.145880
v 0.014403 -0.019073 0.146780
v 0.014403 0.019073 0.145880
v 0.014403 0.019073 0.146780
v 0.014405 -0.018186 0.165480
v 0.014405 0.018186 0.165480
v 0.014441 -0.021082 0.141026
v 0.014441 0.021082 0.141026
v 0.014450 -0.019135 0.165244
v 0.014450 0.019135 0.165244
v 0.014458 -0.021106 0.145763
v 0.014463 -0.019152 0.141280
v 0.014463 -0.019152 0.145580
v 0.014463 0.019152 0.141280
v 0.014463 0.019152 0.145580
v 0.014458 0.021106 0.145763
v 0.014502 -0.021171 0.141189
v 0.014502 0.021171 0.141189
v 0.014507 -0.021177 0.145633
v 0.014507 0.021177 0.145633
v 0.014524 -0.021202 0.141380
v 0.014524 -0.021202 0.145480
v 0.014524 0.021202 0.141380
v 0.014524 0.021202 0.145480
v 0.014575 -0.018400 0.165453
v 0.014575 0.018400 0.165453
v 0.014578 -0.019304 0.165070
v 0.014578 0.019304 0.165070
v 0.014657 -0.020370 0.147980
v 0.014657 -0.020370 0.155180
v 0.014657 -0.020370 0.162380
v 0.014683 -0.019443 0.164858
v 0.014683 0.019443 0.164858
v 0.014693 -0.017695 0.146380
v 0.014693 -0.017695 0.163880
v 0.014693 0.017695 0.146380
v 0.014693 0.017695 0.163880
v 0.014704 -0.019472 0.140880
v 0.014704 0.019472 0.140880
v 0.014718 -0.020455 0.140880
v 0.014718 0.020455 0.140880
v 0.014738 -0.018606 0.165373
v 0.014738 0.018606 0.165373
v 0.014761 -0.019546 0.164616
v 0.014761 0.019546 0.164616
v 0.014776 -0.020537 0.145880
v 0.014781 -0.018011 0.151889
v 0.014781 -0.018011 0.154089
v 0.014781 0.018011 0.148871
v 0.014781 0.018011 0.151071
v 0.014781 0.018011 0.153071
v 0.014781 0.018011 0.155271
v 0.014776 0.020537 0.145880
v 0.014809 -0.019610 0.164353
v 0.014809 0.019610 0.164353
v 0.014825 -0.019631 0.146780
v 0.014825 -0.019631 0.147080
v 0.014825 -0.019631 0.163280
v 0.014825 -0.019631 0.164080
v 0.014821 -0.017849 0.165480
v 0.014821 0.017849 0.165480
v 0.014825 0.019631 0.146780
v 0.014825 0.019631 0.147080
v 0.014825 0.019631 0.163280
v 0.014825 0.019631 0.164080
v 0.014830 -0.020611 0.140918
v 0.014830 0.020611 0.140918
v 0.014840 -0.018735 0.145880
v 0.014840 -0.018735 0.146780
v 0.014840 0.018735 0.145880
v 0.014840 0.018735 0.146780
v 0.014866 -0.020661 0.145850
v 0.014866 0.020661 0.145850
v 0.014888 -0.018796 0.165244
v 0.014888 0.018796 0.165244
v 0.014893 0.020699 0.147980
v 0.014893 0.020699 0.155180
v 0.014893 0.020699 0.162380
v 0.014902 -0.018813 0.141280
v 0.014902 -0.018813 0.145580
v 0.014902 0.018813 0.141280
v 0.014902 0.018813 0.145580
v 0.014924 -0.020742 0.141026
v 0.014924 0.020742 0.141026
v 0.014941 -0.020766 0.145763
v 0.014941 0.020766 0.145763
v 0.014992 -0.020837 0.145633
v 0.014988 -0.020830 0.141189
v 0.014988 0.020830 0.141189
v 0.014992 0.020837 0.145633
v 0.014996 -0.018059 0.165453
v 0.014996 0.018059 0.165453
v 0.015010 -0.020861 0.141380
v 0.015010 -0.020861 0.145480
v 0.015010 0.020861 0.141380
v 0.015010 0.020861 0.145480
v 0.015020 -0.018962 0.165070
v 0.015020 0.018962 0.165070
v 0.015098 -0.017351 0.146380
v 0.015098 -0.017351 0.163880
v 0.015098 0.017351 0.146380
v 0.015098 0.017351 0.163880
v 0.015128 -0.019099 0.164858
v 0.015128 0.019099 0.164858
v 0.015150 -0.019127 0.140880
v 0.015150 0.019127 0.140880
v 0.015164 -0.018261 0.165373
v 0.015164 0.018261 0.165373
v 0.015186 -0.020110 0.140880
v 0.015186 0.020110 0.140880
v 0.015208 -0.019200 0.164616
v 0.015208 0.019200 0.164616
v 0.015230 -0.017501 0.165480
v 0.015230 0.017501 0.165480
v 0.015247 -0.020190 0.145880
v 0.015247 0.020190 0.145880
v 0.015258 -0.019262 0.164353
v 0.015258 0.019262 0.164353
v 0.015274 -0.019284 0.146780
v 0.015274 -0.019284 0.147080
v 0.015274 -0.019284 0.163280
v 0.015274 -0.019284 0.164080
v 0.015268 -0.018387 0.145880
v 0.015268 -0.018387 0.146780
v 0.015268 0.018387 0.145880
v 0.015268 0.018387 0.146780
v 0.015274 0.019284 0.146780
v 0.015274 0.019284 0.147080
v 0.015274 0.019284 0.163280
v 0.015274 0.019284 0.164080
v 0.015302 -0.020263 0.140918
v 0.015302 0.020263 0.140918
v 0.015318 -0.018447 0.165244
v 0.015318 0.018447 0.165244
v 0.015332 -0.018464 0.141280
v 0.015332 -0.018464 0.145580
v 0.015332 0.018464 0.141280
v 0.015332 0.018464 0.145580
v 0.015339 -0.020312 0.145850
v 0.015339 0.020312 0.145850
v 0.015367 -0.020349 0.147980
v 0.015367 -0.020349 0.155180
v 0.015367 -0.020349 0.162380
v 0.015367 0.020349 0.147980
v 0.015367 0.020349 0.155180
v 0.015367 0.020349 0.162380
v 0.015399 -0.020392 0.141026
v 0.015399 0.020392 0.141026
v 0.015409 -0.017707 0.165453
v 0.015415 -0.015415 0.152615
v 0.015415 -0.015415 0.153495
v 0.015415 0.015415 0.149465
v 0.015415 0.015415 0.150345
v 0.015415 0.015415 0.153665
v 0.015415 0.015415 0.154545
v 0.015409 0.017707 0.165453
v 0.015417 -0.020416 0.145763
v 0.015417 0.020416 0.145763
v 0.015454 -0.018610 0.165070
v 0.015454 0.018610 0.165070
v 0.015465 -0.020479 0.141189
v 0.015465 0.020479 0.141189
v 0.015469 -0.020485 0.145633
v 0.015469 0.020485 0.145633
v 0.015488 -0.020509 0.141380
v 0.015488 -0.020509 0.145480
v 0.015495 -0.016997 0.146380
v 0.015495 -0.016997 0.163880
v 0.015495 0.016997 0.146380
v 0.015495 0.016997 0.163880
v 0.015488 0.020509 0.141380
v 0.015488 0.020509 0.145480
v 0.015565 -0.018744 0.164858
v 0.015565 0.018744 0.164858
v 0.015581 -0.017906 0.165373
v 0.015581 0.017906 0.165373
v 0.015582 0.019672 0.147980
v 0.015582 0.019672 0.155180
v 0.015582 0.019672 0.162380
v 0.015588 -0.018772 0.140880
v 0.015588 0.018772 0.140880
v 0.015630 -0.017145 0.165480
v 0.015630 0.017145 0.165480
v 0.015647 -0.019754 0.140880
v 0.015648 -0.018844 0.164616
v 0.015648 0.018844 0.164616
v 0.015647 0.019754 0.140880
v 0.015689 -0.018030 0.145880
v 0.015689 -0.018030 0.146780
v 0.015689 0.018030 0.145880
v 0.015689 0.018030 0.146780
v 0.015698 -0.018905 0.164353
v 0.015698 0.018905 0.164353
v 0.015709 -0.019832 0.145880
v 0.015709 0.019832 0.145880
v 0.015716 -0.018926 0.146780
v 0.015716 -0.018926 0.147080
v 0.015716 -0.018926 0.163280
v 0.015716 -0.018926 0.164080
v 0.015716 0.018926 0.146780
v 0.015716 0.018926 0.147080
v 0.015716 0.018926 0.147980
v 0.015716 0.018926 0.155180
v 0.015716 0.018926 0.162380
v 0.015716 0.018926 0.163280
v 0.015716 0.018926 0.164080
v 0.015740 -0.018088 0.165244
v 0.015740 0.018088 0.165244
v 0.015755 -0.018105 0.141280
v 0.015755 -0.018105 0.145580
v 0.015755 0.018105 0.141280
v 0.015755 0.018105 0.145580
v 0.015766 -0.019904 0.140918
v 0.015766 0.019904 0.140918
v 0.015804 -0.019952 0.145850
v 0.015804 0.019952 0.145850
v 0.015814 -0.017347 0.165453
v 0.015814 0.017347 0.165453
v 0.015833 -0.019989 0.147980
v 0.015833 -0.019989 0.155180
v 0.015833 -0.019989 0.162380
v 0.015866 -0.020031 0.141026
v 0.015866 0.020031 0.141026
v 0.015885 -0.020054 0.145763
v 0.015879 -0.018248 0.165070
v 0.015883 -0.016635 0.146380
v 0.015883 -0.016635 0.163880
v 0.015883 0.016635 0.146380
v 0.015883 0.016635 0.163880
v 0.015879 0.018248 0.165070
v 0.015885 0.020054 0.145763
v 0.015934 -0.020116 0.141189
v 0.015934 0.020116 0.141189
v 0.015938 -0.020122 0.145633
v 0.015938 0.020122 0.145633
v 0.015957 -0.020146 0.141380
v 0.015957 -0.020146 0.145480
v 0.015957 0.020146 0.141380
v 0.015957 0.020146 0.145480
v 0.015994 -0.018380 0.164858
v 0.015991 -0.017541 0.165373
v 0.015991 0.017541 0.165373
v 0.015994 0.018380 0.164858
v 0.016017 -0.018407 0.140880
v 0.016022 -0.016779 0.165480
v 0.016022 0.016779 0.165480
v 0.016017 0.018407 0.140880
v 0.016032 -0.019306 0.147980
v 0.016032 -0.019306 0.155180
v 0.016032 -0.019306 0.162380
v 0.016079 -0.018477 0.164616
v 0.016079 0.018477 0.164616
v 0.016099 -0.019387 0.140880
v 0.016101 -0.017662 0.145880
v 0.016101 -0.017662 0.146780
v 0.016101 0.017662 0.145880
v 0.016101 0.017662 0.146780
v 0.016099 0.019387 0.140880
v 0.016131 -0.018537 0.164353
v 0.016131 0.018537 0.164353
v 0.016149 -0.018558 0.146780
v 0.016149 -0.018558 0.147080
v 0.016149 -0.018558 0.147980
v 0.016149 -0.018558 0.155180
v 0.016149 -0.018558 0.162380
v 0.016149 -0.018558 0.163280
v 0.016149 -0.018558 0.164080
v 0.016154 -0.017720 0.165244
v 0.016154 0.017720 0.165244
v 0.016149 0.018558 0.146780
v 0.016149 0.018558 0.147080
v 0.016149 0.018558 0.147980
v 0.016149 0.018558 0.155180
v 0.016149 0.018558 0.162380
v 0.016149 0.018558 0.163280
v 0.016149 0.018558 0.164080
v 0.016163 -0.019464 0.145880
v 0.016163 0.019464 0.145880
v 0.016169 -0.017736 0.141280
v 0.016169 -0.017736 0.145580
v 0.016169 0.017736 0.141280
v 0.016169 0.017736 0.145580
v 0.016210 -0.016977 0.165453
v 0.016210 0.016977 0.165453
v 0.016221 -0.019534 0.140918
v 0.016221 0.019534 0.140918
v 0.016261 -0.019582 0.145850
v 0.016263 -0.016263 0.146380
v 0.016263 -0.016263 0.163880
v 0.016263 0.016263 0.146380
v 0.016263 0.016263 0.163880
v 0.016261 0.019582 0.145850
v 0.016297 -0.017877 0.165070
v 0.016297 0.017877 0.165070
v 0.016325 -0.019659 0.141026
v 0.016325 0.019659 0.141026
v 0.016344 -0.019682 0.145763
v 0.016344 0.019682 0.145763
v 0.016394 -0.019743 0.141189
v 0.016392 -0.017167 0.165373
v 0.016392 0.017167 0.165373
v 0.016394 0.019743 0.141189
v 0.016399 -0.019748 0.145633
v 0.016405 -0.016405 0.165480
v 0.016405 0.016405 0.165480
v 0.016399 0.019748 0.145633
v 0.016414 -0.018005 0.164858
v 0.016414 0.018005 0.164858
v 0.016418 -0.019772 0.141380
v 0.016418 -0.019772 0.145480
v 0.016418 0.019772 0.141380
v 0.016418 0.019772 0.145480
v 0.016438 -0.018032 0.140880
v 0.016438 0.018032 0.140880
v 0.016476 -0.016476 0.151955
v 0.016476 -0.016476 0.154155
v 0.016476 0.016476 0.148805
v 0.016476 0.016476 0.151005
v 0.016476 0.016476 0.153005
v 0.016476 0.016476 0.155205
v 0.016501 -0.018101 0.164616
v 0.016505 -0.017286 0.145880
v 0.016505 -0.017286 0.146780
v 0.016505 0.017286 0.145880
v 0.016505 0.017286 0.146780
v 0.016501 0.018101 0.164616
v 0.016542 -0.019010 0.140880
v 0.016542 0.019010 0.140880
v 0.016555 -0.018160 0.164353
v 0.016555 0.018160 0.164353
v 0.016559 -0.017342 0.165244
v 0.016559 0.017342 0.165244
v 0.016573 -0.018180 0.146780
v 0.016573 -0.018180 0.147080
v 0.016573 -0.018180 0.147980
v 0.016573 -0.018180 0.155180
v 0.016573 -0.018180 0.162380
v 0.016573 -0.018180 0.163280
v 0.016573 -0.018180 0.164080
v 0.016574 -0.017358 0.141280
v 0.016574 -0.017358 0.145580
v 0.016574 0.017358 0.141280
v 0.016574 0.017358 0.145580
v 0.016573 0.018180 0.146780
v 0.016573 0.018180 0.147080
v 0.016573 0.018180 0.147980
v 0.016573 0.018180 0.155180
v 0.016573 0.018180 0.162380
v 0.016573 0.018180 0.163280
v 0.016573 0.018180 0.164080
v 0.016598 -0.016598 0.165453
v 0.016598 0.016598 0.165453
v 0.016608 -0.019086 0.145880
v 0.016608 0.019086 0.145880
v 0.016635 -0.015883 0.146380
v 0.016635 -0.015883 0.163880
v 0.016635 0.015883 0.146380
v 0.016635 0.015883 0.163880
v 0.016668 -0.019155 0.140918
v 0.016668 0.019155 0.140918
v 0.016709 -0.019201 0.145850
v 0.016705 -0.017495 0.165070
v 0.016705 0.017495 0.165070
v 0.016709 0.019201 0.145850
v 0.016775 -0.019277 0.141026
v 0.016775 0.019277 0.141026
v 0.016784 -0.016784 0.165373
v 0.016779 -0.016022 0.165480
v 0.016779 0.016022 0.165480
v 0.016784 0.016784 0.165373
v 0.016794 -0.019299 0.145763
v 0.016794 0.019299 0.145763
v 0.016825 -0.017621 0.164858
v 0.016825 0.017621 0.164858
v 0.016846 -0.019359 0.141189
v 0.016851 -0.019364 0.145633
v 0.016850 -0.017647 0.140880
v 0.016852 -0.013830 0.152681
v 0.016852 -0.013830 0.153561
v 0.016852 0.013830 0.153599
v 0.016852 0.013830 0.154479
v 0.016850 0.017647 0.140880
v 0.016846 0.019359 0.141189
v 0.016851 0.019364 0.145633
v 0.016871 -0.019387 0.141380
v 0.016871 -0.019387 0.145480
v 0.016871 0.019387 0.141380
v 0.016871 0.019387 0.145480
v 0.016900 -0.016900 0.145880
v 0.016900 -0.016900 0.146780
v 0.016900 0.016900 0.145880
v 0.016900 0.016900 0.146780
v 0.016915 -0.017715 0.164616
v 0.016915 0.017715 0.164616
v 0.016934 0.013897 0.149399
v 0.016934 0.013897 0.150279
v 0.016955 -0.016955 0.165244
v 0.016955 0.016955 0.165244
v 0.016970 -0.017773 0.164353
v 0.016971 -0.016971 0.141280
v 0.016971 -0.016971 0.145580
v 0.016971 0.016971 0.141280
v 0.016971 0.016971 0.145580
v 0.016970 0.017773 0.164353
v 0.016977 -0.018623 0.140880
v 0.016977 -0.016210 0.165453
v 0.016977 0.016210 0.165453
v 0.016977 0.018623 0.140880
v 0.016988 -0.017792 0.146780
v 0.016988 -0.017792 0.147080
v 0.016988 -0.017792 0.147980
v 0.016988 -0.017792 0.155180
v 0.016988 -0.017792 0.162380
v 0.016988 -0.017792 0.163280
v 0.016988 -0.017792 0.164080
v 0.016988 0.017792 0.146780
v 0.016988 0.017792 0.147080
v 0.016988 0.017792 0.147980
v 0.016988 0.017792 0.155180
v 0.016988 0.017792 0.162380
v 0.016988 0.017792 0.163280
v 0.016988 0.017792 0.164080
v 0.016997 -0.015495 0.146380
v 0.016997 -0.015495 0.163880
v 0.016997 0.015495 0.146380
v 0.016997 0.015495 0.163880
v 0.017044 -0.018697 0.145880
v 0.017044 0.018697 0.145880
v 0.017105 -0.017105 0.165070
v 0.017105 0.017105 0.165070
v 0.017106 -0.018764 0.140918
v 0.017106 0.018764 0.140918
v 0.017148 -0.018810 0.145850
v 0.017145 -0.015630 0.165480
v 0.017145 0.015630 0.165480
v 0.017148 0.018810 0.145850
v 0.017167 -0.016392 0.165373
v 0.017167 0.016392 0.165373
v 0.017215 -0.018884 0.141026
v 0.017215 0.018884 0.141026
v 0.017228 -0.017228 0.164858
v 0.017228 0.017228 0.164858
v 0.017235 -0.018906 0.145763
v 0.017235 0.018906 0.145763
v 0.017253 -0.017253 0.140880
v 0.017253 0.017253 0.140880
v 0.017293 -0.018970 0.145633
v 0.017288 -0.018964 0.141189
v 0.017286 -0.016505 0.145880
v 0.017286 -0.016505 0.146780
v 0.017286 0.016505 0.145880
v 0.017286 0.016505 0.146780
v 0.017288 0.018964 0.141189
v 0.017293 0.018970 0.145633
v 0.017314 -0.018993 0.141380
v 0.017314 -0.018993 0.145480
v 0.017314 0.018993 0.141380
v 0.017314 0.018993 0.145480
v 0.017319 -0.017319 0.164616
v 0.017319 0.017319 0.164616
v 0.017342 -0.016559 0.165244
v 0.017342 0.016559 0.165244
v 0.017347 -0.015814 0.165453
v 0.017351 -0.015098 0.146380
v 0.017351 -0.015098 0.163880
v 0.017351 0.015098 0.146380
v 0.017351 0.015098 0.163880
v 0.017347 0.015814 0.165453
v 0.017358 -0.016574 0.141280
v 0.017358 -0.016574 0.145580
v 0.017358 0.016574 0.141280
v 0.017358 0.016574 0.145580
v 0.017376 -0.017376 0.164353
v 0.017376 0.017376 0.164353
v 0.017395 -0.017395 0.146780
v 0.017395 -0.017395 0.147080
v 0.017395 -0.017395 0.147980
v 0.017395 -0.017395 0.155180
v 0.017395 -0.017395 0.162380
v 0.017395 -0.017395 0.163280
v 0.017395 -0.017395 0.164080
v 0.017395 0.017395 0.146780
v 0.017395 0.017395 0.147080
v 0.017395 0.017395 0.163280
v 0.017395 0.017395 0.164080
v 0.017403 -0.018226 0.140880
v 0.017403 0.018226 0.140880
v 0.017472 -0.018298 0.145880
v 0.017472 0.018298 0.145880
v 0.017495 -0.016705 0.165070
v 0.017501 -0.015230 0.165480
v 0.017501 0.015230 0.165480
v 0.017495 0.016705 0.165070
v 0.017535 -0.018364 0.140918
v 0.017535 0.018364 0.140918
v 0.017541 -0.015991 0.165373
v 0.017541 0.015991 0.165373
v 0.017578 -0.018409 0.145850
v 0.017578 0.018409 0.145850
v 0.017621 -0.016825 0.164858
v 0.017621 0.016825 0.164858
v 0.017647 -0.018482 0.141026
v 0.017647 -0.016850 0.140880
v 0.017647 0.016850 0.140880
v 0.017647 0.018482 0.141026
v 0.017662 -0.016101 0.145880
v 0.017662 -0.016101 0.146780
v 0.017662 0.016101 0.145880
v 0.017662 0.016101 0.146780
v 0.017667 -0.018503 0.145763
v 0.017667 0.018503 0.145763
v 0.017695 -0.014693 0.146380
v 0.017695 -0.014693 0.163880
v 0.017695 0.014693 0.146380
v 0.017695 0.014693 0.163880
v 0.017715 -0.016915 0.164616
v 0.017707 -0.015409 0.165453
v 0.017707 0.015409 0.165453
v 0.017715 0.016915 0.164616
v 0.017722 -0.018560 0.141189
v 0.017720 -0.016154 0.165244
v 0.017720 0.016154 0.165244
v 0.017722 0.018560 0.141189
v 0.017727 -0.018566 0.145633
v 0.017727 0.018566 0.145633
v 0.017736 -0.016169 0.141280
v 0.017736 -0.016169 0.145580
v 0.017736 0.016169 0.141280
v 0.017736 0.016169 0.145580
v 0.017745 0.017745 0.147980
v 0.017745 0.017745 0.155180
v 0.017745 0.017745 0.162380
v 0.017748 -0.018588 0.141380
v 0.017748 -0.018588 0.145480
v 0.017748 0.018588 0.141380
v 0.017748 0.018588 0.145480
v 0.017773 -0.016970 0.164353
v 0.017773 0.016970 0.164353
v 0.017792 -0.016988 0.146780
v 0.017792 -0.016988 0.147080
v 0.017792 -0.016988 0.163280
v 0.017792 -0.016988 0.164080
v 0.017792 0.016988 0.146780
v 0.017792 0.016988 0.147080
v 0.017792 0.016988 0.163280
v 0.017792 0.016988 0.164080
v 0.017819 -0.017819 0.140880
v 0.017819 0.017819 0.140880
v 0.017849 -0.014821 0.165480
v 0.017849 0.014821 0.165480
v 0.017877 -0.016297 0.165070
v 0.017877 0.016297 0.165070
v 0.017890 -0.017890 0.145880
v 0.017890 0.017890 0.145880
v 0.017906 -0.015581 0.165373
v 0.017906 0.015581 0.165373
v 0.017954 -0.017954 0.140918
v 0.017954 0.017954 0.140918
v 0.017998 -0.017998 0.145850
v 0.017998 0.017998 0.145850
v 0.018005 -0.016414 0.164858
v 0.018011 -0.014781 0.152021
v 0.018011 -0.014781 0.154221
v 0.018011 0.014781 0.148739
v 0.018011 0.014781 0.150939
v 0.018011 0.014781 0.152939
v 0.018011 0.014781 0.155139
v 0.018005 0.016414 0.164858
v 0.018032 -0.016438 0.140880
v 0.018030 -0.015689 0.145880
v 0.018030 -0.015689 0.146780
v 0.018029 -0.014281 0.146380
v 0.018029 -0.014281 0.163880
v 0.018029 0.014281 0.146380
v 0.018029 0.014281 0.163880
v 0.018030 0.015689 0.145880
v 0.018030 0.015689 0.146780
v 0.018032 0.016438 0.140880
v 0.018059 -0.014996 0.165453
v 0.018059 0.014996 0.165453
v 0.018069 -0.018069 0.141026
v 0.018069 0.018069 0.141026
v 0.018090 -0.018090 0.145763
v 0.018088 -0.015740 0.165244
v 0.018088 0.015740 0.165244
v 0.018090 0.018090 0.145763
v 0.018101 -0.016501 0.164616
v 0.018105 -0.015755 0.141280
v 0.018105 -0.015755 0.145580
v 0.018105 0.015755 0.141280
v 0.018105 0.015755 0.145580
v 0.018101 0.016501 0.164616
v 0.018126 -0.012111 0.152746
v 0.018126 -0.012111 0.153626
v 0.018126 0.012111 0.153534
v 0.018126 0.012111 0.154414
v 0.018146 -0.018146 0.141189
v 0.018151 -0.018151 0.145633
v 0.018150 -0.017330 0.147980
v 0.018150 -0.017330 0.155180
v 0.018150 -0.017330 0.162380
v 0.018146 0.018146 0.141189
v 0.018151 0.018151 0.145633
v 0.018160 -0.016555 0.164353
v 0.018160 0.016555 0.164353
v 0.018173 -0.018173 0.141380
v 0.018173 -0.018173 0.145480
v 0.018173 0.018173 0.141380
v 0.018173 0.018173 0.145480
v 0.018180 -0.016573 0.146780
v 0.018180 -0.016573 0.147080
v 0.018180 -0.016573 0.163280
v 0.018180 -0.016573 0.164080
v 0.018180 0.016573 0.146780
v 0.018180 0.016573 0.147080
v 0.018180 0.016573 0.163280
v 0.018180 0.016573 0.164080
v 0.018186 -0.014405 0.165480
v 0.018186 0.014405 0.165480
v 0.018226 -0.017403 0.140880
v 0.018226 0.017403 0.140880
v 0.018248 -0.015879 0.165070
v 0.018248 0.015879 0.165070
v 0.018261 -0.015164 0.165373
v 0.018261 0.015164 0.165373
v 0.018298 -0.017472 0.145880
v 0.018298 0.017472 0.145880
v 0.018344 0.012257 0.149334
v 0.018344 0.012257 0.150214
v 0.018354 -0.013861 0.146380
v 0.018354 -0.013861 0.163880
v 0.018354 0.013861 0.146380
v 0.018354 0.013861 0.163880
v 0.018364 -0.017535 0.140918
v 0.018364 0.017535 0.140918
v 0.018380 -0.015994 0.164858
v 0.018380 0.015994 0.164858
v 0.018387 -0.015268 0.145880
v 0.018387 -0.015268 0.146780
v 0.018387 0.015268 0.145880
v 0.018387 0.015268 0.146780
v 0.018400 -0.014575 0.165453
v 0.018400 0.014575 0.165453
v 0.018409 -0.017578 0.145850
v 0.018407 -0.016017 0.140880
v 0.018407 0.016017 0.140880
v 0.018409 0.017578 0.145850
v 0.018443 0.017610 0.147980
v 0.018443 0.017610 0.155180
v 0.018443 0.017610 0.162380
v 0.018447 -0.015318 0.165244
v 0.018447 0.015318 0.165244
v 0.018464 -0.015332 0.141280
v 0.018464 -0.015332 0.145580
v 0.018464 0.015332 0.141280
v 0.018464 0.015332 0.145580
v 0.018482 -0.017647 0.141026
v 0.018477 -0.016079 0.164616
v 0.018477 0.016079 0.164616
v 0.018482 0.017647 0.141026
v 0.018503 -0.017667 0.145763
v 0.018503 0.017667 0.145763
v 0.018514 -0.013981 0.165480
v 0.018514 0.013981 0.165480
v 0.018537 -0.016131 0.164353
v 0.018537 0.016131 0.164353
v 0.018560 -0.017722 0.141189
v 0.018558 -0.016149 0.146780
v 0.018558 -0.016149 0.147080
v 0.018558 -0.016149 0.163280
v 0.018558 -0.016149 0.164080
v 0.018558 0.016149 0.146780
v 0.018558 0.016149 0.147080
v 0.018558 0.016149 0.163280
v 0.018558 0.016149 0.164080
v 0.018560 0.017722 0.141189
v 0.018566 -0.017727 0.145633
v 0.018566 0.017727 0.145633
v 0.018588 -0.017748 0.141380
v 0.018588 -0.017748 0.145480
v 0.018588 0.017748 0.141380
v 0.018588 0.017748 0.145480
v 0.018610 -0.015454 0.165070
v 0.018606 -0.014738 0.165373
v 0.018606 0.014738 0.165373
v 0.018610 0.015454 0.165070
v 0.018623 -0.016977 0.140880
v 0.018623 0.016977 0.140880
v 0.018670 -0.013433 0.146380
v 0.018670 -0.013433 0.163880
v 0.018670 0.013433 0.146380
v 0.018670 0.013433 0.163880
v 0.018697 -0.017044 0.145880
v 0.018697 0.017044 0.145880
v 0.018735 -0.014840 0.145880
v 0.018735 -0.014840 0.146780
v 0.018732 -0.014146 0.165453
v 0.018732 0.014146 0.165453
v 0.018735 0.014840 0.145880
v 0.018735 0.014840 0.146780
v 0.018744 -0.015565 0.164858
v 0.018744 0.015565 0.164858
v 0.018764 -0.017106 0.140918
v 0.018764 0.017106 0.140918
v 0.018772 -0.015588 0.140880
v 0.018772 0.015588 0.140880
v 0.018796 -0.014888 0.165244
v 0.018796 0.014888 0.165244
v 0.018810 -0.017148 0.145850
v 0.018813 -0.014902 0.141280
v 0.018813 -0.014902 0.145580
v 0.018813 0.014902 0.141280
v 0.018813 0.014902 0.145580
v 0.018810 0.017148 0.145850
v 0.018832 -0.013550 0.165480
v 0.018832 0.013550 0.165480
v 0.018845 -0.017179 0.147980
v 0.018845 -0.017179 0.155180
v 0.018845 -0.017179 0.162380
v 0.018844 -0.015648 0.164616
v 0.018844 0.015648 0.164616
v 0.018845 0.017179 0.147980
v 0.018845 0.017179 0.155180
v 0.018845 0.017179 0.162380
v 0.018884 -0.017215 0.141026
v 0.018884 0.017215 0.141026
v 0.018905 -0.015698 0.164353
v 0.018905 0.015698 0.164353
v 0.018906 -0.017235 0.145763
v 0.018906 0.017235 0.145763
v 0.018926 -0.015716 0.146780
v 0.018926 -0.015716 0.147080
v 0.018926 -0.015716 0.163280
v 0.018926 -0.015716 0.164080
v 0.018926 0.015716 0.146780
v 0.018926 0.015716 0.147080
v 0.018926 0.015716 0.147980
v 0.018926 0.015716 0.155180
v 0.018926 0.015716 0.162380
v 0.018926 0.015716 0.163280
v 0.018926 0.015716 0.164080
v 0.018931 0.016474 0.147980
v 0.018931 0.016474 0.155180
v 0.018931 0.016474 0.162380
v 0.018942 -0.014304 0.165373
v 0.018942 0.014304 0.165373
v 0.018964 -0.017288 0.141189
v 0.018962 -0.015020 0.165070
v 0.018962 0.015020 0.165070
v 0.018964 0.017288 0.141189
v 0.018970 -0.017293 0.145633
v 0.018975 -0.012998 0.146380
v 0.018975 -0.012998 0.163880
v 0.018975 0.012998 0.146380
v 0.018975 0.012998 0.163880
v 0.018970 0.017293 0.145633
v 0.018993 -0.017314 0.141380
v 0.018993 -0.017314 0.145480
v 0.018993 0.017314 0.141380
v 0.018993 0.017314 0.145480
v 0.019010 -0.016542 0.140880
v 0.019010 0.016542 0.140880
v 0.019054 -0.013709 0.165453
v 0.019054 0.013709 0.165453
v 0.019073 -0.014403 0.145880
v 0.019073 -0.014403 0.146780
v 0.019073 0.014403 0.145880
v 0.019073 0.014403 0.146780
v 0.019086 -0.016608 0.145880
v 0.019086 0.016608 0.145880
v 0.019099 -0.015128 0.164858
v 0.019099 0.015128 0.164858
v 0.019127 -0.015150 0.140880
v 0.019135 -0.014450 0.165244
v 0.019135 0.014450 0.165244
v 0.019127 0.015150 0.140880
v 0.019140 -0.013111 0.165480
v 0.019140 0.013111 0.165480
v 0.019155 -0.016668 0.140918
v 0.019152 -0.014463 0.141280
v 0.019152 -0.014463 0.145580
v 0.019152 0.014463 0.141280
v 0.019152 0.014463 0.145580
v 0.019155 0.016668 0.140918
v 0.019201 -0.016709 0.145850
v 0.019200 -0.015208 0.164616
v 0.019200 0.015208 0.164616
v 0.019201 0.016709 0.145850
v 0.019226 -0.010276 0.152812
v 0.019226 -0.010276 0.153692
v 0.019226 0.010276 0.153468
v 0.019226 0.010276 0.154348
v 0.019237 -0.016739 0.147980
v 0.019237 -0.016739 0.155180
v 0.019237 -0.016739 0.162380
v 0.019262 -0.015258 0.164353
v 0.019262 0.015258 0.164353
v 0.019267 -0.013863 0.165373
v 0.019270 -0.012556 0.146380
v 0.019270 -0.012556 0.163880
v 0.019270 0.012556 0.146380
v 0.019270 0.012556 0.163880
v 0.019267 0.013863 0.165373
v 0.019277 -0.016775 0.141026
v 0.019284 -0.015274 0.146780
v 0.019284 -0.015274 0.147080
v 0.019284 -0.015274 0.147980
v 0.019284 -0.015274 0.155180
v 0.019284 -0.015274 0.162380
v 0.019284 -0.015274 0.163280
v 0.019284 -0.015274 0.164080
v 0.019284 0.015274 0.146780
v 0.019284 0.015274 0.147080
v 0.019284 0.015274 0.147980
v 0.019284 0.015274 0.155180
v 0.019284 0.015274 0.162380
v 0.019284 0.015274 0.163280
v 0.019284 0.015274 0.164080
v 0.019277 0.016775 0.141026
v 0.019299 -0.016794 0.145763
v 0.019304 -0.014578 0.165070
v 0.019304 0.014578 0.165070
v 0.019299 0.016794 0.145763
v 0.019306 -0.016032 0.147980
v 0.019306 -0.016032 0.155180
v 0.019306 -0.016032 0.162380
v 0.019359 -0.016846 0.141189
v 0.019364 -0.016851 0.145633
v 0.019359 0.016846 0.141189
v 0.019364 0.016851 0.145633
v 0.019365 -0.013266 0.165453
v 0.019373 -0.012945 0.152086
v 0.019373 -0.012945 0.154286
v 0.019373 0.012945 0.148674
v 0.019373 0.012945 0.150874
v 0.019373 0.012945 0.152874
v 0.019373 0.012945 0.155074
v 0.019365 0.013266 0.165453
v 0.019387 -0.016871 0.141380
v 0.019387 -0.016871 0.145480
v 0.019387 -0.016099 0.140880
v 0.019387 0.016099 0.140880
v 0.019387 0.016871 0.141380
v 0.019387 0.016871 0.145480
v 0.019400 -0.013959 0.145880
v 0.019400 -0.013959 0.146780
v 0.019400 0.013959 0.145880
v 0.019400 0.013959 0.146780
v 0.019443 -0.014683 0.164858
v 0.019438 -0.012666 0.165480
v 0.019438 0.012666 0.165480
v 0.019443 0.014683 0.164858
v 0.019464 -0.016163 0.145880
v 0.019463 -0.014004 0.165244
v 0.019463 0.014004 0.165244
v 0.019464 0.016163 0.145880
v 0.019472 -0.014704 0.140880
v 0.019472 0.014704 0.140880
v 0.019481 -0.014017 0.141280
v 0.019481 -0.014017 0.145580
v 0.019481 0.014017 0.141280
v 0.019481 0.014017 0.145580
v 0.019534 -0.016221 0.140918
v 0.019534 0.016221 0.140918
v 0.019546 -0.014761 0.164616
v 0.019555 -0.012108 0.146380
v 0.019555 -0.012108 0.163880
v 0.019555 0.012108 0.146380
v 0.019555 0.012108 0.163880
v 0.019546 0.014761 0.164616
v 0.019582 -0.016261 0.145850
v 0.019582 -0.013414 0.165373
v 0.019582 0.013414 0.165373
v 0.019582 0.016261 0.145850
v 0.019595 0.010474 0.149268
v 0.019595 0.010474 0.150148
v 0.019610 -0.014809 0.164353
v 0.019610 0.014809 0.164353
v 0.019631 -0.014825 0.146780
v 0.019631 -0.014825 0.147080
v 0.019631 -0.014825 0.147980
v 0.019631 -0.014825 0.155180
v 0.019631 -0.014825 0.162380
v 0.019631 -0.014825 0.163280
v 0.019631 -0.014825 0.164080
v 0.019631 0.014825 0.146780
v 0.019631 0.014825 0.147080
v 0.019631 0.014825 0.147980
v 0.019631 0.014825 0.155180
v 0.019631 0.014825 0.162380
v 0.019631 0.014825 0.163280
v 0.019631 0.014825 0.164080
v 0.019636 -0.014128 0.165070
v 0.019636 0.014128 0.165070
v 0.019659 -0.016325 0.141026
v 0.019659 0.016325 0.141026
v 0.019667 -0.012815 0.165453
v 0.019667 0.012815 0.165453
v 0.019682 -0.016344 0.145763
v 0.019682 0.016344 0.145763
v 0.019717 -0.013507 0.145880
v 0.019717 -0.013507 0.146780
v 0.019717 0.013507 0.145880
v 0.019717 0.013507 0.146780
v 0.019725 -0.012213 0.165480
v 0.019725 0.012213 0.165480
v 0.019743 -0.016394 0.141189
v 0.019743 0.016394 0.141189
v 0.019748 -0.016399 0.145633
v 0.019754 -0.015647 0.140880
v 0.019754 0.015647 0.140880
v 0.019748 0.016399 0.145633
v 0.019772 -0.016418 0.141380
v 0.019772 -0.016418 0.145480
v 0.019772 0.016418 0.141380
v 0.019772 0.016418 0.145480
v 0.019777 -0.014230 0.164858
v 0.019782 -0.013551 0.165244
v 0.019782 0.013551 0.165244
v 0.019777 0.014230 0.164858
v 0.019800 -0.013563 0.141280
v 0.019800 -0.013563 0.145580
v 0.019800 0.013563 0.141280
v 0.019800 0.013563 0.145580
v 0.019806 -0.014251 0.140880
v 0.019806 0.014251 0.140880
v 0.019832 -0.015709 0.145880
v 0.019829 -0.011653 0.146380
v 0.019829 -0.011653 0.163880
v 0.019829 0.011653 0.146380
v 0.019829 0.011653 0.163880
v 0.019832 0.015709 0.145880
v 0.019882 -0.014305 0.164616
v 0.019882 0.014305 0.164616
v 0.019887 -0.012958 0.165373
v 0.019887 0.012958 0.165373
v 0.019904 -0.015766 0.140918
v 0.019904 0.015766 0.140918
v 0.019952 -0.015804 0.145850
v 0.019947 -0.014352 0.164353
v 0.019947 0.014352 0.164353
v 0.019952 0.015804 0.145850
v 0.019957 -0.013671 0.165070
v 0.019957 -0.012357 0.165453
v 0.019957 0.012357 0.165453
v 0.019957 0.013671 0.165070
v 0.019968 -0.014367 0.146780
v 0.019968 -0.014367 0.147080
v 0.019968 -0.014367 0.147980
v 0.019968 -0.014367 0.155180
v 0.019968 -0.014367 0.162380
v 0.019968 -0.014367 0.163280
v 0.019968 -0.014367 0.164080
v 0.019968 0.014367 0.146780
v 0.019968 0.014367 0.147080
v 0.019968 0.014367 0.147980
v 0.019968 0.014367 0.155180
v 0.019968 0.014367 0.162380
v 0.019968 0.014367 0.163280
v 0.019968 0.014367 0.164080
v 0.020002 -0.011754 0.165480
v 0.020002 0.011754 0.165480
v 0.020024 -0.013048 0.145880
v 0.020024 -0.013048 0.146780
v 0.020024 0.013048 0.145880
v 0.020024 0.013048 0.146780
v 0.020031 -0.015866 0.141026
v 0.020031 0.015866 0.141026
v 0.020054 -0.015885 0.145763
v 0.020054 0.015885 0.145763
v 0.020089 -0.013090 0.165244
v 0.020093 -0.011192 0.146380
v 0.020093 -0.011192 0.163880
v 0.020093 0.011192 0.146380
v 0.020093 0.011192 0.163880
v 0.020089 0.013090 0.165244
v 0.020100 -0.013769 0.164858
v 0.020100 0.013769 0.164858
v 0.020110 -0.015186 0.140880
v 0.020108 -0.013102 0.141280
v 0.020108 -0.013102 0.145580
v 0.020108 0.013102 0.141280
v 0.020108 0.013102 0.145580
v 0.020110 0.015186 0.140880
v 0.020122 -0.015938 0.145633
v 0.020116 -0.015934 0.141189
v 0.020116 0.015934 0.141189
v 0.020122 0.015938 0.145633
v 0.020130 -0.013789 0.140880
v 0.020130 0.013789 0.140880
v 0.020141 -0.008342 0.152878
v 0.020141 -0.008342 0.153758
v 0.020141 0.008342 0.153403
v 0.020141 0.008342 0.154283
v 0.020146 -0.015957 0.141380
v 0.020146 -0.015957 0.145480
v 0.020146 0.015957 0.141380
v 0.020146 0.015957 0.145480
v 0.020181 -0.012495 0.165373
v 0.020181 0.012495 0.165373
v 0.020190 -0.015247 0.145880
v 0.020190 0.015247 0.145880
v 0.020207 -0.013842 0.164616
v 0.020207 0.013842 0.164616
v 0.020237 -0.011893 0.165453
v 0.020237 0.011893 0.165453
v 0.020263 -0.015302 0.140918
v 0.020263 0.015302 0.140918
v 0.020273 -0.013887 0.164353
v 0.020267 -0.013206 0.165070
v 0.020268 -0.011289 0.165480
v 0.020268 0.011289 0.165480
v 0.020267 0.013206 0.165070
v 0.020273 0.013887 0.164353
v 0.020295 -0.013902 0.146780
v 0.020295 -0.013902 0.147080
v 0.020295 -0.013902 0.147980
v 0.020295 -0.013902 0.155180
v 0.020295 -0.013902 0.162380
v 0.020295 -0.013902 0.163280
v 0.020295 -0.013902 0.164080
v 0.020295 0.013902 0.146780
v 0.020295 0.013902 0.147080
v 0.020295 0.013902 0.163280
v 0.020295 0.013902 0.164080
v 0.020312 -0.015339 0.145850
v 0.020312 0.015339 0.145850
v 0.020320 -0.012582 0.145880
v 0.020320 -0.012582 0.146780
v 0.020320 0.012582 0.145880
v 0.020320 0.012582 0.146780
v 0.020346 -0.010725 0.146380
v 0.020346 -0.010725 0.163880
v 0.020346 0.010725 0.146380
v 0.020346 0.010725 0.163880
v 0.020392 -0.015399 0.141026
v 0.020386 -0.012623 0.165244
v 0.020386 0.012623 0.165244
v 0.020392 0.015399 0.141026
v 0.020413 -0.013301 0.164858
v 0.020405 -0.012634 0.141280
v 0.020405 -0.012634 0.145580
v 0.020405 0.012634 0.141280
v 0.020405 0.012634 0.145580
v 0.020413 0.013301 0.164858
v 0.020416 -0.015417 0.145763
v 0.020416 0.015417 0.145763
v 0.020443 -0.013321 0.140880
v 0.020443 0.013321 0.140880
v 0.020455 -0.014718 0.140880
v 0.020464 -0.012026 0.165373
v 0.020464 0.012026 0.165373
v 0.020455 0.014718 0.140880
v 0.020485 -0.015469 0.145633
v 0.020479 -0.015465 0.141189
v 0.020479 0.015465 0.141189
v 0.020485 0.015469 0.145633
v 0.020509 -0.015488 0.141380
v 0.020509 -0.015488 0.145480
v 0.020507 -0.011422 0.165453
v 0.020507 0.011422 0.165453
v 0.020509 0.015488 0.141380
v 0.020509 0.015488 0.145480
v 0.020521 -0.013372 0.164616
v 0.020523 -0.010818 0.165480
v 0.020523 0.010818 0.165480
v 0.020521 0.013372 0.164616
v 0.020537 -0.014776 0.145880
v 0.020537 0.014776 0.145880
v 0.020549 -0.010984 0.152152
v 0.020549 -0.010984 0.154352
v 0.020549 0.010984 0.148608
v 0.020549 0.010984 0.150808
v 0.020549 0.010984 0.152808
v 0.020549 0.010984 0.155008
v 0.020567 -0.012734 0.165070
v 0.020567 0.012734 0.165070
v 0.020588 -0.013415 0.164353
v 0.020589 -0.010252 0.146380
v 0.020589 -0.010252 0.163880
v 0.020589 0.010252 0.146380
v 0.020589 0.010252 0.163880
v 0.020588 0.013415 0.164353
v 0.020611 -0.014830 0.140918
v 0.020611 -0.013430 0.146780
v 0.020611 -0.013430 0.147080
v 0.020611 -0.013430 0.163280
v 0.020611 -0.013430 0.164080
v 0.020605 -0.012109 0.145880
v 0.020605 -0.012109 0.146780
v 0.020605 0.012109 0.145880
v 0.020605 0.012109 0.146780
v 0.020611 0.013430 0.146780
v 0.020611 0.013430 0.147080
v 0.020611 0.013430 0.163280
v 0.020611 0.013430 0.164080
v 0.020611 0.014830 0.140918
v 0.020661 -0.014866 0.145850
v 0.020661 0.014866 0.145850
v 0.020672 -0.012148 0.165244
v 0.020672 0.008563 0.149203
v 0.020672 0.008563 0.150083
v 0.020672 0.012148 0.165244
v 0.020692 -0.012160 0.141280
v 0.020692 -0.012160 0.145580
v 0.020692 0.012160 0.141280
v 0.020692 0.012160 0.145580
v 0.020703 0.014182 0.147980
v 0.020703 0.014182 0.155180
v 0.020703 0.014182 0.162380
v 0.020715 -0.012826 0.164858
v 0.020715 0.012826 0.164858
v 0.020742 -0.014924 0.141026
v 0.020736 -0.011550 0.165373
v 0.020736 0.011550 0.165373
v 0.020742 0.014924 0.141026
v 0.020745 -0.012845 0.140880
v 0.020745 0.012845 0.140880
v 0.020766 -0.014941 0.145763
v 0.020765 -0.010945 0.165453
v 0.020768 -0.010341 0.165480
v 0.020768 0.010341 0.165480
v 0.020765 0.010945 0.165453
v 0.020766 0.014941 0.145763
v 0.020790 -0.014241 0.140880
v 0.020790 0.014241 0.140880
v 0.020825 -0.012894 0.164616
v 0.020820 -0.009774 0.146380
v 0.020820 -0.009774 0.163880
v 0.020820 0.009774 0.146380
v 0.020820 0.009774 0.163880
v 0.020825 0.012894 0.164616
v 0.020830 -0.014988 0.141189
v 0.020830 0.014988 0.141189
v 0.020837 -0.014992 0.145633
v 0.020837 0.014992 0.145633
v 0.020861 -0.015010 0.141380
v 0.020861 -0.015010 0.145480
v 0.020855 -0.012256 0.165070
v 0.020861 -0.006328 0.152943
v 0.020861 -0.006328 0.153823
v 0.020861 0.006328 0.153337
v 0.020861 0.006328 0.154217
v 0.020855 0.012256 0.165070
v 0.020861 0.015010 0.141380
v 0.020861 0.015010 0.145480
v 0.020872 -0.014298 0.145880
v 0.020872 0.014298 0.145880
v 0.020880 -0.011630 0.145880
v 0.020880 -0.011630 0.146780
v 0.020880 0.011630 0.145880
v 0.020880 0.011630 0.146780
v 0.020892 -0.012936 0.164353
v 0.020892 0.012936 0.164353
v 0.020915 -0.012950 0.146780
v 0.020915 -0.012950 0.147080
v 0.020915 -0.012950 0.163280
v 0.020915 -0.012950 0.164080
v 0.020915 0.012950 0.146780
v 0.020915 0.012950 0.147080
v 0.020915 0.012950 0.163280
v 0.020915 0.012950 0.164080
v 0.020948 -0.014350 0.140918
v 0.020948 -0.011668 0.165244
v 0.020948 0.011668 0.165244
v 0.020948 0.014350 0.140918
v 0.020967 -0.011679 0.141280
v 0.020967 -0.011679 0.145580
v 0.020967 0.011679 0.141280
v 0.020967 0.011679 0.145580
v 0.020999 -0.014384 0.145850
v 0.020997 -0.011068 0.165373
v 0.021001 -0.009859 0.165480
v 0.021001 0.009859 0.165480
v 0.020997 0.011068 0.165373
v 0.020999 0.014384 0.145850
v 0.021005 -0.012344 0.164858
v 0.021012 -0.010463 0.165453
v 0.021012 0.010463 0.165453
v 0.021005 0.012344 0.164858
v 0.021025 -0.013700 0.147980
v 0.021025 -0.013700 0.155180
v 0.021025 -0.013700 0.162380
v 0.021036 -0.012362 0.140880
v 0.021040 -0.009290 0.146380
v 0.021040 -0.009290 0.163880
v 0.021040 0.009290 0.146380
v 0.021040 0.009290 0.163880
v 0.021036 0.012362 0.140880
v 0.021082 -0.014441 0.141026
v 0.021082 0.014441 0.141026
v 0.021106 -0.014458 0.145763
v 0.021113 -0.013757 0.140880
v 0.021113 0.013757 0.140880
v 0.021106 0.014458 0.145763
v 0.021117 -0.012410 0.164616
v 0.021117 0.012410 0.164616
v 0.021133 -0.011771 0.165070
v 0.021133 0.011771 0.165070
v 0.021143 -0.011144 0.145880
v 0.021143 -0.011144 0.146780
v 0.021143 0.011144 0.145880
v 0.021143 0.011144 0.146780
v 0.021171 -0.014502 0.141189
v 0.021171 0.014502 0.141189
v 0.021177 -0.014507 0.145633
v 0.021177 0.014507 0.145633
v 0.021186 -0.012450 0.164353
v 0.021186 0.012450 0.164353
v 0.021202 -0.014524 0.141380
v 0.021202 -0.014524 0.145480
v 0.021197 -0.013812 0.145880
v 0.021197 0.013812 0.145880
v 0.021202 0.014524 0.141380
v 0.021202 0.014524 0.145480
v 0.021209 -0.012464 0.146780
v 0.021209 -0.012464 0.147080
v 0.021209 -0.012464 0.163280
v 0.021209 -0.012464 0.164080
v 0.021211 -0.011181 0.165244
v 0.021211 0.011181 0.165244
v 0.021209 0.012464 0.146780
v 0.021209 0.012464 0.147080
v 0.021209 0.012464 0.163280
v 0.021209 0.012464 0.164080
v 0.021223 -0.009371 0.165480
v 0.021223 0.009371 0.165480
v 0.021231 -0.011191 0.141280
v 0.021231 -0.011191 0.145580
v 0.021231 0.011191 0.141280
v 0.021231 0.011191 0.145580
v 0.021247 -0.010580 0.165373
v 0.021248 -0.009975 0.165453
v 0.021249 -0.008802 0.146380
v 0.021249 -0.008802 0.163880
v 0.021249 0.008802 0.146380
v 0.021249 0.008802 0.163880
v 0.021248 0.009975 0.165453
v 0.021247 0.010580 0.165373
v 0.021274 -0.013862 0.140918
v 0.021274 0.013862 0.140918
v 0.021285 -0.011856 0.164858
v 0.021285 0.011856 0.164858
v 0.021316 -0.011873 0.140880
v 0.021316 0.011873 0.140880
v 0.021325 -0.013896 0.145850
v 0.021325 0.013896 0.145850
v 0.021365 0.013921 0.147980
v 0.021365 0.013921 0.155180
v 0.021365 0.013921 0.162380
v 0.021381 -0.004253 0.153009
v 0.021381 -0.004253 0.153889
v 0.021381 0.004253 0.153271
v 0.021381 0.004253 0.154151
v 0.021394 -0.010653 0.145880
v 0.021394 -0.010653 0.146780
v 0.021394 0.010653 0.145880
v 0.021394 0.010653 0.146780
v 0.021398 -0.011919 0.164616
v 0.021399 -0.011280 0.165070
v 0.021399 0.011280 0.165070
v 0.021398 0.011919 0.164616
v 0.021410 -0.013950 0.141026
v 0.021410 0.013950 0.141026
v 0.021434 -0.013966 0.145763
v 0.021425 -0.013266 0.140880
v 0.021434 -0.008878 0.165480
v 0.021434 0.008878 0.165480
v 0.021425 0.013266 0.140880
v 0.021434 0.013966 0.145763
v 0.021447 -0.008309 0.146380
v 0.021447 -0.008309 0.163880
v 0.021447 0.008309 0.146380
v 0.021447 0.008309 0.163880
v 0.021464 -0.010688 0.165244
v 0.021464 0.010688 0.165244
v 0.021468 -0.011957 0.164353
v 0.021473 -0.009481 0.165453
v 0.021473 0.009481 0.165453
v 0.021468 0.011957 0.164353
v 0.021484 -0.010698 0.141280
v 0.021484 -0.010698 0.145580
v 0.021484 0.010698 0.141280
v 0.021484 0.010698 0.145580
v 0.021491 -0.011970 0.146780
v 0.021491 -0.011970 0.147080
v 0.021491 -0.011970 0.163280
v 0.021491 -0.011970 0.164080
v 0.021486 -0.010086 0.165373
v 0.021486 0.010086 0.165373
v 0.021491 0.011970 0.146780
v 0.021491 0.011970 0.147080
v 0.021491 0.011970 0.147980
v 0.021491 0.011970 0.155180
v 0.021491 0.011970 0.162380
v 0.021491 0.011970 0.163280
v 0.021491 0.011970 0.164080
v 0.021500 -0.014010 0.141189
v 0.021500 0.014010 0.141189
v 0.021507 -0.014014 0.145633
v 0.021510 -0.013319 0.145880
v 0.021510 0.013319 0.145880
v 0.021507 0.014014 0.145633
v 0.021532 -0.014030 0.141380
v 0.021532 -0.014030 0.145480
v 0.021526 -0.008917 0.152218
v 0.021526 -0.008917 0.154418
v 0.021526 0.008917 0.148543
v 0.021526 0.008917 0.150743
v 0.021526 0.008917 0.152743
v 0.021526 0.008917 0.154943
v 0.021532 0.014030 0.141380
v 0.021532 0.014030 0.145480
v 0.021553 -0.011361 0.164858
v 0.021553 0.011361 0.164858
v 0.021561 0.006540 0.149137
v 0.021561 0.006540 0.150017
v 0.021585 -0.011378 0.140880
v 0.021585 0.011378 0.140880
v 0.021588 -0.013367 0.140918
v 0.021588 0.013367 0.140918
v 0.021635 -0.010156 0.145880
v 0.021635 -0.010156 0.146780
v 0.021633 -0.008381 0.165480
v 0.021633 -0.007811 0.146380
v 0.021633 -0.007811 0.163880
v 0.021633 0.007811 0.146380
v 0.021633 0.007811 0.163880
v 0.021633 0.008381 0.165480
v 0.021635 0.010156 0.145880
v 0.021635 0.010156 0.146780
v 0.021641 -0.013399 0.145850
v 0.021636 0.012714 0.147980
v 0.021636 0.012714 0.155180
v 0.021636 0.012714 0.162380
v 0.021641 0.013399 0.145850
v 0.021654 -0.010782 0.165070
v 0.021654 0.010782 0.165070
v 0.021668 -0.011421 0.164616
v 0.021668 0.011421 0.164616
v 0.021681 -0.013424 0.147980
v 0.021681 -0.013424 0.155180
v 0.021681 -0.013424 0.162380
v 0.021681 0.013424 0.147980
v 0.021681 0.013424 0.155180
v 0.021681 0.013424 0.162380
v 0.021686 -0.008983 0.165453
v 0.021686 0.008983 0.165453
v 0.021695 -0.002137 0.153074
v 0.021695 -0.002137 0.153954
v 0.021695 0.002137 0.153206
v 0.021695 0.002137 0.154086
v 0.021705 -0.010189 0.165244
v 0.021713 -0.009587 0.165373
v 0.021713 0.009587 0.165373
v 0.021705 0.010189 0.165244
v 0.021726 -0.013452 0.141026
v 0.021726 -0.012768 0.140880
v 0.021725 -0.010199 0.141280
v 0.021725 -0.010199 0.145580
v 0.021725 0.010199 0.141280
v 0.021725 0.010199 0.145580
v 0.021726 0.012768 0.140880
v 0.021726 0.013452 0.141026
v 0.021738 -0.011458 0.164353
v 0.021738 0.011458 0.164353
v 0.021751 -0.013468 0.145763
v 0.021751 0.013468 0.145763
v 0.021762 -0.011471 0.146780
v 0.021762 -0.011471 0.147080
v 0.021762 -0.011471 0.147980
v 0.021762 -0.011471 0.155180
v 0.021762 -0.011471 0.162380
v 0.021762 -0.011471 0.163280
v 0.021762 -0.011471 0.164080
v 0.021762 0.011471 0.146780
v 0.021762 0.011471 0.147080
v 0.021762 0.011471 0.147980
v 0.021762 0.011471 0.155180
v 0.021762 0.011471 0.162380
v 0.021762 0.011471 0.163280
v 0.021762 0.011471 0.164080
v 0.021800 -0.000000 0.153140
v 0.021800 -0.000000 0.154020
v 0.021812 -0.012818 0.145880
v 0.021810 -0.010860 0.164858
v 0.021808 -0.007309 0.146380
v 0.021808 -0.007309 0.163880
v 0.021808 0.007309 0.146380
v 0.021808 0.007309 0.163880
v 0.021810 0.010860 0.164858
v 0.021812 0.012818 0.145880
v 0.021818 -0.013509 0.141189
v 0.021825 -0.013513 0.145633
v 0.021821 -0.007879 0.165480
v 0.021821 0.007879 0.165480
v 0.021818 0.013509 0.141189
v 0.021825 0.013513 0.145633
v 0.021842 -0.010876 0.140880
v 0.021842 0.010876 0.140880
v 0.021851 -0.013529 0.141380
v 0.021851 -0.013529 0.145480
v 0.021851 0.013529 0.141380
v 0.021851 0.013529 0.145480
v 0.021864 -0.009654 0.145880
v 0.021864 -0.009654 0.146780
v 0.021864 0.009654 0.145880
v 0.021864 0.009654 0.146780
v 0.021891 -0.012865 0.140918
v 0.021888 -0.008479 0.165453
v 0.021888 0.008479 0.165453
v 0.021891 0.012865 0.140918
v 0.021897 -0.010279 0.165070
v 0.021897 0.010279 0.165070
v 0.021924 -0.012211 0.147980
v 0.021924 -0.012211 0.155180
v 0.021924 -0.012211 0.162380
v 0.021926 -0.010918 0.164616
v 0.021935 -0.009685 0.165244
v 0.021929 -0.009083 0.165373
v 0.021929 0.009083 0.165373
v 0.021935 0.009685 0.165244
v 0.021926 0.010918 0.164616
v 0.021944 -0.012896 0.145850
v 0.021944 0.012896 0.145850
v 0.021955 -0.009694 0.141280
v 0.021955 -0.009694 0.145580
v 0.021955 0.009694 0.141280
v 0.021955 0.009694 0.145580
v 0.021971 -0.006804 0.146380
v 0.021971 -0.006804 0.163880
v 0.021971 0.006804 0.146380
v 0.021971 0.006804 0.163880
v 0.021985 -0.012920 0.147980
v 0.021985 -0.012920 0.155180
v 0.021985 -0.012920 0.162380
v 0.021997 -0.010953 0.164353
v 0.021997 -0.007373 0.165480
v 0.021997 0.007373 0.165480
v 0.021997 0.010953 0.164353
v 0.022015 -0.012262 0.140880
v 0.022021 -0.010965 0.146780
v 0.022021 -0.010965 0.147080
v 0.022021 -0.010965 0.147980
v 0.022021 -0.010965 0.155180
v 0.022021 -0.010965 0.162380
v 0.022021 -0.010965 0.163280
v 0.022021 -0.010965 0.164080
v 0.022021 0.010965 0.146780
v 0.022021 0.010965 0.147080
v 0.022021 0.010965 0.147980
v 0.022021 0.010965 0.155180
v 0.022021 0.010965 0.162380
v 0.022021 0.010965 0.163280
v 0.022021 0.010965 0.164080
v 0.022015 0.012262 0.140880
v 0.022031 -0.012947 0.141026
v 0.022031 0.012947 0.141026
v 0.022055 -0.010353 0.164858
v 0.022055 0.010353 0.164858
v 0.022056 -0.012962 0.145763
v 0.022056 0.012962 0.145763
v 0.022081 -0.009146 0.145880
v 0.022081 -0.009146 0.146780
v 0.022078 -0.007972 0.165453
v 0.022078 0.007972 0.165453
v 0.022081 0.009146 0.145880
v 0.022081 0.009146 0.146780
v 0.022087 -0.010369 0.140880
v 0.022087 0.010369 0.140880
v 0.022103 -0.012311 0.145880
v 0.022103 0.012311 0.145880
v 0.022124 -0.013002 0.141189
v 0.022122 -0.006294 0.146380
v 0.022122 -0.006294 0.163880
v 0.022122 0.006294 0.146380
v 0.022122 0.006294 0.163880
v 0.022124 0.013002 0.141189
v 0.022131 -0.013006 0.145633
v 0.022129 -0.009771 0.165070
v 0.022133 -0.008574 0.165373
v 0.022133 0.008574 0.165373
v 0.022129 0.009771 0.165070
v 0.022131 0.013006 0.145633
v 0.022153 -0.009176 0.165244
v 0.022153 0.009176 0.165244
v 0.022157 -0.013021 0.141380
v 0.022157 -0.013021 0.145480
v 0.022162 -0.006863 0.165480
v 0.022162 0.006863 0.165480
v 0.022157 0.013021 0.141380
v 0.022157 0.013021 0.145480
v 0.022172 -0.010408 0.164616
v 0.022173 -0.009184 0.141280
v 0.022173 -0.009184 0.145580
v 0.022173 0.009184 0.141280
v 0.022173 0.009184 0.145580
v 0.022172 0.010408 0.164616
v 0.022182 -0.012356 0.140918
v 0.022182 0.012356 0.140918
v 0.022236 -0.012386 0.145850
v 0.022244 -0.010442 0.164353
v 0.022244 0.010442 0.164353
v 0.022236 0.012386 0.145850
v 0.022252 0.004426 0.149071
v 0.022252 0.004426 0.149951
v 0.022256 -0.007460 0.165453
v 0.022261 -0.005782 0.146380
v 0.022261 -0.005782 0.163880
v 0.022261 0.005782 0.146380
v 0.022261 0.005782 0.163880
v 0.022256 0.007460 0.165453
v 0.022268 -0.010454 0.146780
v 0.022268 -0.010454 0.147080
v 0.022268 -0.010454 0.147980
v 0.022268 -0.010454 0.155180
v 0.022268 -0.010454 0.162380
v 0.022268 -0.010454 0.163280
v 0.022268 -0.010454 0.164080
v 0.022268 0.010454 0.146780
v 0.022268 0.010454 0.147080
v 0.022268 0.010454 0.147980
v 0.022268 0.010454 0.155180
v 0.022268 0.010454 0.162380
v 0.022268 0.010454 0.163280
v 0.022268 0.010454 0.164080
v 0.022293 -0.011751 0.140880
v 0.022288 -0.009841 0.164858
v 0.022286 -0.008634 0.145880
v 0.022286 -0.008634 0.146780
v 0.022286 0.008634 0.145880
v 0.022286 0.008634 0.146780
v 0.022288 0.009841 0.164858
v 0.022293 0.011751 0.140880
v 0.022297 -0.006764 0.152283
v 0.022297 -0.006764 0.154483
v 0.022297 0.006764 0.148477
v 0.022297 0.006764 0.150677
v 0.022297 0.006764 0.152677
v 0.022297 0.006764 0.154877
v 0.022314 -0.006349 0.165480
v 0.022314 0.006349 0.165480
v 0.022324 -0.012434 0.141026
v 0.022321 -0.009856 0.140880
v 0.022321 0.009856 0.140880
v 0.022324 0.012434 0.141026
v 0.022325 -0.008061 0.165373
v 0.022325 0.008061 0.165373
v 0.022350 -0.012449 0.145763
v 0.022349 -0.009257 0.165070
v 0.022349 0.009257 0.165070
v 0.022350 0.012449 0.145763
v 0.022359 -0.008662 0.165244
v 0.022359 0.008662 0.165244
v 0.022381 -0.011797 0.145880
v 0.022379 -0.008670 0.141280
v 0.022379 -0.008670 0.145580
v 0.022379 0.008670 0.141280
v 0.022379 0.008670 0.145580
v 0.022381 0.011797 0.145880
v 0.022389 -0.005266 0.146380
v 0.022389 -0.005266 0.163880
v 0.022389 0.005266 0.146380
v 0.022389 0.005266 0.163880
v 0.022406 -0.009893 0.164616
v 0.022406 0.009893 0.164616
v 0.022419 -0.012487 0.141189
v 0.022423 -0.006943 0.165453
v 0.022423 0.006943 0.165453
v 0.022419 0.012487 0.141189
v 0.022425 -0.012491 0.145633
v 0.022425 0.012491 0.145633
v 0.022452 -0.012506 0.141380
v 0.022452 -0.012506 0.145480
v 0.022452 0.012506 0.141380
v 0.022452 0.012506 0.145480
v 0.022462 -0.011840 0.140918
v 0.022455 -0.005832 0.165480
v 0.022455 0.005832 0.165480
v 0.022462 0.011840 0.140918
v 0.022479 -0.009926 0.164353
v 0.022480 -0.008117 0.145880
v 0.022480 -0.008117 0.146780
v 0.022480 0.008117 0.145880
v 0.022480 0.008117 0.146780
v 0.022479 0.009926 0.164353
v 0.022504 -0.009936 0.146780
v 0.022504 -0.009936 0.147080
v 0.022504 -0.009936 0.147980
v 0.022504 -0.009936 0.155180
v 0.022504 -0.009936 0.162380
v 0.022504 -0.009936 0.163280
v 0.022504 -0.009936 0.164080
v 0.022505 -0.004747 0.146380
v 0.022505 -0.004747 0.163880
v 0.022505 0.004747 0.146380
v 0.022505 0.004747 0.163880
v 0.022504 0.009936 0.146780
v 0.022504 0.009936 0.147080
v 0.022504 0.009936 0.163280
v 0.022504 0.009936 0.164080
v 0.022509 -0.009324 0.164858
v 0.022505 -0.007543 0.165373
v 0.022505 0.007543 0.165373
v 0.022509 0.009324 0.164858
v 0.022517 -0.011869 0.145850
v 0.022517 0.011869 0.145850
v 0.022543 -0.009337 0.140880
v 0.022543 0.009337 0.140880
v 0.022553 -0.008143 0.165244
v 0.022553 0.008143 0.165244
v 0.022558 -0.011233 0.140880
v 0.022556 -0.008738 0.165070
v 0.022556 0.008738 0.165070
v 0.022558 0.011233 0.140880
v 0.022574 -0.008151 0.141280
v 0.022574 -0.008151 0.145580
v 0.022574 0.008151 0.141280
v 0.022574 0.008151 0.145580
v 0.022577 -0.006424 0.165453
v 0.022584 -0.005312 0.165480
v 0.022584 0.005312 0.165480
v 0.022577 0.006424 0.165453
v 0.022605 -0.011916 0.141026
v 0.022608 -0.004226 0.146380
v 0.022608 -0.004226 0.163880
v 0.022608 0.004226 0.146380
v 0.022608 0.004226 0.163880
v 0.022605 0.011916 0.141026
v 0.022631 -0.011929 0.145763
v 0.022629 -0.009373 0.164616
v 0.022629 0.009373 0.164616
v 0.022631 0.011929 0.145763
v 0.022648 -0.011277 0.145880
v 0.022648 0.011277 0.145880
v 0.022661 -0.007595 0.145880
v 0.022661 -0.007595 0.146780
v 0.022661 0.007595 0.145880
v 0.022661 0.007595 0.146780
v 0.022674 -0.007021 0.165373
v 0.022674 0.007021 0.165373
v 0.022701 -0.011966 0.141189
v 0.022703 -0.009404 0.164353
v 0.022700 -0.004789 0.165480
v 0.022700 -0.003703 0.146380
v 0.022700 -0.003703 0.163880
v 0.022700 0.003703 0.146380
v 0.022700 0.003703 0.163880
v 0.022700 0.004789 0.165480
v 0.022703 0.009404 0.164353
v 0.022701 0.011966 0.141189
v 0.022708 -0.011970 0.145633
v 0.022708 0.011970 0.145633
v 0.022719 -0.008801 0.164858
v 0.022719 -0.005901 0.165453
v 0.022719 0.005901 0.165453
v 0.022719 0.008801 0.164858
v 0.022735 -0.011984 0.141380
v 0.022735 -0.011984 0.145480
v 0.022729 -0.011318 0.140918
v 0.022727 -0.009414 0.146780
v 0.022727 -0.009414 0.147080
v 0.022727 -0.009414 0.163280
v 0.022727 -0.009414 0.164080
v 0.022735 -0.007620 0.165244
v 0.022734 0.002239 0.149006
v 0.022734 0.002239 0.149886
v 0.022735 0.007620 0.165244
v 0.022727 0.009414 0.146780
v 0.022727 0.009414 0.147080
v 0.022727 0.009414 0.163280
v 0.022727 0.009414 0.164080
v 0.022729 0.011318 0.140918
v 0.022735 0.011984 0.141380
v 0.022735 0.011984 0.145480
v 0.022752 -0.008814 0.140880
v 0.022752 -0.008215 0.165070
v 0.022752 0.008215 0.165070
v 0.022752 0.008814 0.140880
v 0.022756 -0.007627 0.141280
v 0.022756 -0.007627 0.145580
v 0.022756 0.007627 0.141280
v 0.022756 0.007627 0.145580
v 0.022785 -0.011345 0.145850
v 0.022779 -0.003178 0.146380
v 0.022779 -0.003178 0.163880
v 0.022779 0.003178 0.146380
v 0.022779 0.003178 0.163880
v 0.022785 0.011345 0.145850
v 0.022805 -0.004263 0.165480
v 0.022805 0.004263 0.165480
v 0.022812 -0.010709 0.140880
v 0.022812 0.010709 0.140880
v 0.022830 -0.007070 0.145880
v 0.022830 -0.007070 0.146780
v 0.022830 -0.006496 0.165373
v 0.022830 0.006496 0.165373
v 0.022830 0.007070 0.145880
v 0.022830 0.007070 0.146780
v 0.022839 -0.008848 0.164616
v 0.022839 0.008848 0.164616
v 0.022850 -0.005374 0.165453
v 0.022852 -0.004546 0.152349
v 0.022852 -0.004546 0.154549
v 0.022847 -0.002651 0.146380
v 0.022847 -0.002651 0.163880
v 0.022847 0.002651 0.146380
v 0.022847 0.002651 0.163880
v 0.022852 0.004546 0.148411
v 0.022852 0.004546 0.150611
v 0.022852 0.004546 0.152611
v 0.022852 0.004546 0.154811
v 0.022850 0.005374 0.165453
v 0.022875 -0.011390 0.141026
v 0.022875 0.011390 0.141026
v 0.022901 -0.011403 0.145763
v 0.022902 -0.010751 0.145880
v 0.022905 -0.007093 0.165244
v 0.022897 -0.003735 0.165480
v 0.022902 -0.002122 0.146380
v 0.022902 -0.002122 0.163880
v 0.022902 0.002122 0.146380
v 0.022902 0.002122 0.163880
v 0.022897 0.003735 0.165480
v 0.022905 0.007093 0.165244
v 0.022902 0.010751 0.145880
v 0.022901 0.011403 0.145763
v 0.022914 -0.008877 0.164353
v 0.022914 0.008877 0.164353
v 0.022916 -0.008274 0.164858
v 0.022916 0.008274 0.164858
v 0.022926 -0.007099 0.141280
v 0.022926 -0.007099 0.145580
v 0.022926 0.007099 0.141280
v 0.022926 0.007099 0.145580
v 0.022939 -0.008887 0.146780
v 0.022939 -0.008887 0.147080
v 0.022939 -0.008887 0.163280
v 0.022939 -0.008887 0.164080
v 0.022936 -0.007687 0.165070
v 0.022945 -0.001593 0.146380
v 0.022945 -0.001593 0.163880
v 0.022945 0.001593 0.146380
v 0.022945 0.001593 0.163880
v 0.022936 0.007687 0.165070
v 0.022939 0.008887 0.146780
v 0.022939 0.008887 0.147080
v 0.022939 0.008887 0.163280
v 0.022939 0.008887 0.164080
v 0.022950 -0.008286 0.140880
v 0.022950 0.008286 0.140880
v 0.022957 0.010136 0.147980
v 0.022957 0.010136 0.155180
v 0.022957 0.010136 0.162380
v 0.022972 -0.011439 0.141189
v 0.022974 -0.005967 0.165373
v 0.022968 -0.004845 0.165453
v 0.022968 0.004845 0.165453
v 0.022974 0.005967 0.165373
v 0.022972 0.011439 0.141189
v 0.022978 -0.011442 0.145633
v 0.022985 -0.010790 0.140918
v 0.022978 -0.003205 0.165480
v 0.022975 -0.001062 0.146380
v 0.022975 -0.001062 0.163880
v 0.022976 0.000000 0.148940
v 0.022976 0.000000 0.149820
v 0.022975 0.001062 0.146380
v 0.022975 0.001062 0.163880
v 0.022978 0.003205 0.165480
v 0.022985 0.010790 0.140918
v 0.022978 0.011442 0.145633
v 0.022988 -0.006541 0.145880
v 0.022988 -0.006541 0.146780
v 0.022994 -0.000531 0.146380
v 0.022994 -0.000531 0.163880
v 0.022994 0.000531 0.146380
v 0.022994 0.000531 0.163880
v 0.022988 0.006541 0.145880
v 0.022988 0.006541 0.146780
v 0.023000 0.000000 0.146380
v 0.023000 0.000000 0.163880
v 0.023006 -0.011455 0.141380
v 0.023006 -0.011455 0.145480
v 0.023006 0.011455 0.141380
v 0.023006 0.011455 0.145480
v 0.023041 -0.010816 0.145850
v 0.023038 -0.008318 0.164616
v 0.023038 0.008318 0.164616
v 0.023041 0.010816 0.145850
v 0.023053 -0.010179 0.140880
v 0.023045 -0.002674 0.165480
v 0.023045 0.002674 0.165480
v 0.023053 0.010179 0.140880
v 0.023062 -0.006562 0.165244
v 0.023062 0.006562 0.165244
v 0.023073 -0.004313 0.165453
v 0.023073 0.004313 0.165453
v 0.023084 -0.006568 0.141280
v 0.023084 -0.006568 0.145580
v 0.023084 0.006568 0.141280
v 0.023084 0.006568 0.145580
v 0.023101 -0.007743 0.164858
v 0.023101 -0.002141 0.165480
v 0.023101 0.002141 0.165480
v 0.023101 0.007743 0.164858
v 0.023113 -0.008345 0.164353
v 0.023107 -0.007156 0.165070
v 0.023105 -0.005434 0.165373
v 0.023105 0.005434 0.165373
v 0.023107 0.007156 0.165070
v 0.023113 0.008345 0.164353
v 0.023132 -0.010859 0.141026
v 0.023133 -0.006008 0.145880
v 0.023133 -0.006008 0.146780
v 0.023133 0.006008 0.145880
v 0.023133 0.006008 0.146780
v 0.023132 0.010859 0.141026
v 0.023144 -0.010219 0.145880
v 0.023138 -0.008354 0.146780
v 0.023138 -0.008354 0.147080
v 0.023138 -0.008354 0.163280
v 0.023138 -0.008354 0.164080
v 0.023135 -0.007754 0.140880
v 0.023144 -0.001606 0.165480
v 0.023144 0.001606 0.165480
v 0.023135 0.007754 0.140880
v 0.023138 0.008354 0.146780
v 0.023138 0.008354 0.147080
v 0.023138 0.008354 0.163280
v 0.023138 0.008354 0.164080
v 0.023144 0.010219 0.145880
v 0.023158 -0.010871 0.145763
v 0.023158 0.010871 0.145763
v 0.023167 -0.003779 0.165453
v 0.023167 0.003779 0.165453
v 0.023185 -0.009603 0.147980
v 0.023185 -0.009603 0.155180
v 0.023185 -0.009603 0.162380
v 0.023175 -0.001071 0.165480
v 0.023175 0.001071 0.165480
v 0.023188 -0.002284 0.152414
v 0.023188 -0.002284 0.154614
v 0.023194 -0.000536 0.165480
v 0.023194 0.000536 0.165480
v 0.023188 0.002284 0.148346
v 0.023188 0.002284 0.150546
v 0.023188 0.002284 0.152546
v 0.023188 0.002284 0.154746
v 0.023200 0.000000 0.165480
v 0.023208 -0.006027 0.165244
v 0.023208 0.006027 0.165244
v 0.023224 -0.007784 0.164616
v 0.023225 -0.004899 0.165373
v 0.023225 0.004899 0.165373
v 0.023224 0.007784 0.164616
v 0.023230 -0.010905 0.141189
v 0.023228 -0.010256 0.140918
v 0.023229 -0.006033 0.141280
v 0.023229 -0.006033 0.145580
v 0.023229 0.006033 0.141280
v 0.023229 0.006033 0.145580
v 0.023228 0.010256 0.140918
v 0.023230 0.010905 0.141189
v 0.023237 -0.010908 0.145633
v 0.023237 0.010908 0.145633
v 0.023248 -0.003243 0.165453
v 0.023248 0.003243 0.165453
v 0.023264 -0.010921 0.141380
v 0.023264 -0.010921 0.145480
v 0.023264 0.010921 0.141380
v 0.023264 0.010921 0.145480
v 0.023274 -0.007207 0.164858
v 0.023267 -0.006620 0.165070
v 0.023265 -0.005472 0.145880
v 0.023265 -0.005472 0.146780
v 0.023265 0.005472 0.145880
v 0.023265 0.005472 0.146780
v 0.023267 0.006620 0.165070
v 0.023274 0.007207 0.164858
v 0.023284 -0.010281 0.145850
v 0.023282 -0.009644 0.140880
v 0.023282 0.009644 0.140880
v 0.023284 0.010281 0.145850
v 0.023299 -0.007809 0.164353
v 0.023300 0.000000 0.148280
v 0.023300 0.000000 0.150480
v 0.023300 -0.000000 0.152480
v 0.023300 -0.000000 0.154680
v 0.023299 0.007809 0.164353
v 0.023308 -0.007218 0.140880
v 0.023308 0.007218 0.140880
v 0.023325 -0.007818 0.146780
v 0.023325 -0.007818 0.147080
v 0.023325 -0.007818 0.163280
v 0.023325 -0.007818 0.164080
v 0.023317 -0.002705 0.165453
v 0.023317 0.002705 0.165453
v 0.023325 0.007818 0.146780
v 0.023325 0.007818 0.147080
v 0.023325 0.007818 0.147980
v 0.023325 0.007818 0.155180
v 0.023325 0.007818 0.162380
v 0.023325 0.007818 0.163280
v 0.023325 0.007818 0.164080
v 0.023332 -0.004361 0.165373
v 0.023332 0.004361 0.165373
v 0.023341 -0.005490 0.165244
v 0.023341 0.005490 0.165244
v 0.023363 -0.005495 0.141280
v 0.023363 -0.005495 0.145580
v 0.023363 0.005495 0.141280
v 0.023363 0.005495 0.145580
v 0.023374 -0.009682 0.145880
v 0.023373 -0.002166 0.165453
v 0.023373 0.002166 0.165453
v 0.023374 0.009682 0.145880
v 0.023376 -0.010322 0.141026
v 0.023376 0.010322 0.141026
v 0.023385 -0.004933 0.145880
v 0.023385 -0.004933 0.146780
v 0.023385 0.004933 0.145880
v 0.023385 0.004933 0.146780
v 0.023403 -0.010333 0.145763
v 0.023397 -0.007245 0.164616
v 0.023397 0.007245 0.164616
v 0.023403 0.010333 0.145763
v 0.023413 -0.006081 0.165070
v 0.023413 0.006081 0.165070
v 0.023417 -0.001625 0.165453
v 0.023417 0.001625 0.165453
v 0.023434 -0.006668 0.164858
v 0.023426 -0.003821 0.165373
v 0.023426 0.003821 0.165373
v 0.023434 0.006668 0.164858
v 0.023448 -0.001084 0.165453
v 0.023448 0.001084 0.165453
v 0.023459 -0.009717 0.140918
v 0.023461 -0.004949 0.165244
v 0.023461 0.004949 0.165244
v 0.023459 0.009717 0.140918
v 0.023473 -0.007269 0.164353
v 0.023469 -0.006677 0.140880
v 0.023467 -0.000542 0.165453
v 0.023473 0.000000 0.165453
v 0.023467 0.000542 0.165453
v 0.023469 0.006677 0.140880
v 0.023473 0.007269 0.164353
v 0.023475 -0.010365 0.141189
v 0.023482 -0.010368 0.145633
v 0.023483 -0.004954 0.141280
v 0.023483 -0.004954 0.145580
v 0.023483 0.004954 0.141280
v 0.023483 0.004954 0.145580
v 0.023475 0.010365 0.141189
v 0.023482 0.010368 0.145633
v 0.023493 -0.004392 0.145880
v 0.023493 -0.004392 0.146780
v 0.023493 0.004392 0.145880
v 0.023493 0.004392 0.146780
v 0.023498 -0.009103 0.140880
v 0.023499 -0.007277 0.146780
v 0.023499 -0.007277 0.147080
v 0.023499 -0.007277 0.147980
v 0.023499 -0.007277 0.155180
v 0.023499 -0.007277 0.162380
v 0.023499 -0.007277 0.163280
v 0.023499 -0.007277 0.164080
v 0.023499 0.007277 0.146780
v 0.023499 0.007277 0.147080
v 0.023499 0.007277 0.147980
v 0.023499 0.007277 0.155180
v 0.023499 0.007277 0.162380
v 0.023499 0.007277 0.163280
v 0.023499 0.007277 0.164080
v 0.023498 0.009103 0.140880
v 0.023510 -0.010381 0.141380
v 0.023510 -0.010381 0.145480
v 0.023508 -0.003279 0.165373
v 0.023508 0.003279 0.165373
v 0.023510 0.010381 0.141380
v 0.023510 0.010381 0.145480
v 0.023516 -0.009740 0.145850
v 0.023516 0.009740 0.145850
v 0.023547 -0.005538 0.165070
v 0.023547 0.005538 0.165070
v 0.023558 -0.006703 0.164616
v 0.023558 0.006703 0.164616
v 0.023559 0.009758 0.147980
v 0.023559 0.009758 0.155180
v 0.023559 0.009758 0.162380
v 0.023570 -0.004406 0.165244
v 0.023570 0.004406 0.165244
v 0.023582 -0.006124 0.164858
v 0.023578 -0.002735 0.165373
v 0.023578 0.002735 0.165373
v 0.023582 0.006124 0.164858
v 0.023592 -0.009139 0.145880
v 0.023591 -0.004410 0.141280
v 0.023591 -0.004410 0.145580
v 0.023588 -0.003848 0.145880
v 0.023588 -0.003848 0.146780
v 0.023588 0.003848 0.145880
v 0.023588 0.003848 0.146780
v 0.023591 0.004410 0.141280
v 0.023591 0.004410 0.145580
v 0.023592 0.009139 0.145880
v 0.023604 0.008522 0.147980
v 0.023604 0.008522 0.155180
v 0.023604 0.008522 0.162380
v 0.023608 -0.009779 0.141026
v 0.023608 0.009779 0.141026
v 0.023617 -0.006134 0.140880
v 0.023617 0.006134 0.140880
v 0.023635 -0.002190 0.165373
v 0.023635 0.002190 0.165373
v 0.023635 -0.009790 0.145763
v 0.023635 -0.006725 0.164353
v 0.023635 0.006725 0.164353
v 0.023635 0.009790 0.145763
v 0.023661 -0.006732 0.146780
v 0.023661 -0.006732 0.147080
v 0.023661 -0.006732 0.147980
v 0.023661 -0.006732 0.155180
v 0.023661 -0.006732 0.162380
v 0.023661 -0.006732 0.163280
v 0.023661 -0.006732 0.164080
v 0.023661 0.006732 0.146780
v 0.023661 0.006732 0.147080
v 0.023661 0.006732 0.147980
v 0.023661 0.006732 0.155180
v 0.023661 0.006732 0.162380
v 0.023661 0.006732 0.163280
v 0.023661 0.006732 0.164080
v 0.023669 -0.004993 0.165070
v 0.023665 -0.003860 0.165244
v 0.023671 -0.003302 0.145880
v 0.023671 -0.003302 0.146780
v 0.023671 0.003302 0.145880
v 0.023671 0.003302 0.146780
v 0.023665 0.003860 0.165244
v 0.023669 0.004993 0.165070
v 0.023677 -0.009172 0.140918
v 0.023679 -0.001644 0.165373
v 0.023679 0.001644 0.165373
v 0.023677 0.009172 0.140918
v 0.023687 -0.003864 0.141280
v 0.023687 -0.003864 0.145580
v 0.023687 0.003864 0.141280
v 0.023687 0.003864 0.145580
v 0.023702 -0.008558 0.140880
v 0.023702 0.008558 0.140880
v 0.023709 -0.009820 0.141189
v 0.023707 -0.006157 0.164616
v 0.023710 -0.001096 0.165373
v 0.023710 0.001096 0.165373
v 0.023707 0.006157 0.164616
v 0.023709 0.009820 0.141189
v 0.023716 -0.009823 0.145633
v 0.023717 -0.005578 0.164858
v 0.023717 0.005578 0.164858
v 0.023716 0.009823 0.145633
v 0.023734 -0.009195 0.145850
v 0.023729 -0.000548 0.165373
v 0.023729 0.000548 0.165373
v 0.023734 0.009195 0.145850
v 0.023744 -0.009835 0.141380
v 0.023744 -0.009835 0.145480
v 0.023741 -0.002754 0.145880
v 0.023741 -0.002754 0.146780
v 0.023736 0.000000 0.165373
v 0.023741 0.002754 0.145880
v 0.023741 0.002754 0.146780
v 0.023744 0.009835 0.141380
v 0.023744 0.009835 0.145480
v 0.023752 -0.005586 0.140880
v 0.023748 -0.003313 0.165244
v 0.023748 0.003313 0.165244
v 0.023752 0.005586 0.140880
v 0.023770 -0.003316 0.141280
v 0.023770 -0.003316 0.145580
v 0.023770 0.003316 0.141280
v 0.023770 0.003316 0.145580
v 0.023778 -0.009212 0.147980
v 0.023778 -0.009212 0.155180
v 0.023778 -0.009212 0.162380
v 0.023784 -0.006177 0.164353
v 0.023778 -0.004445 0.165070
v 0.023778 0.004445 0.165070
v 0.023784 0.006177 0.164353
v 0.023778 0.009212 0.147980
v 0.023778 0.009212 0.155180
v 0.023778 0.009212 0.162380
v 0.023794 -0.007975 0.147980
v 0.023794 -0.007975 0.155180
v 0.023794 -0.007975 0.162380
v 0.023796 -0.008592 0.145880
v 0.023798 -0.002205 0.145880
v 0.023798 -0.002205 0.146780
v 0.023798 0.002205 0.145880
v 0.023798 0.002205 0.146780
v 0.023796 0.008592 0.145880
v 0.023810 -0.006184 0.146780
v 0.023810 -0.006184 0.147080
v 0.023810 -0.006184 0.147980
v 0.023810 -0.006184 0.155180
v 0.023810 -0.006184 0.162380
v 0.023810 -0.006184 0.163280
v 0.023810 -0.006184 0.164080
v 0.023810 0.006184 0.146780
v 0.023810 0.006184 0.147080
v 0.023810 0.006184 0.147980
v 0.023810 0.006184 0.155180
v 0.023810 0.006184 0.162380
v 0.023810 0.006184 0.163280
v 0.023810 0.006184 0.164080
v 0.023818 -0.002763 0.165244
v 0.023818 0.002763 0.165244
v 0.023828 -0.009231 0.141026
v 0.023828 0.009231 0.141026
v 0.023843 -0.005608 0.164616
v 0.023839 -0.005029 0.164858
v 0.023840 -0.002766 0.141280
v 0.023840 -0.002766 0.145580
v 0.023843 -0.001655 0.145880
v 0.023843 -0.001655 0.146780
v 0.023843 0.001655 0.145880
v 0.023843 0.001655 0.146780
v 0.023840 0.002766 0.141280
v 0.023840 0.002766 0.145580
v 0.023839 0.005029 0.164858
v 0.023843 0.005608 0.164616
v 0.023855 -0.009242 0.145763
v 0.023855 0.009242 0.145763
v 0.023875 -0.005036 0.140880
v 0.023874 -0.003894 0.165070
v 0.023874 -0.001104 0.145880
v 0.023874 -0.001104 0.146780
v 0.023874 0.001104 0.145880
v 0.023874 0.001104 0.146780
v 0.023874 0.003894 0.165070
v 0.023875 0.005036 0.140880
v 0.023882 -0.008623 0.140918
v 0.023876 -0.002212 0.165244
v 0.023876 0.002212 0.165244
v 0.023882 0.008623 0.140918
v 0.023894 -0.008008 0.140880
v 0.023894 -0.000552 0.145880
v 0.023894 -0.000552 0.146780
v 0.023894 0.000552 0.145880
v 0.023894 0.000552 0.146780
v 0.023894 0.008008 0.140880
v 0.023898 -0.002214 0.141280
v 0.023898 -0.002214 0.145580
v 0.023900 0.000000 0.145880
v 0.023900 0.000000 0.146780
v 0.023898 0.002214 0.141280
v 0.023898 0.002214 0.145580
v 0.023920 -0.005626 0.164353
v 0.023920 -0.001660 0.165244
v 0.023920 0.001660 0.165244
v 0.023920 0.005626 0.164353
v 0.023929 -0.009270 0.141189
v 0.023929 0.009270 0.141189
v 0.023936 -0.009273 0.145633
v 0.023940 -0.008644 0.145850
v 0.023942 -0.001662 0.141280
v 0.023942 -0.001662 0.145580
v 0.023942 0.001662 0.141280
v 0.023942 0.001662 0.145580
v 0.023940 0.008644 0.145850
v 0.023936 0.009273 0.145633
v 0.023947 -0.005632 0.146780
v 0.023947 -0.005632 0.147080
v 0.023947 -0.005632 0.147980
v 0.023947 -0.005632 0.155180
v 0.023947 -0.005632 0.162380
v 0.023947 -0.005632 0.163280
v 0.023947 -0.005632 0.164080
v 0.023949 -0.004477 0.164858
v 0.023952 -0.001107 0.165244
v 0.023952 0.001107 0.165244
v 0.023949 0.004477 0.164858
v 0.023947 0.005632 0.146780
v 0.023947 0.005632 0.147080
v 0.023947 0.005632 0.163280
v 0.023947 0.005632 0.164080
v 0.023965 -0.009284 0.141380
v 0.023965 -0.009284 0.145480
v 0.023958 -0.003342 0.165070
v 0.023958 0.003342 0.165070
v 0.023965 0.009284 0.141380
v 0.023965 0.009284 0.145480
v 0.023966 -0.005056 0.164616
v 0.023974 -0.001108 0.141280
v 0.023974 -0.001108 0.145580
v 0.023971 -0.000554 0.165244
v 0.023971 0.000554 0.165244
v 0.023974 0.001108 0.141280
v 0.023974 0.001108 0.145580
v 0.023966 0.005056 0.164616
v 0.023984 -0.008660 0.147980
v 0.023984 -0.008660 0.155180
v 0.023984 -0.008660 0.162380
v 0.023985 -0.004483 0.140880
v 0.023978 0.000000 0.165244
v 0.023985 0.004483 0.140880
v 0.023988 -0.008040 0.145880
v 0.023994 -0.000554 0.141280
v 0.023994 -0.000554 0.145580
v 0.023994 0.000554 0.141280
v 0.023994 0.000554 0.145580
v 0.023988 0.008040 0.145880
v 0.024000 0.000000 0.141280
v 0.024000 0.000000 0.145580
v 0.024035 -0.008678 0.141026
v 0.024029 -0.002788 0.165070
v 0.024029 0.002788 0.165070
v 0.024035 0.008678 0.141026
v 0.024044 -0.005072 0.164353
v 0.024044 0.005072 0.164353
v 0.024046 -0.003923 0.164858
v 0.024046 0.003923 0.164858
v 0.024062 -0.008688 0.145763
v 0.024062 0.008688 0.145763
v 0.024072 -0.007454 0.140880
v 0.024070 -0.005078 0.146780
v 0.024070 -0.005078 0.147080
v 0.024070 -0.005078 0.163280
v 0.024070 -0.005078 0.164080
v 0.024070 0.005078 0.146780
v 0.024070 0.005078 0.147080
v 0.024070 0.005078 0.163280
v 0.024070 0.005078 0.164080
v 0.024072 0.007454 0.140880
v 0.024075 -0.008069 0.140918
v 0.024076 -0.004501 0.164616
v 0.024082 -0.003928 0.140880
v 0.024082 0.003928 0.140880
v 0.024076 0.004501 0.164616
v 0.024075 0.008069 0.140918
v 0.024087 -0.002232 0.165070
v 0.024087 0.002232 0.165070
v 0.024134 -0.008089 0.145850
v 0.024130 -0.003366 0.164858
v 0.024132 -0.001675 0.165070
v 0.024132 0.001675 0.165070
v 0.024130 0.003366 0.164858
v 0.024134 0.008089 0.145850
v 0.024144 -0.008718 0.145633
v 0.024137 -0.008715 0.141189
v 0.024137 0.008715 0.141189
v 0.024144 0.008718 0.145633
v 0.024155 -0.004515 0.164353
v 0.024155 0.004515 0.164353
v 0.024164 -0.001117 0.165070
v 0.024164 0.001117 0.165070
v 0.024173 -0.008728 0.141380
v 0.024173 -0.008728 0.145480
v 0.024168 -0.007484 0.145880
v 0.024174 -0.003943 0.164616
v 0.024166 -0.003371 0.140880
v 0.024166 0.003371 0.140880
v 0.024174 0.003943 0.164616
v 0.024168 0.007484 0.145880
v 0.024173 0.008728 0.141380
v 0.024173 0.008728 0.145480
v 0.024181 -0.004520 0.146780
v 0.024181 -0.004520 0.147080
v 0.024181 -0.004520 0.163280
v 0.024181 -0.004520 0.164080
v 0.024183 -0.000559 0.165070
v 0.024183 0.000559 0.165070
v 0.024181 0.004520 0.146780
v 0.024181 0.004520 0.147080
v 0.024181 0.004520 0.163280
v 0.024181 0.004520 0.164080
v 0.024190 0.000000 0.165070
v 0.024202 -0.002808 0.164858
v 0.024202 0.002808 0.164858
v 0.024229 -0.008121 0.141026
v 0.024229 0.008121 0.141026
v 0.024238 -0.006896 0.140880
v 0.024237 -0.002812 0.140880
v 0.024237 0.002812 0.140880
v 0.024238 0.006896 0.140880
v 0.024253 -0.003956 0.164353
v 0.024253 0.003956 0.164353
v 0.024257 -0.008130 0.145763
v 0.024255 -0.007511 0.140918
v 0.024259 -0.003384 0.164616
v 0.024260 -0.002248 0.164858
v 0.024260 0.002248 0.164858
v 0.024259 0.003384 0.164616
v 0.024255 0.007511 0.140918
v 0.024257 0.008130 0.145763
v 0.024279 -0.003960 0.146780
v 0.024279 -0.003960 0.147080
v 0.024279 -0.003960 0.163280
v 0.024279 -0.003960 0.164080
v 0.024279 0.003960 0.146780
v 0.024279 0.003960 0.147080
v 0.024279 0.003960 0.163280
v 0.024279 0.003960 0.164080
v 0.024296 -0.002251 0.140880
v 0.024296 0.002251 0.140880
v 0.024314 -0.007529 0.145850
v 0.024306 -0.001687 0.164858
v 0.024306 0.001687 0.164858
v 0.024314 0.007529 0.145850
v 0.024332 -0.008155 0.141189
v 0.024334 -0.006924 0.145880
v 0.024330 -0.002823 0.164616
v 0.024330 0.002823 0.164616
v 0.024334 0.006924 0.145880
v 0.024332 0.008155 0.141189
v 0.024339 -0.008158 0.145633
v 0.024337 -0.003395 0.164353
v 0.024341 -0.001690 0.140880
v 0.024338 -0.001125 0.164858
v 0.024338 0.001125 0.164858
v 0.024341 0.001690 0.140880
v 0.024337 0.003395 0.164353
v 0.024339 0.008158 0.145633
v 0.024364 -0.003399 0.146780
v 0.024364 -0.003399 0.147080
v 0.024364 -0.003399 0.163280
v 0.024364 -0.003399 0.164080
v 0.024358 -0.000563 0.164858
v 0.024364 0.000000 0.164858
v 0.024358 0.000563 0.164858
v 0.024364 0.003399 0.146780
v 0.024364 0.003399 0.147080
v 0.024364 0.003399 0.147980
v 0.024364 0.003399 0.155180
v 0.024364 0.003399 0.162380
v 0.024364 0.003399 0.163280
v 0.024364 0.003399 0.164080
v 0.024368 -0.008167 0.141380
v 0.024368 -0.008167 0.145480
v 0.024374 -0.001127 0.140880
v 0.024374 0.001127 0.140880
v 0.024368 0.008167 0.141380
v 0.024368 0.008167 0.145480
v 0.024391 -0.006335 0.140880
v 0.024389 -0.002260 0.164616
v 0.024393 -0.000564 0.140880
v 0.024393 0.000564 0.140880
v 0.024389 0.002260 0.164616
v 0.024391 0.006335 0.140880
v 0.024400 0.000000 0.140880
v 0.024410 -0.007559 0.141026
v 0.024409 -0.002832 0.164353
v 0.024409 0.002832 0.164353
v 0.024410 0.007559 0.141026
v 0.024422 -0.006949 0.140918
v 0.024422 0.006949 0.140918
v 0.024435 -0.001696 0.164616
v 0.024435 0.001696 0.164616
v 0.024428 0.005746 0.147980
v 0.024428 0.005746 0.155180
v 0.024428 0.005746 0.162380
v 0.024438 -0.007568 0.145763
v 0.024436 -0.002835 0.146780
v 0.024436 -0.002835 0.147080
v 0.024436 -0.002835 0.147980
v 0.024436 -0.002835 0.155180
v 0.024436 -0.002835 0.162380
v 0.024436 -0.002835 0.163280
v 0.024436 -0.002835 0.164080
v 0.024436 0.002835 0.146780
v 0.024436 0.002835 0.147080
v 0.024436 0.002835 0.147980
v 0.024436 0.002835 0.155180
v 0.024436 0.002835 0.162380
v 0.024436 0.002835 0.163280
v 0.024436 0.002835 0.164080
v 0.024438 0.007568 0.145763
v 0.024468 -0.002267 0.164353
v 0.024467 -0.001131 0.164616
v 0.024467 0.001131 0.164616
v 0.024468 0.002267 0.164353
v 0.024481 -0.006966 0.145850
v 0.024481 0.006966 0.145850
v 0.024488 -0.006360 0.145880
v 0.024487 -0.000566 0.164616
v 0.024493 0.000000 0.164616
v 0.024487 0.000566 0.164616
v 0.024488 0.006360 0.145880
v 0.024495 -0.002270 0.146780
v 0.024495 -0.002270 0.147080
v 0.024495 -0.002270 0.147980
v 0.024495 -0.002270 0.155180
v 0.024495 -0.002270 0.162380
v 0.024495 -0.002270 0.163280
v 0.024495 -0.002270 0.164080
v 0.024495 0.002270 0.146780
v 0.024495 0.002270 0.147080
v 0.024495 0.002270 0.147980
v 0.024495 0.002270 0.155180
v 0.024495 0.002270 0.162380
v 0.024495 0.002270 0.163280
v 0.024495 0.002270 0.164080
v 0.024514 -0.007591 0.141189
v 0.024514 -0.001702 0.164353
v 0.024514 0.001702 0.164353
v 0.024514 0.007591 0.141189
v 0.024521 -0.007593 0.145633
v 0.024521 0.007593 0.145633
v 0.024531 -0.005770 0.140880
v 0.024531 0.005770 0.140880
v 0.024541 -0.001703 0.146780
v 0.024541 -0.001703 0.147080
v 0.024541 -0.001703 0.147980
v 0.024541 -0.001703 0.155180
v 0.024541 -0.001703 0.162380
v 0.024541 -0.001703 0.163280
v 0.024541 -0.001703 0.164080
v 0.024541 0.001703 0.146780
v 0.024541 0.001703 0.147080
v 0.024541 0.001703 0.147980
v 0.024541 0.001703 0.155180
v 0.024541 0.001703 0.162380
v 0.024541 0.001703 0.163280
v 0.024541 0.001703 0.164080
v 0.024550 -0.007602 0.141380
v 0.024550 -0.007602 0.145480
v 0.024555 -0.005180 0.147980
v 0.024555 -0.005180 0.155180
v 0.024555 -0.005180 0.162380
v 0.024547 -0.001135 0.164353
v 0.024547 0.001135 0.164353
v 0.024550 0.007602 0.141380
v 0.024550 0.007602 0.145480
v 0.024574 -0.001136 0.146780
v 0.024574 -0.001136 0.147080
v 0.024574 -0.001136 0.147980
v 0.024574 -0.001136 0.155180
v 0.024574 -0.001136 0.162380
v 0.024574 -0.001136 0.163280
v 0.024574 -0.001136 0.164080
v 0.024567 -0.000568 0.164353
v 0.024573 0.000000 0.164353
v 0.024567 0.000568 0.164353
v 0.024574 0.001136 0.146780
v 0.024574 0.001136 0.147080
v 0.024574 0.001136 0.163280
v 0.024574 0.001136 0.164080
v 0.024578 -0.006993 0.141026
v 0.024576 -0.006383 0.140918
v 0.024576 0.006383 0.140918
v 0.024578 0.006993 0.141026
v 0.024593 -0.000568 0.146780
v 0.024593 -0.000568 0.147080
v 0.024593 -0.000568 0.163280
v 0.024593 -0.000568 0.164080
v 0.024593 0.000568 0.146780
v 0.024593 0.000568 0.147080
v 0.024593 0.000568 0.163280
v 0.024593 0.000568 0.164080
v 0.024600 0.000000 0.146780
v 0.024600 0.000000 0.147080
v 0.024600 0.000000 0.163280
v 0.024600 0.000000 0.164080
v 0.024606 -0.007001 0.145763
v 0.024606 0.007001 0.145763
v 0.024628 -0.005792 0.145880
v 0.024628 0.005792 0.145880
v 0.024636 -0.006398 0.145850
v 0.024636 0.006398 0.145850
v 0.024657 -0.005201 0.140880
v 0.024657 0.005201 0.140880
v 0.024682 -0.007023 0.141189
v 0.024682 0.007023 0.141189
v 0.024690 -0.007025 0.145633
v 0.024690 0.007025 0.145633
v 0.024719 -0.007033 0.141380
v 0.024719 -0.007033 0.145480
v 0.024717 -0.005813 0.140918
v 0.024717 0.005813 0.140918
v 0.024719 0.007033 0.141380
v 0.024719 0.007033 0.145480
v 0.024733 -0.006423 0.141026
v 0.024733 0.006423 0.141026
v 0.024761 -0.006431 0.145763
v 0.024755 -0.005222 0.145880
v 0.024755 0.005222 0.145880
v 0.024761 0.006431 0.145763
v 0.024771 -0.004630 0.140880
v 0.024768 0.004040 0.147980
v 0.024768 0.004040 0.155180
v 0.024768 0.004040 0.162380
v 0.024771 0.004630 0.140880
v 0.024777 -0.005827 0.145850
v 0.024777 0.005827 0.145850
v 0.024838 -0.006451 0.141189
v 0.024845 -0.005241 0.140918
v 0.024845 0.005241 0.140918
v 0.024838 0.006451 0.141189
v 0.024845 -0.006453 0.145633
v 0.024854 -0.003467 0.147980
v 0.024854 -0.003467 0.155180
v 0.024854 -0.003467 0.162380
v 0.024845 0.006453 0.145633
v 0.024875 -0.006460 0.141380
v 0.024875 -0.006460 0.145480
v 0.024875 -0.005850 0.141026
v 0.024869 -0.004649 0.145880
v 0.024871 -0.004057 0.140880
v 0.024871 0.004057 0.140880
v 0.024869 0.004649 0.145880
v 0.024875 0.005850 0.141026
v 0.024875 0.006460 0.141380
v 0.024875 0.006460 0.145480
v 0.024903 -0.005857 0.145763
v 0.024905 -0.005254 0.145850
v 0.024905 0.005254 0.145850
v 0.024903 0.005857 0.145763
v 0.024951 0.005263 0.147980
v 0.024951 0.005263 0.155180
v 0.024951 0.005263 0.162380
v 0.024959 -0.004666 0.140918
v 0.024958 -0.003482 0.140880
v 0.024958 0.003482 0.140880
v 0.024959 0.004666 0.140918
v 0.024970 -0.004073 0.145880
v 0.024970 0.004073 0.145880
v 0.024980 -0.005875 0.141189
v 0.024980 0.005875 0.141189
v 0.024988 -0.005877 0.145633
v 0.024988 0.005877 0.145633
v 0.025003 -0.005274 0.141026
v 0.025003 0.005274 0.141026
v 0.025017 -0.005884 0.141380
v 0.025017 -0.005884 0.145480
v 0.025020 -0.004677 0.145850
v 0.025020 0.004677 0.145850
v 0.025017 0.005884 0.141380
v 0.025017 0.005884 0.145480
v 0.025032 -0.005280 0.145763
v 0.025032 -0.002904 0.140880
v 0.025032 0.002904 0.140880
v 0.025032 0.005280 0.145763
v 0.025060 -0.004088 0.140918
v 0.025057 -0.003495 0.145880
v 0.025057 0.003495 0.145880
v 0.025060 0.004088 0.140918
v 0.025066 -0.004686 0.147980
v 0.025066 -0.004686 0.155180
v 0.025066 -0.004686 0.162380
v 0.025068 0.001159 0.147980
v 0.025068 0.001159 0.155180
v 0.025068 0.001159 0.162380
v 0.025066 0.004686 0.147980
v 0.025066 0.004686 0.155180
v 0.025066 0.004686 0.162380
v 0.025093 -0.002325 0.140880
v 0.025088 -0.000580 0.147980
v 0.025088 -0.000580 0.155180
v 0.025088 -0.000580 0.162380
v 0.025093 0.002325 0.140880
v 0.025109 -0.005297 0.141189
v 0.025109 0.005297 0.141189
v 0.025117 -0.005298 0.145633
v 0.025118 -0.004695 0.141026
v 0.025121 -0.004098 0.145850
v 0.025121 0.004098 0.145850
v 0.025118 0.004695 0.141026
v 0.025117 0.005298 0.145633
v 0.025131 -0.002916 0.145880
v 0.025131 0.002916 0.145880
v 0.025140 -0.001745 0.140880
v 0.025140 0.001745 0.140880
v 0.025147 -0.005305 0.141380
v 0.025147 -0.005305 0.145480
v 0.025147 -0.004701 0.145763
v 0.025148 -0.003508 0.140918
v 0.025148 0.003508 0.140918
v 0.025147 0.004701 0.145763
v 0.025147 0.005305 0.141380
v 0.025147 0.005305 0.145480
v 0.025167 -0.004105 0.147980
v 0.025167 -0.004105 0.155180
v 0.025167 -0.004105 0.162380
v 0.025173 -0.001164 0.140880
v 0.025173 0.001164 0.140880
v 0.025192 -0.002334 0.145880
v 0.025193 -0.000582 0.140880
v 0.025193 0.000582 0.140880
v 0.025192 0.002334 0.145880
v 0.025200 0.000000 0.140880
v 0.025209 -0.003517 0.145850
v 0.025209 0.003517 0.145850
v 0.025225 -0.004715 0.141189
v 0.025220 -0.004114 0.141026
v 0.025222 -0.002926 0.140918
v 0.025222 0.002926 0.140918
v 0.025220 0.004114 0.141026
v 0.025225 0.004715 0.141189
v 0.025232 -0.004717 0.145633
v 0.025232 0.004717 0.145633
v 0.025239 -0.001752 0.145880
v 0.025239 0.001752 0.145880
v 0.025249 -0.004119 0.145763
v 0.025249 0.004119 0.145763
v 0.025262 -0.004722 0.141380
v 0.025262 -0.004722 0.145480
v 0.025262 0.004722 0.141380
v 0.025262 0.004722 0.145480
v 0.025273 -0.001168 0.145880
v 0.025273 0.001168 0.145880
v 0.025283 -0.002933 0.145850
v 0.025283 -0.002343 0.140918
v 0.025283 0.002343 0.140918
v 0.025283 0.002933 0.145850
v 0.025293 -0.000584 0.145880
v 0.025293 0.000584 0.145880
v 0.025300 0.000000 0.145880
v 0.025309 -0.003530 0.141026
v 0.025309 0.003530 0.141026
v 0.025327 -0.004131 0.141189
v 0.025335 -0.004133 0.145633
v 0.025330 -0.001758 0.140918
v 0.025330 0.001758 0.140918
v 0.025327 0.004131 0.141189
v 0.025335 0.004133 0.145633
v 0.025338 -0.003534 0.145763
v 0.025344 -0.002349 0.145850
v 0.025344 0.002349 0.145850
v 0.025338 0.003534 0.145763
v 0.025365 -0.004138 0.141380
v 0.025365 -0.004138 0.145480
v 0.025364 -0.001173 0.140918
v 0.025364 0.001173 0.140918
v 0.025365 0.004138 0.141380
v 0.025365 0.004138 0.145480
v 0.025383 -0.002945 0.141026
v 0.025385 -0.000586 0.140918
v 0.025385 0.000586 0.140918
v 0.025383 0.002945 0.141026
v 0.025392 -0.001762 0.145850
v 0.025391 0.000000 0.140918
v 0.025392 0.001762 0.145850
v 0.025412 -0.002948 0.145763
v 0.025412 0.002948 0.145763
v 0.025416 -0.003545 0.141189
v 0.025423 -0.003546 0.145633
v 0.025416 0.003545 0.141189
v 0.025423 0.003546 0.145633
v 0.025426 -0.001176 0.145850
v 0.025426 0.001176 0.145850
v 0.025445 -0.002358 0.141026
v 0.025445 0.002358 0.141026
v 0.025454 -0.003551 0.141380
v 0.025454 -0.003551 0.145480
v 0.025446 -0.000588 0.145850
v 0.025453 0.000000 0.145850
v 0.025446 0.000588 0.145850
v 0.025454 0.003551 0.141380
v 0.025454 0.003551 0.145480
v 0.025474 -0.002360 0.145763
v 0.025474 0.002360 0.145763
v 0.025491 -0.002957 0.141189
v 0.025492 -0.001769 0.141026
v 0.025493 0.000589 0.147980
v 0.025493 0.000589 0.155180
v 0.025493 0.000589 0.162380
v 0.025492 0.001769 0.141026
v 0.025491 0.002957 0.141189
v 0.025499 -0.002958 0.145633
v 0.025500 0.000000 0.147980
v 0.025500 0.000000 0.155180
v 0.025500 0.000000 0.162380
v 0.025499 0.002958 0.145633
v 0.025521 -0.001771 0.145763
v 0.025521 0.001771 0.145763
v 0.025529 -0.002962 0.141380
v 0.025529 -0.002962 0.145480
v 0.025526 -0.001180 0.141026
v 0.025526 0.001180 0.141026
v 0.025529 0.002962 0.141380
v 0.025529 0.002962 0.145480
v 0.025552 -0.002368 0.141189
v 0.025547 -0.000590 0.141026
v 0.025554 0.000000 0.141026
v 0.025547 0.000590 0.141026
v 0.025552 0.002368 0.141189
v 0.025560 -0.002368 0.145633
v 0.025556 -0.001182 0.145763
v 0.025556 0.001182 0.145763
v 0.025560 0.002368 0.145633
v 0.025576 -0.000591 0.145763
v 0.025583 0.000000 0.145763
v 0.025576 0.000591 0.145763
v 0.025590 -0.002371 0.141380
v 0.025590 -0.002371 0.145480
v 0.025590 0.002371 0.141380
v 0.025590 0.002371 0.145480
v 0.025600 -0.001777 0.141189
v 0.025600 0.001777 0.141189
v 0.025608 -0.001777 0.145633
v 0.025608 0.001777 0.145633
v 0.025635 -0.001185 0.141189
v 0.025635 0.001185 0.141189
v 0.025638 -0.001780 0.141380
v 0.025638 -0.001780 0.145480
v 0.025642 -0.001186 0.145633
v 0.025642 0.001186 0.145633
v 0.025638 0.001780 0.141380
v 0.025638 0.001780 0.145480
v 0.025655 -0.000593 0.141189
v 0.025663 -0.000593 0.145633
v 0.025662 0.000000 0.141189
v 0.025655 0.000593 0.141189
v 0.025663 0.000593 0.145633
v 0.025673 -0.001187 0.141380
v 0.025673 -0.001187 0.145480
v 0.025670 0.000000 0.145633
v 0.025673 0.001187 0.141380
v 0.025673 0.001187 0.145480
v 0.025693 -0.000594 0.141380
v 0.025693 -0.000594 0.145480
v 0.025693 0.000594 0.141380
v 0.025693 0.000594 0.145480
v 0.025700 0.000000 0.141380
v 0.025700 0.000000 0.145480
f 4545 8146 8150
f 4545 8137 8146
f 4545 8112 8137
f 4545 8091 8112
f 4545 8076 8091
f 4545 8056 8076
f 4545 8016 8056
f 4545 7996 8016
f 4545 7965 7996
f 4545 7932 7965
f 4545 7879 7932
f 4545 7845 7879
f 4545 7801 7845
f 4545 7758 7801
f 4545 7696 7758
f 4545 7642 7696
f 4545 7605 7642
f 4545 7556 7605
f 4545 7499 7556
f 4545 7450 7499
f 4545 7403 7450
f 4545 7343 7403
f 4545 7299 7343
f 4545 7237 7299
f 4545 7170 7237
f 4545 7123 7170
f 4545 7060 7123
f 4545 7001 7060
f 4545 6943 7001
f 4545 6883 6943
f 4545 6835 6883
f 4545 6794 6835
f 4545 6726 6794
f 4545 6659 6726
f 4545 6597 6659
f 4545 6538 6597
f 4545 6470 6538
f 4545 6405 6470
f 4545 6348 6405
f 4545 6290 6348
f 4545 6233 6290
f 4545 6181 6233
f 4545 6118 6181
f 4545 6053 6118
f 4545 5982 6053
f 4545 5922 5982
f 4545 5859 5922
f 4545 5794 5859
f 4545 5735 5794
f 4545 5684 5735
f 4545 5615 5684
f 4545 5548 5615
f 4545 5487 5548
f 4545 5432 5487
f 4545 5368 5432
f 4545 5292 5368
f 4545 5236 5292
f 4545 5179 5236
f 4545 5126 5179
f 4545 5050 5126
f 4545 4986 5050
f 4545 4922 4986
f 4545 4858 4922
f 4545 4782 4858
f 4545 4718 4782
f 4545 4654 4718
f 4545 4590 4654
f 4545 4552 4590
f 4545 4508 4552
f 4545 4444 4508
f 4545 4380 4444
f 4545 4316 4380
f 4545 4240 4316
f 4545 4176 4240
f 4545 4112 4176
f 4545 4048 4112
f 4545 3972 4048
f 4545 3919 3972
f 4545 3862 3919
f 4545 3806 3862
f 4545 3730 3806
f 4545 3666 3730
f 4545 3611 3666
f 4545 3550 3611
f 4545 3483 3550
f 4545 3414 3483
f 4545 3363 3414
f 4545 3304 3363
f 4545 3239 3304
f 4545 3176 3239
f 4545 3116 3176
f 4545 3051 3116
f 4545 2980 3051
f 4545 2917 2980
f 4545 2865 2917
f 4545 2808 2865
f 4545 2750 2808
f 4545 2693 2750
f 4545 2628 2693
f 4545 2560 2628
f 4545 2501 2560
f 4545 2439 2501
f 4545 2372 2439
f 4545 2304 2372
f 4545 2263 2304
f 4545 2215 2263
f 4545 2155 2215
f 4545 2097 2155
f 4545 2038 2097
f 4545 1975 2038
f 4545 1928 1975
f 4545 1861 1928
f 4545 1799 1861
f 4545 1755 1799
f 4545 1695 1755
f 4545 1648 1695
f 4545 1599 1648
f 4545 1542 1599
f 4545 1493 1542
f 4545 1456 1493
f 4545 1402 1456
f 4545 1340 1402
f 4545 1297 1340
f 4545 1253 1297
f 4545 1219 1253
f 4545 1166 1219
f 4545 1133 1166
f 4545 1102 1133
f 4545 1082 1102
f 4545 1042 1082
f 4545 1020 1042
f 4545 1007 1020
f 4545 986 1007
f 4545 963 986
f 4545 952 963
f 4545 946 952
f 4545 950 946
f 4545 959 950
f 4545 984 959
f 4545 1005 984
f 4545 1018 1005
f 4545 1040 1018
f 4545 1080 1040
f 4545 1100 1080
f 4545 1131 1100
f 4545 1164 1131
f 4545 1217 1164
f 4545 1251 1217
f 4545 1295 1251
f 4545 1338 1295
f 4545 1400 1338
f 4545 1454 1400
f 4545 1491 1454
f 4545 1540 1491
f 4545 1597 1540
f 4545 1646 1597
f 4545 1693 1646
f 4545 1753 1693
f 4545 1797 1753
f 4545 1859 1797
f 4545 1926 1859
f 4545 1973 1926
f 4545 2036 1973
f 4545 2095 2036
f 4545 2153 2095
f 4545 2213 2153
f 4545 2261 2213
f 4545 2302 2261
f 4545 2370 2302
f 4545 2437 2370
f 4545 2499 2437
f 4545 2558 2499
f 4545 2626 2558
f 4545 2691 2626
f 4545 2748 2691
f 4545 2806 2748
f 4545 2863 2806
f 4545 2915 2863
f 4545 2978 2915
f 4545 3043 2978
f 4545 3114 3043
f 4545 3174 3114
f 4545 3237 3174
f 4545 3302 3237
f 4545 3361 3302
f 4545 3412 3361
f 4545 3481 3412
f 4545 3548 3481
f 4545 3609 3548
f 4545 3664 3609
f 4545 3728 3664
f 4545 3804 3728
f 4545 3860 3804
f 4545 3917 3860
f 4545 3970 3917
f 4545 4046 3970
f 4545 4110 4046
f 4545 4174 4110
f 4545 4238 4174
f 4545 4314 4238
f 4545 4378 4314
f 4545 4442 4378
f 4545 4506 4442
f 4545 4542 4506
f 4545 4588 4542
f 4545 4652 4588
f 4545 4716 4652
f 4545 4780 4716
f 4545 4856 4780
f 4545 4920 4856
f 4545 4984 4920
f 4545 5048 4984
f 4545 5124 5048
f 4545 5177 5124
f 4545 5234 5177
f 4545 5290 5234
f 4545 5366 5290
f 4545 5430 5366
f 4545 5485 5430
f 4545 5546 5485
f 4545 5613 5546
f 4545 5682 5613
f 4545 5733 5682
f 4545 5792 5733
f 4545 5857 5792
f 4545 5920 5857
f 4545 5980 5920
f 4545 6045 5980
f 4545 6116 6045
f 4545 6179 6116
f 4545 6231 6179
f 4545 6288 6231
f 4545 6346 6288
f 4545 6403 6346
f 4545 6468 6403
f 4545 6536 6468
f 4545 6595 6536
f 4545 6657 6595
f 4545 6724 6657
f 4545 6792 6724
f 4545 6833 6792
f 4545 6881 6833
f 4545 6941 6881
f 4545 6999 6941
f 4545 7058 6999
f 4545 7121 7058
f 4545 7168 7121
f 4545 7235 7168
f 4545 7297 7235
f 4545 7341 7297
f 4545 7401 7341
f 4545 7448 7401
f 4545 7497 7448
f 4545 7554 7497
f 4545 7603 7554
f 4545 7640 7603
f 4545 7694 7640
f 4545 7756 7694
f 4545 7799 7756
f 4545 7843 7799
f 4545 7877 7843
f 4545 7930 7877
f 4545 7963 7930
f 4545 7994 7963
f 4545 8014 7994
f 4545 8054 8014
f 4545 8074 8054
f 4545 8089 8074
f 4545 8110 8089
f 4545 8133 8110
f 4545 8144 8133
f 4545 8150 8144
f 8150 8146 8145
f 8150 8145 8149
f 8146 8137 8136
f 8146 8136 8145
f 8137 8112 8111
f 8137 8111 8136
f 8112 8091 8090
f 8112 8090 8111
f 8091 8076 8075
f 8091 8075 8090
f 8076 8056 8055
f 8076 8055 8075
f 8056 8016 8015
f 8056 8015 8055
f 8016 7996 7995
f 8016 7995 8015
f 7996 7965 7964
f 7996 7964 7995
f 7965 7932 7931
f 7965 7931 7964
f 7932 7879 7878
f 7932 7878 7931
f 7879 7845 7844
f 7879 7844 7878
f 7845 7801 7800
f 7845 7800 7844
f 7801 7758 7757
f 7801 7757 7800
f 7758 7696 7695
f 7758 7695 7757
f 7696 7642 7641
f 7696 7641 7695
f 7642 7605 7604
f 7642 7604 7641
f 7605 7556 7555
f 7605 7555 7604
f 7556 7499 7498
f 7556 7498 7555
f 7499 7450 7449
f 7499 7449 7498
f 7450 7403 7402
f 7450 7402 7449
f 7403 7343 7342
f 7403 7342 7402
f 7343 7299 7298
f 7343 7298 7342
f 7299 7237 7236
f 7299 7236 7298
f 7237 7170 7169
f 7237 7169 7236
f 7170 7123 7122
f 7170 7122 7169
f 7123 7060 7059
f 7123 7059 7122
f 7060 7001 7000
f 7060 7000 7059
f 7001 6943 6942
f 7001 6942 7000
f 6943 6883 6882
f 6943 6882 6942
f 6883 6835 6834
f 6883 6834 6882
f 6835 6794 6793
f 6835 6793 6834
f 6794 6726 6725
f 6794 6725 6793
f 6726 6659 6658
f 6726 6658 6725
f 6659 6597 6596
f 6659 6596 6658
f 6597 6538 6537
f 6597 6537 6596
f 6538 6470 6469
f 6538 6469 6537
f 6470 6405 6404
f 6470 6404 6469
f 6405 6348 6347
f 6405 6347 6404
f 6348 6290 6289
f 6348 6289 6347
f 6290 6233 6232
f 6290 6232 6289
f 6233 6181 6180
f 6233 6180 6232
f 6181 6118 6117
f 6181 6117 6180
f 6118 6053 6052
f 6118 6052 6117
f 6053 5982 5981
f 6053 5981 6052
f 5982 5922 5921
f 5982 5921 5981
f 5922 5859 5858
f 5922 5858 5921
f 5859 5794 5793
f 5859 5793 5858
f 5794 5735 5734
f 5794 5734 5793
f 5735 5684 5683
f 5735 5683 5734
f 5684 5615 5614
f 5684 5614 5683
f 5615 5548 5547
f 5615 5547 5614
f 5548 5487 5486
f 5548 5486 5547
f 5487 5432 5431
f 5487 5431 5486
f 5432 5368 5367
f 5432 5367 5431
f 5368 5292 5291
f 5368 5291 5367
f 5292 5236 5235
f 5292 5235 5291
f 5236 5179 5178
f 5236 5178 5235
f 5179 5126 5125
f 5179 5125 5178
f 5126 5050 5049
f 5126 5049 5125
f 5050 4986 4985
f 5050 4985 5049
f 4986 4922 4921
f 4986 4921 4985
f 4922 4858 4857
f 4922 4857 4921
f 4858 4782 4781
f 4858 4781 4857
f 4782 4718 4717
f 4782 4717 4781
f 4718 4654 4653
f 4718 4653 4717
f 4654 4590 4589
f 4654 4589 4653
f 4590 4552 4551
f 4590 4551 4589
f 4552 4508 4507
f 4552 4507 4551
f 4508 4444 4443
f 4508 4443 4507
f 4444 4380 4379
f 4444 4379 4443
f 4380 4316 4315
f 4380 4315 4379
f 4316 4240 4239
f 4316 4239 4315
f 4240 4176 4175
f 4240 4175 4239
f 4176 4112 4111
f 4176 4111 4175
f 4112 4048 4047
f 4112 4047 4111
f 4048 3972 3971
f 4048 3971 4047
f 3972 3919 3918
f 3972 3918 3971
f 3919 3862 3861
f 3919 3861 3918
f 3862 3806 3805
f 3862 3805 3861
f 3806 3730 3729
f 3806 3729 3805
f 3730 3666 3665
f 3730 3665 3729
f 3666 3611 3610
f 3666 3610 3665
f 3611 3550 3549
f 3611 3549 3610
f 3550 3483 3482
f 3550 3482 3549
f 3483 3414 3413
f 3483 3413 3482
f 3414 3363 3362
f 3414 3362 3413
f 3363 3304 3303
f 3363 3303 3362
f 3304 3239 3238
f 3304 3238 3303
f 3239 3176 3175
f 3239 3175 3238
f 3176 3116 3115
f 3176 3115 3175
f 3116 3051 3050
f 3116 3050 3115
f 3051 2980 2979
f 3051 2979 3050
f 2980 2917 2916
f 2980 2916 2979
f 2917 2865 2864
f 2917 2864 2916
f 2865 2808 2807
f 2865 2807 2864
f 2808 2750 2749
f 2808 2749 2807
f 2750 2693 2692
f 2750 2692 2749
f 2693 2628 2627
f 2693 2627 2692
f 2628 2560 2559
f 2628 2559 2627
f 2560 2501 2500
f 2560 2500 2559
f 2501 2439 2438
f 2501 2438 2500
f 2439 2372 2371
f 2439 2371 2438
f 2372 2304 2303
f 2372 2303 2371
f 2304 2263 2262
f 2304 2262 2303
f 2263 2215 2214
f 2263 2214 2262
f 2215 2155 2154
f 2215 2154 2214
f 2155 2097 2096
f 2155 2096 2154
f 2097 2038 2037
f 2097 2037 2096
f 2038 1975 1974
f 2038 1974 2037
f 1975 1928 1927
f 1975 1927 1974
f 1928 1861 1860
f 1928 1860 1927
f 1861 1799 1798
f 1861 1798 1860
f 1799 1755 1754
f 1799 1754 1798
f 1755 1695 1694
f 1755 1694 1754
f 1695 1648 1647
f 1695 1647 1694
f 1648 1599 1598
f 1648 1598 1647
f 1599 1542 1541
f 1599 1541 1598
f 1542 1493 1492
f 1542 1492 1541
f 1493 1456 1455
f 1493 1455 1492
f 1456 1402 1401
f 1456 1401 1455
f 1402 1340 1339
f 1402 1339 1401
f 1340 1297 1296
f 1340 1296 1339
f 1297 1253 1252
f 1297 1252 1296
f 1253 1219 1218
f 1253 1218 1252
f 1219 1166 1165
f 1219 1165 1218
f 1166 1133 1132
f 1166 1132 1165
f 1133 1102 1101
f 1133 1101 1132
f 1102 1082 1081
f 1102 1081 1101
f 1082 1042 1041
f 1082 1041 1081
f 1042 1020 1019
f 1042 1019 1041
f 1020 1007 1006
f 1020 1006 1019
f 1007 986 985
f 1007 985 1006
f 986 963 962
f 986 962 985
f 963 952 951
f 963 951 962
f 952 946 945
f 952 945 951
f 946 950 949
f 946 949 945
f 950 959 958
f 950 958 949
f 959 984 983
f 959 983 958
f 984 1005 1004
f 984 1004 983
f 1005 1018 1017
f 1005 1017 1004
f 1018 1040 1039
f 1018 1039 1017
f 1040 1080 1079
f 1040 1079 1039
f 1080 1100 1099
f 1080 1099 1079
f 1100 1131 1130
f 1100 1130 1099
f 1131 1164 1163
f 1131 1163 1130
f 1164 1217 1216
f 1164 1216 1163
f 1217 1251 1250
f 1217 1250 1216
f 1251 1295 1294
f 1251 1294 1250
f 1295 1338 1337
f 1295 1337 1294
f 1338 1400 1399
f 1338 1399 1337
f 1400 1454 1453
f 1400 1453 1399
f 1454 1491 1490
f 1454 1490 1453
f 1491 1540 1539
f 1491 1539 1490
f 1540 1597 1596
f 1540 1596 1539
f 1597 1646 1645
f 1597 1645 1596
f 1646 1693 1692
f 1646 1692 1645
f 1693 1753 1752
f 1693 1752 1692
f 1753 1797 1796
f 1753 1796 1752
f 1797 1859 1858
f 1797 1858 1796
f 1859 1926 1925
f 1859 1925 1858
f 1926 1973 1972
f 1926 1972 1925
f 1973 2036 2035
f 1973 2035 1972
f 2036 2095 2094
f 2036 2094 2035
f 2095 2153 2152
f 2095 2152 2094
f 2153 2213 2212
f 2153 2212 2152
f 2213 2261 2260
f 2213 2260 2212
f 2261 2302 2301
f 2261 2301 2260
f 2302 2370 2369
f 2302 2369 2301
f 2370 2437 2436
f 2370 2436 2369
f 2437 2499 2498
f 2437 2498 2436
f 2499 2558 2557
f 2499 2557 2498
f 2558 2626 2625
f 2558 2625 2557
f 2626 2691 2690
f 2626 2690 2625
f 2691 2748 2747
f 2691 2747 2690
f 2748 2806 2805
f 2748 2805 2747
f 2806 2863 2862
f 2806 2862 2805
f 2863 2915 2914
f 2863 2914 2862
f 2915 2978 2977
f 2915 2977 2914
f 2978 3043 3042
f 2978 3042 2977
f 3043 3114 3113
f 3043 3113 3042
f 3114 3174 3173
f 3114 3173 3113
f 3174 3237 3236
f 3174 3236 3173
f 3237 3302 3301
f 3237 3301 3236
f 3302 3361 3360
f 3302 3360 3301
f 3361 3412 3411
f 3361 3411 3360
f 3412 3481 3480
f 3412 3480 3411
f 3481 3548 3547
f 3481 3547 3480
f 3548 3609 3608
f 3548 3608 3547
f 3609 3664 3663
f 3609 3663 3608
f 3664 3728 3727
f 3664 3727 3663
f 3728 3804 3803
f 3728 3803 3727
f 3804 3860 3859
f 3804 3859 3803
f 3860 3917 3916
f 3860 3916 3859
f 3917 3970 3969
f 3917 3969 3916
f 3970 4046 4045
f 3970 4045 3969
f 4046 4110 4109
f 4046 4109 4045
f 4110 4174 4173
f 4110 4173 4109
f 4174 4238 4237
f 4174 4237 4173
f 4238 4314 4313
f 4238 4313 4237
f 4314 4378 4377
f 4314 4377 4313
f 4378 4442 4441
f 4378 4441 4377
f 4442 4506 4505
f 4442 4505 4441
f 4506 4542 4541
f 4506 4541 4505
f 4542 4588 4587
f 4542 4587 4541
f 4588 4652 4651
f 4588 4651 4587
f 4652 4716 4715
f 4652 4715 4651
f 4716 4780 4779
f 4716 4779 4715
f 4780 4856 4855
f 4780 4855 4779
f 4856 4920 4919
f 4856 4919 4855
f 4920 4984 4983
f 4920 4983 4919
f 4984 5048 5047
f 4984 5047 4983
f 5048 5124 5123
f 5048 5123 5047
f 5124 5177 5176
f 5124 5176 5123
f 5177 5234 5233
f 5177 5233 5176
f 5234 5290 5289
f 5234 5289 5233
f 5290 5366 5365
f 5290 5365 5289
f 5366 5430 5429
f 5366 5429 5365
f 5430 5485 5484
f 5430 5484 5429
f 5485 5546 5545
f 5485 5545 5484
f 5546 5613 5612
f 5546 5612 5545
f 5613 5682 5681
f 5613 5681 5612
f 5682 5733 5732
f 5682 5732 5681
f 5733 5792 5791
f 5733 5791 5732
f 5792 5857 5856
f 5792 5856 5791
f 5857 5920 5919
f 5857 5919 5856
f 5920 5980 5979
f 5920 5979 5919
f 5980 6045 6044
f 5980 6044 5979
f 6045 6116 6115
f 6045 6115 6044
f 6116 6179 6178
f 6116 6178 6115
f 6179 6231 6230
f 6179 6230 6178
f 6231 6288 6287
f 6231 6287 6230
f 6288 6346 6345
f 6288 6345 6287
f 6346 6403 6402
f 6346 6402 6345
f 6403 6468 6467
f 6403 6467 6402
f 6468 6536 6535
f 6468 6535 6467
f 6536 6595 6594
f 6536 6594 6535
f 6595 6657 6656
f 6595 6656 6594
f 6657 6724 6723
f 6657 6723 6656
f 6724 6792 6791
f 6724 6791 6723
f 6792 6833 6832
f 6792 6832 6791
f 6833 6881 6880
f 6833 6880 6832
f 6881 6941 6940
f 6881 6940 6880
f 6941 6999 6998
f 6941 6998 6940
f 6999 7058 7057
f 6999 7057 6998
f 7058 7121 7120
f 7058 7120 7057
f 7121 7168 7167
f 7121 7167 7120
f 7168 7235 7234
f 7168 7234 7167
f 7235 7297 7296
f 7235 7296 7234
f 7297 7341 7340
f 7297 7340 7296
f 7341 7401 7400
f 7341 7400 7340
f 7401 7448 7447
f 7401 7447 7400
f 7448 7497 7496
f 7448 7496 7447
f 7497 7554 7553
f 7497 7553 7496
f 7554 7603 7602
f 7554 7602 7553
f 7603 7640 7639
f 7603 7639 7602
f 7640 7694 7693
f 7640 7693 7639
f 7694 7756 7755
f 7694 7755 7693
f 7756 7799 7798
f 7756 7798 7755
f 7799 7843 7842
f 7799 7842 7798
f 7843 7877 7876
f 7843 7876 7842
f 7877 7930 7929
f 7877 7929 7876
f 7930 7963 7962
f 7930 7962 7929
f 7963 7994 7993
f 7963 7993 7962
f 7994 8014 8013
f 7994 8013 7993
f 8014 8054 8053
f 8014 8053 8013
f 8054 8074 8073
f 8054 8073 8053
f 8074 8089 8088
f 8074 8088 8073
f 8089 8110 8109
f 8089 8109 8088
f 8110 8133 8132
f 8110 8132 8109
f 8133 8144 8143
f 8133 8143 8132
f 8144 8150 8149
f 8144 8149 8143
f 8149 8145 8580
f 8149 8580 8583
f 8145 8136 8568
f 8145 8568 8580
f 8136 8111 8538
f 8136 8538 8568
f 8111 8090 8526
f 8111 8526 8538
f 8090 8075 8498
f 8090 8498 8526
f 8075 8055 8451
f 8075 8451 8498
f 8055 8015 8418
f 8055 8418 8451
f 8015 7995 8374
f 8015 8374 8418
f 7995 7964 8322
f 7995 8322 8374
f 7964 7931 8281
f 7964 8281 8322
f 7931 7878 8230
f 7931 8230 8281
f 7878 7844 8170
f 7878 8170 8230
f 7844 7800 8103
f 7844 8103 8170
f 7800 7757 8051
f 7800 8051 8103
f 7757 7695 7987
f 7757 7987 8051
f 7695 7641 7927
f 7695 7927 7987
f 7641 7604 7865
f 7641 7865 7927
f 7604 7555 7797
f 7604 7797 7865
f 7555 7498 7730
f 7555 7730 7797
f 7498 7449 7652
f 7498 7652 7730
f 7449 7402 7599
f 7449 7599 7652
f 7402 7342 7538
f 7402 7538 7599
f 7342 7298 7475
f 7342 7475 7538
f 7298 7236 7412
f 7298 7412 7475
f 7236 7169 7351
f 7236 7351 7412
f 7169 7122 7292
f 7169 7292 7351
f 7122 7059 7230
f 7122 7230 7292
f 7059 7000 7151
f 7059 7151 7230
f 7000 6942 7081
f 7000 7081 7151
f 6942 6882 7024
f 6942 7024 7081
f 6882 6834 6959
f 6882 6959 7024
f 6834 6793 6897
f 6834 6897 6959
f 6793 6725 6840
f 6793 6840 6897
f 6725 6658 6771
f 6725 6771 6840
f 6658 6596 6711
f 6658 6711 6771
f 6596 6537 6650
f 6596 6650 6711
f 6537 6469 6580
f 6537 6580 6650
f 6469 6404 6506
f 6469 6506 6580
f 6404 6347 6450
f 6404 6450 6506
f 6347 6289 6383
f 6347 6383 6450
f 6289 6232 6327
f 6289 6327 6383
f 6232 6180 6264
f 6232 6264 6327
f 6180 6117 6198
f 6180 6198 6264
f 6117 6052 6128
f 6117 6128 6198
f 6052 5981 6061
f 6052 6061 6128
f 5981 5921 5988
f 5981 5988 6061
f 5921 5858 5924
f 5921 5924 5988
f 5858 5793 5853
f 5858 5853 5924
f 5793 5734 5788
f 5793 5788 5853
f 5734 5683 5726
f 5734 5726 5788
f 5683 5614 5664
f 5683 5664 5726
f 5614 5547 5596
f 5614 5596 5664
f 5547 5486 5530
f 5547 5530 5596
f 5486 5431 5474
f 5486 5474 5530
f 5431 5367 5410
f 5431 5410 5474
f 5367 5291 5340
f 5367 5340 5410
f 5291 5235 5270
f 5291 5270 5340
f 5235 5178 5206
f 5235 5206 5270
f 5178 5125 5142
f 5178 5142 5206
f 5125 5049 5072
f 5125 5072 5142
f 5049 4985 5002
f 5049 5002 5072
f 4985 4921 4938
f 4985 4938 5002
f 4921 4857 4874
f 4921 4874 4938
f 4857 4781 4804
f 4857 4804 4874
f 4781 4717 4734
f 4781 4734 4804
f 4717 4653 4670
f 4717 4670 4734
f 4653 4589 4606
f 4653 4606 4670
f 4589 4551 4564
f 4589 4564 4606
f 4551 4507 4500
f 4551 4500 4564
f 4507 4443 4430
f 4507 4430 4500
f 4443 4379 4366
f 4443 4366 4430
f 4379 4315 4300
f 4379 4300 4366
f 4315 4239 4224
f 4315 4224 4300
f 4239 4175 4160
f 4239 4160 4224
f 4175 4111 4098
f 4175 4098 4160
f 4111 4047 4028
f 4111 4028 4098
f 4047 3971 3958
f 4047 3958 4028
f 3971 3918 3894
f 3971 3894 3958
f 3918 3861 3830
f 3918 3830 3894
f 3861 3805 3758
f 3861 3758 3830
f 3805 3729 3688
f 3805 3688 3758
f 3729 3665 3624
f 3729 3624 3688
f 3665 3610 3568
f 3665 3568 3624
f 3610 3549 3502
f 3610 3502 3568
f 3549 3482 3436
f 3549 3436 3502
f 3482 3413 3374
f 3482 3374 3436
f 3413 3362 3310
f 3413 3310 3374
f 3362 3303 3245
f 3362 3245 3310
f 3303 3238 3178
f 3303 3178 3245
f 3238 3175 3110
f 3238 3110 3178
f 3175 3115 3037
f 3175 3037 3110
f 3115 3050 2970
f 3115 2970 3037
f 3050 2979 2900
f 3050 2900 2970
f 2979 2916 2834
f 2979 2834 2900
f 2916 2864 2771
f 2916 2771 2834
f 2864 2807 2715
f 2864 2715 2771
f 2807 2749 2648
f 2807 2648 2715
f 2749 2692 2592
f 2749 2592 2648
f 2692 2627 2518
f 2692 2518 2592
f 2627 2559 2448
f 2627 2448 2518
f 2559 2500 2387
f 2559 2387 2448
f 2500 2438 2327
f 2500 2327 2387
f 2438 2371 2258
f 2438 2258 2327
f 2371 2303 2201
f 2371 2201 2258
f 2303 2262 2139
f 2303 2139 2201
f 2262 2214 2074
f 2262 2074 2139
f 2214 2154 2017
f 2214 2017 2074
f 2154 2096 1947
f 2154 1947 2017
f 2096 2037 1868
f 2096 1868 1947
f 2037 1974 1806
f 2037 1806 1868
f 1974 1927 1747
f 1974 1747 1806
f 1927 1860 1686
f 1927 1686 1747
f 1860 1798 1623
f 1860 1623 1686
f 1798 1754 1560
f 1798 1560 1623
f 1754 1694 1499
f 1754 1499 1560
f 1694 1647 1446
f 1694 1446 1499
f 1647 1598 1368
f 1647 1368 1446
f 1598 1541 1301
f 1598 1301 1368
f 1541 1492 1233
f 1541 1233 1301
f 1492 1455 1171
f 1492 1171 1233
f 1455 1401 1111
f 1455 1111 1171
f 1401 1339 1047
f 1401 1047 1111
f 1339 1296 995
f 1339 995 1047
f 1296 1252 928
f 1296 928 995
f 1252 1218 868
f 1252 868 928
f 1218 1165 817
f 1218 817 868
f 1165 1132 776
f 1165 776 817
f 1132 1101 728
f 1132 728 776
f 1101 1081 680
f 1101 680 728
f 1081 1041 647
f 1081 647 680
f 1041 1019 604
f 1041 604 647
f 1019 1006 574
f 1019 574 604
f 1006 985 560
f 1006 560 574
f 985 962 532
f 985 532 560
f 962 951 518
f 962 518 532
f 951 945 513
f 951 513 518
f 945 949 516
f 945 516 513
f 949 958 528
f 949 528 516
f 958 983 558
f 958 558 528
f 983 1004 570
f 983 570 558
f 1004 1017 598
f 1004 598 570
f 1017 1039 645
f 1017 645 598
f 1039 1079 678
f 1039 678 645
f 1079 1099 722
f 1079 722 678
f 1099 1130 774
f 1099 774 722
f 1130 1163 815
f 1130 815 774
f 1163 1216 866
f 1163 866 815
f 1216 1250 926
f 1216 926 866
f 1250 1294 993
f 1250 993 926
f 1294 1337 1045
f 1294 1045 993
f 1337 1399 1109
f 1337 1109 1045
f 1399 1453 1169
f 1399 1169 1109
f 1453 1490 1231
f 1453 1231 1169
f 1490 1539 1299
f 1490 1299 1231
f 1539 1596 1366
f 1539 1366 1299
f 1596 1645 1444
f 1596 1444 1366
f 1645 1692 1497
f 1645 1497 1444
f 1692 1752 1558
f 1692 1558 1497
f 1752 1796 1621
f 1752 1621 1558
f 1796 1858 1684
f 1796 1684 1621
f 1858 1925 1745
f 1858 1745 1684
f 1925 1972 1804
f 1925 1804 1745
f 1972 2035 1866
f 1972 1866 1804
f 2035 2094 1945
f 2035 1945 1866
f 2094 2152 2015
f 2094 2015 1945
f 2152 2212 2072
f 2152 2072 2015
f 2212 2260 2137
f 2212 2137 2072
f 2260 2301 2199
f 2260 2199 2137
f 2301 2369 2256
f 2301 2256 2199
f 2369 2436 2325
f 2369 2325 2256
f 2436 2498 2385
f 2436 2385 2325
f 2498 2557 2446
f 2498 2446 2385
f 2557 2625 2516
f 2557 2516 2446
f 2625 2690 2590
f 2625 2590 2516
f 2690 2747 2646
f 2690 2646 2590
f 2747 2805 2713
f 2747 2713 2646
f 2805 2862 2769
f 2805 2769 2713
f 2862 2914 2832
f 2862 2832 2769
f 2914 2977 2898
f 2914 2898 2832
f 2977 3042 2968
f 2977 2968 2898
f 3042 3113 3035
f 3042 3035 2968
f 3113 3173 3108
f 3113 3108 3035
f 3173 3236 3172
f 3173 3172 3108
f 3236 3301 3243
f 3236 3243 3172
f 3301 3360 3308
f 3301 3308 3243
f 3360 3411 3370
f 3360 3370 3308
f 3411 3480 3432
f 3411 3432 3370
f 3480 3547 3500
f 3480 3500 3432
f 3547 3608 3566
f 3547 3566 3500
f 3608 3663 3622
f 3608 3622 3566
f 3663 3727 3686
f 3663 3686 3622
f 3727 3803 3756
f 3727 3756 3686
f 3803 3859 3826
f 3803 3826 3756
f 3859 3916 3890
f 3859 3890 3826
f 3916 3969 3954
f 3916 3954 3890
f 3969 4045 4024
f 3969 4024 3954
f 4045 4109 4094
f 4045 4094 4024
f 4109 4173 4158
f 4109 4158 4094
f 4173 4237 4222
f 4173 4222 4158
f 4237 4313 4292
f 4237 4292 4222
f 4313 4377 4362
f 4313 4362 4292
f 4377 4441 4426
f 4377 4426 4362
f 4441 4505 4490
f 4441 4490 4426
f 4505 4541 4532
f 4505 4532 4490
f 4541 4587 4596
f 4541 4596 4532
f 4587 4651 4666
f 4587 4666 4596
f 4651 4715 4730
f 4651 4730 4666
f 4715 4779 4796
f 4715 4796 4730
f 4779 4855 4872
f 4779 4872 4796
f 4855 4919 4936
f 4855 4936 4872
f 4919 4983 4998
f 4919 4998 4936
f 4983 5047 5068
f 4983 5068 4998
f 5047 5123 5138
f 5047 5138 5068
f 5123 5176 5202
f 5123 5202 5138
f 5176 5233 5266
f 5176 5266 5202
f 5233 5289 5338
f 5233 5338 5266
f 5289 5365 5408
f 5289 5408 5338
f 5365 5429 5472
f 5365 5472 5408
f 5429 5484 5528
f 5429 5528 5472
f 5484 5545 5594
f 5484 5594 5528
f 5545 5612 5660
f 5545 5660 5594
f 5612 5681 5722
f 5612 5722 5660
f 5681 5732 5786
f 5681 5786 5722
f 5732 5791 5851
f 5732 5851 5786
f 5791 5856 5918
f 5791 5918 5851
f 5856 5919 5986
f 5856 5986 5918
f 5919 5979 6059
f 5919 6059 5986
f 5979 6044 6126
f 5979 6126 6059
f 6044 6115 6196
f 6044 6196 6126
f 6115 6178 6262
f 6115 6262 6196
f 6178 6230 6325
f 6178 6325 6262
f 6230 6287 6381
f 6230 6381 6325
f 6287 6345 6448
f 6287 6448 6381
f 6345 6402 6504
f 6345 6504 6448
f 6402 6467 6578
f 6402 6578 6504
f 6467 6535 6648
f 6467 6648 6578
f 6535 6594 6709
f 6535 6709 6648
f 6594 6656 6769
f 6594 6769 6709
f 6656 6723 6838
f 6656 6838 6769
f 6723 6791 6895
f 6723 6895 6838
f 6791 6832 6957
f 6791 6957 6895
f 6832 6880 7022
f 6832 7022 6957
f 6880 6940 7079
f 6880 7079 7022
f 6940 6998 7149
f 6940 7149 7079
f 6998 7057 7228
f 6998 7228 7149
f 7057 7120 7290
f 7057 7290 7228
f 7120 7167 7349
f 7120 7349 7290
f 7167 7234 7410
f 7167 7410 7349
f 7234 7296 7473
f 7234 7473 7410
f 7296 7340 7536
f 7296 7536 7473
f 7340 7400 7597
f 7340 7597 7536
f 7400 7447 7650
f 7400 7650 7597
f 7447 7496 7728
f 7447 7728 7650
f 7496 7553 7795
f 7496 7795 7728
f 7553 7602 7863
f 7553 7863 7795
f 7602 7639 7925
f 7602 7925 7863
f 7639 7693 7985
f 7639 7985 7925
f 7693 7755 8049
f 7693 8049 7985
f 7755 7798 8101
f 7755 8101 8049
f 7798 7842 8168
f 7798 8168 8101
f 7842 7876 8228
f 7842 8228 8168
f 7876 7929 8279
f 7876 8279 8228
f 7929 7962 8320
f 7929 8320 8279
f 7962 7993 8368
f 7962 8368 8320
f 7993 8013 8416
f 7993 8416 8368
f 8013 8053 8449
f 8013 8449 8416
f 8053 8073 8492
f 8053 8492 8449
f 8073 8088 8522
f 8073 8522 8492
f 8088 8109 8536
f 8088 8536 8522
f 8109 8132 8564
f 8109 8564 8536
f 8132 8143 8578
f 8132 8578 8564
f 8143 8149 8583
f 8143 8583 8578
f 8583 8580 8579
f 8583 8579 8582
f 8580 8568 8567
f 8580 8567 8579
f 8568 8538 8537
f 8568 8537 8567
f 8538 8526 8525
f 8538 8525 8537
f 8526 8498 8497
f 8526 8497 8525
f 8498 8451 8450
f 8498 8450 8497
f 8451 8418 8417
f 8451 8417 8450
f 8418 8374 8373
f 8418 8373 8417
f 8374 8322 8321
f 8374 8321 8373
f 8322 8281 8280
f 8322 8280 8321
f 8281 8230 8229
f 8281 8229 8280
f 8230 8170 8169
f 8230 8169 8229
f 8170 8103 8102
f 8170 8102 8169
f 8103 8051 8050
f 8103 8050 8102
f 8051 7987 7986
f 8051 7986 8050
f 7987 7927 7926
f 7987 7926 7986
f 7927 7865 7864
f 7927 7864 7926
f 7865 7797 7796
f 7865 7796 7864
f 7797 7730 7729
f 7797 7729 7796
f 7730 7652 7651
f 7730 7651 7729
f 7652 7599 7598
f 7652 7598 7651
f 7599 7538 7537
f 7599 7537 7598
f 7538 7475 7474
f 7538 7474 7537
f 7475 7412 7411
f 7475 7411 7474
f 7412 7351 7350
f 7412 7350 7411
f 7351 7292 7291
f 7351 7291 7350
f 7292 7230 7229
f 7292 7229 7291
f 7230 7151 7150
f 7230 7150 7229
f 7151 7081 7080
f 7151 7080 7150
f 7081 7024 7023
f 7081 7023 7080
f 7024 6959 6958
f 7024 6958 7023
f 6959 6897 6896
f 6959 6896 6958
f 6897 6840 6839
f 6897 6839 6896
f 6840 6771 6770
f 6840 6770 6839
f 6771 6711 6710
f 6771 6710 6770
f 6711 6650 6649
f 6711 6649 6710
f 6650 6580 6579
f 6650 6579 6649
f 6580 6506 6505
f 6580 6505 6579
f 6506 6450 6449
f 6506 6449 6505
f 6450 6383 6382
f 6450 6382 6449
f 6383 6327 6326
f 6383 6326 6382
f 6327 6264 6263
f 6327 6263 6326
f 6264 6198 6197
f 6264 6197 6263
f 6198 6128 6127
f 6198 6127 6197
f 6128 6061 6060
f 6128 6060 6127
f 6061 5988 5987
f 6061 5987 6060
f 5988 5924 5923
f 5988 5923 5987
f 5924 5853 5852
f 5924 5852 5923
f 5853 5788 5787
f 5853 5787 5852
f 5788 5726 5725
f 5788 5725 5787
f 5726 5664 5663
f 5726 5663 5725
f 5664 5596 5595
f 5664 5595 5663
f 5596 5530 5529
f 5596 5529 5595
f 5530 5474 5473
f 5530 5473 5529
f 5474 5410 5409
f 5474 5409 5473
f 5410 5340 5339
f 5410 5339 5409
f 5340 5270 5269
f 5340 5269 5339
f 5270 5206 5205
f 5270 5205 5269
f 5206 5142 5141
f 5206 5141 5205
f 5142 5072 5071
f 5142 5071 5141
f 5072 5002 5001
f 5072 5001 5071
f 5002 4938 4937
f 5002 4937 5001
f 4938 4874 4873
f 4938 4873 4937
f 4874 4804 4803
f 4874 4803 4873
f 4804 4734 4733
f 4804 4733 4803
f 4734 4670 4669
f 4734 4669 4733
f 4670 4606 4605
f 4670 4605 4669
f 4606 4564 4563
f 4606 4563 4605
f 4564 4500 4499
f 4564 4499 4563
f 4500 4430 4429
f 4500 4429 4499
f 4430 4366 4365
f 4430 4365 4429
f 4366 4300 4299
f 4366 4299 4365
f 4300 4224 4223
f 4300 4223 4299
f 4224 4160 4159
f 4224 4159 4223
f 4160 4098 4097
f 4160 4097 4159
f 4098 4028 4027
f 4098 4027 4097
f 4028 3958 3957
f 4028 3957 4027
f 3958 3894 3893
f 3958 3893 3957
f 3894 3830 3829
f 3894 3829 3893
f 3830 3758 3757
f 3830 3757 3829
f 3758 3688 3687
f 3758 3687 3757
f 3688 3624 3623
f 3688 3623 3687
f 3624 3568 3567
f 3624 3567 3623
f 3568 3502 3501
f 3568 3501 3567
f 3502 3436 3435
f 3502 3435 3501
f 3436 3374 3373
f 3436 3373 3435
f 3374 3310 3309
f 3374 3309 3373
f 3310 3245 3244
f 3310 3244 3309
f 3245 3178 3177
f 3245 3177 3244
f 3178 3110 3109
f 3178 3109 3177
f 3110 3037 3036
f 3110 3036 3109
f 3037 2970 2969
f 3037 2969 3036
f 2970 2900 2899
f 2970 2899 2969
f 2900 2834 2833
f 2900 2833 2899
f 2834 2771 2770
f 2834 2770 2833
f 2771 2715 2714
f 2771 2714 2770
f 2715 2648 2647
f 2715 2647 2714
f 2648 2592 2591
f 2648 2591 2647
f 2592 2518 2517
f 2592 2517 2591
f 2518 2448 2447
f 2518 2447 2517
f 2448 2387 2386
f 2448 2386 2447
f 2387 2327 2326
f 2387 2326 2386
f 2327 2258 2257
f 2327 2257 2326
f 2258 2201 2200
f 2258 2200 2257
f 2201 2139 2138
f 2201 2138 2200
f 2139 2074 2073
f 2139 2073 2138
f 2074 2017 2016
f 2074 2016 2073
f 2017 1947 1946
f 2017 1946 2016
f 1947 1868 1867
f 1947 1867 1946
f 1868 1806 1805
f 1868 1805 1867
f 1806 1747 1746
f 1806 1746 1805
f 1747 1686 1685
f 1747 1685 1746
f 1686 1623 1622
f 1686 1622 1685
f 1623 1560 1559
f 1623 1559 1622
f 1560 1499 1498
f 1560 1498 1559
f 1499 1446 1445
f 1499 1445 1498
f 1446 1368 1367
f 1446 1367 1445
f 1368 1301 1300
f 1368 1300 1367
f 1301 1233 1232
f 1301 1232 1300
f 1233 1171 1170
f 1233 1170 1232
f 1171 1111 1110
f 1171 1110 1170
f 1111 1047 1046
f 1111 1046 1110
f 1047 995 994
f 1047 994 1046
f 995 928 927
f 995 927 994
f 928 868 867
f 928 867 927
f 868 817 816
f 868 816 867
f 817 776 775
f 817 775 816
f 776 728 727
f 776 727 775
f 728 680 679
f 728 679 727
f 680 647 646
f 680 646 679
f 647 604 603
f 647 603 646
f 604 574 573
f 604 573 603
f 574 560 559
f 574 559 573
f 560 532 531
f 560 531 559
f 532 518 517
f 532 517 531
f 518 513 512
f 518 512 517
f 513 516 515
f 513 515 512
f 516 528 527
f 516 527 515
f 528 558 557
f 528 557 527
f 558 570 569
f 558 569 557
f 570 598 597
f 570 597 569
f 598 645 644
f 598 644 597
f 645 678 677
f 645 677 644
f 678 722 721
f 678 721 677
f 722 774 773
f 722 773 721
f 774 815 814
f 774 814 773
f 815 866 865
f 815 865 814
f 866 926 925
f 866 925 865
f 926 993 992
f 926 992 925
f 993 1045 1044
f 993 1044 992
f 1045 1109 1108
f 1045 1108 1044
f 1109 1169 1168
f 1109 1168 1108
f 1169 1231 1230
f 1169 1230 1168
f 1231 1299 1298
f 1231 1298 1230
f 1299 1366 1365
f 1299 1365 1298
f 1366 1444 1443
f 1366 1443 1365
f 1444 1497 1496
f 1444 1496 1443
f 1497 1558 1557
f 1497 1557 1496
f 1558 1621 1620
f 1558 1620 1557
f 1621 1684 1683
f 1621 1683 1620
f 1684 1745 1744
f 1684 1744 1683
f 1745 1804 1803
f 1745 1803 1744
f 1804 1866 1865
f 1804 1865 1803
f 1866 1945 1944
f 1866 1944 1865
f 1945 2015 2014
f 1945 2014 1944
f 2015 2072 2071
f 2015 2071 2014
f 2072 2137 2136
f 2072 2136 2071
f 2137 2199 2198
f 2137 2198 2136
f 2199 2256 2255
f 2199 2255 2198
f 2256 2325 2324
f 2256 2324 2255
f 2325 2385 2384
f 2325 2384 2324
f 2385 2446 2445
f 2385 2445 2384
f 2446 2516 2515
f 2446 2515 2445
f 2516 2590 2589
f 2516 2589 2515
f 2590 2646 2645
f 2590 2645 2589
f 2646 2713 2712
f 2646 2712 2645
f 2713 2769 2768
f 2713 2768 2712
f 2769 2832 2831
f 2769 2831 2768
f 2832 2898 2897
f 2832 2897 2831
f 2898 2968 2967
f 2898 2967 2897
f 2968 3035 3034
f 2968 3034 2967
f 3035 3108 3107
f 3035 3107 3034
f 3108 3172 3171
f 3108 3171 3107
f 3172 3243 3242
f 3172 3242 3171
f 3243 3308 3307
f 3243 3307 3242
f 3308 3370 3369
f 3308 3369 3307
f 3370 3432 3431
f 3370 3431 3369
f 3432 3500 3499
f 3432 3499 3431
f 3500 3566 3565
f 3500 3565 3499
f 3566 3622 3621
f 3566 3621 3565
f 3622 3686 3685
f 3622 3685 3621
f 3686 3756 3755
f 3686 3755 3685
f 3756 3826 3825
f 3756 3825 3755
f 3826 3890 3889
f 3826 3889 3825
f 3890 3954 3953
f 3890 3953 3889
f 3954 4024 4023
f 3954 4023 3953
f 4024 4094 4093
f 4024 4093 4023
f 4094 4158 4157
f 4094 4157 4093
f 4158 4222 4221
f 4158 4221 4157
f 4222 4292 4291
f 4222 4291 4221
f 4292 4362 4361
f 4292 4361 4291
f 4362 4426 4425
f 4362 4425 4361
f 4426 4490 4489
f 4426 4489 4425
f 4490 4532 4531
f 4490 4531 4489
f 4532 4596 4595
f 4532 4595 4531
f 4596 4666 4665
f 4596 4665 4595
f 4666 4730 4729
f 4666 4729 4665
f 4730 4796 4795
f 4730 4795 4729
f 4796 4872 4871
f 4796 4871 4795
f 4872 4936 4935
f 4872 4935 4871
f 4936 4998 4997
f 4936 4997 4935
f 4998 5068 5067
f 4998 5067 4997
f 5068 5138 5137
f 5068 5137 5067
f 5138 5202 5201
f 5138 5201 5137
f 5202 5266 5265
f 5202 5265 5201
f 5266 5338 5337
f 5266 5337 5265
f 5338 5408 5407
f 5338 5407 5337
f 5408 5472 5471
f 5408 5471 5407
f 5472 5528 5527
f 5472 5527 5471
f 5528 5594 5593
f 5528 5593 5527
f 5594 5660 5659
f 5594 5659 5593
f 5660 5722 5721
f 5660 5721 5659
f 5722 5786 5785
f 5722 5785 5721
f 5786 5851 5850
f 5786 5850 5785
f 5851 5918 5917
f 5851 5917 5850
f 5918 5986 5985
f 5918 5985 5917
f 5986 6059 6058
f 5986 6058 5985
f 6059 6126 6125
f 6059 6125 6058
f 6126 6196 6195
f 6126 6195 6125
f 6196 6262 6261
f 6196 6261 6195
f 6262 6325 6324
f 6262 6324 6261
f 6325 6381 6380
f 6325 6380 6324
f 6381 6448 6447
f 6381 6447 6380
f 6448 6504 6503
f 6448 6503 6447
f 6504 6578 6577
f 6504 6577 6503
f 6578 6648 6647
f 6578 6647 6577
f 6648 6709 6708
f 6648 6708 6647
f 6709 6769 6768
f 6709 6768 6708
f 6769 6838 6837
f 6769 6837 6768
f 6838 6895 6894
f 6838 6894 6837
f 6895 6957 6956
f 6895 6956 6894
f 6957 7022 7021
f 6957 7021 6956
f 7022 7079 7078
f 7022 7078 7021
f 7079 7149 7148
f 7079 7148 7078
f 7149 7228 7227
f 7149 7227 7148
f 7228 7290 7289
f 7228 7289 7227
f 7290 7349 7348
f 7290 7348 7289
f 7349 7410 7409
f 7349 7409 7348
f 7410 7473 7472
f 7410 7472 7409
f 7473 7536 7535
f 7473 7535 7472
f 7536 7597 7596
f 7536 7596 7535
f 7597 7650 7649
f 7597 7649 7596
f 7650 7728 7727
f 7650 7727 7649
f 7728 7795 7794
f 7728 7794 7727
f 7795 7863 7862
f 7795 7862 7794
f 7863 7925 7924
f 7863 7924 7862
f 7925 7985 7984
f 7925 7984 7924
f 7985 8049 8048
f 7985 8048 7984
f 8049 8101 8100
f 8049 8100 8048
f 8101 8168 8167
f 8101 8167 8100
f 8168 8228 8227
f 8168 8227 8167
f 8228 8279 8278
f 8228 8278 8227
f 8279 8320 8319
f 8279 8319 8278
f 8320 8368 8367
f 8320 8367 8319
f 8368 8416 8415
f 8368 8415 8367
f 8416 8449 8448
f 8416 8448 8415
f 8449 8492 8491
f 8449 8491 8448
f 8492 8522 8521
f 8492 8521 8491
f 8522 8536 8535
f 8522 8535 8521
f 8536 8564 8563
f 8536 8563 8535
f 8564 8578 8577
f 8564 8577 8563
f 8578 8583 8582
f 8578 8582 8577
f 8582 8579 8716
f 8582 8716 8719
f 8579 8567 8710
f 8579 8710 8716
f 8567 8537 8690
f 8567 8690 8710
f 8537 8525 8674
f 8537 8674 8690
f 8525 8497 8653
f 8525 8653 8674
f 8497 8450 8631
f 8497 8631 8653
f 8450 8417 8607
f 8450 8607 8631
f 8417 8373 8575
f 8417 8575 8607
f 8373 8321 8510
f 8373 8510 8575
f 8321 8280 8447
f 8321 8447 8510
f 8280 8229 8382
f 8280 8382 8447
f 8229 8169 8315
f 8229 8315 8382
f 8169 8102 8260
f 8169 8260 8315
f 8102 8050 8195
f 8102 8195 8260
f 8050 7986 8119
f 8050 8119 8195
f 7986 7926 8047
f 7986 8047 8119
f 7926 7864 7977
f 7926 7977 8047
f 7864 7796 7913
f 7864 7913 7977
f 7796 7729 7838
f 7796 7838 7913
f 7729 7651 7768
f 7729 7768 7838
f 7651 7598 7687
f 7651 7687 7768
f 7598 7537 7613
f 7598 7613 7687
f 7537 7474 7557
f 7537 7557 7613
f 7474 7411 7486
f 7474 7486 7557
f 7411 7350 7417
f 7411 7417 7486
f 7350 7291 7358
f 7350 7358 7417
f 7291 7229 7294
f 7291 7294 7358
f 7229 7150 7226
f 7229 7226 7294
f 7150 7080 7144
f 7150 7144 7226
f 7080 7023 7074
f 7080 7074 7144
f 7023 6958 7014
f 7023 7014 7074
f 6958 6896 6946
f 6958 6946 7014
f 6896 6839 6872
f 6896 6872 6946
f 6839 6770 6814
f 6839 6814 6872
f 6770 6710 6750
f 6770 6750 6814
f 6710 6649 6682
f 6710 6682 6750
f 6649 6579 6615
f 6649 6615 6682
f 6579 6505 6549
f 6579 6549 6615
f 6505 6449 6474
f 6505 6474 6549
f 6449 6382 6407
f 6449 6407 6474
f 6382 6326 6344
f 6382 6344 6407
f 6326 6263 6274
f 6326 6274 6344
f 6263 6197 6211
f 6263 6211 6274
f 6197 6127 6142
f 6197 6142 6211
f 6127 6060 6079
f 6127 6079 6142
f 6060 5987 6006
f 6060 6006 6079
f 5987 5923 5946
f 5987 5946 6006
f 5923 5852 5880
f 5923 5880 5946
f 5852 5787 5818
f 5852 5818 5880
f 5787 5725 5754
f 5787 5754 5818
f 5725 5663 5688
f 5725 5688 5754
f 5663 5595 5618
f 5663 5618 5688
f 5595 5529 5544
f 5595 5544 5618
f 5529 5473 5480
f 5529 5480 5544
f 5473 5409 5416
f 5473 5416 5480
f 5409 5339 5346
f 5409 5346 5416
f 5339 5269 5276
f 5339 5276 5346
f 5269 5205 5212
f 5269 5212 5276
f 5205 5141 5148
f 5205 5148 5212
f 5141 5071 5078
f 5141 5078 5148
f 5071 5001 5008
f 5071 5008 5078
f 5001 4937 4944
f 5001 4944 5008
f 4937 4873 4880
f 4937 4880 4944
f 4873 4803 4810
f 4873 4810 4880
f 4803 4733 4740
f 4803 4740 4810
f 4733 4669 4678
f 4733 4678 4740
f 4669 4605 4612
f 4669 4612 4678
f 4605 4563 4567
f 4605 4567 4612
f 4563 4499 4488
f 4563 4488 4567
f 4499 4429 4420
f 4499 4420 4488
f 4429 4365 4358
f 4429 4358 4420
f 4365 4299 4288
f 4365 4288 4358
f 4299 4223 4218
f 4299 4218 4288
f 4223 4159 4154
f 4223 4154 4218
f 4159 4097 4088
f 4159 4088 4154
f 4097 4027 4020
f 4097 4020 4088
f 4027 3957 3948
f 4027 3948 4020
f 3957 3893 3884
f 3957 3884 3948
f 3893 3829 3820
f 3893 3820 3884
f 3829 3757 3750
f 3829 3750 3820
f 3757 3687 3680
f 3757 3680 3750
f 3687 3623 3616
f 3687 3616 3680
f 3623 3567 3552
f 3623 3552 3616
f 3567 3501 3478
f 3567 3478 3552
f 3501 3435 3408
f 3501 3408 3478
f 3435 3373 3344
f 3435 3344 3408
f 3373 3309 3278
f 3373 3278 3344
f 3309 3244 3216
f 3309 3216 3278
f 3244 3177 3150
f 3244 3150 3216
f 3177 3109 3090
f 3177 3090 3150
f 3109 3036 3019
f 3109 3019 3090
f 3036 2969 2954
f 3036 2954 3019
f 2969 2899 2885
f 2969 2885 2954
f 2899 2833 2822
f 2899 2822 2885
f 2833 2770 2752
f 2833 2752 2822
f 2770 2714 2689
f 2770 2689 2752
f 2714 2647 2622
f 2714 2622 2689
f 2647 2591 2547
f 2647 2547 2622
f 2591 2517 2483
f 2591 2483 2547
f 2517 2447 2414
f 2517 2414 2483
f 2447 2386 2350
f 2447 2350 2414
f 2386 2326 2282
f 2386 2282 2350
f 2326 2257 2224
f 2326 2224 2282
f 2257 2200 2158
f 2257 2158 2224
f 2200 2138 2082
f 2200 2082 2158
f 2138 2073 2022
f 2138 2022 2082
f 2073 2016 1954
f 2073 1954 2022
f 2016 1946 1870
f 2016 1870 1954
f 1946 1867 1802
f 1946 1802 1870
f 1867 1805 1738
f 1867 1738 1802
f 1805 1746 1679
f 1805 1679 1738
f 1746 1685 1610
f 1746 1610 1679
f 1685 1622 1543
f 1685 1543 1610
f 1622 1559 1483
f 1622 1483 1543
f 1559 1498 1409
f 1559 1409 1483
f 1498 1445 1328
f 1498 1328 1409
f 1445 1367 1258
f 1445 1258 1328
f 1367 1300 1183
f 1367 1183 1258
f 1300 1232 1119
f 1300 1119 1183
f 1232 1170 1051
f 1232 1051 1119
f 1170 1110 977
f 1170 977 1051
f 1110 1046 903
f 1110 903 977
f 1046 994 836
f 1046 836 903
f 994 927 784
f 994 784 836
f 927 867 714
f 927 714 784
f 867 816 651
f 867 651 714
f 816 775 592
f 816 592 651
f 775 727 522
f 775 522 592
f 727 679 489
f 727 489 522
f 679 646 465
f 679 465 489
f 646 603 443
f 646 443 465
f 603 573 422
f 603 422 443
f 573 559 408
f 573 408 422
f 559 531 386
f 559 386 408
f 531 517 380
f 531 380 386
f 517 512 376
f 517 376 380
f 512 515 379
f 512 379 376
f 515 527 385
f 515 385 379
f 527 557 405
f 527 405 385
f 557 569 421
f 557 421 405
f 569 597 442
f 569 442 421
f 597 644 464
f 597 464 442
f 644 677 488
f 644 488 464
f 677 721 520
f 677 520 488
f 721 773 585
f 721 585 520
f 773 814 648
f 773 648 585
f 814 865 713
f 814 713 648
f 865 925 780
f 865 780 713
f 925 992 835
f 925 835 780
f 992 1044 900
f 992 900 835
f 1044 1108 976
f 1044 976 900
f 1108 1168 1048
f 1108 1048 976
f 1168 1230 1118
f 1168 1118 1048
f 1230 1298 1182
f 1230 1182 1118
f 1298 1365 1257
f 1298 1257 1182
f 1365 1443 1327
f 1365 1327 1257
f 1443 1496 1408
f 1443 1408 1327
f 1496 1557 1482
f 1496 1482 1408
f 1557 1620 1538
f 1557 1538 1482
f 1620 1683 1609
f 1620 1609 1538
f 1683 1744 1678
f 1683 1678 1609
f 1744 1803 1737
f 1744 1737 1678
f 1803 1865 1801
f 1803 1801 1737
f 1865 1944 1869
f 1865 1869 1801
f 1944 2014 1951
f 1944 1951 1869
f 2014 2071 2021
f 2014 2021 1951
f 2071 2136 2081
f 2071 2081 2021
f 2136 2198 2149
f 2136 2149 2081
f 2198 2255 2223
f 2198 2223 2149
f 2255 2324 2281
f 2255 2281 2223
f 2324 2384 2345
f 2324 2345 2281
f 2384 2445 2413
f 2384 2413 2345
f 2445 2515 2480
f 2445 2480 2413
f 2515 2589 2546
f 2515 2546 2480
f 2589 2645 2621
f 2589 2621 2546
f 2645 2712 2688
f 2645 2688 2621
f 2712 2768 2751
f 2712 2751 2688
f 2768 2831 2821
f 2768 2821 2751
f 2831 2897 2884
f 2831 2884 2821
f 2897 2967 2953
f 2897 2953 2884
f 2967 3034 3016
f 2967 3016 2953
f 3034 3107 3089
f 3034 3089 3016
f 3107 3171 3149
f 3107 3149 3089
f 3171 3242 3215
f 3171 3215 3149
f 3242 3307 3277
f 3242 3277 3215
f 3307 3369 3341
f 3307 3341 3277
f 3369 3431 3407
f 3369 3407 3341
f 3431 3499 3477
f 3431 3477 3407
f 3499 3565 3551
f 3499 3551 3477
f 3565 3621 3615
f 3565 3615 3551
f 3621 3685 3679
f 3621 3679 3615
f 3685 3755 3749
f 3685 3749 3679
f 3755 3825 3819
f 3755 3819 3749
f 3825 3889 3883
f 3825 3883 3819
f 3889 3953 3947
f 3889 3947 3883
f 3953 4023 4017
f 3953 4017 3947
f 4023 4093 4087
f 4023 4087 4017
f 4093 4157 4151
f 4093 4151 4087
f 4157 4221 4215
f 4157 4215 4151
f 4221 4291 4285
f 4221 4285 4215
f 4291 4361 4355
f 4291 4355 4285
f 4361 4425 4417
f 4361 4417 4355
f 4425 4489 4483
f 4425 4483 4417
f 4489 4531 4528
f 4489 4528 4483
f 4531 4595 4607
f 4531 4607 4528
f 4595 4665 4675
f 4595 4675 4607
f 4665 4729 4737
f 4665 4737 4675
f 4729 4795 4807
f 4729 4807 4737
f 4795 4871 4877
f 4795 4877 4807
f 4871 4935 4941
f 4871 4941 4877
f 4935 4997 5007
f 4935 5007 4941
f 4997 5067 5075
f 4997 5075 5007
f 5067 5137 5147
f 5067 5147 5075
f 5137 5201 5211
f 5137 5211 5147
f 5201 5265 5275
f 5201 5275 5211
f 5265 5337 5345
f 5265 5345 5275
f 5337 5407 5415
f 5337 5415 5345
f 5407 5471 5479
f 5407 5479 5415
f 5471 5527 5543
f 5471 5543 5479
f 5527 5593 5617
f 5527 5617 5543
f 5593 5659 5687
f 5593 5687 5617
f 5659 5721 5751
f 5659 5751 5687
f 5721 5785 5817
f 5721 5817 5751
f 5785 5850 5879
f 5785 5879 5817
f 5850 5917 5945
f 5850 5945 5879
f 5917 5985 6005
f 5917 6005 5945
f 5985 6058 6076
f 5985 6076 6005
f 6058 6125 6141
f 6058 6141 6076
f 6125 6195 6210
f 6125 6210 6141
f 6195 6261 6273
f 6195 6273 6210
f 6261 6324 6343
f 6261 6343 6273
f 6324 6380 6406
f 6324 6406 6343
f 6380 6447 6473
f 6380 6473 6406
f 6447 6503 6548
f 6447 6548 6473
f 6503 6577 6612
f 6503 6612 6548
f 6577 6647 6681
f 6577 6681 6612
f 6647 6708 6745
f 6647 6745 6681
f 6708 6768 6813
f 6708 6813 6745
f 6768 6837 6871
f 6768 6871 6813
f 6837 6894 6937
f 6837 6937 6871
f 6894 6956 7013
f 6894 7013 6937
f 6956 7021 7073
f 6956 7073 7013
f 7021 7078 7141
f 7021 7141 7073
f 7078 7148 7225
f 7078 7225 7141
f 7148 7227 7293
f 7148 7293 7225
f 7227 7289 7357
f 7227 7357 7293
f 7289 7348 7416
f 7289 7416 7357
f 7348 7409 7485
f 7348 7485 7416
f 7409 7472 7552
f 7409 7552 7485
f 7472 7535 7612
f 7472 7612 7552
f 7535 7596 7686
f 7535 7686 7612
f 7596 7649 7767
f 7596 7767 7686
f 7649 7727 7837
f 7649 7837 7767
f 7727 7794 7912
f 7727 7912 7837
f 7794 7862 7976
f 7794 7976 7912
f 7862 7924 8044
f 7862 8044 7976
f 7924 7984 8118
f 7924 8118 8044
f 7984 8048 8192
f 7984 8192 8118
f 8048 8100 8259
f 8048 8259 8192
f 8100 8167 8311
f 8100 8311 8259
f 8167 8227 8381
f 8167 8381 8311
f 8227 8278 8444
f 8227 8444 8381
f 8278 8319 8503
f 8278 8503 8444
f 8319 8367 8573
f 8319 8573 8503
f 8367 8415 8606
f 8367 8606 8573
f 8415 8448 8630
f 8415 8630 8606
f 8448 8491 8652
f 8448 8652 8630
f 8491 8521 8673
f 8491 8673 8652
f 8521 8535 8687
f 8521 8687 8673
f 8535 8563 8709
f 8535 8709 8687
f 8563 8577 8715
f 8563 8715 8709
f 8577 8582 8719
f 8577 8719 8715
f 8719 8716 8957
f 8719 8957 8959
f 8716 8710 8954
f 8716 8954 8957
f 8710 8690 8941
f 8710 8941 8954
f 8690 8674 8929
f 8690 8929 8941
f 8674 8653 8910
f 8674 8910 8929
f 8653 8631 8892
f 8653 8892 8910
f 8631 8607 8878
f 8631 8878 8892
f 8607 8575 8861
f 8607 8861 8878
f 8575 8510 8840
f 8575 8840 8861
f 8510 8447 8779
f 8510 8779 8840
f 8447 8382 8718
f 8447 8718 8779
f 8382 8315 8654
f 8382 8654 8718
f 8315 8260 8603
f 8315 8603 8654
f 8260 8195 8520
f 8260 8520 8603
f 8195 8119 8420
f 8195 8420 8520
f 8119 8047 8344
f 8119 8344 8420
f 8047 7977 8251
f 8047 8251 8344
f 7977 7913 8162
f 7977 8162 8251
f 7913 7838 8061
f 7913 8061 8162
f 7838 7768 7983
f 7838 7983 8061
f 7768 7687 7902
f 7768 7902 7983
f 7687 7613 7824
f 7687 7824 7902
f 7613 7557 7731
f 7613 7731 7824
f 7557 7486 7637
f 7557 7637 7731
f 7486 7417 7562
f 7486 7562 7637
f 7417 7358 7494
f 7417 7494 7562
f 7358 7294 7421
f 7358 7421 7494
f 7294 7226 7352
f 7294 7352 7421
f 7226 7144 7279
f 7226 7279 7352
f 7144 7074 7210
f 7144 7210 7279
f 7074 7014 7130
f 7074 7130 7210
f 7014 6946 7056
f 7014 7056 7130
f 6946 6872 6989
f 6946 6989 7056
f 6872 6814 6916
f 6872 6916 6989
f 6814 6750 6855
f 6814 6855 6916
f 6750 6682 6776
f 6750 6776 6855
f 6682 6615 6696
f 6682 6696 6776
f 6615 6549 6626
f 6615 6626 6696
f 6549 6474 6555
f 6549 6555 6626
f 6474 6407 6478
f 6474 6478 6555
f 6407 6344 6409
f 6407 6409 6478
f 6344 6274 6342
f 6344 6342 6409
f 6274 6211 6270
f 6274 6270 6342
f 6211 6142 6206
f 6211 6206 6270
f 6142 6079 6134
f 6142 6134 6206
f 6079 6006 6070
f 6079 6070 6134
f 6006 5946 5995
f 6006 5995 6070
f 5946 5880 5926
f 5946 5926 5995
f 5880 5818 5855
f 5880 5855 5926
f 5818 5754 5782
f 5818 5782 5855
f 5754 5688 5714
f 5754 5714 5782
f 5688 5618 5650
f 5688 5650 5714
f 5618 5544 5578
f 5618 5578 5650
f 5544 5480 5508
f 5544 5508 5578
f 5480 5416 5439
f 5480 5439 5508
f 5416 5346 5372
f 5416 5372 5439
f 5346 5276 5303
f 5346 5303 5372
f 5276 5212 5232
f 5276 5232 5303
f 5212 5148 5168
f 5212 5168 5232
f 5148 5078 5104
f 5148 5104 5168
f 5078 5008 5028
f 5078 5028 5104
f 5008 4944 4964
f 5008 4964 5028
f 4944 4880 4897
f 4944 4897 4964
f 4880 4810 4831
f 4880 4831 4897
f 4810 4740 4757
f 4810 4757 4831
f 4740 4678 4696
f 4740 4696 4757
f 4678 4612 4633
f 4678 4633 4696
f 4612 4567 4577
f 4612 4577 4633
f 4567 4488 4463
f 4567 4463 4577
f 4488 4420 4403
f 4488 4403 4463
f 4420 4358 4342
f 4420 4342 4403
f 4358 4288 4265
f 4358 4265 4342
f 4288 4218 4199
f 4288 4199 4265
f 4218 4154 4132
f 4218 4132 4199
f 4154 4088 4068
f 4154 4068 4132
f 4088 4020 3992
f 4088 3992 4068
f 4020 3948 3928
f 4020 3928 3992
f 3948 3884 3864
f 3948 3864 3928
f 3884 3820 3799
f 3884 3799 3864
f 3820 3750 3724
f 3820 3724 3799
f 3750 3680 3657
f 3750 3657 3724
f 3680 3616 3588
f 3680 3588 3657
f 3616 3552 3518
f 3616 3518 3588
f 3552 3478 3446
f 3552 3446 3518
f 3478 3408 3382
f 3478 3382 3446
f 3408 3344 3314
f 3408 3314 3382
f 3344 3278 3241
f 3344 3241 3314
f 3278 3216 3170
f 3278 3170 3241
f 3216 3150 3103
f 3216 3103 3170
f 3150 3090 3028
f 3150 3028 3103
f 3090 3019 2962
f 3090 2962 3028
f 3019 2954 2892
f 3019 2892 2962
f 2954 2885 2826
f 2954 2826 2892
f 2885 2822 2754
f 2885 2754 2826
f 2822 2752 2687
f 2822 2687 2754
f 2752 2689 2618
f 2752 2618 2687
f 2689 2622 2543
f 2689 2543 2618
f 2622 2547 2474
f 2622 2474 2543
f 2547 2483 2400
f 2547 2400 2474
f 2483 2414 2322
f 2483 2322 2400
f 2414 2350 2241
f 2414 2241 2322
f 2350 2282 2180
f 2350 2180 2241
f 2282 2224 2107
f 2282 2107 2180
f 2224 2158 2040
f 2224 2040 2107
f 2158 2082 1966
f 2158 1966 2040
f 2082 2022 1886
f 2082 1886 1966
f 2022 1954 1817
f 2022 1817 1886
f 1954 1870 1748
f 1954 1748 1817
f 1870 1802 1677
f 1870 1677 1748
f 1802 1738 1602
f 1802 1602 1677
f 1738 1679 1534
f 1738 1534 1602
f 1679 1610 1461
f 1679 1461 1534
f 1610 1543 1369
f 1610 1369 1461
f 1543 1483 1286
f 1543 1286 1369
f 1483 1409 1200
f 1483 1200 1286
f 1409 1328 1115
f 1409 1115 1200
f 1328 1258 1035
f 1328 1035 1115
f 1258 1183 936
f 1258 936 1035
f 1183 1119 845
f 1183 845 936
f 1119 1051 766
f 1119 766 845
f 1051 977 676
f 1051 676 766
f 977 903 580
f 977 580 676
f 903 836 501
f 903 501 580
f 836 784 444
f 836 444 501
f 784 714 382
f 784 382 444
f 714 651 317
f 714 317 382
f 651 592 256
f 651 256 317
f 592 522 238
f 592 238 256
f 522 489 218
f 522 218 238
f 489 465 204
f 489 204 218
f 465 443 186
f 465 186 204
f 443 422 170
f 443 170 186
f 422 408 155
f 422 155 170
f 408 386 142
f 408 142 155
f 386 380 139
f 386 139 142
f 380 376 136
f 380 136 139
f 376 379 138
f 376 138 136
f 379 385 141
f 379 141 138
f 385 405 154
f 385 154 141
f 405 421 166
f 405 166 154
f 421 442 185
f 421 185 166
f 442 464 203
f 442 203 185
f 464 488 217
f 464 217 203
f 488 520 234
f 488 234 217
f 520 585 255
f 520 255 234
f 585 648 316
f 585 316 255
f 648 713 377
f 648 377 316
f 713 780 441
f 713 441 377
f 780 835 492
f 780 492 441
f 835 900 575
f 835 575 492
f 900 976 675
f 900 675 575
f 976 1048 751
f 976 751 675
f 1048 1118 844
f 1048 844 751
f 1118 1182 933
f 1118 933 844
f 1182 1257 1034
f 1182 1034 933
f 1257 1327 1112
f 1257 1112 1034
f 1327 1408 1193
f 1327 1193 1112
f 1408 1482 1271
f 1408 1271 1193
f 1482 1538 1364
f 1482 1364 1271
f 1538 1609 1458
f 1538 1458 1364
f 1609 1678 1533
f 1609 1533 1458
f 1678 1737 1601
f 1678 1601 1533
f 1737 1801 1674
f 1737 1674 1601
f 1801 1869 1743
f 1801 1743 1674
f 1869 1951 1816
f 1869 1816 1743
f 1951 2021 1885
f 1951 1885 1816
f 2021 2081 1965
f 2021 1965 1885
f 2081 2149 2039
f 2081 2039 1965
f 2149 2223 2106
f 2149 2106 2039
f 2223 2281 2179
f 2223 2179 2106
f 2281 2345 2240
f 2281 2240 2179
f 2345 2413 2319
f 2345 2319 2240
f 2413 2480 2399
f 2413 2399 2319
f 2480 2546 2469
f 2480 2469 2399
f 2546 2621 2540
f 2546 2540 2469
f 2621 2688 2617
f 2621 2617 2540
f 2688 2751 2686
f 2688 2686 2617
f 2751 2821 2753
f 2751 2753 2686
f 2821 2884 2825
f 2821 2825 2753
f 2884 2953 2889
f 2884 2889 2825
f 2953 3016 2961
f 2953 2961 2889
f 3016 3089 3025
f 3016 3025 2961
f 3089 3149 3100
f 3089 3100 3025
f 3149 3215 3169
f 3149 3169 3100
f 3215 3277 3240
f 3215 3240 3169
f 3277 3341 3313
f 3277 3313 3240
f 3341 3407 3381
f 3341 3381 3313
f 3407 3477 3445
f 3407 3445 3381
f 3477 3551 3517
f 3477 3517 3445
f 3551 3615 3587
f 3551 3587 3517
f 3615 3679 3656
f 3615 3656 3587
f 3679 3749 3723
f 3679 3723 3656
f 3749 3819 3792
f 3749 3792 3723
f 3819 3883 3863
f 3819 3863 3792
f 3883 3947 3927
f 3883 3927 3863
f 3947 4017 3991
f 3947 3991 3927
f 4017 4087 4067
f 4017 4067 3991
f 4087 4151 4131
f 4087 4131 4067
f 4151 4215 4198
f 4151 4198 4131
f 4215 4285 4264
f 4215 4264 4198
f 4285 4355 4338
f 4285 4338 4264
f 4355 4417 4399
f 4355 4399 4338
f 4417 4483 4462
f 4417 4462 4399
f 4483 4528 4518
f 4483 4518 4462
f 4528 4607 4632
f 4528 4632 4518
f 4607 4675 4692
f 4607 4692 4632
f 4675 4737 4753
f 4675 4753 4692
f 4737 4807 4830
f 4737 4830 4753
f 4807 4877 4896
f 4807 4896 4830
f 4877 4941 4963
f 4877 4963 4896
f 4941 5007 5027
f 4941 5027 4963
f 5007 5075 5103
f 5007 5103 5027
f 5075 5147 5167
f 5075 5167 5103
f 5147 5211 5231
f 5147 5231 5167
f 5211 5275 5296
f 5211 5296 5231
f 5275 5345 5371
f 5275 5371 5296
f 5345 5415 5438
f 5345 5438 5371
f 5415 5479 5507
f 5415 5507 5438
f 5479 5543 5577
f 5479 5577 5507
f 5543 5617 5649
f 5543 5649 5577
f 5617 5687 5713
f 5617 5713 5649
f 5687 5751 5781
f 5687 5781 5713
f 5751 5817 5854
f 5751 5854 5781
f 5817 5879 5925
f 5817 5925 5854
f 5879 5945 5992
f 5879 5992 5925
f 5945 6005 6067
f 5945 6067 5992
f 6005 6076 6133
f 6005 6133 6067
f 6076 6141 6203
f 6076 6203 6133
f 6141 6210 6269
f 6141 6269 6203
f 6210 6273 6341
f 6210 6341 6269
f 6273 6343 6408
f 6273 6408 6341
f 6343 6406 6477
f 6343 6477 6408
f 6406 6473 6552
f 6406 6552 6477
f 6473 6548 6621
f 6473 6621 6552
f 6548 6612 6695
f 6548 6695 6621
f 6612 6681 6773
f 6612 6773 6695
f 6681 6745 6854
f 6681 6854 6773
f 6745 6813 6915
f 6745 6915 6854
f 6813 6871 6988
f 6813 6988 6915
f 6871 6937 7055
f 6871 7055 6988
f 6937 7013 7129
f 6937 7129 7055
f 7013 7073 7209
f 7013 7209 7129
f 7073 7141 7278
f 7073 7278 7209
f 7141 7225 7347
f 7141 7347 7278
f 7225 7293 7418
f 7225 7418 7347
f 7293 7357 7493
f 7293 7493 7418
f 7357 7416 7561
f 7357 7561 7493
f 7416 7485 7634
f 7416 7634 7561
f 7485 7552 7726
f 7485 7726 7634
f 7552 7612 7809
f 7552 7809 7726
f 7612 7686 7895
f 7612 7895 7809
f 7686 7767 7980
f 7686 7980 7895
f 7767 7837 8060
f 7767 8060 7980
f 7837 7912 8159
f 7837 8159 8060
f 7912 7976 8250
f 7912 8250 8159
f 7976 8044 8329
f 7976 8329 8250
f 8044 8118 8419
f 8044 8419 8329
f 8118 8192 8515
f 8118 8515 8419
f 8192 8259 8594
f 8192 8594 8515
f 8259 8311 8651
f 8259 8651 8594
f 8311 8381 8713
f 8311 8713 8651
f 8381 8444 8778
f 8381 8778 8713
f 8444 8503 8839
f 8444 8839 8778
f 8503 8573 8857
f 8503 8857 8839
f 8573 8606 8877
f 8573 8877 8857
f 8606 8630 8891
f 8606 8891 8877
f 8630 8652 8909
f 8630 8909 8891
f 8652 8673 8925
f 8652 8925 8909
f 8673 8687 8940
f 8673 8940 8925
f 8687 8709 8953
f 8687 8953 8940
f 8709 8715 8956
f 8709 8956 8953
f 8715 8719 8959
f 8715 8959 8956
f 8959 8957 9007
f 8959 9007 9010
f 8957 8954 9002
f 8957 9002 9007
f 8954 8941 8992
f 8954 8992 9002
f 8941 8929 8982
f 8941 8982 8992
f 8929 8910 8965
f 8929 8965 8982
f 8910 8892 8946
f 8910 8946 8965
f 8892 8878 8915
f 8892 8915 8946
f 8878 8861 8893
f 8878 8893 8915
f 8861 8840 8866
f 8861 8866 8893
f 8840 8779 8848
f 8840 8848 8866
f 8779 8718 8819
f 8779 8819 8848
f 8718 8654 8725
f 8718 8725 8819
f 8654 8603 8663
f 8654 8663 8725
f 8603 8520 8609
f 8603 8609 8663
f 8520 8420 8514
f 8520 8514 8609
f 8420 8344 8414
f 8420 8414 8514
f 8344 8251 8309
f 8344 8309 8414
f 8251 8162 8231
f 8251 8231 8309
f 8162 8061 8139
f 8162 8139 8231
f 8061 7983 8041
f 8061 8041 8139
f 7983 7902 7948
f 7983 7948 8041
f 7902 7824 7868
f 7902 7868 7948
f 7824 7731 7780
f 7824 7780 7868
f 7731 7637 7689
f 7731 7689 7780
f 7637 7562 7609
f 7637 7609 7689
f 7562 7494 7534
f 7562 7534 7609
f 7494 7421 7465
f 7494 7465 7534
f 7421 7352 7376
f 7421 7376 7465
f 7352 7279 7306
f 7352 7306 7376
f 7279 7210 7232
f 7279 7232 7306
f 7210 7130 7152
f 7210 7152 7232
f 7130 7056 7072
f 7130 7072 7152
f 7056 6989 7003
f 7056 7003 7072
f 6989 6916 6926
f 6989 6926 7003
f 6916 6855 6863
f 6916 6863 6926
f 6855 6776 6800
f 6855 6800 6863
f 6776 6696 6728
f 6776 6728 6800
f 6696 6626 6654
f 6696 6654 6728
f 6626 6555 6582
f 6626 6582 6654
f 6555 6478 6500
f 6555 6500 6582
f 6478 6409 6435
f 6478 6435 6500
f 6409 6342 6358
f 6409 6358 6435
f 6342 6270 6292
f 6342 6292 6358
f 6270 6206 6216
f 6270 6216 6292
f 6206 6134 6144
f 6206 6144 6216
f 6134 6070 6080
f 6134 6080 6144
f 6070 5995 6001
f 6070 6001 6080
f 5995 5926 5934
f 5995 5934 6001
f 5926 5855 5865
f 5926 5865 5934
f 5855 5782 5796
f 5855 5796 5865
f 5782 5714 5728
f 5782 5728 5796
f 5714 5650 5658
f 5714 5658 5728
f 5650 5578 5584
f 5650 5584 5658
f 5578 5508 5514
f 5578 5514 5584
f 5508 5439 5445
f 5508 5445 5514
f 5439 5372 5378
f 5439 5378 5445
f 5372 5303 5309
f 5372 5309 5378
f 5303 5232 5240
f 5303 5240 5309
f 5232 5168 5172
f 5232 5172 5240
f 5168 5104 5108
f 5168 5108 5172
f 5104 5028 5032
f 5104 5032 5108
f 5028 4964 4968
f 5028 4968 5032
f 4964 4897 4902
f 4964 4902 4968
f 4897 4831 4834
f 4897 4834 4902
f 4831 4757 4762
f 4831 4762 4834
f 4757 4696 4700
f 4757 4700 4762
f 4696 4633 4643
f 4696 4643 4700
f 4633 4577 4579
f 4633 4579 4643
f 4577 4463 4453
f 4577 4453 4579
f 4463 4403 4398
f 4463 4398 4453
f 4403 4342 4334
f 4403 4334 4398
f 4342 4265 4262
f 4342 4262 4334
f 4265 4199 4194
f 4265 4194 4262
f 4199 4132 4128
f 4199 4128 4194
f 4132 4068 4064
f 4132 4064 4128
f 4068 3992 3988
f 4068 3988 4064
f 3992 3928 3924
f 3992 3924 3988
f 3928 3864 3856
f 3928 3856 3924
f 3864 3799 3787
f 3864 3787 3856
f 3799 3724 3718
f 3799 3718 3787
f 3724 3657 3651
f 3724 3651 3718
f 3657 3588 3582
f 3657 3582 3651
f 3588 3518 3512
f 3588 3512 3582
f 3518 3446 3438
f 3518 3438 3512
f 3446 3382 3368
f 3446 3368 3438
f 3382 3314 3300
f 3382 3300 3368
f 3314 3241 3231
f 3314 3231 3300
f 3241 3170 3162
f 3241 3162 3231
f 3170 3103 3095
f 3170 3095 3162
f 3103 3028 3020
f 3103 3020 3095
f 3028 2962 2952
f 3028 2952 3020
f 2962 2892 2882
f 2962 2882 2952
f 2892 2826 2810
f 2892 2810 2882
f 2826 2754 2740
f 2826 2740 2810
f 2754 2687 2661
f 2754 2661 2740
f 2687 2618 2596
f 2687 2596 2661
f 2618 2543 2514
f 2618 2514 2596
f 2543 2474 2442
f 2543 2442 2514
f 2474 2400 2368
f 2474 2368 2442
f 2400 2322 2296
f 2400 2296 2368
f 2322 2241 2233
f 2322 2233 2296
f 2241 2180 2170
f 2241 2170 2233
f 2180 2107 2093
f 2180 2093 2170
f 2107 2040 2024
f 2107 2024 2093
f 2040 1966 1948
f 2040 1948 2024
f 1966 1886 1864
f 1966 1864 1948
f 1886 1817 1790
f 1886 1790 1864
f 1817 1748 1720
f 1817 1720 1790
f 1748 1677 1643
f 1748 1643 1720
f 1677 1602 1564
f 1677 1564 1643
f 1602 1534 1487
f 1602 1487 1564
f 1534 1461 1407
f 1534 1407 1487
f 1461 1369 1318
f 1461 1318 1407
f 1369 1286 1228
f 1369 1228 1318
f 1286 1200 1150
f 1286 1150 1228
f 1200 1115 1067
f 1200 1067 1150
f 1115 1035 965
f 1115 965 1067
f 1035 936 869
f 1035 869 965
f 936 845 789
f 936 789 869
f 845 766 684
f 845 684 789
f 766 676 584
f 766 584 684
f 676 580 491
f 676 491 584
f 580 501 437
f 580 437 491
f 501 444 371
f 501 371 437
f 444 382 277
f 444 277 371
f 382 317 248
f 382 248 277
f 317 256 230
f 317 230 248
f 256 238 205
f 256 205 230
f 238 218 183
f 238 183 205
f 218 204 150
f 218 150 183
f 204 186 131
f 204 131 150
f 186 170 114
f 186 114 131
f 170 155 104
f 170 104 114
f 155 142 94
f 155 94 104
f 142 139 89
f 142 89 94
f 139 136 85
f 139 85 89
f 136 138 88
f 136 88 85
f 138 141 93
f 138 93 88
f 141 154 103
f 141 103 93
f 154 166 113
f 154 113 103
f 166 185 130
f 166 130 113
f 185 203 149
f 185 149 130
f 203 217 180
f 203 180 149
f 217 234 202
f 217 202 180
f 234 255 229
f 234 229 202
f 255 316 247
f 255 247 229
f 316 377 276
f 316 276 247
f 377 441 370
f 377 370 276
f 441 492 432
f 441 432 370
f 492 575 486
f 492 486 432
f 575 675 581
f 575 581 486
f 675 751 681
f 675 681 581
f 751 844 786
f 751 786 681
f 844 933 864
f 844 864 786
f 933 1034 956
f 933 956 864
f 1034 1112 1054
f 1034 1054 956
f 1112 1193 1147
f 1112 1147 1054
f 1193 1271 1227
f 1193 1227 1147
f 1271 1364 1315
f 1271 1315 1227
f 1364 1458 1406
f 1364 1406 1315
f 1458 1533 1486
f 1458 1486 1406
f 1533 1601 1561
f 1533 1561 1486
f 1601 1674 1630
f 1601 1630 1561
f 1674 1743 1719
f 1674 1719 1630
f 1743 1816 1789
f 1743 1789 1719
f 1816 1885 1863
f 1816 1863 1789
f 1885 1965 1943
f 1885 1943 1863
f 1965 2039 2023
f 1965 2023 1943
f 2039 2106 2092
f 2039 2092 2023
f 2106 2179 2169
f 2106 2169 2092
f 2179 2240 2232
f 2179 2232 2169
f 2240 2319 2295
f 2240 2295 2232
f 2319 2399 2367
f 2319 2367 2295
f 2399 2469 2441
f 2399 2441 2367
f 2469 2540 2513
f 2469 2513 2441
f 2540 2617 2595
f 2540 2595 2513
f 2617 2686 2660
f 2617 2660 2595
f 2686 2753 2737
f 2686 2737 2660
f 2753 2825 2803
f 2753 2803 2737
f 2825 2889 2879
f 2825 2879 2803
f 2889 2961 2951
f 2889 2951 2879
f 2961 3025 3015
f 2961 3015 2951
f 3025 3100 3094
f 3025 3094 3015
f 3100 3169 3161
f 3100 3161 3094
f 3169 3240 3230
f 3169 3230 3161
f 3240 3313 3299
f 3240 3299 3230
f 3313 3381 3367
f 3313 3367 3299
f 3381 3445 3437
f 3381 3437 3367
f 3445 3517 3511
f 3445 3511 3437
f 3517 3587 3581
f 3517 3581 3511
f 3587 3656 3650
f 3587 3650 3581
f 3656 3723 3717
f 3656 3717 3650
f 3723 3792 3786
f 3723 3786 3717
f 3792 3863 3855
f 3792 3855 3786
f 3863 3927 3923
f 3863 3923 3855
f 3927 3991 3987
f 3927 3987 3923
f 3991 4067 4063
f 3991 4063 3987
f 4067 4131 4127
f 4067 4127 4063
f 4131 4198 4193
f 4131 4193 4127
f 4198 4264 4261
f 4198 4261 4193
f 4264 4338 4333
f 4264 4333 4261
f 4338 4399 4395
f 4338 4395 4333
f 4399 4462 4452
f 4399 4452 4395
f 4462 4518 4516
f 4462 4516 4452
f 4518 4632 4642
f 4518 4642 4516
f 4632 4692 4697
f 4632 4697 4642
f 4692 4753 4761
f 4692 4761 4697
f 4753 4830 4833
f 4753 4833 4761
f 4830 4896 4901
f 4830 4901 4833
f 4896 4963 4967
f 4896 4967 4901
f 4963 5027 5031
f 4963 5031 4967
f 5027 5103 5107
f 5027 5107 5031
f 5103 5167 5171
f 5103 5171 5107
f 5167 5231 5239
f 5167 5239 5171
f 5231 5296 5308
f 5231 5308 5239
f 5296 5371 5377
f 5296 5377 5308
f 5371 5438 5444
f 5371 5444 5377
f 5438 5507 5513
f 5438 5513 5444
f 5507 5577 5583
f 5507 5583 5513
f 5577 5649 5657
f 5577 5657 5583
f 5649 5713 5727
f 5649 5727 5657
f 5713 5781 5795
f 5713 5795 5727
f 5781 5854 5864
f 5781 5864 5795
f 5854 5925 5933
f 5854 5933 5864
f 5925 5992 6000
f 5925 6000 5933
f 5992 6067 6075
f 5992 6075 6000
f 6067 6133 6143
f 6067 6143 6075
f 6133 6203 6213
f 6133 6213 6143
f 6203 6269 6285
f 6203 6285 6213
f 6269 6341 6355
f 6269 6355 6285
f 6341 6408 6434
f 6341 6434 6355
f 6408 6477 6499
f 6408 6499 6434
f 6477 6552 6581
f 6477 6581 6499
f 6552 6621 6653
f 6552 6653 6581
f 6621 6695 6727
f 6621 6727 6653
f 6695 6773 6799
f 6695 6799 6727
f 6773 6854 6862
f 6773 6862 6799
f 6854 6915 6925
f 6854 6925 6862
f 6915 6988 7002
f 6915 7002 6925
f 6988 7055 7071
f 6988 7071 7002
f 7055 7129 7147
f 7055 7147 7071
f 7129 7209 7231
f 7129 7231 7147
f 7209 7278 7305
f 7209 7305 7231
f 7278 7347 7375
f 7278 7375 7305
f 7347 7418 7452
f 7347 7452 7375
f 7418 7493 7531
f 7418 7531 7452
f 7493 7561 7608
f 7493 7608 7531
f 7561 7634 7688
f 7561 7688 7608
f 7634 7726 7777
f 7634 7777 7688
f 7726 7809 7867
f 7726 7867 7777
f 7809 7895 7945
f 7809 7945 7867
f 7895 7980 8028
f 7895 8028 7945
f 7980 8060 8130
f 7980 8130 8028
f 8060 8159 8226
f 8060 8226 8130
f 8159 8250 8306
f 8159 8306 8226
f 8250 8329 8411
f 8250 8411 8306
f 8329 8419 8511
f 8329 8511 8411
f 8419 8515 8604
f 8419 8604 8511
f 8515 8594 8658
f 8515 8658 8604
f 8594 8651 8724
f 8594 8724 8658
f 8651 8713 8818
f 8651 8818 8724
f 8713 8778 8847
f 8713 8847 8818
f 8778 8839 8865
f 8778 8865 8847
f 8839 8857 8890
f 8839 8890 8865
f 8857 8877 8912
f 8857 8912 8890
f 8877 8891 8945
f 8877 8945 8912
f 8891 8909 8964
f 8891 8964 8945
f 8909 8925 8981
f 8909 8981 8964
f 8925 8940 8991
f 8925 8991 8981
f 8940 8953 9001
f 8940 9001 8991
f 8953 8956 9006
f 8953 9006 9001
f 8956 8959 9010
f 8956 9010 9006
f 9010 9007 9054
f 9010 9054 9053
f 9007 9002 9048
f 9007 9048 9054
f 9002 8992 9036
f 9002 9036 9048
f 8992 8982 9021
f 8992 9021 9036
f 8982 8965 9008
f 8982 9008 9021
f 8965 8946 8988
f 8965 8988 9008
f 8946 8915 8966
f 8946 8966 8988
f 8915 8893 8936
f 8915 8936 8966
f 8893 8866 8901
f 8893 8901 8936
f 8866 8848 8880
f 8866 8880 8901
f 8848 8819 8852
f 8848 8852 8880
f 8819 8725 8820
f 8819 8820 8852
f 8725 8663 8723
f 8725 8723 8820
f 8663 8609 8650
f 8663 8650 8723
f 8609 8514 8587
f 8609 8587 8650
f 8514 8414 8488
f 8514 8488 8587
f 8414 8309 8380
f 8414 8380 8488
f 8309 8231 8287
f 8309 8287 8380
f 8231 8139 8186
f 8231 8186 8287
f 8139 8041 8083
f 8139 8083 8186
f 8041 7948 7997
f 8041 7997 8083
f 7948 7868 7914
f 7948 7914 7997
f 7868 7780 7826
f 7868 7826 7914
f 7780 7689 7732
f 7780 7732 7826
f 7689 7609 7632
f 7689 7632 7732
f 7609 7534 7559
f 7609 7559 7632
f 7534 7465 7484
f 7534 7484 7559
f 7465 7376 7407
f 7465 7407 7484
f 7376 7306 7336
f 7376 7336 7407
f 7306 7232 7264
f 7306 7264 7336
f 7232 7152 7187
f 7232 7187 7264
f 7152 7072 7094
f 7152 7094 7187
f 7072 7003 7028
f 7072 7028 7094
f 7003 6926 6950
f 7003 6950 7028
f 6926 6863 6873
f 6926 6873 6950
f 6863 6800 6808
f 6863 6808 6873
f 6800 6728 6734
f 6800 6734 6808
f 6728 6654 6664
f 6728 6664 6734
f 6654 6582 6591
f 6654 6591 6664
f 6582 6500 6516
f 6582 6516 6591
f 6500 6435 6452
f 6500 6452 6516
f 6435 6358 6376
f 6435 6376 6452
f 6358 6292 6309
f 6358 6309 6376
f 6292 6216 6242
f 6292 6242 6309
f 6216 6144 6172
f 6216 6172 6242
f 6144 6080 6086
f 6144 6086 6172
f 6080 6001 6016
f 6080 6016 6086
f 6001 5934 5948
f 6001 5948 6016
f 5934 5865 5876
f 5934 5876 5948
f 5865 5796 5808
f 5865 5808 5876
f 5796 5728 5738
f 5796 5738 5808
f 5728 5658 5668
f 5728 5668 5738
f 5658 5584 5598
f 5658 5598 5668
f 5584 5514 5522
f 5584 5522 5598
f 5514 5445 5454
f 5514 5454 5522
f 5445 5378 5388
f 5445 5388 5454
f 5378 5309 5318
f 5378 5318 5388
f 5309 5240 5246
f 5309 5246 5318
f 5240 5172 5180
f 5240 5180 5246
f 5172 5108 5113
f 5172 5113 5180
f 5108 5032 5036
f 5108 5036 5113
f 5032 4968 4973
f 5032 4973 5036
f 4968 4902 4908
f 4968 4908 4973
f 4902 4834 4845
f 4902 4845 4908
f 4834 4762 4769
f 4834 4769 4845
f 4762 4700 4705
f 4762 4705 4769
f 4700 4643 4645
f 4700 4645 4705
f 4643 4579 4581
f 4643 4581 4645
f 4579 4453 4455
f 4579 4455 4581
f 4453 4398 4393
f 4453 4393 4455
f 4398 4334 4330
f 4398 4330 4393
f 4334 4262 4251
f 4334 4251 4330
f 4262 4194 4191
f 4262 4191 4251
f 4194 4128 4123
f 4194 4123 4191
f 4128 4064 4060
f 4128 4060 4123
f 4064 3988 3983
f 4064 3983 4060
f 3988 3924 3920
f 3988 3920 3983
f 3924 3856 3850
f 3924 3850 3920
f 3856 3787 3780
f 3856 3780 3850
f 3787 3718 3708
f 3787 3708 3780
f 3718 3651 3642
f 3718 3642 3708
f 3651 3582 3578
f 3651 3578 3642
f 3582 3512 3498
f 3582 3498 3578
f 3512 3438 3428
f 3512 3428 3498
f 3438 3368 3358
f 3438 3358 3428
f 3368 3300 3288
f 3368 3288 3358
f 3300 3231 3222
f 3300 3222 3288
f 3231 3162 3148
f 3231 3148 3222
f 3162 3095 3082
f 3162 3082 3148
f 3095 3020 3010
f 3095 3010 3082
f 3020 2952 2938
f 3020 2938 3010
f 2952 2882 2854
f 2952 2854 2938
f 2882 2810 2787
f 2882 2787 2854
f 2810 2740 2720
f 2810 2720 2787
f 2740 2661 2644
f 2740 2644 2720
f 2661 2596 2580
f 2661 2580 2644
f 2596 2514 2505
f 2596 2505 2580
f 2514 2442 2432
f 2514 2432 2505
f 2442 2368 2362
f 2442 2362 2432
f 2368 2296 2288
f 2368 2288 2362
f 2296 2233 2225
f 2296 2225 2288
f 2233 2170 2146
f 2233 2146 2225
f 2170 2093 2070
f 2170 2070 2146
f 2093 2024 2002
f 2093 2002 2070
f 2024 1948 1923
f 2024 1923 2002
f 1948 1864 1832
f 1948 1832 1923
f 1864 1790 1760
f 1864 1760 1832
f 1790 1720 1691
f 1790 1691 1760
f 1720 1643 1614
f 1720 1614 1691
f 1643 1564 1537
f 1643 1537 1614
f 1564 1487 1464
f 1564 1464 1537
f 1487 1407 1370
f 1487 1370 1464
f 1407 1318 1270
f 1407 1270 1370
f 1318 1228 1184
f 1318 1184 1270
f 1228 1150 1103
f 1228 1103 1184
f 1150 1067 1013
f 1150 1013 1103
f 1067 965 914
f 1067 914 1013
f 965 869 809
f 965 809 914
f 869 789 716
f 869 716 809
f 789 684 608
f 789 608 716
f 684 584 511
f 684 511 608
f 584 491 446
f 584 446 511
f 491 437 375
f 491 375 446
f 437 371 278
f 437 278 375
f 371 277 244
f 371 244 278
f 277 248 220
f 277 220 244
f 248 230 195
f 248 195 220
f 230 205 162
f 230 162 195
f 205 183 132
f 205 132 162
f 183 150 108
f 183 108 132
f 150 131 90
f 150 90 108
f 131 114 75
f 131 75 90
f 114 104 63
f 114 63 75
f 104 94 48
f 104 48 63
f 94 89 43
f 94 43 48
f 89 85 42
f 89 42 43
f 85 88 41
f 85 41 42
f 88 93 47
f 88 47 41
f 93 103 59
f 93 59 47
f 103 113 74
f 103 74 59
f 113 130 87
f 113 87 74
f 130 149 107
f 130 107 87
f 149 180 129
f 149 129 107
f 180 202 159
f 180 159 129
f 202 229 194
f 202 194 159
f 229 247 215
f 229 215 194
f 247 276 243
f 247 243 215
f 276 370 275
f 276 275 243
f 370 432 372
f 370 372 275
f 432 486 445
f 432 445 372
f 486 581 508
f 486 508 445
f 581 681 607
f 581 607 508
f 681 786 715
f 681 715 607
f 786 864 808
f 786 808 715
f 864 956 909
f 864 909 808
f 956 1054 1012
f 956 1012 909
f 1054 1147 1098
f 1054 1098 1012
f 1147 1227 1181
f 1147 1181 1098
f 1227 1315 1269
f 1227 1269 1181
f 1315 1406 1363
f 1315 1363 1269
f 1406 1486 1463
f 1406 1463 1363
f 1486 1561 1536
f 1486 1536 1463
f 1561 1630 1611
f 1561 1611 1536
f 1630 1719 1688
f 1630 1688 1611
f 1719 1789 1759
f 1719 1759 1688
f 1789 1863 1831
f 1789 1831 1759
f 1863 1943 1908
f 1863 1908 1831
f 1943 2023 2001
f 1943 2001 1908
f 2023 2092 2067
f 2023 2067 2001
f 2092 2169 2145
f 2092 2145 2067
f 2169 2232 2222
f 2169 2222 2145
f 2232 2295 2287
f 2232 2287 2222
f 2295 2367 2361
f 2295 2361 2287
f 2367 2441 2431
f 2367 2431 2361
f 2441 2513 2504
f 2441 2504 2431
f 2513 2595 2579
f 2513 2579 2504
f 2595 2660 2643
f 2595 2643 2579
f 2660 2737 2719
f 2660 2719 2643
f 2737 2803 2786
f 2737 2786 2719
f 2803 2879 2853
f 2803 2853 2786
f 2879 2951 2923
f 2879 2923 2853
f 2951 3015 3009
f 2951 3009 2923
f 3015 3094 3079
f 3015 3079 3009
f 3094 3161 3147
f 3094 3147 3079
f 3161 3230 3219
f 3161 3219 3147
f 3230 3299 3287
f 3230 3287 3219
f 3299 3367 3357
f 3299 3357 3287
f 3367 3437 3427
f 3367 3427 3357
f 3437 3511 3497
f 3437 3497 3427
f 3511 3581 3573
f 3511 3573 3497
f 3581 3650 3641
f 3581 3641 3573
f 3650 3717 3707
f 3650 3707 3641
f 3717 3786 3777
f 3717 3777 3707
f 3786 3855 3849
f 3786 3849 3777
f 3855 3923 3915
f 3855 3915 3849
f 3923 3987 3982
f 3923 3982 3915
f 3987 4063 4059
f 3987 4059 3982
f 4063 4127 4122
f 4063 4122 4059
f 4127 4193 4187
f 4127 4187 4122
f 4193 4261 4250
f 4193 4250 4187
f 4261 4333 4326
f 4261 4326 4250
f 4333 4395 4390
f 4333 4390 4326
f 4395 4452 4450
f 4395 4450 4390
f 4452 4516 4514
f 4452 4514 4450
f 4516 4642 4640
f 4516 4640 4514
f 4642 4697 4702
f 4642 4702 4640
f 4697 4761 4765
f 4697 4765 4702
f 4761 4833 4844
f 4761 4844 4765
f 4833 4901 4904
f 4833 4904 4844
f 4901 4967 4972
f 4901 4972 4904
f 4967 5031 5035
f 4967 5035 4972
f 5031 5107 5112
f 5031 5112 5035
f 5107 5171 5175
f 5107 5175 5112
f 5171 5239 5245
f 5171 5245 5175
f 5239 5308 5315
f 5239 5315 5245
f 5308 5377 5387
f 5308 5387 5315
f 5377 5444 5453
f 5377 5453 5387
f 5444 5513 5517
f 5444 5517 5453
f 5513 5583 5597
f 5513 5597 5517
f 5583 5657 5667
f 5583 5667 5597
f 5657 5727 5737
f 5657 5737 5667
f 5727 5795 5807
f 5727 5807 5737
f 5795 5864 5873
f 5795 5873 5807
f 5864 5933 5947
f 5864 5947 5873
f 5933 6000 6013
f 5933 6013 5947
f 6000 6075 6085
f 6000 6085 6013
f 6075 6143 6157
f 6075 6157 6085
f 6143 6213 6241
f 6143 6241 6157
f 6213 6285 6308
f 6213 6308 6241
f 6285 6355 6375
f 6285 6375 6308
f 6355 6434 6451
f 6355 6451 6375
f 6434 6499 6515
f 6434 6515 6451
f 6499 6581 6590
f 6499 6590 6515
f 6581 6653 6663
f 6581 6663 6590
f 6653 6727 6733
f 6653 6733 6663
f 6727 6799 6807
f 6727 6807 6733
f 6799 6862 6870
f 6799 6870 6807
f 6862 6925 6949
f 6862 6949 6870
f 6925 7002 7025
f 6925 7025 6949
f 7002 7071 7093
f 7002 7093 7025
f 7071 7147 7172
f 7071 7172 7093
f 7147 7231 7263
f 7147 7263 7172
f 7231 7305 7335
f 7231 7335 7263
f 7305 7375 7404
f 7305 7404 7335
f 7375 7452 7481
f 7375 7481 7404
f 7452 7531 7558
f 7452 7558 7481
f 7531 7608 7631
f 7531 7631 7558
f 7608 7688 7725
f 7608 7725 7631
f 7688 7777 7825
f 7688 7825 7725
f 7777 7867 7911
f 7777 7911 7825
f 7867 7945 7992
f 7867 7992 7911
f 7945 8028 8082
f 7945 8082 7992
f 8028 8130 8181
f 8028 8181 8082
f 8130 8226 8286
f 8130 8286 8181
f 8226 8306 8379
f 8226 8379 8286
f 8306 8411 8487
f 8306 8487 8379
f 8411 8511 8584
f 8411 8584 8487
f 8511 8604 8649
f 8511 8649 8584
f 8604 8658 8720
f 8604 8720 8649
f 8658 8724 8817
f 8658 8817 8720
f 8724 8818 8851
f 8724 8851 8817
f 8818 8847 8875
f 8818 8875 8851
f 8847 8865 8900
f 8847 8900 8875
f 8865 8890 8933
f 8865 8933 8900
f 8890 8912 8963
f 8890 8963 8933
f 8912 8945 8987
f 8912 8987 8963
f 8945 8964 9005
f 8945 9005 8987
f 8964 8981 9020
f 8964 9020 9005
f 8981 8991 9032
f 8981 9032 9020
f 8991 9001 9047
f 8991 9047 9032
f 9001 9006 9052
f 9001 9052 9047
f 9006 9010 9053
f 9006 9053 9052
f 9053 9054 9082
f 9053 9082 9081
f 9054 9048 9072
f 9054 9072 9082
f 9048 9036 9068
f 9048 9068 9072
f 9036 9021 9055
f 9036 9055 9068
f 9021 9008 9037
f 9021 9037 9055
f 9008 8988 9016
f 9008 9016 9037
f 8988 8966 8993
f 8988 8993 9016
f 8966 8936 8967
f 8966 8967 8993
f 8936 8901 8931
f 8936 8931 8967
f 8901 8880 8897
f 8901 8897 8931
f 8880 8852 8867
f 8880 8867 8897
f 8852 8820 8842
f 8852 8842 8867
f 8820 8723 8775
f 8820 8775 8842
f 8723 8650 8684
f 8723 8684 8775
f 8650 8587 8620
f 8650 8620 8684
f 8587 8488 8532
f 8587 8532 8620
f 8488 8380 8426
f 8488 8426 8532
f 8380 8287 8323
f 8380 8323 8426
f 8287 8186 8232
f 8287 8232 8323
f 8186 8083 8128
f 8186 8128 8232
f 8083 7997 8019
f 8083 8019 8128
f 7997 7914 7938
f 7997 7938 8019
f 7914 7826 7846
f 7914 7846 7938
f 7826 7732 7765
f 7826 7765 7846
f 7732 7632 7667
f 7732 7667 7765
f 7632 7559 7573
f 7632 7573 7667
f 7559 7484 7502
f 7559 7502 7573
f 7484 7407 7424
f 7484 7424 7502
f 7407 7336 7355
f 7407 7355 7424
f 7336 7264 7276
f 7336 7276 7355
f 7264 7187 7197
f 7264 7197 7276
f 7187 7094 7118
f 7187 7118 7197
f 7094 7028 7044
f 7094 7044 7118
f 7028 6950 6970
f 7028 6970 7044
f 6950 6873 6891
f 6950 6891 6970
f 6873 6808 6821
f 6873 6821 6891
f 6808 6734 6751
f 6808 6751 6821
f 6734 6664 6670
f 6734 6670 6751
f 6664 6591 6601
f 6664 6601 6670
f 6591 6516 6530
f 6591 6530 6601
f 6516 6452 6457
f 6516 6457 6530
f 6452 6376 6386
f 6452 6386 6457
f 6376 6309 6322
f 6376 6322 6386
f 6309 6242 6251
f 6309 6251 6322
f 6242 6172 6182
f 6242 6182 6251
f 6172 6086 6107
f 6172 6107 6182
f 6086 6016 6034
f 6086 6034 6107
f 6016 5948 5957
f 6016 5957 6034
f 5948 5876 5882
f 5948 5882 5957
f 5876 5808 5819
f 5876 5819 5882
f 5808 5738 5743
f 5808 5743 5819
f 5738 5668 5675
f 5738 5675 5743
f 5668 5598 5602
f 5668 5602 5675
f 5598 5522 5533
f 5598 5533 5602
f 5522 5454 5459
f 5522 5459 5533
f 5454 5388 5395
f 5454 5395 5459
f 5388 5318 5323
f 5388 5323 5395
f 5318 5246 5253
f 5318 5253 5323
f 5246 5180 5187
f 5246 5187 5253
f 5180 5113 5119
f 5180 5119 5187
f 5113 5036 5041
f 5113 5041 5119
f 5036 4973 4979
f 5036 4979 5041
f 4973 4908 4915
f 4973 4915 4979
f 4908 4845 4851
f 4908 4851 4915
f 4845 4769 4775
f 4845 4775 4851
f 4769 4705 4711
f 4769 4711 4775
f 4705 4645 4647
f 4705 4647 4711
f 4645 4581 4583
f 4645 4583 4647
f 4581 4455 4457
f 4581 4457 4583
f 4455 4393 4385
f 4455 4385 4457
f 4393 4330 4321
f 4393 4321 4385
f 4330 4251 4245
f 4330 4245 4321
f 4251 4191 4181
f 4251 4181 4245
f 4191 4123 4117
f 4191 4117 4181
f 4123 4060 4055
f 4123 4055 4117
f 4060 3983 3977
f 4060 3977 4055
f 3983 3920 3909
f 3983 3909 3977
f 3920 3850 3843
f 3920 3843 3909
f 3850 3780 3773
f 3850 3773 3843
f 3780 3708 3703
f 3780 3703 3773
f 3708 3642 3637
f 3708 3637 3703
f 3642 3578 3563
f 3642 3563 3637
f 3578 3498 3494
f 3578 3494 3563
f 3498 3428 3421
f 3498 3421 3494
f 3428 3358 3353
f 3428 3353 3421
f 3358 3288 3279
f 3358 3279 3353
f 3288 3222 3214
f 3288 3214 3279
f 3222 3148 3139
f 3222 3139 3214
f 3148 3082 3073
f 3148 3073 3139
f 3082 3010 2989
f 3082 2989 3073
f 3010 2938 2918
f 3010 2918 2989
f 2938 2854 2849
f 2938 2849 2918
f 2854 2787 2774
f 2854 2774 2849
f 2787 2720 2710
f 2787 2710 2774
f 2720 2644 2639
f 2720 2639 2710
f 2644 2580 2566
f 2644 2566 2639
f 2580 2505 2495
f 2580 2495 2566
f 2505 2432 2428
f 2505 2428 2495
f 2432 2362 2351
f 2432 2351 2428
f 2362 2288 2279
f 2362 2279 2351
f 2288 2225 2207
f 2288 2207 2279
f 2225 2146 2129
f 2225 2129 2207
f 2146 2070 2060
f 2146 2060 2129
f 2070 2002 1980
f 2070 1980 2060
f 2002 1923 1899
f 2002 1899 1980
f 1923 1832 1820
f 1923 1820 1899
f 1832 1760 1741
f 1832 1741 1820
f 1760 1691 1672
f 1760 1672 1741
f 1691 1614 1594
f 1691 1594 1672
f 1614 1537 1523
f 1614 1523 1594
f 1537 1464 1429
f 1537 1429 1523
f 1464 1370 1333
f 1464 1333 1429
f 1370 1270 1254
f 1370 1254 1333
f 1270 1184 1160
f 1270 1160 1254
f 1184 1103 1085
f 1184 1085 1160
f 1103 1013 972
f 1103 972 1085
f 1013 914 870
f 1013 870 972
f 914 809 777
f 914 777 870
f 809 716 674
f 809 674 777
f 716 608 564
f 716 564 674
f 608 511 476
f 608 476 564
f 511 446 416
f 511 416 476
f 446 375 323
f 446 323 416
f 375 278 254
f 375 254 323
f 278 244 231
f 278 231 254
f 244 220 199
f 244 199 231
f 220 195 165
f 220 165 199
f 195 162 133
f 195 133 165
f 162 132 105
f 162 105 133
f 132 108 80
f 132 80 105
f 108 90 64
f 108 64 80
f 90 75 44
f 90 44 64
f 75 63 28
f 75 28 44
f 63 48 24
f 63 24 28
f 48 43 15
f 48 15 24
f 43 42 14
f 43 14 15
f 42 41 12
f 42 12 14
f 41 47 23
f 41 23 12
f 47 59 27
f 47 27 23
f 59 74 40
f 59 40 27
f 74 87 58
f 74 58 40
f 87 107 78
f 87 78 58
f 107 129 101
f 107 101 78
f 129 159 128
f 129 128 101
f 159 194 164
f 159 164 128
f 194 215 198
f 194 198 164
f 215 243 228
f 215 228 198
f 243 275 253
f 243 253 228
f 275 372 320
f 275 320 253
f 372 445 411
f 372 411 320
f 445 508 475
f 445 475 411
f 508 607 563
f 508 563 475
f 607 715 669
f 607 669 563
f 715 808 771
f 715 771 669
f 808 909 863
f 808 863 771
f 909 1012 967
f 909 967 863
f 1012 1098 1076
f 1012 1076 967
f 1098 1181 1157
f 1098 1157 1076
f 1181 1269 1249
f 1181 1249 1157
f 1269 1363 1329
f 1269 1329 1249
f 1363 1463 1428
f 1363 1428 1329
f 1463 1536 1522
f 1463 1522 1428
f 1536 1611 1593
f 1536 1593 1522
f 1611 1688 1671
f 1611 1671 1593
f 1688 1759 1740
f 1688 1740 1671
f 1759 1831 1819
f 1759 1819 1740
f 1831 1908 1897
f 1831 1897 1819
f 1908 2001 1977
f 1908 1977 1897
f 2001 2067 2051
f 2001 2051 1977
f 2067 2145 2124
f 2067 2124 2051
f 2145 2222 2204
f 2145 2204 2124
f 2222 2287 2274
f 2222 2274 2204
f 2287 2361 2343
f 2287 2343 2274
f 2361 2431 2425
f 2361 2425 2343
f 2431 2504 2494
f 2431 2494 2425
f 2504 2579 2565
f 2504 2565 2494
f 2579 2643 2638
f 2579 2638 2565
f 2643 2719 2709
f 2643 2709 2638
f 2719 2786 2773
f 2719 2773 2709
f 2786 2853 2843
f 2786 2843 2773
f 2853 2923 2913
f 2853 2913 2843
f 2923 3009 2988
f 2923 2988 2913
f 3009 3079 3061
f 3009 3061 2988
f 3079 3147 3138
f 3079 3138 3061
f 3147 3219 3213
f 3147 3213 3138
f 3219 3287 3275
f 3219 3275 3213
f 3287 3357 3352
f 3287 3352 3275
f 3357 3427 3420
f 3357 3420 3352
f 3427 3497 3493
f 3427 3493 3420
f 3497 3573 3562
f 3497 3562 3493
f 3573 3641 3636
f 3573 3636 3562
f 3641 3707 3700
f 3641 3700 3636
f 3707 3777 3772
f 3707 3772 3700
f 3777 3849 3842
f 3777 3842 3772
f 3849 3915 3908
f 3849 3908 3842
f 3915 3982 3976
f 3915 3976 3908
f 3982 4059 4053
f 3982 4053 3976
f 4059 4122 4115
f 4059 4115 4053
f 4122 4187 4180
f 4122 4180 4115
f 4187 4250 4244
f 4187 4244 4180
f 4250 4326 4320
f 4250 4320 4244
f 4326 4390 4384
f 4326 4384 4320
f 4390 4450 4447
f 4390 4447 4384
f 4450 4514 4512
f 4450 4512 4447
f 4514 4640 4637
f 4514 4637 4512
f 4640 4702 4710
f 4640 4710 4637
f 4702 4765 4774
f 4702 4774 4710
f 4765 4844 4850
f 4765 4850 4774
f 4844 4904 4914
f 4844 4914 4850
f 4904 4972 4977
f 4904 4977 4914
f 4972 5035 5039
f 4972 5039 4977
f 5035 5112 5118
f 5035 5118 5039
f 5112 5175 5186
f 5112 5186 5118
f 5175 5245 5252
f 5175 5252 5186
f 5245 5315 5322
f 5245 5322 5252
f 5315 5387 5392
f 5315 5392 5322
f 5387 5453 5458
f 5387 5458 5392
f 5453 5517 5532
f 5453 5532 5458
f 5517 5597 5601
f 5517 5601 5532
f 5597 5667 5674
f 5597 5674 5601
f 5667 5737 5742
f 5667 5742 5674
f 5737 5807 5815
f 5737 5815 5742
f 5807 5873 5881
f 5807 5881 5815
f 5873 5947 5956
f 5873 5956 5881
f 5947 6013 6022
f 5947 6022 5956
f 6013 6085 6106
f 6013 6106 6022
f 6085 6157 6177
f 6085 6177 6106
f 6157 6241 6245
f 6157 6245 6177
f 6241 6308 6321
f 6241 6321 6245
f 6308 6375 6385
f 6308 6385 6321
f 6375 6451 6456
f 6375 6456 6385
f 6451 6515 6529
f 6451 6529 6456
f 6515 6590 6600
f 6515 6600 6529
f 6590 6663 6667
f 6590 6667 6600
f 6663 6733 6743
f 6663 6743 6667
f 6733 6807 6816
f 6733 6816 6743
f 6807 6870 6888
f 6807 6888 6816
f 6870 6949 6965
f 6870 6965 6888
f 6949 7025 7035
f 6949 7035 6965
f 7025 7093 7115
f 7025 7115 7035
f 7093 7172 7195
f 7093 7195 7115
f 7172 7263 7275
f 7172 7275 7195
f 7263 7335 7354
f 7263 7354 7275
f 7335 7404 7423
f 7335 7423 7354
f 7404 7481 7501
f 7404 7501 7423
f 7481 7558 7572
f 7481 7572 7501
f 7558 7631 7666
f 7558 7666 7572
f 7631 7725 7761
f 7631 7761 7666
f 7725 7825 7841
f 7725 7841 7761
f 7825 7911 7935
f 7825 7935 7841
f 7911 7992 8010
f 7911 8010 7935
f 7992 8082 8123
f 7992 8123 8010
f 8082 8181 8225
f 8082 8225 8123
f 8181 8286 8317
f 8181 8317 8225
f 8286 8379 8421
f 8286 8421 8317
f 8379 8487 8531
f 8379 8531 8421
f 8487 8584 8619
f 8487 8619 8531
f 8584 8649 8679
f 8584 8679 8619
f 8649 8720 8772
f 8649 8772 8679
f 8720 8817 8841
f 8720 8841 8772
f 8817 8851 8864
f 8817 8864 8841
f 8851 8875 8896
f 8851 8896 8864
f 8875 8900 8930
f 8875 8930 8896
f 8900 8933 8962
f 8900 8962 8930
f 8933 8963 8989
f 8933 8989 8962
f 8963 8987 9014
f 8963 9014 8989
f 8987 9005 9031
f 8987 9031 9014
f 9005 9020 9051
f 9005 9051 9031
f 9020 9032 9067
f 9020 9067 9051
f 9032 9047 9071
f 9032 9071 9067
f 9047 9052 9079
f 9047 9079 9071
f 9052 9053 9081
f 9052 9081 9079
f 9081 9082 9091
f 9081 9091 9093
f 9082 9072 9087
f 9082 9087 9091
f 9072 9068 9077
f 9072 9077 9087
f 9068 9055 9065
f 9068 9065 9077
f 9055 9037 9049
f 9055 9049 9065
f 9037 9016 9027
f 9037 9027 9049
f 9016 8993 9003
f 9016 9003 9027
f 8993 8967 8976
f 8993 8976 9003
f 8967 8931 8948
f 8967 8948 8976
f 8931 8897 8906
f 8931 8906 8948
f 8897 8867 8881
f 8897 8881 8906
f 8867 8842 8849
f 8867 8849 8881
f 8842 8775 8801
f 8842 8801 8849
f 8775 8684 8711
f 8775 8711 8801
f 8684 8620 8634
f 8684 8634 8711
f 8620 8532 8560
f 8620 8560 8634
f 8532 8426 8442
f 8532 8442 8560
f 8426 8323 8349
f 8426 8349 8442
f 8323 8232 8239
f 8323 8239 8349
f 8232 8128 8153
f 8232 8153 8239
f 8128 8019 8042
f 8128 8042 8153
f 8019 7938 7943
f 8019 7943 8042
f 7938 7846 7859
f 7938 7859 7943
f 7846 7765 7771
f 7846 7771 7859
f 7765 7667 7680
f 7765 7680 7771
f 7667 7573 7582
f 7667 7582 7680
f 7573 7502 7513
f 7573 7513 7582
f 7502 7424 7430
f 7502 7430 7513
f 7424 7355 7365
f 7424 7365 7430
f 7355 7276 7283
f 7355 7283 7365
f 7276 7197 7211
f 7276 7211 7283
f 7197 7118 7127
f 7197 7127 7211
f 7118 7044 7049
f 7118 7049 7127
f 7044 6970 6976
f 7044 6976 7049
f 6970 6891 6903
f 6970 6903 6976
f 6891 6821 6825
f 6891 6825 6903
f 6821 6751 6755
f 6821 6755 6825
f 6751 6670 6679
f 6751 6679 6755
f 6670 6601 6606
f 6670 6606 6679
f 6601 6530 6539
f 6601 6539 6606
f 6530 6457 6463
f 6530 6463 6539
f 6457 6386 6391
f 6457 6391 6463
f 6386 6322 6330
f 6386 6330 6391
f 6322 6251 6255
f 6322 6255 6330
f 6251 6182 6187
f 6251 6187 6255
f 6182 6107 6113
f 6182 6113 6187
f 6107 6034 6038
f 6107 6038 6113
f 6034 5957 5963
f 6034 5963 6038
f 5957 5882 5889
f 5957 5889 5963
f 5882 5819 5823
f 5882 5823 5889
f 5819 5743 5747
f 5819 5747 5823
f 5743 5675 5679
f 5743 5679 5747
f 5675 5602 5607
f 5675 5607 5679
f 5602 5533 5537
f 5602 5537 5607
f 5533 5459 5467
f 5533 5467 5537
f 5459 5395 5399
f 5459 5399 5467
f 5395 5323 5327
f 5395 5327 5399
f 5323 5253 5255
f 5323 5255 5327
f 5253 5187 5189
f 5253 5189 5255
f 5187 5119 5121
f 5187 5121 5189
f 5119 5041 5045
f 5119 5045 5121
f 5041 4979 4981
f 5041 4981 5045
f 4979 4915 4917
f 4979 4917 4981
f 4915 4851 4853
f 4915 4853 4917
f 4851 4775 4777
f 4851 4777 4853
f 4775 4711 4713
f 4775 4713 4777
f 4711 4647 4649
f 4711 4649 4713
f 4647 4583 4585
f 4647 4585 4649
f 4583 4457 4459
f 4583 4459 4585
f 4457 4385 4387
f 4457 4387 4459
f 4385 4321 4323
f 4385 4323 4387
f 4321 4245 4247
f 4321 4247 4323
f 4245 4181 4183
f 4245 4183 4247
f 4181 4117 4119
f 4181 4119 4183
f 4117 4055 4051
f 4117 4051 4119
f 4055 3977 3979
f 4055 3979 4051
f 3977 3909 3911
f 3977 3911 3979
f 3909 3843 3845
f 3909 3845 3911
f 3843 3773 3769
f 3843 3769 3845
f 3773 3703 3697
f 3773 3697 3769
f 3703 3637 3633
f 3703 3633 3697
f 3637 3563 3559
f 3637 3559 3633
f 3563 3494 3489
f 3563 3489 3559
f 3494 3421 3417
f 3494 3417 3489
f 3421 3353 3349
f 3421 3349 3417
f 3353 3279 3273
f 3353 3273 3349
f 3279 3214 3209
f 3279 3209 3273
f 3214 3139 3135
f 3214 3135 3209
f 3139 3073 3058
f 3139 3058 3135
f 3073 2989 2983
f 3073 2983 3058
f 2989 2918 2909
f 2989 2909 2983
f 2918 2849 2841
f 2918 2841 2909
f 2849 2774 2766
f 2849 2766 2841
f 2774 2710 2705
f 2774 2705 2766
f 2710 2639 2633
f 2710 2633 2705
f 2639 2566 2561
f 2639 2561 2633
f 2566 2495 2490
f 2566 2490 2561
f 2495 2428 2417
f 2495 2417 2490
f 2428 2351 2341
f 2428 2341 2417
f 2351 2279 2271
f 2351 2271 2341
f 2279 2207 2193
f 2279 2193 2271
f 2207 2129 2120
f 2207 2120 2193
f 2129 2060 2047
f 2129 2047 2120
f 2060 1980 1969
f 2060 1969 2047
f 1980 1899 1887
f 1980 1887 1969
f 1899 1820 1813
f 1899 1813 1887
f 1820 1741 1731
f 1820 1731 1813
f 1741 1672 1668
f 1741 1668 1731
f 1672 1594 1589
f 1672 1589 1668
f 1594 1523 1516
f 1594 1516 1589
f 1523 1429 1422
f 1523 1422 1516
f 1429 1333 1325
f 1429 1325 1422
f 1333 1254 1239
f 1333 1239 1325
f 1254 1160 1153
f 1254 1153 1239
f 1160 1085 1068
f 1160 1068 1153
f 1085 972 943
f 1085 943 1068
f 972 870 857
f 972 857 943
f 870 777 749
f 870 749 857
f 777 674 659
f 777 659 749
f 674 564 538
f 674 538 659
f 564 476 468
f 564 468 538
f 476 416 387
f 476 387 468
f 416 323 300
f 416 300 387
f 323 254 249
f 323 249 300
f 254 231 221
f 254 221 249
f 231 199 192
f 231 192 221
f 199 165 152
f 199 152 192
f 165 133 120
f 165 120 152
f 133 105 95
f 133 95 120
f 105 80 72
f 105 72 95
f 80 64 49
f 80 49 72
f 64 44 31
f 64 31 49
f 44 28 21
f 44 21 31
f 28 24 10
f 28 10 21
f 24 15 5
f 24 5 10
f 15 14 1
f 15 1 5
f 14 12 3
f 14 3 1
f 12 23 7
f 12 7 3
f 23 27 17
f 23 17 7
f 27 40 29
f 27 29 17
f 40 58 45
f 40 45 29
f 58 78 67
f 58 67 45
f 78 101 91
f 78 91 67
f 101 128 118
f 101 118 91
f 128 164 146
f 128 146 118
f 164 198 188
f 164 188 146
f 198 228 213
f 198 213 188
f 228 253 245
f 228 245 213
f 253 320 293
f 253 293 245
f 320 411 383
f 320 383 293
f 411 475 460
f 411 460 383
f 475 563 534
f 475 534 460
f 563 669 652
f 563 652 534
f 669 771 745
f 669 745 652
f 771 863 855
f 771 855 745
f 863 967 941
f 863 941 855
f 967 1076 1052
f 967 1052 941
f 1076 1157 1151
f 1076 1151 1052
f 1157 1249 1235
f 1157 1235 1151
f 1249 1329 1323
f 1249 1323 1235
f 1329 1428 1414
f 1329 1414 1323
f 1428 1522 1512
f 1428 1512 1414
f 1522 1593 1581
f 1522 1581 1512
f 1593 1671 1664
f 1593 1664 1581
f 1671 1740 1729
f 1671 1729 1664
f 1740 1819 1811
f 1740 1811 1729
f 1819 1897 1883
f 1819 1883 1811
f 1897 1977 1967
f 1897 1967 1883
f 1977 2051 2045
f 1977 2045 1967
f 2051 2124 2118
f 2051 2118 2045
f 2124 2204 2191
f 2124 2191 2118
f 2204 2274 2269
f 2204 2269 2191
f 2274 2343 2339
f 2274 2339 2269
f 2343 2425 2415
f 2343 2415 2339
f 2425 2494 2488
f 2425 2488 2415
f 2494 2565 2555
f 2494 2555 2488
f 2565 2638 2631
f 2565 2631 2555
f 2638 2709 2703
f 2638 2703 2631
f 2709 2773 2764
f 2709 2764 2703
f 2773 2843 2839
f 2773 2839 2764
f 2843 2913 2907
f 2843 2907 2839
f 2913 2988 2981
f 2913 2981 2907
f 2988 3061 3056
f 2988 3056 2981
f 3061 3138 3131
f 3061 3131 3056
f 3138 3213 3205
f 3138 3205 3131
f 3213 3275 3271
f 3213 3271 3205
f 3275 3352 3347
f 3275 3347 3271
f 3352 3420 3415
f 3352 3415 3347
f 3420 3493 3487
f 3420 3487 3415
f 3493 3562 3557
f 3493 3557 3487
f 3562 3636 3627
f 3562 3627 3557
f 3636 3700 3695
f 3636 3695 3627
f 3700 3772 3767
f 3700 3767 3695
f 3772 3842 3839
f 3772 3839 3767
f 3842 3908 3905
f 3842 3905 3839
f 3908 3976 3973
f 3908 3973 3905
f 3976 4053 4049
f 3976 4049 3973
f 4053 4115 4113
f 4053 4113 4049
f 4115 4180 4177
f 4115 4177 4113
f 4180 4244 4241
f 4180 4241 4177
f 4244 4320 4317
f 4244 4317 4241
f 4320 4384 4381
f 4320 4381 4317
f 4384 4447 4445
f 4384 4445 4381
f 4447 4512 4509
f 4447 4509 4445
f 4512 4637 4635
f 4512 4635 4509
f 4637 4710 4707
f 4637 4707 4635
f 4710 4774 4771
f 4710 4771 4707
f 4774 4850 4847
f 4774 4847 4771
f 4850 4914 4911
f 4850 4911 4847
f 4914 4977 4975
f 4914 4975 4911
f 4977 5039 5043
f 4977 5043 4975
f 5039 5118 5115
f 5039 5115 5043
f 5118 5186 5183
f 5118 5183 5115
f 5186 5252 5249
f 5186 5249 5183
f 5252 5322 5325
f 5252 5325 5249
f 5322 5392 5397
f 5322 5397 5325
f 5392 5458 5461
f 5392 5461 5397
f 5458 5532 5535
f 5458 5535 5461
f 5532 5601 5605
f 5532 5605 5535
f 5601 5674 5677
f 5601 5677 5605
f 5674 5742 5745
f 5674 5745 5677
f 5742 5815 5821
f 5742 5821 5745
f 5815 5881 5885
f 5815 5885 5821
f 5881 5956 5959
f 5881 5959 5885
f 5956 6022 6036
f 5956 6036 5959
f 6022 6106 6111
f 6022 6111 6036
f 6106 6177 6185
f 6106 6185 6111
f 6177 6245 6253
f 6177 6253 6185
f 6245 6321 6328
f 6245 6328 6253
f 6321 6385 6389
f 6321 6389 6328
f 6385 6456 6461
f 6385 6461 6389
f 6456 6529 6533
f 6456 6533 6461
f 6529 6600 6604
f 6529 6604 6533
f 6600 6667 6677
f 6600 6677 6604
f 6667 6743 6753
f 6667 6753 6677
f 6743 6816 6823
f 6743 6823 6753
f 6816 6888 6901
f 6816 6901 6823
f 6888 6965 6974
f 6888 6974 6901
f 6965 7035 7047
f 6965 7047 6974
f 7035 7115 7125
f 7035 7125 7047
f 7115 7195 7207
f 7115 7207 7125
f 7195 7275 7281
f 7195 7281 7207
f 7275 7354 7363
f 7275 7363 7281
f 7354 7423 7426
f 7354 7426 7363
f 7423 7501 7505
f 7423 7505 7426
f 7501 7572 7578
f 7501 7578 7505
f 7572 7666 7672
f 7572 7672 7578
f 7666 7761 7769
f 7666 7769 7672
f 7761 7841 7855
f 7761 7855 7769
f 7841 7935 7941
f 7841 7941 7855
f 7935 8010 8026
f 7935 8026 7941
f 8010 8123 8151
f 8010 8151 8026
f 8123 8225 8237
f 8123 8237 8151
f 8225 8317 8345
f 8225 8345 8237
f 8317 8421 8435
f 8317 8435 8345
f 8421 8531 8556
f 8421 8556 8435
f 8531 8619 8626
f 8531 8626 8556
f 8619 8679 8707
f 8619 8707 8626
f 8679 8772 8794
f 8679 8794 8707
f 8772 8841 8845
f 8772 8845 8794
f 8841 8864 8873
f 8841 8873 8845
f 8864 8896 8902
f 8864 8902 8873
f 8896 8930 8942
f 8896 8942 8902
f 8930 8962 8974
f 8930 8974 8942
f 8962 8989 8999
f 8962 8999 8974
f 8989 9014 9022
f 8989 9022 8999
f 9014 9031 9045
f 9014 9045 9022
f 9031 9051 9063
f 9031 9063 9045
f 9051 9067 9073
f 9051 9073 9063
f 9067 9071 9084
f 9067 9084 9073
f 9071 9079 9089
f 9071 9089 9084
f 9079 9081 9093
f 9079 9093 9089
f 9093 9091 9092
f 9093 9092 9094
f 9091 9087 9088
f 9091 9088 9092
f 9087 9077 9078
f 9087 9078 9088
f 9077 9065 9066
f 9077 9066 9078
f 9065 9049 9050
f 9065 9050 9066
f 9049 9027 9028
f 9049 9028 9050
f 9027 9003 9004
f 9027 9004 9028
f 9003 8976 8977
f 9003 8977 9004
f 8976 8948 8949
f 8976 8949 8977
f 8948 8906 8907
f 8948 8907 8949
f 8906 8881 8882
f 8906 8882 8907
f 8881 8849 8850
f 8881 8850 8882
f 8849 8801 8802
f 8849 8802 8850
f 8801 8711 8712
f 8801 8712 8802
f 8711 8634 8635
f 8711 8635 8712
f 8634 8560 8561
f 8634 8561 8635
f 8560 8442 8443
f 8560 8443 8561
f 8442 8349 8350
f 8442 8350 8443
f 8349 8239 8240
f 8349 8240 8350
f 8239 8153 8154
f 8239 8154 8240
f 8153 8042 8043
f 8153 8043 8154
f 8042 7943 7944
f 8042 7944 8043
f 7943 7859 7860
f 7943 7860 7944
f 7859 7771 7772
f 7859 7772 7860
f 7771 7680 7681
f 7771 7681 7772
f 7680 7582 7583
f 7680 7583 7681
f 7582 7513 7514
f 7582 7514 7583
f 7513 7430 7431
f 7513 7431 7514
f 7430 7365 7366
f 7430 7366 7431
f 7365 7283 7284
f 7365 7284 7366
f 7283 7211 7212
f 7283 7212 7284
f 7211 7127 7128
f 7211 7128 7212
f 7127 7049 7050
f 7127 7050 7128
f 7049 6976 6977
f 7049 6977 7050
f 6976 6903 6904
f 6976 6904 6977
f 6903 6825 6826
f 6903 6826 6904
f 6825 6755 6756
f 6825 6756 6826
f 6755 6679 6680
f 6755 6680 6756
f 6679 6606 6607
f 6679 6607 6680
f 6606 6539 6540
f 6606 6540 6607
f 6539 6463 6464
f 6539 6464 6540
f 6463 6391 6392
f 6463 6392 6464
f 6391 6330 6331
f 6391 6331 6392
f 6330 6255 6256
f 6330 6256 6331
f 6255 6187 6188
f 6255 6188 6256
f 6187 6113 6114
f 6187 6114 6188
f 6113 6038 6039
f 6113 6039 6114
f 6038 5963 5964
f 6038 5964 6039
f 5963 5889 5890
f 5963 5890 5964
f 5889 5823 5824
f 5889 5824 5890
f 5823 5747 5748
f 5823 5748 5824
f 5747 5679 5680
f 5747 5680 5748
f 5679 5607 5608
f 5679 5608 5680
f 5607 5537 5538
f 5607 5538 5608
f 5537 5467 5468
f 5537 5468 5538
f 5467 5399 5400
f 5467 5400 5468
f 5399 5327 5328
f 5399 5328 5400
f 5327 5255 5256
f 5327 5256 5328
f 5255 5189 5190
f 5255 5190 5256
f 5189 5121 5122
f 5189 5122 5190
f 5121 5045 5046
f 5121 5046 5122
f 5045 4981 4982
f 5045 4982 5046
f 4981 4917 4918
f 4981 4918 4982
f 4917 4853 4854
f 4917 4854 4918
f 4853 4777 4778
f 4853 4778 4854
f 4777 4713 4714
f 4777 4714 4778
f 4713 4649 4650
f 4713 4650 4714
f 4649 4585 4586
f 4649 4586 4650
f 4585 4459 4460
f 4585 4460 4586
f 4459 4387 4388
f 4459 4388 4460
f 4387 4323 4324
f 4387 4324 4388
f 4323 4247 4248
f 4323 4248 4324
f 4247 4183 4184
f 4247 4184 4248
f 4183 4119 4120
f 4183 4120 4184
f 4119 4051 4052
f 4119 4052 4120
f 4051 3979 3980
f 4051 3980 4052
f 3979 3911 3912
f 3979 3912 3980
f 3911 3845 3846
f 3911 3846 3912
f 3845 3769 3770
f 3845 3770 3846
f 3769 3697 3698
f 3769 3698 3770
f 3697 3633 3634
f 3697 3634 3698
f 3633 3559 3560
f 3633 3560 3634
f 3559 3489 3490
f 3559 3490 3560
f 3489 3417 3418
f 3489 3418 3490
f 3417 3349 3350
f 3417 3350 3418
f 3349 3273 3274
f 3349 3274 3350
f 3273 3209 3210
f 3273 3210 3274
f 3209 3135 3136
f 3209 3136 3210
f 3135 3058 3059
f 3135 3059 3136
f 3058 2983 2984
f 3058 2984 3059
f 2983 2909 2910
f 2983 2910 2984
f 2909 2841 2842
f 2909 2842 2910
f 2841 2766 2767
f 2841 2767 2842
f 2766 2705 2706
f 2766 2706 2767
f 2705 2633 2634
f 2705 2634 2706
f 2633 2561 2562
f 2633 2562 2634
f 2561 2490 2491
f 2561 2491 2562
f 2490 2417 2418
f 2490 2418 2491
f 2417 2341 2342
f 2417 2342 2418
f 2341 2271 2272
f 2341 2272 2342
f 2271 2193 2194
f 2271 2194 2272
f 2193 2120 2121
f 2193 2121 2194
f 2120 2047 2048
f 2120 2048 2121
f 2047 1969 1970
f 2047 1970 2048
f 1969 1887 1888
f 1969 1888 1970
f 1887 1813 1814
f 1887 1814 1888
f 1813 1731 1732
f 1813 1732 1814
f 1731 1668 1669
f 1731 1669 1732
f 1668 1589 1590
f 1668 1590 1669
f 1589 1516 1517
f 1589 1517 1590
f 1516 1422 1423
f 1516 1423 1517
f 1422 1325 1326
f 1422 1326 1423
f 1325 1239 1240
f 1325 1240 1326
f 1239 1153 1154
f 1239 1154 1240
f 1153 1068 1069
f 1153 1069 1154
f 1068 943 944
f 1068 944 1069
f 943 857 858
f 943 858 944
f 857 749 750
f 857 750 858
f 749 659 660
f 749 660 750
f 659 538 539
f 659 539 660
f 538 468 469
f 538 469 539
f 468 387 388
f 468 388 469
f 387 300 301
f 387 301 388
f 300 249 250
f 300 250 301
f 249 221 222
f 249 222 250
f 221 192 193
f 221 193 222
f 192 152 153
f 192 153 193
f 152 120 121
f 152 121 153
f 120 95 96
f 120 96 121
f 95 72 73
f 95 73 96
f 72 49 50
f 72 50 73
f 49 31 32
f 49 32 50
f 31 21 22
f 31 22 32
f 21 10 11
f 21 11 22
f 10 5 6
f 10 6 11
f 5 1 2
f 5 2 6
f 1 3 4
f 1 4 2
f 3 7 8
f 3 8 4
f 7 17 18
f 7 18 8
f 17 29 30
f 17 30 18
f 29 45 46
f 29 46 30
f 45 67 68
f 45 68 46
f 67 91 92
f 67 92 68
f 91 118 119
f 91 119 92
f 118 146 147
f 118 147 119
f 146 188 189
f 146 189 147
f 188 213 214
f 188 214 189
f 213 245 246
f 213 246 214
f 245 293 294
f 245 294 246
f 293 383 384
f 293 384 294
f 383 460 461
f 383 461 384
f 460 534 535
f 460 535 461
f 534 652 653
f 534 653 535
f 652 745 746
f 652 746 653
f 745 855 856
f 745 856 746
f 855 941 942
f 855 942 856
f 941 1052 1053
f 941 1053 942
f 1052 1151 1152
f 1052 1152 1053
f 1151 1235 1236
f 1151 1236 1152
f 1235 1323 1324
f 1235 1324 1236
f 1323 1414 1415
f 1323 1415 1324
f 1414 1512 1513
f 1414 1513 1415
f 1512 1581 1582
f 1512 1582 1513
f 1581 1664 1665
f 1581 1665 1582
f 1664 1729 1730
f 1664 1730 1665
f 1729 1811 1812
f 1729 1812 1730
f 1811 1883 1884
f 1811 1884 1812
f 1883 1967 1968
f 1883 1968 1884
f 1967 2045 2046
f 1967 2046 1968
f 2045 2118 2119
f 2045 2119 2046
f 2118 2191 2192
f 2118 2192 2119
f 2191 2269 2270
f 2191 2270 2192
f 2269 2339 2340
f 2269 2340 2270
f 2339 2415 2416
f 2339 2416 2340
f 2415 2488 2489
f 2415 2489 2416
f 2488 2555 2556
f 2488 2556 2489
f 2555 2631 2632
f 2555 2632 2556
f 2631 2703 2704
f 2631 2704 2632
f 2703 2764 2765
f 2703 2765 2704
f 2764 2839 2840
f 2764 2840 2765
f 2839 2907 2908
f 2839 2908 2840
f 2907 2981 2982
f 2907 2982 2908
f 2981 3056 3057
f 2981 3057 2982
f 3056 3131 3132
f 3056 3132 3057
f 3131 3205 3206
f 3131 3206 3132
f 3205 3271 3272
f 3205 3272 3206
f 3271 3347 3348
f 3271 3348 3272
f 3347 3415 3416
f 3347 3416 3348
f 3415 3487 3488
f 3415 3488 3416
f 3487 3557 3558
f 3487 3558 3488
f 3557 3627 3628
f 3557 3628 3558
f 3627 3695 3696
f 3627 3696 3628
f 3695 3767 3768
f 3695 3768 3696
f 3767 3839 3840
f 3767 3840 3768
f 3839 3905 3906
f 3839 3906 3840
f 3905 3973 3974
f 3905 3974 3906
f 3973 4049 4050
f 3973 4050 3974
f 4049 4113 4114
f 4049 4114 4050
f 4113 4177 4178
f 4113 4178 4114
f 4177 4241 4242
f 4177 4242 4178
f 4241 4317 4318
f 4241 4318 4242
f 4317 4381 4382
f 4317 4382 4318
f 4381 4445 4446
f 4381 4446 4382
f 4445 4509 4510
f 4445 4510 4446
f 4509 4635 4636
f 4509 4636 4510
f 4635 4707 4708
f 4635 4708 4636
f 4707 4771 4772
f 4707 4772 4708
f 4771 4847 4848
f 4771 4848 4772
f 4847 4911 4912
f 4847 4912 4848
f 4911 4975 4976
f 4911 4976 4912
f 4975 5043 5044
f 4975 5044 4976
f 5043 5115 5116
f 5043 5116 5044
f 5115 5183 5184
f 5115 5184 5116
f 5183 5249 5250
f 5183 5250 5184
f 5249 5325 5326
f 5249 5326 5250
f 5325 5397 5398
f 5325 5398 5326
f 5397 5461 5462
f 5397 5462 5398
f 5461 5535 5536
f 5461 5536 5462
f 5535 5605 5606
f 5535 5606 5536
f 5605 5677 5678
f 5605 5678 5606
f 5677 5745 5746
f 5677 5746 5678
f 5745 5821 5822
f 5745 5822 5746
f 5821 5885 5886
f 5821 5886 5822
f 5885 5959 5960
f 5885 5960 5886
f 5959 6036 6037
f 5959 6037 5960
f 6036 6111 6112
f 6036 6112 6037
f 6111 6185 6186
f 6111 6186 6112
f 6185 6253 6254
f 6185 6254 6186
f 6253 6328 6329
f 6253 6329 6254
f 6328 6389 6390
f 6328 6390 6329
f 6389 6461 6462
f 6389 6462 6390
f 6461 6533 6534
f 6461 6534 6462
f 6533 6604 6605
f 6533 6605 6534
f 6604 6677 6678
f 6604 6678 6605
f 6677 6753 6754
f 6677 6754 6678
f 6753 6823 6824
f 6753 6824 6754
f 6823 6901 6902
f 6823 6902 6824
f 6901 6974 6975
f 6901 6975 6902
f 6974 7047 7048
f 6974 7048 6975
f 7047 7125 7126
f 7047 7126 7048
f 7125 7207 7208
f 7125 7208 7126
f 7207 7281 7282
f 7207 7282 7208
f 7281 7363 7364
f 7281 7364 7282
f 7363 7426 7427
f 7363 7427 7364
f 7426 7505 7506
f 7426 7506 7427
f 7505 7578 7579
f 7505 7579 7506
f 7578 7672 7673
f 7578 7673 7579
f 7672 7769 7770
f 7672 7770 7673
f 7769 7855 7856
f 7769 7856 7770
f 7855 7941 7942
f 7855 7942 7856
f 7941 8026 8027
f 7941 8027 7942
f 8026 8151 8152
f 8026 8152 8027
f 8151 8237 8238
f 8151 8238 8152
f 8237 8345 8346
f 8237 8346 8238
f 8345 8435 8436
f 8345 8436 8346
f 8435 8556 8557
f 8435 8557 8436
f 8556 8626 8627
f 8556 8627 8557
f 8626 8707 8708
f 8626 8708 8627
f 8707 8794 8795
f 8707 8795 8708
f 8794 8845 8846
f 8794 8846 8795
f 8845 8873 8874
f 8845 8874 8846
f 8873 8902 8903
f 8873 8903 8874
f 8902 8942 8943
f 8902 8943 8903
f 8942 8974 8975
f 8942 8975 8943
f 8974 8999 9000
f 8974 9000 8975
f 8999 9022 9023
f 8999 9023 9000
f 9022 9045 9046
f 9022 9046 9023
f 9045 9063 9064
f 9045 9064 9046
f 9063 9073 9074
f 9063 9074 9064
f 9073 9084 9085
f 9073 9085 9074
f 9084 9089 9090
f 9084 9090 9085
f 9089 9093 9094
f 9089 9094 9090
f 9094 9092 9083
f 9094 9083 9086
f 9092 9088 9076
f 9092 9076 9083
f 9088 9078 9070
f 9088 9070 9076
f 9078 9066 9059
f 9078 9059 9070
f 9066 9050 9042
f 9066 9042 9059
f 9050 9028 9017
f 9050 9017 9042
f 9028 9004 8994
f 9028 8994 9017
f 9004 8977 8969
f 9004 8969 8994
f 8977 8949 8937
f 8977 8937 8969
f 8949 8907 8899
f 8949 8899 8937
f 8907 8882 8872
f 8907 8872 8899
f 8882 8850 8844
f 8882 8844 8872
f 8850 8802 8777
f 8850 8777 8844
f 8802 8712 8692
f 8802 8692 8777
f 8712 8635 8621
f 8712 8621 8692
f 8635 8561 8540
f 8635 8540 8621
f 8561 8443 8430
f 8561 8430 8540
f 8443 8350 8324
f 8443 8324 8430
f 8350 8240 8234
f 8350 8234 8324
f 8240 8154 8140
f 8240 8140 8234
f 8154 8043 8021
f 8154 8021 8140
f 8043 7944 7940
f 8043 7940 8021
f 7944 7860 7852
f 7944 7852 7940
f 7860 7772 7766
f 7860 7766 7852
f 7772 7681 7671
f 7772 7671 7766
f 7681 7583 7575
f 7681 7575 7671
f 7583 7514 7504
f 7583 7504 7575
f 7514 7431 7425
f 7514 7425 7504
f 7431 7366 7356
f 7431 7356 7425
f 7366 7284 7280
f 7366 7280 7356
f 7284 7212 7198
f 7284 7198 7280
f 7212 7128 7124
f 7212 7124 7198
f 7128 7050 7046
f 7128 7046 7124
f 7050 6977 6971
f 7050 6971 7046
f 6977 6904 6893
f 6977 6893 6971
f 6904 6826 6822
f 6904 6822 6893
f 6826 6756 6752
f 6826 6752 6822
f 6756 6680 6674
f 6756 6674 6752
f 6680 6607 6603
f 6680 6603 6674
f 6607 6540 6532
f 6607 6532 6603
f 6540 6464 6458
f 6540 6458 6532
f 6464 6392 6388
f 6464 6388 6458
f 6392 6331 6323
f 6392 6323 6388
f 6331 6256 6252
f 6331 6252 6323
f 6256 6188 6184
f 6256 6184 6252
f 6188 6114 6108
f 6188 6108 6184
f 6114 6039 6035
f 6114 6035 6108
f 6039 5964 5958
f 6039 5958 6035
f 5964 5890 5884
f 5964 5884 5958
f 5890 5824 5820
f 5890 5820 5884
f 5824 5748 5744
f 5824 5744 5820
f 5748 5680 5676
f 5748 5676 5744
f 5680 5608 5604
f 5680 5604 5676
f 5608 5538 5534
f 5608 5534 5604
f 5538 5468 5460
f 5538 5460 5534
f 5468 5400 5396
f 5468 5396 5460
f 5400 5328 5324
f 5400 5324 5396
f 5328 5256 5254
f 5328 5254 5324
f 5256 5190 5188
f 5256 5188 5254
f 5190 5122 5120
f 5190 5120 5188
f 5122 5046 5042
f 5122 5042 5120
f 5046 4982 4980
f 5046 4980 5042
f 4982 4918 4916
f 4982 4916 4980
f 4918 4854 4852
f 4918 4852 4916
f 4854 4778 4776
f 4854 4776 4852
f 4778 4714 4712
f 4778 4712 4776
f 4714 4650 4648
f 4714 4648 4712
f 4650 4586 4584
f 4650 4584 4648
f 4586 4460 4458
f 4586 4458 4584
f 4460 4388 4386
f 4460 4386 4458
f 4388 4324 4322
f 4388 4322 4386
f 4324 4248 4246
f 4324 4246 4322
f 4248 4184 4182
f 4248 4182 4246
f 4184 4120 4118
f 4184 4118 4182
f 4120 4052 4056
f 4120 4056 4118
f 4052 3980 3978
f 4052 3978 4056
f 3980 3912 3910
f 3980 3910 3978
f 3912 3846 3844
f 3912 3844 3910
f 3846 3770 3774
f 3846 3774 3844
f 3770 3698 3704
f 3770 3704 3774
f 3698 3634 3638
f 3698 3638 3704
f 3634 3560 3564
f 3634 3564 3638
f 3560 3490 3492
f 3560 3492 3564
f 3490 3418 3422
f 3490 3422 3492
f 3418 3350 3354
f 3418 3354 3422
f 3350 3274 3280
f 3350 3280 3354
f 3274 3210 3212
f 3274 3212 3280
f 3210 3136 3140
f 3210 3140 3212
f 3136 3059 3074
f 3136 3074 3140
f 3059 2984 2990
f 3059 2990 3074
f 2984 2910 2912
f 2984 2912 2990
f 2910 2842 2850
f 2910 2850 2912
f 2842 2767 2775
f 2842 2775 2850
f 2767 2706 2708
f 2767 2708 2775
f 2706 2634 2640
f 2706 2640 2708
f 2634 2562 2564
f 2634 2564 2640
f 2562 2491 2493
f 2562 2493 2564
f 2491 2418 2424
f 2491 2424 2493
f 2418 2342 2352
f 2418 2352 2424
f 2342 2272 2280
f 2342 2280 2352
f 2272 2194 2203
f 2272 2203 2280
f 2194 2121 2130
f 2194 2130 2203
f 2121 2048 2050
f 2121 2050 2130
f 2048 1970 1976
f 2048 1976 2050
f 1970 1888 1900
f 1970 1900 1976
f 1888 1814 1818
f 1888 1818 1900
f 1814 1732 1742
f 1814 1742 1818
f 1732 1669 1673
f 1732 1673 1742
f 1669 1590 1592
f 1669 1592 1673
f 1590 1517 1521
f 1590 1521 1592
f 1517 1423 1427
f 1517 1427 1521
f 1423 1326 1334
f 1423 1334 1427
f 1326 1240 1248
f 1326 1248 1334
f 1240 1154 1156
f 1240 1156 1248
f 1154 1069 1075
f 1154 1075 1156
f 1069 944 966
f 1069 966 1075
f 944 858 862
f 944 862 966
f 858 750 778
f 858 778 862
f 750 660 668
f 750 668 778
f 660 539 562
f 660 562 668
f 539 469 477
f 539 477 562
f 469 388 410
f 469 410 477
f 388 301 319
f 388 319 410
f 301 250 252
f 301 252 319
f 250 222 227
f 250 227 252
f 222 193 197
f 222 197 227
f 193 153 163
f 193 163 197
f 153 121 127
f 153 127 163
f 121 96 106
f 121 106 127
f 96 73 81
f 96 81 106
f 73 50 57
f 73 57 81
f 50 32 39
f 50 39 57
f 32 22 26
f 32 26 39
f 22 11 20
f 22 20 26
f 11 6 16
f 11 16 20
f 6 2 9
f 6 9 16
f 2 4 13
f 2 13 9
f 4 8 19
f 4 19 13
f 8 18 25
f 8 25 19
f 18 30 36
f 18 36 25
f 30 46 53
f 30 53 36
f 46 68 79
f 46 79 53
f 68 92 102
f 68 102 79
f 92 119 126
f 92 126 102
f 119 147 158
f 119 158 126
f 147 189 196
f 147 196 158
f 189 214 223
f 189 223 196
f 214 246 251
f 214 251 223
f 246 294 318
f 246 318 251
f 294 384 403
f 294 403 318
f 384 461 474
f 384 474 403
f 461 535 555
f 461 555 474
f 535 653 665
f 535 665 555
f 653 746 772
f 653 772 665
f 746 856 861
f 746 861 772
f 856 942 955
f 856 955 861
f 942 1053 1074
f 942 1074 955
f 1053 1152 1155
f 1053 1155 1074
f 1152 1236 1243
f 1152 1243 1155
f 1236 1324 1330
f 1236 1330 1243
f 1324 1415 1424
f 1324 1424 1330
f 1415 1513 1520
f 1415 1520 1424
f 1513 1582 1591
f 1513 1591 1520
f 1582 1665 1670
f 1582 1670 1591
f 1665 1730 1739
f 1665 1739 1670
f 1730 1812 1815
f 1730 1815 1739
f 1812 1884 1898
f 1812 1898 1815
f 1884 1968 1971
f 1884 1971 1898
f 1968 2046 2049
f 1968 2049 1971
f 2046 2119 2125
f 2046 2125 2049
f 2119 2192 2202
f 2119 2202 2125
f 2192 2270 2273
f 2192 2273 2202
f 2270 2340 2344
f 2270 2344 2273
f 2340 2416 2421
f 2340 2421 2344
f 2416 2489 2492
f 2416 2492 2421
f 2489 2556 2563
f 2489 2563 2492
f 2556 2632 2637
f 2556 2637 2563
f 2632 2704 2707
f 2632 2707 2637
f 2704 2765 2772
f 2704 2772 2707
f 2765 2840 2844
f 2765 2844 2772
f 2840 2908 2911
f 2840 2911 2844
f 2908 2982 2987
f 2908 2987 2911
f 2982 3057 3060
f 2982 3060 2987
f 3057 3132 3137
f 3057 3137 3060
f 3132 3206 3211
f 3132 3211 3137
f 3206 3272 3276
f 3206 3276 3211
f 3272 3348 3351
f 3272 3351 3276
f 3348 3416 3419
f 3348 3419 3351
f 3416 3488 3491
f 3416 3491 3419
f 3488 3558 3561
f 3488 3561 3491
f 3558 3628 3635
f 3558 3635 3561
f 3628 3696 3699
f 3628 3699 3635
f 3696 3768 3771
f 3696 3771 3699
f 3768 3840 3841
f 3768 3841 3771
f 3840 3906 3907
f 3840 3907 3841
f 3906 3974 3975
f 3906 3975 3907
f 3974 4050 4054
f 3974 4054 3975
f 4050 4114 4116
f 4050 4116 4054
f 4114 4178 4179
f 4114 4179 4116
f 4178 4242 4243
f 4178 4243 4179
f 4242 4318 4319
f 4242 4319 4243
f 4318 4382 4383
f 4318 4383 4319
f 4382 4446 4448
f 4382 4448 4383
f 4446 4510 4511
f 4446 4511 4448
f 4510 4636 4638
f 4510 4638 4511
f 4636 4708 4709
f 4636 4709 4638
f 4708 4772 4773
f 4708 4773 4709
f 4772 4848 4849
f 4772 4849 4773
f 4848 4912 4913
f 4848 4913 4849
f 4912 4976 4978
f 4912 4978 4913
f 4976 5044 5040
f 4976 5040 4978
f 5044 5116 5117
f 5044 5117 5040
f 5116 5184 5185
f 5116 5185 5117
f 5184 5250 5251
f 5184 5251 5185
f 5250 5326 5321
f 5250 5321 5251
f 5326 5398 5391
f 5326 5391 5321
f 5398 5462 5457
f 5398 5457 5391
f 5462 5536 5531
f 5462 5531 5457
f 5536 5606 5603
f 5536 5603 5531
f 5606 5678 5673
f 5606 5673 5603
f 5678 5746 5741
f 5678 5741 5673
f 5746 5822 5816
f 5746 5816 5741
f 5822 5886 5883
f 5822 5883 5816
f 5886 5960 5955
f 5886 5955 5883
f 5960 6037 6021
f 5960 6021 5955
f 6037 6112 6105
f 6037 6105 6021
f 6112 6186 6183
f 6112 6183 6105
f 6186 6254 6246
f 6186 6246 6183
f 6254 6329 6320
f 6254 6320 6246
f 6329 6390 6387
f 6329 6387 6320
f 6390 6462 6455
f 6390 6455 6387
f 6462 6534 6531
f 6462 6531 6455
f 6534 6605 6602
f 6534 6602 6531
f 6605 6678 6671
f 6605 6671 6602
f 6678 6754 6744
f 6678 6744 6671
f 6754 6824 6815
f 6754 6815 6744
f 6824 6902 6892
f 6824 6892 6815
f 6902 6975 6966
f 6902 6966 6892
f 6975 7048 7045
f 6975 7045 6966
f 7048 7126 7119
f 7048 7119 7045
f 7126 7208 7196
f 7126 7196 7119
f 7208 7282 7277
f 7208 7277 7196
f 7282 7364 7353
f 7282 7353 7277
f 7364 7427 7422
f 7364 7422 7353
f 7427 7506 7503
f 7427 7503 7422
f 7506 7579 7574
f 7506 7574 7503
f 7579 7673 7668
f 7579 7668 7574
f 7673 7770 7762
f 7673 7762 7668
f 7770 7856 7847
f 7770 7847 7762
f 7856 7942 7939
f 7856 7939 7847
f 7942 8027 8020
f 7942 8020 7939
f 8027 8152 8129
f 8027 8129 8020
f 8152 8238 8233
f 8152 8233 8129
f 8238 8346 8318
f 8238 8318 8233
f 8346 8436 8427
f 8346 8427 8318
f 8436 8557 8533
f 8436 8533 8427
f 8557 8627 8618
f 8557 8618 8533
f 8627 8708 8685
f 8627 8685 8618
f 8708 8795 8776
f 8708 8776 8685
f 8795 8846 8843
f 8795 8843 8776
f 8846 8874 8868
f 8846 8868 8843
f 8874 8903 8898
f 8874 8898 8868
f 8903 8943 8932
f 8903 8932 8898
f 8943 8975 8968
f 8943 8968 8932
f 8975 9000 8990
f 8975 8990 8968
f 9000 9023 9015
f 9000 9015 8990
f 9023 9046 9038
f 9023 9038 9015
f 9046 9064 9056
f 9046 9056 9038
f 9064 9074 9069
f 9064 9069 9056
f 9074 9085 9075
f 9074 9075 9069
f 9085 9090 9080
f 9085 9080 9075
f 9090 9094 9086
f 9090 9086 9080
f 9086 9083 9062
f 9086 9062 9061
f 9083 9076 9058
f 9083 9058 9062
f 9076 9070 9044
f 9076 9044 9058
f 9070 9059 9030
f 9070 9030 9044
f 9059 9042 9013
f 9059 9013 9030
f 9042 9017 8998
f 9042 8998 9013
f 9017 8994 8973
f 9017 8973 8998
f 8994 8969 8947
f 8994 8947 8973
f 8969 8937 8911
f 8969 8911 8947
f 8937 8899 8886
f 8937 8886 8911
f 8899 8872 8856
f 8899 8856 8886
f 8872 8844 8834
f 8872 8834 8856
f 8844 8777 8746
f 8844 8746 8834
f 8777 8692 8664
f 8777 8664 8746
f 8692 8621 8593
f 8692 8593 8664
f 8621 8540 8502
f 8621 8502 8593
f 8540 8430 8388
f 8540 8388 8502
f 8430 8324 8295
f 8430 8295 8388
f 8324 8234 8202
f 8324 8202 8295
f 8234 8140 8095
f 8234 8095 8202
f 8140 8021 8001
f 8140 8001 8095
f 8021 7940 7920
f 8021 7920 8001
f 7940 7852 7830
f 7940 7830 7920
f 7852 7766 7736
f 7852 7736 7830
f 7766 7671 7638
f 7766 7638 7736
f 7671 7575 7563
f 7671 7563 7638
f 7575 7504 7492
f 7575 7492 7563
f 7504 7425 7415
f 7504 7415 7492
f 7425 7356 7338
f 7425 7338 7415
f 7356 7280 7268
f 7356 7268 7338
f 7280 7198 7191
f 7280 7191 7268
f 7198 7124 7098
f 7198 7098 7191
f 7124 7046 7030
f 7124 7030 7098
f 7046 6971 6954
f 7046 6954 7030
f 6971 6893 6879
f 6971 6879 6954
f 6893 6822 6812
f 6893 6812 6879
f 6822 6752 6740
f 6822 6740 6812
f 6752 6674 6666
f 6752 6666 6740
f 6674 6603 6599
f 6674 6599 6666
f 6603 6532 6526
f 6603 6526 6599
f 6532 6458 6454
f 6532 6454 6526
f 6458 6388 6384
f 6458 6384 6454
f 6388 6323 6315
f 6388 6315 6384
f 6323 6252 6244
f 6323 6244 6315
f 6252 6184 6176
f 6252 6176 6244
f 6184 6108 6090
f 6184 6090 6176
f 6108 6035 6018
f 6108 6018 6090
f 6035 5958 5950
f 6035 5950 6018
f 5958 5884 5878
f 5958 5878 5950
f 5884 5820 5810
f 5884 5810 5878
f 5820 5744 5740
f 5820 5740 5810
f 5744 5676 5670
f 5744 5670 5740
f 5676 5604 5600
f 5676 5600 5670
f 5604 5534 5524
f 5604 5524 5600
f 5534 5460 5456
f 5534 5456 5524
f 5460 5396 5390
f 5460 5390 5456
f 5396 5324 5320
f 5396 5320 5390
f 5324 5254 5248
f 5324 5248 5320
f 5254 5188 5182
f 5254 5182 5248
f 5188 5120 5114
f 5188 5114 5182
f 5120 5042 5038
f 5120 5038 5114
f 5042 4980 4974
f 5042 4974 5038
f 4980 4916 4910
f 4980 4910 4974
f 4916 4852 4846
f 4916 4846 4910
f 4852 4776 4770
f 4852 4770 4846
f 4776 4712 4706
f 4776 4706 4770
f 4712 4648 4646
f 4712 4646 4706
f 4648 4584 4582
f 4648 4582 4646
f 4584 4458 4456
f 4584 4456 4582
f 4458 4386 4394
f 4458 4394 4456
f 4386 4322 4331
f 4386 4331 4394
f 4322 4246 4252
f 4322 4252 4331
f 4246 4182 4186
f 4246 4186 4252
f 4182 4118 4124
f 4182 4124 4186
f 4118 4056 4058
f 4118 4058 4124
f 4056 3978 3984
f 4056 3984 4058
f 3978 3910 3914
f 3978 3914 3984
f 3910 3844 3848
f 3910 3848 3914
f 3844 3774 3776
f 3844 3776 3848
f 3774 3704 3706
f 3774 3706 3776
f 3704 3638 3640
f 3704 3640 3706
f 3638 3564 3572
f 3638 3572 3640
f 3564 3492 3496
f 3564 3496 3572
f 3492 3422 3426
f 3492 3426 3496
f 3422 3354 3356
f 3422 3356 3426
f 3354 3280 3286
f 3354 3286 3356
f 3280 3212 3218
f 3280 3218 3286
f 3212 3140 3146
f 3212 3146 3218
f 3140 3074 3078
f 3140 3078 3146
f 3074 2990 3008
f 3074 3008 3078
f 2990 2912 2922
f 2990 2922 3008
f 2912 2850 2852
f 2912 2852 2922
f 2850 2775 2781
f 2850 2781 2852
f 2775 2708 2716
f 2775 2716 2781
f 2708 2640 2642
f 2708 2642 2716
f 2640 2564 2570
f 2640 2570 2642
f 2564 2493 2503
f 2564 2503 2570
f 2493 2424 2430
f 2493 2430 2503
f 2424 2352 2356
f 2424 2356 2430
f 2352 2280 2284
f 2352 2284 2356
f 2280 2203 2217
f 2280 2217 2284
f 2203 2130 2144
f 2203 2144 2217
f 2130 2050 2066
f 2130 2066 2144
f 2050 1976 1998
f 2050 1998 2066
f 1976 1900 1907
f 1976 1907 1998
f 1900 1818 1828
f 1900 1828 1907
f 1818 1742 1758
f 1818 1758 1828
f 1742 1673 1681
f 1742 1681 1758
f 1673 1592 1608
f 1673 1608 1681
f 1592 1521 1535
f 1592 1535 1608
f 1521 1427 1462
f 1521 1462 1535
f 1427 1334 1360
f 1427 1360 1462
f 1334 1248 1266
f 1334 1266 1360
f 1248 1156 1178
f 1248 1178 1266
f 1156 1075 1097
f 1156 1097 1178
f 1075 966 1011
f 1075 1011 1097
f 966 862 894
f 966 894 1011
f 862 778 803
f 862 803 894
f 778 668 710
f 778 710 803
f 668 562 594
f 668 594 710
f 562 477 503
f 562 503 594
f 477 410 438
f 477 438 503
f 410 319 364
f 410 364 438
f 319 252 262
f 319 262 364
f 252 227 242
f 252 242 262
f 227 197 212
f 227 212 242
f 197 163 187
f 197 187 212
f 163 127 151
f 163 151 187
f 127 106 123
f 127 123 151
f 106 81 100
f 106 100 123
f 81 57 83
f 81 83 100
f 57 39 66
f 57 66 83
f 39 26 52
f 39 52 66
f 26 20 38
f 26 38 52
f 20 16 35
f 20 35 38
f 16 9 34
f 16 34 35
f 9 13 33
f 9 33 34
f 13 19 37
f 13 37 33
f 19 25 51
f 19 51 37
f 25 36 65
f 25 65 51
f 36 53 82
f 36 82 65
f 53 79 97
f 53 97 82
f 79 102 122
f 79 122 97
f 102 126 148
f 102 148 122
f 126 158 184
f 126 184 148
f 158 196 209
f 158 209 184
f 196 223 239
f 196 239 209
f 223 251 261
f 223 261 239
f 251 318 349
f 251 349 261
f 318 403 431
f 318 431 349
f 403 474 502
f 403 502 431
f 474 555 593
f 474 593 502
f 555 665 707
f 555 707 593
f 665 772 800
f 665 800 707
f 772 861 893
f 772 893 800
f 861 955 1000
f 861 1000 893
f 955 1074 1094
f 955 1094 1000
f 1074 1155 1175
f 1074 1175 1094
f 1155 1243 1265
f 1155 1265 1175
f 1243 1330 1359
f 1243 1359 1265
f 1330 1424 1457
f 1330 1457 1359
f 1424 1520 1532
f 1424 1532 1457
f 1520 1591 1603
f 1520 1603 1532
f 1591 1670 1680
f 1591 1680 1603
f 1670 1739 1757
f 1670 1757 1680
f 1739 1815 1827
f 1739 1827 1757
f 1815 1898 1904
f 1815 1904 1827
f 1898 1971 1997
f 1898 1997 1904
f 1971 2049 2065
f 1971 2065 1997
f 2049 2125 2141
f 2049 2141 2065
f 2125 2202 2216
f 2125 2216 2141
f 2202 2273 2283
f 2202 2283 2216
f 2273 2344 2355
f 2273 2355 2283
f 2344 2421 2429
f 2344 2429 2355
f 2421 2492 2496
f 2421 2496 2429
f 2492 2563 2569
f 2492 2569 2496
f 2563 2637 2641
f 2563 2641 2569
f 2637 2707 2711
f 2637 2711 2641
f 2707 2772 2780
f 2707 2780 2711
f 2772 2844 2851
f 2772 2851 2780
f 2844 2911 2919
f 2844 2919 2851
f 2911 2987 3005
f 2911 3005 2919
f 2987 3060 3077
f 2987 3077 3005
f 3060 3137 3145
f 3060 3145 3077
f 3137 3211 3217
f 3137 3217 3145
f 3211 3276 3285
f 3211 3285 3217
f 3276 3351 3355
f 3276 3355 3285
f 3351 3419 3425
f 3351 3425 3355
f 3419 3491 3495
f 3419 3495 3425
f 3491 3561 3571
f 3491 3571 3495
f 3561 3635 3639
f 3561 3639 3571
f 3635 3699 3705
f 3635 3705 3639
f 3699 3771 3775
f 3699 3775 3705
f 3771 3841 3847
f 3771 3847 3775
f 3841 3907 3913
f 3841 3913 3847
f 3907 3975 3981
f 3907 3981 3913
f 3975 4054 4057
f 3975 4057 3981
f 4054 4116 4121
f 4054 4121 4057
f 4116 4179 4185
f 4116 4185 4121
f 4179 4243 4249
f 4179 4249 4185
f 4243 4319 4325
f 4243 4325 4249
f 4319 4383 4389
f 4319 4389 4325
f 4383 4448 4449
f 4383 4449 4389
f 4448 4511 4513
f 4448 4513 4449
f 4511 4638 4639
f 4511 4639 4513
f 4638 4709 4701
f 4638 4701 4639
f 4709 4773 4764
f 4709 4764 4701
f 4773 4849 4843
f 4773 4843 4764
f 4849 4913 4909
f 4849 4909 4843
f 4913 4978 4971
f 4913 4971 4909
f 4978 5040 5037
f 4978 5037 4971
f 5040 5117 5111
f 5040 5111 5037
f 5117 5185 5181
f 5117 5181 5111
f 5185 5251 5247
f 5185 5247 5181
f 5251 5321 5319
f 5251 5319 5247
f 5321 5391 5389
f 5321 5389 5319
f 5391 5457 5455
f 5391 5455 5389
f 5457 5531 5523
f 5457 5523 5455
f 5531 5603 5599
f 5531 5599 5523
f 5603 5673 5669
f 5603 5669 5599
f 5673 5741 5739
f 5673 5739 5669
f 5741 5816 5809
f 5741 5809 5739
f 5816 5883 5877
f 5816 5877 5809
f 5883 5955 5949
f 5883 5949 5877
f 5955 6021 6017
f 5955 6017 5949
f 6021 6105 6087
f 6021 6087 6017
f 6105 6183 6173
f 6105 6173 6087
f 6183 6246 6243
f 6183 6243 6173
f 6246 6320 6314
f 6246 6314 6243
f 6320 6387 6379
f 6320 6379 6314
f 6387 6455 6453
f 6387 6453 6379
f 6455 6531 6525
f 6455 6525 6453
f 6531 6602 6592
f 6531 6592 6525
f 6602 6671 6665
f 6602 6665 6592
f 6671 6744 6739
f 6671 6739 6665
f 6744 6815 6811
f 6744 6811 6739
f 6815 6892 6878
f 6815 6878 6811
f 6892 6966 6951
f 6892 6951 6878
f 6966 7045 7029
f 6966 7029 6951
f 7045 7119 7097
f 7045 7097 7029
f 7119 7196 7188
f 7119 7188 7097
f 7196 7277 7267
f 7196 7267 7188
f 7277 7353 7337
f 7277 7337 7267
f 7353 7422 7414
f 7353 7414 7337
f 7422 7503 7487
f 7422 7487 7414
f 7503 7574 7560
f 7503 7560 7487
f 7574 7668 7633
f 7574 7633 7560
f 7668 7762 7735
f 7668 7735 7633
f 7762 7847 7829
f 7762 7829 7735
f 7847 7939 7917
f 7847 7917 7829
f 7939 8020 7998
f 7939 7998 7917
f 8020 8129 8084
f 8020 8084 7998
f 8129 8233 8201
f 8129 8201 8084
f 8233 8318 8292
f 8233 8292 8201
f 8318 8427 8385
f 8318 8385 8292
f 8427 8533 8501
f 8427 8501 8385
f 8533 8618 8592
f 8533 8592 8501
f 8618 8685 8657
f 8618 8657 8592
f 8685 8776 8731
f 8685 8731 8657
f 8776 8843 8833
f 8776 8833 8731
f 8843 8868 8853
f 8843 8853 8833
f 8868 8898 8883
f 8868 8883 8853
f 8898 8932 8908
f 8898 8908 8883
f 8932 8968 8944
f 8932 8944 8908
f 8968 8990 8972
f 8968 8972 8944
f 8990 9015 8995
f 8990 8995 8972
f 9015 9038 9012
f 9015 9012 8995
f 9038 9056 9029
f 9038 9029 9012
f 9056 9069 9043
f 9056 9043 9029
f 9069 9075 9057
f 9069 9057 9043
f 9075 9080 9060
f 9075 9060 9057
f 9080 9086 9061
f 9080 9061 9060
f 9061 9062 9026
f 9061 9026 9025
f 9062 9058 9019
f 9062 9019 9026
f 9058 9044 9011
f 9058 9011 9019
f 9044 9030 8997
f 9044 8997 9011
f 9030 9013 8983
f 9030 8983 8997
f 9013 8998 8961
f 9013 8961 8983
f 8998 8973 8935
f 8998 8935 8961
f 8973 8947 8905
f 8973 8905 8935
f 8947 8911 8885
f 8947 8885 8905
f 8911 8886 8863
f 8911 8863 8885
f 8886 8856 8838
f 8886 8838 8863
f 8856 8834 8752
f 8856 8752 8838
f 8834 8746 8678
f 8834 8678 8752
f 8746 8664 8617
f 8746 8617 8678
f 8664 8593 8539
f 8664 8539 8617
f 8593 8502 8434
f 8593 8434 8539
f 8502 8388 8352
f 8502 8352 8434
f 8388 8295 8252
f 8388 8252 8352
f 8295 8202 8158
f 8295 8158 8252
f 8202 8095 8057
f 8202 8057 8158
f 8095 8001 7975
f 8095 7975 8057
f 8001 7920 7872
f 8001 7872 7975
f 7920 7830 7793
f 7920 7793 7872
f 7830 7736 7704
f 7830 7704 7793
f 7736 7638 7615
f 7736 7615 7704
f 7638 7563 7544
f 7638 7544 7615
f 7563 7492 7467
f 7563 7467 7544
f 7492 7415 7395
f 7492 7395 7467
f 7415 7338 7310
f 7415 7310 7395
f 7338 7268 7242
f 7338 7242 7310
f 7268 7191 7156
f 7268 7156 7242
f 7191 7098 7082
f 7191 7082 7156
f 7098 7030 7015
f 7098 7015 7082
f 7030 6954 6928
f 7030 6928 7015
f 6954 6879 6867
f 6954 6867 6928
f 6879 6812 6804
f 6879 6804 6867
f 6812 6740 6732
f 6812 6732 6804
f 6740 6666 6660
f 6740 6660 6732
f 6666 6599 6584
f 6666 6584 6660
f 6599 6526 6508
f 6599 6508 6584
f 6526 6454 6441
f 6526 6441 6508
f 6454 6384 6368
f 6454 6368 6441
f 6384 6315 6307
f 6384 6307 6368
f 6315 6244 6218
f 6315 6218 6307
f 6244 6176 6148
f 6244 6148 6218
f 6176 6090 6082
f 6176 6082 6148
f 6090 6018 6007
f 6090 6007 6082
f 6018 5950 5936
f 6018 5936 6007
f 5950 5878 5869
f 5950 5869 5936
f 5878 5810 5806
f 5878 5806 5869
f 5810 5740 5730
f 5810 5730 5806
f 5740 5670 5666
f 5740 5666 5730
f 5670 5600 5590
f 5670 5590 5666
f 5600 5524 5516
f 5600 5516 5590
f 5524 5456 5447
f 5524 5447 5516
f 5456 5390 5380
f 5456 5380 5447
f 5390 5320 5311
f 5390 5311 5380
f 5320 5248 5244
f 5320 5244 5311
f 5248 5182 5174
f 5248 5174 5244
f 5182 5114 5110
f 5182 5110 5174
f 5114 5038 5034
f 5114 5034 5110
f 5038 4974 4970
f 5038 4970 5034
f 4974 4910 4903
f 4974 4903 4970
f 4910 4846 4839
f 4910 4839 4903
f 4846 4770 4763
f 4846 4763 4839
f 4770 4706 4704
f 4770 4704 4763
f 4706 4646 4644
f 4706 4644 4704
f 4646 4582 4580
f 4646 4580 4644
f 4582 4456 4454
f 4582 4454 4580
f 4456 4394 4392
f 4456 4392 4454
f 4394 4331 4335
f 4394 4335 4392
f 4331 4252 4257
f 4331 4257 4335
f 4252 4186 4195
f 4252 4195 4257
f 4186 4124 4126
f 4186 4126 4195
f 4124 4058 4062
f 4124 4062 4126
f 4058 3984 3986
f 4058 3986 4062
f 3984 3914 3922
f 3984 3922 3986
f 3914 3848 3854
f 3914 3854 3922
f 3848 3776 3785
f 3848 3785 3854
f 3776 3706 3716
f 3776 3716 3785
f 3706 3640 3649
f 3706 3649 3716
f 3640 3572 3580
f 3640 3580 3649
f 3572 3496 3506
f 3572 3506 3580
f 3496 3426 3430
f 3496 3430 3506
f 3426 3356 3366
f 3426 3366 3430
f 3356 3286 3298
f 3356 3298 3366
f 3286 3218 3229
f 3286 3229 3298
f 3218 3146 3160
f 3218 3160 3229
f 3146 3078 3091
f 3146 3091 3160
f 3078 3008 3014
f 3078 3014 3091
f 3008 2922 2948
f 3008 2948 3014
f 2922 2852 2878
f 2922 2878 2948
f 2852 2781 2800
f 2852 2800 2878
f 2781 2716 2728
f 2781 2728 2800
f 2716 2642 2655
f 2716 2655 2728
f 2642 2570 2588
f 2642 2588 2655
f 2570 2503 2512
f 2570 2512 2588
f 2503 2430 2440
f 2503 2440 2512
f 2430 2356 2366
f 2430 2366 2440
f 2356 2284 2294
f 2356 2294 2366
f 2284 2217 2229
f 2284 2229 2294
f 2217 2144 2168
f 2217 2168 2229
f 2144 2066 2083
f 2144 2083 2168
f 2066 1998 2018
f 2066 2018 2083
f 1998 1907 1942
f 1998 1942 2018
f 1907 1828 1856
f 1907 1856 1942
f 1828 1758 1788
f 1828 1788 1856
f 1758 1681 1701
f 1758 1701 1788
f 1681 1608 1629
f 1681 1629 1701
f 1608 1535 1556
f 1608 1556 1629
f 1535 1462 1481
f 1535 1481 1556
f 1462 1360 1395
f 1462 1395 1481
f 1360 1266 1303
f 1360 1303 1395
f 1266 1178 1226
f 1266 1226 1303
f 1178 1097 1121
f 1178 1121 1226
f 1097 1011 1043
f 1097 1043 1121
f 1011 894 940
f 1011 940 1043
f 894 803 846
f 894 846 940
f 803 710 744
f 803 744 846
f 710 594 664
f 710 664 744
f 594 503 561
f 594 561 664
f 503 438 483
f 503 483 561
f 438 364 420
f 438 420 483
f 364 262 344
f 364 344 420
f 262 242 258
f 262 258 344
f 242 212 233
f 242 233 258
f 212 187 211
f 212 211 233
f 187 151 191
f 187 191 211
f 151 123 161
f 151 161 191
f 123 100 135
f 123 135 161
f 100 83 115
f 100 115 135
f 83 66 99
f 83 99 115
f 66 52 86
f 66 86 99
f 52 38 77
f 52 77 86
f 38 35 71
f 38 71 77
f 35 34 70
f 35 70 71
f 34 33 69
f 34 69 70
f 33 37 76
f 33 76 69
f 37 51 84
f 37 84 76
f 51 65 98
f 51 98 84
f 65 82 112
f 65 112 98
f 82 97 134
f 82 134 112
f 97 122 160
f 97 160 134
f 122 148 190
f 122 190 160
f 148 184 210
f 148 210 190
f 184 209 232
f 184 232 210
f 209 239 257
f 209 257 232
f 239 261 343
f 239 343 257
f 261 349 417
f 261 417 343
f 349 431 478
f 349 478 417
f 431 502 556
f 431 556 478
f 502 593 661
f 502 661 556
f 593 707 743
f 593 743 661
f 707 800 843
f 707 843 743
f 800 893 937
f 800 937 843
f 893 1000 1038
f 893 1038 937
f 1000 1094 1120
f 1000 1120 1038
f 1094 1175 1223
f 1094 1223 1120
f 1175 1265 1302
f 1175 1302 1223
f 1265 1359 1391
f 1265 1391 1302
f 1359 1457 1480
f 1359 1480 1391
f 1457 1532 1551
f 1457 1551 1480
f 1532 1603 1628
f 1532 1628 1551
f 1603 1680 1700
f 1603 1700 1628
f 1680 1757 1785
f 1680 1785 1700
f 1757 1827 1853
f 1757 1853 1785
f 1827 1904 1939
f 1827 1939 1853
f 1904 1997 2013
f 1904 2013 1939
f 1997 2065 2080
f 1997 2080 2013
f 2065 2141 2167
f 2065 2167 2080
f 2141 2216 2228
f 2141 2228 2167
f 2216 2283 2291
f 2216 2291 2228
f 2283 2355 2363
f 2283 2363 2291
f 2355 2429 2435
f 2355 2435 2363
f 2429 2496 2511
f 2429 2511 2435
f 2496 2569 2587
f 2496 2587 2511
f 2569 2641 2654
f 2569 2654 2587
f 2641 2711 2727
f 2641 2727 2654
f 2711 2780 2788
f 2711 2788 2727
f 2780 2851 2877
f 2780 2877 2788
f 2851 2919 2947
f 2851 2947 2877
f 2919 3005 3013
f 2919 3013 2947
f 3005 3077 3088
f 3005 3088 3013
f 3077 3145 3159
f 3077 3159 3088
f 3145 3217 3226
f 3145 3226 3159
f 3217 3285 3289
f 3217 3289 3226
f 3285 3355 3365
f 3285 3365 3289
f 3355 3425 3429
f 3355 3429 3365
f 3425 3495 3505
f 3425 3505 3429
f 3495 3571 3579
f 3495 3579 3505
f 3571 3639 3648
f 3571 3648 3579
f 3639 3705 3715
f 3639 3715 3648
f 3705 3775 3784
f 3705 3784 3715
f 3775 3847 3851
f 3775 3851 3784
f 3847 3913 3921
f 3847 3921 3851
f 3913 3981 3985
f 3913 3985 3921
f 3981 4057 4061
f 3981 4061 3985
f 4057 4121 4125
f 4057 4125 4061
f 4121 4185 4192
f 4121 4192 4125
f 4185 4249 4256
f 4185 4256 4192
f 4249 4325 4332
f 4249 4332 4256
f 4325 4389 4391
f 4325 4391 4332
f 4389 4449 4451
f 4389 4451 4391
f 4449 4513 4515
f 4449 4515 4451
f 4513 4639 4641
f 4513 4641 4515
f 4639 4701 4703
f 4639 4703 4641
f 4701 4764 4760
f 4701 4760 4703
f 4764 4843 4838
f 4764 4838 4760
f 4843 4909 4900
f 4843 4900 4838
f 4909 4971 4969
f 4909 4969 4900
f 4971 5037 5033
f 4971 5033 4969
f 5037 5111 5109
f 5037 5109 5033
f 5111 5181 5173
f 5111 5173 5109
f 5181 5247 5241
f 5181 5241 5173
f 5247 5319 5310
f 5247 5310 5241
f 5319 5389 5379
f 5319 5379 5310
f 5389 5455 5446
f 5389 5446 5379
f 5455 5523 5515
f 5455 5515 5446
f 5523 5599 5589
f 5523 5589 5515
f 5599 5669 5665
f 5599 5665 5589
f 5669 5739 5729
f 5669 5729 5665
f 5739 5809 5797
f 5739 5797 5729
f 5809 5877 5866
f 5809 5866 5797
f 5877 5949 5935
f 5877 5935 5866
f 5949 6017 6004
f 5949 6004 5935
f 6017 6087 6081
f 6017 6081 6004
f 6087 6173 6147
f 6087 6147 6081
f 6173 6243 6217
f 6173 6217 6147
f 6243 6314 6295
f 6243 6295 6217
f 6314 6379 6367
f 6314 6367 6295
f 6379 6453 6440
f 6379 6440 6367
f 6453 6525 6507
f 6453 6507 6440
f 6525 6592 6583
f 6525 6583 6507
f 6592 6665 6655
f 6592 6655 6583
f 6665 6739 6729
f 6665 6729 6655
f 6739 6811 6801
f 6739 6801 6729
f 6811 6878 6866
f 6811 6866 6801
f 6878 6951 6927
f 6878 6927 6866
f 6951 7029 7012
f 6951 7012 6927
f 7029 7097 7077
f 7029 7077 7012
f 7097 7188 7153
f 7097 7153 7077
f 7188 7267 7239
f 7188 7239 7153
f 7267 7337 7307
f 7267 7307 7239
f 7337 7414 7394
f 7337 7394 7307
f 7414 7487 7466
f 7414 7466 7394
f 7487 7560 7539
f 7487 7539 7466
f 7560 7633 7614
f 7560 7614 7539
f 7633 7735 7700
f 7633 7700 7614
f 7735 7829 7792
f 7735 7792 7700
f 7829 7917 7869
f 7829 7869 7792
f 7917 7998 7974
f 7917 7974 7869
f 7998 8084 8052
f 7998 8052 7974
f 8084 8201 8155
f 8084 8155 8052
f 8201 8292 8249
f 8201 8249 8155
f 8292 8385 8351
f 8292 8351 8249
f 8385 8501 8431
f 8385 8431 8351
f 8501 8592 8534
f 8501 8534 8431
f 8592 8657 8612
f 8592 8612 8534
f 8657 8731 8675
f 8657 8675 8612
f 8731 8833 8751
f 8731 8751 8675
f 8833 8853 8837
f 8833 8837 8751
f 8853 8883 8862
f 8853 8862 8837
f 8883 8908 8884
f 8883 8884 8862
f 8908 8944 8904
f 8908 8904 8884
f 8944 8972 8934
f 8944 8934 8904
f 8972 8995 8960
f 8972 8960 8934
f 8995 9012 8980
f 8995 8980 8960
f 9012 9029 8996
f 9012 8996 8980
f 9029 9043 9009
f 9029 9009 8996
f 9043 9057 9018
f 9043 9018 9009
f 9057 9060 9024
f 9057 9024 9018
f 9060 9061 9025
f 9060 9025 9024
f 9025 9026 8985
f 9025 8985 8986
f 9026 9019 8979
f 9026 8979 8985
f 9019 9011 8971
f 9019 8971 8979
f 9011 8997 8958
f 9011 8958 8971
f 8997 8983 8939
f 8997 8939 8958
f 8983 8961 8914
f 8983 8914 8939
f 8961 8935 8895
f 8961 8895 8914
f 8935 8905 8879
f 8935 8879 8895
f 8905 8885 8855
f 8905 8855 8879
f 8885 8863 8836
f 8885 8836 8855
f 8863 8838 8757
f 8863 8757 8836
f 8838 8752 8683
f 8838 8683 8757
f 8752 8678 8633
f 8752 8633 8683
f 8678 8617 8581
f 8678 8581 8633
f 8617 8539 8470
f 8617 8470 8581
f 8539 8434 8375
f 8539 8375 8470
f 8434 8352 8285
f 8434 8285 8375
f 8352 8252 8200
f 8352 8200 8285
f 8252 8158 8094
f 8252 8094 8200
f 8158 8057 8003
f 8158 8003 8094
f 8057 7975 7928
f 8057 7928 8003
f 7975 7872 7840
f 7975 7840 7928
f 7872 7793 7760
f 7872 7760 7840
f 7793 7704 7670
f 7793 7670 7760
f 7704 7615 7581
f 7704 7581 7670
f 7615 7544 7516
f 7615 7516 7581
f 7544 7467 7437
f 7544 7437 7516
f 7467 7395 7370
f 7467 7370 7437
f 7395 7310 7300
f 7395 7300 7370
f 7310 7242 7224
f 7310 7224 7300
f 7242 7156 7138
f 7242 7138 7224
f 7156 7082 7062
f 7156 7062 7138
f 7082 7015 6995
f 7082 6995 7062
f 7015 6928 6922
f 7015 6922 6995
f 6928 6867 6857
f 6928 6857 6922
f 6867 6804 6796
f 6867 6796 6857
f 6804 6732 6722
f 6804 6722 6796
f 6732 6660 6646
f 6732 6646 6722
f 6660 6584 6563
f 6660 6563 6646
f 6584 6508 6484
f 6584 6484 6563
f 6508 6441 6421
f 6508 6421 6484
f 6441 6368 6352
f 6441 6352 6421
f 6368 6307 6276
f 6368 6276 6352
f 6307 6218 6212
f 6307 6212 6276
f 6218 6148 6138
f 6218 6138 6212
f 6148 6082 6072
f 6148 6072 6138
f 6082 6007 5999
f 6082 5999 6072
f 6007 5936 5930
f 6007 5930 5999
f 5936 5869 5861
f 5936 5861 5930
f 5869 5806 5790
f 5869 5790 5861
f 5806 5730 5720
f 5806 5720 5790
f 5730 5666 5652
f 5730 5652 5720
f 5666 5590 5582
f 5666 5582 5652
f 5590 5516 5510
f 5590 5510 5582
f 5516 5447 5443
f 5516 5443 5510
f 5447 5380 5374
f 5447 5374 5443
f 5380 5311 5307
f 5380 5307 5374
f 5311 5244 5238
f 5311 5238 5307
f 5244 5174 5170
f 5244 5170 5238
f 5174 5110 5106
f 5174 5106 5170
f 5110 5034 5030
f 5110 5030 5106
f 5034 4970 4966
f 5034 4966 5030
f 4970 4903 4899
f 4970 4899 4966
f 4903 4839 4832
f 4903 4832 4899
f 4839 4763 4759
f 4839 4759 4832
f 4763 4704 4699
f 4763 4699 4759
f 4704 4644 4634
f 4704 4634 4699
f 4644 4580 4578
f 4644 4578 4634
f 4580 4454 4464
f 4580 4464 4578
f 4454 4392 4397
f 4454 4397 4464
f 4392 4335 4337
f 4392 4337 4397
f 4335 4257 4266
f 4335 4266 4337
f 4257 4195 4197
f 4257 4197 4266
f 4195 4126 4130
f 4195 4130 4197
f 4126 4062 4066
f 4126 4066 4130
f 4062 3986 3990
f 4062 3990 4066
f 3986 3922 3926
f 3986 3926 3990
f 3922 3854 3858
f 3922 3858 3926
f 3854 3785 3789
f 3854 3789 3858
f 3785 3716 3722
f 3785 3722 3789
f 3716 3649 3653
f 3716 3653 3722
f 3649 3580 3586
f 3649 3586 3653
f 3580 3506 3514
f 3580 3514 3586
f 3506 3430 3444
f 3506 3444 3514
f 3430 3366 3376
f 3430 3376 3444
f 3366 3298 3306
f 3366 3306 3376
f 3298 3229 3235
f 3298 3235 3306
f 3229 3160 3168
f 3229 3168 3235
f 3160 3091 3097
f 3160 3097 3168
f 3091 3014 3024
f 3091 3024 3097
f 3014 2948 2958
f 3014 2958 3024
f 2948 2878 2886
f 2948 2886 2958
f 2878 2800 2820
f 2878 2820 2886
f 2800 2728 2746
f 2800 2746 2820
f 2728 2655 2681
f 2728 2681 2746
f 2655 2588 2612
f 2655 2612 2681
f 2588 2512 2533
f 2588 2533 2612
f 2512 2440 2450
f 2512 2450 2533
f 2440 2366 2374
f 2440 2374 2450
f 2366 2294 2300
f 2366 2300 2374
f 2294 2229 2239
f 2294 2239 2300
f 2229 2168 2174
f 2229 2174 2239
f 2168 2083 2101
f 2168 2101 2174
f 2083 2018 2034
f 2083 2034 2101
f 2018 1942 1958
f 2018 1958 2034
f 1942 1856 1874
f 1942 1874 1958
f 1856 1788 1800
f 1856 1800 1874
f 1788 1701 1726
f 1788 1726 1800
f 1701 1629 1659
f 1701 1659 1726
f 1629 1556 1580
f 1629 1580 1659
f 1556 1481 1515
f 1556 1515 1580
f 1481 1395 1426
f 1481 1426 1515
f 1395 1303 1342
f 1395 1342 1426
f 1303 1226 1256
f 1303 1256 1342
f 1226 1121 1172
f 1226 1172 1256
f 1121 1043 1093
f 1121 1093 1172
f 1043 940 1010
f 1043 1010 1093
f 940 846 908
f 940 908 1010
f 846 744 813
f 846 813 908
f 744 664 729
f 744 729 813
f 664 561 630
f 664 630 729
f 561 483 519
f 561 519 630
f 483 420 467
f 483 467 519
f 420 344 415
f 420 415 467
f 344 258 342
f 344 342 415
f 258 233 260
f 258 260 342
f 233 211 241
f 233 241 260
f 211 191 219
f 211 219 241
f 191 161 201
f 191 201 219
f 161 135 182
f 161 182 201
f 135 115 157
f 135 157 182
f 115 99 140
f 115 140 157
f 99 86 125
f 99 125 140
f 86 77 117
f 86 117 125
f 77 71 111
f 77 111 117
f 71 70 109
f 71 109 111
f 70 69 110
f 70 110 109
f 69 76 116
f 69 116 110
f 76 84 124
f 76 124 116
f 84 98 137
f 84 137 124
f 98 112 156
f 98 156 137
f 112 134 181
f 112 181 156
f 134 160 200
f 134 200 181
f 160 190 216
f 160 216 200
f 190 210 240
f 190 240 216
f 210 232 259
f 210 259 240
f 232 257 338
f 232 338 259
f 257 343 412
f 257 412 338
f 343 417 462
f 343 462 412
f 417 478 514
f 417 514 462
f 478 556 625
f 478 625 514
f 556 661 720
f 556 720 625
f 661 743 810
f 661 810 720
f 743 843 895
f 743 895 810
f 843 937 1001
f 843 1001 895
f 937 1038 1092
f 937 1092 1001
f 1038 1120 1167
f 1038 1167 1092
f 1120 1223 1255
f 1120 1255 1167
f 1223 1302 1335
f 1223 1335 1255
f 1302 1391 1425
f 1302 1425 1335
f 1391 1480 1514
f 1391 1514 1425
f 1480 1551 1579
f 1480 1579 1514
f 1551 1628 1658
f 1551 1658 1579
f 1628 1700 1725
f 1628 1725 1658
f 1700 1785 1795
f 1700 1795 1725
f 1785 1853 1871
f 1785 1871 1795
f 1853 1939 1957
f 1853 1957 1871
f 1939 2013 2033
f 1939 2033 1957
f 2013 2080 2100
f 2013 2100 2033
f 2080 2167 2173
f 2080 2173 2100
f 2167 2228 2238
f 2167 2238 2173
f 2228 2291 2299
f 2228 2299 2238
f 2291 2363 2373
f 2291 2373 2299
f 2363 2435 2449
f 2363 2449 2373
f 2435 2511 2532
f 2435 2532 2449
f 2511 2587 2611
f 2511 2611 2532
f 2587 2654 2674
f 2587 2674 2611
f 2654 2727 2743
f 2654 2743 2674
f 2727 2788 2819
f 2727 2819 2743
f 2788 2877 2883
f 2788 2883 2819
f 2877 2947 2957
f 2877 2957 2883
f 2947 3013 3023
f 2947 3023 2957
f 3013 3088 3096
f 3013 3096 3023
f 3088 3159 3165
f 3088 3165 3096
f 3159 3226 3234
f 3159 3234 3165
f 3226 3289 3305
f 3226 3305 3234
f 3289 3365 3375
f 3289 3375 3305
f 3365 3429 3443
f 3365 3443 3375
f 3429 3505 3513
f 3429 3513 3443
f 3505 3579 3585
f 3505 3585 3513
f 3579 3648 3652
f 3579 3652 3585
f 3648 3715 3721
f 3648 3721 3652
f 3715 3784 3788
f 3715 3788 3721
f 3784 3851 3857
f 3784 3857 3788
f 3851 3921 3925
f 3851 3925 3857
f 3921 3985 3989
f 3921 3989 3925
f 3985 4061 4065
f 3985 4065 3989
f 4061 4125 4129
f 4061 4129 4065
f 4125 4192 4196
f 4125 4196 4129
f 4192 4256 4263
f 4192 4263 4196
f 4256 4332 4336
f 4256 4336 4263
f 4332 4391 4396
f 4332 4396 4336
f 4391 4451 4461
f 4391 4461 4396
f 4451 4515 4517
f 4451 4517 4461
f 4515 4641 4631
f 4515 4631 4517
f 4641 4703 4698
f 4641 4698 4631
f 4703 4760 4758
f 4703 4758 4698
f 4760 4838 4829
f 4760 4829 4758
f 4838 4900 4898
f 4838 4898 4829
f 4900 4969 4965
f 4900 4965 4898
f 4969 5033 5029
f 4969 5029 4965
f 5033 5109 5105
f 5033 5105 5029
f 5109 5173 5169
f 5109 5169 5105
f 5173 5241 5237
f 5173 5237 5169
f 5241 5310 5306
f 5241 5306 5237
f 5310 5379 5373
f 5310 5373 5306
f 5379 5446 5442
f 5379 5442 5373
f 5446 5515 5509
f 5446 5509 5442
f 5515 5589 5581
f 5515 5581 5509
f 5589 5665 5651
f 5589 5651 5581
f 5665 5729 5719
f 5665 5719 5651
f 5729 5797 5789
f 5729 5789 5719
f 5797 5866 5860
f 5797 5860 5789
f 5866 5935 5927
f 5866 5927 5860
f 5935 6004 5998
f 5935 5998 5927
f 6004 6081 6071
f 6004 6071 5998
f 6081 6147 6137
f 6081 6137 6071
f 6147 6217 6209
f 6147 6209 6137
f 6217 6295 6275
f 6217 6275 6209
f 6295 6367 6349
f 6295 6349 6275
f 6367 6440 6414
f 6367 6414 6349
f 6440 6507 6483
f 6440 6483 6414
f 6507 6583 6562
f 6507 6562 6483
f 6583 6655 6645
f 6583 6645 6562
f 6655 6729 6721
f 6655 6721 6645
f 6729 6801 6795
f 6729 6795 6721
f 6801 6866 6856
f 6801 6856 6795
f 6866 6927 6921
f 6866 6921 6856
f 6927 7012 6994
f 6927 6994 6921
f 7012 7077 7061
f 7012 7061 6994
f 7077 7153 7137
f 7077 7137 7061
f 7153 7239 7221
f 7153 7221 7137
f 7239 7307 7295
f 7239 7295 7221
f 7307 7394 7369
f 7307 7369 7295
f 7394 7466 7436
f 7394 7436 7369
f 7466 7539 7515
f 7466 7515 7436
f 7539 7614 7580
f 7539 7580 7515
f 7614 7700 7669
f 7614 7669 7580
f 7700 7792 7753
f 7700 7753 7669
f 7792 7869 7839
f 7792 7839 7753
f 7869 7974 7923
f 7869 7923 7839
f 7974 8052 8002
f 7974 8002 7923
f 8052 8155 8085
f 8052 8085 8002
f 8155 8249 8187
f 8155 8187 8085
f 8249 8351 8282
f 8249 8282 8187
f 8351 8431 8366
f 8351 8366 8282
f 8431 8534 8465
f 8431 8465 8366
f 8534 8612 8576
f 8534 8576 8465
f 8612 8675 8628
f 8612 8628 8576
f 8675 8751 8680
f 8675 8680 8628
f 8751 8837 8753
f 8751 8753 8680
f 8837 8862 8835
f 8837 8835 8753
f 8862 8884 8854
f 8862 8854 8835
f 8884 8904 8876
f 8884 8876 8854
f 8904 8934 8894
f 8904 8894 8876
f 8934 8960 8913
f 8934 8913 8894
f 8960 8980 8938
f 8960 8938 8913
f 8980 8996 8955
f 8980 8955 8938
f 8996 9009 8970
f 8996 8970 8955
f 9009 9018 8978
f 9009 8978 8970
f 9018 9024 8984
f 9018 8984 8978
f 9024 9025 8986
f 9024 8986 8984
f 8986 8985 8518
f 8986 8518 8523
f 8985 8979 8507
f 8985 8507 8518
f 8979 8971 8495
f 8979 8495 8507
f 8971 8958 8468
f 8971 8468 8495
f 8958 8939 8440
f 8958 8440 8468
f 8939 8914 8407
f 8939 8407 8440
f 8914 8895 8371
f 8914 8371 8407
f 8895 8879 8327
f 8895 8327 8371
f 8879 8855 8290
f 8879 8290 8327
f 8855 8836 8245
f 8855 8245 8290
f 8836 8757 8184
f 8836 8184 8245
f 8757 8683 8147
f 8757 8147 8184
f 8683 8633 8066
f 8683 8066 8147
f 8633 8581 8006
f 8633 8006 8066
f 8581 8470 7952
f 8581 7952 8006
f 8470 8375 7899
f 8470 7899 7952
f 8375 8285 7835
f 8375 7835 7899
f 8285 8200 7775
f 8285 7775 7835
f 8200 8094 7698
f 8200 7698 7775
f 8094 8003 7625
f 8094 7625 7698
f 8003 7928 7570
f 8003 7570 7625
f 7928 7840 7519
f 7928 7519 7570
f 7840 7760 7459
f 7840 7459 7519
f 7760 7670 7398
f 7760 7398 7459
f 7670 7581 7333
f 7670 7333 7398
f 7581 7516 7271
f 7581 7271 7333
f 7516 7437 7215
f 7516 7215 7271
f 7437 7370 7135
f 7437 7135 7215
f 7370 7300 7067
f 7370 7067 7135
f 7300 7224 7008
f 7300 7008 7067
f 7224 7138 6944
f 7224 6944 7008
f 7138 7062 6876
f 7138 6876 6944
f 7062 6995 6819
f 7062 6819 6876
f 6995 6922 6759
f 6995 6759 6819
f 6922 6857 6692
f 6922 6692 6759
f 6857 6796 6624
f 6857 6624 6692
f 6796 6722 6558
f 6796 6558 6624
f 6722 6646 6493
f 6722 6493 6558
f 6646 6563 6438
f 6646 6438 6493
f 6563 6484 6371
f 6563 6371 6438
f 6484 6421 6312
f 6484 6312 6371
f 6421 6352 6249
f 6421 6249 6312
f 6352 6276 6191
f 6352 6191 6249
f 6276 6212 6121
f 6276 6121 6191
f 6212 6138 6054
f 6212 6054 6121
f 6138 6072 5977
f 6138 5977 6054
f 6072 5999 5913
f 6072 5913 5977
f 5999 5930 5843
f 5999 5843 5913
f 5930 5861 5779
f 5930 5779 5843
f 5861 5790 5717
f 5861 5717 5779
f 5790 5720 5655
f 5790 5655 5717
f 5720 5652 5587
f 5720 5587 5655
f 5652 5582 5520
f 5652 5520 5587
f 5582 5510 5465
f 5582 5465 5520
f 5510 5443 5403
f 5510 5403 5465
f 5443 5374 5333
f 5443 5333 5403
f 5374 5307 5263
f 5374 5263 5333
f 5307 5238 5199
f 5307 5199 5263
f 5238 5170 5135
f 5238 5135 5199
f 5170 5106 5065
f 5170 5065 5135
f 5106 5030 4995
f 5106 4995 5065
f 5030 4966 4931
f 5030 4931 4995
f 4966 4899 4867
f 4966 4867 4931
f 4899 4832 4800
f 4899 4800 4867
f 4832 4759 4727
f 4832 4727 4800
f 4759 4699 4663
f 4759 4663 4727
f 4699 4634 4602
f 4699 4602 4663
f 4634 4578 4560
f 4634 4560 4602
f 4578 4464 4496
f 4578 4496 4560
f 4464 4397 4435
f 4464 4435 4496
f 4397 4337 4369
f 4397 4369 4435
f 4337 4266 4296
f 4337 4296 4369
f 4266 4197 4229
f 4266 4229 4296
f 4197 4130 4165
f 4197 4165 4229
f 4130 4066 4101
f 4130 4101 4165
f 4066 3990 4031
f 4066 4031 4101
f 3990 3926 3961
f 3990 3961 4031
f 3926 3858 3897
f 3926 3897 3961
f 3858 3789 3833
f 3858 3833 3897
f 3789 3722 3763
f 3789 3763 3833
f 3722 3653 3693
f 3722 3693 3763
f 3653 3586 3631
f 3653 3631 3693
f 3586 3514 3576
f 3586 3576 3631
f 3514 3444 3509
f 3514 3509 3576
f 3444 3376 3441
f 3444 3441 3509
f 3376 3306 3379
f 3376 3379 3441
f 3306 3235 3317
f 3306 3317 3379
f 3235 3168 3253
f 3235 3253 3317
f 3168 3097 3183
f 3168 3183 3253
f 3097 3024 3119
f 3097 3119 3183
f 3024 2958 3052
f 3024 3052 3119
f 2958 2886 2975
f 2958 2975 3052
f 2886 2820 2905
f 2886 2905 2975
f 2820 2746 2847
f 2820 2847 2905
f 2746 2681 2784
f 2746 2784 2847
f 2681 2612 2725
f 2681 2725 2784
f 2612 2533 2658
f 2612 2658 2725
f 2533 2450 2603
f 2533 2603 2658
f 2450 2374 2538
f 2450 2538 2603
f 2374 2300 2472
f 2374 2472 2538
f 2300 2239 2404
f 2300 2404 2472
f 2239 2174 2337
f 2239 2337 2404
f 2174 2101 2277
f 2174 2277 2337
f 2101 2034 2220
f 2101 2220 2277
f 2034 1958 2156
f 2034 2156 2220
f 1958 1874 2088
f 1958 2088 2156
f 1874 1800 2031
f 1874 2031 2088
f 1800 1726 1961
f 1800 1961 2031
f 1726 1659 1881
f 1726 1881 1961
f 1659 1580 1825
f 1659 1825 1881
f 1580 1515 1763
f 1580 1763 1825
f 1515 1426 1698
f 1515 1698 1763
f 1426 1342 1637
f 1426 1637 1698
f 1342 1256 1577
f 1342 1577 1637
f 1256 1172 1526
f 1256 1526 1577
f 1172 1093 1471
f 1172 1471 1526
f 1093 1010 1404
f 1093 1404 1471
f 1010 908 1321
f 1010 1321 1404
f 908 813 1263
f 908 1263 1321
f 813 729 1197
f 813 1197 1263
f 729 630 1144
f 729 1144 1197
f 630 519 1090
f 630 1090 1144
f 519 467 1032
f 519 1032 1090
f 467 415 953
f 467 953 1032
f 415 342 912
f 415 912 953
f 342 260 851
f 342 851 912
f 260 241 806
f 260 806 851
f 241 219 769
f 241 769 806
f 219 201 725
f 219 725 769
f 201 182 689
f 201 689 725
f 182 157 657
f 182 657 689
f 157 140 628
f 157 628 657
f 140 125 601
f 140 601 628
f 125 117 589
f 125 589 601
f 117 111 578
f 117 578 589
f 111 109 571
f 111 571 578
f 109 110 576
f 109 576 571
f 110 116 587
f 110 587 576
f 116 124 599
f 116 599 587
f 124 137 626
f 124 626 599
f 137 156 654
f 137 654 626
f 156 181 687
f 156 687 654
f 181 200 723
f 181 723 687
f 200 216 767
f 200 767 723
f 216 240 804
f 216 804 767
f 240 259 849
f 240 849 804
f 259 338 910
f 259 910 849
f 338 412 947
f 338 947 910
f 412 462 1028
f 412 1028 947
f 462 514 1088
f 462 1088 1028
f 514 625 1142
f 514 1142 1088
f 625 720 1195
f 625 1195 1142
f 720 810 1259
f 720 1259 1195
f 810 895 1319
f 810 1319 1259
f 895 1001 1396
f 895 1396 1319
f 1001 1092 1469
f 1001 1469 1396
f 1092 1167 1524
f 1092 1524 1469
f 1167 1255 1575
f 1167 1575 1524
f 1255 1335 1635
f 1255 1635 1575
f 1335 1425 1696
f 1335 1696 1635
f 1425 1514 1761
f 1425 1761 1696
f 1514 1579 1823
f 1514 1823 1761
f 1579 1658 1879
f 1579 1879 1823
f 1658 1725 1959
f 1658 1959 1879
f 1725 1795 2027
f 1725 2027 1959
f 1795 1871 2086
f 1795 2086 2027
f 1871 1957 2150
f 1871 2150 2086
f 1957 2033 2218
f 1957 2218 2150
f 2033 2100 2275
f 2033 2275 2218
f 2100 2173 2335
f 2100 2335 2275
f 2173 2238 2402
f 2173 2402 2335
f 2238 2299 2470
f 2238 2470 2402
f 2299 2373 2536
f 2299 2536 2470
f 2373 2449 2601
f 2373 2601 2536
f 2449 2532 2656
f 2449 2656 2601
f 2532 2611 2723
f 2532 2723 2656
f 2611 2674 2782
f 2611 2782 2723
f 2674 2743 2845
f 2674 2845 2782
f 2743 2819 2903
f 2743 2903 2845
f 2819 2883 2973
f 2819 2973 2903
f 2883 2957 3040
f 2883 3040 2973
f 2957 3023 3117
f 2957 3117 3040
f 3023 3096 3181
f 3023 3181 3117
f 3096 3165 3251
f 3096 3251 3181
f 3165 3234 3315
f 3165 3315 3251
f 3234 3305 3377
f 3234 3377 3315
f 3305 3375 3439
f 3305 3439 3377
f 3375 3443 3507
f 3375 3507 3439
f 3443 3513 3574
f 3443 3574 3507
f 3513 3585 3629
f 3513 3629 3574
f 3585 3652 3691
f 3585 3691 3629
f 3652 3721 3761
f 3652 3761 3691
f 3721 3788 3831
f 3721 3831 3761
f 3788 3857 3895
f 3788 3895 3831
f 3857 3925 3959
f 3857 3959 3895
f 3925 3989 4029
f 3925 4029 3959
f 3989 4065 4099
f 3989 4099 4029
f 4065 4129 4163
f 4065 4163 4099
f 4129 4196 4227
f 4129 4227 4163
f 4196 4263 4294
f 4196 4294 4227
f 4263 4336 4367
f 4263 4367 4294
f 4336 4396 4431
f 4336 4431 4367
f 4396 4461 4492
f 4396 4492 4431
f 4461 4517 4534
f 4461 4534 4492
f 4517 4631 4598
f 4517 4598 4534
f 4631 4698 4659
f 4631 4659 4598
f 4698 4758 4725
f 4698 4725 4659
f 4758 4829 4798
f 4758 4798 4725
f 4829 4898 4865
f 4829 4865 4798
f 4898 4965 4929
f 4898 4929 4865
f 4965 5029 4993
f 4965 4993 4929
f 5029 5105 5063
f 5029 5063 4993
f 5105 5169 5133
f 5105 5133 5063
f 5169 5237 5197
f 5169 5197 5133
f 5237 5306 5261
f 5237 5261 5197
f 5306 5373 5331
f 5306 5331 5261
f 5373 5442 5401
f 5373 5401 5331
f 5442 5509 5463
f 5442 5463 5401
f 5509 5581 5518
f 5509 5518 5463
f 5581 5651 5585
f 5581 5585 5518
f 5651 5719 5653
f 5651 5653 5585
f 5719 5789 5715
f 5719 5715 5653
f 5789 5860 5777
f 5789 5777 5715
f 5860 5927 5841
f 5860 5841 5777
f 5927 5998 5911
f 5927 5911 5841
f 5998 6071 5975
f 5998 5975 5911
f 6071 6137 6042
f 6071 6042 5975
f 6137 6209 6119
f 6137 6119 6042
f 6209 6275 6189
f 6209 6189 6119
f 6275 6349 6247
f 6275 6247 6189
f 6349 6414 6310
f 6349 6310 6247
f 6414 6483 6369
f 6414 6369 6310
f 6483 6562 6436
f 6483 6436 6369
f 6562 6645 6491
f 6562 6491 6436
f 6645 6721 6556
f 6645 6556 6491
f 6721 6795 6622
f 6721 6622 6556
f 6795 6856 6690
f 6795 6690 6622
f 6856 6921 6757
f 6856 6757 6690
f 6921 6994 6817
f 6921 6817 6757
f 6994 7061 6874
f 6994 6874 6817
f 7061 7137 6938
f 7061 6938 6874
f 7137 7221 7006
f 7137 7006 6938
f 7221 7295 7063
f 7221 7063 7006
f 7295 7369 7133
f 7295 7133 7063
f 7369 7436 7213
f 7369 7213 7133
f 7436 7515 7269
f 7436 7269 7213
f 7515 7580 7331
f 7515 7331 7269
f 7580 7669 7396
f 7580 7396 7331
f 7669 7753 7457
f 7669 7457 7396
f 7753 7839 7517
f 7753 7517 7457
f 7839 7923 7568
f 7839 7568 7517
f 7923 8002 7623
f 7923 7623 7568
f 8002 8085 7690
f 8002 7690 7623
f 8085 8187 7773
f 8085 7773 7690
f 8187 8282 7831
f 8187 7831 7773
f 8282 8366 7897
f 8282 7897 7831
f 8366 8465 7950
f 8366 7950 7897
f 8465 8576 8004
f 8465 8004 7950
f 8576 8628 8062
f 8576 8062 8004
f 8628 8680 8141
f 8628 8141 8062
f 8680 8753 8182
f 8680 8182 8141
f 8753 8835 8243
f 8753 8243 8182
f 8835 8854 8288
f 8835 8288 8243
f 8854 8876 8325
f 8854 8325 8288
f 8876 8894 8369
f 8876 8369 8325
f 8894 8913 8405
f 8894 8405 8369
f 8913 8938 8437
f 8913 8437 8405
f 8938 8955 8466
f 8938 8466 8437
f 8955 8970 8493
f 8955 8493 8466
f 8970 8978 8505
f 8970 8505 8493
f 8978 8984 8516
f 8978 8516 8505
f 8984 8986 8523
f 8984 8523 8516
f 8523 8518 8519
f 8523 8519 8524
f 8518 8507 8508
f 8518 8508 8519
f 8507 8495 8496
f 8507 8496 8508
f 8495 8468 8469
f 8495 8469 8496
f 8468 8440 8441
f 8468 8441 8469
f 8440 8407 8408
f 8440 8408 8441
f 8407 8371 8372
f 8407 8372 8408
f 8371 8327 8328
f 8371 8328 8372
f 8327 8290 8291
f 8327 8291 8328
f 8290 8245 8246
f 8290 8246 8291
f 8245 8184 8185
f 8245 8185 8246
f 8184 8147 8148
f 8184 8148 8185
f 8147 8066 8067
f 8147 8067 8148
f 8066 8006 8007
f 8066 8007 8067
f 8006 7952 7953
f 8006 7953 8007
f 7952 7899 7900
f 7952 7900 7953
f 7899 7835 7836
f 7899 7836 7900
f 7835 7775 7776
f 7835 7776 7836
f 7775 7698 7699
f 7775 7699 7776
f 7698 7625 7626
f 7698 7626 7699
f 7625 7570 7571
f 7625 7571 7626
f 7570 7519 7520
f 7570 7520 7571
f 7519 7459 7460
f 7519 7460 7520
f 7459 7398 7399
f 7459 7399 7460
f 7398 7333 7334
f 7398 7334 7399
f 7333 7271 7272
f 7333 7272 7334
f 7271 7215 7216
f 7271 7216 7272
f 7215 7135 7136
f 7215 7136 7216
f 7135 7067 7068
f 7135 7068 7136
f 7067 7008 7009
f 7067 7009 7068
f 7008 6944 6945
f 7008 6945 7009
f 6944 6876 6877
f 6944 6877 6945
f 6876 6819 6820
f 6876 6820 6877
f 6819 6759 6760
f 6819 6760 6820
f 6759 6692 6693
f 6759 6693 6760
f 6692 6624 6625
f 6692 6625 6693
f 6624 6558 6559
f 6624 6559 6625
f 6558 6493 6494
f 6558 6494 6559
f 6493 6438 6439
f 6493 6439 6494
f 6438 6371 6372
f 6438 6372 6439
f 6371 6312 6313
f 6371 6313 6372
f 6312 6249 6250
f 6312 6250 6313
f 6249 6191 6192
f 6249 6192 6250
f 6191 6121 6122
f 6191 6122 6192
f 6121 6054 6055
f 6121 6055 6122
f 6054 5977 5978
f 6054 5978 6055
f 5977 5913 5914
f 5977 5914 5978
f 5913 5843 5844
f 5913 5844 5914
f 5843 5779 5780
f 5843 5780 5844
f 5779 5717 5718
f 5779 5718 5780
f 5717 5655 5656
f 5717 5656 5718
f 5655 5587 5588
f 5655 5588 5656
f 5587 5520 5521
f 5587 5521 5588
f 5520 5465 5466
f 5520 5466 5521
f 5465 5403 5404
f 5465 5404 5466
f 5403 5333 5334
f 5403 5334 5404
f 5333 5263 5264
f 5333 5264 5334
f 5263 5199 5200
f 5263 5200 5264
f 5199 5135 5136
f 5199 5136 5200
f 5135 5065 5066
f 5135 5066 5136
f 5065 4995 4996
f 5065 4996 5066
f 4995 4931 4932
f 4995 4932 4996
f 4931 4867 4868
f 4931 4868 4932
f 4867 4800 4801
f 4867 4801 4868
f 4800 4727 4728
f 4800 4728 4801
f 4727 4663 4664
f 4727 4664 4728
f 4663 4602 4603
f 4663 4603 4664
f 4602 4560 4561
f 4602 4561 4603
f 4560 4496 4497
f 4560 4497 4561
f 4496 4435 4436
f 4496 4436 4497
f 4435 4369 4370
f 4435 4370 4436
f 4369 4296 4297
f 4369 4297 4370
f 4296 4229 4230
f 4296 4230 4297
f 4229 4165 4166
f 4229 4166 4230
f 4165 4101 4102
f 4165 4102 4166
f 4101 4031 4032
f 4101 4032 4102
f 4031 3961 3962
f 4031 3962 4032
f 3961 3897 3898
f 3961 3898 3962
f 3897 3833 3834
f 3897 3834 3898
f 3833 3763 3764
f 3833 3764 3834
f 3763 3693 3694
f 3763 3694 3764
f 3693 3631 3632
f 3693 3632 3694
f 3631 3576 3577
f 3631 3577 3632
f 3576 3509 3510
f 3576 3510 3577
f 3509 3441 3442
f 3509 3442 3510
f 3441 3379 3380
f 3441 3380 3442
f 3379 3317 3318
f 3379 3318 3380
f 3317 3253 3254
f 3317 3254 3318
f 3253 3183 3184
f 3253 3184 3254
f 3183 3119 3120
f 3183 3120 3184
f 3119 3052 3053
f 3119 3053 3120
f 3052 2975 2976
f 3052 2976 3053
f 2975 2905 2906
f 2975 2906 2976
f 2905 2847 2848
f 2905 2848 2906
f 2847 2784 2785
f 2847 2785 2848
f 2784 2725 2726
f 2784 2726 2785
f 2725 2658 2659
f 2725 2659 2726
f 2658 2603 2604
f 2658 2604 2659
f 2603 2538 2539
f 2603 2539 2604
f 2538 2472 2473
f 2538 2473 2539
f 2472 2404 2405
f 2472 2405 2473
f 2404 2337 2338
f 2404 2338 2405
f 2337 2277 2278
f 2337 2278 2338
f 2277 2220 2221
f 2277 2221 2278
f 2220 2156 2157
f 2220 2157 2221
f 2156 2088 2089
f 2156 2089 2157
f 2088 2031 2032
f 2088 2032 2089
f 2031 1961 1962
f 2031 1962 2032
f 1961 1881 1882
f 1961 1882 1962
f 1881 1825 1826
f 1881 1826 1882
f 1825 1763 1764
f 1825 1764 1826
f 1763 1698 1699
f 1763 1699 1764
f 1698 1637 1638
f 1698 1638 1699
f 1637 1577 1578
f 1637 1578 1638
f 1577 1526 1527
f 1577 1527 1578
f 1526 1471 1472
f 1526 1472 1527
f 1471 1404 1405
f 1471 1405 1472
f 1404 1321 1322
f 1404 1322 1405
f 1321 1263 1264
f 1321 1264 1322
f 1263 1197 1198
f 1263 1198 1264
f 1197 1144 1145
f 1197 1145 1198
f 1144 1090 1091
f 1144 1091 1145
f 1090 1032 1033
f 1090 1033 1091
f 1032 953 954
f 1032 954 1033
f 953 912 913
f 953 913 954
f 912 851 852
f 912 852 913
f 851 806 807
f 851 807 852
f 806 769 770
f 806 770 807
f 769 725 726
f 769 726 770
f 725 689 690
f 725 690 726
f 689 657 658
f 689 658 690
f 657 628 629
f 657 629 658
f 628 601 602
f 628 602 629
f 601 589 590
f 601 590 602
f 589 578 579
f 589 579 590
f 578 571 572
f 578 572 579
f 571 576 577
f 571 577 572
f 576 587 588
f 576 588 577
f 587 599 600
f 587 600 588
f 599 626 627
f 599 627 600
f 626 654 655
f 626 655 627
f 654 687 688
f 654 688 655
f 687 723 724
f 687 724 688
f 723 767 768
f 723 768 724
f 767 804 805
f 767 805 768
f 804 849 850
f 804 850 805
f 849 910 911
f 849 911 850
f 910 947 948
f 910 948 911
f 947 1028 1029
f 947 1029 948
f 1028 1088 1089
f 1028 1089 1029
f 1088 1142 1143
f 1088 1143 1089
f 1142 1195 1196
f 1142 1196 1143
f 1195 1259 1260
f 1195 1260 1196
f 1259 1319 1320
f 1259 1320 1260
f 1319 1396 1397
f 1319 1397 1320
f 1396 1469 1470
f 1396 1470 1397
f 1469 1524 1525
f 1469 1525 1470
f 1524 1575 1576
f 1524 1576 1525
f 1575 1635 1636
f 1575 1636 1576
f 1635 1696 1697
f 1635 1697 1636
f 1696 1761 1762
f 1696 1762 1697
f 1761 1823 1824
f 1761 1824 1762
f 1823 1879 1880
f 1823 1880 1824
f 1879 1959 1960
f 1879 1960 1880
f 1959 2027 2028
f 1959 2028 1960
f 2027 2086 2087
f 2027 2087 2028
f 2086 2150 2151
f 2086 2151 2087
f 2150 2218 2219
f 2150 2219 2151
f 2218 2275 2276
f 2218 2276 2219
f 2275 2335 2336
f 2275 2336 2276
f 2335 2402 2403
f 2335 2403 2336
f 2402 2470 2471
f 2402 2471 2403
f 2470 2536 2537
f 2470 2537 2471
f 2536 2601 2602
f 2536 2602 2537
f 2601 2656 2657
f 2601 2657 2602
f 2656 2723 2724
f 2656 2724 2657
f 2723 2782 2783
f 2723 2783 2724
f 2782 2845 2846
f 2782 2846 2783
f 2845 2903 2904
f 2845 2904 2846
f 2903 2973 2974
f 2903 2974 2904
f 2973 3040 3041
f 2973 3041 2974
f 3040 3117 3118
f 3040 3118 3041
f 3117 3181 3182
f 3117 3182 3118
f 3181 3251 3252
f 3181 3252 3182
f 3251 3315 3316
f 3251 3316 3252
f 3315 3377 3378
f 3315 3378 3316
f 3377 3439 3440
f 3377 3440 3378
f 3439 3507 3508
f 3439 3508 3440
f 3507 3574 3575
f 3507 3575 3508
f 3574 3629 3630
f 3574 3630 3575
f 3629 3691 3692
f 3629 3692 3630
f 3691 3761 3762
f 3691 3762 3692
f 3761 3831 3832
f 3761 3832 3762
f 3831 3895 3896
f 3831 3896 3832
f 3895 3959 3960
f 3895 3960 3896
f 3959 4029 4030
f 3959 4030 3960
f 4029 4099 4100
f 4029 4100 4030
f 4099 4163 4164
f 4099 4164 4100
f 4163 4227 4228
f 4163 4228 4164
f 4227 4294 4295
f 4227 4295 4228
f 4294 4367 4368
f 4294 4368 4295
f 4367 4431 4432
f 4367 4432 4368
f 4431 4492 4493
f 4431 4493 4432
f 4492 4534 4535
f 4492 4535 4493
f 4534 4598 4599
f 4534 4599 4535
f 4598 4659 4660
f 4598 4660 4599
f 4659 4725 4726
f 4659 4726 4660
f 4725 4798 4799
f 4725 4799 4726
f 4798 4865 4866
f 4798 4866 4799
f 4865 4929 4930
f 4865 4930 4866
f 4929 4993 4994
f 4929 4994 4930
f 4993 5063 5064
f 4993 5064 4994
f 5063 5133 5134
f 5063 5134 5064
f 5133 5197 5198
f 5133 5198 5134
f 5197 5261 5262
f 5197 5262 5198
f 5261 5331 5332
f 5261 5332 5262
f 5331 5401 5402
f 5331 5402 5332
f 5401 5463 5464
f 5401 5464 5402
f 5463 5518 5519
f 5463 5519 5464
f 5518 5585 5586
f 5518 5586 5519
f 5585 5653 5654
f 5585 5654 5586
f 5653 5715 5716
f 5653 5716 5654
f 5715 5777 5778
f 5715 5778 5716
f 5777 5841 5842
f 5777 5842 5778
f 5841 5911 5912
f 5841 5912 5842
f 5911 5975 5976
f 5911 5976 5912
f 5975 6042 6043
f 5975 6043 5976
f 6042 6119 6120
f 6042 6120 6043
f 6119 6189 6190
f 6119 6190 6120
f 6189 6247 6248
f 6189 6248 6190
f 6247 6310 6311
f 6247 6311 6248
f 6310 6369 6370
f 6310 6370 6311
f 6369 6436 6437
f 6369 6437 6370
f 6436 6491 6492
f 6436 6492 6437
f 6491 6556 6557
f 6491 6557 6492
f 6556 6622 6623
f 6556 6623 6557
f 6622 6690 6691
f 6622 6691 6623
f 6690 6757 6758
f 6690 6758 6691
f 6757 6817 6818
f 6757 6818 6758
f 6817 6874 6875
f 6817 6875 6818
f 6874 6938 6939
f 6874 6939 6875
f 6938 7006 7007
f 6938 7007 6939
f 7006 7063 7064
f 7006 7064 7007
f 7063 7133 7134
f 7063 7134 7064
f 7133 7213 7214
f 7133 7214 7134
f 7213 7269 7270
f 7213 7270 7214
f 7269 7331 7332
f 7269 7332 7270
f 7331 7396 7397
f 7331 7397 7332
f 7396 7457 7458
f 7396 7458 7397
f 7457 7517 7518
f 7457 7518 7458
f 7517 7568 7569
f 7517 7569 7518
f 7568 7623 7624
f 7568 7624 7569
f 7623 7690 7691
f 7623 7691 7624
f 7690 7773 7774
f 7690 7774 7691
f 7773 7831 7832
f 7773 7832 7774
f 7831 7897 7898
f 7831 7898 7832
f 7897 7950 7951
f 7897 7951 7898
f 7950 8004 8005
f 7950 8005 7951
f 8004 8062 8063
f 8004 8063 8005
f 8062 8141 8142
f 8062 8142 8063
f 8141 8182 8183
f 8141 8183 8142
f 8182 8243 8244
f 8182 8244 8183
f 8243 8288 8289
f 8243 8289 8244
f 8288 8325 8326
f 8288 8326 8289
f 8325 8369 8370
f 8325 8370 8326
f 8369 8405 8406
f 8369 8406 8370
f 8405 8437 8438
f 8405 8438 8406
f 8437 8466 8467
f 8437 8467 8438
f 8466 8493 8494
f 8466 8494 8467
f 8493 8505 8506
f 8493 8506 8494
f 8505 8516 8517
f 8505 8517 8506
f 8516 8523 8524
f 8516 8524 8517
f 8524 8519 8825
f 8524 8825 8829
f 8519 8508 8813
f 8519 8813 8825
f 8508 8496 8787
f 8508 8787 8813
f 8496 8469 8765
f 8496 8765 8787
f 8469 8441 8739
f 8469 8739 8765
f 8441 8408 8700
f 8441 8700 8739
f 8408 8372 8669
f 8408 8669 8700
f 8372 8328 8642
f 8372 8642 8669
f 8328 8291 8599
f 8328 8599 8642
f 8291 8246 8552
f 8291 8552 8599
f 8246 8185 8478
f 8246 8478 8552
f 8185 8148 8396
f 8185 8396 8478
f 8148 8067 8337
f 8148 8337 8396
f 8067 8007 8267
f 8067 8267 8337
f 8007 7953 8196
f 8007 8196 8267
f 7953 7900 8114
f 7953 8114 8196
f 7900 7836 8037
f 7900 8037 8114
f 7836 7776 7966
f 7836 7966 8037
f 7776 7699 7888
f 7776 7888 7966
f 7699 7626 7817
f 7699 7817 7888
f 7626 7571 7744
f 7626 7744 7817
f 7571 7520 7659
f 7571 7659 7744
f 7520 7460 7590
f 7520 7590 7659
f 7460 7399 7527
f 7460 7527 7590
f 7399 7334 7461
f 7399 7461 7527
f 7334 7272 7390
f 7334 7390 7461
f 7272 7216 7322
f 7272 7322 7390
f 7216 7136 7254
f 7216 7254 7322
f 7136 7068 7180
f 7136 7180 7254
f 7068 7009 7103
f 7068 7103 7180
f 7009 6945 7040
f 7009 7040 7103
f 6945 6877 6982
f 6945 6982 7040
f 6877 6820 6911
f 6877 6911 6982
f 6820 6760 6850
f 6820 6850 6911
f 6760 6693 6784
f 6760 6784 6850
f 6693 6625 6712
f 6693 6712 6784
f 6625 6559 6638
f 6625 6638 6712
f 6559 6494 6568
f 6559 6568 6638
f 6494 6439 6495
f 6494 6495 6568
f 6439 6372 6430
f 6439 6430 6495
f 6372 6313 6363
f 6372 6363 6430
f 6313 6250 6303
f 6313 6303 6363
f 6250 6192 6234
f 6250 6234 6303
f 6192 6122 6165
f 6192 6165 6234
f 6122 6055 6098
f 6122 6098 6165
f 6055 5978 6027
f 6055 6027 6098
f 5978 5914 5969
f 5978 5969 6027
f 5914 5844 5899
f 5914 5899 5969
f 5844 5780 5833
f 5844 5833 5899
f 5780 5718 5766
f 5780 5766 5833
f 5718 5656 5702
f 5718 5702 5766
f 5656 5588 5632
f 5656 5632 5702
f 5588 5521 5566
f 5588 5566 5632
f 5521 5466 5493
f 5521 5493 5566
f 5466 5404 5425
f 5466 5425 5493
f 5404 5334 5355
f 5404 5355 5425
f 5334 5264 5285
f 5334 5285 5355
f 5264 5200 5224
f 5264 5224 5285
f 5200 5136 5160
f 5200 5160 5224
f 5136 5066 5090
f 5136 5090 5160
f 5066 4996 5020
f 5066 5020 5090
f 4996 4932 4953
f 4996 4953 5020
f 4932 4868 4889
f 4932 4889 4953
f 4868 4801 4819
f 4868 4819 4889
f 4801 4728 4749
f 4801 4749 4819
f 4728 4664 4688
f 4728 4688 4749
f 4664 4603 4624
f 4664 4624 4688
f 4603 4561 4570
f 4603 4570 4624
f 4561 4497 4476
f 4561 4476 4570
f 4497 4436 4408
f 4497 4408 4476
f 4436 4370 4351
f 4436 4351 4408
f 4370 4297 4279
f 4370 4279 4351
f 4297 4230 4209
f 4297 4209 4279
f 4230 4166 4143
f 4230 4143 4209
f 4166 4102 4078
f 4166 4078 4143
f 4102 4032 4008
f 4102 4008 4078
f 4032 3962 3936
f 4032 3936 4008
f 3962 3898 3874
f 3962 3874 3936
f 3898 3834 3813
f 3898 3813 3874
f 3834 3764 3741
f 3834 3741 3813
f 3764 3694 3671
f 3764 3671 3741
f 3694 3632 3603
f 3694 3603 3671
f 3632 3577 3532
f 3632 3532 3603
f 3577 3510 3464
f 3577 3464 3532
f 3510 3442 3394
f 3510 3394 3464
f 3442 3380 3330
f 3442 3330 3394
f 3380 3318 3263
f 3380 3263 3330
f 3318 3254 3197
f 3318 3197 3263
f 3254 3184 3127
f 3254 3127 3197
f 3184 3120 3069
f 3184 3069 3127
f 3120 3053 2998
f 3120 2998 3069
f 3053 2976 2931
f 3053 2931 2998
f 2976 2906 2866
f 2976 2866 2931
f 2906 2848 2793
f 2906 2793 2866
f 2848 2785 2733
f 2848 2733 2793
f 2785 2726 2668
f 2785 2668 2733
f 2726 2659 2605
f 2726 2605 2668
f 2659 2604 2528
f 2659 2528 2605
f 2604 2539 2460
f 2604 2460 2528
f 2539 2473 2388
f 2539 2388 2460
f 2473 2405 2312
f 2473 2312 2388
f 2405 2338 2246
f 2405 2246 2312
f 2338 2278 2185
f 2338 2185 2246
f 2278 2221 2114
f 2278 2114 2185
f 2221 2157 2056
f 2221 2056 2114
f 2157 2089 1993
f 2157 1993 2056
f 2089 2032 1916
f 2089 1916 1993
f 2032 1962 1842
f 2032 1842 1916
f 1962 1882 1774
f 1962 1774 1842
f 1882 1826 1706
f 1882 1706 1774
f 1826 1764 1639
f 1826 1639 1706
f 1764 1699 1569
f 1764 1569 1639
f 1699 1638 1508
f 1699 1508 1569
f 1638 1578 1439
f 1638 1439 1508
f 1578 1527 1352
f 1578 1352 1439
f 1527 1472 1279
f 1527 1279 1352
f 1472 1405 1208
f 1472 1208 1279
f 1405 1322 1134
f 1405 1134 1208
f 1322 1264 1063
f 1322 1063 1134
f 1264 1198 988
f 1264 988 1063
f 1198 1145 904
f 1198 904 988
f 1145 1091 831
f 1145 831 904
f 1091 1033 759
f 1091 759 831
f 1033 954 700
f 1033 700 759
f 954 913 618
f 954 618 700
f 913 852 548
f 913 548 618
f 852 807 497
f 852 497 548
f 807 770 456
f 807 456 497
f 770 726 427
f 770 427 456
f 726 690 399
f 726 399 427
f 690 658 357
f 690 357 399
f 658 629 331
f 658 331 357
f 629 602 309
f 629 309 331
f 602 590 286
f 602 286 309
f 590 579 271
f 590 271 286
f 579 572 263
f 579 263 271
f 572 577 267
f 572 267 263
f 577 588 279
f 577 279 267
f 588 600 302
f 588 302 279
f 600 627 324
f 600 324 302
f 627 655 350
f 627 350 324
f 655 688 389
f 655 389 350
f 688 724 423
f 688 423 389
f 724 768 450
f 724 450 423
f 768 805 493
f 768 493 450
f 805 850 540
f 805 540 493
f 850 911 611
f 850 611 540
f 911 948 693
f 911 693 611
f 948 1029 752
f 948 752 693
f 1029 1089 822
f 1029 822 752
f 1089 1143 896
f 1089 896 822
f 1143 1196 978
f 1143 978 896
f 1196 1260 1055
f 1196 1055 978
f 1260 1320 1126
f 1260 1126 1055
f 1320 1397 1201
f 1320 1201 1126
f 1397 1470 1272
f 1397 1272 1201
f 1470 1525 1345
f 1470 1345 1272
f 1525 1576 1430
f 1525 1430 1345
f 1576 1636 1502
f 1576 1502 1430
f 1636 1697 1565
f 1636 1565 1502
f 1697 1762 1631
f 1697 1631 1565
f 1762 1824 1702
f 1762 1702 1631
f 1824 1880 1767
f 1824 1767 1702
f 1880 1960 1835
f 1880 1835 1767
f 1960 2028 1909
f 1960 1909 1835
f 2028 2087 1986
f 2028 1986 1909
f 2087 2151 2052
f 2087 2052 1986
f 2151 2219 2110
f 2151 2110 2052
f 2219 2276 2181
f 2219 2181 2110
f 2276 2336 2242
f 2276 2242 2181
f 2336 2403 2305
f 2336 2305 2242
f 2403 2471 2377
f 2403 2377 2305
f 2471 2537 2451
f 2471 2451 2377
f 2537 2602 2521
f 2537 2521 2451
f 2602 2657 2597
f 2602 2597 2521
f 2657 2724 2662
f 2657 2662 2597
f 2724 2783 2729
f 2724 2729 2662
f 2783 2846 2789
f 2783 2789 2729
f 2846 2904 2855
f 2846 2855 2789
f 2904 2974 2924
f 2904 2924 2855
f 2974 3041 2991
f 2974 2991 2924
f 3041 3118 3062
f 3041 3062 2991
f 3118 3182 3123
f 3118 3123 3062
f 3182 3252 3193
f 3182 3193 3123
f 3252 3316 3259
f 3252 3259 3193
f 3316 3378 3326
f 3316 3326 3259
f 3378 3440 3387
f 3378 3387 3326
f 3440 3508 3457
f 3440 3457 3387
f 3508 3575 3523
f 3508 3523 3457
f 3575 3630 3596
f 3575 3596 3523
f 3630 3692 3667
f 3630 3667 3596
f 3692 3762 3737
f 3692 3737 3667
f 3762 3832 3807
f 3762 3807 3737
f 3832 3896 3868
f 3832 3868 3807
f 3896 3960 3929
f 3896 3929 3868
f 3960 4030 3999
f 3960 3999 3929
f 4030 4100 4069
f 4030 4069 3999
f 4100 4164 4136
f 4100 4136 4069
f 4164 4228 4203
f 4164 4203 4136
f 4228 4295 4273
f 4228 4273 4203
f 4295 4368 4343
f 4295 4343 4273
f 4368 4432 4404
f 4368 4404 4343
f 4432 4493 4465
f 4432 4465 4404
f 4493 4535 4519
f 4493 4519 4465
f 4535 4599 4613
f 4535 4613 4519
f 4599 4660 4681
f 4599 4681 4613
f 4660 4726 4741
f 4660 4741 4681
f 4726 4799 4813
f 4726 4813 4741
f 4799 4866 4883
f 4799 4883 4813
f 4866 4930 4949
f 4866 4949 4883
f 4930 4994 5011
f 4930 5011 4949
f 4994 5064 5081
f 4994 5081 5011
f 5064 5134 5153
f 5064 5153 5081
f 5134 5198 5215
f 5134 5215 5153
f 5198 5262 5279
f 5198 5279 5215
f 5262 5332 5351
f 5262 5351 5279
f 5332 5402 5421
f 5332 5421 5351
f 5402 5464 5489
f 5402 5489 5421
f 5464 5519 5557
f 5464 5557 5489
f 5519 5586 5625
f 5519 5625 5557
f 5586 5654 5695
f 5586 5695 5625
f 5654 5716 5759
f 5654 5759 5695
f 5716 5778 5829
f 5716 5829 5759
f 5778 5842 5895
f 5778 5895 5829
f 5842 5912 5965
f 5842 5965 5895
f 5912 5976 6023
f 5912 6023 5965
f 5976 6043 6091
f 5976 6091 6023
f 6043 6120 6158
f 6043 6158 6091
f 6120 6190 6223
f 6120 6223 6158
f 6190 6248 6296
f 6190 6296 6223
f 6248 6311 6359
f 6248 6359 6296
f 6311 6370 6424
f 6311 6424 6359
f 6370 6437 6487
f 6370 6487 6424
f 6437 6492 6564
f 6437 6564 6487
f 6492 6557 6629
f 6492 6629 6564
f 6557 6623 6701
f 6557 6701 6629
f 6623 6691 6777
f 6623 6777 6701
f 6691 6758 6843
f 6691 6843 6777
f 6758 6818 6907
f 6758 6907 6843
f 6818 6875 6978
f 6818 6978 6907
f 6875 6939 7036
f 6875 7036 6978
f 6939 7007 7099
f 6939 7099 7036
f 7007 7064 7173
f 7007 7173 7099
f 7064 7134 7247
f 7064 7247 7173
f 7134 7214 7315
f 7134 7315 7247
f 7214 7270 7383
f 7214 7383 7315
f 7270 7332 7453
f 7270 7453 7383
f 7332 7397 7523
f 7332 7523 7453
f 7397 7458 7584
f 7397 7584 7523
f 7458 7518 7653
f 7458 7653 7584
f 7518 7569 7737
f 7518 7737 7653
f 7569 7624 7810
f 7569 7810 7737
f 7624 7691 7881
f 7624 7881 7810
f 7691 7774 7955
f 7691 7955 7881
f 7774 7832 8029
f 7774 8029 7955
f 7832 7898 8104
f 7832 8104 8029
f 7898 7951 8188
f 7898 8188 8104
f 7951 8005 8261
f 7951 8261 8188
f 8005 8063 8330
f 8005 8330 8261
f 8063 8142 8389
f 8063 8389 8330
f 8142 8183 8471
f 8142 8471 8389
f 8183 8244 8541
f 8183 8541 8471
f 8244 8289 8595
f 8244 8595 8541
f 8289 8326 8636
f 8289 8636 8595
f 8326 8370 8665
f 8326 8665 8636
f 8370 8406 8693
f 8370 8693 8665
f 8406 8438 8732
f 8406 8732 8693
f 8438 8467 8758
f 8438 8758 8732
f 8467 8494 8780
f 8467 8780 8758
f 8494 8506 8803
f 8494 8803 8780
f 8506 8517 8821
f 8506 8821 8803
f 8517 8524 8829
f 8517 8829 8821
f 8829 8825 8826
f 8829 8826 8830
f 8825 8813 8814
f 8825 8814 8826
f 8813 8787 8788
f 8813 8788 8814
f 8787 8765 8766
f 8787 8766 8788
f 8765 8739 8740
f 8765 8740 8766
f 8739 8700 8701
f 8739 8701 8740
f 8700 8669 8670
f 8700 8670 8701
f 8669 8642 8643
f 8669 8643 8670
f 8642 8599 8600
f 8642 8600 8643
f 8599 8552 8553
f 8599 8553 8600
f 8552 8478 8479
f 8552 8479 8553
f 8478 8396 8397
f 8478 8397 8479
f 8396 8337 8338
f 8396 8338 8397
f 8337 8267 8268
f 8337 8268 8338
f 8267 8196 8197
f 8267 8197 8268
f 8196 8114 8115
f 8196 8115 8197
f 8114 8037 8038
f 8114 8038 8115
f 8037 7966 7967
f 8037 7967 8038
f 7966 7888 7889
f 7966 7889 7967
f 7888 7817 7818
f 7888 7818 7889
f 7817 7744 7745
f 7817 7745 7818
f 7744 7659 7660
f 7744 7660 7745
f 7659 7590 7591
f 7659 7591 7660
f 7590 7527 7528
f 7590 7528 7591
f 7527 7461 7462
f 7527 7462 7528
f 7461 7390 7391
f 7461 7391 7462
f 7390 7322 7323
f 7390 7323 7391
f 7322 7254 7255
f 7322 7255 7323
f 7254 7180 7181
f 7254 7181 7255
f 7180 7103 7104
f 7180 7104 7181
f 7103 7040 7041
f 7103 7041 7104
f 7040 6982 6983
f 7040 6983 7041
f 6982 6911 6912
f 6982 6912 6983
f 6911 6850 6851
f 6911 6851 6912
f 6850 6784 6785
f 6850 6785 6851
f 6784 6712 6713
f 6784 6713 6785
f 6712 6638 6639
f 6712 6639 6713
f 6638 6568 6569
f 6638 6569 6639
f 6568 6495 6496
f 6568 6496 6569
f 6495 6430 6431
f 6495 6431 6496
f 6430 6363 6364
f 6430 6364 6431
f 6363 6303 6304
f 6363 6304 6364
f 6303 6234 6235
f 6303 6235 6304
f 6234 6165 6166
f 6234 6166 6235
f 6165 6098 6099
f 6165 6099 6166
f 6098 6027 6028
f 6098 6028 6099
f 6027 5969 5970
f 6027 5970 6028
f 5969 5899 5900
f 5969 5900 5970
f 5899 5833 5834
f 5899 5834 5900
f 5833 5766 5767
f 5833 5767 5834
f 5766 5702 5703
f 5766 5703 5767
f 5702 5632 5633
f 5702 5633 5703
f 5632 5566 5567
f 5632 5567 5633
f 5566 5493 5494
f 5566 5494 5567
f 5493 5425 5426
f 5493 5426 5494
f 5425 5355 5356
f 5425 5356 5426
f 5355 5285 5286
f 5355 5286 5356
f 5285 5224 5225
f 5285 5225 5286
f 5224 5160 5161
f 5224 5161 5225
f 5160 5090 5091
f 5160 5091 5161
f 5090 5020 5021
f 5090 5021 5091
f 5020 4953 4954
f 5020 4954 5021
f 4953 4889 4890
f 4953 4890 4954
f 4889 4819 4820
f 4889 4820 4890
f 4819 4749 4750
f 4819 4750 4820
f 4749 4688 4689
f 4749 4689 4750
f 4688 4624 4625
f 4688 4625 4689
f 4624 4570 4571
f 4624 4571 4625
f 4570 4476 4477
f 4570 4477 4571
f 4476 4408 4409
f 4476 4409 4477
f 4408 4351 4352
f 4408 4352 4409
f 4351 4279 4280
f 4351 4280 4352
f 4279 4209 4210
f 4279 4210 4280
f 4209 4143 4144
f 4209 4144 4210
f 4143 4078 4079
f 4143 4079 4144
f 4078 4008 4009
f 4078 4009 4079
f 4008 3936 3937
f 4008 3937 4009
f 3936 3874 3875
f 3936 3875 3937
f 3874 3813 3814
f 3874 3814 3875
f 3813 3741 3742
f 3813 3742 3814
f 3741 3671 3672
f 3741 3672 3742
f 3671 3603 3604
f 3671 3604 3672
f 3603 3532 3533
f 3603 3533 3604
f 3532 3464 3465
f 3532 3465 3533
f 3464 3394 3395
f 3464 3395 3465
f 3394 3330 3331
f 3394 3331 3395
f 3330 3263 3264
f 3330 3264 3331
f 3263 3197 3198
f 3263 3198 3264
f 3197 3127 3128
f 3197 3128 3198
f 3127 3069 3070
f 3127 3070 3128
f 3069 2998 2999
f 3069 2999 3070
f 2998 2931 2932
f 2998 2932 2999
f 2931 2866 2867
f 2931 2867 2932
f 2866 2793 2794
f 2866 2794 2867
f 2793 2733 2734
f 2793 2734 2794
f 2733 2668 2669
f 2733 2669 2734
f 2668 2605 2606
f 2668 2606 2669
f 2605 2528 2529
f 2605 2529 2606
f 2528 2460 2461
f 2528 2461 2529
f 2460 2388 2389
f 2460 2389 2461
f 2388 2312 2313
f 2388 2313 2389
f 2312 2246 2247
f 2312 2247 2313
f 2246 2185 2186
f 2246 2186 2247
f 2185 2114 2115
f 2185 2115 2186
f 2114 2056 2057
f 2114 2057 2115
f 2056 1993 1994
f 2056 1994 2057
f 1993 1916 1917
f 1993 1917 1994
f 1916 1842 1843
f 1916 1843 1917
f 1842 1774 1775
f 1842 1775 1843
f 1774 1706 1707
f 1774 1707 1775
f 1706 1639 1640
f 1706 1640 1707
f 1639 1569 1570
f 1639 1570 1640
f 1569 1508 1509
f 1569 1509 1570
f 1508 1439 1440
f 1508 1440 1509
f 1439 1352 1353
f 1439 1353 1440
f 1352 1279 1280
f 1352 1280 1353
f 1279 1208 1209
f 1279 1209 1280
f 1208 1134 1135
f 1208 1135 1209
f 1134 1063 1064
f 1134 1064 1135
f 1063 988 989
f 1063 989 1064
f 988 904 905
f 988 905 989
f 904 831 832
f 904 832 905
f 831 759 760
f 831 760 832
f 759 700 701
f 759 701 760
f 700 618 619
f 700 619 701
f 618 548 549
f 618 549 619
f 548 497 498
f 548 498 549
f 497 456 457
f 497 457 498
f 456 427 428
f 456 428 457
f 427 399 400
f 427 400 428
f 399 357 358
f 399 358 400
f 357 331 332
f 357 332 358
f 331 309 310
f 331 310 332
f 309 286 287
f 309 287 310
f 286 271 272
f 286 272 287
f 271 263 264
f 271 264 272
f 263 267 268
f 263 268 264
f 267 279 280
f 267 280 268
f 279 302 303
f 279 303 280
f 302 324 325
f 302 325 303
f 324 350 351
f 324 351 325
f 350 389 390
f 350 390 351
f 389 423 424
f 389 424 390
f 423 450 451
f 423 451 424
f 450 493 494
f 450 494 451
f 493 540 541
f 493 541 494
f 540 611 612
f 540 612 541
f 611 693 694
f 611 694 612
f 693 752 753
f 693 753 694
f 752 822 823
f 752 823 753
f 822 896 897
f 822 897 823
f 896 978 979
f 896 979 897
f 978 1055 1056
f 978 1056 979
f 1055 1126 1127
f 1055 1127 1056
f 1126 1201 1202
f 1126 1202 1127
f 1201 1272 1273
f 1201 1273 1202
f 1272 1345 1346
f 1272 1346 1273
f 1345 1430 1431
f 1345 1431 1346
f 1430 1502 1503
f 1430 1503 1431
f 1502 1565 1566
f 1502 1566 1503
f 1565 1631 1632
f 1565 1632 1566
f 1631 1702 1703
f 1631 1703 1632
f 1702 1767 1768
f 1702 1768 1703
f 1767 1835 1836
f 1767 1836 1768
f 1835 1909 1910
f 1835 1910 1836
f 1909 1986 1987
f 1909 1987 1910
f 1986 2052 2053
f 1986 2053 1987
f 2052 2110 2111
f 2052 2111 2053
f 2110 2181 2182
f 2110 2182 2111
f 2181 2242 2243
f 2181 2243 2182
f 2242 2305 2306
f 2242 2306 2243
f 2305 2377 2378
f 2305 2378 2306
f 2377 2451 2452
f 2377 2452 2378
f 2451 2521 2522
f 2451 2522 2452
f 2521 2597 2598
f 2521 2598 2522
f 2597 2662 2663
f 2597 2663 2598
f 2662 2729 2730
f 2662 2730 2663
f 2729 2789 2790
f 2729 2790 2730
f 2789 2855 2856
f 2789 2856 2790
f 2855 2924 2925
f 2855 2925 2856
f 2924 2991 2992
f 2924 2992 2925
f 2991 3062 3063
f 2991 3063 2992
f 3062 3123 3124
f 3062 3124 3063
f 3123 3193 3194
f 3123 3194 3124
f 3193 3259 3260
f 3193 3260 3194
f 3259 3326 3327
f 3259 3327 3260
f 3326 3387 3388
f 3326 3388 3327
f 3387 3457 3458
f 3387 3458 3388
f 3457 3523 3524
f 3457 3524 3458
f 3523 3596 3597
f 3523 3597 3524
f 3596 3667 3668
f 3596 3668 3597
f 3667 3737 3738
f 3667 3738 3668
f 3737 3807 3808
f 3737 3808 3738
f 3807 3868 3869
f 3807 3869 3808
f 3868 3929 3930
f 3868 3930 3869
f 3929 3999 4000
f 3929 4000 3930
f 3999 4069 4070
f 3999 4070 4000
f 4069 4136 4137
f 4069 4137 4070
f 4136 4203 4204
f 4136 4204 4137
f 4203 4273 4274
f 4203 4274 4204
f 4273 4343 4344
f 4273 4344 4274
f 4343 4404 4405
f 4343 4405 4344
f 4404 4465 4466
f 4404 4466 4405
f 4465 4519 4520
f 4465 4520 4466
f 4519 4613 4614
f 4519 4614 4520
f 4613 4681 4682
f 4613 4682 4614
f 4681 4741 4742
f 4681 4742 4682
f 4741 4813 4814
f 4741 4814 4742
f 4813 4883 4884
f 4813 4884 4814
f 4883 4949 4950
f 4883 4950 4884
f 4949 5011 5012
f 4949 5012 4950
f 5011 5081 5082
f 5011 5082 5012
f 5081 5153 5154
f 5081 5154 5082
f 5153 5215 5216
f 5153 5216 5154
f 5215 5279 5280
f 5215 5280 5216
f 5279 5351 5352
f 5279 5352 5280
f 5351 5421 5422
f 5351 5422 5352
f 5421 5489 5490
f 5421 5490 5422
f 5489 5557 5558
f 5489 5558 5490
f 5557 5625 5626
f 5557 5626 5558
f 5625 5695 5696
f 5625 5696 5626
f 5695 5759 5760
f 5695 5760 5696
f 5759 5829 5830
f 5759 5830 5760
f 5829 5895 5896
f 5829 5896 5830
f 5895 5965 5966
f 5895 5966 5896
f 5965 6023 6024
f 5965 6024 5966
f 6023 6091 6092
f 6023 6092 6024
f 6091 6158 6159
f 6091 6159 6092
f 6158 6223 6224
f 6158 6224 6159
f 6223 6296 6297
f 6223 6297 6224
f 6296 6359 6360
f 6296 6360 6297
f 6359 6424 6425
f 6359 6425 6360
f 6424 6487 6488
f 6424 6488 6425
f 6487 6564 6565
f 6487 6565 6488
f 6564 6629 6630
f 6564 6630 6565
f 6629 6701 6702
f 6629 6702 6630
f 6701 6777 6778
f 6701 6778 6702
f 6777 6843 6844
f 6777 6844 6778
f 6843 6907 6908
f 6843 6908 6844
f 6907 6978 6979
f 6907 6979 6908
f 6978 7036 7037
f 6978 7037 6979
f 7036 7099 7100
f 7036 7100 7037
f 7099 7173 7174
f 7099 7174 7100
f 7173 7247 7248
f 7173 7248 7174
f 7247 7315 7316
f 7247 7316 7248
f 7315 7383 7384
f 7315 7384 7316
f 7383 7453 7454
f 7383 7454 7384
f 7453 7523 7524
f 7453 7524 7454
f 7523 7584 7585
f 7523 7585 7524
f 7584 7653 7654
f 7584 7654 7585
f 7653 7737 7738
f 7653 7738 7654
f 7737 7810 7811
f 7737 7811 7738
f 7810 7881 7882
f 7810 7882 7811
f 7881 7955 7956
f 7881 7956 7882
f 7955 8029 8030
f 7955 8030 7956
f 8029 8104 8105
f 8029 8105 8030
f 8104 8188 8189
f 8104 8189 8105
f 8188 8261 8262
f 8188 8262 8189
f 8261 8330 8331
f 8261 8331 8262
f 8330 8389 8390
f 8330 8390 8331
f 8389 8471 8472
f 8389 8472 8390
f 8471 8541 8542
f 8471 8542 8472
f 8541 8595 8596
f 8541 8596 8542
f 8595 8636 8637
f 8595 8637 8596
f 8636 8665 8666
f 8636 8666 8637
f 8665 8693 8694
f 8665 8694 8666
f 8693 8732 8733
f 8693 8733 8694
f 8732 8758 8759
f 8732 8759 8733
f 8758 8780 8781
f 8758 8781 8759
f 8780 8803 8804
f 8780 8804 8781
f 8803 8821 8822
f 8803 8822 8804
f 8821 8829 8830
f 8821 8830 8822
f 8830 8826 9033
f 8830 9033 9039
f 8826 8814 8919
f 8826 8919 9033
f 8814 8788 8789
f 8814 8789 8919
f 8788 8766 8767
f 8788 8767 8789
f 8766 8740 8741
f 8766 8741 8767
f 8740 8701 8702
f 8740 8702 8741
f 8701 8670 8858
f 8701 8858 8702
f 8670 8643 8922
f 8670 8922 8858
f 8643 8600 8887
f 8643 8887 8922
f 8600 8553 8728
f 8600 8728 8887
f 8553 8479 8480
f 8553 8480 8728
f 8479 8397 8398
f 8479 8398 8480
f 8397 8338 8339
f 8397 8339 8398
f 8338 8268 8269
f 8338 8269 8339
f 8268 8197 8376
f 8268 8376 8269
f 8197 8115 8459
f 8197 8459 8376
f 8115 8038 8357
f 8115 8357 8459
f 8038 7967 8120
f 8038 8120 8357
f 7967 7889 7890
f 7967 7890 8120
f 7889 7818 7819
f 7889 7819 7890
f 7818 7745 7746
f 7818 7746 7819
f 7745 7660 7661
f 7745 7661 7746
f 7660 7591 7701
f 7660 7701 7661
f 7591 7528 7712
f 7591 7712 7701
f 7528 7462 7616
f 7528 7616 7712
f 7462 7391 7476
f 7462 7476 7616
f 7391 7323 7324
f 7391 7324 7476
f 7323 7255 7256
f 7323 7256 7324
f 7255 7181 7182
f 7255 7182 7256
f 7181 7104 7105
f 7181 7105 7182
f 7104 7041 7110
f 7104 7110 7105
f 7041 6983 7090
f 7041 7090 7110
f 6983 6912 7016
f 6983 7016 7090
f 6912 6851 6898
f 6912 6898 7016
f 6851 6785 6786
f 6851 6786 6898
f 6785 6713 6714
f 6785 6714 6786
f 6713 6639 6640
f 6713 6640 6714
f 6639 6569 6570
f 6639 6570 6640
f 6569 6496 6545
f 6569 6545 6570
f 6496 6431 6512
f 6496 6512 6545
f 6431 6364 6444
f 6431 6444 6512
f 6364 6304 6336
f 6364 6336 6444
f 6304 6235 6236
f 6304 6236 6336
f 6235 6166 6167
f 6235 6167 6236
f 6166 6099 6100
f 6166 6100 6167
f 6099 6028 6029
f 6099 6029 6100
f 6028 5970 5989
f 6028 5989 6029
f 5970 5900 5942
f 5970 5942 5989
f 5900 5834 5870
f 5900 5870 5942
f 5834 5767 5774
f 5834 5774 5870
f 5767 5703 5704
f 5767 5704 5774
f 5703 5633 5634
f 5703 5634 5704
f 5633 5567 5568
f 5633 5568 5634
f 5567 5494 5495
f 5567 5495 5568
f 5494 5426 5435
f 5494 5435 5495
f 5426 5356 5384
f 5426 5384 5435
f 5356 5286 5312
f 5356 5312 5384
f 5286 5225 5228
f 5286 5228 5312
f 5225 5161 5162
f 5225 5162 5228
f 5161 5091 5092
f 5161 5092 5162
f 5091 5021 5022
f 5091 5022 5092
f 5021 4954 4955
f 5021 4955 5022
f 4954 4890 4893
f 4954 4893 4955
f 4890 4820 4840
f 4890 4840 4893
f 4820 4750 4766
f 4820 4766 4840
f 4750 4689 4693
f 4750 4693 4766
f 4689 4625 4626
f 4689 4626 4693
f 4625 4571 4572
f 4625 4572 4626
f 4571 4477 4478
f 4571 4478 4572
f 4477 4409 4410
f 4477 4410 4478
f 4409 4352 4339
f 4409 4339 4410
f 4352 4280 4258
f 4352 4258 4339
f 4280 4210 4188
f 4280 4188 4258
f 4210 4144 4133
f 4210 4133 4188
f 4144 4079 4080
f 4144 4080 4133
f 4079 4009 4010
f 4079 4010 4080
f 4009 3937 3938
f 4009 3938 4010
f 3937 3875 3876
f 3937 3876 3938
f 3875 3814 3800
f 3875 3800 3876
f 3814 3742 3712
f 3814 3712 3800
f 3742 3672 3645
f 3742 3645 3712
f 3672 3604 3591
f 3672 3591 3645
f 3604 3533 3534
f 3604 3534 3591
f 3533 3465 3466
f 3533 3466 3534
f 3465 3395 3396
f 3465 3396 3466
f 3395 3331 3332
f 3395 3332 3396
f 3331 3264 3248
f 3331 3248 3332
f 3264 3198 3154
f 3264 3154 3248
f 3198 3128 3085
f 3198 3085 3154
f 3128 3070 3031
f 3128 3031 3085
f 3070 2999 3000
f 3070 3000 3031
f 2999 2932 2933
f 2999 2933 3000
f 2932 2867 2868
f 2932 2868 2933
f 2867 2794 2795
f 2867 2795 2868
f 2794 2734 2696
f 2794 2696 2795
f 2734 2669 2584
f 2734 2584 2696
f 2669 2606 2506
f 2669 2506 2584
f 2606 2529 2477
f 2606 2477 2506
f 2529 2461 2462
f 2529 2462 2477
f 2461 2389 2390
f 2461 2390 2462
f 2389 2313 2314
f 2389 2314 2390
f 2313 2247 2248
f 2313 2248 2314
f 2247 2186 2126
f 2247 2126 2248
f 2186 2115 2008
f 2186 2008 2126
f 2115 2057 1932
f 2115 1932 2008
f 2057 1994 1901
f 2057 1901 1932
f 1994 1917 1918
f 1994 1918 1901
f 1917 1843 1844
f 1917 1844 1918
f 1843 1775 1776
f 1843 1776 1844
f 1775 1707 1708
f 1775 1708 1776
f 1707 1640 1544
f 1707 1544 1708
f 1640 1570 1384
f 1640 1384 1544
f 1570 1509 1291
f 1570 1291 1384
f 1509 1440 1310
f 1509 1310 1291
f 1440 1353 1354
f 1440 1354 1310
f 1353 1280 1281
f 1353 1281 1354
f 1280 1209 1210
f 1280 1210 1281
f 1209 1135 1136
f 1209 1136 1210
f 1135 1064 888
f 1135 888 1136
f 1064 989 641
f 1064 641 888
f 989 905 523
f 989 523 641
f 905 832 631
f 905 631 523
f 832 760 761
f 832 761 631
f 760 701 702
f 760 702 761
f 701 619 620
f 701 620 702
f 619 549 550
f 619 550 620
f 549 498 297
f 549 297 550
f 498 457 177
f 498 177 297
f 457 428 143
f 457 143 177
f 428 400 224
f 428 224 143
f 400 358 359
f 400 359 224
f 358 332 333
f 358 333 359
f 332 310 311
f 332 311 333
f 310 287 288
f 310 288 311
f 287 272 167
f 287 167 288
f 272 264 54
f 272 54 167
f 264 268 60
f 264 60 54
f 268 280 174
f 268 174 60
f 280 303 304
f 280 304 174
f 303 325 326
f 303 326 304
f 325 351 352
f 325 352 326
f 351 390 391
f 351 391 352
f 390 424 235
f 390 235 391
f 424 451 171
f 424 171 235
f 451 494 206
f 451 206 171
f 494 541 365
f 494 365 206
f 541 612 613
f 541 613 365
f 612 694 695
f 612 695 613
f 694 753 754
f 694 754 695
f 753 823 824
f 753 824 754
f 823 897 717
f 823 717 824
f 897 979 634
f 897 634 717
f 979 1056 736
f 979 736 634
f 1056 1127 973
f 1056 973 736
f 1127 1202 1203
f 1127 1203 973
f 1202 1273 1274
f 1202 1274 1203
f 1273 1346 1347
f 1273 1347 1274
f 1346 1431 1432
f 1346 1432 1347
f 1431 1503 1392
f 1431 1392 1432
f 1503 1566 1381
f 1503 1381 1392
f 1566 1632 1477
f 1566 1477 1381
f 1632 1703 1617
f 1632 1617 1477
f 1703 1768 1769
f 1703 1769 1617
f 1768 1836 1837
f 1768 1837 1769
f 1836 1910 1911
f 1836 1911 1837
f 1910 1987 1988
f 1910 1988 1911
f 1987 2053 1983
f 1987 1983 1988
f 2053 2111 2003
f 2053 2003 1983
f 2111 2182 2077
f 2111 2077 2003
f 2182 2243 2195
f 2182 2195 2077
f 2243 2306 2307
f 2243 2307 2195
f 2306 2378 2379
f 2306 2379 2307
f 2378 2452 2453
f 2378 2453 2379
f 2452 2522 2523
f 2452 2523 2453
f 2522 2598 2548
f 2522 2548 2523
f 2598 2663 2581
f 2598 2581 2548
f 2663 2730 2649
f 2663 2649 2581
f 2730 2790 2757
f 2730 2757 2649
f 2790 2856 2857
f 2790 2857 2757
f 2856 2925 2926
f 2856 2926 2857
f 2925 2992 2993
f 2925 2993 2926
f 2992 3063 3064
f 2992 3064 2993
f 3063 3124 3104
f 3063 3104 3064
f 3124 3194 3151
f 3124 3151 3104
f 3194 3260 3223
f 3194 3223 3151
f 3260 3327 3319
f 3260 3319 3223
f 3327 3388 3389
f 3327 3389 3319
f 3388 3458 3459
f 3388 3459 3389
f 3458 3524 3525
f 3458 3525 3459
f 3524 3597 3598
f 3524 3598 3525
f 3597 3668 3658
f 3597 3658 3598
f 3668 3738 3709
f 3668 3709 3658
f 3738 3808 3781
f 3738 3781 3709
f 3808 3869 3865
f 3808 3865 3781
f 3869 3930 3931
f 3869 3931 3865
f 3930 4000 4001
f 3930 4001 3931
f 4000 4070 4071
f 4000 4071 4001
f 4070 4137 4138
f 4070 4138 4071
f 4137 4204 4200
f 4137 4200 4138
f 4204 4274 4253
f 4204 4253 4200
f 4274 4344 4327
f 4274 4327 4253
f 4344 4405 4400
f 4344 4400 4327
f 4405 4466 4467
f 4405 4467 4400
f 4466 4520 4521
f 4466 4521 4467
f 4520 4614 4615
f 4520 4615 4521
f 4614 4682 4683
f 4614 4683 4615
f 4682 4742 4754
f 4682 4754 4683
f 4742 4814 4835
f 4742 4835 4754
f 4814 4884 4905
f 4814 4905 4835
f 4884 4950 4960
f 4884 4960 4905
f 4950 5012 5013
f 4950 5013 4960
f 5012 5082 5083
f 5012 5083 5013
f 5082 5154 5155
f 5082 5155 5083
f 5154 5216 5217
f 5154 5217 5155
f 5216 5280 5293
f 5216 5293 5217
f 5280 5352 5381
f 5280 5381 5293
f 5352 5422 5448
f 5352 5448 5381
f 5422 5490 5502
f 5422 5502 5448
f 5490 5558 5559
f 5490 5559 5502
f 5558 5626 5627
f 5558 5627 5559
f 5626 5696 5697
f 5626 5697 5627
f 5696 5760 5761
f 5696 5761 5697
f 5760 5830 5845
f 5760 5845 5761
f 5830 5896 5939
f 5830 5939 5845
f 5896 5966 6008
f 5896 6008 5939
f 5966 6024 6062
f 5966 6062 6008
f 6024 6092 6093
f 6024 6093 6062
f 6092 6159 6160
f 6092 6160 6093
f 6159 6224 6225
f 6159 6225 6160
f 6224 6297 6298
f 6224 6298 6225
f 6297 6360 6397
f 6297 6397 6298
f 6360 6425 6509
f 6360 6509 6397
f 6425 6488 6587
f 6425 6587 6509
f 6488 6565 6616
f 6488 6616 6587
f 6565 6630 6631
f 6565 6631 6616
f 6630 6702 6703
f 6630 6703 6631
f 6702 6778 6779
f 6702 6779 6703
f 6778 6844 6845
f 6778 6845 6779
f 6844 6908 6967
f 6844 6967 6845
f 6908 6979 7085
f 6908 7085 6967
f 6979 7037 7161
f 6979 7161 7085
f 7037 7100 7192
f 7037 7192 7161
f 7100 7174 7175
f 7100 7175 7192
f 7174 7248 7249
f 7174 7249 7175
f 7248 7316 7317
f 7248 7317 7249
f 7316 7384 7385
f 7316 7385 7317
f 7384 7454 7549
f 7384 7549 7385
f 7454 7524 7709
f 7454 7709 7549
f 7524 7585 7802
f 7524 7802 7709
f 7585 7654 7783
f 7585 7783 7802
f 7654 7738 7739
f 7654 7739 7783
f 7738 7811 7812
f 7738 7812 7739
f 7811 7882 7883
f 7811 7883 7812
f 7882 7956 7957
f 7882 7957 7883
f 7956 8030 8205
f 7956 8205 7957
f 8030 8105 8452
f 8030 8452 8205
f 8105 8189 8570
f 8105 8570 8452
f 8189 8262 8462
f 8189 8462 8570
f 8262 8331 8332
f 8262 8332 8462
f 8331 8390 8391
f 8331 8391 8332
f 8390 8472 8473
f 8390 8473 8391
f 8472 8542 8543
f 8472 8543 8473
f 8542 8596 8796
f 8542 8796 8543
f 8596 8637 8916
f 8596 8916 8796
f 8637 8666 8950
f 8637 8950 8916
f 8666 8694 8869
f 8666 8869 8950
f 8694 8733 8734
f 8694 8734 8869
f 8733 8759 8760
f 8733 8760 8734
f 8759 8781 8782
f 8759 8782 8760
f 8781 8804 8805
f 8781 8805 8782
f 8804 8822 8926
f 8804 8926 8805
f 8822 8830 9039
f 8822 9039 8926
f 9039 9033 9034
f 9039 9034 9040
f 9033 8919 8920
f 9033 8920 9034
f 8919 8789 8790
f 8919 8790 8920
f 8789 8767 8768
f 8789 8768 8790
f 8767 8741 8742
f 8767 8742 8768
f 8741 8702 8703
f 8741 8703 8742
f 8702 8858 8859
f 8702 8859 8703
f 8858 8922 8923
f 8858 8923 8859
f 8922 8887 8888
f 8922 8888 8923
f 8887 8728 8729
f 8887 8729 8888
f 8728 8480 8481
f 8728 8481 8729
f 8480 8398 8399
f 8480 8399 8481
f 8398 8339 8340
f 8398 8340 8399
f 8339 8269 8270
f 8339 8270 8340
f 8269 8376 8377
f 8269 8377 8270
f 8376 8459 8460
f 8376 8460 8377
f 8459 8357 8358
f 8459 8358 8460
f 8357 8120 8121
f 8357 8121 8358
f 8120 7890 7891
f 8120 7891 8121
f 7890 7819 7820
f 7890 7820 7891
f 7819 7746 7747
f 7819 7747 7820
f 7746 7661 7662
f 7746 7662 7747
f 7661 7701 7702
f 7661 7702 7662
f 7701 7712 7713
f 7701 7713 7702
f 7712 7616 7617
f 7712 7617 7713
f 7616 7476 7477
f 7616 7477 7617
f 7476 7324 7325
f 7476 7325 7477
f 7324 7256 7257
f 7324 7257 7325
f 7256 7182 7183
f 7256 7183 7257
f 7182 7105 7106
f 7182 7106 7183
f 7105 7110 7111
f 7105 7111 7106
f 7110 7090 7091
f 7110 7091 7111
f 7090 7016 7017
f 7090 7017 7091
f 7016 6898 6899
f 7016 6899 7017
f 6898 6786 6787
f 6898 6787 6899
f 6786 6714 6715
f 6786 6715 6787
f 6714 6640 6641
f 6714 6641 6715
f 6640 6570 6571
f 6640 6571 6641
f 6570 6545 6546
f 6570 6546 6571
f 6545 6512 6513
f 6545 6513 6546
f 6512 6444 6445
f 6512 6445 6513
f 6444 6336 6337
f 6444 6337 6445
f 6336 6236 6237
f 6336 6237 6337
f 6236 6167 6168
f 6236 6168 6237
f 6167 6100 6101
f 6167 6101 6168
f 6100 6029 6030
f 6100 6030 6101
f 6029 5989 5990
f 6029 5990 6030
f 5989 5942 5943
f 5989 5943 5990
f 5942 5870 5871
f 5942 5871 5943
f 5870 5774 5775
f 5870 5775 5871
f 5774 5704 5705
f 5774 5705 5775
f 5704 5634 5635
f 5704 5635 5705
f 5634 5568 5569
f 5634 5569 5635
f 5568 5495 5496
f 5568 5496 5569
f 5495 5435 5436
f 5495 5436 5496
f 5435 5384 5385
f 5435 5385 5436
f 5384 5312 5313
f 5384 5313 5385
f 5312 5228 5229
f 5312 5229 5313
f 5228 5162 5163
f 5228 5163 5229
f 5162 5092 5093
f 5162 5093 5163
f 5092 5022 5023
f 5092 5023 5093
f 5022 4955 4956
f 5022 4956 5023
f 4955 4893 4894
f 4955 4894 4956
f 4893 4840 4841
f 4893 4841 4894
f 4840 4766 4767
f 4840 4767 4841
f 4766 4693 4694
f 4766 4694 4767
f 4693 4626 4627
f 4693 4627 4694
f 4626 4572 4573
f 4626 4573 4627
f 4572 4478 4479
f 4572 4479 4573
f 4478 4410 4411
f 4478 4411 4479
f 4410 4339 4340
f 4410 4340 4411
f 4339 4258 4259
f 4339 4259 4340
f 4258 4188 4189
f 4258 4189 4259
f 4188 4133 4134
f 4188 4134 4189
f 4133 4080 4081
f 4133 4081 4134
f 4080 4010 4011
f 4080 4011 4081
f 4010 3938 3939
f 4010 3939 4011
f 3938 3876 3877
f 3938 3877 3939
f 3876 3800 3801
f 3876 3801 3877
f 3800 3712 3713
f 3800 3713 3801
f 3712 3645 3646
f 3712 3646 3713
f 3645 3591 3592
f 3645 3592 3646
f 3591 3534 3535
f 3591 3535 3592
f 3534 3466 3467
f 3534 3467 3535
f 3466 3396 3397
f 3466 3397 3467
f 3396 3332 3333
f 3396 3333 3397
f 3332 3248 3249
f 3332 3249 3333
f 3248 3154 3155
f 3248 3155 3249
f 3154 3085 3086
f 3154 3086 3155
f 3085 3031 3032
f 3085 3032 3086
f 3031 3000 3001
f 3031 3001 3032
f 3000 2933 2934
f 3000 2934 3001
f 2933 2868 2869
f 2933 2869 2934
f 2868 2795 2796
f 2868 2796 2869
f 2795 2696 2697
f 2795 2697 2796
f 2696 2584 2585
f 2696 2585 2697
f 2584 2506 2507
f 2584 2507 2585
f 2506 2477 2478
f 2506 2478 2507
f 2477 2462 2463
f 2477 2463 2478
f 2462 2390 2391
f 2462 2391 2463
f 2390 2314 2315
f 2390 2315 2391
f 2314 2248 2249
f 2314 2249 2315
f 2248 2126 2127
f 2248 2127 2249
f 2126 2008 2009
f 2126 2009 2127
f 2008 1932 1933
f 2008 1933 2009
f 1932 1901 1902
f 1932 1902 1933
f 1901 1918 1919
f 1901 1919 1902
f 1918 1844 1845
f 1918 1845 1919
f 1844 1776 1777
f 1844 1777 1845
f 1776 1708 1709
f 1776 1709 1777
f 1708 1544 1545
f 1708 1545 1709
f 1544 1384 1385
f 1544 1385 1545
f 1384 1291 1292
f 1384 1292 1385
f 1291 1310 1311
f 1291 1311 1292
f 1310 1354 1355
f 1310 1355 1311
f 1354 1281 1282
f 1354 1282 1355
f 1281 1210 1211
f 1281 1211 1282
f 1210 1136 1137
f 1210 1137 1211
f 1136 888 889
f 1136 889 1137
f 888 641 642
f 888 642 889
f 641 523 524
f 641 524 642
f 523 631 632
f 523 632 524
f 631 761 762
f 631 762 632
f 761 702 703
f 761 703 762
f 702 620 621
f 702 621 703
f 620 550 551
f 620 551 621
f 550 297 298
f 550 298 551
f 297 177 178
f 297 178 298
f 177 143 144
f 177 144 178
f 143 224 225
f 143 225 144
f 224 359 360
f 224 360 225
f 359 333 334
f 359 334 360
f 333 311 312
f 333 312 334
f 311 288 289
f 311 289 312
f 288 167 168
f 288 168 289
f 167 54 55
f 167 55 168
f 54 60 61
f 54 61 55
f 60 174 175
f 60 175 61
f 174 304 305
f 174 305 175
f 304 326 327
f 304 327 305
f 326 352 353
f 326 353 327
f 352 391 392
f 352 392 353
f 391 235 236
f 391 236 392
f 235 171 172
f 235 172 236
f 171 206 207
f 171 207 172
f 206 365 366
f 206 366 207
f 365 613 614
f 365 614 366
f 613 695 696
f 613 696 614
f 695 754 755
f 695 755 696
f 754 824 825
f 754 825 755
f 824 717 718
f 824 718 825
f 717 634 635
f 717 635 718
f 634 736 737
f 634 737 635
f 736 973 974
f 736 974 737
f 973 1203 1204
f 973 1204 974
f 1203 1274 1275
f 1203 1275 1204
f 1274 1347 1348
f 1274 1348 1275
f 1347 1432 1433
f 1347 1433 1348
f 1432 1392 1393
f 1432 1393 1433
f 1392 1381 1382
f 1392 1382 1393
f 1381 1477 1478
f 1381 1478 1382
f 1477 1617 1618
f 1477 1618 1478
f 1617 1769 1770
f 1617 1770 1618
f 1769 1837 1838
f 1769 1838 1770
f 1837 1911 1912
f 1837 1912 1838
f 1911 1988 1989
f 1911 1989 1912
f 1988 1983 1984
f 1988 1984 1989
f 1983 2003 2004
f 1983 2004 1984
f 2003 2077 2078
f 2003 2078 2004
f 2077 2195 2196
f 2077 2196 2078
f 2195 2307 2308
f 2195 2308 2196
f 2307 2379 2380
f 2307 2380 2308
f 2379 2453 2454
f 2379 2454 2380
f 2453 2523 2524
f 2453 2524 2454
f 2523 2548 2549
f 2523 2549 2524
f 2548 2581 2582
f 2548 2582 2549
f 2581 2649 2650
f 2581 2650 2582
f 2649 2757 2758
f 2649 2758 2650
f 2757 2857 2858
f 2757 2858 2758
f 2857 2926 2927
f 2857 2927 2858
f 2926 2993 2994
f 2926 2994 2927
f 2993 3064 3065
f 2993 3065 2994
f 3064 3104 3105
f 3064 3105 3065
f 3104 3151 3152
f 3104 3152 3105
f 3151 3223 3224
f 3151 3224 3152
f 3223 3319 3320
f 3223 3320 3224
f 3319 3389 3390
f 3319 3390 3320
f 3389 3459 3460
f 3389 3460 3390
f 3459 3525 3526
f 3459 3526 3460
f 3525 3598 3599
f 3525 3599 3526
f 3598 3658 3659
f 3598 3659 3599
f 3658 3709 3710
f 3658 3710 3659
f 3709 3781 3782
f 3709 3782 3710
f 3781 3865 3866
f 3781 3866 3782
f 3865 3931 3932
f 3865 3932 3866
f 3931 4001 4002
f 3931 4002 3932
f 4001 4071 4072
f 4001 4072 4002
f 4071 4138 4139
f 4071 4139 4072
f 4138 4200 4201
f 4138 4201 4139
f 4200 4253 4254
f 4200 4254 4201
f 4253 4327 4328
f 4253 4328 4254
f 4327 4400 4401
f 4327 4401 4328
f 4400 4467 4468
f 4400 4468 4401
f 4467 4521 4522
f 4467 4522 4468
f 4521 4615 4616
f 4521 4616 4522
f 4615 4683 4684
f 4615 4684 4616
f 4683 4754 4755
f 4683 4755 4684
f 4754 4835 4836
f 4754 4836 4755
f 4835 4905 4906
f 4835 4906 4836
f 4905 4960 4961
f 4905 4961 4906
f 4960 5013 5014
f 4960 5014 4961
f 5013 5083 5084
f 5013 5084 5014
f 5083 5155 5156
f 5083 5156 5084
f 5155 5217 5218
f 5155 5218 5156
f 5217 5293 5294
f 5217 5294 5218
f 5293 5381 5382
f 5293 5382 5294
f 5381 5448 5449
f 5381 5449 5382
f 5448 5502 5503
f 5448 5503 5449
f 5502 5559 5560
f 5502 5560 5503
f 5559 5627 5628
f 5559 5628 5560
f 5627 5697 5698
f 5627 5698 5628
f 5697 5761 5762
f 5697 5762 5698
f 5761 5845 5846
f 5761 5846 5762
f 5845 5939 5940
f 5845 5940 5846
f 5939 6008 6009
f 5939 6009 5940
f 6008 6062 6063
f 6008 6063 6009
f 6062 6093 6094
f 6062 6094 6063
f 6093 6160 6161
f 6093 6161 6094
f 6160 6225 6226
f 6160 6226 6161
f 6225 6298 6299
f 6225 6299 6226
f 6298 6397 6398
f 6298 6398 6299
f 6397 6509 6510
f 6397 6510 6398
f 6509 6587 6588
f 6509 6588 6510
f 6587 6616 6617
f 6587 6617 6588
f 6616 6631 6632
f 6616 6632 6617
f 6631 6703 6704
f 6631 6704 6632
f 6703 6779 6780
f 6703 6780 6704
f 6779 6845 6846
f 6779 6846 6780
f 6845 6967 6968
f 6845 6968 6846
f 6967 7085 7086
f 6967 7086 6968
f 7085 7161 7162
f 7085 7162 7086
f 7161 7192 7193
f 7161 7193 7162
f 7192 7175 7176
f 7192 7176 7193
f 7175 7249 7250
f 7175 7250 7176
f 7249 7317 7318
f 7249 7318 7250
f 7317 7385 7386
f 7317 7386 7318
f 7385 7549 7550
f 7385 7550 7386
f 7549 7709 7710
f 7549 7710 7550
f 7709 7802 7803
f 7709 7803 7710
f 7802 7783 7784
f 7802 7784 7803
f 7783 7739 7740
f 7783 7740 7784
f 7739 7812 7813
f 7739 7813 7740
f 7812 7883 7884
f 7812 7884 7813
f 7883 7957 7958
f 7883 7958 7884
f 7957 8205 8206
f 7957 8206 7958
f 8205 8452 8453
f 8205 8453 8206
f 8452 8570 8571
f 8452 8571 8453
f 8570 8462 8463
f 8570 8463 8571
f 8462 8332 8333
f 8462 8333 8463
f 8332 8391 8392
f 8332 8392 8333
f 8391 8473 8474
f 8391 8474 8392
f 8473 8543 8544
f 8473 8544 8474
f 8543 8796 8797
f 8543 8797 8544
f 8796 8916 8917
f 8796 8917 8797
f 8916 8950 8951
f 8916 8951 8917
f 8950 8869 8870
f 8950 8870 8951
f 8869 8734 8735
f 8869 8735 8870
f 8734 8760 8761
f 8734 8761 8735
f 8760 8782 8783
f 8760 8783 8761
f 8782 8805 8806
f 8782 8806 8783
f 8805 8926 8927
f 8805 8927 8806
f 8926 9039 9040
f 8926 9040 8927
f 9040 9034 9035
f 9040 9035 9041
f 9034 8920 8921
f 9034 8921 9035
f 8920 8790 8791
f 8920 8791 8921
f 8790 8768 8769
f 8790 8769 8791
f 8768 8742 8743
f 8768 8743 8769
f 8742 8703 8704
f 8742 8704 8743
f 8703 8859 8860
f 8703 8860 8704
f 8859 8923 8924
f 8859 8924 8860
f 8923 8888 8889
f 8923 8889 8924
f 8888 8729 8730
f 8888 8730 8889
f 8729 8481 8482
f 8729 8482 8730
f 8481 8399 8400
f 8481 8400 8482
f 8399 8340 8341
f 8399 8341 8400
f 8340 8270 8271
f 8340 8271 8341
f 8270 8377 8378
f 8270 8378 8271
f 8377 8460 8461
f 8377 8461 8378
f 8460 8358 8359
f 8460 8359 8461
f 8358 8121 8122
f 8358 8122 8359
f 8121 7891 7892
f 8121 7892 8122
f 7891 7820 7821
f 7891 7821 7892
f 7820 7747 7748
f 7820 7748 7821
f 7747 7662 7663
f 7747 7663 7748
f 7662 7702 7703
f 7662 7703 7663
f 7702 7713 7714
f 7702 7714 7703
f 7713 7617 7618
f 7713 7618 7714
f 7617 7477 7478
f 7617 7478 7618
f 7477 7325 7326
f 7477 7326 7478
f 7325 7257 7258
f 7325 7258 7326
f 7257 7183 7184
f 7257 7184 7258
f 7183 7106 7107
f 7183 7107 7184
f 7106 7111 7112
f 7106 7112 7107
f 7111 7091 7092
f 7111 7092 7112
f 7091 7017 7018
f 7091 7018 7092
f 7017 6899 6900
f 7017 6900 7018
f 6899 6787 6788
f 6899 6788 6900
f 6787 6715 6716
f 6787 6716 6788
f 6715 6641 6642
f 6715 6642 6716
f 6641 6571 6572
f 6641 6572 6642
f 6571 6546 6547
f 6571 6547 6572
f 6546 6513 6514
f 6546 6514 6547
f 6513 6445 6446
f 6513 6446 6514
f 6445 6337 6338
f 6445 6338 6446
f 6337 6237 6238
f 6337 6238 6338
f 6237 6168 6169
f 6237 6169 6238
f 6168 6101 6102
f 6168 6102 6169
f 6101 6030 6031
f 6101 6031 6102
f 6030 5990 5991
f 6030 5991 6031
f 5990 5943 5944
f 5990 5944 5991
f 5943 5871 5872
f 5943 5872 5944
f 5871 5775 5776
f 5871 5776 5872
f 5775 5705 5706
f 5775 5706 5776
f 5705 5635 5636
f 5705 5636 5706
f 5635 5569 5570
f 5635 5570 5636
f 5569 5496 5497
f 5569 5497 5570
f 5496 5436 5437
f 5496 5437 5497
f 5436 5385 5386
f 5436 5386 5437
f 5385 5313 5314
f 5385 5314 5386
f 5313 5229 5230
f 5313 5230 5314
f 5229 5163 5164
f 5229 5164 5230
f 5163 5093 5094
f 5163 5094 5164
f 5093 5023 5024
f 5093 5024 5094
f 5023 4956 4957
f 5023 4957 5024
f 4956 4894 4895
f 4956 4895 4957
f 4894 4841 4842
f 4894 4842 4895
f 4841 4767 4768
f 4841 4768 4842
f 4767 4694 4695
f 4767 4695 4768
f 4694 4627 4628
f 4694 4628 4695
f 4627 4573 4574
f 4627 4574 4628
f 4573 4479 4480
f 4573 4480 4574
f 4479 4411 4412
f 4479 4412 4480
f 4411 4340 4341
f 4411 4341 4412
f 4340 4259 4260
f 4340 4260 4341
f 4259 4189 4190
f 4259 4190 4260
f 4189 4134 4135
f 4189 4135 4190
f 4134 4081 4082
f 4134 4082 4135
f 4081 4011 4012
f 4081 4012 4082
f 4011 3939 3940
f 4011 3940 4012
f 3939 3877 3878
f 3939 3878 3940
f 3877 3801 3802
f 3877 3802 3878
f 3801 3713 3714
f 3801 3714 3802
f 3713 3646 3647
f 3713 3647 3714
f 3646 3592 3593
f 3646 3593 3647
f 3592 3535 3536
f 3592 3536 3593
f 3535 3467 3468
f 3535 3468 3536
f 3467 3397 3398
f 3467 3398 3468
f 3397 3333 3334
f 3397 3334 3398
f 3333 3249 3250
f 3333 3250 3334
f 3249 3155 3156
f 3249 3156 3250
f 3155 3086 3087
f 3155 3087 3156
f 3086 3032 3033
f 3086 3033 3087
f 3032 3001 3002
f 3032 3002 3033
f 3001 2934 2935
f 3001 2935 3002
f 2934 2869 2870
f 2934 2870 2935
f 2869 2796 2797
f 2869 2797 2870
f 2796 2697 2698
f 2796 2698 2797
f 2697 2585 2586
f 2697 2586 2698
f 2585 2507 2508
f 2585 2508 2586
f 2507 2478 2479
f 2507 2479 2508
f 2478 2463 2464
f 2478 2464 2479
f 2463 2391 2392
f 2463 2392 2464
f 2391 2315 2316
f 2391 2316 2392
f 2315 2249 2250
f 2315 2250 2316
f 2249 2127 2128
f 2249 2128 2250
f 2127 2009 2010
f 2127 2010 2128
f 2009 1933 1934
f 2009 1934 2010
f 1933 1902 1903
f 1933 1903 1934
f 1902 1919 1920
f 1902 1920 1903
f 1919 1845 1846
f 1919 1846 1920
f 1845 1777 1778
f 1845 1778 1846
f 1777 1709 1710
f 1777 1710 1778
f 1709 1545 1546
f 1709 1546 1710
f 1545 1385 1386
f 1545 1386 1546
f 1385 1292 1293
f 1385 1293 1386
f 1292 1311 1312
f 1292 1312 1293
f 1311 1355 1356
f 1311 1356 1312
f 1355 1282 1283
f 1355 1283 1356
f 1282 1211 1212
f 1282 1212 1283
f 1211 1137 1138
f 1211 1138 1212
f 1137 889 890
f 1137 890 1138
f 889 642 643
f 889 643 890
f 642 524 525
f 642 525 643
f 524 632 633
f 524 633 525
f 632 762 763
f 632 763 633
f 762 703 704
f 762 704 763
f 703 621 622
f 703 622 704
f 621 551 552
f 621 552 622
f 551 298 299
f 551 299 552
f 298 178 179
f 298 179 299
f 178 144 145
f 178 145 179
f 144 225 226
f 144 226 145
f 225 360 361
f 225 361 226
f 360 334 335
f 360 335 361
f 334 312 313
f 334 313 335
f 312 289 290
f 312 290 313
f 289 168 169
f 289 169 290
f 168 55 56
f 168 56 169
f 55 61 62
f 55 62 56
f 61 175 176
f 61 176 62
f 175 305 306
f 175 306 176
f 305 327 328
f 305 328 306
f 327 353 354
f 327 354 328
f 353 392 393
f 353 393 354
f 392 236 237
f 392 237 393
f 236 172 173
f 236 173 237
f 172 207 208
f 172 208 173
f 207 366 367
f 207 367 208
f 366 614 615
f 366 615 367
f 614 696 697
f 614 697 615
f 696 755 756
f 696 756 697
f 755 825 826
f 755 826 756
f 825 718 719
f 825 719 826
f 718 635 636
f 718 636 719
f 635 737 738
f 635 738 636
f 737 974 975
f 737 975 738
f 974 1204 1205
f 974 1205 975
f 1204 1275 1276
f 1204 1276 1205
f 1275 1348 1349
f 1275 1349 1276
f 1348 1433 1434
f 1348 1434 1349
f 1433 1393 1394
f 1433 1394 1434
f 1393 1382 1383
f 1393 1383 1394
f 1382 1478 1479
f 1382 1479 1383
f 1478 1618 1619
f 1478 1619 1479
f 1618 1770 1771
f 1618 1771 1619
f 1770 1838 1839
f 1770 1839 1771
f 1838 1912 1913
f 1838 1913 1839
f 1912 1989 1990
f 1912 1990 1913
f 1989 1984 1985
f 1989 1985 1990
f 1984 2004 2005
f 1984 2005 1985
f 2004 2078 2079
f 2004 2079 2005
f 2078 2196 2197
f 2078 2197 2079
f 2196 2308 2309
f 2196 2309 2197
f 2308 2380 2381
f 2308 2381 2309
f 2380 2454 2455
f 2380 2455 2381
f 2454 2524 2525
f 2454 2525 2455
f 2524 2549 2550
f 2524 2550 2525
f 2549 2582 2583
f 2549 2583 2550
f 2582 2650 2651
f 2582 2651 2583
f 2650 2758 2759
f 2650 2759 2651
f 2758 2858 2859
f 2758 2859 2759
f 2858 2927 2928
f 2858 2928 2859
f 2927 2994 2995
f 2927 2995 2928
f 2994 3065 3066
f 2994 3066 2995
f 3065 3105 3106
f 3065 3106 3066
f 3105 3152 3153
f 3105 3153 3106
f 3152 3224 3225
f 3152 3225 3153
f 3224 3320 3321
f 3224 3321 3225
f 3320 3390 3391
f 3320 3391 3321
f 3390 3460 3461
f 3390 3461 3391
f 3460 3526 3527
f 3460 3527 3461
f 3526 3599 3600
f 3526 3600 3527
f 3599 3659 3660
f 3599 3660 3600
f 3659 3710 3711
f 3659 3711 3660
f 3710 3782 3783
f 3710 3783 3711
f 3782 3866 3867
f 3782 3867 3783
f 3866 3932 3933
f 3866 3933 3867
f 3932 4002 4003
f 3932 4003 3933
f 4002 4072 4073
f 4002 4073 4003
f 4072 4139 4140
f 4072 4140 4073
f 4139 4201 4202
f 4139 4202 4140
f 4201 4254 4255
f 4201 4255 4202
f 4254 4328 4329
f 4254 4329 4255
f 4328 4401 4402
f 4328 4402 4329
f 4401 4468 4469
f 4401 4469 4402
f 4468 4522 4523
f 4468 4523 4469
f 4522 4616 4617
f 4522 4617 4523
f 4616 4684 4685
f 4616 4685 4617
f 4684 4755 4756
f 4684 4756 4685
f 4755 4836 4837
f 4755 4837 4756
f 4836 4906 4907
f 4836 4907 4837
f 4906 4961 4962
f 4906 4962 4907
f 4961 5014 5015
f 4961 5015 4962
f 5014 5084 5085
f 5014 5085 5015
f 5084 5156 5157
f 5084 5157 5085
f 5156 5218 5219
f 5156 5219 5157
f 5218 5294 5295
f 5218 5295 5219
f 5294 5382 5383
f 5294 5383 5295
f 5382 5449 5450
f 5382 5450 5383
f 5449 5503 5504
f 5449 5504 5450
f 5503 5560 5561
f 5503 5561 5504
f 5560 5628 5629
f 5560 5629 5561
f 5628 5698 5699
f 5628 5699 5629
f 5698 5762 5763
f 5698 5763 5699
f 5762 5846 5847
f 5762 5847 5763
f 5846 5940 5941
f 5846 5941 5847
f 5940 6009 6010
f 5940 6010 5941
f 6009 6063 6064
f 6009 6064 6010
f 6063 6094 6095
f 6063 6095 6064
f 6094 6161 6162
f 6094 6162 6095
f 6161 6226 6227
f 6161 6227 6162
f 6226 6299 6300
f 6226 6300 6227
f 6299 6398 6399
f 6299 6399 6300
f 6398 6510 6511
f 6398 6511 6399
f 6510 6588 6589
f 6510 6589 6511
f 6588 6617 6618
f 6588 6618 6589
f 6617 6632 6633
f 6617 6633 6618
f 6632 6704 6705
f 6632 6705 6633
f 6704 6780 6781
f 6704 6781 6705
f 6780 6846 6847
f 6780 6847 6781
f 6846 6968 6969
f 6846 6969 6847
f 6968 7086 7087
f 6968 7087 6969
f 7086 7162 7163
f 7086 7163 7087
f 7162 7193 7194
f 7162 7194 7163
f 7193 7176 7177
f 7193 7177 7194
f 7176 7250 7251
f 7176 7251 7177
f 7250 7318 7319
f 7250 7319 7251
f 7318 7386 7387
f 7318 7387 7319
f 7386 7550 7551
f 7386 7551 7387
f 7550 7710 7711
f 7550 7711 7551
f 7710 7803 7804
f 7710 7804 7711
f 7803 7784 7785
f 7803 7785 7804
f 7784 7740 7741
f 7784 7741 7785
f 7740 7813 7814
f 7740 7814 7741
f 7813 7884 7885
f 7813 7885 7814
f 7884 7958 7959
f 7884 7959 7885
f 7958 8206 8207
f 7958 8207 7959
f 8206 8453 8454
f 8206 8454 8207
f 8453 8571 8572
f 8453 8572 8454
f 8571 8463 8464
f 8571 8464 8572
f 8463 8333 8334
f 8463 8334 8464
f 8333 8392 8393
f 8333 8393 8334
f 8392 8474 8475
f 8392 8475 8393
f 8474 8544 8545
f 8474 8545 8475
f 8544 8797 8798
f 8544 8798 8545
f 8797 8917 8918
f 8797 8918 8798
f 8917 8951 8952
f 8917 8952 8918
f 8951 8870 8871
f 8951 8871 8952
f 8870 8735 8736
f 8870 8736 8871
f 8735 8761 8762
f 8735 8762 8736
f 8761 8783 8784
f 8761 8784 8762
f 8783 8806 8807
f 8783 8807 8784
f 8806 8927 8928
f 8806 8928 8807
f 8927 9040 9041
f 8927 9041 8928
f 9041 9035 8827
f 9041 8827 8831
f 9035 8921 8815
f 9035 8815 8827
f 8921 8791 8792
f 8921 8792 8815
f 8791 8769 8770
f 8791 8770 8792
f 8769 8743 8744
f 8769 8744 8770
f 8743 8704 8705
f 8743 8705 8744
f 8704 8860 8671
f 8704 8671 8705
f 8860 8924 8644
f 8860 8644 8671
f 8924 8889 8601
f 8924 8601 8644
f 8889 8730 8554
f 8889 8554 8601
f 8730 8482 8483
f 8730 8483 8554
f 8482 8400 8401
f 8482 8401 8483
f 8400 8341 8342
f 8400 8342 8401
f 8341 8271 8272
f 8341 8272 8342
f 8271 8378 8198
f 8271 8198 8272
f 8378 8461 8116
f 8378 8116 8198
f 8461 8359 8039
f 8461 8039 8116
f 8359 8122 7968
f 8359 7968 8039
f 8122 7892 7893
f 8122 7893 7968
f 7892 7821 7822
f 7892 7822 7893
f 7821 7748 7749
f 7821 7749 7822
f 7748 7663 7664
f 7748 7664 7749
f 7663 7703 7592
f 7663 7592 7664
f 7703 7714 7529
f 7703 7529 7592
f 7714 7618 7463
f 7714 7463 7529
f 7618 7478 7392
f 7618 7392 7463
f 7478 7326 7327
f 7478 7327 7392
f 7326 7258 7259
f 7326 7259 7327
f 7258 7184 7185
f 7258 7185 7259
f 7184 7107 7108
f 7184 7108 7185
f 7107 7112 7042
f 7107 7042 7108
f 7112 7092 6984
f 7112 6984 7042
f 7092 7018 6913
f 7092 6913 6984
f 7018 6900 6852
f 7018 6852 6913
f 6900 6788 6789
f 6900 6789 6852
f 6788 6716 6717
f 6788 6717 6789
f 6716 6642 6643
f 6716 6643 6717
f 6642 6572 6573
f 6642 6573 6643
f 6572 6547 6497
f 6572 6497 6573
f 6547 6514 6432
f 6547 6432 6497
f 6514 6446 6365
f 6514 6365 6432
f 6446 6338 6305
f 6446 6305 6365
f 6338 6238 6239
f 6338 6239 6305
f 6238 6169 6170
f 6238 6170 6239
f 6169 6102 6103
f 6169 6103 6170
f 6102 6031 6032
f 6102 6032 6103
f 6031 5991 5971
f 6031 5971 6032
f 5991 5944 5901
f 5991 5901 5971
f 5944 5872 5835
f 5944 5835 5901
f 5872 5776 5768
f 5872 5768 5835
f 5776 5706 5707
f 5776 5707 5768
f 5706 5636 5637
f 5706 5637 5707
f 5636 5570 5571
f 5636 5571 5637
f 5570 5497 5498
f 5570 5498 5571
f 5497 5437 5427
f 5497 5427 5498
f 5437 5386 5357
f 5437 5357 5427
f 5386 5314 5287
f 5386 5287 5357
f 5314 5230 5226
f 5314 5226 5287
f 5230 5164 5165
f 5230 5165 5226
f 5164 5094 5095
f 5164 5095 5165
f 5094 5024 5025
f 5094 5025 5095
f 5024 4957 4958
f 5024 4958 5025
f 4957 4895 4891
f 4957 4891 4958
f 4895 4842 4821
f 4895 4821 4891
f 4842 4768 4751
f 4842 4751 4821
f 4768 4695 4690
f 4768 4690 4751
f 4695 4628 4629
f 4695 4629 4690
f 4628 4574 4575
f 4628 4575 4629
f 4574 4480 4481
f 4574 4481 4575
f 4480 4412 4413
f 4480 4413 4481
f 4412 4341 4353
f 4412 4353 4413
f 4341 4260 4281
f 4341 4281 4353
f 4260 4190 4211
f 4260 4211 4281
f 4190 4135 4145
f 4190 4145 4211
f 4135 4082 4083
f 4135 4083 4145
f 4082 4012 4013
f 4082 4013 4083
f 4012 3940 3941
f 4012 3941 4013
f 3940 3878 3879
f 3940 3879 3941
f 3878 3802 3815
f 3878 3815 3879
f 3802 3714 3743
f 3802 3743 3815
f 3714 3647 3673
f 3714 3673 3743
f 3647 3593 3605
f 3647 3605 3673
f 3593 3536 3537
f 3593 3537 3605
f 3536 3468 3469
f 3536 3469 3537
f 3468 3398 3399
f 3468 3399 3469
f 3398 3334 3335
f 3398 3335 3399
f 3334 3250 3265
f 3334 3265 3335
f 3250 3156 3199
f 3250 3199 3265
f 3156 3087 3129
f 3156 3129 3199
f 3087 3033 3071
f 3087 3071 3129
f 3033 3002 3003
f 3033 3003 3071
f 3002 2935 2936
f 3002 2936 3003
f 2935 2870 2871
f 2935 2871 2936
f 2870 2797 2798
f 2870 2798 2871
f 2797 2698 2735
f 2797 2735 2798
f 2698 2586 2670
f 2698 2670 2735
f 2586 2508 2607
f 2586 2607 2670
f 2508 2479 2530
f 2508 2530 2607
f 2479 2464 2465
f 2479 2465 2530
f 2464 2392 2393
f 2464 2393 2465
f 2392 2316 2317
f 2392 2317 2393
f 2316 2250 2251
f 2316 2251 2317
f 2250 2128 2187
f 2250 2187 2251
f 2128 2010 2116
f 2128 2116 2187
f 2010 1934 2058
f 2010 2058 2116
f 1934 1903 1995
f 1934 1995 2058
f 1903 1920 1921
f 1903 1921 1995
f 1920 1846 1847
f 1920 1847 1921
f 1846 1778 1779
f 1846 1779 1847
f 1778 1710 1711
f 1778 1711 1779
f 1710 1546 1641
f 1710 1641 1711
f 1546 1386 1571
f 1546 1571 1641
f 1386 1293 1510
f 1386 1510 1571
f 1293 1312 1441
f 1293 1441 1510
f 1312 1356 1357
f 1312 1357 1441
f 1356 1283 1284
f 1356 1284 1357
f 1283 1212 1213
f 1283 1213 1284
f 1212 1138 1139
f 1212 1139 1213
f 1138 890 1065
f 1138 1065 1139
f 890 643 990
f 890 990 1065
f 643 525 906
f 643 906 990
f 525 633 833
f 525 833 906
f 633 763 764
f 633 764 833
f 763 704 705
f 763 705 764
f 704 622 623
f 704 623 705
f 622 552 553
f 622 553 623
f 552 299 499
f 552 499 553
f 299 179 458
f 299 458 499
f 179 145 429
f 179 429 458
f 145 226 401
f 145 401 429
f 226 361 362
f 226 362 401
f 361 335 336
f 361 336 362
f 335 313 314
f 335 314 336
f 313 290 291
f 313 291 314
f 290 169 273
f 290 273 291
f 169 56 265
f 169 265 273
f 56 62 269
f 56 269 265
f 62 176 281
f 62 281 269
f 176 306 307
f 176 307 281
f 306 328 329
f 306 329 307
f 328 354 355
f 328 355 329
f 354 393 394
f 354 394 355
f 393 237 425
f 393 425 394
f 237 173 452
f 237 452 425
f 173 208 495
f 173 495 452
f 208 367 542
f 208 542 495
f 367 615 616
f 367 616 542
f 615 697 698
f 615 698 616
f 697 756 757
f 697 757 698
f 756 826 827
f 756 827 757
f 826 719 898
f 826 898 827
f 719 636 980
f 719 980 898
f 636 738 1057
f 636 1057 980
f 738 975 1128
f 738 1128 1057
f 975 1205 1206
f 975 1206 1128
f 1205 1276 1277
f 1205 1277 1206
f 1276 1349 1350
f 1276 1350 1277
f 1349 1434 1435
f 1349 1435 1350
f 1434 1394 1504
f 1434 1504 1435
f 1394 1383 1567
f 1394 1567 1504
f 1383 1479 1633
f 1383 1633 1567
f 1479 1619 1704
f 1479 1704 1633
f 1619 1771 1772
f 1619 1772 1704
f 1771 1839 1840
f 1771 1840 1772
f 1839 1913 1914
f 1839 1914 1840
f 1913 1990 1991
f 1913 1991 1914
f 1990 1985 2054
f 1990 2054 1991
f 1985 2005 2112
f 1985 2112 2054
f 2005 2079 2183
f 2005 2183 2112
f 2079 2197 2244
f 2079 2244 2183
f 2197 2309 2310
f 2197 2310 2244
f 2309 2381 2382
f 2309 2382 2310
f 2381 2455 2456
f 2381 2456 2382
f 2455 2525 2526
f 2455 2526 2456
f 2525 2550 2599
f 2525 2599 2526
f 2550 2583 2664
f 2550 2664 2599
f 2583 2651 2731
f 2583 2731 2664
f 2651 2759 2791
f 2651 2791 2731
f 2759 2859 2860
f 2759 2860 2791
f 2859 2928 2929
f 2859 2929 2860
f 2928 2995 2996
f 2928 2996 2929
f 2995 3066 3067
f 2995 3067 2996
f 3066 3106 3125
f 3066 3125 3067
f 3106 3153 3195
f 3106 3195 3125
f 3153 3225 3261
f 3153 3261 3195
f 3225 3321 3328
f 3225 3328 3261
f 3321 3391 3392
f 3321 3392 3328
f 3391 3461 3462
f 3391 3462 3392
f 3461 3527 3528
f 3461 3528 3462
f 3527 3600 3601
f 3527 3601 3528
f 3600 3660 3669
f 3600 3669 3601
f 3660 3711 3739
f 3660 3739 3669
f 3711 3783 3809
f 3711 3809 3739
f 3783 3867 3870
f 3783 3870 3809
f 3867 3933 3934
f 3867 3934 3870
f 3933 4003 4004
f 3933 4004 3934
f 4003 4073 4074
f 4003 4074 4004
f 4073 4140 4141
f 4073 4141 4074
f 4140 4202 4205
f 4140 4205 4141
f 4202 4255 4275
f 4202 4275 4205
f 4255 4329 4345
f 4255 4345 4275
f 4329 4402 4406
f 4329 4406 4345
f 4402 4469 4470
f 4402 4470 4406
f 4469 4523 4524
f 4469 4524 4470
f 4523 4617 4618
f 4523 4618 4524
f 4617 4685 4686
f 4617 4686 4618
f 4685 4756 4743
f 4685 4743 4686
f 4756 4837 4815
f 4756 4815 4743
f 4837 4907 4885
f 4837 4885 4815
f 4907 4962 4951
f 4907 4951 4885
f 4962 5015 5016
f 4962 5016 4951
f 5015 5085 5086
f 5015 5086 5016
f 5085 5157 5158
f 5085 5158 5086
f 5157 5219 5220
f 5157 5220 5158
f 5219 5295 5281
f 5219 5281 5220
f 5295 5383 5353
f 5295 5353 5281
f 5383 5450 5423
f 5383 5423 5353
f 5450 5504 5491
f 5450 5491 5423
f 5504 5561 5562
f 5504 5562 5491
f 5561 5629 5630
f 5561 5630 5562
f 5629 5699 5700
f 5629 5700 5630
f 5699 5763 5764
f 5699 5764 5700
f 5763 5847 5831
f 5763 5831 5764
f 5847 5941 5897
f 5847 5897 5831
f 5941 6010 5967
f 5941 5967 5897
f 6010 6064 6025
f 6010 6025 5967
f 6064 6095 6096
f 6064 6096 6025
f 6095 6162 6163
f 6095 6163 6096
f 6162 6227 6228
f 6162 6228 6163
f 6227 6300 6301
f 6227 6301 6228
f 6300 6399 6361
f 6300 6361 6301
f 6399 6511 6426
f 6399 6426 6361
f 6511 6589 6489
f 6511 6489 6426
f 6589 6618 6566
f 6589 6566 6489
f 6618 6633 6634
f 6618 6634 6566
f 6633 6705 6706
f 6633 6706 6634
f 6705 6781 6782
f 6705 6782 6706
f 6781 6847 6848
f 6781 6848 6782
f 6847 6969 6909
f 6847 6909 6848
f 6969 7087 6980
f 6969 6980 6909
f 7087 7163 7038
f 7087 7038 6980
f 7163 7194 7101
f 7163 7101 7038
f 7194 7177 7178
f 7194 7178 7101
f 7177 7251 7252
f 7177 7252 7178
f 7251 7319 7320
f 7251 7320 7252
f 7319 7387 7388
f 7319 7388 7320
f 7387 7551 7455
f 7387 7455 7388
f 7551 7711 7525
f 7551 7525 7455
f 7711 7804 7586
f 7711 7586 7525
f 7804 7785 7655
f 7804 7655 7586
f 7785 7741 7742
f 7785 7742 7655
f 7741 7814 7815
f 7741 7815 7742
f 7814 7885 7886
f 7814 7886 7815
f 7885 7959 7960
f 7885 7960 7886
f 7959 8207 8031
f 7959 8031 7960
f 8207 8454 8106
f 8207 8106 8031
f 8454 8572 8190
f 8454 8190 8106
f 8572 8464 8263
f 8572 8263 8190
f 8464 8334 8335
f 8464 8335 8263
f 8334 8393 8394
f 8334 8394 8335
f 8393 8475 8476
f 8393 8476 8394
f 8475 8545 8546
f 8475 8546 8476
f 8545 8798 8597
f 8545 8597 8546
f 8798 8918 8638
f 8798 8638 8597
f 8918 8952 8667
f 8918 8667 8638
f 8952 8871 8695
f 8952 8695 8667
f 8871 8736 8737
f 8871 8737 8695
f 8736 8762 8763
f 8736 8763 8737
f 8762 8784 8785
f 8762 8785 8763
f 8784 8807 8808
f 8784 8808 8785
f 8807 8928 8823
f 8807 8823 8808
f 8928 9041 8831
f 8928 8831 8823
f 8831 8827 8828
f 8831 8828 8832
f 8827 8815 8816
f 8827 8816 8828
f 8815 8792 8793
f 8815 8793 8816
f 8792 8770 8771
f 8792 8771 8793
f 8770 8744 8745
f 8770 8745 8771
f 8744 8705 8706
f 8744 8706 8745
f 8705 8671 8672
f 8705 8672 8706
f 8671 8644 8645
f 8671 8645 8672
f 8644 8601 8602
f 8644 8602 8645
f 8601 8554 8555
f 8601 8555 8602
f 8554 8483 8484
f 8554 8484 8555
f 8483 8401 8402
f 8483 8402 8484
f 8401 8342 8343
f 8401 8343 8402
f 8342 8272 8273
f 8342 8273 8343
f 8272 8198 8199
f 8272 8199 8273
f 8198 8116 8117
f 8198 8117 8199
f 8116 8039 8040
f 8116 8040 8117
f 8039 7968 7969
f 8039 7969 8040
f 7968 7893 7894
f 7968 7894 7969
f 7893 7822 7823
f 7893 7823 7894
f 7822 7749 7750
f 7822 7750 7823
f 7749 7664 7665
f 7749 7665 7750
f 7664 7592 7593
f 7664 7593 7665
f 7592 7529 7530
f 7592 7530 7593
f 7529 7463 7464
f 7529 7464 7530
f 7463 7392 7393
f 7463 7393 7464
f 7392 7327 7328
f 7392 7328 7393
f 7327 7259 7260
f 7327 7260 7328
f 7259 7185 7186
f 7259 7186 7260
f 7185 7108 7109
f 7185 7109 7186
f 7108 7042 7043
f 7108 7043 7109
f 7042 6984 6985
f 7042 6985 7043
f 6984 6913 6914
f 6984 6914 6985
f 6913 6852 6853
f 6913 6853 6914
f 6852 6789 6790
f 6852 6790 6853
f 6789 6717 6718
f 6789 6718 6790
f 6717 6643 6644
f 6717 6644 6718
f 6643 6573 6574
f 6643 6574 6644
f 6573 6497 6498
f 6573 6498 6574
f 6497 6432 6433
f 6497 6433 6498
f 6432 6365 6366
f 6432 6366 6433
f 6365 6305 6306
f 6365 6306 6366
f 6305 6239 6240
f 6305 6240 6306
f 6239 6170 6171
f 6239 6171 6240
f 6170 6103 6104
f 6170 6104 6171
f 6103 6032 6033
f 6103 6033 6104
f 6032 5971 5972
f 6032 5972 6033
f 5971 5901 5902
f 5971 5902 5972
f 5901 5835 5836
f 5901 5836 5902
f 5835 5768 5769
f 5835 5769 5836
f 5768 5707 5708
f 5768 5708 5769
f 5707 5637 5638
f 5707 5638 5708
f 5637 5571 5572
f 5637 5572 5638
f 5571 5498 5499
f 5571 5499 5572
f 5498 5427 5428
f 5498 5428 5499
f 5427 5357 5358
f 5427 5358 5428
f 5357 5287 5288
f 5357 5288 5358
f 5287 5226 5227
f 5287 5227 5288
f 5226 5165 5166
f 5226 5166 5227
f 5165 5095 5096
f 5165 5096 5166
f 5095 5025 5026
f 5095 5026 5096
f 5025 4958 4959
f 5025 4959 5026
f 4958 4891 4892
f 4958 4892 4959
f 4891 4821 4822
f 4891 4822 4892
f 4821 4751 4752
f 4821 4752 4822
f 4751 4690 4691
f 4751 4691 4752
f 4690 4629 4630
f 4690 4630 4691
f 4629 4575 4576
f 4629 4576 4630
f 4575 4481 4482
f 4575 4482 4576
f 4481 4413 4414
f 4481 4414 4482
f 4413 4353 4354
f 4413 4354 4414
f 4353 4281 4282
f 4353 4282 4354
f 4281 4211 4212
f 4281 4212 4282
f 4211 4145 4146
f 4211 4146 4212
f 4145 4083 4084
f 4145 4084 4146
f 4083 4013 4014
f 4083 4014 4084
f 4013 3941 3942
f 4013 3942 4014
f 3941 3879 3880
f 3941 3880 3942
f 3879 3815 3816
f 3879 3816 3880
f 3815 3743 3744
f 3815 3744 3816
f 3743 3673 3674
f 3743 3674 3744
f 3673 3605 3606
f 3673 3606 3674
f 3605 3537 3538
f 3605 3538 3606
f 3537 3469 3470
f 3537 3470 3538
f 3469 3399 3400
f 3469 3400 3470
f 3399 3335 3336
f 3399 3336 3400
f 3335 3265 3266
f 3335 3266 3336
f 3265 3199 3200
f 3265 3200 3266
f 3199 3129 3130
f 3199 3130 3200
f 3129 3071 3072
f 3129 3072 3130
f 3071 3003 3004
f 3071 3004 3072
f 3003 2936 2937
f 3003 2937 3004
f 2936 2871 2872
f 2936 2872 2937
f 2871 2798 2799
f 2871 2799 2872
f 2798 2735 2736
f 2798 2736 2799
f 2735 2670 2671
f 2735 2671 2736
f 2670 2607 2608
f 2670 2608 2671
f 2607 2530 2531
f 2607 2531 2608
f 2530 2465 2466
f 2530 2466 2531
f 2465 2393 2394
f 2465 2394 2466
f 2393 2317 2318
f 2393 2318 2394
f 2317 2251 2252
f 2317 2252 2318
f 2251 2187 2188
f 2251 2188 2252
f 2187 2116 2117
f 2187 2117 2188
f 2116 2058 2059
f 2116 2059 2117
f 2058 1995 1996
f 2058 1996 2059
f 1995 1921 1922
f 1995 1922 1996
f 1921 1847 1848
f 1921 1848 1922
f 1847 1779 1780
f 1847 1780 1848
f 1779 1711 1712
f 1779 1712 1780
f 1711 1641 1642
f 1711 1642 1712
f 1641 1571 1572
f 1641 1572 1642
f 1571 1510 1511
f 1571 1511 1572
f 1510 1441 1442
f 1510 1442 1511
f 1441 1357 1358
f 1441 1358 1442
f 1357 1284 1285
f 1357 1285 1358
f 1284 1213 1214
f 1284 1214 1285
f 1213 1139 1140
f 1213 1140 1214
f 1139 1065 1066
f 1139 1066 1140
f 1065 990 991
f 1065 991 1066
f 990 906 907
f 990 907 991
f 906 833 834
f 906 834 907
f 833 764 765
f 833 765 834
f 764 705 706
f 764 706 765
f 705 623 624
f 705 624 706
f 623 553 554
f 623 554 624
f 553 499 500
f 553 500 554
f 499 458 459
f 499 459 500
f 458 429 430
f 458 430 459
f 429 401 402
f 429 402 430
f 401 362 363
f 401 363 402
f 362 336 337
f 362 337 363
f 336 314 315
f 336 315 337
f 314 291 292
f 314 292 315
f 291 273 274
f 291 274 292
f 273 265 266
f 273 266 274
f 265 269 270
f 265 270 266
f 269 281 282
f 269 282 270
f 281 307 308
f 281 308 282
f 307 329 330
f 307 330 308
f 329 355 356
f 329 356 330
f 355 394 395
f 355 395 356
f 394 425 426
f 394 426 395
f 425 452 453
f 425 453 426
f 452 495 496
f 452 496 453
f 495 542 543
f 495 543 496
f 542 616 617
f 542 617 543
f 616 698 699
f 616 699 617
f 698 757 758
f 698 758 699
f 757 827 828
f 757 828 758
f 827 898 899
f 827 899 828
f 898 980 981
f 898 981 899
f 980 1057 1058
f 980 1058 981
f 1057 1128 1129
f 1057 1129 1058
f 1128 1206 1207
f 1128 1207 1129
f 1206 1277 1278
f 1206 1278 1207
f 1277 1350 1351
f 1277 1351 1278
f 1350 1435 1436
f 1350 1436 1351
f 1435 1504 1505
f 1435 1505 1436
f 1504 1567 1568
f 1504 1568 1505
f 1567 1633 1634
f 1567 1634 1568
f 1633 1704 1705
f 1633 1705 1634
f 1704 1772 1773
f 1704 1773 1705
f 1772 1840 1841
f 1772 1841 1773
f 1840 1914 1915
f 1840 1915 1841
f 1914 1991 1992
f 1914 1992 1915
f 1991 2054 2055
f 1991 2055 1992
f 2054 2112 2113
f 2054 2113 2055
f 2112 2183 2184
f 2112 2184 2113
f 2183 2244 2245
f 2183 2245 2184
f 2244 2310 2311
f 2244 2311 2245
f 2310 2382 2383
f 2310 2383 2311
f 2382 2456 2457
f 2382 2457 2383
f 2456 2526 2527
f 2456 2527 2457
f 2526 2599 2600
f 2526 2600 2527
f 2599 2664 2665
f 2599 2665 2600
f 2664 2731 2732
f 2664 2732 2665
f 2731 2791 2792
f 2731 2792 2732
f 2791 2860 2861
f 2791 2861 2792
f 2860 2929 2930
f 2860 2930 2861
f 2929 2996 2997
f 2929 2997 2930
f 2996 3067 3068
f 2996 3068 2997
f 3067 3125 3126
f 3067 3126 3068
f 3125 3195 3196
f 3125 3196 3126
f 3195 3261 3262
f 3195 3262 3196
f 3261 3328 3329
f 3261 3329 3262
f 3328 3392 3393
f 3328 3393 3329
f 3392 3462 3463
f 3392 3463 3393
f 3462 3528 3529
f 3462 3529 3463
f 3528 3601 3602
f 3528 3602 3529
f 3601 3669 3670
f 3601 3670 3602
f 3669 3739 3740
f 3669 3740 3670
f 3739 3809 3810
f 3739 3810 3740
f 3809 3870 3871
f 3809 3871 3810
f 3870 3934 3935
f 3870 3935 3871
f 3934 4004 4005
f 3934 4005 3935
f 4004 4074 4075
f 4004 4075 4005
f 4074 4141 4142
f 4074 4142 4075
f 4141 4205 4206
f 4141 4206 4142
f 4205 4275 4276
f 4205 4276 4206
f 4275 4345 4346
f 4275 4346 4276
f 4345 4406 4407
f 4345 4407 4346
f 4406 4470 4471
f 4406 4471 4407
f 4470 4524 4525
f 4470 4525 4471
f 4524 4618 4619
f 4524 4619 4525
f 4618 4686 4687
f 4618 4687 4619
f 4686 4743 4744
f 4686 4744 4687
f 4743 4815 4816
f 4743 4816 4744
f 4815 4885 4886
f 4815 4886 4816
f 4885 4951 4952
f 4885 4952 4886
f 4951 5016 5017
f 4951 5017 4952
f 5016 5086 5087
f 5016 5087 5017
f 5086 5158 5159
f 5086 5159 5087
f 5158 5220 5221
f 5158 5221 5159
f 5220 5281 5282
f 5220 5282 5221
f 5281 5353 5354
f 5281 5354 5282
f 5353 5423 5424
f 5353 5424 5354
f 5423 5491 5492
f 5423 5492 5424
f 5491 5562 5563
f 5491 5563 5492
f 5562 5630 5631
f 5562 5631 5563
f 5630 5700 5701
f 5630 5701 5631
f 5700 5764 5765
f 5700 5765 5701
f 5764 5831 5832
f 5764 5832 5765
f 5831 5897 5898
f 5831 5898 5832
f 5897 5967 5968
f 5897 5968 5898
f 5967 6025 6026
f 5967 6026 5968
f 6025 6096 6097
f 6025 6097 6026
f 6096 6163 6164
f 6096 6164 6097
f 6163 6228 6229
f 6163 6229 6164
f 6228 6301 6302
f 6228 6302 6229
f 6301 6361 6362
f 6301 6362 6302
f 6361 6426 6427
f 6361 6427 6362
f 6426 6489 6490
f 6426 6490 6427
f 6489 6566 6567
f 6489 6567 6490
f 6566 6634 6635
f 6566 6635 6567
f 6634 6706 6707
f 6634 6707 6635
f 6706 6782 6783
f 6706 6783 6707
f 6782 6848 6849
f 6782 6849 6783
f 6848 6909 6910
f 6848 6910 6849
f 6909 6980 6981
f 6909 6981 6910
f 6980 7038 7039
f 6980 7039 6981
f 7038 7101 7102
f 7038 7102 7039
f 7101 7178 7179
f 7101 7179 7102
f 7178 7252 7253
f 7178 7253 7179
f 7252 7320 7321
f 7252 7321 7253
f 7320 7388 7389
f 7320 7389 7321
f 7388 7455 7456
f 7388 7456 7389
f 7455 7525 7526
f 7455 7526 7456
f 7525 7586 7587
f 7525 7587 7526
f 7586 7655 7656
f 7586 7656 7587
f 7655 7742 7743
f 7655 7743 7656
f 7742 7815 7816
f 7742 7816 7743
f 7815 7886 7887
f 7815 7887 7816
f 7886 7960 7961
f 7886 7961 7887
f 7960 8031 8032
f 7960 8032 7961
f 8031 8106 8107
f 8031 8107 8032
f 8106 8190 8191
f 8106 8191 8107
f 8190 8263 8264
f 8190 8264 8191
f 8263 8335 8336
f 8263 8336 8264
f 8335 8394 8395
f 8335 8395 8336
f 8394 8476 8477
f 8394 8477 8395
f 8476 8546 8547
f 8476 8547 8477
f 8546 8597 8598
f 8546 8598 8547
f 8597 8638 8639
f 8597 8639 8598
f 8638 8667 8668
f 8638 8668 8639
f 8667 8695 8696
f 8667 8696 8668
f 8695 8737 8738
f 8695 8738 8696
f 8737 8763 8764
f 8737 8764 8738
f 8763 8785 8786
f 8763 8786 8764
f 8785 8808 8809
f 8785 8809 8786
f 8808 8823 8824
f 8808 8824 8809
f 8823 8831 8832
f 8823 8832 8824
f 8832 8828 8812
f 8832 8812 8811
f 8828 8816 8800
f 8828 8800 8812
f 8816 8793 8774
f 8816 8774 8800
f 8793 8771 8750
f 8793 8750 8774
f 8771 8745 8722
f 8771 8722 8750
f 8745 8706 8691
f 8745 8691 8722
f 8706 8672 8656
f 8706 8656 8691
f 8672 8645 8623
f 8672 8623 8656
f 8645 8602 8589
f 8645 8589 8623
f 8602 8555 8530
f 8602 8530 8589
f 8555 8484 8458
f 8555 8458 8530
f 8484 8402 8387
f 8484 8387 8458
f 8402 8343 8316
f 8402 8316 8387
f 8343 8273 8258
f 8343 8258 8316
f 8273 8199 8180
f 8273 8180 8258
f 8199 8117 8097
f 8199 8097 8180
f 8117 8040 8018
f 8117 8018 8097
f 8040 7969 7954
f 8040 7954 8018
f 7969 7894 7871
f 7969 7871 7954
f 7894 7823 7808
f 7894 7808 7871
f 7823 7750 7734
f 7823 7734 7808
f 7750 7665 7648
f 7750 7648 7734
f 7665 7593 7577
f 7665 7577 7648
f 7593 7530 7522
f 7593 7522 7577
f 7530 7464 7451
f 7530 7451 7522
f 7464 7393 7382
f 7464 7382 7451
f 7393 7328 7309
f 7393 7309 7382
f 7328 7260 7246
f 7328 7246 7309
f 7260 7186 7165
f 7260 7165 7246
f 7186 7109 7096
f 7186 7096 7165
f 7109 7043 7034
f 7109 7034 7096
f 7043 6985 6973
f 7043 6973 7034
f 6985 6914 6906
f 6985 6906 6973
f 6914 6853 6842
f 6914 6842 6906
f 6853 6790 6772
f 6853 6772 6842
f 6790 6718 6698
f 6790 6698 6772
f 6718 6644 6628
f 6718 6628 6698
f 6644 6574 6561
f 6644 6561 6628
f 6574 6498 6486
f 6574 6486 6561
f 6498 6433 6423
f 6498 6423 6486
f 6433 6366 6357
f 6433 6357 6423
f 6366 6306 6294
f 6366 6294 6357
f 6306 6240 6222
f 6306 6222 6294
f 6240 6171 6156
f 6240 6156 6222
f 6171 6104 6089
f 6171 6089 6156
f 6104 6033 6020
f 6104 6020 6089
f 6033 5972 5962
f 6033 5962 6020
f 5972 5902 5894
f 5972 5894 5962
f 5902 5836 5828
f 5902 5828 5894
f 5836 5769 5758
f 5836 5758 5828
f 5769 5708 5694
f 5769 5694 5758
f 5708 5638 5624
f 5708 5624 5694
f 5638 5572 5565
f 5638 5565 5624
f 5572 5499 5488
f 5572 5488 5565
f 5499 5428 5420
f 5499 5420 5488
f 5428 5358 5350
f 5428 5350 5420
f 5358 5288 5284
f 5358 5284 5350
f 5288 5227 5223
f 5288 5223 5284
f 5227 5166 5152
f 5227 5152 5223
f 5166 5096 5089
f 5166 5089 5152
f 5096 5026 5019
f 5096 5019 5089
f 5026 4959 4948
f 5026 4948 5019
f 4959 4892 4888
f 4959 4888 4948
f 4892 4822 4818
f 4892 4818 4888
f 4822 4752 4748
f 4822 4748 4818
f 4752 4691 4680
f 4752 4680 4748
f 4691 4630 4623
f 4691 4623 4680
f 4630 4576 4569
f 4630 4569 4623
f 4576 4482 4475
f 4576 4475 4569
f 4482 4414 4422
f 4482 4422 4475
f 4414 4354 4350
f 4414 4350 4422
f 4354 4282 4278
f 4354 4278 4350
f 4282 4212 4208
f 4282 4208 4278
f 4212 4146 4148
f 4212 4148 4208
f 4146 4084 4077
f 4146 4077 4148
f 4084 4014 4007
f 4084 4007 4077
f 4014 3942 3944
f 4014 3944 4007
f 3942 3880 3873
f 3942 3873 3944
f 3880 3816 3812
f 3880 3812 3873
f 3816 3744 3746
f 3816 3746 3812
f 3744 3674 3676
f 3744 3676 3746
f 3674 3606 3612
f 3674 3612 3676
f 3606 3538 3531
f 3606 3531 3612
f 3538 3470 3474
f 3538 3474 3531
f 3470 3400 3402
f 3470 3402 3474
f 3400 3336 3338
f 3400 3338 3402
f 3336 3266 3268
f 3336 3268 3338
f 3266 3200 3204
f 3266 3204 3268
f 3200 3130 3134
f 3200 3134 3204
f 3130 3072 3076
f 3130 3076 3134
f 3072 3004 3007
f 3072 3007 3076
f 3004 2937 2946
f 3004 2946 3007
f 2937 2872 2874
f 2937 2874 2946
f 2872 2799 2802
f 2872 2802 2874
f 2799 2736 2739
f 2799 2739 2802
f 2736 2671 2673
f 2736 2673 2739
f 2671 2608 2610
f 2671 2610 2673
f 2608 2531 2535
f 2608 2535 2610
f 2531 2466 2468
f 2531 2468 2535
f 2466 2394 2398
f 2466 2398 2468
f 2394 2318 2328
f 2394 2328 2398
f 2318 2252 2254
f 2318 2254 2328
f 2252 2188 2190
f 2252 2190 2254
f 2188 2117 2123
f 2188 2123 2190
f 2117 2059 2062
f 2117 2062 2123
f 2059 1996 2000
f 2059 2000 2062
f 1996 1922 1931
f 1996 1931 2000
f 1922 1848 1850
f 1922 1850 1931
f 1848 1780 1787
f 1848 1787 1850
f 1780 1712 1718
f 1780 1718 1787
f 1712 1642 1649
f 1712 1649 1718
f 1642 1572 1574
f 1642 1574 1649
f 1572 1511 1519
f 1572 1519 1574
f 1511 1442 1450
f 1511 1450 1519
f 1442 1358 1362
f 1442 1362 1450
f 1358 1285 1290
f 1358 1290 1362
f 1285 1214 1225
f 1285 1225 1290
f 1214 1140 1146
f 1214 1146 1225
f 1140 1066 1084
f 1140 1084 1146
f 1066 991 999
f 1066 999 1084
f 991 907 920
f 991 920 999
f 907 834 842
f 907 842 920
f 834 765 785
f 834 785 842
f 765 706 709
f 765 709 785
f 706 624 640
f 706 640 709
f 624 554 568
f 624 568 640
f 554 500 507
f 554 507 568
f 500 459 473
f 500 473 507
f 459 430 440
f 459 440 473
f 430 402 409
f 430 409 440
f 402 363 374
f 402 374 409
f 363 337 348
f 363 348 374
f 337 315 322
f 337 322 348
f 315 292 296
f 315 296 322
f 292 274 285
f 292 285 296
f 274 266 284
f 274 284 285
f 266 270 283
f 266 283 284
f 270 282 295
f 270 295 283
f 282 308 321
f 282 321 295
f 308 330 345
f 308 345 321
f 330 356 373
f 330 373 345
f 356 395 404
f 356 404 373
f 395 426 439
f 395 439 404
f 426 453 472
f 426 472 439
f 453 496 506
f 453 506 472
f 496 543 565
f 496 565 506
f 543 617 637
f 543 637 565
f 617 699 708
f 617 708 637
f 699 758 779
f 699 779 708
f 758 828 837
f 758 837 779
f 828 899 915
f 828 915 837
f 899 981 998
f 899 998 915
f 981 1058 1077
f 981 1077 998
f 1058 1129 1141
f 1058 1141 1077
f 1129 1207 1224
f 1129 1224 1141
f 1207 1278 1287
f 1207 1287 1224
f 1278 1351 1361
f 1278 1361 1287
f 1351 1436 1447
f 1351 1447 1361
f 1436 1505 1518
f 1436 1518 1447
f 1505 1568 1573
f 1505 1573 1518
f 1568 1634 1644
f 1568 1644 1573
f 1634 1705 1713
f 1634 1713 1644
f 1705 1773 1786
f 1705 1786 1713
f 1773 1841 1849
f 1773 1849 1786
f 1841 1915 1930
f 1841 1930 1849
f 1915 1992 1999
f 1915 1999 1930
f 1992 2055 2061
f 1992 2061 1999
f 2055 2113 2122
f 2055 2122 2061
f 2113 2184 2189
f 2113 2189 2122
f 2184 2245 2253
f 2184 2253 2189
f 2245 2311 2323
f 2245 2323 2253
f 2311 2383 2397
f 2311 2397 2323
f 2383 2457 2467
f 2383 2467 2397
f 2457 2527 2534
f 2457 2534 2467
f 2527 2600 2609
f 2527 2609 2534
f 2600 2665 2672
f 2600 2672 2609
f 2665 2732 2738
f 2665 2738 2672
f 2732 2792 2801
f 2732 2801 2738
f 2792 2861 2873
f 2792 2873 2801
f 2861 2930 2939
f 2861 2939 2873
f 2930 2997 3006
f 2930 3006 2939
f 2997 3068 3075
f 2997 3075 3006
f 3068 3126 3133
f 3068 3133 3075
f 3126 3196 3201
f 3126 3201 3133
f 3196 3262 3267
f 3196 3267 3201
f 3262 3329 3337
f 3262 3337 3267
f 3329 3393 3401
f 3329 3401 3337
f 3393 3463 3471
f 3393 3471 3401
f 3463 3529 3530
f 3463 3530 3471
f 3529 3602 3607
f 3529 3607 3530
f 3602 3670 3675
f 3602 3675 3607
f 3670 3740 3745
f 3670 3745 3675
f 3740 3810 3811
f 3740 3811 3745
f 3810 3871 3872
f 3810 3872 3811
f 3871 3935 3943
f 3871 3943 3872
f 3935 4005 4006
f 3935 4006 3943
f 4005 4075 4076
f 4005 4076 4006
f 4075 4142 4147
f 4075 4147 4076
f 4142 4206 4207
f 4142 4207 4147
f 4206 4276 4277
f 4206 4277 4207
f 4276 4346 4347
f 4276 4347 4277
f 4346 4407 4415
f 4346 4415 4347
f 4407 4471 4472
f 4407 4472 4415
f 4471 4525 4526
f 4471 4526 4472
f 4525 4619 4620
f 4525 4620 4526
f 4619 4687 4673
f 4619 4673 4620
f 4687 4744 4745
f 4687 4745 4673
f 4744 4816 4817
f 4744 4817 4745
f 4816 4886 4887
f 4816 4887 4817
f 4886 4952 4947
f 4886 4947 4887
f 4952 5017 5018
f 4952 5018 4947
f 5017 5087 5088
f 5017 5088 5018
f 5087 5159 5151
f 5087 5151 5088
f 5159 5221 5222
f 5159 5222 5151
f 5221 5282 5283
f 5221 5283 5222
f 5282 5354 5349
f 5282 5349 5283
f 5354 5424 5419
f 5354 5419 5349
f 5424 5492 5483
f 5424 5483 5419
f 5492 5563 5564
f 5492 5564 5483
f 5563 5631 5621
f 5563 5621 5564
f 5631 5701 5693
f 5631 5693 5621
f 5701 5765 5757
f 5701 5757 5693
f 5765 5832 5827
f 5765 5827 5757
f 5832 5898 5891
f 5832 5891 5827
f 5898 5968 5961
f 5898 5961 5891
f 5968 6026 6019
f 5968 6019 5961
f 6026 6097 6088
f 6026 6088 6019
f 6097 6164 6149
f 6097 6149 6088
f 6164 6229 6221
f 6164 6221 6149
f 6229 6302 6293
f 6229 6293 6221
f 6302 6362 6356
f 6302 6356 6293
f 6362 6427 6422
f 6362 6422 6356
f 6427 6490 6485
f 6427 6485 6422
f 6490 6567 6560
f 6490 6560 6485
f 6567 6635 6627
f 6567 6627 6560
f 6635 6707 6697
f 6635 6697 6627
f 6707 6783 6767
f 6707 6767 6697
f 6783 6849 6841
f 6783 6841 6767
f 6849 6910 6905
f 6849 6905 6841
f 6910 6981 6972
f 6910 6972 6905
f 6981 7039 7033
f 6981 7033 6972
f 7039 7102 7095
f 7039 7095 7033
f 7102 7179 7164
f 7102 7164 7095
f 7179 7253 7245
f 7179 7245 7164
f 7253 7321 7308
f 7253 7308 7245
f 7321 7389 7377
f 7321 7377 7308
f 7389 7456 7446
f 7389 7446 7377
f 7456 7526 7521
f 7456 7521 7446
f 7526 7587 7576
f 7526 7576 7521
f 7587 7656 7645
f 7587 7645 7576
f 7656 7743 7733
f 7656 7733 7645
f 7743 7816 7805
f 7743 7805 7733
f 7816 7887 7870
f 7816 7870 7805
f 7887 7961 7949
f 7887 7949 7870
f 7961 8032 8011
f 7961 8011 7949
f 8032 8107 8096
f 8032 8096 8011
f 8107 8191 8175
f 8107 8175 8096
f 8191 8264 8253
f 8191 8253 8175
f 8264 8336 8310
f 8264 8310 8253
f 8336 8395 8386
f 8336 8386 8310
f 8395 8477 8455
f 8395 8455 8386
f 8477 8547 8527
f 8477 8527 8455
f 8547 8598 8588
f 8547 8588 8527
f 8598 8639 8622
f 8598 8622 8588
f 8639 8668 8655
f 8639 8655 8622
f 8668 8696 8686
f 8668 8686 8655
f 8696 8738 8721
f 8696 8721 8686
f 8738 8764 8747
f 8738 8747 8721
f 8764 8786 8773
f 8764 8773 8747
f 8786 8809 8799
f 8786 8799 8773
f 8809 8824 8810
f 8809 8810 8799
f 8824 8832 8811
f 8824 8811 8810
f 8811 8812 8756
f 8811 8756 8755
f 8812 8800 8749
f 8812 8749 8756
f 8800 8774 8727
f 8800 8727 8749
f 8774 8750 8717
f 8774 8717 8727
f 8750 8722 8682
f 8750 8682 8717
f 8722 8691 8662
f 8722 8662 8682
f 8691 8656 8632
f 8691 8632 8662
f 8656 8623 8608
f 8656 8608 8632
f 8623 8589 8569
f 8623 8569 8608
f 8589 8530 8500
f 8589 8500 8569
f 8530 8458 8425
f 8530 8425 8500
f 8458 8387 8356
f 8458 8356 8425
f 8387 8316 8294
f 8387 8294 8356
f 8316 8258 8224
f 8316 8224 8294
f 8258 8180 8157
f 8258 8157 8224
f 8180 8097 8069
f 8180 8069 8157
f 8097 8018 8000
f 8097 8000 8069
f 8018 7954 7934
f 8018 7934 8000
f 7954 7871 7866
f 7954 7866 7934
f 7871 7808 7791
f 7871 7791 7866
f 7808 7734 7708
f 7808 7708 7791
f 7734 7648 7630
f 7734 7630 7708
f 7648 7577 7565
f 7648 7565 7630
f 7577 7522 7500
f 7577 7500 7565
f 7522 7451 7435
f 7522 7435 7500
f 7451 7382 7372
f 7451 7372 7435
f 7382 7309 7302
f 7382 7302 7372
f 7309 7246 7238
f 7309 7238 7302
f 7246 7165 7155
f 7246 7155 7238
f 7165 7096 7089
f 7165 7089 7155
f 7096 7034 7027
f 7096 7027 7089
f 7034 6973 6960
f 7034 6960 7027
f 6973 6906 6887
f 6973 6887 6960
f 6906 6842 6828
f 6906 6828 6887
f 6842 6772 6762
f 6842 6762 6828
f 6772 6698 6694
f 6772 6694 6762
f 6698 6628 6620
f 6698 6620 6694
f 6628 6561 6554
f 6628 6554 6620
f 6561 6486 6480
f 6561 6480 6554
f 6486 6423 6413
f 6486 6413 6480
f 6423 6357 6354
f 6423 6354 6413
f 6357 6294 6284
f 6357 6284 6354
f 6294 6222 6215
f 6294 6215 6284
f 6222 6156 6146
f 6222 6146 6215
f 6156 6089 6084
f 6156 6084 6146
f 6089 6020 6015
f 6089 6015 6084
f 6020 5962 5954
f 6020 5954 6015
f 5962 5894 5888
f 5962 5888 5954
f 5894 5828 5826
f 5894 5826 5888
f 5828 5758 5756
f 5828 5756 5826
f 5758 5694 5692
f 5758 5692 5756
f 5694 5624 5620
f 5694 5620 5692
f 5624 5565 5550
f 5624 5550 5620
f 5565 5488 5482
f 5565 5482 5550
f 5488 5420 5418
f 5488 5418 5482
f 5420 5350 5348
f 5420 5348 5418
f 5350 5284 5278
f 5350 5278 5348
f 5284 5223 5214
f 5284 5214 5278
f 5223 5152 5150
f 5223 5150 5214
f 5152 5089 5080
f 5152 5080 5150
f 5089 5019 5010
f 5089 5010 5080
f 5019 4948 4946
f 5019 4946 5010
f 4948 4888 4882
f 4948 4882 4946
f 4888 4818 4812
f 4888 4812 4882
f 4818 4748 4747
f 4818 4747 4812
f 4748 4680 4679
f 4748 4679 4747
f 4680 4623 4622
f 4680 4622 4679
f 4623 4569 4568
f 4623 4568 4622
f 4569 4475 4474
f 4569 4474 4568
f 4475 4422 4421
f 4475 4421 4474
f 4422 4350 4349
f 4422 4349 4421
f 4350 4278 4284
f 4350 4284 4349
f 4278 4208 4214
f 4278 4214 4284
f 4208 4148 4150
f 4208 4150 4214
f 4148 4077 4086
f 4148 4086 4150
f 4077 4007 4016
f 4077 4016 4086
f 4007 3944 3946
f 4007 3946 4016
f 3944 3873 3882
f 3944 3882 3946
f 3873 3812 3818
f 3873 3818 3882
f 3812 3746 3748
f 3812 3748 3818
f 3746 3676 3678
f 3746 3678 3748
f 3676 3612 3614
f 3676 3614 3678
f 3612 3531 3546
f 3612 3546 3614
f 3531 3474 3476
f 3531 3476 3546
f 3474 3402 3406
f 3474 3406 3476
f 3402 3338 3340
f 3402 3340 3406
f 3338 3268 3270
f 3338 3270 3340
f 3268 3204 3208
f 3268 3208 3270
f 3204 3134 3144
f 3204 3144 3208
f 3134 3076 3081
f 3134 3081 3144
f 3076 3007 3012
f 3076 3012 3081
f 3007 2946 2950
f 3007 2950 3012
f 2946 2874 2881
f 2946 2881 2950
f 2874 2802 2812
f 2874 2812 2881
f 2802 2739 2742
f 2802 2742 2812
f 2739 2673 2683
f 2739 2683 2742
f 2673 2610 2616
f 2673 2616 2683
f 2610 2535 2542
f 2610 2542 2616
f 2535 2468 2476
f 2535 2476 2542
f 2468 2398 2406
f 2468 2406 2476
f 2398 2328 2334
f 2398 2334 2406
f 2328 2254 2268
f 2328 2268 2334
f 2254 2190 2211
f 2254 2211 2268
f 2190 2123 2140
f 2190 2140 2211
f 2123 2062 2069
f 2123 2069 2140
f 2062 2000 2007
f 2062 2007 2069
f 2000 1931 1941
f 2000 1941 2007
f 1931 1850 1862
f 1931 1862 1941
f 1850 1787 1794
f 1850 1794 1862
f 1787 1718 1724
f 1787 1724 1794
f 1718 1649 1663
f 1718 1663 1724
f 1649 1574 1600
f 1649 1600 1663
f 1574 1519 1531
f 1574 1531 1600
f 1519 1450 1468
f 1519 1468 1531
f 1450 1362 1388
f 1450 1388 1468
f 1362 1290 1309
f 1362 1309 1388
f 1290 1225 1234
f 1290 1234 1309
f 1225 1146 1162
f 1225 1162 1234
f 1146 1084 1096
f 1146 1096 1162
f 1084 999 1027
f 1084 1027 1096
f 999 920 939
f 999 939 1027
f 920 842 874
f 920 874 939
f 842 785 802
f 842 802 874
f 785 709 740
f 785 740 802
f 709 640 673
f 709 673 740
f 640 568 606
f 640 606 673
f 568 507 533
f 568 533 606
f 507 473 490
f 507 490 533
f 473 440 466
f 473 466 490
f 440 409 436
f 440 436 466
f 409 374 414
f 409 414 436
f 374 348 381
f 374 381 414
f 348 322 369
f 348 369 381
f 322 296 347
f 322 347 369
f 296 285 341
f 296 341 347
f 285 284 340
f 285 340 341
f 284 283 339
f 284 339 340
f 283 295 346
f 283 346 339
f 295 321 368
f 295 368 346
f 321 345 378
f 321 378 368
f 345 373 413
f 345 413 378
f 373 404 433
f 373 433 413
f 404 439 463
f 404 463 433
f 439 472 487
f 439 487 463
f 472 506 526
f 472 526 487
f 506 565 595
f 506 595 526
f 565 637 670
f 565 670 595
f 637 708 739
f 637 739 670
f 708 779 801
f 708 801 739
f 779 837 871
f 779 871 801
f 837 915 938
f 837 938 871
f 915 998 1026
f 915 1026 938
f 998 1077 1095
f 998 1095 1026
f 1077 1141 1161
f 1077 1161 1095
f 1141 1224 1229
f 1141 1229 1161
f 1224 1287 1304
f 1224 1304 1229
f 1287 1361 1387
f 1287 1387 1304
f 1361 1447 1465
f 1361 1465 1387
f 1447 1518 1530
f 1447 1530 1465
f 1518 1573 1595
f 1518 1595 1530
f 1573 1644 1660
f 1573 1660 1595
f 1644 1713 1723
f 1644 1723 1660
f 1713 1786 1793
f 1713 1793 1723
f 1786 1849 1857
f 1786 1857 1793
f 1849 1930 1940
f 1849 1940 1857
f 1930 1999 2006
f 1930 2006 1940
f 1999 2061 2068
f 1999 2068 2006
f 2061 2122 2135
f 2061 2135 2068
f 2122 2189 2208
f 2122 2208 2135
f 2189 2253 2267
f 2189 2267 2208
f 2253 2323 2333
f 2253 2333 2267
f 2323 2397 2401
f 2323 2401 2333
f 2397 2467 2475
f 2397 2475 2401
f 2467 2534 2541
f 2467 2541 2475
f 2534 2609 2615
f 2534 2615 2541
f 2609 2672 2682
f 2609 2682 2615
f 2672 2738 2741
f 2672 2741 2682
f 2738 2801 2811
f 2738 2811 2741
f 2801 2873 2880
f 2801 2880 2811
f 2873 2939 2949
f 2873 2949 2880
f 2939 3006 3011
f 2939 3011 2949
f 3006 3075 3080
f 3006 3080 3011
f 3075 3133 3141
f 3075 3141 3080
f 3133 3201 3207
f 3133 3207 3141
f 3201 3267 3269
f 3201 3269 3207
f 3267 3337 3339
f 3267 3339 3269
f 3337 3401 3403
f 3337 3403 3339
f 3401 3471 3475
f 3401 3475 3403
f 3471 3530 3545
f 3471 3545 3475
f 3530 3607 3613
f 3530 3613 3545
f 3607 3675 3677
f 3607 3677 3613
f 3675 3745 3747
f 3675 3747 3677
f 3745 3811 3817
f 3745 3817 3747
f 3811 3872 3881
f 3811 3881 3817
f 3872 3943 3945
f 3872 3945 3881
f 3943 4006 4015
f 3943 4015 3945
f 4006 4076 4085
f 4006 4085 4015
f 4076 4147 4149
f 4076 4149 4085
f 4147 4207 4213
f 4147 4213 4149
f 4207 4277 4283
f 4207 4283 4213
f 4277 4347 4348
f 4277 4348 4283
f 4347 4415 4416
f 4347 4416 4348
f 4415 4472 4473
f 4415 4473 4416
f 4472 4526 4527
f 4472 4527 4473
f 4526 4620 4621
f 4526 4621 4527
f 4620 4673 4674
f 4620 4674 4621
f 4673 4745 4746
f 4673 4746 4674
f 4745 4817 4811
f 4745 4811 4746
f 4817 4887 4881
f 4817 4881 4811
f 4887 4947 4945
f 4887 4945 4881
f 4947 5018 5009
f 4947 5009 4945
f 5018 5088 5079
f 5018 5079 5009
f 5088 5151 5149
f 5088 5149 5079
f 5151 5222 5213
f 5151 5213 5149
f 5222 5283 5277
f 5222 5277 5213
f 5283 5349 5347
f 5283 5347 5277
f 5349 5419 5417
f 5349 5417 5347
f 5419 5483 5481
f 5419 5481 5417
f 5483 5564 5549
f 5483 5549 5481
f 5564 5621 5619
f 5564 5619 5549
f 5621 5693 5689
f 5621 5689 5619
f 5693 5757 5755
f 5693 5755 5689
f 5757 5827 5825
f 5757 5825 5755
f 5827 5891 5887
f 5827 5887 5825
f 5891 5961 5951
f 5891 5951 5887
f 5961 6019 6014
f 5961 6014 5951
f 6019 6088 6083
f 6019 6083 6014
f 6088 6149 6145
f 6088 6145 6083
f 6149 6221 6214
f 6149 6214 6145
f 6221 6293 6283
f 6221 6283 6214
f 6293 6356 6353
f 6293 6353 6283
f 6356 6422 6412
f 6356 6412 6353
f 6422 6485 6479
f 6422 6479 6412
f 6485 6560 6553
f 6485 6553 6479
f 6560 6627 6619
f 6560 6619 6553
f 6627 6697 6689
f 6627 6689 6619
f 6697 6767 6761
f 6697 6761 6689
f 6767 6841 6827
f 6767 6827 6761
f 6841 6905 6884
f 6841 6884 6827
f 6905 6972 6955
f 6905 6955 6884
f 6972 7033 7026
f 6972 7026 6955
f 7033 7095 7088
f 7033 7088 7026
f 7095 7164 7154
f 7095 7154 7088
f 7164 7245 7233
f 7164 7233 7154
f 7245 7308 7301
f 7245 7301 7233
f 7308 7377 7371
f 7308 7371 7301
f 7377 7446 7432
f 7377 7432 7371
f 7446 7521 7495
f 7446 7495 7432
f 7521 7576 7564
f 7521 7564 7495
f 7576 7645 7627
f 7576 7627 7564
f 7645 7733 7707
f 7645 7707 7627
f 7733 7805 7786
f 7733 7786 7707
f 7805 7870 7861
f 7805 7861 7786
f 7870 7949 7933
f 7870 7933 7861
f 7949 8011 7999
f 7949 7999 7933
f 8011 8096 8068
f 8011 8068 7999
f 8096 8175 8156
f 8096 8156 8068
f 8175 8253 8221
f 8175 8221 8156
f 8253 8310 8293
f 8253 8293 8221
f 8310 8386 8355
f 8310 8355 8293
f 8386 8455 8422
f 8386 8422 8355
f 8455 8527 8489
f 8455 8489 8422
f 8527 8588 8562
f 8527 8562 8489
f 8588 8622 8605
f 8588 8605 8562
f 8622 8655 8629
f 8622 8629 8605
f 8655 8686 8659
f 8655 8659 8629
f 8686 8721 8681
f 8686 8681 8659
f 8721 8747 8714
f 8721 8714 8681
f 8747 8773 8726
f 8747 8726 8714
f 8773 8799 8748
f 8773 8748 8726
f 8799 8810 8754
f 8799 8754 8748
f 8810 8811 8755
f 8810 8755 8754
f 8755 8756 8699
f 8755 8699 8698
f 8756 8749 8689
f 8756 8689 8699
f 8749 8727 8677
f 8749 8677 8689
f 8727 8717 8661
f 8727 8661 8677
f 8717 8682 8648
f 8717 8648 8661
f 8682 8662 8616
f 8682 8616 8648
f 8662 8632 8591
f 8662 8591 8616
f 8632 8608 8551
f 8632 8551 8591
f 8608 8569 8499
f 8608 8499 8551
f 8569 8500 8429
f 8569 8429 8499
f 8500 8425 8365
f 8500 8365 8429
f 8425 8356 8303
f 8425 8303 8365
f 8356 8294 8248
f 8356 8248 8303
f 8294 8224 8174
f 8294 8174 8248
f 8224 8157 8099
f 8224 8099 8174
f 8157 8069 8025
f 8157 8025 8099
f 8069 8000 7973
f 8069 7973 8025
f 8000 7934 7901
f 8000 7901 7973
f 7934 7866 7828
f 7934 7828 7901
f 7866 7791 7759
f 7866 7759 7828
f 7791 7708 7683
f 7791 7683 7759
f 7708 7630 7611
f 7708 7611 7683
f 7630 7565 7548
f 7630 7548 7611
f 7565 7500 7480
f 7565 7480 7548
f 7500 7435 7413
f 7500 7413 7480
f 7435 7372 7346
f 7435 7346 7413
f 7372 7302 7288
f 7372 7288 7346
f 7302 7238 7220
f 7302 7220 7288
f 7238 7155 7140
f 7238 7140 7220
f 7155 7089 7070
f 7155 7070 7140
f 7089 7027 7005
f 7089 7005 7070
f 7027 6960 6936
f 7027 6936 7005
f 6960 6887 6869
f 6960 6869 6936
f 6887 6828 6810
f 6887 6810 6869
f 6828 6762 6742
f 6828 6742 6810
f 6762 6694 6676
f 6762 6676 6742
f 6694 6620 6611
f 6694 6611 6676
f 6620 6554 6542
f 6620 6542 6611
f 6554 6480 6472
f 6554 6472 6542
f 6480 6413 6401
f 6480 6401 6472
f 6413 6354 6340
f 6413 6340 6401
f 6354 6284 6272
f 6354 6272 6340
f 6284 6215 6208
f 6284 6208 6272
f 6215 6146 6140
f 6215 6140 6208
f 6146 6084 6074
f 6146 6074 6140
f 6084 6015 6003
f 6084 6003 6074
f 6015 5954 5938
f 6015 5938 6003
f 5954 5888 5875
f 5954 5875 5938
f 5888 5826 5814
f 5888 5814 5875
f 5826 5756 5750
f 5826 5750 5814
f 5756 5692 5686
f 5756 5686 5750
f 5692 5620 5616
f 5692 5616 5686
f 5620 5550 5542
f 5620 5542 5616
f 5550 5482 5478
f 5550 5478 5542
f 5482 5418 5414
f 5482 5414 5478
f 5418 5348 5344
f 5418 5344 5414
f 5348 5278 5274
f 5348 5274 5344
f 5278 5214 5210
f 5278 5210 5274
f 5214 5150 5146
f 5214 5146 5210
f 5150 5080 5077
f 5150 5077 5146
f 5080 5010 5006
f 5080 5006 5077
f 5010 4946 4943
f 5010 4943 5006
f 4946 4882 4879
f 4946 4879 4943
f 4882 4812 4809
f 4882 4809 4879
f 4812 4747 4739
f 4812 4739 4809
f 4747 4679 4677
f 4747 4677 4739
f 4679 4622 4611
f 4679 4611 4677
f 4622 4568 4566
f 4622 4566 4611
f 4568 4474 4487
f 4568 4487 4566
f 4474 4421 4419
f 4474 4419 4487
f 4421 4349 4357
f 4421 4357 4419
f 4349 4284 4287
f 4349 4287 4357
f 4284 4214 4217
f 4284 4217 4287
f 4214 4150 4153
f 4214 4153 4217
f 4150 4086 4090
f 4150 4090 4153
f 4086 4016 4019
f 4086 4019 4090
f 4016 3946 3950
f 4016 3950 4019
f 3946 3882 3886
f 3946 3886 3950
f 3882 3818 3822
f 3882 3822 3886
f 3818 3748 3752
f 3818 3752 3822
f 3748 3678 3682
f 3748 3682 3752
f 3678 3614 3618
f 3678 3618 3682
f 3614 3546 3554
f 3614 3554 3618
f 3546 3476 3484
f 3546 3484 3554
f 3476 3406 3410
f 3476 3410 3484
f 3406 3340 3346
f 3406 3346 3410
f 3340 3270 3282
f 3340 3282 3346
f 3270 3208 3221
f 3270 3221 3282
f 3208 3144 3158
f 3208 3158 3221
f 3144 3081 3093
f 3144 3093 3158
f 3081 3012 3022
f 3081 3022 3093
f 3012 2950 2956
f 3012 2956 3022
f 2950 2881 2888
f 2950 2888 2956
f 2881 2812 2824
f 2881 2824 2888
f 2812 2742 2756
f 2812 2756 2824
f 2742 2683 2695
f 2742 2695 2756
f 2683 2616 2624
f 2683 2624 2695
f 2616 2542 2554
f 2616 2554 2624
f 2542 2476 2487
f 2542 2487 2554
f 2476 2406 2420
f 2476 2420 2487
f 2406 2334 2354
f 2406 2354 2420
f 2334 2268 2286
f 2334 2286 2354
f 2268 2211 2227
f 2268 2227 2286
f 2211 2140 2166
f 2211 2166 2227
f 2140 2069 2091
f 2140 2091 2166
f 2069 2007 2026
f 2069 2026 2091
f 2007 1941 1956
f 2007 1956 2026
f 1941 1862 1878
f 1941 1878 1956
f 1862 1794 1810
f 1862 1810 1878
f 1794 1724 1750
f 1794 1750 1810
f 1724 1663 1687
f 1724 1687 1750
f 1663 1600 1616
f 1663 1616 1687
f 1600 1531 1550
f 1600 1550 1616
f 1531 1468 1485
f 1531 1485 1550
f 1468 1388 1413
f 1468 1413 1485
f 1388 1309 1341
f 1388 1341 1413
f 1309 1234 1268
f 1309 1268 1341
f 1234 1162 1199
f 1234 1199 1268
f 1162 1096 1125
f 1162 1125 1199
f 1096 1027 1073
f 1096 1073 1125
f 1027 939 997
f 1027 997 1073
f 939 874 924
f 939 924 997
f 874 802 854
f 874 854 924
f 802 740 795
f 802 795 854
f 740 673 733
f 740 733 795
f 673 606 667
f 673 667 733
f 606 533 605
f 606 605 667
f 533 490 547
f 533 547 605
f 490 466 505
f 490 505 547
f 466 436 482
f 466 482 505
f 436 414 448
f 436 448 482
f 414 381 435
f 414 435 448
f 381 369 419
f 381 419 435
f 369 347 407
f 369 407 419
f 347 341 398
f 347 398 407
f 341 340 397
f 341 397 398
f 340 339 396
f 340 396 397
f 339 346 406
f 339 406 396
f 346 368 418
f 346 418 406
f 368 378 434
f 368 434 418
f 378 413 447
f 378 447 434
f 413 433 479
f 413 479 447
f 433 463 504
f 433 504 479
f 463 487 544
f 463 544 504
f 487 526 596
f 487 596 544
f 526 595 666
f 526 666 596
f 595 670 730
f 595 730 666
f 670 739 792
f 670 792 730
f 739 801 847
f 739 847 792
f 801 871 921
f 801 921 847
f 871 938 996
f 871 996 921
f 938 1026 1070
f 938 1070 996
f 1026 1095 1122
f 1026 1122 1070
f 1095 1161 1194
f 1095 1194 1122
f 1161 1229 1267
f 1161 1267 1194
f 1229 1304 1336
f 1229 1336 1267
f 1304 1387 1412
f 1304 1412 1336
f 1387 1465 1484
f 1387 1484 1412
f 1465 1530 1547
f 1465 1547 1484
f 1530 1595 1615
f 1530 1615 1547
f 1595 1660 1682
f 1595 1682 1615
f 1660 1723 1749
f 1660 1749 1682
f 1723 1793 1807
f 1723 1807 1749
f 1793 1857 1875
f 1793 1875 1807
f 1857 1940 1955
f 1857 1955 1875
f 1940 2006 2025
f 1940 2025 1955
f 2006 2068 2090
f 2006 2090 2025
f 2068 2135 2159
f 2068 2159 2090
f 2135 2208 2226
f 2135 2226 2159
f 2208 2267 2285
f 2208 2285 2226
f 2267 2333 2353
f 2267 2353 2285
f 2333 2401 2419
f 2333 2419 2353
f 2401 2475 2484
f 2401 2484 2419
f 2475 2541 2553
f 2475 2553 2484
f 2541 2615 2623
f 2541 2623 2553
f 2615 2682 2694
f 2615 2694 2623
f 2682 2741 2755
f 2682 2755 2694
f 2741 2811 2823
f 2741 2823 2755
f 2811 2880 2887
f 2811 2887 2823
f 2880 2949 2955
f 2880 2955 2887
f 2949 3011 3021
f 2949 3021 2955
f 3011 3080 3092
f 3011 3092 3021
f 3080 3141 3157
f 3080 3157 3092
f 3141 3207 3220
f 3141 3220 3157
f 3207 3269 3281
f 3207 3281 3220
f 3269 3339 3345
f 3269 3345 3281
f 3339 3403 3409
f 3339 3409 3345
f 3403 3475 3479
f 3403 3479 3409
f 3475 3545 3553
f 3475 3553 3479
f 3545 3613 3617
f 3545 3617 3553
f 3613 3677 3681
f 3613 3681 3617
f 3677 3747 3751
f 3677 3751 3681
f 3747 3817 3821
f 3747 3821 3751
f 3817 3881 3885
f 3817 3885 3821
f 3881 3945 3949
f 3881 3949 3885
f 3945 4015 4018
f 3945 4018 3949
f 4015 4085 4089
f 4015 4089 4018
f 4085 4149 4152
f 4085 4152 4089
f 4149 4213 4216
f 4149 4216 4152
f 4213 4283 4286
f 4213 4286 4216
f 4283 4348 4356
f 4283 4356 4286
f 4348 4416 4418
f 4348 4418 4356
f 4416 4473 4484
f 4416 4484 4418
f 4473 4527 4529
f 4473 4529 4484
f 4527 4621 4608
f 4527 4608 4529
f 4621 4674 4676
f 4621 4676 4608
f 4674 4746 4738
f 4674 4738 4676
f 4746 4811 4808
f 4746 4808 4738
f 4811 4881 4878
f 4811 4878 4808
f 4881 4945 4942
f 4881 4942 4878
f 4945 5009 5005
f 4945 5005 4942
f 5009 5079 5076
f 5009 5076 5005
f 5079 5149 5145
f 5079 5145 5076
f 5149 5213 5209
f 5149 5209 5145
f 5213 5277 5273
f 5213 5273 5209
f 5277 5347 5343
f 5277 5343 5273
f 5347 5417 5413
f 5347 5413 5343
f 5417 5481 5477
f 5417 5477 5413
f 5481 5549 5541
f 5481 5541 5477
f 5549 5619 5611
f 5549 5611 5541
f 5619 5689 5685
f 5619 5685 5611
f 5689 5755 5749
f 5689 5749 5685
f 5755 5825 5813
f 5755 5813 5749
f 5825 5887 5874
f 5825 5874 5813
f 5887 5951 5937
f 5887 5937 5874
f 5951 6014 6002
f 5951 6002 5937
f 6014 6083 6073
f 6014 6073 6002
f 6083 6145 6139
f 6083 6139 6073
f 6145 6214 6207
f 6145 6207 6139
f 6214 6283 6271
f 6214 6271 6207
f 6283 6353 6339
f 6283 6339 6271
f 6353 6412 6400
f 6353 6400 6339
f 6412 6479 6471
f 6412 6471 6400
f 6479 6553 6541
f 6479 6541 6471
f 6553 6619 6608
f 6553 6608 6541
f 6619 6689 6675
f 6619 6675 6608
f 6689 6761 6741
f 6689 6741 6675
f 6761 6827 6809
f 6761 6809 6741
f 6827 6884 6868
f 6827 6868 6809
f 6884 6955 6929
f 6884 6929 6868
f 6955 7026 7004
f 6955 7004 6929
f 7026 7088 7069
f 7026 7069 7004
f 7088 7154 7139
f 7088 7139 7069
f 7154 7233 7217
f 7154 7217 7139
f 7233 7301 7285
f 7233 7285 7217
f 7301 7371 7345
f 7301 7345 7285
f 7371 7432 7408
f 7371 7408 7345
f 7432 7495 7479
f 7432 7479 7408
f 7495 7564 7545
f 7495 7545 7479
f 7564 7627 7610
f 7564 7610 7545
f 7627 7707 7682
f 7627 7682 7610
f 7707 7786 7754
f 7707 7754 7682
f 7786 7861 7827
f 7786 7827 7754
f 7861 7933 7896
f 7861 7896 7827
f 7933 7999 7970
f 7933 7970 7896
f 7999 8068 8022
f 7999 8022 7970
f 8068 8156 8098
f 8068 8098 8022
f 8156 8221 8171
f 8156 8171 8098
f 8221 8293 8241
f 8221 8241 8171
f 8293 8355 8300
f 8293 8300 8241
f 8355 8422 8362
f 8355 8362 8300
f 8422 8489 8428
f 8422 8428 8362
f 8489 8562 8490
f 8489 8490 8428
f 8562 8605 8548
f 8562 8548 8490
f 8605 8629 8590
f 8605 8590 8548
f 8629 8659 8613
f 8629 8613 8590
f 8659 8681 8647
f 8659 8647 8613
f 8681 8714 8660
f 8681 8660 8647
f 8714 8726 8676
f 8714 8676 8660
f 8726 8748 8688
f 8726 8688 8676
f 8748 8754 8697
f 8748 8697 8688
f 8754 8755 8698
f 8754 8698 8697
f 8698 8699 8641
f 8698 8641 8646
f 8699 8689 8625
f 8699 8625 8641
f 8689 8677 8615
f 8689 8615 8625
f 8677 8661 8611
f 8677 8611 8615
f 8661 8648 8586
f 8661 8586 8611
f 8648 8616 8559
f 8648 8559 8586
f 8616 8591 8509
f 8616 8509 8559
f 8591 8551 8457
f 8591 8457 8509
f 8551 8499 8410
f 8551 8410 8457
f 8499 8429 8354
f 8499 8354 8410
f 8429 8365 8297
f 8429 8297 8354
f 8365 8303 8247
f 8365 8247 8297
f 8303 8248 8179
f 8303 8179 8247
f 8248 8174 8113
f 8248 8113 8179
f 8174 8099 8046
f 8174 8046 8113
f 8099 8025 7982
f 8099 7982 8046
f 8025 7973 7919
f 8025 7919 7982
f 7973 7901 7851
f 7973 7851 7919
f 7901 7828 7782
f 7901 7782 7851
f 7828 7759 7706
f 7828 7706 7782
f 7759 7683 7629
f 7759 7629 7706
f 7683 7611 7567
f 7683 7567 7629
f 7611 7548 7512
f 7611 7512 7567
f 7548 7480 7445
f 7548 7445 7512
f 7480 7413 7381
f 7480 7381 7445
f 7413 7346 7314
f 7413 7314 7381
f 7346 7288 7262
f 7346 7262 7314
f 7288 7220 7190
f 7288 7190 7262
f 7220 7140 7117
f 7220 7117 7190
f 7140 7070 7054
f 7140 7054 7117
f 7070 7005 6991
f 7070 6991 7054
f 7005 6936 6920
f 7005 6920 6991
f 6936 6869 6861
f 6936 6861 6920
f 6869 6810 6798
f 6869 6798 6861
f 6810 6742 6731
f 6810 6731 6798
f 6742 6676 6662
f 6742 6662 6731
f 6676 6611 6598
f 6676 6598 6662
f 6611 6542 6528
f 6611 6528 6598
f 6542 6472 6466
f 6542 6466 6528
f 6472 6401 6396
f 6472 6396 6466
f 6401 6340 6333
f 6401 6333 6396
f 6340 6272 6266
f 6340 6266 6333
f 6272 6208 6202
f 6272 6202 6266
f 6208 6140 6132
f 6208 6132 6202
f 6140 6074 6069
f 6140 6069 6132
f 6074 6003 5997
f 6074 5997 6069
f 6003 5938 5929
f 6003 5929 5997
f 5938 5875 5863
f 5938 5863 5929
f 5875 5814 5805
f 5875 5805 5863
f 5814 5750 5736
f 5814 5736 5805
f 5750 5686 5672
f 5750 5672 5736
f 5686 5616 5610
f 5686 5610 5672
f 5616 5542 5540
f 5616 5540 5610
f 5542 5478 5476
f 5542 5476 5540
f 5478 5414 5412
f 5478 5412 5476
f 5414 5344 5342
f 5414 5342 5412
f 5344 5274 5272
f 5344 5272 5342
f 5274 5210 5208
f 5274 5208 5272
f 5210 5146 5144
f 5210 5144 5208
f 5146 5077 5074
f 5146 5074 5144
f 5077 5006 5004
f 5077 5004 5074
f 5006 4943 4940
f 5006 4940 5004
f 4943 4879 4876
f 4943 4876 4940
f 4879 4809 4806
f 4879 4806 4876
f 4809 4739 4736
f 4809 4736 4806
f 4739 4677 4672
f 4739 4672 4736
f 4677 4611 4610
f 4677 4610 4672
f 4611 4566 4565
f 4611 4565 4610
f 4566 4487 4486
f 4566 4486 4565
f 4487 4419 4424
f 4487 4424 4486
f 4419 4357 4360
f 4419 4360 4424
f 4357 4287 4290
f 4357 4290 4360
f 4287 4217 4220
f 4287 4220 4290
f 4217 4153 4156
f 4217 4156 4220
f 4153 4090 4092
f 4153 4092 4156
f 4090 4019 4022
f 4090 4022 4092
f 4019 3950 3952
f 4019 3952 4022
f 3950 3886 3888
f 3950 3888 3952
f 3886 3822 3824
f 3886 3824 3888
f 3822 3752 3754
f 3822 3754 3824
f 3752 3682 3684
f 3752 3684 3754
f 3682 3618 3620
f 3682 3620 3684
f 3618 3554 3556
f 3618 3556 3620
f 3554 3484 3486
f 3554 3486 3556
f 3484 3410 3424
f 3484 3424 3486
f 3410 3346 3364
f 3410 3364 3424
f 3346 3282 3297
f 3346 3297 3364
f 3282 3221 3233
f 3282 3233 3297
f 3221 3158 3167
f 3221 3167 3233
f 3158 3093 3099
f 3158 3099 3167
f 3093 3022 3027
f 3093 3027 3099
f 3022 2956 2964
f 3022 2964 3027
f 2956 2888 2894
f 2956 2894 2964
f 2888 2824 2830
f 2888 2830 2894
f 2824 2756 2763
f 2824 2763 2830
f 2756 2695 2700
f 2756 2700 2763
f 2695 2624 2630
f 2695 2630 2700
f 2624 2554 2568
f 2624 2568 2630
f 2554 2487 2502
f 2554 2502 2568
f 2487 2420 2434
f 2487 2434 2502
f 2420 2354 2365
f 2420 2365 2434
f 2354 2286 2298
f 2354 2298 2365
f 2286 2227 2237
f 2286 2237 2298
f 2227 2166 2176
f 2227 2176 2237
f 2166 2091 2105
f 2166 2105 2176
f 2091 2026 2044
f 2091 2044 2105
f 2026 1956 1979
f 2026 1979 2044
f 1956 1878 1906
f 1956 1906 1979
f 1878 1810 1834
f 1878 1834 1906
f 1810 1750 1784
f 1810 1784 1834
f 1750 1687 1717
f 1750 1717 1784
f 1687 1616 1651
f 1687 1651 1717
f 1616 1550 1588
f 1616 1588 1651
f 1550 1485 1529
f 1550 1529 1588
f 1485 1413 1467
f 1485 1467 1529
f 1413 1341 1390
f 1413 1390 1467
f 1341 1268 1314
f 1341 1314 1390
f 1268 1199 1247
f 1268 1247 1314
f 1199 1125 1177
f 1199 1177 1247
f 1125 1073 1114
f 1125 1114 1177
f 1073 997 1050
f 1073 1050 1114
f 997 924 987
f 997 987 1050
f 924 854 919
f 924 919 987
f 854 795 853
f 854 853 919
f 795 733 799
f 795 799 853
f 733 667 742
f 733 742 799
f 667 605 692
f 667 692 742
f 605 547 639
f 605 639 692
f 547 505 591
f 547 591 639
f 505 482 537
f 505 537 591
f 482 448 510
f 482 510 537
f 448 435 485
f 448 485 510
f 435 419 481
f 435 481 485
f 419 407 471
f 419 471 481
f 407 398 455
f 407 455 471
f 398 397 449
f 398 449 455
f 397 396 454
f 397 454 449
f 396 406 470
f 396 470 454
f 406 418 480
f 406 480 470
f 418 434 484
f 418 484 480
f 434 447 509
f 434 509 484
f 447 479 536
f 447 536 509
f 479 504 586
f 479 586 536
f 504 544 638
f 504 638 586
f 544 596 685
f 544 685 638
f 596 666 741
f 596 741 685
f 666 730 798
f 666 798 741
f 730 792 848
f 730 848 798
f 792 847 916
f 792 916 848
f 847 921 982
f 847 982 916
f 921 996 1049
f 921 1049 982
f 996 1070 1113
f 996 1113 1049
f 1070 1122 1176
f 1070 1176 1113
f 1122 1194 1244
f 1122 1244 1176
f 1194 1267 1313
f 1194 1313 1244
f 1267 1336 1389
f 1267 1389 1313
f 1336 1412 1466
f 1336 1466 1389
f 1412 1484 1528
f 1412 1528 1466
f 1484 1547 1583
f 1484 1583 1528
f 1547 1615 1650
f 1547 1650 1583
f 1615 1682 1714
f 1615 1714 1650
f 1682 1749 1781
f 1682 1781 1714
f 1749 1807 1833
f 1749 1833 1781
f 1807 1875 1905
f 1807 1905 1833
f 1875 1955 1978
f 1875 1978 1905
f 1955 2025 2041
f 1955 2041 1978
f 2025 2090 2104
f 2025 2104 2041
f 2090 2159 2175
f 2090 2175 2104
f 2159 2226 2234
f 2159 2234 2175
f 2226 2285 2297
f 2226 2297 2234
f 2285 2353 2364
f 2285 2364 2297
f 2353 2419 2433
f 2353 2433 2364
f 2419 2484 2497
f 2419 2497 2433
f 2484 2553 2567
f 2484 2567 2497
f 2553 2623 2629
f 2553 2629 2567
f 2623 2694 2699
f 2623 2699 2629
f 2694 2755 2762
f 2694 2762 2699
f 2755 2823 2829
f 2755 2829 2762
f 2823 2887 2893
f 2823 2893 2829
f 2887 2955 2963
f 2887 2963 2893
f 2955 3021 3026
f 2955 3026 2963
f 3021 3092 3098
f 3021 3098 3026
f 3092 3157 3166
f 3092 3166 3098
f 3157 3220 3232
f 3157 3232 3166
f 3220 3281 3290
f 3220 3290 3232
f 3281 3345 3359
f 3281 3359 3290
f 3345 3409 3423
f 3345 3423 3359
f 3409 3479 3485
f 3409 3485 3423
f 3479 3553 3555
f 3479 3555 3485
f 3553 3617 3619
f 3553 3619 3555
f 3617 3681 3683
f 3617 3683 3619
f 3681 3751 3753
f 3681 3753 3683
f 3751 3821 3823
f 3751 3823 3753
f 3821 3885 3887
f 3821 3887 3823
f 3885 3949 3951
f 3885 3951 3887
f 3949 4018 4021
f 3949 4021 3951
f 4018 4089 4091
f 4018 4091 4021
f 4089 4152 4155
f 4089 4155 4091
f 4152 4216 4219
f 4152 4219 4155
f 4216 4286 4289
f 4216 4289 4219
f 4286 4356 4359
f 4286 4359 4289
f 4356 4418 4423
f 4356 4423 4359
f 4418 4484 4485
f 4418 4485 4423
f 4484 4529 4530
f 4484 4530 4485
f 4529 4608 4609
f 4529 4609 4530
f 4608 4676 4671
f 4608 4671 4609
f 4676 4738 4735
f 4676 4735 4671
f 4738 4808 4805
f 4738 4805 4735
f 4808 4878 4875
f 4808 4875 4805
f 4878 4942 4939
f 4878 4939 4875
f 4942 5005 5003
f 4942 5003 4939
f 5005 5076 5073
f 5005 5073 5003
f 5076 5145 5143
f 5076 5143 5073
f 5145 5209 5207
f 5145 5207 5143
f 5209 5273 5271
f 5209 5271 5207
f 5273 5343 5341
f 5273 5341 5271
f 5343 5413 5411
f 5343 5411 5341
f 5413 5477 5475
f 5413 5475 5411
f 5477 5541 5539
f 5477 5539 5475
f 5541 5611 5609
f 5541 5609 5539
f 5611 5685 5671
f 5611 5671 5609
f 5685 5749 5731
f 5685 5731 5671
f 5749 5813 5798
f 5749 5798 5731
f 5813 5874 5862
f 5813 5862 5798
f 5874 5937 5928
f 5874 5928 5862
f 5937 6002 5996
f 5937 5996 5928
f 6002 6073 6068
f 6002 6068 5996
f 6073 6139 6131
f 6073 6131 6068
f 6139 6207 6201
f 6139 6201 6131
f 6207 6271 6265
f 6207 6265 6201
f 6271 6339 6332
f 6271 6332 6265
f 6339 6400 6395
f 6339 6395 6332
f 6400 6471 6465
f 6400 6465 6395
f 6471 6541 6527
f 6471 6527 6465
f 6541 6608 6593
f 6541 6593 6527
f 6608 6675 6661
f 6608 6661 6593
f 6675 6741 6730
f 6675 6730 6661
f 6741 6809 6797
f 6741 6797 6730
f 6809 6868 6858
f 6809 6858 6797
f 6868 6929 6919
f 6868 6919 6858
f 6929 7004 6990
f 6929 6990 6919
f 7004 7069 7051
f 7004 7051 6990
f 7069 7139 7116
f 7069 7116 7051
f 7139 7217 7189
f 7139 7189 7116
f 7217 7285 7261
f 7217 7261 7189
f 7285 7345 7311
f 7285 7311 7261
f 7345 7408 7378
f 7345 7378 7311
f 7408 7479 7444
f 7408 7444 7378
f 7479 7545 7507
f 7479 7507 7444
f 7545 7610 7566
f 7545 7566 7507
f 7610 7682 7628
f 7610 7628 7566
f 7682 7754 7705
f 7682 7705 7628
f 7754 7827 7781
f 7754 7781 7705
f 7827 7896 7848
f 7827 7848 7781
f 7896 7970 7918
f 7896 7918 7848
f 7970 8022 7981
f 7970 7981 7918
f 8022 8098 8045
f 8022 8045 7981
f 8098 8171 8108
f 8098 8108 8045
f 8171 8241 8176
f 8171 8176 8108
f 8241 8300 8242
f 8241 8242 8176
f 8300 8362 8296
f 8300 8296 8242
f 8362 8428 8353
f 8362 8353 8296
f 8428 8490 8403
f 8428 8403 8353
f 8490 8548 8456
f 8490 8456 8403
f 8548 8590 8504
f 8548 8504 8456
f 8590 8613 8558
f 8590 8558 8504
f 8613 8647 8585
f 8613 8585 8558
f 8647 8660 8610
f 8647 8610 8585
f 8660 8676 8614
f 8660 8614 8610
f 8676 8688 8624
f 8676 8624 8614
f 8688 8697 8640
f 8688 8640 8624
f 8697 8698 8646
f 8697 8646 8640
f 8646 8641 8566
f 8646 8566 8574
f 8641 8625 8550
f 8641 8550 8566
f 8625 8615 8529
f 8625 8529 8550
f 8615 8611 8513
f 8615 8513 8529
f 8611 8586 8486
f 8611 8486 8513
f 8586 8559 8446
f 8586 8446 8486
f 8559 8509 8409
f 8559 8409 8446
f 8509 8457 8361
f 8509 8361 8409
f 8457 8410 8308
f 8457 8308 8361
f 8410 8354 8277
f 8410 8277 8308
f 8354 8297 8220
f 8354 8220 8277
f 8297 8247 8164
f 8297 8164 8220
f 8247 8179 8093
f 8247 8093 8164
f 8179 8113 8036
f 8179 8036 8093
f 8113 8046 7979
f 8113 7979 8036
f 8046 7982 7922
f 8046 7922 7979
f 7982 7919 7854
f 7982 7854 7922
f 7919 7851 7790
f 7919 7790 7854
f 7851 7782 7724
f 7851 7724 7790
f 7782 7706 7644
f 7782 7644 7724
f 7706 7629 7589
f 7706 7589 7644
f 7629 7567 7533
f 7629 7533 7589
f 7567 7512 7471
f 7567 7471 7533
f 7512 7445 7406
f 7512 7406 7471
f 7445 7381 7344
f 7445 7344 7406
f 7381 7314 7287
f 7381 7287 7344
f 7314 7262 7223
f 7314 7223 7287
f 7262 7190 7143
f 7262 7143 7223
f 7190 7117 7076
f 7190 7076 7143
f 7117 7054 7020
f 7117 7020 7076
f 7054 6991 6953
f 7054 6953 7020
f 6991 6920 6890
f 6991 6890 6953
f 6920 6861 6830
f 6920 6830 6890
f 6861 6798 6766
f 6861 6766 6830
f 6798 6731 6700
f 6798 6700 6766
f 6731 6662 6637
f 6731 6637 6700
f 6662 6598 6576
f 6662 6576 6637
f 6598 6528 6502
f 6598 6502 6576
f 6528 6466 6443
f 6528 6443 6502
f 6466 6396 6378
f 6466 6378 6443
f 6396 6333 6319
f 6396 6319 6378
f 6333 6266 6260
f 6333 6260 6319
f 6266 6202 6194
f 6266 6194 6260
f 6202 6132 6124
f 6202 6124 6194
f 6132 6069 6057
f 6132 6057 6124
f 6069 5997 5984
f 6069 5984 6057
f 5997 5929 5916
f 5997 5916 5984
f 5929 5863 5849
f 5929 5849 5916
f 5863 5805 5784
f 5863 5784 5849
f 5805 5736 5724
f 5805 5724 5784
f 5736 5672 5662
f 5736 5662 5724
f 5672 5610 5592
f 5672 5592 5662
f 5610 5540 5526
f 5610 5526 5592
f 5540 5476 5470
f 5540 5470 5526
f 5476 5412 5406
f 5476 5406 5470
f 5412 5342 5336
f 5412 5336 5406
f 5342 5272 5268
f 5342 5268 5336
f 5272 5208 5204
f 5272 5204 5268
f 5208 5144 5140
f 5208 5140 5204
f 5144 5074 5070
f 5144 5070 5140
f 5074 5004 5000
f 5074 5000 5070
f 5004 4940 4934
f 5004 4934 5000
f 4940 4876 4870
f 4940 4870 4934
f 4876 4806 4802
f 4876 4802 4870
f 4806 4736 4732
f 4806 4732 4802
f 4736 4672 4668
f 4736 4668 4732
f 4672 4610 4604
f 4672 4604 4668
f 4610 4565 4562
f 4610 4562 4604
f 4565 4486 4498
f 4565 4498 4562
f 4486 4424 4428
f 4486 4428 4498
f 4424 4360 4364
f 4424 4364 4428
f 4360 4290 4298
f 4360 4298 4364
f 4290 4220 4226
f 4290 4226 4298
f 4220 4156 4162
f 4220 4162 4226
f 4156 4092 4096
f 4156 4096 4162
f 4092 4022 4026
f 4092 4026 4096
f 4022 3952 3956
f 4022 3956 4026
f 3952 3888 3892
f 3952 3892 3956
f 3888 3824 3828
f 3888 3828 3892
f 3824 3754 3760
f 3824 3760 3828
f 3754 3684 3690
f 3754 3690 3760
f 3684 3620 3626
f 3684 3626 3690
f 3620 3556 3570
f 3620 3570 3626
f 3556 3486 3504
f 3556 3504 3570
f 3486 3424 3434
f 3486 3434 3504
f 3424 3364 3372
f 3424 3372 3434
f 3364 3297 3312
f 3364 3312 3372
f 3297 3233 3247
f 3297 3247 3312
f 3233 3167 3180
f 3233 3180 3247
f 3167 3099 3112
f 3167 3112 3180
f 3099 3027 3039
f 3099 3039 3112
f 3027 2964 2972
f 3027 2972 3039
f 2964 2894 2902
f 2964 2902 2972
f 2894 2830 2838
f 2894 2838 2902
f 2830 2763 2777
f 2830 2777 2838
f 2763 2700 2718
f 2763 2718 2777
f 2700 2630 2653
f 2700 2653 2718
f 2630 2568 2594
f 2630 2594 2653
f 2568 2502 2520
f 2568 2520 2594
f 2502 2434 2459
f 2502 2459 2520
f 2434 2365 2396
f 2434 2396 2459
f 2365 2298 2330
f 2365 2330 2396
f 2298 2237 2266
f 2298 2266 2330
f 2237 2176 2206
f 2237 2206 2266
f 2176 2105 2143
f 2176 2143 2206
f 2105 2044 2076
f 2105 2076 2143
f 2044 1979 2020
f 2044 2020 2076
f 1979 1906 1953
f 1979 1953 2020
f 1906 1834 1873
f 1906 1873 1953
f 1834 1784 1809
f 1834 1809 1873
f 1784 1717 1756
f 1784 1756 1809
f 1717 1651 1690
f 1717 1690 1756
f 1651 1588 1627
f 1651 1627 1690
f 1588 1529 1563
f 1588 1563 1627
f 1529 1467 1507
f 1529 1507 1563
f 1467 1390 1452
f 1467 1452 1507
f 1390 1314 1374
f 1390 1374 1452
f 1314 1247 1308
f 1314 1308 1374
f 1247 1177 1242
f 1247 1242 1308
f 1177 1114 1174
f 1177 1174 1242
f 1114 1050 1117
f 1114 1117 1174
f 1050 987 1062
f 1050 1062 1117
f 987 919 1009
f 987 1009 1062
f 919 853 932
f 919 932 1009
f 853 799 876
f 853 876 932
f 799 742 819
f 799 819 876
f 742 692 788
f 742 788 819
f 692 639 735
f 692 735 788
f 639 591 691
f 639 691 735
f 591 537 650
f 591 650 691
f 537 510 610
f 537 610 650
f 510 485 583
f 510 583 610
f 485 481 567
f 485 567 583
f 481 471 546
f 481 546 567
f 471 455 530
f 471 530 546
f 455 449 521
f 455 521 530
f 449 454 529
f 449 529 521
f 454 470 545
f 454 545 529
f 470 480 566
f 470 566 545
f 480 484 582
f 480 582 566
f 484 509 609
f 484 609 582
f 509 536 649
f 509 649 609
f 536 586 686
f 536 686 649
f 586 638 734
f 586 734 686
f 638 685 787
f 638 787 734
f 685 741 818
f 685 818 787
f 741 798 875
f 741 875 818
f 798 848 931
f 798 931 875
f 848 916 1002
f 848 1002 931
f 916 982 1059
f 916 1059 1002
f 982 1049 1116
f 982 1116 1059
f 1049 1113 1173
f 1049 1173 1116
f 1113 1176 1241
f 1113 1241 1173
f 1176 1244 1305
f 1176 1305 1241
f 1244 1313 1371
f 1244 1371 1305
f 1313 1389 1451
f 1313 1451 1371
f 1389 1466 1506
f 1389 1506 1451
f 1466 1528 1562
f 1466 1562 1506
f 1528 1583 1624
f 1528 1624 1562
f 1583 1650 1689
f 1583 1689 1624
f 1650 1714 1751
f 1650 1751 1689
f 1714 1781 1808
f 1714 1808 1751
f 1781 1833 1872
f 1781 1872 1808
f 1833 1905 1952
f 1833 1952 1872
f 1905 1978 2019
f 1905 2019 1952
f 1978 2041 2075
f 1978 2075 2019
f 2041 2104 2142
f 2041 2142 2075
f 2104 2175 2205
f 2104 2205 2142
f 2175 2234 2265
f 2175 2265 2205
f 2234 2297 2329
f 2234 2329 2265
f 2297 2364 2395
f 2297 2395 2329
f 2364 2433 2458
f 2364 2458 2395
f 2433 2497 2519
f 2433 2519 2458
f 2497 2567 2593
f 2497 2593 2519
f 2567 2629 2652
f 2567 2652 2593
f 2629 2699 2717
f 2629 2717 2652
f 2699 2762 2776
f 2699 2776 2717
f 2762 2829 2835
f 2762 2835 2776
f 2829 2893 2901
f 2829 2901 2835
f 2893 2963 2971
f 2893 2971 2901
f 2963 3026 3038
f 2963 3038 2971
f 3026 3098 3111
f 3026 3111 3038
f 3098 3166 3179
f 3098 3179 3111
f 3166 3232 3246
f 3166 3246 3179
f 3232 3290 3311
f 3232 3311 3246
f 3290 3359 3371
f 3290 3371 3311
f 3359 3423 3433
f 3359 3433 3371
f 3423 3485 3503
f 3423 3503 3433
f 3485 3555 3569
f 3485 3569 3503
f 3555 3619 3625
f 3555 3625 3569
f 3619 3683 3689
f 3619 3689 3625
f 3683 3753 3759
f 3683 3759 3689
f 3753 3823 3827
f 3753 3827 3759
f 3823 3887 3891
f 3823 3891 3827
f 3887 3951 3955
f 3887 3955 3891
f 3951 4021 4025
f 3951 4025 3955
f 4021 4091 4095
f 4021 4095 4025
f 4091 4155 4161
f 4091 4161 4095
f 4155 4219 4225
f 4155 4225 4161
f 4219 4289 4293
f 4219 4293 4225
f 4289 4359 4363
f 4289 4363 4293
f 4359 4423 4427
f 4359 4427 4363
f 4423 4485 4491
f 4423 4491 4427
f 4485 4530 4533
f 4485 4533 4491
f 4530 4609 4597
f 4530 4597 4533
f 4609 4671 4667
f 4609 4667 4597
f 4671 4735 4731
f 4671 4731 4667
f 4735 4805 4797
f 4735 4797 4731
f 4805 4875 4869
f 4805 4869 4797
f 4875 4939 4933
f 4875 4933 4869
f 4939 5003 4999
f 4939 4999 4933
f 5003 5073 5069
f 5003 5069 4999
f 5073 5143 5139
f 5073 5139 5069
f 5143 5207 5203
f 5143 5203 5139
f 5207 5271 5267
f 5207 5267 5203
f 5271 5341 5335
f 5271 5335 5267
f 5341 5411 5405
f 5341 5405 5335
f 5411 5475 5469
f 5411 5469 5405
f 5475 5539 5525
f 5475 5525 5469
f 5539 5609 5591
f 5539 5591 5525
f 5609 5671 5661
f 5609 5661 5591
f 5671 5731 5723
f 5671 5723 5661
f 5731 5798 5783
f 5731 5783 5723
f 5798 5862 5848
f 5798 5848 5783
f 5862 5928 5915
f 5862 5915 5848
f 5928 5996 5983
f 5928 5983 5915
f 5996 6068 6056
f 5996 6056 5983
f 6068 6131 6123
f 6068 6123 6056
f 6131 6201 6193
f 6131 6193 6123
f 6201 6265 6257
f 6201 6257 6193
f 6265 6332 6318
f 6265 6318 6257
f 6332 6395 6377
f 6332 6377 6318
f 6395 6465 6442
f 6395 6442 6377
f 6465 6527 6501
f 6465 6501 6442
f 6527 6593 6575
f 6527 6575 6501
f 6593 6661 6636
f 6593 6636 6575
f 6661 6730 6699
f 6661 6699 6636
f 6730 6797 6765
f 6730 6765 6699
f 6797 6858 6829
f 6797 6829 6765
f 6858 6919 6889
f 6858 6889 6829
f 6919 6990 6952
f 6919 6952 6889
f 6990 7051 7019
f 6990 7019 6952
f 7051 7116 7075
f 7051 7075 7019
f 7116 7189 7142
f 7116 7142 7075
f 7189 7261 7222
f 7189 7222 7142
f 7261 7311 7286
f 7261 7286 7222
f 7311 7378 7339
f 7311 7339 7286
f 7378 7444 7405
f 7378 7405 7339
f 7444 7507 7468
f 7444 7468 7405
f 7507 7566 7532
f 7507 7532 7468
f 7566 7628 7588
f 7566 7588 7532
f 7628 7705 7643
f 7628 7643 7588
f 7705 7781 7721
f 7705 7721 7643
f 7781 7848 7787
f 7781 7787 7721
f 7848 7918 7853
f 7848 7853 7787
f 7918 7981 7921
f 7918 7921 7853
f 7981 8045 7978
f 7981 7978 7921
f 8045 8108 8033
f 8045 8033 7978
f 8108 8176 8086
f 8108 8086 8033
f 8176 8242 8163
f 8176 8163 8086
f 8242 8296 8219
f 8242 8219 8163
f 8296 8353 8276
f 8296 8276 8219
f 8353 8403 8307
f 8353 8307 8276
f 8403 8456 8360
f 8403 8360 8307
f 8456 8504 8404
f 8456 8404 8360
f 8504 8558 8445
f 8504 8445 8404
f 8558 8585 8485
f 8558 8485 8445
f 8585 8610 8512
f 8585 8512 8485
f 8610 8614 8528
f 8610 8528 8512
f 8614 8624 8549
f 8614 8549 8528
f 8624 8640 8565
f 8624 8565 8549
f 8640 8646 8574
f 8640 8574 8565
f 8574 8566 8433
f 8574 8433 8439
f 8566 8550 8424
f 8566 8424 8433
f 8550 8529 8413
f 8550 8413 8424
f 8529 8513 8384
f 8529 8384 8413
f 8513 8486 8364
f 8513 8364 8384
f 8486 8446 8348
f 8486 8348 8364
f 8446 8409 8302
f 8446 8302 8348
f 8409 8361 8275
f 8409 8275 8302
f 8361 8308 8223
f 8361 8223 8275
f 8308 8277 8178
f 8308 8178 8223
f 8277 8220 8127
f 8277 8127 8178
f 8220 8164 8065
f 8220 8065 8127
f 8164 8093 8009
f 8164 8009 8065
f 8093 8036 7972
f 8093 7972 8009
f 8036 7979 7916
f 8036 7916 7972
f 7979 7922 7850
f 7979 7850 7916
f 7922 7854 7789
f 7922 7789 7850
f 7854 7790 7723
f 7854 7723 7789
f 7790 7724 7658
f 7790 7658 7723
f 7724 7644 7607
f 7724 7607 7658
f 7644 7589 7543
f 7644 7543 7607
f 7589 7533 7483
f 7589 7483 7543
f 7533 7471 7420
f 7533 7420 7483
f 7471 7406 7368
f 7471 7368 7420
f 7406 7344 7304
f 7406 7304 7368
f 7344 7287 7241
f 7344 7241 7304
f 7287 7223 7171
f 7287 7171 7241
f 7223 7143 7114
f 7223 7114 7171
f 7143 7076 7053
f 7143 7053 7114
f 7076 7020 6993
f 7076 6993 7053
f 7020 6953 6924
f 7020 6924 6993
f 6953 6890 6865
f 6953 6865 6924
f 6890 6830 6806
f 6890 6806 6865
f 6830 6766 6738
f 6830 6738 6806
f 6766 6700 6669
f 6766 6669 6738
f 6700 6637 6610
f 6700 6610 6669
f 6637 6576 6544
f 6637 6544 6610
f 6576 6502 6476
f 6576 6476 6544
f 6502 6443 6411
f 6502 6411 6476
f 6443 6378 6351
f 6443 6351 6411
f 6378 6319 6291
f 6378 6291 6351
f 6319 6260 6220
f 6319 6220 6291
f 6260 6194 6175
f 6260 6175 6220
f 6194 6124 6110
f 6194 6110 6175
f 6124 6057 6041
f 6124 6041 6110
f 6057 5984 5974
f 6057 5974 6041
f 5984 5916 5910
f 5984 5910 5974
f 5916 5849 5840
f 5916 5840 5910
f 5849 5784 5773
f 5849 5773 5840
f 5784 5724 5712
f 5784 5712 5773
f 5724 5662 5648
f 5724 5648 5712
f 5662 5592 5580
f 5662 5580 5648
f 5592 5526 5512
f 5592 5512 5580
f 5526 5470 5452
f 5526 5452 5512
f 5470 5406 5394
f 5470 5394 5452
f 5406 5336 5330
f 5406 5330 5394
f 5336 5268 5260
f 5336 5260 5330
f 5268 5204 5196
f 5268 5196 5260
f 5204 5140 5132
f 5204 5132 5196
f 5140 5070 5062
f 5140 5062 5132
f 5070 5000 4992
f 5070 4992 5062
f 5000 4934 4928
f 5000 4928 4992
f 4934 4870 4864
f 4934 4864 4928
f 4870 4802 4794
f 4870 4794 4864
f 4802 4732 4724
f 4802 4724 4794
f 4732 4668 4662
f 4732 4662 4724
f 4668 4604 4601
f 4668 4601 4662
f 4604 4562 4559
f 4604 4559 4601
f 4562 4498 4495
f 4562 4495 4559
f 4498 4428 4434
f 4498 4434 4495
f 4428 4364 4372
f 4428 4372 4434
f 4364 4298 4302
f 4364 4302 4372
f 4298 4226 4232
f 4298 4232 4302
f 4226 4162 4168
f 4226 4168 4232
f 4162 4096 4104
f 4162 4104 4168
f 4096 4026 4034
f 4096 4034 4104
f 4026 3956 3964
f 4026 3964 4034
f 3956 3892 3900
f 3956 3900 3964
f 3892 3828 3836
f 3892 3836 3900
f 3828 3760 3766
f 3828 3766 3836
f 3760 3690 3702
f 3760 3702 3766
f 3690 3626 3644
f 3690 3644 3702
f 3626 3570 3584
f 3626 3584 3644
f 3570 3504 3516
f 3570 3516 3584
f 3504 3434 3448
f 3504 3448 3516
f 3434 3372 3384
f 3434 3384 3448
f 3372 3312 3323
f 3372 3323 3384
f 3312 3247 3256
f 3312 3256 3323
f 3247 3180 3186
f 3247 3186 3256
f 3180 3112 3122
f 3180 3122 3186
f 3112 3039 3055
f 3112 3055 3122
f 3039 2972 2986
f 3039 2986 3055
f 2972 2902 2921
f 2972 2921 2986
f 2902 2838 2876
f 2902 2876 2921
f 2838 2777 2809
f 2838 2809 2876
f 2777 2718 2745
f 2777 2745 2809
f 2718 2653 2685
f 2718 2685 2745
f 2653 2594 2620
f 2653 2620 2685
f 2594 2520 2552
f 2594 2552 2620
f 2520 2459 2486
f 2520 2486 2552
f 2459 2396 2427
f 2459 2427 2486
f 2396 2330 2360
f 2396 2360 2427
f 2330 2266 2290
f 2330 2290 2360
f 2266 2206 2231
f 2266 2231 2290
f 2206 2143 2172
f 2206 2172 2231
f 2143 2076 2103
f 2143 2103 2172
f 2076 2020 2043
f 2076 2043 2103
f 2020 1953 1982
f 2020 1982 2043
f 1953 1873 1929
f 1953 1929 1982
f 1873 1809 1855
f 1873 1855 1929
f 1809 1756 1792
f 1809 1792 1855
f 1756 1690 1728
f 1756 1728 1792
f 1690 1627 1676
f 1690 1676 1728
f 1627 1563 1613
f 1627 1613 1676
f 1563 1507 1555
f 1563 1555 1613
f 1507 1452 1495
f 1507 1495 1555
f 1452 1374 1438
f 1452 1438 1495
f 1374 1308 1373
f 1374 1373 1438
f 1308 1242 1307
f 1308 1307 1373
f 1242 1174 1246
f 1242 1246 1307
f 1174 1117 1180
f 1174 1180 1246
f 1117 1062 1124
f 1117 1124 1180
f 1062 1009 1087
f 1062 1087 1124
f 1009 932 1031
f 1009 1031 1087
f 932 876 971
f 932 971 1031
f 876 819 918
f 876 918 971
f 819 788 873
f 819 873 918
f 788 735 821
f 788 821 873
f 735 691 794
f 735 794 821
f 691 650 748
f 691 748 794
f 650 610 732
f 650 732 748
f 610 583 712
f 610 712 732
f 583 567 683
f 583 683 712
f 567 546 672
f 567 672 683
f 546 530 663
f 546 663 672
f 530 521 656
f 530 656 663
f 521 529 662
f 521 662 656
f 529 545 671
f 529 671 662
f 545 566 682
f 545 682 671
f 566 582 711
f 566 711 682
f 582 609 731
f 582 731 711
f 609 649 747
f 609 747 731
f 649 686 793
f 649 793 747
f 686 734 820
f 686 820 793
f 734 787 872
f 734 872 820
f 787 818 917
f 787 917 872
f 818 875 968
f 818 968 917
f 875 931 1030
f 875 1030 968
f 931 1002 1086
f 931 1086 1030
f 1002 1059 1123
f 1002 1123 1086
f 1059 1116 1179
f 1059 1179 1123
f 1116 1173 1245
f 1116 1245 1179
f 1173 1241 1306
f 1173 1306 1245
f 1241 1305 1372
f 1241 1372 1306
f 1305 1371 1437
f 1305 1437 1372
f 1371 1451 1488
f 1371 1488 1437
f 1451 1506 1552
f 1451 1552 1488
f 1506 1562 1612
f 1506 1612 1552
f 1562 1624 1675
f 1562 1675 1612
f 1624 1689 1727
f 1624 1727 1675
f 1689 1751 1791
f 1689 1791 1727
f 1751 1808 1854
f 1751 1854 1791
f 1808 1872 1924
f 1808 1924 1854
f 1872 1952 1981
f 1872 1981 1924
f 1952 2019 2042
f 1952 2042 1981
f 2019 2075 2102
f 2019 2102 2042
f 2075 2142 2171
f 2075 2171 2102
f 2142 2205 2230
f 2142 2230 2171
f 2205 2265 2289
f 2205 2289 2230
f 2265 2329 2357
f 2265 2357 2289
f 2329 2395 2426
f 2329 2426 2357
f 2395 2458 2485
f 2395 2485 2426
f 2458 2519 2551
f 2458 2551 2485
f 2519 2593 2619
f 2519 2619 2551
f 2593 2652 2684
f 2593 2684 2619
f 2652 2717 2744
f 2652 2744 2684
f 2717 2776 2804
f 2717 2804 2744
f 2776 2835 2875
f 2776 2875 2804
f 2835 2901 2920
f 2835 2920 2875
f 2901 2971 2985
f 2901 2985 2920
f 2971 3038 3054
f 2971 3054 2985
f 3038 3111 3121
f 3038 3121 3054
f 3111 3179 3185
f 3111 3185 3121
f 3179 3246 3255
f 3179 3255 3185
f 3246 3311 3322
f 3246 3322 3255
f 3311 3371 3383
f 3311 3383 3322
f 3371 3433 3447
f 3371 3447 3383
f 3433 3503 3515
f 3433 3515 3447
f 3503 3569 3583
f 3503 3583 3515
f 3569 3625 3643
f 3569 3643 3583
f 3625 3689 3701
f 3625 3701 3643
f 3689 3759 3765
f 3689 3765 3701
f 3759 3827 3835
f 3759 3835 3765
f 3827 3891 3899
f 3827 3899 3835
f 3891 3955 3963
f 3891 3963 3899
f 3955 4025 4033
f 3955 4033 3963
f 4025 4095 4103
f 4025 4103 4033
f 4095 4161 4167
f 4095 4167 4103
f 4161 4225 4231
f 4161 4231 4167
f 4225 4293 4301
f 4225 4301 4231
f 4293 4363 4371
f 4293 4371 4301
f 4363 4427 4433
f 4363 4433 4371
f 4427 4491 4494
f 4427 4494 4433
f 4491 4533 4536
f 4491 4536 4494
f 4533 4597 4600
f 4533 4600 4536
f 4597 4667 4661
f 4597 4661 4600
f 4667 4731 4723
f 4667 4723 4661
f 4731 4797 4793
f 4731 4793 4723
f 4797 4869 4863
f 4797 4863 4793
f 4869 4933 4927
f 4869 4927 4863
f 4933 4999 4991
f 4933 4991 4927
f 4999 5069 5061
f 4999 5061 4991
f 5069 5139 5131
f 5069 5131 5061
f 5139 5203 5195
f 5139 5195 5131
f 5203 5267 5259
f 5203 5259 5195
f 5267 5335 5329
f 5267 5329 5259
f 5335 5405 5393
f 5335 5393 5329
f 5405 5469 5451
f 5405 5451 5393
f 5469 5525 5511
f 5469 5511 5451
f 5525 5591 5579
f 5525 5579 5511
f 5591 5661 5647
f 5591 5647 5579
f 5661 5723 5711
f 5661 5711 5647
f 5723 5783 5772
f 5723 5772 5711
f 5783 5848 5839
f 5783 5839 5772
f 5848 5915 5909
f 5848 5909 5839
f 5915 5983 5973
f 5915 5973 5909
f 5983 6056 6040
f 5983 6040 5973
f 6056 6123 6109
f 6056 6109 6040
f 6123 6193 6174
f 6123 6174 6109
f 6193 6257 6219
f 6193 6219 6174
f 6257 6318 6286
f 6257 6286 6219
f 6318 6377 6350
f 6318 6350 6286
f 6377 6442 6410
f 6377 6410 6350
f 6442 6501 6475
f 6442 6475 6410
f 6501 6575 6543
f 6501 6543 6475
f 6575 6636 6609
f 6575 6609 6543
f 6636 6699 6668
f 6636 6668 6609
f 6699 6765 6735
f 6699 6735 6668
f 6765 6829 6805
f 6765 6805 6735
f 6829 6889 6864
f 6829 6864 6805
f 6889 6952 6923
f 6889 6923 6864
f 6952 7019 6992
f 6952 6992 6923
f 7019 7075 7052
f 7019 7052 6992
f 7075 7142 7113
f 7075 7113 7052
f 7142 7222 7166
f 7142 7166 7113
f 7222 7286 7240
f 7222 7240 7166
f 7286 7339 7303
f 7286 7303 7240
f 7339 7405 7367
f 7339 7367 7303
f 7405 7468 7419
f 7405 7419 7367
f 7468 7532 7482
f 7468 7482 7419
f 7532 7588 7540
f 7532 7540 7482
f 7588 7643 7600
f 7588 7600 7540
f 7643 7721 7657
f 7643 7657 7600
f 7721 7787 7722
f 7721 7722 7657
f 7787 7853 7788
f 7787 7788 7722
f 7853 7921 7849
f 7853 7849 7788
f 7921 7978 7915
f 7921 7915 7849
f 7978 8033 7971
f 7978 7971 7915
f 8033 8086 8008
f 8033 8008 7971
f 8086 8163 8064
f 8086 8064 8008
f 8163 8219 8124
f 8163 8124 8064
f 8219 8276 8177
f 8219 8177 8124
f 8276 8307 8222
f 8276 8222 8177
f 8307 8360 8274
f 8307 8274 8222
f 8360 8404 8301
f 8360 8301 8274
f 8404 8445 8347
f 8404 8347 8301
f 8445 8485 8363
f 8445 8363 8347
f 8485 8512 8383
f 8485 8383 8363
f 8512 8528 8412
f 8512 8412 8383
f 8528 8549 8423
f 8528 8423 8412
f 8549 8565 8432
f 8549 8432 8423
f 8565 8574 8439
f 8565 8439 8432
f 8439 8433 8314
f 8439 8314 8313
f 8433 8424 8305
f 8433 8305 8314
f 8424 8413 8299
f 8424 8299 8305
f 8413 8384 8284
f 8413 8284 8299
f 8384 8364 8266
f 8384 8266 8284
f 8364 8348 8236
f 8364 8236 8266
f 8348 8302 8204
f 8348 8204 8236
f 8302 8275 8166
f 8302 8166 8204
f 8275 8223 8126
f 8275 8126 8166
f 8223 8178 8081
f 8223 8081 8126
f 8178 8127 8024
f 8178 8024 8081
f 8127 8065 7991
f 8127 7991 8024
f 8065 8009 7937
f 8065 7937 7991
f 8009 7972 7880
f 8009 7880 7937
f 7972 7916 7834
f 7972 7834 7880
f 7916 7850 7779
f 7916 7779 7834
f 7850 7789 7716
f 7850 7716 7779
f 7789 7723 7647
f 7789 7647 7716
f 7723 7658 7606
f 7723 7606 7647
f 7658 7607 7547
f 7658 7547 7606
f 7607 7543 7491
f 7607 7491 7547
f 7543 7483 7429
f 7543 7429 7491
f 7483 7420 7374
f 7483 7374 7429
f 7420 7368 7313
f 7420 7313 7374
f 7368 7304 7266
f 7368 7266 7313
f 7304 7241 7206
f 7304 7206 7266
f 7241 7171 7132
f 7241 7132 7206
f 7171 7114 7066
f 7171 7066 7132
f 7114 7053 7011
f 7114 7011 7066
f 7053 6993 6948
f 7053 6948 7011
f 6993 6924 6886
f 6993 6886 6948
f 6924 6865 6836
f 6924 6836 6886
f 6865 6806 6775
f 6865 6775 6836
f 6806 6738 6720
f 6806 6720 6775
f 6738 6669 6652
f 6738 6652 6720
f 6669 6610 6586
f 6669 6586 6652
f 6610 6544 6524
f 6610 6524 6586
f 6544 6476 6460
f 6544 6460 6524
f 6476 6411 6394
f 6476 6394 6460
f 6411 6351 6335
f 6411 6335 6394
f 6351 6291 6268
f 6351 6268 6335
f 6291 6220 6205
f 6291 6205 6268
f 6220 6175 6136
f 6220 6136 6205
f 6175 6110 6078
f 6175 6078 6136
f 6110 6041 6012
f 6110 6012 6078
f 6041 5974 5953
f 6041 5953 6012
f 5974 5910 5893
f 5974 5893 5953
f 5910 5840 5838
f 5910 5838 5893
f 5840 5773 5771
f 5840 5771 5838
f 5773 5712 5710
f 5773 5710 5771
f 5712 5648 5646
f 5712 5646 5710
f 5648 5580 5576
f 5648 5576 5646
f 5580 5512 5506
f 5580 5506 5576
f 5512 5452 5441
f 5512 5441 5506
f 5452 5394 5376
f 5452 5376 5441
f 5394 5330 5317
f 5394 5317 5376
f 5330 5260 5258
f 5330 5258 5317
f 5260 5196 5194
f 5260 5194 5258
f 5196 5132 5130
f 5196 5130 5194
f 5132 5062 5060
f 5132 5060 5130
f 5062 4992 4990
f 5062 4990 5060
f 4992 4928 4926
f 4992 4926 4990
f 4928 4864 4862
f 4928 4862 4926
f 4864 4794 4792
f 4864 4792 4862
f 4794 4724 4722
f 4794 4722 4792
f 4724 4662 4658
f 4724 4658 4722
f 4662 4601 4594
f 4662 4594 4658
f 4601 4559 4558
f 4601 4558 4594
f 4559 4495 4504
f 4559 4504 4558
f 4495 4434 4438
f 4495 4438 4504
f 4434 4372 4374
f 4434 4374 4438
f 4372 4302 4304
f 4372 4304 4374
f 4302 4232 4234
f 4302 4234 4304
f 4232 4168 4170
f 4232 4170 4234
f 4168 4104 4106
f 4168 4106 4170
f 4104 4034 4036
f 4104 4036 4106
f 4034 3964 3966
f 4034 3966 4036
f 3964 3900 3902
f 3964 3902 3966
f 3900 3836 3838
f 3900 3838 3902
f 3836 3766 3779
f 3836 3779 3838
f 3766 3702 3720
f 3766 3720 3779
f 3702 3644 3655
f 3702 3655 3720
f 3644 3584 3590
f 3644 3590 3655
f 3584 3516 3520
f 3584 3520 3590
f 3516 3448 3450
f 3516 3450 3520
f 3448 3384 3386
f 3448 3386 3450
f 3384 3323 3325
f 3384 3325 3386
f 3323 3256 3258
f 3323 3258 3325
f 3256 3186 3203
f 3256 3203 3258
f 3186 3122 3143
f 3186 3143 3203
f 3122 3055 3084
f 3122 3084 3143
f 3055 2986 3018
f 3055 3018 3084
f 2986 2921 2960
f 2986 2960 3018
f 2921 2876 2891
f 2921 2891 2960
f 2876 2809 2828
f 2876 2828 2891
f 2809 2745 2761
f 2809 2761 2828
f 2745 2685 2702
f 2745 2702 2761
f 2685 2620 2636
f 2685 2636 2702
f 2620 2552 2578
f 2620 2578 2636
f 2552 2486 2510
f 2552 2510 2578
f 2486 2427 2444
f 2486 2444 2510
f 2427 2360 2376
f 2427 2376 2444
f 2360 2290 2321
f 2360 2321 2376
f 2290 2231 2264
f 2290 2264 2321
f 2231 2172 2210
f 2231 2210 2264
f 2172 2103 2148
f 2172 2148 2210
f 2103 2043 2085
f 2103 2085 2148
f 2043 1982 2030
f 2043 2030 2085
f 1982 1929 1964
f 1982 1964 2030
f 1929 1855 1896
f 1929 1896 1964
f 1855 1792 1830
f 1855 1830 1896
f 1792 1728 1783
f 1792 1783 1830
f 1728 1676 1722
f 1728 1722 1783
f 1676 1613 1667
f 1676 1667 1722
f 1613 1555 1607
f 1613 1607 1667
f 1555 1495 1549
f 1555 1549 1607
f 1495 1438 1494
f 1495 1494 1549
f 1438 1373 1449
f 1438 1449 1494
f 1373 1307 1380
f 1373 1380 1449
f 1307 1246 1317
f 1307 1317 1380
f 1246 1180 1262
f 1246 1262 1317
f 1180 1124 1220
f 1180 1220 1262
f 1124 1087 1159
f 1124 1159 1220
f 1087 1031 1107
f 1087 1107 1159
f 1031 971 1072
f 1031 1072 1107
f 971 918 1025
f 971 1025 1072
f 918 873 970
f 918 970 1025
f 873 821 930
f 873 930 970
f 821 794 892
f 821 892 930
f 794 748 860
f 794 860 892
f 748 732 830
f 748 830 860
f 732 712 812
f 732 812 830
f 712 683 797
f 712 797 812
f 683 672 791
f 683 791 797
f 672 663 783
f 672 783 791
f 663 656 782
f 663 782 783
f 656 662 781
f 656 781 782
f 662 671 790
f 662 790 781
f 671 682 796
f 671 796 790
f 682 711 811
f 682 811 796
f 711 731 829
f 711 829 811
f 731 747 859
f 731 859 829
f 747 793 891
f 747 891 859
f 793 820 929
f 793 929 891
f 820 872 969
f 820 969 929
f 872 917 1014
f 872 1014 969
f 917 968 1071
f 917 1071 1014
f 968 1030 1104
f 968 1104 1071
f 1030 1086 1158
f 1030 1158 1104
f 1086 1123 1215
f 1086 1215 1158
f 1123 1179 1261
f 1123 1261 1215
f 1179 1245 1316
f 1179 1316 1261
f 1245 1306 1379
f 1245 1379 1316
f 1306 1372 1448
f 1306 1448 1379
f 1372 1437 1489
f 1372 1489 1448
f 1437 1488 1548
f 1437 1548 1489
f 1488 1552 1604
f 1488 1604 1548
f 1552 1612 1666
f 1552 1666 1604
f 1612 1675 1721
f 1612 1721 1666
f 1675 1727 1782
f 1675 1782 1721
f 1727 1791 1829
f 1727 1829 1782
f 1791 1854 1889
f 1791 1889 1829
f 1854 1924 1963
f 1854 1963 1889
f 1924 1981 2029
f 1924 2029 1963
f 1981 2042 2084
f 1981 2084 2029
f 2042 2102 2147
f 2042 2147 2084
f 2102 2171 2209
f 2102 2209 2147
f 2171 2230 2259
f 2171 2259 2209
f 2230 2289 2320
f 2230 2320 2259
f 2289 2357 2375
f 2289 2375 2320
f 2357 2426 2443
f 2357 2443 2375
f 2426 2485 2509
f 2426 2509 2443
f 2485 2551 2571
f 2485 2571 2509
f 2551 2619 2635
f 2551 2635 2571
f 2619 2684 2701
f 2619 2701 2635
f 2684 2744 2760
f 2684 2760 2701
f 2744 2804 2827
f 2744 2827 2760
f 2804 2875 2890
f 2804 2890 2827
f 2875 2920 2959
f 2875 2959 2890
f 2920 2985 3017
f 2920 3017 2959
f 2985 3054 3083
f 2985 3083 3017
f 3054 3121 3142
f 3054 3142 3083
f 3121 3185 3202
f 3121 3202 3142
f 3185 3255 3257
f 3185 3257 3202
f 3255 3322 3324
f 3255 3324 3257
f 3322 3383 3385
f 3322 3385 3324
f 3383 3447 3449
f 3383 3449 3385
f 3447 3515 3519
f 3447 3519 3449
f 3515 3583 3589
f 3515 3589 3519
f 3583 3643 3654
f 3583 3654 3589
f 3643 3701 3719
f 3643 3719 3654
f 3701 3765 3778
f 3701 3778 3719
f 3765 3835 3837
f 3765 3837 3778
f 3835 3899 3901
f 3835 3901 3837
f 3899 3963 3965
f 3899 3965 3901
f 3963 4033 4035
f 3963 4035 3965
f 4033 4103 4105
f 4033 4105 4035
f 4103 4167 4169
f 4103 4169 4105
f 4167 4231 4233
f 4167 4233 4169
f 4231 4301 4303
f 4231 4303 4233
f 4301 4371 4373
f 4301 4373 4303
f 4371 4433 4437
f 4371 4437 4373
f 4433 4494 4501
f 4433 4501 4437
f 4494 4536 4537
f 4494 4537 4501
f 4536 4600 4591
f 4536 4591 4537
f 4600 4661 4657
f 4600 4657 4591
f 4661 4723 4721
f 4661 4721 4657
f 4723 4793 4791
f 4723 4791 4721
f 4793 4863 4861
f 4793 4861 4791
f 4863 4927 4925
f 4863 4925 4861
f 4927 4991 4989
f 4927 4989 4925
f 4991 5061 5059
f 4991 5059 4989
f 5061 5131 5129
f 5061 5129 5059
f 5131 5195 5193
f 5131 5193 5129
f 5195 5259 5257
f 5195 5257 5193
f 5259 5329 5316
f 5259 5316 5257
f 5329 5393 5375
f 5329 5375 5316
f 5393 5451 5440
f 5393 5440 5375
f 5451 5511 5505
f 5451 5505 5440
f 5511 5579 5575
f 5511 5575 5505
f 5579 5647 5645
f 5579 5645 5575
f 5647 5711 5709
f 5647 5709 5645
f 5711 5772 5770
f 5711 5770 5709
f 5772 5839 5837
f 5772 5837 5770
f 5839 5909 5892
f 5839 5892 5837
f 5909 5973 5952
f 5909 5952 5892
f 5973 6040 6011
f 5973 6011 5952
f 6040 6109 6077
f 6040 6077 6011
f 6109 6174 6135
f 6109 6135 6077
f 6174 6219 6204
f 6174 6204 6135
f 6219 6286 6267
f 6219 6267 6204
f 6286 6350 6334
f 6286 6334 6267
f 6350 6410 6393
f 6350 6393 6334
f 6410 6475 6459
f 6410 6459 6393
f 6475 6543 6517
f 6475 6517 6459
f 6543 6609 6585
f 6543 6585 6517
f 6609 6668 6651
f 6609 6651 6585
f 6668 6735 6719
f 6668 6719 6651
f 6735 6805 6774
f 6735 6774 6719
f 6805 6864 6831
f 6805 6831 6774
f 6864 6923 6885
f 6864 6885 6831
f 6923 6992 6947
f 6923 6947 6885
f 6992 7052 7010
f 6992 7010 6947
f 7052 7113 7065
f 7052 7065 7010
f 7113 7166 7131
f 7113 7131 7065
f 7166 7240 7199
f 7166 7199 7131
f 7240 7303 7265
f 7240 7265 7199
f 7303 7367 7312
f 7303 7312 7265
f 7367 7419 7373
f 7367 7373 7312
f 7419 7482 7428
f 7419 7428 7373
f 7482 7540 7488
f 7482 7488 7428
f 7540 7600 7546
f 7540 7546 7488
f 7600 7657 7601
f 7600 7601 7546
f 7657 7722 7646
f 7657 7646 7601
f 7722 7788 7715
f 7722 7715 7646
f 7788 7849 7778
f 7788 7778 7715
f 7849 7915 7833
f 7849 7833 7778
f 7915 7971 7875
f 7915 7875 7833
f 7971 8008 7936
f 7971 7936 7875
f 8008 8064 7988
f 8008 7988 7936
f 8064 8124 8023
f 8064 8023 7988
f 8124 8177 8070
f 8124 8070 8023
f 8177 8222 8125
f 8177 8125 8070
f 8222 8274 8165
f 8222 8165 8125
f 8274 8301 8203
f 8274 8203 8165
f 8301 8347 8235
f 8301 8235 8203
f 8347 8363 8265
f 8347 8265 8235
f 8363 8383 8283
f 8363 8283 8265
f 8383 8412 8298
f 8383 8298 8283
f 8412 8423 8304
f 8412 8304 8298
f 8423 8432 8312
f 8423 8312 8304
f 8432 8439 8313
f 8432 8313 8312
f 8313 8314 8213
f 8313 8213 8218
f 8314 8305 8209
f 8314 8209 8213
f 8305 8299 8194
f 8305 8194 8209
f 8299 8284 8173
f 8299 8173 8194
f 8284 8266 8161
f 8284 8161 8173
f 8266 8236 8138
f 8266 8138 8161
f 8236 8204 8092
f 8236 8092 8138
f 8204 8166 8059
f 8204 8059 8092
f 8166 8126 8017
f 8166 8017 8059
f 8126 8081 7990
f 8126 7990 8017
f 8081 8024 7947
f 8081 7947 7990
f 8024 7991 7910
f 8024 7910 7947
f 7991 7937 7858
f 7991 7858 7910
f 7937 7880 7807
f 7937 7807 7858
f 7880 7834 7764
f 7880 7764 7807
f 7834 7779 7697
f 7834 7697 7764
f 7779 7716 7636
f 7779 7636 7697
f 7716 7647 7595
f 7716 7595 7636
f 7647 7606 7542
f 7647 7542 7595
f 7606 7547 7490
f 7606 7490 7542
f 7547 7491 7434
f 7547 7434 7490
f 7491 7429 7380
f 7491 7380 7434
f 7429 7374 7330
f 7429 7330 7380
f 7374 7313 7274
f 7374 7274 7330
f 7313 7266 7219
f 7313 7219 7274
f 7266 7206 7146
f 7266 7146 7219
f 7206 7132 7084
f 7206 7084 7146
f 7132 7066 7032
f 7132 7032 7084
f 7066 7011 6987
f 7066 6987 7032
f 7011 6948 6918
f 7011 6918 6987
f 6948 6886 6860
f 6948 6860 6918
f 6886 6836 6803
f 6886 6803 6860
f 6836 6775 6737
f 6836 6737 6803
f 6775 6720 6673
f 6775 6673 6737
f 6720 6652 6614
f 6720 6614 6673
f 6652 6586 6551
f 6652 6551 6614
f 6586 6524 6482
f 6586 6482 6551
f 6524 6460 6429
f 6524 6429 6482
f 6460 6394 6374
f 6460 6374 6429
f 6394 6335 6317
f 6394 6317 6374
f 6335 6268 6259
f 6335 6259 6317
f 6268 6205 6200
f 6268 6200 6259
f 6205 6136 6130
f 6205 6130 6200
f 6136 6078 6066
f 6136 6066 6130
f 6078 6012 5994
f 6078 5994 6066
f 6012 5953 5932
f 6012 5932 5994
f 5953 5893 5868
f 5953 5868 5932
f 5893 5838 5812
f 5893 5812 5868
f 5838 5771 5753
f 5838 5753 5812
f 5771 5710 5691
f 5771 5691 5753
f 5710 5646 5623
f 5710 5623 5691
f 5646 5576 5574
f 5646 5574 5623
f 5576 5506 5501
f 5576 5501 5574
f 5506 5441 5434
f 5506 5434 5501
f 5441 5376 5370
f 5441 5370 5434
f 5376 5317 5305
f 5376 5305 5370
f 5317 5258 5243
f 5317 5243 5305
f 5258 5194 5192
f 5258 5192 5243
f 5194 5130 5128
f 5194 5128 5192
f 5130 5060 5058
f 5130 5058 5128
f 5060 4990 4988
f 5060 4988 5058
f 4990 4926 4924
f 4990 4924 4988
f 4926 4862 4860
f 4926 4860 4924
f 4862 4792 4790
f 4862 4790 4860
f 4792 4722 4720
f 4792 4720 4790
f 4722 4658 4656
f 4722 4656 4720
f 4658 4594 4593
f 4658 4593 4656
f 4594 4558 4553
f 4594 4553 4593
f 4558 4504 4503
f 4558 4503 4553
f 4504 4438 4440
f 4504 4440 4503
f 4438 4374 4376
f 4438 4376 4440
f 4374 4304 4312
f 4374 4312 4376
f 4304 4234 4236
f 4304 4236 4312
f 4234 4170 4172
f 4234 4172 4236
f 4170 4106 4108
f 4170 4108 4172
f 4106 4036 4038
f 4106 4038 4108
f 4036 3966 3968
f 4036 3968 4038
f 3966 3902 3904
f 3966 3904 3968
f 3902 3838 3853
f 3902 3853 3904
f 3838 3779 3791
f 3838 3791 3853
f 3779 3720 3726
f 3779 3726 3791
f 3720 3655 3662
f 3720 3662 3726
f 3655 3590 3595
f 3655 3595 3662
f 3590 3520 3522
f 3590 3522 3595
f 3520 3450 3473
f 3520 3473 3522
f 3450 3386 3405
f 3450 3405 3473
f 3386 3325 3343
f 3386 3343 3405
f 3325 3258 3284
f 3325 3284 3343
f 3258 3203 3228
f 3258 3228 3284
f 3203 3143 3164
f 3203 3164 3228
f 3143 3084 3102
f 3143 3102 3164
f 3084 3018 3030
f 3084 3030 3102
f 3018 2960 2966
f 3018 2966 3030
f 2960 2891 2896
f 2960 2896 2966
f 2891 2828 2837
f 2891 2837 2896
f 2828 2761 2779
f 2828 2779 2837
f 2761 2702 2722
f 2761 2722 2779
f 2702 2636 2667
f 2702 2667 2722
f 2636 2578 2614
f 2636 2614 2667
f 2578 2510 2545
f 2578 2545 2614
f 2510 2444 2482
f 2510 2482 2545
f 2444 2376 2423
f 2444 2423 2482
f 2376 2321 2359
f 2376 2359 2423
f 2321 2264 2293
f 2321 2293 2359
f 2264 2210 2236
f 2264 2236 2293
f 2210 2148 2178
f 2210 2178 2236
f 2148 2085 2109
f 2148 2109 2178
f 2085 2030 2064
f 2085 2064 2109
f 2030 1964 2012
f 2030 2012 2064
f 1964 1896 1950
f 1964 1950 2012
f 1896 1830 1877
f 1896 1877 1950
f 1830 1783 1822
f 1830 1822 1877
f 1783 1722 1766
f 1783 1766 1822
f 1722 1667 1716
f 1722 1716 1766
f 1667 1607 1662
f 1667 1662 1716
f 1607 1549 1606
f 1607 1606 1662
f 1549 1494 1554
f 1549 1554 1606
f 1494 1449 1501
f 1494 1501 1554
f 1449 1380 1460
f 1449 1460 1501
f 1380 1317 1403
f 1380 1403 1460
f 1317 1262 1332
f 1317 1332 1403
f 1262 1220 1289
f 1262 1289 1332
f 1220 1159 1238
f 1220 1238 1289
f 1159 1107 1186
f 1159 1186 1238
f 1107 1072 1149
f 1107 1149 1186
f 1072 1025 1106
f 1072 1106 1149
f 1025 970 1083
f 1025 1083 1106
f 970 930 1037
f 970 1037 1083
f 930 892 1008
f 930 1008 1037
f 892 860 964
f 892 964 1008
f 860 830 935
f 860 935 964
f 830 812 923
f 830 923 935
f 812 797 902
f 812 902 923
f 797 791 887
f 797 887 902
f 791 783 881
f 791 881 887
f 783 782 877
f 783 877 881
f 782 781 880
f 782 880 877
f 781 790 886
f 781 886 880
f 790 796 901
f 790 901 886
f 796 811 922
f 796 922 901
f 811 829 934
f 811 934 922
f 829 859 957
f 829 957 934
f 859 891 1003
f 859 1003 957
f 891 929 1036
f 891 1036 1003
f 929 969 1078
f 929 1078 1036
f 969 1014 1105
f 969 1105 1078
f 1014 1071 1148
f 1014 1148 1105
f 1071 1104 1185
f 1071 1185 1148
f 1104 1158 1237
f 1104 1237 1185
f 1158 1215 1288
f 1158 1288 1237
f 1215 1261 1331
f 1215 1331 1288
f 1261 1316 1398
f 1261 1398 1331
f 1316 1379 1459
f 1316 1459 1398
f 1379 1448 1500
f 1379 1500 1459
f 1448 1489 1553
f 1448 1553 1500
f 1489 1548 1605
f 1489 1605 1553
f 1548 1604 1661
f 1548 1661 1605
f 1604 1666 1715
f 1604 1715 1661
f 1666 1721 1765
f 1666 1765 1715
f 1721 1782 1821
f 1721 1821 1765
f 1782 1829 1876
f 1782 1876 1821
f 1829 1889 1949
f 1829 1949 1876
f 1889 1963 2011
f 1889 2011 1949
f 1963 2029 2063
f 1963 2063 2011
f 2029 2084 2108
f 2029 2108 2063
f 2084 2147 2177
f 2084 2177 2108
f 2147 2209 2235
f 2147 2235 2177
f 2209 2259 2292
f 2209 2292 2235
f 2259 2320 2358
f 2259 2358 2292
f 2320 2375 2422
f 2320 2422 2358
f 2375 2443 2481
f 2375 2481 2422
f 2443 2509 2544
f 2443 2544 2481
f 2509 2571 2613
f 2509 2613 2544
f 2571 2635 2666
f 2571 2666 2613
f 2635 2701 2721
f 2635 2721 2666
f 2701 2760 2778
f 2701 2778 2721
f 2760 2827 2836
f 2760 2836 2778
f 2827 2890 2895
f 2827 2895 2836
f 2890 2959 2965
f 2890 2965 2895
f 2959 3017 3029
f 2959 3029 2965
f 3017 3083 3101
f 3017 3101 3029
f 3083 3142 3163
f 3083 3163 3101
f 3142 3202 3227
f 3142 3227 3163
f 3202 3257 3283
f 3202 3283 3227
f 3257 3324 3342
f 3257 3342 3283
f 3324 3385 3404
f 3324 3404 3342
f 3385 3449 3472
f 3385 3472 3404
f 3449 3519 3521
f 3449 3521 3472
f 3519 3589 3594
f 3519 3594 3521
f 3589 3654 3661
f 3589 3661 3594
f 3654 3719 3725
f 3654 3725 3661
f 3719 3778 3790
f 3719 3790 3725
f 3778 3837 3852
f 3778 3852 3790
f 3837 3901 3903
f 3837 3903 3852
f 3901 3965 3967
f 3901 3967 3903
f 3965 4035 4037
f 3965 4037 3967
f 4035 4105 4107
f 4035 4107 4037
f 4105 4169 4171
f 4105 4171 4107
f 4169 4233 4235
f 4169 4235 4171
f 4233 4303 4305
f 4233 4305 4235
f 4303 4373 4375
f 4303 4375 4305
f 4373 4437 4439
f 4373 4439 4375
f 4437 4501 4502
f 4437 4502 4439
f 4501 4537 4540
f 4501 4540 4502
f 4537 4591 4592
f 4537 4592 4540
f 4591 4657 4655
f 4591 4655 4592
f 4657 4721 4719
f 4657 4719 4655
f 4721 4791 4783
f 4721 4783 4719
f 4791 4861 4859
f 4791 4859 4783
f 4861 4925 4923
f 4861 4923 4859
f 4925 4989 4987
f 4925 4987 4923
f 4989 5059 5057
f 4989 5057 4987
f 5059 5129 5127
f 5059 5127 5057
f 5129 5193 5191
f 5129 5191 5127
f 5193 5257 5242
f 5193 5242 5191
f 5257 5316 5304
f 5257 5304 5242
f 5316 5375 5369
f 5316 5369 5304
f 5375 5440 5433
f 5375 5433 5369
f 5440 5505 5500
f 5440 5500 5433
f 5505 5575 5573
f 5505 5573 5500
f 5575 5645 5622
f 5575 5622 5573
f 5645 5709 5690
f 5645 5690 5622
f 5709 5770 5752
f 5709 5752 5690
f 5770 5837 5811
f 5770 5811 5752
f 5837 5892 5867
f 5837 5867 5811
f 5892 5952 5931
f 5892 5931 5867
f 5952 6011 5993
f 5952 5993 5931
f 6011 6077 6065
f 6011 6065 5993
f 6077 6135 6129
f 6077 6129 6065
f 6135 6204 6199
f 6135 6199 6129
f 6204 6267 6258
f 6204 6258 6199
f 6267 6334 6316
f 6267 6316 6258
f 6334 6393 6373
f 6334 6373 6316
f 6393 6459 6428
f 6393 6428 6373
f 6459 6517 6481
f 6459 6481 6428
f 6517 6585 6550
f 6517 6550 6481
f 6585 6651 6613
f 6585 6613 6550
f 6651 6719 6672
f 6651 6672 6613
f 6719 6774 6736
f 6719 6736 6672
f 6774 6831 6802
f 6774 6802 6736
f 6831 6885 6859
f 6831 6859 6802
f 6885 6947 6917
f 6885 6917 6859
f 6947 7010 6986
f 6947 6986 6917
f 7010 7065 7031
f 7010 7031 6986
f 7065 7131 7083
f 7065 7083 7031
f 7131 7199 7145
f 7131 7145 7083
f 7199 7265 7218
f 7199 7218 7145
f 7265 7312 7273
f 7265 7273 7218
f 7312 7373 7329
f 7312 7329 7273
f 7373 7428 7379
f 7373 7379 7329
f 7428 7488 7433
f 7428 7433 7379
f 7488 7546 7489
f 7488 7489 7433
f 7546 7601 7541
f 7546 7541 7489
f 7601 7646 7594
f 7601 7594 7541
f 7646 7715 7635
f 7646 7635 7594
f 7715 7778 7692
f 7715 7692 7635
f 7778 7833 7763
f 7778 7763 7692
f 7833 7875 7806
f 7833 7806 7763
f 7875 7936 7857
f 7875 7857 7806
f 7936 7988 7909
f 7936 7909 7857
f 7988 8023 7946
f 7988 7946 7909
f 8023 8070 7989
f 8023 7989 7946
f 8070 8125 8012
f 8070 8012 7989
f 8125 8165 8058
f 8125 8058 8012
f 8165 8203 8087
f 8165 8087 8058
f 8203 8235 8131
f 8203 8131 8087
f 8235 8265 8160
f 8235 8160 8131
f 8265 8283 8172
f 8265 8172 8160
f 8283 8298 8193
f 8283 8193 8172
f 8298 8304 8208
f 8298 8208 8193
f 8304 8312 8212
f 8304 8212 8208
f 8312 8313 8218
f 8312 8218 8212
f 8218 8213 4546
f 8213 8209 4546
f 8209 8194 4546
f 8194 8173 4546
f 8173 8161 4546
f 8161 8138 4546
f 8138 8092 4546
f 8092 8059 4546
f 8059 8017 4546
f 8017 7990 4546
f 7990 7947 4546
f 7947 7910 4546
f 7910 7858 4546
f 7858 7807 4546
f 7807 7764 4546
f 7764 7697 4546
f 7697 7636 4546
f 7636 7595 4546
f 7595 7542 4546
f 7542 7490 4546
f 7490 7434 4546
f 7434 7380 4546
f 7380 7330 4546
f 7330 7274 4546
f 7274 7219 4546
f 7219 7146 4546
f 7146 7084 4546
f 7084 7032 4546
f 7032 6987 4546
f 6987 6918 4546
f 6918 6860 4546
f 6860 6803 4546
f 6803 6737 4546
f 6737 6673 4546
f 6673 6614 4546
f 6614 6551 4546
f 6551 6482 4546
f 6482 6429 4546
f 6429 6374 4546
f 6374 6317 4546
f 6317 6259 4546
f 6259 6200 4546
f 6200 6130 4546
f 6130 6066 4546
f 6066 5994 4546
f 5994 5932 4546
f 5932 5868 4546
f 5868 5812 4546
f 5812 5753 4546
f 5753 5691 4546
f 5691 5623 4546
f 5623 5574 4546
f 5574 5501 4546
f 5501 5434 4546
f 5434 5370 4546
f 5370 5305 4546
f 5305 5243 4546
f 5243 5192 4546
f 5192 5128 4546
f 5128 5058 4546
f 5058 4988 4546
f 4988 4924 4546
f 4924 4860 4546
f 4860 4790 4546
f 4790 4720 4546
f 4720 4656 4546
f 4656 4593 4546
f 4593 4553 4546
f 4553 4503 4546
f 4503 4440 4546
f 4440 4376 4546
f 4376 4312 4546
f 4312 4236 4546
f 4236 4172 4546
f 4172 4108 4546
f 4108 4038 4546
f 4038 3968 4546
f 3968 3904 4546
f 3904 3853 4546
f 3853 3791 4546
f 3791 3726 4546
f 3726 3662 4546
f 3662 3595 4546
f 3595 3522 4546
f 3522 3473 4546
f 3473 3405 4546
f 3405 3343 4546
f 3343 3284 4546
f 3284 3228 4546
f 3228 3164 4546
f 3164 3102 4546
f 3102 3030 4546
f 3030 2966 4546
f 2966 2896 4546
f 2896 2837 4546
f 2837 2779 4546
f 2779 2722 4546
f 2722 2667 4546
f 2667 2614 4546
f 2614 2545 4546
f 2545 2482 4546
f 2482 2423 4546
f 2423 2359 4546
f 2359 2293 4546
f 2293 2236 4546
f 2236 2178 4546
f 2178 2109 4546
f 2109 2064 4546
f 2064 2012 4546
f 2012 1950 4546
f 1950 1877 4546
f 1877 1822 4546
f 1822 1766 4546
f 1766 1716 4546
f 1716 1662 4546
f 1662 1606 4546
f 1606 1554 4546
f 1554 1501 4546
f 1501 1460 4546
f 1460 1403 4546
f 1403 1332 4546
f 1332 1289 4546
f 1289 1238 4546
f 1238 1186 4546
f 1186 1149 4546
f 1149 1106 4546
f 1106 1083 4546
f 1083 1037 4546
f 1037 1008 4546
f 1008 964 4546
f 964 935 4546
f 935 923 4546
f 923 902 4546
f 902 887 4546
f 887 881 4546
f 881 877 4546
f 877 880 4546
f 880 886 4546
f 886 901 4546
f 901 922 4546
f 922 934 4546
f 934 957 4546
f 957 1003 4546
f 1003 1036 4546
f 1036 1078 4546
f 1078 1105 4546
f 1105 1148 4546
f 1148 1185 4546
f 1185 1237 4546
f 1237 1288 4546
f 1288 1331 4546
f 1331 1398 4546
f 1398 1459 4546
f 1459 1500 4546
f 1500 1553 4546
f 1553 1605 4546
f 1605 1661 4546
f 1661 1715 4546
f 1715 1765 4546
f 1765 1821 4546
f 1821 1876 4546
f 1876 1949 4546
f 1949 2011 4546
f 2011 2063 4546
f 2063 2108 4546
f 2108 2177 4546
f 2177 2235 4546
f 2235 2292 4546
f 2292 2358 4546
f 2358 2422 4546
f 2422 2481 4546
f 2481 2544 4546
f 2544 2613 4546
f 2613 2666 4546
f 2666 2721 4546
f 2721 2778 4546
f 2778 2836 4546
f 2836 2895 4546
f 2895 2965 4546
f 2965 3029 4546
f 3029 3101 4546
f 3101 3163 4546
f 3163 3227 4546
f 3227 3283 4546
f 3283 3342 4546
f 3342 3404 4546
f 3404 3472 4546
f 3472 3521 4546
f 3521 3594 4546
f 3594 3661 4546
f 3661 3725 4546
f 3725 3790 4546
f 3790 3852 4546
f 3852 3903 4546
f 3903 3967 4546
f 3967 4037 4546
f 4037 4107 4546
f 4107 4171 4546
f 4171 4235 4546
f 4235 4305 4546
f 4305 4375 4546
f 4375 4439 4546
f 4439 4502 4546
f 4502 4540 4546
f 4540 4592 4546
f 4592 4655 4546
f 4655 4719 4546
f 4719 4783 4546
f 4783 4859 4546
f 4859 4923 4546
f 4923 4987 4546
f 4987 5057 4546
f 5057 5127 4546
f 5127 5191 4546
f 5191 5242 4546
f 5242 5304 4546
f 5304 5369 4546
f 5369 5433 4546
f 5433 5500 4546
f 5500 5573 4546
f 5573 5622 4546
f 5622 5690 4546
f 5690 5752 4546
f 5752 5811 4546
f 5811 5867 4546
f 5867 5931 4546
f 5931 5993 4546
f 5993 6065 4546
f 6065 6129 4546
f 6129 6199 4546
f 6199 6258 4546
f 6258 6316 4546
f 6316 6373 4546
f 6373 6428 4546
f 6428 6481 4546
f 6481 6550 4546
f 6550 6613 4546
f 6613 6672 4546
f 6672 6736 4546
f 6736 6802 4546
f 6802 6859 4546
f 6859 6917 4546
f 6917 6986 4546
f 6986 7031 4546
f 7031 7083 4546
f 7083 7145 4546
f 7145 7218 4546
f 7218 7273 4546
f 7273 7329 4546
f 7329 7379 4546
f 7379 7433 4546
f 7433 7489 4546
f 7489 7541 4546
f 7541 7594 4546
f 7594 7635 4546
f 7635 7692 4546
f 7692 7763 4546
f 7763 7806 4546
f 7806 7857 4546
f 7857 7909 4546
f 7909 7946 4546
f 7946 7989 4546
f 7989 8012 4546
f 8012 8058 4546
f 8058 8087 4546
f 8087 8131 4546
f 8131 8160 4546
f 8160 8172 4546
f 8172 8193 4546
f 8193 8208 4546
f 8208 8212 4546
f 8212 8218 4546
f 8254 8214 8034
f 8254 8034 8134
f 8134 8034 8035
f 8134 8035 8135
f 8135 8035 8215
f 8135 8215 8255
f 8214 8077 7873
f 8214 7873 8034
f 8034 7873 7874
f 8034 7874 8035
f 8035 7874 8078
f 8035 8078 8215
f 8077 7905 7684
f 8077 7684 7873
f 7873 7684 7685
f 7873 7685 7874
f 7874 7685 7906
f 7874 7906 8078
f 7905 7676 7469
f 7905 7469 7684
f 7684 7469 7470
f 7684 7470 7685
f 7685 7470 7677
f 7685 7677 7906
f 7676 7440 7243
f 7676 7243 7469
f 7469 7243 7244
f 7469 7244 7470
f 7470 7244 7441
f 7470 7441 7677
f 7440 7202 6996
f 7440 6996 7243
f 7243 6996 6997
f 7243 6997 7244
f 7244 6997 7203
f 7244 7203 7441
f 7202 6932 6763
f 7202 6763 6996
f 6996 6763 6764
f 6996 6764 6997
f 6997 6764 6933
f 6997 6933 7203
f 6932 6685 6520
f 6932 6520 6763
f 6763 6520 6521
f 6763 6521 6764
f 6764 6521 6686
f 6764 6686 6933
f 6685 6417 6279
f 6685 6279 6520
f 6520 6279 6280
f 6520 6280 6521
f 6521 6280 6418
f 6521 6418 6686
f 6417 6152 6048
f 6417 6048 6279
f 6279 6048 6049
f 6279 6049 6280
f 6280 6049 6153
f 6280 6153 6418
f 6152 5905 5801
f 6152 5801 6048
f 6048 5801 5802
f 6048 5802 6049
f 6049 5802 5906
f 6049 5906 6153
f 5905 5641 5553
f 5905 5553 5801
f 5801 5553 5554
f 5801 5554 5802
f 5802 5554 5642
f 5802 5642 5906
f 5641 5361 5299
f 5641 5299 5553
f 5553 5299 5300
f 5553 5300 5554
f 5554 5300 5362
f 5554 5362 5642
f 5361 5099 5053
f 5361 5053 5299
f 5299 5053 5054
f 5299 5054 5300
f 5300 5054 5100
f 5300 5100 5362
f 5099 4825 4786
f 5099 4786 5053
f 5053 4786 4787
f 5053 4787 5054
f 5054 4787 4826
f 5054 4826 5100
f 4825 4554 4547
f 4825 4547 4786
f 4786 4547 4548
f 4786 4548 4787
f 4787 4548 4555
f 4787 4555 4826
f 4554 4269 4308
f 4554 4308 4547
f 4547 4308 4309
f 4547 4309 4548
f 4548 4309 4270
f 4548 4270 4555
f 4269 3995 4041
f 4269 4041 4308
f 4308 4041 4042
f 4308 4042 4309
f 4309 4042 3996
f 4309 3996 4270
f 3995 3733 3795
f 3995 3795 4041
f 4041 3795 3796
f 4041 3796 4042
f 4042 3796 3734
f 4042 3734 3996
f 3733 3453 3541
f 3733 3541 3795
f 3795 3541 3542
f 3795 3542 3796
f 3796 3542 3454
f 3796 3454 3734
f 3453 3189 3293
f 3453 3293 3541
f 3541 3293 3294
f 3541 3294 3542
f 3542 3294 3190
f 3542 3190 3454
f 3189 2942 3046
f 3189 3046 3293
f 3293 3046 3047
f 3293 3047 3294
f 3294 3047 2943
f 3294 2943 3190
f 2942 2677 2815
f 2942 2815 3046
f 3046 2815 2816
f 3046 2816 3047
f 3047 2816 2678
f 3047 2678 2943
f 2677 2409 2574
f 2677 2574 2815
f 2815 2574 2575
f 2815 2575 2816
f 2816 2575 2410
f 2816 2410 2678
f 2409 2162 2348
f 2409 2348 2574
f 2574 2348 2349
f 2574 2349 2575
f 2575 2349 2163
f 2575 2163 2410
f 2162 1892 2133
f 2162 2133 2348
f 2348 2133 2134
f 2348 2134 2349
f 2349 2134 1893
f 2349 1893 2163
f 1892 1654 1937
f 1892 1937 2133
f 2133 1937 1938
f 2133 1938 2134
f 2134 1938 1655
f 2134 1655 1893
f 1654 1418 1735
f 1654 1735 1937
f 1937 1735 1736
f 1937 1736 1938
f 1938 1736 1419
f 1938 1419 1655
f 1418 1189 1586
f 1418 1586 1735
f 1735 1586 1587
f 1735 1587 1736
f 1736 1587 1190
f 1736 1190 1419
f 1189 1021 1475
f 1189 1475 1586
f 1586 1475 1476
f 1586 1476 1587
f 1587 1476 1022
f 1587 1022 1190
f 1021 882 1377
f 1021 1377 1475
f 1475 1377 1378
f 1475 1378 1476
f 1476 1378 883
f 1476 883 1022
f 882 838 1343
f 882 1343 1377
f 1377 1343 1344
f 1377 1344 1378
f 1378 1344 839
f 1378 839 883
f 838 878 1375
f 838 1375 1343
f 1343 1375 1376
f 1343 1376 1344
f 1344 1376 879
f 1344 879 839
f 878 1015 1473
f 878 1473 1375
f 1375 1473 1474
f 1375 1474 1376
f 1376 1474 1016
f 1376 1016 879
f 1015 1187 1584
f 1015 1584 1473
f 1473 1584 1585
f 1473 1585 1474
f 1474 1585 1188
f 1474 1188 1016
f 1187 1416 1733
f 1187 1733 1584
f 1584 1733 1734
f 1584 1734 1585
f 1585 1734 1417
f 1585 1417 1188
f 1416 1652 1935
f 1416 1935 1733
f 1733 1935 1936
f 1733 1936 1734
f 1734 1936 1653
f 1734 1653 1417
f 1652 1890 2131
f 1652 2131 1935
f 1935 2131 2132
f 1935 2132 1936
f 1936 2132 1891
f 1936 1891 1653
f 1890 2160 2346
f 1890 2346 2131
f 2131 2346 2347
f 2131 2347 2132
f 2132 2347 2161
f 2132 2161 1891
f 2160 2407 2572
f 2160 2572 2346
f 2346 2572 2573
f 2346 2573 2347
f 2347 2573 2408
f 2347 2408 2161
f 2407 2675 2813
f 2407 2813 2572
f 2572 2813 2814
f 2572 2814 2573
f 2573 2814 2676
f 2573 2676 2408
f 2675 2940 3044
f 2675 3044 2813
f 2813 3044 3045
f 2813 3045 2814
f 2814 3045 2941
f 2814 2941 2676
f 2940 3187 3291
f 2940 3291 3044
f 3044 3291 3292
f 3044 3292 3045
f 3045 3292 3188
f 3045 3188 2941
f 3187 3451 3539
f 3187 3539 3291
f 3291 3539 3540
f 3291 3540 3292
f 3292 3540 3452
f 3292 3452 3188
f 3451 3731 3793
f 3451 3793 3539
f 3539 3793 3794
f 3539 3794 3540
f 3540 3794 3732
f 3540 3732 3452
f 3731 3993 4039
f 3731 4039 3793
f 3793 4039 4040
f 3793 4040 3794
f 3794 4040 3994
f 3794 3994 3732
f 3993 4267 4306
f 3993 4306 4039
f 4039 4306 4307
f 4039 4307 4040
f 4040 4307 4268
f 4040 4268 3994
f 4267 4538 4543
f 4267 4543 4306
f 4306 4543 4544
f 4306 4544 4307
f 4307 4544 4539
f 4307 4539 4268
f 4538 4823 4784
f 4538 4784 4543
f 4543 4784 4785
f 4543 4785 4544
f 4544 4785 4824
f 4544 4824 4539
f 4823 5097 5051
f 4823 5051 4784
f 4784 5051 5052
f 4784 5052 4785
f 4785 5052 5098
f 4785 5098 4824
f 5097 5359 5297
f 5097 5297 5051
f 5051 5297 5298
f 5051 5298 5052
f 5052 5298 5360
f 5052 5360 5098
f 5359 5639 5551
f 5359 5551 5297
f 5297 5551 5552
f 5297 5552 5298
f 5298 5552 5640
f 5298 5640 5360
f 5639 5903 5799
f 5639 5799 5551
f 5551 5799 5800
f 5551 5800 5552
f 5552 5800 5904
f 5552 5904 5640
f 5903 6150 6046
f 5903 6046 5799
f 5799 6046 6047
f 5799 6047 5800
f 5800 6047 6151
f 5800 6151 5904
f 6150 6415 6277
f 6150 6277 6046
f 6046 6277 6278
f 6046 6278 6047
f 6047 6278 6416
f 6047 6416 6151
f 6415 6683 6518
f 6415 6518 6277
f 6277 6518 6519
f 6277 6519 6278
f 6278 6519 6684
f 6278 6684 6416
f 6683 6930 6746
f 6683 6746 6518
f 6518 6746 6747
f 6518 6747 6519
f 6519 6747 6931
f 6519 6931 6684
f 6930 7200 6961
f 6930 6961 6746
f 6746 6961 6962
f 6746 6962 6747
f 6747 6962 7201
f 6747 7201 6931
f 7200 7438 7157
f 7200 7157 6961
f 6961 7157 7158
f 6961 7158 6962
f 6962 7158 7439
f 6962 7439 7201
f 7438 7674 7359
f 7438 7359 7157
f 7157 7359 7360
f 7157 7360 7158
f 7158 7360 7675
f 7158 7675 7439
f 7674 7903 7508
f 7674 7508 7359
f 7359 7508 7509
f 7359 7509 7360
f 7360 7509 7904
f 7360 7904 7675
f 7903 8071 7619
f 7903 7619 7508
f 7508 7619 7620
f 7508 7620 7509
f 7509 7620 8072
f 7509 8072 7904
f 8071 8210 7717
f 8071 7717 7619
f 7619 7717 7718
f 7619 7718 7620
f 7620 7718 8211
f 7620 8211 8072
f 8210 8256 7751
f 8210 7751 7717
f 7717 7751 7752
f 7717 7752 7718
f 7718 7752 8257
f 7718 8257 8211
f 8256 8216 7719
f 8256 7719 7751
f 7751 7719 7720
f 7751 7720 7752
f 7752 7720 8217
f 7752 8217 8257
f 8216 8079 7621
f 8216 7621 7719
f 7719 7621 7622
f 7719 7622 7720
f 7720 7622 8080
f 7720 8080 8217
f 8079 7907 7510
f 8079 7510 7621
f 7621 7510 7511
f 7621 7511 7622
f 7622 7511 7908
f 7622 7908 8080
f 7907 7678 7361
f 7907 7361 7510
f 7510 7361 7362
f 7510 7362 7511
f 7511 7362 7679
f 7511 7679 7908
f 7678 7442 7159
f 7678 7159 7361
f 7361 7159 7160
f 7361 7160 7362
f 7362 7160 7443
f 7362 7443 7679
f 7442 7204 6963
f 7442 6963 7159
f 7159 6963 6964
f 7159 6964 7160
f 7160 6964 7205
f 7160 7205 7443
f 7204 6934 6748
f 7204 6748 6963
f 6963 6748 6749
f 6963 6749 6964
f 6964 6749 6935
f 6964 6935 7205
f 6934 6687 6522
f 6934 6522 6748
f 6748 6522 6523
f 6748 6523 6749
f 6749 6523 6688
f 6749 6688 6935
f 6687 6419 6281
f 6687 6281 6522
f 6522 6281 6282
f 6522 6282 6523
f 6523 6282 6420
f 6523 6420 6688
f 6419 6154 6050
f 6419 6050 6281
f 6281 6050 6051
f 6281 6051 6282
f 6282 6051 6155
f 6282 6155 6420
f 6154 5907 5803
f 6154 5803 6050
f 6050 5803 5804
f 6050 5804 6051
f 6051 5804 5908
f 6051 5908 6155
f 5907 5643 5555
f 5907 5555 5803
f 5803 5555 5556
f 5803 5556 5804
f 5804 5556 5644
f 5804 5644 5908
f 5643 5363 5301
f 5643 5301 5555
f 5555 5301 5302
f 5555 5302 5556
f 5556 5302 5364
f 5556 5364 5644
f 5363 5101 5055
f 5363 5055 5301
f 5301 5055 5056
f 5301 5056 5302
f 5302 5056 5102
f 5302 5102 5364
f 5101 4827 4788
f 5101 4788 5055
f 5055 4788 4789
f 5055 4789 5056
f 5056 4789 4828
f 5056 4828 5102
f 4827 4556 4549
f 4827 4549 4788
f 4788 4549 4550
f 4788 4550 4789
f 4789 4550 4557
f 4789 4557 4828
f 4556 4271 4310
f 4556 4310 4549
f 4549 4310 4311
f 4549 4311 4550
f 4550 4311 4272
f 4550 4272 4557
f 4271 3997 4043
f 4271 4043 4310
f 4310 4043 4044
f 4310 4044 4311
f 4311 4044 3998
f 4311 3998 4272
f 3997 3735 3797
f 3997 3797 4043
f 4043 3797 3798
f 4043 3798 4044
f 4044 3798 3736
f 4044 3736 3998
f 3735 3455 3543
f 3735 3543 3797
f 3797 3543 3544
f 3797 3544 3798
f 3798 3544 3456
f 3798 3456 3736
f 3455 3191 3295
f 3455 3295 3543
f 3543 3295 3296
f 3543 3296 3544
f 3544 3296 3192
f 3544 3192 3456
f 3191 2944 3048
f 3191 3048 3295
f 3295 3048 3049
f 3295 3049 3296
f 3296 3049 2945
f 3296 2945 3192
f 2944 2679 2817
f 2944 2817 3048
f 3048 2817 2818
f 3048 2818 3049
f 3049 2818 2680
f 3049 2680 2945
f 2679 2411 2576
f 2679 2576 2817
f 2817 2576 2577
f 2817 2577 2818
f 2818 2577 2412
f 2818 2412 2680
f 2411 2164 2331
f 2411 2331 2576
f 2576 2331 2332
f 2576 2332 2577
f 2577 2332 2165
f 2577 2165 2412
f 2164 1894 2098
f 2164 2098 2331
f 2331 2098 2099
f 2331 2099 2332
f 2332 2099 1895
f 2332 1895 2165
f 1894 1656 1851
f 1894 1851 2098
f 2098 1851 1852
f 2098 1852 2099
f 2099 1852 1657
f 2099 1657 1895
f 1656 1420 1625
f 1656 1625 1851
f 1851 1625 1626
f 1851 1626 1852
f 1852 1626 1421
f 1852 1421 1657
f 1420 1191 1410
f 1420 1410 1625
f 1625 1410 1411
f 1625 1411 1626
f 1626 1411 1192
f 1626 1192 1421
f 1191 1023 1221
f 1191 1221 1410
f 1410 1221 1222
f 1410 1222 1411
f 1411 1222 1024
f 1411 1024 1192
f 1023 884 1060
f 1023 1060 1221
f 1221 1060 1061
f 1221 1061 1222
f 1222 1061 885
f 1222 885 1024
f 884 840 960
f 884 960 1060
f 1060 960 961
f 1060 961 1061
f 1061 961 841
f 1061 841 885
f 8254 8134 8135
f 8254 8135 8255
f 841 961 960
f 841 960 840
