v -0.037000 0.000000 0.009250
v -0.037000 0.000000 0.047000
v -0.037000 0.000000 0.094000
v -0.036978 0.000000 0.096490
v -0.036942 0.000000 0.008214
v -0.036921 -0.002420 0.009250
v -0.036921 -0.002420 0.047000
v -0.036921 -0.002420 0.094000
v -0.036921 0.002420 0.009250
v -0.036921 0.002420 0.047000
v -0.036921 0.002420 0.094000
v -0.036911 0.000000 0.098971
v -0.036899 -0.002418 0.096490
v -0.036899 0.002418 0.096490
v -0.036863 -0.002416 0.008214
v -0.036863 0.002416 0.008214
v -0.036832 -0.002414 0.098971
v -0.036832 0.002414 0.098971
v -0.036801 0.000000 0.101437
v -0.036768 0.000000 0.007192
v -0.036722 -0.002407 0.101437
v -0.036722 0.002407 0.101437
v -0.036689 -0.002405 0.007192
v -0.036689 0.002405 0.007192
v -0.036683 -0.004829 0.009250
v -0.036683 -0.004829 0.047000
v -0.036683 -0.004829 0.094000
v -0.036683 0.004829 0.009250
v -0.036683 0.004829 0.047000
v -0.036683 0.004829 0.094000
v -0.036661 -0.004827 0.096490
v -0.036661 0.004827 0.096490
v -0.036646 0.000000 0.103880
v -0.036626 -0.004822 0.008214
v -0.036626 0.004822 0.008214
v -0.036596 -0.004818 0.098971
v -0.036596 0.004818 0.098971
v -0.036568 -0.002397 0.103880
v -0.036568 0.002397 0.103880
v -0.036486 -0.004803 0.101437
v -0.036486 0.004803 0.101437
v -0.036481 0.000000 0.006195
v -0.036454 -0.004799 0.007192
v -0.036449 0.000000 0.106291
v -0.036454 0.004799 0.007192
v -0.036403 -0.002386 0.006195
v -0.036403 0.002386 0.006195
v -0.036371 -0.002384 0.106291
v -0.036371 0.002384 0.106291
v -0.036333 -0.004783 0.103880
v -0.036333 0.004783 0.103880
v -0.036289 -0.007218 0.009250
v -0.036289 -0.007218 0.047000
v -0.036289 -0.007218 0.094000
v -0.036289 0.007218 0.009250
v -0.036289 0.007218 0.047000
v -0.036289 0.007218 0.094000
v -0.036267 -0.007214 0.096490
v -0.036267 0.007214 0.096490
v -0.036232 -0.007207 0.008214
v -0.036232 0.007207 0.008214
v -0.036209 0.000000 0.108664
v -0.036202 -0.007201 0.098971
v -0.036202 0.007201 0.098971
v -0.036169 -0.004762 0.006195
v -0.036169 0.004762 0.006195
v -0.036137 -0.004758 0.106291
v -0.036137 0.004758 0.106291
v -0.036131 -0.002368 0.108664
v -0.036131 0.002368 0.108664
v -0.036094 -0.007179 0.101437
v -0.036094 0.007179 0.101437
v -0.036084 0.000000 0.005237
v -0.036062 -0.007173 0.007192
v -0.036062 0.007173 0.007192
v -0.036007 -0.002360 0.005237
v -0.036007 0.002360 0.005237
v -0.035942 -0.007149 0.103880
v -0.035942 0.007149 0.103880
v -0.035927 0.000000 0.110991
v -0.035899 -0.004726 0.108664
v -0.035899 0.004726 0.108664
v -0.035850 -0.002350 0.110991
v -0.035850 0.002350 0.110991
v -0.035800 0.000000 0.009250
v -0.035800 0.000000 0.047000
v -0.035800 0.000000 0.094000
v -0.035780 -0.007117 0.006195
v -0.035775 -0.004710 0.005237
v -0.035780 0.000000 0.096449
v -0.035775 0.004710 0.005237
v -0.035780 0.007117 0.006195
v -0.035749 -0.007111 0.106291
v -0.035749 0.000000 0.008349
v -0.035749 0.007111 0.106291
v -0.035739 -0.009576 0.009250
v -0.035739 -0.009576 0.047000
v -0.035739 -0.009576 0.094000
v -0.035739 0.009576 0.009250
v -0.035739 0.009576 0.047000
v -0.035739 0.009576 0.094000
v -0.035718 -0.009571 0.096490
v -0.035723 -0.002341 0.009250
v -0.035723 -0.002341 0.047000
v -0.035723 -0.002341 0.094000
v -0.035719 0.000000 0.098891
v -0.035723 0.002341 0.009250
v -0.035723 0.002341 0.047000
v -0.035723 0.002341 0.094000
v -0.035718 0.009571 0.096490
v -0.035703 -0.002340 0.096449
v -0.035703 0.002340 0.096449
v -0.035683 -0.009561 0.008214
v -0.035683 0.009561 0.008214
v -0.035673 -0.002338 0.008349
v -0.035673 0.002338 0.008349
v -0.035654 -0.009553 0.098971
v -0.035654 0.009553 0.098971
v -0.035642 -0.002336 0.098891
v -0.035642 0.002336 0.098891
v -0.035619 -0.004689 0.110991
v -0.035618 0.000000 0.101317
v -0.035619 0.004689 0.110991
v -0.035598 0.000000 0.007459
v -0.035604 0.000000 0.113264
v -0.035582 0.000000 0.004329
v -0.035547 -0.009525 0.101437
v -0.035547 0.009525 0.101437
v -0.035541 -0.002330 0.101317
v -0.035541 0.002330 0.101317
v -0.035527 -0.002329 0.113264
v -0.035527 0.002329 0.113264
v -0.035515 -0.009516 0.007192
v -0.035522 -0.002328 0.007459
v -0.035522 0.002328 0.007459
v -0.035515 0.009516 0.007192
v -0.035513 -0.007064 0.108664
v -0.035506 -0.002327 0.004329
v -0.035506 0.002327 0.004329
v -0.035513 0.007064 0.108664
v -0.035494 -0.004673 0.009250
v -0.035494 -0.004673 0.047000
v -0.035494 -0.004673 0.094000
v -0.035494 0.004673 0.009250
v -0.035494 0.004673 0.047000
v -0.035494 0.004673 0.094000
v -0.035477 0.000000 0.103720
v -0.035474 -0.004670 0.096449
v -0.035474 0.004670 0.096449
v -0.035444 -0.004666 0.008349
v -0.035444 0.004666 0.008349
v -0.035413 -0.004662 0.098891
v -0.035413 0.004662 0.098891
v -0.035398 -0.009485 0.103880
v -0.035401 -0.002320 0.103720
v -0.035401 0.002320 0.103720
v -0.035398 0.009485 0.103880
v -0.035391 -0.007040 0.005237
v -0.035391 0.007040 0.005237
v -0.035348 0.000000 0.006591
v -0.035313 -0.004649 0.101317
v -0.035313 0.004649 0.101317
v -0.035299 -0.004647 0.113264
v -0.035296 0.000000 0.106092
v -0.035299 0.004647 0.113264
v -0.035294 -0.004646 0.007459
v -0.035294 0.004646 0.007459
v -0.035278 -0.004644 0.004329
v -0.035278 0.004644 0.004329
v -0.035273 -0.002312 0.006591
v -0.035273 0.002312 0.006591
v -0.035238 -0.009442 0.006195
v -0.035236 -0.007009 0.110991
v -0.035241 0.000000 0.115477
v -0.035236 0.007009 0.110991
v -0.035238 0.009442 0.006195
v -0.035220 -0.002308 0.106092
v -0.035220 0.002308 0.106092
v -0.035207 -0.009434 0.106291
v -0.035207 0.009434 0.106291
v -0.035173 -0.004631 0.103720
v -0.035165 -0.002305 0.115477
v -0.035165 0.002305 0.115477
v -0.035173 0.004631 0.103720
v -0.035112 -0.006984 0.009250
v -0.035112 -0.006984 0.047000
v -0.035112 -0.006984 0.094000
v -0.035112 0.006984 0.009250
v -0.035112 0.006984 0.047000
v -0.035112 0.006984 0.094000
v -0.035092 -0.006980 0.096449
v -0.035092 0.006980 0.096449
v -0.035076 0.000000 0.108427
v -0.035062 -0.006974 0.008349
v -0.035062 0.006974 0.008349
v -0.035046 -0.004614 0.006591
v -0.035046 0.004614 0.006591
v -0.035036 -0.011893 0.009250
v -0.035036 -0.011893 0.047000
v -0.035036 -0.011893 0.094000
v -0.035036 0.011893 0.009250
v -0.035036 0.011893 0.047000
v -0.035036 0.011893 0.094000
v -0.035033 -0.006968 0.098891
v -0.035033 0.006968 0.098891
v -0.035015 -0.011886 0.096490
v -0.035015 0.011886 0.096490
v -0.035001 -0.002294 0.108427
v -0.035003 0.000000 0.005757
v -0.035001 0.002294 0.108427
v -0.034994 -0.004607 0.106092
v -0.034994 0.004607 0.106092
v -0.034981 -0.011875 0.008214
v -0.034982 0.000000 0.003483
v -0.034981 0.011875 0.008214
v -0.034975 -0.009372 0.108664
v -0.034975 0.009372 0.108664
v -0.034952 -0.011865 0.098971
v -0.034952 0.011865 0.098971
v -0.034939 -0.004600 0.115477
v -0.034939 0.004600 0.115477
v -0.034933 -0.006949 0.101317
v -0.034928 -0.002289 0.005757
v -0.034928 0.002289 0.005757
v -0.034933 0.006949 0.101317
v -0.034920 -0.006946 0.113264
v -0.034920 0.006946 0.113264
v -0.034914 -0.006945 0.007459
v -0.034907 -0.002288 0.003483
v -0.034907 0.002288 0.003483
v -0.034914 0.006945 0.007459
v -0.034898 -0.006942 0.004329
v -0.034898 0.006942 0.004329
v -0.034848 -0.011829 0.101437
v -0.034854 -0.009339 0.005237
v -0.034854 0.009339 0.005237
v -0.034848 0.011829 0.101437
v -0.034839 0.000000 0.117622
v -0.034817 -0.011819 0.007192
v -0.034818 0.000000 0.110716
v -0.034817 0.011819 0.007192
v -0.034795 -0.006921 0.103720
v -0.034795 0.006921 0.103720
v -0.034776 -0.004578 0.108427
v -0.034776 0.004578 0.108427
v -0.034764 -0.002279 0.117622
v -0.034764 0.002279 0.117622
v -0.034743 -0.002277 0.110716
v -0.034743 0.002277 0.110716
v -0.034702 -0.011780 0.103880
v -0.034703 -0.009299 0.110991
v -0.034703 -0.004569 0.005757
v -0.034703 0.004569 0.005757
v -0.034703 0.009299 0.110991
v -0.034702 0.011780 0.103880
v -0.034683 -0.004566 0.003483
v -0.034683 0.004566 0.003483
v -0.034669 -0.006896 0.006591
v -0.034669 0.006896 0.006591
v -0.034618 -0.006886 0.106092
v -0.034618 0.006886 0.106092
v -0.034580 -0.009266 0.009250
v -0.034580 -0.009266 0.047000
v -0.034580 -0.009266 0.094000
v -0.034580 0.009266 0.009250
v -0.034580 0.009266 0.047000
v -0.034580 0.009266 0.094000
v -0.034566 0.000000 0.004967
v -0.034561 -0.009260 0.096449
v -0.034564 -0.006875 0.115477
v -0.034564 0.006875 0.115477
v -0.034561 0.009260 0.096449
v -0.034545 -0.011726 0.006195
v -0.034541 -0.004547 0.117622
v -0.034541 0.004547 0.117622
v -0.034545 0.011726 0.006195
v -0.034531 -0.009253 0.008349
v -0.034531 0.009253 0.008349
v -0.034520 -0.004545 0.110716
v -0.034522 0.000000 0.112952
v -0.034520 0.004545 0.110716
v -0.034515 -0.011716 0.106291
v -0.034515 0.011716 0.106291
v -0.034502 -0.009245 0.098891
v -0.034502 0.009245 0.098891
v -0.034492 -0.002261 0.004967
v -0.034492 0.002261 0.004967
v -0.034449 -0.002258 0.112952
v -0.034449 0.002258 0.112952
v -0.034404 -0.009219 0.101317
v -0.034402 -0.006843 0.108427
v -0.034399 0.000000 0.119693
v -0.034402 0.006843 0.108427
v -0.034404 0.009219 0.101317
v -0.034385 -0.009213 0.007459
v -0.034390 -0.009215 0.113264
v -0.034385 0.009213 0.007459
v -0.034390 0.009215 0.113264
v -0.034370 -0.009209 0.004329
v -0.034370 0.009209 0.004329
v -0.034330 -0.006829 0.005757
v -0.034326 -0.002250 0.119693
v -0.034326 0.002250 0.119693
v -0.034330 0.006829 0.005757
v -0.034310 -0.006825 0.003483
v -0.034310 0.006825 0.003483
v -0.034287 -0.011639 0.108664
v -0.034291 0.000000 0.002709
v -0.034287 0.011639 0.108664
v -0.034268 -0.009182 0.103720
v -0.034270 -0.004512 0.004967
v -0.034270 0.004512 0.004967
v -0.034268 0.009182 0.103720
v -0.034227 -0.004506 0.112952
v -0.034227 0.004506 0.112952
v -0.034217 -0.002243 0.002709
v -0.034217 0.002243 0.002709
v -0.034190 0.000000 0.115129
v -0.034184 -0.014159 0.009250
v -0.034184 -0.014159 0.047000
v -0.034184 -0.014159 0.094000
v -0.034184 0.014159 0.009250
v -0.034184 0.014159 0.047000
v -0.034184 0.014159 0.094000
v -0.034169 -0.011599 0.005237
v -0.034169 -0.006797 0.117622
v -0.034169 0.006797 0.117622
v -0.034169 0.011599 0.005237
v -0.034163 -0.014151 0.096490
v -0.034163 0.014151 0.096490
v -0.034149 -0.006793 0.110716
v -0.034149 0.006793 0.110716
v -0.034144 -0.009149 0.006591
v -0.034144 0.009149 0.006591
v -0.034130 -0.014137 0.008214
v -0.034130 0.014137 0.008214
v -0.034117 -0.002236 0.115129
v -0.034117 0.002236 0.115129
v -0.034105 -0.004490 0.119693
v -0.034105 0.004490 0.119693
v -0.034102 -0.014125 0.098971
v -0.034102 0.014125 0.098971
v -0.034093 -0.009135 0.106092
v -0.034093 0.009135 0.106092
v -0.034040 -0.009121 0.115477
v -0.034044 0.000000 0.004231
v -0.034040 0.009121 0.115477
v -0.034020 -0.011548 0.110991
v -0.034020 0.011548 0.110991
v -0.033999 -0.014083 0.101437
v -0.033997 -0.004476 0.002709
v -0.033997 0.004476 0.002709
v -0.033999 0.014083 0.101437
v -0.033969 -0.014071 0.007192
v -0.033971 -0.002227 0.004231
v -0.033971 0.002227 0.004231
v -0.033969 0.014071 0.007192
v -0.033924 0.000000 0.121683
v -0.033900 -0.011508 0.009250
v -0.033900 -0.011508 0.047000
v -0.033900 -0.011508 0.094000
v -0.033902 -0.006744 0.004967
v -0.033898 -0.004463 0.115129
v -0.033898 0.004463 0.115129
v -0.033902 0.006744 0.004967
v -0.033900 0.011508 0.009250
v -0.033900 0.011508 0.047000
v -0.033900 0.011508 0.094000
v -0.033881 -0.011501 0.096449
v -0.033881 -0.009078 0.108427
v -0.033881 0.009078 0.108427
v -0.033881 0.011501 0.096449
v -0.033857 -0.014024 0.103880
v -0.033859 -0.006735 0.112952
v -0.033859 0.006735 0.112952
v -0.033857 0.014024 0.103880
v -0.033852 -0.011491 0.008349
v -0.033851 -0.002219 0.121683
v -0.033851 0.002219 0.121683
v -0.033852 0.011491 0.008349
v -0.033823 -0.011481 0.098891
v -0.033823 0.000000 0.117239
v -0.033823 0.011481 0.098891
v -0.033810 -0.009059 0.005757
v -0.033810 0.009059 0.005757
v -0.033790 -0.009054 0.003483
v -0.033790 0.009054 0.003483
v -0.033752 -0.004444 0.004231
v -0.033750 -0.002212 0.117239
v -0.033750 0.002212 0.117239
v -0.033752 0.004444 0.004231
v -0.033738 -0.006711 0.119693
v -0.033738 0.006711 0.119693
v -0.033728 -0.011449 0.101317
v -0.033728 0.011449 0.101317
v -0.033709 -0.011443 0.007459
v -0.033714 -0.011444 0.113264
v -0.033709 0.011443 0.007459
v -0.033714 0.011444 0.113264
v -0.033704 -0.013961 0.006195
v -0.033704 0.013961 0.006195
v -0.033694 -0.011438 0.004329
v -0.033694 0.011438 0.004329
v -0.033674 -0.013948 0.106291
v -0.033674 0.013948 0.106291
v -0.033652 -0.009017 0.117622
v -0.033652 0.009017 0.117622
v -0.033632 -0.009012 0.110716
v -0.033632 -0.006690 0.002709
v -0.033634 -0.004428 0.121683
v -0.033634 0.004428 0.121683
v -0.033632 0.006690 0.002709
v -0.033632 0.009012 0.110716
v -0.033594 -0.011404 0.103720
v -0.033594 0.011404 0.103720
v -0.033533 -0.006670 0.115129
v -0.033533 -0.004415 0.117239
v -0.033533 0.004415 0.117239
v -0.033533 0.006670 0.115129
v -0.033517 0.000000 0.002018
v -0.033472 -0.011362 0.006591
v -0.033472 0.011362 0.006591
v -0.033453 -0.013856 0.108664
v -0.033446 -0.002192 0.002018
v -0.033446 0.002192 0.002018
v -0.033453 0.013856 0.108664
v -0.033442 0.000000 0.003558
v -0.033423 -0.011345 0.106092
v -0.033421 0.000000 0.119276
v -0.033423 0.011345 0.106092
v -0.033414 0.000000 0.123586
v -0.033388 -0.008946 0.004967
v -0.033390 -0.006642 0.004231
v -0.033390 0.006642 0.004231
v -0.033388 0.008946 0.004967
v -0.033370 -0.011328 0.115477
v -0.033371 -0.002187 0.003558
v -0.033371 0.002187 0.003558
v -0.033370 0.011328 0.115477
v -0.033346 -0.008935 0.112952
v -0.033349 -0.002186 0.119276
v -0.033349 0.002186 0.119276
v -0.033346 0.008935 0.112952
v -0.033337 -0.013809 0.005237
v -0.033342 -0.002185 0.123586
v -0.033342 0.002185 0.123586
v -0.033337 0.013809 0.005237
v -0.033272 -0.006618 0.121683
v -0.033272 0.006618 0.121683
v -0.033227 -0.008903 0.119693
v -0.033231 -0.004375 0.002018
v -0.033231 0.004375 0.002018
v -0.033227 0.008903 0.119693
v -0.033215 -0.011275 0.108427
v -0.033215 0.011275 0.108427
v -0.033192 -0.013749 0.110991
v -0.033192 0.013749 0.110991
v -0.033184 -0.016365 0.009250
v -0.033184 -0.016365 0.047000
v -0.033184 -0.016365 0.094000
v -0.033184 0.016365 0.009250
v -0.033184 0.016365 0.047000
v -0.033184 0.016365 0.094000
v -0.033173 -0.006598 0.117239
v -0.033173 0.006598 0.117239
v -0.033164 -0.016355 0.096490
v -0.033156 -0.004365 0.003558
v -0.033156 0.004365 0.003558
v -0.033164 0.016355 0.096490
v -0.033145 -0.011251 0.005757
v -0.033145 0.011251 0.005757
v -0.033132 -0.016339 0.008214
v -0.033125 -0.011245 0.003483
v -0.033135 -0.004362 0.119276
v -0.033128 -0.004361 0.123586
v -0.033135 0.004362 0.119276
v -0.033128 0.004361 0.123586
v -0.033125 0.011245 0.003483
v -0.033132 0.016339 0.008214
v -0.033122 -0.008875 0.002709
v -0.033122 0.008875 0.002709
v -0.033105 -0.016325 0.098971
v -0.033105 0.016325 0.098971
v -0.033075 -0.013700 0.009250
v -0.033075 -0.013700 0.047000
v -0.033075 -0.013700 0.094000
v -0.033075 0.013700 0.009250
v -0.033075 0.013700 0.047000
v -0.033075 0.013700 0.094000
v -0.033056 -0.013692 0.096449
v -0.033056 0.013692 0.096449
v -0.033028 -0.013681 0.008349
v -0.033025 -0.008849 0.115129
v -0.033025 0.008849 0.115129
v -0.033028 0.013681 0.008349
v -0.033006 -0.016277 0.101437
v -0.033006 0.016277 0.101437
v -0.033000 -0.013669 0.098891
v -0.033000 0.013669 0.098891
v -0.032990 -0.011199 0.117622
v -0.032986 0.000000 0.121234
v -0.032990 0.011199 0.117622
v -0.032976 -0.016262 0.007192
v -0.032976 0.016262 0.007192
v -0.032970 -0.011192 0.110716
v -0.032970 0.011192 0.110716
v -0.032906 -0.013630 0.101317
v -0.032915 -0.002157 0.121234
v -0.032915 0.002157 0.121234
v -0.032906 0.013630 0.101317
v -0.032888 -0.013623 0.007459
v -0.032893 -0.013625 0.113264
v -0.032888 0.013623 0.007459
v -0.032893 0.013625 0.113264
v -0.032884 -0.008811 0.004231
v -0.032884 0.008811 0.004231
v -0.032867 -0.016208 0.103880
v -0.032874 -0.013617 0.004329
v -0.032873 -0.006539 0.002018
v -0.032870 0.000000 0.125396
v -0.032873 0.006539 0.002018
v -0.032874 0.013617 0.004329
v -0.032867 0.016208 0.103880
v -0.032800 -0.006524 0.003558
v -0.032800 -0.002150 0.125396
v -0.032800 0.002150 0.125396
v -0.032800 0.006524 0.003558
v -0.032776 -0.013576 0.103720
v -0.032779 -0.006520 0.119276
v -0.032779 0.006520 0.119276
v -0.032776 0.013576 0.103720
v -0.032768 -0.008780 0.121683
v -0.032772 -0.006519 0.123586
v -0.032769 0.000000 0.002956
v -0.032772 0.006519 0.123586
v -0.032768 0.008780 0.121683
v -0.032732 -0.011111 0.004967
v -0.032732 0.011111 0.004967
v -0.032719 -0.016135 0.006195
v -0.032719 0.016135 0.006195
v -0.032703 -0.004305 0.121234
v -0.032699 -0.002143 0.002956
v -0.032699 0.002143 0.002956
v -0.032703 0.004305 0.121234
v -0.032690 -0.016121 0.106291
v -0.032690 -0.011097 0.112952
v -0.032690 0.011097 0.112952
v -0.032690 0.016121 0.106291
v -0.032670 -0.008754 0.117239
v -0.032671 0.000000 0.001418
v -0.032670 0.008754 0.117239
v -0.032658 -0.013527 0.006591
v -0.032658 0.013527 0.006591
v -0.032609 -0.013507 0.106092
v -0.032609 0.013507 0.106092
v -0.032601 -0.002137 0.001418
v -0.032601 0.002137 0.001418
v -0.032589 -0.004290 0.125396
v -0.032589 0.004290 0.125396
v -0.032574 -0.011057 0.119693
v -0.032574 0.011057 0.119693
v -0.032558 -0.013486 0.115477
v -0.032558 0.013486 0.115477
v -0.032519 0.000000 0.123106
v -0.032489 -0.004277 0.002956
v -0.032489 0.004277 0.002956
v -0.032475 -0.016015 0.108664
v -0.032471 -0.011022 0.002709
v -0.032471 0.011022 0.002709
v -0.032475 0.016015 0.108664
v -0.032449 -0.002127 0.123106
v -0.032449 0.002127 0.123106
v -0.032406 -0.013423 0.108427
v -0.032406 0.013423 0.108427
v -0.032392 -0.004264 0.001418
v -0.032392 0.004264 0.001418
v -0.032376 -0.010990 0.115129
v -0.032375 -0.008675 0.002018
v -0.032375 0.008675 0.002018
v -0.032376 0.010990 0.115129
v -0.032363 -0.015960 0.005237
v -0.032363 0.015960 0.005237
v -0.032352 -0.006435 0.121234
v -0.032352 0.006435 0.121234
v -0.032338 -0.013395 0.005757
v -0.032338 0.013395 0.005757
v -0.032319 -0.013387 0.003483
v -0.032319 0.013387 0.003483
v -0.032303 -0.008655 0.003558
v -0.032295 0.000000 0.127107
v -0.032303 0.008655 0.003558
v -0.032282 -0.008650 0.119276
v -0.032275 -0.008648 0.123586
v -0.032282 0.008650 0.119276
v -0.032275 0.008648 0.123586
v -0.032237 -0.010943 0.004231
v -0.032239 -0.006413 0.125396
v -0.032241 -0.004245 0.123106
v -0.032241 0.004245 0.123106
v -0.032239 0.006413 0.125396
v -0.032237 0.010943 0.004231
v -0.032226 -0.002112 0.127107
v -0.032226 0.002112 0.127107
v -0.032222 -0.015890 0.110991
v -0.032222 0.015890 0.110991
v -0.032187 -0.013332 0.117622
v -0.032187 0.013332 0.117622
v -0.032168 -0.013324 0.110716
v -0.032168 0.013324 0.110716
v -0.032139 -0.006393 0.002956
v -0.032139 0.006393 0.002956
v -0.032123 -0.010904 0.121683
v -0.032123 0.010904 0.121683
v -0.032108 -0.015834 0.009250
v -0.032108 -0.015834 0.047000
v -0.032108 -0.015834 0.094000
v -0.032108 0.015834 0.009250
v -0.032108 0.015834 0.047000
v -0.032108 0.015834 0.094000
v -0.032090 -0.015825 0.096449
v -0.032090 0.015825 0.096449
v -0.032063 -0.015812 0.008349
v -0.032063 0.015812 0.008349
v -0.032043 -0.018500 0.009250
v -0.032043 -0.018500 0.047000
v -0.032043 -0.018500 0.094000
v -0.032035 -0.015798 0.098891
v -0.032044 -0.006374 0.001418
v -0.032044 0.006374 0.001418
v -0.032035 0.015798 0.098891
v -0.032043 0.018500 0.009250
v -0.032043 0.018500 0.047000
v -0.032043 0.018500 0.094000
v -0.032028 -0.010872 0.117239
v -0.032033 0.000000 0.002434
v -0.032028 0.010872 0.117239
v -0.032024 -0.018489 0.096490
v -0.032019 -0.004215 0.127107
v -0.032022 0.000000 0.124886
v -0.032019 0.004215 0.127107
v -0.032024 0.018489 0.096490
v -0.031993 -0.018471 0.008214
v -0.031993 0.018471 0.008214
v -0.031966 -0.018456 0.098971
v -0.031966 0.018456 0.098971
v -0.031964 -0.002095 0.002434
v -0.031964 0.002095 0.002434
v -0.031953 -0.002094 0.124886
v -0.031953 0.002094 0.124886
v -0.031945 -0.015753 0.101317
v -0.031945 0.015753 0.101317
v -0.031932 -0.015747 0.113264
v -0.031927 -0.015745 0.007459
v -0.031935 -0.013228 0.004967
v -0.031935 0.013228 0.004967
v -0.031927 0.015745 0.007459
v -0.031932 0.015747 0.113264
v -0.031913 -0.015738 0.004329
v -0.031913 0.015738 0.004329
v -0.031895 -0.013211 0.112952
v -0.031894 -0.006344 0.123106
v -0.031894 0.006344 0.123106
v -0.031895 0.013211 0.112952
v -0.031870 -0.018400 0.101437
v -0.031870 0.018400 0.101437
v -0.031862 -0.008537 0.121234
v -0.031862 0.008537 0.121234
v -0.031842 -0.018384 0.007192
v -0.031842 0.018384 0.007192
v -0.031818 -0.015691 0.103720
v -0.031818 0.015691 0.103720
v -0.031781 -0.013164 0.119693
v -0.031781 0.013164 0.119693
v -0.031759 -0.004181 0.002434
v -0.031763 0.000000 0.000916
v -0.031759 0.004181 0.002434
v -0.031750 -0.008507 0.125396
v -0.031748 -0.004180 0.124886
v -0.031748 0.004180 0.124886
v -0.031750 0.008507 0.125396
v -0.031737 -0.018323 0.103880
v -0.031739 -0.010774 0.002018
v -0.031739 0.010774 0.002018
v -0.031737 0.018323 0.103880
v -0.031703 -0.015634 0.006591
v -0.031695 -0.002077 0.000916
v -0.031695 0.002077 0.000916
v -0.031703 0.015634 0.006591
v -0.031691 0.000000 0.128713
v -0.031681 -0.013122 0.002709
v -0.031681 0.013122 0.002709
v -0.031667 -0.010750 0.003558
v -0.031675 -0.006301 0.127107
v -0.031675 0.006301 0.127107
v -0.031667 0.010750 0.003558
v -0.031656 -0.015611 0.106092
v -0.031656 0.015611 0.106092
v -0.031647 -0.010743 0.119276
v -0.031653 -0.008481 0.002956
v -0.031653 0.008481 0.002956
v -0.031647 0.010743 0.119276
v -0.031640 -0.010740 0.123586
v -0.031640 0.010740 0.123586
v -0.031623 -0.002073 0.128713
v -0.031623 0.002073 0.128713
v -0.031606 -0.015587 0.115477
v -0.031606 0.015587 0.115477
v -0.031593 -0.018240 0.006195
v -0.031588 -0.013084 0.115129
v -0.031588 0.013084 0.115129
v -0.031593 0.018240 0.006195
v -0.031566 -0.018224 0.106291
v -0.031566 0.018224 0.106291
v -0.031558 -0.008456 0.001418
v -0.031558 0.008456 0.001418
v -0.031496 0.000000 0.126570
v -0.031492 -0.004146 0.000916
v -0.031492 0.004146 0.000916
v -0.031459 -0.015514 0.108427
v -0.031459 0.015514 0.108427
v -0.031452 -0.013028 0.004231
v -0.031452 0.013028 0.004231
v -0.031428 -0.002060 0.126570
v -0.031428 0.002060 0.126570
v -0.031417 -0.006249 0.002434
v -0.031420 -0.004137 0.128713
v -0.031420 0.004137 0.128713
v -0.031417 0.006249 0.002434
v -0.031411 -0.008416 0.123106
v -0.031406 -0.006247 0.124886
v -0.031406 0.006247 0.124886
v -0.031411 0.008416 0.123106
v -0.031393 -0.015481 0.005757
v -0.031393 0.015481 0.005757
v -0.031374 -0.015472 0.003483
v -0.031374 0.015472 0.003483
v -0.031358 -0.018104 0.108664
v -0.031358 0.018104 0.108664
v -0.031342 -0.012982 0.121683
v -0.031342 0.012982 0.121683
v -0.031250 -0.018042 0.005237
v -0.031246 -0.015409 0.117622
v -0.031248 -0.012943 0.117239
v -0.031248 0.012943 0.117239
v -0.031246 0.015409 0.117622
v -0.031250 0.018042 0.005237
v -0.031235 -0.010603 0.121234
v -0.031243 0.000000 0.001997
v -0.031235 0.010603 0.121234
v -0.031227 -0.015400 0.110716
v -0.031226 -0.004111 0.126570
v -0.031226 0.004111 0.126570
v -0.031227 0.015400 0.110716
v -0.031195 -0.008359 0.127107
v -0.031195 0.008359 0.127107
v -0.031176 -0.002043 0.001997
v -0.031176 0.002043 0.001997
v -0.031153 -0.006197 0.000916
v -0.031153 0.006197 0.000916
v -0.031126 -0.010566 0.125396
v -0.031126 0.010566 0.125396
v -0.031113 -0.017963 0.110991
v -0.031113 0.017963 0.110991
v -0.031082 -0.006183 0.128713
v -0.031082 0.006183 0.128713
v -0.031059 0.000000 0.130211
v -0.031030 -0.010533 0.002956
v -0.031030 0.010533 0.002956
v -0.031004 -0.017900 0.009250
v -0.031004 -0.017900 0.047000
v -0.031004 -0.017900 0.094000
v -0.031001 -0.015288 0.004967
v -0.031001 0.015288 0.004967
v -0.031004 0.017900 0.009250
v -0.031004 0.017900 0.047000
v -0.031004 0.017900 0.094000
v -0.030986 -0.017890 0.096449
v -0.030993 -0.002031 0.130211
v -0.030993 0.002031 0.130211
v -0.030986 0.017890 0.096449
v -0.030975 -0.004078 0.001997
v -0.030975 0.004078 0.001997
v -0.030966 -0.012827 0.002018
v -0.030966 0.012827 0.002018
v -0.030960 -0.017875 0.008349
v -0.030962 -0.015269 0.112952
v -0.030962 0.015269 0.112952
v -0.030960 0.017875 0.008349
v -0.030937 -0.010502 0.001418
v -0.030941 -0.008291 0.002434
v -0.030943 0.000000 0.128150
v -0.030941 0.008291 0.002434
v -0.030937 0.010502 0.001418
v -0.030933 -0.017859 0.098891
v -0.030931 -0.008288 0.124886
v -0.030931 0.008288 0.124886
v -0.030933 0.017859 0.098891
v -0.030897 -0.012798 0.003558
v -0.030897 0.012798 0.003558
v -0.030891 -0.006145 0.126570
v -0.030891 0.006145 0.126570
v -0.030877 -0.012790 0.119276
v -0.030877 -0.002024 0.128150
v -0.030877 0.002024 0.128150
v -0.030877 0.012790 0.119276
v -0.030870 -0.012787 0.123586
v -0.030870 0.012787 0.123586
v -0.030846 -0.017809 0.101317
v -0.030852 -0.015214 0.119693
v -0.030852 0.015214 0.119693
v -0.030846 0.017809 0.101317
v -0.030829 -0.017799 0.007459
v -0.030834 -0.017802 0.113264
v -0.030829 0.017799 0.007459
v -0.030834 0.017802 0.113264
v -0.030815 -0.017791 0.004329
v -0.030815 0.017791 0.004329
v -0.030805 0.000000 0.000519
v -0.030793 -0.010453 0.123106
v -0.030794 -0.004054 0.130211
v -0.030794 0.004054 0.130211
v -0.030793 0.010453 0.123106
v -0.030764 -0.020556 0.009250
v -0.030764 -0.020556 0.047000
v -0.030764 -0.020556 0.094000
v -0.030764 0.020556 0.009250
v -0.030764 0.020556 0.047000
v -0.030764 0.020556 0.094000
v -0.030746 -0.020544 0.096490
v -0.030754 -0.015166 0.002709
v -0.030754 0.015166 0.002709
v -0.030746 0.020544 0.096490
v -0.030739 -0.002015 0.000519
v -0.030739 0.002015 0.000519
v -0.030716 -0.020524 0.008214
v -0.030724 -0.017738 0.103720
v -0.030724 0.017738 0.103720
v -0.030716 0.020524 0.008214
v -0.030691 -0.020507 0.098971
v -0.030691 0.020507 0.098971
v -0.030681 -0.008221 0.000916
v -0.030678 -0.004039 0.128150
v -0.030678 0.004039 0.128150
v -0.030681 0.008221 0.000916
v -0.030664 -0.015122 0.115129
v -0.030664 0.015122 0.115129
v -0.030642 -0.006095 0.001997
v -0.030642 0.006095 0.001997
v -0.030612 -0.017674 0.006591
v -0.030611 -0.008202 0.128713
v -0.030611 0.008202 0.128713
v -0.030612 0.017674 0.006591
v -0.030599 -0.020445 0.101437
v -0.030599 0.020445 0.101437
v -0.030582 -0.010381 0.127107
v -0.030582 0.010381 0.127107
v -0.030572 -0.020427 0.007192
v -0.030567 -0.017648 0.106092
v -0.030567 0.017648 0.106092
v -0.030572 0.020427 0.007192
v -0.030542 -0.004021 0.000519
v -0.030542 0.004021 0.000519
v -0.030533 -0.015057 0.004231
v -0.030533 0.015057 0.004231
v -0.030519 -0.017620 0.115477
v -0.030519 0.017620 0.115477
v -0.030470 -0.020360 0.103880
v -0.030475 -0.012623 0.121234
v -0.030475 0.012623 0.121234
v -0.030470 0.020360 0.103880
v -0.030462 -0.006059 0.130211
v -0.030462 0.006059 0.130211
v -0.030425 -0.015004 0.121683
v -0.030425 0.015004 0.121683
v -0.030423 -0.008152 0.126570
v -0.030423 0.008152 0.126570
v -0.030409 0.000000 0.001652
v -0.030402 0.000000 0.131595
v -0.030377 -0.017538 0.108427
v -0.030377 0.017538 0.108427
v -0.030368 -0.012579 0.125396
v -0.030368 0.012579 0.125396
v -0.030365 0.000000 0.129624
v -0.030348 -0.006037 0.128150
v -0.030348 0.006037 0.128150
v -0.030344 -0.001989 0.001652
v -0.030337 -0.001988 0.131595
v -0.030344 0.001989 0.001652
v -0.030337 0.001988 0.131595
v -0.030333 -0.020268 0.006195
v -0.030335 -0.014959 0.117239
v -0.030333 -0.010297 0.002434
v -0.030333 0.010297 0.002434
v -0.030335 0.014959 0.117239
v -0.030333 0.020268 0.006195
v -0.030322 -0.010293 0.124886
v -0.030322 0.010293 0.124886
v -0.030306 -0.020250 0.106291
v -0.030313 -0.017501 0.005757
v -0.030313 0.017501 0.005757
v -0.030306 0.020250 0.106291
v -0.030295 -0.017491 0.003483
v -0.030300 -0.001986 0.129624
v -0.030300 0.001986 0.129624
v -0.030295 0.017491 0.003483
v -0.030275 -0.012540 0.002956
v -0.030275 0.012540 0.002956
v -0.030213 -0.006010 0.000519
v -0.030213 0.006010 0.000519
v -0.030184 -0.012503 0.001418
v -0.030178 -0.008086 0.001997
v -0.030178 0.008086 0.001997
v -0.030184 0.012503 0.001418
v -0.030171 -0.017419 0.117622
v -0.030171 0.017419 0.117622
v -0.030153 -0.017409 0.110716
v -0.030149 -0.003969 0.001652
v -0.030149 0.003969 0.001652
v -0.030153 0.017409 0.110716
v -0.030142 -0.003968 0.131595
v -0.030142 0.003968 0.131595
v -0.030106 -0.020117 0.108664
v -0.030105 -0.003963 0.129624
v -0.030105 0.003963 0.129624
v -0.030106 0.020117 0.108664
v -0.030078 -0.010210 0.000916
v -0.030078 0.010210 0.000916
v -0.030061 -0.014824 0.002018
v -0.030061 0.014824 0.002018
v -0.030043 -0.012444 0.123106
v -0.030043 0.012444 0.123106
v -0.030009 -0.010187 0.128713
v -0.030009 0.010187 0.128713
v -0.030003 -0.020047 0.005237
v -0.030001 -0.008039 0.130211
v -0.030001 0.008039 0.130211
v -0.030003 0.020047 0.005237
v -0.029993 -0.014791 0.003558
v -0.029993 0.014791 0.003558
v -0.029974 -0.014782 0.119276
v -0.029968 -0.014778 0.123586
v -0.029974 0.014782 0.119276
v -0.029968 0.014778 0.123586
v -0.029935 -0.017283 0.004967
v -0.029935 0.017283 0.004967
v -0.029897 -0.017261 0.112952
v -0.029897 0.017261 0.112952
v -0.029889 -0.008009 0.128150
v -0.029889 0.008009 0.128150
v -0.029872 -0.019960 0.110991
v -0.029872 0.019960 0.110991
v -0.029837 -0.012359 0.127107
v -0.029837 0.012359 0.127107
v -0.029824 -0.010124 0.126570
v -0.029824 -0.005932 0.001652
v -0.029817 -0.005931 0.131595
v -0.029824 0.005932 0.001652
v -0.029817 0.005931 0.131595
v -0.029824 0.010124 0.126570
v -0.029808 0.000000 0.000232
v -0.029791 -0.017200 0.119693
v -0.029791 0.017200 0.119693
v -0.029781 -0.005924 0.129624
v -0.029781 0.005924 0.129624
v -0.029767 -0.019889 0.009250
v -0.029767 -0.019889 0.047000
v -0.029767 -0.019889 0.094000
v -0.029767 0.019889 0.009250
v -0.029767 0.019889 0.047000
v -0.029767 0.019889 0.094000
v -0.029755 -0.007973 0.000519
v -0.029763 0.000000 0.130985
v -0.029755 0.007973 0.000519
v -0.029750 -0.019878 0.096449
v -0.029750 0.019878 0.096449
v -0.029744 -0.001950 0.000232
v -0.029744 0.001950 0.000232
v -0.029725 -0.019861 0.008349
v -0.029720 0.000000 0.132860
v -0.029725 0.019861 0.008349
v -0.029699 -0.019844 0.098891
v -0.029697 -0.017145 0.002709
v -0.029699 -0.001947 0.130985
v -0.029699 0.001947 0.130985
v -0.029697 0.017145 0.002709
v -0.029699 0.019844 0.098891
v -0.029657 -0.001944 0.132860
v -0.029657 0.001944 0.132860
v -0.029615 -0.019788 0.101317
v -0.029615 0.019788 0.101317
v -0.029610 -0.017095 0.115129
v -0.029610 0.017095 0.115129
v -0.029599 -0.019777 0.007459
v -0.029603 -0.019780 0.113264
v -0.029599 0.019777 0.007459
v -0.029603 0.019780 0.113264
v -0.029586 -0.019768 0.004329
v -0.029595 -0.012258 0.002434
v -0.029595 0.012258 0.002434
v -0.029586 0.019768 0.004329
v -0.029584 -0.014589 0.121234
v -0.029584 -0.012254 0.124886
v -0.029585 -0.010043 0.001997
v -0.029585 0.010043 0.001997
v -0.029584 0.012254 0.124886
v -0.029584 0.014589 0.121234
v -0.029553 -0.003891 0.000232
v -0.029553 0.003891 0.000232
v -0.029541 0.000000 0.001402
v -0.029509 -0.003885 0.130985
v -0.029509 0.003885 0.130985
v -0.029498 -0.019710 0.103720
v -0.029498 0.019710 0.103720
v -0.029483 -0.017022 0.004231
v -0.029480 -0.014538 0.125396
v -0.029478 -0.001932 0.001402
v -0.029478 0.001932 0.001402
v -0.029480 0.014538 0.125396
v -0.029483 0.017022 0.004231
v -0.029466 -0.003879 0.132860
v -0.029466 0.003879 0.132860
v -0.029411 -0.009984 0.130211
v -0.029411 0.009984 0.130211
v -0.029391 -0.019638 0.006591
v -0.029390 -0.014493 0.002956
v -0.029390 0.014493 0.002956
v -0.029391 0.019638 0.006591
v -0.029379 -0.016962 0.121683
v -0.029379 0.016962 0.121683
v -0.029373 -0.007870 0.001652
v -0.029366 -0.007869 0.131595
v -0.029373 0.007870 0.001652
v -0.029366 0.007869 0.131595
v -0.029354 -0.022524 0.009250
v -0.029354 -0.022524 0.047000
v -0.029354 -0.022524 0.094000
v -0.029347 -0.019609 0.106092
v -0.029346 -0.012155 0.000916
v -0.029346 0.012155 0.000916
v -0.029347 0.019609 0.106092
v -0.029354 0.022524 0.009250
v -0.029354 0.022524 0.047000
v -0.029354 0.022524 0.094000
v -0.029336 -0.022511 0.096490
v -0.029336 0.022511 0.096490
v -0.029330 -0.007859 0.129624
v -0.029330 0.007859 0.129624
v -0.029308 -0.022489 0.008214
v -0.029308 0.022489 0.008214
v -0.029302 -0.019579 0.115477
v -0.029302 -0.014450 0.001418
v -0.029301 -0.009946 0.128150
v -0.029301 0.009946 0.128150
v -0.029302 0.014450 0.001418
v -0.029302 0.019579 0.115477
v -0.029291 -0.016911 0.117239
v -0.029289 -0.003856 0.001402
v -0.029289 0.003856 0.001402
v -0.029291 0.016911 0.117239
v -0.029284 -0.022470 0.098971
v -0.029279 -0.012128 0.128713
v -0.029279 0.012128 0.128713
v -0.029284 0.022470 0.098971
v -0.029236 -0.005815 0.000232
v -0.029236 0.005815 0.000232
v -0.029196 -0.022403 0.101437
v -0.029196 0.022403 0.101437
v -0.029191 -0.005807 0.130985
v -0.029191 0.005807 0.130985
v -0.029170 -0.022383 0.007192
v -0.029165 -0.014383 0.123106
v -0.029170 -0.009902 0.000519
v -0.029170 0.009902 0.000519
v -0.029165 0.014383 0.123106
v -0.029170 0.022383 0.007192
v -0.029165 -0.019487 0.108427
v -0.029165 0.019487 0.108427
v -0.029149 -0.005798 0.132860
v -0.029149 0.005798 0.132860
v -0.029140 0.000000 0.132230
v -0.029104 -0.019447 0.005757
v -0.029098 -0.012053 0.126570
v -0.029098 0.012053 0.126570
v -0.029104 0.019447 0.005757
v -0.029086 -0.019435 0.003483
v -0.029086 0.019435 0.003483
v -0.029078 -0.001906 0.132230
v -0.029078 0.001906 0.132230
v -0.029074 -0.022309 0.103880
v -0.029074 0.022309 0.103880
v -0.029027 -0.016759 0.002018
v -0.029027 0.016759 0.002018
v -0.029018 0.000000 0.134003
v -0.028967 -0.019355 0.117622
v -0.028974 -0.005763 0.001402
v -0.028974 0.005763 0.001402
v -0.028967 0.019355 0.117622
v -0.028962 -0.016721 0.003558
v -0.028965 -0.014284 0.127107
v -0.028956 -0.001898 0.134003
v -0.028956 0.001898 0.134003
v -0.028965 0.014284 0.127107
v -0.028962 0.016721 0.003558
v -0.028950 -0.019344 0.110716
v -0.028950 0.019344 0.110716
v -0.028942 -0.022208 0.006195
v -0.028943 -0.016710 0.119276
v -0.028937 -0.016707 0.123586
v -0.028943 0.016710 0.119276
v -0.028937 0.016707 0.123586
v -0.028942 0.022208 0.006195
v -0.028917 -0.022189 0.106291
v -0.028917 0.022189 0.106291
v -0.028891 -0.003804 0.132230
v -0.028891 0.003804 0.132230
v -0.028865 -0.011956 0.001997
v -0.028865 0.011956 0.001997
v -0.028795 -0.009775 0.001652
v -0.028788 -0.009772 0.131595
v -0.028793 -0.007715 0.000232
v -0.028786 0.000000 0.000058
v -0.028793 0.007715 0.000232
v -0.028795 0.009775 0.001652
v -0.028788 0.009772 0.131595
v -0.028770 -0.003788 0.134003
v -0.028770 0.003788 0.134003
v -0.028753 -0.009760 0.129624
v -0.028749 -0.007703 0.130985
v -0.028749 0.007703 0.130985
v -0.028753 0.009760 0.129624
v -0.028741 -0.019204 0.004967
v -0.028741 0.019204 0.004967
v -0.028726 -0.022042 0.108664
v -0.028729 -0.014168 0.002434
v -0.028729 0.014168 0.002434
v -0.028726 0.022042 0.108664
v -0.028719 -0.014163 0.124886
v -0.028724 -0.001883 0.000058
v -0.028724 0.001883 0.000058
v -0.028719 0.014163 0.124886
v -0.028708 -0.007692 0.132860
v -0.028708 0.007692 0.132860
v -0.028704 -0.019180 0.112952
v -0.028695 -0.011886 0.130211
v -0.028695 0.011886 0.130211
v -0.028704 0.019180 0.112952
v -0.028651 0.000000 0.001251
v -0.028627 -0.021967 0.005237
v -0.028627 0.021967 0.005237
v -0.028602 -0.019111 0.119693
v -0.028602 0.019111 0.119693
v -0.028588 -0.011841 0.128150
v -0.028590 -0.001874 0.001251
v -0.028590 0.001874 0.001251
v -0.028588 0.011841 0.128150
v -0.028580 -0.005685 0.132230
v -0.028580 0.005685 0.132230
v -0.028566 -0.016493 0.121234
v -0.028566 0.016493 0.121234
v -0.028539 -0.003757 0.000058
v -0.028539 0.003757 0.000058
v -0.028535 -0.007646 0.001402
v -0.028535 0.007646 0.001402
v -0.028512 -0.019051 0.002709
v -0.028512 0.019051 0.002709
v -0.028503 -0.021871 0.110991
v -0.028497 0.000000 0.133354
v -0.028503 0.021871 0.110991
v -0.028488 -0.014049 0.000916
v -0.028488 0.014049 0.000916
v -0.028466 -0.016435 0.125396
v -0.028466 0.016435 0.125396
v -0.028460 -0.011789 0.000519
v -0.028460 -0.005661 0.134003
v -0.028460 0.005661 0.134003
v -0.028460 0.011789 0.000519
v -0.028436 -0.001864 0.133354
v -0.028436 0.001864 0.133354
v -0.028428 -0.018995 0.115129
v -0.028428 0.018995 0.115129
v -0.028423 -0.014017 0.128713
v -0.028423 0.014017 0.128713
v -0.028406 -0.003740 0.001251
v -0.028406 0.003740 0.001251
v -0.028402 -0.021794 0.009250
v -0.028402 -0.021794 0.047000
v -0.028402 -0.021794 0.094000
v -0.028402 0.021794 0.009250
v -0.028402 0.021794 0.047000
v -0.028402 0.021794 0.094000
v -0.028386 -0.021781 0.096449
v -0.028386 0.021781 0.096449
v -0.028379 -0.016385 0.002956
v -0.028379 0.016385 0.002956
v -0.028362 -0.021763 0.008349
v -0.028362 0.021763 0.008349
v -0.028338 -0.021744 0.098891
v -0.028338 0.021744 0.098891
v -0.028306 -0.018914 0.004231
v -0.028306 0.018914 0.004231
v -0.028296 0.000000 0.135020
v -0.028294 -0.016336 0.001418
v -0.028294 0.016336 0.001418
v -0.028257 -0.021683 0.101317
v -0.028257 0.021683 0.101317
v -0.028246 -0.021674 0.113264
v -0.028248 -0.013930 0.126570
v -0.028253 -0.003720 0.133354
v -0.028253 0.003720 0.133354
v -0.028248 0.013930 0.126570
v -0.028246 0.021674 0.113264
v -0.028242 -0.021671 0.007459
v -0.028235 -0.001851 0.135020
v -0.028235 0.001851 0.135020
v -0.028242 0.021671 0.007459
v -0.028229 -0.021661 0.004329
v -0.028226 -0.009582 0.000232
v -0.028233 -0.005616 0.000058
v -0.028233 0.005616 0.000058
v -0.028226 0.009582 0.000232
v -0.028229 0.021661 0.004329
v -0.028207 -0.018847 0.121683
v -0.028207 0.018847 0.121683
v -0.028184 -0.009567 0.130985
v -0.028184 0.009567 0.130985
v -0.028162 -0.016259 0.123106
v -0.028162 0.016259 0.123106
v -0.028145 -0.021597 0.103720
v -0.028147 -0.007542 0.132230
v -0.028147 0.007542 0.132230
v -0.028145 0.021597 0.103720
v -0.028143 -0.009553 0.132860
v -0.028143 0.009553 0.132860
v -0.028123 -0.018791 0.117239
v -0.028123 0.018791 0.117239
v -0.028101 -0.005590 0.001251
v -0.028101 0.005590 0.001251
v -0.028094 -0.011637 0.001652
v -0.028087 -0.011634 0.131595
v -0.028087 0.011634 0.131595
v -0.028094 0.011637 0.001652
v -0.028053 -0.011620 0.129624
v -0.028054 -0.003693 0.135020
v -0.028054 0.003693 0.135020
v -0.028053 0.011620 0.129624
v -0.028044 -0.021519 0.006591
v -0.028044 0.021519 0.006591
v -0.028029 -0.007510 0.134003
v -0.028029 0.007510 0.134003
v -0.028021 -0.013818 0.001997
v -0.028021 0.013818 0.001997
v -0.028002 -0.021487 0.106092
v -0.028002 0.021487 0.106092
v -0.027969 -0.016148 0.127107
v -0.027974 -0.009496 0.001402
v -0.027974 0.009496 0.001402
v -0.027969 0.016148 0.127107
v -0.027958 -0.021453 0.115477
v -0.027958 0.021453 0.115477
v -0.027950 -0.005560 0.133354
v -0.027950 0.005560 0.133354
v -0.027869 -0.018621 0.002018
v -0.027869 0.018621 0.002018
v -0.027856 -0.013737 0.130211
v -0.027856 0.013737 0.130211
v -0.027837 0.000000 0.134355
v -0.027828 -0.021353 0.108427
v -0.027828 0.021353 0.108427
v -0.027818 -0.024396 0.009250
v -0.027818 -0.024396 0.047000
v -0.027818 -0.024396 0.094000
v -0.027818 0.024396 0.009250
v -0.027818 0.024396 0.047000
v -0.027818 0.024396 0.094000
v -0.027806 -0.018579 0.003558
v -0.027806 0.018579 0.003558
v -0.027801 -0.024381 0.096490
v -0.027805 -0.007450 0.000058
v -0.027805 0.007450 0.000058
v -0.027801 0.024381 0.096490
v -0.027788 -0.018568 0.119276
v -0.027788 0.018568 0.119276
v -0.027782 -0.018564 0.123586
v -0.027777 -0.001821 0.134355
v -0.027777 0.001821 0.134355
v -0.027782 0.018564 0.123586
v -0.027774 -0.024357 0.008214
v -0.027770 -0.021308 0.005757
v -0.027770 0.021308 0.005757
v -0.027774 0.024357 0.008214
v -0.027751 -0.024337 0.098971
v -0.027753 -0.021296 0.003483
v -0.027752 -0.013686 0.128150
v -0.027752 -0.005520 0.135020
v -0.027750 0.000000 0.000000
v -0.027750 0.000000 0.001200
v -0.027752 0.005520 0.135020
v -0.027752 0.013686 0.128150
v -0.027753 0.021296 0.003483
v -0.027751 0.024337 0.098971
v -0.027741 -0.016016 0.002434
v -0.027741 0.016016 0.002434
v -0.027732 -0.016011 0.124886
v -0.027732 0.016011 0.124886
v -0.027691 -0.001815 0.000000
v -0.027691 -0.001815 0.001200
v -0.027691 0.001815 0.000000
v -0.027691 0.001815 0.001200
v -0.027675 -0.007416 0.001251
v -0.027675 0.007416 0.001251
v -0.027668 -0.024264 0.101437
v -0.027668 0.024264 0.101437
v -0.027644 -0.024243 0.007192
v -0.027639 -0.021209 0.117622
v -0.027639 0.021209 0.117622
v -0.027644 0.024243 0.007192
v -0.027628 -0.013625 0.000519
v -0.027628 0.013625 0.000519
v -0.027623 -0.021196 0.110716
v -0.027623 0.021196 0.110716
v -0.027598 -0.003633 0.134355
v -0.027598 0.003633 0.134355
v -0.027594 -0.009367 0.132230
v -0.027594 0.009367 0.132230
v -0.027557 0.000000 0.135908
v -0.027552 -0.024163 0.103880
v -0.027552 0.024163 0.103880
v -0.027539 -0.011407 0.000232
v -0.027539 0.011407 0.000232
v -0.027526 -0.007376 0.133354
v -0.027526 0.007376 0.133354
v -0.027508 -0.015882 0.000916
v -0.027513 -0.003622 0.000000
v -0.027513 -0.003622 0.001200
v -0.027513 0.003622 0.000000
v -0.027513 0.003622 0.001200
v -0.027508 0.015882 0.000916
v -0.027498 -0.011390 0.130985
v -0.027498 -0.001802 0.135908
v -0.027498 0.001802 0.135908
v -0.027498 0.011390 0.130985
v -0.027478 -0.009327 0.134003
v -0.027478 0.009327 0.134003
v -0.027458 -0.011374 0.132860
v -0.027458 0.011374 0.132860
v -0.027445 -0.015846 0.128713
v -0.027445 0.015846 0.128713
v -0.027428 -0.024054 0.006195
v -0.027427 -0.018326 0.121234
v -0.027427 0.018326 0.121234
v -0.027428 0.024054 0.006195
v -0.027423 -0.021043 0.004967
v -0.027423 0.021043 0.004967
v -0.027404 -0.024032 0.106291
v -0.027404 0.024032 0.106291
v -0.027389 -0.021016 0.112952
v -0.027389 0.021016 0.112952
v -0.027331 -0.018262 0.125396
v -0.027332 -0.007324 0.135020
v -0.027332 0.007324 0.135020
v -0.027331 0.018262 0.125396
v -0.027321 -0.003597 0.135908
v -0.027321 0.003597 0.135908
v -0.027302 -0.005431 0.134355
v -0.027302 0.005431 0.134355
v -0.027291 -0.020941 0.119693
v -0.027293 -0.011305 0.001402
v -0.027293 0.011305 0.001402
v -0.027291 0.020941 0.119693
v -0.027276 -0.015748 0.126570
v -0.027276 0.015748 0.126570
v -0.027273 -0.013449 0.001652
v -0.027266 -0.013446 0.131595
v -0.027273 0.013449 0.001652
v -0.027266 0.013446 0.131595
v -0.027258 -0.009253 0.000058
v -0.027258 0.009253 0.000058
v -0.027247 -0.018206 0.002956
v -0.027247 0.018206 0.002956
v -0.027233 -0.013430 0.129624
v -0.027233 0.013430 0.129624
v -0.027223 -0.023874 0.108664
v -0.027217 -0.005414 0.000000
v -0.027217 -0.005414 0.001200
v -0.027217 0.005414 0.000000
v -0.027217 0.005414 0.001200
v -0.027223 0.023874 0.108664
v -0.027205 -0.020875 0.002709
v -0.027205 0.020875 0.002709
v -0.027165 -0.018151 0.001418
v -0.027165 0.018151 0.001418
v -0.027161 0.000000 0.135229
v -0.027129 -0.023792 0.005237
v -0.027125 -0.020814 0.115129
v -0.027131 -0.009210 0.001251
v -0.027131 0.009210 0.001251
v -0.027125 0.020814 0.115129
v -0.027129 0.023792 0.005237
v -0.027102 -0.001776 0.135229
v -0.027102 0.001776 0.135229
v -0.027057 -0.015621 0.001997
v -0.027057 0.015621 0.001997
v -0.027038 -0.018066 0.123106
v -0.027038 0.018066 0.123106
v -0.027027 -0.005376 0.135908
v -0.027027 0.005376 0.135908
v -0.027011 -0.023688 0.110991
v -0.027009 -0.020725 0.004231
v -0.027009 0.020725 0.004231
v -0.027011 0.023688 0.110991
v -0.026985 -0.009160 0.133354
v -0.026985 0.009160 0.133354
v -0.026928 -0.003545 0.135229
v -0.026928 0.003545 0.135229
v -0.026916 -0.023605 0.009250
v -0.026916 -0.023605 0.047000
v -0.026916 -0.023605 0.094000
v -0.026922 -0.011151 0.132230
v -0.026922 0.011151 0.132230
v -0.026916 0.023605 0.009250
v -0.026916 0.023605 0.047000
v -0.026916 0.023605 0.094000
v -0.026914 -0.020652 0.121683
v -0.026914 0.020652 0.121683
v -0.026901 -0.023591 0.096449
v -0.026898 -0.015530 0.130211
v -0.026898 0.015530 0.130211
v -0.026901 0.023591 0.096449
v -0.026888 -0.007205 0.134355
v -0.026888 0.007205 0.134355
v -0.026878 -0.023571 0.008349
v -0.026878 0.023571 0.008349
v -0.026855 -0.023551 0.098891
v -0.026853 -0.017942 0.127107
v -0.026853 0.017942 0.127107
v -0.026855 0.023551 0.098891
v -0.026833 -0.020590 0.117239
v -0.026833 0.020590 0.117239
v -0.026809 -0.011105 0.134003
v -0.026809 0.011105 0.134003
v -0.026797 -0.015472 0.128150
v -0.026804 -0.007182 0.000000
v -0.026804 -0.007182 0.001200
v -0.026803 0.000000 0.136665
v -0.026804 0.007182 0.000000
v -0.026804 0.007182 0.001200
v -0.026797 0.015472 0.128150
v -0.026794 -0.009095 0.135020
v -0.026794 0.009095 0.135020
v -0.026779 -0.023484 0.101317
v -0.026779 0.023484 0.101317
v -0.026768 -0.023475 0.113264
v -0.026768 0.023475 0.113264
v -0.026764 -0.023472 0.007459
v -0.026764 0.023472 0.007459
v -0.026752 -0.023461 0.004329
v -0.026746 -0.001753 0.136665
v -0.026746 0.001753 0.136665
v -0.026752 0.023461 0.004329
v -0.026734 -0.013184 0.000232
v -0.026734 0.013184 0.000232
v -0.026694 -0.013164 0.130985
v -0.026694 0.013164 0.130985
v -0.026678 -0.015403 0.000519
v -0.026678 0.015403 0.000519
v -0.026673 -0.023391 0.103720
v -0.026673 0.023391 0.103720
v -0.026655 -0.013145 0.132860
v -0.026655 0.013145 0.132860
v -0.026639 -0.005299 0.135229
v -0.026639 0.005299 0.135229
v -0.026634 -0.017797 0.002434
v -0.026625 -0.017790 0.124886
v -0.026625 0.017790 0.124886
v -0.026634 0.017797 0.002434
v -0.026618 -0.007132 0.135908
v -0.026618 0.007132 0.135908
v -0.026591 -0.020404 0.002018
v -0.026594 -0.011016 0.000058
v -0.026594 0.011016 0.000058
v -0.026591 0.020404 0.002018
v -0.026576 -0.023307 0.006591
v -0.026576 0.023307 0.006591
v -0.026574 -0.003499 0.136665
v -0.026574 0.003499 0.136665
v -0.026537 -0.023272 0.106092
v -0.026537 0.023272 0.106092
v -0.026531 -0.020358 0.003558
v -0.026531 0.020358 0.003558
v -0.026514 -0.020345 0.119276
v -0.026509 -0.020341 0.123586
v -0.026509 0.020341 0.123586
v -0.026514 0.020345 0.119276
v -0.026495 -0.023236 0.115477
v -0.026495 0.023236 0.115477
v -0.026495 -0.013066 0.001402
v -0.026495 0.013066 0.001402
v -0.026470 -0.010964 0.001251
v -0.026471 0.000000 0.135973
v -0.026470 0.010964 0.001251
v -0.026410 -0.017647 0.000916
v -0.026415 -0.001731 0.135973
v -0.026415 0.001731 0.135973
v -0.026410 0.017647 0.000916
v -0.026372 -0.023127 0.108427
v -0.026372 0.023127 0.108427
v -0.026359 -0.008948 0.134355
v -0.026359 0.008948 0.134355
v -0.026350 -0.017607 0.128713
v -0.026350 0.017607 0.128713
v -0.026335 -0.015204 0.001652
v -0.026329 -0.015201 0.131595
v -0.026328 -0.010905 0.133354
v -0.026328 0.010905 0.133354
v -0.026335 0.015204 0.001652
v -0.026329 0.015201 0.131595
v -0.026316 -0.023079 0.005757
v -0.026316 0.023079 0.005757
v -0.026301 -0.023065 0.003483
v -0.026297 -0.015182 0.129624
v -0.026297 0.015182 0.129624
v -0.026301 0.023065 0.003483
v -0.026288 -0.005229 0.136665
v -0.026288 0.005229 0.136665
v -0.026277 -0.008920 0.000000
v -0.026277 -0.008920 0.001200
v -0.026277 0.008920 0.000000
v -0.026277 0.008920 0.001200
v -0.026235 -0.007030 0.135229
v -0.026245 -0.003455 0.135973
v -0.026245 0.003455 0.135973
v -0.026235 0.007030 0.135229
v -0.026193 -0.022971 0.117622
v -0.026188 -0.017498 0.126570
v -0.026188 0.017498 0.126570
v -0.026193 0.022971 0.117622
v -0.026178 -0.022957 0.110716
v -0.026178 0.022957 0.110716
v -0.026169 -0.020080 0.121234
v -0.026169 0.020080 0.121234
v -0.026163 -0.026163 0.009250
v -0.026163 -0.026163 0.047000
v -0.026163 -0.026163 0.094000
v -0.026163 0.026163 0.009250
v -0.026163 0.026163 0.047000
v -0.026163 0.026163 0.094000
v -0.026147 -0.026147 0.096490
v -0.026147 0.026147 0.096490
v -0.026142 -0.010828 0.135020
v -0.026142 0.010828 0.135020
v -0.026135 -0.012888 0.132230
v -0.026135 0.012888 0.132230
v -0.026122 -0.026122 0.008214
v -0.026122 0.026122 0.008214
v -0.026100 -0.026100 0.098971
v -0.026100 0.026100 0.098971
v -0.026094 -0.008858 0.135908
v -0.026094 0.008858 0.135908
v -0.026078 -0.020010 0.125396
v -0.026078 0.020010 0.125396
v -0.026038 0.000000 0.137287
v -0.026025 -0.012834 0.134003
v -0.026025 0.012834 0.134003
v -0.026022 -0.026022 0.101437
v -0.026022 0.026022 0.101437
v -0.025999 -0.025999 0.007192
v -0.025997 -0.019949 0.002956
v -0.025997 0.019949 0.002956
v -0.025999 0.025999 0.007192
v -0.025988 -0.022791 0.004967
v -0.025988 0.022791 0.004967
v -0.025977 -0.017358 0.001997
v -0.025982 -0.001703 0.137287
v -0.025982 0.001703 0.137287
v -0.025977 0.017358 0.001997
v -0.025955 -0.022762 0.112952
v -0.025963 -0.005164 0.135973
v -0.025963 0.005164 0.135973
v -0.025955 0.022762 0.112952
v -0.025920 -0.019889 0.001418
v -0.025920 0.019889 0.001418
v -0.025913 -0.025913 0.103880
v -0.025913 0.025913 0.103880
v -0.025890 -0.006937 0.136665
v -0.025890 0.006937 0.136665
v -0.025863 -0.022681 0.119693
v -0.025863 0.022681 0.119693
v -0.025825 -0.017256 0.130211
v -0.025817 -0.012732 0.000058
v -0.025817 0.012732 0.000058
v -0.025825 0.017256 0.130211
v -0.025815 -0.014904 0.000232
v -0.025815 -0.003399 0.137287
v -0.025815 0.003399 0.137287
v -0.025815 0.014904 0.000232
v -0.025796 -0.025796 0.006195
v -0.025799 -0.019796 0.123106
v -0.025799 0.019796 0.123106
v -0.025796 0.025796 0.006195
v -0.025781 -0.022609 0.002709
v -0.025776 -0.014882 0.130985
v -0.025776 0.014882 0.130985
v -0.025781 0.022609 0.002709
v -0.025773 -0.025773 0.106291
v -0.025771 0.000000 0.136585
v -0.025773 0.025773 0.106291
v -0.025739 -0.014860 0.132860
v -0.025739 0.014860 0.132860
v -0.025728 -0.017191 0.128150
v -0.025728 0.017191 0.128150
v -0.025718 -0.010653 0.134355
v -0.025719 -0.008730 0.135229
v -0.025715 -0.001685 0.136585
v -0.025715 0.001685 0.136585
v -0.025719 0.008730 0.135229
v -0.025718 0.010653 0.134355
v -0.025706 -0.022543 0.115129
v -0.025706 0.022543 0.115129
v -0.025697 -0.012672 0.001251
v -0.025697 0.012672 0.001251
v -0.025638 -0.010619 0.000000
v -0.025638 -0.010619 0.001200
v -0.025638 0.010619 0.000000
v -0.025638 0.010619 0.001200
v -0.025622 -0.019660 0.127107
v -0.025622 0.019660 0.127107
v -0.025613 -0.017114 0.000519
v -0.025613 0.017114 0.000519
v -0.025603 -0.025603 0.108664
v -0.025595 -0.022447 0.004231
v -0.025595 0.022447 0.004231
v -0.025603 0.025603 0.108664
v -0.025584 -0.014771 0.001402
v -0.025584 0.014771 0.001402
v -0.025569 -0.006851 0.135973
v -0.025569 0.006851 0.135973
v -0.025558 -0.012604 0.133354
v -0.025558 0.012604 0.133354
v -0.025550 -0.003364 0.136585
v -0.025550 0.003364 0.136585
v -0.025537 -0.005080 0.137287
v -0.025537 0.005080 0.137287
v -0.025515 -0.025515 0.005237
v -0.025515 0.025515 0.005237
v -0.025505 -0.022368 0.121683
v -0.025505 0.022368 0.121683
v -0.025459 -0.010546 0.135908
v -0.025459 0.010546 0.135908
v -0.025438 0.000000 0.000038
v -0.025438 0.000000 0.001238
v -0.025429 -0.022301 0.117239
v -0.025429 0.022301 0.117239
v -0.025413 -0.019500 0.002434
v -0.025413 0.019500 0.002434
v -0.025404 -0.025404 0.110991
v -0.025405 -0.019494 0.124886
v -0.025405 0.019494 0.124886
v -0.025404 0.025404 0.110991
v -0.025378 -0.012515 0.135020
v -0.025381 -0.008616 0.136665
v -0.025383 -0.001664 0.000038
v -0.025383 -0.001664 0.001238
v -0.025383 0.001664 0.000038
v -0.025383 0.001664 0.001238
v -0.025381 0.008616 0.136665
v -0.025378 0.012515 0.135020
v -0.025314 -0.025314 0.009250
v -0.025314 -0.025314 0.047000
v -0.025314 -0.025314 0.094000
v -0.025314 0.025314 0.009250
v -0.025314 0.025314 0.047000
v -0.025314 0.025314 0.094000
v -0.025300 -0.025300 0.096449
v -0.025300 0.025300 0.096449
v -0.025279 -0.025279 0.008349
v -0.025284 -0.016894 0.001652
v -0.025278 -0.016890 0.131595
v -0.025275 -0.005028 0.136585
v -0.025275 0.005028 0.136585
v -0.025284 0.016894 0.001652
v -0.025278 0.016890 0.131595
v -0.025279 0.025279 0.008349
v -0.025257 -0.025257 0.098891
v -0.025262 0.000000 0.137773
v -0.025257 0.025257 0.098891
v -0.025247 -0.016870 0.129624
v -0.025247 0.016870 0.129624
v -0.025236 -0.014570 0.132230
v -0.025236 0.014570 0.132230
v -0.025220 -0.003320 0.000038
v -0.025220 -0.003320 0.001238
v -0.025220 0.003320 0.000038
v -0.025220 0.003320 0.001238
v -0.025208 -0.001652 0.137773
v -0.025208 0.001652 0.137773
v -0.025200 -0.022099 0.002018
v -0.025200 -0.019336 0.000916
v -0.025200 0.019336 0.000916
v -0.025200 0.022099 0.002018
v -0.025186 -0.025186 0.101317
v -0.025186 0.025186 0.101317
v -0.025176 -0.025176 0.113264
v -0.025176 0.025176 0.113264
v -0.025172 -0.025172 0.007459
v -0.025172 0.025172 0.007459
v -0.025160 -0.025160 0.004329
v -0.025160 0.025160 0.004329
v -0.025150 -0.006739 0.137287
v -0.025150 0.006739 0.137287
v -0.025143 -0.022050 0.003558
v -0.025142 -0.019292 0.128713
v -0.025142 0.019292 0.128713
v -0.025143 0.022050 0.003558
v -0.025127 -0.022036 0.119276
v -0.025130 -0.014509 0.134003
v -0.025130 0.014509 0.134003
v -0.025127 0.022036 0.119276
v -0.025122 -0.022031 0.123586
v -0.025122 0.022031 0.123586
v -0.025086 -0.025086 0.103720
v -0.025093 -0.010394 0.135229
v -0.025093 0.010394 0.135229
v -0.025086 0.025086 0.103720
v -0.025066 -0.008509 0.135973
v -0.025066 0.008509 0.135973
v -0.025061 0.000000 0.137063
v -0.025046 -0.003297 0.137773
v -0.025046 0.003297 0.137773
v -0.025007 -0.001639 0.137063
v -0.025007 0.001639 0.137063
v -0.024995 -0.024995 0.006591
v -0.024987 -0.019173 0.126570
v -0.024987 0.019173 0.126570
v -0.024995 0.024995 0.006591
v -0.024966 -0.012312 0.134355
v -0.024966 0.012312 0.134355
v -0.024958 -0.024958 0.106092
v -0.024958 0.024958 0.106092
v -0.024949 -0.004963 0.000038
v -0.024949 -0.004963 0.001238
v -0.024949 0.004963 0.000038
v -0.024949 0.004963 0.001238
v -0.024929 -0.014393 0.000058
v -0.024929 0.014393 0.000058
v -0.024919 -0.024919 0.115477
v -0.024919 0.024919 0.115477
v -0.024888 -0.012274 0.000000
v -0.024888 -0.012274 0.001200
v -0.024892 -0.006670 0.136585
v -0.024892 0.006670 0.136585
v -0.024888 0.012274 0.000000
v -0.024888 0.012274 0.001200
v -0.024846 -0.003271 0.137063
v -0.024846 0.003271 0.137063
v -0.024813 -0.014326 0.001251
v -0.024813 0.014326 0.001251
v -0.024803 -0.024803 0.108427
v -0.024800 -0.021749 0.121234
v -0.024800 0.021749 0.121234
v -0.024803 0.024803 0.108427
v -0.024787 -0.019019 0.001997
v -0.024787 0.019019 0.001997
v -0.024785 -0.016561 0.000232
v -0.024776 -0.004928 0.137773
v -0.024776 0.004928 0.137773
v -0.024785 0.016561 0.000232
v -0.024763 -0.010257 0.136665
v -0.024763 0.010257 0.136665
v -0.024751 -0.024751 0.005757
v -0.024747 -0.016536 0.130985
v -0.024747 0.016536 0.130985
v -0.024751 0.024751 0.005757
v -0.024736 -0.024736 0.003483
v -0.024736 0.024736 0.003483
v -0.024715 -0.012188 0.135908
v -0.024715 0.012188 0.135908
v -0.024713 -0.021673 0.125396
v -0.024712 -0.016512 0.132860
v -0.024712 0.016512 0.132860
v -0.024713 0.021673 0.125396
v -0.024679 -0.014249 0.133354
v -0.024679 0.014249 0.133354
v -0.024656 -0.008369 0.137287
v -0.024656 0.008369 0.137287
v -0.024637 -0.021606 0.002956
v -0.024641 -0.018908 0.130211
v -0.024641 0.018908 0.130211
v -0.024637 0.021606 0.002956
v -0.024635 -0.024635 0.117622
v -0.024635 0.024635 0.117622
v -0.024620 -0.024620 0.110716
v -0.024620 0.024620 0.110716
v -0.024579 -0.004889 0.137063
v -0.024579 0.004889 0.137063
v -0.024571 -0.006584 0.000038
v -0.024571 -0.006584 0.001238
v -0.024571 0.006584 0.000038
v -0.024571 0.006584 0.001238
v -0.024564 -0.021542 0.001418
v -0.024563 -0.016412 0.001402
v -0.024563 0.016412 0.001402
v -0.024564 0.021542 0.001418
v -0.024549 -0.018837 0.128150
v -0.024549 0.018837 0.128150
v -0.024505 -0.014148 0.135020
v -0.024505 0.014148 0.135020
v -0.024479 0.000000 0.138121
v -0.024456 -0.010130 0.135973
v -0.024456 0.010130 0.135973
v -0.024449 -0.021441 0.123106
v -0.024449 0.021441 0.123106
v -0.024442 -0.024442 0.004967
v -0.024439 -0.018753 0.000519
v -0.024439 0.018753 0.000519
v -0.024442 0.024442 0.004967
v -0.024426 -0.001601 0.138121
v -0.024426 0.001601 0.138121
v -0.024411 -0.024411 0.112952
v -0.024411 0.024411 0.112952
v -0.024396 -0.027818 0.009250
v -0.024396 -0.027818 0.047000
v -0.024396 -0.027818 0.094000
v -0.024403 -0.008284 0.136585
v -0.024401 -0.006538 0.137773
v -0.024401 0.006538 0.137773
v -0.024403 0.008284 0.136585
v -0.024396 0.027818 0.009250
v -0.024396 0.027818 0.047000
v -0.024396 0.027818 0.094000
v -0.024381 -0.027801 0.096490
v -0.024381 0.027801 0.096490
v -0.024357 -0.027774 0.008214
v -0.024360 -0.012013 0.135229
v -0.024360 0.012013 0.135229
v -0.024357 0.027774 0.008214
v -0.024337 -0.027751 0.098971
v -0.024344 0.000000 0.137405
v -0.024337 0.027751 0.098971
v -0.024324 -0.024324 0.119693
v -0.024324 0.024324 0.119693
v -0.024292 -0.001592 0.137405
v -0.024292 0.001592 0.137405
v -0.024281 -0.021294 0.127107
v -0.024281 0.021294 0.127107
v -0.024269 -0.003195 0.138121
v -0.024269 0.003195 0.138121
v -0.024264 -0.027668 0.101437
v -0.024264 0.027668 0.101437
v -0.024247 -0.024247 0.002709
v -0.024247 0.024247 0.002709
v -0.024243 -0.027644 0.007192
v -0.024243 0.027644 0.007192
v -0.024229 -0.016189 0.132230
v -0.024229 0.016189 0.132230
v -0.024207 -0.006486 0.137063
v -0.024207 0.006486 0.137063
v -0.024176 -0.024176 0.115129
v -0.024176 0.024176 0.115129
v -0.024163 -0.027552 0.103880
v -0.024163 0.027552 0.103880
v -0.024136 -0.003178 0.137405
v -0.024136 0.003178 0.137405
v -0.024127 -0.016121 0.134003
v -0.024127 0.016121 0.134003
v -0.024125 -0.018512 0.001652
v -0.024119 -0.018507 0.131595
v -0.024125 0.018512 0.001652
v -0.024119 0.018507 0.131595
v -0.024107 -0.013918 0.134355
v -0.024107 0.013918 0.134355
v -0.024090 -0.018485 0.129624
v -0.024088 -0.008177 0.000038
v -0.024088 -0.008177 0.001238
v -0.024088 0.008177 0.000038
v -0.024088 0.008177 0.001238
v -0.024090 0.018485 0.129624
v -0.024084 -0.021121 0.002434
v -0.024075 -0.021113 0.124886
v -0.024075 0.021113 0.124886
v -0.024084 0.021121 0.002434
v -0.024073 -0.024073 0.004231
v -0.024073 0.024073 0.004231
v -0.024056 -0.009964 0.137287
v -0.024056 0.009964 0.137287
v -0.024054 -0.027428 0.006195
v -0.024054 0.027428 0.006195
v -0.024039 -0.011855 0.136665
v -0.024039 0.011855 0.136665
v -0.024032 -0.027404 0.106291
v -0.024032 -0.013875 0.000000
v -0.024032 -0.013875 0.001200
v -0.024032 0.013875 0.000000
v -0.024032 0.013875 0.001200
v -0.024032 0.027404 0.106291
v -0.024008 -0.004776 0.138121
v -0.024008 0.004776 0.138121
v -0.023988 -0.023988 0.121683
v -0.023988 0.023988 0.121683
v -0.023934 -0.015992 0.000058
v -0.023934 0.015992 0.000058
v -0.023916 -0.023916 0.117239
v -0.023921 -0.008120 0.137773
v -0.023921 0.008120 0.137773
v -0.023916 0.023916 0.117239
v -0.023900 0.000000 0.142900
v -0.023900 0.000000 0.144100
v -0.023881 -0.020943 0.000916
v -0.023877 -0.004749 0.137405
v -0.023877 0.004749 0.137405
v -0.023881 0.020943 0.000916
v -0.023874 -0.027223 0.108664
v -0.023865 -0.013778 0.135908
v -0.023865 0.013778 0.135908
v -0.023874 0.027223 0.108664
v -0.023849 -0.001563 0.142900
v -0.023849 -0.001563 0.144100
v -0.023851 0.000000 0.142591
v -0.023851 0.000000 0.144409
v -0.023849 0.001563 0.142900
v -0.023849 0.001563 0.144100
v -0.023827 -0.020895 0.128713
v -0.023827 0.020895 0.128713
v -0.023823 -0.015918 0.001251
v -0.023823 0.015918 0.001251
v -0.023809 -0.009862 0.136585
v -0.023809 0.009862 0.136585
v -0.023800 -0.001560 0.142591
v -0.023800 -0.001560 0.144409
v -0.023800 0.001560 0.142591
v -0.023800 0.001560 0.144409
v -0.023792 -0.027129 0.005237
v -0.023792 0.027129 0.005237
v -0.023741 -0.011708 0.135973
v -0.023741 0.011708 0.135973
v -0.023731 -0.008056 0.137063
v -0.023731 0.008056 0.137063
v -0.023709 0.000000 0.142312
v -0.023709 0.000000 0.144688
v -0.023700 -0.023700 0.002018
v -0.023696 -0.003120 0.142900
v -0.023696 -0.003120 0.144100
v -0.023696 0.003120 0.142900
v -0.023696 0.003120 0.144100
v -0.023700 0.023700 0.002018
v -0.023688 -0.027011 0.110991
v -0.023694 -0.015832 0.133354
v -0.023691 0.000000 0.138330
v -0.023694 0.015832 0.133354
v -0.023688 0.027011 0.110991
v -0.023680 -0.020767 0.126570
v -0.023680 0.020767 0.126570
v -0.023658 -0.001551 0.142312
v -0.023658 -0.001551 0.144688
v -0.023658 0.001551 0.142312
v -0.023658 0.001551 0.144688
v -0.023647 -0.023647 0.003558
v -0.023649 -0.018146 0.000232
v -0.023647 -0.003113 0.142591
v -0.023647 -0.003113 0.144409
v -0.023647 0.003113 0.142591
v -0.023647 0.003113 0.144409
v -0.023649 0.018146 0.000232
v -0.023647 0.023647 0.003558
v -0.023645 -0.006336 0.138121
v -0.023640 -0.001549 0.138330
v -0.023640 0.001549 0.138330
v -0.023645 0.006336 0.138121
v -0.023632 -0.023632 0.119276
v -0.023627 -0.023627 0.123586
v -0.023632 0.023632 0.119276
v -0.023627 0.023627 0.123586
v -0.023623 0.000000 0.137611
v -0.023613 -0.018119 0.130985
v -0.023613 0.018119 0.130985
v -0.023605 -0.026916 0.009250
v -0.023605 -0.026916 0.047000
v -0.023605 -0.026916 0.094000
v -0.023605 0.026916 0.009250
v -0.023605 0.026916 0.047000
v -0.023605 0.026916 0.094000
v -0.023591 -0.026901 0.096449
v -0.023591 0.026901 0.096449
v -0.023579 -0.018093 0.132860
v -0.023579 0.018093 0.132860
v -0.023571 -0.026878 0.008349
v -0.023573 -0.001545 0.137611
v -0.023573 0.001545 0.137611
v -0.023571 0.026878 0.008349
v -0.023551 -0.026855 0.098891
v -0.023551 0.026855 0.098891
v -0.023527 -0.015720 0.135020
v -0.023527 0.015720 0.135020
v -0.023522 -0.013580 0.135229
v -0.023522 0.013580 0.135229
v -0.023515 -0.006301 0.137405
v -0.023506 -0.003095 0.142312
v -0.023506 -0.003095 0.144688
v -0.023506 0.003095 0.142312
v -0.023506 0.003095 0.144688
v -0.023515 0.006301 0.137405
v -0.023501 -0.009735 0.000038
v -0.023501 -0.009735 0.001238
v -0.023501 0.009735 0.000038
v -0.023501 0.009735 0.001238
v -0.023490 -0.020600 0.001997
v -0.023488 -0.003092 0.138330
v -0.023488 0.000000 0.142091
v -0.023488 0.000000 0.144909
v -0.023488 0.003092 0.138330
v -0.023490 0.020600 0.001997
v -0.023484 -0.026779 0.101317
v -0.023475 -0.026768 0.113264
v -0.023475 0.026768 0.113264
v -0.023484 0.026779 0.101317
v -0.023472 -0.026764 0.007459
v -0.023472 0.026764 0.007459
v -0.023461 -0.026752 0.004329
v -0.023461 0.026752 0.004329
v -0.023437 -0.017984 0.001402
v -0.023441 -0.004663 0.142900
v -0.023441 -0.004663 0.144100
v -0.023437 -0.001536 0.142091
v -0.023437 -0.001536 0.144909
v -0.023437 0.001536 0.142091
v -0.023437 0.001536 0.144909
v -0.023441 0.004663 0.142900
v -0.023441 0.004663 0.144100
v -0.023437 0.017984 0.001402
v -0.023421 -0.003083 0.137611
v -0.023421 0.003083 0.137611
v -0.023391 -0.026673 0.103720
v -0.023393 -0.004653 0.142591
v -0.023393 -0.004653 0.144409
v -0.023393 0.004653 0.142591
v -0.023393 0.004653 0.144409
v -0.023391 0.026673 0.103720
v -0.023352 -0.020479 0.130211
v -0.023352 -0.011516 0.137287
v -0.023352 0.011516 0.137287
v -0.023352 0.020479 0.130211
v -0.023339 -0.009667 0.137773
v -0.023339 0.009667 0.137773
v -0.023324 -0.023324 0.121234
v -0.023324 0.023324 0.121234
v -0.023307 -0.026576 0.006591
v -0.023307 0.026576 0.006591
v -0.023287 -0.003066 0.142091
v -0.023287 -0.003066 0.144909
v -0.023287 0.003066 0.142091
v -0.023287 0.003066 0.144909
v -0.023272 -0.026537 0.106092
v -0.023272 0.026537 0.106092
v -0.023264 -0.020402 0.128150
v -0.023264 0.020402 0.128150
v -0.023253 -0.004625 0.142312
v -0.023253 -0.004625 0.144688
v -0.023253 0.004625 0.142312
v -0.023253 0.004625 0.144688
v -0.023236 -0.026495 0.115477
v -0.023243 -0.023243 0.125396
v -0.023235 -0.004622 0.138330
v -0.023235 0.004622 0.138330
v -0.023243 0.023243 0.125396
v -0.023236 0.026495 0.115477
v -0.023212 -0.013402 0.136665
v -0.023209 0.000000 0.141949
v -0.023209 0.000000 0.145051
v -0.023212 0.013402 0.136665
v -0.023180 -0.007868 0.138121
v -0.023180 0.007868 0.138121
v -0.023171 -0.023171 0.002956
v -0.023169 -0.004609 0.137611
v -0.023169 0.004609 0.137611
v -0.023171 0.023171 0.002956
v -0.023160 -0.020311 0.000519
v -0.023159 -0.001518 0.141949
v -0.023159 -0.001518 0.145051
v -0.023159 0.001518 0.141949
v -0.023159 0.001518 0.145051
v -0.023160 0.020311 0.000519
v -0.023145 -0.015465 0.134355
v -0.023153 -0.009590 0.137063
v -0.023153 0.009590 0.137063
v -0.023145 0.015465 0.134355
v -0.023127 -0.026372 0.108427
v -0.023125 0.000000 0.000149
v -0.023125 0.000000 0.001349
v -0.023127 0.026372 0.108427
v -0.023118 -0.017739 0.132230
v -0.023118 0.017739 0.132230
v -0.023113 -0.011398 0.136585
v -0.023113 0.011398 0.136585
v -0.023102 -0.023102 0.001418
v -0.023102 0.023102 0.001418
v -0.023086 -0.006186 0.142900
v -0.023086 -0.006186 0.144100
v -0.023086 0.006186 0.142900
v -0.023086 0.006186 0.144100
v -0.023079 -0.026316 0.005757
v -0.023075 -0.001512 0.000149
v -0.023075 -0.001512 0.001349
v -0.023075 0.001512 0.000149
v -0.023075 0.001512 0.001349
v -0.023079 0.026316 0.005757
v -0.023065 -0.026301 0.003483
v -0.023073 -0.015417 0.000000
v -0.023073 -0.015417 0.001200
v -0.023073 0.015417 0.000000
v -0.023073 0.015417 0.001200
v -0.023065 0.026301 0.003483
v -0.023052 -0.007825 0.137405
v -0.023052 0.007825 0.137405
v -0.023038 -0.006173 0.142591
v -0.023038 -0.006173 0.144409
v -0.023036 -0.004582 0.142091
v -0.023036 -0.004582 0.144909
v -0.023036 0.004582 0.142091
v -0.023036 0.004582 0.144909
v -0.023038 0.006173 0.142591
v -0.023038 0.006173 0.144409
v -0.023021 -0.017665 0.134003
v -0.023021 0.017665 0.134003
v -0.023010 -0.003029 0.141949
v -0.023010 -0.003029 0.145051
v -0.023010 0.003029 0.141949
v -0.023010 0.003029 0.145051
v -0.022994 -0.022994 0.123106
v -0.022994 0.022994 0.123106
v -0.022971 -0.026193 0.117622
v -0.022971 0.026193 0.117622
v -0.022957 -0.026178 0.110716
v -0.022957 0.026178 0.110716
v -0.022927 -0.003018 0.000149
v -0.022927 -0.003018 0.001349
v -0.022927 0.003018 0.000149
v -0.022927 0.003018 0.001349
v -0.022925 -0.013236 0.135973
v -0.022925 0.013236 0.135973
v -0.022913 -0.015310 0.135908
v -0.022913 0.015310 0.135908
v -0.022901 -0.006136 0.142312
v -0.022901 -0.006136 0.144688
v -0.022900 0.000000 0.137680
v -0.022900 0.000000 0.138400
v -0.022900 0.000000 0.141900
v -0.022900 0.000000 0.145100
v -0.022901 0.006136 0.142312
v -0.022901 0.006136 0.144688
v -0.022883 -0.006132 0.138330
v -0.022883 0.006132 0.138330
v -0.022863 -0.020050 0.001652
v -0.022857 -0.020045 0.131595
v -0.022863 0.020050 0.001652
v -0.022857 0.020045 0.131595
v -0.022851 -0.001498 0.137680
v -0.022851 -0.001498 0.138400
v -0.022851 -0.001498 0.141900
v -0.022851 -0.001498 0.145100
v -0.022851 0.001498 0.137680
v -0.022851 0.001498 0.138400
v -0.022851 0.001498 0.141900
v -0.022851 0.001498 0.145100
v -0.022836 -0.022836 0.127107
v -0.022837 -0.017524 0.000058
v -0.022837 0.017524 0.000058
v -0.022836 0.022836 0.127107
v -0.022830 -0.020021 0.129624
v -0.022830 0.020021 0.129624
v -0.022818 -0.006114 0.137611
v -0.022818 0.006114 0.137611
v -0.022814 -0.011251 0.000038
v -0.022814 -0.011251 0.001238
v -0.022814 0.011251 0.000038
v -0.022814 0.011251 0.001238
v -0.022791 -0.025988 0.004967
v -0.022791 0.025988 0.004967
v -0.022762 -0.025955 0.112952
v -0.022763 -0.004528 0.141949
v -0.022763 -0.004528 0.145051
v -0.022763 0.004528 0.141949
v -0.022763 0.004528 0.145051
v -0.022762 0.025955 0.112952
v -0.022731 -0.017442 0.001251
v -0.022731 0.017442 0.001251
v -0.022704 -0.002989 0.137680
v -0.022704 -0.002989 0.138400
v -0.022704 -0.002989 0.141900
v -0.022704 -0.002989 0.145100
v -0.022704 0.002989 0.137680
v -0.022704 0.002989 0.138400
v -0.022704 0.002989 0.141900
v -0.022704 0.002989 0.145100
v -0.022687 -0.006079 0.142091
v -0.022687 -0.006079 0.144909
v -0.022687 0.006079 0.142091
v -0.022687 0.006079 0.144909
v -0.022681 -0.025863 0.119693
v -0.022681 -0.004511 0.000149
v -0.022681 -0.004511 0.001349
v -0.022681 0.004511 0.000149
v -0.022681 0.004511 0.001349
v -0.022681 0.025863 0.119693
v -0.022657 -0.011173 0.137773
v -0.022657 0.011173 0.137773
v -0.022651 -0.022651 0.002434
v -0.022651 0.022651 0.002434
v -0.022643 -0.022643 0.124886
v -0.022643 0.022643 0.124886
v -0.022632 -0.007682 0.142900
v -0.022632 -0.007682 0.144100
v -0.022632 0.007682 0.142900
v -0.022632 0.007682 0.144100
v -0.022615 -0.009368 0.138121
v -0.022615 0.009368 0.138121
v -0.022609 -0.025781 0.002709
v -0.022608 -0.017348 0.133354
v -0.022608 0.017348 0.133354
v -0.022609 0.025781 0.002709
v -0.022585 -0.007667 0.142591
v -0.022585 -0.007667 0.144409
v -0.022585 0.007667 0.142591
v -0.022585 0.007667 0.144409
v -0.022583 -0.015090 0.135229
v -0.022583 0.015090 0.135229
v -0.022549 -0.013019 0.137287
v -0.022549 0.013019 0.137287
v -0.022543 -0.025706 0.115129
v -0.022543 0.025706 0.115129
v -0.022524 -0.029354 0.009250
v -0.022524 -0.029354 0.047000
v -0.022524 -0.029354 0.094000
v -0.022524 0.029354 0.009250
v -0.022524 0.029354 0.047000
v -0.022524 0.029354 0.094000
v -0.022511 -0.029336 0.096490
v -0.022510 0.000000 0.138438
v -0.022511 0.029336 0.096490
v -0.022489 -0.029308 0.008214
v -0.022491 -0.009316 0.137405
v -0.022491 0.009316 0.137405
v -0.022489 0.029308 0.008214
v -0.022476 -0.011084 0.137063
v -0.022476 0.011084 0.137063
v -0.022470 -0.029284 0.098971
v -0.022470 0.029284 0.098971
v -0.022460 -0.022460 0.000916
v -0.022460 -0.004468 0.137680
v -0.022460 -0.004468 0.138400
v -0.022460 -0.004468 0.141900
v -0.022460 -0.004468 0.145100
v -0.022462 -0.001472 0.138438
v -0.022462 0.001472 0.138438
v -0.022460 0.004468 0.137680
v -0.022460 0.004468 0.138400
v -0.022460 0.004468 0.141900
v -0.022460 0.004468 0.145100
v -0.022460 0.022460 0.000916
v -0.022447 -0.025595 0.004231
v -0.022449 -0.017225 0.135020
v -0.022451 -0.007621 0.142312
v -0.022451 -0.007621 0.144688
v -0.022451 0.007621 0.142312
v -0.022451 0.007621 0.144688
v -0.022449 0.017225 0.135020
v -0.022447 0.025595 0.004231
v -0.022433 -0.007615 0.138330
v -0.022433 0.007615 0.138330
v -0.022418 -0.006007 0.141949
v -0.022418 -0.006007 0.145051
v -0.022418 0.006007 0.141949
v -0.022418 0.006007 0.145051
v -0.022409 -0.022409 0.128713
v -0.022411 -0.019654 0.000232
v -0.022411 0.019654 0.000232
v -0.022409 0.022409 0.128713
v -0.022403 -0.029196 0.101437
v -0.022400 0.000000 0.149720
v -0.022400 0.000000 0.150680
v -0.022400 0.000000 0.153920
v -0.022400 0.000000 0.154880
v -0.022403 0.029196 0.101437
v -0.022383 -0.029170 0.007192
v -0.022377 -0.019624 0.130985
v -0.022377 0.019624 0.130985
v -0.022383 0.029170 0.007192
v -0.022368 -0.025505 0.121683
v -0.022370 -0.007593 0.137611
v -0.022370 0.007593 0.137611
v -0.022368 0.025505 0.121683
v -0.022345 -0.019596 0.132860
v -0.022345 0.019596 0.132860
v -0.022337 -0.005985 0.000149
v -0.022337 -0.005985 0.001349
v -0.022337 0.005985 0.000149
v -0.022337 0.005985 0.001349
v -0.022318 -0.012885 0.136585
v -0.022317 -0.002938 0.138438
v -0.022317 0.002938 0.138438
v -0.022318 0.012885 0.136585
v -0.022309 -0.029074 0.103880
v -0.022309 0.029074 0.103880
v -0.022301 -0.025429 0.117239
v -0.022301 0.025429 0.117239
v -0.022286 -0.014891 0.136665
v -0.022292 -0.002196 0.149786
v -0.022292 -0.002196 0.150746
v -0.022292 -0.002196 0.153986
v -0.022292 -0.002196 0.154946
v -0.022292 0.002196 0.149654
v -0.022292 0.002196 0.150614
v -0.022292 0.002196 0.153854
v -0.022292 0.002196 0.154814
v -0.022286 0.014891 0.136665
v -0.022276 0.000000 0.137741
v -0.022271 -0.022271 0.126570
v -0.022271 0.022271 0.126570
v -0.022241 -0.007550 0.142091
v -0.022241 -0.007550 0.144909
v -0.022241 0.007550 0.142091
v -0.022241 0.007550 0.144909
v -0.022228 -0.001457 0.137741
v -0.022228 0.001457 0.137741
v -0.022208 -0.028942 0.006195
v -0.022210 -0.019478 0.001402
v -0.022210 0.019478 0.001402
v -0.022208 0.028942 0.006195
v -0.022189 -0.028917 0.106291
v -0.022189 0.028917 0.106291
v -0.022135 0.000000 0.138552
v -0.022120 -0.005927 0.137680
v -0.022120 -0.005927 0.138400
v -0.022120 -0.005927 0.141900
v -0.022120 -0.005927 0.145100
v -0.022120 0.005927 0.137680
v -0.022120 0.005927 0.138400
v -0.022120 0.005927 0.141900
v -0.022120 0.005927 0.145100
v -0.022099 -0.025200 0.002018
v -0.022099 0.025200 0.002018
v -0.022092 -0.022092 0.001997
v -0.022085 -0.002908 0.137741
v -0.022087 -0.001448 0.138552
v -0.022087 0.001448 0.138552
v -0.022085 0.002908 0.137741
v -0.022092 0.022092 0.001997
v -0.022084 -0.016946 0.134355
v -0.022081 -0.009146 0.142900
v -0.022081 -0.009146 0.144100
v -0.022077 -0.004391 0.138438
v -0.022077 0.004391 0.138438
v -0.022081 0.009146 0.142900
v -0.022081 0.009146 0.144100
v -0.022084 0.016946 0.134355
v -0.022050 -0.025143 0.003558
v -0.022050 0.025143 0.003558
v -0.022042 -0.028726 0.108664
v -0.022036 -0.025127 0.119276
v -0.022036 -0.009127 0.142591
v -0.022036 -0.009127 0.144409
v -0.022036 0.009127 0.142591
v -0.022036 0.009127 0.144409
v -0.022036 0.025127 0.119276
v -0.022042 0.028726 0.108664
v -0.022031 -0.025122 0.123586
v -0.022030 -0.012719 0.000038
v -0.022030 -0.012719 0.001238
v -0.022030 0.012719 0.000038
v -0.022030 0.012719 0.001238
v -0.022031 0.025122 0.123586
v -0.022016 -0.016893 0.000000
v -0.022016 -0.016893 0.001200
v -0.022016 0.016893 0.000000
v -0.022016 0.016893 0.001200
v -0.022010 -0.014707 0.135973
v -0.022010 0.014707 0.135973
v -0.021977 -0.007460 0.141949
v -0.021977 -0.007460 0.145051
v -0.021977 0.007460 0.141949
v -0.021977 0.007460 0.145051
v -0.021967 -0.028627 0.005237
v -0.021970 -0.004370 0.149851
v -0.021970 -0.004370 0.150811
v -0.021970 -0.004370 0.154051
v -0.021970 -0.004370 0.155011
v -0.021970 0.004370 0.149589
v -0.021970 0.004370 0.150549
v -0.021970 0.004370 0.153789
v -0.021970 0.004370 0.154749
v -0.021967 0.028627 0.005237
v -0.021962 -0.021962 0.130211
v -0.021962 0.021962 0.130211
v -0.021954 -0.010827 0.138121
v -0.021945 -0.002889 0.138552
v -0.021945 0.002889 0.138552
v -0.021954 0.010827 0.138121
v -0.021909 -0.019213 0.132230
v -0.021909 0.019213 0.132230
v -0.021904 -0.009073 0.142312
v -0.021904 -0.009073 0.144688
v -0.021898 -0.007433 0.000149
v -0.021898 -0.007433 0.001349
v -0.021898 0.007433 0.000149
v -0.021898 0.007433 0.001349
v -0.021904 0.009073 0.142312
v -0.021904 0.009073 0.144688
v -0.021887 -0.009066 0.138330
v -0.021887 0.009066 0.138330
v -0.021880 -0.021880 0.128150
v -0.021877 -0.012631 0.137773
v -0.021877 0.012631 0.137773
v -0.021880 0.021880 0.128150
v -0.021871 -0.028503 0.110991
v -0.021871 0.028503 0.110991
v -0.021862 -0.016776 0.135908
v -0.021862 0.016776 0.135908
v -0.021848 -0.004346 0.137741
v -0.021848 0.004346 0.137741
v -0.021834 -0.010767 0.137405
v -0.021825 -0.009040 0.137611
v -0.021825 0.009040 0.137611
v -0.021834 0.010767 0.137405
v -0.021817 -0.019133 0.134003
v -0.021817 0.019133 0.134003
v -0.021794 -0.028402 0.009250
v -0.021794 -0.028402 0.047000
v -0.021794 -0.028402 0.094000
v -0.021789 0.000000 0.138737
v -0.021794 0.028402 0.009250
v -0.021794 0.028402 0.047000
v -0.021794 0.028402 0.094000
v -0.021781 -0.028386 0.096449
v -0.021782 -0.021782 0.000519
v -0.021782 0.021782 0.000519
v -0.021781 0.028386 0.096449
v -0.021763 -0.028362 0.008349
v -0.021763 0.028362 0.008349
v -0.021749 -0.024800 0.121234
v -0.021749 0.024800 0.121234
v -0.021744 -0.028338 0.098891
v -0.021743 -0.005826 0.138438
v -0.021742 -0.001425 0.138737
v -0.021742 0.001425 0.138737
v -0.021743 0.005826 0.138438
v -0.021744 0.028338 0.098891
v -0.021709 -0.004318 0.138552
v -0.021709 0.004318 0.138552
v -0.021703 -0.012530 0.137063
v -0.021700 -0.008988 0.142091
v -0.021700 -0.008988 0.144909
v -0.021700 0.008988 0.142091
v -0.021700 0.008988 0.144909
v -0.021703 0.012530 0.137063
v -0.021683 -0.028257 0.101317
v -0.021685 -0.007361 0.137680
v -0.021685 -0.007361 0.138400
v -0.021685 -0.007361 0.141900
v -0.021685 -0.007361 0.145100
v -0.021675 0.000000 0.137924
v -0.021685 0.007361 0.137680
v -0.021685 0.007361 0.138400
v -0.021685 0.007361 0.141900
v -0.021685 0.007361 0.145100
v -0.021683 0.028257 0.101317
v -0.021674 -0.028246 0.113264
v -0.021671 -0.028242 0.007459
v -0.021673 -0.024713 0.125396
v -0.021673 0.024713 0.125396
v -0.021671 0.028242 0.007459
v -0.021674 0.028246 0.113264
v -0.021661 -0.028229 0.004329
v -0.021661 0.028229 0.004329
v -0.021649 -0.014466 0.137287
v -0.021649 0.014466 0.137287
v -0.021642 -0.018980 0.000058
v -0.021642 0.018980 0.000058
v -0.021629 -0.001418 0.137924
v -0.021629 0.001418 0.137924
v -0.021606 -0.024637 0.002956
v -0.021606 0.024637 0.002956
v -0.021597 -0.028145 0.103720
v -0.021602 -0.002844 0.138737
v -0.021602 0.002844 0.138737
v -0.021597 0.028145 0.103720
v -0.021548 -0.016534 0.135229
v -0.021548 0.016534 0.135229
v -0.021542 -0.024564 0.001418
v -0.021541 -0.018891 0.001251
v -0.021541 0.018891 0.001251
v -0.021542 0.024564 0.001418
v -0.021519 -0.028044 0.006591
v -0.021517 -0.005765 0.137741
v -0.021517 0.005765 0.137741
v -0.021519 0.028044 0.006591
v -0.021502 -0.021502 0.001652
v -0.021497 -0.021497 0.131595
v -0.021502 0.021502 0.001652
v -0.021497 0.021497 0.131595
v -0.021487 -0.028002 0.106092
v -0.021490 -0.002829 0.137924
v -0.021486 0.000000 0.138986
v -0.021490 0.002829 0.137924
v -0.021487 0.028002 0.106092
v -0.021471 -0.021471 0.129624
v -0.021471 0.021471 0.129624
v -0.021453 -0.027958 0.115477
v -0.021453 0.027958 0.115477
v -0.021441 -0.024449 0.123106
v -0.021435 -0.010571 0.142900
v -0.021435 -0.010571 0.144100
v -0.021442 -0.008882 0.141949
v -0.021442 -0.008882 0.145051
v -0.021435 -0.006502 0.149917
v -0.021435 -0.006502 0.150877
v -0.021435 -0.006502 0.154117
v -0.021435 -0.006502 0.155077
v -0.021440 -0.001405 0.138986
v -0.021440 0.001405 0.138986
v -0.021435 0.006502 0.149523
v -0.021435 0.006502 0.150483
v -0.021435 0.006502 0.153723
v -0.021435 0.006502 0.154683
v -0.021442 0.008882 0.141949
v -0.021442 0.008882 0.145051
v -0.021435 0.010571 0.142900
v -0.021435 0.010571 0.144100
v -0.021441 0.024449 0.123106
v -0.021425 -0.018789 0.133354
v -0.021427 -0.014317 0.136585
v -0.021427 0.014317 0.136585
v -0.021425 0.018789 0.133354
v -0.021391 -0.010549 0.142591
v -0.021391 -0.010549 0.144409
v -0.021391 0.010549 0.142591
v -0.021391 0.010549 0.144409
v -0.021380 -0.005729 0.138552
v -0.021380 0.005729 0.138552
v -0.021370 -0.004251 0.138737
v -0.021370 0.004251 0.138737
v -0.021365 -0.008850 0.000149
v -0.021365 -0.008850 0.001349
v -0.021365 0.008850 0.000149
v -0.021365 0.008850 0.001349
v -0.021353 -0.027828 0.108427
v -0.021353 0.027828 0.108427
v -0.021315 -0.007236 0.138438
v -0.021315 0.007236 0.138438
v -0.021308 -0.027770 0.005757
v -0.021308 0.027770 0.005757
v -0.021296 -0.027753 0.003483
v -0.021302 -0.002804 0.138986
v -0.021302 0.002804 0.138986
v -0.021296 0.027753 0.003483
v -0.021294 -0.024281 0.127107
v -0.021294 0.024281 0.127107
v -0.021274 -0.018657 0.135020
v -0.021274 0.018657 0.135020
v -0.021265 -0.016317 0.136665
v -0.021264 -0.010486 0.142312
v -0.021264 -0.010486 0.144688
v -0.021259 -0.004229 0.137924
v -0.021259 0.004229 0.137924
v -0.021264 0.010486 0.142312
v -0.021264 0.010486 0.144688
v -0.021265 0.016317 0.136665
v -0.021247 -0.010478 0.138330
v -0.021247 0.010478 0.138330
v -0.021237 0.000000 0.139289
v -0.021209 -0.027639 0.117622
v -0.021209 0.027639 0.117622
v -0.021196 -0.027623 0.110716
v -0.021199 -0.012239 0.138121
v -0.021199 0.012239 0.138121
v -0.021196 0.027623 0.110716
v -0.021187 -0.010448 0.137611
v -0.021192 -0.001389 0.139289
v -0.021192 0.001389 0.139289
v -0.021187 0.010448 0.137611
v -0.021157 -0.008763 0.137680
v -0.021157 -0.008763 0.138400
v -0.021157 -0.008763 0.141900
v -0.021157 -0.008763 0.145100
v -0.021157 0.008763 0.137680
v -0.021157 0.008763 0.138400
v -0.021157 0.008763 0.141900
v -0.021157 0.008763 0.145100
v -0.021151 -0.014132 0.000038
v -0.021151 -0.014132 0.001238
v -0.021151 0.014132 0.000038
v -0.021151 0.014132 0.001238
v -0.021121 -0.024084 0.002434
v -0.021122 0.000000 0.138219
v -0.021121 0.024084 0.002434
v -0.021113 -0.024075 0.124886
v -0.021113 0.024075 0.124886
v -0.021094 -0.007160 0.137741
v -0.021094 0.007160 0.137741
v -0.021078 -0.021078 0.000232
v -0.021083 -0.012172 0.137405
v -0.021077 -0.001381 0.138219
v -0.021077 0.001381 0.138219
v -0.021083 0.012172 0.137405
v -0.021078 0.021078 0.000232
v -0.021066 -0.010388 0.142091
v -0.021066 -0.010388 0.144909
v -0.021073 -0.004192 0.138986
v -0.021073 0.004192 0.138986
v -0.021066 0.010388 0.142091
v -0.021066 0.010388 0.144909
v -0.021055 -0.002772 0.139289
v -0.021055 0.002772 0.139289
v -0.021046 -0.021046 0.130985
v -0.021046 -0.005639 0.138737
v -0.021052 0.000000 0.139635
v -0.021046 0.005639 0.138737
v -0.021046 0.021046 0.130985
v -0.021043 -0.027423 0.004967
v -0.021043 0.027423 0.004967
v -0.021016 -0.027389 0.112952
v -0.021016 -0.021016 0.132860
v -0.021016 0.021016 0.132860
v -0.021016 0.027389 0.112952
v -0.021007 -0.001377 0.139635
v -0.021007 0.001377 0.139635
v -0.021001 -0.016115 0.135973
v -0.021004 -0.014035 0.137773
v -0.021004 0.014035 0.137773
v -0.021001 0.016115 0.135973
v -0.020960 -0.007115 0.138552
v -0.020960 0.007115 0.138552
v -0.020941 -0.027291 0.119693
v -0.020943 -0.023881 0.000916
v -0.020937 -0.005610 0.137924
v -0.020941 -0.002757 0.138219
v -0.020938 0.000000 0.140010
v -0.020941 0.002757 0.138219
v -0.020937 0.005610 0.137924
v -0.020943 0.023881 0.000916
v -0.020941 0.027291 0.119693
v -0.020929 -0.018354 0.134355
v -0.020929 0.018354 0.134355
v -0.020895 -0.023827 0.128713
v -0.020900 0.000000 0.140400
v -0.020900 0.000000 0.141900
v -0.020900 0.000000 0.145100
v -0.020900 0.000000 0.163400
v -0.020895 0.023827 0.128713
v -0.020889 -0.020889 0.001402
v -0.020894 -0.001369 0.140010
v -0.020894 0.001369 0.140010
v -0.020889 0.020889 0.001402
v -0.020875 -0.027205 0.002709
v -0.020872 -0.002748 0.139635
v -0.020872 0.002748 0.139635
v -0.020875 0.027205 0.002709
v -0.020864 -0.018297 0.000000
v -0.020864 -0.018297 0.001200
v -0.020855 -0.001367 0.140400
v -0.020855 -0.001367 0.141900
v -0.020855 -0.001367 0.145100
v -0.020855 -0.001367 0.163400
v -0.020855 0.001367 0.140400
v -0.020855 0.001367 0.141900
v -0.020855 0.001367 0.145100
v -0.020855 0.001367 0.163400
v -0.020864 0.018297 0.000000
v -0.020864 0.018297 0.001200
v -0.020854 0.000000 0.163630
v -0.020837 -0.013923 0.137063
v -0.020837 0.013923 0.137063
v -0.020829 -0.004143 0.139289
v -0.020829 0.004143 0.139289
v -0.020816 -0.010265 0.141949
v -0.020816 -0.010265 0.145051
v -0.020816 0.010265 0.141949
v -0.020816 0.010265 0.145051
v -0.020814 -0.027125 0.115129
v -0.020810 -0.001364 0.163630
v -0.020813 0.000000 0.000325
v -0.020813 0.000000 0.001525
v -0.020810 0.001364 0.163630
v -0.020814 0.027125 0.115129
v -0.020796 -0.008614 0.138438
v -0.020796 0.008614 0.138438
v -0.020767 -0.023680 0.126570
v -0.020768 -0.001361 0.000325
v -0.020768 -0.001361 0.001525
v -0.020768 0.001361 0.000325
v -0.020768 0.001361 0.001525
v -0.020767 0.023680 0.126570
v -0.020759 -0.002733 0.140010
v -0.020759 0.002733 0.140010
v -0.020754 -0.005561 0.138986
v -0.020754 0.005561 0.138986
v -0.020740 -0.010228 0.000149
v -0.020740 -0.010228 0.001349
v -0.020740 0.010228 0.000149
v -0.020740 0.010228 0.001349
v -0.020725 -0.027009 0.004231
v -0.020718 -0.018170 0.135908
v -0.020716 -0.004121 0.138219
v -0.020721 -0.002728 0.140400
v -0.020721 -0.002728 0.141900
v -0.020721 -0.002728 0.145100
v -0.020721 -0.002728 0.163400
v -0.020724 0.000000 0.163824
v -0.020721 0.002728 0.140400
v -0.020721 0.002728 0.141900
v -0.020721 0.002728 0.145100
v -0.020721 0.002728 0.163400
v -0.020716 0.004121 0.138219
v -0.020718 0.018170 0.135908
v -0.020725 0.027009 0.004231
v -0.020698 -0.011950 0.142900
v -0.020698 -0.011950 0.144100
v -0.020698 0.011950 0.142900
v -0.020698 0.011950 0.144100
v -0.020695 -0.008572 0.149982
v -0.020695 -0.008572 0.150943
v -0.020695 -0.008572 0.154182
v -0.020695 -0.008572 0.155143
v -0.020695 0.008572 0.149457
v -0.020695 0.008572 0.150418
v -0.020695 0.008572 0.153657
v -0.020695 0.008572 0.154618
v -0.020676 -0.002722 0.163630
v -0.020680 -0.001355 0.163824
v -0.020680 0.001355 0.163824
v -0.020676 0.002722 0.163630
v -0.020657 -0.015851 0.137287
v -0.020656 -0.011926 0.142591
v -0.020656 -0.011926 0.144409
v -0.020656 0.011926 0.142591
v -0.020656 0.011926 0.144409
v -0.020657 0.015851 0.137287
v -0.020652 -0.026914 0.121683
v -0.020648 -0.004107 0.139635
v -0.020648 0.004107 0.139635
v -0.020652 0.026914 0.121683
v -0.020637 0.000000 0.138617
v -0.020633 -0.007004 0.138737
v -0.020634 -0.002717 0.000325
v -0.020634 -0.002717 0.001525
v -0.020634 0.002717 0.000325
v -0.020634 0.002717 0.001525
v -0.020633 0.007004 0.138737
v -0.020605 -0.020605 0.132230
v -0.020605 0.020605 0.132230
v -0.020600 -0.023490 0.001997
v -0.020600 0.000000 0.149000
v -0.020600 0.000000 0.151400
v -0.020600 0.000000 0.153200
v -0.020600 0.000000 0.155600
v -0.020600 0.023490 0.001997
v -0.020590 -0.026833 0.117239
v -0.020593 -0.001350 0.138617
v -0.020593 0.001350 0.138617
v -0.020590 0.026833 0.117239
v -0.020580 -0.008525 0.137741
v -0.020580 0.008525 0.137741
v -0.020556 -0.030764 0.009250
v -0.020556 -0.030764 0.047000
v -0.020556 -0.030764 0.094000
v -0.020556 0.030764 0.009250
v -0.020556 0.030764 0.047000
v -0.020556 0.030764 0.094000
v -0.020547 -0.002705 0.163824
v -0.020547 0.002705 0.163824
v -0.020544 -0.030746 0.096490
v -0.020538 -0.010128 0.137680
v -0.020538 -0.010128 0.138400
v -0.020538 -0.010128 0.141900
v -0.020538 -0.010128 0.145100
v -0.020536 -0.004085 0.140010
v -0.020536 0.004085 0.140010
v -0.020538 0.010128 0.137680
v -0.020538 0.010128 0.138400
v -0.020538 0.010128 0.141900
v -0.020538 0.010128 0.145100
v -0.020544 0.030746 0.096490
v -0.020533 -0.011855 0.142312
v -0.020533 -0.011855 0.144688
v -0.020525 -0.006967 0.137924
v -0.020530 0.000000 0.163954
v -0.020525 0.006967 0.137924
v -0.020533 0.011855 0.142312
v -0.020533 0.011855 0.144688
v -0.020524 -0.030716 0.008214
v -0.020519 -0.020519 0.134003
v -0.020517 -0.011845 0.138330
v -0.020517 0.011845 0.138330
v -0.020519 0.020519 0.134003
v -0.020524 0.030716 0.008214
v -0.020507 -0.030691 0.098971
v -0.020513 -0.005497 0.139289
v -0.020513 0.005497 0.139289
v -0.020507 0.030691 0.098971
v -0.020498 -0.004077 0.140400
v -0.020498 -0.004077 0.141900
v -0.020498 -0.004077 0.145100
v -0.020498 -0.004077 0.163400
v -0.020501 -0.002019 0.149066
v -0.020501 -0.002019 0.151466
v -0.020501 -0.002019 0.153266
v -0.020501 -0.002019 0.155666
v -0.020501 0.002019 0.148934
v -0.020501 0.002019 0.151334
v -0.020501 0.002019 0.153134
v -0.020501 0.002019 0.155534
v -0.020498 0.004077 0.140400
v -0.020498 0.004077 0.141900
v -0.020498 0.004077 0.145100
v -0.020498 0.004077 0.163400
v -0.020486 -0.001343 0.163954
v -0.020486 0.001343 0.163954
v -0.020479 -0.023352 0.130211
v -0.020479 0.023352 0.130211
v -0.020458 -0.011812 0.137611
v -0.020461 -0.002694 0.138617
v -0.020461 0.002694 0.138617
v -0.020458 0.011812 0.137611
v -0.020445 -0.030599 0.101437
v -0.020445 -0.015688 0.136585
v -0.020450 -0.008471 0.138552
v -0.020454 -0.004068 0.163630
v -0.020454 0.004068 0.163630
v -0.020450 0.008471 0.138552
v -0.020445 0.015688 0.136585
v -0.020445 0.030599 0.101437
v -0.020427 -0.030572 0.007192
v -0.020427 0.030572 0.007192
v -0.020420 -0.017908 0.135229
v -0.020420 0.017908 0.135229
v -0.020413 -0.004060 0.000325
v -0.020413 -0.004060 0.001525
v -0.020413 0.004060 0.000325
v -0.020413 0.004060 0.001525
v -0.020404 -0.026591 0.002018
v -0.020402 -0.023264 0.128150
v -0.020402 -0.005467 0.138219
v -0.020402 0.005467 0.138219
v -0.020402 0.023264 0.128150
v -0.020404 0.026591 0.002018
v -0.020360 -0.030470 0.103880
v -0.020358 -0.026531 0.003558
v -0.020358 0.026531 0.003558
v -0.020360 0.030470 0.103880
v -0.020345 -0.026514 0.119276
v -0.020355 -0.020355 0.000058
v -0.020353 -0.013600 0.138121
v -0.020346 -0.006906 0.138986
v -0.020354 -0.002680 0.163954
v -0.020354 0.002680 0.163954
v -0.020346 0.006906 0.138986
v -0.020353 0.013600 0.138121
v -0.020355 0.020355 0.000058
v -0.020345 0.026514 0.119276
v -0.020341 -0.026509 0.123586
v -0.020341 -0.011744 0.142091
v -0.020341 -0.011744 0.144909
v -0.020341 0.011744 0.142091
v -0.020341 0.011744 0.144909
v -0.020341 0.026509 0.123586
v -0.020335 -0.005449 0.139635
v -0.020326 -0.004043 0.163824
v -0.020326 0.004043 0.163824
v -0.020335 0.005449 0.139635
v -0.020311 -0.023160 0.000519
v -0.020311 0.023160 0.000519
v -0.020300 0.000000 0.164000
v -0.020268 -0.030333 0.006195
v -0.020268 0.030333 0.006195
v -0.020260 -0.020260 0.001251
v -0.020257 -0.001328 0.164000
v -0.020257 0.001328 0.164000
v -0.020260 0.020260 0.001251
v -0.020250 -0.030306 0.106291
v -0.020250 0.030306 0.106291
v -0.020242 -0.013525 0.137405
v -0.020241 -0.004026 0.138617
v -0.020239 0.000000 0.139102
v -0.020241 0.004026 0.138617
v -0.020242 0.013525 0.137405
v -0.020225 -0.005419 0.140010
v -0.020225 0.005419 0.140010
v -0.020204 -0.004019 0.149131
v -0.020204 -0.004019 0.151531
v -0.020204 -0.004019 0.153331
v -0.020204 -0.004019 0.155731
v -0.020196 -0.001324 0.139102
v -0.020196 0.001324 0.139102
v -0.020204 0.004019 0.148869
v -0.020204 0.004019 0.151269
v -0.020204 0.004019 0.153069
v -0.020204 0.004019 0.155469
v -0.020188 -0.009956 0.138438
v -0.020188 -0.005409 0.140400
v -0.020188 -0.005409 0.141900
v -0.020188 -0.005409 0.145100
v -0.020188 -0.005409 0.163400
v -0.020188 0.005409 0.140400
v -0.020188 0.005409 0.141900
v -0.020188 0.005409 0.145100
v -0.020188 0.005409 0.163400
v -0.020188 0.009956 0.138438
v -0.020181 -0.015485 0.000038
v -0.020181 -0.015485 0.001238
v -0.020181 0.015485 0.000038
v -0.020181 0.015485 0.001238
v -0.020150 -0.020150 0.133354
v -0.020152 -0.017673 0.136665
v -0.020152 0.017673 0.136665
v -0.020150 0.020150 0.133354
v -0.020144 -0.005397 0.163630
v -0.020135 -0.004005 0.163954
v -0.020135 0.004005 0.163954
v -0.020144 0.005397 0.163630
v -0.020130 -0.008338 0.138737
v -0.020126 -0.002650 0.164000
v -0.020126 0.002650 0.164000
v -0.020130 0.008338 0.138737
v -0.020117 -0.030106 0.108664
v -0.020117 0.030106 0.108664
v -0.020110 -0.006826 0.139289
v -0.020110 0.006826 0.139289
v -0.020100 -0.011605 0.141949
v -0.020100 -0.011605 0.145051
v -0.020103 -0.005387 0.000325
v -0.020103 -0.005387 0.001525
v -0.020103 0.005387 0.000325
v -0.020103 0.005387 0.001525
v -0.020100 0.011605 0.141949
v -0.020100 0.011605 0.145051
v -0.020080 -0.026169 0.121234
v -0.020080 0.026169 0.121234
v -0.020066 -0.002642 0.139102
v -0.020066 0.002642 0.139102
v -0.020047 -0.030003 0.005237
v -0.020050 -0.022863 0.001652
v -0.020045 -0.022857 0.131595
v -0.020050 0.022863 0.001652
v -0.020045 0.022857 0.131595
v -0.020047 0.030003 0.005237
v -0.020042 -0.015378 0.137773
v -0.020042 0.015378 0.137773
v -0.020027 -0.011563 0.000149
v -0.020027 -0.011563 0.001349
v -0.020025 -0.008295 0.137924
v -0.020025 0.008295 0.137924
v -0.020027 0.011563 0.000149
v -0.020027 0.011563 0.001349
v -0.020021 -0.022830 0.129624
v -0.020018 -0.005364 0.163824
v -0.020018 0.005364 0.163824
v -0.020021 0.022830 0.129624
v -0.020010 -0.026078 0.125396
v -0.020008 -0.020008 0.135020
v -0.020008 0.020008 0.135020
v -0.020010 0.026078 0.125396
v -0.020001 -0.006790 0.138219
v -0.020001 0.006790 0.138219
v -0.019978 -0.009852 0.137741
v -0.019978 0.009852 0.137741
v -0.019960 -0.029872 0.110991
v -0.019960 0.029872 0.110991
v -0.019949 -0.025997 0.002956
v -0.019949 0.025997 0.002956
v -0.019935 -0.006767 0.139635
v -0.019944 0.000000 0.139655
v -0.019935 0.006767 0.139635
v -0.019934 -0.005341 0.138617
v -0.019934 0.005341 0.138617
v -0.019910 -0.003960 0.164000
v -0.019910 0.003960 0.164000
v -0.019902 -0.017454 0.135973
v -0.019901 -0.001304 0.139655
v -0.019901 0.001304 0.139655
v -0.019902 0.017454 0.135973
v -0.019889 -0.029767 0.009250
v -0.019889 -0.029767 0.047000
v -0.019889 -0.029767 0.094000
v -0.019889 -0.025920 0.001418
v -0.019889 0.025920 0.001418
v -0.019889 0.029767 0.009250
v -0.019889 0.029767 0.047000
v -0.019889 0.029767 0.094000
v -0.019878 -0.029750 0.096449
v -0.019882 -0.015256 0.137063
v -0.019882 0.015256 0.137063
v -0.019878 0.029750 0.096449
v -0.019872 -0.013278 0.142900
v -0.019872 -0.013278 0.144100
v -0.019872 0.013278 0.142900
v -0.019872 0.013278 0.144100
v -0.019861 -0.029725 0.008349
v -0.019861 0.029725 0.008349
v -0.019852 -0.009790 0.138552
v -0.019850 -0.008222 0.138986
v -0.019850 -0.003948 0.139102
v -0.019850 0.003948 0.139102
v -0.019850 0.008222 0.138986
v -0.019852 0.009790 0.138552
v -0.019844 -0.029699 0.098891
v -0.019844 0.029699 0.098891
v -0.019831 -0.013251 0.142591
v -0.019831 -0.013251 0.144409
v -0.019832 -0.011450 0.137680
v -0.019832 -0.011450 0.138400
v -0.019832 -0.011450 0.141900
v -0.019832 -0.011450 0.145100
v -0.019827 -0.006730 0.140010
v -0.019830 -0.005313 0.163954
v -0.019830 0.005313 0.163954
v -0.019827 0.006730 0.140010
v -0.019832 0.011450 0.137680
v -0.019832 0.011450 0.138400
v -0.019832 0.011450 0.141900
v -0.019832 0.011450 0.145100
v -0.019831 0.013251 0.142591
v -0.019831 0.013251 0.144409
v -0.019796 -0.025799 0.123106
v -0.019796 0.025799 0.123106
v -0.019788 -0.029615 0.101317
v -0.019791 -0.006718 0.140400
v -0.019791 -0.006718 0.141900
v -0.019791 -0.006718 0.145100
v -0.019791 -0.006718 0.163400
v -0.019791 0.006718 0.140400
v -0.019791 0.006718 0.141900
v -0.019791 0.006718 0.145100
v -0.019791 0.006718 0.163400
v -0.019788 0.029615 0.101317
v -0.019777 -0.029599 0.007459
v -0.019780 -0.029603 0.113264
v -0.019777 0.029599 0.007459
v -0.019780 0.029603 0.113264
v -0.019768 -0.029586 0.004329
v -0.019773 -0.002603 0.139655
v -0.019773 0.002603 0.139655
v -0.019768 0.029586 0.004329
v -0.019755 -0.010559 0.150048
v -0.019755 -0.010559 0.151008
v -0.019755 -0.010559 0.154248
v -0.019755 -0.010559 0.155208
v -0.019761 0.000000 0.140256
v -0.019755 0.010559 0.149392
v -0.019755 0.010559 0.150352
v -0.019755 0.010559 0.153592
v -0.019755 0.010559 0.154552
v -0.019748 -0.006703 0.163630
v -0.019748 0.006703 0.163630
v -0.019719 -0.001292 0.140256
v -0.019719 0.001292 0.140256
v -0.019710 -0.029498 0.103720
v -0.019713 -0.013172 0.142312
v -0.019713 -0.013172 0.144688
v -0.019708 -0.006690 0.000325
v -0.019708 -0.006690 0.001525
v -0.019713 -0.005980 0.149197
v -0.019713 -0.005980 0.151597
v -0.019713 -0.005980 0.153397
v -0.019713 -0.005980 0.155797
v -0.019713 0.005980 0.148803
v -0.019713 0.005980 0.151203
v -0.019713 0.005980 0.153003
v -0.019713 0.005980 0.155403
v -0.019708 0.006690 0.000325
v -0.019708 0.006690 0.001525
v -0.019713 0.013172 0.142312
v -0.019713 0.013172 0.144688
v -0.019710 0.029498 0.103720
v -0.019698 -0.013162 0.138330
v -0.019700 0.000000 0.140880
v -0.019700 0.000000 0.164480
v -0.019698 0.013162 0.138330
v -0.019683 -0.019683 0.134355
v -0.019683 0.019683 0.134355
v -0.019660 -0.025622 0.127107
v -0.019658 -0.001288 0.140880
v -0.019658 -0.001288 0.164480
v -0.019658 0.001288 0.140880
v -0.019658 0.001288 0.164480
v -0.019660 0.025622 0.127107
v -0.019654 -0.022411 0.000232
v -0.019654 0.022411 0.000232
v -0.019638 -0.029391 0.006591
v -0.019642 -0.013124 0.137611
v -0.019642 0.013124 0.137611
v -0.019638 0.029391 0.006591
v -0.019624 -0.022377 0.130985
v -0.019622 -0.019622 0.000000
v -0.019622 -0.019622 0.001200
v -0.019620 -0.008127 0.139289
v -0.019624 -0.006662 0.163824
v -0.019624 0.006662 0.163824
v -0.019620 0.008127 0.139289
v -0.019622 0.019622 0.000000
v -0.019622 0.019622 0.001200
v -0.019624 0.022377 0.130985
v -0.019609 -0.029347 0.106092
v -0.019608 -0.005254 0.164000
v -0.019608 0.005254 0.164000
v -0.019609 0.029347 0.106092
v -0.019596 -0.022345 0.132860
v -0.019596 0.022345 0.132860
v -0.019592 -0.002579 0.140256
v -0.019592 0.002579 0.140256
v -0.019579 -0.029302 0.115477
v -0.019576 -0.017168 0.137287
v -0.019576 0.017168 0.137287
v -0.019579 0.029302 0.115477
v -0.019560 -0.003891 0.139655
v -0.019560 0.003891 0.139655
v -0.019550 -0.005238 0.139102
v -0.019550 0.005238 0.139102
v -0.019542 -0.009637 0.138737
v -0.019542 -0.006634 0.138617
v -0.019542 0.006634 0.138617
v -0.019542 0.009637 0.138737
v -0.019529 -0.013049 0.142091
v -0.019529 -0.013049 0.144909
v -0.019531 -0.002571 0.140880
v -0.019531 -0.002571 0.164480
v -0.019531 0.002571 0.140880
v -0.019531 0.002571 0.164480
v -0.019529 0.013049 0.142091
v -0.019529 0.013049 0.144909
v -0.019514 -0.008083 0.138219
v -0.019514 0.008083 0.138219
v -0.019500 -0.025413 0.002434
v -0.019500 0.025413 0.002434
v -0.019487 -0.029165 0.108427
v -0.019494 -0.025405 0.124886
v -0.019486 -0.019486 0.135908
v -0.019494 -0.011255 0.138438
v -0.019494 0.011255 0.138438
v -0.019486 0.019486 0.135908
v -0.019494 0.025405 0.124886
v -0.019487 0.029165 0.108427
v -0.019478 -0.022210 0.001402
v -0.019478 0.022210 0.001402
v -0.019447 -0.029104 0.005757
v -0.019450 -0.008056 0.139635
v -0.019450 0.008056 0.139635
v -0.019447 0.029104 0.005757
v -0.019440 -0.009587 0.137924
v -0.019440 -0.006599 0.163954
v -0.019440 0.006599 0.163954
v -0.019440 0.009587 0.137924
v -0.019435 -0.029086 0.003483
v -0.019435 0.029086 0.003483
v -0.019420 -0.014902 0.138121
v -0.019420 0.014902 0.138121
v -0.019375 -0.016992 0.136585
v -0.019382 -0.003855 0.140256
v -0.019382 0.003855 0.140256
v -0.019375 0.016992 0.136585
v -0.019355 -0.028967 0.117622
v -0.019355 0.028967 0.117622
v -0.019344 -0.028950 0.110716
v -0.019336 -0.025200 0.000916
v -0.019345 -0.008013 0.140010
v -0.019345 0.008013 0.140010
v -0.019336 0.025200 0.000916
v -0.019344 0.028950 0.110716
v -0.019321 -0.003843 0.140880
v -0.019321 -0.003843 0.164480
v -0.019321 0.003843 0.140880
v -0.019321 0.003843 0.164480
v -0.019314 -0.014820 0.137405
v -0.019309 -0.007998 0.140400
v -0.019309 -0.007998 0.141900
v -0.019309 -0.007998 0.145100
v -0.019309 -0.007998 0.163400
v -0.019309 0.007998 0.140400
v -0.019309 0.007998 0.141900
v -0.019309 0.007998 0.145100
v -0.019309 0.007998 0.163400
v -0.019314 0.014820 0.137405
v -0.019298 -0.012894 0.141949
v -0.019298 -0.012894 0.145051
v -0.019298 0.012894 0.141949
v -0.019298 0.012894 0.145051
v -0.019292 -0.025142 0.128713
v -0.019291 -0.011138 0.137741
v -0.019291 0.011138 0.137741
v -0.019292 0.025142 0.128713
v -0.019270 -0.009503 0.138986
v -0.019267 -0.007981 0.163630
v -0.019267 0.007981 0.163630
v -0.019270 0.009503 0.138986
v -0.019264 -0.005162 0.139655
v -0.019264 0.005162 0.139655
v -0.019228 -0.012848 0.000149
v -0.019228 -0.012848 0.001349
v -0.019228 -0.007965 0.000325
v -0.019228 -0.007965 0.001525
v -0.019228 0.007965 0.000325
v -0.019228 0.007965 0.001525
v -0.019228 0.012848 0.000149
v -0.019228 0.012848 0.001349
v -0.019223 -0.006525 0.164000
v -0.019223 0.006525 0.164000
v -0.019213 -0.021909 0.132230
v -0.019205 -0.019205 0.135229
v -0.019205 0.019205 0.135229
v -0.019213 0.021909 0.132230
v -0.019204 -0.028741 0.004967
v -0.019204 0.028741 0.004967
v -0.019180 -0.028704 0.112952
v -0.019180 0.028704 0.112952
v -0.019173 -0.024987 0.126570
v -0.019169 -0.011067 0.138552
v -0.019165 -0.006506 0.139102
v -0.019165 0.006506 0.139102
v -0.019169 0.011067 0.138552
v -0.019173 0.024987 0.126570
v -0.019147 -0.007931 0.163824
v -0.019147 0.007931 0.163824
v -0.019133 -0.021817 0.134003
v -0.019133 0.021817 0.134003
v -0.019125 -0.016772 0.000038
v -0.019125 -0.016772 0.001238
v -0.019125 0.016772 0.000038
v -0.019125 0.016772 0.001238
v -0.019111 -0.028602 0.119693
v -0.019111 0.028602 0.119693
v -0.019088 -0.005115 0.140256
v -0.019088 0.005115 0.140256
v -0.019066 -0.007898 0.138617
v -0.019066 0.007898 0.138617
v -0.019051 -0.028512 0.002709
v -0.019047 -0.009393 0.139289
v -0.019047 0.009393 0.139289
v -0.019051 0.028512 0.002709
v -0.019041 -0.012723 0.137680
v -0.019041 -0.012723 0.138400
v -0.019041 -0.012723 0.141900
v -0.019041 -0.012723 0.145100
v -0.019041 0.012723 0.137680
v -0.019041 0.012723 0.138400
v -0.019041 0.012723 0.141900
v -0.019041 0.012723 0.145100
v -0.019032 -0.007883 0.149263
v -0.019032 -0.007883 0.151662
v -0.019032 -0.007883 0.153462
v -0.019032 -0.007883 0.155862
v -0.019029 -0.005099 0.140880
v -0.019029 -0.005099 0.164480
v -0.019029 0.005099 0.140880
v -0.019029 0.005099 0.164480
v -0.019032 0.007883 0.148738
v -0.019032 0.007883 0.151138
v -0.019032 0.007883 0.152938
v -0.019032 0.007883 0.155337
v -0.019019 -0.024787 0.001997
v -0.019019 0.024787 0.001997
v -0.018995 -0.028428 0.115129
v -0.018995 0.028428 0.115129
v -0.018993 -0.016656 0.137773
v -0.018993 0.016656 0.137773
v -0.018980 -0.021642 0.000058
v -0.018980 0.021642 0.000058
v -0.018967 -0.007856 0.163954
v -0.018967 0.007856 0.163954
v -0.018961 -0.014549 0.142900
v -0.018961 -0.014549 0.144100
v -0.018961 0.014549 0.142900
v -0.018961 0.014549 0.144100
v -0.018953 -0.018953 0.136665
v -0.018953 0.018953 0.136665
v -0.018944 -0.009342 0.138219
v -0.018944 0.009342 0.138219
v -0.018922 -0.014520 0.142591
v -0.018922 -0.014520 0.144409
v -0.018922 0.014520 0.142591
v -0.018922 0.014520 0.144409
v -0.018914 -0.028306 0.004231
v -0.018908 -0.024641 0.130211
v -0.018908 0.024641 0.130211
v -0.018914 0.028306 0.004231
v -0.018891 -0.021541 0.001251
v -0.018885 -0.006411 0.139655
v -0.018885 0.006411 0.139655
v -0.018891 0.021541 0.001251
v -0.018881 -0.009311 0.139635
v -0.018881 0.009311 0.139635
v -0.018870 -0.010894 0.138737
v -0.018870 0.010894 0.138737
v -0.018847 -0.028207 0.121683
v -0.018847 0.028207 0.121683
v -0.018837 -0.024549 0.128150
v -0.018842 -0.016524 0.137063
v -0.018842 0.016524 0.137063
v -0.018837 0.024549 0.128150
v -0.018810 -0.014433 0.142312
v -0.018810 -0.014433 0.144688
v -0.018810 0.014433 0.142312
v -0.018810 0.014433 0.144688
v -0.018795 -0.014422 0.138330
v -0.018795 0.014422 0.138330
v -0.018791 -0.028123 0.117239
v -0.018789 -0.021425 0.133354
v -0.018789 0.021425 0.133354
v -0.018791 0.028123 0.117239
v -0.018779 -0.009261 0.140010
v -0.018779 0.009261 0.140010
v -0.018771 -0.010838 0.137924
v -0.018771 0.010838 0.137924
v -0.018753 -0.024439 0.000519
v -0.018755 -0.007768 0.164000
v -0.018755 0.007768 0.164000
v -0.018753 0.024439 0.000519
v -0.018742 -0.014381 0.137611
v -0.018745 -0.009244 0.140400
v -0.018745 -0.009244 0.141900
v -0.018745 -0.009244 0.145100
v -0.018745 -0.009244 0.163400
v -0.018745 0.009244 0.140400
v -0.018745 0.009244 0.141900
v -0.018745 0.009244 0.145100
v -0.018745 0.009244 0.163400
v -0.018742 0.014381 0.137611
v -0.018718 -0.018718 0.135973
v -0.018716 -0.012506 0.138438
v -0.018716 0.012506 0.138438
v -0.018718 0.018718 0.135973
v -0.018713 -0.006352 0.140256
v -0.018713 0.006352 0.140256
v -0.018704 -0.009224 0.163630
v -0.018699 -0.007745 0.139102
v -0.018699 0.007745 0.139102
v -0.018704 0.009224 0.163630
v -0.018666 -0.009205 0.000325
v -0.018666 -0.009205 0.001525
v -0.018666 0.009205 0.000325
v -0.018666 0.009205 0.001525
v -0.018657 -0.021274 0.135020
v -0.018657 0.021274 0.135020
v -0.018655 -0.006332 0.140880
v -0.018655 -0.006332 0.164480
v -0.018655 0.006332 0.140880
v -0.018655 0.006332 0.164480
v -0.018634 -0.014298 0.142091
v -0.018634 -0.014298 0.144909
v -0.018634 0.014298 0.142091
v -0.018634 0.014298 0.144909
v -0.018621 -0.027869 0.002018
v -0.018625 -0.012445 0.150114
v -0.018625 -0.012445 0.151074
v -0.018625 -0.012445 0.154314
v -0.018625 -0.012445 0.155274
v -0.018625 0.012445 0.149326
v -0.018625 0.012445 0.150286
v -0.018625 0.012445 0.153526
v -0.018625 0.012445 0.154486
v -0.018621 0.027869 0.002018
v -0.018607 -0.010743 0.138986
v -0.018607 0.010743 0.138986
v -0.018587 -0.009166 0.163824
v -0.018587 0.009166 0.163824
v -0.018579 -0.027806 0.003558
v -0.018579 0.027806 0.003558
v -0.018568 -0.027788 0.119276
v -0.018568 0.027788 0.119276
v -0.018564 -0.027782 0.123586
v -0.018564 0.027782 0.123586
v -0.018522 -0.012376 0.137741
v -0.018522 0.012376 0.137741
v -0.018512 -0.024125 0.001652
v -0.018507 -0.024119 0.131595
v -0.018509 -0.009128 0.138617
v -0.018509 0.009128 0.138617
v -0.018512 0.024125 0.001652
v -0.018507 0.024119 0.131595
v -0.018500 -0.032043 0.009250
v -0.018500 -0.032043 0.047000
v -0.018500 -0.032043 0.094000
v -0.018500 0.000000 0.000555
v -0.018500 0.000000 0.001755
v -0.018500 0.032043 0.009250
v -0.018500 0.032043 0.047000
v -0.018500 0.032043 0.094000
v -0.018489 -0.032024 0.096490
v -0.018489 0.032024 0.096490
v -0.018485 -0.024090 0.129624
v -0.018485 0.024090 0.129624
v -0.018471 -0.031993 0.008214
v -0.018471 0.031993 0.008214
v -0.018456 -0.031966 0.098971
v -0.018460 -0.001210 0.000555
v -0.018460 -0.001210 0.001755
v -0.018460 0.001210 0.000555
v -0.018460 0.001210 0.001755
v -0.018456 0.031966 0.098971
v -0.018425 -0.007632 0.139655
v -0.018425 0.007632 0.139655
v -0.018411 -0.018411 0.137287
v -0.018413 -0.014129 0.141949
v -0.018413 -0.014129 0.145051
v -0.018412 -0.009080 0.163954
v -0.018412 0.009080 0.163954
v -0.018413 0.014129 0.141949
v -0.018413 0.014129 0.145051
v -0.018411 0.018411 0.137287
v -0.018400 -0.031870 0.101437
v -0.018404 -0.016140 0.138121
v -0.018404 -0.012297 0.138552
v -0.018404 0.012297 0.138552
v -0.018404 0.016140 0.138121
v -0.018400 0.031870 0.101437
v -0.018392 -0.010619 0.139289
v -0.018392 0.010619 0.139289
v -0.018384 -0.031842 0.007192
v -0.018384 0.031842 0.007192
v -0.018354 -0.020929 0.134355
v -0.018346 -0.014078 0.000149
v -0.018346 -0.014078 0.001349
v -0.018346 0.014078 0.000149
v -0.018346 0.014078 0.001349
v -0.018354 0.020929 0.134355
v -0.018342 -0.002415 0.000555
v -0.018342 -0.002415 0.001755
v -0.018342 0.002415 0.000555
v -0.018342 0.002415 0.001755
v -0.018326 -0.027427 0.121234
v -0.018326 0.027427 0.121234
v -0.018323 -0.031737 0.103880
v -0.018323 0.031737 0.103880
v -0.018297 -0.020864 0.000000
v -0.018297 -0.020864 0.001200
v -0.018303 -0.016051 0.137405
v -0.018303 0.016051 0.137405
v -0.018297 0.020864 0.000000
v -0.018297 0.020864 0.001200
v -0.018292 -0.010561 0.138219
v -0.018292 0.010561 0.138219
v -0.018262 -0.027331 0.125396
v -0.018257 -0.007562 0.140256
v -0.018257 0.007562 0.140256
v -0.018262 0.027331 0.125396
v -0.018240 -0.031593 0.006195
v -0.018240 0.031593 0.006195
v -0.018232 -0.010526 0.139635
v -0.018232 0.010526 0.139635
v -0.018224 -0.031566 0.106291
v -0.018223 -0.018223 0.136585
v -0.018223 0.018223 0.136585
v -0.018224 0.031566 0.106291
v -0.018206 -0.027247 0.002956
v -0.018207 -0.008978 0.164000
v -0.018207 0.008978 0.164000
v -0.018206 0.027247 0.002956
v -0.018200 -0.007539 0.140880
v -0.018200 -0.007539 0.164480
v -0.018200 0.007539 0.140880
v -0.018200 0.007539 0.164480
v -0.018170 -0.020718 0.135908
v -0.018168 -0.013941 0.137680
v -0.018168 -0.013941 0.138400
v -0.018168 -0.013941 0.141900
v -0.018168 -0.013941 0.145100
v -0.018168 -0.009711 0.149328
v -0.018168 -0.009711 0.151728
v -0.018168 -0.009711 0.153528
v -0.018168 -0.009711 0.155928
v -0.018168 0.009711 0.148672
v -0.018168 0.009711 0.151072
v -0.018168 0.009711 0.152872
v -0.018168 0.009711 0.155272
v -0.018168 0.013941 0.137680
v -0.018168 0.013941 0.138400
v -0.018168 0.013941 0.141900
v -0.018168 0.013941 0.145100
v -0.018170 0.020718 0.135908
v -0.018151 -0.027165 0.001418
v -0.018146 -0.023649 0.000232
v -0.018152 -0.008952 0.139102
v -0.018152 0.008952 0.139102
v -0.018146 0.023649 0.000232
v -0.018151 0.027165 0.001418
v -0.018145 -0.003609 0.000555
v -0.018145 -0.003609 0.001755
v -0.018145 0.003609 0.000555
v -0.018145 0.003609 0.001755
v -0.018133 -0.010469 0.140010
v -0.018133 0.010469 0.140010
v -0.018119 -0.023613 0.130985
v -0.018117 -0.012105 0.138737
v -0.018117 0.012105 0.138737
v -0.018119 0.023613 0.130985
v -0.018104 -0.031358 0.108664
v -0.018100 -0.010450 0.140400
v -0.018100 -0.010450 0.141900
v -0.018100 -0.010450 0.145100
v -0.018100 -0.010450 0.163400
v -0.018100 0.010450 0.140400
v -0.018100 0.010450 0.141900
v -0.018100 0.010450 0.145100
v -0.018100 0.010450 0.163400
v -0.018104 0.031358 0.108664
v -0.018093 -0.023579 0.132860
v -0.018093 0.023579 0.132860
v -0.018066 -0.027038 0.123106
v -0.018066 0.027038 0.123106
v -0.018060 -0.010427 0.163630
v -0.018060 0.010427 0.163630
v -0.018042 -0.031250 0.005237
v -0.018042 0.031250 0.005237
v -0.018022 -0.012042 0.137924
v -0.018024 -0.010406 0.000325
v -0.018024 -0.010406 0.001525
v -0.018024 0.010406 0.000325
v -0.018024 0.010406 0.001525
v -0.018022 0.012042 0.137924
v -0.017987 -0.017987 0.000038
v -0.017987 -0.017987 0.001238
v -0.017987 0.017987 0.000038
v -0.017987 0.017987 0.001238
v -0.017984 -0.023437 0.001402
v -0.017984 0.023437 0.001402
v -0.017969 -0.015758 0.142900
v -0.017969 -0.015758 0.144100
v -0.017969 0.015758 0.142900
v -0.017969 0.015758 0.144100
v -0.017963 -0.031113 0.110991
v -0.017963 0.031113 0.110991
v -0.017948 -0.010362 0.163824
v -0.017948 0.010362 0.163824
v -0.017942 -0.026853 0.127107
v -0.017942 0.026853 0.127107
v -0.017932 -0.015726 0.142591
v -0.017932 -0.015726 0.144409
v -0.017932 0.015726 0.142591
v -0.017932 0.015726 0.144409
v -0.017908 -0.020420 0.135229
v -0.017908 0.020420 0.135229
v -0.017900 -0.031004 0.009250
v -0.017900 -0.031004 0.047000
v -0.017900 -0.031004 0.094000
v -0.017900 0.031004 0.009250
v -0.017900 0.031004 0.047000
v -0.017900 0.031004 0.094000
v -0.017890 -0.030986 0.096449
v -0.017887 -0.008821 0.139655
v -0.017887 0.008821 0.139655
v -0.017890 0.030986 0.096449
v -0.017875 -0.030960 0.008349
v -0.017872 -0.010319 0.138617
v -0.017870 -0.004788 0.000555
v -0.017870 -0.004788 0.001755
v -0.017870 0.004788 0.000555
v -0.017870 0.004788 0.001755
v -0.017872 0.010319 0.138617
v -0.017875 0.030960 0.008349
v -0.017859 -0.030933 0.098891
v -0.017863 -0.017863 0.137773
v -0.017858 -0.013703 0.138438
v -0.017865 -0.011937 0.138986
v -0.017865 0.011937 0.138986
v -0.017858 0.013703 0.138438
v -0.017863 0.017863 0.137773
v -0.017859 0.030933 0.098891
v -0.017825 -0.015632 0.142312
v -0.017825 -0.015632 0.144688
v -0.017825 0.015632 0.142312
v -0.017825 0.015632 0.144688
v -0.017809 -0.030846 0.101317
v -0.017812 -0.015620 0.138330
v -0.017812 0.015620 0.138330
v -0.017809 0.030846 0.101317
v -0.017799 -0.030829 0.007459
v -0.017802 -0.030834 0.113264
v -0.017797 -0.026634 0.002434
v -0.017797 0.026634 0.002434
v -0.017799 0.030829 0.007459
v -0.017802 0.030834 0.113264
v -0.017791 -0.030815 0.004329
v -0.017790 -0.026625 0.124886
v -0.017790 0.026625 0.124886
v -0.017791 0.030815 0.004329
v -0.017779 -0.010265 0.163954
v -0.017779 0.010265 0.163954
v -0.017761 -0.015576 0.137611
v -0.017761 0.015576 0.137611
v -0.017738 -0.030724 0.103720
v -0.017739 -0.023118 0.132230
v -0.017739 0.023118 0.132230
v -0.017738 0.030724 0.103720
v -0.017721 -0.017721 0.137063
v -0.017724 -0.008740 0.140256
v -0.017724 0.008740 0.140256
v -0.017721 0.017721 0.137063
v -0.017674 -0.030612 0.006591
v -0.017673 -0.020152 0.136665
v -0.017673 -0.013561 0.137741
v -0.017668 -0.008713 0.140880
v -0.017668 -0.008713 0.164480
v -0.017668 0.008713 0.140880
v -0.017668 0.008713 0.164480
v -0.017673 0.013561 0.137741
v -0.017673 0.020152 0.136665
v -0.017674 0.030612 0.006591
v -0.017665 -0.023021 0.134003
v -0.017659 -0.015487 0.142091
v -0.017659 -0.015487 0.144909
v -0.017658 -0.011799 0.139289
v -0.017658 0.011799 0.139289
v -0.017659 0.015487 0.142091
v -0.017659 0.015487 0.144909
v -0.017665 0.023021 0.134003
v -0.017648 -0.030567 0.106092
v -0.017647 -0.026410 0.000916
v -0.017647 0.026410 0.000916
v -0.017648 0.030567 0.106092
v -0.017620 -0.030519 0.115477
v -0.017620 0.030519 0.115477
v -0.017607 -0.026350 0.128713
v -0.017607 0.026350 0.128713
v -0.017580 -0.010150 0.164000
v -0.017580 0.010150 0.164000
v -0.017561 -0.013475 0.138552
v -0.017562 -0.011735 0.138219
v -0.017562 0.011735 0.138219
v -0.017561 0.013475 0.138552
v -0.017538 -0.030377 0.108427
v -0.017538 0.030377 0.108427
v -0.017528 -0.010120 0.139102
v -0.017528 0.010120 0.139102
v -0.017524 -0.022837 0.000058
v -0.017518 -0.005947 0.000555
v -0.017518 -0.005947 0.001755
v -0.017518 0.005947 0.000555
v -0.017518 0.005947 0.001755
v -0.017524 0.022837 0.000058
v -0.017501 -0.030313 0.005757
v -0.017498 -0.026188 0.126570
v -0.017504 -0.011696 0.139635
v -0.017504 0.011696 0.139635
v -0.017498 0.026188 0.126570
v -0.017501 0.030313 0.005757
v -0.017491 -0.030295 0.003483
v -0.017491 0.030295 0.003483
v -0.017454 -0.019902 0.135973
v -0.017449 -0.015303 0.141949
v -0.017449 -0.015303 0.145051
v -0.017449 0.015303 0.141949
v -0.017449 0.015303 0.145051
v -0.017454 0.019902 0.135973
v -0.017442 -0.022731 0.001251
v -0.017442 0.022731 0.001251
v -0.017419 -0.030171 0.117622
v -0.017419 0.030171 0.117622
v -0.017409 -0.030153 0.110716
v -0.017410 -0.011633 0.140010
v -0.017410 0.011633 0.140010
v -0.017409 0.030153 0.110716
v -0.017386 -0.015247 0.000149
v -0.017386 -0.015247 0.001349
v -0.017386 0.015247 0.000149
v -0.017386 0.015247 0.001349
v -0.017378 -0.011611 0.140400
v -0.017378 -0.011611 0.141900
v -0.017378 -0.011611 0.145100
v -0.017378 -0.011611 0.163400
v -0.017378 0.011611 0.140400
v -0.017378 0.011611 0.141900
v -0.017378 0.011611 0.145100
v -0.017378 0.011611 0.163400
v -0.017358 -0.025977 0.001997
v -0.017358 0.025977 0.001997
v -0.017348 -0.022608 0.133354
v -0.017348 0.022608 0.133354
v -0.017340 -0.011586 0.163630
v -0.017340 0.011586 0.163630
v -0.017315 -0.014210 0.150179
v -0.017315 -0.014210 0.151139
v -0.017315 -0.014210 0.154379
v -0.017315 -0.014210 0.155339
v -0.017315 0.014210 0.149261
v -0.017315 0.014210 0.150221
v -0.017315 0.014210 0.153461
v -0.017315 0.014210 0.154421
v -0.017309 -0.017309 0.138121
v -0.017309 0.017309 0.138121
v -0.017305 -0.011563 0.000325
v -0.017305 -0.011563 0.001525
v -0.017305 0.011563 0.000325
v -0.017305 0.011563 0.001525
v -0.017286 -0.013264 0.138737
v -0.017286 0.013264 0.138737
v -0.017283 -0.029935 0.004967
v -0.017283 0.029935 0.004967
v -0.017272 -0.009972 0.139655
v -0.017272 0.009972 0.139655
v -0.017261 -0.029897 0.112952
v -0.017256 -0.025825 0.130211
v -0.017256 0.025825 0.130211
v -0.017261 0.029897 0.112952
v -0.017225 -0.022449 0.135020
v -0.017232 -0.011514 0.163824
v -0.017232 0.011514 0.163824
v -0.017225 0.022449 0.135020
v -0.017217 -0.015099 0.137680
v -0.017217 -0.015099 0.138400
v -0.017217 -0.015099 0.141900
v -0.017217 -0.015099 0.145100
v -0.017217 0.015099 0.137680
v -0.017217 0.015099 0.138400
v -0.017217 0.015099 0.141900
v -0.017217 0.015099 0.145100
v -0.017214 -0.017214 0.137405
v -0.017214 0.017214 0.137405
v -0.017200 -0.029791 0.119693
v -0.017196 -0.013195 0.137924
v -0.017196 0.013195 0.137924
v -0.017200 0.029791 0.119693
v -0.017191 -0.025728 0.128150
v -0.017191 0.025728 0.128150
v -0.017168 -0.019576 0.137287
v -0.017168 0.019576 0.137287
v -0.017159 -0.011465 0.138617
v -0.017159 0.011465 0.138617
v -0.017145 -0.029697 0.002709
v -0.017145 0.029697 0.002709
v -0.017128 -0.011445 0.149394
v -0.017128 -0.011445 0.151794
v -0.017128 -0.011445 0.153594
v -0.017128 -0.011445 0.155994
v -0.017128 0.011445 0.148606
v -0.017128 0.011445 0.151006
v -0.017128 0.011445 0.152806
v -0.017128 0.011445 0.155206
v -0.017114 -0.025613 0.000519
v -0.017114 -0.009881 0.140256
v -0.017114 0.009881 0.140256
v -0.017114 0.025613 0.000519
v -0.017095 -0.029610 0.115129
v -0.017095 0.029610 0.115129
v -0.017092 -0.007080 0.000555
v -0.017092 -0.007080 0.001755
v -0.017092 0.007080 0.000555
v -0.017092 0.007080 0.001755
v -0.017070 -0.011406 0.163954
v -0.017070 0.011406 0.163954
v -0.017061 -0.009850 0.140880
v -0.017061 -0.009850 0.164480
v -0.017061 0.009850 0.140880
v -0.017061 0.009850 0.164480
v -0.017046 -0.013080 0.138986
v -0.017046 0.013080 0.138986
v -0.017022 -0.029483 0.004231
v -0.017022 0.029483 0.004231
v -0.016992 -0.019375 0.136585
v -0.016992 0.019375 0.136585
v -0.016962 -0.029379 0.121683
v -0.016962 0.029379 0.121683
v -0.016946 -0.022084 0.134355
v -0.016946 0.022084 0.134355
v -0.016924 -0.014842 0.138438
v -0.016924 0.014842 0.138438
v -0.016911 -0.029291 0.117239
v -0.016911 0.029291 0.117239
v -0.016900 -0.016900 0.142900
v -0.016900 -0.016900 0.144100
v -0.016900 0.016900 0.142900
v -0.016900 0.016900 0.144100
v -0.016894 -0.025284 0.001652
v -0.016890 -0.025278 0.131595
v -0.016893 -0.022016 0.000000
v -0.016893 -0.022016 0.001200
v -0.016893 0.022016 0.000000
v -0.016893 0.022016 0.001200
v -0.016894 0.025284 0.001652
v -0.016890 0.025278 0.131595
v -0.016879 -0.011278 0.164000
v -0.016879 0.011278 0.164000
v -0.016870 -0.025247 0.129624
v -0.016865 -0.016865 0.142591
v -0.016865 -0.016865 0.144409
v -0.016865 0.016865 0.142591
v -0.016865 0.016865 0.144409
v -0.016870 0.025247 0.129624
v -0.016848 -0.012928 0.139289
v -0.016848 0.012928 0.139289
v -0.016828 -0.011244 0.139102
v -0.016828 0.011244 0.139102
v -0.016776 -0.021862 0.135908
v -0.016776 0.021862 0.135908
v -0.016772 -0.019125 0.000038
v -0.016772 -0.019125 0.001238
v -0.016772 0.019125 0.000038
v -0.016772 0.019125 0.001238
v -0.016759 -0.029027 0.002018
v -0.016765 -0.016765 0.142312
v -0.016765 -0.016765 0.144688
v -0.016757 -0.012858 0.138219
v -0.016757 0.012858 0.138219
v -0.016765 0.016765 0.142312
v -0.016765 0.016765 0.144688
v -0.016759 0.029027 0.002018
v -0.016752 -0.016752 0.138330
v -0.016748 -0.014687 0.137741
v -0.016748 0.014687 0.137741
v -0.016752 0.016752 0.138330
v -0.016721 -0.028962 0.003558
v -0.016721 0.028962 0.003558
v -0.016710 -0.028943 0.119276
v -0.016707 -0.028937 0.123586
v -0.016710 0.028943 0.119276
v -0.016707 0.028937 0.123586
v -0.016704 -0.016704 0.137611
v -0.016702 -0.012816 0.139635
v -0.016702 0.012816 0.139635
v -0.016704 0.016704 0.137611
v -0.016656 -0.018993 0.137773
v -0.016656 0.018993 0.137773
v -0.016642 -0.014594 0.138552
v -0.016642 0.014594 0.138552
v -0.016608 -0.016608 0.142091
v -0.016608 -0.016608 0.144909
v -0.016612 -0.012747 0.140010
v -0.016612 0.012747 0.140010
v -0.016608 0.016608 0.142091
v -0.016608 0.016608 0.144909
v -0.016592 -0.008182 0.000555
v -0.016592 -0.008182 0.001755
v -0.016592 0.008182 0.000555
v -0.016592 0.008182 0.001755
v -0.016581 -0.012723 0.140400
v -0.016581 -0.012723 0.141900
v -0.016581 -0.012723 0.145100
v -0.016581 -0.012723 0.163400
v -0.016582 -0.011080 0.139655
v -0.016582 0.011080 0.139655
v -0.016581 0.012723 0.140400
v -0.016581 0.012723 0.141900
v -0.016581 0.012723 0.145100
v -0.016581 0.012723 0.163400
v -0.016561 -0.024785 0.000232
v -0.016561 0.024785 0.000232
v -0.016536 -0.024747 0.130985
v -0.016545 -0.012695 0.163630
v -0.016545 0.012695 0.163630
v -0.016536 0.024747 0.130985
v -0.016534 -0.021548 0.135229
v -0.016534 0.021548 0.135229
v -0.016524 -0.018842 0.137063
v -0.016524 0.018842 0.137063
v -0.016512 -0.024712 0.132860
v -0.016512 -0.012670 0.000325
v -0.016512 -0.012670 0.001525
v -0.016512 0.012670 0.000325
v -0.016512 0.012670 0.001525
v -0.016512 0.024712 0.132860
v -0.016493 -0.028566 0.121234
v -0.016493 0.028566 0.121234
v -0.016435 -0.028466 0.125396
v -0.016442 -0.012616 0.163824
v -0.016442 0.012616 0.163824
v -0.016435 0.028466 0.125396
v -0.016431 -0.010979 0.140256
v -0.016431 0.010979 0.140256
v -0.016412 -0.024563 0.001402
v -0.016411 -0.016411 0.141949
v -0.016411 -0.016411 0.145051
v -0.016411 0.016411 0.141949
v -0.016411 0.016411 0.145051
v -0.016412 0.024563 0.001402
v -0.016385 -0.028379 0.002956
v -0.016382 -0.014366 0.138737
v -0.016380 -0.010945 0.140880
v -0.016380 -0.010945 0.164480
v -0.016380 0.010945 0.140880
v -0.016380 0.010945 0.164480
v -0.016382 0.014366 0.138737
v -0.016385 0.028379 0.002956
v -0.016373 -0.012563 0.138617
v -0.016373 0.012563 0.138617
v -0.016365 -0.033184 0.009250
v -0.016365 -0.033184 0.047000
v -0.016365 -0.033184 0.094000
v -0.016365 0.033184 0.009250
v -0.016365 0.033184 0.047000
v -0.016365 0.033184 0.094000
v -0.016355 -0.033164 0.096490
v -0.016352 -0.016352 0.000149
v -0.016352 -0.016352 0.001349
v -0.016352 0.016352 0.000149
v -0.016352 0.016352 0.001349
v -0.016355 0.033164 0.096490
v -0.016339 -0.033132 0.008214
v -0.016336 -0.028294 0.001418
v -0.016336 0.028294 0.001418
v -0.016339 0.033132 0.008214
v -0.016325 -0.033105 0.098971
v -0.016325 0.033105 0.098971
v -0.016317 -0.021265 0.136665
v -0.016317 0.021265 0.136665
v -0.016296 -0.014292 0.137924
v -0.016296 0.014292 0.137924
v -0.016287 -0.012498 0.163954
v -0.016287 0.012498 0.163954
v -0.016277 -0.033006 0.101437
v -0.016277 0.033006 0.101437
v -0.016262 -0.032976 0.007192
v -0.016259 -0.028162 0.123106
v -0.016259 0.028162 0.123106
v -0.016262 0.032976 0.007192
v -0.016208 -0.032867 0.103880
v -0.016208 0.032867 0.103880
v -0.016189 -0.024229 0.132230
v -0.016193 -0.016193 0.137680
v -0.016193 -0.016193 0.138400
v -0.016193 -0.016193 0.141900
v -0.016193 -0.016193 0.145100
v -0.016188 0.000000 0.000823
v -0.016188 0.000000 0.002023
v -0.016193 0.016193 0.137680
v -0.016193 0.016193 0.138400
v -0.016193 0.016193 0.141900
v -0.016193 0.016193 0.145100
v -0.016189 0.024229 0.132230
v -0.016148 -0.027969 0.127107
v -0.016154 -0.014167 0.138986
v -0.016153 -0.001059 0.000823
v -0.016153 -0.001059 0.002023
v -0.016153 0.001059 0.000823
v -0.016153 0.001059 0.002023
v -0.016154 0.014167 0.138986
v -0.016148 0.027969 0.127107
v -0.016135 -0.032719 0.006195
v -0.016140 -0.018404 0.138121
v -0.016140 0.018404 0.138121
v -0.016135 0.032719 0.006195
v -0.016121 -0.032690 0.106291
v -0.016121 -0.024127 0.134003
v -0.016121 0.024127 0.134003
v -0.016121 0.032690 0.106291
v -0.016115 -0.021001 0.135973
v -0.016105 -0.012358 0.164000
v -0.016105 0.012358 0.164000
v -0.016115 0.021001 0.135973
v -0.016057 -0.012321 0.139102
v -0.016057 0.012321 0.139102
v -0.016051 -0.018303 0.137405
v -0.016049 -0.002113 0.000823
v -0.016049 -0.002113 0.002023
v -0.016049 0.002113 0.000823
v -0.016049 0.002113 0.002023
v -0.016051 0.018303 0.137405
v -0.016016 -0.027741 0.002434
v -0.016021 -0.009250 0.000555
v -0.016021 -0.009250 0.001755
v -0.016021 0.009250 0.000555
v -0.016021 0.009250 0.001755
v -0.016016 0.027741 0.002434
v -0.016015 -0.032475 0.108664
v -0.016011 -0.027732 0.124886
v -0.016011 0.027732 0.124886
v -0.016015 0.032475 0.108664
v -0.015992 -0.023934 0.000058
v -0.015992 0.023934 0.000058
v -0.015967 -0.014003 0.139289
v -0.015967 0.014003 0.139289
v -0.015960 -0.032363 0.005237
v -0.015960 0.032363 0.005237
v -0.015918 -0.023823 0.001251
v -0.015917 -0.015917 0.138438
v -0.015924 -0.013069 0.149459
v -0.015924 -0.013069 0.151859
v -0.015924 -0.013069 0.153659
v -0.015924 -0.013069 0.156059
v -0.015924 0.013069 0.148541
v -0.015924 0.013069 0.150941
v -0.015924 0.013069 0.152741
v -0.015924 0.013069 0.155141
v -0.015917 0.015917 0.138438
v -0.015918 0.023823 0.001251
v -0.015890 -0.032222 0.110991
v -0.015890 0.032222 0.110991
v -0.015882 -0.027508 0.000916
v -0.015880 -0.013927 0.138219
v -0.015876 -0.003158 0.000823
v -0.015876 -0.003158 0.002023
v -0.015876 0.003158 0.000823
v -0.015876 0.003158 0.002023
v -0.015880 0.013927 0.138219
v -0.015882 0.027508 0.000916
v -0.015846 -0.027445 0.128713
v -0.015851 -0.020657 0.137287
v -0.015851 0.020657 0.137287
v -0.015846 0.027445 0.128713
v -0.015839 -0.015839 0.150245
v -0.015839 -0.015839 0.151205
v -0.015839 -0.015839 0.154445
v -0.015839 -0.015839 0.155405
v -0.015839 0.015839 0.149195
v -0.015839 0.015839 0.150155
v -0.015839 0.015839 0.153395
v -0.015839 0.015839 0.154355
v -0.015834 -0.032108 0.009250
v -0.015834 -0.032108 0.047000
v -0.015834 -0.032108 0.094000
v -0.015832 -0.023694 0.133354
v -0.015828 -0.013881 0.139635
v -0.015828 0.013881 0.139635
v -0.015832 0.023694 0.133354
v -0.015834 0.032108 0.009250
v -0.015834 0.032108 0.047000
v -0.015834 0.032108 0.094000
v -0.015825 -0.032090 0.096449
v -0.015822 -0.012141 0.139655
v -0.015822 0.012141 0.139655
v -0.015825 0.032090 0.096449
v -0.015812 -0.032063 0.008349
v -0.015812 0.032063 0.008349
v -0.015798 -0.032035 0.098891
v -0.015798 0.032035 0.098891
v -0.015758 -0.017969 0.142900
v -0.015758 -0.017969 0.144100
v -0.015758 0.017969 0.142900
v -0.015758 0.017969 0.144100
v -0.015753 -0.031945 0.101317
v -0.015747 -0.031932 0.113264
v -0.015748 -0.027276 0.126570
v -0.015751 -0.015751 0.137741
v -0.015751 0.015751 0.137741
v -0.015748 0.027276 0.126570
v -0.015747 0.031932 0.113264
v -0.015753 0.031945 0.101317
v -0.015745 -0.031927 0.007459
v -0.015738 -0.031913 0.004329
v -0.015742 -0.013806 0.140010
v -0.015742 0.013806 0.140010
v -0.015738 0.031913 0.004329
v -0.015745 0.031927 0.007459
v -0.015726 -0.017932 0.142591
v -0.015726 -0.017932 0.144409
v -0.015726 0.017932 0.142591
v -0.015726 0.017932 0.144409
v -0.015720 -0.023527 0.135020
v -0.015720 0.023527 0.135020
v -0.015713 -0.013780 0.140400
v -0.015713 -0.013780 0.141900
v -0.015713 -0.013780 0.145100
v -0.015713 -0.013780 0.163400
v -0.015713 0.013780 0.140400
v -0.015713 0.013780 0.141900
v -0.015713 0.013780 0.145100
v -0.015713 0.013780 0.163400
v -0.015691 -0.031818 0.103720
v -0.015688 -0.020445 0.136585
v -0.015688 0.020445 0.136585
v -0.015691 0.031818 0.103720
v -0.015679 -0.013750 0.163630
v -0.015678 -0.012030 0.140256
v -0.015678 0.012030 0.140256
v -0.015679 0.013750 0.163630
v -0.015652 -0.015652 0.138552
v -0.015648 -0.013723 0.000325
v -0.015648 -0.013723 0.001525
v -0.015648 0.013723 0.000325
v -0.015648 0.013723 0.001525
v -0.015652 0.015652 0.138552
v -0.015636 -0.004190 0.000823
v -0.015636 -0.004190 0.002023
v -0.015636 0.004190 0.000823
v -0.015636 0.004190 0.002023
v -0.015634 -0.031703 0.006591
v -0.015632 -0.017825 0.142312
v -0.015632 -0.017825 0.144688
v -0.015629 -0.011993 0.140880
v -0.015629 -0.011993 0.164480
v -0.015629 0.011993 0.140880
v -0.015629 0.011993 0.164480
v -0.015632 0.017825 0.142312
v -0.015632 0.017825 0.144688
v -0.015634 0.031703 0.006591
v -0.015621 -0.027057 0.001997
v -0.015620 -0.017812 0.138330
v -0.015620 0.017812 0.138330
v -0.015621 0.027057 0.001997
v -0.015611 -0.031656 0.106092
v -0.015611 0.031656 0.106092
v -0.015587 -0.031606 0.115477
v -0.015587 0.031606 0.115477
v -0.015576 -0.017761 0.137611
v -0.015581 -0.013664 0.163824
v -0.015581 0.013664 0.163824
v -0.015576 0.017761 0.137611
v -0.015530 -0.026898 0.130211
v -0.015530 0.026898 0.130211
v -0.015516 -0.013607 0.138617
v -0.015516 0.013607 0.138617
v -0.015514 -0.031459 0.108427
v -0.015514 0.031459 0.108427
v -0.015485 -0.020181 0.000038
v -0.015485 -0.020181 0.001238
v -0.015487 -0.017659 0.142091
v -0.015487 -0.017659 0.144909
v -0.015487 0.017659 0.142091
v -0.015487 0.017659 0.144909
v -0.015485 0.020181 0.000038
v -0.015485 0.020181 0.001238
v -0.015481 -0.031393 0.005757
v -0.015481 0.031393 0.005757
v -0.015472 -0.031374 0.003483
v -0.015472 -0.026797 0.128150
v -0.015465 -0.023145 0.134355
v -0.015465 0.023145 0.134355
v -0.015472 0.026797 0.128150
v -0.015472 0.031374 0.003483
v -0.015435 -0.013536 0.163954
v -0.015435 0.013536 0.163954
v -0.015417 -0.023073 0.000000
v -0.015417 -0.023073 0.001200
v -0.015417 0.023073 0.000000
v -0.015417 0.023073 0.001200
v -0.015409 -0.031246 0.117622
v -0.015407 -0.015407 0.138737
v -0.015407 0.015407 0.138737
v -0.015409 0.031246 0.117622
v -0.015400 -0.031227 0.110716
v -0.015403 -0.026678 0.000519
v -0.015403 0.026678 0.000519
v -0.015400 0.031227 0.110716
v -0.015378 -0.020042 0.137773
v -0.015382 -0.010278 0.000555
v -0.015382 -0.010278 0.001755
v -0.015382 0.010278 0.000555
v -0.015382 0.010278 0.001755
v -0.015378 0.020042 0.137773
v -0.015327 -0.015327 0.137924
v -0.015328 -0.005203 0.000823
v -0.015328 -0.005203 0.002023
v -0.015328 0.005203 0.000823
v -0.015328 0.005203 0.002023
v -0.015327 0.015327 0.137924
v -0.015310 -0.022913 0.135908
v -0.015310 0.022913 0.135908
v -0.015303 -0.017449 0.141949
v -0.015303 -0.017449 0.145051
v -0.015303 0.017449 0.141949
v -0.015303 0.017449 0.145051
v -0.015288 -0.031001 0.004967
v -0.015288 0.031001 0.004967
v -0.015269 -0.030962 0.112952
v -0.015269 0.030962 0.112952
v -0.015256 -0.019882 0.137063
v -0.015262 -0.013385 0.164000
v -0.015262 0.013385 0.164000
v -0.015256 0.019882 0.137063
v -0.015247 -0.017386 0.000149
v -0.015247 -0.017386 0.001349
v -0.015247 0.017386 0.000149
v -0.015247 0.017386 0.001349
v -0.015217 -0.013345 0.139102
v -0.015217 0.013345 0.139102
v -0.015214 -0.030852 0.119693
v -0.015214 0.030852 0.119693
v -0.015204 -0.026335 0.001652
v -0.015201 -0.026329 0.131595
v -0.015204 0.026335 0.001652
v -0.015201 0.026329 0.131595
v -0.015193 -0.015193 0.138986
v -0.015193 0.015193 0.138986
v -0.015182 -0.026297 0.129624
v -0.015182 0.026297 0.129624
v -0.015166 -0.030754 0.002709
v -0.015166 0.030754 0.002709
v -0.015122 -0.030664 0.115129
v -0.015122 0.030664 0.115129
v -0.015099 -0.017217 0.137680
v -0.015099 -0.017217 0.138400
v -0.015099 -0.017217 0.141900
v -0.015099 -0.017217 0.145100
v -0.015099 0.017217 0.137680
v -0.015099 0.017217 0.138400
v -0.015099 0.017217 0.141900
v -0.015099 0.017217 0.145100
v -0.015090 -0.022583 0.135229
v -0.015090 0.022583 0.135229
v -0.015057 -0.030533 0.004231
v -0.015057 0.030533 0.004231
v -0.015017 -0.015017 0.139289
v -0.015017 0.015017 0.139289
v -0.015004 -0.030425 0.121683
v -0.015004 0.030425 0.121683
v -0.014994 -0.013150 0.139655
v -0.014994 0.013150 0.139655
v -0.014959 -0.030335 0.117239
v -0.014955 -0.006195 0.000823
v -0.014955 -0.006195 0.002023
v -0.014955 0.006195 0.000823
v -0.014955 0.006195 0.002023
v -0.014959 0.030335 0.117239
v -0.014936 -0.014936 0.138219
v -0.014936 0.014936 0.138219
v -0.014904 -0.025815 0.000232
v -0.014902 -0.019420 0.138121
v -0.014902 0.019420 0.138121
v -0.014904 0.025815 0.000232
v -0.014891 -0.022286 0.136665
v -0.014886 -0.014886 0.139635
v -0.014886 0.014886 0.139635
v -0.014891 0.022286 0.136665
v -0.014882 -0.025776 0.130985
v -0.014882 0.025776 0.130985
v -0.014860 -0.025739 0.132860
v -0.014857 -0.013030 0.140256
v -0.014857 0.013030 0.140256
v -0.014860 0.025739 0.132860
v -0.014842 -0.016924 0.138438
v -0.014842 0.016924 0.138438
v -0.014824 -0.030061 0.002018
v -0.014820 -0.019314 0.137405
v -0.014820 0.019314 0.137405
v -0.014824 0.030061 0.002018
v -0.014806 -0.014806 0.140010
v -0.014811 -0.012989 0.140880
v -0.014811 -0.012989 0.164480
v -0.014811 0.012989 0.140880
v -0.014811 0.012989 0.164480
v -0.014806 0.014806 0.140010
v -0.014791 -0.029993 0.003558
v -0.014791 0.029993 0.003558
v -0.014782 -0.029974 0.119276
v -0.014778 -0.029968 0.123586
v -0.014779 -0.014779 0.140400
v -0.014779 -0.014779 0.141900
v -0.014779 -0.014779 0.145100
v -0.014779 -0.014779 0.163400
v -0.014779 0.014779 0.140400
v -0.014779 0.014779 0.141900
v -0.014779 0.014779 0.145100
v -0.014779 0.014779 0.163400
v -0.014782 0.029974 0.119276
v -0.014778 0.029968 0.123586
v -0.014771 -0.025584 0.001402
v -0.014771 0.025584 0.001402
v -0.014746 -0.014746 0.163630
v -0.014746 0.014746 0.163630
v -0.014717 -0.014717 0.000325
v -0.014717 -0.014717 0.001525
v -0.014717 0.014717 0.000325
v -0.014717 0.014717 0.001525
v -0.014707 -0.022010 0.135973
v -0.014707 0.022010 0.135973
v -0.014687 -0.016748 0.137741
v -0.014687 0.016748 0.137741
v -0.014677 -0.011262 0.000555
v -0.014677 -0.011262 0.001755
v -0.014677 0.011262 0.000555
v -0.014677 0.011262 0.001755
v -0.014654 -0.014654 0.163824
v -0.014654 0.014654 0.163824
v -0.014589 -0.029584 0.121234
v -0.014594 -0.016642 0.138552
v -0.014593 -0.014593 0.138617
v -0.014593 0.014593 0.138617
v -0.014594 0.016642 0.138552
v -0.014589 0.029584 0.121234
v -0.014570 -0.025236 0.132230
v -0.014566 -0.014566 0.149525
v -0.014566 -0.014566 0.151925
v -0.014566 -0.014566 0.153725
v -0.014566 -0.014566 0.156125
v -0.014566 0.014566 0.148475
v -0.014566 0.014566 0.150875
v -0.014566 0.014566 0.152675
v -0.014566 0.014566 0.155075
v -0.014570 0.025236 0.132230
v -0.014549 -0.018961 0.142900
v -0.014549 -0.018961 0.144100
v -0.014549 0.018961 0.142900
v -0.014549 0.018961 0.144100
v -0.014538 -0.029480 0.125396
v -0.014538 0.029480 0.125396
v -0.014520 -0.018922 0.142591
v -0.014520 -0.018922 0.144409
v -0.014517 -0.014517 0.163954
v -0.014518 -0.007160 0.000823
v -0.014518 -0.007160 0.002023
v -0.014518 0.007160 0.000823
v -0.014518 0.007160 0.002023
v -0.014517 0.014517 0.163954
v -0.014520 0.018922 0.142591
v -0.014520 0.018922 0.144409
v -0.014509 -0.025130 0.134003
v -0.014509 0.025130 0.134003
v -0.014493 -0.029390 0.002956
v -0.014493 0.029390 0.002956
v -0.014466 -0.021649 0.137287
v -0.014466 0.021649 0.137287
v -0.014450 -0.029302 0.001418
v -0.014450 0.029302 0.001418
v -0.014433 -0.018810 0.142312
v -0.014433 -0.018810 0.144688
v -0.014433 0.018810 0.142312
v -0.014433 0.018810 0.144688
v -0.014422 -0.018795 0.138330
v -0.014422 0.018795 0.138330
v -0.014393 -0.024929 0.000058
v -0.014393 0.024929 0.000058
v -0.014383 -0.029165 0.123106
v -0.014381 -0.018742 0.137611
v -0.014381 0.018742 0.137611
v -0.014383 0.029165 0.123106
v -0.014366 -0.016382 0.138737
v -0.014366 0.016382 0.138737
v -0.014354 -0.014354 0.164000
v -0.014354 0.014354 0.164000
v -0.014326 -0.024813 0.001251
v -0.014326 0.024813 0.001251
v -0.014317 -0.021427 0.136585
v -0.014317 0.021427 0.136585
v -0.014311 -0.014311 0.139102
v -0.014311 0.014311 0.139102
v -0.014298 -0.018634 0.142091
v -0.014298 -0.018634 0.144909
v -0.014298 0.018634 0.142091
v -0.014298 0.018634 0.144909
v -0.014292 -0.016296 0.137924
v -0.014292 0.016296 0.137924
v -0.014284 -0.028965 0.127107
v -0.014284 0.028965 0.127107
v -0.014249 -0.024679 0.133354
v -0.014249 0.024679 0.133354
v -0.014210 -0.017315 0.150311
v -0.014210 -0.017315 0.151271
v -0.014210 -0.017315 0.154511
v -0.014210 -0.017315 0.155471
v -0.014210 0.017315 0.149129
v -0.014210 0.017315 0.150089
v -0.014210 0.017315 0.153329
v -0.014210 0.017315 0.154289
v -0.014168 -0.028729 0.002434
v -0.014167 -0.016154 0.138986
v -0.014167 0.016154 0.138986
v -0.014168 0.028729 0.002434
v -0.014159 -0.034184 0.009250
v -0.014159 -0.034184 0.047000
v -0.014159 -0.034184 0.094000
v -0.014163 -0.028719 0.124886
v -0.014163 0.028719 0.124886
v -0.014159 0.034184 0.009250
v -0.014159 0.034184 0.047000
v -0.014159 0.034184 0.094000
v -0.014151 -0.034163 0.096490
v -0.014148 -0.024505 0.135020
v -0.014148 0.024505 0.135020
v -0.014151 0.034163 0.096490
v -0.014137 -0.034130 0.008214
v -0.014137 0.034130 0.008214
v -0.014125 -0.034102 0.098971
v -0.014132 -0.021151 0.000038
v -0.014132 -0.021151 0.001238
v -0.014129 -0.018413 0.141949
v -0.014129 -0.018413 0.145051
v -0.014129 0.018413 0.141949
v -0.014129 0.018413 0.145051
v -0.014132 0.021151 0.000038
v -0.014132 0.021151 0.001238
v -0.014125 0.034102 0.098971
v -0.014102 -0.014102 0.139655
v -0.014102 0.014102 0.139655
v -0.014083 -0.033999 0.101437
v -0.014078 -0.018346 0.000149
v -0.014078 -0.018346 0.001349
v -0.014078 0.018346 0.000149
v -0.014078 0.018346 0.001349
v -0.014083 0.033999 0.101437
v -0.014071 -0.033969 0.007192
v -0.014071 0.033969 0.007192
v -0.014049 -0.028488 0.000916
v -0.014049 0.028488 0.000916
v -0.014035 -0.021004 0.137773
v -0.014035 0.021004 0.137773
v -0.014024 -0.033857 0.103880
v -0.014017 -0.028423 0.128713
v -0.014019 -0.008094 0.000823
v -0.014019 -0.008094 0.002023
v -0.014019 0.008094 0.000823
v -0.014019 0.008094 0.002023
v -0.014017 0.028423 0.128713
v -0.014024 0.033857 0.103880
v -0.014003 -0.015967 0.139289
v -0.014003 0.015967 0.139289
v -0.013973 -0.013973 0.140256
v -0.013973 0.013973 0.140256
v -0.013961 -0.033704 0.006195
v -0.013961 0.033704 0.006195
v -0.013948 -0.033674 0.106291
v -0.013948 0.033674 0.106291
v -0.013941 -0.018168 0.137680
v -0.013941 -0.018168 0.138400
v -0.013941 -0.018168 0.141900
v -0.013941 -0.018168 0.145100
v -0.013941 0.018168 0.137680
v -0.013941 0.018168 0.138400
v -0.013941 0.018168 0.141900
v -0.013941 0.018168 0.145100
v -0.013930 -0.028248 0.126570
v -0.013927 -0.015880 0.138219
v -0.013930 -0.013930 0.140880
v -0.013930 -0.013930 0.164480
v -0.013930 0.013930 0.140880
v -0.013930 0.013930 0.164480
v -0.013927 0.015880 0.138219
v -0.013930 0.028248 0.126570
v -0.013918 -0.024107 0.134355
v -0.013923 -0.020837 0.137063
v -0.013923 0.020837 0.137063
v -0.013918 0.024107 0.134355
v -0.013909 -0.012198 0.000555
v -0.013909 -0.012198 0.001755
v -0.013909 0.012198 0.000555
v -0.013909 0.012198 0.001755
v -0.013875 -0.024032 0.000000
v -0.013875 -0.024032 0.001200
v -0.013881 -0.015828 0.139635
v -0.013875 0.000000 0.001110
v -0.013875 0.000000 0.002310
v -0.013881 0.015828 0.139635
v -0.013875 0.024032 0.000000
v -0.013875 0.024032 0.001200
v -0.013856 -0.033453 0.108664
v -0.013856 0.033453 0.108664
v -0.013845 -0.000907 0.001110
v -0.013845 -0.000907 0.002310
v -0.013845 0.000907 0.001110
v -0.013845 0.000907 0.002310
v -0.013818 -0.028021 0.001997
v -0.013818 0.028021 0.001997
v -0.013809 -0.033337 0.005237
v -0.013806 -0.015742 0.140010
v -0.013806 0.015742 0.140010
v -0.013809 0.033337 0.005237
v -0.013778 -0.023865 0.135908
v -0.013780 -0.015713 0.140400
v -0.013780 -0.015713 0.141900
v -0.013780 -0.015713 0.145100
v -0.013780 -0.015713 0.163400
v -0.013780 0.015713 0.140400
v -0.013780 0.015713 0.141900
v -0.013780 0.015713 0.145100
v -0.013780 0.015713 0.163400
v -0.013778 0.023865 0.135908
v -0.013756 -0.001811 0.001110
v -0.013756 -0.001811 0.002310
v -0.013756 0.001811 0.001110
v -0.013756 0.001811 0.002310
v -0.013749 -0.033192 0.110991
v -0.013750 -0.015679 0.163630
v -0.013750 0.015679 0.163630
v -0.013749 0.033192 0.110991
v -0.013737 -0.027856 0.130211
v -0.013737 0.027856 0.130211
v -0.013723 -0.015648 0.000325
v -0.013723 -0.015648 0.001525
v -0.013723 0.015648 0.000325
v -0.013723 0.015648 0.001525
v -0.013700 -0.033075 0.009250
v -0.013700 -0.033075 0.047000
v -0.013700 -0.033075 0.094000
v -0.013703 -0.017858 0.138438
v -0.013703 0.017858 0.138438
v -0.013700 0.033075 0.009250
v -0.013700 0.033075 0.047000
v -0.013700 0.033075 0.094000
v -0.013692 -0.033056 0.096449
v -0.013686 -0.027752 0.128150
v -0.013686 0.027752 0.128150
v -0.013692 0.033056 0.096449
v -0.013681 -0.033028 0.008349
v -0.013681 0.033028 0.008349
v -0.013669 -0.033000 0.098891
v -0.013669 0.033000 0.098891
v -0.013664 -0.015581 0.163824
v -0.013664 0.015581 0.163824
v -0.013630 -0.032906 0.101317
v -0.013630 0.032906 0.101317
v -0.013623 -0.032888 0.007459
v -0.013625 -0.032893 0.113264
v -0.013617 -0.032874 0.004329
v -0.013625 -0.027628 0.000519
v -0.013625 0.027628 0.000519
v -0.013617 0.032874 0.004329
v -0.013623 0.032888 0.007459
v -0.013625 0.032893 0.113264
v -0.013607 -0.015516 0.138617
v -0.013608 -0.002707 0.001110
v -0.013608 -0.002707 0.002310
v -0.013608 0.002707 0.001110
v -0.013608 0.002707 0.002310
v -0.013607 0.015516 0.138617
v -0.013600 -0.020353 0.138121
v -0.013600 0.020353 0.138121
v -0.013576 -0.032776 0.103720
v -0.013580 -0.023522 0.135229
v -0.013580 0.023522 0.135229
v -0.013576 0.032776 0.103720
v -0.013561 -0.017673 0.137741
v -0.013561 0.017673 0.137741
v -0.013536 -0.015435 0.163954
v -0.013536 0.015435 0.163954
v -0.013527 -0.032658 0.006591
v -0.013527 0.032658 0.006591
v -0.013525 -0.020242 0.137405
v -0.013525 0.020242 0.137405
v -0.013507 -0.032609 0.106092
v -0.013507 0.032609 0.106092
v -0.013486 -0.032558 0.115477
v -0.013486 0.032558 0.115477
v -0.013475 -0.017561 0.138552
v -0.013475 0.017561 0.138552
v -0.013459 -0.008993 0.000823
v -0.013459 -0.008993 0.002023
v -0.013459 0.008993 0.000823
v -0.013459 0.008993 0.002023
v -0.013449 -0.027273 0.001652
v -0.013446 -0.027266 0.131595
v -0.013449 0.027273 0.001652
v -0.013446 0.027266 0.131595
v -0.013430 -0.027233 0.129624
v -0.013430 0.027233 0.129624
v -0.013423 -0.032406 0.108427
v -0.013423 0.032406 0.108427
v -0.013402 -0.023212 0.136665
v -0.013402 -0.003591 0.001110
v -0.013402 -0.003591 0.002310
v -0.013402 0.003591 0.001110
v -0.013402 0.003591 0.002310
v -0.013402 0.023212 0.136665
v -0.013395 -0.032338 0.005757
v -0.013387 -0.032319 0.003483
v -0.013387 0.032319 0.003483
v -0.013395 0.032338 0.005757
v -0.013385 -0.015262 0.164000
v -0.013385 0.015262 0.164000
v -0.013345 -0.015217 0.139102
v -0.013345 0.015217 0.139102
v -0.013332 -0.032187 0.117622
v -0.013332 0.032187 0.117622
v -0.013324 -0.032168 0.110716
v -0.013324 0.032168 0.110716
v -0.013278 -0.019872 0.142900
v -0.013278 -0.019872 0.144100
v -0.013278 0.019872 0.142900
v -0.013278 0.019872 0.144100
v -0.013264 -0.017286 0.138737
v -0.013264 0.017286 0.138737
v -0.013251 -0.019831 0.142591
v -0.013251 -0.019831 0.144409
v -0.013251 0.019831 0.142591
v -0.013251 0.019831 0.144409
v -0.013236 -0.022925 0.135973
v -0.013236 0.022925 0.135973
v -0.013228 -0.031935 0.004967
v -0.013228 0.031935 0.004967
v -0.013211 -0.031895 0.112952
v -0.013211 0.031895 0.112952
v -0.013195 -0.017196 0.137924
v -0.013195 0.017196 0.137924
v -0.013184 -0.026734 0.000232
v -0.013184 0.026734 0.000232
v -0.013172 -0.019713 0.142312
v -0.013172 -0.019713 0.144688
v -0.013172 0.019713 0.142312
v -0.013172 0.019713 0.144688
v -0.013164 -0.031781 0.119693
v -0.013164 -0.026694 0.130985
v -0.013162 -0.019698 0.138330
v -0.013162 0.019698 0.138330
v -0.013164 0.026694 0.130985
v -0.013164 0.031781 0.119693
v -0.013145 -0.026655 0.132860
v -0.013150 -0.014994 0.139655
v -0.013150 0.014994 0.139655
v -0.013145 0.026655 0.132860
v -0.013139 -0.004460 0.001110
v -0.013139 -0.004460 0.002310
v -0.013139 0.004460 0.001110
v -0.013139 0.004460 0.002310
v -0.013122 -0.031681 0.002709
v -0.013124 -0.019642 0.137611
v -0.013124 0.019642 0.137611
v -0.013122 0.031681 0.002709
v -0.013084 -0.031588 0.115129
v -0.013080 -0.017046 0.138986
v -0.013081 -0.013081 0.000555
v -0.013081 -0.013081 0.001755
v -0.013081 0.013081 0.000555
v -0.013081 0.013081 0.001755
v -0.013080 0.017046 0.138986
v -0.013084 0.031588 0.115129
v -0.013066 -0.026495 0.001402
v -0.013069 -0.015924 0.149591
v -0.013069 -0.015924 0.151991
v -0.013069 -0.015924 0.153791
v -0.013069 -0.015924 0.156191
v -0.013069 0.015924 0.148409
v -0.013069 0.015924 0.150809
v -0.013069 0.015924 0.152609
v -0.013069 0.015924 0.155009
v -0.013066 0.026495 0.001402
v -0.013049 -0.019529 0.142091
v -0.013049 -0.019529 0.144909
v -0.013049 0.019529 0.142091
v -0.013049 0.019529 0.144909
v -0.013028 -0.031452 0.004231
v -0.013030 -0.014857 0.140256
v -0.013030 0.014857 0.140256
v -0.013028 0.031452 0.004231
v -0.013019 -0.022549 0.137287
v -0.013019 0.022549 0.137287
v -0.012989 -0.014811 0.140880
v -0.012989 -0.014811 0.164480
v -0.012989 0.014811 0.140880
v -0.012989 0.014811 0.164480
v -0.012982 -0.031342 0.121683
v -0.012982 0.031342 0.121683
v -0.012943 -0.031248 0.117239
v -0.012943 0.031248 0.117239
v -0.012928 -0.016848 0.139289
v -0.012928 0.016848 0.139289
v -0.012888 -0.026135 0.132230
v -0.012885 -0.022318 0.136585
v -0.012894 -0.019298 0.141949
v -0.012894 -0.019298 0.145051
v -0.012894 0.019298 0.141949
v -0.012894 0.019298 0.145051
v -0.012885 0.022318 0.136585
v -0.012888 0.026135 0.132230
v -0.012858 -0.016757 0.138219
v -0.012858 0.016757 0.138219
v -0.012848 -0.019228 0.000149
v -0.012848 -0.019228 0.001349
v -0.012848 0.019228 0.000149
v -0.012848 0.019228 0.001349
v -0.012842 -0.009854 0.000823
v -0.012842 -0.009854 0.002023
v -0.012842 0.009854 0.000823
v -0.012842 0.009854 0.002023
v -0.012827 -0.030966 0.002018
v -0.012834 -0.026025 0.134003
v -0.012834 0.026025 0.134003
v -0.012827 0.030966 0.002018
v -0.012816 -0.016702 0.139635
v -0.012819 -0.005310 0.001110
v -0.012819 -0.005310 0.002310
v -0.012819 0.005310 0.001110
v -0.012819 0.005310 0.002310
v -0.012816 0.016702 0.139635
v -0.012798 -0.030897 0.003558
v -0.012798 0.030897 0.003558
v -0.012790 -0.030877 0.119276
v -0.012787 -0.030870 0.123586
v -0.012787 0.030870 0.123586
v -0.012790 0.030877 0.119276
v -0.012747 -0.016612 0.140010
v -0.012747 0.016612 0.140010
v -0.012732 -0.025817 0.000058
v -0.012732 0.025817 0.000058
v -0.012719 -0.022030 0.000038
v -0.012719 -0.022030 0.001238
v -0.012723 -0.019041 0.137680
v -0.012723 -0.019041 0.138400
v -0.012723 -0.019041 0.141900
v -0.012723 -0.019041 0.145100
v -0.012723 -0.016581 0.140400
v -0.012723 -0.016581 0.141900
v -0.012723 -0.016581 0.145100
v -0.012723 -0.016581 0.163400
v -0.012723 0.016581 0.140400
v -0.012723 0.016581 0.141900
v -0.012723 0.016581 0.145100
v -0.012723 0.016581 0.163400
v -0.012723 0.019041 0.137680
v -0.012723 0.019041 0.138400
v -0.012723 0.019041 0.141900
v -0.012723 0.019041 0.145100
v -0.012719 0.022030 0.000038
v -0.012719 0.022030 0.001238
v -0.012695 -0.016545 0.163630
v -0.012695 0.016545 0.163630
v -0.012672 -0.025697 0.001251
v -0.012670 -0.016512 0.000325
v -0.012670 -0.016512 0.001525
v -0.012670 0.016512 0.000325
v -0.012670 0.016512 0.001525
v -0.012672 0.025697 0.001251
v -0.012631 -0.021877 0.137773
v -0.012631 0.021877 0.137773
v -0.012623 -0.030475 0.121234
v -0.012616 -0.016442 0.163824
v -0.012616 0.016442 0.163824
v -0.012623 0.030475 0.121234
v -0.012604 -0.025558 0.133354
v -0.012604 0.025558 0.133354
v -0.012579 -0.030368 0.125396
v -0.012579 0.030368 0.125396
v -0.012563 -0.016373 0.138617
v -0.012563 0.016373 0.138617
v -0.012540 -0.030275 0.002956
v -0.012540 0.030275 0.002956
v -0.012530 -0.021703 0.137063
v -0.012530 0.021703 0.137063
v -0.012515 -0.025378 0.135020
v -0.012506 -0.018716 0.138438
v -0.012506 0.018716 0.138438
v -0.012515 0.025378 0.135020
v -0.012503 -0.030184 0.001418
v -0.012498 -0.016287 0.163954
v -0.012498 0.016287 0.163954
v -0.012503 0.030184 0.001418
v -0.012444 -0.030043 0.123106
v -0.012445 -0.018625 0.150376
v -0.012445 -0.018625 0.151336
v -0.012445 -0.018625 0.154576
v -0.012445 -0.018625 0.155536
v -0.012444 -0.006137 0.001110
v -0.012444 -0.006137 0.002310
v -0.012444 0.006137 0.001110
v -0.012444 0.006137 0.002310
v -0.012445 0.018625 0.149064
v -0.012445 0.018625 0.150024
v -0.012445 0.018625 0.153264
v -0.012445 0.018625 0.154224
v -0.012444 0.030043 0.123106
v -0.012376 -0.018522 0.137741
v -0.012376 0.018522 0.137741
v -0.012359 -0.029837 0.127107
v -0.012358 -0.016105 0.164000
v -0.012358 0.016105 0.164000
v -0.012359 0.029837 0.127107
v -0.012321 -0.016057 0.139102
v -0.012321 0.016057 0.139102
v -0.012312 -0.024966 0.134355
v -0.012312 0.024966 0.134355
v -0.012297 -0.018404 0.138552
v -0.012297 0.018404 0.138552
v -0.012274 -0.024888 0.000000
v -0.012274 -0.024888 0.001200
v -0.012274 0.024888 0.000000
v -0.012274 0.024888 0.001200
v -0.012258 -0.029595 0.002434
v -0.012258 0.029595 0.002434
v -0.012254 -0.029584 0.124886
v -0.012254 0.029584 0.124886
v -0.012239 -0.021199 0.138121
v -0.012239 0.021199 0.138121
v -0.012198 -0.013909 0.000555
v -0.012198 -0.013909 0.001755
v -0.012198 0.013909 0.000555
v -0.012198 0.013909 0.001755
v -0.012188 -0.024715 0.135908
v -0.012188 0.024715 0.135908
v -0.012172 -0.021083 0.137405
v -0.012170 -0.010673 0.000823
v -0.012170 -0.010673 0.002023
v -0.012170 0.010673 0.000823
v -0.012170 0.010673 0.002023
v -0.012172 0.021083 0.137405
v -0.012155 -0.029346 0.000916
v -0.012155 0.029346 0.000916
v -0.012141 -0.015822 0.139655
v -0.012141 0.015822 0.139655
v -0.012128 -0.029279 0.128713
v -0.012128 0.029279 0.128713
v -0.012105 -0.018117 0.138737
v -0.012105 0.018117 0.138737
v -0.012053 -0.029098 0.126570
v -0.012053 0.029098 0.126570
v -0.012042 -0.018022 0.137924
v -0.012042 0.018022 0.137924
v -0.012030 -0.015678 0.140256
v -0.012030 0.015678 0.140256
v -0.012016 -0.006938 0.001110
v -0.012016 -0.006938 0.002310
v -0.012016 0.006938 0.001110
v -0.012016 0.006938 0.002310
v -0.012013 -0.024360 0.135229
v -0.012013 0.024360 0.135229
v -0.011993 -0.015629 0.140880
v -0.011993 -0.015629 0.164480
v -0.011993 0.015629 0.140880
v -0.011993 0.015629 0.164480
v -0.011956 -0.028865 0.001997
v -0.011956 0.028865 0.001997
v -0.011950 -0.020698 0.142900
v -0.011950 -0.020698 0.144100
v -0.011950 0.020698 0.142900
v -0.011950 0.020698 0.144100
v -0.011937 -0.017865 0.138986
v -0.011937 0.017865 0.138986
v -0.011926 -0.020656 0.142591
v -0.011926 -0.020656 0.144409
v -0.011926 0.020656 0.142591
v -0.011926 0.020656 0.144409
v -0.011893 -0.035036 0.009250
v -0.011893 -0.035036 0.047000
v -0.011893 -0.035036 0.094000
v -0.011886 -0.035015 0.096490
v -0.011886 -0.028695 0.130211
v -0.011886 0.028695 0.130211
v -0.011886 0.035015 0.096490
v -0.011893 0.035036 0.009250
v -0.011893 0.035036 0.047000
v -0.011893 0.035036 0.094000
v -0.011875 -0.034981 0.008214
v -0.011875 0.034981 0.008214
v -0.011865 -0.034952 0.098971
v -0.011865 0.034952 0.098971
v -0.011855 -0.024039 0.136665
v -0.011855 -0.020533 0.142312
v -0.011855 -0.020533 0.144688
v -0.011845 -0.020517 0.138330
v -0.011845 0.020517 0.138330
v -0.011855 0.020533 0.142312
v -0.011855 0.020533 0.144688
v -0.011855 0.024039 0.136665
v -0.011841 -0.028588 0.128150
v -0.011841 0.028588 0.128150
v -0.011829 -0.034848 0.101437
v -0.011829 0.034848 0.101437
v -0.011819 -0.034817 0.007192
v -0.011819 0.034817 0.007192
v -0.011812 -0.020458 0.137611
v -0.011812 0.020458 0.137611
v -0.011799 -0.017658 0.139289
v -0.011799 0.017658 0.139289
v -0.011789 -0.028460 0.000519
v -0.011789 0.028460 0.000519
v -0.011780 -0.034702 0.103880
v -0.011780 0.034702 0.103880
v -0.011744 -0.020341 0.142091
v -0.011744 -0.020341 0.144909
v -0.011744 0.020341 0.142091
v -0.011744 0.020341 0.144909
v -0.011726 -0.034545 0.006195
v -0.011735 -0.017562 0.138219
v -0.011735 0.017562 0.138219
v -0.011726 0.034545 0.006195
v -0.011716 -0.034515 0.106291
v -0.011716 0.034515 0.106291
v -0.011708 -0.023741 0.135973
v -0.011708 0.023741 0.135973
v -0.011696 -0.017504 0.139635
v -0.011696 0.017504 0.139635
v -0.011639 -0.034287 0.108664
v -0.011637 -0.028094 0.001652
v -0.011637 0.028094 0.001652
v -0.011639 0.034287 0.108664
v -0.011634 -0.028087 0.131595
v -0.011633 -0.017410 0.140010
v -0.011633 0.017410 0.140010
v -0.011634 0.028087 0.131595
v -0.011620 -0.028053 0.129624
v -0.011620 0.028053 0.129624
v -0.011611 -0.017378 0.140400
v -0.011611 -0.017378 0.141900
v -0.011611 -0.017378 0.145100
v -0.011611 -0.017378 0.163400
v -0.011611 0.017378 0.140400
v -0.011611 0.017378 0.141900
v -0.011611 0.017378 0.145100
v -0.011611 0.017378 0.163400
v -0.011599 -0.034169 0.005237
v -0.011605 -0.020100 0.141949
v -0.011605 -0.020100 0.145051
v -0.011605 0.020100 0.141949
v -0.011605 0.020100 0.145051
v -0.011599 0.034169 0.005237
v -0.011586 -0.017340 0.163630
v -0.011586 0.017340 0.163630
v -0.011563 -0.020027 0.000149
v -0.011563 -0.020027 0.001349
v -0.011563 -0.017305 0.000325
v -0.011563 -0.017305 0.001525
v -0.011563 0.000000 0.001397
v -0.011563 0.000000 0.002597
v -0.011563 0.017305 0.000325
v -0.011563 0.017305 0.001525
v -0.011563 0.020027 0.000149
v -0.011563 0.020027 0.001349
v -0.011548 -0.034020 0.110991
v -0.011548 0.034020 0.110991
v -0.011537 -0.007709 0.001110
v -0.011537 -0.007709 0.002310
v -0.011538 -0.000756 0.001397
v -0.011538 -0.000756 0.002597
v -0.011538 0.000756 0.001397
v -0.011538 0.000756 0.002597
v -0.011537 0.007709 0.001110
v -0.011537 0.007709 0.002310
v -0.011516 -0.023352 0.137287
v -0.011516 0.023352 0.137287
v -0.011508 -0.033900 0.009250
v -0.011508 -0.033900 0.047000
v -0.011508 -0.033900 0.094000
v -0.011514 -0.017232 0.163824
v -0.011514 0.017232 0.163824
v -0.011508 0.033900 0.009250
v -0.011508 0.033900 0.047000
v -0.011508 0.033900 0.094000
v -0.011501 -0.033881 0.096449
v -0.011501 0.033881 0.096449
v -0.011491 -0.033852 0.008349
v -0.011491 0.033852 0.008349
v -0.011481 -0.033823 0.098891
v -0.011481 0.033823 0.098891
v -0.011465 -0.017159 0.138617
v -0.011465 0.017159 0.138617
v -0.011464 -0.001509 0.001397
v -0.011464 -0.001509 0.002597
v -0.011464 0.001509 0.001397
v -0.011464 0.001509 0.002597
v -0.011449 -0.033728 0.101317
v -0.011450 -0.019832 0.137680
v -0.011450 -0.019832 0.138400
v -0.011450 -0.019832 0.141900
v -0.011450 -0.019832 0.145100
v -0.011446 -0.011446 0.000823
v -0.011446 -0.011446 0.002023
v -0.011446 0.011446 0.000823
v -0.011446 0.011446 0.002023
v -0.011450 0.019832 0.137680
v -0.011450 0.019832 0.138400
v -0.011450 0.019832 0.141900
v -0.011450 0.019832 0.145100
v -0.011449 0.033728 0.101317
v -0.011443 -0.033709 0.007459
v -0.011444 -0.033714 0.113264
v -0.011438 -0.033694 0.004329
v -0.011445 -0.017128 0.149656
v -0.011445 -0.017128 0.152056
v -0.011445 -0.017128 0.153856
v -0.011445 -0.017128 0.156256
v -0.011445 0.017128 0.148344
v -0.011445 0.017128 0.150744
v -0.011445 0.017128 0.152544
v -0.011445 0.017128 0.154944
v -0.011438 0.033694 0.004329
v -0.011443 0.033709 0.007459
v -0.011444 0.033714 0.113264
v -0.011407 -0.027539 0.000232
v -0.011406 -0.017070 0.163954
v -0.011406 0.017070 0.163954
v -0.011407 0.027539 0.000232
v -0.011404 -0.033594 0.103720
v -0.011398 -0.023113 0.136585
v -0.011398 0.023113 0.136585
v -0.011404 0.033594 0.103720
v -0.011390 -0.027498 0.130985
v -0.011390 0.027498 0.130985
v -0.011374 -0.027458 0.132860
v -0.011374 0.027458 0.132860
v -0.011362 -0.033472 0.006591
v -0.011362 0.033472 0.006591
v -0.011345 -0.033423 0.106092
v -0.011345 0.033423 0.106092
v -0.011340 -0.002256 0.001397
v -0.011340 -0.002256 0.002597
v -0.011340 0.002256 0.001397
v -0.011340 0.002256 0.002597
v -0.011328 -0.033370 0.115477
v -0.011328 0.033370 0.115477
v -0.011305 -0.027293 0.001402
v -0.011305 0.027293 0.001402
v -0.011278 -0.016879 0.164000
v -0.011278 0.016879 0.164000
v -0.011275 -0.033215 0.108427
v -0.011275 0.033215 0.108427
v -0.011262 -0.014677 0.000555
v -0.011262 -0.014677 0.001755
v -0.011262 0.014677 0.000555
v -0.011262 0.014677 0.001755
v -0.011251 -0.033145 0.005757
v -0.011251 -0.022814 0.000038
v -0.011251 -0.022814 0.001238
v -0.011255 -0.019494 0.138438
v -0.011255 0.019494 0.138438
v -0.011251 0.022814 0.000038
v -0.011251 0.022814 0.001238
v -0.011251 0.033145 0.005757
v -0.011245 -0.033125 0.003483
v -0.011244 -0.016828 0.139102
v -0.011244 0.016828 0.139102
v -0.011245 0.033125 0.003483
v -0.011199 -0.032990 0.117622
v -0.011199 0.032990 0.117622
v -0.011192 -0.032970 0.110716
v -0.011192 0.032970 0.110716
v -0.011173 -0.022657 0.137773
v -0.011169 -0.002993 0.001397
v -0.011169 -0.002993 0.002597
v -0.011169 0.002993 0.001397
v -0.011169 0.002993 0.002597
v -0.011173 0.022657 0.137773
v -0.011151 -0.026922 0.132230
v -0.011151 0.026922 0.132230
v -0.011138 -0.019291 0.137741
v -0.011138 0.019291 0.137741
v -0.011111 -0.032732 0.004967
v -0.011111 0.032732 0.004967
v -0.011097 -0.032690 0.112952
v -0.011105 -0.026809 0.134003
v -0.011105 0.026809 0.134003
v -0.011097 0.032690 0.112952
v -0.011084 -0.022476 0.137063
v -0.011080 -0.016582 0.139655
v -0.011080 0.016582 0.139655
v -0.011084 0.022476 0.137063
v -0.011067 -0.019169 0.138552
v -0.011067 0.019169 0.138552
v -0.011057 -0.032574 0.119693
v -0.011057 0.032574 0.119693
v -0.011022 -0.032471 0.002709
v -0.011016 -0.026594 0.000058
v -0.011016 0.026594 0.000058
v -0.011022 0.032471 0.002709
v -0.011008 -0.008447 0.001110
v -0.011008 -0.008447 0.002310
v -0.011008 0.008447 0.001110
v -0.011008 0.008447 0.002310
v -0.010990 -0.032376 0.115129
v -0.010990 0.032376 0.115129
v -0.010979 -0.016431 0.140256
v -0.010979 0.016431 0.140256
v -0.010964 -0.026470 0.001251
v -0.010964 0.026470 0.001251
v -0.010949 -0.003717 0.001397
v -0.010949 -0.003717 0.002597
v -0.010949 0.003717 0.001397
v -0.010949 0.003717 0.002597
v -0.010943 -0.032237 0.004231
v -0.010945 -0.016380 0.140880
v -0.010945 -0.016380 0.164480
v -0.010945 0.016380 0.140880
v -0.010945 0.016380 0.164480
v -0.010943 0.032237 0.004231
v -0.010905 -0.026328 0.133354
v -0.010905 0.026328 0.133354
v -0.010904 -0.032123 0.121683
v -0.010904 0.032123 0.121683
v -0.010894 -0.018870 0.138737
v -0.010894 0.018870 0.138737
v -0.010872 -0.032028 0.117239
v -0.010872 0.032028 0.117239
v -0.010838 -0.018771 0.137924
v -0.010838 0.018771 0.137924
v -0.010828 -0.026142 0.135020
v -0.010827 -0.021954 0.138121
v -0.010827 0.021954 0.138121
v -0.010828 0.026142 0.135020
v -0.010774 -0.031739 0.002018
v -0.010767 -0.021834 0.137405
v -0.010767 0.021834 0.137405
v -0.010774 0.031739 0.002018
v -0.010750 -0.031667 0.003558
v -0.010750 0.031667 0.003558
v -0.010743 -0.031647 0.119276
v -0.010740 -0.031640 0.123586
v -0.010743 -0.018607 0.138986
v -0.010743 0.018607 0.138986
v -0.010740 0.031640 0.123586
v -0.010743 0.031647 0.119276
v -0.010682 -0.004425 0.001397
v -0.010682 -0.004425 0.002597
v -0.010682 0.004425 0.001397
v -0.010682 0.004425 0.002597
v -0.010673 -0.012170 0.000823
v -0.010673 -0.012170 0.002023
v -0.010673 0.012170 0.000823
v -0.010673 0.012170 0.002023
v -0.010653 -0.025718 0.134355
v -0.010653 0.025718 0.134355
v -0.010619 -0.025638 0.000000
v -0.010619 -0.025638 0.001200
v -0.010619 -0.018392 0.139289
v -0.010619 0.018392 0.139289
v -0.010619 0.025638 0.000000
v -0.010619 0.025638 0.001200
v -0.010603 -0.031235 0.121234
v -0.010603 0.031235 0.121234
v -0.010566 -0.031126 0.125396
v -0.010571 -0.021435 0.142900
v -0.010571 -0.021435 0.144100
v -0.010571 0.021435 0.142900
v -0.010571 0.021435 0.144100
v -0.010566 0.031126 0.125396
v -0.010559 -0.019755 0.150442
v -0.010559 -0.019755 0.151402
v -0.010559 -0.019755 0.154642
v -0.010559 -0.019755 0.155602
v -0.010561 -0.018292 0.138219
v -0.010561 0.018292 0.138219
v -0.010559 0.019755 0.148998
v -0.010559 0.019755 0.149958
v -0.010559 0.019755 0.153198
v -0.010559 0.019755 0.154158
v -0.010546 -0.025459 0.135908
v -0.010549 -0.021391 0.142591
v -0.010549 -0.021391 0.144409
v -0.010549 0.021391 0.142591
v -0.010549 0.021391 0.144409
v -0.010546 0.025459 0.135908
v -0.010533 -0.031030 0.002956
v -0.010526 -0.018232 0.139635
v -0.010526 0.018232 0.139635
v -0.010533 0.031030 0.002956
v -0.010502 -0.030937 0.001418
v -0.010502 0.030937 0.001418
v -0.010486 -0.021264 0.142312
v -0.010486 -0.021264 0.144688
v -0.010486 0.021264 0.142312
v -0.010486 0.021264 0.144688
v -0.010478 -0.021247 0.138330
v -0.010478 0.021247 0.138330
v -0.010469 -0.018133 0.140010
v -0.010469 0.018133 0.140010
v -0.010453 -0.030793 0.123106
v -0.010448 -0.021187 0.137611
v -0.010450 -0.018100 0.140400
v -0.010450 -0.018100 0.141900
v -0.010450 -0.018100 0.145100
v -0.010450 -0.018100 0.163400
v -0.010450 0.018100 0.140400
v -0.010450 0.018100 0.141900
v -0.010450 0.018100 0.145100
v -0.010450 0.018100 0.163400
v -0.010448 0.021187 0.137611
v -0.010453 0.030793 0.123106
v -0.010427 -0.018060 0.163630
v -0.010432 -0.009148 0.001110
v -0.010432 -0.009148 0.002310
v -0.010432 0.009148 0.001110
v -0.010432 0.009148 0.002310
v -0.010427 0.018060 0.163630
v -0.010406 -0.018024 0.000325
v -0.010406 -0.018024 0.001525
v -0.010406 0.018024 0.000325
v -0.010406 0.018024 0.001525
v -0.010394 -0.025093 0.135229
v -0.010388 -0.021066 0.142091
v -0.010388 -0.021066 0.144909
v -0.010388 0.021066 0.142091
v -0.010388 0.021066 0.144909
v -0.010394 0.025093 0.135229
v -0.010381 -0.030582 0.127107
v -0.010381 0.030582 0.127107
v -0.010370 -0.005114 0.001397
v -0.010370 -0.005114 0.002597
v -0.010370 0.005114 0.001397
v -0.010370 0.005114 0.002597
v -0.010362 -0.017948 0.163824
v -0.010362 0.017948 0.163824
v -0.010319 -0.017872 0.138617
v -0.010319 0.017872 0.138617
v -0.010297 -0.030333 0.002434
v -0.010297 0.030333 0.002434
v -0.010293 -0.030322 0.124886
v -0.010293 0.030322 0.124886
v -0.010278 -0.015382 0.000555
v -0.010278 -0.015382 0.001755
v -0.010278 0.015382 0.000555
v -0.010278 0.015382 0.001755
v -0.010265 -0.020816 0.141949
v -0.010265 -0.020816 0.145051
v -0.010265 0.020816 0.141949
v -0.010265 0.020816 0.145051
v -0.010257 -0.024763 0.136665
v -0.010265 -0.017779 0.163954
v -0.010265 0.017779 0.163954
v -0.010257 0.024763 0.136665
v -0.010228 -0.020740 0.000149
v -0.010228 -0.020740 0.001349
v -0.010228 0.020740 0.000149
v -0.010228 0.020740 0.001349
v -0.010210 -0.030078 0.000916
v -0.010210 0.030078 0.000916
v -0.010187 -0.030009 0.128713
v -0.010187 0.030009 0.128713
v -0.010150 -0.017580 0.164000
v -0.010150 0.017580 0.164000
v -0.010130 -0.024456 0.135973
v -0.010128 -0.020538 0.137680
v -0.010128 -0.020538 0.138400
v -0.010128 -0.020538 0.141900
v -0.010128 -0.020538 0.145100
v -0.010128 0.020538 0.137680
v -0.010128 0.020538 0.138400
v -0.010128 0.020538 0.141900
v -0.010128 0.020538 0.145100
v -0.010130 0.024456 0.135973
v -0.010124 -0.029824 0.126570
v -0.010120 -0.017528 0.139102
v -0.010120 0.017528 0.139102
v -0.010124 0.029824 0.126570
v -0.010043 -0.029585 0.001997
v -0.010043 0.029585 0.001997
v -0.010013 -0.005781 0.001397
v -0.010013 -0.005781 0.002597
v -0.010013 0.005781 0.001397
v -0.010013 0.005781 0.002597
v -0.009984 -0.029411 0.130211
v -0.009984 0.029411 0.130211
v -0.009972 -0.017272 0.139655
v -0.009972 0.017272 0.139655
v -0.009964 -0.024056 0.137287
v -0.009956 -0.020188 0.138438
v -0.009956 0.020188 0.138438
v -0.009964 0.024056 0.137287
v -0.009946 -0.029301 0.128150
v -0.009946 0.029301 0.128150
v -0.009902 -0.029170 0.000519
v -0.009902 0.029170 0.000519
v -0.009881 -0.017114 0.140256
v -0.009881 0.017114 0.140256
v -0.009862 -0.023809 0.136585
v -0.009862 0.023809 0.136585
v -0.009852 -0.019978 0.137741
v -0.009850 -0.017061 0.140880
v -0.009850 -0.017061 0.164480
v -0.009854 -0.012842 0.000823
v -0.009854 -0.012842 0.002023
v -0.009854 0.012842 0.000823
v -0.009854 0.012842 0.002023
v -0.009850 0.017061 0.140880
v -0.009850 0.017061 0.164480
v -0.009852 0.019978 0.137741
v -0.009811 -0.009811 0.001110
v -0.009811 -0.009811 0.002310
v -0.009811 0.009811 0.001110
v -0.009811 0.009811 0.002310
v -0.009790 -0.019852 0.138552
v -0.009790 0.019852 0.138552
v -0.009775 -0.028795 0.001652
v -0.009772 -0.028788 0.131595
v -0.009775 0.028795 0.001652
v -0.009772 0.028788 0.131595
v -0.009760 -0.028753 0.129624
v -0.009760 0.028753 0.129624
v -0.009735 -0.023501 0.000038
v -0.009735 -0.023501 0.001238
v -0.009735 0.023501 0.000038
v -0.009735 0.023501 0.001238
v -0.009711 -0.018168 0.149722
v -0.009711 -0.018168 0.152122
v -0.009711 -0.018168 0.153922
v -0.009711 -0.018168 0.156322
v -0.009711 0.018168 0.148278
v -0.009711 0.018168 0.150678
v -0.009711 0.018168 0.152478
v -0.009711 0.018168 0.154878
v -0.009667 -0.023339 0.137773
v -0.009667 0.023339 0.137773
v -0.009637 -0.019542 0.138737
v -0.009637 0.019542 0.138737
v -0.009614 -0.006424 0.001397
v -0.009614 -0.006424 0.002597
v -0.009614 0.006424 0.001397
v -0.009614 0.006424 0.002597
v -0.009590 -0.023153 0.137063
v -0.009587 -0.019440 0.137924
v -0.009587 0.019440 0.137924
v -0.009590 0.023153 0.137063
v -0.009576 -0.035739 0.009250
v -0.009576 -0.035739 0.047000
v -0.009576 -0.035739 0.094000
v -0.009582 -0.028226 0.000232
v -0.009582 0.028226 0.000232
v -0.009576 0.035739 0.009250
v -0.009576 0.035739 0.047000
v -0.009576 0.035739 0.094000
v -0.009571 -0.035718 0.096490
v -0.009567 -0.028184 0.130985
v -0.009567 0.028184 0.130985
v -0.009571 0.035718 0.096490
v -0.009561 -0.035683 0.008214
v -0.009561 0.035683 0.008214
v -0.009553 -0.035654 0.098971
v -0.009553 -0.028143 0.132860
v -0.009553 0.028143 0.132860
v -0.009553 0.035654 0.098971
v -0.009525 -0.035547 0.101437
v -0.009516 -0.035515 0.007192
v -0.009516 0.035515 0.007192
v -0.009525 0.035547 0.101437
v -0.009496 -0.027974 0.001402
v -0.009503 -0.019270 0.138986
v -0.009503 0.019270 0.138986
v -0.009496 0.027974 0.001402
v -0.009485 -0.035398 0.103880
v -0.009485 0.035398 0.103880
v -0.009442 -0.035238 0.006195
v -0.009442 0.035238 0.006195
v -0.009434 -0.035207 0.106291
v -0.009434 0.035207 0.106291
v -0.009393 -0.019047 0.139289
v -0.009393 0.019047 0.139289
v -0.009372 -0.034975 0.108664
v -0.009367 -0.027594 0.132230
v -0.009368 -0.022615 0.138121
v -0.009368 0.022615 0.138121
v -0.009367 0.027594 0.132230
v -0.009372 0.034975 0.108664
v -0.009339 -0.034854 0.005237
v -0.009342 -0.018944 0.138219
v -0.009342 0.018944 0.138219
v -0.009339 0.034854 0.005237
v -0.009327 -0.027478 0.134003
v -0.009327 0.027478 0.134003
v -0.009316 -0.022491 0.137405
v -0.009316 0.022491 0.137405
v -0.009311 -0.018881 0.139635
v -0.009311 0.018881 0.139635
v -0.009299 -0.034703 0.110991
v -0.009299 0.034703 0.110991
v -0.009266 -0.034580 0.009250
v -0.009266 -0.034580 0.047000
v -0.009266 -0.034580 0.094000
v -0.009266 0.034580 0.009250
v -0.009266 0.034580 0.047000
v -0.009266 0.034580 0.094000
v -0.009260 -0.034561 0.096449
v -0.009261 -0.018779 0.140010
v -0.009261 0.018779 0.140010
v -0.009260 0.034561 0.096449
v -0.009253 -0.034531 0.008349
v -0.009253 -0.027258 0.000058
v -0.009250 -0.016021 0.000555
v -0.009250 -0.016021 0.001755
v -0.009250 0.000000 0.001665
v -0.009250 0.000000 0.002865
v -0.009250 0.016021 0.000555
v -0.009250 0.016021 0.001755
v -0.009253 0.027258 0.000058
v -0.009253 0.034531 0.008349
v -0.009245 -0.034502 0.098891
v -0.009244 -0.018745 0.140400
v -0.009244 -0.018745 0.141900
v -0.009244 -0.018745 0.145100
v -0.009244 -0.018745 0.163400
v -0.009244 0.018745 0.140400
v -0.009244 0.018745 0.141900
v -0.009244 0.018745 0.145100
v -0.009244 0.018745 0.163400
v -0.009245 0.034502 0.098891
v -0.009230 -0.000605 0.001665
v -0.009230 -0.000605 0.002865
v -0.009230 0.000605 0.001665
v -0.009230 0.000605 0.002865
v -0.009219 -0.034404 0.101317
v -0.009224 -0.018704 0.163630
v -0.009224 0.018704 0.163630
v -0.009219 0.034404 0.101317
v -0.009213 -0.034385 0.007459
v -0.009215 -0.034390 0.113264
v -0.009209 -0.034370 0.004329
v -0.009210 -0.027131 0.001251
v -0.009205 -0.018666 0.000325
v -0.009205 -0.018666 0.001525
v -0.009205 0.018666 0.000325
v -0.009205 0.018666 0.001525
v -0.009210 0.027131 0.001251
v -0.009209 0.034370 0.004329
v -0.009213 0.034385 0.007459
v -0.009215 0.034390 0.113264
v -0.009182 -0.034268 0.103720
v -0.009182 0.034268 0.103720
v -0.009166 -0.018587 0.163824
v -0.009173 -0.007039 0.001397
v -0.009173 -0.007039 0.002597
v -0.009171 -0.001207 0.001665
v -0.009171 -0.001207 0.002865
v -0.009171 0.001207 0.001665
v -0.009171 0.001207 0.002865
v -0.009173 0.007039 0.001397
v -0.009173 0.007039 0.002597
v -0.009166 0.018587 0.163824
v -0.009160 -0.026985 0.133354
v -0.009160 0.026985 0.133354
v -0.009149 -0.034144 0.006591
v -0.009146 -0.022081 0.142900
v -0.009146 -0.022081 0.144100
v -0.009148 -0.010432 0.001110
v -0.009148 -0.010432 0.002310
v -0.009148 0.010432 0.001110
v -0.009148 0.010432 0.002310
v -0.009146 0.022081 0.142900
v -0.009146 0.022081 0.144100
v -0.009149 0.034144 0.006591
v -0.009135 -0.034093 0.106092
v -0.009135 0.034093 0.106092
v -0.009127 -0.022036 0.142591
v -0.009127 -0.022036 0.144409
v -0.009128 -0.018509 0.138617
v -0.009128 0.018509 0.138617
v -0.009127 0.022036 0.142591
v -0.009127 0.022036 0.144409
v -0.009121 -0.034040 0.115477
v -0.009121 0.034040 0.115477
v -0.009095 -0.026794 0.135020
v -0.009095 0.026794 0.135020
v -0.009078 -0.033881 0.108427
v -0.009080 -0.018412 0.163954
v -0.009080 0.018412 0.163954
v -0.009078 0.033881 0.108427
v -0.009073 -0.021904 0.142312
v -0.009073 -0.021904 0.144688
v -0.009066 -0.021887 0.138330
v -0.009072 -0.001805 0.001665
v -0.009072 -0.001805 0.002865
v -0.009072 0.001805 0.001665
v -0.009072 0.001805 0.002865
v -0.009066 0.021887 0.138330
v -0.009073 0.021904 0.142312
v -0.009073 0.021904 0.144688
v -0.009059 -0.033810 0.005757
v -0.009059 0.033810 0.005757
v -0.009054 -0.033790 0.003483
v -0.009054 0.033790 0.003483
v -0.009040 -0.021825 0.137611
v -0.009040 0.021825 0.137611
v -0.009017 -0.033652 0.117622
v -0.009017 0.033652 0.117622
v -0.009012 -0.033632 0.110716
v -0.009012 0.033632 0.110716
v -0.008988 -0.021700 0.142091
v -0.008988 -0.021700 0.144909
v -0.008993 -0.013459 0.000823
v -0.008993 -0.013459 0.002023
v -0.008993 0.013459 0.000823
v -0.008993 0.013459 0.002023
v -0.008988 0.021700 0.142091
v -0.008988 0.021700 0.144909
v -0.008978 -0.018207 0.164000
v -0.008978 0.018207 0.164000
v -0.008946 -0.033388 0.004967
v -0.008948 -0.026359 0.134355
v -0.008952 -0.018152 0.139102
v -0.008952 0.018152 0.139102
v -0.008948 0.026359 0.134355
v -0.008946 0.033388 0.004967
v -0.008935 -0.033346 0.112952
v -0.008935 0.033346 0.112952
v -0.008935 -0.002394 0.001665
v -0.008935 -0.002394 0.002865
v -0.008935 0.002394 0.001665
v -0.008935 0.002394 0.002865
v -0.008920 -0.026277 0.000000
v -0.008920 -0.026277 0.001200
v -0.008920 0.026277 0.000000
v -0.008920 0.026277 0.001200
v -0.008903 -0.033227 0.119693
v -0.008903 0.033227 0.119693
v -0.008875 -0.033122 0.002709
v -0.008882 -0.021442 0.141949
v -0.008882 -0.021442 0.145051
v -0.008882 0.021442 0.141949
v -0.008882 0.021442 0.145051
v -0.008875 0.033122 0.002709
v -0.008858 -0.026094 0.135908
v -0.008858 0.026094 0.135908
v -0.008849 -0.033025 0.115129
v -0.008850 -0.021365 0.000149
v -0.008850 -0.021365 0.001349
v -0.008850 0.021365 0.000149
v -0.008850 0.021365 0.001349
v -0.008849 0.033025 0.115129
v -0.008821 -0.017887 0.139655
v -0.008821 0.017887 0.139655
v -0.008811 -0.032884 0.004231
v -0.008811 0.032884 0.004231
v -0.008780 -0.032768 0.121683
v -0.008780 0.032768 0.121683
v -0.008763 -0.021157 0.137680
v -0.008763 -0.021157 0.138400
v -0.008763 -0.021157 0.141900
v -0.008763 -0.021157 0.145100
v -0.008759 -0.002973 0.001665
v -0.008759 -0.002973 0.002865
v -0.008759 0.002973 0.001665
v -0.008759 0.002973 0.002865
v -0.008763 0.021157 0.137680
v -0.008763 0.021157 0.138400
v -0.008763 0.021157 0.141900
v -0.008763 0.021157 0.145100
v -0.008754 -0.032670 0.117239
v -0.008754 0.032670 0.117239
v -0.008740 -0.017724 0.140256
v -0.008740 0.017724 0.140256
v -0.008730 -0.025719 0.135229
v -0.008730 0.025719 0.135229
v -0.008713 -0.017668 0.140880
v -0.008713 -0.017668 0.164480
v -0.008713 0.017668 0.140880
v -0.008713 0.017668 0.164480
v -0.008693 -0.007624 0.001397
v -0.008693 -0.007624 0.002597
v -0.008693 0.007624 0.001397
v -0.008693 0.007624 0.002597
v -0.008675 -0.032375 0.002018
v -0.008675 0.032375 0.002018
v -0.008655 -0.032303 0.003558
v -0.008655 0.032303 0.003558
v -0.008650 -0.032282 0.119276
v -0.008648 -0.032275 0.123586
v -0.008650 0.032282 0.119276
v -0.008648 0.032275 0.123586
v -0.008616 -0.025381 0.136665
v -0.008616 0.025381 0.136665
v -0.008614 -0.020796 0.138438
v -0.008614 0.020796 0.138438
v -0.008572 -0.020695 0.150507
v -0.008572 -0.020695 0.151468
v -0.008572 -0.020695 0.154708
v -0.008572 -0.020695 0.155667
v -0.008572 0.020695 0.148933
v -0.008572 0.020695 0.149892
v -0.008572 0.020695 0.153132
v -0.008572 0.020695 0.154093
v -0.008546 -0.003540 0.001665
v -0.008546 -0.003540 0.002865
v -0.008546 0.003540 0.001665
v -0.008546 0.003540 0.002865
v -0.008537 -0.031862 0.121234
v -0.008537 0.031862 0.121234
v -0.008525 -0.020580 0.137741
v -0.008525 0.020580 0.137741
v -0.008507 -0.031750 0.125396
v -0.008509 -0.025066 0.135973
v -0.008509 0.025066 0.135973
v -0.008507 0.031750 0.125396
v -0.008481 -0.031653 0.002956
v -0.008481 0.031653 0.002956
v -0.008471 -0.020450 0.138552
v -0.008471 0.020450 0.138552
v -0.008456 -0.031558 0.001418
v -0.008456 0.031558 0.001418
v -0.008447 -0.011008 0.001110
v -0.008447 -0.011008 0.002310
v -0.008447 0.011008 0.001110
v -0.008447 0.011008 0.002310
v -0.008416 -0.031411 0.123106
v -0.008416 0.031411 0.123106
v -0.008369 -0.024656 0.137287
v -0.008369 0.024656 0.137287
v -0.008359 -0.031195 0.127107
v -0.008359 0.031195 0.127107
v -0.008338 -0.020130 0.138737
v -0.008338 0.020130 0.138737
v -0.008296 -0.004091 0.001665
v -0.008296 -0.004091 0.002865
v -0.008296 0.004091 0.001665
v -0.008296 0.004091 0.002865
v -0.008291 -0.030941 0.002434
v -0.008288 -0.030931 0.124886
v -0.008295 -0.020025 0.137924
v -0.008295 0.020025 0.137924
v -0.008288 0.030931 0.124886
v -0.008291 0.030941 0.002434
v -0.008284 -0.024403 0.136585
v -0.008284 0.024403 0.136585
v -0.008221 -0.030681 0.000916
v -0.008222 -0.019850 0.138986
v -0.008222 0.019850 0.138986
v -0.008221 0.030681 0.000916
v -0.008202 -0.030611 0.128713
v -0.008202 0.030611 0.128713
v -0.008177 -0.024088 0.000038
v -0.008177 -0.024088 0.001238
v -0.008182 -0.016592 0.000555
v -0.008182 -0.016592 0.001755
v -0.008176 -0.008176 0.001397
v -0.008176 -0.008176 0.002597
v -0.008176 0.008176 0.001397
v -0.008176 0.008176 0.002597
v -0.008182 0.016592 0.000555
v -0.008182 0.016592 0.001755
v -0.008177 0.024088 0.000038
v -0.008177 0.024088 0.001238
v -0.008152 -0.030423 0.126570
v -0.008152 0.030423 0.126570
v -0.008127 -0.019620 0.139289
v -0.008127 0.019620 0.139289
v -0.008120 -0.023921 0.137773
v -0.008120 0.023921 0.137773
v -0.008086 -0.030178 0.001997
v -0.008094 -0.014019 0.000823
v -0.008094 -0.014019 0.002023
v -0.008094 0.014019 0.000823
v -0.008094 0.014019 0.002023
v -0.008086 0.030178 0.001997
v -0.008083 -0.019514 0.138219
v -0.008083 0.019514 0.138219
v -0.008056 -0.023731 0.137063
v -0.008056 -0.019450 0.139635
v -0.008056 0.019450 0.139635
v -0.008056 0.023731 0.137063
v -0.008039 -0.030001 0.130211
v -0.008039 0.030001 0.130211
v -0.008009 -0.029889 0.128150
v -0.008013 -0.019345 0.140010
v -0.008011 -0.004625 0.001665
v -0.008011 -0.004625 0.002865
v -0.008011 0.004625 0.001665
v -0.008011 0.004625 0.002865
v -0.008013 0.019345 0.140010
v -0.008009 0.029889 0.128150
v -0.007998 -0.019309 0.140400
v -0.007998 -0.019309 0.141900
v -0.007998 -0.019309 0.145100
v -0.007998 -0.019309 0.163400
v -0.007998 0.019309 0.140400
v -0.007998 0.019309 0.141900
v -0.007998 0.019309 0.145100
v -0.007998 0.019309 0.163400
v -0.007981 -0.019267 0.163630
v -0.007981 0.019267 0.163630
v -0.007973 -0.029755 0.000519
v -0.007973 0.029755 0.000519
v -0.007965 -0.019228 0.000325
v -0.007965 -0.019228 0.001525
v -0.007965 0.019228 0.000325
v -0.007965 0.019228 0.001525
v -0.007931 -0.019147 0.163824
v -0.007931 0.019147 0.163824
v -0.007898 -0.019066 0.138617
v -0.007898 0.019066 0.138617
v -0.007883 -0.019032 0.149788
v -0.007883 -0.019032 0.152187
v -0.007883 -0.019032 0.153987
v -0.007883 -0.019032 0.156387
v -0.007883 0.019032 0.148213
v -0.007883 0.019032 0.150613
v -0.007883 0.019032 0.152413
v -0.007883 0.019032 0.154812
v -0.007870 -0.029373 0.001652
v -0.007869 -0.029366 0.131595
v -0.007868 -0.023180 0.138121
v -0.007868 0.023180 0.138121
v -0.007870 0.029373 0.001652
v -0.007869 0.029366 0.131595
v -0.007859 -0.029330 0.129624
v -0.007856 -0.018967 0.163954
v -0.007856 0.018967 0.163954
v -0.007859 0.029330 0.129624
v -0.007825 -0.023052 0.137405
v -0.007825 0.023052 0.137405
v -0.007768 -0.018755 0.164000
v -0.007768 0.018755 0.164000
v -0.007745 -0.018699 0.139102
v -0.007745 0.018699 0.139102
v -0.007715 -0.028793 0.000232
v -0.007709 -0.011537 0.001110
v -0.007709 -0.011537 0.002310
v -0.007709 0.011537 0.001110
v -0.007709 0.011537 0.002310
v -0.007715 0.028793 0.000232
v -0.007703 -0.028749 0.130985
v -0.007703 0.028749 0.130985
v -0.007692 -0.028708 0.132860
v -0.007691 -0.005139 0.001665
v -0.007691 -0.005139 0.002865
v -0.007691 0.005139 0.001665
v -0.007691 0.005139 0.002865
v -0.007692 0.028708 0.132860
v -0.007682 -0.022632 0.142900
v -0.007682 -0.022632 0.144100
v -0.007682 0.022632 0.142900
v -0.007682 0.022632 0.144100
v -0.007667 -0.022585 0.142591
v -0.007667 -0.022585 0.144409
v -0.007667 0.022585 0.142591
v -0.007667 0.022585 0.144409
v -0.007646 -0.028535 0.001402
v -0.007646 0.028535 0.001402
v -0.007632 -0.018425 0.139655
v -0.007632 0.018425 0.139655
v -0.007621 -0.022451 0.142312
v -0.007621 -0.022451 0.144688
v -0.007615 -0.022433 0.138330
v -0.007624 -0.008693 0.001397
v -0.007624 -0.008693 0.002597
v -0.007624 0.008693 0.001397
v -0.007624 0.008693 0.002597
v -0.007615 0.022433 0.138330
v -0.007621 0.022451 0.142312
v -0.007621 0.022451 0.144688
v -0.007593 -0.022370 0.137611
v -0.007593 0.022370 0.137611
v -0.007562 -0.018257 0.140256
v -0.007562 0.018257 0.140256
v -0.007550 -0.022241 0.142091
v -0.007550 -0.022241 0.144909
v -0.007550 0.022241 0.142091
v -0.007550 0.022241 0.144909
v -0.007542 -0.028147 0.132230
v -0.007539 -0.018200 0.140880
v -0.007539 -0.018200 0.164480
v -0.007539 0.018200 0.140880
v -0.007539 0.018200 0.164480
v -0.007542 0.028147 0.132230
v -0.007510 -0.028029 0.134003
v -0.007510 0.028029 0.134003
v -0.007460 -0.021977 0.141949
v -0.007460 -0.021977 0.145051
v -0.007460 0.021977 0.141949
v -0.007460 0.021977 0.145051
v -0.007450 -0.027805 0.000058
v -0.007450 0.027805 0.000058
v -0.007433 -0.021898 0.000149
v -0.007433 -0.021898 0.001349
v -0.007433 0.021898 0.000149
v -0.007433 0.021898 0.001349
v -0.007416 -0.027675 0.001251
v -0.007416 0.027675 0.001251
v -0.007376 -0.027526 0.133354
v -0.007376 0.027526 0.133354
v -0.007361 -0.021685 0.137680
v -0.007361 -0.021685 0.138400
v -0.007361 -0.021685 0.141900
v -0.007361 -0.021685 0.145100
v -0.007361 0.021685 0.137680
v -0.007361 0.021685 0.138400
v -0.007361 0.021685 0.141900
v -0.007361 0.021685 0.145100
v -0.007339 -0.005631 0.001665
v -0.007339 -0.005631 0.002865
v -0.007339 0.005631 0.001665
v -0.007339 0.005631 0.002865
v -0.007324 -0.027332 0.135020
v -0.007324 0.027332 0.135020
v -0.007236 -0.021315 0.138438
v -0.007236 0.021315 0.138438
v -0.007218 -0.036289 0.009250
v -0.007218 -0.036289 0.047000
v -0.007218 -0.036289 0.094000
v -0.007218 0.036289 0.009250
v -0.007218 0.036289 0.047000
v -0.007218 0.036289 0.094000
v -0.007214 -0.036267 0.096490
v -0.007207 -0.036232 0.008214
v -0.007207 0.036232 0.008214
v -0.007214 0.036267 0.096490
v -0.007201 -0.036202 0.098971
v -0.007205 -0.026888 0.134355
v -0.007205 0.026888 0.134355
v -0.007201 0.036202 0.098971
v -0.007179 -0.036094 0.101437
v -0.007182 -0.026804 0.000000
v -0.007182 -0.026804 0.001200
v -0.007182 0.026804 0.000000
v -0.007182 0.026804 0.001200
v -0.007179 0.036094 0.101437
v -0.007173 -0.036062 0.007192
v -0.007173 0.036062 0.007192
v -0.007160 -0.021094 0.137741
v -0.007160 -0.014518 0.000823
v -0.007160 -0.014518 0.002023
v -0.007160 0.014518 0.000823
v -0.007160 0.014518 0.002023
v -0.007160 0.021094 0.137741
v -0.007149 -0.035942 0.103880
v -0.007149 0.035942 0.103880
v -0.007132 -0.026618 0.135908
v -0.007132 0.026618 0.135908
v -0.007117 -0.035780 0.006195
v -0.007117 0.035780 0.006195
v -0.007111 -0.035749 0.106291
v -0.007115 -0.020960 0.138552
v -0.007115 0.020960 0.138552
v -0.007111 0.035749 0.106291
v -0.007080 -0.017092 0.000555
v -0.007080 -0.017092 0.001755
v -0.007080 0.017092 0.000555
v -0.007080 0.017092 0.001755
v -0.007064 -0.035513 0.108664
v -0.007064 0.035513 0.108664
v -0.007040 -0.035391 0.005237
v -0.007039 -0.009173 0.001397
v -0.007039 -0.009173 0.002597
v -0.007039 0.009173 0.001397
v -0.007039 0.009173 0.002597
v -0.007040 0.035391 0.005237
v -0.007030 -0.026235 0.135229
v -0.007030 0.026235 0.135229
v -0.007009 -0.035236 0.110991
v -0.007009 0.035236 0.110991
v -0.007004 -0.020633 0.138737
v -0.007004 0.020633 0.138737
v -0.006984 -0.035112 0.009250
v -0.006984 -0.035112 0.047000
v -0.006984 -0.035112 0.094000
v -0.006980 -0.035092 0.096449
v -0.006980 0.035092 0.096449
v -0.006984 0.035112 0.009250
v -0.006984 0.035112 0.047000
v -0.006984 0.035112 0.094000
v -0.006974 -0.035062 0.008349
v -0.006968 -0.035033 0.098891
v -0.006967 -0.020525 0.137924
v -0.006967 0.020525 0.137924
v -0.006968 0.035033 0.098891
v -0.006974 0.035062 0.008349
v -0.006949 -0.034933 0.101317
v -0.006946 -0.034920 0.113264
v -0.006955 -0.006099 0.001665
v -0.006955 -0.006099 0.002865
v -0.006955 0.006099 0.001665
v -0.006955 0.006099 0.002865
v -0.006946 0.034920 0.113264
v -0.006949 0.034933 0.101317
v -0.006945 -0.034914 0.007459
v -0.006942 -0.034898 0.004329
v -0.006937 -0.025890 0.136665
v -0.006938 -0.012016 0.001110
v -0.006938 -0.012016 0.002310
v -0.006938 0.000000 0.001895
v -0.006938 0.000000 0.003095
v -0.006938 0.012016 0.001110
v -0.006938 0.012016 0.002310
v -0.006937 0.025890 0.136665
v -0.006942 0.034898 0.004329
v -0.006945 0.034914 0.007459
v -0.006921 -0.034795 0.103720
v -0.006923 -0.000454 0.001895
v -0.006923 -0.000454 0.003095
v -0.006923 0.000454 0.001895
v -0.006923 0.000454 0.003095
v -0.006921 0.034795 0.103720
v -0.006906 -0.020346 0.138986
v -0.006906 0.020346 0.138986
v -0.006896 -0.034669 0.006591
v -0.006896 0.034669 0.006591
v -0.006886 -0.034618 0.106092
v -0.006886 0.034618 0.106092
v -0.006875 -0.034564 0.115477
v -0.006878 -0.000906 0.001895
v -0.006878 -0.000906 0.003095
v -0.006878 0.000906 0.001895
v -0.006878 0.000906 0.003095
v -0.006875 0.034564 0.115477
v -0.006851 -0.025569 0.135973
v -0.006851 0.025569 0.135973
v -0.006843 -0.034402 0.108427
v -0.006843 0.034402 0.108427
v -0.006829 -0.034330 0.005757
v -0.006826 -0.020110 0.139289
v -0.006826 0.020110 0.139289
v -0.006829 0.034330 0.005757
v -0.006825 -0.034310 0.003483
v -0.006825 0.034310 0.003483
v -0.006797 -0.034169 0.117622
v -0.006804 -0.001353 0.001895
v -0.006804 -0.001353 0.003095
v -0.006804 0.001353 0.001895
v -0.006804 0.001353 0.003095
v -0.006797 0.034169 0.117622
v -0.006793 -0.034149 0.110716
v -0.006790 -0.020001 0.138219
v -0.006790 0.020001 0.138219
v -0.006793 0.034149 0.110716
v -0.006767 -0.019935 0.139635
v -0.006767 0.019935 0.139635
v -0.006744 -0.033902 0.004967
v -0.006735 -0.033859 0.112952
v -0.006739 -0.025150 0.137287
v -0.006739 0.025150 0.137287
v -0.006735 0.033859 0.112952
v -0.006744 0.033902 0.004967
v -0.006730 -0.019827 0.140010
v -0.006730 0.019827 0.140010
v -0.006718 -0.019791 0.140400
v -0.006718 -0.019791 0.141900
v -0.006718 -0.019791 0.145100
v -0.006718 -0.019791 0.163400
v -0.006718 0.019791 0.140400
v -0.006718 0.019791 0.141900
v -0.006718 0.019791 0.145100
v -0.006718 0.019791 0.163400
v -0.006711 -0.033738 0.119693
v -0.006711 0.033738 0.119693
v -0.006703 -0.019748 0.163630
v -0.006701 -0.001796 0.001895
v -0.006701 -0.001796 0.003095
v -0.006701 0.001796 0.001895
v -0.006701 0.001796 0.003095
v -0.006703 0.019748 0.163630
v -0.006690 -0.033632 0.002709
v -0.006690 -0.019708 0.000325
v -0.006690 -0.019708 0.001525
v -0.006690 0.019708 0.000325
v -0.006690 0.019708 0.001525
v -0.006690 0.033632 0.002709
v -0.006670 -0.033533 0.115129
v -0.006670 -0.024892 0.136585
v -0.006670 0.024892 0.136585
v -0.006670 0.033533 0.115129
v -0.006662 -0.019624 0.163824
v -0.006662 0.019624 0.163824
v -0.006642 -0.033390 0.004231
v -0.006642 0.033390 0.004231
v -0.006634 -0.019542 0.138617
v -0.006634 0.019542 0.138617
v -0.006618 -0.033272 0.121683
v -0.006618 0.033272 0.121683
v -0.006598 -0.033173 0.117239
v -0.006599 -0.019440 0.163954
v -0.006599 0.019440 0.163954
v -0.006598 0.033173 0.117239
v -0.006584 -0.024571 0.000038
v -0.006584 -0.024571 0.001238
v -0.006584 0.024571 0.000038
v -0.006584 0.024571 0.001238
v -0.006569 -0.002230 0.001895
v -0.006569 -0.002230 0.003095
v -0.006569 0.002230 0.001895
v -0.006569 0.002230 0.003095
v -0.006539 -0.032873 0.002018
v -0.006538 -0.024401 0.137773
v -0.006541 -0.006541 0.001665
v -0.006541 -0.006541 0.002865
v -0.006541 0.006541 0.001665
v -0.006541 0.006541 0.002865
v -0.006538 0.024401 0.137773
v -0.006539 0.032873 0.002018
v -0.006525 -0.019223 0.164000
v -0.006525 0.019223 0.164000
v -0.006524 -0.032800 0.003558
v -0.006520 -0.032779 0.119276
v -0.006519 -0.032772 0.123586
v -0.006519 0.032772 0.123586
v -0.006520 0.032779 0.119276
v -0.006524 0.032800 0.003558
v -0.006506 -0.019165 0.139102
v -0.006506 0.019165 0.139102
v -0.006502 -0.021435 0.150573
v -0.006502 -0.021435 0.151533
v -0.006502 -0.021435 0.154773
v -0.006502 -0.021435 0.155733
v -0.006502 0.021435 0.148867
v -0.006502 0.021435 0.149827
v -0.006502 0.021435 0.153067
v -0.006502 0.021435 0.154027
v -0.006486 -0.024207 0.137063
v -0.006486 0.024207 0.137063
v -0.006435 -0.032352 0.121234
v -0.006435 0.032352 0.121234
v -0.006424 -0.009614 0.001397
v -0.006424 -0.009614 0.002597
v -0.006424 0.009614 0.001397
v -0.006424 0.009614 0.002597
v -0.006413 -0.032239 0.125396
v -0.006411 -0.018885 0.139655
v -0.006409 -0.002655 0.001895
v -0.006409 -0.002655 0.003095
v -0.006409 0.002655 0.001895
v -0.006409 0.002655 0.003095
v -0.006411 0.018885 0.139655
v -0.006413 0.032239 0.125396
v -0.006393 -0.032139 0.002956
v -0.006393 0.032139 0.002956
v -0.006374 -0.032044 0.001418
v -0.006374 0.032044 0.001418
v -0.006352 -0.018713 0.140256
v -0.006352 0.018713 0.140256
v -0.006344 -0.031894 0.123106
v -0.006336 -0.023645 0.138121
v -0.006336 0.023645 0.138121
v -0.006344 0.031894 0.123106
v -0.006332 -0.018655 0.140880
v -0.006332 -0.018655 0.164480
v -0.006332 0.018655 0.140880
v -0.006332 0.018655 0.164480
v -0.006301 -0.031675 0.127107
v -0.006301 -0.023515 0.137405
v -0.006301 0.023515 0.137405
v -0.006301 0.031675 0.127107
v -0.006249 -0.031417 0.002434
v -0.006247 -0.031406 0.124886
v -0.006247 0.031406 0.124886
v -0.006249 0.031417 0.002434
v -0.006222 -0.003068 0.001895
v -0.006222 -0.003068 0.003095
v -0.006222 0.003068 0.001895
v -0.006222 0.003068 0.003095
v -0.006197 -0.031153 0.000916
v -0.006197 0.031153 0.000916
v -0.006186 -0.023086 0.142900
v -0.006186 -0.023086 0.144100
v -0.006195 -0.014955 0.000823
v -0.006195 -0.014955 0.002023
v -0.006195 0.014955 0.000823
v -0.006195 0.014955 0.002023
v -0.006186 0.023086 0.142900
v -0.006186 0.023086 0.144100
v -0.006183 -0.031082 0.128713
v -0.006183 0.031082 0.128713
v -0.006173 -0.023038 0.142591
v -0.006173 -0.023038 0.144409
v -0.006173 0.023038 0.142591
v -0.006173 0.023038 0.144409
v -0.006145 -0.030891 0.126570
v -0.006136 -0.022901 0.142312
v -0.006136 -0.022901 0.144688
v -0.006137 -0.012444 0.001110
v -0.006137 -0.012444 0.002310
v -0.006137 0.012444 0.001110
v -0.006137 0.012444 0.002310
v -0.006136 0.022901 0.142312
v -0.006136 0.022901 0.144688
v -0.006145 0.030891 0.126570
v -0.006132 -0.022883 0.138330
v -0.006132 0.022883 0.138330
v -0.006114 -0.022818 0.137611
v -0.006114 0.022818 0.137611
v -0.006095 -0.030642 0.001997
v -0.006099 -0.006955 0.001665
v -0.006099 -0.006955 0.002865
v -0.006099 0.006955 0.001665
v -0.006099 0.006955 0.002865
v -0.006095 0.030642 0.001997
v -0.006079 -0.022687 0.142091
v -0.006079 -0.022687 0.144909
v -0.006079 0.022687 0.142091
v -0.006079 0.022687 0.144909
v -0.006059 -0.030462 0.130211
v -0.006059 0.030462 0.130211
v -0.006037 -0.030348 0.128150
v -0.006037 0.030348 0.128150
v -0.006010 -0.030213 0.000519
v -0.006007 -0.022418 0.141949
v -0.006007 -0.022418 0.145051
v -0.006008 -0.003469 0.001895
v -0.006008 -0.003469 0.003095
v -0.006008 0.003469 0.001895
v -0.006008 0.003469 0.003095
v -0.006007 0.022418 0.141949
v -0.006007 0.022418 0.145051
v -0.006010 0.030213 0.000519
v -0.005985 -0.022337 0.000149
v -0.005985 -0.022337 0.001349
v -0.005985 0.022337 0.000149
v -0.005985 0.022337 0.001349
v -0.005980 -0.019713 0.149853
v -0.005980 -0.019713 0.152253
v -0.005980 -0.019713 0.154053
v -0.005980 -0.019713 0.156453
v -0.005980 0.019713 0.148147
v -0.005980 0.019713 0.150547
v -0.005980 0.019713 0.152347
v -0.005980 0.019713 0.154747
v -0.005947 -0.017518 0.000555
v -0.005947 -0.017518 0.001755
v -0.005947 0.017518 0.000555
v -0.005947 0.017518 0.001755
v -0.005932 -0.029824 0.001652
v -0.005931 -0.029817 0.131595
v -0.005927 -0.022120 0.137680
v -0.005927 -0.022120 0.138400
v -0.005927 -0.022120 0.141900
v -0.005927 -0.022120 0.145100
v -0.005927 0.022120 0.137680
v -0.005927 0.022120 0.138400
v -0.005927 0.022120 0.141900
v -0.005927 0.022120 0.145100
v -0.005932 0.029824 0.001652
v -0.005931 0.029817 0.131595
v -0.005924 -0.029781 0.129624
v -0.005924 0.029781 0.129624
v -0.005826 -0.021743 0.138438
v -0.005826 0.021743 0.138438
v -0.005815 -0.029236 0.000232
v -0.005815 0.029236 0.000232
v -0.005807 -0.029191 0.130985
v -0.005807 0.029191 0.130985
v -0.005798 -0.029149 0.132860
v -0.005798 0.029149 0.132860
v -0.005781 -0.010013 0.001397
v -0.005781 -0.010013 0.002597
v -0.005781 0.010013 0.001397
v -0.005781 0.010013 0.002597
v -0.005765 -0.021517 0.137741
v -0.005768 -0.003854 0.001895
v -0.005768 -0.003854 0.003095
v -0.005768 0.003854 0.001895
v -0.005768 0.003854 0.003095
v -0.005765 0.021517 0.137741
v -0.005763 -0.028974 0.001402
v -0.005763 0.028974 0.001402
v -0.005729 -0.021380 0.138552
v -0.005729 0.021380 0.138552
v -0.005685 -0.028580 0.132230
v -0.005685 0.028580 0.132230
v -0.005661 -0.028460 0.134003
v -0.005661 0.028460 0.134003
v -0.005639 -0.021046 0.138737
v -0.005639 0.021046 0.138737
v -0.005631 -0.007339 0.001665
v -0.005631 -0.007339 0.002865
v -0.005631 0.007339 0.001665
v -0.005631 0.007339 0.002865
v -0.005616 -0.028233 0.000058
v -0.005616 0.028233 0.000058
v -0.005610 -0.020937 0.137924
v -0.005610 0.020937 0.137924
v -0.005590 -0.028101 0.001251
v -0.005590 0.028101 0.001251
v -0.005560 -0.027950 0.133354
v -0.005561 -0.020754 0.138986
v -0.005561 0.020754 0.138986
v -0.005560 0.027950 0.133354
v -0.005520 -0.027752 0.135020
v -0.005520 0.027752 0.135020
v -0.005497 -0.020513 0.139289
v -0.005504 -0.004223 0.001895
v -0.005504 -0.004223 0.003095
v -0.005504 0.004223 0.001895
v -0.005504 0.004223 0.003095
v -0.005497 0.020513 0.139289
v -0.005467 -0.020402 0.138219
v -0.005467 0.020402 0.138219
v -0.005449 -0.020335 0.139635
v -0.005449 0.020335 0.139635
v -0.005431 -0.027302 0.134355
v -0.005431 0.027302 0.134355
v -0.005419 -0.020225 0.140010
v -0.005419 0.020225 0.140010
v -0.005414 -0.027217 0.000000
v -0.005414 -0.027217 0.001200
v -0.005409 -0.020188 0.140400
v -0.005409 -0.020188 0.141900
v -0.005409 -0.020188 0.145100
v -0.005409 -0.020188 0.163400
v -0.005409 0.020188 0.140400
v -0.005409 0.020188 0.141900
v -0.005409 0.020188 0.145100
v -0.005409 0.020188 0.163400
v -0.005414 0.027217 0.000000
v -0.005414 0.027217 0.001200
v -0.005397 -0.020144 0.163630
v -0.005397 0.020144 0.163630
v -0.005387 -0.020103 0.000325
v -0.005387 -0.020103 0.001525
v -0.005387 0.020103 0.000325
v -0.005387 0.020103 0.001525
v -0.005376 -0.027027 0.135908
v -0.005376 0.027027 0.135908
v -0.005364 -0.020018 0.163824
v -0.005364 0.020018 0.163824
v -0.005341 -0.019934 0.138617
v -0.005341 0.019934 0.138617
v -0.005313 -0.019830 0.163954
v -0.005310 -0.012819 0.001110
v -0.005310 -0.012819 0.002310
v -0.005310 0.012819 0.001110
v -0.005310 0.012819 0.002310
v -0.005313 0.019830 0.163954
v -0.005299 -0.026639 0.135229
v -0.005299 0.026639 0.135229
v -0.005254 -0.019608 0.164000
v -0.005254 0.019608 0.164000
v -0.005238 -0.019550 0.139102
v -0.005238 0.019550 0.139102
v -0.005229 -0.026288 0.136665
v -0.005229 0.026288 0.136665
v -0.005216 -0.004574 0.001895
v -0.005216 -0.004574 0.003095
v -0.005216 0.004574 0.001895
v -0.005216 0.004574 0.003095
v -0.005203 -0.015328 0.000823
v -0.005203 -0.015328 0.002023
v -0.005203 0.015328 0.000823
v -0.005203 0.015328 0.002023
v -0.005164 -0.025963 0.135973
v -0.005162 -0.019264 0.139655
v -0.005162 0.019264 0.139655
v -0.005164 0.025963 0.135973
v -0.005139 -0.007691 0.001665
v -0.005139 -0.007691 0.002865
v -0.005139 0.007691 0.001665
v -0.005139 0.007691 0.002865
v -0.005115 -0.019088 0.140256
v -0.005114 -0.010370 0.001397
v -0.005114 -0.010370 0.002597
v -0.005114 0.010370 0.001397
v -0.005114 0.010370 0.002597
v -0.005115 0.019088 0.140256
v -0.005099 -0.019029 0.140880
v -0.005099 -0.019029 0.164480
v -0.005099 0.019029 0.140880
v -0.005099 0.019029 0.164480
v -0.005080 -0.025537 0.137287
v -0.005080 0.025537 0.137287
v -0.005028 -0.025275 0.136585
v -0.005028 0.025275 0.136585
v -0.004963 -0.024949 0.000038
v -0.004963 -0.024949 0.001238
v -0.004963 0.024949 0.000038
v -0.004963 0.024949 0.001238
v -0.004928 -0.024776 0.137773
v -0.004928 0.024776 0.137773
v -0.004906 -0.004906 0.001895
v -0.004906 -0.004906 0.003095
v -0.004906 0.004906 0.001895
v -0.004906 0.004906 0.003095
v -0.004889 -0.024579 0.137063
v -0.004889 0.024579 0.137063
v -0.004829 -0.036683 0.009250
v -0.004829 -0.036683 0.047000
v -0.004829 -0.036683 0.094000
v -0.004827 -0.036661 0.096490
v -0.004827 0.036661 0.096490
v -0.004829 0.036683 0.009250
v -0.004829 0.036683 0.047000
v -0.004829 0.036683 0.094000
v -0.004822 -0.036626 0.008214
v -0.004818 -0.036596 0.098971
v -0.004818 0.036596 0.098971
v -0.004822 0.036626 0.008214
v -0.004803 -0.036486 0.101437
v -0.004799 -0.036454 0.007192
v -0.004799 0.036454 0.007192
v -0.004803 0.036486 0.101437
v -0.004788 -0.017870 0.000555
v -0.004788 -0.017870 0.001755
v -0.004788 0.017870 0.000555
v -0.004788 0.017870 0.001755
v -0.004783 -0.036333 0.103880
v -0.004776 -0.024008 0.138121
v -0.004776 0.024008 0.138121
v -0.004783 0.036333 0.103880
v -0.004762 -0.036169 0.006195
v -0.004758 -0.036137 0.106291
v -0.004758 0.036137 0.106291
v -0.004762 0.036169 0.006195
v -0.004749 -0.023877 0.137405
v -0.004749 0.023877 0.137405
v -0.004726 -0.035899 0.108664
v -0.004726 0.035899 0.108664
v -0.004710 -0.035775 0.005237
v -0.004710 0.035775 0.005237
v -0.004689 -0.035619 0.110991
v -0.004689 0.035619 0.110991
v -0.004673 -0.035494 0.009250
v -0.004673 -0.035494 0.047000
v -0.004673 -0.035494 0.094000
v -0.004670 -0.035474 0.096449
v -0.004666 -0.035444 0.008349
v -0.004666 0.035444 0.008349
v -0.004670 0.035474 0.096449
v -0.004673 0.035494 0.009250
v -0.004673 0.035494 0.047000
v -0.004673 0.035494 0.094000
v -0.004662 -0.035413 0.098891
v -0.004663 -0.023441 0.142900
v -0.004663 -0.023441 0.144100
v -0.004663 0.023441 0.142900
v -0.004663 0.023441 0.144100
v -0.004662 0.035413 0.098891
v -0.004649 -0.035313 0.101317
v -0.004647 -0.035299 0.113264
v -0.004646 -0.035294 0.007459
v -0.004653 -0.023393 0.142591
v -0.004653 -0.023393 0.144409
v -0.004653 0.023393 0.142591
v -0.004653 0.023393 0.144409
v -0.004646 0.035294 0.007459
v -0.004647 0.035299 0.113264
v -0.004649 0.035313 0.101317
v -0.004644 -0.035278 0.004329
v -0.004644 0.035278 0.004329
v -0.004631 -0.035173 0.103720
v -0.004625 -0.023253 0.142312
v -0.004625 -0.023253 0.144688
v -0.004625 -0.008011 0.001665
v -0.004625 -0.008011 0.002865
v -0.004625 0.000000 0.002071
v -0.004625 0.000000 0.003271
v -0.004625 0.008011 0.001665
v -0.004625 0.008011 0.002865
v -0.004625 0.023253 0.142312
v -0.004625 0.023253 0.144688
v -0.004631 0.035173 0.103720
v -0.004622 -0.023235 0.138330
v -0.004615 -0.000302 0.002071
v -0.004615 -0.000302 0.003271
v -0.004615 0.000302 0.002071
v -0.004615 0.000302 0.003271
v -0.004622 0.023235 0.138330
v -0.004614 -0.035046 0.006591
v -0.004607 -0.034994 0.106092
v -0.004609 -0.023169 0.137611
v -0.004609 0.023169 0.137611
v -0.004607 0.034994 0.106092
v -0.004614 0.035046 0.006591
v -0.004600 -0.034939 0.115477
v -0.004600 0.034939 0.115477
v -0.004585 -0.000604 0.002071
v -0.004585 -0.000604 0.003271
v -0.004585 0.000604 0.002071
v -0.004585 0.000604 0.003271
v -0.004578 -0.034776 0.108427
v -0.004582 -0.023036 0.142091
v -0.004582 -0.023036 0.144909
v -0.004582 0.023036 0.142091
v -0.004582 0.023036 0.144909
v -0.004578 0.034776 0.108427
v -0.004569 -0.034703 0.005757
v -0.004566 -0.034683 0.003483
v -0.004574 -0.005216 0.001895
v -0.004574 -0.005216 0.003095
v -0.004574 0.005216 0.001895
v -0.004574 0.005216 0.003095
v -0.004566 0.034683 0.003483
v -0.004569 0.034703 0.005757
v -0.004547 -0.034541 0.117622
v -0.004547 0.034541 0.117622
v -0.004545 -0.034520 0.110716
v -0.004536 -0.000902 0.002071
v -0.004536 -0.000902 0.003271
v -0.004536 0.000902 0.002071
v -0.004536 0.000902 0.003271
v -0.004545 0.034520 0.110716
v -0.004528 -0.022763 0.141949
v -0.004528 -0.022763 0.145051
v -0.004528 0.022763 0.141949
v -0.004528 0.022763 0.145051
v -0.004512 -0.034270 0.004967
v -0.004506 -0.034227 0.112952
v -0.004511 -0.022681 0.000149
v -0.004511 -0.022681 0.001349
v -0.004511 0.022681 0.000149
v -0.004511 0.022681 0.001349
v -0.004506 0.034227 0.112952
v -0.004512 0.034270 0.004967
v -0.004490 -0.034105 0.119693
v -0.004490 0.034105 0.119693
v -0.004476 -0.033997 0.002709
v -0.004476 0.033997 0.002709
v -0.004468 -0.022460 0.137680
v -0.004468 -0.022460 0.138400
v -0.004468 -0.022460 0.141900
v -0.004468 -0.022460 0.145100
v -0.004467 -0.001197 0.002071
v -0.004467 -0.001197 0.003271
v -0.004467 0.001197 0.002071
v -0.004467 0.001197 0.003271
v -0.004468 0.022460 0.137680
v -0.004468 0.022460 0.138400
v -0.004468 0.022460 0.141900
v -0.004468 0.022460 0.145100
v -0.004463 -0.033898 0.115129
v -0.004460 -0.013139 0.001110
v -0.004460 -0.013139 0.002310
v -0.004460 0.013139 0.001110
v -0.004460 0.013139 0.002310
v -0.004463 0.033898 0.115129
v -0.004444 -0.033752 0.004231
v -0.004444 0.033752 0.004231
v -0.004428 -0.033634 0.121683
v -0.004428 0.033634 0.121683
v -0.004425 -0.010682 0.001397
v -0.004425 -0.010682 0.002597
v -0.004425 0.010682 0.001397
v -0.004425 0.010682 0.002597
v -0.004415 -0.033533 0.117239
v -0.004415 0.033533 0.117239
v -0.004391 -0.022077 0.138438
v -0.004391 0.022077 0.138438
v -0.004380 -0.001487 0.002071
v -0.004380 -0.001487 0.003271
v -0.004380 0.001487 0.002071
v -0.004380 0.001487 0.003271
v -0.004375 -0.033231 0.002018
v -0.004365 -0.033156 0.003558
v -0.004370 -0.021970 0.150639
v -0.004370 -0.021970 0.151599
v -0.004370 -0.021970 0.154839
v -0.004370 -0.021970 0.155799
v -0.004370 0.021970 0.148801
v -0.004370 0.021970 0.149761
v -0.004370 0.021970 0.153001
v -0.004370 0.021970 0.153961
v -0.004365 0.033156 0.003558
v -0.004375 0.033231 0.002018
v -0.004362 -0.033135 0.119276
v -0.004361 -0.033128 0.123586
v -0.004362 0.033135 0.119276
v -0.004361 0.033128 0.123586
v -0.004346 -0.021848 0.137741
v -0.004346 0.021848 0.137741
v -0.004318 -0.021709 0.138552
v -0.004318 0.021709 0.138552
v -0.004305 -0.032703 0.121234
v -0.004305 0.032703 0.121234
v -0.004290 -0.032589 0.125396
v -0.004290 0.032589 0.125396
v -0.004277 -0.032489 0.002956
v -0.004277 0.032489 0.002956
v -0.004273 -0.001770 0.002071
v -0.004273 -0.001770 0.003271
v -0.004273 0.001770 0.002071
v -0.004273 0.001770 0.003271
v -0.004264 -0.032392 0.001418
v -0.004264 0.032392 0.001418
v -0.004251 -0.021370 0.138737
v -0.004251 0.021370 0.138737
v -0.004245 -0.032241 0.123106
v -0.004245 0.032241 0.123106
v -0.004229 -0.021259 0.137924
v -0.004229 0.021259 0.137924
v -0.004215 -0.032019 0.127107
v -0.004223 -0.005504 0.001895
v -0.004223 -0.005504 0.003095
v -0.004223 0.005504 0.001895
v -0.004223 0.005504 0.003095
v -0.004215 0.032019 0.127107
v -0.004192 -0.021073 0.138986
v -0.004190 -0.015636 0.000823
v -0.004190 -0.015636 0.002023
v -0.004190 0.015636 0.000823
v -0.004190 0.015636 0.002023
v -0.004192 0.021073 0.138986
v -0.004181 -0.031759 0.002434
v -0.004180 -0.031748 0.124886
v -0.004180 0.031748 0.124886
v -0.004181 0.031759 0.002434
v -0.004146 -0.031492 0.000916
v -0.004148 -0.002046 0.002071
v -0.004148 -0.002046 0.003271
v -0.004148 0.002046 0.002071
v -0.004148 0.002046 0.003271
v -0.004146 0.031492 0.000916
v -0.004137 -0.031420 0.128713
v -0.004143 -0.020829 0.139289
v -0.004143 0.020829 0.139289
v -0.004137 0.031420 0.128713
v -0.004121 -0.020716 0.138219
v -0.004121 0.020716 0.138219
v -0.004111 -0.031226 0.126570
v -0.004107 -0.020648 0.139635
v -0.004107 0.020648 0.139635
v -0.004111 0.031226 0.126570
v -0.004091 -0.008296 0.001665
v -0.004091 -0.008296 0.002865
v -0.004091 0.008296 0.001665
v -0.004091 0.008296 0.002865
v -0.004078 -0.030975 0.001997
v -0.004085 -0.020536 0.140010
v -0.004077 -0.020498 0.140400
v -0.004077 -0.020498 0.141900
v -0.004077 -0.020498 0.145100
v -0.004077 -0.020498 0.163400
v -0.004077 0.020498 0.140400
v -0.004077 0.020498 0.141900
v -0.004077 0.020498 0.145100
v -0.004077 0.020498 0.163400
v -0.004085 0.020536 0.140010
v -0.004078 0.030975 0.001997
v -0.004068 -0.020454 0.163630
v -0.004068 0.020454 0.163630
v -0.004060 -0.020413 0.000325
v -0.004060 -0.020413 0.001525
v -0.004060 0.020413 0.000325
v -0.004060 0.020413 0.001525
v -0.004054 -0.030794 0.130211
v -0.004054 0.030794 0.130211
v -0.004039 -0.030678 0.128150
v -0.004043 -0.020326 0.163824
v -0.004043 0.020326 0.163824
v -0.004039 0.030678 0.128150
v -0.004026 -0.020241 0.138617
v -0.004026 0.020241 0.138617
v -0.004021 -0.030542 0.000519
v -0.004019 -0.020204 0.149919
v -0.004019 -0.020204 0.152319
v -0.004019 -0.020204 0.154119
v -0.004019 -0.020204 0.156519
v -0.004019 0.020204 0.148081
v -0.004019 0.020204 0.150481
v -0.004019 0.020204 0.152281
v -0.004019 0.020204 0.154681
v -0.004021 0.030542 0.000519
v -0.004005 -0.020135 0.163954
v -0.004005 -0.002313 0.002071
v -0.004005 -0.002313 0.003271
v -0.004005 0.002313 0.002071
v -0.004005 0.002313 0.003271
v -0.004005 0.020135 0.163954
v -0.003969 -0.030149 0.001652
v -0.003968 -0.030142 0.131595
v -0.003968 0.030142 0.131595
v -0.003969 0.030149 0.001652
v -0.003963 -0.030105 0.129624
v -0.003960 -0.019910 0.164000
v -0.003960 0.019910 0.164000
v -0.003963 0.030105 0.129624
v -0.003948 -0.019850 0.139102
v -0.003948 0.019850 0.139102
v -0.003891 -0.029553 0.000232
v -0.003891 -0.019560 0.139655
v -0.003891 0.019560 0.139655
v -0.003891 0.029553 0.000232
v -0.003885 -0.029509 0.130985
v -0.003879 -0.029466 0.132860
v -0.003879 0.029466 0.132860
v -0.003885 0.029509 0.130985
v -0.003856 -0.029289 0.001402
v -0.003855 -0.019382 0.140256
v -0.003855 0.019382 0.140256
v -0.003856 0.029289 0.001402
v -0.003854 -0.005768 0.001895
v -0.003854 -0.005768 0.003095
v -0.003846 -0.002570 0.002071
v -0.003846 -0.002570 0.003271
v -0.003846 0.002570 0.002071
v -0.003846 0.002570 0.003271
v -0.003854 0.005768 0.001895
v -0.003854 0.005768 0.003095
v -0.003843 -0.019321 0.140880
v -0.003843 -0.019321 0.164480
v -0.003843 0.019321 0.140880
v -0.003843 0.019321 0.164480
v -0.003804 -0.028891 0.132230
v -0.003804 0.028891 0.132230
v -0.003788 -0.028770 0.134003
v -0.003788 0.028770 0.134003
v -0.003757 -0.028539 0.000058
v -0.003757 0.028539 0.000058
v -0.003740 -0.028406 0.001251
v -0.003740 0.028406 0.001251
v -0.003720 -0.028253 0.133354
v -0.003717 -0.010949 0.001397
v -0.003717 -0.010949 0.002597
v -0.003717 0.010949 0.001397
v -0.003717 0.010949 0.002597
v -0.003720 0.028253 0.133354
v -0.003693 -0.028054 0.135020
v -0.003693 0.028054 0.135020
v -0.003669 -0.002816 0.002071
v -0.003669 -0.002816 0.003271
v -0.003669 0.002816 0.002071
v -0.003669 0.002816 0.003271
v -0.003633 -0.027598 0.134355
v -0.003633 0.027598 0.134355
v -0.003622 -0.027513 0.000000
v -0.003622 -0.027513 0.001200
v -0.003622 0.027513 0.000000
v -0.003622 0.027513 0.001200
v -0.003609 -0.018145 0.000555
v -0.003609 -0.018145 0.001755
v -0.003609 0.018145 0.000555
v -0.003609 0.018145 0.001755
v -0.003597 -0.027321 0.135908
v -0.003597 0.027321 0.135908
v -0.003591 -0.013402 0.001110
v -0.003591 -0.013402 0.002310
v -0.003591 0.013402 0.001110
v -0.003591 0.013402 0.002310
v -0.003545 -0.026928 0.135229
v -0.003545 0.026928 0.135229
v -0.003540 -0.008546 0.001665
v -0.003540 -0.008546 0.002865
v -0.003540 0.008546 0.001665
v -0.003540 0.008546 0.002865
v -0.003499 -0.026574 0.136665
v -0.003499 0.026574 0.136665
v -0.003477 -0.003049 0.002071
v -0.003477 -0.003049 0.003271
v -0.003477 0.003049 0.002071
v -0.003477 0.003049 0.003271
v -0.003469 -0.006008 0.001895
v -0.003469 -0.006008 0.003095
v -0.003469 0.006008 0.001895
v -0.003469 0.006008 0.003095
v -0.003455 -0.026245 0.135973
v -0.003455 0.026245 0.135973
v -0.003399 -0.025815 0.137287
v -0.003399 0.025815 0.137287
v -0.003364 -0.025550 0.136585
v -0.003364 0.025550 0.136585
v -0.003320 -0.025220 0.000038
v -0.003320 -0.025220 0.001238
v -0.003320 0.025220 0.000038
v -0.003320 0.025220 0.001238
v -0.003297 -0.025046 0.137773
v -0.003297 0.025046 0.137773
v -0.003271 -0.024846 0.137063
v -0.003270 -0.003270 0.002071
v -0.003270 -0.003270 0.003271
v -0.003270 0.003270 0.002071
v -0.003270 0.003270 0.003271
v -0.003271 0.024846 0.137063
v -0.003195 -0.024269 0.138121
v -0.003195 0.024269 0.138121
v -0.003178 -0.024136 0.137405
v -0.003178 0.024136 0.137405
v -0.003158 -0.015876 0.000823
v -0.003158 -0.015876 0.002023
v -0.003158 0.015876 0.000823
v -0.003158 0.015876 0.002023
v -0.003120 -0.023696 0.142900
v -0.003120 -0.023696 0.144100
v -0.003120 0.023696 0.142900
v -0.003120 0.023696 0.144100
v -0.003113 -0.023647 0.142591
v -0.003113 -0.023647 0.144409
v -0.003113 0.023647 0.142591
v -0.003113 0.023647 0.144409
v -0.003095 -0.023506 0.142312
v -0.003095 -0.023506 0.144688
v -0.003092 -0.023488 0.138330
v -0.003092 0.023488 0.138330
v -0.003095 0.023506 0.142312
v -0.003095 0.023506 0.144688
v -0.003083 -0.023421 0.137611
v -0.003083 0.023421 0.137611
v -0.003066 -0.023287 0.142091
v -0.003066 -0.023287 0.144909
v -0.003068 -0.006222 0.001895
v -0.003068 -0.006222 0.003095
v -0.003068 0.006222 0.001895
v -0.003068 0.006222 0.003095
v -0.003066 0.023287 0.142091
v -0.003066 0.023287 0.144909
v -0.003049 -0.003477 0.002071
v -0.003049 -0.003477 0.003271
v -0.003049 0.003477 0.002071
v -0.003049 0.003477 0.003271
v -0.003029 -0.023010 0.141949
v -0.003029 -0.023010 0.145051
v -0.003029 0.023010 0.141949
v -0.003029 0.023010 0.145051
v -0.003018 -0.022927 0.000149
v -0.003018 -0.022927 0.001349
v -0.003018 0.022927 0.000149
v -0.003018 0.022927 0.001349
v -0.002989 -0.022704 0.137680
v -0.002989 -0.022704 0.138400
v -0.002989 -0.022704 0.141900
v -0.002989 -0.022704 0.145100
v -0.002993 -0.011169 0.001397
v -0.002993 -0.011169 0.002597
v -0.002993 0.011169 0.001397
v -0.002993 0.011169 0.002597
v -0.002989 0.022704 0.137680
v -0.002989 0.022704 0.138400
v -0.002989 0.022704 0.141900
v -0.002989 0.022704 0.145100
v -0.002973 -0.008759 0.001665
v -0.002973 -0.008759 0.002865
v -0.002973 0.008759 0.001665
v -0.002973 0.008759 0.002865
v -0.002938 -0.022317 0.138438
v -0.002938 0.022317 0.138438
v -0.002908 -0.022085 0.137741
v -0.002908 0.022085 0.137741
v -0.002889 -0.021945 0.138552
v -0.002889 0.021945 0.138552
v -0.002844 -0.021602 0.138737
v -0.002844 0.021602 0.138737
v -0.002829 -0.021490 0.137924
v -0.002829 0.021490 0.137924
v -0.002816 -0.003669 0.002071
v -0.002816 -0.003669 0.003271
v -0.002816 0.003669 0.002071
v -0.002816 0.003669 0.003271
v -0.002804 -0.021302 0.138986
v -0.002804 0.021302 0.138986
v -0.002772 -0.021055 0.139289
v -0.002772 0.021055 0.139289
v -0.002757 -0.020941 0.138219
v -0.002757 0.020941 0.138219
v -0.002748 -0.020872 0.139635
v -0.002748 0.020872 0.139635
v -0.002733 -0.020759 0.140010
v -0.002728 -0.020721 0.140400
v -0.002728 -0.020721 0.141900
v -0.002728 -0.020721 0.145100
v -0.002728 -0.020721 0.163400
v -0.002728 0.020721 0.140400
v -0.002728 0.020721 0.141900
v -0.002728 0.020721 0.145100
v -0.002728 0.020721 0.163400
v -0.002733 0.020759 0.140010
v -0.002722 -0.020676 0.163630
v -0.002717 -0.020634 0.000325
v -0.002717 -0.020634 0.001525
v -0.002717 0.020634 0.000325
v -0.002717 0.020634 0.001525
v -0.002722 0.020676 0.163630
v -0.002705 -0.020547 0.163824
v -0.002707 -0.013608 0.001110
v -0.002707 -0.013608 0.002310
v -0.002707 0.013608 0.001110
v -0.002707 0.013608 0.002310
v -0.002705 0.020547 0.163824
v -0.002694 -0.020461 0.138617
v -0.002694 0.020461 0.138617
v -0.002680 -0.020354 0.163954
v -0.002680 0.020354 0.163954
v -0.002650 -0.020126 0.164000
v -0.002655 -0.006409 0.001895
v -0.002655 -0.006409 0.003095
v -0.002655 0.006409 0.001895
v -0.002655 0.006409 0.003095
v -0.002650 0.020126 0.164000
v -0.002642 -0.020066 0.139102
v -0.002642 0.020066 0.139102
v -0.002603 -0.019773 0.139655
v -0.002603 0.019773 0.139655
v -0.002579 -0.019592 0.140256
v -0.002579 0.019592 0.140256
v -0.002571 -0.019531 0.140880
v -0.002571 -0.019531 0.164480
v -0.002570 -0.003846 0.002071
v -0.002570 -0.003846 0.003271
v -0.002570 0.003846 0.002071
v -0.002570 0.003846 0.003271
v -0.002571 0.019531 0.140880
v -0.002571 0.019531 0.164480
v -0.002420 -0.036921 0.009250
v -0.002420 -0.036921 0.047000
v -0.002420 -0.036921 0.094000
v -0.002418 -0.036899 0.096490
v -0.002416 -0.036863 0.008214
v -0.002416 0.036863 0.008214
v -0.002418 0.036899 0.096490
v -0.002420 0.036921 0.009250
v -0.002420 0.036921 0.047000
v -0.002420 0.036921 0.094000
v -0.002414 -0.036832 0.098971
v -0.002407 -0.036722 0.101437
v -0.002415 -0.018342 0.000555
v -0.002415 -0.018342 0.001755
v -0.002415 0.018342 0.000555
v -0.002415 0.018342 0.001755
v -0.002407 0.036722 0.101437
v -0.002414 0.036832 0.098971
v -0.002405 -0.036689 0.007192
v -0.002397 -0.036568 0.103880
v -0.002397 0.036568 0.103880
v -0.002405 0.036689 0.007192
v -0.002386 -0.036403 0.006195
v -0.002394 -0.008935 0.001665
v -0.002394 -0.008935 0.002865
v -0.002394 0.008935 0.001665
v -0.002394 0.008935 0.002865
v -0.002386 0.036403 0.006195
v -0.002384 -0.036371 0.106291
v -0.002384 0.036371 0.106291
v -0.002368 -0.036131 0.108664
v -0.002368 0.036131 0.108664
v -0.002360 -0.036007 0.005237
v -0.002360 0.036007 0.005237
v -0.002350 -0.035850 0.110991
v -0.002350 0.035850 0.110991
v -0.002341 -0.035723 0.009250
v -0.002341 -0.035723 0.047000
v -0.002341 -0.035723 0.094000
v -0.002340 -0.035703 0.096449
v -0.002338 -0.035673 0.008349
v -0.002336 -0.035642 0.098891
v -0.002336 0.035642 0.098891
v -0.002338 0.035673 0.008349
v -0.002340 0.035703 0.096449
v -0.002341 0.035723 0.009250
v -0.002341 0.035723 0.047000
v -0.002341 0.035723 0.094000
v -0.002330 -0.035541 0.101317
v -0.002329 -0.035527 0.113264
v -0.002328 -0.035522 0.007459
v -0.002327 -0.035506 0.004329
v -0.002327 0.035506 0.004329
v -0.002328 0.035522 0.007459
v -0.002329 0.035527 0.113264
v -0.002330 0.035541 0.101317
v -0.002320 -0.035401 0.103720
v -0.002320 0.035401 0.103720
v -0.002312 -0.035273 0.006591
v -0.002308 -0.035220 0.106092
v -0.002313 -0.004005 0.002071
v -0.002313 -0.004005 0.003271
v -0.002308 -0.000151 0.002182
v -0.002308 -0.000151 0.003382
v -0.002313 0.000000 0.002182
v -0.002313 0.000000 0.003382
v -0.002308 0.000151 0.002182
v -0.002308 0.000151 0.003382
v -0.002313 0.004005 0.002071
v -0.002313 0.004005 0.003271
v -0.002308 0.035220 0.106092
v -0.002312 0.035273 0.006591
v -0.002305 -0.035165 0.115477
v -0.002305 0.035165 0.115477
v -0.002294 -0.035001 0.108427
v -0.002289 -0.034928 0.005757
v -0.002288 -0.034907 0.003483
v -0.002293 -0.000302 0.002182
v -0.002293 -0.000302 0.003382
v -0.002293 0.000302 0.002182
v -0.002293 0.000302 0.003382
v -0.002288 0.034907 0.003483
v -0.002289 0.034928 0.005757
v -0.002294 0.035001 0.108427
v -0.002279 -0.034764 0.117622
v -0.002277 -0.034743 0.110716
v -0.002277 0.034743 0.110716
v -0.002279 0.034764 0.117622
v -0.002268 -0.000451 0.002182
v -0.002268 -0.000451 0.003382
v -0.002268 0.000451 0.002182
v -0.002268 0.000451 0.003382
v -0.002261 -0.034492 0.004967
v -0.002258 -0.034449 0.112952
v -0.002256 -0.011340 0.001397
v -0.002256 -0.011340 0.002597
v -0.002256 0.011340 0.001397
v -0.002256 0.011340 0.002597
v -0.002258 0.034449 0.112952
v -0.002261 0.034492 0.004967
v -0.002250 -0.034326 0.119693
v -0.002250 0.034326 0.119693
v -0.002243 -0.034217 0.002709
v -0.002236 -0.034117 0.115129
v -0.002236 0.034117 0.115129
v -0.002243 0.034217 0.002709
v -0.002227 -0.033971 0.004231
v -0.002230 -0.006569 0.001895
v -0.002230 -0.006569 0.003095
v -0.002234 -0.000599 0.002182
v -0.002234 -0.000599 0.003382
v -0.002234 0.000599 0.002182
v -0.002234 0.000599 0.003382
v -0.002230 0.006569 0.001895
v -0.002230 0.006569 0.003095
v -0.002227 0.033971 0.004231
v -0.002219 -0.033851 0.121683
v -0.002219 0.033851 0.121683
v -0.002212 -0.033750 0.117239
v -0.002212 0.033750 0.117239
v -0.002196 -0.022292 0.150704
v -0.002196 -0.022292 0.151664
v -0.002196 -0.022292 0.154904
v -0.002196 -0.022292 0.155864
v -0.002196 0.022292 0.148736
v -0.002196 0.022292 0.149696
v -0.002196 0.022292 0.152936
v -0.002196 0.022292 0.153896
v -0.002192 -0.033446 0.002018
v -0.002187 -0.033371 0.003558
v -0.002186 -0.033349 0.119276
v -0.002185 -0.033342 0.123586
v -0.002190 -0.000743 0.002182
v -0.002190 -0.000743 0.003382
v -0.002190 0.000743 0.002182
v -0.002190 0.000743 0.003382
v -0.002185 0.033342 0.123586
v -0.002186 0.033349 0.119276
v -0.002187 0.033371 0.003558
v -0.002192 0.033446 0.002018
v -0.002157 -0.032915 0.121234
v -0.002157 0.032915 0.121234
v -0.002150 -0.032800 0.125396
v -0.002150 0.032800 0.125396
v -0.002143 -0.032699 0.002956
v -0.002137 -0.032601 0.001418
v -0.002136 -0.000885 0.002182
v -0.002136 -0.000885 0.003382
v -0.002136 0.000885 0.002182
v -0.002136 0.000885 0.003382
v -0.002137 0.032601 0.001418
v -0.002143 0.032699 0.002956
v -0.002127 -0.032449 0.123106
v -0.002127 0.032449 0.123106
v -0.002112 -0.032226 0.127107
v -0.002113 -0.016049 0.000823
v -0.002113 -0.016049 0.002023
v -0.002113 0.016049 0.000823
v -0.002113 0.016049 0.002023
v -0.002112 0.032226 0.127107
v -0.002095 -0.031964 0.002434
v -0.002095 0.031964 0.002434
v -0.002094 -0.031953 0.124886
v -0.002094 0.031953 0.124886
v -0.002077 -0.031695 0.000916
v -0.002077 0.031695 0.000916
v -0.002073 -0.031623 0.128713
v -0.002074 -0.001023 0.002182
v -0.002074 -0.001023 0.003382
v -0.002074 0.001023 0.002182
v -0.002074 0.001023 0.003382
v -0.002073 0.031623 0.128713
v -0.002060 -0.031428 0.126570
v -0.002060 0.031428 0.126570
v -0.002046 -0.004148 0.002071
v -0.002046 -0.004148 0.003271
v -0.002046 0.004148 0.002071
v -0.002046 0.004148 0.003271
v -0.002043 -0.031176 0.001997
v -0.002043 0.031176 0.001997
v -0.002031 -0.030993 0.130211
v -0.002031 0.030993 0.130211
v -0.002024 -0.030877 0.128150
v -0.002019 -0.020501 0.149984
v -0.002019 -0.020501 0.152384
v -0.002019 -0.020501 0.154184
v -0.002019 -0.020501 0.156584
v -0.002019 0.020501 0.148016
v -0.002019 0.020501 0.150416
v -0.002019 0.020501 0.152216
v -0.002019 0.020501 0.154616
v -0.002024 0.030877 0.128150
v -0.002015 -0.030739 0.000519
v -0.002015 0.030739 0.000519
v -0.002003 -0.001156 0.002182
v -0.002003 -0.001156 0.003382
v -0.002003 0.001156 0.002182
v -0.002003 0.001156 0.003382
v -0.001989 -0.030344 0.001652
v -0.001988 -0.030337 0.131595
v -0.001986 -0.030300 0.129624
v -0.001986 0.030300 0.129624
v -0.001989 0.030344 0.001652
v -0.001988 0.030337 0.131595
v -0.001950 -0.029744 0.000232
v -0.001947 -0.029699 0.130985
v -0.001947 0.029699 0.130985
v -0.001950 0.029744 0.000232
v -0.001944 -0.029657 0.132860
v -0.001944 0.029657 0.132860
v -0.001932 -0.029478 0.001402
v -0.001932 0.029478 0.001402
v -0.001923 -0.001285 0.002182
v -0.001923 -0.001285 0.003382
v -0.001923 0.001285 0.002182
v -0.001923 0.001285 0.003382
v -0.001906 -0.029078 0.132230
v -0.001906 0.029078 0.132230
v -0.001898 -0.028956 0.134003
v -0.001898 0.028956 0.134003
v -0.001883 -0.028724 0.000058
v -0.001883 0.028724 0.000058
v -0.001874 -0.028590 0.001251
v -0.001874 0.028590 0.001251
v -0.001864 -0.028436 0.133354
v -0.001864 0.028436 0.133354
v -0.001851 -0.028235 0.135020
v -0.001851 0.028235 0.135020
v -0.001835 -0.001408 0.002182
v -0.001835 -0.001408 0.003382
v -0.001835 0.001408 0.002182
v -0.001835 0.001408 0.003382
v -0.001821 -0.027777 0.134355
v -0.001821 0.027777 0.134355
v -0.001815 -0.027691 0.000000
v -0.001815 -0.027691 0.001200
v -0.001811 -0.013756 0.001110
v -0.001811 -0.013756 0.002310
v -0.001811 0.013756 0.001110
v -0.001811 0.013756 0.002310
v -0.001815 0.027691 0.000000
v -0.001815 0.027691 0.001200
v -0.001802 -0.027498 0.135908
v -0.001805 -0.009072 0.001665
v -0.001805 -0.009072 0.002865
v -0.001796 -0.006701 0.001895
v -0.001796 -0.006701 0.003095
v -0.001796 0.006701 0.001895
v -0.001796 0.006701 0.003095
v -0.001805 0.009072 0.001665
v -0.001805 0.009072 0.002865
v -0.001802 0.027498 0.135908
v -0.001776 -0.027102 0.135229
v -0.001776 0.027102 0.135229
v -0.001770 -0.004273 0.002071
v -0.001770 -0.004273 0.003271
v -0.001770 0.004273 0.002071
v -0.001770 0.004273 0.003271
v -0.001753 -0.026746 0.136665
v -0.001753 0.026746 0.136665
v -0.001739 -0.001525 0.002182
v -0.001739 -0.001525 0.003382
v -0.001739 0.001525 0.002182
v -0.001739 0.001525 0.003382
v -0.001731 -0.026415 0.135973
v -0.001731 0.026415 0.135973
v -0.001703 -0.025982 0.137287
v -0.001703 0.025982 0.137287
v -0.001685 -0.025715 0.136585
v -0.001685 0.025715 0.136585
v -0.001664 -0.025383 0.000038
v -0.001664 -0.025383 0.001238
v -0.001664 0.025383 0.000038
v -0.001664 0.025383 0.001238
v -0.001652 -0.025208 0.137773
v -0.001652 0.025208 0.137773
v -0.001639 -0.025007 0.137063
v -0.001635 -0.001635 0.002182
v -0.001635 -0.001635 0.003382
v -0.001635 0.001635 0.002182
v -0.001635 0.001635 0.003382
v -0.001639 0.025007 0.137063
v -0.001601 -0.024426 0.138121
v -0.001601 0.024426 0.138121
v -0.001592 -0.024292 0.137405
v -0.001592 0.024292 0.137405
v -0.001563 -0.023849 0.142900
v -0.001563 -0.023849 0.144100
v -0.001560 -0.023800 0.142591
v -0.001560 -0.023800 0.144409
v -0.001560 0.023800 0.142591
v -0.001560 0.023800 0.144409
v -0.001563 0.023849 0.142900
v -0.001563 0.023849 0.144100
v -0.001551 -0.023658 0.142312
v -0.001551 -0.023658 0.144688
v -0.001549 -0.023640 0.138330
v -0.001545 -0.023573 0.137611
v -0.001545 0.023573 0.137611
v -0.001549 0.023640 0.138330
v -0.001551 0.023658 0.142312
v -0.001551 0.023658 0.144688
v -0.001536 -0.023437 0.142091
v -0.001536 -0.023437 0.144909
v -0.001536 0.023437 0.142091
v -0.001536 0.023437 0.144909
v -0.001518 -0.023159 0.141949
v -0.001518 -0.023159 0.145051
v -0.001525 -0.001739 0.002182
v -0.001525 -0.001739 0.003382
v -0.001525 0.001739 0.002182
v -0.001525 0.001739 0.003382
v -0.001518 0.023159 0.141949
v -0.001518 0.023159 0.145051
v -0.001512 -0.023075 0.000149
v -0.001512 -0.023075 0.001349
v -0.001509 -0.011464 0.001397
v -0.001509 -0.011464 0.002597
v -0.001509 0.011464 0.001397
v -0.001509 0.011464 0.002597
v -0.001512 0.023075 0.000149
v -0.001512 0.023075 0.001349
v -0.001498 -0.022851 0.137680
v -0.001498 -0.022851 0.138400
v -0.001498 -0.022851 0.141900
v -0.001498 -0.022851 0.145100
v -0.001498 0.022851 0.137680
v -0.001498 0.022851 0.138400
v -0.001498 0.022851 0.141900
v -0.001498 0.022851 0.145100
v -0.001487 -0.004380 0.002071
v -0.001487 -0.004380 0.003271
v -0.001487 0.004380 0.002071
v -0.001487 0.004380 0.003271
v -0.001472 -0.022462 0.138438
v -0.001472 0.022462 0.138438
v -0.001457 -0.022228 0.137741
v -0.001457 0.022228 0.137741
v -0.001448 -0.022087 0.138552
v -0.001448 0.022087 0.138552
v -0.001425 -0.021742 0.138737
v -0.001425 0.021742 0.138737
v -0.001418 -0.021629 0.137924
v -0.001418 0.021629 0.137924
v -0.001405 -0.021440 0.138986
v -0.001408 -0.001835 0.002182
v -0.001408 -0.001835 0.003382
v -0.001408 0.001835 0.002182
v -0.001408 0.001835 0.003382
v -0.001405 0.021440 0.138986
v -0.001389 -0.021192 0.139289
v -0.001389 0.021192 0.139289
v -0.001381 -0.021077 0.138219
v -0.001377 -0.021007 0.139635
v -0.001377 0.021007 0.139635
v -0.001381 0.021077 0.138219
v -0.001369 -0.020894 0.140010
v -0.001367 -0.020855 0.140400
v -0.001367 -0.020855 0.141900
v -0.001367 -0.020855 0.145100
v -0.001367 -0.020855 0.163400
v -0.001367 0.020855 0.140400
v -0.001367 0.020855 0.141900
v -0.001367 0.020855 0.145100
v -0.001367 0.020855 0.163400
v -0.001369 0.020894 0.140010
v -0.001364 -0.020810 0.163630
v -0.001361 -0.020768 0.000325
v -0.001361 -0.020768 0.001525
v -0.001355 -0.020680 0.163824
v -0.001355 0.020680 0.163824
v -0.001361 0.020768 0.000325
v -0.001361 0.020768 0.001525
v -0.001364 0.020810 0.163630
v -0.001350 -0.020593 0.138617
v -0.001353 -0.006804 0.001895
v -0.001353 -0.006804 0.003095
v -0.001353 0.006804 0.001895
v -0.001353 0.006804 0.003095
v -0.001350 0.020593 0.138617
v -0.001343 -0.020486 0.163954
v -0.001343 0.020486 0.163954
v -0.001328 -0.020257 0.164000
v -0.001328 0.020257 0.164000
v -0.001324 -0.020196 0.139102
v -0.001324 0.020196 0.139102
v -0.001304 -0.019901 0.139655
v -0.001304 0.019901 0.139655
v -0.001292 -0.019719 0.140256
v -0.001288 -0.019658 0.140880
v -0.001288 -0.019658 0.164480
v -0.001288 0.019658 0.140880
v -0.001288 0.019658 0.164480
v -0.001292 0.019719 0.140256
v -0.001285 -0.001923 0.002182
v -0.001285 -0.001923 0.003382
v -0.001285 0.001923 0.002182
v -0.001285 0.001923 0.003382
v -0.001210 -0.018460 0.000555
v -0.001210 -0.018460 0.001755
v -0.001207 -0.009171 0.001665
v -0.001207 -0.009171 0.002865
v -0.001207 0.009171 0.001665
v -0.001207 0.009171 0.002865
v -0.001210 0.018460 0.000555
v -0.001210 0.018460 0.001755
v -0.001197 -0.004467 0.002071
v -0.001197 -0.004467 0.003271
v -0.001197 0.004467 0.002071
v -0.001197 0.004467 0.003271
v -0.001156 -0.002003 0.002182
v -0.001156 -0.002003 0.003382
v -0.001156 0.002003 0.002182
v -0.001156 0.002003 0.003382
v -0.001059 -0.016153 0.000823
v -0.001059 -0.016153 0.002023
v -0.001059 0.016153 0.000823
v -0.001059 0.016153 0.002023
v -0.001023 -0.002074 0.002182
v -0.001023 -0.002074 0.003382
v -0.001023 0.002074 0.002182
v -0.001023 0.002074 0.003382
v -0.000907 -0.013845 0.001110
v -0.000907 -0.013845 0.002310
v -0.000906 -0.006878 0.001895
v -0.000906 -0.006878 0.003095
v -0.000906 0.006878 0.001895
v -0.000906 0.006878 0.003095
v -0.000907 0.013845 0.001110
v -0.000907 0.013845 0.002310
v -0.000902 -0.004536 0.002071
v -0.000902 -0.004536 0.003271
v -0.000902 0.004536 0.002071
v -0.000902 0.004536 0.003271
v -0.000885 -0.002136 0.002182
v -0.000885 -0.002136 0.003382
v -0.000885 0.002136 0.002182
v -0.000885 0.002136 0.003382
v -0.000756 -0.011538 0.001397
v -0.000756 -0.011538 0.002597
v -0.000756 0.011538 0.001397
v -0.000756 0.011538 0.002597
v -0.000743 -0.002190 0.002182
v -0.000743 -0.002190 0.003382
v -0.000743 0.002190 0.002182
v -0.000743 0.002190 0.003382
v -0.000605 -0.009230 0.001665
v -0.000605 -0.009230 0.002865
v -0.000604 -0.004585 0.002071
v -0.000604 -0.004585 0.003271
v -0.000599 -0.002234 0.002182
v -0.000599 -0.002234 0.003382
v -0.000599 0.002234 0.002182
v -0.000599 0.002234 0.003382
v -0.000604 0.004585 0.002071
v -0.000604 0.004585 0.003271
v -0.000605 0.009230 0.001665
v -0.000605 0.009230 0.002865
v -0.000454 -0.006923 0.001895
v -0.000454 -0.006923 0.003095
v -0.000451 -0.002268 0.002182
v -0.000451 -0.002268 0.003382
v -0.000451 0.002268 0.002182
v -0.000451 0.002268 0.003382
v -0.000454 0.006923 0.001895
v -0.000454 0.006923 0.003095
v -0.000302 -0.004615 0.002071
v -0.000302 -0.004615 0.003271
v -0.000302 -0.002293 0.002182
v -0.000302 -0.002293 0.003382
v -0.000302 0.002293 0.002182
v -0.000302 0.002293 0.003382
v -0.000302 0.004615 0.002071
v -0.000302 0.004615 0.003271
v -0.000151 -0.002308 0.002182
v -0.000151 -0.002308 0.003382
v -0.000151 0.002308 0.002182
v -0.000151 0.002308 0.003382
v -0.000000 -0.037000 0.009250
v -0.000000 -0.037000 0.047000
v -0.000000 -0.037000 0.094000
v -0.000000 -0.036978 0.096490
v -0.000000 -0.036942 0.008214
v -0.000000 -0.036911 0.098971
v -0.000000 -0.036801 0.101437
v -0.000000 -0.036768 0.007192
v -0.000000 -0.036646 0.103880
v -0.000000 -0.036481 0.006195
v -0.000000 -0.036449 0.106291
v -0.000000 -0.036209 0.108664
v -0.000000 -0.036084 0.005237
v -0.000000 -0.035927 0.110991
v -0.000000 -0.035800 0.009250
v -0.000000 -0.035800 0.047000
v -0.000000 -0.035800 0.094000
v -0.000000 -0.035780 0.096449
v -0.000000 -0.035749 0.008349
v -0.000000 -0.035719 0.098891
v -0.000000 -0.035618 0.101317
v -0.000000 -0.035598 0.007459
v -0.000000 -0.035604 0.113264
v -0.000000 -0.035582 0.004329
v -0.000000 -0.035477 0.103720
v -0.000000 -0.035348 0.006591
v -0.000000 -0.035296 0.106092
v -0.000000 -0.035241 0.115477
v -0.000000 -0.035076 0.108427
v -0.000000 -0.035003 0.005757
v -0.000000 -0.034982 0.003483
v -0.000000 -0.034839 0.117622
v -0.000000 -0.034818 0.110716
v -0.000000 -0.034566 0.004967
v -0.000000 -0.034522 0.112952
v -0.000000 -0.034399 0.119693
v -0.000000 -0.034291 0.002709
v -0.000000 -0.034190 0.115129
v -0.000000 -0.034044 0.004231
v -0.000000 -0.033924 0.121683
v -0.000000 -0.033823 0.117239
v -0.000000 -0.033517 0.002018
v -0.000000 -0.033442 0.003558
v -0.000000 -0.033421 0.119276
v -0.000000 -0.033414 0.123586
v -0.000000 -0.032986 0.121234
v -0.000000 -0.032870 0.125396
v -0.000000 -0.032769 0.002956
v -0.000000 -0.032671 0.001418
v -0.000000 -0.032519 0.123106
v -0.000000 -0.032295 0.127107
v -0.000000 -0.032033 0.002434
v -0.000000 -0.032022 0.124886
v -0.000000 -0.031763 0.000916
v -0.000000 -0.031691 0.128713
v -0.000000 -0.031496 0.126570
v -0.000000 -0.031243 0.001997
v -0.000000 -0.031059 0.130211
v -0.000000 -0.030943 0.128150
v -0.000000 -0.030805 0.000519
v -0.000000 -0.030409 0.001652
v -0.000000 -0.030402 0.131595
v -0.000000 -0.030365 0.129624
v -0.000000 -0.029808 0.000232
v -0.000000 -0.029763 0.130985
v -0.000000 -0.029720 0.132860
v -0.000000 -0.029541 0.001402
v -0.000000 -0.029140 0.132230
v -0.000000 -0.029018 0.134003
v -0.000000 -0.028786 0.000058
v -0.000000 -0.028651 0.001251
v -0.000000 -0.028497 0.133354
v -0.000000 -0.028296 0.135020
v -0.000000 -0.027837 0.134355
v -0.000000 -0.027750 0.000000
v -0.000000 -0.027750 0.001200
v -0.000000 -0.027557 0.135908
v -0.000000 -0.027161 0.135229
v -0.000000 -0.026803 0.136665
v -0.000000 -0.026471 0.135973
v -0.000000 -0.026038 0.137287
v -0.000000 -0.025771 0.136585
v -0.000000 -0.025438 0.000038
v -0.000000 -0.025438 0.001238
v -0.000000 -0.025262 0.137773
v -0.000000 -0.025061 0.137063
v -0.000000 -0.024479 0.138121
v -0.000000 -0.024344 0.137405
v -0.000000 -0.023900 0.142900
v -0.000000 -0.023900 0.144100
v -0.000000 -0.023851 0.142591
v -0.000000 -0.023851 0.144409
v -0.000000 -0.023709 0.142312
v -0.000000 -0.023709 0.144688
v -0.000000 -0.023691 0.138330
v -0.000000 -0.023623 0.137611
v -0.000000 -0.023488 0.142091
v -0.000000 -0.023488 0.144909
v -0.000000 -0.023209 0.141949
v -0.000000 -0.023209 0.145051
v -0.000000 -0.023125 0.000149
v -0.000000 -0.023125 0.001349
v -0.000000 -0.022900 0.137680
v -0.000000 -0.022900 0.138400
v -0.000000 -0.022900 0.141900
v -0.000000 -0.022900 0.145100
v -0.000000 -0.022510 0.138438
v -0.000000 -0.022400 0.150770
v -0.000000 -0.022400 0.151730
v -0.000000 -0.022400 0.154970
v -0.000000 -0.022400 0.155930
v -0.000000 -0.022276 0.137741
v -0.000000 -0.022135 0.138552
v -0.000000 -0.021789 0.138737
v -0.000000 -0.021675 0.137924
v -0.000000 -0.021486 0.138986
v -0.000000 -0.021237 0.139289
v -0.000000 -0.021122 0.138219
v -0.000000 -0.021052 0.139635
v -0.000000 -0.020938 0.140010
v -0.000000 -0.020900 0.140400
v -0.000000 -0.020900 0.141900
v -0.000000 -0.020900 0.145100
v -0.000000 -0.020900 0.163400
v -0.000000 -0.020854 0.163630
v -0.000000 -0.020813 0.000325
v -0.000000 -0.020813 0.001525
v -0.000000 -0.020724 0.163824
v -0.000000 -0.020637 0.138617
v -0.000000 -0.020600 0.150050
v -0.000000 -0.020600 0.152450
v -0.000000 -0.020600 0.154250
v -0.000000 -0.020600 0.156650
v -0.000000 -0.020530 0.163954
v -0.000000 -0.020300 0.164000
v -0.000000 -0.020239 0.139102
v -0.000000 -0.019944 0.139655
v -0.000000 -0.019761 0.140256
v -0.000000 -0.019700 0.140880
v -0.000000 -0.019700 0.164480
v -0.000000 -0.018500 0.000555
v -0.000000 -0.018500 0.001755
v -0.000000 -0.016188 0.000823
v -0.000000 -0.016188 0.002023
v -0.000000 -0.013875 0.001110
v -0.000000 -0.013875 0.002310
v -0.000000 -0.011563 0.001397
v -0.000000 -0.011563 0.002597
v -0.000000 -0.009250 0.001665
v -0.000000 -0.009250 0.002865
v -0.000000 -0.006938 0.001895
v -0.000000 -0.006938 0.003095
v -0.000000 -0.004625 0.002071
v -0.000000 -0.004625 0.003271
v -0.000000 -0.002313 0.002182
v -0.000000 -0.002313 0.003382
v 0.000000 0.000000 0.002220
v 0.000000 0.000000 0.003420
v 0.000000 0.002313 0.002182
v 0.000000 0.002313 0.003382
v 0.000000 0.004625 0.002071
v 0.000000 0.004625 0.003271
v 0.000000 0.006938 0.001895
v 0.000000 0.006938 0.003095
v 0.000000 0.009250 0.001665
v 0.000000 0.009250 0.002865
v 0.000000 0.011563 0.001397
v 0.000000 0.011563 0.002597
v 0.000000 0.013875 0.001110
v 0.000000 0.013875 0.002310
v 0.000000 0.016188 0.000823
v 0.000000 0.016188 0.002023
v 0.000000 0.018500 0.000555
v 0.000000 0.018500 0.001755
v 0.000000 0.019700 0.140880
v 0.000000 0.019700 0.164480
v 0.000000 0.019761 0.140256
v 0.000000 0.019944 0.139655
v 0.000000 0.020239 0.139102
v 0.000000 0.020300 0.164000
v 0.000000 0.020530 0.163954
v 0.000000 0.020600 0.147950
v 0.000000 0.020600 0.150350
v 0.000000 0.020600 0.152150
v 0.000000 0.020600 0.154550
v 0.000000 0.020637 0.138617
v 0.000000 0.020724 0.163824
v 0.000000 0.020813 0.000325
v 0.000000 0.020813 0.001525
v 0.000000 0.020854 0.163630
v 0.000000 0.020900 0.140400
v 0.000000 0.020900 0.141900
v 0.000000 0.020900 0.145100
v 0.000000 0.020900 0.163400
v 0.000000 0.020938 0.140010
v 0.000000 0.021052 0.139635
v 0.000000 0.021122 0.138219
v 0.000000 0.021237 0.139289
v 0.000000 0.021486 0.138986
v 0.000000 0.021675 0.137924
v 0.000000 0.021789 0.138737
v 0.000000 0.022135 0.138552
v 0.000000 0.022276 0.137741
v 0.000000 0.022400 0.148670
v 0.000000 0.022400 0.149630
v 0.000000 0.022400 0.152870
v 0.000000 0.022400 0.153830
v 0.000000 0.022510 0.138438
v 0.000000 0.022900 0.137680
v 0.000000 0.022900 0.138400
v 0.000000 0.022900 0.141900
v 0.000000 0.022900 0.145100
v 0.000000 0.023125 0.000149
v 0.000000 0.023125 0.001349
v 0.000000 0.023209 0.141949
v 0.000000 0.023209 0.145051
v 0.000000 0.023488 0.142091
v 0.000000 0.023488 0.144909
v 0.000000 0.023623 0.137611
v 0.000000 0.023691 0.138330
v 0.000000 0.023709 0.142312
v 0.000000 0.023709 0.144688
v 0.000000 0.023851 0.142591
v 0.000000 0.023851 0.144409
v 0.000000 0.023900 0.142900
v 0.000000 0.023900 0.144100
v 0.000000 0.024344 0.137405
v 0.000000 0.024479 0.138121
v 0.000000 0.025061 0.137063
v 0.000000 0.025262 0.137773
v 0.000000 0.025438 0.000038
v 0.000000 0.025438 0.001238
v 0.000000 0.025771 0.136585
v 0.000000 0.026038 0.137287
v 0.000000 0.026471 0.135973
v 0.000000 0.026803 0.136665
v 0.000000 0.027161 0.135229
v 0.000000 0.027557 0.135908
v 0.000000 0.027750 0.000000
v 0.000000 0.027750 0.001200
v 0.000000 0.027837 0.134355
v 0.000000 0.028296 0.135020
v 0.000000 0.028497 0.133354
v 0.000000 0.028651 0.001251
v 0.000000 0.028786 0.000058
v 0.000000 0.029018 0.134003
v 0.000000 0.029140 0.132230
v 0.000000 0.029541 0.001402
v 0.000000 0.029720 0.132860
v 0.000000 0.029763 0.130985
v 0.000000 0.029808 0.000232
v 0.000000 0.030365 0.129624
v 0.000000 0.030402 0.131595
v 0.000000 0.030409 0.001652
v 0.000000 0.030805 0.000519
v 0.000000 0.030943 0.128150
v 0.000000 0.031059 0.130211
v 0.000000 0.031243 0.001997
v 0.000000 0.031496 0.126570
v 0.000000 0.031691 0.128713
v 0.000000 0.031763 0.000916
v 0.000000 0.032022 0.124886
v 0.000000 0.032033 0.002434
v 0.000000 0.032295 0.127107
v 0.000000 0.032519 0.123106
v 0.000000 0.032671 0.001418
v 0.000000 0.032769 0.002956
v 0.000000 0.032870 0.125396
v 0.000000 0.032986 0.121234
v 0.000000 0.033414 0.123586
v 0.000000 0.033421 0.119276
v 0.000000 0.033442 0.003558
v 0.000000 0.033517 0.002018
v 0.000000 0.033823 0.117239
v 0.000000 0.033924 0.121683
v 0.000000 0.034044 0.004231
v 0.000000 0.034190 0.115129
v 0.000000 0.034291 0.002709
v 0.000000 0.034399 0.119693
v 0.000000 0.034522 0.112952
v 0.000000 0.034566 0.004967
v 0.000000 0.034818 0.110716
v 0.000000 0.034839 0.117622
v 0.000000 0.034982 0.003483
v 0.000000 0.035003 0.005757
v 0.000000 0.035076 0.108427
v 0.000000 0.035241 0.115477
v 0.000000 0.035296 0.106092
v 0.000000 0.035348 0.006591
v 0.000000 0.035477 0.103720
v 0.000000 0.035582 0.004329
v 0.000000 0.035598 0.007459
v 0.000000 0.035604 0.113264
v 0.000000 0.035618 0.101317
v 0.000000 0.035719 0.098891
v 0.000000 0.035749 0.008349
v 0.000000 0.035780 0.096449
v 0.000000 0.035800 0.009250
v 0.000000 0.035800 0.047000
v 0.000000 0.035800 0.094000
v 0.000000 0.035927 0.110991
v 0.000000 0.036084 0.005237
v 0.000000 0.036209 0.108664
v 0.000000 0.036449 0.106291
v 0.000000 0.036481 0.006195
v 0.000000 0.036646 0.103880
v 0.000000 0.036768 0.007192
v 0.000000 0.036801 0.101437
v 0.000000 0.036911 0.098971
v 0.000000 0.036942 0.008214
v 0.000000 0.036978 0.096490
v 0.000000 0.037000 0.009250
v 0.000000 0.037000 0.047000
v 0.000000 0.037000 0.094000
v 0.000151 -0.002308 0.002182
v 0.000151 -0.002308 0.003382
v 0.000151 0.002308 0.002182
v 0.000151 0.002308 0.003382
v 0.000302 -0.004615 0.002071
v 0.000302 -0.004615 0.003271
v 0.000302 -0.002293 0.002182
v 0.000302 -0.002293 0.003382
v 0.000302 0.002293 0.002182
v 0.000302 0.002293 0.003382
v 0.000302 0.004615 0.002071
v 0.000302 0.004615 0.003271
v 0.000454 -0.006923 0.001895
v 0.000454 -0.006923 0.003095
v 0.000451 -0.002268 0.002182
v 0.000451 -0.002268 0.003382
v 0.000451 0.002268 0.002182
v 0.000451 0.002268 0.003382
v 0.000454 0.006923 0.001895
v 0.000454 0.006923 0.003095
v 0.000605 -0.009230 0.001665
v 0.000605 -0.009230 0.002865
v 0.000604 -0.004585 0.002071
v 0.000604 -0.004585 0.003271
v 0.000599 -0.002234 0.002182
v 0.000599 -0.002234 0.003382
v 0.000599 0.002234 0.002182
v 0.000599 0.002234 0.003382
v 0.000604 0.004585 0.002071
v 0.000604 0.004585 0.003271
v 0.000605 0.009230 0.001665
v 0.000605 0.009230 0.002865
v 0.000743 -0.002190 0.002182
v 0.000743 -0.002190 0.003382
v 0.000743 0.002190 0.002182
v 0.000743 0.002190 0.003382
v 0.000756 -0.011538 0.001397
v 0.000756 -0.011538 0.002597
v 0.000756 0.011538 0.001397
v 0.000756 0.011538 0.002597
v 0.000885 -0.002136 0.002182
v 0.000885 -0.002136 0.003382
v 0.000885 0.002136 0.002182
v 0.000885 0.002136 0.003382
v 0.000902 -0.004536 0.002071
v 0.000902 -0.004536 0.003271
v 0.000902 0.004536 0.002071
v 0.000902 0.004536 0.003271
v 0.000907 -0.013845 0.001110
v 0.000907 -0.013845 0.002310
v 0.000906 -0.006878 0.001895
v 0.000906 -0.006878 0.003095
v 0.000906 0.006878 0.001895
v 0.000906 0.006878 0.003095
v 0.000907 0.013845 0.001110
v 0.000907 0.013845 0.002310
v 0.001023 -0.002074 0.002182
v 0.001023 -0.002074 0.003382
v 0.001023 0.002074 0.002182
v 0.001023 0.002074 0.003382
v 0.001059 -0.016153 0.000823
v 0.001059 -0.016153 0.002023
v 0.001059 0.016153 0.000823
v 0.001059 0.016153 0.002023
v 0.001156 -0.002003 0.002182
v 0.001156 -0.002003 0.003382
v 0.001156 0.002003 0.002182
v 0.001156 0.002003 0.003382
v 0.001197 -0.004467 0.002071
v 0.001197 -0.004467 0.003271
v 0.001197 0.004467 0.002071
v 0.001197 0.004467 0.003271
v 0.001210 -0.018460 0.000555
v 0.001210 -0.018460 0.001755
v 0.001207 -0.009171 0.001665
v 0.001207 -0.009171 0.002865
v 0.001207 0.009171 0.001665
v 0.001207 0.009171 0.002865
v 0.001210 0.018460 0.000555
v 0.001210 0.018460 0.001755
v 0.001285 -0.001923 0.002182
v 0.001285 -0.001923 0.003382
v 0.001285 0.001923 0.002182
v 0.001285 0.001923 0.003382
v 0.001292 -0.019719 0.140256
v 0.001288 -0.019658 0.140880
v 0.001288 -0.019658 0.164480
v 0.001288 0.019658 0.140880
v 0.001288 0.019658 0.164480
v 0.001292 0.019719 0.140256
v 0.001304 -0.019901 0.139655
v 0.001304 0.019901 0.139655
v 0.001324 -0.020196 0.139102
v 0.001324 0.020196 0.139102
v 0.001328 -0.020257 0.164000
v 0.001328 0.020257 0.164000
v 0.001343 -0.020486 0.163954
v 0.001343 0.020486 0.163954
v 0.001350 -0.020593 0.138617
v 0.001353 -0.006804 0.001895
v 0.001353 -0.006804 0.003095
v 0.001353 0.006804 0.001895
v 0.001353 0.006804 0.003095
v 0.001350 0.020593 0.138617
v 0.001364 -0.020810 0.163630
v 0.001361 -0.020768 0.000325
v 0.001361 -0.020768 0.001525
v 0.001355 -0.020680 0.163824
v 0.001355 0.020680 0.163824
v 0.001361 0.020768 0.000325
v 0.001361 0.020768 0.001525
v 0.001364 0.020810 0.163630
v 0.001369 -0.020894 0.140010
v 0.001367 -0.020855 0.140400
v 0.001367 -0.020855 0.141900
v 0.001367 -0.020855 0.145100
v 0.001367 -0.020855 0.163400
v 0.001367 0.020855 0.140400
v 0.001367 0.020855 0.141900
v 0.001367 0.020855 0.145100
v 0.001367 0.020855 0.163400
v 0.001369 0.020894 0.140010
v 0.001381 -0.021077 0.138219
v 0.001377 -0.021007 0.139635
v 0.001377 0.021007 0.139635
v 0.001381 0.021077 0.138219
v 0.001389 -0.021192 0.139289
v 0.001389 0.021192 0.139289
v 0.001405 -0.021440 0.138986
v 0.001408 -0.001835 0.002182
v 0.001408 -0.001835 0.003382
v 0.001408 0.001835 0.002182
v 0.001408 0.001835 0.003382
v 0.001405 0.021440 0.138986
v 0.001418 -0.021629 0.137924
v 0.001418 0.021629 0.137924
v 0.001425 -0.021742 0.138737
v 0.001425 0.021742 0.138737
v 0.001448 -0.022087 0.138552
v 0.001448 0.022087 0.138552
v 0.001457 -0.022228 0.137741
v 0.001457 0.022228 0.137741
v 0.001472 -0.022462 0.138438
v 0.001472 0.022462 0.138438
v 0.001487 -0.004380 0.002071
v 0.001487 -0.004380 0.003271
v 0.001487 0.004380 0.002071
v 0.001487 0.004380 0.003271
v 0.001498 -0.022851 0.137680
v 0.001498 -0.022851 0.138400
v 0.001498 -0.022851 0.141900
v 0.001498 -0.022851 0.145100
v 0.001498 0.022851 0.137680
v 0.001498 0.022851 0.138400
v 0.001498 0.022851 0.141900
v 0.001498 0.022851 0.145100
v 0.001512 -0.023075 0.000149
v 0.001512 -0.023075 0.001349
v 0.001509 -0.011464 0.001397
v 0.001509 -0.011464 0.002597
v 0.001509 0.011464 0.001397
v 0.001509 0.011464 0.002597
v 0.001512 0.023075 0.000149
v 0.001512 0.023075 0.001349
v 0.001518 -0.023159 0.141949
v 0.001518 -0.023159 0.145051
v 0.001525 -0.001739 0.002182
v 0.001525 -0.001739 0.003382
v 0.001525 0.001739 0.002182
v 0.001525 0.001739 0.003382
v 0.001518 0.023159 0.141949
v 0.001518 0.023159 0.145051
v 0.001536 -0.023437 0.142091
v 0.001536 -0.023437 0.144909
v 0.001536 0.023437 0.142091
v 0.001536 0.023437 0.144909
v 0.001551 -0.023658 0.142312
v 0.001551 -0.023658 0.144688
v 0.001549 -0.023640 0.138330
v 0.001545 -0.023573 0.137611
v 0.001545 0.023573 0.137611
v 0.001549 0.023640 0.138330
v 0.001551 0.023658 0.142312
v 0.001551 0.023658 0.144688
v 0.001563 -0.023849 0.142900
v 0.001563 -0.023849 0.144100
v 0.001560 -0.023800 0.142591
v 0.001560 -0.023800 0.144409
v 0.001560 0.023800 0.142591
v 0.001560 0.023800 0.144409
v 0.001563 0.023849 0.142900
v 0.001563 0.023849 0.144100
v 0.001592 -0.024292 0.137405
v 0.001592 0.024292 0.137405
v 0.001601 -0.024426 0.138121
v 0.001601 0.024426 0.138121
v 0.001639 -0.025007 0.137063
v 0.001635 -0.001635 0.002182
v 0.001635 -0.001635 0.003382
v 0.001635 0.001635 0.002182
v 0.001635 0.001635 0.003382
v 0.001639 0.025007 0.137063
v 0.001652 -0.025208 0.137773
v 0.001652 0.025208 0.137773
v 0.001664 -0.025383 0.000038
v 0.001664 -0.025383 0.001238
v 0.001664 0.025383 0.000038
v 0.001664 0.025383 0.001238
v 0.001685 -0.025715 0.136585
v 0.001685 0.025715 0.136585
v 0.001703 -0.025982 0.137287
v 0.001703 0.025982 0.137287
v 0.001731 -0.026415 0.135973
v 0.001731 0.026415 0.135973
v 0.001739 -0.001525 0.002182
v 0.001739 -0.001525 0.003382
v 0.001739 0.001525 0.002182
v 0.001739 0.001525 0.003382
v 0.001753 -0.026746 0.136665
v 0.001753 0.026746 0.136665
v 0.001770 -0.004273 0.002071
v 0.001770 -0.004273 0.003271
v 0.001770 0.004273 0.002071
v 0.001770 0.004273 0.003271
v 0.001776 -0.027102 0.135229
v 0.001776 0.027102 0.135229
v 0.001802 -0.027498 0.135908
v 0.001805 -0.009072 0.001665
v 0.001805 -0.009072 0.002865
v 0.001796 -0.006701 0.001895
v 0.001796 -0.006701 0.003095
v 0.001796 0.006701 0.001895
v 0.001796 0.006701 0.003095
v 0.001805 0.009072 0.001665
v 0.001805 0.009072 0.002865
v 0.001802 0.027498 0.135908
v 0.001815 -0.027691 0.000000
v 0.001815 -0.027691 0.001200
v 0.001811 -0.013756 0.001110
v 0.001811 -0.013756 0.002310
v 0.001811 0.013756 0.001110
v 0.001811 0.013756 0.002310
v 0.001815 0.027691 0.000000
v 0.001815 0.027691 0.001200
v 0.001821 -0.027777 0.134355
v 0.001821 0.027777 0.134355
v 0.001835 -0.001408 0.002182
v 0.001835 -0.001408 0.003382
v 0.001835 0.001408 0.002182
v 0.001835 0.001408 0.003382
v 0.001851 -0.028235 0.135020
v 0.001851 0.028235 0.135020
v 0.001864 -0.028436 0.133354
v 0.001864 0.028436 0.133354
v 0.001874 -0.028590 0.001251
v 0.001874 0.028590 0.001251
v 0.001883 -0.028724 0.000058
v 0.001883 0.028724 0.000058
v 0.001898 -0.028956 0.134003
v 0.001898 0.028956 0.134003
v 0.001906 -0.029078 0.132230
v 0.001906 0.029078 0.132230
v 0.001923 -0.001285 0.002182
v 0.001923 -0.001285 0.003382
v 0.001923 0.001285 0.002182
v 0.001923 0.001285 0.003382
v 0.001932 -0.029478 0.001402
v 0.001932 0.029478 0.001402
v 0.001944 -0.029657 0.132860
v 0.001944 0.029657 0.132860
v 0.001950 -0.029744 0.000232
v 0.001947 -0.029699 0.130985
v 0.001947 0.029699 0.130985
v 0.001950 0.029744 0.000232
v 0.001989 -0.030344 0.001652
v 0.001988 -0.030337 0.131595
v 0.001986 -0.030300 0.129624
v 0.001986 0.030300 0.129624
v 0.001989 0.030344 0.001652
v 0.001988 0.030337 0.131595
v 0.002003 -0.001156 0.002182
v 0.002003 -0.001156 0.003382
v 0.002003 0.001156 0.002182
v 0.002003 0.001156 0.003382
v 0.002015 -0.030739 0.000519
v 0.002015 0.030739 0.000519
v 0.002024 -0.030877 0.128150
v 0.002019 -0.020501 0.150116
v 0.002019 -0.020501 0.152516
v 0.002019 -0.020501 0.154316
v 0.002019 -0.020501 0.156716
v 0.002019 0.020501 0.147884
v 0.002019 0.020501 0.150284
v 0.002019 0.020501 0.152084
v 0.002019 0.020501 0.154484
v 0.002024 0.030877 0.128150
v 0.002031 -0.030993 0.130211
v 0.002031 0.030993 0.130211
v 0.002043 -0.031176 0.001997
v 0.002043 0.031176 0.001997
v 0.002046 -0.004148 0.002071
v 0.002046 -0.004148 0.003271
v 0.002046 0.004148 0.002071
v 0.002046 0.004148 0.003271
v 0.002060 -0.031428 0.126570
v 0.002060 0.031428 0.126570
v 0.002073 -0.031623 0.128713
v 0.002074 -0.001023 0.002182
v 0.002074 -0.001023 0.003382
v 0.002074 0.001023 0.002182
v 0.002074 0.001023 0.003382
v 0.002073 0.031623 0.128713
v 0.002077 -0.031695 0.000916
v 0.002077 0.031695 0.000916
v 0.002094 -0.031953 0.124886
v 0.002094 0.031953 0.124886
v 0.002095 -0.031964 0.002434
v 0.002095 0.031964 0.002434
v 0.002112 -0.032226 0.127107
v 0.002113 -0.016049 0.000823
v 0.002113 -0.016049 0.002023
v 0.002113 0.016049 0.000823
v 0.002113 0.016049 0.002023
v 0.002112 0.032226 0.127107
v 0.002127 -0.032449 0.123106
v 0.002127 0.032449 0.123106
v 0.002143 -0.032699 0.002956
v 0.002137 -0.032601 0.001418
v 0.002136 -0.000885 0.002182
v 0.002136 -0.000885 0.003382
v 0.002136 0.000885 0.002182
v 0.002136 0.000885 0.003382
v 0.002137 0.032601 0.001418
v 0.002143 0.032699 0.002956
v 0.002150 -0.032800 0.125396
v 0.002150 0.032800 0.125396
v 0.002157 -0.032915 0.121234
v 0.002157 0.032915 0.121234
v 0.002192 -0.033446 0.002018
v 0.002187 -0.033371 0.003558
v 0.002186 -0.033349 0.119276
v 0.002185 -0.033342 0.123586
v 0.002190 -0.000743 0.002182
v 0.002190 -0.000743 0.003382
v 0.002190 0.000743 0.002182
v 0.002190 0.000743 0.003382
v 0.002185 0.033342 0.123586
v 0.002186 0.033349 0.119276
v 0.002187 0.033371 0.003558
v 0.002192 0.033446 0.002018
v 0.002196 -0.022292 0.150836
v 0.002196 -0.022292 0.151796
v 0.002196 -0.022292 0.155036
v 0.002196 -0.022292 0.155996
v 0.002196 0.022292 0.148604
v 0.002196 0.022292 0.149564
v 0.002196 0.022292 0.152804
v 0.002196 0.022292 0.153764
v 0.002212 -0.033750 0.117239
v 0.002212 0.033750 0.117239
v 0.002219 -0.033851 0.121683
v 0.002219 0.033851 0.121683
v 0.002227 -0.033971 0.004231
v 0.002230 -0.006569 0.001895
v 0.002230 -0.006569 0.003095
v 0.002234 -0.000599 0.002182
v 0.002234 -0.000599 0.003382
v 0.002234 0.000599 0.002182
v 0.002234 0.000599 0.003382
v 0.002230 0.006569 0.001895
v 0.002230 0.006569 0.003095
v 0.002227 0.033971 0.004231
v 0.002243 -0.034217 0.002709
v 0.002236 -0.034117 0.115129
v 0.002236 0.034117 0.115129
v 0.002243 0.034217 0.002709
v 0.002250 -0.034326 0.119693
v 0.002250 0.034326 0.119693
v 0.002261 -0.034492 0.004967
v 0.002258 -0.034449 0.112952
v 0.002256 -0.011340 0.001397
v 0.002256 -0.011340 0.002597
v 0.002256 0.011340 0.001397
v 0.002256 0.011340 0.002597
v 0.002258 0.034449 0.112952
v 0.002261 0.034492 0.004967
v 0.002268 -0.000451 0.002182
v 0.002268 -0.000451 0.003382
v 0.002268 0.000451 0.002182
v 0.002268 0.000451 0.003382
v 0.002279 -0.034764 0.117622
v 0.002277 -0.034743 0.110716
v 0.002277 0.034743 0.110716
v 0.002279 0.034764 0.117622
v 0.002294 -0.035001 0.108427
v 0.002289 -0.034928 0.005757
v 0.002288 -0.034907 0.003483
v 0.002293 -0.000302 0.002182
v 0.002293 -0.000302 0.003382
v 0.002293 0.000302 0.002182
v 0.002293 0.000302 0.003382
v 0.002288 0.034907 0.003483
v 0.002289 0.034928 0.005757
v 0.002294 0.035001 0.108427
v 0.002305 -0.035165 0.115477
v 0.002305 0.035165 0.115477
v 0.002312 -0.035273 0.006591
v 0.002308 -0.035220 0.106092
v 0.002313 -0.004005 0.002071
v 0.002313 -0.004005 0.003271
v 0.002308 -0.000151 0.002182
v 0.002308 -0.000151 0.003382
v 0.002313 0.000000 0.002182
v 0.002313 0.000000 0.003382
v 0.002308 0.000151 0.002182
v 0.002308 0.000151 0.003382
v 0.002313 0.004005 0.002071
v 0.002313 0.004005 0.003271
v 0.002308 0.035220 0.106092
v 0.002312 0.035273 0.006591
v 0.002320 -0.035401 0.103720
v 0.002320 0.035401 0.103720
v 0.002330 -0.035541 0.101317
v 0.002329 -0.035527 0.113264
v 0.002328 -0.035522 0.007459
v 0.002327 -0.035506 0.004329
v 0.002327 0.035506 0.004329
v 0.002328 0.035522 0.007459
v 0.002329 0.035527 0.113264
v 0.002330 0.035541 0.101317
v 0.002341 -0.035723 0.009250
v 0.002341 -0.035723 0.047000
v 0.002341 -0.035723 0.094000
v 0.002340 -0.035703 0.096449
v 0.002338 -0.035673 0.008349
v 0.002336 -0.035642 0.098891
v 0.002336 0.035642 0.098891
v 0.002338 0.035673 0.008349
v 0.002340 0.035703 0.096449
v 0.002341 0.035723 0.009250
v 0.002341 0.035723 0.047000
v 0.002341 0.035723 0.094000
v 0.002350 -0.035850 0.110991
v 0.002350 0.035850 0.110991
v 0.002360 -0.036007 0.005237
v 0.002360 0.036007 0.005237
v 0.002368 -0.036131 0.108664
v 0.002368 0.036131 0.108664
v 0.002384 -0.036371 0.106291
v 0.002384 0.036371 0.106291
v 0.002386 -0.036403 0.006195
v 0.002394 -0.008935 0.001665
v 0.002394 -0.008935 0.002865
v 0.002394 0.008935 0.001665
v 0.002394 0.008935 0.002865
v 0.002386 0.036403 0.006195
v 0.002405 -0.036689 0.007192
v 0.002397 -0.036568 0.103880
v 0.002397 0.036568 0.103880
v 0.002405 0.036689 0.007192
v 0.002414 -0.036832 0.098971
v 0.002407 -0.036722 0.101437
v 0.002415 -0.018342 0.000555
v 0.002415 -0.018342 0.001755
v 0.002415 0.018342 0.000555
v 0.002415 0.018342 0.001755
v 0.002407 0.036722 0.101437
v 0.002414 0.036832 0.098971
v 0.002420 -0.036921 0.009250
v 0.002420 -0.036921 0.047000
v 0.002420 -0.036921 0.094000
v 0.002418 -0.036899 0.096490
v 0.002416 -0.036863 0.008214
v 0.002416 0.036863 0.008214
v 0.002418 0.036899 0.096490
v 0.002420 0.036921 0.009250
v 0.002420 0.036921 0.047000
v 0.002420 0.036921 0.094000
v 0.002571 -0.019531 0.140880
v 0.002571 -0.019531 0.164480
v 0.002570 -0.003846 0.002071
v 0.002570 -0.003846 0.003271
v 0.002570 0.003846 0.002071
v 0.002570 0.003846 0.003271
v 0.002571 0.019531 0.140880
v 0.002571 0.019531 0.164480
v 0.002579 -0.019592 0.140256
v 0.002579 0.019592 0.140256
v 0.002603 -0.019773 0.139655
v 0.002603 0.019773 0.139655
v 0.002642 -0.020066 0.139102
v 0.002642 0.020066 0.139102
v 0.002650 -0.020126 0.164000
v 0.002655 -0.006409 0.001895
v 0.002655 -0.006409 0.003095
v 0.002655 0.006409 0.001895
v 0.002655 0.006409 0.003095
v 0.002650 0.020126 0.164000
v 0.002680 -0.020354 0.163954
v 0.002680 0.020354 0.163954
v 0.002694 -0.020461 0.138617
v 0.002694 0.020461 0.138617
v 0.002705 -0.020547 0.163824
v 0.002707 -0.013608 0.001110
v 0.002707 -0.013608 0.002310
v 0.002707 0.013608 0.001110
v 0.002707 0.013608 0.002310
v 0.002705 0.020547 0.163824
v 0.002722 -0.020676 0.163630
v 0.002717 -0.020634 0.000325
v 0.002717 -0.020634 0.001525
v 0.002717 0.020634 0.000325
v 0.002717 0.020634 0.001525
v 0.002722 0.020676 0.163630
v 0.002733 -0.020759 0.140010
v 0.002728 -0.020721 0.140400
v 0.002728 -0.020721 0.141900
v 0.002728 -0.020721 0.145100
v 0.002728 -0.020721 0.163400
v 0.002728 0.020721 0.140400
v 0.002728 0.020721 0.141900
v 0.002728 0.020721 0.145100
v 0.002728 0.020721 0.163400
v 0.002733 0.020759 0.140010
v 0.002748 -0.020872 0.139635
v 0.002748 0.020872 0.139635
v 0.002757 -0.020941 0.138219
v 0.002757 0.020941 0.138219
v 0.002772 -0.021055 0.139289
v 0.002772 0.021055 0.139289
v 0.002804 -0.021302 0.138986
v 0.002804 0.021302 0.138986
v 0.002816 -0.003669 0.002071
v 0.002816 -0.003669 0.003271
v 0.002816 0.003669 0.002071
v 0.002816 0.003669 0.003271
v 0.002829 -0.021490 0.137924
v 0.002829 0.021490 0.137924
v 0.002844 -0.021602 0.138737
v 0.002844 0.021602 0.138737
v 0.002889 -0.021945 0.138552
v 0.002889 0.021945 0.138552
v 0.002908 -0.022085 0.137741
v 0.002908 0.022085 0.137741
v 0.002938 -0.022317 0.138438
v 0.002938 0.022317 0.138438
v 0.002973 -0.008759 0.001665
v 0.002973 -0.008759 0.002865
v 0.002973 0.008759 0.001665
v 0.002973 0.008759 0.002865
v 0.002989 -0.022704 0.137680
v 0.002989 -0.022704 0.138400
v 0.002989 -0.022704 0.141900
v 0.002989 -0.022704 0.145100
v 0.002993 -0.011169 0.001397
v 0.002993 -0.011169 0.002597
v 0.002993 0.011169 0.001397
v 0.002993 0.011169 0.002597
v 0.002989 0.022704 0.137680
v 0.002989 0.022704 0.138400
v 0.002989 0.022704 0.141900
v 0.002989 0.022704 0.145100
v 0.003018 -0.022927 0.000149
v 0.003018 -0.022927 0.001349
v 0.003018 0.022927 0.000149
v 0.003018 0.022927 0.001349
v 0.003029 -0.023010 0.141949
v 0.003029 -0.023010 0.145051
v 0.003029 0.023010 0.141949
v 0.003029 0.023010 0.145051
v 0.003049 -0.003477 0.002071
v 0.003049 -0.003477 0.003271
v 0.003049 0.003477 0.002071
v 0.003049 0.003477 0.003271
v 0.003066 -0.023287 0.142091
v 0.003066 -0.023287 0.144909
v 0.003068 -0.006222 0.001895
v 0.003068 -0.006222 0.003095
v 0.003068 0.006222 0.001895
v 0.003068 0.006222 0.003095
v 0.003066 0.023287 0.142091
v 0.003066 0.023287 0.144909
v 0.003083 -0.023421 0.137611
v 0.003083 0.023421 0.137611
v 0.003095 -0.023506 0.142312
v 0.003095 -0.023506 0.144688
v 0.003092 -0.023488 0.138330
v 0.003092 0.023488 0.138330
v 0.003095 0.023506 0.142312
v 0.003095 0.023506 0.144688
v 0.003113 -0.023647 0.142591
v 0.003113 -0.023647 0.144409
v 0.003113 0.023647 0.142591
v 0.003113 0.023647 0.144409
v 0.003120 -0.023696 0.142900
v 0.003120 -0.023696 0.144100
v 0.003120 0.023696 0.142900
v 0.003120 0.023696 0.144100
v 0.003158 -0.015876 0.000823
v 0.003158 -0.015876 0.002023
v 0.003158 0.015876 0.000823
v 0.003158 0.015876 0.002023
v 0.003178 -0.024136 0.137405
v 0.003178 0.024136 0.137405
v 0.003195 -0.024269 0.138121
v 0.003195 0.024269 0.138121
v 0.003271 -0.024846 0.137063
v 0.003270 -0.003270 0.002071
v 0.003270 -0.003270 0.003271
v 0.003270 0.003270 0.002071
v 0.003270 0.003270 0.003271
v 0.003271 0.024846 0.137063
v 0.003297 -0.025046 0.137773
v 0.003297 0.025046 0.137773
v 0.003320 -0.025220 0.000038
v 0.003320 -0.025220 0.001238
v 0.003320 0.025220 0.000038
v 0.003320 0.025220 0.001238
v 0.003364 -0.025550 0.136585
v 0.003364 0.025550 0.136585
v 0.003399 -0.025815 0.137287
v 0.003399 0.025815 0.137287
v 0.003455 -0.026245 0.135973
v 0.003455 0.026245 0.135973
v 0.003469 -0.006008 0.001895
v 0.003469 -0.006008 0.003095
v 0.003469 0.006008 0.001895
v 0.003469 0.006008 0.003095
v 0.003477 -0.003049 0.002071
v 0.003477 -0.003049 0.003271
v 0.003477 0.003049 0.002071
v 0.003477 0.003049 0.003271
v 0.003499 -0.026574 0.136665
v 0.003499 0.026574 0.136665
v 0.003540 -0.008546 0.001665
v 0.003540 -0.008546 0.002865
v 0.003540 0.008546 0.001665
v 0.003540 0.008546 0.002865
v 0.003545 -0.026928 0.135229
v 0.003545 0.026928 0.135229
v 0.003591 -0.013402 0.001110
v 0.003591 -0.013402 0.002310
v 0.003591 0.013402 0.001110
v 0.003591 0.013402 0.002310
v 0.003597 -0.027321 0.135908
v 0.003597 0.027321 0.135908
v 0.003609 -0.018145 0.000555
v 0.003609 -0.018145 0.001755
v 0.003609 0.018145 0.000555
v 0.003609 0.018145 0.001755
v 0.003622 -0.027513 0.000000
v 0.003622 -0.027513 0.001200
v 0.003622 0.027513 0.000000
v 0.003622 0.027513 0.001200
v 0.003633 -0.027598 0.134355
v 0.003633 0.027598 0.134355
v 0.003669 -0.002816 0.002071
v 0.003669 -0.002816 0.003271
v 0.003669 0.002816 0.002071
v 0.003669 0.002816 0.003271
v 0.003693 -0.028054 0.135020
v 0.003693 0.028054 0.135020
v 0.003720 -0.028253 0.133354
v 0.003717 -0.010949 0.001397
v 0.003717 -0.010949 0.002597
v 0.003717 0.010949 0.001397
v 0.003717 0.010949 0.002597
v 0.003720 0.028253 0.133354
v 0.003740 -0.028406 0.001251
v 0.003740 0.028406 0.001251
v 0.003757 -0.028539 0.000058
v 0.003757 0.028539 0.000058
v 0.003788 -0.028770 0.134003
v 0.003788 0.028770 0.134003
v 0.003804 -0.028891 0.132230
v 0.003804 0.028891 0.132230
v 0.003843 -0.019321 0.140880
v 0.003843 -0.019321 0.164480
v 0.003843 0.019321 0.140880
v 0.003843 0.019321 0.164480
v 0.003854 -0.005768 0.001895
v 0.003854 -0.005768 0.003095
v 0.003846 -0.002570 0.002071
v 0.003846 -0.002570 0.003271
v 0.003846 0.002570 0.002071
v 0.003846 0.002570 0.003271
v 0.003854 0.005768 0.001895
v 0.003854 0.005768 0.003095
v 0.003856 -0.029289 0.001402
v 0.003855 -0.019382 0.140256
v 0.003855 0.019382 0.140256
v 0.003856 0.029289 0.001402
v 0.003885 -0.029509 0.130985
v 0.003879 -0.029466 0.132860
v 0.003879 0.029466 0.132860
v 0.003885 0.029509 0.130985
v 0.003891 -0.029553 0.000232
v 0.003891 -0.019560 0.139655
v 0.003891 0.019560 0.139655
v 0.003891 0.029553 0.000232
v 0.003948 -0.019850 0.139102
v 0.003948 0.019850 0.139102
v 0.003963 -0.030105 0.129624
v 0.003960 -0.019910 0.164000
v 0.003960 0.019910 0.164000
v 0.003963 0.030105 0.129624
v 0.003969 -0.030149 0.001652
v 0.003968 -0.030142 0.131595
v 0.003968 0.030142 0.131595
v 0.003969 0.030149 0.001652
v 0.004005 -0.020135 0.163954
v 0.004005 -0.002313 0.002071
v 0.004005 -0.002313 0.003271
v 0.004005 0.002313 0.002071
v 0.004005 0.002313 0.003271
v 0.004005 0.020135 0.163954
v 0.004021 -0.030542 0.000519
v 0.004019 -0.020204 0.150181
v 0.004019 -0.020204 0.152581
v 0.004019 -0.020204 0.154381
v 0.004019 -0.020204 0.156781
v 0.004019 0.020204 0.147819
v 0.004019 0.020204 0.150219
v 0.004019 0.020204 0.152019
v 0.004019 0.020204 0.154419
v 0.004021 0.030542 0.000519
v 0.004026 -0.020241 0.138617
v 0.004026 0.020241 0.138617
v 0.004039 -0.030678 0.128150
v 0.004043 -0.020326 0.163824
v 0.004043 0.020326 0.163824
v 0.004039 0.030678 0.128150
v 0.004054 -0.030794 0.130211
v 0.004054 0.030794 0.130211
v 0.004060 -0.020413 0.000325
v 0.004060 -0.020413 0.001525
v 0.004060 0.020413 0.000325
v 0.004060 0.020413 0.001525
v 0.004068 -0.020454 0.163630
v 0.004068 0.020454 0.163630
v 0.004078 -0.030975 0.001997
v 0.004085 -0.020536 0.140010
v 0.004077 -0.020498 0.140400
v 0.004077 -0.020498 0.141900
v 0.004077 -0.020498 0.145100
v 0.004077 -0.020498 0.163400
v 0.004077 0.020498 0.140400
v 0.004077 0.020498 0.141900
v 0.004077 0.020498 0.145100
v 0.004077 0.020498 0.163400
v 0.004085 0.020536 0.140010
v 0.004078 0.030975 0.001997
v 0.004091 -0.008296 0.001665
v 0.004091 -0.008296 0.002865
v 0.004091 0.008296 0.001665
v 0.004091 0.008296 0.002865
v 0.004111 -0.031226 0.126570
v 0.004107 -0.020648 0.139635
v 0.004107 0.020648 0.139635
v 0.004111 0.031226 0.126570
v 0.004121 -0.020716 0.138219
v 0.004121 0.020716 0.138219
v 0.004137 -0.031420 0.128713
v 0.004143 -0.020829 0.139289
v 0.004143 0.020829 0.139289
v 0.004137 0.031420 0.128713
v 0.004146 -0.031492 0.000916
v 0.004148 -0.002046 0.002071
v 0.004148 -0.002046 0.003271
v 0.004148 0.002046 0.002071
v 0.004148 0.002046 0.003271
v 0.004146 0.031492 0.000916
v 0.004181 -0.031759 0.002434
v 0.004180 -0.031748 0.124886
v 0.004180 0.031748 0.124886
v 0.004181 0.031759 0.002434
v 0.004192 -0.021073 0.138986
v 0.004190 -0.015636 0.000823
v 0.004190 -0.015636 0.002023
v 0.004190 0.015636 0.000823
v 0.004190 0.015636 0.002023
v 0.004192 0.021073 0.138986
v 0.004215 -0.032019 0.127107
v 0.004223 -0.005504 0.001895
v 0.004223 -0.005504 0.003095
v 0.004223 0.005504 0.001895
v 0.004223 0.005504 0.003095
v 0.004215 0.032019 0.127107
v 0.004229 -0.021259 0.137924
v 0.004229 0.021259 0.137924
v 0.004245 -0.032241 0.123106
v 0.004245 0.032241 0.123106
v 0.004251 -0.021370 0.138737
v 0.004251 0.021370 0.138737
v 0.004264 -0.032392 0.001418
v 0.004264 0.032392 0.001418
v 0.004273 -0.001770 0.002071
v 0.004273 -0.001770 0.003271
v 0.004273 0.001770 0.002071
v 0.004273 0.001770 0.003271
v 0.004277 -0.032489 0.002956
v 0.004277 0.032489 0.002956
v 0.004290 -0.032589 0.125396
v 0.004290 0.032589 0.125396
v 0.004305 -0.032703 0.121234
v 0.004305 0.032703 0.121234
v 0.004318 -0.021709 0.138552
v 0.004318 0.021709 0.138552
v 0.004346 -0.021848 0.137741
v 0.004346 0.021848 0.137741
v 0.004362 -0.033135 0.119276
v 0.004361 -0.033128 0.123586
v 0.004362 0.033135 0.119276
v 0.004361 0.033128 0.123586
v 0.004375 -0.033231 0.002018
v 0.004365 -0.033156 0.003558
v 0.004370 -0.021970 0.150901
v 0.004370 -0.021970 0.151861
v 0.004370 -0.021970 0.155101
v 0.004370 -0.021970 0.156061
v 0.004370 0.021970 0.148539
v 0.004370 0.021970 0.149499
v 0.004370 0.021970 0.152739
v 0.004370 0.021970 0.153699
v 0.004365 0.033156 0.003558
v 0.004375 0.033231 0.002018
v 0.004380 -0.001487 0.002071
v 0.004380 -0.001487 0.003271
v 0.004380 0.001487 0.002071
v 0.004380 0.001487 0.003271
v 0.004391 -0.022077 0.138438
v 0.004391 0.022077 0.138438
v 0.004415 -0.033533 0.117239
v 0.004415 0.033533 0.117239
v 0.004425 -0.010682 0.001397
v 0.004425 -0.010682 0.002597
v 0.004425 0.010682 0.001397
v 0.004425 0.010682 0.002597
v 0.004428 -0.033634 0.121683
v 0.004428 0.033634 0.121683
v 0.004444 -0.033752 0.004231
v 0.004444 0.033752 0.004231
v 0.004463 -0.033898 0.115129
v 0.004460 -0.013139 0.001110
v 0.004460 -0.013139 0.002310
v 0.004460 0.013139 0.001110
v 0.004460 0.013139 0.002310
v 0.004463 0.033898 0.115129
v 0.004468 -0.022460 0.137680
v 0.004468 -0.022460 0.138400
v 0.004468 -0.022460 0.141900
v 0.004468 -0.022460 0.145100
v 0.004467 -0.001197 0.002071
v 0.004467 -0.001197 0.003271
v 0.004467 0.001197 0.002071
v 0.004467 0.001197 0.003271
v 0.004468 0.022460 0.137680
v 0.004468 0.022460 0.138400
v 0.004468 0.022460 0.141900
v 0.004468 0.022460 0.145100
v 0.004476 -0.033997 0.002709
v 0.004476 0.033997 0.002709
v 0.004490 -0.034105 0.119693
v 0.004490 0.034105 0.119693
v 0.004512 -0.034270 0.004967
v 0.004506 -0.034227 0.112952
v 0.004511 -0.022681 0.000149
v 0.004511 -0.022681 0.001349
v 0.004511 0.022681 0.000149
v 0.004511 0.022681 0.001349
v 0.004506 0.034227 0.112952
v 0.004512 0.034270 0.004967
v 0.004528 -0.022763 0.141949
v 0.004528 -0.022763 0.145051
v 0.004528 0.022763 0.141949
v 0.004528 0.022763 0.145051
v 0.004545 -0.034520 0.110716
v 0.004536 -0.000902 0.002071
v 0.004536 -0.000902 0.003271
v 0.004536 0.000902 0.002071
v 0.004536 0.000902 0.003271
v 0.004545 0.034520 0.110716
v 0.004547 -0.034541 0.117622
v 0.004547 0.034541 0.117622
v 0.004569 -0.034703 0.005757
v 0.004566 -0.034683 0.003483
v 0.004574 -0.005216 0.001895
v 0.004574 -0.005216 0.003095
v 0.004574 0.005216 0.001895
v 0.004574 0.005216 0.003095
v 0.004566 0.034683 0.003483
v 0.004569 0.034703 0.005757
v 0.004578 -0.034776 0.108427
v 0.004582 -0.023036 0.142091
v 0.004582 -0.023036 0.144909
v 0.004582 0.023036 0.142091
v 0.004582 0.023036 0.144909
v 0.004578 0.034776 0.108427
v 0.004585 -0.000604 0.002071
v 0.004585 -0.000604 0.003271
v 0.004585 0.000604 0.002071
v 0.004585 0.000604 0.003271
v 0.004600 -0.034939 0.115477
v 0.004600 0.034939 0.115477
v 0.004614 -0.035046 0.006591
v 0.004607 -0.034994 0.106092
v 0.004609 -0.023169 0.137611
v 0.004609 0.023169 0.137611
v 0.004607 0.034994 0.106092
v 0.004614 0.035046 0.006591
v 0.004622 -0.023235 0.138330
v 0.004615 -0.000302 0.002071
v 0.004615 -0.000302 0.003271
v 0.004615 0.000302 0.002071
v 0.004615 0.000302 0.003271
v 0.004622 0.023235 0.138330
v 0.004631 -0.035173 0.103720
v 0.004625 -0.023253 0.142312
v 0.004625 -0.023253 0.144688
v 0.004625 -0.008011 0.001665
v 0.004625 -0.008011 0.002865
v 0.004625 0.000000 0.002071
v 0.004625 0.000000 0.003271
v 0.004625 0.008011 0.001665
v 0.004625 0.008011 0.002865
v 0.004625 0.023253 0.142312
v 0.004625 0.023253 0.144688
v 0.004631 0.035173 0.103720
v 0.004644 -0.035278 0.004329
v 0.004644 0.035278 0.004329
v 0.004649 -0.035313 0.101317
v 0.004647 -0.035299 0.113264
v 0.004646 -0.035294 0.007459
v 0.004653 -0.023393 0.142591
v 0.004653 -0.023393 0.144409
v 0.004653 0.023393 0.142591
v 0.004653 0.023393 0.144409
v 0.004646 0.035294 0.007459
v 0.004647 0.035299 0.113264
v 0.004649 0.035313 0.101317
v 0.004662 -0.035413 0.098891
v 0.004663 -0.023441 0.142900
v 0.004663 -0.023441 0.144100
v 0.004663 0.023441 0.142900
v 0.004663 0.023441 0.144100
v 0.004662 0.035413 0.098891
v 0.004673 -0.035494 0.009250
v 0.004673 -0.035494 0.047000
v 0.004673 -0.035494 0.094000
v 0.004670 -0.035474 0.096449
v 0.004666 -0.035444 0.008349
v 0.004666 0.035444 0.008349
v 0.004670 0.035474 0.096449
v 0.004673 0.035494 0.009250
v 0.004673 0.035494 0.047000
v 0.004673 0.035494 0.094000
v 0.004689 -0.035619 0.110991
v 0.004689 0.035619 0.110991
v 0.004710 -0.035775 0.005237
v 0.004710 0.035775 0.005237
v 0.004726 -0.035899 0.108664
v 0.004726 0.035899 0.108664
v 0.004749 -0.023877 0.137405
v 0.004749 0.023877 0.137405
v 0.004762 -0.036169 0.006195
v 0.004758 -0.036137 0.106291
v 0.004758 0.036137 0.106291
v 0.004762 0.036169 0.006195
v 0.004783 -0.036333 0.103880
v 0.004776 -0.024008 0.138121
v 0.004776 0.024008 0.138121
v 0.004783 0.036333 0.103880
v 0.004788 -0.017870 0.000555
v 0.004788 -0.017870 0.001755
v 0.004788 0.017870 0.000555
v 0.004788 0.017870 0.001755
v 0.004803 -0.036486 0.101437
v 0.004799 -0.036454 0.007192
v 0.004799 0.036454 0.007192
v 0.004803 0.036486 0.101437
v 0.004822 -0.036626 0.008214
v 0.004818 -0.036596 0.098971
v 0.004818 0.036596 0.098971
v 0.004822 0.036626 0.008214
v 0.004829 -0.036683 0.009250
v 0.004829 -0.036683 0.047000
v 0.004829 -0.036683 0.094000
v 0.004827 -0.036661 0.096490
v 0.004827 0.036661 0.096490
v 0.004829 0.036683 0.009250
v 0.004829 0.036683 0.047000
v 0.004829 0.036683 0.094000
v 0.004889 -0.024579 0.137063
v 0.004889 0.024579 0.137063
v 0.004906 -0.004906 0.001895
v 0.004906 -0.004906 0.003095
v 0.004906 0.004906 0.001895
v 0.004906 0.004906 0.003095
v 0.004928 -0.024776 0.137773
v 0.004928 0.024776 0.137773
v 0.004963 -0.024949 0.000038
v 0.004963 -0.024949 0.001238
v 0.004963 0.024949 0.000038
v 0.004963 0.024949 0.001238
v 0.005028 -0.025275 0.136585
v 0.005028 0.025275 0.136585
v 0.005080 -0.025537 0.137287
v 0.005080 0.025537 0.137287
v 0.005099 -0.019029 0.140880
v 0.005099 -0.019029 0.164480
v 0.005099 0.019029 0.140880
v 0.005099 0.019029 0.164480
v 0.005115 -0.019088 0.140256
v 0.005114 -0.010370 0.001397
v 0.005114 -0.010370 0.002597
v 0.005114 0.010370 0.001397
v 0.005114 0.010370 0.002597
v 0.005115 0.019088 0.140256
v 0.005139 -0.007691 0.001665
v 0.005139 -0.007691 0.002865
v 0.005139 0.007691 0.001665
v 0.005139 0.007691 0.002865
v 0.005164 -0.025963 0.135973
v 0.005162 -0.019264 0.139655
v 0.005162 0.019264 0.139655
v 0.005164 0.025963 0.135973
v 0.005203 -0.015328 0.000823
v 0.005203 -0.015328 0.002023
v 0.005203 0.015328 0.000823
v 0.005203 0.015328 0.002023
v 0.005216 -0.004574 0.001895
v 0.005216 -0.004574 0.003095
v 0.005216 0.004574 0.001895
v 0.005216 0.004574 0.003095
v 0.005229 -0.026288 0.136665
v 0.005229 0.026288 0.136665
v 0.005238 -0.019550 0.139102
v 0.005238 0.019550 0.139102
v 0.005254 -0.019608 0.164000
v 0.005254 0.019608 0.164000
v 0.005299 -0.026639 0.135229
v 0.005299 0.026639 0.135229
v 0.005313 -0.019830 0.163954
v 0.005310 -0.012819 0.001110
v 0.005310 -0.012819 0.002310
v 0.005310 0.012819 0.001110
v 0.005310 0.012819 0.002310
v 0.005313 0.019830 0.163954
v 0.005341 -0.019934 0.138617
v 0.005341 0.019934 0.138617
v 0.005364 -0.020018 0.163824
v 0.005364 0.020018 0.163824
v 0.005376 -0.027027 0.135908
v 0.005376 0.027027 0.135908
v 0.005387 -0.020103 0.000325
v 0.005387 -0.020103 0.001525
v 0.005387 0.020103 0.000325
v 0.005387 0.020103 0.001525
v 0.005397 -0.020144 0.163630
v 0.005397 0.020144 0.163630
v 0.005414 -0.027217 0.000000
v 0.005414 -0.027217 0.001200
v 0.005409 -0.020188 0.140400
v 0.005409 -0.020188 0.141900
v 0.005409 -0.020188 0.145100
v 0.005409 -0.020188 0.163400
v 0.005409 0.020188 0.140400
v 0.005409 0.020188 0.141900
v 0.005409 0.020188 0.145100
v 0.005409 0.020188 0.163400
v 0.005414 0.027217 0.000000
v 0.005414 0.027217 0.001200
v 0.005419 -0.020225 0.140010
v 0.005419 0.020225 0.140010
v 0.005431 -0.027302 0.134355
v 0.005431 0.027302 0.134355
v 0.005449 -0.020335 0.139635
v 0.005449 0.020335 0.139635
v 0.005467 -0.020402 0.138219
v 0.005467 0.020402 0.138219
v 0.005497 -0.020513 0.139289
v 0.005504 -0.004223 0.001895
v 0.005504 -0.004223 0.003095
v 0.005504 0.004223 0.001895
v 0.005504 0.004223 0.003095
v 0.005497 0.020513 0.139289
v 0.005520 -0.027752 0.135020
v 0.005520 0.027752 0.135020
v 0.005560 -0.027950 0.133354
v 0.005561 -0.020754 0.138986
v 0.005561 0.020754 0.138986
v 0.005560 0.027950 0.133354
v 0.005590 -0.028101 0.001251
v 0.005590 0.028101 0.001251
v 0.005610 -0.020937 0.137924
v 0.005610 0.020937 0.137924
v 0.005616 -0.028233 0.000058
v 0.005616 0.028233 0.000058
v 0.005631 -0.007339 0.001665
v 0.005631 -0.007339 0.002865
v 0.005631 0.007339 0.001665
v 0.005631 0.007339 0.002865
v 0.005639 -0.021046 0.138737
v 0.005639 0.021046 0.138737
v 0.005661 -0.028460 0.134003
v 0.005661 0.028460 0.134003
v 0.005685 -0.028580 0.132230
v 0.005685 0.028580 0.132230
v 0.005729 -0.021380 0.138552
v 0.005729 0.021380 0.138552
v 0.005763 -0.028974 0.001402
v 0.005763 0.028974 0.001402
v 0.005765 -0.021517 0.137741
v 0.005768 -0.003854 0.001895
v 0.005768 -0.003854 0.003095
v 0.005768 0.003854 0.001895
v 0.005768 0.003854 0.003095
v 0.005765 0.021517 0.137741
v 0.005781 -0.010013 0.001397
v 0.005781 -0.010013 0.002597
v 0.005781 0.010013 0.001397
v 0.005781 0.010013 0.002597
v 0.005798 -0.029149 0.132860
v 0.005798 0.029149 0.132860
v 0.005807 -0.029191 0.130985
v 0.005807 0.029191 0.130985
v 0.005815 -0.029236 0.000232
v 0.005815 0.029236 0.000232
v 0.005826 -0.021743 0.138438
v 0.005826 0.021743 0.138438
v 0.005924 -0.029781 0.129624
v 0.005924 0.029781 0.129624
v 0.005932 -0.029824 0.001652
v 0.005931 -0.029817 0.131595
v 0.005927 -0.022120 0.137680
v 0.005927 -0.022120 0.138400
v 0.005927 -0.022120 0.141900
v 0.005927 -0.022120 0.145100
v 0.005927 0.022120 0.137680
v 0.005927 0.022120 0.138400
v 0.005927 0.022120 0.141900
v 0.005927 0.022120 0.145100
v 0.005932 0.029824 0.001652
v 0.005931 0.029817 0.131595
v 0.005947 -0.017518 0.000555
v 0.005947 -0.017518 0.001755
v 0.005947 0.017518 0.000555
v 0.005947 0.017518 0.001755
v 0.005980 -0.019713 0.150247
v 0.005980 -0.019713 0.152647
v 0.005980 -0.019713 0.154447
v 0.005980 -0.019713 0.156847
v 0.005980 0.019713 0.147753
v 0.005980 0.019713 0.150153
v 0.005980 0.019713 0.151953
v 0.005980 0.019713 0.154353
v 0.005985 -0.022337 0.000149
v 0.005985 -0.022337 0.001349
v 0.005985 0.022337 0.000149
v 0.005985 0.022337 0.001349
v 0.006010 -0.030213 0.000519
v 0.006007 -0.022418 0.141949
v 0.006007 -0.022418 0.145051
v 0.006008 -0.003469 0.001895
v 0.006008 -0.003469 0.003095
v 0.006008 0.003469 0.001895
v 0.006008 0.003469 0.003095
v 0.006007 0.022418 0.141949
v 0.006007 0.022418 0.145051
v 0.006010 0.030213 0.000519
v 0.006037 -0.030348 0.128150
v 0.006037 0.030348 0.128150
v 0.006059 -0.030462 0.130211
v 0.006059 0.030462 0.130211
v 0.006079 -0.022687 0.142091
v 0.006079 -0.022687 0.144909
v 0.006079 0.022687 0.142091
v 0.006079 0.022687 0.144909
v 0.006095 -0.030642 0.001997
v 0.006099 -0.006955 0.001665
v 0.006099 -0.006955 0.002865
v 0.006099 0.006955 0.001665
v 0.006099 0.006955 0.002865
v 0.006095 0.030642 0.001997
v 0.006114 -0.022818 0.137611
v 0.006114 0.022818 0.137611
v 0.006132 -0.022883 0.138330
v 0.006132 0.022883 0.138330
v 0.006145 -0.030891 0.126570
v 0.006136 -0.022901 0.142312
v 0.006136 -0.022901 0.144688
v 0.006137 -0.012444 0.001110
v 0.006137 -0.012444 0.002310
v 0.006137 0.012444 0.001110
v 0.006137 0.012444 0.002310
v 0.006136 0.022901 0.142312
v 0.006136 0.022901 0.144688
v 0.006145 0.030891 0.126570
v 0.006173 -0.023038 0.142591
v 0.006173 -0.023038 0.144409
v 0.006173 0.023038 0.142591
v 0.006173 0.023038 0.144409
v 0.006183 -0.031082 0.128713
v 0.006183 0.031082 0.128713
v 0.006186 -0.023086 0.142900
v 0.006186 -0.023086 0.144100
v 0.006195 -0.014955 0.000823
v 0.006195 -0.014955 0.002023
v 0.006195 0.014955 0.000823
v 0.006195 0.014955 0.002023
v 0.006186 0.023086 0.142900
v 0.006186 0.023086 0.144100
v 0.006197 -0.031153 0.000916
v 0.006197 0.031153 0.000916
v 0.006222 -0.003068 0.001895
v 0.006222 -0.003068 0.003095
v 0.006222 0.003068 0.001895
v 0.006222 0.003068 0.003095
v 0.006249 -0.031417 0.002434
v 0.006247 -0.031406 0.124886
v 0.006247 0.031406 0.124886
v 0.006249 0.031417 0.002434
v 0.006301 -0.031675 0.127107
v 0.006301 -0.023515 0.137405
v 0.006301 0.023515 0.137405
v 0.006301 0.031675 0.127107
v 0.006332 -0.018655 0.140880
v 0.006332 -0.018655 0.164480
v 0.006332 0.018655 0.140880
v 0.006332 0.018655 0.164480
v 0.006344 -0.031894 0.123106
v 0.006336 -0.023645 0.138121
v 0.006336 0.023645 0.138121
v 0.006344 0.031894 0.123106
v 0.006352 -0.018713 0.140256
v 0.006352 0.018713 0.140256
v 0.006374 -0.032044 0.001418
v 0.006374 0.032044 0.001418
v 0.006393 -0.032139 0.002956
v 0.006393 0.032139 0.002956
v 0.006413 -0.032239 0.125396
v 0.006411 -0.018885 0.139655
v 0.006409 -0.002655 0.001895
v 0.006409 -0.002655 0.003095
v 0.006409 0.002655 0.001895
v 0.006409 0.002655 0.003095
v 0.006411 0.018885 0.139655
v 0.006413 0.032239 0.125396
v 0.006424 -0.009614 0.001397
v 0.006424 -0.009614 0.002597
v 0.006424 0.009614 0.001397
v 0.006424 0.009614 0.002597
v 0.006435 -0.032352 0.121234
v 0.006435 0.032352 0.121234
v 0.006486 -0.024207 0.137063
v 0.006486 0.024207 0.137063
v 0.006502 -0.021435 0.150967
v 0.006502 -0.021435 0.151927
v 0.006502 -0.021435 0.155167
v 0.006502 -0.021435 0.156127
v 0.006502 0.021435 0.148473
v 0.006502 0.021435 0.149433
v 0.006502 0.021435 0.152673
v 0.006502 0.021435 0.153633
v 0.006506 -0.019165 0.139102
v 0.006506 0.019165 0.139102
v 0.006524 -0.032800 0.003558
v 0.006520 -0.032779 0.119276
v 0.006519 -0.032772 0.123586
v 0.006519 0.032772 0.123586
v 0.006520 0.032779 0.119276
v 0.006524 0.032800 0.003558
v 0.006525 -0.019223 0.164000
v 0.006525 0.019223 0.164000
v 0.006539 -0.032873 0.002018
v 0.006538 -0.024401 0.137773
v 0.006541 -0.006541 0.001665
v 0.006541 -0.006541 0.002865
v 0.006541 0.006541 0.001665
v 0.006541 0.006541 0.002865
v 0.006538 0.024401 0.137773
v 0.006539 0.032873 0.002018
v 0.006569 -0.002230 0.001895
v 0.006569 -0.002230 0.003095
v 0.006569 0.002230 0.001895
v 0.006569 0.002230 0.003095
v 0.006584 -0.024571 0.000038
v 0.006584 -0.024571 0.001238
v 0.006584 0.024571 0.000038
v 0.006584 0.024571 0.001238
v 0.006598 -0.033173 0.117239
v 0.006599 -0.019440 0.163954
v 0.006599 0.019440 0.163954
v 0.006598 0.033173 0.117239
v 0.006618 -0.033272 0.121683
v 0.006618 0.033272 0.121683
v 0.006634 -0.019542 0.138617
v 0.006634 0.019542 0.138617
v 0.006642 -0.033390 0.004231
v 0.006642 0.033390 0.004231
v 0.006662 -0.019624 0.163824
v 0.006662 0.019624 0.163824
v 0.006670 -0.033533 0.115129
v 0.006670 -0.024892 0.136585
v 0.006670 0.024892 0.136585
v 0.006670 0.033533 0.115129
v 0.006690 -0.033632 0.002709
v 0.006690 -0.019708 0.000325
v 0.006690 -0.019708 0.001525
v 0.006690 0.019708 0.000325
v 0.006690 0.019708 0.001525
v 0.006690 0.033632 0.002709
v 0.006703 -0.019748 0.163630
v 0.006701 -0.001796 0.001895
v 0.006701 -0.001796 0.003095
v 0.006701 0.001796 0.001895
v 0.006701 0.001796 0.003095
v 0.006703 0.019748 0.163630
v 0.006711 -0.033738 0.119693
v 0.006711 0.033738 0.119693
v 0.006718 -0.019791 0.140400
v 0.006718 -0.019791 0.141900
v 0.006718 -0.019791 0.145100
v 0.006718 -0.019791 0.163400
v 0.006718 0.019791 0.140400
v 0.006718 0.019791 0.141900
v 0.006718 0.019791 0.145100
v 0.006718 0.019791 0.163400
v 0.006730 -0.019827 0.140010
v 0.006730 0.019827 0.140010
v 0.006744 -0.033902 0.004967
v 0.006735 -0.033859 0.112952
v 0.006739 -0.025150 0.137287
v 0.006739 0.025150 0.137287
v 0.006735 0.033859 0.112952
v 0.006744 0.033902 0.004967
v 0.006767 -0.019935 0.139635
v 0.006767 0.019935 0.139635
v 0.006793 -0.034149 0.110716
v 0.006790 -0.020001 0.138219
v 0.006790 0.020001 0.138219
v 0.006793 0.034149 0.110716
v 0.006797 -0.034169 0.117622
v 0.006804 -0.001353 0.001895
v 0.006804 -0.001353 0.003095
v 0.006804 0.001353 0.001895
v 0.006804 0.001353 0.003095
v 0.006797 0.034169 0.117622
v 0.006825 -0.034310 0.003483
v 0.006825 0.034310 0.003483
v 0.006829 -0.034330 0.005757
v 0.006826 -0.020110 0.139289
v 0.006826 0.020110 0.139289
v 0.006829 0.034330 0.005757
v 0.006843 -0.034402 0.108427
v 0.006843 0.034402 0.108427
v 0.006851 -0.025569 0.135973
v 0.006851 0.025569 0.135973
v 0.006875 -0.034564 0.115477
v 0.006878 -0.000906 0.001895
v 0.006878 -0.000906 0.003095
v 0.006878 0.000906 0.001895
v 0.006878 0.000906 0.003095
v 0.006875 0.034564 0.115477
v 0.006886 -0.034618 0.106092
v 0.006886 0.034618 0.106092
v 0.006896 -0.034669 0.006591
v 0.006896 0.034669 0.006591
v 0.006906 -0.020346 0.138986
v 0.006906 0.020346 0.138986
v 0.006921 -0.034795 0.103720
v 0.006923 -0.000454 0.001895
v 0.006923 -0.000454 0.003095
v 0.006923 0.000454 0.001895
v 0.006923 0.000454 0.003095
v 0.006921 0.034795 0.103720
v 0.006945 -0.034914 0.007459
v 0.006942 -0.034898 0.004329
v 0.006937 -0.025890 0.136665
v 0.006938 -0.012016 0.001110
v 0.006938 -0.012016 0.002310
v 0.006938 0.000000 0.001895
v 0.006938 0.000000 0.003095
v 0.006938 0.012016 0.001110
v 0.006938 0.012016 0.002310
v 0.006937 0.025890 0.136665
v 0.006942 0.034898 0.004329
v 0.006945 0.034914 0.007459
v 0.006949 -0.034933 0.101317
v 0.006946 -0.034920 0.113264
v 0.006955 -0.006099 0.001665
v 0.006955 -0.006099 0.002865
v 0.006955 0.006099 0.001665
v 0.006955 0.006099 0.002865
v 0.006946 0.034920 0.113264
v 0.006949 0.034933 0.101317
v 0.006974 -0.035062 0.008349
v 0.006968 -0.035033 0.098891
v 0.006967 -0.020525 0.137924
v 0.006967 0.020525 0.137924
v 0.006968 0.035033 0.098891
v 0.006974 0.035062 0.008349
v 0.006984 -0.035112 0.009250
v 0.006984 -0.035112 0.047000
v 0.006984 -0.035112 0.094000
v 0.006980 -0.035092 0.096449
v 0.006980 0.035092 0.096449
v 0.006984 0.035112 0.009250
v 0.006984 0.035112 0.047000
v 0.006984 0.035112 0.094000
v 0.007004 -0.020633 0.138737
v 0.007004 0.020633 0.138737
v 0.007009 -0.035236 0.110991
v 0.007009 0.035236 0.110991
v 0.007030 -0.026235 0.135229
v 0.007030 0.026235 0.135229
v 0.007040 -0.035391 0.005237
v 0.007039 -0.009173 0.001397
v 0.007039 -0.009173 0.002597
v 0.007039 0.009173 0.001397
v 0.007039 0.009173 0.002597
v 0.007040 0.035391 0.005237
v 0.007064 -0.035513 0.108664
v 0.007064 0.035513 0.108664
v 0.007080 -0.017092 0.000555
v 0.007080 -0.017092 0.001755
v 0.007080 0.017092 0.000555
v 0.007080 0.017092 0.001755
v 0.007111 -0.035749 0.106291
v 0.007115 -0.020960 0.138552
v 0.007115 0.020960 0.138552
v 0.007111 0.035749 0.106291
v 0.007117 -0.035780 0.006195
v 0.007117 0.035780 0.006195
v 0.007132 -0.026618 0.135908
v 0.007132 0.026618 0.135908
v 0.007149 -0.035942 0.103880
v 0.007149 0.035942 0.103880
v 0.007160 -0.021094 0.137741
v 0.007160 -0.014518 0.000823
v 0.007160 -0.014518 0.002023
v 0.007160 0.014518 0.000823
v 0.007160 0.014518 0.002023
v 0.007160 0.021094 0.137741
v 0.007173 -0.036062 0.007192
v 0.007173 0.036062 0.007192
v 0.007179 -0.036094 0.101437
v 0.007182 -0.026804 0.000000
v 0.007182 -0.026804 0.001200
v 0.007182 0.026804 0.000000
v 0.007182 0.026804 0.001200
v 0.007179 0.036094 0.101437
v 0.007201 -0.036202 0.098971
v 0.007205 -0.026888 0.134355
v 0.007205 0.026888 0.134355
v 0.007201 0.036202 0.098971
v 0.007214 -0.036267 0.096490
v 0.007207 -0.036232 0.008214
v 0.007207 0.036232 0.008214
v 0.007214 0.036267 0.096490
v 0.007218 -0.036289 0.009250
v 0.007218 -0.036289 0.047000
v 0.007218 -0.036289 0.094000
v 0.007218 0.036289 0.009250
v 0.007218 0.036289 0.047000
v 0.007218 0.036289 0.094000
v 0.007236 -0.021315 0.138438
v 0.007236 0.021315 0.138438
v 0.007324 -0.027332 0.135020
v 0.007324 0.027332 0.135020
v 0.007339 -0.005631 0.001665
v 0.007339 -0.005631 0.002865
v 0.007339 0.005631 0.001665
v 0.007339 0.005631 0.002865
v 0.007361 -0.021685 0.137680
v 0.007361 -0.021685 0.138400
v 0.007361 -0.021685 0.141900
v 0.007361 -0.021685 0.145100
v 0.007361 0.021685 0.137680
v 0.007361 0.021685 0.138400
v 0.007361 0.021685 0.141900
v 0.007361 0.021685 0.145100
v 0.007376 -0.027526 0.133354
v 0.007376 0.027526 0.133354
v 0.007416 -0.027675 0.001251
v 0.007416 0.027675 0.001251
v 0.007433 -0.021898 0.000149
v 0.007433 -0.021898 0.001349
v 0.007433 0.021898 0.000149
v 0.007433 0.021898 0.001349
v 0.007450 -0.027805 0.000058
v 0.007450 0.027805 0.000058
v 0.007460 -0.021977 0.141949
v 0.007460 -0.021977 0.145051
v 0.007460 0.021977 0.141949
v 0.007460 0.021977 0.145051
v 0.007510 -0.028029 0.134003
v 0.007510 0.028029 0.134003
v 0.007542 -0.028147 0.132230
v 0.007539 -0.018200 0.140880
v 0.007539 -0.018200 0.164480
v 0.007539 0.018200 0.140880
v 0.007539 0.018200 0.164480
v 0.007542 0.028147 0.132230
v 0.007550 -0.022241 0.142091
v 0.007550 -0.022241 0.144909
v 0.007550 0.022241 0.142091
v 0.007550 0.022241 0.144909
v 0.007562 -0.018257 0.140256
v 0.007562 0.018257 0.140256
v 0.007593 -0.022370 0.137611
v 0.007593 0.022370 0.137611
v 0.007621 -0.022451 0.142312
v 0.007621 -0.022451 0.144688
v 0.007615 -0.022433 0.138330
v 0.007624 -0.008693 0.001397
v 0.007624 -0.008693 0.002597
v 0.007624 0.008693 0.001397
v 0.007624 0.008693 0.002597
v 0.007615 0.022433 0.138330
v 0.007621 0.022451 0.142312
v 0.007621 0.022451 0.144688
v 0.007632 -0.018425 0.139655
v 0.007632 0.018425 0.139655
v 0.007646 -0.028535 0.001402
v 0.007646 0.028535 0.001402
v 0.007667 -0.022585 0.142591
v 0.007667 -0.022585 0.144409
v 0.007667 0.022585 0.142591
v 0.007667 0.022585 0.144409
v 0.007682 -0.022632 0.142900
v 0.007682 -0.022632 0.144100
v 0.007682 0.022632 0.142900
v 0.007682 0.022632 0.144100
v 0.007692 -0.028708 0.132860
v 0.007691 -0.005139 0.001665
v 0.007691 -0.005139 0.002865
v 0.007691 0.005139 0.001665
v 0.007691 0.005139 0.002865
v 0.007692 0.028708 0.132860
v 0.007703 -0.028749 0.130985
v 0.007703 0.028749 0.130985
v 0.007715 -0.028793 0.000232
v 0.007709 -0.011537 0.001110
v 0.007709 -0.011537 0.002310
v 0.007709 0.011537 0.001110
v 0.007709 0.011537 0.002310
v 0.007715 0.028793 0.000232
v 0.007745 -0.018699 0.139102
v 0.007745 0.018699 0.139102
v 0.007768 -0.018755 0.164000
v 0.007768 0.018755 0.164000
v 0.007825 -0.023052 0.137405
v 0.007825 0.023052 0.137405
v 0.007859 -0.029330 0.129624
v 0.007856 -0.018967 0.163954
v 0.007856 0.018967 0.163954
v 0.007859 0.029330 0.129624
v 0.007870 -0.029373 0.001652
v 0.007869 -0.029366 0.131595
v 0.007868 -0.023180 0.138121
v 0.007868 0.023180 0.138121
v 0.007870 0.029373 0.001652
v 0.007869 0.029366 0.131595
v 0.007883 -0.019032 0.150312
v 0.007883 -0.019032 0.152712
v 0.007883 -0.019032 0.154512
v 0.007883 -0.019032 0.156913
v 0.007883 0.019032 0.147687
v 0.007883 0.019032 0.150088
v 0.007883 0.019032 0.151888
v 0.007883 0.019032 0.154288
v 0.007898 -0.019066 0.138617
v 0.007898 0.019066 0.138617
v 0.007931 -0.019147 0.163824
v 0.007931 0.019147 0.163824
v 0.007965 -0.019228 0.000325
v 0.007965 -0.019228 0.001525
v 0.007965 0.019228 0.000325
v 0.007965 0.019228 0.001525
v 0.007973 -0.029755 0.000519
v 0.007973 0.029755 0.000519
v 0.007981 -0.019267 0.163630
v 0.007981 0.019267 0.163630
v 0.007998 -0.019309 0.140400
v 0.007998 -0.019309 0.141900
v 0.007998 -0.019309 0.145100
v 0.007998 -0.019309 0.163400
v 0.007998 0.019309 0.140400
v 0.007998 0.019309 0.141900
v 0.007998 0.019309 0.145100
v 0.007998 0.019309 0.163400
v 0.008009 -0.029889 0.128150
v 0.008013 -0.019345 0.140010
v 0.008011 -0.004625 0.001665
v 0.008011 -0.004625 0.002865
v 0.008011 0.004625 0.001665
v 0.008011 0.004625 0.002865
v 0.008013 0.019345 0.140010
v 0.008009 0.029889 0.128150
v 0.008039 -0.030001 0.130211
v 0.008039 0.030001 0.130211
v 0.008056 -0.023731 0.137063
v 0.008056 -0.019450 0.139635
v 0.008056 0.019450 0.139635
v 0.008056 0.023731 0.137063
v 0.008083 -0.019514 0.138219
v 0.008083 0.019514 0.138219
v 0.008086 -0.030178 0.001997
v 0.008094 -0.014019 0.000823
v 0.008094 -0.014019 0.002023
v 0.008094 0.014019 0.000823
v 0.008094 0.014019 0.002023
v 0.008086 0.030178 0.001997
v 0.008120 -0.023921 0.137773
v 0.008120 0.023921 0.137773
v 0.008127 -0.019620 0.139289
v 0.008127 0.019620 0.139289
v 0.008152 -0.030423 0.126570
v 0.008152 0.030423 0.126570
v 0.008177 -0.024088 0.000038
v 0.008177 -0.024088 0.001238
v 0.008182 -0.016592 0.000555
v 0.008182 -0.016592 0.001755
v 0.008176 -0.008176 0.001397
v 0.008176 -0.008176 0.002597
v 0.008176 0.008176 0.001397
v 0.008176 0.008176 0.002597
v 0.008182 0.016592 0.000555
v 0.008182 0.016592 0.001755
v 0.008177 0.024088 0.000038
v 0.008177 0.024088 0.001238
v 0.008202 -0.030611 0.128713
v 0.008202 0.030611 0.128713
v 0.008221 -0.030681 0.000916
v 0.008222 -0.019850 0.138986
v 0.008222 0.019850 0.138986
v 0.008221 0.030681 0.000916
v 0.008284 -0.024403 0.136585
v 0.008284 0.024403 0.136585
v 0.008291 -0.030941 0.002434
v 0.008288 -0.030931 0.124886
v 0.008295 -0.020025 0.137924
v 0.008295 0.020025 0.137924
v 0.008288 0.030931 0.124886
v 0.008291 0.030941 0.002434
v 0.008296 -0.004091 0.001665
v 0.008296 -0.004091 0.002865
v 0.008296 0.004091 0.001665
v 0.008296 0.004091 0.002865
v 0.008338 -0.020130 0.138737
v 0.008338 0.020130 0.138737
v 0.008359 -0.031195 0.127107
v 0.008359 0.031195 0.127107
v 0.008369 -0.024656 0.137287
v 0.008369 0.024656 0.137287
v 0.008416 -0.031411 0.123106
v 0.008416 0.031411 0.123106
v 0.008447 -0.011008 0.001110
v 0.008447 -0.011008 0.002310
v 0.008447 0.011008 0.001110
v 0.008447 0.011008 0.002310
v 0.008456 -0.031558 0.001418
v 0.008456 0.031558 0.001418
v 0.008471 -0.020450 0.138552
v 0.008471 0.020450 0.138552
v 0.008481 -0.031653 0.002956
v 0.008481 0.031653 0.002956
v 0.008507 -0.031750 0.125396
v 0.008509 -0.025066 0.135973
v 0.008509 0.025066 0.135973
v 0.008507 0.031750 0.125396
v 0.008525 -0.020580 0.137741
v 0.008525 0.020580 0.137741
v 0.008537 -0.031862 0.121234
v 0.008537 0.031862 0.121234
v 0.008546 -0.003540 0.001665
v 0.008546 -0.003540 0.002865
v 0.008546 0.003540 0.001665
v 0.008546 0.003540 0.002865
v 0.008572 -0.020695 0.151033
v 0.008572 -0.020695 0.151992
v 0.008572 -0.020695 0.155233
v 0.008572 -0.020695 0.156192
v 0.008572 0.020695 0.148408
v 0.008572 0.020695 0.149367
v 0.008572 0.020695 0.152608
v 0.008572 0.020695 0.153567
v 0.008614 -0.020796 0.138438
v 0.008614 0.020796 0.138438
v 0.008616 -0.025381 0.136665
v 0.008616 0.025381 0.136665
v 0.008650 -0.032282 0.119276
v 0.008648 -0.032275 0.123586
v 0.008650 0.032282 0.119276
v 0.008648 0.032275 0.123586
v 0.008655 -0.032303 0.003558
v 0.008655 0.032303 0.003558
v 0.008675 -0.032375 0.002018
v 0.008675 0.032375 0.002018
v 0.008693 -0.007624 0.001397
v 0.008693 -0.007624 0.002597
v 0.008693 0.007624 0.001397
v 0.008693 0.007624 0.002597
v 0.008713 -0.017668 0.140880
v 0.008713 -0.017668 0.164480
v 0.008713 0.017668 0.140880
v 0.008713 0.017668 0.164480
v 0.008730 -0.025719 0.135229
v 0.008730 0.025719 0.135229
v 0.008740 -0.017724 0.140256
v 0.008740 0.017724 0.140256
v 0.008754 -0.032670 0.117239
v 0.008754 0.032670 0.117239
v 0.008763 -0.021157 0.137680
v 0.008763 -0.021157 0.138400
v 0.008763 -0.021157 0.141900
v 0.008763 -0.021157 0.145100
v 0.008759 -0.002973 0.001665
v 0.008759 -0.002973 0.002865
v 0.008759 0.002973 0.001665
v 0.008759 0.002973 0.002865
v 0.008763 0.021157 0.137680
v 0.008763 0.021157 0.138400
v 0.008763 0.021157 0.141900
v 0.008763 0.021157 0.145100
v 0.008780 -0.032768 0.121683
v 0.008780 0.032768 0.121683
v 0.008811 -0.032884 0.004231
v 0.008811 0.032884 0.004231
v 0.008821 -0.017887 0.139655
v 0.008821 0.017887 0.139655
v 0.008849 -0.033025 0.115129
v 0.008850 -0.021365 0.000149
v 0.008850 -0.021365 0.001349
v 0.008850 0.021365 0.000149
v 0.008850 0.021365 0.001349
v 0.008849 0.033025 0.115129
v 0.008858 -0.026094 0.135908
v 0.008858 0.026094 0.135908
v 0.008875 -0.033122 0.002709
v 0.008882 -0.021442 0.141949
v 0.008882 -0.021442 0.145051
v 0.008882 0.021442 0.141949
v 0.008882 0.021442 0.145051
v 0.008875 0.033122 0.002709
v 0.008903 -0.033227 0.119693
v 0.008903 0.033227 0.119693
v 0.008920 -0.026277 0.000000
v 0.008920 -0.026277 0.001200
v 0.008920 0.026277 0.000000
v 0.008920 0.026277 0.001200
v 0.008935 -0.002394 0.001665
v 0.008935 -0.002394 0.002865
v 0.008935 0.002394 0.001665
v 0.008935 0.002394 0.002865
v 0.008935 -0.033346 0.112952
v 0.008935 0.033346 0.112952
v 0.008946 -0.033388 0.004967
v 0.008948 -0.026359 0.134355
v 0.008952 -0.018152 0.139102
v 0.008952 0.018152 0.139102
v 0.008948 0.026359 0.134355
v 0.008946 0.033388 0.004967
v 0.008978 -0.018207 0.164000
v 0.008978 0.018207 0.164000
v 0.008988 -0.021700 0.142091
v 0.008988 -0.021700 0.144909
v 0.008993 -0.013459 0.000823
v 0.008993 -0.013459 0.002023
v 0.008993 0.013459 0.000823
v 0.008993 0.013459 0.002023
v 0.008988 0.021700 0.142091
v 0.008988 0.021700 0.144909
v 0.009012 -0.033632 0.110716
v 0.009012 0.033632 0.110716
v 0.009017 -0.033652 0.117622
v 0.009017 0.033652 0.117622
v 0.009040 -0.021825 0.137611
v 0.009040 0.021825 0.137611
v 0.009054 -0.033790 0.003483
v 0.009054 0.033790 0.003483
v 0.009059 -0.033810 0.005757
v 0.009059 0.033810 0.005757
v 0.009073 -0.021904 0.142312
v 0.009073 -0.021904 0.144688
v 0.009066 -0.021887 0.138330
v 0.009072 -0.001805 0.001665
v 0.009072 -0.001805 0.002865
v 0.009072 0.001805 0.001665
v 0.009072 0.001805 0.002865
v 0.009066 0.021887 0.138330
v 0.009073 0.021904 0.142312
v 0.009073 0.021904 0.144688
v 0.009078 -0.033881 0.108427
v 0.009080 -0.018412 0.163954
v 0.009080 0.018412 0.163954
v 0.009078 0.033881 0.108427
v 0.009095 -0.026794 0.135020
v 0.009095 0.026794 0.135020
v 0.009121 -0.034040 0.115477
v 0.009121 0.034040 0.115477
v 0.009127 -0.022036 0.142591
v 0.009127 -0.022036 0.144409
v 0.009128 -0.018509 0.138617
v 0.009128 0.018509 0.138617
v 0.009127 0.022036 0.142591
v 0.009127 0.022036 0.144409
v 0.009135 -0.034093 0.106092
v 0.009135 0.034093 0.106092
v 0.009149 -0.034144 0.006591
v 0.009146 -0.022081 0.142900
v 0.009146 -0.022081 0.144100
v 0.009148 -0.010432 0.001110
v 0.009148 -0.010432 0.002310
v 0.009148 0.010432 0.001110
v 0.009148 0.010432 0.002310
v 0.009146 0.022081 0.142900
v 0.009146 0.022081 0.144100
v 0.009149 0.034144 0.006591
v 0.009160 -0.026985 0.133354
v 0.009160 0.026985 0.133354
v 0.009166 -0.018587 0.163824
v 0.009173 -0.007039 0.001397
v 0.009173 -0.007039 0.002597
v 0.009171 -0.001207 0.001665
v 0.009171 -0.001207 0.002865
v 0.009171 0.001207 0.001665
v 0.009171 0.001207 0.002865
v 0.009173 0.007039 0.001397
v 0.009173 0.007039 0.002597
v 0.009166 0.018587 0.163824
v 0.009182 -0.034268 0.103720
v 0.009182 0.034268 0.103720
v 0.009213 -0.034385 0.007459
v 0.009215 -0.034390 0.113264
v 0.009209 -0.034370 0.004329
v 0.009210 -0.027131 0.001251
v 0.009205 -0.018666 0.000325
v 0.009205 -0.018666 0.001525
v 0.009205 0.018666 0.000325
v 0.009205 0.018666 0.001525
v 0.009210 0.027131 0.001251
v 0.009209 0.034370 0.004329
v 0.009213 0.034385 0.007459
v 0.009215 0.034390 0.113264
v 0.009219 -0.034404 0.101317
v 0.009224 -0.018704 0.163630
v 0.009224 0.018704 0.163630
v 0.009219 0.034404 0.101317
v 0.009230 -0.000605 0.001665
v 0.009230 -0.000605 0.002865
v 0.009230 0.000605 0.001665
v 0.009230 0.000605 0.002865
v 0.009245 -0.034502 0.098891
v 0.009244 -0.018745 0.140400
v 0.009244 -0.018745 0.141900
v 0.009244 -0.018745 0.145100
v 0.009244 -0.018745 0.163400
v 0.009244 0.018745 0.140400
v 0.009244 0.018745 0.141900
v 0.009244 0.018745 0.145100
v 0.009244 0.018745 0.163400
v 0.009245 0.034502 0.098891
v 0.009253 -0.034531 0.008349
v 0.009253 -0.027258 0.000058
v 0.009250 -0.016021 0.000555
v 0.009250 -0.016021 0.001755
v 0.009250 0.000000 0.001665
v 0.009250 0.000000 0.002865
v 0.009250 0.016021 0.000555
v 0.009250 0.016021 0.001755
v 0.009253 0.027258 0.000058
v 0.009253 0.034531 0.008349
v 0.009260 -0.034561 0.096449
v 0.009261 -0.018779 0.140010
v 0.009261 0.018779 0.140010
v 0.009260 0.034561 0.096449
v 0.009266 -0.034580 0.009250
v 0.009266 -0.034580 0.047000
v 0.009266 -0.034580 0.094000
v 0.009266 0.034580 0.009250
v 0.009266 0.034580 0.047000
v 0.009266 0.034580 0.094000
v 0.009299 -0.034703 0.110991
v 0.009299 0.034703 0.110991
v 0.009311 -0.018881 0.139635
v 0.009311 0.018881 0.139635
v 0.009316 -0.022491 0.137405
v 0.009316 0.022491 0.137405
v 0.009327 -0.027478 0.134003
v 0.009327 0.027478 0.134003
v 0.009339 -0.034854 0.005237
v 0.009342 -0.018944 0.138219
v 0.009342 0.018944 0.138219
v 0.009339 0.034854 0.005237
v 0.009372 -0.034975 0.108664
v 0.009367 -0.027594 0.132230
v 0.009368 -0.022615 0.138121
v 0.009368 0.022615 0.138121
v 0.009367 0.027594 0.132230
v 0.009372 0.034975 0.108664
v 0.009393 -0.019047 0.139289
v 0.009393 0.019047 0.139289
v 0.009434 -0.035207 0.106291
v 0.009434 0.035207 0.106291
v 0.009442 -0.035238 0.006195
v 0.009442 0.035238 0.006195
v 0.009485 -0.035398 0.103880
v 0.009485 0.035398 0.103880
v 0.009496 -0.027974 0.001402
v 0.009503 -0.019270 0.138986
v 0.009503 0.019270 0.138986
v 0.009496 0.027974 0.001402
v 0.009525 -0.035547 0.101437
v 0.009516 -0.035515 0.007192
v 0.009516 0.035515 0.007192
v 0.009525 0.035547 0.101437
v 0.009553 -0.035654 0.098971
v 0.009553 -0.028143 0.132860
v 0.009553 0.028143 0.132860
v 0.009553 0.035654 0.098971
v 0.009561 -0.035683 0.008214
v 0.009561 0.035683 0.008214
v 0.009571 -0.035718 0.096490
v 0.009567 -0.028184 0.130985
v 0.009567 0.028184 0.130985
v 0.009571 0.035718 0.096490
v 0.009576 -0.035739 0.009250
v 0.009576 -0.035739 0.047000
v 0.009576 -0.035739 0.094000
v 0.009582 -0.028226 0.000232
v 0.009582 0.028226 0.000232
v 0.009576 0.035739 0.009250
v 0.009576 0.035739 0.047000
v 0.009576 0.035739 0.094000
v 0.009590 -0.023153 0.137063
v 0.009587 -0.019440 0.137924
v 0.009587 0.019440 0.137924
v 0.009590 0.023153 0.137063
v 0.009614 -0.006424 0.001397
v 0.009614 -0.006424 0.002597
v 0.009614 0.006424 0.001397
v 0.009614 0.006424 0.002597
v 0.009637 -0.019542 0.138737
v 0.009637 0.019542 0.138737
v 0.009667 -0.023339 0.137773
v 0.009667 0.023339 0.137773
v 0.009711 -0.018168 0.150378
v 0.009711 -0.018168 0.152778
v 0.009711 -0.018168 0.154578
v 0.009711 -0.018168 0.156978
v 0.009711 0.018168 0.147622
v 0.009711 0.018168 0.150022
v 0.009711 0.018168 0.151822
v 0.009711 0.018168 0.154222
v 0.009735 -0.023501 0.000038
v 0.009735 -0.023501 0.001238
v 0.009735 0.023501 0.000038
v 0.009735 0.023501 0.001238
v 0.009760 -0.028753 0.129624
v 0.009760 0.028753 0.129624
v 0.009775 -0.028795 0.001652
v 0.009772 -0.028788 0.131595
v 0.009775 0.028795 0.001652
v 0.009772 0.028788 0.131595
v 0.009790 -0.019852 0.138552
v 0.009790 0.019852 0.138552
v 0.009811 -0.009811 0.001110
v 0.009811 -0.009811 0.002310
v 0.009811 0.009811 0.001110
v 0.009811 0.009811 0.002310
v 0.009852 -0.019978 0.137741
v 0.009850 -0.017061 0.140880
v 0.009850 -0.017061 0.164480
v 0.009854 -0.012842 0.000823
v 0.009854 -0.012842 0.002023
v 0.009854 0.012842 0.000823
v 0.009854 0.012842 0.002023
v 0.009850 0.017061 0.140880
v 0.009850 0.017061 0.164480
v 0.009852 0.019978 0.137741
v 0.009862 -0.023809 0.136585
v 0.009862 0.023809 0.136585
v 0.009881 -0.017114 0.140256
v 0.009881 0.017114 0.140256
v 0.009902 -0.029170 0.000519
v 0.009902 0.029170 0.000519
v 0.009946 -0.029301 0.128150
v 0.009946 0.029301 0.128150
v 0.009964 -0.024056 0.137287
v 0.009956 -0.020188 0.138438
v 0.009956 0.020188 0.138438
v 0.009964 0.024056 0.137287
v 0.009972 -0.017272 0.139655
v 0.009972 0.017272 0.139655
v 0.009984 -0.029411 0.130211
v 0.009984 0.029411 0.130211
v 0.010013 -0.005781 0.001397
v 0.010013 -0.005781 0.002597
v 0.010013 0.005781 0.001397
v 0.010013 0.005781 0.002597
v 0.010043 -0.029585 0.001997
v 0.010043 0.029585 0.001997
v 0.010124 -0.029824 0.126570
v 0.010120 -0.017528 0.139102
v 0.010120 0.017528 0.139102
v 0.010124 0.029824 0.126570
v 0.010130 -0.024456 0.135973
v 0.010128 -0.020538 0.137680
v 0.010128 -0.020538 0.138400
v 0.010128 -0.020538 0.141900
v 0.010128 -0.020538 0.145100
v 0.010128 0.020538 0.137680
v 0.010128 0.020538 0.138400
v 0.010128 0.020538 0.141900
v 0.010128 0.020538 0.145100
v 0.010130 0.024456 0.135973
v 0.010150 -0.017580 0.164000
v 0.010150 0.017580 0.164000
v 0.010187 -0.030009 0.128713
v 0.010187 0.030009 0.128713
v 0.010210 -0.030078 0.000916
v 0.010210 0.030078 0.000916
v 0.010228 -0.020740 0.000149
v 0.010228 -0.020740 0.001349
v 0.010228 0.020740 0.000149
v 0.010228 0.020740 0.001349
v 0.010257 -0.024763 0.136665
v 0.010265 -0.017779 0.163954
v 0.010265 0.017779 0.163954
v 0.010257 0.024763 0.136665
v 0.010265 -0.020816 0.141949
v 0.010265 -0.020816 0.145051
v 0.010265 0.020816 0.141949
v 0.010265 0.020816 0.145051
v 0.010278 -0.015382 0.000555
v 0.010278 -0.015382 0.001755
v 0.010278 0.015382 0.000555
v 0.010278 0.015382 0.001755
v 0.010293 -0.030322 0.124886
v 0.010293 0.030322 0.124886
v 0.010297 -0.030333 0.002434
v 0.010297 0.030333 0.002434
v 0.010319 -0.017872 0.138617
v 0.010319 0.017872 0.138617
v 0.010362 -0.017948 0.163824
v 0.010362 0.017948 0.163824
v 0.010370 -0.005114 0.001397
v 0.010370 -0.005114 0.002597
v 0.010370 0.005114 0.001397
v 0.010370 0.005114 0.002597
v 0.010381 -0.030582 0.127107
v 0.010381 0.030582 0.127107
v 0.010394 -0.025093 0.135229
v 0.010388 -0.021066 0.142091
v 0.010388 -0.021066 0.144909
v 0.010388 0.021066 0.142091
v 0.010388 0.021066 0.144909
v 0.010394 0.025093 0.135229
v 0.010406 -0.018024 0.000325
v 0.010406 -0.018024 0.001525
v 0.010406 0.018024 0.000325
v 0.010406 0.018024 0.001525
v 0.010427 -0.018060 0.163630
v 0.010432 -0.009148 0.001110
v 0.010432 -0.009148 0.002310
v 0.010432 0.009148 0.001110
v 0.010432 0.009148 0.002310
v 0.010427 0.018060 0.163630
v 0.010453 -0.030793 0.123106
v 0.010448 -0.021187 0.137611
v 0.010450 -0.018100 0.140400
v 0.010450 -0.018100 0.141900
v 0.010450 -0.018100 0.145100
v 0.010450 -0.018100 0.163400
v 0.010450 0.018100 0.140400
v 0.010450 0.018100 0.141900
v 0.010450 0.018100 0.145100
v 0.010450 0.018100 0.163400
v 0.010448 0.021187 0.137611
v 0.010453 0.030793 0.123106
v 0.010469 -0.018133 0.140010
v 0.010469 0.018133 0.140010
v 0.010478 -0.021247 0.138330
v 0.010478 0.021247 0.138330
v 0.010486 -0.021264 0.142312
v 0.010486 -0.021264 0.144688
v 0.010486 0.021264 0.142312
v 0.010486 0.021264 0.144688
v 0.010502 -0.030937 0.001418
v 0.010502 0.030937 0.001418
v 0.010533 -0.031030 0.002956
v 0.010526 -0.018232 0.139635
v 0.010526 0.018232 0.139635
v 0.010533 0.031030 0.002956
v 0.010546 -0.025459 0.135908
v 0.010549 -0.021391 0.142591
v 0.010549 -0.021391 0.144409
v 0.010549 0.021391 0.142591
v 0.010549 0.021391 0.144409
v 0.010546 0.025459 0.135908
v 0.010559 -0.019755 0.151098
v 0.010559 -0.019755 0.152058
v 0.010559 -0.019755 0.155298
v 0.010559 -0.019755 0.156258
v 0.010561 -0.018292 0.138219
v 0.010561 0.018292 0.138219
v 0.010559 0.019755 0.148342
v 0.010559 0.019755 0.149302
v 0.010559 0.019755 0.152542
v 0.010559 0.019755 0.153502
v 0.010566 -0.031126 0.125396
v 0.010571 -0.021435 0.142900
v 0.010571 -0.021435 0.144100
v 0.010571 0.021435 0.142900
v 0.010571 0.021435 0.144100
v 0.010566 0.031126 0.125396
v 0.010603 -0.031235 0.121234
v 0.010603 0.031235 0.121234
v 0.010619 -0.025638 0.000000
v 0.010619 -0.025638 0.001200
v 0.010619 -0.018392 0.139289
v 0.010619 0.018392 0.139289
v 0.010619 0.025638 0.000000
v 0.010619 0.025638 0.001200
v 0.010653 -0.025718 0.134355
v 0.010653 0.025718 0.134355
v 0.010673 -0.012170 0.000823
v 0.010673 -0.012170 0.002023
v 0.010673 0.012170 0.000823
v 0.010673 0.012170 0.002023
v 0.010682 -0.004425 0.001397
v 0.010682 -0.004425 0.002597
v 0.010682 0.004425 0.001397
v 0.010682 0.004425 0.002597
v 0.010743 -0.031647 0.119276
v 0.010740 -0.031640 0.123586
v 0.010743 -0.018607 0.138986
v 0.010743 0.018607 0.138986
v 0.010740 0.031640 0.123586
v 0.010743 0.031647 0.119276
v 0.010750 -0.031667 0.003558
v 0.010750 0.031667 0.003558
v 0.010774 -0.031739 0.002018
v 0.010767 -0.021834 0.137405
v 0.010767 0.021834 0.137405
v 0.010774 0.031739 0.002018
v 0.010828 -0.026142 0.135020
v 0.010827 -0.021954 0.138121
v 0.010827 0.021954 0.138121
v 0.010828 0.026142 0.135020
v 0.010838 -0.018771 0.137924
v 0.010838 0.018771 0.137924
v 0.010872 -0.032028 0.117239
v 0.010872 0.032028 0.117239
v 0.010894 -0.018870 0.138737
v 0.010894 0.018870 0.138737
v 0.010904 -0.032123 0.121683
v 0.010904 0.032123 0.121683
v 0.010905 -0.026328 0.133354
v 0.010905 0.026328 0.133354
v 0.010943 -0.032237 0.004231
v 0.010945 -0.016380 0.140880
v 0.010945 -0.016380 0.164480
v 0.010945 0.016380 0.140880
v 0.010945 0.016380 0.164480
v 0.010943 0.032237 0.004231
v 0.010949 -0.003717 0.001397
v 0.010949 -0.003717 0.002597
v 0.010949 0.003717 0.001397
v 0.010949 0.003717 0.002597
v 0.010964 -0.026470 0.001251
v 0.010964 0.026470 0.001251
v 0.010979 -0.016431 0.140256
v 0.010979 0.016431 0.140256
v 0.010990 -0.032376 0.115129
v 0.010990 0.032376 0.115129
v 0.011008 -0.008447 0.001110
v 0.011008 -0.008447 0.002310
v 0.011008 0.008447 0.001110
v 0.011008 0.008447 0.002310
v 0.011022 -0.032471 0.002709
v 0.011016 -0.026594 0.000058
v 0.011016 0.026594 0.000058
v 0.011022 0.032471 0.002709
v 0.011057 -0.032574 0.119693
v 0.011057 0.032574 0.119693
v 0.011067 -0.019169 0.138552
v 0.011067 0.019169 0.138552
v 0.011084 -0.022476 0.137063
v 0.011080 -0.016582 0.139655
v 0.011080 0.016582 0.139655
v 0.011084 0.022476 0.137063
v 0.011097 -0.032690 0.112952
v 0.011105 -0.026809 0.134003
v 0.011105 0.026809 0.134003
v 0.011097 0.032690 0.112952
v 0.011111 -0.032732 0.004967
v 0.011111 0.032732 0.004967
v 0.011138 -0.019291 0.137741
v 0.011138 0.019291 0.137741
v 0.011151 -0.026922 0.132230
v 0.011151 0.026922 0.132230
v 0.011173 -0.022657 0.137773
v 0.011169 -0.002993 0.001397
v 0.011169 -0.002993 0.002597
v 0.011169 0.002993 0.001397
v 0.011169 0.002993 0.002597
v 0.011173 0.022657 0.137773
v 0.011192 -0.032970 0.110716
v 0.011192 0.032970 0.110716
v 0.011199 -0.032990 0.117622
v 0.011199 0.032990 0.117622
v 0.011245 -0.033125 0.003483
v 0.011244 -0.016828 0.139102
v 0.011244 0.016828 0.139102
v 0.011245 0.033125 0.003483
v 0.011251 -0.033145 0.005757
v 0.011251 -0.022814 0.000038
v 0.011251 -0.022814 0.001238
v 0.011255 -0.019494 0.138438
v 0.011255 0.019494 0.138438
v 0.011251 0.022814 0.000038
v 0.011251 0.022814 0.001238
v 0.011251 0.033145 0.005757
v 0.011262 -0.014677 0.000555
v 0.011262 -0.014677 0.001755
v 0.011262 0.014677 0.000555
v 0.011262 0.014677 0.001755
v 0.011275 -0.033215 0.108427
v 0.011275 0.033215 0.108427
v 0.011278 -0.016879 0.164000
v 0.011278 0.016879 0.164000
v 0.011305 -0.027293 0.001402
v 0.011305 0.027293 0.001402
v 0.011328 -0.033370 0.115477
v 0.011328 0.033370 0.115477
v 0.011340 -0.002256 0.001397
v 0.011340 -0.002256 0.002597
v 0.011340 0.002256 0.001397
v 0.011340 0.002256 0.002597
v 0.011345 -0.033423 0.106092
v 0.011345 0.033423 0.106092
v 0.011362 -0.033472 0.006591
v 0.011362 0.033472 0.006591
v 0.011374 -0.027458 0.132860
v 0.011374 0.027458 0.132860
v 0.011390 -0.027498 0.130985
v 0.011390 0.027498 0.130985
v 0.011404 -0.033594 0.103720
v 0.011398 -0.023113 0.136585
v 0.011398 0.023113 0.136585
v 0.011404 0.033594 0.103720
v 0.011407 -0.027539 0.000232
v 0.011406 -0.017070 0.163954
v 0.011406 0.017070 0.163954
v 0.011407 0.027539 0.000232
v 0.011443 -0.033709 0.007459
v 0.011444 -0.033714 0.113264
v 0.011438 -0.033694 0.004329
v 0.011445 -0.017128 0.150444
v 0.011445 -0.017128 0.152844
v 0.011445 -0.017128 0.154644
v 0.011445 -0.017128 0.157044
v 0.011445 0.017128 0.147556
v 0.011445 0.017128 0.149956
v 0.011445 0.017128 0.151756
v 0.011445 0.017128 0.154156
v 0.011438 0.033694 0.004329
v 0.011443 0.033709 0.007459
v 0.011444 0.033714 0.113264
v 0.011449 -0.033728 0.101317
v 0.011450 -0.019832 0.137680
v 0.011450 -0.019832 0.138400
v 0.011450 -0.019832 0.141900
v 0.011450 -0.019832 0.145100
v 0.011446 -0.011446 0.000823
v 0.011446 -0.011446 0.002023
v 0.011446 0.011446 0.000823
v 0.011446 0.011446 0.002023
v 0.011450 0.019832 0.137680
v 0.011450 0.019832 0.138400
v 0.011450 0.019832 0.141900
v 0.011450 0.019832 0.145100
v 0.011449 0.033728 0.101317
v 0.011464 -0.001509 0.001397
v 0.011464 -0.001509 0.002597
v 0.011464 0.001509 0.001397
v 0.011464 0.001509 0.002597
v 0.011465 -0.017159 0.138617
v 0.011465 0.017159 0.138617
v 0.011481 -0.033823 0.098891
v 0.011481 0.033823 0.098891
v 0.011491 -0.033852 0.008349
v 0.011491 0.033852 0.008349
v 0.011501 -0.033881 0.096449
v 0.011501 0.033881 0.096449
v 0.011508 -0.033900 0.009250
v 0.011508 -0.033900 0.047000
v 0.011508 -0.033900 0.094000
v 0.011514 -0.017232 0.163824
v 0.011514 0.017232 0.163824
v 0.011508 0.033900 0.009250
v 0.011508 0.033900 0.047000
v 0.011508 0.033900 0.094000
v 0.011516 -0.023352 0.137287
v 0.011516 0.023352 0.137287
v 0.011537 -0.007709 0.001110
v 0.011537 -0.007709 0.002310
v 0.011538 -0.000756 0.001397
v 0.011538 -0.000756 0.002597
v 0.011538 0.000756 0.001397
v 0.011538 0.000756 0.002597
v 0.011537 0.007709 0.001110
v 0.011537 0.007709 0.002310
v 0.011548 -0.034020 0.110991
v 0.011548 0.034020 0.110991
v 0.011563 -0.020027 0.000149
v 0.011563 -0.020027 0.001349
v 0.011563 -0.017305 0.000325
v 0.011563 -0.017305 0.001525
v 0.011563 0.000000 0.001397
v 0.011563 0.000000 0.002597
v 0.011563 0.017305 0.000325
v 0.011563 0.017305 0.001525
v 0.011563 0.020027 0.000149
v 0.011563 0.020027 0.001349
v 0.011586 -0.017340 0.163630
v 0.011586 0.017340 0.163630
v 0.011599 -0.034169 0.005237
v 0.011605 -0.020100 0.141949
v 0.011605 -0.020100 0.145051
v 0.011605 0.020100 0.141949
v 0.011605 0.020100 0.145051
v 0.011599 0.034169 0.005237
v 0.011611 -0.017378 0.140400
v 0.011611 -0.017378 0.141900
v 0.011611 -0.017378 0.145100
v 0.011611 -0.017378 0.163400
v 0.011611 0.017378 0.140400
v 0.011611 0.017378 0.141900
v 0.011611 0.017378 0.145100
v 0.011611 0.017378 0.163400
v 0.011620 -0.028053 0.129624
v 0.011620 0.028053 0.129624
v 0.011634 -0.028087 0.131595
v 0.011633 -0.017410 0.140010
v 0.011633 0.017410 0.140010
v 0.011634 0.028087 0.131595
v 0.011639 -0.034287 0.108664
v 0.011637 -0.028094 0.001652
v 0.011637 0.028094 0.001652
v 0.011639 0.034287 0.108664
v 0.011696 -0.017504 0.139635
v 0.011696 0.017504 0.139635
v 0.011708 -0.023741 0.135973
v 0.011708 0.023741 0.135973
v 0.011716 -0.034515 0.106291
v 0.011716 0.034515 0.106291
v 0.011726 -0.034545 0.006195
v 0.011735 -0.017562 0.138219
v 0.011735 0.017562 0.138219
v 0.011726 0.034545 0.006195
v 0.011744 -0.020341 0.142091
v 0.011744 -0.020341 0.144909
v 0.011744 0.020341 0.142091
v 0.011744 0.020341 0.144909
v 0.011780 -0.034702 0.103880
v 0.011780 0.034702 0.103880
v 0.011789 -0.028460 0.000519
v 0.011789 0.028460 0.000519
v 0.011799 -0.017658 0.139289
v 0.011799 0.017658 0.139289
v 0.011812 -0.020458 0.137611
v 0.011812 0.020458 0.137611
v 0.011819 -0.034817 0.007192
v 0.011819 0.034817 0.007192
v 0.011829 -0.034848 0.101437
v 0.011829 0.034848 0.101437
v 0.011841 -0.028588 0.128150
v 0.011841 0.028588 0.128150
v 0.011855 -0.024039 0.136665
v 0.011855 -0.020533 0.142312
v 0.011855 -0.020533 0.144688
v 0.011845 -0.020517 0.138330
v 0.011845 0.020517 0.138330
v 0.011855 0.020533 0.142312
v 0.011855 0.020533 0.144688
v 0.011855 0.024039 0.136665
v 0.011865 -0.034952 0.098971
v 0.011865 0.034952 0.098971
v 0.011875 -0.034981 0.008214
v 0.011875 0.034981 0.008214
v 0.011893 -0.035036 0.009250
v 0.011893 -0.035036 0.047000
v 0.011893 -0.035036 0.094000
v 0.011886 -0.035015 0.096490
v 0.011886 -0.028695 0.130211
v 0.011886 0.028695 0.130211
v 0.011886 0.035015 0.096490
v 0.011893 0.035036 0.009250
v 0.011893 0.035036 0.047000
v 0.011893 0.035036 0.094000
v 0.011926 -0.020656 0.142591
v 0.011926 -0.020656 0.144409
v 0.011926 0.020656 0.142591
v 0.011926 0.020656 0.144409
v 0.011937 -0.017865 0.138986
v 0.011937 0.017865 0.138986
v 0.011950 -0.020698 0.142900
v 0.011950 -0.020698 0.144100
v 0.011950 0.020698 0.142900
v 0.011950 0.020698 0.144100
v 0.011956 -0.028865 0.001997
v 0.011956 0.028865 0.001997
v 0.011993 -0.015629 0.140880
v 0.011993 -0.015629 0.164480
v 0.011993 0.015629 0.140880
v 0.011993 0.015629 0.164480
v 0.012013 -0.024360 0.135229
v 0.012013 0.024360 0.135229
v 0.012016 -0.006938 0.001110
v 0.012016 -0.006938 0.002310
v 0.012016 0.006938 0.001110
v 0.012016 0.006938 0.002310
v 0.012030 -0.015678 0.140256
v 0.012030 0.015678 0.140256
v 0.012042 -0.018022 0.137924
v 0.012042 0.018022 0.137924
v 0.012053 -0.029098 0.126570
v 0.012053 0.029098 0.126570
v 0.012105 -0.018117 0.138737
v 0.012105 0.018117 0.138737
v 0.012128 -0.029279 0.128713
v 0.012128 0.029279 0.128713
v 0.012141 -0.015822 0.139655
v 0.012141 0.015822 0.139655
v 0.012155 -0.029346 0.000916
v 0.012155 0.029346 0.000916
v 0.012172 -0.021083 0.137405
v 0.012170 -0.010673 0.000823
v 0.012170 -0.010673 0.002023
v 0.012170 0.010673 0.000823
v 0.012170 0.010673 0.002023
v 0.012172 0.021083 0.137405
v 0.012188 -0.024715 0.135908
v 0.012188 0.024715 0.135908
v 0.012198 -0.013909 0.000555
v 0.012198 -0.013909 0.001755
v 0.012198 0.013909 0.000555
v 0.012198 0.013909 0.001755
v 0.012239 -0.021199 0.138121
v 0.012239 0.021199 0.138121
v 0.012254 -0.029584 0.124886
v 0.012254 0.029584 0.124886
v 0.012258 -0.029595 0.002434
v 0.012258 0.029595 0.002434
v 0.012274 -0.024888 0.000000
v 0.012274 -0.024888 0.001200
v 0.012274 0.024888 0.000000
v 0.012274 0.024888 0.001200
v 0.012297 -0.018404 0.138552
v 0.012297 0.018404 0.138552
v 0.012312 -0.024966 0.134355
v 0.012312 0.024966 0.134355
v 0.012321 -0.016057 0.139102
v 0.012321 0.016057 0.139102
v 0.012359 -0.029837 0.127107
v 0.012358 -0.016105 0.164000
v 0.012358 0.016105 0.164000
v 0.012359 0.029837 0.127107
v 0.012376 -0.018522 0.137741
v 0.012376 0.018522 0.137741
v 0.012425 -0.018596 0.155364
v 0.012425 -0.018596 0.156324
v 0.012425 0.018596 0.148276
v 0.012425 0.018596 0.149236
v 0.012444 -0.030043 0.123106
v 0.012445 -0.018625 0.151164
v 0.012445 -0.018625 0.152124
v 0.012444 -0.006137 0.001110
v 0.012444 -0.006137 0.002310
v 0.012444 0.006137 0.001110
v 0.012444 0.006137 0.002310
v 0.012445 0.018625 0.152476
v 0.012445 0.018625 0.153436
v 0.012444 0.030043 0.123106
v 0.012503 -0.030184 0.001418
v 0.012498 -0.016287 0.163954
v 0.012498 0.016287 0.163954
v 0.012503 0.030184 0.001418
v 0.012515 -0.025378 0.135020
v 0.012506 -0.018716 0.138438
v 0.012506 0.018716 0.138438
v 0.012515 0.025378 0.135020
v 0.012530 -0.021703 0.137063
v 0.012530 0.021703 0.137063
v 0.012540 -0.030275 0.002956
v 0.012540 0.030275 0.002956
v 0.012563 -0.016373 0.138617
v 0.012563 0.016373 0.138617
v 0.012579 -0.030368 0.125396
v 0.012579 0.030368 0.125396
v 0.012604 -0.025558 0.133354
v 0.012604 0.025558 0.133354
v 0.012623 -0.030475 0.121234
v 0.012616 -0.016442 0.163824
v 0.012616 0.016442 0.163824
v 0.012623 0.030475 0.121234
v 0.012631 -0.021877 0.137773
v 0.012631 0.021877 0.137773
v 0.012672 -0.025697 0.001251
v 0.012670 -0.016512 0.000325
v 0.012670 -0.016512 0.001525
v 0.012670 0.016512 0.000325
v 0.012670 0.016512 0.001525
v 0.012672 0.025697 0.001251
v 0.012695 -0.016545 0.163630
v 0.012695 0.016545 0.163630
v 0.012719 -0.022030 0.000038
v 0.012719 -0.022030 0.001238
v 0.012723 -0.019041 0.137680
v 0.012723 -0.019041 0.138400
v 0.012723 -0.019041 0.141900
v 0.012723 -0.019041 0.145100
v 0.012723 -0.016581 0.140400
v 0.012723 -0.016581 0.141900
v 0.012723 -0.016581 0.145100
v 0.012723 -0.016581 0.163400
v 0.012723 0.016581 0.140400
v 0.012723 0.016581 0.141900
v 0.012723 0.016581 0.145100
v 0.012723 0.016581 0.163400
v 0.012723 0.019041 0.137680
v 0.012723 0.019041 0.138400
v 0.012723 0.019041 0.141900
v 0.012723 0.019041 0.145100
v 0.012719 0.022030 0.000038
v 0.012719 0.022030 0.001238
v 0.012732 -0.025817 0.000058
v 0.012732 0.025817 0.000058
v 0.012747 -0.016612 0.140010
v 0.012747 0.016612 0.140010
v 0.012790 -0.030877 0.119276
v 0.012787 -0.030870 0.123586
v 0.012787 0.030870 0.123586
v 0.012790 0.030877 0.119276
v 0.012798 -0.030897 0.003558
v 0.012798 0.030897 0.003558
v 0.012816 -0.016702 0.139635
v 0.012819 -0.005310 0.001110
v 0.012819 -0.005310 0.002310
v 0.012819 0.005310 0.001110
v 0.012819 0.005310 0.002310
v 0.012816 0.016702 0.139635
v 0.012827 -0.030966 0.002018
v 0.012834 -0.026025 0.134003
v 0.012834 0.026025 0.134003
v 0.012827 0.030966 0.002018
v 0.012842 -0.009854 0.000823
v 0.012842 -0.009854 0.002023
v 0.012842 0.009854 0.000823
v 0.012842 0.009854 0.002023
v 0.012848 -0.019228 0.000149
v 0.012848 -0.019228 0.001349
v 0.012848 0.019228 0.000149
v 0.012848 0.019228 0.001349
v 0.012858 -0.016757 0.138219
v 0.012858 0.016757 0.138219
v 0.012888 -0.026135 0.132230
v 0.012885 -0.022318 0.136585
v 0.012894 -0.019298 0.141949
v 0.012894 -0.019298 0.145051
v 0.012894 0.019298 0.141949
v 0.012894 0.019298 0.145051
v 0.012885 0.022318 0.136585
v 0.012888 0.026135 0.132230
v 0.012928 -0.016848 0.139289
v 0.012928 0.016848 0.139289
v 0.012943 -0.031248 0.117239
v 0.012943 0.031248 0.117239
v 0.012982 -0.031342 0.121683
v 0.012982 0.031342 0.121683
v 0.012989 -0.014811 0.140880
v 0.012989 -0.014811 0.164480
v 0.012989 0.014811 0.140880
v 0.012989 0.014811 0.164480
v 0.013019 -0.022549 0.137287
v 0.013019 0.022549 0.137287
v 0.013028 -0.031452 0.004231
v 0.013030 -0.014857 0.140256
v 0.013030 0.014857 0.140256
v 0.013028 0.031452 0.004231
v 0.013049 -0.019529 0.142091
v 0.013049 -0.019529 0.144909
v 0.013049 0.019529 0.142091
v 0.013049 0.019529 0.144909
v 0.013066 -0.026495 0.001402
v 0.013069 -0.015924 0.150509
v 0.013069 -0.015924 0.152909
v 0.013069 -0.015924 0.154709
v 0.013069 -0.015924 0.157109
v 0.013069 0.015924 0.147491
v 0.013069 0.015924 0.149891
v 0.013069 0.015924 0.151691
v 0.013069 0.015924 0.154091
v 0.013066 0.026495 0.001402
v 0.013084 -0.031588 0.115129
v 0.013080 -0.017046 0.138986
v 0.013081 -0.013081 0.000555
v 0.013081 -0.013081 0.001755
v 0.013081 0.013081 0.000555
v 0.013081 0.013081 0.001755
v 0.013080 0.017046 0.138986
v 0.013084 0.031588 0.115129
v 0.013122 -0.031681 0.002709
v 0.013124 -0.019642 0.137611
v 0.013124 0.019642 0.137611
v 0.013122 0.031681 0.002709
v 0.013139 -0.004460 0.001110
v 0.013139 -0.004460 0.002310
v 0.013139 0.004460 0.001110
v 0.013139 0.004460 0.002310
v 0.013145 -0.026655 0.132860
v 0.013150 -0.014994 0.139655
v 0.013150 0.014994 0.139655
v 0.013145 0.026655 0.132860
v 0.013164 -0.031781 0.119693
v 0.013164 -0.026694 0.130985
v 0.013162 -0.019698 0.138330
v 0.013162 0.019698 0.138330
v 0.013164 0.026694 0.130985
v 0.013164 0.031781 0.119693
v 0.013172 -0.019713 0.142312
v 0.013172 -0.019713 0.144688
v 0.013172 0.019713 0.142312
v 0.013172 0.019713 0.144688
v 0.013184 -0.026734 0.000232
v 0.013184 0.026734 0.000232
v 0.013195 -0.017196 0.137924
v 0.013195 0.017196 0.137924
v 0.013211 -0.031895 0.112952
v 0.013211 0.031895 0.112952
v 0.013228 -0.031935 0.004967
v 0.013228 0.031935 0.004967
v 0.013236 -0.022925 0.135973
v 0.013236 0.022925 0.135973
v 0.013251 -0.019831 0.142591
v 0.013251 -0.019831 0.144409
v 0.013251 0.019831 0.142591
v 0.013251 0.019831 0.144409
v 0.013264 -0.017286 0.138737
v 0.013264 0.017286 0.138737
v 0.013278 -0.019872 0.142900
v 0.013278 -0.019872 0.144100
v 0.013278 0.019872 0.142900
v 0.013278 0.019872 0.144100
v 0.013324 -0.032168 0.110716
v 0.013324 0.032168 0.110716
v 0.013332 -0.032187 0.117622
v 0.013332 0.032187 0.117622
v 0.013345 -0.015217 0.139102
v 0.013345 0.015217 0.139102
v 0.013385 -0.015262 0.164000
v 0.013385 0.015262 0.164000
v 0.013395 -0.032338 0.005757
v 0.013387 -0.032319 0.003483
v 0.013387 0.032319 0.003483
v 0.013395 0.032338 0.005757
v 0.013402 -0.023212 0.136665
v 0.013402 -0.003591 0.001110
v 0.013402 -0.003591 0.002310
v 0.013402 0.003591 0.001110
v 0.013402 0.003591 0.002310
v 0.013402 0.023212 0.136665
v 0.013423 -0.032406 0.108427
v 0.013423 0.032406 0.108427
v 0.013430 -0.027233 0.129624
v 0.013430 0.027233 0.129624
v 0.013449 -0.027273 0.001652
v 0.013446 -0.027266 0.131595
v 0.013449 0.027273 0.001652
v 0.013446 0.027266 0.131595
v 0.013459 -0.008993 0.000823
v 0.013459 -0.008993 0.002023
v 0.013459 0.008993 0.000823
v 0.013459 0.008993 0.002023
v 0.013475 -0.017561 0.138552
v 0.013475 0.017561 0.138552
v 0.013486 -0.032558 0.115477
v 0.013486 0.032558 0.115477
v 0.013507 -0.032609 0.106092
v 0.013507 0.032609 0.106092
v 0.013525 -0.020242 0.137405
v 0.013525 0.020242 0.137405
v 0.013527 -0.032658 0.006591
v 0.013527 0.032658 0.006591
v 0.013536 -0.015435 0.163954
v 0.013536 0.015435 0.163954
v 0.013561 -0.017673 0.137741
v 0.013561 0.017673 0.137741
v 0.013576 -0.032776 0.103720
v 0.013580 -0.023522 0.135229
v 0.013580 0.023522 0.135229
v 0.013576 0.032776 0.103720
v 0.013600 -0.020353 0.138121
v 0.013600 0.020353 0.138121
v 0.013607 -0.015516 0.138617
v 0.013608 -0.002707 0.001110
v 0.013608 -0.002707 0.002310
v 0.013608 0.002707 0.001110
v 0.013608 0.002707 0.002310
v 0.013607 0.015516 0.138617
v 0.013623 -0.032888 0.007459
v 0.013625 -0.032893 0.113264
v 0.013617 -0.032874 0.004329
v 0.013625 -0.027628 0.000519
v 0.013625 0.027628 0.000519
v 0.013617 0.032874 0.004329
v 0.013623 0.032888 0.007459
v 0.013625 0.032893 0.113264
v 0.013630 -0.032906 0.101317
v 0.013630 0.032906 0.101317
v 0.013664 -0.015581 0.163824
v 0.013664 0.015581 0.163824
v 0.013669 -0.033000 0.098891
v 0.013669 0.033000 0.098891
v 0.013681 -0.033028 0.008349
v 0.013681 0.033028 0.008349
v 0.013692 -0.033056 0.096449
v 0.013686 -0.027752 0.128150
v 0.013686 0.027752 0.128150
v 0.013692 0.033056 0.096449
v 0.013700 -0.033075 0.009250
v 0.013700 -0.033075 0.047000
v 0.013700 -0.033075 0.094000
v 0.013703 -0.017858 0.138438
v 0.013703 0.017858 0.138438
v 0.013700 0.033075 0.009250
v 0.013700 0.033075 0.047000
v 0.013700 0.033075 0.094000
v 0.013723 -0.015648 0.000325
v 0.013723 -0.015648 0.001525
v 0.013723 0.015648 0.000325
v 0.013723 0.015648 0.001525
v 0.013737 -0.027856 0.130211
v 0.013737 0.027856 0.130211
v 0.013749 -0.033192 0.110991
v 0.013750 -0.015679 0.163630
v 0.013750 0.015679 0.163630
v 0.013749 0.033192 0.110991
v 0.013756 -0.001811 0.001110
v 0.013756 -0.001811 0.002310
v 0.013756 0.001811 0.001110
v 0.013756 0.001811 0.002310
v 0.013778 -0.023865 0.135908
v 0.013780 -0.015713 0.140400
v 0.013780 -0.015713 0.141900
v 0.013780 -0.015713 0.145100
v 0.013780 -0.015713 0.163400
v 0.013780 0.015713 0.140400
v 0.013780 0.015713 0.141900
v 0.013780 0.015713 0.145100
v 0.013780 0.015713 0.163400
v 0.013778 0.023865 0.135908
v 0.013809 -0.033337 0.005237
v 0.013806 -0.015742 0.140010
v 0.013806 0.015742 0.140010
v 0.013809 0.033337 0.005237
v 0.013818 -0.028021 0.001997
v 0.013818 0.028021 0.001997
v 0.013845 -0.000907 0.001110
v 0.013845 -0.000907 0.002310
v 0.013845 0.000907 0.001110
v 0.013845 0.000907 0.002310
v 0.013856 -0.033453 0.108664
v 0.013856 0.033453 0.108664
v 0.013875 -0.024032 0.000000
v 0.013875 -0.024032 0.001200
v 0.013881 -0.015828 0.139635
v 0.013875 0.000000 0.001110
v 0.013875 0.000000 0.002310
v 0.013881 0.015828 0.139635
v 0.013875 0.024032 0.000000
v 0.013875 0.024032 0.001200
v 0.013909 -0.012198 0.000555
v 0.013909 -0.012198 0.001755
v 0.013909 0.012198 0.000555
v 0.013909 0.012198 0.001755
v 0.013918 -0.024107 0.134355
v 0.013923 -0.020837 0.137063
v 0.013923 0.020837 0.137063
v 0.013918 0.024107 0.134355
v 0.013930 -0.028248 0.126570
v 0.013927 -0.015880 0.138219
v 0.013930 -0.013930 0.140880
v 0.013930 -0.013930 0.164480
v 0.013930 0.013930 0.140880
v 0.013930 0.013930 0.164480
v 0.013927 0.015880 0.138219
v 0.013930 0.028248 0.126570
v 0.013941 -0.018168 0.137680
v 0.013941 -0.018168 0.138400
v 0.013941 -0.018168 0.141900
v 0.013941 -0.018168 0.145100
v 0.013941 0.018168 0.137680
v 0.013941 0.018168 0.138400
v 0.013941 0.018168 0.141900
v 0.013941 0.018168 0.145100
v 0.013948 -0.033674 0.106291
v 0.013948 0.033674 0.106291
v 0.013961 -0.033704 0.006195
v 0.013961 0.033704 0.006195
v 0.013973 -0.013973 0.140256
v 0.013973 0.013973 0.140256
v 0.014003 -0.015967 0.139289
v 0.014003 0.015967 0.139289
v 0.014024 -0.033857 0.103880
v 0.014017 -0.028423 0.128713
v 0.014019 -0.008094 0.000823
v 0.014019 -0.008094 0.002023
v 0.014019 0.008094 0.000823
v 0.014019 0.008094 0.002023
v 0.014017 0.028423 0.128713
v 0.014024 0.033857 0.103880
v 0.014035 -0.021004 0.137773
v 0.014035 0.021004 0.137773
v 0.014049 -0.028488 0.000916
v 0.014049 0.028488 0.000916
v 0.014071 -0.033969 0.007192
v 0.014071 0.033969 0.007192
v 0.014083 -0.033999 0.101437
v 0.014078 -0.018346 0.000149
v 0.014078 -0.018346 0.001349
v 0.014078 0.018346 0.000149
v 0.014078 0.018346 0.001349
v 0.014083 0.033999 0.101437
v 0.014095 -0.017175 0.155429
v 0.014095 -0.017175 0.156389
v 0.014102 -0.014102 0.139655
v 0.014102 0.014102 0.139655
v 0.014095 0.017175 0.148211
v 0.014095 0.017175 0.149171
v 0.014125 -0.034102 0.098971
v 0.014132 -0.021151 0.000038
v 0.014132 -0.021151 0.001238
v 0.014129 -0.018413 0.141949
v 0.014129 -0.018413 0.145051
v 0.014129 0.018413 0.141949
v 0.014129 0.018413 0.145051
v 0.014132 0.021151 0.000038
v 0.014132 0.021151 0.001238
v 0.014125 0.034102 0.098971
v 0.014137 -0.034130 0.008214
v 0.014137 0.034130 0.008214
v 0.014151 -0.034163 0.096490
v 0.014148 -0.024505 0.135020
v 0.014148 0.024505 0.135020
v 0.014151 0.034163 0.096490
v 0.014159 -0.034184 0.009250
v 0.014159 -0.034184 0.047000
v 0.014159 -0.034184 0.094000
v 0.014163 -0.028719 0.124886
v 0.014163 0.028719 0.124886
v 0.014159 0.034184 0.009250
v 0.014159 0.034184 0.047000
v 0.014159 0.034184 0.094000
v 0.014168 -0.028729 0.002434
v 0.014167 -0.016154 0.138986
v 0.014167 0.016154 0.138986
v 0.014168 0.028729 0.002434
v 0.014210 -0.017315 0.151229
v 0.014210 -0.017315 0.152189
v 0.014210 0.017315 0.152411
v 0.014210 0.017315 0.153371
v 0.014249 -0.024679 0.133354
v 0.014249 0.024679 0.133354
v 0.014284 -0.028965 0.127107
v 0.014284 0.028965 0.127107
v 0.014292 -0.016296 0.137924
v 0.014292 0.016296 0.137924
v 0.014298 -0.018634 0.142091
v 0.014298 -0.018634 0.144909
v 0.014298 0.018634 0.142091
v 0.014298 0.018634 0.144909
v 0.014311 -0.014311 0.139102
v 0.014311 0.014311 0.139102
v 0.014317 -0.021427 0.136585
v 0.014317 0.021427 0.136585
v 0.014326 -0.024813 0.001251
v 0.014326 0.024813 0.001251
v 0.014354 -0.014354 0.164000
v 0.014354 0.014354 0.164000
v 0.014366 -0.016382 0.138737
v 0.014366 0.016382 0.138737
v 0.014383 -0.029165 0.123106
v 0.014381 -0.018742 0.137611
v 0.014381 0.018742 0.137611
v 0.014383 0.029165 0.123106
v 0.014393 -0.024929 0.000058
v 0.014393 0.024929 0.000058
v 0.014422 -0.018795 0.138330
v 0.014422 0.018795 0.138330
v 0.014433 -0.018810 0.142312
v 0.014433 -0.018810 0.144688
v 0.014433 0.018810 0.142312
v 0.014433 0.018810 0.144688
v 0.014450 -0.029302 0.001418
v 0.014450 0.029302 0.001418
v 0.014466 -0.021649 0.137287
v 0.014466 0.021649 0.137287
v 0.014493 -0.029390 0.002956
v 0.014493 0.029390 0.002956
v 0.014509 -0.025130 0.134003
v 0.014509 0.025130 0.134003
v 0.014520 -0.018922 0.142591
v 0.014520 -0.018922 0.144409
v 0.014517 -0.014517 0.163954
v 0.014518 -0.007160 0.000823
v 0.014518 -0.007160 0.002023
v 0.014518 0.007160 0.000823
v 0.014518 0.007160 0.002023
v 0.014517 0.014517 0.163954
v 0.014520 0.018922 0.142591
v 0.014520 0.018922 0.144409
v 0.014538 -0.029480 0.125396
v 0.014538 0.029480 0.125396
v 0.014549 -0.018961 0.142900
v 0.014549 -0.018961 0.144100
v 0.014549 0.018961 0.142900
v 0.014549 0.018961 0.144100
v 0.014570 -0.025236 0.132230
v 0.014566 -0.014566 0.150575
v 0.014566 -0.014566 0.152975
v 0.014566 -0.014566 0.154775
v 0.014566 -0.014566 0.157175
v 0.014566 0.014566 0.147425
v 0.014566 0.014566 0.149825
v 0.014566 0.014566 0.151625
v 0.014566 0.014566 0.154025
v 0.014570 0.025236 0.132230
v 0.014589 -0.029584 0.121234
v 0.014594 -0.016642 0.138552
v 0.014593 -0.014593 0.138617
v 0.014593 0.014593 0.138617
v 0.014594 0.016642 0.138552
v 0.014589 0.029584 0.121234
v 0.014654 -0.014654 0.163824
v 0.014654 0.014654 0.163824
v 0.014677 -0.011262 0.000555
v 0.014677 -0.011262 0.001755
v 0.014677 0.011262 0.000555
v 0.014677 0.011262 0.001755
v 0.014687 -0.016748 0.137741
v 0.014687 0.016748 0.137741
v 0.014707 -0.022010 0.135973
v 0.014707 0.022010 0.135973
v 0.014717 -0.014717 0.000325
v 0.014717 -0.014717 0.001525
v 0.014717 0.014717 0.000325
v 0.014717 0.014717 0.001525
v 0.014746 -0.014746 0.163630
v 0.014746 0.014746 0.163630
v 0.014771 -0.025584 0.001402
v 0.014771 0.025584 0.001402
v 0.014782 -0.029974 0.119276
v 0.014778 -0.029968 0.123586
v 0.014779 -0.014779 0.140400
v 0.014779 -0.014779 0.141900
v 0.014779 -0.014779 0.145100
v 0.014779 -0.014779 0.163400
v 0.014779 0.014779 0.140400
v 0.014779 0.014779 0.141900
v 0.014779 0.014779 0.145100
v 0.014779 0.014779 0.163400
v 0.014782 0.029974 0.119276
v 0.014778 0.029968 0.123586
v 0.014791 -0.029993 0.003558
v 0.014791 0.029993 0.003558
v 0.014806 -0.014806 0.140010
v 0.014811 -0.012989 0.140880
v 0.014811 -0.012989 0.164480
v 0.014811 0.012989 0.140880
v 0.014811 0.012989 0.164480
v 0.014806 0.014806 0.140010
v 0.014824 -0.030061 0.002018
v 0.014820 -0.019314 0.137405
v 0.014820 0.019314 0.137405
v 0.014824 0.030061 0.002018
v 0.014842 -0.016924 0.138438
v 0.014842 0.016924 0.138438
v 0.014860 -0.025739 0.132860
v 0.014857 -0.013030 0.140256
v 0.014857 0.013030 0.140256
v 0.014860 0.025739 0.132860
v 0.014882 -0.025776 0.130985
v 0.014882 0.025776 0.130985
v 0.014891 -0.022286 0.136665
v 0.014886 -0.014886 0.139635
v 0.014886 0.014886 0.139635
v 0.014891 0.022286 0.136665
v 0.014904 -0.025815 0.000232
v 0.014902 -0.019420 0.138121
v 0.014902 0.019420 0.138121
v 0.014904 0.025815 0.000232
v 0.014936 -0.014936 0.138219
v 0.014936 0.014936 0.138219
v 0.014959 -0.030335 0.117239
v 0.014955 -0.006195 0.000823
v 0.014955 -0.006195 0.002023
v 0.014955 0.006195 0.000823
v 0.014955 0.006195 0.002023
v 0.014959 0.030335 0.117239
v 0.014994 -0.013150 0.139655
v 0.014994 0.013150 0.139655
v 0.015004 -0.030425 0.121683
v 0.015004 0.030425 0.121683
v 0.015017 -0.015017 0.139289
v 0.015017 0.015017 0.139289
v 0.015057 -0.030533 0.004231
v 0.015057 0.030533 0.004231
v 0.015090 -0.022583 0.135229
v 0.015090 0.022583 0.135229
v 0.015099 -0.017217 0.137680
v 0.015099 -0.017217 0.138400
v 0.015099 -0.017217 0.141900
v 0.015099 -0.017217 0.145100
v 0.015099 0.017217 0.137680
v 0.015099 0.017217 0.138400
v 0.015099 0.017217 0.141900
v 0.015099 0.017217 0.145100
v 0.015122 -0.030664 0.115129
v 0.015122 0.030664 0.115129
v 0.015166 -0.030754 0.002709
v 0.015166 0.030754 0.002709
v 0.015182 -0.026297 0.129624
v 0.015182 0.026297 0.129624
v 0.015193 -0.015193 0.138986
v 0.015193 0.015193 0.138986
v 0.015204 -0.026335 0.001652
v 0.015201 -0.026329 0.131595
v 0.015204 0.026335 0.001652
v 0.015201 0.026329 0.131595
v 0.015214 -0.030852 0.119693
v 0.015214 0.030852 0.119693
v 0.015217 -0.013345 0.139102
v 0.015217 0.013345 0.139102
v 0.015247 -0.017386 0.000149
v 0.015247 -0.017386 0.001349
v 0.015247 0.017386 0.000149
v 0.015247 0.017386 0.001349
v 0.015256 -0.019882 0.137063
v 0.015262 -0.013385 0.164000
v 0.015262 0.013385 0.164000
v 0.015256 0.019882 0.137063
v 0.015269 -0.030962 0.112952
v 0.015269 0.030962 0.112952
v 0.015288 -0.031001 0.004967
v 0.015288 0.031001 0.004967
v 0.015303 -0.017449 0.141949
v 0.015303 -0.017449 0.145051
v 0.015303 0.017449 0.141949
v 0.015303 0.017449 0.145051
v 0.015310 -0.022913 0.135908
v 0.015310 0.022913 0.135908
v 0.015327 -0.015327 0.137924
v 0.015328 -0.005203 0.000823
v 0.015328 -0.005203 0.002023
v 0.015328 0.005203 0.000823
v 0.015328 0.005203 0.002023
v 0.015327 0.015327 0.137924
v 0.015378 -0.020042 0.137773
v 0.015382 -0.010278 0.000555
v 0.015382 -0.010278 0.001755
v 0.015382 0.010278 0.000555
v 0.015382 0.010278 0.001755
v 0.015378 0.020042 0.137773
v 0.015400 -0.031227 0.110716
v 0.015403 -0.026678 0.000519
v 0.015403 0.026678 0.000519
v 0.015400 0.031227 0.110716
v 0.015409 -0.031246 0.117622
v 0.015407 -0.015407 0.138737
v 0.015407 0.015407 0.138737
v 0.015409 0.031246 0.117622
v 0.015417 -0.023073 0.000000
v 0.015417 -0.023073 0.001200
v 0.015417 0.023073 0.000000
v 0.015417 0.023073 0.001200
v 0.015435 -0.013536 0.163954
v 0.015435 0.013536 0.163954
v 0.015472 -0.031374 0.003483
v 0.015472 -0.026797 0.128150
v 0.015465 -0.023145 0.134355
v 0.015465 0.023145 0.134355
v 0.015472 0.026797 0.128150
v 0.015472 0.031374 0.003483
v 0.015481 -0.031393 0.005757
v 0.015481 0.031393 0.005757
v 0.015485 -0.020181 0.000038
v 0.015485 -0.020181 0.001238
v 0.015487 -0.017659 0.142091
v 0.015487 -0.017659 0.144909
v 0.015487 0.017659 0.142091
v 0.015487 0.017659 0.144909
v 0.015485 0.020181 0.000038
v 0.015485 0.020181 0.001238
v 0.015514 -0.031459 0.108427
v 0.015514 0.031459 0.108427
v 0.015516 -0.013607 0.138617
v 0.015516 0.013607 0.138617
v 0.015530 -0.026898 0.130211
v 0.015530 0.026898 0.130211
v 0.015576 -0.017761 0.137611
v 0.015581 -0.013664 0.163824
v 0.015581 0.013664 0.163824
v 0.015576 0.017761 0.137611
v 0.015587 -0.031606 0.115477
v 0.015587 0.031606 0.115477
v 0.015611 -0.031656 0.106092
v 0.015607 -0.015607 0.155495
v 0.015607 -0.015607 0.156455
v 0.015607 0.015607 0.148145
v 0.015607 0.015607 0.149105
v 0.015611 0.031656 0.106092
v 0.015621 -0.027057 0.001997
v 0.015620 -0.017812 0.138330
v 0.015620 0.017812 0.138330
v 0.015621 0.027057 0.001997
v 0.015634 -0.031703 0.006591
v 0.015632 -0.017825 0.142312
v 0.015632 -0.017825 0.144688
v 0.015629 -0.011993 0.140880
v 0.015629 -0.011993 0.164480
v 0.015629 0.011993 0.140880
v 0.015629 0.011993 0.164480
v 0.015632 0.017825 0.142312
v 0.015632 0.017825 0.144688
v 0.015634 0.031703 0.006591
v 0.015636 -0.004190 0.000823
v 0.015636 -0.004190 0.002023
v 0.015636 0.004190 0.000823
v 0.015636 0.004190 0.002023
v 0.015652 -0.015652 0.138552
v 0.015648 -0.013723 0.000325
v 0.015648 -0.013723 0.001525
v 0.015648 0.013723 0.000325
v 0.015648 0.013723 0.001525
v 0.015652 0.015652 0.138552
v 0.015679 -0.013750 0.163630
v 0.015678 -0.012030 0.140256
v 0.015678 0.012030 0.140256
v 0.015679 0.013750 0.163630
v 0.015691 -0.031818 0.103720
v 0.015688 -0.020445 0.136585
v 0.015688 0.020445 0.136585
v 0.015691 0.031818 0.103720
v 0.015713 -0.013780 0.140400
v 0.015713 -0.013780 0.141900
v 0.015713 -0.013780 0.145100
v 0.015713 -0.013780 0.163400
v 0.015713 0.013780 0.140400
v 0.015713 0.013780 0.141900
v 0.015713 0.013780 0.145100
v 0.015713 0.013780 0.163400
v 0.015720 -0.023527 0.135020
v 0.015720 0.023527 0.135020
v 0.015726 -0.017932 0.142591
v 0.015726 -0.017932 0.144409
v 0.015726 0.017932 0.142591
v 0.015726 0.017932 0.144409
v 0.015745 -0.031927 0.007459
v 0.015738 -0.031913 0.004329
v 0.015742 -0.013806 0.140010
v 0.015742 0.013806 0.140010
v 0.015738 0.031913 0.004329
v 0.015745 0.031927 0.007459
v 0.015753 -0.031945 0.101317
v 0.015747 -0.031932 0.113264
v 0.015748 -0.027276 0.126570
v 0.015751 -0.015751 0.137741
v 0.015751 0.015751 0.137741
v 0.015748 0.027276 0.126570
v 0.015747 0.031932 0.113264
v 0.015753 0.031945 0.101317
v 0.015758 -0.017969 0.142900
v 0.015758 -0.017969 0.144100
v 0.015758 0.017969 0.142900
v 0.015758 0.017969 0.144100
v 0.015798 -0.032035 0.098891
v 0.015798 0.032035 0.098891
v 0.015812 -0.032063 0.008349
v 0.015812 0.032063 0.008349
v 0.015825 -0.032090 0.096449
v 0.015822 -0.012141 0.139655
v 0.015822 0.012141 0.139655
v 0.015825 0.032090 0.096449
v 0.015834 -0.032108 0.009250
v 0.015834 -0.032108 0.047000
v 0.015834 -0.032108 0.094000
v 0.015832 -0.023694 0.133354
v 0.015828 -0.013881 0.139635
v 0.015828 0.013881 0.139635
v 0.015832 0.023694 0.133354
v 0.015834 0.032108 0.009250
v 0.015834 0.032108 0.047000
v 0.015834 0.032108 0.094000
v 0.015839 -0.015839 0.151295
v 0.015839 -0.015839 0.152255
v 0.015839 0.015839 0.152345
v 0.015839 0.015839 0.153305
v 0.015846 -0.027445 0.128713
v 0.015851 -0.020657 0.137287
v 0.015851 0.020657 0.137287
v 0.015846 0.027445 0.128713
v 0.015882 -0.027508 0.000916
v 0.015880 -0.013927 0.138219
v 0.015876 -0.003158 0.000823
v 0.015876 -0.003158 0.002023
v 0.015876 0.003158 0.000823
v 0.015876 0.003158 0.002023
v 0.015880 0.013927 0.138219
v 0.015882 0.027508 0.000916
v 0.015890 -0.032222 0.110991
v 0.015890 0.032222 0.110991
v 0.015918 -0.023823 0.001251
v 0.015917 -0.015917 0.138438
v 0.015924 -0.013069 0.150641
v 0.015924 -0.013069 0.153041
v 0.015924 -0.013069 0.154841
v 0.015924 -0.013069 0.157241
v 0.015924 0.013069 0.147359
v 0.015924 0.013069 0.149759
v 0.015924 0.013069 0.151559
v 0.015924 0.013069 0.153959
v 0.015917 0.015917 0.138438
v 0.015918 0.023823 0.001251
v 0.015960 -0.032363 0.005237
v 0.015960 0.032363 0.005237
v 0.015967 -0.014003 0.139289
v 0.015967 0.014003 0.139289
v 0.015992 -0.023934 0.000058
v 0.015992 0.023934 0.000058
v 0.016015 -0.032475 0.108664
v 0.016011 -0.027732 0.124886
v 0.016011 0.027732 0.124886
v 0.016015 0.032475 0.108664
v 0.016016 -0.027741 0.002434
v 0.016021 -0.009250 0.000555
v 0.016021 -0.009250 0.001755
v 0.016021 0.009250 0.000555
v 0.016021 0.009250 0.001755
v 0.016016 0.027741 0.002434
v 0.016051 -0.018303 0.137405
v 0.016049 -0.002113 0.000823
v 0.016049 -0.002113 0.002023
v 0.016049 0.002113 0.000823
v 0.016049 0.002113 0.002023
v 0.016051 0.018303 0.137405
v 0.016057 -0.012321 0.139102
v 0.016057 0.012321 0.139102
v 0.016115 -0.021001 0.135973
v 0.016105 -0.012358 0.164000
v 0.016105 0.012358 0.164000
v 0.016115 0.021001 0.135973
v 0.016121 -0.032690 0.106291
v 0.016121 -0.024127 0.134003
v 0.016121 0.024127 0.134003
v 0.016121 0.032690 0.106291
v 0.016135 -0.032719 0.006195
v 0.016140 -0.018404 0.138121
v 0.016140 0.018404 0.138121
v 0.016135 0.032719 0.006195
v 0.016148 -0.027969 0.127107
v 0.016154 -0.014167 0.138986
v 0.016153 -0.001059 0.000823
v 0.016153 -0.001059 0.002023
v 0.016153 0.001059 0.000823
v 0.016153 0.001059 0.002023
v 0.016154 0.014167 0.138986
v 0.016148 0.027969 0.127107
v 0.016189 -0.024229 0.132230
v 0.016193 -0.016193 0.137680
v 0.016193 -0.016193 0.138400
v 0.016193 -0.016193 0.141900
v 0.016193 -0.016193 0.145100
v 0.016188 0.000000 0.000823
v 0.016188 0.000000 0.002023
v 0.016193 0.016193 0.137680
v 0.016193 0.016193 0.138400
v 0.016193 0.016193 0.141900
v 0.016193 0.016193 0.145100
v 0.016189 0.024229 0.132230
v 0.016208 -0.032867 0.103880
v 0.016208 0.032867 0.103880
v 0.016262 -0.032976 0.007192
v 0.016259 -0.028162 0.123106
v 0.016259 0.028162 0.123106
v 0.016262 0.032976 0.007192
v 0.016277 -0.033006 0.101437
v 0.016277 0.033006 0.101437
v 0.016287 -0.012498 0.163954
v 0.016287 0.012498 0.163954
v 0.016296 -0.014292 0.137924
v 0.016296 0.014292 0.137924
v 0.016317 -0.021265 0.136665
v 0.016317 0.021265 0.136665
v 0.016325 -0.033105 0.098971
v 0.016325 0.033105 0.098971
v 0.016339 -0.033132 0.008214
v 0.016336 -0.028294 0.001418
v 0.016336 0.028294 0.001418
v 0.016339 0.033132 0.008214
v 0.016355 -0.033164 0.096490
v 0.016352 -0.016352 0.000149
v 0.016352 -0.016352 0.001349
v 0.016352 0.016352 0.000149
v 0.016352 0.016352 0.001349
v 0.016355 0.033164 0.096490
v 0.016365 -0.033184 0.009250
v 0.016365 -0.033184 0.047000
v 0.016365 -0.033184 0.094000
v 0.016365 0.033184 0.009250
v 0.016365 0.033184 0.047000
v 0.016365 0.033184 0.094000
v 0.016373 -0.012563 0.138617
v 0.016373 0.012563 0.138617
v 0.016385 -0.028379 0.002956
v 0.016382 -0.014366 0.138737
v 0.016380 -0.010945 0.140880
v 0.016380 -0.010945 0.164480
v 0.016380 0.010945 0.140880
v 0.016380 0.010945 0.164480
v 0.016382 0.014366 0.138737
v 0.016385 0.028379 0.002956
v 0.016412 -0.024563 0.001402
v 0.016411 -0.016411 0.141949
v 0.016411 -0.016411 0.145051
v 0.016411 0.016411 0.141949
v 0.016411 0.016411 0.145051
v 0.016412 0.024563 0.001402
v 0.016431 -0.010979 0.140256
v 0.016431 0.010979 0.140256
v 0.016435 -0.028466 0.125396
v 0.016442 -0.012616 0.163824
v 0.016442 0.012616 0.163824
v 0.016435 0.028466 0.125396
v 0.016493 -0.028566 0.121234
v 0.016493 0.028566 0.121234
v 0.016512 -0.024712 0.132860
v 0.016512 -0.012670 0.000325
v 0.016512 -0.012670 0.001525
v 0.016512 0.012670 0.000325
v 0.016512 0.012670 0.001525
v 0.016512 0.024712 0.132860
v 0.016524 -0.018842 0.137063
v 0.016524 0.018842 0.137063
v 0.016534 -0.021548 0.135229
v 0.016534 0.021548 0.135229
v 0.016536 -0.024747 0.130985
v 0.016545 -0.012695 0.163630
v 0.016545 0.012695 0.163630
v 0.016536 0.024747 0.130985
v 0.016561 -0.024785 0.000232
v 0.016561 0.024785 0.000232
v 0.016581 -0.012723 0.140400
v 0.016581 -0.012723 0.141900
v 0.016581 -0.012723 0.145100
v 0.016581 -0.012723 0.163400
v 0.016582 -0.011080 0.139655
v 0.016582 0.011080 0.139655
v 0.016581 0.012723 0.140400
v 0.016581 0.012723 0.141900
v 0.016581 0.012723 0.145100
v 0.016581 0.012723 0.163400
v 0.016592 -0.008182 0.000555
v 0.016592 -0.008182 0.001755
v 0.016592 0.008182 0.000555
v 0.016592 0.008182 0.001755
v 0.016608 -0.016608 0.142091
v 0.016608 -0.016608 0.144909
v 0.016612 -0.012747 0.140010
v 0.016612 0.012747 0.140010
v 0.016608 0.016608 0.142091
v 0.016608 0.016608 0.144909
v 0.016642 -0.014594 0.138552
v 0.016642 0.014594 0.138552
v 0.016656 -0.018993 0.137773
v 0.016656 0.018993 0.137773
v 0.016704 -0.016704 0.137611
v 0.016702 -0.012816 0.139635
v 0.016702 0.012816 0.139635
v 0.016704 0.016704 0.137611
v 0.016710 -0.028943 0.119276
v 0.016707 -0.028937 0.123586
v 0.016710 0.028943 0.119276
v 0.016707 0.028937 0.123586
v 0.016721 -0.028962 0.003558
v 0.016721 0.028962 0.003558
v 0.016752 -0.016752 0.138330
v 0.016748 -0.014687 0.137741
v 0.016748 0.014687 0.137741
v 0.016752 0.016752 0.138330
v 0.016759 -0.029027 0.002018
v 0.016765 -0.016765 0.142312
v 0.016765 -0.016765 0.144688
v 0.016757 -0.012858 0.138219
v 0.016757 0.012858 0.138219
v 0.016765 0.016765 0.142312
v 0.016765 0.016765 0.144688
v 0.016759 0.029027 0.002018
v 0.016772 -0.019125 0.000038
v 0.016772 -0.019125 0.001238
v 0.016772 0.019125 0.000038
v 0.016772 0.019125 0.001238
v 0.016776 -0.021862 0.135908
v 0.016776 0.021862 0.135908
v 0.016828 -0.011244 0.139102
v 0.016828 0.011244 0.139102
v 0.016848 -0.012928 0.139289
v 0.016848 0.012928 0.139289
v 0.016870 -0.025247 0.129624
v 0.016865 -0.016865 0.142591
v 0.016865 -0.016865 0.144409
v 0.016865 0.016865 0.142591
v 0.016865 0.016865 0.144409
v 0.016870 0.025247 0.129624
v 0.016879 -0.011278 0.164000
v 0.016879 0.011278 0.164000
v 0.016894 -0.025284 0.001652
v 0.016890 -0.025278 0.131595
v 0.016893 -0.022016 0.000000
v 0.016893 -0.022016 0.001200
v 0.016893 0.022016 0.000000
v 0.016893 0.022016 0.001200
v 0.016894 0.025284 0.001652
v 0.016890 0.025278 0.131595
v 0.016900 -0.016900 0.142900
v 0.016900 -0.016900 0.144100
v 0.016900 0.016900 0.142900
v 0.016900 0.016900 0.144100
v 0.016911 -0.029291 0.117239
v 0.016911 0.029291 0.117239
v 0.016924 -0.014842 0.138438
v 0.016924 0.014842 0.138438
v 0.016946 -0.022084 0.134355
v 0.016949 -0.013909 0.155561
v 0.016949 -0.013909 0.156521
v 0.016949 0.013909 0.148079
v 0.016949 0.013909 0.149039
v 0.016946 0.022084 0.134355
v 0.016962 -0.029379 0.121683
v 0.016962 0.029379 0.121683
v 0.016992 -0.019375 0.136585
v 0.016992 0.019375 0.136585
v 0.017022 -0.029483 0.004231
v 0.017022 0.029483 0.004231
v 0.017046 -0.013080 0.138986
v 0.017046 0.013080 0.138986
v 0.017061 -0.009850 0.140880
v 0.017061 -0.009850 0.164480
v 0.017061 0.009850 0.140880
v 0.017061 0.009850 0.164480
v 0.017070 -0.011406 0.163954
v 0.017070 0.011406 0.163954
v 0.017092 -0.007080 0.000555
v 0.017092 -0.007080 0.001755
v 0.017092 0.007080 0.000555
v 0.017092 0.007080 0.001755
v 0.017095 -0.029610 0.115129
v 0.017095 0.029610 0.115129
v 0.017114 -0.025613 0.000519
v 0.017114 -0.009881 0.140256
v 0.017114 0.009881 0.140256
v 0.017114 0.025613 0.000519
v 0.017128 -0.011445 0.150706
v 0.017128 -0.011445 0.153106
v 0.017128 -0.011445 0.154906
v 0.017128 -0.011445 0.157306
v 0.017128 0.011445 0.147294
v 0.017128 0.011445 0.149694
v 0.017128 0.011445 0.151494
v 0.017128 0.011445 0.153894
v 0.017145 -0.029697 0.002709
v 0.017145 0.029697 0.002709
v 0.017159 -0.011465 0.138617
v 0.017159 0.011465 0.138617
v 0.017168 -0.019576 0.137287
v 0.017168 0.019576 0.137287
v 0.017191 -0.025728 0.128150
v 0.017191 0.025728 0.128150
v 0.017200 -0.029791 0.119693
v 0.017196 -0.013195 0.137924
v 0.017196 0.013195 0.137924
v 0.017200 0.029791 0.119693
v 0.017214 -0.017214 0.137405
v 0.017214 0.017214 0.137405
v 0.017217 -0.015099 0.137680
v 0.017217 -0.015099 0.138400
v 0.017217 -0.015099 0.141900
v 0.017217 -0.015099 0.145100
v 0.017217 0.015099 0.137680
v 0.017217 0.015099 0.138400
v 0.017217 0.015099 0.141900
v 0.017217 0.015099 0.145100
v 0.017225 -0.022449 0.135020
v 0.017232 -0.011514 0.163824
v 0.017232 0.011514 0.163824
v 0.017225 0.022449 0.135020
v 0.017261 -0.029897 0.112952
v 0.017256 -0.025825 0.130211
v 0.017256 0.025825 0.130211
v 0.017261 0.029897 0.112952
v 0.017272 -0.009972 0.139655
v 0.017272 0.009972 0.139655
v 0.017283 -0.029935 0.004967
v 0.017283 0.029935 0.004967
v 0.017286 -0.013264 0.138737
v 0.017286 0.013264 0.138737
v 0.017305 -0.011563 0.000325
v 0.017305 -0.011563 0.001525
v 0.017305 0.011563 0.000325
v 0.017305 0.011563 0.001525
v 0.017309 -0.017309 0.138121
v 0.017309 0.017309 0.138121
v 0.017315 -0.014210 0.151361
v 0.017315 -0.014210 0.152321
v 0.017315 0.014210 0.152279
v 0.017315 0.014210 0.153239
v 0.017340 -0.011586 0.163630
v 0.017340 0.011586 0.163630
v 0.017348 -0.022608 0.133354
v 0.017348 0.022608 0.133354
v 0.017358 -0.025977 0.001997
v 0.017358 0.025977 0.001997
v 0.017378 -0.011611 0.140400
v 0.017378 -0.011611 0.141900
v 0.017378 -0.011611 0.145100
v 0.017378 -0.011611 0.163400
v 0.017378 0.011611 0.140400
v 0.017378 0.011611 0.141900
v 0.017378 0.011611 0.145100
v 0.017378 0.011611 0.163400
v 0.017386 -0.015247 0.000149
v 0.017386 -0.015247 0.001349
v 0.017386 0.015247 0.000149
v 0.017386 0.015247 0.001349
v 0.017409 -0.030153 0.110716
v 0.017410 -0.011633 0.140010
v 0.017410 0.011633 0.140010
v 0.017409 0.030153 0.110716
v 0.017419 -0.030171 0.117622
v 0.017419 0.030171 0.117622
v 0.017442 -0.022731 0.001251
v 0.017442 0.022731 0.001251
v 0.017454 -0.019902 0.135973
v 0.017449 -0.015303 0.141949
v 0.017449 -0.015303 0.145051
v 0.017449 0.015303 0.141949
v 0.017449 0.015303 0.145051
v 0.017454 0.019902 0.135973
v 0.017491 -0.030295 0.003483
v 0.017491 0.030295 0.003483
v 0.017501 -0.030313 0.005757
v 0.017498 -0.026188 0.126570
v 0.017504 -0.011696 0.139635
v 0.017504 0.011696 0.139635
v 0.017498 0.026188 0.126570
v 0.017501 0.030313 0.005757
v 0.017524 -0.022837 0.000058
v 0.017518 -0.005947 0.000555
v 0.017518 -0.005947 0.001755
v 0.017518 0.005947 0.000555
v 0.017518 0.005947 0.001755
v 0.017524 0.022837 0.000058
v 0.017528 -0.010120 0.139102
v 0.017528 0.010120 0.139102
v 0.017538 -0.030377 0.108427
v 0.017538 0.030377 0.108427
v 0.017561 -0.013475 0.138552
v 0.017562 -0.011735 0.138219
v 0.017562 0.011735 0.138219
v 0.017561 0.013475 0.138552
v 0.017580 -0.010150 0.164000
v 0.017580 0.010150 0.164000
v 0.017607 -0.026350 0.128713
v 0.017607 0.026350 0.128713
v 0.017620 -0.030519 0.115477
v 0.017620 0.030519 0.115477
v 0.017648 -0.030567 0.106092
v 0.017647 -0.026410 0.000916
v 0.017647 0.026410 0.000916
v 0.017648 0.030567 0.106092
v 0.017665 -0.023021 0.134003
v 0.017659 -0.015487 0.142091
v 0.017659 -0.015487 0.144909
v 0.017658 -0.011799 0.139289
v 0.017658 0.011799 0.139289
v 0.017659 0.015487 0.142091
v 0.017659 0.015487 0.144909
v 0.017665 0.023021 0.134003
v 0.017674 -0.030612 0.006591
v 0.017673 -0.020152 0.136665
v 0.017673 -0.013561 0.137741
v 0.017668 -0.008713 0.140880
v 0.017668 -0.008713 0.164480
v 0.017668 0.008713 0.140880
v 0.017668 0.008713 0.164480
v 0.017673 0.013561 0.137741
v 0.017673 0.020152 0.136665
v 0.017674 0.030612 0.006591
v 0.017721 -0.017721 0.137063
v 0.017724 -0.008740 0.140256
v 0.017724 0.008740 0.140256
v 0.017721 0.017721 0.137063
v 0.017738 -0.030724 0.103720
v 0.017739 -0.023118 0.132230
v 0.017739 0.023118 0.132230
v 0.017738 0.030724 0.103720
v 0.017761 -0.015576 0.137611
v 0.017761 0.015576 0.137611
v 0.017779 -0.010265 0.163954
v 0.017779 0.010265 0.163954
v 0.017791 -0.030815 0.004329
v 0.017790 -0.026625 0.124886
v 0.017790 0.026625 0.124886
v 0.017791 0.030815 0.004329
v 0.017799 -0.030829 0.007459
v 0.017802 -0.030834 0.113264
v 0.017797 -0.026634 0.002434
v 0.017797 0.026634 0.002434
v 0.017799 0.030829 0.007459
v 0.017802 0.030834 0.113264
v 0.017809 -0.030846 0.101317
v 0.017812 -0.015620 0.138330
v 0.017812 0.015620 0.138330
v 0.017809 0.030846 0.101317
v 0.017825 -0.015632 0.142312
v 0.017825 -0.015632 0.144688
v 0.017825 0.015632 0.142312
v 0.017825 0.015632 0.144688
v 0.017859 -0.030933 0.098891
v 0.017863 -0.017863 0.137773
v 0.017858 -0.013703 0.138438
v 0.017865 -0.011937 0.138986
v 0.017865 0.011937 0.138986
v 0.017858 0.013703 0.138438
v 0.017863 0.017863 0.137773
v 0.017859 0.030933 0.098891
v 0.017875 -0.030960 0.008349
v 0.017872 -0.010319 0.138617
v 0.017870 -0.004788 0.000555
v 0.017870 -0.004788 0.001755
v 0.017870 0.004788 0.000555
v 0.017870 0.004788 0.001755
v 0.017872 0.010319 0.138617
v 0.017875 0.030960 0.008349
v 0.017890 -0.030986 0.096449
v 0.017887 -0.008821 0.139655
v 0.017887 0.008821 0.139655
v 0.017890 0.030986 0.096449
v 0.017900 -0.031004 0.009250
v 0.017900 -0.031004 0.047000
v 0.017900 -0.031004 0.094000
v 0.017900 0.031004 0.009250
v 0.017900 0.031004 0.047000
v 0.017900 0.031004 0.094000
v 0.017908 -0.020420 0.135229
v 0.017908 0.020420 0.135229
v 0.017932 -0.015726 0.142591
v 0.017932 -0.015726 0.144409
v 0.017932 0.015726 0.142591
v 0.017932 0.015726 0.144409
v 0.017942 -0.026853 0.127107
v 0.017942 0.026853 0.127107
v 0.017948 -0.010362 0.163824
v 0.017948 0.010362 0.163824
v 0.017963 -0.031113 0.110991
v 0.017963 0.031113 0.110991
v 0.017969 -0.015758 0.142900
v 0.017969 -0.015758 0.144100
v 0.017969 0.015758 0.142900
v 0.017969 0.015758 0.144100
v 0.017984 -0.023437 0.001402
v 0.017984 0.023437 0.001402
v 0.017987 -0.017987 0.000038
v 0.017987 -0.017987 0.001238
v 0.017987 0.017987 0.000038
v 0.017987 0.017987 0.001238
v 0.018022 -0.012042 0.137924
v 0.018024 -0.010406 0.000325
v 0.018024 -0.010406 0.001525
v 0.018024 0.010406 0.000325
v 0.018024 0.010406 0.001525
v 0.018022 0.012042 0.137924
v 0.018042 -0.031250 0.005237
v 0.018042 0.031250 0.005237
v 0.018060 -0.010427 0.163630
v 0.018060 0.010427 0.163630
v 0.018066 -0.027038 0.123106
v 0.018066 0.027038 0.123106
v 0.018093 -0.023579 0.132860
v 0.018093 0.023579 0.132860
v 0.018104 -0.031358 0.108664
v 0.018100 -0.010450 0.140400
v 0.018100 -0.010450 0.141900
v 0.018100 -0.010450 0.145100
v 0.018100 -0.010450 0.163400
v 0.018100 0.010450 0.140400
v 0.018100 0.010450 0.141900
v 0.018100 0.010450 0.145100
v 0.018100 0.010450 0.163400
v 0.018104 0.031358 0.108664
v 0.018108 -0.012100 0.155626
v 0.018108 -0.012100 0.156586
v 0.018108 0.012100 0.148014
v 0.018108 0.012100 0.148974
v 0.018119 -0.023613 0.130985
v 0.018117 -0.012105 0.138737
v 0.018117 0.012105 0.138737
v 0.018119 0.023613 0.130985
v 0.018133 -0.010469 0.140010
v 0.018133 0.010469 0.140010
v 0.018145 -0.003609 0.000555
v 0.018145 -0.003609 0.001755
v 0.018145 0.003609 0.000555
v 0.018145 0.003609 0.001755
v 0.018151 -0.027165 0.001418
v 0.018146 -0.023649 0.000232
v 0.018152 -0.008952 0.139102
v 0.018152 0.008952 0.139102
v 0.018146 0.023649 0.000232
v 0.018151 0.027165 0.001418
v 0.018170 -0.020718 0.135908
v 0.018168 -0.013941 0.137680
v 0.018168 -0.013941 0.138400
v 0.018168 -0.013941 0.141900
v 0.018168 -0.013941 0.145100
v 0.018168 -0.009711 0.150772
v 0.018168 -0.009711 0.153172
v 0.018168 -0.009711 0.154972
v 0.018168 -0.009711 0.157372
v 0.018168 0.009711 0.147228
v 0.018168 0.009711 0.149628
v 0.018168 0.009711 0.151428
v 0.018168 0.009711 0.153828
v 0.018168 0.013941 0.137680
v 0.018168 0.013941 0.138400
v 0.018168 0.013941 0.141900
v 0.018168 0.013941 0.145100
v 0.018170 0.020718 0.135908
v 0.018200 -0.007539 0.140880
v 0.018200 -0.007539 0.164480
v 0.018200 0.007539 0.140880
v 0.018200 0.007539 0.164480
v 0.018206 -0.027247 0.002956
v 0.018207 -0.008978 0.164000
v 0.018207 0.008978 0.164000
v 0.018206 0.027247 0.002956
v 0.018224 -0.031566 0.106291
v 0.018223 -0.018223 0.136585
v 0.018223 0.018223 0.136585
v 0.018224 0.031566 0.106291
v 0.018232 -0.010526 0.139635
v 0.018232 0.010526 0.139635
v 0.018240 -0.031593 0.006195
v 0.018240 0.031593 0.006195
v 0.018262 -0.027331 0.125396
v 0.018257 -0.007562 0.140256
v 0.018257 0.007562 0.140256
v 0.018262 0.027331 0.125396
v 0.018292 -0.010561 0.138219
v 0.018292 0.010561 0.138219
v 0.018297 -0.020864 0.000000
v 0.018297 -0.020864 0.001200
v 0.018303 -0.016051 0.137405
v 0.018303 0.016051 0.137405
v 0.018297 0.020864 0.000000
v 0.018297 0.020864 0.001200
v 0.018323 -0.031737 0.103880
v 0.018323 0.031737 0.103880
v 0.018326 -0.027427 0.121234
v 0.018326 0.027427 0.121234
v 0.018342 -0.002415 0.000555
v 0.018342 -0.002415 0.001755
v 0.018342 0.002415 0.000555
v 0.018342 0.002415 0.001755
v 0.018354 -0.020929 0.134355
v 0.018346 -0.014078 0.000149
v 0.018346 -0.014078 0.001349
v 0.018346 0.014078 0.000149
v 0.018346 0.014078 0.001349
v 0.018354 0.020929 0.134355
v 0.018384 -0.031842 0.007192
v 0.018384 0.031842 0.007192
v 0.018392 -0.010619 0.139289
v 0.018392 0.010619 0.139289
v 0.018400 -0.031870 0.101437
v 0.018404 -0.016140 0.138121
v 0.018404 -0.012297 0.138552
v 0.018404 0.012297 0.138552
v 0.018404 0.016140 0.138121
v 0.018400 0.031870 0.101437
v 0.018411 -0.018411 0.137287
v 0.018413 -0.014129 0.141949
v 0.018413 -0.014129 0.145051
v 0.018412 -0.009080 0.163954
v 0.018412 0.009080 0.163954
v 0.018413 0.014129 0.141949
v 0.018413 0.014129 0.145051
v 0.018411 0.018411 0.137287
v 0.018425 -0.007632 0.139655
v 0.018425 0.007632 0.139655
v 0.018456 -0.031966 0.098971
v 0.018460 -0.001210 0.000555
v 0.018460 -0.001210 0.001755
v 0.018460 0.001210 0.000555
v 0.018460 0.001210 0.001755
v 0.018456 0.031966 0.098971
v 0.018471 -0.031993 0.008214
v 0.018471 0.031993 0.008214
v 0.018485 -0.024090 0.129624
v 0.018485 0.024090 0.129624
v 0.018489 -0.032024 0.096490
v 0.018489 0.032024 0.096490
v 0.018500 -0.032043 0.009250
v 0.018500 -0.032043 0.047000
v 0.018500 -0.032043 0.094000
v 0.018500 0.000000 0.000555
v 0.018500 0.000000 0.001755
v 0.018500 0.032043 0.009250
v 0.018500 0.032043 0.047000
v 0.018500 0.032043 0.094000
v 0.018512 -0.024125 0.001652
v 0.018507 -0.024119 0.131595
v 0.018509 -0.009128 0.138617
v 0.018509 0.009128 0.138617
v 0.018512 0.024125 0.001652
v 0.018507 0.024119 0.131595
v 0.018522 -0.012376 0.137741
v 0.018522 0.012376 0.137741
v 0.018564 -0.027782 0.123586
v 0.018564 0.027782 0.123586
v 0.018568 -0.027788 0.119276
v 0.018568 0.027788 0.119276
v 0.018579 -0.027806 0.003558
v 0.018579 0.027806 0.003558
v 0.018587 -0.009166 0.163824
v 0.018587 0.009166 0.163824
v 0.018607 -0.010743 0.138986
v 0.018607 0.010743 0.138986
v 0.018621 -0.027869 0.002018
v 0.018625 -0.012445 0.151426
v 0.018625 -0.012445 0.152386
v 0.018625 0.012445 0.152214
v 0.018625 0.012445 0.153174
v 0.018621 0.027869 0.002018
v 0.018634 -0.014298 0.142091
v 0.018634 -0.014298 0.144909
v 0.018634 0.014298 0.142091
v 0.018634 0.014298 0.144909
v 0.018655 -0.006332 0.140880
v 0.018655 -0.006332 0.164480
v 0.018655 0.006332 0.140880
v 0.018655 0.006332 0.164480
v 0.018657 -0.021274 0.135020
v 0.018657 0.021274 0.135020
v 0.018666 -0.009205 0.000325
v 0.018666 -0.009205 0.001525
v 0.018666 0.009205 0.000325
v 0.018666 0.009205 0.001525
v 0.018704 -0.009224 0.163630
v 0.018699 -0.007745 0.139102
v 0.018699 0.007745 0.139102
v 0.018704 0.009224 0.163630
v 0.018713 -0.006352 0.140256
v 0.018713 0.006352 0.140256
v 0.018718 -0.018718 0.135973
v 0.018716 -0.012506 0.138438
v 0.018716 0.012506 0.138438
v 0.018718 0.018718 0.135973
v 0.018742 -0.014381 0.137611
v 0.018745 -0.009244 0.140400
v 0.018745 -0.009244 0.141900
v 0.018745 -0.009244 0.145100
v 0.018745 -0.009244 0.163400
v 0.018745 0.009244 0.140400
v 0.018745 0.009244 0.141900
v 0.018745 0.009244 0.145100
v 0.018745 0.009244 0.163400
v 0.018742 0.014381 0.137611
v 0.018753 -0.024439 0.000519
v 0.018755 -0.007768 0.164000
v 0.018755 0.007768 0.164000
v 0.018753 0.024439 0.000519
v 0.018771 -0.010838 0.137924
v 0.018771 0.010838 0.137924
v 0.018779 -0.009261 0.140010
v 0.018779 0.009261 0.140010
v 0.018791 -0.028123 0.117239
v 0.018789 -0.021425 0.133354
v 0.018789 0.021425 0.133354
v 0.018791 0.028123 0.117239
v 0.018795 -0.014422 0.138330
v 0.018795 0.014422 0.138330
v 0.018810 -0.014433 0.142312
v 0.018810 -0.014433 0.144688
v 0.018810 0.014433 0.142312
v 0.018810 0.014433 0.144688
v 0.018837 -0.024549 0.128150
v 0.018842 -0.016524 0.137063
v 0.018842 0.016524 0.137063
v 0.018837 0.024549 0.128150
v 0.018847 -0.028207 0.121683
v 0.018847 0.028207 0.121683
v 0.018870 -0.010894 0.138737
v 0.018870 0.010894 0.138737
v 0.018881 -0.009311 0.139635
v 0.018881 0.009311 0.139635
v 0.018891 -0.021541 0.001251
v 0.018885 -0.006411 0.139655
v 0.018885 0.006411 0.139655
v 0.018891 0.021541 0.001251
v 0.018914 -0.028306 0.004231
v 0.018908 -0.024641 0.130211
v 0.018908 0.024641 0.130211
v 0.018914 0.028306 0.004231
v 0.018922 -0.014520 0.142591
v 0.018922 -0.014520 0.144409
v 0.018922 0.014520 0.142591
v 0.018922 0.014520 0.144409
v 0.018944 -0.009342 0.138219
v 0.018944 0.009342 0.138219
v 0.018953 -0.018953 0.136665
v 0.018953 0.018953 0.136665
v 0.018961 -0.014549 0.142900
v 0.018961 -0.014549 0.144100
v 0.018961 0.014549 0.142900
v 0.018961 0.014549 0.144100
v 0.018967 -0.007856 0.163954
v 0.018967 0.007856 0.163954
v 0.018980 -0.021642 0.000058
v 0.018980 0.021642 0.000058
v 0.018993 -0.016656 0.137773
v 0.018993 0.016656 0.137773
v 0.018995 -0.028428 0.115129
v 0.018995 0.028428 0.115129
v 0.019019 -0.024787 0.001997
v 0.019019 0.024787 0.001997
v 0.019032 -0.007883 0.150837
v 0.019032 -0.007883 0.153238
v 0.019032 -0.007883 0.155038
v 0.019032 -0.007883 0.157438
v 0.019029 -0.005099 0.140880
v 0.019029 -0.005099 0.164480
v 0.019029 0.005099 0.140880
v 0.019029 0.005099 0.164480
v 0.019032 0.007883 0.147162
v 0.019032 0.007883 0.149562
v 0.019032 0.007883 0.151362
v 0.019032 0.007883 0.153763
v 0.019041 -0.012723 0.137680
v 0.019041 -0.012723 0.138400
v 0.019041 -0.012723 0.141900
v 0.019041 -0.012723 0.145100
v 0.019041 0.012723 0.137680
v 0.019041 0.012723 0.138400
v 0.019041 0.012723 0.141900
v 0.019041 0.012723 0.145100
v 0.019051 -0.028512 0.002709
v 0.019047 -0.009393 0.139289
v 0.019047 0.009393 0.139289
v 0.019051 0.028512 0.002709
v 0.019066 -0.007898 0.138617
v 0.019066 0.007898 0.138617
v 0.019078 -0.010197 0.155692
v 0.019078 -0.010197 0.156652
v 0.019078 0.010197 0.147948
v 0.019078 0.010197 0.148908
v 0.019088 -0.005115 0.140256
v 0.019088 0.005115 0.140256
v 0.019111 -0.028602 0.119693
v 0.019111 0.028602 0.119693
v 0.019125 -0.016772 0.000038
v 0.019125 -0.016772 0.001238
v 0.019125 0.016772 0.000038
v 0.019125 0.016772 0.001238
v 0.019133 -0.021817 0.134003
v 0.019133 0.021817 0.134003
v 0.019147 -0.007931 0.163824
v 0.019147 0.007931 0.163824
v 0.019173 -0.024987 0.126570
v 0.019169 -0.011067 0.138552
v 0.019165 -0.006506 0.139102
v 0.019165 0.006506 0.139102
v 0.019169 0.011067 0.138552
v 0.019173 0.024987 0.126570
v 0.019180 -0.028704 0.112952
v 0.019180 0.028704 0.112952
v 0.019204 -0.028741 0.004967
v 0.019204 0.028741 0.004967
v 0.019213 -0.021909 0.132230
v 0.019205 -0.019205 0.135229
v 0.019205 0.019205 0.135229
v 0.019213 0.021909 0.132230
v 0.019223 -0.006525 0.164000
v 0.019223 0.006525 0.164000
v 0.019228 -0.012848 0.000149
v 0.019228 -0.012848 0.001349
v 0.019228 -0.007965 0.000325
v 0.019228 -0.007965 0.001525
v 0.019228 0.007965 0.000325
v 0.019228 0.007965 0.001525
v 0.019228 0.012848 0.000149
v 0.019228 0.012848 0.001349
v 0.019264 -0.005162 0.139655
v 0.019264 0.005162 0.139655
v 0.019270 -0.009503 0.138986
v 0.019267 -0.007981 0.163630
v 0.019267 0.007981 0.163630
v 0.019270 0.009503 0.138986
v 0.019292 -0.025142 0.128713
v 0.019291 -0.011138 0.137741
v 0.019291 0.011138 0.137741
v 0.019292 0.025142 0.128713
v 0.019298 -0.012894 0.141949
v 0.019298 -0.012894 0.145051
v 0.019298 0.012894 0.141949
v 0.019298 0.012894 0.145051
v 0.019314 -0.014820 0.137405
v 0.019309 -0.007998 0.140400
v 0.019309 -0.007998 0.141900
v 0.019309 -0.007998 0.145100
v 0.019309 -0.007998 0.163400
v 0.019309 0.007998 0.140400
v 0.019309 0.007998 0.141900
v 0.019309 0.007998 0.145100
v 0.019309 0.007998 0.163400
v 0.019314 0.014820 0.137405
v 0.019321 -0.003843 0.140880
v 0.019321 -0.003843 0.164480
v 0.019321 0.003843 0.140880
v 0.019321 0.003843 0.164480
v 0.019344 -0.028950 0.110716
v 0.019336 -0.025200 0.000916
v 0.019345 -0.008013 0.140010
v 0.019345 0.008013 0.140010
v 0.019336 0.025200 0.000916
v 0.019344 0.028950 0.110716
v 0.019355 -0.028967 0.117622
v 0.019355 0.028967 0.117622
v 0.019375 -0.016992 0.136585
v 0.019382 -0.003855 0.140256
v 0.019382 0.003855 0.140256
v 0.019375 0.016992 0.136585
v 0.019420 -0.014902 0.138121
v 0.019420 0.014902 0.138121
v 0.019435 -0.029086 0.003483
v 0.019435 0.029086 0.003483
v 0.019440 -0.009587 0.137924
v 0.019440 -0.006599 0.163954
v 0.019440 0.006599 0.163954
v 0.019440 0.009587 0.137924
v 0.019447 -0.029104 0.005757
v 0.019450 -0.008056 0.139635
v 0.019450 0.008056 0.139635
v 0.019447 0.029104 0.005757
v 0.019478 -0.022210 0.001402
v 0.019478 0.022210 0.001402
v 0.019487 -0.029165 0.108427
v 0.019494 -0.025405 0.124886
v 0.019486 -0.019486 0.135908
v 0.019494 -0.011255 0.138438
v 0.019494 0.011255 0.138438
v 0.019486 0.019486 0.135908
v 0.019494 0.025405 0.124886
v 0.019487 0.029165 0.108427
v 0.019500 -0.025413 0.002434
v 0.019500 0.025413 0.002434
v 0.019514 -0.008083 0.138219
v 0.019514 0.008083 0.138219
v 0.019529 -0.013049 0.142091
v 0.019529 -0.013049 0.144909
v 0.019531 -0.002571 0.140880
v 0.019531 -0.002571 0.164480
v 0.019531 0.002571 0.140880
v 0.019531 0.002571 0.164480
v 0.019529 0.013049 0.142091
v 0.019529 0.013049 0.144909
v 0.019542 -0.009637 0.138737
v 0.019542 -0.006634 0.138617
v 0.019542 0.006634 0.138617
v 0.019542 0.009637 0.138737
v 0.019550 -0.005238 0.139102
v 0.019550 0.005238 0.139102
v 0.019560 -0.003891 0.139655
v 0.019560 0.003891 0.139655
v 0.019579 -0.029302 0.115477
v 0.019576 -0.017168 0.137287
v 0.019576 0.017168 0.137287
v 0.019579 0.029302 0.115477
v 0.019592 -0.002579 0.140256
v 0.019592 0.002579 0.140256
v 0.019596 -0.022345 0.132860
v 0.019596 0.022345 0.132860
v 0.019609 -0.029347 0.106092
v 0.019608 -0.005254 0.164000
v 0.019608 0.005254 0.164000
v 0.019609 0.029347 0.106092
v 0.019624 -0.022377 0.130985
v 0.019622 -0.019622 0.000000
v 0.019622 -0.019622 0.001200
v 0.019620 -0.008127 0.139289
v 0.019624 -0.006662 0.163824
v 0.019624 0.006662 0.163824
v 0.019620 0.008127 0.139289
v 0.019622 0.019622 0.000000
v 0.019622 0.019622 0.001200
v 0.019624 0.022377 0.130985
v 0.019638 -0.029391 0.006591
v 0.019642 -0.013124 0.137611
v 0.019642 0.013124 0.137611
v 0.019638 0.029391 0.006591
v 0.019654 -0.022411 0.000232
v 0.019654 0.022411 0.000232
v 0.019660 -0.025622 0.127107
v 0.019658 -0.001288 0.140880
v 0.019658 -0.001288 0.164480
v 0.019658 0.001288 0.140880
v 0.019658 0.001288 0.164480
v 0.019660 0.025622 0.127107
v 0.019683 -0.019683 0.134355
v 0.019683 0.019683 0.134355
v 0.019698 -0.013162 0.138330
v 0.019700 0.000000 0.140880
v 0.019700 0.000000 0.164480
v 0.019698 0.013162 0.138330
v 0.019710 -0.029498 0.103720
v 0.019713 -0.013172 0.142312
v 0.019713 -0.013172 0.144688
v 0.019708 -0.006690 0.000325
v 0.019708 -0.006690 0.001525
v 0.019713 -0.005980 0.150903
v 0.019713 -0.005980 0.153303
v 0.019713 -0.005980 0.155103
v 0.019713 -0.005980 0.157503
v 0.019713 0.005980 0.147097
v 0.019713 0.005980 0.149497
v 0.019713 0.005980 0.151297
v 0.019713 0.005980 0.153697
v 0.019708 0.006690 0.000325
v 0.019708 0.006690 0.001525
v 0.019713 0.013172 0.142312
v 0.019713 0.013172 0.144688
v 0.019710 0.029498 0.103720
v 0.019719 -0.001292 0.140256
v 0.019719 0.001292 0.140256
v 0.019748 -0.006703 0.163630
v 0.019748 0.006703 0.163630
v 0.019755 -0.010559 0.151492
v 0.019755 -0.010559 0.152452
v 0.019761 0.000000 0.140256
v 0.019755 0.010559 0.152148
v 0.019755 0.010559 0.153108
v 0.019768 -0.029586 0.004329
v 0.019773 -0.002603 0.139655
v 0.019773 0.002603 0.139655
v 0.019768 0.029586 0.004329
v 0.019777 -0.029599 0.007459
v 0.019780 -0.029603 0.113264
v 0.019777 0.029599 0.007459
v 0.019780 0.029603 0.113264
v 0.019788 -0.029615 0.101317
v 0.019791 -0.006718 0.140400
v 0.019791 -0.006718 0.141900
v 0.019791 -0.006718 0.145100
v 0.019791 -0.006718 0.163400
v 0.019791 0.006718 0.140400
v 0.019791 0.006718 0.141900
v 0.019791 0.006718 0.145100
v 0.019791 0.006718 0.163400
v 0.019788 0.029615 0.101317
v 0.019796 -0.025799 0.123106
v 0.019796 0.025799 0.123106
v 0.019831 -0.013251 0.142591
v 0.019831 -0.013251 0.144409
v 0.019832 -0.011450 0.137680
v 0.019832 -0.011450 0.138400
v 0.019832 -0.011450 0.141900
v 0.019832 -0.011450 0.145100
v 0.019827 -0.006730 0.140010
v 0.019830 -0.005313 0.163954
v 0.019830 0.005313 0.163954
v 0.019827 0.006730 0.140010
v 0.019832 0.011450 0.137680
v 0.019832 0.011450 0.138400
v 0.019832 0.011450 0.141900
v 0.019832 0.011450 0.145100
v 0.019831 0.013251 0.142591
v 0.019831 0.013251 0.144409
v 0.019844 -0.029699 0.098891
v 0.019844 0.029699 0.098891
v 0.019852 -0.009790 0.138552
v 0.019850 -0.008222 0.138986
v 0.019850 -0.008222 0.155758
v 0.019850 -0.008222 0.156717
v 0.019850 -0.003948 0.139102
v 0.019850 0.003948 0.139102
v 0.019850 0.008222 0.138986
v 0.019850 0.008222 0.147883
v 0.019850 0.008222 0.148842
v 0.019852 0.009790 0.138552
v 0.019861 -0.029725 0.008349
v 0.019861 0.029725 0.008349
v 0.019872 -0.013278 0.142900
v 0.019872 -0.013278 0.144100
v 0.019872 0.013278 0.142900
v 0.019872 0.013278 0.144100
v 0.019878 -0.029750 0.096449
v 0.019882 -0.015256 0.137063
v 0.019882 0.015256 0.137063
v 0.019878 0.029750 0.096449
v 0.019889 -0.029767 0.009250
v 0.019889 -0.029767 0.047000
v 0.019889 -0.029767 0.094000
v 0.019889 -0.025920 0.001418
v 0.019889 0.025920 0.001418
v 0.019889 0.029767 0.009250
v 0.019889 0.029767 0.047000
v 0.019889 0.029767 0.094000
v 0.019902 -0.017454 0.135973
v 0.019901 -0.001304 0.139655
v 0.019901 0.001304 0.139655
v 0.019902 0.017454 0.135973
v 0.019910 -0.003960 0.164000
v 0.019910 0.003960 0.164000
v 0.019934 -0.005341 0.138617
v 0.019934 0.005341 0.138617
v 0.019935 -0.006767 0.139635
v 0.019944 0.000000 0.139655
v 0.019935 0.006767 0.139635
v 0.019949 -0.025997 0.002956
v 0.019949 0.025997 0.002956
v 0.019960 -0.029872 0.110991
v 0.019960 0.029872 0.110991
v 0.019978 -0.009852 0.137741
v 0.019978 0.009852 0.137741
v 0.020001 -0.006790 0.138219
v 0.020001 0.006790 0.138219
v 0.020010 -0.026078 0.125396
v 0.020008 -0.020008 0.135020
v 0.020008 0.020008 0.135020
v 0.020010 0.026078 0.125396
v 0.020021 -0.022830 0.129624
v 0.020018 -0.005364 0.163824
v 0.020018 0.005364 0.163824
v 0.020021 0.022830 0.129624
v 0.020027 -0.011563 0.000149
v 0.020027 -0.011563 0.001349
v 0.020025 -0.008295 0.137924
v 0.020025 0.008295 0.137924
v 0.020027 0.011563 0.000149
v 0.020027 0.011563 0.001349
v 0.020042 -0.015378 0.137773
v 0.020042 0.015378 0.137773
v 0.020047 -0.030003 0.005237
v 0.020050 -0.022863 0.001652
v 0.020045 -0.022857 0.131595
v 0.020050 0.022863 0.001652
v 0.020045 0.022857 0.131595
v 0.020047 0.030003 0.005237
v 0.020066 -0.002642 0.139102
v 0.020066 0.002642 0.139102
v 0.020080 -0.026169 0.121234
v 0.020080 0.026169 0.121234
v 0.020100 -0.011605 0.141949
v 0.020100 -0.011605 0.145051
v 0.020103 -0.005387 0.000325
v 0.020103 -0.005387 0.001525
v 0.020103 0.005387 0.000325
v 0.020103 0.005387 0.001525
v 0.020100 0.011605 0.141949
v 0.020100 0.011605 0.145051
v 0.020110 -0.006826 0.139289
v 0.020110 0.006826 0.139289
v 0.020117 -0.030106 0.108664
v 0.020117 0.030106 0.108664
v 0.020130 -0.008338 0.138737
v 0.020126 -0.002650 0.164000
v 0.020126 0.002650 0.164000
v 0.020130 0.008338 0.138737
v 0.020144 -0.005397 0.163630
v 0.020135 -0.004005 0.163954
v 0.020135 0.004005 0.163954
v 0.020144 0.005397 0.163630
v 0.020150 -0.020150 0.133354
v 0.020152 -0.017673 0.136665
v 0.020152 0.017673 0.136665
v 0.020150 0.020150 0.133354
v 0.020181 -0.015485 0.000038
v 0.020181 -0.015485 0.001238
v 0.020181 0.015485 0.000038
v 0.020181 0.015485 0.001238
v 0.020188 -0.009956 0.138438
v 0.020188 -0.005409 0.140400
v 0.020188 -0.005409 0.141900
v 0.020188 -0.005409 0.145100
v 0.020188 -0.005409 0.163400
v 0.020188 0.005409 0.140400
v 0.020188 0.005409 0.141900
v 0.020188 0.005409 0.145100
v 0.020188 0.005409 0.163400
v 0.020188 0.009956 0.138438
v 0.020204 -0.004019 0.150969
v 0.020204 -0.004019 0.153369
v 0.020204 -0.004019 0.155169
v 0.020204 -0.004019 0.157569
v 0.020196 -0.001324 0.139102
v 0.020196 0.001324 0.139102
v 0.020204 0.004019 0.147031
v 0.020204 0.004019 0.149431
v 0.020204 0.004019 0.151231
v 0.020204 0.004019 0.153631
v 0.020225 -0.005419 0.140010
v 0.020225 0.005419 0.140010
v 0.020242 -0.013525 0.137405
v 0.020241 -0.004026 0.138617
v 0.020239 0.000000 0.139102
v 0.020241 0.004026 0.138617
v 0.020242 0.013525 0.137405
v 0.020250 -0.030306 0.106291
v 0.020250 0.030306 0.106291
v 0.020260 -0.020260 0.001251
v 0.020257 -0.001328 0.164000
v 0.020257 0.001328 0.164000
v 0.020260 0.020260 0.001251
v 0.020268 -0.030333 0.006195
v 0.020268 0.030333 0.006195
v 0.020300 0.000000 0.164000
v 0.020311 -0.023160 0.000519
v 0.020311 0.023160 0.000519
v 0.020335 -0.005449 0.139635
v 0.020326 -0.004043 0.163824
v 0.020326 0.004043 0.163824
v 0.020335 0.005449 0.139635
v 0.020341 -0.026509 0.123586
v 0.020341 -0.011744 0.142091
v 0.020341 -0.011744 0.144909
v 0.020341 0.011744 0.142091
v 0.020341 0.011744 0.144909
v 0.020341 0.026509 0.123586
v 0.020345 -0.026514 0.119276
v 0.020355 -0.020355 0.000058
v 0.020353 -0.013600 0.138121
v 0.020346 -0.006906 0.138986
v 0.020354 -0.002680 0.163954
v 0.020354 0.002680 0.163954
v 0.020346 0.006906 0.138986
v 0.020353 0.013600 0.138121
v 0.020355 0.020355 0.000058
v 0.020345 0.026514 0.119276
v 0.020360 -0.030470 0.103880
v 0.020358 -0.026531 0.003558
v 0.020358 0.026531 0.003558
v 0.020360 0.030470 0.103880
v 0.020404 -0.026591 0.002018
v 0.020402 -0.023264 0.128150
v 0.020402 -0.005467 0.138219
v 0.020402 0.005467 0.138219
v 0.020402 0.023264 0.128150
v 0.020404 0.026591 0.002018
v 0.020413 -0.004060 0.000325
v 0.020413 -0.004060 0.001525
v 0.020413 0.004060 0.000325
v 0.020413 0.004060 0.001525
v 0.020420 -0.017908 0.135229
v 0.020421 -0.006195 0.155823
v 0.020421 -0.006195 0.156783
v 0.020421 0.006195 0.147817
v 0.020421 0.006195 0.148777
v 0.020420 0.017908 0.135229
v 0.020427 -0.030572 0.007192
v 0.020427 0.030572 0.007192
v 0.020445 -0.030599 0.101437
v 0.020445 -0.015688 0.136585
v 0.020450 -0.008471 0.138552
v 0.020454 -0.004068 0.163630
v 0.020454 0.004068 0.163630
v 0.020450 0.008471 0.138552
v 0.020445 0.015688 0.136585
v 0.020445 0.030599 0.101437
v 0.020458 -0.011812 0.137611
v 0.020461 -0.002694 0.138617
v 0.020461 0.002694 0.138617
v 0.020458 0.011812 0.137611
v 0.020479 -0.023352 0.130211
v 0.020479 0.023352 0.130211
v 0.020486 -0.001343 0.163954
v 0.020486 0.001343 0.163954
v 0.020498 -0.004077 0.140400
v 0.020498 -0.004077 0.141900
v 0.020498 -0.004077 0.145100
v 0.020498 -0.004077 0.163400
v 0.020501 -0.002019 0.151034
v 0.020501 -0.002019 0.153434
v 0.020501 -0.002019 0.155234
v 0.020501 -0.002019 0.157634
v 0.020501 0.002019 0.146966
v 0.020501 0.002019 0.149366
v 0.020501 0.002019 0.151166
v 0.020501 0.002019 0.153566
v 0.020498 0.004077 0.140400
v 0.020498 0.004077 0.141900
v 0.020498 0.004077 0.145100
v 0.020498 0.004077 0.163400
v 0.020507 -0.030691 0.098971
v 0.020513 -0.005497 0.139289
v 0.020513 0.005497 0.139289
v 0.020507 0.030691 0.098971
v 0.020524 -0.030716 0.008214
v 0.020519 -0.020519 0.134003
v 0.020517 -0.011845 0.138330
v 0.020517 0.011845 0.138330
v 0.020519 0.020519 0.134003
v 0.020524 0.030716 0.008214
v 0.020533 -0.011855 0.142312
v 0.020533 -0.011855 0.144688
v 0.020525 -0.006967 0.137924
v 0.020530 0.000000 0.163954
v 0.020525 0.006967 0.137924
v 0.020533 0.011855 0.142312
v 0.020533 0.011855 0.144688
v 0.020544 -0.030746 0.096490
v 0.020538 -0.010128 0.137680
v 0.020538 -0.010128 0.138400
v 0.020538 -0.010128 0.141900
v 0.020538 -0.010128 0.145100
v 0.020536 -0.004085 0.140010
v 0.020536 0.004085 0.140010
v 0.020538 0.010128 0.137680
v 0.020538 0.010128 0.138400
v 0.020538 0.010128 0.141900
v 0.020538 0.010128 0.145100
v 0.020544 0.030746 0.096490
v 0.020547 -0.002705 0.163824
v 0.020547 0.002705 0.163824
v 0.020556 -0.030764 0.009250
v 0.020556 -0.030764 0.047000
v 0.020556 -0.030764 0.094000
v 0.020556 0.030764 0.009250
v 0.020556 0.030764 0.047000
v 0.020556 0.030764 0.094000
v 0.020580 -0.008525 0.137741
v 0.020580 0.008525 0.137741
v 0.020590 -0.026833 0.117239
v 0.020593 -0.001350 0.138617
v 0.020593 0.001350 0.138617
v 0.020590 0.026833 0.117239
v 0.020600 -0.023490 0.001997
v 0.020600 0.000000 0.146900
v 0.020600 0.000000 0.149300
v 0.020600 -0.000000 0.151100
v 0.020600 -0.000000 0.153500
v 0.020600 -0.000000 0.155300
v 0.020600 -0.000000 0.157700
v 0.020600 0.023490 0.001997
v 0.020605 -0.020605 0.132230
v 0.020605 0.020605 0.132230
v 0.020633 -0.007004 0.138737
v 0.020634 -0.002717 0.000325
v 0.020634 -0.002717 0.001525
v 0.020634 0.002717 0.000325
v 0.020634 0.002717 0.001525
v 0.020633 0.007004 0.138737
v 0.020637 0.000000 0.138617
v 0.020652 -0.026914 0.121683
v 0.020648 -0.004107 0.139635
v 0.020648 0.004107 0.139635
v 0.020652 0.026914 0.121683
v 0.020657 -0.015851 0.137287
v 0.020656 -0.011926 0.142591
v 0.020656 -0.011926 0.144409
v 0.020656 0.011926 0.142591
v 0.020656 0.011926 0.144409
v 0.020657 0.015851 0.137287
v 0.020676 -0.002722 0.163630
v 0.020680 -0.001355 0.163824
v 0.020680 0.001355 0.163824
v 0.020676 0.002722 0.163630
v 0.020695 -0.008572 0.151558
v 0.020695 -0.008572 0.152517
v 0.020695 0.008572 0.152083
v 0.020695 0.008572 0.153042
v 0.020698 -0.011950 0.142900
v 0.020698 -0.011950 0.144100
v 0.020698 0.011950 0.142900
v 0.020698 0.011950 0.144100
v 0.020725 -0.027009 0.004231
v 0.020718 -0.018170 0.135908
v 0.020716 -0.004121 0.138219
v 0.020721 -0.002728 0.140400
v 0.020721 -0.002728 0.141900
v 0.020721 -0.002728 0.145100
v 0.020721 -0.002728 0.163400
v 0.020724 0.000000 0.163824
v 0.020721 0.002728 0.140400
v 0.020721 0.002728 0.141900
v 0.020721 0.002728 0.145100
v 0.020721 0.002728 0.163400
v 0.020716 0.004121 0.138219
v 0.020718 0.018170 0.135908
v 0.020725 0.027009 0.004231
v 0.020740 -0.010228 0.000149
v 0.020740 -0.010228 0.001349
v 0.020740 0.010228 0.000149
v 0.020740 0.010228 0.001349
v 0.020754 -0.005561 0.138986
v 0.020754 0.005561 0.138986
v 0.020759 -0.002733 0.140010
v 0.020759 0.002733 0.140010
v 0.020767 -0.023680 0.126570
v 0.020768 -0.001361 0.000325
v 0.020768 -0.001361 0.001525
v 0.020768 0.001361 0.000325
v 0.020768 0.001361 0.001525
v 0.020767 0.023680 0.126570
v 0.020786 -0.004135 0.155889
v 0.020786 -0.004135 0.156849
v 0.020786 0.004135 0.147751
v 0.020786 0.004135 0.148711
v 0.020796 -0.008614 0.138438
v 0.020796 0.008614 0.138438
v 0.020814 -0.027125 0.115129
v 0.020810 -0.001364 0.163630
v 0.020813 0.000000 0.000325
v 0.020813 0.000000 0.001525
v 0.020810 0.001364 0.163630
v 0.020814 0.027125 0.115129
v 0.020816 -0.010265 0.141949
v 0.020816 -0.010265 0.145051
v 0.020816 0.010265 0.141949
v 0.020816 0.010265 0.145051
v 0.020829 -0.004143 0.139289
v 0.020829 0.004143 0.139289
v 0.020837 -0.013923 0.137063
v 0.020837 0.013923 0.137063
v 0.020854 0.000000 0.163630
v 0.020864 -0.018297 0.000000
v 0.020864 -0.018297 0.001200
v 0.020855 -0.001367 0.140400
v 0.020855 -0.001367 0.141900
v 0.020855 -0.001367 0.145100
v 0.020855 -0.001367 0.163400
v 0.020855 0.001367 0.140400
v 0.020855 0.001367 0.141900
v 0.020855 0.001367 0.145100
v 0.020855 0.001367 0.163400
v 0.020864 0.018297 0.000000
v 0.020864 0.018297 0.001200
v 0.020875 -0.027205 0.002709
v 0.020872 -0.002748 0.139635
v 0.020872 0.002748 0.139635
v 0.020875 0.027205 0.002709
v 0.020889 -0.020889 0.001402
v 0.020894 -0.001369 0.140010
v 0.020894 0.001369 0.140010
v 0.020889 0.020889 0.001402
v 0.020895 -0.023827 0.128713
v 0.020900 0.000000 0.140400
v 0.020900 0.000000 0.141900
v 0.020900 0.000000 0.145100
v 0.020900 0.000000 0.163400
v 0.020895 0.023827 0.128713
v 0.020929 -0.018354 0.134355
v 0.020930 0.000000 0.147620
v 0.020930 0.000000 0.148580
v 0.020930 -0.000000 0.156020
v 0.020930 -0.000000 0.156980
v 0.020929 0.018354 0.134355
v 0.020941 -0.027291 0.119693
v 0.020943 -0.023881 0.000916
v 0.020937 -0.005610 0.137924
v 0.020941 -0.002757 0.138219
v 0.020938 0.000000 0.140010
v 0.020941 0.002757 0.138219
v 0.020937 0.005610 0.137924
v 0.020943 0.023881 0.000916
v 0.020941 0.027291 0.119693
v 0.020945 -0.002063 0.155954
v 0.020945 -0.002063 0.156914
v 0.020945 0.002063 0.147686
v 0.020945 0.002063 0.148646
v 0.020960 -0.007115 0.138552
v 0.020960 0.007115 0.138552
v 0.021001 -0.016115 0.135973
v 0.021004 -0.014035 0.137773
v 0.021004 0.014035 0.137773
v 0.021001 0.016115 0.135973
v 0.021007 -0.001377 0.139635
v 0.021007 0.001377 0.139635
v 0.021016 -0.027389 0.112952
v 0.021016 -0.021016 0.132860
v 0.021016 0.021016 0.132860
v 0.021016 0.027389 0.112952
v 0.021043 -0.027423 0.004967
v 0.021043 0.027423 0.004967
v 0.021046 -0.021046 0.130985
v 0.021046 -0.005639 0.138737
v 0.021052 0.000000 0.139635
v 0.021046 0.005639 0.138737
v 0.021046 0.021046 0.130985
v 0.021055 -0.002772 0.139289
v 0.021055 0.002772 0.139289
v 0.021066 -0.010388 0.142091
v 0.021066 -0.010388 0.144909
v 0.021073 -0.004192 0.138986
v 0.021073 0.004192 0.138986
v 0.021066 0.010388 0.142091
v 0.021066 0.010388 0.144909
v 0.021078 -0.021078 0.000232
v 0.021083 -0.012172 0.137405
v 0.021077 -0.001381 0.138219
v 0.021077 0.001381 0.138219
v 0.021083 0.012172 0.137405
v 0.021078 0.021078 0.000232
v 0.021094 -0.007160 0.137741
v 0.021094 0.007160 0.137741
v 0.021113 -0.024075 0.124886
v 0.021113 0.024075 0.124886
v 0.021121 -0.024084 0.002434
v 0.021122 0.000000 0.138219
v 0.021121 0.024084 0.002434
v 0.021151 -0.014132 0.000038
v 0.021151 -0.014132 0.001238
v 0.021151 0.014132 0.000038
v 0.021151 0.014132 0.001238
v 0.021157 -0.008763 0.137680
v 0.021157 -0.008763 0.138400
v 0.021157 -0.008763 0.141900
v 0.021157 -0.008763 0.145100
v 0.021157 0.008763 0.137680
v 0.021157 0.008763 0.138400
v 0.021157 0.008763 0.141900
v 0.021157 0.008763 0.145100
v 0.021187 -0.010448 0.137611
v 0.021192 -0.001389 0.139289
v 0.021192 0.001389 0.139289
v 0.021187 0.010448 0.137611
v 0.021196 -0.027623 0.110716
v 0.021199 -0.012239 0.138121
v 0.021199 0.012239 0.138121
v 0.021196 0.027623 0.110716
v 0.021209 -0.027639 0.117622
v 0.021209 0.027639 0.117622
v 0.021237 0.000000 0.139289
v 0.021247 -0.010478 0.138330
v 0.021247 0.010478 0.138330
v 0.021265 -0.016317 0.136665
v 0.021264 -0.010486 0.142312
v 0.021264 -0.010486 0.144688
v 0.021259 -0.004229 0.137924
v 0.021259 0.004229 0.137924
v 0.021264 0.010486 0.142312
v 0.021264 0.010486 0.144688
v 0.021265 0.016317 0.136665
v 0.021274 -0.018657 0.135020
v 0.021274 0.018657 0.135020
v 0.021294 -0.024281 0.127107
v 0.021294 0.024281 0.127107
v 0.021296 -0.027753 0.003483
v 0.021302 -0.002804 0.138986
v 0.021302 0.002804 0.138986
v 0.021296 0.027753 0.003483
v 0.021308 -0.027770 0.005757
v 0.021308 0.027770 0.005757
v 0.021315 -0.007236 0.138438
v 0.021315 0.007236 0.138438
v 0.021353 -0.027828 0.108427
v 0.021353 0.027828 0.108427
v 0.021365 -0.008850 0.000149
v 0.021365 -0.008850 0.001349
v 0.021365 0.008850 0.000149
v 0.021365 0.008850 0.001349
v 0.021370 -0.004251 0.138737
v 0.021370 0.004251 0.138737
v 0.021380 -0.005729 0.138552
v 0.021380 0.005729 0.138552
v 0.021391 -0.010549 0.142591
v 0.021391 -0.010549 0.144409
v 0.021391 0.010549 0.142591
v 0.021391 0.010549 0.144409
v 0.021425 -0.018789 0.133354
v 0.021427 -0.014317 0.136585
v 0.021427 0.014317 0.136585
v 0.021425 0.018789 0.133354
v 0.021441 -0.024449 0.123106
v 0.021435 -0.010571 0.142900
v 0.021435 -0.010571 0.144100
v 0.021442 -0.008882 0.141949
v 0.021442 -0.008882 0.145051
v 0.021435 -0.006502 0.151623
v 0.021435 -0.006502 0.152583
v 0.021440 -0.001405 0.138986
v 0.021440 0.001405 0.138986
v 0.021435 0.006502 0.152017
v 0.021435 0.006502 0.152977
v 0.021442 0.008882 0.141949
v 0.021442 0.008882 0.145051
v 0.021435 0.010571 0.142900
v 0.021435 0.010571 0.144100
v 0.021441 0.024449 0.123106
v 0.021453 -0.027958 0.115477
v 0.021453 0.027958 0.115477
v 0.021471 -0.021471 0.129624
v 0.021471 0.021471 0.129624
v 0.021487 -0.028002 0.106092
v 0.021490 -0.002829 0.137924
v 0.021486 0.000000 0.138986
v 0.021490 0.002829 0.137924
v 0.021487 0.028002 0.106092
v 0.021502 -0.021502 0.001652
v 0.021497 -0.021497 0.131595
v 0.021502 0.021502 0.001652
v 0.021497 0.021497 0.131595
v 0.021519 -0.028044 0.006591
v 0.021517 -0.005765 0.137741
v 0.021517 0.005765 0.137741
v 0.021519 0.028044 0.006591
v 0.021542 -0.024564 0.001418
v 0.021541 -0.018891 0.001251
v 0.021541 0.018891 0.001251
v 0.021542 0.024564 0.001418
v 0.021548 -0.016534 0.135229
v 0.021548 0.016534 0.135229
v 0.021597 -0.028145 0.103720
v 0.021602 -0.002844 0.138737
v 0.021602 0.002844 0.138737
v 0.021597 0.028145 0.103720
v 0.021606 -0.024637 0.002956
v 0.021606 0.024637 0.002956
v 0.021629 -0.001418 0.137924
v 0.021629 0.001418 0.137924
v 0.021642 -0.018980 0.000058
v 0.021642 0.018980 0.000058
v 0.021649 -0.014466 0.137287
v 0.021649 0.014466 0.137287
v 0.021661 -0.028229 0.004329
v 0.021661 0.028229 0.004329
v 0.021674 -0.028246 0.113264
v 0.021671 -0.028242 0.007459
v 0.021673 -0.024713 0.125396
v 0.021673 0.024713 0.125396
v 0.021671 0.028242 0.007459
v 0.021674 0.028246 0.113264
v 0.021683 -0.028257 0.101317
v 0.021685 -0.007361 0.137680
v 0.021685 -0.007361 0.138400
v 0.021685 -0.007361 0.141900
v 0.021685 -0.007361 0.145100
v 0.021675 0.000000 0.137924
v 0.021685 0.007361 0.137680
v 0.021685 0.007361 0.138400
v 0.021685 0.007361 0.141900
v 0.021685 0.007361 0.145100
v 0.021683 0.028257 0.101317
v 0.021703 -0.012530 0.137063
v 0.021700 -0.008988 0.142091
v 0.021700 -0.008988 0.144909
v 0.021700 0.008988 0.142091
v 0.021700 0.008988 0.144909
v 0.021703 0.012530 0.137063
v 0.021709 -0.004318 0.138552
v 0.021709 0.004318 0.138552
v 0.021744 -0.028338 0.098891
v 0.021743 -0.005826 0.138438
v 0.021742 -0.001425 0.138737
v 0.021742 0.001425 0.138737
v 0.021743 0.005826 0.138438
v 0.021744 0.028338 0.098891
v 0.021749 -0.024800 0.121234
v 0.021749 0.024800 0.121234
v 0.021763 -0.028362 0.008349
v 0.021763 0.028362 0.008349
v 0.021781 -0.028386 0.096449
v 0.021782 -0.021782 0.000519
v 0.021782 0.021782 0.000519
v 0.021781 0.028386 0.096449
v 0.021794 -0.028402 0.009250
v 0.021794 -0.028402 0.047000
v 0.021794 -0.028402 0.094000
v 0.021789 0.000000 0.138737
v 0.021794 0.028402 0.009250
v 0.021794 0.028402 0.047000
v 0.021794 0.028402 0.094000
v 0.021817 -0.019133 0.134003
v 0.021817 0.019133 0.134003
v 0.021834 -0.010767 0.137405
v 0.021825 -0.009040 0.137611
v 0.021825 0.009040 0.137611
v 0.021834 0.010767 0.137405
v 0.021848 -0.004346 0.137741
v 0.021848 0.004346 0.137741
v 0.021862 -0.016776 0.135908
v 0.021862 0.016776 0.135908
v 0.021871 -0.028503 0.110991
v 0.021871 0.028503 0.110991
v 0.021880 -0.021880 0.128150
v 0.021877 -0.012631 0.137773
v 0.021877 0.012631 0.137773
v 0.021880 0.021880 0.128150
v 0.021887 -0.009066 0.138330
v 0.021887 0.009066 0.138330
v 0.021904 -0.009073 0.142312
v 0.021904 -0.009073 0.144688
v 0.021898 -0.007433 0.000149
v 0.021898 -0.007433 0.001349
v 0.021898 0.007433 0.000149
v 0.021898 0.007433 0.001349
v 0.021904 0.009073 0.142312
v 0.021904 0.009073 0.144688
v 0.021909 -0.019213 0.132230
v 0.021909 0.019213 0.132230
v 0.021954 -0.010827 0.138121
v 0.021945 -0.002889 0.138552
v 0.021945 0.002889 0.138552
v 0.021954 0.010827 0.138121
v 0.021962 -0.021962 0.130211
v 0.021962 0.021962 0.130211
v 0.021967 -0.028627 0.005237
v 0.021970 -0.004370 0.151689
v 0.021970 -0.004370 0.152649
v 0.021970 0.004370 0.151951
v 0.021970 0.004370 0.152911
v 0.021967 0.028627 0.005237
v 0.021977 -0.007460 0.141949
v 0.021977 -0.007460 0.145051
v 0.021977 0.007460 0.141949
v 0.021977 0.007460 0.145051
v 0.022010 -0.014707 0.135973
v 0.022010 0.014707 0.135973
v 0.022016 -0.016893 0.000000
v 0.022016 -0.016893 0.001200
v 0.022016 0.016893 0.000000
v 0.022016 0.016893 0.001200
v 0.022031 -0.025122 0.123586
v 0.022030 -0.012719 0.000038
v 0.022030 -0.012719 0.001238
v 0.022030 0.012719 0.000038
v 0.022030 0.012719 0.001238
v 0.022031 0.025122 0.123586
v 0.022042 -0.028726 0.108664
v 0.022036 -0.025127 0.119276
v 0.022036 -0.009127 0.142591
v 0.022036 -0.009127 0.144409
v 0.022036 0.009127 0.142591
v 0.022036 0.009127 0.144409
v 0.022036 0.025127 0.119276
v 0.022042 0.028726 0.108664
v 0.022050 -0.025143 0.003558
v 0.022050 0.025143 0.003558
v 0.022084 -0.016946 0.134355
v 0.022081 -0.009146 0.142900
v 0.022081 -0.009146 0.144100
v 0.022077 -0.004391 0.138438
v 0.022077 0.004391 0.138438
v 0.022081 0.009146 0.142900
v 0.022081 0.009146 0.144100
v 0.022084 0.016946 0.134355
v 0.022092 -0.022092 0.001997
v 0.022085 -0.002908 0.137741
v 0.022087 -0.001448 0.138552
v 0.022087 0.001448 0.138552
v 0.022085 0.002908 0.137741
v 0.022092 0.022092 0.001997
v 0.022099 -0.025200 0.002018
v 0.022099 0.025200 0.002018
v 0.022120 -0.005927 0.137680
v 0.022120 -0.005927 0.138400
v 0.022120 -0.005927 0.141900
v 0.022120 -0.005927 0.145100
v 0.022120 0.005927 0.137680
v 0.022120 0.005927 0.138400
v 0.022120 0.005927 0.141900
v 0.022120 0.005927 0.145100
v 0.022135 0.000000 0.138552
v 0.022189 -0.028917 0.106291
v 0.022189 0.028917 0.106291
v 0.022208 -0.028942 0.006195
v 0.022210 -0.019478 0.001402
v 0.022210 0.019478 0.001402
v 0.022208 0.028942 0.006195
v 0.022228 -0.001457 0.137741
v 0.022228 0.001457 0.137741
v 0.022241 -0.007550 0.142091
v 0.022241 -0.007550 0.144909
v 0.022241 0.007550 0.142091
v 0.022241 0.007550 0.144909
v 0.022271 -0.022271 0.126570
v 0.022271 0.022271 0.126570
v 0.022276 0.000000 0.137741
v 0.022286 -0.014891 0.136665
v 0.022292 -0.002196 0.151754
v 0.022292 -0.002196 0.152714
v 0.022292 0.002196 0.151886
v 0.022292 0.002196 0.152846
v 0.022286 0.014891 0.136665
v 0.022301 -0.025429 0.117239
v 0.022301 0.025429 0.117239
v 0.022309 -0.029074 0.103880
v 0.022309 0.029074 0.103880
v 0.022318 -0.012885 0.136585
v 0.022317 -0.002938 0.138438
v 0.022317 0.002938 0.138438
v 0.022318 0.012885 0.136585
v 0.022337 -0.005985 0.000149
v 0.022337 -0.005985 0.001349
v 0.022337 0.005985 0.000149
v 0.022337 0.005985 0.001349
v 0.022345 -0.019596 0.132860
v 0.022345 0.019596 0.132860
v 0.022368 -0.025505 0.121683
v 0.022370 -0.007593 0.137611
v 0.022370 0.007593 0.137611
v 0.022368 0.025505 0.121683
v 0.022383 -0.029170 0.007192
v 0.022377 -0.019624 0.130985
v 0.022377 0.019624 0.130985
v 0.022383 0.029170 0.007192
v 0.022403 -0.029196 0.101437
v 0.022400 -0.000000 0.151820
v 0.022400 -0.000000 0.152780
v 0.022403 0.029196 0.101437
v 0.022409 -0.022409 0.128713
v 0.022411 -0.019654 0.000232
v 0.022411 0.019654 0.000232
v 0.022409 0.022409 0.128713
v 0.022418 -0.006007 0.141949
v 0.022418 -0.006007 0.145051
v 0.022418 0.006007 0.141949
v 0.022418 0.006007 0.145051
v 0.022433 -0.007615 0.138330
v 0.022433 0.007615 0.138330
v 0.022447 -0.025595 0.004231
v 0.022449 -0.017225 0.135020
v 0.022451 -0.007621 0.142312
v 0.022451 -0.007621 0.144688
v 0.022451 0.007621 0.142312
v 0.022451 0.007621 0.144688
v 0.022449 0.017225 0.135020
v 0.022447 0.025595 0.004231
v 0.022460 -0.022460 0.000916
v 0.022460 -0.004468 0.137680
v 0.022460 -0.004468 0.138400
v 0.022460 -0.004468 0.141900
v 0.022460 -0.004468 0.145100
v 0.022462 -0.001472 0.138438
v 0.022462 0.001472 0.138438
v 0.022460 0.004468 0.137680
v 0.022460 0.004468 0.138400
v 0.022460 0.004468 0.141900
v 0.022460 0.004468 0.145100
v 0.022460 0.022460 0.000916
v 0.022470 -0.029284 0.098971
v 0.022470 0.029284 0.098971
v 0.022476 -0.011084 0.137063
v 0.022476 0.011084 0.137063
v 0.022489 -0.029308 0.008214
v 0.022491 -0.009316 0.137405
v 0.022491 0.009316 0.137405
v 0.022489 0.029308 0.008214
v 0.022511 -0.029336 0.096490
v 0.022510 0.000000 0.138438
v 0.022511 0.029336 0.096490
v 0.022524 -0.029354 0.009250
v 0.022524 -0.029354 0.047000
v 0.022524 -0.029354 0.094000
v 0.022524 0.029354 0.009250
v 0.022524 0.029354 0.047000
v 0.022524 0.029354 0.094000
v 0.022543 -0.025706 0.115129
v 0.022543 0.025706 0.115129
v 0.022549 -0.013019 0.137287
v 0.022549 0.013019 0.137287
v 0.022583 -0.015090 0.135229
v 0.022583 0.015090 0.135229
v 0.022585 -0.007667 0.142591
v 0.022585 -0.007667 0.144409
v 0.022585 0.007667 0.142591
v 0.022585 0.007667 0.144409
v 0.022609 -0.025781 0.002709
v 0.022608 -0.017348 0.133354
v 0.022608 0.017348 0.133354
v 0.022609 0.025781 0.002709
v 0.022615 -0.009368 0.138121
v 0.022615 0.009368 0.138121
v 0.022632 -0.007682 0.142900
v 0.022632 -0.007682 0.144100
v 0.022632 0.007682 0.142900
v 0.022632 0.007682 0.144100
v 0.022643 -0.022643 0.124886
v 0.022643 0.022643 0.124886
v 0.022651 -0.022651 0.002434
v 0.022651 0.022651 0.002434
v 0.022657 -0.011173 0.137773
v 0.022657 0.011173 0.137773
v 0.022681 -0.025863 0.119693
v 0.022681 -0.004511 0.000149
v 0.022681 -0.004511 0.001349
v 0.022681 0.004511 0.000149
v 0.022681 0.004511 0.001349
v 0.022681 0.025863 0.119693
v 0.022687 -0.006079 0.142091
v 0.022687 -0.006079 0.144909
v 0.022687 0.006079 0.142091
v 0.022687 0.006079 0.144909
v 0.022704 -0.002989 0.137680
v 0.022704 -0.002989 0.138400
v 0.022704 -0.002989 0.141900
v 0.022704 -0.002989 0.145100
v 0.022704 0.002989 0.137680
v 0.022704 0.002989 0.138400
v 0.022704 0.002989 0.141900
v 0.022704 0.002989 0.145100
v 0.022731 -0.017442 0.001251
v 0.022731 0.017442 0.001251
v 0.022762 -0.025955 0.112952
v 0.022763 -0.004528 0.141949
v 0.022763 -0.004528 0.145051
v 0.022763 0.004528 0.141949
v 0.022763 0.004528 0.145051
v 0.022762 0.025955 0.112952
v 0.022791 -0.025988 0.004967
v 0.022791 0.025988 0.004967
v 0.022814 -0.011251 0.000038
v 0.022814 -0.011251 0.001238
v 0.022814 0.011251 0.000038
v 0.022814 0.011251 0.001238
v 0.022818 -0.006114 0.137611
v 0.022818 0.006114 0.137611
v 0.022830 -0.020021 0.129624
v 0.022830 0.020021 0.129624
v 0.022836 -0.022836 0.127107
v 0.022837 -0.017524 0.000058
v 0.022837 0.017524 0.000058
v 0.022836 0.022836 0.127107
v 0.022851 -0.001498 0.137680
v 0.022851 -0.001498 0.138400
v 0.022851 -0.001498 0.141900
v 0.022851 -0.001498 0.145100
v 0.022851 0.001498 0.137680
v 0.022851 0.001498 0.138400
v 0.022851 0.001498 0.141900
v 0.022851 0.001498 0.145100
v 0.022863 -0.020050 0.001652
v 0.022857 -0.020045 0.131595
v 0.022863 0.020050 0.001652
v 0.022857 0.020045 0.131595
v 0.022883 -0.006132 0.138330
v 0.022883 0.006132 0.138330
v 0.022901 -0.006136 0.142312
v 0.022901 -0.006136 0.144688
v 0.022900 0.000000 0.137680
v 0.022900 0.000000 0.138400
v 0.022900 0.000000 0.141900
v 0.022900 0.000000 0.145100
v 0.022901 0.006136 0.142312
v 0.022901 0.006136 0.144688
v 0.022913 -0.015310 0.135908
v 0.022913 0.015310 0.135908
v 0.022925 -0.013236 0.135973
v 0.022925 0.013236 0.135973
v 0.022927 -0.003018 0.000149
v 0.022927 -0.003018 0.001349
v 0.022927 0.003018 0.000149
v 0.022927 0.003018 0.001349
v 0.022957 -0.026178 0.110716
v 0.022957 0.026178 0.110716
v 0.022971 -0.026193 0.117622
v 0.022971 0.026193 0.117622
v 0.022994 -0.022994 0.123106
v 0.022994 0.022994 0.123106
v 0.023010 -0.003029 0.141949
v 0.023010 -0.003029 0.145051
v 0.023010 0.003029 0.141949
v 0.023010 0.003029 0.145051
v 0.023021 -0.017665 0.134003
v 0.023021 0.017665 0.134003
v 0.023038 -0.006173 0.142591
v 0.023038 -0.006173 0.144409
v 0.023036 -0.004582 0.142091
v 0.023036 -0.004582 0.144909
v 0.023036 0.004582 0.142091
v 0.023036 0.004582 0.144909
v 0.023038 0.006173 0.142591
v 0.023038 0.006173 0.144409
v 0.023052 -0.007825 0.137405
v 0.023052 0.007825 0.137405
v 0.023065 -0.026301 0.003483
v 0.023073 -0.015417 0.000000
v 0.023073 -0.015417 0.001200
v 0.023073 0.015417 0.000000
v 0.023073 0.015417 0.001200
v 0.023065 0.026301 0.003483
v 0.023079 -0.026316 0.005757
v 0.023075 -0.001512 0.000149
v 0.023075 -0.001512 0.001349
v 0.023075 0.001512 0.000149
v 0.023075 0.001512 0.001349
v 0.023079 0.026316 0.005757
v 0.023086 -0.006186 0.142900
v 0.023086 -0.006186 0.144100
v 0.023086 0.006186 0.142900
v 0.023086 0.006186 0.144100
v 0.023102 -0.023102 0.001418
v 0.023102 0.023102 0.001418
v 0.023113 -0.011398 0.136585
v 0.023113 0.011398 0.136585
v 0.023118 -0.017739 0.132230
v 0.023118 0.017739 0.132230
v 0.023127 -0.026372 0.108427
v 0.023125 0.000000 0.000149
v 0.023125 0.000000 0.001349
v 0.023127 0.026372 0.108427
v 0.023145 -0.015465 0.134355
v 0.023153 -0.009590 0.137063
v 0.023153 0.009590 0.137063
v 0.023145 0.015465 0.134355
v 0.023160 -0.020311 0.000519
v 0.023159 -0.001518 0.141949
v 0.023159 -0.001518 0.145051
v 0.023159 0.001518 0.141949
v 0.023159 0.001518 0.145051
v 0.023160 0.020311 0.000519
v 0.023171 -0.023171 0.002956
v 0.023169 -0.004609 0.137611
v 0.023169 0.004609 0.137611
v 0.023171 0.023171 0.002956
v 0.023180 -0.007868 0.138121
v 0.023180 0.007868 0.138121
v 0.023212 -0.013402 0.136665
v 0.023209 0.000000 0.141949
v 0.023209 0.000000 0.145051
v 0.023212 0.013402 0.136665
v 0.023236 -0.026495 0.115477
v 0.023243 -0.023243 0.125396
v 0.023235 -0.004622 0.138330
v 0.023235 0.004622 0.138330
v 0.023243 0.023243 0.125396
v 0.023236 0.026495 0.115477
v 0.023253 -0.004625 0.142312
v 0.023253 -0.004625 0.144688
v 0.023253 0.004625 0.142312
v 0.023253 0.004625 0.144688
v 0.023264 -0.020402 0.128150
v 0.023264 0.020402 0.128150
v 0.023272 -0.026537 0.106092
v 0.023272 0.026537 0.106092
v 0.023287 -0.003066 0.142091
v 0.023287 -0.003066 0.144909
v 0.023287 0.003066 0.142091
v 0.023287 0.003066 0.144909
v 0.023307 -0.026576 0.006591
v 0.023307 0.026576 0.006591
v 0.023324 -0.023324 0.121234
v 0.023324 0.023324 0.121234
v 0.023339 -0.009667 0.137773
v 0.023339 0.009667 0.137773
v 0.023352 -0.020479 0.130211
v 0.023352 -0.011516 0.137287
v 0.023352 0.011516 0.137287
v 0.023352 0.020479 0.130211
v 0.023391 -0.026673 0.103720
v 0.023393 -0.004653 0.142591
v 0.023393 -0.004653 0.144409
v 0.023393 0.004653 0.142591
v 0.023393 0.004653 0.144409
v 0.023391 0.026673 0.103720
v 0.023421 -0.003083 0.137611
v 0.023421 0.003083 0.137611
v 0.023437 -0.017984 0.001402
v 0.023441 -0.004663 0.142900
v 0.023441 -0.004663 0.144100
v 0.023437 -0.001536 0.142091
v 0.023437 -0.001536 0.144909
v 0.023437 0.001536 0.142091
v 0.023437 0.001536 0.144909
v 0.023441 0.004663 0.142900
v 0.023441 0.004663 0.144100
v 0.023437 0.017984 0.001402
v 0.023461 -0.026752 0.004329
v 0.023461 0.026752 0.004329
v 0.023472 -0.026764 0.007459
v 0.023472 0.026764 0.007459
v 0.023484 -0.026779 0.101317
v 0.023475 -0.026768 0.113264
v 0.023475 0.026768 0.113264
v 0.023484 0.026779 0.101317
v 0.023490 -0.020600 0.001997
v 0.023488 -0.003092 0.138330
v 0.023488 0.000000 0.142091
v 0.023488 0.000000 0.144909
v 0.023488 0.003092 0.138330
v 0.023490 0.020600 0.001997
v 0.023501 -0.009735 0.000038
v 0.023501 -0.009735 0.001238
v 0.023501 0.009735 0.000038
v 0.023501 0.009735 0.001238
v 0.023515 -0.006301 0.137405
v 0.023506 -0.003095 0.142312
v 0.023506 -0.003095 0.144688
v 0.023506 0.003095 0.142312
v 0.023506 0.003095 0.144688
v 0.023515 0.006301 0.137405
v 0.023522 -0.013580 0.135229
v 0.023522 0.013580 0.135229
v 0.023527 -0.015720 0.135020
v 0.023527 0.015720 0.135020
v 0.023551 -0.026855 0.098891
v 0.023551 0.026855 0.098891
v 0.023571 -0.026878 0.008349
v 0.023573 -0.001545 0.137611
v 0.023573 0.001545 0.137611
v 0.023571 0.026878 0.008349
v 0.023579 -0.018093 0.132860
v 0.023579 0.018093 0.132860
v 0.023591 -0.026901 0.096449
v 0.023591 0.026901 0.096449
v 0.023605 -0.026916 0.009250
v 0.023605 -0.026916 0.047000
v 0.023605 -0.026916 0.094000
v 0.023605 0.026916 0.009250
v 0.023605 0.026916 0.047000
v 0.023605 0.026916 0.094000
v 0.023613 -0.018119 0.130985
v 0.023613 0.018119 0.130985
v 0.023623 0.000000 0.137611
v 0.023632 -0.023632 0.119276
v 0.023627 -0.023627 0.123586
v 0.023632 0.023632 0.119276
v 0.023627 0.023627 0.123586
v 0.023645 -0.006336 0.138121
v 0.023640 -0.001549 0.138330
v 0.023640 0.001549 0.138330
v 0.023645 0.006336 0.138121
v 0.023647 -0.023647 0.003558
v 0.023649 -0.018146 0.000232
v 0.023647 -0.003113 0.142591
v 0.023647 -0.003113 0.144409
v 0.023647 0.003113 0.142591
v 0.023647 0.003113 0.144409
v 0.023649 0.018146 0.000232
v 0.023647 0.023647 0.003558
v 0.023658 -0.001551 0.142312
v 0.023658 -0.001551 0.144688
v 0.023658 0.001551 0.142312
v 0.023658 0.001551 0.144688
v 0.023680 -0.020767 0.126570
v 0.023680 0.020767 0.126570
v 0.023688 -0.027011 0.110991
v 0.023694 -0.015832 0.133354
v 0.023691 0.000000 0.138330
v 0.023694 0.015832 0.133354
v 0.023688 0.027011 0.110991
v 0.023700 -0.023700 0.002018
v 0.023696 -0.003120 0.142900
v 0.023696 -0.003120 0.144100
v 0.023696 0.003120 0.142900
v 0.023696 0.003120 0.144100
v 0.023700 0.023700 0.002018
v 0.023709 0.000000 0.142312
v 0.023709 0.000000 0.144688
v 0.023731 -0.008056 0.137063
v 0.023731 0.008056 0.137063
v 0.023741 -0.011708 0.135973
v 0.023741 0.011708 0.135973
v 0.023792 -0.027129 0.005237
v 0.023792 0.027129 0.005237
v 0.023800 -0.001560 0.142591
v 0.023800 -0.001560 0.144409
v 0.023800 0.001560 0.142591
v 0.023800 0.001560 0.144409
v 0.023809 -0.009862 0.136585
v 0.023809 0.009862 0.136585
v 0.023823 -0.015918 0.001251
v 0.023823 0.015918 0.001251
v 0.023827 -0.020895 0.128713
v 0.023827 0.020895 0.128713
v 0.023849 -0.001563 0.142900
v 0.023849 -0.001563 0.144100
v 0.023851 0.000000 0.142591
v 0.023851 0.000000 0.144409
v 0.023849 0.001563 0.142900
v 0.023849 0.001563 0.144100
v 0.023874 -0.027223 0.108664
v 0.023865 -0.013778 0.135908
v 0.023865 0.013778 0.135908
v 0.023874 0.027223 0.108664
v 0.023881 -0.020943 0.000916
v 0.023877 -0.004749 0.137405
v 0.023877 0.004749 0.137405
v 0.023881 0.020943 0.000916
v 0.023900 0.000000 0.142900
v 0.023900 0.000000 0.144100
v 0.023916 -0.023916 0.117239
v 0.023921 -0.008120 0.137773
v 0.023921 0.008120 0.137773
v 0.023916 0.023916 0.117239
v 0.023934 -0.015992 0.000058
v 0.023934 0.015992 0.000058
v 0.023988 -0.023988 0.121683
v 0.023988 0.023988 0.121683
v 0.024008 -0.004776 0.138121
v 0.024008 0.004776 0.138121
v 0.024032 -0.027404 0.106291
v 0.024032 -0.013875 0.000000
v 0.024032 -0.013875 0.001200
v 0.024032 0.013875 0.000000
v 0.024032 0.013875 0.001200
v 0.024032 0.027404 0.106291
v 0.024039 -0.011855 0.136665
v 0.024039 0.011855 0.136665
v 0.024054 -0.027428 0.006195
v 0.024054 0.027428 0.006195
v 0.024056 -0.009964 0.137287
v 0.024056 0.009964 0.137287
v 0.024073 -0.024073 0.004231
v 0.024073 0.024073 0.004231
v 0.024084 -0.021121 0.002434
v 0.024075 -0.021113 0.124886
v 0.024075 0.021113 0.124886
v 0.024084 0.021121 0.002434
v 0.024090 -0.018485 0.129624
v 0.024088 -0.008177 0.000038
v 0.024088 -0.008177 0.001238
v 0.024088 0.008177 0.000038
v 0.024088 0.008177 0.001238
v 0.024090 0.018485 0.129624
v 0.024107 -0.013918 0.134355
v 0.024107 0.013918 0.134355
v 0.024125 -0.018512 0.001652
v 0.024119 -0.018507 0.131595
v 0.024125 0.018512 0.001652
v 0.024119 0.018507 0.131595
v 0.024127 -0.016121 0.134003
v 0.024127 0.016121 0.134003
v 0.024136 -0.003178 0.137405
v 0.024136 0.003178 0.137405
v 0.024163 -0.027552 0.103880
v 0.024163 0.027552 0.103880
v 0.024176 -0.024176 0.115129
v 0.024176 0.024176 0.115129
v 0.024207 -0.006486 0.137063
v 0.024207 0.006486 0.137063
v 0.024229 -0.016189 0.132230
v 0.024229 0.016189 0.132230
v 0.024243 -0.027644 0.007192
v 0.024243 0.027644 0.007192
v 0.024247 -0.024247 0.002709
v 0.024247 0.024247 0.002709
v 0.024264 -0.027668 0.101437
v 0.024264 0.027668 0.101437
v 0.024269 -0.003195 0.138121
v 0.024269 0.003195 0.138121
v 0.024281 -0.021294 0.127107
v 0.024281 0.021294 0.127107
v 0.024292 -0.001592 0.137405
v 0.024292 0.001592 0.137405
v 0.024324 -0.024324 0.119693
v 0.024324 0.024324 0.119693
v 0.024337 -0.027751 0.098971
v 0.024344 0.000000 0.137405
v 0.024337 0.027751 0.098971
v 0.024357 -0.027774 0.008214
v 0.024360 -0.012013 0.135229
v 0.024360 0.012013 0.135229
v 0.024357 0.027774 0.008214
v 0.024381 -0.027801 0.096490
v 0.024381 0.027801 0.096490
v 0.024396 -0.027818 0.009250
v 0.024396 -0.027818 0.047000
v 0.024396 -0.027818 0.094000
v 0.024403 -0.008284 0.136585
v 0.024401 -0.006538 0.137773
v 0.024401 0.006538 0.137773
v 0.024403 0.008284 0.136585
v 0.024396 0.027818 0.009250
v 0.024396 0.027818 0.047000
v 0.024396 0.027818 0.094000
v 0.024411 -0.024411 0.112952
v 0.024411 0.024411 0.112952
v 0.024426 -0.001601 0.138121
v 0.024426 0.001601 0.138121
v 0.024442 -0.024442 0.004967
v 0.024439 -0.018753 0.000519
v 0.024439 0.018753 0.000519
v 0.024442 0.024442 0.004967
v 0.024449 -0.021441 0.123106
v 0.024449 0.021441 0.123106
v 0.024456 -0.010130 0.135973
v 0.024456 0.010130 0.135973
v 0.024479 0.000000 0.138121
v 0.024505 -0.014148 0.135020
v 0.024505 0.014148 0.135020
v 0.024549 -0.018837 0.128150
v 0.024549 0.018837 0.128150
v 0.024564 -0.021542 0.001418
v 0.024563 -0.016412 0.001402
v 0.024563 0.016412 0.001402
v 0.024564 0.021542 0.001418
v 0.024571 -0.006584 0.000038
v 0.024571 -0.006584 0.001238
v 0.024571 0.006584 0.000038
v 0.024571 0.006584 0.001238
v 0.024579 -0.004889 0.137063
v 0.024579 0.004889 0.137063
v 0.024620 -0.024620 0.110716
v 0.024620 0.024620 0.110716
v 0.024635 -0.024635 0.117622
v 0.024635 0.024635 0.117622
v 0.024637 -0.021606 0.002956
v 0.024641 -0.018908 0.130211
v 0.024641 0.018908 0.130211
v 0.024637 0.021606 0.002956
v 0.024656 -0.008369 0.137287
v 0.024656 0.008369 0.137287
v 0.024679 -0.014249 0.133354
v 0.024679 0.014249 0.133354
v 0.024713 -0.021673 0.125396
v 0.024712 -0.016512 0.132860
v 0.024712 0.016512 0.132860
v 0.024713 0.021673 0.125396
v 0.024715 -0.012188 0.135908
v 0.024715 0.012188 0.135908
v 0.024736 -0.024736 0.003483
v 0.024736 0.024736 0.003483
v 0.024751 -0.024751 0.005757
v 0.024747 -0.016536 0.130985
v 0.024747 0.016536 0.130985
v 0.024751 0.024751 0.005757
v 0.024763 -0.010257 0.136665
v 0.024763 0.010257 0.136665
v 0.024785 -0.016561 0.000232
v 0.024776 -0.004928 0.137773
v 0.024776 0.004928 0.137773
v 0.024785 0.016561 0.000232
v 0.024787 -0.019019 0.001997
v 0.024787 0.019019 0.001997
v 0.024803 -0.024803 0.108427
v 0.024800 -0.021749 0.121234
v 0.024800 0.021749 0.121234
v 0.024803 0.024803 0.108427
v 0.024813 -0.014326 0.001251
v 0.024813 0.014326 0.001251
v 0.024846 -0.003271 0.137063
v 0.024846 0.003271 0.137063
v 0.024888 -0.012274 0.000000
v 0.024888 -0.012274 0.001200
v 0.024892 -0.006670 0.136585
v 0.024892 0.006670 0.136585
v 0.024888 0.012274 0.000000
v 0.024888 0.012274 0.001200
v 0.024919 -0.024919 0.115477
v 0.024919 0.024919 0.115477
v 0.024929 -0.014393 0.000058
v 0.024929 0.014393 0.000058
v 0.024949 -0.004963 0.000038
v 0.024949 -0.004963 0.001238
v 0.024949 0.004963 0.000038
v 0.024949 0.004963 0.001238
v 0.024958 -0.024958 0.106092
v 0.024958 0.024958 0.106092
v 0.024966 -0.012312 0.134355
v 0.024966 0.012312 0.134355
v 0.024995 -0.024995 0.006591
v 0.024987 -0.019173 0.126570
v 0.024987 0.019173 0.126570
v 0.024995 0.024995 0.006591
v 0.025007 -0.001639 0.137063
v 0.025007 0.001639 0.137063
v 0.025046 -0.003297 0.137773
v 0.025046 0.003297 0.137773
v 0.025061 0.000000 0.137063
v 0.025066 -0.008509 0.135973
v 0.025066 0.008509 0.135973
v 0.025086 -0.025086 0.103720
v 0.025093 -0.010394 0.135229
v 0.025093 0.010394 0.135229
v 0.025086 0.025086 0.103720
v 0.025122 -0.022031 0.123586
v 0.025122 0.022031 0.123586
v 0.025127 -0.022036 0.119276
v 0.025130 -0.014509 0.134003
v 0.025130 0.014509 0.134003
v 0.025127 0.022036 0.119276
v 0.025143 -0.022050 0.003558
v 0.025142 -0.019292 0.128713
v 0.025142 0.019292 0.128713
v 0.025143 0.022050 0.003558
v 0.025150 -0.006739 0.137287
v 0.025150 0.006739 0.137287
v 0.025160 -0.025160 0.004329
v 0.025160 0.025160 0.004329
v 0.025172 -0.025172 0.007459
v 0.025172 0.025172 0.007459
v 0.025176 -0.025176 0.113264
v 0.025176 0.025176 0.113264
v 0.025186 -0.025186 0.101317
v 0.025186 0.025186 0.101317
v 0.025200 -0.022099 0.002018
v 0.025200 -0.019336 0.000916
v 0.025200 0.019336 0.000916
v 0.025200 0.022099 0.002018
v 0.025208 -0.001652 0.137773
v 0.025208 0.001652 0.137773
v 0.025220 -0.003320 0.000038
v 0.025220 -0.003320 0.001238
v 0.025220 0.003320 0.000038
v 0.025220 0.003320 0.001238
v 0.025236 -0.014570 0.132230
v 0.025236 0.014570 0.132230
v 0.025247 -0.016870 0.129624
v 0.025247 0.016870 0.129624
v 0.025257 -0.025257 0.098891
v 0.025262 0.000000 0.137773
v 0.025257 0.025257 0.098891
v 0.025279 -0.025279 0.008349
v 0.025284 -0.016894 0.001652
v 0.025278 -0.016890 0.131595
v 0.025275 -0.005028 0.136585
v 0.025275 0.005028 0.136585
v 0.025284 0.016894 0.001652
v 0.025278 0.016890 0.131595
v 0.025279 0.025279 0.008349
v 0.025300 -0.025300 0.096449
v 0.025300 0.025300 0.096449
v 0.025314 -0.025314 0.009250
v 0.025314 -0.025314 0.047000
v 0.025314 -0.025314 0.094000
v 0.025314 0.025314 0.009250
v 0.025314 0.025314 0.047000
v 0.025314 0.025314 0.094000
v 0.025378 -0.012515 0.135020
v 0.025381 -0.008616 0.136665
v 0.025383 -0.001664 0.000038
v 0.025383 -0.001664 0.001238
v 0.025383 0.001664 0.000038
v 0.025383 0.001664 0.001238
v 0.025381 0.008616 0.136665
v 0.025378 0.012515 0.135020
v 0.025404 -0.025404 0.110991
v 0.025405 -0.019494 0.124886
v 0.025405 0.019494 0.124886
v 0.025404 0.025404 0.110991
v 0.025413 -0.019500 0.002434
v 0.025413 0.019500 0.002434
v 0.025429 -0.022301 0.117239
v 0.025429 0.022301 0.117239
v 0.025438 0.000000 0.000038
v 0.025438 0.000000 0.001238
v 0.025459 -0.010546 0.135908
v 0.025459 0.010546 0.135908
v 0.025505 -0.022368 0.121683
v 0.025505 0.022368 0.121683
v 0.025515 -0.025515 0.005237
v 0.025515 0.025515 0.005237
v 0.025537 -0.005080 0.137287
v 0.025537 0.005080 0.137287
v 0.025550 -0.003364 0.136585
v 0.025550 0.003364 0.136585
v 0.025558 -0.012604 0.133354
v 0.025558 0.012604 0.133354
v 0.025569 -0.006851 0.135973
v 0.025569 0.006851 0.135973
v 0.025584 -0.014771 0.001402
v 0.025584 0.014771 0.001402
v 0.025603 -0.025603 0.108664
v 0.025595 -0.022447 0.004231
v 0.025595 0.022447 0.004231
v 0.025603 0.025603 0.108664
v 0.025613 -0.017114 0.000519
v 0.025613 0.017114 0.000519
v 0.025622 -0.019660 0.127107
v 0.025622 0.019660 0.127107
v 0.025638 -0.010619 0.000000
v 0.025638 -0.010619 0.001200
v 0.025638 0.010619 0.000000
v 0.025638 0.010619 0.001200
v 0.025697 -0.012672 0.001251
v 0.025697 0.012672 0.001251
v 0.025706 -0.022543 0.115129
v 0.025706 0.022543 0.115129
v 0.025718 -0.010653 0.134355
v 0.025719 -0.008730 0.135229
v 0.025715 -0.001685 0.136585
v 0.025715 0.001685 0.136585
v 0.025719 0.008730 0.135229
v 0.025718 0.010653 0.134355
v 0.025728 -0.017191 0.128150
v 0.025728 0.017191 0.128150
v 0.025739 -0.014860 0.132860
v 0.025739 0.014860 0.132860
v 0.025773 -0.025773 0.106291
v 0.025771 0.000000 0.136585
v 0.025773 0.025773 0.106291
v 0.025781 -0.022609 0.002709
v 0.025776 -0.014882 0.130985
v 0.025776 0.014882 0.130985
v 0.025781 0.022609 0.002709
v 0.025796 -0.025796 0.006195
v 0.025799 -0.019796 0.123106
v 0.025799 0.019796 0.123106
v 0.025796 0.025796 0.006195
v 0.025815 -0.014904 0.000232
v 0.025815 -0.003399 0.137287
v 0.025815 0.003399 0.137287
v 0.025815 0.014904 0.000232
v 0.025825 -0.017256 0.130211
v 0.025817 -0.012732 0.000058
v 0.025817 0.012732 0.000058
v 0.025825 0.017256 0.130211
v 0.025863 -0.022681 0.119693
v 0.025863 0.022681 0.119693
v 0.025890 -0.006937 0.136665
v 0.025890 0.006937 0.136665
v 0.025913 -0.025913 0.103880
v 0.025913 0.025913 0.103880
v 0.025920 -0.019889 0.001418
v 0.025920 0.019889 0.001418
v 0.025955 -0.022762 0.112952
v 0.025963 -0.005164 0.135973
v 0.025963 0.005164 0.135973
v 0.025955 0.022762 0.112952
v 0.025977 -0.017358 0.001997
v 0.025982 -0.001703 0.137287
v 0.025982 0.001703 0.137287
v 0.025977 0.017358 0.001997
v 0.025988 -0.022791 0.004967
v 0.025988 0.022791 0.004967
v 0.025999 -0.025999 0.007192
v 0.025997 -0.019949 0.002956
v 0.025997 0.019949 0.002956
v 0.025999 0.025999 0.007192
v 0.026022 -0.026022 0.101437
v 0.026022 0.026022 0.101437
v 0.026025 -0.012834 0.134003
v 0.026025 0.012834 0.134003
v 0.026038 0.000000 0.137287
v 0.026078 -0.020010 0.125396
v 0.026078 0.020010 0.125396
v 0.026094 -0.008858 0.135908
v 0.026094 0.008858 0.135908
v 0.026100 -0.026100 0.098971
v 0.026100 0.026100 0.098971
v 0.026122 -0.026122 0.008214
v 0.026122 0.026122 0.008214
v 0.026135 -0.012888 0.132230
v 0.026135 0.012888 0.132230
v 0.026142 -0.010828 0.135020
v 0.026142 0.010828 0.135020
v 0.026147 -0.026147 0.096490
v 0.026147 0.026147 0.096490
v 0.026163 -0.026163 0.009250
v 0.026163 -0.026163 0.047000
v 0.026163 -0.026163 0.094000
v 0.026163 0.026163 0.009250
v 0.026163 0.026163 0.047000
v 0.026163 0.026163 0.094000
v 0.026169 -0.020080 0.121234
v 0.026169 0.020080 0.121234
v 0.026178 -0.022957 0.110716
v 0.026178 0.022957 0.110716
v 0.026193 -0.022971 0.117622
v 0.026188 -0.017498 0.126570
v 0.026188 0.017498 0.126570
v 0.026193 0.022971 0.117622
v 0.026235 -0.007030 0.135229
v 0.026245 -0.003455 0.135973
v 0.026245 0.003455 0.135973
v 0.026235 0.007030 0.135229
v 0.026277 -0.008920 0.000000
v 0.026277 -0.008920 0.001200
v 0.026277 0.008920 0.000000
v 0.026277 0.008920 0.001200
v 0.026288 -0.005229 0.136665
v 0.026288 0.005229 0.136665
v 0.026301 -0.023065 0.003483
v 0.026297 -0.015182 0.129624
v 0.026297 0.015182 0.129624
v 0.026301 0.023065 0.003483
v 0.026316 -0.023079 0.005757
v 0.026316 0.023079 0.005757
v 0.026335 -0.015204 0.001652
v 0.026329 -0.015201 0.131595
v 0.026328 -0.010905 0.133354
v 0.026328 0.010905 0.133354
v 0.026335 0.015204 0.001652
v 0.026329 0.015201 0.131595
v 0.026350 -0.017607 0.128713
v 0.026350 0.017607 0.128713
v 0.026359 -0.008948 0.134355
v 0.026359 0.008948 0.134355
v 0.026372 -0.023127 0.108427
v 0.026372 0.023127 0.108427
v 0.026410 -0.017647 0.000916
v 0.026415 -0.001731 0.135973
v 0.026415 0.001731 0.135973
v 0.026410 0.017647 0.000916
v 0.026470 -0.010964 0.001251
v 0.026471 0.000000 0.135973
v 0.026470 0.010964 0.001251
v 0.026495 -0.013066 0.001402
v 0.026495 0.013066 0.001402
v 0.026495 -0.023236 0.115477
v 0.026495 0.023236 0.115477
v 0.026514 -0.020345 0.119276
v 0.026509 -0.020341 0.123586
v 0.026509 0.020341 0.123586
v 0.026514 0.020345 0.119276
v 0.026531 -0.020358 0.003558
v 0.026531 0.020358 0.003558
v 0.026537 -0.023272 0.106092
v 0.026537 0.023272 0.106092
v 0.026574 -0.003499 0.136665
v 0.026574 0.003499 0.136665
v 0.026576 -0.023307 0.006591
v 0.026576 0.023307 0.006591
v 0.026591 -0.020404 0.002018
v 0.026594 -0.011016 0.000058
v 0.026594 0.011016 0.000058
v 0.026591 0.020404 0.002018
v 0.026618 -0.007132 0.135908
v 0.026618 0.007132 0.135908
v 0.026634 -0.017797 0.002434
v 0.026625 -0.017790 0.124886
v 0.026625 0.017790 0.124886
v 0.026634 0.017797 0.002434
v 0.026639 -0.005299 0.135229
v 0.026639 0.005299 0.135229
v 0.026655 -0.013145 0.132860
v 0.026655 0.013145 0.132860
v 0.026673 -0.023391 0.103720
v 0.026673 0.023391 0.103720
v 0.026678 -0.015403 0.000519
v 0.026678 0.015403 0.000519
v 0.026694 -0.013164 0.130985
v 0.026694 0.013164 0.130985
v 0.026734 -0.013184 0.000232
v 0.026734 0.013184 0.000232
v 0.026752 -0.023461 0.004329
v 0.026746 -0.001753 0.136665
v 0.026746 0.001753 0.136665
v 0.026752 0.023461 0.004329
v 0.026764 -0.023472 0.007459
v 0.026764 0.023472 0.007459
v 0.026768 -0.023475 0.113264
v 0.026768 0.023475 0.113264
v 0.026779 -0.023484 0.101317
v 0.026779 0.023484 0.101317
v 0.026794 -0.009095 0.135020
v 0.026794 0.009095 0.135020
v 0.026797 -0.015472 0.128150
v 0.026804 -0.007182 0.000000
v 0.026804 -0.007182 0.001200
v 0.026803 0.000000 0.136665
v 0.026804 0.007182 0.000000
v 0.026804 0.007182 0.001200
v 0.026797 0.015472 0.128150
v 0.026809 -0.011105 0.134003
v 0.026809 0.011105 0.134003
v 0.026833 -0.020590 0.117239
v 0.026833 0.020590 0.117239
v 0.026855 -0.023551 0.098891
v 0.026853 -0.017942 0.127107
v 0.026853 0.017942 0.127107
v 0.026855 0.023551 0.098891
v 0.026878 -0.023571 0.008349
v 0.026878 0.023571 0.008349
v 0.026888 -0.007205 0.134355
v 0.026888 0.007205 0.134355
v 0.026901 -0.023591 0.096449
v 0.026898 -0.015530 0.130211
v 0.026898 0.015530 0.130211
v 0.026901 0.023591 0.096449
v 0.026914 -0.020652 0.121683
v 0.026914 0.020652 0.121683
v 0.026916 -0.023605 0.009250
v 0.026916 -0.023605 0.047000
v 0.026916 -0.023605 0.094000
v 0.026922 -0.011151 0.132230
v 0.026922 0.011151 0.132230
v 0.026916 0.023605 0.009250
v 0.026916 0.023605 0.047000
v 0.026916 0.023605 0.094000
v 0.026928 -0.003545 0.135229
v 0.026928 0.003545 0.135229
v 0.026985 -0.009160 0.133354
v 0.026985 0.009160 0.133354
v 0.027011 -0.023688 0.110991
v 0.027009 -0.020725 0.004231
v 0.027009 0.020725 0.004231
v 0.027011 0.023688 0.110991
v 0.027027 -0.005376 0.135908
v 0.027027 0.005376 0.135908
v 0.027038 -0.018066 0.123106
v 0.027038 0.018066 0.123106
v 0.027057 -0.015621 0.001997
v 0.027057 0.015621 0.001997
v 0.027102 -0.001776 0.135229
v 0.027102 0.001776 0.135229
v 0.027129 -0.023792 0.005237
v 0.027125 -0.020814 0.115129
v 0.027131 -0.009210 0.001251
v 0.027131 0.009210 0.001251
v 0.027125 0.020814 0.115129
v 0.027129 0.023792 0.005237
v 0.027161 0.000000 0.135229
v 0.027165 -0.018151 0.001418
v 0.027165 0.018151 0.001418
v 0.027205 -0.020875 0.002709
v 0.027205 0.020875 0.002709
v 0.027223 -0.023874 0.108664
v 0.027217 -0.005414 0.000000
v 0.027217 -0.005414 0.001200
v 0.027217 0.005414 0.000000
v 0.027217 0.005414 0.001200
v 0.027223 0.023874 0.108664
v 0.027233 -0.013430 0.129624
v 0.027233 0.013430 0.129624
v 0.027247 -0.018206 0.002956
v 0.027247 0.018206 0.002956
v 0.027258 -0.009253 0.000058
v 0.027258 0.009253 0.000058
v 0.027273 -0.013449 0.001652
v 0.027266 -0.013446 0.131595
v 0.027273 0.013449 0.001652
v 0.027266 0.013446 0.131595
v 0.027276 -0.015748 0.126570
v 0.027276 0.015748 0.126570
v 0.027291 -0.020941 0.119693
v 0.027293 -0.011305 0.001402
v 0.027293 0.011305 0.001402
v 0.027291 0.020941 0.119693
v 0.027302 -0.005431 0.134355
v 0.027302 0.005431 0.134355
v 0.027321 -0.003597 0.135908
v 0.027321 0.003597 0.135908
v 0.027331 -0.018262 0.125396
v 0.027332 -0.007324 0.135020
v 0.027332 0.007324 0.135020
v 0.027331 0.018262 0.125396
v 0.027389 -0.021016 0.112952
v 0.027389 0.021016 0.112952
v 0.027404 -0.024032 0.106291
v 0.027404 0.024032 0.106291
v 0.027423 -0.021043 0.004967
v 0.027423 0.021043 0.004967
v 0.027428 -0.024054 0.006195
v 0.027427 -0.018326 0.121234
v 0.027427 0.018326 0.121234
v 0.027428 0.024054 0.006195
v 0.027445 -0.015846 0.128713
v 0.027445 0.015846 0.128713
v 0.027458 -0.011374 0.132860
v 0.027458 0.011374 0.132860
v 0.027478 -0.009327 0.134003
v 0.027478 0.009327 0.134003
v 0.027498 -0.011390 0.130985
v 0.027498 -0.001802 0.135908
v 0.027498 0.001802 0.135908
v 0.027498 0.011390 0.130985
v 0.027508 -0.015882 0.000916
v 0.027513 -0.003622 0.000000
v 0.027513 -0.003622 0.001200
v 0.027513 0.003622 0.000000
v 0.027513 0.003622 0.001200
v 0.027508 0.015882 0.000916
v 0.027526 -0.007376 0.133354
v 0.027526 0.007376 0.133354
v 0.027539 -0.011407 0.000232
v 0.027539 0.011407 0.000232
v 0.027552 -0.024163 0.103880
v 0.027552 0.024163 0.103880
v 0.027557 0.000000 0.135908
v 0.027594 -0.009367 0.132230
v 0.027594 0.009367 0.132230
v 0.027598 -0.003633 0.134355
v 0.027598 0.003633 0.134355
v 0.027623 -0.021196 0.110716
v 0.027623 0.021196 0.110716
v 0.027628 -0.013625 0.000519
v 0.027628 0.013625 0.000519
v 0.027644 -0.024243 0.007192
v 0.027639 -0.021209 0.117622
v 0.027639 0.021209 0.117622
v 0.027644 0.024243 0.007192
v 0.027668 -0.024264 0.101437
v 0.027668 0.024264 0.101437
v 0.027675 -0.007416 0.001251
v 0.027675 0.007416 0.001251
v 0.027691 -0.001815 0.000000
v 0.027691 -0.001815 0.001200
v 0.027691 0.001815 0.000000
v 0.027691 0.001815 0.001200
v 0.027732 -0.016011 0.124886
v 0.027732 0.016011 0.124886
v 0.027741 -0.016016 0.002434
v 0.027741 0.016016 0.002434
v 0.027751 -0.024337 0.098971
v 0.027753 -0.021296 0.003483
v 0.027752 -0.013686 0.128150
v 0.027752 -0.005520 0.135020
v 0.027750 0.000000 0.000000
v 0.027750 0.000000 0.001200
v 0.027752 0.005520 0.135020
v 0.027752 0.013686 0.128150
v 0.027753 0.021296 0.003483
v 0.027751 0.024337 0.098971
v 0.027774 -0.024357 0.008214
v 0.027770 -0.021308 0.005757
v 0.027770 0.021308 0.005757
v 0.027774 0.024357 0.008214
v 0.027782 -0.018564 0.123586
v 0.027777 -0.001821 0.134355
v 0.027777 0.001821 0.134355
v 0.027782 0.018564 0.123586
v 0.027788 -0.018568 0.119276
v 0.027788 0.018568 0.119276
v 0.027801 -0.024381 0.096490
v 0.027805 -0.007450 0.000058
v 0.027805 0.007450 0.000058
v 0.027801 0.024381 0.096490
v 0.027806 -0.018579 0.003558
v 0.027806 0.018579 0.003558
v 0.027818 -0.024396 0.009250
v 0.027818 -0.024396 0.047000
v 0.027818 -0.024396 0.094000
v 0.027818 0.024396 0.009250
v 0.027818 0.024396 0.047000
v 0.027818 0.024396 0.094000
v 0.027828 -0.021353 0.108427
v 0.027828 0.021353 0.108427
v 0.027837 0.000000 0.134355
v 0.027856 -0.013737 0.130211
v 0.027856 0.013737 0.130211
v 0.027869 -0.018621 0.002018
v 0.027869 0.018621 0.002018
v 0.027950 -0.005560 0.133354
v 0.027950 0.005560 0.133354
v 0.027958 -0.021453 0.115477
v 0.027958 0.021453 0.115477
v 0.027969 -0.016148 0.127107
v 0.027974 -0.009496 0.001402
v 0.027974 0.009496 0.001402
v 0.027969 0.016148 0.127107
v 0.028002 -0.021487 0.106092
v 0.028002 0.021487 0.106092
v 0.028021 -0.013818 0.001997
v 0.028021 0.013818 0.001997
v 0.028029 -0.007510 0.134003
v 0.028029 0.007510 0.134003
v 0.028044 -0.021519 0.006591
v 0.028044 0.021519 0.006591
v 0.028053 -0.011620 0.129624
v 0.028054 -0.003693 0.135020
v 0.028054 0.003693 0.135020
v 0.028053 0.011620 0.129624
v 0.028094 -0.011637 0.001652
v 0.028087 -0.011634 0.131595
v 0.028087 0.011634 0.131595
v 0.028094 0.011637 0.001652
v 0.028101 -0.005590 0.001251
v 0.028101 0.005590 0.001251
v 0.028123 -0.018791 0.117239
v 0.028123 0.018791 0.117239
v 0.028143 -0.009553 0.132860
v 0.028143 0.009553 0.132860
v 0.028145 -0.021597 0.103720
v 0.028147 -0.007542 0.132230
v 0.028147 0.007542 0.132230
v 0.028145 0.021597 0.103720
v 0.028162 -0.016259 0.123106
v 0.028162 0.016259 0.123106
v 0.028184 -0.009567 0.130985
v 0.028184 0.009567 0.130985
v 0.028207 -0.018847 0.121683
v 0.028207 0.018847 0.121683
v 0.028229 -0.021661 0.004329
v 0.028226 -0.009582 0.000232
v 0.028233 -0.005616 0.000058
v 0.028233 0.005616 0.000058
v 0.028226 0.009582 0.000232
v 0.028229 0.021661 0.004329
v 0.028242 -0.021671 0.007459
v 0.028235 -0.001851 0.135020
v 0.028235 0.001851 0.135020
v 0.028242 0.021671 0.007459
v 0.028246 -0.021674 0.113264
v 0.028248 -0.013930 0.126570
v 0.028253 -0.003720 0.133354
v 0.028253 0.003720 0.133354
v 0.028248 0.013930 0.126570
v 0.028246 0.021674 0.113264
v 0.028257 -0.021683 0.101317
v 0.028257 0.021683 0.101317
v 0.028294 -0.016336 0.001418
v 0.028294 0.016336 0.001418
v 0.028296 0.000000 0.135020
v 0.028306 -0.018914 0.004231
v 0.028306 0.018914 0.004231
v 0.028338 -0.021744 0.098891
v 0.028338 0.021744 0.098891
v 0.028362 -0.021763 0.008349
v 0.028362 0.021763 0.008349
v 0.028379 -0.016385 0.002956
v 0.028379 0.016385 0.002956
v 0.028386 -0.021781 0.096449
v 0.028386 0.021781 0.096449
v 0.028402 -0.021794 0.009250
v 0.028402 -0.021794 0.047000
v 0.028402 -0.021794 0.094000
v 0.028402 0.021794 0.009250
v 0.028402 0.021794 0.047000
v 0.028402 0.021794 0.094000
v 0.028406 -0.003740 0.001251
v 0.028406 0.003740 0.001251
v 0.028423 -0.014017 0.128713
v 0.028423 0.014017 0.128713
v 0.028428 -0.018995 0.115129
v 0.028428 0.018995 0.115129
v 0.028436 -0.001864 0.133354
v 0.028436 0.001864 0.133354
v 0.028460 -0.011789 0.000519
v 0.028460 -0.005661 0.134003
v 0.028460 0.005661 0.134003
v 0.028460 0.011789 0.000519
v 0.028466 -0.016435 0.125396
v 0.028466 0.016435 0.125396
v 0.028488 -0.014049 0.000916
v 0.028488 0.014049 0.000916
v 0.028503 -0.021871 0.110991
v 0.028497 0.000000 0.133354
v 0.028503 0.021871 0.110991
v 0.028512 -0.019051 0.002709
v 0.028512 0.019051 0.002709
v 0.028535 -0.007646 0.001402
v 0.028535 0.007646 0.001402
v 0.028539 -0.003757 0.000058
v 0.028539 0.003757 0.000058
v 0.028566 -0.016493 0.121234
v 0.028566 0.016493 0.121234
v 0.028580 -0.005685 0.132230
v 0.028580 0.005685 0.132230
v 0.028588 -0.011841 0.128150
v 0.028590 -0.001874 0.001251
v 0.028590 0.001874 0.001251
v 0.028588 0.011841 0.128150
v 0.028602 -0.019111 0.119693
v 0.028602 0.019111 0.119693
v 0.028627 -0.021967 0.005237
v 0.028627 0.021967 0.005237
v 0.028651 0.000000 0.001251
v 0.028704 -0.019180 0.112952
v 0.028695 -0.011886 0.130211
v 0.028695 0.011886 0.130211
v 0.028704 0.019180 0.112952
v 0.028708 -0.007692 0.132860
v 0.028708 0.007692 0.132860
v 0.028719 -0.014163 0.124886
v 0.028724 -0.001883 0.000058
v 0.028724 0.001883 0.000058
v 0.028719 0.014163 0.124886
v 0.028726 -0.022042 0.108664
v 0.028729 -0.014168 0.002434
v 0.028729 0.014168 0.002434
v 0.028726 0.022042 0.108664
v 0.028741 -0.019204 0.004967
v 0.028741 0.019204 0.004967
v 0.028753 -0.009760 0.129624
v 0.028749 -0.007703 0.130985
v 0.028749 0.007703 0.130985
v 0.028753 0.009760 0.129624
v 0.028770 -0.003788 0.134003
v 0.028770 0.003788 0.134003
v 0.028795 -0.009775 0.001652
v 0.028788 -0.009772 0.131595
v 0.028793 -0.007715 0.000232
v 0.028786 0.000000 0.000058
v 0.028793 0.007715 0.000232
v 0.028795 0.009775 0.001652
v 0.028788 0.009772 0.131595
v 0.028865 -0.011956 0.001997
v 0.028865 0.011956 0.001997
v 0.028891 -0.003804 0.132230
v 0.028891 0.003804 0.132230
v 0.028917 -0.022189 0.106291
v 0.028917 0.022189 0.106291
v 0.028942 -0.022208 0.006195
v 0.028943 -0.016710 0.119276
v 0.028937 -0.016707 0.123586
v 0.028943 0.016710 0.119276
v 0.028937 0.016707 0.123586
v 0.028942 0.022208 0.006195
v 0.028950 -0.019344 0.110716
v 0.028950 0.019344 0.110716
v 0.028962 -0.016721 0.003558
v 0.028965 -0.014284 0.127107
v 0.028956 -0.001898 0.134003
v 0.028956 0.001898 0.134003
v 0.028965 0.014284 0.127107
v 0.028962 0.016721 0.003558
v 0.028967 -0.019355 0.117622
v 0.028974 -0.005763 0.001402
v 0.028974 0.005763 0.001402
v 0.028967 0.019355 0.117622
v 0.029018 0.000000 0.134003
v 0.029027 -0.016759 0.002018
v 0.029027 0.016759 0.002018
v 0.029074 -0.022309 0.103880
v 0.029074 0.022309 0.103880
v 0.029078 -0.001906 0.132230
v 0.029078 0.001906 0.132230
v 0.029086 -0.019435 0.003483
v 0.029086 0.019435 0.003483
v 0.029104 -0.019447 0.005757
v 0.029098 -0.012053 0.126570
v 0.029098 0.012053 0.126570
v 0.029104 0.019447 0.005757
v 0.029140 0.000000 0.132230
v 0.029149 -0.005798 0.132860
v 0.029149 0.005798 0.132860
v 0.029165 -0.019487 0.108427
v 0.029165 0.019487 0.108427
v 0.029170 -0.022383 0.007192
v 0.029165 -0.014383 0.123106
v 0.029170 -0.009902 0.000519
v 0.029170 0.009902 0.000519
v 0.029165 0.014383 0.123106
v 0.029170 0.022383 0.007192
v 0.029191 -0.005807 0.130985
v 0.029191 0.005807 0.130985
v 0.029196 -0.022403 0.101437
v 0.029196 0.022403 0.101437
v 0.029236 -0.005815 0.000232
v 0.029236 0.005815 0.000232
v 0.029284 -0.022470 0.098971
v 0.029279 -0.012128 0.128713
v 0.029279 0.012128 0.128713
v 0.029284 0.022470 0.098971
v 0.029291 -0.016911 0.117239
v 0.029289 -0.003856 0.001402
v 0.029289 0.003856 0.001402
v 0.029291 0.016911 0.117239
v 0.029302 -0.019579 0.115477
v 0.029302 -0.014450 0.001418
v 0.029301 -0.009946 0.128150
v 0.029301 0.009946 0.128150
v 0.029302 0.014450 0.001418
v 0.029302 0.019579 0.115477
v 0.029308 -0.022489 0.008214
v 0.029308 0.022489 0.008214
v 0.029330 -0.007859 0.129624
v 0.029330 0.007859 0.129624
v 0.029336 -0.022511 0.096490
v 0.029336 0.022511 0.096490
v 0.029354 -0.022524 0.009250
v 0.029354 -0.022524 0.047000
v 0.029354 -0.022524 0.094000
v 0.029347 -0.019609 0.106092
v 0.029346 -0.012155 0.000916
v 0.029346 0.012155 0.000916
v 0.029347 0.019609 0.106092
v 0.029354 0.022524 0.009250
v 0.029354 0.022524 0.047000
v 0.029354 0.022524 0.094000
v 0.029373 -0.007870 0.001652
v 0.029366 -0.007869 0.131595
v 0.029373 0.007870 0.001652
v 0.029366 0.007869 0.131595
v 0.029379 -0.016962 0.121683
v 0.029379 0.016962 0.121683
v 0.029391 -0.019638 0.006591
v 0.029390 -0.014493 0.002956
v 0.029390 0.014493 0.002956
v 0.029391 0.019638 0.006591
v 0.029411 -0.009984 0.130211
v 0.029411 0.009984 0.130211
v 0.029466 -0.003879 0.132860
v 0.029466 0.003879 0.132860
v 0.029483 -0.017022 0.004231
v 0.029480 -0.014538 0.125396
v 0.029478 -0.001932 0.001402
v 0.029478 0.001932 0.001402
v 0.029480 0.014538 0.125396
v 0.029483 0.017022 0.004231
v 0.029498 -0.019710 0.103720
v 0.029498 0.019710 0.103720
v 0.029509 -0.003885 0.130985
v 0.029509 0.003885 0.130985
v 0.029541 0.000000 0.001402
v 0.029553 -0.003891 0.000232
v 0.029553 0.003891 0.000232
v 0.029584 -0.014589 0.121234
v 0.029584 -0.012254 0.124886
v 0.029585 -0.010043 0.001997
v 0.029585 0.010043 0.001997
v 0.029584 0.012254 0.124886
v 0.029584 0.014589 0.121234
v 0.029586 -0.019768 0.004329
v 0.029595 -0.012258 0.002434
v 0.029595 0.012258 0.002434
v 0.029586 0.019768 0.004329
v 0.029599 -0.019777 0.007459
v 0.029603 -0.019780 0.113264
v 0.029599 0.019777 0.007459
v 0.029603 0.019780 0.113264
v 0.029610 -0.017095 0.115129
v 0.029610 0.017095 0.115129
v 0.029615 -0.019788 0.101317
v 0.029615 0.019788 0.101317
v 0.029657 -0.001944 0.132860
v 0.029657 0.001944 0.132860
v 0.029699 -0.019844 0.098891
v 0.029697 -0.017145 0.002709
v 0.029699 -0.001947 0.130985
v 0.029699 0.001947 0.130985
v 0.029697 0.017145 0.002709
v 0.029699 0.019844 0.098891
v 0.029725 -0.019861 0.008349
v 0.029720 0.000000 0.132860
v 0.029725 0.019861 0.008349
v 0.029744 -0.001950 0.000232
v 0.029744 0.001950 0.000232
v 0.029750 -0.019878 0.096449
v 0.029750 0.019878 0.096449
v 0.029755 -0.007973 0.000519
v 0.029763 0.000000 0.130985
v 0.029755 0.007973 0.000519
v 0.029767 -0.019889 0.009250
v 0.029767 -0.019889 0.047000
v 0.029767 -0.019889 0.094000
v 0.029767 0.019889 0.009250
v 0.029767 0.019889 0.047000
v 0.029767 0.019889 0.094000
v 0.029781 -0.005924 0.129624
v 0.029781 0.005924 0.129624
v 0.029791 -0.017200 0.119693
v 0.029791 0.017200 0.119693
v 0.029808 0.000000 0.000232
v 0.029824 -0.010124 0.126570
v 0.029824 -0.005932 0.001652
v 0.029817 -0.005931 0.131595
v 0.029824 0.005932 0.001652
v 0.029817 0.005931 0.131595
v 0.029824 0.010124 0.126570
v 0.029837 -0.012359 0.127107
v 0.029837 0.012359 0.127107
v 0.029872 -0.019960 0.110991
v 0.029872 0.019960 0.110991
v 0.029889 -0.008009 0.128150
v 0.029889 0.008009 0.128150
v 0.029897 -0.017261 0.112952
v 0.029897 0.017261 0.112952
v 0.029935 -0.017283 0.004967
v 0.029935 0.017283 0.004967
v 0.029974 -0.014782 0.119276
v 0.029968 -0.014778 0.123586
v 0.029974 0.014782 0.119276
v 0.029968 0.014778 0.123586
v 0.029993 -0.014791 0.003558
v 0.029993 0.014791 0.003558
v 0.030003 -0.020047 0.005237
v 0.030001 -0.008039 0.130211
v 0.030001 0.008039 0.130211
v 0.030003 0.020047 0.005237
v 0.030009 -0.010187 0.128713
v 0.030009 0.010187 0.128713
v 0.030043 -0.012444 0.123106
v 0.030043 0.012444 0.123106
v 0.030061 -0.014824 0.002018
v 0.030061 0.014824 0.002018
v 0.030078 -0.010210 0.000916
v 0.030078 0.010210 0.000916
v 0.030106 -0.020117 0.108664
v 0.030105 -0.003963 0.129624
v 0.030105 0.003963 0.129624
v 0.030106 0.020117 0.108664
v 0.030142 -0.003968 0.131595
v 0.030142 0.003968 0.131595
v 0.030153 -0.017409 0.110716
v 0.030149 -0.003969 0.001652
v 0.030149 0.003969 0.001652
v 0.030153 0.017409 0.110716
v 0.030171 -0.017419 0.117622
v 0.030171 0.017419 0.117622
v 0.030184 -0.012503 0.001418
v 0.030178 -0.008086 0.001997
v 0.030178 0.008086 0.001997
v 0.030184 0.012503 0.001418
v 0.030213 -0.006010 0.000519
v 0.030213 0.006010 0.000519
v 0.030275 -0.012540 0.002956
v 0.030275 0.012540 0.002956
v 0.030295 -0.017491 0.003483
v 0.030300 -0.001986 0.129624
v 0.030300 0.001986 0.129624
v 0.030295 0.017491 0.003483
v 0.030306 -0.020250 0.106291
v 0.030313 -0.017501 0.005757
v 0.030313 0.017501 0.005757
v 0.030306 0.020250 0.106291
v 0.030322 -0.010293 0.124886
v 0.030322 0.010293 0.124886
v 0.030333 -0.020268 0.006195
v 0.030335 -0.014959 0.117239
v 0.030333 -0.010297 0.002434
v 0.030333 0.010297 0.002434
v 0.030335 0.014959 0.117239
v 0.030333 0.020268 0.006195
v 0.030344 -0.001989 0.001652
v 0.030337 -0.001988 0.131595
v 0.030344 0.001989 0.001652
v 0.030337 0.001988 0.131595
v 0.030348 -0.006037 0.128150
v 0.030348 0.006037 0.128150
v 0.030365 0.000000 0.129624
v 0.030368 -0.012579 0.125396
v 0.030368 0.012579 0.125396
v 0.030377 -0.017538 0.108427
v 0.030377 0.017538 0.108427
v 0.030402 0.000000 0.131595
v 0.030409 0.000000 0.001652
v 0.030423 -0.008152 0.126570
v 0.030423 0.008152 0.126570
v 0.030425 -0.015004 0.121683
v 0.030425 0.015004 0.121683
v 0.030462 -0.006059 0.130211
v 0.030462 0.006059 0.130211
v 0.030470 -0.020360 0.103880
v 0.030475 -0.012623 0.121234
v 0.030475 0.012623 0.121234
v 0.030470 0.020360 0.103880
v 0.030519 -0.017620 0.115477
v 0.030519 0.017620 0.115477
v 0.030533 -0.015057 0.004231
v 0.030533 0.015057 0.004231
v 0.030542 -0.004021 0.000519
v 0.030542 0.004021 0.000519
v 0.030572 -0.020427 0.007192
v 0.030567 -0.017648 0.106092
v 0.030567 0.017648 0.106092
v 0.030572 0.020427 0.007192
v 0.030582 -0.010381 0.127107
v 0.030582 0.010381 0.127107
v 0.030599 -0.020445 0.101437
v 0.030599 0.020445 0.101437
v 0.030612 -0.017674 0.006591
v 0.030611 -0.008202 0.128713
v 0.030611 0.008202 0.128713
v 0.030612 0.017674 0.006591
v 0.030642 -0.006095 0.001997
v 0.030642 0.006095 0.001997
v 0.030664 -0.015122 0.115129
v 0.030664 0.015122 0.115129
v 0.030681 -0.008221 0.000916
v 0.030678 -0.004039 0.128150
v 0.030678 0.004039 0.128150
v 0.030681 0.008221 0.000916
v 0.030691 -0.020507 0.098971
v 0.030691 0.020507 0.098971
v 0.030716 -0.020524 0.008214
v 0.030724 -0.017738 0.103720
v 0.030724 0.017738 0.103720
v 0.030716 0.020524 0.008214
v 0.030739 -0.002015 0.000519
v 0.030739 0.002015 0.000519
v 0.030746 -0.020544 0.096490
v 0.030754 -0.015166 0.002709
v 0.030754 0.015166 0.002709
v 0.030746 0.020544 0.096490
v 0.030764 -0.020556 0.009250
v 0.030764 -0.020556 0.047000
v 0.030764 -0.020556 0.094000
v 0.030764 0.020556 0.009250
v 0.030764 0.020556 0.047000
v 0.030764 0.020556 0.094000
v 0.030793 -0.010453 0.123106
v 0.030794 -0.004054 0.130211
v 0.030794 0.004054 0.130211
v 0.030793 0.010453 0.123106
v 0.030805 0.000000 0.000519
v 0.030815 -0.017791 0.004329
v 0.030815 0.017791 0.004329
v 0.030829 -0.017799 0.007459
v 0.030834 -0.017802 0.113264
v 0.030829 0.017799 0.007459
v 0.030834 0.017802 0.113264
v 0.030846 -0.017809 0.101317
v 0.030852 -0.015214 0.119693
v 0.030852 0.015214 0.119693
v 0.030846 0.017809 0.101317
v 0.030870 -0.012787 0.123586
v 0.030870 0.012787 0.123586
v 0.030877 -0.012790 0.119276
v 0.030877 -0.002024 0.128150
v 0.030877 0.002024 0.128150
v 0.030877 0.012790 0.119276
v 0.030891 -0.006145 0.126570
v 0.030891 0.006145 0.126570
v 0.030897 -0.012798 0.003558
v 0.030897 0.012798 0.003558
v 0.030933 -0.017859 0.098891
v 0.030931 -0.008288 0.124886
v 0.030931 0.008288 0.124886
v 0.030933 0.017859 0.098891
v 0.030937 -0.010502 0.001418
v 0.030941 -0.008291 0.002434
v 0.030943 0.000000 0.128150
v 0.030941 0.008291 0.002434
v 0.030937 0.010502 0.001418
v 0.030960 -0.017875 0.008349
v 0.030962 -0.015269 0.112952
v 0.030962 0.015269 0.112952
v 0.030960 0.017875 0.008349
v 0.030966 -0.012827 0.002018
v 0.030966 0.012827 0.002018
v 0.030975 -0.004078 0.001997
v 0.030975 0.004078 0.001997
v 0.030986 -0.017890 0.096449
v 0.030993 -0.002031 0.130211
v 0.030993 0.002031 0.130211
v 0.030986 0.017890 0.096449
v 0.031004 -0.017900 0.009250
v 0.031004 -0.017900 0.047000
v 0.031004 -0.017900 0.094000
v 0.031001 -0.015288 0.004967
v 0.031001 0.015288 0.004967
v 0.031004 0.017900 0.009250
v 0.031004 0.017900 0.047000
v 0.031004 0.017900 0.094000
v 0.031030 -0.010533 0.002956
v 0.031030 0.010533 0.002956
v 0.031059 0.000000 0.130211
v 0.031082 -0.006183 0.128713
v 0.031082 0.006183 0.128713
v 0.031113 -0.017963 0.110991
v 0.031113 0.017963 0.110991
v 0.031126 -0.010566 0.125396
v 0.031126 0.010566 0.125396
v 0.031153 -0.006197 0.000916
v 0.031153 0.006197 0.000916
v 0.031176 -0.002043 0.001997
v 0.031176 0.002043 0.001997
v 0.031195 -0.008359 0.127107
v 0.031195 0.008359 0.127107
v 0.031227 -0.015400 0.110716
v 0.031226 -0.004111 0.126570
v 0.031226 0.004111 0.126570
v 0.031227 0.015400 0.110716
v 0.031235 -0.010603 0.121234
v 0.031243 0.000000 0.001997
v 0.031235 0.010603 0.121234
v 0.031250 -0.018042 0.005237
v 0.031246 -0.015409 0.117622
v 0.031248 -0.012943 0.117239
v 0.031248 0.012943 0.117239
v 0.031246 0.015409 0.117622
v 0.031250 0.018042 0.005237
v 0.031342 -0.012982 0.121683
v 0.031342 0.012982 0.121683
v 0.031358 -0.018104 0.108664
v 0.031358 0.018104 0.108664
v 0.031374 -0.015472 0.003483
v 0.031374 0.015472 0.003483
v 0.031393 -0.015481 0.005757
v 0.031393 0.015481 0.005757
v 0.031411 -0.008416 0.123106
v 0.031406 -0.006247 0.124886
v 0.031406 0.006247 0.124886
v 0.031411 0.008416 0.123106
v 0.031417 -0.006249 0.002434
v 0.031420 -0.004137 0.128713
v 0.031420 0.004137 0.128713
v 0.031417 0.006249 0.002434
v 0.031428 -0.002060 0.126570
v 0.031428 0.002060 0.126570
v 0.031452 -0.013028 0.004231
v 0.031452 0.013028 0.004231
v 0.031459 -0.015514 0.108427
v 0.031459 0.015514 0.108427
v 0.031492 -0.004146 0.000916
v 0.031492 0.004146 0.000916
v 0.031496 0.000000 0.126570
v 0.031558 -0.008456 0.001418
v 0.031558 0.008456 0.001418
v 0.031566 -0.018224 0.106291
v 0.031566 0.018224 0.106291
v 0.031593 -0.018240 0.006195
v 0.031588 -0.013084 0.115129
v 0.031588 0.013084 0.115129
v 0.031593 0.018240 0.006195
v 0.031606 -0.015587 0.115477
v 0.031606 0.015587 0.115477
v 0.031623 -0.002073 0.128713
v 0.031623 0.002073 0.128713
v 0.031640 -0.010740 0.123586
v 0.031640 0.010740 0.123586
v 0.031647 -0.010743 0.119276
v 0.031653 -0.008481 0.002956
v 0.031653 0.008481 0.002956
v 0.031647 0.010743 0.119276
v 0.031656 -0.015611 0.106092
v 0.031656 0.015611 0.106092
v 0.031667 -0.010750 0.003558
v 0.031675 -0.006301 0.127107
v 0.031675 0.006301 0.127107
v 0.031667 0.010750 0.003558
v 0.031681 -0.013122 0.002709
v 0.031681 0.013122 0.002709
v 0.031691 0.000000 0.128713
v 0.031703 -0.015634 0.006591
v 0.031695 -0.002077 0.000916
v 0.031695 0.002077 0.000916
v 0.031703 0.015634 0.006591
v 0.031737 -0.018323 0.103880
v 0.031739 -0.010774 0.002018
v 0.031739 0.010774 0.002018
v 0.031737 0.018323 0.103880
v 0.031750 -0.008507 0.125396
v 0.031748 -0.004180 0.124886
v 0.031748 0.004180 0.124886
v 0.031750 0.008507 0.125396
v 0.031759 -0.004181 0.002434
v 0.031763 0.000000 0.000916
v 0.031759 0.004181 0.002434
v 0.031781 -0.013164 0.119693
v 0.031781 0.013164 0.119693
v 0.031818 -0.015691 0.103720
v 0.031818 0.015691 0.103720
v 0.031842 -0.018384 0.007192
v 0.031842 0.018384 0.007192
v 0.031862 -0.008537 0.121234
v 0.031862 0.008537 0.121234
v 0.031870 -0.018400 0.101437
v 0.031870 0.018400 0.101437
v 0.031895 -0.013211 0.112952
v 0.031894 -0.006344 0.123106
v 0.031894 0.006344 0.123106
v 0.031895 0.013211 0.112952
v 0.031913 -0.015738 0.004329
v 0.031913 0.015738 0.004329
v 0.031932 -0.015747 0.113264
v 0.031927 -0.015745 0.007459
v 0.031935 -0.013228 0.004967
v 0.031935 0.013228 0.004967
v 0.031927 0.015745 0.007459
v 0.031932 0.015747 0.113264
v 0.031945 -0.015753 0.101317
v 0.031945 0.015753 0.101317
v 0.031953 -0.002094 0.124886
v 0.031953 0.002094 0.124886
v 0.031964 -0.002095 0.002434
v 0.031964 0.002095 0.002434
v 0.031966 -0.018456 0.098971
v 0.031966 0.018456 0.098971
v 0.031993 -0.018471 0.008214
v 0.031993 0.018471 0.008214
v 0.032024 -0.018489 0.096490
v 0.032019 -0.004215 0.127107
v 0.032022 0.000000 0.124886
v 0.032019 0.004215 0.127107
v 0.032024 0.018489 0.096490
v 0.032028 -0.010872 0.117239
v 0.032033 0.000000 0.002434
v 0.032028 0.010872 0.117239
v 0.032043 -0.018500 0.009250
v 0.032043 -0.018500 0.047000
v 0.032043 -0.018500 0.094000
v 0.032035 -0.015798 0.098891
v 0.032044 -0.006374 0.001418
v 0.032044 0.006374 0.001418
v 0.032035 0.015798 0.098891
v 0.032043 0.018500 0.009250
v 0.032043 0.018500 0.047000
v 0.032043 0.018500 0.094000
v 0.032063 -0.015812 0.008349
v 0.032063 0.015812 0.008349
v 0.032090 -0.015825 0.096449
v 0.032090 0.015825 0.096449
v 0.032108 -0.015834 0.009250
v 0.032108 -0.015834 0.047000
v 0.032108 -0.015834 0.094000
v 0.032108 0.015834 0.009250
v 0.032108 0.015834 0.047000
v 0.032108 0.015834 0.094000
v 0.032123 -0.010904 0.121683
v 0.032123 0.010904 0.121683
v 0.032139 -0.006393 0.002956
v 0.032139 0.006393 0.002956
v 0.032168 -0.013324 0.110716
v 0.032168 0.013324 0.110716
v 0.032187 -0.013332 0.117622
v 0.032187 0.013332 0.117622
v 0.032222 -0.015890 0.110991
v 0.032222 0.015890 0.110991
v 0.032226 -0.002112 0.127107
v 0.032226 0.002112 0.127107
v 0.032237 -0.010943 0.004231
v 0.032239 -0.006413 0.125396
v 0.032241 -0.004245 0.123106
v 0.032241 0.004245 0.123106
v 0.032239 0.006413 0.125396
v 0.032237 0.010943 0.004231
v 0.032282 -0.008650 0.119276
v 0.032275 -0.008648 0.123586
v 0.032282 0.008650 0.119276
v 0.032275 0.008648 0.123586
v 0.032303 -0.008655 0.003558
v 0.032295 0.000000 0.127107
v 0.032303 0.008655 0.003558
v 0.032319 -0.013387 0.003483
v 0.032319 0.013387 0.003483
v 0.032338 -0.013395 0.005757
v 0.032338 0.013395 0.005757
v 0.032352 -0.006435 0.121234
v 0.032352 0.006435 0.121234
v 0.032363 -0.015960 0.005237
v 0.032363 0.015960 0.005237
v 0.032376 -0.010990 0.115129
v 0.032375 -0.008675 0.002018
v 0.032375 0.008675 0.002018
v 0.032376 0.010990 0.115129
v 0.032392 -0.004264 0.001418
v 0.032392 0.004264 0.001418
v 0.032406 -0.013423 0.108427
v 0.032406 0.013423 0.108427
v 0.032449 -0.002127 0.123106
v 0.032449 0.002127 0.123106
v 0.032475 -0.016015 0.108664
v 0.032471 -0.011022 0.002709
v 0.032471 0.011022 0.002709
v 0.032475 0.016015 0.108664
v 0.032489 -0.004277 0.002956
v 0.032489 0.004277 0.002956
v 0.032519 0.000000 0.123106
v 0.032558 -0.013486 0.115477
v 0.032558 0.013486 0.115477
v 0.032574 -0.011057 0.119693
v 0.032574 0.011057 0.119693
v 0.032589 -0.004290 0.125396
v 0.032589 0.004290 0.125396
v 0.032601 -0.002137 0.001418
v 0.032601 0.002137 0.001418
v 0.032609 -0.013507 0.106092
v 0.032609 0.013507 0.106092
v 0.032658 -0.013527 0.006591
v 0.032658 0.013527 0.006591
v 0.032670 -0.008754 0.117239
v 0.032671 0.000000 0.001418
v 0.032670 0.008754 0.117239
v 0.032690 -0.016121 0.106291
v 0.032690 -0.011097 0.112952
v 0.032690 0.011097 0.112952
v 0.032690 0.016121 0.106291
v 0.032703 -0.004305 0.121234
v 0.032699 -0.002143 0.002956
v 0.032699 0.002143 0.002956
v 0.032703 0.004305 0.121234
v 0.032719 -0.016135 0.006195
v 0.032719 0.016135 0.006195
v 0.032732 -0.011111 0.004967
v 0.032732 0.011111 0.004967
v 0.032768 -0.008780 0.121683
v 0.032772 -0.006519 0.123586
v 0.032769 0.000000 0.002956
v 0.032772 0.006519 0.123586
v 0.032768 0.008780 0.121683
v 0.032776 -0.013576 0.103720
v 0.032779 -0.006520 0.119276
v 0.032779 0.006520 0.119276
v 0.032776 0.013576 0.103720
v 0.032800 -0.006524 0.003558
v 0.032800 -0.002150 0.125396
v 0.032800 0.002150 0.125396
v 0.032800 0.006524 0.003558
v 0.032867 -0.016208 0.103880
v 0.032874 -0.013617 0.004329
v 0.032873 -0.006539 0.002018
v 0.032870 0.000000 0.125396
v 0.032873 0.006539 0.002018
v 0.032874 0.013617 0.004329
v 0.032867 0.016208 0.103880
v 0.032884 -0.008811 0.004231
v 0.032884 0.008811 0.004231
v 0.032888 -0.013623 0.007459
v 0.032893 -0.013625 0.113264
v 0.032888 0.013623 0.007459
v 0.032893 0.013625 0.113264
v 0.032906 -0.013630 0.101317
v 0.032915 -0.002157 0.121234
v 0.032915 0.002157 0.121234
v 0.032906 0.013630 0.101317
v 0.032970 -0.011192 0.110716
v 0.032970 0.011192 0.110716
v 0.032976 -0.016262 0.007192
v 0.032976 0.016262 0.007192
v 0.032990 -0.011199 0.117622
v 0.032986 0.000000 0.121234
v 0.032990 0.011199 0.117622
v 0.033000 -0.013669 0.098891
v 0.033000 0.013669 0.098891
v 0.033006 -0.016277 0.101437
v 0.033006 0.016277 0.101437
v 0.033028 -0.013681 0.008349
v 0.033025 -0.008849 0.115129
v 0.033025 0.008849 0.115129
v 0.033028 0.013681 0.008349
v 0.033056 -0.013692 0.096449
v 0.033056 0.013692 0.096449
v 0.033075 -0.013700 0.009250
v 0.033075 -0.013700 0.047000
v 0.033075 -0.013700 0.094000
v 0.033075 0.013700 0.009250
v 0.033075 0.013700 0.047000
v 0.033075 0.013700 0.094000
v 0.033105 -0.016325 0.098971
v 0.033105 0.016325 0.098971
v 0.033122 -0.008875 0.002709
v 0.033122 0.008875 0.002709
v 0.033132 -0.016339 0.008214
v 0.033125 -0.011245 0.003483
v 0.033135 -0.004362 0.119276
v 0.033128 -0.004361 0.123586
v 0.033135 0.004362 0.119276
v 0.033128 0.004361 0.123586
v 0.033125 0.011245 0.003483
v 0.033132 0.016339 0.008214
v 0.033145 -0.011251 0.005757
v 0.033145 0.011251 0.005757
v 0.033164 -0.016355 0.096490
v 0.033156 -0.004365 0.003558
v 0.033156 0.004365 0.003558
v 0.033164 0.016355 0.096490
v 0.033173 -0.006598 0.117239
v 0.033173 0.006598 0.117239
v 0.033184 -0.016365 0.009250
v 0.033184 -0.016365 0.047000
v 0.033184 -0.016365 0.094000
v 0.033184 0.016365 0.009250
v 0.033184 0.016365 0.047000
v 0.033184 0.016365 0.094000
v 0.033192 -0.013749 0.110991
v 0.033192 0.013749 0.110991
v 0.033215 -0.011275 0.108427
v 0.033215 0.011275 0.108427
v 0.033227 -0.008903 0.119693
v 0.033231 -0.004375 0.002018
v 0.033231 0.004375 0.002018
v 0.033227 0.008903 0.119693
v 0.033272 -0.006618 0.121683
v 0.033272 0.006618 0.121683
v 0.033337 -0.013809 0.005237
v 0.033342 -0.002185 0.123586
v 0.033342 0.002185 0.123586
v 0.033337 0.013809 0.005237
v 0.033346 -0.008935 0.112952
v 0.033349 -0.002186 0.119276
v 0.033349 0.002186 0.119276
v 0.033346 0.008935 0.112952
v 0.033370 -0.011328 0.115477
v 0.033371 -0.002187 0.003558
v 0.033371 0.002187 0.003558
v 0.033370 0.011328 0.115477
v 0.033388 -0.008946 0.004967
v 0.033390 -0.006642 0.004231
v 0.033390 0.006642 0.004231
v 0.033388 0.008946 0.004967
v 0.033414 0.000000 0.123586
v 0.033423 -0.011345 0.106092
v 0.033421 0.000000 0.119276
v 0.033423 0.011345 0.106092
v 0.033442 0.000000 0.003558
v 0.033453 -0.013856 0.108664
v 0.033446 -0.002192 0.002018
v 0.033446 0.002192 0.002018
v 0.033453 0.013856 0.108664
v 0.033472 -0.011362 0.006591
v 0.033472 0.011362 0.006591
v 0.033517 0.000000 0.002018
v 0.033533 -0.006670 0.115129
v 0.033533 -0.004415 0.117239
v 0.033533 0.004415 0.117239
v 0.033533 0.006670 0.115129
v 0.033594 -0.011404 0.103720
v 0.033594 0.011404 0.103720
v 0.033632 -0.009012 0.110716
v 0.033632 -0.006690 0.002709
v 0.033634 -0.004428 0.121683
v 0.033634 0.004428 0.121683
v 0.033632 0.006690 0.002709
v 0.033632 0.009012 0.110716
v 0.033652 -0.009017 0.117622
v 0.033652 0.009017 0.117622
v 0.033674 -0.013948 0.106291
v 0.033674 0.013948 0.106291
v 0.033694 -0.011438 0.004329
v 0.033694 0.011438 0.004329
v 0.033704 -0.013961 0.006195
v 0.033704 0.013961 0.006195
v 0.033709 -0.011443 0.007459
v 0.033714 -0.011444 0.113264
v 0.033709 0.011443 0.007459
v 0.033714 0.011444 0.113264
v 0.033728 -0.011449 0.101317
v 0.033728 0.011449 0.101317
v 0.033738 -0.006711 0.119693
v 0.033738 0.006711 0.119693
v 0.033752 -0.004444 0.004231
v 0.033750 -0.002212 0.117239
v 0.033750 0.002212 0.117239
v 0.033752 0.004444 0.004231
v 0.033790 -0.009054 0.003483
v 0.033790 0.009054 0.003483
v 0.033810 -0.009059 0.005757
v 0.033810 0.009059 0.005757
v 0.033823 -0.011481 0.098891
v 0.033823 0.000000 0.117239
v 0.033823 0.011481 0.098891
v 0.033852 -0.011491 0.008349
v 0.033851 -0.002219 0.121683
v 0.033851 0.002219 0.121683
v 0.033852 0.011491 0.008349
v 0.033857 -0.014024 0.103880
v 0.033859 -0.006735 0.112952
v 0.033859 0.006735 0.112952
v 0.033857 0.014024 0.103880
v 0.033881 -0.011501 0.096449
v 0.033881 -0.009078 0.108427
v 0.033881 0.009078 0.108427
v 0.033881 0.011501 0.096449
v 0.033900 -0.011508 0.009250
v 0.033900 -0.011508 0.047000
v 0.033900 -0.011508 0.094000
v 0.033902 -0.006744 0.004967
v 0.033898 -0.004463 0.115129
v 0.033898 0.004463 0.115129
v 0.033902 0.006744 0.004967
v 0.033900 0.011508 0.009250
v 0.033900 0.011508 0.047000
v 0.033900 0.011508 0.094000
v 0.033924 0.000000 0.121683
v 0.033969 -0.014071 0.007192
v 0.033971 -0.002227 0.004231
v 0.033971 0.002227 0.004231
v 0.033969 0.014071 0.007192
v 0.033999 -0.014083 0.101437
v 0.033997 -0.004476 0.002709
v 0.033997 0.004476 0.002709
v 0.033999 0.014083 0.101437
v 0.034020 -0.011548 0.110991
v 0.034020 0.011548 0.110991
v 0.034040 -0.009121 0.115477
v 0.034044 0.000000 0.004231
v 0.034040 0.009121 0.115477
v 0.034093 -0.009135 0.106092
v 0.034093 0.009135 0.106092
v 0.034102 -0.014125 0.098971
v 0.034102 0.014125 0.098971
v 0.034105 -0.004490 0.119693
v 0.034105 0.004490 0.119693
v 0.034117 -0.002236 0.115129
v 0.034117 0.002236 0.115129
v 0.034130 -0.014137 0.008214
v 0.034130 0.014137 0.008214
v 0.034144 -0.009149 0.006591
v 0.034144 0.009149 0.006591
v 0.034149 -0.006793 0.110716
v 0.034149 0.006793 0.110716
v 0.034163 -0.014151 0.096490
v 0.034163 0.014151 0.096490
v 0.034169 -0.011599 0.005237
v 0.034169 -0.006797 0.117622
v 0.034169 0.006797 0.117622
v 0.034169 0.011599 0.005237
v 0.034184 -0.014159 0.009250
v 0.034184 -0.014159 0.047000
v 0.034184 -0.014159 0.094000
v 0.034184 0.014159 0.009250
v 0.034184 0.014159 0.047000
v 0.034184 0.014159 0.094000
v 0.034190 0.000000 0.115129
v 0.034217 -0.002243 0.002709
v 0.034217 0.002243 0.002709
v 0.034227 -0.004506 0.112952
v 0.034227 0.004506 0.112952
v 0.034268 -0.009182 0.103720
v 0.034270 -0.004512 0.004967
v 0.034270 0.004512 0.004967
v 0.034268 0.009182 0.103720
v 0.034287 -0.011639 0.108664
v 0.034291 0.000000 0.002709
v 0.034287 0.011639 0.108664
v 0.034310 -0.006825 0.003483
v 0.034310 0.006825 0.003483
v 0.034330 -0.006829 0.005757
v 0.034326 -0.002250 0.119693
v 0.034326 0.002250 0.119693
v 0.034330 0.006829 0.005757
v 0.034370 -0.009209 0.004329
v 0.034370 0.009209 0.004329
v 0.034385 -0.009213 0.007459
v 0.034390 -0.009215 0.113264
v 0.034385 0.009213 0.007459
v 0.034390 0.009215 0.113264
v 0.034404 -0.009219 0.101317
v 0.034402 -0.006843 0.108427
v 0.034399 0.000000 0.119693
v 0.034402 0.006843 0.108427
v 0.034404 0.009219 0.101317
v 0.034449 -0.002258 0.112952
v 0.034449 0.002258 0.112952
v 0.034492 -0.002261 0.004967
v 0.034492 0.002261 0.004967
v 0.034502 -0.009245 0.098891
v 0.034502 0.009245 0.098891
v 0.034515 -0.011716 0.106291
v 0.034515 0.011716 0.106291
v 0.034520 -0.004545 0.110716
v 0.034522 0.000000 0.112952
v 0.034520 0.004545 0.110716
v 0.034531 -0.009253 0.008349
v 0.034531 0.009253 0.008349
v 0.034545 -0.011726 0.006195
v 0.034541 -0.004547 0.117622
v 0.034541 0.004547 0.117622
v 0.034545 0.011726 0.006195
v 0.034561 -0.009260 0.096449
v 0.034564 -0.006875 0.115477
v 0.034564 0.006875 0.115477
v 0.034561 0.009260 0.096449
v 0.034566 0.000000 0.004967
v 0.034580 -0.009266 0.009250
v 0.034580 -0.009266 0.047000
v 0.034580 -0.009266 0.094000
v 0.034580 0.009266 0.009250
v 0.034580 0.009266 0.047000
v 0.034580 0.009266 0.094000
v 0.034618 -0.006886 0.106092
v 0.034618 0.006886 0.106092
v 0.034669 -0.006896 0.006591
v 0.034669 0.006896 0.006591
v 0.034683 -0.004566 0.003483
v 0.034683 0.004566 0.003483
v 0.034702 -0.011780 0.103880
v 0.034703 -0.009299 0.110991
v 0.034703 -0.004569 0.005757
v 0.034703 0.004569 0.005757
v 0.034703 0.009299 0.110991
v 0.034702 0.011780 0.103880
v 0.034743 -0.002277 0.110716
v 0.034743 0.002277 0.110716
v 0.034764 -0.002279 0.117622
v 0.034764 0.002279 0.117622
v 0.034776 -0.004578 0.108427
v 0.034776 0.004578 0.108427
v 0.034795 -0.006921 0.103720
v 0.034795 0.006921 0.103720
v 0.034817 -0.011819 0.007192
v 0.034818 0.000000 0.110716
v 0.034817 0.011819 0.007192
v 0.034839 0.000000 0.117622
v 0.034848 -0.011829 0.101437
v 0.034854 -0.009339 0.005237
v 0.034854 0.009339 0.005237
v 0.034848 0.011829 0.101437
v 0.034898 -0.006942 0.004329
v 0.034898 0.006942 0.004329
v 0.034914 -0.006945 0.007459
v 0.034907 -0.002288 0.003483
v 0.034907 0.002288 0.003483
v 0.034914 0.006945 0.007459
v 0.034920 -0.006946 0.113264
v 0.034920 0.006946 0.113264
v 0.034933 -0.006949 0.101317
v 0.034928 -0.002289 0.005757
v 0.034928 0.002289 0.005757
v 0.034933 0.006949 0.101317
v 0.034939 -0.004600 0.115477
v 0.034939 0.004600 0.115477
v 0.034952 -0.011865 0.098971
v 0.034952 0.011865 0.098971
v 0.034975 -0.009372 0.108664
v 0.034975 0.009372 0.108664
v 0.034981 -0.011875 0.008214
v 0.034982 0.000000 0.003483
v 0.034981 0.011875 0.008214
v 0.034994 -0.004607 0.106092
v 0.034994 0.004607 0.106092
v 0.035001 -0.002294 0.108427
v 0.035003 0.000000 0.005757
v 0.035001 0.002294 0.108427
v 0.035015 -0.011886 0.096490
v 0.035015 0.011886 0.096490
v 0.035033 -0.006968 0.098891
v 0.035033 0.006968 0.098891
v 0.035036 -0.011893 0.009250
v 0.035036 -0.011893 0.047000
v 0.035036 -0.011893 0.094000
v 0.035036 0.011893 0.009250
v 0.035036 0.011893 0.047000
v 0.035036 0.011893 0.094000
v 0.035046 -0.004614 0.006591
v 0.035046 0.004614 0.006591
v 0.035062 -0.006974 0.008349
v 0.035062 0.006974 0.008349
v 0.035076 0.000000 0.108427
v 0.035092 -0.006980 0.096449
v 0.035092 0.006980 0.096449
v 0.035112 -0.006984 0.009250
v 0.035112 -0.006984 0.047000
v 0.035112 -0.006984 0.094000
v 0.035112 0.006984 0.009250
v 0.035112 0.006984 0.047000
v 0.035112 0.006984 0.094000
v 0.035173 -0.004631 0.103720
v 0.035165 -0.002305 0.115477
v 0.035165 0.002305 0.115477
v 0.035173 0.004631 0.103720
v 0.035207 -0.009434 0.106291
v 0.035207 0.009434 0.106291
v 0.035220 -0.002308 0.106092
v 0.035220 0.002308 0.106092
v 0.035238 -0.009442 0.006195
v 0.035236 -0.007009 0.110991
v 0.035241 0.000000 0.115477
v 0.035236 0.007009 0.110991
v 0.035238 0.009442 0.006195
v 0.035273 -0.002312 0.006591
v 0.035273 0.002312 0.006591
v 0.035278 -0.004644 0.004329
v 0.035278 0.004644 0.004329
v 0.035294 -0.004646 0.007459
v 0.035294 0.004646 0.007459
v 0.035299 -0.004647 0.113264
v 0.035296 0.000000 0.106092
v 0.035299 0.004647 0.113264
v 0.035313 -0.004649 0.101317
v 0.035313 0.004649 0.101317
v 0.035348 0.000000 0.006591
v 0.035391 -0.007040 0.005237
v 0.035391 0.007040 0.005237
v 0.035398 -0.009485 0.103880
v 0.035401 -0.002320 0.103720
v 0.035401 0.002320 0.103720
v 0.035398 0.009485 0.103880
v 0.035413 -0.004662 0.098891
v 0.035413 0.004662 0.098891
v 0.035444 -0.004666 0.008349
v 0.035444 0.004666 0.008349
v 0.035474 -0.004670 0.096449
v 0.035474 0.004670 0.096449
v 0.035477 0.000000 0.103720
v 0.035494 -0.004673 0.009250
v 0.035494 -0.004673 0.047000
v 0.035494 -0.004673 0.094000
v 0.035494 0.004673 0.009250
v 0.035494 0.004673 0.047000
v 0.035494 0.004673 0.094000
v 0.035513 -0.007064 0.108664
v 0.035506 -0.002327 0.004329
v 0.035506 0.002327 0.004329
v 0.035513 0.007064 0.108664
v 0.035515 -0.009516 0.007192
v 0.035522 -0.002328 0.007459
v 0.035522 0.002328 0.007459
v 0.035515 0.009516 0.007192
v 0.035527 -0.002329 0.113264
v 0.035527 0.002329 0.113264
v 0.035541 -0.002330 0.101317
v 0.035541 0.002330 0.101317
v 0.035547 -0.009525 0.101437
v 0.035547 0.009525 0.101437
v 0.035582 0.000000 0.004329
v 0.035598 0.000000 0.007459
v 0.035604 0.000000 0.113264
v 0.035619 -0.004689 0.110991
v 0.035618 0.000000 0.101317
v 0.035619 0.004689 0.110991
v 0.035642 -0.002336 0.098891
v 0.035642 0.002336 0.098891
v 0.035654 -0.009553 0.098971
v 0.035654 0.009553 0.098971
v 0.035673 -0.002338 0.008349
v 0.035673 0.002338 0.008349
v 0.035683 -0.009561 0.008214
v 0.035683 0.009561 0.008214
v 0.035703 -0.002340 0.096449
v 0.035703 0.002340 0.096449
v 0.035718 -0.009571 0.096490
v 0.035723 -0.002341 0.009250
v 0.035723 -0.002341 0.047000
v 0.035723 -0.002341 0.094000
v 0.035719 0.000000 0.098891
v 0.035723 0.002341 0.009250
v 0.035723 0.002341 0.047000
v 0.035723 0.002341 0.094000
v 0.035718 0.009571 0.096490
v 0.035739 -0.009576 0.009250
v 0.035739 -0.009576 0.047000
v 0.035739 -0.009576 0.094000
v 0.035739 0.009576 0.009250
v 0.035739 0.009576 0.047000
v 0.035739 0.009576 0.094000
v 0.035749 -0.007111 0.106291
v 0.035749 0.000000 0.008349
v 0.035749 0.007111 0.106291
v 0.035780 -0.007117 0.006195
v 0.035775 -0.004710 0.005237
v 0.035780 0.000000 0.096449
v 0.035775 0.004710 0.005237
v 0.035780 0.007117 0.006195
v 0.035800 0.000000 0.009250
v 0.035800 0.000000 0.047000
v 0.035800 0.000000 0.094000
v 0.035850 -0.002350 0.110991
v 0.035850 0.002350 0.110991
v 0.035899 -0.004726 0.108664
v 0.035899 0.004726 0.108664
v 0.035927 0.000000 0.110991
v 0.035942 -0.007149 0.103880
v 0.035942 0.007149 0.103880
v 0.036007 -0.002360 0.005237
v 0.036007 0.002360 0.005237
v 0.036062 -0.007173 0.007192
v 0.036062 0.007173 0.007192
v 0.036084 0.000000 0.005237
v 0.036094 -0.007179 0.101437
v 0.036094 0.007179 0.101437
v 0.036131 -0.002368 0.108664
v 0.036131 0.002368 0.108664
v 0.036137 -0.004758 0.106291
v 0.036137 0.004758 0.106291
v 0.036169 -0.004762 0.006195
v 0.036169 0.004762 0.006195
v 0.036202 -0.007201 0.098971
v 0.036202 0.007201 0.098971
v 0.036209 0.000000 0.108664
v 0.036232 -0.007207 0.008214
v 0.036232 0.007207 0.008214
v 0.036267 -0.007214 0.096490
v 0.036267 0.007214 0.096490
v 0.036289 -0.007218 0.009250
v 0.036289 -0.007218 0.047000
v 0.036289 -0.007218 0.094000
v 0.036289 0.007218 0.009250
v 0.036289 0.007218 0.047000
v 0.036289 0.007218 0.094000
v 0.036333 -0.004783 0.103880
v 0.036333 0.004783 0.103880
v 0.036371 -0.002384 0.106291
v 0.036371 0.002384 0.106291
v 0.036403 -0.002386 0.006195
v 0.036403 0.002386 0.006195
v 0.036454 -0.004799 0.007192
v 0.036449 0.000000 0.106291
v 0.036454 0.004799 0.007192
v 0.036481 0.000000 0.006195
v 0.036486 -0.004803 0.101437
v 0.036486 0.004803 0.101437
v 0.036568 -0.002397 0.103880
v 0.036568 0.002397 0.103880
v 0.036596 -0.004818 0.098971
v 0.036596 0.004818 0.098971
v 0.036626 -0.004822 0.008214
v 0.036626 0.004822 0.008214
v 0.036646 0.000000 0.103880
v 0.036661 -0.004827 0.096490
v 0.036661 0.004827 0.096490
v 0.036683 -0.004829 0.009250
v 0.036683 -0.004829 0.047000
v 0.036683 -0.004829 0.094000
v 0.036683 0.004829 0.009250
v 0.036683 0.004829 0.047000
v 0.036683 0.004829 0.094000
v 0.036689 -0.002405 0.007192
v 0.036689 0.002405 0.007192
v 0.036722 -0.002407 0.101437
v 0.036722 0.002407 0.101437
v 0.036768 0.000000 0.007192
v 0.036801 0.000000 0.101437
v 0.036832 -0.002414 0.098971
v 0.036832 0.002414 0.098971
v 0.036863 -0.002416 0.008214
v 0.036863 0.002416 0.008214
v 0.036899 -0.002418 0.096490
v 0.036899 0.002418 0.096490
v 0.036911 0.000000 0.098971
v 0.036921 -0.002420 0.009250
v 0.036921 -0.002420 0.047000
v 0.036921 -0.002420 0.094000
v 0.036921 0.002420 0.009250
v 0.036921 0.002420 0.047000
v 0.036921 0.002420 0.094000
v 0.036942 0.000000 0.008214
v 0.036978 0.000000 0.096490
v 0.037000 0.000000 0.009250
v 0.037000 0.000000 0.047000
v 0.037000 0.000000 0.094000
f 7361 7933 7931
f 7361 7918 7933
f 7361 7907 7918
f 7361 7886 7907
f 7361 7863 7886
f 7361 7849 7863
f 7361 7828 7849
f 7361 7801 7828
f 7361 7783 7801
f 7361 7767 7783
f 7361 7735 7767
f 7361 7718 7735
f 7361 7687 7718
f 7361 7650 7687
f 7361 7601 7650
f 7361 7585 7601
f 7361 7577 7585
f 7361 7561 7577
f 7361 7553 7561
f 7361 7545 7553
f 7361 7535 7545
f 7361 7527 7535
f 7361 7521 7527
f 7361 7363 7521
f 7361 7203 7363
f 7361 7197 7203
f 7361 7189 7197
f 7361 7179 7189
f 7361 7171 7179
f 7361 7163 7171
f 7361 7147 7163
f 7361 7139 7147
f 7361 7123 7139
f 7361 7074 7123
f 7361 7037 7074
f 7361 7006 7037
f 7361 6989 7006
f 7361 6957 6989
f 7361 6941 6957
f 7361 6923 6941
f 7361 6896 6923
f 7361 6875 6896
f 7361 6861 6875
f 7361 6838 6861
f 7361 6817 6838
f 7361 6806 6817
f 7361 6793 6806
f 7361 6791 6793
f 7361 6789 6791
f 7361 6804 6789
f 7361 6815 6804
f 7361 6836 6815
f 7361 6859 6836
f 7361 6873 6859
f 7361 6894 6873
f 7361 6921 6894
f 7361 6939 6921
f 7361 6955 6939
f 7361 6987 6955
f 7361 7004 6987
f 7361 7035 7004
f 7361 7072 7035
f 7361 7121 7072
f 7361 7137 7121
f 7361 7145 7137
f 7361 7161 7145
f 7361 7169 7161
f 7361 7177 7169
f 7361 7187 7177
f 7361 7195 7187
f 7361 7201 7195
f 7361 7359 7201
f 7361 7519 7359
f 7361 7525 7519
f 7361 7533 7525
f 7361 7543 7533
f 7361 7551 7543
f 7361 7559 7551
f 7361 7575 7559
f 7361 7583 7575
f 7361 7599 7583
f 7361 7648 7599
f 7361 7685 7648
f 7361 7716 7685
f 7361 7733 7716
f 7361 7765 7733
f 7361 7781 7765
f 7361 7799 7781
f 7361 7826 7799
f 7361 7847 7826
f 7361 7861 7847
f 7361 7884 7861
f 7361 7905 7884
f 7361 7916 7905
f 7361 7929 7916
f 7361 7931 7929
f 7931 7933 8432
f 7931 8432 8440
f 7933 7918 8419
f 7933 8419 8432
f 7918 7907 8398
f 7918 8398 8419
f 7907 7886 8373
f 7907 8373 8398
f 7886 7863 8347
f 7886 8347 8373
f 7863 7849 8317
f 7863 8317 8347
f 7849 7828 8288
f 7849 8288 8317
f 7828 7801 8232
f 7828 8232 8288
f 7801 7783 8203
f 7801 8203 8232
f 7783 7767 8177
f 7783 8177 8203
f 7767 7735 8149
f 7767 8149 8177
f 7735 7718 8128
f 7735 8128 8149
f 7718 7687 8091
f 7718 8091 8128
f 7687 7650 8053
f 7687 8053 8091
f 7650 7601 8001
f 7650 8001 8053
f 7601 7585 7935
f 7601 7935 8001
f 7585 7577 7821
f 7585 7821 7935
f 7577 7561 7741
f 7577 7741 7821
f 7561 7553 7665
f 7561 7665 7741
f 7553 7545 7589
f 7553 7589 7665
f 7545 7535 7565
f 7545 7565 7589
f 7535 7527 7547
f 7535 7547 7565
f 7527 7521 7529
f 7527 7529 7547
f 7521 7363 7365
f 7521 7365 7529
f 7363 7203 7199
f 7363 7199 7365
f 7203 7197 7181
f 7203 7181 7199
f 7197 7189 7159
f 7197 7159 7181
f 7189 7179 7135
f 7189 7135 7159
f 7179 7171 7059
f 7179 7059 7135
f 7171 7163 6983
f 7171 6983 7059
f 7163 7147 6903
f 7163 6903 6983
f 7147 7139 6795
f 7147 6795 6903
f 7139 7123 6723
f 7139 6723 6795
f 7123 7074 6671
f 7123 6671 6723
f 7074 7037 6633
f 7074 6633 6671
f 7037 7006 6596
f 7037 6596 6633
f 7006 6989 6575
f 7006 6575 6596
f 6989 6957 6547
f 6989 6547 6575
f 6957 6941 6521
f 6957 6521 6547
f 6941 6923 6492
f 6941 6492 6521
f 6923 6896 6436
f 6923 6436 6492
f 6896 6875 6407
f 6896 6407 6436
f 6875 6861 6377
f 6875 6377 6407
f 6861 6838 6351
f 6861 6351 6377
f 6838 6817 6326
f 6838 6326 6351
f 6817 6806 6305
f 6817 6305 6326
f 6806 6793 6292
f 6806 6292 6305
f 6793 6791 6282
f 6793 6282 6292
f 6791 6789 6290
f 6791 6290 6282
f 6789 6804 6303
f 6789 6303 6290
f 6804 6815 6324
f 6804 6324 6303
f 6815 6836 6349
f 6815 6349 6324
f 6836 6859 6375
f 6836 6375 6349
f 6859 6873 6405
f 6859 6405 6375
f 6873 6894 6434
f 6873 6434 6405
f 6894 6921 6490
f 6894 6490 6434
f 6921 6939 6519
f 6921 6519 6490
f 6939 6955 6545
f 6939 6545 6519
f 6955 6987 6573
f 6955 6573 6545
f 6987 7004 6594
f 6987 6594 6573
f 7004 7035 6631
f 7004 6631 6594
f 7035 7072 6669
f 7035 6669 6631
f 7072 7121 6721
f 7072 6721 6669
f 7121 7137 6787
f 7121 6787 6721
f 7137 7145 6901
f 7137 6901 6787
f 7145 7161 6981
f 7145 6981 6901
f 7161 7169 7057
f 7161 7057 6981
f 7169 7177 7133
f 7169 7133 7057
f 7177 7187 7157
f 7177 7157 7133
f 7187 7195 7175
f 7187 7175 7157
f 7195 7201 7193
f 7195 7193 7175
f 7201 7359 7357
f 7201 7357 7193
f 7359 7519 7523
f 7359 7523 7357
f 7519 7525 7541
f 7519 7541 7523
f 7525 7533 7563
f 7525 7563 7541
f 7533 7543 7587
f 7533 7587 7563
f 7543 7551 7663
f 7543 7663 7587
f 7551 7559 7739
f 7551 7739 7663
f 7559 7575 7819
f 7559 7819 7739
f 7575 7583 7927
f 7575 7927 7819
f 7583 7599 7999
f 7583 7999 7927
f 7599 7648 8051
f 7599 8051 7999
f 7648 7685 8089
f 7648 8089 8051
f 7685 7716 8126
f 7685 8126 8089
f 7716 7733 8147
f 7716 8147 8126
f 7733 7765 8175
f 7733 8175 8147
f 7765 7781 8201
f 7765 8201 8175
f 7781 7799 8230
f 7781 8230 8201
f 7799 7826 8286
f 7799 8286 8230
f 7826 7847 8315
f 7826 8315 8286
f 7847 7861 8345
f 7847 8345 8315
f 7861 7884 8371
f 7861 8371 8345
f 7884 7905 8396
f 7884 8396 8371
f 7905 7916 8417
f 7905 8417 8396
f 7916 7929 8430
f 7916 8430 8417
f 7929 7931 8440
f 7929 8440 8430
f 8440 8432 8892
f 8440 8892 8900
f 8432 8419 8880
f 8432 8880 8892
f 8419 8398 8864
f 8419 8864 8880
f 8398 8373 8834
f 8398 8834 8864
f 8373 8347 8803
f 8373 8803 8834
f 8347 8317 8763
f 8347 8763 8803
f 8317 8288 8735
f 8317 8735 8763
f 8288 8232 8684
f 8288 8684 8735
f 8232 8203 8634
f 8232 8634 8684
f 8203 8177 8602
f 8203 8602 8634
f 8177 8149 8551
f 8177 8551 8602
f 8149 8128 8515
f 8149 8515 8551
f 8128 8091 8407
f 8128 8407 8515
f 8091 8053 8304
f 8091 8304 8407
f 8053 8001 8205
f 8053 8205 8304
f 8001 7935 8145
f 8001 8145 8205
f 7935 7821 8097
f 7935 8097 8145
f 7821 7741 8014
f 7821 8014 8097
f 7741 7665 7888
f 7741 7888 8014
f 7665 7589 7750
f 7665 7750 7888
f 7589 7565 7620
f 7589 7620 7750
f 7565 7547 7571
f 7565 7571 7620
f 7547 7529 7537
f 7547 7537 7571
f 7529 7365 7367
f 7529 7367 7537
f 7365 7199 7191
f 7365 7191 7367
f 7199 7181 7153
f 7199 7153 7191
f 7181 7159 7104
f 7181 7104 7153
f 7159 7135 6974
f 7159 6974 7104
f 7135 7059 6840
f 7135 6840 6974
f 7059 6983 6710
f 7059 6710 6840
f 6983 6903 6627
f 6983 6627 6710
f 6903 6795 6579
f 6903 6579 6627
f 6795 6723 6523
f 6795 6523 6579
f 6723 6671 6420
f 6723 6420 6523
f 6671 6633 6317
f 6671 6317 6420
f 6633 6596 6209
f 6633 6209 6317
f 6596 6575 6173
f 6596 6173 6209
f 6575 6547 6122
f 6575 6122 6173
f 6547 6521 6090
f 6547 6090 6122
f 6521 6492 6040
f 6521 6040 6090
f 6492 6436 5989
f 6492 5989 6040
f 6436 6407 5961
f 6436 5961 5989
f 6407 6377 5921
f 6407 5921 5961
f 6377 6351 5890
f 6377 5890 5921
f 6351 6326 5860
f 6351 5860 5890
f 6326 6305 5844
f 6326 5844 5860
f 6305 6292 5832
f 6305 5832 5844
f 6292 6282 5822
f 6292 5822 5832
f 6282 6290 5830
f 6282 5830 5822
f 6290 6303 5842
f 6290 5842 5830
f 6303 6324 5858
f 6303 5858 5842
f 6324 6349 5888
f 6324 5888 5858
f 6349 6375 5919
f 6349 5919 5888
f 6375 6405 5959
f 6375 5959 5919
f 6405 6434 5987
f 6405 5987 5959
f 6434 6490 6038
f 6434 6038 5987
f 6490 6519 6088
f 6490 6088 6038
f 6519 6545 6120
f 6519 6120 6088
f 6545 6573 6171
f 6545 6171 6120
f 6573 6594 6207
f 6573 6207 6171
f 6594 6631 6315
f 6594 6315 6207
f 6631 6669 6418
f 6631 6418 6315
f 6669 6721 6517
f 6669 6517 6418
f 6721 6787 6577
f 6721 6577 6517
f 6787 6901 6625
f 6787 6625 6577
f 6901 6981 6708
f 6901 6708 6625
f 6981 7057 6834
f 6981 6834 6708
f 7057 7133 6972
f 7057 6972 6834
f 7133 7157 7102
f 7133 7102 6972
f 7157 7175 7151
f 7157 7151 7102
f 7175 7193 7185
f 7175 7185 7151
f 7193 7357 7355
f 7193 7355 7185
f 7357 7523 7531
f 7357 7531 7355
f 7523 7541 7569
f 7523 7569 7531
f 7541 7563 7618
f 7541 7618 7569
f 7563 7587 7748
f 7563 7748 7618
f 7587 7663 7882
f 7587 7882 7748
f 7663 7739 8012
f 7663 8012 7882
f 7739 7819 8095
f 7739 8095 8012
f 7819 7927 8143
f 7819 8143 8095
f 7927 7999 8199
f 7927 8199 8143
f 7999 8051 8302
f 7999 8302 8199
f 8051 8089 8405
f 8051 8405 8302
f 8089 8126 8513
f 8089 8513 8405
f 8126 8147 8549
f 8126 8549 8513
f 8147 8175 8600
f 8147 8600 8549
f 8175 8201 8632
f 8175 8632 8600
f 8201 8230 8682
f 8201 8682 8632
f 8230 8286 8733
f 8230 8733 8682
f 8286 8315 8761
f 8286 8761 8733
f 8315 8345 8801
f 8315 8801 8761
f 8345 8371 8832
f 8345 8832 8801
f 8371 8396 8862
f 8371 8862 8832
f 8396 8417 8878
f 8396 8878 8862
f 8417 8430 8890
f 8417 8890 8878
f 8430 8440 8900
f 8430 8900 8890
f 8900 8892 9371
f 8900 9371 9387
f 8892 8880 9346
f 8892 9346 9371
f 8880 8864 9308
f 8880 9308 9346
f 8864 8834 9273
f 8864 9273 9308
f 8834 8803 9239
f 8834 9239 9273
f 8803 8763 9197
f 8803 9197 9239
f 8763 8735 9167
f 8763 9167 9197
f 8735 8684 9115
f 8735 9115 9167
f 8684 8634 9056
f 8684 9056 9115
f 8634 8602 8991
f 8634 8991 9056
f 8602 8551 8911
f 8602 8911 8991
f 8551 8515 8797
f 8551 8797 8911
f 8515 8407 8700
f 8515 8700 8797
f 8407 8304 8619
f 8407 8619 8700
f 8304 8205 8539
f 8304 8539 8619
f 8205 8145 8442
f 8205 8442 8539
f 8145 8097 8273
f 8145 8273 8442
f 8097 8014 8155
f 8097 8155 8273
f 8014 7888 8067
f 8014 8067 8155
f 7888 7750 7972
f 7888 7972 8067
f 7750 7620 7752
f 7750 7752 7972
f 7620 7571 7595
f 7620 7595 7752
f 7571 7537 7549
f 7571 7549 7595
f 7537 7367 7369
f 7537 7369 7549
f 7367 7191 7183
f 7367 7183 7369
f 7191 7153 7129
f 7191 7129 7183
f 7153 7104 6976
f 7153 6976 7129
f 7104 6974 6752
f 7104 6752 6976
f 6974 6840 6657
f 6974 6657 6752
f 6840 6710 6569
f 6840 6569 6657
f 6710 6627 6451
f 6710 6451 6569
f 6627 6579 6284
f 6627 6284 6451
f 6579 6523 6185
f 6579 6185 6284
f 6523 6420 6105
f 6523 6105 6185
f 6420 6317 6024
f 6420 6024 6105
f 6317 6209 5927
f 6317 5927 6024
f 6209 6173 5813
f 6209 5813 5927
f 6173 6122 5733
f 6173 5733 5813
f 6122 6090 5668
f 6122 5668 5733
f 6090 6040 5609
f 6090 5609 5668
f 6040 5989 5557
f 6040 5557 5609
f 5989 5961 5527
f 5989 5527 5557
f 5961 5921 5485
f 5961 5485 5527
f 5921 5890 5451
f 5921 5451 5485
f 5890 5860 5416
f 5890 5416 5451
f 5860 5844 5378
f 5860 5378 5416
f 5844 5832 5353
f 5844 5353 5378
f 5832 5822 5335
f 5832 5335 5353
f 5822 5830 5351
f 5822 5351 5335
f 5830 5842 5376
f 5830 5376 5351
f 5842 5858 5414
f 5842 5414 5376
f 5858 5888 5449
f 5858 5449 5414
f 5888 5919 5483
f 5888 5483 5449
f 5919 5959 5525
f 5919 5525 5483
f 5959 5987 5555
f 5959 5555 5525
f 5987 6038 5607
f 5987 5607 5555
f 6038 6088 5666
f 6038 5666 5607
f 6088 6120 5731
f 6088 5731 5666
f 6120 6171 5811
f 6120 5811 5731
f 6171 6207 5925
f 6171 5925 5811
f 6207 6315 6022
f 6207 6022 5925
f 6315 6418 6103
f 6315 6103 6022
f 6418 6517 6183
f 6418 6183 6103
f 6517 6577 6280
f 6517 6280 6183
f 6577 6625 6449
f 6577 6449 6280
f 6625 6708 6567
f 6625 6567 6449
f 6708 6834 6655
f 6708 6655 6567
f 6834 6972 6750
f 6834 6750 6655
f 6972 7102 6970
f 6972 6970 6750
f 7102 7151 7127
f 7102 7127 6970
f 7151 7185 7173
f 7151 7173 7127
f 7185 7355 7353
f 7185 7353 7173
f 7355 7531 7539
f 7355 7539 7353
f 7531 7569 7593
f 7531 7593 7539
f 7569 7618 7746
f 7569 7746 7593
f 7618 7748 7970
f 7618 7970 7746
f 7748 7882 8065
f 7748 8065 7970
f 7882 8012 8153
f 7882 8153 8065
f 8012 8095 8271
f 8012 8271 8153
f 8095 8143 8438
f 8095 8438 8271
f 8143 8199 8537
f 8143 8537 8438
f 8199 8302 8617
f 8199 8617 8537
f 8302 8405 8698
f 8302 8698 8617
f 8405 8513 8795
f 8405 8795 8698
f 8513 8549 8909
f 8513 8909 8795
f 8549 8600 8989
f 8549 8989 8909
f 8600 8632 9054
f 8600 9054 8989
f 8632 8682 9113
f 8632 9113 9054
f 8682 8733 9165
f 8682 9165 9113
f 8733 8761 9195
f 8733 9195 9165
f 8761 8801 9237
f 8761 9237 9195
f 8801 8832 9271
f 8801 9271 9237
f 8832 8862 9306
f 8832 9306 9271
f 8862 8878 9344
f 8862 9344 9306
f 8878 8890 9369
f 8878 9369 9344
f 8890 8900 9387
f 8890 9387 9369
f 9387 9371 9831
f 9387 9831 9841
f 9371 9346 9807
f 9371 9807 9831
f 9346 9308 9759
f 9346 9759 9807
f 9308 9273 9726
f 9308 9726 9759
f 9273 9239 9689
f 9273 9689 9726
f 9239 9197 9653
f 9239 9653 9689
f 9197 9167 9569
f 9197 9569 9653
f 9167 9115 9519
f 9167 9519 9569
f 9115 9056 9461
f 9115 9461 9519
f 9056 8991 9348
f 9056 9348 9461
f 8991 8911 9221
f 8991 9221 9348
f 8911 8797 9145
f 8911 9145 9221
f 8797 8700 9036
f 8797 9036 9145
f 8700 8619 8938
f 8700 8938 9036
f 8619 8539 8769
f 8619 8769 8938
f 8539 8442 8639
f 8539 8639 8769
f 8442 8273 8534
f 8442 8534 8639
f 8273 8155 8355
f 8273 8355 8534
f 8155 8067 8184
f 8155 8184 8355
f 8067 7972 8075
f 8067 8075 8184
f 7972 7752 7901
f 7972 7901 8075
f 7752 7595 7679
f 7752 7679 7901
f 7595 7549 7557
f 7595 7557 7679
f 7549 7369 7371
f 7549 7371 7557
f 7369 7183 7167
f 7369 7167 7371
f 7183 7129 7045
f 7183 7045 7167
f 7129 6976 6823
f 7129 6823 7045
f 6976 6752 6649
f 6976 6649 6823
f 6752 6657 6540
f 6752 6540 6649
f 6657 6569 6369
f 6657 6369 6540
f 6569 6451 6190
f 6569 6190 6369
f 6451 6284 6085
f 6451 6085 6190
f 6284 6185 5955
f 6284 5955 6085
f 6185 6105 5786
f 6185 5786 5955
f 6105 6024 5688
f 6105 5688 5786
f 6024 5927 5579
f 6024 5579 5688
f 5927 5813 5503
f 5927 5503 5579
f 5813 5733 5380
f 5813 5380 5503
f 5733 5668 5263
f 5733 5263 5380
f 5668 5609 5205
f 5668 5205 5263
f 5609 5557 5155
f 5609 5155 5205
f 5557 5527 5071
f 5557 5071 5155
f 5527 5485 5035
f 5527 5035 5071
f 5485 5451 4998
f 5485 4998 5035
f 5451 5416 4965
f 5451 4965 4998
f 5416 5378 4917
f 5416 4917 4965
f 5378 5353 4893
f 5378 4893 4917
f 5353 5335 4881
f 5353 4881 4893
f 5335 5351 4891
f 5335 4891 4881
f 5351 5376 4915
f 5351 4915 4891
f 5376 5414 4963
f 5376 4963 4915
f 5414 5449 4996
f 5414 4996 4963
f 5449 5483 5033
f 5449 5033 4996
f 5483 5525 5069
f 5483 5069 5033
f 5525 5555 5153
f 5525 5153 5069
f 5555 5607 5203
f 5555 5203 5153
f 5607 5666 5261
f 5607 5261 5203
f 5666 5731 5374
f 5666 5374 5261
f 5731 5811 5501
f 5731 5501 5374
f 5811 5925 5577
f 5811 5577 5501
f 5925 6022 5686
f 5925 5686 5577
f 6022 6103 5784
f 6022 5784 5686
f 6103 6183 5953
f 6103 5953 5784
f 6183 6280 6083
f 6183 6083 5953
f 6280 6449 6188
f 6280 6188 6083
f 6449 6567 6367
f 6449 6367 6188
f 6567 6655 6538
f 6567 6538 6367
f 6655 6750 6647
f 6655 6647 6538
f 6750 6970 6821
f 6750 6821 6647
f 6970 7127 7043
f 6970 7043 6821
f 7127 7173 7165
f 7127 7165 7043
f 7173 7353 7351
f 7173 7351 7165
f 7353 7539 7555
f 7353 7555 7351
f 7539 7593 7677
f 7539 7677 7555
f 7593 7746 7899
f 7593 7899 7677
f 7746 7970 8073
f 7746 8073 7899
f 7970 8065 8182
f 7970 8182 8073
f 8065 8153 8353
f 8065 8353 8182
f 8153 8271 8532
f 8153 8532 8353
f 8271 8438 8637
f 8271 8637 8532
f 8438 8537 8767
f 8438 8767 8637
f 8537 8617 8936
f 8537 8936 8767
f 8617 8698 9034
f 8617 9034 8936
f 8698 8795 9143
f 8698 9143 9034
f 8795 8909 9219
f 8795 9219 9143
f 8909 8989 9342
f 8909 9342 9219
f 8989 9054 9459
f 8989 9459 9342
f 9054 9113 9517
f 9054 9517 9459
f 9113 9165 9567
f 9113 9567 9517
f 9165 9195 9651
f 9165 9651 9567
f 9195 9237 9687
f 9195 9687 9651
f 9237 9271 9724
f 9237 9724 9687
f 9271 9306 9757
f 9271 9757 9724
f 9306 9344 9805
f 9306 9805 9757
f 9344 9369 9829
f 9344 9829 9805
f 9369 9387 9841
f 9369 9841 9829
f 9841 9831 10293
f 9841 10293 10300
f 9831 9807 10273
f 9831 10273 10293
f 9807 9759 10230
f 9807 10230 10273
f 9759 9726 10192
f 9759 10192 10230
f 9726 9689 10141
f 9726 10141 10192
f 9689 9653 10072
f 9689 10072 10141
f 9653 9569 10002
f 9653 10002 10072
f 9569 9519 9943
f 9569 9943 10002
f 9519 9461 9833
f 9519 9833 9943
f 9461 9348 9699
f 9461 9699 9833
f 9348 9221 9586
f 9348 9586 9699
f 9221 9145 9489
f 9221 9489 9586
f 9145 9036 9334
f 9145 9334 9489
f 9036 8938 9179
f 9036 9179 9334
f 8938 8769 9064
f 8938 9064 9179
f 8769 8639 8902
f 8769 8902 9064
f 8639 8534 8712
f 8639 8712 8902
f 8534 8355 8564
f 8534 8564 8712
f 8355 8184 8364
f 8355 8364 8564
f 8184 8075 8161
f 8184 8161 8364
f 8075 7901 8024
f 8075 8024 8161
f 7901 7679 7759
f 7901 7759 8024
f 7679 7557 7573
f 7679 7573 7759
f 7557 7371 7373
f 7557 7373 7573
f 7371 7167 7155
f 7371 7155 7373
f 7167 7045 6965
f 7167 6965 7155
f 7045 6823 6700
f 7045 6700 6965
f 6823 6649 6563
f 6823 6563 6700
f 6649 6540 6360
f 6649 6360 6563
f 6540 6369 6160
f 6540 6160 6360
f 6369 6190 6012
f 6369 6012 6160
f 6190 6085 5824
f 6190 5824 6012
f 6085 5955 5660
f 6085 5660 5824
f 5955 5786 5545
f 5955 5545 5660
f 5786 5688 5390
f 5786 5390 5545
f 5688 5579 5235
f 5688 5235 5390
f 5579 5503 5138
f 5579 5138 5235
f 5503 5380 5025
f 5503 5025 5138
f 5380 5263 4895
f 5380 4895 5025
f 5263 5205 4781
f 5263 4781 4895
f 5205 5155 4724
f 5205 4724 4781
f 5155 5071 4652
f 5155 4652 4724
f 5071 5035 4583
f 5071 4583 4652
f 5035 4998 4532
f 5035 4532 4583
f 4998 4965 4494
f 4998 4494 4532
f 4965 4917 4451
f 4965 4451 4494
f 4917 4893 4431
f 4917 4431 4451
f 4893 4881 4422
f 4893 4422 4431
f 4881 4891 4429
f 4881 4429 4422
f 4891 4915 4449
f 4891 4449 4429
f 4915 4963 4492
f 4915 4492 4449
f 4963 4996 4530
f 4963 4530 4492
f 4996 5033 4581
f 4996 4581 4530
f 5033 5069 4650
f 5033 4650 4581
f 5069 5153 4722
f 5069 4722 4650
f 5153 5203 4779
f 5153 4779 4722
f 5203 5261 4889
f 5203 4889 4779
f 5261 5374 5023
f 5261 5023 4889
f 5374 5501 5136
f 5374 5136 5023
f 5501 5577 5233
f 5501 5233 5136
f 5577 5686 5388
f 5577 5388 5233
f 5686 5784 5543
f 5686 5543 5388
f 5784 5953 5658
f 5784 5658 5543
f 5953 6083 5820
f 5953 5820 5658
f 6083 6188 6010
f 6083 6010 5820
f 6188 6367 6158
f 6188 6158 6010
f 6367 6538 6358
f 6367 6358 6158
f 6538 6647 6561
f 6538 6561 6358
f 6647 6821 6698
f 6647 6698 6561
f 6821 7043 6963
f 6821 6963 6698
f 7043 7165 7149
f 7043 7149 6963
f 7165 7351 7349
f 7165 7349 7149
f 7351 7555 7567
f 7351 7567 7349
f 7555 7677 7757
f 7555 7757 7567
f 7677 7899 8022
f 7677 8022 7757
f 7899 8073 8159
f 7899 8159 8022
f 8073 8182 8362
f 8073 8362 8159
f 8182 8353 8562
f 8182 8562 8362
f 8353 8532 8710
f 8353 8710 8562
f 8532 8637 8898
f 8532 8898 8710
f 8637 8767 9062
f 8637 9062 8898
f 8767 8936 9177
f 8767 9177 9062
f 8936 9034 9332
f 8936 9332 9177
f 9034 9143 9487
f 9034 9487 9332
f 9143 9219 9584
f 9143 9584 9487
f 9219 9342 9697
f 9219 9697 9584
f 9342 9459 9827
f 9342 9827 9697
f 9459 9517 9941
f 9459 9941 9827
f 9517 9567 10000
f 9517 10000 9941
f 9567 9651 10070
f 9567 10070 10000
f 9651 9687 10139
f 9651 10139 10070
f 9687 9724 10190
f 9687 10190 10139
f 9724 9757 10228
f 9724 10228 10190
f 9757 9805 10271
f 9757 10271 10228
f 9805 9829 10291
f 9805 10291 10271
f 9829 9841 10300
f 9829 10300 10291
f 10300 10293 10797
f 10300 10797 10806
f 10293 10273 10776
f 10293 10776 10797
f 10273 10230 10739
f 10273 10739 10776
f 10230 10192 10661
f 10230 10661 10739
f 10192 10141 10588
f 10192 10588 10661
f 10141 10072 10530
f 10141 10530 10588
f 10072 10002 10440
f 10072 10440 10530
f 10002 9943 10341
f 10002 10341 10440
f 9943 9833 10205
f 9943 10205 10341
f 9833 9699 10081
f 9833 10081 10205
f 9699 9586 9962
f 9699 9962 10081
f 9586 9489 9798
f 9586 9798 9962
f 9489 9334 9649
f 9489 9649 9798
f 9334 9179 9496
f 9334 9496 9649
f 9179 9064 9289
f 9179 9289 9496
f 9064 8902 9130
f 9064 9130 9289
f 8902 8712 8960
f 8902 8960 9130
f 8712 8564 8727
f 8712 8727 8960
f 8564 8364 8547
f 8564 8547 8727
f 8364 8161 8298
f 8364 8298 8547
f 8161 8024 8119
f 8161 8119 8298
f 8024 7759 7840
f 8024 7840 8119
f 7759 7573 7581
f 7759 7581 7840
f 7573 7373 7375
f 7573 7375 7581
f 7373 7155 7143
f 7373 7143 7375
f 7155 6965 6884
f 7155 6884 7143
f 6965 6700 6605
f 6965 6605 6884
f 6700 6563 6426
f 6700 6426 6605
f 6563 6360 6177
f 6563 6177 6426
f 6360 6160 5997
f 6360 5997 6177
f 6160 6012 5764
f 6160 5764 5997
f 6012 5824 5594
f 6012 5594 5764
f 5824 5660 5435
f 5824 5435 5594
f 5660 5545 5228
f 5660 5228 5435
f 5545 5390 5075
f 5545 5075 5228
f 5390 5235 4926
f 5390 4926 5075
f 5235 5138 4762
f 5235 4762 4926
f 5138 5025 4643
f 5138 4643 4762
f 5025 4895 4519
f 5025 4519 4643
f 4895 4781 4383
f 4895 4383 4519
f 4781 4724 4284
f 4781 4284 4383
f 4724 4652 4194
f 4724 4194 4284
f 4652 4583 4136
f 4652 4136 4194
f 4583 4532 4067
f 4583 4067 4136
f 4532 4494 3985
f 4532 3985 4067
f 4494 4451 3948
f 4494 3948 3985
f 4451 4431 3927
f 4451 3927 3948
f 4431 4422 3916
f 4431 3916 3927
f 4422 4429 3925
f 4422 3925 3916
f 4429 4449 3946
f 4429 3946 3925
f 4449 4492 3983
f 4449 3983 3946
f 4492 4530 4065
f 4492 4065 3983
f 4530 4581 4134
f 4530 4134 4065
f 4581 4650 4192
f 4581 4192 4134
f 4650 4722 4282
f 4650 4282 4192
f 4722 4779 4381
f 4722 4381 4282
f 4779 4889 4517
f 4779 4517 4381
f 4889 5023 4641
f 4889 4641 4517
f 5023 5136 4760
f 5023 4760 4641
f 5136 5233 4924
f 5136 4924 4760
f 5233 5388 5073
f 5233 5073 4924
f 5388 5543 5226
f 5388 5226 5073
f 5543 5658 5433
f 5543 5433 5226
f 5658 5820 5592
f 5658 5592 5433
f 5820 6010 5762
f 5820 5762 5592
f 6010 6158 5995
f 6010 5995 5762
f 6158 6358 6175
f 6158 6175 5995
f 6358 6561 6424
f 6358 6424 6175
f 6561 6698 6603
f 6561 6603 6424
f 6698 6963 6882
f 6698 6882 6603
f 6963 7149 7141
f 6963 7141 6882
f 7149 7349 7347
f 7149 7347 7141
f 7349 7567 7579
f 7349 7579 7347
f 7567 7757 7838
f 7567 7838 7579
f 7757 8022 8117
f 7757 8117 7838
f 8022 8159 8296
f 8022 8296 8117
f 8159 8362 8545
f 8159 8545 8296
f 8362 8562 8725
f 8362 8725 8545
f 8562 8710 8958
f 8562 8958 8725
f 8710 8898 9128
f 8710 9128 8958
f 8898 9062 9287
f 8898 9287 9128
f 9062 9177 9494
f 9062 9494 9287
f 9177 9332 9647
f 9177 9647 9494
f 9332 9487 9796
f 9332 9796 9647
f 9487 9584 9960
f 9487 9960 9796
f 9584 9697 10079
f 9584 10079 9960
f 9697 9827 10203
f 9697 10203 10079
f 9827 9941 10339
f 9827 10339 10203
f 9941 10000 10438
f 9941 10438 10339
f 10000 10070 10528
f 10000 10528 10438
f 10070 10139 10586
f 10070 10586 10528
f 10139 10190 10659
f 10139 10659 10586
f 10190 10228 10737
f 10190 10737 10659
f 10228 10271 10774
f 10228 10774 10737
f 10271 10291 10795
f 10271 10795 10774
f 10291 10300 10806
f 10291 10806 10795
f 10806 10797 11336
f 10806 11336 11348
f 10797 10776 11305
f 10797 11305 11336
f 10776 10739 11245
f 10776 11245 11305
f 10739 10661 11173
f 10739 11173 11245
f 10661 10588 11092
f 10661 11092 11173
f 10588 10530 10987
f 10588 10987 11092
f 10530 10440 10897
f 10530 10897 10987
f 10440 10341 10770
f 10440 10770 10897
f 10341 10205 10594
f 10341 10594 10770
f 10205 10081 10471
f 10205 10471 10594
f 10081 9962 10307
f 10081 10307 10471
f 9962 9798 10131
f 9962 10131 10307
f 9798 9649 9969
f 9798 9969 10131
f 9649 9496 9747
f 9649 9747 9969
f 9496 9289 9557
f 9496 9557 9747
f 9289 9130 9389
f 9289 9389 9557
f 9130 8960 9147
f 9130 9147 9389
f 8960 8727 8945
f 8960 8945 9147
f 8727 8547 8665
f 8727 8665 8945
f 8547 8298 8493
f 8547 8493 8665
f 8298 8119 8167
f 8298 8167 8493
f 8119 7840 7983
f 8119 7983 8167
f 7840 7581 7597
f 7840 7597 7983
f 7581 7375 7377
f 7581 7377 7597
f 7375 7143 7131
f 7375 7131 7377
f 7143 6884 6741
f 7143 6741 7131
f 6884 6605 6557
f 6884 6557 6741
f 6605 6426 6231
f 6605 6231 6557
f 6426 6177 6059
f 6426 6059 6231
f 6177 5997 5779
f 6177 5779 6059
f 5997 5764 5581
f 5997 5581 5779
f 5764 5594 5337
f 5764 5337 5581
f 5594 5435 5167
f 5594 5167 5337
f 5435 5228 4977
f 5435 4977 5167
f 5228 5075 4755
f 5228 4755 4977
f 5075 4926 4593
f 5075 4593 4755
f 4926 4762 4417
f 4926 4417 4593
f 4762 4643 4253
f 4762 4253 4417
f 4643 4519 4130
f 4643 4130 4253
f 4519 4383 3954
f 4519 3954 4130
f 4383 4284 3827
f 4383 3827 3954
f 4284 4194 3741
f 4284 3741 3827
f 4194 4136 3632
f 4194 3632 3741
f 4136 4067 3551
f 4136 3551 3632
f 4067 3985 3483
f 4067 3483 3551
f 3985 3948 3423
f 3985 3423 3483
f 3948 3927 3392
f 3948 3392 3423
f 3927 3916 3378
f 3927 3378 3392
f 3916 3925 3390
f 3916 3390 3378
f 3925 3946 3421
f 3925 3421 3390
f 3946 3983 3481
f 3946 3481 3421
f 3983 4065 3549
f 3983 3549 3481
f 4065 4134 3630
f 4065 3630 3549
f 4134 4192 3739
f 4134 3739 3630
f 4192 4282 3825
f 4192 3825 3739
f 4282 4381 3952
f 4282 3952 3825
f 4381 4517 4128
f 4381 4128 3952
f 4517 4641 4251
f 4517 4251 4128
f 4641 4760 4415
f 4641 4415 4251
f 4760 4924 4591
f 4760 4591 4415
f 4924 5073 4753
f 4924 4753 4591
f 5073 5226 4975
f 5073 4975 4753
f 5226 5433 5165
f 5226 5165 4975
f 5433 5592 5333
f 5433 5333 5165
f 5592 5762 5575
f 5592 5575 5333
f 5762 5995 5777
f 5762 5777 5575
f 5995 6175 6057
f 5995 6057 5777
f 6175 6424 6229
f 6175 6229 6057
f 6424 6603 6555
f 6424 6555 6229
f 6603 6882 6739
f 6603 6739 6555
f 6882 7141 7125
f 6882 7125 6739
f 7141 7347 7345
f 7141 7345 7125
f 7347 7579 7591
f 7347 7591 7345
f 7579 7838 7981
f 7579 7981 7591
f 7838 8117 8165
f 7838 8165 7981
f 8117 8296 8491
f 8117 8491 8165
f 8296 8545 8663
f 8296 8663 8491
f 8545 8725 8943
f 8545 8943 8663
f 8725 8958 9141
f 8725 9141 8943
f 8958 9128 9385
f 8958 9385 9141
f 9128 9287 9555
f 9128 9555 9385
f 9287 9494 9745
f 9287 9745 9555
f 9494 9647 9967
f 9494 9967 9745
f 9647 9796 10129
f 9647 10129 9967
f 9796 9960 10305
f 9796 10305 10129
f 9960 10079 10469
f 9960 10469 10305
f 10079 10203 10592
f 10079 10592 10469
f 10203 10339 10768
f 10203 10768 10592
f 10339 10438 10895
f 10339 10895 10768
f 10438 10528 10985
f 10438 10985 10895
f 10528 10586 11090
f 10528 11090 10985
f 10586 10659 11171
f 10586 11171 11090
f 10659 10737 11243
f 10659 11243 11171
f 10737 10774 11303
f 10737 11303 11243
f 10774 10795 11334
f 10774 11334 11303
f 10795 10806 11348
f 10795 11348 11334
f 11348 11336 12043
f 11348 12043 12054
f 11336 11305 11991
f 11336 11991 12043
f 11305 11245 11893
f 11305 11893 11991
f 11245 11173 11799
f 11245 11799 11893
f 11173 11092 11670
f 11173 11670 11799
f 11092 10987 11531
f 11092 11531 11670
f 10987 10897 11389
f 10987 11389 11531
f 10897 10770 11212
f 10897 11212 11389
f 10770 10594 11041
f 10770 11041 11212
f 10594 10471 10872
f 10594 10872 11041
f 10471 10307 10666
f 10471 10666 10872
f 10307 10131 10479
f 10307 10479 10666
f 10131 9969 10263
f 10131 10263 10479
f 9969 9747 10034
f 9969 10034 10263
f 9747 9557 9843
f 9747 9843 10034
f 9557 9389 9581
f 9557 9581 9843
f 9389 9147 9359
f 9389 9359 9581
f 9147 8945 9097
f 9147 9097 9359
f 8945 8665 8828
f 8945 8828 9097
f 8665 8493 8575
f 8665 8575 8828
f 8493 8167 8255
f 8493 8255 8575
f 8167 7983 8030
f 8167 8030 8255
f 7983 7597 7628
f 7983 7628 8030
f 7597 7377 7392
f 7597 7392 7628
f 7377 7131 7098
f 7377 7098 7392
f 7131 6741 6694
f 7131 6694 7098
f 6741 6557 6469
f 6741 6469 6694
f 6557 6231 6149
f 6557 6149 6469
f 6231 6059 5896
f 6231 5896 6149
f 6059 5779 5627
f 6059 5627 5896
f 5779 5581 5365
f 5779 5365 5627
f 5581 5337 5143
f 5581 5143 5365
f 5337 5167 4883
f 5337 4883 5143
f 5167 4977 4690
f 5167 4690 4883
f 4977 4755 4461
f 4977 4461 4690
f 4755 4593 4245
f 4755 4245 4461
f 4593 4417 4062
f 4593 4062 4245
f 4417 4253 3852
f 4417 3852 4062
f 4253 4130 3687
f 4253 3687 3852
f 4130 3954 3512
f 4130 3512 3687
f 3954 3827 3335
f 3954 3335 3512
f 3827 3741 3197
f 3827 3197 3335
f 3741 3632 3066
f 3741 3066 3197
f 3632 3551 2929
f 3632 2929 3066
f 3551 3483 2835
f 3551 2835 2929
f 3483 3423 2743
f 3483 2743 2835
f 3423 3392 2687
f 3423 2687 2743
f 3392 3378 2678
f 3392 2678 2687
f 3378 3390 2685
f 3378 2685 2678
f 3390 3421 2741
f 3390 2741 2685
f 3421 3481 2833
f 3421 2833 2741
f 3481 3549 2927
f 3481 2927 2833
f 3549 3630 3056
f 3549 3056 2927
f 3630 3739 3195
f 3630 3195 3056
f 3739 3825 3333
f 3739 3333 3195
f 3825 3952 3510
f 3825 3510 3333
f 3952 4128 3685
f 3952 3685 3510
f 4128 4251 3850
f 4128 3850 3685
f 4251 4415 4060
f 4251 4060 3850
f 4415 4591 4243
f 4415 4243 4060
f 4591 4753 4459
f 4591 4459 4243
f 4753 4975 4688
f 4753 4688 4459
f 4975 5165 4879
f 4975 4879 4688
f 5165 5333 5141
f 5165 5141 4879
f 5333 5575 5363
f 5333 5363 5141
f 5575 5777 5625
f 5575 5625 5363
f 5777 6057 5894
f 5777 5894 5625
f 6057 6229 6147
f 6057 6147 5894
f 6229 6555 6467
f 6229 6467 6147
f 6555 6739 6692
f 6555 6692 6467
f 6739 7125 7094
f 6739 7094 6692
f 7125 7345 7330
f 7125 7330 7094
f 7345 7591 7624
f 7345 7624 7330
f 7591 7981 8028
f 7591 8028 7624
f 7981 8165 8253
f 7981 8253 8028
f 8165 8491 8573
f 8165 8573 8253
f 8491 8663 8826
f 8491 8826 8573
f 8663 8943 9095
f 8663 9095 8826
f 8943 9141 9357
f 8943 9357 9095
f 9141 9385 9579
f 9141 9579 9357
f 9385 9555 9839
f 9385 9839 9579
f 9555 9745 10032
f 9555 10032 9839
f 9745 9967 10261
f 9745 10261 10032
f 9967 10129 10477
f 9967 10477 10261
f 10129 10305 10664
f 10129 10664 10477
f 10305 10469 10870
f 10305 10870 10664
f 10469 10592 11039
f 10469 11039 10870
f 10592 10768 11210
f 10592 11210 11039
f 10768 10895 11387
f 10768 11387 11210
f 10895 10985 11529
f 10895 11529 11387
f 10985 11090 11660
f 10985 11660 11529
f 11090 11171 11797
f 11090 11797 11660
f 11171 11243 11891
f 11171 11891 11797
f 11243 11303 11989
f 11243 11989 11891
f 11303 11334 12041
f 11303 12041 11989
f 11334 11348 12054
f 11334 12054 12041
f 12054 12043 12626
f 12054 12626 12640
f 12043 11991 12593
f 12043 12593 12626
f 11991 11893 12528
f 11991 12528 12593
f 11893 11799 12436
f 11893 12436 12528
f 11799 11670 12336
f 11799 12336 12436
f 11670 11531 12201
f 11670 12201 12336
f 11531 11389 12034
f 11531 12034 12201
f 11389 11212 11781
f 11389 11781 12034
f 11212 11041 11533
f 11212 11533 11781
f 11041 10872 11310
f 11041 11310 11533
f 10872 10666 11065
f 10872 11065 11310
f 10666 10479 10836
f 10666 10836 11065
f 10479 10263 10569
f 10479 10569 10836
f 10263 10034 10354
f 10263 10354 10569
f 10034 9843 10085
f 10034 10085 10354
f 9843 9581 9845
f 9843 9845 10085
f 9581 9359 9545
f 9581 9545 9845
f 9359 9097 9254
f 9359 9254 9545
f 9097 8828 9007
f 9097 9007 9254
f 8828 8575 8677
f 8828 8677 9007
f 8575 8255 8387
f 8575 8387 8677
f 8255 8030 8083
f 8255 8083 8387
f 8030 7628 7681
f 8030 7681 8083
f 7628 7392 7417
f 7628 7417 7681
f 7392 7098 7047
f 7392 7047 7417
f 7098 6694 6641
f 7098 6641 7047
f 6694 6469 6337
f 6694 6337 6641
f 6469 6149 6047
f 6469 6047 6337
f 6149 5896 5717
f 6149 5717 6047
f 5896 5627 5470
f 5896 5470 5717
f 5627 5365 5179
f 5627 5179 5470
f 5365 5143 4885
f 5365 4885 5179
f 5143 4883 4639
f 5143 4639 4885
f 4883 4690 4370
f 4883 4370 4639
f 4690 4461 4155
f 4690 4155 4370
f 4461 4245 3888
f 4461 3888 4155
f 4245 4062 3659
f 4245 3659 3888
f 4062 3852 3418
f 4062 3418 3659
f 3852 3687 3199
f 3852 3199 3418
f 3687 3512 2949
f 3687 2949 3199
f 3512 3335 2696
f 3512 2696 2949
f 3335 3197 2541
f 3335 2541 2696
f 3197 3066 2402
f 3197 2402 2541
f 3066 2929 2294
f 3066 2294 2402
f 2929 2835 2200
f 2929 2200 2294
f 2835 2743 2135
f 2835 2135 2200
f 2743 2687 2102
f 2743 2102 2135
f 2687 2678 2086
f 2687 2086 2102
f 2678 2685 2100
f 2678 2100 2086
f 2685 2741 2133
f 2685 2133 2100
f 2741 2833 2198
f 2741 2198 2133
f 2833 2927 2292
f 2833 2292 2198
f 2927 3056 2400
f 2927 2400 2292
f 3056 3195 2539
f 3056 2539 2400
f 3195 3333 2694
f 3195 2694 2539
f 3333 3510 2945
f 3333 2945 2694
f 3510 3685 3193
f 3510 3193 2945
f 3685 3850 3416
f 3685 3416 3193
f 3850 4060 3657
f 3850 3657 3416
f 4060 4243 3886
f 4060 3886 3657
f 4243 4459 4153
f 4243 4153 3886
f 4459 4688 4368
f 4459 4368 4153
f 4688 4879 4637
f 4688 4637 4368
f 4879 5141 4877
f 4879 4877 4637
f 5141 5363 5177
f 5141 5177 4877
f 5363 5625 5468
f 5363 5468 5177
f 5625 5894 5715
f 5625 5715 5468
f 5894 6147 6045
f 5894 6045 5715
f 6147 6467 6335
f 6147 6335 6045
f 6467 6692 6639
f 6467 6639 6335
f 6692 7094 7041
f 6692 7041 6639
f 7094 7330 7305
f 7094 7305 7041
f 7330 7624 7675
f 7330 7675 7305
f 7624 8028 8081
f 7624 8081 7675
f 8028 8253 8385
f 8028 8385 8081
f 8253 8573 8675
f 8253 8675 8385
f 8573 8826 9005
f 8573 9005 8675
f 8826 9095 9252
f 8826 9252 9005
f 9095 9357 9543
f 9095 9543 9252
f 9357 9579 9837
f 9357 9837 9543
f 9579 9839 10083
f 9579 10083 9837
f 9839 10032 10352
f 9839 10352 10083
f 10032 10261 10567
f 10032 10567 10352
f 10261 10477 10834
f 10261 10834 10567
f 10477 10664 11063
f 10477 11063 10834
f 10664 10870 11308
f 10664 11308 11063
f 10870 11039 11527
f 10870 11527 11308
f 11039 11210 11777
f 11039 11777 11527
f 11210 11387 12032
f 11210 12032 11777
f 11387 11529 12199
f 11387 12199 12032
f 11529 11660 12334
f 11529 12334 12199
f 11660 11797 12434
f 11660 12434 12334
f 11797 11891 12526
f 11797 12526 12434
f 11891 11989 12591
f 11891 12591 12526
f 11989 12041 12624
f 11989 12624 12591
f 12041 12054 12640
f 12041 12640 12624
f 12640 12626 13065
f 12640 13065 13077
f 12626 12593 13036
f 12626 13036 13065
f 12593 12528 12987
f 12593 12987 13036
f 12528 12436 12931
f 12528 12931 12987
f 12436 12336 12854
f 12436 12854 12931
f 12336 12201 12725
f 12336 12725 12854
f 12201 12034 12555
f 12201 12555 12725
f 12034 11781 12367
f 12034 12367 12555
f 11781 11533 12154
f 11781 12154 12367
f 11533 11310 11821
f 11533 11821 12154
f 11310 11065 11505
f 11310 11505 11821
f 11065 10836 11207
f 11065 11207 11505
f 10836 10569 10933
f 10836 10933 11207
f 10569 10354 10625
f 10569 10625 10933
f 10354 10085 10370
f 10354 10370 10625
f 10085 9845 10057
f 10085 10057 10370
f 9845 9545 9742
f 9845 9742 10057
f 9545 9254 9477
f 9545 9477 9742
f 9254 9007 9149
f 9254 9149 9477
f 9007 8677 8807
f 9007 8807 9149
f 8677 8387 8521
f 8677 8521 8807
f 8387 8083 8135
f 8387 8135 8521
f 8083 7681 7725
f 8083 7725 8135
f 7681 7417 7435
f 7681 7435 7725
f 7417 7047 6999
f 7417 6999 7435
f 7047 6641 6589
f 7047 6589 6999
f 6641 6337 6203
f 6641 6203 6589
f 6337 6047 5917
f 6337 5917 6203
f 6047 5717 5583
f 6047 5583 5917
f 5717 5470 5247
f 5717 5247 5583
f 5470 5179 4984
f 5470 4984 5247
f 5179 4885 4683
f 5179 4683 4984
f 4885 4639 4362
f 4885 4362 4683
f 4639 4370 4103
f 4639 4103 4362
f 4370 4155 3791
f 4370 3791 4103
f 4155 3888 3517
f 4155 3517 3791
f 3888 3659 3223
f 3888 3223 3517
f 3659 3418 2907
f 3659 2907 3223
f 3418 3199 2588
f 3418 2588 2907
f 3199 2949 2367
f 3199 2367 2588
f 2949 2696 2173
f 2949 2173 2367
f 2696 2541 2003
f 2696 2003 2173
f 2541 2402 1874
f 2541 1874 2003
f 2402 2294 1797
f 2402 1797 1874
f 2294 2200 1741
f 2294 1741 1797
f 2200 2135 1692
f 2200 1692 1741
f 2135 2102 1663
f 2135 1663 1692
f 2102 2086 1649
f 2102 1649 1663
f 2086 2100 1661
f 2086 1661 1649
f 2100 2133 1690
f 2100 1690 1661
f 2133 2198 1739
f 2133 1739 1690
f 2198 2292 1795
f 2198 1795 1739
f 2292 2400 1872
f 2292 1872 1795
f 2400 2539 2001
f 2400 2001 1872
f 2539 2694 2171
f 2539 2171 2001
f 2694 2945 2365
f 2694 2365 2171
f 2945 3193 2586
f 2945 2586 2365
f 3193 3416 2905
f 3193 2905 2586
f 3416 3657 3221
f 3416 3221 2905
f 3657 3886 3515
f 3657 3515 3221
f 3886 4153 3789
f 3886 3789 3515
f 4153 4368 4097
f 4153 4097 3789
f 4368 4637 4356
f 4368 4356 4097
f 4637 4877 4665
f 4637 4665 4356
f 4877 5177 4980
f 4877 4980 4665
f 5177 5468 5245
f 5177 5245 4980
f 5468 5715 5573
f 5468 5573 5245
f 5715 6045 5915
f 5715 5915 5573
f 6045 6335 6201
f 6045 6201 5915
f 6335 6639 6587
f 6335 6587 6201
f 6639 7041 6997
f 6639 6997 6587
f 7041 7305 7287
f 7041 7287 6997
f 7305 7675 7723
f 7305 7723 7287
f 7675 8081 8133
f 7675 8133 7723
f 8081 8385 8519
f 8081 8519 8133
f 8385 8675 8805
f 8385 8805 8519
f 8675 9005 9139
f 8675 9139 8805
f 9005 9252 9475
f 9005 9475 9139
f 9252 9543 9738
f 9252 9738 9475
f 9543 9837 10039
f 9543 10039 9738
f 9837 10083 10364
f 9837 10364 10039
f 10083 10352 10619
f 10083 10619 10364
f 10352 10567 10931
f 10352 10931 10619
f 10567 10834 11205
f 10567 11205 10931
f 10834 11063 11503
f 10834 11503 11205
f 11063 11308 11819
f 11063 11819 11503
f 11308 11527 12152
f 11308 12152 11819
f 11527 11777 12365
f 11527 12365 12152
f 11777 12032 12553
f 11777 12553 12365
f 12032 12199 12723
f 12032 12723 12553
f 12199 12334 12852
f 12199 12852 12723
f 12334 12434 12929
f 12334 12929 12852
f 12434 12526 12985
f 12434 12985 12929
f 12526 12591 13034
f 12526 13034 12985
f 12591 12624 13063
f 12591 13063 13034
f 12624 12640 13077
f 12624 13077 13063
f 13077 13065 13421
f 13077 13421 13431
f 13065 13036 13393
f 13065 13393 13421
f 13036 12987 13343
f 13036 13343 13393
f 12987 12931 13284
f 12987 13284 13343
f 12931 12854 13201
f 12931 13201 13284
f 12854 12725 13105
f 12854 13105 13201
f 12725 12555 12979
f 12725 12979 13105
f 12555 12367 12836
f 12555 12836 12979
f 12367 12154 12620
f 12367 12620 12836
f 12154 11821 12362
f 12154 12362 12620
f 11821 11505 12077
f 11821 12077 12362
f 11505 11207 11636
f 11505 11636 12077
f 11207 10933 11297
f 11207 11297 11636
f 10933 10625 10953
f 10933 10953 11297
f 10625 10370 10607
f 10625 10607 10953
f 10370 10057 10303
f 10370 10303 10607
f 10057 9742 9979
f 10057 9979 10303
f 9742 9477 9643
f 9742 9643 9979
f 9477 9149 9269
f 9477 9269 9643
f 9149 8807 8968
f 9149 8968 9269
f 8807 8521 8589
f 8807 8589 8968
f 8521 8135 8171
f 8521 8171 8589
f 8135 7725 7761
f 8135 7761 8171
f 7725 7435 7443
f 7725 7443 7761
f 7435 6999 6967
f 7435 6967 7443
f 6999 6589 6553
f 6999 6553 6967
f 6589 6203 6143
f 6589 6143 6553
f 6203 5917 5756
f 6203 5756 6143
f 5917 5583 5455
f 5917 5455 5756
f 5583 5247 5083
f 5583 5083 5455
f 5247 4984 4745
f 5247 4745 5083
f 4984 4683 4425
f 4984 4425 4745
f 4683 4362 4117
f 4683 4117 4425
f 4362 4103 3771
f 4362 3771 4117
f 4103 3791 3433
f 4103 3433 3771
f 3791 3517 3096
f 3791 3096 3433
f 3517 3223 2665
f 3517 2665 3096
f 3223 2907 2372
f 3223 2372 2665
f 2907 2588 2108
f 2907 2108 2372
f 2588 2367 1892
f 2588 1892 2108
f 2367 2173 1751
f 2367 1751 1892
f 2173 2003 1623
f 2173 1623 1751
f 2003 1874 1527
f 2003 1527 1623
f 1874 1797 1445
f 1874 1445 1527
f 1797 1741 1385
f 1797 1385 1445
f 1741 1692 1335
f 1741 1335 1385
f 1692 1663 1307
f 1692 1307 1335
f 1663 1649 1295
f 1663 1295 1307
f 1649 1661 1305
f 1649 1305 1295
f 1661 1690 1333
f 1661 1333 1305
f 1690 1739 1383
f 1690 1383 1333
f 1739 1795 1442
f 1739 1442 1383
f 1795 1872 1525
f 1795 1525 1442
f 1872 2001 1621
f 1872 1621 1525
f 2001 2171 1747
f 2001 1747 1621
f 2171 2365 1890
f 2171 1890 1747
f 2365 2586 2106
f 2365 2106 1890
f 2586 2905 2370
f 2586 2370 2106
f 2905 3221 2655
f 2905 2655 2370
f 3221 3515 3090
f 3221 3090 2655
f 3515 3789 3429
f 3515 3429 3090
f 3789 4097 3769
f 3789 3769 3429
f 4097 4356 4115
f 4097 4115 3769
f 4356 4665 4419
f 4356 4419 4115
f 4665 4980 4743
f 4665 4743 4419
f 4980 5245 5079
f 4980 5079 4743
f 5245 5573 5453
f 5245 5453 5079
f 5573 5915 5754
f 5573 5754 5453
f 5915 6201 6133
f 5915 6133 5754
f 6201 6587 6551
f 6201 6551 6133
f 6587 6997 6961
f 6587 6961 6551
f 6997 7287 7279
f 6997 7279 6961
f 7287 7723 7755
f 7287 7755 7279
f 7723 8133 8169
f 7723 8169 7755
f 8133 8519 8579
f 8133 8579 8169
f 8519 8805 8966
f 8519 8966 8579
f 8805 9139 9267
f 8805 9267 8966
f 9139 9475 9639
f 9139 9639 9267
f 9475 9738 9977
f 9475 9977 9639
f 9738 10039 10297
f 9738 10297 9977
f 10039 10364 10605
f 10039 10605 10297
f 10364 10619 10951
f 10364 10951 10605
f 10619 10931 11293
f 10619 11293 10951
f 10931 11205 11630
f 10931 11630 11293
f 11205 11503 12067
f 11205 12067 11630
f 11503 11819 12360
f 11503 12360 12067
f 11819 12152 12618
f 11819 12618 12360
f 12152 12365 12834
f 12152 12834 12618
f 12365 12553 12975
f 12365 12975 12834
f 12553 12723 13103
f 12553 13103 12975
f 12723 12852 13199
f 12723 13199 13103
f 12852 12929 13281
f 12852 13281 13199
f 12929 12985 13341
f 12929 13341 13281
f 12985 13034 13391
f 12985 13391 13341
f 13034 13063 13419
f 13034 13419 13391
f 13063 13077 13431
f 13063 13431 13419
f 13431 13421 13589
f 13431 13589 13606
f 13421 13393 13567
f 13421 13567 13589
f 13393 13343 13509
f 13393 13509 13567
f 13343 13284 13449
f 13343 13449 13509
f 13284 13201 13351
f 13284 13351 13449
f 13201 13105 13248
f 13201 13248 13351
f 13105 12979 13138
f 13105 13138 13248
f 12979 12836 12984
f 12979 12984 13138
f 12836 12620 12828
f 12836 12828 12984
f 12620 12362 12563
f 12620 12563 12828
f 12362 12077 12263
f 12362 12263 12563
f 12077 11636 11879
f 12077 11879 12263
f 11636 11297 11462
f 11636 11462 11879
f 11297 10953 11094
f 11297 11094 11462
f 10953 10607 10762
f 10953 10762 11094
f 10607 10303 10420
f 10607 10420 10762
f 10303 9979 10060
f 10303 10060 10420
f 9979 9643 9703
f 9979 9703 10060
f 9643 9269 9391
f 9643 9391 9703
f 9269 8968 9010
f 9269 9010 9391
f 8968 8589 8616
f 8968 8616 9010
f 8589 8171 8190
f 8589 8190 8616
f 8171 7761 7776
f 8171 7776 8190
f 7761 7443 7449
f 7761 7449 7776
f 7443 6967 6948
f 7443 6948 7449
f 6967 6553 6534
f 6967 6534 6948
f 6553 6143 6108
f 6553 6108 6534
f 6143 5756 5714
f 6143 5714 6108
f 5756 5455 5339
f 5756 5339 5714
f 5455 5083 5021
f 5455 5021 5339
f 5083 4745 4664
f 5083 4664 5021
f 4745 4425 4304
f 4745 4304 4664
f 4425 4117 3962
f 4425 3962 4304
f 4117 3771 3634
f 4117 3634 3962
f 3771 3433 3262
f 3771 3262 3634
f 3433 3096 2855
f 3433 2855 3262
f 3096 2665 2475
f 3096 2475 2855
f 2665 2372 2165
f 2665 2165 2475
f 2372 2108 1900
f 2372 1900 2165
f 2108 1892 1744
f 2108 1744 1900
f 1892 1751 1590
f 1892 1590 1744
f 1751 1623 1480
f 1751 1480 1590
f 1623 1527 1377
f 1623 1377 1480
f 1527 1445 1279
f 1527 1279 1377
f 1445 1385 1219
f 1445 1219 1279
f 1385 1335 1161
f 1385 1161 1219
f 1335 1307 1139
f 1335 1139 1161
f 1307 1295 1121
f 1307 1121 1139
f 1295 1305 1138
f 1295 1138 1121
f 1305 1333 1160
f 1305 1160 1138
f 1333 1383 1218
f 1333 1218 1160
f 1383 1442 1278
f 1383 1278 1218
f 1442 1525 1376
f 1442 1376 1278
f 1525 1621 1479
f 1525 1479 1376
f 1621 1747 1589
f 1621 1589 1479
f 1747 1890 1743
f 1747 1743 1589
f 1890 2106 1899
f 1890 1899 1743
f 2106 2370 2164
f 2106 2164 1899
f 2370 2655 2474
f 2370 2474 2164
f 2655 3090 2848
f 2655 2848 2474
f 3090 3429 3261
f 3090 3261 2848
f 3429 3769 3629
f 3429 3629 3261
f 3769 4115 3961
f 3769 3961 3629
f 4115 4419 4303
f 4115 4303 3961
f 4419 4743 4663
f 4419 4663 4303
f 4743 5079 5020
f 4743 5020 4663
f 5079 5453 5332
f 5079 5332 5020
f 5453 5754 5713
f 5453 5713 5332
f 5754 6133 6107
f 5754 6107 5713
f 6133 6551 6533
f 6133 6533 6107
f 6551 6961 6947
f 6551 6947 6533
f 6961 7279 7274
f 6961 7274 6947
f 7279 7755 7775
f 7279 7775 7274
f 7755 8169 8189
f 7755 8189 7775
f 8169 8579 8615
f 8169 8615 8189
f 8579 8966 9009
f 8579 9009 8615
f 8966 9267 9384
f 8966 9384 9009
f 9267 9639 9702
f 9267 9702 9384
f 9639 9977 10059
f 9639 10059 9702
f 9977 10297 10419
f 9977 10419 10059
f 10297 10605 10761
f 10297 10761 10419
f 10605 10951 11089
f 10605 11089 10761
f 10951 11293 11461
f 10951 11461 11089
f 11293 11630 11872
f 11293 11872 11461
f 11630 12067 12262
f 11630 12262 11872
f 12067 12360 12562
f 12067 12562 12262
f 12360 12618 12827
f 12360 12827 12562
f 12618 12834 12983
f 12618 12983 12827
f 12834 12975 13137
f 12834 13137 12983
f 12975 13103 13247
f 12975 13247 13137
f 13103 13199 13350
f 13103 13350 13247
f 13199 13281 13448
f 13199 13448 13350
f 13281 13341 13508
f 13281 13508 13448
f 13341 13391 13566
f 13341 13566 13508
f 13391 13419 13588
f 13391 13588 13566
f 13419 13431 13606
f 13419 13606 13588
f 13606 13589 13751
f 13606 13751 13767
f 13589 13567 13720
f 13589 13720 13751
f 13567 13509 13663
f 13567 13663 13720
f 13509 13449 13607
f 13509 13607 13663
f 13449 13351 13510
f 13449 13510 13607
f 13351 13248 13399
f 13351 13399 13510
f 13248 13138 13267
f 13248 13267 13399
f 13138 12984 13135
f 13138 13135 13267
f 12984 12828 12964
f 12984 12964 13135
f 12828 12563 12770
f 12828 12770 12964
f 12563 12263 12454
f 12563 12454 12770
f 12263 11879 12144
f 12263 12144 12454
f 11879 11462 11644
f 11879 11644 12144
f 11462 11094 11251
f 11462 11251 11644
f 11094 10762 10884
f 11094 10884 11251
f 10762 10420 10524
f 10762 10524 10884
f 10420 10060 10158
f 10420 10158 10524
f 10060 9703 9776
f 10060 9776 10158
f 9703 9391 9451
f 9703 9451 9776
f 9391 9010 9066
f 9391 9066 9451
f 9010 8616 8646
f 9010 8646 9066
f 8616 8190 8218
f 8616 8218 8646
f 8190 7776 7792
f 8190 7792 8218
f 7776 7449 7455
f 7776 7455 7792
f 7449 6948 6934
f 7449 6934 7455
f 6948 6534 6508
f 6948 6508 6934
f 6534 6108 6078
f 6534 6078 6508
f 6108 5714 5662
f 6108 5662 6078
f 5714 5339 5273
f 5714 5273 5662
f 5339 5021 4950
f 5339 4950 5273
f 5021 4664 4566
f 5021 4566 4950
f 4664 4304 4202
f 4664 4202 4566
f 4304 3962 3840
f 4304 3840 4202
f 3962 3634 3479
f 3962 3479 3840
f 3634 3262 3084
f 3634 3084 3479
f 3262 2855 2602
f 3262 2602 3084
f 2855 2475 2274
f 2855 2274 2602
f 2475 2165 1962
f 2475 1962 2274
f 2165 1900 1766
f 2165 1766 1962
f 1900 1744 1595
f 1900 1595 1766
f 1744 1590 1461
f 1744 1461 1595
f 1590 1480 1329
f 1590 1329 1461
f 1480 1377 1220
f 1480 1220 1329
f 1377 1279 1122
f 1377 1122 1220
f 1279 1219 1065
f 1279 1065 1122
f 1219 1161 1008
f 1219 1008 1065
f 1161 1139 977
f 1161 977 1008
f 1139 1121 960
f 1139 960 977
f 1121 1138 976
f 1121 976 960
f 1138 1160 1007
f 1138 1007 976
f 1160 1218 1064
f 1160 1064 1007
f 1218 1278 1120
f 1218 1120 1064
f 1278 1376 1217
f 1278 1217 1120
f 1376 1479 1328
f 1376 1328 1217
f 1479 1589 1460
f 1479 1460 1328
f 1589 1743 1592
f 1589 1592 1460
f 1743 1899 1763
f 1743 1763 1592
f 1899 2164 1957
f 1899 1957 1763
f 2164 2474 2273
f 2164 2273 1957
f 2474 2848 2597
f 2474 2597 2273
f 2848 3261 3083
f 2848 3083 2597
f 3261 3629 3476
f 3261 3476 3083
f 3629 3961 3839
f 3629 3839 3476
f 3961 4303 4199
f 3961 4199 3839
f 4303 4663 4565
f 4303 4565 4199
f 4663 5020 4947
f 4663 4947 4565
f 5020 5332 5272
f 5020 5272 4947
f 5332 5713 5657
f 5332 5657 5272
f 5713 6107 6077
f 5713 6077 5657
f 6107 6533 6505
f 6107 6505 6077
f 6533 6947 6931
f 6533 6931 6505
f 6947 7274 7268
f 6947 7268 6931
f 7274 7775 7789
f 7274 7789 7268
f 7775 8189 8215
f 7775 8215 7789
f 8189 8615 8645
f 8189 8645 8215
f 8615 9009 9061
f 8615 9061 8645
f 9009 9384 9450
f 9009 9450 9061
f 9384 9702 9773
f 9384 9773 9450
f 9702 10059 10157
f 9702 10157 9773
f 10059 10419 10521
f 10059 10521 10157
f 10419 10761 10883
f 10419 10883 10521
f 10761 11089 11248
f 10761 11248 10883
f 11089 11461 11643
f 11089 11643 11248
f 11461 11872 12139
f 11461 12139 11643
f 11872 12262 12453
f 11872 12453 12139
f 12262 12562 12765
f 12262 12765 12453
f 12562 12827 12961
f 12562 12961 12765
f 12827 12983 13132
f 12827 13132 12961
f 12983 13137 13266
f 12983 13266 13132
f 13137 13247 13398
f 13137 13398 13266
f 13247 13350 13507
f 13247 13507 13398
f 13350 13448 13605
f 13350 13605 13507
f 13448 13508 13662
f 13448 13662 13605
f 13508 13566 13719
f 13508 13719 13662
f 13566 13588 13750
f 13566 13750 13719
f 13588 13606 13767
f 13588 13767 13750
f 13767 13751 13894
f 13767 13894 13909
f 13751 13720 13866
f 13751 13866 13894
f 13720 13663 13819
f 13720 13819 13866
f 13663 13607 13756
f 13663 13756 13819
f 13607 13510 13655
f 13607 13655 13756
f 13510 13399 13554
f 13510 13554 13655
f 13399 13267 13410
f 13399 13410 13554
f 13267 13135 13263
f 13267 13263 13410
f 13135 12964 13100
f 13135 13100 13263
f 12964 12770 12914
f 12964 12914 13100
f 12770 12454 12652
f 12770 12652 12914
f 12454 12144 12305
f 12454 12305 12652
f 12144 11644 11860
f 12144 11860 12305
f 11644 11251 11414
f 11644 11414 11860
f 11251 10884 10994
f 11251 10994 11414
f 10884 10524 10599
f 10884 10599 10994
f 10524 10158 10237
f 10524 10237 10599
f 10158 9776 9890
f 10158 9890 10237
f 9776 9451 9506
f 9776 9506 9890
f 9451 9066 9100
f 9451 9100 9506
f 9066 8646 8688
f 9066 8688 9100
f 8646 8218 8244
f 8646 8244 8688
f 8218 7792 7804
f 8218 7804 8244
f 7792 7455 7459
f 7792 7459 7804
f 7455 6934 6920
f 7455 6920 7459
f 6934 6508 6488
f 6934 6488 6920
f 6508 6078 6044
f 6508 6044 6488
f 6078 5662 5624
f 6078 5624 6044
f 5662 5273 5218
f 5662 5218 5624
f 5273 4950 4834
f 5273 4834 5218
f 4950 4566 4487
f 4950 4487 4834
f 4566 4202 4125
f 4566 4125 4487
f 4202 3840 3736
f 4202 3736 4125
f 3840 3479 3312
f 3840 3312 3736
f 3479 3084 2868
f 3479 2868 3312
f 3084 2602 2433
f 3084 2433 2868
f 2602 2274 2080
f 2602 2080 2433
f 2274 1962 1814
f 2274 1814 2080
f 1962 1766 1628
f 1962 1628 1814
f 1766 1595 1465
f 1766 1465 1628
f 1595 1461 1318
f 1595 1318 1465
f 1461 1329 1176
f 1461 1176 1318
f 1329 1220 1073
f 1329 1073 1176
f 1220 1122 973
f 1220 973 1073
f 1122 1065 909
f 1122 909 973
f 1065 1008 862
f 1065 862 909
f 1008 977 834
f 1008 834 862
f 977 960 818
f 977 818 834
f 960 976 833
f 960 833 818
f 976 1007 861
f 976 861 833
f 1007 1064 908
f 1007 908 861
f 1064 1120 971
f 1064 971 908
f 1120 1217 1072
f 1120 1072 971
f 1217 1328 1173
f 1217 1173 1072
f 1328 1460 1317
f 1328 1317 1173
f 1460 1592 1464
f 1460 1464 1317
f 1592 1763 1627
f 1592 1627 1464
f 1763 1957 1813
f 1763 1813 1627
f 1957 2273 2075
f 1957 2075 1813
f 2273 2597 2432
f 2273 2432 2075
f 2597 3083 2867
f 2597 2867 2432
f 3083 3476 3309
f 3083 3309 2867
f 3476 3839 3733
f 3476 3733 3309
f 3839 4199 4124
f 3839 4124 3733
f 4199 4565 4486
f 4199 4486 4124
f 4565 4947 4833
f 4565 4833 4486
f 4947 5272 5217
f 4947 5217 4833
f 5272 5657 5623
f 5272 5623 5217
f 5657 6077 6035
f 5657 6035 5623
f 6077 6505 6479
f 6077 6479 6035
f 6505 6931 6919
f 6505 6919 6479
f 6931 7268 7264
f 6931 7264 6919
f 7268 7789 7803
f 7268 7803 7264
f 7789 8215 8235
f 7789 8235 7803
f 8215 8645 8679
f 8215 8679 8235
f 8645 9061 9099
f 8645 9099 8679
f 9061 9450 9505
f 9061 9505 9099
f 9450 9773 9889
f 9450 9889 9505
f 9773 10157 10236
f 9773 10236 9889
f 10157 10521 10598
f 10157 10598 10236
f 10521 10883 10991
f 10521 10991 10598
f 10883 11248 11411
f 10883 11411 10991
f 11248 11643 11859
f 11248 11859 11411
f 11643 12139 12304
f 11643 12304 11859
f 12139 12453 12647
f 12139 12647 12304
f 12453 12765 12913
f 12453 12913 12647
f 12765 12961 13099
f 12765 13099 12913
f 12961 13132 13262
f 12961 13262 13099
f 13132 13266 13409
f 13132 13409 13262
f 13266 13398 13551
f 13266 13551 13409
f 13398 13507 13654
f 13398 13654 13551
f 13507 13605 13754
f 13507 13754 13654
f 13605 13662 13818
f 13605 13818 13754
f 13662 13719 13865
f 13662 13865 13818
f 13719 13750 13893
f 13719 13893 13865
f 13750 13767 13909
f 13750 13909 13893
f 13909 13894 14041
f 13909 14041 14052
f 13894 13866 14010
f 13894 14010 14041
f 13866 13819 13969
f 13866 13969 14010
f 13819 13756 13886
f 13819 13886 13969
f 13756 13655 13801
f 13756 13801 13886
f 13655 13554 13689
f 13655 13689 13801
f 13554 13410 13558
f 13554 13558 13689
f 13410 13263 13395
f 13410 13395 13558
f 13263 13100 13226
f 13263 13226 13395
f 13100 12914 13030
f 13100 13030 13226
f 12914 12652 12820
f 12914 12820 13030
f 12652 12305 12481
f 12652 12481 12820
f 12305 11860 12106
f 12305 12106 12481
f 11860 11414 11567
f 11860 11567 12106
f 11414 10994 11111
f 11414 11111 11567
f 10994 10599 10742
f 10994 10742 11111
f 10599 10237 10348
f 10599 10348 10742
f 10237 9890 9958
f 10237 9958 10348
f 9890 9506 9542
f 9890 9542 9958
f 9506 9100 9156
f 9506 9156 9542
f 9100 8688 8732
f 9100 8732 9156
f 8688 8244 8290
f 8688 8290 8732
f 8244 7804 7832
f 8244 7832 8290
f 7804 7459 7465
f 7804 7465 7832
f 7459 6920 6892
f 7459 6892 7465
f 6920 6488 6438
f 6920 6438 6892
f 6488 6044 5992
f 6488 5992 6438
f 6044 5624 5570
f 6044 5570 5992
f 5624 5218 5182
f 5624 5182 5570
f 5218 4834 4766
f 5218 4766 5182
f 4834 4487 4376
f 4834 4376 4766
f 4487 4125 3988
f 4487 3988 4376
f 4125 3736 3613
f 4125 3613 3988
f 3736 3312 3163
f 3736 3163 3613
f 3312 2868 2637
f 3312 2637 3163
f 2868 2433 2257
f 2868 2257 2637
f 2433 2080 1910
f 2433 1910 2257
f 2080 1814 1698
f 2080 1698 1910
f 1814 1628 1504
f 1814 1504 1698
f 1628 1465 1337
f 1628 1337 1504
f 1465 1318 1170
f 1465 1170 1337
f 1318 1176 1039
f 1318 1039 1170
f 1176 1073 927
f 1176 927 1039
f 1073 973 844
f 1073 844 927
f 973 909 759
f 973 759 844
f 909 862 718
f 909 718 759
f 862 834 687
f 862 687 718
f 834 818 675
f 834 675 687
f 818 833 686
f 818 686 675
f 833 861 717
f 833 717 686
f 861 908 758
f 861 758 717
f 908 971 841
f 908 841 758
f 971 1072 926
f 971 926 841
f 1072 1173 1038
f 1072 1038 926
f 1173 1317 1169
f 1173 1169 1038
f 1317 1464 1332
f 1317 1332 1169
f 1464 1627 1501
f 1464 1501 1332
f 1627 1813 1697
f 1627 1697 1501
f 1813 2075 1907
f 1813 1907 1697
f 2075 2432 2246
f 2075 2246 1907
f 2432 2867 2631
f 2432 2631 2246
f 2867 3309 3160
f 2867 3160 2631
f 3309 3733 3612
f 3309 3612 3160
f 3733 4124 3981
f 3733 3981 3612
f 4124 4486 4375
f 4124 4375 3981
f 4486 4833 4765
f 4486 4765 4375
f 4833 5217 5181
f 4833 5181 4765
f 5217 5623 5567
f 5217 5567 5181
f 5623 6035 5991
f 5623 5991 5567
f 6035 6479 6433
f 6035 6433 5991
f 6479 6919 6891
f 6479 6891 6433
f 6919 7264 7258
f 6919 7258 6891
f 7264 7803 7831
f 7264 7831 7258
f 7803 8235 8285
f 7803 8285 7831
f 8235 8679 8731
f 8235 8731 8285
f 8679 9099 9153
f 8679 9153 8731
f 9099 9505 9541
f 9099 9541 9153
f 9505 9889 9957
f 9505 9957 9541
f 9889 10236 10347
f 9889 10347 9957
f 10236 10598 10735
f 10236 10735 10347
f 10598 10991 11110
f 10598 11110 10735
f 10991 11411 11564
f 10991 11564 11110
f 11411 11859 12100
f 11411 12100 11564
f 11859 12304 12470
f 11859 12470 12100
f 12304 12647 12817
f 12304 12817 12470
f 12647 12913 13029
f 12647 13029 12817
f 12913 13099 13223
f 12913 13223 13029
f 13099 13262 13390
f 13099 13390 13223
f 13262 13409 13557
f 13262 13557 13390
f 13409 13551 13688
f 13409 13688 13557
f 13551 13654 13800
f 13551 13800 13688
f 13654 13754 13883
f 13654 13883 13800
f 13754 13818 13968
f 13754 13968 13883
f 13818 13865 14009
f 13818 14009 13968
f 13865 13893 14040
f 13865 14040 14009
f 13893 13909 14052
f 13893 14052 14040
f 14052 14041 14171
f 14052 14171 14177
f 14041 14010 14152
f 14041 14152 14171
f 14010 13969 14099
f 14010 14099 14152
f 13969 13886 14013
f 13969 14013 14099
f 13886 13801 13938
f 13886 13938 14013
f 13801 13689 13817
f 13801 13817 13938
f 13689 13558 13676
f 13689 13676 13817
f 13558 13395 13525
f 13558 13525 13676
f 13395 13226 13337
f 13395 13337 13525
f 13226 13030 13147
f 13226 13147 13337
f 13030 12820 12928
f 13030 12928 13147
f 12820 12481 12634
f 12820 12634 12928
f 12481 12106 12251
f 12481 12251 12634
f 12106 11567 11746
f 12106 11746 12251
f 11567 11111 11252
f 11567 11252 11746
f 11111 10742 10831
f 11111 10831 11252
f 10742 10348 10428
f 10742 10428 10831
f 10348 9958 10010
f 10348 10010 10428
f 9958 9542 9610
f 9958 9610 10010
f 9542 9156 9182
f 9542 9182 9610
f 9156 8732 8756
f 9156 8756 9182
f 8732 8290 8314
f 8732 8314 8756
f 8290 7832 7851
f 8290 7851 8314
f 7832 7465 7470
f 7832 7470 7851
f 7465 6892 6877
f 7465 6877 7470
f 6892 6438 6410
f 6892 6410 6877
f 6438 5992 5968
f 6438 5968 6410
f 5992 5570 5542
f 5992 5542 5968
f 5570 5182 5114
f 5570 5114 5542
f 5182 4766 4716
f 5182 4716 5114
f 4766 4376 4296
f 4766 4296 4716
f 4376 3988 3893
f 4376 3893 4296
f 3988 3613 3480
f 3988 3480 3893
f 3613 3163 2982
f 3613 2982 3480
f 3163 2637 2489
f 3163 2489 2982
f 2637 2257 2094
f 2637 2094 2489
f 2257 1910 1802
f 2257 1802 2094
f 1910 1698 1581
f 1910 1581 1802
f 1698 1504 1391
f 1698 1391 1581
f 1504 1337 1203
f 1504 1203 1391
f 1337 1170 1054
f 1337 1054 1203
f 1170 1039 913
f 1170 913 1054
f 1039 927 793
f 1039 793 913
f 927 844 715
f 927 715 793
f 844 759 629
f 844 629 715
f 759 718 576
f 759 576 629
f 718 687 557
f 718 557 576
f 687 675 550
f 687 550 557
f 675 686 556
f 675 556 550
f 686 717 575
f 686 575 556
f 717 758 628
f 717 628 575
f 758 841 714
f 758 714 628
f 841 926 789
f 841 789 714
f 926 1038 910
f 926 910 789
f 1038 1169 1051
f 1038 1051 910
f 1169 1332 1202
f 1169 1202 1051
f 1332 1501 1390
f 1332 1390 1202
f 1501 1697 1580
f 1501 1580 1390
f 1697 1907 1799
f 1697 1799 1580
f 1907 2246 2093
f 1907 2093 1799
f 2246 2631 2486
f 2246 2486 2093
f 2631 3160 2981
f 2631 2981 2486
f 3160 3612 3475
f 3160 3475 2981
f 3612 3981 3892
f 3612 3892 3475
f 3981 4375 4295
f 3981 4295 3892
f 4375 4765 4713
f 4375 4713 4295
f 4765 5181 5113
f 4765 5113 4713
f 5181 5567 5541
f 5181 5541 5113
f 5567 5991 5967
f 5567 5967 5541
f 5991 6433 6409
f 5991 6409 5967
f 6433 6891 6872
f 6433 6872 6409
f 6891 7258 7253
f 6891 7253 6872
f 7258 7831 7846
f 7258 7846 7253
f 7831 8285 8313
f 7831 8313 7846
f 8285 8731 8755
f 8285 8755 8313
f 8731 9153 9181
f 8731 9181 8755
f 9153 9541 9609
f 9153 9609 9181
f 9541 9957 10007
f 9541 10007 9609
f 9957 10347 10427
f 9957 10427 10007
f 10347 10735 10830
f 10347 10830 10427
f 10735 11110 11247
f 10735 11247 10830
f 11110 11564 11745
f 11110 11745 11247
f 11564 12100 12248
f 11564 12248 11745
f 12100 12470 12633
f 12100 12633 12248
f 12470 12817 12925
f 12470 12925 12633
f 12817 13029 13146
f 12817 13146 12925
f 13029 13223 13336
f 13029 13336 13146
f 13223 13390 13524
f 13223 13524 13336
f 13390 13557 13673
f 13390 13673 13524
f 13557 13688 13814
f 13557 13814 13673
f 13688 13800 13934
f 13688 13934 13814
f 13800 13883 14012
f 13800 14012 13934
f 13883 13968 14098
f 13883 14098 14012
f 13968 14009 14151
f 13968 14151 14098
f 14009 14040 14170
f 14009 14170 14151
f 14040 14052 14177
f 14040 14177 14170
f 14177 14171 14303
f 14177 14303 14307
f 14171 14152 14276
f 14171 14276 14303
f 14152 14099 14208
f 14152 14208 14276
f 14099 14013 14149
f 14099 14149 14208
f 14013 13938 14045
f 14013 14045 14149
f 13938 13817 13944
f 13938 13944 14045
f 13817 13676 13799
f 13817 13799 13944
f 13676 13525 13636
f 13676 13636 13799
f 13525 13337 13465
f 13525 13465 13636
f 13337 13147 13249
f 13337 13249 13465
f 13147 12928 13031
f 13147 13031 13249
f 12928 12634 12788
f 12928 12788 13031
f 12634 12251 12395
f 12634 12395 12788
f 12251 11746 11890
f 12251 11890 12395
f 11746 11252 11376
f 11746 11376 11890
f 11252 10831 10930
f 11252 10930 11376
f 10831 10428 10508
f 10831 10508 10930
f 10428 10010 10078
f 10428 10078 10508
f 10010 9610 9666
f 10010 9666 10078
f 9610 9182 9218
f 9610 9218 9666
f 9182 8756 8800
f 9182 8800 9218
f 8756 8314 8344
f 8756 8344 8800
f 8314 7851 7868
f 8314 7868 8344
f 7851 7470 7477
f 7851 7477 7868
f 7470 6877 6866
f 7470 6866 7477
f 6877 6410 6390
f 6877 6390 6866
f 6410 5968 5930
f 6410 5930 6390
f 5968 5542 5506
f 5968 5506 5930
f 5542 5114 5060
f 5542 5060 5506
f 5114 4716 4648
f 5114 4648 5060
f 4716 4296 4218
f 4716 4218 4648
f 4296 3893 3800
f 4296 3800 4218
f 3893 3480 3356
f 3893 3356 3800
f 3480 2982 2842
f 3480 2842 3356
f 2982 2489 2339
f 2982 2339 2842
f 2489 2094 1944
f 2489 1944 2339
f 2094 1802 1699
f 2094 1699 1944
f 1802 1581 1481
f 1802 1481 1699
f 1581 1391 1263
f 1581 1263 1481
f 1391 1203 1092
f 1391 1092 1263
f 1203 1054 929
f 1203 929 1092
f 1054 913 784
f 1054 784 929
f 913 793 683
f 913 683 784
f 793 715 579
f 793 579 683
f 715 629 521
f 715 521 579
f 629 576 452
f 629 452 521
f 576 557 425
f 576 425 452
f 557 550 420
f 557 420 425
f 550 556 424
f 550 424 420
f 556 575 451
f 556 451 424
f 575 628 519
f 575 519 451
f 628 714 578
f 628 578 519
f 714 789 682
f 714 682 578
f 789 910 783
f 789 783 682
f 910 1051 928
f 910 928 783
f 1051 1202 1091
f 1051 1091 928
f 1202 1390 1262
f 1202 1262 1091
f 1390 1580 1478
f 1390 1478 1262
f 1580 1799 1696
f 1580 1696 1478
f 1799 2093 1939
f 1799 1939 1696
f 2093 2486 2338
f 2093 2338 1939
f 2486 2981 2837
f 2486 2837 2338
f 2981 3475 3347
f 2981 3347 2837
f 3475 3892 3793
f 3475 3793 3347
f 3892 4295 4215
f 3892 4215 3793
f 4295 4713 4645
f 4295 4645 4215
f 4713 5113 5057
f 4713 5057 4645
f 5113 5541 5505
f 5113 5505 5057
f 5541 5967 5923
f 5541 5923 5505
f 5967 6409 6379
f 5967 6379 5923
f 6409 6872 6855
f 6409 6855 6379
f 6872 7253 7246
f 6872 7246 6855
f 7253 7846 7857
f 7253 7857 7246
f 7846 8313 8333
f 7846 8333 7857
f 8313 8755 8793
f 8313 8793 8333
f 8755 9181 9217
f 8755 9217 8793
f 9181 9609 9663
f 9181 9663 9217
f 9609 10007 10075
f 9609 10075 9663
f 10007 10427 10505
f 10007 10505 10075
f 10427 10830 10923
f 10427 10923 10505
f 10830 11247 11371
f 10830 11371 10923
f 11247 11745 11885
f 11247 11885 11371
f 11745 12248 12394
f 11745 12394 11885
f 12248 12633 12783
f 12248 12783 12394
f 12633 12925 13028
f 12633 13028 12783
f 12925 13146 13246
f 12925 13246 13028
f 13146 13336 13464
f 13146 13464 13246
f 13336 13524 13635
f 13336 13635 13464
f 13524 13673 13798
f 13524 13798 13635
f 13673 13814 13943
f 13673 13943 13798
f 13814 13934 14044
f 13814 14044 13943
f 13934 14012 14148
f 13934 14148 14044
f 14012 14098 14206
f 14012 14206 14148
f 14098 14151 14275
f 14098 14275 14206
f 14151 14170 14302
f 14151 14302 14275
f 14170 14177 14307
f 14170 14307 14302
f 14307 14303 14411
f 14307 14411 14419
f 14303 14276 14376
f 14303 14376 14411
f 14276 14208 14318
f 14276 14318 14376
f 14208 14149 14247
f 14208 14247 14318
f 14149 14045 14159
f 14149 14159 14247
f 14045 13944 14037
f 14045 14037 14159
f 13944 13799 13897
f 13944 13897 14037
f 13799 13636 13745
f 13799 13745 13897
f 13636 13465 13563
f 13636 13563 13745
f 13465 13249 13339
f 13465 13339 13563
f 13249 13031 13127
f 13249 13127 13339
f 13031 12788 12878
f 13031 12878 13127
f 12788 12395 12512
f 12788 12512 12878
f 12395 11890 12082
f 12395 12082 12512
f 11890 11376 11492
f 11890 11492 12082
f 11376 10930 11004
f 11376 11004 11492
f 10930 10508 10554
f 10930 10554 11004
f 10508 10078 10138
f 10508 10138 10554
f 10078 9666 9704
f 10078 9704 10138
f 9666 9218 9264
f 9666 9264 9704
f 9218 8800 8830
f 9218 8830 9264
f 8800 8344 8380
f 8800 8380 8830
f 8344 7868 7894
f 8344 7894 8380
f 7868 7477 7482
f 7868 7482 7894
f 7477 6866 6832
f 7477 6832 7482
f 6866 6390 6344
f 6866 6344 6832
f 6390 5930 5898
f 6390 5898 6344
f 5930 5506 5464
f 5930 5464 5898
f 5506 5060 5022
f 5506 5022 5464
f 5060 4648 4588
f 5060 4588 5022
f 4648 4218 4170
f 4648 4170 4588
f 4218 3800 3724
f 4218 3724 4170
f 3800 3356 3234
f 3800 3234 3724
f 3356 2842 2654
f 3356 2654 3234
f 2842 2339 2218
f 2842 2218 2654
f 2339 1944 1850
f 2339 1850 2218
f 1944 1699 1603
f 1944 1603 1850
f 1699 1481 1389
f 1699 1389 1603
f 1481 1263 1165
f 1481 1165 1389
f 1263 1092 985
f 1263 985 1165
f 1092 929 831
f 1092 831 985
f 929 784 691
f 929 691 831
f 784 683 569
f 784 569 691
f 683 579 481
f 683 481 569
f 579 521 412
f 579 412 481
f 521 452 352
f 521 352 412
f 452 425 317
f 452 317 352
f 425 420 308
f 425 308 317
f 420 424 316
f 420 316 308
f 424 451 351
f 424 351 316
f 451 519 409
f 451 409 351
f 519 578 480
f 519 480 409
f 578 682 568
f 578 568 480
f 682 783 690
f 682 690 568
f 783 928 830
f 783 830 690
f 928 1091 982
f 928 982 830
f 1091 1262 1164
f 1091 1164 982
f 1262 1478 1388
f 1262 1388 1164
f 1478 1696 1600
f 1478 1600 1388
f 1696 1939 1849
f 1696 1849 1600
f 1939 2338 2215
f 1939 2215 1849
f 2338 2837 2651
f 2338 2651 2215
f 2837 3347 3231
f 2837 3231 2651
f 3347 3793 3723
f 3347 3723 3231
f 3793 4215 4169
f 3793 4169 3723
f 4215 4645 4585
f 4215 4585 4169
f 4645 5057 5019
f 4645 5019 4585
f 5057 5505 5459
f 5057 5459 5019
f 5505 5923 5893
f 5505 5893 5459
f 5923 6379 6343
f 5923 6343 5893
f 6379 6855 6829
f 6379 6829 6343
f 6855 7246 7241
f 6855 7241 6829
f 7246 7857 7891
f 7246 7891 7241
f 7857 8333 8379
f 7857 8379 7891
f 8333 8793 8825
f 8333 8825 8379
f 8793 9217 9259
f 8793 9259 8825
f 9217 9663 9701
f 9217 9701 9259
f 9663 10075 10135
f 9663 10135 9701
f 10075 10505 10553
f 10075 10553 10135
f 10505 10923 11003
f 10505 11003 10553
f 10923 11371 11489
f 10923 11489 11003
f 11371 11885 12079
f 11371 12079 11489
f 11885 12394 12509
f 11885 12509 12079
f 12394 12783 12877
f 12394 12877 12509
f 12783 13028 13124
f 12783 13124 12877
f 13028 13246 13338
f 13028 13338 13124
f 13246 13464 13562
f 13246 13562 13338
f 13464 13635 13742
f 13464 13742 13562
f 13635 13798 13896
f 13635 13896 13742
f 13798 13943 14036
f 13798 14036 13896
f 13943 14044 14158
f 13943 14158 14036
f 14044 14148 14246
f 14044 14246 14158
f 14148 14206 14315
f 14148 14315 14246
f 14206 14275 14375
f 14206 14375 14315
f 14275 14302 14410
f 14275 14410 14375
f 14302 14307 14419
f 14302 14419 14410
f 14419 14411 14498
f 14419 14498 14513
f 14411 14376 14471
f 14411 14471 14498
f 14376 14318 14422
f 14376 14422 14471
f 14318 14247 14341
f 14318 14341 14422
f 14247 14159 14254
f 14247 14254 14341
f 14159 14037 14140
f 14159 14140 14254
f 14037 13897 13992
f 14037 13992 14140
f 13897 13745 13825
f 13897 13825 13992
f 13745 13563 13642
f 13745 13642 13825
f 13563 13339 13435
f 13563 13435 13642
f 13339 13127 13208
f 13339 13208 13435
f 13127 12878 12954
f 13127 12954 13208
f 12878 12512 12622
f 12878 12622 12954
f 12512 12082 12192
f 12512 12192 12622
f 12082 11492 11578
f 12082 11578 12192
f 11492 11004 11082
f 11492 11082 11578
f 11004 10554 10616
f 11004 10616 11082
f 10554 10138 10187
f 10554 10187 10616
f 10138 9704 9736
f 10138 9736 10187
f 9704 9264 9300
f 9704 9300 9736
f 9264 8830 8868
f 9264 8868 9300
f 8830 8380 8409
f 8830 8409 8868
f 8380 7894 7920
f 8380 7920 8409
f 7894 7482 7488
f 7894 7488 7920
f 7482 6832 6808
f 7482 6808 7488
f 6832 6344 6319
f 6832 6319 6808
f 6344 5898 5856
f 6344 5856 6319
f 5898 5464 5424
f 5898 5424 5856
f 5464 5022 4990
f 5464 4990 5424
f 5022 4588 4537
f 5022 4537 4990
f 4588 4170 4112
f 4588 4112 4537
f 4170 3724 3642
f 4170 3642 4112
f 3724 3234 3150
f 3724 3150 3642
f 3234 2654 2552
f 3234 2552 3150
f 2654 2218 2110
f 2654 2110 2552
f 2218 1850 1774
f 2218 1774 2110
f 1850 1603 1522
f 1850 1522 1774
f 1603 1389 1299
f 1603 1299 1522
f 1389 1165 1086
f 1389 1086 1299
f 1165 985 905
f 1165 905 1086
f 985 831 736
f 985 736 905
f 831 691 588
f 831 588 736
f 691 569 478
f 691 478 588
f 569 481 387
f 569 387 478
f 481 412 306
f 481 306 387
f 412 352 257
f 412 257 306
f 352 317 230
f 352 230 257
f 317 308 214
f 317 214 230
f 308 316 229
f 308 229 214
f 316 351 256
f 316 256 229
f 351 409 305
f 351 305 256
f 409 480 386
f 409 386 305
f 480 568 473
f 480 473 386
f 568 690 587
f 568 587 473
f 690 830 735
f 690 735 587
f 830 982 902
f 830 902 735
f 982 1164 1085
f 982 1085 902
f 1164 1388 1292
f 1164 1292 1085
f 1388 1600 1519
f 1388 1519 1292
f 1600 1849 1773
f 1600 1773 1519
f 1849 2215 2105
f 1849 2105 1773
f 2215 2651 2549
f 2215 2549 2105
f 2651 3231 3149
f 2651 3149 2549
f 3231 3723 3641
f 3231 3641 3149
f 3723 4169 4107
f 3723 4107 3641
f 4169 4585 4536
f 4169 4536 4107
f 4585 5019 4987
f 4585 4987 4536
f 5019 5459 5423
f 5019 5423 4987
f 5459 5893 5855
f 5459 5855 5423
f 5893 6343 6314
f 5893 6314 5855
f 6343 6829 6803
f 6343 6803 6314
f 6829 7241 7235
f 6829 7235 6803
f 7241 7891 7915
f 7241 7915 7235
f 7891 8379 8404
f 7891 8404 7915
f 8379 8825 8867
f 8379 8867 8404
f 8825 9259 9299
f 8825 9299 8867
f 9259 9701 9733
f 9259 9733 9299
f 9701 10135 10186
f 9701 10186 9733
f 10135 10553 10611
f 10135 10611 10186
f 10553 11003 11081
f 10553 11081 10611
f 11003 11489 11577
f 11003 11577 11081
f 11489 12079 12189
f 11489 12189 11577
f 12079 12509 12617
f 12079 12617 12189
f 12509 12877 12953
f 12509 12953 12617
f 12877 13124 13205
f 12877 13205 12953
f 13124 13338 13428
f 13124 13428 13205
f 13338 13562 13641
f 13338 13641 13428
f 13562 13742 13822
f 13562 13822 13641
f 13742 13896 13991
f 13742 13991 13822
f 13896 14036 14139
f 13896 14139 13991
f 14036 14158 14249
f 14036 14249 14139
f 14158 14246 14340
f 14158 14340 14249
f 14246 14315 14421
f 14246 14421 14340
f 14315 14375 14470
f 14315 14470 14421
f 14375 14410 14497
f 14375 14497 14470
f 14410 14419 14513
f 14410 14513 14497
f 14513 14498 14589
f 14513 14589 14601
f 14498 14471 14559
f 14498 14559 14589
f 14471 14422 14495
f 14471 14495 14559
f 14422 14341 14428
f 14422 14428 14495
f 14341 14254 14325
f 14341 14325 14428
f 14254 14140 14209
f 14254 14209 14325
f 14140 13992 14069
f 14140 14069 14209
f 13992 13825 13911
f 13992 13911 14069
f 13825 13642 13730
f 13825 13730 13911
f 13642 13435 13511
f 13642 13511 13730
f 13435 13208 13271
f 13435 13271 13511
f 13208 12954 13021
f 13208 13021 13271
f 12954 12622 12710
f 12954 12710 13021
f 12622 12192 12267
f 12622 12267 12710
f 12192 11578 11687
f 12192 11687 12267
f 11578 11082 11146
f 11578 11146 11687
f 11082 10616 10695
f 11082 10695 11146
f 10616 10187 10238
f 10616 10238 10695
f 10187 9736 9788
f 10187 9788 10238
f 9736 9300 9362
f 9736 9362 9788
f 9300 8868 8905
f 9300 8905 9362
f 8868 8409 8448
f 8868 8448 8905
f 8409 7920 7945
f 8409 7945 8448
f 7920 7488 7495
f 7920 7495 7945
f 7488 6808 6779
f 7488 6779 7495
f 6808 6319 6276
f 6808 6276 6779
f 6319 5856 5827
f 6319 5827 6276
f 5856 5424 5368
f 5856 5368 5827
f 5424 4990 4944
f 5424 4944 5368
f 4990 4537 4488
f 4990 4488 4944
f 4537 4112 4035
f 4537 4035 4488
f 4112 3642 3580
f 4112 3580 4035
f 3642 3150 3039
f 3642 3039 3580
f 3150 2552 2471
f 3150 2471 3039
f 2552 2110 2018
f 2552 2018 2471
f 2110 1774 1707
f 2110 1707 2018
f 1774 1522 1459
f 1774 1459 1707
f 1522 1299 1221
f 1522 1221 1459
f 1299 1086 1000
f 1299 1000 1221
f 1086 905 817
f 1086 817 1000
f 905 736 659
f 905 659 817
f 736 588 522
f 736 522 659
f 588 478 403
f 588 403 522
f 478 387 300
f 478 300 403
f 387 306 233
f 387 233 300
f 306 257 169
f 306 169 233
f 257 230 139
f 257 139 169
f 230 214 126
f 230 126 139
f 214 229 138
f 214 138 126
f 229 256 168
f 229 168 138
f 256 305 232
f 256 232 168
f 305 386 299
f 305 299 232
f 386 473 402
f 386 402 299
f 473 587 518
f 473 518 402
f 587 735 658
f 587 658 518
f 735 902 816
f 735 816 658
f 902 1085 997
f 902 997 816
f 1085 1292 1216
f 1085 1216 997
f 1292 1519 1456
f 1292 1456 1216
f 1519 1773 1706
f 1519 1706 1456
f 1773 2105 2017
f 1773 2017 1706
f 2105 2549 2470
f 2105 2470 2017
f 2549 3149 3036
f 2549 3036 2470
f 3149 3641 3577
f 3149 3577 3036
f 3641 4107 4032
f 3641 4032 3577
f 4107 4536 4485
f 4107 4485 4032
f 4536 4987 4935
f 4536 4935 4485
f 4987 5423 5361
f 4987 5361 4935
f 5423 5855 5818
f 5423 5818 5361
f 5855 6314 6275
f 5855 6275 5818
f 6314 6803 6778
f 6314 6778 6275
f 6803 7235 7228
f 6803 7228 6778
f 7235 7915 7944
f 7235 7944 7228
f 7915 8404 8447
f 7915 8447 7944
f 8404 8867 8896
f 8404 8896 8447
f 8867 9299 9355
f 8867 9355 8896
f 9299 9733 9779
f 9299 9779 9355
f 9733 10186 10235
f 9733 10235 9779
f 10186 10611 10692
f 10186 10692 10235
f 10611 11081 11143
f 10611 11143 10692
f 11081 11577 11684
f 11081 11684 11143
f 11577 12189 12266
f 11577 12266 11684
f 12189 12617 12709
f 12189 12709 12266
f 12617 12953 13020
f 12617 13020 12709
f 12953 13205 13268
f 12953 13268 13020
f 13205 13428 13506
f 13205 13506 13268
f 13428 13641 13727
f 13428 13727 13506
f 13641 13822 13910
f 13641 13910 13727
f 13822 13991 14068
f 13822 14068 13910
f 13991 14139 14205
f 13991 14205 14068
f 14139 14249 14324
f 14139 14324 14205
f 14249 14340 14427
f 14249 14427 14324
f 14340 14421 14494
f 14340 14494 14427
f 14421 14470 14558
f 14421 14558 14494
f 14470 14497 14588
f 14470 14588 14558
f 14497 14513 14601
f 14497 14601 14588
f 14601 14589 14651
f 14601 14651 14654
f 14589 14559 14638
f 14589 14638 14651
f 14559 14495 14569
f 14559 14569 14638
f 14495 14428 14492
f 14495 14492 14569
f 14428 14325 14402
f 14428 14402 14492
f 14325 14209 14283
f 14325 14283 14402
f 14209 14069 14146
f 14209 14146 14283
f 14069 13911 13986
f 14069 13986 14146
f 13911 13730 13793
f 13911 13793 13986
f 13730 13511 13579
f 13730 13579 13793
f 13511 13271 13334
f 13511 13334 13579
f 13271 13021 13084
f 13271 13084 13334
f 13021 12710 12796
f 13021 12796 13084
f 12710 12267 12353
f 12710 12353 12796
f 12267 11687 11790
f 12267 11790 12353
f 11687 11146 11216
f 11687 11216 11790
f 11146 10695 10758
f 11146 10758 11216
f 10695 10238 10288
f 10695 10288 10758
f 10238 9788 9854
f 10238 9854 10288
f 9788 9362 9414
f 9788 9414 9854
f 9362 8905 8940
f 9362 8940 9414
f 8905 8448 8478
f 8905 8478 8940
f 8448 7945 7964
f 8448 7964 8478
f 7945 7495 7506
f 7945 7506 7964
f 7495 6779 6760
f 7495 6760 7506
f 6779 6276 6246
f 6779 6246 6760
f 6276 5827 5788
f 6276 5788 6246
f 5827 5368 5312
f 5827 5312 5788
f 5368 4944 4874
f 5368 4874 5312
f 4944 4488 4438
f 4944 4438 4874
f 4488 4035 3966
f 4488 3966 4438
f 4035 3580 3508
f 4035 3508 3966
f 3580 3039 2942
f 3580 2942 3508
f 3039 2471 2389
f 3039 2389 2942
f 2471 2018 1932
f 2471 1932 2389
f 2018 1707 1644
f 2018 1644 1932
f 1707 1459 1398
f 1707 1398 1644
f 1459 1221 1149
f 1459 1149 1398
f 1221 1000 937
f 1221 937 1149
f 1000 817 746
f 1000 746 937
f 817 659 582
f 817 582 746
f 659 522 447
f 659 447 582
f 522 403 328
f 522 328 447
f 403 300 236
f 403 236 328
f 300 233 159
f 300 159 236
f 233 169 91
f 233 91 159
f 169 139 77
f 169 77 91
f 139 126 73
f 139 73 77
f 126 138 76
f 126 76 73
f 138 168 89
f 138 89 76
f 168 232 158
f 168 158 89
f 232 299 235
f 232 235 158
f 299 402 325
f 299 325 235
f 402 518 444
f 402 444 325
f 518 658 581
f 518 581 444
f 658 816 741
f 658 741 581
f 816 997 934
f 816 934 741
f 997 1216 1148
f 997 1148 934
f 1216 1456 1393
f 1216 1393 1148
f 1456 1706 1643
f 1456 1643 1393
f 1706 2017 1931
f 1706 1931 1643
f 2017 2470 2380
f 2017 2380 1931
f 2470 3036 2937
f 2470 2937 2380
f 3036 3577 3507
f 3036 3507 2937
f 3577 4032 3965
f 3577 3965 3507
f 4032 4485 4435
f 4032 4435 3965
f 4485 4935 4869
f 4485 4869 4435
f 4935 5361 5309
f 4935 5309 4869
f 5361 5818 5783
f 5361 5783 5309
f 5818 6275 6245
f 5818 6245 5783
f 6275 6778 6759
f 6275 6759 6245
f 6778 7228 7217
f 6778 7217 6759
f 7228 7944 7963
f 7228 7963 7217
f 7944 8447 8477
f 7944 8477 7963
f 8447 8896 8935
f 8447 8935 8477
f 8896 9355 9411
f 8896 9411 8935
f 9355 9779 9849
f 9355 9849 9411
f 9779 10235 10285
f 9779 10285 9849
f 10235 10692 10757
f 10235 10757 10285
f 10692 11143 11215
f 10692 11215 10757
f 11143 11684 11785
f 11143 11785 11215
f 11684 12266 12348
f 11684 12348 11785
f 12266 12709 12795
f 12266 12795 12348
f 12709 13020 13083
f 12709 13083 12795
f 13020 13268 13329
f 13020 13329 13083
f 13268 13506 13578
f 13268 13578 13329
f 13506 13727 13790
f 13506 13790 13578
f 13727 13910 13981
f 13727 13981 13790
f 13910 14068 14145
f 13910 14145 13981
f 14068 14205 14280
f 14068 14280 14145
f 14205 14324 14399
f 14205 14399 14280
f 14324 14427 14491
f 14324 14491 14399
f 14427 14494 14568
f 14427 14568 14491
f 14494 14558 14636
f 14494 14636 14568
f 14558 14588 14650
f 14558 14650 14636
f 14588 14601 14654
f 14588 14654 14650
f 14654 14651 14681
f 14654 14681 14685
f 14651 14638 14662
f 14651 14662 14681
f 14638 14569 14639
f 14638 14639 14662
f 14569 14492 14555
f 14569 14555 14639
f 14492 14402 14454
f 14492 14454 14555
f 14402 14283 14327
f 14402 14327 14454
f 14283 14146 14188
f 14283 14188 14327
f 14146 13986 14019
f 14146 14019 14188
f 13986 13793 13837
f 13986 13837 14019
f 13793 13579 13621
f 13793 13621 13837
f 13579 13334 13379
f 13579 13379 13621
f 13334 13084 13131
f 13334 13131 13379
f 13084 12796 12842
f 13084 12842 13131
f 12796 12353 12410
f 12796 12410 12842
f 12353 11790 11857
f 12353 11857 12410
f 11790 11216 11286
f 11790 11286 11857
f 11216 10758 10792
f 11216 10792 11286
f 10758 10288 10332
f 10758 10332 10792
f 10288 9854 9882
f 10288 9882 10332
f 9854 9414 9426
f 9854 9426 9882
f 9414 8940 8952
f 9414 8952 9426
f 8940 8478 8486
f 8940 8486 8952
f 8478 7964 7974
f 8478 7974 8486
f 7964 7506 7509
f 7964 7509 7974
f 7506 6760 6754
f 7506 6754 7509
f 6760 6246 6240
f 6760 6240 6754
f 6246 5788 5772
f 6246 5772 6240
f 5788 5312 5298
f 5788 5298 5772
f 5312 4874 4844
f 5312 4844 5298
f 4874 4438 4392
f 4874 4392 4844
f 4438 3966 3934
f 4438 3934 4392
f 3966 3508 3442
f 3966 3442 3934
f 3508 2942 2871
f 3508 2871 3442
f 2942 2389 2326
f 2942 2326 2871
f 2389 1932 1886
f 2389 1886 2326
f 1932 1644 1599
f 1932 1599 1886
f 1644 1398 1351
f 1644 1351 1599
f 1398 1149 1111
f 1398 1111 1351
f 1149 937 895
f 1149 895 1111
f 937 746 711
f 937 711 895
f 746 582 540
f 746 540 711
f 582 447 401
f 582 401 540
f 447 328 276
f 447 276 401
f 328 236 176
f 328 176 276
f 236 159 92
f 236 92 176
f 159 91 66
f 159 66 92
f 91 77 47
f 91 47 66
f 77 73 42
f 77 42 47
f 73 76 46
f 73 46 42
f 76 89 65
f 76 65 46
f 89 158 88
f 89 88 65
f 158 235 172
f 158 172 88
f 235 325 273
f 235 273 172
f 325 444 400
f 325 400 273
f 444 581 539
f 444 539 400
f 581 741 708
f 581 708 539
f 741 934 890
f 741 890 708
f 934 1148 1106
f 934 1106 890
f 1148 1393 1348
f 1148 1348 1106
f 1393 1643 1596
f 1393 1596 1348
f 1643 1931 1885
f 1643 1885 1596
f 1931 2380 2323
f 1931 2323 1885
f 2380 2937 2870
f 2380 2870 2323
f 2937 3507 3441
f 2937 3441 2870
f 3507 3965 3931
f 3507 3931 3441
f 3965 4435 4391
f 3965 4391 3931
f 4435 4869 4841
f 4435 4841 4391
f 4869 5309 5297
f 4869 5297 4841
f 5309 5783 5771
f 5309 5771 5297
f 5783 6245 6237
f 5783 6237 5771
f 6245 6759 6749
f 6245 6749 6237
f 6759 7217 7214
f 6759 7214 6749
f 7217 7963 7969
f 7217 7969 7214
f 7963 8477 8483
f 7963 8483 7969
f 8477 8935 8951
f 8477 8951 8483
f 8935 9411 9425
f 8935 9425 8951
f 9411 9849 9879
f 9411 9879 9425
f 9849 10285 10331
f 9849 10331 9879
f 10285 10757 10789
f 10285 10789 10331
f 10757 11215 11285
f 10757 11285 10789
f 11215 11785 11856
f 11215 11856 11285
f 11785 12348 12407
f 11785 12407 11856
f 12348 12795 12841
f 12348 12841 12407
f 12795 13083 13128
f 12795 13128 12841
f 13083 13329 13376
f 13083 13376 13128
f 13329 13578 13616
f 13329 13616 13376
f 13578 13790 13832
f 13578 13832 13616
f 13790 13981 14016
f 13790 14016 13832
f 13981 14145 14187
f 13981 14187 14016
f 14145 14280 14326
f 14145 14326 14187
f 14280 14399 14451
f 14280 14451 14326
f 14399 14491 14551
f 14399 14551 14451
f 14491 14568 14635
f 14491 14635 14551
f 14568 14636 14661
f 14568 14661 14635
f 14636 14650 14680
f 14636 14680 14661
f 14650 14654 14685
f 14650 14685 14680
f 14685 14681 14704
f 14685 14704 14707
f 14681 14662 14684
f 14681 14684 14704
f 14662 14639 14653
f 14662 14653 14684
f 14639 14555 14594
f 14639 14594 14653
f 14555 14454 14488
f 14555 14488 14594
f 14454 14327 14373
f 14454 14373 14488
f 14327 14188 14224
f 14327 14224 14373
f 14188 14019 14059
f 14188 14059 14224
f 14019 13837 13870
f 14019 13870 14059
f 13837 13621 13657
f 13837 13657 13870
f 13621 13379 13414
f 13621 13414 13657
f 13379 13131 13161
f 13379 13161 13414
f 13131 12842 12876
f 13131 12876 13161
f 12842 12410 12447
f 12842 12447 12876
f 12410 11857 11902
f 12410 11902 12447
f 11857 11286 11314
f 11857 11314 11902
f 11286 10792 10818
f 11286 10818 11314
f 10792 10332 10350
f 10792 10350 10818
f 10332 9882 9896
f 10332 9896 10350
f 9882 9426 9435
f 9882 9435 9896
f 9426 8952 8964
f 9426 8964 9435
f 8952 8486 8497
f 8952 8497 8964
f 8486 7974 7978
f 8486 7978 8497
f 7974 7509 7511
f 7974 7511 7978
f 7509 6754 6748
f 7509 6748 7511
f 6754 6240 6227
f 6754 6227 6748
f 6240 5772 5760
f 6240 5760 6227
f 5772 5298 5289
f 5772 5289 5760
f 5298 4844 4828
f 5298 4828 5289
f 4844 4392 4374
f 4844 4374 4828
f 4392 3934 3908
f 4392 3908 4374
f 3934 3442 3414
f 3934 3414 3908
f 3442 2871 2830
f 3442 2830 3414
f 2871 2326 2285
f 2871 2285 2830
f 2326 1886 1852
f 2326 1852 2285
f 1886 1599 1569
f 1886 1569 1852
f 1599 1351 1316
f 1599 1316 1569
f 1351 1111 1075
f 1351 1075 1316
f 1111 895 860
f 1111 860 1075
f 895 711 669
f 895 669 860
f 711 540 504
f 711 504 669
f 540 401 357
f 540 357 504
f 401 276 241
f 401 241 357
f 276 176 136
f 276 136 241
f 176 92 75
f 176 75 136
f 92 66 45
f 92 45 75
f 66 47 24
f 66 24 45
f 47 42 20
f 47 20 24
f 42 46 23
f 42 23 20
f 46 65 43
f 46 43 23
f 65 88 74
f 65 74 43
f 88 172 133
f 88 133 74
f 172 273 239
f 172 239 133
f 273 400 354
f 273 354 239
f 400 539 503
f 400 503 354
f 539 708 668
f 539 668 503
f 708 890 857
f 708 857 668
f 890 1106 1070
f 890 1070 857
f 1106 1348 1313
f 1106 1313 1070
f 1348 1596 1566
f 1348 1566 1313
f 1596 1885 1851
f 1596 1851 1566
f 1885 2323 2282
f 1885 2282 1851
f 2323 2870 2829
f 2323 2829 2282
f 2870 3441 3413
f 2870 3413 2829
f 3441 3931 3905
f 3441 3905 3413
f 3931 4391 4373
f 3931 4373 3905
f 4391 4841 4827
f 4391 4827 4373
f 4841 5297 5288
f 4841 5288 4827
f 5297 5771 5759
f 5297 5759 5288
f 5771 6237 6226
f 5771 6226 5759
f 6237 6749 6745
f 6237 6745 6226
f 6749 7214 7212
f 6749 7212 6745
f 7214 7969 7975
f 7214 7975 7212
f 7969 8483 8496
f 7969 8496 7975
f 8483 8951 8963
f 8483 8963 8496
f 8951 9425 9434
f 8951 9434 8963
f 9425 9879 9895
f 9425 9895 9434
f 9879 10331 10349
f 9879 10349 9895
f 10331 10789 10815
f 10331 10815 10349
f 10789 11285 11313
f 10789 11313 10815
f 11285 11856 11901
f 11285 11901 11313
f 11856 12407 12444
f 11856 12444 11901
f 12407 12841 12875
f 12407 12875 12444
f 12841 13128 13158
f 12841 13158 12875
f 13128 13376 13411
f 13128 13411 13158
f 13376 13616 13652
f 13376 13652 13411
f 13616 13832 13867
f 13616 13867 13652
f 13832 14016 14058
f 13832 14058 13867
f 14016 14187 14223
f 14016 14223 14058
f 14187 14326 14370
f 14187 14370 14223
f 14326 14451 14486
f 14326 14486 14370
f 14451 14551 14591
f 14451 14591 14486
f 14551 14635 14652
f 14551 14652 14591
f 14635 14661 14682
f 14635 14682 14652
f 14661 14680 14703
f 14661 14703 14682
f 14680 14685 14707
f 14680 14707 14703
f 14707 14704 14712
f 14707 14712 14722
f 14704 14684 14693
f 14704 14693 14712
f 14684 14653 14667
f 14684 14667 14693
f 14653 14594 14614
f 14653 14614 14667
f 14594 14488 14514
f 14594 14514 14614
f 14488 14373 14392
f 14488 14392 14514
f 14373 14224 14255
f 14373 14255 14392
f 14224 14059 14085
f 14224 14085 14255
f 14059 13870 13892
f 14059 13892 14085
f 13870 13657 13679
f 13870 13679 13892
f 13657 13414 13440
f 13657 13440 13679
f 13414 13161 13174
f 13414 13174 13440
f 13161 12876 12895
f 13161 12895 13174
f 12876 12447 12489
f 12876 12489 12895
f 12447 11902 11944
f 12447 11944 12489
f 11902 11314 11340
f 11902 11340 11944
f 11314 10818 10832
f 11314 10832 11340
f 10818 10350 10374
f 10818 10374 10832
f 10350 9896 9912
f 10350 9912 10374
f 9896 9435 9442
f 9896 9442 9912
f 9435 8964 8977
f 9435 8977 9442
f 8964 8497 8502
f 8964 8502 8977
f 8497 7978 7992
f 8497 7992 8502
f 7978 7511 7514
f 7978 7514 7992
f 7511 6748 6732
f 7511 6732 7514
f 6748 6227 6224
f 6748 6224 6732
f 6227 5760 5747
f 6227 5747 6224
f 5760 5289 5282
f 5760 5282 5747
f 5289 4828 4812
f 5289 4812 5282
f 4828 4374 4354
f 4828 4354 4812
f 4374 3908 3894
f 4374 3894 4354
f 3908 3414 3388
f 3908 3388 3894
f 3414 2830 2792
f 3414 2792 3388
f 2830 2285 2241
f 2830 2241 2792
f 2285 1852 1835
f 2285 1835 2241
f 1852 1569 1554
f 1852 1554 1835
f 1569 1316 1290
f 1569 1290 1554
f 1316 1075 1049
f 1316 1049 1290
f 1075 860 838
f 1075 838 1049
f 860 669 643
f 860 643 838
f 669 504 479
f 669 479 643
f 504 357 336
f 504 336 479
f 357 241 215
f 357 215 336
f 241 136 114
f 241 114 215
f 136 75 61
f 136 61 114
f 75 45 35
f 75 35 61
f 45 24 16
f 45 16 35
f 24 20 5
f 24 5 16
f 20 23 15
f 20 15 5
f 23 43 34
f 23 34 15
f 43 74 60
f 43 60 34
f 74 133 113
f 74 113 60
f 133 239 213
f 133 213 113
f 239 354 335
f 239 335 213
f 354 503 472
f 354 472 335
f 503 668 642
f 503 642 472
f 668 857 835
f 668 835 642
f 857 1070 1048
f 857 1048 835
f 1070 1313 1287
f 1070 1287 1048
f 1313 1566 1553
f 1313 1553 1287
f 1566 1851 1832
f 1566 1832 1553
f 1851 2282 2238
f 1851 2238 1832
f 2282 2829 2787
f 2282 2787 2238
f 2829 3413 3387
f 2829 3387 2787
f 3413 3905 3891
f 3413 3891 3387
f 3905 4373 4353
f 3905 4353 3891
f 4373 4827 4811
f 4373 4811 4353
f 4827 5288 5281
f 4827 5281 4811
f 5288 5759 5746
f 5288 5746 5281
f 5759 6226 6221
f 5759 6221 5746
f 6226 6745 6731
f 6226 6731 6221
f 6745 7212 7209
f 6745 7209 6731
f 7212 7975 7991
f 7212 7991 7209
f 7975 8496 8499
f 7975 8499 7991
f 8496 8963 8976
f 8496 8976 8499
f 8963 9434 9441
f 8963 9441 8976
f 9434 9895 9911
f 9434 9911 9441
f 9895 10349 10373
f 9895 10373 9911
f 10349 10815 10829
f 10349 10829 10373
f 10815 11313 11339
f 10815 11339 10829
f 11313 11901 11939
f 11313 11939 11339
f 11901 12444 12486
f 11901 12486 11939
f 12444 12875 12892
f 12444 12892 12486
f 12875 13158 13173
f 12875 13173 12892
f 13158 13411 13437
f 13158 13437 13173
f 13411 13652 13678
f 13411 13678 13437
f 13652 13867 13889
f 13652 13889 13678
f 13867 14058 14084
f 13867 14084 13889
f 14058 14223 14248
f 14058 14248 14084
f 14223 14370 14391
f 14223 14391 14248
f 14370 14486 14512
f 14370 14512 14391
f 14486 14591 14613
f 14486 14613 14512
f 14591 14652 14666
f 14591 14666 14613
f 14652 14682 14692
f 14652 14692 14666
f 14682 14703 14711
f 14682 14711 14692
f 14703 14707 14722
f 14703 14722 14711
f 14722 14712 14719
f 14722 14719 14724
f 14712 14693 14700
f 14712 14700 14719
f 14693 14667 14673
f 14693 14673 14700
f 14667 14614 14629
f 14667 14629 14673
f 14614 14514 14527
f 14614 14527 14629
f 14514 14392 14406
f 14514 14406 14527
f 14392 14255 14267
f 14392 14267 14406
f 14255 14085 14101
f 14255 14101 14267
f 14085 13892 13902
f 14085 13902 14101
f 13892 13679 13691
f 13892 13691 13902
f 13679 13440 13456
f 13679 13456 13691
f 13440 13174 13184
f 13440 13184 13456
f 13174 12895 12905
f 13174 12905 13184
f 12895 12489 12496
f 12895 12496 12905
f 12489 11944 11969
f 12489 11969 12496
f 11944 11340 11350
f 11944 11350 11969
f 11340 10832 10842
f 11340 10842 11350
f 10832 10374 10384
f 10832 10384 10842
f 10374 9912 9920
f 10374 9920 10384
f 9912 9442 9452
f 9912 9452 9920
f 9442 8977 8982
f 9442 8982 9452
f 8977 8502 8508
f 8977 8508 8982
f 8502 7992 7994
f 8502 7994 8508
f 7992 7514 7516
f 7992 7516 7994
f 7514 6732 6734
f 7514 6734 7516
f 6732 6224 6218
f 6732 6218 6734
f 6224 5747 5742
f 6224 5742 6218
f 5747 5282 5274
f 5747 5274 5742
f 5282 4812 4808
f 5282 4808 5274
f 4812 4354 4346
f 4812 4346 4808
f 4354 3894 3882
f 4354 3882 4346
f 3894 3388 3380
f 3894 3380 3882
f 3388 2792 2763
f 3388 2763 3380
f 2792 2241 2232
f 2792 2232 2763
f 2241 1835 1827
f 2241 1827 2232
f 1835 1554 1544
f 1835 1544 1827
f 1554 1290 1272
f 1554 1272 1544
f 1290 1049 1041
f 1290 1041 1272
f 1049 838 826
f 1049 826 1041
f 838 643 631
f 838 631 826
f 643 479 461
f 643 461 631
f 479 336 322
f 479 322 461
f 336 215 201
f 336 201 322
f 215 114 99
f 215 99 201
f 114 61 55
f 114 55 99
f 61 35 28
f 61 28 55
f 35 16 9
f 35 9 28
f 16 5 1
f 16 1 9
f 5 15 6
f 5 6 1
f 15 34 25
f 15 25 6
f 34 60 52
f 34 52 25
f 60 113 96
f 60 96 52
f 113 213 198
f 113 198 96
f 213 335 319
f 213 319 198
f 335 472 458
f 335 458 319
f 472 642 624
f 472 624 458
f 642 835 823
f 642 823 624
f 835 1048 1034
f 835 1034 823
f 1048 1287 1269
f 1048 1269 1034
f 1287 1553 1541
f 1287 1541 1269
f 1553 1832 1820
f 1553 1820 1541
f 1832 2238 2229
f 1832 2229 1820
f 2238 2787 2760
f 2238 2760 2229
f 2787 3387 3375
f 2787 3375 2760
f 3387 3891 3879
f 3387 3879 3375
f 3891 4353 4341
f 3891 4341 3879
f 4353 4811 4801
f 4353 4801 4341
f 4811 5281 5269
f 4811 5269 4801
f 5281 5746 5739
f 5281 5739 5269
f 5746 6221 6213
f 5746 6213 5739
f 6221 6731 6727
f 6221 6727 6213
f 6731 7209 7205
f 6731 7205 6727
f 7209 7991 7987
f 7209 7987 7205
f 7991 8499 8503
f 7991 8503 7987
f 8499 8976 8979
f 8499 8979 8503
f 8976 9441 9447
f 8976 9447 8979
f 9441 9911 9913
f 9441 9913 9447
f 9911 10373 10379
f 9911 10379 9913
f 10373 10829 10839
f 10373 10839 10379
f 10829 11339 11345
f 10829 11345 10839
f 11339 11939 11966
f 11339 11966 11345
f 11939 12486 12493
f 11939 12493 11966
f 12486 12892 12898
f 12486 12898 12493
f 12892 13173 13181
f 12892 13181 12898
f 13173 13437 13453
f 13173 13453 13181
f 13437 13678 13684
f 13437 13684 13453
f 13678 13889 13899
f 13678 13899 13684
f 13889 14084 14094
f 13889 14094 13899
f 14084 14248 14264
f 14084 14264 14094
f 14248 14391 14403
f 14248 14403 14264
f 14391 14512 14524
f 14391 14524 14403
f 14512 14613 14626
f 14512 14626 14524
f 14613 14666 14670
f 14613 14670 14626
f 14666 14692 14697
f 14666 14697 14670
f 14692 14711 14716
f 14692 14716 14697
f 14711 14722 14724
f 14711 14724 14716
f 14724 14719 14720
f 14724 14720 14725
f 14719 14700 14701
f 14719 14701 14720
f 14700 14673 14674
f 14700 14674 14701
f 14673 14629 14630
f 14673 14630 14674
f 14629 14527 14528
f 14629 14528 14630
f 14527 14406 14407
f 14527 14407 14528
f 14406 14267 14268
f 14406 14268 14407
f 14267 14101 14102
f 14267 14102 14268
f 14101 13902 13903
f 14101 13903 14102
f 13902 13691 13692
f 13902 13692 13903
f 13691 13456 13457
f 13691 13457 13692
f 13456 13184 13185
f 13456 13185 13457
f 13184 12905 12906
f 13184 12906 13185
f 12905 12496 12497
f 12905 12497 12906
f 12496 11969 11970
f 12496 11970 12497
f 11969 11350 11351
f 11969 11351 11970
f 11350 10842 10843
f 11350 10843 11351
f 10842 10384 10385
f 10842 10385 10843
f 10384 9920 9921
f 10384 9921 10385
f 9920 9452 9453
f 9920 9453 9921
f 9452 8982 8983
f 9452 8983 9453
f 8982 8508 8509
f 8982 8509 8983
f 8508 7994 7995
f 8508 7995 8509
f 7994 7516 7517
f 7994 7517 7995
f 7516 6734 6735
f 7516 6735 7517
f 6734 6218 6219
f 6734 6219 6735
f 6218 5742 5743
f 6218 5743 6219
f 5742 5274 5275
f 5742 5275 5743
f 5274 4808 4809
f 5274 4809 5275
f 4808 4346 4347
f 4808 4347 4809
f 4346 3882 3883
f 4346 3883 4347
f 3882 3380 3381
f 3882 3381 3883
f 3380 2763 2764
f 3380 2764 3381
f 2763 2232 2233
f 2763 2233 2764
f 2232 1827 1828
f 2232 1828 2233
f 1827 1544 1545
f 1827 1545 1828
f 1544 1272 1273
f 1544 1273 1545
f 1272 1041 1042
f 1272 1042 1273
f 1041 826 827
f 1041 827 1042
f 826 631 632
f 826 632 827
f 631 461 462
f 631 462 632
f 461 322 323
f 461 323 462
f 322 201 202
f 322 202 323
f 201 99 100
f 201 100 202
f 99 55 56
f 99 56 100
f 55 28 29
f 55 29 56
f 28 9 10
f 28 10 29
f 9 1 2
f 9 2 10
f 1 6 7
f 1 7 2
f 6 25 26
f 6 26 7
f 25 52 53
f 25 53 26
f 52 96 97
f 52 97 53
f 96 198 199
f 96 199 97
f 198 319 320
f 198 320 199
f 319 458 459
f 319 459 320
f 458 624 625
f 458 625 459
f 624 823 824
f 624 824 625
f 823 1034 1035
f 823 1035 824
f 1034 1269 1270
f 1034 1270 1035
f 1269 1541 1542
f 1269 1542 1270
f 1541 1820 1821
f 1541 1821 1542
f 1820 2229 2230
f 1820 2230 1821
f 2229 2760 2761
f 2229 2761 2230
f 2760 3375 3376
f 2760 3376 2761
f 3375 3879 3880
f 3375 3880 3376
f 3879 4341 4342
f 3879 4342 3880
f 4341 4801 4802
f 4341 4802 4342
f 4801 5269 5270
f 4801 5270 4802
f 5269 5739 5740
f 5269 5740 5270
f 5739 6213 6214
f 5739 6214 5740
f 6213 6727 6728
f 6213 6728 6214
f 6727 7205 7206
f 6727 7206 6728
f 7205 7987 7988
f 7205 7988 7206
f 7987 8503 8504
f 7987 8504 7988
f 8503 8979 8980
f 8503 8980 8504
f 8979 9447 9448
f 8979 9448 8980
f 9447 9913 9914
f 9447 9914 9448
f 9913 10379 10380
f 9913 10380 9914
f 10379 10839 10840
f 10379 10840 10380
f 10839 11345 11346
f 10839 11346 10840
f 11345 11966 11967
f 11345 11967 11346
f 11966 12493 12494
f 11966 12494 11967
f 12493 12898 12899
f 12493 12899 12494
f 12898 13181 13182
f 12898 13182 12899
f 13181 13453 13454
f 13181 13454 13182
f 13453 13684 13685
f 13453 13685 13454
f 13684 13899 13900
f 13684 13900 13685
f 13899 14094 14095
f 13899 14095 13900
f 14094 14264 14265
f 14094 14265 14095
f 14264 14403 14404
f 14264 14404 14265
f 14403 14524 14525
f 14403 14525 14404
f 14524 14626 14627
f 14524 14627 14525
f 14626 14670 14671
f 14626 14671 14627
f 14670 14697 14698
f 14670 14698 14671
f 14697 14716 14717
f 14697 14717 14698
f 14716 14724 14725
f 14716 14725 14717
f 14725 14720 14721
f 14725 14721 14726
f 14720 14701 14702
f 14720 14702 14721
f 14701 14674 14675
f 14701 14675 14702
f 14674 14630 14631
f 14674 14631 14675
f 14630 14528 14529
f 14630 14529 14631
f 14528 14407 14408
f 14528 14408 14529
f 14407 14268 14269
f 14407 14269 14408
f 14268 14102 14103
f 14268 14103 14269
f 14102 13903 13904
f 14102 13904 14103
f 13903 13692 13693
f 13903 13693 13904
f 13692 13457 13458
f 13692 13458 13693
f 13457 13185 13186
f 13457 13186 13458
f 13185 12906 12907
f 13185 12907 13186
f 12906 12497 12498
f 12906 12498 12907
f 12497 11970 11971
f 12497 11971 12498
f 11970 11351 11352
f 11970 11352 11971
f 11351 10843 10844
f 11351 10844 11352
f 10843 10385 10386
f 10843 10386 10844
f 10385 9921 9922
f 10385 9922 10386
f 9921 9453 9454
f 9921 9454 9922
f 9453 8983 8984
f 9453 8984 9454
f 8983 8509 8510
f 8983 8510 8984
f 8509 7995 7996
f 8509 7996 8510
f 7995 7517 7518
f 7995 7518 7996
f 7517 6735 6736
f 7517 6736 7518
f 6735 6219 6220
f 6735 6220 6736
f 6219 5743 5744
f 6219 5744 6220
f 5743 5275 5276
f 5743 5276 5744
f 5275 4809 4810
f 5275 4810 5276
f 4809 4347 4348
f 4809 4348 4810
f 4347 3883 3884
f 4347 3884 4348
f 3883 3381 3382
f 3883 3382 3884
f 3381 2764 2765
f 3381 2765 3382
f 2764 2233 2234
f 2764 2234 2765
f 2233 1828 1829
f 2233 1829 2234
f 1828 1545 1546
f 1828 1546 1829
f 1545 1273 1274
f 1545 1274 1546
f 1273 1042 1043
f 1273 1043 1274
f 1042 827 828
f 1042 828 1043
f 827 632 633
f 827 633 828
f 632 462 463
f 632 463 633
f 462 323 324
f 462 324 463
f 323 202 203
f 323 203 324
f 202 100 101
f 202 101 203
f 100 56 57
f 100 57 101
f 56 29 30
f 56 30 57
f 29 10 11
f 29 11 30
f 10 2 3
f 10 3 11
f 2 7 8
f 2 8 3
f 7 26 27
f 7 27 8
f 26 53 54
f 26 54 27
f 53 97 98
f 53 98 54
f 97 199 200
f 97 200 98
f 199 320 321
f 199 321 200
f 320 459 460
f 320 460 321
f 459 625 626
f 459 626 460
f 625 824 825
f 625 825 626
f 824 1035 1036
f 824 1036 825
f 1035 1270 1271
f 1035 1271 1036
f 1270 1542 1543
f 1270 1543 1271
f 1542 1821 1822
f 1542 1822 1543
f 1821 2230 2231
f 1821 2231 1822
f 2230 2761 2762
f 2230 2762 2231
f 2761 3376 3377
f 2761 3377 2762
f 3376 3880 3881
f 3376 3881 3377
f 3880 4342 4343
f 3880 4343 3881
f 4342 4802 4803
f 4342 4803 4343
f 4802 5270 5271
f 4802 5271 4803
f 5270 5740 5741
f 5270 5741 5271
f 5740 6214 6215
f 5740 6215 5741
f 6214 6728 6729
f 6214 6729 6215
f 6728 7206 7207
f 6728 7207 6729
f 7206 7988 7989
f 7206 7989 7207
f 7988 8504 8505
f 7988 8505 7989
f 8504 8980 8981
f 8504 8981 8505
f 8980 9448 9449
f 8980 9449 8981
f 9448 9914 9915
f 9448 9915 9449
f 9914 10380 10381
f 9914 10381 9915
f 10380 10840 10841
f 10380 10841 10381
f 10840 11346 11347
f 10840 11347 10841
f 11346 11967 11968
f 11346 11968 11347
f 11967 12494 12495
f 11967 12495 11968
f 12494 12899 12900
f 12494 12900 12495
f 12899 13182 13183
f 12899 13183 12900
f 13182 13454 13455
f 13182 13455 13183
f 13454 13685 13686
f 13454 13686 13455
f 13685 13900 13901
f 13685 13901 13686
f 13900 14095 14096
f 13900 14096 13901
f 14095 14265 14266
f 14095 14266 14096
f 14265 14404 14405
f 14265 14405 14266
f 14404 14525 14526
f 14404 14526 14405
f 14525 14627 14628
f 14525 14628 14526
f 14627 14671 14672
f 14627 14672 14628
f 14671 14698 14699
f 14671 14699 14672
f 14698 14717 14718
f 14698 14718 14699
f 14717 14725 14726
f 14717 14726 14718
f 14726 14721 14714
f 14726 14714 14723
f 14721 14702 14696
f 14721 14696 14714
f 14702 14675 14669
f 14702 14669 14696
f 14675 14631 14625
f 14675 14625 14669
f 14631 14529 14521
f 14631 14521 14625
f 14529 14408 14398
f 14529 14398 14521
f 14408 14269 14261
f 14408 14261 14398
f 14269 14103 14090
f 14269 14090 14261
f 14103 13904 13898
f 14103 13898 14090
f 13904 13693 13683
f 13904 13683 13898
f 13693 13458 13450
f 13693 13450 13683
f 13458 13186 13180
f 13458 13180 13450
f 13186 12907 12897
f 13186 12897 13180
f 12907 12498 12492
f 12907 12492 12897
f 12498 11971 11963
f 12498 11963 12492
f 11971 11352 11344
f 11971 11344 11963
f 11352 10844 10838
f 11352 10838 11344
f 10844 10386 10378
f 10844 10378 10838
f 10386 9922 9919
f 10386 9919 10378
f 9922 9454 9446
f 9922 9446 9919
f 9454 8984 8978
f 9454 8978 9446
f 8984 8510 8507
f 8984 8507 8978
f 8510 7996 7993
f 8510 7993 8507
f 7996 7518 7515
f 7996 7515 7993
f 7518 6736 6733
f 7518 6733 7515
f 6736 6220 6217
f 6736 6217 6733
f 6220 5744 5748
f 6220 5748 6217
f 5744 5276 5280
f 5744 5280 5748
f 5276 4810 4807
f 5276 4807 5280
f 4810 4348 4352
f 4810 4352 4807
f 4348 3884 3890
f 4348 3890 4352
f 3884 3382 3384
f 3884 3384 3890
f 3382 2765 2779
f 3382 2779 3384
f 2765 2234 2237
f 2765 2237 2779
f 2234 1829 1831
f 2234 1831 2237
f 1829 1546 1548
f 1829 1548 1831
f 1546 1274 1280
f 1546 1280 1548
f 1274 1043 1045
f 1274 1045 1280
f 1043 828 832
f 1043 832 1045
f 828 633 641
f 828 641 832
f 633 463 469
f 633 469 641
f 463 324 330
f 463 330 469
f 324 203 207
f 324 207 330
f 203 101 110
f 203 110 207
f 101 57 59
f 101 59 110
f 57 30 32
f 57 32 59
f 30 11 14
f 30 14 32
f 11 3 4
f 11 4 14
f 3 8 13
f 3 13 4
f 8 27 31
f 8 31 13
f 27 54 58
f 27 58 31
f 54 98 102
f 54 102 58
f 98 200 206
f 98 206 102
f 200 321 329
f 200 329 206
f 321 460 466
f 321 466 329
f 460 626 637
f 460 637 466
f 626 825 829
f 626 829 637
f 825 1036 1044
f 825 1044 829
f 1036 1271 1277
f 1036 1277 1044
f 1271 1543 1547
f 1271 1547 1277
f 1543 1822 1830
f 1543 1830 1547
f 1822 2231 2235
f 1822 2235 1830
f 2231 2762 2768
f 2231 2768 2235
f 2762 3377 3383
f 2762 3383 2768
f 3377 3881 3885
f 3377 3885 3383
f 3881 4343 4349
f 3881 4349 3885
f 4343 4803 4804
f 4343 4804 4349
f 4803 5271 5277
f 4803 5277 4804
f 5271 5741 5745
f 5271 5745 5277
f 5741 6215 6216
f 5741 6216 5745
f 6215 6729 6730
f 6215 6730 6216
f 6729 7207 7208
f 6729 7208 6730
f 7207 7989 7990
f 7207 7990 7208
f 7989 8505 8506
f 7989 8506 7990
f 8505 8981 8975
f 8505 8975 8506
f 8981 9449 9443
f 8981 9443 8975
f 9449 9915 9916
f 9449 9916 9443
f 9915 10381 10375
f 9915 10375 9916
f 10381 10841 10833
f 10381 10833 10375
f 10841 11347 11343
f 10841 11343 10833
f 11347 11968 11952
f 11347 11952 11343
f 11968 12495 12490
f 11968 12490 11952
f 12495 12900 12896
f 12495 12896 12490
f 12900 13183 13179
f 12900 13179 12896
f 13183 13455 13447
f 13183 13447 13179
f 13455 13686 13682
f 13455 13682 13447
f 13686 13901 13895
f 13686 13895 13682
f 13901 14096 14086
f 13901 14086 13895
f 14096 14266 14258
f 14096 14258 14086
f 14266 14405 14397
f 14266 14397 14258
f 14405 14526 14520
f 14405 14520 14397
f 14526 14628 14617
f 14526 14617 14520
f 14628 14672 14668
f 14628 14668 14617
f 14672 14699 14695
f 14672 14695 14668
f 14699 14718 14713
f 14699 14713 14695
f 14718 14726 14723
f 14718 14723 14713
f 14723 14714 14710
f 14723 14710 14715
f 14714 14696 14691
f 14714 14691 14710
f 14696 14669 14664
f 14696 14664 14691
f 14669 14625 14610
f 14669 14610 14664
f 14625 14521 14509
f 14625 14509 14610
f 14521 14398 14386
f 14521 14386 14509
f 14398 14261 14245
f 14398 14245 14386
f 14261 14090 14083
f 14261 14083 14245
f 14090 13898 13888
f 14090 13888 14083
f 13898 13683 13667
f 13898 13667 13888
f 13683 13450 13436
f 13683 13436 13667
f 13450 13180 13172
f 13450 13172 13436
f 13180 12897 12891
f 13180 12891 13172
f 12897 12492 12483
f 12897 12483 12891
f 12492 11963 11938
f 12492 11938 12483
f 11963 11344 11338
f 11963 11338 11938
f 11344 10838 10828
f 11344 10828 11338
f 10838 10378 10372
f 10838 10372 10828
f 10378 9919 9910
f 10378 9910 10372
f 9919 9446 9440
f 9919 9440 9910
f 9446 8978 8974
f 9446 8974 9440
f 8978 8507 8501
f 8978 8501 8974
f 8507 7993 7986
f 8507 7986 8501
f 7993 7515 7513
f 7993 7513 7986
f 7515 6733 6744
f 7515 6744 7513
f 6733 6217 6223
f 6733 6223 6744
f 6217 5748 5752
f 6217 5752 6223
f 5748 5280 5286
f 5748 5286 5752
f 5280 4807 4814
f 5280 4814 5286
f 4807 4352 4364
f 4807 4364 4814
f 4352 3890 3896
f 4352 3896 4364
f 3890 3384 3394
f 3890 3394 3896
f 3384 2779 2796
f 3384 2796 3394
f 2779 2237 2245
f 2779 2245 2796
f 2237 1831 1838
f 2237 1838 2245
f 1831 1548 1556
f 1831 1556 1838
f 1548 1280 1300
f 1548 1300 1556
f 1280 1045 1063
f 1280 1063 1300
f 1045 832 840
f 1045 840 1063
f 832 641 645
f 832 645 840
f 641 469 483
f 641 483 645
f 469 330 342
f 469 342 483
f 330 207 219
f 330 219 342
f 207 110 118
f 207 118 219
f 110 59 64
f 110 64 118
f 59 32 37
f 59 37 64
f 32 14 18
f 32 18 37
f 14 4 12
f 14 12 18
f 4 13 17
f 4 17 12
f 13 31 36
f 13 36 17
f 31 58 63
f 31 63 36
f 58 102 117
f 58 117 63
f 102 206 218
f 102 218 117
f 206 329 341
f 206 341 218
f 329 466 482
f 329 482 341
f 466 637 644
f 466 644 482
f 637 829 839
f 637 839 644
f 829 1044 1060
f 829 1060 839
f 1044 1277 1291
f 1044 1291 1060
f 1277 1547 1555
f 1277 1555 1291
f 1547 1830 1836
f 1547 1836 1555
f 1830 2235 2244
f 1830 2244 1836
f 2235 2768 2793
f 2235 2793 2244
f 2768 3383 3389
f 2768 3389 2793
f 3383 3885 3895
f 3383 3895 3389
f 3885 4349 4355
f 3885 4355 3895
f 4349 4804 4813
f 4349 4813 4355
f 4804 5277 5283
f 4804 5283 4813
f 5277 5745 5749
f 5277 5749 5283
f 5745 6216 6222
f 5745 6222 5749
f 6216 6730 6737
f 6216 6737 6222
f 6730 7208 7210
f 6730 7210 6737
f 7208 7990 7979
f 7208 7979 7210
f 7990 8506 8500
f 7990 8500 7979
f 8506 8975 8971
f 8506 8971 8500
f 8975 9443 9437
f 8975 9437 8971
f 9443 9916 9909
f 9443 9909 9437
f 9916 10375 10363
f 9916 10363 9909
f 10375 10833 10827
f 10375 10827 10363
f 10833 11343 11333
f 10833 11333 10827
f 11343 11952 11935
f 11343 11935 11333
f 11952 12490 12482
f 11952 12482 11935
f 12490 12896 12889
f 12490 12889 12482
f 12896 13179 13171
f 12896 13171 12889
f 13179 13447 13427
f 13179 13427 13171
f 13447 13682 13664
f 13447 13664 13427
f 13682 13895 13887
f 13682 13887 13664
f 13895 14086 14082
f 13895 14082 13887
f 14086 14258 14244
f 14086 14244 14082
f 14258 14397 14385
f 14258 14385 14244
f 14397 14520 14508
f 14397 14508 14385
f 14520 14617 14609
f 14520 14609 14508
f 14617 14668 14663
f 14617 14663 14609
f 14668 14695 14690
f 14668 14690 14663
f 14695 14713 14709
f 14695 14709 14690
f 14713 14723 14715
f 14713 14715 14709
f 14715 14710 14706
f 14715 14706 14708
f 14710 14691 14687
f 14710 14687 14706
f 14691 14664 14656
f 14691 14656 14687
f 14664 14610 14600
f 14664 14600 14656
f 14610 14509 14493
f 14610 14493 14600
f 14509 14386 14377
f 14509 14377 14493
f 14386 14245 14231
f 14386 14231 14377
f 14245 14083 14063
f 14245 14063 14231
f 14083 13888 13874
f 14083 13874 14063
f 13888 13667 13661
f 13888 13661 13874
f 13667 13436 13416
f 13667 13416 13661
f 13436 13172 13163
f 13436 13163 13416
f 13172 12891 12880
f 13172 12880 13163
f 12891 12483 12451
f 12891 12451 12880
f 12483 11938 11910
f 12483 11910 12451
f 11938 11338 11322
f 11938 11322 11910
f 11338 10828 10820
f 11338 10820 11322
f 10828 10372 10356
f 10828 10356 10820
f 10372 9910 9898
f 10372 9898 10356
f 9910 9440 9436
f 9910 9436 9898
f 9440 8974 8970
f 9440 8970 9436
f 8974 8501 8498
f 8974 8498 8970
f 8501 7986 7985
f 8501 7985 8498
f 7986 7513 7512
f 7986 7512 7985
f 7513 6744 6743
f 7513 6743 7512
f 6744 6223 6228
f 6744 6228 6743
f 6223 5752 5758
f 6223 5758 6228
f 5752 5286 5290
f 5752 5290 5758
f 5286 4814 4826
f 5286 4826 5290
f 4814 4364 4372
f 4814 4372 4826
f 4364 3896 3904
f 4364 3904 4372
f 3896 3394 3410
f 3896 3410 3904
f 3394 2796 2828
f 3394 2828 3410
f 2796 2245 2281
f 2796 2281 2828
f 2245 1838 1848
f 2245 1848 2281
f 1838 1556 1565
f 1838 1565 1848
f 1556 1300 1312
f 1556 1312 1565
f 1300 1063 1067
f 1300 1067 1312
f 1063 840 854
f 1063 854 1067
f 840 645 665
f 840 665 854
f 645 483 497
f 645 497 665
f 483 342 353
f 483 353 497
f 342 219 237
f 342 237 353
f 219 118 128
f 219 128 237
f 118 64 72
f 118 72 128
f 64 37 41
f 64 41 72
f 37 18 22
f 37 22 41
f 18 12 19
f 18 19 22
f 12 17 21
f 12 21 19
f 17 36 40
f 17 40 21
f 36 63 71
f 36 71 40
f 63 117 127
f 63 127 71
f 117 218 234
f 117 234 127
f 218 341 350
f 218 350 234
f 341 482 496
f 341 496 350
f 482 644 664
f 482 664 496
f 644 839 853
f 644 853 664
f 839 1060 1066
f 839 1066 853
f 1060 1291 1311
f 1060 1311 1066
f 1291 1555 1564
f 1291 1564 1311
f 1555 1836 1847
f 1555 1847 1564
f 1836 2244 2276
f 1836 2276 1847
f 2244 2793 2821
f 2244 2821 2276
f 2793 3389 3405
f 2793 3405 2821
f 3389 3895 3903
f 3389 3903 3405
f 3895 4355 4367
f 3895 4367 3903
f 4355 4813 4825
f 4355 4825 4367
f 4813 5283 5287
f 4813 5287 4825
f 5283 5749 5753
f 5283 5753 5287
f 5749 6222 6225
f 5749 6225 5753
f 6222 6737 6738
f 6222 6738 6225
f 6737 7210 7211
f 6737 7211 6738
f 7210 7979 7980
f 7210 7980 7211
f 7979 8500 8495
f 7979 8495 7980
f 8500 8971 8965
f 8500 8965 8495
f 8971 9437 9433
f 8971 9433 8965
f 9437 9909 9897
f 9437 9897 9433
f 9909 10363 10351
f 9909 10351 9897
f 10363 10827 10819
f 10363 10819 10351
f 10827 11333 11317
f 10827 11317 10819
f 11333 11935 11903
f 11333 11903 11317
f 11935 12482 12448
f 11935 12448 11903
f 12482 12889 12879
f 12482 12879 12448
f 12889 13171 13162
f 12889 13162 12879
f 13171 13427 13415
f 13171 13415 13162
f 13427 13664 13660
f 13427 13660 13415
f 13664 13887 13873
f 13664 13873 13660
f 13887 14082 14062
f 13887 14062 13873
f 14082 14244 14230
f 14082 14230 14062
f 14244 14385 14374
f 14244 14374 14230
f 14385 14508 14490
f 14385 14490 14374
f 14508 14609 14599
f 14508 14599 14490
f 14609 14663 14655
f 14609 14655 14599
f 14663 14690 14686
f 14663 14686 14655
f 14690 14709 14705
f 14690 14705 14686
f 14709 14715 14708
f 14709 14708 14705
f 14708 14706 14689
f 14708 14689 14694
f 14706 14687 14677
f 14706 14677 14689
f 14687 14656 14649
f 14687 14649 14677
f 14656 14600 14573
f 14656 14573 14649
f 14600 14493 14477
f 14600 14477 14573
f 14493 14377 14354
f 14493 14354 14477
f 14377 14231 14210
f 14377 14210 14354
f 14231 14063 14046
f 14231 14046 14210
f 14063 13874 13860
f 14063 13860 14046
f 13874 13661 13638
f 13874 13638 13860
f 13661 13416 13401
f 13661 13401 13638
f 13416 13163 13145
f 13416 13145 13401
f 13163 12880 12868
f 13163 12868 13145
f 12880 12451 12429
f 12880 12429 12868
f 12451 11910 11884
f 12451 11884 12429
f 11910 11322 11300
f 11910 11300 11884
f 11322 10820 10814
f 11322 10814 11300
f 10820 10356 10344
f 10820 10344 10814
f 10356 9898 9888
f 10356 9888 10344
f 9898 9436 9428
f 9898 9428 9888
f 9436 8970 8956
f 9436 8956 9428
f 8970 8498 8490
f 8970 8490 8956
f 8498 7985 7977
f 8498 7977 8490
f 7985 7512 7510
f 7985 7510 7977
f 7512 6743 6747
f 7512 6747 7510
f 6743 6228 6236
f 6743 6236 6747
f 6228 5758 5768
f 6228 5768 6236
f 5758 5290 5296
f 5758 5296 5768
f 5290 4826 4836
f 5290 4836 5296
f 4826 4372 4386
f 4826 4386 4836
f 4372 3904 3910
f 4372 3910 4386
f 3904 3410 3428
f 3904 3428 3910
f 3410 2828 2846
f 3410 2846 3428
f 2828 2281 2301
f 2828 2301 2846
f 2281 1848 1860
f 2281 1860 2301
f 1848 1565 1583
f 1848 1583 1860
f 1565 1312 1327
f 1565 1327 1583
f 1312 1067 1090
f 1312 1090 1327
f 1067 854 870
f 1067 870 1090
f 854 665 684
f 854 684 870
f 665 497 523
f 665 523 684
f 497 353 376
f 497 376 523
f 353 237 255
f 353 255 376
f 237 128 157
f 237 157 255
f 128 72 79
f 128 79 157
f 72 41 51
f 72 51 79
f 41 22 39
f 41 39 51
f 22 19 33
f 22 33 39
f 19 21 38
f 19 38 33
f 21 40 50
f 21 50 38
f 40 71 78
f 40 78 50
f 71 127 154
f 71 154 78
f 127 234 250
f 127 250 154
f 234 350 373
f 234 373 250
f 350 496 517
f 350 517 373
f 496 664 681
f 496 681 517
f 664 853 867
f 664 867 681
f 853 1066 1089
f 853 1089 867
f 1066 1311 1326
f 1066 1326 1089
f 1311 1564 1582
f 1311 1582 1326
f 1564 1847 1859
f 1564 1859 1582
f 1847 2276 2300
f 1847 2300 1859
f 2276 2821 2843
f 2276 2843 2300
f 2821 3405 3427
f 2821 3427 2843
f 3405 3903 3909
f 3405 3909 3427
f 3903 4367 4379
f 3903 4379 3909
f 4367 4825 4835
f 4367 4835 4379
f 4825 5287 5295
f 4825 5295 4835
f 5287 5753 5767
f 5287 5767 5295
f 5753 6225 6233
f 5753 6233 5767
f 6225 6738 6746
f 6225 6746 6233
f 6738 7211 7213
f 6738 7213 6746
f 7211 7980 7976
f 7211 7976 7213
f 7980 8495 8487
f 7980 8487 7976
f 8495 8965 8955
f 8495 8955 8487
f 8965 9433 9427
f 8965 9427 8955
f 9433 9897 9887
f 9433 9887 9427
f 9897 10351 10337
f 9897 10337 9887
f 10351 10819 10813
f 10351 10813 10337
f 10819 11317 11299
f 10819 11299 10813
f 11317 11903 11881
f 11317 11881 11299
f 11903 12448 12428
f 11903 12428 11881
f 12448 12879 12867
f 12448 12867 12428
f 12879 13162 13144
f 12879 13144 12867
f 13162 13415 13400
f 13162 13400 13144
f 13415 13660 13637
f 13415 13637 13400
f 13660 13873 13857
f 13660 13857 13637
f 13873 14062 14043
f 13873 14043 13857
f 14062 14230 14204
f 14062 14204 14043
f 14230 14374 14351
f 14230 14351 14204
f 14374 14490 14472
f 14374 14472 14351
f 14490 14599 14570
f 14490 14570 14472
f 14599 14655 14648
f 14599 14648 14570
f 14655 14686 14676
f 14655 14676 14648
f 14686 14705 14688
f 14686 14688 14676
f 14705 14708 14694
f 14705 14694 14688
f 14694 14689 14679
f 14694 14679 14683
f 14689 14677 14660
f 14689 14660 14679
f 14677 14649 14634
f 14677 14634 14660
f 14649 14573 14548
f 14649 14548 14634
f 14573 14477 14445
f 14573 14445 14548
f 14477 14354 14323
f 14477 14323 14445
f 14354 14210 14182
f 14354 14182 14323
f 14210 14046 14015
f 14210 14015 14182
f 14046 13860 13829
f 14046 13829 14015
f 13860 13638 13615
f 13860 13615 13829
f 13638 13401 13373
f 13638 13373 13615
f 13401 13145 13123
f 13401 13123 13373
f 13145 12868 12838
f 13145 12838 13123
f 12868 12429 12406
f 12868 12406 12838
f 12429 11884 11851
f 12429 11851 12406
f 11884 11300 11282
f 11884 11282 11851
f 11300 10814 10788
f 11300 10788 11282
f 10814 10344 10330
f 10814 10330 10788
f 10344 9888 9878
f 10344 9878 10330
f 9888 9428 9424
f 9888 9424 9878
f 9428 8956 8950
f 9428 8950 9424
f 8956 8490 8485
f 8956 8485 8950
f 8490 7977 7968
f 8490 7968 8485
f 7977 7510 7508
f 7977 7508 7968
f 7510 6747 6756
f 7510 6756 7508
f 6747 6236 6239
f 6747 6239 6756
f 6236 5768 5776
f 6236 5776 6239
f 5768 5296 5300
f 5768 5300 5776
f 5296 4836 4846
f 5296 4846 5300
f 4836 4386 4394
f 4836 4394 4846
f 4386 3910 3938
f 4386 3938 4394
f 3910 3428 3448
f 3910 3448 3938
f 3428 2846 2877
f 3428 2877 3448
f 2846 2301 2328
f 2846 2328 2877
f 2301 1860 1894
f 2301 1894 2328
f 1860 1583 1606
f 1860 1606 1894
f 1583 1327 1355
f 1583 1355 1606
f 1327 1090 1113
f 1327 1113 1355
f 1090 870 901
f 1090 901 1113
f 870 684 713
f 870 713 901
f 684 523 548
f 684 548 713
f 523 376 405
f 523 405 548
f 376 255 283
f 376 283 405
f 255 157 180
f 255 180 283
f 157 79 95
f 157 95 180
f 79 51 68
f 79 68 95
f 51 39 49
f 51 49 68
f 39 33 44
f 39 44 49
f 33 38 48
f 33 48 44
f 38 50 67
f 38 67 48
f 50 78 93
f 50 93 67
f 78 154 179
f 78 179 93
f 154 250 282
f 154 282 179
f 250 373 404
f 250 404 282
f 373 517 545
f 373 545 404
f 517 681 712
f 517 712 545
f 681 867 898
f 681 898 712
f 867 1089 1112
f 867 1112 898
f 1089 1326 1354
f 1089 1354 1112
f 1326 1582 1604
f 1326 1604 1354
f 1582 1859 1889
f 1582 1889 1604
f 1859 2300 2327
f 1859 2327 1889
f 2300 2843 2876
f 2300 2876 2327
f 2843 3427 3445
f 2843 3445 2876
f 3427 3909 3935
f 3427 3935 3445
f 3909 4379 4393
f 3909 4393 3935
f 4379 4835 4845
f 4379 4845 4393
f 4835 5295 5299
f 4835 5299 4845
f 5295 5767 5773
f 5295 5773 5299
f 5767 6233 6238
f 5767 6238 5773
f 6233 6746 6755
f 6233 6755 6238
f 6746 7213 7215
f 6746 7215 6755
f 7213 7976 7967
f 7213 7967 7215
f 7976 8487 8484
f 7976 8484 7967
f 8487 8955 8947
f 8487 8947 8484
f 8955 9427 9423
f 8955 9423 8947
f 9427 9887 9877
f 9427 9877 9423
f 9887 10337 10329
f 9887 10329 9877
f 10337 10813 10785
f 10337 10785 10329
f 10813 11299 11279
f 10813 11279 10785
f 11299 11881 11850
f 11299 11850 11279
f 11881 12428 12405
f 11881 12405 11850
f 12428 12867 12833
f 12428 12833 12405
f 12867 13144 13121
f 12867 13121 12833
f 13144 13400 13372
f 13144 13372 13121
f 13400 13637 13614
f 13400 13614 13372
f 13637 13857 13826
f 13637 13826 13614
f 13857 14043 14014
f 13857 14014 13826
f 14043 14204 14179
f 14043 14179 14014
f 14204 14351 14322
f 14204 14322 14179
f 14351 14472 14444
f 14351 14444 14322
f 14472 14570 14547
f 14472 14547 14444
f 14570 14648 14632
f 14570 14632 14547
f 14648 14676 14659
f 14648 14659 14632
f 14676 14688 14678
f 14676 14678 14659
f 14688 14694 14683
f 14688 14683 14678
f 14683 14679 14658
f 14683 14658 14665
f 14679 14660 14646
f 14679 14646 14658
f 14660 14634 14590
f 14660 14590 14646
f 14634 14548 14511
f 14634 14511 14590
f 14548 14445 14420
f 14548 14420 14511
f 14445 14323 14304
f 14445 14304 14420
f 14323 14182 14160
f 14323 14160 14304
f 14182 14015 13990
f 14182 13990 14160
f 14015 13829 13805
f 14015 13805 13990
f 13829 13615 13594
f 13829 13594 13805
f 13615 13373 13345
f 13615 13345 13594
f 13373 13123 13098
f 13373 13098 13345
f 13123 12838 12816
f 13123 12816 13098
f 12838 12406 12377
f 12838 12377 12816
f 12406 11851 11806
f 12406 11806 12377
f 11851 11282 11232
f 11851 11232 11806
f 11282 10788 10766
f 11282 10766 11232
f 10788 10330 10296
f 10788 10296 10766
f 10330 9878 9872
f 10330 9872 10296
f 9878 9424 9420
f 9878 9420 9872
f 9424 8950 8942
f 9424 8942 9420
f 8950 8485 8480
f 8950 8480 8942
f 8485 7968 7966
f 8485 7966 8480
f 7968 7508 7507
f 7968 7507 7966
f 7508 6756 6758
f 7508 6758 7507
f 6756 6239 6244
f 6756 6244 6758
f 6239 5776 5782
f 6239 5782 6244
f 5776 5300 5308
f 5776 5308 5782
f 5300 4846 4854
f 5300 4854 5308
f 4846 4394 4428
f 4846 4428 4854
f 4394 3938 3960
f 4394 3960 4428
f 3938 3448 3500
f 3938 3500 3960
f 3448 2877 2922
f 3448 2922 3500
f 2877 2328 2363
f 2877 2363 2922
f 2328 1894 1914
f 2328 1914 2363
f 1894 1606 1632
f 1894 1632 1914
f 1606 1355 1387
f 1606 1387 1632
f 1355 1113 1136
f 1355 1136 1387
f 1113 901 925
f 1113 925 1136
f 901 713 738
f 901 738 925
f 713 548 570
f 713 570 738
f 548 405 426
f 548 426 570
f 405 283 309
f 405 309 426
f 283 180 217
f 283 217 309
f 180 95 140
f 180 140 217
f 95 68 82
f 95 82 140
f 68 49 70
f 68 70 82
f 49 44 62
f 49 62 70
f 44 48 69
f 44 69 62
f 48 67 81
f 48 81 69
f 67 93 137
f 67 137 81
f 93 179 216
f 93 216 137
f 179 282 307
f 179 307 216
f 282 404 423
f 282 423 307
f 404 545 567
f 404 567 423
f 545 712 737
f 545 737 567
f 712 898 922
f 712 922 737
f 898 1112 1133
f 898 1133 922
f 1112 1354 1382
f 1112 1382 1133
f 1354 1604 1629
f 1354 1629 1382
f 1604 1889 1911
f 1604 1911 1629
f 1889 2327 2356
f 1889 2356 1911
f 2327 2876 2921
f 2327 2921 2356
f 2876 3445 3491
f 2876 3491 2921
f 3445 3935 3957
f 3445 3957 3491
f 3935 4393 4427
f 3935 4427 3957
f 4393 4845 4851
f 4393 4851 4427
f 4845 5299 5303
f 4845 5303 4851
f 5299 5773 5781
f 5299 5781 5303
f 5773 6238 6243
f 5773 6243 5781
f 6238 6755 6757
f 6238 6757 6243
f 6755 7215 7216
f 6755 7216 6757
f 7215 7967 7965
f 7215 7965 7216
f 7967 8484 8479
f 7967 8479 7965
f 8484 8947 8941
f 8484 8941 8479
f 8947 9423 9415
f 8947 9415 8941
f 9423 9877 9869
f 9423 9869 9415
f 9877 10329 10295
f 9877 10295 9869
f 10329 10785 10763
f 10329 10763 10295
f 10785 11279 11223
f 10785 11223 10763
f 11279 11850 11805
f 11279 11805 11223
f 11850 12405 12370
f 11850 12370 11805
f 12405 12833 12813
f 12405 12813 12370
f 12833 13121 13095
f 12833 13095 12813
f 13121 13372 13340
f 13121 13340 13095
f 13372 13614 13591
f 13372 13591 13340
f 13614 13826 13802
f 13614 13802 13591
f 13826 14014 13989
f 13826 13989 13802
f 14014 14179 14157
f 14014 14157 13989
f 14179 14322 14301
f 14179 14301 14157
f 14322 14444 14418
f 14322 14418 14301
f 14444 14547 14510
f 14444 14510 14418
f 14547 14632 14587
f 14547 14587 14510
f 14632 14659 14645
f 14632 14645 14587
f 14659 14678 14657
f 14659 14657 14645
f 14678 14683 14665
f 14678 14665 14657
f 14665 14658 14644
f 14665 14644 14647
f 14658 14646 14606
f 14658 14606 14644
f 14646 14590 14554
f 14646 14554 14606
f 14590 14511 14476
f 14590 14476 14554
f 14511 14420 14379
f 14511 14379 14476
f 14420 14304 14271
f 14420 14271 14379
f 14304 14160 14123
f 14304 14123 14271
f 14160 13990 13965
f 14160 13965 14123
f 13990 13805 13777
f 13990 13777 13965
f 13805 13594 13561
f 13805 13561 13777
f 13594 13345 13320
f 13594 13320 13561
f 13345 13098 13072
f 13345 13072 13320
f 13098 12816 12782
f 13098 12782 13072
f 12816 12377 12325
f 12816 12325 12782
f 12377 11806 11764
f 12377 11764 12325
f 11806 11232 11198
f 11806 11198 11764
f 11232 10766 10744
f 11232 10744 11198
f 10766 10296 10270
f 10766 10270 10744
f 10296 9872 9836
f 10296 9836 10270
f 9872 9420 9404
f 9872 9404 9836
f 9420 8942 8932
f 9420 8932 9404
f 8942 8480 8476
f 8942 8476 8932
f 8480 7966 7962
f 8480 7962 8476
f 7966 7507 7505
f 7966 7505 7962
f 7507 6758 6762
f 7507 6762 7505
f 6758 6244 6248
f 6758 6248 6762
f 6244 5782 5792
f 6244 5792 6248
f 5782 5308 5320
f 5782 5320 5792
f 5308 4854 4888
f 5308 4888 5320
f 4854 4428 4456
f 4854 4456 4888
f 4428 3960 3980
f 4428 3980 4456
f 3960 3500 3526
f 3960 3526 3980
f 3500 2922 2964
f 3500 2964 3526
f 2922 2363 2413
f 2922 2413 2964
f 2363 1914 1949
f 2363 1949 2413
f 1914 1632 1658
f 1914 1658 1949
f 1632 1387 1410
f 1632 1410 1658
f 1387 1136 1168
f 1387 1168 1410
f 1136 925 951
f 1136 951 1168
f 925 738 763
f 925 763 951
f 738 570 605
f 738 605 763
f 570 426 457
f 570 457 605
f 426 309 349
f 426 349 457
f 309 217 254
f 309 254 349
f 217 140 175
f 217 175 254
f 140 82 123
f 140 123 175
f 82 70 84
f 82 84 123
f 70 62 80
f 70 80 84
f 62 69 83
f 62 83 80
f 69 81 121
f 69 121 83
f 81 137 173
f 81 173 121
f 137 216 251
f 137 251 173
f 216 307 348
f 216 348 251
f 307 423 456
f 307 456 348
f 423 567 604
f 423 604 456
f 567 737 762
f 567 762 604
f 737 922 950
f 737 950 762
f 922 1133 1166
f 922 1166 950
f 1133 1382 1407
f 1133 1407 1166
f 1382 1629 1655
f 1382 1655 1407
f 1629 1911 1945
f 1629 1945 1655
f 1911 2356 2412
f 1911 2412 1945
f 2356 2921 2963
f 2356 2963 2412
f 2921 3491 3525
f 2921 3525 2963
f 3491 3957 3979
f 3491 3979 3525
f 3957 4427 4453
f 3957 4453 3979
f 4427 4851 4887
f 4427 4887 4453
f 4851 5303 5319
f 4851 5319 4887
f 5303 5781 5791
f 5303 5791 5319
f 5781 6243 6247
f 5781 6247 5791
f 6243 6757 6761
f 6243 6761 6247
f 6757 7216 7218
f 6757 7218 6761
f 7216 7965 7961
f 7216 7961 7218
f 7965 8479 8475
f 7965 8475 7961
f 8479 8941 8931
f 8479 8931 8475
f 8941 9415 9403
f 8941 9403 8931
f 9415 9869 9835
f 9415 9835 9403
f 9869 10295 10267
f 9869 10267 9835
f 10295 10763 10743
f 10295 10743 10267
f 10763 11223 11197
f 10763 11197 10743
f 11223 11805 11763
f 11223 11763 11197
f 11805 12370 12324
f 11805 12324 11763
f 12370 12813 12778
f 12370 12778 12324
f 12813 13095 13069
f 12813 13069 12778
f 13095 13340 13317
f 13095 13317 13069
f 13340 13591 13559
f 13340 13559 13317
f 13591 13802 13776
f 13591 13776 13559
f 13802 13989 13964
f 13802 13964 13776
f 13989 14157 14122
f 13989 14122 13964
f 14157 14301 14270
f 14157 14270 14122
f 14301 14418 14378
f 14301 14378 14270
f 14418 14510 14473
f 14418 14473 14378
f 14510 14587 14552
f 14510 14552 14473
f 14587 14645 14604
f 14587 14604 14552
f 14645 14657 14643
f 14645 14643 14604
f 14657 14665 14647
f 14657 14647 14643
f 14647 14644 14596
f 14647 14596 14603
f 14644 14606 14564
f 14644 14564 14596
f 14606 14554 14501
f 14606 14501 14564
f 14554 14476 14432
f 14554 14432 14501
f 14476 14379 14331
f 14476 14331 14432
f 14379 14271 14216
f 14379 14216 14331
f 14271 14123 14075
f 14271 14075 14216
f 14123 13965 13915
f 14123 13915 14075
f 13965 13777 13734
f 13965 13734 13915
f 13777 13561 13521
f 13777 13521 13734
f 13561 13320 13275
f 13561 13275 13521
f 13320 13072 13025
f 13320 13025 13275
f 13072 12782 12715
f 13072 12715 13025
f 12782 12325 12273
f 12782 12273 12715
f 12325 11764 11691
f 12325 11691 12273
f 11764 11198 11152
f 11764 11152 11691
f 11198 10744 10703
f 11198 10703 11152
f 10744 10270 10240
f 10744 10240 10703
f 10270 9836 9790
f 10270 9790 10240
f 9836 9404 9364
f 9836 9364 9790
f 9404 8932 8913
f 9404 8913 9364
f 8932 8476 8457
f 8932 8457 8913
f 8476 7962 7947
f 8476 7947 8457
f 7962 7505 7497
f 7962 7497 7947
f 7505 6762 6781
f 7505 6781 7497
f 6762 6248 6273
f 6762 6273 6781
f 6248 5792 5815
f 6248 5815 6273
f 5792 5320 5370
f 5792 5370 5815
f 5320 4888 4946
f 5320 4946 5370
f 4888 4456 4490
f 4888 4490 4946
f 4456 3980 4029
f 4456 4029 4490
f 3980 3526 3576
f 3980 3576 4029
f 3526 2964 3035
f 3526 3035 3576
f 2964 2413 2469
f 2964 2469 3035
f 2413 1949 2013
f 2413 2013 2469
f 1949 1658 1703
f 1949 1703 2013
f 1658 1410 1453
f 1658 1453 1703
f 1410 1168 1211
f 1410 1211 1453
f 1168 951 996
f 1168 996 1211
f 951 763 815
f 951 815 996
f 763 605 657
f 763 657 815
f 605 457 514
f 605 514 657
f 457 349 399
f 457 399 514
f 349 254 298
f 349 298 399
f 254 175 227
f 254 227 298
f 175 123 165
f 175 165 227
f 123 84 132
f 123 132 165
f 84 80 125
f 84 125 132
f 80 83 131
f 80 131 125
f 83 121 163
f 83 163 131
f 121 173 226
f 121 226 163
f 173 251 296
f 173 296 226
f 251 348 397
f 251 397 296
f 348 456 512
f 348 512 397
f 456 604 652
f 456 652 512
f 604 762 813
f 604 813 652
f 762 950 994
f 762 994 813
f 950 1166 1206
f 950 1206 994
f 1166 1407 1452
f 1166 1452 1206
f 1407 1655 1702
f 1407 1702 1452
f 1655 1945 2012
f 1655 2012 1702
f 1945 2412 2464
f 1945 2464 2012
f 2412 2963 3033
f 2412 3033 2464
f 2963 3525 3572
f 2963 3572 3033
f 3525 3979 4024
f 3525 4024 3572
f 3979 4453 4484
f 3979 4484 4024
f 4453 4887 4934
f 4453 4934 4484
f 4887 5319 5360
f 4887 5360 4934
f 5319 5791 5810
f 5319 5810 5360
f 5791 6247 6266
f 5791 6266 5810
f 6247 6761 6776
f 6247 6776 6266
f 6761 7218 7227
f 6761 7227 6776
f 7218 7961 7942
f 7218 7942 7227
f 7961 8475 8450
f 7961 8450 7942
f 8475 8931 8908
f 8475 8908 8450
f 8931 9403 9354
f 8931 9354 8908
f 9403 9835 9778
f 9403 9778 9354
f 9835 10267 10234
f 9835 10234 9778
f 10267 10743 10698
f 10267 10698 10234
f 10743 11197 11148
f 10743 11148 10698
f 11197 11763 11689
f 11197 11689 11148
f 11763 12324 12268
f 11763 12268 11689
f 12324 12778 12714
f 12324 12714 12268
f 12778 13069 13024
f 12778 13024 12714
f 13069 13317 13274
f 13069 13274 13024
f 13317 13559 13516
f 13317 13516 13274
f 13559 13776 13732
f 13559 13732 13516
f 13776 13964 13913
f 13776 13913 13732
f 13964 14122 14070
f 13964 14070 13913
f 14122 14270 14214
f 14122 14214 14070
f 14270 14378 14329
f 14270 14329 14214
f 14378 14473 14430
f 14378 14430 14329
f 14473 14552 14500
f 14473 14500 14430
f 14552 14604 14562
f 14552 14562 14500
f 14604 14643 14595
f 14604 14595 14562
f 14643 14647 14603
f 14643 14603 14595
f 14603 14596 14545
f 14603 14545 14553
f 14596 14564 14507
f 14596 14507 14545
f 14564 14501 14457
f 14564 14457 14507
f 14501 14432 14382
f 14501 14382 14457
f 14432 14331 14291
f 14432 14291 14382
f 14331 14216 14165
f 14331 14165 14291
f 14216 14075 14021
f 14216 14021 14165
f 14075 13915 13862
f 14075 13862 14021
f 13915 13734 13677
f 13915 13677 13862
f 13734 13521 13469
f 13734 13469 13677
f 13521 13275 13233
f 13521 13233 13469
f 13275 13025 12982
f 13275 12982 13233
f 13025 12715 12668
f 13025 12668 12982
f 12715 12273 12232
f 12715 12232 12668
f 12273 11691 11620
f 12273 11620 12232
f 11691 11152 11108
f 11691 11108 11620
f 11152 10703 10638
f 11152 10638 11108
f 10703 10240 10210
f 10703 10210 10638
f 10240 9790 9756
f 10240 9756 10210
f 9790 9364 9320
f 9790 9320 9756
f 9364 8913 8882
f 9364 8882 9320
f 8913 8457 8422
f 8913 8422 8882
f 8457 7947 7924
f 8457 7924 8422
f 7947 7497 7491
f 7947 7491 7924
f 7497 6781 6800
f 7497 6800 7491
f 6781 6273 6302
f 6781 6302 6800
f 6273 5815 5846
f 6273 5846 6302
f 5815 5370 5404
f 5815 5404 5846
f 5370 4946 4968
f 5370 4968 5404
f 4946 4490 4514
f 4946 4514 4968
f 4490 4029 4086
f 4490 4086 4514
f 4029 3576 3616
f 4029 3616 4086
f 3576 3035 3110
f 3576 3110 3616
f 3035 2469 2506
f 3035 2506 3110
f 2469 2013 2064
f 2469 2064 2506
f 2013 1703 1746
f 2013 1746 2064
f 1703 1453 1495
f 1703 1495 1746
f 1453 1211 1259
f 1453 1259 1495
f 1211 996 1055
f 1211 1055 1259
f 996 815 866
f 996 866 1055
f 815 657 707
f 815 707 866
f 657 514 563
f 657 563 707
f 514 399 439
f 514 439 563
f 399 298 347
f 399 347 439
f 298 227 271
f 298 271 347
f 227 165 221
f 227 221 271
f 165 132 183
f 165 183 221
f 132 125 174
f 132 174 183
f 125 131 182
f 125 182 174
f 131 163 220
f 131 220 182
f 163 226 270
f 163 270 220
f 226 296 345
f 226 345 270
f 296 397 436
f 296 436 345
f 397 512 562
f 397 562 436
f 512 652 706
f 512 706 562
f 652 813 865
f 652 865 706
f 813 994 1050
f 813 1050 865
f 994 1206 1258
f 994 1258 1050
f 1206 1452 1494
f 1206 1494 1258
f 1452 1702 1745
f 1452 1745 1494
f 1702 2012 2059
f 1702 2059 1745
f 2012 2464 2505
f 2012 2505 2059
f 2464 3033 3107
f 2464 3107 2505
f 3033 3572 3615
f 3033 3615 3107
f 3572 4024 4085
f 3572 4085 3615
f 4024 4484 4513
f 4024 4513 4085
f 4484 4934 4967
f 4484 4967 4513
f 4934 5360 5403
f 4934 5403 4967
f 5360 5810 5841
f 5360 5841 5403
f 5810 6266 6301
f 5810 6301 5841
f 6266 6776 6799
f 6266 6799 6301
f 6776 7227 7232
f 6776 7232 6799
f 7227 7942 7923
f 7227 7923 7232
f 7942 8450 8421
f 7942 8421 7923
f 8450 8908 8877
f 8450 8877 8421
f 8908 9354 9319
f 8908 9319 8877
f 9354 9778 9755
f 9354 9755 9319
f 9778 10234 10209
f 9778 10209 9755
f 10234 10698 10637
f 10234 10637 10209
f 10698 11148 11107
f 10698 11107 10637
f 11148 11689 11617
f 11148 11617 11107
f 11689 12268 12231
f 11689 12231 11617
f 12268 12714 12663
f 12268 12663 12231
f 12714 13024 12981
f 12714 12981 12663
f 13024 13274 13232
f 13024 13232 12981
f 13274 13516 13468
f 13274 13468 13232
f 13516 13732 13672
f 13516 13672 13468
f 13732 13913 13861
f 13732 13861 13672
f 13913 14070 14020
f 13913 14020 13861
f 14070 14214 14164
f 14070 14164 14020
f 14214 14329 14288
f 14214 14288 14164
f 14329 14430 14380
f 14329 14380 14288
f 14430 14500 14456
f 14430 14456 14380
f 14500 14562 14506
f 14500 14506 14456
f 14562 14595 14544
f 14562 14544 14506
f 14595 14603 14553
f 14595 14553 14544
f 14553 14545 14481
f 14553 14481 14489
f 14545 14507 14453
f 14545 14453 14481
f 14507 14457 14401
f 14507 14401 14453
f 14457 14382 14321
f 14457 14321 14401
f 14382 14291 14227
f 14382 14227 14321
f 14291 14165 14121
f 14291 14121 14227
f 14165 14021 13985
f 14165 13985 14121
f 14021 13862 13813
f 14021 13813 13985
f 13862 13677 13633
f 13862 13633 13813
f 13677 13469 13413
f 13677 13413 13633
f 13469 13233 13194
f 13469 13194 13413
f 13233 12982 12938
f 13233 12938 13194
f 12982 12668 12598
f 12982 12598 12938
f 12668 12232 12173
f 12668 12173 12598
f 12232 11620 11570
f 12232 11570 12173
f 11620 11108 11072
f 11620 11072 11570
f 11108 10638 10604
f 11108 10604 11072
f 10638 10210 10180
f 10638 10180 10604
f 10210 9756 9732
f 10210 9732 10180
f 9756 9320 9296
f 9756 9296 9732
f 9320 8882 8866
f 9320 8866 9296
f 8882 8422 8402
f 8882 8402 8866
f 8422 7924 7912
f 8422 7912 8402
f 7924 7491 7487
f 7924 7487 7912
f 7491 6800 6814
f 7491 6814 7487
f 6800 6302 6322
f 6800 6322 6814
f 6302 5846 5862
f 6302 5862 6322
f 5846 5404 5428
f 5846 5428 5862
f 5404 4968 4992
f 5404 4992 5428
f 4968 4514 4544
f 4968 4544 4992
f 4514 4086 4122
f 4514 4122 4544
f 4086 3616 3652
f 4086 3652 4122
f 3616 3110 3158
f 3616 3158 3652
f 3110 2506 2569
f 3110 2569 3158
f 2506 2064 2130
f 2506 2130 2569
f 2064 1746 1790
f 2064 1790 2130
f 1746 1495 1536
f 1746 1536 1790
f 1495 1259 1315
f 1495 1315 1536
f 1259 1055 1097
f 1259 1097 1315
f 1055 866 915
f 1055 915 1097
f 866 707 745
f 866 745 915
f 707 563 607
f 707 607 745
f 563 439 502
f 563 502 607
f 439 347 407
f 439 407 502
f 347 271 327
f 347 327 407
f 271 221 275
f 271 275 327
f 221 183 247
f 221 247 275
f 183 174 238
f 183 238 247
f 174 182 246
f 174 246 238
f 182 220 274
f 182 274 246
f 220 270 326
f 220 326 274
f 270 345 406
f 270 406 326
f 345 436 500
f 345 500 406
f 436 562 606
f 436 606 500
f 562 706 742
f 562 742 606
f 706 865 914
f 706 914 742
f 865 1050 1094
f 865 1094 914
f 1050 1258 1314
f 1050 1314 1094
f 1258 1494 1533
f 1258 1533 1314
f 1494 1745 1789
f 1494 1789 1533
f 1745 2059 2129
f 1745 2129 1789
f 2059 2505 2568
f 2059 2568 2129
f 2505 3107 3157
f 2505 3157 2568
f 3107 3615 3651
f 3107 3651 3157
f 3615 4085 4119
f 3615 4119 3651
f 4085 4513 4543
f 4085 4543 4119
f 4513 4967 4991
f 4513 4991 4543
f 4967 5403 5427
f 4967 5427 4991
f 5403 5841 5857
f 5403 5857 5427
f 5841 6301 6321
f 5841 6321 5857
f 6301 6799 6811
f 6301 6811 6321
f 6799 7232 7236
f 6799 7236 6811
f 7232 7923 7909
f 7232 7909 7236
f 7923 8421 8401
f 7923 8401 7909
f 8421 8877 8861
f 8421 8861 8401
f 8877 9319 9295
f 8877 9295 8861
f 9319 9755 9731
f 9319 9731 9295
f 9755 10209 10179
f 9755 10179 9731
f 10209 10637 10601
f 10209 10601 10179
f 10637 11107 11071
f 10637 11071 10601
f 11107 11617 11569
f 11107 11569 11071
f 11617 12231 12172
f 11617 12172 11569
f 12231 12663 12597
f 12231 12597 12172
f 12663 12981 12937
f 12663 12937 12597
f 12981 13232 13191
f 12981 13191 12937
f 13232 13468 13412
f 13232 13412 13191
f 13468 13672 13630
f 13468 13630 13412
f 13672 13861 13812
f 13672 13812 13630
f 13861 14020 13982
f 13861 13982 13812
f 14020 14164 14120
f 14020 14120 13982
f 14164 14288 14225
f 14164 14225 14120
f 14288 14380 14320
f 14288 14320 14225
f 14380 14456 14400
f 14380 14400 14320
f 14456 14506 14452
f 14456 14452 14400
f 14506 14544 14480
f 14506 14480 14452
f 14544 14553 14489
f 14544 14489 14480
f 14489 14481 14425
f 14489 14425 14435
f 14481 14453 14388
f 14481 14388 14425
f 14453 14401 14335
f 14453 14335 14388
f 14401 14321 14277
f 14401 14277 14335
f 14321 14227 14167
f 14321 14167 14277
f 14227 14121 14055
f 14227 14055 14167
f 14121 13985 13918
f 14121 13918 14055
f 13985 13813 13766
f 13985 13766 13918
f 13813 13633 13577
f 13813 13577 13766
f 13633 13413 13361
f 13633 13361 13577
f 13413 13194 13141
f 13413 13141 13361
f 13194 12938 12888
f 13194 12888 13141
f 12938 12598 12530
f 12938 12530 12888
f 12598 12173 12107
f 12598 12107 12530
f 12173 11570 11502
f 12173 11502 12107
f 11570 11072 11014
f 11570 11014 11502
f 11072 10604 10564
f 11072 10564 11014
f 10604 10180 10152
f 10604 10152 10564
f 10180 9732 9706
f 10180 9706 10152
f 9732 9296 9266
f 9732 9266 9706
f 9296 8866 8838
f 9296 8838 9266
f 8866 8402 8382
f 8866 8382 8838
f 8402 7912 7896
f 8402 7896 8382
f 7912 7487 7483
f 7912 7483 7896
f 7487 6814 6828
f 7487 6828 7483
f 6814 6322 6342
f 6814 6342 6828
f 6322 5862 5886
f 6322 5886 6342
f 5862 5428 5458
f 5862 5458 5886
f 5428 4992 5018
f 5428 5018 5458
f 4992 4544 4576
f 4992 4576 5018
f 4544 4122 4160
f 4544 4160 4576
f 4122 3652 3716
f 4122 3716 4160
f 3652 3158 3226
f 3652 3226 3716
f 3158 2569 2638
f 3158 2638 3226
f 2569 2130 2202
f 2569 2202 2638
f 2130 1790 1840
f 2130 1840 2202
f 1790 1536 1587
f 1790 1587 1840
f 1536 1315 1369
f 1536 1369 1587
f 1315 1097 1151
f 1315 1151 1369
f 1097 915 962
f 1097 962 1151
f 915 745 810
f 915 810 962
f 745 607 673
f 745 673 810
f 607 502 561
f 607 561 673
f 502 407 453
f 502 453 561
f 407 327 393
f 407 393 453
f 327 275 340
f 327 340 393
f 275 247 303
f 275 303 340
f 247 238 292
f 247 292 303
f 238 246 302
f 238 302 292
f 246 274 339
f 246 339 302
f 274 326 392
f 274 392 339
f 326 406 450
f 326 450 392
f 406 500 560
f 406 560 450
f 500 606 672
f 500 672 560
f 606 742 809
f 606 809 672
f 742 914 961
f 742 961 809
f 914 1094 1150
f 914 1150 961
f 1094 1314 1366
f 1094 1366 1150
f 1314 1533 1586
f 1314 1586 1366
f 1533 1789 1839
f 1533 1839 1586
f 1789 2129 2197
f 1789 2197 1839
f 2129 2568 2630
f 2129 2630 2197
f 2568 3157 3225
f 2568 3225 2630
f 3157 3651 3713
f 3157 3713 3225
f 3651 4119 4159
f 3651 4159 3713
f 4119 4543 4571
f 4119 4571 4159
f 4543 4991 5017
f 4543 5017 4571
f 4991 5427 5457
f 4991 5457 5017
f 5427 5857 5885
f 5427 5885 5457
f 5857 6321 6341
f 5857 6341 5885
f 6321 6811 6827
f 6321 6827 6341
f 6811 7236 7240
f 6811 7240 6827
f 7236 7909 7895
f 7236 7895 7240
f 7909 8401 8381
f 7909 8381 7895
f 8401 8861 8837
f 8401 8837 8381
f 8861 9295 9265
f 8861 9265 8837
f 9295 9731 9705
f 9295 9705 9265
f 9731 10179 10147
f 9731 10147 9705
f 10179 10601 10563
f 10179 10563 10147
f 10601 11071 11011
f 10601 11011 10563
f 11071 11569 11501
f 11071 11501 11011
f 11569 12172 12099
f 11569 12099 11501
f 12172 12597 12525
f 12172 12525 12099
f 12597 12937 12887
f 12597 12887 12525
f 12937 13191 13140
f 12937 13140 12887
f 13191 13412 13358
f 13191 13358 13140
f 13412 13630 13576
f 13412 13576 13358
f 13630 13812 13765
f 13630 13765 13576
f 13812 13982 13917
f 13812 13917 13765
f 13982 14120 14054
f 13982 14054 13917
f 14120 14225 14166
f 14120 14166 14054
f 14225 14320 14274
f 14225 14274 14166
f 14320 14400 14334
f 14320 14334 14274
f 14400 14452 14387
f 14400 14387 14334
f 14452 14480 14424
f 14452 14424 14387
f 14480 14489 14435
f 14480 14435 14424
f 14435 14425 14349
f 14435 14349 14369
f 14425 14388 14317
f 14425 14317 14349
f 14388 14335 14279
f 14388 14279 14317
f 14335 14277 14195
f 14335 14195 14279
f 14277 14167 14115
f 14277 14115 14195
f 14167 14055 13988
f 14167 13988 14115
f 14055 13918 13854
f 14055 13854 13988
f 13918 13766 13699
f 13918 13699 13854
f 13766 13577 13505
f 13766 13505 13699
f 13577 13361 13304
f 13577 13304 13505
f 13361 13141 13082
f 13361 13082 13304
f 13141 12888 12830
f 13141 12830 13082
f 12888 12530 12443
f 12888 12443 12830
f 12530 12107 11998
f 12530 11998 12443
f 12107 11502 11434
f 12107 11434 11998
f 11502 11014 10972
f 11502 10972 11434
f 11014 10564 10536
f 11014 10536 10972
f 10564 10152 10102
f 10564 10102 10536
f 10152 9706 9678
f 10152 9678 10102
f 9706 9266 9246
f 9706 9246 9678
f 9266 8838 8814
f 9266 8814 9246
f 8838 8382 8358
f 8838 8358 8814
f 8382 7896 7880
f 8382 7880 8358
f 7896 7483 7479
f 7896 7479 7880
f 7483 6828 6844
f 7483 6844 7479
f 6828 6342 6366
f 6828 6366 6844
f 6342 5886 5910
f 6342 5910 6366
f 5886 5458 5478
f 5886 5478 5910
f 5458 5018 5046
f 5458 5046 5478
f 5018 4576 4622
f 5018 4622 5046
f 4576 4160 4188
f 4576 4188 4622
f 4160 3716 3756
f 4160 3756 4188
f 3716 3226 3290
f 3716 3290 3756
f 3226 2638 2738
f 3226 2738 3290
f 2638 2202 2289
f 2638 2289 2738
f 2202 1840 1898
f 2202 1898 2289
f 1840 1587 1646
f 1840 1646 1898
f 1587 1369 1424
f 1587 1424 1646
f 1369 1151 1223
f 1369 1223 1424
f 1151 962 1029
f 1151 1029 1223
f 962 810 874
f 962 874 1029
f 810 673 740
f 810 740 874
f 673 561 613
f 673 613 740
f 561 453 536
f 561 536 613
f 453 393 449
f 453 449 536
f 393 340 411
f 393 411 449
f 340 303 379
f 340 379 411
f 303 292 358
f 303 358 379
f 292 302 378
f 292 378 358
f 302 339 410
f 302 410 378
f 339 392 448
f 339 448 410
f 392 450 532
f 392 532 448
f 450 560 612
f 450 612 532
f 560 672 739
f 560 739 612
f 672 809 873
f 672 873 739
f 809 961 1028
f 809 1028 873
f 961 1150 1222
f 961 1222 1028
f 1150 1366 1423
f 1150 1423 1222
f 1366 1586 1645
f 1366 1645 1423
f 1586 1839 1897
f 1586 1897 1645
f 1839 2197 2286
f 1839 2286 1897
f 2197 2630 2735
f 2197 2735 2286
f 2630 3225 3289
f 2630 3289 2735
f 3225 3713 3755
f 3225 3755 3289
f 3713 4159 4187
f 3713 4187 3755
f 4159 4571 4621
f 4159 4621 4187
f 4571 5017 5045
f 4571 5045 4621
f 5017 5457 5477
f 5017 5477 5045
f 5457 5885 5909
f 5457 5909 5477
f 5885 6341 6365
f 5885 6365 5909
f 6341 6827 6843
f 6341 6843 6365
f 6827 7240 7244
f 6827 7244 6843
f 7240 7895 7879
f 7240 7879 7244
f 7895 8381 8357
f 7895 8357 7879
f 8381 8837 8813
f 8381 8813 8357
f 8837 9265 9245
f 8837 9245 8813
f 9265 9705 9677
f 9265 9677 9245
f 9705 10147 10101
f 9705 10101 9677
f 10147 10563 10535
f 10147 10535 10101
f 10563 11011 10971
f 10563 10971 10535
f 11011 11501 11433
f 11011 11433 10971
f 11501 12099 11995
f 11501 11995 11433
f 12099 12525 12440
f 12099 12440 11995
f 12525 12887 12829
f 12525 12829 12440
f 12887 13140 13081
f 12887 13081 12829
f 13140 13358 13303
f 13140 13303 13081
f 13358 13576 13504
f 13358 13504 13303
f 13576 13765 13698
f 13576 13698 13504
f 13765 13917 13853
f 13765 13853 13698
f 13917 14054 13987
f 13917 13987 13853
f 14054 14166 14114
f 14054 14114 13987
f 14166 14274 14191
f 14166 14191 14114
f 14274 14334 14278
f 14274 14278 14191
f 14334 14387 14316
f 14334 14316 14278
f 14387 14424 14348
f 14387 14348 14316
f 14424 14435 14369
f 14424 14369 14348
f 14369 14349 14282
f 14369 14282 14296
f 14349 14317 14253
f 14349 14253 14282
f 14317 14279 14194
f 14317 14194 14253
f 14279 14195 14135
f 14279 14135 14194
f 14195 14115 14025
f 14195 14025 14135
f 14115 13988 13921
f 14115 13921 14025
f 13988 13854 13787
f 13988 13787 13921
f 13854 13699 13620
f 13854 13620 13787
f 13699 13505 13444
f 13699 13444 13620
f 13505 13304 13236
f 13505 13236 13444
f 13304 13082 13009
f 13304 13009 13236
f 13082 12830 12759
f 13082 12759 13009
f 12830 12443 12369
f 12830 12369 12759
f 12443 11998 11870
f 12443 11870 12369
f 11998 11434 11362
f 11998 11362 11870
f 11434 10972 10916
f 11434 10916 11362
f 10972 10536 10496
f 10972 10496 10916
f 10536 10102 10065
f 10536 10065 10496
f 10102 9678 9659
f 10102 9659 10065
f 9678 9246 9214
f 9678 9214 9659
f 9246 8814 8788
f 9246 8788 9214
f 8814 8358 8332
f 8814 8332 8788
f 8358 7880 7865
f 8358 7865 8332
f 7880 7479 7474
f 7880 7474 7865
f 7479 6844 6863
f 7479 6863 7474
f 6844 6366 6394
f 6844 6394 6863
f 6366 5910 5936
f 6366 5936 6394
f 5910 5478 5512
f 5910 5512 5936
f 5478 5046 5067
f 5478 5067 5512
f 5046 4622 4659
f 5046 4659 5067
f 4622 4188 4238
f 4622 4238 4659
f 4188 3756 3810
f 4188 3810 4238
f 3756 3290 3366
f 3756 3366 3810
f 3290 2738 2862
f 3290 2862 3366
f 2738 2289 2369
f 2738 2369 2862
f 2289 1898 1971
f 2289 1971 2369
f 1898 1646 1719
f 1898 1719 1971
f 1646 1424 1492
f 1646 1492 1719
f 1424 1223 1286
f 1424 1286 1492
f 1223 1029 1110
f 1223 1110 1286
f 1029 874 943
f 1029 943 1110
f 874 740 807
f 874 807 943
f 740 613 703
f 740 703 807
f 613 536 595
f 613 595 703
f 536 449 535
f 536 535 595
f 449 411 477
f 449 477 535
f 411 379 446
f 411 446 477
f 379 358 431
f 379 431 446
f 358 378 445
f 358 445 431
f 378 410 475
f 378 475 445
f 410 448 533
f 410 533 475
f 448 532 593
f 448 593 533
f 532 612 702
f 532 702 593
f 612 739 806
f 612 806 702
f 739 873 941
f 739 941 806
f 873 1028 1108
f 873 1108 941
f 1028 1222 1283
f 1028 1283 1108
f 1222 1423 1491
f 1222 1491 1283
f 1423 1645 1718
f 1423 1718 1491
f 1645 1897 1969
f 1645 1969 1718
f 1897 2286 2364
f 1897 2364 1969
f 2286 2735 2857
f 2286 2857 2364
f 2735 3289 3365
f 2735 3365 2857
f 3289 3755 3808
f 3289 3808 3365
f 3755 4187 4228
f 3755 4228 3808
f 4187 4621 4658
f 4187 4658 4228
f 4621 5045 5064
f 4621 5064 4658
f 5045 5477 5510
f 5045 5510 5064
f 5477 5909 5935
f 5477 5935 5510
f 5909 6365 6392
f 5909 6392 5935
f 6365 6843 6858
f 6365 6858 6392
f 6843 7244 7249
f 6843 7249 6858
f 7244 7879 7860
f 7244 7860 7249
f 7879 8357 8330
f 7879 8330 7860
f 8357 8813 8787
f 8357 8787 8330
f 8813 9245 9212
f 8813 9212 8787
f 9245 9677 9656
f 9245 9656 9212
f 9677 10101 10064
f 9677 10064 9656
f 10101 10535 10486
f 10101 10486 10064
f 10535 10971 10914
f 10535 10914 10486
f 10971 11433 11361
f 10971 11361 10914
f 11433 11995 11865
f 11433 11865 11361
f 11995 12440 12364
f 11995 12364 11865
f 12440 12829 12757
f 12440 12757 12364
f 12829 13081 13008
f 12829 13008 12757
f 13081 13303 13235
f 13081 13235 13008
f 13303 13504 13441
f 13303 13441 13235
f 13504 13698 13618
f 13504 13618 13441
f 13698 13853 13785
f 13698 13785 13618
f 13853 13987 13920
f 13853 13920 13785
f 13987 14114 14024
f 13987 14024 13920
f 14114 14191 14133
f 14114 14133 14024
f 14191 14278 14192
f 14191 14192 14133
f 14278 14316 14251
f 14278 14251 14192
f 14316 14348 14281
f 14316 14281 14251
f 14348 14369 14296
f 14348 14296 14281
f 14296 14282 14202
f 14296 14202 14207
f 14282 14253 14169
f 14282 14169 14202
f 14253 14194 14130
f 14253 14130 14169
f 14194 14135 14050
f 14194 14050 14130
f 14135 14025 13967
f 14135 13967 14050
f 14025 13921 13846
f 14025 13846 13967
f 13921 13787 13712
f 13921 13712 13846
f 13787 13620 13556
f 13787 13556 13712
f 13620 13444 13369
f 13620 13369 13556
f 13444 13236 13168
f 13444 13168 13369
f 13236 13009 12950
f 13236 12950 13168
f 13009 12759 12667
f 13009 12667 12950
f 12759 12369 12271
f 12759 12271 12667
f 12369 11870 11772
f 12369 11772 12271
f 11870 11362 11290
f 11870 11290 11772
f 11362 10916 10866
f 11362 10866 11290
f 10916 10496 10446
f 10916 10446 10866
f 10496 10065 10022
f 10496 10022 10446
f 10065 9659 9636
f 10065 9636 10022
f 9659 9214 9190
f 9659 9190 9636
f 9214 8788 8766
f 9214 8766 9190
f 8788 8332 8322
f 8788 8322 8766
f 8332 7865 7854
f 8332 7854 8322
f 7865 7474 7472
f 7865 7472 7854
f 7474 6863 6870
f 7474 6870 7472
f 6863 6394 6402
f 6863 6402 6870
f 6394 5936 5964
f 6394 5964 6402
f 5936 5512 5536
f 5936 5536 5964
f 5512 5067 5092
f 5512 5092 5536
f 5067 4659 4702
f 5067 4702 5092
f 4659 4238 4278
f 4659 4278 4702
f 4238 3810 3860
f 4238 3860 4278
f 3810 3366 3440
f 3810 3440 3860
f 3366 2862 2958
f 3366 2958 3440
f 2862 2369 2467
f 2862 2467 2958
f 2369 1971 2063
f 2369 2063 2467
f 1971 1719 1780
f 1971 1780 2063
f 1719 1492 1560
f 1719 1560 1780
f 1492 1286 1361
f 1492 1361 1560
f 1286 1110 1172
f 1286 1172 1361
f 1110 943 1018
f 1110 1018 1172
f 943 807 882
f 943 882 1018
f 807 703 761
f 807 761 882
f 703 595 680
f 703 680 761
f 595 535 600
f 595 600 680
f 535 477 559
f 535 559 600
f 477 446 526
f 477 526 559
f 446 431 520
f 446 520 526
f 431 445 525
f 431 525 520
f 445 475 558
f 445 558 525
f 475 533 597
f 475 597 558
f 533 593 677
f 533 677 597
f 593 702 760
f 593 760 677
f 702 806 881
f 702 881 760
f 806 941 1015
f 806 1015 881
f 941 1108 1171
f 941 1171 1015
f 1108 1283 1358
f 1108 1358 1171
f 1283 1491 1559
f 1283 1559 1358
f 1491 1718 1777
f 1491 1777 1559
f 1718 1969 2060
f 1718 2060 1777
f 1969 2364 2466
f 1969 2466 2060
f 2364 2857 2955
f 2364 2955 2466
f 2857 3365 3437
f 2857 3437 2955
f 3365 3808 3857
f 3365 3857 3437
f 3808 4228 4277
f 3808 4277 3857
f 4228 4658 4701
f 4228 4701 4277
f 4658 5064 5087
f 4658 5087 4701
f 5064 5510 5533
f 5064 5533 5087
f 5510 5935 5957
f 5510 5957 5533
f 5935 6392 6401
f 5935 6401 5957
f 6392 6858 6869
f 6392 6869 6401
f 6858 7249 7251
f 6858 7251 6869
f 7249 7860 7853
f 7249 7853 7251
f 7860 8330 8321
f 7860 8321 7853
f 8330 8787 8759
f 8330 8759 8321
f 8787 9212 9187
f 8787 9187 8759
f 9212 9656 9631
f 9212 9631 9187
f 9656 10064 10021
f 9656 10021 9631
f 10064 10486 10445
f 10064 10445 10021
f 10486 10914 10863
f 10486 10863 10445
f 10914 11361 11287
f 10914 11287 10863
f 11361 11865 11769
f 11361 11769 11287
f 11865 12364 12270
f 11865 12270 11769
f 12364 12757 12664
f 12364 12664 12270
f 12757 13008 12947
f 12757 12947 12664
f 13008 13235 13167
f 13008 13167 12947
f 13235 13441 13366
f 13235 13366 13167
f 13441 13618 13555
f 13441 13555 13366
f 13618 13785 13709
f 13618 13709 13555
f 13785 13920 13845
f 13785 13845 13709
f 13920 14024 13966
f 13920 13966 13845
f 14024 14133 14047
f 14024 14047 13966
f 14133 14192 14127
f 14133 14127 14047
f 14192 14251 14168
f 14192 14168 14127
f 14251 14281 14201
f 14251 14201 14168
f 14281 14296 14207
f 14281 14207 14201
f 14207 14202 14125
f 14207 14125 14137
f 14202 14169 14089
f 14202 14089 14125
f 14169 14130 14034
f 14169 14034 14089
f 14130 14050 13973
f 14130 13973 14034
f 14050 13967 13872
f 14050 13872 13973
f 13967 13846 13775
f 13967 13775 13872
f 13846 13712 13628
f 13846 13628 13775
f 13712 13556 13473
f 13712 13473 13628
f 13556 13369 13293
f 13556 13293 13473
f 13369 13168 13102
f 13369 13102 13293
f 13168 12950 12884
f 13168 12884 13102
f 12950 12667 12564
f 12950 12564 12884
f 12667 12271 12188
f 12667 12188 12564
f 12271 11772 11650
f 12271 11650 12188
f 11772 11290 11194
f 11772 11194 11650
f 11290 10866 10800
f 11290 10800 11194
f 10866 10446 10398
f 10866 10398 10800
f 10446 10022 9990
f 10446 9990 10398
f 10022 9636 9572
f 10022 9572 9990
f 9636 9190 9172
f 9636 9172 9572
f 9190 8766 8744
f 9190 8744 9172
f 8766 8322 8306
f 8766 8306 8744
f 8322 7854 7842
f 8322 7842 8306
f 7854 7472 7468
f 7854 7468 7842
f 7472 6870 6886
f 7472 6886 7468
f 6870 6402 6422
f 6870 6422 6886
f 6402 5964 5982
f 6402 5982 6422
f 5964 5536 5552
f 5964 5552 5982
f 5536 5092 5152
f 5536 5152 5552
f 5092 4702 4736
f 5092 4736 5152
f 4702 4278 4326
f 4702 4326 4736
f 4278 3860 3930
f 4278 3930 4326
f 3860 3440 3530
f 3860 3530 3930
f 3440 2958 3082
f 3440 3082 3530
f 2958 2467 2554
f 2958 2554 3082
f 2467 2063 2166
f 2467 2166 2554
f 2063 1780 1844
f 2063 1844 2166
f 1780 1560 1626
f 1780 1626 1844
f 1560 1361 1435
f 1560 1435 1626
f 1361 1172 1257
f 1361 1257 1435
f 1172 1018 1102
f 1172 1102 1257
f 1018 882 953
f 1018 953 1102
f 882 761 856
f 882 856 953
f 761 680 755
f 761 755 856
f 680 600 694
f 680 694 755
f 600 559 640
f 600 640 694
f 559 526 603
f 559 603 640
f 526 520 590
f 526 590 603
f 520 525 602
f 520 602 590
f 525 558 638
f 525 638 602
f 558 597 693
f 558 693 638
f 597 677 754
f 597 754 693
f 677 760 855
f 677 855 754
f 760 881 952
f 760 952 855
f 881 1015 1099
f 881 1099 952
f 1015 1171 1254
f 1015 1254 1099
f 1171 1358 1434
f 1171 1434 1254
f 1358 1559 1625
f 1358 1625 1434
f 1559 1777 1843
f 1559 1843 1625
f 1777 2060 2163
f 1777 2163 1843
f 2060 2466 2553
f 2060 2553 2163
f 2466 2955 3077
f 2466 3077 2553
f 2955 3437 3529
f 2955 3529 3077
f 3437 3857 3923
f 3437 3923 3529
f 3857 4277 4325
f 3857 4325 3923
f 4277 4701 4733
f 4277 4733 4325
f 4701 5087 5151
f 4701 5151 4733
f 5087 5533 5551
f 5087 5551 5151
f 5533 5957 5979
f 5533 5979 5551
f 5957 6401 6417
f 5957 6417 5979
f 6401 6869 6881
f 6401 6881 6417
f 6869 7251 7255
f 6869 7255 6881
f 7251 7853 7837
f 7251 7837 7255
f 7853 8321 8301
f 7853 8301 7837
f 8321 8759 8741
f 8321 8741 8301
f 8759 9187 9171
f 8759 9171 8741
f 9187 9631 9571
f 9187 9571 9171
f 9631 10021 9987
f 9631 9987 9571
f 10021 10445 10397
f 10021 10397 9987
f 10445 10863 10793
f 10445 10793 10397
f 10863 11287 11193
f 10863 11193 10793
f 11287 11769 11645
f 11287 11645 11193
f 11769 12270 12187
f 11769 12187 11645
f 12270 12664 12561
f 12270 12561 12187
f 12664 12947 12883
f 12664 12883 12561
f 12947 13167 13101
f 12947 13101 12883
f 13167 13366 13292
f 13167 13292 13101
f 13366 13555 13470
f 13366 13470 13292
f 13555 13709 13625
f 13555 13625 13470
f 13709 13845 13774
f 13709 13774 13625
f 13845 13966 13871
f 13845 13871 13774
f 13966 14047 13972
f 13966 13972 13871
f 14047 14127 14033
f 14047 14033 13972
f 14127 14168 14087
f 14127 14087 14033
f 14168 14201 14124
f 14168 14124 14087
f 14201 14207 14137
f 14201 14137 14124
f 14137 14125 14023
f 14137 14023 14038
f 14125 14089 14001
f 14125 14001 14023
f 14089 14034 13963
f 14089 13963 14001
f 14034 13973 13877
f 14034 13877 13963
f 13973 13872 13795
f 13973 13795 13877
f 13872 13775 13666
f 13872 13666 13795
f 13775 13628 13546
f 13775 13546 13666
f 13628 13473 13381
f 13628 13381 13546
f 13473 13293 13218
f 13473 13218 13381
f 13293 13102 13016
f 13293 13016 13218
f 13102 12884 12806
f 13102 12806 13016
f 12884 12564 12455
f 12884 12455 12806
f 12564 12188 12092
f 12564 12092 12455
f 12188 11650 11544
f 12188 11544 12092
f 11650 11194 11106
f 11650 11106 11544
f 11194 10800 10734
f 11194 10734 11106
f 10800 10398 10343
f 10800 10343 10734
f 10398 9990 9954
f 10398 9954 10343
f 9990 9572 9540
f 9990 9540 9954
f 9572 9172 9152
f 9572 9152 9540
f 9172 8744 8722
f 9172 8722 9152
f 8744 8306 8284
f 8744 8284 8722
f 8306 7842 7830
f 8306 7830 8284
f 7842 7468 7464
f 7842 7464 7830
f 7468 6886 6898
f 7468 6898 7464
f 6886 6422 6442
f 6886 6442 6898
f 6422 5982 6002
f 6422 6002 6442
f 5982 5552 5572
f 5982 5572 6002
f 5552 5152 5184
f 5552 5184 5572
f 5152 4736 4770
f 5152 4770 5184
f 4736 4326 4385
f 4736 4385 4770
f 4326 3930 3992
f 4326 3992 4385
f 3930 3530 3618
f 3930 3618 3992
f 3530 3082 3186
f 3530 3186 3618
f 3082 2554 2646
f 3082 2646 3186
f 2554 2166 2275
f 2554 2275 2646
f 2166 1844 1922
f 2166 1922 2275
f 1844 1626 1712
f 1844 1712 1922
f 1626 1435 1510
f 1626 1510 1712
f 1435 1257 1347
f 1435 1347 1510
f 1257 1102 1182
f 1257 1182 1347
f 1102 953 1062
f 1102 1062 1182
f 953 856 933
f 953 933 1062
f 856 755 851
f 856 851 933
f 755 694 765
f 755 765 851
f 694 640 727
f 694 727 765
f 640 603 705
f 640 705 727
f 603 590 689
f 603 689 705
f 590 602 704
f 590 704 689
f 602 638 726
f 602 726 704
f 638 693 764
f 638 764 726
f 693 754 850
f 693 850 764
f 754 855 932
f 754 932 850
f 855 952 1061
f 855 1061 932
f 952 1099 1181
f 952 1181 1061
f 1099 1254 1346
f 1099 1346 1181
f 1254 1434 1509
f 1254 1509 1346
f 1434 1625 1711
f 1434 1711 1509
f 1625 1843 1921
f 1625 1921 1711
f 1843 2163 2272
f 1843 2272 1921
f 2163 2553 2641
f 2163 2641 2272
f 2553 3077 3183
f 2553 3183 2641
f 3077 3529 3617
f 3077 3617 3183
f 3529 3923 3989
f 3529 3989 3617
f 3923 4325 4380
f 3923 4380 3989
f 4325 4733 4769
f 4325 4769 4380
f 4733 5151 5183
f 4733 5183 4769
f 5151 5551 5571
f 5151 5571 5183
f 5551 5979 6001
f 5551 6001 5571
f 5979 6417 6439
f 5979 6439 6001
f 6417 6881 6893
f 6417 6893 6439
f 6881 7255 7259
f 6881 7259 6893
f 7255 7837 7825
f 7255 7825 7259
f 7837 8301 8281
f 7837 8281 7825
f 8301 8741 8721
f 8301 8721 8281
f 8741 9171 9151
f 8741 9151 8721
f 9171 9571 9539
f 9171 9539 9151
f 9571 9987 9953
f 9571 9953 9539
f 9987 10397 10338
f 9987 10338 9953
f 10397 10793 10731
f 10397 10731 10338
f 10793 11193 11105
f 10793 11105 10731
f 11193 11645 11541
f 11193 11541 11105
f 11645 12187 12087
f 11645 12087 11541
f 12187 12561 12452
f 12187 12452 12087
f 12561 12883 12805
f 12561 12805 12452
f 12883 13101 13015
f 12883 13015 12805
f 13101 13292 13217
f 13101 13217 13015
f 13292 13470 13380
f 13292 13380 13217
f 13470 13625 13545
f 13470 13545 13380
f 13625 13774 13665
f 13625 13665 13545
f 13774 13871 13794
f 13774 13794 13665
f 13871 13972 13876
f 13871 13876 13794
f 13972 14033 13962
f 13972 13962 13876
f 14033 14087 14000
f 14033 14000 13962
f 14087 14124 14022
f 14087 14022 14000
f 14124 14137 14038
f 14124 14038 14022
f 14038 14023 13949
f 14038 13949 13961
f 14023 14001 13907
f 14023 13907 13949
f 14001 13963 13856
f 14001 13856 13907
f 13963 13877 13792
f 13963 13792 13856
f 13877 13795 13705
f 13877 13705 13792
f 13795 13666 13583
f 13795 13583 13705
f 13666 13546 13463
f 13666 13463 13583
f 13546 13381 13301
f 13546 13301 13463
f 13381 13218 13139
f 13381 13139 13301
f 13218 13016 12941
f 13218 12941 13139
f 13016 12806 12690
f 13016 12690 12941
f 12806 12455 12347
f 12806 12347 12690
f 12455 12092 11916
f 12455 11916 12347
f 12092 11544 11445
f 12092 11445 11916
f 11544 11106 11031
f 11544 11031 11445
f 11106 10734 10632
f 11106 10632 11031
f 10734 10343 10266
f 10734 10266 10632
f 10343 9954 9918
f 10343 9918 10266
f 9954 9540 9516
f 9954 9516 9918
f 9540 9152 9120
f 9540 9120 9516
f 9152 8722 8692
f 9152 8692 9120
f 8722 8284 8252
f 8722 8252 8692
f 8284 7830 7816
f 8284 7816 8252
f 7830 7464 7461
f 7830 7461 7816
f 7464 6898 6908
f 7464 6908 7461
f 6898 6442 6472
f 6898 6472 6908
f 6442 6002 6032
f 6442 6032 6472
f 6002 5572 5604
f 6002 5604 6032
f 5572 5184 5208
f 5572 5208 5604
f 5184 4770 4806
f 5184 4806 5208
f 4770 4385 4458
f 4770 4458 4806
f 4385 3992 4092
f 4385 4092 4458
f 3992 3618 3697
f 3992 3697 4092
f 3618 3186 3279
f 3618 3279 3697
f 3186 2646 2816
f 3186 2816 3279
f 2646 2275 2391
f 2646 2391 2816
f 2275 1922 2040
f 2275 2040 2391
f 1922 1712 1787
f 1922 1787 2040
f 1712 1510 1591
f 1712 1591 1787
f 1510 1347 1427
f 1510 1427 1591
f 1347 1182 1265
f 1347 1265 1427
f 1182 1062 1145
f 1182 1145 1265
f 1062 933 1023
f 1062 1023 1145
f 933 851 936
f 933 936 1023
f 851 765 872
f 851 872 936
f 765 727 821
f 765 821 872
f 727 705 779
f 727 779 821
f 705 689 766
f 705 766 779
f 689 704 778
f 689 778 766
f 704 726 820
f 704 820 778
f 726 764 871
f 726 871 820
f 764 850 935
f 764 935 871
f 850 932 1022
f 850 1022 935
f 932 1061 1144
f 932 1144 1022
f 1061 1181 1264
f 1061 1264 1144
f 1181 1346 1426
f 1181 1426 1264
f 1346 1509 1588
f 1346 1588 1426
f 1509 1711 1786
f 1509 1786 1588
f 1711 1921 2037
f 1711 2037 1786
f 1921 2272 2390
f 1921 2390 2037
f 2272 2641 2815
f 2272 2815 2390
f 2641 3183 3278
f 2641 3278 2815
f 3183 3617 3696
f 3183 3696 3278
f 3617 3989 4091
f 3617 4091 3696
f 3989 4380 4457
f 3989 4457 4091
f 4380 4769 4805
f 4380 4805 4457
f 4769 5183 5207
f 4769 5207 4805
f 5183 5571 5603
f 5183 5603 5207
f 5571 6001 6031
f 5571 6031 5603
f 6001 6439 6471
f 6001 6471 6031
f 6439 6893 6907
f 6439 6907 6471
f 6893 7259 7262
f 6893 7262 6907
f 7259 7825 7815
f 7259 7815 7262
f 7825 8281 8251
f 7825 8251 7815
f 8281 8721 8691
f 8281 8691 8251
f 8721 9151 9119
f 8721 9119 8691
f 9151 9539 9515
f 9151 9515 9119
f 9539 9953 9917
f 9539 9917 9515
f 9953 10338 10265
f 9953 10265 9917
f 10338 10731 10631
f 10338 10631 10265
f 10731 11105 11030
f 10731 11030 10631
f 11105 11541 11444
f 11105 11444 11030
f 11541 12087 11915
f 11541 11915 11444
f 12087 12452 12346
f 12087 12346 11915
f 12452 12805 12687
f 12452 12687 12346
f 12805 13015 12940
f 12805 12940 12687
f 13015 13217 13136
f 13015 13136 12940
f 13217 13380 13300
f 13217 13300 13136
f 13380 13545 13462
f 13380 13462 13300
f 13545 13665 13582
f 13545 13582 13462
f 13665 13794 13704
f 13665 13704 13582
f 13794 13876 13791
f 13794 13791 13704
f 13876 13962 13855
f 13876 13855 13791
f 13962 14000 13906
f 13962 13906 13855
f 14000 14022 13948
f 14000 13948 13906
f 14022 14038 13961
f 14022 13961 13948
f 13961 13949 13841
f 13961 13841 13849
f 13949 13907 13807
f 13949 13807 13841
f 13907 13856 13772
f 13907 13772 13807
f 13856 13792 13697
f 13856 13697 13772
f 13792 13705 13609
f 13792 13609 13697
f 13705 13583 13488
f 13705 13488 13609
f 13583 13463 13355
f 13583 13355 13488
f 13463 13301 13216
f 13463 13216 13355
f 13301 13139 13051
f 13301 13051 13216
f 13139 12941 12862
f 13139 12862 13051
f 12941 12690 12576
f 12941 12576 12862
f 12690 12347 12243
f 12690 12243 12576
f 12347 11916 11789
f 12347 11789 12243
f 11916 11445 11358
f 11916 11358 11789
f 11445 11031 10956
f 11445 10956 11358
f 11031 10632 10562
f 11031 10562 10956
f 10632 10266 10202
f 10632 10202 10562
f 10266 9918 9868
f 10266 9868 10202
f 9918 9516 9484
f 9918 9484 9868
f 9516 9120 9082
f 9516 9082 9484
f 9120 8692 8662
f 9120 8662 9082
f 8692 8252 8227
f 8692 8227 8662
f 8252 7816 7798
f 8252 7798 8227
f 7816 7461 7457
f 7816 7457 7798
f 7461 6908 6930
f 7461 6930 7457
f 6908 6472 6497
f 6908 6497 6930
f 6472 6032 6072
f 6472 6072 6497
f 6032 5604 5646
f 6032 5646 6072
f 5604 5208 5242
f 5604 5242 5646
f 5208 4806 4858
f 5208 4858 5242
f 4806 4458 4524
f 4806 4524 4858
f 4458 4092 4164
f 4458 4164 4524
f 4092 3697 3774
f 4092 3774 4164
f 3697 3279 3374
f 3697 3374 3774
f 3279 2816 2941
f 3279 2941 3374
f 2816 2391 2497
f 2816 2497 2941
f 2391 2040 2154
f 2391 2154 2497
f 2040 1787 1868
f 2040 1868 2154
f 1787 1591 1681
f 1787 1681 1868
f 1591 1427 1516
f 1591 1516 1681
f 1427 1265 1375
f 1427 1375 1516
f 1265 1145 1240
f 1265 1240 1375
f 1145 1023 1124
f 1145 1124 1240
f 1023 936 1033
f 1023 1033 1124
f 936 872 958
f 936 958 1033
f 872 821 921
f 872 921 958
f 821 779 889
f 821 889 921
f 779 766 878
f 779 878 889
f 766 778 887
f 766 887 878
f 778 820 920
f 778 920 887
f 820 871 956
f 820 956 920
f 871 935 1031
f 871 1031 956
f 935 1022 1119
f 935 1119 1031
f 1022 1144 1239
f 1022 1239 1119
f 1144 1264 1373
f 1144 1373 1239
f 1264 1426 1512
f 1264 1512 1373
f 1426 1588 1677
f 1426 1677 1512
f 1588 1786 1866
f 1588 1866 1677
f 1786 2037 2152
f 1786 2152 1866
f 2037 2390 2495
f 2037 2495 2152
f 2390 2815 2939
f 2390 2939 2495
f 2815 3278 3370
f 2815 3370 2939
f 3278 3696 3768
f 3278 3768 3370
f 3696 4091 4162
f 3696 4162 3768
f 4091 4457 4522
f 4091 4522 4162
f 4457 4805 4855
f 4457 4855 4522
f 4805 5207 5240
f 4805 5240 4855
f 5207 5603 5642
f 5207 5642 5240
f 5603 6031 6062
f 5603 6062 5642
f 6031 6471 6496
f 6031 6496 6062
f 6471 6907 6926
f 6471 6926 6496
f 6907 7262 7266
f 6907 7266 6926
f 7262 7815 7794
f 7262 7794 7266
f 7815 8251 8226
f 7815 8226 7794
f 8251 8691 8652
f 8251 8652 8226
f 8691 9119 9078
f 8691 9078 8652
f 9119 9515 9482
f 9119 9482 9078
f 9515 9917 9865
f 9515 9865 9482
f 9917 10265 10200
f 9917 10200 9865
f 10265 10631 10560
f 10265 10560 10200
f 10631 11030 10950
f 10631 10950 10560
f 11030 11444 11354
f 11030 11354 10950
f 11444 11915 11787
f 11444 11787 11354
f 11915 12346 12241
f 11915 12241 11787
f 12346 12687 12574
f 12346 12574 12241
f 12687 12940 12860
f 12687 12860 12574
f 12940 13136 13047
f 12940 13047 12860
f 13136 13300 13212
f 13136 13212 13047
f 13300 13462 13353
f 13300 13353 13212
f 13462 13582 13487
f 13462 13487 13353
f 13582 13704 13604
f 13582 13604 13487
f 13704 13791 13695
f 13704 13695 13604
f 13791 13855 13770
f 13791 13770 13695
f 13855 13906 13806
f 13855 13806 13770
f 13906 13948 13839
f 13906 13839 13806
f 13948 13961 13849
f 13948 13849 13839
f 13849 13841 13740
f 13849 13740 13748
f 13841 13807 13707
f 13841 13707 13740
f 13807 13772 13649
f 13807 13649 13707
f 13772 13697 13586
f 13772 13586 13649
f 13697 13609 13495
f 13697 13495 13586
f 13609 13488 13383
f 13609 13383 13495
f 13488 13355 13259
f 13488 13259 13383
f 13355 13216 13120
f 13355 13120 13259
f 13216 13051 12949
f 13216 12949 13120
f 13051 12862 12744
f 13051 12744 12949
f 12862 12576 12439
f 12862 12439 12744
f 12576 12243 12122
f 12576 12122 12439
f 12243 11789 11624
f 12243 11624 12122
f 11789 11358 11222
f 11789 11222 11624
f 11358 10956 10874
f 11358 10874 11222
f 10956 10562 10514
f 10956 10514 10874
f 10562 10202 10146
f 10562 10146 10514
f 10202 9868 9766
f 10202 9766 10146
f 9868 9484 9439
f 9868 9439 9766
f 9484 9082 9058
f 9484 9058 9439
f 9082 8662 8642
f 9082 8642 9058
f 8662 8227 8213
f 8662 8213 8642
f 8227 7798 7788
f 8227 7788 8213
f 7798 7457 7453
f 7798 7453 7788
f 7457 6930 6936
f 7457 6936 7453
f 6930 6497 6511
f 6930 6511 6936
f 6497 6072 6082
f 6497 6082 6511
f 6072 5646 5670
f 6072 5670 6082
f 5646 5242 5285
f 5646 5285 5670
f 5242 4858 4958
f 5242 4958 5285
f 4858 4524 4580
f 4858 4580 4958
f 4524 4164 4212
f 4524 4212 4580
f 4164 3774 3854
f 4164 3854 4212
f 3774 3374 3502
f 3774 3502 3854
f 3374 2941 3104
f 3374 3104 3502
f 2941 2497 2620
f 2941 2620 3104
f 2497 2154 2291
f 2497 2291 2620
f 2154 1868 1984
f 2154 1984 2291
f 1868 1681 1779
f 1868 1779 1984
f 1681 1516 1608
f 1681 1608 1779
f 1516 1375 1469
f 1516 1469 1608
f 1375 1240 1345
f 1375 1345 1469
f 1240 1124 1233
f 1240 1233 1345
f 1124 1033 1142
f 1124 1142 1233
f 1033 958 1079
f 1033 1079 1142
f 958 921 1021
f 958 1021 1079
f 921 889 988
f 921 988 1021
f 889 878 979
f 889 979 988
f 878 887 987
f 878 987 979
f 887 920 1020
f 887 1020 987
f 920 956 1078
f 920 1078 1020
f 956 1031 1141
f 956 1141 1078
f 1031 1119 1232
f 1031 1232 1141
f 1119 1239 1344
f 1119 1344 1232
f 1239 1373 1468
f 1239 1468 1344
f 1373 1512 1607
f 1373 1607 1468
f 1512 1677 1778
f 1512 1778 1607
f 1677 1866 1983
f 1677 1983 1778
f 1866 2152 2290
f 1866 2290 1983
f 2152 2495 2619
f 2152 2619 2290
f 2495 2939 3103
f 2495 3103 2619
f 2939 3370 3501
f 2939 3501 3103
f 3370 3768 3849
f 3370 3849 3501
f 3768 4162 4209
f 3768 4209 3849
f 4162 4522 4577
f 4162 4577 4209
f 4522 4855 4957
f 4522 4957 4577
f 4855 5240 5284
f 4855 5284 4957
f 5240 5642 5665
f 5240 5665 5284
f 5642 6062 6081
f 5642 6081 5665
f 6062 6496 6510
f 6062 6510 6081
f 6496 6926 6935
f 6496 6935 6510
f 6926 7266 7270
f 6926 7270 6935
f 7266 7794 7787
f 7266 7787 7270
f 7794 8226 8212
f 7794 8212 7787
f 8226 8652 8641
f 8226 8641 8212
f 8652 9078 9053
f 8652 9053 8641
f 9078 9482 9438
f 9078 9438 9053
f 9482 9865 9765
f 9482 9765 9438
f 9865 10200 10143
f 9865 10143 9765
f 10200 10560 10511
f 10200 10511 10143
f 10560 10950 10869
f 10560 10869 10511
f 10950 11354 11221
f 10950 11221 10869
f 11354 11787 11623
f 11354 11623 11221
f 11787 12241 12121
f 11787 12121 11623
f 12241 12574 12438
f 12241 12438 12121
f 12574 12860 12743
f 12574 12743 12438
f 12860 13047 12948
f 12860 12948 12743
f 13047 13212 13119
f 13047 13119 12948
f 13212 13353 13258
f 13212 13258 13119
f 13353 13487 13382
f 13353 13382 13258
f 13487 13604 13494
f 13487 13494 13382
f 13604 13695 13585
f 13604 13585 13494
f 13695 13770 13648
f 13695 13648 13585
f 13770 13806 13706
f 13770 13706 13648
f 13806 13839 13739
f 13806 13739 13706
f 13839 13849 13748
f 13839 13748 13739
f 13748 13740 13627
f 13748 13627 13634
f 13740 13707 13602
f 13740 13602 13627
f 13707 13649 13553
f 13707 13553 13602
f 13649 13586 13479
f 13649 13479 13553
f 13586 13495 13385
f 13586 13385 13479
f 13495 13383 13288
f 13495 13288 13385
f 13383 13259 13165
f 13383 13165 13288
f 13259 13120 13012
f 13259 13012 13165
f 13120 12949 12864
f 13120 12864 13012
f 12949 12744 12606
f 12949 12606 12864
f 12744 12439 12315
f 12744 12315 12606
f 12439 12122 11943
f 12439 11943 12315
f 12122 11624 11508
f 12122 11508 11943
f 11624 11222 11120
f 11624 11120 11508
f 11222 10874 10787
f 11222 10787 11120
f 10874 10514 10434
f 10874 10434 10787
f 10514 10146 10077
f 10514 10077 10434
f 10146 9766 9715
f 10146 9715 10077
f 9766 9439 9410
f 9766 9410 9715
f 9439 9058 9016
f 9439 9016 9410
f 9058 8642 8624
f 9058 8624 9016
f 8642 8213 8192
f 8642 8192 8624
f 8213 7788 7778
f 8213 7778 8192
f 7788 7453 7450
f 7788 7450 7778
f 7453 6936 6946
f 7453 6946 7450
f 6936 6511 6532
f 6936 6532 6946
f 6511 6082 6100
f 6511 6100 6532
f 6082 5670 5708
f 6082 5708 6100
f 5670 5285 5314
f 5670 5314 5708
f 5285 4958 5009
f 5285 5009 5314
f 4958 4580 4647
f 4958 4647 5009
f 4580 4212 4290
f 4580 4290 4647
f 4212 3854 3937
f 4212 3937 4290
f 3854 3502 3610
f 3854 3610 3937
f 3502 3104 3220
f 3502 3220 3610
f 3104 2620 2791
f 3104 2791 3220
f 2620 2291 2423
f 2620 2423 2791
f 2291 1984 2122
f 2291 2122 2423
f 1984 1779 1864
f 1984 1864 2122
f 1779 1608 1716
f 1779 1716 1864
f 1608 1469 1563
f 1608 1563 1716
f 1469 1345 1440
f 1469 1440 1563
f 1345 1233 1343
f 1345 1343 1440
f 1233 1142 1249
f 1233 1249 1343
f 1142 1079 1175
f 1142 1175 1249
f 1079 1021 1126
f 1079 1126 1175
f 1021 988 1101
f 1021 1101 1126
f 988 979 1093
f 988 1093 1101
f 979 987 1100
f 979 1100 1093
f 987 1020 1125
f 987 1125 1100
f 1020 1078 1174
f 1020 1174 1125
f 1078 1141 1248
f 1078 1248 1174
f 1141 1232 1342
f 1141 1342 1248
f 1232 1344 1439
f 1232 1439 1342
f 1344 1468 1562
f 1344 1562 1439
f 1468 1607 1715
f 1468 1715 1562
f 1607 1778 1863
f 1607 1863 1715
f 1778 1983 2121
f 1778 2121 1863
f 1983 2290 2422
f 1983 2422 2121
f 2290 2619 2788
f 2290 2788 2422
f 2619 3103 3219
f 2619 3219 2788
f 3103 3501 3603
f 3103 3603 3219
f 3501 3849 3936
f 3501 3936 3603
f 3849 4209 4289
f 3849 4289 3936
f 4209 4577 4646
f 4209 4646 4289
f 4577 4957 5008
f 4577 5008 4646
f 4957 5284 5313
f 4957 5313 5008
f 5284 5665 5707
f 5284 5707 5313
f 5665 6081 6099
f 5665 6099 5707
f 6081 6510 6531
f 6081 6531 6099
f 6510 6935 6945
f 6510 6945 6531
f 6935 7270 7273
f 6935 7273 6945
f 7270 7787 7777
f 7270 7777 7273
f 7787 8212 8191
f 7787 8191 7777
f 8212 8641 8623
f 8212 8623 8191
f 8641 9053 9015
f 8641 9015 8623
f 9053 9438 9409
f 9053 9409 9015
f 9438 9765 9714
f 9438 9714 9409
f 9765 10143 10076
f 9765 10076 9714
f 10143 10511 10433
f 10143 10433 10076
f 10511 10869 10786
f 10511 10786 10433
f 10869 11221 11113
f 10869 11113 10786
f 11221 11623 11507
f 11221 11507 11113
f 11623 12121 11940
f 11623 11940 11507
f 12121 12438 12314
f 12121 12314 11940
f 12438 12743 12605
f 12438 12605 12314
f 12743 12948 12863
f 12743 12863 12605
f 12948 13119 13011
f 12948 13011 12863
f 13119 13258 13164
f 13119 13164 13011
f 13258 13382 13287
f 13258 13287 13164
f 13382 13494 13384
f 13382 13384 13287
f 13494 13585 13478
f 13494 13478 13384
f 13585 13648 13552
f 13585 13552 13478
f 13648 13706 13601
f 13648 13601 13552
f 13706 13739 13626
f 13706 13626 13601
f 13739 13748 13634
f 13739 13634 13626
f 13634 13627 13514
f 13634 13514 13526
f 13627 13602 13484
f 13627 13484 13514
f 13602 13553 13433
f 13602 13433 13484
f 13553 13479 13368
f 13553 13368 13433
f 13479 13385 13279
f 13479 13279 13368
f 13385 13288 13178
f 13385 13178 13279
f 13288 13165 13068
f 13288 13068 13178
f 13165 13012 12922
f 13165 12922 13068
f 13012 12864 12736
f 13012 12736 12922
f 12864 12606 12468
f 12864 12468 12736
f 12606 12315 12186
f 12606 12186 12468
f 12315 11943 11771
f 12315 11771 12186
f 11943 11508 11386
f 11943 11386 11771
f 11508 11120 11028
f 11508 11028 11386
f 11120 10787 10686
f 11120 10686 11028
f 10787 10434 10377
f 10787 10377 10686
f 10434 10077 10014
f 10434 10014 10377
f 10077 9715 9670
f 10077 9670 10014
f 9715 9410 9318
f 9715 9318 9670
f 9410 9016 8988
f 9410 8988 9318
f 9016 8624 8606
f 9016 8606 8988
f 8624 8192 8180
f 8624 8180 8606
f 8192 7778 7770
f 8192 7770 8180
f 7778 7450 7446
f 7778 7446 7770
f 7450 6946 6954
f 7450 6954 7446
f 6946 6532 6544
f 6946 6544 6954
f 6532 6100 6118
f 6532 6118 6544
f 6100 5708 5736
f 6100 5736 6118
f 5708 5314 5406
f 5708 5406 5736
f 5314 5009 5056
f 5314 5056 5406
f 5009 4647 4712
f 5009 4712 5056
f 4647 4290 4351
f 4647 4351 4712
f 4290 3937 4042
f 4290 4042 4351
f 3937 3610 3702
f 3937 3702 4042
f 3610 3220 3338
f 3610 3338 3702
f 3220 2791 2957
f 3220 2957 3338
f 2791 2423 2556
f 2791 2556 2957
f 2423 2122 2264
f 2423 2264 2556
f 2122 1864 1992
f 2122 1992 2264
f 1864 1716 1806
f 1864 1806 1992
f 1716 1563 1666
f 1716 1666 1806
f 1563 1440 1550
f 1563 1550 1666
f 1440 1343 1449
f 1440 1449 1550
f 1343 1249 1360
f 1343 1360 1449
f 1249 1175 1297
f 1249 1297 1360
f 1175 1126 1244
f 1175 1244 1297
f 1126 1101 1214
f 1126 1214 1244
f 1101 1093 1201
f 1101 1201 1214
f 1093 1100 1213
f 1093 1213 1201
f 1100 1125 1243
f 1100 1243 1213
f 1125 1174 1294
f 1125 1294 1243
f 1174 1248 1359
f 1174 1359 1294
f 1248 1342 1448
f 1248 1448 1359
f 1342 1439 1549
f 1342 1549 1448
f 1439 1562 1659
f 1439 1659 1549
f 1562 1715 1805
f 1562 1805 1659
f 1715 1863 1991
f 1715 1991 1805
f 1863 2121 2259
f 1863 2259 1991
f 2121 2422 2555
f 2121 2555 2259
f 2422 2788 2956
f 2422 2956 2555
f 2788 3219 3337
f 2788 3337 2956
f 3219 3603 3699
f 3219 3699 3337
f 3603 3936 4041
f 3603 4041 3699
f 3936 4289 4350
f 3936 4350 4041
f 4289 4646 4709
f 4289 4709 4350
f 4646 5008 5053
f 4646 5053 4709
f 5008 5313 5405
f 5008 5405 5053
f 5313 5707 5735
f 5313 5735 5405
f 5707 6099 6117
f 5707 6117 5735
f 6099 6531 6543
f 6099 6543 6117
f 6531 6945 6953
f 6531 6953 6543
f 6945 7273 7277
f 6945 7277 6953
f 7273 7777 7769
f 7273 7769 7277
f 7777 8191 8179
f 7777 8179 7769
f 8191 8623 8605
f 8191 8605 8179
f 8623 9015 8987
f 8623 8987 8605
f 9015 9409 9317
f 9015 9317 8987
f 9409 9714 9667
f 9409 9667 9317
f 9714 10076 10011
f 9714 10011 9667
f 10076 10433 10376
f 10076 10376 10011
f 10433 10786 10685
f 10433 10685 10376
f 10786 11113 11025
f 10786 11025 10685
f 11113 11507 11385
f 11113 11385 11025
f 11507 11940 11770
f 11507 11770 11385
f 11940 12314 12185
f 11940 12185 11770
f 12314 12605 12463
f 12314 12463 12185
f 12605 12863 12735
f 12605 12735 12463
f 12863 13011 12921
f 12863 12921 12735
f 13011 13164 13061
f 13011 13061 12921
f 13164 13287 13177
f 13164 13177 13061
f 13287 13384 13278
f 13287 13278 13177
f 13384 13478 13367
f 13384 13367 13278
f 13478 13552 13430
f 13478 13430 13367
f 13552 13601 13483
f 13552 13483 13430
f 13601 13626 13513
f 13601 13513 13483
f 13626 13634 13526
f 13626 13526 13513
f 13526 13514 13388
f 13526 13388 13402
f 13514 13484 13365
f 13514 13365 13388
f 13484 13433 13322
f 13484 13322 13365
f 13433 13368 13251
f 13433 13251 13322
f 13368 13279 13170
f 13368 13170 13251
f 13279 13178 13080
f 13279 13080 13170
f 13178 13068 12952
f 13178 12952 13080
f 13068 12922 12815
f 13068 12815 12952
f 12922 12736 12588
f 12922 12588 12815
f 12736 12468 12323
f 12736 12323 12588
f 12468 12186 12030
f 12468 12030 12323
f 12186 11771 11594
f 12186 11594 12030
f 11771 11386 11270
f 11771 11270 11594
f 11386 11028 10936
f 11386 10936 11270
f 11028 10686 10584
f 11028 10584 10936
f 10686 10377 10284
f 10686 10284 10584
f 10377 10014 9966
f 10377 9966 10284
f 10014 9670 9620
f 10014 9620 9966
f 9670 9318 9258
f 9670 9258 9620
f 9318 8988 8954
f 9318 8954 9258
f 8988 8606 8572
f 8988 8572 8954
f 8606 8180 8164
f 8606 8164 8572
f 8180 7770 7754
f 8180 7754 8164
f 7770 7446 7442
f 7770 7442 7754
f 7446 6954 6978
f 7446 6978 7442
f 6954 6544 6560
f 6954 6560 6978
f 6544 6118 6152
f 6544 6152 6560
f 6118 5736 5770
f 6118 5770 6152
f 5736 5406 5466
f 5736 5466 5770
f 5406 5056 5108
f 5406 5108 5466
f 5056 4712 4758
f 5056 4758 5108
f 4712 4351 4448
f 4712 4448 4758
f 4351 4042 4140
f 4351 4140 4448
f 4042 3702 3788
f 4042 3788 4140
f 3702 3338 3474
f 3702 3474 3788
f 3338 2957 3136
f 3338 3136 3474
f 2957 2556 2711
f 2957 2711 3136
f 2556 2264 2415
f 2556 2415 2711
f 2264 1992 2140
f 2264 2140 2415
f 1992 1806 1913
f 1992 1913 2140
f 1806 1666 1776
f 1806 1776 1913
f 1666 1550 1648
f 1666 1648 1776
f 1550 1449 1558
f 1550 1558 1648
f 1449 1360 1477
f 1449 1477 1558
f 1360 1297 1406
f 1360 1406 1477
f 1297 1244 1363
f 1297 1363 1406
f 1244 1214 1340
f 1244 1340 1363
f 1214 1201 1325
f 1214 1325 1340
f 1201 1213 1339
f 1201 1339 1325
f 1213 1243 1362
f 1213 1362 1339
f 1243 1294 1405
f 1243 1405 1362
f 1294 1359 1476
f 1294 1476 1405
f 1359 1448 1557
f 1359 1557 1476
f 1448 1549 1647
f 1448 1647 1557
f 1549 1659 1775
f 1549 1775 1647
f 1659 1805 1912
f 1659 1912 1775
f 1805 1991 2139
f 1805 2139 1912
f 1991 2259 2414
f 1991 2414 2139
f 2259 2555 2699
f 2259 2699 2414
f 2555 2956 3133
f 2555 3133 2699
f 2956 3337 3457
f 2956 3457 3133
f 3337 3699 3787
f 3337 3787 3457
f 3699 4041 4139
f 3699 4139 3787
f 4041 4350 4439
f 4041 4439 4139
f 4350 4709 4757
f 4350 4757 4439
f 4709 5053 5103
f 4709 5103 4757
f 5053 5405 5465
f 5053 5465 5103
f 5405 5735 5769
f 5405 5769 5465
f 5735 6117 6151
f 5735 6151 5769
f 6117 6543 6559
f 6117 6559 6151
f 6543 6953 6969
f 6543 6969 6559
f 6953 7277 7281
f 6953 7281 6969
f 7277 7769 7745
f 7277 7745 7281
f 7769 8179 8163
f 7769 8163 7745
f 8179 8605 8571
f 8179 8571 8163
f 8605 8987 8953
f 8605 8953 8571
f 8987 9317 9257
f 8987 9257 8953
f 9317 9667 9615
f 9317 9615 9257
f 9667 10011 9965
f 9667 9965 9615
f 10011 10376 10275
f 10011 10275 9965
f 10376 10685 10583
f 10376 10583 10275
f 10685 11025 10935
f 10685 10935 10583
f 11025 11385 11253
f 11025 11253 10935
f 11385 11770 11591
f 11385 11591 11253
f 11770 12185 12018
f 11770 12018 11591
f 12185 12463 12322
f 12185 12322 12018
f 12463 12735 12587
f 12463 12587 12322
f 12735 12921 12814
f 12735 12814 12587
f 12921 13061 12951
f 12921 12951 12814
f 13061 13177 13079
f 13061 13079 12951
f 13177 13278 13169
f 13177 13169 13079
f 13278 13367 13250
f 13278 13250 13169
f 13367 13430 13321
f 13367 13321 13250
f 13430 13483 13364
f 13430 13364 13321
f 13483 13513 13387
f 13483 13387 13364
f 13513 13526 13402
f 13513 13402 13387
f 13402 13388 13270
f 13402 13270 13283
f 13388 13365 13243
f 13388 13243 13270
f 13365 13322 13204
f 13365 13204 13243
f 13322 13251 13143
f 13322 13143 13204
f 13251 13170 13067
f 13251 13067 13143
f 13170 13080 12960
f 13170 12960 13067
f 13080 12952 12840
f 13080 12840 12960
f 12952 12815 12662
f 12952 12662 12840
f 12815 12588 12425
f 12815 12425 12662
f 12588 12323 12184
f 12588 12184 12425
f 12323 12030 11817
f 12323 11817 12184
f 12030 11594 11454
f 12030 11454 11817
f 11594 11270 11129
f 11594 11129 11454
f 11270 10936 10826
f 11270 10826 11129
f 10936 10584 10520
f 10936 10520 10826
f 10584 10284 10194
f 10584 10194 10520
f 10284 9966 9908
f 10284 9908 10194
f 9966 9620 9550
f 9966 9550 9908
f 9620 9258 9210
f 9620 9210 9550
f 9258 8954 8904
f 9258 8904 9210
f 8954 8572 8554
f 8954 8554 8904
f 8572 8164 8152
f 8572 8152 8554
f 8164 7754 7738
f 8164 7738 8152
f 7754 7442 7440
f 7754 7440 7738
f 7442 6978 6986
f 7442 6986 7440
f 6978 6560 6572
f 6978 6572 6986
f 6560 6152 6170
f 6560 6170 6572
f 6152 5770 5826
f 6152 5826 6170
f 5770 5466 5514
f 5770 5514 5826
f 5466 5108 5176
f 5466 5176 5514
f 5108 4758 4822
f 5108 4822 5176
f 4758 4448 4534
f 4758 4534 4822
f 4448 4140 4206
f 4448 4206 4534
f 4140 3788 3898
f 4140 3898 4206
f 3788 3474 3601
f 3788 3601 3898
f 3474 3136 3270
f 3474 3270 3601
f 3136 2711 2911
f 3136 2911 3270
f 2711 2415 2564
f 2711 2564 2911
f 2415 2140 2313
f 2415 2313 2564
f 2140 1913 2068
f 2140 2068 2313
f 1913 1776 1888
f 1913 1888 2068
f 1776 1648 1768
f 1776 1768 1888
f 1648 1558 1665
f 1648 1665 1768
f 1558 1477 1585
f 1558 1585 1665
f 1477 1406 1524
f 1477 1524 1585
f 1406 1363 1485
f 1406 1485 1524
f 1363 1340 1458
f 1363 1458 1485
f 1340 1325 1444
f 1340 1444 1458
f 1325 1339 1457
f 1325 1457 1444
f 1339 1362 1484
f 1339 1484 1457
f 1362 1405 1523
f 1362 1523 1484
f 1405 1476 1584
f 1405 1584 1523
f 1476 1557 1660
f 1476 1660 1584
f 1557 1647 1767
f 1557 1767 1660
f 1647 1775 1887
f 1647 1887 1767
f 1775 1912 2065
f 1775 2065 1887
f 1912 2139 2304
f 1912 2304 2065
f 2139 2414 2557
f 2139 2557 2304
f 2414 2699 2910
f 2414 2910 2557
f 2699 3133 3269
f 2699 3269 2910
f 3133 3457 3594
f 3133 3594 3269
f 3457 3787 3897
f 3457 3897 3594
f 3787 4139 4203
f 3787 4203 3897
f 4139 4439 4529
f 4139 4529 4203
f 4439 4757 4815
f 4439 4815 4529
f 4757 5103 5173
f 4757 5173 4815
f 5103 5465 5513
f 5103 5513 5173
f 5465 5769 5819
f 5465 5819 5513
f 5769 6151 6169
f 5769 6169 5819
f 6151 6559 6571
f 6151 6571 6169
f 6559 6969 6985
f 6559 6985 6571
f 6969 7281 7283
f 6969 7283 6985
f 7281 7745 7737
f 7281 7737 7283
f 7745 8163 8151
f 7745 8151 7737
f 8163 8571 8553
f 8163 8553 8151
f 8571 8953 8897
f 8571 8897 8553
f 8953 9257 9209
f 8953 9209 8897
f 9257 9615 9547
f 9257 9547 9209
f 9615 9965 9901
f 9615 9901 9547
f 9965 10275 10189
f 9965 10189 9901
f 10275 10583 10517
f 10275 10517 10189
f 10583 10935 10825
f 10583 10825 10517
f 10935 11253 11122
f 10935 11122 10825
f 11253 11591 11453
f 11253 11453 11122
f 11591 12018 11816
f 11591 11816 11453
f 12018 12322 12177
f 12018 12177 11816
f 12322 12587 12420
f 12322 12420 12177
f 12587 12814 12659
f 12587 12659 12420
f 12814 12951 12839
f 12814 12839 12659
f 12951 13079 12959
f 12951 12959 12839
f 13079 13169 13062
f 13079 13062 12959
f 13169 13250 13142
f 13169 13142 13062
f 13250 13321 13203
f 13250 13203 13142
f 13321 13364 13242
f 13321 13242 13203
f 13364 13387 13269
f 13364 13269 13242
f 13387 13402 13283
f 13387 13283 13269
f 13283 13270 13154
f 13283 13154 13166
f 13270 13243 13134
f 13270 13134 13154
f 13243 13204 13086
f 13243 13086 13134
f 13204 13143 13019
f 13204 13019 13086
f 13143 13067 12944
f 13143 12944 13019
f 13067 12960 12844
f 13067 12844 12944
f 12960 12840 12689
f 12960 12689 12844
f 12840 12662 12502
f 12840 12502 12689
f 12662 12425 12265
f 12662 12265 12502
f 12425 12184 12004
f 12425 12004 12265
f 12184 11817 11619
f 12184 11619 12004
f 11817 11454 11330
f 11817 11330 11619
f 11454 11129 11008
f 11454 11008 11330
f 11129 10826 10733
f 11129 10733 11008
f 10826 10520 10430
f 10826 10430 10733
f 10520 10194 10108
f 10520 10108 10430
f 10194 9908 9826
f 10194 9826 10108
f 9908 9550 9512
f 9908 9512 9826
f 9550 9210 9174
f 9550 9174 9512
f 9210 8904 8852
f 9210 8852 9174
f 8904 8554 8526
f 8904 8526 8852
f 8554 8152 8140
f 8554 8140 8526
f 8152 7738 7730
f 8152 7730 8140
f 7738 7440 7438
f 7738 7438 7730
f 7440 6986 6994
f 7440 6994 7438
f 6986 6572 6584
f 6986 6584 6994
f 6572 6170 6198
f 6572 6198 6584
f 6170 5826 5872
f 6170 5872 6198
f 5826 5514 5550
f 5826 5550 5872
f 5514 5176 5214
f 5514 5214 5550
f 5176 4822 4898
f 5176 4898 5214
f 4822 4534 4616
f 4822 4616 4898
f 4534 4206 4294
f 4534 4294 4616
f 4206 3898 3991
f 4206 3991 4294
f 3898 3601 3720
f 3898 3720 3991
f 3601 3270 3404
f 3601 3404 3720
f 3270 2911 3109
f 3270 3109 3404
f 2911 2564 2734
f 2911 2734 3109
f 2564 2313 2473
f 2564 2473 2734
f 2313 2068 2226
f 2313 2226 2473
f 2068 1888 2039
f 2068 2039 2226
f 1888 1768 1884
f 1888 1884 2039
f 1768 1665 1784
f 1768 1784 1884
f 1665 1585 1709
f 1665 1709 1784
f 1585 1524 1642
f 1585 1642 1709
f 1524 1485 1594
f 1524 1594 1642
f 1485 1458 1574
f 1485 1574 1594
f 1458 1444 1561
f 1458 1561 1574
f 1444 1457 1573
f 1444 1573 1561
f 1457 1484 1593
f 1457 1593 1573
f 1484 1523 1641
f 1484 1641 1593
f 1523 1584 1708
f 1523 1708 1641
f 1584 1660 1783
f 1584 1783 1708
f 1660 1767 1883
f 1660 1883 1783
f 1767 1887 2038
f 1767 2038 1883
f 1887 2065 2225
f 1887 2225 2038
f 2065 2304 2472
f 2065 2472 2225
f 2304 2557 2729
f 2304 2729 2472
f 2557 2910 3108
f 2557 3108 2729
f 2910 3269 3397
f 2910 3397 3108
f 3269 3594 3719
f 3269 3719 3397
f 3594 3897 3990
f 3594 3990 3719
f 3897 4203 4293
f 3897 4293 3990
f 4203 4529 4615
f 4203 4615 4293
f 4529 4815 4897
f 4529 4897 4615
f 4815 5173 5211
f 4815 5211 4897
f 5173 5513 5549
f 5173 5549 5211
f 5513 5819 5871
f 5513 5871 5549
f 5819 6169 6197
f 5819 6197 5871
f 6169 6571 6583
f 6169 6583 6197
f 6571 6985 6993
f 6571 6993 6583
f 6985 7283 7285
f 6985 7285 6993
f 7283 7737 7729
f 7283 7729 7285
f 7737 8151 8139
f 7737 8139 7729
f 8151 8553 8525
f 8151 8525 8139
f 8553 8897 8851
f 8553 8851 8525
f 8897 9209 9173
f 8897 9173 8851
f 9209 9547 9509
f 9209 9509 9173
f 9547 9901 9825
f 9547 9825 9509
f 9901 10189 10107
f 9901 10107 9825
f 10189 10517 10429
f 10189 10429 10107
f 10517 10825 10732
f 10517 10732 10429
f 10825 11122 11007
f 10825 11007 10732
f 11122 11453 11323
f 11122 11323 11007
f 11453 11816 11618
f 11453 11618 11323
f 11816 12177 11999
f 11816 11999 11618
f 12177 12420 12264
f 12177 12264 11999
f 12420 12659 12501
f 12420 12501 12264
f 12659 12839 12688
f 12659 12688 12501
f 12839 12959 12843
f 12839 12843 12688
f 12959 13062 12943
f 12959 12943 12843
f 13062 13142 13018
f 13062 13018 12943
f 13142 13203 13085
f 13142 13085 13018
f 13203 13242 13133
f 13203 13133 13085
f 13242 13269 13153
f 13242 13153 13133
f 13269 13283 13166
f 13269 13166 13153
f 13166 13154 13033
f 13166 13033 13043
f 13154 13134 13000
f 13154 13000 13033
f 13134 13086 12963
f 13134 12963 13000
f 13086 13019 12903
f 13086 12903 12963
f 13019 12944 12825
f 13019 12825 12903
f 12944 12844 12686
f 12944 12686 12825
f 12844 12689 12524
f 12844 12524 12686
f 12689 12502 12328
f 12689 12328 12524
f 12502 12265 12116
f 12502 12116 12328
f 12265 12004 11784
f 12265 11784 12116
f 12004 11619 11464
f 12004 11464 11784
f 11619 11330 11167
f 11619 11167 11464
f 11330 11008 10908
f 11330 10908 11167
f 11008 10733 10596
f 11008 10596 10908
f 10733 10430 10346
f 10733 10346 10596
f 10430 10108 10030
f 10430 10030 10346
f 10108 9826 9728
f 10108 9728 10030
f 9826 9512 9466
f 9826 9466 9728
f 9512 9174 9134
f 9512 9134 9466
f 9174 8852 8799
f 9174 8799 9134
f 8852 8526 8518
f 8852 8518 8799
f 8526 8140 8132
f 8526 8132 8518
f 8140 7730 7722
f 8140 7722 8132
f 7730 7438 7434
f 7730 7434 7722
f 7438 6994 7002
f 7438 7002 7434
f 6994 6584 6592
f 6994 6592 7002
f 6584 6198 6206
f 6584 6206 6592
f 6198 5872 5929
f 6198 5929 6206
f 5872 5550 5590
f 5872 5590 5929
f 5550 5214 5258
f 5550 5258 5590
f 5214 4898 5000
f 5214 5000 5258
f 4898 4616 4694
f 4898 4694 5000
f 4616 4294 4378
f 4616 4378 4694
f 4294 3991 4132
f 4294 4132 4378
f 3991 3720 3816
f 3991 3816 4132
f 3720 3404 3561
f 3720 3561 3816
f 3404 3109 3260
f 3404 3260 3561
f 3109 2734 2944
f 3109 2944 3260
f 2734 2473 2626
f 2734 2626 2944
f 2473 2226 2410
f 2473 2410 2626
f 2226 2039 2204
f 2226 2204 2410
f 2039 1884 2042
f 2039 2042 2204
f 1884 1784 1903
f 1884 1903 2042
f 1784 1709 1825
f 1784 1825 1903
f 1709 1642 1765
f 1709 1765 1825
f 1642 1594 1728
f 1642 1728 1765
f 1594 1574 1695
f 1594 1695 1728
f 1574 1561 1684
f 1574 1684 1695
f 1561 1573 1694
f 1561 1694 1684
f 1573 1593 1727
f 1573 1727 1694
f 1593 1641 1764
f 1593 1764 1727
f 1641 1708 1824
f 1641 1824 1764
f 1708 1783 1902
f 1708 1902 1824
f 1783 1883 2041
f 1783 2041 1902
f 1883 2038 2203
f 1883 2203 2041
f 2038 2225 2409
f 2038 2409 2203
f 2225 2472 2625
f 2225 2625 2409
f 2472 2729 2943
f 2472 2943 2625
f 2729 3108 3259
f 2729 3259 2943
f 3108 3397 3556
f 3108 3556 3259
f 3397 3719 3815
f 3397 3815 3556
f 3719 3990 4127
f 3719 4127 3815
f 3990 4293 4377
f 3990 4377 4127
f 4293 4615 4693
f 4293 4693 4377
f 4615 4897 4995
f 4615 4995 4693
f 4897 5211 5257
f 4897 5257 4995
f 5211 5549 5589
f 5211 5589 5257
f 5549 5871 5924
f 5549 5924 5589
f 5871 6197 6205
f 5871 6205 5924
f 6197 6583 6591
f 6197 6591 6205
f 6583 6993 7001
f 6583 7001 6591
f 6993 7285 7289
f 6993 7289 7001
f 7285 7729 7721
f 7285 7721 7289
f 7729 8139 8131
f 7729 8131 7721
f 8139 8525 8517
f 8139 8517 8131
f 8525 8851 8794
f 8525 8794 8517
f 8851 9173 9133
f 8851 9133 8794
f 9173 9509 9465
f 9173 9465 9133
f 9509 9825 9723
f 9509 9723 9465
f 9825 10107 10029
f 9825 10029 9723
f 10107 10429 10345
f 10107 10345 10029
f 10429 10732 10591
f 10429 10591 10345
f 10732 11007 10907
f 10732 10907 10591
f 11007 11323 11162
f 11007 11162 10907
f 11323 11618 11463
f 11323 11463 11162
f 11618 11999 11783
f 11618 11783 11463
f 11999 12264 12115
f 11999 12115 11783
f 12264 12501 12327
f 12264 12327 12115
f 12501 12688 12523
f 12501 12523 12327
f 12688 12843 12685
f 12688 12685 12523
f 12843 12943 12824
f 12843 12824 12685
f 12943 13018 12902
f 12943 12902 12824
f 13018 13085 12962
f 13018 12962 12902
f 13085 13133 12999
f 13085 12999 12962
f 13133 13153 13032
f 13133 13032 12999
f 13153 13166 13043
f 13153 13043 13032
f 13043 13033 12911
f 13043 12911 12920
f 13033 13000 12882
f 13033 12882 12911
f 13000 12963 12832
f 13000 12832 12882
f 12963 12903 12763
f 12963 12763 12832
f 12903 12825 12658
f 12903 12658 12763
f 12825 12686 12514
f 12825 12514 12658
f 12686 12524 12345
f 12686 12345 12514
f 12524 12328 12170
f 12524 12170 12345
f 12328 12116 11878
f 12328 11878 12170
f 12116 11784 11576
f 12116 11576 11878
f 11784 11464 11321
f 11784 11321 11576
f 11464 11167 11044
f 11464 11044 11321
f 11167 10908 10791
f 11167 10791 11044
f 10908 10596 10523
f 10908 10523 10791
f 10596 10346 10226
f 10596 10226 10523
f 10346 10030 9972
f 10346 9972 10226
f 10030 9728 9669
f 10030 9669 9972
f 9728 9466 9418
f 9728 9418 9669
f 9466 9134 9080
f 9466 9080 9418
f 9134 8799 8751
f 9134 8751 9080
f 8799 8518 8489
f 8799 8489 8751
f 8518 8132 8124
f 8518 8124 8489
f 8132 7722 7714
f 8132 7714 8124
f 7722 7434 7432
f 7722 7432 7714
f 7434 7002 7010
f 7434 7010 7432
f 7002 6592 6600
f 7002 6600 7010
f 6592 6206 6235
f 6592 6235 6600
f 6206 5929 5973
f 6206 5973 6235
f 5929 5590 5644
f 5929 5644 5973
f 5590 5258 5306
f 5590 5306 5644
f 5258 5000 5055
f 5258 5055 5306
f 5000 4694 4752
f 5000 4752 5055
f 4694 4378 4498
f 4694 4498 4752
f 4378 4132 4201
f 4378 4201 4498
f 4132 3816 3933
f 4132 3933 4201
f 3816 3561 3684
f 3816 3684 3933
f 3561 3260 3409
f 3561 3409 3684
f 3260 2944 3152
f 3260 3152 3409
f 2944 2626 2854
f 2944 2854 3152
f 2626 2410 2572
f 2626 2572 2854
f 2410 2204 2395
f 2410 2395 2572
f 2204 2042 2214
f 2204 2214 2395
f 2042 1903 2070
f 2042 2070 2214
f 1903 1825 1967
f 1903 1967 2070
f 1825 1765 1896
f 1825 1896 1967
f 1765 1728 1846
f 1765 1846 1896
f 1728 1695 1817
f 1728 1817 1846
f 1695 1684 1807
f 1695 1807 1817
f 1684 1694 1816
f 1684 1816 1807
f 1694 1727 1845
f 1694 1845 1816
f 1727 1764 1895
f 1727 1895 1845
f 1764 1824 1964
f 1764 1964 1895
f 1824 1902 2069
f 1824 2069 1964
f 1902 2041 2213
f 1902 2213 2069
f 2041 2203 2392
f 2041 2392 2213
f 2203 2409 2571
f 2203 2571 2392
f 2409 2625 2849
f 2409 2849 2571
f 2625 2943 3151
f 2625 3151 2849
f 2943 3259 3406
f 2943 3406 3151
f 3259 3556 3683
f 3259 3683 3406
f 3556 3815 3932
f 3556 3932 3683
f 3815 4127 4200
f 3815 4200 3932
f 4127 4377 4497
f 4127 4497 4200
f 4377 4693 4751
f 4377 4751 4497
f 4693 4995 5054
f 4693 5054 4751
f 4995 5257 5305
f 4995 5305 5054
f 5257 5589 5643
f 5257 5643 5305
f 5589 5924 5972
f 5589 5972 5643
f 5924 6205 6234
f 5924 6234 5972
f 6205 6591 6599
f 6205 6599 6234
f 6591 7001 7009
f 6591 7009 6599
f 7001 7289 7291
f 7001 7291 7009
f 7289 7721 7713
f 7289 7713 7291
f 7721 8131 8123
f 7721 8123 7713
f 8131 8517 8488
f 8131 8488 8123
f 8517 8794 8750
f 8517 8750 8488
f 8794 9133 9079
f 8794 9079 8750
f 9133 9465 9417
f 9133 9417 9079
f 9465 9723 9668
f 9465 9668 9417
f 9723 10029 9971
f 9723 9971 9668
f 10029 10345 10225
f 10029 10225 9971
f 10345 10591 10522
f 10345 10522 10225
f 10591 10907 10790
f 10591 10790 10522
f 10907 11162 11043
f 10907 11043 10790
f 11162 11463 11318
f 11162 11318 11043
f 11463 11783 11575
f 11463 11575 11318
f 11783 12115 11873
f 11783 11873 11575
f 12115 12327 12169
f 12115 12169 11873
f 12327 12523 12342
f 12327 12342 12169
f 12523 12685 12513
f 12523 12513 12342
f 12685 12824 12657
f 12685 12657 12513
f 12824 12902 12760
f 12824 12760 12657
f 12902 12962 12831
f 12902 12831 12760
f 12962 12999 12881
f 12962 12881 12831
f 12999 13032 12910
f 12999 12910 12881
f 13032 13043 12920
f 13032 12920 12910
f 12920 12911 12762
f 12920 12762 12780
f 12911 12882 12721
f 12911 12721 12762
f 12882 12832 12666
f 12882 12666 12721
f 12832 12763 12578
f 12832 12578 12666
f 12763 12658 12461
f 12763 12461 12578
f 12658 12514 12331
f 12658 12331 12461
f 12514 12345 12176
f 12514 12176 12331
f 12345 12170 11942
f 12345 11942 12176
f 12170 11878 11656
f 12170 11656 11942
f 11878 11576 11424
f 11878 11424 11656
f 11576 11321 11155
f 11576 11155 11424
f 11321 11044 10922
f 11321 10922 11155
f 11044 10791 10647
f 11044 10647 10922
f 10791 10523 10422
f 10791 10422 10647
f 10523 10226 10150
f 10523 10150 10422
f 10226 9972 9905
f 10226 9905 10150
f 9972 9669 9604
f 9972 9604 9905
f 9669 9418 9310
f 9669 9310 9604
f 9418 9080 9038
f 9418 9038 9310
f 9080 8751 8706
f 9080 8706 9038
f 8751 8489 8434
f 8751 8434 8706
f 8489 8124 8106
f 8489 8106 8434
f 8124 7714 7700
f 8124 7700 8106
f 7714 7432 7424
f 7714 7424 7700
f 7432 7010 7026
f 7432 7026 7424
f 7010 6600 6618
f 7010 6618 7026
f 6600 6235 6294
f 6600 6294 6618
f 6235 5973 6018
f 6235 6018 6294
f 5973 5644 5690
f 5973 5690 6018
f 5644 5306 5418
f 5644 5418 5690
f 5306 5055 5120
f 5306 5120 5418
f 5055 4752 4819
f 5055 4819 5120
f 4752 4498 4574
f 4752 4574 4819
f 4498 4201 4302
f 4498 4302 4574
f 4201 3933 4081
f 4201 4081 4302
f 3933 3684 3804
f 3933 3804 4081
f 3684 3409 3569
f 3684 3569 3804
f 3409 3152 3300
f 3409 3300 3569
f 3152 2854 3074
f 3152 3074 3300
f 2854 2572 2790
f 2854 2790 3074
f 2572 2395 2566
f 2572 2566 2790
f 2395 2214 2407
f 2395 2407 2566
f 2214 2070 2267
f 2214 2267 2407
f 2070 1967 2150
f 2070 2150 2267
f 1967 1896 2062
f 1967 2062 2150
f 1896 1846 2009
f 1896 2009 2062
f 1846 1817 1966
f 1846 1966 2009
f 1817 1807 1947
f 1817 1947 1966
f 1807 1816 1965
f 1807 1965 1947
f 1816 1845 2006
f 1816 2006 1965
f 1845 1895 2061
f 1845 2061 2006
f 1895 1964 2149
f 1895 2149 2061
f 1964 2069 2266
f 1964 2266 2149
f 2069 2213 2406
f 2069 2406 2266
f 2213 2392 2565
f 2213 2565 2406
f 2392 2571 2789
f 2392 2789 2565
f 2571 2849 3071
f 2571 3071 2789
f 2849 3151 3299
f 2849 3299 3071
f 3151 3406 3568
f 3151 3568 3299
f 3406 3683 3801
f 3406 3801 3568
f 3683 3932 4080
f 3683 4080 3801
f 3932 4200 4301
f 3932 4301 4080
f 4200 4497 4573
f 4200 4573 4301
f 4497 4751 4818
f 4497 4818 4573
f 4751 5054 5119
f 4751 5119 4818
f 5054 5305 5413
f 5054 5413 5119
f 5305 5643 5685
f 5305 5685 5413
f 5643 5972 6017
f 5643 6017 5685
f 5972 6234 6289
f 5972 6289 6017
f 6234 6599 6617
f 6234 6617 6289
f 6599 7009 7023
f 6599 7023 6617
f 7009 7291 7299
f 7009 7299 7023
f 7291 7713 7697
f 7291 7697 7299
f 7713 8123 8105
f 7713 8105 7697
f 8123 8488 8429
f 8123 8429 8105
f 8488 8750 8705
f 8488 8705 8429
f 8750 9079 9033
f 8750 9033 8705
f 9079 9417 9305
f 9079 9305 9033
f 9417 9668 9603
f 9417 9603 9305
f 9668 9971 9904
f 9668 9904 9603
f 9971 10225 10149
f 9971 10149 9904
f 10225 10522 10421
f 10225 10421 10149
f 10522 10790 10646
f 10522 10646 10421
f 10790 11043 10919
f 10790 10919 10646
f 11043 11318 11154
f 11043 11154 10919
f 11318 11575 11423
f 11318 11423 11154
f 11575 11873 11653
f 11575 11653 11423
f 11873 12169 11941
f 11873 11941 11653
f 12169 12342 12175
f 12169 12175 11941
f 12342 12513 12330
f 12342 12330 12175
f 12513 12657 12460
f 12513 12460 12330
f 12657 12760 12577
f 12657 12577 12460
f 12760 12831 12665
f 12760 12665 12577
f 12831 12881 12718
f 12831 12718 12665
f 12881 12910 12761
f 12881 12761 12718
f 12910 12920 12780
f 12910 12780 12761
f 12780 12762 12570
f 12780 12570 12582
f 12762 12721 12540
f 12762 12540 12570
f 12721 12666 12478
f 12721 12478 12540
f 12666 12578 12401
f 12666 12401 12478
f 12578 12461 12281
f 12578 12281 12401
f 12461 12331 12161
f 12461 12161 12281
f 12331 12176 11960
f 12331 11960 12161
f 12176 11942 11715
f 12176 11715 11960
f 11942 11656 11486
f 11942 11486 11715
f 11656 11424 11267
f 11656 11267 11486
f 11424 11155 11022
f 11424 11022 11267
f 11155 10922 10809
f 11155 10809 11022
f 10922 10647 10548
f 10922 10548 10809
f 10647 10422 10326
f 10647 10326 10548
f 10422 10150 10054
f 10422 10054 10326
f 10150 9905 9801
f 10150 9801 10054
f 9905 9604 9533
f 9905 9533 9801
f 9604 9310 9242
f 9604 9242 9533
f 9310 9038 8998
f 9310 8998 9242
f 9038 8706 8658
f 9038 8658 8998
f 8706 8434 8376
f 8706 8376 8658
f 8434 8106 8078
f 8434 8078 8376
f 8106 7700 7672
f 8106 7672 8078
f 7700 7424 7414
f 7700 7414 7672
f 7424 7026 7054
f 7424 7054 7414
f 7026 6618 6652
f 7026 6652 7054
f 6618 6294 6354
f 6618 6354 6652
f 6294 6018 6068
f 6294 6068 6354
f 6018 5690 5728
f 6018 5728 6068
f 5690 5418 5488
f 5690 5488 5728
f 5418 5120 5193
f 5418 5193 5488
f 5120 4819 4929
f 5120 4929 5193
f 4819 4574 4680
f 4819 4680 4929
f 4574 4302 4400
f 4574 4400 4680
f 4302 4081 4178
f 4302 4178 4400
f 4081 3804 3919
f 4081 3919 4178
f 3804 3569 3708
f 3804 3708 3919
f 3569 3300 3471
f 3569 3471 3708
f 3300 3074 3240
f 3300 3240 3471
f 3074 2790 3015
f 3074 3015 3240
f 2790 2566 2776
f 2790 2776 3015
f 2566 2407 2583
f 2566 2583 2776
f 2407 2267 2460
f 2407 2460 2583
f 2267 2150 2335
f 2267 2335 2460
f 2150 2062 2254
f 2150 2254 2335
f 2062 2009 2190
f 2062 2190 2254
f 2009 1966 2160
f 2009 2160 2190
f 1966 1947 2144
f 1966 2144 2160
f 1947 1965 2156
f 1947 2156 2144
f 1965 2006 2186
f 1965 2186 2156
f 2006 2061 2248
f 2006 2248 2186
f 2061 2149 2331
f 2061 2331 2248
f 2149 2266 2455
f 2149 2455 2331
f 2266 2406 2579
f 2266 2579 2455
f 2406 2565 2770
f 2406 2770 2579
f 2565 2789 3007
f 2565 3007 2770
f 2789 3071 3236
f 2789 3236 3007
f 3071 3299 3459
f 3071 3459 3236
f 3299 3568 3704
f 3299 3704 3459
f 3568 3801 3913
f 3568 3913 3704
f 3801 4080 4174
f 3801 4174 3913
f 4080 4301 4396
f 4080 4396 4174
f 4301 4573 4668
f 4301 4668 4396
f 4573 4818 4921
f 4573 4921 4668
f 4818 5119 5189
f 4818 5189 4921
f 5119 5413 5480
f 5119 5480 5189
f 5413 5685 5724
f 5413 5724 5480
f 5685 6017 6064
f 5685 6064 5724
f 6017 6289 6346
f 6017 6346 6064
f 6289 6617 6644
f 6289 6644 6346
f 6617 7023 7050
f 6617 7050 6644
f 7023 7299 7308
f 7023 7308 7050
f 7299 7697 7668
f 7299 7668 7308
f 7697 8105 8070
f 7697 8070 7668
f 8105 8429 8368
f 8105 8368 8070
f 8429 8705 8654
f 8429 8654 8368
f 8705 9033 8994
f 8705 8994 8654
f 9033 9305 9234
f 9033 9234 8994
f 9305 9603 9529
f 9305 9529 9234
f 9603 9904 9793
f 9603 9793 9529
f 9904 10149 10042
f 9904 10042 9793
f 10149 10421 10322
f 10149 10322 10042
f 10421 10646 10544
f 10421 10544 10322
f 10646 10919 10803
f 10646 10803 10544
f 10919 11154 11018
f 10919 11018 10803
f 11154 11423 11255
f 11154 11255 11018
f 11423 11653 11482
f 11423 11482 11255
f 11653 11941 11707
f 11653 11707 11482
f 11941 12175 11954
f 11941 11954 11707
f 12175 12330 12157
f 12175 12157 11954
f 12330 12460 12276
f 12330 12276 12157
f 12460 12577 12397
f 12460 12397 12276
f 12577 12665 12472
f 12577 12472 12397
f 12665 12718 12536
f 12665 12536 12472
f 12718 12761 12566
f 12718 12566 12536
f 12761 12780 12582
f 12761 12582 12566
f 12582 12570 12476
f 12582 12476 12491
f 12570 12540 12432
f 12570 12432 12476
f 12540 12478 12384
f 12540 12384 12432
f 12478 12401 12297
f 12478 12297 12384
f 12401 12281 12196
f 12401 12196 12297
f 12281 12161 12051
f 12281 12051 12196
f 12161 11960 11832
f 12161 11832 12051
f 11960 11715 11593
f 11960 11593 11832
f 11715 11486 11399
f 11715 11399 11593
f 11486 11267 11166
f 11486 11166 11399
f 11267 11022 10964
f 11267 10964 11166
f 11022 10809 10755
f 11022 10755 10964
f 10809 10548 10510
f 10809 10510 10755
f 10548 10326 10257
f 10548 10257 10510
f 10326 10054 10013
f 10326 10013 10257
f 10054 9801 9741
f 10054 9741 10013
f 9801 9533 9511
f 9801 9511 9741
f 9533 9242 9208
f 9533 9208 9511
f 9242 8998 8986
f 9242 8986 9208
f 8998 8658 8648
f 8998 8648 8986
f 8658 8376 8350
f 8658 8350 8648
f 8376 8078 8064
f 8376 8064 8350
f 8078 7672 7662
f 8078 7662 8064
f 7672 7414 7412
f 7672 7412 7662
f 7414 7054 7062
f 7414 7062 7412
f 7054 6652 6660
f 7054 6660 7062
f 6652 6354 6374
f 6652 6374 6660
f 6354 6068 6076
f 6354 6076 6374
f 6068 5728 5738
f 6068 5738 6076
f 5728 5488 5516
f 5728 5516 5738
f 5488 5193 5213
f 5488 5213 5516
f 5193 4929 4983
f 5193 4983 5213
f 4929 4680 4711
f 4929 4711 4983
f 4680 4400 4467
f 4680 4467 4711
f 4400 4178 4214
f 4400 4214 4467
f 4178 3919 3977
f 4178 3977 4214
f 3919 3708 3760
f 3919 3760 3977
f 3708 3471 3560
f 3708 3560 3760
f 3471 3240 3325
f 3471 3325 3560
f 3240 3015 3135
f 3240 3135 3325
f 3015 2776 2904
f 3015 2904 3135
f 2776 2583 2683
f 2776 2683 2904
f 2583 2460 2546
f 2583 2546 2683
f 2460 2335 2443
f 2460 2443 2546
f 2335 2254 2350
f 2335 2350 2443
f 2254 2190 2298
f 2254 2298 2350
f 2190 2160 2252
f 2190 2252 2298
f 2160 2144 2236
f 2160 2236 2252
f 2144 2156 2251
f 2144 2251 2236
f 2156 2186 2297
f 2156 2297 2251
f 2186 2248 2349
f 2186 2349 2297
f 2248 2331 2440
f 2248 2440 2349
f 2331 2455 2545
f 2331 2545 2440
f 2455 2579 2682
f 2455 2682 2545
f 2579 2770 2895
f 2579 2895 2682
f 2770 3007 3134
f 2770 3134 2895
f 3007 3236 3324
f 3007 3324 3134
f 3236 3459 3557
f 3236 3557 3324
f 3459 3704 3759
f 3459 3759 3557
f 3704 3913 3968
f 3704 3968 3759
f 3913 4174 4213
f 3913 4213 3968
f 4174 4396 4466
f 4174 4466 4213
f 4396 4668 4710
f 4396 4710 4466
f 4668 4921 4982
f 4668 4982 4710
f 4921 5189 5212
f 4921 5212 4982
f 5189 5480 5515
f 5189 5515 5212
f 5480 5724 5737
f 5480 5737 5515
f 5724 6064 6075
f 5724 6075 5737
f 6064 6346 6373
f 6064 6373 6075
f 6346 6644 6659
f 6346 6659 6373
f 6644 7050 7061
f 6644 7061 6659
f 7050 7308 7311
f 7050 7311 7061
f 7308 7668 7661
f 7308 7661 7311
f 7668 8070 8063
f 7668 8063 7661
f 8070 8368 8349
f 8070 8349 8063
f 8368 8654 8647
f 8368 8647 8349
f 8654 8994 8985
f 8654 8985 8647
f 8994 9234 9207
f 8994 9207 8985
f 9234 9529 9510
f 9234 9510 9207
f 9529 9793 9740
f 9529 9740 9510
f 9793 10042 10012
f 9793 10012 9740
f 10042 10322 10256
f 10042 10256 10012
f 10322 10544 10509
f 10322 10509 10256
f 10544 10803 10746
f 10544 10746 10509
f 10803 11018 10963
f 10803 10963 10746
f 11018 11255 11163
f 11018 11163 10963
f 11255 11482 11398
f 11255 11398 11163
f 11482 11707 11592
f 11482 11592 11398
f 11707 11954 11823
f 11707 11823 11592
f 11954 12157 12050
f 11954 12050 11823
f 12157 12276 12195
f 12157 12195 12050
f 12276 12397 12294
f 12276 12294 12195
f 12397 12472 12383
f 12397 12383 12294
f 12472 12536 12431
f 12472 12431 12383
f 12536 12566 12475
f 12536 12475 12431
f 12566 12582 12491
f 12566 12491 12475
f 12491 12476 12391
f 12491 12391 12404
f 12476 12432 12344
f 12476 12344 12391
f 12432 12384 12292
f 12432 12292 12344
f 12384 12297 12206
f 12384 12206 12292
f 12297 12196 12113
f 12297 12113 12206
f 12196 12051 11908
f 12196 11908 12113
f 12051 11832 11731
f 12051 11731 11908
f 11832 11593 11515
f 11832 11515 11731
f 11593 11399 11320
f 11593 11320 11515
f 11399 11166 11102
f 11399 11102 11320
f 11166 10964 10906
f 11166 10906 11102
f 10964 10755 10668
f 10964 10668 10906
f 10755 10510 10465
f 10755 10465 10668
f 10510 10257 10208
f 10510 10208 10465
f 10257 10013 9982
f 10257 9982 10208
f 10013 9741 9708
f 10013 9708 9982
f 9741 9511 9486
f 9741 9486 9708
f 9511 9208 9184
f 9511 9184 9486
f 9208 8986 8949
f 9208 8949 9184
f 8986 8648 8628
f 8986 8628 8949
f 8648 8350 8326
f 8648 8326 8628
f 8350 8064 8060
f 8350 8060 8326
f 8064 7662 7658
f 8064 7658 8060
f 7662 7412 7406
f 7662 7406 7658
f 7412 7062 7066
f 7412 7066 7406
f 7062 6660 6664
f 7062 6664 7066
f 6660 6374 6398
f 6660 6398 6664
f 6374 6076 6096
f 6374 6096 6398
f 6076 5738 5775
f 6076 5775 6096
f 5738 5516 5540
f 5738 5540 5775
f 5516 5213 5238
f 5516 5238 5540
f 5213 4983 5016
f 5213 5016 5238
f 4983 4711 4742
f 4983 4742 5016
f 4711 4467 4516
f 4711 4516 4742
f 4467 4214 4261
f 4467 4261 4516
f 4214 3977 4064
f 4214 4064 4261
f 3977 3760 3818
f 3977 3818 4064
f 3760 3560 3624
f 3760 3624 3818
f 3560 3325 3408
f 3560 3408 3624
f 3325 3135 3215
f 3325 3215 3408
f 3135 2904 3001
f 3135 3001 3215
f 2904 2683 2826
f 2904 2826 3001
f 2683 2546 2629
f 2683 2629 2826
f 2546 2443 2536
f 2546 2536 2629
f 2443 2350 2446
f 2443 2446 2536
f 2350 2298 2394
f 2350 2394 2446
f 2298 2252 2343
f 2298 2343 2394
f 2252 2236 2329
f 2252 2329 2343
f 2236 2251 2342
f 2236 2342 2329
f 2251 2297 2393
f 2251 2393 2342
f 2297 2349 2445
f 2297 2445 2393
f 2349 2440 2535
f 2349 2535 2445
f 2440 2545 2628
f 2440 2628 2535
f 2545 2682 2823
f 2545 2823 2628
f 2682 2895 2996
f 2682 2996 2823
f 2895 3134 3212
f 2895 3212 2996
f 3134 3324 3407
f 3134 3407 3212
f 3324 3557 3621
f 3324 3621 3407
f 3557 3759 3817
f 3557 3817 3621
f 3759 3968 4059
f 3759 4059 3817
f 3968 4213 4258
f 3968 4258 4059
f 4213 4466 4515
f 4213 4515 4258
f 4466 4710 4741
f 4466 4741 4515
f 4710 4982 5015
f 4710 5015 4741
f 4982 5212 5237
f 4982 5237 5015
f 5212 5515 5539
f 5212 5539 5237
f 5515 5737 5774
f 5515 5774 5539
f 5737 6075 6095
f 5737 6095 5774
f 6075 6373 6397
f 6075 6397 6095
f 6373 6659 6663
f 6373 6663 6397
f 6659 7061 7065
f 6659 7065 6663
f 7061 7311 7317
f 7061 7317 7065
f 7311 7661 7657
f 7311 7657 7317
f 7661 8063 8059
f 7661 8059 7657
f 8063 8349 8325
f 8063 8325 8059
f 8349 8647 8627
f 8349 8627 8325
f 8647 8985 8948
f 8647 8948 8627
f 8985 9207 9183
f 8985 9183 8948
f 9207 9510 9485
f 9207 9485 9183
f 9510 9740 9707
f 9510 9707 9485
f 9740 10012 9981
f 9740 9981 9707
f 10012 10256 10207
f 10012 10207 9981
f 10256 10509 10462
f 10256 10462 10207
f 10509 10746 10663
f 10509 10663 10462
f 10746 10963 10905
f 10746 10905 10663
f 10963 11163 11099
f 10963 11099 10905
f 11163 11398 11319
f 11163 11319 11099
f 11398 11592 11512
f 11398 11512 11319
f 11592 11823 11722
f 11592 11722 11512
f 11823 12050 11905
f 11823 11905 11722
f 12050 12195 12112
f 12050 12112 11905
f 12195 12294 12205
f 12195 12205 12112
f 12294 12383 12291
f 12294 12291 12205
f 12383 12431 12343
f 12383 12343 12291
f 12431 12475 12390
f 12431 12390 12343
f 12475 12491 12404
f 12475 12404 12390
f 12404 12391 12296
f 12404 12296 12310
f 12391 12344 12256
f 12391 12256 12296
f 12344 12292 12204
f 12344 12204 12256
f 12292 12206 12129
f 12292 12129 12204
f 12206 12113 11993
f 12206 11993 12129
f 12113 11908 11810
f 12113 11810 11993
f 11908 11731 11612
f 11908 11612 11810
f 11731 11515 11436
f 11731 11436 11612
f 11515 11320 11239
f 11515 11239 11436
f 11320 11102 11038
f 11320 11038 11239
f 11102 10906 10853
f 11102 10853 11038
f 10906 10668 10603
f 10906 10603 10853
f 10668 10465 10414
f 10668 10414 10603
f 10465 10208 10172
f 10465 10172 10414
f 10208 9982 9952
f 10208 9952 10172
f 9982 9708 9676
f 9982 9676 9952
f 9708 9486 9464
f 9708 9464 9676
f 9486 9184 9170
f 9486 9170 9464
f 9184 8949 8930
f 9184 8930 9170
f 8949 8628 8622
f 8949 8622 8930
f 8628 8326 8312
f 8628 8312 8622
f 8326 8060 8058
f 8326 8058 8312
f 8060 7658 7656
f 8060 7656 8058
f 7658 7406 7405
f 7658 7405 7656
f 7406 7066 7068
f 7406 7068 7405
f 7066 6664 6666
f 7066 6666 7068
f 6664 6398 6412
f 6664 6412 6666
f 6398 6096 6102
f 6398 6102 6412
f 6096 5775 5794
f 6096 5794 6102
f 5775 5540 5554
f 5775 5554 5794
f 5540 5238 5260
f 5540 5260 5554
f 5238 5016 5048
f 5238 5048 5260
f 5016 4742 4772
f 5016 4772 5048
f 4742 4516 4552
f 4742 4552 4772
f 4516 4261 4310
f 4516 4310 4552
f 4261 4064 4121
f 4261 4121 4310
f 4064 3818 3875
f 4064 3875 4121
f 3818 3624 3690
f 3818 3690 3875
f 3624 3408 3489
f 3624 3489 3690
f 3408 3215 3288
f 3408 3288 3489
f 3215 3001 3118
f 3215 3118 3288
f 3001 2826 2920
f 3001 2920 3118
f 2826 2629 2745
f 2826 2745 2920
f 2629 2536 2614
f 2629 2614 2745
f 2536 2446 2538
f 2536 2538 2614
f 2446 2394 2482
f 2446 2482 2538
f 2394 2343 2442
f 2394 2442 2482
f 2343 2329 2427
f 2343 2427 2442
f 2329 2342 2441
f 2329 2441 2427
f 2342 2393 2481
f 2342 2481 2441
f 2393 2445 2537
f 2393 2537 2481
f 2445 2535 2612
f 2445 2612 2537
f 2535 2628 2740
f 2535 2740 2612
f 2628 2823 2917
f 2628 2917 2740
f 2823 2996 3115
f 2823 3115 2917
f 2996 3212 3287
f 2996 3287 3115
f 3212 3407 3488
f 3212 3488 3287
f 3407 3621 3689
f 3407 3689 3488
f 3621 3817 3870
f 3621 3870 3689
f 3817 4059 4120
f 3817 4120 3870
f 4059 4258 4309
f 4059 4309 4120
f 4258 4515 4551
f 4258 4551 4309
f 4515 4741 4771
f 4515 4771 4551
f 4741 5015 5047
f 4741 5047 4771
f 5015 5237 5259
f 5015 5259 5047
f 5237 5539 5553
f 5237 5553 5259
f 5539 5774 5793
f 5539 5793 5553
f 5774 6095 6101
f 5774 6101 5793
f 6095 6397 6411
f 6095 6411 6101
f 6397 6663 6665
f 6397 6665 6411
f 6663 7065 7067
f 6663 7067 6665
f 7065 7317 7318
f 7065 7318 7067
f 7317 7657 7655
f 7317 7655 7318
f 7657 8059 8057
f 7657 8057 7655
f 8059 8325 8311
f 8059 8311 8057
f 8325 8627 8621
f 8325 8621 8311
f 8627 8948 8929
f 8627 8929 8621
f 8948 9183 9169
f 8948 9169 8929
f 9183 9485 9463
f 9183 9463 9169
f 9485 9707 9675
f 9485 9675 9463
f 9707 9981 9951
f 9707 9951 9675
f 9981 10207 10171
f 9981 10171 9951
f 10207 10462 10413
f 10207 10413 10171
f 10462 10663 10602
f 10462 10602 10413
f 10663 10905 10848
f 10663 10848 10602
f 10905 11099 11037
f 10905 11037 10848
f 11099 11319 11238
f 11099 11238 11037
f 11319 11512 11435
f 11319 11435 11238
f 11512 11722 11609
f 11512 11609 11435
f 11722 11905 11807
f 11722 11807 11609
f 11905 12112 11988
f 11905 11988 11807
f 12112 12205 12127
f 12112 12127 11988
f 12205 12291 12203
f 12205 12203 12127
f 12291 12343 12255
f 12291 12255 12203
f 12343 12390 12295
f 12343 12295 12255
f 12390 12404 12310
f 12390 12310 12295
f 12310 12296 12223
f 12310 12223 12237
f 12296 12256 12191
f 12296 12191 12223
f 12256 12204 12136
f 12256 12136 12191
f 12204 12129 12037
f 12204 12037 12136
f 12129 11993 11877
f 12129 11877 12037
f 11993 11810 11728
f 11993 11728 11877
f 11810 11612 11540
f 11810 11540 11728
f 11612 11436 11370
f 11612 11370 11540
f 11436 11239 11165
f 11436 11165 11370
f 11239 11038 10978
f 11239 10978 11165
f 11038 10853 10799
f 11038 10799 10978
f 10853 10603 10558
f 10853 10558 10799
f 10603 10414 10389
f 10603 10389 10558
f 10414 10172 10133
f 10414 10133 10389
f 10172 9952 9928
f 10172 9928 10133
f 9952 9676 9658
f 9952 9658 9928
f 9676 9464 9431
f 9676 9431 9658
f 9464 9170 9155
f 9464 9155 9431
f 9170 8930 8888
f 9170 8888 9155
f 8930 8622 8609
f 8930 8609 8888
f 8622 8312 8300
f 8622 8300 8609
f 8312 8058 8050
f 8312 8050 8300
f 8058 7656 7652
f 8058 7652 8050
f 7656 7405 7403
f 7656 7403 7652
f 7405 7068 7076
f 7405 7076 7403
f 7068 6666 6674
f 7068 6674 7076
f 6666 6412 6428
f 6666 6428 6674
f 6412 6102 6115
f 6412 6115 6428
f 6102 5794 5836
f 6102 5836 6115
f 5794 5554 5569
f 5794 5569 5836
f 5554 5260 5293
f 5554 5293 5569
f 5260 5048 5066
f 5260 5066 5293
f 5048 4772 4796
f 5048 4796 5066
f 4772 4552 4595
f 4772 4595 4796
f 4552 4310 4339
f 4552 4339 4595
f 4310 4121 4166
f 4310 4166 4339
f 4121 3875 3929
f 4121 3929 4166
f 3875 3690 3750
f 3875 3750 3929
f 3690 3489 3559
f 3690 3559 3750
f 3489 3288 3358
f 3489 3358 3559
f 3288 3118 3190
f 3288 3190 3358
f 3118 2920 3000
f 3118 3000 3190
f 2920 2745 2853
f 2920 2853 3000
f 2745 2614 2693
f 2745 2693 2853
f 2614 2538 2606
f 2614 2606 2693
f 2538 2482 2551
f 2538 2551 2606
f 2482 2442 2517
f 2482 2517 2551
f 2442 2427 2500
f 2442 2500 2517
f 2427 2441 2516
f 2427 2516 2500
f 2441 2481 2550
f 2441 2550 2516
f 2481 2537 2605
f 2481 2605 2550
f 2537 2612 2692
f 2537 2692 2605
f 2612 2740 2850
f 2612 2850 2692
f 2740 2917 2997
f 2740 2997 2850
f 2917 3115 3187
f 2917 3187 2997
f 3115 3287 3357
f 3115 3357 3187
f 3287 3488 3558
f 3287 3558 3357
f 3488 3689 3749
f 3488 3749 3558
f 3689 3870 3924
f 3689 3924 3749
f 3870 4120 4165
f 3870 4165 3924
f 4120 4309 4338
f 4120 4338 4165
f 4309 4551 4590
f 4309 4590 4338
f 4551 4771 4795
f 4551 4795 4590
f 4771 5047 5065
f 4771 5065 4795
f 5047 5259 5292
f 5047 5292 5065
f 5259 5553 5568
f 5259 5568 5292
f 5553 5793 5835
f 5553 5835 5568
f 5793 6101 6114
f 5793 6114 5835
f 6101 6411 6423
f 6101 6423 6114
f 6411 6665 6673
f 6411 6673 6423
f 6665 7067 7071
f 6665 7071 6673
f 7067 7318 7320
f 7067 7320 7071
f 7318 7655 7647
f 7318 7647 7320
f 7655 8057 8049
f 7655 8049 7647
f 8057 8311 8295
f 8057 8295 8049
f 8311 8621 8608
f 8311 8608 8295
f 8621 8929 8887
f 8621 8887 8608
f 8929 9169 9154
f 8929 9154 8887
f 9169 9463 9430
f 9169 9430 9154
f 9463 9675 9657
f 9463 9657 9430
f 9675 9951 9927
f 9675 9927 9657
f 9951 10171 10128
f 9951 10128 9927
f 10171 10413 10388
f 10171 10388 10128
f 10413 10602 10557
f 10413 10557 10388
f 10602 10848 10794
f 10602 10794 10557
f 10848 11037 10977
f 10848 10977 10794
f 11037 11238 11164
f 11037 11164 10977
f 11238 11435 11369
f 11238 11369 11164
f 11435 11609 11537
f 11435 11537 11369
f 11609 11807 11723
f 11609 11723 11537
f 11807 11988 11874
f 11807 11874 11723
f 11988 12127 12036
f 11988 12036 11874
f 12127 12203 12135
f 12127 12135 12036
f 12203 12255 12190
f 12203 12190 12135
f 12255 12295 12222
f 12255 12222 12190
f 12295 12310 12237
f 12295 12237 12222
f 12237 12223 12166
f 12237 12166 12174
f 12223 12191 12132
f 12223 12132 12166
f 12191 12136 12063
f 12191 12063 12132
f 12136 12037 11937
f 12136 11937 12063
f 12037 11877 11804
f 12037 11804 11937
f 11877 11728 11635
f 11877 11635 11804
f 11728 11540 11491
f 11728 11491 11635
f 11540 11370 11316
f 11540 11316 11491
f 11370 11165 11117
f 11370 11117 11316
f 11165 10978 10940
f 11165 10940 11117
f 10978 10799 10760
f 10978 10760 10940
f 10799 10558 10538
f 10799 10538 10760
f 10558 10389 10336
f 10558 10336 10538
f 10389 10133 10098
f 10389 10098 10336
f 10133 9928 9892
f 10133 9892 10098
f 9928 9658 9642
f 9928 9642 9892
f 9658 9431 9422
f 9658 9422 9642
f 9431 9155 9136
f 9431 9136 9422
f 9155 8888 8871
f 9155 8871 9136
f 8888 8609 8604
f 8888 8604 8871
f 8609 8300 8283
f 8609 8283 8604
f 8300 8050 8048
f 8300 8048 8283
f 8050 7652 7646
f 8050 7646 8048
f 7652 7403 7402
f 7652 7402 7646
f 7403 7076 7078
f 7403 7078 7402
f 7076 6674 6676
f 7076 6676 7078
f 6674 6428 6441
f 6674 6441 6676
f 6428 6115 6124
f 6428 6124 6441
f 6115 5836 5853
f 6115 5853 6124
f 5836 5569 5588
f 5836 5588 5853
f 5569 5293 5302
f 5569 5302 5588
f 5293 5066 5082
f 5293 5082 5302
f 5066 4796 4832
f 5066 4832 5082
f 4796 4595 4626
f 4796 4626 4832
f 4595 4339 4388
f 4595 4388 4626
f 4339 4166 4186
f 4339 4186 4388
f 4166 3929 3964
f 4166 3964 4186
f 3929 3750 3784
f 3929 3784 3964
f 3750 3559 3607
f 3750 3607 3784
f 3559 3358 3412
f 3559 3412 3607
f 3358 3190 3233
f 3358 3233 3412
f 3190 3000 3095
f 3190 3095 3233
f 3000 2853 2924
f 3000 2924 3095
f 2853 2693 2795
f 2853 2795 2924
f 2693 2606 2671
f 2693 2671 2795
f 2606 2551 2610
f 2606 2610 2671
f 2551 2517 2576
f 2551 2576 2610
f 2517 2500 2567
f 2517 2567 2576
f 2500 2516 2575
f 2500 2575 2567
f 2516 2550 2609
f 2516 2609 2575
f 2550 2605 2670
f 2550 2670 2609
f 2605 2692 2794
f 2605 2794 2670
f 2692 2850 2923
f 2692 2923 2794
f 2850 2997 3092
f 2850 3092 2923
f 2997 3187 3232
f 2997 3232 3092
f 3187 3357 3411
f 3187 3411 3232
f 3357 3558 3606
f 3357 3606 3411
f 3558 3749 3783
f 3558 3783 3606
f 3749 3924 3963
f 3749 3963 3783
f 3924 4165 4185
f 3924 4185 3963
f 4165 4338 4387
f 4165 4387 4185
f 4338 4590 4625
f 4338 4625 4387
f 4590 4795 4831
f 4590 4831 4625
f 4795 5065 5081
f 4795 5081 4831
f 5065 5292 5301
f 5065 5301 5081
f 5292 5568 5587
f 5292 5587 5301
f 5568 5835 5852
f 5568 5852 5587
f 5835 6114 6119
f 5835 6119 5852
f 6114 6423 6440
f 6114 6440 6119
f 6423 6673 6675
f 6423 6675 6440
f 6673 7071 7077
f 6673 7077 6675
f 7071 7320 7321
f 7071 7321 7077
f 7320 7647 7645
f 7320 7645 7321
f 7647 8049 8047
f 7647 8047 7645
f 8049 8295 8282
f 8049 8282 8047
f 8295 8608 8599
f 8295 8599 8282
f 8608 8887 8870
f 8608 8870 8599
f 8887 9154 9135
f 8887 9135 8870
f 9154 9430 9421
f 9154 9421 9135
f 9430 9657 9641
f 9430 9641 9421
f 9657 9927 9891
f 9657 9891 9641
f 9927 10128 10097
f 9927 10097 9891
f 10128 10388 10335
f 10128 10335 10097
f 10388 10557 10537
f 10388 10537 10335
f 10557 10794 10759
f 10557 10759 10537
f 10794 10977 10939
f 10794 10939 10759
f 10977 11164 11116
f 10977 11116 10939
f 11164 11369 11315
f 11164 11315 11116
f 11369 11537 11490
f 11369 11490 11315
f 11537 11723 11632
f 11537 11632 11490
f 11723 11874 11803
f 11723 11803 11632
f 11874 12036 11936
f 11874 11936 11803
f 12036 12135 12062
f 12036 12062 11936
f 12135 12190 12131
f 12135 12131 12062
f 12190 12222 12165
f 12190 12165 12131
f 12222 12237 12174
f 12222 12174 12165
f 12174 12166 12119
f 12174 12119 12128
f 12166 12132 12081
f 12166 12081 12119
f 12132 12063 11997
f 12132 11997 12081
f 12063 11937 11864
f 12063 11864 11997
f 11937 11804 11760
f 11937 11760 11864
f 11804 11635 11585
f 11804 11585 11760
f 11635 11491 11438
f 11635 11438 11585
f 11491 11316 11284
f 11491 11284 11438
f 11316 11117 11086
f 11316 11086 11284
f 11117 10940 10911
f 11117 10911 11086
f 10940 10760 10722
f 10940 10722 10911
f 10760 10538 10519
f 10760 10519 10722
f 10538 10336 10302
f 10538 10302 10519
f 10336 10098 10074
f 10336 10074 10302
f 10098 9892 9874
f 10098 9874 10074
f 9892 9642 9613
f 9892 9613 9874
f 9642 9422 9406
f 9642 9406 9613
f 9422 9136 9123
f 9422 9123 9406
f 9136 8871 8856
f 9136 8856 9123
f 8871 8604 8596
f 8871 8596 8856
f 8604 8283 8277
f 8604 8277 8596
f 8283 8048 8044
f 8283 8044 8277
f 8048 7646 7643
f 8048 7643 8044
f 7646 7402 7400
f 7646 7400 7643
f 7402 7078 7081
f 7402 7081 7400
f 7078 6676 6680
f 7078 6680 7081
f 6676 6441 6447
f 6676 6447 6680
f 6441 6124 6128
f 6441 6128 6447
f 6124 5853 5868
f 6124 5868 6128
f 5853 5588 5601
f 5853 5601 5868
f 5588 5302 5318
f 5588 5318 5601
f 5302 5082 5111
f 5302 5111 5318
f 5082 4832 4850
f 5082 4850 5111
f 4832 4626 4654
f 4832 4654 4850
f 4626 4388 4424
f 4626 4424 4654
f 4388 4186 4205
f 4388 4205 4424
f 4186 3964 4006
f 4186 4006 4205
f 3964 3784 3813
f 3964 3813 4006
f 3784 3607 3638
f 3784 3638 3813
f 3607 3412 3444
f 3607 3444 3638
f 3412 3233 3286
f 3412 3286 3444
f 3233 3095 3143
f 3233 3143 3286
f 3095 2924 2969
f 3095 2969 3143
f 2924 2795 2866
f 2924 2866 2969
f 2795 2671 2737
f 2795 2737 2866
f 2671 2610 2653
f 2671 2653 2737
f 2610 2576 2623
f 2610 2623 2653
f 2576 2567 2613
f 2576 2613 2623
f 2567 2575 2622
f 2567 2622 2613
f 2575 2609 2652
f 2575 2652 2622
f 2609 2670 2736
f 2609 2736 2652
f 2670 2794 2863
f 2670 2863 2736
f 2794 2923 2967
f 2794 2967 2863
f 2923 3092 3142
f 2923 3142 2967
f 3092 3232 3285
f 3092 3285 3142
f 3232 3411 3443
f 3232 3443 3285
f 3411 3606 3637
f 3411 3637 3443
f 3606 3783 3812
f 3606 3812 3637
f 3783 3963 4005
f 3783 4005 3812
f 3963 4185 4204
f 3963 4204 4005
f 4185 4387 4421
f 4185 4421 4204
f 4387 4625 4649
f 4387 4649 4421
f 4625 4831 4849
f 4625 4849 4649
f 4831 5081 5110
f 4831 5110 4849
f 5081 5301 5317
f 5081 5317 5110
f 5301 5587 5600
f 5301 5600 5317
f 5587 5852 5867
f 5587 5867 5600
f 5852 6119 6127
f 5852 6127 5867
f 6119 6440 6446
f 6119 6446 6127
f 6440 6675 6679
f 6440 6679 6446
f 6675 7077 7080
f 6675 7080 6679
f 7077 7321 7323
f 7077 7323 7080
f 7321 7645 7642
f 7321 7642 7323
f 7645 8047 8043
f 7645 8043 7642
f 8047 8282 8276
f 8047 8276 8043
f 8282 8599 8595
f 8282 8595 8276
f 8599 8870 8855
f 8599 8855 8595
f 8870 9135 9122
f 8870 9122 8855
f 9135 9421 9405
f 9135 9405 9122
f 9421 9641 9612
f 9421 9612 9405
f 9641 9891 9873
f 9641 9873 9612
f 9891 10097 10069
f 9891 10069 9873
f 10097 10335 10299
f 10097 10299 10069
f 10335 10537 10518
f 10335 10518 10299
f 10537 10759 10721
f 10537 10721 10518
f 10759 10939 10910
f 10759 10910 10721
f 10939 11116 11085
f 10939 11085 10910
f 11116 11315 11283
f 11116 11283 11085
f 11315 11490 11437
f 11315 11437 11283
f 11490 11632 11584
f 11490 11584 11437
f 11632 11803 11758
f 11632 11758 11584
f 11803 11936 11861
f 11803 11861 11758
f 11936 12062 11996
f 11936 11996 11861
f 12062 12131 12080
f 12062 12080 11996
f 12131 12165 12118
f 12131 12118 12080
f 12165 12174 12128
f 12165 12128 12118
f 12128 12119 12085
f 12128 12085 12103
f 12119 12081 12039
f 12119 12039 12085
f 12081 11997 11958
f 12081 11958 12039
f 11997 11864 11844
f 11997 11844 11958
f 11864 11760 11713
f 11864 11713 11844
f 11760 11585 11566
f 11760 11566 11713
f 11585 11438 11418
f 11585 11418 11566
f 11438 11284 11242
f 11438 11242 11418
f 11284 11086 11069
f 11284 11069 11242
f 11086 10911 10902
f 11086 10902 11069
f 10911 10722 10694
f 10911 10694 10902
f 10722 10519 10504
f 10722 10504 10694
f 10519 10302 10287
f 10519 10287 10504
f 10302 10074 10062
f 10302 10062 10287
f 10074 9874 9867
f 10074 9867 10062
f 9874 9613 9602
f 9874 9602 9867
f 9613 9406 9395
f 9613 9395 9602
f 9406 9123 9117
f 9406 9117 9395
f 9123 8856 8848
f 9123 8848 9117
f 8856 8596 8592
f 8856 8592 8848
f 8596 8277 8269
f 8596 8269 8592
f 8277 8044 8042
f 8277 8042 8269
f 8044 7643 7640
f 8044 7640 8042
f 7643 7400 7399
f 7643 7399 7640
f 7400 7081 7092
f 7400 7092 7399
f 7081 6680 6690
f 7081 6690 7092
f 6680 6447 6463
f 6680 6463 6690
f 6447 6128 6132
f 6447 6132 6463
f 6128 5868 5876
f 6128 5876 6132
f 5868 5601 5611
f 5868 5611 5876
f 5601 5318 5329
f 5601 5329 5611
f 5318 5111 5122
f 5318 5122 5329
f 5111 4850 4857
f 5111 4857 5122
f 4850 4654 4662
f 4850 4662 4857
f 4654 4424 4437
f 4654 4437 4662
f 4424 4205 4224
f 4424 4224 4437
f 4205 4006 4034
f 4205 4034 4224
f 4006 3813 3822
f 4006 3822 4034
f 3813 3638 3655
f 3813 3655 3822
f 3638 3444 3486
f 3638 3486 3655
f 3444 3286 3306
f 3444 3306 3486
f 3286 3143 3162
f 3286 3162 3306
f 3143 2969 3013
f 3143 3013 3162
f 2969 2866 2884
f 2969 2884 3013
f 2866 2737 2774
f 2866 2774 2884
f 2737 2653 2691
f 2737 2691 2774
f 2653 2623 2649
f 2653 2649 2691
f 2623 2613 2634
f 2623 2634 2649
f 2613 2622 2648
f 2613 2648 2634
f 2622 2652 2690
f 2622 2690 2648
f 2652 2736 2773
f 2652 2773 2690
f 2736 2863 2883
f 2736 2883 2773
f 2863 2967 3010
f 2863 3010 2883
f 2967 3142 3161
f 2967 3161 3010
f 3142 3285 3305
f 3142 3305 3161
f 3285 3443 3485
f 3285 3485 3305
f 3443 3637 3654
f 3443 3654 3485
f 3637 3812 3821
f 3637 3821 3654
f 3812 4005 4033
f 3812 4033 3821
f 4005 4204 4219
f 4005 4219 4033
f 4204 4421 4436
f 4204 4436 4219
f 4421 4649 4661
f 4421 4661 4436
f 4649 4849 4856
f 4649 4856 4661
f 4849 5110 5121
f 4849 5121 4856
f 5110 5317 5328
f 5110 5328 5121
f 5317 5600 5606
f 5317 5606 5328
f 5600 5867 5875
f 5600 5875 5606
f 5867 6127 6131
f 5867 6131 5875
f 6127 6446 6454
f 6127 6454 6131
f 6446 6679 6681
f 6446 6681 6454
f 6679 7080 7083
f 6679 7083 6681
f 7080 7323 7324
f 7080 7324 7083
f 7323 7642 7631
f 7323 7631 7324
f 7642 8043 8033
f 7642 8033 7631
f 8043 8276 8260
f 8043 8260 8033
f 8276 8595 8591
f 8276 8591 8260
f 8595 8855 8847
f 8595 8847 8591
f 8855 9122 9112
f 8855 9112 8847
f 9122 9405 9394
f 9122 9394 9112
f 9405 9612 9601
f 9405 9601 9394
f 9612 9873 9866
f 9612 9866 9601
f 9873 10069 10061
f 9873 10061 9866
f 10069 10299 10286
f 10069 10286 10061
f 10299 10518 10499
f 10299 10499 10286
f 10518 10721 10693
f 10518 10693 10499
f 10721 10910 10901
f 10721 10901 10693
f 10910 11085 11068
f 10910 11068 10901
f 11085 11283 11241
f 11085 11241 11068
f 11283 11437 11417
f 11283 11417 11241
f 11437 11584 11565
f 11437 11565 11417
f 11584 11758 11710
f 11584 11710 11565
f 11758 11861 11843
f 11758 11843 11710
f 11861 11996 11957
f 11861 11957 11843
f 11996 12080 12038
f 11996 12038 11957
f 12080 12118 12084
f 12080 12084 12038
f 12118 12128 12103
f 12118 12103 12084
f 12103 12085 12073
f 12103 12073 12088
f 12085 12039 12025
f 12085 12025 12073
f 12039 11958 11931
f 12039 11931 12025
f 11958 11844 11828
f 11958 11828 11931
f 11844 11713 11697
f 11844 11697 11828
f 11713 11566 11554
f 11713 11554 11697
f 11566 11418 11406
f 11566 11406 11554
f 11418 11242 11228
f 11418 11228 11406
f 11242 11069 11059
f 11242 11059 11228
f 11069 10902 10891
f 11069 10891 11059
f 10902 10694 10681
f 10902 10681 10891
f 10694 10504 10491
f 10694 10491 10681
f 10504 10287 10280
f 10504 10280 10491
f 10287 10062 10049
f 10287 10049 10280
f 10062 9867 9859
f 10062 9859 10049
f 9867 9602 9595
f 9867 9595 9859
f 9602 9395 9378
f 9602 9378 9595
f 9395 9117 9107
f 9395 9107 9378
f 9117 8848 8843
f 9117 8843 9107
f 8848 8592 8585
f 8848 8585 8843
f 8592 8269 8265
f 8592 8265 8585
f 8269 8042 8038
f 8269 8038 8265
f 8042 7640 7636
f 8042 7636 8038
f 7640 7399 7395
f 7640 7395 7636
f 7399 7092 7088
f 7399 7088 7395
f 7092 6690 6686
f 7092 6686 7088
f 6690 6463 6459
f 6690 6459 6686
f 6463 6132 6139
f 6463 6139 6459
f 6132 5876 5881
f 6132 5881 6139
f 5876 5611 5617
f 5876 5617 5881
f 5611 5329 5346
f 5611 5346 5617
f 5329 5122 5129
f 5329 5129 5346
f 5122 4857 4865
f 5122 4865 5129
f 4857 4662 4675
f 4857 4675 4865
f 4662 4437 4444
f 4662 4444 4675
f 4437 4224 4233
f 4437 4233 4444
f 4224 4034 4047
f 4224 4047 4233
f 4034 3822 3835
f 4034 3835 4047
f 3822 3655 3665
f 3822 3665 3835
f 3655 3486 3496
f 3655 3496 3665
f 3486 3306 3318
f 3486 3318 3496
f 3306 3162 3174
f 3306 3174 3318
f 3162 3013 3027
f 3162 3027 3174
f 3013 2884 2900
f 3013 2900 3027
f 2884 2774 2809
f 2884 2809 2900
f 2774 2691 2706
f 2774 2706 2809
f 2691 2649 2661
f 2691 2661 2706
f 2649 2634 2642
f 2649 2642 2661
f 2634 2648 2657
f 2634 2657 2642
f 2648 2690 2701
f 2648 2701 2657
f 2690 2773 2797
f 2690 2797 2701
f 2773 2883 2896
f 2773 2896 2797
f 2883 3010 3023
f 2883 3023 2896
f 3010 3161 3170
f 3010 3170 3023
f 3161 3305 3314
f 3161 3314 3170
f 3305 3485 3492
f 3305 3492 3314
f 3485 3654 3661
f 3485 3661 3492
f 3654 3821 3829
f 3654 3829 3661
f 3821 4033 4043
f 3821 4043 3829
f 4033 4219 4229
f 4033 4229 4043
f 4219 4436 4440
f 4219 4440 4229
f 4436 4661 4671
f 4436 4671 4440
f 4661 4856 4861
f 4661 4861 4671
f 4856 5121 5125
f 4856 5125 4861
f 5121 5328 5342
f 5121 5342 5125
f 5328 5606 5613
f 5328 5613 5342
f 5606 5875 5877
f 5606 5877 5613
f 5875 6131 6135
f 5875 6135 5877
f 6131 6454 6455
f 6131 6455 6135
f 6454 6681 6682
f 6454 6682 6455
f 6681 7083 7084
f 6681 7084 6682
f 7083 7324 7325
f 7083 7325 7084
f 7324 7631 7632
f 7324 7632 7325
f 7631 8033 8034
f 7631 8034 7632
f 8033 8260 8261
f 8033 8261 8034
f 8260 8591 8581
f 8260 8581 8261
f 8591 8847 8839
f 8591 8839 8581
f 8847 9112 9103
f 8847 9103 8839
f 9112 9394 9374
f 9112 9374 9103
f 9394 9601 9591
f 9394 9591 9374
f 9601 9866 9855
f 9601 9855 9591
f 9866 10061 10045
f 9866 10045 9855
f 10061 10286 10276
f 10061 10276 10045
f 10286 10499 10487
f 10286 10487 10276
f 10499 10693 10677
f 10499 10677 10487
f 10693 10901 10885
f 10693 10885 10677
f 10901 11068 11055
f 10901 11055 10885
f 11068 11241 11224
f 11068 11224 11055
f 11241 11417 11402
f 11241 11402 11224
f 11417 11565 11550
f 11417 11550 11402
f 11565 11710 11693
f 11565 11693 11550
f 11710 11843 11824
f 11710 11824 11693
f 11843 11957 11919
f 11843 11919 11824
f 11957 12038 12020
f 11957 12020 11919
f 12038 12084 12069
f 12038 12069 12020
f 12084 12103 12088
f 12084 12088 12069
f 12088 12073 12074
f 12088 12074 12089
f 12073 12025 12026
f 12073 12026 12074
f 12025 11931 11932
f 12025 11932 12026
f 11931 11828 11829
f 11931 11829 11932
f 11828 11697 11698
f 11828 11698 11829
f 11697 11554 11555
f 11697 11555 11698
f 11554 11406 11407
f 11554 11407 11555
f 11406 11228 11229
f 11406 11229 11407
f 11228 11059 11060
f 11228 11060 11229
f 11059 10891 10892
f 11059 10892 11060
f 10891 10681 10682
f 10891 10682 10892
f 10681 10491 10492
f 10681 10492 10682
f 10491 10280 10281
f 10491 10281 10492
f 10280 10049 10050
f 10280 10050 10281
f 10049 9859 9860
f 10049 9860 10050
f 9859 9595 9596
f 9859 9596 9860
f 9595 9378 9379
f 9595 9379 9596
f 9378 9107 9108
f 9378 9108 9379
f 9107 8843 8844
f 9107 8844 9108
f 8843 8585 8586
f 8843 8586 8844
f 8585 8265 8266
f 8585 8266 8586
f 8265 8038 8039
f 8265 8039 8266
f 8038 7636 7637
f 8038 7637 8039
f 7636 7395 7396
f 7636 7396 7637
f 7395 7088 7089
f 7395 7089 7396
f 7088 6686 6687
f 7088 6687 7089
f 6686 6459 6460
f 6686 6460 6687
f 6459 6139 6140
f 6459 6140 6460
f 6139 5881 5882
f 6139 5882 6140
f 5881 5617 5618
f 5881 5618 5882
f 5617 5346 5347
f 5617 5347 5618
f 5346 5129 5130
f 5346 5130 5347
f 5129 4865 4866
f 5129 4866 5130
f 4865 4675 4676
f 4865 4676 4866
f 4675 4444 4445
f 4675 4445 4676
f 4444 4233 4234
f 4444 4234 4445
f 4233 4047 4048
f 4233 4048 4234
f 4047 3835 3836
f 4047 3836 4048
f 3835 3665 3666
f 3835 3666 3836
f 3665 3496 3497
f 3665 3497 3666
f 3496 3318 3319
f 3496 3319 3497
f 3318 3174 3175
f 3318 3175 3319
f 3174 3027 3028
f 3174 3028 3175
f 3027 2900 2901
f 3027 2901 3028
f 2900 2809 2810
f 2900 2810 2901
f 2809 2706 2707
f 2809 2707 2810
f 2706 2661 2662
f 2706 2662 2707
f 2661 2642 2643
f 2661 2643 2662
f 2642 2657 2658
f 2642 2658 2643
f 2657 2701 2702
f 2657 2702 2658
f 2701 2797 2798
f 2701 2798 2702
f 2797 2896 2897
f 2797 2897 2798
f 2896 3023 3024
f 2896 3024 2897
f 3023 3170 3171
f 3023 3171 3024
f 3170 3314 3315
f 3170 3315 3171
f 3314 3492 3493
f 3314 3493 3315
f 3492 3661 3662
f 3492 3662 3493
f 3661 3829 3830
f 3661 3830 3662
f 3829 4043 4044
f 3829 4044 3830
f 4043 4229 4230
f 4043 4230 4044
f 4229 4440 4441
f 4229 4441 4230
f 4440 4671 4672
f 4440 4672 4441
f 4671 4861 4862
f 4671 4862 4672
f 4861 5125 5126
f 4861 5126 4862
f 5125 5342 5343
f 5125 5343 5126
f 5342 5613 5614
f 5342 5614 5343
f 5613 5877 5878
f 5613 5878 5614
f 5877 6135 6136
f 5877 6136 5878
f 6135 6455 6456
f 6135 6456 6136
f 6455 6682 6683
f 6455 6683 6456
f 6682 7084 7085
f 6682 7085 6683
f 7084 7325 7326
f 7084 7326 7085
f 7325 7632 7633
f 7325 7633 7326
f 7632 8034 8035
f 7632 8035 7633
f 8034 8261 8262
f 8034 8262 8035
f 8261 8581 8582
f 8261 8582 8262
f 8581 8839 8840
f 8581 8840 8582
f 8839 9103 9104
f 8839 9104 8840
f 9103 9374 9375
f 9103 9375 9104
f 9374 9591 9592
f 9374 9592 9375
f 9591 9855 9856
f 9591 9856 9592
f 9855 10045 10046
f 9855 10046 9856
f 10045 10276 10277
f 10045 10277 10046
f 10276 10487 10488
f 10276 10488 10277
f 10487 10677 10678
f 10487 10678 10488
f 10677 10885 10886
f 10677 10886 10678
f 10885 11055 11056
f 10885 11056 10886
f 11055 11224 11225
f 11055 11225 11056
f 11224 11402 11403
f 11224 11403 11225
f 11402 11550 11551
f 11402 11551 11403
f 11550 11693 11694
f 11550 11694 11551
f 11693 11824 11825
f 11693 11825 11694
f 11824 11919 11920
f 11824 11920 11825
f 11919 12020 12021
f 11919 12021 11920
f 12020 12069 12070
f 12020 12070 12021
f 12069 12088 12089
f 12069 12089 12070
f 12089 12074 12571
f 12089 12571 12583
f 12074 12026 12541
f 12074 12541 12571
f 12026 11932 12479
f 12026 12479 12541
f 11932 11829 12402
f 11932 12402 12479
f 11829 11698 12282
f 11829 12282 12402
f 11698 11555 12162
f 11698 12162 12282
f 11555 11407 11961
f 11555 11961 12162
f 11407 11229 11716
f 11407 11716 11961
f 11229 11060 11487
f 11229 11487 11716
f 11060 10892 11268
f 11060 11268 11487
f 10892 10682 11023
f 10892 11023 11268
f 10682 10492 10810
f 10682 10810 11023
f 10492 10281 10549
f 10492 10549 10810
f 10281 10050 10327
f 10281 10327 10549
f 10050 9860 10055
f 10050 10055 10327
f 9860 9596 9802
f 9860 9802 10055
f 9596 9379 9534
f 9596 9534 9802
f 9379 9108 9243
f 9379 9243 9534
f 9108 8844 8999
f 9108 8999 9243
f 8844 8586 8659
f 8844 8659 8999
f 8586 8266 8377
f 8586 8377 8659
f 8266 8039 8079
f 8266 8079 8377
f 8039 7637 7673
f 8039 7673 8079
f 7637 7396 7415
f 7637 7415 7673
f 7396 7089 7055
f 7396 7055 7415
f 7089 6687 6653
f 7089 6653 7055
f 6687 6460 6355
f 6687 6355 6653
f 6460 6140 6069
f 6460 6069 6355
f 6140 5882 5729
f 6140 5729 6069
f 5882 5618 5489
f 5882 5489 5729
f 5618 5347 5194
f 5618 5194 5489
f 5347 5130 4930
f 5347 4930 5194
f 5130 4866 4681
f 5130 4681 4930
f 4866 4676 4401
f 4866 4401 4681
f 4676 4445 4179
f 4676 4179 4401
f 4445 4234 3920
f 4445 3920 4179
f 4234 4048 3709
f 4234 3709 3920
f 4048 3836 3472
f 4048 3472 3709
f 3836 3666 3241
f 3836 3241 3472
f 3666 3497 3016
f 3666 3016 3241
f 3497 3319 2777
f 3497 2777 3016
f 3319 3175 2584
f 3319 2584 2777
f 3175 3028 2461
f 3175 2461 2584
f 3028 2901 2336
f 3028 2336 2461
f 2901 2810 2255
f 2901 2255 2336
f 2810 2707 2191
f 2810 2191 2255
f 2707 2662 2161
f 2707 2161 2191
f 2662 2643 2145
f 2662 2145 2161
f 2643 2658 2157
f 2643 2157 2145
f 2658 2702 2187
f 2658 2187 2157
f 2702 2798 2249
f 2702 2249 2187
f 2798 2897 2332
f 2798 2332 2249
f 2897 3024 2456
f 2897 2456 2332
f 3024 3171 2580
f 3024 2580 2456
f 3171 3315 2771
f 3171 2771 2580
f 3315 3493 3008
f 3315 3008 2771
f 3493 3662 3237
f 3493 3237 3008
f 3662 3830 3460
f 3662 3460 3237
f 3830 4044 3705
f 3830 3705 3460
f 4044 4230 3914
f 4044 3914 3705
f 4230 4441 4175
f 4230 4175 3914
f 4441 4672 4397
f 4441 4397 4175
f 4672 4862 4669
f 4672 4669 4397
f 4862 5126 4922
f 4862 4922 4669
f 5126 5343 5190
f 5126 5190 4922
f 5343 5614 5481
f 5343 5481 5190
f 5614 5878 5725
f 5614 5725 5481
f 5878 6136 6065
f 5878 6065 5725
f 6136 6456 6347
f 6136 6347 6065
f 6456 6683 6645
f 6456 6645 6347
f 6683 7085 7051
f 6683 7051 6645
f 7085 7326 7309
f 7085 7309 7051
f 7326 7633 7669
f 7326 7669 7309
f 7633 8035 8071
f 7633 8071 7669
f 8035 8262 8369
f 8035 8369 8071
f 8262 8582 8655
f 8262 8655 8369
f 8582 8840 8995
f 8582 8995 8655
f 8840 9104 9235
f 8840 9235 8995
f 9104 9375 9530
f 9104 9530 9235
f 9375 9592 9794
f 9375 9794 9530
f 9592 9856 10043
f 9592 10043 9794
f 9856 10046 10323
f 9856 10323 10043
f 10046 10277 10545
f 10046 10545 10323
f 10277 10488 10804
f 10277 10804 10545
f 10488 10678 11019
f 10488 11019 10804
f 10678 10886 11256
f 10678 11256 11019
f 10886 11056 11483
f 10886 11483 11256
f 11056 11225 11708
f 11056 11708 11483
f 11225 11403 11955
f 11225 11955 11708
f 11403 11551 12158
f 11403 12158 11955
f 11551 11694 12277
f 11551 12277 12158
f 11694 11825 12398
f 11694 12398 12277
f 11825 11920 12473
f 11825 12473 12398
f 11920 12021 12537
f 11920 12537 12473
f 12021 12070 12567
f 12021 12567 12537
f 12070 12089 12583
f 12070 12583 12567
f 12583 12571 12650
f 12583 12650 12660
f 12571 12541 12603
f 12571 12603 12650
f 12541 12479 12548
f 12541 12548 12603
f 12479 12402 12458
f 12479 12458 12548
f 12402 12282 12356
f 12402 12356 12458
f 12282 12162 12226
f 12282 12226 12356
f 12162 11961 12060
f 12162 12060 12226
f 11961 11716 11801
f 11961 11801 12060
f 11716 11487 11547
f 11716 11547 11801
f 11487 11268 11328
f 11487 11328 11547
f 11268 11023 11078
f 11268 11078 11328
f 11023 10810 10858
f 11023 10858 11078
f 10810 10549 10581
f 10810 10581 10858
f 10549 10327 10368
f 10549 10368 10581
f 10327 10055 10093
f 10327 10093 10368
f 10055 9802 9852
f 10055 9852 10093
f 9802 9534 9553
f 9802 9553 9852
f 9534 9243 9262
f 9534 9262 9553
f 9243 8999 9013
f 9243 9013 9262
f 8999 8659 8686
f 8999 8686 9013
f 8659 8377 8393
f 8659 8393 8686
f 8377 8079 8087
f 8377 8087 8393
f 8079 7673 7689
f 8079 7689 8087
f 7673 7415 7419
f 7673 7419 7689
f 7415 7055 7039
f 7415 7039 7419
f 7055 6653 6637
f 7055 6637 7039
f 6653 6355 6331
f 6653 6331 6637
f 6355 6069 6042
f 6355 6042 6331
f 6069 5729 5711
f 6069 5711 6042
f 5729 5489 5462
f 5729 5462 5711
f 5489 5194 5171
f 5489 5171 5462
f 5194 4930 4872
f 5194 4872 5171
f 4930 4681 4631
f 4930 4631 4872
f 4681 4401 4360
f 4681 4360 4631
f 4401 4179 4143
f 4401 4143 4360
f 4179 3920 3866
f 4179 3866 4143
f 3920 3709 3646
f 3920 3646 3866
f 3709 3472 3402
f 3709 3402 3646
f 3472 3241 3181
f 3472 3181 3402
f 3241 3016 2931
f 3241 2931 3181
f 3016 2777 2674
f 3016 2674 2931
f 2777 2584 2522
f 2777 2522 2674
f 2584 2461 2378
f 2584 2378 2522
f 2461 2336 2270
f 2461 2270 2378
f 2336 2255 2180
f 2336 2180 2270
f 2255 2191 2125
f 2255 2125 2180
f 2191 2161 2078
f 2191 2078 2125
f 2161 2145 2066
f 2161 2066 2078
f 2145 2157 2076
f 2145 2076 2066
f 2157 2187 2123
f 2157 2123 2076
f 2187 2249 2178
f 2187 2178 2123
f 2249 2332 2268
f 2249 2268 2178
f 2332 2456 2376
f 2332 2376 2268
f 2456 2580 2510
f 2456 2510 2376
f 2580 2771 2672
f 2580 2672 2510
f 2771 3008 2925
f 2771 2925 2672
f 3008 3237 3179
f 3008 3179 2925
f 3237 3460 3398
f 3237 3398 3179
f 3460 3705 3644
f 3460 3644 3398
f 3705 3914 3864
f 3705 3864 3644
f 3914 4175 4141
f 3914 4141 3864
f 4175 4397 4358
f 4175 4358 4141
f 4397 4669 4629
f 4397 4629 4358
f 4669 4922 4870
f 4669 4870 4629
f 4922 5190 5169
f 4922 5169 4870
f 5190 5481 5460
f 5190 5460 5169
f 5481 5725 5709
f 5481 5709 5460
f 5725 6065 6036
f 5725 6036 5709
f 6065 6347 6329
f 6065 6329 6036
f 6347 6645 6635
f 6347 6635 6329
f 6645 7051 7033
f 6645 7033 6635
f 7051 7309 7303
f 7051 7303 7033
f 7309 7669 7683
f 7309 7683 7303
f 7669 8071 8085
f 7669 8085 7683
f 8071 8369 8391
f 8071 8391 8085
f 8369 8655 8680
f 8369 8680 8391
f 8655 8995 9011
f 8655 9011 8680
f 8995 9235 9260
f 8995 9260 9011
f 9235 9530 9551
f 9235 9551 9260
f 9530 9794 9850
f 9530 9850 9551
f 9794 10043 10091
f 9794 10091 9850
f 10043 10323 10366
f 10043 10366 10091
f 10323 10545 10579
f 10323 10579 10366
f 10545 10804 10856
f 10545 10856 10579
f 10804 11019 11076
f 10804 11076 10856
f 11019 11256 11324
f 11019 11324 11076
f 11256 11483 11545
f 11256 11545 11324
f 11483 11708 11795
f 11483 11795 11545
f 11708 11955 12058
f 11708 12058 11795
f 11955 12158 12218
f 11955 12218 12058
f 12158 12277 12354
f 12158 12354 12218
f 12277 12398 12456
f 12277 12456 12354
f 12398 12473 12546
f 12398 12546 12456
f 12473 12537 12601
f 12473 12601 12546
f 12537 12567 12648
f 12537 12648 12601
f 12567 12583 12660
f 12567 12660 12648
f 12660 12650 12704
f 12660 12704 12719
f 12650 12603 12679
f 12650 12679 12704
f 12603 12548 12611
f 12603 12611 12679
f 12548 12458 12533
f 12548 12533 12611
f 12458 12356 12415
f 12458 12415 12533
f 12356 12226 12288
f 12356 12288 12415
f 12226 12060 12137
f 12226 12137 12288
f 12060 11801 11868
f 12060 11868 12137
f 11801 11547 11607
f 11801 11607 11868
f 11547 11328 11379
f 11547 11379 11607
f 11328 11078 11118
f 11328 11118 11379
f 11078 10858 10903
f 11078 10903 11118
f 10858 10581 10623
f 10858 10623 10903
f 10581 10368 10403
f 10581 10403 10623
f 10368 10093 10115
f 10368 10115 10403
f 10093 9852 9885
f 10093 9885 10115
f 9852 9553 9576
f 9852 9576 9885
f 9553 9262 9291
f 9553 9291 9576
f 9262 9013 9025
f 9262 9025 9291
f 9013 8686 8695
f 9013 8695 9025
f 8686 8393 8414
f 8686 8414 8695
f 8393 8087 8099
f 8393 8099 8414
f 8087 7689 7693
f 8087 7693 8099
f 7689 7419 7421
f 7689 7421 7693
f 7419 7039 7031
f 7419 7031 7421
f 7039 6637 6629
f 7039 6629 7031
f 6637 6331 6310
f 6637 6310 6629
f 6331 6042 6029
f 6331 6029 6310
f 6042 5711 5699
f 6042 5699 6029
f 5711 5462 5437
f 5711 5437 5699
f 5462 5171 5148
f 5462 5148 5437
f 5171 4872 4839
f 5171 4839 5148
f 4872 4631 4609
f 4872 4609 4839
f 4631 4360 4321
f 4631 4321 4609
f 4360 4143 4101
f 4360 4101 4321
f 4143 3866 3823
f 4143 3823 4101
f 3866 3646 3608
f 3866 3608 3823
f 3646 3402 3345
f 3646 3345 3608
f 3402 3181 3125
f 3402 3125 3345
f 3181 2931 2860
f 3181 2860 3125
f 2931 2674 2607
f 2931 2607 2860
f 2674 2522 2450
f 2674 2450 2607
f 2522 2378 2319
f 2522 2319 2450
f 2378 2270 2195
f 2378 2195 2319
f 2270 2180 2117
f 2270 2117 2195
f 2180 2125 2049
f 2180 2049 2117
f 2125 2078 2024
f 2125 2024 2049
f 2078 2066 2007
f 2078 2007 2024
f 2066 2076 2022
f 2066 2022 2007
f 2076 2123 2047
f 2076 2047 2022
f 2123 2178 2115
f 2123 2115 2047
f 2178 2268 2193
f 2178 2193 2115
f 2268 2376 2317
f 2268 2317 2193
f 2376 2510 2448
f 2376 2448 2317
f 2510 2672 2603
f 2510 2603 2448
f 2672 2925 2858
f 2672 2858 2603
f 2925 3179 3119
f 2925 3119 2858
f 3179 3398 3343
f 3179 3343 3119
f 3398 3644 3604
f 3398 3604 3343
f 3644 3864 3819
f 3644 3819 3604
f 3864 4141 4099
f 3864 4099 3819
f 4141 4358 4319
f 4141 4319 4099
f 4358 4629 4607
f 4358 4607 4319
f 4629 4870 4837
f 4629 4837 4607
f 4870 5169 5146
f 4870 5146 4837
f 5169 5460 5431
f 5169 5431 5146
f 5460 5709 5697
f 5460 5697 5431
f 5709 6036 6027
f 5709 6027 5697
f 6036 6329 6308
f 6036 6308 6027
f 6329 6635 6623
f 6329 6623 6308
f 6635 7033 7029
f 6635 7029 6623
f 7033 7303 7301
f 7033 7301 7029
f 7303 7683 7691
f 7303 7691 7301
f 7683 8085 8093
f 7683 8093 7691
f 8085 8391 8412
f 8085 8412 8093
f 8391 8680 8693
f 8391 8693 8412
f 8680 9011 9023
f 8680 9023 8693
f 9011 9260 9285
f 9011 9285 9023
f 9260 9551 9574
f 9260 9574 9285
f 9551 9850 9883
f 9551 9883 9574
f 9850 10091 10113
f 9850 10113 9883
f 10091 10366 10401
f 10091 10401 10113
f 10366 10579 10621
f 10366 10621 10401
f 10579 10856 10899
f 10579 10899 10621
f 10856 11076 11114
f 10856 11114 10899
f 11076 11324 11377
f 11076 11377 11114
f 11324 11545 11601
f 11324 11601 11377
f 11545 11795 11866
f 11545 11866 11601
f 11795 12058 12133
f 11795 12133 11866
f 12058 12218 12286
f 12058 12286 12133
f 12218 12354 12413
f 12218 12413 12286
f 12354 12456 12531
f 12354 12531 12413
f 12456 12546 12609
f 12456 12609 12531
f 12546 12601 12677
f 12546 12677 12609
f 12601 12648 12702
f 12601 12702 12677
f 12648 12660 12719
f 12648 12719 12702
f 12719 12704 12774
f 12719 12774 12789
f 12704 12679 12730
f 12704 12730 12774
f 12679 12611 12671
f 12679 12671 12730
f 12611 12533 12585
f 12611 12585 12671
f 12533 12415 12466
f 12533 12466 12585
f 12415 12288 12338
f 12415 12338 12466
f 12288 12137 12182
f 12288 12182 12338
f 12137 11868 11950
f 12137 11950 12182
f 11868 11607 11672
f 11868 11672 11950
f 11607 11379 11427
f 11607 11427 11672
f 11379 11118 11159
f 11379 11159 11427
f 11118 10903 10928
f 11118 10928 11159
f 10903 10623 10656
f 10903 10656 10928
f 10623 10403 10425
f 10623 10425 10656
f 10403 10115 10155
f 10403 10155 10425
f 10115 9885 9906
f 10115 9906 10155
f 9885 9576 9607
f 9885 9607 9906
f 9576 9291 9311
f 9576 9311 9607
f 9291 9025 9039
f 9291 9039 9311
f 9025 8695 8714
f 9025 8714 9039
f 8695 8414 8444
f 8695 8444 8714
f 8414 8099 8107
f 8414 8107 8444
f 8099 7693 7701
f 8099 7701 8107
f 7693 7421 7425
f 7693 7425 7701
f 7421 7031 7027
f 7421 7027 7425
f 7031 6629 6619
f 7031 6619 7027
f 6629 6310 6286
f 6629 6286 6619
f 6310 6029 6014
f 6310 6014 6286
f 6029 5699 5691
f 6029 5691 6014
f 5699 5437 5419
f 5699 5419 5691
f 5437 5148 5117
f 5437 5117 5419
f 5148 4839 4820
f 5148 4820 5117
f 4839 4609 4569
f 4839 4569 4820
f 4609 4321 4299
f 4609 4299 4569
f 4321 4101 4076
f 4321 4076 4299
f 4101 3823 3798
f 4101 3798 4076
f 3823 3608 3565
f 3823 3565 3798
f 3608 3345 3297
f 3608 3297 3565
f 3345 3125 3068
f 3345 3068 3297
f 3125 2860 2785
f 3125 2785 3068
f 2860 2607 2562
f 2860 2562 2785
f 2607 2450 2404
f 2607 2404 2562
f 2450 2319 2262
f 2450 2262 2404
f 2319 2195 2147
f 2319 2147 2262
f 2195 2117 2057
f 2195 2057 2147
f 2117 2049 1998
f 2117 1998 2057
f 2049 2024 1954
f 2049 1954 1998
f 2024 2007 1937
f 2024 1937 1954
f 2007 2022 1952
f 2007 1952 1937
f 2022 2047 1996
f 2022 1996 1952
f 2047 2115 2055
f 2047 2055 1996
f 2115 2193 2141
f 2115 2141 2055
f 2193 2317 2260
f 2193 2260 2141
f 2317 2448 2398
f 2317 2398 2260
f 2448 2603 2558
f 2448 2558 2398
f 2603 2858 2780
f 2603 2780 2558
f 2858 3119 3054
f 2858 3054 2780
f 3119 3343 3295
f 3119 3295 3054
f 3343 3604 3563
f 3343 3563 3295
f 3604 3819 3794
f 3604 3794 3563
f 3819 4099 4070
f 3819 4070 3794
f 4099 4319 4297
f 4099 4297 4070
f 4319 4607 4567
f 4319 4567 4297
f 4607 4837 4816
f 4607 4816 4567
f 4837 5146 5115
f 4837 5115 4816
f 5146 5431 5411
f 5146 5411 5115
f 5431 5697 5683
f 5431 5683 5411
f 5697 6027 6008
f 5697 6008 5683
f 6027 6308 6278
f 6027 6278 6008
f 6308 6623 6615
f 6308 6615 6278
f 6623 7029 7021
f 6623 7021 6615
f 7029 7301 7297
f 7029 7297 7021
f 7301 7691 7695
f 7301 7695 7297
f 7691 8093 8103
f 7691 8103 7695
f 8093 8412 8436
f 8093 8436 8103
f 8412 8693 8708
f 8412 8708 8436
f 8693 9023 9031
f 8693 9031 8708
f 9023 9285 9303
f 9023 9303 9031
f 9285 9574 9605
f 9285 9605 9303
f 9574 9883 9902
f 9574 9902 9605
f 9883 10113 10153
f 9883 10153 9902
f 10113 10401 10423
f 10113 10423 10153
f 10401 10621 10650
f 10401 10650 10423
f 10621 10899 10924
f 10621 10924 10650
f 10899 11114 11157
f 10899 11157 10924
f 11114 11377 11425
f 11114 11425 11157
f 11377 11601 11658
f 11377 11658 11425
f 11601 11866 11945
f 11601 11945 11658
f 11866 12133 12178
f 11866 12178 11945
f 12133 12286 12332
f 12133 12332 12178
f 12286 12413 12464
f 12286 12464 12332
f 12413 12531 12579
f 12413 12579 12464
f 12531 12609 12669
f 12531 12669 12579
f 12609 12677 12728
f 12609 12728 12669
f 12677 12702 12772
f 12677 12772 12728
f 12702 12719 12789
f 12702 12789 12772
f 12789 12774 12799
f 12789 12799 12809
f 12774 12730 12768
f 12774 12768 12799
f 12730 12671 12694
f 12730 12694 12768
f 12671 12585 12613
f 12671 12613 12694
f 12585 12466 12507
f 12585 12507 12613
f 12466 12338 12374
f 12466 12374 12507
f 12338 12182 12209
f 12338 12209 12374
f 12182 11950 12002
f 12182 12002 12209
f 11950 11672 11718
f 11950 11718 12002
f 11672 11427 11449
f 11672 11449 11718
f 11427 11159 11191
f 11427 11191 11449
f 11159 10928 10944
f 11159 10944 11191
f 10928 10656 10689
f 10928 10689 10944
f 10656 10425 10443
f 10656 10443 10689
f 10425 10155 10169
f 10425 10169 10443
f 10155 9906 9925
f 10155 9925 10169
f 9906 9607 9618
f 9906 9618 9925
f 9607 9311 9325
f 9607 9325 9618
f 9311 9039 9047
f 9311 9047 9325
f 9039 8714 8719
f 9039 8719 9047
f 8714 8444 8454
f 8714 8454 8719
f 8444 8107 8111
f 8444 8111 8454
f 8107 7701 7707
f 8107 7707 8111
f 7701 7425 7427
f 7701 7427 7707
f 7425 7027 7017
f 7425 7017 7427
f 7027 6619 6613
f 7027 6613 7017
f 6619 6286 6270
f 6619 6270 6613
f 6286 6014 6005
f 6286 6005 6270
f 6014 5691 5677
f 6014 5677 6005
f 5691 5419 5401
f 5691 5401 5677
f 5419 5117 5106
f 5419 5106 5401
f 5117 4820 4799
f 5117 4799 5106
f 4820 4569 4555
f 4820 4555 4799
f 4569 4299 4287
f 4569 4287 4555
f 4299 4076 4039
f 4299 4039 4287
f 4076 3798 3780
f 4076 3780 4039
f 3798 3565 3533
f 3798 3533 3780
f 3565 3297 3275
f 3565 3275 3533
f 3297 3068 3018
f 3297 3018 3275
f 3068 2785 2732
f 3068 2732 3018
f 2785 2562 2533
f 2785 2533 2732
f 2562 2404 2360
f 2562 2360 2533
f 2404 2262 2221
f 2404 2221 2360
f 2262 2147 2119
f 2262 2119 2221
f 2147 2057 2034
f 2147 2034 2119
f 2057 1998 1960
f 2057 1960 2034
f 1998 1954 1929
f 1998 1929 1960
f 1954 1937 1917
f 1954 1917 1929
f 1937 1952 1927
f 1937 1927 1917
f 1952 1996 1958
f 1952 1958 1927
f 1996 2055 2032
f 1996 2032 1958
f 2055 2141 2113
f 2055 2113 2032
f 2141 2260 2219
f 2141 2219 2113
f 2260 2398 2358
f 2260 2358 2219
f 2398 2558 2531
f 2398 2531 2358
f 2558 2780 2730
f 2558 2730 2531
f 2780 3054 3004
f 2780 3004 2730
f 3054 3295 3273
f 3054 3273 3004
f 3295 3563 3531
f 3295 3531 3273
f 3563 3794 3778
f 3563 3778 3531
f 3794 4070 4037
f 3794 4037 3778
f 4070 4297 4279
f 4070 4279 4037
f 4297 4567 4553
f 4297 4553 4279
f 4567 4816 4797
f 4567 4797 4553
f 4816 5115 5104
f 4816 5104 4797
f 5115 5411 5397
f 5115 5397 5104
f 5411 5683 5675
f 5411 5675 5397
f 5683 6008 6003
f 5683 6003 5675
f 6008 6278 6268
f 6008 6268 6003
f 6278 6615 6611
f 6278 6611 6268
f 6615 7021 7015
f 6615 7015 6611
f 7021 7297 7295
f 7021 7295 7015
f 7297 7695 7705
f 7297 7705 7295
f 7695 8103 8109
f 7695 8109 7705
f 8103 8436 8452
f 8103 8452 8109
f 8436 8708 8717
f 8436 8717 8452
f 8708 9031 9045
f 8708 9045 8717
f 9031 9303 9321
f 9031 9321 9045
f 9303 9605 9616
f 9303 9616 9321
f 9605 9902 9923
f 9605 9923 9616
f 9902 10153 10167
f 9902 10167 9923
f 10153 10423 10435
f 10153 10435 10167
f 10423 10650 10687
f 10423 10687 10435
f 10650 10924 10942
f 10650 10942 10687
f 10924 11157 11189
f 10924 11189 10942
f 11157 11425 11447
f 11157 11447 11189
f 11425 11658 11704
f 11425 11704 11447
f 11658 11945 12000
f 11658 12000 11704
f 11945 12178 12207
f 11945 12207 12000
f 12178 12332 12372
f 12178 12372 12207
f 12332 12464 12505
f 12332 12505 12372
f 12464 12579 12607
f 12464 12607 12505
f 12579 12669 12692
f 12579 12692 12607
f 12669 12728 12766
f 12669 12766 12692
f 12728 12772 12797
f 12728 12797 12766
f 12772 12789 12809
f 12772 12809 12797
f 12809 12799 12811
f 12809 12811 12821
f 12799 12768 12786
f 12799 12786 12811
f 12768 12694 12706
f 12768 12706 12786
f 12694 12613 12631
f 12694 12631 12706
f 12613 12507 12517
f 12613 12517 12631
f 12507 12374 12385
f 12507 12385 12517
f 12374 12209 12228
f 12374 12228 12385
f 12209 12002 12015
f 12209 12015 12228
f 12002 11718 11736
f 12002 11736 12015
f 11718 11449 11457
f 11718 11457 11736
f 11449 11191 11201
f 11449 11201 11457
f 11191 10944 10959
f 11191 10959 11201
f 10944 10689 10707
f 10944 10707 10959
f 10689 10443 10449
f 10689 10449 10707
f 10443 10169 10175
f 10443 10175 10449
f 10169 9925 9931
f 10169 9931 10175
f 9925 9618 9634
f 9925 9634 9931
f 9618 9325 9336
f 9618 9336 9634
f 9325 9047 9051
f 9325 9051 9336
f 9047 8719 8729
f 9047 8729 9051
f 8719 8454 8462
f 8719 8462 8729
f 8454 8111 8115
f 8454 8115 8462
f 8111 7707 7709
f 8111 7709 8115
f 7707 7427 7429
f 7707 7429 7709
f 7427 7017 7019
f 7427 7019 7429
f 7017 6613 6609
f 7017 6609 7019
f 6613 6270 6262
f 6613 6262 6609
f 6270 6005 5999
f 6270 5999 6262
f 6005 5677 5673
f 6005 5673 5999
f 5677 5401 5392
f 5677 5392 5673
f 5401 5106 5090
f 5401 5090 5392
f 5106 4799 4793
f 5106 4793 5090
f 4799 4555 4549
f 4799 4549 4793
f 4555 4287 4275
f 4555 4275 4549
f 4287 4039 4021
f 4287 4021 4275
f 4039 3780 3765
f 4039 3765 4021
f 3780 3533 3523
f 3780 3523 3765
f 3533 3275 3267
f 3533 3267 3523
f 3275 3018 2992
f 3275 2992 3267
f 3018 2732 2715
f 3018 2715 2992
f 2732 2533 2524
f 2732 2524 2715
f 2533 2360 2351
f 2533 2351 2524
f 2360 2221 2211
f 2360 2211 2351
f 2221 2119 2097
f 2221 2097 2211
f 2119 2034 2026
f 2119 2026 2097
f 2034 1960 1942
f 2034 1942 2026
f 1960 1929 1919
f 1960 1919 1942
f 1929 1917 1905
f 1929 1905 1919
f 1917 1927 1915
f 1917 1915 1905
f 1927 1958 1940
f 1927 1940 1915
f 1958 2032 2020
f 1958 2020 1940
f 2032 2113 2095
f 2032 2095 2020
f 2113 2219 2209
f 2113 2209 2095
f 2219 2358 2347
f 2219 2347 2209
f 2358 2531 2508
f 2358 2508 2347
f 2531 2730 2713
f 2531 2713 2508
f 2730 3004 2990
f 2730 2990 2713
f 3004 3273 3265
f 3004 3265 2990
f 3273 3531 3521
f 3273 3521 3265
f 3531 3778 3763
f 3531 3763 3521
f 3778 4037 4019
f 3778 4019 3763
f 4037 4279 4273
f 4037 4273 4019
f 4279 4553 4547
f 4279 4547 4273
f 4553 4797 4791
f 4553 4791 4547
f 4797 5104 5088
f 4797 5088 4791
f 5104 5397 5386
f 5104 5386 5088
f 5397 5675 5671
f 5397 5671 5386
f 5675 6003 5993
f 5675 5993 5671
f 6003 6268 6260
f 6003 6260 5993
f 6268 6611 6607
f 6268 6607 6260
f 6611 7015 7013
f 6611 7013 6607
f 7015 7295 7293
f 7015 7293 7013
f 7295 7705 7703
f 7295 7703 7293
f 7705 8109 8113
f 7705 8113 7703
f 8109 8452 8460
f 8109 8460 8113
f 8452 8717 8723
f 8452 8723 8460
f 8717 9045 9049
f 8717 9049 8723
f 9045 9321 9330
f 9045 9330 9049
f 9321 9616 9632
f 9321 9632 9330
f 9616 9923 9929
f 9616 9929 9632
f 9923 10167 10173
f 9923 10173 9929
f 10167 10435 10447
f 10167 10447 10173
f 10435 10687 10705
f 10435 10705 10447
f 10687 10942 10957
f 10687 10957 10705
f 10942 11189 11199
f 10942 11199 10957
f 11189 11447 11455
f 11189 11455 11199
f 11447 11704 11734
f 11447 11734 11455
f 11704 12000 12013
f 11704 12013 11734
f 12000 12207 12216
f 12000 12216 12013
f 12207 12372 12381
f 12207 12381 12216
f 12372 12505 12515
f 12372 12515 12381
f 12505 12607 12629
f 12505 12629 12515
f 12607 12692 12700
f 12607 12700 12629
f 12692 12766 12784
f 12692 12784 12700
f 12766 12797 12807
f 12766 12807 12784
f 12797 12809 12821
f 12797 12821 12807
f 12821 12811 12812
f 12821 12812 12822
f 12811 12786 12787
f 12811 12787 12812
f 12786 12706 12707
f 12786 12707 12787
f 12706 12631 12632
f 12706 12632 12707
f 12631 12517 12518
f 12631 12518 12632
f 12517 12385 12386
f 12517 12386 12518
f 12385 12228 12229
f 12385 12229 12386
f 12228 12015 12016
f 12228 12016 12229
f 12015 11736 11737
f 12015 11737 12016
f 11736 11457 11458
f 11736 11458 11737
f 11457 11201 11202
f 11457 11202 11458
f 11201 10959 10960
f 11201 10960 11202
f 10959 10707 10708
f 10959 10708 10960
f 10707 10449 10450
f 10707 10450 10708
f 10449 10175 10176
f 10449 10176 10450
f 10175 9931 9932
f 10175 9932 10176
f 9931 9634 9635
f 9931 9635 9932
f 9634 9336 9337
f 9634 9337 9635
f 9336 9051 9052
f 9336 9052 9337
f 9051 8729 8730
f 9051 8730 9052
f 8729 8462 8463
f 8729 8463 8730
f 8462 8115 8116
f 8462 8116 8463
f 8115 7709 7710
f 8115 7710 8116
f 7709 7429 7430
f 7709 7430 7710
f 7429 7019 7020
f 7429 7020 7430
f 7019 6609 6610
f 7019 6610 7020
f 6609 6262 6263
f 6609 6263 6610
f 6262 5999 6000
f 6262 6000 6263
f 5999 5673 5674
f 5999 5674 6000
f 5673 5392 5393
f 5673 5393 5674
f 5392 5090 5091
f 5392 5091 5393
f 5090 4793 4794
f 5090 4794 5091
f 4793 4549 4550
f 4793 4550 4794
f 4549 4275 4276
f 4549 4276 4550
f 4275 4021 4022
f 4275 4022 4276
f 4021 3765 3766
f 4021 3766 4022
f 3765 3523 3524
f 3765 3524 3766
f 3523 3267 3268
f 3523 3268 3524
f 3267 2992 2993
f 3267 2993 3268
f 2992 2715 2716
f 2992 2716 2993
f 2715 2524 2525
f 2715 2525 2716
f 2524 2351 2352
f 2524 2352 2525
f 2351 2211 2212
f 2351 2212 2352
f 2211 2097 2098
f 2211 2098 2212
f 2097 2026 2027
f 2097 2027 2098
f 2026 1942 1943
f 2026 1943 2027
f 1942 1919 1920
f 1942 1920 1943
f 1919 1905 1906
f 1919 1906 1920
f 1905 1915 1916
f 1905 1916 1906
f 1915 1940 1941
f 1915 1941 1916
f 1940 2020 2021
f 1940 2021 1941
f 2020 2095 2096
f 2020 2096 2021
f 2095 2209 2210
f 2095 2210 2096
f 2209 2347 2348
f 2209 2348 2210
f 2347 2508 2509
f 2347 2509 2348
f 2508 2713 2714
f 2508 2714 2509
f 2713 2990 2991
f 2713 2991 2714
f 2990 3265 3266
f 2990 3266 2991
f 3265 3521 3522
f 3265 3522 3266
f 3521 3763 3764
f 3521 3764 3522
f 3763 4019 4020
f 3763 4020 3764
f 4019 4273 4274
f 4019 4274 4020
f 4273 4547 4548
f 4273 4548 4274
f 4547 4791 4792
f 4547 4792 4548
f 4791 5088 5089
f 4791 5089 4792
f 5088 5386 5387
f 5088 5387 5089
f 5386 5671 5672
f 5386 5672 5387
f 5671 5993 5994
f 5671 5994 5672
f 5993 6260 6261
f 5993 6261 5994
f 6260 6607 6608
f 6260 6608 6261
f 6607 7013 7014
f 6607 7014 6608
f 7013 7293 7294
f 7013 7294 7014
f 7293 7703 7704
f 7293 7704 7294
f 7703 8113 8114
f 7703 8114 7704
f 8113 8460 8461
f 8113 8461 8114
f 8460 8723 8724
f 8460 8724 8461
f 8723 9049 9050
f 8723 9050 8724
f 9049 9330 9331
f 9049 9331 9050
f 9330 9632 9633
f 9330 9633 9331
f 9632 9929 9930
f 9632 9930 9633
f 9929 10173 10174
f 9929 10174 9930
f 10173 10447 10448
f 10173 10448 10174
f 10447 10705 10706
f 10447 10706 10448
f 10705 10957 10958
f 10705 10958 10706
f 10957 11199 11200
f 10957 11200 10958
f 11199 11455 11456
f 11199 11456 11200
f 11455 11734 11735
f 11455 11735 11456
f 11734 12013 12014
f 11734 12014 11735
f 12013 12216 12217
f 12013 12217 12014
f 12216 12381 12382
f 12216 12382 12217
f 12381 12515 12516
f 12381 12516 12382
f 12515 12629 12630
f 12515 12630 12516
f 12629 12700 12701
f 12629 12701 12630
f 12700 12784 12785
f 12700 12785 12701
f 12784 12807 12808
f 12784 12808 12785
f 12807 12821 12822
f 12807 12822 12808
f 12822 12812 12800
f 12822 12800 12810
f 12812 12787 12769
f 12812 12769 12800
f 12787 12707 12695
f 12787 12695 12769
f 12707 12632 12614
f 12707 12614 12695
f 12632 12518 12508
f 12632 12508 12614
f 12518 12386 12375
f 12518 12375 12508
f 12386 12229 12210
f 12386 12210 12375
f 12229 12016 12003
f 12229 12003 12210
f 12016 11737 11719
f 12016 11719 12003
f 11737 11458 11450
f 11737 11450 11719
f 11458 11202 11192
f 11458 11192 11450
f 11202 10960 10945
f 11202 10945 11192
f 10960 10708 10690
f 10960 10690 10945
f 10708 10450 10444
f 10708 10444 10690
f 10450 10176 10170
f 10450 10170 10444
f 10176 9932 9926
f 10176 9926 10170
f 9932 9635 9619
f 9932 9619 9926
f 9635 9337 9326
f 9635 9326 9619
f 9337 9052 9048
f 9337 9048 9326
f 9052 8730 8720
f 9052 8720 9048
f 8730 8463 8455
f 8730 8455 8720
f 8463 8116 8112
f 8463 8112 8455
f 8116 7710 7708
f 8116 7708 8112
f 7710 7430 7428
f 7710 7428 7708
f 7430 7020 7018
f 7430 7018 7428
f 7020 6610 6614
f 7020 6614 7018
f 6610 6263 6271
f 6610 6271 6614
f 6263 6000 6006
f 6263 6006 6271
f 6000 5674 5678
f 6000 5678 6006
f 5674 5393 5402
f 5674 5402 5678
f 5393 5091 5107
f 5393 5107 5402
f 5091 4794 4800
f 5091 4800 5107
f 4794 4550 4556
f 4794 4556 4800
f 4550 4276 4288
f 4550 4288 4556
f 4276 4022 4040
f 4276 4040 4288
f 4022 3766 3781
f 4022 3781 4040
f 3766 3524 3534
f 3766 3534 3781
f 3524 3268 3276
f 3524 3276 3534
f 3268 2993 3019
f 3268 3019 3276
f 2993 2716 2733
f 2993 2733 3019
f 2716 2525 2534
f 2716 2534 2733
f 2525 2352 2361
f 2525 2361 2534
f 2352 2212 2222
f 2352 2222 2361
f 2212 2098 2120
f 2212 2120 2222
f 2098 2027 2035
f 2098 2035 2120
f 2027 1943 1961
f 2027 1961 2035
f 1943 1920 1930
f 1943 1930 1961
f 1920 1906 1918
f 1920 1918 1930
f 1906 1916 1928
f 1906 1928 1918
f 1916 1941 1959
f 1916 1959 1928
f 1941 2021 2033
f 1941 2033 1959
f 2021 2096 2114
f 2021 2114 2033
f 2096 2210 2220
f 2096 2220 2114
f 2210 2348 2359
f 2210 2359 2220
f 2348 2509 2532
f 2348 2532 2359
f 2509 2714 2731
f 2509 2731 2532
f 2714 2991 3005
f 2714 3005 2731
f 2991 3266 3274
f 2991 3274 3005
f 3266 3522 3532
f 3266 3532 3274
f 3522 3764 3779
f 3522 3779 3532
f 3764 4020 4038
f 3764 4038 3779
f 4020 4274 4280
f 4020 4280 4038
f 4274 4548 4554
f 4274 4554 4280
f 4548 4792 4798
f 4548 4798 4554
f 4792 5089 5105
f 4792 5105 4798
f 5089 5387 5398
f 5089 5398 5105
f 5387 5672 5676
f 5387 5676 5398
f 5672 5994 6004
f 5672 6004 5676
f 5994 6261 6269
f 5994 6269 6004
f 6261 6608 6612
f 6261 6612 6269
f 6608 7014 7016
f 6608 7016 6612
f 7014 7294 7296
f 7014 7296 7016
f 7294 7704 7706
f 7294 7706 7296
f 7704 8114 8110
f 7704 8110 7706
f 8114 8461 8453
f 8114 8453 8110
f 8461 8724 8718
f 8461 8718 8453
f 8724 9050 9046
f 8724 9046 8718
f 9050 9331 9322
f 9050 9322 9046
f 9331 9633 9617
f 9331 9617 9322
f 9633 9930 9924
f 9633 9924 9617
f 9930 10174 10168
f 9930 10168 9924
f 10174 10448 10436
f 10174 10436 10168
f 10448 10706 10688
f 10448 10688 10436
f 10706 10958 10943
f 10706 10943 10688
f 10958 11200 11190
f 10958 11190 10943
f 11200 11456 11448
f 11200 11448 11190
f 11456 11735 11705
f 11456 11705 11448
f 11735 12014 12001
f 11735 12001 11705
f 12014 12217 12208
f 12014 12208 12001
f 12217 12382 12373
f 12217 12373 12208
f 12382 12516 12506
f 12382 12506 12373
f 12516 12630 12608
f 12516 12608 12506
f 12630 12701 12693
f 12630 12693 12608
f 12701 12785 12767
f 12701 12767 12693
f 12785 12808 12798
f 12785 12798 12767
f 12808 12822 12810
f 12808 12810 12798
f 12810 12800 12775
f 12810 12775 12790
f 12800 12769 12731
f 12800 12731 12775
f 12769 12695 12672
f 12769 12672 12731
f 12695 12614 12586
f 12695 12586 12672
f 12614 12508 12467
f 12614 12467 12586
f 12508 12375 12339
f 12508 12339 12467
f 12375 12210 12183
f 12375 12183 12339
f 12210 12003 11951
f 12210 11951 12183
f 12003 11719 11673
f 12003 11673 11951
f 11719 11450 11428
f 11719 11428 11673
f 11450 11192 11160
f 11450 11160 11428
f 11192 10945 10929
f 11192 10929 11160
f 10945 10690 10657
f 10945 10657 10929
f 10690 10444 10426
f 10690 10426 10657
f 10444 10170 10156
f 10444 10156 10426
f 10170 9926 9907
f 10170 9907 10156
f 9926 9619 9608
f 9926 9608 9907
f 9619 9326 9312
f 9619 9312 9608
f 9326 9048 9040
f 9326 9040 9312
f 9048 8720 8715
f 9048 8715 9040
f 8720 8455 8445
f 8720 8445 8715
f 8455 8112 8108
f 8455 8108 8445
f 8112 7708 7702
f 8112 7702 8108
f 7708 7428 7426
f 7708 7426 7702
f 7428 7018 7028
f 7428 7028 7426
f 7018 6614 6620
f 7018 6620 7028
f 6614 6271 6287
f 6614 6287 6620
f 6271 6006 6015
f 6271 6015 6287
f 6006 5678 5692
f 6006 5692 6015
f 5678 5402 5420
f 5678 5420 5692
f 5402 5107 5118
f 5402 5118 5420
f 5107 4800 4821
f 5107 4821 5118
f 4800 4556 4570
f 4800 4570 4821
f 4556 4288 4300
f 4556 4300 4570
f 4288 4040 4077
f 4288 4077 4300
f 4040 3781 3799
f 4040 3799 4077
f 3781 3534 3566
f 3781 3566 3799
f 3534 3276 3298
f 3534 3298 3566
f 3276 3019 3069
f 3276 3069 3298
f 3019 2733 2786
f 3019 2786 3069
f 2733 2534 2563
f 2733 2563 2786
f 2534 2361 2405
f 2534 2405 2563
f 2361 2222 2263
f 2361 2263 2405
f 2222 2120 2148
f 2222 2148 2263
f 2120 2035 2058
f 2120 2058 2148
f 2035 1961 1999
f 2035 1999 2058
f 1961 1930 1955
f 1961 1955 1999
f 1930 1918 1938
f 1930 1938 1955
f 1918 1928 1953
f 1918 1953 1938
f 1928 1959 1997
f 1928 1997 1953
f 1959 2033 2056
f 1959 2056 1997
f 2033 2114 2142
f 2033 2142 2056
f 2114 2220 2261
f 2114 2261 2142
f 2220 2359 2399
f 2220 2399 2261
f 2359 2532 2559
f 2359 2559 2399
f 2532 2731 2781
f 2532 2781 2559
f 2731 3005 3055
f 2731 3055 2781
f 3005 3274 3296
f 3005 3296 3055
f 3274 3532 3564
f 3274 3564 3296
f 3532 3779 3795
f 3532 3795 3564
f 3779 4038 4071
f 3779 4071 3795
f 4038 4280 4298
f 4038 4298 4071
f 4280 4554 4568
f 4280 4568 4298
f 4554 4798 4817
f 4554 4817 4568
f 4798 5105 5116
f 4798 5116 4817
f 5105 5398 5412
f 5105 5412 5116
f 5398 5676 5684
f 5398 5684 5412
f 5676 6004 6009
f 5676 6009 5684
f 6004 6269 6279
f 6004 6279 6009
f 6269 6612 6616
f 6269 6616 6279
f 6612 7016 7022
f 6612 7022 6616
f 7016 7296 7298
f 7016 7298 7022
f 7296 7706 7696
f 7296 7696 7298
f 7706 8110 8104
f 7706 8104 7696
f 8110 8453 8437
f 8110 8437 8104
f 8453 8718 8709
f 8453 8709 8437
f 8718 9046 9032
f 8718 9032 8709
f 9046 9322 9304
f 9046 9304 9032
f 9322 9617 9606
f 9322 9606 9304
f 9617 9924 9903
f 9617 9903 9606
f 9924 10168 10154
f 9924 10154 9903
f 10168 10436 10424
f 10168 10424 10154
f 10436 10688 10651
f 10436 10651 10424
f 10688 10943 10925
f 10688 10925 10651
f 10943 11190 11158
f 10943 11158 10925
f 11190 11448 11426
f 11190 11426 11158
f 11448 11705 11659
f 11448 11659 11426
f 11705 12001 11946
f 11705 11946 11659
f 12001 12208 12179
f 12001 12179 11946
f 12208 12373 12333
f 12208 12333 12179
f 12373 12506 12465
f 12373 12465 12333
f 12506 12608 12580
f 12506 12580 12465
f 12608 12693 12670
f 12608 12670 12580
f 12693 12767 12729
f 12693 12729 12670
f 12767 12798 12773
f 12767 12773 12729
f 12798 12810 12790
f 12798 12790 12773
f 12790 12775 12705
f 12790 12705 12720
f 12775 12731 12680
f 12775 12680 12705
f 12731 12672 12612
f 12731 12612 12680
f 12672 12586 12534
f 12672 12534 12612
f 12586 12467 12416
f 12586 12416 12534
f 12467 12339 12289
f 12467 12289 12416
f 12339 12183 12138
f 12339 12138 12289
f 12183 11951 11869
f 12183 11869 12138
f 11951 11673 11608
f 11951 11608 11869
f 11673 11428 11380
f 11673 11380 11608
f 11428 11160 11119
f 11428 11119 11380
f 11160 10929 10904
f 11160 10904 11119
f 10929 10657 10624
f 10929 10624 10904
f 10657 10426 10404
f 10657 10404 10624
f 10426 10156 10116
f 10426 10116 10404
f 10156 9907 9886
f 10156 9886 10116
f 9907 9608 9577
f 9907 9577 9886
f 9608 9312 9292
f 9608 9292 9577
f 9312 9040 9026
f 9312 9026 9292
f 9040 8715 8696
f 9040 8696 9026
f 8715 8445 8415
f 8715 8415 8696
f 8445 8108 8100
f 8445 8100 8415
f 8108 7702 7694
f 8108 7694 8100
f 7702 7426 7422
f 7702 7422 7694
f 7426 7028 7032
f 7426 7032 7422
f 7028 6620 6630
f 7028 6630 7032
f 6620 6287 6311
f 6620 6311 6630
f 6287 6015 6030
f 6287 6030 6311
f 6015 5692 5700
f 6015 5700 6030
f 5692 5420 5438
f 5692 5438 5700
f 5420 5118 5149
f 5420 5149 5438
f 5118 4821 4840
f 5118 4840 5149
f 4821 4570 4610
f 4821 4610 4840
f 4570 4300 4322
f 4570 4322 4610
f 4300 4077 4102
f 4300 4102 4322
f 4077 3799 3824
f 4077 3824 4102
f 3799 3566 3609
f 3799 3609 3824
f 3566 3298 3346
f 3566 3346 3609
f 3298 3069 3126
f 3298 3126 3346
f 3069 2786 2861
f 3069 2861 3126
f 2786 2563 2608
f 2786 2608 2861
f 2563 2405 2451
f 2563 2451 2608
f 2405 2263 2320
f 2405 2320 2451
f 2263 2148 2196
f 2263 2196 2320
f 2148 2058 2118
f 2148 2118 2196
f 2058 1999 2050
f 2058 2050 2118
f 1999 1955 2025
f 1999 2025 2050
f 1955 1938 2008
f 1955 2008 2025
f 1938 1953 2023
f 1938 2023 2008
f 1953 1997 2048
f 1953 2048 2023
f 1997 2056 2116
f 1997 2116 2048
f 2056 2142 2194
f 2056 2194 2116
f 2142 2261 2318
f 2142 2318 2194
f 2261 2399 2449
f 2261 2449 2318
f 2399 2559 2604
f 2399 2604 2449
f 2559 2781 2859
f 2559 2859 2604
f 2781 3055 3120
f 2781 3120 2859
f 3055 3296 3344
f 3055 3344 3120
f 3296 3564 3605
f 3296 3605 3344
f 3564 3795 3820
f 3564 3820 3605
f 3795 4071 4100
f 3795 4100 3820
f 4071 4298 4320
f 4071 4320 4100
f 4298 4568 4608
f 4298 4608 4320
f 4568 4817 4838
f 4568 4838 4608
f 4817 5116 5147
f 4817 5147 4838
f 5116 5412 5432
f 5116 5432 5147
f 5412 5684 5698
f 5412 5698 5432
f 5684 6009 6028
f 5684 6028 5698
f 6009 6279 6309
f 6009 6309 6028
f 6279 6616 6624
f 6279 6624 6309
f 6616 7022 7030
f 6616 7030 6624
f 7022 7298 7302
f 7022 7302 7030
f 7298 7696 7692
f 7298 7692 7302
f 7696 8104 8094
f 7696 8094 7692
f 8104 8437 8413
f 8104 8413 8094
f 8437 8709 8694
f 8437 8694 8413
f 8709 9032 9024
f 8709 9024 8694
f 9032 9304 9286
f 9032 9286 9024
f 9304 9606 9575
f 9304 9575 9286
f 9606 9903 9884
f 9606 9884 9575
f 9903 10154 10114
f 9903 10114 9884
f 10154 10424 10402
f 10154 10402 10114
f 10424 10651 10622
f 10424 10622 10402
f 10651 10925 10900
f 10651 10900 10622
f 10925 11158 11115
f 10925 11115 10900
f 11158 11426 11378
f 11158 11378 11115
f 11426 11659 11602
f 11426 11602 11378
f 11659 11946 11867
f 11659 11867 11602
f 11946 12179 12134
f 11946 12134 11867
f 12179 12333 12287
f 12179 12287 12134
f 12333 12465 12414
f 12333 12414 12287
f 12465 12580 12532
f 12465 12532 12414
f 12580 12670 12610
f 12580 12610 12532
f 12670 12729 12678
f 12670 12678 12610
f 12729 12773 12703
f 12729 12703 12678
f 12773 12790 12720
f 12773 12720 12703
f 12720 12705 12651
f 12720 12651 12661
f 12705 12680 12604
f 12705 12604 12651
f 12680 12612 12549
f 12680 12549 12604
f 12612 12534 12459
f 12612 12459 12549
f 12534 12416 12357
f 12534 12357 12459
f 12416 12289 12227
f 12416 12227 12357
f 12289 12138 12061
f 12289 12061 12227
f 12138 11869 11802
f 12138 11802 12061
f 11869 11608 11548
f 11869 11548 11802
f 11608 11380 11329
f 11608 11329 11548
f 11380 11119 11079
f 11380 11079 11329
f 11119 10904 10859
f 11119 10859 11079
f 10904 10624 10582
f 10904 10582 10859
f 10624 10404 10369
f 10624 10369 10582
f 10404 10116 10094
f 10404 10094 10369
f 10116 9886 9853
f 10116 9853 10094
f 9886 9577 9554
f 9886 9554 9853
f 9577 9292 9263
f 9577 9263 9554
f 9292 9026 9014
f 9292 9014 9263
f 9026 8696 8687
f 9026 8687 9014
f 8696 8415 8394
f 8696 8394 8687
f 8415 8100 8088
f 8415 8088 8394
f 8100 7694 7690
f 8100 7690 8088
f 7694 7422 7420
f 7694 7420 7690
f 7422 7032 7040
f 7422 7040 7420
f 7032 6630 6638
f 7032 6638 7040
f 6630 6311 6332
f 6630 6332 6638
f 6311 6030 6043
f 6311 6043 6332
f 6030 5700 5712
f 6030 5712 6043
f 5700 5438 5463
f 5700 5463 5712
f 5438 5149 5172
f 5438 5172 5463
f 5149 4840 4873
f 5149 4873 5172
f 4840 4610 4632
f 4840 4632 4873
f 4610 4322 4361
f 4610 4361 4632
f 4322 4102 4144
f 4322 4144 4361
f 4102 3824 3867
f 4102 3867 4144
f 3824 3609 3647
f 3824 3647 3867
f 3609 3346 3403
f 3609 3403 3647
f 3346 3126 3182
f 3346 3182 3403
f 3126 2861 2932
f 3126 2932 3182
f 2861 2608 2675
f 2861 2675 2932
f 2608 2451 2523
f 2608 2523 2675
f 2451 2320 2379
f 2451 2379 2523
f 2320 2196 2271
f 2320 2271 2379
f 2196 2118 2181
f 2196 2181 2271
f 2118 2050 2126
f 2118 2126 2181
f 2050 2025 2079
f 2050 2079 2126
f 2025 2008 2067
f 2025 2067 2079
f 2008 2023 2077
f 2008 2077 2067
f 2023 2048 2124
f 2023 2124 2077
f 2048 2116 2179
f 2048 2179 2124
f 2116 2194 2269
f 2116 2269 2179
f 2194 2318 2377
f 2194 2377 2269
f 2318 2449 2511
f 2318 2511 2377
f 2449 2604 2673
f 2449 2673 2511
f 2604 2859 2926
f 2604 2926 2673
f 2859 3120 3180
f 2859 3180 2926
f 3120 3344 3399
f 3120 3399 3180
f 3344 3605 3645
f 3344 3645 3399
f 3605 3820 3865
f 3605 3865 3645
f 3820 4100 4142
f 3820 4142 3865
f 4100 4320 4359
f 4100 4359 4142
f 4320 4608 4630
f 4320 4630 4359
f 4608 4838 4871
f 4608 4871 4630
f 4838 5147 5170
f 4838 5170 4871
f 5147 5432 5461
f 5147 5461 5170
f 5432 5698 5710
f 5432 5710 5461
f 5698 6028 6037
f 5698 6037 5710
f 6028 6309 6330
f 6028 6330 6037
f 6309 6624 6636
f 6309 6636 6330
f 6624 7030 7034
f 6624 7034 6636
f 7030 7302 7304
f 7030 7304 7034
f 7302 7692 7684
f 7302 7684 7304
f 7692 8094 8086
f 7692 8086 7684
f 8094 8413 8392
f 8094 8392 8086
f 8413 8694 8681
f 8413 8681 8392
f 8694 9024 9012
f 8694 9012 8681
f 9024 9286 9261
f 9024 9261 9012
f 9286 9575 9552
f 9286 9552 9261
f 9575 9884 9851
f 9575 9851 9552
f 9884 10114 10092
f 9884 10092 9851
f 10114 10402 10367
f 10114 10367 10092
f 10402 10622 10580
f 10402 10580 10367
f 10622 10900 10857
f 10622 10857 10580
f 10900 11115 11077
f 10900 11077 10857
f 11115 11378 11325
f 11115 11325 11077
f 11378 11602 11546
f 11378 11546 11325
f 11602 11867 11796
f 11602 11796 11546
f 11867 12134 12059
f 11867 12059 11796
f 12134 12287 12219
f 12134 12219 12059
f 12287 12414 12355
f 12287 12355 12219
f 12414 12532 12457
f 12414 12457 12355
f 12532 12610 12547
f 12532 12547 12457
f 12610 12678 12602
f 12610 12602 12547
f 12678 12703 12649
f 12678 12649 12602
f 12703 12720 12661
f 12703 12661 12649
f 12661 12651 12572
f 12661 12572 12584
f 12651 12604 12542
f 12651 12542 12572
f 12604 12549 12480
f 12604 12480 12542
f 12549 12459 12403
f 12549 12403 12480
f 12459 12357 12283
f 12459 12283 12403
f 12357 12227 12163
f 12357 12163 12283
f 12227 12061 11962
f 12227 11962 12163
f 12061 11802 11717
f 12061 11717 11962
f 11802 11548 11488
f 11802 11488 11717
f 11548 11329 11269
f 11548 11269 11488
f 11329 11079 11024
f 11329 11024 11269
f 11079 10859 10811
f 11079 10811 11024
f 10859 10582 10550
f 10859 10550 10811
f 10582 10369 10328
f 10582 10328 10550
f 10369 10094 10056
f 10369 10056 10328
f 10094 9853 9803
f 10094 9803 10056
f 9853 9554 9535
f 9853 9535 9803
f 9554 9263 9244
f 9554 9244 9535
f 9263 9014 9000
f 9263 9000 9244
f 9014 8687 8660
f 9014 8660 9000
f 8687 8394 8378
f 8687 8378 8660
f 8394 8088 8080
f 8394 8080 8378
f 8088 7690 7674
f 8088 7674 8080
f 7690 7420 7416
f 7690 7416 7674
f 7420 7040 7056
f 7420 7056 7416
f 7040 6638 6654
f 7040 6654 7056
f 6638 6332 6356
f 6638 6356 6654
f 6332 6043 6070
f 6332 6070 6356
f 6043 5712 5730
f 6043 5730 6070
f 5712 5463 5490
f 5712 5490 5730
f 5463 5172 5195
f 5463 5195 5490
f 5172 4873 4931
f 5172 4931 5195
f 4873 4632 4682
f 4873 4682 4931
f 4632 4361 4402
f 4632 4402 4682
f 4361 4144 4180
f 4361 4180 4402
f 4144 3867 3921
f 4144 3921 4180
f 3867 3647 3710
f 3867 3710 3921
f 3647 3403 3473
f 3647 3473 3710
f 3403 3182 3242
f 3403 3242 3473
f 3182 2932 3017
f 3182 3017 3242
f 2932 2675 2778
f 2932 2778 3017
f 2675 2523 2585
f 2675 2585 2778
f 2523 2379 2462
f 2523 2462 2585
f 2379 2271 2337
f 2379 2337 2462
f 2271 2181 2256
f 2271 2256 2337
f 2181 2126 2192
f 2181 2192 2256
f 2126 2079 2162
f 2126 2162 2192
f 2079 2067 2146
f 2079 2146 2162
f 2067 2077 2158
f 2067 2158 2146
f 2077 2124 2188
f 2077 2188 2158
f 2124 2179 2250
f 2124 2250 2188
f 2179 2269 2333
f 2179 2333 2250
f 2269 2377 2457
f 2269 2457 2333
f 2377 2511 2581
f 2377 2581 2457
f 2511 2673 2772
f 2511 2772 2581
f 2673 2926 3009
f 2673 3009 2772
f 2926 3180 3238
f 2926 3238 3009
f 3180 3399 3461
f 3180 3461 3238
f 3399 3645 3706
f 3399 3706 3461
f 3645 3865 3915
f 3645 3915 3706
f 3865 4142 4176
f 3865 4176 3915
f 4142 4359 4398
f 4142 4398 4176
f 4359 4630 4670
f 4359 4670 4398
f 4630 4871 4923
f 4630 4923 4670
f 4871 5170 5191
f 4871 5191 4923
f 5170 5461 5482
f 5170 5482 5191
f 5461 5710 5726
f 5461 5726 5482
f 5710 6037 6066
f 5710 6066 5726
f 6037 6330 6348
f 6037 6348 6066
f 6330 6636 6646
f 6330 6646 6348
f 6636 7034 7052
f 6636 7052 6646
f 7034 7304 7310
f 7034 7310 7052
f 7304 7684 7670
f 7304 7670 7310
f 7684 8086 8072
f 7684 8072 7670
f 8086 8392 8370
f 8086 8370 8072
f 8392 8681 8656
f 8392 8656 8370
f 8681 9012 8996
f 8681 8996 8656
f 9012 9261 9236
f 9012 9236 8996
f 9261 9552 9531
f 9261 9531 9236
f 9552 9851 9795
f 9552 9795 9531
f 9851 10092 10044
f 9851 10044 9795
f 10092 10367 10324
f 10092 10324 10044
f 10367 10580 10546
f 10367 10546 10324
f 10580 10857 10805
f 10580 10805 10546
f 10857 11077 11020
f 10857 11020 10805
f 11077 11325 11257
f 11077 11257 11020
f 11325 11546 11484
f 11325 11484 11257
f 11546 11796 11709
f 11546 11709 11484
f 11796 12059 11956
f 11796 11956 11709
f 12059 12219 12159
f 12059 12159 11956
f 12219 12355 12278
f 12219 12278 12159
f 12355 12457 12399
f 12355 12399 12278
f 12457 12547 12474
f 12457 12474 12399
f 12547 12602 12538
f 12547 12538 12474
f 12602 12649 12568
f 12602 12568 12538
f 12649 12661 12584
f 12649 12584 12568
f 12584 12572 12075
f 12584 12075 12090
f 12572 12542 12027
f 12572 12027 12075
f 12542 12480 11933
f 12542 11933 12027
f 12480 12403 11830
f 12480 11830 11933
f 12403 12283 11699
f 12403 11699 11830
f 12283 12163 11556
f 12283 11556 11699
f 12163 11962 11408
f 12163 11408 11556
f 11962 11717 11230
f 11962 11230 11408
f 11717 11488 11061
f 11717 11061 11230
f 11488 11269 10893
f 11488 10893 11061
f 11269 11024 10683
f 11269 10683 10893
f 11024 10811 10493
f 11024 10493 10683
f 10811 10550 10282
f 10811 10282 10493
f 10550 10328 10051
f 10550 10051 10282
f 10328 10056 9861
f 10328 9861 10051
f 10056 9803 9597
f 10056 9597 9861
f 9803 9535 9380
f 9803 9380 9597
f 9535 9244 9109
f 9535 9109 9380
f 9244 9000 8845
f 9244 8845 9109
f 9000 8660 8587
f 9000 8587 8845
f 8660 8378 8267
f 8660 8267 8587
f 8378 8080 8040
f 8378 8040 8267
f 8080 7674 7638
f 8080 7638 8040
f 7674 7416 7397
f 7674 7397 7638
f 7416 7056 7090
f 7416 7090 7397
f 7056 6654 6688
f 7056 6688 7090
f 6654 6356 6461
f 6654 6461 6688
f 6356 6070 6141
f 6356 6141 6461
f 6070 5730 5883
f 6070 5883 6141
f 5730 5490 5619
f 5730 5619 5883
f 5490 5195 5348
f 5490 5348 5619
f 5195 4931 5131
f 5195 5131 5348
f 4931 4682 4867
f 4931 4867 5131
f 4682 4402 4677
f 4682 4677 4867
f 4402 4180 4446
f 4402 4446 4677
f 4180 3921 4235
f 4180 4235 4446
f 3921 3710 4049
f 3921 4049 4235
f 3710 3473 3837
f 3710 3837 4049
f 3473 3242 3667
f 3473 3667 3837
f 3242 3017 3498
f 3242 3498 3667
f 3017 2778 3320
f 3017 3320 3498
f 2778 2585 3176
f 2778 3176 3320
f 2585 2462 3029
f 2585 3029 3176
f 2462 2337 2902
f 2462 2902 3029
f 2337 2256 2811
f 2337 2811 2902
f 2256 2192 2708
f 2256 2708 2811
f 2192 2162 2663
f 2192 2663 2708
f 2162 2146 2644
f 2162 2644 2663
f 2146 2158 2659
f 2146 2659 2644
f 2158 2188 2703
f 2158 2703 2659
f 2188 2250 2799
f 2188 2799 2703
f 2250 2333 2898
f 2250 2898 2799
f 2333 2457 3025
f 2333 3025 2898
f 2457 2581 3172
f 2457 3172 3025
f 2581 2772 3316
f 2581 3316 3172
f 2772 3009 3494
f 2772 3494 3316
f 3009 3238 3663
f 3009 3663 3494
f 3238 3461 3831
f 3238 3831 3663
f 3461 3706 4045
f 3461 4045 3831
f 3706 3915 4231
f 3706 4231 4045
f 3915 4176 4442
f 3915 4442 4231
f 4176 4398 4673
f 4176 4673 4442
f 4398 4670 4863
f 4398 4863 4673
f 4670 4923 5127
f 4670 5127 4863
f 4923 5191 5344
f 4923 5344 5127
f 5191 5482 5615
f 5191 5615 5344
f 5482 5726 5879
f 5482 5879 5615
f 5726 6066 6137
f 5726 6137 5879
f 6066 6348 6457
f 6066 6457 6137
f 6348 6646 6684
f 6348 6684 6457
f 6646 7052 7086
f 6646 7086 6684
f 7052 7310 7327
f 7052 7327 7086
f 7310 7670 7634
f 7310 7634 7327
f 7670 8072 8036
f 7670 8036 7634
f 8072 8370 8263
f 8072 8263 8036
f 8370 8656 8583
f 8370 8583 8263
f 8656 8996 8841
f 8656 8841 8583
f 8996 9236 9105
f 8996 9105 8841
f 9236 9531 9376
f 9236 9376 9105
f 9531 9795 9593
f 9531 9593 9376
f 9795 10044 9857
f 9795 9857 9593
f 10044 10324 10047
f 10044 10047 9857
f 10324 10546 10278
f 10324 10278 10047
f 10546 10805 10489
f 10546 10489 10278
f 10805 11020 10679
f 10805 10679 10489
f 11020 11257 10887
f 11020 10887 10679
f 11257 11484 11057
f 11257 11057 10887
f 11484 11709 11226
f 11484 11226 11057
f 11709 11956 11404
f 11709 11404 11226
f 11956 12159 11552
f 11956 11552 11404
f 12159 12278 11695
f 12159 11695 11552
f 12278 12399 11826
f 12278 11826 11695
f 12399 12474 11921
f 12399 11921 11826
f 12474 12538 12022
f 12474 12022 11921
f 12538 12568 12071
f 12538 12071 12022
f 12568 12584 12090
f 12568 12090 12071
f 12090 12075 12076
f 12090 12076 12091
f 12075 12027 12028
f 12075 12028 12076
f 12027 11933 11934
f 12027 11934 12028
f 11933 11830 11831
f 11933 11831 11934
f 11830 11699 11700
f 11830 11700 11831
f 11699 11556 11557
f 11699 11557 11700
f 11556 11408 11409
f 11556 11409 11557
f 11408 11230 11231
f 11408 11231 11409
f 11230 11061 11062
f 11230 11062 11231
f 11061 10893 10894
f 11061 10894 11062
f 10893 10683 10684
f 10893 10684 10894
f 10683 10493 10494
f 10683 10494 10684
f 10493 10282 10283
f 10493 10283 10494
f 10282 10051 10052
f 10282 10052 10283
f 10051 9861 9862
f 10051 9862 10052
f 9861 9597 9598
f 9861 9598 9862
f 9597 9380 9381
f 9597 9381 9598
f 9380 9109 9110
f 9380 9110 9381
f 9109 8845 8846
f 9109 8846 9110
f 8845 8587 8588
f 8845 8588 8846
f 8587 8267 8268
f 8587 8268 8588
f 8267 8040 8041
f 8267 8041 8268
f 8040 7638 7639
f 8040 7639 8041
f 7638 7397 7398
f 7638 7398 7639
f 7397 7090 7091
f 7397 7091 7398
f 7090 6688 6689
f 7090 6689 7091
f 6688 6461 6462
f 6688 6462 6689
f 6461 6141 6142
f 6461 6142 6462
f 6141 5883 5884
f 6141 5884 6142
f 5883 5619 5620
f 5883 5620 5884
f 5619 5348 5349
f 5619 5349 5620
f 5348 5131 5132
f 5348 5132 5349
f 5131 4867 4868
f 5131 4868 5132
f 4867 4677 4678
f 4867 4678 4868
f 4677 4446 4447
f 4677 4447 4678
f 4446 4235 4236
f 4446 4236 4447
f 4235 4049 4050
f 4235 4050 4236
f 4049 3837 3838
f 4049 3838 4050
f 3837 3667 3668
f 3837 3668 3838
f 3667 3498 3499
f 3667 3499 3668
f 3498 3320 3321
f 3498 3321 3499
f 3320 3176 3177
f 3320 3177 3321
f 3176 3029 3030
f 3176 3030 3177
f 3029 2902 2903
f 3029 2903 3030
f 2902 2811 2812
f 2902 2812 2903
f 2811 2708 2709
f 2811 2709 2812
f 2708 2663 2664
f 2708 2664 2709
f 2663 2644 2645
f 2663 2645 2664
f 2644 2659 2660
f 2644 2660 2645
f 2659 2703 2704
f 2659 2704 2660
f 2703 2799 2800
f 2703 2800 2704
f 2799 2898 2899
f 2799 2899 2800
f 2898 3025 3026
f 2898 3026 2899
f 3025 3172 3173
f 3025 3173 3026
f 3172 3316 3317
f 3172 3317 3173
f 3316 3494 3495
f 3316 3495 3317
f 3494 3663 3664
f 3494 3664 3495
f 3663 3831 3832
f 3663 3832 3664
f 3831 4045 4046
f 3831 4046 3832
f 4045 4231 4232
f 4045 4232 4046
f 4231 4442 4443
f 4231 4443 4232
f 4442 4673 4674
f 4442 4674 4443
f 4673 4863 4864
f 4673 4864 4674
f 4863 5127 5128
f 4863 5128 4864
f 5127 5344 5345
f 5127 5345 5128
f 5344 5615 5616
f 5344 5616 5345
f 5615 5879 5880
f 5615 5880 5616
f 5879 6137 6138
f 5879 6138 5880
f 6137 6457 6458
f 6137 6458 6138
f 6457 6684 6685
f 6457 6685 6458
f 6684 7086 7087
f 6684 7087 6685
f 7086 7327 7328
f 7086 7328 7087
f 7327 7634 7635
f 7327 7635 7328
f 7634 8036 8037
f 7634 8037 7635
f 8036 8263 8264
f 8036 8264 8037
f 8263 8583 8584
f 8263 8584 8264
f 8583 8841 8842
f 8583 8842 8584
f 8841 9105 9106
f 8841 9106 8842
f 9105 9376 9377
f 9105 9377 9106
f 9376 9593 9594
f 9376 9594 9377
f 9593 9857 9858
f 9593 9858 9594
f 9857 10047 10048
f 9857 10048 9858
f 10047 10278 10279
f 10047 10279 10048
f 10278 10489 10490
f 10278 10490 10279
f 10489 10679 10680
f 10489 10680 10490
f 10679 10887 10888
f 10679 10888 10680
f 10887 11057 11058
f 10887 11058 10888
f 11057 11226 11227
f 11057 11227 11058
f 11226 11404 11405
f 11226 11405 11227
f 11404 11552 11553
f 11404 11553 11405
f 11552 11695 11696
f 11552 11696 11553
f 11695 11826 11827
f 11695 11827 11696
f 11826 11921 11922
f 11826 11922 11827
f 11921 12022 12023
f 11921 12023 11922
f 12022 12071 12072
f 12022 12072 12023
f 12071 12090 12091
f 12071 12091 12072
f 12091 12076 12056
f 12091 12056 12066
f 12076 12028 12008
f 12076 12008 12056
f 12028 11934 11907
f 12028 11907 12008
f 11934 11831 11814
f 11934 11814 11907
f 11831 11700 11678
f 11831 11678 11814
f 11700 11557 11539
f 11700 11539 11678
f 11557 11409 11394
f 11557 11394 11539
f 11409 11231 11218
f 11409 11218 11394
f 11231 11062 11050
f 11231 11050 11218
f 11062 10894 10881
f 11062 10881 11050
f 10894 10684 10672
f 10894 10672 10881
f 10684 10494 10482
f 10684 10482 10672
f 10494 10283 10269
f 10494 10269 10482
f 10283 10052 10038
f 10283 10038 10269
f 10052 9862 9848
f 10052 9848 10038
f 9862 9598 9588
f 9862 9588 9848
f 9598 9381 9367
f 9598 9367 9588
f 9381 9110 9102
f 9381 9102 9367
f 9110 8846 8836
f 9110 8836 9102
f 8846 8588 8578
f 8846 8578 8836
f 8588 8268 8258
f 8588 8258 8578
f 8268 8041 8032
f 8268 8032 8258
f 8041 7639 7630
f 8041 7630 8032
f 7639 7398 7394
f 7639 7394 7630
f 7398 7091 7100
f 7398 7100 7394
f 7091 6689 6696
f 7091 6696 7100
f 6689 6462 6466
f 6689 6466 6696
f 6462 6142 6146
f 6462 6146 6466
f 6142 5884 5892
f 6142 5892 6146
f 5884 5620 5622
f 5884 5622 5892
f 5620 5349 5357
f 5620 5357 5622
f 5349 5132 5140
f 5349 5140 5357
f 5132 4868 4876
f 5132 4876 5140
f 4868 4678 4686
f 4868 4686 4876
f 4678 4447 4455
f 4678 4455 4686
f 4447 4236 4242
f 4447 4242 4455
f 4236 4050 4058
f 4236 4058 4242
f 4050 3838 3843
f 4050 3843 4058
f 3838 3668 3674
f 3838 3674 3843
f 3668 3499 3506
f 3668 3506 3674
f 3499 3321 3332
f 3499 3332 3506
f 3321 3177 3189
f 3321 3189 3332
f 3177 3030 3050
f 3177 3050 3189
f 3030 2903 2916
f 3030 2916 3050
f 2903 2812 2825
f 2903 2825 2916
f 2812 2709 2728
f 2812 2728 2825
f 2709 2664 2680
f 2709 2680 2728
f 2664 2645 2667
f 2664 2667 2680
f 2645 2660 2677
f 2645 2677 2667
f 2660 2704 2725
f 2660 2725 2677
f 2704 2800 2824
f 2704 2824 2725
f 2800 2899 2913
f 2800 2913 2824
f 2899 3026 3049
f 2899 3049 2913
f 3026 3173 3188
f 3026 3188 3049
f 3173 3317 3329
f 3173 3329 3188
f 3317 3495 3505
f 3317 3505 3329
f 3495 3664 3673
f 3495 3673 3505
f 3664 3832 3842
f 3664 3842 3673
f 3832 4046 4055
f 3832 4055 3842
f 4046 4232 4241
f 4046 4241 4055
f 4232 4443 4454
f 4232 4454 4241
f 4443 4674 4685
f 4443 4685 4454
f 4674 4864 4875
f 4674 4875 4685
f 4864 5128 5135
f 4864 5135 4875
f 5128 5345 5356
f 5128 5356 5135
f 5345 5616 5621
f 5345 5621 5356
f 5616 5880 5887
f 5616 5887 5621
f 5880 6138 6145
f 5880 6145 5887
f 6138 6458 6465
f 6138 6465 6145
f 6458 6685 6691
f 6458 6691 6465
f 6685 7087 7093
f 6685 7093 6691
f 7087 7328 7329
f 7087 7329 7093
f 7328 7635 7623
f 7328 7623 7329
f 7635 8037 8027
f 7635 8027 7623
f 8037 8264 8257
f 8037 8257 8027
f 8264 8584 8577
f 8264 8577 8257
f 8584 8842 8831
f 8584 8831 8577
f 8842 9106 9101
f 8842 9101 8831
f 9106 9377 9366
f 9106 9366 9101
f 9377 9594 9583
f 9377 9583 9366
f 9594 9858 9847
f 9594 9847 9583
f 9858 10048 10037
f 9858 10037 9847
f 10048 10279 10268
f 10048 10268 10037
f 10279 10490 10481
f 10279 10481 10268
f 10490 10680 10669
f 10490 10669 10481
f 10680 10888 10880
f 10680 10880 10669
f 10888 11058 11049
f 10888 11049 10880
f 11058 11227 11217
f 11058 11217 11049
f 11227 11405 11391
f 11227 11391 11217
f 11405 11553 11538
f 11405 11538 11391
f 11553 11696 11677
f 11553 11677 11538
f 11696 11827 11811
f 11696 11811 11677
f 11827 11922 11906
f 11827 11906 11811
f 11922 12023 12005
f 11922 12005 11906
f 12023 12072 12053
f 12023 12053 12005
f 12072 12091 12066
f 12072 12066 12053
f 12066 12056 12007
f 12066 12007 12024
f 12056 12008 11965
f 12056 11965 12007
f 12008 11907 11863
f 12008 11863 11965
f 11907 11814 11775
f 11907 11775 11863
f 11814 11678 11634
f 11814 11634 11775
f 11678 11539 11510
f 11678 11510 11634
f 11539 11394 11368
f 11539 11368 11510
f 11394 11218 11196
f 11394 11196 11368
f 11218 11050 11027
f 11218 11027 11196
f 11050 10881 10865
f 11050 10865 11027
f 10881 10672 10635
f 10881 10635 10865
f 10672 10482 10468
f 10672 10468 10635
f 10482 10269 10244
f 10482 10244 10468
f 10269 10038 10027
f 10269 10027 10244
f 10038 9848 9821
f 10038 9821 10027
f 9848 9588 9566
f 9848 9566 9821
f 9588 9367 9350
f 9588 9350 9566
f 9367 9102 9094
f 9367 9094 9350
f 9102 8836 8820
f 9102 8820 9094
f 8836 8578 8570
f 8836 8570 8820
f 8578 8258 8249
f 8578 8249 8570
f 8258 8032 8026
f 8258 8026 8249
f 8032 7630 7627
f 8032 7627 8026
f 7630 7394 7391
f 7630 7391 7627
f 7394 7100 7097
f 7394 7097 7391
f 7100 6696 6702
f 7100 6702 7097
f 6696 6466 6475
f 6696 6475 6702
f 6466 6146 6154
f 6466 6154 6475
f 6146 5892 5904
f 6146 5904 6154
f 5892 5622 5630
f 5892 5630 5904
f 5622 5357 5382
f 5622 5382 5630
f 5357 5140 5158
f 5357 5158 5382
f 5140 4876 4903
f 5140 4903 5158
f 4876 4686 4697
f 4876 4697 4903
f 4686 4455 4480
f 4686 4480 4697
f 4455 4242 4256
f 4455 4256 4480
f 4242 4058 4089
f 4242 4089 4256
f 4058 3843 3859
f 4058 3859 4089
f 3843 3674 3701
f 3843 3701 3859
f 3674 3506 3528
f 3674 3528 3701
f 3506 3332 3360
f 3506 3360 3528
f 3332 3189 3218
f 3332 3218 3360
f 3189 3050 3094
f 3189 3094 3218
f 3050 2916 2953
f 3050 2953 3094
f 2916 2825 2865
f 2916 2865 2953
f 2825 2728 2767
f 2825 2767 2865
f 2728 2680 2727
f 2728 2727 2767
f 2680 2667 2705
f 2680 2705 2727
f 2667 2677 2726
f 2667 2726 2705
f 2677 2725 2766
f 2677 2766 2726
f 2725 2824 2864
f 2725 2864 2766
f 2824 2913 2952
f 2824 2952 2864
f 2913 3049 3093
f 2913 3093 2952
f 3049 3188 3217
f 3049 3217 3093
f 3188 3329 3359
f 3188 3359 3217
f 3329 3505 3527
f 3329 3527 3359
f 3505 3673 3700
f 3505 3700 3527
f 3673 3842 3858
f 3673 3858 3700
f 3842 4055 4088
f 3842 4088 3858
f 4055 4241 4255
f 4055 4255 4088
f 4241 4454 4479
f 4241 4479 4255
f 4454 4685 4696
f 4454 4696 4479
f 4685 4875 4902
f 4685 4902 4696
f 4875 5135 5157
f 4875 5157 4902
f 5135 5356 5373
f 5135 5373 5157
f 5356 5621 5629
f 5356 5629 5373
f 5621 5887 5903
f 5621 5903 5629
f 5887 6145 6153
f 5887 6153 5903
f 6145 6465 6474
f 6145 6474 6153
f 6465 6691 6697
f 6465 6697 6474
f 6691 7093 7096
f 6691 7096 6697
f 7093 7329 7332
f 7093 7332 7096
f 7329 7623 7626
f 7329 7626 7332
f 7623 8027 8021
f 7623 8021 7626
f 8027 8257 8248
f 8027 8248 8021
f 8257 8577 8569
f 8257 8569 8248
f 8577 8831 8819
f 8577 8819 8569
f 8831 9101 9093
f 8831 9093 8819
f 9101 9366 9341
f 9101 9341 9093
f 9366 9583 9565
f 9366 9565 9341
f 9583 9847 9820
f 9583 9820 9565
f 9847 10037 10026
f 9847 10026 9820
f 10037 10268 10243
f 10037 10243 10026
f 10268 10481 10467
f 10268 10467 10243
f 10481 10669 10634
f 10481 10634 10467
f 10669 10880 10864
f 10669 10864 10634
f 10880 11049 11026
f 10880 11026 10864
f 11049 11217 11195
f 11049 11195 11026
f 11217 11391 11367
f 11217 11367 11195
f 11391 11538 11509
f 11391 11509 11367
f 11538 11677 11633
f 11538 11633 11509
f 11677 11811 11774
f 11677 11774 11633
f 11811 11906 11862
f 11811 11862 11774
f 11906 12005 11964
f 11906 11964 11862
f 12005 12053 12006
f 12005 12006 11964
f 12053 12066 12024
f 12053 12024 12006
f 12024 12007 11918
f 12024 11918 11948
f 12007 11965 11876
f 12007 11876 11918
f 11965 11863 11813
f 11965 11813 11876
f 11863 11775 11712
f 11863 11712 11813
f 11775 11634 11581
f 11775 11581 11712
f 11634 11510 11460
f 11634 11460 11581
f 11510 11368 11327
f 11510 11327 11460
f 11368 11196 11142
f 11368 11142 11327
f 11196 11027 10984
f 11196 10984 11142
f 11027 10865 10822
f 11027 10822 10984
f 10865 10635 10610
f 10865 10610 10822
f 10635 10468 10442
f 10635 10442 10610
f 10468 10244 10218
f 10468 10218 10442
f 10244 10027 10009
f 10244 10009 10218
f 10027 9821 9775
f 10027 9775 10009
f 9821 9566 9549
f 9821 9549 9775
f 9566 9350 9315
f 9566 9315 9549
f 9350 9094 9075
f 9350 9075 9315
f 9094 8820 8811
f 9094 8811 9075
f 8820 8570 8566
f 8820 8566 8811
f 8570 8249 8234
f 8570 8234 8566
f 8249 8026 8018
f 8249 8018 8234
f 8026 7627 7616
f 8026 7616 8018
f 7627 7391 7385
f 7627 7385 7616
f 7391 7097 7108
f 7391 7108 7385
f 7097 6702 6706
f 7097 6706 7108
f 6702 6475 6494
f 6702 6494 6706
f 6475 6154 6162
f 6475 6162 6494
f 6154 5904 5913
f 6154 5913 6162
f 5904 5630 5649
f 5904 5649 5913
f 5630 5382 5409
f 5630 5409 5649
f 5382 5158 5175
f 5382 5175 5409
f 5158 4903 4949
f 5158 4949 5175
f 4903 4697 4715
f 4903 4715 4949
f 4697 4480 4506
f 4697 4506 4715
f 4480 4256 4286
f 4480 4286 4506
f 4256 4089 4114
f 4256 4114 4286
f 4089 3859 3902
f 4089 3902 4114
f 3859 3701 3744
f 3859 3744 3902
f 3701 3528 3582
f 3701 3582 3744
f 3528 3360 3401
f 3528 3401 3582
f 3360 3218 3264
f 3360 3264 3401
f 3218 3094 3147
f 3218 3147 3264
f 3094 2953 3012
f 3094 3012 3147
f 2953 2865 2915
f 2953 2915 3012
f 2865 2767 2852
f 2865 2852 2915
f 2767 2727 2814
f 2767 2814 2852
f 2727 2705 2783
f 2727 2783 2814
f 2705 2726 2813
f 2705 2813 2783
f 2726 2766 2851
f 2726 2851 2813
f 2766 2864 2914
f 2766 2914 2851
f 2864 2952 3011
f 2864 3011 2914
f 2952 3093 3146
f 2952 3146 3011
f 3093 3217 3263
f 3093 3263 3146
f 3217 3359 3400
f 3217 3400 3263
f 3359 3527 3581
f 3359 3581 3400
f 3527 3700 3743
f 3527 3743 3581
f 3700 3858 3901
f 3700 3901 3743
f 3858 4088 4113
f 3858 4113 3901
f 4088 4255 4281
f 4088 4281 4113
f 4255 4479 4505
f 4255 4505 4281
f 4479 4696 4714
f 4479 4714 4505
f 4696 4902 4948
f 4696 4948 4714
f 4902 5157 5174
f 4902 5174 4948
f 5157 5373 5408
f 5157 5408 5174
f 5373 5629 5648
f 5373 5648 5408
f 5629 5903 5912
f 5629 5912 5648
f 5903 6153 6157
f 5903 6157 5912
f 6153 6474 6489
f 6153 6489 6157
f 6474 6697 6705
f 6474 6705 6489
f 6697 7096 7107
f 6697 7107 6705
f 7096 7332 7338
f 7096 7338 7107
f 7332 7626 7615
f 7332 7615 7338
f 7626 8021 8017
f 7626 8017 7615
f 8021 8248 8229
f 8021 8229 8017
f 8248 8569 8561
f 8248 8561 8229
f 8569 8819 8810
f 8569 8810 8561
f 8819 9093 9074
f 8819 9074 8810
f 9093 9341 9314
f 9093 9314 9074
f 9341 9565 9548
f 9341 9548 9314
f 9565 9820 9774
f 9565 9774 9548
f 9820 10026 10008
f 9820 10008 9774
f 10026 10243 10217
f 10026 10217 10008
f 10243 10467 10437
f 10243 10437 10217
f 10467 10634 10609
f 10467 10609 10437
f 10634 10864 10821
f 10634 10821 10609
f 10864 11026 10983
f 10864 10983 10821
f 11026 11195 11141
f 11026 11141 10983
f 11195 11367 11326
f 11195 11326 11141
f 11367 11509 11459
f 11367 11459 11326
f 11509 11633 11580
f 11509 11580 11459
f 11633 11774 11711
f 11633 11711 11580
f 11774 11862 11812
f 11774 11812 11711
f 11862 11964 11875
f 11862 11875 11812
f 11964 12006 11917
f 11964 11917 11875
f 12006 12024 11948
f 12006 11948 11917
f 11948 11918 11854
f 11948 11854 11858
f 11918 11876 11809
f 11918 11809 11854
f 11876 11813 11755
f 11876 11755 11809
f 11813 11712 11627
f 11813 11627 11755
f 11712 11581 11526
f 11712 11526 11627
f 11581 11460 11413
f 11581 11413 11526
f 11460 11327 11277
f 11460 11277 11413
f 11327 11142 11104
f 11327 11104 11277
f 11142 10984 10948
f 11142 10948 11104
f 10984 10822 10783
f 10984 10783 10948
f 10822 10610 10573
f 10822 10573 10783
f 10610 10442 10412
f 10610 10412 10573
f 10442 10218 10184
f 10442 10184 10412
f 10218 10009 9989
f 10218 9989 10184
f 10009 9775 9752
f 10009 9752 9989
f 9775 9549 9538
f 9775 9538 9752
f 9549 9315 9284
f 9549 9284 9538
f 9315 9075 9070
f 9315 9070 9284
f 9075 8811 8792
f 9075 8792 9070
f 8811 8566 8558
f 8811 8558 8792
f 8566 8234 8223
f 8566 8223 8558
f 8234 8018 8016
f 8234 8016 8223
f 8018 7616 7614
f 8018 7614 8016
f 7616 7385 7384
f 7616 7384 7614
f 7385 7108 7110
f 7385 7110 7384
f 7108 6706 6712
f 7108 6712 7110
f 6706 6494 6501
f 6706 6501 6712
f 6494 6162 6166
f 6494 6166 6501
f 6162 5913 5932
f 6162 5932 6166
f 5913 5649 5654
f 5913 5654 5932
f 5649 5409 5440
f 5649 5440 5654
f 5409 5175 5186
f 5409 5186 5440
f 5175 4949 4972
f 5175 4972 5186
f 4949 4715 4735
f 4949 4735 4972
f 4715 4506 4540
f 4715 4540 4735
f 4506 4286 4312
f 4506 4312 4540
f 4286 4114 4151
f 4286 4151 4312
f 4114 3902 3941
f 4114 3941 4151
f 3902 3744 3776
f 3902 3776 3941
f 3744 3582 3620
f 3744 3620 3776
f 3582 3401 3451
f 3582 3451 3620
f 3401 3264 3311
f 3401 3311 3451
f 3264 3147 3202
f 3264 3202 3311
f 3147 3012 3101
f 3147 3101 3202
f 3012 2915 2973
f 3012 2973 3101
f 2915 2852 2919
f 2915 2919 2973
f 2852 2814 2874
f 2852 2874 2919
f 2814 2783 2869
f 2814 2869 2874
f 2783 2813 2873
f 2783 2873 2869
f 2813 2851 2918
f 2813 2918 2873
f 2851 2914 2972
f 2851 2972 2918
f 2914 3011 3100
f 2914 3100 2972
f 3011 3146 3201
f 3011 3201 3100
f 3146 3263 3310
f 3146 3310 3201
f 3263 3400 3450
f 3263 3450 3310
f 3400 3581 3619
f 3400 3619 3450
f 3581 3743 3775
f 3581 3775 3619
f 3743 3901 3940
f 3743 3940 3775
f 3901 4113 4150
f 3901 4150 3940
f 4113 4281 4311
f 4113 4311 4150
f 4281 4505 4539
f 4281 4539 4311
f 4505 4714 4734
f 4505 4734 4539
f 4714 4948 4971
f 4714 4971 4734
f 4948 5174 5185
f 4948 5185 4971
f 5174 5408 5439
f 5174 5439 5185
f 5408 5648 5653
f 5408 5653 5439
f 5648 5912 5931
f 5648 5931 5653
f 5912 6157 6165
f 5912 6165 5931
f 6157 6489 6500
f 6157 6500 6165
f 6489 6705 6707
f 6489 6707 6500
f 6705 7107 7109
f 6705 7109 6707
f 7107 7338 7339
f 7107 7339 7109
f 7338 7615 7613
f 7338 7613 7339
f 7615 8017 8011
f 7615 8011 7613
f 8017 8229 8222
f 8017 8222 8011
f 8229 8561 8557
f 8229 8557 8222
f 8561 8810 8791
f 8561 8791 8557
f 8810 9074 9069
f 8810 9069 8791
f 9074 9314 9283
f 9074 9283 9069
f 9314 9548 9537
f 9314 9537 9283
f 9548 9774 9751
f 9548 9751 9537
f 9774 10008 9988
f 9774 9988 9751
f 10008 10217 10183
f 10008 10183 9988
f 10217 10437 10411
f 10217 10411 10183
f 10437 10609 10572
f 10437 10572 10411
f 10609 10821 10782
f 10609 10782 10572
f 10821 10983 10947
f 10821 10947 10782
f 10983 11141 11103
f 10983 11103 10947
f 11141 11326 11276
f 11141 11276 11103
f 11326 11459 11412
f 11326 11412 11276
f 11459 11580 11525
f 11459 11525 11412
f 11580 11711 11626
f 11580 11626 11525
f 11711 11812 11754
f 11711 11754 11626
f 11812 11875 11808
f 11812 11808 11754
f 11875 11917 11853
f 11875 11853 11808
f 11917 11948 11858
f 11917 11858 11853
f 11858 11854 11649
f 11858 11649 11655
f 11854 11809 11606
f 11854 11606 11649
f 11809 11755 11562
f 11809 11562 11606
f 11755 11627 11476
f 11755 11476 11562
f 11627 11526 11384
f 11627 11384 11476
f 11526 11413 11274
f 11526 11274 11384
f 11413 11277 11127
f 11413 11127 11274
f 11277 11104 10982
f 11277 10982 11127
f 11104 10948 10852
f 11104 10852 10982
f 10948 10783 10655
f 10948 10655 10852
f 10783 10573 10503
f 10783 10503 10655
f 10573 10412 10318
f 10573 10318 10503
f 10412 10184 10106
f 10412 10106 10318
f 10184 9989 9938
f 10184 9938 10106
f 9989 9752 9685
f 9989 9685 9938
f 9752 9538 9499
f 9752 9499 9685
f 9538 9284 9226
f 9538 9226 9499
f 9284 9070 9021
f 9284 9021 9226
f 9070 8792 8748
f 9070 8748 9021
f 8792 8558 8530
f 8792 8530 8748
f 8558 8223 8198
f 8558 8198 8530
f 8223 8016 8004
f 8223 8004 8198
f 8016 7614 7607
f 8016 7607 8004
f 7614 7384 7380
f 7614 7380 7607
f 7384 7110 7119
f 7384 7119 7380
f 7110 6712 6726
f 7110 6726 7119
f 6712 6501 6528
f 6712 6528 6726
f 6501 6166 6196
f 6501 6196 6528
f 6166 5932 5978
f 6166 5978 6196
f 5932 5654 5705
f 5932 5705 5978
f 5654 5440 5500
f 5654 5500 5705
f 5440 5186 5231
f 5440 5231 5500
f 5186 4972 5041
f 5186 5041 5231
f 4972 4735 4788
f 4972 4788 5041
f 4735 4540 4620
f 4735 4620 4788
f 4540 4312 4408
f 4540 4408 4620
f 4312 4151 4223
f 4312 4223 4408
f 4151 3941 4075
f 4151 4075 4223
f 3941 3776 3874
f 3941 3874 4075
f 3776 3620 3748
f 3776 3748 3874
f 3620 3451 3599
f 3620 3599 3748
f 3451 3311 3456
f 3451 3456 3599
f 3311 3202 3342
f 3311 3342 3456
f 3202 3101 3250
f 3202 3250 3342
f 3101 2973 3168
f 3101 3168 3250
f 2973 2919 3124
f 2973 3124 3168
f 2919 2874 3081
f 2919 3081 3124
f 2874 2869 3073
f 2874 3073 3081
f 2869 2873 3079
f 2869 3079 3073
f 2873 2918 3122
f 2873 3122 3079
f 2918 2972 3166
f 2918 3166 3122
f 2972 3100 3248
f 2972 3248 3166
f 3100 3201 3340
f 3100 3340 3248
f 3201 3310 3454
f 3201 3454 3340
f 3310 3450 3597
f 3310 3597 3454
f 3450 3619 3746
f 3450 3746 3597
f 3619 3775 3872
f 3619 3872 3746
f 3775 3940 4073
f 3775 4073 3872
f 3940 4150 4221
f 3940 4221 4073
f 4150 4311 4406
f 4150 4406 4221
f 4311 4539 4618
f 4311 4618 4406
f 4539 4734 4786
f 4539 4786 4618
f 4734 4971 5039
f 4734 5039 4786
f 4971 5185 5225
f 4971 5225 5039
f 5185 5439 5498
f 5185 5498 5225
f 5439 5653 5703
f 5439 5703 5498
f 5653 5931 5976
f 5653 5976 5703
f 5931 6165 6194
f 5931 6194 5976
f 6165 6500 6526
f 6165 6526 6194
f 6500 6707 6720
f 6500 6720 6526
f 6707 7109 7117
f 6707 7117 6720
f 7109 7339 7344
f 7109 7344 7117
f 7339 7613 7605
f 7339 7605 7344
f 7613 8011 7998
f 7613 7998 7605
f 8011 8222 8196
f 8011 8196 7998
f 8222 8557 8528
f 8222 8528 8196
f 8557 8791 8746
f 8557 8746 8528
f 8791 9069 9019
f 8791 9019 8746
f 9069 9283 9224
f 9069 9224 9019
f 9283 9537 9493
f 9283 9493 9224
f 9537 9751 9683
f 9537 9683 9493
f 9751 9988 9936
f 9751 9936 9683
f 9988 10183 10104
f 9988 10104 9936
f 10183 10411 10316
f 10183 10316 10104
f 10411 10572 10501
f 10411 10501 10316
f 10572 10782 10653
f 10572 10653 10501
f 10782 10947 10850
f 10782 10850 10653
f 10947 11103 10980
f 10947 10980 10850
f 11103 11276 11125
f 11103 11125 10980
f 11276 11412 11272
f 11276 11272 11125
f 11412 11525 11382
f 11412 11382 11272
f 11525 11626 11474
f 11525 11474 11382
f 11626 11754 11560
f 11626 11560 11474
f 11754 11808 11604
f 11754 11604 11560
f 11808 11853 11647
f 11808 11647 11604
f 11853 11858 11655
f 11853 11655 11647
f 11655 11649 11648
f 11655 11648 11654
f 11649 11606 11605
f 11649 11605 11648
f 11606 11562 11561
f 11606 11561 11605
f 11562 11476 11475
f 11562 11475 11561
f 11476 11384 11383
f 11476 11383 11475
f 11384 11274 11273
f 11384 11273 11383
f 11274 11127 11126
f 11274 11126 11273
f 11127 10982 10981
f 11127 10981 11126
f 10982 10852 10851
f 10982 10851 10981
f 10852 10655 10654
f 10852 10654 10851
f 10655 10503 10502
f 10655 10502 10654
f 10503 10318 10317
f 10503 10317 10502
f 10318 10106 10105
f 10318 10105 10317
f 10106 9938 9937
f 10106 9937 10105
f 9938 9685 9684
f 9938 9684 9937
f 9685 9499 9498
f 9685 9498 9684
f 9499 9226 9225
f 9499 9225 9498
f 9226 9021 9020
f 9226 9020 9225
f 9021 8748 8747
f 9021 8747 9020
f 8748 8530 8529
f 8748 8529 8747
f 8530 8198 8197
f 8530 8197 8529
f 8198 8004 8003
f 8198 8003 8197
f 8004 7607 7606
f 8004 7606 8003
f 7607 7380 7379
f 7607 7379 7606
f 7380 7119 7118
f 7380 7118 7379
f 7119 6726 6725
f 7119 6725 7118
f 6726 6528 6527
f 6726 6527 6725
f 6528 6196 6195
f 6528 6195 6527
f 6196 5978 5977
f 6196 5977 6195
f 5978 5705 5704
f 5978 5704 5977
f 5705 5500 5499
f 5705 5499 5704
f 5500 5231 5230
f 5500 5230 5499
f 5231 5041 5040
f 5231 5040 5230
f 5041 4788 4787
f 5041 4787 5040
f 4788 4620 4619
f 4788 4619 4787
f 4620 4408 4407
f 4620 4407 4619
f 4408 4223 4222
f 4408 4222 4407
f 4223 4075 4074
f 4223 4074 4222
f 4075 3874 3873
f 4075 3873 4074
f 3874 3748 3747
f 3874 3747 3873
f 3748 3599 3598
f 3748 3598 3747
f 3599 3456 3455
f 3599 3455 3598
f 3456 3342 3341
f 3456 3341 3455
f 3342 3250 3249
f 3342 3249 3341
f 3250 3168 3167
f 3250 3167 3249
f 3168 3124 3123
f 3168 3123 3167
f 3124 3081 3080
f 3124 3080 3123
f 3081 3073 3072
f 3081 3072 3080
f 3073 3079 3078
f 3073 3078 3072
f 3079 3122 3121
f 3079 3121 3078
f 3122 3166 3165
f 3122 3165 3121
f 3166 3248 3247
f 3166 3247 3165
f 3248 3340 3339
f 3248 3339 3247
f 3340 3454 3453
f 3340 3453 3339
f 3454 3597 3596
f 3454 3596 3453
f 3597 3746 3745
f 3597 3745 3596
f 3746 3872 3871
f 3746 3871 3745
f 3872 4073 4072
f 3872 4072 3871
f 4073 4221 4220
f 4073 4220 4072
f 4221 4406 4405
f 4221 4405 4220
f 4406 4618 4617
f 4406 4617 4405
f 4618 4786 4785
f 4618 4785 4617
f 4786 5039 5038
f 4786 5038 4785
f 5039 5225 5224
f 5039 5224 5038
f 5225 5498 5497
f 5225 5497 5224
f 5498 5703 5702
f 5498 5702 5497
f 5703 5976 5975
f 5703 5975 5702
f 5976 6194 6193
f 5976 6193 5975
f 6194 6526 6525
f 6194 6525 6193
f 6526 6720 6719
f 6526 6719 6525
f 6720 7117 7116
f 6720 7116 6719
f 7117 7344 7343
f 7117 7343 7116
f 7344 7605 7604
f 7344 7604 7343
f 7605 7998 7997
f 7605 7997 7604
f 7998 8196 8195
f 7998 8195 7997
f 8196 8528 8527
f 8196 8527 8195
f 8528 8746 8745
f 8528 8745 8527
f 8746 9019 9018
f 8746 9018 8745
f 9019 9224 9223
f 9019 9223 9018
f 9224 9493 9492
f 9224 9492 9223
f 9493 9683 9682
f 9493 9682 9492
f 9683 9936 9935
f 9683 9935 9682
f 9936 10104 10103
f 9936 10103 9935
f 10104 10316 10315
f 10104 10315 10103
f 10316 10501 10500
f 10316 10500 10315
f 10501 10653 10652
f 10501 10652 10500
f 10653 10850 10849
f 10653 10849 10652
f 10850 10980 10979
f 10850 10979 10849
f 10980 11125 11124
f 10980 11124 10979
f 11125 11272 11271
f 11125 11271 11124
f 11272 11382 11381
f 11272 11381 11271
f 11382 11474 11473
f 11382 11473 11381
f 11474 11560 11559
f 11474 11559 11473
f 11560 11604 11603
f 11560 11603 11559
f 11604 11647 11646
f 11604 11646 11603
f 11647 11655 11654
f 11647 11654 11646
f 11654 11648 11676
f 11654 11676 11681
f 11648 11605 11622
f 11648 11622 11676
f 11605 11561 11573
f 11605 11573 11622
f 11561 11475 11500
f 11561 11500 11573
f 11475 11383 11396
f 11475 11396 11500
f 11383 11273 11289
f 11383 11289 11396
f 11273 11126 11133
f 11273 11133 11289
f 11126 10981 10993
f 11126 10993 11133
f 10981 10851 10862
f 10981 10862 10993
f 10851 10654 10671
f 10851 10671 10862
f 10654 10502 10513
f 10654 10513 10671
f 10502 10317 10334
f 10502 10334 10513
f 10317 10105 10111
f 10317 10111 10334
f 10105 9937 9946
f 10105 9946 10111
f 9937 9684 9694
f 9937 9694 9946
f 9684 9498 9504
f 9684 9504 9694
f 9498 9225 9230
f 9498 9230 9504
f 9225 9020 9028
f 9225 9028 9230
f 9020 8747 8754
f 9020 8754 9028
f 8747 8529 8536
f 8747 8536 8754
f 8529 8197 8209
f 8529 8209 8536
f 8197 8003 8006
f 8197 8006 8209
f 8003 7606 7608
f 8003 7608 8006
f 7606 7379 7381
f 7606 7381 7608
f 7379 7118 7120
f 7379 7120 7381
f 7118 6725 6718
f 7118 6718 7120
f 6725 6527 6515
f 6725 6515 6718
f 6527 6195 6192
f 6527 6192 6515
f 6195 5977 5970
f 6195 5970 6192
f 5977 5704 5696
f 5977 5696 5970
f 5704 5499 5494
f 5704 5494 5696
f 5499 5230 5220
f 5499 5220 5494
f 5230 5040 5030
f 5230 5030 5220
f 5040 4787 4778
f 5040 4778 5030
f 4787 4619 4613
f 4787 4613 4778
f 4619 4407 4390
f 4619 4390 4613
f 4407 4222 4211
f 4407 4211 4390
f 4222 4074 4057
f 4222 4057 4211
f 4074 3873 3862
f 4074 3862 4057
f 3873 3747 3735
f 3873 3735 3862
f 3747 3598 3591
f 3747 3591 3735
f 3598 3455 3439
f 3598 3439 3591
f 3455 3341 3328
f 3455 3328 3439
f 3341 3249 3228
f 3341 3228 3328
f 3249 3167 3155
f 3249 3155 3228
f 3167 3123 3106
f 3167 3106 3155
f 3123 3080 3052
f 3123 3052 3106
f 3080 3072 3044
f 3080 3044 3052
f 3072 3078 3051
f 3072 3051 3044
f 3078 3121 3105
f 3078 3105 3051
f 3121 3165 3154
f 3121 3154 3105
f 3165 3247 3227
f 3165 3227 3154
f 3247 3339 3327
f 3247 3327 3227
f 3339 3453 3438
f 3339 3438 3327
f 3453 3596 3590
f 3453 3590 3438
f 3596 3745 3734
f 3596 3734 3590
f 3745 3871 3861
f 3745 3861 3734
f 3871 4072 4056
f 3871 4056 3861
f 4072 4220 4210
f 4072 4210 4056
f 4220 4405 4389
f 4220 4389 4210
f 4405 4617 4612
f 4405 4612 4389
f 4617 4785 4777
f 4617 4777 4612
f 4785 5038 5029
f 4785 5029 4777
f 5038 5224 5219
f 5038 5219 5029
f 5224 5497 5493
f 5224 5493 5219
f 5497 5702 5695
f 5497 5695 5493
f 5702 5975 5969
f 5702 5969 5695
f 5975 6193 6187
f 5975 6187 5969
f 6193 6525 6514
f 6193 6514 6187
f 6525 6719 6717
f 6525 6717 6514
f 6719 7116 7115
f 6719 7115 6717
f 7116 7343 7342
f 7116 7342 7115
f 7343 7604 7603
f 7343 7603 7342
f 7604 7997 8005
f 7604 8005 7603
f 7997 8195 8208
f 7997 8208 8005
f 8195 8527 8531
f 8195 8531 8208
f 8527 8745 8753
f 8527 8753 8531
f 8745 9018 9027
f 8745 9027 8753
f 9018 9223 9229
f 9018 9229 9027
f 9223 9492 9503
f 9223 9503 9229
f 9492 9682 9693
f 9492 9693 9503
f 9682 9935 9945
f 9682 9945 9693
f 9935 10103 10110
f 9935 10110 9945
f 10103 10315 10333
f 10103 10333 10110
f 10315 10500 10512
f 10315 10512 10333
f 10500 10652 10670
f 10500 10670 10512
f 10652 10849 10861
f 10652 10861 10670
f 10849 10979 10992
f 10849 10992 10861
f 10979 11124 11132
f 10979 11132 10992
f 11124 11271 11288
f 11124 11288 11132
f 11271 11381 11395
f 11271 11395 11288
f 11381 11473 11499
f 11381 11499 11395
f 11473 11559 11572
f 11473 11572 11499
f 11559 11603 11621
f 11559 11621 11572
f 11603 11646 11675
f 11603 11675 11621
f 11646 11654 11681
f 11646 11681 11675
f 11681 11676 11752
f 11681 11752 11759
f 11676 11622 11686
f 11676 11686 11752
f 11622 11573 11616
f 11622 11616 11686
f 11573 11500 11536
f 11573 11536 11616
f 11500 11396 11441
f 11500 11441 11536
f 11396 11289 11332
f 11396 11332 11441
f 11289 11133 11179
f 11289 11179 11332
f 11133 10993 11034
f 11133 11034 11179
f 10993 10862 10890
f 10993 10890 11034
f 10862 10671 10715
f 10862 10715 10890
f 10671 10513 10534
f 10671 10534 10715
f 10513 10334 10360
f 10513 10360 10534
f 10334 10111 10145
f 10334 10145 10360
f 10111 9946 9956
f 10111 9956 10145
f 9946 9694 9711
f 9946 9711 9956
f 9694 9504 9514
f 9694 9514 9711
f 9504 9230 9250
f 9504 9250 9514
f 9230 9028 9042
f 9230 9042 9250
f 9028 8754 8765
f 9028 8765 9042
f 8754 8536 8543
f 8754 8543 8765
f 8536 8209 8217
f 8536 8217 8543
f 8209 8006 8008
f 8209 8008 8217
f 8006 7608 7610
f 8006 7610 8008
f 7608 7381 7382
f 7608 7382 7610
f 7381 7120 7114
f 7381 7114 7382
f 7120 6718 6716
f 7120 6716 7114
f 6718 6515 6507
f 6718 6507 6716
f 6515 6192 6181
f 6515 6181 6507
f 6192 5970 5963
f 6192 5963 6181
f 5970 5696 5682
f 5970 5682 5963
f 5696 5494 5474
f 5696 5474 5682
f 5494 5220 5210
f 5494 5210 5474
f 5220 5030 5013
f 5220 5013 5210
f 5030 4778 4768
f 5030 4768 5013
f 4778 4613 4579
f 4778 4579 4768
f 4613 4390 4366
f 4613 4366 4579
f 4390 4211 4190
f 4390 4190 4366
f 4211 4057 4013
f 4211 4013 4190
f 4057 3862 3834
f 4057 3834 4013
f 3862 3735 3694
f 3862 3694 3834
f 3735 3591 3545
f 3735 3545 3694
f 3591 3439 3396
f 3591 3396 3545
f 3439 3328 3283
f 3439 3283 3396
f 3328 3228 3192
f 3328 3192 3283
f 3228 3155 3112
f 3228 3112 3192
f 3155 3106 3038
f 3155 3038 3112
f 3106 3052 2976
f 3106 2976 3038
f 3052 3044 2968
f 3052 2968 2976
f 3044 3051 2975
f 3044 2975 2968
f 3051 3105 3037
f 3051 3037 2975
f 3105 3154 3111
f 3105 3111 3037
f 3154 3227 3191
f 3154 3191 3111
f 3227 3327 3282
f 3227 3282 3191
f 3327 3438 3395
f 3327 3395 3282
f 3438 3590 3544
f 3438 3544 3395
f 3590 3734 3693
f 3590 3693 3544
f 3734 3861 3833
f 3734 3833 3693
f 3861 4056 4012
f 3861 4012 3833
f 4056 4210 4189
f 4056 4189 4012
f 4210 4389 4365
f 4210 4365 4189
f 4389 4612 4578
f 4389 4578 4365
f 4612 4777 4767
f 4612 4767 4578
f 4777 5029 5012
f 4777 5012 4767
f 5029 5219 5209
f 5029 5209 5012
f 5219 5493 5473
f 5219 5473 5209
f 5493 5695 5681
f 5493 5681 5473
f 5695 5969 5958
f 5695 5958 5681
f 5969 6187 6180
f 5969 6180 5958
f 6187 6514 6506
f 6187 6506 6180
f 6514 6717 6715
f 6514 6715 6506
f 6717 7115 7113
f 6717 7113 6715
f 7115 7342 7341
f 7115 7341 7113
f 7342 7603 7609
f 7342 7609 7341
f 7603 8005 8007
f 7603 8007 7609
f 8005 8208 8216
f 8005 8216 8007
f 8208 8531 8542
f 8208 8542 8216
f 8531 8753 8760
f 8531 8760 8542
f 8753 9027 9041
f 8753 9041 8760
f 9027 9229 9249
f 9027 9249 9041
f 9229 9503 9513
f 9229 9513 9249
f 9503 9693 9710
f 9503 9710 9513
f 9693 9945 9955
f 9693 9955 9710
f 9945 10110 10144
f 9945 10144 9955
f 10110 10333 10359
f 10110 10359 10144
f 10333 10512 10533
f 10333 10533 10359
f 10512 10670 10714
f 10512 10714 10533
f 10670 10861 10889
f 10670 10889 10714
f 10861 10992 11033
f 10861 11033 10889
f 10992 11132 11178
f 10992 11178 11033
f 11132 11288 11331
f 11132 11331 11178
f 11288 11395 11440
f 11288 11440 11331
f 11395 11499 11535
f 11395 11535 11440
f 11499 11572 11615
f 11499 11615 11535
f 11572 11621 11685
f 11572 11685 11615
f 11621 11675 11751
f 11621 11751 11685
f 11675 11681 11759
f 11675 11759 11751
f 11759 11752 11838
f 11759 11838 11847
f 11752 11686 11792
f 11752 11792 11838
f 11686 11616 11727
f 11686 11727 11792
f 11616 11536 11614
f 11616 11614 11727
f 11536 11441 11514
f 11536 11514 11614
f 11441 11332 11393
f 11441 11393 11514
f 11332 11179 11250
f 11332 11250 11393
f 11179 11034 11096
f 11179 11096 11250
f 11034 10890 10938
f 11034 10938 11096
f 10890 10715 10780
f 10890 10780 10938
f 10715 10534 10566
f 10715 10566 10780
f 10534 10360 10406
f 10534 10406 10566
f 10360 10145 10182
f 10360 10182 10406
f 10145 9956 9986
f 10145 9986 10182
f 9956 9711 9735
f 9956 9735 9986
f 9711 9514 9525
f 9711 9525 9735
f 9514 9250 9280
f 9514 9280 9525
f 9250 9042 9068
f 9250 9068 9280
f 9042 8765 8784
f 9042 8784 9068
f 8765 8543 8556
f 8765 8556 8784
f 8543 8217 8220
f 8543 8220 8556
f 8217 8008 8010
f 8217 8010 8220
f 8008 7610 7612
f 8008 7612 8010
f 7610 7382 7383
f 7610 7383 7612
f 7382 7114 7112
f 7382 7112 7383
f 7114 6716 6714
f 7114 6714 7112
f 6716 6507 6504
f 6716 6504 6714
f 6507 6181 6168
f 6507 6168 6504
f 6181 5963 5940
f 6181 5940 6168
f 5963 5682 5656
f 5963 5656 5940
f 5682 5474 5444
f 5682 5444 5656
f 5474 5210 5199
f 5474 5199 5444
f 5210 5013 4989
f 5210 4989 5199
f 5013 4768 4738
f 5013 4738 4989
f 4768 4579 4542
f 4768 4542 4738
f 4579 4366 4318
f 4579 4318 4542
f 4366 4190 4158
f 4366 4158 4318
f 4190 4013 3944
f 4190 3944 4158
f 4013 3834 3786
f 4013 3786 3944
f 3834 3694 3628
f 3834 3628 3786
f 3694 3545 3478
f 3694 3478 3628
f 3545 3396 3331
f 3545 3331 3478
f 3396 3283 3214
f 3396 3214 3331
f 3283 3192 3114
f 3283 3114 3214
f 3192 3112 2999
f 3192 2999 3114
f 3112 3038 2936
f 3112 2936 2999
f 3038 2976 2890
f 3038 2890 2936
f 2976 2968 2880
f 2976 2880 2890
f 2968 2975 2889
f 2968 2889 2880
f 2975 3037 2935
f 2975 2935 2889
f 3037 3111 2998
f 3037 2998 2935
f 3111 3191 3113
f 3111 3113 2998
f 3191 3282 3213
f 3191 3213 3113
f 3282 3395 3330
f 3282 3330 3213
f 3395 3544 3477
f 3395 3477 3330
f 3544 3693 3627
f 3544 3627 3477
f 3693 3833 3785
f 3693 3785 3627
f 3833 4012 3943
f 3833 3943 3785
f 4012 4189 4157
f 4012 4157 3943
f 4189 4365 4317
f 4189 4317 4157
f 4365 4578 4541
f 4365 4541 4317
f 4578 4767 4737
f 4578 4737 4541
f 4767 5012 4988
f 4767 4988 4737
f 5012 5209 5198
f 5012 5198 4988
f 5209 5473 5443
f 5209 5443 5198
f 5473 5681 5655
f 5473 5655 5443
f 5681 5958 5939
f 5681 5939 5655
f 5958 6180 6167
f 5958 6167 5939
f 6180 6506 6503
f 6180 6503 6167
f 6506 6715 6713
f 6506 6713 6503
f 6715 7113 7111
f 6715 7111 6713
f 7113 7341 7340
f 7113 7340 7111
f 7341 7609 7611
f 7341 7611 7340
f 7609 8007 8009
f 7609 8009 7611
f 8007 8216 8219
f 8007 8219 8009
f 8216 8542 8555
f 8216 8555 8219
f 8542 8760 8783
f 8542 8783 8555
f 8760 9041 9067
f 8760 9067 8783
f 9041 9249 9279
f 9041 9279 9067
f 9249 9513 9524
f 9249 9524 9279
f 9513 9710 9734
f 9513 9734 9524
f 9710 9955 9985
f 9710 9985 9734
f 9955 10144 10181
f 9955 10181 9985
f 10144 10359 10405
f 10144 10405 10181
f 10359 10533 10565
f 10359 10565 10405
f 10533 10714 10779
f 10533 10779 10565
f 10714 10889 10937
f 10714 10937 10779
f 10889 11033 11095
f 10889 11095 10937
f 11033 11178 11249
f 11033 11249 11095
f 11178 11331 11392
f 11178 11392 11249
f 11331 11440 11513
f 11331 11513 11392
f 11440 11535 11613
f 11440 11613 11513
f 11535 11615 11726
f 11535 11726 11613
f 11615 11685 11791
f 11615 11791 11726
f 11685 11751 11837
f 11685 11837 11791
f 11751 11759 11847
f 11751 11847 11837
f 11847 11838 11976
f 11847 11976 11994
f 11838 11792 11913
f 11838 11913 11976
f 11792 11727 11848
f 11792 11848 11913
f 11727 11614 11757
f 11727 11757 11848
f 11614 11514 11611
f 11614 11611 11757
f 11514 11393 11494
f 11514 11494 11611
f 11393 11250 11356
f 11393 11356 11494
f 11250 11096 11175
f 11250 11175 11356
f 11096 10938 11006
f 11096 11006 11175
f 10938 10780 10846
f 10938 10846 11006
f 10780 10566 10630
f 10780 10630 10846
f 10566 10406 10464
f 10566 10464 10630
f 10406 10182 10232
f 10406 10232 10464
f 10182 9986 10020
f 10182 10020 10232
f 9986 9735 9810
f 9986 9810 10020
f 9735 9525 9564
f 9735 9564 9810
f 9525 9280 9324
f 9525 9324 9564
f 9280 9068 9092
f 9280 9092 9324
f 9068 8784 8816
f 9068 8816 9092
f 8784 8556 8568
f 8784 8568 8816
f 8556 8220 8246
f 8556 8246 8568
f 8220 8010 8020
f 8220 8020 8246
f 8010 7612 7622
f 8010 7622 8020
f 7612 7383 7390
f 7612 7390 7622
f 7383 7112 7106
f 7383 7106 7390
f 7112 6714 6704
f 7112 6704 7106
f 6714 6504 6478
f 6714 6478 6704
f 6504 6168 6156
f 6504 6156 6478
f 6168 5940 5908
f 6168 5908 6156
f 5940 5656 5632
f 5940 5632 5908
f 5656 5444 5400
f 5656 5400 5632
f 5444 5199 5160
f 5444 5160 5400
f 5199 4989 4914
f 5199 4914 5160
f 4989 4738 4704
f 4989 4704 4914
f 4738 4542 4496
f 4738 4496 4704
f 4542 4318 4260
f 4542 4260 4496
f 4318 4158 4094
f 4318 4094 4260
f 4158 3944 3878
f 4158 3878 4094
f 3944 3786 3722
f 3944 3722 3878
f 3786 3628 3553
f 3786 3553 3722
f 3628 3478 3372
f 3628 3372 3553
f 3478 3331 3230
f 3478 3230 3372
f 3331 3214 3117
f 3331 3117 3230
f 3214 3114 2971
f 3214 2971 3117
f 3114 2999 2881
f 3114 2881 2971
f 2999 2936 2819
f 2999 2819 2881
f 2936 2890 2756
f 2936 2756 2819
f 2890 2880 2739
f 2890 2739 2756
f 2880 2889 2755
f 2880 2755 2739
f 2889 2935 2818
f 2889 2818 2755
f 2935 2998 2879
f 2935 2879 2818
f 2998 3113 2970
f 2998 2970 2879
f 3113 3213 3116
f 3113 3116 2970
f 3213 3330 3229
f 3213 3229 3116
f 3330 3477 3371
f 3330 3371 3229
f 3477 3627 3548
f 3477 3548 3371
f 3627 3785 3721
f 3627 3721 3548
f 3785 3943 3877
f 3785 3877 3721
f 3943 4157 4093
f 3943 4093 3877
f 4157 4317 4259
f 4157 4259 4093
f 4317 4541 4491
f 4317 4491 4259
f 4541 4737 4703
f 4541 4703 4491
f 4737 4988 4913
f 4737 4913 4703
f 4988 5198 5159
f 4988 5159 4913
f 5198 5443 5399
f 5198 5399 5159
f 5443 5655 5631
f 5443 5631 5399
f 5655 5939 5907
f 5655 5907 5631
f 5939 6167 6155
f 5939 6155 5907
f 6167 6503 6477
f 6167 6477 6155
f 6503 6713 6703
f 6503 6703 6477
f 6713 7111 7101
f 6713 7101 6703
f 7111 7340 7333
f 7111 7333 7101
f 7340 7611 7617
f 7340 7617 7333
f 7611 8009 8019
f 7611 8019 7617
f 8009 8219 8245
f 8009 8245 8019
f 8219 8555 8567
f 8219 8567 8245
f 8555 8783 8815
f 8555 8815 8567
f 8783 9067 9091
f 8783 9091 8815
f 9067 9279 9323
f 9067 9323 9091
f 9279 9524 9563
f 9279 9563 9323
f 9524 9734 9809
f 9524 9809 9563
f 9734 9985 10019
f 9734 10019 9809
f 9985 10181 10227
f 9985 10227 10019
f 10181 10405 10463
f 10181 10463 10227
f 10405 10565 10629
f 10405 10629 10463
f 10565 10779 10845
f 10565 10845 10629
f 10779 10937 11005
f 10779 11005 10845
f 10937 11095 11170
f 10937 11170 11005
f 11095 11249 11355
f 11095 11355 11170
f 11249 11392 11493
f 11249 11493 11355
f 11392 11513 11610
f 11392 11610 11493
f 11513 11613 11756
f 11513 11756 11610
f 11613 11726 11846
f 11613 11846 11756
f 11726 11791 11912
f 11726 11912 11846
f 11791 11837 11975
f 11791 11975 11912
f 11837 11847 11994
f 11837 11994 11975
f 11994 11976 12142
f 11994 12142 12150
f 11976 11913 12104
f 11976 12104 12142
f 11913 11848 12029
f 11913 12029 12104
f 11848 11757 11888
f 11848 11888 12029
f 11757 11611 11768
f 11757 11768 11888
f 11611 11494 11600
f 11611 11600 11768
f 11494 11356 11452
f 11494 11452 11600
f 11356 11175 11292
f 11356 11292 11452
f 11175 11006 11101
f 11175 11101 11292
f 11006 10846 10927
f 11006 10927 11101
f 10846 10630 10741
f 10846 10741 10927
f 10630 10464 10526
f 10630 10526 10741
f 10464 10232 10319
f 10464 10319 10526
f 10232 10020 10088
f 10232 10088 10319
f 10020 9810 9881
f 10020 9881 10088
f 9810 9564 9626
f 9810 9626 9881
f 9564 9324 9413
f 9564 9413 9626
f 9324 9092 9126
f 9324 9126 9413
f 9092 8816 8859
f 9092 8859 9126
f 8816 8568 8598
f 8816 8598 8859
f 8568 8246 8280
f 8568 8280 8598
f 8246 8020 8046
f 8246 8046 8280
f 8020 7622 7644
f 8020 7644 8046
f 7622 7390 7401
f 7622 7401 7644
f 7390 7106 7082
f 7390 7082 7401
f 7106 6704 6678
f 7106 6678 7082
f 6704 6478 6444
f 6704 6444 6678
f 6478 6156 6126
f 6478 6126 6444
f 6156 5908 5865
f 6156 5865 6126
f 5908 5632 5598
f 5908 5598 5865
f 5632 5400 5311
f 5632 5311 5598
f 5400 5160 5098
f 5400 5098 5311
f 5160 4914 4843
f 5160 4843 5098
f 4914 4704 4636
f 4914 4636 4843
f 4704 4496 4409
f 4704 4409 4636
f 4496 4260 4198
f 4496 4198 4409
f 4260 4094 3987
f 4260 3987 4198
f 4094 3878 3797
f 4094 3797 3987
f 3878 3722 3623
f 3878 3623 3797
f 3722 3553 3436
f 3722 3436 3623
f 3553 3372 3272
f 3553 3272 3436
f 3372 3230 3128
f 3372 3128 3272
f 3230 3117 2960
f 3230 2960 3128
f 3117 2971 2840
f 3117 2840 2960
f 2971 2881 2710
f 2971 2710 2840
f 2881 2819 2635
f 2881 2635 2710
f 2819 2756 2600
f 2819 2600 2635
f 2756 2739 2591
f 2756 2591 2600
f 2739 2755 2599
f 2739 2599 2591
f 2755 2818 2633
f 2755 2633 2599
f 2818 2879 2700
f 2818 2700 2633
f 2879 2970 2839
f 2879 2839 2700
f 2970 3116 2959
f 2970 2959 2839
f 3116 3229 3127
f 3116 3127 2959
f 3229 3371 3271
f 3229 3271 3127
f 3371 3548 3435
f 3371 3435 3271
f 3548 3721 3622
f 3548 3622 3435
f 3721 3877 3796
f 3721 3796 3622
f 3877 4093 3982
f 3877 3982 3796
f 4093 4259 4197
f 4093 4197 3982
f 4259 4491 4404
f 4259 4404 4197
f 4491 4703 4635
f 4491 4635 4404
f 4703 4913 4842
f 4703 4842 4635
f 4913 5159 5097
f 4913 5097 4842
f 5159 5399 5310
f 5159 5310 5097
f 5399 5631 5597
f 5399 5597 5310
f 5631 5907 5864
f 5631 5864 5597
f 5907 6155 6125
f 5907 6125 5864
f 6155 6477 6443
f 6155 6443 6125
f 6477 6703 6677
f 6477 6677 6443
f 6703 7101 7079
f 6703 7079 6677
f 7101 7333 7322
f 7101 7322 7079
f 7333 7617 7641
f 7333 7641 7322
f 7617 8019 8045
f 7617 8045 7641
f 8019 8245 8279
f 8019 8279 8045
f 8245 8567 8597
f 8245 8597 8279
f 8567 8815 8858
f 8567 8858 8597
f 8815 9091 9125
f 8815 9125 8858
f 9091 9323 9412
f 9091 9412 9125
f 9323 9563 9625
f 9323 9625 9412
f 9563 9809 9880
f 9563 9880 9625
f 9809 10019 10087
f 9809 10087 9880
f 10019 10227 10314
f 10019 10314 10087
f 10227 10463 10525
f 10227 10525 10314
f 10463 10629 10736
f 10463 10736 10525
f 10629 10845 10926
f 10629 10926 10736
f 10845 11005 11100
f 10845 11100 10926
f 11005 11170 11291
f 11005 11291 11100
f 11170 11355 11451
f 11170 11451 11291
f 11355 11493 11599
f 11355 11599 11451
f 11493 11610 11767
f 11493 11767 11599
f 11610 11756 11887
f 11610 11887 11767
f 11756 11846 12019
f 11756 12019 11887
f 11846 11912 12102
f 11846 12102 12019
f 11912 11975 12141
f 11912 12141 12102
f 11975 11994 12150
f 11975 12150 12141
f 12150 12142 12261
f 12150 12261 12279
f 12142 12104 12238
f 12142 12238 12261
f 12104 12029 12181
f 12104 12181 12238
f 12029 11888 12105
f 12029 12105 12181
f 11888 11768 11949
f 11888 11949 12105
f 11768 11600 11780
f 11768 11780 11949
f 11600 11452 11582
f 11600 11582 11780
f 11452 11292 11416
f 11452 11416 11582
f 11292 11101 11214
f 11292 11214 11416
f 11101 10927 11013
f 11101 11013 11214
f 10927 10741 10824
f 10927 10824 11013
f 10741 10526 10590
f 10741 10590 10824
f 10526 10319 10400
f 10526 10400 10590
f 10319 10088 10160
f 10319 10160 10400
f 10088 9881 9948
f 10088 9948 10160
f 9881 9626 9672
f 9881 9672 9948
f 9626 9413 9457
f 9626 9457 9672
f 9413 9126 9162
f 9413 9162 9457
f 9126 8859 8918
f 9126 8918 9162
f 8859 8598 8614
f 8859 8614 8918
f 8598 8280 8308
f 8598 8308 8614
f 8280 8046 8056
f 8280 8056 8308
f 8046 7644 7654
f 8046 7654 8056
f 7644 7401 7404
f 7644 7404 7654
f 7401 7082 7070
f 7401 7070 7404
f 7082 6678 6668
f 7082 6668 7070
f 6678 6444 6416
f 6678 6416 6668
f 6444 6126 6110
f 6444 6110 6416
f 6126 5865 5806
f 6126 5806 6110
f 5865 5598 5562
f 5865 5562 5806
f 5598 5311 5267
f 5598 5267 5562
f 5311 5098 5052
f 5311 5052 5267
f 5098 4843 4776
f 5098 4776 5052
f 4843 4636 4564
f 4843 4564 4776
f 4636 4409 4324
f 4636 4324 4564
f 4409 4198 4138
f 4409 4138 4324
f 4198 3987 3900
f 4198 3900 4138
f 3987 3797 3715
f 3987 3715 3900
f 3797 3623 3514
f 3797 3514 3715
f 3623 3436 3308
f 3623 3308 3514
f 3436 3272 3148
f 3436 3148 3308
f 3272 3128 2948
f 3272 2948 3148
f 3128 2960 2784
f 3128 2784 2948
f 2960 2840 2636
f 2960 2636 2784
f 2840 2710 2561
f 2840 2561 2636
f 2710 2635 2501
f 2710 2501 2561
f 2635 2600 2477
f 2635 2477 2501
f 2600 2591 2458
f 2600 2458 2477
f 2591 2599 2476
f 2591 2476 2458
f 2599 2633 2499
f 2599 2499 2476
f 2633 2700 2560
f 2633 2560 2499
f 2700 2839 2632
f 2700 2632 2560
f 2839 2959 2782
f 2839 2782 2632
f 2959 3127 2947
f 2959 2947 2782
f 3127 3271 3145
f 3127 3145 2947
f 3271 3435 3307
f 3271 3307 3145
f 3435 3622 3509
f 3435 3509 3307
f 3622 3796 3714
f 3622 3714 3509
f 3796 3982 3899
f 3796 3899 3714
f 3982 4197 4133
f 3982 4133 3899
f 4197 4404 4323
f 4197 4323 4133
f 4404 4635 4563
f 4404 4563 4323
f 4635 4842 4775
f 4635 4775 4563
f 4842 5097 5051
f 4842 5051 4775
f 5097 5310 5266
f 5097 5266 5051
f 5310 5597 5561
f 5310 5561 5266
f 5597 5864 5805
f 5597 5805 5561
f 5864 6125 6109
f 5864 6109 5805
f 6125 6443 6415
f 6125 6415 6109
f 6443 6677 6667
f 6443 6667 6415
f 6677 7079 7069
f 6677 7069 6667
f 7079 7322 7319
f 7079 7319 7069
f 7322 7641 7653
f 7322 7653 7319
f 7641 8045 8055
f 7641 8055 7653
f 8045 8279 8307
f 8045 8307 8055
f 8279 8597 8613
f 8279 8613 8307
f 8597 8858 8917
f 8597 8917 8613
f 8858 9125 9161
f 8858 9161 8917
f 9125 9412 9456
f 9125 9456 9161
f 9412 9625 9671
f 9412 9671 9456
f 9625 9880 9947
f 9625 9947 9671
f 9880 10087 10159
f 9880 10159 9947
f 10087 10314 10399
f 10087 10399 10159
f 10314 10525 10585
f 10314 10585 10399
f 10525 10736 10823
f 10525 10823 10585
f 10736 10926 11012
f 10736 11012 10823
f 10926 11100 11209
f 10926 11209 11012
f 11100 11291 11415
f 11100 11415 11209
f 11291 11451 11579
f 11291 11579 11415
f 11451 11599 11779
f 11451 11779 11579
f 11599 11767 11947
f 11599 11947 11779
f 11767 11887 12101
f 11767 12101 11947
f 11887 12019 12180
f 11887 12180 12101
f 12019 12102 12236
f 12019 12236 12180
f 12102 12141 12260
f 12102 12260 12236
f 12141 12150 12279
f 12141 12279 12260
f 12279 12261 12412
f 12279 12412 12419
f 12261 12238 12392
f 12261 12392 12412
f 12238 12181 12321
f 12238 12321 12392
f 12181 12105 12246
f 12181 12246 12321
f 12105 11949 12146
f 12105 12146 12246
f 11949 11780 11973
f 11949 11973 12146
f 11780 11582 11766
f 11780 11766 11973
f 11582 11416 11543
f 11582 11543 11766
f 11416 11214 11360
f 11416 11360 11543
f 11214 11013 11128
f 11214 11128 11360
f 11013 10824 10921
f 11013 10921 11128
f 10824 10590 10701
f 10824 10701 10921
f 10590 10400 10474
f 10590 10474 10701
f 10400 10160 10220
f 10400 10220 10474
f 10160 9948 9992
f 10160 9992 10220
f 9948 9672 9720
f 9948 9720 9992
f 9672 9457 9500
f 9672 9500 9720
f 9457 9162 9192
f 9457 9192 9500
f 9162 8918 8962
f 9162 8962 9192
f 8918 8614 8636
f 8918 8636 8962
f 8614 8308 8328
f 8614 8328 8636
f 8308 8056 8062
f 8308 8062 8328
f 8056 7654 7660
f 8056 7660 8062
f 7654 7404 7407
f 7654 7407 7660
f 7404 7070 7064
f 7404 7064 7407
f 7070 6668 6662
f 7070 6662 7064
f 6668 6416 6396
f 6668 6396 6662
f 6416 6110 6092
f 6416 6092 6396
f 6110 5806 5766
f 6110 5766 6092
f 5806 5562 5532
f 5806 5532 5766
f 5562 5267 5232
f 5562 5232 5532
f 5267 5052 5004
f 5267 5004 5232
f 5052 4776 4732
f 5052 4732 5004
f 4776 4564 4504
f 4776 4504 4732
f 4564 4324 4250
f 4564 4250 4504
f 4324 4138 4027
f 4324 4027 4250
f 4138 3900 3803
f 4138 3803 4027
f 3900 3715 3600
f 3900 3600 3803
f 3715 3514 3368
f 3715 3368 3600
f 3514 3308 3185
f 3514 3185 3368
f 3308 3148 2962
f 3308 2962 3185
f 3148 2948 2759
f 3148 2759 2962
f 2948 2784 2596
f 2948 2596 2759
f 2784 2636 2492
f 2784 2492 2596
f 2636 2561 2417
f 2636 2417 2492
f 2561 2501 2344
f 2561 2344 2417
f 2501 2477 2322
f 2501 2322 2344
f 2477 2458 2314
f 2477 2314 2322
f 2458 2476 2321
f 2458 2321 2314
f 2476 2499 2341
f 2476 2341 2321
f 2499 2560 2416
f 2499 2416 2341
f 2560 2632 2491
f 2560 2491 2416
f 2632 2782 2595
f 2632 2595 2491
f 2782 2947 2758
f 2782 2758 2595
f 2947 3145 2961
f 2947 2961 2758
f 3145 3307 3184
f 3145 3184 2961
f 3307 3509 3367
f 3307 3367 3184
f 3509 3714 3595
f 3509 3595 3367
f 3714 3899 3802
f 3714 3802 3595
f 3899 4133 4026
f 3899 4026 3802
f 4133 4323 4249
f 4133 4249 4026
f 4323 4563 4503
f 4323 4503 4249
f 4563 4775 4731
f 4563 4731 4503
f 4775 5051 5003
f 4775 5003 4731
f 5051 5266 5223
f 5051 5223 5003
f 5266 5561 5531
f 5266 5531 5223
f 5561 5805 5761
f 5561 5761 5531
f 5805 6109 6087
f 5805 6087 5761
f 6109 6415 6395
f 6109 6395 6087
f 6415 6667 6661
f 6415 6661 6395
f 6667 7069 7063
f 6667 7063 6661
f 7069 7319 7316
f 7069 7316 7063
f 7319 7653 7659
f 7319 7659 7316
f 7653 8055 8061
f 7653 8061 7659
f 8055 8307 8327
f 8055 8327 8061
f 8307 8613 8631
f 8307 8631 8327
f 8613 8917 8957
f 8613 8957 8631
f 8917 9161 9191
f 8917 9191 8957
f 9161 9456 9491
f 9161 9491 9191
f 9456 9671 9719
f 9456 9719 9491
f 9671 9947 9991
f 9671 9991 9719
f 9947 10159 10219
f 9947 10219 9991
f 10159 10399 10473
f 10159 10473 10219
f 10399 10585 10700
f 10399 10700 10473
f 10585 10823 10920
f 10585 10920 10700
f 10823 11012 11123
f 10823 11123 10920
f 11012 11209 11359
f 11012 11359 11123
f 11209 11415 11542
f 11209 11542 11359
f 11415 11579 11765
f 11415 11765 11542
f 11579 11779 11972
f 11579 11972 11765
f 11779 11947 12145
f 11779 12145 11972
f 11947 12101 12245
f 11947 12245 12145
f 12101 12180 12320
f 12101 12320 12245
f 12180 12236 12389
f 12180 12389 12320
f 12236 12260 12411
f 12236 12411 12389
f 12260 12279 12419
f 12260 12419 12411
f 12419 12412 12569
f 12419 12569 12581
f 12412 12392 12539
f 12412 12539 12569
f 12392 12321 12477
f 12392 12477 12539
f 12321 12246 12400
f 12321 12400 12477
f 12246 12146 12280
f 12246 12280 12400
f 12146 11973 12160
f 12146 12160 12280
f 11973 11766 11959
f 11973 11959 12160
f 11766 11543 11714
f 11766 11714 11959
f 11543 11360 11485
f 11543 11485 11714
f 11360 11128 11266
f 11360 11266 11485
f 11128 10921 11021
f 11128 11021 11266
f 10921 10701 10808
f 10921 10808 11021
f 10701 10474 10547
f 10701 10547 10808
f 10474 10220 10325
f 10474 10325 10547
f 10220 9992 10053
f 10220 10053 10325
f 9992 9720 9800
f 9992 9800 10053
f 9720 9500 9532
f 9720 9532 9800
f 9500 9192 9241
f 9500 9241 9532
f 9192 8962 8997
f 9192 8997 9241
f 8962 8636 8657
f 8962 8657 8997
f 8636 8328 8375
f 8636 8375 8657
f 8328 8062 8077
f 8328 8077 8375
f 8062 7660 7671
f 8062 7671 8077
f 7660 7407 7413
f 7660 7413 7671
f 7407 7064 7053
f 7407 7053 7413
f 7064 6662 6651
f 7064 6651 7053
f 6662 6396 6353
f 6662 6353 6651
f 6396 6092 6067
f 6396 6067 6353
f 6092 5766 5727
f 6092 5727 6067
f 5766 5532 5487
f 5766 5487 5727
f 5532 5232 5192
f 5532 5192 5487
f 5232 5004 4928
f 5232 4928 5192
f 5004 4732 4679
f 5004 4679 4928
f 4732 4504 4399
f 4732 4399 4679
f 4504 4250 4177
f 4504 4177 4399
f 4250 4027 3918
f 4250 3918 4177
f 4027 3803 3707
f 4027 3707 3918
f 3803 3600 3470
f 3803 3470 3707
f 3600 3368 3239
f 3600 3239 3470
f 3368 3185 3014
f 3368 3014 3239
f 3185 2962 2775
f 3185 2775 3014
f 2962 2759 2582
f 2962 2582 2775
f 2759 2596 2459
f 2759 2459 2582
f 2596 2492 2334
f 2596 2334 2459
f 2492 2417 2253
f 2492 2253 2334
f 2417 2344 2189
f 2417 2189 2253
f 2344 2322 2159
f 2344 2159 2189
f 2322 2314 2143
f 2322 2143 2159
f 2314 2321 2155
f 2314 2155 2143
f 2321 2341 2185
f 2321 2185 2155
f 2341 2416 2247
f 2341 2247 2185
f 2416 2491 2330
f 2416 2330 2247
f 2491 2595 2454
f 2491 2454 2330
f 2595 2758 2578
f 2595 2578 2454
f 2758 2961 2769
f 2758 2769 2578
f 2961 3184 3006
f 2961 3006 2769
f 3184 3367 3235
f 3184 3235 3006
f 3367 3595 3458
f 3367 3458 3235
f 3595 3802 3703
f 3595 3703 3458
f 3802 4026 3912
f 3802 3912 3703
f 4026 4249 4173
f 4026 4173 3912
f 4249 4503 4395
f 4249 4395 4173
f 4503 4731 4667
f 4503 4667 4395
f 4731 5003 4920
f 4731 4920 4667
f 5003 5223 5188
f 5003 5188 4920
f 5223 5531 5479
f 5223 5479 5188
f 5531 5761 5723
f 5531 5723 5479
f 5761 6087 6063
f 5761 6063 5723
f 6087 6395 6345
f 6087 6345 6063
f 6395 6661 6643
f 6395 6643 6345
f 6661 7063 7049
f 6661 7049 6643
f 7063 7316 7307
f 7063 7307 7049
f 7316 7659 7667
f 7316 7667 7307
f 7659 8061 8069
f 7659 8069 7667
f 8061 8327 8367
f 8061 8367 8069
f 8327 8631 8653
f 8327 8653 8367
f 8631 8957 8993
f 8631 8993 8653
f 8957 9191 9233
f 8957 9233 8993
f 9191 9491 9528
f 9191 9528 9233
f 9491 9719 9792
f 9491 9792 9528
f 9719 9991 10041
f 9719 10041 9792
f 9991 10219 10321
f 9991 10321 10041
f 10219 10473 10543
f 10219 10543 10321
f 10473 10700 10802
f 10473 10802 10543
f 10700 10920 11017
f 10700 11017 10802
f 10920 11123 11254
f 10920 11254 11017
f 11123 11359 11481
f 11123 11481 11254
f 11359 11542 11706
f 11359 11706 11481
f 11542 11765 11953
f 11542 11953 11706
f 11765 11972 12156
f 11765 12156 11953
f 11972 12145 12275
f 11972 12275 12156
f 12145 12245 12396
f 12145 12396 12275
f 12245 12320 12471
f 12245 12471 12396
f 12320 12389 12535
f 12320 12535 12471
f 12389 12411 12565
f 12389 12565 12535
f 12411 12419 12581
f 12411 12581 12565
f 12581 12569 12741
f 12581 12741 12755
f 12569 12539 12698
f 12569 12698 12741
f 12539 12477 12655
f 12539 12655 12698
f 12477 12400 12558
f 12477 12558 12655
f 12400 12280 12442
f 12400 12442 12558
f 12280 12160 12318
f 12280 12318 12442
f 12160 11959 12167
f 12160 12167 12318
f 11959 11714 11914
f 11959 11914 12167
f 11714 11485 11641
f 11714 11641 11914
f 11485 11266 11410
f 11485 11410 11641
f 11266 11021 11140
f 11266 11140 11410
f 11021 10808 10912
f 11021 10912 11140
f 10808 10547 10636
f 10808 10636 10912
f 10547 10325 10417
f 10547 10417 10636
f 10325 10053 10137
f 10325 10137 10417
f 10053 9800 9894
f 10053 9894 10137
f 9800 9532 9599
f 9800 9599 9894
f 9532 9241 9298
f 9532 9298 9599
f 9241 8997 9030
f 9241 9030 9298
f 8997 8657 8704
f 8997 8704 9030
f 8657 8375 8426
f 8657 8426 8704
f 8375 8077 8102
f 8375 8102 8426
f 8077 7671 7699
f 8077 7699 8102
f 7671 7413 7423
f 7671 7423 7699
f 7413 7053 7025
f 7413 7025 7423
f 7053 6651 6622
f 7053 6622 7025
f 6651 6353 6298
f 6651 6298 6622
f 6353 6067 6020
f 6353 6020 6298
f 6067 5727 5694
f 6067 5694 6020
f 5727 5487 5426
f 5727 5426 5694
f 5487 5192 5133
f 5487 5133 5426
f 5192 4928 4830
f 5192 4830 5133
f 4928 4679 4587
f 4928 4587 4830
f 4679 4399 4307
f 4679 4307 4587
f 4399 4177 4090
f 4399 4090 4307
f 4177 3918 3814
f 4177 3814 4090
f 3918 3707 3584
f 3918 3584 3814
f 3707 3470 3322
f 3707 3322 3584
f 3470 3239 3087
f 3470 3087 3322
f 3239 3014 2820
f 3239 2820 3087
f 3014 2775 2577
f 3014 2577 2820
f 2775 2582 2420
f 2775 2420 2577
f 2582 2459 2288
f 2582 2288 2420
f 2459 2334 2170
f 2459 2170 2288
f 2334 2253 2073
f 2334 2073 2170
f 2253 2189 2030
f 2253 2030 2073
f 2189 2159 1987
f 2189 1987 2030
f 2159 2143 1972
f 2159 1972 1987
f 2143 2155 1986
f 2143 1986 1972
f 2155 2185 2029
f 2155 2029 1986
f 2185 2247 2072
f 2185 2072 2029
f 2247 2330 2169
f 2247 2169 2072
f 2330 2454 2287
f 2330 2287 2169
f 2454 2578 2419
f 2454 2419 2287
f 2578 2769 2574
f 2578 2574 2419
f 2769 3006 2817
f 2769 2817 2574
f 3006 3235 3086
f 3006 3086 2817
f 3235 3458 3313
f 3235 3313 3086
f 3458 3703 3583
f 3458 3583 3313
f 3703 3912 3811
f 3703 3811 3583
f 3912 4173 4087
f 3912 4087 3811
f 4173 4395 4306
f 4173 4306 4087
f 4395 4667 4586
f 4395 4586 4306
f 4667 4920 4829
f 4667 4829 4586
f 4920 5188 5124
f 4920 5124 4829
f 5188 5479 5425
f 5188 5425 5124
f 5479 5723 5693
f 5479 5693 5425
f 5723 6063 6019
f 5723 6019 5693
f 6063 6345 6297
f 6063 6297 6019
f 6345 6643 6621
f 6345 6621 6297
f 6643 7049 7024
f 6643 7024 6621
f 7049 7307 7300
f 7049 7300 7024
f 7307 7667 7698
f 7307 7698 7300
f 7667 8069 8101
f 7667 8101 7698
f 8069 8367 8425
f 8069 8425 8101
f 8367 8653 8703
f 8367 8703 8425
f 8653 8993 9029
f 8653 9029 8703
f 8993 9233 9297
f 8993 9297 9029
f 9233 9528 9590
f 9233 9590 9297
f 9528 9792 9893
f 9528 9893 9590
f 9792 10041 10136
f 9792 10136 9893
f 10041 10321 10416
f 10041 10416 10136
f 10321 10543 10633
f 10321 10633 10416
f 10543 10802 10909
f 10543 10909 10633
f 10802 11017 11139
f 10802 11139 10909
f 11017 11254 11401
f 11017 11401 11139
f 11254 11481 11640
f 11254 11640 11401
f 11481 11706 11911
f 11481 11911 11640
f 11706 11953 12164
f 11706 12164 11911
f 11953 12156 12317
f 11953 12317 12164
f 12156 12275 12441
f 12156 12441 12317
f 12275 12396 12557
f 12275 12557 12441
f 12396 12471 12654
f 12396 12654 12557
f 12471 12535 12697
f 12471 12697 12654
f 12535 12565 12740
f 12535 12740 12697
f 12565 12581 12755
f 12565 12755 12740
f 12755 12741 12886
f 12755 12886 12890
f 12741 12698 12866
f 12741 12866 12886
f 12698 12655 12819
f 12698 12819 12866
f 12655 12558 12732
f 12655 12732 12819
f 12558 12442 12616
f 12558 12616 12732
f 12442 12318 12488
f 12442 12488 12616
f 12318 12167 12319
f 12318 12319 12488
f 12167 11914 12143
f 12167 12143 12319
f 11914 11641 11849
f 11914 11849 12143
f 11641 11410 11558
f 11641 11558 11849
f 11410 11140 11296
f 11410 11296 11558
f 11140 10912 11016
f 11140 11016 11296
f 10912 10636 10778
f 10912 10778 11016
f 10636 10417 10507
f 10636 10507 10778
f 10417 10137 10214
f 10417 10214 10507
f 10137 9894 9964
f 10137 9964 10214
f 9894 9599 9665
f 9894 9665 9964
f 9599 9298 9408
f 9599 9408 9665
f 9298 9030 9072
f 9298 9072 9408
f 9030 8704 8743
f 9030 8743 9072
f 8704 8426 8482
f 8704 8482 8743
f 8426 8102 8122
f 8426 8122 8482
f 8102 7699 7712
f 8102 7712 8122
f 7699 7423 7431
f 7699 7431 7712
f 7423 7025 7012
f 7423 7012 7431
f 7025 6622 6602
f 7025 6602 7012
f 6622 6298 6242
f 6622 6242 6602
f 6298 6020 5981
f 6298 5981 6242
f 6020 5694 5652
f 6020 5652 5981
f 5694 5426 5316
f 5694 5316 5652
f 5426 5133 5059
f 5426 5059 5316
f 5133 4830 4764
f 5133 4764 5059
f 4830 4587 4510
f 4830 4510 4764
f 4587 4307 4217
f 4587 4217 4510
f 4307 4090 3950
f 4307 3950 4217
f 4090 3814 3712
f 4090 3712 3950
f 3814 3584 3432
f 3814 3432 3712
f 3584 3322 3178
f 3584 3178 3432
f 3322 3087 2882
f 3322 2882 3178
f 3087 2820 2601
f 3087 2601 2882
f 2820 2577 2421
f 2820 2421 2601
f 2577 2420 2240
f 2577 2240 2421
f 2420 2288 2112
f 2420 2112 2240
f 2288 2170 2000
f 2288 2000 2112
f 2170 2073 1909
f 2170 1909 2000
f 2073 2030 1862
f 2073 1862 1909
f 2030 1987 1842
f 2030 1842 1862
f 1987 1972 1837
f 1987 1837 1842
f 1972 1986 1841
f 1972 1841 1837
f 1986 2029 1861
f 1986 1861 1841
f 2029 2072 1908
f 2029 1908 1861
f 2072 2169 1995
f 2072 1995 1908
f 2169 2287 2111
f 2169 2111 1995
f 2287 2419 2239
f 2287 2239 2111
f 2419 2574 2418
f 2419 2418 2239
f 2574 2817 2598
f 2574 2598 2418
f 2817 3086 2878
f 2817 2878 2598
f 3086 3313 3169
f 3086 3169 2878
f 3313 3583 3431
f 3313 3431 3169
f 3583 3811 3711
f 3583 3711 3431
f 3811 4087 3945
f 3811 3945 3711
f 4087 4306 4216
f 4087 4216 3945
f 4306 4586 4509
f 4306 4509 4216
f 4586 4829 4759
f 4586 4759 4509
f 4829 5124 5058
f 4829 5058 4759
f 5124 5425 5315
f 5124 5315 5058
f 5425 5693 5651
f 5425 5651 5315
f 5693 6019 5980
f 5693 5980 5651
f 6019 6297 6241
f 6019 6241 5980
f 6297 6621 6601
f 6297 6601 6241
f 6621 7024 7011
f 6621 7011 6601
f 7024 7300 7292
f 7024 7292 7011
f 7300 7698 7711
f 7300 7711 7292
f 7698 8101 8121
f 7698 8121 7711
f 8101 8425 8481
f 8101 8481 8121
f 8425 8703 8742
f 8425 8742 8481
f 8703 9029 9071
f 8703 9071 8742
f 9029 9297 9407
f 9029 9407 9071
f 9297 9590 9664
f 9297 9664 9407
f 9590 9893 9959
f 9590 9959 9664
f 9893 10136 10213
f 9893 10213 9959
f 10136 10416 10506
f 10136 10506 10213
f 10416 10633 10773
f 10416 10773 10506
f 10633 10909 11015
f 10633 11015 10773
f 10909 11139 11295
f 10909 11295 11015
f 11139 11401 11549
f 11139 11549 11295
f 11401 11640 11845
f 11401 11845 11549
f 11640 11911 12140
f 11640 12140 11845
f 11911 12164 12316
f 11911 12316 12140
f 12164 12317 12487
f 12164 12487 12316
f 12317 12441 12615
f 12317 12615 12487
f 12441 12557 12727
f 12441 12727 12615
f 12557 12654 12818
f 12557 12818 12727
f 12654 12697 12865
f 12654 12865 12818
f 12697 12740 12885
f 12697 12885 12865
f 12740 12755 12890
f 12740 12890 12885
f 12890 12886 12998
f 12890 12998 13001
f 12886 12866 12974
f 12886 12974 12998
f 12866 12819 12934
f 12866 12934 12974
f 12819 12732 12872
f 12819 12872 12934
f 12732 12616 12792
f 12732 12792 12872
f 12616 12488 12645
f 12616 12645 12792
f 12488 12319 12485
f 12488 12485 12645
f 12319 12143 12290
f 12319 12290 12485
f 12143 11849 12065
f 12143 12065 12290
f 11849 11558 11740
f 11849 11740 12065
f 11558 11296 11431
f 11558 11431 11740
f 11296 11016 11134
f 11296 11134 11431
f 11016 10778 10876
f 11016 10876 11134
f 10778 10507 10574
f 10778 10574 10876
f 10507 10214 10311
f 10507 10311 10574
f 10214 9964 10016
f 10214 10016 10311
f 9964 9665 9712
f 9964 9712 10016
f 9665 9408 9458
f 9665 9458 9712
f 9408 9072 9124
f 9408 9124 9458
f 9072 8743 8774
f 9072 8774 9124
f 8743 8482 8512
f 8743 8512 8774
f 8482 8122 8130
f 8482 8130 8512
f 8122 7712 7720
f 8122 7720 8130
f 7712 7431 7433
f 7712 7433 7720
f 7431 7012 7008
f 7431 7008 7433
f 7012 6602 6598
f 7012 6598 7008
f 6602 6242 6212
f 6602 6212 6598
f 6242 5981 5950
f 6242 5950 6212
f 5981 5652 5602
f 5981 5602 5950
f 5652 5316 5268
f 5652 5268 5602
f 5316 5059 5014
f 5316 5014 5268
f 5059 4764 4708
f 5059 4708 5014
f 4764 4510 4413
f 4764 4413 4708
f 4510 4217 4152
f 4510 4152 4413
f 4217 3950 3848
f 4217 3848 4152
f 3950 3712 3592
f 3950 3592 3848
f 3712 3432 3293
f 3712 3293 3592
f 3432 3178 2988
f 3432 2988 3293
f 3178 2882 2669
f 3178 2669 2988
f 2882 2601 2452
f 2882 2452 2669
f 2601 2421 2243
f 2601 2243 2452
f 2421 2240 2083
f 2421 2083 2243
f 2240 2112 1936
f 2240 1936 2083
f 2112 2000 1856
f 2112 1856 1936
f 2000 1909 1794
f 2000 1794 1856
f 1909 1862 1754
f 1909 1754 1794
f 1862 1842 1730
f 1862 1730 1754
f 1842 1837 1726
f 1842 1726 1730
f 1837 1841 1729
f 1837 1729 1726
f 1841 1861 1753
f 1841 1753 1729
f 1861 1908 1793
f 1861 1793 1753
f 1908 1995 1855
f 1908 1855 1793
f 1995 2111 1935
f 1995 1935 1855
f 2111 2239 2082
f 2111 2082 1935
f 2239 2418 2242
f 2239 2242 2082
f 2418 2598 2447
f 2418 2447 2242
f 2598 2878 2668
f 2598 2668 2447
f 2878 3169 2987
f 2878 2987 2668
f 3169 3431 3292
f 3169 3292 2987
f 3431 3711 3589
f 3431 3589 3292
f 3711 3945 3847
f 3711 3847 3589
f 3945 4216 4149
f 3945 4149 3847
f 4216 4509 4412
f 4216 4412 4149
f 4509 4759 4707
f 4509 4707 4412
f 4759 5058 5011
f 4759 5011 4707
f 5058 5315 5265
f 5058 5265 5011
f 5315 5651 5599
f 5315 5599 5265
f 5651 5980 5949
f 5651 5949 5599
f 5980 6241 6211
f 5980 6211 5949
f 6241 6601 6593
f 6241 6593 6211
f 6601 7011 7003
f 6601 7003 6593
f 7011 7292 7290
f 7011 7290 7003
f 7292 7711 7715
f 7292 7715 7290
f 7711 8121 8125
f 7711 8125 7715
f 8121 8481 8511
f 8121 8511 8125
f 8481 8742 8773
f 8481 8773 8511
f 8742 9071 9121
f 8742 9121 8773
f 9071 9407 9455
f 9071 9455 9121
f 9407 9664 9709
f 9407 9709 9455
f 9664 9959 10015
f 9664 10015 9709
f 9959 10213 10310
f 9959 10310 10015
f 10213 10506 10571
f 10213 10571 10310
f 10506 10773 10875
f 10506 10875 10571
f 10773 11015 11131
f 10773 11131 10875
f 11015 11295 11430
f 11015 11430 11131
f 11295 11549 11739
f 11295 11739 11430
f 11549 11845 12064
f 11549 12064 11739
f 11845 12140 12285
f 11845 12285 12064
f 12140 12316 12484
f 12140 12484 12285
f 12316 12487 12644
f 12316 12644 12484
f 12487 12615 12791
f 12487 12791 12644
f 12615 12727 12871
f 12615 12871 12791
f 12727 12818 12933
f 12727 12933 12871
f 12818 12865 12973
f 12818 12973 12933
f 12865 12885 12997
f 12865 12997 12973
f 12885 12890 13001
f 12885 13001 12997
f 13001 12998 13114
f 13001 13114 13122
f 12998 12974 13088
f 12998 13088 13114
f 12974 12934 13049
f 12974 13049 13088
f 12934 12872 12978
f 12934 12978 13049
f 12872 12792 12904
f 12872 12904 12978
f 12792 12645 12802
f 12792 12802 12904
f 12645 12485 12636
f 12645 12636 12802
f 12485 12290 12433
f 12485 12433 12636
f 12290 12065 12213
f 12290 12213 12433
f 12065 11740 11909
f 12065 11909 12213
f 11740 11431 11574
f 11740 11574 11909
f 11431 11134 11281
f 11431 11281 11574
f 11134 10876 10974
f 11134 10974 11281
f 10876 10574 10675
f 10876 10675 10974
f 10574 10311 10408
f 10574 10408 10675
f 10311 10016 10095
f 10311 10095 10408
f 10016 9712 9771
f 10016 9771 10095
f 9712 9458 9502
f 9712 9502 9771
f 9458 9124 9158
f 9458 9158 9502
f 9124 8774 8823
f 9124 8823 9158
f 8774 8512 8524
f 8774 8524 8823
f 8512 8130 8138
f 8512 8138 8524
f 8130 7720 7728
f 8130 7728 8138
f 7720 7433 7437
f 7720 7437 7728
f 7433 7008 6996
f 7433 6996 7437
f 7008 6598 6586
f 7008 6586 6996
f 6598 6212 6200
f 6598 6200 6586
f 6212 5950 5901
f 6212 5901 6200
f 5950 5602 5566
f 5950 5566 5901
f 5602 5268 5222
f 5602 5222 5566
f 5268 5014 4953
f 5268 4953 5222
f 5014 4708 4633
f 5014 4633 4953
f 4708 4413 4316
f 4708 4316 4633
f 4413 4152 4053
f 4413 4053 4316
f 4152 3848 3754
f 4152 3754 4053
f 3848 3592 3447
f 3848 3447 3754
f 3592 3293 3156
f 3592 3156 3447
f 3293 2988 2827
f 3293 2827 3156
f 2988 2669 2529
f 2988 2529 2827
f 2669 2452 2299
f 2669 2299 2529
f 2452 2243 2092
f 2452 2092 2299
f 2243 2083 1926
f 2243 1926 2092
f 2083 1936 1826
f 2083 1826 1926
f 1936 1856 1750
f 1936 1750 1826
f 1856 1794 1679
f 1856 1679 1750
f 1794 1754 1640
f 1794 1640 1679
f 1754 1730 1614
f 1754 1614 1640
f 1730 1726 1605
f 1730 1605 1614
f 1726 1729 1613
f 1726 1613 1605
f 1729 1753 1639
f 1729 1639 1613
f 1753 1793 1678
f 1753 1678 1639
f 1793 1855 1749
f 1793 1749 1678
f 1855 1935 1823
f 1855 1823 1749
f 1935 2082 1925
f 1935 1925 1823
f 2082 2242 2091
f 2082 2091 1925
f 2242 2447 2296
f 2242 2296 2091
f 2447 2668 2528
f 2447 2528 2296
f 2668 2987 2822
f 2668 2822 2528
f 2987 3292 3153
f 2987 3153 2822
f 3292 3589 3446
f 3292 3446 3153
f 3589 3847 3753
f 3589 3753 3446
f 3847 4149 4052
f 3847 4052 3753
f 4149 4412 4315
f 4149 4315 4052
f 4412 4707 4628
f 4412 4628 4315
f 4707 5011 4952
f 4707 4952 4628
f 5011 5265 5221
f 5011 5221 4952
f 5265 5599 5565
f 5265 5565 5221
f 5599 5949 5900
f 5599 5900 5565
f 5949 6211 6199
f 5949 6199 5900
f 6211 6593 6585
f 6211 6585 6199
f 6593 7003 6995
f 6593 6995 6585
f 7003 7290 7286
f 7003 7286 6995
f 7290 7715 7727
f 7290 7727 7286
f 7715 8125 8137
f 7715 8137 7727
f 8125 8511 8523
f 8125 8523 8137
f 8511 8773 8822
f 8511 8822 8523
f 8773 9121 9157
f 8773 9157 8822
f 9121 9455 9501
f 9121 9501 9157
f 9455 9709 9770
f 9455 9770 9501
f 9709 10015 10090
f 9709 10090 9770
f 10015 10310 10407
f 10015 10407 10090
f 10310 10571 10674
f 10310 10674 10407
f 10571 10875 10973
f 10571 10973 10674
f 10875 11131 11280
f 10875 11280 10973
f 11131 11430 11571
f 11131 11571 11280
f 11430 11739 11904
f 11430 11904 11571
f 11739 12064 12212
f 11739 12212 11904
f 12064 12285 12430
f 12064 12430 12212
f 12285 12484 12635
f 12285 12635 12430
f 12484 12644 12801
f 12484 12801 12635
f 12644 12791 12901
f 12644 12901 12801
f 12791 12871 12977
f 12791 12977 12901
f 12871 12933 13048
f 12871 13048 12977
f 12933 12973 13087
f 12933 13087 13048
f 12973 12997 13113
f 12973 13113 13087
f 12997 13001 13122
f 12997 13122 13113
f 13122 13114 13225
f 13122 13225 13228
f 13114 13088 13197
f 13114 13197 13225
f 13088 13049 13150
f 13088 13150 13197
f 13049 12978 13092
f 13049 13092 13150
f 12978 12904 13003
f 12978 13003 13092
f 12904 12802 12919
f 12904 12919 13003
f 12802 12636 12794
f 12802 12794 12919
f 12636 12433 12590
f 12636 12590 12794
f 12433 12213 12359
f 12433 12359 12590
f 12213 11909 12117
f 12213 12117 12359
f 11909 11574 11753
f 11909 11753 12117
f 11574 11281 11400
f 11574 11400 11753
f 11281 10974 11080
f 11281 11080 11400
f 10974 10675 10784
f 10974 10784 11080
f 10675 10408 10476
f 10675 10476 10784
f 10408 10095 10166
f 10408 10166 10476
f 10095 9771 9876
f 10095 9876 10166
f 9771 9502 9536
f 9771 9536 9876
f 9502 9158 9189
f 9502 9189 9536
f 9158 8823 8876
f 9158 8876 9189
f 8823 8524 8544
f 8823 8544 8876
f 8524 8138 8142
f 8524 8142 8544
f 8138 7728 7732
f 8138 7732 8142
f 7728 7437 7439
f 7728 7439 7732
f 7437 6996 6992
f 7437 6992 7439
f 6996 6586 6582
f 6996 6582 6992
f 6586 6200 6182
f 6586 6182 6582
f 6200 5901 5848
f 6200 5848 6182
f 5901 5566 5535
f 5901 5535 5848
f 5566 5222 5196
f 5566 5196 5535
f 5222 4953 4848
f 5222 4848 5196
f 4953 4633 4558
f 4953 4558 4848
f 4633 4316 4248
f 4633 4248 4558
f 4316 4053 3942
f 4316 3942 4248
f 4053 3754 3648
f 4053 3648 3942
f 3754 3447 3326
f 3754 3326 3648
f 3447 3156 2977
f 3447 2977 3326
f 3156 2827 2627
f 3156 2627 2977
f 2827 2529 2375
f 2827 2375 2627
f 2529 2299 2138
f 2529 2138 2375
f 2299 2092 1934
f 2299 1934 2138
f 2092 1926 1809
f 2092 1809 1934
f 1926 1826 1725
f 1926 1725 1809
f 1826 1750 1636
f 1826 1636 1725
f 1750 1679 1578
f 1750 1578 1636
f 1679 1640 1531
f 1679 1531 1578
f 1640 1614 1503
f 1640 1503 1531
f 1614 1605 1499
f 1614 1499 1503
f 1605 1613 1502
f 1605 1502 1499
f 1613 1639 1530
f 1613 1530 1502
f 1639 1678 1577
f 1639 1577 1530
f 1678 1749 1635
f 1678 1635 1577
f 1749 1823 1724
f 1749 1724 1635
f 1823 1925 1808
f 1823 1808 1724
f 1925 2091 1933
f 1925 1933 1808
f 2091 2296 2137
f 2091 2137 1933
f 2296 2528 2374
f 2296 2374 2137
f 2528 2822 2624
f 2528 2624 2374
f 2822 3153 2974
f 2822 2974 2624
f 3153 3446 3323
f 3153 3323 2974
f 3446 3753 3643
f 3446 3643 3323
f 3753 4052 3939
f 3753 3939 3643
f 4052 4315 4247
f 4052 4247 3939
f 4315 4628 4557
f 4315 4557 4247
f 4628 4952 4847
f 4628 4847 4557
f 4952 5221 5187
f 4952 5187 4847
f 5221 5565 5534
f 5221 5534 5187
f 5565 5900 5847
f 5565 5847 5534
f 5900 6199 6179
f 5900 6179 5847
f 6199 6585 6581
f 6199 6581 6179
f 6585 6995 6991
f 6585 6991 6581
f 6995 7286 7284
f 6995 7284 6991
f 7286 7727 7731
f 7286 7731 7284
f 7727 8137 8141
f 7727 8141 7731
f 8137 8523 8541
f 8137 8541 8141
f 8523 8822 8875
f 8523 8875 8541
f 8822 9157 9188
f 8822 9188 8875
f 9157 9501 9527
f 9157 9527 9188
f 9501 9770 9875
f 9501 9875 9527
f 9770 10090 10165
f 9770 10165 9875
f 10090 10407 10475
f 10090 10475 10165
f 10407 10674 10781
f 10407 10781 10475
f 10674 10973 11075
f 10674 11075 10781
f 10973 11280 11397
f 10973 11397 11075
f 11280 11571 11750
f 11280 11750 11397
f 11571 11904 12114
f 11571 12114 11750
f 11904 12212 12358
f 11904 12358 12114
f 12212 12430 12589
f 12212 12589 12358
f 12430 12635 12793
f 12430 12793 12589
f 12635 12801 12918
f 12635 12918 12793
f 12801 12901 13002
f 12801 13002 12918
f 12901 12977 13091
f 12901 13091 13002
f 12977 13048 13149
f 12977 13149 13091
f 13048 13087 13196
f 13048 13196 13149
f 13087 13113 13224
f 13087 13224 13196
f 13113 13122 13228
f 13113 13228 13224
f 13228 13225 13328
f 13228 13328 13335
f 13225 13197 13314
f 13225 13314 13328
f 13197 13150 13257
f 13197 13257 13314
f 13150 13092 13198
f 13150 13198 13257
f 13092 13003 13115
f 13092 13115 13198
f 13003 12919 13006
f 13003 13006 13115
f 12919 12794 12894
f 12919 12894 13006
f 12794 12590 12734
f 12794 12734 12894
f 12590 12359 12504
f 12590 12504 12734
f 12359 12117 12253
f 12359 12253 12504
f 12117 11753 11900
f 12117 11900 12253
f 11753 11400 11523
f 11753 11523 11900
f 11400 11080 11188
f 11400 11188 11523
f 11080 10784 10878
f 11080 10878 11188
f 10784 10476 10542
f 10784 10542 10878
f 10476 10166 10223
f 10476 10223 10542
f 10166 9876 9940
f 10166 9940 10223
f 9876 9536 9578
f 9876 9578 9940
f 9536 9189 9228
f 9536 9228 9578
f 9189 8876 8934
f 9189 8934 9228
f 8876 8544 8560
f 8876 8560 8934
f 8544 8142 8158
f 8544 8158 8560
f 8142 7732 7744
f 8142 7744 8158
f 7732 7439 7441
f 7732 7441 7744
f 7439 6992 6980
f 7439 6980 7441
f 6992 6582 6566
f 6992 6566 6980
f 6582 6182 6164
f 6582 6164 6566
f 6182 5848 5790
f 6182 5790 6164
f 5848 5535 5496
f 5848 5496 5790
f 5535 5196 5150
f 5535 5150 5496
f 5196 4848 4784
f 5196 4784 5150
f 4848 4558 4501
f 4848 4501 4784
f 4558 4248 4182
f 4558 4182 4501
f 4248 3942 3846
f 4248 3846 4182
f 3942 3648 3536
f 3942 3536 3846
f 3648 3326 3205
f 3648 3205 3536
f 3326 2977 2832
f 3326 2832 3205
f 2977 2627 2485
f 2977 2485 2832
f 2627 2375 2224
f 2627 2224 2485
f 2375 2138 1994
f 2375 1994 2224
f 2138 1934 1834
f 2138 1834 1994
f 1934 1809 1722
f 1934 1722 1834
f 1809 1725 1615
f 1809 1615 1722
f 1725 1636 1532
f 1725 1532 1615
f 1636 1578 1471
f 1636 1471 1532
f 1578 1531 1414
f 1578 1414 1471
f 1531 1503 1400
f 1531 1400 1414
f 1503 1499 1392
f 1503 1392 1400
f 1499 1502 1399
f 1499 1399 1392
f 1502 1530 1413
f 1502 1413 1399
f 1530 1577 1470
f 1530 1470 1413
f 1577 1635 1529
f 1577 1529 1470
f 1635 1724 1612
f 1635 1612 1529
f 1724 1808 1721
f 1724 1721 1612
f 1808 1933 1833
f 1808 1833 1721
f 1933 2137 1993
f 1933 1993 1833
f 2137 2374 2223
f 2137 2223 1993
f 2374 2624 2484
f 2374 2484 2223
f 2624 2974 2831
f 2624 2831 2484
f 2974 3323 3204
f 2974 3204 2831
f 3323 3643 3535
f 3323 3535 3204
f 3643 3939 3845
f 3643 3845 3535
f 3939 4247 4181
f 3939 4181 3845
f 4247 4557 4500
f 4247 4500 4181
f 4557 4847 4783
f 4557 4783 4500
f 4847 5187 5145
f 4847 5145 4783
f 5187 5534 5495
f 5187 5495 5145
f 5534 5847 5789
f 5534 5789 5495
f 5847 6179 6163
f 5847 6163 5789
f 6179 6581 6565
f 6179 6565 6163
f 6581 6991 6979
f 6581 6979 6565
f 6991 7284 7282
f 6991 7282 6979
f 7284 7731 7743
f 7284 7743 7282
f 7731 8141 8157
f 7731 8157 7743
f 8141 8541 8559
f 8141 8559 8157
f 8541 8875 8933
f 8541 8933 8559
f 8875 9188 9227
f 8875 9227 8933
f 9188 9527 9573
f 9188 9573 9227
f 9527 9875 9939
f 9527 9939 9573
f 9875 10165 10222
f 9875 10222 9939
f 10165 10475 10541
f 10165 10541 10222
f 10475 10781 10877
f 10475 10877 10541
f 10781 11075 11187
f 10781 11187 10877
f 11075 11397 11522
f 11075 11522 11187
f 11397 11750 11895
f 11397 11895 11522
f 11750 12114 12252
f 11750 12252 11895
f 12114 12358 12503
f 12114 12503 12252
f 12358 12589 12733
f 12358 12733 12503
f 12589 12793 12893
f 12589 12893 12733
f 12793 12918 13005
f 12793 13005 12893
f 12918 13002 13112
f 12918 13112 13005
f 13002 13091 13195
f 13002 13195 13112
f 13091 13149 13256
f 13091 13256 13195
f 13149 13196 13313
f 13149 13313 13256
f 13196 13224 13327
f 13196 13327 13313
f 13224 13228 13335
f 13224 13335 13327
f 13335 13328 13443
f 13335 13443 13461
f 13328 13314 13406
f 13328 13406 13443
f 13314 13257 13363
f 13314 13363 13406
f 13257 13198 13298
f 13257 13298 13363
f 13198 13115 13220
f 13198 13220 13298
f 13115 13006 13116
f 13115 13116 13220
f 13006 12894 12992
f 13006 12992 13116
f 12894 12734 12858
f 12894 12858 12992
f 12734 12504 12646
f 12734 12646 12858
f 12504 12253 12387
f 12504 12387 12646
f 12253 11900 12098
f 12253 12098 12387
f 11900 11523 11652
f 11900 11652 12098
f 11523 11188 11312
f 11523 11312 11652
f 11188 10878 10970
f 11188 10970 11312
f 10878 10542 10614
f 10878 10614 10970
f 10542 10223 10312
f 10542 10312 10614
f 10223 9940 9984
f 10223 9984 10312
f 9940 9578 9646
f 9940 9646 9984
f 9578 9228 9281
f 9578 9281 9646
f 9228 8934 8973
f 9228 8973 9281
f 8934 8560 8594
f 8934 8594 8973
f 8560 8158 8174
f 8560 8174 8594
f 8158 7744 7764
f 8158 7764 8174
f 7744 7441 7445
f 7744 7445 7764
f 7441 6980 6960
f 7441 6960 7445
f 6980 6566 6550
f 6980 6550 6960
f 6566 6164 6130
f 6566 6130 6550
f 6164 5790 5751
f 6164 5751 6130
f 5790 5496 5445
f 5790 5445 5751
f 5496 5150 5078
f 5496 5078 5445
f 5150 4784 4740
f 5150 4740 5078
f 4784 4501 4414
f 4784 4414 4740
f 4501 4182 4110
f 4501 4110 4414
f 4182 3846 3758
f 4182 3758 4110
f 3846 3536 3420
f 3846 3420 3758
f 3536 3205 3076
f 3536 3076 3420
f 3205 2832 2640
f 3205 2640 3076
f 2832 2485 2353
f 2832 2353 2640
f 2485 2224 2084
f 2485 2084 2353
f 2224 1994 1870
f 2224 1870 2084
f 1994 1834 1736
f 1994 1736 1870
f 1834 1722 1616
f 1834 1616 1736
f 1722 1615 1508
f 1722 1508 1616
f 1615 1532 1430
f 1615 1430 1508
f 1532 1471 1365
f 1532 1365 1430
f 1471 1414 1322
f 1471 1322 1365
f 1414 1400 1285
f 1414 1285 1322
f 1400 1392 1266
f 1400 1266 1285
f 1392 1399 1284
f 1392 1284 1266
f 1399 1413 1321
f 1399 1321 1284
f 1413 1470 1364
f 1413 1364 1321
f 1470 1529 1429
f 1470 1429 1364
f 1529 1612 1507
f 1529 1507 1429
f 1612 1721 1611
f 1612 1611 1507
f 1721 1833 1735
f 1721 1735 1611
f 1833 1993 1869
f 1833 1869 1735
f 1993 2223 2081
f 1993 2081 1869
f 2223 2484 2346
f 2223 2346 2081
f 2484 2831 2639
f 2484 2639 2346
f 2831 3204 3075
f 2831 3075 2639
f 3204 3535 3415
f 3204 3415 3075
f 3535 3845 3757
f 3535 3757 3415
f 3845 4181 4109
f 3845 4109 3757
f 4181 4500 4411
f 4181 4411 4109
f 4500 4783 4739
f 4500 4739 4411
f 4783 5145 5077
f 4783 5077 4739
f 5145 5495 5442
f 5145 5442 5077
f 5495 5789 5750
f 5495 5750 5442
f 5789 6163 6129
f 5789 6129 5750
f 6163 6565 6549
f 6163 6549 6129
f 6565 6979 6959
f 6565 6959 6549
f 6979 7282 7278
f 6979 7278 6959
f 7282 7743 7763
f 7282 7763 7278
f 7743 8157 8173
f 7743 8173 7763
f 8157 8559 8593
f 8157 8593 8173
f 8559 8933 8972
f 8559 8972 8593
f 8933 9227 9278
f 8933 9278 8972
f 9227 9573 9645
f 9227 9645 9278
f 9573 9939 9983
f 9573 9983 9645
f 9939 10222 10309
f 9939 10309 9983
f 10222 10541 10613
f 10222 10613 10309
f 10541 10877 10965
f 10541 10965 10613
f 10877 11187 11307
f 10877 11307 10965
f 11187 11522 11651
f 11187 11651 11307
f 11522 11895 12093
f 11522 12093 11651
f 11895 12252 12380
f 11895 12380 12093
f 12252 12503 12643
f 12252 12643 12380
f 12503 12733 12857
f 12503 12857 12643
f 12733 12893 12991
f 12733 12991 12857
f 12893 13005 13111
f 12893 13111 12991
f 13005 13112 13219
f 13005 13219 13111
f 13112 13195 13297
f 13112 13297 13219
f 13195 13256 13362
f 13195 13362 13297
f 13256 13313 13405
f 13256 13405 13362
f 13313 13327 13442
f 13313 13442 13405
f 13327 13335 13461
f 13327 13461 13442
f 13461 13443 13550
f 13461 13550 13560
f 13443 13406 13519
f 13443 13519 13550
f 13406 13363 13467
f 13406 13467 13519
f 13363 13298 13397
f 13363 13397 13467
f 13298 13220 13316
f 13298 13316 13397
f 13220 13116 13214
f 13220 13214 13316
f 13116 12992 13090
f 13116 13090 13214
f 12992 12858 12946
f 12992 12946 13090
f 12858 12646 12781
f 12858 12781 12946
f 12646 12387 12511
f 12646 12511 12781
f 12387 12098 12214
f 12387 12214 12511
f 12098 11652 11818
f 12098 11818 12214
f 11652 11312 11421
f 11652 11421 11818
f 11312 10970 11052
f 11312 11052 11421
f 10970 10614 10723
f 10970 10723 11052
f 10614 10312 10396
f 10614 10396 10723
f 10312 9984 10024
f 10312 10024 10396
f 9984 9646 9680
f 9984 9680 10024
f 9646 9281 9340
f 9646 9340 9680
f 9281 8973 9002
f 9281 9002 9340
f 8973 8594 8610
f 8973 8610 9002
f 8594 8174 8186
f 8594 8186 8610
f 8174 7764 7772
f 8174 7772 8186
f 7764 7445 7447
f 7764 7447 7772
f 7445 6960 6952
f 7445 6952 7447
f 6960 6550 6542
f 6960 6542 6952
f 6550 6130 6116
f 6550 6116 6542
f 6130 5751 5722
f 6130 5722 6116
f 5751 5445 5384
f 5751 5384 5722
f 5445 5078 5044
f 5445 5044 5384
f 5078 4740 4700
f 5078 4700 5044
f 4740 4414 4328
f 4740 4328 4700
f 4414 4110 4007
f 4414 4007 4328
f 4110 3758 3672
f 4110 3672 4007
f 3758 3420 3303
f 3758 3303 3672
f 3420 3076 2912
f 3420 2912 3303
f 3076 2640 2530
f 3076 2530 2912
f 2640 2353 2217
f 2640 2217 2530
f 2353 2084 1948
f 2353 1948 2217
f 2084 1870 1782
f 2084 1782 1948
f 1870 1736 1638
f 1870 1638 1782
f 1736 1616 1514
f 1736 1514 1638
f 1616 1508 1412
f 1616 1412 1514
f 1508 1430 1331
f 1508 1331 1412
f 1430 1365 1261
f 1430 1261 1331
f 1365 1322 1209
f 1365 1209 1261
f 1322 1285 1178
f 1322 1178 1209
f 1285 1266 1167
f 1285 1167 1178
f 1266 1284 1177
f 1266 1177 1167
f 1284 1321 1208
f 1284 1208 1177
f 1321 1364 1260
f 1321 1260 1208
f 1364 1429 1330
f 1364 1330 1260
f 1429 1507 1411
f 1429 1411 1330
f 1507 1611 1513
f 1507 1513 1411
f 1611 1735 1637
f 1611 1637 1513
f 1735 1869 1781
f 1735 1781 1637
f 1869 2081 1946
f 1869 1946 1781
f 2081 2346 2216
f 2081 2216 1946
f 2346 2639 2527
f 2346 2527 2216
f 2639 3075 2909
f 2639 2909 2527
f 3075 3415 3302
f 3075 3302 2909
f 3415 3757 3671
f 3415 3671 3302
f 3757 4109 4004
f 3757 4004 3671
f 4109 4411 4327
f 4109 4327 4004
f 4411 4739 4699
f 4411 4699 4327
f 4739 5077 5043
f 4739 5043 4699
f 5077 5442 5383
f 5077 5383 5043
f 5442 5750 5721
f 5442 5721 5383
f 5750 6129 6113
f 5750 6113 5721
f 6129 6549 6537
f 6129 6537 6113
f 6549 6959 6951
f 6549 6951 6537
f 6959 7278 7276
f 6959 7276 6951
f 7278 7763 7771
f 7278 7771 7276
f 7763 8173 8181
f 7763 8181 7771
f 8173 8593 8607
f 8173 8607 8181
f 8593 8972 9001
f 8593 9001 8607
f 8972 9278 9339
f 8972 9339 9001
f 9278 9645 9679
f 9278 9679 9339
f 9645 9983 10023
f 9645 10023 9679
f 9983 10309 10395
f 9983 10395 10023
f 10309 10613 10720
f 10309 10720 10395
f 10613 10965 11051
f 10613 11051 10720
f 10965 11307 11420
f 10965 11420 11051
f 11307 11651 11815
f 11307 11815 11420
f 11651 12093 12211
f 11651 12211 11815
f 12093 12380 12510
f 12093 12510 12211
f 12380 12643 12779
f 12380 12779 12510
f 12643 12857 12945
f 12643 12945 12779
f 12857 12991 13089
f 12857 13089 12945
f 12991 13111 13213
f 12991 13213 13089
f 13111 13219 13315
f 13111 13315 13213
f 13219 13297 13396
f 13219 13396 13315
f 13297 13362 13466
f 13297 13466 13396
f 13362 13405 13518
f 13362 13518 13466
f 13405 13442 13549
f 13405 13549 13518
f 13442 13461 13560
f 13442 13560 13549
f 13560 13550 13640
f 13560 13640 13647
f 13550 13519 13613
f 13550 13613 13640
f 13519 13467 13571
f 13519 13571 13613
f 13467 13397 13498
f 13467 13498 13571
f 13397 13316 13404
f 13397 13404 13498
f 13316 13214 13309
f 13316 13309 13404
f 13214 13090 13176
f 13214 13176 13309
f 13090 12946 13039
f 13090 13039 13176
f 12946 12781 12874
f 12946 12874 13039
f 12781 12511 12638
f 12781 12638 12874
f 12511 12214 12341
f 12511 12341 12638
f 12214 11818 11987
f 12214 11987 12341
f 11818 11421 11524
f 11818 11524 11987
f 11421 11052 11137
f 11421 11137 11524
f 11052 10723 10812
f 11052 10812 11137
f 10723 10396 10460
f 10723 10460 10812
f 10396 10024 10096
f 10396 10096 10460
f 10024 9680 9722
f 10024 9722 10096
f 9680 9340 9419
f 9680 9419 9722
f 9340 9002 9022
f 9340 9022 9419
f 9002 8610 8626
f 9002 8626 9022
f 8610 8186 8194
f 8610 8194 8626
f 8186 7772 7780
f 8186 7780 8194
f 7772 7447 7451
f 7772 7451 7780
f 7447 6952 6944
f 7447 6944 7451
f 6952 6542 6530
f 6952 6530 6944
f 6542 6116 6098
f 6542 6098 6530
f 6116 5722 5706
f 6116 5706 6098
f 5722 5384 5307
f 5722 5307 5706
f 5384 5044 5002
f 5384 5002 5307
f 5044 4700 4634
f 5044 4634 5002
f 4700 4328 4272
f 4700 4272 4634
f 4328 4007 3922
f 4328 3922 4272
f 4007 3672 3587
f 4007 3587 3922
f 3672 3303 3206
f 3672 3206 3587
f 3303 2912 2747
f 3303 2747 3206
f 2912 2530 2397
f 2912 2397 2747
f 2530 2217 2090
f 2530 2090 2397
f 2217 1948 1854
f 2217 1854 2090
f 1948 1782 1689
f 1948 1689 1854
f 1782 1638 1552
f 1782 1552 1689
f 1638 1514 1419
f 1638 1419 1552
f 1514 1412 1324
f 1514 1324 1419
f 1412 1331 1230
f 1412 1230 1324
f 1331 1261 1157
f 1331 1157 1230
f 1261 1209 1115
f 1261 1115 1157
f 1209 1178 1088
f 1209 1088 1115
f 1178 1167 1080
f 1178 1080 1088
f 1167 1177 1087
f 1167 1087 1080
f 1177 1208 1114
f 1177 1114 1087
f 1208 1260 1156
f 1208 1156 1114
f 1260 1330 1229
f 1260 1229 1156
f 1330 1411 1323
f 1330 1323 1229
f 1411 1513 1418
f 1411 1418 1323
f 1513 1637 1551
f 1513 1551 1418
f 1637 1781 1688
f 1637 1688 1551
f 1781 1946 1853
f 1781 1853 1688
f 1946 2216 2089
f 1946 2089 1853
f 2216 2527 2396
f 2216 2396 2089
f 2527 2909 2746
f 2527 2746 2396
f 2909 3302 3203
f 2909 3203 2746
f 3302 3671 3586
f 3302 3586 3203
f 3671 4004 3911
f 3671 3911 3586
f 4004 4327 4263
f 4004 4263 3911
f 4327 4699 4627
f 4327 4627 4263
f 4699 5043 5001
f 4699 5001 4627
f 5043 5383 5304
f 5043 5304 5001
f 5383 5721 5701
f 5383 5701 5304
f 5721 6113 6097
f 5721 6097 5701
f 6113 6537 6529
f 6113 6529 6097
f 6537 6951 6943
f 6537 6943 6529
f 6951 7276 7272
f 6951 7272 6943
f 7276 7771 7779
f 7276 7779 7272
f 7771 8181 8193
f 7771 8193 7779
f 8181 8607 8625
f 8181 8625 8193
f 8607 9001 9017
f 8607 9017 8625
f 9001 9339 9416
f 9001 9416 9017
f 9339 9679 9721
f 9339 9721 9416
f 9679 10023 10089
f 9679 10089 9721
f 10023 10395 10451
f 10023 10451 10089
f 10395 10720 10801
f 10395 10801 10451
f 10720 11051 11136
f 10720 11136 10801
f 11051 11420 11521
f 11051 11521 11136
f 11420 11815 11986
f 11420 11986 11521
f 11815 12211 12340
f 11815 12340 11986
f 12211 12510 12637
f 12211 12637 12340
f 12510 12779 12873
f 12510 12873 12637
f 12779 12945 13038
f 12779 13038 12873
f 12945 13089 13175
f 12945 13175 13038
f 13089 13213 13308
f 13089 13308 13175
f 13213 13315 13403
f 13213 13403 13308
f 13315 13396 13497
f 13315 13497 13403
f 13396 13466 13570
f 13396 13570 13497
f 13466 13518 13612
f 13466 13612 13570
f 13518 13549 13639
f 13518 13639 13612
f 13549 13560 13647
f 13549 13647 13639
f 13647 13640 13744
f 13647 13744 13755
f 13640 13613 13717
f 13640 13717 13744
f 13613 13571 13659
f 13613 13659 13717
f 13571 13498 13599
f 13571 13599 13659
f 13498 13404 13503
f 13498 13503 13599
f 13404 13309 13389
f 13404 13389 13503
f 13309 13176 13265
f 13309 13265 13389
f 13176 13039 13126
f 13176 13126 13265
f 13039 12874 12957
f 13039 12957 13126
f 12874 12638 12754
f 12874 12754 12957
f 12638 12341 12446
f 12638 12446 12754
f 12341 11987 12130
f 12341 12130 12446
f 11987 11524 11638
f 11987 11638 12130
f 11524 11137 11240
f 11524 11240 11638
f 11137 10812 10882
f 11137 10882 11240
f 10812 10460 10516
f 10812 10516 10882
f 10460 10096 10151
f 10460 10151 10516
f 10096 9722 9768
f 10096 9768 10151
f 9722 9419 9445
f 9722 9445 9768
f 9419 9022 9060
f 9419 9060 9445
f 9022 8626 8644
f 9022 8644 9060
f 8626 8194 8214
f 8626 8214 8644
f 8194 7780 7791
f 8194 7791 8214
f 7780 7451 7454
f 7780 7454 7791
f 7451 6944 6933
f 7451 6933 7454
f 6944 6530 6512
f 6944 6512 6933
f 6530 6098 6080
f 6530 6080 6512
f 6098 5706 5664
f 6098 5664 6080
f 5706 5307 5279
f 5706 5279 5664
f 5307 5002 4956
f 5307 4956 5279
f 5002 4634 4575
f 5002 4575 4956
f 4634 4272 4208
f 4634 4208 4575
f 4272 3922 3844
f 4272 3844 4208
f 3922 3587 3490
f 3922 3490 3844
f 3587 3206 3098
f 3587 3098 3490
f 3206 2747 2615
f 3206 2615 3098
f 2747 2397 2284
f 2747 2284 2615
f 2397 2090 1974
f 2397 1974 2284
f 2090 1854 1771
f 2090 1771 1974
f 1854 1689 1602
f 1854 1602 1771
f 1689 1552 1463
f 1689 1463 1602
f 1552 1419 1341
f 1552 1341 1463
f 1419 1324 1225
f 1419 1225 1341
f 1324 1230 1129
f 1324 1129 1225
f 1230 1157 1069
f 1230 1069 1129
f 1157 1115 1011
f 1157 1011 1069
f 1115 1088 984
f 1115 984 1011
f 1088 1080 972
f 1088 972 984
f 1080 1087 983
f 1080 983 972
f 1087 1114 1010
f 1087 1010 983
f 1114 1156 1068
f 1114 1068 1010
f 1156 1229 1128
f 1156 1128 1068
f 1229 1323 1224
f 1229 1224 1128
f 1323 1418 1338
f 1323 1338 1224
f 1418 1551 1462
f 1418 1462 1338
f 1551 1688 1601
f 1551 1601 1462
f 1688 1853 1770
f 1688 1770 1601
f 1853 2089 1973
f 1853 1973 1770
f 2089 2396 2283
f 2089 2283 1973
f 2396 2746 2611
f 2396 2611 2283
f 2746 3203 3089
f 2746 3089 2611
f 3203 3586 3487
f 3203 3487 3089
f 3586 3911 3841
f 3586 3841 3487
f 3911 4263 4207
f 3911 4207 3841
f 4263 4627 4572
f 4263 4572 4207
f 4627 5001 4955
f 4627 4955 4572
f 5001 5304 5278
f 5001 5278 4955
f 5304 5701 5663
f 5304 5663 5278
f 5701 6097 6079
f 5701 6079 5663
f 6097 6529 6509
f 6097 6509 6079
f 6529 6943 6932
f 6529 6932 6509
f 6943 7272 7269
f 6943 7269 6932
f 7272 7779 7790
f 7272 7790 7269
f 7779 8193 8211
f 7779 8211 7790
f 8193 8625 8643
f 8193 8643 8211
f 8625 9017 9059
f 8625 9059 8643
f 9017 9416 9444
f 9017 9444 9059
f 9416 9721 9767
f 9416 9767 9444
f 9721 10089 10148
f 9721 10148 9767
f 10089 10451 10515
f 10089 10515 10148
f 10451 10801 10879
f 10451 10879 10515
f 10801 11136 11237
f 10801 11237 10879
f 11136 11521 11629
f 11136 11629 11237
f 11521 11986 12126
f 11521 12126 11629
f 11986 12340 12445
f 11986 12445 12126
f 12340 12637 12753
f 12340 12753 12445
f 12637 12873 12956
f 12637 12956 12753
f 12873 13038 13125
f 12873 13125 12956
f 13038 13175 13264
f 13038 13264 13125
f 13175 13308 13386
f 13175 13386 13264
f 13308 13403 13502
f 13308 13502 13386
f 13403 13497 13598
f 13403 13598 13502
f 13497 13570 13658
f 13497 13658 13598
f 13570 13612 13716
f 13570 13716 13658
f 13612 13639 13743
f 13612 13743 13716
f 13639 13647 13755
f 13639 13755 13743
f 13755 13744 13824
f 13755 13824 13844
f 13744 13717 13804
f 13744 13804 13824
f 13717 13659 13764
f 13717 13764 13804
f 13659 13599 13681
f 13659 13681 13764
f 13599 13503 13600
f 13599 13600 13681
f 13503 13389 13485
f 13503 13485 13600
f 13389 13265 13347
f 13389 13347 13485
f 13265 13126 13207
f 13265 13207 13347
f 13126 12957 13041
f 13126 13041 13207
f 12957 12754 12856
f 12957 12856 13041
f 12754 12446 12560
f 12754 12560 12856
f 12446 12130 12234
f 12446 12234 12560
f 12130 11638 11776
f 12130 11776 12234
f 11638 11240 11342
f 11638 11342 11776
f 11240 10882 10946
f 11240 10946 11342
f 10882 10516 10556
f 10882 10556 10946
f 10516 10151 10198
f 10516 10198 10556
f 10151 9768 9864
f 10151 9864 10198
f 9768 9445 9480
f 9768 9480 9864
f 9445 9060 9076
f 9445 9076 9480
f 9060 8644 8650
f 9060 8650 9076
f 8644 8214 8224
f 8644 8224 8650
f 8214 7791 7796
f 8214 7796 8224
f 7791 7454 7456
f 7791 7456 7796
f 7454 6933 6928
f 7454 6928 7456
f 6933 6512 6502
f 6933 6502 6928
f 6512 6080 6074
f 6512 6074 6502
f 6080 5664 5650
f 6080 5650 6074
f 5664 5279 5244
f 5664 5244 5650
f 5279 4956 4860
f 5279 4860 5244
f 4956 4575 4526
f 4956 4526 4860
f 4575 4208 4168
f 4575 4168 4526
f 4208 3844 3782
f 4208 3782 4168
f 3844 3490 3386
f 3844 3386 3782
f 3490 3098 2954
f 3490 2954 3386
f 3098 2615 2504
f 3098 2504 2954
f 2615 2284 2168
f 2615 2168 2504
f 2284 1974 1876
f 2284 1876 2168
f 1974 1771 1687
f 1974 1687 1876
f 1771 1602 1521
f 1771 1521 1687
f 1602 1463 1381
f 1602 1381 1521
f 1463 1341 1245
f 1463 1245 1381
f 1341 1225 1130
f 1341 1130 1245
f 1225 1129 1047
f 1225 1047 1130
f 1129 1069 964
f 1129 964 1047
f 1069 1011 924
f 1069 924 964
f 1011 984 904
f 1011 904 924
f 984 972 883
f 984 883 904
f 972 983 903
f 972 903 883
f 983 1010 923
f 983 923 903
f 1010 1068 963
f 1010 963 923
f 1068 1128 1046
f 1068 1046 963
f 1128 1224 1127
f 1128 1127 1046
f 1224 1338 1242
f 1224 1242 1127
f 1338 1462 1380
f 1338 1380 1242
f 1462 1601 1520
f 1462 1520 1380
f 1601 1770 1686
f 1601 1686 1520
f 1770 1973 1871
f 1770 1871 1686
f 1973 2283 2167
f 1973 2167 1871
f 2283 2611 2503
f 2283 2503 2167
f 2611 3089 2951
f 2611 2951 2503
f 3089 3487 3385
f 3089 3385 2951
f 3487 3841 3777
f 3487 3777 3385
f 3841 4207 4167
f 3841 4167 3777
f 4207 4572 4525
f 4207 4525 4167
f 4572 4955 4859
f 4572 4859 4525
f 4955 5278 5243
f 4955 5243 4859
f 5278 5663 5647
f 5278 5647 5243
f 5663 6079 6073
f 5663 6073 5647
f 6079 6509 6499
f 6079 6499 6073
f 6509 6932 6927
f 6509 6927 6499
f 6932 7269 7267
f 6932 7267 6927
f 7269 7790 7795
f 7269 7795 7267
f 7790 8211 8221
f 7790 8221 7795
f 8211 8643 8649
f 8211 8649 8221
f 8643 9059 9073
f 8643 9073 8649
f 9059 9444 9479
f 9059 9479 9073
f 9444 9767 9863
f 9444 9863 9479
f 9767 10148 10197
f 9767 10197 9863
f 10148 10515 10555
f 10148 10555 10197
f 10515 10879 10941
f 10515 10941 10555
f 10879 11237 11341
f 10879 11341 10941
f 11237 11629 11773
f 11237 11773 11341
f 11629 12126 12233
f 11629 12233 11773
f 12126 12445 12559
f 12126 12559 12233
f 12445 12753 12851
f 12445 12851 12559
f 12753 12956 13040
f 12753 13040 12851
f 12956 13125 13206
f 12956 13206 13040
f 13125 13264 13346
f 13125 13346 13206
f 13264 13386 13482
f 13264 13482 13346
f 13386 13502 13597
f 13386 13597 13482
f 13502 13598 13680
f 13502 13680 13597
f 13598 13658 13763
f 13598 13763 13680
f 13658 13716 13803
f 13658 13803 13763
f 13716 13743 13823
f 13716 13823 13803
f 13743 13755 13844
f 13743 13844 13823
f 13844 13824 13924
f 13844 13924 13936
f 13824 13804 13885
f 13824 13885 13924
f 13804 13764 13843
f 13804 13843 13885
f 13764 13681 13779
f 13764 13779 13843
f 13681 13600 13675
f 13681 13675 13779
f 13600 13485 13575
f 13600 13575 13675
f 13485 13347 13434
f 13485 13434 13575
f 13347 13207 13286
f 13347 13286 13434
f 13207 13041 13118
f 13207 13118 13286
f 13041 12856 12924
f 13041 12924 13118
f 12856 12560 12674
f 12856 12674 12924
f 12560 12234 12329
f 12560 12329 12674
f 12234 11776 11889
f 12234 11889 12329
f 11776 11342 11432
f 11776 11432 11889
f 11342 10946 11010
f 11342 11010 11432
f 10946 10556 10615
f 10946 10615 11010
f 10556 10198 10251
f 10556 10251 10615
f 10198 9864 9900
f 10198 9900 10251
f 9864 9480 9508
f 9864 9508 9900
f 9480 9076 9118
f 9480 9118 9508
f 9076 8650 8690
f 9076 8690 9118
f 8650 8224 8250
f 8650 8250 8690
f 8224 7796 7814
f 8224 7814 8250
f 7796 7456 7460
f 7796 7460 7814
f 7456 6928 6918
f 7456 6918 7460
f 6928 6502 6476
f 6928 6476 6918
f 6502 6074 6034
f 6502 6034 6476
f 6074 5650 5612
f 6074 5612 6034
f 5650 5244 5216
f 5650 5216 5612
f 5244 4860 4824
f 5244 4824 5216
f 4860 4526 4473
f 4860 4473 4824
f 4526 4168 4111
f 4526 4111 4473
f 4168 3782 3718
f 4168 3718 4111
f 3782 3386 3294
f 3782 3294 3718
f 3386 2954 2841
f 3386 2841 3294
f 2954 2504 2411
f 2954 2411 2841
f 2504 2168 2054
f 2504 2054 2411
f 2168 1876 1804
f 2168 1804 2054
f 1876 1687 1610
f 1876 1610 1804
f 1687 1521 1447
f 1687 1447 1610
f 1521 1381 1298
f 1521 1298 1447
f 1381 1245 1155
f 1381 1155 1298
f 1245 1130 1053
f 1245 1053 1155
f 1130 1047 949
f 1130 949 1053
f 1047 964 885
f 1047 885 949
f 964 924 843
f 964 843 885
f 924 904 804
f 924 804 843
f 904 883 791
f 904 791 804
f 883 903 803
f 883 803 791
f 903 923 842
f 903 842 803
f 923 963 884
f 923 884 842
f 963 1046 948
f 963 948 884
f 1046 1127 1052
f 1046 1052 948
f 1127 1242 1152
f 1127 1152 1052
f 1242 1380 1293
f 1242 1293 1152
f 1380 1520 1441
f 1380 1441 1293
f 1520 1686 1609
f 1520 1609 1441
f 1686 1871 1803
f 1686 1803 1609
f 1871 2167 2053
f 1871 2053 1803
f 2167 2503 2408
f 2167 2408 2053
f 2503 2951 2838
f 2503 2838 2408
f 2951 3385 3291
f 2951 3291 2838
f 3385 3777 3717
f 3385 3717 3291
f 3777 4167 4108
f 3777 4108 3717
f 4167 4525 4472
f 4167 4472 4108
f 4525 4859 4823
f 4525 4823 4472
f 4859 5243 5215
f 4859 5215 4823
f 5243 5647 5605
f 5243 5605 5215
f 5647 6073 6033
f 5647 6033 5605
f 6073 6499 6473
f 6073 6473 6033
f 6499 6927 6909
f 6499 6909 6473
f 6927 7267 7263
f 6927 7263 6909
f 7267 7795 7805
f 7267 7805 7263
f 7795 8221 8247
f 7795 8247 7805
f 8221 8649 8689
f 8221 8689 8247
f 8649 9073 9111
f 8649 9111 8689
f 9073 9479 9507
f 9073 9507 9111
f 9479 9863 9899
f 9479 9899 9507
f 9863 10197 10250
f 9863 10250 9899
f 10197 10555 10612
f 10197 10612 10250
f 10555 10941 11009
f 10555 11009 10612
f 10941 11341 11429
f 10941 11429 11009
f 11341 11773 11886
f 11341 11886 11429
f 11773 12233 12326
f 11773 12326 11886
f 12233 12559 12673
f 12233 12673 12326
f 12559 12851 12923
f 12559 12923 12673
f 12851 13040 13117
f 12851 13117 12923
f 13040 13206 13280
f 13040 13280 13117
f 13206 13346 13429
f 13206 13429 13280
f 13346 13482 13572
f 13346 13572 13429
f 13482 13597 13674
f 13482 13674 13572
f 13597 13680 13778
f 13597 13778 13674
f 13680 13763 13842
f 13680 13842 13778
f 13763 13803 13884
f 13763 13884 13842
f 13803 13823 13923
f 13803 13923 13884
f 13823 13844 13936
f 13823 13936 13923
f 13936 13924 14004
f 13936 14004 14011
f 13924 13885 13976
f 13924 13976 14004
f 13885 13843 13927
f 13885 13927 13976
f 13843 13779 13852
f 13843 13852 13927
f 13779 13675 13773
f 13779 13773 13852
f 13675 13575 13645
f 13675 13645 13773
f 13575 13434 13520
f 13575 13520 13645
f 13434 13286 13357
f 13434 13357 13520
f 13286 13118 13193
f 13286 13193 13357
f 13118 12924 12995
f 13118 12995 13193
f 12924 12674 12777
f 12924 12777 12995
f 12674 12329 12418
f 12674 12418 12777
f 12329 11889 12045
f 12329 12045 12418
f 11889 11432 11516
f 11889 11516 12045
f 11432 11010 11087
f 11432 11087 11516
f 11010 10615 10702
f 11010 10702 11087
f 10615 10251 10320
f 10615 10320 10702
f 10251 9900 9950
f 10251 9950 10320
f 9900 9508 9526
f 9900 9526 9950
f 9508 9118 9138
f 9508 9138 9526
f 9118 8690 8716
f 9118 8716 9138
f 8690 8250 8278
f 8690 8278 8716
f 8250 7814 7824
f 8250 7824 8278
f 7814 7460 7463
f 7814 7463 7824
f 7460 6918 6900
f 7460 6900 7463
f 6918 6476 6448
f 6918 6448 6900
f 6476 6034 6016
f 6476 6016 6448
f 6034 5612 5586
f 6034 5586 6016
f 5612 5216 5200
f 5612 5200 5586
f 5216 4824 4774
f 5216 4774 5200
f 4824 4473 4410
f 4824 4410 4774
f 4473 4111 4028
f 4473 4028 4410
f 4111 3718 3639
f 4111 3639 4028
f 3718 3294 3216
f 3718 3216 3639
f 3294 2841 2689
f 3294 2689 3216
f 2841 2411 2316
f 2841 2316 2689
f 2411 2054 1951
f 2411 1951 2316
f 2054 1804 1733
f 2054 1733 1951
f 1804 1610 1535
f 1804 1535 1733
f 1610 1447 1371
f 1610 1371 1535
f 1447 1298 1210
f 1447 1210 1371
f 1298 1155 1083
f 1298 1083 1210
f 1155 1053 959
f 1155 959 1083
f 1053 949 876
f 1053 876 959
f 949 885 801
f 949 801 876
f 885 843 752
f 885 752 801
f 843 804 724
f 843 724 752
f 804 791 716
f 804 716 724
f 791 803 723
f 791 723 716
f 803 842 751
f 803 751 723
f 842 884 800
f 842 800 751
f 884 948 875
f 884 875 800
f 948 1052 954
f 948 954 875
f 1052 1152 1082
f 1052 1082 954
f 1152 1293 1207
f 1152 1207 1082
f 1293 1441 1370
f 1293 1370 1207
f 1441 1609 1534
f 1441 1534 1370
f 1609 1803 1732
f 1609 1732 1534
f 1803 2053 1950
f 1803 1950 1732
f 2053 2408 2315
f 2053 2315 1950
f 2408 2838 2684
f 2408 2684 2315
f 2838 3291 3211
f 2838 3211 2684
f 3291 3717 3636
f 3291 3636 3211
f 3717 4108 4025
f 3717 4025 3636
f 4108 4472 4403
f 4108 4403 4025
f 4472 4823 4773
f 4472 4773 4403
f 4823 5215 5197
f 4823 5197 4773
f 5215 5605 5585
f 5215 5585 5197
f 5605 6033 6007
f 5605 6007 5585
f 6033 6473 6445
f 6033 6445 6007
f 6473 6909 6899
f 6473 6899 6445
f 6909 7263 7260
f 6909 7260 6899
f 7263 7805 7823
f 7263 7823 7260
f 7805 8247 8275
f 7805 8275 7823
f 8247 8689 8707
f 8247 8707 8275
f 8689 9111 9137
f 8689 9137 8707
f 9111 9507 9523
f 9111 9523 9137
f 9507 9899 9949
f 9507 9949 9523
f 9899 10250 10313
f 9899 10313 9949
f 10250 10612 10699
f 10250 10699 10313
f 10612 11009 11084
f 10612 11084 10699
f 11009 11429 11511
f 11009 11511 11084
f 11429 11886 12040
f 11429 12040 11511
f 11886 12326 12417
f 11886 12417 12040
f 12326 12673 12776
f 12326 12776 12417
f 12673 12923 12994
f 12673 12994 12776
f 12923 13117 13192
f 12923 13192 12994
f 13117 13280 13356
f 13117 13356 13192
f 13280 13429 13517
f 13280 13517 13356
f 13429 13572 13644
f 13429 13644 13517
f 13572 13674 13768
f 13572 13768 13644
f 13674 13778 13851
f 13674 13851 13768
f 13778 13842 13926
f 13778 13926 13851
f 13842 13884 13975
f 13842 13975 13926
f 13884 13923 14003
f 13884 14003 13975
f 13923 13936 14011
f 13923 14011 14003
f 14011 14004 14079
f 14011 14079 14088
f 14004 13976 14049
f 14004 14049 14079
f 13976 13927 13997
f 13976 13997 14049
f 13927 13852 13932
f 13927 13932 13997
f 13852 13773 13831
f 13852 13831 13932
f 13773 13645 13725
f 13773 13725 13831
f 13645 13520 13590
f 13645 13590 13725
f 13520 13357 13424
f 13520 13424 13590
f 13357 13193 13254
f 13357 13254 13424
f 13193 12995 13071
f 13193 13071 13254
f 12995 12777 12849
f 12995 12849 13071
f 12777 12418 12520
f 12777 12520 12849
f 12418 12045 12148
f 12418 12148 12520
f 12045 11516 11595
f 12045 11595 12148
f 11516 11087 11145
f 11516 11145 11595
f 11087 10702 10765
f 11087 10765 11145
f 10702 10320 10383
f 10702 10383 10765
f 10320 9950 9974
f 10320 9974 10383
f 9950 9526 9560
f 9950 9560 9974
f 9526 9138 9163
f 9526 9163 9560
f 9138 8716 8739
f 9138 8739 9163
f 8716 8278 8293
f 8716 8293 8739
f 8278 7824 7834
f 8278 7834 8293
f 7824 7463 7466
f 7824 7466 7834
f 7463 6900 6890
f 7463 6890 7466
f 6900 6448 6431
f 6900 6431 6890
f 6448 6016 5985
f 6448 5985 6431
f 6016 5586 5563
f 6016 5563 5985
f 5586 5200 5164
f 5586 5164 5563
f 5200 4774 4750
f 5200 4750 5164
f 4774 4410 4345
f 4774 4345 4750
f 4410 4028 3959
f 4410 3959 4345
f 4028 3639 3579
f 4028 3579 3959
f 3639 3216 3137
f 3639 3137 3579
f 3216 2689 2594
f 3216 2594 3137
f 2689 2316 2208
f 2689 2208 2594
f 2316 1951 1879
f 2316 1879 2208
f 1951 1733 1657
f 1951 1657 1879
f 1733 1535 1474
f 1733 1474 1657
f 1535 1371 1304
f 1535 1304 1474
f 1371 1210 1140
f 1371 1140 1304
f 1210 1083 1005
f 1210 1005 1140
f 1083 959 897
f 1083 897 1005
f 959 876 796
f 959 796 897
f 876 801 731
f 876 731 796
f 801 752 679
f 801 679 731
f 752 724 649
f 752 649 679
f 724 716 639
f 724 639 649
f 716 723 648
f 716 648 639
f 723 751 678
f 723 678 648
f 751 800 730
f 751 730 678
f 800 875 795
f 800 795 730
f 875 954 896
f 875 896 795
f 954 1082 1002
f 954 1002 896
f 1082 1207 1137
f 1082 1137 1002
f 1207 1370 1303
f 1207 1303 1137
f 1370 1534 1473
f 1370 1473 1303
f 1534 1732 1656
f 1534 1656 1473
f 1732 1950 1878
f 1732 1878 1656
f 1950 2315 2207
f 1950 2207 1878
f 2315 2684 2593
f 2315 2593 2207
f 2684 3211 3132
f 2684 3132 2593
f 3211 3636 3578
f 3211 3578 3132
f 3636 4025 3958
f 3636 3958 3578
f 4025 4403 4344
f 4025 4344 3958
f 4403 4773 4749
f 4403 4749 4344
f 4773 5197 5163
f 4773 5163 4749
f 5197 5585 5560
f 5197 5560 5163
f 5585 6007 5984
f 5585 5984 5560
f 6007 6445 6430
f 6007 6430 5984
f 6445 6899 6889
f 6445 6889 6430
f 6899 7260 7257
f 6899 7257 6889
f 7260 7823 7833
f 7260 7833 7257
f 7823 8275 8292
f 7823 8292 7833
f 8275 8707 8738
f 8275 8738 8292
f 8707 9137 9160
f 8707 9160 8738
f 9137 9523 9559
f 9137 9559 9160
f 9523 9949 9973
f 9523 9973 9559
f 9949 10313 10382
f 9949 10382 9973
f 10313 10699 10764
f 10313 10764 10382
f 10699 11084 11144
f 10699 11144 10764
f 11084 11511 11590
f 11084 11590 11144
f 11511 12040 12147
f 11511 12147 11590
f 12040 12417 12519
f 12040 12519 12147
f 12417 12776 12848
f 12417 12848 12519
f 12776 12994 13070
f 12776 13070 12848
f 12994 13192 13253
f 12994 13253 13070
f 13192 13356 13423
f 13192 13423 13253
f 13356 13517 13587
f 13356 13587 13423
f 13517 13644 13722
f 13517 13722 13587
f 13644 13768 13830
f 13644 13830 13722
f 13768 13851 13931
f 13768 13931 13830
f 13851 13926 13996
f 13851 13996 13931
f 13926 13975 14048
f 13926 14048 13996
f 13975 14003 14078
f 13975 14078 14048
f 14003 14011 14088
f 14003 14088 14078
f 14088 14079 14156
f 14088 14156 14163
f 14079 14049 14129
f 14079 14129 14156
f 14049 13997 14066
f 14049 14066 14129
f 13997 13932 13998
f 13997 13998 14066
f 13932 13831 13908
f 13932 13908 13998
f 13831 13725 13797
f 13831 13797 13908
f 13725 13590 13656
f 13725 13656 13797
f 13590 13424 13501
f 13590 13501 13656
f 13424 13254 13324
f 13424 13324 13501
f 13254 13071 13130
f 13254 13130 13324
f 13071 12849 12917
f 13071 12917 13130
f 12849 12520 12600
f 12849 12600 12917
f 12520 12148 12230
f 12520 12230 12600
f 12148 11595 11703
f 12148 11703 12230
f 11595 11145 11220
f 11595 11220 11703
f 11145 10765 10817
f 11145 10817 11220
f 10765 10383 10418
f 10765 10418 10817
f 10383 9974 10006
f 10383 10006 10418
f 9974 9560 9600
f 9974 9600 10006
f 9560 9163 9176
f 9560 9176 9600
f 9163 8739 8752
f 9163 8752 9176
f 8739 8293 8310
f 8739 8310 8752
f 8293 7834 7844
f 8293 7844 8310
f 7834 7466 7469
f 7834 7469 7844
f 7466 6890 6880
f 7466 6880 7469
f 6890 6431 6414
f 6890 6414 6880
f 6431 5985 5974
f 6431 5974 6414
f 5985 5563 5548
f 5985 5548 5974
f 5563 5164 5134
f 5563 5134 5548
f 5164 4750 4730
f 5164 4730 5134
f 4750 4345 4308
f 4750 4308 4730
f 4345 3959 3907
f 4345 3907 4308
f 3959 3579 3504
f 3959 3504 3907
f 3579 3137 3021
f 3579 3021 3504
f 3137 2594 2526
f 3137 2526 3021
f 2594 2208 2128
f 2594 2128 2526
f 2208 1879 1811
f 2208 1811 2128
f 1879 1657 1598
f 1879 1598 1811
f 1657 1474 1404
f 1657 1404 1598
f 1474 1304 1227
f 1474 1227 1404
f 1304 1140 1074
f 1304 1074 1227
f 1140 1005 931
f 1140 931 1074
f 1005 897 822
f 1005 822 931
f 897 796 732
f 897 732 822
f 796 731 662
f 796 662 732
f 731 679 599
f 731 599 662
f 679 649 572
f 679 572 599
f 649 639 564
f 649 564 572
f 639 648 571
f 639 571 564
f 648 678 598
f 648 598 571
f 678 730 661
f 678 661 598
f 730 795 729
f 730 729 661
f 795 896 819
f 795 819 729
f 896 1002 930
f 896 930 819
f 1002 1137 1071
f 1002 1071 930
f 1137 1303 1226
f 1137 1226 1071
f 1303 1473 1403
f 1303 1403 1226
f 1473 1656 1597
f 1473 1597 1403
f 1656 1878 1810
f 1656 1810 1597
f 1878 2207 2127
f 1878 2127 1810
f 2207 2593 2507
f 2207 2507 2127
f 2593 3132 3020
f 2593 3020 2507
f 3132 3578 3503
f 3132 3503 3020
f 3578 3958 3906
f 3578 3906 3503
f 3958 4344 4305
f 3958 4305 3906
f 4344 4749 4717
f 4344 4717 4305
f 4749 5163 5123
f 4749 5123 4717
f 5163 5560 5547
f 5163 5547 5123
f 5560 5984 5971
f 5560 5971 5547
f 5984 6430 6413
f 5984 6413 5971
f 6430 6889 6879
f 6430 6879 6413
f 6889 7257 7254
f 6889 7254 6879
f 7257 7833 7843
f 7257 7843 7254
f 7833 8292 8309
f 7833 8309 7843
f 8292 8738 8749
f 8292 8749 8309
f 8738 9160 9175
f 8738 9175 8749
f 9160 9559 9589
f 9160 9589 9175
f 9559 9973 9997
f 9559 9997 9589
f 9973 10382 10415
f 9973 10415 9997
f 10382 10764 10816
f 10382 10816 10415
f 10764 11144 11219
f 10764 11219 10816
f 11144 11590 11702
f 11144 11702 11219
f 11590 12147 12215
f 11590 12215 11702
f 12147 12519 12599
f 12147 12599 12215
f 12519 12848 12916
f 12519 12916 12599
f 12848 13070 13129
f 12848 13129 12916
f 13070 13253 13323
f 13070 13323 13129
f 13253 13423 13500
f 13253 13500 13323
f 13423 13587 13653
f 13423 13653 13500
f 13587 13722 13796
f 13587 13796 13653
f 13722 13830 13905
f 13722 13905 13796
f 13830 13931 13995
f 13830 13995 13905
f 13931 13996 14065
f 13931 14065 13995
f 13996 14048 14128
f 13996 14128 14065
f 14048 14078 14155
f 14048 14155 14128
f 14078 14088 14163
f 14078 14163 14155
f 14163 14156 14219
f 14163 14219 14226
f 14156 14129 14186
f 14156 14186 14219
f 14129 14066 14144
f 14129 14144 14186
f 14066 13998 14061
f 14066 14061 14144
f 13998 13908 13980
f 13998 13980 14061
f 13908 13797 13859
f 13908 13859 13980
f 13797 13656 13726
f 13797 13726 13859
f 13656 13501 13569
f 13656 13569 13726
f 13501 13324 13378
f 13501 13378 13569
f 13324 13130 13188
f 13324 13188 13378
f 13130 12917 12969
f 13130 12969 13188
f 12917 12600 12684
f 12917 12684 12969
f 12600 12230 12300
f 12600 12300 12684
f 12230 11703 11794
f 12230 11794 12300
f 11703 11220 11302
f 11703 11302 11794
f 11220 10817 10868
f 11220 10868 11302
f 10817 10418 10466
f 10817 10466 10868
f 10418 10006 10028
f 10418 10028 10466
f 10006 9600 9638
f 10006 9638 10028
f 9600 9176 9194
f 9600 9194 9638
f 9176 8752 8772
f 9176 8772 9194
f 8752 8310 8324
f 8752 8324 8772
f 8310 7844 7856
f 8310 7856 8324
f 7844 7469 7473
f 7844 7473 7856
f 7469 6880 6868
f 7469 6868 7473
f 6880 6414 6400
f 6880 6400 6868
f 6414 5974 5952
f 6414 5952 6400
f 5974 5548 5530
f 5974 5530 5952
f 5548 5134 5086
f 5548 5086 5530
f 5134 4730 4698
f 5134 4698 5086
f 4730 4308 4262
f 4730 4262 4698
f 4308 3907 3856
f 4308 3856 4262
f 3907 3504 3426
f 3907 3426 3856
f 3504 3021 2934
f 3504 2934 3426
f 3021 2526 2438
f 3021 2438 2934
f 2526 2128 2044
f 2526 2044 2438
f 2128 1811 1759
f 2128 1759 2044
f 1811 1598 1540
f 1811 1540 1759
f 1598 1404 1350
f 1598 1350 1540
f 1404 1227 1159
f 1404 1159 1350
f 1227 1074 1006
f 1227 1006 1159
f 1074 931 869
f 1074 869 1006
f 931 822 749
f 931 749 869
f 822 732 667
f 822 667 749
f 732 662 584
f 732 584 667
f 662 599 544
f 662 544 584
f 599 572 509
f 599 509 544
f 572 564 501
f 572 501 509
f 564 571 508
f 564 508 501
f 571 598 541
f 571 541 508
f 598 661 583
f 598 583 541
f 661 729 666
f 661 666 583
f 729 819 747
f 729 747 666
f 819 930 868
f 819 868 747
f 930 1071 1001
f 930 1001 868
f 1071 1226 1158
f 1071 1158 1001
f 1226 1403 1349
f 1226 1349 1158
f 1403 1597 1539
f 1403 1539 1349
f 1597 1810 1758
f 1597 1758 1539
f 1810 2127 2043
f 1810 2043 1758
f 2127 2507 2437
f 2127 2437 2043
f 2507 3020 2933
f 2507 2933 2437
f 3020 3503 3425
f 3020 3425 2933
f 3503 3906 3855
f 3503 3855 3425
f 3906 4305 4257
f 3906 4257 3855
f 4305 4717 4695
f 4305 4695 4257
f 4717 5123 5085
f 4717 5085 4695
f 5123 5547 5529
f 5123 5529 5085
f 5547 5971 5951
f 5547 5951 5529
f 5971 6413 6399
f 5971 6399 5951
f 6413 6879 6867
f 6413 6867 6399
f 6879 7254 7250
f 6879 7250 6867
f 7254 7843 7855
f 7254 7855 7250
f 7843 8309 8323
f 7843 8323 7855
f 8309 8749 8771
f 8309 8771 8323
f 8749 9175 9193
f 8749 9193 8771
f 9175 9589 9637
f 9175 9637 9193
f 9589 9997 10025
f 9589 10025 9637
f 9997 10415 10461
f 9997 10461 10025
f 10415 10816 10867
f 10415 10867 10461
f 10816 11219 11301
f 10816 11301 10867
f 11219 11702 11793
f 11219 11793 11301
f 11702 12215 12299
f 11702 12299 11793
f 12215 12599 12683
f 12215 12683 12299
f 12599 12916 12968
f 12599 12968 12683
f 12916 13129 13187
f 12916 13187 12968
f 13129 13323 13377
f 13129 13377 13187
f 13323 13500 13568
f 13323 13568 13377
f 13500 13653 13721
f 13500 13721 13568
f 13653 13796 13858
f 13653 13858 13721
f 13796 13905 13978
f 13796 13978 13858
f 13905 13995 14060
f 13905 14060 13978
f 13995 14065 14143
f 13995 14143 14060
f 14065 14128 14183
f 14065 14183 14143
f 14128 14155 14218
f 14128 14218 14183
f 14155 14163 14226
f 14155 14226 14218
f 14226 14219 14286
f 14226 14286 14298
f 14219 14186 14252
f 14219 14252 14286
f 14186 14144 14198
f 14186 14198 14252
f 14144 14061 14134
f 14144 14134 14198
f 14061 13980 14029
f 14061 14029 14134
f 13980 13859 13925
f 13980 13925 14029
f 13859 13726 13786
f 13859 13786 13925
f 13726 13569 13619
f 13726 13619 13786
f 13569 13378 13446
f 13569 13446 13619
f 13378 13188 13237
f 13378 13237 13446
f 13188 12969 13013
f 13188 13013 13237
f 12969 12684 12758
f 12969 12758 13013
f 12684 12300 12376
f 12684 12376 12758
f 12300 11794 11880
f 12300 11880 12376
f 11794 11302 11364
f 11794 11364 11880
f 11302 10868 10915
f 11302 10915 11364
f 10868 10466 10495
f 10868 10495 10915
f 10466 10028 10066
f 10466 10066 10495
f 10028 9638 9660
f 10028 9660 10066
f 9638 9194 9213
f 9638 9213 9660
f 9194 8772 8789
f 9194 8789 9213
f 8772 8324 8331
f 8772 8331 8789
f 8324 7856 7866
f 8324 7866 8331
f 7856 7473 7475
f 7856 7475 7866
f 7473 6868 6864
f 7473 6864 7475
f 6868 6400 6393
f 6868 6393 6864
f 6400 5952 5937
f 6400 5937 6393
f 5952 5530 5511
f 5952 5511 5937
f 5530 5086 5068
f 5530 5068 5511
f 5086 4698 4660
f 5086 4660 5068
f 4698 4262 4237
f 4698 4237 4660
f 4262 3856 3809
f 4262 3809 4237
f 3856 3426 3364
f 3856 3364 3809
f 3426 2934 2856
f 3426 2856 3364
f 2934 2438 2362
f 2934 2362 2856
f 2438 2044 1970
f 2438 1970 2362
f 2044 1759 1717
f 2044 1717 1970
f 1759 1540 1493
f 1759 1493 1717
f 1540 1350 1282
f 1540 1282 1493
f 1350 1159 1109
f 1350 1109 1282
f 1159 1006 942
f 1159 942 1109
f 1006 869 805
f 1006 805 942
f 869 749 701
f 869 701 805
f 749 667 594
f 749 594 701
f 667 584 530
f 667 530 594
f 584 544 476
f 584 476 530
f 544 509 442
f 544 442 476
f 509 501 429
f 509 429 442
f 501 508 441
f 501 441 429
f 508 541 474
f 508 474 441
f 541 583 529
f 541 529 474
f 583 666 592
f 583 592 529
f 666 747 698
f 666 698 592
f 747 868 802
f 747 802 698
f 868 1001 940
f 868 940 802
f 1001 1158 1107
f 1001 1107 940
f 1158 1349 1281
f 1158 1281 1107
f 1349 1539 1490
f 1349 1490 1281
f 1539 1758 1714
f 1539 1714 1490
f 1758 2043 1968
f 1758 1968 1714
f 2043 2437 2357
f 2043 2357 1968
f 2437 2933 2847
f 2437 2847 2357
f 2933 3425 3363
f 2933 3363 2847
f 3425 3855 3807
f 3425 3807 3363
f 3855 4257 4227
f 3855 4227 3807
f 4257 4695 4657
f 4257 4657 4227
f 4695 5085 5063
f 4695 5063 4657
f 5085 5529 5509
f 5085 5509 5063
f 5529 5951 5934
f 5529 5934 5509
f 5951 6399 6391
f 5951 6391 5934
f 6399 6867 6857
f 6399 6857 6391
f 6867 7250 7248
f 6867 7248 6857
f 7250 7855 7859
f 7250 7859 7248
f 7855 8323 8329
f 7855 8329 7859
f 8323 8771 8786
f 8323 8786 8329
f 8771 9193 9211
f 8771 9211 8786
f 9193 9637 9655
f 9193 9655 9211
f 9637 10025 10063
f 9637 10063 9655
f 10025 10461 10485
f 10025 10485 10063
f 10461 10867 10913
f 10461 10913 10485
f 10867 11301 11363
f 10867 11363 10913
f 11301 11793 11871
f 11301 11871 11363
f 11793 12299 12371
f 11793 12371 11871
f 12299 12683 12756
f 12299 12756 12371
f 12683 12968 13010
f 12683 13010 12756
f 12968 13187 13234
f 12968 13234 13010
f 13187 13377 13445
f 13187 13445 13234
f 13377 13568 13617
f 13377 13617 13445
f 13568 13721 13784
f 13568 13784 13617
f 13721 13858 13922
f 13721 13922 13784
f 13858 13978 14026
f 13858 14026 13922
f 13978 14060 14132
f 13978 14132 14026
f 14060 14143 14197
f 14060 14197 14132
f 14143 14183 14250
f 14143 14250 14197
f 14183 14218 14285
f 14183 14285 14250
f 14218 14226 14298
f 14218 14298 14285
f 14298 14286 14338
f 14298 14338 14345
f 14286 14252 14310
f 14286 14310 14338
f 14252 14198 14263
f 14252 14263 14310
f 14198 14134 14178
f 14198 14178 14263
f 14134 14029 14093
f 14134 14093 14178
f 14029 13925 13984
f 14029 13984 14093
f 13925 13786 13836
f 13925 13836 13984
f 13786 13619 13671
f 13786 13671 13836
f 13619 13446 13493
f 13619 13493 13671
f 13446 13237 13290
f 13446 13290 13493
f 13237 13013 13076
f 13237 13076 13290
f 13013 12758 12826
f 13013 12826 13076
f 12758 12376 12427
f 12758 12427 12826
f 12376 11880 11977
f 12376 11977 12427
f 11880 11364 11422
f 11880 11422 11977
f 11364 10915 10962
f 11364 10962 11422
f 10915 10495 10532
f 10915 10532 10962
f 10495 10066 10100
f 10495 10100 10532
f 10066 9660 9674
f 10066 9674 10100
f 9660 9213 9232
f 9660 9232 9674
f 9213 8789 8812
f 9213 8812 9232
f 8789 8331 8352
f 8789 8352 8812
f 8331 7866 7878
f 8331 7878 8352
f 7866 7475 7478
f 7866 7478 7878
f 7475 6864 6846
f 7475 6846 7478
f 6864 6393 6372
f 6864 6372 6846
f 6393 5937 5914
f 6393 5914 6372
f 5937 5511 5492
f 5937 5492 5914
f 5511 5068 5050
f 5511 5050 5492
f 5068 4660 4624
f 5068 4624 5050
f 4660 4237 4196
f 4660 4196 4624
f 4237 3809 3762
f 4237 3762 4196
f 3809 3364 3304
f 3809 3304 3762
f 3364 2856 2757
f 3364 2757 3304
f 2856 2362 2303
f 2856 2303 2757
f 2362 1970 1904
f 2362 1904 2303
f 1970 1717 1652
f 1970 1652 1904
f 1717 1493 1438
f 1717 1438 1652
f 1493 1282 1235
f 1493 1235 1438
f 1282 1109 1059
f 1282 1059 1235
f 1109 942 894
f 1109 894 1059
f 942 805 744
f 942 744 894
f 805 701 636
f 805 636 744
f 701 594 551
f 701 551 636
f 594 530 465
f 594 465 551
f 530 476 418
f 530 418 465
f 476 442 390
f 476 390 418
f 442 429 382
f 442 382 390
f 429 441 389
f 429 389 382
f 441 474 417
f 441 417 389
f 474 529 464
f 474 464 417
f 529 592 549
f 529 549 464
f 592 698 634
f 592 634 549
f 698 802 743
f 698 743 634
f 802 940 891
f 802 891 743
f 940 1107 1056
f 940 1056 891
f 1107 1281 1234
f 1107 1234 1056
f 1281 1490 1437
f 1281 1437 1234
f 1490 1714 1651
f 1490 1651 1437
f 1714 1968 1901
f 1714 1901 1651
f 1968 2357 2302
f 1968 2302 1901
f 2357 2847 2754
f 2357 2754 2302
f 2847 3363 3301
f 2847 3301 2754
f 3363 3807 3761
f 3363 3761 3301
f 3807 4227 4191
f 3807 4191 3761
f 4227 4657 4623
f 4227 4623 4191
f 4657 5063 5049
f 4657 5049 4623
f 5063 5509 5491
f 5063 5491 5049
f 5509 5934 5911
f 5509 5911 5491
f 5934 6391 6371
f 5934 6371 5911
f 6391 6857 6845
f 6391 6845 6371
f 6857 7248 7245
f 6857 7245 6845
f 7248 7859 7877
f 7248 7877 7245
f 7859 8329 8351
f 7859 8351 7877
f 8329 8786 8809
f 8329 8809 8351
f 8786 9211 9231
f 8786 9231 8809
f 9211 9655 9673
f 9211 9673 9231
f 9655 10063 10099
f 9655 10099 9673
f 10063 10485 10527
f 10063 10527 10099
f 10485 10913 10961
f 10485 10961 10527
f 10913 11363 11419
f 10913 11419 10961
f 11363 11871 11974
f 11363 11974 11419
f 11871 12371 12426
f 11871 12426 11974
f 12371 12756 12823
f 12371 12823 12426
f 12756 13010 13075
f 12756 13075 12823
f 13010 13234 13289
f 13010 13289 13075
f 13234 13445 13492
f 13234 13492 13289
f 13445 13617 13668
f 13445 13668 13492
f 13617 13784 13833
f 13617 13833 13668
f 13784 13922 13983
f 13784 13983 13833
f 13922 14026 14091
f 13922 14091 13983
f 14026 14132 14176
f 14026 14176 14091
f 14132 14197 14262
f 14132 14262 14176
f 14197 14250 14309
f 14197 14309 14262
f 14250 14285 14337
f 14250 14337 14309
f 14285 14298 14345
f 14285 14345 14337
f 14345 14338 14390
f 14345 14390 14409
f 14338 14310 14364
f 14338 14364 14390
f 14310 14263 14311
f 14310 14311 14364
f 14263 14178 14234
f 14263 14234 14311
f 14178 14093 14150
f 14178 14150 14234
f 14093 13984 14018
f 14093 14018 14150
f 13984 13836 13882
f 13984 13882 14018
f 13836 13671 13736
f 13836 13736 13882
f 13671 13493 13548
f 13671 13548 13736
f 13493 13290 13333
f 13493 13333 13548
f 13290 13076 13110
f 13290 13110 13333
f 13076 12826 12870
f 13076 12870 13110
f 12826 12427 12500
f 12826 12500 12870
f 12427 11977 12057
f 12427 12057 12500
f 11977 11422 11466
f 11977 11466 12057
f 11422 10962 10990
f 11422 10990 11466
f 10962 10532 10552
f 10962 10552 10990
f 10532 10100 10134
f 10532 10134 10552
f 10100 9674 9696
f 10100 9696 10134
f 9674 9232 9256
f 9674 9256 9696
f 9232 8812 8824
f 9232 8824 9256
f 8812 8352 8366
f 8812 8366 8824
f 8352 7878 7893
f 8352 7893 8366
f 7878 7478 7481
f 7878 7481 7893
f 7478 6846 6831
f 7478 6831 7481
f 6846 6372 6362
f 6846 6362 6831
f 6372 5914 5902
f 6372 5902 6362
f 5914 5492 5472
f 5914 5472 5902
f 5492 5050 5028
f 5492 5028 5472
f 5050 4624 4596
f 5050 4596 5028
f 4624 4196 4172
f 4624 4172 4596
f 4196 3762 3738
f 4196 3738 4172
f 3762 3304 3258
f 3762 3258 3738
f 3304 2757 2681
f 3304 2681 3258
f 2757 2303 2228
f 2757 2228 2681
f 2303 1904 1858
f 2303 1858 2228
f 1904 1652 1618
f 1904 1618 1858
f 1652 1438 1397
f 1652 1397 1618
f 1438 1235 1180
f 1438 1180 1397
f 1235 1059 992
f 1235 992 1180
f 1059 894 846
f 1059 846 992
f 894 744 710
f 894 710 846
f 744 636 580
f 744 580 710
f 636 551 494
f 636 494 580
f 551 465 419
f 551 419 494
f 465 418 364
f 465 364 419
f 418 390 338
f 418 338 364
f 390 382 318
f 390 318 338
f 382 389 337
f 382 337 318
f 389 417 363
f 389 363 337
f 417 464 416
f 417 416 363
f 464 549 493
f 464 493 416
f 549 634 577
f 549 577 493
f 634 743 709
f 634 709 577
f 743 891 845
f 743 845 709
f 891 1056 991
f 891 991 845
f 1056 1234 1179
f 1056 1179 991
f 1234 1437 1394
f 1234 1394 1179
f 1437 1651 1617
f 1437 1617 1394
f 1651 1901 1857
f 1651 1857 1617
f 1901 2302 2227
f 1901 2227 1857
f 2302 2754 2676
f 2302 2676 2227
f 2754 3301 3257
f 2754 3257 2676
f 3301 3761 3737
f 3301 3737 3257
f 3761 4191 4171
f 3761 4171 3737
f 4191 4623 4589
f 4191 4589 4171
f 4623 5049 5027
f 4623 5027 4589
f 5049 5491 5467
f 5049 5467 5027
f 5491 5911 5899
f 5491 5899 5467
f 5911 6371 6357
f 5911 6357 5899
f 6371 6845 6830
f 6371 6830 6357
f 6845 7245 7242
f 6845 7242 6830
f 7245 7877 7892
f 7245 7892 7242
f 7877 8351 8361
f 7877 8361 7892
f 8351 8809 8821
f 8351 8821 8361
f 8809 9231 9251
f 8809 9251 8821
f 9231 9673 9695
f 9231 9695 9251
f 9673 10099 10127
f 9673 10127 9695
f 10099 10527 10551
f 10099 10551 10127
f 10527 10961 10989
f 10527 10989 10551
f 10961 11419 11465
f 10961 11465 10989
f 11419 11974 12052
f 11419 12052 11465
f 11974 12426 12499
f 11974 12499 12052
f 12426 12823 12869
f 12426 12869 12499
f 12823 13075 13109
f 12823 13109 12869
f 13075 13289 13330
f 13075 13330 13109
f 13289 13492 13547
f 13289 13547 13330
f 13492 13668 13735
f 13492 13735 13547
f 13668 13833 13881
f 13668 13881 13735
f 13833 13983 14017
f 13833 14017 13881
f 13983 14091 14147
f 13983 14147 14017
f 14091 14176 14233
f 14091 14233 14147
f 14176 14262 14308
f 14176 14308 14233
f 14262 14309 14363
f 14262 14363 14308
f 14309 14337 14389
f 14309 14389 14363
f 14337 14345 14409
f 14337 14409 14389
f 14409 14390 14439
f 14409 14439 14447
f 14390 14364 14413
f 14390 14413 14439
f 14364 14311 14353
f 14364 14353 14413
f 14311 14234 14287
f 14311 14287 14353
f 14234 14150 14181
f 14234 14181 14287
f 14150 14018 14067
f 14150 14067 14181
f 14018 13882 13941
f 14018 13941 14067
f 13882 13736 13781
f 13882 13781 13941
f 13736 13548 13584
f 13736 13584 13781
f 13548 13333 13371
f 13548 13371 13584
f 13333 13110 13151
f 13333 13151 13371
f 13110 12870 12909
f 13110 12909 13151
f 12870 12500 12550
f 12870 12550 12909
f 12500 12057 12123
f 12500 12123 12550
f 12057 11466 11518
f 12057 11518 12123
f 11466 10990 11032
f 11466 11032 11518
f 10990 10552 10576
f 10990 10576 11032
f 10552 10134 10162
f 10552 10162 10576
f 10134 9696 9716
f 10134 9716 10162
f 9696 9256 9276
f 9696 9276 9716
f 9256 8824 8853
f 9256 8853 9276
f 8824 8366 8389
f 8824 8389 8853
f 8366 7893 7903
f 8366 7903 8389
f 7893 7481 7484
f 7893 7484 7903
f 7481 6831 6825
f 7481 6825 7484
f 6831 6362 6339
f 6831 6339 6825
f 6362 5902 5873
f 6362 5873 6339
f 5902 5472 5448
f 5902 5448 5873
f 5472 5028 5010
f 5472 5010 5448
f 5028 4596 4562
f 5028 4562 5010
f 4596 4172 4148
f 4596 4148 4562
f 4172 3738 3698
f 4172 3698 4148
f 3738 3258 3210
f 3738 3210 3698
f 3258 2681 2621
f 3258 2621 3210
f 2681 2228 2182
f 2681 2182 2621
f 2228 1858 1819
f 2228 1819 2182
f 1858 1618 1579
f 1858 1579 1819
f 1618 1397 1357
f 1618 1357 1579
f 1397 1180 1146
f 1397 1146 1357
f 1180 992 947
f 1180 947 1146
f 992 846 787
f 992 787 947
f 846 710 663
f 846 663 787
f 710 580 547
f 710 547 663
f 580 494 443
f 580 443 547
f 494 419 375
f 494 375 443
f 419 364 315
f 419 315 375
f 364 338 289
f 364 289 315
f 338 318 280
f 338 280 289
f 318 337 288
f 318 288 280
f 337 363 314
f 337 314 288
f 363 416 374
f 363 374 314
f 416 493 440
f 416 440 374
f 493 577 546
f 493 546 440
f 577 709 660
f 577 660 546
f 709 845 786
f 709 786 660
f 845 991 946
f 845 946 786
f 991 1179 1143
f 991 1143 946
f 1179 1394 1356
f 1179 1356 1143
f 1394 1617 1576
f 1394 1576 1356
f 1617 1857 1818
f 1617 1818 1576
f 1857 2227 2177
f 1857 2177 1818
f 2227 2676 2618
f 2227 2618 2177
f 2676 3257 3209
f 2676 3209 2618
f 3257 3737 3695
f 3257 3695 3209
f 3737 4171 4147
f 3737 4147 3695
f 4171 4589 4561
f 4171 4561 4147
f 4589 5027 5007
f 4589 5007 4561
f 5027 5467 5447
f 5027 5447 5007
f 5467 5899 5870
f 5467 5870 5447
f 5899 6357 6334
f 5899 6334 5870
f 6357 6830 6820
f 6357 6820 6334
f 6830 7242 7239
f 6830 7239 6820
f 7242 7892 7898
f 7242 7898 7239
f 7892 8361 8384
f 7892 8384 7898
f 8361 8821 8850
f 8361 8850 8384
f 8821 9251 9275
f 8821 9275 8850
f 9251 9695 9713
f 9251 9713 9275
f 9695 10127 10161
f 9695 10161 9713
f 10127 10551 10575
f 10127 10575 10161
f 10551 10989 11029
f 10551 11029 10575
f 10989 11465 11517
f 10989 11517 11029
f 11465 12052 12120
f 11465 12120 11517
f 12052 12499 12545
f 12052 12545 12120
f 12499 12869 12908
f 12499 12908 12545
f 12869 13109 13148
f 12869 13148 12908
f 13109 13330 13370
f 13109 13370 13148
f 13330 13547 13581
f 13330 13581 13370
f 13547 13735 13780
f 13547 13780 13581
f 13735 13881 13940
f 13735 13940 13780
f 13881 14017 14064
f 13881 14064 13940
f 14017 14147 14180
f 14017 14180 14064
f 14147 14233 14284
f 14147 14284 14180
f 14233 14308 14352
f 14233 14352 14284
f 14308 14363 14412
f 14308 14412 14352
f 14363 14389 14438
f 14363 14438 14412
f 14389 14409 14447
f 14389 14447 14438
f 14447 14439 14479
f 14447 14479 14487
f 14439 14413 14448
f 14439 14448 14479
f 14413 14353 14396
f 14413 14396 14448
f 14353 14287 14319
f 14353 14319 14396
f 14287 14181 14222
f 14287 14222 14319
f 14181 14067 14119
f 14181 14119 14222
f 14067 13941 13977
f 14067 13977 14119
f 13941 13781 13811
f 13941 13811 13977
f 13781 13584 13623
f 13781 13623 13811
f 13584 13371 13408
f 13584 13408 13623
f 13371 13151 13190
f 13371 13190 13408
f 13151 12909 12936
f 13151 12936 13190
f 12909 12550 12596
f 12909 12596 12936
f 12550 12123 12171
f 12550 12171 12596
f 12123 11518 11568
f 12123 11568 12171
f 11518 11032 11070
f 11518 11070 11568
f 11032 10576 10600
f 11032 10600 11070
f 10576 10162 10178
f 10576 10178 10600
f 10162 9716 9730
f 10162 9730 10178
f 9716 9276 9294
f 9716 9294 9730
f 9276 8853 8860
f 9276 8860 9294
f 8853 8389 8400
f 8853 8400 8860
f 8389 7903 7911
f 8389 7911 8400
f 7903 7484 7486
f 7903 7486 7911
f 7484 6825 6813
f 7484 6813 7486
f 6825 6339 6328
f 6825 6328 6813
f 6339 5873 5866
f 6339 5866 6328
f 5873 5448 5430
f 5873 5430 5866
f 5448 5010 4994
f 5448 4994 5430
f 5010 4562 4546
f 5010 4546 4994
f 4562 4148 4126
f 4562 4126 4546
f 4148 3698 3656
f 4148 3656 4126
f 3698 3210 3164
f 3698 3164 3656
f 3210 2621 2573
f 3210 2573 3164
f 2621 2182 2132
f 2621 2132 2573
f 2182 1819 1792
f 2182 1792 2132
f 1819 1579 1538
f 1819 1538 1792
f 1579 1357 1320
f 1579 1320 1538
f 1357 1146 1105
f 1357 1105 1320
f 1146 947 919
f 1146 919 1105
f 947 787 753
f 947 753 919
f 787 663 609
f 787 609 753
f 663 547 506
f 663 506 609
f 547 443 413
f 547 413 506
f 443 375 332
f 443 332 413
f 375 315 281
f 375 281 332
f 315 289 249
f 315 249 281
f 289 280 240
f 289 240 249
f 280 288 248
f 280 248 240
f 288 314 279
f 288 279 248
f 314 374 331
f 314 331 279
f 374 440 408
f 374 408 331
f 440 546 505
f 440 505 408
f 546 660 608
f 546 608 505
f 660 786 750
f 660 750 608
f 786 946 916
f 786 916 750
f 946 1143 1104
f 946 1104 916
f 1143 1356 1319
f 1143 1319 1104
f 1356 1576 1537
f 1356 1537 1319
f 1576 1818 1791
f 1576 1791 1537
f 1818 2177 2131
f 1818 2131 1791
f 2177 2618 2570
f 2177 2570 2131
f 2618 3209 3159
f 2618 3159 2570
f 3209 3695 3653
f 3209 3653 3159
f 3695 4147 4123
f 3695 4123 3653
f 4147 4561 4545
f 4147 4545 4123
f 4561 5007 4993
f 4561 4993 4545
f 5007 5447 5429
f 5007 5429 4993
f 5447 5870 5863
f 5447 5863 5429
f 5870 6334 6323
f 5870 6323 5863
f 6334 6820 6812
f 6334 6812 6323
f 6820 7239 7237
f 6820 7237 6812
f 7239 7898 7910
f 7239 7910 7237
f 7898 8384 8395
f 7898 8395 7910
f 8384 8850 8857
f 8384 8857 8395
f 8850 9275 9293
f 8850 9293 8857
f 9275 9713 9729
f 9275 9729 9293
f 9713 10161 10177
f 9713 10177 9729
f 10161 10575 10597
f 10161 10597 10177
f 10575 11029 11067
f 10575 11067 10597
f 11029 11517 11563
f 11029 11563 11067
f 11517 12120 12168
f 11517 12168 11563
f 12120 12545 12595
f 12120 12595 12168
f 12545 12908 12935
f 12545 12935 12595
f 12908 13148 13189
f 12908 13189 12935
f 13148 13370 13407
f 13148 13407 13189
f 13370 13581 13622
f 13370 13622 13407
f 13581 13780 13808
f 13581 13808 13622
f 13780 13940 13974
f 13780 13974 13808
f 13940 14064 14118
f 13940 14118 13974
f 14064 14180 14221
f 14064 14221 14118
f 14180 14284 14314
f 14180 14314 14221
f 14284 14352 14395
f 14284 14395 14314
f 14352 14412 14446
f 14352 14446 14395
f 14412 14438 14478
f 14412 14478 14446
f 14438 14447 14487
f 14438 14487 14478
f 14487 14479 14519
f 14487 14519 14534
f 14479 14448 14483
f 14479 14483 14519
f 14448 14396 14436
f 14448 14436 14483
f 14396 14319 14357
f 14396 14357 14436
f 14319 14222 14273
f 14319 14273 14357
f 14222 14119 14154
f 14222 14154 14273
f 14119 13977 14008
f 14119 14008 14154
f 13977 13811 13848
f 13977 13848 14008
f 13811 13623 13651
f 13811 13651 13848
f 13623 13408 13460
f 13623 13460 13651
f 13408 13190 13222
f 13408 13222 13460
f 13190 12936 12970
f 13190 12970 13222
f 12936 12596 12642
f 12936 12642 12970
f 12596 12171 12198
f 12596 12198 12642
f 12171 11568 11596
f 12171 11596 12198
f 11568 11070 11098
f 11568 11098 11596
f 11070 10600 10628
f 11070 10628 11098
f 10600 10178 10196
f 10600 10196 10628
f 10178 9730 9750
f 10178 9750 10196
f 9730 9294 9316
f 9730 9316 9750
f 9294 8860 8874
f 9294 8874 9316
f 8860 8400 8416
f 8860 8416 8874
f 8400 7911 7922
f 8400 7922 8416
f 7911 7486 7490
f 7911 7490 7922
f 7486 6813 6810
f 7486 6810 7490
f 6813 6328 6312
f 6813 6312 6810
f 6328 5866 5850
f 6328 5850 6312
f 5866 5430 5410
f 5866 5410 5850
f 5430 4994 4974
f 5430 4974 5410
f 4994 4546 4528
f 4994 4528 4974
f 4546 4126 4096
f 4546 4096 4528
f 4126 3656 3626
f 4126 3626 4096
f 3656 3164 3138
f 3656 3138 3626
f 3164 2573 2544
f 3164 2544 3138
f 2573 2132 2088
f 2573 2088 2544
f 2132 1792 1760
f 2132 1760 2088
f 1792 1538 1506
f 1792 1506 1760
f 1538 1320 1268
f 1538 1268 1506
f 1320 1105 1077
f 1320 1077 1268
f 1105 919 880
f 1105 880 1077
f 919 753 720
f 919 720 880
f 753 609 574
f 753 574 720
f 609 506 455
f 609 455 574
f 506 413 371
f 506 371 455
f 413 332 293
f 413 293 371
f 332 281 245
f 332 245 293
f 281 249 210
f 281 210 245
f 249 240 193
f 249 193 210
f 240 248 208
f 240 208 193
f 248 279 244
f 248 244 208
f 279 331 291
f 279 291 244
f 331 408 370
f 331 370 291
f 408 505 454
f 408 454 370
f 505 608 573
f 505 573 454
f 608 750 719
f 608 719 573
f 750 916 879
f 750 879 719
f 916 1104 1076
f 916 1076 879
f 1104 1319 1267
f 1104 1267 1076
f 1319 1537 1505
f 1319 1505 1267
f 1537 1791 1757
f 1537 1757 1505
f 1791 2131 2085
f 1791 2085 1757
f 2131 2570 2543
f 2131 2543 2085
f 2570 3159 3131
f 2570 3131 2543
f 3159 3653 3625
f 3159 3625 3131
f 3653 4123 4095
f 3653 4095 3625
f 4123 4545 4527
f 4123 4527 4095
f 4545 4993 4973
f 4545 4973 4527
f 4993 5429 5407
f 4993 5407 4973
f 5429 5863 5849
f 5429 5849 5407
f 5863 6323 6307
f 5863 6307 5849
f 6323 6812 6801
f 6323 6801 6307
f 6812 7237 7233
f 6812 7233 6801
f 7237 7910 7913
f 7237 7913 7233
f 7910 8395 8411
f 7910 8411 7913
f 8395 8857 8873
f 8395 8873 8411
f 8857 9293 9313
f 8857 9313 8873
f 9293 9729 9749
f 9293 9749 9313
f 9729 10177 10195
f 9729 10195 9749
f 10177 10597 10627
f 10177 10627 10195
f 10597 11067 11097
f 10597 11097 10627
f 11067 11563 11589
f 11067 11589 11097
f 11563 12168 12197
f 11563 12197 11589
f 12168 12595 12639
f 12168 12639 12197
f 12595 12935 12967
f 12595 12967 12639
f 12935 13189 13221
f 12935 13221 12967
f 13189 13407 13459
f 13189 13459 13221
f 13407 13622 13650
f 13407 13650 13459
f 13622 13808 13847
f 13622 13847 13650
f 13808 13974 14007
f 13808 14007 13847
f 13974 14118 14153
f 13974 14153 14007
f 14118 14221 14272
f 14118 14272 14153
f 14221 14314 14356
f 14221 14356 14272
f 14314 14395 14434
f 14314 14434 14356
f 14395 14446 14482
f 14395 14482 14434
f 14446 14478 14517
f 14446 14517 14482
f 14478 14487 14534
f 14478 14534 14517
f 14534 14519 14550
f 14534 14550 14563
f 14519 14483 14516
f 14519 14516 14550
f 14483 14436 14467
f 14483 14467 14516
f 14436 14357 14384
f 14436 14384 14467
f 14357 14273 14299
f 14357 14299 14384
f 14273 14154 14173
f 14273 14173 14299
f 14154 14008 14031
f 14154 14031 14173
f 14008 13848 13869
f 14008 13869 14031
f 13848 13651 13690
f 13848 13690 13869
f 13651 13460 13475
f 13651 13475 13690
f 13460 13222 13241
f 13460 13241 13475
f 13222 12970 12990
f 13222 12990 13241
f 12970 12642 12676
f 12970 12676 12990
f 12642 12198 12239
f 12642 12239 12676
f 12198 11596 11628
f 12198 11628 12239
f 11596 11098 11112
f 11596 11112 11628
f 11098 10628 10644
f 11098 10644 11112
f 10628 10196 10212
f 10628 10212 10644
f 10196 9750 9762
f 10196 9762 10212
f 9750 9316 9328
f 9750 9328 9762
f 9316 8874 8884
f 9316 8884 9328
f 8874 8416 8427
f 8874 8427 8884
f 8416 7922 7937
f 8416 7937 8427
f 7922 7490 7492
f 7922 7492 7937
f 7490 6810 6797
f 7490 6797 7492
f 6810 6312 6299
f 6810 6299 6797
f 6312 5850 5840
f 6312 5840 6299
f 5850 5410 5396
f 5850 5396 5840
f 5410 4974 4962
f 5410 4962 5396
f 4974 4528 4512
f 4974 4512 4962
f 4528 4096 4084
f 4528 4084 4512
f 4096 3626 3614
f 4096 3614 4084
f 3626 3138 3102
f 3626 3102 3614
f 3138 2544 2502
f 3138 2502 3102
f 2544 2088 2052
f 2544 2052 2502
f 2088 1760 1738
f 2088 1738 2052
f 1760 1506 1487
f 1760 1487 1738
f 1506 1268 1253
f 1506 1253 1487
f 1268 1077 1040
f 1268 1040 1253
f 1077 880 859
f 1077 859 1040
f 880 720 697
f 880 697 859
f 720 574 555
f 720 555 697
f 574 455 430
f 574 430 555
f 455 371 344
f 455 344 430
f 371 293 261
f 371 261 344
f 293 245 212
f 293 212 261
f 245 210 178
f 245 178 212
f 210 193 164
f 210 164 178
f 193 208 177
f 193 177 164
f 208 244 211
f 208 211 177
f 244 291 260
f 244 260 211
f 291 370 343
f 291 343 260
f 370 454 428
f 370 428 343
f 454 573 554
f 454 554 428
f 573 719 696
f 573 696 554
f 719 879 858
f 719 858 696
f 879 1076 1037
f 879 1037 858
f 1076 1267 1252
f 1076 1252 1037
f 1267 1505 1486
f 1267 1486 1252
f 1505 1757 1737
f 1505 1737 1486
f 1757 2085 2051
f 1757 2051 1737
f 2085 2543 2498
f 2085 2498 2051
f 2543 3131 3099
f 2543 3099 2498
f 3131 3625 3611
f 3131 3611 3099
f 3625 4095 4083
f 3625 4083 3611
f 4095 4527 4511
f 4095 4511 4083
f 4527 4973 4961
f 4527 4961 4511
f 4973 5407 5395
f 4973 5395 4961
f 5407 5849 5839
f 5407 5839 5395
f 5849 6307 6296
f 5849 6296 5839
f 6307 6801 6786
f 6307 6786 6296
f 6801 7233 7231
f 6801 7231 6786
f 7233 7913 7926
f 7233 7926 7231
f 7913 8411 8424
f 7913 8424 7926
f 8411 8873 8883
f 8411 8883 8424
f 8873 9313 9327
f 8873 9327 8883
f 9313 9749 9761
f 9313 9761 9327
f 9749 10195 10211
f 9749 10211 9761
f 10195 10627 10639
f 10195 10639 10211
f 10627 11097 11109
f 10627 11109 10639
f 11097 11589 11625
f 11097 11625 11109
f 11589 12197 12235
f 11589 12235 11625
f 12197 12639 12675
f 12197 12675 12235
f 12639 12967 12989
f 12639 12989 12675
f 12967 13221 13240
f 12967 13240 12989
f 13221 13459 13474
f 13221 13474 13240
f 13459 13650 13687
f 13459 13687 13474
f 13650 13847 13868
f 13650 13868 13687
f 13847 14007 14030
f 13847 14030 13868
f 14007 14153 14172
f 14007 14172 14030
f 14153 14272 14297
f 14153 14297 14172
f 14272 14356 14383
f 14272 14383 14297
f 14356 14434 14466
f 14356 14466 14383
f 14434 14482 14515
f 14434 14515 14466
f 14482 14517 14549
f 14482 14549 14515
f 14517 14534 14563
f 14517 14563 14549
f 14563 14550 14572
f 14563 14572 14580
f 14550 14516 14546
f 14550 14546 14572
f 14516 14467 14485
f 14516 14485 14546
f 14467 14384 14417
f 14467 14417 14485
f 14384 14299 14313
f 14384 14313 14417
f 14299 14173 14199
f 14299 14199 14313
f 14173 14031 14057
f 14173 14057 14199
f 14031 13869 13891
f 14031 13891 14057
f 13869 13690 13715
f 13869 13715 13891
f 13690 13475 13499
f 13690 13499 13715
f 13475 13241 13261
f 13475 13261 13499
f 13241 12990 13007
f 13241 13007 13261
f 12990 12676 12696
f 12990 12696 13007
f 12676 12239 12257
f 12676 12257 12696
f 12239 11628 11674
f 12239 11674 12257
f 11628 11112 11138
f 11628 11138 11674
f 11112 10644 10676
f 11112 10676 11138
f 10644 10212 10224
f 10644 10224 10676
f 10212 9762 9772
f 10212 9772 10224
f 9762 9328 9352
f 9762 9352 9772
f 9328 8884 8894
f 9328 8894 9352
f 8884 8427 8446
f 8884 8446 8894
f 8427 7937 7940
f 8427 7940 8446
f 7937 7492 7494
f 7937 7494 7940
f 7492 6797 6784
f 7492 6784 7494
f 6797 6299 6288
f 6797 6288 6784
f 6299 5840 5834
f 6299 5834 6288
f 5840 5396 5372
f 5840 5372 5834
f 5396 4962 4954
f 5396 4954 5372
f 4962 4512 4502
f 4962 4502 4954
f 4512 4084 4054
f 4512 4054 4502
f 4084 3614 3588
f 4084 3588 4054
f 3614 3102 3070
f 3614 3070 3588
f 3102 2502 2483
f 3102 2483 3070
f 2502 2052 2036
f 2502 2036 2483
f 2052 1738 1723
f 2052 1723 2036
f 1738 1487 1467
f 1738 1467 1723
f 1487 1253 1231
f 1487 1231 1467
f 1253 1040 1013
f 1253 1013 1231
f 1040 859 837
f 1040 837 1013
f 859 697 671
f 859 671 837
f 697 555 531
f 697 531 671
f 555 430 415
f 555 415 531
f 430 344 313
f 430 313 415
f 344 261 243
f 344 243 313
f 261 212 184
f 261 184 243
f 212 178 156
f 212 156 184
f 178 164 147
f 178 147 156
f 164 177 155
f 164 155 147
f 177 211 181
f 177 181 155
f 211 260 242
f 211 242 181
f 260 343 310
f 260 310 242
f 343 428 414
f 343 414 310
f 428 554 528
f 428 528 414
f 554 696 670
f 554 670 528
f 696 858 836
f 696 836 670
f 858 1037 1012
f 858 1012 836
f 1037 1252 1228
f 1037 1228 1012
f 1252 1486 1466
f 1252 1466 1228
f 1486 1737 1720
f 1486 1720 1466
f 1737 2051 2031
f 1737 2031 1720
f 2051 2498 2480
f 2051 2480 2031
f 2498 3099 3053
f 2498 3053 2480
f 3099 3611 3585
f 3099 3585 3053
f 3611 4083 4051
f 3611 4051 3585
f 4083 4511 4499
f 4083 4499 4051
f 4511 4961 4951
f 4511 4951 4499
f 4961 5395 5371
f 4961 5371 4951
f 5395 5839 5829
f 5395 5829 5371
f 5839 6296 6277
f 5839 6277 5829
f 6296 6786 6783
f 6296 6783 6277
f 6786 7231 7229
f 6786 7229 6783
f 7231 7926 7939
f 7231 7939 7229
f 7926 8424 8435
f 7926 8435 7939
f 8424 8883 8889
f 8424 8889 8435
f 8883 9327 9351
f 8883 9351 8889
f 9327 9761 9769
f 9327 9769 9351
f 9761 10211 10221
f 9761 10221 9769
f 10211 10639 10673
f 10211 10673 10221
f 10639 11109 11135
f 10639 11135 10673
f 11109 11625 11657
f 11109 11657 11135
f 11625 12235 12254
f 11625 12254 11657
f 12235 12675 12691
f 12235 12691 12254
f 12675 12989 13004
f 12675 13004 12691
f 12989 13240 13260
f 12989 13260 13004
f 13240 13474 13496
f 13240 13496 13260
f 13474 13687 13714
f 13474 13714 13496
f 13687 13868 13890
f 13687 13890 13714
f 13868 14030 14056
f 13868 14056 13890
f 14030 14172 14196
f 14030 14196 14056
f 14172 14297 14312
f 14172 14312 14196
f 14297 14383 14414
f 14297 14414 14312
f 14383 14466 14484
f 14383 14484 14414
f 14466 14515 14543
f 14466 14543 14484
f 14515 14549 14571
f 14515 14571 14543
f 14549 14563 14580
f 14549 14580 14571
f 14580 14572 14598
f 14580 14598 14605
f 14572 14546 14566
f 14572 14566 14598
f 14546 14485 14505
f 14546 14505 14566
f 14485 14417 14437
f 14485 14437 14505
f 14417 14313 14333
f 14417 14333 14437
f 14313 14199 14220
f 14313 14220 14333
f 14199 14057 14077
f 14199 14077 14220
f 14057 13891 13919
f 14057 13919 14077
f 13891 13715 13738
f 13891 13738 13919
f 13715 13499 13523
f 13715 13523 13738
f 13499 13261 13277
f 13499 13277 13523
f 13261 13007 13027
f 13261 13027 13277
f 13007 12696 12716
f 13007 12716 13027
f 12696 12257 12284
f 12696 12284 12716
f 12257 11674 11701
f 12257 11701 12284
f 11674 11138 11156
f 11674 11156 11701
f 11138 10676 10704
f 11138 10704 11156
f 10676 10224 10242
f 10676 10242 10704
f 10224 9772 9804
f 10224 9804 10242
f 9772 9352 9368
f 9772 9368 9804
f 9352 8894 8914
f 9352 8914 9368
f 8894 8446 8458
f 8894 8458 8914
f 8446 7940 7948
f 8446 7948 8458
f 7940 7494 7498
f 7940 7498 7948
f 7494 6784 6782
f 7494 6782 7498
f 6784 6288 6274
f 6784 6274 6782
f 6288 5834 5816
f 6288 5816 6274
f 5834 5372 5358
f 5834 5358 5816
f 5372 4954 4932
f 5372 4932 5358
f 4954 4502 4482
f 4954 4482 4932
f 4502 4054 4030
f 4502 4030 4482
f 4054 3588 3570
f 4054 3570 4030
f 3588 3070 3031
f 3588 3031 3570
f 3070 2483 2463
f 3070 2463 3031
f 2483 2036 2014
f 2483 2014 2463
f 2036 1723 1701
f 2036 1701 2014
f 1723 1467 1451
f 1723 1451 1701
f 1467 1231 1205
f 1467 1205 1451
f 1231 1013 990
f 1231 990 1205
f 1013 837 811
f 1013 811 990
f 837 671 651
f 837 651 811
f 671 531 510
f 671 510 651
f 531 415 395
f 531 395 510
f 415 313 294
f 415 294 395
f 313 243 225
f 313 225 294
f 243 184 162
f 243 162 225
f 184 156 130
f 184 130 162
f 156 147 122
f 156 122 130
f 147 155 129
f 147 129 122
f 155 181 161
f 155 161 129
f 181 242 222
f 181 222 161
f 242 310 290
f 242 290 222
f 310 414 394
f 310 394 290
f 414 528 507
f 414 507 394
f 528 670 650
f 528 650 507
f 670 836 808
f 670 808 650
f 836 1012 989
f 836 989 808
f 1012 1228 1204
f 1012 1204 989
f 1228 1466 1450
f 1228 1450 1204
f 1466 1720 1700
f 1466 1700 1450
f 1720 2031 2011
f 1720 2011 1700
f 2031 2480 2453
f 2031 2453 2011
f 2480 3053 3022
f 2480 3022 2453
f 3053 3585 3567
f 3053 3567 3022
f 3585 4051 4023
f 3585 4023 3567
f 4051 4499 4481
f 4051 4481 4023
f 4499 4951 4919
f 4499 4919 4481
f 4951 5371 5355
f 4951 5355 4919
f 5371 5829 5809
f 5371 5809 5355
f 5829 6277 6265
f 5829 6265 5809
f 6277 6783 6775
f 6277 6775 6265
f 6783 7229 7225
f 6783 7225 6775
f 7229 7939 7941
f 7229 7941 7225
f 7939 8435 8449
f 7939 8449 7941
f 8435 8889 8907
f 8435 8907 8449
f 8889 9351 9365
f 8889 9365 8907
f 9351 9769 9791
f 9351 9791 9365
f 9769 10221 10241
f 9769 10241 9791
f 10221 10673 10697
f 10221 10697 10241
f 10673 11135 11153
f 10673 11153 10697
f 11135 11657 11692
f 11135 11692 11153
f 11657 12254 12274
f 11657 12274 11692
f 12254 12691 12713
f 12254 12713 12274
f 12691 13004 13026
f 12691 13026 12713
f 13004 13260 13276
f 13004 13276 13026
f 13260 13496 13522
f 13260 13522 13276
f 13496 13714 13737
f 13496 13737 13522
f 13714 13890 13916
f 13714 13916 13737
f 13890 14056 14076
f 13890 14076 13916
f 14056 14196 14217
f 14056 14217 14076
f 14196 14312 14332
f 14196 14332 14217
f 14312 14414 14433
f 14312 14433 14332
f 14414 14484 14502
f 14414 14502 14433
f 14484 14543 14565
f 14484 14565 14502
f 14543 14571 14597
f 14543 14597 14565
f 14571 14580 14605
f 14571 14605 14597
f 14605 14598 14608
f 14605 14608 14621
f 14598 14566 14575
f 14598 14575 14608
f 14566 14505 14523
f 14566 14523 14575
f 14505 14437 14443
f 14505 14443 14523
f 14437 14333 14346
f 14437 14346 14443
f 14333 14220 14229
f 14333 14229 14346
f 14220 14077 14100
f 14220 14100 14229
f 14077 13919 13933
f 14077 13933 14100
f 13919 13738 13746
f 13919 13746 13933
f 13738 13523 13530
f 13738 13530 13746
f 13523 13277 13294
f 13523 13294 13530
f 13277 13027 13044
f 13277 13044 13294
f 13027 12716 12738
f 13027 12738 13044
f 12716 12284 12298
f 12716 12298 12738
f 12284 11701 11721
f 12284 11721 12298
f 11701 11156 11168
f 11701 11168 11721
f 11156 10704 10710
f 11156 10710 11168
f 10704 10242 10246
f 10704 10246 10710
f 10242 9804 9812
f 10242 9812 10246
f 9804 9368 9382
f 9804 9382 9812
f 9368 8914 8919
f 9368 8919 9382
f 8914 8458 8464
f 8914 8464 8919
f 8458 7948 7955
f 8458 7955 8464
f 7948 7498 7499
f 7948 7499 7955
f 7498 6782 6769
f 7498 6769 7499
f 6782 6274 6264
f 6782 6264 6769
f 6274 5816 5807
f 6274 5807 6264
f 5816 5358 5350
f 5816 5350 5807
f 5358 4932 4912
f 5358 4912 5350
f 4932 4482 4478
f 4932 4478 4912
f 4482 4030 4018
f 4482 4018 4478
f 4030 3570 3562
f 4030 3562 4018
f 3570 3031 3003
f 3570 3003 3562
f 3031 2463 2444
f 3031 2444 3003
f 2463 2014 1990
f 2463 1990 2444
f 2014 1701 1685
f 2014 1685 1990
f 1701 1451 1436
f 1701 1436 1685
f 1451 1205 1198
f 1451 1198 1436
f 1205 990 986
f 1205 986 1198
f 990 811 797
f 990 797 986
f 811 651 630
f 811 630 797
f 651 510 499
f 651 499 630
f 510 395 383
f 510 383 499
f 395 294 285
f 395 285 383
f 294 225 205
f 294 205 285
f 225 162 153
f 225 153 205
f 162 130 120
f 162 120 153
f 130 122 106
f 130 106 120
f 122 129 119
f 122 119 106
f 129 161 152
f 129 152 119
f 161 222 204
f 161 204 152
f 222 290 284
f 222 284 204
f 290 394 381
f 290 381 284
f 394 507 498
f 394 498 381
f 507 650 627
f 507 627 498
f 650 808 794
f 650 794 627
f 808 989 981
f 808 981 794
f 989 1204 1197
f 989 1197 981
f 1204 1450 1433
f 1204 1433 1197
f 1450 1700 1683
f 1450 1683 1433
f 1700 2011 1989
f 1700 1989 1683
f 2011 2453 2439
f 2011 2439 1989
f 2453 3022 3002
f 2453 3002 2439
f 3022 3567 3555
f 3022 3555 3002
f 3567 4023 4017
f 3567 4017 3555
f 4023 4481 4477
f 4023 4477 4017
f 4481 4919 4911
f 4481 4911 4477
f 4919 5355 5341
f 4919 5341 4911
f 5355 5809 5804
f 5355 5804 5341
f 5809 6265 6259
f 5809 6259 5804
f 6265 6775 6768
f 6265 6768 6259
f 6775 7225 7224
f 6775 7224 6768
f 7225 7941 7954
f 7225 7954 7224
f 7941 8449 8459
f 7941 8459 7954
f 8449 8907 8916
f 8449 8916 8459
f 8907 9365 9373
f 8907 9373 8916
f 9365 9791 9811
f 9365 9811 9373
f 9791 10241 10245
f 9791 10245 9811
f 10241 10697 10709
f 10241 10709 10245
f 10697 11153 11161
f 10697 11161 10709
f 11153 11692 11720
f 11153 11720 11161
f 11692 12274 12293
f 11692 12293 11720
f 12274 12713 12737
f 12274 12737 12293
f 12713 13026 13042
f 12713 13042 12737
f 13026 13276 13291
f 13026 13291 13042
f 13276 13522 13529
f 13276 13529 13291
f 13522 13737 13741
f 13522 13741 13529
f 13737 13916 13930
f 13737 13930 13741
f 13916 14076 14097
f 13916 14097 13930
f 14076 14217 14228
f 14076 14228 14097
f 14217 14332 14344
f 14217 14344 14228
f 14332 14433 14442
f 14332 14442 14344
f 14433 14502 14522
f 14433 14522 14442
f 14502 14565 14574
f 14502 14574 14522
f 14565 14597 14607
f 14565 14607 14574
f 14597 14605 14621
f 14597 14621 14607
f 14621 14608 14616
f 14621 14616 14637
f 14608 14575 14579
f 14608 14579 14616
f 14575 14523 14536
f 14575 14536 14579
f 14523 14443 14458
f 14523 14458 14536
f 14443 14346 14358
f 14443 14358 14458
f 14346 14229 14237
f 14346 14237 14358
f 14229 14100 14107
f 14229 14107 14237
f 14100 13933 13950
f 14100 13950 14107
f 13933 13746 13753
f 13933 13753 13950
f 13746 13530 13536
f 13746 13536 13753
f 13530 13294 13302
f 13530 13302 13536
f 13294 13044 13054
f 13294 13054 13302
f 13044 12738 12746
f 13044 12746 13054
f 12738 12298 12306
f 12738 12306 12746
f 12298 11721 11741
f 12298 11741 12306
f 11721 11168 11180
f 11721 11180 11741
f 11168 10710 10716
f 11168 10716 11180
f 10710 10246 10252
f 10710 10252 10716
f 10246 9812 9816
f 10246 9816 10252
f 9812 9382 9396
f 9812 9396 9816
f 9382 8919 8925
f 9382 8925 9396
f 8919 8464 8471
f 8919 8471 8925
f 8464 7955 7957
f 8464 7957 8471
f 7955 7499 7501
f 7955 7501 7957
f 7499 6769 6771
f 7499 6771 7501
f 6769 6264 6255
f 6769 6255 6771
f 6264 5807 5799
f 6264 5799 6255
f 5807 5350 5330
f 5807 5330 5799
f 5350 4912 4908
f 5350 4908 5330
f 4912 4478 4474
f 4912 4474 4908
f 4478 4018 4014
f 4478 4014 4474
f 4018 3562 3546
f 4018 3546 4014
f 3562 3003 2989
f 3562 2989 3546
f 3003 2444 2434
f 3003 2434 2989
f 2444 1990 1982
f 2444 1982 2434
f 1990 1685 1674
f 1990 1674 1982
f 1685 1436 1428
f 1685 1428 1674
f 1436 1198 1192
f 1436 1192 1428
f 1198 986 975
f 1198 975 1192
f 986 797 780
f 986 780 975
f 797 630 621
f 797 621 780
f 630 499 491
f 630 491 621
f 499 383 372
f 499 372 491
f 383 285 272
f 383 272 372
f 285 205 192
f 285 192 272
f 205 153 149
f 205 149 192
f 153 120 112
f 153 112 149
f 120 106 90
f 120 90 112
f 106 119 111
f 106 111 90
f 119 152 148
f 119 148 111
f 152 204 191
f 152 191 148
f 204 284 269
f 204 269 191
f 284 381 369
f 284 369 269
f 381 498 490
f 381 490 369
f 498 627 620
f 498 620 490
f 627 794 777
f 627 777 620
f 794 981 974
f 794 974 777
f 981 1197 1191
f 981 1191 974
f 1197 1433 1425
f 1197 1425 1191
f 1433 1683 1673
f 1433 1673 1425
f 1683 1989 1981
f 1683 1981 1673
f 1989 2439 2431
f 1989 2431 1981
f 2439 3002 2986
f 2439 2986 2431
f 3002 3555 3543
f 3002 3543 2986
f 3555 4017 4011
f 3555 4011 3543
f 4017 4477 4471
f 4017 4471 4011
f 4477 4911 4907
f 4477 4907 4471
f 4911 5341 5327
f 4911 5327 4907
f 5341 5804 5798
f 5341 5798 5327
f 5804 6259 6252
f 5804 6252 5798
f 6259 6768 6766
f 6259 6766 6252
f 6768 7224 7222
f 6768 7222 6766
f 7224 7954 7952
f 7224 7952 7222
f 7954 8459 8468
f 7954 8468 7952
f 8459 8916 8924
f 8459 8924 8468
f 8916 9373 9393
f 8916 9393 8924
f 9373 9811 9815
f 9373 9815 9393
f 9811 10245 10249
f 9811 10249 9815
f 10245 10709 10713
f 10245 10713 10249
f 10709 11161 11177
f 10709 11177 10713
f 11161 11720 11738
f 11161 11738 11177
f 11720 12293 12303
f 11720 12303 11738
f 12293 12737 12745
f 12293 12745 12303
f 12737 13042 13053
f 12737 13053 12745
f 13042 13291 13299
f 13042 13299 13053
f 13291 13529 13535
f 13291 13535 13299
f 13529 13741 13752
f 13529 13752 13535
f 13741 13930 13947
f 13741 13947 13752
f 13930 14097 14106
f 13930 14106 13947
f 14097 14228 14236
f 14097 14236 14106
f 14228 14344 14355
f 14228 14355 14236
f 14344 14442 14455
f 14344 14455 14355
f 14442 14522 14535
f 14442 14535 14455
f 14522 14574 14578
f 14522 14578 14535
f 14574 14607 14615
f 14574 14615 14578
f 14607 14621 14637
f 14607 14637 14615
f 14637 14616 14624
f 14637 14624 14642
f 14616 14579 14586
f 14616 14586 14624
f 14579 14536 14542
f 14579 14542 14586
f 14536 14458 14465
f 14536 14465 14542
f 14458 14358 14368
f 14458 14368 14465
f 14358 14237 14243
f 14358 14243 14368
f 14237 14107 14113
f 14237 14113 14243
f 14107 13950 13958
f 14107 13958 14113
f 13950 13753 13762
f 13950 13762 13958
f 13753 13536 13542
f 13753 13542 13762
f 13536 13302 13312
f 13536 13312 13542
f 13302 13054 13060
f 13302 13060 13312
f 13054 12746 12752
f 13054 12752 13060
f 12746 12306 12313
f 12746 12313 12752
f 12306 11741 11749
f 12306 11749 12313
f 11741 11180 11186
f 11741 11186 11749
f 11180 10716 10726
f 11180 10726 11186
f 10716 10252 10260
f 10716 10260 10726
f 10252 9816 9824
f 10252 9824 10260
f 9816 9396 9402
f 9816 9402 9824
f 9396 8925 8928
f 9396 8928 9402
f 8925 8471 8474
f 8925 8474 8928
f 8471 7957 7960
f 8471 7960 8474
f 7957 7501 7504
f 7957 7504 7960
f 7501 6771 6774
f 7501 6774 7504
f 6771 6255 6258
f 6771 6258 6774
f 6255 5799 5802
f 6255 5802 6258
f 5799 5330 5326
f 5799 5326 5802
f 5330 4908 4906
f 5330 4906 5326
f 4908 4474 4470
f 4908 4470 4906
f 4474 4014 4010
f 4474 4010 4470
f 4014 3546 3542
f 4014 3542 4010
f 3546 2989 2985
f 3546 2985 3542
f 2989 2434 2430
f 2989 2430 2985
f 2434 1982 1980
f 2434 1980 2430
f 1982 1674 1672
f 1982 1672 1980
f 1674 1428 1422
f 1674 1422 1672
f 1428 1192 1190
f 1428 1190 1422
f 1192 975 970
f 1192 970 1190
f 975 780 776
f 975 776 970
f 780 621 619
f 780 619 776
f 621 491 489
f 621 489 619
f 491 372 368
f 491 368 489
f 372 272 267
f 372 267 368
f 272 192 190
f 272 190 267
f 192 149 146
f 192 146 190
f 149 112 109
f 149 109 146
f 112 90 87
f 112 87 109
f 90 111 105
f 90 105 87
f 111 148 143
f 111 143 105
f 148 191 187
f 148 187 143
f 191 269 264
f 191 264 187
f 269 369 361
f 269 361 264
f 369 490 486
f 369 486 361
f 490 620 616
f 490 616 486
f 620 777 771
f 620 771 616
f 777 974 967
f 777 967 771
f 974 1191 1187
f 974 1187 967
f 1191 1425 1417
f 1191 1417 1187
f 1425 1673 1669
f 1425 1669 1417
f 1673 1981 1977
f 1673 1977 1669
f 1981 2431 2426
f 1981 2426 1977
f 2431 2986 2980
f 2431 2980 2426
f 2986 3543 3539
f 2986 3539 2980
f 3543 4011 4003
f 3543 4003 3539
f 4011 4471 4465
f 4011 4465 4003
f 4471 4907 4901
f 4471 4901 4465
f 4907 5327 5323
f 4907 5323 4901
f 5327 5798 5797
f 5327 5797 5323
f 5798 6252 6251
f 5798 6251 5797
f 6252 6766 6765
f 6252 6765 6251
f 6766 7222 7221
f 6766 7221 6765
f 7222 7952 7951
f 7222 7951 7221
f 7952 8468 8467
f 7952 8467 7951
f 8468 8924 8923
f 8468 8923 8467
f 8924 9393 9399
f 8924 9399 8923
f 9393 9815 9819
f 9393 9819 9399
f 9815 10249 10255
f 9815 10255 9819
f 10249 10713 10719
f 10249 10719 10255
f 10713 11177 11183
f 10713 11183 10719
f 11177 11738 11744
f 11177 11744 11183
f 11738 12303 12309
f 11738 12309 11744
f 12303 12745 12749
f 12303 12749 12309
f 12745 13053 13057
f 12745 13057 12749
f 13053 13299 13307
f 13053 13307 13057
f 13299 13535 13539
f 13299 13539 13307
f 13535 13752 13759
f 13535 13759 13539
f 13752 13947 13953
f 13752 13953 13759
f 13947 14106 14110
f 13947 14110 13953
f 14106 14236 14240
f 14106 14240 14110
f 14236 14355 14361
f 14236 14361 14240
f 14355 14455 14462
f 14355 14462 14361
f 14455 14535 14539
f 14455 14539 14462
f 14535 14578 14583
f 14535 14583 14539
f 14578 14615 14620
f 14578 14620 14583
f 14615 14637 14642
f 14615 14642 14620
f 14642 14624 14623
f 14642 14623 14641
f 14624 14586 14585
f 14624 14585 14623
f 14586 14542 14541
f 14586 14541 14585
f 14542 14465 14464
f 14542 14464 14541
f 14465 14368 14367
f 14465 14367 14464
f 14368 14243 14242
f 14368 14242 14367
f 14243 14113 14112
f 14243 14112 14242
f 14113 13958 13957
f 14113 13957 14112
f 13958 13762 13761
f 13958 13761 13957
f 13762 13542 13541
f 13762 13541 13761
f 13542 13312 13311
f 13542 13311 13541
f 13312 13060 13059
f 13312 13059 13311
f 13060 12752 12751
f 13060 12751 13059
f 12752 12313 12312
f 12752 12312 12751
f 12313 11749 11748
f 12313 11748 12312
f 11749 11186 11185
f 11749 11185 11748
f 11186 10726 10725
f 11186 10725 11185
f 10726 10260 10259
f 10726 10259 10725
f 10260 9824 9823
f 10260 9823 10259
f 9824 9402 9401
f 9824 9401 9823
f 9402 8928 8927
f 9402 8927 9401
f 8928 8474 8473
f 8928 8473 8927
f 8474 7960 7959
f 8474 7959 8473
f 7960 7504 7503
f 7960 7503 7959
f 7504 6774 6773
f 7504 6773 7503
f 6774 6258 6257
f 6774 6257 6773
f 6258 5802 5801
f 6258 5801 6257
f 5802 5326 5325
f 5802 5325 5801
f 5326 4906 4905
f 5326 4905 5325
f 4906 4470 4469
f 4906 4469 4905
f 4470 4010 4009
f 4470 4009 4469
f 4010 3542 3541
f 4010 3541 4009
f 3542 2985 2984
f 3542 2984 3541
f 2985 2430 2429
f 2985 2429 2984
f 2430 1980 1979
f 2430 1979 2429
f 1980 1672 1671
f 1980 1671 1979
f 1672 1422 1421
f 1672 1421 1671
f 1422 1190 1189
f 1422 1189 1421
f 1190 970 969
f 1190 969 1189
f 970 776 775
f 970 775 969
f 776 619 618
f 776 618 775
f 619 489 488
f 619 488 618
f 489 368 367
f 489 367 488
f 368 267 266
f 368 266 367
f 267 190 189
f 267 189 266
f 190 146 145
f 190 145 189
f 146 109 108
f 146 108 145
f 109 87 86
f 109 86 108
f 87 105 104
f 87 104 86
f 105 143 142
f 105 142 104
f 143 187 186
f 143 186 142
f 187 264 263
f 187 263 186
f 264 361 360
f 264 360 263
f 361 486 485
f 361 485 360
f 486 616 615
f 486 615 485
f 616 771 770
f 616 770 615
f 771 967 966
f 771 966 770
f 967 1187 1186
f 967 1186 966
f 1187 1417 1416
f 1187 1416 1186
f 1417 1669 1668
f 1417 1668 1416
f 1669 1977 1976
f 1669 1976 1668
f 1977 2426 2425
f 1977 2425 1976
f 2426 2980 2979
f 2426 2979 2425
f 2980 3539 3538
f 2980 3538 2979
f 3539 4003 4002
f 3539 4002 3538
f 4003 4465 4464
f 4003 4464 4002
f 4465 4901 4900
f 4465 4900 4464
f 4901 5323 5322
f 4901 5322 4900
f 5323 5797 5796
f 5323 5796 5322
f 5797 6251 6250
f 5797 6250 5796
f 6251 6765 6764
f 6251 6764 6250
f 6765 7221 7220
f 6765 7220 6764
f 7221 7951 7950
f 7221 7950 7220
f 7951 8467 8466
f 7951 8466 7950
f 8467 8923 8922
f 8467 8922 8466
f 8923 9399 9398
f 8923 9398 8922
f 9399 9819 9818
f 9399 9818 9398
f 9819 10255 10254
f 9819 10254 9818
f 10255 10719 10718
f 10255 10718 10254
f 10719 11183 11182
f 10719 11182 10718
f 11183 11744 11743
f 11183 11743 11182
f 11744 12309 12308
f 11744 12308 11743
f 12309 12749 12748
f 12309 12748 12308
f 12749 13057 13056
f 12749 13056 12748
f 13057 13307 13306
f 13057 13306 13056
f 13307 13539 13538
f 13307 13538 13306
f 13539 13759 13758
f 13539 13758 13538
f 13759 13953 13952
f 13759 13952 13758
f 13953 14110 14109
f 13953 14109 13952
f 14110 14240 14239
f 14110 14239 14109
f 14240 14361 14360
f 14240 14360 14239
f 14361 14462 14461
f 14361 14461 14360
f 14462 14539 14538
f 14462 14538 14461
f 14539 14583 14582
f 14539 14582 14538
f 14583 14620 14619
f 14583 14619 14582
f 14620 14642 14641
f 14620 14641 14619
f 14641 14623 14622
f 14641 14622 14640
f 14623 14585 14584
f 14623 14584 14622
f 14585 14541 14540
f 14585 14540 14584
f 14541 14464 14463
f 14541 14463 14540
f 14464 14367 14366
f 14464 14366 14463
f 14367 14242 14241
f 14367 14241 14366
f 14242 14112 14111
f 14242 14111 14241
f 14112 13957 13956
f 14112 13956 14111
f 13957 13761 13760
f 13957 13760 13956
f 13761 13541 13540
f 13761 13540 13760
f 13541 13311 13310
f 13541 13310 13540
f 13311 13059 13058
f 13311 13058 13310
f 13059 12751 12750
f 13059 12750 13058
f 12751 12312 12311
f 12751 12311 12750
f 12312 11748 11747
f 12312 11747 12311
f 11748 11185 11184
f 11748 11184 11747
f 11185 10725 10724
f 11185 10724 11184
f 10725 10259 10258
f 10725 10258 10724
f 10259 9823 9822
f 10259 9822 10258
f 9823 9401 9400
f 9823 9400 9822
f 9401 8927 8926
f 9401 8926 9400
f 8927 8473 8472
f 8927 8472 8926
f 8473 7959 7958
f 8473 7958 8472
f 7959 7503 7502
f 7959 7502 7958
f 7503 6773 6772
f 7503 6772 7502
f 6773 6257 6256
f 6773 6256 6772
f 6257 5801 5800
f 6257 5800 6256
f 5801 5325 5324
f 5801 5324 5800
f 5325 4905 4904
f 5325 4904 5324
f 4905 4469 4468
f 4905 4468 4904
f 4469 4009 4008
f 4469 4008 4468
f 4009 3541 3540
f 4009 3540 4008
f 3541 2984 2983
f 3541 2983 3540
f 2984 2429 2428
f 2984 2428 2983
f 2429 1979 1978
f 2429 1978 2428
f 1979 1671 1670
f 1979 1670 1978
f 1671 1421 1420
f 1671 1420 1670
f 1421 1189 1188
f 1421 1188 1420
f 1189 969 968
f 1189 968 1188
f 969 775 774
f 969 774 968
f 775 618 617
f 775 617 774
f 618 488 487
f 618 487 617
f 488 367 366
f 488 366 487
f 367 266 265
f 367 265 366
f 266 189 188
f 266 188 265
f 189 145 144
f 189 144 188
f 145 108 107
f 145 107 144
f 108 86 85
f 108 85 107
f 86 104 103
f 86 103 85
f 104 142 141
f 104 141 103
f 142 186 185
f 142 185 141
f 186 263 262
f 186 262 185
f 263 360 359
f 263 359 262
f 360 485 484
f 360 484 359
f 485 615 614
f 485 614 484
f 615 770 769
f 615 769 614
f 770 966 965
f 770 965 769
f 966 1186 1185
f 966 1185 965
f 1186 1416 1415
f 1186 1415 1185
f 1416 1668 1667
f 1416 1667 1415
f 1668 1976 1975
f 1668 1975 1667
f 1976 2425 2424
f 1976 2424 1975
f 2425 2979 2978
f 2425 2978 2424
f 2979 3538 3537
f 2979 3537 2978
f 3538 4002 4001
f 3538 4001 3537
f 4002 4464 4463
f 4002 4463 4001
f 4464 4900 4899
f 4464 4899 4463
f 4900 5322 5321
f 4900 5321 4899
f 5322 5796 5795
f 5322 5795 5321
f 5796 6250 6249
f 5796 6249 5795
f 6250 6764 6763
f 6250 6763 6249
f 6764 7220 7219
f 6764 7219 6763
f 7220 7950 7949
f 7220 7949 7219
f 7950 8466 8465
f 7950 8465 7949
f 8466 8922 8921
f 8466 8921 8465
f 8922 9398 9397
f 8922 9397 8921
f 9398 9818 9817
f 9398 9817 9397
f 9818 10254 10253
f 9818 10253 9817
f 10254 10718 10717
f 10254 10717 10253
f 10718 11182 11181
f 10718 11181 10717
f 11182 11743 11742
f 11182 11742 11181
f 11743 12308 12307
f 11743 12307 11742
f 12308 12748 12747
f 12308 12747 12307
f 12748 13056 13055
f 12748 13055 12747
f 13056 13306 13305
f 13056 13305 13055
f 13306 13538 13537
f 13306 13537 13305
f 13538 13758 13757
f 13538 13757 13537
f 13758 13952 13951
f 13758 13951 13757
f 13952 14109 14108
f 13952 14108 13951
f 14109 14239 14238
f 14109 14238 14108
f 14239 14360 14359
f 14239 14359 14238
f 14360 14461 14460
f 14360 14460 14359
f 14461 14538 14537
f 14461 14537 14460
f 14538 14582 14581
f 14538 14581 14537
f 14582 14619 14618
f 14582 14618 14581
f 14619 14641 14640
f 14619 14640 14618
f 14640 14622 14612
f 14640 14612 14633
f 14622 14584 14577
f 14622 14577 14612
f 14584 14540 14533
f 14584 14533 14577
f 14540 14463 14450
f 14540 14450 14533
f 14463 14366 14350
f 14463 14350 14450
f 14366 14241 14235
f 14366 14235 14350
f 14241 14111 14105
f 14241 14105 14235
f 14111 13956 13942
f 14111 13942 14105
f 13956 13760 13749
f 13956 13749 13942
f 13760 13540 13532
f 13760 13532 13749
f 13540 13310 13296
f 13540 13296 13532
f 13310 13058 13052
f 13310 13052 13296
f 13058 12750 12742
f 13058 12742 13052
f 12750 12311 12302
f 12750 12302 12742
f 12311 11747 11733
f 12311 11733 12302
f 11747 11184 11176
f 11747 11176 11733
f 11184 10724 10712
f 11184 10712 11176
f 10724 10258 10248
f 10724 10248 10712
f 10258 9822 9814
f 10258 9814 10248
f 9822 9400 9392
f 9822 9392 9814
f 9400 8926 8920
f 9400 8920 9392
f 8926 8472 8470
f 8926 8470 8920
f 8472 7958 7956
f 8472 7956 8470
f 7958 7502 7500
f 7958 7500 7956
f 7502 6772 6770
f 7502 6770 7500
f 6772 6256 6254
f 6772 6254 6770
f 6256 5800 5808
f 6256 5808 6254
f 5800 5324 5340
f 5800 5340 5808
f 5324 4904 4910
f 5324 4910 5340
f 4904 4468 4476
f 4904 4476 4910
f 4468 4008 4016
f 4468 4016 4476
f 4008 3540 3554
f 4008 3554 4016
f 3540 2983 2995
f 3540 2995 3554
f 2983 2428 2436
f 2983 2436 2995
f 2428 1978 1988
f 2428 1988 2436
f 1978 1670 1682
f 1978 1682 1988
f 1670 1420 1432
f 1670 1432 1682
f 1420 1188 1196
f 1420 1196 1432
f 1188 968 980
f 1188 980 1196
f 968 774 788
f 968 788 980
f 774 617 623
f 774 623 788
f 617 487 495
f 617 495 623
f 487 366 380
f 487 380 495
f 366 265 278
f 366 278 380
f 265 188 195
f 265 195 278
f 188 144 151
f 188 151 195
f 144 107 116
f 144 116 151
f 107 85 94
f 107 94 116
f 85 103 115
f 85 115 94
f 103 141 150
f 103 150 115
f 141 185 194
f 141 194 150
f 185 262 277
f 185 277 194
f 262 359 377
f 262 377 277
f 359 484 492
f 359 492 377
f 484 614 622
f 484 622 492
f 614 769 785
f 614 785 622
f 769 965 978
f 769 978 785
f 965 1185 1195
f 965 1195 978
f 1185 1415 1431
f 1185 1431 1195
f 1415 1667 1675
f 1415 1675 1431
f 1667 1975 1985
f 1667 1985 1675
f 1975 2424 2435
f 1975 2435 1985
f 2424 2978 2994
f 2424 2994 2435
f 2978 3537 3547
f 2978 3547 2994
f 3537 4001 4015
f 3537 4015 3547
f 4001 4463 4475
f 4001 4475 4015
f 4463 4899 4909
f 4463 4909 4475
f 4899 5321 5331
f 4899 5331 4909
f 5321 5795 5803
f 5321 5803 5331
f 5795 6249 6253
f 5795 6253 5803
f 6249 6763 6767
f 6249 6767 6253
f 6763 7219 7223
f 6763 7223 6767
f 7219 7949 7953
f 7219 7953 7223
f 7949 8465 8469
f 7949 8469 7953
f 8465 8921 8915
f 8465 8915 8469
f 8921 9397 9383
f 8921 9383 8915
f 9397 9817 9813
f 9397 9813 9383
f 9817 10253 10247
f 9817 10247 9813
f 10253 10717 10711
f 10253 10711 10247
f 10717 11181 11169
f 10717 11169 10711
f 11181 11742 11732
f 11181 11732 11169
f 11742 12307 12301
f 11742 12301 11732
f 12307 12747 12739
f 12307 12739 12301
f 12747 13055 13045
f 12747 13045 12739
f 13055 13305 13295
f 13055 13295 13045
f 13305 13537 13531
f 13305 13531 13295
f 13537 13757 13747
f 13537 13747 13531
f 13757 13951 13939
f 13757 13939 13747
f 13951 14108 14104
f 13951 14104 13939
f 14108 14238 14232
f 14108 14232 14104
f 14238 14359 14347
f 14238 14347 14232
f 14359 14460 14449
f 14359 14449 14347
f 14460 14537 14532
f 14460 14532 14449
f 14537 14581 14576
f 14537 14576 14532
f 14581 14618 14611
f 14581 14611 14576
f 14618 14640 14633
f 14618 14633 14611
f 14633 14612 14593
f 14633 14593 14602
f 14612 14577 14561
f 14612 14561 14593
f 14577 14533 14499
f 14577 14499 14561
f 14533 14450 14431
f 14533 14431 14499
f 14450 14350 14330
f 14450 14330 14431
f 14350 14235 14215
f 14350 14215 14330
f 14235 14105 14074
f 14235 14074 14215
f 14105 13942 13914
f 14105 13914 14074
f 13942 13749 13733
f 13942 13733 13914
f 13749 13532 13515
f 13749 13515 13733
f 13532 13296 13273
f 13532 13273 13515
f 13296 13052 13023
f 13296 13023 13273
f 13052 12742 12712
f 13052 12712 13023
f 12742 12302 12272
f 12742 12272 12712
f 12302 11733 11690
f 12302 11690 12272
f 11733 11176 11151
f 11733 11151 11690
f 11176 10712 10696
f 11176 10696 11151
f 10712 10248 10239
f 10712 10239 10696
f 10248 9814 9789
f 10248 9789 10239
f 9814 9392 9363
f 9814 9363 9789
f 9392 8920 8906
f 9392 8906 9363
f 8920 8470 8456
f 8920 8456 8906
f 8470 7956 7946
f 8470 7946 8456
f 7956 7500 7496
f 7956 7496 7946
f 7500 6770 6780
f 7500 6780 7496
f 6770 6254 6272
f 6770 6272 6780
f 6254 5808 5828
f 6254 5828 6272
f 5808 5340 5369
f 5808 5369 5828
f 5340 4910 4945
f 5340 4945 5369
f 4910 4476 4489
f 4910 4489 4945
f 4476 4016 4036
f 4476 4036 4489
f 4016 3554 3575
f 4016 3575 4036
f 3554 2995 3034
f 3554 3034 3575
f 2995 2436 2468
f 2995 2468 3034
f 2436 1988 2016
f 2436 2016 2468
f 1988 1682 1705
f 1988 1705 2016
f 1682 1432 1455
f 1682 1455 1705
f 1432 1196 1215
f 1432 1215 1455
f 1196 980 995
f 1196 995 1215
f 980 788 814
f 980 814 995
f 788 623 656
f 788 656 814
f 623 495 513
f 623 513 656
f 495 380 398
f 495 398 513
f 380 278 297
f 380 297 398
f 278 195 231
f 278 231 297
f 195 151 167
f 195 167 231
f 151 116 135
f 151 135 167
f 116 94 124
f 116 124 135
f 94 115 134
f 94 134 124
f 115 150 166
f 115 166 134
f 150 194 228
f 150 228 166
f 194 277 295
f 194 295 228
f 277 377 396
f 277 396 295
f 377 492 511
f 377 511 396
f 492 622 653
f 492 653 511
f 622 785 812
f 622 812 653
f 785 978 993
f 785 993 812
f 978 1195 1212
f 978 1212 993
f 1195 1431 1454
f 1195 1454 1212
f 1431 1675 1704
f 1431 1704 1454
f 1675 1985 2015
f 1675 2015 1704
f 1985 2435 2465
f 1985 2465 2015
f 2435 2994 3032
f 2435 3032 2465
f 2994 3547 3571
f 2994 3571 3032
f 3547 4015 4031
f 3547 4031 3571
f 4015 4475 4483
f 4015 4483 4031
f 4475 4909 4933
f 4475 4933 4483
f 4909 5331 5359
f 4909 5359 4933
f 5331 5803 5817
f 5331 5817 5359
f 5803 6253 6267
f 5803 6267 5817
f 6253 6767 6777
f 6253 6777 6267
f 6767 7223 7226
f 6767 7226 6777
f 7223 7953 7943
f 7223 7943 7226
f 7953 8469 8451
f 7953 8451 7943
f 8469 8915 8895
f 8469 8895 8451
f 8915 9383 9353
f 8915 9353 8895
f 9383 9813 9777
f 9383 9777 9353
f 9813 10247 10233
f 9813 10233 9777
f 10247 10711 10691
f 10247 10691 10233
f 10711 11169 11147
f 10711 11147 10691
f 11169 11732 11688
f 11169 11688 11147
f 11732 12301 12269
f 11732 12269 11688
f 12301 12739 12711
f 12301 12711 12269
f 12739 13045 13022
f 12739 13022 12711
f 13045 13295 13272
f 13045 13272 13022
f 13295 13531 13512
f 13295 13512 13272
f 13531 13747 13731
f 13531 13731 13512
f 13747 13939 13912
f 13747 13912 13731
f 13939 14104 14071
f 13939 14071 13912
f 14104 14232 14213
f 14104 14213 14071
f 14232 14347 14328
f 14232 14328 14213
f 14347 14449 14429
f 14347 14429 14328
f 14449 14532 14496
f 14449 14496 14429
f 14532 14576 14560
f 14532 14560 14496
f 14576 14611 14592
f 14576 14592 14560
f 14611 14633 14602
f 14611 14602 14592
f 14602 14593 14557
f 14602 14557 14567
f 14593 14561 14531
f 14593 14531 14557
f 14561 14499 14469
f 14561 14469 14531
f 14499 14431 14394
f 14499 14394 14469
f 14431 14330 14306
f 14431 14306 14394
f 14330 14215 14175
f 14330 14175 14306
f 14215 14074 14042
f 14215 14042 14175
f 14074 13914 13878
f 14074 13878 14042
f 13914 13733 13703
f 13914 13703 13878
f 13733 13515 13481
f 13733 13481 13703
f 13515 13273 13245
f 13515 13245 13481
f 13273 13023 12996
f 13273 12996 13245
f 13023 12712 12682
f 13023 12682 12996
f 12712 12272 12247
f 12712 12247 12682
f 12272 11690 11642
f 12272 11642 12247
f 11690 11151 11130
f 11690 11130 11642
f 11151 10696 10658
f 11151 10658 11130
f 10696 10239 10216
f 10696 10216 10658
f 10239 9789 9764
f 10239 9764 10216
f 9789 9363 9338
f 9789 9338 9764
f 9363 8906 8886
f 9363 8886 9338
f 8906 8456 8428
f 8906 8428 8886
f 8456 7946 7938
f 8456 7938 8428
f 7946 7496 7493
f 7946 7493 7938
f 7496 6780 6798
f 7496 6798 7493
f 6780 6272 6300
f 6780 6300 6798
f 6272 5828 5838
f 6272 5838 6300
f 5828 5369 5394
f 5828 5394 5838
f 5369 4945 4960
f 5369 4960 5394
f 4945 4489 4508
f 4945 4508 4960
f 4489 4036 4078
f 4489 4078 4508
f 4036 3575 3602
f 4036 3602 4078
f 3575 3034 3088
f 3575 3088 3602
f 3034 2468 2493
f 3034 2493 3088
f 2468 2016 2046
f 2468 2046 2493
f 2016 1705 1734
f 2016 1734 2046
f 1705 1455 1483
f 1705 1483 1734
f 1455 1215 1247
f 1455 1247 1483
f 1215 995 1027
f 1215 1027 1247
f 995 814 852
f 995 852 1027
f 814 656 688
f 814 688 852
f 656 513 553
f 656 553 688
f 513 398 422
f 513 422 553
f 398 297 334
f 398 334 422
f 297 231 259
f 297 259 334
f 231 167 197
f 231 197 259
f 167 135 171
f 167 171 197
f 135 124 160
f 135 160 171
f 124 134 170
f 124 170 160
f 134 166 196
f 134 196 170
f 166 228 258
f 166 258 196
f 228 295 333
f 228 333 258
f 295 396 421
f 295 421 333
f 396 511 552
f 396 552 421
f 511 653 685
f 511 685 552
f 653 812 849
f 653 849 685
f 812 993 1024
f 812 1024 849
f 993 1212 1246
f 993 1246 1024
f 1212 1454 1482
f 1212 1482 1246
f 1454 1704 1731
f 1454 1731 1482
f 1704 2015 2045
f 1704 2045 1731
f 2015 2465 2490
f 2015 2490 2045
f 2465 3032 3085
f 2465 3085 2490
f 3032 3571 3593
f 3032 3593 3085
f 3571 4031 4069
f 3571 4069 3593
f 4031 4483 4507
f 4031 4507 4069
f 4483 4933 4959
f 4483 4959 4507
f 4933 5359 5385
f 4933 5385 4959
f 5359 5817 5837
f 5359 5837 5385
f 5817 6267 6295
f 5817 6295 5837
f 6267 6777 6785
f 6267 6785 6295
f 6777 7226 7230
f 6777 7230 6785
f 7226 7943 7925
f 7226 7925 7230
f 7943 8451 8423
f 7943 8423 7925
f 8451 8895 8885
f 8451 8885 8423
f 8895 9353 9329
f 8895 9329 8885
f 9353 9777 9763
f 9353 9763 9329
f 9777 10233 10215
f 9777 10215 9763
f 10233 10691 10649
f 10233 10649 10215
f 10691 11147 11121
f 10691 11121 10649
f 11147 11688 11639
f 11147 11639 11121
f 11688 12269 12244
f 11688 12244 11639
f 12269 12711 12681
f 12269 12681 12244
f 12711 13022 12993
f 12711 12993 12681
f 13022 13272 13244
f 13022 13244 12993
f 13272 13512 13480
f 13272 13480 13244
f 13512 13731 13700
f 13512 13700 13480
f 13731 13912 13875
f 13731 13875 13700
f 13912 14071 14039
f 13912 14039 13875
f 14071 14213 14174
f 14071 14174 14039
f 14213 14328 14305
f 14213 14305 14174
f 14328 14429 14393
f 14328 14393 14305
f 14429 14496 14468
f 14429 14468 14393
f 14496 14560 14530
f 14496 14530 14468
f 14560 14592 14556
f 14560 14556 14530
f 14592 14602 14567
f 14592 14567 14556
f 14567 14557 14504
f 14567 14504 14518
f 14557 14531 14475
f 14557 14475 14504
f 14531 14469 14426
f 14531 14426 14475
f 14469 14394 14343
f 14469 14343 14426
f 14394 14306 14257
f 14394 14257 14343
f 14306 14175 14142
f 14306 14142 14257
f 14175 14042 13994
f 14175 13994 14142
f 14042 13878 13828
f 14042 13828 13994
f 13878 13703 13646
f 13878 13646 13828
f 13703 13481 13439
f 13703 13439 13646
f 13481 13245 13210
f 13481 13210 13439
f 13245 12996 12958
f 13245 12958 13210
f 12996 12682 12628
f 12996 12628 12958
f 12682 12247 12194
f 12682 12194 12628
f 12247 11642 11586
f 12247 11586 12194
f 11642 11130 11088
f 11642 11088 11586
f 11130 10658 10618
f 11130 10618 11088
f 10658 10216 10188
f 10658 10188 10618
f 10216 9764 9744
f 10216 9744 10188
f 9764 9338 9302
f 9764 9302 9744
f 9338 8886 8872
f 9338 8872 9302
f 8886 8428 8410
f 8886 8410 8872
f 8428 7938 7921
f 8428 7921 8410
f 7938 7493 7489
f 7938 7489 7921
f 7493 6798 6809
f 7493 6809 7489
f 6798 6300 6320
f 6798 6320 6809
f 6300 5838 5854
f 6300 5854 6320
f 5838 5394 5422
f 5838 5422 5854
f 5394 4960 4986
f 5394 4986 5422
f 4960 4508 4538
f 4960 4538 4986
f 4508 4078 4106
f 4508 4106 4538
f 4078 3602 3640
f 4078 3640 4106
f 3602 3088 3144
f 3602 3144 3640
f 3088 2493 2548
f 3088 2548 3144
f 2493 2046 2104
f 2493 2104 2548
f 2046 1734 1772
f 2046 1772 2104
f 1734 1483 1518
f 1734 1518 1772
f 1483 1247 1289
f 1483 1289 1518
f 1247 1027 1084
f 1247 1084 1289
f 1027 852 900
f 1027 900 1084
f 852 688 734
f 852 734 900
f 688 553 586
f 688 586 734
f 553 422 471
f 553 471 586
f 422 334 385
f 422 385 471
f 334 259 304
f 334 304 385
f 259 197 253
f 259 253 304
f 197 171 224
f 197 224 253
f 171 160 209
f 171 209 224
f 160 170 223
f 160 223 209
f 170 196 252
f 170 252 223
f 196 258 301
f 196 301 252
f 258 333 384
f 258 384 301
f 333 421 470
f 333 470 384
f 421 552 585
f 421 585 470
f 552 685 733
f 552 733 585
f 685 849 899
f 685 899 733
f 849 1024 1081
f 849 1081 899
f 1024 1246 1288
f 1024 1288 1081
f 1246 1482 1517
f 1246 1517 1288
f 1482 1731 1769
f 1482 1769 1517
f 1731 2045 2099
f 1731 2099 1769
f 2045 2490 2547
f 2045 2547 2099
f 2490 3085 3141
f 2490 3141 2547
f 3085 3593 3635
f 3085 3635 3141
f 3593 4069 4105
f 3593 4105 3635
f 4069 4507 4535
f 4069 4535 4105
f 4507 4959 4979
f 4507 4979 4535
f 4959 5385 5421
f 4959 5421 4979
f 5385 5837 5851
f 5385 5851 5421
f 5837 6295 6313
f 5837 6313 5851
f 6295 6785 6802
f 6295 6802 6313
f 6785 7230 7234
f 6785 7234 6802
f 7230 7925 7914
f 7230 7914 7234
f 7925 8423 8403
f 7925 8403 7914
f 8423 8885 8869
f 8423 8869 8403
f 8885 9329 9301
f 8885 9301 8869
f 9329 9763 9737
f 9329 9737 9301
f 9763 10215 10185
f 9763 10185 9737
f 10215 10649 10617
f 10215 10617 10185
f 10649 11121 11083
f 10649 11083 10617
f 11121 11639 11583
f 11121 11583 11083
f 11639 12244 12193
f 11639 12193 11583
f 12244 12681 12623
f 12244 12623 12193
f 12681 12993 12955
f 12681 12955 12623
f 12993 13244 13209
f 12993 13209 12955
f 13244 13480 13438
f 13244 13438 13209
f 13480 13700 13643
f 13480 13643 13438
f 13700 13875 13827
f 13700 13827 13643
f 13875 14039 13993
f 13875 13993 13827
f 14039 14174 14141
f 14039 14141 13993
f 14174 14305 14256
f 14174 14256 14141
f 14305 14393 14342
f 14305 14342 14256
f 14393 14468 14423
f 14393 14423 14342
f 14468 14530 14474
f 14468 14474 14423
f 14530 14556 14503
f 14530 14503 14474
f 14556 14567 14518
f 14556 14518 14503
f 14518 14504 14441
f 14518 14441 14459
f 14504 14475 14416
f 14504 14416 14441
f 14475 14426 14365
f 14475 14365 14416
f 14426 14343 14295
f 14426 14295 14365
f 14343 14257 14190
f 14343 14190 14295
f 14257 14142 14073
f 14257 14073 14190
f 14142 13994 13955
f 14142 13955 14073
f 13994 13828 13783
f 13994 13783 13955
f 13828 13646 13596
f 13828 13596 13783
f 13646 13439 13375
f 13646 13375 13596
f 13439 13210 13157
f 13439 13157 13375
f 13210 12958 12915
f 13210 12915 13157
f 12958 12628 12552
f 12958 12552 12915
f 12628 12194 12125
f 12628 12125 12552
f 12194 11586 11520
f 12194 11520 12125
f 11586 11088 11036
f 11586 11036 11520
f 11088 10618 10578
f 11088 10578 11036
f 10618 10188 10164
f 10618 10164 10578
f 10188 9744 9718
f 10188 9718 10164
f 9744 9302 9282
f 9744 9282 9718
f 9302 8872 8854
f 9302 8854 9282
f 8872 8410 8390
f 8872 8390 8854
f 8410 7921 7904
f 8410 7904 8390
f 7921 7489 7485
f 7921 7485 7904
f 7489 6809 6826
f 7489 6826 7485
f 6809 6320 6340
f 6809 6340 6826
f 6320 5854 5874
f 6320 5874 6340
f 5854 5422 5446
f 5854 5446 5874
f 5422 4986 5006
f 5422 5006 5446
f 4986 4538 4560
f 4986 4560 5006
f 4538 4106 4146
f 4538 4146 4560
f 4106 3640 3692
f 4106 3692 4146
f 3640 3144 3208
f 3640 3208 3692
f 3144 2548 2617
f 3144 2617 3208
f 2548 2104 2176
f 2548 2176 2617
f 2104 1772 1815
f 2104 1815 2176
f 1772 1518 1571
f 1772 1571 1815
f 1518 1289 1353
f 1518 1353 1571
f 1289 1084 1132
f 1289 1132 1353
f 1084 900 945
f 1084 945 1132
f 900 734 773
f 900 773 945
f 734 586 655
f 734 655 773
f 586 471 538
f 586 538 655
f 471 385 435
f 471 435 538
f 385 304 365
f 385 365 435
f 304 253 312
f 304 312 365
f 253 224 287
f 253 287 312
f 224 209 268
f 224 268 287
f 209 223 286
f 209 286 268
f 223 252 311
f 223 311 286
f 252 301 362
f 252 362 311
f 301 384 432
f 301 432 362
f 384 470 537
f 384 537 432
f 470 585 654
f 470 654 537
f 585 733 772
f 585 772 654
f 733 899 944
f 733 944 772
f 899 1081 1131
f 899 1131 944
f 1081 1288 1352
f 1081 1352 1131
f 1288 1517 1570
f 1288 1570 1352
f 1517 1769 1812
f 1517 1812 1570
f 1769 2099 2175
f 1769 2175 1812
f 2099 2547 2616
f 2099 2616 2175
f 2547 3141 3207
f 2547 3207 2616
f 3141 3635 3691
f 3141 3691 3207
f 3635 4105 4145
f 3635 4145 3691
f 4105 4535 4559
f 4105 4559 4145
f 4535 4979 5005
f 4535 5005 4559
f 4979 5421 5441
f 4979 5441 5005
f 5421 5851 5869
f 5421 5869 5441
f 5851 6313 6333
f 5851 6333 5869
f 6313 6802 6819
f 6313 6819 6333
f 6802 7234 7238
f 6802 7238 6819
f 7234 7914 7897
f 7234 7897 7238
f 7914 8403 8383
f 7914 8383 7897
f 8403 8869 8849
f 8403 8849 8383
f 8869 9301 9277
f 8869 9277 8849
f 9301 9737 9717
f 9301 9717 9277
f 9737 10185 10163
f 9737 10163 9717
f 10185 10617 10577
f 10185 10577 10163
f 10617 11083 11035
f 10617 11035 10577
f 11083 11583 11519
f 11083 11519 11035
f 11583 12193 12124
f 11583 12124 11519
f 12193 12623 12551
f 12193 12551 12124
f 12623 12955 12912
f 12623 12912 12551
f 12955 13209 13156
f 12955 13156 12912
f 13209 13438 13374
f 13209 13374 13156
f 13438 13643 13595
f 13438 13595 13374
f 13643 13827 13782
f 13643 13782 13595
f 13827 13993 13954
f 13827 13954 13782
f 13993 14141 14072
f 13993 14072 13954
f 14141 14256 14189
f 14141 14189 14072
f 14256 14342 14292
f 14256 14292 14189
f 14342 14423 14362
f 14342 14362 14292
f 14423 14474 14415
f 14423 14415 14362
f 14474 14503 14440
f 14474 14440 14415
f 14503 14518 14459
f 14503 14459 14440
f 14459 14441 14372
f 14459 14372 14381
f 14441 14416 14339
f 14441 14339 14372
f 14416 14365 14294
f 14416 14294 14339
f 14365 14295 14212
f 14365 14212 14294
f 14295 14190 14131
f 14295 14131 14212
f 14190 14073 14006
f 14190 14006 14131
f 14073 13955 13864
f 14073 13864 14006
f 13955 13783 13713
f 13955 13713 13864
f 13783 13596 13528
f 13783 13528 13713
f 13596 13375 13319
f 13596 13319 13528
f 13375 13157 13097
f 13375 13097 13319
f 13157 12915 12846
f 13157 12846 13097
f 12915 12552 12469
f 12915 12469 12846
f 12552 12125 12031
f 12552 12031 12469
f 12125 11520 11446
f 12125 11446 12031
f 11520 11036 10976
f 11520 10976 11446
f 11036 10578 10540
f 11036 10540 10976
f 10578 10164 10112
f 10578 10112 10540
f 10164 9718 9686
f 10164 9686 10112
f 9718 9282 9248
f 9718 9248 9686
f 9282 8854 8818
f 9282 8818 9248
f 8854 8390 8360
f 8854 8360 8818
f 8390 7904 7890
f 8390 7890 8360
f 7904 7485 7480
f 7904 7480 7890
f 7485 6826 6842
f 7485 6842 7480
f 6826 6340 6364
f 6826 6364 6842
f 6340 5874 5906
f 6340 5906 6364
f 5874 5446 5476
f 5874 5476 5906
f 5446 5006 5042
f 5446 5042 5476
f 5006 4560 4614
f 5006 4614 5042
f 4560 4146 4184
f 4560 4184 4614
f 4146 3692 3752
f 4146 3752 4184
f 3692 3208 3280
f 3692 3280 3752
f 3208 2617 2712
f 3208 2712 3280
f 2617 2176 2265
f 2617 2265 2712
f 2176 1815 1882
f 2176 1882 2265
f 1815 1571 1631
f 1815 1631 1882
f 1571 1353 1409
f 1571 1409 1631
f 1353 1132 1200
f 1353 1200 1409
f 1132 945 1019
f 1132 1019 1200
f 945 773 864
f 945 864 1019
f 773 655 722
f 773 722 864
f 655 538 601
f 655 601 722
f 538 435 516
f 538 516 601
f 435 365 434
f 435 434 516
f 365 312 391
f 365 391 434
f 312 287 356
f 312 356 391
f 287 268 346
f 287 346 356
f 268 286 355
f 268 355 346
f 286 311 388
f 286 388 355
f 311 362 433
f 311 433 388
f 362 432 515
f 362 515 433
f 432 537 596
f 432 596 515
f 537 654 721
f 537 721 596
f 654 772 863
f 654 863 721
f 772 944 1014
f 772 1014 863
f 944 1131 1199
f 944 1199 1014
f 1131 1352 1408
f 1131 1408 1199
f 1352 1570 1630
f 1352 1630 1408
f 1570 1812 1881
f 1570 1881 1630
f 1812 2175 2258
f 1812 2258 1881
f 2175 2616 2698
f 2175 2698 2258
f 2616 3207 3277
f 2616 3277 2698
f 3207 3691 3751
f 3207 3751 3277
f 3691 4145 4183
f 3691 4183 3751
f 4145 4559 4611
f 4145 4611 4183
f 4559 5005 5037
f 4559 5037 4611
f 5005 5441 5475
f 5005 5475 5037
f 5441 5869 5905
f 5441 5905 5475
f 5869 6333 6363
f 5869 6363 5905
f 6333 6819 6833
f 6333 6833 6363
f 6819 7238 7243
f 6819 7243 6833
f 7238 7897 7881
f 7238 7881 7243
f 7897 8383 8359
f 7897 8359 7881
f 8383 8849 8817
f 8383 8817 8359
f 8849 9277 9247
f 8849 9247 8817
f 9277 9717 9681
f 9277 9681 9247
f 9717 10163 10109
f 9717 10109 9681
f 10163 10577 10539
f 10163 10539 10109
f 10577 11035 10975
f 10577 10975 10539
f 11035 11519 11443
f 11035 11443 10975
f 11519 12124 12017
f 11519 12017 11443
f 12124 12551 12462
f 12124 12462 12017
f 12551 12912 12845
f 12551 12845 12462
f 12912 13156 13096
f 12912 13096 12845
f 13156 13374 13318
f 13156 13318 13096
f 13374 13595 13527
f 13374 13527 13318
f 13595 13782 13708
f 13595 13708 13527
f 13782 13954 13863
f 13782 13863 13708
f 13954 14072 14005
f 13954 14005 13863
f 14072 14189 14126
f 14072 14126 14005
f 14189 14292 14211
f 14189 14211 14126
f 14292 14362 14293
f 14292 14293 14211
f 14362 14415 14336
f 14362 14336 14293
f 14415 14440 14371
f 14415 14371 14336
f 14440 14459 14381
f 14440 14381 14371
f 14381 14372 14290
f 14381 14290 14300
f 14372 14339 14260
f 14372 14260 14290
f 14339 14294 14203
f 14339 14203 14260
f 14294 14212 14138
f 14294 14138 14203
f 14212 14131 14035
f 14212 14035 14138
f 14131 14006 13929
f 14131 13929 14035
f 14006 13864 13789
f 14006 13789 13929
f 13864 13713 13629
f 13864 13629 13789
f 13713 13528 13452
f 13713 13452 13629
f 13528 13319 13239
f 13528 13239 13452
f 13319 13097 13017
f 13319 13017 13239
f 13097 12846 12771
f 13097 12771 13017
f 12846 12469 12379
f 12846 12379 12771
f 12469 12031 11883
f 12469 11883 12379
f 12031 11446 11366
f 12031 11366 11883
f 11446 10976 10918
f 11446 10918 11366
f 10976 10540 10498
f 10976 10498 10918
f 10540 10112 10068
f 10540 10068 10498
f 10112 9686 9662
f 10112 9662 10068
f 9686 9248 9216
f 9686 9216 9662
f 9248 8818 8790
f 9248 8790 9216
f 8818 8360 8343
f 8818 8343 8790
f 8360 7890 7867
f 8360 7867 8343
f 7890 7480 7476
f 7890 7476 7867
f 7480 6842 6865
f 7480 6865 7476
f 6842 6364 6389
f 6842 6389 6865
f 6364 5906 5938
f 6364 5938 6389
f 5906 5476 5508
f 5906 5508 5938
f 5476 5042 5062
f 5476 5062 5508
f 5042 4614 4656
f 5042 4656 5062
f 4614 4184 4226
f 4614 4226 4656
f 4184 3752 3806
f 4184 3806 4226
f 3752 3280 3362
f 3752 3362 3806
f 3280 2712 2845
f 3280 2845 3362
f 2712 2265 2355
f 2712 2355 2845
f 2265 1882 1963
f 2265 1963 2355
f 1882 1631 1713
f 1882 1713 1963
f 1631 1409 1489
f 1631 1489 1713
f 1409 1200 1276
f 1409 1276 1489
f 1200 1019 1103
f 1200 1103 1276
f 1019 864 939
f 1019 939 1103
f 864 722 799
f 864 799 939
f 722 601 695
f 722 695 799
f 601 516 591
f 601 591 695
f 516 434 527
f 516 527 591
f 434 391 468
f 434 468 527
f 391 356 438
f 391 438 468
f 356 346 427
f 356 427 438
f 346 355 437
f 346 437 427
f 355 388 467
f 355 467 437
f 388 433 524
f 388 524 467
f 433 515 589
f 433 589 524
f 515 596 692
f 515 692 589
f 596 721 798
f 596 798 692
f 721 863 938
f 721 938 798
f 863 1014 1098
f 863 1098 938
f 1014 1199 1275
f 1014 1275 1098
f 1199 1408 1488
f 1199 1488 1275
f 1408 1630 1710
f 1408 1710 1488
f 1630 1881 1956
f 1630 1956 1710
f 1881 2258 2354
f 1881 2354 1956
f 2258 2698 2844
f 2258 2844 2354
f 2698 3277 3361
f 2698 3361 2844
f 3277 3751 3805
f 3277 3805 3361
f 3751 4183 4225
f 3751 4225 3805
f 4183 4611 4655
f 4183 4655 4225
f 4611 5037 5061
f 4611 5061 4655
f 5037 5475 5507
f 5037 5507 5061
f 5475 5905 5933
f 5475 5933 5507
f 5905 6363 6380
f 5905 6380 5933
f 6363 6833 6856
f 6363 6856 6380
f 6833 7243 7247
f 6833 7247 6856
f 7243 7881 7858
f 7243 7858 7247
f 7881 8359 8334
f 7881 8334 7858
f 8359 8817 8785
f 8359 8785 8334
f 8817 9247 9215
f 8817 9215 8785
f 9247 9681 9661
f 9247 9661 9215
f 9681 10109 10067
f 9681 10067 9661
f 10109 10539 10497
f 10109 10497 10067
f 10539 10975 10917
f 10539 10917 10497
f 10975 11443 11365
f 10975 11365 10917
f 11443 12017 11882
f 11443 11882 11365
f 12017 12462 12378
f 12017 12378 11882
f 12462 12845 12764
f 12462 12764 12378
f 12845 13096 13014
f 12845 13014 12764
f 13096 13318 13238
f 13096 13238 13014
f 13318 13527 13451
f 13318 13451 13238
f 13527 13708 13624
f 13527 13624 13451
f 13708 13863 13788
f 13708 13788 13624
f 13863 14005 13928
f 13863 13928 13788
f 14005 14126 14032
f 14005 14032 13928
f 14126 14211 14136
f 14126 14136 14032
f 14211 14293 14200
f 14211 14200 14136
f 14293 14336 14259
f 14293 14259 14200
f 14336 14371 14289
f 14336 14289 14259
f 14371 14381 14300
f 14371 14300 14289
f 14300 14290 14185
f 14300 14185 14193
f 14290 14260 14162
f 14290 14162 14185
f 14260 14203 14117
f 14260 14117 14162
f 14203 14138 14028
f 14203 14028 14117
f 14138 14035 13960
f 14138 13960 14028
f 14035 13929 13821
f 14035 13821 13960
f 13929 13789 13702
f 13929 13702 13821
f 13789 13629 13534
f 13789 13534 13702
f 13629 13452 13349
f 13629 13349 13534
f 13452 13239 13160
f 13452 13160 13349
f 13239 13017 12942
f 13239 12942 13160
f 13017 12771 12656
f 13017 12656 12942
f 12771 12379 12259
f 12771 12259 12656
f 12379 11883 11762
f 12379 11762 12259
f 11883 11366 11278
f 11883 11278 11762
f 11366 10918 10854
f 11366 10854 11278
f 10918 10498 10432
f 10918 10432 10854
f 10498 10068 10018
f 10498 10018 10432
f 10068 9662 9614
f 10068 9614 10018
f 9662 9216 9186
f 9662 9186 9614
f 9216 8790 8758
f 9216 8758 9186
f 8790 8343 8320
f 8790 8320 8758
f 8343 7867 7852
f 8343 7852 8320
f 7867 7476 7471
f 7867 7471 7852
f 7476 6865 6878
f 7476 6878 7471
f 6865 6389 6404
f 6865 6404 6878
f 6389 5938 5966
f 6389 5966 6404
f 5938 5508 5538
f 5938 5538 5966
f 5508 5062 5112
f 5508 5112 5538
f 5062 4656 4706
f 5062 4706 5112
f 4656 4226 4292
f 4656 4292 4706
f 4226 3806 3876
f 4226 3876 4292
f 3806 3362 3452
f 3806 3452 3876
f 3362 2845 2966
f 3362 2966 3452
f 2845 2355 2479
f 2845 2479 2966
f 2355 1963 2074
f 2355 2074 2479
f 1963 1713 1788
f 1963 1788 2074
f 1713 1489 1568
f 1713 1568 1788
f 1489 1276 1379
f 1489 1379 1568
f 1276 1103 1194
f 1276 1194 1379
f 1103 939 1026
f 1103 1026 1194
f 939 799 907
f 939 907 1026
f 799 695 768
f 799 768 907
f 695 591 700
f 695 700 768
f 591 527 611
f 591 611 700
f 527 468 566
f 527 566 611
f 468 438 543
f 468 543 566
f 438 427 534
f 438 534 543
f 427 437 542
f 427 542 534
f 437 467 565
f 437 565 542
f 467 524 610
f 467 610 565
f 524 589 699
f 524 699 610
f 589 692 767
f 589 767 699
f 692 798 906
f 692 906 767
f 798 938 1025
f 798 1025 906
f 938 1098 1193
f 938 1193 1025
f 1098 1275 1378
f 1098 1378 1193
f 1275 1488 1567
f 1275 1567 1378
f 1488 1710 1785
f 1488 1785 1567
f 1710 1956 2071
f 1710 2071 1785
f 1956 2354 2478
f 1956 2478 2071
f 2354 2844 2965
f 2354 2965 2478
f 2844 3361 3449
f 2844 3449 2965
f 3361 3805 3869
f 3361 3869 3449
f 3805 4225 4291
f 3805 4291 3869
f 4225 4655 4705
f 4225 4705 4291
f 4655 5061 5109
f 4655 5109 4705
f 5061 5507 5537
f 5061 5537 5109
f 5507 5933 5965
f 5507 5965 5537
f 5933 6380 6403
f 5933 6403 5965
f 6380 6856 6871
f 6380 6871 6403
f 6856 7247 7252
f 6856 7252 6871
f 7247 7858 7845
f 7247 7845 7252
f 7858 8334 8319
f 7858 8319 7845
f 8334 8785 8757
f 8334 8757 8319
f 8785 9215 9185
f 8785 9185 8757
f 9215 9661 9611
f 9215 9611 9185
f 9661 10067 10017
f 9661 10017 9611
f 10067 10497 10431
f 10067 10431 10017
f 10497 10917 10847
f 10497 10847 10431
f 10917 11365 11275
f 10917 11275 10847
f 11365 11882 11761
f 11365 11761 11275
f 11882 12378 12258
f 11882 12258 11761
f 12378 12764 12653
f 12378 12653 12258
f 12764 13014 12939
f 12764 12939 12653
f 13014 13238 13159
f 13014 13159 12939
f 13238 13451 13348
f 13238 13348 13159
f 13451 13624 13533
f 13451 13533 13348
f 13624 13788 13701
f 13624 13701 13533
f 13788 13928 13820
f 13788 13820 13701
f 13928 14032 13959
f 13928 13959 13820
f 14032 14136 14027
f 14032 14027 13959
f 14136 14200 14116
f 14136 14116 14027
f 14200 14259 14161
f 14200 14161 14116
f 14259 14289 14184
f 14259 14184 14161
f 14289 14300 14193
f 14289 14193 14184
f 14193 14185 14081
f 14193 14081 14092
f 14185 14162 14053
f 14185 14053 14081
f 14162 14117 14002
f 14162 14002 14053
f 14117 14028 13937
f 14117 13937 14002
f 14028 13960 13835
f 14028 13835 13937
f 13960 13821 13729
f 13960 13729 13835
f 13821 13702 13593
f 13821 13593 13729
f 13702 13534 13426
f 13702 13426 13593
f 13534 13349 13255
f 13534 13255 13426
f 13349 13160 13074
f 13349 13074 13255
f 13160 12942 12850
f 13160 12850 13074
f 12942 12656 12522
f 12942 12522 12850
f 12656 12259 12151
f 12656 12151 12522
f 12259 11762 11598
f 12259 11598 12151
f 11762 11278 11150
f 11762 11150 11598
f 11278 10854 10772
f 11278 10772 11150
f 10854 10432 10390
f 10854 10390 10772
f 10432 10018 9976
f 10432 9976 10390
f 10018 9614 9562
f 10018 9562 9976
f 9614 9186 9164
f 9614 9164 9562
f 9186 8758 8740
f 9186 8740 9164
f 8758 8320 8294
f 8758 8294 8740
f 8320 7852 7836
f 8320 7836 8294
f 7852 7471 7467
f 7852 7467 7836
f 7471 6878 6888
f 7471 6888 7467
f 6878 6404 6432
f 6878 6432 6888
f 6404 5966 5986
f 6404 5986 6432
f 5966 5538 5564
f 5966 5564 5986
f 5538 5112 5162
f 5538 5162 5564
f 5112 4706 4748
f 5112 4748 5162
f 4706 4292 4340
f 4706 4340 4748
f 4292 3876 3956
f 4292 3956 4340
f 3876 3452 3574
f 3876 3574 3956
f 3452 2966 3130
f 3452 3130 3574
f 2966 2479 2592
f 2966 2592 3130
f 2479 2074 2206
f 2479 2206 2592
f 2074 1788 1880
f 2074 1880 2206
f 1788 1568 1654
f 1788 1654 1880
f 1568 1379 1475
f 1568 1475 1654
f 1379 1194 1302
f 1379 1302 1475
f 1194 1026 1135
f 1194 1135 1302
f 1026 907 999
f 1026 999 1135
f 907 768 893
f 907 893 999
f 768 700 792
f 768 792 893
f 700 611 728
f 700 728 792
f 611 566 676
f 611 676 728
f 566 543 647
f 566 647 676
f 543 534 635
f 543 635 647
f 534 542 646
f 534 646 635
f 542 565 674
f 542 674 646
f 565 610 725
f 565 725 674
f 610 699 790
f 610 790 725
f 699 767 892
f 699 892 790
f 767 906 998
f 767 998 892
f 906 1025 1134
f 906 1134 998
f 1025 1193 1301
f 1025 1301 1134
f 1193 1378 1472
f 1193 1472 1301
f 1378 1567 1653
f 1378 1653 1472
f 1567 1785 1877
f 1567 1877 1653
f 1785 2071 2205
f 1785 2205 1877
f 2071 2478 2590
f 2071 2590 2205
f 2478 2965 3129
f 2478 3129 2590
f 2965 3449 3573
f 2965 3573 3129
f 3449 3869 3951
f 3449 3951 3573
f 3869 4291 4337
f 3869 4337 3951
f 4291 4705 4747
f 4291 4747 4337
f 4705 5109 5161
f 4705 5161 4747
f 5109 5537 5559
f 5109 5559 5161
f 5537 5965 5983
f 5537 5983 5559
f 5965 6403 6429
f 5965 6429 5983
f 6403 6871 6887
f 6403 6887 6429
f 6871 7252 7256
f 6871 7256 6887
f 7252 7845 7835
f 7252 7835 7256
f 7845 8319 8291
f 7845 8291 7835
f 8319 8757 8737
f 8319 8737 8291
f 8757 9185 9159
f 8757 9159 8737
f 9185 9611 9561
f 9185 9561 9159
f 9611 10017 9975
f 9611 9975 9561
f 10017 10431 10387
f 10017 10387 9975
f 10431 10847 10767
f 10431 10767 10387
f 10847 11275 11149
f 10847 11149 10767
f 11275 11761 11597
f 11275 11597 11149
f 11761 12258 12149
f 11761 12149 11597
f 12258 12653 12521
f 12258 12521 12149
f 12653 12939 12847
f 12653 12847 12521
f 12939 13159 13073
f 12939 13073 12847
f 13159 13348 13252
f 13159 13252 13073
f 13348 13533 13425
f 13348 13425 13252
f 13533 13701 13592
f 13533 13592 13425
f 13701 13820 13728
f 13701 13728 13592
f 13820 13959 13834
f 13820 13834 13728
f 13959 14027 13935
f 13959 13935 13834
f 14027 14116 13999
f 14027 13999 13935
f 14116 14161 14051
f 14116 14051 13999
f 14161 14184 14080
f 14161 14080 14051
f 14184 14193 14092
f 14184 14092 14080
f 14092 14081 13971
f 14092 13971 13979
f 14081 14053 13946
f 14081 13946 13971
f 14053 14002 13880
f 14053 13880 13946
f 14002 13937 13816
f 14002 13816 13880
f 13937 13835 13724
f 13937 13724 13816
f 13835 13729 13611
f 13835 13611 13724
f 13729 13593 13477
f 13729 13477 13611
f 13593 13426 13326
f 13593 13326 13477
f 13426 13255 13155
f 13426 13155 13326
f 13255 13074 12966
f 13255 12966 13155
f 13074 12850 12722
f 13074 12722 12966
f 12850 12522 12393
f 12850 12393 12722
f 12522 12151 11985
f 12522 11985 12393
f 12151 11598 11468
f 12151 11468 11985
f 11598 11150 11054
f 11598 11054 11468
f 11150 10772 10648
f 11150 10648 11054
f 10772 10390 10290
f 10772 10290 10648
f 10390 9976 9934
f 10390 9934 10290
f 9976 9562 9522
f 9976 9522 9934
f 9562 9164 9132
f 9562 9132 9522
f 9164 8740 8702
f 9164 8702 9132
f 8740 8294 8270
f 8740 8270 8702
f 8294 7836 7818
f 8294 7818 8270
f 7836 7467 7462
f 7836 7462 7818
f 7467 6888 6906
f 7467 6906 7462
f 6888 6432 6464
f 6888 6464 6906
f 6432 5986 6026
f 6432 6026 6464
f 5986 5564 5596
f 5986 5596 6026
f 5564 5162 5202
f 5564 5202 5596
f 5162 4748 4790
f 5162 4790 5202
f 4748 4340 4434
f 4748 4434 4790
f 4340 3956 4082
f 4340 4082 4434
f 3956 3574 3670
f 3956 3670 4082
f 3574 3130 3256
f 3574 3256 3670
f 3130 2592 2753
f 3130 2753 3256
f 2592 2206 2345
f 2592 2345 2753
f 2206 1880 2010
f 2206 2010 2345
f 1880 1654 1762
f 1880 1762 2010
f 1654 1475 1575
f 1654 1575 1762
f 1475 1302 1402
f 1475 1402 1575
f 1302 1135 1251
f 1302 1251 1402
f 1135 999 1117
f 1135 1117 1251
f 999 893 1004
f 999 1004 1117
f 893 792 912
f 893 912 1004
f 792 728 848
f 792 848 912
f 728 676 782
f 728 782 848
f 676 647 757
f 676 757 782
f 647 635 748
f 647 748 757
f 635 646 756
f 635 756 748
f 646 674 781
f 646 781 756
f 674 725 847
f 674 847 781
f 725 790 911
f 725 911 847
f 790 892 1003
f 790 1003 911
f 892 998 1116
f 892 1116 1003
f 998 1134 1250
f 998 1250 1116
f 1134 1301 1401
f 1134 1401 1250
f 1301 1472 1572
f 1301 1572 1401
f 1472 1653 1761
f 1472 1761 1572
f 1653 1877 2005
f 1653 2005 1761
f 1877 2205 2340
f 1877 2340 2005
f 2205 2590 2748
f 2205 2748 2340
f 2590 3129 3255
f 2590 3255 2748
f 3129 3573 3669
f 3129 3669 3255
f 3573 3951 4079
f 3573 4079 3669
f 3951 4337 4433
f 3951 4433 4079
f 4337 4747 4789
f 4337 4789 4433
f 4747 5161 5201
f 4747 5201 4789
f 5161 5559 5591
f 5161 5591 5201
f 5559 5983 6021
f 5559 6021 5591
f 5983 6429 6453
f 5983 6453 6021
f 6429 6887 6905
f 6429 6905 6453
f 6887 7256 7261
f 6887 7261 6905
f 7256 7835 7817
f 7256 7817 7261
f 7835 8291 8259
f 7835 8259 7817
f 8291 8737 8697
f 8291 8697 8259
f 8737 9159 9127
f 8737 9127 8697
f 9159 9561 9521
f 9159 9521 9127
f 9561 9975 9933
f 9561 9933 9521
f 9975 10387 10289
f 9975 10289 9933
f 10387 10767 10645
f 10387 10645 10289
f 10767 11149 11053
f 10767 11053 10645
f 11149 11597 11467
f 11149 11467 11053
f 11597 12149 11978
f 11597 11978 11467
f 12149 12521 12388
f 12149 12388 11978
f 12521 12847 12717
f 12521 12717 12388
f 12847 13073 12965
f 12847 12965 12717
f 13073 13252 13152
f 13073 13152 12965
f 13252 13425 13325
f 13252 13325 13152
f 13425 13592 13476
f 13425 13476 13325
f 13592 13728 13610
f 13592 13610 13476
f 13728 13834 13723
f 13728 13723 13610
f 13834 13935 13815
f 13834 13815 13723
f 13935 13999 13879
f 13935 13879 13815
f 13999 14051 13945
f 13999 13945 13879
f 14051 14080 13970
f 14051 13970 13945
f 14080 14092 13979
f 14080 13979 13970
f 13979 13971 13840
f 13979 13840 13850
f 13971 13946 13810
f 13971 13810 13840
f 13946 13880 13771
f 13946 13771 13810
f 13880 13816 13696
f 13880 13696 13771
f 13816 13724 13608
f 13816 13608 13696
f 13724 13611 13489
f 13724 13489 13608
f 13611 13477 13354
f 13611 13354 13489
f 13477 13326 13215
f 13477 13215 13354
f 13326 13155 13050
f 13326 13050 13215
f 13155 12966 12861
f 13155 12861 13050
f 12966 12722 12575
f 12966 12575 12861
f 12722 12393 12242
f 12722 12242 12575
f 12393 11985 11788
f 12393 11788 12242
f 11985 11468 11357
f 11985 11357 11788
f 11468 11054 10955
f 11468 10955 11357
f 11054 10648 10561
f 11054 10561 10955
f 10648 10290 10201
f 10648 10201 10561
f 10290 9934 9871
f 10290 9871 10201
f 9934 9522 9483
f 9934 9483 9871
f 9522 9132 9081
f 9522 9081 9483
f 9132 8702 8661
f 9132 8661 9081
f 8702 8270 8228
f 8702 8228 8661
f 8270 7818 7797
f 8270 7797 8228
f 7818 7462 7458
f 7818 7458 7797
f 7462 6906 6929
f 7462 6929 7458
f 6906 6464 6498
f 6906 6498 6929
f 6464 6026 6071
f 6464 6071 6498
f 6026 5596 5645
f 6026 5645 6071
f 5596 5202 5241
f 5596 5241 5645
f 5202 4790 4853
f 5202 4853 5241
f 4790 4434 4523
f 4790 4523 4853
f 4434 4082 4163
f 4434 4163 4523
f 4082 3670 3773
f 4082 3773 4163
f 3670 3256 3373
f 3670 3373 3773
f 3256 2753 2940
f 3256 2940 3373
f 2753 2345 2496
f 2753 2496 2940
f 2345 2010 2153
f 2345 2153 2496
f 2010 1762 1867
f 2010 1867 2153
f 1762 1575 1680
f 1762 1680 1867
f 1575 1402 1515
f 1575 1515 1680
f 1402 1251 1374
f 1402 1374 1515
f 1251 1117 1241
f 1251 1241 1374
f 1117 1004 1123
f 1117 1123 1241
f 1004 912 1032
f 1004 1032 1123
f 912 848 957
f 912 957 1032
f 848 782 918
f 848 918 957
f 782 757 888
f 782 888 918
f 757 748 877
f 757 877 888
f 748 756 886
f 748 886 877
f 756 781 917
f 756 917 886
f 781 847 955
f 781 955 917
f 847 911 1030
f 847 1030 955
f 911 1003 1118
f 911 1118 1030
f 1003 1116 1238
f 1003 1238 1118
f 1116 1250 1372
f 1116 1372 1238
f 1250 1401 1511
f 1250 1511 1372
f 1401 1572 1676
f 1401 1676 1511
f 1572 1761 1865
f 1572 1865 1676
f 1761 2005 2151
f 1761 2151 1865
f 2005 2340 2494
f 2005 2494 2151
f 2340 2748 2938
f 2340 2938 2494
f 2748 3255 3369
f 2748 3369 2938
f 3255 3669 3767
f 3255 3767 3369
f 3669 4079 4161
f 3669 4161 3767
f 4079 4433 4521
f 4079 4521 4161
f 4433 4789 4852
f 4433 4852 4521
f 4789 5201 5239
f 4789 5239 4852
f 5201 5591 5641
f 5201 5641 5239
f 5591 6021 6061
f 5591 6061 5641
f 6021 6453 6495
f 6021 6495 6061
f 6453 6905 6925
f 6453 6925 6495
f 6905 7261 7265
f 6905 7265 6925
f 7261 7817 7793
f 7261 7793 7265
f 7817 8259 8225
f 7817 8225 7793
f 8259 8697 8651
f 8259 8651 8225
f 8697 9127 9077
f 8697 9077 8651
f 9127 9521 9481
f 9127 9481 9077
f 9521 9933 9870
f 9521 9870 9481
f 9933 10289 10199
f 9933 10199 9870
f 10289 10645 10559
f 10289 10559 10199
f 10645 11053 10949
f 10645 10949 10559
f 11053 11467 11353
f 11053 11353 10949
f 11467 11978 11786
f 11467 11786 11353
f 11978 12388 12240
f 11978 12240 11786
f 12388 12717 12573
f 12388 12573 12240
f 12717 12965 12859
f 12717 12859 12573
f 12965 13152 13046
f 12965 13046 12859
f 13152 13325 13211
f 13152 13211 13046
f 13325 13476 13352
f 13325 13352 13211
f 13476 13610 13486
f 13476 13486 13352
f 13610 13723 13603
f 13610 13603 13486
f 13723 13815 13694
f 13723 13694 13603
f 13815 13879 13769
f 13815 13769 13694
f 13879 13945 13809
f 13879 13809 13769
f 13945 13970 13838
f 13945 13838 13809
f 13970 13979 13850
f 13970 13850 13838
f 13850 13840 13711
f 13850 13711 13718
f 13840 13810 13670
f 13840 13670 13711
f 13810 13771 13632
f 13810 13632 13670
f 13771 13696 13565
f 13771 13565 13632
f 13696 13608 13472
f 13696 13472 13565
f 13608 13489 13360
f 13608 13360 13472
f 13489 13354 13231
f 13489 13231 13360
f 13354 13215 13094
f 13354 13094 13231
f 13215 13050 12927
f 13215 12927 13094
f 13050 12861 12708
f 13050 12708 12927
f 12861 12575 12409
f 12861 12409 12708
f 12575 12242 12086
f 12575 12086 12409
f 12242 11788 11588
f 12242 11588 12086
f 11788 11357 11204
f 11788 11204 11588
f 11357 10955 10860
f 11357 10860 11204
f 10955 10561 10484
f 10955 10484 10860
f 10561 10201 10126
f 10561 10126 10484
f 10201 9871 9754
f 10201 9754 10126
f 9871 9483 9432
f 9871 9432 9754
f 9483 9081 9044
f 9483 9044 9432
f 9081 8661 8630
f 9081 8630 9044
f 8661 8228 8210
f 8661 8210 8630
f 8228 7797 7786
f 8228 7786 8210
f 7797 7458 7452
f 7797 7452 7786
f 7458 6929 6938
f 7458 6938 7452
f 6929 6498 6516
f 6929 6516 6938
f 6498 6071 6094
f 6498 6094 6516
f 6071 5645 5680
f 6071 5680 6094
f 5645 5241 5294
f 5645 5294 5680
f 5241 4853 4970
f 5241 4970 5294
f 4853 4523 4606
f 4853 4606 4970
f 4523 4163 4240
f 4523 4240 4606
f 4163 3773 3868
f 4163 3868 4240
f 3773 3373 3520
f 3773 3520 3868
f 3373 2940 3140
f 3373 3140 3520
f 2940 2496 2650
f 2940 2650 3140
f 2496 2153 2325
f 2496 2325 2650
f 2153 1867 2028
f 2153 2028 2325
f 1867 1680 1801
f 1867 1801 2028
f 1680 1515 1634
f 1680 1634 1801
f 1515 1374 1497
f 1515 1497 1634
f 1374 1241 1368
f 1374 1368 1497
f 1241 1123 1256
f 1241 1256 1368
f 1123 1032 1163
f 1123 1163 1256
f 1032 957 1096
f 1032 1096 1163
f 957 918 1058
f 957 1058 1096
f 918 888 1017
f 918 1017 1058
f 888 877 1009
f 888 1009 1017
f 877 886 1016
f 877 1016 1009
f 886 917 1057
f 886 1057 1016
f 917 955 1095
f 917 1095 1057
f 955 1030 1162
f 955 1162 1095
f 1030 1118 1255
f 1030 1255 1162
f 1118 1238 1367
f 1118 1367 1255
f 1238 1372 1496
f 1238 1496 1367
f 1372 1511 1633
f 1372 1633 1496
f 1511 1676 1800
f 1511 1800 1633
f 1676 1865 2019
f 1676 2019 1800
f 1865 2151 2324
f 1865 2324 2019
f 2151 2494 2647
f 2151 2647 2324
f 2494 2938 3139
f 2494 3139 2647
f 2938 3369 3519
f 2938 3519 3139
f 3369 3767 3863
f 3369 3863 3519
f 3767 4161 4239
f 3767 4239 3863
f 4161 4521 4597
f 4161 4597 4239
f 4521 4852 4969
f 4521 4969 4597
f 4852 5239 5291
f 4852 5291 4969
f 5239 5641 5679
f 5239 5679 5291
f 5641 6061 6093
f 5641 6093 5679
f 6061 6495 6513
f 6061 6513 6093
f 6495 6925 6937
f 6495 6937 6513
f 6925 7265 7271
f 6925 7271 6937
f 7265 7793 7785
f 7265 7785 7271
f 7793 8225 8207
f 7793 8207 7785
f 8225 8651 8629
f 8225 8629 8207
f 8651 9077 9043
f 8651 9043 8629
f 9077 9481 9429
f 9077 9429 9043
f 9481 9870 9753
f 9481 9753 9429
f 9870 10199 10117
f 9870 10117 9753
f 10199 10559 10483
f 10199 10483 10117
f 10559 10949 10855
f 10559 10855 10483
f 10949 11353 11203
f 10949 11203 10855
f 11353 11786 11587
f 11353 11587 11203
f 11786 12240 12083
f 11786 12083 11587
f 12240 12573 12408
f 12240 12408 12083
f 12573 12859 12699
f 12573 12699 12408
f 12859 13046 12926
f 12859 12926 12699
f 13046 13211 13093
f 13046 13093 12926
f 13211 13352 13230
f 13211 13230 13093
f 13352 13486 13359
f 13352 13359 13230
f 13486 13603 13471
f 13486 13471 13359
f 13603 13694 13564
f 13603 13564 13471
f 13694 13769 13631
f 13694 13631 13564
f 13769 13809 13669
f 13769 13669 13631
f 13809 13838 13710
f 13809 13710 13669
f 13838 13850 13718
f 13838 13718 13710
f 13718 13711 13574
f 13718 13574 13580
f 13711 13670 13544
f 13711 13544 13574
f 13670 13632 13491
f 13670 13491 13544
f 13632 13565 13418
f 13632 13418 13491
f 13565 13472 13332
f 13565 13332 13418
f 13472 13360 13229
f 13472 13229 13332
f 13360 13231 13108
f 13360 13108 13229
f 13231 13094 12972
f 13231 12972 13108
f 13094 12927 12804
f 13094 12804 12972
f 12927 12708 12544
f 12927 12544 12804
f 12708 12409 12250
f 12708 12250 12544
f 12409 12086 11855
f 12409 11855 12250
f 12086 11588 11442
f 12086 11442 11855
f 11588 11204 11074
f 11588 11074 11442
f 11204 10860 10756
f 11204 10756 11074
f 10860 10484 10410
f 10860 10410 10756
f 10484 10126 10036
f 10484 10036 10410
f 10126 9754 9692
f 10126 9692 10036
f 9754 9432 9361
f 9754 9361 9692
f 9432 9044 9004
f 9432 9004 9361
f 9044 8630 8612
f 9044 8612 9004
f 8630 8210 8188
f 8630 8188 8612
f 8210 7786 7774
f 8210 7774 8188
f 7786 7452 7448
f 7786 7448 7774
f 7452 6938 6950
f 7452 6950 7448
f 6938 6516 6536
f 6938 6536 6950
f 6516 6094 6112
f 6516 6112 6536
f 6094 5680 5720
f 6094 5720 6112
f 5680 5294 5367
f 5680 5367 5720
f 5294 4970 5032
f 5294 5032 5367
f 4970 4606 4692
f 4970 4692 5032
f 4606 4240 4314
f 4606 4314 4692
f 4240 3868 3978
f 4240 3978 4314
f 3868 3520 3650
f 3868 3650 3978
f 3520 3140 3284
f 3520 3284 3650
f 3140 2650 2875
f 3140 2875 3284
f 2650 2325 2488
f 2650 2488 2875
f 2325 2028 2184
f 2325 2184 2488
f 2028 1801 1924
f 2028 1924 2184
f 1801 1634 1756
f 1801 1756 1924
f 1634 1497 1620
f 1634 1620 1756
f 1497 1368 1500
f 1497 1500 1620
f 1368 1256 1396
f 1368 1396 1500
f 1256 1163 1310
f 1256 1310 1396
f 1163 1096 1237
f 1163 1237 1310
f 1096 1058 1184
f 1096 1184 1237
f 1058 1017 1154
f 1058 1154 1184
f 1017 1009 1147
f 1017 1147 1154
f 1009 1016 1153
f 1009 1153 1147
f 1016 1057 1183
f 1016 1183 1153
f 1057 1095 1236
f 1057 1236 1183
f 1095 1162 1309
f 1095 1309 1236
f 1162 1255 1395
f 1162 1395 1309
f 1255 1367 1498
f 1255 1498 1395
f 1367 1496 1619
f 1367 1619 1498
f 1496 1633 1755
f 1496 1755 1619
f 1633 1800 1923
f 1633 1923 1755
f 1800 2019 2183
f 1800 2183 1923
f 2019 2324 2487
f 2019 2487 2183
f 2324 2647 2872
f 2324 2872 2487
f 2647 3139 3281
f 2647 3281 2872
f 3139 3519 3649
f 3139 3649 3281
f 3519 3863 3967
f 3519 3967 3649
f 3863 4239 4313
f 3863 4313 3967
f 4239 4597 4687
f 4239 4687 4313
f 4597 4969 5031
f 4597 5031 4687
f 4969 5291 5362
f 4969 5362 5031
f 5291 5679 5719
f 5291 5719 5362
f 5679 6093 6111
f 5679 6111 5719
f 6093 6513 6535
f 6093 6535 6111
f 6513 6937 6949
f 6513 6949 6535
f 6937 7271 7275
f 6937 7275 6949
f 7271 7785 7773
f 7271 7773 7275
f 7785 8207 8187
f 7785 8187 7773
f 8207 8629 8611
f 8207 8611 8187
f 8629 9043 9003
f 8629 9003 8611
f 9043 9429 9356
f 9043 9356 9003
f 9429 9753 9691
f 9429 9691 9356
f 9753 10117 10031
f 9753 10031 9691
f 10117 10483 10409
f 10117 10409 10031
f 10483 10855 10745
f 10483 10745 10409
f 10855 11203 11073
f 10855 11073 10745
f 11203 11587 11439
f 11203 11439 11073
f 11587 12083 11852
f 11587 11852 11439
f 12083 12408 12249
f 12083 12249 11852
f 12408 12699 12543
f 12408 12543 12249
f 12699 12926 12803
f 12699 12803 12543
f 12926 13093 12971
f 12926 12971 12803
f 13093 13230 13107
f 13093 13107 12971
f 13230 13359 13227
f 13230 13227 13107
f 13359 13471 13331
f 13359 13331 13227
f 13471 13564 13417
f 13471 13417 13331
f 13564 13631 13490
f 13564 13490 13417
f 13631 13669 13543
f 13631 13543 13490
f 13669 13710 13573
f 13669 13573 13543
f 13710 13718 13580
f 13710 13580 13573
f 13580 13574 13422
f 13580 13422 13432
f 13574 13544 13394
f 13574 13394 13422
f 13544 13491 13344
f 13544 13344 13394
f 13491 13418 13285
f 13491 13285 13344
f 13418 13332 13202
f 13418 13202 13285
f 13332 13229 13106
f 13332 13106 13202
f 13229 13108 12980
f 13229 12980 13106
f 13108 12972 12837
f 13108 12837 12980
f 12972 12804 12621
f 12972 12621 12837
f 12804 12544 12363
f 12804 12363 12621
f 12544 12250 12078
f 12544 12078 12363
f 12250 11855 11637
f 12250 11637 12078
f 11855 11442 11298
f 11855 11298 11637
f 11442 11074 10954
f 11442 10954 11298
f 11074 10756 10608
f 11074 10608 10954
f 10756 10410 10304
f 10756 10304 10608
f 10410 10036 9980
f 10410 9980 10304
f 10036 9692 9644
f 10036 9644 9980
f 9692 9361 9270
f 9692 9270 9644
f 9361 9004 8969
f 9361 8969 9270
f 9004 8612 8590
f 9004 8590 8969
f 8612 8188 8172
f 8612 8172 8590
f 8188 7774 7762
f 8188 7762 8172
f 7774 7448 7444
f 7774 7444 7762
f 7448 6950 6968
f 7448 6968 7444
f 6950 6536 6554
f 6950 6554 6968
f 6536 6112 6144
f 6536 6144 6554
f 6112 5720 5757
f 6112 5757 6144
f 5720 5367 5456
f 5720 5456 5757
f 5367 5032 5084
f 5367 5084 5456
f 5032 4692 4746
f 5032 4746 5084
f 4692 4314 4426
f 4692 4426 4746
f 4314 3978 4118
f 4314 4118 4426
f 3978 3650 3772
f 3978 3772 4118
f 3650 3284 3434
f 3650 3434 3772
f 3284 2875 3097
f 3284 3097 3434
f 2875 2488 2666
f 2875 2666 3097
f 2488 2184 2373
f 2488 2373 2666
f 2184 1924 2109
f 2184 2109 2373
f 1924 1756 1893
f 1924 1893 2109
f 1756 1620 1752
f 1756 1752 1893
f 1620 1500 1624
f 1620 1624 1752
f 1500 1396 1528
f 1500 1528 1624
f 1396 1310 1446
f 1396 1446 1528
f 1310 1237 1386
f 1310 1386 1446
f 1237 1184 1336
f 1237 1336 1386
f 1184 1154 1308
f 1184 1308 1336
f 1154 1147 1296
f 1154 1296 1308
f 1147 1153 1306
f 1147 1306 1296
f 1153 1183 1334
f 1153 1334 1306
f 1183 1236 1384
f 1183 1384 1334
f 1236 1309 1443
f 1236 1443 1384
f 1309 1395 1526
f 1309 1526 1443
f 1395 1498 1622
f 1395 1622 1526
f 1498 1619 1748
f 1498 1748 1622
f 1619 1755 1891
f 1619 1891 1748
f 1755 1923 2107
f 1755 2107 1891
f 1923 2183 2371
f 1923 2371 2107
f 2183 2487 2656
f 2183 2656 2371
f 2487 2872 3091
f 2487 3091 2656
f 2872 3281 3430
f 2872 3430 3091
f 3281 3649 3770
f 3281 3770 3430
f 3649 3967 4116
f 3649 4116 3770
f 3967 4313 4420
f 3967 4420 4116
f 4313 4687 4744
f 4313 4744 4420
f 4687 5031 5080
f 4687 5080 4744
f 5031 5362 5454
f 5031 5454 5080
f 5362 5719 5755
f 5362 5755 5454
f 5719 6111 6134
f 5719 6134 5755
f 6111 6535 6552
f 6111 6552 6134
f 6535 6949 6962
f 6535 6962 6552
f 6949 7275 7280
f 6949 7280 6962
f 7275 7773 7756
f 7275 7756 7280
f 7773 8187 8170
f 7773 8170 7756
f 8187 8611 8580
f 8187 8580 8170
f 8611 9003 8967
f 8611 8967 8580
f 9003 9356 9268
f 9003 9268 8967
f 9356 9691 9640
f 9356 9640 9268
f 9691 10031 9978
f 9691 9978 9640
f 10031 10409 10298
f 10031 10298 9978
f 10409 10745 10606
f 10409 10606 10298
f 10745 11073 10952
f 10745 10952 10606
f 11073 11439 11294
f 11073 11294 10952
f 11439 11852 11631
f 11439 11631 11294
f 11852 12249 12068
f 11852 12068 11631
f 12249 12543 12361
f 12249 12361 12068
f 12543 12803 12619
f 12543 12619 12361
f 12803 12971 12835
f 12803 12835 12619
f 12971 13107 12976
f 12971 12976 12835
f 13107 13227 13104
f 13107 13104 12976
f 13227 13331 13200
f 13227 13200 13104
f 13331 13417 13282
f 13331 13282 13200
f 13417 13490 13342
f 13417 13342 13282
f 13490 13543 13392
f 13490 13392 13342
f 13543 13573 13420
f 13543 13420 13392
f 13573 13580 13432
f 13573 13432 13420
f 13432 13422 13066
f 13432 13066 13078
f 13422 13394 13037
f 13422 13037 13066
f 13394 13344 12988
f 13394 12988 13037
f 13344 13285 12932
f 13344 12932 12988
f 13285 13202 12855
f 13285 12855 12932
f 13202 13106 12726
f 13202 12726 12855
f 13106 12980 12556
f 13106 12556 12726
f 12980 12837 12368
f 12980 12368 12556
f 12837 12621 12155
f 12837 12155 12368
f 12621 12363 11822
f 12621 11822 12155
f 12363 12078 11506
f 12363 11506 11822
f 12078 11637 11208
f 12078 11208 11506
f 11637 11298 10934
f 11637 10934 11208
f 11298 10954 10626
f 11298 10626 10934
f 10954 10608 10371
f 10954 10371 10626
f 10608 10304 10058
f 10608 10058 10371
f 10304 9980 9743
f 10304 9743 10058
f 9980 9644 9478
f 9980 9478 9743
f 9644 9270 9150
f 9644 9150 9478
f 9270 8969 8808
f 9270 8808 9150
f 8969 8590 8522
f 8969 8522 8808
f 8590 8172 8136
f 8590 8136 8522
f 8172 7762 7726
f 8172 7726 8136
f 7762 7444 7436
f 7762 7436 7726
f 7444 6968 7000
f 7444 7000 7436
f 6968 6554 6590
f 6968 6590 7000
f 6554 6144 6204
f 6554 6204 6590
f 6144 5757 5918
f 6144 5918 6204
f 5757 5456 5584
f 5757 5584 5918
f 5456 5084 5248
f 5456 5248 5584
f 5084 4746 4985
f 5084 4985 5248
f 4746 4426 4684
f 4746 4684 4985
f 4426 4118 4363
f 4426 4363 4684
f 4118 3772 4104
f 4118 4104 4363
f 3772 3434 3792
f 3772 3792 4104
f 3434 3097 3518
f 3434 3518 3792
f 3097 2666 3224
f 3097 3224 3518
f 2666 2373 2908
f 2666 2908 3224
f 2373 2109 2589
f 2373 2589 2908
f 2109 1893 2368
f 2109 2368 2589
f 1893 1752 2174
f 1893 2174 2368
f 1752 1624 2004
f 1752 2004 2174
f 1624 1528 1875
f 1624 1875 2004
f 1528 1446 1798
f 1528 1798 1875
f 1446 1386 1742
f 1446 1742 1798
f 1386 1336 1693
f 1386 1693 1742
f 1336 1308 1664
f 1336 1664 1693
f 1308 1296 1650
f 1308 1650 1664
f 1296 1306 1662
f 1296 1662 1650
f 1306 1334 1691
f 1306 1691 1662
f 1334 1384 1740
f 1334 1740 1691
f 1384 1443 1796
f 1384 1796 1740
f 1443 1526 1873
f 1443 1873 1796
f 1526 1622 2002
f 1526 2002 1873
f 1622 1748 2172
f 1622 2172 2002
f 1748 1891 2366
f 1748 2366 2172
f 1891 2107 2587
f 1891 2587 2366
f 2107 2371 2906
f 2107 2906 2587
f 2371 2656 3222
f 2371 3222 2906
f 2656 3091 3516
f 2656 3516 3222
f 3091 3430 3790
f 3091 3790 3516
f 3430 3770 4098
f 3430 4098 3790
f 3770 4116 4357
f 3770 4357 4098
f 4116 4420 4666
f 4116 4666 4357
f 4420 4744 4981
f 4420 4981 4666
f 4744 5080 5246
f 4744 5246 4981
f 5080 5454 5574
f 5080 5574 5246
f 5454 5755 5916
f 5454 5916 5574
f 5755 6134 6202
f 5755 6202 5916
f 6134 6552 6588
f 6134 6588 6202
f 6552 6962 6998
f 6552 6998 6588
f 6962 7280 7288
f 6962 7288 6998
f 7280 7756 7724
f 7280 7724 7288
f 7756 8170 8134
f 7756 8134 7724
f 8170 8580 8520
f 8170 8520 8134
f 8580 8967 8806
f 8580 8806 8520
f 8967 9268 9140
f 8967 9140 8806
f 9268 9640 9476
f 9268 9476 9140
f 9640 9978 9739
f 9640 9739 9476
f 9978 10298 10040
f 9978 10040 9739
f 10298 10606 10365
f 10298 10365 10040
f 10606 10952 10620
f 10606 10620 10365
f 10952 11294 10932
f 10952 10932 10620
f 11294 11631 11206
f 11294 11206 10932
f 11631 12068 11504
f 11631 11504 11206
f 12068 12361 11820
f 12068 11820 11504
f 12361 12619 12153
f 12361 12153 11820
f 12619 12835 12366
f 12619 12366 12153
f 12835 12976 12554
f 12835 12554 12366
f 12976 13104 12724
f 12976 12724 12554
f 13104 13200 12853
f 13104 12853 12724
f 13200 13282 12930
f 13200 12930 12853
f 13282 13342 12986
f 13282 12986 12930
f 13342 13392 13035
f 13342 13035 12986
f 13392 13420 13064
f 13392 13064 13035
f 13420 13432 13078
f 13420 13078 13064
f 13078 13066 12627
f 13078 12627 12641
f 13066 13037 12594
f 13066 12594 12627
f 13037 12988 12529
f 13037 12529 12594
f 12988 12932 12437
f 12988 12437 12529
f 12932 12855 12337
f 12932 12337 12437
f 12855 12726 12202
f 12855 12202 12337
f 12726 12556 12035
f 12726 12035 12202
f 12556 12368 11782
f 12556 11782 12035
f 12368 12155 11534
f 12368 11534 11782
f 12155 11822 11311
f 12155 11311 11534
f 11822 11506 11066
f 11822 11066 11311
f 11506 11208 10837
f 11506 10837 11066
f 11208 10934 10570
f 11208 10570 10837
f 10934 10626 10355
f 10934 10355 10570
f 10626 10371 10086
f 10626 10086 10355
f 10371 10058 9846
f 10371 9846 10086
f 10058 9743 9546
f 10058 9546 9846
f 9743 9478 9255
f 9743 9255 9546
f 9478 9150 9008
f 9478 9008 9255
f 9150 8808 8678
f 9150 8678 9008
f 8808 8522 8388
f 8808 8388 8678
f 8522 8136 8084
f 8522 8084 8388
f 8136 7726 7682
f 8136 7682 8084
f 7726 7436 7418
f 7726 7418 7682
f 7436 7000 7048
f 7436 7048 7418
f 7000 6590 6642
f 7000 6642 7048
f 6590 6204 6338
f 6590 6338 6642
f 6204 5918 6048
f 6204 6048 6338
f 5918 5584 5718
f 5918 5718 6048
f 5584 5248 5471
f 5584 5471 5718
f 5248 4985 5180
f 5248 5180 5471
f 4985 4684 4886
f 4985 4886 5180
f 4684 4363 4640
f 4684 4640 4886
f 4363 4104 4371
f 4363 4371 4640
f 4104 3792 4156
f 4104 4156 4371
f 3792 3518 3889
f 3792 3889 4156
f 3518 3224 3660
f 3518 3660 3889
f 3224 2908 3419
f 3224 3419 3660
f 2908 2589 3200
f 2908 3200 3419
f 2589 2368 2950
f 2589 2950 3200
f 2368 2174 2697
f 2368 2697 2950
f 2174 2004 2542
f 2174 2542 2697
f 2004 1875 2403
f 2004 2403 2542
f 1875 1798 2295
f 1875 2295 2403
f 1798 1742 2201
f 1798 2201 2295
f 1742 1693 2136
f 1742 2136 2201
f 1693 1664 2103
f 1693 2103 2136
f 1664 1650 2087
f 1664 2087 2103
f 1650 1662 2101
f 1650 2101 2087
f 1662 1691 2134
f 1662 2134 2101
f 1691 1740 2199
f 1691 2199 2134
f 1740 1796 2293
f 1740 2293 2199
f 1796 1873 2401
f 1796 2401 2293
f 1873 2002 2540
f 1873 2540 2401
f 2002 2172 2695
f 2002 2695 2540
f 2172 2366 2946
f 2172 2946 2695
f 2366 2587 3194
f 2366 3194 2946
f 2587 2906 3417
f 2587 3417 3194
f 2906 3222 3658
f 2906 3658 3417
f 3222 3516 3887
f 3222 3887 3658
f 3516 3790 4154
f 3516 4154 3887
f 3790 4098 4369
f 3790 4369 4154
f 4098 4357 4638
f 4098 4638 4369
f 4357 4666 4878
f 4357 4878 4638
f 4666 4981 5178
f 4666 5178 4878
f 4981 5246 5469
f 4981 5469 5178
f 5246 5574 5716
f 5246 5716 5469
f 5574 5916 6046
f 5574 6046 5716
f 5916 6202 6336
f 5916 6336 6046
f 6202 6588 6640
f 6202 6640 6336
f 6588 6998 7042
f 6588 7042 6640
f 6998 7288 7306
f 6998 7306 7042
f 7288 7724 7676
f 7288 7676 7306
f 7724 8134 8082
f 7724 8082 7676
f 8134 8520 8386
f 8134 8386 8082
f 8520 8806 8676
f 8520 8676 8386
f 8806 9140 9006
f 8806 9006 8676
f 9140 9476 9253
f 9140 9253 9006
f 9476 9739 9544
f 9476 9544 9253
f 9739 10040 9838
f 9739 9838 9544
f 10040 10365 10084
f 10040 10084 9838
f 10365 10620 10353
f 10365 10353 10084
f 10620 10932 10568
f 10620 10568 10353
f 10932 11206 10835
f 10932 10835 10568
f 11206 11504 11064
f 11206 11064 10835
f 11504 11820 11309
f 11504 11309 11064
f 11820 12153 11528
f 11820 11528 11309
f 12153 12366 11778
f 12153 11778 11528
f 12366 12554 12033
f 12366 12033 11778
f 12554 12724 12200
f 12554 12200 12033
f 12724 12853 12335
f 12724 12335 12200
f 12853 12930 12435
f 12853 12435 12335
f 12930 12986 12527
f 12930 12527 12435
f 12986 13035 12592
f 12986 12592 12527
f 13035 13064 12625
f 13035 12625 12592
f 13064 13078 12641
f 13064 12641 12625
f 12641 12627 12044
f 12641 12044 12055
f 12627 12594 11992
f 12627 11992 12044
f 12594 12529 11894
f 12594 11894 11992
f 12529 12437 11800
f 12529 11800 11894
f 12437 12337 11671
f 12437 11671 11800
f 12337 12202 11532
f 12337 11532 11671
f 12202 12035 11390
f 12202 11390 11532
f 12035 11782 11213
f 12035 11213 11390
f 11782 11534 11042
f 11782 11042 11213
f 11534 11311 10873
f 11534 10873 11042
f 11311 11066 10667
f 11311 10667 10873
f 11066 10837 10480
f 11066 10480 10667
f 10837 10570 10264
f 10837 10264 10480
f 10570 10355 10035
f 10570 10035 10264
f 10355 10086 9844
f 10355 9844 10035
f 10086 9846 9582
f 10086 9582 9844
f 9846 9546 9360
f 9846 9360 9582
f 9546 9255 9098
f 9546 9098 9360
f 9255 9008 8829
f 9255 8829 9098
f 9008 8678 8576
f 9008 8576 8829
f 8678 8388 8256
f 8678 8256 8576
f 8388 8084 8031
f 8388 8031 8256
f 8084 7682 7629
f 8084 7629 8031
f 7682 7418 7393
f 7682 7393 7629
f 7418 7048 7099
f 7418 7099 7393
f 7048 6642 6695
f 7048 6695 7099
f 6642 6338 6470
f 6642 6470 6695
f 6338 6048 6150
f 6338 6150 6470
f 6048 5718 5897
f 6048 5897 6150
f 5718 5471 5628
f 5718 5628 5897
f 5471 5180 5366
f 5471 5366 5628
f 5180 4886 5144
f 5180 5144 5366
f 4886 4640 4884
f 4886 4884 5144
f 4640 4371 4691
f 4640 4691 4884
f 4371 4156 4462
f 4371 4462 4691
f 4156 3889 4246
f 4156 4246 4462
f 3889 3660 4063
f 3889 4063 4246
f 3660 3419 3853
f 3660 3853 4063
f 3419 3200 3688
f 3419 3688 3853
f 3200 2950 3513
f 3200 3513 3688
f 2950 2697 3336
f 2950 3336 3513
f 2697 2542 3198
f 2697 3198 3336
f 2542 2403 3067
f 2542 3067 3198
f 2403 2295 2930
f 2403 2930 3067
f 2295 2201 2836
f 2295 2836 2930
f 2201 2136 2744
f 2201 2744 2836
f 2136 2103 2688
f 2136 2688 2744
f 2103 2087 2679
f 2103 2679 2688
f 2087 2101 2686
f 2087 2686 2679
f 2101 2134 2742
f 2101 2742 2686
f 2134 2199 2834
f 2134 2834 2742
f 2199 2293 2928
f 2199 2928 2834
f 2293 2401 3057
f 2293 3057 2928
f 2401 2540 3196
f 2401 3196 3057
f 2540 2695 3334
f 2540 3334 3196
f 2695 2946 3511
f 2695 3511 3334
f 2946 3194 3686
f 2946 3686 3511
f 3194 3417 3851
f 3194 3851 3686
f 3417 3658 4061
f 3417 4061 3851
f 3658 3887 4244
f 3658 4244 4061
f 3887 4154 4460
f 3887 4460 4244
f 4154 4369 4689
f 4154 4689 4460
f 4369 4638 4880
f 4369 4880 4689
f 4638 4878 5142
f 4638 5142 4880
f 4878 5178 5364
f 4878 5364 5142
f 5178 5469 5626
f 5178 5626 5364
f 5469 5716 5895
f 5469 5895 5626
f 5716 6046 6148
f 5716 6148 5895
f 6046 6336 6468
f 6046 6468 6148
f 6336 6640 6693
f 6336 6693 6468
f 6640 7042 7095
f 6640 7095 6693
f 7042 7306 7331
f 7042 7331 7095
f 7306 7676 7625
f 7306 7625 7331
f 7676 8082 8029
f 7676 8029 7625
f 8082 8386 8254
f 8082 8254 8029
f 8386 8676 8574
f 8386 8574 8254
f 8676 9006 8827
f 8676 8827 8574
f 9006 9253 9096
f 9006 9096 8827
f 9253 9544 9358
f 9253 9358 9096
f 9544 9838 9580
f 9544 9580 9358
f 9838 10084 9840
f 9838 9840 9580
f 10084 10353 10033
f 10084 10033 9840
f 10353 10568 10262
f 10353 10262 10033
f 10568 10835 10478
f 10568 10478 10262
f 10835 11064 10665
f 10835 10665 10478
f 11064 11309 10871
f 11064 10871 10665
f 11309 11528 11040
f 11309 11040 10871
f 11528 11778 11211
f 11528 11211 11040
f 11778 12033 11388
f 11778 11388 11211
f 12033 12200 11530
f 12033 11530 11388
f 12200 12335 11661
f 12200 11661 11530
f 12335 12435 11798
f 12335 11798 11661
f 12435 12527 11892
f 12435 11892 11798
f 12527 12592 11990
f 12527 11990 11892
f 12592 12625 12042
f 12592 12042 11990
f 12625 12641 12055
f 12625 12055 12042
f 12055 12044 11337
f 12055 11337 11349
f 12044 11992 11306
f 12044 11306 11337
f 11992 11894 11246
f 11992 11246 11306
f 11894 11800 11174
f 11894 11174 11246
f 11800 11671 11093
f 11800 11093 11174
f 11671 11532 10988
f 11671 10988 11093
f 11532 11390 10898
f 11532 10898 10988
f 11390 11213 10771
f 11390 10771 10898
f 11213 11042 10595
f 11213 10595 10771
f 11042 10873 10472
f 11042 10472 10595
f 10873 10667 10308
f 10873 10308 10472
f 10667 10480 10132
f 10667 10132 10308
f 10480 10264 9970
f 10480 9970 10132
f 10264 10035 9748
f 10264 9748 9970
f 10035 9844 9558
f 10035 9558 9748
f 9844 9582 9390
f 9844 9390 9558
f 9582 9360 9148
f 9582 9148 9390
f 9360 9098 8946
f 9360 8946 9148
f 9098 8829 8666
f 9098 8666 8946
f 8829 8576 8494
f 8829 8494 8666
f 8576 8256 8168
f 8576 8168 8494
f 8256 8031 7984
f 8256 7984 8168
f 8031 7629 7598
f 8031 7598 7984
f 7629 7393 7378
f 7629 7378 7598
f 7393 7099 7132
f 7393 7132 7378
f 7099 6695 6742
f 7099 6742 7132
f 6695 6470 6558
f 6695 6558 6742
f 6470 6150 6232
f 6470 6232 6558
f 6150 5897 6060
f 6150 6060 6232
f 5897 5628 5780
f 5897 5780 6060
f 5628 5366 5582
f 5628 5582 5780
f 5366 5144 5338
f 5366 5338 5582
f 5144 4884 5168
f 5144 5168 5338
f 4884 4691 4978
f 4884 4978 5168
f 4691 4462 4756
f 4691 4756 4978
f 4462 4246 4594
f 4462 4594 4756
f 4246 4063 4418
f 4246 4418 4594
f 4063 3853 4254
f 4063 4254 4418
f 3853 3688 4131
f 3853 4131 4254
f 3688 3513 3955
f 3688 3955 4131
f 3513 3336 3828
f 3513 3828 3955
f 3336 3198 3742
f 3336 3742 3828
f 3198 3067 3633
f 3198 3633 3742
f 3067 2930 3552
f 3067 3552 3633
f 2930 2836 3484
f 2930 3484 3552
f 2836 2744 3424
f 2836 3424 3484
f 2744 2688 3393
f 2744 3393 3424
f 2688 2679 3379
f 2688 3379 3393
f 2679 2686 3391
f 2679 3391 3379
f 2686 2742 3422
f 2686 3422 3391
f 2742 2834 3482
f 2742 3482 3422
f 2834 2928 3550
f 2834 3550 3482
f 2928 3057 3631
f 2928 3631 3550
f 3057 3196 3740
f 3057 3740 3631
f 3196 3334 3826
f 3196 3826 3740
f 3334 3511 3953
f 3334 3953 3826
f 3511 3686 4129
f 3511 4129 3953
f 3686 3851 4252
f 3686 4252 4129
f 3851 4061 4416
f 3851 4416 4252
f 4061 4244 4592
f 4061 4592 4416
f 4244 4460 4754
f 4244 4754 4592
f 4460 4689 4976
f 4460 4976 4754
f 4689 4880 5166
f 4689 5166 4976
f 4880 5142 5334
f 4880 5334 5166
f 5142 5364 5576
f 5142 5576 5334
f 5364 5626 5778
f 5364 5778 5576
f 5626 5895 6058
f 5626 6058 5778
f 5895 6148 6230
f 5895 6230 6058
f 6148 6468 6556
f 6148 6556 6230
f 6468 6693 6740
f 6468 6740 6556
f 6693 7095 7126
f 6693 7126 6740
f 7095 7331 7346
f 7095 7346 7126
f 7331 7625 7592
f 7331 7592 7346
f 7625 8029 7982
f 7625 7982 7592
f 8029 8254 8166
f 8029 8166 7982
f 8254 8574 8492
f 8254 8492 8166
f 8574 8827 8664
f 8574 8664 8492
f 8827 9096 8944
f 8827 8944 8664
f 9096 9358 9142
f 9096 9142 8944
f 9358 9580 9386
f 9358 9386 9142
f 9580 9840 9556
f 9580 9556 9386
f 9840 10033 9746
f 9840 9746 9556
f 10033 10262 9968
f 10033 9968 9746
f 10262 10478 10130
f 10262 10130 9968
f 10478 10665 10306
f 10478 10306 10130
f 10665 10871 10470
f 10665 10470 10306
f 10871 11040 10593
f 10871 10593 10470
f 11040 11211 10769
f 11040 10769 10593
f 11211 11388 10896
f 11211 10896 10769
f 11388 11530 10986
f 11388 10986 10896
f 11530 11661 11091
f 11530 11091 10986
f 11661 11798 11172
f 11661 11172 11091
f 11798 11892 11244
f 11798 11244 11172
f 11892 11990 11304
f 11892 11304 11244
f 11990 12042 11335
f 11990 11335 11304
f 12042 12055 11349
f 12042 11349 11335
f 11349 11337 10798
f 11349 10798 10807
f 11337 11306 10777
f 11337 10777 10798
f 11306 11246 10740
f 11306 10740 10777
f 11246 11174 10662
f 11246 10662 10740
f 11174 11093 10589
f 11174 10589 10662
f 11093 10988 10531
f 11093 10531 10589
f 10988 10898 10441
f 10988 10441 10531
f 10898 10771 10342
f 10898 10342 10441
f 10771 10595 10206
f 10771 10206 10342
f 10595 10472 10082
f 10595 10082 10206
f 10472 10308 9963
f 10472 9963 10082
f 10308 10132 9799
f 10308 9799 9963
f 10132 9970 9650
f 10132 9650 9799
f 9970 9748 9497
f 9970 9497 9650
f 9748 9558 9290
f 9748 9290 9497
f 9558 9390 9131
f 9558 9131 9290
f 9390 9148 8961
f 9390 8961 9131
f 9148 8946 8728
f 9148 8728 8961
f 8946 8666 8548
f 8946 8548 8728
f 8666 8494 8299
f 8666 8299 8548
f 8494 8168 8120
f 8494 8120 8299
f 8168 7984 7841
f 8168 7841 8120
f 7984 7598 7582
f 7984 7582 7841
f 7598 7378 7376
f 7598 7376 7582
f 7378 7132 7144
f 7378 7144 7376
f 7132 6742 6885
f 7132 6885 7144
f 6742 6558 6606
f 6742 6606 6885
f 6558 6232 6427
f 6558 6427 6606
f 6232 6060 6178
f 6232 6178 6427
f 6060 5780 5998
f 6060 5998 6178
f 5780 5582 5765
f 5780 5765 5998
f 5582 5338 5595
f 5582 5595 5765
f 5338 5168 5436
f 5338 5436 5595
f 5168 4978 5229
f 5168 5229 5436
f 4978 4756 5076
f 4978 5076 5229
f 4756 4594 4927
f 4756 4927 5076
f 4594 4418 4763
f 4594 4763 4927
f 4418 4254 4644
f 4418 4644 4763
f 4254 4131 4520
f 4254 4520 4644
f 4131 3955 4384
f 4131 4384 4520
f 3955 3828 4285
f 3955 4285 4384
f 3828 3742 4195
f 3828 4195 4285
f 3742 3633 4137
f 3742 4137 4195
f 3633 3552 4068
f 3633 4068 4137
f 3552 3484 3986
f 3552 3986 4068
f 3484 3424 3949
f 3484 3949 3986
f 3424 3393 3928
f 3424 3928 3949
f 3393 3379 3917
f 3393 3917 3928
f 3379 3391 3926
f 3379 3926 3917
f 3391 3422 3947
f 3391 3947 3926
f 3422 3482 3984
f 3422 3984 3947
f 3482 3550 4066
f 3482 4066 3984
f 3550 3631 4135
f 3550 4135 4066
f 3631 3740 4193
f 3631 4193 4135
f 3740 3826 4283
f 3740 4283 4193
f 3826 3953 4382
f 3826 4382 4283
f 3953 4129 4518
f 3953 4518 4382
f 4129 4252 4642
f 4129 4642 4518
f 4252 4416 4761
f 4252 4761 4642
f 4416 4592 4925
f 4416 4925 4761
f 4592 4754 5074
f 4592 5074 4925
f 4754 4976 5227
f 4754 5227 5074
f 4976 5166 5434
f 4976 5434 5227
f 5166 5334 5593
f 5166 5593 5434
f 5334 5576 5763
f 5334 5763 5593
f 5576 5778 5996
f 5576 5996 5763
f 5778 6058 6176
f 5778 6176 5996
f 6058 6230 6425
f 6058 6425 6176
f 6230 6556 6604
f 6230 6604 6425
f 6556 6740 6883
f 6556 6883 6604
f 6740 7126 7142
f 6740 7142 6883
f 7126 7346 7348
f 7126 7348 7142
f 7346 7592 7580
f 7346 7580 7348
f 7592 7982 7839
f 7592 7839 7580
f 7982 8166 8118
f 7982 8118 7839
f 8166 8492 8297
f 8166 8297 8118
f 8492 8664 8546
f 8492 8546 8297
f 8664 8944 8726
f 8664 8726 8546
f 8944 9142 8959
f 8944 8959 8726
f 9142 9386 9129
f 9142 9129 8959
f 9386 9556 9288
f 9386 9288 9129
f 9556 9746 9495
f 9556 9495 9288
f 9746 9968 9648
f 9746 9648 9495
f 9968 10130 9797
f 9968 9797 9648
f 10130 10306 9961
f 10130 9961 9797
f 10306 10470 10080
f 10306 10080 9961
f 10470 10593 10204
f 10470 10204 10080
f 10593 10769 10340
f 10593 10340 10204
f 10769 10896 10439
f 10769 10439 10340
f 10896 10986 10529
f 10896 10529 10439
f 10986 11091 10587
f 10986 10587 10529
f 11091 11172 10660
f 11091 10660 10587
f 11172 11244 10738
f 11172 10738 10660
f 11244 11304 10775
f 11244 10775 10738
f 11304 11335 10796
f 11304 10796 10775
f 11335 11349 10807
f 11335 10807 10796
f 10807 10798 10294
f 10807 10294 10301
f 10798 10777 10274
f 10798 10274 10294
f 10777 10740 10231
f 10777 10231 10274
f 10740 10662 10193
f 10740 10193 10231
f 10662 10589 10142
f 10662 10142 10193
f 10589 10531 10073
f 10589 10073 10142
f 10531 10441 10003
f 10531 10003 10073
f 10441 10342 9944
f 10441 9944 10003
f 10342 10206 9834
f 10342 9834 9944
f 10206 10082 9700
f 10206 9700 9834
f 10082 9963 9587
f 10082 9587 9700
f 9963 9799 9490
f 9963 9490 9587
f 9799 9650 9335
f 9799 9335 9490
f 9650 9497 9180
f 9650 9180 9335
f 9497 9290 9065
f 9497 9065 9180
f 9290 9131 8903
f 9290 8903 9065
f 9131 8961 8713
f 9131 8713 8903
f 8961 8728 8565
f 8961 8565 8713
f 8728 8548 8365
f 8728 8365 8565
f 8548 8299 8162
f 8548 8162 8365
f 8299 8120 8025
f 8299 8025 8162
f 8120 7841 7760
f 8120 7760 8025
f 7841 7582 7574
f 7841 7574 7760
f 7582 7376 7374
f 7582 7374 7574
f 7376 7144 7156
f 7376 7156 7374
f 7144 6885 6966
f 7144 6966 7156
f 6885 6606 6701
f 6885 6701 6966
f 6606 6427 6564
f 6606 6564 6701
f 6427 6178 6361
f 6427 6361 6564
f 6178 5998 6161
f 6178 6161 6361
f 5998 5765 6013
f 5998 6013 6161
f 5765 5595 5825
f 5765 5825 6013
f 5595 5436 5661
f 5595 5661 5825
f 5436 5229 5546
f 5436 5546 5661
f 5229 5076 5391
f 5229 5391 5546
f 5076 4927 5236
f 5076 5236 5391
f 4927 4763 5139
f 4927 5139 5236
f 4763 4644 5026
f 4763 5026 5139
f 4644 4520 4896
f 4644 4896 5026
f 4520 4384 4782
f 4520 4782 4896
f 4384 4285 4725
f 4384 4725 4782
f 4285 4195 4653
f 4285 4653 4725
f 4195 4137 4584
f 4195 4584 4653
f 4137 4068 4533
f 4137 4533 4584
f 4068 3986 4495
f 4068 4495 4533
f 3986 3949 4452
f 3986 4452 4495
f 3949 3928 4432
f 3949 4432 4452
f 3928 3917 4423
f 3928 4423 4432
f 3917 3926 4430
f 3917 4430 4423
f 3926 3947 4450
f 3926 4450 4430
f 3947 3984 4493
f 3947 4493 4450
f 3984 4066 4531
f 3984 4531 4493
f 4066 4135 4582
f 4066 4582 4531
f 4135 4193 4651
f 4135 4651 4582
f 4193 4283 4723
f 4193 4723 4651
f 4283 4382 4780
f 4283 4780 4723
f 4382 4518 4890
f 4382 4890 4780
f 4518 4642 5024
f 4518 5024 4890
f 4642 4761 5137
f 4642 5137 5024
f 4761 4925 5234
f 4761 5234 5137
f 4925 5074 5389
f 4925 5389 5234
f 5074 5227 5544
f 5074 5544 5389
f 5227 5434 5659
f 5227 5659 5544
f 5434 5593 5821
f 5434 5821 5659
f 5593 5763 6011
f 5593 6011 5821
f 5763 5996 6159
f 5763 6159 6011
f 5996 6176 6359
f 5996 6359 6159
f 6176 6425 6562
f 6176 6562 6359
f 6425 6604 6699
f 6425 6699 6562
f 6604 6883 6964
f 6604 6964 6699
f 6883 7142 7150
f 6883 7150 6964
f 7142 7348 7350
f 7142 7350 7150
f 7348 7580 7568
f 7348 7568 7350
f 7580 7839 7758
f 7580 7758 7568
f 7839 8118 8023
f 7839 8023 7758
f 8118 8297 8160
f 8118 8160 8023
f 8297 8546 8363
f 8297 8363 8160
f 8546 8726 8563
f 8546 8563 8363
f 8726 8959 8711
f 8726 8711 8563
f 8959 9129 8899
f 8959 8899 8711
f 9129 9288 9063
f 9129 9063 8899
f 9288 9495 9178
f 9288 9178 9063
f 9495 9648 9333
f 9495 9333 9178
f 9648 9797 9488
f 9648 9488 9333
f 9797 9961 9585
f 9797 9585 9488
f 9961 10080 9698
f 9961 9698 9585
f 10080 10204 9828
f 10080 9828 9698
f 10204 10340 9942
f 10204 9942 9828
f 10340 10439 10001
f 10340 10001 9942
f 10439 10529 10071
f 10439 10071 10001
f 10529 10587 10140
f 10529 10140 10071
f 10587 10660 10191
f 10587 10191 10140
f 10660 10738 10229
f 10660 10229 10191
f 10738 10775 10272
f 10738 10272 10229
f 10775 10796 10292
f 10775 10292 10272
f 10796 10807 10301
f 10796 10301 10292
f 10301 10294 9832
f 10301 9832 9842
f 10294 10274 9808
f 10294 9808 9832
f 10274 10231 9760
f 10274 9760 9808
f 10231 10193 9727
f 10231 9727 9760
f 10193 10142 9690
f 10193 9690 9727
f 10142 10073 9654
f 10142 9654 9690
f 10073 10003 9570
f 10073 9570 9654
f 10003 9944 9520
f 10003 9520 9570
f 9944 9834 9462
f 9944 9462 9520
f 9834 9700 9349
f 9834 9349 9462
f 9700 9587 9222
f 9700 9222 9349
f 9587 9490 9146
f 9587 9146 9222
f 9490 9335 9037
f 9490 9037 9146
f 9335 9180 8939
f 9335 8939 9037
f 9180 9065 8770
f 9180 8770 8939
f 9065 8903 8640
f 9065 8640 8770
f 8903 8713 8535
f 8903 8535 8640
f 8713 8565 8356
f 8713 8356 8535
f 8565 8365 8185
f 8565 8185 8356
f 8365 8162 8076
f 8365 8076 8185
f 8162 8025 7902
f 8162 7902 8076
f 8025 7760 7680
f 8025 7680 7902
f 7760 7574 7558
f 7760 7558 7680
f 7574 7374 7372
f 7574 7372 7558
f 7374 7156 7168
f 7374 7168 7372
f 7156 6966 7046
f 7156 7046 7168
f 6966 6701 6824
f 6966 6824 7046
f 6701 6564 6650
f 6701 6650 6824
f 6564 6361 6541
f 6564 6541 6650
f 6361 6161 6370
f 6361 6370 6541
f 6161 6013 6191
f 6161 6191 6370
f 6013 5825 6086
f 6013 6086 6191
f 5825 5661 5956
f 5825 5956 6086
f 5661 5546 5787
f 5661 5787 5956
f 5546 5391 5689
f 5546 5689 5787
f 5391 5236 5580
f 5391 5580 5689
f 5236 5139 5504
f 5236 5504 5580
f 5139 5026 5381
f 5139 5381 5504
f 5026 4896 5264
f 5026 5264 5381
f 4896 4782 5206
f 4896 5206 5264
f 4782 4725 5156
f 4782 5156 5206
f 4725 4653 5072
f 4725 5072 5156
f 4653 4584 5036
f 4653 5036 5072
f 4584 4533 4999
f 4584 4999 5036
f 4533 4495 4966
f 4533 4966 4999
f 4495 4452 4918
f 4495 4918 4966
f 4452 4432 4894
f 4452 4894 4918
f 4432 4423 4882
f 4432 4882 4894
f 4423 4430 4892
f 4423 4892 4882
f 4430 4450 4916
f 4430 4916 4892
f 4450 4493 4964
f 4450 4964 4916
f 4493 4531 4997
f 4493 4997 4964
f 4531 4582 5034
f 4531 5034 4997
f 4582 4651 5070
f 4582 5070 5034
f 4651 4723 5154
f 4651 5154 5070
f 4723 4780 5204
f 4723 5204 5154
f 4780 4890 5262
f 4780 5262 5204
f 4890 5024 5375
f 4890 5375 5262
f 5024 5137 5502
f 5024 5502 5375
f 5137 5234 5578
f 5137 5578 5502
f 5234 5389 5687
f 5234 5687 5578
f 5389 5544 5785
f 5389 5785 5687
f 5544 5659 5954
f 5544 5954 5785
f 5659 5821 6084
f 5659 6084 5954
f 5821 6011 6189
f 5821 6189 6084
f 6011 6159 6368
f 6011 6368 6189
f 6159 6359 6539
f 6159 6539 6368
f 6359 6562 6648
f 6359 6648 6539
f 6562 6699 6822
f 6562 6822 6648
f 6699 6964 7044
f 6699 7044 6822
f 6964 7150 7166
f 6964 7166 7044
f 7150 7350 7352
f 7150 7352 7166
f 7350 7568 7556
f 7350 7556 7352
f 7568 7758 7678
f 7568 7678 7556
f 7758 8023 7900
f 7758 7900 7678
f 8023 8160 8074
f 8023 8074 7900
f 8160 8363 8183
f 8160 8183 8074
f 8363 8563 8354
f 8363 8354 8183
f 8563 8711 8533
f 8563 8533 8354
f 8711 8899 8638
f 8711 8638 8533
f 8899 9063 8768
f 8899 8768 8638
f 9063 9178 8937
f 9063 8937 8768
f 9178 9333 9035
f 9178 9035 8937
f 9333 9488 9144
f 9333 9144 9035
f 9488 9585 9220
f 9488 9220 9144
f 9585 9698 9343
f 9585 9343 9220
f 9698 9828 9460
f 9698 9460 9343
f 9828 9942 9518
f 9828 9518 9460
f 9942 10001 9568
f 9942 9568 9518
f 10001 10071 9652
f 10001 9652 9568
f 10071 10140 9688
f 10071 9688 9652
f 10140 10191 9725
f 10140 9725 9688
f 10191 10229 9758
f 10191 9758 9725
f 10229 10272 9806
f 10229 9806 9758
f 10272 10292 9830
f 10272 9830 9806
f 10292 10301 9842
f 10292 9842 9830
f 9842 9832 9372
f 9842 9372 9388
f 9832 9808 9347
f 9832 9347 9372
f 9808 9760 9309
f 9808 9309 9347
f 9760 9727 9274
f 9760 9274 9309
f 9727 9690 9240
f 9727 9240 9274
f 9690 9654 9198
f 9690 9198 9240
f 9654 9570 9168
f 9654 9168 9198
f 9570 9520 9116
f 9570 9116 9168
f 9520 9462 9057
f 9520 9057 9116
f 9462 9349 8992
f 9462 8992 9057
f 9349 9222 8912
f 9349 8912 8992
f 9222 9146 8798
f 9222 8798 8912
f 9146 9037 8701
f 9146 8701 8798
f 9037 8939 8620
f 9037 8620 8701
f 8939 8770 8540
f 8939 8540 8620
f 8770 8640 8443
f 8770 8443 8540
f 8640 8535 8274
f 8640 8274 8443
f 8535 8356 8156
f 8535 8156 8274
f 8356 8185 8068
f 8356 8068 8156
f 8185 8076 7973
f 8185 7973 8068
f 8076 7902 7753
f 8076 7753 7973
f 7902 7680 7596
f 7902 7596 7753
f 7680 7558 7550
f 7680 7550 7596
f 7558 7372 7370
f 7558 7370 7550
f 7372 7168 7184
f 7372 7184 7370
f 7168 7046 7130
f 7168 7130 7184
f 7046 6824 6977
f 7046 6977 7130
f 6824 6650 6753
f 6824 6753 6977
f 6650 6541 6658
f 6650 6658 6753
f 6541 6370 6570
f 6541 6570 6658
f 6370 6191 6452
f 6370 6452 6570
f 6191 6086 6285
f 6191 6285 6452
f 6086 5956 6186
f 6086 6186 6285
f 5956 5787 6106
f 5956 6106 6186
f 5787 5689 6025
f 5787 6025 6106
f 5689 5580 5928
f 5689 5928 6025
f 5580 5504 5814
f 5580 5814 5928
f 5504 5381 5734
f 5504 5734 5814
f 5381 5264 5669
f 5381 5669 5734
f 5264 5206 5610
f 5264 5610 5669
f 5206 5156 5558
f 5206 5558 5610
f 5156 5072 5528
f 5156 5528 5558
f 5072 5036 5486
f 5072 5486 5528
f 5036 4999 5452
f 5036 5452 5486
f 4999 4966 5417
f 4999 5417 5452
f 4966 4918 5379
f 4966 5379 5417
f 4918 4894 5354
f 4918 5354 5379
f 4894 4882 5336
f 4894 5336 5354
f 4882 4892 5352
f 4882 5352 5336
f 4892 4916 5377
f 4892 5377 5352
f 4916 4964 5415
f 4916 5415 5377
f 4964 4997 5450
f 4964 5450 5415
f 4997 5034 5484
f 4997 5484 5450
f 5034 5070 5526
f 5034 5526 5484
f 5070 5154 5556
f 5070 5556 5526
f 5154 5204 5608
f 5154 5608 5556
f 5204 5262 5667
f 5204 5667 5608
f 5262 5375 5732
f 5262 5732 5667
f 5375 5502 5812
f 5375 5812 5732
f 5502 5578 5926
f 5502 5926 5812
f 5578 5687 6023
f 5578 6023 5926
f 5687 5785 6104
f 5687 6104 6023
f 5785 5954 6184
f 5785 6184 6104
f 5954 6084 6281
f 5954 6281 6184
f 6084 6189 6450
f 6084 6450 6281
f 6189 6368 6568
f 6189 6568 6450
f 6368 6539 6656
f 6368 6656 6568
f 6539 6648 6751
f 6539 6751 6656
f 6648 6822 6971
f 6648 6971 6751
f 6822 7044 7128
f 6822 7128 6971
f 7044 7166 7174
f 7044 7174 7128
f 7166 7352 7354
f 7166 7354 7174
f 7352 7556 7540
f 7352 7540 7354
f 7556 7678 7594
f 7556 7594 7540
f 7678 7900 7747
f 7678 7747 7594
f 7900 8074 7971
f 7900 7971 7747
f 8074 8183 8066
f 8074 8066 7971
f 8183 8354 8154
f 8183 8154 8066
f 8354 8533 8272
f 8354 8272 8154
f 8533 8638 8439
f 8533 8439 8272
f 8638 8768 8538
f 8638 8538 8439
f 8768 8937 8618
f 8768 8618 8538
f 8937 9035 8699
f 8937 8699 8618
f 9035 9144 8796
f 9035 8796 8699
f 9144 9220 8910
f 9144 8910 8796
f 9220 9343 8990
f 9220 8990 8910
f 9343 9460 9055
f 9343 9055 8990
f 9460 9518 9114
f 9460 9114 9055
f 9518 9568 9166
f 9518 9166 9114
f 9568 9652 9196
f 9568 9196 9166
f 9652 9688 9238
f 9652 9238 9196
f 9688 9725 9272
f 9688 9272 9238
f 9725 9758 9307
f 9725 9307 9272
f 9758 9806 9345
f 9758 9345 9307
f 9806 9830 9370
f 9806 9370 9345
f 9830 9842 9388
f 9830 9388 9370
f 9388 9372 8893
f 9388 8893 8901
f 9372 9347 8881
f 9372 8881 8893
f 9347 9309 8865
f 9347 8865 8881
f 9309 9274 8835
f 9309 8835 8865
f 9274 9240 8804
f 9274 8804 8835
f 9240 9198 8764
f 9240 8764 8804
f 9198 9168 8736
f 9198 8736 8764
f 9168 9116 8685
f 9168 8685 8736
f 9116 9057 8635
f 9116 8635 8685
f 9057 8992 8603
f 9057 8603 8635
f 8992 8912 8552
f 8992 8552 8603
f 8912 8798 8516
f 8912 8516 8552
f 8798 8701 8408
f 8798 8408 8516
f 8701 8620 8305
f 8701 8305 8408
f 8620 8540 8206
f 8620 8206 8305
f 8540 8443 8146
f 8540 8146 8206
f 8443 8274 8098
f 8443 8098 8146
f 8274 8156 8015
f 8274 8015 8098
f 8156 8068 7889
f 8156 7889 8015
f 8068 7973 7751
f 8068 7751 7889
f 7973 7753 7621
f 7973 7621 7751
f 7753 7596 7572
f 7753 7572 7621
f 7596 7550 7538
f 7596 7538 7572
f 7550 7370 7368
f 7550 7368 7538
f 7370 7184 7192
f 7370 7192 7368
f 7184 7130 7154
f 7184 7154 7192
f 7130 6977 7105
f 7130 7105 7154
f 6977 6753 6975
f 6977 6975 7105
f 6753 6658 6841
f 6753 6841 6975
f 6658 6570 6711
f 6658 6711 6841
f 6570 6452 6628
f 6570 6628 6711
f 6452 6285 6580
f 6452 6580 6628
f 6285 6186 6524
f 6285 6524 6580
f 6186 6106 6421
f 6186 6421 6524
f 6106 6025 6318
f 6106 6318 6421
f 6025 5928 6210
f 6025 6210 6318
f 5928 5814 6174
f 5928 6174 6210
f 5814 5734 6123
f 5814 6123 6174
f 5734 5669 6091
f 5734 6091 6123
f 5669 5610 6041
f 5669 6041 6091
f 5610 5558 5990
f 5610 5990 6041
f 5558 5528 5962
f 5558 5962 5990
f 5528 5486 5922
f 5528 5922 5962
f 5486 5452 5891
f 5486 5891 5922
f 5452 5417 5861
f 5452 5861 5891
f 5417 5379 5845
f 5417 5845 5861
f 5379 5354 5833
f 5379 5833 5845
f 5354 5336 5823
f 5354 5823 5833
f 5336 5352 5831
f 5336 5831 5823
f 5352 5377 5843
f 5352 5843 5831
f 5377 5415 5859
f 5377 5859 5843
f 5415 5450 5889
f 5415 5889 5859
f 5450 5484 5920
f 5450 5920 5889
f 5484 5526 5960
f 5484 5960 5920
f 5526 5556 5988
f 5526 5988 5960
f 5556 5608 6039
f 5556 6039 5988
f 5608 5667 6089
f 5608 6089 6039
f 5667 5732 6121
f 5667 6121 6089
f 5732 5812 6172
f 5732 6172 6121
f 5812 5926 6208
f 5812 6208 6172
f 5926 6023 6316
f 5926 6316 6208
f 6023 6104 6419
f 6023 6419 6316
f 6104 6184 6518
f 6104 6518 6419
f 6184 6281 6578
f 6184 6578 6518
f 6281 6450 6626
f 6281 6626 6578
f 6450 6568 6709
f 6450 6709 6626
f 6568 6656 6835
f 6568 6835 6709
f 6656 6751 6973
f 6656 6973 6835
f 6751 6971 7103
f 6751 7103 6973
f 6971 7128 7152
f 6971 7152 7103
f 7128 7174 7186
f 7128 7186 7152
f 7174 7354 7356
f 7174 7356 7186
f 7354 7540 7532
f 7354 7532 7356
f 7540 7594 7570
f 7540 7570 7532
f 7594 7747 7619
f 7594 7619 7570
f 7747 7971 7749
f 7747 7749 7619
f 7971 8066 7883
f 7971 7883 7749
f 8066 8154 8013
f 8066 8013 7883
f 8154 8272 8096
f 8154 8096 8013
f 8272 8439 8144
f 8272 8144 8096
f 8439 8538 8200
f 8439 8200 8144
f 8538 8618 8303
f 8538 8303 8200
f 8618 8699 8406
f 8618 8406 8303
f 8699 8796 8514
f 8699 8514 8406
f 8796 8910 8550
f 8796 8550 8514
f 8910 8990 8601
f 8910 8601 8550
f 8990 9055 8633
f 8990 8633 8601
f 9055 9114 8683
f 9055 8683 8633
f 9114 9166 8734
f 9114 8734 8683
f 9166 9196 8762
f 9166 8762 8734
f 9196 9238 8802
f 9196 8802 8762
f 9238 9272 8833
f 9238 8833 8802
f 9272 9307 8863
f 9272 8863 8833
f 9307 9345 8879
f 9307 8879 8863
f 9345 9370 8891
f 9345 8891 8879
f 9370 9388 8901
f 9370 8901 8891
f 8901 8893 8433
f 8901 8433 8441
f 8893 8881 8420
f 8893 8420 8433
f 8881 8865 8399
f 8881 8399 8420
f 8865 8835 8374
f 8865 8374 8399
f 8835 8804 8348
f 8835 8348 8374
f 8804 8764 8318
f 8804 8318 8348
f 8764 8736 8289
f 8764 8289 8318
f 8736 8685 8233
f 8736 8233 8289
f 8685 8635 8204
f 8685 8204 8233
f 8635 8603 8178
f 8635 8178 8204
f 8603 8552 8150
f 8603 8150 8178
f 8552 8516 8129
f 8552 8129 8150
f 8516 8408 8092
f 8516 8092 8129
f 8408 8305 8054
f 8408 8054 8092
f 8305 8206 8002
f 8305 8002 8054
f 8206 8146 7936
f 8206 7936 8002
f 8146 8098 7822
f 8146 7822 7936
f 8098 8015 7742
f 8098 7742 7822
f 8015 7889 7666
f 8015 7666 7742
f 7889 7751 7590
f 7889 7590 7666
f 7751 7621 7566
f 7751 7566 7590
f 7621 7572 7548
f 7621 7548 7566
f 7572 7538 7530
f 7572 7530 7548
f 7538 7368 7366
f 7538 7366 7530
f 7368 7192 7200
f 7368 7200 7366
f 7192 7154 7182
f 7192 7182 7200
f 7154 7105 7160
f 7154 7160 7182
f 7105 6975 7136
f 7105 7136 7160
f 6975 6841 7060
f 6975 7060 7136
f 6841 6711 6984
f 6841 6984 7060
f 6711 6628 6904
f 6711 6904 6984
f 6628 6580 6796
f 6628 6796 6904
f 6580 6524 6724
f 6580 6724 6796
f 6524 6421 6672
f 6524 6672 6724
f 6421 6318 6634
f 6421 6634 6672
f 6318 6210 6597
f 6318 6597 6634
f 6210 6174 6576
f 6210 6576 6597
f 6174 6123 6548
f 6174 6548 6576
f 6123 6091 6522
f 6123 6522 6548
f 6091 6041 6493
f 6091 6493 6522
f 6041 5990 6437
f 6041 6437 6493
f 5990 5962 6408
f 5990 6408 6437
f 5962 5922 6378
f 5962 6378 6408
f 5922 5891 6352
f 5922 6352 6378
f 5891 5861 6327
f 5891 6327 6352
f 5861 5845 6306
f 5861 6306 6327
f 5845 5833 6293
f 5845 6293 6306
f 5833 5823 6283
f 5833 6283 6293
f 5823 5831 6291
f 5823 6291 6283
f 5831 5843 6304
f 5831 6304 6291
f 5843 5859 6325
f 5843 6325 6304
f 5859 5889 6350
f 5859 6350 6325
f 5889 5920 6376
f 5889 6376 6350
f 5920 5960 6406
f 5920 6406 6376
f 5960 5988 6435
f 5960 6435 6406
f 5988 6039 6491
f 5988 6491 6435
f 6039 6089 6520
f 6039 6520 6491
f 6089 6121 6546
f 6089 6546 6520
f 6121 6172 6574
f 6121 6574 6546
f 6172 6208 6595
f 6172 6595 6574
f 6208 6316 6632
f 6208 6632 6595
f 6316 6419 6670
f 6316 6670 6632
f 6419 6518 6722
f 6419 6722 6670
f 6518 6578 6788
f 6518 6788 6722
f 6578 6626 6902
f 6578 6902 6788
f 6626 6709 6982
f 6626 6982 6902
f 6709 6835 7058
f 6709 7058 6982
f 6835 6973 7134
f 6835 7134 7058
f 6973 7103 7158
f 6973 7158 7134
f 7103 7152 7176
f 7103 7176 7158
f 7152 7186 7194
f 7152 7194 7176
f 7186 7356 7358
f 7186 7358 7194
f 7356 7532 7524
f 7356 7524 7358
f 7532 7570 7542
f 7532 7542 7524
f 7570 7619 7564
f 7570 7564 7542
f 7619 7749 7588
f 7619 7588 7564
f 7749 7883 7664
f 7749 7664 7588
f 7883 8013 7740
f 7883 7740 7664
f 8013 8096 7820
f 8013 7820 7740
f 8096 8144 7928
f 8096 7928 7820
f 8144 8200 8000
f 8144 8000 7928
f 8200 8303 8052
f 8200 8052 8000
f 8303 8406 8090
f 8303 8090 8052
f 8406 8514 8127
f 8406 8127 8090
f 8514 8550 8148
f 8514 8148 8127
f 8550 8601 8176
f 8550 8176 8148
f 8601 8633 8202
f 8601 8202 8176
f 8633 8683 8231
f 8633 8231 8202
f 8683 8734 8287
f 8683 8287 8231
f 8734 8762 8316
f 8734 8316 8287
f 8762 8802 8346
f 8762 8346 8316
f 8802 8833 8372
f 8802 8372 8346
f 8833 8863 8397
f 8833 8397 8372
f 8863 8879 8418
f 8863 8418 8397
f 8879 8891 8431
f 8879 8431 8418
f 8891 8901 8441
f 8891 8441 8431
f 8441 8433 7934
f 8441 7934 7932
f 8433 8420 7919
f 8433 7919 7934
f 8420 8399 7908
f 8420 7908 7919
f 8399 8374 7887
f 8399 7887 7908
f 8374 8348 7864
f 8374 7864 7887
f 8348 8318 7850
f 8348 7850 7864
f 8318 8289 7829
f 8318 7829 7850
f 8289 8233 7802
f 8289 7802 7829
f 8233 8204 7784
f 8233 7784 7802
f 8204 8178 7768
f 8204 7768 7784
f 8178 8150 7736
f 8178 7736 7768
f 8150 8129 7719
f 8150 7719 7736
f 8129 8092 7688
f 8129 7688 7719
f 8092 8054 7651
f 8092 7651 7688
f 8054 8002 7602
f 8054 7602 7651
f 8002 7936 7586
f 8002 7586 7602
f 7936 7822 7578
f 7936 7578 7586
f 7822 7742 7562
f 7822 7562 7578
f 7742 7666 7554
f 7742 7554 7562
f 7666 7590 7546
f 7666 7546 7554
f 7590 7566 7536
f 7590 7536 7546
f 7566 7548 7528
f 7566 7528 7536
f 7548 7530 7522
f 7548 7522 7528
f 7530 7366 7364
f 7530 7364 7522
f 7366 7200 7204
f 7366 7204 7364
f 7200 7182 7198
f 7200 7198 7204
f 7182 7160 7190
f 7182 7190 7198
f 7160 7136 7180
f 7160 7180 7190
f 7136 7060 7172
f 7136 7172 7180
f 7060 6984 7164
f 7060 7164 7172
f 6984 6904 7148
f 6984 7148 7164
f 6904 6796 7140
f 6904 7140 7148
f 6796 6724 7124
f 6796 7124 7140
f 6724 6672 7075
f 6724 7075 7124
f 6672 6634 7038
f 6672 7038 7075
f 6634 6597 7007
f 6634 7007 7038
f 6597 6576 6990
f 6597 6990 7007
f 6576 6548 6958
f 6576 6958 6990
f 6548 6522 6942
f 6548 6942 6958
f 6522 6493 6924
f 6522 6924 6942
f 6493 6437 6897
f 6493 6897 6924
f 6437 6408 6876
f 6437 6876 6897
f 6408 6378 6862
f 6408 6862 6876
f 6378 6352 6839
f 6378 6839 6862
f 6352 6327 6818
f 6352 6818 6839
f 6327 6306 6807
f 6327 6807 6818
f 6306 6293 6794
f 6306 6794 6807
f 6293 6283 6792
f 6293 6792 6794
f 6283 6291 6790
f 6283 6790 6792
f 6291 6304 6805
f 6291 6805 6790
f 6304 6325 6816
f 6304 6816 6805
f 6325 6350 6837
f 6325 6837 6816
f 6350 6376 6860
f 6350 6860 6837
f 6376 6406 6874
f 6376 6874 6860
f 6406 6435 6895
f 6406 6895 6874
f 6435 6491 6922
f 6435 6922 6895
f 6491 6520 6940
f 6491 6940 6922
f 6520 6546 6956
f 6520 6956 6940
f 6546 6574 6988
f 6546 6988 6956
f 6574 6595 7005
f 6574 7005 6988
f 6595 6632 7036
f 6595 7036 7005
f 6632 6670 7073
f 6632 7073 7036
f 6670 6722 7122
f 6670 7122 7073
f 6722 6788 7138
f 6722 7138 7122
f 6788 6902 7146
f 6788 7146 7138
f 6902 6982 7162
f 6902 7162 7146
f 6982 7058 7170
f 6982 7170 7162
f 7058 7134 7178
f 7058 7178 7170
f 7134 7158 7188
f 7134 7188 7178
f 7158 7176 7196
f 7158 7196 7188
f 7176 7194 7202
f 7176 7202 7196
f 7194 7358 7360
f 7194 7360 7202
f 7358 7524 7520
f 7358 7520 7360
f 7524 7542 7526
f 7524 7526 7520
f 7542 7564 7534
f 7542 7534 7526
f 7564 7588 7544
f 7564 7544 7534
f 7588 7664 7552
f 7588 7552 7544
f 7664 7740 7560
f 7664 7560 7552
f 7740 7820 7576
f 7740 7576 7560
f 7820 7928 7584
f 7820 7584 7576
f 7928 8000 7600
f 7928 7600 7584
f 8000 8052 7649
f 8000 7649 7600
f 8052 8090 7686
f 8052 7686 7649
f 8090 8127 7717
f 8090 7717 7686
f 8127 8148 7734
f 8127 7734 7717
f 8148 8176 7766
f 8148 7766 7734
f 8176 8202 7782
f 8176 7782 7766
f 8202 8231 7800
f 8202 7800 7782
f 8231 8287 7827
f 8231 7827 7800
f 8287 8316 7848
f 8287 7848 7827
f 8316 8346 7862
f 8316 7862 7848
f 8346 8372 7885
f 8346 7885 7862
f 8372 8397 7906
f 8372 7906 7885
f 8397 8418 7917
f 8397 7917 7906
f 8418 8431 7930
f 8418 7930 7917
f 8431 8441 7932
f 8431 7932 7930
f 7932 7934 7362
f 7934 7919 7362
f 7919 7908 7362
f 7908 7887 7362
f 7887 7864 7362
f 7864 7850 7362
f 7850 7829 7362
f 7829 7802 7362
f 7802 7784 7362
f 7784 7768 7362
f 7768 7736 7362
f 7736 7719 7362
f 7719 7688 7362
f 7688 7651 7362
f 7651 7602 7362
f 7602 7586 7362
f 7586 7578 7362
f 7578 7562 7362
f 7562 7554 7362
f 7554 7546 7362
f 7546 7536 7362
f 7536 7528 7362
f 7528 7522 7362
f 7522 7364 7362
f 7364 7204 7362
f 7204 7198 7362
f 7198 7190 7362
f 7190 7180 7362
f 7180 7172 7362
f 7172 7164 7362
f 7164 7148 7362
f 7148 7140 7362
f 7140 7124 7362
f 7124 7075 7362
f 7075 7038 7362
f 7038 7007 7362
f 7007 6990 7362
f 6990 6958 7362
f 6958 6942 7362
f 6942 6924 7362
f 6924 6897 7362
f 6897 6876 7362
f 6876 6862 7362
f 6862 6839 7362
f 6839 6818 7362
f 6818 6807 7362
f 6807 6794 7362
f 6794 6792 7362
f 6792 6790 7362
f 6790 6805 7362
f 6805 6816 7362
f 6816 6837 7362
f 6837 6860 7362
f 6860 6874 7362
f 6874 6895 7362
f 6895 6922 7362
f 6922 6940 7362
f 6940 6956 7362
f 6956 6988 7362
f 6988 7005 7362
f 7005 7036 7362
f 7036 7073 7362
f 7073 7122 7362
f 7122 7138 7362
f 7138 7146 7362
f 7146 7162 7362
f 7162 7170 7362
f 7170 7178 7362
f 7178 7188 7362
f 7188 7196 7362
f 7196 7202 7362
f 7202 7360 7362
f 7360 7520 7362
f 7520 7526 7362
f 7526 7534 7362
f 7534 7544 7362
f 7544 7552 7362
f 7552 7560 7362
f 7560 7576 7362
f 7576 7584 7362
f 7584 7600 7362
f 7600 7649 7362
f 7649 7686 7362
f 7686 7717 7362
f 7717 7734 7362
f 7734 7766 7362
f 7766 7782 7362
f 7782 7800 7362
f 7800 7827 7362
f 7827 7848 7362
f 7848 7862 7362
f 7862 7885 7362
f 7885 7906 7362
f 7906 7917 7362
f 7917 7930 7362
f 7930 7932 7362
f 11979 11927 12110
f 11979 12110 12094
f 12094 12110 12111
f 12094 12111 12095
f 12095 12111 11928
f 12095 11928 11980
f 11927 11839 12048
f 11927 12048 12110
f 12110 12048 12049
f 12110 12049 12111
f 12111 12049 11840
f 12111 11840 11928
f 11839 11666 11898
f 11839 11898 12048
f 12048 11898 11899
f 12048 11899 12049
f 12049 11899 11667
f 12049 11667 11840
f 11666 11477 11729
f 11666 11729 11898
f 11898 11729 11730
f 11898 11730 11899
f 11899 11730 11478
f 11899 11478 11667
f 11477 11262 11497
f 11477 11497 11729
f 11729 11497 11498
f 11729 11498 11730
f 11730 11498 11263
f 11730 11263 11478
f 11262 10999 11235
f 11262 11235 11497
f 11497 11235 11236
f 11497 11236 11498
f 11498 11236 11000
f 11498 11000 11263
f 10999 10751 10968
f 10999 10968 11235
f 11235 10968 10969
f 11235 10969 11236
f 11236 10969 10752
f 11236 10752 11000
f 10751 10456 10642
f 10751 10642 10968
f 10968 10642 10643
f 10968 10643 10969
f 10969 10643 10457
f 10969 10457 10752
f 10456 10122 10361
f 10456 10361 10642
f 10642 10361 10362
f 10642 10362 10643
f 10643 10362 10123
f 10643 10123 10457
f 10122 9784 9995
f 10122 9995 10361
f 10361 9995 9996
f 10361 9996 10362
f 10362 9996 9785
f 10362 9785 10123
f 9784 9471 9627
f 9784 9627 9995
f 9995 9627 9628
f 9995 9628 9996
f 9996 9628 9472
f 9996 9472 9785
f 9471 9087 9203
f 9471 9203 9627
f 9627 9203 9204
f 9627 9204 9628
f 9628 9204 9088
f 9628 9088 9472
f 9087 8671 8779
f 9087 8779 9203
f 9203 8779 8780
f 9203 8780 9204
f 9204 8780 8672
f 9204 8672 9088
f 8671 8240 8339
f 8671 8339 8779
f 8779 8339 8340
f 8779 8340 8780
f 8780 8340 8241
f 8780 8241 8672
f 8240 7810 7873
f 8240 7873 8339
f 8339 7873 7874
f 8339 7874 8340
f 8340 7874 7811
f 8340 7811 8241
f 7810 7386 7408
f 7810 7408 7873
f 7873 7408 7409
f 7873 7409 7874
f 7874 7409 7387
f 7874 7387 7811
f 7386 6914 6851
f 7386 6851 7408
f 7408 6851 6852
f 7408 6852 7409
f 7409 6852 6915
f 7409 6915 7387
f 6914 6484 6385
f 6914 6385 6851
f 6851 6385 6386
f 6851 6386 6852
f 6852 6386 6485
f 6852 6485 6915
f 6484 6053 5945
f 6484 5945 6385
f 6385 5945 5946
f 6385 5946 6386
f 6386 5946 6054
f 6386 6054 6485
f 6053 5637 5521
f 6053 5521 5945
f 5945 5521 5522
f 5945 5522 5946
f 5946 5522 5638
f 5946 5638 6054
f 5637 5253 5099
f 5637 5099 5521
f 5521 5099 5100
f 5521 5100 5522
f 5522 5100 5254
f 5522 5254 5638
f 5253 4940 4726
f 5253 4726 5099
f 5099 4726 4727
f 5099 4727 5100
f 5100 4727 4941
f 5100 4941 5254
f 4940 4602 4333
f 4940 4333 4726
f 4726 4333 4334
f 4726 4334 4727
f 4727 4334 4603
f 4727 4603 4941
f 4602 4268 3997
f 4602 3997 4333
f 4333 3997 3998
f 4333 3998 4334
f 4334 3998 4269
f 4334 4269 4603
f 4268 3973 3679
f 4268 3679 3997
f 3997 3679 3680
f 3997 3680 3998
f 3998 3680 3974
f 3998 3974 4269
f 3973 3729 3352
f 3973 3352 3679
f 3679 3352 3353
f 3679 3353 3680
f 3680 3353 3730
f 3680 3730 3974
f 3729 3466 3045
f 3729 3045 3352
f 3352 3045 3046
f 3352 3046 3353
f 3353 3046 3467
f 3353 3467 3730
f 3466 3251 2721
f 3466 2721 3045
f 3045 2721 2722
f 3045 2722 3046
f 3046 2722 3252
f 3046 3252 3467
f 3251 3062 2518
f 3251 2518 2721
f 2721 2518 2519
f 2721 2519 2722
f 2722 2519 3063
f 2722 3063 3252
f 3062 2891 2385
f 3062 2385 2518
f 2518 2385 2386
f 2518 2386 2519
f 2519 2386 2892
f 2519 2892 3063
f 2891 2805 2309
f 2891 2309 2385
f 2385 2309 2310
f 2385 2310 2386
f 2386 2310 2806
f 2386 2806 2892
f 2805 2749 2277
f 2805 2277 2309
f 2309 2277 2278
f 2309 2278 2310
f 2310 2278 2750
f 2310 2750 2806
f 2749 2801 2305
f 2749 2305 2277
f 2277 2305 2306
f 2277 2306 2278
f 2278 2306 2802
f 2278 2802 2750
f 2801 2885 2381
f 2801 2381 2305
f 2305 2381 2382
f 2305 2382 2306
f 2306 2382 2886
f 2306 2886 2802
f 2885 3058 2512
f 2885 2512 2381
f 2381 2512 2513
f 2381 2513 2382
f 2382 2513 3059
f 2382 3059 2886
f 3058 3243 2717
f 3058 2717 2512
f 2512 2717 2718
f 2512 2718 2513
f 2513 2718 3244
f 2513 3244 3059
f 3243 3462 3040
f 3243 3040 2717
f 2717 3040 3041
f 2717 3041 2718
f 2718 3041 3463
f 2718 3463 3244
f 3462 3725 3348
f 3462 3348 3040
f 3040 3348 3349
f 3040 3349 3041
f 3041 3349 3726
f 3041 3726 3463
f 3725 3969 3675
f 3725 3675 3348
f 3348 3675 3676
f 3348 3676 3349
f 3349 3676 3970
f 3349 3970 3726
f 3969 4264 3993
f 3969 3993 3675
f 3675 3993 3994
f 3675 3994 3676
f 3676 3994 4265
f 3676 4265 3970
f 4264 4598 4329
f 4264 4329 3993
f 3993 4329 4330
f 3993 4330 3994
f 3994 4330 4599
f 3994 4599 4265
f 4598 4936 4718
f 4598 4718 4329
f 4329 4718 4719
f 4329 4719 4330
f 4330 4719 4937
f 4330 4937 4599
f 4936 5249 5093
f 4936 5093 4718
f 4718 5093 5094
f 4718 5094 4719
f 4719 5094 5250
f 4719 5250 4937
f 5249 5633 5517
f 5249 5517 5093
f 5093 5517 5518
f 5093 5518 5094
f 5094 5518 5634
f 5094 5634 5250
f 5633 6049 5941
f 5633 5941 5517
f 5517 5941 5942
f 5517 5942 5518
f 5518 5942 6050
f 5518 6050 5634
f 6049 6480 6381
f 6049 6381 5941
f 5941 6381 6382
f 5941 6382 5942
f 5942 6382 6481
f 5942 6481 6050
f 6480 6910 6847
f 6480 6847 6381
f 6381 6847 6848
f 6381 6848 6382
f 6382 6848 6911
f 6382 6911 6481
f 6910 7334 7312
f 6910 7312 6847
f 6847 7312 7313
f 6847 7313 6848
f 6848 7313 7335
f 6848 7335 6911
f 7334 7806 7869
f 7334 7869 7312
f 7312 7869 7870
f 7312 7870 7313
f 7313 7870 7807
f 7313 7807 7335
f 7806 8236 8335
f 7806 8335 7869
f 7869 8335 8336
f 7869 8336 7870
f 7870 8336 8237
f 7870 8237 7807
f 8236 8667 8775
f 8236 8775 8335
f 8335 8775 8776
f 8335 8776 8336
f 8336 8776 8668
f 8336 8668 8237
f 8667 9083 9199
f 8667 9199 8775
f 8775 9199 9200
f 8775 9200 8776
f 8776 9200 9084
f 8776 9084 8668
f 9083 9467 9621
f 9083 9621 9199
f 9199 9621 9622
f 9199 9622 9200
f 9200 9622 9468
f 9200 9468 9084
f 9467 9780 9998
f 9467 9998 9621
f 9621 9998 9999
f 9621 9999 9622
f 9622 9999 9781
f 9622 9781 9468
f 9780 10118 10391
f 9780 10391 9998
f 9998 10391 10392
f 9998 10392 9999
f 9999 10392 10119
f 9999 10119 9781
f 10118 10452 10727
f 10118 10727 10391
f 10391 10727 10728
f 10391 10728 10392
f 10392 10728 10453
f 10392 10453 10119
f 10452 10747 11045
f 10452 11045 10727
f 10727 11045 11046
f 10727 11046 10728
f 10728 11046 10748
f 10728 10748 10453
f 10747 10995 11372
f 10747 11372 11045
f 11045 11372 11373
f 11045 11373 11046
f 11046 11373 10996
f 11046 10996 10748
f 10995 11258 11679
f 10995 11679 11372
f 11372 11679 11680
f 11372 11680 11373
f 11373 11680 11259
f 11373 11259 10996
f 11258 11469 12009
f 11258 12009 11679
f 11679 12009 12010
f 11679 12010 11680
f 11680 12010 11470
f 11680 11470 11259
f 11469 11662 12220
f 11469 12220 12009
f 12009 12220 12221
f 12009 12221 12010
f 12010 12221 11663
f 12010 11663 11470
f 11662 11833 12349
f 11662 12349 12220
f 12220 12349 12350
f 12220 12350 12221
f 12221 12350 11834
f 12221 11834 11663
f 11833 11923 12421
f 11833 12421 12349
f 12349 12421 12422
f 12349 12422 12350
f 12350 12422 11924
f 12350 11924 11834
f 11923 11981 12449
f 11923 12449 12421
f 12421 12449 12450
f 12421 12450 12422
f 12422 12450 11982
f 12422 11982 11924
f 11981 11929 12423
f 11981 12423 12449
f 12449 12423 12424
f 12449 12424 12450
f 12450 12424 11930
f 12450 11930 11982
f 11929 11841 12351
f 11929 12351 12423
f 12423 12351 12352
f 12423 12352 12424
f 12424 12352 11842
f 12424 11842 11930
f 11841 11668 12224
f 11841 12224 12351
f 12351 12224 12225
f 12351 12225 12352
f 12352 12225 11669
f 12352 11669 11842
f 11668 11479 12011
f 11668 12011 12224
f 12224 12011 12012
f 12224 12012 12225
f 12225 12012 11480
f 12225 11480 11669
f 11479 11264 11682
f 11479 11682 12011
f 12011 11682 11683
f 12011 11683 12012
f 12012 11683 11265
f 12012 11265 11480
f 11264 11001 11374
f 11264 11374 11682
f 11682 11374 11375
f 11682 11375 11683
f 11683 11375 11002
f 11683 11002 11265
f 11001 10753 11047
f 11001 11047 11374
f 11374 11047 11048
f 11374 11048 11375
f 11375 11048 10754
f 11375 10754 11002
f 10753 10458 10729
f 10753 10729 11047
f 11047 10729 10730
f 11047 10730 11048
f 11048 10730 10459
f 11048 10459 10754
f 10458 10124 10393
f 10458 10393 10729
f 10729 10393 10394
f 10729 10394 10730
f 10730 10394 10125
f 10730 10125 10459
f 10124 9786 10004
f 10124 10004 10393
f 10393 10004 10005
f 10393 10005 10394
f 10394 10005 9787
f 10394 9787 10125
f 9786 9473 9629
f 9786 9629 10004
f 10004 9629 9630
f 10004 9630 10005
f 10005 9630 9474
f 10005 9474 9787
f 9473 9089 9205
f 9473 9205 9629
f 9629 9205 9206
f 9629 9206 9630
f 9630 9206 9090
f 9630 9090 9474
f 9089 8673 8781
f 9089 8781 9205
f 9205 8781 8782
f 9205 8782 9206
f 9206 8782 8674
f 9206 8674 9090
f 8673 8242 8341
f 8673 8341 8781
f 8781 8341 8342
f 8781 8342 8782
f 8782 8342 8243
f 8782 8243 8674
f 8242 7812 7875
f 8242 7875 8341
f 8341 7875 7876
f 8341 7876 8342
f 8342 7876 7813
f 8342 7813 8243
f 7812 7388 7410
f 7812 7410 7875
f 7875 7410 7411
f 7875 7411 7876
f 7876 7411 7389
f 7876 7389 7813
f 7388 6916 6853
f 7388 6853 7410
f 7410 6853 6854
f 7410 6854 7411
f 7411 6854 6917
f 7411 6917 7389
f 6916 6486 6387
f 6916 6387 6853
f 6853 6387 6388
f 6853 6388 6854
f 6854 6388 6487
f 6854 6487 6917
f 6486 6055 5947
f 6486 5947 6387
f 6387 5947 5948
f 6387 5948 6388
f 6388 5948 6056
f 6388 6056 6487
f 6055 5639 5523
f 6055 5523 5947
f 5947 5523 5524
f 5947 5524 5948
f 5948 5524 5640
f 5948 5640 6056
f 5639 5255 5101
f 5639 5101 5523
f 5523 5101 5102
f 5523 5102 5524
f 5524 5102 5256
f 5524 5256 5640
f 5255 4942 4728
f 5255 4728 5101
f 5101 4728 4729
f 5101 4729 5102
f 5102 4729 4943
f 5102 4943 5256
f 4942 4604 4335
f 4942 4335 4728
f 4728 4335 4336
f 4728 4336 4729
f 4729 4336 4605
f 4729 4605 4943
f 4604 4270 3999
f 4604 3999 4335
f 4335 3999 4000
f 4335 4000 4336
f 4336 4000 4271
f 4336 4271 4605
f 4270 3975 3681
f 4270 3681 3999
f 3999 3681 3682
f 3999 3682 4000
f 4000 3682 3976
f 4000 3976 4271
f 3975 3731 3354
f 3975 3354 3681
f 3681 3354 3355
f 3681 3355 3682
f 3682 3355 3732
f 3682 3732 3976
f 3731 3468 3047
f 3731 3047 3354
f 3354 3047 3048
f 3354 3048 3355
f 3355 3048 3469
f 3355 3469 3732
f 3468 3253 2723
f 3468 2723 3047
f 3047 2723 2724
f 3047 2724 3048
f 3048 2724 3254
f 3048 3254 3469
f 3253 3064 2520
f 3253 2520 2723
f 2723 2520 2521
f 2723 2521 2724
f 2724 2521 3065
f 2724 3065 3254
f 3064 2893 2387
f 3064 2387 2520
f 2520 2387 2388
f 2520 2388 2521
f 2521 2388 2894
f 2521 2894 3065
f 2893 2807 2311
f 2893 2311 2387
f 2387 2311 2312
f 2387 2312 2388
f 2388 2312 2808
f 2388 2808 2894
f 2807 2751 2279
f 2807 2279 2311
f 2311 2279 2280
f 2311 2280 2312
f 2312 2280 2752
f 2312 2752 2808
f 2751 2803 2307
f 2751 2307 2279
f 2279 2307 2308
f 2279 2308 2280
f 2280 2308 2804
f 2280 2804 2752
f 2803 2887 2383
f 2803 2383 2307
f 2307 2383 2384
f 2307 2384 2308
f 2308 2384 2888
f 2308 2888 2804
f 2887 3060 2514
f 2887 2514 2383
f 2383 2514 2515
f 2383 2515 2384
f 2384 2515 3061
f 2384 3061 2888
f 3060 3245 2719
f 3060 2719 2514
f 2514 2719 2720
f 2514 2720 2515
f 2515 2720 3246
f 2515 3246 3061
f 3245 3464 3042
f 3245 3042 2719
f 2719 3042 3043
f 2719 3043 2720
f 2720 3043 3465
f 2720 3465 3246
f 3464 3727 3350
f 3464 3350 3042
f 3042 3350 3351
f 3042 3351 3043
f 3043 3351 3728
f 3043 3728 3465
f 3727 3971 3677
f 3727 3677 3350
f 3350 3677 3678
f 3350 3678 3351
f 3351 3678 3972
f 3351 3972 3728
f 3971 4266 3995
f 3971 3995 3677
f 3677 3995 3996
f 3677 3996 3678
f 3678 3996 4267
f 3678 4267 3972
f 4266 4600 4331
f 4266 4331 3995
f 3995 4331 4332
f 3995 4332 3996
f 3996 4332 4601
f 3996 4601 4267
f 4600 4938 4720
f 4600 4720 4331
f 4331 4720 4721
f 4331 4721 4332
f 4332 4721 4939
f 4332 4939 4601
f 4938 5251 5095
f 4938 5095 4720
f 4720 5095 5096
f 4720 5096 4721
f 4721 5096 5252
f 4721 5252 4939
f 5251 5635 5519
f 5251 5519 5095
f 5095 5519 5520
f 5095 5520 5096
f 5096 5520 5636
f 5096 5636 5252
f 5635 6051 5943
f 5635 5943 5519
f 5519 5943 5944
f 5519 5944 5520
f 5520 5944 6052
f 5520 6052 5636
f 6051 6482 6383
f 6051 6383 5943
f 5943 6383 6384
f 5943 6384 5944
f 5944 6384 6483
f 5944 6483 6052
f 6482 6912 6849
f 6482 6849 6383
f 6383 6849 6850
f 6383 6850 6384
f 6384 6850 6913
f 6384 6913 6483
f 6912 7336 7314
f 6912 7314 6849
f 6849 7314 7315
f 6849 7315 6850
f 6850 7315 7337
f 6850 7337 6913
f 7336 7808 7871
f 7336 7871 7314
f 7314 7871 7872
f 7314 7872 7315
f 7315 7872 7809
f 7315 7809 7337
f 7808 8238 8337
f 7808 8337 7871
f 7871 8337 8338
f 7871 8338 7872
f 7872 8338 8239
f 7872 8239 7809
f 8238 8669 8777
f 8238 8777 8337
f 8337 8777 8778
f 8337 8778 8338
f 8338 8778 8670
f 8338 8670 8239
f 8669 9085 9201
f 8669 9201 8777
f 8777 9201 9202
f 8777 9202 8778
f 8778 9202 9086
f 8778 9086 8670
f 9085 9469 9623
f 9085 9623 9201
f 9201 9623 9624
f 9201 9624 9202
f 9202 9624 9470
f 9202 9470 9086
f 9469 9782 9993
f 9469 9993 9623
f 9623 9993 9994
f 9623 9994 9624
f 9624 9994 9783
f 9624 9783 9470
f 9782 10120 10357
f 9782 10357 9993
f 9993 10357 10358
f 9993 10358 9994
f 9994 10358 10121
f 9994 10121 9783
f 10120 10454 10640
f 10120 10640 10357
f 10357 10640 10641
f 10357 10641 10358
f 10358 10641 10455
f 10358 10455 10121
f 10454 10749 10966
f 10454 10966 10640
f 10640 10966 10967
f 10640 10967 10641
f 10641 10967 10750
f 10641 10750 10455
f 10749 10997 11233
f 10749 11233 10966
f 10966 11233 11234
f 10966 11234 10967
f 10967 11234 10998
f 10967 10998 10750
f 10997 11260 11495
f 10997 11495 11233
f 11233 11495 11496
f 11233 11496 11234
f 11234 11496 11261
f 11234 11261 10998
f 11260 11471 11724
f 11260 11724 11495
f 11495 11724 11725
f 11495 11725 11496
f 11496 11725 11472
f 11496 11472 11261
f 11471 11664 11896
f 11471 11896 11724
f 11724 11896 11897
f 11724 11897 11725
f 11725 11897 11665
f 11725 11665 11472
f 11664 11835 12046
f 11664 12046 11896
f 11896 12046 12047
f 11896 12047 11897
f 11897 12047 11836
f 11897 11836 11665
f 11835 11925 12108
f 11835 12108 12046
f 12046 12108 12109
f 12046 12109 12047
f 12047 12109 11926
f 12047 11926 11836
f 11925 11983 12096
f 11925 12096 12108
f 12108 12096 12097
f 12108 12097 12109
f 12109 12097 11984
f 12109 11984 11926
f 11979 12094 12095
f 11979 12095 11980
f 11984 12097 12096
f 11984 12096 11983
