v -0.011900 0.000000 0.062100
v -0.011900 0.000000 0.064988
v -0.011889 -0.000519 0.062100
v -0.011889 -0.000519 0.064988
v -0.011889 0.000519 0.062100
v -0.011889 0.000519 0.064988
v -0.011855 -0.001037 0.062100
v -0.011855 -0.001037 0.064988
v -0.011855 0.001037 0.062100
v -0.011855 0.001037 0.064988
v -0.011798 -0.001553 0.062100
v -0.011798 -0.001553 0.064988
v -0.011798 0.001553 0.062100
v -0.011798 0.001553 0.064988
v -0.011719 -0.002066 0.062100
v -0.011719 -0.002066 0.064988
v -0.011719 0.002066 0.062100
v -0.011719 0.002066 0.064988
v -0.011618 -0.002576 0.062100
v -0.011618 -0.002576 0.064988
v -0.011618 0.002576 0.062100
v -0.011618 0.002576 0.064988
v -0.011500 0.000000 0.066138
v -0.011500 0.000000 0.074850
v -0.011495 -0.003080 0.062100
v -0.011495 -0.003080 0.064988
v -0.011489 -0.000502 0.066138
v -0.011489 -0.000502 0.074850
v -0.011495 0.003080 0.062100
v -0.011495 0.003080 0.064988
v -0.011400 0.000000 0.061600
v -0.011402 0.001501 0.066138
v -0.011402 0.001501 0.074850
v -0.011389 -0.000497 0.061600
v -0.011389 0.000497 0.061600
v -0.011357 -0.000994 0.061600
v -0.011357 0.000994 0.061600
v -0.011349 -0.003578 0.062100
v -0.011349 -0.003578 0.064988
v -0.011349 0.003578 0.062100
v -0.011349 0.003578 0.064988
v -0.011325 -0.001997 0.066138
v -0.011325 -0.001997 0.074850
v -0.011325 0.001997 0.066138
v -0.011325 0.001997 0.074850
v -0.011302 -0.001488 0.061600
v -0.011302 0.001488 0.061600
v -0.011227 -0.002489 0.066138
v -0.011227 -0.002489 0.074850
v -0.011227 -0.001980 0.061600
v -0.011227 0.001980 0.061600
v -0.011182 -0.004070 0.062100
v -0.011182 -0.004070 0.064988
v -0.011182 0.004070 0.062100
v -0.011182 0.004070 0.064988
v -0.011130 -0.002467 0.061600
v -0.011130 0.002467 0.061600
v -0.011012 -0.002951 0.061600
v -0.011012 0.002951 0.061600
v -0.011000 0.000000 0.065788
v -0.011000 0.000000 0.075200
v -0.011000 0.000000 0.076200
v -0.010994 -0.004554 0.062100
v -0.010994 -0.004554 0.064988
v -0.010990 -0.000480 0.065788
v -0.010990 -0.000480 0.075200
v -0.010990 -0.000480 0.076200
v -0.010990 0.000480 0.065788
v -0.010990 0.000480 0.066138
v -0.010990 0.000480 0.074850
v -0.010990 0.000480 0.075200
v -0.010990 0.000480 0.076200
v -0.010994 0.004554 0.062100
v -0.010994 0.004554 0.064988
v -0.010968 0.003458 0.066138
v -0.010968 0.003458 0.074850
v -0.010958 -0.000959 0.065788
v -0.010958 -0.000959 0.066138
v -0.010958 -0.000959 0.074850
v -0.010958 -0.000959 0.075200
v -0.010958 -0.000959 0.076200
v -0.010958 0.000959 0.065788
v -0.010958 0.000959 0.066138
v -0.010958 0.000959 0.074850
v -0.010958 0.000959 0.075200
v -0.010958 0.000959 0.076200
v -0.010906 -0.001436 0.065788
v -0.010906 -0.001436 0.066138
v -0.010906 -0.001436 0.074850
v -0.010906 -0.001436 0.075200
v -0.010906 -0.001436 0.076200
v -0.010906 0.001436 0.065788
v -0.010906 0.001436 0.075200
v -0.010906 0.001436 0.076200
v -0.010872 -0.003428 0.061600
v -0.010872 0.003428 0.061600
v -0.010833 -0.001910 0.065788
v -0.010833 -0.001910 0.075200
v -0.010833 -0.001910 0.076200
v -0.010833 0.001910 0.065788
v -0.010833 0.001910 0.075200
v -0.010833 0.001910 0.076200
v -0.010806 -0.003933 0.066138
v -0.010806 -0.003933 0.074850
v -0.010806 0.003933 0.066138
v -0.010806 0.003933 0.074850
v -0.010785 -0.005029 0.062100
v -0.010785 -0.005029 0.064988
v -0.010785 0.005029 0.062100
v -0.010785 0.005029 0.064988
v -0.010739 -0.002381 0.065788
v -0.010739 -0.002381 0.075200
v -0.010739 -0.002381 0.076200
v -0.010739 0.002381 0.065788
v -0.010739 0.002381 0.066138
v -0.010739 0.002381 0.074850
v -0.010739 0.002381 0.075200
v -0.010739 0.002381 0.076200
v -0.010712 -0.003899 0.061600
v -0.010712 0.003899 0.061600
v -0.010625 -0.002847 0.065788
v -0.010625 -0.002847 0.066138
v -0.010625 -0.002847 0.074850
v -0.010625 -0.002847 0.075200
v -0.010625 -0.002847 0.076200
v -0.010625 0.002847 0.065788
v -0.010625 0.002847 0.066138
v -0.010625 0.002847 0.074850
v -0.010625 0.002847 0.075200
v -0.010625 0.002847 0.076200
v -0.010625 -0.004401 0.066138
v -0.010625 -0.004401 0.074850
v -0.010555 -0.005495 0.062100
v -0.010555 -0.005495 0.064988
v -0.010555 0.005495 0.062100
v -0.010555 0.005495 0.064988
v -0.010532 -0.004363 0.061600
v -0.010532 0.004363 0.061600
v -0.010491 -0.003308 0.065788
v -0.010491 -0.003308 0.066138
v -0.010491 -0.003308 0.074850
v -0.010491 -0.003308 0.075200
v -0.010491 -0.003308 0.076200
v -0.010491 0.003308 0.065788
v -0.010491 0.003308 0.075200
v -0.010491 0.003308 0.076200
v -0.010400 0.000000 0.064988
v -0.010400 0.000000 0.065788
v -0.010390 -0.000454 0.064988
v -0.010390 -0.000454 0.065788
v -0.010390 0.000454 0.064988
v -0.010390 0.000454 0.065788
v -0.010360 -0.000906 0.064988
v -0.010360 -0.000906 0.065788
v -0.010360 0.000906 0.064988
v -0.010360 0.000906 0.065788
v -0.010337 -0.003762 0.065788
v -0.010337 -0.003762 0.075200
v -0.010337 -0.003762 0.076200
v -0.010337 0.003762 0.065788
v -0.010337 0.003762 0.075200
v -0.010337 0.003762 0.076200
v -0.010332 -0.004818 0.061600
v -0.010332 0.004818 0.061600
v -0.010306 -0.005950 0.062100
v -0.010306 -0.005950 0.064988
v -0.010311 -0.001357 0.064988
v -0.010311 -0.001357 0.065788
v -0.010311 0.001357 0.064988
v -0.010311 0.001357 0.065788
v -0.010306 0.005950 0.062100
v -0.010306 0.005950 0.064988
v -0.010242 -0.001806 0.064988
v -0.010242 -0.001806 0.065788
v -0.010242 0.001806 0.064988
v -0.010242 0.001806 0.065788
v -0.010200 0.000000 0.077000
v -0.010201 0.005310 0.066138
v -0.010201 0.005310 0.074850
v -0.010190 -0.000445 0.077000
v -0.010190 0.000445 0.077000
v -0.010163 -0.004210 0.065788
v -0.010163 -0.004210 0.075200
v -0.010163 -0.004210 0.076200
v -0.010161 -0.000889 0.077000
v -0.010161 0.000889 0.077000
v -0.010163 0.004210 0.065788
v -0.010163 0.004210 0.066138
v -0.010163 0.004210 0.074850
v -0.010163 0.004210 0.075200
v -0.010163 0.004210 0.076200
v -0.010153 -0.002251 0.064988
v -0.010153 -0.002251 0.065788
v -0.010153 0.002251 0.064988
v -0.010153 0.002251 0.065788
v -0.010112 -0.005264 0.061600
v -0.010113 -0.001331 0.077000
v -0.010113 0.001331 0.077000
v -0.010112 0.005264 0.061600
v -0.010046 -0.002692 0.064988
v -0.010046 -0.002692 0.065788
v -0.010045 -0.001771 0.077000
v -0.010050 0.000000 0.061600
v -0.010050 0.000000 0.075400
v -0.010045 0.001771 0.077000
v -0.010046 0.002692 0.064988
v -0.010046 0.002692 0.065788
v -0.010036 -0.006394 0.062100
v -0.010036 -0.006394 0.064988
v -0.010040 -0.000438 0.061600
v -0.010040 -0.000438 0.075400
v -0.010040 0.000438 0.061600
v -0.010040 0.000438 0.075400
v -0.010036 0.006394 0.062100
v -0.010036 0.006394 0.064988
v -0.010012 -0.000876 0.061600
v -0.010012 -0.000876 0.075400
v -0.010012 0.000876 0.061600
v -0.010012 0.000876 0.075400
v -0.009969 -0.004649 0.065788
v -0.009969 -0.004649 0.066138
v -0.009969 -0.004649 0.074850
v -0.009969 -0.004649 0.075200
v -0.009969 -0.004649 0.076200
v -0.009969 0.004649 0.065788
v -0.009969 0.004649 0.066138
v -0.009969 0.004649 0.074850
v -0.009969 0.004649 0.075200
v -0.009969 0.004649 0.076200
v -0.009959 -0.005750 0.066138
v -0.009959 -0.005750 0.074850
v -0.009958 -0.002208 0.077000
v -0.009964 -0.001312 0.061600
v -0.009964 -0.001312 0.075400
v -0.009964 0.001312 0.061600
v -0.009964 0.001312 0.075400
v -0.009958 0.002208 0.077000
v -0.009959 0.005750 0.066138
v -0.009959 0.005750 0.074850
v -0.009919 -0.003127 0.064988
v -0.009919 -0.003127 0.065788
v -0.009919 0.003127 0.064988
v -0.009919 0.003127 0.065788
v -0.009897 -0.001745 0.061600
v -0.009897 -0.001745 0.075400
v -0.009897 0.001745 0.061600
v -0.009897 0.001745 0.075400
v -0.009873 -0.005700 0.061600
v -0.009873 0.005700 0.061600
v -0.009852 -0.002640 0.077000
v -0.009852 0.002640 0.077000
v -0.009812 -0.002175 0.061600
v -0.009812 -0.002175 0.075400
v -0.009812 0.002175 0.061600
v -0.009812 0.002175 0.075400
v -0.009773 -0.003557 0.064988
v -0.009773 -0.003557 0.065788
v -0.009773 0.003557 0.064988
v -0.009773 0.003557 0.065788
v -0.009757 -0.005079 0.065788
v -0.009757 -0.005079 0.066138
v -0.009757 -0.005079 0.074850
v -0.009757 -0.005079 0.075200
v -0.009757 -0.005079 0.076200
v -0.009757 0.005079 0.065788
v -0.009757 0.005079 0.075200
v -0.009757 0.005079 0.076200
v -0.009748 -0.006826 0.062100
v -0.009748 -0.006826 0.064988
v -0.009748 0.006826 0.062100
v -0.009748 0.006826 0.064988
v -0.009728 -0.003067 0.077000
v -0.009728 0.003067 0.077000
v -0.009708 -0.002601 0.061600
v -0.009708 -0.002601 0.075400
v -0.009708 0.002601 0.061600
v -0.009708 0.002601 0.075400
v -0.009699 -0.006179 0.066138
v -0.009699 -0.006179 0.074850
v -0.009615 -0.006125 0.061600
v -0.009608 -0.003980 0.064988
v -0.009608 -0.003980 0.065788
v -0.009608 0.003980 0.064988
v -0.009608 0.003980 0.065788
v -0.009615 0.006125 0.061600
v -0.009585 -0.003489 0.077000
v -0.009585 -0.003022 0.061600
v -0.009585 -0.003022 0.075400
v -0.009585 0.003022 0.061600
v -0.009585 0.003022 0.075400
v -0.009585 0.003489 0.077000
v -0.009526 -0.005500 0.065788
v -0.009526 -0.005500 0.075200
v -0.009526 -0.005500 0.076200
v -0.009526 0.005500 0.065788
v -0.009526 0.005500 0.075200
v -0.009526 0.005500 0.076200
v -0.009441 -0.007244 0.062100
v -0.009441 -0.007244 0.064988
v -0.009444 -0.003437 0.061600
v -0.009444 -0.003437 0.075400
v -0.009444 0.003437 0.061600
v -0.009444 0.003437 0.075400
v -0.009441 0.007244 0.062100
v -0.009441 0.007244 0.064988
v -0.009426 -0.004395 0.064988
v -0.009426 -0.004395 0.065788
v -0.009426 0.004395 0.064988
v -0.009426 0.004395 0.065788
v -0.009424 -0.003903 0.077000
v -0.009424 0.003903 0.077000
v -0.009338 -0.006539 0.061600
v -0.009338 0.006539 0.061600
v -0.009277 -0.005910 0.065788
v -0.009277 -0.005910 0.075200
v -0.009277 -0.005910 0.076200
v -0.009285 -0.003846 0.061600
v -0.009285 -0.003846 0.075400
v -0.009285 0.003846 0.061600
v -0.009285 0.003846 0.075400
v -0.009277 0.005910 0.065788
v -0.009277 0.005910 0.066138
v -0.009277 0.005910 0.074850
v -0.009277 0.005910 0.075200
v -0.009277 0.005910 0.076200
v -0.009244 -0.004311 0.077000
v -0.009244 0.004311 0.077000
v -0.009225 -0.004802 0.064988
v -0.009225 -0.004802 0.065788
v -0.009225 0.004802 0.064988
v -0.009225 0.004802 0.065788
v -0.009116 -0.007649 0.062100
v -0.009116 -0.007649 0.064988
v -0.009124 0.007001 0.066138
v -0.009124 0.007001 0.074850
v -0.009116 0.007649 0.062100
v -0.009116 0.007649 0.064988
v -0.009108 -0.004247 0.061600
v -0.009108 -0.004247 0.075400
v -0.009108 0.004247 0.061600
v -0.009108 0.004247 0.075400
v -0.009048 -0.004710 0.077000
v -0.009048 0.004710 0.077000
v -0.009044 -0.006940 0.061600
v -0.009044 0.006940 0.061600
v -0.009011 -0.006309 0.065788
v -0.009011 -0.006309 0.066138
v -0.009011 -0.006309 0.074850
v -0.009011 -0.006309 0.075200
v -0.009011 -0.006309 0.076200
v -0.009007 -0.005200 0.064988
v -0.009007 -0.005200 0.065788
v -0.009007 0.005200 0.064988
v -0.009007 0.005200 0.065788
v -0.009011 0.006309 0.065788
v -0.009011 0.006309 0.066138
v -0.009011 0.006309 0.074850
v -0.009011 0.006309 0.075200
v -0.009011 0.006309 0.076200
v -0.008914 -0.004641 0.061600
v -0.008914 -0.004641 0.075400
v -0.008914 0.004641 0.061600
v -0.008914 0.004641 0.075400
v -0.008833 -0.005100 0.077000
v -0.008833 0.005100 0.077000
v -0.008810 -0.007392 0.066138
v -0.008810 -0.007392 0.074850
v -0.008810 0.007392 0.066138
v -0.008810 0.007392 0.074850
v -0.008774 -0.008040 0.062100
v -0.008774 -0.008040 0.064988
v -0.008771 -0.005588 0.064988
v -0.008771 -0.005588 0.065788
v -0.008771 0.005588 0.064988
v -0.008771 0.005588 0.065788
v -0.008774 0.008040 0.062100
v -0.008774 0.008040 0.064988
v -0.008733 -0.007328 0.061600
v -0.008727 -0.006696 0.065788
v -0.008727 -0.006696 0.066138
v -0.008727 -0.006696 0.074850
v -0.008727 -0.006696 0.075200
v -0.008727 -0.006696 0.076200
v -0.008727 0.006696 0.065788
v -0.008727 0.006696 0.075200
v -0.008727 0.006696 0.076200
v -0.008733 0.007328 0.061600
v -0.008704 -0.005025 0.061600
v -0.008704 -0.005025 0.075400
v -0.008704 0.005025 0.061600
v -0.008704 0.005025 0.075400
v -0.008603 -0.005480 0.077000
v -0.008603 0.005480 0.077000
v -0.008519 -0.005965 0.064988
v -0.008519 -0.005965 0.065788
v -0.008519 0.005965 0.064988
v -0.008519 0.005965 0.065788
v -0.008479 -0.007769 0.066138
v -0.008479 -0.007769 0.074850
v -0.008476 -0.005400 0.061600
v -0.008476 -0.005400 0.075400
v -0.008476 0.005400 0.061600
v -0.008476 0.005400 0.075400
v -0.008426 -0.007071 0.065788
v -0.008426 -0.007071 0.075200
v -0.008426 -0.007071 0.076200
v -0.008426 0.007071 0.065788
v -0.008426 0.007071 0.075200
v -0.008426 0.007071 0.076200
v -0.008415 -0.008415 0.062100
v -0.008415 -0.008415 0.064988
v -0.008415 0.008415 0.062100
v -0.008415 0.008415 0.064988
v -0.008405 -0.007702 0.061600
v -0.008405 0.007702 0.061600
v -0.008355 -0.005850 0.077000
v -0.008355 0.005850 0.077000
v -0.008251 -0.006331 0.064988
v -0.008251 -0.006331 0.065788
v -0.008251 0.006331 0.064988
v -0.008251 0.006331 0.065788
v -0.008232 -0.005764 0.061600
v -0.008232 -0.005764 0.075400
v -0.008232 0.005764 0.061600
v -0.008232 0.005764 0.075400
v -0.008110 -0.007431 0.065788
v -0.008110 -0.007431 0.075200
v -0.008110 -0.007431 0.076200
v -0.008110 0.007431 0.065788
v -0.008110 0.007431 0.066138
v -0.008110 0.007431 0.074850
v -0.008110 0.007431 0.075200
v -0.008110 0.007431 0.076200
v -0.008092 -0.006209 0.077000
v -0.008092 0.006209 0.077000
v -0.008061 -0.008061 0.061600
v -0.008061 0.008061 0.061600
v -0.008040 -0.008774 0.062100
v -0.008040 -0.008774 0.064988
v -0.008040 0.008774 0.062100
v -0.008040 0.008774 0.064988
v -0.007967 -0.006685 0.064988
v -0.007967 -0.006685 0.065788
v -0.007973 -0.006118 0.061600
v -0.007973 -0.006118 0.075400
v -0.007973 0.006118 0.061600
v -0.007973 0.006118 0.075400
v -0.007967 0.006685 0.064988
v -0.007967 0.006685 0.065788
v -0.007814 -0.006556 0.077000
v -0.007814 0.006556 0.077000
v -0.007778 -0.007778 0.065788
v -0.007778 -0.007778 0.066138
v -0.007778 -0.007778 0.074850
v -0.007778 -0.007778 0.075200
v -0.007778 -0.007778 0.076200
v -0.007778 0.007778 0.065788
v -0.007778 0.007778 0.066138
v -0.007778 0.007778 0.074850
v -0.007778 0.007778 0.075200
v -0.007778 0.007778 0.076200
v -0.007769 0.008479 0.066138
v -0.007769 0.008479 0.074850
v -0.007702 -0.008405 0.061600
v -0.007699 -0.006460 0.061600
v -0.007699 -0.006460 0.075400
v -0.007699 0.006460 0.061600
v -0.007699 0.006460 0.075400
v -0.007702 0.008405 0.061600
v -0.007668 -0.007026 0.064988
v -0.007668 -0.007026 0.065788
v -0.007668 0.007026 0.064988
v -0.007668 0.007026 0.065788
v -0.007649 -0.009116 0.062100
v -0.007649 -0.009116 0.064988
v -0.007649 0.009116 0.062100
v -0.007649 0.009116 0.064988
v -0.007520 -0.006891 0.077000
v -0.007520 0.006891 0.077000
v -0.007431 -0.008110 0.065788
v -0.007431 -0.008110 0.066138
v -0.007431 -0.008110 0.074850
v -0.007431 -0.008110 0.075200
v -0.007431 -0.008110 0.076200
v -0.007431 0.008110 0.065788
v -0.007431 0.008110 0.075200
v -0.007431 0.008110 0.076200
v -0.007410 -0.006790 0.061600
v -0.007410 -0.006790 0.075400
v -0.007410 0.006790 0.061600
v -0.007410 0.006790 0.075400
v -0.007392 -0.008810 0.066138
v -0.007392 -0.008810 0.074850
v -0.007392 0.008810 0.066138
v -0.007392 0.008810 0.074850
v -0.007354 -0.007354 0.064988
v -0.007354 -0.007354 0.065788
v -0.007354 0.007354 0.064988
v -0.007354 0.007354 0.065788
v -0.007328 -0.008733 0.061600
v -0.007328 0.008733 0.061600
v -0.007244 -0.009441 0.062100
v -0.007244 -0.009441 0.064988
v -0.007244 0.009441 0.062100
v -0.007244 0.009441 0.064988
v -0.007212 -0.007212 0.077000
v -0.007212 0.007212 0.077000
v -0.007106 -0.007106 0.061600
v -0.007106 -0.007106 0.075400
v -0.007106 0.007106 0.061600
v -0.007106 0.007106 0.075400
v -0.007071 -0.008426 0.065788
v -0.007071 -0.008426 0.075200
v -0.007071 -0.008426 0.076200
v -0.007071 0.008426 0.065788
v -0.007071 0.008426 0.075200
v -0.007071 0.008426 0.076200
v -0.007026 -0.007668 0.064988
v -0.007026 -0.007668 0.065788
v -0.007026 0.007668 0.064988
v -0.007026 0.007668 0.065788
v -0.007001 -0.009124 0.066138
v -0.007001 -0.009124 0.074850
v -0.006940 -0.009044 0.061600
v -0.006940 0.009044 0.061600
v -0.006891 -0.007520 0.077000
v -0.006891 0.007520 0.077000
v -0.006826 -0.009748 0.062100
v -0.006826 -0.009748 0.064988
v -0.006826 0.009748 0.062100
v -0.006826 0.009748 0.064988
v -0.006790 -0.007410 0.061600
v -0.006790 -0.007410 0.075400
v -0.006790 0.007410 0.061600
v -0.006790 0.007410 0.075400
v -0.006696 -0.008727 0.065788
v -0.006696 -0.008727 0.075200
v -0.006696 -0.008727 0.076200
v -0.006696 0.008727 0.065788
v -0.006696 0.008727 0.066138
v -0.006696 0.008727 0.074850
v -0.006696 0.008727 0.075200
v -0.006696 0.008727 0.076200
v -0.006685 -0.007967 0.064988
v -0.006685 -0.007967 0.065788
v -0.006685 0.007967 0.064988
v -0.006685 0.007967 0.065788
v -0.006556 -0.007814 0.077000
v -0.006556 0.007814 0.077000
v -0.006539 -0.009338 0.061600
v -0.006539 0.009338 0.061600
v -0.006460 -0.007699 0.061600
v -0.006460 -0.007699 0.075400
v -0.006460 0.007699 0.061600
v -0.006460 0.007699 0.075400
v -0.006394 -0.010036 0.062100
v -0.006394 -0.010036 0.064988
v -0.006394 0.010036 0.062100
v -0.006394 0.010036 0.064988
v -0.006331 -0.008251 0.064988
v -0.006331 -0.008251 0.065788
v -0.006331 0.008251 0.064988
v -0.006331 0.008251 0.065788
v -0.006309 -0.009011 0.065788
v -0.006309 -0.009011 0.066138
v -0.006309 -0.009011 0.074850
v -0.006309 -0.009011 0.075200
v -0.006309 -0.009011 0.076200
v -0.006309 0.009011 0.065788
v -0.006309 0.009011 0.066138
v -0.006309 0.009011 0.074850
v -0.006309 0.009011 0.075200
v -0.006309 0.009011 0.076200
v -0.006209 -0.008092 0.077000
v -0.006209 0.008092 0.077000
v -0.006179 0.009699 0.066138
v -0.006179 0.009699 0.074850
v -0.006125 -0.009615 0.061600
v -0.006125 0.009615 0.061600
v -0.006118 -0.007973 0.061600
v -0.006118 -0.007973 0.075400
v -0.006118 0.007973 0.061600
v -0.006118 0.007973 0.075400
v -0.005965 -0.008519 0.064988
v -0.005965 -0.008519 0.065788
v -0.005965 0.008519 0.064988
v -0.005965 0.008519 0.065788
v -0.005950 -0.010306 0.062100
v -0.005950 -0.010306 0.064988
v -0.005950 0.010306 0.062100
v -0.005950 0.010306 0.064988
v -0.005910 -0.009277 0.065788
v -0.005910 -0.009277 0.066138
v -0.005910 -0.009277 0.074850
v -0.005910 -0.009277 0.075200
v -0.005910 -0.009277 0.076200
v -0.005910 0.009277 0.065788
v -0.005910 0.009277 0.075200
v -0.005910 0.009277 0.076200
v -0.005850 -0.008355 0.077000
v -0.005850 0.008355 0.077000
v -0.005764 -0.008232 0.061600
v -0.005764 -0.008232 0.075400
v -0.005764 0.008232 0.061600
v -0.005764 0.008232 0.075400
v -0.005750 -0.009959 0.066138
v -0.005750 -0.009959 0.074850
v -0.005750 0.009959 0.066138
v -0.005750 0.009959 0.074850
v -0.005700 -0.009873 0.061600
v -0.005700 0.009873 0.061600
v -0.005588 -0.008771 0.064988
v -0.005588 -0.008771 0.065788
v -0.005588 0.008771 0.064988
v -0.005588 0.008771 0.065788
v -0.005500 -0.009526 0.065788
v -0.005500 -0.009526 0.075200
v -0.005500 -0.009526 0.076200
v -0.005500 0.009526 0.065788
v -0.005500 0.009526 0.075200
v -0.005500 0.009526 0.076200
v -0.005495 -0.010555 0.062100
v -0.005495 -0.010555 0.064988
v -0.005495 0.010555 0.062100
v -0.005495 0.010555 0.064988
v -0.005480 -0.008603 0.077000
v -0.005480 0.008603 0.077000
v -0.005400 -0.008476 0.061600
v -0.005400 -0.008476 0.075400
v -0.005400 0.008476 0.061600
v -0.005400 0.008476 0.075400
v -0.005310 -0.010201 0.066138
v -0.005310 -0.010201 0.074850
v -0.005264 -0.010112 0.061600
v -0.005264 0.010112 0.061600
v -0.005200 -0.009007 0.064988
v -0.005200 -0.009007 0.065788
v -0.005200 0.009007 0.064988
v -0.005200 0.009007 0.065788
v -0.005100 -0.008833 0.077000
v -0.005100 0.008833 0.077000
v -0.005079 -0.009757 0.065788
v -0.005079 -0.009757 0.075200
v -0.005079 -0.009757 0.076200
v -0.005079 0.009757 0.065788
v -0.005079 0.009757 0.066138
v -0.005079 0.009757 0.074850
v -0.005079 0.009757 0.075200
v -0.005079 0.009757 0.076200
v -0.005029 -0.010785 0.062100
v -0.005029 -0.010785 0.064988
v -0.005029 0.010785 0.062100
v -0.005029 0.010785 0.064988
v -0.005025 -0.008704 0.061600
v -0.005025 -0.008704 0.075400
v -0.005025 0.008704 0.061600
v -0.005025 0.008704 0.075400
v -0.004818 -0.010332 0.061600
v -0.004818 0.010332 0.061600
v -0.004802 -0.009225 0.064988
v -0.004802 -0.009225 0.065788
v -0.004802 0.009225 0.064988
v -0.004802 0.009225 0.065788
v -0.004710 -0.009048 0.077000
v -0.004710 0.009048 0.077000
v -0.004649 -0.009969 0.065788
v -0.004649 -0.009969 0.066138
v -0.004649 -0.009969 0.074850
v -0.004649 -0.009969 0.075200
v -0.004649 -0.009969 0.076200
v -0.004649 0.009969 0.065788
v -0.004649 0.009969 0.066138
v -0.004649 0.009969 0.074850
v -0.004649 0.009969 0.075200
v -0.004649 0.009969 0.076200
v -0.004641 -0.008914 0.061600
v -0.004641 -0.008914 0.075400
v -0.004641 0.008914 0.061600
v -0.004641 0.008914 0.075400
v -0.004554 -0.010994 0.062100
v -0.004554 -0.010994 0.064988
v -0.004554 0.010994 0.062100
v -0.004554 0.010994 0.064988
v -0.004395 -0.009426 0.064988
v -0.004395 -0.009426 0.065788
v -0.004395 0.009426 0.064988
v -0.004395 0.009426 0.065788
v -0.004401 0.010625 0.066138
v -0.004401 0.010625 0.074850
v -0.004363 -0.010532 0.061600
v -0.004363 0.010532 0.061600
v -0.004311 -0.009244 0.077000
v -0.004311 0.009244 0.077000
v -0.004247 -0.009108 0.061600
v -0.004247 -0.009108 0.075400
v -0.004247 0.009108 0.061600
v -0.004247 0.009108 0.075400
v -0.004210 -0.010163 0.065788
v -0.004210 -0.010163 0.066138
v -0.004210 -0.010163 0.074850
v -0.004210 -0.010163 0.075200
v -0.004210 -0.010163 0.076200
v -0.004210 0.010163 0.065788
v -0.004210 0.010163 0.075200
v -0.004210 0.010163 0.076200
v -0.004070 -0.011182 0.062100
v -0.004070 -0.011182 0.064988
v -0.004070 0.011182 0.062100
v -0.004070 0.011182 0.064988
v -0.003980 -0.009608 0.064988
v -0.003980 -0.009608 0.065788
v -0.003980 0.009608 0.064988
v -0.003980 0.009608 0.065788
v -0.003933 -0.010806 0.066138
v -0.003933 -0.010806 0.074850
v -0.003933 0.010806 0.066138
v -0.003933 0.010806 0.074850
v -0.003899 -0.010712 0.061600
v -0.003903 -0.009424 0.077000
v -0.003903 0.009424 0.077000
v -0.003899 0.010712 0.061600
v -0.003846 -0.009285 0.061600
v -0.003846 -0.009285 0.075400
v -0.003846 0.009285 0.061600
v -0.003846 0.009285 0.075400
v -0.003762 -0.010337 0.065788
v -0.003762 -0.010337 0.075200
v -0.003762 -0.010337 0.076200
v -0.003762 0.010337 0.065788
v -0.003762 0.010337 0.075200
v -0.003762 0.010337 0.076200
v -0.003578 -0.011349 0.062100
v -0.003578 -0.011349 0.064988
v -0.003578 0.011349 0.062100
v -0.003578 0.011349 0.064988
v -0.003557 -0.009773 0.064988
v -0.003557 -0.009773 0.065788
v -0.003557 0.009773 0.064988
v -0.003557 0.009773 0.065788
v -0.003489 -0.009585 0.077000
v -0.003489 0.009585 0.077000
v -0.003458 -0.010968 0.066138
v -0.003458 -0.010968 0.074850
v -0.003437 -0.009444 0.061600
v -0.003437 -0.009444 0.075400
v -0.003437 0.009444 0.061600
v -0.003437 0.009444 0.075400
v -0.003428 -0.010872 0.061600
v -0.003428 0.010872 0.061600
v -0.003308 -0.010491 0.065788
v -0.003308 -0.010491 0.075200
v -0.003308 -0.010491 0.076200
v -0.003308 0.010491 0.065788
v -0.003308 0.010491 0.066138
v -0.003308 0.010491 0.074850
v -0.003308 0.010491 0.075200
v -0.003308 0.010491 0.076200
v -0.003127 -0.009919 0.064988
v -0.003127 -0.009919 0.065788
v -0.003127 0.009919 0.064988
v -0.003127 0.009919 0.065788
v -0.003080 -0.011495 0.062100
v -0.003080 -0.011495 0.064988
v -0.003080 0.011495 0.062100
v -0.003080 0.011495 0.064988
v -0.003067 -0.009728 0.077000
v -0.003067 0.009728 0.077000
v -0.003022 -0.009585 0.061600
v -0.003022 -0.009585 0.075400
v -0.003022 0.009585 0.061600
v -0.003022 0.009585 0.075400
v -0.002951 -0.011012 0.061600
v -0.002951 0.011012 0.061600
v -0.002847 -0.010625 0.065788
v -0.002847 -0.010625 0.066138
v -0.002847 -0.010625 0.074850
v -0.002847 -0.010625 0.075200
v -0.002847 -0.010625 0.076200
v -0.002847 0.010625 0.065788
v -0.002847 0.010625 0.066138
v -0.002847 0.010625 0.074850
v -0.002847 0.010625 0.075200
v -0.002847 0.010625 0.076200
v -0.002692 -0.010046 0.064988
v -0.002692 -0.010046 0.065788
v -0.002692 0.010046 0.064988
v -0.002692 0.010046 0.065788
v -0.002640 -0.009852 0.077000
v -0.002640 0.009852 0.077000
v -0.002601 -0.009708 0.061600
v -0.002601 -0.009708 0.075400
v -0.002601 0.009708 0.061600
v -0.002601 0.009708 0.075400
v -0.002576 -0.011618 0.062100
v -0.002576 -0.011618 0.064988
v -0.002576 0.011618 0.062100
v -0.002576 0.011618 0.064988
v -0.002489 0.011227 0.066138
v -0.002489 0.011227 0.074850
v -0.002467 -0.011130 0.061600
v -0.002467 0.011130 0.061600
v -0.002381 -0.010739 0.065788
v -0.002381 -0.010739 0.066138
v -0.002381 -0.010739 0.074850
v -0.002381 -0.010739 0.075200
v -0.002381 -0.010739 0.076200
v -0.002381 0.010739 0.065788
v -0.002381 0.010739 0.075200
v -0.002381 0.010739 0.076200
v -0.002251 -0.010153 0.064988
v -0.002251 -0.010153 0.065788
v -0.002251 0.010153 0.064988
v -0.002251 0.010153 0.065788
v -0.002208 -0.009958 0.077000
v -0.002208 0.009958 0.077000
v -0.002175 -0.009812 0.061600
v -0.002175 -0.009812 0.075400
v -0.002175 0.009812 0.061600
v -0.002175 0.009812 0.075400
v -0.002066 -0.011719 0.062100
v -0.002066 -0.011719 0.064988
v -0.002066 0.011719 0.062100
v -0.002066 0.011719 0.064988
v -0.001997 -0.011325 0.066138
v -0.001997 -0.011325 0.074850
v -0.001997 0.011325 0.066138
v -0.001997 0.011325 0.074850
v -0.001980 -0.011227 0.061600
v -0.001980 0.011227 0.061600
v -0.001910 -0.010833 0.065788
v -0.001910 -0.010833 0.075200
v -0.001910 -0.010833 0.076200
v -0.001910 0.010833 0.065788
v -0.001910 0.010833 0.075200
v -0.001910 0.010833 0.076200
v -0.001806 -0.010242 0.064988
v -0.001806 -0.010242 0.065788
v -0.001806 0.010242 0.064988
v -0.001806 0.010242 0.065788
v -0.001771 -0.010045 0.077000
v -0.001771 0.010045 0.077000
v -0.001745 -0.009897 0.061600
v -0.001745 -0.009897 0.075400
v -0.001745 0.009897 0.061600
v -0.001745 0.009897 0.075400
v -0.001553 -0.011798 0.062100
v -0.001553 -0.011798 0.064988
v -0.001553 0.011798 0.062100
v -0.001553 0.011798 0.064988
v -0.001501 -0.011402 0.066138
v -0.001501 -0.011402 0.074850
v -0.001488 -0.011302 0.061600
v -0.001488 0.011302 0.061600
v -0.001436 -0.010906 0.065788
v -0.001436 -0.010906 0.075200
v -0.001436 -0.010906 0.076200
v -0.001436 0.010906 0.065788
v -0.001436 0.010906 0.066138
v -0.001436 0.010906 0.074850
v -0.001436 0.010906 0.075200
v -0.001436 0.010906 0.076200
v -0.001357 -0.010311 0.064988
v -0.001357 -0.010311 0.065788
v -0.001357 0.010311 0.064988
v -0.001357 0.010311 0.065788
v -0.001331 -0.010113 0.077000
v -0.001331 0.010113 0.077000
v -0.001312 -0.009964 0.061600
v -0.001312 -0.009964 0.075400
v -0.001312 0.009964 0.061600
v -0.001312 0.009964 0.075400
v -0.001037 -0.011855 0.062100
v -0.001037 -0.011855 0.064988
v -0.001037 0.011855 0.062100
v -0.001037 0.011855 0.064988
v -0.000994 -0.011357 0.061600
v -0.000994 0.011357 0.061600
v -0.000959 -0.010958 0.065788
v -0.000959 -0.010958 0.066138
v -0.000959 -0.010958 0.074850
v -0.000959 -0.010958 0.075200
v -0.000959 -0.010958 0.076200
v -0.000959 0.010958 0.065788
v -0.000959 0.010958 0.066138
v -0.000959 0.010958 0.074850
v -0.000959 0.010958 0.075200
v -0.000959 0.010958 0.076200
v -0.000906 -0.010360 0.064988
v -0.000906 -0.010360 0.065788
v -0.000906 0.010360 0.064988
v -0.000906 0.010360 0.065788
v -0.000889 -0.010161 0.077000
v -0.000889 0.010161 0.077000
v -0.000876 -0.010012 0.061600
v -0.000876 -0.010012 0.075400
v -0.000876 0.010012 0.061600
v -0.000876 0.010012 0.075400
v -0.000519 -0.011889 0.062100
v -0.000519 -0.011889 0.064988
v -0.000519 0.011889 0.062100
v -0.000519 0.011889 0.064988
v -0.000497 -0.011389 0.061600
v -0.000497 0.011389 0.061600
v -0.000502 0.011489 0.066138
v -0.000502 0.011489 0.074850
v -0.000480 -0.010990 0.065788
v -0.000480 -0.010990 0.066138
v -0.000480 -0.010990 0.074850
v -0.000480 -0.010990 0.075200
v -0.000480 -0.010990 0.076200
v -0.000480 0.010990 0.065788
v -0.000480 0.010990 0.075200
v -0.000480 0.010990 0.076200
v -0.000454 -0.010390 0.064988
v -0.000454 -0.010390 0.065788
v -0.000454 0.010390 0.064988
v -0.000454 0.010390 0.065788
v -0.000445 -0.010190 0.077000
v -0.000438 -0.010040 0.061600
v -0.000438 -0.010040 0.075400
v -0.000438 0.010040 0.061600
v -0.000438 0.010040 0.075400
v -0.000445 0.010190 0.077000
v -0.000000 -0.011900 0.062100
v -0.000000 -0.011900 0.064988
v -0.000000 -0.011500 0.066138
v -0.000000 -0.011500 0.074850
v -0.000000 -0.011400 0.061600
v -0.000000 -0.011000 0.065788
v -0.000000 -0.011000 0.075200
v -0.000000 -0.011000 0.076200
v -0.000000 -0.010400 0.064988
v -0.000000 -0.010400 0.065788
v -0.000000 -0.010200 0.077000
v -0.000000 -0.010050 0.061600
v -0.000000 -0.010050 0.075400
v 0.000000 0.000000 0.075400
v 0.000000 0.000000 0.077000
v 0.000000 0.010050 0.061600
v 0.000000 0.010050 0.075400
v 0.000000 0.010200 0.077000
v 0.000000 0.010400 0.064988
v 0.000000 0.010400 0.065788
v 0.000000 0.011000 0.065788
v 0.000000 0.011000 0.075200
v 0.000000 0.011000 0.076200
v 0.000000 0.011400 0.061600
v 0.000000 0.011500 0.066138
v 0.000000 0.011500 0.074850
v 0.000000 0.011900 0.062100
v 0.000000 0.011900 0.064988
v 0.000445 -0.010190 0.077000
v 0.000438 -0.010040 0.061600
v 0.000438 -0.010040 0.075400
v 0.000438 0.010040 0.061600
v 0.000438 0.010040 0.075400
v 0.000445 0.010190 0.077000
v 0.000454 -0.010390 0.064988
v 0.000454 -0.010390 0.065788
v 0.000454 0.010390 0.064988
v 0.000454 0.010390 0.065788
v 0.000480 -0.010990 0.065788
v 0.000480 -0.010990 0.075200
v 0.000480 -0.010990 0.076200
v 0.000480 0.010990 0.065788
v 0.000480 0.010990 0.066138
v 0.000480 0.010990 0.074850
v 0.000480 0.010990 0.075200
v 0.000480 0.010990 0.076200
v 0.000502 -0.011489 0.066138
v 0.000502 -0.011489 0.074850
v 0.000497 -0.011389 0.061600
v 0.000497 0.011389 0.061600
v 0.000519 -0.011889 0.062100
v 0.000519 -0.011889 0.064988
v 0.000519 0.011889 0.062100
v 0.000519 0.011889 0.064988
v 0.000876 -0.010012 0.061600
v 0.000876 -0.010012 0.075400
v 0.000876 0.010012 0.061600
v 0.000876 0.010012 0.075400
v 0.000889 -0.010161 0.077000
v 0.000889 0.010161 0.077000
v 0.000906 -0.010360 0.064988
v 0.000906 -0.010360 0.065788
v 0.000906 0.010360 0.064988
v 0.000906 0.010360 0.065788
v 0.000959 -0.010958 0.065788
v 0.000959 -0.010958 0.066138
v 0.000959 -0.010958 0.074850
v 0.000959 -0.010958 0.075200
v 0.000959 -0.010958 0.076200
v 0.000959 0.010958 0.065788
v 0.000959 0.010958 0.066138
v 0.000959 0.010958 0.074850
v 0.000959 0.010958 0.075200
v 0.000959 0.010958 0.076200
v 0.000994 -0.011357 0.061600
v 0.000994 0.011357 0.061600
v 0.001037 -0.011855 0.062100
v 0.001037 -0.011855 0.064988
v 0.001037 0.011855 0.062100
v 0.001037 0.011855 0.064988
v 0.001312 -0.009964 0.061600
v 0.001312 -0.009964 0.075400
v 0.001312 0.009964 0.061600
v 0.001312 0.009964 0.075400
v 0.001331 -0.010113 0.077000
v 0.001331 0.010113 0.077000
v 0.001357 -0.010311 0.064988
v 0.001357 -0.010311 0.065788
v 0.001357 0.010311 0.064988
v 0.001357 0.010311 0.065788
v 0.001436 -0.010906 0.065788
v 0.001436 -0.010906 0.066138
v 0.001436 -0.010906 0.074850
v 0.001436 -0.010906 0.075200
v 0.001436 -0.010906 0.076200
v 0.001436 0.010906 0.065788
v 0.001436 0.010906 0.075200
v 0.001436 0.010906 0.076200
v 0.001488 -0.011302 0.061600
v 0.001488 0.011302 0.061600
v 0.001501 0.011402 0.066138
v 0.001501 0.011402 0.074850
v 0.001553 -0.011798 0.062100
v 0.001553 -0.011798 0.064988
v 0.001553 0.011798 0.062100
v 0.001553 0.011798 0.064988
v 0.001745 -0.009897 0.061600
v 0.001745 -0.009897 0.075400
v 0.001745 0.009897 0.061600
v 0.001745 0.009897 0.075400
v 0.001771 -0.010045 0.077000
v 0.001771 0.010045 0.077000
v 0.001806 -0.010242 0.064988
v 0.001806 -0.010242 0.065788
v 0.001806 0.010242 0.064988
v 0.001806 0.010242 0.065788
v 0.001910 -0.010833 0.065788
v 0.001910 -0.010833 0.075200
v 0.001910 -0.010833 0.076200
v 0.001910 0.010833 0.065788
v 0.001910 0.010833 0.075200
v 0.001910 0.010833 0.076200
v 0.001980 -0.011227 0.061600
v 0.001980 0.011227 0.061600
v 0.001997 -0.011325 0.066138
v 0.001997 -0.011325 0.074850
v 0.001997 0.011325 0.066138
v 0.001997 0.011325 0.074850
v 0.002066 -0.011719 0.062100
v 0.002066 -0.011719 0.064988
v 0.002066 0.011719 0.062100
v 0.002066 0.011719 0.064988
v 0.002175 -0.009812 0.061600
v 0.002175 -0.009812 0.075400
v 0.002175 0.009812 0.061600
v 0.002175 0.009812 0.075400
v 0.002208 -0.009958 0.077000
v 0.002208 0.009958 0.077000
v 0.002251 -0.010153 0.064988
v 0.002251 -0.010153 0.065788
v 0.002251 0.010153 0.064988
v 0.002251 0.010153 0.065788
v 0.002381 -0.010739 0.065788
v 0.002381 -0.010739 0.075200
v 0.002381 -0.010739 0.076200
v 0.002381 0.010739 0.065788
v 0.002381 0.010739 0.066138
v 0.002381 0.010739 0.074850
v 0.002381 0.010739 0.075200
v 0.002381 0.010739 0.076200
v 0.002467 -0.011130 0.061600
v 0.002467 0.011130 0.061600
v 0.002489 -0.011227 0.066138
v 0.002489 -0.011227 0.074850
v 0.002576 -0.011618 0.062100
v 0.002576 -0.011618 0.064988
v 0.002576 0.011618 0.062100
v 0.002576 0.011618 0.064988
v 0.002601 -0.009708 0.061600
v 0.002601 -0.009708 0.075400
v 0.002601 0.009708 0.061600
v 0.002601 0.009708 0.075400
v 0.002640 -0.009852 0.077000
v 0.002640 0.009852 0.077000
v 0.002692 -0.010046 0.064988
v 0.002692 -0.010046 0.065788
v 0.002692 0.010046 0.064988
v 0.002692 0.010046 0.065788
v 0.002847 -0.010625 0.065788
v 0.002847 -0.010625 0.066138
v 0.002847 -0.010625 0.074850
v 0.002847 -0.010625 0.075200
v 0.002847 -0.010625 0.076200
v 0.002847 0.010625 0.065788
v 0.002847 0.010625 0.066138
v 0.002847 0.010625 0.074850
v 0.002847 0.010625 0.075200
v 0.002847 0.010625 0.076200
v 0.002951 -0.011012 0.061600
v 0.002951 0.011012 0.061600
v 0.003022 -0.009585 0.061600
v 0.003022 -0.009585 0.075400
v 0.003022 0.009585 0.061600
v 0.003022 0.009585 0.075400
v 0.003067 -0.009728 0.077000
v 0.003067 0.009728 0.077000
v 0.003080 -0.011495 0.062100
v 0.003080 -0.011495 0.064988
v 0.003080 0.011495 0.062100
v 0.003080 0.011495 0.064988
v 0.003127 -0.009919 0.064988
v 0.003127 -0.009919 0.065788
v 0.003127 0.009919 0.064988
v 0.003127 0.009919 0.065788
v 0.003308 -0.010491 0.065788
v 0.003308 -0.010491 0.066138
v 0.003308 -0.010491 0.074850
v 0.003308 -0.010491 0.075200
v 0.003308 -0.010491 0.076200
v 0.003308 0.010491 0.065788
v 0.003308 0.010491 0.075200
v 0.003308 0.010491 0.076200
v 0.003428 -0.010872 0.061600
v 0.003428 0.010872 0.061600
v 0.003437 -0.009444 0.061600
v 0.003437 -0.009444 0.075400
v 0.003437 0.009444 0.061600
v 0.003437 0.009444 0.075400
v 0.003458 0.010968 0.066138
v 0.003458 0.010968 0.074850
v 0.003489 -0.009585 0.077000
v 0.003489 0.009585 0.077000
v 0.003557 -0.009773 0.064988
v 0.003557 -0.009773 0.065788
v 0.003557 0.009773 0.064988
v 0.003557 0.009773 0.065788
v 0.003578 -0.011349 0.062100
v 0.003578 -0.011349 0.064988
v 0.003578 0.011349 0.062100
v 0.003578 0.011349 0.064988
v 0.003762 -0.010337 0.065788
v 0.003762 -0.010337 0.075200
v 0.003762 -0.010337 0.076200
v 0.003762 0.010337 0.065788
v 0.003762 0.010337 0.075200
v 0.003762 0.010337 0.076200
v 0.003846 -0.009285 0.061600
v 0.003846 -0.009285 0.075400
v 0.003846 0.009285 0.061600
v 0.003846 0.009285 0.075400
v 0.003899 -0.010712 0.061600
v 0.003903 -0.009424 0.077000
v 0.003903 0.009424 0.077000
v 0.003899 0.010712 0.061600
v 0.003933 -0.010806 0.066138
v 0.003933 -0.010806 0.074850
v 0.003933 0.010806 0.066138
v 0.003933 0.010806 0.074850
v 0.003980 -0.009608 0.064988
v 0.003980 -0.009608 0.065788
v 0.003980 0.009608 0.064988
v 0.003980 0.009608 0.065788
v 0.004070 -0.011182 0.062100
v 0.004070 -0.011182 0.064988
v 0.004070 0.011182 0.062100
v 0.004070 0.011182 0.064988
v 0.004210 -0.010163 0.065788
v 0.004210 -0.010163 0.075200
v 0.004210 -0.010163 0.076200
v 0.004210 0.010163 0.065788
v 0.004210 0.010163 0.066138
v 0.004210 0.010163 0.074850
v 0.004210 0.010163 0.075200
v 0.004210 0.010163 0.076200
v 0.004247 -0.009108 0.061600
v 0.004247 -0.009108 0.075400
v 0.004247 0.009108 0.061600
v 0.004247 0.009108 0.075400
v 0.004311 -0.009244 0.077000
v 0.004311 0.009244 0.077000
v 0.004363 -0.010532 0.061600
v 0.004363 0.010532 0.061600
v 0.004401 -0.010625 0.066138
v 0.004401 -0.010625 0.074850
v 0.004395 -0.009426 0.064988
v 0.004395 -0.009426 0.065788
v 0.004395 0.009426 0.064988
v 0.004395 0.009426 0.065788
v 0.004554 -0.010994 0.062100
v 0.004554 -0.010994 0.064988
v 0.004554 0.010994 0.062100
v 0.004554 0.010994 0.064988
v 0.004641 -0.008914 0.061600
v 0.004641 -0.008914 0.075400
v 0.004641 0.008914 0.061600
v 0.004641 0.008914 0.075400
v 0.004649 -0.009969 0.065788
v 0.004649 -0.009969 0.066138
v 0.004649 -0.009969 0.074850
v 0.004649 -0.009969 0.075200
v 0.004649 -0.009969 0.076200
v 0.004649 0.009969 0.065788
v 0.004649 0.009969 0.066138
v 0.004649 0.009969 0.074850
v 0.004649 0.009969 0.075200
v 0.004649 0.009969 0.076200
v 0.004710 -0.009048 0.077000
v 0.004710 0.009048 0.077000
v 0.004802 -0.009225 0.064988
v 0.004802 -0.009225 0.065788
v 0.004802 0.009225 0.064988
v 0.004802 0.009225 0.065788
v 0.004818 -0.010332 0.061600
v 0.004818 0.010332 0.061600
v 0.005025 -0.008704 0.061600
v 0.005025 -0.008704 0.075400
v 0.005025 0.008704 0.061600
v 0.005025 0.008704 0.075400
v 0.005029 -0.010785 0.062100
v 0.005029 -0.010785 0.064988
v 0.005029 0.010785 0.062100
v 0.005029 0.010785 0.064988
v 0.005079 -0.009757 0.065788
v 0.005079 -0.009757 0.066138
v 0.005079 -0.009757 0.074850
v 0.005079 -0.009757 0.075200
v 0.005079 -0.009757 0.076200
v 0.005079 0.009757 0.065788
v 0.005079 0.009757 0.075200
v 0.005079 0.009757 0.076200
v 0.005100 -0.008833 0.077000
v 0.005100 0.008833 0.077000
v 0.005200 -0.009007 0.064988
v 0.005200 -0.009007 0.065788
v 0.005200 0.009007 0.064988
v 0.005200 0.009007 0.065788
v 0.005264 -0.010112 0.061600
v 0.005264 0.010112 0.061600
v 0.005310 0.010201 0.066138
v 0.005310 0.010201 0.074850
v 0.005400 -0.008476 0.061600
v 0.005400 -0.008476 0.075400
v 0.005400 0.008476 0.061600
v 0.005400 0.008476 0.075400
v 0.005480 -0.008603 0.077000
v 0.005480 0.008603 0.077000
v 0.005495 -0.010555 0.062100
v 0.005495 -0.010555 0.064988
v 0.005495 0.010555 0.062100
v 0.005495 0.010555 0.064988
v 0.005500 -0.009526 0.065788
v 0.005500 -0.009526 0.075200
v 0.005500 -0.009526 0.076200
v 0.005500 0.009526 0.065788
v 0.005500 0.009526 0.075200
v 0.005500 0.009526 0.076200
v 0.005588 -0.008771 0.064988
v 0.005588 -0.008771 0.065788
v 0.005588 0.008771 0.064988
v 0.005588 0.008771 0.065788
v 0.005700 -0.009873 0.061600
v 0.005700 0.009873 0.061600
v 0.005750 -0.009959 0.066138
v 0.005750 -0.009959 0.074850
v 0.005750 0.009959 0.066138
v 0.005750 0.009959 0.074850
v 0.005764 -0.008232 0.061600
v 0.005764 -0.008232 0.075400
v 0.005764 0.008232 0.061600
v 0.005764 0.008232 0.075400
v 0.005850 -0.008355 0.077000
v 0.005850 0.008355 0.077000
v 0.005910 -0.009277 0.065788
v 0.005910 -0.009277 0.075200
v 0.005910 -0.009277 0.076200
v 0.005910 0.009277 0.065788
v 0.005910 0.009277 0.066138
v 0.005910 0.009277 0.074850
v 0.005910 0.009277 0.075200
v 0.005910 0.009277 0.076200
v 0.005950 -0.010306 0.062100
v 0.005950 -0.010306 0.064988
v 0.005950 0.010306 0.062100
v 0.005950 0.010306 0.064988
v 0.005965 -0.008519 0.064988
v 0.005965 -0.008519 0.065788
v 0.005965 0.008519 0.064988
v 0.005965 0.008519 0.065788
v 0.006118 -0.007973 0.061600
v 0.006118 -0.007973 0.075400
v 0.006118 0.007973 0.061600
v 0.006118 0.007973 0.075400
v 0.006125 -0.009615 0.061600
v 0.006125 0.009615 0.061600
v 0.006179 -0.009699 0.066138
v 0.006179 -0.009699 0.074850
v 0.006209 -0.008092 0.077000
v 0.006209 0.008092 0.077000
v 0.006309 -0.009011 0.065788
v 0.006309 -0.009011 0.066138
v 0.006309 -0.009011 0.074850
v 0.006309 -0.009011 0.075200
v 0.006309 -0.009011 0.076200
v 0.006309 0.009011 0.065788
v 0.006309 0.009011 0.066138
v 0.006309 0.009011 0.074850
v 0.006309 0.009011 0.075200
v 0.006309 0.009011 0.076200
v 0.006331 -0.008251 0.064988
v 0.006331 -0.008251 0.065788
v 0.006331 0.008251 0.064988
v 0.006331 0.008251 0.065788
v 0.006394 -0.010036 0.062100
v 0.006394 -0.010036 0.064988
v 0.006394 0.010036 0.062100
v 0.006394 0.010036 0.064988
v 0.006460 -0.007699 0.061600
v 0.006460 -0.007699 0.075400
v 0.006460 0.007699 0.061600
v 0.006460 0.007699 0.075400
v 0.006539 -0.009338 0.061600
v 0.006539 0.009338 0.061600
v 0.006556 -0.007814 0.077000
v 0.006556 0.007814 0.077000
v 0.006685 -0.007967 0.064988
v 0.006685 -0.007967 0.065788
v 0.006685 0.007967 0.064988
v 0.006685 0.007967 0.065788
v 0.006696 -0.008727 0.065788
v 0.006696 -0.008727 0.066138
v 0.006696 -0.008727 0.074850
v 0.006696 -0.008727 0.075200
v 0.006696 -0.008727 0.076200
v 0.006696 0.008727 0.065788
v 0.006696 0.008727 0.075200
v 0.006696 0.008727 0.076200
v 0.006790 -0.007410 0.061600
v 0.006790 -0.007410 0.075400
v 0.006790 0.007410 0.061600
v 0.006790 0.007410 0.075400
v 0.006826 -0.009748 0.062100
v 0.006826 -0.009748 0.064988
v 0.006826 0.009748 0.062100
v 0.006826 0.009748 0.064988
v 0.006891 -0.007520 0.077000
v 0.006891 0.007520 0.077000
v 0.006940 -0.009044 0.061600
v 0.006940 0.009044 0.061600
v 0.007001 0.009124 0.066138
v 0.007001 0.009124 0.074850
v 0.007026 -0.007668 0.064988
v 0.007026 -0.007668 0.065788
v 0.007026 0.007668 0.064988
v 0.007026 0.007668 0.065788
v 0.007071 -0.008426 0.065788
v 0.007071 -0.008426 0.075200
v 0.007071 -0.008426 0.076200
v 0.007071 0.008426 0.065788
v 0.007071 0.008426 0.075200
v 0.007071 0.008426 0.076200
v 0.007106 -0.007106 0.061600
v 0.007106 -0.007106 0.075400
v 0.007106 0.007106 0.061600
v 0.007106 0.007106 0.075400
v 0.007212 -0.007212 0.077000
v 0.007212 0.007212 0.077000
v 0.007244 -0.009441 0.062100
v 0.007244 -0.009441 0.064988
v 0.007244 0.009441 0.062100
v 0.007244 0.009441 0.064988
v 0.007328 -0.008733 0.061600
v 0.007328 0.008733 0.061600
v 0.007354 -0.007354 0.064988
v 0.007354 -0.007354 0.065788
v 0.007354 0.007354 0.064988
v 0.007354 0.007354 0.065788
v 0.007392 -0.008810 0.066138
v 0.007392 -0.008810 0.074850
v 0.007392 0.008810 0.066138
v 0.007392 0.008810 0.074850
v 0.007410 -0.006790 0.061600
v 0.007410 -0.006790 0.075400
v 0.007410 0.006790 0.061600
v 0.007410 0.006790 0.075400
v 0.007431 -0.008110 0.065788
v 0.007431 -0.008110 0.075200
v 0.007431 -0.008110 0.076200
v 0.007431 0.008110 0.065788
v 0.007431 0.008110 0.066138
v 0.007431 0.008110 0.074850
v 0.007431 0.008110 0.075200
v 0.007431 0.008110 0.076200
v 0.007520 -0.006891 0.077000
v 0.007520 0.006891 0.077000
v 0.007649 -0.009116 0.062100
v 0.007649 -0.009116 0.064988
v 0.007649 0.009116 0.062100
v 0.007649 0.009116 0.064988
v 0.007668 -0.007026 0.064988
v 0.007668 -0.007026 0.065788
v 0.007668 0.007026 0.064988
v 0.007668 0.007026 0.065788
v 0.007702 -0.008405 0.061600
v 0.007699 -0.006460 0.061600
v 0.007699 -0.006460 0.075400
v 0.007699 0.006460 0.061600
v 0.007699 0.006460 0.075400
v 0.007702 0.008405 0.061600
v 0.007769 -0.008479 0.066138
v 0.007769 -0.008479 0.074850
v 0.007778 -0.007778 0.065788
v 0.007778 -0.007778 0.066138
v 0.007778 -0.007778 0.074850
v 0.007778 -0.007778 0.075200
v 0.007778 -0.007778 0.076200
v 0.007778 0.007778 0.065788
v 0.007778 0.007778 0.066138
v 0.007778 0.007778 0.074850
v 0.007778 0.007778 0.075200
v 0.007778 0.007778 0.076200
v 0.007814 -0.006556 0.077000
v 0.007814 0.006556 0.077000
v 0.007967 -0.006685 0.064988
v 0.007967 -0.006685 0.065788
v 0.007973 -0.006118 0.061600
v 0.007973 -0.006118 0.075400
v 0.007973 0.006118 0.061600
v 0.007973 0.006118 0.075400
v 0.007967 0.006685 0.064988
v 0.007967 0.006685 0.065788
v 0.008040 -0.008774 0.062100
v 0.008040 -0.008774 0.064988
v 0.008040 0.008774 0.062100
v 0.008040 0.008774 0.064988
v 0.008061 -0.008061 0.061600
v 0.008061 0.008061 0.061600
v 0.008092 -0.006209 0.077000
v 0.008092 0.006209 0.077000
v 0.008110 -0.007431 0.065788
v 0.008110 -0.007431 0.066138
v 0.008110 -0.007431 0.074850
v 0.008110 -0.007431 0.075200
v 0.008110 -0.007431 0.076200
v 0.008110 0.007431 0.065788
v 0.008110 0.007431 0.075200
v 0.008110 0.007431 0.076200
v 0.008232 -0.005764 0.061600
v 0.008232 -0.005764 0.075400
v 0.008232 0.005764 0.061600
v 0.008232 0.005764 0.075400
v 0.008251 -0.006331 0.064988
v 0.008251 -0.006331 0.065788
v 0.008251 0.006331 0.064988
v 0.008251 0.006331 0.065788
v 0.008355 -0.005850 0.077000
v 0.008355 0.005850 0.077000
v 0.008405 -0.007702 0.061600
v 0.008405 0.007702 0.061600
v 0.008415 -0.008415 0.062100
v 0.008415 -0.008415 0.064988
v 0.008415 0.008415 0.062100
v 0.008415 0.008415 0.064988
v 0.008426 -0.007071 0.065788
v 0.008426 -0.007071 0.075200
v 0.008426 -0.007071 0.076200
v 0.008426 0.007071 0.065788
v 0.008426 0.007071 0.075200
v 0.008426 0.007071 0.076200
v 0.008476 -0.005400 0.061600
v 0.008476 -0.005400 0.075400
v 0.008476 0.005400 0.061600
v 0.008476 0.005400 0.075400
v 0.008479 0.007769 0.066138
v 0.008479 0.007769 0.074850
v 0.008519 -0.005965 0.064988
v 0.008519 -0.005965 0.065788
v 0.008519 0.005965 0.064988
v 0.008519 0.005965 0.065788
v 0.008603 -0.005480 0.077000
v 0.008603 0.005480 0.077000
v 0.008704 -0.005025 0.061600
v 0.008704 -0.005025 0.075400
v 0.008704 0.005025 0.061600
v 0.008704 0.005025 0.075400
v 0.008733 -0.007328 0.061600
v 0.008727 -0.006696 0.065788
v 0.008727 -0.006696 0.075200
v 0.008727 -0.006696 0.076200
v 0.008727 0.006696 0.065788
v 0.008727 0.006696 0.066138
v 0.008727 0.006696 0.074850
v 0.008727 0.006696 0.075200
v 0.008727 0.006696 0.076200
v 0.008733 0.007328 0.061600
v 0.008774 -0.008040 0.062100
v 0.008774 -0.008040 0.064988
v 0.008771 -0.005588 0.064988
v 0.008771 -0.005588 0.065788
v 0.008771 0.005588 0.064988
v 0.008771 0.005588 0.065788
v 0.008774 0.008040 0.062100
v 0.008774 0.008040 0.064988
v 0.008810 -0.007392 0.066138
v 0.008810 -0.007392 0.074850
v 0.008810 0.007392 0.066138
v 0.008810 0.007392 0.074850
v 0.008833 -0.005100 0.077000
v 0.008833 0.005100 0.077000
v 0.008914 -0.004641 0.061600
v 0.008914 -0.004641 0.075400
v 0.008914 0.004641 0.061600
v 0.008914 0.004641 0.075400
v 0.009011 -0.006309 0.065788
v 0.009011 -0.006309 0.066138
v 0.009011 -0.006309 0.074850
v 0.009011 -0.006309 0.075200
v 0.009011 -0.006309 0.076200
v 0.009007 -0.005200 0.064988
v 0.009007 -0.005200 0.065788
v 0.009007 0.005200 0.064988
v 0.009007 0.005200 0.065788
v 0.009011 0.006309 0.065788
v 0.009011 0.006309 0.066138
v 0.009011 0.006309 0.074850
v 0.009011 0.006309 0.075200
v 0.009011 0.006309 0.076200
v 0.009044 -0.006940 0.061600
v 0.009044 0.006940 0.061600
v 0.009048 -0.004710 0.077000
v 0.009048 0.004710 0.077000
v 0.009108 -0.004247 0.061600
v 0.009108 -0.004247 0.075400
v 0.009108 0.004247 0.061600
v 0.009108 0.004247 0.075400
v 0.009116 -0.007649 0.062100
v 0.009116 -0.007649 0.064988
v 0.009124 -0.007001 0.066138
v 0.009124 -0.007001 0.074850
v 0.009116 0.007649 0.062100
v 0.009116 0.007649 0.064988
v 0.009225 -0.004802 0.064988
v 0.009225 -0.004802 0.065788
v 0.009225 0.004802 0.064988
v 0.009225 0.004802 0.065788
v 0.009244 -0.004311 0.077000
v 0.009244 0.004311 0.077000
v 0.009277 -0.005910 0.065788
v 0.009277 -0.005910 0.066138
v 0.009277 -0.005910 0.074850
v 0.009277 -0.005910 0.075200
v 0.009277 -0.005910 0.076200
v 0.009285 -0.003846 0.061600
v 0.009285 -0.003846 0.075400
v 0.009285 0.003846 0.061600
v 0.009285 0.003846 0.075400
v 0.009277 0.005910 0.065788
v 0.009277 0.005910 0.075200
v 0.009277 0.005910 0.076200
v 0.009338 -0.006539 0.061600
v 0.009338 0.006539 0.061600
v 0.009424 -0.003903 0.077000
v 0.009424 0.003903 0.077000
v 0.009426 -0.004395 0.064988
v 0.009426 -0.004395 0.065788
v 0.009426 0.004395 0.064988
v 0.009426 0.004395 0.065788
v 0.009441 -0.007244 0.062100
v 0.009441 -0.007244 0.064988
v 0.009444 -0.003437 0.061600
v 0.009444 -0.003437 0.075400
v 0.009444 0.003437 0.061600
v 0.009444 0.003437 0.075400
v 0.009441 0.007244 0.062100
v 0.009441 0.007244 0.064988
v 0.009526 -0.005500 0.065788
v 0.009526 -0.005500 0.075200
v 0.009526 -0.005500 0.076200
v 0.009526 0.005500 0.065788
v 0.009526 0.005500 0.075200
v 0.009526 0.005500 0.076200
v 0.009585 -0.003489 0.077000
v 0.009585 -0.003022 0.061600
v 0.009585 -0.003022 0.075400
v 0.009585 0.003022 0.061600
v 0.009585 0.003022 0.075400
v 0.009585 0.003489 0.077000
v 0.009615 -0.006125 0.061600
v 0.009608 -0.003980 0.064988
v 0.009608 -0.003980 0.065788
v 0.009608 0.003980 0.064988
v 0.009608 0.003980 0.065788
v 0.009615 0.006125 0.061600
v 0.009699 0.006179 0.066138
v 0.009699 0.006179 0.074850
v 0.009708 -0.002601 0.061600
v 0.009708 -0.002601 0.075400
v 0.009708 0.002601 0.061600
v 0.009708 0.002601 0.075400
v 0.009728 -0.003067 0.077000
v 0.009728 0.003067 0.077000
v 0.009748 -0.006826 0.062100
v 0.009748 -0.006826 0.064988
v 0.009748 0.006826 0.062100
v 0.009748 0.006826 0.064988
v 0.009757 -0.005079 0.065788
v 0.009757 -0.005079 0.075200
v 0.009757 -0.005079 0.076200
v 0.009757 0.005079 0.065788
v 0.009757 0.005079 0.066138
v 0.009757 0.005079 0.074850
v 0.009757 0.005079 0.075200
v 0.009757 0.005079 0.076200
v 0.009773 -0.003557 0.064988
v 0.009773 -0.003557 0.065788
v 0.009773 0.003557 0.064988
v 0.009773 0.003557 0.065788
v 0.009812 -0.002175 0.061600
v 0.009812 -0.002175 0.075400
v 0.009812 0.002175 0.061600
v 0.009812 0.002175 0.075400
v 0.009852 -0.002640 0.077000
v 0.009852 0.002640 0.077000
v 0.009873 -0.005700 0.061600
v 0.009873 0.005700 0.061600
v 0.009897 -0.001745 0.061600
v 0.009897 -0.001745 0.075400
v 0.009897 0.001745 0.061600
v 0.009897 0.001745 0.075400
v 0.009919 -0.003127 0.064988
v 0.009919 -0.003127 0.065788
v 0.009919 0.003127 0.064988
v 0.009919 0.003127 0.065788
v 0.009959 -0.005750 0.066138
v 0.009959 -0.005750 0.074850
v 0.009958 -0.002208 0.077000
v 0.009964 -0.001312 0.061600
v 0.009964 -0.001312 0.075400
v 0.009964 0.001312 0.061600
v 0.009964 0.001312 0.075400
v 0.009958 0.002208 0.077000
v 0.009959 0.005750 0.066138
v 0.009959 0.005750 0.074850
v 0.009969 -0.004649 0.065788
v 0.009969 -0.004649 0.066138
v 0.009969 -0.004649 0.074850
v 0.009969 -0.004649 0.075200
v 0.009969 -0.004649 0.076200
v 0.009969 0.004649 0.065788
v 0.009969 0.004649 0.066138
v 0.009969 0.004649 0.074850
v 0.009969 0.004649 0.075200
v 0.009969 0.004649 0.076200
v 0.010012 -0.000876 0.061600
v 0.010012 -0.000876 0.075400
v 0.010012 0.000876 0.061600
v 0.010012 0.000876 0.075400
v 0.010036 -0.006394 0.062100
v 0.010036 -0.006394 0.064988
v 0.010040 -0.000438 0.061600
v 0.010040 -0.000438 0.075400
v 0.010040 0.000438 0.061600
v 0.010040 0.000438 0.075400
v 0.010036 0.006394 0.062100
v 0.010036 0.006394 0.064988
v 0.010046 -0.002692 0.064988
v 0.010046 -0.002692 0.065788
v 0.010045 -0.001771 0.077000
v 0.010050 0.000000 0.061600
v 0.010050 0.000000 0.075400
v 0.010045 0.001771 0.077000
v 0.010046 0.002692 0.064988
v 0.010046 0.002692 0.065788
v 0.010112 -0.005264 0.061600
v 0.010113 -0.001331 0.077000
v 0.010113 0.001331 0.077000
v 0.010112 0.005264 0.061600
v 0.010153 -0.002251 0.064988
v 0.010153 -0.002251 0.065788
v 0.010153 0.002251 0.064988
v 0.010153 0.002251 0.065788
v 0.010163 -0.004210 0.065788
v 0.010163 -0.004210 0.066138
v 0.010163 -0.004210 0.074850
v 0.010163 -0.004210 0.075200
v 0.010163 -0.004210 0.076200
v 0.010161 -0.000889 0.077000
v 0.010161 0.000889 0.077000
v 0.010163 0.004210 0.065788
v 0.010163 0.004210 0.075200
v 0.010163 0.004210 0.076200
v 0.010190 -0.000445 0.077000
v 0.010190 0.000445 0.077000
v 0.010201 -0.005310 0.066138
v 0.010201 -0.005310 0.074850
v 0.010200 0.000000 0.077000
v 0.010242 -0.001806 0.064988
v 0.010242 -0.001806 0.065788
v 0.010242 0.001806 0.064988
v 0.010242 0.001806 0.065788
v 0.010306 -0.005950 0.062100
v 0.010306 -0.005950 0.064988
v 0.010311 -0.001357 0.064988
v 0.010311 -0.001357 0.065788
v 0.010311 0.001357 0.064988
v 0.010311 0.001357 0.065788
v 0.010306 0.005950 0.062100
v 0.010306 0.005950 0.064988
v 0.010332 -0.004818 0.061600
v 0.010332 0.004818 0.061600
v 0.010337 -0.003762 0.065788
v 0.010337 -0.003762 0.075200
v 0.010337 -0.003762 0.076200
v 0.010337 0.003762 0.065788
v 0.010337 0.003762 0.075200
v 0.010337 0.003762 0.076200
v 0.010360 -0.000906 0.064988
v 0.010360 -0.000906 0.065788
v 0.010360 0.000906 0.064988
v 0.010360 0.000906 0.065788
v 0.010390 -0.000454 0.064988
v 0.010390 -0.000454 0.065788
v 0.010390 0.000454 0.064988
v 0.010390 0.000454 0.065788
v 0.010400 0.000000 0.064988
v 0.010400 0.000000 0.065788
v 0.010491 -0.003308 0.065788
v 0.010491 -0.003308 0.075200
v 0.010491 -0.003308 0.076200
v 0.010491 0.003308 0.065788
v 0.010491 0.003308 0.066138
v 0.010491 0.003308 0.074850
v 0.010491 0.003308 0.075200
v 0.010491 0.003308 0.076200
v 0.010532 -0.004363 0.061600
v 0.010532 0.004363 0.061600
v 0.010555 -0.005495 0.062100
v 0.010555 -0.005495 0.064988
v 0.010555 0.005495 0.062100
v 0.010555 0.005495 0.064988
v 0.010625 0.004401 0.066138
v 0.010625 0.004401 0.074850
v 0.010625 -0.002847 0.065788
v 0.010625 -0.002847 0.066138
v 0.010625 -0.002847 0.074850
v 0.010625 -0.002847 0.075200
v 0.010625 -0.002847 0.076200
v 0.010625 0.002847 0.065788
v 0.010625 0.002847 0.066138
v 0.010625 0.002847 0.074850
v 0.010625 0.002847 0.075200
v 0.010625 0.002847 0.076200
v 0.010712 -0.003899 0.061600
v 0.010712 0.003899 0.061600
v 0.010739 -0.002381 0.065788
v 0.010739 -0.002381 0.066138
v 0.010739 -0.002381 0.074850
v 0.010739 -0.002381 0.075200
v 0.010739 -0.002381 0.076200
v 0.010739 0.002381 0.065788
v 0.010739 0.002381 0.075200
v 0.010739 0.002381 0.076200
v 0.010785 -0.005029 0.062100
v 0.010785 -0.005029 0.064988
v 0.010785 0.005029 0.062100
v 0.010785 0.005029 0.064988
v 0.010806 -0.003933 0.066138
v 0.010806 -0.003933 0.074850
v 0.010806 0.003933 0.066138
v 0.010806 0.003933 0.074850
v 0.010833 -0.001910 0.065788
v 0.010833 -0.001910 0.075200
v 0.010833 -0.001910 0.076200
v 0.010833 0.001910 0.065788
v 0.010833 0.001910 0.075200
v 0.010833 0.001910 0.076200
v 0.010872 -0.003428 0.061600
v 0.010872 0.003428 0.061600
v 0.010906 -0.001436 0.065788
v 0.010906 -0.001436 0.075200
v 0.010906 -0.001436 0.076200
v 0.010906 0.001436 0.065788
v 0.010906 0.001436 0.066138
v 0.010906 0.001436 0.074850
v 0.010906 0.001436 0.075200
v 0.010906 0.001436 0.076200
v 0.010958 -0.000959 0.065788
v 0.010958 -0.000959 0.066138
v 0.010958 -0.000959 0.074850
v 0.010958 -0.000959 0.075200
v 0.010958 -0.000959 0.076200
v 0.010958 0.000959 0.065788
v 0.010958 0.000959 0.066138
v 0.010958 0.000959 0.074850
v 0.010958 0.000959 0.075200
v 0.010958 0.000959 0.076200
v 0.010968 -0.003458 0.066138
v 0.010968 -0.003458 0.074850
v 0.010994 -0.004554 0.062100
v 0.010994 -0.004554 0.064988
v 0.010990 -0.000480 0.065788
v 0.010990 -0.000480 0.066138
v 0.010990 -0.000480 0.074850
v 0.010990 -0.000480 0.075200
v 0.010990 -0.000480 0.076200
v 0.010990 0.000480 0.065788
v 0.010990 0.000480 0.075200
v 0.010990 0.000480 0.076200
v 0.010994 0.004554 0.062100
v 0.010994 0.004554 0.064988
v 0.011000 0.000000 0.065788
v 0.011000 0.000000 0.075200
v 0.011000 0.000000 0.076200
v 0.011012 -0.002951 0.061600
v 0.011012 0.002951 0.061600
v 0.011130 -0.002467 0.061600
v 0.011130 0.002467 0.061600
v 0.011182 -0.004070 0.062100
v 0.011182 -0.004070 0.064988
v 0.011182 0.004070 0.062100
v 0.011182 0.004070 0.064988
v 0.011227 -0.001980 0.061600
v 0.011227 0.001980 0.061600
v 0.011227 0.002489 0.066138
v 0.011227 0.002489 0.074850
v 0.011302 -0.001488 0.061600
v 0.011302 0.001488 0.061600
v 0.011325 -0.001997 0.066138
v 0.011325 -0.001997 0.074850
v 0.011325 0.001997 0.066138
v 0.011325 0.001997 0.074850
v 0.011349 -0.003578 0.062100
v 0.011349 -0.003578 0.064988
v 0.011349 0.003578 0.062100
v 0.011349 0.003578 0.064988
v 0.011357 -0.000994 0.061600
v 0.011357 0.000994 0.061600
v 0.011389 -0.000497 0.061600
v 0.011389 0.000497 0.061600
v 0.011402 -0.001501 0.066138
v 0.011402 -0.001501 0.074850
v 0.011400 0.000000 0.061600
v 0.011495 -0.003080 0.062100
v 0.011495 -0.003080 0.064988
v 0.011489 0.000502 0.066138
v 0.011489 0.000502 0.074850
v 0.011495 0.003080 0.062100
v 0.011495 0.003080 0.064988
v 0.011500 0.000000 0.066138
v 0.011500 0.000000 0.074850
v 0.011618 -0.002576 0.062100
v 0.011618 -0.002576 0.064988
v 0.011618 0.002576 0.062100
v 0.011618 0.002576 0.064988
v 0.011719 -0.002066 0.062100
v 0.011719 -0.002066 0.064988
v 0.011719 0.002066 0.062100
v 0.011719 0.002066 0.064988
v 0.011798 -0.001553 0.062100
v 0.011798 -0.001553 0.064988
v 0.011798 0.001553 0.062100
v 0.011798 0.001553 0.064988
v 0.011855 -0.001037 0.062100
v 0.011855 -0.001037 0.064988
v 0.011855 0.001037 0.062100
v 0.011855 0.001037 0.064988
v 0.011889 -0.000519 0.062100
v 0.011889 -0.000519 0.064988
v 0.011889 0.000519 0.062100
v 0.011889 0.000519 0.064988
v 0.011900 0.000000 0.062100
v 0.011900 0.000000 0.064988
f 938 1698 1695
f 938 1695 1690
f 938 1690 1678
f 938 1678 1673
f 938 1673 1643
f 938 1643 1625
f 938 1625 1603
f 938 1603 1589
f 938 1589 1565
f 938 1565 1549
f 938 1549 1533
f 938 1533 1511
f 938 1511 1483
f 938 1483 1459
f 938 1459 1441
f 938 1441 1425
f 938 1425 1397
f 938 1397 1369
f 938 1369 1349
f 938 1349 1327
f 938 1327 1301
f 938 1301 1275
f 938 1275 1249
f 938 1249 1235
f 938 1235 1211
f 938 1211 1183
f 938 1183 1156
f 938 1156 1135
f 938 1135 1109
f 938 1109 1087
f 938 1087 1061
f 938 1061 1035
f 938 1035 1009
f 938 1009 983
f 938 983 957
f 938 957 941
f 938 941 923
f 938 923 893
f 938 893 867
f 938 867 841
f 938 841 815
f 938 815 789
f 938 789 767
f 938 767 741
f 938 741 720
f 938 720 693
f 938 693 665
f 938 665 641
f 938 641 627
f 938 627 601
f 938 601 575
f 938 575 549
f 938 549 527
f 938 527 507
f 938 507 479
f 938 479 451
f 938 451 435
f 938 435 417
f 938 417 393
f 938 393 365
f 938 365 343
f 938 343 327
f 938 327 311
f 938 311 291
f 938 291 273
f 938 273 251
f 938 251 237
f 938 237 205
f 938 205 198
f 938 198 186
f 938 186 181
f 938 181 177
f 938 177 180
f 938 180 185
f 938 185 197
f 938 197 202
f 938 202 232
f 938 232 250
f 938 250 272
f 938 272 286
f 938 286 310
f 938 310 326
f 938 326 342
f 938 342 364
f 938 364 392
f 938 392 416
f 938 416 434
f 938 434 450
f 938 450 478
f 938 478 506
f 938 506 526
f 938 526 548
f 938 548 574
f 938 574 600
f 938 600 626
f 938 626 640
f 938 640 664
f 938 664 692
f 938 692 719
f 938 719 740
f 938 740 766
f 938 766 788
f 938 788 814
f 938 814 840
f 938 840 866
f 938 866 892
f 938 892 918
f 938 918 934
f 938 934 952
f 938 952 982
f 938 982 1008
f 938 1008 1034
f 938 1034 1060
f 938 1060 1086
f 938 1086 1108
f 938 1108 1134
f 938 1134 1155
f 938 1155 1182
f 938 1182 1210
f 938 1210 1234
f 938 1234 1248
f 938 1248 1274
f 938 1274 1300
f 938 1300 1326
f 938 1326 1348
f 938 1348 1368
f 938 1368 1396
f 938 1396 1424
f 938 1424 1440
f 938 1440 1458
f 938 1458 1482
f 938 1482 1510
f 938 1510 1532
f 938 1532 1548
f 938 1548 1564
f 938 1564 1584
f 938 1584 1602
f 938 1602 1624
f 938 1624 1638
f 938 1638 1670
f 938 1670 1677
f 938 1677 1689
f 938 1689 1694
f 938 1694 1698
f 1698 1815 1810
f 1698 1810 1695
f 1695 1810 1798
f 1695 1798 1690
f 1690 1798 1788
f 1690 1788 1678
f 1678 1788 1778
f 1678 1778 1673
f 1673 1778 1764
f 1673 1764 1643
f 1643 1764 1754
f 1643 1754 1625
f 1625 1754 1736
f 1625 1736 1603
f 1603 1736 1718
f 1603 1718 1589
f 1589 1718 1693
f 1589 1693 1565
f 1565 1693 1655
f 1565 1655 1549
f 1549 1655 1615
f 1549 1615 1533
f 1533 1615 1583
f 1533 1583 1511
f 1511 1583 1561
f 1511 1561 1483
f 1483 1561 1529
f 1483 1529 1459
f 1459 1529 1496
f 1459 1496 1441
f 1441 1496 1471
f 1441 1471 1425
f 1425 1471 1449
f 1425 1449 1397
f 1397 1449 1423
f 1397 1423 1369
f 1369 1423 1395
f 1369 1395 1349
f 1349 1395 1363
f 1349 1363 1327
f 1327 1363 1339
f 1327 1339 1301
f 1301 1339 1311
f 1301 1311 1275
f 1275 1311 1283
f 1275 1283 1249
f 1249 1283 1259
f 1249 1259 1235
f 1235 1259 1233
f 1235 1233 1211
f 1211 1233 1209
f 1211 1209 1183
f 1183 1209 1177
f 1183 1177 1156
f 1156 1177 1149
f 1156 1149 1135
f 1135 1149 1125
f 1135 1125 1109
f 1109 1125 1101
f 1109 1101 1087
f 1087 1101 1073
f 1087 1073 1061
f 1061 1073 1045
f 1061 1045 1035
f 1035 1045 1021
f 1035 1021 1009
f 1009 1021 997
f 1009 997 983
f 983 997 969
f 983 969 957
f 957 969 946
f 957 946 941
f 941 946 913
f 941 913 923
f 923 913 887
f 923 887 893
f 893 887 861
f 893 861 867
f 867 861 835
f 867 835 841
f 841 835 809
f 841 809 815
f 815 809 783
f 815 783 789
f 789 783 757
f 789 757 767
f 767 757 731
f 767 731 741
f 741 731 705
f 741 705 720
f 720 705 675
f 720 675 693
f 693 675 649
f 693 649 665
f 665 649 621
f 665 621 641
f 641 621 599
f 641 599 627
f 627 599 573
f 627 573 601
f 601 573 543
f 601 543 575
f 575 543 517
f 575 517 549
f 549 517 487
f 549 487 527
f 527 487 461
f 527 461 507
f 507 461 433
f 507 433 479
f 479 433 409
f 479 409 451
f 451 409 386
f 451 386 435
f 435 386 359
f 435 359 417
f 417 359 325
f 417 325 393
f 393 325 297
f 393 297 365
f 365 297 267
f 365 267 343
f 343 267 229
f 343 229 327
f 327 229 191
f 327 191 311
f 311 191 162
f 311 162 291
f 291 162 146
f 291 146 273
f 273 146 130
f 273 130 251
f 251 130 118
f 251 118 237
f 237 118 102
f 237 102 205
f 205 102 94
f 205 94 198
f 198 94 86
f 198 86 186
f 186 86 72
f 186 72 181
f 181 72 62
f 181 62 177
f 177 62 67
f 177 67 180
f 180 67 81
f 180 81 185
f 185 81 91
f 185 91 197
f 197 91 99
f 197 99 202
f 202 99 113
f 202 113 232
f 232 113 125
f 232 125 250
f 250 125 143
f 250 143 272
f 272 143 159
f 272 159 286
f 286 159 184
f 286 184 310
f 310 184 224
f 310 224 326
f 326 224 264
f 326 264 342
f 342 264 294
f 342 294 364
f 364 294 316
f 364 316 392
f 392 316 350
f 392 350 416
f 416 350 383
f 416 383 434
f 434 383 406
f 434 406 450
f 450 406 428
f 450 428 478
f 478 428 456
f 478 456 506
f 506 456 484
f 506 484 526
f 526 484 514
f 526 514 548
f 548 514 538
f 548 538 574
f 574 538 568
f 574 568 600
f 600 568 596
f 600 596 626
f 626 596 618
f 626 618 640
f 640 618 644
f 640 644 664
f 664 644 670
f 664 670 692
f 692 670 702
f 692 702 719
f 719 702 728
f 719 728 740
f 740 728 752
f 740 752 766
f 766 752 778
f 766 778 788
f 788 778 806
f 788 806 814
f 814 806 832
f 814 832 840
f 840 832 856
f 840 856 866
f 866 856 882
f 866 882 892
f 892 882 910
f 892 910 918
f 918 910 931
f 918 931 934
f 934 931 964
f 934 964 952
f 952 964 992
f 952 992 982
f 982 992 1018
f 982 1018 1008
f 1008 1018 1042
f 1008 1042 1034
f 1034 1042 1068
f 1034 1068 1060
f 1060 1068 1096
f 1060 1096 1086
f 1086 1096 1122
f 1086 1122 1108
f 1108 1122 1146
f 1108 1146 1134
f 1134 1146 1172
f 1134 1172 1155
f 1155 1172 1204
f 1155 1204 1182
f 1182 1204 1230
f 1182 1230 1210
f 1210 1230 1256
f 1210 1256 1234
f 1234 1256 1278
f 1234 1278 1248
f 1248 1278 1306
f 1248 1306 1274
f 1274 1306 1336
f 1274 1336 1300
f 1300 1336 1360
f 1300 1360 1326
f 1326 1360 1390
f 1326 1390 1348
f 1348 1390 1418
f 1348 1418 1368
f 1368 1418 1446
f 1368 1446 1396
f 1396 1446 1468
f 1396 1468 1424
f 1424 1468 1491
f 1424 1491 1440
f 1440 1491 1520
f 1440 1520 1458
f 1458 1520 1554
f 1458 1554 1482
f 1482 1554 1580
f 1482 1580 1510
f 1510 1580 1610
f 1510 1610 1532
f 1532 1610 1650
f 1532 1650 1548
f 1548 1650 1688
f 1548 1688 1564
f 1564 1688 1715
f 1564 1715 1584
f 1584 1715 1731
f 1584 1731 1602
f 1602 1731 1749
f 1602 1749 1624
f 1624 1749 1761
f 1624 1761 1638
f 1638 1761 1775
f 1638 1775 1670
f 1670 1775 1783
f 1670 1783 1677
f 1677 1783 1793
f 1677 1793 1689
f 1689 1793 1807
f 1689 1807 1694
f 1694 1807 1815
f 1694 1815 1698
f 1815 1814 1809
f 1815 1809 1810
f 1810 1809 1797
f 1810 1797 1798
f 1798 1797 1787
f 1798 1787 1788
f 1788 1787 1777
f 1788 1777 1778
f 1778 1777 1763
f 1778 1763 1764
f 1764 1763 1753
f 1764 1753 1754
f 1754 1753 1735
f 1754 1735 1736
f 1736 1735 1717
f 1736 1717 1718
f 1718 1717 1692
f 1718 1692 1693
f 1693 1692 1654
f 1693 1654 1655
f 1655 1654 1614
f 1655 1614 1615
f 1615 1614 1582
f 1615 1582 1583
f 1583 1582 1560
f 1583 1560 1561
f 1561 1560 1528
f 1561 1528 1529
f 1529 1528 1495
f 1529 1495 1496
f 1496 1495 1470
f 1496 1470 1471
f 1471 1470 1448
f 1471 1448 1449
f 1449 1448 1422
f 1449 1422 1423
f 1423 1422 1394
f 1423 1394 1395
f 1395 1394 1362
f 1395 1362 1363
f 1363 1362 1338
f 1363 1338 1339
f 1339 1338 1310
f 1339 1310 1311
f 1311 1310 1282
f 1311 1282 1283
f 1283 1282 1258
f 1283 1258 1259
f 1259 1258 1232
f 1259 1232 1233
f 1233 1232 1208
f 1233 1208 1209
f 1209 1208 1176
f 1209 1176 1177
f 1177 1176 1148
f 1177 1148 1149
f 1149 1148 1124
f 1149 1124 1125
f 1125 1124 1100
f 1125 1100 1101
f 1101 1100 1072
f 1101 1072 1073
f 1073 1072 1044
f 1073 1044 1045
f 1045 1044 1020
f 1045 1020 1021
f 1021 1020 996
f 1021 996 997
f 997 996 968
f 997 968 969
f 969 968 945
f 969 945 946
f 946 945 912
f 946 912 913
f 913 912 886
f 913 886 887
f 887 886 860
f 887 860 861
f 861 860 834
f 861 834 835
f 835 834 808
f 835 808 809
f 809 808 782
f 809 782 783
f 783 782 756
f 783 756 757
f 757 756 730
f 757 730 731
f 731 730 704
f 731 704 705
f 705 704 674
f 705 674 675
f 675 674 648
f 675 648 649
f 649 648 620
f 649 620 621
f 621 620 598
f 621 598 599
f 599 598 572
f 599 572 573
f 573 572 542
f 573 542 543
f 543 542 516
f 543 516 517
f 517 516 486
f 517 486 487
f 487 486 460
f 487 460 461
f 461 460 432
f 461 432 433
f 433 432 408
f 433 408 409
f 409 408 385
f 409 385 386
f 386 385 358
f 386 358 359
f 359 358 324
f 359 324 325
f 325 324 296
f 325 296 297
f 297 296 266
f 297 266 267
f 267 266 228
f 267 228 229
f 229 228 190
f 229 190 191
f 191 190 161
f 191 161 162
f 162 161 145
f 162 145 146
f 146 145 129
f 146 129 130
f 130 129 117
f 130 117 118
f 118 117 101
f 118 101 102
f 102 101 93
f 102 93 94
f 94 93 85
f 94 85 86
f 86 85 71
f 86 71 72
f 72 71 61
f 72 61 62
f 62 61 66
f 62 66 67
f 67 66 80
f 67 80 81
f 81 80 90
f 81 90 91
f 91 90 98
f 91 98 99
f 99 98 112
f 99 112 113
f 113 112 124
f 113 124 125
f 125 124 142
f 125 142 143
f 143 142 158
f 143 158 159
f 159 158 183
f 159 183 184
f 184 183 223
f 184 223 224
f 224 223 263
f 224 263 264
f 264 263 293
f 264 293 294
f 294 293 315
f 294 315 316
f 316 315 349
f 316 349 350
f 350 349 382
f 350 382 383
f 383 382 405
f 383 405 406
f 406 405 427
f 406 427 428
f 428 427 455
f 428 455 456
f 456 455 483
f 456 483 484
f 484 483 513
f 484 513 514
f 514 513 537
f 514 537 538
f 538 537 567
f 538 567 568
f 568 567 595
f 568 595 596
f 596 595 617
f 596 617 618
f 618 617 643
f 618 643 644
f 644 643 669
f 644 669 670
f 670 669 701
f 670 701 702
f 702 701 727
f 702 727 728
f 728 727 751
f 728 751 752
f 752 751 777
f 752 777 778
f 778 777 805
f 778 805 806
f 806 805 831
f 806 831 832
f 832 831 855
f 832 855 856
f 856 855 881
f 856 881 882
f 882 881 909
f 882 909 910
f 910 909 930
f 910 930 931
f 931 930 963
f 931 963 964
f 964 963 991
f 964 991 992
f 992 991 1017
f 992 1017 1018
f 1018 1017 1041
f 1018 1041 1042
f 1042 1041 1067
f 1042 1067 1068
f 1068 1067 1095
f 1068 1095 1096
f 1096 1095 1121
f 1096 1121 1122
f 1122 1121 1145
f 1122 1145 1146
f 1146 1145 1171
f 1146 1171 1172
f 1172 1171 1203
f 1172 1203 1204
f 1204 1203 1229
f 1204 1229 1230
f 1230 1229 1255
f 1230 1255 1256
f 1256 1255 1277
f 1256 1277 1278
f 1278 1277 1305
f 1278 1305 1306
f 1306 1305 1335
f 1306 1335 1336
f 1336 1335 1359
f 1336 1359 1360
f 1360 1359 1389
f 1360 1389 1390
f 1390 1389 1417
f 1390 1417 1418
f 1418 1417 1445
f 1418 1445 1446
f 1446 1445 1467
f 1446 1467 1468
f 1468 1467 1490
f 1468 1490 1491
f 1491 1490 1519
f 1491 1519 1520
f 1520 1519 1553
f 1520 1553 1554
f 1554 1553 1579
f 1554 1579 1580
f 1580 1579 1609
f 1580 1609 1610
f 1610 1609 1649
f 1610 1649 1650
f 1650 1649 1687
f 1650 1687 1688
f 1688 1687 1714
f 1688 1714 1715
f 1715 1714 1730
f 1715 1730 1731
f 1731 1730 1748
f 1731 1748 1749
f 1749 1748 1760
f 1749 1760 1761
f 1761 1760 1774
f 1761 1774 1775
f 1775 1774 1782
f 1775 1782 1783
f 1783 1782 1792
f 1783 1792 1793
f 1793 1792 1806
f 1793 1806 1807
f 1807 1806 1814
f 1807 1814 1815
f 1814 1852 1848
f 1814 1848 1809
f 1809 1848 1796
f 1809 1796 1797
f 1797 1796 1786
f 1797 1786 1787
f 1787 1786 1833
f 1787 1833 1777
f 1777 1833 1827
f 1777 1827 1763
f 1763 1827 1752
f 1763 1752 1753
f 1753 1752 1734
f 1753 1734 1735
f 1735 1734 1772
f 1735 1772 1717
f 1717 1772 1744
f 1717 1744 1692
f 1692 1744 1653
f 1692 1653 1654
f 1654 1653 1613
f 1654 1613 1614
f 1614 1613 1645
f 1614 1645 1582
f 1582 1645 1597
f 1582 1597 1560
f 1560 1597 1527
f 1560 1527 1528
f 1528 1527 1494
f 1528 1494 1495
f 1495 1494 1509
f 1495 1509 1470
f 1470 1509 1477
f 1470 1477 1448
f 1448 1477 1421
f 1448 1421 1422
f 1422 1421 1393
f 1422 1393 1394
f 1394 1393 1383
f 1394 1383 1362
f 1362 1383 1353
f 1362 1353 1338
f 1338 1353 1309
f 1338 1309 1310
f 1310 1309 1281
f 1310 1281 1282
f 1282 1281 1269
f 1282 1269 1258
f 1258 1269 1243
f 1258 1243 1232
f 1232 1243 1207
f 1232 1207 1208
f 1208 1207 1175
f 1208 1175 1176
f 1176 1175 1161
f 1176 1161 1148
f 1148 1161 1133
f 1148 1133 1124
f 1124 1133 1099
f 1124 1099 1100
f 1100 1099 1071
f 1100 1071 1072
f 1072 1071 1051
f 1072 1051 1044
f 1044 1051 1025
f 1044 1025 1020
f 1020 1025 995
f 1020 995 996
f 996 995 967
f 996 967 968
f 968 967 949
f 968 949 945
f 945 949 905
f 945 905 912
f 912 905 885
f 912 885 886
f 886 885 859
f 886 859 860
f 860 859 827
f 860 827 834
f 834 827 799
f 834 799 808
f 808 799 781
f 808 781 782
f 782 781 755
f 782 755 756
f 756 755 717
f 756 717 730
f 730 717 689
f 730 689 704
f 704 689 673
f 704 673 674
f 674 673 647
f 674 647 648
f 648 647 609
f 648 609 620
f 620 609 577
f 620 577 598
f 598 577 571
f 598 571 572
f 572 571 541
f 572 541 542
f 542 541 495
f 542 495 516
f 516 495 463
f 516 463 486
f 486 463 459
f 486 459 460
f 460 459 431
f 460 431 432
f 432 431 369
f 432 369 408
f 408 369 335
f 408 335 385
f 385 335 357
f 385 357 358
f 358 357 323
f 358 323 324
f 324 323 239
f 324 239 296
f 296 239 179
f 296 179 266
f 266 179 227
f 266 227 228
f 228 227 189
f 228 189 190
f 190 189 106
f 190 106 161
f 161 106 76
f 161 76 145
f 145 76 128
f 145 128 129
f 129 128 116
f 129 116 117
f 117 116 45
f 117 45 101
f 101 45 33
f 101 33 93
f 93 33 84
f 93 84 85
f 85 84 70
f 85 70 71
f 71 70 24
f 71 24 61
f 61 24 28
f 61 28 66
f 66 28 79
f 66 79 80
f 80 79 89
f 80 89 90
f 90 89 43
f 90 43 98
f 98 43 49
f 98 49 112
f 112 49 123
f 112 123 124
f 124 123 141
f 124 141 142
f 142 141 104
f 142 104 158
f 158 104 132
f 158 132 183
f 183 132 222
f 183 222 223
f 223 222 262
f 223 262 263
f 263 262 231
f 263 231 293
f 293 231 279
f 293 279 315
f 315 279 348
f 315 348 349
f 349 348 381
f 349 381 382
f 382 381 367
f 382 367 405
f 405 367 399
f 405 399 427
f 427 399 454
f 427 454 455
f 455 454 482
f 455 482 483
f 483 482 493
f 483 493 513
f 513 493 523
f 513 523 537
f 537 523 566
f 537 566 567
f 567 566 594
f 567 594 595
f 595 594 607
f 595 607 617
f 617 607 633
f 617 633 643
f 643 633 668
f 643 668 669
f 669 668 700
f 669 700 701
f 701 700 715
f 701 715 727
f 727 715 743
f 727 743 751
f 751 743 776
f 751 776 777
f 777 776 804
f 777 804 805
f 805 804 825
f 805 825 831
f 831 825 851
f 831 851 855
f 855 851 880
f 855 880 881
f 881 880 908
f 881 908 909
f 909 908 927
f 909 927 930
f 930 927 971
f 930 971 963
f 963 971 990
f 963 990 991
f 991 990 1016
f 991 1016 1017
f 1017 1016 1049
f 1017 1049 1041
f 1041 1049 1077
f 1041 1077 1067
f 1067 1077 1094
f 1067 1094 1095
f 1095 1094 1120
f 1095 1120 1121
f 1121 1120 1159
f 1121 1159 1145
f 1145 1159 1187
f 1145 1187 1171
f 1171 1187 1202
f 1171 1202 1203
f 1203 1202 1228
f 1203 1228 1229
f 1229 1228 1267
f 1229 1267 1255
f 1255 1267 1299
f 1255 1299 1277
f 1277 1299 1304
f 1277 1304 1305
f 1305 1304 1334
f 1305 1334 1335
f 1335 1334 1381
f 1335 1381 1359
f 1359 1381 1413
f 1359 1413 1389
f 1389 1413 1416
f 1389 1416 1417
f 1417 1416 1444
f 1417 1444 1445
f 1445 1444 1507
f 1445 1507 1467
f 1467 1507 1541
f 1467 1541 1490
f 1490 1541 1518
f 1490 1518 1519
f 1519 1518 1552
f 1519 1552 1553
f 1553 1552 1637
f 1553 1637 1579
f 1579 1637 1697
f 1579 1697 1609
f 1609 1697 1648
f 1609 1648 1649
f 1649 1648 1686
f 1649 1686 1687
f 1687 1686 1770
f 1687 1770 1714
f 1714 1770 1800
f 1714 1800 1730
f 1730 1800 1747
f 1730 1747 1748
f 1748 1747 1759
f 1748 1759 1760
f 1760 1759 1831
f 1760 1831 1774
f 1774 1831 1843
f 1774 1843 1782
f 1782 1843 1791
f 1782 1791 1792
f 1792 1791 1805
f 1792 1805 1806
f 1806 1805 1852
f 1806 1852 1814
f 1852 1851 1847
f 1852 1847 1848
f 1848 1847 1795
f 1848 1795 1796
f 1796 1795 1785
f 1796 1785 1786
f 1786 1785 1832
f 1786 1832 1833
f 1833 1832 1826
f 1833 1826 1827
f 1827 1826 1751
f 1827 1751 1752
f 1752 1751 1733
f 1752 1733 1734
f 1734 1733 1771
f 1734 1771 1772
f 1772 1771 1743
f 1772 1743 1744
f 1744 1743 1652
f 1744 1652 1653
f 1653 1652 1612
f 1653 1612 1613
f 1613 1612 1644
f 1613 1644 1645
f 1645 1644 1596
f 1645 1596 1597
f 1597 1596 1526
f 1597 1526 1527
f 1527 1526 1493
f 1527 1493 1494
f 1494 1493 1508
f 1494 1508 1509
f 1509 1508 1476
f 1509 1476 1477
f 1477 1476 1420
f 1477 1420 1421
f 1421 1420 1392
f 1421 1392 1393
f 1393 1392 1382
f 1393 1382 1383
f 1383 1382 1352
f 1383 1352 1353
f 1353 1352 1308
f 1353 1308 1309
f 1309 1308 1280
f 1309 1280 1281
f 1281 1280 1268
f 1281 1268 1269
f 1269 1268 1242
f 1269 1242 1243
f 1243 1242 1206
f 1243 1206 1207
f 1207 1206 1174
f 1207 1174 1175
f 1175 1174 1160
f 1175 1160 1161
f 1161 1160 1132
f 1161 1132 1133
f 1133 1132 1098
f 1133 1098 1099
f 1099 1098 1070
f 1099 1070 1071
f 1071 1070 1050
f 1071 1050 1051
f 1051 1050 1024
f 1051 1024 1025
f 1025 1024 994
f 1025 994 995
f 995 994 966
f 995 966 967
f 967 966 948
f 967 948 949
f 949 948 904
f 949 904 905
f 905 904 884
f 905 884 885
f 885 884 858
f 885 858 859
f 859 858 826
f 859 826 827
f 827 826 798
f 827 798 799
f 799 798 780
f 799 780 781
f 781 780 754
f 781 754 755
f 755 754 716
f 755 716 717
f 717 716 688
f 717 688 689
f 689 688 672
f 689 672 673
f 673 672 646
f 673 646 647
f 647 646 608
f 647 608 609
f 609 608 576
f 609 576 577
f 577 576 570
f 577 570 571
f 571 570 540
f 571 540 541
f 541 540 494
f 541 494 495
f 495 494 462
f 495 462 463
f 463 462 458
f 463 458 459
f 459 458 430
f 459 430 431
f 431 430 368
f 431 368 369
f 369 368 334
f 369 334 335
f 335 334 356
f 335 356 357
f 357 356 322
f 357 322 323
f 323 322 238
f 323 238 239
f 239 238 178
f 239 178 179
f 179 178 226
f 179 226 227
f 227 226 188
f 227 188 189
f 189 188 105
f 189 105 106
f 106 105 75
f 106 75 76
f 76 75 127
f 76 127 128
f 128 127 115
f 128 115 116
f 116 115 44
f 116 44 45
f 45 44 32
f 45 32 33
f 33 32 83
f 33 83 84
f 84 83 69
f 84 69 70
f 70 69 23
f 70 23 24
f 24 23 27
f 24 27 28
f 28 27 78
f 28 78 79
f 79 78 88
f 79 88 89
f 89 88 42
f 89 42 43
f 43 42 48
f 43 48 49
f 49 48 122
f 49 122 123
f 123 122 140
f 123 140 141
f 141 140 103
f 141 103 104
f 104 103 131
f 104 131 132
f 132 131 221
f 132 221 222
f 222 221 261
f 222 261 262
f 262 261 230
f 262 230 231
f 231 230 278
f 231 278 279
f 279 278 347
f 279 347 348
f 348 347 380
f 348 380 381
f 381 380 366
f 381 366 367
f 367 366 398
f 367 398 399
f 399 398 453
f 399 453 454
f 454 453 481
f 454 481 482
f 482 481 492
f 482 492 493
f 493 492 522
f 493 522 523
f 523 522 565
f 523 565 566
f 566 565 593
f 566 593 594
f 594 593 606
f 594 606 607
f 607 606 632
f 607 632 633
f 633 632 667
f 633 667 668
f 668 667 699
f 668 699 700
f 700 699 714
f 700 714 715
f 715 714 742
f 715 742 743
f 743 742 775
f 743 775 776
f 776 775 803
f 776 803 804
f 804 803 824
f 804 824 825
f 825 824 850
f 825 850 851
f 851 850 879
f 851 879 880
f 880 879 907
f 880 907 908
f 908 907 926
f 908 926 927
f 927 926 970
f 927 970 971
f 971 970 989
f 971 989 990
f 990 989 1015
f 990 1015 1016
f 1016 1015 1048
f 1016 1048 1049
f 1049 1048 1076
f 1049 1076 1077
f 1077 1076 1093
f 1077 1093 1094
f 1094 1093 1119
f 1094 1119 1120
f 1120 1119 1158
f 1120 1158 1159
f 1159 1158 1186
f 1159 1186 1187
f 1187 1186 1201
f 1187 1201 1202
f 1202 1201 1227
f 1202 1227 1228
f 1228 1227 1266
f 1228 1266 1267
f 1267 1266 1298
f 1267 1298 1299
f 1299 1298 1303
f 1299 1303 1304
f 1304 1303 1333
f 1304 1333 1334
f 1334 1333 1380
f 1334 1380 1381
f 1381 1380 1412
f 1381 1412 1413
f 1413 1412 1415
f 1413 1415 1416
f 1416 1415 1443
f 1416 1443 1444
f 1444 1443 1506
f 1444 1506 1507
f 1507 1506 1540
f 1507 1540 1541
f 1541 1540 1517
f 1541 1517 1518
f 1518 1517 1551
f 1518 1551 1552
f 1552 1551 1636
f 1552 1636 1637
f 1637 1636 1696
f 1637 1696 1697
f 1697 1696 1647
f 1697 1647 1648
f 1648 1647 1685
f 1648 1685 1686
f 1686 1685 1769
f 1686 1769 1770
f 1770 1769 1799
f 1770 1799 1800
f 1800 1799 1746
f 1800 1746 1747
f 1747 1746 1758
f 1747 1758 1759
f 1759 1758 1830
f 1759 1830 1831
f 1831 1830 1842
f 1831 1842 1843
f 1843 1842 1790
f 1843 1790 1791
f 1791 1790 1804
f 1791 1804 1805
f 1805 1804 1851
f 1805 1851 1852
f 1851 1813 1808
f 1851 1808 1847
f 1847 1808 1794
f 1847 1794 1795
f 1795 1794 1784
f 1795 1784 1785
f 1785 1784 1776
f 1785 1776 1832
f 1832 1776 1762
f 1832 1762 1826
f 1826 1762 1750
f 1826 1750 1751
f 1751 1750 1732
f 1751 1732 1733
f 1733 1732 1716
f 1733 1716 1771
f 1771 1716 1691
f 1771 1691 1743
f 1743 1691 1651
f 1743 1651 1652
f 1652 1651 1611
f 1652 1611 1612
f 1612 1611 1581
f 1612 1581 1644
f 1644 1581 1559
f 1644 1559 1596
f 1596 1559 1525
f 1596 1525 1526
f 1526 1525 1492
f 1526 1492 1493
f 1493 1492 1469
f 1493 1469 1508
f 1508 1469 1447
f 1508 1447 1476
f 1476 1447 1419
f 1476 1419 1420
f 1420 1419 1391
f 1420 1391 1392
f 1392 1391 1361
f 1392 1361 1382
f 1382 1361 1337
f 1382 1337 1352
f 1352 1337 1307
f 1352 1307 1308
f 1308 1307 1279
f 1308 1279 1280
f 1280 1279 1257
f 1280 1257 1268
f 1268 1257 1231
f 1268 1231 1242
f 1242 1231 1205
f 1242 1205 1206
f 1206 1205 1173
f 1206 1173 1174
f 1174 1173 1147
f 1174 1147 1160
f 1160 1147 1123
f 1160 1123 1132
f 1132 1123 1097
f 1132 1097 1098
f 1098 1097 1069
f 1098 1069 1070
f 1070 1069 1043
f 1070 1043 1050
f 1050 1043 1019
f 1050 1019 1024
f 1024 1019 993
f 1024 993 994
f 994 993 965
f 994 965 966
f 966 965 944
f 966 944 948
f 948 944 911
f 948 911 904
f 904 911 883
f 904 883 884
f 884 883 857
f 884 857 858
f 858 857 833
f 858 833 826
f 826 833 807
f 826 807 798
f 798 807 779
f 798 779 780
f 780 779 753
f 780 753 754
f 754 753 729
f 754 729 716
f 716 729 703
f 716 703 688
f 688 703 671
f 688 671 672
f 672 671 645
f 672 645 646
f 646 645 619
f 646 619 608
f 608 619 597
f 608 597 576
f 576 597 569
f 576 569 570
f 570 569 539
f 570 539 540
f 540 539 515
f 540 515 494
f 494 515 485
f 494 485 462
f 462 485 457
f 462 457 458
f 458 457 429
f 458 429 430
f 430 429 407
f 430 407 368
f 368 407 384
f 368 384 334
f 334 384 355
f 334 355 356
f 356 355 321
f 356 321 322
f 322 321 295
f 322 295 238
f 238 295 265
f 238 265 178
f 178 265 225
f 178 225 226
f 226 225 187
f 226 187 188
f 188 187 160
f 188 160 105
f 105 160 144
f 105 144 75
f 75 144 126
f 75 126 127
f 127 126 114
f 127 114 115
f 115 114 100
f 115 100 44
f 44 100 92
f 44 92 32
f 32 92 82
f 32 82 83
f 83 82 68
f 83 68 69
f 69 68 60
f 69 60 23
f 23 60 65
f 23 65 27
f 27 65 77
f 27 77 78
f 78 77 87
f 78 87 88
f 88 87 97
f 88 97 42
f 42 97 111
f 42 111 48
f 48 111 121
f 48 121 122
f 122 121 139
f 122 139 140
f 140 139 157
f 140 157 103
f 103 157 182
f 103 182 131
f 131 182 220
f 131 220 221
f 221 220 260
f 221 260 261
f 261 260 292
f 261 292 230
f 230 292 314
f 230 314 278
f 278 314 346
f 278 346 347
f 347 346 379
f 347 379 380
f 380 379 404
f 380 404 366
f 366 404 426
f 366 426 398
f 398 426 452
f 398 452 453
f 453 452 480
f 453 480 481
f 481 480 512
f 481 512 492
f 492 512 536
f 492 536 522
f 522 536 564
f 522 564 565
f 565 564 592
f 565 592 593
f 593 592 616
f 593 616 606
f 606 616 642
f 606 642 632
f 632 642 666
f 632 666 667
f 667 666 698
f 667 698 699
f 699 698 726
f 699 726 714
f 714 726 750
f 714 750 742
f 742 750 774
f 742 774 775
f 775 774 802
f 775 802 803
f 803 802 830
f 803 830 824
f 824 830 854
f 824 854 850
f 850 854 878
f 850 878 879
f 879 878 906
f 879 906 907
f 907 906 929
f 907 929 926
f 926 929 962
f 926 962 970
f 970 962 988
f 970 988 989
f 989 988 1014
f 989 1014 1015
f 1015 1014 1040
f 1015 1040 1048
f 1048 1040 1066
f 1048 1066 1076
f 1076 1066 1092
f 1076 1092 1093
f 1093 1092 1118
f 1093 1118 1119
f 1119 1118 1144
f 1119 1144 1158
f 1158 1144 1170
f 1158 1170 1186
f 1186 1170 1200
f 1186 1200 1201
f 1201 1200 1226
f 1201 1226 1227
f 1227 1226 1254
f 1227 1254 1266
f 1266 1254 1276
f 1266 1276 1298
f 1298 1276 1302
f 1298 1302 1303
f 1303 1302 1332
f 1303 1332 1333
f 1333 1332 1358
f 1333 1358 1380
f 1380 1358 1388
f 1380 1388 1412
f 1412 1388 1414
f 1412 1414 1415
f 1415 1414 1442
f 1415 1442 1443
f 1443 1442 1466
f 1443 1466 1506
f 1506 1466 1489
f 1506 1489 1540
f 1540 1489 1516
f 1540 1516 1517
f 1517 1516 1550
f 1517 1550 1551
f 1551 1550 1578
f 1551 1578 1636
f 1636 1578 1608
f 1636 1608 1696
f 1696 1608 1646
f 1696 1646 1647
f 1647 1646 1684
f 1647 1684 1685
f 1685 1684 1713
f 1685 1713 1769
f 1769 1713 1729
f 1769 1729 1799
f 1799 1729 1745
f 1799 1745 1746
f 1746 1745 1757
f 1746 1757 1758
f 1758 1757 1773
f 1758 1773 1830
f 1830 1773 1781
f 1830 1781 1842
f 1842 1781 1789
f 1842 1789 1790
f 1790 1789 1803
f 1790 1803 1804
f 1804 1803 1813
f 1804 1813 1851
f 1813 1728 1726
f 1813 1726 1808
f 1808 1726 1722
f 1808 1722 1794
f 1794 1722 1708
f 1794 1708 1784
f 1784 1708 1702
f 1784 1702 1776
f 1776 1702 1683
f 1776 1683 1762
f 1762 1683 1675
f 1762 1675 1750
f 1750 1675 1635
f 1750 1635 1732
f 1732 1635 1619
f 1732 1619 1716
f 1716 1619 1594
f 1716 1594 1691
f 1691 1594 1569
f 1691 1569 1651
f 1651 1569 1547
f 1651 1547 1611
f 1611 1547 1524
f 1611 1524 1581
f 1581 1524 1503
f 1581 1503 1559
f 1559 1503 1481
f 1559 1481 1525
f 1525 1481 1457
f 1525 1457 1492
f 1492 1457 1433
f 1492 1433 1469
f 1469 1433 1405
f 1469 1405 1447
f 1447 1405 1379
f 1447 1379 1419
f 1419 1379 1357
f 1419 1357 1391
f 1391 1357 1331
f 1391 1331 1361
f 1361 1331 1315
f 1361 1315 1337
f 1337 1315 1291
f 1337 1291 1307
f 1307 1291 1263
f 1307 1263 1279
f 1279 1263 1239
f 1279 1239 1257
f 1257 1239 1215
f 1257 1215 1231
f 1231 1215 1191
f 1231 1191 1205
f 1205 1191 1165
f 1205 1165 1173
f 1173 1165 1139
f 1173 1139 1147
f 1147 1139 1117
f 1147 1117 1123
f 1123 1117 1091
f 1123 1091 1097
f 1097 1091 1065
f 1097 1065 1069
f 1069 1065 1039
f 1069 1039 1043
f 1043 1039 1013
f 1043 1013 1019
f 1019 1013 987
f 1019 987 993
f 993 987 961
f 993 961 965
f 965 961 943
f 965 943 944
f 944 943 917
f 944 917 911
f 911 917 891
f 911 891 883
f 883 891 865
f 883 865 857
f 857 865 839
f 857 839 833
f 833 839 813
f 833 813 807
f 807 813 787
f 807 787 779
f 779 787 761
f 779 761 753
f 753 761 739
f 753 739 729
f 729 739 713
f 729 713 703
f 703 713 687
f 703 687 671
f 671 687 663
f 671 663 645
f 645 663 639
f 645 639 619
f 619 639 615
f 619 615 597
f 597 615 587
f 597 587 569
f 569 587 563
f 569 563 539
f 539 563 547
f 539 547 515
f 515 547 521
f 515 521 485
f 485 521 499
f 485 499 457
f 457 499 473
f 457 473 429
f 429 473 449
f 429 449 407
f 407 449 421
f 407 421 384
f 384 421 397
f 384 397 355
f 355 397 375
f 355 375 321
f 321 375 354
f 321 354 295
f 295 354 331
f 295 331 265
f 265 331 309
f 265 309 225
f 225 309 284
f 225 284 187
f 187 284 259
f 187 259 160
f 160 259 243
f 160 243 144
f 144 243 207
f 144 207 126
f 126 207 195
f 126 195 114
f 114 195 176
f 114 176 100
f 100 176 170
f 100 170 92
f 92 170 156
f 92 156 82
f 82 156 152
f 82 152 68
f 68 152 148
f 68 148 60
f 60 148 150
f 60 150 65
f 65 150 154
f 65 154 77
f 77 154 168
f 77 168 87
f 87 168 174
f 87 174 97
f 97 174 193
f 97 193 111
f 111 193 201
f 111 201 121
f 121 201 241
f 121 241 139
f 139 241 257
f 139 257 157
f 157 257 282
f 157 282 182
f 182 282 307
f 182 307 220
f 220 307 329
f 220 329 260
f 260 329 352
f 260 352 292
f 292 352 373
f 292 373 314
f 314 373 395
f 314 395 346
f 346 395 419
f 346 419 379
f 379 419 443
f 379 443 404
f 404 443 471
f 404 471 426
f 426 471 497
f 426 497 452
f 452 497 519
f 452 519 480
f 480 519 545
f 480 545 512
f 512 545 561
f 512 561 536
f 536 561 585
f 536 585 564
f 564 585 613
f 564 613 592
f 592 613 637
f 592 637 616
f 616 637 661
f 616 661 642
f 642 661 685
f 642 685 666
f 666 685 711
f 666 711 698
f 698 711 737
f 698 737 726
f 726 737 759
f 726 759 750
f 750 759 785
f 750 785 774
f 774 785 811
f 774 811 802
f 802 811 837
f 802 837 830
f 830 837 863
f 830 863 854
f 854 863 889
f 854 889 878
f 878 889 915
f 878 915 906
f 906 915 933
f 906 933 929
f 929 933 959
f 929 959 962
f 962 959 985
f 962 985 988
f 988 985 1011
f 988 1011 1014
f 1014 1011 1037
f 1014 1037 1040
f 1040 1037 1063
f 1040 1063 1066
f 1066 1063 1089
f 1066 1089 1092
f 1092 1089 1115
f 1092 1115 1118
f 1118 1115 1137
f 1118 1137 1144
f 1144 1137 1163
f 1144 1163 1170
f 1170 1163 1189
f 1170 1189 1200
f 1200 1189 1213
f 1200 1213 1226
f 1226 1213 1237
f 1226 1237 1254
f 1254 1237 1261
f 1254 1261 1276
f 1276 1261 1289
f 1276 1289 1302
f 1302 1289 1313
f 1302 1313 1332
f 1332 1313 1329
f 1332 1329 1358
f 1358 1329 1355
f 1358 1355 1388
f 1388 1355 1377
f 1388 1377 1414
f 1414 1377 1403
f 1414 1403 1442
f 1442 1403 1427
f 1442 1427 1466
f 1466 1427 1455
f 1466 1455 1489
f 1489 1455 1479
f 1489 1479 1516
f 1516 1479 1501
f 1516 1501 1550
f 1550 1501 1522
f 1550 1522 1578
f 1578 1522 1545
f 1578 1545 1608
f 1608 1545 1567
f 1608 1567 1646
f 1646 1567 1592
f 1646 1592 1684
f 1684 1592 1617
f 1684 1617 1713
f 1713 1617 1633
f 1713 1633 1729
f 1729 1633 1669
f 1729 1669 1745
f 1745 1669 1681
f 1745 1681 1757
f 1757 1681 1700
f 1757 1700 1773
f 1773 1700 1706
f 1773 1706 1781
f 1781 1706 1720
f 1781 1720 1789
f 1789 1720 1724
f 1789 1724 1803
f 1803 1724 1728
f 1803 1728 1813
f 1728 1727 1725
f 1728 1725 1726
f 1726 1725 1721
f 1726 1721 1722
f 1722 1721 1707
f 1722 1707 1708
f 1708 1707 1701
f 1708 1701 1702
f 1702 1701 1682
f 1702 1682 1683
f 1683 1682 1674
f 1683 1674 1675
f 1675 1674 1634
f 1675 1634 1635
f 1635 1634 1618
f 1635 1618 1619
f 1619 1618 1593
f 1619 1593 1594
f 1594 1593 1568
f 1594 1568 1569
f 1569 1568 1546
f 1569 1546 1547
f 1547 1546 1523
f 1547 1523 1524
f 1524 1523 1502
f 1524 1502 1503
f 1503 1502 1480
f 1503 1480 1481
f 1481 1480 1456
f 1481 1456 1457
f 1457 1456 1432
f 1457 1432 1433
f 1433 1432 1404
f 1433 1404 1405
f 1405 1404 1378
f 1405 1378 1379
f 1379 1378 1356
f 1379 1356 1357
f 1357 1356 1330
f 1357 1330 1331
f 1331 1330 1314
f 1331 1314 1315
f 1315 1314 1290
f 1315 1290 1291
f 1291 1290 1262
f 1291 1262 1263
f 1263 1262 1238
f 1263 1238 1239
f 1239 1238 1214
f 1239 1214 1215
f 1215 1214 1190
f 1215 1190 1191
f 1191 1190 1164
f 1191 1164 1165
f 1165 1164 1138
f 1165 1138 1139
f 1139 1138 1116
f 1139 1116 1117
f 1117 1116 1090
f 1117 1090 1091
f 1091 1090 1064
f 1091 1064 1065
f 1065 1064 1038
f 1065 1038 1039
f 1039 1038 1012
f 1039 1012 1013
f 1013 1012 986
f 1013 986 987
f 987 986 960
f 987 960 961
f 961 960 942
f 961 942 943
f 943 942 916
f 943 916 917
f 917 916 890
f 917 890 891
f 891 890 864
f 891 864 865
f 865 864 838
f 865 838 839
f 839 838 812
f 839 812 813
f 813 812 786
f 813 786 787
f 787 786 760
f 787 760 761
f 761 760 738
f 761 738 739
f 739 738 712
f 739 712 713
f 713 712 686
f 713 686 687
f 687 686 662
f 687 662 663
f 663 662 638
f 663 638 639
f 639 638 614
f 639 614 615
f 615 614 586
f 615 586 587
f 587 586 562
f 587 562 563
f 563 562 546
f 563 546 547
f 547 546 520
f 547 520 521
f 521 520 498
f 521 498 499
f 499 498 472
f 499 472 473
f 473 472 448
f 473 448 449
f 449 448 420
f 449 420 421
f 421 420 396
f 421 396 397
f 397 396 374
f 397 374 375
f 375 374 353
f 375 353 354
f 354 353 330
f 354 330 331
f 331 330 308
f 331 308 309
f 309 308 283
f 309 283 284
f 284 283 258
f 284 258 259
f 259 258 242
f 259 242 243
f 243 242 206
f 243 206 207
f 207 206 194
f 207 194 195
f 195 194 175
f 195 175 176
f 176 175 169
f 176 169 170
f 170 169 155
f 170 155 156
f 156 155 151
f 156 151 152
f 152 151 147
f 152 147 148
f 148 147 149
f 148 149 150
f 150 149 153
f 150 153 154
f 154 153 167
f 154 167 168
f 168 167 173
f 168 173 174
f 174 173 192
f 174 192 193
f 193 192 200
f 193 200 201
f 201 200 240
f 201 240 241
f 241 240 256
f 241 256 257
f 257 256 281
f 257 281 282
f 282 281 306
f 282 306 307
f 307 306 328
f 307 328 329
f 329 328 351
f 329 351 352
f 352 351 372
f 352 372 373
f 373 372 394
f 373 394 395
f 395 394 418
f 395 418 419
f 419 418 442
f 419 442 443
f 443 442 470
f 443 470 471
f 471 470 496
f 471 496 497
f 497 496 518
f 497 518 519
f 519 518 544
f 519 544 545
f 545 544 560
f 545 560 561
f 561 560 584
f 561 584 585
f 585 584 612
f 585 612 613
f 613 612 636
f 613 636 637
f 637 636 660
f 637 660 661
f 661 660 684
f 661 684 685
f 685 684 710
f 685 710 711
f 711 710 736
f 711 736 737
f 737 736 758
f 737 758 759
f 759 758 784
f 759 784 785
f 785 784 810
f 785 810 811
f 811 810 836
f 811 836 837
f 837 836 862
f 837 862 863
f 863 862 888
f 863 888 889
f 889 888 914
f 889 914 915
f 915 914 932
f 915 932 933
f 933 932 958
f 933 958 959
f 959 958 984
f 959 984 985
f 985 984 1010
f 985 1010 1011
f 1011 1010 1036
f 1011 1036 1037
f 1037 1036 1062
f 1037 1062 1063
f 1063 1062 1088
f 1063 1088 1089
f 1089 1088 1114
f 1089 1114 1115
f 1115 1114 1136
f 1115 1136 1137
f 1137 1136 1162
f 1137 1162 1163
f 1163 1162 1188
f 1163 1188 1189
f 1189 1188 1212
f 1189 1212 1213
f 1213 1212 1236
f 1213 1236 1237
f 1237 1236 1260
f 1237 1260 1261
f 1261 1260 1288
f 1261 1288 1289
f 1289 1288 1312
f 1289 1312 1313
f 1313 1312 1328
f 1313 1328 1329
f 1329 1328 1354
f 1329 1354 1355
f 1355 1354 1376
f 1355 1376 1377
f 1377 1376 1402
f 1377 1402 1403
f 1403 1402 1426
f 1403 1426 1427
f 1427 1426 1454
f 1427 1454 1455
f 1455 1454 1478
f 1455 1478 1479
f 1479 1478 1500
f 1479 1500 1501
f 1501 1500 1521
f 1501 1521 1522
f 1522 1521 1544
f 1522 1544 1545
f 1545 1544 1566
f 1545 1566 1567
f 1567 1566 1591
f 1567 1591 1592
f 1592 1591 1616
f 1592 1616 1617
f 1617 1616 1632
f 1617 1632 1633
f 1633 1632 1668
f 1633 1668 1669
f 1669 1668 1680
f 1669 1680 1681
f 1681 1680 1699
f 1681 1699 1700
f 1700 1699 1705
f 1700 1705 1706
f 1706 1705 1719
f 1706 1719 1720
f 1720 1719 1723
f 1720 1723 1724
f 1724 1723 1727
f 1724 1727 1728
f 1727 1874 1872
f 1727 1872 1725
f 1725 1872 1868
f 1725 1868 1721
f 1721 1868 1864
f 1721 1864 1707
f 1707 1864 1860
f 1707 1860 1701
f 1701 1860 1856
f 1701 1856 1682
f 1682 1856 1850
f 1682 1850 1674
f 1674 1850 1837
f 1674 1837 1634
f 1634 1837 1823
f 1634 1823 1618
f 1618 1823 1812
f 1618 1812 1593
f 1593 1812 1768
f 1593 1768 1568
f 1568 1768 1742
f 1568 1742 1546
f 1546 1742 1710
f 1546 1710 1523
f 1523 1710 1667
f 1523 1667 1502
f 1502 1667 1607
f 1502 1607 1480
f 1480 1607 1577
f 1480 1577 1456
f 1456 1577 1543
f 1456 1543 1432
f 1432 1543 1505
f 1432 1505 1404
f 1404 1505 1465
f 1404 1465 1378
f 1378 1465 1437
f 1378 1437 1356
f 1356 1437 1401
f 1356 1401 1330
f 1330 1401 1373
f 1330 1373 1314
f 1314 1373 1347
f 1314 1347 1290
f 1290 1347 1319
f 1290 1319 1262
f 1262 1319 1287
f 1262 1287 1238
f 1238 1287 1253
f 1238 1253 1214
f 1214 1253 1225
f 1214 1225 1190
f 1190 1225 1195
f 1190 1195 1164
f 1164 1195 1169
f 1164 1169 1138
f 1138 1169 1143
f 1138 1143 1116
f 1116 1143 1113
f 1116 1113 1090
f 1090 1113 1081
f 1090 1081 1064
f 1064 1081 1055
f 1064 1055 1038
f 1038 1055 1029
f 1038 1029 1012
f 1012 1029 1003
f 1012 1003 986
f 986 1003 977
f 986 977 960
f 960 977 951
f 960 951 942
f 942 951 901
f 942 901 916
f 916 901 875
f 916 875 890
f 890 875 849
f 890 849 864
f 864 849 823
f 864 823 838
f 838 823 797
f 838 797 812
f 812 797 765
f 812 765 786
f 786 765 735
f 786 735 760
f 760 735 709
f 760 709 738
f 738 709 683
f 738 683 712
f 712 683 653
f 712 653 686
f 686 653 625
f 686 625 662
f 662 625 591
f 662 591 638
f 638 591 559
f 638 559 614
f 614 559 531
f 614 531 586
f 586 531 505
f 586 505 562
f 562 505 477
f 562 477 546
f 546 477 441
f 546 441 520
f 520 441 413
f 520 413 498
f 498 413 377
f 498 377 472
f 472 377 337
f 472 337 448
f 448 337 305
f 448 305 420
f 420 305 271
f 420 271 396
f 396 271 215
f 396 215 374
f 374 215 172
f 374 172 353
f 353 172 136
f 353 136 330
f 330 136 110
f 330 110 308
f 308 110 74
f 308 74 283
f 283 74 55
f 283 55 258
f 258 55 41
f 258 41 242
f 242 41 30
f 242 30 206
f 206 30 22
f 206 22 194
f 194 22 18
f 194 18 175
f 175 18 14
f 175 14 169
f 169 14 10
f 169 10 155
f 155 10 6
f 155 6 151
f 151 6 2
f 151 2 147
f 147 2 4
f 147 4 149
f 149 4 8
f 149 8 153
f 153 8 12
f 153 12 167
f 167 12 16
f 167 16 173
f 173 16 20
f 173 20 192
f 192 20 26
f 192 26 200
f 200 26 39
f 200 39 240
f 240 39 53
f 240 53 256
f 256 53 64
f 256 64 281
f 281 64 108
f 281 108 306
f 306 108 134
f 306 134 328
f 328 134 166
f 328 166 351
f 351 166 209
f 351 209 372
f 372 209 269
f 372 269 394
f 394 269 299
f 394 299 418
f 418 299 333
f 418 333 442
f 442 333 371
f 442 371 470
f 470 371 411
f 470 411 496
f 496 411 439
f 496 439 518
f 518 439 475
f 518 475 544
f 544 475 503
f 544 503 560
f 560 503 529
f 560 529 584
f 584 529 557
f 584 557 612
f 612 557 589
f 612 589 636
f 636 589 623
f 636 623 660
f 660 623 651
f 660 651 684
f 684 651 681
f 684 681 710
f 710 681 707
f 710 707 736
f 736 707 733
f 736 733 758
f 758 733 763
f 758 763 784
f 784 763 795
f 784 795 810
f 810 795 821
f 810 821 836
f 836 821 847
f 836 847 862
f 862 847 873
f 862 873 888
f 888 873 899
f 888 899 914
f 914 899 925
f 914 925 932
f 932 925 975
f 932 975 958
f 958 975 1001
f 958 1001 984
f 984 1001 1027
f 984 1027 1010
f 1010 1027 1053
f 1010 1053 1036
f 1036 1053 1079
f 1036 1079 1062
f 1062 1079 1111
f 1062 1111 1088
f 1088 1111 1141
f 1088 1141 1114
f 1114 1141 1167
f 1114 1167 1136
f 1136 1167 1193
f 1136 1193 1162
f 1162 1193 1223
f 1162 1223 1188
f 1188 1223 1251
f 1188 1251 1212
f 1212 1251 1285
f 1212 1285 1236
f 1236 1285 1317
f 1236 1317 1260
f 1260 1317 1345
f 1260 1345 1288
f 1288 1345 1371
f 1288 1371 1312
f 1312 1371 1399
f 1312 1399 1328
f 1328 1399 1435
f 1328 1435 1354
f 1354 1435 1463
f 1354 1463 1376
f 1376 1463 1499
f 1376 1499 1402
f 1402 1499 1539
f 1402 1539 1426
f 1426 1539 1571
f 1426 1571 1454
f 1454 1571 1605
f 1454 1605 1478
f 1478 1605 1661
f 1478 1661 1500
f 1500 1661 1704
f 1500 1704 1521
f 1521 1704 1740
f 1521 1740 1544
f 1544 1740 1766
f 1544 1766 1566
f 1566 1766 1802
f 1566 1802 1591
f 1591 1802 1821
f 1591 1821 1616
f 1616 1821 1835
f 1616 1835 1632
f 1632 1835 1846
f 1632 1846 1668
f 1668 1846 1854
f 1668 1854 1680
f 1680 1854 1858
f 1680 1858 1699
f 1699 1858 1862
f 1699 1862 1705
f 1705 1862 1866
f 1705 1866 1719
f 1719 1866 1870
f 1719 1870 1723
f 1723 1870 1874
f 1723 1874 1727
f 1874 1873 1871
f 1874 1871 1872
f 1872 1871 1867
f 1872 1867 1868
f 1868 1867 1863
f 1868 1863 1864
f 1864 1863 1859
f 1864 1859 1860
f 1860 1859 1855
f 1860 1855 1856
f 1856 1855 1849
f 1856 1849 1850
f 1850 1849 1836
f 1850 1836 1837
f 1837 1836 1822
f 1837 1822 1823
f 1823 1822 1811
f 1823 1811 1812
f 1812 1811 1767
f 1812 1767 1768
f 1768 1767 1741
f 1768 1741 1742
f 1742 1741 1709
f 1742 1709 1710
f 1710 1709 1666
f 1710 1666 1667
f 1667 1666 1606
f 1667 1606 1607
f 1607 1606 1576
f 1607 1576 1577
f 1577 1576 1542
f 1577 1542 1543
f 1543 1542 1504
f 1543 1504 1505
f 1505 1504 1464
f 1505 1464 1465
f 1465 1464 1436
f 1465 1436 1437
f 1437 1436 1400
f 1437 1400 1401
f 1401 1400 1372
f 1401 1372 1373
f 1373 1372 1346
f 1373 1346 1347
f 1347 1346 1318
f 1347 1318 1319
f 1319 1318 1286
f 1319 1286 1287
f 1287 1286 1252
f 1287 1252 1253
f 1253 1252 1224
f 1253 1224 1225
f 1225 1224 1194
f 1225 1194 1195
f 1195 1194 1168
f 1195 1168 1169
f 1169 1168 1142
f 1169 1142 1143
f 1143 1142 1112
f 1143 1112 1113
f 1113 1112 1080
f 1113 1080 1081
f 1081 1080 1054
f 1081 1054 1055
f 1055 1054 1028
f 1055 1028 1029
f 1029 1028 1002
f 1029 1002 1003
f 1003 1002 976
f 1003 976 977
f 977 976 950
f 977 950 951
f 951 950 900
f 951 900 901
f 901 900 874
f 901 874 875
f 875 874 848
f 875 848 849
f 849 848 822
f 849 822 823
f 823 822 796
f 823 796 797
f 797 796 764
f 797 764 765
f 765 764 734
f 765 734 735
f 735 734 708
f 735 708 709
f 709 708 682
f 709 682 683
f 683 682 652
f 683 652 653
f 653 652 624
f 653 624 625
f 625 624 590
f 625 590 591
f 591 590 558
f 591 558 559
f 559 558 530
f 559 530 531
f 531 530 504
f 531 504 505
f 505 504 476
f 505 476 477
f 477 476 440
f 477 440 441
f 441 440 412
f 441 412 413
f 413 412 376
f 413 376 377
f 377 376 336
f 377 336 337
f 337 336 304
f 337 304 305
f 305 304 270
f 305 270 271
f 271 270 214
f 271 214 215
f 215 214 171
f 215 171 172
f 172 171 135
f 172 135 136
f 136 135 109
f 136 109 110
f 110 109 73
f 110 73 74
f 74 73 54
f 74 54 55
f 55 54 40
f 55 40 41
f 41 40 29
f 41 29 30
f 30 29 21
f 30 21 22
f 22 21 17
f 22 17 18
f 18 17 13
f 18 13 14
f 14 13 9
f 14 9 10
f 10 9 5
f 10 5 6
f 6 5 1
f 6 1 2
f 2 1 3
f 2 3 4
f 4 3 7
f 4 7 8
f 8 7 11
f 8 11 12
f 12 11 15
f 12 15 16
f 16 15 19
f 16 19 20
f 20 19 25
f 20 25 26
f 26 25 38
f 26 38 39
f 39 38 52
f 39 52 53
f 53 52 63
f 53 63 64
f 64 63 107
f 64 107 108
f 108 107 133
f 108 133 134
f 134 133 165
f 134 165 166
f 166 165 208
f 166 208 209
f 209 208 268
f 209 268 269
f 269 268 298
f 269 298 299
f 299 298 332
f 299 332 333
f 333 332 370
f 333 370 371
f 371 370 410
f 371 410 411
f 411 410 438
f 411 438 439
f 439 438 474
f 439 474 475
f 475 474 502
f 475 502 503
f 503 502 528
f 503 528 529
f 529 528 556
f 529 556 557
f 557 556 588
f 557 588 589
f 589 588 622
f 589 622 623
f 623 622 650
f 623 650 651
f 651 650 680
f 651 680 681
f 681 680 706
f 681 706 707
f 707 706 732
f 707 732 733
f 733 732 762
f 733 762 763
f 763 762 794
f 763 794 795
f 795 794 820
f 795 820 821
f 821 820 846
f 821 846 847
f 847 846 872
f 847 872 873
f 873 872 898
f 873 898 899
f 899 898 924
f 899 924 925
f 925 924 974
f 925 974 975
f 975 974 1000
f 975 1000 1001
f 1001 1000 1026
f 1001 1026 1027
f 1027 1026 1052
f 1027 1052 1053
f 1053 1052 1078
f 1053 1078 1079
f 1079 1078 1110
f 1079 1110 1111
f 1111 1110 1140
f 1111 1140 1141
f 1141 1140 1166
f 1141 1166 1167
f 1167 1166 1192
f 1167 1192 1193
f 1193 1192 1222
f 1193 1222 1223
f 1223 1222 1250
f 1223 1250 1251
f 1251 1250 1284
f 1251 1284 1285
f 1285 1284 1316
f 1285 1316 1317
f 1317 1316 1344
f 1317 1344 1345
f 1345 1344 1370
f 1345 1370 1371
f 1371 1370 1398
f 1371 1398 1399
f 1399 1398 1434
f 1399 1434 1435
f 1435 1434 1462
f 1435 1462 1463
f 1463 1462 1498
f 1463 1498 1499
f 1499 1498 1538
f 1499 1538 1539
f 1539 1538 1570
f 1539 1570 1571
f 1571 1570 1604
f 1571 1604 1605
f 1605 1604 1660
f 1605 1660 1661
f 1661 1660 1703
f 1661 1703 1704
f 1704 1703 1739
f 1704 1739 1740
f 1740 1739 1765
f 1740 1765 1766
f 1766 1765 1801
f 1766 1801 1802
f 1802 1801 1820
f 1802 1820 1821
f 1821 1820 1834
f 1821 1834 1835
f 1835 1834 1845
f 1835 1845 1846
f 1846 1845 1853
f 1846 1853 1854
f 1854 1853 1857
f 1854 1857 1858
f 1858 1857 1861
f 1858 1861 1862
f 1862 1861 1865
f 1862 1865 1866
f 1866 1865 1869
f 1866 1869 1870
f 1870 1869 1873
f 1870 1873 1874
f 1873 1844 1841
f 1873 1841 1871
f 1871 1841 1839
f 1871 1839 1867
f 1867 1839 1829
f 1867 1829 1863
f 1863 1829 1825
f 1863 1825 1859
f 1859 1825 1819
f 1859 1819 1855
f 1855 1819 1817
f 1855 1817 1849
f 1849 1817 1780
f 1849 1780 1836
f 1836 1780 1756
f 1836 1756 1822
f 1822 1756 1738
f 1822 1738 1811
f 1811 1738 1712
f 1811 1712 1767
f 1767 1712 1679
f 1767 1679 1741
f 1741 1679 1627
f 1741 1627 1709
f 1709 1627 1595
f 1709 1595 1666
f 1666 1595 1563
f 1666 1563 1606
f 1606 1563 1531
f 1606 1531 1576
f 1576 1531 1497
f 1576 1497 1542
f 1542 1497 1461
f 1542 1461 1504
f 1504 1461 1439
f 1504 1439 1464
f 1464 1439 1411
f 1464 1411 1436
f 1436 1411 1375
f 1436 1375 1400
f 1400 1375 1351
f 1400 1351 1372
f 1372 1351 1325
f 1372 1325 1346
f 1346 1325 1297
f 1346 1297 1318
f 1318 1297 1265
f 1318 1265 1286
f 1286 1265 1241
f 1286 1241 1252
f 1252 1241 1217
f 1252 1217 1224
f 1224 1217 1185
f 1224 1185 1194
f 1194 1185 1157
f 1194 1157 1168
f 1168 1157 1127
f 1168 1127 1142
f 1142 1127 1103
f 1142 1103 1112
f 1112 1103 1075
f 1112 1075 1080
f 1080 1075 1047
f 1080 1047 1054
f 1054 1047 1023
f 1054 1023 1028
f 1028 1023 999
f 1028 999 1002
f 1002 999 973
f 1002 973 976
f 976 973 947
f 976 947 950
f 950 947 903
f 950 903 900
f 900 903 877
f 900 877 874
f 874 877 853
f 874 853 848
f 848 853 829
f 848 829 822
f 822 829 801
f 822 801 796
f 796 801 773
f 796 773 764
f 764 773 749
f 764 749 734
f 734 749 721
f 734 721 708
f 708 721 691
f 708 691 682
f 682 691 659
f 682 659 652
f 652 659 635
f 652 635 624
f 624 635 611
f 624 611 590
f 590 611 579
f 590 579 558
f 558 579 551
f 558 551 530
f 530 551 525
f 530 525 504
f 504 525 501
f 504 501 476
f 476 501 469
f 476 469 440
f 440 469 437
f 440 437 412
f 412 437 415
f 412 415 376
f 376 415 387
f 376 387 336
f 336 387 345
f 336 345 304
f 304 345 313
f 304 313 270
f 270 313 285
f 270 285 214
f 214 285 249
f 214 249 171
f 171 249 199
f 171 199 135
f 135 199 164
f 135 164 109
f 109 164 138
f 109 138 73
f 73 138 120
f 73 120 54
f 54 120 96
f 54 96 40
f 40 96 59
f 40 59 29
f 29 59 57
f 29 57 21
f 21 57 51
f 21 51 17
f 17 51 47
f 17 47 13
f 13 47 37
f 13 37 9
f 9 37 35
f 9 35 5
f 5 35 31
f 5 31 1
f 1 31 34
f 1 34 3
f 3 34 36
f 3 36 7
f 7 36 46
f 7 46 11
f 11 46 50
f 11 50 15
f 15 50 56
f 15 56 19
f 19 56 58
f 19 58 25
f 25 58 95
f 25 95 38
f 38 95 119
f 38 119 52
f 52 119 137
f 52 137 63
f 63 137 163
f 63 163 107
f 107 163 196
f 107 196 133
f 133 196 248
f 133 248 165
f 165 248 280
f 165 280 208
f 208 280 312
f 208 312 268
f 268 312 344
f 268 344 298
f 298 344 378
f 298 378 332
f 332 378 414
f 332 414 370
f 370 414 436
f 370 436 410
f 410 436 464
f 410 464 438
f 438 464 500
f 438 500 474
f 474 500 524
f 474 524 502
f 502 524 550
f 502 550 528
f 528 550 578
f 528 578 556
f 556 578 610
f 556 610 588
f 588 610 634
f 588 634 622
f 622 634 658
f 622 658 650
f 650 658 690
f 650 690 680
f 680 690 718
f 680 718 706
f 706 718 748
f 706 748 732
f 732 748 772
f 732 772 762
f 762 772 800
f 762 800 794
f 794 800 828
f 794 828 820
f 820 828 852
f 820 852 846
f 846 852 876
f 846 876 872
f 872 876 902
f 872 902 898
f 898 902 928
f 898 928 924
f 924 928 972
f 924 972 974
f 974 972 998
f 974 998 1000
f 1000 998 1022
f 1000 1022 1026
f 1026 1022 1046
f 1026 1046 1052
f 1052 1046 1074
f 1052 1074 1078
f 1078 1074 1102
f 1078 1102 1110
f 1110 1102 1126
f 1110 1126 1140
f 1140 1126 1154
f 1140 1154 1166
f 1166 1154 1184
f 1166 1184 1192
f 1192 1184 1216
f 1192 1216 1222
f 1222 1216 1240
f 1222 1240 1250
f 1250 1240 1264
f 1250 1264 1284
f 1284 1264 1296
f 1284 1296 1316
f 1316 1296 1324
f 1316 1324 1344
f 1344 1324 1350
f 1344 1350 1370
f 1370 1350 1374
f 1370 1374 1398
f 1398 1374 1406
f 1398 1406 1434
f 1434 1406 1438
f 1434 1438 1462
f 1462 1438 1460
f 1462 1460 1498
f 1498 1460 1488
f 1498 1488 1538
f 1538 1488 1530
f 1538 1530 1570
f 1570 1530 1562
f 1570 1562 1604
f 1604 1562 1590
f 1604 1590 1660
f 1660 1590 1626
f 1660 1626 1703
f 1703 1626 1676
f 1703 1676 1739
f 1739 1676 1711
f 1739 1711 1765
f 1765 1711 1737
f 1765 1737 1801
f 1801 1737 1755
f 1801 1755 1820
f 1820 1755 1779
f 1820 1779 1834
f 1834 1779 1816
f 1834 1816 1845
f 1845 1816 1818
f 1845 1818 1853
f 1853 1818 1824
f 1853 1824 1857
f 1857 1824 1828
f 1857 1828 1861
f 1861 1828 1838
f 1861 1838 1865
f 1865 1838 1840
f 1865 1840 1869
f 1869 1840 1844
f 1869 1844 1873
f 1844 1671 1664
f 1844 1664 1841
f 1841 1664 1658
f 1841 1658 1839
f 1839 1658 1641
f 1839 1641 1829
f 1829 1641 1630
f 1829 1630 1825
f 1825 1630 1622
f 1825 1622 1819
f 1819 1622 1600
f 1819 1600 1817
f 1817 1600 1587
f 1817 1587 1780
f 1780 1587 1574
f 1780 1574 1756
f 1756 1574 1557
f 1756 1557 1738
f 1738 1557 1536
f 1738 1536 1712
f 1712 1536 1514
f 1712 1514 1679
f 1679 1514 1486
f 1679 1486 1627
f 1627 1486 1474
f 1627 1474 1595
f 1595 1474 1452
f 1595 1452 1563
f 1563 1452 1430
f 1563 1430 1531
f 1531 1430 1409
f 1531 1409 1497
f 1497 1409 1386
f 1497 1386 1461
f 1461 1386 1366
f 1461 1366 1439
f 1439 1366 1342
f 1439 1342 1411
f 1411 1342 1322
f 1411 1322 1375
f 1375 1322 1294
f 1375 1294 1351
f 1351 1294 1272
f 1351 1272 1325
f 1325 1272 1246
f 1325 1246 1297
f 1297 1246 1220
f 1297 1220 1265
f 1265 1220 1198
f 1265 1198 1241
f 1241 1198 1180
f 1241 1180 1217
f 1217 1180 1152
f 1217 1152 1185
f 1185 1152 1130
f 1185 1130 1157
f 1157 1130 1106
f 1157 1106 1127
f 1127 1106 1084
f 1127 1084 1103
f 1103 1084 1058
f 1103 1058 1075
f 1075 1058 1032
f 1075 1032 1047
f 1047 1032 1006
f 1047 1006 1023
f 1023 1006 980
f 1023 980 999
f 999 980 955
f 999 955 973
f 973 955 939
f 973 939 947
f 947 939 921
f 947 921 903
f 903 921 896
f 903 896 877
f 877 896 870
f 877 870 853
f 853 870 844
f 853 844 829
f 829 844 818
f 829 818 801
f 801 818 792
f 801 792 773
f 773 792 770
f 773 770 749
f 749 770 746
f 749 746 721
f 721 746 724
f 721 724 691
f 691 724 696
f 691 696 659
f 659 696 678
f 659 678 635
f 635 678 656
f 635 656 611
f 611 656 630
f 611 630 579
f 579 630 604
f 579 604 551
f 551 604 582
f 551 582 525
f 525 582 554
f 525 554 501
f 501 554 534
f 501 534 469
f 469 534 510
f 469 510 437
f 437 510 490
f 437 490 415
f 415 490 467
f 415 467 387
f 387 467 446
f 387 446 345
f 345 446 424
f 345 424 313
f 313 424 402
f 313 402 285
f 285 402 390
f 285 390 249
f 249 390 362
f 249 362 199
f 199 362 340
f 199 340 164
f 164 340 319
f 164 319 138
f 138 319 302
f 138 302 120
f 120 302 289
f 120 289 96
f 96 289 276
f 96 276 59
f 59 276 254
f 59 254 57
f 57 254 246
f 57 246 51
f 51 246 235
f 51 235 47
f 47 235 218
f 47 218 37
f 37 218 212
f 37 212 35
f 35 212 203
f 35 203 31
f 31 203 210
f 31 210 34
f 34 210 216
f 34 216 36
f 36 216 233
f 36 233 46
f 46 233 244
f 46 244 50
f 50 244 252
f 50 252 56
f 56 252 274
f 56 274 58
f 58 274 287
f 58 287 95
f 95 287 300
f 95 300 119
f 119 300 317
f 119 317 137
f 137 317 338
f 137 338 163
f 163 338 360
f 163 360 196
f 196 360 388
f 196 388 248
f 248 388 400
f 248 400 280
f 280 400 422
f 280 422 312
f 312 422 444
f 312 444 344
f 344 444 465
f 344 465 378
f 378 465 488
f 378 488 414
f 414 488 508
f 414 508 436
f 436 508 532
f 436 532 464
f 464 532 552
f 464 552 500
f 500 552 580
f 500 580 524
f 524 580 602
f 524 602 550
f 550 602 628
f 550 628 578
f 578 628 654
f 578 654 610
f 610 654 676
f 610 676 634
f 634 676 694
f 634 694 658
f 658 694 722
f 658 722 690
f 690 722 744
f 690 744 718
f 718 744 768
f 718 768 748
f 748 768 790
f 748 790 772
f 772 790 816
f 772 816 800
f 800 816 842
f 800 842 828
f 828 842 868
f 828 868 852
f 852 868 894
f 852 894 876
f 876 894 919
f 876 919 902
f 902 919 935
f 902 935 928
f 928 935 953
f 928 953 972
f 972 953 978
f 972 978 998
f 998 978 1004
f 998 1004 1022
f 1022 1004 1030
f 1022 1030 1046
f 1046 1030 1056
f 1046 1056 1074
f 1074 1056 1082
f 1074 1082 1102
f 1102 1082 1104
f 1102 1104 1126
f 1126 1104 1128
f 1126 1128 1154
f 1154 1128 1150
f 1154 1150 1184
f 1184 1150 1178
f 1184 1178 1216
f 1216 1178 1196
f 1216 1196 1240
f 1240 1196 1218
f 1240 1218 1264
f 1264 1218 1244
f 1264 1244 1296
f 1296 1244 1270
f 1296 1270 1324
f 1324 1270 1292
f 1324 1292 1350
f 1350 1292 1320
f 1350 1320 1374
f 1374 1320 1340
f 1374 1340 1406
f 1406 1340 1364
f 1406 1364 1438
f 1438 1364 1384
f 1438 1384 1460
f 1460 1384 1407
f 1460 1407 1488
f 1488 1407 1428
f 1488 1428 1530
f 1530 1428 1450
f 1530 1450 1562
f 1562 1450 1472
f 1562 1472 1590
f 1590 1472 1484
f 1590 1484 1626
f 1626 1484 1512
f 1626 1512 1676
f 1676 1512 1534
f 1676 1534 1711
f 1711 1534 1555
f 1711 1555 1737
f 1737 1555 1572
f 1737 1572 1755
f 1755 1572 1585
f 1755 1585 1779
f 1779 1585 1598
f 1779 1598 1816
f 1816 1598 1620
f 1816 1620 1818
f 1818 1620 1628
f 1818 1628 1824
f 1824 1628 1639
f 1824 1639 1828
f 1828 1639 1656
f 1828 1656 1838
f 1838 1656 1662
f 1838 1662 1840
f 1840 1662 1671
f 1840 1671 1844
f 1671 1672 1665
f 1671 1665 1664
f 1664 1665 1659
f 1664 1659 1658
f 1658 1659 1642
f 1658 1642 1641
f 1641 1642 1631
f 1641 1631 1630
f 1630 1631 1623
f 1630 1623 1622
f 1622 1623 1601
f 1622 1601 1600
f 1600 1601 1588
f 1600 1588 1587
f 1587 1588 1575
f 1587 1575 1574
f 1574 1575 1558
f 1574 1558 1557
f 1557 1558 1537
f 1557 1537 1536
f 1536 1537 1515
f 1536 1515 1514
f 1514 1515 1487
f 1514 1487 1486
f 1486 1487 1475
f 1486 1475 1474
f 1474 1475 1453
f 1474 1453 1452
f 1452 1453 1431
f 1452 1431 1430
f 1430 1431 1410
f 1430 1410 1409
f 1409 1410 1387
f 1409 1387 1386
f 1386 1387 1367
f 1386 1367 1366
f 1366 1367 1343
f 1366 1343 1342
f 1342 1343 1323
f 1342 1323 1322
f 1322 1323 1295
f 1322 1295 1294
f 1294 1295 1273
f 1294 1273 1272
f 1272 1273 1247
f 1272 1247 1246
f 1246 1247 1221
f 1246 1221 1220
f 1220 1221 1199
f 1220 1199 1198
f 1198 1199 1181
f 1198 1181 1180
f 1180 1181 1153
f 1180 1153 1152
f 1152 1153 1131
f 1152 1131 1130
f 1130 1131 1107
f 1130 1107 1106
f 1106 1107 1085
f 1106 1085 1084
f 1084 1085 1059
f 1084 1059 1058
f 1058 1059 1033
f 1058 1033 1032
f 1032 1033 1007
f 1032 1007 1006
f 1006 1007 981
f 1006 981 980
f 980 981 956
f 980 956 955
f 955 956 940
f 955 940 939
f 939 940 922
f 939 922 921
f 921 922 897
f 921 897 896
f 896 897 871
f 896 871 870
f 870 871 845
f 870 845 844
f 844 845 819
f 844 819 818
f 818 819 793
f 818 793 792
f 792 793 771
f 792 771 770
f 770 771 747
f 770 747 746
f 746 747 725
f 746 725 724
f 724 725 697
f 724 697 696
f 696 697 679
f 696 679 678
f 678 679 657
f 678 657 656
f 656 657 631
f 656 631 630
f 630 631 605
f 630 605 604
f 604 605 583
f 604 583 582
f 582 583 555
f 582 555 554
f 554 555 535
f 554 535 534
f 534 535 511
f 534 511 510
f 510 511 491
f 510 491 490
f 490 491 468
f 490 468 467
f 467 468 447
f 467 447 446
f 446 447 425
f 446 425 424
f 424 425 403
f 424 403 402
f 402 403 391
f 402 391 390
f 390 391 363
f 390 363 362
f 362 363 341
f 362 341 340
f 340 341 320
f 340 320 319
f 319 320 303
f 319 303 302
f 302 303 290
f 302 290 289
f 289 290 277
f 289 277 276
f 276 277 255
f 276 255 254
f 254 255 247
f 254 247 246
f 246 247 236
f 246 236 235
f 235 236 219
f 235 219 218
f 218 219 213
f 218 213 212
f 212 213 204
f 212 204 203
f 203 204 211
f 203 211 210
f 210 211 217
f 210 217 216
f 216 217 234
f 216 234 233
f 233 234 245
f 233 245 244
f 244 245 253
f 244 253 252
f 252 253 275
f 252 275 274
f 274 275 288
f 274 288 287
f 287 288 301
f 287 301 300
f 300 301 318
f 300 318 317
f 317 318 339
f 317 339 338
f 338 339 361
f 338 361 360
f 360 361 389
f 360 389 388
f 388 389 401
f 388 401 400
f 400 401 423
f 400 423 422
f 422 423 445
f 422 445 444
f 444 445 466
f 444 466 465
f 465 466 489
f 465 489 488
f 488 489 509
f 488 509 508
f 508 509 533
f 508 533 532
f 532 533 553
f 532 553 552
f 552 553 581
f 552 581 580
f 580 581 603
f 580 603 602
f 602 603 629
f 602 629 628
f 628 629 655
f 628 655 654
f 654 655 677
f 654 677 676
f 676 677 695
f 676 695 694
f 694 695 723
f 694 723 722
f 722 723 745
f 722 745 744
f 744 745 769
f 744 769 768
f 768 769 791
f 768 791 790
f 790 791 817
f 790 817 816
f 816 817 843
f 816 843 842
f 842 843 869
f 842 869 868
f 868 869 895
f 868 895 894
f 894 895 920
f 894 920 919
f 919 920 936
f 919 936 935
f 935 936 954
f 935 954 953
f 953 954 979
f 953 979 978
f 978 979 1005
f 978 1005 1004
f 1004 1005 1031
f 1004 1031 1030
f 1030 1031 1057
f 1030 1057 1056
f 1056 1057 1083
f 1056 1083 1082
f 1082 1083 1105
f 1082 1105 1104
f 1104 1105 1129
f 1104 1129 1128
f 1128 1129 1151
f 1128 1151 1150
f 1150 1151 1179
f 1150 1179 1178
f 1178 1179 1197
f 1178 1197 1196
f 1196 1197 1219
f 1196 1219 1218
f 1218 1219 1245
f 1218 1245 1244
f 1244 1245 1271
f 1244 1271 1270
f 1270 1271 1293
f 1270 1293 1292
f 1292 1293 1321
f 1292 1321 1320
f 1320 1321 1341
f 1320 1341 1340
f 1340 1341 1365
f 1340 1365 1364
f 1364 1365 1385
f 1364 1385 1384
f 1384 1385 1408
f 1384 1408 1407
f 1407 1408 1429
f 1407 1429 1428
f 1428 1429 1451
f 1428 1451 1450
f 1450 1451 1473
f 1450 1473 1472
f 1472 1473 1485
f 1472 1485 1484
f 1484 1485 1513
f 1484 1513 1512
f 1512 1513 1535
f 1512 1535 1534
f 1534 1535 1556
f 1534 1556 1555
f 1555 1556 1573
f 1555 1573 1572
f 1572 1573 1586
f 1572 1586 1585
f 1585 1586 1599
f 1585 1599 1598
f 1598 1599 1621
f 1598 1621 1620
f 1620 1621 1629
f 1620 1629 1628
f 1628 1629 1640
f 1628 1640 1639
f 1639 1640 1657
f 1639 1657 1656
f 1656 1657 1663
f 1656 1663 1662
f 1662 1663 1672
f 1662 1672 1671
f 1672 937 1665
f 1665 937 1659
f 1659 937 1642
f 1642 937 1631
f 1631 937 1623
f 1623 937 1601
f 1601 937 1588
f 1588 937 1575
f 1575 937 1558
f 1558 937 1537
f 1537 937 1515
f 1515 937 1487
f 1487 937 1475
f 1475 937 1453
f 1453 937 1431
f 1431 937 1410
f 1410 937 1387
f 1387 937 1367
f 1367 937 1343
f 1343 937 1323
f 1323 937 1295
f 1295 937 1273
f 1273 937 1247
f 1247 937 1221
f 1221 937 1199
f 1199 937 1181
f 1181 937 1153
f 1153 937 1131
f 1131 937 1107
f 1107 937 1085
f 1085 937 1059
f 1059 937 1033
f 1033 937 1007
f 1007 937 981
f 981 937 956
f 956 937 940
f 940 937 922
f 922 937 897
f 897 937 871
f 871 937 845
f 845 937 819
f 819 937 793
f 793 937 771
f 771 937 747
f 747 937 725
f 725 937 697
f 697 937 679
f 679 937 657
f 657 937 631
f 631 937 605
f 605 937 583
f 583 937 555
f 555 937 535
f 535 937 511
f 511 937 491
f 491 937 468
f 468 937 447
f 447 937 425
f 425 937 403
f 403 937 391
f 391 937 363
f 363 937 341
f 341 937 320
f 320 937 303
f 303 937 290
f 290 937 277
f 277 937 255
f 255 937 247
f 247 937 236
f 236 937 219
f 219 937 213
f 213 937 204
f 204 937 211
f 211 937 217
f 217 937 234
f 234 937 245
f 245 937 253
f 253 937 275
f 275 937 288
f 288 937 301
f 301 937 318
f 318 937 339
f 339 937 361
f 361 937 389
f 389 937 401
f 401 937 423
f 423 937 445
f 445 937 466
f 466 937 489
f 489 937 509
f 509 937 533
f 533 937 553
f 553 937 581
f 581 937 603
f 603 937 629
f 629 937 655
f 655 937 677
f 677 937 695
f 695 937 723
f 723 937 745
f 745 937 769
f 769 937 791
f 791 937 817
f 817 937 843
f 843 937 869
f 869 937 895
f 895 937 920
f 920 937 936
f 936 937 954
f 954 937 979
f 979 937 1005
f 1005 937 1031
f 1031 937 1057
f 1057 937 1083
f 1083 937 1105
f 1105 937 1129
f 1129 937 1151
f 1151 937 1179
f 1179 937 1197
f 1197 937 1219
f 1219 937 1245
f 1245 937 1271
f 1271 937 1293
f 1293 937 1321
f 1321 937 1341
f 1341 937 1365
f 1365 937 1385
f 1385 937 1408
f 1408 937 1429
f 1429 937 1451
f 1451 937 1473
f 1473 937 1485
f 1485 937 1513
f 1513 937 1535
f 1535 937 1556
f 1556 937 1573
f 1573 937 1586
f 1586 937 1599
f 1599 937 1621
f 1621 937 1629
f 1629 937 1640
f 1640 937 1657
f 1657 937 1663
f 1663 937 1672
