v -0.018821 0.000000 0.002823
v -0.018821 0.000000 0.060856
v -0.018780 -0.001231 0.002823
v -0.018780 -0.001231 0.060856
v -0.018780 0.001231 0.002823
v -0.018780 0.001231 0.060856
v -0.018725 0.000000 0.002092
v -0.018691 0.000000 0.061797
v -0.018684 -0.001225 0.002092
v -0.018684 0.001225 0.002092
v -0.018660 -0.002457 0.002823
v -0.018660 -0.002457 0.060856
v -0.018660 0.002457 0.002823
v -0.018660 0.002457 0.060856
v -0.018651 -0.001222 0.061797
v -0.018651 0.001222 0.061797
v -0.018564 -0.002444 0.002092
v -0.018564 0.002444 0.002092
v -0.018531 -0.002440 0.061797
v -0.018531 0.002440 0.061797
v -0.018459 -0.003672 0.002823
v -0.018459 -0.003672 0.060856
v -0.018459 0.003672 0.002823
v -0.018459 0.003672 0.060856
v -0.018442 0.000000 0.001412
v -0.018403 -0.001206 0.001412
v -0.018403 0.001206 0.001412
v -0.018365 -0.003653 0.002092
v -0.018365 0.003653 0.002092
v -0.018332 -0.003646 0.061797
v -0.018332 0.003646 0.061797
v -0.018310 0.000000 0.062738
v -0.018285 -0.002407 0.001412
v -0.018285 0.002407 0.001412
v -0.018271 -0.001198 0.062738
v -0.018271 0.001198 0.062738
v -0.018179 -0.004871 0.002823
v -0.018179 -0.004871 0.060856
v -0.018179 0.004871 0.002823
v -0.018179 0.004871 0.060856
v -0.018154 -0.002390 0.062738
v -0.018154 0.002390 0.062738
v -0.018087 -0.004846 0.002092
v -0.018088 -0.003598 0.001412
v -0.018088 0.003598 0.001412
v -0.018087 0.004846 0.002092
v -0.018054 -0.004838 0.061797
v -0.018054 0.004838 0.061797
v -0.017994 0.000000 0.000827
v -0.017958 -0.003572 0.062738
v -0.017955 -0.001177 0.000827
v -0.017955 0.001177 0.000827
v -0.017958 0.003572 0.062738
v -0.017840 -0.002349 0.000827
v -0.017840 0.002349 0.000827
v -0.017822 -0.006050 0.002823
v -0.017822 -0.006050 0.060856
v -0.017822 0.006050 0.002823
v -0.017822 0.006050 0.060856
v -0.017814 -0.004773 0.001412
v -0.017814 0.004773 0.001412
v -0.017731 -0.006019 0.002092
v -0.017731 0.006019 0.002092
v -0.017699 -0.006008 0.061797
v -0.017705 0.000000 0.063679
v -0.017699 0.006008 0.061797
v -0.017686 -0.004739 0.062738
v -0.017686 0.004739 0.062738
v -0.017667 -0.001158 0.063679
v -0.017667 0.001158 0.063679
v -0.017648 -0.003510 0.000827
v -0.017648 0.003510 0.000827
v -0.017553 -0.002311 0.063679
v -0.017553 0.002311 0.063679
v -0.017464 -0.005928 0.001412
v -0.017464 0.005928 0.001412
v -0.017409 0.000000 0.000378
v -0.017388 -0.007202 0.002823
v -0.017388 -0.007202 0.060856
v -0.017388 0.007202 0.002823
v -0.017388 0.007202 0.060856
v -0.017381 -0.004657 0.000827
v -0.017381 0.004657 0.000827
v -0.017372 -0.001139 0.000378
v -0.017372 0.001139 0.000378
v -0.017365 -0.003454 0.063679
v -0.017365 0.003454 0.063679
v -0.017339 -0.005886 0.062738
v -0.017339 0.005886 0.062738
v -0.017299 -0.007166 0.002092
v -0.017299 0.007166 0.002092
v -0.017268 -0.007153 0.061797
v -0.017268 0.007153 0.061797
v -0.017260 -0.002272 0.000378
v -0.017260 0.002272 0.000378
v -0.017101 -0.004582 0.063679
v -0.017101 0.004582 0.063679
v -0.017075 -0.003396 0.000378
v -0.017075 0.003396 0.000378
v -0.017039 -0.007058 0.001412
v -0.017039 -0.005784 0.000827
v -0.017039 0.005784 0.000827
v -0.017039 0.007058 0.001412
v -0.016916 -0.007007 0.062738
v -0.016916 0.000000 0.064620
v -0.016916 0.007007 0.062738
v -0.016880 -0.008324 0.002823
v -0.016880 -0.008324 0.060856
v -0.016879 -0.001106 0.064620
v -0.016879 0.001106 0.064620
v -0.016880 0.008324 0.002823
v -0.016880 0.008324 0.060856
v -0.016868 0.000000 0.003764
v -0.016868 0.000000 0.059684
v -0.016832 -0.001103 0.003764
v -0.016832 -0.001103 0.059684
v -0.016832 0.001103 0.003764
v -0.016832 0.001103 0.059684
v -0.016816 -0.004506 0.000378
v -0.016816 0.004506 0.000378
v -0.016799 0.000000 0.003328
v -0.016794 -0.008282 0.002092
v -0.016794 0.008282 0.002092
v -0.016765 -0.005691 0.063679
v -0.016771 -0.002208 0.064620
v -0.016771 0.002208 0.064620
v -0.016765 0.005691 0.063679
v -0.016763 -0.008267 0.061797
v -0.016763 -0.001099 0.003328
v -0.016763 0.001099 0.003328
v -0.016763 0.008267 0.061797
v -0.016737 0.000000 0.060723
v -0.016728 0.000000 0.000096
v -0.016724 -0.002202 0.003764
v -0.016724 -0.002202 0.059684
v -0.016724 0.002202 0.003764
v -0.016724 0.002202 0.059684
v -0.016701 -0.001095 0.060723
v -0.016701 0.001095 0.060723
v -0.016692 -0.001094 0.000096
v -0.016692 0.001094 0.000096
v -0.016655 -0.002193 0.003328
v -0.016655 0.002193 0.003328
v -0.016624 -0.006886 0.000827
v -0.016624 0.006886 0.000827
v -0.016598 0.000000 0.002934
v -0.016591 -0.003300 0.064620
v -0.016585 -0.002183 0.000096
v -0.016594 -0.002185 0.060723
v -0.016585 0.002183 0.000096
v -0.016594 0.002185 0.060723
v -0.016591 0.003300 0.064620
v -0.016563 -0.001086 0.002934
v -0.016563 0.001086 0.002934
v -0.016541 -0.008157 0.001412
v -0.016544 -0.003291 0.003764
v -0.016544 -0.003291 0.059684
v -0.016544 0.003291 0.003764
v -0.016544 0.003291 0.059684
v -0.016541 0.008157 0.001412
v -0.016485 -0.005596 0.000378
v -0.016485 0.005596 0.000378
v -0.016476 -0.003277 0.003328
v -0.016476 0.003277 0.003328
v -0.016456 -0.002167 0.002934
v -0.016456 0.002167 0.002934
v -0.016422 -0.008098 0.062738
v -0.016416 -0.003265 0.060723
v -0.016416 0.003265 0.060723
v -0.016422 0.008098 0.062738
v -0.016407 -0.003264 0.000096
v -0.016407 0.003264 0.000096
v -0.016357 -0.006775 0.063679
v -0.016357 0.006775 0.063679
v -0.016354 0.000000 0.061762
v -0.016339 -0.004378 0.064620
v -0.016339 0.004378 0.064620
v -0.016319 -0.001070 0.061762
v -0.016319 0.001070 0.061762
v -0.016299 -0.009410 0.002823
v -0.016299 -0.009410 0.060856
v -0.016299 0.009410 0.002823
v -0.016299 0.009410 0.060856
v -0.016293 -0.004366 0.003764
v -0.016293 -0.004366 0.059684
v -0.016286 0.000000 0.002622
v -0.016293 0.004366 0.003764
v -0.016293 0.004366 0.059684
v -0.016279 -0.003238 0.002934
v -0.016279 0.003238 0.002934
v -0.016251 -0.001065 0.002622
v -0.016251 0.001065 0.002622
v -0.016226 -0.004348 0.003328
v -0.016226 0.004348 0.003328
v -0.016216 -0.009362 0.002092
v -0.016216 0.009362 0.002092
v -0.016214 -0.002135 0.061762
v -0.016214 0.002135 0.061762
v -0.016187 -0.009345 0.061797
v -0.016187 0.009345 0.061797
v -0.016167 -0.004332 0.060723
v -0.016167 0.004332 0.060723
v -0.016158 -0.004330 0.000096
v -0.016158 0.004330 0.000096
v -0.016147 -0.002126 0.002622
v -0.016147 0.002126 0.002622
v -0.016138 -0.007958 0.000827
v -0.016138 0.007958 0.000827
v -0.016084 -0.006662 0.000378
v -0.016084 0.006662 0.000378
v -0.016040 -0.003191 0.061762
v -0.016040 0.003191 0.061762
v -0.016033 -0.004296 0.002934
v -0.016033 0.004296 0.002934
v -0.016018 -0.005437 0.064620
v -0.016018 0.005437 0.064620
v -0.015998 0.000000 0.000000
v -0.015997 0.000000 0.065561
v -0.015972 -0.009221 0.001412
v -0.015973 -0.005422 0.003764
v -0.015973 -0.005422 0.059684
v -0.015973 -0.003177 0.002622
v -0.015973 0.003177 0.002622
v -0.015973 0.005422 0.003764
v -0.015973 0.005422 0.059684
v -0.015972 0.009221 0.001412
v -0.015963 -0.001046 0.000000
v -0.015962 -0.001046 0.065561
v -0.015963 0.001046 0.000000
v -0.015962 0.001046 0.065561
v -0.015907 -0.005400 0.003328
v -0.015907 0.005400 0.003328
v -0.015893 0.000000 0.002422
v -0.015879 -0.007831 0.063679
v -0.015879 0.007831 0.063679
v -0.015857 -0.009155 0.062738
v -0.015861 -0.002088 0.000000
v -0.015860 -0.002088 0.065561
v -0.015859 -0.001039 0.002422
v -0.015859 0.001039 0.002422
v -0.015861 0.002088 0.000000
v -0.015860 0.002088 0.065561
v -0.015857 0.009155 0.062738
v -0.015849 -0.005380 0.060723
v -0.015849 0.005380 0.060723
v -0.015841 -0.005377 0.000096
v -0.015841 0.005377 0.000096
v -0.015797 -0.004233 0.061762
v -0.015797 0.004233 0.061762
v -0.015757 -0.002074 0.002422
v -0.015757 0.002074 0.002422
v -0.015745 0.000000 0.062800
v -0.015731 -0.004215 0.002622
v -0.015731 0.004215 0.002622
v -0.015717 -0.005335 0.002934
v -0.015717 0.005335 0.002934
v -0.015711 -0.001030 0.062800
v -0.015711 0.001030 0.062800
v -0.015690 -0.003121 0.000000
v -0.015689 -0.003121 0.065561
v -0.015690 0.003121 0.000000
v -0.015689 0.003121 0.065561
v -0.015649 -0.010456 0.002823
v -0.015649 -0.010456 0.060856
v -0.015649 0.010456 0.002823
v -0.015649 0.010456 0.060856
v -0.015628 -0.006473 0.064620
v -0.015628 0.006473 0.064620
v -0.015614 -0.007700 0.000378
v -0.015610 -0.002055 0.062800
v -0.015610 0.002055 0.062800
v -0.015614 0.007700 0.000378
v -0.015587 -0.003100 0.002422
v -0.015587 0.003100 0.002422
v -0.015583 -0.008997 0.000827
v -0.015584 -0.006455 0.003764
v -0.015584 -0.006455 0.059684
v -0.015584 0.006455 0.003764
v -0.015584 0.006455 0.059684
v -0.015583 0.008997 0.000827
v -0.015569 -0.010403 0.002092
v -0.015569 0.010403 0.002092
v -0.015541 -0.010384 0.061797
v -0.015541 0.010384 0.061797
v -0.015520 -0.006429 0.003328
v -0.015520 0.006429 0.003328
v -0.015486 -0.005257 0.061762
v -0.015486 0.005257 0.061762
v -0.015463 -0.006405 0.060723
v -0.015456 0.000000 0.002353
v -0.015463 0.006405 0.060723
v -0.015455 -0.006402 0.000096
v -0.015453 -0.004140 0.000000
v -0.015451 -0.004140 0.065561
v -0.015453 0.004140 0.000000
v -0.015451 0.004140 0.065561
v -0.015455 0.006402 0.000096
v -0.015442 -0.003072 0.062800
v -0.015442 0.003072 0.062800
v -0.015422 -0.005235 0.002622
v -0.015423 -0.001011 0.002353
v -0.015423 0.001011 0.002353
v -0.015422 0.005235 0.002622
v -0.015351 -0.004113 0.002422
v -0.015351 0.004113 0.002422
v -0.015334 -0.010246 0.001412
v -0.015333 -0.008852 0.063679
v -0.015335 -0.006352 0.002934
v -0.015335 0.006352 0.002934
v -0.015333 0.008852 0.063679
v -0.015334 0.010246 0.001412
v -0.015324 -0.002017 0.002353
v -0.015324 0.002017 0.002353
v -0.015224 -0.010173 0.062738
v -0.015224 0.010173 0.062738
v -0.015208 -0.004075 0.062800
v -0.015208 0.004075 0.062800
v -0.015171 -0.007482 0.064620
v -0.015171 0.007482 0.064620
v -0.015159 -0.003015 0.002353
v -0.015159 0.003015 0.002353
v -0.015149 -0.005142 0.000000
v -0.015148 -0.005142 0.065561
v -0.015149 0.005142 0.000000
v -0.015148 0.005142 0.065561
v -0.015128 -0.007460 0.003764
v -0.015128 -0.007460 0.059684
v -0.015128 0.007460 0.003764
v -0.015128 0.007460 0.059684
v -0.015109 -0.006258 0.061762
v -0.015109 0.006258 0.061762
v -0.015077 -0.008705 0.000378
v -0.015077 0.008705 0.000378
v -0.015066 -0.007430 0.003328
v -0.015066 0.007430 0.003328
v -0.015046 -0.006232 0.002622
v -0.015049 -0.005108 0.002422
v -0.015049 0.005108 0.002422
v -0.015046 0.006232 0.002622
v -0.015011 -0.007403 0.060723
v -0.015010 0.000000 0.066502
v -0.015011 0.007403 0.060723
v -0.015003 -0.007399 0.000096
v -0.014998 0.000000 0.000250
v -0.015003 0.007399 0.000096
v -0.014978 -0.000982 0.066502
v -0.014978 0.000982 0.066502
v -0.014966 -0.000981 0.000250
v -0.014966 0.000981 0.000250
v -0.014961 -0.009997 0.000827
v -0.014961 0.009997 0.000827
v -0.014951 0.000000 0.063839
v -0.014931 -0.011457 0.002823
v -0.014931 -0.011457 0.060856
v -0.014930 -0.004000 0.002353
v -0.014930 0.004000 0.002353
v -0.014931 0.011457 0.002823
v -0.014931 0.011457 0.060856
v -0.014919 -0.000978 0.063839
v -0.014919 0.000978 0.063839
v -0.014909 -0.005061 0.062800
v -0.014909 0.005061 0.062800
v -0.014887 -0.007341 0.002934
v -0.014887 0.007341 0.002934
v -0.014882 -0.001959 0.066502
v -0.014882 0.001959 0.066502
v -0.014869 -0.001958 0.000250
v -0.014869 0.001958 0.000250
v -0.014855 -0.011399 0.002092
v -0.014855 0.011399 0.002092
v -0.014828 -0.011378 0.061797
v -0.014828 0.011378 0.061797
v -0.014823 -0.001951 0.063839
v -0.014823 0.001951 0.063839
v -0.014780 -0.006122 0.000000
v -0.014779 -0.006122 0.065561
v -0.014780 0.006122 0.000000
v -0.014779 0.006122 0.065561
v -0.014721 -0.009836 0.063679
v -0.014722 -0.002928 0.066502
v -0.014722 0.002928 0.066502
v -0.014721 0.009836 0.063679
v -0.014709 -0.002926 0.000250
v -0.014709 0.002926 0.000250
v -0.014683 -0.006082 0.002422
v -0.014683 0.006082 0.002422
v -0.014668 -0.007233 0.061762
v -0.014668 0.007233 0.061762
v -0.014664 -0.002917 0.063839
v -0.014664 0.002917 0.063839
v -0.014649 -0.008458 0.064620
v -0.014649 0.008458 0.064620
v -0.014636 -0.004968 0.002353
v -0.014636 0.004968 0.002353
v -0.014631 -0.011227 0.001412
v -0.014631 0.011227 0.001412
v -0.014608 -0.008434 0.003764
v -0.014608 -0.008434 0.059684
v -0.014606 -0.007203 0.002622
v -0.014606 0.007203 0.002622
v -0.014608 0.008434 0.003764
v -0.014608 0.008434 0.059684
v -0.014548 -0.008399 0.003328
v -0.014546 -0.006025 0.062800
v -0.014546 0.006025 0.062800
v -0.014548 0.008399 0.003328
v -0.014526 -0.011147 0.062738
v -0.014526 0.011147 0.062738
v -0.014499 -0.003885 0.066502
v -0.014499 0.003885 0.066502
v -0.014495 -0.008369 0.060723
v -0.014487 -0.008364 0.000096
v -0.014487 -0.003882 0.000250
v -0.014487 0.003882 0.000250
v -0.014487 0.008364 0.000096
v -0.014495 0.008369 0.060723
v -0.014475 -0.009672 0.000378
v -0.014475 0.009672 0.000378
v -0.014456 0.000000 0.002503
v -0.014441 -0.003870 0.063839
v -0.014441 0.003870 0.063839
v -0.014425 -0.000945 0.002503
v -0.014425 0.000945 0.002503
v -0.014375 -0.008299 0.002934
v -0.014375 0.008299 0.002934
v -0.014348 -0.007076 0.000000
v -0.014347 -0.007075 0.065561
v -0.014348 0.007076 0.000000
v -0.014347 0.007075 0.065561
v -0.014333 -0.001887 0.002503
v -0.014333 0.001887 0.002503
v -0.014275 -0.010954 0.000827
v -0.014280 -0.005915 0.002353
v -0.014280 0.005915 0.002353
v -0.014275 0.010954 0.000827
v -0.014254 -0.007029 0.002422
v -0.014254 0.007029 0.002422
v -0.014214 -0.004825 0.066502
v -0.014214 0.004825 0.066502
v -0.014202 -0.004821 0.000250
v -0.014202 0.004821 0.000250
v -0.014179 -0.002820 0.002503
v -0.014179 0.002820 0.002503
v -0.014163 -0.008177 0.061762
v -0.014157 -0.004806 0.063839
v -0.014157 0.004806 0.063839
v -0.014163 0.008177 0.061762
v -0.014150 -0.012409 0.002823
v -0.014150 -0.012409 0.060856
v -0.014150 0.012409 0.002823
v -0.014150 0.012409 0.060856
v -0.014121 -0.006964 0.062800
v -0.014121 0.006964 0.062800
v -0.014104 -0.008143 0.002622
v -0.014104 0.008143 0.002622
v -0.014078 -0.012346 0.002092
v -0.014078 0.012346 0.002092
v -0.014065 -0.009398 0.064620
v -0.014065 0.009398 0.064620
v -0.014053 -0.012324 0.061797
v -0.014046 -0.010778 0.063679
v -0.014046 0.010778 0.063679
v -0.014053 0.012324 0.061797
v -0.014025 -0.009371 0.003764
v -0.014025 -0.009371 0.059684
v -0.014026 0.000000 0.064878
v -0.014025 0.009371 0.003764
v -0.014025 0.009371 0.059684
v -0.014024 0.000000 0.067443
v -0.013996 -0.000917 0.064878
v -0.013996 0.000917 0.064878
v -0.013994 -0.000917 0.067443
v -0.013994 0.000917 0.067443
v -0.013968 -0.009333 0.003328
v -0.013968 0.009333 0.003328
v -0.013964 -0.003742 0.002503
v -0.013964 0.003742 0.002503
v -0.013917 -0.009299 0.060723
v -0.013917 0.009299 0.060723
v -0.013909 -0.009294 0.000096
v -0.013906 -0.001831 0.064878
v -0.013906 0.001831 0.064878
v -0.013909 0.009294 0.000096
v -0.013904 -0.001831 0.067443
v -0.013904 0.001831 0.067443
v -0.013866 -0.012160 0.001412
v -0.013868 -0.005744 0.066502
v -0.013868 0.005744 0.066502
v -0.013866 0.012160 0.001412
v -0.013862 -0.006836 0.002353
v -0.013856 -0.005739 0.000250
v -0.013856 0.005739 0.000250
v -0.013862 0.006836 0.002353
v -0.013854 -0.007999 0.000000
v -0.013853 -0.007998 0.065561
v -0.013854 0.007999 0.000000
v -0.013853 0.007998 0.065561
v -0.013812 -0.010598 0.000378
v -0.013813 -0.005721 0.063839
v -0.013813 0.005721 0.063839
v -0.013812 0.010598 0.000378
v -0.013801 -0.009222 0.002934
v -0.013801 0.009222 0.002934
v -0.013766 -0.012073 0.062738
v -0.013766 0.012073 0.062738
v -0.013763 -0.007946 0.002422
v -0.013757 -0.002736 0.064878
v -0.013757 0.002736 0.064878
v -0.013763 0.007946 0.002422
v -0.013755 -0.002736 0.067443
v -0.013755 0.002736 0.067443
v -0.013689 -0.004647 0.002503
v -0.013689 0.004647 0.002503
v -0.013636 -0.007872 0.062800
v -0.013636 0.007872 0.062800
v -0.013598 -0.009086 0.061762
v -0.013598 0.009086 0.061762
v -0.013548 -0.003630 0.064878
v -0.013546 -0.003630 0.067443
v -0.013548 0.003630 0.064878
v -0.013546 0.003630 0.067443
v -0.013541 -0.009048 0.002622
v -0.013541 0.009048 0.002622
v -0.013528 -0.011864 0.000827
v -0.013528 0.011864 0.000827
v -0.013462 -0.006639 0.066502
v -0.013462 0.006639 0.066502
v -0.013451 -0.006633 0.000250
v -0.013451 0.006633 0.000250
v -0.013420 -0.010298 0.064620
v -0.013420 0.010298 0.064620
v -0.013409 -0.006613 0.063839
v -0.013409 0.006613 0.063839
v -0.013386 -0.007728 0.002353
v -0.013386 0.007728 0.002353
v -0.013382 -0.010269 0.003764
v -0.013382 -0.010269 0.059684
v -0.013382 0.010269 0.003764
v -0.013382 0.010269 0.059684
v -0.013356 -0.005532 0.002503
v -0.013356 0.005532 0.002503
v -0.013327 -0.010226 0.003328
v -0.013327 0.010226 0.003328
v -0.013308 -0.013308 0.002823
v -0.013308 -0.013308 0.060856
v -0.013311 -0.011674 0.063679
v -0.013311 0.011674 0.063679
v -0.013308 0.013308 0.002823
v -0.013308 0.013308 0.060856
v -0.013302 -0.008888 0.000000
v -0.013301 -0.008887 0.065561
v -0.013302 0.008888 0.000000
v -0.013301 0.008887 0.065561
v -0.013279 -0.010189 0.060723
v -0.013282 -0.004509 0.064878
v -0.013280 -0.004508 0.067443
v -0.013282 0.004509 0.064878
v -0.013280 0.004508 0.067443
v -0.013279 0.010189 0.060723
v -0.013271 -0.010184 0.000096
v -0.013271 0.010184 0.000096
v -0.013240 -0.013240 0.002092
v -0.013240 0.013240 0.002092
v -0.013216 -0.013216 0.061797
v -0.013216 0.013216 0.061797
v -0.013214 -0.008829 0.002422
v -0.013214 0.008829 0.002422
v -0.013168 -0.010104 0.002934
v -0.013168 0.010104 0.002934
v -0.013105 0.000000 0.068384
v -0.013089 -0.011479 0.000378
v -0.013091 -0.008747 0.062800
v -0.013091 0.008747 0.062800
v -0.013089 0.011479 0.000378
v -0.013077 -0.000857 0.068384
v -0.013077 0.000857 0.068384
v -0.013041 -0.013041 0.001412
v -0.013041 0.013041 0.001412
v -0.013034 0.000000 0.065916
v -0.013006 -0.000852 0.065916
v -0.013006 0.000852 0.065916
v -0.012999 -0.007505 0.066502
v -0.012999 0.007505 0.066502
v -0.012988 -0.007499 0.000250
v -0.012993 -0.001711 0.068384
v -0.012993 0.001711 0.068384
v -0.012988 0.007499 0.000250
v -0.012975 -0.009956 0.061762
v -0.012965 -0.006394 0.002503
v -0.012965 0.006394 0.002503
v -0.012975 0.009956 0.061762
v -0.012959 -0.005368 0.064878
v -0.012957 -0.005367 0.067443
v -0.012959 0.005368 0.064878
v -0.012957 0.005367 0.067443
v -0.012947 -0.012947 0.062738
v -0.012948 -0.007475 0.063839
v -0.012948 0.007475 0.063839
v -0.012947 0.012947 0.062738
v -0.012921 -0.009914 0.002622
v -0.012922 -0.001701 0.065916
v -0.012922 0.001701 0.065916
v -0.012921 0.009914 0.002622
v -0.012851 -0.008587 0.002353
v -0.012853 -0.002557 0.068384
v -0.012853 0.002557 0.068384
v -0.012851 0.008587 0.002353
v -0.012784 -0.002543 0.065916
v -0.012784 0.002543 0.065916
v -0.012724 -0.012724 0.000827
v -0.012718 -0.011153 0.064620
v -0.012718 0.011153 0.064620
v -0.012724 0.012724 0.000827
v -0.012692 -0.009739 0.000000
v -0.012691 -0.009738 0.065561
v -0.012692 0.009739 0.000000
v -0.012691 0.009738 0.065561
v -0.012682 -0.011122 0.003764
v -0.012682 -0.011122 0.059684
v -0.012682 0.011122 0.003764
v -0.012682 0.011122 0.059684
v -0.012659 -0.003392 0.068384
v -0.012659 0.003392 0.068384
v -0.012630 -0.011076 0.003328
v -0.012630 0.011076 0.003328
v -0.012608 -0.009675 0.002422
v -0.012608 0.009675 0.002422
v -0.012590 -0.003373 0.065916
v -0.012590 0.003373 0.065916
v -0.012584 -0.011036 0.060723
v -0.012577 -0.011030 0.000096
v -0.012580 -0.006204 0.064878
v -0.012578 -0.006203 0.067443
v -0.012580 0.006204 0.064878
v -0.012578 0.006203 0.067443
v -0.012577 0.011030 0.000096
v -0.012584 0.011036 0.060723
v -0.012519 -0.012519 0.063679
v -0.012520 -0.007228 0.002503
v -0.012520 0.007228 0.002503
v -0.012519 0.012519 0.063679
v -0.012491 -0.009585 0.062800
v -0.012491 0.009585 0.062800
v -0.012479 -0.010944 0.002934
v -0.012481 -0.008339 0.066502
v -0.012481 0.008339 0.066502
v -0.012479 0.010944 0.002934
v -0.012470 -0.008332 0.000250
v -0.012470 0.008332 0.000250
v -0.012450 0.000000 0.072798
v -0.012450 0.000000 0.074598
v -0.012431 -0.008306 0.063839
v -0.012431 0.008306 0.063839
v -0.012423 -0.000814 0.072798
v -0.012423 -0.000814 0.074598
v -0.012423 0.000814 0.072798
v -0.012423 0.000814 0.074598
v -0.012409 -0.014150 0.002823
v -0.012409 -0.014150 0.060856
v -0.012410 -0.004213 0.068384
v -0.012410 0.004213 0.068384
v -0.012409 0.014150 0.002823
v -0.012409 0.014150 0.060856
v -0.012346 -0.014078 0.002092
v -0.012346 0.014078 0.002092
v -0.012342 -0.004190 0.065916
v -0.012343 -0.001625 0.072798
v -0.012343 -0.001625 0.074598
v -0.012343 0.001625 0.072798
v -0.012343 0.001625 0.074598
v -0.012342 0.004190 0.065916
v -0.012324 -0.014053 0.061797
v -0.012316 0.000000 0.069325
v -0.012324 0.014053 0.061797
v -0.012310 -0.012310 0.000378
v -0.012310 0.012310 0.000378
v -0.012296 -0.010783 0.061762
v -0.012296 0.010783 0.061762
v -0.012290 -0.000806 0.069325
v -0.012290 0.000806 0.069325
v -0.012262 -0.009409 0.002353
v -0.012262 0.009409 0.002353
v -0.012244 -0.010738 0.002622
v -0.012244 0.010738 0.002622
v -0.012211 -0.002429 0.072798
v -0.012211 -0.002429 0.074598
v -0.012211 -0.001608 0.069325
v -0.012211 0.001608 0.069325
v -0.012211 0.002429 0.072798
v -0.012211 0.002429 0.074598
v -0.012200 0.000000 0.083367
v -0.012200 0.000000 0.083980
v -0.012200 0.000000 0.086117
v -0.012200 0.000000 0.086730
v -0.012160 -0.013866 0.001412
v -0.012160 0.013866 0.001412
v -0.012147 -0.007013 0.064878
v -0.012145 -0.007012 0.067443
v -0.012147 0.007013 0.064878
v -0.012145 0.007012 0.067443
v -0.012108 -0.005015 0.068384
v -0.012108 0.005015 0.068384
v -0.012096 -0.001592 0.083424
v -0.012096 -0.001592 0.084038
v -0.012096 0.001592 0.086059
v -0.012096 0.001592 0.086673
v -0.012079 -0.002403 0.069325
v -0.012079 0.002403 0.069325
v -0.012073 -0.013766 0.062738
v -0.012073 0.013766 0.062738
v -0.012054 -0.001587 0.086174
v -0.012054 -0.001587 0.086788
v -0.012054 0.001587 0.083309
v -0.012054 0.001587 0.083923
v -0.012042 -0.004988 0.065916
v -0.012042 0.000000 0.066955
v -0.012042 0.004988 0.065916
v -0.012028 -0.010548 0.000000
v -0.012027 -0.010547 0.065561
v -0.012026 -0.003222 0.072798
v -0.012026 -0.003222 0.074598
v -0.012026 0.003222 0.072798
v -0.012026 0.003222 0.074598
v -0.012028 0.010548 0.000000
v -0.012027 0.010547 0.065561
v -0.012020 -0.008032 0.002503
v -0.012016 -0.000788 0.066955
v -0.012016 0.000788 0.066955
v -0.012020 0.008032 0.002503
v -0.011961 -0.011961 0.064620
v -0.011961 0.011961 0.064620
v -0.011949 -0.010479 0.002422
v -0.011949 0.010479 0.002422
v -0.011939 -0.001572 0.066955
v -0.011939 0.001572 0.066955
v -0.011927 -0.011927 0.003764
v -0.011927 -0.011927 0.059684
v -0.011927 0.011927 0.003764
v -0.011927 0.011927 0.059684
v -0.011909 -0.009138 0.066502
v -0.011909 0.009138 0.066502
v -0.011898 -0.009130 0.000250
v -0.011896 -0.003188 0.069325
v -0.011896 0.003188 0.069325
v -0.011898 0.009130 0.000250
v -0.011879 -0.011879 0.003328
v -0.011879 0.011879 0.003328
v -0.011864 -0.013528 0.000827
v -0.011861 -0.009102 0.063839
v -0.011861 0.009102 0.063839
v -0.011864 0.013528 0.000827
v -0.011835 -0.011835 0.060723
v -0.011838 -0.010381 0.062800
v -0.011838 0.010381 0.062800
v -0.011835 0.011835 0.060723
v -0.011829 -0.011829 0.000096
v -0.011829 0.011829 0.000096
v -0.011810 -0.002349 0.066955
v -0.011810 0.002349 0.066955
v -0.011789 -0.004002 0.072798
v -0.011789 -0.004002 0.074598
v -0.011789 0.004002 0.072798
v -0.011789 0.004002 0.074598
v -0.011784 -0.003158 0.083481
v -0.011784 -0.003158 0.084095
v -0.011784 0.003158 0.086002
v -0.011784 0.003158 0.086616
v -0.011754 -0.005796 0.068384
v -0.011754 0.005796 0.068384
v -0.011737 -0.011737 0.002934
v -0.011737 0.011737 0.002934
v -0.011710 0.000000 0.070266
v -0.011704 -0.003136 0.086231
v -0.011704 -0.003136 0.086845
v -0.011704 0.003136 0.083252
v -0.011704 0.003136 0.083866
v -0.011690 -0.005765 0.065916
v -0.011685 -0.000766 0.070266
v -0.011685 0.000766 0.070266
v -0.011690 0.005765 0.065916
v -0.011674 -0.013311 0.063679
v -0.011674 0.013311 0.063679
v -0.011662 -0.007793 0.064878
v -0.011661 -0.007791 0.067443
v -0.011662 -0.003959 0.069325
v -0.011662 0.003959 0.069325
v -0.011662 0.007793 0.064878
v -0.011661 0.007791 0.067443
v -0.011631 -0.003117 0.066955
v -0.011631 0.003117 0.066955
v -0.011621 -0.010191 0.002353
v -0.011621 0.010191 0.002353
v -0.011610 -0.001529 0.070266
v -0.011610 0.001529 0.070266
v -0.011564 -0.011564 0.061762
v -0.011564 0.011564 0.061762
v -0.011516 -0.011516 0.002622
v -0.011516 0.011516 0.002622
v -0.011502 -0.004764 0.072798
v -0.011502 -0.004764 0.074598
v -0.011502 0.004764 0.072798
v -0.011502 0.004764 0.074598
v -0.011485 -0.002285 0.070266
v -0.011485 0.002285 0.070266
v -0.011479 -0.013089 0.000378
v -0.011479 0.013089 0.000378
v -0.011469 -0.008800 0.002503
v -0.011469 0.008800 0.002503
v -0.011457 -0.014931 0.002823
v -0.011457 -0.014931 0.060856
v -0.011457 0.014931 0.002823
v -0.011457 0.014931 0.060856
v -0.011399 -0.014855 0.002092
v -0.011403 -0.003871 0.066955
v -0.011403 0.003871 0.066955
v -0.011399 0.014855 0.002092
v -0.011378 -0.014828 0.061797
v -0.011379 -0.004713 0.069325
v -0.011379 0.004713 0.069325
v -0.011378 0.014828 0.061797
v -0.011349 -0.006553 0.068384
v -0.011349 0.006553 0.068384
v -0.011330 0.000000 0.071207
v -0.011312 -0.011312 0.000000
v -0.011311 -0.011311 0.065561
v -0.011311 -0.003031 0.070266
v -0.011306 -0.000741 0.071207
v -0.011306 0.000741 0.071207
v -0.011311 0.003031 0.070266
v -0.011312 0.011312 0.000000
v -0.011311 0.011311 0.065561
v -0.011285 -0.009897 0.066502
v -0.011288 -0.006517 0.065916
v -0.011288 0.006517 0.065916
v -0.011285 0.009897 0.066502
v -0.011276 -0.009889 0.000250
v -0.011276 0.009889 0.000250
v -0.011271 -0.004669 0.083538
v -0.011271 -0.004669 0.084152
v -0.011271 0.004669 0.085945
v -0.011271 0.004669 0.086558
v -0.011238 -0.011238 0.002422
v -0.011241 -0.009858 0.063839
v -0.011241 0.009858 0.063839
v -0.011238 0.011238 0.002422
v -0.011227 -0.014631 0.001412
v -0.011233 -0.001479 0.071207
v -0.011233 0.001479 0.071207
v -0.011227 0.014631 0.001412
v -0.011200 0.000000 0.072148
v -0.011200 0.000000 0.072448
v -0.011200 0.000000 0.074948
v -0.011200 0.000000 0.088898
v -0.011176 -0.000733 0.072148
v -0.011176 -0.000733 0.072448
v -0.011176 -0.000733 0.074948
v -0.011176 -0.000733 0.088898
v -0.011176 0.000733 0.072148
v -0.011176 0.000733 0.072448
v -0.011176 0.000733 0.074948
v -0.011176 0.000733 0.088898
v -0.011166 -0.005506 0.072798
v -0.011166 -0.005506 0.074598
v -0.011166 0.005506 0.072798
v -0.011166 0.005506 0.074598
v -0.011156 -0.004621 0.086288
v -0.011156 -0.004621 0.086902
v -0.011156 0.004621 0.083195
v -0.011156 0.004621 0.083808
v -0.011147 -0.014526 0.062738
v -0.011153 -0.012718 0.064620
v -0.011153 0.012718 0.064620
v -0.011147 0.014526 0.062738
v -0.011133 -0.011133 0.062800
v -0.011128 -0.008539 0.064878
v -0.011126 -0.008537 0.067443
v -0.011125 -0.004608 0.066955
v -0.011125 0.004608 0.066955
v -0.011128 0.008539 0.064878
v -0.011126 0.008537 0.067443
v -0.011133 0.011133 0.062800
v -0.011122 -0.012682 0.003764
v -0.011122 -0.012682 0.059684
v -0.011117 0.000000 0.067994
v -0.011122 0.012682 0.003764
v -0.011122 0.012682 0.059684
v -0.011112 -0.002210 0.071207
v -0.011112 0.002210 0.071207
v -0.011104 -0.001462 0.072148
v -0.011104 -0.001462 0.072448
v -0.011104 -0.001462 0.074948
v -0.011104 -0.001462 0.088898
v -0.011104 0.001462 0.072148
v -0.011104 0.001462 0.072448
v -0.011104 0.001462 0.074948
v -0.011104 0.001462 0.088898
v -0.011089 -0.003764 0.070266
v -0.011093 -0.000727 0.067994
v -0.011093 0.000727 0.067994
v -0.011089 0.003764 0.070266
v -0.011076 -0.012630 0.003328
v -0.011076 0.012630 0.003328
v -0.011046 -0.005447 0.069325
v -0.011046 0.005447 0.069325
v -0.011036 -0.012584 0.060723
v -0.011036 0.012584 0.060723
v -0.011030 -0.012577 0.000096
v -0.011030 0.012577 0.000096
v -0.011022 -0.001451 0.067994
v -0.011022 0.001451 0.067994
v -0.010985 -0.002185 0.072148
v -0.010985 -0.002185 0.072448
v -0.010985 -0.002185 0.074948
v -0.010985 -0.002185 0.088898
v -0.010985 0.002185 0.072148
v -0.010985 0.002185 0.072448
v -0.010985 0.002185 0.074948
v -0.010985 0.002185 0.088898
v -0.010954 -0.014275 0.000827
v -0.010950 0.000000 0.082821
v -0.010950 0.000000 0.084526
v -0.010950 0.000000 0.085571
v -0.010950 0.000000 0.087276
v -0.010954 0.014275 0.000827
v -0.010944 -0.012479 0.002934
v -0.010944 -0.002932 0.071207
v -0.010944 0.002932 0.071207
v -0.010944 0.012479 0.002934
v -0.010929 -0.010929 0.002353
v -0.010929 0.010929 0.002353
v -0.010897 -0.007281 0.068384
v -0.010903 -0.002169 0.067994
v -0.010903 0.002169 0.067994
v -0.010897 0.007281 0.068384
v -0.010869 -0.009532 0.002503
v -0.010869 0.009532 0.002503
v -0.010856 -0.001429 0.082878
v -0.010856 -0.001429 0.084583
v -0.010856 -0.001429 0.085628
v -0.010856 -0.001429 0.087333
v -0.010856 0.001429 0.082764
v -0.010856 0.001429 0.084469
v -0.010856 0.001429 0.085514
v -0.010856 0.001429 0.087219
v -0.010837 -0.007241 0.065916
v -0.010837 0.007241 0.065916
v -0.010819 -0.004481 0.070266
v -0.010818 -0.002899 0.072148
v -0.010818 -0.002899 0.072448
v -0.010818 -0.002899 0.074948
v -0.010818 -0.002899 0.088898
v -0.010818 0.002899 0.072148
v -0.010818 0.002899 0.072448
v -0.010818 0.002899 0.074948
v -0.010818 0.002899 0.088898
v -0.010819 0.004481 0.070266
v -0.010800 -0.005326 0.066955
v -0.010800 0.005326 0.066955
v -0.010778 -0.014046 0.063679
v -0.010783 -0.012296 0.061762
v -0.010782 -0.006225 0.072798
v -0.010782 -0.006225 0.074598
v -0.010782 0.006225 0.072798
v -0.010782 0.006225 0.074598
v -0.010783 0.012296 0.061762
v -0.010778 0.014046 0.063679
v -0.010750 0.000000 0.089398
v -0.010738 -0.012244 0.002622
v -0.010738 -0.002877 0.067994
v -0.010738 0.002877 0.067994
v -0.010738 0.012244 0.002622
v -0.010729 -0.003642 0.071207
v -0.010727 -0.000703 0.089398
v -0.010727 0.000703 0.089398
v -0.010729 0.003642 0.071207
v -0.010666 -0.006158 0.069325
v -0.010666 0.006158 0.069325
v -0.010658 -0.001403 0.089398
v -0.010658 0.001403 0.089398
v -0.010614 -0.010614 0.066502
v -0.010606 -0.003600 0.072148
v -0.010606 -0.003600 0.072448
v -0.010606 -0.003600 0.074948
v -0.010606 -0.003600 0.088898
v -0.010606 0.003600 0.072148
v -0.010606 0.003600 0.072448
v -0.010606 0.003600 0.074948
v -0.010606 0.003600 0.088898
v -0.010614 0.010614 0.066502
v -0.010598 -0.013812 0.000378
v -0.010605 -0.010605 0.000250
v -0.010605 0.010605 0.000250
v -0.010598 0.013812 0.000378
v -0.010577 -0.002834 0.082936
v -0.010577 -0.002834 0.084641
v -0.010577 -0.002834 0.085686
v -0.010577 -0.002834 0.087391
v -0.010577 0.002834 0.082706
v -0.010577 0.002834 0.084411
v -0.010577 0.002834 0.085456
v -0.010577 0.002834 0.087161
v -0.010572 -0.010572 0.063839
v -0.010566 -0.006100 0.083596
v -0.010566 -0.006100 0.084209
v -0.010566 0.006100 0.085887
v -0.010566 0.006100 0.086501
v -0.010572 0.010572 0.063839
v -0.010548 -0.012028 0.000000
v -0.010547 -0.012027 0.065561
v -0.010545 -0.009248 0.064878
v -0.010545 0.009248 0.064878
v -0.010548 0.012028 0.000000
v -0.010547 0.012027 0.065561
v -0.010544 -0.009247 0.067443
v -0.010543 -0.002097 0.089398
v -0.010543 0.002097 0.089398
v -0.010544 0.009247 0.067443
v -0.010527 -0.003573 0.067994
v -0.010527 0.003573 0.067994
v -0.010503 -0.005179 0.070266
v -0.010503 0.005179 0.070266
v -0.010479 -0.011949 0.002422
v -0.010479 0.011949 0.002422
v -0.010467 -0.004336 0.071207
v -0.010467 0.004336 0.071207
v -0.010456 -0.015649 0.002823
v -0.010456 -0.015649 0.060856
v -0.010456 0.015649 0.002823
v -0.010456 0.015649 0.060856
v -0.010428 -0.006021 0.066955
v -0.010428 0.006021 0.066955
v -0.010421 -0.006017 0.086346
v -0.010421 -0.006017 0.086959
v -0.010421 0.006017 0.083137
v -0.010421 0.006017 0.083751
v -0.010403 -0.015569 0.002092
v -0.010397 -0.007978 0.068384
v -0.010397 0.007978 0.068384
v -0.010403 0.015569 0.002092
v -0.010384 -0.015541 0.061797
v -0.010381 -0.011838 0.062800
v -0.010384 -0.002782 0.089398
v -0.010384 0.002782 0.089398
v -0.010381 0.011838 0.062800
v -0.010384 0.015541 0.061797
v -0.010352 -0.006917 0.072798
v -0.010352 -0.006917 0.074598
v -0.010347 -0.004286 0.072148
v -0.010347 -0.004286 0.072448
v -0.010347 -0.004286 0.074948
v -0.010347 -0.004286 0.088898
v -0.010347 0.004286 0.072148
v -0.010347 0.004286 0.072448
v -0.010347 0.004286 0.074948
v -0.010347 0.004286 0.088898
v -0.010352 0.006917 0.072798
v -0.010352 0.006917 0.074598
v -0.010341 -0.007935 0.065916
v -0.010341 0.007935 0.065916
v -0.010323 0.000000 0.069032
v -0.010298 -0.013420 0.064620
v -0.010301 -0.000675 0.069032
v -0.010301 0.000675 0.069032
v -0.010298 0.013420 0.064620
v -0.010269 -0.013382 0.003764
v -0.010269 -0.013382 0.059684
v -0.010271 -0.004254 0.067994
v -0.010271 0.004254 0.067994
v -0.010269 0.013382 0.003764
v -0.010269 0.013382 0.059684
v -0.010246 -0.015334 0.001412
v -0.010246 0.015334 0.001412
v -0.010240 -0.006842 0.069325
v -0.010240 0.006842 0.069325
v -0.010226 -0.013327 0.003328
v -0.010235 -0.001347 0.069032
v -0.010235 0.001347 0.069032
v -0.010226 0.013327 0.003328
v -0.010222 -0.010222 0.002503
v -0.010222 0.010222 0.002503
v -0.010189 -0.013279 0.060723
v -0.010191 -0.011621 0.002353
v -0.010191 0.011621 0.002353
v -0.010189 0.013279 0.060723
v -0.010184 -0.013271 0.000096
v -0.010179 -0.003455 0.089398
v -0.010179 0.003455 0.089398
v -0.010184 0.013271 0.000096
v -0.010173 -0.015224 0.062738
v -0.010173 0.015224 0.062738
v -0.010161 -0.005011 0.071207
v -0.010161 0.005011 0.071207
v -0.010142 -0.005855 0.070266
v -0.010142 0.005855 0.070266
v -0.010116 -0.004190 0.082993
v -0.010116 -0.004190 0.084698
v -0.010116 -0.004190 0.085743
v -0.010116 -0.004190 0.087448
v -0.010125 -0.002014 0.069032
v -0.010125 0.002014 0.069032
v -0.010116 0.004190 0.082649
v -0.010116 0.004190 0.084354
v -0.010116 0.004190 0.085399
v -0.010116 0.004190 0.087104
v -0.010104 -0.013168 0.002934
v -0.010104 0.013168 0.002934
v -0.010045 -0.004954 0.072148
v -0.010045 -0.004954 0.072448
v -0.010045 -0.004954 0.074948
v -0.010045 -0.004954 0.088898
v -0.010045 0.004954 0.072148
v -0.010045 0.004954 0.072448
v -0.010045 0.004954 0.074948
v -0.010045 0.004954 0.088898
v -0.010012 -0.006690 0.066955
v -0.010012 0.006690 0.066955
v -0.009997 -0.014961 0.000827
v -0.009997 0.014961 0.000827
v -0.009971 -0.004917 0.067994
v -0.009971 -0.002672 0.069032
v -0.009971 0.002672 0.069032
v -0.009971 0.004917 0.067994
v -0.009956 -0.012975 0.061762
v -0.009956 0.012975 0.061762
v -0.009932 -0.004114 0.089398
v -0.009932 0.004114 0.089398
v -0.009918 -0.009918 0.064878
v -0.009917 -0.009917 0.067443
v -0.009918 0.009918 0.064878
v -0.009917 0.009917 0.067443
v -0.009914 -0.012921 0.002622
v -0.009914 0.012921 0.002622
v -0.009897 -0.011285 0.066502
v -0.009897 0.011285 0.066502
v -0.009889 -0.011276 0.000250
v -0.009889 0.011276 0.000250
v -0.009877 -0.007579 0.072798
v -0.009877 -0.007579 0.074598
v -0.009877 0.007579 0.072798
v -0.009877 0.007579 0.074598
v -0.009858 -0.011241 0.063839
v -0.009858 0.011241 0.063839
v -0.009853 -0.008641 0.068384
v -0.009853 0.008641 0.068384
v -0.009836 -0.014721 0.063679
v -0.009836 0.014721 0.063679
v -0.009812 -0.005665 0.071207
v -0.009812 0.005665 0.071207
v -0.009799 -0.008594 0.065916
v -0.009799 0.008594 0.065916
v -0.009775 -0.003318 0.069032
v -0.009775 0.003318 0.069032
v -0.009771 -0.007498 0.069325
v -0.009771 0.007498 0.069325
v -0.009739 -0.012692 0.000000
v -0.009738 -0.012691 0.065561
v -0.009737 -0.006506 0.070266
v -0.009737 0.006506 0.070266
v -0.009739 0.012692 0.000000
v -0.009738 0.012691 0.065561
v -0.009714 0.000000 0.070071
v -0.009699 -0.005600 0.072148
v -0.009699 -0.005600 0.072448
v -0.009699 -0.005600 0.074948
v -0.009699 -0.005600 0.088898
v -0.009699 0.005600 0.072148
v -0.009699 0.005600 0.072448
v -0.009699 0.005600 0.074948
v -0.009699 0.005600 0.088898
v -0.009693 -0.000635 0.070071
v -0.009693 0.000635 0.070071
v -0.009679 -0.007427 0.083653
v -0.009679 -0.007427 0.084267
v -0.009679 0.007427 0.085830
v -0.009679 0.007427 0.086444
v -0.009672 -0.014475 0.000378
v -0.009675 -0.012608 0.002422
v -0.009675 0.012608 0.002422
v -0.009672 0.014475 0.000378
v -0.009641 -0.004755 0.089398
v -0.009641 0.004755 0.089398
v -0.009628 -0.005558 0.067994
v -0.009631 -0.001268 0.070071
v -0.009631 0.001268 0.070071
v -0.009628 0.005558 0.067994
v -0.009585 -0.012491 0.062800
v -0.009585 0.012491 0.062800
v -0.009553 -0.007330 0.066955
v -0.009550 0.000000 0.089398
v -0.009553 0.007330 0.066955
v -0.009537 -0.003950 0.069032
v -0.009537 0.003950 0.069032
v -0.009532 -0.010869 0.002503
v -0.009527 -0.001895 0.070071
v -0.009530 -0.000625 0.089398
v -0.009530 0.000625 0.089398
v -0.009527 0.001895 0.070071
v -0.009532 0.010869 0.002503
v -0.009514 -0.007300 0.086403
v -0.009514 -0.007300 0.087017
v -0.009514 0.007300 0.083080
v -0.009514 0.007300 0.083694
v -0.009483 -0.005475 0.083050
v -0.009483 -0.005475 0.084755
v -0.009483 -0.005475 0.085800
v -0.009483 -0.005475 0.087505
v -0.009483 0.005475 0.082592
v -0.009483 0.005475 0.084297
v -0.009483 0.005475 0.085342
v -0.009483 0.005475 0.087047
v -0.009468 -0.001247 0.089398
v -0.009468 0.001247 0.089398
v -0.009420 -0.006295 0.071207
v -0.009420 0.006295 0.071207
v -0.009410 -0.016299 0.002823
v -0.009410 -0.016299 0.060856
v -0.009409 -0.012262 0.002353
v -0.009409 0.012262 0.002353
v -0.009410 0.016299 0.002823
v -0.009410 0.016299 0.060856
v -0.009398 -0.014065 0.064620
v -0.009398 0.014065 0.064620
v -0.009383 -0.002514 0.070071
v -0.009383 0.002514 0.070071
v -0.009371 -0.014025 0.003764
v -0.009371 -0.014025 0.059684
v -0.009366 -0.001863 0.089398
v -0.009366 0.001863 0.089398
v -0.009371 0.014025 0.003764
v -0.009371 0.014025 0.059684
v -0.009362 -0.016216 0.002092
v -0.009360 -0.008209 0.072798
v -0.009360 -0.008209 0.074598
v -0.009360 0.008209 0.072798
v -0.009360 0.008209 0.074598
v -0.009362 0.016216 0.002092
v -0.009345 -0.016187 0.061797
v -0.009345 0.016187 0.061797
v -0.009333 -0.013968 0.003328
v -0.009331 0.000000 0.071110
v -0.009333 0.013968 0.003328
v -0.009312 -0.006222 0.072148
v -0.009312 -0.006222 0.072448
v -0.009312 -0.006222 0.074948
v -0.009312 -0.006222 0.088898
v -0.009310 -0.005375 0.089398
v -0.009311 -0.000610 0.071110
v -0.009311 0.000610 0.071110
v -0.009310 0.005375 0.089398
v -0.009312 0.006222 0.072148
v -0.009312 0.006222 0.072448
v -0.009312 0.006222 0.074948
v -0.009312 0.006222 0.088898
v -0.009299 -0.013917 0.060723
v -0.009299 0.013917 0.060723
v -0.009294 -0.013909 0.000096
v -0.009291 -0.007129 0.070266
v -0.009291 0.007129 0.070266
v -0.009294 0.013909 0.000096
v -0.009267 -0.009267 0.068384
v -0.009267 0.009267 0.068384
v -0.009260 -0.008121 0.069325
v -0.009258 -0.004566 0.069032
v -0.009258 0.004566 0.069032
v -0.009260 0.008121 0.069325
v -0.009248 -0.010545 0.064878
v -0.009247 -0.010544 0.067443
v -0.009251 -0.001218 0.071110
v -0.009251 0.001218 0.071110
v -0.009247 0.010544 0.067443
v -0.009248 0.010545 0.064878
v -0.009243 -0.006176 0.067994
v -0.009243 0.006176 0.067994
v -0.009221 -0.015972 0.001412
v -0.009222 -0.013801 0.002934
v -0.009216 -0.009216 0.065916
v -0.009225 -0.002472 0.089398
v -0.009225 0.002472 0.089398
v -0.009216 0.009216 0.065916
v -0.009222 0.013801 0.002934
v -0.009221 0.015972 0.001412
v -0.009198 -0.003122 0.070071
v -0.009200 0.000000 0.074101
v -0.009200 0.000000 0.089048
v -0.009198 0.003122 0.070071
v -0.009180 -0.000602 0.074101
v -0.009180 -0.000602 0.089048
v -0.009180 0.000602 0.074101
v -0.009180 0.000602 0.089048
v -0.009155 -0.015857 0.062738
v -0.009155 0.015857 0.062738
v -0.009151 -0.001820 0.071110
v -0.009151 0.001820 0.071110
v -0.009138 -0.011909 0.066502
v -0.009138 0.011909 0.066502
v -0.009130 -0.011898 0.000250
v -0.009130 0.011898 0.000250
v -0.009121 -0.001201 0.074101
v -0.009121 -0.001201 0.089048
v -0.009121 0.001201 0.074101
v -0.009121 0.001201 0.089048
v -0.009102 -0.011861 0.063839
v -0.009102 0.011861 0.063839
v -0.009086 -0.013598 0.061762
v -0.009086 0.013598 0.061762
v -0.009048 -0.013541 0.002622
v -0.009053 -0.007940 0.066955
v -0.009053 0.007940 0.066955
v -0.009048 0.013541 0.002622
v -0.009043 -0.003070 0.089398
v -0.009043 0.003070 0.089398
v -0.009023 -0.001795 0.074101
v -0.009023 -0.001795 0.089048
v -0.009023 0.001795 0.074101
v -0.009023 0.001795 0.089048
v -0.009013 -0.002415 0.071110
v -0.009013 0.002415 0.071110
v -0.008997 -0.015583 0.000827
v -0.008997 0.015583 0.000827
v -0.008989 -0.006897 0.071207
v -0.008989 0.006897 0.071207
v -0.008974 -0.003717 0.070071
v -0.008974 0.003717 0.070071
v -0.008938 -0.005972 0.089398
v -0.008940 -0.005161 0.069032
v -0.008940 0.005161 0.069032
v -0.008938 0.005972 0.089398
v -0.008888 -0.013302 0.000000
v -0.008887 -0.013301 0.065561
v -0.008886 -0.006818 0.072148
v -0.008886 -0.006818 0.072448
v -0.008886 -0.006818 0.074948
v -0.008886 -0.006818 0.088898
v -0.008887 -0.002381 0.074101
v -0.008887 -0.002381 0.089048
v -0.008887 0.002381 0.074101
v -0.008887 0.002381 0.089048
v -0.008886 0.006818 0.072148
v -0.008886 0.006818 0.072448
v -0.008886 0.006818 0.074948
v -0.008886 0.006818 0.088898
v -0.008888 0.013302 0.000000
v -0.008887 0.013301 0.065561
v -0.008852 -0.015333 0.063679
v -0.008852 0.015333 0.063679
v -0.008835 -0.002999 0.071110
v -0.008835 0.002999 0.071110
v -0.008829 -0.013214 0.002422
v -0.008829 0.013214 0.002422
v -0.008820 -0.006768 0.067994
v -0.008823 -0.003655 0.089398
v -0.008823 0.003655 0.089398
v -0.008820 0.006768 0.067994
v -0.008800 -0.011469 0.002503
v -0.008803 -0.008803 0.072798
v -0.008803 -0.008803 0.074598
v -0.008804 -0.007721 0.070266
v -0.008804 0.007721 0.070266
v -0.008803 0.008803 0.072798
v -0.008803 0.008803 0.074598
v -0.008800 0.011469 0.002503
v -0.008747 -0.013091 0.062800
v -0.008747 0.013091 0.062800
v -0.008709 -0.008709 0.069325
v -0.008712 -0.004296 0.070071
v -0.008712 -0.002957 0.074101
v -0.008712 -0.002957 0.089048
v -0.008712 0.002957 0.074101
v -0.008712 0.002957 0.089048
v -0.008712 0.004296 0.070071
v -0.008709 0.008709 0.069325
v -0.008705 -0.015077 0.000378
v -0.008705 0.015077 0.000378
v -0.008687 -0.006666 0.083107
v -0.008687 -0.006666 0.084812
v -0.008687 -0.006666 0.085857
v -0.008687 -0.006666 0.087562
v -0.008687 0.006666 0.082534
v -0.008687 0.006666 0.084239
v -0.008687 0.006666 0.085284
v -0.008687 0.006666 0.086989
v -0.008641 -0.009853 0.068384
v -0.008641 0.009853 0.068384
v -0.008627 -0.008627 0.083710
v -0.008627 -0.008627 0.084324
v -0.008627 0.008627 0.085773
v -0.008627 0.008627 0.086387
v -0.008620 -0.003571 0.071110
v -0.008620 0.003571 0.071110
v -0.008587 -0.012851 0.002353
v -0.008594 -0.009799 0.065916
v -0.008594 0.009799 0.065916
v -0.008587 0.012851 0.002353
v -0.008583 -0.005735 0.069032
v -0.008583 0.005735 0.069032
v -0.008565 -0.004224 0.089398
v -0.008565 0.004224 0.089398
v -0.008539 -0.011128 0.064878
v -0.008537 -0.011126 0.067443
v -0.008539 0.011128 0.064878
v -0.008537 0.011126 0.067443
v -0.008529 -0.006544 0.089398
v -0.008529 0.006544 0.089398
v -0.008518 -0.007470 0.071207
v -0.008518 0.007470 0.071207
v -0.008515 -0.008515 0.066955
v -0.008515 0.008515 0.066955
v -0.008500 -0.003521 0.074101
v -0.008500 -0.003521 0.089048
v -0.008500 0.003521 0.074101
v -0.008500 0.003521 0.089048
v -0.008458 -0.014649 0.064620
v -0.008458 0.014649 0.064620
v -0.008450 -0.008450 0.086460
v -0.008450 -0.008450 0.087074
v -0.008450 0.008450 0.083023
v -0.008450 0.008450 0.083637
v -0.008434 -0.014608 0.003764
v -0.008434 -0.014608 0.059684
v -0.008434 0.014608 0.003764
v -0.008434 0.014608 0.059684
v -0.008421 -0.007385 0.072148
v -0.008421 -0.007385 0.072448
v -0.008421 -0.007385 0.074948
v -0.008421 -0.007385 0.088898
v -0.008421 0.007385 0.072148
v -0.008421 0.007385 0.072448
v -0.008421 0.007385 0.074948
v -0.008421 0.007385 0.088898
v -0.008412 -0.004857 0.070071
v -0.008412 0.004857 0.070071
v -0.008399 -0.014548 0.003328
v -0.008399 0.014548 0.003328
v -0.008369 -0.014495 0.060723
v -0.008368 -0.004127 0.071110
v -0.008368 0.004127 0.071110
v -0.008369 0.014495 0.060723
v -0.008364 -0.014487 0.000096
v -0.008358 -0.007330 0.067994
v -0.008358 0.007330 0.067994
v -0.008364 0.014487 0.000096
v -0.008339 -0.012481 0.066502
v -0.008339 0.012481 0.066502
v -0.008332 -0.012470 0.000250
v -0.008332 0.012470 0.000250
v -0.008324 -0.016880 0.002823
v -0.008324 -0.016880 0.060856
v -0.008324 0.016880 0.002823
v -0.008324 0.016880 0.060856
v -0.008306 -0.012431 0.063839
v -0.008306 0.012431 0.063839
v -0.008299 -0.014375 0.002934
v -0.008299 0.014375 0.002934
v -0.008282 -0.016794 0.002092
v -0.008281 -0.008281 0.070266
v -0.008281 0.008281 0.070266
v -0.008282 0.016794 0.002092
v -0.008267 -0.016763 0.061797
v -0.008271 -0.004775 0.089398
v -0.008271 0.004775 0.089398
v -0.008267 0.016763 0.061797
v -0.008251 -0.004069 0.074101
v -0.008251 -0.004069 0.089048
v -0.008251 0.004069 0.074101
v -0.008251 0.004069 0.089048
v -0.008209 -0.009360 0.072798
v -0.008209 -0.009360 0.074598
v -0.008209 0.009360 0.072798
v -0.008209 0.009360 0.074598
v -0.008190 -0.006284 0.069032
v -0.008190 0.006284 0.069032
v -0.008177 -0.014163 0.061762
v -0.008177 0.014163 0.061762
v -0.008157 -0.016541 0.001412
v -0.008157 0.016541 0.001412
v -0.008143 -0.014104 0.002622
v -0.008143 0.014104 0.002622
v -0.008121 -0.009260 0.069325
v -0.008121 0.009260 0.069325
v -0.008098 -0.016422 0.062738
v -0.008098 0.016422 0.062738
v -0.008082 -0.007088 0.089398
v -0.008077 -0.005397 0.070071
v -0.008081 -0.004665 0.071110
v -0.008081 0.004665 0.071110
v -0.008077 0.005397 0.070071
v -0.008082 0.007088 0.089398
v -0.008032 -0.012020 0.002503
v -0.008032 0.012020 0.002503
v -0.008011 -0.008011 0.071207
v -0.008011 0.008011 0.071207
v -0.007999 -0.013854 0.000000
v -0.007998 -0.013853 0.065561
v -0.007999 0.013854 0.000000
v -0.007998 0.013853 0.065561
v -0.007978 -0.010397 0.068384
v -0.007978 0.010397 0.068384
v -0.007967 -0.004600 0.074101
v -0.007967 -0.004600 0.089048
v -0.007967 0.004600 0.074101
v -0.007967 0.004600 0.089048
v -0.007958 -0.016138 0.000827
v -0.007958 0.016138 0.000827
v -0.007946 -0.013763 0.002422
v -0.007946 0.013763 0.002422
v -0.007940 -0.009053 0.066955
v -0.007941 -0.005306 0.089398
v -0.007941 0.005306 0.089398
v -0.007940 0.009053 0.066955
v -0.007935 -0.010341 0.065916
v -0.007935 0.010341 0.065916
v -0.007920 -0.007920 0.072148
v -0.007920 -0.007920 0.072448
v -0.007920 -0.007920 0.074948
v -0.007920 -0.007920 0.088898
v -0.007920 0.007920 0.072148
v -0.007920 0.007920 0.072448
v -0.007920 0.007920 0.074948
v -0.007920 0.007920 0.088898
v -0.007872 -0.013636 0.062800
v -0.007872 0.013636 0.062800
v -0.007861 -0.007861 0.067994
v -0.007861 0.007861 0.067994
v -0.007831 -0.015879 0.063679
v -0.007831 0.015879 0.063679
v -0.007793 -0.011662 0.064878
v -0.007791 -0.011661 0.067443
v -0.007793 0.011662 0.064878
v -0.007791 0.011661 0.067443
v -0.007761 -0.006806 0.069032
v -0.007758 -0.005184 0.071110
v -0.007758 0.005184 0.071110
v -0.007761 0.006806 0.069032
v -0.007743 -0.007743 0.083165
v -0.007743 -0.007743 0.084870
v -0.007743 -0.007743 0.085915
v -0.007743 -0.007743 0.087620
v -0.007743 0.007743 0.082477
v -0.007743 0.007743 0.084182
v -0.007743 0.007743 0.085227
v -0.007743 0.007743 0.086932
v -0.007728 -0.013386 0.002353
v -0.007728 0.013386 0.002353
v -0.007721 -0.008804 0.070266
v -0.007721 0.008804 0.070266
v -0.007706 -0.005913 0.070071
v -0.007706 0.005913 0.070071
v -0.007700 -0.015614 0.000378
v -0.007700 0.015614 0.000378
v -0.007650 -0.005111 0.074101
v -0.007650 -0.005111 0.089048
v -0.007650 0.005111 0.074101
v -0.007650 0.005111 0.089048
v -0.007601 -0.007601 0.089398
v -0.007601 0.007601 0.089398
v -0.007579 -0.009877 0.072798
v -0.007579 -0.009877 0.074598
v -0.007577 -0.005814 0.089398
v -0.007577 0.005814 0.089398
v -0.007579 0.009877 0.072798
v -0.007579 0.009877 0.074598
v -0.007505 -0.012999 0.066502
v -0.007505 0.012999 0.066502
v -0.007499 -0.012988 0.000250
v -0.007498 -0.009771 0.069325
v -0.007498 0.009771 0.069325
v -0.007499 0.012988 0.000250
v -0.007482 -0.015171 0.064620
v -0.007475 -0.012948 0.063839
v -0.007475 0.012948 0.063839
v -0.007482 0.015171 0.064620
v -0.007470 -0.008518 0.071207
v -0.007470 0.008518 0.071207
v -0.007460 -0.015128 0.003764
v -0.007460 -0.015128 0.059684
v -0.007460 0.015128 0.003764
v -0.007460 0.015128 0.059684
v -0.007430 -0.015066 0.003328
v -0.007427 -0.009679 0.083768
v -0.007427 -0.009679 0.084381
v -0.007427 0.009679 0.085715
v -0.007427 0.009679 0.086329
v -0.007430 0.015066 0.003328
v -0.007403 -0.015011 0.060723
v -0.007399 -0.015003 0.000096
v -0.007402 -0.005680 0.071110
v -0.007402 0.005680 0.071110
v -0.007399 0.015003 0.000096
v -0.007403 0.015011 0.060723
v -0.007385 -0.008421 0.072148
v -0.007385 -0.008421 0.072448
v -0.007385 -0.008421 0.074948
v -0.007385 -0.008421 0.088898
v -0.007385 0.008421 0.072148
v -0.007385 0.008421 0.072448
v -0.007385 0.008421 0.074948
v -0.007385 0.008421 0.088898
v -0.007341 -0.014887 0.002934
v -0.007341 0.014887 0.002934
v -0.007330 -0.009553 0.066955
v -0.007330 -0.008358 0.067994
v -0.007330 0.008358 0.067994
v -0.007330 0.009553 0.066955
v -0.007299 -0.007299 0.069032
v -0.007303 -0.006405 0.070071
v -0.007299 -0.005601 0.074101
v -0.007299 -0.005601 0.089048
v -0.007299 0.005601 0.074101
v -0.007299 0.005601 0.089048
v -0.007303 0.006405 0.070071
v -0.007299 0.007299 0.069032
v -0.007281 -0.010897 0.068384
v -0.007281 0.010897 0.068384
v -0.007249 -0.009448 0.086518
v -0.007249 -0.009448 0.087131
v -0.007249 0.009448 0.082965
v -0.007249 0.009448 0.083579
v -0.007241 -0.010837 0.065916
v -0.007241 0.010837 0.065916
v -0.007233 -0.014668 0.061762
v -0.007228 -0.012520 0.002503
v -0.007228 0.012520 0.002503
v -0.007233 0.014668 0.061762
v -0.007202 -0.017388 0.002823
v -0.007202 -0.017388 0.060856
v -0.007203 -0.014606 0.002622
v -0.007203 0.014606 0.002622
v -0.007202 0.017388 0.002823
v -0.007202 0.017388 0.060856
v -0.007180 -0.006297 0.089398
v -0.007180 0.006297 0.089398
v -0.007166 -0.017299 0.002092
v -0.007166 0.017299 0.002092
v -0.007153 -0.017268 0.061797
v -0.007153 0.017268 0.061797
v -0.007129 -0.009291 0.070266
v -0.007129 0.009291 0.070266
v -0.007088 -0.008082 0.089398
v -0.007088 0.008082 0.089398
v -0.007076 -0.014348 0.000000
v -0.007075 -0.014347 0.065561
v -0.007076 0.014348 0.000000
v -0.007075 0.014347 0.065561
v -0.007058 -0.017039 0.001412
v -0.007058 0.017039 0.001412
v -0.007029 -0.014254 0.002422
v -0.007029 0.014254 0.002422
v -0.007015 -0.006152 0.071110
v -0.007015 0.006152 0.071110
v -0.007007 -0.016916 0.062738
v -0.007013 -0.012147 0.064878
v -0.007012 -0.012145 0.067443
v -0.007013 0.012147 0.064878
v -0.007012 0.012145 0.067443
v -0.007007 0.016916 0.062738
v -0.006964 -0.014121 0.062800
v -0.006964 0.014121 0.062800
v -0.006917 -0.010352 0.072798
v -0.006917 -0.010352 0.074598
v -0.006917 -0.006066 0.074101
v -0.006917 -0.006066 0.089048
v -0.006917 0.006066 0.074101
v -0.006917 0.006066 0.089048
v -0.006917 0.010352 0.072798
v -0.006917 0.010352 0.074598
v -0.006897 -0.008989 0.071207
v -0.006897 0.008989 0.071207
v -0.006886 -0.016624 0.000827
v -0.006886 0.016624 0.000827
v -0.006869 -0.006869 0.070071
v -0.006869 0.006869 0.070071
v -0.006836 -0.013862 0.002353
v -0.006842 -0.010240 0.069325
v -0.006842 0.010240 0.069325
v -0.006836 0.013862 0.002353
v -0.006818 -0.008886 0.072148
v -0.006818 -0.008886 0.072448
v -0.006818 -0.008886 0.074948
v -0.006818 -0.008886 0.088898
v -0.006818 0.008886 0.072148
v -0.006818 0.008886 0.072448
v -0.006818 0.008886 0.074948
v -0.006818 0.008886 0.088898
v -0.006806 -0.007761 0.069032
v -0.006806 0.007761 0.069032
v -0.006775 -0.016357 0.063679
v -0.006775 0.016357 0.063679
v -0.006768 -0.008820 0.067994
v -0.006768 0.008820 0.067994
v -0.006753 -0.006753 0.089398
v -0.006753 0.006753 0.089398
v -0.006690 -0.010012 0.066955
v -0.006690 0.010012 0.066955
v -0.006666 -0.008687 0.083222
v -0.006666 -0.008687 0.084927
v -0.006666 -0.008687 0.085972
v -0.006666 -0.008687 0.087677
v -0.006666 0.008687 0.082420
v -0.006666 0.008687 0.084125
v -0.006666 0.008687 0.085170
v -0.006666 0.008687 0.086875
v -0.006662 -0.016084 0.000378
v -0.006662 0.016084 0.000378
v -0.006639 -0.013462 0.066502
v -0.006639 0.013462 0.066502
v -0.006633 -0.013451 0.000250
v -0.006633 0.013451 0.000250
v -0.006613 -0.013409 0.063839
v -0.006613 0.013409 0.063839
v -0.006598 -0.006598 0.071110
v -0.006598 0.006598 0.071110
v -0.006553 -0.011349 0.068384
v -0.006553 0.011349 0.068384
v -0.006544 -0.008529 0.089398
v -0.006544 0.008529 0.089398
v -0.006517 -0.011288 0.065916
v -0.006517 0.011288 0.065916
v -0.006506 -0.009737 0.070266
v -0.006505 -0.006505 0.074101
v -0.006505 -0.006505 0.089048
v -0.006505 0.006505 0.074101
v -0.006505 0.006505 0.089048
v -0.006506 0.009737 0.070266
v -0.006473 -0.015628 0.064620
v -0.006473 0.015628 0.064620
v -0.006455 -0.015584 0.003764
v -0.006455 -0.015584 0.059684
v -0.006455 0.015584 0.003764
v -0.006455 0.015584 0.059684
v -0.006429 -0.015520 0.003328
v -0.006429 0.015520 0.003328
v -0.006405 -0.015463 0.060723
v -0.006405 0.015463 0.060723
v -0.006402 -0.015455 0.000096
v -0.006405 -0.007303 0.070071
v -0.006405 0.007303 0.070071
v -0.006402 0.015455 0.000096
v -0.006394 -0.012965 0.002503
v -0.006394 0.012965 0.002503
v -0.006352 -0.015335 0.002934
v -0.006352 0.015335 0.002934
v -0.006297 -0.007180 0.089398
v -0.006297 0.007180 0.089398
v -0.006295 -0.009420 0.071207
v -0.006295 0.009420 0.071207
v -0.006284 -0.008190 0.069032
v -0.006284 0.008190 0.069032
v -0.006258 -0.015109 0.061762
v -0.006258 0.015109 0.061762
v -0.006232 -0.015046 0.002622
v -0.006225 -0.010782 0.072798
v -0.006225 -0.010782 0.074598
v -0.006225 0.010782 0.072798
v -0.006225 0.010782 0.074598
v -0.006232 0.015046 0.002622
v -0.006222 -0.009312 0.072148
v -0.006222 -0.009312 0.072448
v -0.006222 -0.009312 0.074948
v -0.006222 -0.009312 0.088898
v -0.006222 0.009312 0.072148
v -0.006222 0.009312 0.072448
v -0.006222 0.009312 0.074948
v -0.006222 0.009312 0.088898
v -0.006204 -0.012580 0.064878
v -0.006203 -0.012578 0.067443
v -0.006204 0.012580 0.064878
v -0.006203 0.012578 0.067443
v -0.006176 -0.009243 0.067994
v -0.006176 0.009243 0.067994
v -0.006158 -0.010666 0.069325
v -0.006158 0.010666 0.069325
v -0.006152 -0.007015 0.071110
v -0.006152 0.007015 0.071110
v -0.006122 -0.014780 0.000000
v -0.006122 -0.014779 0.065561
v -0.006122 0.014780 0.000000
v -0.006122 0.014779 0.065561
v -0.006100 -0.010566 0.083825
v -0.006100 -0.010566 0.084439
v -0.006100 0.010566 0.085658
v -0.006100 0.010566 0.086272
v -0.006082 -0.014683 0.002422
v -0.006082 0.014683 0.002422
v -0.006066 -0.006917 0.074101
v -0.006066 -0.006917 0.089048
v -0.006066 0.006917 0.074101
v -0.006066 0.006917 0.089048
v -0.006050 -0.017822 0.002823
v -0.006050 -0.017822 0.060856
v -0.006050 0.017822 0.002823
v -0.006050 0.017822 0.060856
v -0.006025 -0.014546 0.062800
v -0.006025 0.014546 0.062800
v -0.006019 -0.017731 0.002092
v -0.006021 -0.010428 0.066955
v -0.006021 0.010428 0.066955
v -0.006019 0.017731 0.002092
v -0.006008 -0.017699 0.061797
v -0.006008 0.017699 0.061797
v -0.005972 -0.008938 0.089398
v -0.005972 0.008938 0.089398
v -0.005928 -0.017464 0.001412
v -0.005933 -0.010277 0.086575
v -0.005933 -0.010277 0.087189
v -0.005933 0.010277 0.082908
v -0.005933 0.010277 0.083522
v -0.005928 0.017464 0.001412
v -0.005915 -0.014280 0.002353
v -0.005913 -0.007706 0.070071
v -0.005913 0.007706 0.070071
v -0.005915 0.014280 0.002353
v -0.005886 -0.017339 0.062738
v -0.005886 0.017339 0.062738
v -0.005855 -0.010142 0.070266
v -0.005855 0.010142 0.070266
v -0.005814 -0.007577 0.089398
v -0.005814 0.007577 0.089398
v -0.005796 -0.011754 0.068384
v -0.005796 0.011754 0.068384
v -0.005784 -0.017039 0.000827
v -0.005784 0.017039 0.000827
v -0.005765 -0.011690 0.065916
v -0.005765 0.011690 0.065916
v -0.005744 -0.013868 0.066502
v -0.005739 -0.013856 0.000250
v -0.005735 -0.008583 0.069032
v -0.005735 0.008583 0.069032
v -0.005739 0.013856 0.000250
v -0.005744 0.013868 0.066502
v -0.005721 -0.013813 0.063839
v -0.005721 0.013813 0.063839
v -0.005691 -0.016765 0.063679
v -0.005691 0.016765 0.063679
v -0.005680 -0.007402 0.071110
v -0.005680 0.007402 0.071110
v -0.005665 -0.009812 0.071207
v -0.005665 0.009812 0.071207
v -0.005596 -0.016485 0.000378
v -0.005600 -0.009699 0.072148
v -0.005600 -0.009699 0.072448
v -0.005600 -0.009699 0.074948
v -0.005600 -0.009699 0.088898
v -0.005601 -0.007299 0.074101
v -0.005601 -0.007299 0.089048
v -0.005601 0.007299 0.074101
v -0.005601 0.007299 0.089048
v -0.005600 0.009699 0.072148
v -0.005600 0.009699 0.072448
v -0.005600 0.009699 0.074948
v -0.005600 0.009699 0.088898
v -0.005596 0.016485 0.000378
v -0.005558 -0.009628 0.067994
v -0.005558 0.009628 0.067994
v -0.005532 -0.013356 0.002503
v -0.005532 0.013356 0.002503
v -0.005506 -0.011166 0.072798
v -0.005506 -0.011166 0.074598
v -0.005506 0.011166 0.072798
v -0.005506 0.011166 0.074598
v -0.005475 -0.009483 0.083279
v -0.005475 -0.009483 0.084984
v -0.005475 -0.009483 0.086029
v -0.005475 -0.009483 0.087734
v -0.005475 0.009483 0.082363
v -0.005475 0.009483 0.084068
v -0.005475 0.009483 0.085113
v -0.005475 0.009483 0.086818
v -0.005447 -0.011046 0.069325
v -0.005447 0.011046 0.069325
v -0.005437 -0.016018 0.064620
v -0.005437 0.016018 0.064620
v -0.005422 -0.015973 0.003764
v -0.005422 -0.015973 0.059684
v -0.005422 0.015973 0.003764
v -0.005422 0.015973 0.059684
v -0.005400 -0.015907 0.003328
v -0.005397 -0.008077 0.070071
v -0.005397 0.008077 0.070071
v -0.005400 0.015907 0.003328
v -0.005380 -0.015849 0.060723
v -0.005377 -0.015841 0.000096
v -0.005375 -0.009310 0.089398
v -0.005375 0.009310 0.089398
v -0.005377 0.015841 0.000096
v -0.005380 0.015849 0.060723
v -0.005368 -0.012959 0.064878
v -0.005367 -0.012957 0.067443
v -0.005368 0.012959 0.064878
v -0.005367 0.012957 0.067443
v -0.005335 -0.015717 0.002934
v -0.005335 0.015717 0.002934
v -0.005326 -0.010800 0.066955
v -0.005326 0.010800 0.066955
v -0.005306 -0.007941 0.089398
v -0.005306 0.007941 0.089398
v -0.005257 -0.015486 0.061762
v -0.005257 0.015486 0.061762
v -0.005235 -0.015422 0.002622
v -0.005235 0.015422 0.002622
v -0.005179 -0.010503 0.070266
v -0.005184 -0.007758 0.071110
v -0.005184 0.007758 0.071110
v -0.005179 0.010503 0.070266
v -0.005161 -0.008940 0.069032
v -0.005161 0.008940 0.069032
v -0.005142 -0.015149 0.000000
v -0.005142 -0.015148 0.065561
v -0.005142 0.015149 0.000000
v -0.005142 0.015148 0.065561
v -0.005108 -0.015049 0.002422
v -0.005111 -0.007650 0.074101
v -0.005111 -0.007650 0.089048
v -0.005111 0.007650 0.074101
v -0.005111 0.007650 0.089048
v -0.005108 0.015049 0.002422
v -0.005061 -0.014909 0.062800
v -0.005061 0.014909 0.062800
v -0.005015 -0.012108 0.068384
v -0.005015 0.012108 0.068384
v -0.005011 -0.010161 0.071207
v -0.005011 0.010161 0.071207
v -0.004988 -0.012042 0.065916
v -0.004988 0.012042 0.065916
v -0.004968 -0.014636 0.002353
v -0.004968 0.014636 0.002353
v -0.004954 -0.010045 0.072148
v -0.004954 -0.010045 0.072448
v -0.004954 -0.010045 0.074948
v -0.004954 -0.010045 0.088898
v -0.004954 0.010045 0.072148
v -0.004954 0.010045 0.072448
v -0.004954 0.010045 0.074948
v -0.004954 0.010045 0.088898
v -0.004917 -0.009971 0.067994
v -0.004917 0.009971 0.067994
v -0.004871 -0.018179 0.002823
v -0.004871 -0.018179 0.060856
v -0.004871 0.018179 0.002823
v -0.004871 0.018179 0.060856
v -0.004857 -0.008412 0.070071
v -0.004857 0.008412 0.070071
v -0.004846 -0.018087 0.002092
v -0.004846 0.018087 0.002092
v -0.004838 -0.018054 0.061797
v -0.004838 0.018054 0.061797
v -0.004825 -0.014214 0.066502
v -0.004821 -0.014202 0.000250
v -0.004821 0.014202 0.000250
v -0.004825 0.014214 0.066502
v -0.004806 -0.014157 0.063839
v -0.004806 0.014157 0.063839
v -0.004773 -0.017814 0.001412
v -0.004775 -0.008271 0.089398
v -0.004775 0.008271 0.089398
v -0.004773 0.017814 0.001412
v -0.004764 -0.011502 0.072798
v -0.004764 -0.011502 0.074598
v -0.004764 0.011502 0.072798
v -0.004764 0.011502 0.074598
v -0.004755 -0.009641 0.089398
v -0.004755 0.009641 0.089398
v -0.004739 -0.017686 0.062738
v -0.004739 0.017686 0.062738
v -0.004713 -0.011379 0.069325
v -0.004713 0.011379 0.069325
v -0.004669 -0.011271 0.083882
v -0.004669 -0.011271 0.084496
v -0.004665 -0.008081 0.071110
v -0.004665 0.008081 0.071110
v -0.004669 0.011271 0.085601
v -0.004669 0.011271 0.086215
v -0.004657 -0.017381 0.000827
v -0.004657 0.017381 0.000827
v -0.004647 -0.013689 0.002503
v -0.004647 0.013689 0.002503
v -0.004608 -0.011125 0.066955
v -0.004608 0.011125 0.066955
v -0.004600 -0.007967 0.074101
v -0.004600 -0.007967 0.089048
v -0.004600 0.007967 0.074101
v -0.004600 0.007967 0.089048
v -0.004582 -0.017101 0.063679
v -0.004582 0.017101 0.063679
v -0.004566 -0.009258 0.069032
v -0.004566 0.009258 0.069032
v -0.004525 -0.010925 0.086632
v -0.004525 -0.010925 0.087246
v -0.004525 0.010925 0.082851
v -0.004525 0.010925 0.083465
v -0.004506 -0.016816 0.000378
v -0.004509 -0.013282 0.064878
v -0.004508 -0.013280 0.067443
v -0.004509 0.013282 0.064878
v -0.004508 0.013280 0.067443
v -0.004506 0.016816 0.000378
v -0.004481 -0.010819 0.070266
v -0.004481 0.010819 0.070266
v -0.004378 -0.016339 0.064620
v -0.004378 0.016339 0.064620
v -0.004366 -0.016293 0.003764
v -0.004366 -0.016293 0.059684
v -0.004366 0.016293 0.003764
v -0.004366 0.016293 0.059684
v -0.004348 -0.016226 0.003328
v -0.004348 0.016226 0.003328
v -0.004336 -0.010467 0.071207
v -0.004336 0.010467 0.071207
v -0.004332 -0.016167 0.060723
v -0.004330 -0.016158 0.000096
v -0.004330 0.016158 0.000096
v -0.004332 0.016167 0.060723
v -0.004296 -0.016033 0.002934
v -0.004296 -0.008712 0.070071
v -0.004296 0.008712 0.070071
v -0.004296 0.016033 0.002934
v -0.004286 -0.010347 0.072148
v -0.004286 -0.010347 0.072448
v -0.004286 -0.010347 0.074948
v -0.004286 -0.010347 0.088898
v -0.004286 0.010347 0.072148
v -0.004286 0.010347 0.072448
v -0.004286 0.010347 0.074948
v -0.004286 0.010347 0.088898
v -0.004254 -0.010271 0.067994
v -0.004254 0.010271 0.067994
v -0.004233 -0.015797 0.061762
v -0.004233 0.015797 0.061762
v -0.004215 -0.015731 0.002622
v -0.004224 -0.008565 0.089398
v -0.004224 0.008565 0.089398
v -0.004215 0.015731 0.002622
v -0.004213 -0.012410 0.068384
v -0.004213 0.012410 0.068384
v -0.004190 -0.012342 0.065916
v -0.004190 -0.010116 0.083337
v -0.004190 -0.010116 0.085042
v -0.004190 -0.010116 0.086087
v -0.004190 -0.010116 0.087792
v -0.004190 0.010116 0.082305
v -0.004190 0.010116 0.084010
v -0.004190 0.010116 0.085055
v -0.004190 0.010116 0.086760
v -0.004190 0.012342 0.065916
v -0.004140 -0.015453 0.000000
v -0.004140 -0.015451 0.065561
v -0.004140 0.015453 0.000000
v -0.004140 0.015451 0.065561
v -0.004127 -0.008368 0.071110
v -0.004127 0.008368 0.071110
v -0.004113 -0.015351 0.002422
v -0.004114 -0.009932 0.089398
v -0.004114 0.009932 0.089398
v -0.004113 0.015351 0.002422
v -0.004075 -0.015208 0.062800
v -0.004075 0.015208 0.062800
v -0.004069 -0.008251 0.074101
v -0.004069 -0.008251 0.089048
v -0.004069 0.008251 0.074101
v -0.004069 0.008251 0.089048
v -0.004000 -0.014930 0.002353
v -0.004002 -0.011789 0.072798
v -0.004002 -0.011789 0.074598
v -0.004002 0.011789 0.072798
v -0.004002 0.011789 0.074598
v -0.004000 0.014930 0.002353
v -0.003959 -0.011662 0.069325
v -0.003959 0.011662 0.069325
v -0.003950 -0.009537 0.069032
v -0.003950 0.009537 0.069032
v -0.003885 -0.014499 0.066502
v -0.003882 -0.014487 0.000250
v -0.003882 0.014487 0.000250
v -0.003885 0.014499 0.066502
v -0.003870 -0.014441 0.063839
v -0.003871 -0.011403 0.066955
v -0.003871 0.011403 0.066955
v -0.003870 0.014441 0.063839
v -0.003764 -0.011089 0.070266
v -0.003764 0.011089 0.070266
v -0.003742 -0.013964 0.002503
v -0.003742 0.013964 0.002503
v -0.003717 -0.008974 0.070071
v -0.003717 0.008974 0.070071
v -0.003672 -0.018459 0.002823
v -0.003672 -0.018459 0.060856
v -0.003672 0.018459 0.002823
v -0.003672 0.018459 0.060856
v -0.003653 -0.018365 0.002092
v -0.003646 -0.018332 0.061797
v -0.003655 -0.008823 0.089398
v -0.003655 0.008823 0.089398
v -0.003646 0.018332 0.061797
v -0.003653 0.018365 0.002092
v -0.003642 -0.010729 0.071207
v -0.003642 0.010729 0.071207
v -0.003630 -0.013548 0.064878
v -0.003630 -0.013546 0.067443
v -0.003630 0.013548 0.064878
v -0.003630 0.013546 0.067443
v -0.003598 -0.018088 0.001412
v -0.003600 -0.010606 0.072148
v -0.003600 -0.010606 0.072448
v -0.003600 -0.010606 0.074948
v -0.003600 -0.010606 0.088898
v -0.003600 0.010606 0.072148
v -0.003600 0.010606 0.072448
v -0.003600 0.010606 0.074948
v -0.003600 0.010606 0.088898
v -0.003598 0.018088 0.001412
v -0.003572 -0.017958 0.062738
v -0.003573 -0.010527 0.067994
v -0.003571 -0.008620 0.071110
v -0.003571 0.008620 0.071110
v -0.003573 0.010527 0.067994
v -0.003572 0.017958 0.062738
v -0.003521 -0.008500 0.074101
v -0.003521 -0.008500 0.089048
v -0.003521 0.008500 0.074101
v -0.003521 0.008500 0.089048
v -0.003510 -0.017648 0.000827
v -0.003510 0.017648 0.000827
v -0.003455 -0.010179 0.089398
v -0.003455 0.010179 0.089398
v -0.003454 -0.017365 0.063679
v -0.003454 0.017365 0.063679
v -0.003396 -0.017075 0.000378
v -0.003396 0.017075 0.000378
v -0.003392 -0.012659 0.068384
v -0.003392 0.012659 0.068384
v -0.003373 -0.012590 0.065916
v -0.003373 0.012590 0.065916
v -0.003318 -0.009775 0.069032
v -0.003318 0.009775 0.069032
v -0.003300 -0.016591 0.064620
v -0.003300 0.016591 0.064620
v -0.003291 -0.016544 0.003764
v -0.003291 -0.016544 0.059684
v -0.003291 0.016544 0.003764
v -0.003291 0.016544 0.059684
v -0.003277 -0.016476 0.003328
v -0.003277 0.016476 0.003328
v -0.003265 -0.016416 0.060723
v -0.003265 0.016416 0.060723
v -0.003264 -0.016407 0.000096
v -0.003264 0.016407 0.000096
v -0.003238 -0.016279 0.002934
v -0.003238 0.016279 0.002934
v -0.003222 -0.012026 0.072798
v -0.003222 -0.012026 0.074598
v -0.003222 0.012026 0.072798
v -0.003222 0.012026 0.074598
v -0.003191 -0.016040 0.061762
v -0.003188 -0.011896 0.069325
v -0.003188 0.011896 0.069325
v -0.003191 0.016040 0.061762
v -0.003177 -0.015973 0.002622
v -0.003177 0.015973 0.002622
v -0.003158 -0.011784 0.083939
v -0.003158 -0.011784 0.084553
v -0.003158 0.011784 0.085544
v -0.003158 0.011784 0.086157
v -0.003121 -0.015690 0.000000
v -0.003121 -0.015689 0.065561
v -0.003117 -0.011631 0.066955
v -0.003122 -0.009198 0.070071
v -0.003122 0.009198 0.070071
v -0.003117 0.011631 0.066955
v -0.003121 0.015690 0.000000
v -0.003121 0.015689 0.065561
v -0.003100 -0.015587 0.002422
v -0.003100 0.015587 0.002422
v -0.003072 -0.015442 0.062800
v -0.003070 -0.009043 0.089398
v -0.003070 0.009043 0.089398
v -0.003072 0.015442 0.062800
v -0.003050 -0.011382 0.086689
v -0.003050 -0.011382 0.087303
v -0.003050 0.011382 0.082794
v -0.003050 0.011382 0.083407
v -0.003031 -0.011311 0.070266
v -0.003031 0.011311 0.070266
v -0.003015 -0.015159 0.002353
v -0.003015 0.015159 0.002353
v -0.002999 -0.008835 0.071110
v -0.002999 0.008835 0.071110
v -0.002957 -0.008712 0.074101
v -0.002957 -0.008712 0.089048
v -0.002957 0.008712 0.074101
v -0.002957 0.008712 0.089048
v -0.002928 -0.014722 0.066502
v -0.002926 -0.014709 0.000250
v -0.002932 -0.010944 0.071207
v -0.002932 0.010944 0.071207
v -0.002926 0.014709 0.000250
v -0.002928 0.014722 0.066502
v -0.002917 -0.014664 0.063839
v -0.002917 0.014664 0.063839
v -0.002899 -0.010818 0.072148
v -0.002899 -0.010818 0.072448
v -0.002899 -0.010818 0.074948
v -0.002899 -0.010818 0.088898
v -0.002899 0.010818 0.072148
v -0.002899 0.010818 0.072448
v -0.002899 0.010818 0.074948
v -0.002899 0.010818 0.088898
v -0.002877 -0.010738 0.067994
v -0.002877 0.010738 0.067994
v -0.002834 -0.010577 0.083394
v -0.002834 -0.010577 0.085099
v -0.002834 -0.010577 0.086144
v -0.002834 -0.010577 0.087849
v -0.002834 0.010577 0.082248
v -0.002834 0.010577 0.083953
v -0.002834 0.010577 0.084998
v -0.002834 0.010577 0.086703
v -0.002820 -0.014179 0.002503
v -0.002820 0.014179 0.002503
v -0.002782 -0.010384 0.089398
v -0.002782 0.010384 0.089398
v -0.002736 -0.013757 0.064878
v -0.002736 -0.013755 0.067443
v -0.002736 0.013755 0.067443
v -0.002736 0.013757 0.064878
v -0.002672 -0.009971 0.069032
v -0.002672 0.009971 0.069032
v -0.002557 -0.012853 0.068384
v -0.002557 0.012853 0.068384
v -0.002543 -0.012784 0.065916
v -0.002543 0.012784 0.065916
v -0.002514 -0.009383 0.070071
v -0.002514 0.009383 0.070071
v -0.002472 -0.009225 0.089398
v -0.002472 0.009225 0.089398
v -0.002457 -0.018660 0.002823
v -0.002457 -0.018660 0.060856
v -0.002457 0.018660 0.002823
v -0.002457 0.018660 0.060856
v -0.002444 -0.018564 0.002092
v -0.002440 -0.018531 0.061797
v -0.002440 0.018531 0.061797
v -0.002444 0.018564 0.002092
v -0.002429 -0.012211 0.072798
v -0.002429 -0.012211 0.074598
v -0.002429 0.012211 0.072798
v -0.002429 0.012211 0.074598
v -0.002407 -0.018285 0.001412
v -0.002415 -0.009013 0.071110
v -0.002415 0.009013 0.071110
v -0.002407 0.018285 0.001412
v -0.002403 -0.012079 0.069325
v -0.002403 0.012079 0.069325
v -0.002390 -0.018154 0.062738
v -0.002390 0.018154 0.062738
v -0.002381 -0.008887 0.074101
v -0.002381 -0.008887 0.089048
v -0.002381 0.008887 0.074101
v -0.002381 0.008887 0.089048
v -0.002349 -0.017840 0.000827
v -0.002349 -0.011810 0.066955
v -0.002349 0.011810 0.066955
v -0.002349 0.017840 0.000827
v -0.002311 -0.017553 0.063679
v -0.002311 0.017553 0.063679
v -0.002285 -0.011485 0.070266
v -0.002285 0.011485 0.070266
v -0.002272 -0.017260 0.000378
v -0.002272 0.017260 0.000378
v -0.002208 -0.016771 0.064620
v -0.002210 -0.011112 0.071207
v -0.002210 0.011112 0.071207
v -0.002208 0.016771 0.064620
v -0.002202 -0.016724 0.003764
v -0.002202 -0.016724 0.059684
v -0.002202 0.016724 0.003764
v -0.002202 0.016724 0.059684
v -0.002193 -0.016655 0.003328
v -0.002185 -0.010985 0.072148
v -0.002185 -0.010985 0.072448
v -0.002185 -0.010985 0.074948
v -0.002185 -0.010985 0.088898
v -0.002185 0.010985 0.072148
v -0.002185 0.010985 0.072448
v -0.002185 0.010985 0.074948
v -0.002185 0.010985 0.088898
v -0.002193 0.016655 0.003328
v -0.002183 -0.016585 0.000096
v -0.002185 -0.016594 0.060723
v -0.002183 0.016585 0.000096
v -0.002185 0.016594 0.060723
v -0.002167 -0.016456 0.002934
v -0.002169 -0.010903 0.067994
v -0.002169 0.010903 0.067994
v -0.002167 0.016456 0.002934
v -0.002135 -0.016214 0.061762
v -0.002126 -0.016147 0.002622
v -0.002126 0.016147 0.002622
v -0.002135 0.016214 0.061762
v -0.002097 -0.010543 0.089398
v -0.002097 0.010543 0.089398
v -0.002088 -0.015861 0.000000
v -0.002088 -0.015860 0.065561
v -0.002088 0.015861 0.000000
v -0.002088 0.015860 0.065561
v -0.002074 -0.015757 0.002422
v -0.002074 0.015757 0.002422
v -0.002055 -0.015610 0.062800
v -0.002055 0.015610 0.062800
v -0.002017 -0.015324 0.002353
v -0.002017 0.015324 0.002353
v -0.002014 -0.010125 0.069032
v -0.002014 0.010125 0.069032
v -0.001959 -0.014882 0.066502
v -0.001958 -0.014869 0.000250
v -0.001958 0.014869 0.000250
v -0.001959 0.014882 0.066502
v -0.001951 -0.014823 0.063839
v -0.001951 0.014823 0.063839
v -0.001895 -0.009527 0.070071
v -0.001895 0.009527 0.070071
v -0.001887 -0.014333 0.002503
v -0.001887 0.014333 0.002503
v -0.001863 -0.009366 0.089398
v -0.001863 0.009366 0.089398
v -0.001831 -0.013906 0.064878
v -0.001831 -0.013904 0.067443
v -0.001831 0.013904 0.067443
v -0.001831 0.013906 0.064878
v -0.001820 -0.009151 0.071110
v -0.001820 0.009151 0.071110
v -0.001795 -0.009023 0.074101
v -0.001795 -0.009023 0.089048
v -0.001795 0.009023 0.074101
v -0.001795 0.009023 0.089048
v -0.001711 -0.012993 0.068384
v -0.001711 0.012993 0.068384
v -0.001701 -0.012922 0.065916
v -0.001701 0.012922 0.065916
v -0.001625 -0.012343 0.072798
v -0.001625 -0.012343 0.074598
v -0.001625 0.012343 0.072798
v -0.001625 0.012343 0.074598
v -0.001608 -0.012211 0.069325
v -0.001608 0.012211 0.069325
v -0.001592 -0.012096 0.083997
v -0.001592 -0.012096 0.084611
v -0.001592 0.012096 0.085486
v -0.001592 0.012096 0.086100
v -0.001572 -0.011939 0.066955
v -0.001572 0.011939 0.066955
v -0.001533 -0.011641 0.086747
v -0.001533 -0.011641 0.087361
v -0.001529 -0.011610 0.070266
v -0.001529 0.011610 0.070266
v -0.001533 0.011641 0.082736
v -0.001533 0.011641 0.083350
v -0.001479 -0.011233 0.071207
v -0.001479 0.011233 0.071207
v -0.001462 -0.011104 0.072148
v -0.001462 -0.011104 0.072448
v -0.001462 -0.011104 0.074948
v -0.001462 -0.011104 0.088898
v -0.001462 0.011104 0.072148
v -0.001462 0.011104 0.072448
v -0.001462 0.011104 0.074948
v -0.001462 0.011104 0.088898
v -0.001451 -0.011022 0.067994
v -0.001451 0.011022 0.067994
v -0.001429 -0.010856 0.083451
v -0.001429 -0.010856 0.085156
v -0.001429 -0.010856 0.086201
v -0.001429 -0.010856 0.087906
v -0.001429 0.010856 0.082191
v -0.001429 0.010856 0.083896
v -0.001429 0.010856 0.084941
v -0.001429 0.010856 0.086646
v -0.001403 -0.010658 0.089398
v -0.001403 0.010658 0.089398
v -0.001347 -0.010235 0.069032
v -0.001347 0.010235 0.069032
v -0.001268 -0.009631 0.070071
v -0.001268 0.009631 0.070071
v -0.001247 -0.009468 0.089398
v -0.001247 0.009468 0.089398
v -0.001231 -0.018780 0.002823
v -0.001231 -0.018780 0.060856
v -0.001231 0.018780 0.002823
v -0.001231 0.018780 0.060856
v -0.001225 -0.018684 0.002092
v -0.001222 -0.018651 0.061797
v -0.001218 -0.009251 0.071110
v -0.001218 0.009251 0.071110
v -0.001222 0.018651 0.061797
v -0.001225 0.018684 0.002092
v -0.001206 -0.018403 0.001412
v -0.001206 0.018403 0.001412
v -0.001198 -0.018271 0.062738
v -0.001201 -0.009121 0.074101
v -0.001201 -0.009121 0.089048
v -0.001201 0.009121 0.074101
v -0.001201 0.009121 0.089048
v -0.001198 0.018271 0.062738
v -0.001177 -0.017955 0.000827
v -0.001177 0.017955 0.000827
v -0.001158 -0.017667 0.063679
v -0.001158 0.017667 0.063679
v -0.001139 -0.017372 0.000378
v -0.001139 0.017372 0.000378
v -0.001106 -0.016879 0.064620
v -0.001106 0.016879 0.064620
v -0.001103 -0.016832 0.003764
v -0.001103 -0.016832 0.059684
v -0.001099 -0.016763 0.003328
v -0.001099 0.016763 0.003328
v -0.001103 0.016832 0.003764
v -0.001103 0.016832 0.059684
v -0.001095 -0.016701 0.060723
v -0.001094 -0.016692 0.000096
v -0.001086 -0.016563 0.002934
v -0.001086 0.016563 0.002934
v -0.001094 0.016692 0.000096
v -0.001095 0.016701 0.060723
v -0.001070 -0.016319 0.061762
v -0.001065 -0.016251 0.002622
v -0.001065 0.016251 0.002622
v -0.001070 0.016319 0.061762
v -0.001046 -0.015963 0.000000
v -0.001046 -0.015962 0.065561
v -0.001046 0.015963 0.000000
v -0.001046 0.015962 0.065561
v -0.001039 -0.015859 0.002422
v -0.001039 0.015859 0.002422
v -0.001030 -0.015711 0.062800
v -0.001030 0.015711 0.062800
v -0.001011 -0.015423 0.002353
v -0.001011 0.015423 0.002353
v -0.000982 -0.014978 0.066502
v -0.000981 -0.014966 0.000250
v -0.000978 -0.014919 0.063839
v -0.000978 0.014919 0.063839
v -0.000981 0.014966 0.000250
v -0.000982 0.014978 0.066502
v -0.000945 -0.014425 0.002503
v -0.000945 0.014425 0.002503
v -0.000917 -0.013996 0.064878
v -0.000917 -0.013994 0.067443
v -0.000917 0.013994 0.067443
v -0.000917 0.013996 0.064878
v -0.000857 -0.013077 0.068384
v -0.000857 0.013077 0.068384
v -0.000852 -0.013006 0.065916
v -0.000852 0.013006 0.065916
v -0.000814 -0.012423 0.072798
v -0.000814 -0.012423 0.074598
v -0.000806 -0.012290 0.069325
v -0.000806 0.012290 0.069325
v -0.000814 0.012423 0.072798
v -0.000814 0.012423 0.074598
v -0.000788 -0.012016 0.066955
v -0.000788 0.012016 0.066955
v -0.000766 -0.011685 0.070266
v -0.000766 0.011685 0.070266
v -0.000741 -0.011306 0.071207
v -0.000741 0.011306 0.071207
v -0.000733 -0.011176 0.072148
v -0.000733 -0.011176 0.072448
v -0.000733 -0.011176 0.074948
v -0.000733 -0.011176 0.088898
v -0.000727 -0.011093 0.067994
v -0.000727 0.011093 0.067994
v -0.000733 0.011176 0.072148
v -0.000733 0.011176 0.072448
v -0.000733 0.011176 0.074948
v -0.000733 0.011176 0.088898
v -0.000703 -0.010727 0.089398
v -0.000703 0.010727 0.089398
v -0.000675 -0.010301 0.069032
v -0.000675 0.010301 0.069032
v -0.000635 -0.009693 0.070071
v -0.000635 0.009693 0.070071
v -0.000625 -0.009530 0.089398
v -0.000625 0.009530 0.089398
v -0.000610 -0.009311 0.071110
v -0.000610 0.009311 0.071110
v -0.000602 -0.009180 0.074101
v -0.000602 -0.009180 0.089048
v -0.000602 0.009180 0.074101
v -0.000602 0.009180 0.089048
v -0.000000 -0.018821 0.002823
v -0.000000 -0.018821 0.060856
v -0.000000 -0.018725 0.002092
v -0.000000 -0.018691 0.061797
v -0.000000 -0.018442 0.001412
v -0.000000 -0.018310 0.062738
v -0.000000 -0.017994 0.000827
v -0.000000 -0.017705 0.063679
v -0.000000 -0.017409 0.000378
v -0.000000 -0.016916 0.064620
v -0.000000 -0.016868 0.003764
v -0.000000 -0.016868 0.059684
v -0.000000 -0.016799 0.003328
v -0.000000 -0.016737 0.060723
v -0.000000 -0.016728 0.000096
v -0.000000 -0.016598 0.002934
v -0.000000 -0.016354 0.061762
v -0.000000 -0.016286 0.002622
v -0.000000 -0.015998 0.000000
v -0.000000 -0.015997 0.065561
v -0.000000 -0.015893 0.002422
v -0.000000 -0.015745 0.062800
v -0.000000 -0.015456 0.002353
v -0.000000 -0.015010 0.066502
v -0.000000 -0.014998 0.000250
v -0.000000 -0.014951 0.063839
v -0.000000 -0.014456 0.002503
v -0.000000 -0.014026 0.064878
v -0.000000 -0.014024 0.067443
v -0.000000 -0.013105 0.068384
v -0.000000 -0.013034 0.065916
v -0.000000 -0.012450 0.072798
v -0.000000 -0.012450 0.074598
v -0.000000 -0.012316 0.069325
v -0.000000 -0.012200 0.084054
v -0.000000 -0.012200 0.084668
v -0.000000 -0.012042 0.066955
v -0.000000 -0.011710 0.070266
v -0.000000 -0.011700 0.086804
v -0.000000 -0.011700 0.087418
v -0.000000 -0.011330 0.071207
v -0.000000 -0.011200 0.072148
v -0.000000 -0.011200 0.072448
v -0.000000 -0.011200 0.074948
v -0.000000 -0.011200 0.088898
v -0.000000 -0.011117 0.067994
v -0.000000 -0.010950 0.083508
v -0.000000 -0.010950 0.085213
v -0.000000 -0.010950 0.086258
v -0.000000 -0.010950 0.087963
v -0.000000 -0.010750 0.089398
v -0.000000 -0.010323 0.069032
v -0.000000 -0.009714 0.070071
v -0.000000 -0.009550 0.089398
v -0.000000 -0.009331 0.071110
v -0.000000 -0.009200 0.074101
v -0.000000 -0.009200 0.089048
v 0.000000 0.000000 0.000941
v 0.000000 0.000000 0.002917
v 0.000000 0.009200 0.074101
v 0.000000 0.009200 0.089048
v 0.000000 0.009331 0.071110
v 0.000000 0.009550 0.089398
v 0.000000 0.009714 0.070071
v 0.000000 0.010323 0.069032
v 0.000000 0.010750 0.089398
v 0.000000 0.010950 0.082133
v 0.000000 0.010950 0.083838
v 0.000000 0.010950 0.084883
v 0.000000 0.010950 0.086588
v 0.000000 0.011117 0.067994
v 0.000000 0.011200 0.072148
v 0.000000 0.011200 0.072448
v 0.000000 0.011200 0.074948
v 0.000000 0.011200 0.088898
v 0.000000 0.011330 0.071207
v 0.000000 0.011700 0.082679
v 0.000000 0.011700 0.083293
v 0.000000 0.011710 0.070266
v 0.000000 0.012042 0.066955
v 0.000000 0.012200 0.085429
v 0.000000 0.012200 0.086043
v 0.000000 0.012316 0.069325
v 0.000000 0.012450 0.072798
v 0.000000 0.012450 0.074598
v 0.000000 0.013034 0.065916
v 0.000000 0.013105 0.068384
v 0.000000 0.014024 0.067443
v 0.000000 0.014026 0.064878
v 0.000000 0.014456 0.002503
v 0.000000 0.014951 0.063839
v 0.000000 0.014998 0.000250
v 0.000000 0.015010 0.066502
v 0.000000 0.015456 0.002353
v 0.000000 0.015745 0.062800
v 0.000000 0.015893 0.002422
v 0.000000 0.015998 0.000000
v 0.000000 0.015997 0.065561
v 0.000000 0.016286 0.002622
v 0.000000 0.016354 0.061762
v 0.000000 0.016598 0.002934
v 0.000000 0.016728 0.000096
v 0.000000 0.016737 0.060723
v 0.000000 0.016799 0.003328
v 0.000000 0.016868 0.003764
v 0.000000 0.016868 0.059684
v 0.000000 0.016916 0.064620
v 0.000000 0.017409 0.000378
v 0.000000 0.017705 0.063679
v 0.000000 0.017994 0.000827
v 0.000000 0.018310 0.062738
v 0.000000 0.018442 0.001412
v 0.000000 0.018691 0.061797
v 0.000000 0.018725 0.002092
v 0.000000 0.018821 0.002823
v 0.000000 0.018821 0.060856
v 0.000602 -0.009180 0.074101
v 0.000602 -0.009180 0.089048
v 0.000602 0.009180 0.074101
v 0.000602 0.009180 0.089048
v 0.000610 -0.009311 0.071110
v 0.000610 0.009311 0.071110
v 0.000625 -0.009530 0.089398
v 0.000625 0.009530 0.089398
v 0.000635 -0.009693 0.070071
v 0.000635 0.009693 0.070071
v 0.000675 -0.010301 0.069032
v 0.000675 0.010301 0.069032
v 0.000703 -0.010727 0.089398
v 0.000703 0.010727 0.089398
v 0.000733 -0.011176 0.072148
v 0.000733 -0.011176 0.072448
v 0.000733 -0.011176 0.074948
v 0.000733 -0.011176 0.088898
v 0.000727 -0.011093 0.067994
v 0.000727 0.011093 0.067994
v 0.000733 0.011176 0.072148
v 0.000733 0.011176 0.072448
v 0.000733 0.011176 0.074948
v 0.000733 0.011176 0.088898
v 0.000741 -0.011306 0.071207
v 0.000741 0.011306 0.071207
v 0.000766 -0.011685 0.070266
v 0.000766 0.011685 0.070266
v 0.000788 -0.012016 0.066955
v 0.000788 0.012016 0.066955
v 0.000814 -0.012423 0.072798
v 0.000814 -0.012423 0.074598
v 0.000806 -0.012290 0.069325
v 0.000806 0.012290 0.069325
v 0.000814 0.012423 0.072798
v 0.000814 0.012423 0.074598
v 0.000852 -0.013006 0.065916
v 0.000852 0.013006 0.065916
v 0.000857 -0.013077 0.068384
v 0.000857 0.013077 0.068384
v 0.000917 -0.013996 0.064878
v 0.000917 -0.013994 0.067443
v 0.000917 0.013994 0.067443
v 0.000917 0.013996 0.064878
v 0.000945 -0.014425 0.002503
v 0.000945 0.014425 0.002503
v 0.000982 -0.014978 0.066502
v 0.000981 -0.014966 0.000250
v 0.000978 -0.014919 0.063839
v 0.000978 0.014919 0.063839
v 0.000981 0.014966 0.000250
v 0.000982 0.014978 0.066502
v 0.001011 -0.015423 0.002353
v 0.001011 0.015423 0.002353
v 0.001030 -0.015711 0.062800
v 0.001030 0.015711 0.062800
v 0.001039 -0.015859 0.002422
v 0.001039 0.015859 0.002422
v 0.001046 -0.015963 0.000000
v 0.001046 -0.015962 0.065561
v 0.001046 0.015963 0.000000
v 0.001046 0.015962 0.065561
v 0.001070 -0.016319 0.061762
v 0.001065 -0.016251 0.002622
v 0.001065 0.016251 0.002622
v 0.001070 0.016319 0.061762
v 0.001095 -0.016701 0.060723
v 0.001094 -0.016692 0.000096
v 0.001086 -0.016563 0.002934
v 0.001086 0.016563 0.002934
v 0.001094 0.016692 0.000096
v 0.001095 0.016701 0.060723
v 0.001103 -0.016832 0.003764
v 0.001103 -0.016832 0.059684
v 0.001099 -0.016763 0.003328
v 0.001099 0.016763 0.003328
v 0.001103 0.016832 0.003764
v 0.001103 0.016832 0.059684
v 0.001106 -0.016879 0.064620
v 0.001106 0.016879 0.064620
v 0.001139 -0.017372 0.000378
v 0.001139 0.017372 0.000378
v 0.001158 -0.017667 0.063679
v 0.001158 0.017667 0.063679
v 0.001177 -0.017955 0.000827
v 0.001177 0.017955 0.000827
v 0.001198 -0.018271 0.062738
v 0.001201 -0.009121 0.074101
v 0.001201 -0.009121 0.089048
v 0.001201 0.009121 0.074101
v 0.001201 0.009121 0.089048
v 0.001198 0.018271 0.062738
v 0.001206 -0.018403 0.001412
v 0.001206 0.018403 0.001412
v 0.001225 -0.018684 0.002092
v 0.001222 -0.018651 0.061797
v 0.001218 -0.009251 0.071110
v 0.001218 0.009251 0.071110
v 0.001222 0.018651 0.061797
v 0.001225 0.018684 0.002092
v 0.001231 -0.018780 0.002823
v 0.001231 -0.018780 0.060856
v 0.001231 0.018780 0.002823
v 0.001231 0.018780 0.060856
v 0.001247 -0.009468 0.089398
v 0.001247 0.009468 0.089398
v 0.001268 -0.009631 0.070071
v 0.001268 0.009631 0.070071
v 0.001347 -0.010235 0.069032
v 0.001347 0.010235 0.069032
v 0.001403 -0.010658 0.089398
v 0.001403 0.010658 0.089398
v 0.001429 -0.010856 0.083566
v 0.001429 -0.010856 0.085271
v 0.001429 -0.010856 0.086316
v 0.001429 -0.010856 0.088021
v 0.001429 0.010856 0.082076
v 0.001429 0.010856 0.083781
v 0.001429 0.010856 0.084826
v 0.001429 0.010856 0.086531
v 0.001451 -0.011022 0.067994
v 0.001451 0.011022 0.067994
v 0.001462 -0.011104 0.072148
v 0.001462 -0.011104 0.072448
v 0.001462 -0.011104 0.074948
v 0.001462 -0.011104 0.088898
v 0.001462 0.011104 0.072148
v 0.001462 0.011104 0.072448
v 0.001462 0.011104 0.074948
v 0.001462 0.011104 0.088898
v 0.001479 -0.011233 0.071207
v 0.001479 0.011233 0.071207
v 0.001522 -0.011559 0.086861
v 0.001522 -0.011559 0.087475
v 0.001522 0.011559 0.082622
v 0.001522 0.011559 0.083236
v 0.001529 -0.011610 0.070266
v 0.001529 0.011610 0.070266
v 0.001572 -0.011939 0.066955
v 0.001572 0.011939 0.066955
v 0.001592 -0.012096 0.084111
v 0.001592 -0.012096 0.084725
v 0.001592 0.012096 0.085372
v 0.001592 0.012096 0.085986
v 0.001608 -0.012211 0.069325
v 0.001608 0.012211 0.069325
v 0.001625 -0.012343 0.072798
v 0.001625 -0.012343 0.074598
v 0.001625 0.012343 0.072798
v 0.001625 0.012343 0.074598
v 0.001701 -0.012922 0.065916
v 0.001701 0.012922 0.065916
v 0.001711 -0.012993 0.068384
v 0.001711 0.012993 0.068384
v 0.001795 -0.009023 0.074101
v 0.001795 -0.009023 0.089048
v 0.001795 0.009023 0.074101
v 0.001795 0.009023 0.089048
v 0.001820 -0.009151 0.071110
v 0.001820 0.009151 0.071110
v 0.001831 -0.013906 0.064878
v 0.001831 -0.013904 0.067443
v 0.001831 0.013904 0.067443
v 0.001831 0.013906 0.064878
v 0.001863 -0.009366 0.089398
v 0.001863 0.009366 0.089398
v 0.001887 -0.014333 0.002503
v 0.001887 0.014333 0.002503
v 0.001895 -0.009527 0.070071
v 0.001895 0.009527 0.070071
v 0.001951 -0.014823 0.063839
v 0.001951 0.014823 0.063839
v 0.001959 -0.014882 0.066502
v 0.001958 -0.014869 0.000250
v 0.001958 0.014869 0.000250
v 0.001959 0.014882 0.066502
v 0.002014 -0.010125 0.069032
v 0.002014 0.010125 0.069032
v 0.002017 -0.015324 0.002353
v 0.002017 0.015324 0.002353
v 0.002055 -0.015610 0.062800
v 0.002055 0.015610 0.062800
v 0.002074 -0.015757 0.002422
v 0.002074 0.015757 0.002422
v 0.002088 -0.015861 0.000000
v 0.002088 -0.015860 0.065561
v 0.002088 0.015861 0.000000
v 0.002088 0.015860 0.065561
v 0.002097 -0.010543 0.089398
v 0.002097 0.010543 0.089398
v 0.002135 -0.016214 0.061762
v 0.002126 -0.016147 0.002622
v 0.002126 0.016147 0.002622
v 0.002135 0.016214 0.061762
v 0.002167 -0.016456 0.002934
v 0.002169 -0.010903 0.067994
v 0.002169 0.010903 0.067994
v 0.002167 0.016456 0.002934
v 0.002183 -0.016585 0.000096
v 0.002185 -0.016594 0.060723
v 0.002183 0.016585 0.000096
v 0.002185 0.016594 0.060723
v 0.002193 -0.016655 0.003328
v 0.002185 -0.010985 0.072148
v 0.002185 -0.010985 0.072448
v 0.002185 -0.010985 0.074948
v 0.002185 -0.010985 0.088898
v 0.002185 0.010985 0.072148
v 0.002185 0.010985 0.072448
v 0.002185 0.010985 0.074948
v 0.002185 0.010985 0.088898
v 0.002193 0.016655 0.003328
v 0.002202 -0.016724 0.003764
v 0.002202 -0.016724 0.059684
v 0.002202 0.016724 0.003764
v 0.002202 0.016724 0.059684
v 0.002208 -0.016771 0.064620
v 0.002210 -0.011112 0.071207
v 0.002210 0.011112 0.071207
v 0.002208 0.016771 0.064620
v 0.002272 -0.017260 0.000378
v 0.002272 0.017260 0.000378
v 0.002285 -0.011485 0.070266
v 0.002285 0.011485 0.070266
v 0.002311 -0.017553 0.063679
v 0.002311 0.017553 0.063679
v 0.002349 -0.017840 0.000827
v 0.002349 -0.011810 0.066955
v 0.002349 0.011810 0.066955
v 0.002349 0.017840 0.000827
v 0.002381 -0.008887 0.074101
v 0.002381 -0.008887 0.089048
v 0.002381 0.008887 0.074101
v 0.002381 0.008887 0.089048
v 0.002390 -0.018154 0.062738
v 0.002390 0.018154 0.062738
v 0.002403 -0.012079 0.069325
v 0.002403 0.012079 0.069325
v 0.002407 -0.018285 0.001412
v 0.002415 -0.009013 0.071110
v 0.002415 0.009013 0.071110
v 0.002407 0.018285 0.001412
v 0.002429 -0.012211 0.072798
v 0.002429 -0.012211 0.074598
v 0.002429 0.012211 0.072798
v 0.002429 0.012211 0.074598
v 0.002444 -0.018564 0.002092
v 0.002440 -0.018531 0.061797
v 0.002440 0.018531 0.061797
v 0.002444 0.018564 0.002092
v 0.002457 -0.018660 0.002823
v 0.002457 -0.018660 0.060856
v 0.002457 0.018660 0.002823
v 0.002457 0.018660 0.060856
v 0.002472 -0.009225 0.089398
v 0.002472 0.009225 0.089398
v 0.002514 -0.009383 0.070071
v 0.002514 0.009383 0.070071
v 0.002543 -0.012784 0.065916
v 0.002543 0.012784 0.065916
v 0.002557 -0.012853 0.068384
v 0.002557 0.012853 0.068384
v 0.002672 -0.009971 0.069032
v 0.002672 0.009971 0.069032
v 0.002736 -0.013757 0.064878
v 0.002736 -0.013755 0.067443
v 0.002736 0.013755 0.067443
v 0.002736 0.013757 0.064878
v 0.002782 -0.010384 0.089398
v 0.002782 0.010384 0.089398
v 0.002820 -0.014179 0.002503
v 0.002820 0.014179 0.002503
v 0.002834 -0.010577 0.083623
v 0.002834 -0.010577 0.085328
v 0.002834 -0.010577 0.086373
v 0.002834 -0.010577 0.088078
v 0.002834 0.010577 0.082019
v 0.002834 0.010577 0.083724
v 0.002834 0.010577 0.084769
v 0.002834 0.010577 0.086474
v 0.002877 -0.010738 0.067994
v 0.002877 0.010738 0.067994
v 0.002899 -0.010818 0.072148
v 0.002899 -0.010818 0.072448
v 0.002899 -0.010818 0.074948
v 0.002899 -0.010818 0.088898
v 0.002899 0.010818 0.072148
v 0.002899 0.010818 0.072448
v 0.002899 0.010818 0.074948
v 0.002899 0.010818 0.088898
v 0.002917 -0.014664 0.063839
v 0.002917 0.014664 0.063839
v 0.002928 -0.014722 0.066502
v 0.002926 -0.014709 0.000250
v 0.002932 -0.010944 0.071207
v 0.002932 0.010944 0.071207
v 0.002926 0.014709 0.000250
v 0.002928 0.014722 0.066502
v 0.002957 -0.008712 0.074101
v 0.002957 -0.008712 0.089048
v 0.002957 0.008712 0.074101
v 0.002957 0.008712 0.089048
v 0.002999 -0.008835 0.071110
v 0.002999 0.008835 0.071110
v 0.003007 -0.011221 0.086919
v 0.003007 -0.011221 0.087532
v 0.003007 0.011221 0.082564
v 0.003007 0.011221 0.083178
v 0.003015 -0.015159 0.002353
v 0.003015 0.015159 0.002353
v 0.003031 -0.011311 0.070266
v 0.003031 0.011311 0.070266
v 0.003072 -0.015442 0.062800
v 0.003070 -0.009043 0.089398
v 0.003070 0.009043 0.089398
v 0.003072 0.015442 0.062800
v 0.003100 -0.015587 0.002422
v 0.003100 0.015587 0.002422
v 0.003121 -0.015690 0.000000
v 0.003121 -0.015689 0.065561
v 0.003117 -0.011631 0.066955
v 0.003122 -0.009198 0.070071
v 0.003122 0.009198 0.070071
v 0.003117 0.011631 0.066955
v 0.003121 0.015690 0.000000
v 0.003121 0.015689 0.065561
v 0.003158 -0.011784 0.084169
v 0.003158 -0.011784 0.084782
v 0.003158 0.011784 0.085314
v 0.003158 0.011784 0.085928
v 0.003177 -0.015973 0.002622
v 0.003177 0.015973 0.002622
v 0.003191 -0.016040 0.061762
v 0.003188 -0.011896 0.069325
v 0.003188 0.011896 0.069325
v 0.003191 0.016040 0.061762
v 0.003222 -0.012026 0.072798
v 0.003222 -0.012026 0.074598
v 0.003222 0.012026 0.072798
v 0.003222 0.012026 0.074598
v 0.003238 -0.016279 0.002934
v 0.003238 0.016279 0.002934
v 0.003264 -0.016407 0.000096
v 0.003264 0.016407 0.000096
v 0.003265 -0.016416 0.060723
v 0.003265 0.016416 0.060723
v 0.003277 -0.016476 0.003328
v 0.003277 0.016476 0.003328
v 0.003291 -0.016544 0.003764
v 0.003291 -0.016544 0.059684
v 0.003291 0.016544 0.003764
v 0.003291 0.016544 0.059684
v 0.003300 -0.016591 0.064620
v 0.003300 0.016591 0.064620
v 0.003318 -0.009775 0.069032
v 0.003318 0.009775 0.069032
v 0.003373 -0.012590 0.065916
v 0.003373 0.012590 0.065916
v 0.003392 -0.012659 0.068384
v 0.003392 0.012659 0.068384
v 0.003396 -0.017075 0.000378
v 0.003396 0.017075 0.000378
v 0.003454 -0.017365 0.063679
v 0.003454 0.017365 0.063679
v 0.003455 -0.010179 0.089398
v 0.003455 0.010179 0.089398
v 0.003510 -0.017648 0.000827
v 0.003510 0.017648 0.000827
v 0.003521 -0.008500 0.074101
v 0.003521 -0.008500 0.089048
v 0.003521 0.008500 0.074101
v 0.003521 0.008500 0.089048
v 0.003572 -0.017958 0.062738
v 0.003573 -0.010527 0.067994
v 0.003571 -0.008620 0.071110
v 0.003571 0.008620 0.071110
v 0.003573 0.010527 0.067994
v 0.003572 0.017958 0.062738
v 0.003598 -0.018088 0.001412
v 0.003600 -0.010606 0.072148
v 0.003600 -0.010606 0.072448
v 0.003600 -0.010606 0.074948
v 0.003600 -0.010606 0.088898
v 0.003600 0.010606 0.072148
v 0.003600 0.010606 0.072448
v 0.003600 0.010606 0.074948
v 0.003600 0.010606 0.088898
v 0.003598 0.018088 0.001412
v 0.003630 -0.013548 0.064878
v 0.003630 -0.013546 0.067443
v 0.003630 0.013548 0.064878
v 0.003630 0.013546 0.067443
v 0.003642 -0.010729 0.071207
v 0.003642 0.010729 0.071207
v 0.003653 -0.018365 0.002092
v 0.003646 -0.018332 0.061797
v 0.003655 -0.008823 0.089398
v 0.003655 0.008823 0.089398
v 0.003646 0.018332 0.061797
v 0.003653 0.018365 0.002092
v 0.003672 -0.018459 0.002823
v 0.003672 -0.018459 0.060856
v 0.003672 0.018459 0.002823
v 0.003672 0.018459 0.060856
v 0.003717 -0.008974 0.070071
v 0.003717 0.008974 0.070071
v 0.003742 -0.013964 0.002503
v 0.003742 0.013964 0.002503
v 0.003764 -0.011089 0.070266
v 0.003764 0.011089 0.070266
v 0.003870 -0.014441 0.063839
v 0.003871 -0.011403 0.066955
v 0.003871 0.011403 0.066955
v 0.003870 0.014441 0.063839
v 0.003885 -0.014499 0.066502
v 0.003882 -0.014487 0.000250
v 0.003882 0.014487 0.000250
v 0.003885 0.014499 0.066502
v 0.003950 -0.009537 0.069032
v 0.003950 0.009537 0.069032
v 0.003959 -0.011662 0.069325
v 0.003959 0.011662 0.069325
v 0.004000 -0.014930 0.002353
v 0.004002 -0.011789 0.072798
v 0.004002 -0.011789 0.074598
v 0.004002 0.011789 0.072798
v 0.004002 0.011789 0.074598
v 0.004000 0.014930 0.002353
v 0.004069 -0.008251 0.074101
v 0.004069 -0.008251 0.089048
v 0.004069 0.008251 0.074101
v 0.004069 0.008251 0.089048
v 0.004075 -0.015208 0.062800
v 0.004075 0.015208 0.062800
v 0.004113 -0.015351 0.002422
v 0.004114 -0.009932 0.089398
v 0.004114 0.009932 0.089398
v 0.004113 0.015351 0.002422
v 0.004127 -0.008368 0.071110
v 0.004127 0.008368 0.071110
v 0.004140 -0.015453 0.000000
v 0.004140 -0.015451 0.065561
v 0.004140 0.015453 0.000000
v 0.004140 0.015451 0.065561
v 0.004190 -0.012342 0.065916
v 0.004190 -0.010116 0.083680
v 0.004190 -0.010116 0.085385
v 0.004190 -0.010116 0.086430
v 0.004190 -0.010116 0.088135
v 0.004190 0.010116 0.081962
v 0.004190 0.010116 0.083667
v 0.004190 0.010116 0.084712
v 0.004190 0.010116 0.086417
v 0.004190 0.012342 0.065916
v 0.004213 -0.012410 0.068384
v 0.004213 0.012410 0.068384
v 0.004215 -0.015731 0.002622
v 0.004224 -0.008565 0.089398
v 0.004224 0.008565 0.089398
v 0.004215 0.015731 0.002622
v 0.004233 -0.015797 0.061762
v 0.004233 0.015797 0.061762
v 0.004254 -0.010271 0.067994
v 0.004254 0.010271 0.067994
v 0.004286 -0.010347 0.072148
v 0.004286 -0.010347 0.072448
v 0.004286 -0.010347 0.074948
v 0.004286 -0.010347 0.088898
v 0.004286 0.010347 0.072148
v 0.004286 0.010347 0.072448
v 0.004286 0.010347 0.074948
v 0.004286 0.010347 0.088898
v 0.004296 -0.016033 0.002934
v 0.004296 -0.008712 0.070071
v 0.004296 0.008712 0.070071
v 0.004296 0.016033 0.002934
v 0.004332 -0.016167 0.060723
v 0.004330 -0.016158 0.000096
v 0.004330 0.016158 0.000096
v 0.004332 0.016167 0.060723
v 0.004336 -0.010467 0.071207
v 0.004336 0.010467 0.071207
v 0.004348 -0.016226 0.003328
v 0.004348 0.016226 0.003328
v 0.004366 -0.016293 0.003764
v 0.004366 -0.016293 0.059684
v 0.004366 0.016293 0.003764
v 0.004366 0.016293 0.059684
v 0.004378 -0.016339 0.064620
v 0.004378 0.016339 0.064620
v 0.004430 -0.010694 0.086976
v 0.004430 -0.010694 0.087590
v 0.004430 0.010694 0.082507
v 0.004430 0.010694 0.083121
v 0.004481 -0.010819 0.070266
v 0.004481 0.010819 0.070266
v 0.004506 -0.016816 0.000378
v 0.004509 -0.013282 0.064878
v 0.004508 -0.013280 0.067443
v 0.004509 0.013282 0.064878
v 0.004508 0.013280 0.067443
v 0.004506 0.016816 0.000378
v 0.004566 -0.009258 0.069032
v 0.004566 0.009258 0.069032
v 0.004582 -0.017101 0.063679
v 0.004582 0.017101 0.063679
v 0.004600 -0.007967 0.074101
v 0.004600 -0.007967 0.089048
v 0.004600 0.007967 0.074101
v 0.004600 0.007967 0.089048
v 0.004608 -0.011125 0.066955
v 0.004608 0.011125 0.066955
v 0.004647 -0.013689 0.002503
v 0.004647 0.013689 0.002503
v 0.004657 -0.017381 0.000827
v 0.004657 0.017381 0.000827
v 0.004669 -0.011271 0.084226
v 0.004669 -0.011271 0.084840
v 0.004665 -0.008081 0.071110
v 0.004665 0.008081 0.071110
v 0.004669 0.011271 0.085257
v 0.004669 0.011271 0.085871
v 0.004713 -0.011379 0.069325
v 0.004713 0.011379 0.069325
v 0.004739 -0.017686 0.062738
v 0.004739 0.017686 0.062738
v 0.004755 -0.009641 0.089398
v 0.004755 0.009641 0.089398
v 0.004764 -0.011502 0.072798
v 0.004764 -0.011502 0.074598
v 0.004764 0.011502 0.072798
v 0.004764 0.011502 0.074598
v 0.004773 -0.017814 0.001412
v 0.004775 -0.008271 0.089398
v 0.004775 0.008271 0.089398
v 0.004773 0.017814 0.001412
v 0.004806 -0.014157 0.063839
v 0.004806 0.014157 0.063839
v 0.004825 -0.014214 0.066502
v 0.004821 -0.014202 0.000250
v 0.004821 0.014202 0.000250
v 0.004825 0.014214 0.066502
v 0.004838 -0.018054 0.061797
v 0.004838 0.018054 0.061797
v 0.004846 -0.018087 0.002092
v 0.004846 0.018087 0.002092
v 0.004857 -0.008412 0.070071
v 0.004857 0.008412 0.070071
v 0.004871 -0.018179 0.002823
v 0.004871 -0.018179 0.060856
v 0.004871 0.018179 0.002823
v 0.004871 0.018179 0.060856
v 0.004917 -0.009971 0.067994
v 0.004917 0.009971 0.067994
v 0.004954 -0.010045 0.072148
v 0.004954 -0.010045 0.072448
v 0.004954 -0.010045 0.074948
v 0.004954 -0.010045 0.088898
v 0.004954 0.010045 0.072148
v 0.004954 0.010045 0.072448
v 0.004954 0.010045 0.074948
v 0.004954 0.010045 0.088898
v 0.004968 -0.014636 0.002353
v 0.004968 0.014636 0.002353
v 0.004988 -0.012042 0.065916
v 0.004988 0.012042 0.065916
v 0.005011 -0.010161 0.071207
v 0.005011 0.010161 0.071207
v 0.005015 -0.012108 0.068384
v 0.005015 0.012108 0.068384
v 0.005061 -0.014909 0.062800
v 0.005061 0.014909 0.062800
v 0.005108 -0.015049 0.002422
v 0.005111 -0.007650 0.074101
v 0.005111 -0.007650 0.089048
v 0.005111 0.007650 0.074101
v 0.005111 0.007650 0.089048
v 0.005108 0.015049 0.002422
v 0.005142 -0.015149 0.000000
v 0.005142 -0.015148 0.065561
v 0.005142 0.015149 0.000000
v 0.005142 0.015148 0.065561
v 0.005161 -0.008940 0.069032
v 0.005161 0.008940 0.069032
v 0.005179 -0.010503 0.070266
v 0.005184 -0.007758 0.071110
v 0.005184 0.007758 0.071110
v 0.005179 0.010503 0.070266
v 0.005235 -0.015422 0.002622
v 0.005235 0.015422 0.002622
v 0.005257 -0.015486 0.061762
v 0.005257 0.015486 0.061762
v 0.005306 -0.007941 0.089398
v 0.005306 0.007941 0.089398
v 0.005326 -0.010800 0.066955
v 0.005326 0.010800 0.066955
v 0.005335 -0.015717 0.002934
v 0.005335 0.015717 0.002934
v 0.005368 -0.012959 0.064878
v 0.005367 -0.012957 0.067443
v 0.005368 0.012959 0.064878
v 0.005367 0.012957 0.067443
v 0.005380 -0.015849 0.060723
v 0.005377 -0.015841 0.000096
v 0.005375 -0.009310 0.089398
v 0.005375 0.009310 0.089398
v 0.005377 0.015841 0.000096
v 0.005380 0.015849 0.060723
v 0.005400 -0.015907 0.003328
v 0.005397 -0.008077 0.070071
v 0.005397 0.008077 0.070071
v 0.005400 0.015907 0.003328
v 0.005422 -0.015973 0.003764
v 0.005422 -0.015973 0.059684
v 0.005422 0.015973 0.003764
v 0.005422 0.015973 0.059684
v 0.005437 -0.016018 0.064620
v 0.005437 0.016018 0.064620
v 0.005447 -0.011046 0.069325
v 0.005447 0.011046 0.069325
v 0.005475 -0.009483 0.083738
v 0.005475 -0.009483 0.085443
v 0.005475 -0.009483 0.086488
v 0.005475 -0.009483 0.088193
v 0.005475 0.009483 0.081904
v 0.005475 0.009483 0.083609
v 0.005475 0.009483 0.084654
v 0.005475 0.009483 0.086359
v 0.005506 -0.011166 0.072798
v 0.005506 -0.011166 0.074598
v 0.005506 0.011166 0.072798
v 0.005506 0.011166 0.074598
v 0.005532 -0.013356 0.002503
v 0.005532 0.013356 0.002503
v 0.005558 -0.009628 0.067994
v 0.005558 0.009628 0.067994
v 0.005596 -0.016485 0.000378
v 0.005600 -0.009699 0.072148
v 0.005600 -0.009699 0.072448
v 0.005600 -0.009699 0.074948
v 0.005600 -0.009699 0.088898
v 0.005601 -0.007299 0.074101
v 0.005601 -0.007299 0.089048
v 0.005601 0.007299 0.074101
v 0.005601 0.007299 0.089048
v 0.005600 0.009699 0.072148
v 0.005600 0.009699 0.072448
v 0.005600 0.009699 0.074948
v 0.005600 0.009699 0.088898
v 0.005596 0.016485 0.000378
v 0.005665 -0.009812 0.071207
v 0.005665 0.009812 0.071207
v 0.005680 -0.007402 0.071110
v 0.005680 0.007402 0.071110
v 0.005691 -0.016765 0.063679
v 0.005691 0.016765 0.063679
v 0.005721 -0.013813 0.063839
v 0.005721 0.013813 0.063839
v 0.005744 -0.013868 0.066502
v 0.005739 -0.013856 0.000250
v 0.005735 -0.008583 0.069032
v 0.005735 0.008583 0.069032
v 0.005739 0.013856 0.000250
v 0.005744 0.013868 0.066502
v 0.005765 -0.011690 0.065916
v 0.005765 0.011690 0.065916
v 0.005767 -0.009988 0.087033
v 0.005767 -0.009988 0.087647
v 0.005767 0.009988 0.082450
v 0.005767 0.009988 0.083064
v 0.005784 -0.017039 0.000827
v 0.005784 0.017039 0.000827
v 0.005796 -0.011754 0.068384
v 0.005796 0.011754 0.068384
v 0.005814 -0.007577 0.089398
v 0.005814 0.007577 0.089398
v 0.005855 -0.010142 0.070266
v 0.005855 0.010142 0.070266
v 0.005886 -0.017339 0.062738
v 0.005886 0.017339 0.062738
v 0.005915 -0.014280 0.002353
v 0.005913 -0.007706 0.070071
v 0.005913 0.007706 0.070071
v 0.005915 0.014280 0.002353
v 0.005928 -0.017464 0.001412
v 0.005928 0.017464 0.001412
v 0.005972 -0.008938 0.089398
v 0.005972 0.008938 0.089398
v 0.006008 -0.017699 0.061797
v 0.006008 0.017699 0.061797
v 0.006019 -0.017731 0.002092
v 0.006021 -0.010428 0.066955
v 0.006021 0.010428 0.066955
v 0.006019 0.017731 0.002092
v 0.006025 -0.014546 0.062800
v 0.006025 0.014546 0.062800
v 0.006050 -0.017822 0.002823
v 0.006050 -0.017822 0.060856
v 0.006050 0.017822 0.002823
v 0.006050 0.017822 0.060856
v 0.006066 -0.006917 0.074101
v 0.006066 -0.006917 0.089048
v 0.006066 0.006917 0.074101
v 0.006066 0.006917 0.089048
v 0.006082 -0.014683 0.002422
v 0.006082 0.014683 0.002422
v 0.006100 -0.010566 0.084283
v 0.006100 -0.010566 0.084897
v 0.006100 0.010566 0.085200
v 0.006100 0.010566 0.085814
v 0.006122 -0.014780 0.000000
v 0.006122 -0.014779 0.065561
v 0.006122 0.014780 0.000000
v 0.006122 0.014779 0.065561
v 0.006152 -0.007015 0.071110
v 0.006152 0.007015 0.071110
v 0.006158 -0.010666 0.069325
v 0.006158 0.010666 0.069325
v 0.006176 -0.009243 0.067994
v 0.006176 0.009243 0.067994
v 0.006204 -0.012580 0.064878
v 0.006203 -0.012578 0.067443
v 0.006204 0.012580 0.064878
v 0.006203 0.012578 0.067443
v 0.006222 -0.009312 0.072148
v 0.006222 -0.009312 0.072448
v 0.006222 -0.009312 0.074948
v 0.006222 -0.009312 0.088898
v 0.006222 0.009312 0.072148
v 0.006222 0.009312 0.072448
v 0.006222 0.009312 0.074948
v 0.006222 0.009312 0.088898
v 0.006232 -0.015046 0.002622
v 0.006225 -0.010782 0.072798
v 0.006225 -0.010782 0.074598
v 0.006225 0.010782 0.072798
v 0.006225 0.010782 0.074598
v 0.006232 0.015046 0.002622
v 0.006258 -0.015109 0.061762
v 0.006258 0.015109 0.061762
v 0.006284 -0.008190 0.069032
v 0.006284 0.008190 0.069032
v 0.006295 -0.009420 0.071207
v 0.006295 0.009420 0.071207
v 0.006297 -0.007180 0.089398
v 0.006297 0.007180 0.089398
v 0.006352 -0.015335 0.002934
v 0.006352 0.015335 0.002934
v 0.006394 -0.012965 0.002503
v 0.006394 0.012965 0.002503
v 0.006402 -0.015455 0.000096
v 0.006405 -0.007303 0.070071
v 0.006405 0.007303 0.070071
v 0.006402 0.015455 0.000096
v 0.006405 -0.015463 0.060723
v 0.006405 0.015463 0.060723
v 0.006429 -0.015520 0.003328
v 0.006429 0.015520 0.003328
v 0.006455 -0.015584 0.003764
v 0.006455 -0.015584 0.059684
v 0.006455 0.015584 0.003764
v 0.006455 0.015584 0.059684
v 0.006473 -0.015628 0.064620
v 0.006473 0.015628 0.064620
v 0.006506 -0.009737 0.070266
v 0.006505 -0.006505 0.074101
v 0.006505 -0.006505 0.089048
v 0.006505 0.006505 0.074101
v 0.006505 0.006505 0.089048
v 0.006506 0.009737 0.070266
v 0.006517 -0.011288 0.065916
v 0.006517 0.011288 0.065916
v 0.006544 -0.008529 0.089398
v 0.006544 0.008529 0.089398
v 0.006553 -0.011349 0.068384
v 0.006553 0.011349 0.068384
v 0.006598 -0.006598 0.071110
v 0.006598 0.006598 0.071110
v 0.006613 -0.013409 0.063839
v 0.006613 0.013409 0.063839
v 0.006633 -0.013451 0.000250
v 0.006633 0.013451 0.000250
v 0.006639 -0.013462 0.066502
v 0.006639 0.013462 0.066502
v 0.006662 -0.016084 0.000378
v 0.006662 0.016084 0.000378
v 0.006666 -0.008687 0.083795
v 0.006666 -0.008687 0.085500
v 0.006666 -0.008687 0.086545
v 0.006666 -0.008687 0.088250
v 0.006666 0.008687 0.081847
v 0.006666 0.008687 0.083552
v 0.006666 0.008687 0.084597
v 0.006666 0.008687 0.086302
v 0.006690 -0.010012 0.066955
v 0.006690 0.010012 0.066955
v 0.006753 -0.006753 0.089398
v 0.006753 0.006753 0.089398
v 0.006768 -0.008820 0.067994
v 0.006768 0.008820 0.067994
v 0.006775 -0.016357 0.063679
v 0.006775 0.016357 0.063679
v 0.006806 -0.007761 0.069032
v 0.006806 0.007761 0.069032
v 0.006818 -0.008886 0.072148
v 0.006818 -0.008886 0.072448
v 0.006818 -0.008886 0.074948
v 0.006818 -0.008886 0.088898
v 0.006818 0.008886 0.072148
v 0.006818 0.008886 0.072448
v 0.006818 0.008886 0.074948
v 0.006818 0.008886 0.088898
v 0.006836 -0.013862 0.002353
v 0.006842 -0.010240 0.069325
v 0.006842 0.010240 0.069325
v 0.006836 0.013862 0.002353
v 0.006869 -0.006869 0.070071
v 0.006869 0.006869 0.070071
v 0.006886 -0.016624 0.000827
v 0.006886 0.016624 0.000827
v 0.006897 -0.008989 0.071207
v 0.006897 0.008989 0.071207
v 0.006917 -0.010352 0.072798
v 0.006917 -0.010352 0.074598
v 0.006917 -0.006066 0.074101
v 0.006917 -0.006066 0.089048
v 0.006917 0.006066 0.074101
v 0.006917 0.006066 0.089048
v 0.006917 0.010352 0.072798
v 0.006917 0.010352 0.074598
v 0.006964 -0.014121 0.062800
v 0.006964 0.014121 0.062800
v 0.006996 -0.009117 0.087090
v 0.006996 -0.009117 0.087704
v 0.006996 0.009117 0.082393
v 0.006996 0.009117 0.083006
v 0.007007 -0.016916 0.062738
v 0.007013 -0.012147 0.064878
v 0.007012 -0.012145 0.067443
v 0.007013 0.012147 0.064878
v 0.007012 0.012145 0.067443
v 0.007007 0.016916 0.062738
v 0.007015 -0.006152 0.071110
v 0.007015 0.006152 0.071110
v 0.007029 -0.014254 0.002422
v 0.007029 0.014254 0.002422
v 0.007058 -0.017039 0.001412
v 0.007058 0.017039 0.001412
v 0.007076 -0.014348 0.000000
v 0.007075 -0.014347 0.065561
v 0.007076 0.014348 0.000000
v 0.007075 0.014347 0.065561
v 0.007088 -0.008082 0.089398
v 0.007088 0.008082 0.089398
v 0.007129 -0.009291 0.070266
v 0.007129 0.009291 0.070266
v 0.007153 -0.017268 0.061797
v 0.007153 0.017268 0.061797
v 0.007166 -0.017299 0.002092
v 0.007166 0.017299 0.002092
v 0.007180 -0.006297 0.089398
v 0.007180 0.006297 0.089398
v 0.007202 -0.017388 0.002823
v 0.007202 -0.017388 0.060856
v 0.007203 -0.014606 0.002622
v 0.007203 0.014606 0.002622
v 0.007202 0.017388 0.002823
v 0.007202 0.017388 0.060856
v 0.007233 -0.014668 0.061762
v 0.007228 -0.012520 0.002503
v 0.007228 0.012520 0.002503
v 0.007233 0.014668 0.061762
v 0.007241 -0.010837 0.065916
v 0.007241 0.010837 0.065916
v 0.007281 -0.010897 0.068384
v 0.007281 0.010897 0.068384
v 0.007299 -0.007299 0.069032
v 0.007303 -0.006405 0.070071
v 0.007299 -0.005601 0.074101
v 0.007299 -0.005601 0.089048
v 0.007299 0.005601 0.074101
v 0.007299 0.005601 0.089048
v 0.007303 0.006405 0.070071
v 0.007299 0.007299 0.069032
v 0.007330 -0.009553 0.066955
v 0.007330 -0.008358 0.067994
v 0.007330 0.008358 0.067994
v 0.007330 0.009553 0.066955
v 0.007341 -0.014887 0.002934
v 0.007341 0.014887 0.002934
v 0.007385 -0.008421 0.072148
v 0.007385 -0.008421 0.072448
v 0.007385 -0.008421 0.074948
v 0.007385 -0.008421 0.088898
v 0.007385 0.008421 0.072148
v 0.007385 0.008421 0.072448
v 0.007385 0.008421 0.074948
v 0.007385 0.008421 0.088898
v 0.007403 -0.015011 0.060723
v 0.007399 -0.015003 0.000096
v 0.007402 -0.005680 0.071110
v 0.007402 0.005680 0.071110
v 0.007399 0.015003 0.000096
v 0.007403 0.015011 0.060723
v 0.007430 -0.015066 0.003328
v 0.007427 -0.009679 0.084340
v 0.007427 -0.009679 0.084954
v 0.007427 0.009679 0.085143
v 0.007427 0.009679 0.085756
v 0.007430 0.015066 0.003328
v 0.007460 -0.015128 0.003764
v 0.007460 -0.015128 0.059684
v 0.007460 0.015128 0.003764
v 0.007460 0.015128 0.059684
v 0.007470 -0.008518 0.071207
v 0.007470 0.008518 0.071207
v 0.007482 -0.015171 0.064620
v 0.007475 -0.012948 0.063839
v 0.007475 0.012948 0.063839
v 0.007482 0.015171 0.064620
v 0.007499 -0.012988 0.000250
v 0.007498 -0.009771 0.069325
v 0.007498 0.009771 0.069325
v 0.007499 0.012988 0.000250
v 0.007505 -0.012999 0.066502
v 0.007505 0.012999 0.066502
v 0.007579 -0.009877 0.072798
v 0.007579 -0.009877 0.074598
v 0.007577 -0.005814 0.089398
v 0.007577 0.005814 0.089398
v 0.007579 0.009877 0.072798
v 0.007579 0.009877 0.074598
v 0.007601 -0.007601 0.089398
v 0.007601 0.007601 0.089398
v 0.007650 -0.005111 0.074101
v 0.007650 -0.005111 0.089048
v 0.007650 0.005111 0.074101
v 0.007650 0.005111 0.089048
v 0.007700 -0.015614 0.000378
v 0.007700 0.015614 0.000378
v 0.007706 -0.005913 0.070071
v 0.007706 0.005913 0.070071
v 0.007721 -0.008804 0.070266
v 0.007721 0.008804 0.070266
v 0.007728 -0.013386 0.002353
v 0.007728 0.013386 0.002353
v 0.007743 -0.007743 0.083852
v 0.007743 -0.007743 0.085557
v 0.007743 -0.007743 0.086602
v 0.007743 -0.007743 0.088307
v 0.007743 0.007743 0.081790
v 0.007743 0.007743 0.083495
v 0.007743 0.007743 0.084540
v 0.007743 0.007743 0.086245
v 0.007761 -0.006806 0.069032
v 0.007758 -0.005184 0.071110
v 0.007758 0.005184 0.071110
v 0.007761 0.006806 0.069032
v 0.007793 -0.011662 0.064878
v 0.007791 -0.011661 0.067443
v 0.007793 0.011662 0.064878
v 0.007791 0.011661 0.067443
v 0.007831 -0.015879 0.063679
v 0.007831 0.015879 0.063679
v 0.007861 -0.007861 0.067994
v 0.007861 0.007861 0.067994
v 0.007872 -0.013636 0.062800
v 0.007872 0.013636 0.062800
v 0.007920 -0.007920 0.072148
v 0.007920 -0.007920 0.072448
v 0.007920 -0.007920 0.074948
v 0.007920 -0.007920 0.088898
v 0.007920 0.007920 0.072148
v 0.007920 0.007920 0.072448
v 0.007920 0.007920 0.074948
v 0.007920 0.007920 0.088898
v 0.007935 -0.010341 0.065916
v 0.007935 0.010341 0.065916
v 0.007940 -0.009053 0.066955
v 0.007941 -0.005306 0.089398
v 0.007941 0.005306 0.089398
v 0.007940 0.009053 0.066955
v 0.007946 -0.013763 0.002422
v 0.007946 0.013763 0.002422
v 0.007958 -0.016138 0.000827
v 0.007958 0.016138 0.000827
v 0.007967 -0.004600 0.074101
v 0.007967 -0.004600 0.089048
v 0.007967 0.004600 0.074101
v 0.007967 0.004600 0.089048
v 0.007978 -0.010397 0.068384
v 0.007978 0.010397 0.068384
v 0.007999 -0.013854 0.000000
v 0.007998 -0.013853 0.065561
v 0.007999 0.013854 0.000000
v 0.007998 0.013853 0.065561
v 0.008011 -0.008011 0.071207
v 0.008011 0.008011 0.071207
v 0.008032 -0.012020 0.002503
v 0.008032 0.012020 0.002503
v 0.008082 -0.007088 0.089398
v 0.008077 -0.005397 0.070071
v 0.008081 -0.004665 0.071110
v 0.008081 0.004665 0.071110
v 0.008077 0.005397 0.070071
v 0.008082 0.007088 0.089398
v 0.008098 -0.016422 0.062738
v 0.008096 -0.008096 0.087148
v 0.008096 -0.008096 0.087762
v 0.008096 0.008096 0.082335
v 0.008096 0.008096 0.082949
v 0.008098 0.016422 0.062738
v 0.008121 -0.009260 0.069325
v 0.008121 0.009260 0.069325
v 0.008143 -0.014104 0.002622
v 0.008143 0.014104 0.002622
v 0.008157 -0.016541 0.001412
v 0.008157 0.016541 0.001412
v 0.008177 -0.014163 0.061762
v 0.008177 0.014163 0.061762
v 0.008190 -0.006284 0.069032
v 0.008190 0.006284 0.069032
v 0.008209 -0.009360 0.072798
v 0.008209 -0.009360 0.074598
v 0.008209 0.009360 0.072798
v 0.008209 0.009360 0.074598
v 0.008251 -0.004069 0.074101
v 0.008251 -0.004069 0.089048
v 0.008251 0.004069 0.074101
v 0.008251 0.004069 0.089048
v 0.008267 -0.016763 0.061797
v 0.008271 -0.004775 0.089398
v 0.008271 0.004775 0.089398
v 0.008267 0.016763 0.061797
v 0.008282 -0.016794 0.002092
v 0.008281 -0.008281 0.070266
v 0.008281 0.008281 0.070266
v 0.008282 0.016794 0.002092
v 0.008299 -0.014375 0.002934
v 0.008299 0.014375 0.002934
v 0.008306 -0.012431 0.063839
v 0.008306 0.012431 0.063839
v 0.008324 -0.016880 0.002823
v 0.008324 -0.016880 0.060856
v 0.008324 0.016880 0.002823
v 0.008324 0.016880 0.060856
v 0.008332 -0.012470 0.000250
v 0.008332 0.012470 0.000250
v 0.008339 -0.012481 0.066502
v 0.008339 0.012481 0.066502
v 0.008364 -0.014487 0.000096
v 0.008358 -0.007330 0.067994
v 0.008358 0.007330 0.067994
v 0.008364 0.014487 0.000096
v 0.008369 -0.014495 0.060723
v 0.008368 -0.004127 0.071110
v 0.008368 0.004127 0.071110
v 0.008369 0.014495 0.060723
v 0.008399 -0.014548 0.003328
v 0.008399 0.014548 0.003328
v 0.008412 -0.004857 0.070071
v 0.008412 0.004857 0.070071
v 0.008421 -0.007385 0.072148
v 0.008421 -0.007385 0.072448
v 0.008421 -0.007385 0.074948
v 0.008421 -0.007385 0.088898
v 0.008421 0.007385 0.072148
v 0.008421 0.007385 0.072448
v 0.008421 0.007385 0.074948
v 0.008421 0.007385 0.088898
v 0.008434 -0.014608 0.003764
v 0.008434 -0.014608 0.059684
v 0.008434 0.014608 0.003764
v 0.008434 0.014608 0.059684
v 0.008458 -0.014649 0.064620
v 0.008458 0.014649 0.064620
v 0.008500 -0.003521 0.074101
v 0.008500 -0.003521 0.089048
v 0.008500 0.003521 0.074101
v 0.008500 0.003521 0.089048
v 0.008515 -0.008515 0.066955
v 0.008515 0.008515 0.066955
v 0.008518 -0.007470 0.071207
v 0.008518 0.007470 0.071207
v 0.008529 -0.006544 0.089398
v 0.008529 0.006544 0.089398
v 0.008539 -0.011128 0.064878
v 0.008537 -0.011126 0.067443
v 0.008539 0.011128 0.064878
v 0.008537 0.011126 0.067443
v 0.008565 -0.004224 0.089398
v 0.008565 0.004224 0.089398
v 0.008583 -0.005735 0.069032
v 0.008583 0.005735 0.069032
v 0.008587 -0.012851 0.002353
v 0.008594 -0.009799 0.065916
v 0.008594 0.009799 0.065916
v 0.008587 0.012851 0.002353
v 0.008620 -0.003571 0.071110
v 0.008620 0.003571 0.071110
v 0.008627 -0.008627 0.084398
v 0.008627 -0.008627 0.085012
v 0.008627 0.008627 0.085085
v 0.008627 0.008627 0.085699
v 0.008641 -0.009853 0.068384
v 0.008641 0.009853 0.068384
v 0.008687 -0.006666 0.083909
v 0.008687 -0.006666 0.085614
v 0.008687 -0.006666 0.086659
v 0.008687 -0.006666 0.088364
v 0.008687 0.006666 0.081732
v 0.008687 0.006666 0.083437
v 0.008687 0.006666 0.084482
v 0.008687 0.006666 0.086187
v 0.008705 -0.015077 0.000378
v 0.008705 0.015077 0.000378
v 0.008709 -0.008709 0.069325
v 0.008712 -0.004296 0.070071
v 0.008712 -0.002957 0.074101
v 0.008712 -0.002957 0.089048
v 0.008712 0.002957 0.074101
v 0.008712 0.002957 0.089048
v 0.008712 0.004296 0.070071
v 0.008709 0.008709 0.069325
v 0.008747 -0.013091 0.062800
v 0.008747 0.013091 0.062800
v 0.008800 -0.011469 0.002503
v 0.008803 -0.008803 0.072798
v 0.008803 -0.008803 0.074598
v 0.008804 -0.007721 0.070266
v 0.008804 0.007721 0.070266
v 0.008803 0.008803 0.072798
v 0.008803 0.008803 0.074598
v 0.008800 0.011469 0.002503
v 0.008820 -0.006768 0.067994
v 0.008823 -0.003655 0.089398
v 0.008823 0.003655 0.089398
v 0.008820 0.006768 0.067994
v 0.008829 -0.013214 0.002422
v 0.008829 0.013214 0.002422
v 0.008835 -0.002999 0.071110
v 0.008835 0.002999 0.071110
v 0.008852 -0.015333 0.063679
v 0.008852 0.015333 0.063679
v 0.008888 -0.013302 0.000000
v 0.008887 -0.013301 0.065561
v 0.008886 -0.006818 0.072148
v 0.008886 -0.006818 0.072448
v 0.008886 -0.006818 0.074948
v 0.008886 -0.006818 0.088898
v 0.008887 -0.002381 0.074101
v 0.008887 -0.002381 0.089048
v 0.008887 0.002381 0.074101
v 0.008887 0.002381 0.089048
v 0.008886 0.006818 0.072148
v 0.008886 0.006818 0.072448
v 0.008886 0.006818 0.074948
v 0.008886 0.006818 0.088898
v 0.008888 0.013302 0.000000
v 0.008887 0.013301 0.065561
v 0.008938 -0.005972 0.089398
v 0.008940 -0.005161 0.069032
v 0.008940 0.005161 0.069032
v 0.008938 0.005972 0.089398
v 0.008974 -0.003717 0.070071
v 0.008974 0.003717 0.070071
v 0.008989 -0.006897 0.071207
v 0.008989 0.006897 0.071207
v 0.008997 -0.015583 0.000827
v 0.008997 0.015583 0.000827
v 0.009013 -0.002415 0.071110
v 0.009013 0.002415 0.071110
v 0.009023 -0.001795 0.074101
v 0.009023 -0.001795 0.089048
v 0.009023 0.001795 0.074101
v 0.009023 0.001795 0.089048
v 0.009043 -0.003070 0.089398
v 0.009043 0.003070 0.089398
v 0.009048 -0.013541 0.002622
v 0.009053 -0.007940 0.066955
v 0.009051 -0.006945 0.087205
v 0.009051 -0.006945 0.087819
v 0.009051 0.006945 0.082278
v 0.009051 0.006945 0.082892
v 0.009053 0.007940 0.066955
v 0.009048 0.013541 0.002622
v 0.009086 -0.013598 0.061762
v 0.009086 0.013598 0.061762
v 0.009102 -0.011861 0.063839
v 0.009102 0.011861 0.063839
v 0.009121 -0.001201 0.074101
v 0.009121 -0.001201 0.089048
v 0.009121 0.001201 0.074101
v 0.009121 0.001201 0.089048
v 0.009130 -0.011898 0.000250
v 0.009130 0.011898 0.000250
v 0.009138 -0.011909 0.066502
v 0.009138 0.011909 0.066502
v 0.009151 -0.001820 0.071110
v 0.009151 0.001820 0.071110
v 0.009155 -0.015857 0.062738
v 0.009155 0.015857 0.062738
v 0.009180 -0.000602 0.074101
v 0.009180 -0.000602 0.089048
v 0.009180 0.000602 0.074101
v 0.009180 0.000602 0.089048
v 0.009198 -0.003122 0.070071
v 0.009200 0.000000 0.074101
v 0.009200 0.000000 0.089048
v 0.009198 0.003122 0.070071
v 0.009221 -0.015972 0.001412
v 0.009222 -0.013801 0.002934
v 0.009216 -0.009216 0.065916
v 0.009225 -0.002472 0.089398
v 0.009225 0.002472 0.089398
v 0.009216 0.009216 0.065916
v 0.009222 0.013801 0.002934
v 0.009221 0.015972 0.001412
v 0.009243 -0.006176 0.067994
v 0.009243 0.006176 0.067994
v 0.009248 -0.010545 0.064878
v 0.009247 -0.010544 0.067443
v 0.009251 -0.001218 0.071110
v 0.009251 0.001218 0.071110
v 0.009247 0.010544 0.067443
v 0.009248 0.010545 0.064878
v 0.009260 -0.008121 0.069325
v 0.009258 -0.004566 0.069032
v 0.009258 0.004566 0.069032
v 0.009260 0.008121 0.069325
v 0.009267 -0.009267 0.068384
v 0.009267 0.009267 0.068384
v 0.009294 -0.013909 0.000096
v 0.009291 -0.007129 0.070266
v 0.009291 0.007129 0.070266
v 0.009294 0.013909 0.000096
v 0.009299 -0.013917 0.060723
v 0.009299 0.013917 0.060723
v 0.009312 -0.006222 0.072148
v 0.009312 -0.006222 0.072448
v 0.009312 -0.006222 0.074948
v 0.009312 -0.006222 0.088898
v 0.009310 -0.005375 0.089398
v 0.009311 -0.000610 0.071110
v 0.009311 0.000610 0.071110
v 0.009310 0.005375 0.089398
v 0.009312 0.006222 0.072148
v 0.009312 0.006222 0.072448
v 0.009312 0.006222 0.074948
v 0.009312 0.006222 0.088898
v 0.009333 -0.013968 0.003328
v 0.009331 0.000000 0.071110
v 0.009333 0.013968 0.003328
v 0.009345 -0.016187 0.061797
v 0.009345 0.016187 0.061797
v 0.009362 -0.016216 0.002092
v 0.009360 -0.008209 0.072798
v 0.009360 -0.008209 0.074598
v 0.009360 0.008209 0.072798
v 0.009360 0.008209 0.074598
v 0.009362 0.016216 0.002092
v 0.009371 -0.014025 0.003764
v 0.009371 -0.014025 0.059684
v 0.009366 -0.001863 0.089398
v 0.009366 0.001863 0.089398
v 0.009371 0.014025 0.003764
v 0.009371 0.014025 0.059684
v 0.009383 -0.002514 0.070071
v 0.009383 0.002514 0.070071
v 0.009398 -0.014065 0.064620
v 0.009398 0.014065 0.064620
v 0.009410 -0.016299 0.002823
v 0.009410 -0.016299 0.060856
v 0.009409 -0.012262 0.002353
v 0.009409 0.012262 0.002353
v 0.009410 0.016299 0.002823
v 0.009410 0.016299 0.060856
v 0.009420 -0.006295 0.071207
v 0.009420 0.006295 0.071207
v 0.009468 -0.001247 0.089398
v 0.009468 0.001247 0.089398
v 0.009483 -0.005475 0.083967
v 0.009483 -0.005475 0.085672
v 0.009483 -0.005475 0.086717
v 0.009483 -0.005475 0.088422
v 0.009483 0.005475 0.081675
v 0.009483 0.005475 0.083380
v 0.009483 0.005475 0.084425
v 0.009483 0.005475 0.086130
v 0.009532 -0.010869 0.002503
v 0.009527 -0.001895 0.070071
v 0.009530 -0.000625 0.089398
v 0.009530 0.000625 0.089398
v 0.009527 0.001895 0.070071
v 0.009532 0.010869 0.002503
v 0.009537 -0.003950 0.069032
v 0.009537 0.003950 0.069032
v 0.009553 -0.007330 0.066955
v 0.009550 0.000000 0.089398
v 0.009553 0.007330 0.066955
v 0.009585 -0.012491 0.062800
v 0.009585 0.012491 0.062800
v 0.009628 -0.005558 0.067994
v 0.009631 -0.001268 0.070071
v 0.009631 0.001268 0.070071
v 0.009628 0.005558 0.067994
v 0.009641 -0.004755 0.089398
v 0.009641 0.004755 0.089398
v 0.009672 -0.014475 0.000378
v 0.009675 -0.012608 0.002422
v 0.009675 0.012608 0.002422
v 0.009672 0.014475 0.000378
v 0.009679 -0.007427 0.084455
v 0.009679 -0.007427 0.085069
v 0.009679 0.007427 0.085028
v 0.009679 0.007427 0.085642
v 0.009693 -0.000635 0.070071
v 0.009693 0.000635 0.070071
v 0.009699 -0.005600 0.072148
v 0.009699 -0.005600 0.072448
v 0.009699 -0.005600 0.074948
v 0.009699 -0.005600 0.088898
v 0.009699 0.005600 0.072148
v 0.009699 0.005600 0.072448
v 0.009699 0.005600 0.074948
v 0.009699 0.005600 0.088898
v 0.009714 0.000000 0.070071
v 0.009739 -0.012692 0.000000
v 0.009738 -0.012691 0.065561
v 0.009737 -0.006506 0.070266
v 0.009737 0.006506 0.070266
v 0.009739 0.012692 0.000000
v 0.009738 0.012691 0.065561
v 0.009771 -0.007498 0.069325
v 0.009771 0.007498 0.069325
v 0.009775 -0.003318 0.069032
v 0.009775 0.003318 0.069032
v 0.009799 -0.008594 0.065916
v 0.009799 0.008594 0.065916
v 0.009812 -0.005665 0.071207
v 0.009812 0.005665 0.071207
v 0.009836 -0.014721 0.063679
v 0.009844 -0.005683 0.087262
v 0.009844 -0.005683 0.087876
v 0.009844 0.005683 0.082221
v 0.009844 0.005683 0.082834
v 0.009836 0.014721 0.063679
v 0.009853 -0.008641 0.068384
v 0.009853 0.008641 0.068384
v 0.009858 -0.011241 0.063839
v 0.009858 0.011241 0.063839
v 0.009877 -0.007579 0.072798
v 0.009877 -0.007579 0.074598
v 0.009877 0.007579 0.072798
v 0.009877 0.007579 0.074598
v 0.009889 -0.011276 0.000250
v 0.009889 0.011276 0.000250
v 0.009897 -0.011285 0.066502
v 0.009897 0.011285 0.066502
v 0.009914 -0.012921 0.002622
v 0.009914 0.012921 0.002622
v 0.009918 -0.009918 0.064878
v 0.009917 -0.009917 0.067443
v 0.009918 0.009918 0.064878
v 0.009917 0.009917 0.067443
v 0.009932 -0.004114 0.089398
v 0.009932 0.004114 0.089398
v 0.009956 -0.012975 0.061762
v 0.009956 0.012975 0.061762
v 0.009971 -0.004917 0.067994
v 0.009971 -0.002672 0.069032
v 0.009971 0.002672 0.069032
v 0.009971 0.004917 0.067994
v 0.009997 -0.014961 0.000827
v 0.009997 0.014961 0.000827
v 0.010012 -0.006690 0.066955
v 0.010012 0.006690 0.066955
v 0.010045 -0.004954 0.072148
v 0.010045 -0.004954 0.072448
v 0.010045 -0.004954 0.074948
v 0.010045 -0.004954 0.088898
v 0.010045 0.004954 0.072148
v 0.010045 0.004954 0.072448
v 0.010045 0.004954 0.074948
v 0.010045 0.004954 0.088898
v 0.010104 -0.013168 0.002934
v 0.010104 0.013168 0.002934
v 0.010116 -0.004190 0.084024
v 0.010116 -0.004190 0.085729
v 0.010116 -0.004190 0.086774
v 0.010116 -0.004190 0.088479
v 0.010125 -0.002014 0.069032
v 0.010125 0.002014 0.069032
v 0.010116 0.004190 0.081618
v 0.010116 0.004190 0.083323
v 0.010116 0.004190 0.084368
v 0.010116 0.004190 0.086073
v 0.010142 -0.005855 0.070266
v 0.010142 0.005855 0.070266
v 0.010161 -0.005011 0.071207
v 0.010161 0.005011 0.071207
v 0.010173 -0.015224 0.062738
v 0.010173 0.015224 0.062738
v 0.010184 -0.013271 0.000096
v 0.010179 -0.003455 0.089398
v 0.010179 0.003455 0.089398
v 0.010184 0.013271 0.000096
v 0.010189 -0.013279 0.060723
v 0.010191 -0.011621 0.002353
v 0.010191 0.011621 0.002353
v 0.010189 0.013279 0.060723
v 0.010222 -0.010222 0.002503
v 0.010222 0.010222 0.002503
v 0.010226 -0.013327 0.003328
v 0.010235 -0.001347 0.069032
v 0.010235 0.001347 0.069032
v 0.010226 0.013327 0.003328
v 0.010240 -0.006842 0.069325
v 0.010240 0.006842 0.069325
v 0.010246 -0.015334 0.001412
v 0.010246 0.015334 0.001412
v 0.010269 -0.013382 0.003764
v 0.010269 -0.013382 0.059684
v 0.010271 -0.004254 0.067994
v 0.010271 0.004254 0.067994
v 0.010269 0.013382 0.003764
v 0.010269 0.013382 0.059684
v 0.010298 -0.013420 0.064620
v 0.010301 -0.000675 0.069032
v 0.010301 0.000675 0.069032
v 0.010298 0.013420 0.064620
v 0.010323 0.000000 0.069032
v 0.010341 -0.007935 0.065916
v 0.010341 0.007935 0.065916
v 0.010352 -0.006917 0.072798
v 0.010352 -0.006917 0.074598
v 0.010347 -0.004286 0.072148
v 0.010347 -0.004286 0.072448
v 0.010347 -0.004286 0.074948
v 0.010347 -0.004286 0.088898
v 0.010347 0.004286 0.072148
v 0.010347 0.004286 0.072448
v 0.010347 0.004286 0.074948
v 0.010347 0.004286 0.088898
v 0.010352 0.006917 0.072798
v 0.010352 0.006917 0.074598
v 0.010384 -0.015541 0.061797
v 0.010381 -0.011838 0.062800
v 0.010384 -0.002782 0.089398
v 0.010384 0.002782 0.089398
v 0.010381 0.011838 0.062800
v 0.010384 0.015541 0.061797
v 0.010403 -0.015569 0.002092
v 0.010397 -0.007978 0.068384
v 0.010397 0.007978 0.068384
v 0.010403 0.015569 0.002092
v 0.010428 -0.006021 0.066955
v 0.010428 0.006021 0.066955
v 0.010456 -0.015649 0.002823
v 0.010456 -0.015649 0.060856
v 0.010463 -0.004334 0.087320
v 0.010463 -0.004334 0.087933
v 0.010463 0.004334 0.082163
v 0.010463 0.004334 0.082777
v 0.010456 0.015649 0.002823
v 0.010456 0.015649 0.060856
v 0.010467 -0.004336 0.071207
v 0.010467 0.004336 0.071207
v 0.010479 -0.011949 0.002422
v 0.010479 0.011949 0.002422
v 0.010503 -0.005179 0.070266
v 0.010503 0.005179 0.070266
v 0.010527 -0.003573 0.067994
v 0.010527 0.003573 0.067994
v 0.010544 -0.009247 0.067443
v 0.010543 -0.002097 0.089398
v 0.010543 0.002097 0.089398
v 0.010544 0.009247 0.067443
v 0.010548 -0.012028 0.000000
v 0.010547 -0.012027 0.065561
v 0.010545 -0.009248 0.064878
v 0.010545 0.009248 0.064878
v 0.010548 0.012028 0.000000
v 0.010547 0.012027 0.065561
v 0.010572 -0.010572 0.063839
v 0.010566 -0.006100 0.084512
v 0.010566 -0.006100 0.085126
v 0.010566 0.006100 0.084971
v 0.010566 0.006100 0.085584
v 0.010572 0.010572 0.063839
v 0.010577 -0.002834 0.084081
v 0.010577 -0.002834 0.085786
v 0.010577 -0.002834 0.086831
v 0.010577 -0.002834 0.088536
v 0.010577 0.002834 0.081561
v 0.010577 0.002834 0.083266
v 0.010577 0.002834 0.084311
v 0.010577 0.002834 0.086016
v 0.010598 -0.013812 0.000378
v 0.010605 -0.010605 0.000250
v 0.010605 0.010605 0.000250
v 0.010598 0.013812 0.000378
v 0.010614 -0.010614 0.066502
v 0.010606 -0.003600 0.072148
v 0.010606 -0.003600 0.072448
v 0.010606 -0.003600 0.074948
v 0.010606 -0.003600 0.088898
v 0.010606 0.003600 0.072148
v 0.010606 0.003600 0.072448
v 0.010606 0.003600 0.074948
v 0.010606 0.003600 0.088898
v 0.010614 0.010614 0.066502
v 0.010658 -0.001403 0.089398
v 0.010658 0.001403 0.089398
v 0.010666 -0.006158 0.069325
v 0.010666 0.006158 0.069325
v 0.010729 -0.003642 0.071207
v 0.010727 -0.000703 0.089398
v 0.010727 0.000703 0.089398
v 0.010729 0.003642 0.071207
v 0.010738 -0.012244 0.002622
v 0.010738 -0.002877 0.067994
v 0.010738 0.002877 0.067994
v 0.010738 0.012244 0.002622
v 0.010750 0.000000 0.089398
v 0.010778 -0.014046 0.063679
v 0.010783 -0.012296 0.061762
v 0.010782 -0.006225 0.072798
v 0.010782 -0.006225 0.074598
v 0.010782 0.006225 0.072798
v 0.010782 0.006225 0.074598
v 0.010783 0.012296 0.061762
v 0.010778 0.014046 0.063679
v 0.010800 -0.005326 0.066955
v 0.010800 0.005326 0.066955
v 0.010819 -0.004481 0.070266
v 0.010818 -0.002899 0.072148
v 0.010818 -0.002899 0.072448
v 0.010818 -0.002899 0.074948
v 0.010818 -0.002899 0.088898
v 0.010818 0.002899 0.072148
v 0.010818 0.002899 0.072448
v 0.010818 0.002899 0.074948
v 0.010818 0.002899 0.088898
v 0.010819 0.004481 0.070266
v 0.010837 -0.007241 0.065916
v 0.010837 0.007241 0.065916
v 0.010856 -0.001429 0.084139
v 0.010856 -0.001429 0.085844
v 0.010856 -0.001429 0.086889
v 0.010856 -0.001429 0.088594
v 0.010856 0.001429 0.081503
v 0.010856 0.001429 0.083208
v 0.010856 0.001429 0.084253
v 0.010856 0.001429 0.085958
v 0.010869 -0.009532 0.002503
v 0.010869 0.009532 0.002503
v 0.010897 -0.007281 0.068384
v 0.010899 -0.002920 0.087377
v 0.010899 -0.002920 0.087991
v 0.010903 -0.002169 0.067994
v 0.010903 0.002169 0.067994
v 0.010899 0.002920 0.082106
v 0.010899 0.002920 0.082720
v 0.010897 0.007281 0.068384
v 0.010929 -0.010929 0.002353
v 0.010929 0.010929 0.002353
v 0.010944 -0.012479 0.002934
v 0.010944 -0.002932 0.071207
v 0.010944 0.002932 0.071207
v 0.010944 0.012479 0.002934
v 0.010954 -0.014275 0.000827
v 0.010950 0.000000 0.081446
v 0.010950 0.000000 0.083151
v 0.010950 -0.000000 0.084196
v 0.010950 -0.000000 0.085901
v 0.010950 -0.000000 0.086946
v 0.010950 -0.000000 0.088651
v 0.010954 0.014275 0.000827
v 0.010985 -0.002185 0.072148
v 0.010985 -0.002185 0.072448
v 0.010985 -0.002185 0.074948
v 0.010985 -0.002185 0.088898
v 0.010985 0.002185 0.072148
v 0.010985 0.002185 0.072448
v 0.010985 0.002185 0.074948
v 0.010985 0.002185 0.088898
v 0.011022 -0.001451 0.067994
v 0.011022 0.001451 0.067994
v 0.011030 -0.012577 0.000096
v 0.011030 0.012577 0.000096
v 0.011036 -0.012584 0.060723
v 0.011036 0.012584 0.060723
v 0.011046 -0.005447 0.069325
v 0.011046 0.005447 0.069325
v 0.011076 -0.012630 0.003328
v 0.011076 0.012630 0.003328
v 0.011089 -0.003764 0.070266
v 0.011093 -0.000727 0.067994
v 0.011093 0.000727 0.067994
v 0.011089 0.003764 0.070266
v 0.011104 -0.001462 0.072148
v 0.011104 -0.001462 0.072448
v 0.011104 -0.001462 0.074948
v 0.011104 -0.001462 0.088898
v 0.011104 0.001462 0.072148
v 0.011104 0.001462 0.072448
v 0.011104 0.001462 0.074948
v 0.011104 0.001462 0.088898
v 0.011112 -0.002210 0.071207
v 0.011112 0.002210 0.071207
v 0.011122 -0.012682 0.003764
v 0.011122 -0.012682 0.059684
v 0.011117 0.000000 0.067994
v 0.011122 0.012682 0.003764
v 0.011122 0.012682 0.059684
v 0.011133 -0.011133 0.062800
v 0.011128 -0.008539 0.064878
v 0.011126 -0.008537 0.067443
v 0.011125 -0.004608 0.066955
v 0.011125 0.004608 0.066955
v 0.011128 0.008539 0.064878
v 0.011126 0.008537 0.067443
v 0.011133 0.011133 0.062800
v 0.011147 -0.014526 0.062738
v 0.011153 -0.012718 0.064620
v 0.011145 -0.001467 0.087434
v 0.011145 -0.001467 0.088048
v 0.011145 0.001467 0.082049
v 0.011145 0.001467 0.082663
v 0.011153 0.012718 0.064620
v 0.011147 0.014526 0.062738
v 0.011166 -0.005506 0.072798
v 0.011166 -0.005506 0.074598
v 0.011166 0.005506 0.072798
v 0.011166 0.005506 0.074598
v 0.011176 -0.000733 0.072148
v 0.011176 -0.000733 0.072448
v 0.011176 -0.000733 0.074948
v 0.011176 -0.000733 0.088898
v 0.011176 0.000733 0.072148
v 0.011176 0.000733 0.072448
v 0.011176 0.000733 0.074948
v 0.011176 0.000733 0.088898
v 0.011200 0.000000 0.072148
v 0.011200 0.000000 0.072448
v 0.011200 0.000000 0.074948
v 0.011200 0.000000 0.081992
v 0.011200 0.000000 0.082605
v 0.011200 -0.000000 0.087492
v 0.011200 -0.000000 0.088105
v 0.011200 0.000000 0.088898
v 0.011227 -0.014631 0.001412
v 0.011233 -0.001479 0.071207
v 0.011233 0.001479 0.071207
v 0.011227 0.014631 0.001412
v 0.011238 -0.011238 0.002422
v 0.011241 -0.009858 0.063839
v 0.011241 0.009858 0.063839
v 0.011238 0.011238 0.002422
v 0.011271 -0.004669 0.084570
v 0.011271 -0.004669 0.085183
v 0.011271 0.004669 0.084913
v 0.011271 0.004669 0.085527
v 0.011276 -0.009889 0.000250
v 0.011276 0.009889 0.000250
v 0.011285 -0.009897 0.066502
v 0.011288 -0.006517 0.065916
v 0.011288 0.006517 0.065916
v 0.011285 0.009897 0.066502
v 0.011312 -0.011312 0.000000
v 0.011311 -0.011311 0.065561
v 0.011311 -0.003031 0.070266
v 0.011306 -0.000741 0.071207
v 0.011306 0.000741 0.071207
v 0.011311 0.003031 0.070266
v 0.011312 0.011312 0.000000
v 0.011311 0.011311 0.065561
v 0.011330 0.000000 0.071207
v 0.011349 -0.006553 0.068384
v 0.011349 0.006553 0.068384
v 0.011378 -0.014828 0.061797
v 0.011379 -0.004713 0.069325
v 0.011379 0.004713 0.069325
v 0.011378 0.014828 0.061797
v 0.011399 -0.014855 0.002092
v 0.011403 -0.003871 0.066955
v 0.011403 0.003871 0.066955
v 0.011399 0.014855 0.002092
v 0.011457 -0.014931 0.002823
v 0.011457 -0.014931 0.060856
v 0.011457 0.014931 0.002823
v 0.011457 0.014931 0.060856
v 0.011469 -0.008800 0.002503
v 0.011469 0.008800 0.002503
v 0.011479 -0.013089 0.000378
v 0.011479 0.013089 0.000378
v 0.011485 -0.002285 0.070266
v 0.011485 0.002285 0.070266
v 0.011502 -0.004764 0.072798
v 0.011502 -0.004764 0.074598
v 0.011502 0.004764 0.072798
v 0.011502 0.004764 0.074598
v 0.011516 -0.011516 0.002622
v 0.011516 0.011516 0.002622
v 0.011564 -0.011564 0.061762
v 0.011564 0.011564 0.061762
v 0.011610 -0.001529 0.070266
v 0.011610 0.001529 0.070266
v 0.011621 -0.010191 0.002353
v 0.011621 0.010191 0.002353
v 0.011631 -0.003117 0.066955
v 0.011631 0.003117 0.066955
v 0.011662 -0.007793 0.064878
v 0.011661 -0.007791 0.067443
v 0.011662 -0.003959 0.069325
v 0.011662 0.003959 0.069325
v 0.011662 0.007793 0.064878
v 0.011661 0.007791 0.067443
v 0.011674 -0.013311 0.063679
v 0.011674 0.013311 0.063679
v 0.011690 -0.005765 0.065916
v 0.011685 -0.000766 0.070266
v 0.011685 0.000766 0.070266
v 0.011690 0.005765 0.065916
v 0.011710 0.000000 0.070266
v 0.011737 -0.011737 0.002934
v 0.011737 0.011737 0.002934
v 0.011754 -0.005796 0.068384
v 0.011754 0.005796 0.068384
v 0.011784 -0.003158 0.084627
v 0.011784 -0.003158 0.085241
v 0.011784 0.003158 0.084856
v 0.011784 0.003158 0.085470
v 0.011789 -0.004002 0.072798
v 0.011789 -0.004002 0.074598
v 0.011789 0.004002 0.072798
v 0.011789 0.004002 0.074598
v 0.011810 -0.002349 0.066955
v 0.011810 0.002349 0.066955
v 0.011829 -0.011829 0.000096
v 0.011829 0.011829 0.000096
v 0.011835 -0.011835 0.060723
v 0.011838 -0.010381 0.062800
v 0.011838 0.010381 0.062800
v 0.011835 0.011835 0.060723
v 0.011864 -0.013528 0.000827
v 0.011861 -0.009102 0.063839
v 0.011861 0.009102 0.063839
v 0.011864 0.013528 0.000827
v 0.011879 -0.011879 0.003328
v 0.011879 0.011879 0.003328
v 0.011898 -0.009130 0.000250
v 0.011896 -0.003188 0.069325
v 0.011896 0.003188 0.069325
v 0.011898 0.009130 0.000250
v 0.011909 -0.009138 0.066502
v 0.011909 0.009138 0.066502
v 0.011927 -0.011927 0.003764
v 0.011927 -0.011927 0.059684
v 0.011927 0.011927 0.003764
v 0.011927 0.011927 0.059684
v 0.011939 -0.001572 0.066955
v 0.011939 0.001572 0.066955
v 0.011949 -0.010479 0.002422
v 0.011949 0.010479 0.002422
v 0.011961 -0.011961 0.064620
v 0.011961 0.011961 0.064620
v 0.012020 -0.008032 0.002503
v 0.012016 -0.000788 0.066955
v 0.012016 0.000788 0.066955
v 0.012020 0.008032 0.002503
v 0.012028 -0.010548 0.000000
v 0.012027 -0.010547 0.065561
v 0.012026 -0.003222 0.072798
v 0.012026 -0.003222 0.074598
v 0.012026 0.003222 0.072798
v 0.012026 0.003222 0.074598
v 0.012028 0.010548 0.000000
v 0.012027 0.010547 0.065561
v 0.012042 -0.004988 0.065916
v 0.012042 0.000000 0.066955
v 0.012042 0.004988 0.065916
v 0.012073 -0.013766 0.062738
v 0.012073 0.013766 0.062738
v 0.012079 -0.002403 0.069325
v 0.012079 0.002403 0.069325
v 0.012096 -0.001592 0.084684
v 0.012096 -0.001592 0.085298
v 0.012096 0.001592 0.084799
v 0.012096 0.001592 0.085413
v 0.012108 -0.005015 0.068384
v 0.012108 0.005015 0.068384
v 0.012147 -0.007013 0.064878
v 0.012145 -0.007012 0.067443
v 0.012147 0.007013 0.064878
v 0.012145 0.007012 0.067443
v 0.012160 -0.013866 0.001412
v 0.012160 0.013866 0.001412
v 0.012200 -0.000000 0.084742
v 0.012200 -0.000000 0.085355
v 0.012211 -0.002429 0.072798
v 0.012211 -0.002429 0.074598
v 0.012211 -0.001608 0.069325
v 0.012211 0.001608 0.069325
v 0.012211 0.002429 0.072798
v 0.012211 0.002429 0.074598
v 0.012244 -0.010738 0.002622
v 0.012244 0.010738 0.002622
v 0.012262 -0.009409 0.002353
v 0.012262 0.009409 0.002353
v 0.012290 -0.000806 0.069325
v 0.012290 0.000806 0.069325
v 0.012296 -0.010783 0.061762
v 0.012296 0.010783 0.061762
v 0.012310 -0.012310 0.000378
v 0.012310 0.012310 0.000378
v 0.012324 -0.014053 0.061797
v 0.012316 0.000000 0.069325
v 0.012324 0.014053 0.061797
v 0.012342 -0.004190 0.065916
v 0.012343 -0.001625 0.072798
v 0.012343 -0.001625 0.074598
v 0.012343 0.001625 0.072798
v 0.012343 0.001625 0.074598
v 0.012342 0.004190 0.065916
v 0.012346 -0.014078 0.002092
v 0.012346 0.014078 0.002092
v 0.012409 -0.014150 0.002823
v 0.012409 -0.014150 0.060856
v 0.012410 -0.004213 0.068384
v 0.012410 0.004213 0.068384
v 0.012409 0.014150 0.002823
v 0.012409 0.014150 0.060856
v 0.012423 -0.000814 0.072798
v 0.012423 -0.000814 0.074598
v 0.012423 0.000814 0.072798
v 0.012423 0.000814 0.074598
v 0.012431 -0.008306 0.063839
v 0.012431 0.008306 0.063839
v 0.012450 0.000000 0.072798
v 0.012450 0.000000 0.074598
v 0.012470 -0.008332 0.000250
v 0.012470 0.008332 0.000250
v 0.012479 -0.010944 0.002934
v 0.012481 -0.008339 0.066502
v 0.012481 0.008339 0.066502
v 0.012479 0.010944 0.002934
v 0.012491 -0.009585 0.062800
v 0.012491 0.009585 0.062800
v 0.012519 -0.012519 0.063679
v 0.012520 -0.007228 0.002503
v 0.012520 0.007228 0.002503
v 0.012519 0.012519 0.063679
v 0.012584 -0.011036 0.060723
v 0.012577 -0.011030 0.000096
v 0.012580 -0.006204 0.064878
v 0.012578 -0.006203 0.067443
v 0.012580 0.006204 0.064878
v 0.012578 0.006203 0.067443
v 0.012577 0.011030 0.000096
v 0.012584 0.011036 0.060723
v 0.012590 -0.003373 0.065916
v 0.012590 0.003373 0.065916
v 0.012608 -0.009675 0.002422
v 0.012608 0.009675 0.002422
v 0.012630 -0.011076 0.003328
v 0.012630 0.011076 0.003328
v 0.012659 -0.003392 0.068384
v 0.012659 0.003392 0.068384
v 0.012682 -0.011122 0.003764
v 0.012682 -0.011122 0.059684
v 0.012682 0.011122 0.003764
v 0.012682 0.011122 0.059684
v 0.012692 -0.009739 0.000000
v 0.012691 -0.009738 0.065561
v 0.012692 0.009739 0.000000
v 0.012691 0.009738 0.065561
v 0.012724 -0.012724 0.000827
v 0.012718 -0.011153 0.064620
v 0.012718 0.011153 0.064620
v 0.012724 0.012724 0.000827
v 0.012784 -0.002543 0.065916
v 0.012784 0.002543 0.065916
v 0.012851 -0.008587 0.002353
v 0.012853 -0.002557 0.068384
v 0.012853 0.002557 0.068384
v 0.012851 0.008587 0.002353
v 0.012921 -0.009914 0.002622
v 0.012922 -0.001701 0.065916
v 0.012922 0.001701 0.065916
v 0.012921 0.009914 0.002622
v 0.012947 -0.012947 0.062738
v 0.012948 -0.007475 0.063839
v 0.012948 0.007475 0.063839
v 0.012947 0.012947 0.062738
v 0.012959 -0.005368 0.064878
v 0.012957 -0.005367 0.067443
v 0.012959 0.005368 0.064878
v 0.012957 0.005367 0.067443
v 0.012975 -0.009956 0.061762
v 0.012965 -0.006394 0.002503
v 0.012965 0.006394 0.002503
v 0.012975 0.009956 0.061762
v 0.012988 -0.007499 0.000250
v 0.012993 -0.001711 0.068384
v 0.012993 0.001711 0.068384
v 0.012988 0.007499 0.000250
v 0.012999 -0.007505 0.066502
v 0.012999 0.007505 0.066502
v 0.013006 -0.000852 0.065916
v 0.013006 0.000852 0.065916
v 0.013034 0.000000 0.065916
v 0.013041 -0.013041 0.001412
v 0.013041 0.013041 0.001412
v 0.013077 -0.000857 0.068384
v 0.013077 0.000857 0.068384
v 0.013089 -0.011479 0.000378
v 0.013091 -0.008747 0.062800
v 0.013091 0.008747 0.062800
v 0.013089 0.011479 0.000378
v 0.013105 0.000000 0.068384
v 0.013168 -0.010104 0.002934
v 0.013168 0.010104 0.002934
v 0.013214 -0.008829 0.002422
v 0.013214 0.008829 0.002422
v 0.013216 -0.013216 0.061797
v 0.013216 0.013216 0.061797
v 0.013240 -0.013240 0.002092
v 0.013240 0.013240 0.002092
v 0.013271 -0.010184 0.000096
v 0.013271 0.010184 0.000096
v 0.013279 -0.010189 0.060723
v 0.013282 -0.004509 0.064878
v 0.013280 -0.004508 0.067443
v 0.013282 0.004509 0.064878
v 0.013280 0.004508 0.067443
v 0.013279 0.010189 0.060723
v 0.013302 -0.008888 0.000000
v 0.013301 -0.008887 0.065561
v 0.013302 0.008888 0.000000
v 0.013301 0.008887 0.065561
v 0.013308 -0.013308 0.002823
v 0.013308 -0.013308 0.060856
v 0.013311 -0.011674 0.063679
v 0.013311 0.011674 0.063679
v 0.013308 0.013308 0.002823
v 0.013308 0.013308 0.060856
v 0.013327 -0.010226 0.003328
v 0.013327 0.010226 0.003328
v 0.013356 -0.005532 0.002503
v 0.013356 0.005532 0.002503
v 0.013382 -0.010269 0.003764
v 0.013382 -0.010269 0.059684
v 0.013382 0.010269 0.003764
v 0.013382 0.010269 0.059684
v 0.013386 -0.007728 0.002353
v 0.013386 0.007728 0.002353
v 0.013409 -0.006613 0.063839
v 0.013409 0.006613 0.063839
v 0.013420 -0.010298 0.064620
v 0.013420 0.010298 0.064620
v 0.013451 -0.006633 0.000250
v 0.013451 0.006633 0.000250
v 0.013462 -0.006639 0.066502
v 0.013462 0.006639 0.066502
v 0.013528 -0.011864 0.000827
v 0.013528 0.011864 0.000827
v 0.013541 -0.009048 0.002622
v 0.013541 0.009048 0.002622
v 0.013548 -0.003630 0.064878
v 0.013546 -0.003630 0.067443
v 0.013548 0.003630 0.064878
v 0.013546 0.003630 0.067443
v 0.013598 -0.009086 0.061762
v 0.013598 0.009086 0.061762
v 0.013636 -0.007872 0.062800
v 0.013636 0.007872 0.062800
v 0.013689 -0.004647 0.002503
v 0.013689 0.004647 0.002503
v 0.013755 -0.002736 0.067443
v 0.013755 0.002736 0.067443
v 0.013763 -0.007946 0.002422
v 0.013757 -0.002736 0.064878
v 0.013757 0.002736 0.064878
v 0.013763 0.007946 0.002422
v 0.013766 -0.012073 0.062738
v 0.013766 0.012073 0.062738
v 0.013801 -0.009222 0.002934
v 0.013801 0.009222 0.002934
v 0.013812 -0.010598 0.000378
v 0.013813 -0.005721 0.063839
v 0.013813 0.005721 0.063839
v 0.013812 0.010598 0.000378
v 0.013854 -0.007999 0.000000
v 0.013853 -0.007998 0.065561
v 0.013854 0.007999 0.000000
v 0.013853 0.007998 0.065561
v 0.013862 -0.006836 0.002353
v 0.013856 -0.005739 0.000250
v 0.013856 0.005739 0.000250
v 0.013862 0.006836 0.002353
v 0.013866 -0.012160 0.001412
v 0.013868 -0.005744 0.066502
v 0.013868 0.005744 0.066502
v 0.013866 0.012160 0.001412
v 0.013904 -0.001831 0.067443
v 0.013904 0.001831 0.067443
v 0.013909 -0.009294 0.000096
v 0.013906 -0.001831 0.064878
v 0.013906 0.001831 0.064878
v 0.013909 0.009294 0.000096
v 0.013917 -0.009299 0.060723
v 0.013917 0.009299 0.060723
v 0.013964 -0.003742 0.002503
v 0.013964 0.003742 0.002503
v 0.013968 -0.009333 0.003328
v 0.013968 0.009333 0.003328
v 0.013994 -0.000917 0.067443
v 0.013994 0.000917 0.067443
v 0.013996 -0.000917 0.064878
v 0.013996 0.000917 0.064878
v 0.014024 0.000000 0.067443
v 0.014025 -0.009371 0.003764
v 0.014025 -0.009371 0.059684
v 0.014026 0.000000 0.064878
v 0.014025 0.009371 0.003764
v 0.014025 0.009371 0.059684
v 0.014053 -0.012324 0.061797
v 0.014046 -0.010778 0.063679
v 0.014046 0.010778 0.063679
v 0.014053 0.012324 0.061797
v 0.014065 -0.009398 0.064620
v 0.014065 0.009398 0.064620
v 0.014078 -0.012346 0.002092
v 0.014078 0.012346 0.002092
v 0.014104 -0.008143 0.002622
v 0.014104 0.008143 0.002622
v 0.014121 -0.006964 0.062800
v 0.014121 0.006964 0.062800
v 0.014150 -0.012409 0.002823
v 0.014150 -0.012409 0.060856
v 0.014150 0.012409 0.002823
v 0.014150 0.012409 0.060856
v 0.014163 -0.008177 0.061762
v 0.014157 -0.004806 0.063839
v 0.014157 0.004806 0.063839
v 0.014163 0.008177 0.061762
v 0.014179 -0.002820 0.002503
v 0.014179 0.002820 0.002503
v 0.014202 -0.004821 0.000250
v 0.014202 0.004821 0.000250
v 0.014214 -0.004825 0.066502
v 0.014214 0.004825 0.066502
v 0.014254 -0.007029 0.002422
v 0.014254 0.007029 0.002422
v 0.014275 -0.010954 0.000827
v 0.014280 -0.005915 0.002353
v 0.014280 0.005915 0.002353
v 0.014275 0.010954 0.000827
v 0.014333 -0.001887 0.002503
v 0.014333 0.001887 0.002503
v 0.014348 -0.007076 0.000000
v 0.014347 -0.007075 0.065561
v 0.014348 0.007076 0.000000
v 0.014347 0.007075 0.065561
v 0.014375 -0.008299 0.002934
v 0.014375 0.008299 0.002934
v 0.014425 -0.000945 0.002503
v 0.014425 0.000945 0.002503
v 0.014441 -0.003870 0.063839
v 0.014441 0.003870 0.063839
v 0.014456 0.000000 0.002503
v 0.014475 -0.009672 0.000378
v 0.014475 0.009672 0.000378
v 0.014495 -0.008369 0.060723
v 0.014487 -0.008364 0.000096
v 0.014487 -0.003882 0.000250
v 0.014487 0.003882 0.000250
v 0.014487 0.008364 0.000096
v 0.014495 0.008369 0.060723
v 0.014499 -0.003885 0.066502
v 0.014499 0.003885 0.066502
v 0.014526 -0.011147 0.062738
v 0.014526 0.011147 0.062738
v 0.014548 -0.008399 0.003328
v 0.014546 -0.006025 0.062800
v 0.014546 0.006025 0.062800
v 0.014548 0.008399 0.003328
v 0.014608 -0.008434 0.003764
v 0.014608 -0.008434 0.059684
v 0.014606 -0.007203 0.002622
v 0.014606 0.007203 0.002622
v 0.014608 0.008434 0.003764
v 0.014608 0.008434 0.059684
v 0.014631 -0.011227 0.001412
v 0.014631 0.011227 0.001412
v 0.014636 -0.004968 0.002353
v 0.014636 0.004968 0.002353
v 0.014649 -0.008458 0.064620
v 0.014649 0.008458 0.064620
v 0.014664 -0.002917 0.063839
v 0.014664 0.002917 0.063839
v 0.014668 -0.007233 0.061762
v 0.014668 0.007233 0.061762
v 0.014683 -0.006082 0.002422
v 0.014683 0.006082 0.002422
v 0.014709 -0.002926 0.000250
v 0.014709 0.002926 0.000250
v 0.014721 -0.009836 0.063679
v 0.014722 -0.002928 0.066502
v 0.014722 0.002928 0.066502
v 0.014721 0.009836 0.063679
v 0.014780 -0.006122 0.000000
v 0.014779 -0.006122 0.065561
v 0.014780 0.006122 0.000000
v 0.014779 0.006122 0.065561
v 0.014823 -0.001951 0.063839
v 0.014823 0.001951 0.063839
v 0.014828 -0.011378 0.061797
v 0.014828 0.011378 0.061797
v 0.014855 -0.011399 0.002092
v 0.014855 0.011399 0.002092
v 0.014869 -0.001958 0.000250
v 0.014869 0.001958 0.000250
v 0.014882 -0.001959 0.066502
v 0.014882 0.001959 0.066502
v 0.014887 -0.007341 0.002934
v 0.014887 0.007341 0.002934
v 0.014909 -0.005061 0.062800
v 0.014909 0.005061 0.062800
v 0.014919 -0.000978 0.063839
v 0.014919 0.000978 0.063839
v 0.014931 -0.011457 0.002823
v 0.014931 -0.011457 0.060856
v 0.014930 -0.004000 0.002353
v 0.014930 0.004000 0.002353
v 0.014931 0.011457 0.002823
v 0.014931 0.011457 0.060856
v 0.014951 0.000000 0.063839
v 0.014961 -0.009997 0.000827
v 0.014961 0.009997 0.000827
v 0.014966 -0.000981 0.000250
v 0.014966 0.000981 0.000250
v 0.014978 -0.000982 0.066502
v 0.014978 0.000982 0.066502
v 0.015003 -0.007399 0.000096
v 0.014998 0.000000 0.000250
v 0.015003 0.007399 0.000096
v 0.015011 -0.007403 0.060723
v 0.015010 0.000000 0.066502
v 0.015011 0.007403 0.060723
v 0.015046 -0.006232 0.002622
v 0.015049 -0.005108 0.002422
v 0.015049 0.005108 0.002422
v 0.015046 0.006232 0.002622
v 0.015066 -0.007430 0.003328
v 0.015066 0.007430 0.003328
v 0.015077 -0.008705 0.000378
v 0.015077 0.008705 0.000378
v 0.015109 -0.006258 0.061762
v 0.015109 0.006258 0.061762
v 0.015128 -0.007460 0.003764
v 0.015128 -0.007460 0.059684
v 0.015128 0.007460 0.003764
v 0.015128 0.007460 0.059684
v 0.015149 -0.005142 0.000000
v 0.015148 -0.005142 0.065561
v 0.015149 0.005142 0.000000
v 0.015148 0.005142 0.065561
v 0.015159 -0.003015 0.002353
v 0.015159 0.003015 0.002353
v 0.015171 -0.007482 0.064620
v 0.015171 0.007482 0.064620
v 0.015208 -0.004075 0.062800
v 0.015208 0.004075 0.062800
v 0.015224 -0.010173 0.062738
v 0.015224 0.010173 0.062738
v 0.015324 -0.002017 0.002353
v 0.015324 0.002017 0.002353
v 0.015334 -0.010246 0.001412
v 0.015333 -0.008852 0.063679
v 0.015335 -0.006352 0.002934
v 0.015335 0.006352 0.002934
v 0.015333 0.008852 0.063679
v 0.015334 0.010246 0.001412
v 0.015351 -0.004113 0.002422
v 0.015351 0.004113 0.002422
v 0.015422 -0.005235 0.002622
v 0.015423 -0.001011 0.002353
v 0.015423 0.001011 0.002353
v 0.015422 0.005235 0.002622
v 0.015442 -0.003072 0.062800
v 0.015442 0.003072 0.062800
v 0.015455 -0.006402 0.000096
v 0.015453 -0.004140 0.000000
v 0.015451 -0.004140 0.065561
v 0.015453 0.004140 0.000000
v 0.015451 0.004140 0.065561
v 0.015455 0.006402 0.000096
v 0.015463 -0.006405 0.060723
v 0.015456 0.000000 0.002353
v 0.015463 0.006405 0.060723
v 0.015486 -0.005257 0.061762
v 0.015486 0.005257 0.061762
v 0.015520 -0.006429 0.003328
v 0.015520 0.006429 0.003328
v 0.015541 -0.010384 0.061797
v 0.015541 0.010384 0.061797
v 0.015569 -0.010403 0.002092
v 0.015569 0.010403 0.002092
v 0.015583 -0.008997 0.000827
v 0.015584 -0.006455 0.003764
v 0.015584 -0.006455 0.059684
v 0.015584 0.006455 0.003764
v 0.015584 0.006455 0.059684
v 0.015583 0.008997 0.000827
v 0.015587 -0.003100 0.002422
v 0.015587 0.003100 0.002422
v 0.015614 -0.007700 0.000378
v 0.015610 -0.002055 0.062800
v 0.015610 0.002055 0.062800
v 0.015614 0.007700 0.000378
v 0.015628 -0.006473 0.064620
v 0.015628 0.006473 0.064620
v 0.015649 -0.010456 0.002823
v 0.015649 -0.010456 0.060856
v 0.015649 0.010456 0.002823
v 0.015649 0.010456 0.060856
v 0.015690 -0.003121 0.000000
v 0.015689 -0.003121 0.065561
v 0.015690 0.003121 0.000000
v 0.015689 0.003121 0.065561
v 0.015711 -0.001030 0.062800
v 0.015711 0.001030 0.062800
v 0.015717 -0.005335 0.002934
v 0.015717 0.005335 0.002934
v 0.015731 -0.004215 0.002622
v 0.015731 0.004215 0.002622
v 0.015745 0.000000 0.062800
v 0.015757 -0.002074 0.002422
v 0.015757 0.002074 0.002422
v 0.015797 -0.004233 0.061762
v 0.015797 0.004233 0.061762
v 0.015841 -0.005377 0.000096
v 0.015841 0.005377 0.000096
v 0.015849 -0.005380 0.060723
v 0.015849 0.005380 0.060723
v 0.015857 -0.009155 0.062738
v 0.015861 -0.002088 0.000000
v 0.015860 -0.002088 0.065561
v 0.015859 -0.001039 0.002422
v 0.015859 0.001039 0.002422
v 0.015861 0.002088 0.000000
v 0.015860 0.002088 0.065561
v 0.015857 0.009155 0.062738
v 0.015879 -0.007831 0.063679
v 0.015879 0.007831 0.063679
v 0.015893 0.000000 0.002422
v 0.015907 -0.005400 0.003328
v 0.015907 0.005400 0.003328
v 0.015963 -0.001046 0.000000
v 0.015962 -0.001046 0.065561
v 0.015963 0.001046 0.000000
v 0.015962 0.001046 0.065561
v 0.015972 -0.009221 0.001412
v 0.015973 -0.005422 0.003764
v 0.015973 -0.005422 0.059684
v 0.015973 -0.003177 0.002622
v 0.015973 0.003177 0.002622
v 0.015973 0.005422 0.003764
v 0.015973 0.005422 0.059684
v 0.015972 0.009221 0.001412
v 0.015998 0.000000 0.000000
v 0.015997 0.000000 0.065561
v 0.016018 -0.005437 0.064620
v 0.016018 0.005437 0.064620
v 0.016033 -0.004296 0.002934
v 0.016033 0.004296 0.002934
v 0.016040 -0.003191 0.061762
v 0.016040 0.003191 0.061762
v 0.016084 -0.006662 0.000378
v 0.016084 0.006662 0.000378
v 0.016138 -0.007958 0.000827
v 0.016138 0.007958 0.000827
v 0.016147 -0.002126 0.002622
v 0.016147 0.002126 0.002622
v 0.016158 -0.004330 0.000096
v 0.016158 0.004330 0.000096
v 0.016167 -0.004332 0.060723
v 0.016167 0.004332 0.060723
v 0.016187 -0.009345 0.061797
v 0.016187 0.009345 0.061797
v 0.016214 -0.002135 0.061762
v 0.016214 0.002135 0.061762
v 0.016216 -0.009362 0.002092
v 0.016216 0.009362 0.002092
v 0.016226 -0.004348 0.003328
v 0.016226 0.004348 0.003328
v 0.016251 -0.001065 0.002622
v 0.016251 0.001065 0.002622
v 0.016279 -0.003238 0.002934
v 0.016279 0.003238 0.002934
v 0.016293 -0.004366 0.003764
v 0.016293 -0.004366 0.059684
v 0.016286 0.000000 0.002622
v 0.016293 0.004366 0.003764
v 0.016293 0.004366 0.059684
v 0.016299 -0.009410 0.002823
v 0.016299 -0.009410 0.060856
v 0.016299 0.009410 0.002823
v 0.016299 0.009410 0.060856
v 0.016319 -0.001070 0.061762
v 0.016319 0.001070 0.061762
v 0.016339 -0.004378 0.064620
v 0.016339 0.004378 0.064620
v 0.016354 0.000000 0.061762
v 0.016357 -0.006775 0.063679
v 0.016357 0.006775 0.063679
v 0.016407 -0.003264 0.000096
v 0.016407 0.003264 0.000096
v 0.016422 -0.008098 0.062738
v 0.016416 -0.003265 0.060723
v 0.016416 0.003265 0.060723
v 0.016422 0.008098 0.062738
v 0.016456 -0.002167 0.002934
v 0.016456 0.002167 0.002934
v 0.016476 -0.003277 0.003328
v 0.016476 0.003277 0.003328
v 0.016485 -0.005596 0.000378
v 0.016485 0.005596 0.000378
v 0.016541 -0.008157 0.001412
v 0.016544 -0.003291 0.003764
v 0.016544 -0.003291 0.059684
v 0.016544 0.003291 0.003764
v 0.016544 0.003291 0.059684
v 0.016541 0.008157 0.001412
v 0.016563 -0.001086 0.002934
v 0.016563 0.001086 0.002934
v 0.016591 -0.003300 0.064620
v 0.016585 -0.002183 0.000096
v 0.016594 -0.002185 0.060723
v 0.016585 0.002183 0.000096
v 0.016594 0.002185 0.060723
v 0.016591 0.003300 0.064620
v 0.016598 0.000000 0.002934
v 0.016624 -0.006886 0.000827
v 0.016624 0.006886 0.000827
v 0.016655 -0.002193 0.003328
v 0.016655 0.002193 0.003328
v 0.016692 -0.001094 0.000096
v 0.016692 0.001094 0.000096
v 0.016701 -0.001095 0.060723
v 0.016701 0.001095 0.060723
v 0.016724 -0.002202 0.003764
v 0.016724 -0.002202 0.059684
v 0.016724 0.002202 0.003764
v 0.016724 0.002202 0.059684
v 0.016728 0.000000 0.000096
v 0.016737 0.000000 0.060723
v 0.016763 -0.008267 0.061797
v 0.016763 -0.001099 0.003328
v 0.016763 0.001099 0.003328
v 0.016763 0.008267 0.061797
v 0.016765 -0.005691 0.063679
v 0.016771 -0.002208 0.064620
v 0.016771 0.002208 0.064620
v 0.016765 0.005691 0.063679
v 0.016794 -0.008282 0.002092
v 0.016794 0.008282 0.002092
v 0.016799 0.000000 0.003328
v 0.016816 -0.004506 0.000378
v 0.016816 0.004506 0.000378
v 0.016832 -0.001103 0.003764
v 0.016832 -0.001103 0.059684
v 0.016832 0.001103 0.003764
v 0.016832 0.001103 0.059684
v 0.016868 0.000000 0.003764
v 0.016868 0.000000 0.059684
v 0.016880 -0.008324 0.002823
v 0.016880 -0.008324 0.060856
v 0.016879 -0.001106 0.064620
v 0.016879 0.001106 0.064620
v 0.016880 0.008324 0.002823
v 0.016880 0.008324 0.060856
v 0.016916 -0.007007 0.062738
v 0.016916 0.000000 0.064620
v 0.016916 0.007007 0.062738
v 0.017039 -0.007058 0.001412
v 0.017039 -0.005784 0.000827
v 0.017039 0.005784 0.000827
v 0.017039 0.007058 0.001412
v 0.017075 -0.003396 0.000378
v 0.017075 0.003396 0.000378
v 0.017101 -0.004582 0.063679
v 0.017101 0.004582 0.063679
v 0.017260 -0.002272 0.000378
v 0.017260 0.002272 0.000378
v 0.017268 -0.007153 0.061797
v 0.017268 0.007153 0.061797
v 0.017299 -0.007166 0.002092
v 0.017299 0.007166 0.002092
v 0.017339 -0.005886 0.062738
v 0.017339 0.005886 0.062738
v 0.017365 -0.003454 0.063679
v 0.017365 0.003454 0.063679
v 0.017372 -0.001139 0.000378
v 0.017372 0.001139 0.000378
v 0.017381 -0.004657 0.000827
v 0.017381 0.004657 0.000827
v 0.017388 -0.007202 0.002823
v 0.017388 -0.007202 0.060856
v 0.017388 0.007202 0.002823
v 0.017388 0.007202 0.060856
v 0.017409 0.000000 0.000378
v 0.017464 -0.005928 0.001412
v 0.017464 0.005928 0.001412
v 0.017553 -0.002311 0.063679
v 0.017553 0.002311 0.063679
v 0.017648 -0.003510 0.000827
v 0.017648 0.003510 0.000827
v 0.017667 -0.001158 0.063679
v 0.017667 0.001158 0.063679
v 0.017686 -0.004739 0.062738
v 0.017686 0.004739 0.062738
v 0.017699 -0.006008 0.061797
v 0.017705 0.000000 0.063679
v 0.017699 0.006008 0.061797
v 0.017731 -0.006019 0.002092
v 0.017731 0.006019 0.002092
v 0.017814 -0.004773 0.001412
v 0.017814 0.004773 0.001412
v 0.017822 -0.006050 0.002823
v 0.017822 -0.006050 0.060856
v 0.017822 0.006050 0.002823
v 0.017822 0.006050 0.060856
v 0.017840 -0.002349 0.000827
v 0.017840 0.002349 0.000827
v 0.017958 -0.003572 0.062738
v 0.017955 -0.001177 0.000827
v 0.017955 0.001177 0.000827
v 0.017958 0.003572 0.062738
v 0.017994 0.000000 0.000827
v 0.018054 -0.004838 0.061797
v 0.018054 0.004838 0.061797
v 0.018087 -0.004846 0.002092
v 0.018088 -0.003598 0.001412
v 0.018088 0.003598 0.001412
v 0.018087 0.004846 0.002092
v 0.018154 -0.002390 0.062738
v 0.018154 0.002390 0.062738
v 0.018179 -0.004871 0.002823
v 0.018179 -0.004871 0.060856
v 0.018179 0.004871 0.002823
v 0.018179 0.004871 0.060856
v 0.018271 -0.001198 0.062738
v 0.018271 0.001198 0.062738
v 0.018285 -0.002407 0.001412
v 0.018285 0.002407 0.001412
v 0.018310 0.000000 0.062738
v 0.018332 -0.003646 0.061797
v 0.018332 0.003646 0.061797
v 0.018365 -0.003653 0.002092
v 0.018365 0.003653 0.002092
v 0.018403 -0.001206 0.001412
v 0.018403 0.001206 0.001412
v 0.018442 0.000000 0.001412
v 0.018459 -0.003672 0.002823
v 0.018459 -0.003672 0.060856
v 0.018459 0.003672 0.002823
v 0.018459 0.003672 0.060856
v 0.018531 -0.002440 0.061797
v 0.018531 0.002440 0.061797
v 0.018564 -0.002444 0.002092
v 0.018564 0.002444 0.002092
v 0.018651 -0.001222 0.061797
v 0.018651 0.001222 0.061797
v 0.018660 -0.002457 0.002823
v 0.018660 -0.002457 0.060856
v 0.018660 0.002457 0.002823
v 0.018660 0.002457 0.060856
v 0.018684 -0.001225 0.002092
v 0.018684 0.001225 0.002092
v 0.018691 0.000000 0.061797
v 0.018725 0.000000 0.002092
v 0.018780 -0.001231 0.002823
v 0.018780 -0.001231 0.060856
v 0.018780 0.001231 0.002823
v 0.018780 0.001231 0.060856
v 0.018821 0.000000 0.002823
v 0.018821 0.000000 0.060856
f 2545 4747 4751
f 2545 4728 4747
f 2545 4712 4728
f 2545 4682 4712
f 2545 4655 4682
f 2545 4604 4655
f 2545 4567 4604
f 2545 4511 4567
f 2545 4447 4511
f 2545 4359 4447
f 2545 4269 4359
f 2545 4104 4269
f 2545 3960 4104
f 2545 3799 3960
f 2545 3651 3799
f 2545 3527 3651
f 2545 3385 3527
f 2545 3266 3385
f 2545 3144 3266
f 2545 3020 3144
f 2545 2900 3020
f 2545 2778 2900
f 2545 2654 2778
f 2545 2579 2654
f 2545 2440 2579
f 2545 2314 2440
f 2545 2194 2314
f 2545 2072 2194
f 2545 1948 2072
f 2545 1828 1948
f 2545 1707 1828
f 2545 1567 1707
f 2545 1445 1567
f 2545 1297 1445
f 2545 1136 1297
f 2545 992 1136
f 2545 837 992
f 2545 745 837
f 2545 649 745
f 2545 587 649
f 2545 529 587
f 2545 492 529
f 2545 441 492
f 2545 414 441
f 2545 384 414
f 2545 368 384
f 2545 349 368
f 2545 344 349
f 2545 348 344
f 2545 367 348
f 2545 383 367
f 2545 413 383
f 2545 440 413
f 2545 491 440
f 2545 528 491
f 2545 584 528
f 2545 648 584
f 2545 742 648
f 2545 836 742
f 2545 991 836
f 2545 1135 991
f 2545 1296 1135
f 2545 1444 1296
f 2545 1564 1444
f 2545 1706 1564
f 2545 1825 1706
f 2545 1947 1825
f 2545 2071 1947
f 2545 2191 2071
f 2545 2313 2191
f 2545 2437 2313
f 2545 2512 2437
f 2545 2651 2512
f 2545 2777 2651
f 2545 2897 2777
f 2545 3019 2897
f 2545 3143 3019
f 2545 3263 3143
f 2545 3384 3263
f 2545 3524 3384
f 2545 3650 3524
f 2545 3798 3650
f 2545 3959 3798
f 2545 4103 3959
f 2545 4268 4103
f 2545 4356 4268
f 2545 4446 4356
f 2545 4508 4446
f 2545 4566 4508
f 2545 4603 4566
f 2545 4654 4603
f 2545 4681 4654
f 2545 4711 4681
f 2545 4727 4711
f 2545 4746 4727
f 2545 4751 4746
f 4751 4747 4867
f 4751 4867 4877
f 4747 4728 4857
f 4747 4857 4867
f 4728 4712 4835
f 4728 4835 4857
f 4712 4682 4801
f 4712 4801 4835
f 4682 4655 4772
f 4682 4772 4801
f 4655 4604 4719
f 4655 4719 4772
f 4604 4567 4668
f 4604 4668 4719
f 4567 4511 4600
f 4567 4600 4668
f 4511 4447 4544
f 4511 4544 4600
f 4447 4359 4480
f 4447 4480 4544
f 4359 4269 4382
f 4359 4382 4480
f 4269 4104 4280
f 4269 4280 4382
f 4104 3960 4086
f 4104 4086 4280
f 3960 3799 3935
f 3960 3935 4086
f 3799 3651 3762
f 3799 3762 3935
f 3651 3527 3598
f 3651 3598 3762
f 3527 3385 3454
f 3527 3454 3598
f 3385 3266 3316
f 3385 3316 3454
f 3266 3144 3184
f 3266 3184 3316
f 3144 3020 3046
f 3144 3046 3184
f 3020 2900 2928
f 3020 2928 3046
f 2900 2778 2790
f 2900 2790 2928
f 2778 2654 2664
f 2778 2664 2790
f 2654 2579 2584
f 2654 2584 2664
f 2579 2440 2428
f 2579 2428 2584
f 2440 2314 2302
f 2440 2302 2428
f 2314 2194 2168
f 2314 2168 2302
f 2194 2072 2046
f 2194 2046 2168
f 2072 1948 1908
f 2072 1908 2046
f 1948 1828 1776
f 1948 1776 1908
f 1828 1707 1642
f 1828 1642 1776
f 1707 1567 1494
f 1707 1494 1642
f 1567 1445 1342
f 1567 1342 1494
f 1445 1297 1159
f 1445 1159 1342
f 1297 1136 1012
f 1297 1012 1159
f 1136 992 830
f 1136 830 1012
f 992 837 724
f 992 724 830
f 837 745 616
f 837 616 724
f 745 649 552
f 745 552 616
f 649 587 496
f 649 496 552
f 587 529 428
f 587 428 496
f 529 492 377
f 529 377 428
f 492 441 324
f 492 324 377
f 441 414 295
f 441 295 324
f 414 384 261
f 414 261 295
f 384 368 241
f 384 241 261
f 368 349 229
f 368 229 241
f 349 344 217
f 349 217 229
f 344 348 227
f 344 227 217
f 348 367 237
f 348 237 227
f 367 383 259
f 367 259 237
f 383 413 293
f 383 293 259
f 413 440 322
f 413 322 293
f 440 491 375
f 440 375 322
f 491 528 426
f 491 426 375
f 528 584 494
f 528 494 426
f 584 648 550
f 584 550 494
f 648 742 614
f 648 614 550
f 742 836 718
f 742 718 614
f 836 991 824
f 836 824 718
f 991 1135 1008
f 991 1008 824
f 1135 1296 1155
f 1135 1155 1008
f 1296 1444 1328
f 1296 1328 1155
f 1444 1564 1492
f 1444 1492 1328
f 1564 1706 1640
f 1564 1640 1492
f 1706 1825 1774
f 1706 1774 1640
f 1825 1947 1906
f 1825 1906 1774
f 1947 2071 2044
f 1947 2044 1906
f 2071 2191 2162
f 2071 2162 2044
f 2191 2313 2300
f 2191 2300 2162
f 2313 2437 2426
f 2313 2426 2300
f 2437 2512 2506
f 2437 2506 2426
f 2512 2651 2662
f 2512 2662 2506
f 2651 2777 2788
f 2651 2788 2662
f 2777 2897 2922
f 2777 2922 2788
f 2897 3019 3044
f 2897 3044 2922
f 3019 3143 3182
f 3019 3182 3044
f 3143 3263 3314
f 3143 3314 3182
f 3263 3384 3452
f 3263 3452 3314
f 3384 3524 3596
f 3384 3596 3452
f 3524 3650 3748
f 3524 3748 3596
f 3650 3798 3931
f 3650 3931 3748
f 3798 3959 4082
f 3798 4082 3931
f 3959 4103 4274
f 3959 4274 4082
f 4103 4268 4376
f 4103 4376 4274
f 4268 4356 4478
f 4268 4478 4376
f 4356 4446 4542
f 4356 4542 4478
f 4446 4508 4598
f 4446 4598 4542
f 4508 4566 4666
f 4508 4666 4598
f 4566 4603 4717
f 4566 4717 4666
f 4603 4654 4770
f 4603 4770 4717
f 4654 4681 4799
f 4654 4799 4770
f 4681 4711 4833
f 4681 4833 4799
f 4711 4727 4853
f 4711 4853 4833
f 4727 4746 4865
f 4727 4865 4853
f 4746 4751 4877
f 4746 4877 4865
f 4877 4867 4955
f 4877 4955 4962
f 4867 4857 4946
f 4867 4946 4955
f 4857 4835 4924
f 4857 4924 4946
f 4835 4801 4892
f 4835 4892 4924
f 4801 4772 4849
f 4801 4849 4892
f 4772 4719 4803
f 4772 4803 4849
f 4719 4668 4752
f 4719 4752 4803
f 4668 4600 4683
f 4668 4683 4752
f 4600 4544 4615
f 4600 4615 4683
f 4544 4480 4535
f 4544 4535 4615
f 4480 4382 4464
f 4480 4464 4535
f 4382 4280 4345
f 4382 4345 4464
f 4280 4086 4194
f 4280 4194 4345
f 4086 3935 4010
f 4086 4010 4194
f 3935 3762 3839
f 3935 3839 4010
f 3762 3598 3657
f 3762 3657 3839
f 3598 3454 3506
f 3598 3506 3657
f 3454 3316 3357
f 3454 3357 3506
f 3316 3184 3210
f 3316 3210 3357
f 3184 3046 3082
f 3184 3082 3210
f 3046 2928 2947
f 3046 2947 3082
f 2928 2790 2804
f 2928 2804 2947
f 2790 2664 2674
f 2790 2674 2804
f 2664 2584 2589
f 2664 2589 2674
f 2584 2428 2420
f 2584 2420 2589
f 2428 2302 2288
f 2428 2288 2420
f 2302 2168 2145
f 2302 2145 2288
f 2168 2046 2010
f 2168 2010 2145
f 2046 1908 1884
f 2046 1884 2010
f 1908 1776 1737
f 1908 1737 1884
f 1776 1642 1588
f 1776 1588 1737
f 1642 1494 1441
f 1642 1441 1588
f 1494 1342 1259
f 1494 1259 1441
f 1342 1159 1088
f 1342 1088 1259
f 1159 1012 908
f 1159 908 1088
f 1012 830 757
f 1012 757 908
f 830 724 636
f 830 636 757
f 724 616 561
f 724 561 636
f 616 552 483
f 616 483 561
f 552 496 415
f 552 415 483
f 496 428 345
f 496 345 415
f 428 377 297
f 428 297 345
f 377 324 247
f 377 247 297
f 324 295 204
f 324 204 247
f 295 261 172
f 295 172 204
f 261 241 150
f 261 150 172
f 241 229 141
f 241 141 150
f 229 217 133
f 229 133 141
f 217 227 140
f 217 140 133
f 227 237 148
f 227 148 140
f 237 259 171
f 237 171 148
f 259 293 203
f 259 203 171
f 293 322 246
f 293 246 203
f 322 375 292
f 322 292 246
f 375 426 343
f 375 343 292
f 426 494 412
f 426 412 343
f 494 550 480
f 494 480 412
f 550 614 560
f 550 560 480
f 614 718 631
f 614 631 560
f 718 824 756
f 718 756 631
f 824 1008 907
f 824 907 756
f 1008 1155 1085
f 1008 1085 907
f 1155 1328 1256
f 1155 1256 1085
f 1328 1492 1438
f 1328 1438 1256
f 1492 1640 1585
f 1492 1585 1438
f 1640 1774 1734
f 1640 1734 1585
f 1774 1906 1881
f 1774 1881 1734
f 1906 2044 2009
f 1906 2009 1881
f 2044 2162 2144
f 2044 2144 2009
f 2162 2300 2286
f 2162 2286 2144
f 2300 2426 2417
f 2300 2417 2286
f 2426 2506 2502
f 2426 2502 2417
f 2506 2662 2671
f 2506 2671 2502
f 2662 2788 2802
f 2662 2802 2671
f 2788 2922 2946
f 2788 2946 2802
f 2922 3044 3081
f 2922 3081 2946
f 3044 3182 3207
f 3044 3207 3081
f 3182 3314 3354
f 3182 3354 3207
f 3314 3452 3503
f 3314 3503 3354
f 3452 3596 3654
f 3452 3654 3503
f 3596 3748 3836
f 3596 3836 3654
f 3748 3931 4007
f 3748 4007 3836
f 3931 4082 4193
f 3931 4193 4007
f 4082 4274 4344
f 4082 4344 4193
f 4274 4376 4459
f 4274 4459 4344
f 4376 4478 4534
f 4376 4534 4459
f 4478 4542 4612
f 4478 4612 4534
f 4542 4598 4680
f 4542 4680 4612
f 4598 4666 4750
f 4598 4750 4680
f 4666 4717 4798
f 4666 4798 4750
f 4717 4770 4848
f 4717 4848 4798
f 4770 4799 4891
f 4770 4891 4848
f 4799 4833 4923
f 4799 4923 4891
f 4833 4853 4944
f 4833 4944 4923
f 4853 4865 4954
f 4853 4954 4944
f 4865 4877 4962
f 4865 4962 4954
f 4962 4955 5011
f 4962 5011 5018
f 4955 4946 5001
f 4955 5001 5011
f 4946 4924 4997
f 4946 4997 5001
f 4924 4892 4976
f 4924 4976 4997
f 4892 4849 4934
f 4892 4934 4976
f 4849 4803 4886
f 4849 4886 4934
f 4803 4752 4826
f 4803 4826 4886
f 4752 4683 4763
f 4752 4763 4826
f 4683 4615 4678
f 4683 4678 4763
f 4615 4535 4597
f 4615 4597 4678
f 4535 4464 4524
f 4535 4524 4597
f 4464 4345 4420
f 4464 4420 4524
f 4345 4194 4300
f 4345 4300 4420
f 4194 4010 4105
f 4194 4105 4300
f 4010 3839 3915
f 4010 3915 4105
f 3839 3657 3719
f 3839 3719 3915
f 3657 3506 3543
f 3657 3543 3719
f 3506 3357 3389
f 3506 3389 3543
f 3357 3210 3253
f 3357 3253 3389
f 3210 3082 3105
f 3210 3105 3253
f 3082 2947 2965
f 3082 2965 3105
f 2947 2804 2825
f 2947 2825 2965
f 2804 2674 2685
f 2804 2685 2825
f 2674 2589 2595
f 2674 2595 2685
f 2589 2420 2407
f 2589 2407 2595
f 2420 2288 2267
f 2420 2267 2407
f 2288 2145 2127
f 2288 2127 2267
f 2145 2010 1995
f 2145 1995 2127
f 2010 1884 1851
f 2010 1851 1995
f 1884 1737 1703
f 1884 1703 1851
f 1737 1588 1549
f 1737 1549 1703
f 1588 1441 1373
f 1588 1373 1549
f 1441 1259 1179
f 1441 1179 1373
f 1259 1088 993
f 1259 993 1179
f 1088 908 806
f 1088 806 993
f 908 757 676
f 908 676 806
f 757 636 574
f 757 574 676
f 636 561 501
f 636 501 574
f 561 483 418
f 561 418 501
f 483 415 333
f 483 333 418
f 415 345 272
f 415 272 333
f 345 297 210
f 345 210 272
f 297 247 162
f 297 162 210
f 247 204 120
f 247 120 162
f 204 172 99
f 204 99 120
f 172 150 95
f 172 95 99
f 150 141 85
f 150 85 95
f 141 133 77
f 141 77 85
f 133 140 84
f 133 84 77
f 140 148 94
f 140 94 84
f 148 171 98
f 148 98 94
f 171 203 119
f 171 119 98
f 203 246 161
f 203 161 119
f 246 292 209
f 246 209 161
f 292 343 269
f 292 269 209
f 343 412 332
f 343 332 269
f 412 480 417
f 412 417 332
f 480 560 498
f 480 498 417
f 560 631 571
f 560 571 498
f 631 756 675
f 631 675 571
f 756 907 805
f 756 805 675
f 907 1085 990
f 907 990 805
f 1085 1256 1176
f 1085 1176 990
f 1256 1438 1372
f 1256 1372 1176
f 1438 1585 1548
f 1438 1548 1372
f 1585 1734 1702
f 1585 1702 1548
f 1734 1881 1838
f 1734 1838 1702
f 1881 2009 1990
f 1881 1990 1838
f 2009 2144 2126
f 2009 2126 1990
f 2144 2286 2266
f 2144 2266 2126
f 2286 2417 2406
f 2286 2406 2266
f 2417 2502 2496
f 2417 2496 2406
f 2502 2671 2684
f 2502 2684 2496
f 2671 2802 2824
f 2671 2824 2684
f 2802 2946 2964
f 2802 2964 2824
f 2946 3081 3100
f 2946 3100 2964
f 3081 3207 3240
f 3081 3240 3100
f 3207 3354 3388
f 3207 3388 3240
f 3354 3503 3542
f 3354 3542 3388
f 3503 3654 3718
f 3503 3718 3542
f 3654 3836 3912
f 3654 3912 3718
f 3836 4007 4102
f 3836 4102 3912
f 4007 4193 4299
f 4007 4299 4102
f 4193 4344 4419
f 4193 4419 4299
f 4344 4459 4521
f 4344 4521 4419
f 4459 4534 4594
f 4459 4594 4521
f 4534 4612 4677
f 4534 4677 4594
f 4612 4680 4762
f 4612 4762 4677
f 4680 4750 4823
f 4680 4823 4762
f 4750 4798 4885
f 4750 4885 4823
f 4798 4848 4933
f 4798 4933 4885
f 4848 4891 4975
f 4848 4975 4933
f 4891 4923 4996
f 4891 4996 4975
f 4923 4944 5000
f 4923 5000 4996
f 4944 4954 5010
f 4944 5010 5000
f 4954 4962 5018
f 4954 5018 5010
f 5018 5011 5044
f 5018 5044 5046
f 5011 5001 5041
f 5011 5041 5044
f 5001 4997 5024
f 5001 5024 5041
f 4997 4976 5013
f 4997 5013 5024
f 4976 4934 4994
f 4976 4994 5013
f 4934 4886 4951
f 4934 4951 4994
f 4886 4826 4888
f 4886 4888 4951
f 4826 4763 4820
f 4826 4820 4888
f 4763 4678 4745
f 4763 4745 4820
f 4678 4597 4663
f 4678 4663 4745
f 4597 4524 4571
f 4597 4571 4663
f 4524 4420 4485
f 4524 4485 4571
f 4420 4300 4353
f 4420 4353 4485
f 4300 4105 4182
f 4300 4182 4353
f 4105 3915 3978
f 4105 3978 4182
f 3915 3719 3773
f 3915 3773 3978
f 3719 3543 3589
f 3719 3589 3773
f 3543 3389 3423
f 3543 3423 3589
f 3389 3253 3275
f 3389 3275 3423
f 3253 3105 3119
f 3253 3119 3275
f 3105 2965 2971
f 3105 2971 3119
f 2965 2825 2833
f 2965 2833 2971
f 2825 2685 2689
f 2825 2689 2833
f 2685 2595 2597
f 2685 2597 2689
f 2595 2407 2403
f 2595 2403 2597
f 2407 2267 2261
f 2407 2261 2403
f 2267 2127 2121
f 2267 2121 2261
f 2127 1995 1973
f 2127 1973 2121
f 1995 1851 1821
f 1995 1821 1973
f 1851 1703 1669
f 1851 1669 1821
f 1703 1549 1503
f 1703 1503 1669
f 1549 1373 1319
f 1549 1319 1503
f 1373 1179 1118
f 1373 1118 1319
f 1179 993 924
f 1179 924 1118
f 993 806 751
f 993 751 924
f 806 676 613
f 806 613 751
f 676 574 525
f 676 525 613
f 574 501 435
f 574 435 525
f 501 418 351
f 501 351 435
f 418 333 280
f 418 280 351
f 333 272 208
f 333 208 280
f 272 210 145
f 272 145 208
f 210 162 102
f 210 102 145
f 162 120 83
f 162 83 102
f 120 99 72
f 120 72 83
f 99 95 55
f 99 55 72
f 95 85 52
f 95 52 55
f 85 77 49
f 85 49 52
f 77 84 51
f 77 51 49
f 84 94 54
f 84 54 51
f 94 98 71
f 94 71 54
f 98 119 82
f 98 82 71
f 119 161 101
f 119 101 82
f 161 209 144
f 161 144 101
f 209 269 207
f 209 207 144
f 269 332 275
f 269 275 207
f 332 417 350
f 332 350 275
f 417 498 432
f 417 432 350
f 498 571 524
f 498 524 432
f 571 675 610
f 571 610 524
f 675 805 748
f 675 748 610
f 805 990 919
f 805 919 748
f 990 1176 1117
f 990 1117 919
f 1176 1372 1318
f 1176 1318 1117
f 1372 1548 1502
f 1372 1502 1318
f 1548 1702 1668
f 1548 1668 1502
f 1702 1838 1820
f 1702 1820 1668
f 1838 1990 1972
f 1838 1972 1820
f 1990 2126 2120
f 1990 2120 1972
f 2126 2266 2258
f 2126 2258 2120
f 2266 2406 2402
f 2266 2402 2258
f 2406 2496 2494
f 2406 2494 2402
f 2496 2684 2688
f 2496 2688 2494
f 2684 2824 2830
f 2684 2830 2688
f 2824 2964 2970
f 2824 2970 2830
f 2964 3100 3118
f 2964 3118 2970
f 3100 3240 3274
f 3100 3274 3118
f 3240 3388 3422
f 3240 3422 3274
f 3388 3542 3588
f 3388 3588 3422
f 3542 3718 3772
f 3542 3772 3588
f 3718 3912 3977
f 3718 3977 3772
f 3912 4102 4175
f 3912 4175 3977
f 4102 4299 4350
f 4102 4350 4175
f 4299 4419 4482
f 4299 4482 4350
f 4419 4521 4570
f 4419 4570 4482
f 4521 4594 4660
f 4521 4660 4570
f 4594 4677 4744
f 4594 4744 4660
f 4677 4762 4815
f 4677 4815 4744
f 4762 4823 4887
f 4762 4887 4815
f 4823 4885 4950
f 4823 4950 4887
f 4885 4933 4993
f 4885 4993 4950
f 4933 4975 5012
f 4933 5012 4993
f 4975 4996 5023
f 4975 5023 5012
f 4996 5000 5040
f 4996 5040 5023
f 5000 5010 5043
f 5000 5043 5040
f 5010 5018 5046
f 5010 5046 5043
f 5046 5044 5069
f 5046 5069 5070
f 5044 5041 5062
f 5044 5062 5069
f 5041 5024 5051
f 5041 5051 5062
f 5024 5013 5035
f 5024 5035 5051
f 5013 4994 5020
f 5013 5020 5035
f 4994 4951 4995
f 4994 4995 5020
f 4951 4888 4940
f 4951 4940 4995
f 4888 4820 4876
f 4888 4876 4940
f 4820 4745 4789
f 4820 4789 4876
f 4745 4663 4700
f 4745 4700 4789
f 4663 4571 4609
f 4663 4609 4700
f 4571 4485 4518
f 4571 4518 4609
f 4485 4353 4402
f 4485 4402 4518
f 4353 4182 4259
f 4353 4259 4402
f 4182 3978 4024
f 4182 4024 4259
f 3978 3773 3821
f 3978 3821 4024
f 3773 3589 3621
f 3773 3621 3821
f 3589 3423 3451
f 3589 3451 3621
f 3423 3275 3289
f 3423 3289 3451
f 3275 3119 3139
f 3275 3139 3289
f 3119 2971 2991
f 3119 2991 3139
f 2971 2833 2845
f 2971 2845 2991
f 2833 2689 2697
f 2833 2697 2845
f 2689 2597 2599
f 2689 2599 2697
f 2597 2403 2395
f 2597 2395 2599
f 2403 2261 2249
f 2403 2249 2395
f 2261 2121 2109
f 2261 2109 2249
f 2121 1973 1955
f 2121 1955 2109
f 1973 1821 1807
f 1973 1807 1955
f 1821 1669 1645
f 1821 1645 1807
f 1669 1503 1475
f 1669 1475 1645
f 1503 1319 1281
f 1503 1281 1475
f 1319 1118 1072
f 1319 1072 1281
f 1118 924 849
f 1118 849 1072
f 924 751 696
f 924 696 849
f 751 613 578
f 751 578 696
f 613 525 489
f 613 489 578
f 525 435 396
f 525 396 489
f 435 351 311
f 435 311 396
f 351 280 226
f 351 226 311
f 280 208 160
f 280 160 226
f 208 145 103
f 208 103 160
f 145 102 76
f 145 76 103
f 102 83 61
f 102 61 76
f 83 72 45
f 83 45 61
f 72 55 34
f 72 34 45
f 55 52 27
f 55 27 34
f 52 49 25
f 52 25 27
f 49 51 26
f 49 26 25
f 51 54 33
f 51 33 26
f 54 71 44
f 54 44 33
f 71 82 60
f 71 60 44
f 82 101 75
f 82 75 60
f 101 144 100
f 101 100 75
f 144 207 155
f 144 155 100
f 207 275 219
f 207 219 155
f 275 350 306
f 275 306 219
f 350 432 395
f 350 395 306
f 432 524 486
f 432 486 395
f 524 610 577
f 524 577 486
f 610 748 695
f 610 695 577
f 748 919 846
f 748 846 695
f 919 1117 1071
f 919 1071 846
f 1117 1318 1274
f 1117 1274 1071
f 1318 1502 1474
f 1318 1474 1274
f 1502 1668 1644
f 1502 1644 1474
f 1668 1820 1802
f 1668 1802 1644
f 1820 1972 1952
f 1820 1952 1802
f 1972 2120 2100
f 1972 2100 1952
f 2120 2258 2246
f 2120 2246 2100
f 2258 2402 2394
f 2258 2394 2246
f 2402 2494 2492
f 2402 2492 2394
f 2494 2688 2696
f 2494 2696 2492
f 2688 2830 2842
f 2688 2842 2696
f 2830 2970 2982
f 2830 2982 2842
f 2970 3118 3136
f 2970 3136 2982
f 3118 3274 3288
f 3118 3288 3136
f 3274 3422 3450
f 3274 3450 3288
f 3422 3588 3620
f 3422 3620 3450
f 3588 3772 3814
f 3588 3814 3620
f 3772 3977 4023
f 3772 4023 3814
f 3977 4175 4256
f 3977 4256 4023
f 4175 4350 4401
f 4175 4401 4256
f 4350 4482 4517
f 4350 4517 4401
f 4482 4570 4606
f 4482 4606 4517
f 4570 4660 4699
f 4570 4699 4606
f 4660 4744 4784
f 4660 4784 4699
f 4744 4815 4869
f 4744 4869 4784
f 4815 4887 4935
f 4815 4935 4869
f 4887 4950 4992
f 4887 4992 4935
f 4950 4993 5019
f 4950 5019 4992
f 4993 5012 5034
f 4993 5034 5019
f 5012 5023 5050
f 5012 5050 5034
f 5023 5040 5061
f 5023 5061 5050
f 5040 5043 5068
f 5040 5068 5061
f 5043 5046 5070
f 5043 5070 5068
f 5070 5069 5086
f 5070 5086 5088
f 5069 5062 5078
f 5069 5078 5086
f 5062 5051 5067
f 5062 5067 5078
f 5051 5035 5052
f 5051 5052 5067
f 5035 5020 5033
f 5035 5033 5052
f 5020 4995 5005
f 5020 5005 5033
f 4995 4940 4973
f 4995 4973 5005
f 4940 4876 4900
f 4940 4900 4973
f 4876 4789 4814
f 4876 4814 4900
f 4789 4700 4726
f 4789 4726 4814
f 4700 4609 4639
f 4700 4639 4726
f 4609 4518 4533
f 4609 4533 4639
f 4518 4402 4431
f 4518 4431 4533
f 4402 4259 4292
f 4402 4292 4431
f 4259 4024 4059
f 4259 4059 4292
f 4024 3821 3864
f 4024 3864 4059
f 3821 3621 3641
f 3821 3641 3864
f 3621 3451 3463
f 3621 3463 3641
f 3451 3289 3297
f 3451 3297 3463
f 3289 3139 3149
f 3289 3149 3297
f 3139 2991 3003
f 3139 3003 3149
f 2991 2845 2853
f 2991 2853 3003
f 2845 2697 2703
f 2845 2703 2853
f 2697 2599 2601
f 2697 2601 2703
f 2599 2395 2393
f 2599 2393 2601
f 2395 2249 2241
f 2395 2241 2393
f 2249 2109 2093
f 2249 2093 2241
f 2109 1955 1943
f 2109 1943 2093
f 1955 1807 1797
f 1955 1797 1943
f 1807 1645 1633
f 1807 1633 1797
f 1645 1475 1457
f 1645 1457 1633
f 1475 1281 1236
f 1475 1236 1457
f 1281 1072 1039
f 1281 1039 1236
f 1072 849 816
f 1072 816 1039
f 849 696 665
f 849 665 816
f 696 578 563
f 696 563 665
f 578 489 457
f 578 457 563
f 489 396 370
f 489 370 457
f 396 311 282
f 396 282 370
f 311 226 196
f 311 196 282
f 226 160 123
f 226 123 196
f 160 103 91
f 160 91 123
f 103 76 63
f 103 63 91
f 76 61 46
f 76 46 63
f 61 45 29
f 61 29 46
f 45 34 18
f 45 18 29
f 34 27 10
f 34 10 18
f 27 25 7
f 27 7 10
f 25 26 9
f 25 9 7
f 26 33 17
f 26 17 9
f 33 44 28
f 33 28 17
f 44 60 43
f 44 43 28
f 60 75 62
f 60 62 43
f 75 100 90
f 75 90 62
f 100 155 122
f 100 122 90
f 155 219 195
f 155 195 122
f 219 306 281
f 219 281 195
f 306 395 369
f 306 369 281
f 395 486 456
f 395 456 369
f 486 577 562
f 486 562 456
f 577 695 664
f 577 664 562
f 695 846 813
f 695 813 664
f 846 1071 1036
f 846 1036 813
f 1071 1274 1231
f 1071 1231 1036
f 1274 1474 1454
f 1274 1454 1231
f 1474 1644 1632
f 1474 1632 1454
f 1644 1802 1794
f 1644 1794 1632
f 1802 1952 1942
f 1802 1942 1794
f 1952 2100 2088
f 1952 2088 1942
f 2100 2246 2238
f 2100 2238 2088
f 2246 2394 2388
f 2246 2388 2238
f 2394 2492 2490
f 2394 2490 2388
f 2492 2696 2698
f 2492 2698 2490
f 2696 2842 2850
f 2696 2850 2698
f 2842 2982 2998
f 2842 2998 2850
f 2982 3136 3148
f 2982 3148 2998
f 3136 3288 3294
f 3136 3294 3148
f 3288 3450 3462
f 3288 3462 3294
f 3450 3620 3638
f 3450 3638 3462
f 3620 3814 3859
f 3620 3859 3638
f 3814 4023 4056
f 3814 4056 3859
f 4023 4256 4289
f 4023 4289 4056
f 4256 4401 4430
f 4256 4430 4289
f 4401 4517 4532
f 4401 4532 4430
f 4517 4606 4638
f 4517 4638 4532
f 4606 4699 4725
f 4606 4725 4638
f 4699 4784 4813
f 4699 4813 4725
f 4784 4869 4899
f 4784 4899 4813
f 4869 4935 4972
f 4869 4972 4899
f 4935 4992 5004
f 4935 5004 4972
f 4992 5019 5032
f 4992 5032 5004
f 5019 5034 5049
f 5019 5049 5032
f 5034 5050 5066
f 5034 5066 5049
f 5050 5061 5077
f 5050 5077 5066
f 5061 5068 5085
f 5061 5085 5077
f 5068 5070 5088
f 5068 5088 5085
f 5088 5086 5091
f 5088 5091 5093
f 5086 5078 5083
f 5086 5083 5091
f 5078 5067 5073
f 5078 5073 5083
f 5067 5052 5057
f 5067 5057 5073
f 5052 5033 5038
f 5052 5038 5057
f 5033 5005 5016
f 5033 5016 5038
f 5005 4973 4987
f 5005 4987 5016
f 4973 4900 4914
f 4973 4914 4987
f 4900 4814 4831
f 4900 4831 4914
f 4814 4726 4741
f 4814 4741 4831
f 4726 4639 4646
f 4726 4646 4741
f 4639 4533 4550
f 4639 4550 4646
f 4533 4431 4436
f 4533 4436 4550
f 4431 4292 4295
f 4431 4295 4436
f 4292 4059 4068
f 4292 4068 4295
f 4059 3864 3879
f 4059 3879 4068
f 3864 3641 3648
f 3864 3648 3879
f 3641 3463 3470
f 3641 3470 3648
f 3463 3297 3302
f 3463 3302 3470
f 3297 3149 3154
f 3297 3154 3302
f 3149 3003 3006
f 3149 3006 3154
f 3003 2853 2856
f 3003 2856 3006
f 2853 2703 2706
f 2853 2706 2856
f 2703 2601 2602
f 2703 2602 2706
f 2601 2393 2386
f 2601 2386 2602
f 2393 2241 2236
f 2393 2236 2386
f 2241 2093 2086
f 2241 2086 2236
f 2093 1943 1938
f 2093 1938 2086
f 1943 1797 1790
f 1943 1790 1938
f 1797 1633 1628
f 1797 1628 1790
f 1633 1457 1448
f 1633 1448 1628
f 1457 1236 1219
f 1457 1219 1448
f 1236 1039 1028
f 1236 1028 1219
f 1039 816 811
f 1039 811 1028
f 816 665 662
f 816 662 811
f 665 563 548
f 665 548 662
f 563 457 450
f 563 450 548
f 457 370 357
f 457 357 450
f 370 282 265
f 370 265 357
f 282 196 182
f 282 182 265
f 196 123 111
f 196 111 182
f 123 91 80
f 123 80 111
f 91 63 58
f 91 58 80
f 63 46 39
f 63 39 58
f 46 29 23
f 46 23 39
f 29 18 13
f 29 13 23
f 18 10 5
f 18 5 13
f 10 7 1
f 10 1 5
f 7 9 3
f 7 3 1
f 9 17 11
f 9 11 3
f 17 28 21
f 17 21 11
f 28 43 37
f 28 37 21
f 43 62 56
f 43 56 37
f 62 90 78
f 62 78 56
f 90 122 107
f 90 107 78
f 122 195 180
f 122 180 107
f 195 281 263
f 195 263 180
f 281 369 353
f 281 353 263
f 369 456 448
f 369 448 353
f 456 562 544
f 456 544 448
f 562 664 658
f 562 658 544
f 664 813 809
f 664 809 658
f 813 1036 1026
f 813 1026 809
f 1036 1231 1215
f 1036 1215 1026
f 1231 1454 1446
f 1231 1446 1215
f 1454 1632 1624
f 1454 1624 1446
f 1632 1794 1788
f 1632 1788 1624
f 1794 1942 1936
f 1794 1936 1788
f 1942 2088 2084
f 1942 2084 1936
f 2088 2238 2234
f 2088 2234 2084
f 2238 2388 2384
f 2238 2384 2234
f 2388 2490 2488
f 2388 2488 2384
f 2490 2698 2704
f 2490 2704 2488
f 2698 2850 2854
f 2698 2854 2704
f 2850 2998 3004
f 2850 3004 2854
f 2998 3148 3152
f 2998 3152 3004
f 3148 3294 3300
f 3148 3300 3152
f 3294 3462 3466
f 3294 3466 3300
f 3462 3638 3646
f 3462 3646 3466
f 3638 3859 3875
f 3638 3875 3646
f 3859 4056 4062
f 3859 4062 3875
f 4056 4289 4293
f 4056 4293 4062
f 4289 4430 4432
f 4289 4432 4293
f 4430 4532 4546
f 4430 4546 4432
f 4532 4638 4644
f 4532 4644 4546
f 4638 4725 4737
f 4638 4737 4644
f 4725 4813 4829
f 4725 4829 4737
f 4813 4899 4912
f 4813 4912 4829
f 4899 4972 4983
f 4899 4983 4912
f 4972 5004 5014
f 4972 5014 4983
f 5004 5032 5036
f 5004 5036 5014
f 5032 5049 5055
f 5032 5055 5036
f 5049 5066 5071
f 5049 5071 5055
f 5066 5077 5081
f 5066 5081 5071
f 5077 5085 5089
f 5077 5089 5081
f 5085 5088 5093
f 5085 5093 5089
f 5093 5091 5092
f 5093 5092 5094
f 5091 5083 5084
f 5091 5084 5092
f 5083 5073 5074
f 5083 5074 5084
f 5073 5057 5058
f 5073 5058 5074
f 5057 5038 5039
f 5057 5039 5058
f 5038 5016 5017
f 5038 5017 5039
f 5016 4987 4988
f 5016 4988 5017
f 4987 4914 4915
f 4987 4915 4988
f 4914 4831 4832
f 4914 4832 4915
f 4831 4741 4742
f 4831 4742 4832
f 4741 4646 4647
f 4741 4647 4742
f 4646 4550 4551
f 4646 4551 4647
f 4550 4436 4437
f 4550 4437 4551
f 4436 4295 4296
f 4436 4296 4437
f 4295 4068 4069
f 4295 4069 4296
f 4068 3879 3880
f 4068 3880 4069
f 3879 3648 3649
f 3879 3649 3880
f 3648 3470 3471
f 3648 3471 3649
f 3470 3302 3303
f 3470 3303 3471
f 3302 3154 3155
f 3302 3155 3303
f 3154 3006 3007
f 3154 3007 3155
f 3006 2856 2857
f 3006 2857 3007
f 2856 2706 2707
f 2856 2707 2857
f 2706 2602 2603
f 2706 2603 2707
f 2602 2386 2387
f 2602 2387 2603
f 2386 2236 2237
f 2386 2237 2387
f 2236 2086 2087
f 2236 2087 2237
f 2086 1938 1939
f 2086 1939 2087
f 1938 1790 1791
f 1938 1791 1939
f 1790 1628 1629
f 1790 1629 1791
f 1628 1448 1449
f 1628 1449 1629
f 1448 1219 1220
f 1448 1220 1449
f 1219 1028 1029
f 1219 1029 1220
f 1028 811 812
f 1028 812 1029
f 811 662 663
f 811 663 812
f 662 548 549
f 662 549 663
f 548 450 451
f 548 451 549
f 450 357 358
f 450 358 451
f 357 265 266
f 357 266 358
f 265 182 183
f 265 183 266
f 182 111 112
f 182 112 183
f 111 80 81
f 111 81 112
f 80 58 59
f 80 59 81
f 58 39 40
f 58 40 59
f 39 23 24
f 39 24 40
f 23 13 14
f 23 14 24
f 13 5 6
f 13 6 14
f 5 1 2
f 5 2 6
f 1 3 4
f 1 4 2
f 3 11 12
f 3 12 4
f 11 21 22
f 11 22 12
f 21 37 38
f 21 38 22
f 37 56 57
f 37 57 38
f 56 78 79
f 56 79 57
f 78 107 108
f 78 108 79
f 107 180 181
f 107 181 108
f 180 263 264
f 180 264 181
f 263 353 354
f 263 354 264
f 353 448 449
f 353 449 354
f 448 544 545
f 448 545 449
f 544 658 659
f 544 659 545
f 658 809 810
f 658 810 659
f 809 1026 1027
f 809 1027 810
f 1026 1215 1216
f 1026 1216 1027
f 1215 1446 1447
f 1215 1447 1216
f 1446 1624 1625
f 1446 1625 1447
f 1624 1788 1789
f 1624 1789 1625
f 1788 1936 1937
f 1788 1937 1789
f 1936 2084 2085
f 1936 2085 1937
f 2084 2234 2235
f 2084 2235 2085
f 2234 2384 2385
f 2234 2385 2235
f 2384 2488 2489
f 2384 2489 2385
f 2488 2704 2705
f 2488 2705 2489
f 2704 2854 2855
f 2704 2855 2705
f 2854 3004 3005
f 2854 3005 2855
f 3004 3152 3153
f 3004 3153 3005
f 3152 3300 3301
f 3152 3301 3153
f 3300 3466 3467
f 3300 3467 3301
f 3466 3646 3647
f 3466 3647 3467
f 3646 3875 3876
f 3646 3876 3647
f 3875 4062 4063
f 3875 4063 3876
f 4062 4293 4294
f 4062 4294 4063
f 4293 4432 4433
f 4293 4433 4294
f 4432 4546 4547
f 4432 4547 4433
f 4546 4644 4645
f 4546 4645 4547
f 4644 4737 4738
f 4644 4738 4645
f 4737 4829 4830
f 4737 4830 4738
f 4829 4912 4913
f 4829 4913 4830
f 4912 4983 4984
f 4912 4984 4913
f 4983 5014 5015
f 4983 5015 4984
f 5014 5036 5037
f 5014 5037 5015
f 5036 5055 5056
f 5036 5056 5037
f 5055 5071 5072
f 5055 5072 5056
f 5071 5081 5082
f 5071 5082 5072
f 5081 5089 5090
f 5081 5090 5082
f 5089 5093 5094
f 5089 5094 5090
f 5094 5092 5080
f 5094 5080 5087
f 5092 5084 5076
f 5092 5076 5080
f 5084 5074 5065
f 5084 5065 5076
f 5074 5058 5048
f 5074 5048 5065
f 5058 5039 5031
f 5058 5031 5048
f 5039 5017 5003
f 5039 5003 5031
f 5017 4988 4967
f 5017 4967 5003
f 4988 4915 4896
f 4988 4896 4967
f 4915 4832 4812
f 4915 4812 4896
f 4832 4742 4724
f 4832 4724 4812
f 4742 4647 4635
f 4742 4635 4724
f 4647 4551 4531
f 4647 4531 4635
f 4551 4437 4423
f 4551 4423 4531
f 4437 4296 4288
f 4437 4288 4423
f 4296 4069 4055
f 4296 4055 4288
f 4069 3880 3858
f 4069 3858 4055
f 3880 3649 3637
f 3880 3637 3858
f 3649 3471 3461
f 3649 3461 3637
f 3471 3303 3293
f 3471 3293 3461
f 3303 3155 3147
f 3303 3147 3293
f 3155 3007 3002
f 3155 3002 3147
f 3007 2857 2852
f 3007 2852 3002
f 2857 2707 2702
f 2857 2702 2852
f 2707 2603 2600
f 2707 2600 2702
f 2603 2387 2392
f 2603 2392 2600
f 2387 2237 2240
f 2387 2240 2392
f 2237 2087 2092
f 2237 2092 2240
f 2087 1939 1945
f 2087 1945 2092
f 1939 1791 1799
f 1939 1799 1945
f 1791 1629 1635
f 1791 1635 1799
f 1629 1449 1461
f 1629 1461 1635
f 1449 1220 1238
f 1449 1238 1461
f 1220 1029 1045
f 1220 1045 1238
f 1029 812 820
f 1029 820 1045
f 812 663 674
f 812 674 820
f 663 549 565
f 663 565 674
f 549 451 463
f 549 463 565
f 451 358 372
f 451 372 463
f 358 266 284
f 358 284 372
f 266 183 200
f 266 200 284
f 183 112 131
f 183 131 200
f 112 81 93
f 112 93 131
f 81 59 66
f 81 66 93
f 59 40 48
f 59 48 66
f 40 24 31
f 40 31 48
f 24 14 20
f 24 20 31
f 14 6 16
f 14 16 20
f 6 2 8
f 6 8 16
f 2 4 15
f 2 15 8
f 4 12 19
f 4 19 15
f 12 22 30
f 12 30 19
f 22 38 47
f 22 47 30
f 38 57 64
f 38 64 47
f 57 79 92
f 57 92 64
f 79 108 128
f 79 128 92
f 108 181 199
f 108 199 128
f 181 264 283
f 181 283 199
f 264 354 371
f 264 371 283
f 354 449 460
f 354 460 371
f 449 545 564
f 449 564 460
f 545 659 672
f 545 672 564
f 659 810 817
f 659 817 672
f 810 1027 1040
f 810 1040 817
f 1027 1216 1237
f 1027 1237 1040
f 1216 1447 1458
f 1216 1458 1237
f 1447 1625 1634
f 1447 1634 1458
f 1625 1789 1798
f 1625 1798 1634
f 1789 1937 1944
f 1789 1944 1798
f 1937 2085 2089
f 1937 2089 1944
f 2085 2235 2239
f 2085 2239 2089
f 2235 2385 2389
f 2235 2389 2239
f 2385 2489 2491
f 2385 2491 2389
f 2489 2705 2699
f 2489 2699 2491
f 2705 2855 2851
f 2705 2851 2699
f 2855 3005 2999
f 2855 2999 2851
f 3005 3153 3146
f 3005 3146 2999
f 3153 3301 3292
f 3153 3292 3146
f 3301 3467 3460
f 3301 3460 3292
f 3467 3647 3634
f 3467 3634 3460
f 3647 3876 3857
f 3647 3857 3634
f 3876 4063 4050
f 3876 4050 3857
f 4063 4294 4285
f 4063 4285 4050
f 4294 4433 4421
f 4294 4421 4285
f 4433 4547 4530
f 4433 4530 4421
f 4547 4645 4632
f 4547 4632 4530
f 4645 4738 4723
f 4645 4723 4632
f 4738 4830 4811
f 4738 4811 4723
f 4830 4913 4895
f 4830 4895 4811
f 4913 4984 4964
f 4913 4964 4895
f 4984 5015 5002
f 4984 5002 4964
f 5015 5037 5029
f 5015 5029 5002
f 5037 5056 5047
f 5037 5047 5029
f 5056 5072 5064
f 5056 5064 5047
f 5072 5082 5075
f 5072 5075 5064
f 5082 5090 5079
f 5082 5079 5075
f 5090 5094 5087
f 5090 5087 5079
f 5087 5080 5060
f 5087 5060 5063
f 5080 5076 5054
f 5080 5054 5060
f 5076 5065 5045
f 5076 5045 5054
f 5065 5048 5028
f 5065 5028 5045
f 5048 5031 5007
f 5048 5007 5028
f 5031 5003 4991
f 5031 4991 5007
f 5003 4967 4928
f 5003 4928 4991
f 4967 4896 4859
f 4967 4859 4928
f 4896 4812 4781
f 4896 4781 4859
f 4812 4724 4688
f 4812 4688 4781
f 4724 4635 4591
f 4724 4591 4688
f 4635 4531 4499
f 4635 4499 4591
f 4531 4423 4388
f 4531 4388 4499
f 4423 4288 4235
f 4423 4235 4388
f 4288 4055 4006
f 4288 4006 4235
f 4055 3858 3805
f 4055 3805 4006
f 3858 3637 3615
f 3858 3615 3805
f 3637 3461 3445
f 3637 3445 3615
f 3461 3293 3283
f 3461 3283 3445
f 3293 3147 3129
f 3293 3129 3283
f 3147 3002 2981
f 3147 2981 3129
f 3002 2852 2839
f 3002 2839 2981
f 2852 2702 2695
f 2852 2695 2839
f 2702 2600 2598
f 2702 2598 2695
f 2600 2392 2401
f 2600 2401 2598
f 2392 2240 2253
f 2392 2253 2401
f 2240 2092 2115
f 2240 2115 2253
f 2092 1945 1963
f 2092 1963 2115
f 1945 1799 1813
f 1945 1813 1963
f 1799 1635 1655
f 1799 1655 1813
f 1635 1461 1481
f 1635 1481 1655
f 1461 1238 1291
f 1461 1291 1481
f 1238 1045 1090
f 1238 1090 1291
f 1045 820 873
f 1045 873 1090
f 820 674 710
f 820 710 873
f 674 565 599
f 674 599 710
f 565 463 505
f 565 505 599
f 463 372 408
f 463 408 505
f 372 284 315
f 372 315 408
f 284 200 243
f 284 243 315
f 200 131 170
f 200 170 243
f 131 93 106
f 131 106 170
f 93 66 89
f 93 89 106
f 66 48 68
f 66 68 89
f 48 31 53
f 48 53 68
f 31 20 42
f 31 42 53
f 20 16 36
f 20 36 42
f 16 8 32
f 16 32 36
f 8 15 35
f 8 35 32
f 15 19 41
f 15 41 35
f 19 30 50
f 19 50 41
f 30 47 67
f 30 67 50
f 47 64 88
f 47 88 67
f 64 92 104
f 64 104 88
f 92 128 167
f 92 167 104
f 128 199 236
f 128 236 167
f 199 283 314
f 199 314 236
f 283 371 407
f 283 407 314
f 371 460 504
f 371 504 407
f 460 564 596
f 460 596 504
f 564 672 709
f 564 709 596
f 672 817 870
f 672 870 709
f 817 1040 1089
f 817 1089 870
f 1040 1237 1290
f 1040 1290 1089
f 1237 1458 1480
f 1237 1480 1290
f 1458 1634 1650
f 1458 1650 1480
f 1634 1798 1812
f 1634 1812 1650
f 1798 1944 1962
f 1798 1962 1812
f 1944 2089 2110
f 1944 2110 1962
f 2089 2239 2252
f 2089 2252 2110
f 2239 2389 2396
f 2239 2396 2252
f 2389 2491 2493
f 2389 2493 2396
f 2491 2699 2690
f 2491 2690 2493
f 2699 2851 2838
f 2699 2838 2690
f 2851 2999 2976
f 2851 2976 2838
f 2999 3146 3128
f 2999 3128 2976
f 3146 3292 3282
f 3146 3282 3128
f 3292 3460 3440
f 3292 3440 3282
f 3460 3634 3610
f 3460 3610 3440
f 3634 3857 3804
f 3634 3804 3610
f 3857 4050 4005
f 3857 4005 3804
f 4050 4285 4228
f 4050 4228 4005
f 4285 4421 4387
f 4285 4387 4228
f 4421 4530 4496
f 4421 4496 4387
f 4530 4632 4590
f 4530 4590 4496
f 4632 4723 4687
f 4632 4687 4590
f 4723 4811 4780
f 4723 4780 4687
f 4811 4895 4852
f 4811 4852 4780
f 4895 4964 4925
f 4895 4925 4852
f 4964 5002 4989
f 4964 4989 4925
f 5002 5029 5006
f 5002 5006 4989
f 5029 5047 5027
f 5029 5027 5006
f 5047 5064 5042
f 5047 5042 5027
f 5064 5075 5053
f 5064 5053 5042
f 5075 5079 5059
f 5075 5059 5053
f 5079 5087 5063
f 5079 5063 5059
f 5063 5060 5026
f 5063 5026 5030
f 5060 5054 5022
f 5060 5022 5026
f 5054 5045 5009
f 5054 5009 5022
f 5045 5028 4999
f 5045 4999 5009
f 5028 5007 4971
f 5028 4971 4999
f 5007 4991 4922
f 5007 4922 4971
f 4991 4928 4861
f 4991 4861 4922
f 4928 4859 4788
f 4928 4788 4861
f 4859 4781 4716
f 4859 4716 4788
f 4781 4688 4634
f 4781 4634 4716
f 4688 4591 4549
f 4688 4549 4634
f 4591 4499 4457
f 4591 4457 4549
f 4499 4388 4324
f 4499 4324 4457
f 4388 4235 4136
f 4388 4136 4324
f 4235 4006 3950
f 4235 3950 4136
f 4006 3805 3747
f 4006 3747 3950
f 3805 3615 3567
f 3805 3567 3747
f 3615 3445 3405
f 3615 3405 3567
f 3445 3283 3259
f 3445 3259 3405
f 3283 3129 3109
f 3283 3109 3259
f 3129 2981 2967
f 3129 2967 3109
f 2981 2839 2829
f 2981 2829 2967
f 2839 2695 2687
f 2839 2687 2829
f 2695 2598 2596
f 2695 2596 2687
f 2598 2401 2405
f 2598 2405 2596
f 2401 2253 2263
f 2401 2263 2405
f 2253 2115 2125
f 2253 2125 2263
f 2115 1963 1983
f 2115 1983 2125
f 1963 1813 1833
f 1963 1833 1983
f 1813 1655 1687
f 1813 1687 1833
f 1655 1481 1525
f 1655 1525 1687
f 1481 1291 1345
f 1481 1345 1525
f 1291 1090 1146
f 1291 1146 1345
f 1090 873 966
f 1090 966 1146
f 873 710 782
f 873 782 966
f 710 599 641
f 710 641 782
f 599 505 547
f 599 547 641
f 505 408 462
f 505 462 547
f 408 315 382
f 408 382 462
f 315 243 310
f 315 310 382
f 243 170 235
f 243 235 310
f 170 106 174
f 170 174 235
f 106 89 127
f 106 127 174
f 89 68 97
f 89 97 127
f 68 53 87
f 68 87 97
f 53 42 74
f 53 74 87
f 42 36 70
f 42 70 74
f 36 32 65
f 36 65 70
f 32 35 69
f 32 69 65
f 35 41 73
f 35 73 69
f 41 50 86
f 41 86 73
f 50 67 96
f 50 96 86
f 67 88 124
f 67 124 96
f 88 104 173
f 88 173 124
f 104 167 234
f 104 234 173
f 167 236 307
f 167 307 234
f 236 314 379
f 236 379 307
f 314 407 461
f 314 461 379
f 407 504 546
f 407 546 461
f 504 596 638
f 504 638 546
f 596 709 781
f 596 781 638
f 709 870 959
f 709 959 781
f 870 1089 1145
f 870 1145 959
f 1089 1290 1344
f 1089 1344 1145
f 1290 1480 1524
f 1290 1524 1344
f 1480 1650 1686
f 1480 1686 1524
f 1650 1812 1832
f 1650 1832 1686
f 1812 1962 1982
f 1812 1982 1832
f 1962 2110 2124
f 1962 2124 1982
f 2110 2252 2262
f 2110 2262 2124
f 2252 2396 2404
f 2252 2404 2262
f 2396 2493 2495
f 2396 2495 2404
f 2493 2690 2686
f 2493 2686 2495
f 2690 2838 2828
f 2690 2828 2686
f 2838 2976 2966
f 2838 2966 2828
f 2976 3128 3108
f 2976 3108 2966
f 3128 3282 3258
f 3128 3258 3108
f 3282 3440 3404
f 3282 3404 3258
f 3440 3610 3566
f 3440 3566 3404
f 3610 3804 3746
f 3610 3746 3566
f 3804 4005 3945
f 3804 3945 3746
f 4005 4228 4129
f 4005 4129 3945
f 4228 4387 4323
f 4228 4323 4129
f 4387 4496 4454
f 4387 4454 4323
f 4496 4590 4548
f 4496 4548 4454
f 4590 4687 4633
f 4590 4633 4548
f 4687 4780 4713
f 4687 4713 4633
f 4780 4852 4785
f 4780 4785 4713
f 4852 4925 4860
f 4852 4860 4785
f 4925 4989 4921
f 4925 4921 4860
f 4989 5006 4968
f 4989 4968 4921
f 5006 5027 4998
f 5006 4998 4968
f 5027 5042 5008
f 5027 5008 4998
f 5042 5053 5021
f 5042 5021 5008
f 5053 5059 5025
f 5053 5025 5021
f 5059 5063 5030
f 5059 5030 5025
f 5030 5026 4986
f 5030 4986 4990
f 5026 5022 4970
f 5026 4970 4986
f 5022 5009 4948
f 5022 4948 4970
f 5009 4999 4919
f 5009 4919 4948
f 4999 4971 4880
f 4999 4880 4919
f 4971 4922 4828
f 4971 4828 4880
f 4922 4861 4777
f 4922 4777 4828
f 4861 4788 4704
f 4861 4704 4777
f 4788 4716 4637
f 4788 4637 4704
f 4716 4634 4565
f 4716 4565 4637
f 4634 4549 4484
f 4634 4484 4565
f 4549 4457 4371
f 4549 4371 4484
f 4457 4324 4234
f 4457 4234 4371
f 4324 4136 4034
f 4324 4034 4234
f 4136 3950 3874
f 4136 3874 4034
f 3950 3747 3679
f 3950 3679 3874
f 3747 3567 3523
f 3747 3523 3679
f 3567 3405 3367
f 3567 3367 3523
f 3405 3259 3221
f 3405 3221 3367
f 3259 3109 3093
f 3259 3093 3221
f 3109 2967 2957
f 3109 2957 3093
f 2967 2829 2823
f 2967 2823 2957
f 2829 2687 2683
f 2829 2683 2823
f 2687 2596 2594
f 2687 2594 2683
f 2596 2405 2409
f 2596 2409 2594
f 2405 2263 2271
f 2405 2271 2409
f 2263 2125 2135
f 2263 2135 2271
f 2125 1983 1999
f 2125 1999 2135
f 1983 1833 1871
f 1983 1871 1999
f 1833 1687 1725
f 1833 1725 1871
f 1687 1525 1571
f 1687 1571 1725
f 1525 1345 1413
f 1525 1413 1571
f 1345 1146 1222
f 1345 1222 1413
f 1146 966 1064
f 1146 1064 1222
f 966 782 872
f 966 872 1064
f 782 641 731
f 782 731 872
f 641 547 612
f 641 612 731
f 547 462 531
f 547 531 612
f 462 382 459
f 462 459 531
f 382 310 392
f 382 392 459
f 310 235 319
f 310 319 392
f 235 174 268
f 235 268 319
f 174 127 216
f 174 216 268
f 127 97 177
f 127 177 216
f 97 87 152
f 97 152 177
f 87 74 126
f 87 126 152
f 74 70 110
f 74 110 126
f 70 65 105
f 70 105 110
f 65 69 109
f 65 109 105
f 69 73 125
f 69 125 109
f 73 86 147
f 73 147 125
f 86 96 176
f 86 176 147
f 96 124 215
f 96 215 176
f 124 173 267
f 124 267 215
f 173 234 318
f 173 318 267
f 234 307 391
f 234 391 318
f 307 379 458
f 307 458 391
f 379 461 530
f 379 530 458
f 461 546 611
f 461 611 530
f 546 638 730
f 546 730 611
f 638 781 871
f 638 871 730
f 781 959 1061
f 781 1061 871
f 959 1145 1221
f 959 1221 1061
f 1145 1344 1412
f 1145 1412 1221
f 1344 1524 1568
f 1344 1568 1412
f 1524 1686 1724
f 1524 1724 1568
f 1686 1832 1870
f 1686 1870 1724
f 1832 1982 1998
f 1832 1998 1870
f 1982 2124 2134
f 1982 2134 1998
f 2124 2262 2268
f 2124 2268 2134
f 2262 2404 2408
f 2262 2408 2268
f 2404 2495 2497
f 2404 2497 2408
f 2495 2686 2682
f 2495 2682 2497
f 2686 2828 2820
f 2686 2820 2682
f 2828 2966 2956
f 2828 2956 2820
f 2966 3108 3092
f 2966 3092 2956
f 3108 3258 3220
f 3108 3220 3092
f 3258 3404 3366
f 3258 3366 3220
f 3404 3566 3520
f 3404 3520 3366
f 3566 3746 3678
f 3566 3678 3520
f 3746 3945 3873
f 3746 3873 3678
f 3945 4129 4031
f 3945 4031 3873
f 4129 4323 4229
f 4129 4229 4031
f 4323 4454 4370
f 4323 4370 4229
f 4454 4548 4483
f 4454 4483 4370
f 4548 4633 4564
f 4548 4564 4483
f 4633 4713 4636
f 4633 4636 4564
f 4713 4785 4703
f 4713 4703 4636
f 4785 4860 4776
f 4785 4776 4703
f 4860 4921 4827
f 4860 4827 4776
f 4921 4968 4879
f 4921 4879 4827
f 4968 4998 4918
f 4968 4918 4879
f 4998 5008 4943
f 4998 4943 4918
f 5008 5021 4969
f 5008 4969 4943
f 5021 5025 4985
f 5021 4985 4969
f 5025 5030 4990
f 5025 4990 4985
f 4990 4986 4868
f 4990 4868 4878
f 4986 4970 4858
f 4986 4858 4868
f 4970 4948 4836
f 4970 4836 4858
f 4948 4919 4802
f 4948 4802 4836
f 4919 4880 4773
f 4919 4773 4802
f 4880 4828 4720
f 4880 4720 4773
f 4828 4777 4669
f 4828 4669 4720
f 4777 4704 4601
f 4777 4601 4669
f 4704 4637 4545
f 4704 4545 4601
f 4637 4565 4481
f 4637 4481 4545
f 4565 4484 4383
f 4565 4383 4481
f 4484 4371 4281
f 4484 4281 4383
f 4371 4234 4087
f 4371 4087 4281
f 4234 4034 3936
f 4234 3936 4087
f 4034 3874 3763
f 4034 3763 3936
f 3874 3679 3599
f 3874 3599 3763
f 3679 3523 3455
f 3679 3455 3599
f 3523 3367 3317
f 3523 3317 3455
f 3367 3221 3185
f 3367 3185 3317
f 3221 3093 3047
f 3221 3047 3185
f 3093 2957 2929
f 3093 2929 3047
f 2957 2823 2791
f 2957 2791 2929
f 2823 2683 2665
f 2823 2665 2791
f 2683 2594 2585
f 2683 2585 2665
f 2594 2409 2429
f 2594 2429 2585
f 2409 2271 2303
f 2409 2303 2429
f 2271 2135 2169
f 2271 2169 2303
f 2135 1999 2047
f 2135 2047 2169
f 1999 1871 1909
f 1999 1909 2047
f 1871 1725 1777
f 1871 1777 1909
f 1725 1571 1643
f 1725 1643 1777
f 1571 1413 1495
f 1571 1495 1643
f 1413 1222 1343
f 1413 1343 1495
f 1222 1064 1160
f 1222 1160 1343
f 1064 872 1013
f 1064 1013 1160
f 872 731 831
f 872 831 1013
f 731 612 725
f 731 725 831
f 612 531 617
f 612 617 725
f 531 459 553
f 531 553 617
f 459 392 497
f 459 497 553
f 392 319 429
f 392 429 497
f 319 268 378
f 319 378 429
f 268 216 325
f 268 325 378
f 216 177 296
f 216 296 325
f 177 152 262
f 177 262 296
f 152 126 242
f 152 242 262
f 126 110 230
f 126 230 242
f 110 105 218
f 110 218 230
f 105 109 228
f 105 228 218
f 109 125 238
f 109 238 228
f 125 147 260
f 125 260 238
f 147 176 294
f 147 294 260
f 176 215 323
f 176 323 294
f 215 267 376
f 215 376 323
f 267 318 427
f 267 427 376
f 318 391 495
f 318 495 427
f 391 458 551
f 391 551 495
f 458 530 615
f 458 615 551
f 530 611 719
f 530 719 615
f 611 730 825
f 611 825 719
f 730 871 1009
f 730 1009 825
f 871 1061 1156
f 871 1156 1009
f 1061 1221 1329
f 1061 1329 1156
f 1221 1412 1493
f 1221 1493 1329
f 1412 1568 1641
f 1412 1641 1493
f 1568 1724 1775
f 1568 1775 1641
f 1724 1870 1907
f 1724 1907 1775
f 1870 1998 2045
f 1870 2045 1907
f 1998 2134 2163
f 1998 2163 2045
f 2134 2268 2301
f 2134 2301 2163
f 2268 2408 2427
f 2268 2427 2301
f 2408 2497 2507
f 2408 2507 2427
f 2497 2682 2663
f 2497 2663 2507
f 2682 2820 2789
f 2682 2789 2663
f 2820 2956 2923
f 2820 2923 2789
f 2956 3092 3045
f 2956 3045 2923
f 3092 3220 3183
f 3092 3183 3045
f 3220 3366 3315
f 3220 3315 3183
f 3366 3520 3453
f 3366 3453 3315
f 3520 3678 3597
f 3520 3597 3453
f 3678 3873 3749
f 3678 3749 3597
f 3873 4031 3932
f 3873 3932 3749
f 4031 4229 4083
f 4031 4083 3932
f 4229 4370 4275
f 4229 4275 4083
f 4370 4483 4377
f 4370 4377 4275
f 4483 4564 4479
f 4483 4479 4377
f 4564 4636 4543
f 4564 4543 4479
f 4636 4703 4599
f 4636 4599 4543
f 4703 4776 4667
f 4703 4667 4599
f 4776 4827 4718
f 4776 4718 4667
f 4827 4879 4771
f 4827 4771 4718
f 4879 4918 4800
f 4879 4800 4771
f 4918 4943 4834
f 4918 4834 4800
f 4943 4969 4854
f 4943 4854 4834
f 4969 4985 4866
f 4969 4866 4854
f 4985 4990 4878
f 4985 4878 4866
f 4878 4868 4749
f 4878 4749 4754
f 4868 4858 4730
f 4868 4730 4749
f 4858 4836 4715
f 4858 4715 4730
f 4836 4802 4686
f 4836 4686 4715
f 4802 4773 4657
f 4802 4657 4686
f 4773 4720 4608
f 4773 4608 4657
f 4720 4669 4569
f 4720 4569 4608
f 4669 4601 4513
f 4669 4513 4569
f 4601 4545 4450
f 4601 4450 4513
f 4545 4481 4361
f 4545 4361 4450
f 4481 4383 4273
f 4481 4273 4361
f 4383 4281 4115
f 4383 4115 4273
f 4281 4087 3962
f 4281 3962 4115
f 4087 3936 3801
f 4087 3801 3962
f 3936 3763 3653
f 3936 3653 3801
f 3763 3599 3529
f 3763 3529 3653
f 3599 3455 3387
f 3599 3387 3529
f 3455 3317 3267
f 3455 3267 3387
f 3317 3185 3145
f 3317 3145 3267
f 3185 3047 3021
f 3185 3021 3145
f 3047 2929 2901
f 3047 2901 3021
f 2929 2791 2779
f 2929 2779 2901
f 2791 2665 2655
f 2791 2655 2779
f 2665 2585 2580
f 2665 2580 2655
f 2585 2429 2441
f 2585 2441 2580
f 2429 2303 2315
f 2429 2315 2441
f 2303 2169 2195
f 2303 2195 2315
f 2169 2047 2073
f 2169 2073 2195
f 2047 1909 1949
f 2047 1949 2073
f 1909 1777 1829
f 1909 1829 1949
f 1777 1643 1705
f 1777 1705 1829
f 1643 1495 1563
f 1643 1563 1705
f 1495 1343 1443
f 1495 1443 1563
f 1343 1160 1295
f 1343 1295 1443
f 1160 1013 1134
f 1160 1134 1295
f 1013 831 989
f 1013 989 1134
f 831 725 835
f 831 835 989
f 725 617 741
f 725 741 835
f 617 553 646
f 617 646 741
f 553 497 583
f 553 583 646
f 497 429 527
f 497 527 583
f 429 378 488
f 429 488 527
f 378 325 439
f 378 439 488
f 325 296 410
f 325 410 439
f 296 262 381
f 296 381 410
f 262 242 366
f 262 366 381
f 242 230 347
f 242 347 366
f 230 218 341
f 230 341 347
f 218 228 346
f 218 346 341
f 228 238 365
f 228 365 346
f 238 260 380
f 238 380 365
f 260 294 409
f 260 409 380
f 294 323 438
f 294 438 409
f 323 376 487
f 323 487 438
f 376 427 526
f 376 526 487
f 427 495 582
f 427 582 526
f 495 551 645
f 495 645 582
f 551 615 740
f 551 740 645
f 615 719 832
f 615 832 740
f 719 825 980
f 719 980 832
f 825 1009 1133
f 825 1133 980
f 1009 1156 1294
f 1009 1294 1133
f 1156 1329 1442
f 1156 1442 1294
f 1329 1493 1562
f 1329 1562 1442
f 1493 1641 1704
f 1493 1704 1562
f 1641 1775 1824
f 1641 1824 1704
f 1775 1907 1946
f 1775 1946 1824
f 1907 2045 2070
f 1907 2070 1946
f 2045 2163 2190
f 2045 2190 2070
f 2163 2301 2312
f 2163 2312 2190
f 2301 2427 2436
f 2301 2436 2312
f 2427 2507 2511
f 2427 2511 2436
f 2507 2663 2650
f 2507 2650 2511
f 2663 2789 2776
f 2663 2776 2650
f 2789 2923 2896
f 2789 2896 2776
f 2923 3045 3018
f 2923 3018 2896
f 3045 3183 3142
f 3045 3142 3018
f 3183 3315 3262
f 3183 3262 3142
f 3315 3453 3386
f 3315 3386 3262
f 3453 3597 3528
f 3453 3528 3386
f 3597 3749 3652
f 3597 3652 3528
f 3749 3932 3800
f 3749 3800 3652
f 3932 4083 3961
f 3932 3961 3800
f 4083 4275 4106
f 4083 4106 3961
f 4275 4377 4270
f 4275 4270 4106
f 4377 4479 4360
f 4377 4360 4270
f 4479 4543 4449
f 4479 4449 4360
f 4543 4599 4512
f 4543 4512 4449
f 4599 4667 4568
f 4599 4568 4512
f 4667 4718 4607
f 4667 4607 4568
f 4718 4771 4656
f 4718 4656 4607
f 4771 4800 4685
f 4771 4685 4656
f 4800 4834 4714
f 4800 4714 4685
f 4834 4854 4729
f 4834 4729 4714
f 4854 4866 4748
f 4854 4748 4729
f 4866 4878 4754
f 4866 4754 4748
f 4754 4749 4623
f 4754 4623 4626
f 4749 4730 4611
f 4749 4611 4623
f 4730 4715 4585
f 4730 4585 4611
f 4715 4686 4577
f 4715 4577 4585
f 4686 4657 4540
f 4686 4540 4577
f 4657 4608 4503
f 4657 4503 4540
f 4608 4569 4463
f 4608 4463 4503
f 4569 4513 4400
f 4569 4400 4463
f 4513 4450 4322
f 4513 4322 4400
f 4450 4361 4226
f 4450 4226 4322
f 4361 4273 4081
f 4361 4081 4226
f 4273 4115 3968
f 4273 3968 4081
f 4115 3962 3828
f 4115 3828 3968
f 3962 3801 3693
f 3962 3693 3828
f 3801 3653 3565
f 3801 3565 3693
f 3653 3529 3444
f 3653 3444 3565
f 3529 3387 3327
f 3529 3327 3444
f 3387 3267 3205
f 3387 3205 3327
f 3267 3145 3104
f 3267 3104 3205
f 3145 3021 2995
f 3145 2995 3104
f 3021 2901 2870
f 3021 2870 2995
f 2901 2779 2766
f 2901 2766 2870
f 2779 2655 2646
f 2779 2646 2766
f 2655 2580 2575
f 2655 2575 2646
f 2580 2441 2446
f 2580 2446 2575
f 2441 2315 2326
f 2441 2326 2446
f 2315 2195 2222
f 2315 2222 2326
f 2195 2073 2099
f 2195 2099 2222
f 2073 1949 1994
f 2073 1994 2099
f 1949 1829 1889
f 1949 1889 1994
f 1829 1705 1767
f 1829 1767 1889
f 1705 1563 1654
f 1705 1654 1767
f 1563 1443 1529
f 1563 1529 1654
f 1443 1295 1401
f 1443 1401 1529
f 1295 1134 1270
f 1295 1270 1401
f 1134 989 1130
f 1134 1130 1270
f 989 835 1017
f 989 1017 1130
f 835 741 880
f 835 880 1017
f 741 646 788
f 741 788 880
f 646 583 700
f 646 700 788
f 583 527 635
f 583 635 700
f 527 488 595
f 527 595 635
f 488 439 558
f 488 558 595
f 439 410 521
f 439 521 558
f 410 381 511
f 410 511 521
f 381 366 485
f 381 485 511
f 366 347 473
f 366 473 485
f 347 341 469
f 347 469 473
f 341 346 472
f 341 472 469
f 346 365 484
f 346 484 472
f 365 380 510
f 365 510 484
f 380 409 519
f 380 519 510
f 409 438 556
f 409 556 519
f 438 487 593
f 438 593 556
f 487 526 633
f 487 633 593
f 526 582 698
f 526 698 633
f 582 645 784
f 582 784 698
f 645 740 876
f 645 876 784
f 740 832 1014
f 740 1014 876
f 832 980 1128
f 832 1128 1014
f 980 1133 1267
f 980 1267 1128
f 1133 1294 1399
f 1133 1399 1267
f 1294 1442 1527
f 1294 1527 1399
f 1442 1562 1652
f 1442 1652 1527
f 1562 1704 1765
f 1562 1765 1652
f 1704 1824 1887
f 1704 1887 1765
f 1824 1946 1992
f 1824 1992 1887
f 1946 2070 2097
f 1946 2097 1992
f 2070 2190 2221
f 2070 2221 2097
f 2190 2312 2325
f 2190 2325 2221
f 2312 2436 2445
f 2312 2445 2325
f 2436 2511 2516
f 2436 2516 2445
f 2511 2650 2645
f 2511 2645 2516
f 2650 2776 2765
f 2650 2765 2645
f 2776 2896 2869
f 2776 2869 2765
f 2896 3018 2993
f 2896 2993 2869
f 3018 3142 3102
f 3018 3102 2993
f 3142 3262 3203
f 3142 3203 3102
f 3262 3386 3325
f 3262 3325 3203
f 3386 3528 3442
f 3386 3442 3325
f 3528 3652 3563
f 3528 3563 3442
f 3652 3800 3691
f 3652 3691 3563
f 3800 3961 3825
f 3800 3825 3691
f 3961 4106 3966
f 3961 3966 3825
f 4106 4270 4078
f 4106 4078 3966
f 4270 4360 4222
f 4270 4222 4078
f 4360 4449 4318
f 4360 4318 4222
f 4449 4512 4398
f 4449 4398 4318
f 4512 4568 4461
f 4512 4461 4398
f 4568 4607 4501
f 4568 4501 4461
f 4607 4656 4538
f 4607 4538 4501
f 4656 4685 4575
f 4656 4575 4538
f 4685 4714 4584
f 4685 4584 4575
f 4714 4729 4610
f 4714 4610 4584
f 4729 4748 4622
f 4729 4622 4610
f 4748 4754 4626
f 4748 4626 4622
f 4626 4623 4520
f 4626 4520 4525
f 4623 4611 4510
f 4623 4510 4520
f 4611 4585 4490
f 4611 4490 4510
f 4585 4577 4473
f 4585 4473 4490
f 4577 4540 4435
f 4577 4435 4473
f 4540 4503 4396
f 4540 4396 4435
f 4503 4463 4333
f 4503 4333 4396
f 4463 4400 4284
f 4463 4284 4333
f 4400 4322 4168
f 4400 4168 4284
f 4322 4226 4058
f 4322 4058 4168
f 4226 4081 3952
f 4226 3952 4058
f 4081 3968 3835
f 4081 3835 3952
f 3968 3828 3709
f 3968 3709 3835
f 3828 3693 3595
f 3828 3595 3709
f 3693 3565 3479
f 3693 3479 3595
f 3565 3444 3379
f 3565 3379 3479
f 3444 3327 3277
f 3444 3277 3379
f 3327 3205 3173
f 3327 3173 3277
f 3205 3104 3059
f 3205 3059 3173
f 3104 2995 2963
f 3104 2963 3059
f 2995 2870 2865
f 2995 2865 2963
f 2870 2766 2757
f 2870 2757 2865
f 2766 2646 2643
f 2766 2643 2757
f 2646 2575 2574
f 2646 2574 2643
f 2575 2446 2449
f 2575 2449 2574
f 2446 2326 2335
f 2446 2335 2449
f 2326 2222 2227
f 2326 2227 2335
f 2222 2099 2129
f 2222 2129 2227
f 2099 1994 2033
f 2099 2033 2129
f 1994 1889 1919
f 1994 1919 2033
f 1889 1767 1819
f 1889 1819 1919
f 1767 1654 1713
f 1767 1713 1819
f 1654 1529 1613
f 1654 1613 1713
f 1529 1401 1497
f 1529 1497 1613
f 1401 1270 1383
f 1401 1383 1497
f 1270 1130 1261
f 1270 1261 1383
f 1130 1017 1144
f 1130 1144 1261
f 1017 880 1038
f 1017 1038 1144
f 880 788 934
f 880 934 1038
f 788 700 822
f 788 822 934
f 700 635 769
f 700 769 822
f 635 595 702
f 635 702 769
f 595 558 661
f 595 661 702
f 558 521 623
f 558 623 661
f 521 511 606
f 521 606 623
f 511 485 586
f 511 586 606
f 485 473 576
f 485 576 586
f 473 469 570
f 473 570 576
f 469 472 575
f 469 575 570
f 472 484 585
f 472 585 575
f 484 510 605
f 484 605 585
f 510 519 622
f 510 622 605
f 519 556 660
f 519 660 622
f 556 593 701
f 556 701 660
f 593 633 768
f 593 768 701
f 633 698 821
f 633 821 768
f 698 784 931
f 698 931 821
f 784 876 1037
f 784 1037 931
f 876 1014 1143
f 876 1143 1037
f 1014 1128 1260
f 1014 1260 1143
f 1128 1267 1382
f 1128 1382 1260
f 1267 1399 1496
f 1267 1496 1382
f 1399 1527 1612
f 1399 1612 1496
f 1527 1652 1712
f 1527 1712 1612
f 1652 1765 1818
f 1652 1818 1712
f 1765 1887 1918
f 1765 1918 1818
f 1887 1992 2032
f 1887 2032 1918
f 1992 2097 2128
f 1992 2128 2032
f 2097 2221 2226
f 2097 2226 2128
f 2221 2325 2334
f 2221 2334 2226
f 2325 2445 2448
f 2325 2448 2334
f 2445 2516 2517
f 2445 2517 2448
f 2516 2645 2642
f 2516 2642 2517
f 2645 2765 2756
f 2645 2756 2642
f 2765 2869 2864
f 2765 2864 2756
f 2869 2993 2962
f 2869 2962 2864
f 2993 3102 3058
f 2993 3058 2962
f 3102 3203 3172
f 3102 3172 3058
f 3203 3325 3276
f 3203 3276 3172
f 3325 3442 3378
f 3325 3378 3276
f 3442 3563 3478
f 3442 3478 3378
f 3563 3691 3594
f 3563 3594 3478
f 3691 3825 3708
f 3691 3708 3594
f 3825 3966 3834
f 3825 3834 3708
f 3966 4078 3951
f 3966 3951 3834
f 4078 4222 4057
f 4078 4057 3951
f 4222 4318 4161
f 4222 4161 4057
f 4318 4398 4283
f 4318 4283 4161
f 4398 4461 4332
f 4398 4332 4283
f 4461 4501 4395
f 4461 4395 4332
f 4501 4538 4434
f 4501 4434 4395
f 4538 4575 4472
f 4538 4472 4434
f 4575 4584 4489
f 4575 4489 4472
f 4584 4610 4509
f 4584 4509 4489
f 4610 4622 4519
f 4610 4519 4509
f 4622 4626 4525
f 4622 4525 4519
f 4525 4520 4416
f 4525 4416 4422
f 4520 4510 4408
f 4520 4408 4416
f 4510 4490 4390
f 4510 4390 4408
f 4490 4473 4358
f 4490 4358 4390
f 4473 4435 4320
f 4473 4320 4358
f 4435 4396 4287
f 4435 4287 4320
f 4396 4333 4198
f 4396 4198 4287
f 4333 4284 4119
f 4333 4119 4198
f 4284 4168 4022
f 4284 4022 4119
f 4168 4058 3938
f 4168 3938 4022
f 4058 3952 3833
f 4058 3833 3938
f 3952 3835 3727
f 3952 3727 3833
f 3835 3709 3617
f 3835 3617 3727
f 3709 3595 3526
f 3709 3526 3617
f 3595 3479 3418
f 3595 3418 3526
f 3479 3379 3321
f 3479 3321 3418
f 3379 3277 3223
f 3379 3223 3321
f 3277 3173 3127
f 3277 3127 3223
f 3173 3059 3025
f 3173 3025 3127
f 3059 2963 2938
f 3059 2938 3025
f 2963 2865 2841
f 2963 2841 2938
f 2865 2757 2749
f 2865 2749 2841
f 2757 2643 2637
f 2757 2637 2749
f 2643 2574 2570
f 2643 2570 2637
f 2574 2449 2455
f 2574 2455 2570
f 2449 2335 2343
f 2449 2343 2455
f 2335 2227 2251
f 2335 2251 2343
f 2227 2129 2154
f 2227 2154 2251
f 2129 2033 2067
f 2129 2067 2154
f 2033 1919 1965
f 2033 1965 2067
f 1919 1819 1869
f 1919 1869 1965
f 1819 1713 1771
f 1819 1771 1869
f 1713 1613 1674
f 1713 1674 1771
f 1613 1497 1566
f 1613 1566 1674
f 1497 1383 1479
f 1497 1479 1566
f 1383 1261 1371
f 1383 1371 1479
f 1261 1144 1265
f 1261 1265 1371
f 1144 1038 1154
f 1144 1154 1265
f 1038 934 1074
f 1038 1074 1154
f 934 822 977
f 934 977 1074
f 822 769 904
f 822 904 977
f 769 702 819
f 769 819 904
f 702 661 786
f 702 786 819
f 661 623 744
f 661 744 786
f 623 606 708
f 623 708 744
f 606 586 688
f 606 688 708
f 586 576 680
f 586 680 688
f 576 570 673
f 576 673 680
f 570 575 679
f 570 679 673
f 575 585 687
f 575 687 679
f 585 605 707
f 585 707 687
f 605 622 743
f 605 743 707
f 622 660 785
f 622 785 743
f 660 701 818
f 660 818 785
f 701 768 903
f 701 903 818
f 768 821 976
f 768 976 903
f 821 931 1073
f 821 1073 976
f 931 1037 1153
f 931 1153 1073
f 1037 1143 1262
f 1037 1262 1153
f 1143 1260 1364
f 1143 1364 1262
f 1260 1382 1478
f 1260 1478 1364
f 1382 1496 1565
f 1382 1565 1478
f 1496 1612 1673
f 1496 1673 1565
f 1612 1712 1770
f 1612 1770 1673
f 1712 1818 1868
f 1712 1868 1770
f 1818 1918 1964
f 1818 1964 1868
f 1918 2032 2066
f 1918 2066 1964
f 2032 2128 2153
f 2032 2153 2066
f 2128 2226 2250
f 2128 2250 2153
f 2226 2334 2342
f 2226 2342 2250
f 2334 2448 2454
f 2334 2454 2342
f 2448 2517 2521
f 2448 2521 2454
f 2517 2642 2636
f 2517 2636 2521
f 2642 2756 2748
f 2642 2748 2636
f 2756 2864 2840
f 2756 2840 2748
f 2864 2962 2937
f 2864 2937 2840
f 2962 3058 3024
f 2962 3024 2937
f 3058 3172 3126
f 3058 3126 3024
f 3172 3276 3222
f 3172 3222 3126
f 3276 3378 3320
f 3276 3320 3222
f 3378 3478 3417
f 3378 3417 3320
f 3478 3594 3525
f 3478 3525 3417
f 3594 3708 3616
f 3594 3616 3525
f 3708 3834 3720
f 3708 3720 3616
f 3834 3951 3830
f 3834 3830 3720
f 3951 4057 3937
f 3951 3937 3830
f 4057 4161 4021
f 4057 4021 3937
f 4161 4283 4118
f 4161 4118 4021
f 4283 4332 4197
f 4283 4197 4118
f 4332 4395 4286
f 4332 4286 4197
f 4395 4434 4319
f 4395 4319 4286
f 4434 4472 4357
f 4434 4357 4319
f 4472 4489 4389
f 4472 4389 4357
f 4489 4509 4407
f 4489 4407 4389
f 4509 4519 4415
f 4509 4415 4407
f 4519 4525 4422
f 4519 4422 4415
f 4422 4416 4327
f 4422 4327 4329
f 4416 4408 4312
f 4416 4312 4327
f 4408 4390 4302
f 4408 4302 4312
f 4390 4358 4279
f 4390 4279 4302
f 4358 4320 4204
f 4358 4204 4279
f 4320 4287 4148
f 4320 4148 4204
f 4287 4198 4075
f 4287 4075 4148
f 4198 4119 4002
f 4198 4002 4075
f 4119 4022 3934
f 4119 3934 4002
f 4022 3938 3838
f 4022 3838 3934
f 3938 3833 3734
f 3938 3734 3838
f 3833 3727 3640
f 3833 3640 3734
f 3727 3617 3547
f 3727 3547 3640
f 3617 3526 3459
f 3617 3459 3547
f 3526 3418 3373
f 3526 3373 3459
f 3418 3321 3281
f 3418 3281 3373
f 3321 3223 3191
f 3321 3191 3281
f 3223 3127 3099
f 3223 3099 3191
f 3127 3025 3013
f 3127 3013 3099
f 3025 2938 2915
f 3025 2915 3013
f 2938 2841 2827
f 2938 2827 2915
f 2841 2749 2741
f 2841 2741 2827
f 2749 2637 2631
f 2749 2631 2741
f 2637 2570 2566
f 2637 2566 2631
f 2570 2455 2461
f 2570 2461 2566
f 2455 2343 2353
f 2455 2353 2461
f 2343 2251 2265
f 2343 2265 2353
f 2251 2154 2181
f 2251 2181 2265
f 2154 2067 2079
f 2154 2079 2181
f 2067 1965 1997
f 2067 1997 2079
f 1965 1869 1903
f 1965 1903 1997
f 1869 1771 1815
f 1869 1815 1903
f 1771 1674 1723
f 1771 1723 1815
f 1674 1566 1637
f 1674 1637 1723
f 1566 1479 1545
f 1566 1545 1637
f 1479 1371 1456
f 1479 1456 1545
f 1371 1265 1358
f 1371 1358 1456
f 1265 1154 1258
f 1265 1258 1358
f 1154 1074 1158
f 1154 1158 1258
f 1074 977 1094
f 1074 1094 1158
f 977 904 1021
f 977 1021 1094
f 904 819 956
f 904 956 1021
f 819 786 900
f 819 900 956
f 786 744 829
f 786 829 900
f 744 708 804
f 744 804 829
f 708 688 794
f 708 794 804
f 688 680 779
f 688 779 794
f 680 673 772
f 680 772 779
f 673 679 778
f 673 778 772
f 679 687 793
f 679 793 778
f 687 707 803
f 687 803 793
f 707 743 826
f 707 826 803
f 743 785 897
f 743 897 826
f 785 818 947
f 785 947 897
f 818 903 1020
f 818 1020 947
f 903 976 1093
f 903 1093 1020
f 976 1073 1157
f 976 1157 1093
f 1073 1153 1257
f 1073 1257 1157
f 1153 1262 1357
f 1153 1357 1257
f 1262 1364 1455
f 1262 1455 1357
f 1364 1478 1544
f 1364 1544 1455
f 1478 1565 1636
f 1478 1636 1544
f 1565 1673 1718
f 1565 1718 1636
f 1673 1770 1814
f 1673 1814 1718
f 1770 1868 1900
f 1770 1900 1814
f 1868 1964 1996
f 1868 1996 1900
f 1964 2066 2078
f 1964 2078 1996
f 2066 2153 2180
f 2066 2180 2078
f 2153 2250 2264
f 2153 2264 2180
f 2250 2342 2352
f 2250 2352 2264
f 2342 2454 2460
f 2342 2460 2352
f 2454 2521 2525
f 2454 2525 2460
f 2521 2636 2630
f 2521 2630 2525
f 2636 2748 2740
f 2636 2740 2630
f 2748 2840 2826
f 2748 2826 2740
f 2840 2937 2914
f 2840 2914 2826
f 2937 3024 3012
f 2937 3012 2914
f 3024 3126 3098
f 3024 3098 3012
f 3126 3222 3188
f 3126 3188 3098
f 3222 3320 3280
f 3222 3280 3188
f 3320 3417 3368
f 3320 3368 3280
f 3417 3525 3458
f 3417 3458 3368
f 3525 3616 3546
f 3525 3546 3458
f 3616 3720 3639
f 3616 3639 3546
f 3720 3830 3733
f 3720 3733 3639
f 3830 3937 3837
f 3830 3837 3733
f 3937 4021 3933
f 3937 3933 3837
f 4021 4118 4001
f 4021 4001 3933
f 4118 4197 4074
f 4118 4074 4001
f 4197 4286 4139
f 4197 4139 4074
f 4286 4319 4201
f 4286 4201 4139
f 4319 4357 4276
f 4319 4276 4201
f 4357 4389 4301
f 4357 4301 4276
f 4389 4407 4311
f 4389 4311 4301
f 4407 4415 4326
f 4407 4326 4311
f 4415 4422 4329
f 4415 4329 4326
f 4329 4327 4278
f 4329 4278 4282
f 4327 4312 4258
f 4327 4258 4278
f 4312 4302 4214
f 4312 4214 4258
f 4302 4279 4173
f 4302 4173 4214
f 4279 4204 4123
f 4279 4123 4173
f 4204 4148 4071
f 4204 4071 4123
f 4148 4075 4004
f 4148 4004 4071
f 4075 4002 3944
f 4075 3944 4004
f 4002 3934 3882
f 4002 3882 3944
f 3934 3838 3771
f 3934 3771 3882
f 3838 3734 3687
f 3838 3687 3771
f 3734 3640 3601
f 3734 3601 3687
f 3640 3547 3519
f 3640 3519 3601
f 3547 3459 3425
f 3547 3425 3519
f 3459 3373 3347
f 3459 3347 3425
f 3373 3281 3255
f 3373 3255 3347
f 3281 3191 3171
f 3281 3171 3255
f 3191 3099 3085
f 3191 3085 3171
f 3099 3013 2997
f 3099 2997 3085
f 3013 2915 2899
f 3013 2899 2997
f 2915 2827 2822
f 2915 2822 2899
f 2827 2741 2735
f 2827 2735 2822
f 2741 2631 2629
f 2741 2629 2735
f 2631 2566 2563
f 2631 2563 2629
f 2566 2461 2463
f 2566 2463 2563
f 2461 2353 2357
f 2461 2357 2463
f 2353 2265 2270
f 2353 2270 2357
f 2265 2181 2193
f 2265 2193 2270
f 2181 2079 2095
f 2181 2095 2193
f 2079 1997 2007
f 2079 2007 2095
f 1997 1903 1921
f 1997 1921 2007
f 1903 1815 1837
f 1903 1837 1921
f 1815 1723 1745
f 1815 1745 1837
f 1723 1637 1667
f 1723 1667 1745
f 1637 1545 1573
f 1637 1573 1667
f 1545 1456 1491
f 1545 1491 1573
f 1456 1358 1405
f 1456 1405 1491
f 1358 1258 1321
f 1358 1321 1405
f 1258 1158 1214
f 1258 1214 1321
f 1158 1094 1148
f 1158 1148 1214
f 1094 1021 1092
f 1094 1092 1148
f 1021 956 1025
f 1021 1025 1092
f 956 900 975
f 956 975 1025
f 900 829 927
f 900 927 975
f 829 804 888
f 829 888 927
f 804 794 848
f 804 848 888
f 794 779 828
f 794 828 848
f 779 772 823
f 779 823 828
f 772 778 827
f 772 827 823
f 778 793 847
f 778 847 827
f 793 803 887
f 793 887 847
f 803 826 926
f 803 926 887
f 826 897 972
f 826 972 926
f 897 947 1024
f 897 1024 972
f 947 1020 1091
f 947 1091 1024
f 1020 1093 1147
f 1020 1147 1091
f 1093 1157 1213
f 1093 1213 1147
f 1157 1257 1320
f 1157 1320 1213
f 1257 1357 1404
f 1257 1404 1320
f 1357 1455 1490
f 1357 1490 1404
f 1455 1544 1572
f 1455 1572 1490
f 1544 1636 1666
f 1544 1666 1572
f 1636 1718 1744
f 1636 1744 1666
f 1718 1814 1836
f 1718 1836 1744
f 1814 1900 1920
f 1814 1920 1836
f 1900 1996 2006
f 1900 2006 1920
f 1996 2078 2094
f 1996 2094 2006
f 2078 2180 2192
f 2078 2192 2094
f 2180 2264 2269
f 2180 2269 2192
f 2264 2352 2356
f 2264 2356 2269
f 2352 2460 2462
f 2352 2462 2356
f 2460 2525 2528
f 2460 2528 2462
f 2525 2630 2628
f 2525 2628 2528
f 2630 2740 2734
f 2630 2734 2628
f 2740 2826 2821
f 2740 2821 2734
f 2826 2914 2898
f 2826 2898 2821
f 2914 3012 2996
f 2914 2996 2898
f 3012 3098 3084
f 3012 3084 2996
f 3098 3188 3170
f 3098 3170 3084
f 3188 3280 3254
f 3188 3254 3170
f 3280 3368 3346
f 3280 3346 3254
f 3368 3458 3424
f 3368 3424 3346
f 3458 3546 3518
f 3458 3518 3424
f 3546 3639 3600
f 3546 3600 3518
f 3639 3733 3686
f 3639 3686 3600
f 3733 3837 3770
f 3733 3770 3686
f 3837 3933 3881
f 3837 3881 3770
f 3933 4001 3943
f 3933 3943 3881
f 4001 4074 4003
f 4001 4003 3943
f 4074 4139 4070
f 4074 4070 4003
f 4139 4201 4120
f 4139 4120 4070
f 4201 4276 4172
f 4201 4172 4120
f 4276 4301 4213
f 4276 4213 4172
f 4301 4311 4257
f 4301 4257 4213
f 4311 4326 4277
f 4311 4277 4257
f 4326 4329 4282
f 4326 4282 4277
f 4282 4278 4244
f 4282 4244 4248
f 4278 4258 4209
f 4278 4209 4244
f 4258 4214 4187
f 4258 4187 4209
f 4214 4173 4144
f 4214 4144 4187
f 4173 4123 4111
f 4173 4111 4144
f 4123 4071 4044
f 4123 4044 4111
f 4071 4004 3985
f 4071 3985 4044
f 4004 3944 3926
f 4004 3926 3985
f 3944 3882 3850
f 3944 3850 3926
f 3882 3771 3758
f 3882 3758 3850
f 3771 3687 3670
f 3771 3670 3758
f 3687 3601 3576
f 3687 3576 3670
f 3601 3519 3498
f 3601 3498 3576
f 3519 3425 3412
f 3519 3412 3498
f 3425 3347 3332
f 3425 3332 3412
f 3347 3255 3249
f 3347 3249 3332
f 3255 3171 3162
f 3255 3162 3249
f 3171 3085 3072
f 3171 3072 3162
f 3085 2997 2987
f 3085 2987 3072
f 2997 2899 2890
f 2997 2890 2987
f 2899 2822 2811
f 2899 2811 2890
f 2822 2735 2730
f 2822 2730 2811
f 2735 2629 2624
f 2735 2624 2730
f 2629 2563 2559
f 2629 2559 2624
f 2563 2463 2470
f 2563 2470 2559
f 2463 2357 2362
f 2463 2362 2470
f 2357 2270 2281
f 2357 2281 2362
f 2270 2193 2202
f 2270 2202 2281
f 2193 2095 2105
f 2193 2105 2202
f 2095 2007 2020
f 2095 2020 2105
f 2007 1921 1930
f 2007 1930 2020
f 1921 1837 1847
f 1921 1847 1930
f 1837 1745 1760
f 1837 1760 1847
f 1745 1667 1680
f 1745 1680 1760
f 1667 1573 1594
f 1667 1594 1680
f 1573 1491 1516
f 1573 1516 1594
f 1491 1405 1426
f 1491 1426 1516
f 1405 1321 1338
f 1405 1338 1426
f 1321 1214 1250
f 1321 1250 1338
f 1214 1148 1166
f 1214 1166 1250
f 1148 1092 1111
f 1148 1111 1166
f 1092 1025 1052
f 1092 1052 1111
f 1025 975 985
f 1025 985 1052
f 975 927 952
f 975 952 985
f 927 888 915
f 927 915 952
f 888 848 893
f 888 893 915
f 848 828 858
f 848 858 893
f 828 823 850
f 828 850 858
f 823 827 854
f 823 854 850
f 827 847 889
f 827 889 854
f 847 887 911
f 847 911 889
f 887 926 948
f 887 948 911
f 926 972 981
f 926 981 948
f 972 1024 1048
f 972 1048 981
f 1024 1091 1107
f 1024 1107 1048
f 1091 1147 1162
f 1091 1162 1107
f 1147 1213 1242
f 1147 1242 1162
f 1213 1320 1330
f 1213 1330 1242
f 1320 1404 1422
f 1320 1422 1330
f 1404 1490 1512
f 1404 1512 1422
f 1490 1572 1590
f 1490 1590 1512
f 1572 1666 1676
f 1572 1676 1590
f 1666 1744 1756
f 1666 1756 1676
f 1744 1836 1839
f 1744 1839 1756
f 1836 1920 1926
f 1836 1926 1839
f 1920 2006 2016
f 1920 2016 1926
f 2006 2094 2101
f 2006 2101 2016
f 2094 2192 2198
f 2094 2198 2101
f 2192 2269 2277
f 2192 2277 2198
f 2269 2356 2358
f 2269 2358 2277
f 2356 2462 2464
f 2356 2464 2358
f 2462 2528 2529
f 2462 2529 2464
f 2528 2628 2618
f 2528 2618 2529
f 2628 2734 2726
f 2628 2726 2618
f 2734 2821 2807
f 2734 2807 2726
f 2821 2898 2886
f 2821 2886 2807
f 2898 2996 2983
f 2898 2983 2886
f 2996 3084 3068
f 2996 3068 2983
f 3084 3170 3158
f 3084 3158 3068
f 3170 3254 3241
f 3170 3241 3158
f 3254 3346 3328
f 3254 3328 3241
f 3346 3424 3408
f 3346 3408 3328
f 3424 3518 3494
f 3424 3494 3408
f 3518 3600 3572
f 3518 3572 3494
f 3600 3686 3666
f 3600 3666 3572
f 3686 3770 3750
f 3686 3750 3666
f 3770 3881 3842
f 3770 3842 3750
f 3881 3943 3922
f 3881 3922 3842
f 3943 4003 3981
f 3943 3981 3922
f 4003 4070 4040
f 4003 4040 3981
f 4070 4120 4107
f 4070 4107 4040
f 4120 4172 4140
f 4120 4140 4107
f 4172 4213 4183
f 4172 4183 4140
f 4213 4257 4205
f 4213 4205 4183
f 4257 4277 4240
f 4257 4240 4205
f 4277 4282 4248
f 4277 4248 4240
f 4248 4244 4245
f 4248 4245 4249
f 4244 4209 4210
f 4244 4210 4245
f 4209 4187 4188
f 4209 4188 4210
f 4187 4144 4145
f 4187 4145 4188
f 4144 4111 4112
f 4144 4112 4145
f 4111 4044 4045
f 4111 4045 4112
f 4044 3985 3986
f 4044 3986 4045
f 3985 3926 3927
f 3985 3927 3986
f 3926 3850 3851
f 3926 3851 3927
f 3850 3758 3759
f 3850 3759 3851
f 3758 3670 3671
f 3758 3671 3759
f 3670 3576 3577
f 3670 3577 3671
f 3576 3498 3499
f 3576 3499 3577
f 3498 3412 3413
f 3498 3413 3499
f 3412 3332 3333
f 3412 3333 3413
f 3332 3249 3250
f 3332 3250 3333
f 3249 3162 3163
f 3249 3163 3250
f 3162 3072 3073
f 3162 3073 3163
f 3072 2987 2988
f 3072 2988 3073
f 2987 2890 2891
f 2987 2891 2988
f 2890 2811 2812
f 2890 2812 2891
f 2811 2730 2731
f 2811 2731 2812
f 2730 2624 2625
f 2730 2625 2731
f 2624 2559 2560
f 2624 2560 2625
f 2559 2470 2471
f 2559 2471 2560
f 2470 2362 2363
f 2470 2363 2471
f 2362 2281 2282
f 2362 2282 2363
f 2281 2202 2203
f 2281 2203 2282
f 2202 2105 2106
f 2202 2106 2203
f 2105 2020 2021
f 2105 2021 2106
f 2020 1930 1931
f 2020 1931 2021
f 1930 1847 1848
f 1930 1848 1931
f 1847 1760 1761
f 1847 1761 1848
f 1760 1680 1681
f 1760 1681 1761
f 1680 1594 1595
f 1680 1595 1681
f 1594 1516 1517
f 1594 1517 1595
f 1516 1426 1427
f 1516 1427 1517
f 1426 1338 1339
f 1426 1339 1427
f 1338 1250 1251
f 1338 1251 1339
f 1250 1166 1167
f 1250 1167 1251
f 1166 1111 1112
f 1166 1112 1167
f 1111 1052 1053
f 1111 1053 1112
f 1052 985 986
f 1052 986 1053
f 985 952 953
f 985 953 986
f 952 915 916
f 952 916 953
f 915 893 894
f 915 894 916
f 893 858 859
f 893 859 894
f 858 850 851
f 858 851 859
f 850 854 855
f 850 855 851
f 854 889 890
f 854 890 855
f 889 911 912
f 889 912 890
f 911 948 949
f 911 949 912
f 948 981 982
f 948 982 949
f 981 1048 1049
f 981 1049 982
f 1048 1107 1108
f 1048 1108 1049
f 1107 1162 1163
f 1107 1163 1108
f 1162 1242 1243
f 1162 1243 1163
f 1242 1330 1331
f 1242 1331 1243
f 1330 1422 1423
f 1330 1423 1331
f 1422 1512 1513
f 1422 1513 1423
f 1512 1590 1591
f 1512 1591 1513
f 1590 1676 1677
f 1590 1677 1591
f 1676 1756 1757
f 1676 1757 1677
f 1756 1839 1840
f 1756 1840 1757
f 1839 1926 1927
f 1839 1927 1840
f 1926 2016 2017
f 1926 2017 1927
f 2016 2101 2102
f 2016 2102 2017
f 2101 2198 2199
f 2101 2199 2102
f 2198 2277 2278
f 2198 2278 2199
f 2277 2358 2359
f 2277 2359 2278
f 2358 2464 2465
f 2358 2465 2359
f 2464 2529 2530
f 2464 2530 2465
f 2529 2618 2619
f 2529 2619 2530
f 2618 2726 2727
f 2618 2727 2619
f 2726 2807 2808
f 2726 2808 2727
f 2807 2886 2887
f 2807 2887 2808
f 2886 2983 2984
f 2886 2984 2887
f 2983 3068 3069
f 2983 3069 2984
f 3068 3158 3159
f 3068 3159 3069
f 3158 3241 3242
f 3158 3242 3159
f 3241 3328 3329
f 3241 3329 3242
f 3328 3408 3409
f 3328 3409 3329
f 3408 3494 3495
f 3408 3495 3409
f 3494 3572 3573
f 3494 3573 3495
f 3572 3666 3667
f 3572 3667 3573
f 3666 3750 3751
f 3666 3751 3667
f 3750 3842 3843
f 3750 3843 3751
f 3842 3922 3923
f 3842 3923 3843
f 3922 3981 3982
f 3922 3982 3923
f 3981 4040 4041
f 3981 4041 3982
f 4040 4107 4108
f 4040 4108 4041
f 4107 4140 4141
f 4107 4141 4108
f 4140 4183 4184
f 4140 4184 4141
f 4183 4205 4206
f 4183 4206 4184
f 4205 4240 4241
f 4205 4241 4206
f 4240 4248 4249
f 4240 4249 4241
f 4249 4245 4440
f 4249 4440 4444
f 4245 4210 4427
f 4245 4427 4440
f 4210 4188 4409
f 4210 4409 4427
f 4188 4145 4380
f 4188 4380 4409
f 4145 4112 4340
f 4145 4340 4380
f 4112 4045 4305
f 4112 4305 4340
f 4045 3986 4238
f 4045 4238 4305
f 3986 3927 4133
f 3986 4133 4238
f 3927 3851 4048
f 3927 4048 4133
f 3851 3759 3957
f 3851 3957 4048
f 3759 3671 3862
f 3759 3862 3957
f 3671 3577 3735
f 3671 3735 3862
f 3577 3499 3628
f 3577 3628 3735
f 3499 3413 3534
f 3499 3534 3628
f 3413 3333 3432
f 3413 3432 3534
f 3333 3250 3339
f 3333 3339 3432
f 3250 3163 3234
f 3250 3234 3339
f 3163 3073 3134
f 3163 3134 3234
f 3073 2988 3029
f 3073 3029 3134
f 2988 2891 2942
f 2988 2942 3029
f 2891 2812 2848
f 2891 2848 2942
f 2812 2731 2752
f 2812 2752 2848
f 2731 2625 2638
f 2731 2638 2752
f 2625 2560 2571
f 2625 2571 2638
f 2560 2471 2456
f 2560 2456 2571
f 2471 2363 2340
f 2471 2340 2456
f 2363 2282 2244
f 2363 2244 2340
f 2282 2203 2150
f 2282 2150 2244
f 2203 2106 2063
f 2203 2063 2150
f 2106 2021 1958
f 2106 1958 2063
f 2021 1931 1858
f 2021 1858 1958
f 1931 1848 1753
f 1931 1753 1858
f 1848 1761 1664
f 1848 1664 1753
f 1761 1681 1560
f 1761 1560 1664
f 1681 1595 1468
f 1681 1468 1560
f 1595 1517 1359
f 1595 1359 1468
f 1517 1427 1234
f 1517 1234 1359
f 1427 1339 1139
f 1427 1139 1234
f 1339 1251 1056
f 1339 1056 1139
f 1251 1167 963
f 1251 963 1056
f 1167 1112 864
f 1167 864 963
f 1112 1053 801
f 1112 801 864
f 1053 986 762
f 1053 762 801
f 986 953 722
f 986 722 762
f 953 916 689
f 953 689 722
f 916 894 669
f 916 669 689
f 894 859 656
f 894 656 669
f 859 851 650
f 859 650 656
f 851 855 654
f 851 654 650
f 855 890 667
f 855 667 654
f 890 912 685
f 890 685 667
f 912 949 720
f 912 720 685
f 949 982 760
f 949 760 720
f 982 1049 799
f 982 799 760
f 1049 1108 862
f 1049 862 799
f 1108 1163 961
f 1108 961 862
f 1163 1243 1046
f 1163 1046 961
f 1243 1331 1137
f 1243 1137 1046
f 1331 1423 1232
f 1331 1232 1137
f 1423 1513 1355
f 1423 1355 1232
f 1513 1591 1466
f 1513 1466 1355
f 1591 1677 1556
f 1591 1556 1466
f 1677 1757 1658
f 1677 1658 1556
f 1757 1840 1751
f 1757 1751 1658
f 1840 1927 1856
f 1840 1856 1751
f 1927 2017 1956
f 1927 1956 1856
f 2017 2102 2061
f 2017 2061 1956
f 2102 2199 2148
f 2102 2148 2061
f 2199 2278 2242
f 2199 2242 2148
f 2278 2359 2338
f 2278 2338 2242
f 2359 2465 2452
f 2359 2452 2338
f 2465 2530 2519
f 2465 2519 2452
f 2530 2619 2634
f 2530 2634 2519
f 2619 2727 2750
f 2619 2750 2634
f 2727 2808 2846
f 2727 2846 2750
f 2808 2887 2940
f 2808 2940 2846
f 2887 2984 3027
f 2887 3027 2940
f 2984 3069 3132
f 2984 3132 3027
f 3069 3159 3232
f 3069 3232 3132
f 3159 3242 3337
f 3159 3337 3232
f 3242 3329 3426
f 3242 3426 3337
f 3329 3409 3530
f 3329 3530 3426
f 3409 3495 3626
f 3409 3626 3530
f 3495 3573 3731
f 3495 3731 3626
f 3573 3667 3860
f 3573 3860 3731
f 3667 3751 3955
f 3667 3955 3860
f 3751 3843 4038
f 3751 4038 3955
f 3843 3923 4131
f 3843 4131 4038
f 3923 3982 4236
f 3923 4236 4131
f 3982 4041 4303
f 3982 4303 4236
f 4041 4108 4338
f 4041 4338 4303
f 4108 4141 4378
f 4108 4378 4338
f 4141 4184 4405
f 4141 4405 4378
f 4184 4206 4425
f 4184 4425 4405
f 4206 4241 4438
f 4206 4438 4425
f 4241 4249 4444
f 4241 4444 4438
f 4444 4440 4441
f 4444 4441 4445
f 4440 4427 4428
f 4440 4428 4441
f 4427 4409 4410
f 4427 4410 4428
f 4409 4380 4381
f 4409 4381 4410
f 4380 4340 4341
f 4380 4341 4381
f 4340 4305 4306
f 4340 4306 4341
f 4305 4238 4239
f 4305 4239 4306
f 4238 4133 4134
f 4238 4134 4239
f 4133 4048 4049
f 4133 4049 4134
f 4048 3957 3958
f 4048 3958 4049
f 3957 3862 3863
f 3957 3863 3958
f 3862 3735 3736
f 3862 3736 3863
f 3735 3628 3629
f 3735 3629 3736
f 3628 3534 3535
f 3628 3535 3629
f 3534 3432 3433
f 3534 3433 3535
f 3432 3339 3340
f 3432 3340 3433
f 3339 3234 3235
f 3339 3235 3340
f 3234 3134 3135
f 3234 3135 3235
f 3134 3029 3030
f 3134 3030 3135
f 3029 2942 2943
f 3029 2943 3030
f 2942 2848 2849
f 2942 2849 2943
f 2848 2752 2753
f 2848 2753 2849
f 2752 2638 2639
f 2752 2639 2753
f 2638 2571 2572
f 2638 2572 2639
f 2571 2456 2457
f 2571 2457 2572
f 2456 2340 2341
f 2456 2341 2457
f 2340 2244 2245
f 2340 2245 2341
f 2244 2150 2151
f 2244 2151 2245
f 2150 2063 2064
f 2150 2064 2151
f 2063 1958 1959
f 2063 1959 2064
f 1958 1858 1859
f 1958 1859 1959
f 1858 1753 1754
f 1858 1754 1859
f 1753 1664 1665
f 1753 1665 1754
f 1664 1560 1561
f 1664 1561 1665
f 1560 1468 1469
f 1560 1469 1561
f 1468 1359 1360
f 1468 1360 1469
f 1359 1234 1235
f 1359 1235 1360
f 1234 1139 1140
f 1234 1140 1235
f 1139 1056 1057
f 1139 1057 1140
f 1056 963 964
f 1056 964 1057
f 963 864 865
f 963 865 964
f 864 801 802
f 864 802 865
f 801 762 763
f 801 763 802
f 762 722 723
f 762 723 763
f 722 689 690
f 722 690 723
f 689 669 670
f 689 670 690
f 669 656 657
f 669 657 670
f 656 650 651
f 656 651 657
f 650 654 655
f 650 655 651
f 654 667 668
f 654 668 655
f 667 685 686
f 667 686 668
f 685 720 721
f 685 721 686
f 720 760 761
f 720 761 721
f 760 799 800
f 760 800 761
f 799 862 863
f 799 863 800
f 862 961 962
f 862 962 863
f 961 1046 1047
f 961 1047 962
f 1046 1137 1138
f 1046 1138 1047
f 1137 1232 1233
f 1137 1233 1138
f 1232 1355 1356
f 1232 1356 1233
f 1355 1466 1467
f 1355 1467 1356
f 1466 1556 1557
f 1466 1557 1467
f 1556 1658 1659
f 1556 1659 1557
f 1658 1751 1752
f 1658 1752 1659
f 1751 1856 1857
f 1751 1857 1752
f 1856 1956 1957
f 1856 1957 1857
f 1956 2061 2062
f 1956 2062 1957
f 2061 2148 2149
f 2061 2149 2062
f 2148 2242 2243
f 2148 2243 2149
f 2242 2338 2339
f 2242 2339 2243
f 2338 2452 2453
f 2338 2453 2339
f 2452 2519 2520
f 2452 2520 2453
f 2519 2634 2635
f 2519 2635 2520
f 2634 2750 2751
f 2634 2751 2635
f 2750 2846 2847
f 2750 2847 2751
f 2846 2940 2941
f 2846 2941 2847
f 2940 3027 3028
f 2940 3028 2941
f 3027 3132 3133
f 3027 3133 3028
f 3132 3232 3233
f 3132 3233 3133
f 3232 3337 3338
f 3232 3338 3233
f 3337 3426 3427
f 3337 3427 3338
f 3426 3530 3531
f 3426 3531 3427
f 3530 3626 3627
f 3530 3627 3531
f 3626 3731 3732
f 3626 3732 3627
f 3731 3860 3861
f 3731 3861 3732
f 3860 3955 3956
f 3860 3956 3861
f 3955 4038 4039
f 3955 4039 3956
f 4038 4131 4132
f 4038 4132 4039
f 4131 4236 4237
f 4131 4237 4132
f 4236 4303 4304
f 4236 4304 4237
f 4303 4338 4339
f 4303 4339 4304
f 4338 4378 4379
f 4338 4379 4339
f 4378 4405 4406
f 4378 4406 4379
f 4405 4425 4426
f 4405 4426 4406
f 4425 4438 4439
f 4425 4439 4426
f 4438 4444 4445
f 4438 4445 4439
f 4445 4441 4246
f 4445 4246 4250
f 4441 4428 4211
f 4441 4211 4246
f 4428 4410 4189
f 4428 4189 4211
f 4410 4381 4146
f 4410 4146 4189
f 4381 4341 4113
f 4381 4113 4146
f 4341 4306 4046
f 4341 4046 4113
f 4306 4239 3987
f 4306 3987 4046
f 4239 4134 3928
f 4239 3928 3987
f 4134 4049 3852
f 4134 3852 3928
f 4049 3958 3760
f 4049 3760 3852
f 3958 3863 3672
f 3958 3672 3760
f 3863 3736 3578
f 3863 3578 3672
f 3736 3629 3500
f 3736 3500 3578
f 3629 3535 3414
f 3629 3414 3500
f 3535 3433 3334
f 3535 3334 3414
f 3433 3340 3251
f 3433 3251 3334
f 3340 3235 3164
f 3340 3164 3251
f 3235 3135 3074
f 3235 3074 3164
f 3135 3030 2989
f 3135 2989 3074
f 3030 2943 2892
f 3030 2892 2989
f 2943 2849 2813
f 2943 2813 2892
f 2849 2753 2732
f 2849 2732 2813
f 2753 2639 2626
f 2753 2626 2732
f 2639 2572 2561
f 2639 2561 2626
f 2572 2457 2472
f 2572 2472 2561
f 2457 2341 2364
f 2457 2364 2472
f 2341 2245 2283
f 2341 2283 2364
f 2245 2151 2204
f 2245 2204 2283
f 2151 2064 2107
f 2151 2107 2204
f 2064 1959 2022
f 2064 2022 2107
f 1959 1859 1932
f 1959 1932 2022
f 1859 1754 1849
f 1859 1849 1932
f 1754 1665 1762
f 1754 1762 1849
f 1665 1561 1682
f 1665 1682 1762
f 1561 1469 1596
f 1561 1596 1682
f 1469 1360 1518
f 1469 1518 1596
f 1360 1235 1428
f 1360 1428 1518
f 1235 1140 1340
f 1235 1340 1428
f 1140 1057 1252
f 1140 1252 1340
f 1057 964 1168
f 1057 1168 1252
f 964 865 1113
f 964 1113 1168
f 865 802 1054
f 865 1054 1113
f 802 763 987
f 802 987 1054
f 763 723 954
f 763 954 987
f 723 690 917
f 723 917 954
f 690 670 895
f 690 895 917
f 670 657 860
f 670 860 895
f 657 651 852
f 657 852 860
f 651 655 856
f 651 856 852
f 655 668 891
f 655 891 856
f 668 686 913
f 668 913 891
f 686 721 950
f 686 950 913
f 721 761 983
f 721 983 950
f 761 800 1050
f 761 1050 983
f 800 863 1109
f 800 1109 1050
f 863 962 1164
f 863 1164 1109
f 962 1047 1244
f 962 1244 1164
f 1047 1138 1332
f 1047 1332 1244
f 1138 1233 1424
f 1138 1424 1332
f 1233 1356 1514
f 1233 1514 1424
f 1356 1467 1592
f 1356 1592 1514
f 1467 1557 1678
f 1467 1678 1592
f 1557 1659 1758
f 1557 1758 1678
f 1659 1752 1841
f 1659 1841 1758
f 1752 1857 1928
f 1752 1928 1841
f 1857 1957 2018
f 1857 2018 1928
f 1957 2062 2103
f 1957 2103 2018
f 2062 2149 2200
f 2062 2200 2103
f 2149 2243 2279
f 2149 2279 2200
f 2243 2339 2360
f 2243 2360 2279
f 2339 2453 2466
f 2339 2466 2360
f 2453 2520 2531
f 2453 2531 2466
f 2520 2635 2620
f 2520 2620 2531
f 2635 2751 2728
f 2635 2728 2620
f 2751 2847 2809
f 2751 2809 2728
f 2847 2941 2888
f 2847 2888 2809
f 2941 3028 2985
f 2941 2985 2888
f 3028 3133 3070
f 3028 3070 2985
f 3133 3233 3160
f 3133 3160 3070
f 3233 3338 3243
f 3233 3243 3160
f 3338 3427 3330
f 3338 3330 3243
f 3427 3531 3410
f 3427 3410 3330
f 3531 3627 3496
f 3531 3496 3410
f 3627 3732 3574
f 3627 3574 3496
f 3732 3861 3668
f 3732 3668 3574
f 3861 3956 3752
f 3861 3752 3668
f 3956 4039 3844
f 3956 3844 3752
f 4039 4132 3924
f 4039 3924 3844
f 4132 4237 3983
f 4132 3983 3924
f 4237 4304 4042
f 4237 4042 3983
f 4304 4339 4109
f 4304 4109 4042
f 4339 4379 4142
f 4339 4142 4109
f 4379 4406 4185
f 4379 4185 4142
f 4406 4426 4207
f 4406 4207 4185
f 4426 4439 4242
f 4426 4242 4207
f 4439 4445 4250
f 4439 4250 4242
f 4250 4246 4247
f 4250 4247 4255
f 4246 4211 4212
f 4246 4212 4247
f 4211 4189 4190
f 4211 4190 4212
f 4189 4146 4147
f 4189 4147 4190
f 4146 4113 4114
f 4146 4114 4147
f 4113 4046 4047
f 4113 4047 4114
f 4046 3987 3988
f 4046 3988 4047
f 3987 3928 3929
f 3987 3929 3988
f 3928 3852 3853
f 3928 3853 3929
f 3852 3760 3761
f 3852 3761 3853
f 3760 3672 3673
f 3760 3673 3761
f 3672 3578 3579
f 3672 3579 3673
f 3578 3500 3501
f 3578 3501 3579
f 3500 3414 3415
f 3500 3415 3501
f 3414 3334 3335
f 3414 3335 3415
f 3334 3251 3252
f 3334 3252 3335
f 3251 3164 3165
f 3251 3165 3252
f 3164 3074 3075
f 3164 3075 3165
f 3074 2989 2990
f 3074 2990 3075
f 2989 2892 2893
f 2989 2893 2990
f 2892 2813 2814
f 2892 2814 2893
f 2813 2732 2733
f 2813 2733 2814
f 2732 2626 2627
f 2732 2627 2733
f 2626 2561 2562
f 2626 2562 2627
f 2561 2472 2473
f 2561 2473 2562
f 2472 2364 2365
f 2472 2365 2473
f 2364 2283 2284
f 2364 2284 2365
f 2283 2204 2205
f 2283 2205 2284
f 2204 2107 2108
f 2204 2108 2205
f 2107 2022 2023
f 2107 2023 2108
f 2022 1932 1933
f 2022 1933 2023
f 1932 1849 1850
f 1932 1850 1933
f 1849 1762 1763
f 1849 1763 1850
f 1762 1682 1683
f 1762 1683 1763
f 1682 1596 1597
f 1682 1597 1683
f 1596 1518 1519
f 1596 1519 1597
f 1518 1428 1429
f 1518 1429 1519
f 1428 1340 1341
f 1428 1341 1429
f 1340 1252 1253
f 1340 1253 1341
f 1252 1168 1169
f 1252 1169 1253
f 1168 1113 1114
f 1168 1114 1169
f 1113 1054 1055
f 1113 1055 1114
f 1054 987 988
f 1054 988 1055
f 987 954 955
f 987 955 988
f 954 917 918
f 954 918 955
f 917 895 896
f 917 896 918
f 895 860 861
f 895 861 896
f 860 852 853
f 860 853 861
f 852 856 857
f 852 857 853
f 856 891 892
f 856 892 857
f 891 913 914
f 891 914 892
f 913 950 951
f 913 951 914
f 950 983 984
f 950 984 951
f 983 1050 1051
f 983 1051 984
f 1050 1109 1110
f 1050 1110 1051
f 1109 1164 1165
f 1109 1165 1110
f 1164 1244 1245
f 1164 1245 1165
f 1244 1332 1333
f 1244 1333 1245
f 1332 1424 1425
f 1332 1425 1333
f 1424 1514 1515
f 1424 1515 1425
f 1514 1592 1593
f 1514 1593 1515
f 1592 1678 1679
f 1592 1679 1593
f 1678 1758 1759
f 1678 1759 1679
f 1758 1841 1842
f 1758 1842 1759
f 1841 1928 1929
f 1841 1929 1842
f 1928 2018 2019
f 1928 2019 1929
f 2018 2103 2104
f 2018 2104 2019
f 2103 2200 2201
f 2103 2201 2104
f 2200 2279 2280
f 2200 2280 2201
f 2279 2360 2361
f 2279 2361 2280
f 2360 2466 2467
f 2360 2467 2361
f 2466 2531 2532
f 2466 2532 2467
f 2531 2620 2621
f 2531 2621 2532
f 2620 2728 2729
f 2620 2729 2621
f 2728 2809 2810
f 2728 2810 2729
f 2809 2888 2889
f 2809 2889 2810
f 2888 2985 2986
f 2888 2986 2889
f 2985 3070 3071
f 2985 3071 2986
f 3070 3160 3161
f 3070 3161 3071
f 3160 3243 3244
f 3160 3244 3161
f 3243 3330 3331
f 3243 3331 3244
f 3330 3410 3411
f 3330 3411 3331
f 3410 3496 3497
f 3410 3497 3411
f 3496 3574 3575
f 3496 3575 3497
f 3574 3668 3669
f 3574 3669 3575
f 3668 3752 3753
f 3668 3753 3669
f 3752 3844 3845
f 3752 3845 3753
f 3844 3924 3925
f 3844 3925 3845
f 3924 3983 3984
f 3924 3984 3925
f 3983 4042 4043
f 3983 4043 3984
f 4042 4109 4110
f 4042 4110 4043
f 4109 4142 4143
f 4109 4143 4110
f 4142 4185 4186
f 4142 4186 4143
f 4185 4207 4208
f 4185 4208 4186
f 4207 4242 4243
f 4207 4243 4208
f 4242 4250 4255
f 4242 4255 4243
f 4255 4247 4122
f 4255 4122 4128
f 4247 4212 4117
f 4247 4117 4122
f 4212 4190 4080
f 4212 4080 4117
f 4190 4147 4053
f 4190 4053 4080
f 4147 4114 4009
f 4147 4009 4053
f 4114 4047 3970
f 4114 3970 4009
f 4047 3988 3911
f 4047 3911 3970
f 3988 3929 3849
f 3988 3849 3911
f 3929 3853 3767
f 3929 3767 3849
f 3853 3761 3689
f 3853 3689 3767
f 3761 3673 3609
f 3761 3609 3689
f 3673 3579 3537
f 3673 3537 3609
f 3579 3501 3457
f 3579 3457 3537
f 3501 3415 3377
f 3501 3377 3457
f 3415 3335 3291
f 3415 3291 3377
f 3335 3252 3209
f 3335 3209 3291
f 3252 3165 3131
f 3252 3131 3209
f 3165 3075 3040
f 3165 3040 3131
f 3075 2990 2969
f 3075 2969 3040
f 2990 2893 2873
f 2990 2873 2969
f 2893 2814 2793
f 2893 2793 2873
f 2814 2733 2715
f 2814 2715 2793
f 2733 2627 2617
f 2733 2617 2715
f 2627 2562 2553
f 2627 2553 2617
f 2562 2473 2475
f 2562 2475 2553
f 2473 2365 2377
f 2473 2377 2475
f 2365 2284 2299
f 2365 2299 2377
f 2284 2205 2219
f 2284 2219 2299
f 2205 2108 2123
f 2205 2123 2219
f 2108 2023 2052
f 2108 2052 2123
f 2023 1933 1961
f 2023 1961 2052
f 1933 1850 1883
f 1933 1883 1961
f 1850 1763 1801
f 1850 1801 1883
f 1763 1683 1715
f 1763 1715 1801
f 1683 1597 1639
f 1683 1639 1715
f 1597 1519 1555
f 1597 1555 1639
f 1519 1429 1487
f 1519 1487 1555
f 1429 1341 1403
f 1429 1403 1487
f 1341 1253 1327
f 1341 1327 1403
f 1253 1169 1249
f 1253 1249 1327
f 1169 1114 1181
f 1169 1181 1249
f 1114 1055 1126
f 1114 1126 1181
f 1055 988 1087
f 1055 1087 1126
f 988 955 1043
f 988 1043 1087
f 955 918 1016
f 955 1016 1043
f 918 896 979
f 918 979 1016
f 896 861 974
f 896 974 979
f 861 853 967
f 861 967 974
f 853 857 973
f 853 973 967
f 857 892 978
f 857 978 973
f 892 914 1015
f 892 1015 978
f 914 951 1042
f 914 1042 1015
f 951 984 1086
f 951 1086 1042
f 984 1051 1125
f 984 1125 1086
f 1051 1110 1180
f 1051 1180 1125
f 1110 1165 1246
f 1110 1246 1180
f 1165 1245 1324
f 1165 1324 1246
f 1245 1333 1402
f 1245 1402 1324
f 1333 1425 1482
f 1333 1482 1402
f 1425 1515 1554
f 1425 1554 1482
f 1515 1593 1638
f 1515 1638 1554
f 1593 1679 1714
f 1593 1714 1638
f 1679 1759 1800
f 1679 1800 1714
f 1759 1842 1882
f 1759 1882 1800
f 1842 1929 1960
f 1842 1960 1882
f 1929 2019 2051
f 1929 2051 1960
f 2019 2104 2122
f 2019 2122 2051
f 2104 2201 2218
f 2104 2218 2122
f 2201 2280 2298
f 2201 2298 2218
f 2280 2361 2376
f 2280 2376 2298
f 2361 2467 2474
f 2361 2474 2376
f 2467 2532 2538
f 2467 2538 2474
f 2532 2621 2616
f 2532 2616 2538
f 2621 2729 2714
f 2621 2714 2616
f 2729 2810 2792
f 2729 2792 2714
f 2810 2889 2872
f 2810 2872 2792
f 2889 2986 2968
f 2889 2968 2872
f 2986 3071 3039
f 2986 3039 2968
f 3071 3161 3130
f 3071 3130 3039
f 3161 3244 3208
f 3161 3208 3130
f 3244 3331 3290
f 3244 3290 3208
f 3331 3411 3376
f 3331 3376 3290
f 3411 3497 3456
f 3411 3456 3376
f 3497 3575 3536
f 3497 3536 3456
f 3575 3669 3604
f 3575 3604 3536
f 3669 3753 3688
f 3669 3688 3604
f 3753 3845 3764
f 3753 3764 3688
f 3845 3925 3846
f 3845 3846 3764
f 3925 3984 3910
f 3925 3910 3846
f 3984 4043 3969
f 3984 3969 3910
f 4043 4110 4008
f 4043 4008 3969
f 4110 4143 4052
f 4110 4052 4008
f 4143 4186 4079
f 4143 4079 4052
f 4186 4208 4116
f 4186 4116 4079
f 4208 4243 4121
f 4208 4121 4116
f 4243 4255 4128
f 4243 4128 4121
f 4128 4122 3896
f 4128 3896 3902
f 4122 4117 3884
f 4122 3884 3896
f 4117 4080 3868
f 4117 3868 3884
f 4080 4053 3818
f 4080 3818 3868
f 4053 4009 3781
f 4053 3781 3818
f 4009 3970 3740
f 4009 3740 3781
f 3970 3911 3695
f 3970 3695 3740
f 3911 3849 3636
f 3911 3636 3695
f 3849 3767 3584
f 3849 3584 3636
f 3767 3689 3533
f 3767 3533 3584
f 3689 3609 3465
f 3689 3465 3533
f 3609 3537 3401
f 3609 3401 3465
f 3537 3457 3349
f 3537 3349 3401
f 3457 3377 3279
f 3457 3279 3349
f 3377 3291 3197
f 3377 3197 3279
f 3291 3209 3138
f 3291 3138 3197
f 3209 3131 3062
f 3209 3062 3138
f 3131 3040 3001
f 3131 3001 3062
f 3040 2969 2918
f 3040 2918 3001
f 2969 2873 2859
f 2969 2859 2918
f 2873 2793 2769
f 2873 2769 2859
f 2793 2715 2709
f 2793 2709 2769
f 2715 2617 2611
f 2715 2611 2709
f 2617 2553 2550
f 2617 2550 2611
f 2553 2475 2481
f 2553 2481 2550
f 2475 2377 2383
f 2475 2383 2481
f 2377 2299 2323
f 2377 2323 2383
f 2299 2219 2233
f 2299 2233 2323
f 2219 2123 2174
f 2219 2174 2233
f 2123 2052 2091
f 2123 2091 2174
f 2052 1961 2030
f 2052 2030 2091
f 1961 1883 1954
f 1961 1954 2030
f 1883 1801 1895
f 1883 1895 1954
f 1801 1715 1817
f 1801 1817 1895
f 1715 1639 1743
f 1715 1743 1817
f 1639 1555 1691
f 1639 1691 1743
f 1555 1487 1631
f 1555 1631 1691
f 1487 1403 1559
f 1487 1559 1631
f 1403 1327 1508
f 1403 1508 1559
f 1327 1249 1460
f 1327 1460 1508
f 1249 1181 1397
f 1249 1397 1460
f 1181 1126 1352
f 1181 1352 1397
f 1126 1087 1311
f 1126 1311 1352
f 1087 1043 1278
f 1087 1278 1311
f 1043 1016 1228
f 1043 1228 1278
f 1016 979 1212
f 1016 1212 1228
f 979 974 1196
f 979 1196 1212
f 974 967 1189
f 974 1189 1196
f 967 973 1195
f 967 1195 1189
f 973 978 1211
f 973 1211 1195
f 978 1015 1227
f 978 1227 1211
f 1015 1042 1277
f 1015 1277 1227
f 1042 1086 1310
f 1042 1310 1277
f 1086 1125 1351
f 1086 1351 1310
f 1125 1180 1396
f 1125 1396 1351
f 1180 1246 1459
f 1180 1459 1396
f 1246 1324 1507
f 1246 1507 1459
f 1324 1402 1558
f 1324 1558 1507
f 1402 1482 1630
f 1402 1630 1558
f 1482 1554 1690
f 1482 1690 1630
f 1554 1638 1742
f 1554 1742 1690
f 1638 1714 1816
f 1638 1816 1742
f 1714 1800 1894
f 1714 1894 1816
f 1800 1882 1953
f 1800 1953 1894
f 1882 1960 2029
f 1882 2029 1953
f 1960 2051 2090
f 1960 2090 2029
f 2051 2122 2173
f 2051 2173 2090
f 2122 2218 2232
f 2122 2232 2173
f 2218 2298 2322
f 2218 2322 2232
f 2298 2376 2382
f 2298 2382 2322
f 2376 2474 2480
f 2376 2480 2382
f 2474 2538 2541
f 2474 2541 2480
f 2538 2616 2610
f 2538 2610 2541
f 2616 2714 2708
f 2616 2708 2610
f 2714 2792 2768
f 2714 2768 2708
f 2792 2872 2858
f 2792 2858 2768
f 2872 2968 2917
f 2872 2917 2858
f 2968 3039 3000
f 2968 3000 2917
f 3039 3130 3061
f 3039 3061 3000
f 3130 3208 3137
f 3130 3137 3061
f 3208 3290 3196
f 3208 3196 3137
f 3290 3376 3278
f 3290 3278 3196
f 3376 3456 3348
f 3376 3348 3278
f 3456 3536 3400
f 3456 3400 3348
f 3536 3604 3464
f 3536 3464 3400
f 3604 3688 3532
f 3604 3532 3464
f 3688 3764 3583
f 3688 3583 3532
f 3764 3846 3635
f 3764 3635 3583
f 3846 3910 3694
f 3846 3694 3635
f 3910 3969 3739
f 3910 3739 3694
f 3969 4008 3780
f 3969 3780 3739
f 4008 4052 3817
f 4008 3817 3780
f 4052 4079 3867
f 4052 3867 3817
f 4079 4116 3883
f 4079 3883 3867
f 4116 4121 3895
f 4116 3895 3883
f 4121 4128 3902
f 4121 3902 3895
f 3902 3896 3809
f 3902 3809 3812
f 3896 3884 3797
f 3896 3797 3809
f 3884 3868 3779
f 3884 3779 3797
f 3868 3818 3757
f 3868 3757 3779
f 3818 3781 3725
f 3818 3725 3757
f 3781 3740 3683
f 3781 3683 3725
f 3740 3695 3633
f 3740 3633 3683
f 3695 3636 3593
f 3695 3593 3633
f 3636 3584 3541
f 3636 3541 3593
f 3584 3533 3485
f 3584 3485 3541
f 3533 3465 3431
f 3533 3431 3485
f 3465 3401 3372
f 3465 3372 3431
f 3401 3349 3307
f 3401 3307 3372
f 3349 3279 3248
f 3349 3248 3307
f 3279 3197 3180
f 3279 3180 3248
f 3197 3138 3113
f 3197 3113 3180
f 3138 3062 3035
f 3138 3035 3113
f 3062 3001 2975
f 3062 2975 3035
f 3001 2918 2905
f 3001 2905 2975
f 2918 2859 2837
f 2918 2837 2905
f 2859 2769 2761
f 2859 2761 2837
f 2769 2709 2694
f 2769 2694 2761
f 2709 2611 2607
f 2709 2607 2694
f 2611 2550 2548
f 2611 2548 2607
f 2550 2481 2487
f 2550 2487 2548
f 2481 2383 2400
f 2481 2400 2487
f 2383 2323 2333
f 2383 2333 2400
f 2323 2233 2257
f 2323 2257 2333
f 2233 2174 2189
f 2233 2189 2257
f 2174 2091 2119
f 2174 2119 2189
f 2091 2030 2059
f 2091 2059 2119
f 2030 1954 1981
f 2030 1981 2059
f 1954 1895 1914
f 1954 1914 1981
f 1895 1817 1846
f 1895 1846 1914
f 1817 1743 1787
f 1817 1787 1846
f 1743 1691 1722
f 1743 1722 1787
f 1691 1631 1663
f 1691 1663 1722
f 1631 1559 1609
f 1631 1609 1663
f 1559 1508 1553
f 1559 1553 1609
f 1508 1460 1501
f 1508 1501 1553
f 1460 1397 1465
f 1460 1465 1501
f 1397 1352 1411
f 1397 1411 1465
f 1352 1311 1369
f 1352 1369 1411
f 1311 1278 1337
f 1311 1337 1369
f 1278 1228 1315
f 1278 1315 1337
f 1228 1212 1301
f 1228 1301 1315
f 1212 1196 1289
f 1212 1289 1301
f 1196 1189 1284
f 1196 1284 1289
f 1189 1195 1287
f 1189 1287 1284
f 1195 1211 1299
f 1195 1299 1287
f 1211 1227 1313
f 1211 1313 1299
f 1227 1277 1335
f 1227 1335 1313
f 1277 1310 1367
f 1277 1367 1335
f 1310 1351 1409
f 1310 1409 1367
f 1351 1396 1463
f 1351 1463 1409
f 1396 1459 1499
f 1396 1499 1463
f 1459 1507 1551
f 1459 1551 1499
f 1507 1558 1607
f 1507 1607 1551
f 1558 1630 1661
f 1558 1661 1607
f 1630 1690 1720
f 1630 1720 1661
f 1690 1742 1785
f 1690 1785 1720
f 1742 1816 1844
f 1742 1844 1785
f 1816 1894 1912
f 1816 1912 1844
f 1894 1953 1979
f 1894 1979 1912
f 1953 2029 2057
f 1953 2057 1979
f 2029 2090 2117
f 2029 2117 2057
f 2090 2173 2187
f 2090 2187 2117
f 2173 2232 2255
f 2173 2255 2187
f 2232 2322 2331
f 2232 2331 2255
f 2322 2382 2398
f 2322 2398 2331
f 2382 2480 2485
f 2382 2485 2398
f 2480 2541 2544
f 2480 2544 2485
f 2541 2610 2605
f 2541 2605 2544
f 2610 2708 2692
f 2610 2692 2605
f 2708 2768 2759
f 2708 2759 2692
f 2768 2858 2835
f 2768 2835 2759
f 2858 2917 2903
f 2858 2903 2835
f 2917 3000 2973
f 2917 2973 2903
f 3000 3061 3033
f 3000 3033 2973
f 3061 3137 3111
f 3061 3111 3033
f 3137 3196 3178
f 3137 3178 3111
f 3196 3278 3246
f 3196 3246 3178
f 3278 3348 3305
f 3278 3305 3246
f 3348 3400 3370
f 3348 3370 3305
f 3400 3464 3429
f 3400 3429 3370
f 3464 3532 3483
f 3464 3483 3429
f 3532 3583 3539
f 3532 3539 3483
f 3583 3635 3591
f 3583 3591 3539
f 3635 3694 3631
f 3635 3631 3591
f 3694 3739 3681
f 3694 3681 3631
f 3739 3780 3723
f 3739 3723 3681
f 3780 3817 3755
f 3780 3755 3723
f 3817 3867 3777
f 3817 3777 3755
f 3867 3883 3795
f 3867 3795 3777
f 3883 3895 3807
f 3883 3807 3795
f 3895 3902 3812
f 3895 3812 3807
f 3812 3809 3808
f 3812 3808 3811
f 3809 3797 3796
f 3809 3796 3808
f 3797 3779 3778
f 3797 3778 3796
f 3779 3757 3756
f 3779 3756 3778
f 3757 3725 3724
f 3757 3724 3756
f 3725 3683 3682
f 3725 3682 3724
f 3683 3633 3632
f 3683 3632 3682
f 3633 3593 3592
f 3633 3592 3632
f 3593 3541 3540
f 3593 3540 3592
f 3541 3485 3484
f 3541 3484 3540
f 3485 3431 3430
f 3485 3430 3484
f 3431 3372 3371
f 3431 3371 3430
f 3372 3307 3306
f 3372 3306 3371
f 3307 3248 3247
f 3307 3247 3306
f 3248 3180 3179
f 3248 3179 3247
f 3180 3113 3112
f 3180 3112 3179
f 3113 3035 3034
f 3113 3034 3112
f 3035 2975 2974
f 3035 2974 3034
f 2975 2905 2904
f 2975 2904 2974
f 2905 2837 2836
f 2905 2836 2904
f 2837 2761 2760
f 2837 2760 2836
f 2761 2694 2693
f 2761 2693 2760
f 2694 2607 2606
f 2694 2606 2693
f 2607 2548 2547
f 2607 2547 2606
f 2548 2487 2486
f 2548 2486 2547
f 2487 2400 2399
f 2487 2399 2486
f 2400 2333 2332
f 2400 2332 2399
f 2333 2257 2256
f 2333 2256 2332
f 2257 2189 2188
f 2257 2188 2256
f 2189 2119 2118
f 2189 2118 2188
f 2119 2059 2058
f 2119 2058 2118
f 2059 1981 1980
f 2059 1980 2058
f 1981 1914 1913
f 1981 1913 1980
f 1914 1846 1845
f 1914 1845 1913
f 1846 1787 1786
f 1846 1786 1845
f 1787 1722 1721
f 1787 1721 1786
f 1722 1663 1662
f 1722 1662 1721
f 1663 1609 1608
f 1663 1608 1662
f 1609 1553 1552
f 1609 1552 1608
f 1553 1501 1500
f 1553 1500 1552
f 1501 1465 1464
f 1501 1464 1500
f 1465 1411 1410
f 1465 1410 1464
f 1411 1369 1368
f 1411 1368 1410
f 1369 1337 1336
f 1369 1336 1368
f 1337 1315 1314
f 1337 1314 1336
f 1315 1301 1300
f 1315 1300 1314
f 1301 1289 1288
f 1301 1288 1300
f 1289 1284 1283
f 1289 1283 1288
f 1284 1287 1286
f 1284 1286 1283
f 1287 1299 1298
f 1287 1298 1286
f 1299 1313 1312
f 1299 1312 1298
f 1313 1335 1334
f 1313 1334 1312
f 1335 1367 1366
f 1335 1366 1334
f 1367 1409 1408
f 1367 1408 1366
f 1409 1463 1462
f 1409 1462 1408
f 1463 1499 1498
f 1463 1498 1462
f 1499 1551 1550
f 1499 1550 1498
f 1551 1607 1606
f 1551 1606 1550
f 1607 1661 1660
f 1607 1660 1606
f 1661 1720 1719
f 1661 1719 1660
f 1720 1785 1784
f 1720 1784 1719
f 1785 1844 1843
f 1785 1843 1784
f 1844 1912 1911
f 1844 1911 1843
f 1912 1979 1978
f 1912 1978 1911
f 1979 2057 2056
f 1979 2056 1978
f 2057 2117 2116
f 2057 2116 2056
f 2117 2187 2186
f 2117 2186 2116
f 2187 2255 2254
f 2187 2254 2186
f 2255 2331 2330
f 2255 2330 2254
f 2331 2398 2397
f 2331 2397 2330
f 2398 2485 2484
f 2398 2484 2397
f 2485 2544 2543
f 2485 2543 2484
f 2544 2605 2604
f 2544 2604 2543
f 2605 2692 2691
f 2605 2691 2604
f 2692 2759 2758
f 2692 2758 2691
f 2759 2835 2834
f 2759 2834 2758
f 2835 2903 2902
f 2835 2902 2834
f 2903 2973 2972
f 2903 2972 2902
f 2973 3033 3032
f 2973 3032 2972
f 3033 3111 3110
f 3033 3110 3032
f 3111 3178 3177
f 3111 3177 3110
f 3178 3246 3245
f 3178 3245 3177
f 3246 3305 3304
f 3246 3304 3245
f 3305 3370 3369
f 3305 3369 3304
f 3370 3429 3428
f 3370 3428 3369
f 3429 3483 3482
f 3429 3482 3428
f 3483 3539 3538
f 3483 3538 3482
f 3539 3591 3590
f 3539 3590 3538
f 3591 3631 3630
f 3591 3630 3590
f 3631 3681 3680
f 3631 3680 3630
f 3681 3723 3722
f 3681 3722 3680
f 3723 3755 3754
f 3723 3754 3722
f 3755 3777 3776
f 3755 3776 3754
f 3777 3795 3794
f 3777 3794 3776
f 3795 3807 3806
f 3795 3806 3794
f 3807 3812 3811
f 3807 3811 3806
f 3811 3808 3848
f 3811 3848 3855
f 3808 3796 3827
f 3808 3827 3848
f 3796 3778 3803
f 3796 3803 3827
f 3778 3756 3775
f 3778 3775 3803
f 3756 3724 3745
f 3756 3745 3775
f 3724 3682 3703
f 3724 3703 3745
f 3682 3632 3660
f 3682 3660 3703
f 3632 3592 3607
f 3632 3607 3660
f 3592 3540 3560
f 3592 3560 3607
f 3540 3484 3505
f 3540 3505 3560
f 3484 3430 3447
f 3484 3447 3505
f 3430 3371 3381
f 3430 3381 3447
f 3371 3306 3319
f 3371 3319 3381
f 3306 3247 3257
f 3306 3257 3319
f 3247 3179 3190
f 3247 3190 3257
f 3179 3112 3123
f 3179 3123 3190
f 3112 3034 3043
f 3112 3043 3123
f 3034 2974 2979
f 3034 2979 3043
f 2974 2904 2907
f 2974 2907 2979
f 2904 2836 2844
f 2904 2844 2907
f 2836 2760 2763
f 2836 2763 2844
f 2760 2693 2701
f 2760 2701 2763
f 2693 2606 2609
f 2693 2609 2701
f 2606 2547 2549
f 2606 2549 2609
f 2547 2486 2483
f 2547 2483 2549
f 2486 2399 2391
f 2486 2391 2483
f 2399 2332 2329
f 2399 2329 2391
f 2332 2256 2248
f 2332 2248 2329
f 2256 2188 2185
f 2256 2185 2248
f 2188 2118 2113
f 2188 2113 2185
f 2118 2058 2049
f 2118 2049 2113
f 2058 1980 1969
f 2058 1969 2049
f 1980 1913 1902
f 1980 1902 1969
f 1913 1845 1835
f 1913 1835 1902
f 1845 1786 1773
f 1845 1773 1835
f 1786 1721 1711
f 1786 1711 1773
f 1721 1662 1649
f 1721 1649 1711
f 1662 1608 1587
f 1662 1587 1649
f 1608 1552 1532
f 1608 1532 1587
f 1552 1500 1485
f 1552 1485 1532
f 1500 1464 1436
f 1500 1436 1485
f 1464 1410 1389
f 1464 1389 1436
f 1410 1368 1347
f 1410 1347 1389
f 1368 1336 1317
f 1368 1317 1347
f 1336 1314 1293
f 1336 1293 1317
f 1314 1300 1269
f 1314 1269 1293
f 1300 1288 1248
f 1300 1248 1269
f 1288 1283 1240
f 1288 1240 1248
f 1283 1286 1247
f 1283 1247 1240
f 1286 1298 1268
f 1286 1268 1247
f 1298 1312 1292
f 1298 1292 1268
f 1312 1334 1316
f 1312 1316 1292
f 1334 1366 1346
f 1334 1346 1316
f 1366 1408 1388
f 1366 1388 1346
f 1408 1462 1435
f 1408 1435 1388
f 1462 1498 1484
f 1462 1484 1435
f 1498 1550 1531
f 1498 1531 1484
f 1550 1606 1586
f 1550 1586 1531
f 1606 1660 1648
f 1606 1648 1586
f 1660 1719 1710
f 1660 1710 1648
f 1719 1784 1772
f 1719 1772 1710
f 1784 1843 1834
f 1784 1834 1772
f 1843 1911 1901
f 1843 1901 1834
f 1911 1978 1968
f 1911 1968 1901
f 1978 2056 2048
f 1978 2048 1968
f 2056 2116 2112
f 2056 2112 2048
f 2116 2186 2184
f 2116 2184 2112
f 2186 2254 2247
f 2186 2247 2184
f 2254 2330 2328
f 2254 2328 2247
f 2330 2397 2390
f 2330 2390 2328
f 2397 2484 2482
f 2397 2482 2390
f 2484 2543 2542
f 2484 2542 2482
f 2543 2604 2608
f 2543 2608 2542
f 2604 2691 2700
f 2604 2700 2608
f 2691 2758 2762
f 2691 2762 2700
f 2758 2834 2843
f 2758 2843 2762
f 2834 2902 2906
f 2834 2906 2843
f 2902 2972 2978
f 2902 2978 2906
f 2972 3032 3042
f 2972 3042 2978
f 3032 3110 3122
f 3032 3122 3042
f 3110 3177 3189
f 3110 3189 3122
f 3177 3245 3256
f 3177 3256 3189
f 3245 3304 3318
f 3245 3318 3256
f 3304 3369 3380
f 3304 3380 3318
f 3369 3428 3446
f 3369 3446 3380
f 3428 3482 3504
f 3428 3504 3446
f 3482 3538 3559
f 3482 3559 3504
f 3538 3590 3606
f 3538 3606 3559
f 3590 3630 3659
f 3590 3659 3606
f 3630 3680 3702
f 3630 3702 3659
f 3680 3722 3744
f 3680 3744 3702
f 3722 3754 3774
f 3722 3774 3744
f 3754 3776 3802
f 3754 3802 3774
f 3776 3794 3826
f 3776 3826 3802
f 3794 3806 3847
f 3794 3847 3826
f 3806 3811 3855
f 3806 3855 3847
f 3855 3848 3921
f 3855 3921 3930
f 3848 3827 3908
f 3848 3908 3921
f 3827 3803 3897
f 3827 3897 3908
f 3803 3775 3872
f 3803 3872 3897
f 3775 3745 3813
f 3775 3813 3872
f 3745 3703 3769
f 3745 3769 3813
f 3703 3660 3726
f 3703 3726 3769
f 3660 3607 3665
f 3660 3665 3726
f 3607 3560 3608
f 3607 3608 3665
f 3560 3505 3545
f 3560 3545 3608
f 3505 3447 3486
f 3505 3486 3545
f 3447 3381 3421
f 3447 3421 3486
f 3381 3319 3356
f 3381 3356 3421
f 3319 3257 3286
f 3319 3286 3356
f 3257 3190 3214
f 3257 3214 3286
f 3190 3123 3151
f 3190 3151 3214
f 3123 3043 3078
f 3123 3078 3151
f 3043 2979 3009
f 3043 3009 3078
f 2979 2907 2926
f 2979 2926 3009
f 2907 2844 2861
f 2907 2861 2926
f 2844 2763 2773
f 2844 2773 2861
f 2763 2701 2711
f 2763 2711 2773
f 2701 2609 2613
f 2701 2613 2711
f 2609 2549 2551
f 2609 2551 2613
f 2549 2483 2479
f 2549 2479 2551
f 2483 2391 2381
f 2483 2381 2479
f 2391 2329 2319
f 2391 2319 2381
f 2329 2248 2231
f 2329 2231 2319
f 2248 2185 2166
f 2248 2166 2231
f 2185 2113 2083
f 2185 2083 2166
f 2113 2049 2014
f 2113 2014 2083
f 2049 1969 1941
f 2049 1941 2014
f 1969 1902 1878
f 1969 1878 1941
f 1902 1835 1810
f 1902 1810 1878
f 1835 1773 1736
f 1835 1736 1810
f 1773 1711 1671
f 1773 1671 1736
f 1711 1649 1610
f 1711 1610 1671
f 1649 1587 1547
f 1649 1547 1610
f 1587 1532 1486
f 1587 1486 1547
f 1532 1485 1431
f 1532 1431 1486
f 1485 1436 1370
f 1485 1370 1431
f 1436 1389 1323
f 1436 1323 1370
f 1389 1347 1285
f 1389 1285 1323
f 1347 1317 1224
f 1347 1224 1285
f 1317 1293 1197
f 1317 1197 1224
f 1293 1269 1184
f 1293 1184 1197
f 1269 1248 1171
f 1269 1171 1184
f 1248 1240 1161
f 1248 1161 1171
f 1240 1247 1170
f 1240 1170 1161
f 1247 1268 1183
f 1247 1183 1170
f 1268 1292 1194
f 1268 1194 1183
f 1292 1316 1223
f 1292 1223 1194
f 1316 1346 1282
f 1316 1282 1223
f 1346 1388 1322
f 1346 1322 1282
f 1388 1435 1365
f 1388 1365 1322
f 1435 1484 1430
f 1435 1430 1365
f 1484 1531 1483
f 1484 1483 1430
f 1531 1586 1546
f 1531 1546 1483
f 1586 1648 1605
f 1586 1605 1546
f 1648 1710 1670
f 1648 1670 1605
f 1710 1772 1735
f 1710 1735 1670
f 1772 1834 1809
f 1772 1809 1735
f 1834 1901 1877
f 1834 1877 1809
f 1901 1968 1940
f 1901 1940 1877
f 1968 2048 2013
f 1968 2013 1940
f 2048 2112 2082
f 2048 2082 2013
f 2112 2184 2165
f 2112 2165 2082
f 2184 2247 2230
f 2184 2230 2165
f 2247 2328 2318
f 2247 2318 2230
f 2328 2390 2380
f 2328 2380 2318
f 2390 2482 2478
f 2390 2478 2380
f 2482 2542 2540
f 2482 2540 2478
f 2542 2608 2612
f 2542 2612 2540
f 2608 2700 2710
f 2608 2710 2612
f 2700 2762 2772
f 2700 2772 2710
f 2762 2843 2860
f 2762 2860 2772
f 2843 2906 2925
f 2843 2925 2860
f 2906 2978 3008
f 2906 3008 2925
f 2978 3042 3077
f 2978 3077 3008
f 3042 3122 3150
f 3042 3150 3077
f 3122 3189 3213
f 3122 3213 3150
f 3189 3256 3285
f 3189 3285 3213
f 3256 3318 3355
f 3256 3355 3285
f 3318 3380 3420
f 3318 3420 3355
f 3380 3446 3481
f 3380 3481 3420
f 3446 3504 3544
f 3446 3544 3481
f 3504 3559 3605
f 3504 3605 3544
f 3559 3606 3664
f 3559 3664 3605
f 3606 3659 3721
f 3606 3721 3664
f 3659 3702 3768
f 3659 3768 3721
f 3702 3744 3810
f 3702 3810 3768
f 3744 3774 3871
f 3744 3871 3810
f 3774 3802 3894
f 3774 3894 3871
f 3802 3826 3907
f 3802 3907 3894
f 3826 3847 3920
f 3826 3920 3907
f 3847 3855 3930
f 3847 3930 3920
f 3930 3921 4033
f 3930 4033 4035
f 3921 3908 4019
f 3921 4019 4033
f 3908 3897 3996
f 3908 3996 4019
f 3897 3872 3975
f 3897 3975 3996
f 3872 3813 3940
f 3872 3940 3975
f 3813 3769 3900
f 3813 3900 3940
f 3769 3726 3832
f 3769 3832 3900
f 3726 3665 3766
f 3726 3766 3832
f 3665 3608 3697
f 3665 3697 3766
f 3608 3545 3625
f 3608 3625 3697
f 3545 3486 3561
f 3545 3561 3625
f 3486 3421 3487
f 3486 3487 3561
f 3421 3356 3407
f 3421 3407 3487
f 3356 3286 3345
f 3356 3345 3407
f 3286 3214 3265
f 3286 3265 3345
f 3214 3151 3187
f 3214 3187 3265
f 3151 3078 3107
f 3151 3107 3187
f 3078 3009 3023
f 3078 3023 3107
f 3009 2926 2959
f 3009 2959 3023
f 2926 2861 2867
f 2926 2867 2959
f 2861 2773 2781
f 2861 2781 2867
f 2773 2711 2713
f 2773 2713 2781
f 2711 2613 2615
f 2711 2615 2713
f 2613 2551 2552
f 2613 2552 2615
f 2551 2479 2477
f 2551 2477 2552
f 2479 2381 2379
f 2479 2379 2477
f 2381 2319 2311
f 2381 2311 2379
f 2319 2231 2225
f 2319 2225 2311
f 2231 2166 2133
f 2231 2133 2225
f 2166 2083 2069
f 2166 2069 2133
f 2083 2014 1985
f 2083 1985 2069
f 2014 1941 1905
f 2014 1905 1985
f 1941 1878 1827
f 1941 1827 1905
f 1878 1810 1747
f 1878 1747 1827
f 1810 1736 1685
f 1810 1685 1747
f 1736 1671 1611
f 1736 1611 1685
f 1671 1610 1533
f 1671 1533 1611
f 1610 1547 1471
f 1610 1471 1533
f 1547 1486 1395
f 1547 1395 1471
f 1486 1431 1326
f 1486 1326 1395
f 1431 1370 1264
f 1431 1264 1326
f 1370 1323 1192
f 1370 1192 1264
f 1323 1285 1152
f 1323 1152 1192
f 1285 1224 1121
f 1285 1121 1152
f 1224 1197 1100
f 1224 1100 1121
f 1197 1184 1077
f 1197 1077 1100
f 1184 1171 1063
f 1184 1063 1077
f 1171 1161 1060
f 1171 1060 1063
f 1161 1170 1062
f 1161 1062 1060
f 1170 1183 1076
f 1170 1076 1062
f 1183 1194 1099
f 1183 1099 1076
f 1194 1223 1120
f 1194 1120 1099
f 1223 1282 1151
f 1223 1151 1120
f 1282 1322 1191
f 1282 1191 1151
f 1322 1365 1263
f 1322 1263 1191
f 1365 1430 1325
f 1365 1325 1263
f 1430 1483 1394
f 1430 1394 1325
f 1483 1546 1470
f 1483 1470 1394
f 1546 1605 1530
f 1546 1530 1470
f 1605 1670 1604
f 1605 1604 1530
f 1670 1735 1684
f 1670 1684 1604
f 1735 1809 1746
f 1735 1746 1684
f 1809 1877 1826
f 1809 1826 1746
f 1877 1940 1904
f 1877 1904 1826
f 1940 2013 1984
f 1940 1984 1904
f 2013 2082 2068
f 2013 2068 1984
f 2082 2165 2132
f 2082 2132 2068
f 2165 2230 2224
f 2165 2224 2132
f 2230 2318 2310
f 2230 2310 2224
f 2318 2380 2378
f 2318 2378 2310
f 2380 2478 2476
f 2380 2476 2378
f 2478 2540 2539
f 2478 2539 2476
f 2540 2612 2614
f 2540 2614 2539
f 2612 2710 2712
f 2612 2712 2614
f 2710 2772 2780
f 2710 2780 2712
f 2772 2860 2866
f 2772 2866 2780
f 2860 2925 2958
f 2860 2958 2866
f 2925 3008 3022
f 2925 3022 2958
f 3008 3077 3106
f 3008 3106 3022
f 3077 3150 3186
f 3077 3186 3106
f 3150 3213 3264
f 3150 3264 3186
f 3213 3285 3344
f 3213 3344 3264
f 3285 3355 3406
f 3285 3406 3344
f 3355 3420 3480
f 3355 3480 3406
f 3420 3481 3558
f 3420 3558 3480
f 3481 3544 3624
f 3481 3624 3558
f 3544 3605 3696
f 3544 3696 3624
f 3605 3664 3765
f 3605 3765 3696
f 3664 3721 3831
f 3664 3831 3765
f 3721 3768 3899
f 3721 3899 3831
f 3768 3810 3939
f 3768 3939 3899
f 3810 3871 3974
f 3810 3974 3939
f 3871 3894 3995
f 3871 3995 3974
f 3894 3907 4018
f 3894 4018 3995
f 3907 3920 4032
f 3907 4032 4018
f 3920 3930 4035
f 3920 4035 4032
f 4035 4033 4203
f 4035 4203 4217
f 4033 4019 4192
f 4033 4192 4203
f 4019 3996 4165
f 4019 4165 4192
f 3996 3975 4126
f 3996 4126 4165
f 3975 3940 4077
f 3975 4077 4126
f 3940 3900 4028
f 3940 4028 4077
f 3900 3832 3976
f 3900 3976 4028
f 3832 3766 3909
f 3832 3909 3976
f 3766 3697 3823
f 3766 3823 3909
f 3697 3625 3741
f 3697 3741 3823
f 3625 3561 3656
f 3625 3656 3741
f 3561 3487 3569
f 3561 3569 3656
f 3487 3407 3490
f 3487 3490 3569
f 3407 3345 3403
f 3407 3403 3490
f 3345 3265 3323
f 3345 3323 3403
f 3265 3187 3239
f 3265 3239 3323
f 3187 3107 3157
f 3187 3157 3239
f 3107 3023 3067
f 3107 3067 3157
f 3023 2959 2980
f 3023 2980 3067
f 2959 2867 2885
f 2959 2885 2980
f 2867 2781 2800
f 2867 2800 2885
f 2781 2713 2725
f 2781 2725 2800
f 2713 2615 2623
f 2713 2623 2725
f 2615 2552 2558
f 2615 2558 2623
f 2552 2477 2469
f 2552 2469 2558
f 2477 2379 2367
f 2477 2367 2469
f 2379 2311 2292
f 2379 2292 2367
f 2311 2225 2207
f 2311 2207 2292
f 2225 2133 2114
f 2225 2114 2207
f 2133 2069 2025
f 2133 2025 2114
f 2069 1985 1935
f 2069 1935 2025
f 1985 1905 1853
f 1985 1853 1935
f 1905 1827 1769
f 1905 1769 1853
f 1827 1747 1689
f 1827 1689 1769
f 1747 1685 1602
f 1747 1602 1689
f 1685 1611 1523
f 1685 1523 1602
f 1611 1533 1440
f 1611 1440 1523
f 1533 1471 1353
f 1533 1353 1440
f 1471 1395 1273
f 1471 1273 1353
f 1395 1326 1185
f 1395 1185 1273
f 1326 1264 1122
f 1326 1122 1185
f 1264 1192 1068
f 1264 1068 1122
f 1192 1152 1019
f 1192 1019 1068
f 1152 1121 970
f 1152 970 1019
f 1121 1100 933
f 1121 933 970
f 1100 1077 910
f 1100 910 933
f 1077 1063 899
f 1077 899 910
f 1063 1060 884
f 1063 884 899
f 1060 1062 898
f 1060 898 884
f 1062 1076 909
f 1062 909 898
f 1076 1099 932
f 1076 932 909
f 1099 1120 969
f 1099 969 932
f 1120 1151 1018
f 1120 1018 969
f 1151 1191 1067
f 1151 1067 1018
f 1191 1263 1119
f 1191 1119 1067
f 1263 1325 1182
f 1263 1182 1119
f 1325 1394 1272
f 1325 1272 1182
f 1394 1470 1350
f 1394 1350 1272
f 1470 1530 1439
f 1470 1439 1350
f 1530 1604 1522
f 1530 1522 1439
f 1604 1684 1601
f 1604 1601 1522
f 1684 1746 1688
f 1684 1688 1601
f 1746 1826 1768
f 1746 1768 1688
f 1826 1904 1852
f 1826 1852 1768
f 1904 1984 1934
f 1904 1934 1852
f 1984 2068 2024
f 1984 2024 1934
f 2068 2132 2111
f 2068 2111 2024
f 2132 2224 2206
f 2132 2206 2111
f 2224 2310 2291
f 2224 2291 2206
f 2310 2378 2366
f 2310 2366 2291
f 2378 2476 2468
f 2378 2468 2366
f 2476 2539 2533
f 2476 2533 2468
f 2539 2614 2622
f 2539 2622 2533
f 2614 2712 2724
f 2614 2724 2622
f 2712 2780 2799
f 2712 2799 2724
f 2780 2866 2884
f 2780 2884 2799
f 2866 2958 2977
f 2866 2977 2884
f 2958 3022 3066
f 2958 3066 2977
f 3022 3106 3156
f 3022 3156 3066
f 3106 3186 3238
f 3106 3238 3156
f 3186 3264 3322
f 3186 3322 3238
f 3264 3344 3402
f 3264 3402 3322
f 3344 3406 3489
f 3344 3489 3402
f 3406 3480 3568
f 3406 3568 3489
f 3480 3558 3655
f 3480 3655 3568
f 3558 3624 3738
f 3558 3738 3655
f 3624 3696 3822
f 3624 3822 3738
f 3696 3765 3906
f 3696 3906 3822
f 3765 3831 3973
f 3765 3973 3906
f 3831 3899 4027
f 3831 4027 3973
f 3899 3939 4076
f 3899 4076 4027
f 3939 3974 4125
f 3939 4125 4076
f 3974 3995 4164
f 3974 4164 4125
f 3995 4018 4191
f 3995 4191 4164
f 4018 4032 4202
f 4018 4202 4191
f 4032 4035 4217
f 4032 4217 4202
f 4217 4203 4374
f 4217 4374 4385
f 4203 4192 4367
f 4203 4367 4374
f 4192 4165 4343
f 4192 4343 4367
f 4165 4126 4316
f 4165 4316 4343
f 4126 4077 4291
f 4126 4291 4316
f 4077 4028 4224
f 4077 4224 4291
f 4028 3976 4138
f 4028 4138 4224
f 3976 3909 4061
f 3976 4061 4138
f 3909 3823 3980
f 3909 3980 4061
f 3823 3741 3903
f 3823 3903 3980
f 3741 3656 3788
f 3741 3788 3903
f 3656 3569 3685
f 3656 3685 3788
f 3569 3490 3585
f 3569 3585 3685
f 3490 3403 3491
f 3490 3491 3585
f 3403 3323 3399
f 3403 3399 3491
f 3323 3239 3296
f 3323 3296 3399
f 3239 3157 3199
f 3239 3199 3296
f 3157 3067 3115
f 3157 3115 3199
f 3067 2980 3016
f 3067 3016 3115
f 2980 2885 2927
f 2980 2927 3016
f 2885 2800 2832
f 2885 2832 2927
f 2800 2725 2743
f 2800 2743 2832
f 2725 2623 2633
f 2725 2633 2743
f 2623 2558 2567
f 2623 2567 2633
f 2558 2469 2459
f 2558 2459 2567
f 2469 2367 2349
f 2469 2349 2459
f 2367 2292 2260
f 2367 2260 2349
f 2292 2207 2167
f 2292 2167 2260
f 2207 2114 2076
f 2207 2076 2167
f 2114 2025 1977
f 2114 1977 2076
f 2025 1935 1893
f 2025 1893 1977
f 1935 1853 1796
f 1935 1796 1893
f 1853 1769 1693
f 1853 1693 1796
f 1769 1689 1603
f 1769 1603 1693
f 1689 1602 1509
f 1689 1509 1603
f 1602 1523 1407
f 1602 1407 1509
f 1523 1440 1308
f 1523 1308 1407
f 1440 1353 1190
f 1440 1190 1308
f 1353 1273 1116
f 1353 1116 1190
f 1273 1185 1031
f 1273 1031 1116
f 1185 1122 958
f 1185 958 1031
f 1122 1068 878
f 1122 878 958
f 1068 1019 815
f 1068 815 878
f 1019 970 790
f 1019 790 815
f 970 933 759
f 970 759 790
f 933 910 735
f 933 735 759
f 910 899 728
f 910 728 735
f 899 884 716
f 899 716 728
f 884 898 727
f 884 727 716
f 898 909 734
f 898 734 727
f 909 932 758
f 909 758 734
f 932 969 789
f 932 789 758
f 969 1018 814
f 969 814 789
f 1018 1067 877
f 1018 877 814
f 1067 1119 957
f 1067 957 877
f 1119 1182 1030
f 1119 1030 957
f 1182 1272 1115
f 1182 1115 1030
f 1272 1350 1188
f 1272 1188 1115
f 1350 1439 1307
f 1350 1307 1188
f 1439 1522 1406
f 1439 1406 1307
f 1522 1601 1506
f 1522 1506 1406
f 1601 1688 1600
f 1601 1600 1506
f 1688 1768 1692
f 1688 1692 1600
f 1768 1852 1795
f 1768 1795 1692
f 1852 1934 1892
f 1852 1892 1795
f 1934 2024 1976
f 1934 1976 1892
f 2024 2111 2075
f 2024 2075 1976
f 2111 2206 2164
f 2111 2164 2075
f 2206 2291 2259
f 2206 2259 2164
f 2291 2366 2348
f 2291 2348 2259
f 2366 2468 2458
f 2366 2458 2348
f 2468 2533 2524
f 2468 2524 2458
f 2533 2622 2632
f 2533 2632 2524
f 2622 2724 2742
f 2622 2742 2632
f 2724 2799 2831
f 2724 2831 2742
f 2799 2884 2924
f 2799 2924 2831
f 2884 2977 3015
f 2884 3015 2924
f 2977 3066 3114
f 2977 3114 3015
f 3066 3156 3198
f 3066 3198 3114
f 3156 3238 3295
f 3156 3295 3198
f 3238 3322 3398
f 3238 3398 3295
f 3322 3402 3488
f 3322 3488 3398
f 3402 3489 3582
f 3402 3582 3488
f 3489 3568 3684
f 3489 3684 3582
f 3568 3655 3783
f 3568 3783 3684
f 3655 3738 3901
f 3655 3901 3783
f 3738 3822 3979
f 3738 3979 3901
f 3822 3906 4060
f 3822 4060 3979
f 3906 3973 4137
f 3906 4137 4060
f 3973 4027 4223
f 3973 4223 4137
f 4027 4076 4290
f 4027 4290 4223
f 4076 4125 4315
f 4076 4315 4290
f 4125 4164 4342
f 4125 4342 4315
f 4164 4191 4366
f 4164 4366 4342
f 4191 4202 4373
f 4191 4373 4366
f 4202 4217 4385
f 4202 4385 4373
f 4385 4374 4515
f 4385 4515 4516
f 4374 4367 4494
f 4374 4494 4515
f 4367 4343 4487
f 4367 4487 4494
f 4343 4316 4467
f 4343 4467 4487
f 4316 4291 4429
f 4316 4429 4467
f 4291 4224 4386
f 4291 4386 4429
f 4224 4138 4328
f 4224 4328 4386
f 4138 4061 4272
f 4138 4272 4328
f 4061 3980 4150
f 4061 4150 4272
f 3980 3903 4037
f 3980 4037 4150
f 3903 3788 3942
f 3903 3942 4037
f 3788 3685 3819
f 3788 3819 3942
f 3685 3585 3700
f 3685 3700 3819
f 3585 3491 3581
f 3585 3581 3700
f 3491 3399 3477
f 3491 3477 3581
f 3399 3296 3375
f 3399 3375 3477
f 3296 3199 3269
f 3296 3269 3375
f 3199 3115 3169
f 3199 3169 3269
f 3115 3016 3057
f 3115 3057 3169
f 3016 2927 2961
f 3016 2961 3057
f 2927 2832 2863
f 2927 2863 2961
f 2832 2743 2755
f 2832 2755 2863
f 2743 2633 2641
f 2743 2641 2755
f 2633 2567 2573
f 2633 2573 2641
f 2567 2459 2451
f 2567 2451 2573
f 2459 2349 2337
f 2459 2337 2451
f 2349 2260 2229
f 2349 2229 2337
f 2260 2167 2131
f 2260 2131 2229
f 2167 2076 2043
f 2167 2043 2131
f 2076 1977 1923
f 2076 1923 2043
f 1977 1893 1823
f 1977 1823 1923
f 1893 1796 1717
f 1893 1717 1823
f 1796 1693 1619
f 1796 1619 1717
f 1693 1603 1511
f 1693 1511 1619
f 1603 1509 1392
f 1603 1392 1511
f 1509 1407 1279
f 1509 1279 1392
f 1407 1308 1150
f 1407 1150 1279
f 1308 1190 1059
f 1308 1059 1150
f 1190 1116 946
f 1190 946 1059
f 1116 1031 834
f 1116 834 946
f 1031 958 780
f 1031 780 834
f 958 878 717
f 958 717 780
f 878 815 671
f 878 671 717
f 815 790 629
f 815 629 671
f 790 759 609
f 790 609 629
f 759 735 602
f 759 602 609
f 735 728 581
f 735 581 602
f 728 716 579
f 728 579 581
f 716 727 580
f 716 580 579
f 727 734 601
f 727 601 580
f 734 758 608
f 734 608 601
f 758 789 628
f 758 628 608
f 789 814 666
f 789 666 628
f 814 877 715
f 814 715 666
f 877 957 777
f 877 777 715
f 957 1030 833
f 957 833 777
f 1030 1115 945
f 1030 945 833
f 1115 1188 1058
f 1115 1058 945
f 1188 1307 1149
f 1188 1149 1058
f 1307 1406 1276
f 1307 1276 1149
f 1406 1506 1391
f 1406 1391 1276
f 1506 1600 1510
f 1506 1510 1391
f 1600 1692 1618
f 1600 1618 1510
f 1692 1795 1716
f 1692 1716 1618
f 1795 1892 1822
f 1795 1822 1716
f 1892 1976 1922
f 1892 1922 1822
f 1976 2075 2034
f 1976 2034 1922
f 2075 2164 2130
f 2075 2130 2034
f 2164 2259 2228
f 2164 2228 2130
f 2259 2348 2336
f 2259 2336 2228
f 2348 2458 2450
f 2348 2450 2336
f 2458 2524 2518
f 2458 2518 2450
f 2524 2632 2640
f 2524 2640 2518
f 2632 2742 2754
f 2632 2754 2640
f 2742 2831 2862
f 2742 2862 2754
f 2831 2924 2960
f 2831 2960 2862
f 2924 3015 3048
f 2924 3048 2960
f 3015 3114 3168
f 3015 3168 3048
f 3114 3198 3268
f 3114 3268 3168
f 3198 3295 3374
f 3198 3374 3268
f 3295 3398 3476
f 3295 3476 3374
f 3398 3488 3580
f 3398 3580 3476
f 3488 3582 3699
f 3488 3699 3580
f 3582 3684 3816
f 3582 3816 3699
f 3684 3783 3941
f 3684 3941 3816
f 3783 3901 4036
f 3783 4036 3941
f 3901 3979 4149
f 3901 4149 4036
f 3979 4060 4271
f 3979 4271 4149
f 4060 4137 4325
f 4060 4325 4271
f 4137 4223 4384
f 4137 4384 4325
f 4223 4290 4424
f 4223 4424 4384
f 4290 4315 4466
f 4290 4466 4424
f 4315 4342 4486
f 4315 4486 4466
f 4342 4366 4493
f 4342 4493 4486
f 4366 4373 4514
f 4366 4514 4493
f 4373 4385 4516
f 4373 4516 4514
f 4516 4515 4625
f 4516 4625 4629
f 4515 4494 4614
f 4515 4614 4625
f 4494 4487 4588
f 4494 4588 4614
f 4487 4467 4576
f 4487 4576 4588
f 4467 4429 4539
f 4467 4539 4576
f 4429 4386 4502
f 4429 4502 4539
f 4386 4328 4462
f 4386 4462 4502
f 4328 4272 4399
f 4328 4399 4462
f 4272 4150 4321
f 4272 4321 4399
f 4150 4037 4225
f 4150 4225 4321
f 4037 3942 4085
f 4037 4085 4225
f 3942 3819 3967
f 3942 3967 4085
f 3819 3700 3829
f 3819 3829 3967
f 3700 3581 3692
f 3700 3692 3829
f 3581 3477 3564
f 3581 3564 3692
f 3477 3375 3443
f 3477 3443 3564
f 3375 3269 3326
f 3375 3326 3443
f 3269 3169 3204
f 3269 3204 3326
f 3169 3057 3103
f 3169 3103 3204
f 3057 2961 2994
f 3057 2994 3103
f 2961 2863 2871
f 2961 2871 2994
f 2863 2755 2767
f 2863 2767 2871
f 2755 2641 2647
f 2755 2647 2767
f 2641 2573 2576
f 2641 2576 2647
f 2573 2451 2447
f 2573 2447 2576
f 2451 2337 2327
f 2451 2327 2447
f 2337 2229 2223
f 2337 2223 2327
f 2229 2131 2098
f 2229 2098 2223
f 2131 2043 1993
f 2131 1993 2098
f 2043 1923 1888
f 2043 1888 1993
f 1923 1823 1766
f 1923 1766 1888
f 1823 1717 1653
f 1823 1653 1766
f 1717 1619 1528
f 1717 1528 1653
f 1619 1511 1400
f 1619 1400 1528
f 1511 1392 1271
f 1511 1271 1400
f 1392 1279 1129
f 1392 1129 1271
f 1279 1150 1011
f 1279 1011 1129
f 1150 1059 879
f 1150 879 1011
f 1059 946 787
f 1059 787 879
f 946 834 699
f 946 699 787
f 834 780 634
f 834 634 699
f 780 717 594
f 780 594 634
f 717 671 557
f 717 557 594
f 671 629 520
f 671 520 557
f 629 609 508
f 629 508 520
f 609 602 482
f 609 482 508
f 602 581 471
f 602 471 482
f 581 579 466
f 581 466 471
f 579 580 470
f 579 470 466
f 580 601 481
f 580 481 470
f 601 608 507
f 601 507 481
f 608 628 518
f 608 518 507
f 628 666 555
f 628 555 518
f 666 715 592
f 666 592 555
f 715 777 632
f 715 632 592
f 777 833 697
f 777 697 632
f 833 945 783
f 833 783 697
f 945 1058 875
f 945 875 783
f 1058 1149 1010
f 1058 1010 875
f 1149 1276 1127
f 1149 1127 1010
f 1276 1391 1266
f 1276 1266 1127
f 1391 1510 1398
f 1391 1398 1266
f 1510 1618 1526
f 1510 1526 1398
f 1618 1716 1651
f 1618 1651 1526
f 1716 1822 1764
f 1716 1764 1651
f 1822 1922 1886
f 1822 1886 1764
f 1922 2034 1991
f 1922 1991 1886
f 2034 2130 2096
f 2034 2096 1991
f 2130 2228 2220
f 2130 2220 2096
f 2228 2336 2324
f 2228 2324 2220
f 2336 2450 2444
f 2336 2444 2324
f 2450 2518 2515
f 2450 2515 2444
f 2518 2640 2644
f 2518 2644 2515
f 2640 2754 2764
f 2640 2764 2644
f 2754 2862 2868
f 2754 2868 2764
f 2862 2960 2992
f 2862 2992 2868
f 2960 3048 3101
f 2960 3101 2992
f 3048 3168 3202
f 3048 3202 3101
f 3168 3268 3324
f 3168 3324 3202
f 3268 3374 3441
f 3268 3441 3324
f 3374 3476 3562
f 3374 3562 3441
f 3476 3580 3690
f 3476 3690 3562
f 3580 3699 3824
f 3580 3824 3690
f 3699 3816 3965
f 3699 3965 3824
f 3816 3941 4084
f 3816 4084 3965
f 3941 4036 4221
f 3941 4221 4084
f 4036 4149 4317
f 4036 4317 4221
f 4149 4271 4397
f 4149 4397 4317
f 4271 4325 4460
f 4271 4460 4397
f 4325 4384 4500
f 4325 4500 4460
f 4384 4424 4537
f 4384 4537 4500
f 4424 4466 4574
f 4424 4574 4537
f 4466 4486 4587
f 4466 4587 4574
f 4486 4493 4613
f 4486 4613 4587
f 4493 4514 4624
f 4493 4624 4613
f 4514 4516 4629
f 4514 4629 4624
f 4629 4625 4736
f 4629 4736 4743
f 4625 4614 4722
f 4625 4722 4736
f 4614 4588 4706
f 4614 4706 4722
f 4588 4576 4675
f 4588 4675 4706
f 4576 4539 4650
f 4576 4650 4675
f 4539 4502 4596
f 4539 4596 4650
f 4502 4462 4563
f 4502 4563 4596
f 4462 4399 4498
f 4462 4498 4563
f 4399 4321 4443
f 4399 4443 4498
f 4321 4225 4352
f 4321 4352 4443
f 4225 4085 4262
f 4225 4262 4352
f 4085 3967 4093
f 4085 4093 4262
f 3967 3829 3954
f 3967 3954 4093
f 3829 3692 3793
f 3829 3793 3954
f 3692 3564 3645
f 3692 3645 3793
f 3564 3443 3522
f 3564 3522 3645
f 3443 3326 3383
f 3443 3383 3522
f 3326 3204 3261
f 3326 3261 3383
f 3204 3103 3141
f 3204 3141 3261
f 3103 2994 3017
f 3103 3017 3141
f 2994 2871 2895
f 2994 2895 3017
f 2871 2767 2775
f 2871 2775 2895
f 2767 2647 2653
f 2767 2653 2775
f 2647 2576 2578
f 2647 2578 2653
f 2576 2447 2439
f 2576 2439 2578
f 2447 2327 2317
f 2447 2317 2439
f 2327 2223 2197
f 2327 2197 2317
f 2223 2098 2077
f 2223 2077 2197
f 2098 1993 1951
f 2098 1951 2077
f 1993 1888 1831
f 1993 1831 1951
f 1888 1766 1709
f 1888 1709 1831
f 1766 1653 1570
f 1766 1570 1709
f 1653 1528 1451
f 1653 1451 1570
f 1528 1400 1303
f 1528 1303 1451
f 1400 1271 1142
f 1400 1142 1303
f 1271 1129 1007
f 1271 1007 1142
f 1129 1011 844
f 1129 844 1007
f 1011 879 750
f 1011 750 844
f 879 787 653
f 879 653 750
f 787 699 598
f 787 598 653
f 699 634 533
f 699 533 598
f 634 594 500
f 634 500 533
f 594 557 446
f 594 446 500
f 557 520 421
f 557 421 446
f 520 508 390
f 520 390 421
f 508 482 374
f 508 374 390
f 482 471 360
f 482 360 374
f 471 466 352
f 471 352 360
f 466 470 359
f 466 359 352
f 470 481 373
f 470 373 359
f 481 507 389
f 481 389 373
f 507 518 420
f 507 420 389
f 518 555 445
f 518 445 420
f 555 592 499
f 555 499 445
f 592 632 532
f 592 532 499
f 632 697 597
f 632 597 532
f 697 783 652
f 697 652 597
f 783 875 749
f 783 749 652
f 875 1010 843
f 875 843 749
f 1010 1127 1002
f 1010 1002 843
f 1127 1266 1141
f 1127 1141 1002
f 1266 1398 1302
f 1266 1302 1141
f 1398 1526 1450
f 1398 1450 1302
f 1526 1651 1569
f 1526 1569 1450
f 1651 1764 1708
f 1651 1708 1569
f 1764 1886 1830
f 1764 1830 1708
f 1886 1991 1950
f 1886 1950 1830
f 1991 2096 2074
f 1991 2074 1950
f 2096 2220 2196
f 2096 2196 2074
f 2220 2324 2316
f 2220 2316 2196
f 2324 2444 2438
f 2324 2438 2316
f 2444 2515 2513
f 2444 2513 2438
f 2515 2644 2652
f 2515 2652 2513
f 2644 2764 2774
f 2644 2774 2652
f 2764 2868 2894
f 2764 2894 2774
f 2868 2992 3014
f 2868 3014 2894
f 2992 3101 3140
f 2992 3140 3014
f 3101 3202 3260
f 3101 3260 3140
f 3202 3324 3382
f 3202 3382 3260
f 3324 3441 3521
f 3324 3521 3382
f 3441 3562 3644
f 3441 3644 3521
f 3562 3690 3792
f 3562 3792 3644
f 3690 3824 3953
f 3690 3953 3792
f 3824 3965 4088
f 3824 4088 3953
f 3965 4084 4261
f 3965 4261 4088
f 4084 4221 4351
f 4084 4351 4261
f 4221 4317 4442
f 4221 4442 4351
f 4317 4397 4497
f 4317 4497 4442
f 4397 4460 4562
f 4397 4562 4497
f 4460 4500 4595
f 4460 4595 4562
f 4500 4537 4649
f 4500 4649 4595
f 4537 4574 4674
f 4537 4674 4649
f 4574 4587 4705
f 4574 4705 4674
f 4587 4613 4721
f 4587 4721 4705
f 4613 4624 4735
f 4613 4735 4721
f 4624 4629 4743
f 4624 4743 4735
f 4743 4736 4838
f 4743 4838 4843
f 4736 4722 4825
f 4736 4825 4838
f 4722 4706 4797
f 4722 4797 4825
f 4706 4675 4779
f 4706 4779 4797
f 4675 4650 4734
f 4675 4734 4779
f 4650 4596 4691
f 4650 4691 4734
f 4596 4563 4643
f 4596 4643 4691
f 4563 4498 4581
f 4563 4581 4643
f 4498 4443 4523
f 4498 4523 4581
f 4443 4352 4453
f 4443 4453 4523
f 4352 4262 4348
f 4352 4348 4453
f 4262 4093 4227
f 4262 4227 4348
f 4093 3954 4054
f 4093 4054 4227
f 3954 3793 3905
f 3954 3905 4054
f 3793 3645 3729
f 3793 3729 3905
f 3645 3522 3571
f 3645 3571 3729
f 3522 3383 3435
f 3522 3435 3571
f 3383 3261 3299
f 3383 3299 3435
f 3261 3141 3175
f 3261 3175 3299
f 3141 3017 3037
f 3141 3037 3175
f 3017 2895 2919
f 3017 2919 3037
f 2895 2775 2785
f 2895 2785 2919
f 2775 2653 2659
f 2775 2659 2785
f 2653 2578 2582
f 2653 2582 2659
f 2578 2439 2433
f 2578 2433 2582
f 2439 2317 2307
f 2439 2307 2433
f 2317 2197 2175
f 2317 2175 2307
f 2197 2077 2055
f 2197 2055 2175
f 2077 1951 1917
f 2077 1917 2055
f 1951 1831 1793
f 1951 1793 1917
f 1831 1709 1657
f 1831 1657 1793
f 1709 1570 1521
f 1709 1521 1657
f 1570 1451 1363
f 1570 1363 1521
f 1451 1303 1187
f 1451 1187 1363
f 1303 1142 1044
f 1303 1044 1187
f 1142 1007 881
f 1142 881 1044
f 1007 844 754
f 1007 754 881
f 844 750 643
f 844 643 754
f 750 653 573
f 750 573 643
f 653 598 515
f 653 515 573
f 598 533 453
f 598 453 515
f 533 500 405
f 533 405 453
f 500 446 362
f 500 362 405
f 446 421 317
f 446 317 362
f 421 390 299
f 421 299 317
f 390 374 271
f 390 271 299
f 374 360 258
f 374 258 271
f 360 352 252
f 360 252 258
f 352 359 257
f 352 257 252
f 359 373 270
f 359 270 257
f 373 389 298
f 373 298 270
f 389 420 316
f 389 316 298
f 420 445 361
f 420 361 316
f 445 499 404
f 445 404 361
f 499 532 452
f 499 452 404
f 532 597 514
f 532 514 452
f 597 652 572
f 597 572 514
f 652 749 642
f 652 642 572
f 749 843 753
f 749 753 642
f 843 1002 874
f 843 874 753
f 1002 1141 1041
f 1002 1041 874
f 1141 1302 1186
f 1141 1186 1041
f 1302 1450 1362
f 1302 1362 1186
f 1450 1569 1520
f 1450 1520 1362
f 1569 1708 1656
f 1569 1656 1520
f 1708 1830 1792
f 1708 1792 1656
f 1830 1950 1916
f 1830 1916 1792
f 1950 2074 2054
f 1950 2054 1916
f 2074 2196 2172
f 2074 2172 2054
f 2196 2316 2306
f 2196 2306 2172
f 2316 2438 2432
f 2316 2432 2306
f 2438 2513 2509
f 2438 2509 2432
f 2513 2652 2658
f 2513 2658 2509
f 2652 2774 2784
f 2652 2784 2658
f 2774 2894 2916
f 2774 2916 2784
f 2894 3014 3036
f 2894 3036 2916
f 3014 3140 3174
f 3014 3174 3036
f 3140 3260 3298
f 3140 3298 3174
f 3260 3382 3434
f 3260 3434 3298
f 3382 3521 3570
f 3382 3570 3434
f 3521 3644 3728
f 3521 3728 3570
f 3644 3792 3904
f 3644 3904 3728
f 3792 3953 4051
f 3792 4051 3904
f 3953 4088 4220
f 3953 4220 4051
f 4088 4261 4347
f 4088 4347 4220
f 4261 4351 4452
f 4261 4452 4347
f 4351 4442 4522
f 4351 4522 4452
f 4442 4497 4580
f 4442 4580 4522
f 4497 4562 4642
f 4497 4642 4580
f 4562 4595 4690
f 4562 4690 4642
f 4595 4649 4733
f 4595 4733 4690
f 4649 4674 4778
f 4649 4778 4733
f 4674 4705 4796
f 4674 4796 4778
f 4705 4721 4824
f 4705 4824 4796
f 4721 4735 4837
f 4721 4837 4824
f 4735 4743 4843
f 4735 4843 4837
f 4843 4838 4917
f 4843 4917 4920
f 4838 4825 4898
f 4838 4898 4917
f 4825 4797 4884
f 4825 4884 4898
f 4797 4779 4847
f 4797 4847 4884
f 4779 4734 4808
f 4779 4808 4847
f 4734 4691 4765
f 4734 4765 4808
f 4691 4643 4708
f 4691 4708 4765
f 4643 4581 4651
f 4643 4651 4708
f 4581 4523 4579
f 4581 4579 4651
f 4523 4453 4507
f 4523 4507 4579
f 4453 4348 4418
f 4453 4418 4507
f 4348 4227 4310
f 4348 4310 4418
f 4227 4054 4135
f 4227 4135 4310
f 4054 3905 3972
f 4054 3972 4135
f 3905 3729 3791
f 3905 3791 3972
f 3729 3571 3623
f 3729 3623 3791
f 3571 3435 3475
f 3571 3475 3623
f 3435 3299 3343
f 3435 3343 3475
f 3299 3175 3195
f 3299 3195 3343
f 3175 3037 3065
f 3175 3065 3195
f 3037 2919 2939
f 3037 2939 3065
f 2919 2785 2797
f 2919 2797 2939
f 2785 2659 2669
f 2785 2669 2797
f 2659 2582 2587
f 2659 2587 2669
f 2582 2433 2425
f 2582 2425 2587
f 2433 2307 2297
f 2433 2297 2425
f 2307 2175 2155
f 2307 2155 2297
f 2175 2055 2027
f 2175 2027 2155
f 2055 1917 1897
f 2055 1897 2027
f 1917 1793 1749
f 1917 1749 1897
f 1793 1657 1623
f 1793 1623 1749
f 1657 1521 1473
f 1657 1473 1623
f 1521 1363 1305
f 1521 1305 1473
f 1363 1187 1124
f 1363 1124 1305
f 1187 1044 965
f 1187 965 1124
f 1044 881 796
f 1044 796 965
f 881 754 678
f 881 678 796
f 754 643 591
f 754 591 678
f 643 573 517
f 643 517 591
f 573 515 447
f 573 447 517
f 515 453 388
f 515 388 447
f 453 405 331
f 453 331 388
f 405 362 288
f 405 288 331
f 362 317 249
f 362 249 288
f 317 299 212
f 317 212 249
f 299 271 198
f 299 198 212
f 271 258 179
f 271 179 198
f 258 252 175
f 258 175 179
f 252 257 178
f 252 178 175
f 257 270 197
f 257 197 178
f 270 298 211
f 270 211 197
f 298 316 248
f 298 248 211
f 316 361 287
f 316 287 248
f 361 404 330
f 361 330 287
f 404 452 387
f 404 387 330
f 452 514 444
f 452 444 387
f 514 572 516
f 514 516 444
f 572 642 588
f 572 588 516
f 642 753 677
f 642 677 588
f 753 874 795
f 753 795 677
f 874 1041 960
f 874 960 795
f 1041 1186 1123
f 1041 1123 960
f 1186 1362 1304
f 1186 1304 1123
f 1362 1520 1472
f 1362 1472 1304
f 1520 1656 1620
f 1520 1620 1472
f 1656 1792 1748
f 1656 1748 1620
f 1792 1916 1896
f 1792 1896 1748
f 1916 2054 2026
f 1916 2026 1896
f 2054 2172 2152
f 2054 2152 2026
f 2172 2306 2294
f 2172 2294 2152
f 2306 2432 2422
f 2306 2422 2294
f 2432 2509 2504
f 2432 2504 2422
f 2509 2658 2666
f 2509 2666 2504
f 2658 2784 2794
f 2658 2794 2666
f 2784 2916 2936
f 2784 2936 2794
f 2916 3036 3064
f 2916 3064 2936
f 3036 3174 3194
f 3036 3194 3064
f 3174 3298 3342
f 3174 3342 3194
f 3298 3434 3472
f 3298 3472 3342
f 3434 3570 3622
f 3434 3622 3472
f 3570 3728 3790
f 3570 3790 3622
f 3728 3904 3971
f 3728 3971 3790
f 3904 4051 4130
f 3904 4130 3971
f 4051 4220 4309
f 4051 4309 4130
f 4220 4347 4417
f 4220 4417 4309
f 4347 4452 4504
f 4347 4504 4417
f 4452 4522 4578
f 4452 4578 4504
f 4522 4580 4648
f 4522 4648 4578
f 4580 4642 4707
f 4580 4707 4648
f 4642 4690 4764
f 4642 4764 4707
f 4690 4733 4807
f 4690 4807 4764
f 4733 4778 4846
f 4733 4846 4807
f 4778 4796 4883
f 4778 4883 4846
f 4796 4824 4897
f 4796 4897 4883
f 4824 4837 4916
f 4824 4916 4897
f 4837 4843 4920
f 4837 4920 4916
f 4920 4917 4957
f 4920 4957 4963
f 4917 4898 4947
f 4917 4947 4957
f 4898 4884 4927
f 4898 4927 4947
f 4884 4847 4894
f 4884 4894 4927
f 4847 4808 4851
f 4847 4851 4894
f 4808 4765 4806
f 4808 4806 4851
f 4765 4708 4755
f 4765 4755 4806
f 4708 4651 4684
f 4708 4684 4755
f 4651 4579 4617
f 4651 4617 4684
f 4579 4507 4541
f 4579 4541 4617
f 4507 4418 4465
f 4507 4465 4541
f 4418 4310 4349
f 4418 4349 4465
f 4310 4135 4196
f 4310 4196 4349
f 4135 3972 4014
f 4135 4014 4196
f 3972 3791 3841
f 3972 3841 4014
f 3791 3623 3661
f 3791 3661 3841
f 3623 3475 3507
f 3623 3507 3661
f 3475 3343 3359
f 3475 3359 3507
f 3343 3195 3211
f 3343 3211 3359
f 3195 3065 3083
f 3195 3083 3211
f 3065 2939 2949
f 3065 2949 3083
f 2939 2797 2805
f 2939 2805 2949
f 2797 2669 2675
f 2797 2675 2805
f 2669 2587 2590
f 2669 2590 2675
f 2587 2425 2421
f 2587 2421 2590
f 2425 2297 2289
f 2425 2289 2421
f 2297 2155 2143
f 2297 2143 2289
f 2155 2027 2011
f 2155 2011 2143
f 2027 1897 1885
f 2027 1885 2011
f 1897 1749 1733
f 1897 1733 1885
f 1749 1623 1589
f 1749 1589 1733
f 1623 1473 1437
f 1623 1437 1589
f 1473 1305 1255
f 1473 1255 1437
f 1305 1124 1084
f 1305 1084 1255
f 1124 965 906
f 1124 906 1084
f 965 796 755
f 965 755 906
f 796 678 637
f 796 637 755
f 678 591 559
f 678 559 637
f 591 517 479
f 591 479 559
f 517 447 416
f 517 416 479
f 447 388 342
f 447 342 416
f 388 331 291
f 388 291 342
f 331 288 245
f 331 245 291
f 288 249 202
f 288 202 245
f 249 212 169
f 249 169 202
f 212 198 151
f 212 151 169
f 198 179 139
f 198 139 151
f 179 175 132
f 179 132 139
f 175 178 138
f 175 138 132
f 178 197 149
f 178 149 138
f 197 211 168
f 197 168 149
f 211 248 201
f 211 201 168
f 248 287 244
f 248 244 201
f 287 330 289
f 287 289 244
f 330 387 340
f 330 340 289
f 387 444 411
f 387 411 340
f 444 516 478
f 444 478 411
f 516 588 554
f 516 554 478
f 588 677 630
f 588 630 554
f 677 795 752
f 677 752 630
f 795 960 905
f 795 905 752
f 960 1123 1081
f 960 1081 905
f 1123 1304 1254
f 1123 1254 1081
f 1304 1472 1434
f 1304 1434 1254
f 1472 1620 1584
f 1472 1584 1434
f 1620 1748 1732
f 1620 1732 1584
f 1748 1896 1880
f 1748 1880 1732
f 1896 2026 2008
f 1896 2008 1880
f 2026 2152 2142
f 2026 2142 2008
f 2152 2294 2287
f 2152 2287 2142
f 2294 2422 2416
f 2294 2416 2287
f 2422 2504 2501
f 2422 2501 2416
f 2504 2666 2670
f 2504 2670 2501
f 2666 2794 2803
f 2666 2803 2670
f 2794 2936 2948
f 2794 2948 2803
f 2936 3064 3080
f 2936 3080 2948
f 3064 3194 3206
f 3064 3206 3080
f 3194 3342 3358
f 3194 3358 3206
f 3342 3472 3502
f 3342 3502 3358
f 3472 3622 3658
f 3472 3658 3502
f 3622 3790 3840
f 3622 3840 3658
f 3790 3971 4011
f 3790 4011 3840
f 3971 4130 4195
f 3971 4195 4011
f 4130 4309 4346
f 4130 4346 4195
f 4309 4417 4458
f 4309 4458 4346
f 4417 4504 4536
f 4417 4536 4458
f 4504 4578 4616
f 4504 4616 4536
f 4578 4648 4679
f 4578 4679 4616
f 4648 4707 4753
f 4648 4753 4679
f 4707 4764 4804
f 4707 4804 4753
f 4764 4807 4850
f 4764 4850 4804
f 4807 4846 4893
f 4807 4893 4850
f 4846 4883 4926
f 4846 4926 4893
f 4883 4897 4945
f 4883 4945 4926
f 4897 4916 4956
f 4897 4956 4945
f 4916 4920 4963
f 4916 4963 4956
f 4963 4957 4980
f 4963 4980 4982
f 4957 4947 4961
f 4957 4961 4980
f 4947 4927 4939
f 4947 4939 4961
f 4927 4894 4911
f 4927 4911 4939
f 4894 4851 4875
f 4894 4875 4911
f 4851 4806 4819
f 4851 4819 4875
f 4806 4755 4769
f 4806 4769 4819
f 4755 4684 4698
f 4755 4698 4769
f 4684 4617 4631
f 4684 4631 4698
f 4617 4541 4559
f 4617 4559 4631
f 4541 4465 4477
f 4541 4477 4559
f 4465 4349 4365
f 4465 4365 4477
f 4349 4196 4219
f 4349 4219 4365
f 4196 4014 4030
f 4196 4030 4219
f 4014 3841 3870
f 4014 3870 4030
f 3841 3661 3677
f 3841 3677 3870
f 3661 3507 3517
f 3661 3517 3677
f 3507 3359 3365
f 3507 3365 3517
f 3359 3211 3219
f 3359 3219 3365
f 3211 3083 3091
f 3211 3091 3219
f 3083 2949 2955
f 3083 2955 3091
f 2949 2805 2819
f 2949 2819 2955
f 2805 2675 2681
f 2805 2681 2819
f 2675 2590 2593
f 2675 2593 2681
f 2590 2421 2415
f 2590 2415 2593
f 2421 2289 2275
f 2421 2275 2415
f 2289 2143 2139
f 2289 2139 2275
f 2143 2011 2003
f 2143 2003 2139
f 2011 1885 1875
f 2011 1875 2003
f 1885 1733 1729
f 1885 1729 1875
f 1733 1589 1577
f 1733 1577 1729
f 1589 1437 1421
f 1589 1421 1577
f 1437 1255 1230
f 1437 1230 1421
f 1255 1084 1070
f 1255 1070 1230
f 1084 906 886
f 1084 886 1070
f 906 755 739
f 906 739 886
f 755 637 621
f 755 621 739
f 637 559 539
f 637 539 621
f 559 479 468
f 559 468 539
f 479 416 402
f 479 402 468
f 416 342 329
f 416 329 402
f 342 291 279
f 342 279 329
f 291 245 225
f 291 225 279
f 245 202 188
f 245 188 225
f 202 169 159
f 202 159 188
f 169 151 137
f 169 137 159
f 151 139 118
f 151 118 137
f 139 132 114
f 139 114 118
f 132 138 116
f 132 116 114
f 138 149 135
f 138 135 116
f 149 168 157
f 149 157 135
f 168 201 185
f 168 185 157
f 201 244 221
f 201 221 185
f 244 289 277
f 244 277 221
f 289 340 327
f 289 327 277
f 340 411 398
f 340 398 327
f 411 478 465
f 411 465 398
f 478 554 537
f 478 537 465
f 554 630 619
f 554 619 537
f 630 752 737
f 630 737 619
f 752 905 883
f 752 883 737
f 905 1081 1066
f 905 1066 883
f 1081 1254 1226
f 1081 1226 1066
f 1254 1434 1419
f 1254 1419 1226
f 1434 1584 1575
f 1434 1575 1419
f 1584 1732 1727
f 1584 1727 1575
f 1732 1880 1873
f 1732 1873 1727
f 1880 2008 2001
f 1880 2001 1873
f 2008 2142 2137
f 2008 2137 2001
f 2142 2287 2273
f 2142 2273 2137
f 2287 2416 2411
f 2287 2411 2273
f 2416 2501 2499
f 2416 2499 2411
f 2501 2670 2677
f 2501 2677 2499
f 2670 2803 2817
f 2670 2817 2677
f 2803 2948 2953
f 2803 2953 2817
f 2948 3080 3089
f 2948 3089 2953
f 3080 3206 3217
f 3080 3217 3089
f 3206 3358 3363
f 3206 3363 3217
f 3358 3502 3515
f 3358 3515 3363
f 3502 3658 3675
f 3502 3675 3515
f 3658 3840 3866
f 3658 3866 3675
f 3840 4011 4026
f 3840 4026 3866
f 4011 4195 4216
f 4011 4216 4026
f 4195 4346 4363
f 4195 4363 4216
f 4346 4458 4475
f 4346 4475 4363
f 4458 4536 4557
f 4458 4557 4475
f 4536 4616 4628
f 4536 4628 4557
f 4616 4679 4694
f 4616 4694 4628
f 4679 4753 4767
f 4679 4767 4694
f 4753 4804 4817
f 4753 4817 4767
f 4804 4850 4871
f 4804 4871 4817
f 4850 4893 4908
f 4850 4908 4871
f 4893 4926 4937
f 4893 4937 4908
f 4926 4945 4959
f 4926 4959 4937
f 4945 4956 4978
f 4945 4978 4959
f 4956 4963 4982
f 4956 4982 4978
f 4982 4980 4979
f 4982 4979 4981
f 4980 4961 4960
f 4980 4960 4979
f 4961 4939 4938
f 4961 4938 4960
f 4939 4911 4910
f 4939 4910 4938
f 4911 4875 4874
f 4911 4874 4910
f 4875 4819 4818
f 4875 4818 4874
f 4819 4769 4768
f 4819 4768 4818
f 4769 4698 4697
f 4769 4697 4768
f 4698 4631 4630
f 4698 4630 4697
f 4631 4559 4558
f 4631 4558 4630
f 4559 4477 4476
f 4559 4476 4558
f 4477 4365 4364
f 4477 4364 4476
f 4365 4219 4218
f 4365 4218 4364
f 4219 4030 4029
f 4219 4029 4218
f 4030 3870 3869
f 4030 3869 4029
f 3870 3677 3676
f 3870 3676 3869
f 3677 3517 3516
f 3677 3516 3676
f 3517 3365 3364
f 3517 3364 3516
f 3365 3219 3218
f 3365 3218 3364
f 3219 3091 3090
f 3219 3090 3218
f 3091 2955 2954
f 3091 2954 3090
f 2955 2819 2818
f 2955 2818 2954
f 2819 2681 2680
f 2819 2680 2818
f 2681 2593 2592
f 2681 2592 2680
f 2593 2415 2414
f 2593 2414 2592
f 2415 2275 2274
f 2415 2274 2414
f 2275 2139 2138
f 2275 2138 2274
f 2139 2003 2002
f 2139 2002 2138
f 2003 1875 1874
f 2003 1874 2002
f 1875 1729 1728
f 1875 1728 1874
f 1729 1577 1576
f 1729 1576 1728
f 1577 1421 1420
f 1577 1420 1576
f 1421 1230 1229
f 1421 1229 1420
f 1230 1070 1069
f 1230 1069 1229
f 1070 886 885
f 1070 885 1069
f 886 739 738
f 886 738 885
f 739 621 620
f 739 620 738
f 621 539 538
f 621 538 620
f 539 468 467
f 539 467 538
f 468 402 401
f 468 401 467
f 402 329 328
f 402 328 401
f 329 279 278
f 329 278 328
f 279 225 224
f 279 224 278
f 225 188 187
f 225 187 224
f 188 159 158
f 188 158 187
f 159 137 136
f 159 136 158
f 137 118 117
f 137 117 136
f 118 114 113
f 118 113 117
f 114 116 115
f 114 115 113
f 116 135 134
f 116 134 115
f 135 157 156
f 135 156 134
f 157 185 184
f 157 184 156
f 185 221 220
f 185 220 184
f 221 277 276
f 221 276 220
f 277 327 326
f 277 326 276
f 327 398 397
f 327 397 326
f 398 465 464
f 398 464 397
f 465 537 536
f 465 536 464
f 537 619 618
f 537 618 536
f 619 737 736
f 619 736 618
f 737 883 882
f 737 882 736
f 883 1066 1065
f 883 1065 882
f 1066 1226 1225
f 1066 1225 1065
f 1226 1419 1418
f 1226 1418 1225
f 1419 1575 1574
f 1419 1574 1418
f 1575 1727 1726
f 1575 1726 1574
f 1727 1873 1872
f 1727 1872 1726
f 1873 2001 2000
f 1873 2000 1872
f 2001 2137 2136
f 2001 2136 2000
f 2137 2273 2272
f 2137 2272 2136
f 2273 2411 2410
f 2273 2410 2272
f 2411 2499 2498
f 2411 2498 2410
f 2499 2677 2676
f 2499 2676 2498
f 2677 2817 2816
f 2677 2816 2676
f 2817 2953 2952
f 2817 2952 2816
f 2953 3089 3088
f 2953 3088 2952
f 3089 3217 3216
f 3089 3216 3088
f 3217 3363 3362
f 3217 3362 3216
f 3363 3515 3514
f 3363 3514 3362
f 3515 3675 3674
f 3515 3674 3514
f 3675 3866 3865
f 3675 3865 3674
f 3866 4026 4025
f 3866 4025 3865
f 4026 4216 4215
f 4026 4215 4025
f 4216 4363 4362
f 4216 4362 4215
f 4363 4475 4474
f 4363 4474 4362
f 4475 4557 4556
f 4475 4556 4474
f 4557 4628 4627
f 4557 4627 4556
f 4628 4694 4693
f 4628 4693 4627
f 4694 4767 4766
f 4694 4766 4693
f 4767 4817 4816
f 4767 4816 4766
f 4817 4871 4870
f 4817 4870 4816
f 4871 4908 4907
f 4871 4907 4870
f 4908 4937 4936
f 4908 4936 4907
f 4937 4959 4958
f 4937 4958 4936
f 4959 4978 4977
f 4959 4977 4958
f 4978 4982 4981
f 4978 4981 4977
f 4981 4979 4966
f 4981 4966 4974
f 4979 4960 4953
f 4979 4953 4966
f 4960 4938 4932
f 4960 4932 4953
f 4938 4910 4902
f 4938 4902 4932
f 4910 4874 4864
f 4910 4864 4902
f 4874 4818 4810
f 4874 4810 4864
f 4818 4768 4761
f 4818 4761 4810
f 4768 4697 4692
f 4768 4692 4761
f 4697 4630 4621
f 4697 4621 4692
f 4630 4558 4553
f 4630 4553 4621
f 4558 4476 4471
f 4558 4471 4553
f 4476 4364 4355
f 4476 4355 4471
f 4364 4218 4200
f 4364 4200 4355
f 4218 4029 4020
f 4218 4020 4200
f 4029 3869 3856
f 4029 3856 4020
f 3869 3676 3663
f 3869 3663 3856
f 3676 3516 3513
f 3676 3513 3663
f 3516 3364 3361
f 3516 3361 3513
f 3364 3218 3215
f 3364 3215 3361
f 3218 3090 3087
f 3218 3087 3215
f 3090 2954 2951
f 3090 2951 3087
f 2954 2818 2815
f 2954 2815 2951
f 2818 2680 2679
f 2818 2679 2815
f 2680 2592 2591
f 2680 2591 2679
f 2592 2414 2413
f 2592 2413 2591
f 2414 2274 2285
f 2414 2285 2413
f 2274 2138 2141
f 2274 2141 2285
f 2138 2002 2005
f 2138 2005 2141
f 2002 1874 1879
f 2002 1879 2005
f 1874 1728 1731
f 1874 1731 1879
f 1728 1576 1583
f 1728 1583 1731
f 1576 1420 1433
f 1576 1433 1583
f 1420 1229 1241
f 1420 1241 1433
f 1229 1069 1078
f 1229 1078 1241
f 1069 885 902
f 1069 902 1078
f 885 738 747
f 885 747 902
f 738 620 625
f 738 625 747
f 620 538 543
f 620 543 625
f 538 467 475
f 538 475 543
f 467 401 406
f 467 406 475
f 401 328 335
f 401 335 406
f 328 278 286
f 328 286 335
f 278 224 232
f 278 232 286
f 224 187 194
f 224 194 232
f 187 158 164
f 187 164 194
f 158 136 143
f 158 143 164
f 136 117 130
f 136 130 143
f 117 113 121
f 117 121 130
f 113 115 129
f 113 129 121
f 115 134 142
f 115 142 129
f 134 156 163
f 134 163 142
f 156 184 193
f 156 193 163
f 184 220 231
f 184 231 193
f 220 276 285
f 220 285 231
f 276 326 334
f 276 334 285
f 326 397 403
f 326 403 334
f 397 464 474
f 397 474 403
f 464 536 542
f 464 542 474
f 536 618 624
f 536 624 542
f 618 736 746
f 618 746 624
f 736 882 901
f 736 901 746
f 882 1065 1075
f 882 1075 901
f 1065 1225 1239
f 1065 1239 1075
f 1225 1418 1432
f 1225 1432 1239
f 1418 1574 1578
f 1418 1578 1432
f 1574 1726 1730
f 1574 1730 1578
f 1726 1872 1876
f 1726 1876 1730
f 1872 2000 2004
f 1872 2004 1876
f 2000 2136 2140
f 2000 2140 2004
f 2136 2272 2276
f 2136 2276 2140
f 2272 2410 2412
f 2272 2412 2276
f 2410 2498 2500
f 2410 2500 2412
f 2498 2676 2678
f 2498 2678 2500
f 2676 2816 2806
f 2676 2806 2678
f 2816 2952 2950
f 2816 2950 2806
f 2952 3088 3086
f 2952 3086 2950
f 3088 3216 3212
f 3088 3212 3086
f 3216 3362 3360
f 3216 3360 3212
f 3362 3514 3508
f 3362 3508 3360
f 3514 3674 3662
f 3514 3662 3508
f 3674 3865 3854
f 3674 3854 3662
f 3865 4025 4017
f 3865 4017 3854
f 4025 4215 4199
f 4025 4199 4017
f 4215 4362 4354
f 4215 4354 4199
f 4362 4474 4470
f 4362 4470 4354
f 4474 4556 4552
f 4474 4552 4470
f 4556 4627 4620
f 4556 4620 4552
f 4627 4693 4689
f 4627 4689 4620
f 4693 4766 4760
f 4693 4760 4689
f 4766 4816 4809
f 4766 4809 4760
f 4816 4870 4863
f 4816 4863 4809
f 4870 4907 4901
f 4870 4901 4863
f 4907 4936 4931
f 4907 4931 4901
f 4936 4958 4952
f 4936 4952 4931
f 4958 4977 4965
f 4958 4965 4952
f 4977 4981 4974
f 4977 4974 4965
f 4974 4966 4942
f 4974 4942 4949
f 4966 4953 4930
f 4966 4930 4942
f 4953 4932 4906
f 4953 4906 4930
f 4932 4902 4882
f 4932 4882 4906
f 4902 4864 4840
f 4902 4840 4882
f 4864 4810 4787
f 4864 4787 4840
f 4810 4761 4732
f 4810 4732 4787
f 4761 4692 4671
f 4761 4671 4732
f 4692 4621 4593
f 4692 4593 4671
f 4621 4553 4527
f 4621 4527 4593
f 4553 4471 4451
f 4553 4451 4527
f 4471 4355 4331
f 4471 4331 4451
f 4355 4200 4174
f 4355 4174 4331
f 4200 4020 3990
f 4200 3990 4174
f 4020 3856 3820
f 4020 3820 3990
f 3856 3663 3643
f 3856 3643 3820
f 3663 3513 3493
f 3663 3493 3643
f 3513 3361 3351
f 3513 3351 3493
f 3361 3215 3201
f 3361 3201 3351
f 3215 3087 3079
f 3215 3079 3201
f 3087 2951 2945
f 3087 2945 3079
f 2951 2815 2801
f 2951 2801 2945
f 2815 2679 2673
f 2815 2673 2801
f 2679 2591 2588
f 2679 2588 2673
f 2591 2413 2419
f 2591 2419 2588
f 2413 2285 2293
f 2413 2293 2419
f 2285 2141 2147
f 2285 2147 2293
f 2141 2005 2015
f 2141 2015 2147
f 2005 1879 1891
f 2005 1891 2015
f 1879 1731 1741
f 1879 1741 1891
f 1731 1583 1599
f 1731 1599 1741
f 1583 1433 1453
f 1583 1453 1599
f 1433 1241 1280
f 1433 1280 1453
f 1241 1078 1106
f 1241 1106 1280
f 1078 902 928
f 1078 928 1106
f 902 747 771
f 902 771 928
f 747 625 647
f 747 647 771
f 625 543 569
f 625 569 647
f 543 475 503
f 543 503 569
f 475 406 425
f 475 425 503
f 406 335 364
f 406 364 425
f 335 286 309
f 335 309 364
f 286 232 256
f 286 256 309
f 232 194 214
f 232 214 256
f 194 164 190
f 194 190 214
f 164 143 166
f 164 166 190
f 143 130 154
f 143 154 166
f 130 121 146
f 130 146 154
f 121 129 153
f 121 153 146
f 129 142 165
f 129 165 153
f 142 163 189
f 142 189 165
f 163 193 213
f 163 213 189
f 193 231 255
f 193 255 213
f 231 285 308
f 231 308 255
f 285 334 363
f 285 363 308
f 334 403 424
f 334 424 363
f 403 474 502
f 403 502 424
f 474 542 568
f 474 568 502
f 542 624 644
f 542 644 568
f 624 746 770
f 624 770 644
f 746 901 925
f 746 925 770
f 901 1075 1105
f 901 1105 925
f 1075 1239 1275
f 1075 1275 1105
f 1239 1432 1452
f 1239 1452 1275
f 1432 1578 1598
f 1432 1598 1452
f 1578 1730 1740
f 1578 1740 1598
f 1730 1876 1890
f 1730 1890 1740
f 1876 2004 2012
f 1876 2012 1890
f 2004 2140 2146
f 2004 2146 2012
f 2140 2276 2290
f 2140 2290 2146
f 2276 2412 2418
f 2276 2418 2290
f 2412 2500 2503
f 2412 2503 2418
f 2500 2678 2672
f 2500 2672 2503
f 2678 2806 2798
f 2678 2798 2672
f 2806 2950 2944
f 2806 2944 2798
f 2950 3086 3076
f 2950 3076 2944
f 3086 3212 3200
f 3086 3200 3076
f 3212 3360 3350
f 3212 3350 3200
f 3360 3508 3492
f 3360 3492 3350
f 3508 3662 3642
f 3508 3642 3492
f 3662 3854 3815
f 3662 3815 3642
f 3854 4017 3989
f 3854 3989 3815
f 4017 4199 4171
f 4017 4171 3989
f 4199 4354 4330
f 4199 4330 4171
f 4354 4470 4448
f 4354 4448 4330
f 4470 4552 4526
f 4470 4526 4448
f 4552 4620 4592
f 4552 4592 4526
f 4620 4689 4670
f 4620 4670 4592
f 4689 4760 4731
f 4689 4731 4670
f 4760 4809 4786
f 4760 4786 4731
f 4809 4863 4839
f 4809 4839 4786
f 4863 4901 4881
f 4863 4881 4839
f 4901 4931 4905
f 4901 4905 4881
f 4931 4952 4929
f 4931 4929 4905
f 4952 4965 4941
f 4952 4941 4929
f 4965 4974 4949
f 4965 4949 4941
f 4949 4942 4904
f 4949 4904 4909
f 4942 4930 4890
f 4942 4890 4904
f 4930 4906 4873
f 4930 4873 4890
f 4906 4882 4842
f 4906 4842 4873
f 4882 4840 4795
f 4882 4795 4842
f 4840 4787 4759
f 4840 4759 4795
f 4787 4732 4696
f 4787 4696 4759
f 4732 4671 4641
f 4732 4641 4696
f 4671 4593 4573
f 4671 4573 4641
f 4593 4527 4495
f 4593 4495 4573
f 4527 4451 4412
f 4527 4412 4495
f 4451 4331 4308
f 4451 4308 4412
f 4331 4174 4127
f 4331 4127 4308
f 4174 3990 3964
f 4174 3964 4127
f 3990 3820 3789
f 3990 3789 3964
f 3820 3643 3619
f 3820 3619 3789
f 3643 3493 3469
f 3643 3469 3619
f 3493 3351 3341
f 3493 3341 3469
f 3351 3201 3193
f 3351 3193 3341
f 3201 3079 3063
f 3201 3063 3193
f 3079 2945 2935
f 3079 2935 3063
f 2945 2801 2796
f 2945 2796 2935
f 2801 2673 2668
f 2801 2668 2796
f 2673 2588 2586
f 2673 2586 2668
f 2588 2419 2424
f 2588 2424 2586
f 2419 2293 2296
f 2419 2296 2424
f 2293 2147 2157
f 2293 2157 2296
f 2147 2015 2031
f 2147 2031 2157
f 2015 1891 1899
f 2015 1899 2031
f 1891 1741 1755
f 1891 1755 1899
f 1741 1599 1627
f 1741 1627 1755
f 1599 1453 1477
f 1599 1477 1627
f 1453 1280 1309
f 1453 1309 1477
f 1280 1106 1132
f 1280 1132 1309
f 1106 928 971
f 1106 971 1132
f 928 771 798
f 928 798 971
f 771 647 684
f 771 684 798
f 647 569 603
f 647 603 684
f 569 503 523
f 569 523 603
f 503 425 455
f 503 455 523
f 425 364 400
f 425 400 455
f 364 309 339
f 364 339 400
f 309 256 303
f 309 303 339
f 256 214 254
f 256 254 303
f 214 190 223
f 214 223 254
f 190 166 206
f 190 206 223
f 166 154 192
f 166 192 206
f 154 146 186
f 154 186 192
f 146 153 191
f 146 191 186
f 153 165 205
f 153 205 191
f 165 189 222
f 165 222 205
f 189 213 253
f 189 253 222
f 213 255 300
f 213 300 253
f 255 308 336
f 255 336 300
f 308 363 399
f 308 399 336
f 363 424 454
f 363 454 399
f 424 502 522
f 424 522 454
f 502 568 600
f 502 600 522
f 568 644 683
f 568 683 600
f 644 770 797
f 644 797 683
f 770 925 968
f 770 968 797
f 925 1105 1131
f 925 1131 968
f 1105 1275 1306
f 1105 1306 1131
f 1275 1452 1476
f 1275 1476 1306
f 1452 1598 1626
f 1452 1626 1476
f 1598 1740 1750
f 1598 1750 1626
f 1740 1890 1898
f 1740 1898 1750
f 1890 2012 2028
f 1890 2028 1898
f 2012 2146 2156
f 2012 2156 2028
f 2146 2290 2295
f 2146 2295 2156
f 2290 2418 2423
f 2290 2423 2295
f 2418 2503 2505
f 2418 2505 2423
f 2503 2672 2667
f 2503 2667 2505
f 2672 2798 2795
f 2672 2795 2667
f 2798 2944 2934
f 2798 2934 2795
f 2944 3076 3060
f 2944 3060 2934
f 3076 3200 3192
f 3076 3192 3060
f 3200 3350 3336
f 3200 3336 3192
f 3350 3492 3468
f 3350 3468 3336
f 3492 3642 3618
f 3492 3618 3468
f 3642 3815 3782
f 3642 3782 3618
f 3815 3989 3963
f 3815 3963 3782
f 3989 4171 4124
f 3989 4124 3963
f 4171 4330 4307
f 4171 4307 4124
f 4330 4448 4411
f 4330 4411 4307
f 4448 4526 4492
f 4448 4492 4411
f 4526 4592 4572
f 4526 4572 4492
f 4592 4670 4640
f 4592 4640 4572
f 4670 4731 4695
f 4670 4695 4640
f 4731 4786 4756
f 4731 4756 4695
f 4786 4839 4792
f 4786 4792 4756
f 4839 4881 4841
f 4839 4841 4792
f 4881 4905 4872
f 4881 4872 4841
f 4905 4929 4889
f 4905 4889 4872
f 4929 4941 4903
f 4929 4903 4889
f 4941 4949 4909
f 4941 4909 4903
f 4909 4904 4856
f 4909 4856 4862
f 4904 4890 4845
f 4904 4845 4856
f 4890 4873 4822
f 4890 4822 4845
f 4873 4842 4791
f 4873 4791 4822
f 4842 4795 4758
f 4842 4758 4791
f 4795 4759 4710
f 4795 4710 4758
f 4759 4696 4659
f 4759 4659 4710
f 4696 4641 4589
f 4696 4589 4659
f 4641 4573 4529
f 4641 4529 4589
f 4573 4495 4469
f 4573 4469 4529
f 4495 4412 4369
f 4495 4369 4469
f 4412 4308 4263
f 4412 4263 4369
f 4308 4127 4073
f 4308 4073 4263
f 4127 3964 3914
f 4127 3914 4073
f 3964 3789 3743
f 3964 3743 3914
f 3789 3619 3587
f 3789 3587 3743
f 3619 3469 3449
f 3619 3449 3587
f 3469 3341 3309
f 3469 3309 3449
f 3341 3193 3181
f 3341 3181 3309
f 3193 3063 3041
f 3193 3041 3181
f 3063 2935 2921
f 3063 2921 3041
f 2935 2796 2787
f 2935 2787 2921
f 2796 2668 2661
f 2796 2661 2787
f 2668 2586 2583
f 2668 2583 2661
f 2586 2424 2431
f 2586 2431 2583
f 2424 2296 2305
f 2424 2305 2431
f 2296 2157 2171
f 2296 2171 2305
f 2157 2031 2053
f 2157 2053 2171
f 2031 1899 1915
f 2031 1915 2053
f 1899 1755 1783
f 1899 1783 1915
f 1755 1627 1647
f 1755 1647 1783
f 1627 1477 1505
f 1627 1505 1647
f 1477 1309 1349
f 1477 1349 1505
f 1309 1132 1178
f 1309 1178 1349
f 1132 971 1023
f 1132 1023 1178
f 971 798 845
f 971 845 1023
f 798 684 733
f 798 733 845
f 684 603 627
f 684 627 733
f 603 523 567
f 603 567 627
f 523 455 509
f 523 509 567
f 455 400 437
f 455 437 509
f 400 339 386
f 400 386 437
f 339 303 338
f 339 338 386
f 303 254 305
f 303 305 338
f 254 223 274
f 254 274 305
f 223 206 251
f 223 251 274
f 206 192 240
f 206 240 251
f 192 186 233
f 192 233 240
f 186 191 239
f 186 239 233
f 191 205 250
f 191 250 239
f 205 222 273
f 205 273 250
f 222 253 304
f 222 304 273
f 253 300 337
f 253 337 304
f 300 336 385
f 300 385 337
f 336 399 436
f 336 436 385
f 399 454 506
f 399 506 436
f 454 522 566
f 454 566 506
f 522 600 626
f 522 626 566
f 600 683 732
f 600 732 626
f 683 797 842
f 683 842 732
f 797 968 1022
f 797 1022 842
f 968 1131 1177
f 968 1177 1022
f 1131 1306 1348
f 1131 1348 1177
f 1306 1476 1504
f 1306 1504 1348
f 1476 1626 1646
f 1476 1646 1504
f 1626 1750 1782
f 1626 1782 1646
f 1750 1898 1910
f 1750 1910 1782
f 1898 2028 2050
f 1898 2050 1910
f 2028 2156 2170
f 2028 2170 2050
f 2156 2295 2304
f 2156 2304 2170
f 2295 2423 2430
f 2295 2430 2304
f 2423 2505 2508
f 2423 2508 2430
f 2505 2667 2660
f 2505 2660 2508
f 2667 2795 2786
f 2667 2786 2660
f 2795 2934 2920
f 2795 2920 2786
f 2934 3060 3038
f 2934 3038 2920
f 3060 3192 3176
f 3060 3176 3038
f 3192 3336 3308
f 3192 3308 3176
f 3336 3468 3448
f 3336 3448 3308
f 3468 3618 3586
f 3468 3586 3448
f 3618 3782 3742
f 3618 3742 3586
f 3782 3963 3913
f 3782 3913 3742
f 3963 4124 4072
f 3963 4072 3913
f 4124 4307 4260
f 4124 4260 4072
f 4307 4411 4368
f 4307 4368 4260
f 4411 4492 4468
f 4411 4468 4368
f 4492 4572 4528
f 4492 4528 4468
f 4572 4640 4586
f 4572 4586 4528
f 4640 4695 4658
f 4640 4658 4586
f 4695 4756 4709
f 4695 4709 4658
f 4756 4792 4757
f 4756 4757 4709
f 4792 4841 4790
f 4792 4790 4757
f 4841 4872 4821
f 4841 4821 4790
f 4872 4889 4844
f 4872 4844 4821
f 4889 4903 4855
f 4889 4855 4844
f 4903 4909 4862
f 4903 4862 4855
f 4862 4856 4794
f 4862 4794 4805
f 4856 4845 4783
f 4856 4783 4794
f 4845 4822 4775
f 4845 4775 4783
f 4822 4791 4740
f 4822 4740 4775
f 4791 4758 4702
f 4791 4702 4740
f 4758 4710 4662
f 4758 4662 4702
f 4710 4659 4605
f 4710 4605 4662
f 4659 4589 4561
f 4659 4561 4605
f 4589 4529 4491
f 4589 4491 4561
f 4529 4469 4414
f 4529 4414 4491
f 4469 4369 4314
f 4469 4314 4414
f 4369 4263 4170
f 4369 4170 4314
f 4263 4073 4013
f 4263 4013 4170
f 4073 3914 3878
f 4073 3878 4013
f 3914 3743 3701
f 3914 3701 3878
f 3743 3587 3549
f 3743 3549 3701
f 3587 3449 3419
f 3587 3419 3549
f 3449 3309 3287
f 3449 3287 3419
f 3309 3181 3167
f 3309 3167 3287
f 3181 3041 3031
f 3181 3031 3167
f 3041 2921 2913
f 3041 2913 3031
f 2921 2787 2783
f 2921 2783 2913
f 2787 2661 2657
f 2787 2657 2783
f 2661 2583 2581
f 2661 2581 2657
f 2583 2431 2435
f 2583 2435 2581
f 2431 2305 2309
f 2431 2309 2435
f 2305 2171 2183
f 2305 2183 2309
f 2171 2053 2065
f 2171 2065 2183
f 2053 1915 1925
f 2053 1925 2065
f 1915 1783 1811
f 1915 1811 1925
f 1783 1647 1675
f 1783 1675 1811
f 1647 1505 1543
f 1647 1543 1675
f 1505 1349 1393
f 1505 1393 1543
f 1349 1178 1218
f 1349 1218 1393
f 1178 1023 1083
f 1178 1083 1218
f 1023 845 930
f 1023 930 1083
f 845 733 792
f 845 792 930
f 733 627 682
f 733 682 792
f 627 567 607
f 627 607 682
f 567 509 535
f 567 535 607
f 509 437 493
f 509 493 535
f 437 386 434
f 437 434 493
f 386 338 394
f 386 394 434
f 338 305 356
f 338 356 394
f 305 274 321
f 305 321 356
f 274 251 313
f 274 313 321
f 251 240 302
f 251 302 313
f 240 233 290
f 240 290 302
f 233 239 301
f 233 301 290
f 239 250 312
f 239 312 301
f 250 273 320
f 250 320 312
f 273 304 355
f 273 355 320
f 304 337 393
f 304 393 355
f 337 385 433
f 337 433 393
f 385 436 490
f 385 490 433
f 436 506 534
f 436 534 490
f 506 566 604
f 506 604 534
f 566 626 681
f 566 681 604
f 626 732 791
f 626 791 681
f 732 842 929
f 732 929 791
f 842 1022 1082
f 842 1082 929
f 1022 1177 1217
f 1022 1217 1082
f 1177 1348 1390
f 1177 1390 1217
f 1348 1504 1542
f 1348 1542 1390
f 1504 1646 1672
f 1504 1672 1542
f 1646 1782 1808
f 1646 1808 1672
f 1782 1910 1924
f 1782 1924 1808
f 1910 2050 2060
f 1910 2060 1924
f 2050 2170 2182
f 2050 2182 2060
f 2170 2304 2308
f 2170 2308 2182
f 2304 2430 2434
f 2304 2434 2308
f 2430 2508 2510
f 2430 2510 2434
f 2508 2660 2656
f 2508 2656 2510
f 2660 2786 2782
f 2660 2782 2656
f 2786 2920 2912
f 2786 2912 2782
f 2920 3038 3026
f 2920 3026 2912
f 3038 3176 3166
f 3038 3166 3026
f 3176 3308 3284
f 3176 3284 3166
f 3308 3448 3416
f 3308 3416 3284
f 3448 3586 3548
f 3448 3548 3416
f 3586 3742 3698
f 3586 3698 3548
f 3742 3913 3877
f 3742 3877 3698
f 3913 4072 4012
f 3913 4012 3877
f 4072 4260 4169
f 4072 4169 4012
f 4260 4368 4313
f 4260 4313 4169
f 4368 4468 4413
f 4368 4413 4313
f 4468 4528 4488
f 4468 4488 4413
f 4528 4586 4560
f 4528 4560 4488
f 4586 4658 4602
f 4586 4602 4560
f 4658 4709 4661
f 4658 4661 4602
f 4709 4757 4701
f 4709 4701 4661
f 4757 4790 4739
f 4757 4739 4701
f 4790 4821 4774
f 4790 4774 4739
f 4821 4844 4782
f 4821 4782 4774
f 4844 4855 4793
f 4844 4793 4782
f 4855 4862 4805
f 4855 4805 4793
f 4805 4794 4673
f 4805 4673 4676
f 4794 4783 4665
f 4794 4665 4673
f 4783 4775 4653
f 4783 4653 4665
f 4775 4740 4619
f 4775 4619 4653
f 4740 4702 4583
f 4740 4583 4619
f 4702 4662 4555
f 4702 4555 4583
f 4662 4605 4506
f 4662 4506 4555
f 4605 4561 4456
f 4605 4456 4506
f 4561 4491 4375
f 4561 4375 4456
f 4491 4414 4298
f 4491 4298 4375
f 4414 4314 4160
f 4414 4160 4298
f 4314 4170 4016
f 4314 4016 4160
f 4170 4013 3898
f 4170 3898 4016
f 4013 3878 3737
f 4013 3737 3898
f 3878 3701 3603
f 3878 3603 3737
f 3701 3549 3474
f 3701 3474 3603
f 3549 3419 3353
f 3549 3353 3474
f 3419 3287 3237
f 3419 3237 3353
f 3287 3167 3117
f 3287 3117 3237
f 3167 3031 3011
f 3167 3011 3117
f 3031 2913 2875
f 3031 2875 3011
f 2913 2783 2771
f 2913 2771 2875
f 2783 2657 2649
f 2783 2649 2771
f 2657 2581 2577
f 2657 2577 2649
f 2581 2435 2443
f 2581 2443 2577
f 2435 2309 2321
f 2435 2321 2443
f 2309 2183 2217
f 2309 2217 2321
f 2183 2065 2081
f 2183 2081 2217
f 2065 1925 1975
f 2065 1975 2081
f 1925 1811 1855
f 1925 1855 1975
f 1811 1675 1739
f 1811 1739 1855
f 1675 1543 1622
f 1675 1622 1739
f 1543 1393 1489
f 1543 1489 1622
f 1393 1218 1361
f 1393 1361 1489
f 1218 1083 1198
f 1218 1198 1361
f 1083 930 1080
f 1083 1080 1198
f 930 792 936
f 930 936 1080
f 792 682 808
f 792 808 936
f 682 607 729
f 682 729 808
f 607 535 640
f 607 640 729
f 535 493 590
f 535 590 640
f 493 434 541
f 493 541 590
f 434 394 513
f 434 513 541
f 394 356 477
f 394 477 513
f 356 321 443
f 356 443 477
f 321 313 431
f 321 431 443
f 313 302 423
f 313 423 431
f 302 290 419
f 302 419 423
f 290 301 422
f 290 422 419
f 301 312 430
f 301 430 422
f 312 320 442
f 312 442 430
f 320 355 476
f 320 476 442
f 355 393 512
f 355 512 476
f 393 433 540
f 393 540 512
f 433 490 589
f 433 589 540
f 490 534 639
f 490 639 589
f 534 604 726
f 534 726 639
f 604 681 807
f 604 807 726
f 681 791 935
f 681 935 807
f 791 929 1079
f 791 1079 935
f 929 1082 1193
f 929 1193 1079
f 1082 1217 1354
f 1082 1354 1193
f 1217 1390 1488
f 1217 1488 1354
f 1390 1542 1621
f 1390 1621 1488
f 1542 1672 1738
f 1542 1738 1621
f 1672 1808 1854
f 1672 1854 1738
f 1808 1924 1974
f 1808 1974 1854
f 1924 2060 2080
f 1924 2080 1974
f 2060 2182 2216
f 2060 2216 2080
f 2182 2308 2320
f 2182 2320 2216
f 2308 2434 2442
f 2308 2442 2320
f 2434 2510 2514
f 2434 2514 2442
f 2510 2656 2648
f 2510 2648 2514
f 2656 2782 2770
f 2656 2770 2648
f 2782 2912 2874
f 2782 2874 2770
f 2912 3026 3010
f 2912 3010 2874
f 3026 3166 3116
f 3026 3116 3010
f 3166 3284 3236
f 3166 3236 3116
f 3284 3416 3352
f 3284 3352 3236
f 3416 3548 3473
f 3416 3473 3352
f 3548 3698 3602
f 3548 3602 3473
f 3698 3877 3730
f 3698 3730 3602
f 3877 4012 3893
f 3877 3893 3730
f 4012 4169 4015
f 4012 4015 3893
f 4169 4313 4159
f 4169 4159 4015
f 4313 4413 4297
f 4313 4297 4159
f 4413 4488 4372
f 4413 4372 4297
f 4488 4560 4455
f 4488 4455 4372
f 4560 4602 4505
f 4560 4505 4455
f 4602 4661 4554
f 4602 4554 4505
f 4661 4701 4582
f 4661 4582 4554
f 4701 4739 4618
f 4701 4618 4582
f 4739 4774 4652
f 4739 4652 4618
f 4774 4782 4664
f 4774 4664 4652
f 4782 4793 4672
f 4782 4672 4664
f 4793 4805 4676
f 4793 4676 4672
f 4676 4673 2546
f 4673 4665 2546
f 4665 4653 2546
f 4653 4619 2546
f 4619 4583 2546
f 4583 4555 2546
f 4555 4506 2546
f 4506 4456 2546
f 4456 4375 2546
f 4375 4298 2546
f 4298 4160 2546
f 4160 4016 2546
f 4016 3898 2546
f 3898 3737 2546
f 3737 3603 2546
f 3603 3474 2546
f 3474 3353 2546
f 3353 3237 2546
f 3237 3117 2546
f 3117 3011 2546
f 3011 2875 2546
f 2875 2771 2546
f 2771 2649 2546
f 2649 2577 2546
f 2577 2443 2546
f 2443 2321 2546
f 2321 2217 2546
f 2217 2081 2546
f 2081 1975 2546
f 1975 1855 2546
f 1855 1739 2546
f 1739 1622 2546
f 1622 1489 2546
f 1489 1361 2546
f 1361 1198 2546
f 1198 1080 2546
f 1080 936 2546
f 936 808 2546
f 808 729 2546
f 729 640 2546
f 640 590 2546
f 590 541 2546
f 541 513 2546
f 513 477 2546
f 477 443 2546
f 443 431 2546
f 431 423 2546
f 423 419 2546
f 419 422 2546
f 422 430 2546
f 430 442 2546
f 442 476 2546
f 476 512 2546
f 512 540 2546
f 540 589 2546
f 589 639 2546
f 639 726 2546
f 726 807 2546
f 807 935 2546
f 935 1079 2546
f 1079 1193 2546
f 1193 1354 2546
f 1354 1488 2546
f 1488 1621 2546
f 1621 1738 2546
f 1738 1854 2546
f 1854 1974 2546
f 1974 2080 2546
f 2080 2216 2546
f 2216 2320 2546
f 2320 2442 2546
f 2442 2514 2546
f 2514 2648 2546
f 2648 2770 2546
f 2770 2874 2546
f 2874 3010 2546
f 3010 3116 2546
f 3116 3236 2546
f 3236 3352 2546
f 3352 3473 2546
f 3473 3602 2546
f 3602 3730 2546
f 3730 3893 2546
f 3893 4015 2546
f 4015 4159 2546
f 4159 4297 2546
f 4297 4372 2546
f 4372 4455 2546
f 4455 4505 2546
f 4505 4554 2546
f 4554 4582 2546
f 4582 4618 2546
f 4618 4652 2546
f 4652 4664 2546
f 4664 4672 2546
f 4672 4676 2546
f 4176 4155 4232
f 4176 4232 4251
f 4251 4232 4233
f 4251 4233 4252
f 4252 4233 4156
f 4252 4156 4177
f 4177 4156 4155
f 4177 4155 4176
f 4155 4098 4166
f 4155 4166 4232
f 4232 4166 4167
f 4232 4167 4233
f 4233 4167 4099
f 4233 4099 4156
f 4156 4099 4098
f 4156 4098 4155
f 4098 3997 4066
f 4098 4066 4166
f 4166 4066 4067
f 4166 4067 4167
f 4167 4067 3998
f 4167 3998 4099
f 4099 3998 3997
f 4099 3997 4098
f 3997 3889 3948
f 3997 3948 4066
f 4066 3948 3949
f 4066 3949 4067
f 4067 3949 3890
f 4067 3890 3998
f 3998 3890 3889
f 3998 3889 3997
f 3889 3714 3786
f 3889 3786 3948
f 3948 3786 3787
f 3948 3787 3949
f 3949 3787 3715
f 3949 3715 3890
f 3890 3715 3714
f 3890 3714 3889
f 3714 3554 3613
f 3714 3613 3786
f 3786 3613 3614
f 3786 3614 3787
f 3787 3614 3555
f 3787 3555 3715
f 3715 3555 3554
f 3715 3554 3714
f 3554 3394 3438
f 3554 3438 3613
f 3613 3438 3439
f 3613 3439 3614
f 3614 3439 3395
f 3614 3395 3555
f 3555 3395 3394
f 3555 3394 3554
f 3394 3228 3272
f 3394 3272 3438
f 3438 3272 3273
f 3438 3273 3439
f 3439 3273 3229
f 3439 3229 3395
f 3395 3229 3228
f 3395 3228 3394
f 3228 3053 3096
f 3228 3096 3272
f 3272 3096 3097
f 3272 3097 3273
f 3273 3097 3054
f 3273 3054 3229
f 3229 3054 3053
f 3229 3053 3228
f 3053 2880 2910
f 3053 2910 3096
f 3096 2910 2911
f 3096 2911 3097
f 3097 2911 2881
f 3097 2881 3054
f 3054 2881 2880
f 3054 2880 3053
f 2880 2720 2738
f 2880 2738 2910
f 2910 2738 2739
f 2910 2739 2911
f 2911 2739 2721
f 2911 2721 2881
f 2881 2721 2720
f 2881 2720 2880
f 2720 2554 2564
f 2720 2564 2738
f 2738 2564 2565
f 2738 2565 2739
f 2739 2565 2555
f 2739 2555 2721
f 2721 2555 2554
f 2721 2554 2720
f 2554 2372 2354
f 2554 2354 2564
f 2564 2354 2355
f 2564 2355 2565
f 2565 2355 2373
f 2565 2373 2555
f 2555 2373 2372
f 2555 2372 2554
f 2372 2212 2178
f 2372 2178 2354
f 2354 2178 2179
f 2354 2179 2355
f 2355 2179 2213
f 2355 2213 2373
f 2373 2213 2212
f 2373 2212 2372
f 2212 2039 1988
f 2212 1988 2178
f 2178 1988 1989
f 2178 1989 2179
f 2179 1989 2040
f 2179 2040 2213
f 2213 2040 2039
f 2213 2039 2212
f 2039 1864 1805
f 2039 1805 1988
f 1988 1805 1806
f 1988 1806 1989
f 1989 1806 1865
f 1989 1865 2040
f 2040 1865 1864
f 2040 1864 2039
f 1864 1698 1616
f 1864 1616 1805
f 1805 1616 1617
f 1805 1617 1806
f 1806 1617 1699
f 1806 1699 1865
f 1865 1699 1698
f 1865 1698 1864
f 1698 1538 1416
f 1698 1416 1616
f 1616 1416 1417
f 1616 1417 1617
f 1617 1417 1539
f 1617 1539 1699
f 1699 1539 1538
f 1699 1538 1698
f 1538 1378 1201
f 1538 1201 1416
f 1416 1201 1202
f 1416 1202 1417
f 1417 1202 1379
f 1417 1379 1539
f 1539 1379 1378
f 1539 1378 1538
f 1378 1207 1034
f 1378 1034 1201
f 1201 1034 1035
f 1201 1035 1202
f 1202 1035 1208
f 1202 1208 1379
f 1379 1208 1207
f 1379 1207 1378
f 1207 1101 868
f 1207 868 1034
f 1034 868 869
f 1034 869 1035
f 1035 869 1102
f 1035 1102 1208
f 1208 1102 1101
f 1208 1101 1207
f 1101 998 775
f 1101 775 868
f 868 775 776
f 868 776 869
f 869 776 999
f 869 999 1102
f 1102 999 998
f 1102 998 1101
f 998 941 713
f 998 713 775
f 775 713 714
f 775 714 776
f 776 714 942
f 776 942 999
f 999 942 941
f 999 941 998
f 941 920 691
f 941 691 713
f 713 691 692
f 713 692 714
f 714 692 921
f 714 921 942
f 942 921 920
f 942 920 941
f 920 937 703
f 920 703 691
f 691 703 704
f 691 704 692
f 692 704 938
f 692 938 921
f 921 938 937
f 921 937 920
f 937 994 764
f 937 764 703
f 703 764 765
f 703 765 704
f 704 765 995
f 704 995 938
f 938 995 994
f 938 994 937
f 994 1095 838
f 994 838 764
f 764 838 839
f 764 839 765
f 765 839 1096
f 765 1096 995
f 995 1096 1095
f 995 1095 994
f 1095 1203 1003
f 1095 1003 838
f 838 1003 1004
f 838 1004 839
f 839 1004 1204
f 839 1204 1096
f 1096 1204 1203
f 1096 1203 1095
f 1203 1374 1172
f 1203 1172 1003
f 1003 1172 1173
f 1003 1173 1004
f 1004 1173 1375
f 1004 1375 1204
f 1204 1375 1374
f 1204 1374 1203
f 1374 1534 1384
f 1374 1384 1172
f 1172 1384 1385
f 1172 1385 1173
f 1173 1385 1535
f 1173 1535 1375
f 1375 1535 1534
f 1375 1534 1374
f 1534 1694 1579
f 1534 1579 1384
f 1384 1579 1580
f 1384 1580 1385
f 1385 1580 1695
f 1385 1695 1535
f 1535 1695 1694
f 1535 1694 1534
f 1694 1860 1778
f 1694 1778 1579
f 1579 1778 1779
f 1579 1779 1580
f 1580 1779 1861
f 1580 1861 1695
f 1695 1861 1860
f 1695 1860 1694
f 1860 2035 1966
f 1860 1966 1778
f 1778 1966 1967
f 1778 1967 1779
f 1779 1967 2036
f 1779 2036 1861
f 1861 2036 2035
f 1861 2035 1860
f 2035 2208 2158
f 2035 2158 1966
f 1966 2158 2159
f 1966 2159 1967
f 1967 2159 2209
f 1967 2209 2036
f 2036 2209 2208
f 2036 2208 2035
f 2208 2368 2344
f 2208 2344 2158
f 2158 2344 2345
f 2158 2345 2159
f 2159 2345 2369
f 2159 2369 2209
f 2209 2369 2368
f 2209 2368 2208
f 2368 2534 2522
f 2368 2522 2344
f 2344 2522 2523
f 2344 2523 2345
f 2345 2523 2535
f 2345 2535 2369
f 2369 2535 2534
f 2369 2534 2368
f 2534 2716 2744
f 2534 2744 2522
f 2522 2744 2745
f 2522 2745 2523
f 2523 2745 2717
f 2523 2717 2535
f 2535 2717 2716
f 2535 2716 2534
f 2716 2876 2930
f 2716 2930 2744
f 2744 2930 2931
f 2744 2931 2745
f 2745 2931 2877
f 2745 2877 2717
f 2717 2877 2876
f 2717 2876 2716
f 2876 3049 3120
f 2876 3120 2930
f 2930 3120 3121
f 2930 3121 2931
f 2931 3121 3050
f 2931 3050 2877
f 2877 3050 3049
f 2877 3049 2876
f 3049 3224 3310
f 3049 3310 3120
f 3120 3310 3311
f 3120 3311 3121
f 3121 3311 3225
f 3121 3225 3050
f 3050 3225 3224
f 3050 3224 3049
f 3224 3390 3509
f 3224 3509 3310
f 3310 3509 3510
f 3310 3510 3311
f 3311 3510 3391
f 3311 3391 3225
f 3225 3391 3390
f 3225 3390 3224
f 3390 3550 3704
f 3390 3704 3509
f 3509 3704 3705
f 3509 3705 3510
f 3510 3705 3551
f 3510 3551 3391
f 3391 3551 3550
f 3391 3550 3390
f 3550 3710 3916
f 3550 3916 3704
f 3704 3916 3917
f 3704 3917 3705
f 3705 3917 3711
f 3705 3711 3551
f 3551 3711 3710
f 3551 3710 3550
f 3710 3885 4089
f 3710 4089 3916
f 3916 4089 4090
f 3916 4090 3917
f 3917 4090 3886
f 3917 3886 3711
f 3711 3886 3885
f 3711 3885 3710
f 3885 3991 4264
f 3885 4264 4089
f 4089 4264 4265
f 4089 4265 4090
f 4090 4265 3992
f 4090 3992 3886
f 3886 3992 3991
f 3886 3991 3885
f 3991 4094 4334
f 3991 4334 4264
f 4264 4334 4335
f 4264 4335 4265
f 4265 4335 4095
f 4265 4095 3992
f 3992 4095 4094
f 3992 4094 3991
f 4094 4151 4391
f 4094 4391 4334
f 4334 4391 4392
f 4334 4392 4335
f 4335 4392 4152
f 4335 4152 4095
f 4095 4152 4151
f 4095 4151 4094
f 4151 4178 4403
f 4151 4403 4391
f 4391 4403 4404
f 4391 4404 4392
f 4392 4404 4179
f 4392 4179 4152
f 4152 4179 4178
f 4152 4178 4151
f 4178 4157 4393
f 4178 4393 4403
f 4403 4393 4394
f 4403 4394 4404
f 4404 4394 4158
f 4404 4158 4179
f 4179 4158 4157
f 4179 4157 4178
f 4157 4100 4336
f 4157 4336 4393
f 4393 4336 4337
f 4393 4337 4394
f 4394 4337 4101
f 4394 4101 4158
f 4158 4101 4100
f 4158 4100 4157
f 4100 3999 4266
f 4100 4266 4336
f 4336 4266 4267
f 4336 4267 4337
f 4337 4267 4000
f 4337 4000 4101
f 4101 4000 3999
f 4101 3999 4100
f 3999 3891 4091
f 3999 4091 4266
f 4266 4091 4092
f 4266 4092 4267
f 4267 4092 3892
f 4267 3892 4000
f 4000 3892 3891
f 4000 3891 3999
f 3891 3716 3918
f 3891 3918 4091
f 4091 3918 3919
f 4091 3919 4092
f 4092 3919 3717
f 4092 3717 3892
f 3892 3717 3716
f 3892 3716 3891
f 3716 3556 3706
f 3716 3706 3918
f 3918 3706 3707
f 3918 3707 3919
f 3919 3707 3557
f 3919 3557 3717
f 3717 3557 3556
f 3717 3556 3716
f 3556 3396 3511
f 3556 3511 3706
f 3706 3511 3512
f 3706 3512 3707
f 3707 3512 3397
f 3707 3397 3557
f 3557 3397 3396
f 3557 3396 3556
f 3396 3230 3312
f 3396 3312 3511
f 3511 3312 3313
f 3511 3313 3512
f 3512 3313 3231
f 3512 3231 3397
f 3397 3231 3230
f 3397 3230 3396
f 3230 3055 3124
f 3230 3124 3312
f 3312 3124 3125
f 3312 3125 3313
f 3313 3125 3056
f 3313 3056 3231
f 3231 3056 3055
f 3231 3055 3230
f 3055 2882 2932
f 3055 2932 3124
f 3124 2932 2933
f 3124 2933 3125
f 3125 2933 2883
f 3125 2883 3056
f 3056 2883 2882
f 3056 2882 3055
f 2882 2722 2746
f 2882 2746 2932
f 2932 2746 2747
f 2932 2747 2933
f 2933 2747 2723
f 2933 2723 2883
f 2883 2723 2722
f 2883 2722 2882
f 2722 2556 2568
f 2722 2568 2746
f 2746 2568 2569
f 2746 2569 2747
f 2747 2569 2557
f 2747 2557 2723
f 2723 2557 2556
f 2723 2556 2722
f 2556 2374 2346
f 2556 2346 2568
f 2568 2346 2347
f 2568 2347 2569
f 2569 2347 2375
f 2569 2375 2557
f 2557 2375 2374
f 2557 2374 2556
f 2374 2214 2160
f 2374 2160 2346
f 2346 2160 2161
f 2346 2161 2347
f 2347 2161 2215
f 2347 2215 2375
f 2375 2215 2214
f 2375 2214 2374
f 2214 2041 1970
f 2214 1970 2160
f 2160 1970 1971
f 2160 1971 2161
f 2161 1971 2042
f 2161 2042 2215
f 2215 2042 2041
f 2215 2041 2214
f 2041 1866 1780
f 2041 1780 1970
f 1970 1780 1781
f 1970 1781 1971
f 1971 1781 1867
f 1971 1867 2042
f 2042 1867 1866
f 2042 1866 2041
f 1866 1700 1581
f 1866 1581 1780
f 1780 1581 1582
f 1780 1582 1781
f 1781 1582 1701
f 1781 1701 1867
f 1867 1701 1700
f 1867 1700 1866
f 1700 1540 1386
f 1700 1386 1581
f 1581 1386 1387
f 1581 1387 1582
f 1582 1387 1541
f 1582 1541 1701
f 1701 1541 1540
f 1701 1540 1700
f 1540 1380 1174
f 1540 1174 1386
f 1386 1174 1175
f 1386 1175 1387
f 1387 1175 1381
f 1387 1381 1541
f 1541 1381 1380
f 1541 1380 1540
f 1380 1209 1005
f 1380 1005 1174
f 1174 1005 1006
f 1174 1006 1175
f 1175 1006 1210
f 1175 1210 1381
f 1381 1210 1209
f 1381 1209 1380
f 1209 1103 840
f 1209 840 1005
f 1005 840 841
f 1005 841 1006
f 1006 841 1104
f 1006 1104 1210
f 1210 1104 1103
f 1210 1103 1209
f 1103 1000 766
f 1103 766 840
f 840 766 767
f 840 767 841
f 841 767 1001
f 841 1001 1104
f 1104 1001 1000
f 1104 1000 1103
f 1000 943 705
f 1000 705 766
f 766 705 706
f 766 706 767
f 767 706 944
f 767 944 1001
f 1001 944 943
f 1001 943 1000
f 943 922 693
f 943 693 705
f 705 693 694
f 705 694 706
f 706 694 923
f 706 923 944
f 944 923 922
f 944 922 943
f 922 939 711
f 922 711 693
f 693 711 712
f 693 712 694
f 694 712 940
f 694 940 923
f 923 940 939
f 923 939 922
f 939 996 773
f 939 773 711
f 711 773 774
f 711 774 712
f 712 774 997
f 712 997 940
f 940 997 996
f 940 996 939
f 996 1097 866
f 996 866 773
f 773 866 867
f 773 867 774
f 774 867 1098
f 774 1098 997
f 997 1098 1097
f 997 1097 996
f 1097 1205 1032
f 1097 1032 866
f 866 1032 1033
f 866 1033 867
f 867 1033 1206
f 867 1206 1098
f 1098 1206 1205
f 1098 1205 1097
f 1205 1376 1199
f 1205 1199 1032
f 1032 1199 1200
f 1032 1200 1033
f 1033 1200 1377
f 1033 1377 1206
f 1206 1377 1376
f 1206 1376 1205
f 1376 1536 1414
f 1376 1414 1199
f 1199 1414 1415
f 1199 1415 1200
f 1200 1415 1537
f 1200 1537 1377
f 1377 1537 1536
f 1377 1536 1376
f 1536 1696 1614
f 1536 1614 1414
f 1414 1614 1615
f 1414 1615 1415
f 1415 1615 1697
f 1415 1697 1537
f 1537 1697 1696
f 1537 1696 1536
f 1696 1862 1803
f 1696 1803 1614
f 1614 1803 1804
f 1614 1804 1615
f 1615 1804 1863
f 1615 1863 1697
f 1697 1863 1862
f 1697 1862 1696
f 1862 2037 1986
f 1862 1986 1803
f 1803 1986 1987
f 1803 1987 1804
f 1804 1987 2038
f 1804 2038 1863
f 1863 2038 2037
f 1863 2037 1862
f 2037 2210 2176
f 2037 2176 1986
f 1986 2176 2177
f 1986 2177 1987
f 1987 2177 2211
f 1987 2211 2038
f 2038 2211 2210
f 2038 2210 2037
f 2210 2370 2350
f 2210 2350 2176
f 2176 2350 2351
f 2176 2351 2177
f 2177 2351 2371
f 2177 2371 2211
f 2211 2371 2370
f 2211 2370 2210
f 2370 2536 2526
f 2370 2526 2350
f 2350 2526 2527
f 2350 2527 2351
f 2351 2527 2537
f 2351 2537 2371
f 2371 2537 2536
f 2371 2536 2370
f 2536 2718 2736
f 2536 2736 2526
f 2526 2736 2737
f 2526 2737 2527
f 2527 2737 2719
f 2527 2719 2537
f 2537 2719 2718
f 2537 2718 2536
f 2718 2878 2908
f 2718 2908 2736
f 2736 2908 2909
f 2736 2909 2737
f 2737 2909 2879
f 2737 2879 2719
f 2719 2879 2878
f 2719 2878 2718
f 2878 3051 3094
f 2878 3094 2908
f 2908 3094 3095
f 2908 3095 2909
f 2909 3095 3052
f 2909 3052 2879
f 2879 3052 3051
f 2879 3051 2878
f 3051 3226 3270
f 3051 3270 3094
f 3094 3270 3271
f 3094 3271 3095
f 3095 3271 3227
f 3095 3227 3052
f 3052 3227 3226
f 3052 3226 3051
f 3226 3392 3436
f 3226 3436 3270
f 3270 3436 3437
f 3270 3437 3271
f 3271 3437 3393
f 3271 3393 3227
f 3227 3393 3392
f 3227 3392 3226
f 3392 3552 3611
f 3392 3611 3436
f 3436 3611 3612
f 3436 3612 3437
f 3437 3612 3553
f 3437 3553 3393
f 3393 3553 3552
f 3393 3552 3392
f 3552 3712 3784
f 3552 3784 3611
f 3611 3784 3785
f 3611 3785 3612
f 3612 3785 3713
f 3612 3713 3553
f 3553 3713 3712
f 3553 3712 3552
f 3712 3887 3946
f 3712 3946 3784
f 3784 3946 3947
f 3784 3947 3785
f 3785 3947 3888
f 3785 3888 3713
f 3713 3888 3887
f 3713 3887 3712
f 3887 3993 4064
f 3887 4064 3946
f 3946 4064 4065
f 3946 4065 3947
f 3947 4065 3994
f 3947 3994 3888
f 3888 3994 3993
f 3888 3993 3887
f 3993 4096 4162
f 3993 4162 4064
f 4064 4162 4163
f 4064 4163 4065
f 4065 4163 4097
f 4065 4097 3994
f 3994 4097 4096
f 3994 4096 3993
f 4096 4153 4230
f 4096 4230 4162
f 4162 4230 4231
f 4162 4231 4163
f 4163 4231 4154
f 4163 4154 4097
f 4097 4154 4153
f 4097 4153 4096
f 4153 4180 4253
f 4153 4253 4230
f 4230 4253 4254
f 4230 4254 4231
f 4231 4254 4181
f 4231 4181 4154
f 4154 4181 4180
f 4154 4180 4153
f 4177 4176 4251
f 4177 4251 4252
f 4180 4181 4254
f 4180 4254 4253
