v -0.014400 0.000000 0.073000
v -0.014400 0.000000 0.076570
v -0.014386 -0.000628 0.073000
v -0.014386 -0.000628 0.076570
v -0.014386 0.000628 0.073000
v -0.014386 0.000628 0.076570
v -0.014345 -0.001255 0.073000
v -0.014345 -0.001255 0.076570
v -0.014345 0.001255 0.073000
v -0.014345 0.001255 0.076570
v -0.014277 -0.001880 0.073000
v -0.014277 -0.001880 0.076570
v -0.014277 0.001880 0.073000
v -0.014277 0.001880 0.076570
v -0.014181 -0.002501 0.073000
v -0.014181 -0.002501 0.076570
v -0.014181 0.002501 0.073000
v -0.014181 0.002501 0.076570
v -0.014059 -0.003117 0.073000
v -0.014059 -0.003117 0.076570
v -0.014059 0.003117 0.073000
v -0.014059 0.003117 0.076570
v -0.014000 0.000000 0.077720
v -0.014000 0.000000 0.088850
v -0.013987 -0.000611 0.077720
v -0.013987 -0.000611 0.088850
v -0.013909 -0.003727 0.073000
v -0.013909 -0.003727 0.076570
v -0.013909 0.003727 0.073000
v -0.013909 0.003727 0.076570
v -0.013900 0.000000 0.072500
v -0.013887 -0.000606 0.072500
v -0.013887 0.000606 0.072500
v -0.013880 0.001827 0.077720
v -0.013880 0.001827 0.088850
v -0.013847 -0.001211 0.072500
v -0.013847 0.001211 0.072500
v -0.013787 -0.002431 0.077720
v -0.013787 -0.002431 0.088850
v -0.013787 0.002431 0.077720
v -0.013787 0.002431 0.088850
v -0.013781 -0.001814 0.072500
v -0.013781 0.001814 0.072500
v -0.013734 -0.004330 0.073000
v -0.013734 -0.004330 0.076570
v -0.013734 0.004330 0.073000
v -0.013734 0.004330 0.076570
v -0.013689 -0.002414 0.072500
v -0.013689 0.002414 0.072500
v -0.013668 -0.003030 0.077720
v -0.013668 -0.003030 0.088850
v -0.013571 -0.003009 0.072500
v -0.013571 0.003009 0.072500
v -0.013532 -0.004925 0.073000
v -0.013532 -0.004925 0.076570
v -0.013532 0.004925 0.073000
v -0.013532 0.004925 0.076570
v -0.013500 0.000000 0.077370
v -0.013500 0.000000 0.089200
v -0.013500 0.000000 0.090200
v -0.013487 -0.000589 0.077370
v -0.013487 -0.000589 0.089200
v -0.013487 -0.000589 0.090200
v -0.013487 0.000589 0.077370
v -0.013487 0.000589 0.077720
v -0.013487 0.000589 0.088850
v -0.013487 0.000589 0.089200
v -0.013487 0.000589 0.090200
v -0.013449 -0.001177 0.077370
v -0.013449 -0.001177 0.077720
v -0.013449 -0.001177 0.088850
v -0.013449 -0.001177 0.089200
v -0.013449 -0.001177 0.090200
v -0.013449 0.001177 0.077370
v -0.013449 0.001177 0.077720
v -0.013449 0.001177 0.088850
v -0.013449 0.001177 0.089200
v -0.013449 0.001177 0.090200
v -0.013426 -0.003598 0.072500
v -0.013426 0.003598 0.072500
v -0.013385 -0.001762 0.077370
v -0.013385 -0.001762 0.077720
v -0.013385 -0.001762 0.088850
v -0.013385 -0.001762 0.089200
v -0.013385 -0.001762 0.090200
v -0.013385 0.001762 0.077370
v -0.013385 0.001762 0.089200
v -0.013385 0.001762 0.090200
v -0.013352 0.004210 0.077720
v -0.013352 0.004210 0.088850
v -0.013304 -0.005511 0.073000
v -0.013304 -0.005511 0.076570
v -0.013304 0.005511 0.073000
v -0.013304 0.005511 0.076570
v -0.013295 -0.002344 0.077370
v -0.013295 -0.002344 0.089200
v -0.013295 -0.002344 0.090200
v -0.013295 0.002344 0.077370
v -0.013295 0.002344 0.089200
v -0.013295 0.002344 0.090200
v -0.013257 -0.004180 0.072500
v -0.013257 0.004180 0.072500
v -0.013180 -0.002922 0.077370
v -0.013180 -0.002922 0.089200
v -0.013180 -0.002922 0.090200
v -0.013180 0.002922 0.077370
v -0.013180 0.002922 0.077720
v -0.013180 0.002922 0.088850
v -0.013180 0.002922 0.089200
v -0.013180 0.002922 0.090200
v -0.013156 -0.004788 0.077720
v -0.013156 -0.004788 0.088850
v -0.013156 0.004788 0.077720
v -0.013156 0.004788 0.088850
v -0.013062 -0.004754 0.072500
v -0.013062 0.004754 0.072500
v -0.013051 -0.006086 0.073000
v -0.013051 -0.006086 0.076570
v -0.013051 0.006086 0.073000
v -0.013051 0.006086 0.076570
v -0.013040 -0.003494 0.077370
v -0.013040 -0.003494 0.077720
v -0.013040 -0.003494 0.088850
v -0.013040 -0.003494 0.089200
v -0.013040 -0.003494 0.090200
v -0.013040 0.003494 0.077370
v -0.013040 0.003494 0.077720
v -0.013040 0.003494 0.088850
v -0.013040 0.003494 0.089200
v -0.013040 0.003494 0.090200
v -0.012934 -0.005358 0.077720
v -0.012934 -0.005358 0.088850
v -0.012900 0.000000 0.076570
v -0.012900 0.000000 0.077370
v -0.012888 -0.000563 0.076570
v -0.012888 -0.000563 0.077370
v -0.012888 0.000563 0.076570
v -0.012888 0.000563 0.077370
v -0.012875 -0.004060 0.077370
v -0.012875 -0.004060 0.077720
v -0.012875 -0.004060 0.088850
v -0.012875 -0.004060 0.089200
v -0.012875 -0.004060 0.090200
v -0.012875 0.004060 0.077370
v -0.012875 0.004060 0.089200
v -0.012875 0.004060 0.090200
v -0.012851 -0.001124 0.076570
v -0.012851 -0.001124 0.077370
v -0.012851 0.001124 0.076570
v -0.012851 0.001124 0.077370
v -0.012842 -0.005319 0.072500
v -0.012842 0.005319 0.072500
v -0.012790 -0.001684 0.076570
v -0.012790 -0.001684 0.077370
v -0.012790 0.001684 0.076570
v -0.012790 0.001684 0.077370
v -0.012773 -0.006649 0.073000
v -0.012773 -0.006649 0.076570
v -0.012773 0.006649 0.073000
v -0.012773 0.006649 0.076570
v -0.012704 -0.002240 0.076570
v -0.012704 -0.002240 0.077370
v -0.012700 0.000000 0.091000
v -0.012704 0.002240 0.076570
v -0.012704 0.002240 0.077370
v -0.012686 -0.004617 0.077370
v -0.012686 -0.004617 0.089200
v -0.012686 -0.004617 0.090200
v -0.012688 -0.000554 0.091000
v -0.012688 0.000554 0.091000
v -0.012686 0.004617 0.077370
v -0.012686 0.004617 0.089200
v -0.012686 0.004617 0.090200
v -0.012652 -0.001107 0.091000
v -0.012652 0.001107 0.091000
v -0.012598 -0.005874 0.072500
v -0.012598 0.005874 0.072500
v -0.012594 -0.002792 0.076570
v -0.012594 -0.002792 0.077370
v -0.012591 -0.001658 0.091000
v -0.012591 0.001658 0.091000
v -0.012594 0.002792 0.076570
v -0.012594 0.002792 0.077370
v -0.012550 0.000000 0.072500
v -0.012550 0.000000 0.089400
v -0.012538 -0.000547 0.072500
v -0.012538 -0.000547 0.089400
v -0.012538 0.000547 0.072500
v -0.012538 0.000547 0.089400
v -0.012507 -0.002205 0.091000
v -0.012507 0.002205 0.091000
v -0.012502 -0.001094 0.072500
v -0.012502 -0.001094 0.089400
v -0.012502 0.001094 0.072500
v -0.012502 0.001094 0.089400
v -0.012471 -0.007200 0.073000
v -0.012471 -0.007200 0.076570
v -0.012472 -0.005166 0.077370
v -0.012472 -0.005166 0.089200
v -0.012472 -0.005166 0.090200
v -0.012472 0.005166 0.077370
v -0.012472 0.005166 0.077720
v -0.012472 0.005166 0.088850
v -0.012472 0.005166 0.089200
v -0.012472 0.005166 0.090200
v -0.012471 0.007200 0.073000
v -0.012471 0.007200 0.076570
v -0.012460 -0.003339 0.076570
v -0.012460 -0.003339 0.077370
v -0.012460 0.003339 0.076570
v -0.012460 0.003339 0.077370
v -0.012443 -0.001638 0.072500
v -0.012443 -0.001638 0.089400
v -0.012443 0.001638 0.072500
v -0.012443 0.001638 0.089400
v -0.012418 0.006464 0.077720
v -0.012418 0.006464 0.088850
v -0.012399 -0.002749 0.091000
v -0.012399 0.002749 0.091000
v -0.012359 -0.002179 0.072500
v -0.012359 -0.002179 0.089400
v -0.012359 0.002179 0.072500
v -0.012359 0.002179 0.089400
v -0.012329 -0.006418 0.072500
v -0.012329 0.006418 0.072500
v -0.012303 -0.003879 0.076570
v -0.012303 -0.003879 0.077370
v -0.012303 0.003879 0.076570
v -0.012303 0.003879 0.077370
v -0.012267 -0.003287 0.091000
v -0.012267 0.003287 0.091000
v -0.012253 -0.002716 0.072500
v -0.012253 -0.002716 0.089400
v -0.012253 0.002716 0.072500
v -0.012253 0.002716 0.089400
v -0.012235 -0.005705 0.077370
v -0.012235 -0.005705 0.077720
v -0.012235 -0.005705 0.088850
v -0.012235 -0.005705 0.089200
v -0.012235 -0.005705 0.090200
v -0.012235 0.005705 0.077370
v -0.012235 0.005705 0.077720
v -0.012235 0.005705 0.088850
v -0.012235 0.005705 0.089200
v -0.012235 0.005705 0.090200
v -0.012145 -0.007737 0.073000
v -0.012145 -0.007737 0.076570
v -0.012145 0.007737 0.073000
v -0.012145 0.007737 0.076570
v -0.012124 -0.007000 0.077720
v -0.012124 -0.007000 0.088850
v -0.012122 -0.004412 0.076570
v -0.012122 -0.004412 0.077370
v -0.012122 -0.003248 0.072500
v -0.012122 -0.003248 0.089400
v -0.012122 0.003248 0.072500
v -0.012122 0.003248 0.089400
v -0.012122 0.004412 0.076570
v -0.012122 0.004412 0.077370
v -0.012124 0.007000 0.077720
v -0.012124 0.007000 0.088850
v -0.012112 -0.003819 0.091000
v -0.012112 0.003819 0.091000
v -0.012038 -0.006950 0.072500
v -0.012038 0.006950 0.072500
v -0.011975 -0.006234 0.077370
v -0.011975 -0.006234 0.077720
v -0.011975 -0.006234 0.088850
v -0.011975 -0.006234 0.089200
v -0.011975 -0.006234 0.090200
v -0.011969 -0.003774 0.072500
v -0.011969 -0.003774 0.089400
v -0.011969 0.003774 0.072500
v -0.011969 0.003774 0.089400
v -0.011975 0.006234 0.077370
v -0.011975 0.006234 0.089200
v -0.011975 0.006234 0.090200
v -0.011934 -0.004344 0.091000
v -0.011934 0.004344 0.091000
v -0.011918 -0.004937 0.076570
v -0.011918 -0.004937 0.077370
v -0.011918 0.004937 0.076570
v -0.011918 0.004937 0.077370
v -0.011807 -0.007522 0.077720
v -0.011807 -0.007522 0.088850
v -0.011796 -0.008260 0.073000
v -0.011796 -0.008260 0.076570
v -0.011796 0.008260 0.073000
v -0.011796 0.008260 0.076570
v -0.011793 -0.004292 0.072500
v -0.011793 -0.004292 0.089400
v -0.011793 0.004292 0.072500
v -0.011793 0.004292 0.089400
v -0.011733 -0.004860 0.091000
v -0.011733 0.004860 0.091000
v -0.011723 -0.007468 0.072500
v -0.011723 0.007468 0.072500
v -0.011691 -0.006750 0.077370
v -0.011691 -0.006750 0.089200
v -0.011691 -0.006750 0.090200
v -0.011691 -0.005452 0.076570
v -0.011691 -0.005452 0.077370
v -0.011691 0.005452 0.076570
v -0.011691 0.005452 0.077370
v -0.011691 0.006750 0.077370
v -0.011691 0.006750 0.089200
v -0.011691 0.006750 0.090200
v -0.011595 -0.004803 0.072500
v -0.011595 -0.004803 0.089400
v -0.011595 0.004803 0.072500
v -0.011595 0.004803 0.089400
v -0.011510 -0.005367 0.091000
v -0.011510 0.005367 0.091000
v -0.011442 -0.005957 0.076570
v -0.011442 -0.005957 0.077370
v -0.011442 0.005957 0.076570
v -0.011442 0.005957 0.077370
v -0.011424 -0.008766 0.073000
v -0.011424 -0.008766 0.076570
v -0.011424 0.008766 0.073000
v -0.011424 0.008766 0.076570
v -0.011386 -0.007973 0.072500
v -0.011386 -0.007254 0.077370
v -0.011386 -0.007254 0.089200
v -0.011386 -0.007254 0.090200
v -0.011386 0.007254 0.077370
v -0.011386 0.007254 0.077720
v -0.011386 0.007254 0.088850
v -0.011386 0.007254 0.089200
v -0.011386 0.007254 0.090200
v -0.011386 0.007973 0.072500
v -0.011374 -0.005304 0.072500
v -0.011374 -0.005304 0.089400
v -0.011374 0.005304 0.072500
v -0.011374 0.005304 0.089400
v -0.011265 -0.005864 0.091000
v -0.011265 0.005864 0.091000
v -0.011172 -0.006450 0.076570
v -0.011172 -0.006450 0.077370
v -0.011172 0.006450 0.076570
v -0.011172 0.006450 0.077370
v -0.011132 -0.005795 0.072500
v -0.011132 -0.005795 0.089400
v -0.011132 0.005795 0.072500
v -0.011132 0.005795 0.089400
v -0.011107 0.008523 0.077720
v -0.011107 0.008523 0.088850
v -0.011059 -0.007743 0.077370
v -0.011059 -0.007743 0.077720
v -0.011059 -0.007743 0.088850
v -0.011059 -0.007743 0.089200
v -0.011059 -0.007743 0.090200
v -0.011059 0.007743 0.077370
v -0.011059 0.007743 0.077720
v -0.011059 0.007743 0.088850
v -0.011059 0.007743 0.089200
v -0.011059 0.007743 0.090200
v -0.011031 -0.009256 0.073000
v -0.011031 -0.009256 0.076570
v -0.011028 -0.008462 0.072500
v -0.011028 0.008462 0.072500
v -0.011031 0.009256 0.073000
v -0.011031 0.009256 0.076570
v -0.010999 -0.006350 0.091000
v -0.010999 0.006350 0.091000
v -0.010880 -0.006931 0.076570
v -0.010880 -0.006931 0.077370
v -0.010880 0.006931 0.076570
v -0.010880 0.006931 0.077370
v -0.010869 -0.006275 0.072500
v -0.010869 -0.006275 0.089400
v -0.010869 0.006275 0.072500
v -0.010869 0.006275 0.089400
v -0.010725 -0.008999 0.077720
v -0.010725 -0.008999 0.088850
v -0.010725 0.008999 0.077720
v -0.010725 0.008999 0.088850
v -0.010710 -0.008218 0.077370
v -0.010710 -0.008218 0.077720
v -0.010710 -0.008218 0.088850
v -0.010710 -0.008218 0.089200
v -0.010710 -0.008218 0.090200
v -0.010711 -0.006824 0.091000
v -0.010711 0.006824 0.091000
v -0.010710 0.008218 0.077370
v -0.010710 0.008218 0.089200
v -0.010710 0.008218 0.090200
v -0.010648 -0.008935 0.072500
v -0.010648 0.008935 0.072500
v -0.010617 -0.009728 0.073000
v -0.010617 -0.009728 0.076570
v -0.010617 0.009728 0.073000
v -0.010617 0.009728 0.076570
v -0.010585 -0.006743 0.072500
v -0.010585 -0.006743 0.089400
v -0.010585 0.006743 0.072500
v -0.010585 0.006743 0.089400
v -0.010567 -0.007399 0.076570
v -0.010567 -0.007399 0.077370
v -0.010567 0.007399 0.076570
v -0.010567 0.007399 0.077370
v -0.010403 -0.007284 0.091000
v -0.010403 0.007284 0.091000
v -0.010342 -0.008678 0.077370
v -0.010342 -0.008678 0.089200
v -0.010342 -0.008678 0.090200
v -0.010342 0.008678 0.077370
v -0.010342 0.008678 0.089200
v -0.010342 0.008678 0.090200
v -0.010322 -0.009458 0.077720
v -0.010322 -0.009458 0.088850
v -0.010280 -0.007198 0.072500
v -0.010280 -0.007198 0.089400
v -0.010280 0.007198 0.072500
v -0.010280 0.007198 0.089400
v -0.010248 -0.009391 0.072500
v -0.010248 0.009391 0.072500
v -0.010234 -0.007853 0.076570
v -0.010234 -0.007853 0.077370
v -0.010234 0.007853 0.076570
v -0.010234 0.007853 0.077370
v -0.010182 -0.010182 0.073000
v -0.010182 -0.010182 0.076570
v -0.010182 0.010182 0.073000
v -0.010182 0.010182 0.076570
v -0.010076 -0.007731 0.091000
v -0.010076 0.007731 0.091000
v -0.009957 -0.007640 0.072500
v -0.009957 -0.007640 0.089400
v -0.009957 0.007640 0.072500
v -0.009957 0.007640 0.089400
v -0.009953 -0.009120 0.077370
v -0.009953 -0.009120 0.089200
v -0.009953 -0.009120 0.090200
v -0.009953 0.009120 0.077370
v -0.009953 0.009120 0.077720
v -0.009953 0.009120 0.088850
v -0.009953 0.009120 0.089200
v -0.009953 0.009120 0.090200
v -0.009882 -0.008292 0.076570
v -0.009882 -0.008292 0.077370
v -0.009882 0.008292 0.076570
v -0.009882 0.008292 0.077370
v -0.009829 -0.009829 0.072500
v -0.009829 0.009829 0.072500
v -0.009728 -0.010617 0.073000
v -0.009728 -0.010617 0.076570
v -0.009729 -0.008163 0.091000
v -0.009729 0.008163 0.091000
v -0.009728 0.010617 0.073000
v -0.009728 0.010617 0.076570
v -0.009614 -0.008067 0.072500
v -0.009614 -0.008067 0.089400
v -0.009614 0.008067 0.072500
v -0.009614 0.008067 0.089400
v -0.009546 -0.009546 0.077370
v -0.009546 -0.009546 0.077720
v -0.009546 -0.009546 0.088850
v -0.009546 -0.009546 0.089200
v -0.009546 -0.009546 0.090200
v -0.009546 0.009546 0.077370
v -0.009546 0.009546 0.077720
v -0.009546 0.009546 0.088850
v -0.009546 0.009546 0.089200
v -0.009546 0.009546 0.090200
v -0.009511 -0.008715 0.076570
v -0.009511 -0.008715 0.077370
v -0.009511 0.008715 0.076570
v -0.009511 0.008715 0.077370
v -0.009458 0.010322 0.077720
v -0.009458 0.010322 0.088850
v -0.009391 -0.010248 0.072500
v -0.009391 0.010248 0.072500
v -0.009363 -0.008580 0.091000
v -0.009363 0.008580 0.091000
v -0.009256 -0.011031 0.073000
v -0.009256 -0.011031 0.076570
v -0.009256 0.011031 0.073000
v -0.009256 0.011031 0.076570
v -0.009253 -0.008479 0.072500
v -0.009253 -0.008479 0.089400
v -0.009253 0.008479 0.072500
v -0.009253 0.008479 0.089400
v -0.009120 -0.009953 0.077370
v -0.009120 -0.009953 0.077720
v -0.009120 -0.009953 0.088850
v -0.009120 -0.009953 0.089200
v -0.009120 -0.009953 0.090200
v -0.009122 -0.009122 0.076570
v -0.009122 -0.009122 0.077370
v -0.009122 0.009122 0.076570
v -0.009122 0.009122 0.077370
v -0.009120 0.009953 0.077370
v -0.009120 0.009953 0.089200
v -0.009120 0.009953 0.090200
v -0.008999 -0.010725 0.077720
v -0.008999 -0.010725 0.088850
v -0.008999 0.010725 0.077720
v -0.008999 0.010725 0.088850
v -0.008980 -0.008980 0.091000
v -0.008980 0.008980 0.091000
v -0.008935 -0.010648 0.072500
v -0.008935 0.010648 0.072500
v -0.008874 -0.008874 0.072500
v -0.008874 -0.008874 0.089400
v -0.008874 0.008874 0.072500
v -0.008874 0.008874 0.089400
v -0.008766 -0.011424 0.073000
v -0.008766 -0.011424 0.076570
v -0.008766 0.011424 0.073000
v -0.008766 0.011424 0.076570
v -0.008715 -0.009511 0.076570
v -0.008715 -0.009511 0.077370
v -0.008715 0.009511 0.076570
v -0.008715 0.009511 0.077370
v -0.008678 -0.010342 0.077370
v -0.008678 -0.010342 0.089200
v -0.008678 -0.010342 0.090200
v -0.008678 0.010342 0.077370
v -0.008678 0.010342 0.089200
v -0.008678 0.010342 0.090200
v -0.008580 -0.009363 0.091000
v -0.008580 0.009363 0.091000
v -0.008523 -0.011107 0.077720
v -0.008523 -0.011107 0.088850
v -0.008479 -0.009253 0.072500
v -0.008479 -0.009253 0.089400
v -0.008479 0.009253 0.072500
v -0.008479 0.009253 0.089400
v -0.008462 -0.011028 0.072500
v -0.008462 0.011028 0.072500
v -0.008292 -0.009882 0.076570
v -0.008292 -0.009882 0.077370
v -0.008292 0.009882 0.076570
v -0.008292 0.009882 0.077370
v -0.008260 -0.011796 0.073000
v -0.008260 -0.011796 0.076570
v -0.008260 0.011796 0.073000
v -0.008260 0.011796 0.076570
v -0.008218 -0.010710 0.077370
v -0.008218 -0.010710 0.089200
v -0.008218 -0.010710 0.090200
v -0.008218 0.010710 0.077370
v -0.008218 0.010710 0.077720
v -0.008218 0.010710 0.088850
v -0.008218 0.010710 0.089200
v -0.008218 0.010710 0.090200
v -0.008163 -0.009729 0.091000
v -0.008163 0.009729 0.091000
v -0.008067 -0.009614 0.072500
v -0.008067 -0.009614 0.089400
v -0.008067 0.009614 0.072500
v -0.008067 0.009614 0.089400
v -0.007973 -0.011386 0.072500
v -0.007973 0.011386 0.072500
v -0.007853 -0.010234 0.076570
v -0.007853 -0.010234 0.077370
v -0.007853 0.010234 0.076570
v -0.007853 0.010234 0.077370
v -0.007737 -0.012145 0.073000
v -0.007737 -0.012145 0.076570
v -0.007743 -0.011059 0.077370
v -0.007743 -0.011059 0.077720
v -0.007743 -0.011059 0.088850
v -0.007743 -0.011059 0.089200
v -0.007743 -0.011059 0.090200
v -0.007743 0.011059 0.077370
v -0.007743 0.011059 0.077720
v -0.007743 0.011059 0.088850
v -0.007743 0.011059 0.089200
v -0.007743 0.011059 0.090200
v -0.007737 0.012145 0.073000
v -0.007737 0.012145 0.076570
v -0.007731 -0.010076 0.091000
v -0.007731 0.010076 0.091000
v -0.007640 -0.009957 0.072500
v -0.007640 -0.009957 0.089400
v -0.007640 0.009957 0.072500
v -0.007640 0.009957 0.089400
v -0.007522 0.011807 0.077720
v -0.007522 0.011807 0.088850
v -0.007468 -0.011723 0.072500
v -0.007468 0.011723 0.072500
v -0.007399 -0.010567 0.076570
v -0.007399 -0.010567 0.077370
v -0.007399 0.010567 0.076570
v -0.007399 0.010567 0.077370
v -0.007284 -0.010403 0.091000
v -0.007284 0.010403 0.091000
v -0.007254 -0.011386 0.077370
v -0.007254 -0.011386 0.077720
v -0.007254 -0.011386 0.088850
v -0.007254 -0.011386 0.089200
v -0.007254 -0.011386 0.090200
v -0.007254 0.011386 0.077370
v -0.007254 0.011386 0.089200
v -0.007254 0.011386 0.090200
v -0.007200 -0.012471 0.073000
v -0.007200 -0.012471 0.076570
v -0.007198 -0.010280 0.072500
v -0.007198 -0.010280 0.089400
v -0.007198 0.010280 0.072500
v -0.007198 0.010280 0.089400
v -0.007200 0.012471 0.073000
v -0.007200 0.012471 0.076570
v -0.007000 -0.012124 0.077720
v -0.007000 -0.012124 0.088850
v -0.007000 0.012124 0.077720
v -0.007000 0.012124 0.088850
v -0.006950 -0.012038 0.072500
v -0.006950 0.012038 0.072500
v -0.006931 -0.010880 0.076570
v -0.006931 -0.010880 0.077370
v -0.006931 0.010880 0.076570
v -0.006931 0.010880 0.077370
v -0.006824 -0.010711 0.091000
v -0.006824 0.010711 0.091000
v -0.006750 -0.011691 0.077370
v -0.006750 -0.011691 0.089200
v -0.006750 -0.011691 0.090200
v -0.006750 0.011691 0.077370
v -0.006750 0.011691 0.089200
v -0.006750 0.011691 0.090200
v -0.006743 -0.010585 0.072500
v -0.006743 -0.010585 0.089400
v -0.006743 0.010585 0.072500
v -0.006743 0.010585 0.089400
v -0.006649 -0.012773 0.073000
v -0.006649 -0.012773 0.076570
v -0.006649 0.012773 0.073000
v -0.006649 0.012773 0.076570
v -0.006464 -0.012418 0.077720
v -0.006464 -0.012418 0.088850
v -0.006450 -0.011172 0.076570
v -0.006450 -0.011172 0.077370
v -0.006450 0.011172 0.076570
v -0.006450 0.011172 0.077370
v -0.006418 -0.012329 0.072500
v -0.006418 0.012329 0.072500
v -0.006350 -0.010999 0.091000
v -0.006350 0.010999 0.091000
v -0.006275 -0.010869 0.072500
v -0.006275 -0.010869 0.089400
v -0.006275 0.010869 0.072500
v -0.006275 0.010869 0.089400
v -0.006234 -0.011975 0.077370
v -0.006234 -0.011975 0.089200
v -0.006234 -0.011975 0.090200
v -0.006234 0.011975 0.077370
v -0.006234 0.011975 0.077720
v -0.006234 0.011975 0.088850
v -0.006234 0.011975 0.089200
v -0.006234 0.011975 0.090200
v -0.006086 -0.013051 0.073000
v -0.006086 -0.013051 0.076570
v -0.006086 0.013051 0.073000
v -0.006086 0.013051 0.076570
v -0.005957 -0.011442 0.076570
v -0.005957 -0.011442 0.077370
v -0.005957 0.011442 0.076570
v -0.005957 0.011442 0.077370
v -0.005874 -0.012598 0.072500
v -0.005874 0.012598 0.072500
v -0.005864 -0.011265 0.091000
v -0.005864 0.011265 0.091000
v -0.005795 -0.011132 0.072500
v -0.005795 -0.011132 0.089400
v -0.005795 0.011132 0.072500
v -0.005795 0.011132 0.089400
v -0.005705 -0.012235 0.077370
v -0.005705 -0.012235 0.077720
v -0.005705 -0.012235 0.088850
v -0.005705 -0.012235 0.089200
v -0.005705 -0.012235 0.090200
v -0.005705 0.012235 0.077370
v -0.005705 0.012235 0.077720
v -0.005705 0.012235 0.088850
v -0.005705 0.012235 0.089200
v -0.005705 0.012235 0.090200
v -0.005511 -0.013304 0.073000
v -0.005511 -0.013304 0.076570
v -0.005511 0.013304 0.073000
v -0.005511 0.013304 0.076570
v -0.005452 -0.011691 0.076570
v -0.005452 -0.011691 0.077370
v -0.005452 0.011691 0.076570
v -0.005452 0.011691 0.077370
v -0.005367 -0.011510 0.091000
v -0.005367 0.011510 0.091000
v -0.005358 0.012934 0.077720
v -0.005358 0.012934 0.088850
v -0.005319 -0.012842 0.072500
v -0.005319 0.012842 0.072500
v -0.005304 -0.011374 0.072500
v -0.005304 -0.011374 0.089400
v -0.005304 0.011374 0.072500
v -0.005304 0.011374 0.089400
v -0.005166 -0.012472 0.077370
v -0.005166 -0.012472 0.077720
v -0.005166 -0.012472 0.088850
v -0.005166 -0.012472 0.089200
v -0.005166 -0.012472 0.090200
v -0.005166 0.012472 0.077370
v -0.005166 0.012472 0.089200
v -0.005166 0.012472 0.090200
v -0.004937 -0.011918 0.076570
v -0.004937 -0.011918 0.077370
v -0.004937 0.011918 0.076570
v -0.004937 0.011918 0.077370
v -0.004925 -0.013532 0.073000
v -0.004925 -0.013532 0.076570
v -0.004925 0.013532 0.073000
v -0.004925 0.013532 0.076570
v -0.004860 -0.011733 0.091000
v -0.004860 0.011733 0.091000
v -0.004803 -0.011595 0.072500
v -0.004803 -0.011595 0.089400
v -0.004803 0.011595 0.072500
v -0.004803 0.011595 0.089400
v -0.004788 -0.013156 0.077720
v -0.004788 -0.013156 0.088850
v -0.004788 0.013156 0.077720
v -0.004788 0.013156 0.088850
v -0.004754 -0.013062 0.072500
v -0.004754 0.013062 0.072500
v -0.004617 -0.012686 0.077370
v -0.004617 -0.012686 0.089200
v -0.004617 -0.012686 0.090200
v -0.004617 0.012686 0.077370
v -0.004617 0.012686 0.089200
v -0.004617 0.012686 0.090200
v -0.004412 -0.012122 0.076570
v -0.004412 -0.012122 0.077370
v -0.004412 0.012122 0.076570
v -0.004412 0.012122 0.077370
v -0.004344 -0.011934 0.091000
v -0.004344 0.011934 0.091000
v -0.004330 -0.013734 0.073000
v -0.004330 -0.013734 0.076570
v -0.004330 0.013734 0.073000
v -0.004330 0.013734 0.076570
v -0.004292 -0.011793 0.072500
v -0.004292 -0.011793 0.089400
v -0.004292 0.011793 0.072500
v -0.004292 0.011793 0.089400
v -0.004210 -0.013352 0.077720
v -0.004210 -0.013352 0.088850
v -0.004180 -0.013257 0.072500
v -0.004180 0.013257 0.072500
v -0.004060 -0.012875 0.077370
v -0.004060 -0.012875 0.089200
v -0.004060 -0.012875 0.090200
v -0.004060 0.012875 0.077370
v -0.004060 0.012875 0.077720
v -0.004060 0.012875 0.088850
v -0.004060 0.012875 0.089200
v -0.004060 0.012875 0.090200
v -0.003879 -0.012303 0.076570
v -0.003879 -0.012303 0.077370
v -0.003879 0.012303 0.076570
v -0.003879 0.012303 0.077370
v -0.003819 -0.012112 0.091000
v -0.003819 0.012112 0.091000
v -0.003774 -0.011969 0.072500
v -0.003774 -0.011969 0.089400
v -0.003774 0.011969 0.072500
v -0.003774 0.011969 0.089400
v -0.003727 -0.013909 0.073000
v -0.003727 -0.013909 0.076570
v -0.003727 0.013909 0.073000
v -0.003727 0.013909 0.076570
v -0.003598 -0.013426 0.072500
v -0.003598 0.013426 0.072500
v -0.003494 -0.013040 0.077370
v -0.003494 -0.013040 0.077720
v -0.003494 -0.013040 0.088850
v -0.003494 -0.013040 0.089200
v -0.003494 -0.013040 0.090200
v -0.003494 0.013040 0.077370
v -0.003494 0.013040 0.077720
v -0.003494 0.013040 0.088850
v -0.003494 0.013040 0.089200
v -0.003494 0.013040 0.090200
v -0.003339 -0.012460 0.076570
v -0.003339 -0.012460 0.077370
v -0.003339 0.012460 0.076570
v -0.003339 0.012460 0.077370
v -0.003287 -0.012267 0.091000
v -0.003287 0.012267 0.091000
v -0.003248 -0.012122 0.072500
v -0.003248 -0.012122 0.089400
v -0.003248 0.012122 0.072500
v -0.003248 0.012122 0.089400
v -0.003117 -0.014059 0.073000
v -0.003117 -0.014059 0.076570
v -0.003117 0.014059 0.073000
v -0.003117 0.014059 0.076570
v -0.003030 0.013668 0.077720
v -0.003030 0.013668 0.088850
v -0.003009 -0.013571 0.072500
v -0.003009 0.013571 0.072500
v -0.002922 -0.013180 0.077370
v -0.002922 -0.013180 0.077720
v -0.002922 -0.013180 0.088850
v -0.002922 -0.013180 0.089200
v -0.002922 -0.013180 0.090200
v -0.002922 0.013180 0.077370
v -0.002922 0.013180 0.089200
v -0.002922 0.013180 0.090200
v -0.002792 -0.012594 0.076570
v -0.002792 -0.012594 0.077370
v -0.002792 0.012594 0.076570
v -0.002792 0.012594 0.077370
v -0.002749 -0.012399 0.091000
v -0.002749 0.012399 0.091000
v -0.002716 -0.012253 0.072500
v -0.002716 -0.012253 0.089400
v -0.002716 0.012253 0.072500
v -0.002716 0.012253 0.089400
v -0.002501 -0.014181 0.073000
v -0.002501 -0.014181 0.076570
v -0.002501 0.014181 0.073000
v -0.002501 0.014181 0.076570
v -0.002431 -0.013787 0.077720
v -0.002431 -0.013787 0.088850
v -0.002431 0.013787 0.077720
v -0.002431 0.013787 0.088850
v -0.002414 -0.013689 0.072500
v -0.002414 0.013689 0.072500
v -0.002344 -0.013295 0.077370
v -0.002344 -0.013295 0.089200
v -0.002344 -0.013295 0.090200
v -0.002344 0.013295 0.077370
v -0.002344 0.013295 0.089200
v -0.002344 0.013295 0.090200
v -0.002240 -0.012704 0.076570
v -0.002240 -0.012704 0.077370
v -0.002240 0.012704 0.076570
v -0.002240 0.012704 0.077370
v -0.002205 -0.012507 0.091000
v -0.002205 0.012507 0.091000
v -0.002179 -0.012359 0.072500
v -0.002179 -0.012359 0.089400
v -0.002179 0.012359 0.072500
v -0.002179 0.012359 0.089400
v -0.001880 -0.014277 0.073000
v -0.001880 -0.014277 0.076570
v -0.001880 0.014277 0.073000
v -0.001880 0.014277 0.076570
v -0.001827 -0.013880 0.077720
v -0.001827 -0.013880 0.088850
v -0.001814 -0.013781 0.072500
v -0.001814 0.013781 0.072500
v -0.001762 -0.013385 0.077370
v -0.001762 -0.013385 0.089200
v -0.001762 -0.013385 0.090200
v -0.001762 0.013385 0.077370
v -0.001762 0.013385 0.077720
v -0.001762 0.013385 0.088850
v -0.001762 0.013385 0.089200
v -0.001762 0.013385 0.090200
v -0.001684 -0.012790 0.076570
v -0.001684 -0.012790 0.077370
v -0.001684 0.012790 0.076570
v -0.001684 0.012790 0.077370
v -0.001658 -0.012591 0.091000
v -0.001658 0.012591 0.091000
v -0.001638 -0.012443 0.072500
v -0.001638 -0.012443 0.089400
v -0.001638 0.012443 0.072500
v -0.001638 0.012443 0.089400
v -0.001255 -0.014345 0.073000
v -0.001255 -0.014345 0.076570
v -0.001255 0.014345 0.073000
v -0.001255 0.014345 0.076570
v -0.001211 -0.013847 0.072500
v -0.001211 0.013847 0.072500
v -0.001177 -0.013449 0.077370
v -0.001177 -0.013449 0.077720
v -0.001177 -0.013449 0.088850
v -0.001177 -0.013449 0.089200
v -0.001177 -0.013449 0.090200
v -0.001177 0.013449 0.077370
v -0.001177 0.013449 0.077720
v -0.001177 0.013449 0.088850
v -0.001177 0.013449 0.089200
v -0.001177 0.013449 0.090200
v -0.001124 -0.012851 0.076570
v -0.001124 -0.012851 0.077370
v -0.001124 0.012851 0.076570
v -0.001124 0.012851 0.077370
v -0.001107 -0.012652 0.091000
v -0.001107 0.012652 0.091000
v -0.001094 -0.012502 0.072500
v -0.001094 -0.012502 0.089400
v -0.001094 0.012502 0.072500
v -0.001094 0.012502 0.089400
v -0.000628 -0.014386 0.073000
v -0.000628 -0.014386 0.076570
v -0.000628 0.014386 0.073000
v -0.000628 0.014386 0.076570
v -0.000606 -0.013887 0.072500
v -0.000606 0.013887 0.072500
v -0.000611 0.013987 0.077720
v -0.000611 0.013987 0.088850
v -0.000589 -0.013487 0.077370
v -0.000589 -0.013487 0.077720
v -0.000589 -0.013487 0.088850
v -0.000589 -0.013487 0.089200
v -0.000589 -0.013487 0.090200
v -0.000589 0.013487 0.077370
v -0.000589 0.013487 0.089200
v -0.000589 0.013487 0.090200
v -0.000563 -0.012888 0.076570
v -0.000563 -0.012888 0.077370
v -0.000563 0.012888 0.076570
v -0.000563 0.012888 0.077370
v -0.000554 -0.012688 0.091000
v -0.000547 -0.012538 0.072500
v -0.000547 -0.012538 0.089400
v -0.000547 0.012538 0.072500
v -0.000547 0.012538 0.089400
v -0.000554 0.012688 0.091000
v -0.000000 -0.014400 0.073000
v -0.000000 -0.014400 0.076570
v -0.000000 -0.014000 0.077720
v -0.000000 -0.014000 0.088850
v -0.000000 -0.013900 0.072500
v -0.000000 -0.013500 0.077370
v -0.000000 -0.013500 0.089200
v -0.000000 -0.013500 0.090200
v -0.000000 -0.012900 0.076570
v -0.000000 -0.012900 0.077370
v -0.000000 -0.012700 0.091000
v -0.000000 -0.012550 0.072500
v -0.000000 -0.012550 0.089400
v 0.000000 0.000000 0.089400
v 0.000000 0.000000 0.091000
v 0.000000 0.012550 0.072500
v 0.000000 0.012550 0.089400
v 0.000000 0.012700 0.091000
v 0.000000 0.012900 0.076570
v 0.000000 0.012900 0.077370
v 0.000000 0.013500 0.077370
v 0.000000 0.013500 0.089200
v 0.000000 0.013500 0.090200
v 0.000000 0.013900 0.072500
v 0.000000 0.014000 0.077720
v 0.000000 0.014000 0.088850
v 0.000000 0.014400 0.073000
v 0.000000 0.014400 0.076570
v 0.000554 -0.012688 0.091000
v 0.000547 -0.012538 0.072500
v 0.000547 -0.012538 0.089400
v 0.000547 0.012538 0.072500
v 0.000547 0.012538 0.089400
v 0.000554 0.012688 0.091000
v 0.000563 -0.012888 0.076570
v 0.000563 -0.012888 0.077370
v 0.000563 0.012888 0.076570
v 0.000563 0.012888 0.077370
v 0.000589 -0.013487 0.077370
v 0.000589 -0.013487 0.089200
v 0.000589 -0.013487 0.090200
v 0.000589 0.013487 0.077370
v 0.000589 0.013487 0.077720
v 0.000589 0.013487 0.088850
v 0.000589 0.013487 0.089200
v 0.000589 0.013487 0.090200
v 0.000611 -0.013987 0.077720
v 0.000611 -0.013987 0.088850
v 0.000606 -0.013887 0.072500
v 0.000606 0.013887 0.072500
v 0.000628 -0.014386 0.073000
v 0.000628 -0.014386 0.076570
v 0.000628 0.014386 0.073000
v 0.000628 0.014386 0.076570
v 0.001094 -0.012502 0.072500
v 0.001094 -0.012502 0.089400
v 0.001094 0.012502 0.072500
v 0.001094 0.012502 0.089400
v 0.001107 -0.012652 0.091000
v 0.001107 0.012652 0.091000
v 0.001124 -0.012851 0.076570
v 0.001124 -0.012851 0.077370
v 0.001124 0.012851 0.076570
v 0.001124 0.012851 0.077370
v 0.001177 -0.013449 0.077370
v 0.001177 -0.013449 0.077720
v 0.001177 -0.013449 0.088850
v 0.001177 -0.013449 0.089200
v 0.001177 -0.013449 0.090200
v 0.001177 0.013449 0.077370
v 0.001177 0.013449 0.077720
v 0.001177 0.013449 0.088850
v 0.001177 0.013449 0.089200
v 0.001177 0.013449 0.090200
v 0.001211 -0.013847 0.072500
v 0.001211 0.013847 0.072500
v 0.001255 -0.014345 0.073000
v 0.001255 -0.014345 0.076570
v 0.001255 0.014345 0.073000
v 0.001255 0.014345 0.076570
v 0.001638 -0.012443 0.072500
v 0.001638 -0.012443 0.089400
v 0.001638 0.012443 0.072500
v 0.001638 0.012443 0.089400
v 0.001658 -0.012591 0.091000
v 0.001658 0.012591 0.091000
v 0.001684 -0.012790 0.076570
v 0.001684 -0.012790 0.077370
v 0.001684 0.012790 0.076570
v 0.001684 0.012790 0.077370
v 0.001762 -0.013385 0.077370
v 0.001762 -0.013385 0.077720
v 0.001762 -0.013385 0.088850
v 0.001762 -0.013385 0.089200
v 0.001762 -0.013385 0.090200
v 0.001762 0.013385 0.077370
v 0.001762 0.013385 0.089200
v 0.001762 0.013385 0.090200
v 0.001814 -0.013781 0.072500
v 0.001814 0.013781 0.072500
v 0.001827 0.013880 0.077720
v 0.001827 0.013880 0.088850
v 0.001880 -0.014277 0.073000
v 0.001880 -0.014277 0.076570
v 0.001880 0.014277 0.073000
v 0.001880 0.014277 0.076570
v 0.002179 -0.012359 0.072500
v 0.002179 -0.012359 0.089400
v 0.002179 0.012359 0.072500
v 0.002179 0.012359 0.089400
v 0.002205 -0.012507 0.091000
v 0.002205 0.012507 0.091000
v 0.002240 -0.012704 0.076570
v 0.002240 -0.012704 0.077370
v 0.002240 0.012704 0.076570
v 0.002240 0.012704 0.077370
v 0.002344 -0.013295 0.077370
v 0.002344 -0.013295 0.089200
v 0.002344 -0.013295 0.090200
v 0.002344 0.013295 0.077370
v 0.002344 0.013295 0.089200
v 0.002344 0.013295 0.090200
v 0.002414 -0.013689 0.072500
v 0.002414 0.013689 0.072500
v 0.002431 -0.013787 0.077720
v 0.002431 -0.013787 0.088850
v 0.002431 0.013787 0.077720
v 0.002431 0.013787 0.088850
v 0.002501 -0.014181 0.073000
v 0.002501 -0.014181 0.076570
v 0.002501 0.014181 0.073000
v 0.002501 0.014181 0.076570
v 0.002716 -0.012253 0.072500
v 0.002716 -0.012253 0.089400
v 0.002716 0.012253 0.072500
v 0.002716 0.012253 0.089400
v 0.002749 -0.012399 0.091000
v 0.002749 0.012399 0.091000
v 0.002792 -0.012594 0.076570
v 0.002792 -0.012594 0.077370
v 0.002792 0.012594 0.076570
v 0.002792 0.012594 0.077370
v 0.002922 -0.013180 0.077370
v 0.002922 -0.013180 0.089200
v 0.002922 -0.013180 0.090200
v 0.002922 0.013180 0.077370
v 0.002922 0.013180 0.077720
v 0.002922 0.013180 0.088850
v 0.002922 0.013180 0.089200
v 0.002922 0.013180 0.090200
v 0.003009 -0.013571 0.072500
v 0.003009 0.013571 0.072500
v 0.003030 -0.013668 0.077720
v 0.003030 -0.013668 0.088850
v 0.003117 -0.014059 0.073000
v 0.003117 -0.014059 0.076570
v 0.003117 0.014059 0.073000
v 0.003117 0.014059 0.076570
v 0.003248 -0.012122 0.072500
v 0.003248 -0.012122 0.089400
v 0.003248 0.012122 0.072500
v 0.003248 0.012122 0.089400
v 0.003287 -0.012267 0.091000
v 0.003287 0.012267 0.091000
v 0.003339 -0.012460 0.076570
v 0.003339 -0.012460 0.077370
v 0.003339 0.012460 0.076570
v 0.003339 0.012460 0.077370
v 0.003494 -0.013040 0.077370
v 0.003494 -0.013040 0.077720
v 0.003494 -0.013040 0.088850
v 0.003494 -0.013040 0.089200
v 0.003494 -0.013040 0.090200
v 0.003494 0.013040 0.077370
v 0.003494 0.013040 0.077720
v 0.003494 0.013040 0.088850
v 0.003494 0.013040 0.089200
v 0.003494 0.013040 0.090200
v 0.003598 -0.013426 0.072500
v 0.003598 0.013426 0.072500
v 0.003727 -0.013909 0.073000
v 0.003727 -0.013909 0.076570
v 0.003727 0.013909 0.073000
v 0.003727 0.013909 0.076570
v 0.003774 -0.011969 0.072500
v 0.003774 -0.011969 0.089400
v 0.003774 0.011969 0.072500
v 0.003774 0.011969 0.089400
v 0.003819 -0.012112 0.091000
v 0.003819 0.012112 0.091000
v 0.003879 -0.012303 0.076570
v 0.003879 -0.012303 0.077370
v 0.003879 0.012303 0.076570
v 0.003879 0.012303 0.077370
v 0.004060 -0.012875 0.077370
v 0.004060 -0.012875 0.077720
v 0.004060 -0.012875 0.088850
v 0.004060 -0.012875 0.089200
v 0.004060 -0.012875 0.090200
v 0.004060 0.012875 0.077370
v 0.004060 0.012875 0.089200
v 0.004060 0.012875 0.090200
v 0.004180 -0.013257 0.072500
v 0.004180 0.013257 0.072500
v 0.004210 0.013352 0.077720
v 0.004210 0.013352 0.088850
v 0.004292 -0.011793 0.072500
v 0.004292 -0.011793 0.089400
v 0.004292 0.011793 0.072500
v 0.004292 0.011793 0.089400
v 0.004330 -0.013734 0.073000
v 0.004330 -0.013734 0.076570
v 0.004330 0.013734 0.073000
v 0.004330 0.013734 0.076570
v 0.004344 -0.011934 0.091000
v 0.004344 0.011934 0.091000
v 0.004412 -0.012122 0.076570
v 0.004412 -0.012122 0.077370
v 0.004412 0.012122 0.076570
v 0.004412 0.012122 0.077370
v 0.004617 -0.012686 0.077370
v 0.004617 -0.012686 0.089200
v 0.004617 -0.012686 0.090200
v 0.004617 0.012686 0.077370
v 0.004617 0.012686 0.089200
v 0.004617 0.012686 0.090200
v 0.004754 -0.013062 0.072500
v 0.004754 0.013062 0.072500
v 0.004788 -0.013156 0.077720
v 0.004788 -0.013156 0.088850
v 0.004788 0.013156 0.077720
v 0.004788 0.013156 0.088850
v 0.004803 -0.011595 0.072500
v 0.004803 -0.011595 0.089400
v 0.004803 0.011595 0.072500
v 0.004803 0.011595 0.089400
v 0.004860 -0.011733 0.091000
v 0.004860 0.011733 0.091000
v 0.004925 -0.013532 0.073000
v 0.004925 -0.013532 0.076570
v 0.004925 0.013532 0.073000
v 0.004925 0.013532 0.076570
v 0.004937 -0.011918 0.076570
v 0.004937 -0.011918 0.077370
v 0.004937 0.011918 0.076570
v 0.004937 0.011918 0.077370
v 0.005166 -0.012472 0.077370
v 0.005166 -0.012472 0.089200
v 0.005166 -0.012472 0.090200
v 0.005166 0.012472 0.077370
v 0.005166 0.012472 0.077720
v 0.005166 0.012472 0.088850
v 0.005166 0.012472 0.089200
v 0.005166 0.012472 0.090200
v 0.005304 -0.011374 0.072500
v 0.005304 -0.011374 0.089400
v 0.005304 0.011374 0.072500
v 0.005304 0.011374 0.089400
v 0.005319 -0.012842 0.072500
v 0.005319 0.012842 0.072500
v 0.005358 -0.012934 0.077720
v 0.005358 -0.012934 0.088850
v 0.005367 -0.011510 0.091000
v 0.005367 0.011510 0.091000
v 0.005452 -0.011691 0.076570
v 0.005452 -0.011691 0.077370
v 0.005452 0.011691 0.076570
v 0.005452 0.011691 0.077370
v 0.005511 -0.013304 0.073000
v 0.005511 -0.013304 0.076570
v 0.005511 0.013304 0.073000
v 0.005511 0.013304 0.076570
v 0.005705 -0.012235 0.077370
v 0.005705 -0.012235 0.077720
v 0.005705 -0.012235 0.088850
v 0.005705 -0.012235 0.089200
v 0.005705 -0.012235 0.090200
v 0.005705 0.012235 0.077370
v 0.005705 0.012235 0.077720
v 0.005705 0.012235 0.088850
v 0.005705 0.012235 0.089200
v 0.005705 0.012235 0.090200
v 0.005795 -0.011132 0.072500
v 0.005795 -0.011132 0.089400
v 0.005795 0.011132 0.072500
v 0.005795 0.011132 0.089400
v 0.005864 -0.011265 0.091000
v 0.005864 0.011265 0.091000
v 0.005874 -0.012598 0.072500
v 0.005874 0.012598 0.072500
v 0.005957 -0.011442 0.076570
v 0.005957 -0.011442 0.077370
v 0.005957 0.011442 0.076570
v 0.005957 0.011442 0.077370
v 0.006086 -0.013051 0.073000
v 0.006086 -0.013051 0.076570
v 0.006086 0.013051 0.073000
v 0.006086 0.013051 0.076570
v 0.006234 -0.011975 0.077370
v 0.006234 -0.011975 0.077720
v 0.006234 -0.011975 0.088850
v 0.006234 -0.011975 0.089200
v 0.006234 -0.011975 0.090200
v 0.006234 0.011975 0.077370
v 0.006234 0.011975 0.089200
v 0.006234 0.011975 0.090200
v 0.006275 -0.010869 0.072500
v 0.006275 -0.010869 0.089400
v 0.006275 0.010869 0.072500
v 0.006275 0.010869 0.089400
v 0.006350 -0.010999 0.091000
v 0.006350 0.010999 0.091000
v 0.006418 -0.012329 0.072500
v 0.006418 0.012329 0.072500
v 0.006450 -0.011172 0.076570
v 0.006450 -0.011172 0.077370
v 0.006450 0.011172 0.076570
v 0.006450 0.011172 0.077370
v 0.006464 0.012418 0.077720
v 0.006464 0.012418 0.088850
v 0.006649 -0.012773 0.073000
v 0.006649 -0.012773 0.076570
v 0.006649 0.012773 0.073000
v 0.006649 0.012773 0.076570
v 0.006743 -0.010585 0.072500
v 0.006743 -0.010585 0.089400
v 0.006743 0.010585 0.072500
v 0.006743 0.010585 0.089400
v 0.006750 -0.011691 0.077370
v 0.006750 -0.011691 0.089200
v 0.006750 -0.011691 0.090200
v 0.006750 0.011691 0.077370
v 0.006750 0.011691 0.089200
v 0.006750 0.011691 0.090200
v 0.006824 -0.010711 0.091000
v 0.006824 0.010711 0.091000
v 0.006931 -0.010880 0.076570
v 0.006931 -0.010880 0.077370
v 0.006931 0.010880 0.076570
v 0.006931 0.010880 0.077370
v 0.006950 -0.012038 0.072500
v 0.006950 0.012038 0.072500
v 0.007000 -0.012124 0.077720
v 0.007000 -0.012124 0.088850
v 0.007000 0.012124 0.077720
v 0.007000 0.012124 0.088850
v 0.007200 -0.012471 0.073000
v 0.007200 -0.012471 0.076570
v 0.007198 -0.010280 0.072500
v 0.007198 -0.010280 0.089400
v 0.007198 0.010280 0.072500
v 0.007198 0.010280 0.089400
v 0.007200 0.012471 0.073000
v 0.007200 0.012471 0.076570
v 0.007254 -0.011386 0.077370
v 0.007254 -0.011386 0.089200
v 0.007254 -0.011386 0.090200
v 0.007254 0.011386 0.077370
v 0.007254 0.011386 0.077720
v 0.007254 0.011386 0.088850
v 0.007254 0.011386 0.089200
v 0.007254 0.011386 0.090200
v 0.007284 -0.010403 0.091000
v 0.007284 0.010403 0.091000
v 0.007399 -0.010567 0.076570
v 0.007399 -0.010567 0.077370
v 0.007399 0.010567 0.076570
v 0.007399 0.010567 0.077370
v 0.007468 -0.011723 0.072500
v 0.007468 0.011723 0.072500
v 0.007522 -0.011807 0.077720
v 0.007522 -0.011807 0.088850
v 0.007640 -0.009957 0.072500
v 0.007640 -0.009957 0.089400
v 0.007640 0.009957 0.072500
v 0.007640 0.009957 0.089400
v 0.007731 -0.010076 0.091000
v 0.007731 0.010076 0.091000
v 0.007737 -0.012145 0.073000
v 0.007737 -0.012145 0.076570
v 0.007743 -0.011059 0.077370
v 0.007743 -0.011059 0.077720
v 0.007743 -0.011059 0.088850
v 0.007743 -0.011059 0.089200
v 0.007743 -0.011059 0.090200
v 0.007743 0.011059 0.077370
v 0.007743 0.011059 0.077720
v 0.007743 0.011059 0.088850
v 0.007743 0.011059 0.089200
v 0.007743 0.011059 0.090200
v 0.007737 0.012145 0.073000
v 0.007737 0.012145 0.076570
v 0.007853 -0.010234 0.076570
v 0.007853 -0.010234 0.077370
v 0.007853 0.010234 0.076570
v 0.007853 0.010234 0.077370
v 0.007973 -0.011386 0.072500
v 0.007973 0.011386 0.072500
v 0.008067 -0.009614 0.072500
v 0.008067 -0.009614 0.089400
v 0.008067 0.009614 0.072500
v 0.008067 0.009614 0.089400
v 0.008163 -0.009729 0.091000
v 0.008163 0.009729 0.091000
v 0.008218 -0.010710 0.077370
v 0.008218 -0.010710 0.077720
v 0.008218 -0.010710 0.088850
v 0.008218 -0.010710 0.089200
v 0.008218 -0.010710 0.090200
v 0.008218 0.010710 0.077370
v 0.008218 0.010710 0.089200
v 0.008218 0.010710 0.090200
v 0.008260 -0.011796 0.073000
v 0.008260 -0.011796 0.076570
v 0.008260 0.011796 0.073000
v 0.008260 0.011796 0.076570
v 0.008292 -0.009882 0.076570
v 0.008292 -0.009882 0.077370
v 0.008292 0.009882 0.076570
v 0.008292 0.009882 0.077370
v 0.008462 -0.011028 0.072500
v 0.008462 0.011028 0.072500
v 0.008479 -0.009253 0.072500
v 0.008479 -0.009253 0.089400
v 0.008479 0.009253 0.072500
v 0.008479 0.009253 0.089400
v 0.008523 0.011107 0.077720
v 0.008523 0.011107 0.088850
v 0.008580 -0.009363 0.091000
v 0.008580 0.009363 0.091000
v 0.008678 -0.010342 0.077370
v 0.008678 -0.010342 0.089200
v 0.008678 -0.010342 0.090200
v 0.008678 0.010342 0.077370
v 0.008678 0.010342 0.089200
v 0.008678 0.010342 0.090200
v 0.008715 -0.009511 0.076570
v 0.008715 -0.009511 0.077370
v 0.008715 0.009511 0.076570
v 0.008715 0.009511 0.077370
v 0.008766 -0.011424 0.073000
v 0.008766 -0.011424 0.076570
v 0.008766 0.011424 0.073000
v 0.008766 0.011424 0.076570
v 0.008874 -0.008874 0.072500
v 0.008874 -0.008874 0.089400
v 0.008874 0.008874 0.072500
v 0.008874 0.008874 0.089400
v 0.008935 -0.010648 0.072500
v 0.008935 0.010648 0.072500
v 0.008980 -0.008980 0.091000
v 0.008980 0.008980 0.091000
v 0.008999 -0.010725 0.077720
v 0.008999 -0.010725 0.088850
v 0.008999 0.010725 0.077720
v 0.008999 0.010725 0.088850
v 0.009120 -0.009953 0.077370
v 0.009120 -0.009953 0.089200
v 0.009120 -0.009953 0.090200
v 0.009122 -0.009122 0.076570
v 0.009122 -0.009122 0.077370
v 0.009122 0.009122 0.076570
v 0.009122 0.009122 0.077370
v 0.009120 0.009953 0.077370
v 0.009120 0.009953 0.077720
v 0.009120 0.009953 0.088850
v 0.009120 0.009953 0.089200
v 0.009120 0.009953 0.090200
v 0.009253 -0.008479 0.072500
v 0.009253 -0.008479 0.089400
v 0.009253 0.008479 0.072500
v 0.009253 0.008479 0.089400
v 0.009256 -0.011031 0.073000
v 0.009256 -0.011031 0.076570
v 0.009256 0.011031 0.073000
v 0.009256 0.011031 0.076570
v 0.009363 -0.008580 0.091000
v 0.009363 0.008580 0.091000
v 0.009391 -0.010248 0.072500
v 0.009391 0.010248 0.072500
v 0.009458 -0.010322 0.077720
v 0.009458 -0.010322 0.088850
v 0.009511 -0.008715 0.076570
v 0.009511 -0.008715 0.077370
v 0.009511 0.008715 0.076570
v 0.009511 0.008715 0.077370
v 0.009546 -0.009546 0.077370
v 0.009546 -0.009546 0.077720
v 0.009546 -0.009546 0.088850
v 0.009546 -0.009546 0.089200
v 0.009546 -0.009546 0.090200
v 0.009546 0.009546 0.077370
v 0.009546 0.009546 0.077720
v 0.009546 0.009546 0.088850
v 0.009546 0.009546 0.089200
v 0.009546 0.009546 0.090200
v 0.009614 -0.008067 0.072500
v 0.009614 -0.008067 0.089400
v 0.009614 0.008067 0.072500
v 0.009614 0.008067 0.089400
v 0.009728 -0.010617 0.073000
v 0.009728 -0.010617 0.076570
v 0.009729 -0.008163 0.091000
v 0.009729 0.008163 0.091000
v 0.009728 0.010617 0.073000
v 0.009728 0.010617 0.076570
v 0.009829 -0.009829 0.072500
v 0.009829 0.009829 0.072500
v 0.009882 -0.008292 0.076570
v 0.009882 -0.008292 0.077370
v 0.009882 0.008292 0.076570
v 0.009882 0.008292 0.077370
v 0.009953 -0.009120 0.077370
v 0.009953 -0.009120 0.077720
v 0.009953 -0.009120 0.088850
v 0.009953 -0.009120 0.089200
v 0.009953 -0.009120 0.090200
v 0.009953 0.009120 0.077370
v 0.009953 0.009120 0.089200
v 0.009953 0.009120 0.090200
v 0.009957 -0.007640 0.072500
v 0.009957 -0.007640 0.089400
v 0.009957 0.007640 0.072500
v 0.009957 0.007640 0.089400
v 0.010076 -0.007731 0.091000
v 0.010076 0.007731 0.091000
v 0.010182 -0.010182 0.073000
v 0.010182 -0.010182 0.076570
v 0.010182 0.010182 0.073000
v 0.010182 0.010182 0.076570
v 0.010234 -0.007853 0.076570
v 0.010234 -0.007853 0.077370
v 0.010234 0.007853 0.076570
v 0.010234 0.007853 0.077370
v 0.010248 -0.009391 0.072500
v 0.010248 0.009391 0.072500
v 0.010280 -0.007198 0.072500
v 0.010280 -0.007198 0.089400
v 0.010280 0.007198 0.072500
v 0.010280 0.007198 0.089400
v 0.010322 0.009458 0.077720
v 0.010322 0.009458 0.088850
v 0.010342 -0.008678 0.077370
v 0.010342 -0.008678 0.089200
v 0.010342 -0.008678 0.090200
v 0.010342 0.008678 0.077370
v 0.010342 0.008678 0.089200
v 0.010342 0.008678 0.090200
v 0.010403 -0.007284 0.091000
v 0.010403 0.007284 0.091000
v 0.010567 -0.007399 0.076570
v 0.010567 -0.007399 0.077370
v 0.010567 0.007399 0.076570
v 0.010567 0.007399 0.077370
v 0.010585 -0.006743 0.072500
v 0.010585 -0.006743 0.089400
v 0.010585 0.006743 0.072500
v 0.010585 0.006743 0.089400
v 0.010617 -0.009728 0.073000
v 0.010617 -0.009728 0.076570
v 0.010617 0.009728 0.073000
v 0.010617 0.009728 0.076570
v 0.010648 -0.008935 0.072500
v 0.010648 0.008935 0.072500
v 0.010710 -0.008218 0.077370
v 0.010710 -0.008218 0.089200
v 0.010710 -0.008218 0.090200
v 0.010711 -0.006824 0.091000
v 0.010711 0.006824 0.091000
v 0.010710 0.008218 0.077370
v 0.010710 0.008218 0.077720
v 0.010710 0.008218 0.088850
v 0.010710 0.008218 0.089200
v 0.010710 0.008218 0.090200
v 0.010725 -0.008999 0.077720
v 0.010725 -0.008999 0.088850
v 0.010725 0.008999 0.077720
v 0.010725 0.008999 0.088850
v 0.010869 -0.006275 0.072500
v 0.010869 -0.006275 0.089400
v 0.010869 0.006275 0.072500
v 0.010869 0.006275 0.089400
v 0.010880 -0.006931 0.076570
v 0.010880 -0.006931 0.077370
v 0.010880 0.006931 0.076570
v 0.010880 0.006931 0.077370
v 0.010999 -0.006350 0.091000
v 0.010999 0.006350 0.091000
v 0.011031 -0.009256 0.073000
v 0.011031 -0.009256 0.076570
v 0.011028 -0.008462 0.072500
v 0.011028 0.008462 0.072500
v 0.011031 0.009256 0.073000
v 0.011031 0.009256 0.076570
v 0.011059 -0.007743 0.077370
v 0.011059 -0.007743 0.077720
v 0.011059 -0.007743 0.088850
v 0.011059 -0.007743 0.089200
v 0.011059 -0.007743 0.090200
v 0.011059 0.007743 0.077370
v 0.011059 0.007743 0.077720
v 0.011059 0.007743 0.088850
v 0.011059 0.007743 0.089200
v 0.011059 0.007743 0.090200
v 0.011107 -0.008523 0.077720
v 0.011107 -0.008523 0.088850
v 0.011132 -0.005795 0.072500
v 0.011132 -0.005795 0.089400
v 0.011132 0.005795 0.072500
v 0.011132 0.005795 0.089400
v 0.011172 -0.006450 0.076570
v 0.011172 -0.006450 0.077370
v 0.011172 0.006450 0.076570
v 0.011172 0.006450 0.077370
v 0.011265 -0.005864 0.091000
v 0.011265 0.005864 0.091000
v 0.011374 -0.005304 0.072500
v 0.011374 -0.005304 0.089400
v 0.011374 0.005304 0.072500
v 0.011374 0.005304 0.089400
v 0.011386 -0.007973 0.072500
v 0.011386 -0.007254 0.077370
v 0.011386 -0.007254 0.077720
v 0.011386 -0.007254 0.088850
v 0.011386 -0.007254 0.089200
v 0.011386 -0.007254 0.090200
v 0.011386 0.007254 0.077370
v 0.011386 0.007254 0.089200
v 0.011386 0.007254 0.090200
v 0.011386 0.007973 0.072500
v 0.011424 -0.008766 0.073000
v 0.011424 -0.008766 0.076570
v 0.011424 0.008766 0.073000
v 0.011424 0.008766 0.076570
v 0.011442 -0.005957 0.076570
v 0.011442 -0.005957 0.077370
v 0.011442 0.005957 0.076570
v 0.011442 0.005957 0.077370
v 0.011510 -0.005367 0.091000
v 0.011510 0.005367 0.091000
v 0.011595 -0.004803 0.072500
v 0.011595 -0.004803 0.089400
v 0.011595 0.004803 0.072500
v 0.011595 0.004803 0.089400
v 0.011691 -0.006750 0.077370
v 0.011691 -0.006750 0.089200
v 0.011691 -0.006750 0.090200
v 0.011691 -0.005452 0.076570
v 0.011691 -0.005452 0.077370
v 0.011691 0.005452 0.076570
v 0.011691 0.005452 0.077370
v 0.011691 0.006750 0.077370
v 0.011691 0.006750 0.089200
v 0.011691 0.006750 0.090200
v 0.011723 -0.007468 0.072500
v 0.011723 0.007468 0.072500
v 0.011733 -0.004860 0.091000
v 0.011733 0.004860 0.091000
v 0.011793 -0.004292 0.072500
v 0.011793 -0.004292 0.089400
v 0.011793 0.004292 0.072500
v 0.011793 0.004292 0.089400
v 0.011796 -0.008260 0.073000
v 0.011796 -0.008260 0.076570
v 0.011796 0.008260 0.073000
v 0.011796 0.008260 0.076570
v 0.011807 0.007522 0.077720
v 0.011807 0.007522 0.088850
v 0.011918 -0.004937 0.076570
v 0.011918 -0.004937 0.077370
v 0.011918 0.004937 0.076570
v 0.011918 0.004937 0.077370
v 0.011934 -0.004344 0.091000
v 0.011934 0.004344 0.091000
v 0.011975 -0.006234 0.077370
v 0.011975 -0.006234 0.089200
v 0.011975 -0.006234 0.090200
v 0.011969 -0.003774 0.072500
v 0.011969 -0.003774 0.089400
v 0.011969 0.003774 0.072500
v 0.011969 0.003774 0.089400
v 0.011975 0.006234 0.077370
v 0.011975 0.006234 0.077720
v 0.011975 0.006234 0.088850
v 0.011975 0.006234 0.089200
v 0.011975 0.006234 0.090200
v 0.012038 -0.006950 0.072500
v 0.012038 0.006950 0.072500
v 0.012112 -0.003819 0.091000
v 0.012112 0.003819 0.091000
v 0.012124 -0.007000 0.077720
v 0.012124 -0.007000 0.088850
v 0.012122 -0.004412 0.076570
v 0.012122 -0.004412 0.077370
v 0.012122 -0.003248 0.072500
v 0.012122 -0.003248 0.089400
v 0.012122 0.003248 0.072500
v 0.012122 0.003248 0.089400
v 0.012122 0.004412 0.076570
v 0.012122 0.004412 0.077370
v 0.012124 0.007000 0.077720
v 0.012124 0.007000 0.088850
v 0.012145 -0.007737 0.073000
v 0.012145 -0.007737 0.076570
v 0.012145 0.007737 0.073000
v 0.012145 0.007737 0.076570
v 0.012235 -0.005705 0.077370
v 0.012235 -0.005705 0.077720
v 0.012235 -0.005705 0.088850
v 0.012235 -0.005705 0.089200
v 0.012235 -0.005705 0.090200
v 0.012235 0.005705 0.077370
v 0.012235 0.005705 0.077720
v 0.012235 0.005705 0.088850
v 0.012235 0.005705 0.089200
v 0.012235 0.005705 0.090200
v 0.012253 -0.002716 0.072500
v 0.012253 -0.002716 0.089400
v 0.012253 0.002716 0.072500
v 0.012253 0.002716 0.089400
v 0.012267 -0.003287 0.091000
v 0.012267 0.003287 0.091000
v 0.012303 -0.003879 0.076570
v 0.012303 -0.003879 0.077370
v 0.012303 0.003879 0.076570
v 0.012303 0.003879 0.077370
v 0.012329 -0.006418 0.072500
v 0.012329 0.006418 0.072500
v 0.012359 -0.002179 0.072500
v 0.012359 -0.002179 0.089400
v 0.012359 0.002179 0.072500
v 0.012359 0.002179 0.089400
v 0.012399 -0.002749 0.091000
v 0.012399 0.002749 0.091000
v 0.012418 -0.006464 0.077720
v 0.012418 -0.006464 0.088850
v 0.012443 -0.001638 0.072500
v 0.012443 -0.001638 0.089400
v 0.012443 0.001638 0.072500
v 0.012443 0.001638 0.089400
v 0.012460 -0.003339 0.076570
v 0.012460 -0.003339 0.077370
v 0.012460 0.003339 0.076570
v 0.012460 0.003339 0.077370
v 0.012471 -0.007200 0.073000
v 0.012471 -0.007200 0.076570
v 0.012472 -0.005166 0.077370
v 0.012472 -0.005166 0.077720
v 0.012472 -0.005166 0.088850
v 0.012472 -0.005166 0.089200
v 0.012472 -0.005166 0.090200
v 0.012472 0.005166 0.077370
v 0.012472 0.005166 0.089200
v 0.012472 0.005166 0.090200
v 0.012471 0.007200 0.073000
v 0.012471 0.007200 0.076570
v 0.012502 -0.001094 0.072500
v 0.012502 -0.001094 0.089400
v 0.012502 0.001094 0.072500
v 0.012502 0.001094 0.089400
v 0.012507 -0.002205 0.091000
v 0.012507 0.002205 0.091000
v 0.012538 -0.000547 0.072500
v 0.012538 -0.000547 0.089400
v 0.012538 0.000547 0.072500
v 0.012538 0.000547 0.089400
v 0.012550 0.000000 0.072500
v 0.012550 0.000000 0.089400
v 0.012594 -0.002792 0.076570
v 0.012594 -0.002792 0.077370
v 0.012591 -0.001658 0.091000
v 0.012591 0.001658 0.091000
v 0.012594 0.002792 0.076570
v 0.012594 0.002792 0.077370
v 0.012598 -0.005874 0.072500
v 0.012598 0.005874 0.072500
v 0.012652 -0.001107 0.091000
v 0.012652 0.001107 0.091000
v 0.012686 -0.004617 0.077370
v 0.012686 -0.004617 0.089200
v 0.012686 -0.004617 0.090200
v 0.012688 -0.000554 0.091000
v 0.012688 0.000554 0.091000
v 0.012686 0.004617 0.077370
v 0.012686 0.004617 0.089200
v 0.012686 0.004617 0.090200
v 0.012704 -0.002240 0.076570
v 0.012704 -0.002240 0.077370
v 0.012700 0.000000 0.091000
v 0.012704 0.002240 0.076570
v 0.012704 0.002240 0.077370
v 0.012773 -0.006649 0.073000
v 0.012773 -0.006649 0.076570
v 0.012773 0.006649 0.073000
v 0.012773 0.006649 0.076570
v 0.012790 -0.001684 0.076570
v 0.012790 -0.001684 0.077370
v 0.012790 0.001684 0.076570
v 0.012790 0.001684 0.077370
v 0.012842 -0.005319 0.072500
v 0.012842 0.005319 0.072500
v 0.012851 -0.001124 0.076570
v 0.012851 -0.001124 0.077370
v 0.012851 0.001124 0.076570
v 0.012851 0.001124 0.077370
v 0.012875 -0.004060 0.077370
v 0.012875 -0.004060 0.089200
v 0.012875 -0.004060 0.090200
v 0.012875 0.004060 0.077370
v 0.012875 0.004060 0.077720
v 0.012875 0.004060 0.088850
v 0.012875 0.004060 0.089200
v 0.012875 0.004060 0.090200
v 0.012888 -0.000563 0.076570
v 0.012888 -0.000563 0.077370
v 0.012888 0.000563 0.076570
v 0.012888 0.000563 0.077370
v 0.012900 0.000000 0.076570
v 0.012900 0.000000 0.077370
v 0.012934 0.005358 0.077720
v 0.012934 0.005358 0.088850
v 0.013040 -0.003494 0.077370
v 0.013040 -0.003494 0.077720
v 0.013040 -0.003494 0.088850
v 0.013040 -0.003494 0.089200
v 0.013040 -0.003494 0.090200
v 0.013040 0.003494 0.077370
v 0.013040 0.003494 0.077720
v 0.013040 0.003494 0.088850
v 0.013040 0.003494 0.089200
v 0.013040 0.003494 0.090200
v 0.013051 -0.006086 0.073000
v 0.013051 -0.006086 0.076570
v 0.013051 0.006086 0.073000
v 0.013051 0.006086 0.076570
v 0.013062 -0.004754 0.072500
v 0.013062 0.004754 0.072500
v 0.013156 -0.004788 0.077720
v 0.013156 -0.004788 0.088850
v 0.013156 0.004788 0.077720
v 0.013156 0.004788 0.088850
v 0.013180 -0.002922 0.077370
v 0.013180 -0.002922 0.077720
v 0.013180 -0.002922 0.088850
v 0.013180 -0.002922 0.089200
v 0.013180 -0.002922 0.090200
v 0.013180 0.002922 0.077370
v 0.013180 0.002922 0.089200
v 0.013180 0.002922 0.090200
v 0.013257 -0.004180 0.072500
v 0.013257 0.004180 0.072500
v 0.013295 -0.002344 0.077370
v 0.013295 -0.002344 0.089200
v 0.013295 -0.002344 0.090200
v 0.013295 0.002344 0.077370
v 0.013295 0.002344 0.089200
v 0.013295 0.002344 0.090200
v 0.013304 -0.005511 0.073000
v 0.013304 -0.005511 0.076570
v 0.013304 0.005511 0.073000
v 0.013304 0.005511 0.076570
v 0.013352 -0.004210 0.077720
v 0.013352 -0.004210 0.088850
v 0.013385 -0.001762 0.077370
v 0.013385 -0.001762 0.089200
v 0.013385 -0.001762 0.090200
v 0.013385 0.001762 0.077370
v 0.013385 0.001762 0.077720
v 0.013385 0.001762 0.088850
v 0.013385 0.001762 0.089200
v 0.013385 0.001762 0.090200
v 0.013426 -0.003598 0.072500
v 0.013426 0.003598 0.072500
v 0.013449 -0.001177 0.077370
v 0.013449 -0.001177 0.077720
v 0.013449 -0.001177 0.088850
v 0.013449 -0.001177 0.089200
v 0.013449 -0.001177 0.090200
v 0.013449 0.001177 0.077370
v 0.013449 0.001177 0.077720
v 0.013449 0.001177 0.088850
v 0.013449 0.001177 0.089200
v 0.013449 0.001177 0.090200
v 0.013487 -0.000589 0.077370
v 0.013487 -0.000589 0.077720
v 0.013487 -0.000589 0.088850
v 0.013487 -0.000589 0.089200
v 0.013487 -0.000589 0.090200
v 0.013487 0.000589 0.077370
v 0.013487 0.000589 0.089200
v 0.013487 0.000589 0.090200
v 0.013500 0.000000 0.077370
v 0.013500 0.000000 0.089200
v 0.013500 0.000000 0.090200
v 0.013532 -0.004925 0.073000
v 0.013532 -0.004925 0.076570
v 0.013532 0.004925 0.073000
v 0.013532 0.004925 0.076570
v 0.013571 -0.003009 0.072500
v 0.013571 0.003009 0.072500
v 0.013668 0.003030 0.077720
v 0.013668 0.003030 0.088850
v 0.013689 -0.002414 0.072500
v 0.013689 0.002414 0.072500
v 0.013734 -0.004330 0.073000
v 0.013734 -0.004330 0.076570
v 0.013734 0.004330 0.073000
v 0.013734 0.004330 0.076570
v 0.013781 -0.001814 0.072500
v 0.013781 0.001814 0.072500
v 0.013787 -0.002431 0.077720
v 0.013787 -0.002431 0.088850
v 0.013787 0.002431 0.077720
v 0.013787 0.002431 0.088850
v 0.013847 -0.001211 0.072500
v 0.013847 0.001211 0.072500
v 0.013880 -0.001827 0.077720
v 0.013880 -0.001827 0.088850
v 0.013887 -0.000606 0.072500
v 0.013887 0.000606 0.072500
v 0.013900 0.000000 0.072500
v 0.013909 -0.003727 0.073000
v 0.013909 -0.003727 0.076570
v 0.013909 0.003727 0.073000
v 0.013909 0.003727 0.076570
v 0.013987 0.000611 0.077720
v 0.013987 0.000611 0.088850
v 0.014000 0.000000 0.077720
v 0.014000 0.000000 0.088850
v 0.014059 -0.003117 0.073000
v 0.014059 -0.003117 0.076570
v 0.014059 0.003117 0.073000
v 0.014059 0.003117 0.076570
v 0.014181 -0.002501 0.073000
v 0.014181 -0.002501 0.076570
v 0.014181 0.002501 0.073000
v 0.014181 0.002501 0.076570
v 0.014277 -0.001880 0.073000
v 0.014277 -0.001880 0.076570
v 0.014277 0.001880 0.073000
v 0.014277 0.001880 0.076570
v 0.014345 -0.001255 0.073000
v 0.014345 -0.001255 0.076570
v 0.014345 0.001255 0.073000
v 0.014345 0.001255 0.076570
v 0.014386 -0.000628 0.073000
v 0.014386 -0.000628 0.076570
v 0.014386 0.000628 0.073000
v 0.014386 0.000628 0.076570
v 0.014400 0.000000 0.073000
v 0.014400 0.000000 0.076570
f 938 1712 1706
f 938 1706 1701
f 938 1701 1695
f 938 1695 1685
f 938 1685 1657
f 938 1657 1645
f 938 1645 1613
f 938 1613 1597
f 938 1597 1581
f 938 1581 1563
f 938 1563 1539
f 938 1539 1511
f 938 1511 1492
f 938 1492 1473
f 938 1473 1449
f 938 1449 1427
f 938 1427 1401
f 938 1401 1375
f 938 1375 1353
f 938 1353 1327
f 938 1327 1301
f 938 1301 1287
f 938 1287 1259
f 938 1259 1235
f 938 1235 1211
f 938 1211 1187
f 938 1187 1161
f 938 1161 1139
f 938 1139 1113
f 938 1113 1087
f 938 1087 1061
f 938 1061 1035
f 938 1035 1009
f 938 1009 983
f 938 983 957
f 938 957 941
f 938 941 923
f 938 923 893
f 938 893 867
f 938 867 841
f 938 841 815
f 938 815 789
f 938 789 763
f 938 763 737
f 938 737 715
f 938 715 689
f 938 689 665
f 938 665 641
f 938 641 617
f 938 617 589
f 938 589 575
f 938 575 549
f 938 549 523
f 938 523 501
f 938 501 475
f 938 475 449
f 938 449 427
f 938 427 403
f 938 403 384
f 938 384 365
f 938 365 337
f 938 337 313
f 938 313 295
f 938 295 279
f 938 279 263
f 938 263 231
f 938 231 219
f 938 219 191
f 938 191 181
f 938 181 175
f 938 175 170
f 938 170 163
f 938 163 169
f 938 169 174
f 938 174 180
f 938 180 190
f 938 190 218
f 938 218 230
f 938 230 262
f 938 262 278
f 938 278 294
f 938 294 312
f 938 312 336
f 938 336 364
f 938 364 383
f 938 383 402
f 938 402 426
f 938 426 448
f 938 448 474
f 938 474 500
f 938 500 522
f 938 522 548
f 938 548 574
f 938 574 588
f 938 588 616
f 938 616 640
f 938 640 664
f 938 664 688
f 938 688 714
f 938 714 736
f 938 736 762
f 938 762 788
f 938 788 814
f 938 814 840
f 938 840 866
f 938 866 892
f 938 892 918
f 938 918 934
f 938 934 952
f 938 952 982
f 938 982 1008
f 938 1008 1034
f 938 1034 1060
f 938 1060 1086
f 938 1086 1112
f 938 1112 1138
f 938 1138 1160
f 938 1160 1186
f 938 1186 1210
f 938 1210 1234
f 938 1234 1258
f 938 1258 1286
f 938 1286 1300
f 938 1300 1326
f 938 1326 1352
f 938 1352 1374
f 938 1374 1400
f 938 1400 1426
f 938 1426 1448
f 938 1448 1472
f 938 1472 1491
f 938 1491 1510
f 938 1510 1538
f 938 1538 1562
f 938 1562 1580
f 938 1580 1596
f 938 1596 1612
f 938 1612 1644
f 938 1644 1656
f 938 1656 1684
f 938 1684 1694
f 938 1694 1700
f 938 1700 1705
f 938 1705 1712
f 1712 1817 1814
f 1712 1814 1706
f 1706 1814 1806
f 1706 1806 1701
f 1701 1806 1794
f 1701 1794 1695
f 1695 1794 1780
f 1695 1780 1685
f 1685 1780 1772
f 1685 1772 1657
f 1657 1772 1754
f 1657 1754 1645
f 1645 1754 1736
f 1645 1736 1613
f 1613 1736 1709
f 1613 1709 1597
f 1597 1709 1677
f 1597 1677 1581
f 1581 1677 1639
f 1581 1639 1563
f 1563 1639 1609
f 1563 1609 1539
f 1539 1609 1577
f 1539 1577 1511
f 1511 1577 1552
f 1511 1552 1492
f 1492 1552 1527
f 1492 1527 1473
f 1473 1527 1497
f 1473 1497 1449
f 1449 1497 1471
f 1449 1471 1427
f 1427 1471 1443
f 1427 1443 1401
f 1401 1443 1419
f 1401 1419 1375
f 1375 1419 1391
f 1375 1391 1353
f 1353 1391 1359
f 1353 1359 1327
f 1327 1359 1335
f 1327 1335 1301
f 1301 1335 1313
f 1301 1313 1287
f 1287 1313 1285
f 1287 1285 1259
f 1259 1285 1257
f 1259 1257 1235
f 1235 1257 1229
f 1235 1229 1211
f 1211 1229 1205
f 1211 1205 1187
f 1187 1205 1177
f 1187 1177 1161
f 1161 1177 1149
f 1161 1149 1139
f 1139 1149 1125
f 1139 1125 1113
f 1113 1125 1101
f 1113 1101 1087
f 1087 1101 1073
f 1087 1073 1061
f 1061 1073 1045
f 1061 1045 1035
f 1035 1045 1021
f 1035 1021 1009
f 1009 1021 997
f 1009 997 983
f 983 997 969
f 983 969 957
f 957 969 946
f 957 946 941
f 941 946 913
f 941 913 923
f 923 913 887
f 923 887 893
f 893 887 861
f 893 861 867
f 867 861 835
f 867 835 841
f 841 835 809
f 841 809 815
f 815 809 783
f 815 783 789
f 789 783 757
f 789 757 763
f 763 757 731
f 763 731 737
f 737 731 705
f 737 705 715
f 715 705 679
f 715 679 689
f 689 679 653
f 689 653 665
f 665 653 623
f 665 623 641
f 641 623 597
f 641 597 617
f 617 597 571
f 617 571 589
f 589 571 547
f 589 547 575
f 575 547 521
f 575 521 549
f 549 521 495
f 549 495 523
f 523 495 465
f 523 465 501
f 501 465 439
f 501 439 475
f 475 439 409
f 475 409 449
f 449 409 387
f 449 387 427
f 427 387 357
f 427 357 403
f 403 357 330
f 403 330 384
f 384 330 307
f 384 307 365
f 365 307 277
f 365 277 337
f 337 277 245
f 337 245 313
f 313 245 205
f 313 205 295
f 295 205 173
f 295 173 279
f 279 173 146
f 279 146 263
f 263 146 130
f 263 130 231
f 231 130 110
f 231 110 219
f 219 110 100
f 219 100 191
f 191 100 88
f 191 88 181
f 181 88 78
f 181 78 175
f 175 78 68
f 175 68 170
f 170 68 60
f 170 60 163
f 163 60 63
f 163 63 169
f 169 63 73
f 169 73 174
f 174 73 85
f 174 85 180
f 180 85 97
f 180 97 190
f 190 97 105
f 190 105 218
f 218 105 125
f 218 125 230
f 230 125 143
f 230 143 262
f 262 143 168
f 262 168 278
f 278 168 200
f 278 200 294
f 294 200 240
f 294 240 312
f 312 240 270
f 312 270 336
f 336 270 300
f 336 300 364
f 364 300 325
f 364 325 383
f 383 325 352
f 383 352 402
f 402 352 382
f 402 382 426
f 426 382 406
f 426 406 448
f 448 406 434
f 448 434 474
f 474 434 460
f 474 460 500
f 500 460 488
f 500 488 522
f 522 488 518
f 522 518 548
f 548 518 542
f 548 542 574
f 574 542 566
f 574 566 588
f 588 566 594
f 588 594 616
f 616 594 620
f 616 620 640
f 640 620 648
f 640 648 664
f 664 648 674
f 664 674 688
f 688 674 702
f 688 702 714
f 714 702 728
f 714 728 736
f 736 728 752
f 736 752 762
f 762 752 778
f 762 778 788
f 788 778 806
f 788 806 814
f 814 806 832
f 814 832 840
f 840 832 856
f 840 856 866
f 866 856 882
f 866 882 892
f 892 882 910
f 892 910 918
f 918 910 931
f 918 931 934
f 934 931 964
f 934 964 952
f 952 964 992
f 952 992 982
f 982 992 1018
f 982 1018 1008
f 1008 1018 1042
f 1008 1042 1034
f 1034 1042 1068
f 1034 1068 1060
f 1060 1068 1096
f 1060 1096 1086
f 1086 1096 1122
f 1086 1122 1112
f 1112 1122 1146
f 1112 1146 1138
f 1138 1146 1172
f 1138 1172 1160
f 1160 1172 1200
f 1160 1200 1186
f 1186 1200 1226
f 1186 1226 1210
f 1210 1226 1254
f 1210 1254 1234
f 1234 1254 1280
f 1234 1280 1258
f 1258 1280 1308
f 1258 1308 1286
f 1286 1308 1332
f 1286 1332 1300
f 1300 1332 1356
f 1300 1356 1326
f 1326 1356 1382
f 1326 1382 1352
f 1352 1382 1414
f 1352 1414 1374
f 1374 1414 1440
f 1374 1440 1400
f 1400 1440 1468
f 1400 1468 1426
f 1426 1468 1490
f 1426 1490 1448
f 1448 1490 1522
f 1448 1522 1472
f 1472 1522 1549
f 1472 1549 1491
f 1491 1549 1570
f 1491 1570 1510
f 1510 1570 1600
f 1510 1600 1538
f 1538 1600 1634
f 1538 1634 1562
f 1562 1634 1674
f 1562 1674 1580
f 1580 1674 1704
f 1580 1704 1596
f 1596 1704 1731
f 1596 1731 1612
f 1612 1731 1749
f 1612 1749 1644
f 1644 1749 1769
f 1644 1769 1656
f 1656 1769 1777
f 1656 1777 1684
f 1684 1777 1789
f 1684 1789 1694
f 1694 1789 1801
f 1694 1801 1700
f 1700 1801 1811
f 1700 1811 1705
f 1705 1811 1817
f 1705 1817 1712
f 1817 1816 1813
f 1817 1813 1814
f 1814 1813 1805
f 1814 1805 1806
f 1806 1805 1793
f 1806 1793 1794
f 1794 1793 1779
f 1794 1779 1780
f 1780 1779 1771
f 1780 1771 1772
f 1772 1771 1753
f 1772 1753 1754
f 1754 1753 1735
f 1754 1735 1736
f 1736 1735 1708
f 1736 1708 1709
f 1709 1708 1676
f 1709 1676 1677
f 1677 1676 1638
f 1677 1638 1639
f 1639 1638 1608
f 1639 1608 1609
f 1609 1608 1576
f 1609 1576 1577
f 1577 1576 1551
f 1577 1551 1552
f 1552 1551 1526
f 1552 1526 1527
f 1527 1526 1496
f 1527 1496 1497
f 1497 1496 1470
f 1497 1470 1471
f 1471 1470 1442
f 1471 1442 1443
f 1443 1442 1418
f 1443 1418 1419
f 1419 1418 1390
f 1419 1390 1391
f 1391 1390 1358
f 1391 1358 1359
f 1359 1358 1334
f 1359 1334 1335
f 1335 1334 1312
f 1335 1312 1313
f 1313 1312 1284
f 1313 1284 1285
f 1285 1284 1256
f 1285 1256 1257
f 1257 1256 1228
f 1257 1228 1229
f 1229 1228 1204
f 1229 1204 1205
f 1205 1204 1176
f 1205 1176 1177
f 1177 1176 1148
f 1177 1148 1149
f 1149 1148 1124
f 1149 1124 1125
f 1125 1124 1100
f 1125 1100 1101
f 1101 1100 1072
f 1101 1072 1073
f 1073 1072 1044
f 1073 1044 1045
f 1045 1044 1020
f 1045 1020 1021
f 1021 1020 996
f 1021 996 997
f 997 996 968
f 997 968 969
f 969 968 945
f 969 945 946
f 946 945 912
f 946 912 913
f 913 912 886
f 913 886 887
f 887 886 860
f 887 860 861
f 861 860 834
f 861 834 835
f 835 834 808
f 835 808 809
f 809 808 782
f 809 782 783
f 783 782 756
f 783 756 757
f 757 756 730
f 757 730 731
f 731 730 704
f 731 704 705
f 705 704 678
f 705 678 679
f 679 678 652
f 679 652 653
f 653 652 622
f 653 622 623
f 623 622 596
f 623 596 597
f 597 596 570
f 597 570 571
f 571 570 546
f 571 546 547
f 547 546 520
f 547 520 521
f 521 520 494
f 521 494 495
f 495 494 464
f 495 464 465
f 465 464 438
f 465 438 439
f 439 438 408
f 439 408 409
f 409 408 386
f 409 386 387
f 387 386 356
f 387 356 357
f 357 356 329
f 357 329 330
f 330 329 306
f 330 306 307
f 307 306 276
f 307 276 277
f 277 276 244
f 277 244 245
f 245 244 204
f 245 204 205
f 205 204 172
f 205 172 173
f 173 172 145
f 173 145 146
f 146 145 129
f 146 129 130
f 130 129 109
f 130 109 110
f 110 109 99
f 110 99 100
f 100 99 87
f 100 87 88
f 88 87 77
f 88 77 78
f 78 77 67
f 78 67 68
f 68 67 59
f 68 59 60
f 60 59 62
f 60 62 63
f 63 62 72
f 63 72 73
f 73 72 84
f 73 84 85
f 85 84 96
f 85 96 97
f 97 96 104
f 97 104 105
f 105 104 124
f 105 124 125
f 125 124 142
f 125 142 143
f 143 142 167
f 143 167 168
f 168 167 199
f 168 199 200
f 200 199 239
f 200 239 240
f 240 239 269
f 240 269 270
f 270 269 299
f 270 299 300
f 300 299 324
f 300 324 325
f 325 324 351
f 325 351 352
f 352 351 381
f 352 381 382
f 382 381 405
f 382 405 406
f 406 405 433
f 406 433 434
f 434 433 459
f 434 459 460
f 460 459 487
f 460 487 488
f 488 487 517
f 488 517 518
f 518 517 541
f 518 541 542
f 542 541 565
f 542 565 566
f 566 565 593
f 566 593 594
f 594 593 619
f 594 619 620
f 620 619 647
f 620 647 648
f 648 647 673
f 648 673 674
f 674 673 701
f 674 701 702
f 702 701 727
f 702 727 728
f 728 727 751
f 728 751 752
f 752 751 777
f 752 777 778
f 778 777 805
f 778 805 806
f 806 805 831
f 806 831 832
f 832 831 855
f 832 855 856
f 856 855 881
f 856 881 882
f 882 881 909
f 882 909 910
f 910 909 930
f 910 930 931
f 931 930 963
f 931 963 964
f 964 963 991
f 964 991 992
f 992 991 1017
f 992 1017 1018
f 1018 1017 1041
f 1018 1041 1042
f 1042 1041 1067
f 1042 1067 1068
f 1068 1067 1095
f 1068 1095 1096
f 1096 1095 1121
f 1096 1121 1122
f 1122 1121 1145
f 1122 1145 1146
f 1146 1145 1171
f 1146 1171 1172
f 1172 1171 1199
f 1172 1199 1200
f 1200 1199 1225
f 1200 1225 1226
f 1226 1225 1253
f 1226 1253 1254
f 1254 1253 1279
f 1254 1279 1280
f 1280 1279 1307
f 1280 1307 1308
f 1308 1307 1331
f 1308 1331 1332
f 1332 1331 1355
f 1332 1355 1356
f 1356 1355 1381
f 1356 1381 1382
f 1382 1381 1413
f 1382 1413 1414
f 1414 1413 1439
f 1414 1439 1440
f 1440 1439 1467
f 1440 1467 1468
f 1468 1467 1489
f 1468 1489 1490
f 1490 1489 1521
f 1490 1521 1522
f 1522 1521 1548
f 1522 1548 1549
f 1549 1548 1569
f 1549 1569 1570
f 1570 1569 1599
f 1570 1599 1600
f 1600 1599 1633
f 1600 1633 1634
f 1634 1633 1673
f 1634 1673 1674
f 1674 1673 1703
f 1674 1703 1704
f 1704 1703 1730
f 1704 1730 1731
f 1731 1730 1748
f 1731 1748 1749
f 1749 1748 1768
f 1749 1768 1769
f 1769 1768 1776
f 1769 1776 1777
f 1777 1776 1788
f 1777 1788 1789
f 1789 1788 1800
f 1789 1800 1801
f 1801 1800 1810
f 1801 1810 1811
f 1811 1810 1816
f 1811 1816 1817
f 1816 1852 1850
f 1816 1850 1813
f 1813 1850 1804
f 1813 1804 1805
f 1805 1804 1792
f 1805 1792 1793
f 1793 1792 1837
f 1793 1837 1779
f 1779 1837 1825
f 1779 1825 1771
f 1771 1825 1752
f 1771 1752 1753
f 1753 1752 1734
f 1753 1734 1735
f 1735 1734 1764
f 1735 1764 1708
f 1708 1764 1744
f 1708 1744 1676
f 1676 1744 1637
f 1676 1637 1638
f 1638 1637 1607
f 1638 1607 1608
f 1608 1607 1625
f 1608 1625 1576
f 1576 1625 1591
f 1576 1591 1551
f 1551 1591 1525
f 1551 1525 1526
f 1526 1525 1495
f 1526 1495 1496
f 1496 1495 1501
f 1496 1501 1470
f 1470 1501 1465
f 1470 1465 1442
f 1442 1465 1417
f 1442 1417 1418
f 1418 1417 1389
f 1418 1389 1390
f 1390 1389 1379
f 1390 1379 1358
f 1358 1379 1351
f 1358 1351 1334
f 1334 1351 1311
f 1334 1311 1312
f 1312 1311 1283
f 1312 1283 1284
f 1284 1283 1269
f 1284 1269 1256
f 1256 1269 1243
f 1256 1243 1228
f 1228 1243 1203
f 1228 1203 1204
f 1204 1203 1175
f 1204 1175 1176
f 1176 1175 1155
f 1176 1155 1148
f 1148 1155 1129
f 1148 1129 1124
f 1124 1129 1099
f 1124 1099 1100
f 1100 1099 1071
f 1100 1071 1072
f 1072 1071 1051
f 1072 1051 1044
f 1044 1051 1025
f 1044 1025 1020
f 1020 1025 995
f 1020 995 996
f 996 995 967
f 996 967 968
f 968 967 949
f 968 949 945
f 945 949 905
f 945 905 912
f 912 905 885
f 912 885 886
f 886 885 859
f 886 859 860
f 860 859 827
f 860 827 834
f 834 827 799
f 834 799 808
f 808 799 781
f 808 781 782
f 782 781 755
f 782 755 756
f 756 755 723
f 756 723 730
f 730 723 691
f 730 691 704
f 704 691 677
f 704 677 678
f 678 677 651
f 678 651 652
f 652 651 609
f 652 609 622
f 622 609 581
f 622 581 596
f 596 581 569
f 596 569 570
f 570 569 545
f 570 545 546
f 546 545 499
f 546 499 520
f 520 499 471
f 520 471 494
f 494 471 463
f 494 463 464
f 464 463 437
f 464 437 438
f 438 437 377
f 438 377 408
f 408 377 347
f 408 347 386
f 386 347 355
f 386 355 356
f 356 355 328
f 356 328 329
f 329 328 261
f 329 261 306
f 306 261 217
f 306 217 276
f 276 217 243
f 276 243 244
f 244 243 203
f 244 203 204
f 204 203 114
f 204 114 172
f 172 114 90
f 172 90 145
f 145 90 128
f 145 128 129
f 129 128 108
f 129 108 109
f 109 108 41
f 109 41 99
f 99 41 35
f 99 35 87
f 87 35 76
f 87 76 77
f 77 76 66
f 77 66 67
f 67 66 24
f 67 24 59
f 59 24 26
f 59 26 62
f 62 26 71
f 62 71 72
f 72 71 83
f 72 83 84
f 84 83 39
f 84 39 96
f 96 39 51
f 96 51 104
f 104 51 123
f 104 123 124
f 124 123 141
f 124 141 142
f 142 141 112
f 142 112 167
f 167 112 132
f 167 132 199
f 199 132 238
f 199 238 239
f 239 238 268
f 239 268 269
f 269 268 251
f 269 251 299
f 299 251 285
f 299 285 324
f 324 285 350
f 324 350 351
f 351 350 380
f 351 380 381
f 381 380 375
f 381 375 405
f 405 375 411
f 405 411 433
f 433 411 458
f 433 458 459
f 459 458 486
f 459 486 487
f 487 486 497
f 487 497 517
f 517 497 525
f 517 525 541
f 541 525 564
f 541 564 565
f 565 564 592
f 565 592 593
f 593 592 607
f 593 607 619
f 619 607 633
f 619 633 647
f 647 633 672
f 647 672 673
f 673 672 700
f 673 700 701
f 701 700 721
f 701 721 727
f 727 721 747
f 727 747 751
f 751 747 776
f 751 776 777
f 777 776 804
f 777 804 805
f 805 804 825
f 805 825 831
f 831 825 851
f 831 851 855
f 855 851 880
f 855 880 881
f 881 880 908
f 881 908 909
f 909 908 927
f 909 927 930
f 930 927 971
f 930 971 963
f 963 971 990
f 963 990 991
f 991 990 1016
f 991 1016 1017
f 1017 1016 1049
f 1017 1049 1041
f 1041 1049 1077
f 1041 1077 1067
f 1067 1077 1094
f 1067 1094 1095
f 1095 1094 1120
f 1095 1120 1121
f 1121 1120 1153
f 1121 1153 1145
f 1145 1153 1185
f 1145 1185 1171
f 1171 1185 1198
f 1171 1198 1199
f 1199 1198 1224
f 1199 1224 1225
f 1225 1224 1267
f 1225 1267 1253
f 1253 1267 1295
f 1253 1295 1279
f 1279 1295 1306
f 1279 1306 1307
f 1307 1306 1330
f 1307 1330 1331
f 1331 1330 1377
f 1331 1377 1355
f 1355 1377 1405
f 1355 1405 1381
f 1381 1405 1412
f 1381 1412 1413
f 1413 1412 1438
f 1413 1438 1439
f 1439 1438 1499
f 1439 1499 1467
f 1467 1499 1529
f 1467 1529 1489
f 1489 1529 1520
f 1489 1520 1521
f 1521 1520 1547
f 1521 1547 1548
f 1548 1547 1615
f 1548 1615 1569
f 1569 1615 1659
f 1569 1659 1599
f 1599 1659 1632
f 1599 1632 1633
f 1633 1632 1672
f 1633 1672 1673
f 1673 1672 1762
f 1673 1762 1703
f 1703 1762 1786
f 1703 1786 1730
f 1730 1786 1747
f 1730 1747 1748
f 1748 1747 1767
f 1748 1767 1768
f 1768 1767 1835
f 1768 1835 1776
f 1776 1835 1841
f 1776 1841 1788
f 1788 1841 1799
f 1788 1799 1800
f 1800 1799 1809
f 1800 1809 1810
f 1810 1809 1852
f 1810 1852 1816
f 1852 1851 1849
f 1852 1849 1850
f 1850 1849 1803
f 1850 1803 1804
f 1804 1803 1791
f 1804 1791 1792
f 1792 1791 1836
f 1792 1836 1837
f 1837 1836 1824
f 1837 1824 1825
f 1825 1824 1751
f 1825 1751 1752
f 1752 1751 1733
f 1752 1733 1734
f 1734 1733 1763
f 1734 1763 1764
f 1764 1763 1743
f 1764 1743 1744
f 1744 1743 1636
f 1744 1636 1637
f 1637 1636 1606
f 1637 1606 1607
f 1607 1606 1624
f 1607 1624 1625
f 1625 1624 1590
f 1625 1590 1591
f 1591 1590 1524
f 1591 1524 1525
f 1525 1524 1494
f 1525 1494 1495
f 1495 1494 1500
f 1495 1500 1501
f 1501 1500 1464
f 1501 1464 1465
f 1465 1464 1416
f 1465 1416 1417
f 1417 1416 1388
f 1417 1388 1389
f 1389 1388 1378
f 1389 1378 1379
f 1379 1378 1350
f 1379 1350 1351
f 1351 1350 1310
f 1351 1310 1311
f 1311 1310 1282
f 1311 1282 1283
f 1283 1282 1268
f 1283 1268 1269
f 1269 1268 1242
f 1269 1242 1243
f 1243 1242 1202
f 1243 1202 1203
f 1203 1202 1174
f 1203 1174 1175
f 1175 1174 1154
f 1175 1154 1155
f 1155 1154 1128
f 1155 1128 1129
f 1129 1128 1098
f 1129 1098 1099
f 1099 1098 1070
f 1099 1070 1071
f 1071 1070 1050
f 1071 1050 1051
f 1051 1050 1024
f 1051 1024 1025
f 1025 1024 994
f 1025 994 995
f 995 994 966
f 995 966 967
f 967 966 948
f 967 948 949
f 949 948 904
f 949 904 905
f 905 904 884
f 905 884 885
f 885 884 858
f 885 858 859
f 859 858 826
f 859 826 827
f 827 826 798
f 827 798 799
f 799 798 780
f 799 780 781
f 781 780 754
f 781 754 755
f 755 754 722
f 755 722 723
f 723 722 690
f 723 690 691
f 691 690 676
f 691 676 677
f 677 676 650
f 677 650 651
f 651 650 608
f 651 608 609
f 609 608 580
f 609 580 581
f 581 580 568
f 581 568 569
f 569 568 544
f 569 544 545
f 545 544 498
f 545 498 499
f 499 498 470
f 499 470 471
f 471 470 462
f 471 462 463
f 463 462 436
f 463 436 437
f 437 436 376
f 437 376 377
f 377 376 346
f 377 346 347
f 347 346 354
f 347 354 355
f 355 354 327
f 355 327 328
f 328 327 260
f 328 260 261
f 261 260 216
f 261 216 217
f 217 216 242
f 217 242 243
f 243 242 202
f 243 202 203
f 203 202 113
f 203 113 114
f 114 113 89
f 114 89 90
f 90 89 127
f 90 127 128
f 128 127 107
f 128 107 108
f 108 107 40
f 108 40 41
f 41 40 34
f 41 34 35
f 35 34 75
f 35 75 76
f 76 75 65
f 76 65 66
f 66 65 23
f 66 23 24
f 24 23 25
f 24 25 26
f 26 25 70
f 26 70 71
f 71 70 82
f 71 82 83
f 83 82 38
f 83 38 39
f 39 38 50
f 39 50 51
f 51 50 122
f 51 122 123
f 123 122 140
f 123 140 141
f 141 140 111
f 141 111 112
f 112 111 131
f 112 131 132
f 132 131 237
f 132 237 238
f 238 237 267
f 238 267 268
f 268 267 250
f 268 250 251
f 251 250 284
f 251 284 285
f 285 284 349
f 285 349 350
f 350 349 379
f 350 379 380
f 380 379 374
f 380 374 375
f 375 374 410
f 375 410 411
f 411 410 457
f 411 457 458
f 458 457 485
f 458 485 486
f 486 485 496
f 486 496 497
f 497 496 524
f 497 524 525
f 525 524 563
f 525 563 564
f 564 563 591
f 564 591 592
f 592 591 606
f 592 606 607
f 607 606 632
f 607 632 633
f 633 632 671
f 633 671 672
f 672 671 699
f 672 699 700
f 700 699 720
f 700 720 721
f 721 720 746
f 721 746 747
f 747 746 775
f 747 775 776
f 776 775 803
f 776 803 804
f 804 803 824
f 804 824 825
f 825 824 850
f 825 850 851
f 851 850 879
f 851 879 880
f 880 879 907
f 880 907 908
f 908 907 926
f 908 926 927
f 927 926 970
f 927 970 971
f 971 970 989
f 971 989 990
f 990 989 1015
f 990 1015 1016
f 1016 1015 1048
f 1016 1048 1049
f 1049 1048 1076
f 1049 1076 1077
f 1077 1076 1093
f 1077 1093 1094
f 1094 1093 1119
f 1094 1119 1120
f 1120 1119 1152
f 1120 1152 1153
f 1153 1152 1184
f 1153 1184 1185
f 1185 1184 1197
f 1185 1197 1198
f 1198 1197 1223
f 1198 1223 1224
f 1224 1223 1266
f 1224 1266 1267
f 1267 1266 1294
f 1267 1294 1295
f 1295 1294 1305
f 1295 1305 1306
f 1306 1305 1329
f 1306 1329 1330
f 1330 1329 1376
f 1330 1376 1377
f 1377 1376 1404
f 1377 1404 1405
f 1405 1404 1411
f 1405 1411 1412
f 1412 1411 1437
f 1412 1437 1438
f 1438 1437 1498
f 1438 1498 1499
f 1499 1498 1528
f 1499 1528 1529
f 1529 1528 1519
f 1529 1519 1520
f 1520 1519 1546
f 1520 1546 1547
f 1547 1546 1614
f 1547 1614 1615
f 1615 1614 1658
f 1615 1658 1659
f 1659 1658 1631
f 1659 1631 1632
f 1632 1631 1671
f 1632 1671 1672
f 1672 1671 1761
f 1672 1761 1762
f 1762 1761 1785
f 1762 1785 1786
f 1786 1785 1746
f 1786 1746 1747
f 1747 1746 1766
f 1747 1766 1767
f 1767 1766 1834
f 1767 1834 1835
f 1835 1834 1840
f 1835 1840 1841
f 1841 1840 1798
f 1841 1798 1799
f 1799 1798 1808
f 1799 1808 1809
f 1809 1808 1851
f 1809 1851 1852
f 1851 1815 1812
f 1851 1812 1849
f 1849 1812 1802
f 1849 1802 1803
f 1803 1802 1790
f 1803 1790 1791
f 1791 1790 1778
f 1791 1778 1836
f 1836 1778 1770
f 1836 1770 1824
f 1824 1770 1750
f 1824 1750 1751
f 1751 1750 1732
f 1751 1732 1733
f 1733 1732 1707
f 1733 1707 1763
f 1763 1707 1675
f 1763 1675 1743
f 1743 1675 1635
f 1743 1635 1636
f 1636 1635 1605
f 1636 1605 1606
f 1606 1605 1575
f 1606 1575 1624
f 1624 1575 1550
f 1624 1550 1590
f 1590 1550 1523
f 1590 1523 1524
f 1524 1523 1493
f 1524 1493 1494
f 1494 1493 1469
f 1494 1469 1500
f 1500 1469 1441
f 1500 1441 1464
f 1464 1441 1415
f 1464 1415 1416
f 1416 1415 1387
f 1416 1387 1388
f 1388 1387 1357
f 1388 1357 1378
f 1378 1357 1333
f 1378 1333 1350
f 1350 1333 1309
f 1350 1309 1310
f 1310 1309 1281
f 1310 1281 1282
f 1282 1281 1255
f 1282 1255 1268
f 1268 1255 1227
f 1268 1227 1242
f 1242 1227 1201
f 1242 1201 1202
f 1202 1201 1173
f 1202 1173 1174
f 1174 1173 1147
f 1174 1147 1154
f 1154 1147 1123
f 1154 1123 1128
f 1128 1123 1097
f 1128 1097 1098
f 1098 1097 1069
f 1098 1069 1070
f 1070 1069 1043
f 1070 1043 1050
f 1050 1043 1019
f 1050 1019 1024
f 1024 1019 993
f 1024 993 994
f 994 993 965
f 994 965 966
f 966 965 944
f 966 944 948
f 948 944 911
f 948 911 904
f 904 911 883
f 904 883 884
f 884 883 857
f 884 857 858
f 858 857 833
f 858 833 826
f 826 833 807
f 826 807 798
f 798 807 779
f 798 779 780
f 780 779 753
f 780 753 754
f 754 753 729
f 754 729 722
f 722 729 703
f 722 703 690
f 690 703 675
f 690 675 676
f 676 675 649
f 676 649 650
f 650 649 621
f 650 621 608
f 608 621 595
f 608 595 580
f 580 595 567
f 580 567 568
f 568 567 543
f 568 543 544
f 544 543 519
f 544 519 498
f 498 519 493
f 498 493 470
f 470 493 461
f 470 461 462
f 462 461 435
f 462 435 436
f 436 435 407
f 436 407 376
f 376 407 385
f 376 385 346
f 346 385 353
f 346 353 354
f 354 353 326
f 354 326 327
f 327 326 305
f 327 305 260
f 260 305 275
f 260 275 216
f 216 275 241
f 216 241 242
f 242 241 201
f 242 201 202
f 202 201 171
f 202 171 113
f 113 171 144
f 113 144 89
f 89 144 126
f 89 126 127
f 127 126 106
f 127 106 107
f 107 106 98
f 107 98 40
f 40 98 86
f 40 86 34
f 34 86 74
f 34 74 75
f 75 74 64
f 75 64 65
f 65 64 58
f 65 58 23
f 23 58 61
f 23 61 25
f 25 61 69
f 25 69 70
f 70 69 81
f 70 81 82
f 82 81 95
f 82 95 38
f 38 95 103
f 38 103 50
f 50 103 121
f 50 121 122
f 122 121 139
f 122 139 140
f 140 139 166
f 140 166 111
f 111 166 198
f 111 198 131
f 131 198 236
f 131 236 237
f 237 236 266
f 237 266 267
f 267 266 298
f 267 298 250
f 250 298 323
f 250 323 284
f 284 323 348
f 284 348 349
f 349 348 378
f 349 378 379
f 379 378 404
f 379 404 374
f 374 404 432
f 374 432 410
f 410 432 456
f 410 456 457
f 457 456 484
f 457 484 485
f 485 484 516
f 485 516 496
f 496 516 540
f 496 540 524
f 524 540 562
f 524 562 563
f 563 562 590
f 563 590 591
f 591 590 618
f 591 618 606
f 606 618 646
f 606 646 632
f 632 646 670
f 632 670 671
f 671 670 698
f 671 698 699
f 699 698 726
f 699 726 720
f 720 726 750
f 720 750 746
f 746 750 774
f 746 774 775
f 775 774 802
f 775 802 803
f 803 802 830
f 803 830 824
f 824 830 854
f 824 854 850
f 850 854 878
f 850 878 879
f 879 878 906
f 879 906 907
f 907 906 929
f 907 929 926
f 926 929 962
f 926 962 970
f 970 962 988
f 970 988 989
f 989 988 1014
f 989 1014 1015
f 1015 1014 1040
f 1015 1040 1048
f 1048 1040 1066
f 1048 1066 1076
f 1076 1066 1092
f 1076 1092 1093
f 1093 1092 1118
f 1093 1118 1119
f 1119 1118 1144
f 1119 1144 1152
f 1152 1144 1170
f 1152 1170 1184
f 1184 1170 1196
f 1184 1196 1197
f 1197 1196 1222
f 1197 1222 1223
f 1223 1222 1252
f 1223 1252 1266
f 1266 1252 1278
f 1266 1278 1294
f 1294 1278 1304
f 1294 1304 1305
f 1305 1304 1328
f 1305 1328 1329
f 1329 1328 1354
f 1329 1354 1376
f 1376 1354 1380
f 1376 1380 1404
f 1404 1380 1410
f 1404 1410 1411
f 1411 1410 1436
f 1411 1436 1437
f 1437 1436 1466
f 1437 1466 1498
f 1498 1466 1488
f 1498 1488 1528
f 1528 1488 1518
f 1528 1518 1519
f 1519 1518 1545
f 1519 1545 1546
f 1546 1545 1568
f 1546 1568 1614
f 1614 1568 1598
f 1614 1598 1658
f 1658 1598 1630
f 1658 1630 1631
f 1631 1630 1670
f 1631 1670 1671
f 1671 1670 1702
f 1671 1702 1761
f 1761 1702 1729
f 1761 1729 1785
f 1785 1729 1745
f 1785 1745 1746
f 1746 1745 1765
f 1746 1765 1766
f 1766 1765 1775
f 1766 1775 1834
f 1834 1775 1787
f 1834 1787 1840
f 1840 1787 1797
f 1840 1797 1798
f 1798 1797 1807
f 1798 1807 1808
f 1808 1807 1815
f 1808 1815 1851
f 1815 1742 1740
f 1815 1740 1812
f 1812 1740 1728
f 1812 1728 1802
f 1802 1728 1722
f 1802 1722 1790
f 1790 1722 1714
f 1790 1714 1778
f 1778 1714 1697
f 1778 1697 1770
f 1770 1697 1667
f 1770 1667 1750
f 1750 1667 1649
f 1750 1649 1732
f 1732 1649 1623
f 1732 1623 1707
f 1707 1623 1595
f 1707 1595 1675
f 1675 1595 1574
f 1675 1574 1635
f 1635 1574 1561
f 1635 1561 1605
f 1605 1561 1537
f 1605 1537 1575
f 1575 1537 1509
f 1575 1509 1550
f 1550 1509 1477
f 1550 1477 1523
f 1523 1477 1457
f 1523 1457 1493
f 1493 1457 1435
f 1493 1435 1469
f 1469 1435 1409
f 1469 1409 1441
f 1441 1409 1386
f 1441 1386 1415
f 1415 1386 1363
f 1415 1363 1387
f 1387 1363 1343
f 1387 1343 1357
f 1357 1343 1319
f 1357 1319 1333
f 1333 1319 1291
f 1333 1291 1309
f 1309 1291 1263
f 1309 1263 1281
f 1281 1263 1241
f 1281 1241 1255
f 1255 1241 1217
f 1255 1217 1227
f 1227 1217 1191
f 1227 1191 1201
f 1201 1191 1169
f 1201 1169 1173
f 1173 1169 1143
f 1173 1143 1147
f 1147 1143 1117
f 1147 1117 1123
f 1123 1117 1091
f 1123 1091 1097
f 1097 1091 1065
f 1097 1065 1069
f 1069 1065 1039
f 1069 1039 1043
f 1043 1039 1013
f 1043 1013 1019
f 1019 1013 987
f 1019 987 993
f 993 987 961
f 993 961 965
f 965 961 943
f 965 943 944
f 944 943 917
f 944 917 911
f 911 917 891
f 911 891 883
f 883 891 865
f 883 865 857
f 857 865 839
f 857 839 833
f 833 839 813
f 833 813 807
f 807 813 787
f 807 787 779
f 779 787 761
f 779 761 753
f 753 761 735
f 753 735 729
f 729 735 709
f 729 709 703
f 703 709 687
f 703 687 675
f 675 687 661
f 675 661 649
f 649 661 637
f 649 637 621
f 621 637 615
f 621 615 595
f 595 615 587
f 595 587 567
f 567 587 559
f 567 559 543
f 543 559 535
f 543 535 519
f 519 535 515
f 519 515 493
f 493 515 492
f 493 492 461
f 461 492 469
f 461 469 435
f 435 469 443
f 435 443 407
f 407 443 421
f 407 421 385
f 385 421 401
f 385 401 353
f 353 401 369
f 353 369 326
f 326 369 341
f 326 341 305
f 305 341 317
f 305 317 275
f 275 317 304
f 275 304 241
f 241 304 283
f 241 283 201
f 201 283 259
f 201 259 171
f 171 259 229
f 171 229 144
f 144 229 211
f 144 211 126
f 126 211 183
f 126 183 106
f 106 183 165
f 106 165 98
f 98 165 156
f 98 156 86
f 86 156 150
f 86 150 74
f 74 150 138
f 74 138 64
f 64 138 134
f 64 134 58
f 58 134 136
f 58 136 61
f 61 136 148
f 61 148 69
f 69 148 154
f 69 154 81
f 81 154 162
f 81 162 95
f 95 162 179
f 95 179 103
f 103 179 209
f 103 209 121
f 121 209 227
f 121 227 139
f 139 227 253
f 139 253 166
f 166 253 281
f 166 281 198
f 198 281 302
f 198 302 236
f 236 302 315
f 236 315 266
f 266 315 339
f 266 339 298
f 298 339 367
f 298 367 323
f 323 367 399
f 323 399 348
f 348 399 419
f 348 419 378
f 378 419 441
f 378 441 404
f 404 441 467
f 404 467 432
f 432 467 490
f 432 490 456
f 456 490 513
f 456 513 484
f 484 513 533
f 484 533 516
f 516 533 557
f 516 557 540
f 540 557 585
f 540 585 562
f 562 585 613
f 562 613 590
f 590 613 635
f 590 635 618
f 618 635 659
f 618 659 646
f 646 659 685
f 646 685 670
f 670 685 707
f 670 707 698
f 698 707 733
f 698 733 726
f 726 733 759
f 726 759 750
f 750 759 785
f 750 785 774
f 774 785 811
f 774 811 802
f 802 811 837
f 802 837 830
f 830 837 863
f 830 863 854
f 854 863 889
f 854 889 878
f 878 889 915
f 878 915 906
f 906 915 933
f 906 933 929
f 929 933 959
f 929 959 962
f 962 959 985
f 962 985 988
f 988 985 1011
f 988 1011 1014
f 1014 1011 1037
f 1014 1037 1040
f 1040 1037 1063
f 1040 1063 1066
f 1066 1063 1089
f 1066 1089 1092
f 1092 1089 1115
f 1092 1115 1118
f 1118 1115 1141
f 1118 1141 1144
f 1144 1141 1167
f 1144 1167 1170
f 1170 1167 1189
f 1170 1189 1196
f 1196 1189 1215
f 1196 1215 1222
f 1222 1215 1239
f 1222 1239 1252
f 1252 1239 1261
f 1252 1261 1278
f 1278 1261 1289
f 1278 1289 1304
f 1304 1289 1317
f 1304 1317 1328
f 1328 1317 1341
f 1328 1341 1354
f 1354 1341 1361
f 1354 1361 1380
f 1380 1361 1384
f 1380 1384 1410
f 1410 1384 1407
f 1410 1407 1436
f 1436 1407 1433
f 1436 1433 1466
f 1466 1433 1455
f 1466 1455 1488
f 1488 1455 1475
f 1488 1475 1518
f 1518 1475 1507
f 1518 1507 1545
f 1545 1507 1535
f 1545 1535 1568
f 1568 1535 1559
f 1568 1559 1598
f 1598 1559 1572
f 1598 1572 1630
f 1630 1572 1593
f 1630 1593 1670
f 1670 1593 1617
f 1670 1617 1702
f 1702 1617 1647
f 1702 1647 1729
f 1729 1647 1665
f 1729 1665 1745
f 1745 1665 1693
f 1745 1693 1765
f 1765 1693 1711
f 1765 1711 1775
f 1775 1711 1720
f 1775 1720 1787
f 1787 1720 1726
f 1787 1726 1797
f 1797 1726 1738
f 1797 1738 1807
f 1807 1738 1742
f 1807 1742 1815
f 1742 1741 1739
f 1742 1739 1740
f 1740 1739 1727
f 1740 1727 1728
f 1728 1727 1721
f 1728 1721 1722
f 1722 1721 1713
f 1722 1713 1714
f 1714 1713 1696
f 1714 1696 1697
f 1697 1696 1666
f 1697 1666 1667
f 1667 1666 1648
f 1667 1648 1649
f 1649 1648 1622
f 1649 1622 1623
f 1623 1622 1594
f 1623 1594 1595
f 1595 1594 1573
f 1595 1573 1574
f 1574 1573 1560
f 1574 1560 1561
f 1561 1560 1536
f 1561 1536 1537
f 1537 1536 1508
f 1537 1508 1509
f 1509 1508 1476
f 1509 1476 1477
f 1477 1476 1456
f 1477 1456 1457
f 1457 1456 1434
f 1457 1434 1435
f 1435 1434 1408
f 1435 1408 1409
f 1409 1408 1385
f 1409 1385 1386
f 1386 1385 1362
f 1386 1362 1363
f 1363 1362 1342
f 1363 1342 1343
f 1343 1342 1318
f 1343 1318 1319
f 1319 1318 1290
f 1319 1290 1291
f 1291 1290 1262
f 1291 1262 1263
f 1263 1262 1240
f 1263 1240 1241
f 1241 1240 1216
f 1241 1216 1217
f 1217 1216 1190
f 1217 1190 1191
f 1191 1190 1168
f 1191 1168 1169
f 1169 1168 1142
f 1169 1142 1143
f 1143 1142 1116
f 1143 1116 1117
f 1117 1116 1090
f 1117 1090 1091
f 1091 1090 1064
f 1091 1064 1065
f 1065 1064 1038
f 1065 1038 1039
f 1039 1038 1012
f 1039 1012 1013
f 1013 1012 986
f 1013 986 987
f 987 986 960
f 987 960 961
f 961 960 942
f 961 942 943
f 943 942 916
f 943 916 917
f 917 916 890
f 917 890 891
f 891 890 864
f 891 864 865
f 865 864 838
f 865 838 839
f 839 838 812
f 839 812 813
f 813 812 786
f 813 786 787
f 787 786 760
f 787 760 761
f 761 760 734
f 761 734 735
f 735 734 708
f 735 708 709
f 709 708 686
f 709 686 687
f 687 686 660
f 687 660 661
f 661 660 636
f 661 636 637
f 637 636 614
f 637 614 615
f 615 614 586
f 615 586 587
f 587 586 558
f 587 558 559
f 559 558 534
f 559 534 535
f 535 534 514
f 535 514 515
f 515 514 491
f 515 491 492
f 492 491 468
f 492 468 469
f 469 468 442
f 469 442 443
f 443 442 420
f 443 420 421
f 421 420 400
f 421 400 401
f 401 400 368
f 401 368 369
f 369 368 340
f 369 340 341
f 341 340 316
f 341 316 317
f 317 316 303
f 317 303 304
f 304 303 282
f 304 282 283
f 283 282 258
f 283 258 259
f 259 258 228
f 259 228 229
f 229 228 210
f 229 210 211
f 211 210 182
f 211 182 183
f 183 182 164
f 183 164 165
f 165 164 155
f 165 155 156
f 156 155 149
f 156 149 150
f 150 149 137
f 150 137 138
f 138 137 133
f 138 133 134
f 134 133 135
f 134 135 136
f 136 135 147
f 136 147 148
f 148 147 153
f 148 153 154
f 154 153 161
f 154 161 162
f 162 161 178
f 162 178 179
f 179 178 208
f 179 208 209
f 209 208 226
f 209 226 227
f 227 226 252
f 227 252 253
f 253 252 280
f 253 280 281
f 281 280 301
f 281 301 302
f 302 301 314
f 302 314 315
f 315 314 338
f 315 338 339
f 339 338 366
f 339 366 367
f 367 366 398
f 367 398 399
f 399 398 418
f 399 418 419
f 419 418 440
f 419 440 441
f 441 440 466
f 441 466 467
f 467 466 489
f 467 489 490
f 490 489 512
f 490 512 513
f 513 512 532
f 513 532 533
f 533 532 556
f 533 556 557
f 557 556 584
f 557 584 585
f 585 584 612
f 585 612 613
f 613 612 634
f 613 634 635
f 635 634 658
f 635 658 659
f 659 658 684
f 659 684 685
f 685 684 706
f 685 706 707
f 707 706 732
f 707 732 733
f 733 732 758
f 733 758 759
f 759 758 784
f 759 784 785
f 785 784 810
f 785 810 811
f 811 810 836
f 811 836 837
f 837 836 862
f 837 862 863
f 863 862 888
f 863 888 889
f 889 888 914
f 889 914 915
f 915 914 932
f 915 932 933
f 933 932 958
f 933 958 959
f 959 958 984
f 959 984 985
f 985 984 1010
f 985 1010 1011
f 1011 1010 1036
f 1011 1036 1037
f 1037 1036 1062
f 1037 1062 1063
f 1063 1062 1088
f 1063 1088 1089
f 1089 1088 1114
f 1089 1114 1115
f 1115 1114 1140
f 1115 1140 1141
f 1141 1140 1166
f 1141 1166 1167
f 1167 1166 1188
f 1167 1188 1189
f 1189 1188 1214
f 1189 1214 1215
f 1215 1214 1238
f 1215 1238 1239
f 1239 1238 1260
f 1239 1260 1261
f 1261 1260 1288
f 1261 1288 1289
f 1289 1288 1316
f 1289 1316 1317
f 1317 1316 1340
f 1317 1340 1341
f 1341 1340 1360
f 1341 1360 1361
f 1361 1360 1383
f 1361 1383 1384
f 1384 1383 1406
f 1384 1406 1407
f 1407 1406 1432
f 1407 1432 1433
f 1433 1432 1454
f 1433 1454 1455
f 1455 1454 1474
f 1455 1474 1475
f 1475 1474 1506
f 1475 1506 1507
f 1507 1506 1534
f 1507 1534 1535
f 1535 1534 1558
f 1535 1558 1559
f 1559 1558 1571
f 1559 1571 1572
f 1572 1571 1592
f 1572 1592 1593
f 1593 1592 1616
f 1593 1616 1617
f 1617 1616 1646
f 1617 1646 1647
f 1647 1646 1664
f 1647 1664 1665
f 1665 1664 1692
f 1665 1692 1693
f 1693 1692 1710
f 1693 1710 1711
f 1711 1710 1719
f 1711 1719 1720
f 1720 1719 1725
f 1720 1725 1726
f 1726 1725 1737
f 1726 1737 1738
f 1738 1737 1741
f 1738 1741 1742
f 1741 1874 1872
f 1741 1872 1739
f 1739 1872 1868
f 1739 1868 1727
f 1727 1868 1864
f 1727 1864 1721
f 1721 1864 1860
f 1721 1860 1713
f 1713 1860 1856
f 1713 1856 1696
f 1696 1856 1848
f 1696 1848 1666
f 1666 1848 1831
f 1666 1831 1648
f 1648 1831 1821
f 1648 1821 1622
f 1622 1821 1784
f 1622 1784 1594
f 1594 1784 1758
f 1594 1758 1573
f 1573 1758 1718
f 1573 1718 1560
f 1560 1718 1679
f 1560 1679 1536
f 1536 1679 1629
f 1536 1629 1508
f 1508 1629 1589
f 1508 1589 1476
f 1476 1589 1557
f 1476 1557 1456
f 1456 1557 1517
f 1456 1517 1434
f 1434 1517 1485
f 1434 1485 1408
f 1408 1485 1453
f 1408 1453 1385
f 1385 1453 1429
f 1385 1429 1362
f 1362 1429 1399
f 1362 1399 1342
f 1342 1399 1367
f 1342 1367 1318
f 1318 1367 1339
f 1318 1339 1290
f 1290 1339 1315
f 1290 1315 1262
f 1262 1315 1277
f 1262 1277 1240
f 1240 1277 1247
f 1240 1247 1216
f 1216 1247 1221
f 1216 1221 1190
f 1190 1221 1195
f 1190 1195 1168
f 1168 1195 1165
f 1168 1165 1142
f 1142 1165 1137
f 1142 1137 1116
f 1116 1137 1107
f 1116 1107 1090
f 1090 1107 1081
f 1090 1081 1064
f 1064 1081 1055
f 1064 1055 1038
f 1038 1055 1029
f 1038 1029 1012
f 1012 1029 1003
f 1012 1003 986
f 986 1003 977
f 986 977 960
f 960 977 951
f 960 951 942
f 942 951 901
f 942 901 916
f 916 901 875
f 916 875 890
f 890 875 849
f 890 849 864
f 864 849 823
f 864 823 838
f 838 823 797
f 838 797 812
f 812 797 771
f 812 771 786
f 786 771 741
f 786 741 760
f 760 741 713
f 760 713 734
f 734 713 683
f 734 683 708
f 708 683 657
f 708 657 686
f 686 657 631
f 686 631 660
f 660 631 605
f 660 605 636
f 636 605 573
f 636 573 614
f 614 573 539
f 614 539 586
f 586 539 511
f 586 511 558
f 558 511 479
f 558 479 534
f 534 479 451
f 534 451 514
f 514 451 425
f 514 425 491
f 491 425 393
f 491 393 468
f 468 393 363
f 468 363 442
f 442 363 321
f 442 321 420
f 420 321 289
f 420 289 400
f 400 289 249
f 400 249 368
f 368 249 207
f 368 207 340
f 340 207 160
f 340 160 316
f 316 160 120
f 316 120 303
f 303 120 94
f 303 94 282
f 282 94 57
f 282 57 258
f 258 57 47
f 258 47 228
f 228 47 30
f 228 30 210
f 210 30 22
f 210 22 182
f 182 22 18
f 182 18 164
f 164 18 14
f 164 14 155
f 155 14 10
f 155 10 149
f 149 10 6
f 149 6 137
f 137 6 2
f 137 2 133
f 133 2 4
f 133 4 135
f 135 4 8
f 135 8 147
f 147 8 12
f 147 12 153
f 153 12 16
f 153 16 161
f 161 16 20
f 161 20 178
f 178 20 28
f 178 28 208
f 208 28 45
f 208 45 226
f 226 45 55
f 226 55 252
f 252 55 92
f 252 92 280
f 280 92 118
f 280 118 301
f 301 118 158
f 301 158 314
f 314 158 197
f 314 197 338
f 338 197 247
f 338 247 366
f 366 247 287
f 366 287 398
f 398 287 319
f 398 319 418
f 418 319 359
f 418 359 440
f 440 359 391
f 440 391 466
f 466 391 423
f 466 423 489
f 489 423 447
f 489 447 512
f 512 447 477
f 512 477 532
f 532 477 509
f 532 509 556
f 556 509 537
f 556 537 584
f 584 537 561
f 584 561 612
f 612 561 599
f 612 599 634
f 634 599 629
f 634 629 658
f 658 629 655
f 658 655 684
f 684 655 681
f 684 681 706
f 706 681 711
f 706 711 732
f 732 711 739
f 732 739 758
f 758 739 769
f 758 769 784
f 784 769 795
f 784 795 810
f 810 795 821
f 810 821 836
f 836 821 847
f 836 847 862
f 862 847 873
f 862 873 888
f 888 873 899
f 888 899 914
f 914 899 925
f 914 925 932
f 932 925 975
f 932 975 958
f 958 975 1001
f 958 1001 984
f 984 1001 1027
f 984 1027 1010
f 1010 1027 1053
f 1010 1053 1036
f 1036 1053 1079
f 1036 1079 1062
f 1062 1079 1105
f 1062 1105 1088
f 1088 1105 1135
f 1088 1135 1114
f 1114 1135 1163
f 1114 1163 1140
f 1140 1163 1193
f 1140 1193 1166
f 1166 1193 1219
f 1166 1219 1188
f 1188 1219 1245
f 1188 1245 1214
f 1214 1245 1271
f 1214 1271 1238
f 1238 1271 1303
f 1238 1303 1260
f 1260 1303 1337
f 1260 1337 1288
f 1288 1337 1365
f 1288 1365 1316
f 1316 1365 1397
f 1316 1397 1340
f 1340 1397 1425
f 1340 1425 1360
f 1360 1425 1451
f 1360 1451 1383
f 1383 1451 1483
f 1383 1483 1406
f 1406 1483 1513
f 1406 1513 1432
f 1432 1513 1555
f 1432 1555 1454
f 1454 1555 1587
f 1454 1587 1474
f 1474 1587 1627
f 1474 1627 1506
f 1506 1627 1669
f 1506 1669 1534
f 1534 1669 1716
f 1534 1716 1558
f 1558 1716 1756
f 1558 1756 1571
f 1571 1756 1782
f 1571 1782 1592
f 1592 1782 1819
f 1592 1819 1616
f 1616 1819 1829
f 1616 1829 1646
f 1646 1829 1846
f 1646 1846 1664
f 1664 1846 1854
f 1664 1854 1692
f 1692 1854 1858
f 1692 1858 1710
f 1710 1858 1862
f 1710 1862 1719
f 1719 1862 1866
f 1719 1866 1725
f 1725 1866 1870
f 1725 1870 1737
f 1737 1870 1874
f 1737 1874 1741
f 1874 1873 1871
f 1874 1871 1872
f 1872 1871 1867
f 1872 1867 1868
f 1868 1867 1863
f 1868 1863 1864
f 1864 1863 1859
f 1864 1859 1860
f 1860 1859 1855
f 1860 1855 1856
f 1856 1855 1847
f 1856 1847 1848
f 1848 1847 1830
f 1848 1830 1831
f 1831 1830 1820
f 1831 1820 1821
f 1821 1820 1783
f 1821 1783 1784
f 1784 1783 1757
f 1784 1757 1758
f 1758 1757 1717
f 1758 1717 1718
f 1718 1717 1678
f 1718 1678 1679
f 1679 1678 1628
f 1679 1628 1629
f 1629 1628 1588
f 1629 1588 1589
f 1589 1588 1556
f 1589 1556 1557
f 1557 1556 1516
f 1557 1516 1517
f 1517 1516 1484
f 1517 1484 1485
f 1485 1484 1452
f 1485 1452 1453
f 1453 1452 1428
f 1453 1428 1429
f 1429 1428 1398
f 1429 1398 1399
f 1399 1398 1366
f 1399 1366 1367
f 1367 1366 1338
f 1367 1338 1339
f 1339 1338 1314
f 1339 1314 1315
f 1315 1314 1276
f 1315 1276 1277
f 1277 1276 1246
f 1277 1246 1247
f 1247 1246 1220
f 1247 1220 1221
f 1221 1220 1194
f 1221 1194 1195
f 1195 1194 1164
f 1195 1164 1165
f 1165 1164 1136
f 1165 1136 1137
f 1137 1136 1106
f 1137 1106 1107
f 1107 1106 1080
f 1107 1080 1081
f 1081 1080 1054
f 1081 1054 1055
f 1055 1054 1028
f 1055 1028 1029
f 1029 1028 1002
f 1029 1002 1003
f 1003 1002 976
f 1003 976 977
f 977 976 950
f 977 950 951
f 951 950 900
f 951 900 901
f 901 900 874
f 901 874 875
f 875 874 848
f 875 848 849
f 849 848 822
f 849 822 823
f 823 822 796
f 823 796 797
f 797 796 770
f 797 770 771
f 771 770 740
f 771 740 741
f 741 740 712
f 741 712 713
f 713 712 682
f 713 682 683
f 683 682 656
f 683 656 657
f 657 656 630
f 657 630 631
f 631 630 604
f 631 604 605
f 605 604 572
f 605 572 573
f 573 572 538
f 573 538 539
f 539 538 510
f 539 510 511
f 511 510 478
f 511 478 479
f 479 478 450
f 479 450 451
f 451 450 424
f 451 424 425
f 425 424 392
f 425 392 393
f 393 392 362
f 393 362 363
f 363 362 320
f 363 320 321
f 321 320 288
f 321 288 289
f 289 288 248
f 289 248 249
f 249 248 206
f 249 206 207
f 207 206 159
f 207 159 160
f 160 159 119
f 160 119 120
f 120 119 93
f 120 93 94
f 94 93 56
f 94 56 57
f 57 56 46
f 57 46 47
f 47 46 29
f 47 29 30
f 30 29 21
f 30 21 22
f 22 21 17
f 22 17 18
f 18 17 13
f 18 13 14
f 14 13 9
f 14 9 10
f 10 9 5
f 10 5 6
f 6 5 1
f 6 1 2
f 2 1 3
f 2 3 4
f 4 3 7
f 4 7 8
f 8 7 11
f 8 11 12
f 12 11 15
f 12 15 16
f 16 15 19
f 16 19 20
f 20 19 27
f 20 27 28
f 28 27 44
f 28 44 45
f 45 44 54
f 45 54 55
f 55 54 91
f 55 91 92
f 92 91 117
f 92 117 118
f 118 117 157
f 118 157 158
f 158 157 196
f 158 196 197
f 197 196 246
f 197 246 247
f 247 246 286
f 247 286 287
f 287 286 318
f 287 318 319
f 319 318 358
f 319 358 359
f 359 358 390
f 359 390 391
f 391 390 422
f 391 422 423
f 423 422 446
f 423 446 447
f 447 446 476
f 447 476 477
f 477 476 508
f 477 508 509
f 509 508 536
f 509 536 537
f 537 536 560
f 537 560 561
f 561 560 598
f 561 598 599
f 599 598 628
f 599 628 629
f 629 628 654
f 629 654 655
f 655 654 680
f 655 680 681
f 681 680 710
f 681 710 711
f 711 710 738
f 711 738 739
f 739 738 768
f 739 768 769
f 769 768 794
f 769 794 795
f 795 794 820
f 795 820 821
f 821 820 846
f 821 846 847
f 847 846 872
f 847 872 873
f 873 872 898
f 873 898 899
f 899 898 924
f 899 924 925
f 925 924 974
f 925 974 975
f 975 974 1000
f 975 1000 1001
f 1001 1000 1026
f 1001 1026 1027
f 1027 1026 1052
f 1027 1052 1053
f 1053 1052 1078
f 1053 1078 1079
f 1079 1078 1104
f 1079 1104 1105
f 1105 1104 1134
f 1105 1134 1135
f 1135 1134 1162
f 1135 1162 1163
f 1163 1162 1192
f 1163 1192 1193
f 1193 1192 1218
f 1193 1218 1219
f 1219 1218 1244
f 1219 1244 1245
f 1245 1244 1270
f 1245 1270 1271
f 1271 1270 1302
f 1271 1302 1303
f 1303 1302 1336
f 1303 1336 1337
f 1337 1336 1364
f 1337 1364 1365
f 1365 1364 1396
f 1365 1396 1397
f 1397 1396 1424
f 1397 1424 1425
f 1425 1424 1450
f 1425 1450 1451
f 1451 1450 1482
f 1451 1482 1483
f 1483 1482 1512
f 1483 1512 1513
f 1513 1512 1554
f 1513 1554 1555
f 1555 1554 1586
f 1555 1586 1587
f 1587 1586 1626
f 1587 1626 1627
f 1627 1626 1668
f 1627 1668 1669
f 1669 1668 1715
f 1669 1715 1716
f 1716 1715 1755
f 1716 1755 1756
f 1756 1755 1781
f 1756 1781 1782
f 1782 1781 1818
f 1782 1818 1819
f 1819 1818 1828
f 1819 1828 1829
f 1829 1828 1845
f 1829 1845 1846
f 1846 1845 1853
f 1846 1853 1854
f 1854 1853 1857
f 1854 1857 1858
f 1858 1857 1861
f 1858 1861 1862
f 1862 1861 1865
f 1862 1865 1866
f 1866 1865 1869
f 1866 1869 1870
f 1870 1869 1873
f 1870 1873 1874
f 1873 1844 1843
f 1873 1843 1871
f 1871 1843 1839
f 1871 1839 1867
f 1867 1839 1833
f 1867 1833 1863
f 1863 1833 1827
f 1863 1827 1859
f 1859 1827 1823
f 1859 1823 1855
f 1855 1823 1796
f 1855 1796 1847
f 1847 1796 1774
f 1847 1774 1830
f 1830 1774 1760
f 1830 1760 1820
f 1820 1760 1724
f 1820 1724 1783
f 1783 1724 1699
f 1783 1699 1757
f 1757 1699 1651
f 1757 1651 1717
f 1717 1651 1611
f 1717 1611 1678
f 1678 1611 1579
f 1678 1579 1628
f 1628 1579 1553
f 1628 1553 1588
f 1588 1553 1515
f 1588 1515 1556
f 1556 1515 1487
f 1556 1487 1516
f 1516 1487 1459
f 1516 1459 1484
f 1484 1459 1431
f 1484 1431 1452
f 1452 1431 1403
f 1452 1403 1428
f 1428 1403 1373
f 1428 1373 1398
f 1398 1373 1345
f 1398 1345 1366
f 1366 1345 1321
f 1366 1321 1338
f 1338 1321 1293
f 1338 1293 1314
f 1314 1293 1265
f 1314 1265 1276
f 1276 1265 1237
f 1276 1237 1246
f 1246 1237 1213
f 1246 1213 1220
f 1220 1213 1183
f 1220 1183 1194
f 1194 1183 1151
f 1194 1151 1164
f 1164 1151 1127
f 1164 1127 1136
f 1136 1127 1103
f 1136 1103 1106
f 1106 1103 1075
f 1106 1075 1080
f 1080 1075 1047
f 1080 1047 1054
f 1054 1047 1023
f 1054 1023 1028
f 1028 1023 999
f 1028 999 1002
f 1002 999 973
f 1002 973 976
f 976 973 947
f 976 947 950
f 950 947 903
f 950 903 900
f 900 903 877
f 900 877 874
f 874 877 853
f 874 853 848
f 848 853 829
f 848 829 822
f 822 829 801
f 822 801 796
f 796 801 773
f 796 773 770
f 770 773 749
f 770 749 740
f 740 749 725
f 740 725 712
f 712 725 693
f 712 693 682
f 682 693 663
f 682 663 656
f 656 663 639
f 656 639 630
f 630 639 611
f 630 611 604
f 604 611 583
f 604 583 572
f 572 583 555
f 572 555 538
f 538 555 531
f 538 531 510
f 510 531 503
f 510 503 478
f 478 503 473
f 478 473 450
f 450 473 445
f 450 445 424
f 424 445 417
f 424 417 392
f 392 417 389
f 392 389 362
f 362 389 361
f 362 361 320
f 320 361 331
f 320 331 288
f 288 331 297
f 288 297 248
f 248 297 265
f 248 265 206
f 206 265 225
f 206 225 159
f 159 225 177
f 159 177 119
f 119 177 152
f 119 152 93
f 93 152 116
f 93 116 56
f 56 116 102
f 56 102 46
f 46 102 80
f 46 80 29
f 29 80 53
f 29 53 21
f 21 53 49
f 21 49 17
f 17 49 43
f 17 43 13
f 13 43 37
f 13 37 9
f 9 37 33
f 9 33 5
f 5 33 31
f 5 31 1
f 1 31 32
f 1 32 3
f 3 32 36
f 3 36 7
f 7 36 42
f 7 42 11
f 11 42 48
f 11 48 15
f 15 48 52
f 15 52 19
f 19 52 79
f 19 79 27
f 27 79 101
f 27 101 44
f 44 101 115
f 44 115 54
f 54 115 151
f 54 151 91
f 91 151 176
f 91 176 117
f 117 176 224
f 117 224 157
f 157 224 264
f 157 264 196
f 196 264 296
f 196 296 246
f 246 296 322
f 246 322 286
f 286 322 360
f 286 360 318
f 318 360 388
f 318 388 358
f 358 388 416
f 358 416 390
f 390 416 444
f 390 444 422
f 422 444 472
f 422 472 446
f 446 472 502
f 446 502 476
f 476 502 530
f 476 530 508
f 508 530 554
f 508 554 536
f 536 554 582
f 536 582 560
f 560 582 610
f 560 610 598
f 598 610 638
f 598 638 628
f 628 638 662
f 628 662 654
f 654 662 692
f 654 692 680
f 680 692 724
f 680 724 710
f 710 724 748
f 710 748 738
f 738 748 772
f 738 772 768
f 768 772 800
f 768 800 794
f 794 800 828
f 794 828 820
f 820 828 852
f 820 852 846
f 846 852 876
f 846 876 872
f 872 876 902
f 872 902 898
f 898 902 928
f 898 928 924
f 924 928 972
f 924 972 974
f 974 972 998
f 974 998 1000
f 1000 998 1022
f 1000 1022 1026
f 1026 1022 1046
f 1026 1046 1052
f 1052 1046 1074
f 1052 1074 1078
f 1078 1074 1102
f 1078 1102 1104
f 1104 1102 1126
f 1104 1126 1134
f 1134 1126 1150
f 1134 1150 1162
f 1162 1150 1182
f 1162 1182 1192
f 1192 1182 1212
f 1192 1212 1218
f 1218 1212 1236
f 1218 1236 1244
f 1244 1236 1264
f 1244 1264 1270
f 1270 1264 1292
f 1270 1292 1302
f 1302 1292 1320
f 1302 1320 1336
f 1336 1320 1344
f 1336 1344 1364
f 1364 1344 1372
f 1364 1372 1396
f 1396 1372 1402
f 1396 1402 1424
f 1424 1402 1430
f 1424 1430 1450
f 1450 1430 1458
f 1450 1458 1482
f 1482 1458 1486
f 1482 1486 1512
f 1512 1486 1514
f 1512 1514 1554
f 1554 1514 1544
f 1554 1544 1586
f 1586 1544 1578
f 1586 1578 1626
f 1626 1578 1610
f 1626 1610 1668
f 1668 1610 1650
f 1668 1650 1715
f 1715 1650 1698
f 1715 1698 1755
f 1755 1698 1723
f 1755 1723 1781
f 1781 1723 1759
f 1781 1759 1818
f 1818 1759 1773
f 1818 1773 1828
f 1828 1773 1795
f 1828 1795 1845
f 1845 1795 1822
f 1845 1822 1853
f 1853 1822 1826
f 1853 1826 1857
f 1857 1826 1832
f 1857 1832 1861
f 1861 1832 1838
f 1861 1838 1865
f 1865 1838 1842
f 1865 1842 1869
f 1869 1842 1844
f 1869 1844 1873
f 1844 1690 1688
f 1844 1688 1843
f 1843 1688 1682
f 1843 1682 1839
f 1839 1682 1662
f 1839 1662 1833
f 1833 1662 1654
f 1833 1654 1827
f 1827 1654 1642
f 1827 1642 1823
f 1823 1642 1620
f 1823 1620 1796
f 1796 1620 1603
f 1796 1603 1774
f 1774 1603 1584
f 1774 1584 1760
f 1760 1584 1566
f 1760 1566 1724
f 1724 1566 1542
f 1724 1542 1699
f 1699 1542 1532
f 1699 1532 1651
f 1651 1532 1504
f 1651 1504 1611
f 1611 1504 1480
f 1611 1480 1579
f 1579 1480 1462
f 1579 1462 1553
f 1553 1462 1446
f 1553 1446 1515
f 1515 1446 1422
f 1515 1422 1487
f 1487 1422 1394
f 1487 1394 1459
f 1459 1394 1370
f 1459 1370 1431
f 1431 1370 1348
f 1431 1348 1403
f 1403 1348 1324
f 1403 1324 1373
f 1373 1324 1298
f 1373 1298 1345
f 1345 1298 1274
f 1345 1274 1321
f 1321 1274 1250
f 1321 1250 1293
f 1293 1250 1232
f 1293 1232 1265
f 1265 1232 1208
f 1265 1208 1237
f 1237 1208 1180
f 1237 1180 1213
f 1213 1180 1158
f 1213 1158 1183
f 1183 1158 1132
f 1183 1132 1151
f 1151 1132 1110
f 1151 1110 1127
f 1127 1110 1084
f 1127 1084 1103
f 1103 1084 1058
f 1103 1058 1075
f 1075 1058 1032
f 1075 1032 1047
f 1047 1032 1006
f 1047 1006 1023
f 1023 1006 980
f 1023 980 999
f 999 980 955
f 999 955 973
f 973 955 939
f 973 939 947
f 947 939 921
f 947 921 903
f 903 921 896
f 903 896 877
f 877 896 870
f 877 870 853
f 853 870 844
f 853 844 829
f 829 844 818
f 829 818 801
f 801 818 792
f 801 792 773
f 773 792 766
f 773 766 749
f 749 766 744
f 749 744 725
f 725 744 718
f 725 718 693
f 693 718 696
f 693 696 663
f 663 696 668
f 663 668 639
f 639 668 644
f 639 644 611
f 611 644 626
f 611 626 583
f 583 626 602
f 583 602 555
f 555 602 578
f 555 578 531
f 531 578 552
f 531 552 503
f 503 552 528
f 503 528 473
f 473 528 506
f 473 506 445
f 445 506 482
f 445 482 417
f 417 482 454
f 417 454 389
f 389 454 430
f 389 430 361
f 361 430 414
f 361 414 331
f 331 414 396
f 331 396 297
f 297 396 372
f 297 372 265
f 265 372 344
f 265 344 225
f 225 344 334
f 225 334 177
f 177 334 310
f 177 310 152
f 152 310 292
f 152 292 116
f 116 292 273
f 116 273 102
f 102 273 256
f 102 256 80
f 80 256 234
f 80 234 53
f 53 234 222
f 53 222 49
f 49 222 214
f 49 214 43
f 43 214 194
f 43 194 37
f 37 194 188
f 37 188 33
f 33 188 184
f 33 184 31
f 31 184 186
f 31 186 32
f 32 186 192
f 32 192 36
f 36 192 212
f 36 212 42
f 42 212 220
f 42 220 48
f 48 220 232
f 48 232 52
f 52 232 254
f 52 254 79
f 79 254 271
f 79 271 101
f 101 271 290
f 101 290 115
f 115 290 308
f 115 308 151
f 151 308 332
f 151 332 176
f 176 332 342
f 176 342 224
f 224 342 370
f 224 370 264
f 264 370 394
f 264 394 296
f 296 394 412
f 296 412 322
f 322 412 428
f 322 428 360
f 360 428 452
f 360 452 388
f 388 452 480
f 388 480 416
f 416 480 504
f 416 504 444
f 444 504 526
f 444 526 472
f 472 526 550
f 472 550 502
f 502 550 576
f 502 576 530
f 530 576 600
f 530 600 554
f 554 600 624
f 554 624 582
f 582 624 642
f 582 642 610
f 610 642 666
f 610 666 638
f 638 666 694
f 638 694 662
f 662 694 716
f 662 716 692
f 692 716 742
f 692 742 724
f 724 742 764
f 724 764 748
f 748 764 790
f 748 790 772
f 772 790 816
f 772 816 800
f 800 816 842
f 800 842 828
f 828 842 868
f 828 868 852
f 852 868 894
f 852 894 876
f 876 894 919
f 876 919 902
f 902 919 935
f 902 935 928
f 928 935 953
f 928 953 972
f 972 953 978
f 972 978 998
f 998 978 1004
f 998 1004 1022
f 1022 1004 1030
f 1022 1030 1046
f 1046 1030 1056
f 1046 1056 1074
f 1074 1056 1082
f 1074 1082 1102
f 1102 1082 1108
f 1102 1108 1126
f 1126 1108 1130
f 1126 1130 1150
f 1150 1130 1156
f 1150 1156 1182
f 1182 1156 1178
f 1182 1178 1212
f 1212 1178 1206
f 1212 1206 1236
f 1236 1206 1230
f 1236 1230 1264
f 1264 1230 1248
f 1264 1248 1292
f 1292 1248 1272
f 1292 1272 1320
f 1320 1272 1296
f 1320 1296 1344
f 1344 1296 1322
f 1344 1322 1372
f 1372 1322 1346
f 1372 1346 1402
f 1402 1346 1368
f 1402 1368 1430
f 1430 1368 1392
f 1430 1392 1458
f 1458 1392 1420
f 1458 1420 1486
f 1486 1420 1444
f 1486 1444 1514
f 1514 1444 1460
f 1514 1460 1544
f 1544 1460 1478
f 1544 1478 1578
f 1578 1478 1502
f 1578 1502 1610
f 1610 1502 1530
f 1610 1530 1650
f 1650 1530 1540
f 1650 1540 1698
f 1698 1540 1564
f 1698 1564 1723
f 1723 1564 1582
f 1723 1582 1759
f 1759 1582 1601
f 1759 1601 1773
f 1773 1601 1618
f 1773 1618 1795
f 1795 1618 1640
f 1795 1640 1822
f 1822 1640 1652
f 1822 1652 1826
f 1826 1652 1660
f 1826 1660 1832
f 1832 1660 1680
f 1832 1680 1838
f 1838 1680 1686
f 1838 1686 1842
f 1842 1686 1690
f 1842 1690 1844
f 1690 1691 1689
f 1690 1689 1688
f 1688 1689 1683
f 1688 1683 1682
f 1682 1683 1663
f 1682 1663 1662
f 1662 1663 1655
f 1662 1655 1654
f 1654 1655 1643
f 1654 1643 1642
f 1642 1643 1621
f 1642 1621 1620
f 1620 1621 1604
f 1620 1604 1603
f 1603 1604 1585
f 1603 1585 1584
f 1584 1585 1567
f 1584 1567 1566
f 1566 1567 1543
f 1566 1543 1542
f 1542 1543 1533
f 1542 1533 1532
f 1532 1533 1505
f 1532 1505 1504
f 1504 1505 1481
f 1504 1481 1480
f 1480 1481 1463
f 1480 1463 1462
f 1462 1463 1447
f 1462 1447 1446
f 1446 1447 1423
f 1446 1423 1422
f 1422 1423 1395
f 1422 1395 1394
f 1394 1395 1371
f 1394 1371 1370
f 1370 1371 1349
f 1370 1349 1348
f 1348 1349 1325
f 1348 1325 1324
f 1324 1325 1299
f 1324 1299 1298
f 1298 1299 1275
f 1298 1275 1274
f 1274 1275 1251
f 1274 1251 1250
f 1250 1251 1233
f 1250 1233 1232
f 1232 1233 1209
f 1232 1209 1208
f 1208 1209 1181
f 1208 1181 1180
f 1180 1181 1159
f 1180 1159 1158
f 1158 1159 1133
f 1158 1133 1132
f 1132 1133 1111
f 1132 1111 1110
f 1110 1111 1085
f 1110 1085 1084
f 1084 1085 1059
f 1084 1059 1058
f 1058 1059 1033
f 1058 1033 1032
f 1032 1033 1007
f 1032 1007 1006
f 1006 1007 981
f 1006 981 980
f 980 981 956
f 980 956 955
f 955 956 940
f 955 940 939
f 939 940 922
f 939 922 921
f 921 922 897
f 921 897 896
f 896 897 871
f 896 871 870
f 870 871 845
f 870 845 844
f 844 845 819
f 844 819 818
f 818 819 793
f 818 793 792
f 792 793 767
f 792 767 766
f 766 767 745
f 766 745 744
f 744 745 719
f 744 719 718
f 718 719 697
f 718 697 696
f 696 697 669
f 696 669 668
f 668 669 645
f 668 645 644
f 644 645 627
f 644 627 626
f 626 627 603
f 626 603 602
f 602 603 579
f 602 579 578
f 578 579 553
f 578 553 552
f 552 553 529
f 552 529 528
f 528 529 507
f 528 507 506
f 506 507 483
f 506 483 482
f 482 483 455
f 482 455 454
f 454 455 431
f 454 431 430
f 430 431 415
f 430 415 414
f 414 415 397
f 414 397 396
f 396 397 373
f 396 373 372
f 372 373 345
f 372 345 344
f 344 345 335
f 344 335 334
f 334 335 311
f 334 311 310
f 310 311 293
f 310 293 292
f 292 293 274
f 292 274 273
f 273 274 257
f 273 257 256
f 256 257 235
f 256 235 234
f 234 235 223
f 234 223 222
f 222 223 215
f 222 215 214
f 214 215 195
f 214 195 194
f 194 195 189
f 194 189 188
f 188 189 185
f 188 185 184
f 184 185 187
f 184 187 186
f 186 187 193
f 186 193 192
f 192 193 213
f 192 213 212
f 212 213 221
f 212 221 220
f 220 221 233
f 220 233 232
f 232 233 255
f 232 255 254
f 254 255 272
f 254 272 271
f 271 272 291
f 271 291 290
f 290 291 309
f 290 309 308
f 308 309 333
f 308 333 332
f 332 333 343
f 332 343 342
f 342 343 371
f 342 371 370
f 370 371 395
f 370 395 394
f 394 395 413
f 394 413 412
f 412 413 429
f 412 429 428
f 428 429 453
f 428 453 452
f 452 453 481
f 452 481 480
f 480 481 505
f 480 505 504
f 504 505 527
f 504 527 526
f 526 527 551
f 526 551 550
f 550 551 577
f 550 577 576
f 576 577 601
f 576 601 600
f 600 601 625
f 600 625 624
f 624 625 643
f 624 643 642
f 642 643 667
f 642 667 666
f 666 667 695
f 666 695 694
f 694 695 717
f 694 717 716
f 716 717 743
f 716 743 742
f 742 743 765
f 742 765 764
f 764 765 791
f 764 791 790
f 790 791 817
f 790 817 816
f 816 817 843
f 816 843 842
f 842 843 869
f 842 869 868
f 868 869 895
f 868 895 894
f 894 895 920
f 894 920 919
f 919 920 936
f 919 936 935
f 935 936 954
f 935 954 953
f 953 954 979
f 953 979 978
f 978 979 1005
f 978 1005 1004
f 1004 1005 1031
f 1004 1031 1030
f 1030 1031 1057
f 1030 1057 1056
f 1056 1057 1083
f 1056 1083 1082
f 1082 1083 1109
f 1082 1109 1108
f 1108 1109 1131
f 1108 1131 1130
f 1130 1131 1157
f 1130 1157 1156
f 1156 1157 1179
f 1156 1179 1178
f 1178 1179 1207
f 1178 1207 1206
f 1206 1207 1231
f 1206 1231 1230
f 1230 1231 1249
f 1230 1249 1248
f 1248 1249 1273
f 1248 1273 1272
f 1272 1273 1297
f 1272 1297 1296
f 1296 1297 1323
f 1296 1323 1322
f 1322 1323 1347
f 1322 1347 1346
f 1346 1347 1369
f 1346 1369 1368
f 1368 1369 1393
f 1368 1393 1392
f 1392 1393 1421
f 1392 1421 1420
f 1420 1421 1445
f 1420 1445 1444
f 1444 1445 1461
f 1444 1461 1460
f 1460 1461 1479
f 1460 1479 1478
f 1478 1479 1503
f 1478 1503 1502
f 1502 1503 1531
f 1502 1531 1530
f 1530 1531 1541
f 1530 1541 1540
f 1540 1541 1565
f 1540 1565 1564
f 1564 1565 1583
f 1564 1583 1582
f 1582 1583 1602
f 1582 1602 1601
f 1601 1602 1619
f 1601 1619 1618
f 1618 1619 1641
f 1618 1641 1640
f 1640 1641 1653
f 1640 1653 1652
f 1652 1653 1661
f 1652 1661 1660
f 1660 1661 1681
f 1660 1681 1680
f 1680 1681 1687
f 1680 1687 1686
f 1686 1687 1691
f 1686 1691 1690
f 1691 937 1689
f 1689 937 1683
f 1683 937 1663
f 1663 937 1655
f 1655 937 1643
f 1643 937 1621
f 1621 937 1604
f 1604 937 1585
f 1585 937 1567
f 1567 937 1543
f 1543 937 1533
f 1533 937 1505
f 1505 937 1481
f 1481 937 1463
f 1463 937 1447
f 1447 937 1423
f 1423 937 1395
f 1395 937 1371
f 1371 937 1349
f 1349 937 1325
f 1325 937 1299
f 1299 937 1275
f 1275 937 1251
f 1251 937 1233
f 1233 937 1209
f 1209 937 1181
f 1181 937 1159
f 1159 937 1133
f 1133 937 1111
f 1111 937 1085
f 1085 937 1059
f 1059 937 1033
f 1033 937 1007
f 1007 937 981
f 981 937 956
f 956 937 940
f 940 937 922
f 922 937 897
f 897 937 871
f 871 937 845
f 845 937 819
f 819 937 793
f 793 937 767
f 767 937 745
f 745 937 719
f 719 937 697
f 697 937 669
f 669 937 645
f 645 937 627
f 627 937 603
f 603 937 579
f 579 937 553
f 553 937 529
f 529 937 507
f 507 937 483
f 483 937 455
f 455 937 431
f 431 937 415
f 415 937 397
f 397 937 373
f 373 937 345
f 345 937 335
f 335 937 311
f 311 937 293
f 293 937 274
f 274 937 257
f 257 937 235
f 235 937 223
f 223 937 215
f 215 937 195
f 195 937 189
f 189 937 185
f 185 937 187
f 187 937 193
f 193 937 213
f 213 937 221
f 221 937 233
f 233 937 255
f 255 937 272
f 272 937 291
f 291 937 309
f 309 937 333
f 333 937 343
f 343 937 371
f 371 937 395
f 395 937 413
f 413 937 429
f 429 937 453
f 453 937 481
f 481 937 505
f 505 937 527
f 527 937 551
f 551 937 577
f 577 937 601
f 601 937 625
f 625 937 643
f 643 937 667
f 667 937 695
f 695 937 717
f 717 937 743
f 743 937 765
f 765 937 791
f 791 937 817
f 817 937 843
f 843 937 869
f 869 937 895
f 895 937 920
f 920 937 936
f 936 937 954
f 954 937 979
f 979 937 1005
f 1005 937 1031
f 1031 937 1057
f 1057 937 1083
f 1083 937 1109
f 1109 937 1131
f 1131 937 1157
f 1157 937 1179
f 1179 937 1207
f 1207 937 1231
f 1231 937 1249
f 1249 937 1273
f 1273 937 1297
f 1297 937 1323
f 1323 937 1347
f 1347 937 1369
f 1369 937 1393
f 1393 937 1421
f 1421 937 1445
f 1445 937 1461
f 1461 937 1479
f 1479 937 1503
f 1503 937 1531
f 1531 937 1541
f 1541 937 1565
f 1565 937 1583
f 1583 937 1602
f 1602 937 1619
f 1619 937 1641
f 1641 937 1653
f 1653 937 1661
f 1661 937 1681
f 1681 937 1687
f 1687 937 1691
