v -0.010900 0.000000 0.053810
v -0.010900 0.000000 0.056425
v -0.010890 -0.000475 0.053810
v -0.010890 -0.000475 0.056425
v -0.010890 0.000475 0.053810
v -0.010890 0.000475 0.056425
v -0.010859 -0.000950 0.053810
v -0.010859 -0.000950 0.056425
v -0.010859 0.000950 0.053810
v -0.010859 0.000950 0.056425
v -0.010807 -0.001423 0.053810
v -0.010807 -0.001423 0.056425
v -0.010807 0.001423 0.053810
v -0.010807 0.001423 0.056425
v -0.010734 -0.001893 0.053810
v -0.010734 -0.001893 0.056425
v -0.010734 0.001893 0.053810
v -0.010734 0.001893 0.056425
v -0.010642 -0.002359 0.053810
v -0.010642 -0.002359 0.056425
v -0.010642 0.002359 0.053810
v -0.010642 0.002359 0.056425
v -0.010529 -0.002821 0.053810
v -0.010529 -0.002821 0.056425
v -0.010529 0.002821 0.053810
v -0.010529 0.002821 0.056425
v -0.010500 0.000000 0.057575
v -0.010500 0.000000 0.065320
v -0.010490 -0.000458 0.057575
v -0.010490 -0.000458 0.065320
v -0.010410 0.001371 0.057575
v -0.010410 0.001371 0.065320
v -0.010396 -0.003278 0.053810
v -0.010396 -0.003278 0.056425
v -0.010400 0.000000 0.053310
v -0.010396 0.003278 0.053810
v -0.010396 0.003278 0.056425
v -0.010390 -0.000454 0.053310
v -0.010390 0.000454 0.053310
v -0.010360 -0.000906 0.053310
v -0.010360 0.000906 0.053310
v -0.010340 -0.001823 0.057575
v -0.010340 -0.001823 0.065320
v -0.010340 0.001823 0.057575
v -0.010340 0.001823 0.065320
v -0.010311 -0.001357 0.053310
v -0.010311 0.001357 0.053310
v -0.010251 -0.002273 0.057575
v -0.010251 -0.002273 0.065320
v -0.010243 -0.003728 0.053810
v -0.010243 -0.003728 0.056425
v -0.010242 -0.001806 0.053310
v -0.010242 0.001806 0.053310
v -0.010243 0.003728 0.053810
v -0.010243 0.003728 0.056425
v -0.010153 -0.002251 0.053310
v -0.010153 0.002251 0.053310
v -0.010070 -0.004171 0.053810
v -0.010070 -0.004171 0.056425
v -0.010070 0.004171 0.053810
v -0.010070 0.004171 0.056425
v -0.010046 -0.002692 0.053310
v -0.010046 0.002692 0.053310
v -0.010014 0.003157 0.057575
v -0.010014 0.003157 0.065320
v -0.010000 0.000000 0.057225
v -0.010000 0.000000 0.065670
v -0.010000 0.000000 0.066670
v -0.009990 -0.000436 0.057225
v -0.009990 -0.000436 0.065670
v -0.009990 -0.000436 0.066670
v -0.009990 0.000436 0.057225
v -0.009990 0.000436 0.057575
v -0.009990 0.000436 0.065320
v -0.009990 0.000436 0.065670
v -0.009990 0.000436 0.066670
v -0.009962 -0.000872 0.057225
v -0.009962 -0.000872 0.057575
v -0.009962 -0.000872 0.065320
v -0.009962 -0.000872 0.065670
v -0.009962 -0.000872 0.066670
v -0.009962 0.000872 0.057225
v -0.009962 0.000872 0.057575
v -0.009962 0.000872 0.065320
v -0.009962 0.000872 0.065670
v -0.009962 0.000872 0.066670
v -0.009919 -0.003127 0.053310
v -0.009919 0.003127 0.053310
v -0.009914 -0.001305 0.057225
v -0.009914 -0.001305 0.057575
v -0.009914 -0.001305 0.065320
v -0.009914 -0.001305 0.065670
v -0.009914 -0.001305 0.066670
v -0.009914 0.001305 0.057225
v -0.009914 0.001305 0.065670
v -0.009914 0.001305 0.066670
v -0.009879 -0.004607 0.053810
v -0.009879 -0.004607 0.056425
v -0.009879 0.004607 0.053810
v -0.009879 0.004607 0.056425
v -0.009867 -0.003591 0.057575
v -0.009867 -0.003591 0.065320
v -0.009867 0.003591 0.057575
v -0.009867 0.003591 0.065320
v -0.009848 -0.001736 0.057225
v -0.009848 -0.001736 0.065670
v -0.009848 -0.001736 0.066670
v -0.009848 0.001736 0.057225
v -0.009848 0.001736 0.065670
v -0.009848 0.001736 0.066670
v -0.009773 -0.003557 0.053310
v -0.009773 0.003557 0.053310
v -0.009763 -0.002164 0.057225
v -0.009763 -0.002164 0.065670
v -0.009763 -0.002164 0.066670
v -0.009763 0.002164 0.057225
v -0.009763 0.002164 0.057575
v -0.009763 0.002164 0.065320
v -0.009763 0.002164 0.065670
v -0.009763 0.002164 0.066670
v -0.009701 -0.004018 0.057575
v -0.009701 -0.004018 0.065320
v -0.009668 -0.005033 0.053810
v -0.009668 -0.005033 0.056425
v -0.009668 0.005033 0.053810
v -0.009668 0.005033 0.056425
v -0.009659 -0.002588 0.057225
v -0.009659 -0.002588 0.057575
v -0.009659 -0.002588 0.065320
v -0.009659 -0.002588 0.065670
v -0.009659 -0.002588 0.066670
v -0.009659 0.002588 0.057225
v -0.009659 0.002588 0.057575
v -0.009659 0.002588 0.065320
v -0.009659 0.002588 0.065670
v -0.009659 0.002588 0.066670
v -0.009608 -0.003980 0.053310
v -0.009608 0.003980 0.053310
v -0.009537 -0.003007 0.057225
v -0.009537 -0.003007 0.057575
v -0.009537 -0.003007 0.065320
v -0.009537 -0.003007 0.065670
v -0.009537 -0.003007 0.066670
v -0.009537 0.003007 0.057225
v -0.009537 0.003007 0.065670
v -0.009537 0.003007 0.066670
v -0.009440 -0.005450 0.053810
v -0.009440 -0.005450 0.056425
v -0.009440 0.005450 0.053810
v -0.009440 0.005450 0.056425
v -0.009426 -0.004395 0.053310
v -0.009426 0.004395 0.053310
v -0.009397 -0.003420 0.057225
v -0.009397 -0.003420 0.065670
v -0.009397 -0.003420 0.066670
v -0.009400 0.000000 0.056425
v -0.009400 0.000000 0.057225
v -0.009397 0.003420 0.057225
v -0.009397 0.003420 0.065670
v -0.009397 0.003420 0.066670
v -0.009391 -0.000410 0.056425
v -0.009391 -0.000410 0.057225
v -0.009391 0.000410 0.056425
v -0.009391 0.000410 0.057225
v -0.009364 -0.000819 0.056425
v -0.009364 -0.000819 0.057225
v -0.009364 0.000819 0.056425
v -0.009364 0.000819 0.057225
v -0.009320 -0.001227 0.056425
v -0.009320 -0.001227 0.057225
v -0.009320 0.001227 0.056425
v -0.009320 0.001227 0.057225
v -0.009314 0.004848 0.057575
v -0.009314 0.004848 0.065320
v -0.009257 -0.001632 0.056425
v -0.009257 -0.001632 0.057225
v -0.009257 0.001632 0.056425
v -0.009257 0.001632 0.057225
v -0.009239 -0.003827 0.057225
v -0.009239 -0.003827 0.065670
v -0.009239 -0.003827 0.066670
v -0.009239 0.003827 0.057225
v -0.009239 0.003827 0.057575
v -0.009239 0.003827 0.065320
v -0.009239 0.003827 0.065670
v -0.009239 0.003827 0.066670
v -0.009225 -0.004802 0.053310
v -0.009225 0.004802 0.053310
v -0.009200 0.000000 0.067470
v -0.009193 -0.005857 0.053810
v -0.009193 -0.005857 0.056425
v -0.009191 -0.000401 0.067470
v -0.009191 0.000401 0.067470
v -0.009193 0.005857 0.053810
v -0.009193 0.005857 0.056425
v -0.009177 -0.002035 0.056425
v -0.009177 -0.002035 0.057225
v -0.009177 0.002035 0.056425
v -0.009177 0.002035 0.057225
v -0.009165 -0.000802 0.067470
v -0.009165 0.000802 0.067470
v -0.009121 -0.001201 0.067470
v -0.009121 0.001201 0.067470
v -0.009093 -0.005250 0.057575
v -0.009093 -0.005250 0.065320
v -0.009093 0.005250 0.057575
v -0.009093 0.005250 0.065320
v -0.009080 -0.002433 0.056425
v -0.009080 -0.002433 0.057225
v -0.009080 0.002433 0.056425
v -0.009080 0.002433 0.057225
v -0.009063 -0.004226 0.057225
v -0.009063 -0.004226 0.057575
v -0.009063 -0.004226 0.065320
v -0.009063 -0.004226 0.065670
v -0.009063 -0.004226 0.066670
v -0.009060 -0.001598 0.067470
v -0.009060 0.001598 0.067470
v -0.009063 0.004226 0.057225
v -0.009063 0.004226 0.057575
v -0.009063 0.004226 0.065320
v -0.009063 0.004226 0.065670
v -0.009063 0.004226 0.066670
v -0.009050 0.000000 0.053310
v -0.009050 0.000000 0.065870
v -0.009041 -0.000395 0.053310
v -0.009041 -0.000395 0.065870
v -0.009041 0.000395 0.053310
v -0.009041 0.000395 0.065870
v -0.009016 -0.000789 0.053310
v -0.009016 -0.000789 0.065870
v -0.009016 0.000789 0.053310
v -0.009016 0.000789 0.065870
v -0.009007 -0.005200 0.053310
v -0.009007 0.005200 0.053310
v -0.008982 -0.001991 0.067470
v -0.008982 0.001991 0.067470
v -0.008973 -0.001181 0.053310
v -0.008973 -0.001181 0.065870
v -0.008973 0.001181 0.053310
v -0.008973 0.001181 0.065870
v -0.008965 -0.002827 0.056425
v -0.008965 -0.002827 0.057225
v -0.008965 0.002827 0.056425
v -0.008965 0.002827 0.057225
v -0.008929 -0.006252 0.053810
v -0.008929 -0.006252 0.056425
v -0.008929 0.006252 0.053810
v -0.008929 0.006252 0.056425
v -0.008913 -0.001572 0.053310
v -0.008913 -0.001572 0.065870
v -0.008913 0.001572 0.053310
v -0.008913 0.001572 0.065870
v -0.008887 -0.002381 0.067470
v -0.008887 0.002381 0.067470
v -0.008870 -0.004617 0.057225
v -0.008870 -0.004617 0.057575
v -0.008870 -0.004617 0.065320
v -0.008870 -0.004617 0.065670
v -0.008870 -0.004617 0.066670
v -0.008870 0.004617 0.057225
v -0.008870 0.004617 0.065670
v -0.008870 0.004617 0.066670
v -0.008856 -0.005642 0.057575
v -0.008856 -0.005642 0.065320
v -0.008835 -0.001959 0.053310
v -0.008835 -0.001959 0.065870
v -0.008835 0.001959 0.053310
v -0.008835 0.001959 0.065870
v -0.008833 -0.003215 0.056425
v -0.008833 -0.003215 0.057225
v -0.008833 0.003215 0.056425
v -0.008833 0.003215 0.057225
v -0.008771 -0.005588 0.053310
v -0.008774 -0.002766 0.067470
v -0.008774 0.002766 0.067470
v -0.008771 0.005588 0.053310
v -0.008742 -0.002342 0.053310
v -0.008742 -0.002342 0.065870
v -0.008742 0.002342 0.053310
v -0.008742 0.002342 0.065870
v -0.008684 -0.003597 0.056425
v -0.008684 -0.003597 0.057225
v -0.008684 0.003597 0.056425
v -0.008684 0.003597 0.057225
v -0.008660 -0.005000 0.057225
v -0.008660 -0.005000 0.065670
v -0.008660 -0.005000 0.066670
v -0.008660 0.005000 0.057225
v -0.008660 0.005000 0.065670
v -0.008660 0.005000 0.066670
v -0.008648 -0.006635 0.053810
v -0.008648 -0.006635 0.056425
v -0.008645 -0.003147 0.067470
v -0.008645 0.003147 0.067470
v -0.008648 0.006635 0.053810
v -0.008648 0.006635 0.056425
v -0.008631 -0.002721 0.053310
v -0.008631 -0.002721 0.065870
v -0.008631 0.002721 0.053310
v -0.008631 0.002721 0.065870
v -0.008519 -0.005965 0.053310
v -0.008519 -0.003973 0.056425
v -0.008519 -0.003973 0.057225
v -0.008519 0.003973 0.056425
v -0.008519 0.003973 0.057225
v -0.008519 0.005965 0.053310
v -0.008500 -0.003521 0.067470
v -0.008504 -0.003095 0.053310
v -0.008504 -0.003095 0.065870
v -0.008504 0.003095 0.053310
v -0.008504 0.003095 0.065870
v -0.008500 0.003521 0.067470
v -0.008434 -0.005373 0.057225
v -0.008434 -0.005373 0.065670
v -0.008434 -0.005373 0.066670
v -0.008434 0.005373 0.057225
v -0.008434 0.005373 0.057575
v -0.008434 0.005373 0.065320
v -0.008434 0.005373 0.065670
v -0.008434 0.005373 0.066670
v -0.008361 -0.003463 0.053310
v -0.008361 -0.003463 0.065870
v -0.008361 0.003463 0.053310
v -0.008361 0.003463 0.065870
v -0.008350 -0.007006 0.053810
v -0.008350 -0.007006 0.056425
v -0.008350 0.007006 0.053810
v -0.008350 0.007006 0.056425
v -0.008338 -0.004340 0.056425
v -0.008338 -0.004340 0.057225
v -0.008338 -0.003888 0.067470
v -0.008338 0.003888 0.067470
v -0.008338 0.004340 0.056425
v -0.008338 0.004340 0.057225
v -0.008330 0.006392 0.057575
v -0.008330 0.006392 0.065320
v -0.008251 -0.006331 0.053310
v -0.008251 0.006331 0.053310
v -0.008202 -0.003825 0.053310
v -0.008202 -0.003825 0.065870
v -0.008202 0.003825 0.053310
v -0.008202 0.003825 0.065870
v -0.008192 -0.005736 0.057225
v -0.008192 -0.005736 0.057575
v -0.008192 -0.005736 0.065320
v -0.008192 -0.005736 0.065670
v -0.008192 -0.005736 0.066670
v -0.008192 0.005736 0.057225
v -0.008192 0.005736 0.057575
v -0.008192 0.005736 0.065320
v -0.008192 0.005736 0.065670
v -0.008192 0.005736 0.066670
v -0.008160 -0.004248 0.067470
v -0.008160 0.004248 0.067470
v -0.008141 -0.004700 0.056425
v -0.008141 -0.004700 0.057225
v -0.008141 0.004700 0.056425
v -0.008141 0.004700 0.057225
v -0.008036 -0.007364 0.053810
v -0.008036 -0.007364 0.056425
v -0.008043 -0.006749 0.057575
v -0.008043 -0.006749 0.065320
v -0.008043 0.006749 0.057575
v -0.008043 0.006749 0.065320
v -0.008036 0.007364 0.053810
v -0.008036 0.007364 0.056425
v -0.008027 -0.004179 0.053310
v -0.008027 -0.004179 0.065870
v -0.008027 0.004179 0.053310
v -0.008027 0.004179 0.065870
v -0.007967 -0.006685 0.053310
v -0.007967 -0.004600 0.067470
v -0.007967 0.004600 0.067470
v -0.007967 0.006685 0.053310
v -0.007934 -0.006088 0.057225
v -0.007934 -0.006088 0.057575
v -0.007934 -0.006088 0.065320
v -0.007934 -0.006088 0.065670
v -0.007934 -0.006088 0.066670
v -0.007928 -0.005051 0.056425
v -0.007928 -0.005051 0.057225
v -0.007928 0.005051 0.056425
v -0.007928 0.005051 0.057225
v -0.007934 0.006088 0.057225
v -0.007934 0.006088 0.065670
v -0.007934 0.006088 0.066670
v -0.007838 -0.004525 0.053310
v -0.007838 -0.004525 0.065870
v -0.007838 0.004525 0.053310
v -0.007838 0.004525 0.065870
v -0.007759 -0.004943 0.067470
v -0.007759 0.004943 0.067470
v -0.007741 -0.007094 0.057575
v -0.007741 -0.007094 0.065320
v -0.007707 -0.007707 0.053810
v -0.007707 -0.007707 0.056425
v -0.007707 0.007707 0.053810
v -0.007707 0.007707 0.056425
v -0.007700 -0.005392 0.056425
v -0.007700 -0.005392 0.057225
v -0.007700 0.005392 0.056425
v -0.007700 0.005392 0.057225
v -0.007668 -0.007026 0.053310
v -0.007668 0.007026 0.053310
v -0.007660 -0.006428 0.057225
v -0.007660 -0.006428 0.065670
v -0.007660 -0.006428 0.066670
v -0.007660 0.006428 0.057225
v -0.007660 0.006428 0.065670
v -0.007660 0.006428 0.066670
v -0.007633 -0.004863 0.053310
v -0.007633 -0.004863 0.065870
v -0.007633 0.004863 0.053310
v -0.007633 0.004863 0.065870
v -0.007536 -0.005277 0.067470
v -0.007536 0.005277 0.067470
v -0.007458 -0.005722 0.056425
v -0.007458 -0.005722 0.057225
v -0.007458 0.005722 0.056425
v -0.007458 0.005722 0.057225
v -0.007413 -0.005191 0.053310
v -0.007413 -0.005191 0.065870
v -0.007413 0.005191 0.053310
v -0.007413 0.005191 0.065870
v -0.007373 -0.006756 0.057225
v -0.007373 -0.006756 0.065670
v -0.007373 -0.006756 0.066670
v -0.007373 0.006756 0.057225
v -0.007373 0.006756 0.057575
v -0.007373 0.006756 0.065320
v -0.007373 0.006756 0.065670
v -0.007373 0.006756 0.066670
v -0.007364 -0.008036 0.053810
v -0.007364 -0.008036 0.056425
v -0.007364 0.008036 0.053810
v -0.007364 0.008036 0.056425
v -0.007354 -0.007354 0.053310
v -0.007354 0.007354 0.053310
v -0.007299 -0.005601 0.067470
v -0.007299 0.005601 0.067470
v -0.007201 -0.006042 0.056425
v -0.007201 -0.006042 0.057225
v -0.007201 0.006042 0.056425
v -0.007201 0.006042 0.057225
v -0.007180 -0.005509 0.053310
v -0.007180 -0.005509 0.065870
v -0.007180 0.005509 0.053310
v -0.007180 0.005509 0.065870
v -0.007094 0.007741 0.057575
v -0.007094 0.007741 0.065320
v -0.007071 -0.007071 0.057225
v -0.007071 -0.007071 0.057575
v -0.007071 -0.007071 0.065320
v -0.007071 -0.007071 0.065670
v -0.007071 -0.007071 0.066670
v -0.007071 0.007071 0.057225
v -0.007071 0.007071 0.057575
v -0.007071 0.007071 0.065320
v -0.007071 0.007071 0.065670
v -0.007071 0.007071 0.066670
v -0.007048 -0.005914 0.067470
v -0.007048 0.005914 0.067470
v -0.007026 -0.007668 0.053310
v -0.007026 0.007668 0.053310
v -0.007006 -0.008350 0.053810
v -0.007006 -0.008350 0.056425
v -0.007006 0.008350 0.053810
v -0.007006 0.008350 0.056425
v -0.006930 -0.006351 0.056425
v -0.006930 -0.006351 0.057225
v -0.006933 -0.005817 0.053310
v -0.006933 -0.005817 0.065870
v -0.006933 0.005817 0.053310
v -0.006933 0.005817 0.065870
v -0.006930 0.006351 0.056425
v -0.006930 0.006351 0.057225
v -0.006783 -0.006215 0.067470
v -0.006783 0.006215 0.067470
v -0.006756 -0.007373 0.057225
v -0.006756 -0.007373 0.057575
v -0.006756 -0.007373 0.065320
v -0.006756 -0.007373 0.065670
v -0.006756 -0.007373 0.066670
v -0.006756 0.007373 0.057225
v -0.006756 0.007373 0.065670
v -0.006756 0.007373 0.066670
v -0.006749 -0.008043 0.057575
v -0.006749 -0.008043 0.065320
v -0.006749 0.008043 0.057575
v -0.006749 0.008043 0.065320
v -0.006685 -0.007967 0.053310
v -0.006685 0.007967 0.053310
v -0.006672 -0.006114 0.053310
v -0.006672 -0.006114 0.065870
v -0.006672 0.006114 0.053310
v -0.006672 0.006114 0.065870
v -0.006647 -0.006647 0.056425
v -0.006647 -0.006647 0.057225
v -0.006647 0.006647 0.056425
v -0.006647 0.006647 0.057225
v -0.006635 -0.008648 0.053810
v -0.006635 -0.008648 0.056425
v -0.006635 0.008648 0.053810
v -0.006635 0.008648 0.056425
v -0.006505 -0.006505 0.067470
v -0.006505 0.006505 0.067470
v -0.006428 -0.007660 0.057225
v -0.006428 -0.007660 0.065670
v -0.006428 -0.007660 0.066670
v -0.006428 0.007660 0.057225
v -0.006428 0.007660 0.065670
v -0.006428 0.007660 0.066670
v -0.006399 -0.006399 0.053310
v -0.006399 -0.006399 0.065870
v -0.006399 0.006399 0.053310
v -0.006399 0.006399 0.065870
v -0.006392 -0.008330 0.057575
v -0.006392 -0.008330 0.065320
v -0.006351 -0.006930 0.056425
v -0.006351 -0.006930 0.057225
v -0.006351 0.006930 0.056425
v -0.006351 0.006930 0.057225
v -0.006331 -0.008251 0.053310
v -0.006331 0.008251 0.053310
v -0.006252 -0.008929 0.053810
v -0.006252 -0.008929 0.056425
v -0.006252 0.008929 0.053810
v -0.006252 0.008929 0.056425
v -0.006215 -0.006783 0.067470
v -0.006215 0.006783 0.067470
v -0.006114 -0.006672 0.053310
v -0.006114 -0.006672 0.065870
v -0.006114 0.006672 0.053310
v -0.006114 0.006672 0.065870
v -0.006088 -0.007934 0.057225
v -0.006088 -0.007934 0.065670
v -0.006088 -0.007934 0.066670
v -0.006088 0.007934 0.057225
v -0.006088 0.007934 0.057575
v -0.006088 0.007934 0.065320
v -0.006088 0.007934 0.065670
v -0.006088 0.007934 0.066670
v -0.006042 -0.007201 0.056425
v -0.006042 -0.007201 0.057225
v -0.006042 0.007201 0.056425
v -0.006042 0.007201 0.057225
v -0.005965 -0.008519 0.053310
v -0.005965 0.008519 0.053310
v -0.005914 -0.007048 0.067470
v -0.005914 0.007048 0.067470
v -0.005857 -0.009193 0.053810
v -0.005857 -0.009193 0.056425
v -0.005857 0.009193 0.053810
v -0.005857 0.009193 0.056425
v -0.005817 -0.006933 0.053310
v -0.005817 -0.006933 0.065870
v -0.005817 0.006933 0.053310
v -0.005817 0.006933 0.065870
v -0.005736 -0.008192 0.057225
v -0.005736 -0.008192 0.057575
v -0.005736 -0.008192 0.065320
v -0.005736 -0.008192 0.065670
v -0.005736 -0.008192 0.066670
v -0.005736 0.008192 0.057225
v -0.005736 0.008192 0.057575
v -0.005736 0.008192 0.065320
v -0.005736 0.008192 0.065670
v -0.005736 0.008192 0.066670
v -0.005722 -0.007458 0.056425
v -0.005722 -0.007458 0.057225
v -0.005722 0.007458 0.056425
v -0.005722 0.007458 0.057225
v -0.005642 0.008856 0.057575
v -0.005642 0.008856 0.065320
v -0.005601 -0.007299 0.067470
v -0.005601 0.007299 0.067470
v -0.005588 -0.008771 0.053310
v -0.005588 0.008771 0.053310
v -0.005509 -0.007180 0.053310
v -0.005509 -0.007180 0.065870
v -0.005509 0.007180 0.053310
v -0.005509 0.007180 0.065870
v -0.005450 -0.009440 0.053810
v -0.005450 -0.009440 0.056425
v -0.005450 0.009440 0.053810
v -0.005450 0.009440 0.056425
v -0.005392 -0.007700 0.056425
v -0.005392 -0.007700 0.057225
v -0.005392 0.007700 0.056425
v -0.005392 0.007700 0.057225
v -0.005373 -0.008434 0.057225
v -0.005373 -0.008434 0.057575
v -0.005373 -0.008434 0.065320
v -0.005373 -0.008434 0.065670
v -0.005373 -0.008434 0.066670
v -0.005373 0.008434 0.057225
v -0.005373 0.008434 0.065670
v -0.005373 0.008434 0.066670
v -0.005277 -0.007536 0.067470
v -0.005277 0.007536 0.067470
v -0.005250 -0.009093 0.057575
v -0.005250 -0.009093 0.065320
v -0.005250 0.009093 0.057575
v -0.005250 0.009093 0.065320
v -0.005200 -0.009007 0.053310
v -0.005200 0.009007 0.053310
v -0.005191 -0.007413 0.053310
v -0.005191 -0.007413 0.065870
v -0.005191 0.007413 0.053310
v -0.005191 0.007413 0.065870
v -0.005051 -0.007928 0.056425
v -0.005051 -0.007928 0.057225
v -0.005051 0.007928 0.056425
v -0.005051 0.007928 0.057225
v -0.005033 -0.009668 0.053810
v -0.005033 -0.009668 0.056425
v -0.005033 0.009668 0.053810
v -0.005033 0.009668 0.056425
v -0.005000 -0.008660 0.057225
v -0.005000 -0.008660 0.065670
v -0.005000 -0.008660 0.066670
v -0.005000 0.008660 0.057225
v -0.005000 0.008660 0.065670
v -0.005000 0.008660 0.066670
v -0.004943 -0.007759 0.067470
v -0.004943 0.007759 0.067470
v -0.004863 -0.007633 0.053310
v -0.004863 -0.007633 0.065870
v -0.004863 0.007633 0.053310
v -0.004863 0.007633 0.065870
v -0.004848 -0.009314 0.057575
v -0.004848 -0.009314 0.065320
v -0.004802 -0.009225 0.053310
v -0.004802 0.009225 0.053310
v -0.004700 -0.008141 0.056425
v -0.004700 -0.008141 0.057225
v -0.004700 0.008141 0.056425
v -0.004700 0.008141 0.057225
v -0.004617 -0.008870 0.057225
v -0.004617 -0.008870 0.065670
v -0.004617 -0.008870 0.066670
v -0.004617 0.008870 0.057225
v -0.004617 0.008870 0.057575
v -0.004617 0.008870 0.065320
v -0.004617 0.008870 0.065670
v -0.004617 0.008870 0.066670
v -0.004607 -0.009879 0.053810
v -0.004607 -0.009879 0.056425
v -0.004607 0.009879 0.053810
v -0.004607 0.009879 0.056425
v -0.004600 -0.007967 0.067470
v -0.004600 0.007967 0.067470
v -0.004525 -0.007838 0.053310
v -0.004525 -0.007838 0.065870
v -0.004525 0.007838 0.053310
v -0.004525 0.007838 0.065870
v -0.004395 -0.009426 0.053310
v -0.004395 0.009426 0.053310
v -0.004340 -0.008338 0.056425
v -0.004340 -0.008338 0.057225
v -0.004340 0.008338 0.056425
v -0.004340 0.008338 0.057225
v -0.004248 -0.008160 0.067470
v -0.004248 0.008160 0.067470
v -0.004226 -0.009063 0.057225
v -0.004226 -0.009063 0.057575
v -0.004226 -0.009063 0.065320
v -0.004226 -0.009063 0.065670
v -0.004226 -0.009063 0.066670
v -0.004226 0.009063 0.057225
v -0.004226 0.009063 0.057575
v -0.004226 0.009063 0.065320
v -0.004226 0.009063 0.065670
v -0.004226 0.009063 0.066670
v -0.004179 -0.008027 0.053310
v -0.004179 -0.008027 0.065870
v -0.004179 0.008027 0.053310
v -0.004179 0.008027 0.065870
v -0.004171 -0.010070 0.053810
v -0.004171 -0.010070 0.056425
v -0.004171 0.010070 0.053810
v -0.004171 0.010070 0.056425
v -0.004018 0.009701 0.057575
v -0.004018 0.009701 0.065320
v -0.003980 -0.009608 0.053310
v -0.003980 0.009608 0.053310
v -0.003973 -0.008519 0.056425
v -0.003973 -0.008519 0.057225
v -0.003973 0.008519 0.056425
v -0.003973 0.008519 0.057225
v -0.003888 -0.008338 0.067470
v -0.003888 0.008338 0.067470
v -0.003827 -0.009239 0.057225
v -0.003827 -0.009239 0.057575
v -0.003827 -0.009239 0.065320
v -0.003827 -0.009239 0.065670
v -0.003827 -0.009239 0.066670
v -0.003827 0.009239 0.057225
v -0.003827 0.009239 0.065670
v -0.003827 0.009239 0.066670
v -0.003825 -0.008202 0.053310
v -0.003825 -0.008202 0.065870
v -0.003825 0.008202 0.053310
v -0.003825 0.008202 0.065870
v -0.003728 -0.010243 0.053810
v -0.003728 -0.010243 0.056425
v -0.003728 0.010243 0.053810
v -0.003728 0.010243 0.056425
v -0.003597 -0.008684 0.056425
v -0.003597 -0.008684 0.057225
v -0.003597 0.008684 0.056425
v -0.003597 0.008684 0.057225
v -0.003591 -0.009867 0.057575
v -0.003591 -0.009867 0.065320
v -0.003591 0.009867 0.057575
v -0.003591 0.009867 0.065320
v -0.003557 -0.009773 0.053310
v -0.003557 0.009773 0.053310
v -0.003521 -0.008500 0.067470
v -0.003521 0.008500 0.067470
v -0.003463 -0.008361 0.053310
v -0.003463 -0.008361 0.065870
v -0.003463 0.008361 0.053310
v -0.003463 0.008361 0.065870
v -0.003420 -0.009397 0.057225
v -0.003420 -0.009397 0.065670
v -0.003420 -0.009397 0.066670
v -0.003420 0.009397 0.057225
v -0.003420 0.009397 0.065670
v -0.003420 0.009397 0.066670
v -0.003278 -0.010396 0.053810
v -0.003278 -0.010396 0.056425
v -0.003278 0.010396 0.053810
v -0.003278 0.010396 0.056425
v -0.003215 -0.008833 0.056425
v -0.003215 -0.008833 0.057225
v -0.003215 0.008833 0.056425
v -0.003215 0.008833 0.057225
v -0.003157 -0.010014 0.057575
v -0.003157 -0.010014 0.065320
v -0.003147 -0.008645 0.067470
v -0.003147 0.008645 0.067470
v -0.003127 -0.009919 0.053310
v -0.003127 0.009919 0.053310
v -0.003095 -0.008504 0.053310
v -0.003095 -0.008504 0.065870
v -0.003095 0.008504 0.053310
v -0.003095 0.008504 0.065870
v -0.003007 -0.009537 0.057225
v -0.003007 -0.009537 0.065670
v -0.003007 -0.009537 0.066670
v -0.003007 0.009537 0.057225
v -0.003007 0.009537 0.057575
v -0.003007 0.009537 0.065320
v -0.003007 0.009537 0.065670
v -0.003007 0.009537 0.066670
v -0.002827 -0.008965 0.056425
v -0.002827 -0.008965 0.057225
v -0.002827 0.008965 0.056425
v -0.002827 0.008965 0.057225
v -0.002821 -0.010529 0.053810
v -0.002821 -0.010529 0.056425
v -0.002821 0.010529 0.053810
v -0.002821 0.010529 0.056425
v -0.002766 -0.008774 0.067470
v -0.002766 0.008774 0.067470
v -0.002721 -0.008631 0.053310
v -0.002721 -0.008631 0.065870
v -0.002721 0.008631 0.053310
v -0.002721 0.008631 0.065870
v -0.002692 -0.010046 0.053310
v -0.002692 0.010046 0.053310
v -0.002588 -0.009659 0.057225
v -0.002588 -0.009659 0.057575
v -0.002588 -0.009659 0.065320
v -0.002588 -0.009659 0.065670
v -0.002588 -0.009659 0.066670
v -0.002588 0.009659 0.057225
v -0.002588 0.009659 0.057575
v -0.002588 0.009659 0.065320
v -0.002588 0.009659 0.065670
v -0.002588 0.009659 0.066670
v -0.002433 -0.009080 0.056425
v -0.002433 -0.009080 0.057225
v -0.002433 0.009080 0.056425
v -0.002433 0.009080 0.057225
v -0.002381 -0.008887 0.067470
v -0.002381 0.008887 0.067470
v -0.002359 -0.010642 0.053810
v -0.002359 -0.010642 0.056425
v -0.002359 0.010642 0.053810
v -0.002359 0.010642 0.056425
v -0.002342 -0.008742 0.053310
v -0.002342 -0.008742 0.065870
v -0.002342 0.008742 0.053310
v -0.002342 0.008742 0.065870
v -0.002273 0.010251 0.057575
v -0.002273 0.010251 0.065320
v -0.002251 -0.010153 0.053310
v -0.002251 0.010153 0.053310
v -0.002164 -0.009763 0.057225
v -0.002164 -0.009763 0.057575
v -0.002164 -0.009763 0.065320
v -0.002164 -0.009763 0.065670
v -0.002164 -0.009763 0.066670
v -0.002164 0.009763 0.057225
v -0.002164 0.009763 0.065670
v -0.002164 0.009763 0.066670
v -0.002035 -0.009177 0.056425
v -0.002035 -0.009177 0.057225
v -0.002035 0.009177 0.056425
v -0.002035 0.009177 0.057225
v -0.001991 -0.008982 0.067470
v -0.001991 0.008982 0.067470
v -0.001959 -0.008835 0.053310
v -0.001959 -0.008835 0.065870
v -0.001959 0.008835 0.053310
v -0.001959 0.008835 0.065870
v -0.001893 -0.010734 0.053810
v -0.001893 -0.010734 0.056425
v -0.001893 0.010734 0.053810
v -0.001893 0.010734 0.056425
v -0.001823 -0.010340 0.057575
v -0.001823 -0.010340 0.065320
v -0.001823 0.010340 0.057575
v -0.001823 0.010340 0.065320
v -0.001806 -0.010242 0.053310
v -0.001806 0.010242 0.053310
v -0.001736 -0.009848 0.057225
v -0.001736 -0.009848 0.065670
v -0.001736 -0.009848 0.066670
v -0.001736 0.009848 0.057225
v -0.001736 0.009848 0.065670
v -0.001736 0.009848 0.066670
v -0.001632 -0.009257 0.056425
v -0.001632 -0.009257 0.057225
v -0.001632 0.009257 0.056425
v -0.001632 0.009257 0.057225
v -0.001598 -0.009060 0.067470
v -0.001598 0.009060 0.067470
v -0.001572 -0.008913 0.053310
v -0.001572 -0.008913 0.065870
v -0.001572 0.008913 0.053310
v -0.001572 0.008913 0.065870
v -0.001423 -0.010807 0.053810
v -0.001423 -0.010807 0.056425
v -0.001423 0.010807 0.053810
v -0.001423 0.010807 0.056425
v -0.001371 -0.010410 0.057575
v -0.001371 -0.010410 0.065320
v -0.001357 -0.010311 0.053310
v -0.001357 0.010311 0.053310
v -0.001305 -0.009914 0.057225
v -0.001305 -0.009914 0.065670
v -0.001305 -0.009914 0.066670
v -0.001305 0.009914 0.057225
v -0.001305 0.009914 0.057575
v -0.001305 0.009914 0.065320
v -0.001305 0.009914 0.065670
v -0.001305 0.009914 0.066670
v -0.001227 -0.009320 0.056425
v -0.001227 -0.009320 0.057225
v -0.001227 0.009320 0.056425
v -0.001227 0.009320 0.057225
v -0.001201 -0.009121 0.067470
v -0.001201 0.009121 0.067470
v -0.001181 -0.008973 0.053310
v -0.001181 -0.008973 0.065870
v -0.001181 0.008973 0.053310
v -0.001181 0.008973 0.065870
v -0.000950 -0.010859 0.053810
v -0.000950 -0.010859 0.056425
v -0.000950 0.010859 0.053810
v -0.000950 0.010859 0.056425
v -0.000906 -0.010360 0.053310
v -0.000906 0.010360 0.053310
v -0.000872 -0.009962 0.057225
v -0.000872 -0.009962 0.057575
v -0.000872 -0.009962 0.065320
v -0.000872 -0.009962 0.065670
v -0.000872 -0.009962 0.066670
v -0.000872 0.009962 0.057225
v -0.000872 0.009962 0.057575
v -0.000872 0.009962 0.065320
v -0.000872 0.009962 0.065670
v -0.000872 0.009962 0.066670
v -0.000819 -0.009364 0.056425
v -0.000819 -0.009364 0.057225
v -0.000819 0.009364 0.056425
v -0.000819 0.009364 0.057225
v -0.000802 -0.009165 0.067470
v -0.000802 0.009165 0.067470
v -0.000789 -0.009016 0.053310
v -0.000789 -0.009016 0.065870
v -0.000789 0.009016 0.053310
v -0.000789 0.009016 0.065870
v -0.000475 -0.010890 0.053810
v -0.000475 -0.010890 0.056425
v -0.000475 0.010890 0.053810
v -0.000475 0.010890 0.056425
v -0.000458 0.010490 0.057575
v -0.000458 0.010490 0.065320
v -0.000454 -0.010390 0.053310
v -0.000454 0.010390 0.053310
v -0.000436 -0.009990 0.057225
v -0.000436 -0.009990 0.057575
v -0.000436 -0.009990 0.065320
v -0.000436 -0.009990 0.065670
v -0.000436 -0.009990 0.066670
v -0.000436 0.009990 0.057225
v -0.000436 0.009990 0.065670
v -0.000436 0.009990 0.066670
v -0.000410 -0.009391 0.056425
v -0.000410 -0.009391 0.057225
v -0.000410 0.009391 0.056425
v -0.000410 0.009391 0.057225
v -0.000401 -0.009191 0.067470
v -0.000401 0.009191 0.067470
v -0.000395 -0.009041 0.053310
v -0.000395 -0.009041 0.065870
v -0.000395 0.009041 0.053310
v -0.000395 0.009041 0.065870
v -0.000000 -0.010900 0.053810
v -0.000000 -0.010900 0.056425
v -0.000000 -0.010500 0.057575
v -0.000000 -0.010500 0.065320
v -0.000000 -0.010400 0.053310
v -0.000000 -0.010000 0.057225
v -0.000000 -0.010000 0.065670
v -0.000000 -0.010000 0.066670
v -0.000000 -0.009400 0.056425
v -0.000000 -0.009400 0.057225
v -0.000000 -0.009200 0.067470
v -0.000000 -0.009050 0.053310
v -0.000000 -0.009050 0.065870
v 0.000000 0.000000 0.065870
v 0.000000 0.000000 0.067470
v 0.000000 0.009050 0.053310
v 0.000000 0.009050 0.065870
v 0.000000 0.009200 0.067470
v 0.000000 0.009400 0.056425
v 0.000000 0.009400 0.057225
v 0.000000 0.010000 0.057225
v 0.000000 0.010000 0.065670
v 0.000000 0.010000 0.066670
v 0.000000 0.010400 0.053310
v 0.000000 0.010500 0.057575
v 0.000000 0.010500 0.065320
v 0.000000 0.010900 0.053810
v 0.000000 0.010900 0.056425
v 0.000395 -0.009041 0.053310
v 0.000395 -0.009041 0.065870
v 0.000395 0.009041 0.053310
v 0.000395 0.009041 0.065870
v 0.000401 -0.009191 0.067470
v 0.000401 0.009191 0.067470
v 0.000410 -0.009391 0.056425
v 0.000410 -0.009391 0.057225
v 0.000410 0.009391 0.056425
v 0.000410 0.009391 0.057225
v 0.000436 -0.009990 0.057225
v 0.000436 -0.009990 0.065670
v 0.000436 -0.009990 0.066670
v 0.000436 0.009990 0.057225
v 0.000436 0.009990 0.057575
v 0.000436 0.009990 0.065320
v 0.000436 0.009990 0.065670
v 0.000436 0.009990 0.066670
v 0.000454 -0.010390 0.053310
v 0.000454 0.010390 0.053310
v 0.000458 -0.010490 0.057575
v 0.000458 -0.010490 0.065320
v 0.000475 -0.010890 0.053810
v 0.000475 -0.010890 0.056425
v 0.000475 0.010890 0.053810
v 0.000475 0.010890 0.056425
v 0.000789 -0.009016 0.053310
v 0.000789 -0.009016 0.065870
v 0.000789 0.009016 0.053310
v 0.000789 0.009016 0.065870
v 0.000802 -0.009165 0.067470
v 0.000802 0.009165 0.067470
v 0.000819 -0.009364 0.056425
v 0.000819 -0.009364 0.057225
v 0.000819 0.009364 0.056425
v 0.000819 0.009364 0.057225
v 0.000872 -0.009962 0.057225
v 0.000872 -0.009962 0.057575
v 0.000872 -0.009962 0.065320
v 0.000872 -0.009962 0.065670
v 0.000872 -0.009962 0.066670
v 0.000872 0.009962 0.057225
v 0.000872 0.009962 0.057575
v 0.000872 0.009962 0.065320
v 0.000872 0.009962 0.065670
v 0.000872 0.009962 0.066670
v 0.000906 -0.010360 0.053310
v 0.000906 0.010360 0.053310
v 0.000950 -0.010859 0.053810
v 0.000950 -0.010859 0.056425
v 0.000950 0.010859 0.053810
v 0.000950 0.010859 0.056425
v 0.001181 -0.008973 0.053310
v 0.001181 -0.008973 0.065870
v 0.001181 0.008973 0.053310
v 0.001181 0.008973 0.065870
v 0.001201 -0.009121 0.067470
v 0.001201 0.009121 0.067470
v 0.001227 -0.009320 0.056425
v 0.001227 -0.009320 0.057225
v 0.001227 0.009320 0.056425
v 0.001227 0.009320 0.057225
v 0.001305 -0.009914 0.057225
v 0.001305 -0.009914 0.057575
v 0.001305 -0.009914 0.065320
v 0.001305 -0.009914 0.065670
v 0.001305 -0.009914 0.066670
v 0.001305 0.009914 0.057225
v 0.001305 0.009914 0.065670
v 0.001305 0.009914 0.066670
v 0.001357 -0.010311 0.053310
v 0.001357 0.010311 0.053310
v 0.001371 0.010410 0.057575
v 0.001371 0.010410 0.065320
v 0.001423 -0.010807 0.053810
v 0.001423 -0.010807 0.056425
v 0.001423 0.010807 0.053810
v 0.001423 0.010807 0.056425
v 0.001572 -0.008913 0.053310
v 0.001572 -0.008913 0.065870
v 0.001572 0.008913 0.053310
v 0.001572 0.008913 0.065870
v 0.001598 -0.009060 0.067470
v 0.001598 0.009060 0.067470
v 0.001632 -0.009257 0.056425
v 0.001632 -0.009257 0.057225
v 0.001632 0.009257 0.056425
v 0.001632 0.009257 0.057225
v 0.001736 -0.009848 0.057225
v 0.001736 -0.009848 0.065670
v 0.001736 -0.009848 0.066670
v 0.001736 0.009848 0.057225
v 0.001736 0.009848 0.065670
v 0.001736 0.009848 0.066670
v 0.001806 -0.010242 0.053310
v 0.001806 0.010242 0.053310
v 0.001823 -0.010340 0.057575
v 0.001823 -0.010340 0.065320
v 0.001823 0.010340 0.057575
v 0.001823 0.010340 0.065320
v 0.001893 -0.010734 0.053810
v 0.001893 -0.010734 0.056425
v 0.001893 0.010734 0.053810
v 0.001893 0.010734 0.056425
v 0.001959 -0.008835 0.053310
v 0.001959 -0.008835 0.065870
v 0.001959 0.008835 0.053310
v 0.001959 0.008835 0.065870
v 0.001991 -0.008982 0.067470
v 0.001991 0.008982 0.067470
v 0.002035 -0.009177 0.056425
v 0.002035 -0.009177 0.057225
v 0.002035 0.009177 0.056425
v 0.002035 0.009177 0.057225
v 0.002164 -0.009763 0.057225
v 0.002164 -0.009763 0.065670
v 0.002164 -0.009763 0.066670
v 0.002164 0.009763 0.057225
v 0.002164 0.009763 0.057575
v 0.002164 0.009763 0.065320
v 0.002164 0.009763 0.065670
v 0.002164 0.009763 0.066670
v 0.002251 -0.010153 0.053310
v 0.002251 0.010153 0.053310
v 0.002273 -0.010251 0.057575
v 0.002273 -0.010251 0.065320
v 0.002342 -0.008742 0.053310
v 0.002342 -0.008742 0.065870
v 0.002342 0.008742 0.053310
v 0.002342 0.008742 0.065870
v 0.002359 -0.010642 0.053810
v 0.002359 -0.010642 0.056425
v 0.002359 0.010642 0.053810
v 0.002359 0.010642 0.056425
v 0.002381 -0.008887 0.067470
v 0.002381 0.008887 0.067470
v 0.002433 -0.009080 0.056425
v 0.002433 -0.009080 0.057225
v 0.002433 0.009080 0.056425
v 0.002433 0.009080 0.057225
v 0.002588 -0.009659 0.057225
v 0.002588 -0.009659 0.057575
v 0.002588 -0.009659 0.065320
v 0.002588 -0.009659 0.065670
v 0.002588 -0.009659 0.066670
v 0.002588 0.009659 0.057225
v 0.002588 0.009659 0.057575
v 0.002588 0.009659 0.065320
v 0.002588 0.009659 0.065670
v 0.002588 0.009659 0.066670
v 0.002692 -0.010046 0.053310
v 0.002692 0.010046 0.053310
v 0.002721 -0.008631 0.053310
v 0.002721 -0.008631 0.065870
v 0.002721 0.008631 0.053310
v 0.002721 0.008631 0.065870
v 0.002766 -0.008774 0.067470
v 0.002766 0.008774 0.067470
v 0.002821 -0.010529 0.053810
v 0.002821 -0.010529 0.056425
v 0.002821 0.010529 0.053810
v 0.002821 0.010529 0.056425
v 0.002827 -0.008965 0.056425
v 0.002827 -0.008965 0.057225
v 0.002827 0.008965 0.056425
v 0.002827 0.008965 0.057225
v 0.003007 -0.009537 0.057225
v 0.003007 -0.009537 0.057575
v 0.003007 -0.009537 0.065320
v 0.003007 -0.009537 0.065670
v 0.003007 -0.009537 0.066670
v 0.003007 0.009537 0.057225
v 0.003007 0.009537 0.065670
v 0.003007 0.009537 0.066670
v 0.003095 -0.008504 0.053310
v 0.003095 -0.008504 0.065870
v 0.003095 0.008504 0.053310
v 0.003095 0.008504 0.065870
v 0.003127 -0.009919 0.053310
v 0.003127 0.009919 0.053310
v 0.003147 -0.008645 0.067470
v 0.003147 0.008645 0.067470
v 0.003157 0.010014 0.057575
v 0.003157 0.010014 0.065320
v 0.003215 -0.008833 0.056425
v 0.003215 -0.008833 0.057225
v 0.003215 0.008833 0.056425
v 0.003215 0.008833 0.057225
v 0.003278 -0.010396 0.053810
v 0.003278 -0.010396 0.056425
v 0.003278 0.010396 0.053810
v 0.003278 0.010396 0.056425
v 0.003420 -0.009397 0.057225
v 0.003420 -0.009397 0.065670
v 0.003420 -0.009397 0.066670
v 0.003420 0.009397 0.057225
v 0.003420 0.009397 0.065670
v 0.003420 0.009397 0.066670
v 0.003463 -0.008361 0.053310
v 0.003463 -0.008361 0.065870
v 0.003463 0.008361 0.053310
v 0.003463 0.008361 0.065870
v 0.003521 -0.008500 0.067470
v 0.003521 0.008500 0.067470
v 0.003557 -0.009773 0.053310
v 0.003557 0.009773 0.053310
v 0.003591 -0.009867 0.057575
v 0.003591 -0.009867 0.065320
v 0.003591 0.009867 0.057575
v 0.003591 0.009867 0.065320
v 0.003597 -0.008684 0.056425
v 0.003597 -0.008684 0.057225
v 0.003597 0.008684 0.056425
v 0.003597 0.008684 0.057225
v 0.003728 -0.010243 0.053810
v 0.003728 -0.010243 0.056425
v 0.003728 0.010243 0.053810
v 0.003728 0.010243 0.056425
v 0.003825 -0.008202 0.053310
v 0.003825 -0.008202 0.065870
v 0.003825 0.008202 0.053310
v 0.003825 0.008202 0.065870
v 0.003827 -0.009239 0.057225
v 0.003827 -0.009239 0.065670
v 0.003827 -0.009239 0.066670
v 0.003827 0.009239 0.057225
v 0.003827 0.009239 0.057575
v 0.003827 0.009239 0.065320
v 0.003827 0.009239 0.065670
v 0.003827 0.009239 0.066670
v 0.003888 -0.008338 0.067470
v 0.003888 0.008338 0.067470
v 0.003973 -0.008519 0.056425
v 0.003973 -0.008519 0.057225
v 0.003973 0.008519 0.056425
v 0.003973 0.008519 0.057225
v 0.003980 -0.009608 0.053310
v 0.003980 0.009608 0.053310
v 0.004018 -0.009701 0.057575
v 0.004018 -0.009701 0.065320
v 0.004171 -0.010070 0.053810
v 0.004171 -0.010070 0.056425
v 0.004171 0.010070 0.053810
v 0.004171 0.010070 0.056425
v 0.004179 -0.008027 0.053310
v 0.004179 -0.008027 0.065870
v 0.004179 0.008027 0.053310
v 0.004179 0.008027 0.065870
v 0.004226 -0.009063 0.057225
v 0.004226 -0.009063 0.057575
v 0.004226 -0.009063 0.065320
v 0.004226 -0.009063 0.065670
v 0.004226 -0.009063 0.066670
v 0.004226 0.009063 0.057225
v 0.004226 0.009063 0.057575
v 0.004226 0.009063 0.065320
v 0.004226 0.009063 0.065670
v 0.004226 0.009063 0.066670
v 0.004248 -0.008160 0.067470
v 0.004248 0.008160 0.067470
v 0.004340 -0.008338 0.056425
v 0.004340 -0.008338 0.057225
v 0.004340 0.008338 0.056425
v 0.004340 0.008338 0.057225
v 0.004395 -0.009426 0.053310
v 0.004395 0.009426 0.053310
v 0.004525 -0.007838 0.053310
v 0.004525 -0.007838 0.065870
v 0.004525 0.007838 0.053310
v 0.004525 0.007838 0.065870
v 0.004600 -0.007967 0.067470
v 0.004600 0.007967 0.067470
v 0.004607 -0.009879 0.053810
v 0.004607 -0.009879 0.056425
v 0.004607 0.009879 0.053810
v 0.004607 0.009879 0.056425
v 0.004617 -0.008870 0.057225
v 0.004617 -0.008870 0.057575
v 0.004617 -0.008870 0.065320
v 0.004617 -0.008870 0.065670
v 0.004617 -0.008870 0.066670
v 0.004617 0.008870 0.057225
v 0.004617 0.008870 0.065670
v 0.004617 0.008870 0.066670
v 0.004700 -0.008141 0.056425
v 0.004700 -0.008141 0.057225
v 0.004700 0.008141 0.056425
v 0.004700 0.008141 0.057225
v 0.004802 -0.009225 0.053310
v 0.004802 0.009225 0.053310
v 0.004848 0.009314 0.057575
v 0.004848 0.009314 0.065320
v 0.004863 -0.007633 0.053310
v 0.004863 -0.007633 0.065870
v 0.004863 0.007633 0.053310
v 0.004863 0.007633 0.065870
v 0.004943 -0.007759 0.067470
v 0.004943 0.007759 0.067470
v 0.005000 -0.008660 0.057225
v 0.005000 -0.008660 0.065670
v 0.005000 -0.008660 0.066670
v 0.005000 0.008660 0.057225
v 0.005000 0.008660 0.065670
v 0.005000 0.008660 0.066670
v 0.005033 -0.009668 0.053810
v 0.005033 -0.009668 0.056425
v 0.005033 0.009668 0.053810
v 0.005033 0.009668 0.056425
v 0.005051 -0.007928 0.056425
v 0.005051 -0.007928 0.057225
v 0.005051 0.007928 0.056425
v 0.005051 0.007928 0.057225
v 0.005191 -0.007413 0.053310
v 0.005191 -0.007413 0.065870
v 0.005191 0.007413 0.053310
v 0.005191 0.007413 0.065870
v 0.005200 -0.009007 0.053310
v 0.005200 0.009007 0.053310
v 0.005250 -0.009093 0.057575
v 0.005250 -0.009093 0.065320
v 0.005250 0.009093 0.057575
v 0.005250 0.009093 0.065320
v 0.005277 -0.007536 0.067470
v 0.005277 0.007536 0.067470
v 0.005373 -0.008434 0.057225
v 0.005373 -0.008434 0.065670
v 0.005373 -0.008434 0.066670
v 0.005373 0.008434 0.057225
v 0.005373 0.008434 0.057575
v 0.005373 0.008434 0.065320
v 0.005373 0.008434 0.065670
v 0.005373 0.008434 0.066670
v 0.005392 -0.007700 0.056425
v 0.005392 -0.007700 0.057225
v 0.005392 0.007700 0.056425
v 0.005392 0.007700 0.057225
v 0.005450 -0.009440 0.053810
v 0.005450 -0.009440 0.056425
v 0.005450 0.009440 0.053810
v 0.005450 0.009440 0.056425
v 0.005509 -0.007180 0.053310
v 0.005509 -0.007180 0.065870
v 0.005509 0.007180 0.053310
v 0.005509 0.007180 0.065870
v 0.005588 -0.008771 0.053310
v 0.005588 0.008771 0.053310
v 0.005601 -0.007299 0.067470
v 0.005601 0.007299 0.067470
v 0.005642 -0.008856 0.057575
v 0.005642 -0.008856 0.065320
v 0.005722 -0.007458 0.056425
v 0.005722 -0.007458 0.057225
v 0.005722 0.007458 0.056425
v 0.005722 0.007458 0.057225
v 0.005736 -0.008192 0.057225
v 0.005736 -0.008192 0.057575
v 0.005736 -0.008192 0.065320
v 0.005736 -0.008192 0.065670
v 0.005736 -0.008192 0.066670
v 0.005736 0.008192 0.057225
v 0.005736 0.008192 0.057575
v 0.005736 0.008192 0.065320
v 0.005736 0.008192 0.065670
v 0.005736 0.008192 0.066670
v 0.005817 -0.006933 0.053310
v 0.005817 -0.006933 0.065870
v 0.005817 0.006933 0.053310
v 0.005817 0.006933 0.065870
v 0.005857 -0.009193 0.053810
v 0.005857 -0.009193 0.056425
v 0.005857 0.009193 0.053810
v 0.005857 0.009193 0.056425
v 0.005914 -0.007048 0.067470
v 0.005914 0.007048 0.067470
v 0.005965 -0.008519 0.053310
v 0.005965 0.008519 0.053310
v 0.006042 -0.007201 0.056425
v 0.006042 -0.007201 0.057225
v 0.006042 0.007201 0.056425
v 0.006042 0.007201 0.057225
v 0.006088 -0.007934 0.057225
v 0.006088 -0.007934 0.057575
v 0.006088 -0.007934 0.065320
v 0.006088 -0.007934 0.065670
v 0.006088 -0.007934 0.066670
v 0.006088 0.007934 0.057225
v 0.006088 0.007934 0.065670
v 0.006088 0.007934 0.066670
v 0.006114 -0.006672 0.053310
v 0.006114 -0.006672 0.065870
v 0.006114 0.006672 0.053310
v 0.006114 0.006672 0.065870
v 0.006215 -0.006783 0.067470
v 0.006215 0.006783 0.067470
v 0.006252 -0.008929 0.053810
v 0.006252 -0.008929 0.056425
v 0.006252 0.008929 0.053810
v 0.006252 0.008929 0.056425
v 0.006331 -0.008251 0.053310
v 0.006331 0.008251 0.053310
v 0.006351 -0.006930 0.056425
v 0.006351 -0.006930 0.057225
v 0.006351 0.006930 0.056425
v 0.006351 0.006930 0.057225
v 0.006392 0.008330 0.057575
v 0.006392 0.008330 0.065320
v 0.006399 -0.006399 0.053310
v 0.006399 -0.006399 0.065870
v 0.006399 0.006399 0.053310
v 0.006399 0.006399 0.065870
v 0.006428 -0.007660 0.057225
v 0.006428 -0.007660 0.065670
v 0.006428 -0.007660 0.066670
v 0.006428 0.007660 0.057225
v 0.006428 0.007660 0.065670
v 0.006428 0.007660 0.066670
v 0.006505 -0.006505 0.067470
v 0.006505 0.006505 0.067470
v 0.006635 -0.008648 0.053810
v 0.006635 -0.008648 0.056425
v 0.006635 0.008648 0.053810
v 0.006635 0.008648 0.056425
v 0.006647 -0.006647 0.056425
v 0.006647 -0.006647 0.057225
v 0.006647 0.006647 0.056425
v 0.006647 0.006647 0.057225
v 0.006672 -0.006114 0.053310
v 0.006672 -0.006114 0.065870
v 0.006672 0.006114 0.053310
v 0.006672 0.006114 0.065870
v 0.006685 -0.007967 0.053310
v 0.006685 0.007967 0.053310
v 0.006749 -0.008043 0.057575
v 0.006749 -0.008043 0.065320
v 0.006749 0.008043 0.057575
v 0.006749 0.008043 0.065320
v 0.006756 -0.007373 0.057225
v 0.006756 -0.007373 0.065670
v 0.006756 -0.007373 0.066670
v 0.006756 0.007373 0.057225
v 0.006756 0.007373 0.057575
v 0.006756 0.007373 0.065320
v 0.006756 0.007373 0.065670
v 0.006756 0.007373 0.066670
v 0.006783 -0.006215 0.067470
v 0.006783 0.006215 0.067470
v 0.006930 -0.006351 0.056425
v 0.006930 -0.006351 0.057225
v 0.006933 -0.005817 0.053310
v 0.006933 -0.005817 0.065870
v 0.006933 0.005817 0.053310
v 0.006933 0.005817 0.065870
v 0.006930 0.006351 0.056425
v 0.006930 0.006351 0.057225
v 0.007006 -0.008350 0.053810
v 0.007006 -0.008350 0.056425
v 0.007006 0.008350 0.053810
v 0.007006 0.008350 0.056425
v 0.007026 -0.007668 0.053310
v 0.007026 0.007668 0.053310
v 0.007048 -0.005914 0.067470
v 0.007048 0.005914 0.067470
v 0.007071 -0.007071 0.057225
v 0.007071 -0.007071 0.057575
v 0.007071 -0.007071 0.065320
v 0.007071 -0.007071 0.065670
v 0.007071 -0.007071 0.066670
v 0.007071 0.007071 0.057225
v 0.007071 0.007071 0.057575
v 0.007071 0.007071 0.065320
v 0.007071 0.007071 0.065670
v 0.007071 0.007071 0.066670
v 0.007094 -0.007741 0.057575
v 0.007094 -0.007741 0.065320
v 0.007180 -0.005509 0.053310
v 0.007180 -0.005509 0.065870
v 0.007180 0.005509 0.053310
v 0.007180 0.005509 0.065870
v 0.007201 -0.006042 0.056425
v 0.007201 -0.006042 0.057225
v 0.007201 0.006042 0.056425
v 0.007201 0.006042 0.057225
v 0.007299 -0.005601 0.067470
v 0.007299 0.005601 0.067470
v 0.007354 -0.007354 0.053310
v 0.007354 0.007354 0.053310
v 0.007364 -0.008036 0.053810
v 0.007364 -0.008036 0.056425
v 0.007364 0.008036 0.053810
v 0.007364 0.008036 0.056425
v 0.007373 -0.006756 0.057225
v 0.007373 -0.006756 0.057575
v 0.007373 -0.006756 0.065320
v 0.007373 -0.006756 0.065670
v 0.007373 -0.006756 0.066670
v 0.007373 0.006756 0.057225
v 0.007373 0.006756 0.065670
v 0.007373 0.006756 0.066670
v 0.007413 -0.005191 0.053310
v 0.007413 -0.005191 0.065870
v 0.007413 0.005191 0.053310
v 0.007413 0.005191 0.065870
v 0.007458 -0.005722 0.056425
v 0.007458 -0.005722 0.057225
v 0.007458 0.005722 0.056425
v 0.007458 0.005722 0.057225
v 0.007536 -0.005277 0.067470
v 0.007536 0.005277 0.067470
v 0.007633 -0.004863 0.053310
v 0.007633 -0.004863 0.065870
v 0.007633 0.004863 0.053310
v 0.007633 0.004863 0.065870
v 0.007660 -0.006428 0.057225
v 0.007660 -0.006428 0.065670
v 0.007660 -0.006428 0.066670
v 0.007660 0.006428 0.057225
v 0.007660 0.006428 0.065670
v 0.007660 0.006428 0.066670
v 0.007668 -0.007026 0.053310
v 0.007668 0.007026 0.053310
v 0.007700 -0.005392 0.056425
v 0.007700 -0.005392 0.057225
v 0.007700 0.005392 0.056425
v 0.007700 0.005392 0.057225
v 0.007707 -0.007707 0.053810
v 0.007707 -0.007707 0.056425
v 0.007707 0.007707 0.053810
v 0.007707 0.007707 0.056425
v 0.007741 0.007094 0.057575
v 0.007741 0.007094 0.065320
v 0.007759 -0.004943 0.067470
v 0.007759 0.004943 0.067470
v 0.007838 -0.004525 0.053310
v 0.007838 -0.004525 0.065870
v 0.007838 0.004525 0.053310
v 0.007838 0.004525 0.065870
v 0.007934 -0.006088 0.057225
v 0.007934 -0.006088 0.065670
v 0.007934 -0.006088 0.066670
v 0.007928 -0.005051 0.056425
v 0.007928 -0.005051 0.057225
v 0.007928 0.005051 0.056425
v 0.007928 0.005051 0.057225
v 0.007934 0.006088 0.057225
v 0.007934 0.006088 0.057575
v 0.007934 0.006088 0.065320
v 0.007934 0.006088 0.065670
v 0.007934 0.006088 0.066670
v 0.007967 -0.006685 0.053310
v 0.007967 -0.004600 0.067470
v 0.007967 0.004600 0.067470
v 0.007967 0.006685 0.053310
v 0.008027 -0.004179 0.053310
v 0.008027 -0.004179 0.065870
v 0.008027 0.004179 0.053310
v 0.008027 0.004179 0.065870
v 0.008036 -0.007364 0.053810
v 0.008036 -0.007364 0.056425
v 0.008043 -0.006749 0.057575
v 0.008043 -0.006749 0.065320
v 0.008043 0.006749 0.057575
v 0.008043 0.006749 0.065320
v 0.008036 0.007364 0.053810
v 0.008036 0.007364 0.056425
v 0.008141 -0.004700 0.056425
v 0.008141 -0.004700 0.057225
v 0.008141 0.004700 0.056425
v 0.008141 0.004700 0.057225
v 0.008160 -0.004248 0.067470
v 0.008160 0.004248 0.067470
v 0.008192 -0.005736 0.057225
v 0.008192 -0.005736 0.057575
v 0.008192 -0.005736 0.065320
v 0.008192 -0.005736 0.065670
v 0.008192 -0.005736 0.066670
v 0.008192 0.005736 0.057225
v 0.008192 0.005736 0.057575
v 0.008192 0.005736 0.065320
v 0.008192 0.005736 0.065670
v 0.008192 0.005736 0.066670
v 0.008202 -0.003825 0.053310
v 0.008202 -0.003825 0.065870
v 0.008202 0.003825 0.053310
v 0.008202 0.003825 0.065870
v 0.008251 -0.006331 0.053310
v 0.008251 0.006331 0.053310
v 0.008330 -0.006392 0.057575
v 0.008330 -0.006392 0.065320
v 0.008338 -0.004340 0.056425
v 0.008338 -0.004340 0.057225
v 0.008338 -0.003888 0.067470
v 0.008338 0.003888 0.067470
v 0.008338 0.004340 0.056425
v 0.008338 0.004340 0.057225
v 0.008350 -0.007006 0.053810
v 0.008350 -0.007006 0.056425
v 0.008350 0.007006 0.053810
v 0.008350 0.007006 0.056425
v 0.008361 -0.003463 0.053310
v 0.008361 -0.003463 0.065870
v 0.008361 0.003463 0.053310
v 0.008361 0.003463 0.065870
v 0.008434 -0.005373 0.057225
v 0.008434 -0.005373 0.057575
v 0.008434 -0.005373 0.065320
v 0.008434 -0.005373 0.065670
v 0.008434 -0.005373 0.066670
v 0.008434 0.005373 0.057225
v 0.008434 0.005373 0.065670
v 0.008434 0.005373 0.066670
v 0.008500 -0.003521 0.067470
v 0.008504 -0.003095 0.053310
v 0.008504 -0.003095 0.065870
v 0.008504 0.003095 0.053310
v 0.008504 0.003095 0.065870
v 0.008500 0.003521 0.067470
v 0.008519 -0.005965 0.053310
v 0.008519 -0.003973 0.056425
v 0.008519 -0.003973 0.057225
v 0.008519 0.003973 0.056425
v 0.008519 0.003973 0.057225
v 0.008519 0.005965 0.053310
v 0.008631 -0.002721 0.053310
v 0.008631 -0.002721 0.065870
v 0.008631 0.002721 0.053310
v 0.008631 0.002721 0.065870
v 0.008648 -0.006635 0.053810
v 0.008648 -0.006635 0.056425
v 0.008645 -0.003147 0.067470
v 0.008645 0.003147 0.067470
v 0.008648 0.006635 0.053810
v 0.008648 0.006635 0.056425
v 0.008660 -0.005000 0.057225
v 0.008660 -0.005000 0.065670
v 0.008660 -0.005000 0.066670
v 0.008660 0.005000 0.057225
v 0.008660 0.005000 0.065670
v 0.008660 0.005000 0.066670
v 0.008684 -0.003597 0.056425
v 0.008684 -0.003597 0.057225
v 0.008684 0.003597 0.056425
v 0.008684 0.003597 0.057225
v 0.008742 -0.002342 0.053310
v 0.008742 -0.002342 0.065870
v 0.008742 0.002342 0.053310
v 0.008742 0.002342 0.065870
v 0.008771 -0.005588 0.053310
v 0.008774 -0.002766 0.067470
v 0.008774 0.002766 0.067470
v 0.008771 0.005588 0.053310
v 0.008833 -0.003215 0.056425
v 0.008833 -0.003215 0.057225
v 0.008833 0.003215 0.056425
v 0.008833 0.003215 0.057225
v 0.008835 -0.001959 0.053310
v 0.008835 -0.001959 0.065870
v 0.008835 0.001959 0.053310
v 0.008835 0.001959 0.065870
v 0.008856 0.005642 0.057575
v 0.008856 0.005642 0.065320
v 0.008870 -0.004617 0.057225
v 0.008870 -0.004617 0.065670
v 0.008870 -0.004617 0.066670
v 0.008870 0.004617 0.057225
v 0.008870 0.004617 0.057575
v 0.008870 0.004617 0.065320
v 0.008870 0.004617 0.065670
v 0.008870 0.004617 0.066670
v 0.008887 -0.002381 0.067470
v 0.008887 0.002381 0.067470
v 0.008913 -0.001572 0.053310
v 0.008913 -0.001572 0.065870
v 0.008913 0.001572 0.053310
v 0.008913 0.001572 0.065870
v 0.008929 -0.006252 0.053810
v 0.008929 -0.006252 0.056425
v 0.008929 0.006252 0.053810
v 0.008929 0.006252 0.056425
v 0.008965 -0.002827 0.056425
v 0.008965 -0.002827 0.057225
v 0.008965 0.002827 0.056425
v 0.008965 0.002827 0.057225
v 0.008973 -0.001181 0.053310
v 0.008973 -0.001181 0.065870
v 0.008973 0.001181 0.053310
v 0.008973 0.001181 0.065870
v 0.008982 -0.001991 0.067470
v 0.008982 0.001991 0.067470
v 0.009007 -0.005200 0.053310
v 0.009007 0.005200 0.053310
v 0.009016 -0.000789 0.053310
v 0.009016 -0.000789 0.065870
v 0.009016 0.000789 0.053310
v 0.009016 0.000789 0.065870
v 0.009041 -0.000395 0.053310
v 0.009041 -0.000395 0.065870
v 0.009041 0.000395 0.053310
v 0.009041 0.000395 0.065870
v 0.009050 0.000000 0.053310
v 0.009050 0.000000 0.065870
v 0.009063 -0.004226 0.057225
v 0.009063 -0.004226 0.057575
v 0.009063 -0.004226 0.065320
v 0.009063 -0.004226 0.065670
v 0.009063 -0.004226 0.066670
v 0.009060 -0.001598 0.067470
v 0.009060 0.001598 0.067470
v 0.009063 0.004226 0.057225
v 0.009063 0.004226 0.057575
v 0.009063 0.004226 0.065320
v 0.009063 0.004226 0.065670
v 0.009063 0.004226 0.066670
v 0.009080 -0.002433 0.056425
v 0.009080 -0.002433 0.057225
v 0.009080 0.002433 0.056425
v 0.009080 0.002433 0.057225
v 0.009093 -0.005250 0.057575
v 0.009093 -0.005250 0.065320
v 0.009093 0.005250 0.057575
v 0.009093 0.005250 0.065320
v 0.009121 -0.001201 0.067470
v 0.009121 0.001201 0.067470
v 0.009165 -0.000802 0.067470
v 0.009165 0.000802 0.067470
v 0.009177 -0.002035 0.056425
v 0.009177 -0.002035 0.057225
v 0.009177 0.002035 0.056425
v 0.009177 0.002035 0.057225
v 0.009193 -0.005857 0.053810
v 0.009193 -0.005857 0.056425
v 0.009191 -0.000401 0.067470
v 0.009191 0.000401 0.067470
v 0.009193 0.005857 0.053810
v 0.009193 0.005857 0.056425
v 0.009200 0.000000 0.067470
v 0.009225 -0.004802 0.053310
v 0.009225 0.004802 0.053310
v 0.009239 -0.003827 0.057225
v 0.009239 -0.003827 0.057575
v 0.009239 -0.003827 0.065320
v 0.009239 -0.003827 0.065670
v 0.009239 -0.003827 0.066670
v 0.009239 0.003827 0.057225
v 0.009239 0.003827 0.065670
v 0.009239 0.003827 0.066670
v 0.009257 -0.001632 0.056425
v 0.009257 -0.001632 0.057225
v 0.009257 0.001632 0.056425
v 0.009257 0.001632 0.057225
v 0.009314 -0.004848 0.057575
v 0.009314 -0.004848 0.065320
v 0.009320 -0.001227 0.056425
v 0.009320 -0.001227 0.057225
v 0.009320 0.001227 0.056425
v 0.009320 0.001227 0.057225
v 0.009364 -0.000819 0.056425
v 0.009364 -0.000819 0.057225
v 0.009364 0.000819 0.056425
v 0.009364 0.000819 0.057225
v 0.009391 -0.000410 0.056425
v 0.009391 -0.000410 0.057225
v 0.009391 0.000410 0.056425
v 0.009391 0.000410 0.057225
v 0.009397 -0.003420 0.057225
v 0.009397 -0.003420 0.065670
v 0.009397 -0.003420 0.066670
v 0.009400 0.000000 0.056425
v 0.009400 0.000000 0.057225
v 0.009397 0.003420 0.057225
v 0.009397 0.003420 0.065670
v 0.009397 0.003420 0.066670
v 0.009426 -0.004395 0.053310
v 0.009426 0.004395 0.053310
v 0.009440 -0.005450 0.053810
v 0.009440 -0.005450 0.056425
v 0.009440 0.005450 0.053810
v 0.009440 0.005450 0.056425
v 0.009537 -0.003007 0.057225
v 0.009537 -0.003007 0.065670
v 0.009537 -0.003007 0.066670
v 0.009537 0.003007 0.057225
v 0.009537 0.003007 0.057575
v 0.009537 0.003007 0.065320
v 0.009537 0.003007 0.065670
v 0.009537 0.003007 0.066670
v 0.009608 -0.003980 0.053310
v 0.009608 0.003980 0.053310
v 0.009659 -0.002588 0.057225
v 0.009659 -0.002588 0.057575
v 0.009659 -0.002588 0.065320
v 0.009659 -0.002588 0.065670
v 0.009659 -0.002588 0.066670
v 0.009659 0.002588 0.057225
v 0.009659 0.002588 0.057575
v 0.009659 0.002588 0.065320
v 0.009659 0.002588 0.065670
v 0.009659 0.002588 0.066670
v 0.009668 -0.005033 0.053810
v 0.009668 -0.005033 0.056425
v 0.009668 0.005033 0.053810
v 0.009668 0.005033 0.056425
v 0.009701 0.004018 0.057575
v 0.009701 0.004018 0.065320
v 0.009763 -0.002164 0.057225
v 0.009763 -0.002164 0.057575
v 0.009763 -0.002164 0.065320
v 0.009763 -0.002164 0.065670
v 0.009763 -0.002164 0.066670
v 0.009763 0.002164 0.057225
v 0.009763 0.002164 0.065670
v 0.009763 0.002164 0.066670
v 0.009773 -0.003557 0.053310
v 0.009773 0.003557 0.053310
v 0.009848 -0.001736 0.057225
v 0.009848 -0.001736 0.065670
v 0.009848 -0.001736 0.066670
v 0.009848 0.001736 0.057225
v 0.009848 0.001736 0.065670
v 0.009848 0.001736 0.066670
v 0.009867 -0.003591 0.057575
v 0.009867 -0.003591 0.065320
v 0.009867 0.003591 0.057575
v 0.009867 0.003591 0.065320
v 0.009879 -0.004607 0.053810
v 0.009879 -0.004607 0.056425
v 0.009879 0.004607 0.053810
v 0.009879 0.004607 0.056425
v 0.009914 -0.001305 0.057225
v 0.009914 -0.001305 0.065670
v 0.009914 -0.001305 0.066670
v 0.009914 0.001305 0.057225
v 0.009914 0.001305 0.057575
v 0.009914 0.001305 0.065320
v 0.009914 0.001305 0.065670
v 0.009914 0.001305 0.066670
v 0.009919 -0.003127 0.053310
v 0.009919 0.003127 0.053310
v 0.009962 -0.000872 0.057225
v 0.009962 -0.000872 0.057575
v 0.009962 -0.000872 0.065320
v 0.009962 -0.000872 0.065670
v 0.009962 -0.000872 0.066670
v 0.009962 0.000872 0.057225
v 0.009962 0.000872 0.057575
v 0.009962 0.000872 0.065320
v 0.009962 0.000872 0.065670
v 0.009962 0.000872 0.066670
v 0.009990 -0.000436 0.057225
v 0.009990 -0.000436 0.057575
v 0.009990 -0.000436 0.065320
v 0.009990 -0.000436 0.065670
v 0.009990 -0.000436 0.066670
v 0.009990 0.000436 0.057225
v 0.009990 0.000436 0.065670
v 0.009990 0.000436 0.066670
v 0.010000 0.000000 0.057225
v 0.010000 0.000000 0.065670
v 0.010000 0.000000 0.066670
v 0.010014 -0.003157 0.057575
v 0.010014 -0.003157 0.065320
v 0.010046 -0.002692 0.053310
v 0.010046 0.002692 0.053310
v 0.010070 -0.004171 0.053810
v 0.010070 -0.004171 0.056425
v 0.010070 0.004171 0.053810
v 0.010070 0.004171 0.056425
v 0.010153 -0.002251 0.053310
v 0.010153 0.002251 0.053310
v 0.010243 -0.003728 0.053810
v 0.010243 -0.003728 0.056425
v 0.010242 -0.001806 0.053310
v 0.010242 0.001806 0.053310
v 0.010243 0.003728 0.053810
v 0.010243 0.003728 0.056425
v 0.010251 0.002273 0.057575
v 0.010251 0.002273 0.065320
v 0.010311 -0.001357 0.053310
v 0.010311 0.001357 0.053310
v 0.010340 -0.001823 0.057575
v 0.010340 -0.001823 0.065320
v 0.010340 0.001823 0.057575
v 0.010340 0.001823 0.065320
v 0.010360 -0.000906 0.053310
v 0.010360 0.000906 0.053310
v 0.010390 -0.000454 0.053310
v 0.010390 0.000454 0.053310
v 0.010396 -0.003278 0.053810
v 0.010396 -0.003278 0.056425
v 0.010400 0.000000 0.053310
v 0.010396 0.003278 0.053810
v 0.010396 0.003278 0.056425
v 0.010410 -0.001371 0.057575
v 0.010410 -0.001371 0.065320
v 0.010490 0.000458 0.057575
v 0.010490 0.000458 0.065320
v 0.010500 0.000000 0.057575
v 0.010500 0.000000 0.065320
v 0.010529 -0.002821 0.053810
v 0.010529 -0.002821 0.056425
v 0.010529 0.002821 0.053810
v 0.010529 0.002821 0.056425
v 0.010642 -0.002359 0.053810
v 0.010642 -0.002359 0.056425
v 0.010642 0.002359 0.053810
v 0.010642 0.002359 0.056425
v 0.010734 -0.001893 0.053810
v 0.010734 -0.001893 0.056425
v 0.010734 0.001893 0.053810
v 0.010734 0.001893 0.056425
v 0.010807 -0.001423 0.053810
v 0.010807 -0.001423 0.056425
v 0.010807 0.001423 0.053810
v 0.010807 0.001423 0.056425
v 0.010859 -0.000950 0.053810
v 0.010859 -0.000950 0.056425
v 0.010859 0.000950 0.053810
v 0.010859 0.000950 0.056425
v 0.010890 -0.000475 0.053810
v 0.010890 -0.000475 0.056425
v 0.010890 0.000475 0.053810
v 0.010890 0.000475 0.056425
v 0.010900 0.000000 0.053810
v 0.010900 0.000000 0.056425
f 938 1686 1683
f 938 1683 1675
f 938 1675 1673
f 938 1673 1658
f 938 1658 1639
f 938 1639 1621
f 938 1621 1600
f 938 1600 1581
f 938 1581 1567
f 938 1567 1543
f 938 1543 1521
f 938 1521 1502
f 938 1502 1483
f 938 1483 1459
f 938 1459 1435
f 938 1435 1413
f 938 1413 1397
f 938 1397 1369
f 938 1369 1345
f 938 1345 1325
f 938 1325 1299
f 938 1299 1275
f 938 1275 1249
f 938 1249 1223
f 938 1223 1211
f 938 1211 1183
f 938 1183 1155
f 938 1155 1133
f 938 1133 1109
f 938 1109 1087
f 938 1087 1061
f 938 1061 1035
f 938 1035 1009
f 938 1009 983
f 938 983 957
f 938 957 941
f 938 941 919
f 938 919 893
f 938 893 867
f 938 867 841
f 938 841 815
f 938 815 789
f 938 789 767
f 938 767 743
f 938 743 721
f 938 721 693
f 938 693 665
f 938 665 653
f 938 653 627
f 938 627 601
f 938 601 577
f 938 577 551
f 938 551 531
f 938 531 507
f 938 507 479
f 938 479 463
f 938 463 441
f 938 441 417
f 938 417 393
f 938 393 374
f 938 374 355
f 938 355 333
f 938 333 313
f 938 313 295
f 938 295 276
f 938 276 255
f 938 255 237
f 938 237 218
f 938 218 203
f 938 203 201
f 938 201 193
f 938 193 189
f 938 189 192
f 938 192 200
f 938 200 202
f 938 202 217
f 938 217 236
f 938 236 254
f 938 254 275
f 938 275 294
f 938 294 308
f 938 308 332
f 938 332 354
f 938 354 373
f 938 373 392
f 938 392 416
f 938 416 440
f 938 440 462
f 938 462 478
f 938 478 506
f 938 506 530
f 938 530 550
f 938 550 576
f 938 576 600
f 938 600 626
f 938 626 652
f 938 652 664
f 938 664 692
f 938 692 720
f 938 720 742
f 938 742 766
f 938 766 788
f 938 788 814
f 938 814 840
f 938 840 866
f 938 866 892
f 938 892 918
f 938 918 934
f 938 934 956
f 938 956 982
f 938 982 1008
f 938 1008 1034
f 938 1034 1060
f 938 1060 1086
f 938 1086 1108
f 938 1108 1132
f 938 1132 1154
f 938 1154 1182
f 938 1182 1210
f 938 1210 1222
f 938 1222 1248
f 938 1248 1274
f 938 1274 1298
f 938 1298 1324
f 938 1324 1344
f 938 1344 1368
f 938 1368 1396
f 938 1396 1412
f 938 1412 1434
f 938 1434 1458
f 938 1458 1482
f 938 1482 1501
f 938 1501 1520
f 938 1520 1542
f 938 1542 1562
f 938 1562 1580
f 938 1580 1599
f 938 1599 1620
f 938 1620 1638
f 938 1638 1657
f 938 1657 1672
f 938 1672 1674
f 938 1674 1682
f 938 1682 1686
f 1686 1809 1806
f 1686 1806 1683
f 1683 1806 1798
f 1683 1798 1675
f 1675 1798 1786
f 1675 1786 1673
f 1673 1786 1770
f 1673 1770 1658
f 1658 1770 1762
f 1658 1762 1639
f 1639 1762 1748
f 1639 1748 1621
f 1621 1748 1736
f 1621 1736 1600
f 1600 1736 1722
f 1600 1722 1581
f 1581 1722 1696
f 1581 1696 1567
f 1567 1696 1663
f 1567 1663 1543
f 1543 1663 1619
f 1543 1619 1521
f 1521 1619 1589
f 1521 1589 1502
f 1502 1589 1561
f 1502 1561 1483
f 1483 1561 1531
f 1483 1531 1459
f 1459 1531 1499
f 1459 1499 1435
f 1435 1499 1469
f 1435 1469 1413
f 1413 1469 1449
f 1413 1449 1397
f 1397 1449 1423
f 1397 1423 1369
f 1369 1423 1395
f 1369 1395 1345
f 1345 1395 1367
f 1345 1367 1325
f 1325 1367 1339
f 1325 1339 1299
f 1299 1339 1315
f 1299 1315 1275
f 1275 1315 1283
f 1275 1283 1249
f 1249 1283 1255
f 1249 1255 1223
f 1223 1255 1235
f 1223 1235 1211
f 1211 1235 1209
f 1211 1209 1183
f 1183 1209 1181
f 1183 1181 1155
f 1155 1181 1149
f 1155 1149 1133
f 1133 1149 1125
f 1133 1125 1109
f 1109 1125 1101
f 1109 1101 1087
f 1087 1101 1073
f 1087 1073 1061
f 1061 1073 1045
f 1061 1045 1035
f 1035 1045 1021
f 1035 1021 1009
f 1009 1021 997
f 1009 997 983
f 983 997 969
f 983 969 957
f 957 969 946
f 957 946 941
f 941 946 913
f 941 913 919
f 919 913 887
f 919 887 893
f 893 887 861
f 893 861 867
f 867 861 835
f 867 835 841
f 841 835 809
f 841 809 815
f 815 809 783
f 815 783 789
f 789 783 757
f 789 757 767
f 767 757 731
f 767 731 743
f 743 731 701
f 743 701 721
f 721 701 675
f 721 675 693
f 693 675 647
f 693 647 665
f 665 647 625
f 665 625 653
f 653 625 599
f 653 599 627
f 627 599 569
f 627 569 601
f 601 569 543
f 601 543 577
f 577 543 513
f 577 513 551
f 551 513 487
f 551 487 531
f 531 487 461
f 531 461 507
f 507 461 433
f 507 433 479
f 479 433 411
f 479 411 463
f 463 411 387
f 463 387 441
f 441 387 353
f 441 353 417
f 417 353 321
f 417 321 393
f 393 321 291
f 393 291 374
f 374 291 263
f 374 263 355
f 355 263 223
f 355 223 333
f 333 223 186
f 333 186 313
f 313 186 160
f 313 160 295
f 295 160 146
f 295 146 276
f 276 146 136
f 276 136 255
f 255 136 120
f 255 120 237
f 237 120 110
f 237 110 218
f 218 110 96
f 218 96 203
f 203 96 86
f 203 86 201
f 201 86 76
f 201 76 193
f 193 76 68
f 193 68 189
f 189 68 71
f 189 71 192
f 192 71 81
f 192 81 200
f 200 81 93
f 200 93 202
f 202 93 107
f 202 107 217
f 217 107 115
f 217 115 236
f 236 115 131
f 236 131 254
f 254 131 143
f 254 143 275
f 275 143 155
f 275 155 294
f 294 155 181
f 294 181 308
f 308 181 216
f 308 216 332
f 332 216 260
f 332 260 354
f 354 260 288
f 354 288 373
f 373 288 316
f 373 316 392
f 392 316 348
f 392 348 416
f 416 348 380
f 416 380 440
f 440 380 408
f 440 408 462
f 462 408 428
f 462 428 478
f 478 428 456
f 478 456 506
f 506 456 484
f 506 484 530
f 530 484 510
f 530 510 550
f 550 510 538
f 550 538 576
f 576 538 564
f 576 564 600
f 600 564 596
f 600 596 626
f 626 596 622
f 626 622 652
f 652 622 642
f 652 642 664
f 664 642 670
f 664 670 692
f 692 670 698
f 692 698 720
f 720 698 728
f 720 728 742
f 742 728 752
f 742 752 766
f 766 752 778
f 766 778 788
f 788 778 806
f 788 806 814
f 814 806 832
f 814 832 840
f 840 832 856
f 840 856 866
f 866 856 882
f 866 882 892
f 892 882 910
f 892 910 918
f 918 910 931
f 918 931 934
f 934 931 964
f 934 964 956
f 956 964 992
f 956 992 982
f 982 992 1018
f 982 1018 1008
f 1008 1018 1042
f 1008 1042 1034
f 1034 1042 1068
f 1034 1068 1060
f 1060 1068 1096
f 1060 1096 1086
f 1086 1096 1122
f 1086 1122 1108
f 1108 1122 1146
f 1108 1146 1132
f 1132 1146 1176
f 1132 1176 1154
f 1154 1176 1204
f 1154 1204 1182
f 1182 1204 1232
f 1182 1232 1210
f 1210 1232 1252
f 1210 1252 1222
f 1222 1252 1278
f 1222 1278 1248
f 1248 1278 1310
f 1248 1310 1274
f 1274 1310 1336
f 1274 1336 1298
f 1298 1336 1364
f 1298 1364 1324
f 1324 1364 1390
f 1324 1390 1344
f 1344 1390 1418
f 1344 1418 1368
f 1368 1418 1446
f 1368 1446 1396
f 1396 1446 1466
f 1396 1466 1412
f 1412 1466 1490
f 1412 1490 1434
f 1434 1490 1526
f 1434 1526 1458
f 1458 1526 1558
f 1458 1558 1482
f 1482 1558 1586
f 1482 1586 1501
f 1501 1586 1614
f 1501 1614 1520
f 1520 1614 1656
f 1520 1656 1542
f 1542 1656 1693
f 1542 1693 1562
f 1562 1693 1717
f 1562 1717 1580
f 1580 1717 1731
f 1580 1731 1599
f 1599 1731 1743
f 1599 1743 1620
f 1620 1743 1759
f 1620 1759 1638
f 1638 1759 1767
f 1638 1767 1657
f 1657 1767 1781
f 1657 1781 1672
f 1672 1781 1793
f 1672 1793 1674
f 1674 1793 1803
f 1674 1803 1682
f 1682 1803 1809
f 1682 1809 1686
f 1809 1808 1805
f 1809 1805 1806
f 1806 1805 1797
f 1806 1797 1798
f 1798 1797 1785
f 1798 1785 1786
f 1786 1785 1769
f 1786 1769 1770
f 1770 1769 1761
f 1770 1761 1762
f 1762 1761 1747
f 1762 1747 1748
f 1748 1747 1735
f 1748 1735 1736
f 1736 1735 1721
f 1736 1721 1722
f 1722 1721 1695
f 1722 1695 1696
f 1696 1695 1662
f 1696 1662 1663
f 1663 1662 1618
f 1663 1618 1619
f 1619 1618 1588
f 1619 1588 1589
f 1589 1588 1560
f 1589 1560 1561
f 1561 1560 1530
f 1561 1530 1531
f 1531 1530 1498
f 1531 1498 1499
f 1499 1498 1468
f 1499 1468 1469
f 1469 1468 1448
f 1469 1448 1449
f 1449 1448 1422
f 1449 1422 1423
f 1423 1422 1394
f 1423 1394 1395
f 1395 1394 1366
f 1395 1366 1367
f 1367 1366 1338
f 1367 1338 1339
f 1339 1338 1314
f 1339 1314 1315
f 1315 1314 1282
f 1315 1282 1283
f 1283 1282 1254
f 1283 1254 1255
f 1255 1254 1234
f 1255 1234 1235
f 1235 1234 1208
f 1235 1208 1209
f 1209 1208 1180
f 1209 1180 1181
f 1181 1180 1148
f 1181 1148 1149
f 1149 1148 1124
f 1149 1124 1125
f 1125 1124 1100
f 1125 1100 1101
f 1101 1100 1072
f 1101 1072 1073
f 1073 1072 1044
f 1073 1044 1045
f 1045 1044 1020
f 1045 1020 1021
f 1021 1020 996
f 1021 996 997
f 997 996 968
f 997 968 969
f 969 968 945
f 969 945 946
f 946 945 912
f 946 912 913
f 913 912 886
f 913 886 887
f 887 886 860
f 887 860 861
f 861 860 834
f 861 834 835
f 835 834 808
f 835 808 809
f 809 808 782
f 809 782 783
f 783 782 756
f 783 756 757
f 757 756 730
f 757 730 731
f 731 730 700
f 731 700 701
f 701 700 674
f 701 674 675
f 675 674 646
f 675 646 647
f 647 646 624
f 647 624 625
f 625 624 598
f 625 598 599
f 599 598 568
f 599 568 569
f 569 568 542
f 569 542 543
f 543 542 512
f 543 512 513
f 513 512 486
f 513 486 487
f 487 486 460
f 487 460 461
f 461 460 432
f 461 432 433
f 433 432 410
f 433 410 411
f 411 410 386
f 411 386 387
f 387 386 352
f 387 352 353
f 353 352 320
f 353 320 321
f 321 320 290
f 321 290 291
f 291 290 262
f 291 262 263
f 263 262 222
f 263 222 223
f 223 222 185
f 223 185 186
f 186 185 159
f 186 159 160
f 160 159 145
f 160 145 146
f 146 145 135
f 146 135 136
f 136 135 119
f 136 119 120
f 120 119 109
f 120 109 110
f 110 109 95
f 110 95 96
f 96 95 85
f 96 85 86
f 86 85 75
f 86 75 76
f 76 75 67
f 76 67 68
f 68 67 70
f 68 70 71
f 71 70 80
f 71 80 81
f 81 80 92
f 81 92 93
f 93 92 106
f 93 106 107
f 107 106 114
f 107 114 115
f 115 114 130
f 115 130 131
f 131 130 142
f 131 142 143
f 143 142 154
f 143 154 155
f 155 154 180
f 155 180 181
f 181 180 215
f 181 215 216
f 216 215 259
f 216 259 260
f 260 259 287
f 260 287 288
f 288 287 315
f 288 315 316
f 316 315 347
f 316 347 348
f 348 347 379
f 348 379 380
f 380 379 407
f 380 407 408
f 408 407 427
f 408 427 428
f 428 427 455
f 428 455 456
f 456 455 483
f 456 483 484
f 484 483 509
f 484 509 510
f 510 509 537
f 510 537 538
f 538 537 563
f 538 563 564
f 564 563 595
f 564 595 596
f 596 595 621
f 596 621 622
f 622 621 641
f 622 641 642
f 642 641 669
f 642 669 670
f 670 669 697
f 670 697 698
f 698 697 727
f 698 727 728
f 728 727 751
f 728 751 752
f 752 751 777
f 752 777 778
f 778 777 805
f 778 805 806
f 806 805 831
f 806 831 832
f 832 831 855
f 832 855 856
f 856 855 881
f 856 881 882
f 882 881 909
f 882 909 910
f 910 909 930
f 910 930 931
f 931 930 963
f 931 963 964
f 964 963 991
f 964 991 992
f 992 991 1017
f 992 1017 1018
f 1018 1017 1041
f 1018 1041 1042
f 1042 1041 1067
f 1042 1067 1068
f 1068 1067 1095
f 1068 1095 1096
f 1096 1095 1121
f 1096 1121 1122
f 1122 1121 1145
f 1122 1145 1146
f 1146 1145 1175
f 1146 1175 1176
f 1176 1175 1203
f 1176 1203 1204
f 1204 1203 1231
f 1204 1231 1232
f 1232 1231 1251
f 1232 1251 1252
f 1252 1251 1277
f 1252 1277 1278
f 1278 1277 1309
f 1278 1309 1310
f 1310 1309 1335
f 1310 1335 1336
f 1336 1335 1363
f 1336 1363 1364
f 1364 1363 1389
f 1364 1389 1390
f 1390 1389 1417
f 1390 1417 1418
f 1418 1417 1445
f 1418 1445 1446
f 1446 1445 1465
f 1446 1465 1466
f 1466 1465 1489
f 1466 1489 1490
f 1490 1489 1525
f 1490 1525 1526
f 1526 1525 1557
f 1526 1557 1558
f 1558 1557 1585
f 1558 1585 1586
f 1586 1585 1613
f 1586 1613 1614
f 1614 1613 1655
f 1614 1655 1656
f 1656 1655 1692
f 1656 1692 1693
f 1693 1692 1716
f 1693 1716 1717
f 1717 1716 1730
f 1717 1730 1731
f 1731 1730 1742
f 1731 1742 1743
f 1743 1742 1758
f 1743 1758 1759
f 1759 1758 1766
f 1759 1766 1767
f 1767 1766 1780
f 1767 1780 1781
f 1781 1780 1792
f 1781 1792 1793
f 1793 1792 1802
f 1793 1802 1803
f 1803 1802 1808
f 1803 1808 1809
f 1808 1848 1846
f 1808 1846 1805
f 1805 1846 1796
f 1805 1796 1797
f 1797 1796 1784
f 1797 1784 1785
f 1785 1784 1833
f 1785 1833 1769
f 1769 1833 1827
f 1769 1827 1761
f 1761 1827 1746
f 1761 1746 1747
f 1747 1746 1734
f 1747 1734 1735
f 1735 1734 1774
f 1735 1774 1721
f 1721 1774 1754
f 1721 1754 1695
f 1695 1754 1661
f 1695 1661 1662
f 1662 1661 1617
f 1662 1617 1618
f 1618 1617 1671
f 1618 1671 1588
f 1588 1671 1611
f 1588 1611 1560
f 1560 1611 1529
f 1560 1529 1530
f 1530 1529 1497
f 1530 1497 1498
f 1498 1497 1513
f 1498 1513 1468
f 1468 1513 1481
f 1468 1481 1448
f 1448 1481 1421
f 1448 1421 1422
f 1422 1421 1393
f 1422 1393 1394
f 1394 1393 1387
f 1394 1387 1366
f 1366 1387 1357
f 1366 1357 1338
f 1338 1357 1313
f 1338 1313 1314
f 1314 1313 1281
f 1314 1281 1282
f 1282 1281 1273
f 1282 1273 1254
f 1254 1273 1243
f 1254 1243 1234
f 1234 1243 1207
f 1234 1207 1208
f 1208 1207 1179
f 1208 1179 1180
f 1180 1179 1161
f 1180 1161 1148
f 1148 1161 1135
f 1148 1135 1124
f 1124 1135 1099
f 1124 1099 1100
f 1100 1099 1071
f 1100 1071 1072
f 1072 1071 1051
f 1072 1051 1044
f 1044 1051 1025
f 1044 1025 1020
f 1020 1025 995
f 1020 995 996
f 996 995 967
f 996 967 968
f 968 967 949
f 968 949 945
f 945 949 903
f 945 903 912
f 912 903 885
f 912 885 886
f 886 885 859
f 886 859 860
f 860 859 827
f 860 827 834
f 834 827 799
f 834 799 808
f 808 799 781
f 808 781 782
f 782 781 755
f 782 755 756
f 756 755 717
f 756 717 730
f 730 717 685
f 730 685 700
f 700 685 673
f 700 673 674
f 674 673 645
f 674 645 646
f 646 645 605
f 646 605 624
f 624 605 575
f 624 575 598
f 598 575 567
f 598 567 568
f 568 567 541
f 568 541 542
f 542 541 491
f 542 491 512
f 512 491 451
f 512 451 486
f 486 451 459
f 486 459 460
f 460 459 431
f 460 431 432
f 432 431 365
f 432 365 410
f 410 365 337
f 410 337 386
f 386 337 351
f 386 351 352
f 352 351 319
f 352 319 320
f 320 319 207
f 320 207 290
f 290 207 174
f 290 174 262
f 262 174 221
f 262 221 222
f 222 221 184
f 222 184 185
f 185 184 104
f 185 104 159
f 159 104 65
f 159 65 145
f 145 65 134
f 145 134 135
f 135 134 118
f 135 118 119
f 119 118 45
f 119 45 109
f 109 45 32
f 109 32 95
f 95 32 84
f 95 84 85
f 85 84 74
f 85 74 75
f 75 74 28
f 75 28 67
f 67 28 30
f 67 30 70
f 70 30 79
f 70 79 80
f 80 79 91
f 80 91 92
f 92 91 43
f 92 43 106
f 106 43 49
f 106 49 114
f 114 49 129
f 114 129 130
f 130 129 141
f 130 141 142
f 142 141 102
f 142 102 154
f 154 102 122
f 154 122 180
f 180 122 214
f 180 214 215
f 215 214 258
f 215 258 259
f 259 258 205
f 259 205 287
f 287 205 265
f 287 265 315
f 315 265 346
f 315 346 347
f 347 346 378
f 347 378 379
f 379 378 363
f 379 363 407
f 407 363 395
f 407 395 427
f 427 395 454
f 427 454 455
f 455 454 482
f 455 482 483
f 483 482 489
f 483 489 509
f 509 489 519
f 509 519 537
f 537 519 562
f 537 562 563
f 563 562 594
f 563 594 595
f 595 594 603
f 595 603 621
f 621 603 633
f 621 633 641
f 641 633 668
f 641 668 669
f 669 668 696
f 669 696 697
f 697 696 715
f 697 715 727
f 727 715 741
f 727 741 751
f 751 741 776
f 751 776 777
f 777 776 804
f 777 804 805
f 805 804 825
f 805 825 831
f 831 825 851
f 831 851 855
f 855 851 880
f 855 880 881
f 881 880 908
f 881 908 909
f 909 908 927
f 909 927 930
f 930 927 973
f 930 973 963
f 963 973 990
f 963 990 991
f 991 990 1016
f 991 1016 1017
f 1017 1016 1049
f 1017 1049 1041
f 1041 1049 1077
f 1041 1077 1067
f 1067 1077 1094
f 1067 1094 1095
f 1095 1094 1120
f 1095 1120 1121
f 1121 1120 1159
f 1121 1159 1145
f 1145 1159 1191
f 1145 1191 1175
f 1175 1191 1202
f 1175 1202 1203
f 1203 1202 1230
f 1203 1230 1231
f 1231 1230 1271
f 1231 1271 1251
f 1251 1271 1301
f 1251 1301 1277
f 1277 1301 1308
f 1277 1308 1309
f 1309 1308 1334
f 1309 1334 1335
f 1335 1334 1385
f 1335 1385 1363
f 1363 1385 1425
f 1363 1425 1389
f 1389 1425 1416
f 1389 1416 1417
f 1417 1416 1444
f 1417 1444 1445
f 1445 1444 1511
f 1445 1511 1465
f 1465 1511 1539
f 1465 1539 1489
f 1489 1539 1524
f 1489 1524 1525
f 1525 1524 1556
f 1525 1556 1557
f 1557 1556 1669
f 1557 1669 1585
f 1585 1669 1702
f 1585 1702 1613
f 1613 1702 1654
f 1613 1654 1655
f 1655 1654 1691
f 1655 1691 1692
f 1692 1691 1772
f 1692 1772 1716
f 1716 1772 1811
f 1716 1811 1730
f 1730 1811 1741
f 1730 1741 1742
f 1742 1741 1757
f 1742 1757 1758
f 1758 1757 1831
f 1758 1831 1766
f 1766 1831 1844
f 1766 1844 1780
f 1780 1844 1791
f 1780 1791 1792
f 1792 1791 1801
f 1792 1801 1802
f 1802 1801 1848
f 1802 1848 1808
f 1848 1847 1845
f 1848 1845 1846
f 1846 1845 1795
f 1846 1795 1796
f 1796 1795 1783
f 1796 1783 1784
f 1784 1783 1832
f 1784 1832 1833
f 1833 1832 1826
f 1833 1826 1827
f 1827 1826 1745
f 1827 1745 1746
f 1746 1745 1733
f 1746 1733 1734
f 1734 1733 1773
f 1734 1773 1774
f 1774 1773 1753
f 1774 1753 1754
f 1754 1753 1660
f 1754 1660 1661
f 1661 1660 1616
f 1661 1616 1617
f 1617 1616 1670
f 1617 1670 1671
f 1671 1670 1610
f 1671 1610 1611
f 1611 1610 1528
f 1611 1528 1529
f 1529 1528 1496
f 1529 1496 1497
f 1497 1496 1512
f 1497 1512 1513
f 1513 1512 1480
f 1513 1480 1481
f 1481 1480 1420
f 1481 1420 1421
f 1421 1420 1392
f 1421 1392 1393
f 1393 1392 1386
f 1393 1386 1387
f 1387 1386 1356
f 1387 1356 1357
f 1357 1356 1312
f 1357 1312 1313
f 1313 1312 1280
f 1313 1280 1281
f 1281 1280 1272
f 1281 1272 1273
f 1273 1272 1242
f 1273 1242 1243
f 1243 1242 1206
f 1243 1206 1207
f 1207 1206 1178
f 1207 1178 1179
f 1179 1178 1160
f 1179 1160 1161
f 1161 1160 1134
f 1161 1134 1135
f 1135 1134 1098
f 1135 1098 1099
f 1099 1098 1070
f 1099 1070 1071
f 1071 1070 1050
f 1071 1050 1051
f 1051 1050 1024
f 1051 1024 1025
f 1025 1024 994
f 1025 994 995
f 995 994 966
f 995 966 967
f 967 966 948
f 967 948 949
f 949 948 902
f 949 902 903
f 903 902 884
f 903 884 885
f 885 884 858
f 885 858 859
f 859 858 826
f 859 826 827
f 827 826 798
f 827 798 799
f 799 798 780
f 799 780 781
f 781 780 754
f 781 754 755
f 755 754 716
f 755 716 717
f 717 716 684
f 717 684 685
f 685 684 672
f 685 672 673
f 673 672 644
f 673 644 645
f 645 644 604
f 645 604 605
f 605 604 574
f 605 574 575
f 575 574 566
f 575 566 567
f 567 566 540
f 567 540 541
f 541 540 490
f 541 490 491
f 491 490 450
f 491 450 451
f 451 450 458
f 451 458 459
f 459 458 430
f 459 430 431
f 431 430 364
f 431 364 365
f 365 364 336
f 365 336 337
f 337 336 350
f 337 350 351
f 351 350 318
f 351 318 319
f 319 318 206
f 319 206 207
f 207 206 173
f 207 173 174
f 174 173 220
f 174 220 221
f 221 220 183
f 221 183 184
f 184 183 103
f 184 103 104
f 104 103 64
f 104 64 65
f 65 64 133
f 65 133 134
f 134 133 117
f 134 117 118
f 118 117 44
f 118 44 45
f 45 44 31
f 45 31 32
f 32 31 83
f 32 83 84
f 84 83 73
f 84 73 74
f 74 73 27
f 74 27 28
f 28 27 29
f 28 29 30
f 30 29 78
f 30 78 79
f 79 78 90
f 79 90 91
f 91 90 42
f 91 42 43
f 43 42 48
f 43 48 49
f 49 48 128
f 49 128 129
f 129 128 140
f 129 140 141
f 141 140 101
f 141 101 102
f 102 101 121
f 102 121 122
f 122 121 213
f 122 213 214
f 214 213 257
f 214 257 258
f 258 257 204
f 258 204 205
f 205 204 264
f 205 264 265
f 265 264 345
f 265 345 346
f 346 345 377
f 346 377 378
f 378 377 362
f 378 362 363
f 363 362 394
f 363 394 395
f 395 394 453
f 395 453 454
f 454 453 481
f 454 481 482
f 482 481 488
f 482 488 489
f 489 488 518
f 489 518 519
f 519 518 561
f 519 561 562
f 562 561 593
f 562 593 594
f 594 593 602
f 594 602 603
f 603 602 632
f 603 632 633
f 633 632 667
f 633 667 668
f 668 667 695
f 668 695 696
f 696 695 714
f 696 714 715
f 715 714 740
f 715 740 741
f 741 740 775
f 741 775 776
f 776 775 803
f 776 803 804
f 804 803 824
f 804 824 825
f 825 824 850
f 825 850 851
f 851 850 879
f 851 879 880
f 880 879 907
f 880 907 908
f 908 907 926
f 908 926 927
f 927 926 972
f 927 972 973
f 973 972 989
f 973 989 990
f 990 989 1015
f 990 1015 1016
f 1016 1015 1048
f 1016 1048 1049
f 1049 1048 1076
f 1049 1076 1077
f 1077 1076 1093
f 1077 1093 1094
f 1094 1093 1119
f 1094 1119 1120
f 1120 1119 1158
f 1120 1158 1159
f 1159 1158 1190
f 1159 1190 1191
f 1191 1190 1201
f 1191 1201 1202
f 1202 1201 1229
f 1202 1229 1230
f 1230 1229 1270
f 1230 1270 1271
f 1271 1270 1300
f 1271 1300 1301
f 1301 1300 1307
f 1301 1307 1308
f 1308 1307 1333
f 1308 1333 1334
f 1334 1333 1384
f 1334 1384 1385
f 1385 1384 1424
f 1385 1424 1425
f 1425 1424 1415
f 1425 1415 1416
f 1416 1415 1443
f 1416 1443 1444
f 1444 1443 1510
f 1444 1510 1511
f 1511 1510 1538
f 1511 1538 1539
f 1539 1538 1523
f 1539 1523 1524
f 1524 1523 1555
f 1524 1555 1556
f 1556 1555 1668
f 1556 1668 1669
f 1669 1668 1701
f 1669 1701 1702
f 1702 1701 1653
f 1702 1653 1654
f 1654 1653 1690
f 1654 1690 1691
f 1691 1690 1771
f 1691 1771 1772
f 1772 1771 1810
f 1772 1810 1811
f 1811 1810 1740
f 1811 1740 1741
f 1741 1740 1756
f 1741 1756 1757
f 1757 1756 1830
f 1757 1830 1831
f 1831 1830 1843
f 1831 1843 1844
f 1844 1843 1790
f 1844 1790 1791
f 1791 1790 1800
f 1791 1800 1801
f 1801 1800 1847
f 1801 1847 1848
f 1847 1807 1804
f 1847 1804 1845
f 1845 1804 1794
f 1845 1794 1795
f 1795 1794 1782
f 1795 1782 1783
f 1783 1782 1768
f 1783 1768 1832
f 1832 1768 1760
f 1832 1760 1826
f 1826 1760 1744
f 1826 1744 1745
f 1745 1744 1732
f 1745 1732 1733
f 1733 1732 1720
f 1733 1720 1773
f 1773 1720 1694
f 1773 1694 1753
f 1753 1694 1659
f 1753 1659 1660
f 1660 1659 1615
f 1660 1615 1616
f 1616 1615 1587
f 1616 1587 1670
f 1670 1587 1559
f 1670 1559 1610
f 1610 1559 1527
f 1610 1527 1528
f 1528 1527 1495
f 1528 1495 1496
f 1496 1495 1467
f 1496 1467 1512
f 1512 1467 1447
f 1512 1447 1480
f 1480 1447 1419
f 1480 1419 1420
f 1420 1419 1391
f 1420 1391 1392
f 1392 1391 1365
f 1392 1365 1386
f 1386 1365 1337
f 1386 1337 1356
f 1356 1337 1311
f 1356 1311 1312
f 1312 1311 1279
f 1312 1279 1280
f 1280 1279 1253
f 1280 1253 1272
f 1272 1253 1233
f 1272 1233 1242
f 1242 1233 1205
f 1242 1205 1206
f 1206 1205 1177
f 1206 1177 1178
f 1178 1177 1147
f 1178 1147 1160
f 1160 1147 1123
f 1160 1123 1134
f 1134 1123 1097
f 1134 1097 1098
f 1098 1097 1069
f 1098 1069 1070
f 1070 1069 1043
f 1070 1043 1050
f 1050 1043 1019
f 1050 1019 1024
f 1024 1019 993
f 1024 993 994
f 994 993 965
f 994 965 966
f 966 965 944
f 966 944 948
f 948 944 911
f 948 911 902
f 902 911 883
f 902 883 884
f 884 883 857
f 884 857 858
f 858 857 833
f 858 833 826
f 826 833 807
f 826 807 798
f 798 807 779
f 798 779 780
f 780 779 753
f 780 753 754
f 754 753 729
f 754 729 716
f 716 729 699
f 716 699 684
f 684 699 671
f 684 671 672
f 672 671 643
f 672 643 644
f 644 643 623
f 644 623 604
f 604 623 597
f 604 597 574
f 574 597 565
f 574 565 566
f 566 565 539
f 566 539 540
f 540 539 511
f 540 511 490
f 490 511 485
f 490 485 450
f 450 485 457
f 450 457 458
f 458 457 429
f 458 429 430
f 430 429 409
f 430 409 364
f 364 409 385
f 364 385 336
f 336 385 349
f 336 349 350
f 350 349 317
f 350 317 318
f 318 317 289
f 318 289 206
f 206 289 261
f 206 261 173
f 173 261 219
f 173 219 220
f 220 219 182
f 220 182 183
f 183 182 158
f 183 158 103
f 103 158 144
f 103 144 64
f 64 144 132
f 64 132 133
f 133 132 116
f 133 116 117
f 117 116 108
f 117 108 44
f 44 108 94
f 44 94 31
f 31 94 82
f 31 82 83
f 83 82 72
f 83 72 73
f 73 72 66
f 73 66 27
f 27 66 69
f 27 69 29
f 29 69 77
f 29 77 78
f 78 77 89
f 78 89 90
f 90 89 105
f 90 105 42
f 42 105 113
f 42 113 48
f 48 113 127
f 48 127 128
f 128 127 139
f 128 139 140
f 140 139 153
f 140 153 101
f 101 153 179
f 101 179 121
f 121 179 212
f 121 212 213
f 213 212 256
f 213 256 257
f 257 256 286
f 257 286 204
f 204 286 314
f 204 314 264
f 264 314 344
f 264 344 345
f 345 344 376
f 345 376 377
f 377 376 406
f 377 406 362
f 362 406 426
f 362 426 394
f 394 426 452
f 394 452 453
f 453 452 480
f 453 480 481
f 481 480 508
f 481 508 488
f 488 508 536
f 488 536 518
f 518 536 560
f 518 560 561
f 561 560 592
f 561 592 593
f 593 592 620
f 593 620 602
f 602 620 640
f 602 640 632
f 632 640 666
f 632 666 667
f 667 666 694
f 667 694 695
f 695 694 726
f 695 726 714
f 714 726 750
f 714 750 740
f 740 750 774
f 740 774 775
f 775 774 802
f 775 802 803
f 803 802 830
f 803 830 824
f 824 830 854
f 824 854 850
f 850 854 878
f 850 878 879
f 879 878 906
f 879 906 907
f 907 906 929
f 907 929 926
f 926 929 962
f 926 962 972
f 972 962 988
f 972 988 989
f 989 988 1014
f 989 1014 1015
f 1015 1014 1040
f 1015 1040 1048
f 1048 1040 1066
f 1048 1066 1076
f 1076 1066 1092
f 1076 1092 1093
f 1093 1092 1118
f 1093 1118 1119
f 1119 1118 1144
f 1119 1144 1158
f 1158 1144 1174
f 1158 1174 1190
f 1190 1174 1200
f 1190 1200 1201
f 1201 1200 1228
f 1201 1228 1229
f 1229 1228 1250
f 1229 1250 1270
f 1270 1250 1276
f 1270 1276 1300
f 1300 1276 1306
f 1300 1306 1307
f 1307 1306 1332
f 1307 1332 1333
f 1333 1332 1362
f 1333 1362 1384
f 1384 1362 1388
f 1384 1388 1424
f 1424 1388 1414
f 1424 1414 1415
f 1415 1414 1442
f 1415 1442 1443
f 1443 1442 1464
f 1443 1464 1510
f 1510 1464 1488
f 1510 1488 1538
f 1538 1488 1522
f 1538 1522 1523
f 1523 1522 1554
f 1523 1554 1555
f 1555 1554 1584
f 1555 1584 1668
f 1668 1584 1612
f 1668 1612 1701
f 1701 1612 1652
f 1701 1652 1653
f 1653 1652 1689
f 1653 1689 1690
f 1690 1689 1715
f 1690 1715 1771
f 1771 1715 1729
f 1771 1729 1810
f 1810 1729 1739
f 1810 1739 1740
f 1740 1739 1755
f 1740 1755 1756
f 1756 1755 1765
f 1756 1765 1830
f 1830 1765 1779
f 1830 1779 1843
f 1843 1779 1789
f 1843 1789 1790
f 1790 1789 1799
f 1790 1799 1800
f 1800 1799 1807
f 1800 1807 1847
f 1807 1719 1714
f 1807 1714 1804
f 1804 1714 1710
f 1804 1710 1794
f 1794 1710 1706
f 1794 1706 1782
f 1782 1706 1700
f 1782 1700 1768
f 1768 1700 1679
f 1768 1679 1760
f 1760 1679 1667
f 1760 1667 1744
f 1744 1667 1633
f 1744 1633 1732
f 1732 1633 1605
f 1732 1605 1720
f 1720 1605 1593
f 1720 1593 1694
f 1694 1593 1572
f 1694 1572 1659
f 1659 1572 1545
f 1659 1545 1615
f 1615 1545 1519
f 1615 1519 1587
f 1587 1519 1494
f 1587 1494 1559
f 1559 1494 1475
f 1559 1475 1527
f 1527 1475 1457
f 1527 1457 1495
f 1495 1457 1433
f 1495 1433 1467
f 1467 1433 1405
f 1467 1405 1447
f 1447 1405 1377
f 1447 1377 1419
f 1419 1377 1355
f 1419 1355 1391
f 1391 1355 1331
f 1391 1331 1365
f 1365 1331 1305
f 1365 1305 1337
f 1337 1305 1287
f 1337 1287 1311
f 1311 1287 1263
f 1311 1263 1279
f 1279 1263 1239
f 1279 1239 1253
f 1253 1239 1215
f 1253 1215 1233
f 1233 1215 1187
f 1233 1187 1205
f 1205 1187 1165
f 1205 1165 1177
f 1177 1165 1139
f 1177 1139 1147
f 1147 1139 1117
f 1147 1117 1123
f 1123 1117 1091
f 1123 1091 1097
f 1097 1091 1065
f 1097 1065 1069
f 1069 1065 1039
f 1069 1039 1043
f 1043 1039 1013
f 1043 1013 1019
f 1019 1013 987
f 1019 987 993
f 993 987 961
f 993 961 965
f 965 961 943
f 965 943 944
f 944 943 917
f 944 917 911
f 911 917 891
f 911 891 883
f 883 891 865
f 883 865 857
f 857 865 839
f 857 839 833
f 833 839 813
f 833 813 807
f 807 813 787
f 807 787 779
f 779 787 761
f 779 761 753
f 753 761 739
f 753 739 729
f 729 739 713
f 729 713 699
f 699 713 691
f 699 691 671
f 671 691 663
f 671 663 643
f 643 663 639
f 643 639 623
f 623 639 615
f 623 615 597
f 597 615 591
f 597 591 565
f 565 591 573
f 565 573 539
f 539 573 547
f 539 547 511
f 511 547 523
f 511 523 485
f 485 523 501
f 485 501 457
f 457 501 477
f 457 477 429
f 429 477 445
f 429 445 409
f 409 445 421
f 409 421 385
f 385 421 403
f 385 403 349
f 349 403 384
f 349 384 317
f 317 384 359
f 317 359 289
f 289 359 335
f 289 335 261
f 261 335 306
f 261 306 219
f 219 306 285
f 219 285 182
f 182 285 273
f 182 273 158
f 158 273 245
f 158 245 144
f 144 245 211
f 144 211 132
f 132 211 199
f 132 199 116
f 116 199 178
f 116 178 108
f 108 178 172
f 108 172 94
f 94 172 168
f 94 168 82
f 82 168 164
f 82 164 72
f 72 164 157
f 72 157 66
f 66 157 162
f 66 162 69
f 69 162 166
f 69 166 77
f 77 166 170
f 77 170 89
f 89 170 176
f 89 176 105
f 105 176 197
f 105 197 113
f 113 197 209
f 113 209 127
f 127 209 243
f 127 243 139
f 139 243 271
f 139 271 153
f 153 271 283
f 153 283 179
f 179 283 304
f 179 304 212
f 212 304 331
f 212 331 256
f 256 331 357
f 256 357 286
f 286 357 382
f 286 382 314
f 314 382 401
f 314 401 344
f 344 401 419
f 344 419 376
f 376 419 443
f 376 443 406
f 406 443 471
f 406 471 426
f 426 471 499
f 426 499 452
f 452 499 521
f 452 521 480
f 480 521 545
f 480 545 508
f 508 545 571
f 508 571 536
f 536 571 589
f 536 589 560
f 560 589 613
f 560 613 592
f 592 613 637
f 592 637 620
f 620 637 661
f 620 661 640
f 640 661 689
f 640 689 666
f 666 689 711
f 666 711 694
f 694 711 737
f 694 737 726
f 726 737 759
f 726 759 750
f 750 759 785
f 750 785 774
f 774 785 811
f 774 811 802
f 802 811 837
f 802 837 830
f 830 837 863
f 830 863 854
f 854 863 889
f 854 889 878
f 878 889 915
f 878 915 906
f 906 915 933
f 906 933 929
f 929 933 959
f 929 959 962
f 962 959 985
f 962 985 988
f 988 985 1011
f 988 1011 1014
f 1014 1011 1037
f 1014 1037 1040
f 1040 1037 1063
f 1040 1063 1066
f 1066 1063 1089
f 1066 1089 1092
f 1092 1089 1115
f 1092 1115 1118
f 1118 1115 1137
f 1118 1137 1144
f 1144 1137 1163
f 1144 1163 1174
f 1174 1163 1185
f 1174 1185 1200
f 1200 1185 1213
f 1200 1213 1228
f 1228 1213 1237
f 1228 1237 1250
f 1250 1237 1261
f 1250 1261 1276
f 1276 1261 1285
f 1276 1285 1306
f 1306 1285 1303
f 1306 1303 1332
f 1332 1303 1329
f 1332 1329 1362
f 1362 1329 1353
f 1362 1353 1388
f 1388 1353 1375
f 1388 1375 1414
f 1414 1375 1399
f 1414 1399 1442
f 1442 1399 1431
f 1442 1431 1464
f 1464 1431 1455
f 1464 1455 1488
f 1488 1455 1473
f 1488 1473 1522
f 1522 1473 1492
f 1522 1492 1554
f 1554 1492 1517
f 1554 1517 1584
f 1584 1517 1541
f 1584 1541 1612
f 1612 1541 1570
f 1612 1570 1652
f 1652 1570 1591
f 1652 1591 1689
f 1689 1591 1603
f 1689 1603 1715
f 1715 1603 1631
f 1715 1631 1729
f 1729 1631 1665
f 1729 1665 1739
f 1739 1665 1677
f 1739 1677 1755
f 1755 1677 1698
f 1755 1698 1765
f 1765 1698 1704
f 1765 1704 1779
f 1779 1704 1708
f 1779 1708 1789
f 1789 1708 1712
f 1789 1712 1799
f 1799 1712 1719
f 1799 1719 1807
f 1719 1718 1713
f 1719 1713 1714
f 1714 1713 1709
f 1714 1709 1710
f 1710 1709 1705
f 1710 1705 1706
f 1706 1705 1699
f 1706 1699 1700
f 1700 1699 1678
f 1700 1678 1679
f 1679 1678 1666
f 1679 1666 1667
f 1667 1666 1632
f 1667 1632 1633
f 1633 1632 1604
f 1633 1604 1605
f 1605 1604 1592
f 1605 1592 1593
f 1593 1592 1571
f 1593 1571 1572
f 1572 1571 1544
f 1572 1544 1545
f 1545 1544 1518
f 1545 1518 1519
f 1519 1518 1493
f 1519 1493 1494
f 1494 1493 1474
f 1494 1474 1475
f 1475 1474 1456
f 1475 1456 1457
f 1457 1456 1432
f 1457 1432 1433
f 1433 1432 1404
f 1433 1404 1405
f 1405 1404 1376
f 1405 1376 1377
f 1377 1376 1354
f 1377 1354 1355
f 1355 1354 1330
f 1355 1330 1331
f 1331 1330 1304
f 1331 1304 1305
f 1305 1304 1286
f 1305 1286 1287
f 1287 1286 1262
f 1287 1262 1263
f 1263 1262 1238
f 1263 1238 1239
f 1239 1238 1214
f 1239 1214 1215
f 1215 1214 1186
f 1215 1186 1187
f 1187 1186 1164
f 1187 1164 1165
f 1165 1164 1138
f 1165 1138 1139
f 1139 1138 1116
f 1139 1116 1117
f 1117 1116 1090
f 1117 1090 1091
f 1091 1090 1064
f 1091 1064 1065
f 1065 1064 1038
f 1065 1038 1039
f 1039 1038 1012
f 1039 1012 1013
f 1013 1012 986
f 1013 986 987
f 987 986 960
f 987 960 961
f 961 960 942
f 961 942 943
f 943 942 916
f 943 916 917
f 917 916 890
f 917 890 891
f 891 890 864
f 891 864 865
f 865 864 838
f 865 838 839
f 839 838 812
f 839 812 813
f 813 812 786
f 813 786 787
f 787 786 760
f 787 760 761
f 761 760 738
f 761 738 739
f 739 738 712
f 739 712 713
f 713 712 690
f 713 690 691
f 691 690 662
f 691 662 663
f 663 662 638
f 663 638 639
f 639 638 614
f 639 614 615
f 615 614 590
f 615 590 591
f 591 590 572
f 591 572 573
f 573 572 546
f 573 546 547
f 547 546 522
f 547 522 523
f 523 522 500
f 523 500 501
f 501 500 476
f 501 476 477
f 477 476 444
f 477 444 445
f 445 444 420
f 445 420 421
f 421 420 402
f 421 402 403
f 403 402 383
f 403 383 384
f 384 383 358
f 384 358 359
f 359 358 334
f 359 334 335
f 335 334 305
f 335 305 306
f 306 305 284
f 306 284 285
f 285 284 272
f 285 272 273
f 273 272 244
f 273 244 245
f 245 244 210
f 245 210 211
f 211 210 198
f 211 198 199
f 199 198 177
f 199 177 178
f 178 177 171
f 178 171 172
f 172 171 167
f 172 167 168
f 168 167 163
f 168 163 164
f 164 163 156
f 164 156 157
f 157 156 161
f 157 161 162
f 162 161 165
f 162 165 166
f 166 165 169
f 166 169 170
f 170 169 175
f 170 175 176
f 176 175 196
f 176 196 197
f 197 196 208
f 197 208 209
f 209 208 242
f 209 242 243
f 243 242 270
f 243 270 271
f 271 270 282
f 271 282 283
f 283 282 303
f 283 303 304
f 304 303 330
f 304 330 331
f 331 330 356
f 331 356 357
f 357 356 381
f 357 381 382
f 382 381 400
f 382 400 401
f 401 400 418
f 401 418 419
f 419 418 442
f 419 442 443
f 443 442 470
f 443 470 471
f 471 470 498
f 471 498 499
f 499 498 520
f 499 520 521
f 521 520 544
f 521 544 545
f 545 544 570
f 545 570 571
f 571 570 588
f 571 588 589
f 589 588 612
f 589 612 613
f 613 612 636
f 613 636 637
f 637 636 660
f 637 660 661
f 661 660 688
f 661 688 689
f 689 688 710
f 689 710 711
f 711 710 736
f 711 736 737
f 737 736 758
f 737 758 759
f 759 758 784
f 759 784 785
f 785 784 810
f 785 810 811
f 811 810 836
f 811 836 837
f 837 836 862
f 837 862 863
f 863 862 888
f 863 888 889
f 889 888 914
f 889 914 915
f 915 914 932
f 915 932 933
f 933 932 958
f 933 958 959
f 959 958 984
f 959 984 985
f 985 984 1010
f 985 1010 1011
f 1011 1010 1036
f 1011 1036 1037
f 1037 1036 1062
f 1037 1062 1063
f 1063 1062 1088
f 1063 1088 1089
f 1089 1088 1114
f 1089 1114 1115
f 1115 1114 1136
f 1115 1136 1137
f 1137 1136 1162
f 1137 1162 1163
f 1163 1162 1184
f 1163 1184 1185
f 1185 1184 1212
f 1185 1212 1213
f 1213 1212 1236
f 1213 1236 1237
f 1237 1236 1260
f 1237 1260 1261
f 1261 1260 1284
f 1261 1284 1285
f 1285 1284 1302
f 1285 1302 1303
f 1303 1302 1328
f 1303 1328 1329
f 1329 1328 1352
f 1329 1352 1353
f 1353 1352 1374
f 1353 1374 1375
f 1375 1374 1398
f 1375 1398 1399
f 1399 1398 1430
f 1399 1430 1431
f 1431 1430 1454
f 1431 1454 1455
f 1455 1454 1472
f 1455 1472 1473
f 1473 1472 1491
f 1473 1491 1492
f 1492 1491 1516
f 1492 1516 1517
f 1517 1516 1540
f 1517 1540 1541
f 1541 1540 1569
f 1541 1569 1570
f 1570 1569 1590
f 1570 1590 1591
f 1591 1590 1602
f 1591 1602 1603
f 1603 1602 1630
f 1603 1630 1631
f 1631 1630 1664
f 1631 1664 1665
f 1665 1664 1676
f 1665 1676 1677
f 1677 1676 1697
f 1677 1697 1698
f 1698 1697 1703
f 1698 1703 1704
f 1704 1703 1707
f 1704 1707 1708
f 1708 1707 1711
f 1708 1711 1712
f 1712 1711 1718
f 1712 1718 1719
f 1718 1874 1872
f 1718 1872 1713
f 1713 1872 1868
f 1713 1868 1709
f 1709 1868 1864
f 1709 1864 1705
f 1705 1864 1860
f 1705 1860 1699
f 1699 1860 1856
f 1699 1856 1678
f 1678 1856 1852
f 1678 1852 1666
f 1666 1852 1842
f 1666 1842 1632
f 1632 1842 1825
f 1632 1825 1604
f 1604 1825 1817
f 1604 1817 1592
f 1592 1817 1778
f 1592 1778 1571
f 1571 1778 1752
f 1571 1752 1544
f 1544 1752 1728
f 1544 1728 1518
f 1518 1728 1685
f 1518 1685 1493
f 1493 1685 1629
f 1493 1629 1474
f 1474 1629 1583
f 1474 1583 1456
f 1456 1583 1549
f 1456 1549 1432
f 1432 1549 1515
f 1432 1515 1404
f 1404 1515 1479
f 1404 1479 1376
f 1376 1479 1441
f 1376 1441 1354
f 1354 1441 1409
f 1354 1409 1330
f 1330 1409 1373
f 1330 1373 1304
f 1304 1373 1349
f 1304 1349 1286
f 1286 1349 1323
f 1286 1323 1262
f 1262 1323 1291
f 1262 1291 1238
f 1238 1291 1259
f 1238 1259 1214
f 1214 1259 1227
f 1214 1227 1186
f 1186 1227 1195
f 1186 1195 1164
f 1164 1195 1169
f 1164 1169 1138
f 1138 1169 1143
f 1138 1143 1116
f 1116 1143 1113
f 1116 1113 1090
f 1090 1113 1085
f 1090 1085 1064
f 1064 1085 1055
f 1064 1055 1038
f 1038 1055 1029
f 1038 1029 1012
f 1012 1029 1003
f 1012 1003 986
f 986 1003 977
f 986 977 960
f 960 977 951
f 960 951 942
f 942 951 901
f 942 901 916
f 916 901 875
f 916 875 890
f 890 875 849
f 890 849 864
f 864 849 823
f 864 823 838
f 838 823 793
f 838 793 812
f 812 793 765
f 812 765 786
f 786 765 735
f 786 735 760
f 760 735 709
f 760 709 738
f 738 709 683
f 738 683 712
f 712 683 651
f 712 651 690
f 690 651 619
f 690 619 662
f 662 619 587
f 662 587 638
f 638 587 555
f 638 555 614
f 614 555 529
f 614 529 590
f 590 529 505
f 590 505 572
f 572 505 469
f 572 469 546
f 546 469 437
f 546 437 522
f 522 437 399
f 522 399 500
f 500 399 367
f 500 367 476
f 476 367 329
f 476 329 444
f 444 329 297
f 444 297 420
f 420 297 249
f 420 249 402
f 402 249 195
f 402 195 383
f 383 195 150
f 383 150 358
f 358 150 126
f 358 126 334
f 334 126 100
f 334 100 305
f 305 100 61
f 305 61 284
f 284 61 55
f 284 55 272
f 272 55 37
f 272 37 244
f 244 37 26
f 244 26 210
f 210 26 22
f 210 22 198
f 198 22 18
f 198 18 177
f 177 18 14
f 177 14 171
f 171 14 10
f 171 10 167
f 167 10 6
f 167 6 163
f 163 6 2
f 163 2 156
f 156 2 4
f 156 4 161
f 161 4 8
f 161 8 165
f 165 8 12
f 165 12 169
f 169 12 16
f 169 16 175
f 175 16 20
f 175 20 196
f 196 20 24
f 196 24 208
f 208 24 34
f 208 34 242
f 242 34 51
f 242 51 270
f 270 51 59
f 270 59 282
f 282 59 98
f 282 98 303
f 303 98 124
f 303 124 330
f 330 124 148
f 330 148 356
f 356 148 191
f 356 191 381
f 381 191 247
f 381 247 400
f 400 247 293
f 400 293 418
f 418 293 327
f 418 327 442
f 442 327 361
f 442 361 470
f 470 361 397
f 470 397 498
f 498 397 435
f 498 435 520
f 520 435 467
f 520 467 544
f 544 467 503
f 544 503 570
f 570 503 527
f 570 527 588
f 588 527 553
f 588 553 612
f 612 553 585
f 612 585 636
f 636 585 617
f 636 617 660
f 660 617 649
f 660 649 688
f 688 649 681
f 688 681 710
f 710 681 707
f 710 707 736
f 736 707 733
f 736 733 758
f 758 733 763
f 758 763 784
f 784 763 791
f 784 791 810
f 810 791 821
f 810 821 836
f 836 821 847
f 836 847 862
f 862 847 873
f 862 873 888
f 888 873 899
f 888 899 914
f 914 899 925
f 914 925 932
f 932 925 975
f 932 975 958
f 958 975 1001
f 958 1001 984
f 984 1001 1027
f 984 1027 1010
f 1010 1027 1053
f 1010 1053 1036
f 1036 1053 1083
f 1036 1083 1062
f 1062 1083 1111
f 1062 1111 1088
f 1088 1111 1141
f 1088 1141 1114
f 1114 1141 1167
f 1114 1167 1136
f 1136 1167 1193
f 1136 1193 1162
f 1162 1193 1225
f 1162 1225 1184
f 1184 1225 1257
f 1184 1257 1212
f 1212 1257 1289
f 1212 1289 1236
f 1236 1289 1321
f 1236 1321 1260
f 1260 1321 1347
f 1260 1347 1284
f 1284 1347 1371
f 1284 1371 1302
f 1302 1371 1407
f 1302 1407 1328
f 1328 1407 1439
f 1328 1439 1352
f 1352 1439 1477
f 1352 1477 1374
f 1374 1477 1509
f 1374 1509 1398
f 1398 1509 1547
f 1398 1547 1430
f 1430 1547 1579
f 1430 1579 1454
f 1454 1579 1627
f 1454 1627 1472
f 1472 1627 1681
f 1472 1681 1491
f 1491 1681 1726
f 1491 1726 1516
f 1516 1726 1750
f 1516 1750 1540
f 1540 1750 1776
f 1540 1776 1569
f 1569 1776 1815
f 1569 1815 1590
f 1590 1815 1821
f 1590 1821 1602
f 1602 1821 1839
f 1602 1839 1630
f 1630 1839 1850
f 1630 1850 1664
f 1664 1850 1854
f 1664 1854 1676
f 1676 1854 1858
f 1676 1858 1697
f 1697 1858 1862
f 1697 1862 1703
f 1703 1862 1866
f 1703 1866 1707
f 1707 1866 1870
f 1707 1870 1711
f 1711 1870 1874
f 1711 1874 1718
f 1874 1873 1871
f 1874 1871 1872
f 1872 1871 1867
f 1872 1867 1868
f 1868 1867 1863
f 1868 1863 1864
f 1864 1863 1859
f 1864 1859 1860
f 1860 1859 1855
f 1860 1855 1856
f 1856 1855 1851
f 1856 1851 1852
f 1852 1851 1841
f 1852 1841 1842
f 1842 1841 1824
f 1842 1824 1825
f 1825 1824 1816
f 1825 1816 1817
f 1817 1816 1777
f 1817 1777 1778
f 1778 1777 1751
f 1778 1751 1752
f 1752 1751 1727
f 1752 1727 1728
f 1728 1727 1684
f 1728 1684 1685
f 1685 1684 1628
f 1685 1628 1629
f 1629 1628 1582
f 1629 1582 1583
f 1583 1582 1548
f 1583 1548 1549
f 1549 1548 1514
f 1549 1514 1515
f 1515 1514 1478
f 1515 1478 1479
f 1479 1478 1440
f 1479 1440 1441
f 1441 1440 1408
f 1441 1408 1409
f 1409 1408 1372
f 1409 1372 1373
f 1373 1372 1348
f 1373 1348 1349
f 1349 1348 1322
f 1349 1322 1323
f 1323 1322 1290
f 1323 1290 1291
f 1291 1290 1258
f 1291 1258 1259
f 1259 1258 1226
f 1259 1226 1227
f 1227 1226 1194
f 1227 1194 1195
f 1195 1194 1168
f 1195 1168 1169
f 1169 1168 1142
f 1169 1142 1143
f 1143 1142 1112
f 1143 1112 1113
f 1113 1112 1084
f 1113 1084 1085
f 1085 1084 1054
f 1085 1054 1055
f 1055 1054 1028
f 1055 1028 1029
f 1029 1028 1002
f 1029 1002 1003
f 1003 1002 976
f 1003 976 977
f 977 976 950
f 977 950 951
f 951 950 900
f 951 900 901
f 901 900 874
f 901 874 875
f 875 874 848
f 875 848 849
f 849 848 822
f 849 822 823
f 823 822 792
f 823 792 793
f 793 792 764
f 793 764 765
f 765 764 734
f 765 734 735
f 735 734 708
f 735 708 709
f 709 708 682
f 709 682 683
f 683 682 650
f 683 650 651
f 651 650 618
f 651 618 619
f 619 618 586
f 619 586 587
f 587 586 554
f 587 554 555
f 555 554 528
f 555 528 529
f 529 528 504
f 529 504 505
f 505 504 468
f 505 468 469
f 469 468 436
f 469 436 437
f 437 436 398
f 437 398 399
f 399 398 366
f 399 366 367
f 367 366 328
f 367 328 329
f 329 328 296
f 329 296 297
f 297 296 248
f 297 248 249
f 249 248 194
f 249 194 195
f 195 194 149
f 195 149 150
f 150 149 125
f 150 125 126
f 126 125 99
f 126 99 100
f 100 99 60
f 100 60 61
f 61 60 54
f 61 54 55
f 55 54 36
f 55 36 37
f 37 36 25
f 37 25 26
f 26 25 21
f 26 21 22
f 22 21 17
f 22 17 18
f 18 17 13
f 18 13 14
f 14 13 9
f 14 9 10
f 10 9 5
f 10 5 6
f 6 5 1
f 6 1 2
f 2 1 3
f 2 3 4
f 4 3 7
f 4 7 8
f 8 7 11
f 8 11 12
f 12 11 15
f 12 15 16
f 16 15 19
f 16 19 20
f 20 19 23
f 20 23 24
f 24 23 33
f 24 33 34
f 34 33 50
f 34 50 51
f 51 50 58
f 51 58 59
f 59 58 97
f 59 97 98
f 98 97 123
f 98 123 124
f 124 123 147
f 124 147 148
f 148 147 190
f 148 190 191
f 191 190 246
f 191 246 247
f 247 246 292
f 247 292 293
f 293 292 326
f 293 326 327
f 327 326 360
f 327 360 361
f 361 360 396
f 361 396 397
f 397 396 434
f 397 434 435
f 435 434 466
f 435 466 467
f 467 466 502
f 467 502 503
f 503 502 526
f 503 526 527
f 527 526 552
f 527 552 553
f 553 552 584
f 553 584 585
f 585 584 616
f 585 616 617
f 617 616 648
f 617 648 649
f 649 648 680
f 649 680 681
f 681 680 706
f 681 706 707
f 707 706 732
f 707 732 733
f 733 732 762
f 733 762 763
f 763 762 790
f 763 790 791
f 791 790 820
f 791 820 821
f 821 820 846
f 821 846 847
f 847 846 872
f 847 872 873
f 873 872 898
f 873 898 899
f 899 898 924
f 899 924 925
f 925 924 974
f 925 974 975
f 975 974 1000
f 975 1000 1001
f 1001 1000 1026
f 1001 1026 1027
f 1027 1026 1052
f 1027 1052 1053
f 1053 1052 1082
f 1053 1082 1083
f 1083 1082 1110
f 1083 1110 1111
f 1111 1110 1140
f 1111 1140 1141
f 1141 1140 1166
f 1141 1166 1167
f 1167 1166 1192
f 1167 1192 1193
f 1193 1192 1224
f 1193 1224 1225
f 1225 1224 1256
f 1225 1256 1257
f 1257 1256 1288
f 1257 1288 1289
f 1289 1288 1320
f 1289 1320 1321
f 1321 1320 1346
f 1321 1346 1347
f 1347 1346 1370
f 1347 1370 1371
f 1371 1370 1406
f 1371 1406 1407
f 1407 1406 1438
f 1407 1438 1439
f 1439 1438 1476
f 1439 1476 1477
f 1477 1476 1508
f 1477 1508 1509
f 1509 1508 1546
f 1509 1546 1547
f 1547 1546 1578
f 1547 1578 1579
f 1579 1578 1626
f 1579 1626 1627
f 1627 1626 1680
f 1627 1680 1681
f 1681 1680 1725
f 1681 1725 1726
f 1726 1725 1749
f 1726 1749 1750
f 1750 1749 1775
f 1750 1775 1776
f 1776 1775 1814
f 1776 1814 1815
f 1815 1814 1820
f 1815 1820 1821
f 1821 1820 1838
f 1821 1838 1839
f 1839 1838 1849
f 1839 1849 1850
f 1850 1849 1853
f 1850 1853 1854
f 1854 1853 1857
f 1854 1857 1858
f 1858 1857 1861
f 1858 1861 1862
f 1862 1861 1865
f 1862 1865 1866
f 1866 1865 1869
f 1866 1869 1870
f 1870 1869 1873
f 1870 1873 1874
f 1873 1840 1837
f 1873 1837 1871
f 1871 1837 1835
f 1871 1835 1867
f 1867 1835 1829
f 1867 1829 1863
f 1863 1829 1823
f 1863 1823 1859
f 1859 1823 1819
f 1859 1819 1855
f 1855 1819 1813
f 1855 1813 1851
f 1851 1813 1788
f 1851 1788 1841
f 1841 1788 1764
f 1841 1764 1824
f 1824 1764 1738
f 1824 1738 1816
f 1816 1738 1724
f 1816 1724 1777
f 1777 1724 1688
f 1777 1688 1751
f 1751 1688 1641
f 1751 1641 1727
f 1727 1641 1601
f 1727 1601 1684
f 1684 1601 1573
f 1684 1573 1628
f 1628 1573 1537
f 1628 1537 1582
f 1582 1537 1503
f 1582 1503 1548
f 1548 1503 1471
f 1548 1471 1514
f 1514 1471 1437
f 1514 1437 1478
f 1478 1437 1411
f 1478 1411 1440
f 1440 1411 1383
f 1440 1383 1408
f 1408 1383 1351
f 1408 1351 1372
f 1372 1351 1327
f 1372 1327 1348
f 1348 1327 1297
f 1348 1297 1322
f 1322 1297 1269
f 1322 1269 1290
f 1290 1269 1241
f 1290 1241 1258
f 1258 1241 1217
f 1258 1217 1226
f 1226 1217 1189
f 1226 1189 1194
f 1194 1189 1157
f 1194 1157 1168
f 1168 1157 1131
f 1168 1131 1142
f 1142 1131 1103
f 1142 1103 1112
f 1112 1103 1075
f 1112 1075 1084
f 1084 1075 1047
f 1084 1047 1054
f 1054 1047 1023
f 1054 1023 1028
f 1028 1023 999
f 1028 999 1002
f 1002 999 971
f 1002 971 976
f 976 971 947
f 976 947 950
f 950 947 905
f 950 905 900
f 900 905 877
f 900 877 874
f 874 877 853
f 874 853 848
f 848 853 829
f 848 829 822
f 822 829 801
f 822 801 792
f 792 801 773
f 792 773 764
f 764 773 745
f 764 745 734
f 734 745 719
f 734 719 708
f 708 719 687
f 708 687 682
f 682 687 659
f 682 659 650
f 650 659 635
f 650 635 618
f 618 635 607
f 618 607 586
f 586 607 579
f 586 579 554
f 554 579 549
f 554 549 528
f 528 549 525
f 528 525 504
f 504 525 493
f 504 493 468
f 468 493 465
f 468 465 436
f 436 465 439
f 436 439 398
f 398 439 405
f 398 405 366
f 366 405 375
f 366 375 328
f 328 375 339
f 328 339 296
f 296 339 307
f 296 307 248
f 248 307 277
f 248 277 194
f 194 277 235
f 194 235 149
f 149 235 188
f 149 188 125
f 125 188 152
f 125 152 99
f 99 152 138
f 99 138 60
f 60 138 112
f 60 112 54
f 54 112 88
f 54 88 36
f 36 88 63
f 36 63 25
f 25 63 57
f 25 57 21
f 21 57 53
f 21 53 17
f 17 53 47
f 17 47 13
f 13 47 41
f 13 41 9
f 9 41 39
f 9 39 5
f 5 39 35
f 5 35 1
f 1 35 38
f 1 38 3
f 3 38 40
f 3 40 7
f 7 40 46
f 7 46 11
f 11 46 52
f 11 52 15
f 15 52 56
f 15 56 19
f 19 56 62
f 19 62 23
f 23 62 87
f 23 87 33
f 33 87 111
f 33 111 50
f 50 111 137
f 50 137 58
f 58 137 151
f 58 151 97
f 97 151 187
f 97 187 123
f 123 187 234
f 123 234 147
f 147 234 274
f 147 274 190
f 190 274 302
f 190 302 246
f 246 302 338
f 246 338 292
f 292 338 372
f 292 372 326
f 326 372 404
f 326 404 360
f 360 404 438
f 360 438 396
f 396 438 464
f 396 464 434
f 434 464 492
f 434 492 466
f 466 492 524
f 466 524 502
f 502 524 548
f 502 548 526
f 526 548 578
f 526 578 552
f 552 578 606
f 552 606 584
f 584 606 634
f 584 634 616
f 616 634 658
f 616 658 648
f 648 658 686
f 648 686 680
f 680 686 718
f 680 718 706
f 706 718 744
f 706 744 732
f 732 744 772
f 732 772 762
f 762 772 800
f 762 800 790
f 790 800 828
f 790 828 820
f 820 828 852
f 820 852 846
f 846 852 876
f 846 876 872
f 872 876 904
f 872 904 898
f 898 904 928
f 898 928 924
f 924 928 970
f 924 970 974
f 974 970 998
f 974 998 1000
f 1000 998 1022
f 1000 1022 1026
f 1026 1022 1046
f 1026 1046 1052
f 1052 1046 1074
f 1052 1074 1082
f 1082 1074 1102
f 1082 1102 1110
f 1110 1102 1130
f 1110 1130 1140
f 1140 1130 1156
f 1140 1156 1166
f 1166 1156 1188
f 1166 1188 1192
f 1192 1188 1216
f 1192 1216 1224
f 1224 1216 1240
f 1224 1240 1256
f 1256 1240 1268
f 1256 1268 1288
f 1288 1268 1296
f 1288 1296 1320
f 1320 1296 1326
f 1320 1326 1346
f 1346 1326 1350
f 1346 1350 1370
f 1370 1350 1382
f 1370 1382 1406
f 1406 1382 1410
f 1406 1410 1438
f 1438 1410 1436
f 1438 1436 1476
f 1476 1436 1470
f 1476 1470 1508
f 1508 1470 1500
f 1508 1500 1546
f 1546 1500 1536
f 1546 1536 1578
f 1578 1536 1568
f 1578 1568 1626
f 1626 1568 1598
f 1626 1598 1680
f 1680 1598 1640
f 1680 1640 1725
f 1725 1640 1687
f 1725 1687 1749
f 1749 1687 1723
f 1749 1723 1775
f 1775 1723 1737
f 1775 1737 1814
f 1814 1737 1763
f 1814 1763 1820
f 1820 1763 1787
f 1820 1787 1838
f 1838 1787 1812
f 1838 1812 1849
f 1849 1812 1818
f 1849 1818 1853
f 1853 1818 1822
f 1853 1822 1857
f 1857 1822 1828
f 1857 1828 1861
f 1861 1828 1834
f 1861 1834 1865
f 1865 1834 1836
f 1865 1836 1869
f 1869 1836 1840
f 1869 1840 1873
f 1840 1650 1648
f 1840 1648 1837
f 1837 1648 1644
f 1837 1644 1835
f 1835 1644 1636
f 1835 1636 1829
f 1829 1636 1624
f 1829 1624 1823
f 1823 1624 1608
f 1823 1608 1819
f 1819 1608 1596
f 1819 1596 1813
f 1813 1596 1576
f 1813 1576 1788
f 1788 1576 1565
f 1788 1565 1764
f 1764 1565 1552
f 1764 1552 1738
f 1738 1552 1534
f 1738 1534 1724
f 1724 1534 1506
f 1724 1506 1688
f 1688 1506 1486
f 1688 1486 1641
f 1641 1486 1462
f 1641 1462 1601
f 1601 1462 1452
f 1601 1452 1573
f 1573 1452 1428
f 1573 1428 1537
f 1537 1428 1402
f 1537 1402 1503
f 1503 1402 1380
f 1503 1380 1471
f 1471 1380 1360
f 1471 1360 1437
f 1437 1360 1342
f 1437 1342 1411
f 1411 1342 1318
f 1411 1318 1383
f 1383 1318 1294
f 1383 1294 1351
f 1351 1294 1266
f 1351 1266 1327
f 1327 1266 1246
f 1327 1246 1297
f 1297 1246 1220
f 1297 1220 1269
f 1269 1220 1198
f 1269 1198 1241
f 1241 1198 1172
f 1241 1172 1217
f 1217 1172 1152
f 1217 1152 1189
f 1189 1152 1128
f 1189 1128 1157
f 1157 1128 1106
f 1157 1106 1131
f 1131 1106 1080
f 1131 1080 1103
f 1103 1080 1058
f 1103 1058 1075
f 1075 1058 1032
f 1075 1032 1047
f 1047 1032 1006
f 1047 1006 1023
f 1023 1006 980
f 1023 980 999
f 999 980 954
f 999 954 971
f 971 954 939
f 971 939 947
f 947 939 922
f 947 922 905
f 905 922 896
f 905 896 877
f 877 896 870
f 877 870 853
f 853 870 844
f 853 844 829
f 829 844 818
f 829 818 801
f 801 818 796
f 801 796 773
f 773 796 770
f 773 770 745
f 745 770 748
f 745 748 719
f 719 748 724
f 719 724 687
f 687 724 704
f 687 704 659
f 659 704 678
f 659 678 635
f 635 678 656
f 635 656 607
f 607 656 630
f 607 630 579
f 579 630 610
f 579 610 549
f 549 610 582
f 549 582 525
f 525 582 558
f 525 558 493
f 493 558 534
f 493 534 465
f 465 534 516
f 465 516 439
f 439 516 496
f 439 496 405
f 405 496 474
f 405 474 375
f 375 474 448
f 375 448 339
f 339 448 424
f 339 424 307
f 307 424 414
f 307 414 277
f 277 414 390
f 277 390 235
f 235 390 370
f 235 370 188
f 188 370 342
f 188 342 152
f 152 342 324
f 152 324 138
f 138 324 311
f 138 311 112
f 112 311 300
f 112 300 88
f 88 300 280
f 88 280 63
f 63 280 268
f 63 268 57
f 57 268 252
f 57 252 53
f 53 252 240
f 53 240 47
f 47 240 232
f 47 232 41
f 41 232 228
f 41 228 39
f 39 228 224
f 39 224 35
f 35 224 226
f 35 226 38
f 38 226 230
f 38 230 40
f 40 230 238
f 40 238 46
f 46 238 250
f 46 250 52
f 52 250 266
f 52 266 56
f 56 266 278
f 56 278 62
f 62 278 298
f 62 298 87
f 87 298 309
f 87 309 111
f 111 309 322
f 111 322 137
f 137 322 340
f 137 340 151
f 151 340 368
f 151 368 187
f 187 368 388
f 187 388 234
f 234 388 412
f 234 412 274
f 274 412 422
f 274 422 302
f 302 422 446
f 302 446 338
f 338 446 472
f 338 472 372
f 372 472 494
f 372 494 404
f 404 494 514
f 404 514 438
f 438 514 532
f 438 532 464
f 464 532 556
f 464 556 492
f 492 556 580
f 492 580 524
f 524 580 608
f 524 608 548
f 548 608 628
f 548 628 578
f 578 628 654
f 578 654 606
f 606 654 676
f 606 676 634
f 634 676 702
f 634 702 658
f 658 702 722
f 658 722 686
f 686 722 746
f 686 746 718
f 718 746 768
f 718 768 744
f 744 768 794
f 744 794 772
f 772 794 816
f 772 816 800
f 800 816 842
f 800 842 828
f 828 842 868
f 828 868 852
f 852 868 894
f 852 894 876
f 876 894 920
f 876 920 904
f 904 920 935
f 904 935 928
f 928 935 952
f 928 952 970
f 970 952 978
f 970 978 998
f 998 978 1004
f 998 1004 1022
f 1022 1004 1030
f 1022 1030 1046
f 1046 1030 1056
f 1046 1056 1074
f 1074 1056 1078
f 1074 1078 1102
f 1102 1078 1104
f 1102 1104 1130
f 1130 1104 1126
f 1130 1126 1156
f 1156 1126 1150
f 1156 1150 1188
f 1188 1150 1170
f 1188 1170 1216
f 1216 1170 1196
f 1216 1196 1240
f 1240 1196 1218
f 1240 1218 1268
f 1268 1218 1244
f 1268 1244 1296
f 1296 1244 1264
f 1296 1264 1326
f 1326 1264 1292
f 1326 1292 1350
f 1350 1292 1316
f 1350 1316 1382
f 1382 1316 1340
f 1382 1340 1410
f 1410 1340 1358
f 1410 1358 1436
f 1436 1358 1378
f 1436 1378 1470
f 1470 1378 1400
f 1470 1400 1500
f 1500 1400 1426
f 1500 1426 1536
f 1536 1426 1450
f 1536 1450 1568
f 1568 1450 1460
f 1568 1460 1598
f 1598 1460 1484
f 1598 1484 1640
f 1640 1484 1504
f 1640 1504 1687
f 1687 1504 1532
f 1687 1532 1723
f 1723 1532 1550
f 1723 1550 1737
f 1737 1550 1563
f 1737 1563 1763
f 1763 1563 1574
f 1763 1574 1787
f 1787 1574 1594
f 1787 1594 1812
f 1812 1594 1606
f 1812 1606 1818
f 1818 1606 1622
f 1818 1622 1822
f 1822 1622 1634
f 1822 1634 1828
f 1828 1634 1642
f 1828 1642 1834
f 1834 1642 1646
f 1834 1646 1836
f 1836 1646 1650
f 1836 1650 1840
f 1650 1651 1649
f 1650 1649 1648
f 1648 1649 1645
f 1648 1645 1644
f 1644 1645 1637
f 1644 1637 1636
f 1636 1637 1625
f 1636 1625 1624
f 1624 1625 1609
f 1624 1609 1608
f 1608 1609 1597
f 1608 1597 1596
f 1596 1597 1577
f 1596 1577 1576
f 1576 1577 1566
f 1576 1566 1565
f 1565 1566 1553
f 1565 1553 1552
f 1552 1553 1535
f 1552 1535 1534
f 1534 1535 1507
f 1534 1507 1506
f 1506 1507 1487
f 1506 1487 1486
f 1486 1487 1463
f 1486 1463 1462
f 1462 1463 1453
f 1462 1453 1452
f 1452 1453 1429
f 1452 1429 1428
f 1428 1429 1403
f 1428 1403 1402
f 1402 1403 1381
f 1402 1381 1380
f 1380 1381 1361
f 1380 1361 1360
f 1360 1361 1343
f 1360 1343 1342
f 1342 1343 1319
f 1342 1319 1318
f 1318 1319 1295
f 1318 1295 1294
f 1294 1295 1267
f 1294 1267 1266
f 1266 1267 1247
f 1266 1247 1246
f 1246 1247 1221
f 1246 1221 1220
f 1220 1221 1199
f 1220 1199 1198
f 1198 1199 1173
f 1198 1173 1172
f 1172 1173 1153
f 1172 1153 1152
f 1152 1153 1129
f 1152 1129 1128
f 1128 1129 1107
f 1128 1107 1106
f 1106 1107 1081
f 1106 1081 1080
f 1080 1081 1059
f 1080 1059 1058
f 1058 1059 1033
f 1058 1033 1032
f 1032 1033 1007
f 1032 1007 1006
f 1006 1007 981
f 1006 981 980
f 980 981 955
f 980 955 954
f 954 955 940
f 954 940 939
f 939 940 923
f 939 923 922
f 922 923 897
f 922 897 896
f 896 897 871
f 896 871 870
f 870 871 845
f 870 845 844
f 844 845 819
f 844 819 818
f 818 819 797
f 818 797 796
f 796 797 771
f 796 771 770
f 770 771 749
f 770 749 748
f 748 749 725
f 748 725 724
f 724 725 705
f 724 705 704
f 704 705 679
f 704 679 678
f 678 679 657
f 678 657 656
f 656 657 631
f 656 631 630
f 630 631 611
f 630 611 610
f 610 611 583
f 610 583 582
f 582 583 559
f 582 559 558
f 558 559 535
f 558 535 534
f 534 535 517
f 534 517 516
f 516 517 497
f 516 497 496
f 496 497 475
f 496 475 474
f 474 475 449
f 474 449 448
f 448 449 425
f 448 425 424
f 424 425 415
f 424 415 414
f 414 415 391
f 414 391 390
f 390 391 371
f 390 371 370
f 370 371 343
f 370 343 342
f 342 343 325
f 342 325 324
f 324 325 312
f 324 312 311
f 311 312 301
f 311 301 300
f 300 301 281
f 300 281 280
f 280 281 269
f 280 269 268
f 268 269 253
f 268 253 252
f 252 253 241
f 252 241 240
f 240 241 233
f 240 233 232
f 232 233 229
f 232 229 228
f 228 229 225
f 228 225 224
f 224 225 227
f 224 227 226
f 226 227 231
f 226 231 230
f 230 231 239
f 230 239 238
f 238 239 251
f 238 251 250
f 250 251 267
f 250 267 266
f 266 267 279
f 266 279 278
f 278 279 299
f 278 299 298
f 298 299 310
f 298 310 309
f 309 310 323
f 309 323 322
f 322 323 341
f 322 341 340
f 340 341 369
f 340 369 368
f 368 369 389
f 368 389 388
f 388 389 413
f 388 413 412
f 412 413 423
f 412 423 422
f 422 423 447
f 422 447 446
f 446 447 473
f 446 473 472
f 472 473 495
f 472 495 494
f 494 495 515
f 494 515 514
f 514 515 533
f 514 533 532
f 532 533 557
f 532 557 556
f 556 557 581
f 556 581 580
f 580 581 609
f 580 609 608
f 608 609 629
f 608 629 628
f 628 629 655
f 628 655 654
f 654 655 677
f 654 677 676
f 676 677 703
f 676 703 702
f 702 703 723
f 702 723 722
f 722 723 747
f 722 747 746
f 746 747 769
f 746 769 768
f 768 769 795
f 768 795 794
f 794 795 817
f 794 817 816
f 816 817 843
f 816 843 842
f 842 843 869
f 842 869 868
f 868 869 895
f 868 895 894
f 894 895 921
f 894 921 920
f 920 921 936
f 920 936 935
f 935 936 953
f 935 953 952
f 952 953 979
f 952 979 978
f 978 979 1005
f 978 1005 1004
f 1004 1005 1031
f 1004 1031 1030
f 1030 1031 1057
f 1030 1057 1056
f 1056 1057 1079
f 1056 1079 1078
f 1078 1079 1105
f 1078 1105 1104
f 1104 1105 1127
f 1104 1127 1126
f 1126 1127 1151
f 1126 1151 1150
f 1150 1151 1171
f 1150 1171 1170
f 1170 1171 1197
f 1170 1197 1196
f 1196 1197 1219
f 1196 1219 1218
f 1218 1219 1245
f 1218 1245 1244
f 1244 1245 1265
f 1244 1265 1264
f 1264 1265 1293
f 1264 1293 1292
f 1292 1293 1317
f 1292 1317 1316
f 1316 1317 1341
f 1316 1341 1340
f 1340 1341 1359
f 1340 1359 1358
f 1358 1359 1379
f 1358 1379 1378
f 1378 1379 1401
f 1378 1401 1400
f 1400 1401 1427
f 1400 1427 1426
f 1426 1427 1451
f 1426 1451 1450
f 1450 1451 1461
f 1450 1461 1460
f 1460 1461 1485
f 1460 1485 1484
f 1484 1485 1505
f 1484 1505 1504
f 1504 1505 1533
f 1504 1533 1532
f 1532 1533 1551
f 1532 1551 1550
f 1550 1551 1564
f 1550 1564 1563
f 1563 1564 1575
f 1563 1575 1574
f 1574 1575 1595
f 1574 1595 1594
f 1594 1595 1607
f 1594 1607 1606
f 1606 1607 1623
f 1606 1623 1622
f 1622 1623 1635
f 1622 1635 1634
f 1634 1635 1643
f 1634 1643 1642
f 1642 1643 1647
f 1642 1647 1646
f 1646 1647 1651
f 1646 1651 1650
f 1651 937 1649
f 1649 937 1645
f 1645 937 1637
f 1637 937 1625
f 1625 937 1609
f 1609 937 1597
f 1597 937 1577
f 1577 937 1566
f 1566 937 1553
f 1553 937 1535
f 1535 937 1507
f 1507 937 1487
f 1487 937 1463
f 1463 937 1453
f 1453 937 1429
f 1429 937 1403
f 1403 937 1381
f 1381 937 1361
f 1361 937 1343
f 1343 937 1319
f 1319 937 1295
f 1295 937 1267
f 1267 937 1247
f 1247 937 1221
f 1221 937 1199
f 1199 937 1173
f 1173 937 1153
f 1153 937 1129
f 1129 937 1107
f 1107 937 1081
f 1081 937 1059
f 1059 937 1033
f 1033 937 1007
f 1007 937 981
f 981 937 955
f 955 937 940
f 940 937 923
f 923 937 897
f 897 937 871
f 871 937 845
f 845 937 819
f 819 937 797
f 797 937 771
f 771 937 749
f 749 937 725
f 725 937 705
f 705 937 679
f 679 937 657
f 657 937 631
f 631 937 611
f 611 937 583
f 583 937 559
f 559 937 535
f 535 937 517
f 517 937 497
f 497 937 475
f 475 937 449
f 449 937 425
f 425 937 415
f 415 937 391
f 391 937 371
f 371 937 343
f 343 937 325
f 325 937 312
f 312 937 301
f 301 937 281
f 281 937 269
f 269 937 253
f 253 937 241
f 241 937 233
f 233 937 229
f 229 937 225
f 225 937 227
f 227 937 231
f 231 937 239
f 239 937 251
f 251 937 267
f 267 937 279
f 279 937 299
f 299 937 310
f 310 937 323
f 323 937 341
f 341 937 369
f 369 937 389
f 389 937 413
f 413 937 423
f 423 937 447
f 447 937 473
f 473 937 495
f 495 937 515
f 515 937 533
f 533 937 557
f 557 937 581
f 581 937 609
f 609 937 629
f 629 937 655
f 655 937 677
f 677 937 703
f 703 937 723
f 723 937 747
f 747 937 769
f 769 937 795
f 795 937 817
f 817 937 843
f 843 937 869
f 869 937 895
f 895 937 921
f 921 937 936
f 936 937 953
f 953 937 979
f 979 937 1005
f 1005 937 1031
f 1031 937 1057
f 1057 937 1079
f 1079 937 1105
f 1105 937 1127
f 1127 937 1151
f 1151 937 1171
f 1171 937 1197
f 1197 937 1219
f 1219 937 1245
f 1245 937 1265
f 1265 937 1293
f 1293 937 1317
f 1317 937 1341
f 1341 937 1359
f 1359 937 1379
f 1379 937 1401
f 1401 937 1427
f 1427 937 1451
f 1451 937 1461
f 1461 937 1485
f 1485 937 1505
f 1505 937 1533
f 1533 937 1551
f 1551 937 1564
f 1564 937 1575
f 1575 937 1595
f 1595 937 1607
f 1607 937 1623
f 1623 937 1635
f 1635 937 1643
f 1643 937 1647
f 1647 937 1651
