# https://github.com/mikedh/trimesh
v -0.47948922 -0.24345711 0.14665356
v -0.47948922 -0.24345711 0.14665356
v -0.47948922 -0.24345711 0.14665356
v -0.47973625 -0.24345711 0.14768829
v -0.47973625 -0.24345711 0.14768829
v -0.47973625 -0.24345711 0.14768829
v -0.47952237 -0.24345711 0.14768829
v -0.47952237 -0.24345711 0.14768829
v -0.47952237 -0.24345711 0.14768829
v -0.47936638 -0.24345711 0.14697753
v -0.47936638 -0.24345711 0.14697753
v -0.47936638 -0.24345711 0.14697753
v -0.47926265 -0.24345711 0.14665356
v -0.47926265 -0.24345711 0.14665356
v -0.47926265 -0.24345711 0.14665356
v -0.47917725 -0.24345711 0.14768829
v -0.47917725 -0.24345711 0.14768829
v -0.47917725 -0.24345711 0.14768829
v -0.47905726 -0.24345711 0.14742714
v -0.47905726 -0.24345711 0.14742714
v -0.47905726 -0.24345711 0.14742714
v -0.47892878 -0.24345711 0.14768829
v -0.47892878 -0.24345711 0.14768829
v -0.47892878 -0.24345711 0.14768829
v -0.47885113 -0.24345711 0.14665356
v -0.47885113 -0.24345711 0.14665356
v -0.47885113 -0.24345711 0.14665356
v -0.47874740 -0.24345711 0.14696554
v -0.47874740 -0.24345711 0.14696554
v -0.47874740 -0.24345711 0.14696554
v -0.47862952 -0.24345711 0.14665356
v -0.47862952 -0.24345711 0.14665356
v -0.47862952 -0.24345711 0.14665356
v -0.47858859 -0.24345711 0.14768829
v -0.47858859 -0.24345711 0.14768829
v -0.47858859 -0.24345711 0.14768829
v -0.47837823 -0.24345711 0.14768829
v -0.47837823 -0.24345711 0.14768829
v -0.47837823 -0.24345711 0.14768829
v -0.47828124 -0.24345711 0.14735819
v -0.47828124 -0.24345711 0.14735819
v -0.47828719 -0.24345711 0.14741727
v -0.47828719 -0.24345711 0.14741727
v -0.47827600 -0.24345711 0.14749376
v -0.47827600 -0.24345711 0.14749376
v -0.47826337 -0.24345711 0.14730379
v -0.47826337 -0.24345711 0.14730379
v -0.47824236 -0.24345711 0.14756513
v -0.47824236 -0.24345711 0.14756513
v -0.47823359 -0.24345711 0.14725409
v -0.47823359 -0.24345711 0.14725409
v -0.47818769 -0.24345711 0.14762575
v -0.47818769 -0.24345711 0.14762575
v -0.47819192 -0.24345711 0.14720904
v -0.47819192 -0.24345711 0.14720904
v -0.47815178 -0.24345711 0.14717988
v -0.47815178 -0.24345711 0.14717988
v -0.47811321 -0.24345711 0.14766995
v -0.47811321 -0.24345711 0.14766995
v -0.47809910 -0.24345711 0.14715311
v -0.47809910 -0.24345711 0.14715311
v -0.47808744 -0.24345711 0.14743137
v -0.47808744 -0.24345711 0.14743137
v -0.47807917 -0.24345711 0.14746755
v -0.47807917 -0.24345711 0.14746755
v -0.47802014 -0.24345711 0.14769694
v -0.47802014 -0.24345711 0.14769694
v -0.47805427 -0.24345711 0.14749561
v -0.47805427 -0.24345711 0.14749561
v -0.47799288 -0.24345711 0.14752367
v -0.47799288 -0.24345711 0.14752367
v -0.47790956 -0.24345711 0.14770594
v -0.47790956 -0.24345711 0.14770594
v -0.47791171 -0.24345711 0.14753302
v -0.47791171 -0.24345711 0.14753302
v -0.47783450 -0.24345711 0.14752428
v -0.47783450 -0.24345711 0.14752428
v -0.47781818 -0.24345711 0.14770060
v -0.47781818 -0.24345711 0.14770060
v -0.47777936 -0.24345711 0.14749808
v -0.47777936 -0.24345711 0.14749808
v -0.47773886 -0.24345711 0.14768460
v -0.47773886 -0.24345711 0.14768460
v -0.47774291 -0.24345711 0.14745193
v -0.47774291 -0.24345711 0.14745193
v -0.47772184 -0.24345711 0.14738338
v -0.47772184 -0.24345711 0.14738338
v -0.47772184 -0.24345711 0.14738338
v -0.47767155 -0.24345711 0.14765790
v -0.47767155 -0.24345711 0.14765790
v -0.47751289 -0.24345711 0.14739255
v -0.47751289 -0.24345711 0.14739255
v -0.47751289 -0.24345711 0.14739255
v -0.47761632 -0.24345711 0.14762054
v -0.47761632 -0.24345711 0.14762054
v -0.47757293 -0.24345711 0.14757427
v -0.47757293 -0.24345711 0.14757427
v -0.47754123 -0.24345711 0.14752083
v -0.47754123 -0.24345711 0.14752083
v -0.47752123 -0.24345711 0.14746027
v -0.47752123 -0.24345711 0.14746027
v -0.47807969 -0.24345711 0.14739732
v -0.47807969 -0.24345711 0.14739732
v -0.47795617 -0.24345711 0.14710670
v -0.47795617 -0.24345711 0.14710670
v -0.47805638 -0.24345711 0.14736856
v -0.47805638 -0.24345711 0.14736856
v -0.47798862 -0.24345711 0.14733469
v -0.47798862 -0.24345711 0.14733469
v -0.47786439 -0.24345711 0.14729939
v -0.47786439 -0.24345711 0.14729939
v -0.47778887 -0.24345711 0.14706153
v -0.47778887 -0.24345711 0.14706153
v -0.47773181 -0.24345711 0.14726278
v -0.47773181 -0.24345711 0.14726278
v -0.47774327 -0.24345711 0.14704079
v -0.47774327 -0.24345711 0.14704079
v -0.47771371 -0.24345711 0.14701670
v -0.47771371 -0.24345711 0.14701670
v -0.47763889 -0.24345711 0.14722493
v -0.47763889 -0.24345711 0.14722493
v -0.47769755 -0.24345711 0.14698821
v -0.47769755 -0.24345711 0.14698821
v -0.47769218 -0.24345711 0.14695424
v -0.47769218 -0.24345711 0.14695424
v -0.47767241 -0.24345711 0.14667297
v -0.47767241 -0.24345711 0.14667297
v -0.47759231 -0.24345711 0.14672070
v -0.47759231 -0.24345711 0.14672070
v -0.47757379 -0.24345711 0.14717941
v -0.47757379 -0.24345711 0.14717941
v -0.47753267 -0.24345711 0.14678838
v -0.47753267 -0.24345711 0.14678838
v -0.47752455 -0.24345711 0.14711976
v -0.47752455 -0.24345711 0.14711976
v -0.47749560 -0.24345711 0.14686884
v -0.47749560 -0.24345711 0.14686884
v -0.47749358 -0.24345711 0.14704520
v -0.47749358 -0.24345711 0.14704520
v -0.47748327 -0.24345711 0.14695495
v -0.47748327 -0.24345711 0.14695495
v -0.47770497 -0.24345711 0.14690068
v -0.47770497 -0.24345711 0.14690068
v -0.47774336 -0.24345711 0.14685436
v -0.47774336 -0.24345711 0.14685436
v -0.47777387 -0.24345711 0.14664465
v -0.47777387 -0.24345711 0.14664465
v -0.47780696 -0.24345711 0.14682234
v -0.47780696 -0.24345711 0.14682234
v -0.47789546 -0.24345711 0.14681167
v -0.47789546 -0.24345711 0.14681167
v -0.47789758 -0.24345711 0.14663521
v -0.47789758 -0.24345711 0.14663521
v -0.47798095 -0.24345711 0.14682367
v -0.47798095 -0.24345711 0.14682367
v -0.47798999 -0.24345711 0.14664088
v -0.47798999 -0.24345711 0.14664088
v -0.47804685 -0.24345711 0.14685966
v -0.47804685 -0.24345711 0.14685966
v -0.47807104 -0.24345711 0.14665789
v -0.47807104 -0.24345711 0.14665789
v -0.47809355 -0.24345711 0.14692124
v -0.47809355 -0.24345711 0.14692124
v -0.47812133 -0.24345711 0.14701000
v -0.47812133 -0.24345711 0.14701000
v -0.47812133 -0.24345711 0.14701000
v -0.47814068 -0.24345711 0.14668623
v -0.47814068 -0.24345711 0.14668623
v -0.47819897 -0.24345711 0.14672591
v -0.47819897 -0.24345711 0.14672591
v -0.47824626 -0.24345711 0.14677643
v -0.47824626 -0.24345711 0.14677643
v -0.47828296 -0.24345711 0.14683735
v -0.47828296 -0.24345711 0.14683735
v -0.47830908 -0.24345711 0.14690861
v -0.47830908 -0.24345711 0.14690861
v -0.47832460 -0.24345711 0.14699024
v -0.47832460 -0.24345711 0.14699024
v -0.47832460 -0.24345711 0.14699024
v -0.47709930 -0.24345711 0.14751326
v -0.47709930 -0.24345711 0.14751326
v -0.47709930 -0.24345711 0.14751326
v -0.47730821 -0.24345711 0.14665356
v -0.47730821 -0.24345711 0.14665356
v -0.47730821 -0.24345711 0.14665356
v -0.47730821 -0.24345711 0.14768829
v -0.47730821 -0.24345711 0.14768829
v -0.47730821 -0.24345711 0.14768829
v -0.47692638 -0.24345711 0.14768829
v -0.47692638 -0.24345711 0.14768829
v -0.47700544 -0.24345711 0.14751326
v -0.47700544 -0.24345711 0.14751326
v -0.47683390 -0.24345711 0.14750337
v -0.47683390 -0.24345711 0.14750337
v -0.47681256 -0.24345711 0.14768335
v -0.47681256 -0.24345711 0.14768335
v -0.47678045 -0.24345711 0.14748485
v -0.47678045 -0.24345711 0.14748485
v -0.47672946 -0.24345711 0.14766853
v -0.47672946 -0.24345711 0.14766853
v -0.47673722 -0.24345711 0.14745468
v -0.47673722 -0.24345711 0.14745468
v -0.47670333 -0.24345711 0.14741161
v -0.47670333 -0.24345711 0.14741161
v -0.47664492 -0.24345711 0.14763130
v -0.47664492 -0.24345711 0.14763130
v -0.47667791 -0.24345711 0.14735445
v -0.47667791 -0.24345711 0.14735445
v -0.47666203 -0.24345711 0.14727627
v -0.47666203 -0.24345711 0.14727627
v -0.47665675 -0.24345711 0.14717022
v -0.47665675 -0.24345711 0.14717022
v -0.47664722 -0.24345711 0.14671090
v -0.47664722 -0.24345711 0.14671090
v -0.47658334 -0.24345711 0.14675802
v -0.47658334 -0.24345711 0.14675802
v -0.47657347 -0.24345711 0.14757326
v -0.47657347 -0.24345711 0.14757326
v -0.47651962 -0.24345711 0.14683866
v -0.47651962 -0.24345711 0.14683866
v -0.47651628 -0.24345711 0.14749712
v -0.47651628 -0.24345711 0.14749712
v -0.47647252 -0.24345711 0.14694084
v -0.47647252 -0.24345711 0.14694084
v -0.47647464 -0.24345711 0.14740561
v -0.47647464 -0.24345711 0.14740561
v -0.47644922 -0.24345711 0.14729488
v -0.47644922 -0.24345711 0.14729488
v -0.47644870 -0.24345711 0.14704212
v -0.47644870 -0.24345711 0.14704212
v -0.47644076 -0.24345711 0.14716105
v -0.47644076 -0.24345711 0.14716105
v -0.47666203 -0.24345711 0.14706285
v -0.47666203 -0.24345711 0.14706285
v -0.47667791 -0.24345711 0.14698072
v -0.47667791 -0.24345711 0.14698072
v -0.47670217 -0.24345711 0.14692098
v -0.47670217 -0.24345711 0.14692098
v -0.47673016 -0.24345711 0.14667544
v -0.47673016 -0.24345711 0.14667544
v -0.47673262 -0.24345711 0.14688083
v -0.47673262 -0.24345711 0.14688083
v -0.47677046 -0.24345711 0.14685490
v -0.47677046 -0.24345711 0.14685490
v -0.47681096 -0.24345711 0.14665903
v -0.47681096 -0.24345711 0.14665903
v -0.47681697 -0.24345711 0.14683778
v -0.47681697 -0.24345711 0.14683778
v -0.47691507 -0.24345711 0.14665356
v -0.47691507 -0.24345711 0.14665356
v -0.47694331 -0.24345711 0.14682790
v -0.47694331 -0.24345711 0.14682790
v -0.47709930 -0.24345711 0.14682790
v -0.47709930 -0.24345711 0.14682790
v -0.47709930 -0.24345711 0.14682790
v -0.47587157 -0.24345711 0.14735819
v -0.47587157 -0.24345711 0.14735819
v -0.47587752 -0.24345711 0.14741727
v -0.47587752 -0.24345711 0.14741727
v -0.47586629 -0.24345711 0.14749376
v -0.47586629 -0.24345711 0.14749376
v -0.47585369 -0.24345711 0.14730379
v -0.47585369 -0.24345711 0.14730379
v -0.47583269 -0.24345711 0.14756513
v -0.47583269 -0.24345711 0.14756513
v -0.47582392 -0.24345711 0.14725409
v -0.47582392 -0.24345711 0.14725409
v -0.47577798 -0.24345711 0.14762575
v -0.47577798 -0.24345711 0.14762575
v -0.47578221 -0.24345711 0.14720904
v -0.47578221 -0.24345711 0.14720904
v -0.47574208 -0.24345711 0.14717988
v -0.47574208 -0.24345711 0.14717988
v -0.47570353 -0.24345711 0.14766995
v -0.47570353 -0.24345711 0.14766995
v -0.47568942 -0.24345711 0.14715311
v -0.47568942 -0.24345711 0.14715311
v -0.47567777 -0.24345711 0.14743137
v -0.47567777 -0.24345711 0.14743137
v -0.47566946 -0.24345711 0.14746755
v -0.47566946 -0.24345711 0.14746755
v -0.47561043 -0.24345711 0.14769694
v -0.47561043 -0.24345711 0.14769694
v -0.47564459 -0.24345711 0.14749561
v -0.47564459 -0.24345711 0.14749561
v -0.47558317 -0.24345711 0.14752367
v -0.47558317 -0.24345711 0.14752367
v -0.47549989 -0.24345711 0.14770594
v -0.47549989 -0.24345711 0.14770594
v -0.47550201 -0.24345711 0.14753302
v -0.47550201 -0.24345711 0.14753302
v -0.47542483 -0.24345711 0.14752428
v -0.47542483 -0.24345711 0.14752428
v -0.47540851 -0.24345711 0.14770060
v -0.47540851 -0.24345711 0.14770060
v -0.47536966 -0.24345711 0.14749808
v -0.47536966 -0.24345711 0.14749808
v -0.47532918 -0.24345711 0.14768460
v -0.47532918 -0.24345711 0.14768460
v -0.47533323 -0.24345711 0.14745193
v -0.47533323 -0.24345711 0.14745193
v -0.47531217 -0.24345711 0.14738338
v -0.47531217 -0.24345711 0.14738338
v -0.47531217 -0.24345711 0.14738338
v -0.47526187 -0.24345711 0.14765790
v -0.47526187 -0.24345711 0.14765790
v -0.47510322 -0.24345711 0.14739255
v -0.47510322 -0.24345711 0.14739255
v -0.47510322 -0.24345711 0.14739255
v -0.47520662 -0.24345711 0.14762054
v -0.47520662 -0.24345711 0.14762054
v -0.47516323 -0.24345711 0.14757427
v -0.47516323 -0.24345711 0.14757427
v -0.47513155 -0.24345711 0.14752083
v -0.47513155 -0.24345711 0.14752083
v -0.47511153 -0.24345711 0.14746027
v -0.47511153 -0.24345711 0.14746027
v -0.47567002 -0.24345711 0.14739732
v -0.47567002 -0.24345711 0.14739732
v -0.47554647 -0.24345711 0.14710670
v -0.47554647 -0.24345711 0.14710670
v -0.47564671 -0.24345711 0.14736856
v -0.47564671 -0.24345711 0.14736856
v -0.47557894 -0.24345711 0.14733469
v -0.47557894 -0.24345711 0.14733469
v -0.47545472 -0.24345711 0.14729939
v -0.47545472 -0.24345711 0.14729939
v -0.47537919 -0.24345711 0.14706153
v -0.47537919 -0.24345711 0.14706153
v -0.47532213 -0.24345711 0.14726278
v -0.47532213 -0.24345711 0.14726278
v -0.47533360 -0.24345711 0.14704079
v -0.47533360 -0.24345711 0.14704079
v -0.47530404 -0.24345711 0.14701670
v -0.47530404 -0.24345711 0.14701670
v -0.47522922 -0.24345711 0.14722493
v -0.47522922 -0.24345711 0.14722493
v -0.47528788 -0.24345711 0.14698821
v -0.47528788 -0.24345711 0.14698821
v -0.47528251 -0.24345711 0.14695424
v -0.47528251 -0.24345711 0.14695424
v -0.47526274 -0.24345711 0.14667297
v -0.47526274 -0.24345711 0.14667297
v -0.47518264 -0.24345711 0.14672070
v -0.47518264 -0.24345711 0.14672070
v -0.47516412 -0.24345711 0.14717941
v -0.47516412 -0.24345711 0.14717941
v -0.47512300 -0.24345711 0.14678838
v -0.47512300 -0.24345711 0.14678838
v -0.47511487 -0.24345711 0.14711976
v -0.47511487 -0.24345711 0.14711976
v -0.47508593 -0.24345711 0.14686884
v -0.47508593 -0.24345711 0.14686884
v -0.47508390 -0.24345711 0.14704520
v -0.47508390 -0.24345711 0.14704520
v -0.47507357 -0.24345711 0.14695495
v -0.47507357 -0.24345711 0.14695495
v -0.47529530 -0.24345711 0.14690068
v -0.47529530 -0.24345711 0.14690068
v -0.47533369 -0.24345711 0.14685436
v -0.47533369 -0.24345711 0.14685436
v -0.47536420 -0.24345711 0.14664465
v -0.47536420 -0.24345711 0.14664465
v -0.47539729 -0.24345711 0.14682234
v -0.47539729 -0.24345711 0.14682234
v -0.47548579 -0.24345711 0.14681167
v -0.47548579 -0.24345711 0.14681167
v -0.47548790 -0.24345711 0.14663521
v -0.47548790 -0.24345711 0.14663521
v -0.47557127 -0.24345711 0.14682367
v -0.47557127 -0.24345711 0.14682367
v -0.47558032 -0.24345711 0.14664088
v -0.47558032 -0.24345711 0.14664088
v -0.47563717 -0.24345711 0.14685966
v -0.47563717 -0.24345711 0.14685966
v -0.47566137 -0.24345711 0.14665789
v -0.47566137 -0.24345711 0.14665789
v -0.47568384 -0.24345711 0.14692124
v -0.47568384 -0.24345711 0.14692124
v -0.47571165 -0.24345711 0.14701000
v -0.47571165 -0.24345711 0.14701000
v -0.47571165 -0.24345711 0.14701000
v -0.47573100 -0.24345711 0.14668623
v -0.47573100 -0.24345711 0.14668623
v -0.47578930 -0.24345711 0.14672591
v -0.47578930 -0.24345711 0.14672591
v -0.47583658 -0.24345711 0.14677643
v -0.47583658 -0.24345711 0.14677643
v -0.47587329 -0.24345711 0.14683735
v -0.47587329 -0.24345711 0.14683735
v -0.47589938 -0.24345711 0.14690861
v -0.47589938 -0.24345711 0.14690861
v -0.47591493 -0.24345711 0.14699024
v -0.47591493 -0.24345711 0.14699024
v -0.47591493 -0.24345711 0.14699024
v -0.47497195 -0.24345711 0.14751326
v -0.47497195 -0.24345711 0.14751326
v -0.47497195 -0.24345711 0.14751326
v -0.47497195 -0.24345711 0.14768829
v -0.47497195 -0.24345711 0.14768829
v -0.47497195 -0.24345711 0.14768829
v -0.47414966 -0.24345711 0.14768829
v -0.47414966 -0.24345711 0.14768829
v -0.47414966 -0.24345711 0.14768829
v -0.47466491 -0.24345711 0.14751326
v -0.47466491 -0.24345711 0.14751326
v -0.47466491 -0.24345711 0.14751326
v -0.47445599 -0.24345711 0.14751326
v -0.47445599 -0.24345711 0.14751326
v -0.47445599 -0.24345711 0.14751326
v -0.47414966 -0.24345711 0.14751326
v -0.47414966 -0.24345711 0.14751326
v -0.47414966 -0.24345711 0.14751326
v -0.47466491 -0.24345711 0.14665356
v -0.47466491 -0.24345711 0.14665356
v -0.47466491 -0.24345711 0.14665356
v -0.47445599 -0.24345711 0.14665356
v -0.47445599 -0.24345711 0.14665356
v -0.47445599 -0.24345711 0.14665356
v -0.47389840 -0.24345711 0.14665356
v -0.47389840 -0.24345711 0.14665356
v -0.47389840 -0.24345711 0.14665356
v -0.47412001 -0.24345711 0.14665356
v -0.47412001 -0.24345711 0.14665356
v -0.47412001 -0.24345711 0.14665356
v -0.47371699 -0.24345711 0.14768829
v -0.47371699 -0.24345711 0.14768829
v -0.47371699 -0.24345711 0.14768829
v -0.47381297 -0.24345711 0.14688860
v -0.47381297 -0.24345711 0.14688860
v -0.47381297 -0.24345711 0.14688860
v -0.47374876 -0.24345711 0.14706294
v -0.47374876 -0.24345711 0.14706294
v -0.47374876 -0.24345711 0.14706294
v -0.47360899 -0.24345711 0.14744690
v -0.47360899 -0.24345711 0.14744690
v -0.47360899 -0.24345711 0.14744690
v -0.47349606 -0.24345711 0.14768829
v -0.47349606 -0.24345711 0.14768829
v -0.47349606 -0.24345711 0.14768829
v -0.47346643 -0.24345711 0.14706294
v -0.47346643 -0.24345711 0.14706294
v -0.47346643 -0.24345711 0.14706294
v -0.47308175 -0.24345711 0.14665356
v -0.47308175 -0.24345711 0.14665356
v -0.47308175 -0.24345711 0.14665356
v -0.47339937 -0.24345711 0.14688860
v -0.47339937 -0.24345711 0.14688860
v -0.47339937 -0.24345711 0.14688860
v -0.47330903 -0.24345711 0.14665356
v -0.47330903 -0.24345711 0.14665356
v -0.47330903 -0.24345711 0.14665356
v -0.47304505 -0.24345711 0.14751326
v -0.47304505 -0.24345711 0.14751326
v -0.47304505 -0.24345711 0.14751326
v -0.47304505 -0.24345711 0.14768829
v -0.47304505 -0.24345711 0.14768829
v -0.47304505 -0.24345711 0.14768829
v -0.47222276 -0.24345711 0.14768829
v -0.47222276 -0.24345711 0.14768829
v -0.47222276 -0.24345711 0.14768829
v -0.47273801 -0.24345711 0.14751326
v -0.47273801 -0.24345711 0.14751326
v -0.47273801 -0.24345711 0.14751326
v -0.47252910 -0.24345711 0.14751326
v -0.47252910 -0.24345711 0.14751326
v -0.47252910 -0.24345711 0.14751326
v -0.47222276 -0.24345711 0.14751326
v -0.47222276 -0.24345711 0.14751326
v -0.47222276 -0.24345711 0.14751326
v -0.47273801 -0.24345711 0.14665356
v -0.47273801 -0.24345711 0.14665356
v -0.47273801 -0.24345711 0.14665356
v -0.47252910 -0.24345711 0.14665356
v -0.47252910 -0.24345711 0.14665356
v -0.47252910 -0.24345711 0.14665356
v -0.47147318 -0.24345711 0.14711587
v -0.47147318 -0.24345711 0.14711587
v -0.47147318 -0.24345711 0.14768829
v -0.47147318 -0.24345711 0.14768829
v -0.47147318 -0.24345711 0.14768829
v -0.47126426 -0.24345711 0.14768829
v -0.47126426 -0.24345711 0.14768829
v -0.47126426 -0.24345711 0.14768829
v -0.47146542 -0.24345711 0.14666733
v -0.47146542 -0.24345711 0.14666733
v -0.47139686 -0.24345711 0.14670411
v -0.47139686 -0.24345711 0.14670411
v -0.47134365 -0.24345711 0.14675167
v -0.47134365 -0.24345711 0.14675167
v -0.47130529 -0.24345711 0.14681061
v -0.47130529 -0.24345711 0.14681061
v -0.47128119 -0.24345711 0.14688155
v -0.47128119 -0.24345711 0.14688155
v -0.47126850 -0.24345711 0.14698582
v -0.47126850 -0.24345711 0.14698582
v -0.47126426 -0.24345711 0.14714481
v -0.47126426 -0.24345711 0.14714481
v -0.47148234 -0.24345711 0.14694012
v -0.47148234 -0.24345711 0.14694012
v -0.47150053 -0.24345711 0.14689133
v -0.47150053 -0.24345711 0.14689133
v -0.47153671 -0.24345711 0.14685084
v -0.47153671 -0.24345711 0.14685084
v -0.47155330 -0.24345711 0.14664377
v -0.47155330 -0.24345711 0.14664377
v -0.47159283 -0.24345711 0.14682358
v -0.47159283 -0.24345711 0.14682358
v -0.47166446 -0.24345711 0.14663592
v -0.47166446 -0.24345711 0.14663592
v -0.47167081 -0.24345711 0.14681449
v -0.47167081 -0.24345711 0.14681449
v -0.47174906 -0.24345711 0.14682410
v -0.47174906 -0.24345711 0.14682410
v -0.47179478 -0.24345711 0.14664447
v -0.47179478 -0.24345711 0.14664447
v -0.47180879 -0.24345711 0.14685295
v -0.47180879 -0.24345711 0.14685295
v -0.47185001 -0.24345711 0.14689769
v -0.47185001 -0.24345711 0.14689769
v -0.47187267 -0.24345711 0.14695495
v -0.47187267 -0.24345711 0.14695495
v -0.47188926 -0.24345711 0.14667015
v -0.47188926 -0.24345711 0.14667015
v -0.47188043 -0.24345711 0.14712787
v -0.47188043 -0.24345711 0.14712787
v -0.47188043 -0.24345711 0.14768829
v -0.47188043 -0.24345711 0.14768829
v -0.47188043 -0.24345711 0.14768829
v -0.47195782 -0.24345711 0.14670949
v -0.47195782 -0.24345711 0.14670949
v -0.47201032 -0.24345711 0.14675908
v -0.47201032 -0.24345711 0.14675908
v -0.47204718 -0.24345711 0.14681510
v -0.47204718 -0.24345711 0.14681510
v -0.47206889 -0.24345711 0.14687378
v -0.47206889 -0.24345711 0.14687378
v -0.47208425 -0.24345711 0.14698389
v -0.47208425 -0.24345711 0.14698389
v -0.47208937 -0.24345711 0.14713634
v -0.47208937 -0.24345711 0.14713634
v -0.47208937 -0.24345711 0.14768829
v -0.47208937 -0.24345711 0.14768829
v -0.47208937 -0.24345711 0.14768829
v -0.47105360 -0.24345711 0.14735819
v -0.47105360 -0.24345711 0.14735819
v -0.47105958 -0.24345711 0.14741727
v -0.47105958 -0.24345711 0.14741727
v -0.47104836 -0.24345711 0.14749376
v -0.47104836 -0.24345711 0.14749376
v -0.47103576 -0.24345711 0.14730379
v -0.47103576 -0.24345711 0.14730379
v -0.47101475 -0.24345711 0.14756513
v -0.47101475 -0.24345711 0.14756513
v -0.47100598 -0.24345711 0.14725409
v -0.47100598 -0.24345711 0.14725409
v -0.47096004 -0.24345711 0.14762575
v -0.47096004 -0.24345711 0.14762575
v -0.47096428 -0.24345711 0.14720904
v -0.47096428 -0.24345711 0.14720904
v -0.47092414 -0.24345711 0.14717988
v -0.47092414 -0.24345711 0.14717988
v -0.47088559 -0.24345711 0.14766995
v -0.47088559 -0.24345711 0.14766995
v -0.47087145 -0.24345711 0.14715311
v -0.47087145 -0.24345711 0.14715311
v -0.47085981 -0.24345711 0.14743137
v -0.47085981 -0.24345711 0.14743137
v -0.47085153 -0.24345711 0.14746755
v -0.47085153 -0.24345711 0.14746755
v -0.47079250 -0.24345711 0.14769694
v -0.47079250 -0.24345711 0.14769694
v -0.47082666 -0.24345711 0.14749561
v -0.47082666 -0.24345711 0.14749561
v -0.47076523 -0.24345711 0.14752367
v -0.47076523 -0.24345711 0.14752367
v -0.47068195 -0.24345711 0.14770594
v -0.47068195 -0.24345711 0.14770594
v -0.47068407 -0.24345711 0.14753302
v -0.47068407 -0.24345711 0.14753302
v -0.47060686 -0.24345711 0.14752428
v -0.47060686 -0.24345711 0.14752428
v -0.47059057 -0.24345711 0.14770060
v -0.47059057 -0.24345711 0.14770060
v -0.47055172 -0.24345711 0.14749808
v -0.47055172 -0.24345711 0.14749808
v -0.47051125 -0.24345711 0.14768460
v -0.47051125 -0.24345711 0.14768460
v -0.47051529 -0.24345711 0.14745193
v -0.47051529 -0.24345711 0.14745193
v -0.47049420 -0.24345711 0.14738338
v -0.47049420 -0.24345711 0.14738338
v -0.47049420 -0.24345711 0.14738338
v -0.47044394 -0.24345711 0.14765790
v -0.47044394 -0.24345711 0.14765790
v -0.47028528 -0.24345711 0.14739255
v -0.47028528 -0.24345711 0.14739255
v -0.47028528 -0.24345711 0.14739255
v -0.47038868 -0.24345711 0.14762054
v -0.47038868 -0.24345711 0.14762054
v -0.47034529 -0.24345711 0.14757427
v -0.47034529 -0.24345711 0.14757427
v -0.47031358 -0.24345711 0.14752083
v -0.47031358 -0.24345711 0.14752083
v -0.47029359 -0.24345711 0.14746027
v -0.47029359 -0.24345711 0.14746027
v -0.47085205 -0.24345711 0.14739732
v -0.47085205 -0.24345711 0.14739732
v -0.47072853 -0.24345711 0.14710670
v -0.47072853 -0.24345711 0.14710670
v -0.47082877 -0.24345711 0.14736856
v -0.47082877 -0.24345711 0.14736856
v -0.47076101 -0.24345711 0.14733469
v -0.47076101 -0.24345711 0.14733469
v -0.47063678 -0.24345711 0.14729939
v -0.47063678 -0.24345711 0.14729939
v -0.47056126 -0.24345711 0.14706153
v -0.47056126 -0.24345711 0.14706153
v -0.47050416 -0.24345711 0.14726278
v -0.47050416 -0.24345711 0.14726278
v -0.47051563 -0.24345711 0.14704079
v -0.47051563 -0.24345711 0.14704079
v -0.47048610 -0.24345711 0.14701670
v -0.47048610 -0.24345711 0.14701670
v -0.47041128 -0.24345711 0.14722493
v -0.47041128 -0.24345711 0.14722493
v -0.47046994 -0.24345711 0.14698821
v -0.47046994 -0.24345711 0.14698821
v -0.47046455 -0.24345711 0.14695424
v -0.47046455 -0.24345711 0.14695424
v -0.47044480 -0.24345711 0.14667297
v -0.47044480 -0.24345711 0.14667297
v -0.47036467 -0.24345711 0.14672070
v -0.47036467 -0.24345711 0.14672070
v -0.47034615 -0.24345711 0.14717941
v -0.47034615 -0.24345711 0.14717941
v -0.47030503 -0.24345711 0.14678838
v -0.47030503 -0.24345711 0.14678838
v -0.47029694 -0.24345711 0.14711976
v -0.47029694 -0.24345711 0.14711976
v -0.47026799 -0.24345711 0.14686884
v -0.47026799 -0.24345711 0.14686884
v -0.47026596 -0.24345711 0.14704520
v -0.47026596 -0.24345711 0.14704520
v -0.47025563 -0.24345711 0.14695495
v -0.47025563 -0.24345711 0.14695495
v -0.47047736 -0.24345711 0.14690068
v -0.47047736 -0.24345711 0.14690068
v -0.47051572 -0.24345711 0.14685436
v -0.47051572 -0.24345711 0.14685436
v -0.47054626 -0.24345711 0.14664465
v -0.47054626 -0.24345711 0.14664465
v -0.47057935 -0.24345711 0.14682234
v -0.47057935 -0.24345711 0.14682234
v -0.47066785 -0.24345711 0.14681167
v -0.47066785 -0.24345711 0.14681167
v -0.47066996 -0.24345711 0.14663521
v -0.47066996 -0.24345711 0.14663521
v -0.47075334 -0.24345711 0.14682367
v -0.47075334 -0.24345711 0.14682367
v -0.47076238 -0.24345711 0.14664088
v -0.47076238 -0.24345711 0.14664088
v -0.47081924 -0.24345711 0.14685966
v -0.47081924 -0.24345711 0.14685966
v -0.47084340 -0.24345711 0.14665789
v -0.47084340 -0.24345711 0.14665789
v -0.47086591 -0.24345711 0.14692124
v -0.47086591 -0.24345711 0.14692124
v -0.47089369 -0.24345711 0.14701000
v -0.47089369 -0.24345711 0.14701000
v -0.47089369 -0.24345711 0.14701000
v -0.47091307 -0.24345711 0.14668623
v -0.47091307 -0.24345711 0.14668623
v -0.47097133 -0.24345711 0.14672591
v -0.47097133 -0.24345711 0.14672591
v -0.47101861 -0.24345711 0.14677643
v -0.47101861 -0.24345711 0.14677643
v -0.47105532 -0.24345711 0.14683735
v -0.47105532 -0.24345711 0.14683735
v -0.47108144 -0.24345711 0.14690861
v -0.47108144 -0.24345711 0.14690861
v -0.47109699 -0.24345711 0.14699024
v -0.47109699 -0.24345711 0.14699024
v -0.47109699 -0.24345711 0.14699024
v -0.47952237 -0.24358340 0.14768829
v -0.47952237 -0.24358340 0.14768829
v -0.47952237 -0.24358340 0.14768829
v -0.47973625 -0.24358340 0.14768829
v -0.47973625 -0.24358340 0.14768829
v -0.47973625 -0.24358340 0.14768829
v -0.47948922 -0.24358340 0.14665356
v -0.47948922 -0.24358340 0.14665356
v -0.47948922 -0.24358340 0.14665356
v -0.47936638 -0.24358340 0.14697753
v -0.47936638 -0.24358340 0.14697753
v -0.47936638 -0.24358340 0.14697753
v -0.47926265 -0.24358340 0.14665356
v -0.47926265 -0.24358340 0.14665356
v -0.47926265 -0.24358340 0.14665356
v -0.47917725 -0.24358340 0.14768829
v -0.47917725 -0.24358340 0.14768829
v -0.47917725 -0.24358340 0.14768829
v -0.47905726 -0.24358340 0.14742714
v -0.47905726 -0.24358340 0.14742714
v -0.47905726 -0.24358340 0.14742714
v -0.47892878 -0.24358340 0.14768829
v -0.47892878 -0.24358340 0.14768829
v -0.47892878 -0.24358340 0.14768829
v -0.47885113 -0.24358340 0.14665356
v -0.47885113 -0.24358340 0.14665356
v -0.47885113 -0.24358340 0.14665356
v -0.47874740 -0.24358340 0.14696554
v -0.47874740 -0.24358340 0.14696554
v -0.47874740 -0.24358340 0.14696554
v -0.47862952 -0.24358340 0.14665356
v -0.47862952 -0.24358340 0.14665356
v -0.47862952 -0.24358340 0.14665356
v -0.47858859 -0.24358340 0.14768829
v -0.47858859 -0.24358340 0.14768829
v -0.47858859 -0.24358340 0.14768829
v -0.47837823 -0.24358340 0.14768829
v -0.47837823 -0.24358340 0.14768829
v -0.47837823 -0.24358340 0.14768829
v -0.47812133 -0.24358340 0.14701000
v -0.47812133 -0.24358340 0.14701000
v -0.47812133 -0.24358340 0.14701000
v -0.47832460 -0.24358340 0.14699024
v -0.47832460 -0.24358340 0.14699024
v -0.47832460 -0.24358340 0.14699024
v -0.47830908 -0.24358340 0.14690861
v -0.47830908 -0.24358340 0.14690861
v -0.47828296 -0.24358340 0.14683735
v -0.47828296 -0.24358340 0.14683735
v -0.47824626 -0.24358340 0.14677643
v -0.47824626 -0.24358340 0.14677643
v -0.47819897 -0.24358340 0.14672591
v -0.47819897 -0.24358340 0.14672591
v -0.47814068 -0.24358340 0.14668623
v -0.47814068 -0.24358340 0.14668623
v -0.47807104 -0.24358340 0.14665789
v -0.47807104 -0.24358340 0.14665789
v -0.47809355 -0.24358340 0.14692124
v -0.47809355 -0.24358340 0.14692124
v -0.47804685 -0.24358340 0.14685966
v -0.47804685 -0.24358340 0.14685966
v -0.47798999 -0.24358340 0.14664088
v -0.47798999 -0.24358340 0.14664088
v -0.47798095 -0.24358340 0.14682367
v -0.47798095 -0.24358340 0.14682367
v -0.47789758 -0.24358340 0.14663521
v -0.47789758 -0.24358340 0.14663521
v -0.47789546 -0.24358340 0.14681167
v -0.47789546 -0.24358340 0.14681167
v -0.47777387 -0.24358340 0.14664465
v -0.47777387 -0.24358340 0.14664465
v -0.47780696 -0.24358340 0.14682234
v -0.47780696 -0.24358340 0.14682234
v -0.47774336 -0.24358340 0.14685436
v -0.47774336 -0.24358340 0.14685436
v -0.47767241 -0.24358340 0.14667297
v -0.47767241 -0.24358340 0.14667297
v -0.47770497 -0.24358340 0.14690068
v -0.47770497 -0.24358340 0.14690068
v -0.47769218 -0.24358340 0.14695424
v -0.47769218 -0.24358340 0.14695424
v -0.47763889 -0.24358340 0.14722493
v -0.47763889 -0.24358340 0.14722493
v -0.47769755 -0.24358340 0.14698821
v -0.47769755 -0.24358340 0.14698821
v -0.47771371 -0.24358340 0.14701670
v -0.47771371 -0.24358340 0.14701670
v -0.47773181 -0.24358340 0.14726278
v -0.47773181 -0.24358340 0.14726278
v -0.47774327 -0.24358340 0.14704079
v -0.47774327 -0.24358340 0.14704079
v -0.47778887 -0.24358340 0.14706153
v -0.47778887 -0.24358340 0.14706153
v -0.47786439 -0.24358340 0.14729939
v -0.47786439 -0.24358340 0.14729939
v -0.47795617 -0.24358340 0.14710670
v -0.47795617 -0.24358340 0.14710670
v -0.47798862 -0.24358340 0.14733469
v -0.47798862 -0.24358340 0.14733469
v -0.47805638 -0.24358340 0.14736856
v -0.47805638 -0.24358340 0.14736856
v -0.47807969 -0.24358340 0.14739732
v -0.47807969 -0.24358340 0.14739732
v -0.47809910 -0.24358340 0.14715311
v -0.47809910 -0.24358340 0.14715311
v -0.47808744 -0.24358340 0.14743137
v -0.47808744 -0.24358340 0.14743137
v -0.47811321 -0.24358340 0.14766995
v -0.47811321 -0.24358340 0.14766995
v -0.47815178 -0.24358340 0.14717988
v -0.47815178 -0.24358340 0.14717988
v -0.47818769 -0.24358340 0.14762575
v -0.47818769 -0.24358340 0.14762575
v -0.47819192 -0.24358340 0.14720904
v -0.47819192 -0.24358340 0.14720904
v -0.47823359 -0.24358340 0.14725409
v -0.47823359 -0.24358340 0.14725409
v -0.47824236 -0.24358340 0.14756513
v -0.47824236 -0.24358340 0.14756513
v -0.47826337 -0.24358340 0.14730379
v -0.47826337 -0.24358340 0.14730379
v -0.47827600 -0.24358340 0.14749376
v -0.47827600 -0.24358340 0.14749376
v -0.47828124 -0.24358340 0.14735819
v -0.47828124 -0.24358340 0.14735819
v -0.47828719 -0.24358340 0.14741727
v -0.47828719 -0.24358340 0.14741727
v -0.47807917 -0.24358340 0.14746755
v -0.47807917 -0.24358340 0.14746755
v -0.47802014 -0.24358340 0.14769694
v -0.47802014 -0.24358340 0.14769694
v -0.47805427 -0.24358340 0.14749561
v -0.47805427 -0.24358340 0.14749561
v -0.47799288 -0.24358340 0.14752367
v -0.47799288 -0.24358340 0.14752367
v -0.47790956 -0.24358340 0.14770594
v -0.47790956 -0.24358340 0.14770594
v -0.47791171 -0.24358340 0.14753302
v -0.47791171 -0.24358340 0.14753302
v -0.47783450 -0.24358340 0.14752428
v -0.47783450 -0.24358340 0.14752428
v -0.47781818 -0.24358340 0.14770060
v -0.47781818 -0.24358340 0.14770060
v -0.47777936 -0.24358340 0.14749808
v -0.47777936 -0.24358340 0.14749808
v -0.47773886 -0.24358340 0.14768460
v -0.47773886 -0.24358340 0.14768460
v -0.47774291 -0.24358340 0.14745193
v -0.47774291 -0.24358340 0.14745193
v -0.47772184 -0.24358340 0.14738338
v -0.47772184 -0.24358340 0.14738338
v -0.47772184 -0.24358340 0.14738338
v -0.47767155 -0.24358340 0.14765790
v -0.47767155 -0.24358340 0.14765790
v -0.47751289 -0.24358340 0.14739255
v -0.47751289 -0.24358340 0.14739255
v -0.47751289 -0.24358340 0.14739255
v -0.47761632 -0.24358340 0.14762054
v -0.47761632 -0.24358340 0.14762054
v -0.47757293 -0.24358340 0.14757427
v -0.47757293 -0.24358340 0.14757427
v -0.47754123 -0.24358340 0.14752083
v -0.47754123 -0.24358340 0.14752083
v -0.47752123 -0.24358340 0.14746027
v -0.47752123 -0.24358340 0.14746027
v -0.47759231 -0.24358340 0.14672070
v -0.47759231 -0.24358340 0.14672070
v -0.47757379 -0.24358340 0.14717941
v -0.47757379 -0.24358340 0.14717941
v -0.47753267 -0.24358340 0.14678838
v -0.47753267 -0.24358340 0.14678838
v -0.47752455 -0.24358340 0.14711976
v -0.47752455 -0.24358340 0.14711976
v -0.47749560 -0.24358340 0.14686884
v -0.47749560 -0.24358340 0.14686884
v -0.47749358 -0.24358340 0.14704520
v -0.47749358 -0.24358340 0.14704520
v -0.47748327 -0.24358340 0.14695495
v -0.47748327 -0.24358340 0.14695495
v -0.47709930 -0.24358340 0.14682790
v -0.47709930 -0.24358340 0.14682790
v -0.47709930 -0.24358340 0.14682790
v -0.47730821 -0.24358340 0.14768829
v -0.47730821 -0.24358340 0.14768829
v -0.47730821 -0.24358340 0.14768829
v -0.47730821 -0.24358340 0.14665356
v -0.47730821 -0.24358340 0.14665356
v -0.47730821 -0.24358340 0.14665356
v -0.47691507 -0.24358340 0.14665356
v -0.47691507 -0.24358340 0.14665356
v -0.47694331 -0.24358340 0.14682790
v -0.47694331 -0.24358340 0.14682790
v -0.47681697 -0.24358340 0.14683778
v -0.47681697 -0.24358340 0.14683778
v -0.47681096 -0.24358340 0.14665903
v -0.47681096 -0.24358340 0.14665903
v -0.47677046 -0.24358340 0.14685490
v -0.47677046 -0.24358340 0.14685490
v -0.47673016 -0.24358340 0.14667544
v -0.47673016 -0.24358340 0.14667544
v -0.47673262 -0.24358340 0.14688083
v -0.47673262 -0.24358340 0.14688083
v -0.47670217 -0.24358340 0.14692098
v -0.47670217 -0.24358340 0.14692098
v -0.47664722 -0.24358340 0.14671090
v -0.47664722 -0.24358340 0.14671090
v -0.47667791 -0.24358340 0.14698072
v -0.47667791 -0.24358340 0.14698072
v -0.47666203 -0.24358340 0.14706285
v -0.47666203 -0.24358340 0.14706285
v -0.47665675 -0.24358340 0.14717022
v -0.47665675 -0.24358340 0.14717022
v -0.47664492 -0.24358340 0.14763130
v -0.47664492 -0.24358340 0.14763130
v -0.47666203 -0.24358340 0.14727627
v -0.47666203 -0.24358340 0.14727627
v -0.47667791 -0.24358340 0.14735445
v -0.47667791 -0.24358340 0.14735445
v -0.47670333 -0.24358340 0.14741161
v -0.47670333 -0.24358340 0.14741161
v -0.47672946 -0.24358340 0.14766853
v -0.47672946 -0.24358340 0.14766853
v -0.47673722 -0.24358340 0.14745468
v -0.47673722 -0.24358340 0.14745468
v -0.47678045 -0.24358340 0.14748485
v -0.47678045 -0.24358340 0.14748485
v -0.47681256 -0.24358340 0.14768335
v -0.47681256 -0.24358340 0.14768335
v -0.47683390 -0.24358340 0.14750337
v -0.47683390 -0.24358340 0.14750337
v -0.47692638 -0.24358340 0.14768829
v -0.47692638 -0.24358340 0.14768829
v -0.47700544 -0.24358340 0.14751326
v -0.47700544 -0.24358340 0.14751326
v -0.47709930 -0.24358340 0.14751326
v -0.47709930 -0.24358340 0.14751326
v -0.47709930 -0.24358340 0.14751326
v -0.47658334 -0.24358340 0.14675802
v -0.47658334 -0.24358340 0.14675802
v -0.47657347 -0.24358340 0.14757326
v -0.47657347 -0.24358340 0.14757326
v -0.47651962 -0.24358340 0.14683866
v -0.47651962 -0.24358340 0.14683866
v -0.47651628 -0.24358340 0.14749712
v -0.47651628 -0.24358340 0.14749712
v -0.47647252 -0.24358340 0.14694084
v -0.47647252 -0.24358340 0.14694084
v -0.47647464 -0.24358340 0.14740561
v -0.47647464 -0.24358340 0.14740561
v -0.47644922 -0.24358340 0.14729488
v -0.47644922 -0.24358340 0.14729488
v -0.47644870 -0.24358340 0.14704212
v -0.47644870 -0.24358340 0.14704212
v -0.47644076 -0.24358340 0.14716105
v -0.47644076 -0.24358340 0.14716105
v -0.47571165 -0.24358340 0.14701000
v -0.47571165 -0.24358340 0.14701000
v -0.47571165 -0.24358340 0.14701000
v -0.47591493 -0.24358340 0.14699024
v -0.47591493 -0.24358340 0.14699024
v -0.47591493 -0.24358340 0.14699024
v -0.47589938 -0.24358340 0.14690861
v -0.47589938 -0.24358340 0.14690861
v -0.47587329 -0.24358340 0.14683735
v -0.47587329 -0.24358340 0.14683735
v -0.47583658 -0.24358340 0.14677643
v -0.47583658 -0.24358340 0.14677643
v -0.47578930 -0.24358340 0.14672591
v -0.47578930 -0.24358340 0.14672591
v -0.47573100 -0.24358340 0.14668623
v -0.47573100 -0.24358340 0.14668623
v -0.47566137 -0.24358340 0.14665789
v -0.47566137 -0.24358340 0.14665789
v -0.47568384 -0.24358340 0.14692124
v -0.47568384 -0.24358340 0.14692124
v -0.47563717 -0.24358340 0.14685966
v -0.47563717 -0.24358340 0.14685966
v -0.47558032 -0.24358340 0.14664088
v -0.47558032 -0.24358340 0.14664088
v -0.47557127 -0.24358340 0.14682367
v -0.47557127 -0.24358340 0.14682367
v -0.47548790 -0.24358340 0.14663521
v -0.47548790 -0.24358340 0.14663521
v -0.47548579 -0.24358340 0.14681167
v -0.47548579 -0.24358340 0.14681167
v -0.47536420 -0.24358340 0.14664465
v -0.47536420 -0.24358340 0.14664465
v -0.47539729 -0.24358340 0.14682234
v -0.47539729 -0.24358340 0.14682234
v -0.47533369 -0.24358340 0.14685436
v -0.47533369 -0.24358340 0.14685436
v -0.47526274 -0.24358340 0.14667297
v -0.47526274 -0.24358340 0.14667297
v -0.47529530 -0.24358340 0.14690068
v -0.47529530 -0.24358340 0.14690068
v -0.47528251 -0.24358340 0.14695424
v -0.47528251 -0.24358340 0.14695424
v -0.47522922 -0.24358340 0.14722493
v -0.47522922 -0.24358340 0.14722493
v -0.47528788 -0.24358340 0.14698821
v -0.47528788 -0.24358340 0.14698821
v -0.47530404 -0.24358340 0.14701670
v -0.47530404 -0.24358340 0.14701670
v -0.47532213 -0.24358340 0.14726278
v -0.47532213 -0.24358340 0.14726278
v -0.47533360 -0.24358340 0.14704079
v -0.47533360 -0.24358340 0.14704079
v -0.47537919 -0.24358340 0.14706153
v -0.47537919 -0.24358340 0.14706153
v -0.47545472 -0.24358340 0.14729939
v -0.47545472 -0.24358340 0.14729939
v -0.47554647 -0.24358340 0.14710670
v -0.47554647 -0.24358340 0.14710670
v -0.47557894 -0.24358340 0.14733469
v -0.47557894 -0.24358340 0.14733469
v -0.47564671 -0.24358340 0.14736856
v -0.47564671 -0.24358340 0.14736856
v -0.47567002 -0.24358340 0.14739732
v -0.47567002 -0.24358340 0.14739732
v -0.47568942 -0.24358340 0.14715311
v -0.47568942 -0.24358340 0.14715311
v -0.47567777 -0.24358340 0.14743137
v -0.47567777 -0.24358340 0.14743137
v -0.47570353 -0.24358340 0.14766995
v -0.47570353 -0.24358340 0.14766995
v -0.47574208 -0.24358340 0.14717988
v -0.47574208 -0.24358340 0.14717988
v -0.47577798 -0.24358340 0.14762575
v -0.47577798 -0.24358340 0.14762575
v -0.47578221 -0.24358340 0.14720904
v -0.47578221 -0.24358340 0.14720904
v -0.47582392 -0.24358340 0.14725409
v -0.47582392 -0.24358340 0.14725409
v -0.47583269 -0.24358340 0.14756513
v -0.47583269 -0.24358340 0.14756513
v -0.47585369 -0.24358340 0.14730379
v -0.47585369 -0.24358340 0.14730379
v -0.47586629 -0.24358340 0.14749376
v -0.47586629 -0.24358340 0.14749376
v -0.47587157 -0.24358340 0.14735819
v -0.47587157 -0.24358340 0.14735819
v -0.47587752 -0.24358340 0.14741727
v -0.47587752 -0.24358340 0.14741727
v -0.47566946 -0.24358340 0.14746755
v -0.47566946 -0.24358340 0.14746755
v -0.47561043 -0.24358340 0.14769694
v -0.47561043 -0.24358340 0.14769694
v -0.47564459 -0.24358340 0.14749561
v -0.47564459 -0.24358340 0.14749561
v -0.47558317 -0.24358340 0.14752367
v -0.47558317 -0.24358340 0.14752367
v -0.47549989 -0.24358340 0.14770594
v -0.47549989 -0.24358340 0.14770594
v -0.47550201 -0.24358340 0.14753302
v -0.47550201 -0.24358340 0.14753302
v -0.47542483 -0.24358340 0.14752428
v -0.47542483 -0.24358340 0.14752428
v -0.47540851 -0.24358340 0.14770060
v -0.47540851 -0.24358340 0.14770060
v -0.47536966 -0.24358340 0.14749808
v -0.47536966 -0.24358340 0.14749808
v -0.47532918 -0.24358340 0.14768460
v -0.47532918 -0.24358340 0.14768460
v -0.47533323 -0.24358340 0.14745193
v -0.47533323 -0.24358340 0.14745193
v -0.47531217 -0.24358340 0.14738338
v -0.47531217 -0.24358340 0.14738338
v -0.47531217 -0.24358340 0.14738338
v -0.47526187 -0.24358340 0.14765790
v -0.47526187 -0.24358340 0.14765790
v -0.47510322 -0.24358340 0.14739255
v -0.47510322 -0.24358340 0.14739255
v -0.47510322 -0.24358340 0.14739255
v -0.47520662 -0.24358340 0.14762054
v -0.47520662 -0.24358340 0.14762054
v -0.47516323 -0.24358340 0.14757427
v -0.47516323 -0.24358340 0.14757427
v -0.47513155 -0.24358340 0.14752083
v -0.47513155 -0.24358340 0.14752083
v -0.47511153 -0.24358340 0.14746027
v -0.47511153 -0.24358340 0.14746027
v -0.47518264 -0.24358340 0.14672070
v -0.47518264 -0.24358340 0.14672070
v -0.47516412 -0.24358340 0.14717941
v -0.47516412 -0.24358340 0.14717941
v -0.47512300 -0.24358340 0.14678838
v -0.47512300 -0.24358340 0.14678838
v -0.47511487 -0.24358340 0.14711976
v -0.47511487 -0.24358340 0.14711976
v -0.47508593 -0.24358340 0.14686884
v -0.47508593 -0.24358340 0.14686884
v -0.47508390 -0.24358340 0.14704520
v -0.47508390 -0.24358340 0.14704520
v -0.47507357 -0.24358340 0.14695495
v -0.47507357 -0.24358340 0.14695495
v -0.47466491 -0.24358340 0.14751326
v -0.47466491 -0.24358340 0.14751326
v -0.47466491 -0.24358340 0.14751326
v -0.47466491 -0.24358340 0.14665356
v -0.47466491 -0.24358340 0.14665356
v -0.47466491 -0.24358340 0.14665356
v -0.47445599 -0.24358340 0.14665356
v -0.47445599 -0.24358340 0.14665356
v -0.47445599 -0.24358340 0.14665356
v -0.47445599 -0.24358340 0.14751326
v -0.47445599 -0.24358340 0.14751326
v -0.47445599 -0.24358340 0.14751326
v -0.47414966 -0.24358340 0.14768829
v -0.47414966 -0.24358340 0.14768829
v -0.47414966 -0.24358340 0.14768829
v -0.47497195 -0.24358340 0.14768829
v -0.47497195 -0.24358340 0.14768829
v -0.47497195 -0.24358340 0.14768829
v -0.47497195 -0.24358340 0.14751326
v -0.47497195 -0.24358340 0.14751326
v -0.47497195 -0.24358340 0.14751326
v -0.47414966 -0.24358340 0.14751326
v -0.47414966 -0.24358340 0.14751326
v -0.47414966 -0.24358340 0.14751326
v -0.47374876 -0.24358340 0.14706294
v -0.47374876 -0.24358340 0.14706294
v -0.47374876 -0.24358340 0.14706294
v -0.47381297 -0.24358340 0.14688860
v -0.47381297 -0.24358340 0.14688860
v -0.47381297 -0.24358340 0.14688860
v -0.47339937 -0.24358340 0.14688860
v -0.47339937 -0.24358340 0.14688860
v -0.47339937 -0.24358340 0.14688860
v -0.47346643 -0.24358340 0.14706294
v -0.47346643 -0.24358340 0.14706294
v -0.47346643 -0.24358340 0.14706294
v -0.47308175 -0.24358340 0.14665356
v -0.47308175 -0.24358340 0.14665356
v -0.47308175 -0.24358340 0.14665356
v -0.47349606 -0.24358340 0.14768829
v -0.47349606 -0.24358340 0.14768829
v -0.47349606 -0.24358340 0.14768829
v -0.47360899 -0.24358340 0.14744690
v -0.47360899 -0.24358340 0.14744690
v -0.47360899 -0.24358340 0.14744690
v -0.47371699 -0.24358340 0.14768829
v -0.47371699 -0.24358340 0.14768829
v -0.47371699 -0.24358340 0.14768829
v -0.47389840 -0.24358340 0.14665356
v -0.47389840 -0.24358340 0.14665356
v -0.47389840 -0.24358340 0.14665356
v -0.47412001 -0.24358340 0.14665356
v -0.47412001 -0.24358340 0.14665356
v -0.47412001 -0.24358340 0.14665356
v -0.47330903 -0.24358340 0.14665356
v -0.47330903 -0.24358340 0.14665356
v -0.47330903 -0.24358340 0.14665356
v -0.47273801 -0.24358340 0.14751326
v -0.47273801 -0.24358340 0.14751326
v -0.47273801 -0.24358340 0.14751326
v -0.47273801 -0.24358340 0.14665356
v -0.47273801 -0.24358340 0.14665356
v -0.47273801 -0.24358340 0.14665356
v -0.47252910 -0.24358340 0.14665356
v -0.47252910 -0.24358340 0.14665356
v -0.47252910 -0.24358340 0.14665356
v -0.47252910 -0.24358340 0.14751326
v -0.47252910 -0.24358340 0.14751326
v -0.47252910 -0.24358340 0.14751326
v -0.47222276 -0.24358340 0.14768829
v -0.47222276 -0.24358340 0.14768829
v -0.47222276 -0.24358340 0.14768829
v -0.47304505 -0.24358340 0.14768829
v -0.47304505 -0.24358340 0.14768829
v -0.47304505 -0.24358340 0.14768829
v -0.47304505 -0.24358340 0.14751326
v -0.47304505 -0.24358340 0.14751326
v -0.47304505 -0.24358340 0.14751326
v -0.47222276 -0.24358340 0.14751326
v -0.47222276 -0.24358340 0.14751326
v -0.47222276 -0.24358340 0.14751326
v -0.47187267 -0.24358340 0.14695495
v -0.47187267 -0.24358340 0.14695495
v -0.47188043 -0.24358340 0.14712787
v -0.47188043 -0.24358340 0.14712787
v -0.47188926 -0.24358340 0.14667015
v -0.47188926 -0.24358340 0.14667015
v -0.47179478 -0.24358340 0.14664447
v -0.47179478 -0.24358340 0.14664447
v -0.47185001 -0.24358340 0.14689769
v -0.47185001 -0.24358340 0.14689769
v -0.47180879 -0.24358340 0.14685295
v -0.47180879 -0.24358340 0.14685295
v -0.47174906 -0.24358340 0.14682410
v -0.47174906 -0.24358340 0.14682410
v -0.47166446 -0.24358340 0.14663592
v -0.47166446 -0.24358340 0.14663592
v -0.47167081 -0.24358340 0.14681449
v -0.47167081 -0.24358340 0.14681449
v -0.47159283 -0.24358340 0.14682358
v -0.47159283 -0.24358340 0.14682358
v -0.47155330 -0.24358340 0.14664377
v -0.47155330 -0.24358340 0.14664377
v -0.47153671 -0.24358340 0.14685084
v -0.47153671 -0.24358340 0.14685084
v -0.47146542 -0.24358340 0.14666733
v -0.47146542 -0.24358340 0.14666733
v -0.47150053 -0.24358340 0.14689133
v -0.47150053 -0.24358340 0.14689133
v -0.47148234 -0.24358340 0.14694012
v -0.47148234 -0.24358340 0.14694012
v -0.47147318 -0.24358340 0.14711587
v -0.47147318 -0.24358340 0.14711587
v -0.47147318 -0.24358340 0.14768829
v -0.47147318 -0.24358340 0.14768829
v -0.47147318 -0.24358340 0.14768829
v -0.47126426 -0.24358340 0.14768829
v -0.47126426 -0.24358340 0.14768829
v -0.47126426 -0.24358340 0.14768829
v -0.47139686 -0.24358340 0.14670411
v -0.47139686 -0.24358340 0.14670411
v -0.47134365 -0.24358340 0.14675167
v -0.47134365 -0.24358340 0.14675167
v -0.47130529 -0.24358340 0.14681061
v -0.47130529 -0.24358340 0.14681061
v -0.47128119 -0.24358340 0.14688155
v -0.47128119 -0.24358340 0.14688155
v -0.47126850 -0.24358340 0.14698582
v -0.47126850 -0.24358340 0.14698582
v -0.47126426 -0.24358340 0.14714481
v -0.47126426 -0.24358340 0.14714481
v -0.47188043 -0.24358340 0.14768829
v -0.47188043 -0.24358340 0.14768829
v -0.47188043 -0.24358340 0.14768829
v -0.47195782 -0.24358340 0.14670949
v -0.47195782 -0.24358340 0.14670949
v -0.47201032 -0.24358340 0.14675908
v -0.47201032 -0.24358340 0.14675908
v -0.47204718 -0.24358340 0.14681510
v -0.47204718 -0.24358340 0.14681510
v -0.47206889 -0.24358340 0.14687378
v -0.47206889 -0.24358340 0.14687378
v -0.47208425 -0.24358340 0.14698389
v -0.47208425 -0.24358340 0.14698389
v -0.47208937 -0.24358340 0.14768829
v -0.47208937 -0.24358340 0.14768829
v -0.47208937 -0.24358340 0.14768829
v -0.47208937 -0.24358340 0.14713634
v -0.47208937 -0.24358340 0.14713634
v -0.47089369 -0.24358340 0.14701000
v -0.47089369 -0.24358340 0.14701000
v -0.47089369 -0.24358340 0.14701000
v -0.47109699 -0.24358340 0.14699024
v -0.47109699 -0.24358340 0.14699024
v -0.47109699 -0.24358340 0.14699024
v -0.47108144 -0.24358340 0.14690861
v -0.47108144 -0.24358340 0.14690861
v -0.47105532 -0.24358340 0.14683735
v -0.47105532 -0.24358340 0.14683735
v -0.47101861 -0.24358340 0.14677643
v -0.47101861 -0.24358340 0.14677643
v -0.47097133 -0.24358340 0.14672591
v -0.47097133 -0.24358340 0.14672591
v -0.47091307 -0.24358340 0.14668623
v -0.47091307 -0.24358340 0.14668623
v -0.47084340 -0.24358340 0.14665789
v -0.47084340 -0.24358340 0.14665789
v -0.47086591 -0.24358340 0.14692124
v -0.47086591 -0.24358340 0.14692124
v -0.47081924 -0.24358340 0.14685966
v -0.47081924 -0.24358340 0.14685966
v -0.47076238 -0.24358340 0.14664088
v -0.47076238 -0.24358340 0.14664088
v -0.47075334 -0.24358340 0.14682367
v -0.47075334 -0.24358340 0.14682367
v -0.47066996 -0.24358340 0.14663521
v -0.47066996 -0.24358340 0.14663521
v -0.47066785 -0.24358340 0.14681167
v -0.47066785 -0.24358340 0.14681167
v -0.47054626 -0.24358340 0.14664465
v -0.47054626 -0.24358340 0.14664465
v -0.47057935 -0.24358340 0.14682234
v -0.47057935 -0.24358340 0.14682234
v -0.47051572 -0.24358340 0.14685436
v -0.47051572 -0.24358340 0.14685436
v -0.47044480 -0.24358340 0.14667297
v -0.47044480 -0.24358340 0.14667297
v -0.47047736 -0.24358340 0.14690068
v -0.47047736 -0.24358340 0.14690068
v -0.47046455 -0.24358340 0.14695424
v -0.47046455 -0.24358340 0.14695424
v -0.47041128 -0.24358340 0.14722493
v -0.47041128 -0.24358340 0.14722493
v -0.47046994 -0.24358340 0.14698821
v -0.47046994 -0.24358340 0.14698821
v -0.47048610 -0.24358340 0.14701670
v -0.47048610 -0.24358340 0.14701670
v -0.47050416 -0.24358340 0.14726278
v -0.47050416 -0.24358340 0.14726278
v -0.47051563 -0.24358340 0.14704079
v -0.47051563 -0.24358340 0.14704079
v -0.47056126 -0.24358340 0.14706153
v -0.47056126 -0.24358340 0.14706153
v -0.47063678 -0.24358340 0.14729939
v -0.47063678 -0.24358340 0.14729939
v -0.47072853 -0.24358340 0.14710670
v -0.47072853 -0.24358340 0.14710670
v -0.47076101 -0.24358340 0.14733469
v -0.47076101 -0.24358340 0.14733469
v -0.47082877 -0.24358340 0.14736856
v -0.47082877 -0.24358340 0.14736856
v -0.47085205 -0.24358340 0.14739732
v -0.47085205 -0.24358340 0.14739732
v -0.47087145 -0.24358340 0.14715311
v -0.47087145 -0.24358340 0.14715311
v -0.47085981 -0.24358340 0.14743137
v -0.47085981 -0.24358340 0.14743137
v -0.47088559 -0.24358340 0.14766995
v -0.47088559 -0.24358340 0.14766995
v -0.47092414 -0.24358340 0.14717988
v -0.47092414 -0.24358340 0.14717988
v -0.47096004 -0.24358340 0.14762575
v -0.47096004 -0.24358340 0.14762575
v -0.47096428 -0.24358340 0.14720904
v -0.47096428 -0.24358340 0.14720904
v -0.47100598 -0.24358340 0.14725409
v -0.47100598 -0.24358340 0.14725409
v -0.47101475 -0.24358340 0.14756513
v -0.47101475 -0.24358340 0.14756513
v -0.47103576 -0.24358340 0.14730379
v -0.47103576 -0.24358340 0.14730379
v -0.47104836 -0.24358340 0.14749376
v -0.47104836 -0.24358340 0.14749376
v -0.47105360 -0.24358340 0.14735819
v -0.47105360 -0.24358340 0.14735819
v -0.47105958 -0.24358340 0.14741727
v -0.47105958 -0.24358340 0.14741727
v -0.47085153 -0.24358340 0.14746755
v -0.47085153 -0.24358340 0.14746755
v -0.47079250 -0.24358340 0.14769694
v -0.47079250 -0.24358340 0.14769694
v -0.47082666 -0.24358340 0.14749561
v -0.47082666 -0.24358340 0.14749561
v -0.47076523 -0.24358340 0.14752367
v -0.47076523 -0.24358340 0.14752367
v -0.47068195 -0.24358340 0.14770594
v -0.47068195 -0.24358340 0.14770594
v -0.47068407 -0.24358340 0.14753302
v -0.47068407 -0.24358340 0.14753302
v -0.47060686 -0.24358340 0.14752428
v -0.47060686 -0.24358340 0.14752428
v -0.47059057 -0.24358340 0.14770060
v -0.47059057 -0.24358340 0.14770060
v -0.47055172 -0.24358340 0.14749808
v -0.47055172 -0.24358340 0.14749808
v -0.47051125 -0.24358340 0.14768460
v -0.47051125 -0.24358340 0.14768460
v -0.47051529 -0.24358340 0.14745193
v -0.47051529 -0.24358340 0.14745193
v -0.47049420 -0.24358340 0.14738338
v -0.47049420 -0.24358340 0.14738338
v -0.47049420 -0.24358340 0.14738338
v -0.47044394 -0.24358340 0.14765790
v -0.47044394 -0.24358340 0.14765790
v -0.47028528 -0.24358340 0.14739255
v -0.47028528 -0.24358340 0.14739255
v -0.47028528 -0.24358340 0.14739255
v -0.47038868 -0.24358340 0.14762054
v -0.47038868 -0.24358340 0.14762054
v -0.47034529 -0.24358340 0.14757427
v -0.47034529 -0.24358340 0.14757427
v -0.47031358 -0.24358340 0.14752083
v -0.47031358 -0.24358340 0.14752083
v -0.47029359 -0.24358340 0.14746027
v -0.47029359 -0.24358340 0.14746027
v -0.47036467 -0.24358340 0.14672070
v -0.47036467 -0.24358340 0.14672070
v -0.47034615 -0.24358340 0.14717941
v -0.47034615 -0.24358340 0.14717941
v -0.47030503 -0.24358340 0.14678838
v -0.47030503 -0.24358340 0.14678838
v -0.47029694 -0.24358340 0.14711976
v -0.47029694 -0.24358340 0.14711976
v -0.47026799 -0.24358340 0.14686884
v -0.47026799 -0.24358340 0.14686884
v -0.47026596 -0.24358340 0.14704520
v -0.47026596 -0.24358340 0.14704520
v -0.47025563 -0.24358340 0.14695495
v -0.47025563 -0.24358340 0.14695495
v -0.19121027 -0.13011068 0.59509421
v -0.19121027 -0.13011068 0.59509421
v -0.19299518 -0.13377027 0.59509421
v -0.19299518 -0.13377027 0.59509421
v -0.19299518 -0.13377027 0.59509421
v -0.19600335 -0.13230309 0.62413234
v -0.19600335 -0.13230309 0.62413234
v -0.19600335 -0.13230309 0.62413234
v -0.19314137 -0.12916881 0.61373532
v -0.19314137 -0.12916881 0.61373532
v -0.19314137 -0.12916881 0.61373532
v -0.19208870 -0.12427688 0.62413234
v -0.19208870 -0.12427688 0.62413234
v -0.19208870 -0.12427688 0.62413234
v -0.19101164 -0.12480220 0.61373532
v -0.19101164 -0.12480220 0.61373532
v -0.19101164 -0.12480220 0.61373532
v -0.19212602 -0.12966404 0.60393398
v -0.19212602 -0.12966404 0.60393398
v -0.19212602 -0.12966404 0.60393398
v -0.18915835 -0.12590360 0.59509421
v -0.18915835 -0.12590360 0.59509421
v -0.18915835 -0.12590360 0.59509421
v -0.19007409 -0.12545697 0.60393398
v -0.19007409 -0.12545697 0.60393398
v -0.19007409 -0.12545697 0.60393398
v -0.19149109 -0.13450386 0.59509421
v -0.19149109 -0.13450386 0.59509421
v -0.19149109 -0.13450386 0.59509421
v -0.18970620 -0.13084427 0.59509421
v -0.18970620 -0.13084427 0.59509421
v -0.18998700 -0.13523745 0.62143341
v -0.18998700 -0.13523745 0.62143341
v -0.19285538 -0.13383845 0.62143341
v -0.19285538 -0.13383845 0.62143341
v -0.19285538 -0.13383845 0.62143341
v -0.18894075 -0.12581225 0.62143341
v -0.18894075 -0.12581225 0.62143341
v -0.18894075 -0.12581225 0.62143341
v -0.18607238 -0.12721124 0.62143341
v -0.18607238 -0.12721124 0.62143341
v -0.19077999 -0.12900113 0.62413234
v -0.19308590 -0.13366678 0.62413234
v -0.18397068 -0.13817181 0.62413234
v -0.18397068 -0.13817181 0.62413234
v -0.18397068 -0.13817181 0.62413234
v -0.18168919 -0.13349408 0.62413234
v -0.18168919 -0.13349408 0.62413234
v -0.18765427 -0.12663720 0.59509421
v -0.18765427 -0.12663720 0.59509421
v -0.18765427 -0.12663720 0.59509421
v -0.19190325 -0.13430284 0.59722223
v -0.19190325 -0.13430284 0.59722223
v -0.19226226 -0.13412773 0.59937313
v -0.19226226 -0.13412773 0.59937313
v -0.19256769 -0.13397877 0.60154378
v -0.19256769 -0.13397877 0.60154378
v -0.19281900 -0.13385619 0.60373093
v -0.19281900 -0.13385619 0.60373093
v -0.19301589 -0.13376016 0.60593138
v -0.19301589 -0.13376016 0.60593138
v -0.19315805 -0.13369083 0.60814189
v -0.19315805 -0.13369083 0.60814189
v -0.19324524 -0.13364830 0.61035921
v -0.19324524 -0.13364830 0.61035921
v -0.19327738 -0.13363263 0.61258003
v -0.19327738 -0.13363263 0.61258003
v -0.19325437 -0.13364385 0.61480115
v -0.19325437 -0.13364385 0.61480115
v -0.19317629 -0.13368194 0.61701926
v -0.19317629 -0.13368194 0.61701926
v -0.19304321 -0.13374684 0.61923112
v -0.19304321 -0.13374684 0.61923112
v -0.18711864 -0.13663645 0.62143341
v -0.18711864 -0.13663645 0.62143341
v -0.18711864 -0.13663645 0.62143341
v -0.18696365 -0.13671204 0.61922903
v -0.18696365 -0.13671204 0.61922903
v -0.18685752 -0.13676381 0.61701773
v -0.18685752 -0.13676381 0.61701773
v -0.18680039 -0.13679166 0.61480207
v -0.18680039 -0.13679166 0.61480207
v -0.18679231 -0.13679560 0.61258468
v -0.18679231 -0.13679560 0.61258468
v -0.18683333 -0.13677561 0.61036822
v -0.18683333 -0.13677561 0.61036822
v -0.18692331 -0.13673171 0.60815514
v -0.18692331 -0.13673171 0.60815514
v -0.18706227 -0.13666395 0.60594819
v -0.18706227 -0.13666395 0.60594819
v -0.18724993 -0.13657241 0.60374988
v -0.18724993 -0.13657241 0.60374988
v -0.18748615 -0.13645720 0.60156273
v -0.18748615 -0.13645720 0.60156273
v -0.18777061 -0.13631845 0.59938939
v -0.18777061 -0.13631845 0.59938939
v -0.18697886 -0.13670463 0.59509421
v -0.18697886 -0.13670463 0.59509421
v -0.18697886 -0.13670463 0.59509421
v -0.18810299 -0.13615634 0.59723241
v -0.18810299 -0.13615634 0.59723241
v -0.18848291 -0.13597104 0.59509421
v -0.18848291 -0.13597104 0.59509421
v -0.18848291 -0.13597104 0.59509421
v -0.18806639 -0.12643619 0.59722223
v -0.18806639 -0.12643619 0.59722223
v -0.19137316 -0.13003124 0.60814189
v -0.19137316 -0.13003124 0.60814189
v -0.19146034 -0.12998871 0.61035921
v -0.19146034 -0.12998871 0.61035921
v -0.19149245 -0.12997304 0.61258003
v -0.19149245 -0.12997304 0.61258003
v -0.18842545 -0.12626107 0.59937313
v -0.18842545 -0.12626107 0.59937313
v -0.19147998 -0.12997913 0.61378525
v -0.19147998 -0.12997913 0.61378525
v -0.19147998 -0.12997913 0.61378525
v -0.18933971 -0.12561765 0.61480115
v -0.18933971 -0.12561765 0.61480115
v -0.18935025 -0.12561251 0.61378525
v -0.18935025 -0.12561251 0.61378525
v -0.18935025 -0.12561251 0.61378525
v -0.18926161 -0.12565573 0.61701926
v -0.18926161 -0.12565573 0.61701926
v -0.18912858 -0.12572063 0.61923112
v -0.18912858 -0.12572063 0.61923112
v -0.18873083 -0.12611211 0.60154378
v -0.18873083 -0.12611211 0.60154378
v -0.19123100 -0.13010057 0.60593138
v -0.19123100 -0.13010057 0.60593138
v -0.18880657 -0.12607519 0.60220269
v -0.18880657 -0.12607519 0.60220269
v -0.18898217 -0.12598953 0.60373093
v -0.18898217 -0.12598953 0.60373093
v -0.19105227 -0.13018773 0.60393398
v -0.19105227 -0.13018773 0.60393398
v -0.19105227 -0.13018773 0.60393398
v -0.18900034 -0.12598066 0.60393398
v -0.18900034 -0.12598066 0.60393398
v -0.18900034 -0.12598066 0.60393398
v -0.18320401 -0.12861025 0.62143341
v -0.18320401 -0.12861025 0.62143341
v -0.18320401 -0.12861025 0.62143341
v -0.18304901 -0.12868583 0.61922903
v -0.18304901 -0.12868583 0.61922903
v -0.18570125 -0.13279761 0.60156273
v -0.18598571 -0.13265887 0.59938939
v -0.18546502 -0.13291282 0.60374988
v -0.18527734 -0.13300435 0.60594819
v -0.18527734 -0.13300435 0.60594819
v -0.18544930 -0.13292049 0.60393398
v -0.18544930 -0.13292049 0.60393398
v -0.18544930 -0.13292049 0.60393398
v -0.18513843 -0.13307212 0.60815514
v -0.18513843 -0.13307212 0.60815514
v -0.18504839 -0.13311601 0.61036822
v -0.18504839 -0.13311601 0.61036822
v -0.18500741 -0.13313602 0.61258468
v -0.18500741 -0.13313602 0.61258468
v -0.18501250 -0.13313353 0.61397966
v -0.18501250 -0.13313353 0.61397966
v -0.18501250 -0.13313353 0.61397966
v -0.18288574 -0.12876547 0.61480207
v -0.18288574 -0.12876547 0.61480207
v -0.18288275 -0.12876692 0.61397966
v -0.18288275 -0.12876692 0.61397966
v -0.18288275 -0.12876692 0.61397966
v -0.18294290 -0.12873759 0.61701773
v -0.18294290 -0.12873759 0.61701773
v -0.18427820 -0.13349168 0.60393398
v -0.18427820 -0.13349168 0.60393398
v -0.18427820 -0.13349168 0.60393398
v -0.18323199 -0.13400195 0.61403320
v -0.18323199 -0.13400195 0.61403320
v -0.18323199 -0.13400195 0.61403320
v -0.18519393 -0.13304503 0.59509421
v -0.18519393 -0.13304503 0.59509421
v -0.18222627 -0.12928461 0.60393398
v -0.18222627 -0.12928461 0.60393398
v -0.18222627 -0.12928461 0.60393398
v -0.18314203 -0.12883797 0.59509421
v -0.18314203 -0.12883797 0.59509421
v -0.18314203 -0.12883797 0.59509421
v -0.18110223 -0.12963533 0.61403320
v -0.18110223 -0.12963533 0.61403320
v -0.18110223 -0.12963533 0.61403320
v -0.18005603 -0.13014560 0.62413234
v -0.18005603 -0.13014560 0.62413234
v -0.18669802 -0.13231144 0.59509421
v -0.18669802 -0.13231144 0.59509421
v -0.18631811 -0.13249675 0.59723241
v -0.18426616 -0.12828967 0.59723241
v -0.18426616 -0.12828967 0.59723241
v -0.18464609 -0.12810438 0.59509421
v -0.18464609 -0.12810438 0.59509421
v -0.18464609 -0.12810438 0.59509421
v -0.18393378 -0.12845180 0.59938939
v -0.18393378 -0.12845180 0.59938939
v -0.18364932 -0.12859054 0.60156273
v -0.18364932 -0.12859054 0.60156273
v -0.18341310 -0.12870575 0.60374988
v -0.18341310 -0.12870575 0.60374988
v -0.18358021 -0.12862425 0.60220269
v -0.18358021 -0.12862425 0.60220269
v -0.18339737 -0.12871341 0.60393398
v -0.18339737 -0.12871341 0.60393398
v -0.18339737 -0.12871341 0.60393398
v -0.18915282 -0.12570880 0.62413234
v -0.18915282 -0.12570880 0.62413234
v -0.18166476 -0.13350615 0.64312995
v -0.18166476 -0.13350615 0.62413234
v -0.17998311 -0.13010360 0.62413234
v -0.17998311 -0.13010360 0.64312995
v -0.01313954 -0.14710596 0.50470272
v -0.01313954 -0.14710596 0.50470272
v -0.01320963 -0.14708952 0.50469517
v -0.01320963 -0.14708952 0.50469517
v -0.01330039 -0.14706823 0.50470937
v -0.01330039 -0.14706823 0.50470937
v -0.01307500 -0.14712110 0.50472538
v -0.01307500 -0.14712110 0.50472538
v -0.01338508 -0.14704837 0.50475200
v -0.01338508 -0.14704837 0.50475200
v -0.01301601 -0.14713493 0.50476313
v -0.01301601 -0.14713493 0.50476313
v -0.01345700 -0.14703150 0.50482133
v -0.01345700 -0.14703150 0.50482133
v -0.01296257 -0.14714747 0.50481596
v -0.01296257 -0.14714747 0.50481596
v -0.01292797 -0.14715559 0.50486683
v -0.01292797 -0.14715559 0.50486683
v -0.01350945 -0.14701920 0.50491571
v -0.01350945 -0.14701920 0.50491571
v -0.01289620 -0.14716304 0.50493359
v -0.01289620 -0.14716304 0.50493359
v -0.01322638 -0.14708559 0.50494837
v -0.01322638 -0.14708559 0.50494837
v -0.01326930 -0.14707552 0.50495889
v -0.01326930 -0.14707552 0.50495889
v -0.01354148 -0.14701169 0.50503367
v -0.01354148 -0.14701169 0.50503367
v -0.01330259 -0.14706772 0.50499041
v -0.01330259 -0.14706772 0.50499041
v -0.01333588 -0.14705991 0.50506823
v -0.01333588 -0.14705991 0.50506823
v -0.01355216 -0.14700918 0.50517381
v -0.01355216 -0.14700918 0.50517381
v -0.01334698 -0.14705731 0.50517111
v -0.01334698 -0.14705731 0.50517111
v -0.01333661 -0.14705974 0.50526896
v -0.01333661 -0.14705974 0.50526896
v -0.01354583 -0.14701067 0.50528963
v -0.01354583 -0.14701067 0.50528963
v -0.01330552 -0.14706703 0.50533887
v -0.01330552 -0.14706703 0.50533887
v -0.01352683 -0.14701512 0.50539021
v -0.01352683 -0.14701512 0.50539021
v -0.01325077 -0.14707987 0.50538505
v -0.01325077 -0.14707987 0.50538505
v -0.01316943 -0.14709895 0.50541176
v -0.01316943 -0.14709895 0.50541176
v -0.01316943 -0.14709895 0.50541176
v -0.01349516 -0.14702255 0.50547548
v -0.01349516 -0.14702255 0.50547548
v -0.01318032 -0.14709640 0.50567658
v -0.01318032 -0.14709640 0.50567658
v -0.01318032 -0.14709640 0.50567658
v -0.01345082 -0.14703295 0.50554552
v -0.01345082 -0.14703295 0.50554552
v -0.01339592 -0.14704582 0.50560050
v -0.01339592 -0.14704582 0.50560050
v -0.01333253 -0.14706070 0.50564067
v -0.01333253 -0.14706070 0.50564067
v -0.01326066 -0.14707755 0.50566603
v -0.01326066 -0.14707755 0.50566603
v -0.01318597 -0.14709507 0.50495821
v -0.01318597 -0.14709507 0.50495821
v -0.01284114 -0.14717595 0.50511475
v -0.01284114 -0.14717595 0.50511475
v -0.01315184 -0.14710307 0.50498771
v -0.01315184 -0.14710307 0.50498771
v -0.01311164 -0.14711250 0.50507360
v -0.01311164 -0.14711250 0.50507360
v -0.01306977 -0.14712232 0.50523106
v -0.01306977 -0.14712232 0.50523106
v -0.01278754 -0.14718852 0.50532679
v -0.01278754 -0.14718852 0.50532679
v -0.01302632 -0.14713251 0.50539913
v -0.01302632 -0.14713251 0.50539913
v -0.01276294 -0.14719429 0.50538460
v -0.01276294 -0.14719429 0.50538460
v -0.01273435 -0.14720099 0.50542206
v -0.01273435 -0.14720099 0.50542206
v -0.01298141 -0.14714305 0.50551688
v -0.01298141 -0.14714305 0.50551688
v -0.01270054 -0.14720893 0.50544252
v -0.01270054 -0.14720893 0.50544252
v -0.01266024 -0.14721838 0.50544936
v -0.01266024 -0.14721838 0.50544936
v -0.01232650 -0.14729666 0.50547441
v -0.01232650 -0.14729666 0.50547441
v -0.01238314 -0.14728337 0.50557594
v -0.01238314 -0.14728337 0.50557594
v -0.01292740 -0.14715572 0.50559943
v -0.01292740 -0.14715572 0.50559943
v -0.01246343 -0.14726454 0.50565153
v -0.01246343 -0.14726454 0.50565153
v -0.01285663 -0.14717231 0.50566183
v -0.01285663 -0.14717231 0.50566183
v -0.01255890 -0.14724215 0.50569850
v -0.01255890 -0.14724215 0.50569850
v -0.01276817 -0.14719306 0.50570108
v -0.01276817 -0.14719306 0.50570108
v -0.01266108 -0.14721819 0.50571414
v -0.01266108 -0.14721819 0.50571414
v -0.01259669 -0.14723328 0.50543314
v -0.01259669 -0.14723328 0.50543314
v -0.01254173 -0.14724617 0.50538450
v -0.01254173 -0.14724617 0.50538450
v -0.01229290 -0.14730454 0.50534580
v -0.01229290 -0.14730454 0.50534580
v -0.01250373 -0.14725509 0.50530386
v -0.01250373 -0.14725509 0.50530386
v -0.01249107 -0.14725806 0.50519169
v -0.01249107 -0.14725806 0.50519169
v -0.01228170 -0.14730717 0.50518902
v -0.01228170 -0.14730717 0.50518902
v -0.01250530 -0.14725472 0.50508332
v -0.01250530 -0.14725472 0.50508332
v -0.01228842 -0.14730559 0.50507188
v -0.01228842 -0.14730559 0.50507188
v -0.01254801 -0.14724470 0.50499979
v -0.01254801 -0.14724470 0.50499979
v -0.01230860 -0.14730086 0.50496916
v -0.01230860 -0.14730086 0.50496916
v -0.01262109 -0.14722756 0.50494064
v -0.01262109 -0.14722756 0.50494064
v -0.01272640 -0.14720286 0.50490541
v -0.01272640 -0.14720286 0.50490541
v -0.01272640 -0.14720286 0.50490541
v -0.01234223 -0.14729297 0.50488088
v -0.01234223 -0.14729297 0.50488088
v -0.01238931 -0.14728192 0.50480701
v -0.01238931 -0.14728192 0.50480701
v -0.01244927 -0.14726786 0.50474706
v -0.01244927 -0.14726786 0.50474706
v -0.01252153 -0.14725091 0.50470054
v -0.01252153 -0.14725091 0.50470054
v -0.01260609 -0.14723108 0.50466745
v -0.01260609 -0.14723108 0.50466745
v -0.01270295 -0.14720836 0.50464777
v -0.01270295 -0.14720836 0.50464777
v -0.01270295 -0.14720836 0.50464777
v -0.01277113 -0.14719237 0.50589402
v -0.01277113 -0.14719237 0.50589402
v -0.01290981 -0.14715984 0.50588325
v -0.01290981 -0.14715984 0.50588325
v -0.01308233 -0.14711938 0.50589822
v -0.01308233 -0.14711938 0.50589822
v -0.01264820 -0.14722120 0.50592640
v -0.01264820 -0.14722120 0.50592640
v -0.01322470 -0.14708599 0.50594317
v -0.01322470 -0.14708599 0.50594317
v -0.01254103 -0.14724634 0.50598037
v -0.01254103 -0.14724634 0.50598037
v -0.01331368 -0.14706511 0.50599607
v -0.01331368 -0.14706511 0.50599607
v -0.01244961 -0.14726778 0.50605589
v -0.01244961 -0.14726778 0.50605589
v -0.01339304 -0.14704651 0.50606531
v -0.01339304 -0.14704651 0.50606531
v -0.01237651 -0.14728493 0.50614973
v -0.01237651 -0.14728493 0.50614973
v -0.01345794 -0.14703128 0.50614638
v -0.01345794 -0.14703128 0.50614638
v -0.01291818 -0.14715788 0.50615610
v -0.01291818 -0.14715788 0.50615610
v -0.01301745 -0.14713460 0.50616236
v -0.01301745 -0.14713460 0.50616236
v -0.01350359 -0.14702057 0.50623482
v -0.01350359 -0.14702057 0.50623482
v -0.01310337 -0.14711444 0.50618115
v -0.01310337 -0.14711444 0.50618115
v -0.01317595 -0.14709742 0.50621246
v -0.01317595 -0.14709742 0.50621246
v -0.01323517 -0.14708353 0.50625631
v -0.01323517 -0.14708353 0.50625631
v -0.01354002 -0.14701203 0.50636680
v -0.01354002 -0.14701203 0.50636680
v -0.01328115 -0.14707275 0.50631037
v -0.01328115 -0.14707275 0.50631037
v -0.01331400 -0.14706504 0.50637238
v -0.01331400 -0.14706504 0.50637238
v -0.01355216 -0.14700918 0.50651754
v -0.01355216 -0.14700918 0.50651754
v -0.01333371 -0.14706042 0.50644232
v -0.01333371 -0.14706042 0.50644232
v -0.01334028 -0.14705888 0.50652021
v -0.01334028 -0.14705888 0.50652021
v -0.01354164 -0.14701165 0.50665522
v -0.01354164 -0.14701165 0.50665522
v -0.01333379 -0.14706040 0.50659800
v -0.01333379 -0.14706040 0.50659800
v -0.01331432 -0.14706497 0.50666770
v -0.01331432 -0.14706497 0.50666770
v -0.01351008 -0.14701905 0.50677843
v -0.01351008 -0.14701905 0.50677843
v -0.01328186 -0.14707258 0.50672931
v -0.01328186 -0.14707258 0.50672931
v -0.01323643 -0.14708323 0.50678278
v -0.01323643 -0.14708323 0.50678278
v -0.01345747 -0.14703139 0.50688713
v -0.01345747 -0.14703139 0.50688713
v -0.01317780 -0.14709699 0.50682602
v -0.01317780 -0.14709699 0.50682602
v -0.01310578 -0.14711388 0.50685693
v -0.01310578 -0.14711388 0.50685693
v -0.01302036 -0.14713392 0.50687545
v -0.01302036 -0.14713392 0.50687545
v -0.01292153 -0.14715710 0.50688164
v -0.01292153 -0.14715710 0.50688164
v -0.01237699 -0.14728481 0.50688913
v -0.01237699 -0.14728481 0.50688913
v -0.01282143 -0.14718057 0.50687530
v -0.01282143 -0.14718057 0.50687530
v -0.01273467 -0.14720092 0.50685625
v -0.01273467 -0.14720092 0.50685625
v -0.01266126 -0.14721814 0.50682452
v -0.01266126 -0.14721814 0.50682452
v -0.01232451 -0.14729712 0.50678101
v -0.01232451 -0.14729712 0.50678101
v -0.01260119 -0.14723223 0.50678009
v -0.01260119 -0.14723223 0.50678009
v -0.01255448 -0.14724318 0.50672578
v -0.01255448 -0.14724318 0.50672578
v -0.01252111 -0.14725101 0.50666436
v -0.01252111 -0.14725101 0.50666436
v -0.01229302 -0.14730451 0.50665832
v -0.01229302 -0.14730451 0.50665832
v -0.01250109 -0.14725570 0.50659582
v -0.01250109 -0.14725570 0.50659582
v -0.01228253 -0.14730697 0.50652110
v -0.01228253 -0.14730697 0.50652110
v -0.01249441 -0.14725728 0.50652021
v -0.01249441 -0.14725728 0.50652021
v -0.01250114 -0.14725570 0.50644450
v -0.01250114 -0.14725570 0.50644450
v -0.01229297 -0.14730452 0.50638234
v -0.01229297 -0.14730452 0.50638234
v -0.01252132 -0.14725096 0.50637572
v -0.01252132 -0.14725096 0.50637572
v -0.01255495 -0.14724307 0.50631390
v -0.01255495 -0.14724307 0.50631390
v -0.01260203 -0.14723203 0.50625898
v -0.01260203 -0.14723203 0.50625898
v -0.01232430 -0.14729717 0.50625852
v -0.01232430 -0.14729717 0.50625852
v -0.01266215 -0.14721793 0.50621397
v -0.01266215 -0.14721793 0.50621397
v -0.01273488 -0.14720087 0.50618183
v -0.01273488 -0.14720087 0.50618183
v -0.01282022 -0.14718085 0.50616254
v -0.01282022 -0.14718085 0.50616254
v -0.01338383 -0.14704866 0.50698140
v -0.01338383 -0.14704866 0.50698140
v -0.01245045 -0.14726759 0.50698275
v -0.01245045 -0.14726759 0.50698275
v -0.01329144 -0.14707033 0.50705750
v -0.01329144 -0.14707033 0.50705750
v -0.01254249 -0.14724600 0.50705827
v -0.01254249 -0.14724600 0.50705827
v -0.01318262 -0.14709585 0.50711190
v -0.01318262 -0.14709585 0.50711190
v -0.01265071 -0.14722062 0.50711224
v -0.01265071 -0.14722062 0.50711224
v -0.01305736 -0.14712524 0.50714453
v -0.01305736 -0.14712524 0.50714453
v -0.01277511 -0.14719144 0.50714459
v -0.01277511 -0.14719144 0.50714459
v -0.01291567 -0.14715847 0.50715538
v -0.01291567 -0.14715847 0.50715538
v -0.01230347 -0.14730206 0.50736920
v -0.01230347 -0.14730206 0.50736920
v -0.01230347 -0.14730206 0.50736920
v -0.01352117 -0.14701645 0.50736920
v -0.01352117 -0.14701645 0.50736920
v -0.01352117 -0.14701645 0.50736920
v -0.01352117 -0.14701645 0.50763402
v -0.01352117 -0.14701645 0.50763402
v -0.01352117 -0.14701645 0.50763402
v -0.01251033 -0.14725354 0.50763402
v -0.01251033 -0.14725354 0.50763402
v -0.01251033 -0.14725354 0.50763402
v -0.01230347 -0.14730206 0.50829247
v -0.01230347 -0.14730206 0.50829247
v -0.01230347 -0.14730206 0.50829247
v -0.01251033 -0.14725354 0.50829247
v -0.01251033 -0.14725354 0.50829247
v -0.01251033 -0.14725354 0.50829247
v -0.01230347 -0.14730206 0.50881581
v -0.01230347 -0.14730206 0.50881581
v -0.01230347 -0.14730206 0.50881581
v -0.01353122 -0.14701409 0.50834702
v -0.01353122 -0.14701409 0.50834702
v -0.01353122 -0.14701409 0.50834702
v -0.01353122 -0.14701409 0.50863422
v -0.01353122 -0.14701409 0.50863422
v -0.01353122 -0.14701409 0.50863422
v -0.01262255 -0.14722722 0.50896609
v -0.01262255 -0.14722722 0.50896609
v -0.01262255 -0.14722722 0.50896609
v -0.01230347 -0.14730206 0.50909850
v -0.01230347 -0.14730206 0.50909850
v -0.01230347 -0.14730206 0.50909850
v -0.01353122 -0.14701409 0.50928727
v -0.01353122 -0.14701409 0.50928727
v -0.01353122 -0.14701409 0.50928727
v -0.01353122 -0.14701409 0.50956818
v -0.01353122 -0.14701409 0.50956818
v -0.01353122 -0.14701409 0.50956818
v -0.01332353 -0.14706280 0.50996808
v -0.01332353 -0.14706280 0.50996808
v -0.01332353 -0.14706280 0.50996808
v -0.01230347 -0.14730206 0.50970329
v -0.01230347 -0.14730206 0.50970329
v -0.01230347 -0.14730206 0.50970329
v -0.01353122 -0.14701409 0.50970329
v -0.01353122 -0.14701409 0.50970329
v -0.01353122 -0.14701409 0.50970329
v -0.01353122 -0.14701409 0.51067574
v -0.01353122 -0.14701409 0.51067574
v -0.01353122 -0.14701409 0.51067574
v -0.01332353 -0.14706280 0.51067574
v -0.01332353 -0.14706280 0.51067574
v -0.01332353 -0.14706280 0.51067574
v -0.01251033 -0.14725354 0.50996808
v -0.01251033 -0.14725354 0.50996808
v -0.01251033 -0.14725354 0.50996808
v -0.01230347 -0.14730206 0.51070079
v -0.01230347 -0.14730206 0.51070079
v -0.01230347 -0.14730206 0.51070079
v -0.01251033 -0.14725354 0.51070079
v -0.01251033 -0.14725354 0.51070079
v -0.01251033 -0.14725354 0.51070079
v -0.01305134 -0.14712665 0.50996808
v -0.01305134 -0.14712665 0.50996808
v -0.01305134 -0.14712665 0.50996808
v -0.01284448 -0.14717517 0.50996808
v -0.01284448 -0.14717517 0.50996808
v -0.01284448 -0.14717517 0.50996808
v -0.01305134 -0.14712665 0.51062652
v -0.01305134 -0.14712665 0.51062652
v -0.01305134 -0.14712665 0.51062652
v -0.01284448 -0.14717517 0.51062652
v -0.01284448 -0.14717517 0.51062652
v -0.01284448 -0.14717517 0.51062652
v -0.01271132 -0.14720640 0.51172243
v -0.01271132 -0.14720640 0.51172243
v -0.01271132 -0.14720640 0.51172243
v -0.01353122 -0.14701409 0.51172243
v -0.01353122 -0.14701409 0.51172243
v -0.01353122 -0.14701409 0.51172243
v -0.01353122 -0.14701409 0.51196847
v -0.01353122 -0.14701409 0.51196847
v -0.01353122 -0.14701409 0.51196847
v -0.01230347 -0.14730206 0.51196847
v -0.01230347 -0.14730206 0.51196847
v -0.01230347 -0.14730206 0.51196847
v -0.01230347 -0.14730206 0.51170277
v -0.01230347 -0.14730206 0.51170277
v -0.01230347 -0.14730206 0.51170277
v -0.01353122 -0.14701409 0.51118565
v -0.01353122 -0.14701409 0.51118565
v -0.01353122 -0.14701409 0.51118565
v -0.01310411 -0.14711428 0.51117403
v -0.01310411 -0.14711428 0.51117403
v -0.01310411 -0.14711428 0.51117403
v -0.01230347 -0.14730206 0.51092801
v -0.01230347 -0.14730206 0.51092801
v -0.01230347 -0.14730206 0.51092801
v -0.01353122 -0.14701409 0.51092801
v -0.01353122 -0.14701409 0.51092801
v -0.01353122 -0.14701409 0.51092801
v -0.01230347 -0.14730206 0.51117403
v -0.01230347 -0.14730206 0.51117403
v -0.01230347 -0.14730206 0.51117403
v -0.01332353 -0.14706280 0.51215455
v -0.01332353 -0.14706280 0.51215455
v -0.01332353 -0.14706280 0.51215455
v -0.01353122 -0.14701409 0.51215455
v -0.01353122 -0.14701409 0.51215455
v -0.01353122 -0.14701409 0.51215455
v -0.01353122 -0.14701409 0.51319679
v -0.01353122 -0.14701409 0.51319679
v -0.01353122 -0.14701409 0.51319679
v -0.01332353 -0.14706280 0.51254370
v -0.01332353 -0.14706280 0.51254370
v -0.01332353 -0.14706280 0.51254370
v -0.01332353 -0.14706280 0.51280852
v -0.01332353 -0.14706280 0.51280852
v -0.01332353 -0.14706280 0.51280852
v -0.01332353 -0.14706280 0.51319679
v -0.01332353 -0.14706280 0.51319679
v -0.01332353 -0.14706280 0.51319679
v -0.01230347 -0.14730206 0.51254370
v -0.01230347 -0.14730206 0.51254370
v -0.01230347 -0.14730206 0.51254370
v -0.01230347 -0.14730206 0.51280852
v -0.01230347 -0.14730206 0.51280852
v -0.01230347 -0.14730206 0.51280852
v -0.01332688 -0.14706202 0.51414240
v -0.01332688 -0.14706202 0.51414240
v -0.01332688 -0.14706202 0.51414240
v -0.01230347 -0.14730206 0.51387759
v -0.01230347 -0.14730206 0.51387759
v -0.01230347 -0.14730206 0.51387759
v -0.01353122 -0.14701409 0.51387759
v -0.01353122 -0.14701409 0.51387759
v -0.01353122 -0.14701409 0.51387759
v -0.01353122 -0.14701409 0.51440182
v -0.01353122 -0.14701409 0.51440182
v -0.01332688 -0.14706202 0.51429447
v -0.01332688 -0.14706202 0.51429447
v -0.01332269 -0.14706301 0.51452083
v -0.01332269 -0.14706301 0.51452083
v -0.01351908 -0.14701694 0.51463398
v -0.01351908 -0.14701694 0.51463398
v -0.01330814 -0.14706642 0.51457884
v -0.01330814 -0.14706642 0.51457884
v -0.01327956 -0.14707312 0.51462055
v -0.01327956 -0.14707312 0.51462055
v -0.01323862 -0.14708272 0.51464576
v -0.01323862 -0.14708272 0.51464576
v -0.01350034 -0.14702133 0.51470647
v -0.01350034 -0.14702133 0.51470647
v -0.01318701 -0.14709483 0.51465409
v -0.01318701 -0.14709483 0.51465409
v -0.01276492 -0.14719382 0.51467378
v -0.01276492 -0.14719382 0.51467378
v -0.01272221 -0.14720384 0.51469525
v -0.01272221 -0.14720384 0.51469525
v -0.01267112 -0.14721583 0.51470242
v -0.01267112 -0.14721583 0.51470242
v -0.01233184 -0.14729541 0.51474057
v -0.01233184 -0.14729541 0.51474057
v -0.01261239 -0.14722960 0.51469316
v -0.01261239 -0.14722960 0.51469316
v -0.01256685 -0.14724028 0.51466532
v -0.01256685 -0.14724028 0.51466532
v -0.01231184 -0.14730009 0.51464336
v -0.01231184 -0.14730009 0.51464336
v -0.01253514 -0.14724772 0.51462269
v -0.01253514 -0.14724772 0.51462269
v -0.01251786 -0.14725177 0.51456915
v -0.01251786 -0.14725177 0.51456915
v -0.01251033 -0.14725354 0.51438753
v -0.01251033 -0.14725354 0.51438753
v -0.01230347 -0.14730206 0.51432400
v -0.01230347 -0.14730206 0.51432400
v -0.01251033 -0.14725354 0.51414240
v -0.01251033 -0.14725354 0.51414240
v -0.01251033 -0.14725354 0.51414240
v -0.01304297 -0.14712861 0.51414240
v -0.01304297 -0.14712861 0.51414240
v -0.01304297 -0.14712861 0.51414240
v -0.01283862 -0.14717654 0.51414240
v -0.01283862 -0.14717654 0.51414240
v -0.01283862 -0.14717654 0.51414240
v -0.01304297 -0.14712861 0.51431596
v -0.01304297 -0.14712861 0.51431596
v -0.01283862 -0.14717654 0.51435619
v -0.01283862 -0.14717654 0.51435619
v -0.01304716 -0.14712763 0.51450832
v -0.01304716 -0.14712763 0.51450832
v -0.01283422 -0.14717757 0.51450525
v -0.01283422 -0.14717757 0.51450525
v -0.01282103 -0.14718066 0.51459105
v -0.01282103 -0.14718066 0.51459105
v -0.01306192 -0.14712416 0.51456903
v -0.01306192 -0.14712416 0.51456903
v -0.01309112 -0.14711732 0.51461521
v -0.01309112 -0.14711732 0.51461521
v -0.01279821 -0.14718601 0.51463883
v -0.01279821 -0.14718601 0.51463883
v -0.01313331 -0.14710742 0.51464440
v -0.01313331 -0.14710742 0.51464440
v -0.01295587 -0.14714904 0.51472750
v -0.01295587 -0.14714904 0.51472750
v -0.01295587 -0.14714904 0.51472750
v -0.01346841 -0.14702882 0.51477087
v -0.01346841 -0.14702882 0.51477087
v -0.01300088 -0.14713848 0.51480361
v -0.01300088 -0.14713848 0.51480361
v -0.01342350 -0.14703935 0.51482624
v -0.01342350 -0.14703935 0.51482624
v -0.01306390 -0.14712370 0.51486212
v -0.01306390 -0.14712370 0.51486212
v -0.01336582 -0.14705289 0.51487150
v -0.01336582 -0.14705289 0.51487150
v -0.01313949 -0.14710597 0.51489935
v -0.01313949 -0.14710597 0.51489935
v -0.01329788 -0.14706882 0.51490168
v -0.01329788 -0.14706882 0.51490168
v -0.01322219 -0.14708657 0.51491179
v -0.01322219 -0.14708657 0.51491179
v -0.01291169 -0.14715940 0.51483348
v -0.01291169 -0.14715940 0.51483348
v -0.01237005 -0.14728644 0.51482097
v -0.01237005 -0.14728644 0.51482097
v -0.01242532 -0.14727347 0.51488536
v -0.01242532 -0.14727347 0.51488536
v -0.01284448 -0.14717517 0.51491179
v -0.01284448 -0.14717517 0.51491179
v -0.01249651 -0.14725678 0.51493461
v -0.01249651 -0.14725678 0.51493461
v -0.01275885 -0.14719525 0.51496006
v -0.01275885 -0.14719525 0.51496006
v -0.01257680 -0.14723795 0.51496577
v -0.01257680 -0.14723795 0.51496577
v -0.01265940 -0.14721858 0.51497619
v -0.01265940 -0.14721858 0.51497619
v -0.01314933 -0.14710367 0.51539218
v -0.01314933 -0.14710367 0.51539218
v -0.01314933 -0.14710367 0.51539218
v -0.01317278 -0.14709816 0.51514171
v -0.01317278 -0.14709816 0.51514171
v -0.01317278 -0.14709816 0.51514171
v -0.01326307 -0.14707699 0.51515882
v -0.01326307 -0.14707699 0.51515882
v -0.01333965 -0.14705902 0.51518796
v -0.01333965 -0.14705902 0.51518796
v -0.01340251 -0.14704428 0.51522911
v -0.01340251 -0.14704428 0.51522911
v -0.01345166 -0.14703275 0.51528216
v -0.01345166 -0.14703275 0.51528216
v -0.01348867 -0.14702407 0.51534489
v -0.01348867 -0.14702407 0.51534489
v -0.01351510 -0.14701787 0.51541499
v -0.01351510 -0.14701787 0.51541499
v -0.01323768 -0.14708293 0.51540917
v -0.01323768 -0.14708293 0.51540917
v -0.01329673 -0.14706909 0.51544584
v -0.01329673 -0.14706909 0.51544584
v -0.01353096 -0.14701415 0.51549251
v -0.01353096 -0.14701415 0.51549251
v -0.01333002 -0.14706128 0.51550042
v -0.01333002 -0.14706128 0.51550042
v -0.01353624 -0.14701291 0.51557739
v -0.01353624 -0.14701291 0.51557739
v -0.01334111 -0.14705868 0.51557114
v -0.01334111 -0.14705868 0.51557114
v -0.01333054 -0.14706116 0.51564209
v -0.01333054 -0.14706116 0.51564209
v -0.01353012 -0.14701435 0.51566926
v -0.01353012 -0.14701435 0.51566926
v -0.01329882 -0.14706860 0.51569587
v -0.01329882 -0.14706860 0.51569587
v -0.01351175 -0.14701866 0.51575070
v -0.01351175 -0.14701866 0.51575070
v -0.01324742 -0.14708066 0.51572979
v -0.01324742 -0.14708066 0.51572979
v -0.01317780 -0.14709699 0.51574107
v -0.01317780 -0.14709699 0.51574107
v -0.01287966 -0.14716692 0.51586097
v -0.01287966 -0.14716692 0.51586097
v -0.01310620 -0.14711378 0.51572814
v -0.01310620 -0.14711378 0.51572814
v -0.01272305 -0.14720365 0.51569637
v -0.01272305 -0.14720365 0.51569637
v -0.01303375 -0.14713077 0.51568919
v -0.01303375 -0.14713077 0.51568919
v -0.01295713 -0.14714874 0.51561787
v -0.01295713 -0.14714874 0.51561787
v -0.01258737 -0.14723547 0.51554562
v -0.01258737 -0.14723547 0.51554562
v -0.01252205 -0.14725079 0.51549417
v -0.01252205 -0.14725079 0.51549417
v -0.01252205 -0.14725079 0.51549417
v -0.01283276 -0.14717791 0.51548074
v -0.01283276 -0.14717791 0.51548074
v -0.01266746 -0.14721668 0.51530448
v -0.01266746 -0.14721668 0.51530448
v -0.01253838 -0.14724696 0.51519807
v -0.01253838 -0.14724696 0.51519807
v -0.01230347 -0.14730205 0.51599338
v -0.01230347 -0.14730205 0.51599338
v -0.01230347 -0.14730205 0.51599338
v -0.01242417 -0.14727375 0.51514079
v -0.01242417 -0.14727375 0.51514079
v -0.01230347 -0.14730206 0.51511215
v -0.01230347 -0.14730206 0.51511215
v -0.01230347 -0.14730206 0.51511215
v -0.01252205 -0.14725079 0.51599338
v -0.01252205 -0.14725079 0.51599338
v -0.01252205 -0.14725079 0.51599338
v -0.01348113 -0.14702584 0.51582178
v -0.01348113 -0.14702584 0.51582178
v -0.01343826 -0.14703590 0.51588244
v -0.01343826 -0.14703590 0.51588244
v -0.01295995 -0.14714808 0.51592058
v -0.01295995 -0.14714808 0.51592058
v -0.01338628 -0.14704809 0.51593095
v -0.01338628 -0.14704809 0.51593095
v -0.01303669 -0.14713008 0.51596161
v -0.01303669 -0.14713008 0.51596161
v -0.01332834 -0.14706168 0.51596566
v -0.01332834 -0.14706168 0.51596566
v -0.01311363 -0.14711204 0.51598541
v -0.01311363 -0.14711204 0.51598541
v -0.01326443 -0.14707666 0.51598645
v -0.01326443 -0.14707666 0.51598645
v -0.01319455 -0.14709306 0.51599338
v -0.01319455 -0.14709306 0.51599338
v -0.01276154 -0.14735270 0.50490541
v -0.01276154 -0.14735270 0.50490541
v -0.01276154 -0.14735270 0.50490541
v -0.01273809 -0.14735821 0.50464777
v -0.01273809 -0.14735821 0.50464777
v -0.01273809 -0.14735821 0.50464777
v -0.01264123 -0.14738092 0.50466745
v -0.01264123 -0.14738092 0.50466745
v -0.01255667 -0.14740075 0.50470054
v -0.01255667 -0.14740075 0.50470054
v -0.01248442 -0.14741770 0.50474706
v -0.01248442 -0.14741770 0.50474706
v -0.01242446 -0.14743177 0.50480701
v -0.01242446 -0.14743177 0.50480701
v -0.01237737 -0.14744281 0.50488088
v -0.01237737 -0.14744281 0.50488088
v -0.01234375 -0.14745070 0.50496916
v -0.01234375 -0.14745070 0.50496916
v -0.01265623 -0.14737740 0.50494064
v -0.01265623 -0.14737740 0.50494064
v -0.01258316 -0.14739454 0.50499979
v -0.01258316 -0.14739454 0.50499979
v -0.01232356 -0.14745544 0.50507188
v -0.01232356 -0.14745544 0.50507188
v -0.01254045 -0.14740456 0.50508332
v -0.01254045 -0.14740456 0.50508332
v -0.01231684 -0.14745701 0.50518902
v -0.01231684 -0.14745701 0.50518902
v -0.01252621 -0.14740790 0.50519169
v -0.01252621 -0.14740790 0.50519169
v -0.01232804 -0.14745438 0.50534580
v -0.01232804 -0.14745438 0.50534580
v -0.01253888 -0.14740493 0.50530386
v -0.01253888 -0.14740493 0.50530386
v -0.01257688 -0.14739601 0.50538450
v -0.01257688 -0.14739601 0.50538450
v -0.01236165 -0.14744650 0.50547441
v -0.01236165 -0.14744650 0.50547441
v -0.01263184 -0.14738313 0.50543314
v -0.01263184 -0.14738313 0.50543314
v -0.01269538 -0.14736823 0.50544936
v -0.01269538 -0.14736823 0.50544936
v -0.01301656 -0.14729289 0.50551688
v -0.01301656 -0.14729289 0.50551688
v -0.01273569 -0.14735877 0.50544252
v -0.01273569 -0.14735877 0.50544252
v -0.01276950 -0.14735084 0.50542206
v -0.01276950 -0.14735084 0.50542206
v -0.01306147 -0.14728236 0.50539913
v -0.01306147 -0.14728236 0.50539913
v -0.01279808 -0.14734413 0.50538460
v -0.01279808 -0.14734413 0.50538460
v -0.01282268 -0.14733837 0.50532679
v -0.01282268 -0.14733837 0.50532679
v -0.01310492 -0.14727217 0.50523106
v -0.01310492 -0.14727217 0.50523106
v -0.01287628 -0.14732580 0.50511475
v -0.01287628 -0.14732580 0.50511475
v -0.01314679 -0.14726234 0.50507360
v -0.01314679 -0.14726234 0.50507360
v -0.01318699 -0.14725292 0.50498771
v -0.01318699 -0.14725292 0.50498771
v -0.01322111 -0.14724491 0.50495821
v -0.01322111 -0.14724491 0.50495821
v -0.01293135 -0.14731288 0.50493359
v -0.01293135 -0.14731288 0.50493359
v -0.01326152 -0.14723544 0.50494837
v -0.01326152 -0.14723544 0.50494837
v -0.01354459 -0.14716904 0.50491571
v -0.01354459 -0.14716904 0.50491571
v -0.01296312 -0.14730543 0.50486683
v -0.01296312 -0.14730543 0.50486683
v -0.01349215 -0.14718135 0.50482133
v -0.01349215 -0.14718135 0.50482133
v -0.01299772 -0.14729731 0.50481596
v -0.01299772 -0.14729731 0.50481596
v -0.01305116 -0.14728477 0.50476313
v -0.01305116 -0.14728477 0.50476313
v -0.01342023 -0.14719821 0.50475200
v -0.01342023 -0.14719821 0.50475200
v -0.01311015 -0.14727094 0.50472538
v -0.01311015 -0.14727094 0.50472538
v -0.01333554 -0.14721808 0.50470937
v -0.01333554 -0.14721808 0.50470937
v -0.01317469 -0.14725580 0.50470272
v -0.01317469 -0.14725580 0.50470272
v -0.01324477 -0.14723937 0.50469517
v -0.01324477 -0.14723937 0.50469517
v -0.01330445 -0.14722537 0.50495889
v -0.01330445 -0.14722537 0.50495889
v -0.01357663 -0.14716153 0.50503367
v -0.01357663 -0.14716153 0.50503367
v -0.01333773 -0.14721756 0.50499041
v -0.01333773 -0.14721756 0.50499041
v -0.01337103 -0.14720975 0.50506823
v -0.01337103 -0.14720975 0.50506823
v -0.01358731 -0.14715902 0.50517381
v -0.01358731 -0.14715902 0.50517381
v -0.01338212 -0.14720715 0.50517111
v -0.01338212 -0.14720715 0.50517111
v -0.01337176 -0.14720958 0.50526896
v -0.01337176 -0.14720958 0.50526896
v -0.01358097 -0.14716051 0.50528963
v -0.01358097 -0.14716051 0.50528963
v -0.01334067 -0.14721687 0.50533887
v -0.01334067 -0.14721687 0.50533887
v -0.01356197 -0.14716497 0.50539021
v -0.01356197 -0.14716497 0.50539021
v -0.01328591 -0.14722972 0.50538505
v -0.01328591 -0.14722972 0.50538505
v -0.01320458 -0.14724879 0.50541176
v -0.01320458 -0.14724879 0.50541176
v -0.01320458 -0.14724879 0.50541176
v -0.01353030 -0.14717239 0.50547548
v -0.01353030 -0.14717239 0.50547548
v -0.01321546 -0.14724624 0.50567658
v -0.01321546 -0.14724624 0.50567658
v -0.01321546 -0.14724624 0.50567658
v -0.01348597 -0.14718279 0.50554552
v -0.01348597 -0.14718279 0.50554552
v -0.01343106 -0.14719567 0.50560050
v -0.01343106 -0.14719567 0.50560050
v -0.01336767 -0.14721054 0.50564067
v -0.01336767 -0.14721054 0.50564067
v -0.01329581 -0.14722739 0.50566603
v -0.01329581 -0.14722739 0.50566603
v -0.01241828 -0.14743322 0.50557594
v -0.01241828 -0.14743322 0.50557594
v -0.01296254 -0.14730556 0.50559943
v -0.01296254 -0.14730556 0.50559943
v -0.01249858 -0.14741438 0.50565153
v -0.01249858 -0.14741438 0.50565153
v -0.01289177 -0.14732216 0.50566183
v -0.01289177 -0.14732216 0.50566183
v -0.01259405 -0.14739199 0.50569850
v -0.01259405 -0.14739199 0.50569850
v -0.01280332 -0.14734290 0.50570108
v -0.01280332 -0.14734290 0.50570108
v -0.01269622 -0.14736803 0.50571414
v -0.01269622 -0.14736803 0.50571414
v -0.01285537 -0.14733070 0.50616254
v -0.01285537 -0.14733070 0.50616254
v -0.01295333 -0.14730772 0.50615610
v -0.01295333 -0.14730772 0.50615610
v -0.01241166 -0.14743477 0.50614973
v -0.01241166 -0.14743477 0.50614973
v -0.01235945 -0.14744702 0.50625852
v -0.01235945 -0.14744702 0.50625852
v -0.01277003 -0.14735072 0.50618183
v -0.01277003 -0.14735072 0.50618183
v -0.01269729 -0.14736777 0.50621397
v -0.01269729 -0.14736777 0.50621397
v -0.01263718 -0.14738187 0.50625898
v -0.01263718 -0.14738187 0.50625898
v -0.01232812 -0.14745436 0.50638234
v -0.01232812 -0.14745436 0.50638234
v -0.01259010 -0.14739292 0.50631390
v -0.01259010 -0.14739292 0.50631390
v -0.01255646 -0.14740081 0.50637572
v -0.01255646 -0.14740081 0.50637572
v -0.01253629 -0.14740554 0.50644450
v -0.01253629 -0.14740554 0.50644450
v -0.01231768 -0.14745681 0.50652110
v -0.01231768 -0.14745681 0.50652110
v -0.01252956 -0.14740711 0.50652021
v -0.01252956 -0.14740711 0.50652021
v -0.01253624 -0.14740555 0.50659582
v -0.01253624 -0.14740555 0.50659582
v -0.01232817 -0.14745435 0.50665832
v -0.01232817 -0.14745435 0.50665832
v -0.01255626 -0.14740085 0.50666436
v -0.01255626 -0.14740085 0.50666436
v -0.01235966 -0.14744696 0.50678101
v -0.01235966 -0.14744696 0.50678101
v -0.01258962 -0.14739303 0.50672578
v -0.01258962 -0.14739303 0.50672578
v -0.01263634 -0.14738207 0.50678009
v -0.01263634 -0.14738207 0.50678009
v -0.01269640 -0.14736798 0.50682452
v -0.01269640 -0.14736798 0.50682452
v -0.01241213 -0.14743466 0.50688913
v -0.01241213 -0.14743466 0.50688913
v -0.01276981 -0.14735076 0.50685625
v -0.01276981 -0.14735076 0.50685625
v -0.01285657 -0.14733042 0.50687530
v -0.01285657 -0.14733042 0.50687530
v -0.01295668 -0.14730694 0.50688164
v -0.01295668 -0.14730694 0.50688164
v -0.01349262 -0.14718123 0.50688713
v -0.01349262 -0.14718123 0.50688713
v -0.01341897 -0.14719851 0.50698140
v -0.01341897 -0.14719851 0.50698140
v -0.01248559 -0.14741743 0.50698275
v -0.01248559 -0.14741743 0.50698275
v -0.01332659 -0.14722017 0.50705750
v -0.01332659 -0.14722017 0.50705750
v -0.01257764 -0.14739584 0.50705827
v -0.01257764 -0.14739584 0.50705827
v -0.01321776 -0.14724570 0.50711190
v -0.01321776 -0.14724570 0.50711190
v -0.01268586 -0.14737046 0.50711224
v -0.01268586 -0.14737046 0.50711224
v -0.01309251 -0.14727508 0.50714453
v -0.01309251 -0.14727508 0.50714453
v -0.01281025 -0.14734128 0.50714459
v -0.01281025 -0.14734128 0.50714459
v -0.01295082 -0.14730831 0.50715538
v -0.01295082 -0.14730831 0.50715538
v -0.01305550 -0.14728375 0.50687545
v -0.01305550 -0.14728375 0.50687545
v -0.01314093 -0.14726372 0.50685693
v -0.01314093 -0.14726372 0.50685693
v -0.01321295 -0.14724683 0.50682602
v -0.01321295 -0.14724683 0.50682602
v -0.01327157 -0.14723308 0.50678278
v -0.01327157 -0.14723308 0.50678278
v -0.01354522 -0.14716890 0.50677843
v -0.01354522 -0.14716890 0.50677843
v -0.01331701 -0.14722242 0.50672931
v -0.01331701 -0.14722242 0.50672931
v -0.01334946 -0.14721481 0.50666770
v -0.01334946 -0.14721481 0.50666770
v -0.01357679 -0.14716149 0.50665522
v -0.01357679 -0.14716149 0.50665522
v -0.01336893 -0.14721025 0.50659800
v -0.01336893 -0.14721025 0.50659800
v -0.01337542 -0.14720872 0.50652021
v -0.01337542 -0.14720872 0.50652021
v -0.01358730 -0.14715902 0.50651754
v -0.01358730 -0.14715902 0.50651754
v -0.01336885 -0.14721026 0.50644232
v -0.01336885 -0.14721026 0.50644232
v -0.01334914 -0.14721488 0.50637238
v -0.01334914 -0.14721488 0.50637238
v -0.01357516 -0.14716187 0.50636680
v -0.01357516 -0.14716187 0.50636680
v -0.01331630 -0.14722259 0.50631037
v -0.01331630 -0.14722259 0.50631037
v -0.01327032 -0.14723337 0.50625631
v -0.01327032 -0.14723337 0.50625631
v -0.01353873 -0.14717042 0.50623482
v -0.01353873 -0.14717042 0.50623482
v -0.01321109 -0.14724726 0.50621246
v -0.01321109 -0.14724726 0.50621246
v -0.01313852 -0.14726428 0.50618115
v -0.01313852 -0.14726428 0.50618115
v -0.01305260 -0.14728444 0.50616236
v -0.01305260 -0.14728444 0.50616236
v -0.01349309 -0.14718112 0.50614638
v -0.01349309 -0.14718112 0.50614638
v -0.01342818 -0.14719635 0.50606531
v -0.01342818 -0.14719635 0.50606531
v -0.01248476 -0.14741763 0.50605589
v -0.01248476 -0.14741763 0.50605589
v -0.01334883 -0.14721496 0.50599607
v -0.01334883 -0.14721496 0.50599607
v -0.01257617 -0.14739618 0.50598037
v -0.01257617 -0.14739618 0.50598037
v -0.01325985 -0.14723583 0.50594317
v -0.01325985 -0.14723583 0.50594317
v -0.01268335 -0.14737105 0.50592640
v -0.01268335 -0.14737105 0.50592640
v -0.01311748 -0.14726922 0.50589822
v -0.01311748 -0.14726922 0.50589822
v -0.01280627 -0.14734221 0.50589402
v -0.01280627 -0.14734221 0.50589402
v -0.01294495 -0.14730969 0.50588325
v -0.01294495 -0.14730969 0.50588325
v -0.01254547 -0.14740338 0.50763402
v -0.01254547 -0.14740338 0.50763402
v -0.01254547 -0.14740338 0.50763402
v -0.01355632 -0.14716629 0.50736920
v -0.01355632 -0.14716629 0.50736920
v -0.01355632 -0.14716629 0.50736920
v -0.01233861 -0.14745190 0.50736920
v -0.01233861 -0.14745190 0.50736920
v -0.01233861 -0.14745190 0.50736920
v -0.01233861 -0.14745190 0.50829247
v -0.01233861 -0.14745190 0.50829247
v -0.01233861 -0.14745190 0.50829247
v -0.01254547 -0.14740338 0.50829247
v -0.01254547 -0.14740338 0.50829247
v -0.01254547 -0.14740338 0.50829247
v -0.01355632 -0.14716629 0.50763402
v -0.01355632 -0.14716629 0.50763402
v -0.01355632 -0.14716629 0.50763402
v -0.01356637 -0.14716393 0.50863422
v -0.01356637 -0.14716393 0.50863422
v -0.01356637 -0.14716393 0.50863422
v -0.01356637 -0.14716393 0.50834702
v -0.01356637 -0.14716393 0.50834702
v -0.01356637 -0.14716393 0.50834702
v -0.01233861 -0.14745190 0.50881581
v -0.01233861 -0.14745190 0.50881581
v -0.01233861 -0.14745190 0.50881581
v -0.01265769 -0.14737706 0.50896609
v -0.01265769 -0.14737706 0.50896609
v -0.01265769 -0.14737706 0.50896609
v -0.01233861 -0.14745190 0.50909850
v -0.01233861 -0.14745190 0.50909850
v -0.01233861 -0.14745190 0.50909850
v -0.01356637 -0.14716393 0.50928727
v -0.01356637 -0.14716393 0.50928727
v -0.01356637 -0.14716393 0.50928727
v -0.01356637 -0.14716393 0.50956818
v -0.01356637 -0.14716393 0.50956818
v -0.01356637 -0.14716393 0.50956818
v -0.01254547 -0.14740338 0.50996808
v -0.01254547 -0.14740338 0.50996808
v -0.01254547 -0.14740338 0.50996808
v -0.01356637 -0.14716393 0.50970329
v -0.01356637 -0.14716393 0.50970329
v -0.01356637 -0.14716393 0.50970329
v -0.01233861 -0.14745190 0.50970329
v -0.01233861 -0.14745190 0.50970329
v -0.01233861 -0.14745190 0.50970329
v -0.01233861 -0.14745190 0.51070079
v -0.01233861 -0.14745190 0.51070079
v -0.01233861 -0.14745190 0.51070079
v -0.01254547 -0.14740338 0.51070079
v -0.01254547 -0.14740338 0.51070079
v -0.01254547 -0.14740338 0.51070079
v -0.01335867 -0.14721265 0.50996808
v -0.01335867 -0.14721265 0.50996808
v -0.01335867 -0.14721265 0.50996808
v -0.01356637 -0.14716393 0.51067574
v -0.01356637 -0.14716393 0.51067574
v -0.01356637 -0.14716393 0.51067574
v -0.01335867 -0.14721265 0.51067574
v -0.01335867 -0.14721265 0.51067574
v -0.01335867 -0.14721265 0.51067574
v -0.01287963 -0.14732500 0.50996808
v -0.01287963 -0.14732500 0.50996808
v -0.01287963 -0.14732500 0.50996808
v -0.01308649 -0.14727649 0.50996808
v -0.01308649 -0.14727649 0.50996808
v -0.01308649 -0.14727649 0.50996808
v -0.01287963 -0.14732500 0.51062652
v -0.01287963 -0.14732500 0.51062652
v -0.01287963 -0.14732500 0.51062652
v -0.01308649 -0.14727649 0.51062652
v -0.01308649 -0.14727649 0.51062652
v -0.01308649 -0.14727649 0.51062652
v -0.01356637 -0.14716393 0.51092801
v -0.01356637 -0.14716393 0.51092801
v -0.01356637 -0.14716393 0.51092801
v -0.01233861 -0.14745190 0.51092801
v -0.01233861 -0.14745190 0.51092801
v -0.01233861 -0.14745190 0.51092801
v -0.01233861 -0.14745190 0.51117403
v -0.01233861 -0.14745190 0.51117403
v -0.01233861 -0.14745190 0.51117403
v -0.01313925 -0.14726411 0.51117403
v -0.01313925 -0.14726411 0.51117403
v -0.01313925 -0.14726411 0.51117403
v -0.01356637 -0.14716393 0.51118565
v -0.01356637 -0.14716393 0.51118565
v -0.01356637 -0.14716393 0.51118565
v -0.01233861 -0.14745190 0.51170277
v -0.01233861 -0.14745190 0.51170277
v -0.01233861 -0.14745190 0.51170277
v -0.01274647 -0.14735624 0.51172243
v -0.01274647 -0.14735624 0.51172243
v -0.01274647 -0.14735624 0.51172243
v -0.01233861 -0.14745190 0.51196847
v -0.01233861 -0.14745190 0.51196847
v -0.01233861 -0.14745190 0.51196847
v -0.01356637 -0.14716393 0.51172243
v -0.01356637 -0.14716393 0.51172243
v -0.01356637 -0.14716393 0.51172243
v -0.01356637 -0.14716393 0.51196847
v -0.01356637 -0.14716393 0.51196847
v -0.01356637 -0.14716393 0.51196847
v -0.01335867 -0.14721265 0.51254370
v -0.01335867 -0.14721265 0.51254370
v -0.01335867 -0.14721265 0.51254370
v -0.01233861 -0.14745190 0.51254370
v -0.01233861 -0.14745190 0.51254370
v -0.01233861 -0.14745190 0.51254370
v -0.01233861 -0.14745190 0.51280852
v -0.01233861 -0.14745190 0.51280852
v -0.01233861 -0.14745190 0.51280852
v -0.01335867 -0.14721265 0.51280852
v -0.01335867 -0.14721265 0.51280852
v -0.01335867 -0.14721265 0.51280852
v -0.01356637 -0.14716393 0.51319679
v -0.01356637 -0.14716393 0.51319679
v -0.01356637 -0.14716393 0.51319679
v -0.01356637 -0.14716393 0.51215455
v -0.01356637 -0.14716393 0.51215455
v -0.01356637 -0.14716393 0.51215455
v -0.01335867 -0.14721265 0.51215455
v -0.01335867 -0.14721265 0.51215455
v -0.01335867 -0.14721265 0.51215455
v -0.01335867 -0.14721265 0.51319679
v -0.01335867 -0.14721265 0.51319679
v -0.01335867 -0.14721265 0.51319679
v -0.01307811 -0.14727845 0.51414240
v -0.01307811 -0.14727845 0.51414240
v -0.01307811 -0.14727845 0.51414240
v -0.01287376 -0.14732638 0.51414240
v -0.01287376 -0.14732638 0.51414240
v -0.01287376 -0.14732638 0.51414240
v -0.01287376 -0.14732638 0.51435619
v -0.01287376 -0.14732638 0.51435619
v -0.01307811 -0.14727845 0.51431596
v -0.01307811 -0.14727845 0.51431596
v -0.01308230 -0.14727747 0.51450832
v -0.01308230 -0.14727747 0.51450832
v -0.01286937 -0.14732741 0.51450525
v -0.01286937 -0.14732741 0.51450525
v -0.01285618 -0.14733051 0.51459105
v -0.01285618 -0.14733051 0.51459105
v -0.01309706 -0.14727401 0.51456903
v -0.01309706 -0.14727401 0.51456903
v -0.01312627 -0.14726716 0.51461521
v -0.01312627 -0.14726716 0.51461521
v -0.01283336 -0.14733586 0.51463883
v -0.01283336 -0.14733586 0.51463883
v -0.01316846 -0.14725726 0.51464440
v -0.01316846 -0.14725726 0.51464440
v -0.01280007 -0.14734366 0.51467378
v -0.01280007 -0.14734366 0.51467378
v -0.01322216 -0.14724467 0.51465409
v -0.01322216 -0.14724467 0.51465409
v -0.01353548 -0.14717118 0.51470647
v -0.01353548 -0.14717118 0.51470647
v -0.01327377 -0.14723256 0.51464576
v -0.01327377 -0.14723256 0.51464576
v -0.01355422 -0.14716678 0.51463398
v -0.01355422 -0.14716678 0.51463398
v -0.01331470 -0.14722296 0.51462055
v -0.01331470 -0.14722296 0.51462055
v -0.01334328 -0.14721626 0.51457884
v -0.01334328 -0.14721626 0.51457884
v -0.01335783 -0.14721284 0.51452083
v -0.01335783 -0.14721284 0.51452083
v -0.01356637 -0.14716393 0.51440182
v -0.01356637 -0.14716393 0.51440182
v -0.01336202 -0.14721186 0.51429447
v -0.01336202 -0.14721186 0.51429447
v -0.01336202 -0.14721186 0.51414240
v -0.01336202 -0.14721186 0.51414240
v -0.01336202 -0.14721186 0.51414240
v -0.01356637 -0.14716393 0.51387759
v -0.01356637 -0.14716393 0.51387759
v -0.01356637 -0.14716393 0.51387759
v -0.01254547 -0.14740338 0.51414240
v -0.01254547 -0.14740338 0.51414240
v -0.01254547 -0.14740338 0.51414240
v -0.01233861 -0.14745190 0.51387759
v -0.01233861 -0.14745190 0.51387759
v -0.01233861 -0.14745190 0.51387759
v -0.01233861 -0.14745190 0.51432400
v -0.01233861 -0.14745190 0.51432400
v -0.01254547 -0.14740338 0.51438753
v -0.01254547 -0.14740338 0.51438753
v -0.01234699 -0.14744994 0.51464336
v -0.01234699 -0.14744994 0.51464336
v -0.01255301 -0.14740161 0.51456915
v -0.01255301 -0.14740161 0.51456915
v -0.01257028 -0.14739756 0.51462269
v -0.01257028 -0.14739756 0.51462269
v -0.01260200 -0.14739012 0.51466532
v -0.01260200 -0.14739012 0.51466532
v -0.01236698 -0.14744525 0.51474057
v -0.01236698 -0.14744525 0.51474057
v -0.01264754 -0.14737944 0.51469316
v -0.01264754 -0.14737944 0.51469316
v -0.01270627 -0.14736567 0.51470242
v -0.01270627 -0.14736567 0.51470242
v -0.01299102 -0.14729888 0.51472750
v -0.01299102 -0.14729888 0.51472750
v -0.01299102 -0.14729888 0.51472750
v -0.01294684 -0.14730924 0.51483348
v -0.01294684 -0.14730924 0.51483348
v -0.01240519 -0.14743629 0.51482097
v -0.01240519 -0.14743629 0.51482097
v -0.01246047 -0.14742332 0.51488536
v -0.01246047 -0.14742332 0.51488536
v -0.01287963 -0.14732500 0.51491179
v -0.01287963 -0.14732500 0.51491179
v -0.01253165 -0.14740662 0.51493461
v -0.01253165 -0.14740662 0.51493461
v -0.01279400 -0.14734509 0.51496006
v -0.01279400 -0.14734509 0.51496006
v -0.01261195 -0.14738779 0.51496577
v -0.01261195 -0.14738779 0.51496577
v -0.01269454 -0.14736842 0.51497619
v -0.01269454 -0.14736842 0.51497619
v -0.01350355 -0.14717867 0.51477087
v -0.01350355 -0.14717867 0.51477087
v -0.01303603 -0.14728832 0.51480361
v -0.01303603 -0.14728832 0.51480361
v -0.01345865 -0.14718920 0.51482624
v -0.01345865 -0.14718920 0.51482624
v -0.01309905 -0.14727354 0.51486212
v -0.01309905 -0.14727354 0.51486212
v -0.01340096 -0.14720273 0.51487150
v -0.01340096 -0.14720273 0.51487150
v -0.01317463 -0.14725581 0.51489935
v -0.01317463 -0.14725581 0.51489935
v -0.01333302 -0.14721866 0.51490168
v -0.01333302 -0.14721866 0.51490168
v -0.01325733 -0.14723642 0.51491179
v -0.01325733 -0.14723642 0.51491179
v -0.01275736 -0.14735368 0.51469525
v -0.01275736 -0.14735368 0.51469525
v -0.01245932 -0.14742359 0.51514079
v -0.01245932 -0.14742359 0.51514079
v -0.01233861 -0.14745190 0.51511215
v -0.01233861 -0.14745190 0.51511215
v -0.01233861 -0.14745190 0.51511215
v -0.01233861 -0.14745190 0.51599338
v -0.01233861 -0.14745190 0.51599338
v -0.01233861 -0.14745190 0.51599338
v -0.01257353 -0.14739681 0.51519807
v -0.01257353 -0.14739681 0.51519807
v -0.01255720 -0.14740063 0.51549417
v -0.01255720 -0.14740063 0.51549417
v -0.01255720 -0.14740063 0.51549417
v -0.01255720 -0.14740063 0.51599338
v -0.01255720 -0.14740063 0.51599338
v -0.01255720 -0.14740063 0.51599338
v -0.01270260 -0.14736652 0.51530448
v -0.01270260 -0.14736652 0.51530448
v -0.01286790 -0.14732776 0.51548074
v -0.01286790 -0.14732776 0.51548074
v -0.01299227 -0.14729859 0.51561787
v -0.01299227 -0.14729859 0.51561787
v -0.01262252 -0.14738531 0.51554562
v -0.01262252 -0.14738531 0.51554562
v -0.01275819 -0.14735349 0.51569637
v -0.01275819 -0.14735349 0.51569637
v -0.01306890 -0.14728061 0.51568919
v -0.01306890 -0.14728061 0.51568919
v -0.01314134 -0.14726362 0.51572814
v -0.01314134 -0.14726362 0.51572814
v -0.01291480 -0.14731676 0.51586097
v -0.01291480 -0.14731676 0.51586097
v -0.01321295 -0.14724683 0.51574107
v -0.01321295 -0.14724683 0.51574107
v -0.01354690 -0.14716850 0.51575070
v -0.01354690 -0.14716850 0.51575070
v -0.01351627 -0.14717568 0.51582178
v -0.01351627 -0.14717568 0.51582178
v -0.01347341 -0.14718574 0.51588244
v -0.01347341 -0.14718574 0.51588244
v -0.01299510 -0.14729792 0.51592058
v -0.01299510 -0.14729792 0.51592058
v -0.01342143 -0.14719792 0.51593095
v -0.01342143 -0.14719792 0.51593095
v -0.01307183 -0.14727992 0.51596161
v -0.01307183 -0.14727992 0.51596161
v -0.01336349 -0.14721152 0.51596566
v -0.01336349 -0.14721152 0.51596566
v -0.01314878 -0.14726187 0.51598541
v -0.01314878 -0.14726187 0.51598541
v -0.01329957 -0.14722651 0.51598645
v -0.01329957 -0.14722651 0.51598645
v -0.01322970 -0.14724290 0.51599338
v -0.01322970 -0.14724290 0.51599338
v -0.01328256 -0.14723050 0.51572979
v -0.01328256 -0.14723050 0.51572979
v -0.01333396 -0.14721844 0.51569587
v -0.01333396 -0.14721844 0.51569587
v -0.01356527 -0.14716419 0.51566926
v -0.01356527 -0.14716419 0.51566926
v -0.01336568 -0.14721100 0.51564209
v -0.01336568 -0.14721100 0.51564209
v -0.01357139 -0.14716275 0.51557739
v -0.01357139 -0.14716275 0.51557739
v -0.01337626 -0.14720852 0.51557114
v -0.01337626 -0.14720852 0.51557114
v -0.01336516 -0.14721113 0.51550042
v -0.01336516 -0.14721113 0.51550042
v -0.01356611 -0.14716400 0.51549251
v -0.01356611 -0.14716400 0.51549251
v -0.01333187 -0.14721893 0.51544584
v -0.01333187 -0.14721893 0.51544584
v -0.01355025 -0.14716771 0.51541499
v -0.01355025 -0.14716771 0.51541499
v -0.01327283 -0.14723278 0.51540917
v -0.01327283 -0.14723278 0.51540917
v -0.01318447 -0.14725350 0.51539218
v -0.01318447 -0.14725350 0.51539218
v -0.01318447 -0.14725350 0.51539218
v -0.01352381 -0.14717392 0.51534489
v -0.01352381 -0.14717392 0.51534489
v -0.01348681 -0.14718259 0.51528216
v -0.01348681 -0.14718259 0.51528216
v -0.01343766 -0.14719412 0.51522911
v -0.01343766 -0.14719412 0.51522911
v -0.01337479 -0.14720886 0.51518796
v -0.01337479 -0.14720886 0.51518796
v -0.01329821 -0.14722683 0.51515882
v -0.01329821 -0.14722683 0.51515882
v -0.01320792 -0.14724801 0.51514171
v -0.01320792 -0.14724801 0.51514171
v -0.01320792 -0.14724801 0.51514171
v -0.01321380 -0.14708855 0.52113776
v -0.01321380 -0.14708855 0.52113776
v -0.01321380 -0.14708855 0.52113776
v -0.01396419 -0.14691255 0.52121792
v -0.01396419 -0.14691255 0.52121792
v -0.01396419 -0.14691255 0.52121792
v -0.01391277 -0.14692461 0.52152652
v -0.01391277 -0.14692461 0.52152652
v -0.01382550 -0.14694508 0.52178834
v -0.01382550 -0.14694508 0.52178834
v -0.01370239 -0.14697395 0.52200323
v -0.01370239 -0.14697395 0.52200323
v -0.01354344 -0.14701124 0.52217121
v -0.01354344 -0.14701124 0.52217121
v -0.01335550 -0.14705532 0.52229772
v -0.01335550 -0.14705532 0.52229772
v -0.01314546 -0.14710458 0.52238806
v -0.01314546 -0.14710458 0.52238806
v -0.01316288 -0.14710049 0.52143974
v -0.01316288 -0.14710049 0.52143974
v -0.01305300 -0.14712626 0.52164158
v -0.01305300 -0.14712626 0.52164158
v -0.01291331 -0.14715903 0.52244228
v -0.01291331 -0.14715903 0.52244228
v -0.01288953 -0.14716461 0.52175540
v -0.01288953 -0.14716461 0.52175540
v -0.01265905 -0.14721866 0.52246037
v -0.01265905 -0.14721866 0.52246037
v -0.01267781 -0.14721427 0.52179330
v -0.01267781 -0.14721427 0.52179330
v -0.01246509 -0.14726416 0.52175718
v -0.01246509 -0.14726416 0.52175718
v -0.01238385 -0.14728321 0.52243940
v -0.01238385 -0.14728321 0.52243940
v -0.01230395 -0.14730195 0.52164875
v -0.01230395 -0.14730195 0.52164875
v -0.01213981 -0.14734045 0.52237660
v -0.01213981 -0.14734045 0.52237660
v -0.01220245 -0.14732576 0.52147305
v -0.01220245 -0.14732576 0.52147305
v -0.01216862 -0.14733370 0.52123510
v -0.01216862 -0.14733370 0.52123510
v -0.01180951 -0.14741793 0.52021594
v -0.01180951 -0.14741793 0.52021594
v -0.01220748 -0.14732458 0.52099033
v -0.01220748 -0.14732458 0.52099033
v -0.01230262 -0.14730227 0.51968061
v -0.01230262 -0.14730227 0.51968061
v -0.01232405 -0.14729724 0.52074269
v -0.01232405 -0.14729724 0.52074269
v -0.01253778 -0.14724711 0.52048076
v -0.01253778 -0.14724711 0.52048076
v -0.01275419 -0.14719635 0.51921678
v -0.01275419 -0.14719635 0.51921678
v -0.01290829 -0.14716021 0.51899349
v -0.01290829 -0.14716021 0.51899349
v -0.01290829 -0.14716021 0.51899349
v -0.01294848 -0.14715078 0.52005563
v -0.01294848 -0.14715078 0.52005563
v -0.01347644 -0.14702695 0.51949056
v -0.01347644 -0.14702695 0.51949056
v -0.01379535 -0.14695214 0.51904936
v -0.01379535 -0.14695214 0.51904936
v -0.01141287 -0.14751095 0.51824633
v -0.01141287 -0.14751095 0.51824633
v -0.01141287 -0.14751095 0.51824633
v -0.01396687 -0.14691192 0.51865895
v -0.01396687 -0.14691192 0.51865895
v -0.01405263 -0.14689181 0.51824633
v -0.01405263 -0.14689181 0.51824633
v -0.01405263 -0.14689181 0.51824633
v -0.01141287 -0.14751095 0.51899349
v -0.01141287 -0.14751095 0.51899349
v -0.01141287 -0.14751095 0.51899349
v -0.01192692 -0.14739039 0.52227197
v -0.01192692 -0.14739039 0.52227197
v -0.01174519 -0.14743301 0.52212540
v -0.01174519 -0.14743301 0.52212540
v -0.01163095 -0.14745980 0.52049039
v -0.01163095 -0.14745980 0.52049039
v -0.01159980 -0.14746711 0.52194773
v -0.01159980 -0.14746711 0.52194773
v -0.01150801 -0.14748864 0.52075269
v -0.01150801 -0.14748864 0.52075269
v -0.01149595 -0.14749146 0.52174970
v -0.01149595 -0.14749146 0.52174970
v -0.01143666 -0.14750538 0.52101572
v -0.01143666 -0.14750538 0.52101572
v -0.01143364 -0.14750608 0.52153118
v -0.01143364 -0.14750608 0.52153118
v -0.01141287 -0.14751095 0.52129231
v -0.01141287 -0.14751095 0.52129231
v -0.01407933 -0.14739141 0.51865895
v -0.01407933 -0.14739141 0.51865895
v -0.01416509 -0.14737130 0.51824633
v -0.01416509 -0.14737130 0.51824633
v -0.01416509 -0.14737130 0.51824633
v -0.01152534 -0.14799045 0.51824633
v -0.01152534 -0.14799045 0.51824633
v -0.01152534 -0.14799045 0.51824633
v -0.01390782 -0.14743165 0.51904936
v -0.01390782 -0.14743165 0.51904936
v -0.01302075 -0.14763970 0.51899349
v -0.01302075 -0.14763970 0.51899349
v -0.01302075 -0.14763970 0.51899349
v -0.01152534 -0.14799045 0.51899349
v -0.01152534 -0.14799045 0.51899349
v -0.01152534 -0.14799045 0.51899349
v -0.01358890 -0.14750645 0.51949056
v -0.01358890 -0.14750645 0.51949056
v -0.01306095 -0.14763027 0.52005563
v -0.01306095 -0.14763027 0.52005563
v -0.01265025 -0.14772660 0.52048076
v -0.01265025 -0.14772660 0.52048076
v -0.01286665 -0.14767585 0.51921678
v -0.01286665 -0.14767585 0.51921678
v -0.01241508 -0.14778176 0.51968061
v -0.01241508 -0.14778176 0.51968061
v -0.01243652 -0.14777673 0.52074269
v -0.01243652 -0.14777673 0.52074269
v -0.01231994 -0.14780408 0.52099033
v -0.01231994 -0.14780408 0.52099033
v -0.01192197 -0.14789742 0.52021594
v -0.01192197 -0.14789742 0.52021594
v -0.01228108 -0.14781319 0.52123510
v -0.01228108 -0.14781319 0.52123510
v -0.01225227 -0.14781995 0.52237660
v -0.01225227 -0.14781995 0.52237660
v -0.01203938 -0.14786988 0.52227197
v -0.01203938 -0.14786988 0.52227197
v -0.01185765 -0.14791251 0.52212540
v -0.01185765 -0.14791251 0.52212540
v -0.01174342 -0.14793930 0.52049039
v -0.01174342 -0.14793930 0.52049039
v -0.01171226 -0.14794661 0.52194773
v -0.01171226 -0.14794661 0.52194773
v -0.01162047 -0.14796814 0.52075269
v -0.01162047 -0.14796814 0.52075269
v -0.01160841 -0.14797097 0.52174970
v -0.01160841 -0.14797097 0.52174970
v -0.01154912 -0.14798487 0.52101572
v -0.01154912 -0.14798487 0.52101572
v -0.01154611 -0.14798558 0.52153118
v -0.01154611 -0.14798558 0.52153118
v -0.01152534 -0.14799045 0.52129231
v -0.01152534 -0.14799045 0.52129231
v -0.01231492 -0.14780526 0.52147305
v -0.01231492 -0.14780526 0.52147305
v -0.01241642 -0.14778145 0.52164875
v -0.01241642 -0.14778145 0.52164875
v -0.01249632 -0.14776271 0.52243940
v -0.01249632 -0.14776271 0.52243940
v -0.01257755 -0.14774365 0.52175718
v -0.01257755 -0.14774365 0.52175718
v -0.01277151 -0.14769816 0.52246037
v -0.01277151 -0.14769816 0.52246037
v -0.01279028 -0.14769376 0.52179330
v -0.01279028 -0.14769376 0.52179330
v -0.01300199 -0.14764410 0.52175540
v -0.01300199 -0.14764410 0.52175540
v -0.01302578 -0.14763853 0.52244228
v -0.01302578 -0.14763853 0.52244228
v -0.01316547 -0.14760577 0.52164158
v -0.01316547 -0.14760577 0.52164158
v -0.01325793 -0.14758408 0.52238806
v -0.01325793 -0.14758408 0.52238806
v -0.01327535 -0.14757999 0.52143974
v -0.01327535 -0.14757999 0.52143974
v -0.01332627 -0.14756805 0.52113776
v -0.01332627 -0.14756805 0.52113776
v -0.01332627 -0.14756805 0.52113776
v -0.01346797 -0.14753481 0.52229772
v -0.01346797 -0.14753481 0.52229772
v -0.01365590 -0.14749073 0.52217121
v -0.01365590 -0.14749073 0.52217121
v -0.01381485 -0.14745345 0.52200323
v -0.01381485 -0.14745345 0.52200323
v -0.01393796 -0.14742457 0.52178834
v -0.01393796 -0.14742457 0.52178834
v -0.01402523 -0.14740410 0.52152652
v -0.01402523 -0.14740410 0.52152652
v -0.01407665 -0.14739205 0.52121792
v -0.01407665 -0.14739205 0.52121792
v -0.01407665 -0.14739205 0.52121792
v 0.01757628 -0.14163436 0.50478968
v 0.01757628 -0.14163436 0.50478968
v 0.01749015 -0.14168777 0.50477904
v 0.01749015 -0.14168777 0.50477904
v 0.01737860 -0.14175693 0.50479903
v 0.01737860 -0.14175693 0.50479903
v 0.01765559 -0.14158518 0.50482154
v 0.01765559 -0.14158518 0.50482154
v 0.01727452 -0.14182146 0.50485901
v 0.01727452 -0.14182146 0.50485901
v 0.01772809 -0.14154024 0.50487468
v 0.01772809 -0.14154024 0.50487468
v 0.01718613 -0.14187626 0.50495662
v 0.01718613 -0.14187626 0.50495662
v 0.01779377 -0.14149952 0.50494907
v 0.01779377 -0.14149952 0.50494907
v 0.01783629 -0.14147315 0.50502070
v 0.01783629 -0.14147315 0.50502070
v 0.01712168 -0.14191623 0.50508951
v 0.01712168 -0.14191623 0.50508951
v 0.01787534 -0.14144894 0.50511469
v 0.01787534 -0.14144894 0.50511469
v 0.01746956 -0.14170053 0.50513548
v 0.01746956 -0.14170053 0.50513548
v 0.01741681 -0.14173324 0.50515026
v 0.01741681 -0.14173324 0.50515026
v 0.01708231 -0.14194063 0.50525559
v 0.01708231 -0.14194063 0.50525559
v 0.01737590 -0.14175860 0.50519466
v 0.01737590 -0.14175860 0.50519466
v 0.01733499 -0.14178397 0.50530426
v 0.01733499 -0.14178397 0.50530426
v 0.01706919 -0.14194877 0.50545285
v 0.01706919 -0.14194877 0.50545285
v 0.01732135 -0.14179243 0.50544908
v 0.01732135 -0.14179243 0.50544908
v 0.01733409 -0.14178452 0.50558682
v 0.01733409 -0.14178452 0.50558682
v 0.01707697 -0.14194394 0.50561593
v 0.01707697 -0.14194394 0.50561593
v 0.01737229 -0.14176084 0.50568522
v 0.01737229 -0.14176084 0.50568522
v 0.01710032 -0.14192946 0.50575750
v 0.01710032 -0.14192946 0.50575750
v 0.01743959 -0.14171912 0.50575023
v 0.01743959 -0.14171912 0.50575023
v 0.01753954 -0.14165714 0.50578786
v 0.01753954 -0.14165714 0.50578786
v 0.01753954 -0.14165714 0.50578786
v 0.01713924 -0.14190534 0.50587758
v 0.01713924 -0.14190534 0.50587758
v 0.01752617 -0.14166543 0.50616067
v 0.01752617 -0.14166543 0.50616067
v 0.01752617 -0.14166543 0.50616067
v 0.01719372 -0.14187156 0.50597616
v 0.01719372 -0.14187156 0.50597616
v 0.01726120 -0.14182971 0.50605359
v 0.01726120 -0.14182971 0.50605359
v 0.01733911 -0.14178142 0.50611014
v 0.01733911 -0.14178142 0.50611014
v 0.01742743 -0.14172665 0.50614583
v 0.01742743 -0.14172665 0.50614583
v 0.01751922 -0.14166974 0.50514934
v 0.01751922 -0.14166974 0.50514934
v 0.01794301 -0.14140698 0.50536972
v 0.01794301 -0.14140698 0.50536972
v 0.01756116 -0.14164374 0.50519089
v 0.01756116 -0.14164374 0.50519089
v 0.01761056 -0.14161310 0.50531180
v 0.01761056 -0.14161310 0.50531180
v 0.01766203 -0.14158120 0.50553347
v 0.01766203 -0.14158120 0.50553347
v 0.01800888 -0.14136613 0.50566824
v 0.01800888 -0.14136613 0.50566824
v 0.01771542 -0.14154809 0.50577007
v 0.01771542 -0.14154809 0.50577007
v 0.01803911 -0.14134739 0.50574962
v 0.01803911 -0.14134739 0.50574962
v 0.01807424 -0.14132561 0.50580236
v 0.01807424 -0.14132561 0.50580236
v 0.01777061 -0.14151387 0.50593587
v 0.01777061 -0.14151387 0.50593587
v 0.01811579 -0.14129985 0.50583116
v 0.01811579 -0.14129985 0.50583116
v 0.01816532 -0.14126914 0.50584078
v 0.01816532 -0.14126914 0.50584078
v 0.01857547 -0.14101484 0.50587605
v 0.01857547 -0.14101484 0.50587605
v 0.01850587 -0.14105799 0.50601897
v 0.01850587 -0.14105799 0.50601897
v 0.01783699 -0.14147271 0.50605203
v 0.01783699 -0.14147271 0.50605203
v 0.01840719 -0.14111917 0.50612541
v 0.01840719 -0.14111917 0.50612541
v 0.01792396 -0.14141879 0.50613988
v 0.01792396 -0.14141879 0.50613988
v 0.01828986 -0.14119192 0.50619152
v 0.01828986 -0.14119192 0.50619152
v 0.01803268 -0.14135138 0.50619514
v 0.01803268 -0.14135138 0.50619514
v 0.01816429 -0.14126978 0.50621357
v 0.01816429 -0.14126978 0.50621357
v 0.01824342 -0.14122072 0.50581794
v 0.01824342 -0.14122072 0.50581794
v 0.01831096 -0.14117884 0.50574947
v 0.01831096 -0.14117884 0.50574947
v 0.01861677 -0.14098923 0.50569497
v 0.01861677 -0.14098923 0.50569497
v 0.01835766 -0.14114988 0.50563595
v 0.01835766 -0.14114988 0.50563595
v 0.01837322 -0.14114023 0.50547806
v 0.01837322 -0.14114023 0.50547806
v 0.01863053 -0.14098070 0.50547426
v 0.01863053 -0.14098070 0.50547426
v 0.01835573 -0.14115108 0.50532550
v 0.01835573 -0.14115108 0.50532550
v 0.01862227 -0.14098582 0.50530935
v 0.01862227 -0.14098582 0.50530935
v 0.01830324 -0.14118363 0.50520788
v 0.01830324 -0.14118363 0.50520788
v 0.01859747 -0.14100119 0.50516476
v 0.01859747 -0.14100119 0.50516476
v 0.01821344 -0.14123931 0.50512463
v 0.01821344 -0.14123931 0.50512463
v 0.01808401 -0.14131956 0.50507501
v 0.01808401 -0.14131956 0.50507501
v 0.01808401 -0.14131956 0.50507501
v 0.01855614 -0.14102682 0.50504045
v 0.01855614 -0.14102682 0.50504045
v 0.01849828 -0.14106270 0.50493647
v 0.01849828 -0.14106270 0.50493647
v 0.01842459 -0.14110839 0.50485208
v 0.01842459 -0.14110839 0.50485208
v 0.01833579 -0.14116344 0.50478661
v 0.01833579 -0.14116344 0.50478661
v 0.01823187 -0.14122788 0.50474001
v 0.01823187 -0.14122788 0.50474001
v 0.01811283 -0.14130169 0.50471228
v 0.01811283 -0.14130169 0.50471228
v 0.01811283 -0.14130169 0.50471228
v 0.01860377 -0.14099729 0.50673498
v 0.01860377 -0.14099729 0.50673498
v 0.01860377 -0.14099729 0.50673498
v 0.01860377 -0.14099729 0.50633950
v 0.01860377 -0.14099729 0.50633950
v 0.01860377 -0.14099729 0.50633950
v 0.01709492 -0.14193281 0.50705867
v 0.01709492 -0.14193281 0.50705867
v 0.01709492 -0.14193281 0.50705867
v 0.01826104 -0.14120979 0.50688738
v 0.01826104 -0.14120979 0.50688738
v 0.01826104 -0.14120979 0.50688738
v 0.01800682 -0.14136742 0.50700200
v 0.01800682 -0.14136742 0.50700200
v 0.01800682 -0.14136742 0.50700200
v 0.01744692 -0.14171457 0.50725136
v 0.01744692 -0.14171457 0.50725136
v 0.01744692 -0.14171457 0.50725136
v 0.01709492 -0.14193281 0.50745288
v 0.01709492 -0.14193281 0.50745288
v 0.01709492 -0.14193281 0.50745288
v 0.01800682 -0.14136742 0.50750578
v 0.01800682 -0.14136742 0.50750578
v 0.01800682 -0.14136742 0.50750578
v 0.01860377 -0.14099729 0.50819217
v 0.01860377 -0.14099729 0.50819217
v 0.01860377 -0.14099729 0.50819217
v 0.01826104 -0.14120979 0.50762543
v 0.01826104 -0.14120979 0.50762543
v 0.01826104 -0.14120979 0.50762543
v 0.01860377 -0.14099729 0.50778663
v 0.01860377 -0.14099729 0.50778663
v 0.01860377 -0.14099729 0.50778663
v 0.01741604 -0.14173371 0.50873121
v 0.01741604 -0.14173371 0.50873121
v 0.01741604 -0.14173371 0.50873121
v 0.01860377 -0.14099729 0.50838486
v 0.01860377 -0.14099729 0.50838486
v 0.01860377 -0.14099729 0.50838486
v 0.01709492 -0.14193281 0.50838486
v 0.01709492 -0.14193281 0.50838486
v 0.01709492 -0.14193281 0.50838486
v 0.01709492 -0.14193281 0.50894282
v 0.01709492 -0.14193281 0.50894282
v 0.01709492 -0.14193281 0.50894282
v 0.01860377 -0.14099729 0.50909645
v 0.01860377 -0.14099729 0.50909645
v 0.01860377 -0.14099729 0.50909645
v 0.01812415 -0.14129467 0.50927783
v 0.01812415 -0.14129467 0.50927783
v 0.01812415 -0.14129467 0.50927783
v 0.01860377 -0.14099729 0.50945540
v 0.01860377 -0.14099729 0.50945540
v 0.01860377 -0.14099729 0.50945540
v 0.01709492 -0.14193281 0.50960906
v 0.01709492 -0.14193281 0.50960906
v 0.01709492 -0.14193281 0.50960906
v 0.01741604 -0.14173371 0.50982190
v 0.01741604 -0.14173371 0.50982190
v 0.01741604 -0.14173371 0.50982190
v 0.01709492 -0.14193281 0.51016825
v 0.01709492 -0.14193281 0.51016825
v 0.01709492 -0.14193281 0.51016825
v 0.01860377 -0.14099729 0.50982190
v 0.01860377 -0.14099729 0.50982190
v 0.01860377 -0.14099729 0.50982190
v 0.01860377 -0.14099729 0.51016825
v 0.01860377 -0.14099729 0.51016825
v 0.01860377 -0.14099729 0.51016825
v 0.01860377 -0.14099729 0.50873121
v 0.01860377 -0.14099729 0.50873121
v 0.01860377 -0.14099729 0.50873121
v 0.01735017 -0.14177456 0.51091133
v 0.01735017 -0.14177456 0.51091133
v 0.01735017 -0.14177456 0.51091133
v 0.01860377 -0.14099729 0.51053855
v 0.01860377 -0.14099729 0.51053855
v 0.01860377 -0.14099729 0.51053855
v 0.01709492 -0.14193281 0.51053855
v 0.01709492 -0.14193281 0.51053855
v 0.01709492 -0.14193281 0.51053855
v 0.01709492 -0.14193281 0.51113677
v 0.01709492 -0.14193281 0.51113677
v 0.01735017 -0.14177456 0.51109145
v 0.01735017 -0.14177456 0.51109145
v 0.01736046 -0.14176817 0.51135970
v 0.01736046 -0.14176817 0.51135970
v 0.01710058 -0.14192930 0.51141762
v 0.01710058 -0.14192930 0.51141762
v 0.01738388 -0.14175365 0.51144252
v 0.01738388 -0.14175365 0.51144252
v 0.01711756 -0.14191878 0.51158012
v 0.01711756 -0.14191878 0.51158012
v 0.01742736 -0.14172669 0.51150959
v 0.01742736 -0.14172669 0.51150959
v 0.01748809 -0.14168904 0.51155399
v 0.01748809 -0.14168904 0.51155399
v 0.01756322 -0.14164245 0.51156877
v 0.01756322 -0.14164245 0.51156877
v 0.01798636 -0.14138010 0.51163853
v 0.01798636 -0.14138010 0.51163853
v 0.01762600 -0.14160353 0.51155822
v 0.01762600 -0.14160353 0.51155822
v 0.01801299 -0.14136358 0.51154108
v 0.01801299 -0.14136358 0.51154108
v 0.01768055 -0.14156971 0.51152658
v 0.01768055 -0.14156971 0.51152658
v 0.01772430 -0.14154258 0.51147635
v 0.01772430 -0.14154258 0.51147635
v 0.01775466 -0.14152376 0.51141008
v 0.01775466 -0.14152376 0.51141008
v 0.01802920 -0.14135353 0.51137764
v 0.01802920 -0.14135353 0.51137764
v 0.01777241 -0.14151275 0.51129926
v 0.01777241 -0.14151275 0.51129926
v 0.01803461 -0.14135018 0.51115440
v 0.01803461 -0.14135018 0.51115440
v 0.01777833 -0.14150908 0.51111537
v 0.01777833 -0.14150908 0.51111537
v 0.01803461 -0.14135018 0.51091133
v 0.01803461 -0.14135018 0.51091133
v 0.01803461 -0.14135018 0.51091133
v 0.01777833 -0.14150908 0.51091133
v 0.01777833 -0.14150908 0.51091133
v 0.01777833 -0.14150908 0.51091133
v 0.01860377 -0.14099729 0.51091133
v 0.01860377 -0.14099729 0.51091133
v 0.01860377 -0.14099729 0.51091133
v 0.01717147 -0.14188535 0.51172589
v 0.01717147 -0.14188535 0.51172589
v 0.01794146 -0.14140794 0.51173438
v 0.01794146 -0.14140794 0.51173438
v 0.01726526 -0.14182720 0.51184585
v 0.01726526 -0.14182720 0.51184585
v 0.01787726 -0.14144774 0.51182113
v 0.01787726 -0.14144774 0.51182113
v 0.01779274 -0.14150015 0.51189120
v 0.01779274 -0.14150015 0.51189120
v 0.01732627 -0.14178937 0.51189270
v 0.01732627 -0.14178937 0.51189270
v 0.01768699 -0.14156572 0.51193747
v 0.01768699 -0.14156572 0.51193747
v 0.01739558 -0.14174639 0.51192616
v 0.01739558 -0.14174639 0.51192616
v 0.01747320 -0.14169827 0.51194621
v 0.01747320 -0.14169827 0.51194621
v 0.01755911 -0.14164501 0.51195290
v 0.01755911 -0.14164501 0.51195290
v 0.01860377 -0.14099729 0.51226905
v 0.01860377 -0.14099729 0.51226905
v 0.01860377 -0.14099729 0.51226905
v 0.01710727 -0.14192516 0.51226905
v 0.01710727 -0.14192516 0.51226905
v 0.01710727 -0.14192516 0.51226905
v 0.01710727 -0.14192516 0.51264183
v 0.01710727 -0.14192516 0.51264183
v 0.01710727 -0.14192516 0.51264183
v 0.01834955 -0.14115490 0.51264183
v 0.01834955 -0.14115490 0.51264183
v 0.01834955 -0.14115490 0.51264183
v 0.01860377 -0.14099729 0.51356880
v 0.01860377 -0.14099729 0.51356880
v 0.01860377 -0.14099729 0.51356880
v 0.01834955 -0.14115490 0.51356880
v 0.01834955 -0.14115490 0.51356880
v 0.01834955 -0.14115490 0.51356880
v 0.01735017 -0.14177455 0.51420732
v 0.01735017 -0.14177455 0.51420732
v 0.01735017 -0.14177455 0.51420732
v 0.01860377 -0.14099729 0.51383454
v 0.01860377 -0.14099729 0.51383454
v 0.01860377 -0.14099729 0.51383454
v 0.01709492 -0.14193281 0.51383454
v 0.01709492 -0.14193281 0.51383454
v 0.01709492 -0.14193281 0.51383454
v 0.01709492 -0.14193281 0.51520354
v 0.01709492 -0.14193281 0.51520354
v 0.01709492 -0.14193281 0.51520354
v 0.01735017 -0.14177455 0.51520354
v 0.01735017 -0.14177455 0.51520354
v 0.01735017 -0.14177455 0.51520354
v 0.01834955 -0.14115490 0.51420732
v 0.01834955 -0.14115490 0.51420732
v 0.01834955 -0.14115490 0.51420732
v 0.01860377 -0.14099729 0.51523880
v 0.01860377 -0.14099729 0.51523880
v 0.01860377 -0.14099729 0.51523880
v 0.01834955 -0.14115490 0.51523880
v 0.01834955 -0.14115490 0.51523880
v 0.01834955 -0.14115490 0.51523880
v 0.01768467 -0.14156715 0.51420732
v 0.01768467 -0.14156715 0.51420732
v 0.01768467 -0.14156715 0.51420732
v 0.01793889 -0.14140953 0.51420732
v 0.01793889 -0.14140953 0.51420732
v 0.01793889 -0.14140953 0.51420732
v 0.01768467 -0.14156715 0.51513430
v 0.01768467 -0.14156715 0.51513430
v 0.01768467 -0.14156715 0.51513430
v 0.01793889 -0.14140953 0.51513430
v 0.01793889 -0.14140953 0.51513430
v 0.01793889 -0.14140953 0.51513430
v 0.01819819 -0.14150370 0.50507501
v 0.01819819 -0.14150370 0.50507501
v 0.01819819 -0.14150370 0.50507501
v 0.01822701 -0.14148583 0.50471228
v 0.01822701 -0.14148583 0.50471228
v 0.01822701 -0.14148583 0.50471228
v 0.01834604 -0.14141203 0.50474001
v 0.01834604 -0.14141203 0.50474001
v 0.01844996 -0.14134760 0.50478661
v 0.01844996 -0.14134760 0.50478661
v 0.01853877 -0.14129253 0.50485208
v 0.01853877 -0.14129253 0.50485208
v 0.01861246 -0.14124685 0.50493647
v 0.01861246 -0.14124685 0.50493647
v 0.01867032 -0.14121097 0.50504045
v 0.01867032 -0.14121097 0.50504045
v 0.01871165 -0.14118535 0.50516476
v 0.01871165 -0.14118535 0.50516476
v 0.01832761 -0.14142345 0.50512463
v 0.01832761 -0.14142345 0.50512463
v 0.01841742 -0.14136777 0.50520788
v 0.01841742 -0.14136777 0.50520788
v 0.01873645 -0.14116997 0.50530935
v 0.01873645 -0.14116997 0.50530935
v 0.01846991 -0.14133523 0.50532550
v 0.01846991 -0.14133523 0.50532550
v 0.01874471 -0.14116485 0.50547426
v 0.01874471 -0.14116485 0.50547426
v 0.01848741 -0.14132439 0.50547806
v 0.01848741 -0.14132439 0.50547806
v 0.01873095 -0.14117338 0.50569497
v 0.01873095 -0.14117338 0.50569497
v 0.01847183 -0.14133404 0.50563595
v 0.01847183 -0.14133404 0.50563595
v 0.01842513 -0.14136299 0.50574947
v 0.01842513 -0.14136299 0.50574947
v 0.01868965 -0.14119899 0.50587605
v 0.01868965 -0.14119899 0.50587605
v 0.01835759 -0.14140487 0.50581794
v 0.01835759 -0.14140487 0.50581794
v 0.01827950 -0.14145329 0.50584078
v 0.01827950 -0.14145329 0.50584078
v 0.01788479 -0.14169802 0.50593587
v 0.01788479 -0.14169802 0.50593587
v 0.01822996 -0.14148400 0.50583116
v 0.01822996 -0.14148400 0.50583116
v 0.01818841 -0.14150976 0.50580236
v 0.01818841 -0.14150976 0.50580236
v 0.01782960 -0.14173224 0.50577007
v 0.01782960 -0.14173224 0.50577007
v 0.01815329 -0.14153154 0.50574962
v 0.01815329 -0.14153154 0.50574962
v 0.01812306 -0.14155029 0.50566824
v 0.01812306 -0.14155029 0.50566824
v 0.01777620 -0.14176534 0.50553347
v 0.01777620 -0.14176534 0.50553347
v 0.01805719 -0.14159113 0.50536972
v 0.01805719 -0.14159113 0.50536972
v 0.01772474 -0.14179726 0.50531180
v 0.01772474 -0.14179726 0.50531180
v 0.01767534 -0.14182788 0.50519089
v 0.01767534 -0.14182788 0.50519089
v 0.01763340 -0.14185389 0.50514934
v 0.01763340 -0.14185389 0.50514934
v 0.01798951 -0.14163309 0.50511469
v 0.01798951 -0.14163309 0.50511469
v 0.01758374 -0.14188468 0.50513548
v 0.01758374 -0.14188468 0.50513548
v 0.01723586 -0.14210038 0.50508951
v 0.01723586 -0.14210038 0.50508951
v 0.01795047 -0.14165730 0.50502070
v 0.01795047 -0.14165730 0.50502070
v 0.01730031 -0.14206041 0.50495665
v 0.01730031 -0.14206041 0.50495665
v 0.01790795 -0.14168366 0.50494907
v 0.01790795 -0.14168366 0.50494907
v 0.01784227 -0.14172438 0.50487468
v 0.01784227 -0.14172438 0.50487468
v 0.01738870 -0.14200561 0.50485901
v 0.01738870 -0.14200561 0.50485901
v 0.01776977 -0.14176934 0.50482154
v 0.01776977 -0.14176934 0.50482154
v 0.01749278 -0.14194108 0.50479903
v 0.01749278 -0.14194108 0.50479903
v 0.01769046 -0.14181851 0.50478968
v 0.01769046 -0.14181851 0.50478968
v 0.01760432 -0.14187192 0.50477904
v 0.01760432 -0.14187192 0.50477904
v 0.01753099 -0.14191738 0.50515026
v 0.01753099 -0.14191738 0.50515026
v 0.01719649 -0.14212479 0.50525559
v 0.01719649 -0.14212479 0.50525559
v 0.01749008 -0.14194275 0.50519466
v 0.01749008 -0.14194275 0.50519466
v 0.01744917 -0.14196812 0.50530426
v 0.01744917 -0.14196812 0.50530426
v 0.01718337 -0.14213292 0.50545285
v 0.01718337 -0.14213292 0.50545285
v 0.01743553 -0.14197657 0.50544908
v 0.01743553 -0.14197657 0.50544908
v 0.01744827 -0.14196868 0.50558682
v 0.01744827 -0.14196868 0.50558682
v 0.01719115 -0.14212810 0.50561593
v 0.01719115 -0.14212810 0.50561593
v 0.01748647 -0.14194499 0.50568522
v 0.01748647 -0.14194499 0.50568522
v 0.01721450 -0.14211362 0.50575750
v 0.01721450 -0.14211362 0.50575750
v 0.01755376 -0.14190327 0.50575023
v 0.01755376 -0.14190327 0.50575023
v 0.01765373 -0.14184128 0.50578786
v 0.01765373 -0.14184128 0.50578786
v 0.01765373 -0.14184128 0.50578786
v 0.01725342 -0.14208948 0.50587758
v 0.01725342 -0.14208948 0.50587758
v 0.01764034 -0.14184958 0.50616067
v 0.01764034 -0.14184958 0.50616067
v 0.01764034 -0.14184958 0.50616067
v 0.01730790 -0.14205571 0.50597616
v 0.01730790 -0.14205571 0.50597616
v 0.01737538 -0.14201387 0.50605359
v 0.01737538 -0.14201387 0.50605359
v 0.01745328 -0.14196556 0.50611014
v 0.01745328 -0.14196556 0.50611014
v 0.01754160 -0.14191081 0.50614583
v 0.01754160 -0.14191081 0.50614583
v 0.01862005 -0.14124215 0.50601897
v 0.01862005 -0.14124215 0.50601897
v 0.01795117 -0.14165686 0.50605203
v 0.01795117 -0.14165686 0.50605203
v 0.01852137 -0.14130333 0.50612541
v 0.01852137 -0.14130333 0.50612541
v 0.01803814 -0.14160294 0.50613988
v 0.01803814 -0.14160294 0.50613988
v 0.01840404 -0.14137607 0.50619152
v 0.01840404 -0.14137607 0.50619152
v 0.01814686 -0.14153553 0.50619514
v 0.01814686 -0.14153553 0.50619514
v 0.01827847 -0.14145393 0.50621357
v 0.01827847 -0.14145393 0.50621357
v 0.01812100 -0.14155157 0.50700200
v 0.01812100 -0.14155157 0.50700200
v 0.01812100 -0.14155157 0.50700200
v 0.01837522 -0.14139394 0.50688738
v 0.01837522 -0.14139394 0.50688738
v 0.01837522 -0.14139394 0.50688738
v 0.01837522 -0.14139394 0.50762543
v 0.01837522 -0.14139394 0.50762543
v 0.01837522 -0.14139394 0.50762543
v 0.01812100 -0.14155157 0.50750578
v 0.01812100 -0.14155157 0.50750578
v 0.01812100 -0.14155157 0.50750578
v 0.01871795 -0.14118144 0.50819217
v 0.01871795 -0.14118144 0.50819217
v 0.01871795 -0.14118144 0.50819217
v 0.01720910 -0.14211697 0.50745288
v 0.01720910 -0.14211697 0.50745288
v 0.01720910 -0.14211697 0.50745288
v 0.01756109 -0.14189872 0.50725136
v 0.01756109 -0.14189872 0.50725136
v 0.01756109 -0.14189872 0.50725136
v 0.01720910 -0.14211697 0.50705867
v 0.01720910 -0.14211697 0.50705867
v 0.01720910 -0.14211697 0.50705867
v 0.01871795 -0.14118144 0.50673498
v 0.01871795 -0.14118144 0.50673498
v 0.01871795 -0.14118144 0.50673498
v 0.01871795 -0.14118144 0.50633950
v 0.01871795 -0.14118144 0.50633950
v 0.01871795 -0.14118144 0.50633950
v 0.01871795 -0.14118144 0.50778663
v 0.01871795 -0.14118144 0.50778663
v 0.01871795 -0.14118144 0.50778663
v 0.01753022 -0.14191786 0.50982190
v 0.01753022 -0.14191786 0.50982190
v 0.01753022 -0.14191786 0.50982190
v 0.01871795 -0.14118144 0.50982190
v 0.01871795 -0.14118144 0.50982190
v 0.01871795 -0.14118144 0.50982190
v 0.01871795 -0.14118144 0.51016825
v 0.01871795 -0.14118144 0.51016825
v 0.01871795 -0.14118144 0.51016825
v 0.01720910 -0.14211697 0.51016825
v 0.01720910 -0.14211697 0.51016825
v 0.01720910 -0.14211697 0.51016825
v 0.01720910 -0.14211697 0.50960906
v 0.01720910 -0.14211697 0.50960906
v 0.01720910 -0.14211697 0.50960906
v 0.01871795 -0.14118144 0.50945540
v 0.01871795 -0.14118144 0.50945540
v 0.01871795 -0.14118144 0.50945540
v 0.01823833 -0.14147882 0.50927783
v 0.01823833 -0.14147882 0.50927783
v 0.01823833 -0.14147882 0.50927783
v 0.01871795 -0.14118144 0.50909645
v 0.01871795 -0.14118144 0.50909645
v 0.01871795 -0.14118144 0.50909645
v 0.01720910 -0.14211697 0.50894282
v 0.01720910 -0.14211697 0.50894282
v 0.01720910 -0.14211697 0.50894282
v 0.01753022 -0.14191786 0.50873121
v 0.01753022 -0.14191786 0.50873121
v 0.01753022 -0.14191786 0.50873121
v 0.01720910 -0.14211697 0.50838486
v 0.01720910 -0.14211697 0.50838486
v 0.01720910 -0.14211697 0.50838486
v 0.01871795 -0.14118144 0.50873121
v 0.01871795 -0.14118144 0.50873121
v 0.01871795 -0.14118144 0.50873121
v 0.01871795 -0.14118144 0.50838486
v 0.01871795 -0.14118144 0.50838486
v 0.01871795 -0.14118144 0.50838486
v 0.01789251 -0.14169323 0.51091133
v 0.01789251 -0.14169323 0.51091133
v 0.01789251 -0.14169323 0.51091133
v 0.01814879 -0.14153434 0.51091133
v 0.01814879 -0.14153434 0.51091133
v 0.01814879 -0.14153434 0.51091133
v 0.01814879 -0.14153434 0.51115440
v 0.01814879 -0.14153434 0.51115440
v 0.01789251 -0.14169323 0.51111537
v 0.01789251 -0.14169323 0.51111537
v 0.01788659 -0.14169690 0.51129926
v 0.01788659 -0.14169690 0.51129926
v 0.01814338 -0.14153769 0.51137764
v 0.01814338 -0.14153769 0.51137764
v 0.01786884 -0.14170791 0.51141008
v 0.01786884 -0.14170791 0.51141008
v 0.01812717 -0.14154773 0.51154108
v 0.01812717 -0.14154773 0.51154108
v 0.01783848 -0.14172674 0.51147635
v 0.01783848 -0.14172674 0.51147635
v 0.01779473 -0.14175386 0.51152658
v 0.01779473 -0.14175386 0.51152658
v 0.01774018 -0.14178768 0.51155822
v 0.01774018 -0.14178768 0.51155822
v 0.01810054 -0.14156425 0.51163853
v 0.01810054 -0.14156425 0.51163853
v 0.01767740 -0.14182661 0.51156877
v 0.01767740 -0.14182661 0.51156877
v 0.01723174 -0.14210292 0.51158012
v 0.01723174 -0.14210292 0.51158012
v 0.01728565 -0.14206950 0.51172589
v 0.01728565 -0.14206950 0.51172589
v 0.01805564 -0.14159208 0.51173438
v 0.01805564 -0.14159208 0.51173438
v 0.01737944 -0.14201135 0.51184585
v 0.01737944 -0.14201135 0.51184585
v 0.01799144 -0.14163189 0.51182113
v 0.01799144 -0.14163189 0.51182113
v 0.01790691 -0.14168430 0.51189120
v 0.01790691 -0.14168430 0.51189120
v 0.01744045 -0.14197352 0.51189270
v 0.01744045 -0.14197352 0.51189270
v 0.01780116 -0.14174987 0.51193747
v 0.01780116 -0.14174987 0.51193747
v 0.01750976 -0.14193055 0.51192616
v 0.01750976 -0.14193055 0.51192616
v 0.01758737 -0.14188243 0.51194621
v 0.01758737 -0.14188243 0.51194621
v 0.01767328 -0.14182916 0.51195290
v 0.01767328 -0.14182916 0.51195290
v 0.01760227 -0.14187319 0.51155399
v 0.01760227 -0.14187319 0.51155399
v 0.01754154 -0.14191084 0.51150959
v 0.01754154 -0.14191084 0.51150959
v 0.01749805 -0.14193781 0.51144252
v 0.01749805 -0.14193781 0.51144252
v 0.01721476 -0.14211345 0.51141762
v 0.01721476 -0.14211345 0.51141762
v 0.01747464 -0.14195233 0.51135970
v 0.01747464 -0.14195233 0.51135970
v 0.01720910 -0.14211697 0.51113677
v 0.01720910 -0.14211697 0.51113677
v 0.01746434 -0.14195870 0.51109145
v 0.01746434 -0.14195870 0.51109145
v 0.01746434 -0.14195870 0.51091133
v 0.01746434 -0.14195870 0.51091133
v 0.01746434 -0.14195870 0.51091133
v 0.01720910 -0.14211697 0.51053855
v 0.01720910 -0.14211697 0.51053855
v 0.01720910 -0.14211697 0.51053855
v 0.01871795 -0.14118144 0.51091133
v 0.01871795 -0.14118144 0.51091133
v 0.01871795 -0.14118144 0.51091133
v 0.01871795 -0.14118144 0.51053855
v 0.01871795 -0.14118144 0.51053855
v 0.01871795 -0.14118144 0.51053855
v 0.01846373 -0.14133906 0.51264183
v 0.01846373 -0.14133906 0.51264183
v 0.01846373 -0.14133906 0.51264183
v 0.01722145 -0.14210931 0.51226905
v 0.01722145 -0.14210931 0.51226905
v 0.01722145 -0.14210931 0.51226905
v 0.01871795 -0.14118144 0.51226905
v 0.01871795 -0.14118144 0.51226905
v 0.01871795 -0.14118144 0.51226905
v 0.01871795 -0.14118144 0.51356880
v 0.01871795 -0.14118144 0.51356880
v 0.01871795 -0.14118144 0.51356880
v 0.01846373 -0.14133906 0.51356880
v 0.01846373 -0.14133906 0.51356880
v 0.01846373 -0.14133906 0.51356880
v 0.01722145 -0.14210931 0.51264183
v 0.01722145 -0.14210931 0.51264183
v 0.01722145 -0.14210931 0.51264183
v 0.01846373 -0.14133906 0.51420732
v 0.01846373 -0.14133906 0.51420732
v 0.01846373 -0.14133906 0.51420732
v 0.01720910 -0.14211697 0.51383454
v 0.01720910 -0.14211697 0.51383454
v 0.01720910 -0.14211697 0.51383454
v 0.01871795 -0.14118144 0.51383454
v 0.01871795 -0.14118144 0.51383454
v 0.01871795 -0.14118144 0.51383454
v 0.01871795 -0.14118144 0.51523880
v 0.01871795 -0.14118144 0.51523880
v 0.01871795 -0.14118144 0.51523880
v 0.01846373 -0.14133906 0.51523880
v 0.01846373 -0.14133906 0.51523880
v 0.01846373 -0.14133906 0.51523880
v 0.01746435 -0.14195870 0.51420732
v 0.01746435 -0.14195870 0.51420732
v 0.01746435 -0.14195870 0.51420732
v 0.01720910 -0.14211697 0.51520354
v 0.01720910 -0.14211697 0.51520354
v 0.01720910 -0.14211697 0.51520354
v 0.01746435 -0.14195870 0.51520354
v 0.01746435 -0.14195870 0.51520354
v 0.01746435 -0.14195870 0.51520354
v 0.01805307 -0.14159368 0.51420732
v 0.01805307 -0.14159368 0.51420732
v 0.01805307 -0.14159368 0.51420732
v 0.01779885 -0.14175131 0.51420732
v 0.01779885 -0.14175131 0.51420732
v 0.01779885 -0.14175131 0.51420732
v 0.01805307 -0.14159368 0.51513430
v 0.01805307 -0.14159368 0.51513430
v 0.01805307 -0.14159368 0.51513430
v 0.01779885 -0.14175131 0.51513430
v 0.01779885 -0.14175131 0.51513430
v 0.01779885 -0.14175131 0.51513430
v 0.01659616 -0.14224210 0.52057202
v 0.01659616 -0.14224210 0.52057202
v 0.01659616 -0.14224210 0.52057202
v 0.01659616 -0.14224210 0.52120971
v 0.01659616 -0.14224210 0.52120971
v 0.01659616 -0.14224210 0.52120971
v 0.01683065 -0.14209671 0.52134002
v 0.01683065 -0.14209671 0.52134002
v 0.01680268 -0.14211405 0.52067002
v 0.01680268 -0.14211405 0.52067002
v 0.01699516 -0.14199471 0.52079144
v 0.01699516 -0.14199471 0.52079144
v 0.01708456 -0.14193928 0.52155106
v 0.01708456 -0.14193928 0.52155106
v 0.01717358 -0.14188408 0.52093637
v 0.01717358 -0.14188408 0.52093637
v 0.01730680 -0.14180148 0.52182329
v 0.01730680 -0.14180148 0.52182329
v 0.01733796 -0.14178216 0.52110465
v 0.01733796 -0.14178216 0.52110465
v 0.01733796 -0.14178216 0.52110465
v 0.01744627 -0.14171501 0.52213742
v 0.01744627 -0.14171501 0.52213742
v 0.01744627 -0.14171501 0.52213742
v 0.01733796 -0.14178216 0.51845650
v 0.01733796 -0.14178216 0.51845650
v 0.01733796 -0.14178216 0.51845650
v 0.01791219 -0.14142612 0.51845650
v 0.01791219 -0.14142612 0.51845650
v 0.01791219 -0.14142612 0.51845650
v 0.01791219 -0.14142612 0.52213742
v 0.01791219 -0.14142612 0.52213742
v 0.01791219 -0.14142612 0.52213742
v 0.01756466 -0.14214779 0.52110465
v 0.01756466 -0.14214779 0.52110465
v 0.01756466 -0.14214779 0.52110465
v 0.01756466 -0.14214778 0.51845650
v 0.01756466 -0.14214778 0.51845650
v 0.01756466 -0.14214778 0.51845650
v 0.01813889 -0.14179175 0.51845650
v 0.01813889 -0.14179175 0.51845650
v 0.01813889 -0.14179175 0.51845650
v 0.01767297 -0.14208064 0.52213742
v 0.01767297 -0.14208064 0.52213742
v 0.01767297 -0.14208064 0.52213742
v 0.01813889 -0.14179175 0.52213742
v 0.01813889 -0.14179175 0.52213742
v 0.01813889 -0.14179175 0.52213742
v 0.01753350 -0.14216711 0.52182329
v 0.01753350 -0.14216711 0.52182329
v 0.01740028 -0.14224971 0.52093637
v 0.01740028 -0.14224971 0.52093637
v 0.01731126 -0.14230490 0.52155106
v 0.01731126 -0.14230490 0.52155106
v 0.01722186 -0.14236033 0.52079144
v 0.01722186 -0.14236033 0.52079144
v 0.01705735 -0.14246233 0.52134002
v 0.01705735 -0.14246233 0.52134002
v 0.01702938 -0.14247968 0.52067002
v 0.01702938 -0.14247968 0.52067002
v 0.01682286 -0.14260772 0.52120971
v 0.01682286 -0.14260772 0.52120971
v 0.01682286 -0.14260772 0.52120971
v 0.01682286 -0.14260772 0.52057202
v 0.01682286 -0.14260772 0.52057202
v 0.01682286 -0.14260772 0.52057202
v 0.02958485 -0.12423097 0.68329050
v 0.02958485 -0.12423097 0.68329050
v 0.02958485 -0.12423097 0.68690989
v 0.02958485 -0.12423097 0.68690989
v 0.02958485 -0.11696200 0.68690989
v 0.02958485 -0.11696200 0.68329050
v 0.02844555 -0.11696200 0.68329050
v 0.02844555 -0.11696200 0.68329050
v 0.02844555 -0.11696200 0.68690989
v 0.02844555 -0.11696200 0.68690989
v 0.02844555 -0.12423097 0.68690989
v 0.02844555 -0.12423097 0.68690989
v 0.02844555 -0.12423097 0.68690989
v 0.02844555 -0.12423097 0.68329050
v 0.02844555 -0.12423097 0.68329050
v 0.02844555 -0.12423097 0.68329050
v -0.01264398 -0.16435639 0.76535740
v -0.01264398 -0.16435639 0.76535740
v -0.01264398 -0.16435639 0.76535740
v -0.01311477 -0.16435639 0.76535740
v -0.01311477 -0.16435639 0.76535740
v -0.01311477 -0.16435639 0.76535740
v -0.01225865 -0.16435639 0.76764334
v -0.01225865 -0.16435639 0.76764334
v -0.01225865 -0.16435639 0.76764334
v -0.01246256 -0.16435639 0.76587660
v -0.01246256 -0.16435639 0.76587660
v -0.01246256 -0.16435639 0.76587660
v -0.01232612 -0.16435639 0.76626174
v -0.01232612 -0.16435639 0.76626174
v -0.01232612 -0.16435639 0.76626174
v -0.01202925 -0.16435639 0.76711004
v -0.01202925 -0.16435639 0.76711004
v -0.01202925 -0.16435639 0.76711004
v -0.01178935 -0.16435639 0.76764334
v -0.01178935 -0.16435639 0.76764334
v -0.01178935 -0.16435639 0.76764334
v -0.01172638 -0.16435639 0.76626174
v -0.01172638 -0.16435639 0.76626174
v -0.01172638 -0.16435639 0.76626174
v -0.01090924 -0.16435639 0.76535740
v -0.01090924 -0.16435639 0.76535740
v -0.01090924 -0.16435639 0.76535740
v -0.01158394 -0.16435639 0.76587660
v -0.01158394 -0.16435639 0.76587660
v -0.01158394 -0.16435639 0.76587660
v -0.01139203 -0.16435639 0.76535740
v -0.01139203 -0.16435639 0.76535740
v -0.01139203 -0.16435639 0.76535740
v -0.01067684 -0.16435639 0.76535740
v -0.01067684 -0.16435639 0.76535740
v -0.01067684 -0.16435639 0.76535740
v -0.01067684 -0.16435639 0.76764334
v -0.01067684 -0.16435639 0.76764334
v -0.01067684 -0.16435639 0.76764334
v -0.01025553 -0.16435639 0.76764334
v -0.01025553 -0.16435639 0.76764334
v -0.01025553 -0.16435639 0.76764334
v -0.01025553 -0.16435639 0.76535740
v -0.01025553 -0.16435639 0.76535740
v -0.01025553 -0.16435639 0.76535740
v -0.00982372 -0.16435639 0.76723790
v -0.00982372 -0.16435639 0.76723790
v -0.00982372 -0.16435639 0.76723790
v -0.00982372 -0.16435639 0.76764334
v -0.00982372 -0.16435639 0.76764334
v -0.00982372 -0.16435639 0.76764334
v -0.00940240 -0.16435639 0.76764334
v -0.00940240 -0.16435639 0.76764334
v -0.00940240 -0.16435639 0.76764334
v -0.00940240 -0.16435639 0.76723790
v -0.00940240 -0.16435639 0.76723790
v -0.00940240 -0.16435639 0.76723790
v -0.00982372 -0.16435639 0.76535740
v -0.00982372 -0.16435639 0.76535740
v -0.00982372 -0.16435639 0.76535740
v -0.00982372 -0.16435639 0.76701338
v -0.00982372 -0.16435639 0.76701338
v -0.00982372 -0.16435639 0.76701338
v -0.00940240 -0.16435639 0.76701338
v -0.00940240 -0.16435639 0.76701338
v -0.00940240 -0.16435639 0.76701338
v -0.00940240 -0.16435639 0.76535740
v -0.00940240 -0.16435639 0.76535740
v -0.00940240 -0.16435639 0.76535740
v -0.00905587 -0.16435639 0.76603551
v -0.00905587 -0.16435639 0.76603551
v -0.00906505 -0.16435639 0.76619471
v -0.00906505 -0.16435639 0.76619471
v -0.00905301 -0.16435639 0.76639060
v -0.00905301 -0.16435639 0.76639060
v -0.00902832 -0.16435639 0.76588985
v -0.00902832 -0.16435639 0.76588985
v -0.00901688 -0.16435639 0.76656195
v -0.00901688 -0.16435639 0.76656195
v -0.00898240 -0.16435639 0.76575793
v -0.00898240 -0.16435639 0.76575793
v -0.00895667 -0.16435639 0.76670870
v -0.00895667 -0.16435639 0.76670870
v -0.00891811 -0.16435639 0.76563963
v -0.00891811 -0.16435639 0.76563963
v -0.00887238 -0.16435639 0.76683093
v -0.00887238 -0.16435639 0.76683093
v -0.00881606 -0.16435639 0.76551611
v -0.00881606 -0.16435639 0.76551611
v -0.00877019 -0.16435639 0.76692709
v -0.00877019 -0.16435639 0.76692709
v -0.00869734 -0.16435639 0.76542792
v -0.00869734 -0.16435639 0.76542792
v -0.00865629 -0.16435639 0.76699584
v -0.00865629 -0.16435639 0.76699584
v -0.00863324 -0.16435639 0.76621967
v -0.00863324 -0.16435639 0.76621967
v -0.00860869 -0.16435639 0.76643855
v -0.00860869 -0.16435639 0.76643855
v -0.00853067 -0.16435639 0.76703705
v -0.00853067 -0.16435639 0.76703705
v -0.00857800 -0.16435639 0.76652386
v -0.00857800 -0.16435639 0.76652386
v -0.00853503 -0.16435639 0.76659310
v -0.00853503 -0.16435639 0.76659310
v -0.00842352 -0.16435639 0.76668491
v -0.00842352 -0.16435639 0.76668491
v -0.00839335 -0.16435639 0.76705079
v -0.00839335 -0.16435639 0.76705079
v -0.00828539 -0.16435639 0.76671551
v -0.00828539 -0.16435639 0.76671551
v -0.00825212 -0.16435639 0.76703392
v -0.00825212 -0.16435639 0.76703392
v -0.00814296 -0.16435639 0.76668435
v -0.00814296 -0.16435639 0.76668435
v -0.00812384 -0.16435639 0.76698333
v -0.00812384 -0.16435639 0.76698333
v -0.00802750 -0.16435639 0.76659077
v -0.00802750 -0.16435639 0.76659077
v -0.00800848 -0.16435639 0.76689906
v -0.00800848 -0.16435639 0.76689906
v -0.00798290 -0.16435639 0.76652012
v -0.00798290 -0.16435639 0.76652012
v -0.00790606 -0.16435639 0.76678101
v -0.00790606 -0.16435639 0.76678101
v -0.00790606 -0.16435639 0.76678101
v -0.00795104 -0.16435639 0.76643291
v -0.00795104 -0.16435639 0.76643291
v -0.00792555 -0.16435639 0.76620875
v -0.00792555 -0.16435639 0.76620875
v -0.00791281 -0.16435639 0.76473210
v -0.00791281 -0.16435639 0.76473210
v -0.00778667 -0.16435639 0.76478785
v -0.00778667 -0.16435639 0.76478785
v -0.00751173 -0.16435639 0.76701338
v -0.00751173 -0.16435639 0.76701338
v -0.00751173 -0.16435639 0.76701338
v -0.00790606 -0.16435639 0.76701338
v -0.00790606 -0.16435639 0.76701338
v -0.00790606 -0.16435639 0.76701338
v -0.00768865 -0.16435639 0.76486150
v -0.00768865 -0.16435639 0.76486150
v -0.00761406 -0.16435639 0.76495975
v -0.00761406 -0.16435639 0.76495975
v -0.00755821 -0.16435639 0.76508915
v -0.00755821 -0.16435639 0.76508915
v -0.00752335 -0.16435639 0.76527123
v -0.00752335 -0.16435639 0.76527123
v -0.00751173 -0.16435639 0.76552734
v -0.00751173 -0.16435639 0.76552734
v -0.00793305 -0.16435639 0.76538389
v -0.00793305 -0.16435639 0.76538389
v -0.00795254 -0.16435639 0.76518274
v -0.00795254 -0.16435639 0.76518274
v -0.00798777 -0.16435639 0.76511687
v -0.00798777 -0.16435639 0.76511687
v -0.00803650 -0.16435639 0.76507204
v -0.00803650 -0.16435639 0.76507204
v -0.00807155 -0.16435639 0.76469702
v -0.00807155 -0.16435639 0.76469702
v -0.00813958 -0.16435639 0.76503340
v -0.00813958 -0.16435639 0.76503340
v -0.00826740 -0.16435639 0.76468531
v -0.00826740 -0.16435639 0.76468531
v -0.00828389 -0.16435639 0.76502059
v -0.00828389 -0.16435639 0.76502059
v -0.00839559 -0.16435639 0.76503224
v -0.00839559 -0.16435639 0.76503224
v -0.00845510 -0.16435639 0.76469432
v -0.00845510 -0.16435639 0.76469432
v -0.00847281 -0.16435639 0.76506732
v -0.00847281 -0.16435639 0.76506732
v -0.00850842 -0.16435639 0.76511374
v -0.00850842 -0.16435639 0.76511374
v -0.00852828 -0.16435639 0.76518740
v -0.00852828 -0.16435639 0.76518740
v -0.00852828 -0.16435639 0.76518740
v -0.00861337 -0.16435639 0.76472137
v -0.00861337 -0.16435639 0.76472137
v -0.00874222 -0.16435639 0.76476644
v -0.00874222 -0.16435639 0.76476644
v -0.00884165 -0.16435639 0.76482955
v -0.00884165 -0.16435639 0.76482955
v -0.00891577 -0.16435639 0.76490645
v -0.00891577 -0.16435639 0.76490645
v -0.00896872 -0.16435639 0.76499305
v -0.00896872 -0.16435639 0.76499305
v -0.00900048 -0.16435639 0.76508933
v -0.00900048 -0.16435639 0.76508933
v -0.00900957 -0.16435639 0.76524824
v -0.00900957 -0.16435639 0.76524824
v -0.00900957 -0.16435639 0.76524824
v -0.00901107 -0.16435639 0.76519518
v -0.00901107 -0.16435639 0.76519518
v -0.00793305 -0.16435639 0.76562559
v -0.00793305 -0.16435639 0.76562559
v -0.00793305 -0.16435639 0.76562559
v -0.00795216 -0.16435639 0.76599258
v -0.00795216 -0.16435639 0.76599258
v -0.00798543 -0.16435639 0.76590715
v -0.00798543 -0.16435639 0.76590715
v -0.00803200 -0.16435639 0.76583686
v -0.00803200 -0.16435639 0.76583686
v -0.00803369 -0.16435639 0.76550821
v -0.00803369 -0.16435639 0.76550821
v -0.00814670 -0.16435639 0.76542443
v -0.00814670 -0.16435639 0.76542443
v -0.00815045 -0.16435639 0.76574272
v -0.00815045 -0.16435639 0.76574272
v -0.00827209 -0.16435639 0.76537414
v -0.00827209 -0.16435639 0.76537414
v -0.00829289 -0.16435639 0.76571132
v -0.00829289 -0.16435639 0.76571132
v -0.00840984 -0.16435639 0.76535740
v -0.00840984 -0.16435639 0.76535740
v -0.00842539 -0.16435639 0.76574192
v -0.00842539 -0.16435639 0.76574192
v -0.00853503 -0.16435639 0.76583374
v -0.00853503 -0.16435639 0.76583374
v -0.00856193 -0.16435639 0.76537500
v -0.00856193 -0.16435639 0.76537500
v -0.00857800 -0.16435639 0.76590377
v -0.00857800 -0.16435639 0.76590377
v -0.00860869 -0.16435639 0.76599141
v -0.00860869 -0.16435639 0.76599141
v -0.00666854 -0.16435639 0.76634128
v -0.00666854 -0.16435639 0.76634128
v -0.00667660 -0.16435639 0.76610738
v -0.00667660 -0.16435639 0.76610738
v -0.00670658 -0.16435639 0.76677009
v -0.00670658 -0.16435639 0.76677009
v -0.00670658 -0.16435639 0.76677009
v -0.00659563 -0.16435639 0.76689293
v -0.00659563 -0.16435639 0.76689293
v -0.00664436 -0.16435639 0.76648786
v -0.00664436 -0.16435639 0.76648786
v -0.00659844 -0.16435639 0.76658065
v -0.00659844 -0.16435639 0.76658065
v -0.00652516 -0.16435639 0.76665314
v -0.00652516 -0.16435639 0.76665314
v -0.00647119 -0.16435639 0.76698063
v -0.00647119 -0.16435639 0.76698063
v -0.00643258 -0.16435639 0.76669993
v -0.00643258 -0.16435639 0.76669993
v -0.00633325 -0.16435639 0.76703325
v -0.00633325 -0.16435639 0.76703325
v -0.00632875 -0.16435639 0.76671551
v -0.00632875 -0.16435639 0.76671551
v -0.00618182 -0.16435639 0.76705079
v -0.00618182 -0.16435639 0.76705079
v -0.00624947 -0.16435639 0.76670460
v -0.00624947 -0.16435639 0.76670460
v -0.00618257 -0.16435639 0.76667185
v -0.00618257 -0.16435639 0.76667185
v -0.00613028 -0.16435639 0.76661947
v -0.00613028 -0.16435639 0.76661947
v -0.00604837 -0.16435639 0.76703773
v -0.00604837 -0.16435639 0.76703773
v -0.00609485 -0.16435639 0.76654950
v -0.00609485 -0.16435639 0.76654950
v -0.00607461 -0.16435639 0.76642334
v -0.00607461 -0.16435639 0.76642334
v -0.00606786 -0.16435639 0.76620250
v -0.00606786 -0.16435639 0.76620250
v -0.00606786 -0.16435639 0.76535740
v -0.00606786 -0.16435639 0.76535740
v -0.00606786 -0.16435639 0.76535740
v -0.00564655 -0.16435639 0.76535740
v -0.00564655 -0.16435639 0.76535740
v -0.00564655 -0.16435639 0.76535740
v -0.00592693 -0.16435639 0.76699854
v -0.00592693 -0.16435639 0.76699854
v -0.00582553 -0.16435639 0.76693911
v -0.00582553 -0.16435639 0.76693911
v -0.00575225 -0.16435639 0.76686521
v -0.00575225 -0.16435639 0.76686521
v -0.00570202 -0.16435639 0.76677868
v -0.00570202 -0.16435639 0.76677868
v -0.00566979 -0.16435639 0.76668123
v -0.00566979 -0.16435639 0.76668123
v -0.00564655 -0.16435639 0.76638654
v -0.00564655 -0.16435639 0.76638654
v -0.00667660 -0.16435639 0.76535740
v -0.00667660 -0.16435639 0.76535740
v -0.00667660 -0.16435639 0.76535740
v -0.00709791 -0.16435639 0.76535740
v -0.00709791 -0.16435639 0.76535740
v -0.00709791 -0.16435639 0.76535740
v -0.00670658 -0.16435639 0.76701338
v -0.00670658 -0.16435639 0.76701338
v -0.00670658 -0.16435639 0.76701338
v -0.00709791 -0.16435639 0.76701338
v -0.00709791 -0.16435639 0.76701338
v -0.00709791 -0.16435639 0.76701338
v -0.00395679 -0.16435639 0.76715683
v -0.00395679 -0.16435639 0.76715683
v -0.00395679 -0.16435639 0.76715683
v -0.00436911 -0.16435639 0.76535740
v -0.00436911 -0.16435639 0.76535740
v -0.00436911 -0.16435639 0.76535740
v -0.00436911 -0.16435639 0.76764334
v -0.00436911 -0.16435639 0.76764334
v -0.00436911 -0.16435639 0.76764334
v -0.00370490 -0.16435639 0.76764334
v -0.00370490 -0.16435639 0.76764334
v -0.00370490 -0.16435639 0.76764334
v -0.00352198 -0.16435639 0.76535740
v -0.00352198 -0.16435639 0.76535740
v -0.00352198 -0.16435639 0.76535740
v -0.00330608 -0.16435639 0.76608402
v -0.00330608 -0.16435639 0.76608402
v -0.00330608 -0.16435639 0.76608402
v -0.00309467 -0.16435639 0.76535740
v -0.00309467 -0.16435639 0.76535740
v -0.00309467 -0.16435639 0.76535740
v -0.00291175 -0.16435639 0.76764334
v -0.00291175 -0.16435639 0.76764334
v -0.00291175 -0.16435639 0.76764334
v -0.00265836 -0.16435639 0.76715683
v -0.00265836 -0.16435639 0.76715683
v -0.00265836 -0.16435639 0.76715683
v -0.00224604 -0.16435639 0.76764334
v -0.00224604 -0.16435639 0.76764334
v -0.00224604 -0.16435639 0.76764334
v -0.00265836 -0.16435639 0.76535740
v -0.00265836 -0.16435639 0.76535740
v -0.00265836 -0.16435639 0.76535740
v -0.00224604 -0.16435639 0.76535740
v -0.00224604 -0.16435639 0.76535740
v -0.00224604 -0.16435639 0.76535740
v -0.00395679 -0.16435639 0.76535740
v -0.00395679 -0.16435639 0.76535740
v -0.00395679 -0.16435639 0.76535740
v -0.00187983 -0.16435639 0.76594505
v -0.00187983 -0.16435639 0.76594505
v -0.00190569 -0.16435639 0.76620875
v -0.00190569 -0.16435639 0.76620875
v -0.00187983 -0.16435639 0.76642353
v -0.00187983 -0.16435639 0.76642353
v -0.00180224 -0.16435639 0.76663131
v -0.00180224 -0.16435639 0.76663131
v -0.00180224 -0.16435639 0.76572457
v -0.00180224 -0.16435639 0.76572457
v -0.00167723 -0.16435639 0.76681143
v -0.00167723 -0.16435639 0.76681143
v -0.00167498 -0.16435639 0.76554973
v -0.00167498 -0.16435639 0.76554973
v -0.00150912 -0.16435639 0.76694322
v -0.00150912 -0.16435639 0.76694322
v -0.00150012 -0.16435639 0.76542283
v -0.00150012 -0.16435639 0.76542283
v -0.00147388 -0.16435639 0.76618539
v -0.00147388 -0.16435639 0.76618539
v -0.00144577 -0.16435639 0.76640292
v -0.00144577 -0.16435639 0.76640292
v -0.00130839 -0.16435639 0.76702387
v -0.00130839 -0.16435639 0.76702387
v -0.00141063 -0.16435639 0.76649001
v -0.00141063 -0.16435639 0.76649001
v -0.00136143 -0.16435639 0.76656274
v -0.00136143 -0.16435639 0.76656274
v -0.00123586 -0.16435639 0.76666093
v -0.00123586 -0.16435639 0.76666093
v -0.00108555 -0.16435639 0.76705079
v -0.00108555 -0.16435639 0.76705079
v -0.00108405 -0.16435639 0.76669368
v -0.00108405 -0.16435639 0.76669368
v -0.00091303 -0.16435639 0.76703552
v -0.00091303 -0.16435639 0.76703552
v -0.00100492 -0.16435639 0.76668552
v -0.00100492 -0.16435639 0.76668552
v -0.00093243 -0.16435639 0.76666093
v -0.00093243 -0.16435639 0.76666093
v -0.00080742 -0.16435639 0.76656274
v -0.00080742 -0.16435639 0.76656274
v -0.00075682 -0.16435639 0.76698977
v -0.00075682 -0.16435639 0.76698977
v -0.00075855 -0.16435639 0.76649019
v -0.00075855 -0.16435639 0.76649019
v -0.00072365 -0.16435639 0.76640366
v -0.00072365 -0.16435639 0.76640366
v -0.00061691 -0.16435639 0.76691354
v -0.00061691 -0.16435639 0.76691354
v -0.00069572 -0.16435639 0.76618846
v -0.00069572 -0.16435639 0.76618846
v -0.00061968 -0.16435639 0.76545896
v -0.00061968 -0.16435639 0.76545896
v -0.00049556 -0.16435639 0.76556708
v -0.00049556 -0.16435639 0.76556708
v -0.00049331 -0.16435639 0.76680677
v -0.00049331 -0.16435639 0.76680677
v -0.00039356 -0.16435639 0.76569869
v -0.00039356 -0.16435639 0.76569869
v -0.00039229 -0.16435639 0.76667669
v -0.00039229 -0.16435639 0.76667669
v -0.00032070 -0.16435639 0.76584643
v -0.00032070 -0.16435639 0.76584643
v -0.00032014 -0.16435639 0.76653055
v -0.00032014 -0.16435639 0.76653055
v -0.00027699 -0.16435639 0.76601017
v -0.00027699 -0.16435639 0.76601017
v -0.00027684 -0.16435639 0.76636833
v -0.00027684 -0.16435639 0.76636833
v -0.00026241 -0.16435639 0.76619005
v -0.00026241 -0.16435639 0.76619005
v -0.00072365 -0.16435639 0.76596860
v -0.00072365 -0.16435639 0.76596860
v -0.00075855 -0.16435639 0.76588089
v -0.00075855 -0.16435639 0.76588089
v -0.00075888 -0.16435639 0.76538174
v -0.00075888 -0.16435639 0.76538174
v -0.00080742 -0.16435639 0.76580804
v -0.00080742 -0.16435639 0.76580804
v -0.00091317 -0.16435639 0.76533538
v -0.00091317 -0.16435639 0.76533538
v -0.00093243 -0.16435639 0.76570979
v -0.00093243 -0.16435639 0.76570979
v -0.00100492 -0.16435639 0.76568520
v -0.00100492 -0.16435639 0.76568520
v -0.00108255 -0.16435639 0.76531993
v -0.00108255 -0.16435639 0.76531993
v -0.00108405 -0.16435639 0.76567704
v -0.00108405 -0.16435639 0.76567704
v -0.00123586 -0.16435639 0.76570979
v -0.00123586 -0.16435639 0.76570979
v -0.00129640 -0.16435639 0.76534568
v -0.00129640 -0.16435639 0.76534568
v -0.00136143 -0.16435639 0.76580804
v -0.00136143 -0.16435639 0.76580804
v -0.00141063 -0.16435639 0.76588071
v -0.00141063 -0.16435639 0.76588071
v -0.00144577 -0.16435639 0.76596786
v -0.00144577 -0.16435639 0.76596786
v 0.00110649 -0.16435639 0.76682001
v 0.00110649 -0.16435639 0.76682001
v 0.00110649 -0.16435639 0.76682001
v 0.00110649 -0.16435639 0.76764334
v 0.00110649 -0.16435639 0.76764334
v 0.00110649 -0.16435639 0.76764334
v 0.00152780 -0.16435639 0.76764334
v 0.00152780 -0.16435639 0.76764334
v 0.00152780 -0.16435639 0.76764334
v 0.00110799 -0.16435639 0.76617914
v 0.00110799 -0.16435639 0.76617914
v 0.00113648 -0.16435639 0.76560062
v 0.00113648 -0.16435639 0.76560062
v 0.00113648 -0.16435639 0.76560062
v 0.00113648 -0.16435639 0.76535740
v 0.00113648 -0.16435639 0.76535740
v 0.00113648 -0.16435639 0.76535740
v 0.00152780 -0.16435639 0.76535740
v 0.00152780 -0.16435639 0.76535740
v 0.00152780 -0.16435639 0.76535740
v 0.00108250 -0.16435639 0.76595517
v 0.00108250 -0.16435639 0.76595517
v 0.00105064 -0.16435639 0.76586703
v 0.00105064 -0.16435639 0.76586703
v 0.00103021 -0.16435639 0.76547686
v 0.00103021 -0.16435639 0.76547686
v 0.00100603 -0.16435639 0.76579473
v 0.00100603 -0.16435639 0.76579473
v 0.00090633 -0.16435639 0.76538935
v 0.00090633 -0.16435639 0.76538935
v 0.00089320 -0.16435639 0.76569826
v 0.00089320 -0.16435639 0.76569826
v 0.00077307 -0.16435639 0.76533728
v 0.00077307 -0.16435639 0.76533728
v 0.00075864 -0.16435639 0.76566613
v 0.00075864 -0.16435639 0.76566613
v 0.00067224 -0.16435639 0.76567686
v 0.00067224 -0.16435639 0.76567686
v 0.00063869 -0.16435639 0.76531993
v 0.00063869 -0.16435639 0.76531993
v 0.00059596 -0.16435639 0.76570899
v 0.00059596 -0.16435639 0.76570899
v 0.00052980 -0.16435639 0.76576260
v 0.00052980 -0.16435639 0.76576260
v 0.00050642 -0.16435639 0.76533434
v 0.00050642 -0.16435639 0.76533434
v 0.00047377 -0.16435639 0.76583766
v 0.00047377 -0.16435639 0.76583766
v 0.00042091 -0.16435639 0.76599282
v 0.00042091 -0.16435639 0.76599282
v 0.00038399 -0.16435639 0.76537745
v 0.00038399 -0.16435639 0.76537745
v 0.00040330 -0.16435639 0.76622120
v 0.00040330 -0.16435639 0.76622120
v 0.00037893 -0.16435639 0.76699602
v 0.00037893 -0.16435639 0.76699602
v 0.00027140 -0.16435639 0.76544933
v 0.00027140 -0.16435639 0.76544933
v 0.00026489 -0.16435639 0.76692752
v 0.00026489 -0.16435639 0.76692752
v 0.00016865 -0.16435639 0.76554997
v 0.00016865 -0.16435639 0.76554997
v 0.00016340 -0.16435639 0.76683173
v 0.00016340 -0.16435639 0.76683173
v 0.00008305 -0.16435639 0.76567630
v 0.00008305 -0.16435639 0.76567630
v 0.00008010 -0.16435639 0.76670956
v 0.00008010 -0.16435639 0.76670956
v 0.00002190 -0.16435639 0.76582533
v 0.00002190 -0.16435639 0.76582533
v 0.00002059 -0.16435639 0.76656213
v 0.00002059 -0.16435639 0.76656213
v -0.00001479 -0.16435639 0.76599711
v -0.00001479 -0.16435639 0.76599711
v -0.00001511 -0.16435639 0.76638949
v -0.00001511 -0.16435639 0.76638949
v -0.00002701 -0.16435639 0.76619159
v -0.00002701 -0.16435639 0.76619159
v 0.00042860 -0.16435639 0.76643702
v 0.00042860 -0.16435639 0.76643702
v 0.00050553 -0.16435639 0.76703712
v 0.00050553 -0.16435639 0.76703712
v 0.00046022 -0.16435639 0.76652196
v 0.00046022 -0.16435639 0.76652196
v 0.00050450 -0.16435639 0.76659156
v 0.00050450 -0.16435639 0.76659156
v 0.00061789 -0.16435639 0.76668454
v 0.00061789 -0.16435639 0.76668454
v 0.00064469 -0.16435639 0.76705079
v 0.00064469 -0.16435639 0.76705079
v 0.00075564 -0.16435639 0.76671551
v 0.00075564 -0.16435639 0.76671551
v 0.00077364 -0.16435639 0.76703638
v 0.00077364 -0.16435639 0.76703638
v 0.00089621 -0.16435639 0.76668417
v 0.00089621 -0.16435639 0.76668417
v 0.00089358 -0.16435639 0.76699308
v 0.00089358 -0.16435639 0.76699308
v 0.00100453 -0.16435639 0.76692096
v 0.00100453 -0.16435639 0.76692096
v 0.00100903 -0.16435639 0.76659003
v 0.00100903 -0.16435639 0.76659003
v 0.00105232 -0.16435639 0.76651724
v 0.00105232 -0.16435639 0.76651724
v 0.00108325 -0.16435639 0.76642451
v 0.00108325 -0.16435639 0.76642451
v 0.00183001 -0.16435639 0.76600797
v 0.00183001 -0.16435639 0.76600797
v 0.00182018 -0.16435639 0.76617288
v 0.00182018 -0.16435639 0.76617288
v 0.00183311 -0.16435639 0.76636754
v 0.00183311 -0.16435639 0.76636754
v 0.00185953 -0.16435639 0.76585790
v 0.00185953 -0.16435639 0.76585790
v 0.00187190 -0.16435639 0.76653993
v 0.00187190 -0.16435639 0.76653993
v 0.00190873 -0.16435639 0.76572267
v 0.00190873 -0.16435639 0.76572267
v 0.00193656 -0.16435639 0.76668994
v 0.00193656 -0.16435639 0.76668994
v 0.00197761 -0.16435639 0.76560216
v 0.00197761 -0.16435639 0.76560216
v 0.00202708 -0.16435639 0.76681768
v 0.00202708 -0.16435639 0.76681768
v 0.00209081 -0.16435639 0.76547870
v 0.00209081 -0.16435639 0.76547870
v 0.00213738 -0.16435639 0.76691967
v 0.00213738 -0.16435639 0.76691967
v 0.00223100 -0.16435639 0.76539051
v 0.00223100 -0.16435639 0.76539051
v 0.00226136 -0.16435639 0.76699253
v 0.00226136 -0.16435639 0.76699253
v 0.00225198 -0.16435639 0.76605906
v 0.00225198 -0.16435639 0.76605906
v 0.00225198 -0.16435639 0.76605906
v 0.00225948 -0.16435639 0.76632724
v 0.00225948 -0.16435639 0.76632724
v 0.00225948 -0.16435639 0.76632724
v 0.00228085 -0.16435639 0.76648786
v 0.00228085 -0.16435639 0.76648786
v 0.00239901 -0.16435639 0.76703620
v 0.00239901 -0.16435639 0.76703620
v 0.00234794 -0.16435639 0.76661107
v 0.00234794 -0.16435639 0.76661107
v 0.00244990 -0.16435639 0.76668939
v 0.00244990 -0.16435639 0.76668939
v 0.00255035 -0.16435639 0.76705079
v 0.00255035 -0.16435639 0.76705079
v 0.00257584 -0.16435639 0.76671551
v 0.00257584 -0.16435639 0.76671551
v 0.00271866 -0.16435639 0.76703552
v 0.00271866 -0.16435639 0.76703552
v 0.00269504 -0.16435639 0.76669080
v 0.00269504 -0.16435639 0.76669080
v 0.00279475 -0.16435639 0.76661653
v 0.00279475 -0.16435639 0.76661653
v 0.00286822 -0.16435639 0.76698977
v 0.00286822 -0.16435639 0.76698977
v 0.00286334 -0.16435639 0.76649467
v 0.00286334 -0.16435639 0.76649467
v 0.00288921 -0.16435639 0.76632724
v 0.00288921 -0.16435639 0.76632724
v 0.00288921 -0.16435639 0.76632724
v 0.00299903 -0.16435639 0.76691354
v 0.00299903 -0.16435639 0.76691354
v 0.00330752 -0.16435639 0.76605906
v 0.00330752 -0.16435639 0.76605906
v 0.00330752 -0.16435639 0.76605906
v 0.00311111 -0.16435639 0.76680677
v 0.00311111 -0.16435639 0.76680677
v 0.00320041 -0.16435639 0.76666853
v 0.00320041 -0.16435639 0.76666853
v 0.00326292 -0.16435639 0.76649779
v 0.00326292 -0.16435639 0.76649779
v 0.00329862 -0.16435639 0.76629468
v 0.00329862 -0.16435639 0.76629468
v 0.00227972 -0.16435639 0.76588580
v 0.00227972 -0.16435639 0.76588580
v 0.00239817 -0.16435639 0.76533759
v 0.00239817 -0.16435639 0.76533759
v 0.00235394 -0.16435639 0.76575579
v 0.00235394 -0.16435639 0.76575579
v 0.00246339 -0.16435639 0.76567446
v 0.00246339 -0.16435639 0.76567446
v 0.00259234 -0.16435639 0.76531993
v 0.00259234 -0.16435639 0.76531993
v 0.00259683 -0.16435639 0.76564742
v 0.00259683 -0.16435639 0.76564742
v 0.00283279 -0.16435639 0.76535133
v 0.00283279 -0.16435639 0.76535133
v 0.00268792 -0.16435639 0.76566146
v 0.00268792 -0.16435639 0.76566146
v 0.00276326 -0.16435639 0.76570354
v 0.00276326 -0.16435639 0.76570354
v 0.00282249 -0.16435639 0.76577682
v 0.00282249 -0.16435639 0.76577682
v 0.00286522 -0.16435639 0.76588439
v 0.00286522 -0.16435639 0.76588439
v 0.00286522 -0.16435639 0.76588439
v 0.00293658 -0.16435639 0.76539058
v 0.00293658 -0.16435639 0.76539058
v 0.00328503 -0.16435639 0.76581111
v 0.00328503 -0.16435639 0.76581111
v 0.00328503 -0.16435639 0.76581111
v 0.00302939 -0.16435639 0.76544546
v 0.00302939 -0.16435639 0.76544546
v 0.00311087 -0.16435639 0.76551538
v 0.00311087 -0.16435639 0.76551538
v 0.00318064 -0.16435639 0.76559965
v 0.00318064 -0.16435639 0.76559965
v 0.00450400 -0.16435639 0.76535740
v 0.00450400 -0.16435639 0.76535740
v 0.00450400 -0.16435639 0.76535740
v 0.00450400 -0.16435639 0.76579553
v 0.00450400 -0.16435639 0.76579553
v 0.00450400 -0.16435639 0.76579553
v 0.00492531 -0.16435639 0.76579553
v 0.00492531 -0.16435639 0.76579553
v 0.00492531 -0.16435639 0.76579553
v 0.00492531 -0.16435639 0.76535740
v 0.00492531 -0.16435639 0.76535740
v 0.00492531 -0.16435639 0.76535740
v -0.01232612 -0.16462465 0.76626174
v -0.01232612 -0.16462465 0.76626174
v -0.01232612 -0.16462465 0.76626174
v -0.01246256 -0.16462465 0.76587660
v -0.01246256 -0.16462465 0.76587660
v -0.01246256 -0.16462465 0.76587660
v -0.01158394 -0.16462465 0.76587660
v -0.01158394 -0.16462465 0.76587660
v -0.01158394 -0.16462465 0.76587660
v -0.01172638 -0.16462465 0.76626174
v -0.01172638 -0.16462465 0.76626174
v -0.01172638 -0.16462465 0.76626174
v -0.01090924 -0.16462465 0.76535740
v -0.01090924 -0.16462465 0.76535740
v -0.01090924 -0.16462465 0.76535740
v -0.01178935 -0.16462465 0.76764334
v -0.01178935 -0.16462465 0.76764334
v -0.01178935 -0.16462465 0.76764334
v -0.01202925 -0.16462465 0.76711004
v -0.01202925 -0.16462465 0.76711004
v -0.01202925 -0.16462465 0.76711004
v -0.01225865 -0.16462465 0.76764334
v -0.01225865 -0.16462465 0.76764334
v -0.01225865 -0.16462465 0.76764334
v -0.01264398 -0.16462465 0.76535740
v -0.01264398 -0.16462465 0.76535740
v -0.01264398 -0.16462465 0.76535740
v -0.01311477 -0.16462465 0.76535740
v -0.01311477 -0.16462465 0.76535740
v -0.01311477 -0.16462465 0.76535740
v -0.01139203 -0.16462465 0.76535740
v -0.01139203 -0.16462465 0.76535740
v -0.01139203 -0.16462465 0.76535740
v -0.01067684 -0.16462465 0.76764334
v -0.01067684 -0.16462465 0.76764334
v -0.01067684 -0.16462465 0.76764334
v -0.01067684 -0.16462465 0.76535740
v -0.01067684 -0.16462465 0.76535740
v -0.01067684 -0.16462465 0.76535740
v -0.01025553 -0.16462465 0.76535740
v -0.01025553 -0.16462465 0.76535740
v -0.01025553 -0.16462465 0.76535740
v -0.01025553 -0.16462465 0.76764334
v -0.01025553 -0.16462465 0.76764334
v -0.01025553 -0.16462465 0.76764334
v -0.00982372 -0.16462465 0.76764334
v -0.00982372 -0.16462465 0.76764334
v -0.00982372 -0.16462465 0.76764334
v -0.00982372 -0.16462465 0.76723790
v -0.00982372 -0.16462465 0.76723790
v -0.00982372 -0.16462465 0.76723790
v -0.00940240 -0.16462465 0.76723790
v -0.00940240 -0.16462465 0.76723790
v -0.00940240 -0.16462465 0.76723790
v -0.00940240 -0.16462465 0.76764334
v -0.00940240 -0.16462465 0.76764334
v -0.00940240 -0.16462465 0.76764334
v -0.00982372 -0.16462465 0.76701338
v -0.00982372 -0.16462465 0.76701338
v -0.00982372 -0.16462465 0.76701338
v -0.00982372 -0.16462465 0.76535740
v -0.00982372 -0.16462465 0.76535740
v -0.00982372 -0.16462465 0.76535740
v -0.00940240 -0.16462465 0.76535740
v -0.00940240 -0.16462465 0.76535740
v -0.00940240 -0.16462465 0.76535740
v -0.00940240 -0.16462465 0.76701338
v -0.00940240 -0.16462465 0.76701338
v -0.00940240 -0.16462465 0.76701338
v -0.00900957 -0.16462465 0.76524824
v -0.00900957 -0.16462465 0.76524824
v -0.00900957 -0.16462465 0.76524824
v -0.00901107 -0.16462465 0.76519518
v -0.00901107 -0.16462465 0.76519518
v -0.00900048 -0.16462465 0.76508933
v -0.00900048 -0.16462465 0.76508933
v -0.00852828 -0.16462465 0.76518740
v -0.00852828 -0.16462465 0.76518740
v -0.00852828 -0.16462465 0.76518740
v -0.00896872 -0.16462465 0.76499305
v -0.00896872 -0.16462465 0.76499305
v -0.00891577 -0.16462465 0.76490645
v -0.00891577 -0.16462465 0.76490645
v -0.00884165 -0.16462465 0.76482955
v -0.00884165 -0.16462465 0.76482955
v -0.00874222 -0.16462465 0.76476644
v -0.00874222 -0.16462465 0.76476644
v -0.00861337 -0.16462465 0.76472137
v -0.00861337 -0.16462465 0.76472137
v -0.00845510 -0.16462465 0.76469432
v -0.00845510 -0.16462465 0.76469432
v -0.00850842 -0.16462465 0.76511374
v -0.00850842 -0.16462465 0.76511374
v -0.00847281 -0.16462465 0.76506732
v -0.00847281 -0.16462465 0.76506732
v -0.00839559 -0.16462465 0.76503224
v -0.00839559 -0.16462465 0.76503224
v -0.00826740 -0.16462465 0.76468531
v -0.00826740 -0.16462465 0.76468531
v -0.00828389 -0.16462465 0.76502059
v -0.00828389 -0.16462465 0.76502059
v -0.00813958 -0.16462465 0.76503340
v -0.00813958 -0.16462465 0.76503340
v -0.00807155 -0.16462465 0.76469702
v -0.00807155 -0.16462465 0.76469702
v -0.00803650 -0.16462465 0.76507204
v -0.00803650 -0.16462465 0.76507204
v -0.00791281 -0.16462465 0.76473210
v -0.00791281 -0.16462465 0.76473210
v -0.00798777 -0.16462465 0.76511687
v -0.00798777 -0.16462465 0.76511687
v -0.00795254 -0.16462465 0.76518274
v -0.00795254 -0.16462465 0.76518274
v -0.00793305 -0.16462465 0.76538389
v -0.00793305 -0.16462465 0.76538389
v -0.00793305 -0.16462465 0.76562559
v -0.00793305 -0.16462465 0.76562559
v -0.00793305 -0.16462465 0.76562559
v -0.00792555 -0.16462465 0.76620875
v -0.00792555 -0.16462465 0.76620875
v -0.00790606 -0.16462465 0.76678101
v -0.00790606 -0.16462465 0.76678101
v -0.00790606 -0.16462465 0.76678101
v -0.00795104 -0.16462465 0.76643291
v -0.00795104 -0.16462465 0.76643291
v -0.00798290 -0.16462465 0.76652012
v -0.00798290 -0.16462465 0.76652012
v -0.00800848 -0.16462465 0.76689906
v -0.00800848 -0.16462465 0.76689906
v -0.00802750 -0.16462465 0.76659077
v -0.00802750 -0.16462465 0.76659077
v -0.00812384 -0.16462465 0.76698333
v -0.00812384 -0.16462465 0.76698333
v -0.00814296 -0.16462465 0.76668435
v -0.00814296 -0.16462465 0.76668435
v -0.00825212 -0.16462465 0.76703392
v -0.00825212 -0.16462465 0.76703392
v -0.00828539 -0.16462465 0.76671551
v -0.00828539 -0.16462465 0.76671551
v -0.00839335 -0.16462465 0.76705079
v -0.00839335 -0.16462465 0.76705079
v -0.00842352 -0.16462465 0.76668491
v -0.00842352 -0.16462465 0.76668491
v -0.00853067 -0.16462465 0.76703705
v -0.00853067 -0.16462465 0.76703705
v -0.00853503 -0.16462465 0.76659310
v -0.00853503 -0.16462465 0.76659310
v -0.00857800 -0.16462465 0.76652386
v -0.00857800 -0.16462465 0.76652386
v -0.00860869 -0.16462465 0.76643855
v -0.00860869 -0.16462465 0.76643855
v -0.00865629 -0.16462465 0.76699584
v -0.00865629 -0.16462465 0.76699584
v -0.00863324 -0.16462465 0.76621967
v -0.00863324 -0.16462465 0.76621967
v -0.00869734 -0.16462465 0.76542792
v -0.00869734 -0.16462465 0.76542792
v -0.00877019 -0.16462465 0.76692709
v -0.00877019 -0.16462465 0.76692709
v -0.00881606 -0.16462465 0.76551611
v -0.00881606 -0.16462465 0.76551611
v -0.00887238 -0.16462465 0.76683093
v -0.00887238 -0.16462465 0.76683093
v -0.00891811 -0.16462465 0.76563963
v -0.00891811 -0.16462465 0.76563963
v -0.00895667 -0.16462465 0.76670870
v -0.00895667 -0.16462465 0.76670870
v -0.00898240 -0.16462465 0.76575793
v -0.00898240 -0.16462465 0.76575793
v -0.00901688 -0.16462465 0.76656195
v -0.00901688 -0.16462465 0.76656195
v -0.00902832 -0.16462465 0.76588985
v -0.00902832 -0.16462465 0.76588985
v -0.00905301 -0.16462465 0.76639060
v -0.00905301 -0.16462465 0.76639060
v -0.00905587 -0.16462465 0.76603551
v -0.00905587 -0.16462465 0.76603551
v -0.00906505 -0.16462465 0.76619471
v -0.00906505 -0.16462465 0.76619471
v -0.00856193 -0.16462465 0.76537500
v -0.00856193 -0.16462465 0.76537500
v -0.00860869 -0.16462465 0.76599141
v -0.00860869 -0.16462465 0.76599141
v -0.00857800 -0.16462465 0.76590377
v -0.00857800 -0.16462465 0.76590377
v -0.00853503 -0.16462465 0.76583374
v -0.00853503 -0.16462465 0.76583374
v -0.00840984 -0.16462465 0.76535740
v -0.00840984 -0.16462465 0.76535740
v -0.00842539 -0.16462465 0.76574192
v -0.00842539 -0.16462465 0.76574192
v -0.00829289 -0.16462465 0.76571132
v -0.00829289 -0.16462465 0.76571132
v -0.00827209 -0.16462465 0.76537414
v -0.00827209 -0.16462465 0.76537414
v -0.00815045 -0.16462465 0.76574272
v -0.00815045 -0.16462465 0.76574272
v -0.00814670 -0.16462465 0.76542443
v -0.00814670 -0.16462465 0.76542443
v -0.00803200 -0.16462465 0.76583686
v -0.00803200 -0.16462465 0.76583686
v -0.00803369 -0.16462465 0.76550821
v -0.00803369 -0.16462465 0.76550821
v -0.00798543 -0.16462465 0.76590715
v -0.00798543 -0.16462465 0.76590715
v -0.00795216 -0.16462465 0.76599258
v -0.00795216 -0.16462465 0.76599258
v -0.00778667 -0.16462465 0.76478785
v -0.00778667 -0.16462465 0.76478785
v -0.00790606 -0.16462465 0.76701338
v -0.00790606 -0.16462465 0.76701338
v -0.00790606 -0.16462465 0.76701338
v -0.00751173 -0.16462465 0.76701338
v -0.00751173 -0.16462465 0.76701338
v -0.00751173 -0.16462465 0.76701338
v -0.00768865 -0.16462465 0.76486150
v -0.00768865 -0.16462465 0.76486150
v -0.00761406 -0.16462465 0.76495975
v -0.00761406 -0.16462465 0.76495975
v -0.00755821 -0.16462465 0.76508915
v -0.00755821 -0.16462465 0.76508915
v -0.00752335 -0.16462465 0.76527123
v -0.00752335 -0.16462465 0.76527123
v -0.00751173 -0.16462465 0.76552734
v -0.00751173 -0.16462465 0.76552734
v -0.00606786 -0.16462465 0.76620250
v -0.00606786 -0.16462465 0.76620250
v -0.00606786 -0.16462465 0.76535740
v -0.00606786 -0.16462465 0.76535740
v -0.00606786 -0.16462465 0.76535740
v -0.00564655 -0.16462465 0.76535740
v -0.00564655 -0.16462465 0.76535740
v -0.00564655 -0.16462465 0.76535740
v -0.00604837 -0.16462465 0.76703773
v -0.00604837 -0.16462465 0.76703773
v -0.00592693 -0.16462465 0.76699854
v -0.00592693 -0.16462465 0.76699854
v -0.00582553 -0.16462465 0.76693911
v -0.00582553 -0.16462465 0.76693911
v -0.00575225 -0.16462465 0.76686521
v -0.00575225 -0.16462465 0.76686521
v -0.00570202 -0.16462465 0.76677868
v -0.00570202 -0.16462465 0.76677868
v -0.00566979 -0.16462465 0.76668123
v -0.00566979 -0.16462465 0.76668123
v -0.00564655 -0.16462465 0.76638654
v -0.00564655 -0.16462465 0.76638654
v -0.00607461 -0.16462465 0.76642334
v -0.00607461 -0.16462465 0.76642334
v -0.00609485 -0.16462465 0.76654950
v -0.00609485 -0.16462465 0.76654950
v -0.00613028 -0.16462465 0.76661947
v -0.00613028 -0.16462465 0.76661947
v -0.00618182 -0.16462465 0.76705079
v -0.00618182 -0.16462465 0.76705079
v -0.00618257 -0.16462465 0.76667185
v -0.00618257 -0.16462465 0.76667185
v -0.00624947 -0.16462465 0.76670460
v -0.00624947 -0.16462465 0.76670460
v -0.00632875 -0.16462465 0.76671551
v -0.00632875 -0.16462465 0.76671551
v -0.00633325 -0.16462465 0.76703325
v -0.00633325 -0.16462465 0.76703325
v -0.00643258 -0.16462465 0.76669993
v -0.00643258 -0.16462465 0.76669993
v -0.00647119 -0.16462465 0.76698063
v -0.00647119 -0.16462465 0.76698063
v -0.00652516 -0.16462465 0.76665314
v -0.00652516 -0.16462465 0.76665314
v -0.00659563 -0.16462465 0.76689293
v -0.00659563 -0.16462465 0.76689293
v -0.00659844 -0.16462465 0.76658065
v -0.00659844 -0.16462465 0.76658065
v -0.00664436 -0.16462465 0.76648786
v -0.00664436 -0.16462465 0.76648786
v -0.00666854 -0.16462465 0.76634128
v -0.00666854 -0.16462465 0.76634128
v -0.00670658 -0.16462465 0.76677009
v -0.00670658 -0.16462465 0.76677009
v -0.00670658 -0.16462465 0.76677009
v -0.00667660 -0.16462465 0.76610738
v -0.00667660 -0.16462465 0.76610738
v -0.00667660 -0.16462465 0.76535740
v -0.00667660 -0.16462465 0.76535740
v -0.00667660 -0.16462465 0.76535740
v -0.00709791 -0.16462465 0.76701338
v -0.00709791 -0.16462465 0.76701338
v -0.00709791 -0.16462465 0.76701338
v -0.00709791 -0.16462465 0.76535740
v -0.00709791 -0.16462465 0.76535740
v -0.00709791 -0.16462465 0.76535740
v -0.00670658 -0.16462465 0.76701338
v -0.00670658 -0.16462465 0.76701338
v -0.00670658 -0.16462465 0.76701338
v -0.00265836 -0.16462465 0.76715683
v -0.00265836 -0.16462465 0.76715683
v -0.00265836 -0.16462465 0.76715683
v -0.00265836 -0.16462465 0.76535740
v -0.00265836 -0.16462465 0.76535740
v -0.00265836 -0.16462465 0.76535740
v -0.00224604 -0.16462465 0.76535740
v -0.00224604 -0.16462465 0.76535740
v -0.00224604 -0.16462465 0.76535740
v -0.00224604 -0.16462465 0.76764334
v -0.00224604 -0.16462465 0.76764334
v -0.00224604 -0.16462465 0.76764334
v -0.00291175 -0.16462465 0.76764334
v -0.00291175 -0.16462465 0.76764334
v -0.00291175 -0.16462465 0.76764334
v -0.00309467 -0.16462465 0.76535740
v -0.00309467 -0.16462465 0.76535740
v -0.00309467 -0.16462465 0.76535740
v -0.00330608 -0.16462465 0.76608402
v -0.00330608 -0.16462465 0.76608402
v -0.00330608 -0.16462465 0.76608402
v -0.00352198 -0.16462465 0.76535740
v -0.00352198 -0.16462465 0.76535740
v -0.00352198 -0.16462465 0.76535740
v -0.00370490 -0.16462465 0.76764334
v -0.00370490 -0.16462465 0.76764334
v -0.00370490 -0.16462465 0.76764334
v -0.00395679 -0.16462465 0.76715683
v -0.00395679 -0.16462465 0.76715683
v -0.00395679 -0.16462465 0.76715683
v -0.00436911 -0.16462465 0.76764334
v -0.00436911 -0.16462465 0.76764334
v -0.00436911 -0.16462465 0.76764334
v -0.00395679 -0.16462465 0.76535740
v -0.00395679 -0.16462465 0.76535740
v -0.00395679 -0.16462465 0.76535740
v -0.00436911 -0.16462465 0.76535740
v -0.00436911 -0.16462465 0.76535740
v -0.00436911 -0.16462465 0.76535740
v -0.00144577 -0.16462465 0.76596786
v -0.00144577 -0.16462465 0.76596786
v -0.00147388 -0.16462465 0.76618539
v -0.00147388 -0.16462465 0.76618539
v -0.00150012 -0.16462465 0.76542283
v -0.00150012 -0.16462465 0.76542283
v -0.00129640 -0.16462465 0.76534568
v -0.00129640 -0.16462465 0.76534568
v -0.00141063 -0.16462465 0.76588071
v -0.00141063 -0.16462465 0.76588071
v -0.00136143 -0.16462465 0.76580804
v -0.00136143 -0.16462465 0.76580804
v -0.00123586 -0.16462465 0.76570979
v -0.00123586 -0.16462465 0.76570979
v -0.00108255 -0.16462465 0.76531993
v -0.00108255 -0.16462465 0.76531993
v -0.00108405 -0.16462465 0.76567704
v -0.00108405 -0.16462465 0.76567704
v -0.00100492 -0.16462465 0.76568520
v -0.00100492 -0.16462465 0.76568520
v -0.00091317 -0.16462465 0.76533538
v -0.00091317 -0.16462465 0.76533538
v -0.00093243 -0.16462465 0.76570979
v -0.00093243 -0.16462465 0.76570979
v -0.00080742 -0.16462465 0.76580804
v -0.00080742 -0.16462465 0.76580804
v -0.00075888 -0.16462465 0.76538174
v -0.00075888 -0.16462465 0.76538174
v -0.00075855 -0.16462465 0.76588089
v -0.00075855 -0.16462465 0.76588089
v -0.00061968 -0.16462465 0.76545896
v -0.00061968 -0.16462465 0.76545896
v -0.00072365 -0.16462465 0.76596860
v -0.00072365 -0.16462465 0.76596860
v -0.00069572 -0.16462465 0.76618846
v -0.00069572 -0.16462465 0.76618846
v -0.00061691 -0.16462465 0.76691354
v -0.00061691 -0.16462465 0.76691354
v -0.00072365 -0.16462465 0.76640366
v -0.00072365 -0.16462465 0.76640366
v -0.00075682 -0.16462465 0.76698977
v -0.00075682 -0.16462465 0.76698977
v -0.00075855 -0.16462465 0.76649019
v -0.00075855 -0.16462465 0.76649019
v -0.00080742 -0.16462465 0.76656274
v -0.00080742 -0.16462465 0.76656274
v -0.00091303 -0.16462465 0.76703552
v -0.00091303 -0.16462465 0.76703552
v -0.00093243 -0.16462465 0.76666093
v -0.00093243 -0.16462465 0.76666093
v -0.00100492 -0.16462465 0.76668552
v -0.00100492 -0.16462465 0.76668552
v -0.00108405 -0.16462465 0.76669368
v -0.00108405 -0.16462465 0.76669368
v -0.00108555 -0.16462465 0.76705079
v -0.00108555 -0.16462465 0.76705079
v -0.00123586 -0.16462465 0.76666093
v -0.00123586 -0.16462465 0.76666093
v -0.00130839 -0.16462465 0.76702387
v -0.00130839 -0.16462465 0.76702387
v -0.00136143 -0.16462465 0.76656274
v -0.00136143 -0.16462465 0.76656274
v -0.00141063 -0.16462465 0.76649001
v -0.00141063 -0.16462465 0.76649001
v -0.00144577 -0.16462465 0.76640292
v -0.00144577 -0.16462465 0.76640292
v -0.00150912 -0.16462465 0.76694322
v -0.00150912 -0.16462465 0.76694322
v -0.00167498 -0.16462465 0.76554973
v -0.00167498 -0.16462465 0.76554973
v -0.00167723 -0.16462465 0.76681143
v -0.00167723 -0.16462465 0.76681143
v -0.00180224 -0.16462465 0.76663131
v -0.00180224 -0.16462465 0.76663131
v -0.00180224 -0.16462465 0.76572457
v -0.00180224 -0.16462465 0.76572457
v -0.00187983 -0.16462465 0.76642353
v -0.00187983 -0.16462465 0.76642353
v -0.00187983 -0.16462465 0.76594505
v -0.00187983 -0.16462465 0.76594505
v -0.00190569 -0.16462465 0.76620875
v -0.00190569 -0.16462465 0.76620875
v -0.00049556 -0.16462465 0.76556708
v -0.00049556 -0.16462465 0.76556708
v -0.00049331 -0.16462465 0.76680677
v -0.00049331 -0.16462465 0.76680677
v -0.00039356 -0.16462465 0.76569869
v -0.00039356 -0.16462465 0.76569869
v -0.00039229 -0.16462465 0.76667669
v -0.00039229 -0.16462465 0.76667669
v -0.00032070 -0.16462465 0.76584643
v -0.00032070 -0.16462465 0.76584643
v -0.00032014 -0.16462465 0.76653055
v -0.00032014 -0.16462465 0.76653055
v -0.00027699 -0.16462465 0.76601017
v -0.00027699 -0.16462465 0.76601017
v -0.00027684 -0.16462465 0.76636833
v -0.00027684 -0.16462465 0.76636833
v -0.00026241 -0.16462465 0.76619005
v -0.00026241 -0.16462465 0.76619005
v 0.00042091 -0.16462465 0.76599282
v 0.00042091 -0.16462465 0.76599282
v 0.00040330 -0.16462465 0.76622120
v 0.00040330 -0.16462465 0.76622120
v 0.00038399 -0.16462465 0.76537745
v 0.00038399 -0.16462465 0.76537745
v 0.00050642 -0.16462465 0.76533434
v 0.00050642 -0.16462465 0.76533434
v 0.00047377 -0.16462465 0.76583766
v 0.00047377 -0.16462465 0.76583766
v 0.00052980 -0.16462465 0.76576260
v 0.00052980 -0.16462465 0.76576260
v 0.00063869 -0.16462465 0.76531993
v 0.00063869 -0.16462465 0.76531993
v 0.00059596 -0.16462465 0.76570899
v 0.00059596 -0.16462465 0.76570899
v 0.00067224 -0.16462465 0.76567686
v 0.00067224 -0.16462465 0.76567686
v 0.00077307 -0.16462465 0.76533728
v 0.00077307 -0.16462465 0.76533728
v 0.00075864 -0.16462465 0.76566613
v 0.00075864 -0.16462465 0.76566613
v 0.00089320 -0.16462465 0.76569826
v 0.00089320 -0.16462465 0.76569826
v 0.00090633 -0.16462465 0.76538935
v 0.00090633 -0.16462465 0.76538935
v 0.00100603 -0.16462465 0.76579473
v 0.00100603 -0.16462465 0.76579473
v 0.00103021 -0.16462465 0.76547686
v 0.00103021 -0.16462465 0.76547686
v 0.00105064 -0.16462465 0.76586703
v 0.00105064 -0.16462465 0.76586703
v 0.00113648 -0.16462465 0.76560062
v 0.00113648 -0.16462465 0.76560062
v 0.00113648 -0.16462465 0.76560062
v 0.00108250 -0.16462465 0.76595517
v 0.00108250 -0.16462465 0.76595517
v 0.00110799 -0.16462465 0.76617914
v 0.00110799 -0.16462465 0.76617914
v 0.00152780 -0.16462465 0.76764334
v 0.00152780 -0.16462465 0.76764334
v 0.00152780 -0.16462465 0.76764334
v 0.00110649 -0.16462465 0.76764334
v 0.00110649 -0.16462465 0.76764334
v 0.00110649 -0.16462465 0.76764334
v 0.00110649 -0.16462465 0.76682001
v 0.00110649 -0.16462465 0.76682001
v 0.00110649 -0.16462465 0.76682001
v 0.00108325 -0.16462465 0.76642451
v 0.00108325 -0.16462465 0.76642451
v 0.00105232 -0.16462465 0.76651724
v 0.00105232 -0.16462465 0.76651724
v 0.00100903 -0.16462465 0.76659003
v 0.00100903 -0.16462465 0.76659003
v 0.00100453 -0.16462465 0.76692096
v 0.00100453 -0.16462465 0.76692096
v 0.00089621 -0.16462465 0.76668417
v 0.00089621 -0.16462465 0.76668417
v 0.00089358 -0.16462465 0.76699308
v 0.00089358 -0.16462465 0.76699308
v 0.00077364 -0.16462465 0.76703638
v 0.00077364 -0.16462465 0.76703638
v 0.00075564 -0.16462465 0.76671551
v 0.00075564 -0.16462465 0.76671551
v 0.00064469 -0.16462465 0.76705079
v 0.00064469 -0.16462465 0.76705079
v 0.00061789 -0.16462465 0.76668454
v 0.00061789 -0.16462465 0.76668454
v 0.00050553 -0.16462465 0.76703712
v 0.00050553 -0.16462465 0.76703712
v 0.00050450 -0.16462465 0.76659156
v 0.00050450 -0.16462465 0.76659156
v 0.00046022 -0.16462465 0.76652196
v 0.00046022 -0.16462465 0.76652196
v 0.00042860 -0.16462465 0.76643702
v 0.00042860 -0.16462465 0.76643702
v 0.00037893 -0.16462465 0.76699602
v 0.00037893 -0.16462465 0.76699602
v 0.00027140 -0.16462465 0.76544933
v 0.00027140 -0.16462465 0.76544933
v 0.00026489 -0.16462465 0.76692752
v 0.00026489 -0.16462465 0.76692752
v 0.00016865 -0.16462465 0.76554997
v 0.00016865 -0.16462465 0.76554997
v 0.00016340 -0.16462465 0.76683173
v 0.00016340 -0.16462465 0.76683173
v 0.00008305 -0.16462465 0.76567630
v 0.00008305 -0.16462465 0.76567630
v 0.00008010 -0.16462465 0.76670956
v 0.00008010 -0.16462465 0.76670956
v 0.00002190 -0.16462465 0.76582533
v 0.00002190 -0.16462465 0.76582533
v 0.00002059 -0.16462465 0.76656213
v 0.00002059 -0.16462465 0.76656213
v -0.00001479 -0.16462465 0.76599711
v -0.00001479 -0.16462465 0.76599711
v -0.00001511 -0.16462465 0.76638949
v -0.00001511 -0.16462465 0.76638949
v -0.00002701 -0.16462465 0.76619159
v -0.00002701 -0.16462465 0.76619159
v 0.00152780 -0.16462465 0.76535740
v 0.00152780 -0.16462465 0.76535740
v 0.00152780 -0.16462465 0.76535740
v 0.00113648 -0.16462465 0.76535740
v 0.00113648 -0.16462465 0.76535740
v 0.00113648 -0.16462465 0.76535740
v 0.00227972 -0.16462465 0.76588580
v 0.00227972 -0.16462465 0.76588580
v 0.00225198 -0.16462465 0.76605906
v 0.00225198 -0.16462465 0.76605906
v 0.00225198 -0.16462465 0.76605906
v 0.00223100 -0.16462465 0.76539051
v 0.00223100 -0.16462465 0.76539051
v 0.00239817 -0.16462465 0.76533759
v 0.00239817 -0.16462465 0.76533759
v 0.00235394 -0.16462465 0.76575579
v 0.00235394 -0.16462465 0.76575579
v 0.00246339 -0.16462465 0.76567446
v 0.00246339 -0.16462465 0.76567446
v 0.00259234 -0.16462465 0.76531993
v 0.00259234 -0.16462465 0.76531993
v 0.00259683 -0.16462465 0.76564742
v 0.00259683 -0.16462465 0.76564742
v 0.00283279 -0.16462465 0.76535133
v 0.00283279 -0.16462465 0.76535133
v 0.00268792 -0.16462465 0.76566146
v 0.00268792 -0.16462465 0.76566146
v 0.00276326 -0.16462465 0.76570354
v 0.00276326 -0.16462465 0.76570354
v 0.00282249 -0.16462465 0.76577682
v 0.00282249 -0.16462465 0.76577682
v 0.00286522 -0.16462465 0.76588439
v 0.00286522 -0.16462465 0.76588439
v 0.00286522 -0.16462465 0.76588439
v 0.00293658 -0.16462465 0.76539058
v 0.00293658 -0.16462465 0.76539058
v 0.00328503 -0.16462465 0.76581111
v 0.00328503 -0.16462465 0.76581111
v 0.00328503 -0.16462465 0.76581111
v 0.00302939 -0.16462465 0.76544546
v 0.00302939 -0.16462465 0.76544546
v 0.00311087 -0.16462465 0.76551538
v 0.00311087 -0.16462465 0.76551538
v 0.00318064 -0.16462465 0.76559965
v 0.00318064 -0.16462465 0.76559965
v 0.00226136 -0.16462465 0.76699253
v 0.00226136 -0.16462465 0.76699253
v 0.00213738 -0.16462465 0.76691967
v 0.00213738 -0.16462465 0.76691967
v 0.00209081 -0.16462465 0.76547870
v 0.00209081 -0.16462465 0.76547870
v 0.00202708 -0.16462465 0.76681768
v 0.00202708 -0.16462465 0.76681768
v 0.00197761 -0.16462465 0.76560216
v 0.00197761 -0.16462465 0.76560216
v 0.00193656 -0.16462465 0.76668994
v 0.00193656 -0.16462465 0.76668994
v 0.00190873 -0.16462465 0.76572267
v 0.00190873 -0.16462465 0.76572267
v 0.00187190 -0.16462465 0.76653993
v 0.00187190 -0.16462465 0.76653993
v 0.00185953 -0.16462465 0.76585790
v 0.00185953 -0.16462465 0.76585790
v 0.00183311 -0.16462465 0.76636754
v 0.00183311 -0.16462465 0.76636754
v 0.00183001 -0.16462465 0.76600797
v 0.00183001 -0.16462465 0.76600797
v 0.00182018 -0.16462465 0.76617288
v 0.00182018 -0.16462465 0.76617288
v 0.00225948 -0.16462465 0.76632724
v 0.00225948 -0.16462465 0.76632724
v 0.00225948 -0.16462465 0.76632724
v 0.00330752 -0.16462465 0.76605906
v 0.00330752 -0.16462465 0.76605906
v 0.00330752 -0.16462465 0.76605906
v 0.00288921 -0.16462465 0.76632724
v 0.00288921 -0.16462465 0.76632724
v 0.00288921 -0.16462465 0.76632724
v 0.00299903 -0.16462465 0.76691354
v 0.00299903 -0.16462465 0.76691354
v 0.00311111 -0.16462465 0.76680677
v 0.00311111 -0.16462465 0.76680677
v 0.00320041 -0.16462465 0.76666853
v 0.00320041 -0.16462465 0.76666853
v 0.00326292 -0.16462465 0.76649779
v 0.00326292 -0.16462465 0.76649779
v 0.00329862 -0.16462465 0.76629468
v 0.00329862 -0.16462465 0.76629468
v 0.00286822 -0.16462465 0.76698977
v 0.00286822 -0.16462465 0.76698977
v 0.00286334 -0.16462465 0.76649467
v 0.00286334 -0.16462465 0.76649467
v 0.00279475 -0.16462465 0.76661653
v 0.00279475 -0.16462465 0.76661653
v 0.00271866 -0.16462465 0.76703552
v 0.00271866 -0.16462465 0.76703552
v 0.00269504 -0.16462465 0.76669080
v 0.00269504 -0.16462465 0.76669080
v 0.00257584 -0.16462465 0.76671551
v 0.00257584 -0.16462465 0.76671551
v 0.00255035 -0.16462465 0.76705079
v 0.00255035 -0.16462465 0.76705079
v 0.00244990 -0.16462465 0.76668939
v 0.00244990 -0.16462465 0.76668939
v 0.00239901 -0.16462465 0.76703620
v 0.00239901 -0.16462465 0.76703620
v 0.00234794 -0.16462465 0.76661107
v 0.00234794 -0.16462465 0.76661107
v 0.00228085 -0.16462465 0.76648786
v 0.00228085 -0.16462465 0.76648786
v 0.00450400 -0.16462465 0.76579553
v 0.00450400 -0.16462465 0.76579553
v 0.00450400 -0.16462465 0.76579553
v 0.00450400 -0.16462465 0.76535740
v 0.00450400 -0.16462465 0.76535740
v 0.00450400 -0.16462465 0.76535740
v 0.00492531 -0.16462465 0.76535740
v 0.00492531 -0.16462465 0.76535740
v 0.00492531 -0.16462465 0.76535740
v 0.00492531 -0.16462465 0.76579553
v 0.00492531 -0.16462465 0.76579553
v 0.00492531 -0.16462465 0.76579553
v -0.00485643 -0.16435640 0.75651775
v -0.00485643 -0.16435640 0.75651775
v -0.00485643 -0.16435640 0.75651775
v -0.00540595 -0.16435640 0.75416612
v -0.00540595 -0.16435640 0.75416612
v -0.00540595 -0.16435640 0.75416612
v -0.00540595 -0.16435640 0.75699653
v -0.00540595 -0.16435640 0.75699653
v -0.00540595 -0.16435640 0.75699653
v -0.00354019 -0.16435640 0.75699653
v -0.00354019 -0.16435640 0.75699653
v -0.00354019 -0.16435640 0.75699653
v -0.00354019 -0.16435640 0.75651775
v -0.00354019 -0.16435640 0.75651775
v -0.00354019 -0.16435640 0.75651775
v -0.00485643 -0.16435640 0.75416612
v -0.00485643 -0.16435640 0.75416612
v -0.00485643 -0.16435640 0.75416612
v -0.00485643 -0.16435640 0.75584780
v -0.00485643 -0.16435640 0.75584780
v -0.00485643 -0.16435640 0.75584780
v -0.00485643 -0.16435640 0.75536895
v -0.00485643 -0.16435640 0.75536895
v -0.00485643 -0.16435640 0.75536895
v -0.00372027 -0.16435640 0.75584780
v -0.00372027 -0.16435640 0.75584780
v -0.00372027 -0.16435640 0.75584780
v -0.00372027 -0.16435640 0.75536895
v -0.00372027 -0.16435640 0.75536895
v -0.00372027 -0.16435640 0.75536895
v -0.00150804 -0.16435640 0.75577126
v -0.00150804 -0.16435640 0.75577126
v -0.00149063 -0.16435640 0.75547321
v -0.00149063 -0.16435640 0.75547321
v -0.00149620 -0.16435640 0.75483993
v -0.00149620 -0.16435640 0.75483993
v -0.00156025 -0.16435640 0.75595880
v -0.00156025 -0.16435640 0.75595880
v -0.00165516 -0.16435640 0.75607944
v -0.00165516 -0.16435640 0.75607944
v -0.00147114 -0.16435640 0.75444124
v -0.00147114 -0.16435640 0.75444124
v -0.00180066 -0.16435640 0.75617695
v -0.00180066 -0.16435640 0.75617695
v -0.00189349 -0.16435640 0.75416612
v -0.00189349 -0.16435640 0.75416612
v -0.00189349 -0.16435640 0.75416612
v -0.00194361 -0.16435640 0.75432637
v -0.00194361 -0.16435640 0.75432637
v -0.00196218 -0.16435640 0.75439009
v -0.00196218 -0.16435640 0.75439009
v -0.00196218 -0.16435640 0.75439009
v -0.00200302 -0.16435640 0.75504262
v -0.00200302 -0.16435640 0.75504262
v -0.00200302 -0.16435640 0.75515074
v -0.00200302 -0.16435640 0.75515074
v -0.00200302 -0.16435640 0.75550411
v -0.00200302 -0.16435640 0.75550411
v -0.00200302 -0.16435640 0.75550411
v -0.00200302 -0.16435640 0.75555814
v -0.00200302 -0.16435640 0.75555814
v -0.00201602 -0.16435640 0.75624140
v -0.00201602 -0.16435640 0.75624140
v -0.00202159 -0.16435640 0.75569209
v -0.00202159 -0.16435640 0.75569209
v -0.00207728 -0.16435640 0.75578114
v -0.00207728 -0.16435640 0.75578114
v -0.00207728 -0.16435640 0.75578114
v -0.00218449 -0.16435640 0.75583112
v -0.00218449 -0.16435640 0.75583112
v -0.00232048 -0.16435640 0.75626287
v -0.00232048 -0.16435640 0.75626287
v -0.00235761 -0.16435640 0.75584780
v -0.00235761 -0.16435640 0.75584780
v -0.00248153 -0.16435640 0.75583351
v -0.00248153 -0.16435640 0.75583351
v -0.00257482 -0.16435640 0.75579083
v -0.00257482 -0.16435640 0.75579083
v -0.00264536 -0.16435640 0.75571238
v -0.00264536 -0.16435640 0.75571238
v -0.00265743 -0.16435640 0.75622718
v -0.00265743 -0.16435640 0.75622718
v -0.00270106 -0.16435640 0.75559096
v -0.00270106 -0.16435640 0.75559096
v -0.00270106 -0.16435640 0.75559096
v -0.00279040 -0.16435640 0.75618253
v -0.00279040 -0.16435640 0.75618253
v -0.00289970 -0.16435640 0.75612004
v -0.00289970 -0.16435640 0.75612004
v -0.00298997 -0.16435640 0.75603890
v -0.00298997 -0.16435640 0.75603890
v -0.00306586 -0.16435640 0.75593850
v -0.00306586 -0.16435640 0.75593850
v -0.00317446 -0.16435640 0.75567982
v -0.00317446 -0.16435640 0.75567982
v -0.00317446 -0.16435640 0.75567982
v -0.00220027 -0.16435640 0.75543990
v -0.00220027 -0.16435640 0.75543990
v -0.00232048 -0.16435640 0.75506776
v -0.00232048 -0.16435640 0.75506776
v -0.00250009 -0.16435640 0.75501999
v -0.00250009 -0.16435640 0.75501999
v -0.00250984 -0.16435640 0.75537085
v -0.00250984 -0.16435640 0.75537085
v -0.00260452 -0.16435640 0.75497314
v -0.00260452 -0.16435640 0.75497314
v -0.00268110 -0.16435640 0.75488771
v -0.00268110 -0.16435640 0.75488771
v -0.00274910 -0.16435640 0.75531222
v -0.00274910 -0.16435640 0.75531222
v -0.00270663 -0.16435640 0.75478198
v -0.00270663 -0.16435640 0.75478198
v -0.00271713 -0.16435640 0.75413049
v -0.00271713 -0.16435640 0.75413049
v -0.00284517 -0.16435640 0.75416268
v -0.00284517 -0.16435640 0.75416268
v -0.00292477 -0.16435640 0.75524439
v -0.00292477 -0.16435640 0.75524439
v -0.00295708 -0.16435640 0.75421641
v -0.00295708 -0.16435640 0.75421641
v -0.00305263 -0.16435640 0.75515608
v -0.00305263 -0.16435640 0.75515608
v -0.00305286 -0.16435640 0.75429160
v -0.00305286 -0.16435640 0.75429160
v -0.00312962 -0.16435640 0.75438316
v -0.00312962 -0.16435640 0.75438316
v -0.00314847 -0.16435640 0.75503587
v -0.00314847 -0.16435640 0.75503587
v -0.00318444 -0.16435640 0.75448613
v -0.00318444 -0.16435640 0.75448613
v -0.00320834 -0.16435640 0.75489035
v -0.00320834 -0.16435640 0.75489035
v -0.00321734 -0.16435640 0.75460039
v -0.00321734 -0.16435640 0.75460039
v -0.00322830 -0.16435640 0.75472599
v -0.00322830 -0.16435640 0.75472599
v -0.00268621 -0.16435640 0.75467582
v -0.00268621 -0.16435640 0.75467582
v -0.00257296 -0.16435640 0.75411975
v -0.00257296 -0.16435640 0.75411975
v -0.00262494 -0.16435640 0.75458505
v -0.00262494 -0.16435640 0.75458505
v -0.00253212 -0.16435640 0.75452281
v -0.00253212 -0.16435640 0.75452281
v -0.00240541 -0.16435640 0.75413662
v -0.00240541 -0.16435640 0.75413662
v -0.00241702 -0.16435640 0.75450202
v -0.00241702 -0.16435640 0.75450202
v -0.00227917 -0.16435640 0.75452618
v -0.00227917 -0.16435640 0.75452618
v -0.00224808 -0.16435640 0.75418734
v -0.00224808 -0.16435640 0.75418734
v -0.00214783 -0.16435640 0.75459860
v -0.00214783 -0.16435640 0.75459860
v -0.00210049 -0.16435640 0.75427179
v -0.00210049 -0.16435640 0.75427179
v -0.00206939 -0.16435640 0.75468017
v -0.00206939 -0.16435640 0.75468017
v -0.00202344 -0.16435640 0.75477811
v -0.00202344 -0.16435640 0.75477811
v -0.00137739 -0.16435640 0.75416612
v -0.00137739 -0.16435640 0.75416612
v -0.00137739 -0.16435640 0.75416612
v 0.00028417 -0.16435640 0.75535159
v 0.00028417 -0.16435640 0.75535159
v 0.00028417 -0.16435640 0.75621657
v 0.00028417 -0.16435640 0.75621657
v 0.00028417 -0.16435640 0.75621657
v 0.00080584 -0.16435640 0.75621657
v 0.00080584 -0.16435640 0.75621657
v 0.00080584 -0.16435640 0.75621657
v 0.00032130 -0.16435640 0.75447307
v 0.00032130 -0.16435640 0.75447307
v 0.00032130 -0.16435640 0.75447307
v 0.00032130 -0.16435640 0.75416612
v 0.00032130 -0.16435640 0.75416612
v 0.00032130 -0.16435640 0.75416612
v 0.00080584 -0.16435640 0.75416612
v 0.00080584 -0.16435640 0.75416612
v 0.00080584 -0.16435640 0.75416612
v 0.00027442 -0.16435640 0.75499319
v 0.00027442 -0.16435640 0.75499319
v 0.00024518 -0.16435640 0.75479841
v 0.00024518 -0.16435640 0.75479841
v 0.00019668 -0.16435640 0.75432637
v 0.00019668 -0.16435640 0.75432637
v 0.00018949 -0.16435640 0.75469464
v 0.00018949 -0.16435640 0.75469464
v 0.00010038 -0.16435640 0.75460921
v 0.00010038 -0.16435640 0.75460921
v 0.00003818 -0.16435640 0.75421438
v 0.00003818 -0.16435640 0.75421438
v -0.00001241 -0.16435640 0.75455200
v -0.00001241 -0.16435640 0.75455200
v -0.00013911 -0.16435640 0.75453292
v -0.00013911 -0.16435640 0.75453292
v -0.00014213 -0.16435640 0.75414343
v -0.00014213 -0.16435640 0.75414343
v -0.00024586 -0.16435640 0.75454715
v -0.00024586 -0.16435640 0.75454715
v -0.00033219 -0.16435640 0.75411975
v -0.00033219 -0.16435640 0.75411975
v -0.00033219 -0.16435640 0.75458990
v -0.00033219 -0.16435640 0.75458990
v -0.00039647 -0.16435640 0.75465699
v -0.00039647 -0.16435640 0.75465699
v -0.00043708 -0.16435640 0.75474432
v -0.00043708 -0.16435640 0.75474432
v -0.00052062 -0.16435640 0.75414245
v -0.00052062 -0.16435640 0.75414245
v -0.00045866 -0.16435640 0.75492561
v -0.00045866 -0.16435640 0.75492561
v -0.00046585 -0.16435640 0.75527432
v -0.00046585 -0.16435640 0.75527432
v -0.00046585 -0.16435640 0.75621657
v -0.00046585 -0.16435640 0.75621657
v -0.00046585 -0.16435640 0.75621657
v -0.00068863 -0.16435640 0.75421052
v -0.00068863 -0.16435640 0.75421052
v -0.00082462 -0.16435640 0.75431956
v -0.00082462 -0.16435640 0.75431956
v -0.00091698 -0.16435640 0.75446534
v -0.00091698 -0.16435640 0.75446534
v -0.00096989 -0.16435640 0.75466086
v -0.00096989 -0.16435640 0.75466086
v -0.00098752 -0.16435640 0.75491911
v -0.00098752 -0.16435640 0.75491911
v -0.00098752 -0.16435640 0.75621657
v -0.00098752 -0.16435640 0.75621657
v -0.00098752 -0.16435640 0.75621657
v 0.00134607 -0.16435640 0.75416612
v 0.00134607 -0.16435640 0.75416612
v 0.00134607 -0.16435640 0.75416612
v 0.00134607 -0.16435640 0.75699653
v 0.00134607 -0.16435640 0.75699653
v 0.00134607 -0.16435640 0.75699653
v 0.00186775 -0.16435640 0.75699653
v 0.00186775 -0.16435640 0.75699653
v 0.00186775 -0.16435640 0.75699653
v 0.00186775 -0.16435640 0.75416612
v 0.00186775 -0.16435640 0.75416612
v 0.00186775 -0.16435640 0.75416612
v 0.00295007 -0.16435640 0.75578408
v 0.00295007 -0.16435640 0.75578408
v 0.00295007 -0.16435640 0.75578408
v 0.00295007 -0.16435640 0.75621657
v 0.00295007 -0.16435640 0.75621657
v 0.00295007 -0.16435640 0.75621657
v 0.00330652 -0.16435640 0.75621657
v 0.00330652 -0.16435640 0.75621657
v 0.00330652 -0.16435640 0.75621657
v 0.00330652 -0.16435640 0.75578408
v 0.00330652 -0.16435640 0.75578408
v 0.00330652 -0.16435640 0.75578408
v 0.00295007 -0.16435640 0.75495768
v 0.00295007 -0.16435640 0.75495768
v 0.00295007 -0.16435640 0.75694054
v 0.00295007 -0.16435640 0.75694054
v 0.00295007 -0.16435640 0.75694054
v 0.00293708 -0.16435640 0.75411975
v 0.00293708 -0.16435640 0.75411975
v 0.00280295 -0.16435640 0.75413208
v 0.00280295 -0.16435640 0.75413208
v 0.00268274 -0.16435640 0.75416900
v 0.00268274 -0.16435640 0.75416900
v 0.00258458 -0.16435640 0.75422548
v 0.00258458 -0.16435640 0.75422548
v 0.00251659 -0.16435640 0.75429644
v 0.00251659 -0.16435640 0.75429644
v 0.00247180 -0.16435640 0.75438837
v 0.00247180 -0.16435640 0.75438837
v 0.00244326 -0.16435640 0.75450784
v 0.00244326 -0.16435640 0.75450784
v 0.00242655 -0.16435640 0.75489010
v 0.00242655 -0.16435640 0.75489010
v 0.00242655 -0.16435640 0.75578408
v 0.00242655 -0.16435640 0.75578408
v 0.00242655 -0.16435640 0.75578408
v 0.00242655 -0.16435640 0.75621657
v 0.00242655 -0.16435640 0.75621657
v 0.00242655 -0.16435640 0.75621657
v 0.00242655 -0.16435640 0.75662390
v 0.00242655 -0.16435640 0.75662390
v 0.00242655 -0.16435640 0.75662390
v 0.00218706 -0.16435640 0.75578408
v 0.00218706 -0.16435640 0.75578408
v 0.00218706 -0.16435640 0.75578408
v 0.00218706 -0.16435640 0.75621657
v 0.00218706 -0.16435640 0.75621657
v 0.00218706 -0.16435640 0.75621657
v 0.00296029 -0.16435640 0.75466521
v 0.00296029 -0.16435640 0.75466521
v 0.00296029 -0.16435640 0.75466521
v 0.00315522 -0.16435640 0.75414005
v 0.00315522 -0.16435640 0.75414005
v 0.00300670 -0.16435640 0.75459664
v 0.00300670 -0.16435640 0.75459664
v 0.00300670 -0.16435640 0.75459664
v 0.00309488 -0.16435640 0.75456960
v 0.00309488 -0.16435640 0.75456960
v 0.00330466 -0.16435640 0.75462173
v 0.00330466 -0.16435640 0.75462173
v 0.00330466 -0.16435640 0.75462173
v 0.00334922 -0.16435640 0.75420083
v 0.00334922 -0.16435640 0.75420083
v 0.00334922 -0.16435640 0.75420083
v 0.00472487 -0.16435640 0.75416612
v 0.00472487 -0.16435640 0.75416612
v 0.00472487 -0.16435640 0.75416612
v 0.00472487 -0.16435640 0.75470863
v 0.00472487 -0.16435640 0.75470863
v 0.00472487 -0.16435640 0.75470863
v 0.00524654 -0.16435640 0.75470863
v 0.00524654 -0.16435640 0.75470863
v 0.00524654 -0.16435640 0.75470863
v 0.00524654 -0.16435640 0.75416612
v 0.00524654 -0.16435640 0.75416612
v 0.00524654 -0.16435640 0.75416612
v -0.00485643 -0.16468857 0.75584780
v -0.00485643 -0.16468857 0.75584780
v -0.00485643 -0.16468857 0.75584780
v -0.00485643 -0.16468857 0.75536895
v -0.00485643 -0.16468857 0.75536895
v -0.00485643 -0.16468857 0.75536895
v -0.00372027 -0.16468857 0.75536895
v -0.00372027 -0.16468857 0.75536895
v -0.00372027 -0.16468857 0.75536895
v -0.00372027 -0.16468857 0.75584780
v -0.00372027 -0.16468857 0.75584780
v -0.00372027 -0.16468857 0.75584780
v -0.00485643 -0.16468857 0.75651775
v -0.00485643 -0.16468857 0.75651775
v -0.00485643 -0.16468857 0.75651775
v -0.00485643 -0.16468857 0.75416612
v -0.00485643 -0.16468857 0.75416612
v -0.00485643 -0.16468857 0.75416612
v -0.00540595 -0.16468857 0.75699653
v -0.00540595 -0.16468857 0.75699653
v -0.00540595 -0.16468857 0.75699653
v -0.00540595 -0.16468857 0.75416612
v -0.00540595 -0.16468857 0.75416612
v -0.00540595 -0.16468857 0.75416612
v -0.00354019 -0.16468857 0.75699653
v -0.00354019 -0.16468857 0.75699653
v -0.00354019 -0.16468857 0.75699653
v -0.00354019 -0.16468857 0.75651775
v -0.00354019 -0.16468857 0.75651775
v -0.00354019 -0.16468857 0.75651775
v -0.00268621 -0.16468857 0.75467582
v -0.00268621 -0.16468857 0.75467582
v -0.00270663 -0.16468857 0.75478198
v -0.00270663 -0.16468857 0.75478198
v -0.00271713 -0.16468857 0.75413049
v -0.00271713 -0.16468857 0.75413049
v -0.00257296 -0.16468857 0.75411975
v -0.00257296 -0.16468857 0.75411975
v -0.00262494 -0.16468857 0.75458505
v -0.00262494 -0.16468857 0.75458505
v -0.00253212 -0.16468857 0.75452281
v -0.00253212 -0.16468857 0.75452281
v -0.00240541 -0.16468857 0.75413662
v -0.00240541 -0.16468857 0.75413662
v -0.00241702 -0.16468857 0.75450202
v -0.00241702 -0.16468857 0.75450202
v -0.00227917 -0.16468857 0.75452618
v -0.00227917 -0.16468857 0.75452618
v -0.00224808 -0.16468857 0.75418734
v -0.00224808 -0.16468857 0.75418734
v -0.00214783 -0.16468857 0.75459860
v -0.00214783 -0.16468857 0.75459860
v -0.00210049 -0.16468857 0.75427179
v -0.00210049 -0.16468857 0.75427179
v -0.00206939 -0.16468857 0.75468017
v -0.00206939 -0.16468857 0.75468017
v -0.00196218 -0.16468857 0.75439009
v -0.00196218 -0.16468857 0.75439009
v -0.00196218 -0.16468857 0.75439009
v -0.00202344 -0.16468857 0.75477811
v -0.00202344 -0.16468857 0.75477811
v -0.00200302 -0.16468857 0.75504262
v -0.00200302 -0.16468857 0.75504262
v -0.00200302 -0.16468857 0.75515074
v -0.00200302 -0.16468857 0.75515074
v -0.00200302 -0.16468857 0.75550411
v -0.00200302 -0.16468857 0.75550411
v -0.00200302 -0.16468857 0.75550411
v -0.00200302 -0.16468857 0.75555814
v -0.00200302 -0.16468857 0.75555814
v -0.00180066 -0.16468857 0.75617695
v -0.00180066 -0.16468857 0.75617695
v -0.00201602 -0.16468857 0.75624140
v -0.00201602 -0.16468857 0.75624140
v -0.00202159 -0.16468857 0.75569209
v -0.00202159 -0.16468857 0.75569209
v -0.00207728 -0.16468857 0.75578114
v -0.00207728 -0.16468857 0.75578114
v -0.00207728 -0.16468857 0.75578114
v -0.00218449 -0.16468857 0.75583112
v -0.00218449 -0.16468857 0.75583112
v -0.00232048 -0.16468857 0.75626287
v -0.00232048 -0.16468857 0.75626287
v -0.00235761 -0.16468857 0.75584780
v -0.00235761 -0.16468857 0.75584780
v -0.00248153 -0.16468857 0.75583351
v -0.00248153 -0.16468857 0.75583351
v -0.00257482 -0.16468857 0.75579083
v -0.00257482 -0.16468857 0.75579083
v -0.00264536 -0.16468857 0.75571238
v -0.00264536 -0.16468857 0.75571238
v -0.00265743 -0.16468857 0.75622718
v -0.00265743 -0.16468857 0.75622718
v -0.00270106 -0.16468857 0.75559096
v -0.00270106 -0.16468857 0.75559096
v -0.00270106 -0.16468857 0.75559096
v -0.00279040 -0.16468857 0.75618253
v -0.00279040 -0.16468857 0.75618253
v -0.00289970 -0.16468857 0.75612004
v -0.00289970 -0.16468857 0.75612004
v -0.00298997 -0.16468857 0.75603890
v -0.00298997 -0.16468857 0.75603890
v -0.00306586 -0.16468857 0.75593850
v -0.00306586 -0.16468857 0.75593850
v -0.00317446 -0.16468857 0.75567982
v -0.00317446 -0.16468857 0.75567982
v -0.00317446 -0.16468857 0.75567982
v -0.00194361 -0.16468857 0.75432637
v -0.00194361 -0.16468857 0.75432637
v -0.00189349 -0.16468857 0.75416612
v -0.00189349 -0.16468857 0.75416612
v -0.00189349 -0.16468857 0.75416612
v -0.00147114 -0.16468857 0.75444124
v -0.00147114 -0.16468857 0.75444124
v -0.00137739 -0.16468857 0.75416612
v -0.00137739 -0.16468857 0.75416612
v -0.00137739 -0.16468857 0.75416612
v -0.00165516 -0.16468857 0.75607944
v -0.00165516 -0.16468857 0.75607944
v -0.00149620 -0.16468857 0.75483993
v -0.00149620 -0.16468857 0.75483993
v -0.00156025 -0.16468857 0.75595880
v -0.00156025 -0.16468857 0.75595880
v -0.00150804 -0.16468857 0.75577126
v -0.00150804 -0.16468857 0.75577126
v -0.00149063 -0.16468857 0.75547321
v -0.00149063 -0.16468857 0.75547321
v -0.00220027 -0.16468857 0.75543990
v -0.00220027 -0.16468857 0.75543990
v -0.00232048 -0.16468857 0.75506776
v -0.00232048 -0.16468857 0.75506776
v -0.00250009 -0.16468857 0.75501999
v -0.00250009 -0.16468857 0.75501999
v -0.00250984 -0.16468857 0.75537085
v -0.00250984 -0.16468857 0.75537085
v -0.00260452 -0.16468857 0.75497314
v -0.00260452 -0.16468857 0.75497314
v -0.00268110 -0.16468857 0.75488771
v -0.00268110 -0.16468857 0.75488771
v -0.00274910 -0.16468857 0.75531222
v -0.00274910 -0.16468857 0.75531222
v -0.00284517 -0.16468857 0.75416268
v -0.00284517 -0.16468857 0.75416268
v -0.00292477 -0.16468857 0.75524439
v -0.00292477 -0.16468857 0.75524439
v -0.00295708 -0.16468857 0.75421641
v -0.00295708 -0.16468857 0.75421641
v -0.00305263 -0.16468857 0.75515608
v -0.00305263 -0.16468857 0.75515608
v -0.00305286 -0.16468857 0.75429160
v -0.00305286 -0.16468857 0.75429160
v -0.00312962 -0.16468857 0.75438316
v -0.00312962 -0.16468857 0.75438316
v -0.00314847 -0.16468857 0.75503587
v -0.00314847 -0.16468857 0.75503587
v -0.00318444 -0.16468857 0.75448613
v -0.00318444 -0.16468857 0.75448613
v -0.00320834 -0.16468857 0.75489035
v -0.00320834 -0.16468857 0.75489035
v -0.00321734 -0.16468857 0.75460039
v -0.00321734 -0.16468857 0.75460039
v -0.00322830 -0.16468857 0.75472599
v -0.00322830 -0.16468857 0.75472599
v 0.00032130 -0.16468857 0.75447307
v 0.00032130 -0.16468857 0.75447307
v 0.00032130 -0.16468857 0.75447307
v 0.00032130 -0.16468857 0.75416612
v 0.00032130 -0.16468857 0.75416612
v 0.00032130 -0.16468857 0.75416612
v 0.00080584 -0.16468857 0.75416612
v 0.00080584 -0.16468857 0.75416612
v 0.00080584 -0.16468857 0.75416612
v 0.00080584 -0.16468857 0.75621657
v 0.00080584 -0.16468857 0.75621657
v 0.00080584 -0.16468857 0.75621657
v 0.00028417 -0.16468857 0.75621657
v 0.00028417 -0.16468857 0.75621657
v 0.00028417 -0.16468857 0.75621657
v 0.00028417 -0.16468857 0.75535159
v 0.00028417 -0.16468857 0.75535159
v 0.00027442 -0.16468857 0.75499319
v 0.00027442 -0.16468857 0.75499319
v 0.00024518 -0.16468857 0.75479841
v 0.00024518 -0.16468857 0.75479841
v 0.00019668 -0.16468857 0.75432637
v 0.00019668 -0.16468857 0.75432637
v 0.00018949 -0.16468857 0.75469464
v 0.00018949 -0.16468857 0.75469464
v 0.00010038 -0.16468857 0.75460921
v 0.00010038 -0.16468857 0.75460921
v 0.00003818 -0.16468857 0.75421438
v 0.00003818 -0.16468857 0.75421438
v -0.00001241 -0.16468857 0.75455200
v -0.00001241 -0.16468857 0.75455200
v -0.00013911 -0.16468857 0.75453292
v -0.00013911 -0.16468857 0.75453292
v -0.00014213 -0.16468857 0.75414343
v -0.00014213 -0.16468857 0.75414343
v -0.00024586 -0.16468857 0.75454715
v -0.00024586 -0.16468857 0.75454715
v -0.00033219 -0.16468857 0.75458990
v -0.00033219 -0.16468857 0.75458990
v -0.00033219 -0.16468857 0.75411975
v -0.00033219 -0.16468857 0.75411975
v -0.00039647 -0.16468857 0.75465699
v -0.00039647 -0.16468857 0.75465699
v -0.00043708 -0.16468857 0.75474432
v -0.00043708 -0.16468857 0.75474432
v -0.00052062 -0.16468857 0.75414245
v -0.00052062 -0.16468857 0.75414245
v -0.00045866 -0.16468857 0.75492561
v -0.00045866 -0.16468857 0.75492561
v -0.00046585 -0.16468857 0.75527432
v -0.00046585 -0.16468857 0.75527432
v -0.00046585 -0.16468857 0.75621657
v -0.00046585 -0.16468857 0.75621657
v -0.00046585 -0.16468857 0.75621657
v -0.00068863 -0.16468857 0.75421052
v -0.00068863 -0.16468857 0.75421052
v -0.00082462 -0.16468857 0.75431956
v -0.00082462 -0.16468857 0.75431956
v -0.00091698 -0.16468857 0.75446534
v -0.00091698 -0.16468857 0.75446534
v -0.00096989 -0.16468857 0.75466086
v -0.00096989 -0.16468857 0.75466086
v -0.00098752 -0.16468857 0.75621657
v -0.00098752 -0.16468857 0.75621657
v -0.00098752 -0.16468857 0.75621657
v -0.00098752 -0.16468857 0.75491911
v -0.00098752 -0.16468857 0.75491911
v 0.00134607 -0.16468857 0.75699653
v 0.00134607 -0.16468857 0.75699653
v 0.00134607 -0.16468857 0.75699653
v 0.00134607 -0.16468857 0.75416612
v 0.00134607 -0.16468857 0.75416612
v 0.00134607 -0.16468857 0.75416612
v 0.00186775 -0.16468857 0.75416612
v 0.00186775 -0.16468857 0.75416612
v 0.00186775 -0.16468857 0.75416612
v 0.00186775 -0.16468857 0.75699653
v 0.00186775 -0.16468857 0.75699653
v 0.00186775 -0.16468857 0.75699653
v 0.00296029 -0.16468857 0.75466521
v 0.00296029 -0.16468857 0.75466521
v 0.00296029 -0.16468857 0.75466521
v 0.00295007 -0.16468857 0.75495768
v 0.00295007 -0.16468857 0.75495768
v 0.00293708 -0.16468857 0.75411975
v 0.00293708 -0.16468857 0.75411975
v 0.00315522 -0.16468857 0.75414005
v 0.00315522 -0.16468857 0.75414005
v 0.00300670 -0.16468857 0.75459664
v 0.00300670 -0.16468857 0.75459664
v 0.00300670 -0.16468857 0.75459664
v 0.00309488 -0.16468857 0.75456960
v 0.00309488 -0.16468857 0.75456960
v 0.00330466 -0.16468857 0.75462173
v 0.00330466 -0.16468857 0.75462173
v 0.00330466 -0.16468857 0.75462173
v 0.00334922 -0.16468857 0.75420083
v 0.00334922 -0.16468857 0.75420083
v 0.00334922 -0.16468857 0.75420083
v 0.00295007 -0.16468857 0.75694054
v 0.00295007 -0.16468857 0.75694054
v 0.00295007 -0.16468857 0.75694054
v 0.00280295 -0.16468857 0.75413208
v 0.00280295 -0.16468857 0.75413208
v 0.00268274 -0.16468857 0.75416900
v 0.00268274 -0.16468857 0.75416900
v 0.00258458 -0.16468857 0.75422548
v 0.00258458 -0.16468857 0.75422548
v 0.00251659 -0.16468857 0.75429644
v 0.00251659 -0.16468857 0.75429644
v 0.00247180 -0.16468857 0.75438837
v 0.00247180 -0.16468857 0.75438837
v 0.00244326 -0.16468857 0.75450784
v 0.00244326 -0.16468857 0.75450784
v 0.00242655 -0.16468857 0.75662390
v 0.00242655 -0.16468857 0.75662390
v 0.00242655 -0.16468857 0.75662390
v 0.00242655 -0.16468857 0.75621657
v 0.00242655 -0.16468857 0.75621657
v 0.00242655 -0.16468857 0.75621657
v 0.00242655 -0.16468857 0.75578408
v 0.00242655 -0.16468857 0.75578408
v 0.00242655 -0.16468857 0.75578408
v 0.00242655 -0.16468857 0.75489010
v 0.00242655 -0.16468857 0.75489010
v 0.00218706 -0.16468857 0.75621657
v 0.00218706 -0.16468857 0.75621657
v 0.00218706 -0.16468857 0.75621657
v 0.00218706 -0.16468857 0.75578408
v 0.00218706 -0.16468857 0.75578408
v 0.00218706 -0.16468857 0.75578408
v 0.00295007 -0.16468857 0.75578408
v 0.00295007 -0.16468857 0.75578408
v 0.00295007 -0.16468857 0.75578408
v 0.00295007 -0.16468857 0.75621657
v 0.00295007 -0.16468857 0.75621657
v 0.00295007 -0.16468857 0.75621657
v 0.00330652 -0.16468857 0.75578408
v 0.00330652 -0.16468857 0.75578408
v 0.00330652 -0.16468857 0.75578408
v 0.00330652 -0.16468857 0.75621657
v 0.00330652 -0.16468857 0.75621657
v 0.00330652 -0.16468857 0.75621657
v 0.00472487 -0.16468857 0.75470863
v 0.00472487 -0.16468857 0.75470863
v 0.00472487 -0.16468857 0.75470863
v 0.00472487 -0.16468857 0.75416612
v 0.00472487 -0.16468857 0.75416612
v 0.00472487 -0.16468857 0.75416612
v 0.00524654 -0.16468857 0.75416612
v 0.00524654 -0.16468857 0.75416612
v 0.00524654 -0.16468857 0.75416612
v 0.00524654 -0.16468857 0.75470863
v 0.00524654 -0.16468857 0.75470863
v 0.00524654 -0.16468857 0.75470863
v -0.00403933 -0.16435640 0.74669820
v -0.00403933 -0.16435640 0.74669820
v -0.00403933 -0.16435640 0.74669820
v -0.00462415 -0.16435640 0.74419551
v -0.00462415 -0.16435640 0.74419551
v -0.00462415 -0.16435640 0.74419551
v -0.00462415 -0.16435640 0.74720777
v -0.00462415 -0.16435640 0.74720777
v -0.00462415 -0.16435640 0.74720777
v -0.00339327 -0.16435640 0.74720777
v -0.00339327 -0.16435640 0.74720777
v -0.00358294 -0.16435640 0.74669820
v -0.00358294 -0.16435640 0.74669820
v -0.00315619 -0.16435640 0.74668795
v -0.00315619 -0.16435640 0.74668795
v -0.00299245 -0.16435640 0.74718753
v -0.00299245 -0.16435640 0.74718753
v -0.00302999 -0.16435640 0.74664606
v -0.00302999 -0.16435640 0.74664606
v -0.00293589 -0.16435640 0.74656977
v -0.00293589 -0.16435640 0.74656977
v -0.00271856 -0.16435640 0.74712663
v -0.00271856 -0.16435640 0.74712663
v -0.00287736 -0.16435640 0.74646165
v -0.00287736 -0.16435640 0.74646165
v -0.00285785 -0.16435640 0.74632428
v -0.00285785 -0.16435640 0.74632428
v -0.00284106 -0.16435640 0.74556393
v -0.00284106 -0.16435640 0.74556393
v -0.00268596 -0.16435640 0.74562329
v -0.00268596 -0.16435640 0.74562329
v -0.00252914 -0.16435640 0.74701385
v -0.00252914 -0.16435640 0.74701385
v -0.00255458 -0.16435640 0.74570314
v -0.00255458 -0.16435640 0.74570314
v -0.00244690 -0.16435640 0.74580335
v -0.00244690 -0.16435640 0.74580335
v -0.00238170 -0.16435640 0.74683796
v -0.00238170 -0.16435640 0.74683796
v -0.00236305 -0.16435640 0.74592117
v -0.00236305 -0.16435640 0.74592117
v -0.00228687 -0.16435640 0.74661553
v -0.00228687 -0.16435640 0.74661553
v -0.00230316 -0.16435640 0.74605382
v -0.00230316 -0.16435640 0.74605382
v -0.00226723 -0.16435640 0.74620113
v -0.00226723 -0.16435640 0.74620113
v -0.00225525 -0.16435640 0.74636328
v -0.00225525 -0.16435640 0.74636328
v -0.00287267 -0.16435640 0.74619997
v -0.00287267 -0.16435640 0.74619997
v -0.00291712 -0.16435640 0.74609822
v -0.00291712 -0.16435640 0.74609822
v -0.00298775 -0.16435640 0.74602119
v -0.00298775 -0.16435640 0.74602119
v -0.00301986 -0.16435640 0.74552492
v -0.00301986 -0.16435640 0.74552492
v -0.00301986 -0.16435640 0.74552492
v -0.00308111 -0.16435640 0.74597084
v -0.00308111 -0.16435640 0.74597084
v -0.00314236 -0.16435640 0.74485099
v -0.00314236 -0.16435640 0.74485099
v -0.00326485 -0.16435640 0.74594306
v -0.00326485 -0.16435640 0.74594306
v -0.00345057 -0.16435640 0.74529378
v -0.00345057 -0.16435640 0.74529378
v -0.00353602 -0.16435640 0.74537087
v -0.00353602 -0.16435640 0.74537087
v -0.00360665 -0.16435640 0.74593386
v -0.00360665 -0.16435640 0.74593386
v -0.00362641 -0.16435640 0.74541914
v -0.00362641 -0.16435640 0.74541914
v -0.00374643 -0.16435640 0.74544458
v -0.00374643 -0.16435640 0.74544458
v -0.00392079 -0.16435640 0.74545305
v -0.00392079 -0.16435640 0.74545305
v -0.00403933 -0.16435640 0.74545305
v -0.00403933 -0.16435640 0.74545305
v -0.00403933 -0.16435640 0.74545305
v -0.00403933 -0.16435640 0.74593386
v -0.00403933 -0.16435640 0.74593386
v -0.00403933 -0.16435640 0.74593386
v -0.00403933 -0.16435640 0.74419551
v -0.00403933 -0.16435640 0.74419551
v -0.00403933 -0.16435640 0.74419551
v -0.00271955 -0.16435640 0.74419551
v -0.00271955 -0.16435640 0.74419551
v -0.00271955 -0.16435640 0.74419551
v -0.00284674 -0.16435640 0.74540423
v -0.00284674 -0.16435640 0.74540423
v -0.00270671 -0.16435640 0.74527219
v -0.00270671 -0.16435640 0.74527219
v -0.00202014 -0.16435640 0.74419551
v -0.00202014 -0.16435640 0.74419551
v -0.00202014 -0.16435640 0.74419551
v -0.00256174 -0.16435640 0.74508110
v -0.00256174 -0.16435640 0.74508110
v -0.00237380 -0.16435640 0.74478316
v -0.00237380 -0.16435640 0.74478316
v -0.00036646 -0.16435640 0.74545716
v -0.00036646 -0.16435640 0.74545716
v -0.00036646 -0.16435640 0.74637769
v -0.00036646 -0.16435640 0.74637769
v -0.00036646 -0.16435640 0.74637769
v 0.00018872 -0.16435640 0.74637769
v 0.00018872 -0.16435640 0.74637769
v 0.00018872 -0.16435640 0.74637769
v -0.00032695 -0.16435640 0.74452221
v -0.00032695 -0.16435640 0.74452221
v -0.00032695 -0.16435640 0.74452221
v -0.00032695 -0.16435640 0.74419551
v -0.00032695 -0.16435640 0.74419551
v -0.00032695 -0.16435640 0.74419551
v 0.00018872 -0.16435640 0.74419551
v 0.00018872 -0.16435640 0.74419551
v 0.00018872 -0.16435640 0.74419551
v -0.00037683 -0.16435640 0.74507570
v -0.00037683 -0.16435640 0.74507570
v -0.00040795 -0.16435640 0.74486847
v -0.00040795 -0.16435640 0.74486847
v -0.00045957 -0.16435640 0.74436607
v -0.00045957 -0.16435640 0.74436607
v -0.00046723 -0.16435640 0.74475802
v -0.00046723 -0.16435640 0.74475802
v -0.00056206 -0.16435640 0.74466707
v -0.00056206 -0.16435640 0.74466707
v -0.00062824 -0.16435640 0.74424691
v -0.00062824 -0.16435640 0.74424691
v -0.00068208 -0.16435640 0.74460623
v -0.00068208 -0.16435640 0.74460623
v -0.00081693 -0.16435640 0.74458593
v -0.00081693 -0.16435640 0.74458593
v -0.00082014 -0.16435640 0.74417135
v -0.00082014 -0.16435640 0.74417135
v -0.00093053 -0.16435640 0.74460108
v -0.00093053 -0.16435640 0.74460108
v -0.00102240 -0.16435640 0.74414621
v -0.00102240 -0.16435640 0.74414621
v -0.00102240 -0.16435640 0.74464652
v -0.00102240 -0.16435640 0.74464652
v -0.00109081 -0.16435640 0.74471797
v -0.00109081 -0.16435640 0.74471797
v -0.00113403 -0.16435640 0.74481095
v -0.00113403 -0.16435640 0.74481095
v -0.00122294 -0.16435640 0.74417037
v -0.00122294 -0.16435640 0.74417037
v -0.00115700 -0.16435640 0.74500382
v -0.00115700 -0.16435640 0.74500382
v -0.00116465 -0.16435640 0.74537498
v -0.00116465 -0.16435640 0.74537498
v -0.00116465 -0.16435640 0.74637769
v -0.00116465 -0.16435640 0.74637769
v -0.00116465 -0.16435640 0.74637769
v -0.00140174 -0.16435640 0.74424280
v -0.00140174 -0.16435640 0.74424280
v -0.00154646 -0.16435640 0.74435890
v -0.00154646 -0.16435640 0.74435890
v -0.00164475 -0.16435640 0.74451399
v -0.00164475 -0.16435640 0.74451399
v -0.00170106 -0.16435640 0.74472208
v -0.00170106 -0.16435640 0.74472208
v -0.00171983 -0.16435640 0.74499689
v -0.00171983 -0.16435640 0.74499689
v -0.00171983 -0.16435640 0.74637769
v -0.00171983 -0.16435640 0.74637769
v -0.00171983 -0.16435640 0.74637769
v 0.00132550 -0.16435640 0.74549206
v 0.00132550 -0.16435640 0.74549206
v 0.00131488 -0.16435640 0.74518388
v 0.00131488 -0.16435640 0.74518388
v 0.00127537 -0.16435640 0.74605713
v 0.00127537 -0.16435640 0.74605713
v 0.00127537 -0.16435640 0.74605713
v 0.00142157 -0.16435640 0.74621892
v 0.00142157 -0.16435640 0.74621892
v 0.00135736 -0.16435640 0.74568524
v 0.00135736 -0.16435640 0.74568524
v 0.00141787 -0.16435640 0.74580747
v 0.00141787 -0.16435640 0.74580747
v 0.00151443 -0.16435640 0.74590301
v 0.00151443 -0.16435640 0.74590301
v 0.00158556 -0.16435640 0.74633452
v 0.00158556 -0.16435640 0.74633452
v 0.00163643 -0.16435640 0.74596465
v 0.00163643 -0.16435640 0.74596465
v 0.00176732 -0.16435640 0.74640388
v 0.00176732 -0.16435640 0.74640388
v 0.00177325 -0.16435640 0.74598519
v 0.00177325 -0.16435640 0.74598519
v 0.00196687 -0.16435640 0.74642700
v 0.00196687 -0.16435640 0.74642700
v 0.00187772 -0.16435640 0.74597084
v 0.00187772 -0.16435640 0.74597084
v 0.00196588 -0.16435640 0.74592767
v 0.00196588 -0.16435640 0.74592767
v 0.00203479 -0.16435640 0.74585861
v 0.00203479 -0.16435640 0.74585861
v 0.00214271 -0.16435640 0.74640977
v 0.00214271 -0.16435640 0.74640977
v 0.00208146 -0.16435640 0.74576638
v 0.00208146 -0.16435640 0.74576638
v 0.00210814 -0.16435640 0.74560017
v 0.00210814 -0.16435640 0.74560017
v 0.00211703 -0.16435640 0.74530917
v 0.00211703 -0.16435640 0.74530917
v 0.00211703 -0.16435640 0.74419551
v 0.00211703 -0.16435640 0.74419551
v 0.00211703 -0.16435640 0.74419551
v 0.00267221 -0.16435640 0.74419551
v 0.00267221 -0.16435640 0.74419551
v 0.00267221 -0.16435640 0.74419551
v 0.00230274 -0.16435640 0.74635813
v 0.00230274 -0.16435640 0.74635813
v 0.00243635 -0.16435640 0.74627981
v 0.00243635 -0.16435640 0.74627981
v 0.00253292 -0.16435640 0.74618248
v 0.00253292 -0.16435640 0.74618248
v 0.00259910 -0.16435640 0.74606841
v 0.00259910 -0.16435640 0.74606841
v 0.00264158 -0.16435640 0.74594000
v 0.00264158 -0.16435640 0.74594000
v 0.00267221 -0.16435640 0.74555167
v 0.00267221 -0.16435640 0.74555167
v 0.00131488 -0.16435640 0.74419551
v 0.00131488 -0.16435640 0.74419551
v 0.00131488 -0.16435640 0.74419551
v 0.00075970 -0.16435640 0.74419551
v 0.00075970 -0.16435640 0.74419551
v 0.00075970 -0.16435640 0.74419551
v 0.00127537 -0.16435640 0.74637769
v 0.00127537 -0.16435640 0.74637769
v 0.00127537 -0.16435640 0.74637769
v 0.00075970 -0.16435640 0.74637769
v 0.00075970 -0.16435640 0.74637769
v 0.00075970 -0.16435640 0.74637769
v 0.00435948 -0.16435640 0.74419551
v 0.00435948 -0.16435640 0.74419551
v 0.00435948 -0.16435640 0.74419551
v 0.00435948 -0.16435640 0.74477292
v 0.00435948 -0.16435640 0.74477292
v 0.00435948 -0.16435640 0.74477292
v 0.00491465 -0.16435640 0.74477292
v 0.00491465 -0.16435640 0.74477292
v 0.00491465 -0.16435640 0.74477292
v 0.00491465 -0.16435640 0.74419551
v 0.00491465 -0.16435640 0.74419551
v 0.00491465 -0.16435640 0.74419551
v -0.00403933 -0.16470990 0.74593386
v -0.00403933 -0.16470990 0.74593386
v -0.00403933 -0.16470990 0.74593386
v -0.00403933 -0.16470990 0.74545305
v -0.00403933 -0.16470990 0.74545305
v -0.00403933 -0.16470990 0.74545305
v -0.00392079 -0.16470990 0.74545305
v -0.00392079 -0.16470990 0.74545305
v -0.00360665 -0.16470990 0.74593386
v -0.00360665 -0.16470990 0.74593386
v -0.00374643 -0.16470990 0.74544458
v -0.00374643 -0.16470990 0.74544458
v -0.00362641 -0.16470990 0.74541914
v -0.00362641 -0.16470990 0.74541914
v -0.00353602 -0.16470990 0.74537087
v -0.00353602 -0.16470990 0.74537087
v -0.00326485 -0.16470990 0.74594306
v -0.00326485 -0.16470990 0.74594306
v -0.00345057 -0.16470990 0.74529378
v -0.00345057 -0.16470990 0.74529378
v -0.00314236 -0.16470990 0.74485099
v -0.00314236 -0.16470990 0.74485099
v -0.00308111 -0.16470990 0.74597084
v -0.00308111 -0.16470990 0.74597084
v -0.00301986 -0.16470990 0.74552492
v -0.00301986 -0.16470990 0.74552492
v -0.00301986 -0.16470990 0.74552492
v -0.00271955 -0.16470990 0.74419551
v -0.00271955 -0.16470990 0.74419551
v -0.00271955 -0.16470990 0.74419551
v -0.00284674 -0.16470990 0.74540423
v -0.00284674 -0.16470990 0.74540423
v -0.00270671 -0.16470990 0.74527219
v -0.00270671 -0.16470990 0.74527219
v -0.00202014 -0.16470990 0.74419551
v -0.00202014 -0.16470990 0.74419551
v -0.00202014 -0.16470990 0.74419551
v -0.00256174 -0.16470990 0.74508110
v -0.00256174 -0.16470990 0.74508110
v -0.00237380 -0.16470990 0.74478316
v -0.00237380 -0.16470990 0.74478316
v -0.00298775 -0.16470990 0.74602119
v -0.00298775 -0.16470990 0.74602119
v -0.00284106 -0.16470990 0.74556393
v -0.00284106 -0.16470990 0.74556393
v -0.00291712 -0.16470990 0.74609822
v -0.00291712 -0.16470990 0.74609822
v -0.00287267 -0.16470990 0.74619997
v -0.00287267 -0.16470990 0.74619997
v -0.00285785 -0.16470990 0.74632428
v -0.00285785 -0.16470990 0.74632428
v -0.00271856 -0.16470990 0.74712663
v -0.00271856 -0.16470990 0.74712663
v -0.00287736 -0.16470990 0.74646165
v -0.00287736 -0.16470990 0.74646165
v -0.00293589 -0.16470990 0.74656977
v -0.00293589 -0.16470990 0.74656977
v -0.00299245 -0.16470990 0.74718753
v -0.00299245 -0.16470990 0.74718753
v -0.00302999 -0.16470990 0.74664606
v -0.00302999 -0.16470990 0.74664606
v -0.00315619 -0.16470990 0.74668795
v -0.00315619 -0.16470990 0.74668795
v -0.00339327 -0.16470990 0.74720777
v -0.00339327 -0.16470990 0.74720777
v -0.00358294 -0.16470990 0.74669820
v -0.00358294 -0.16470990 0.74669820
v -0.00403933 -0.16470990 0.74669820
v -0.00403933 -0.16470990 0.74669820
v -0.00403933 -0.16470990 0.74669820
v -0.00462415 -0.16470990 0.74720777
v -0.00462415 -0.16470990 0.74720777
v -0.00462415 -0.16470990 0.74720777
v -0.00403933 -0.16470990 0.74419551
v -0.00403933 -0.16470990 0.74419551
v -0.00403933 -0.16470990 0.74419551
v -0.00462415 -0.16470990 0.74419551
v -0.00462415 -0.16470990 0.74419551
v -0.00462415 -0.16470990 0.74419551
v -0.00268596 -0.16470990 0.74562329
v -0.00268596 -0.16470990 0.74562329
v -0.00252914 -0.16470990 0.74701385
v -0.00252914 -0.16470990 0.74701385
v -0.00255458 -0.16470990 0.74570314
v -0.00255458 -0.16470990 0.74570314
v -0.00244690 -0.16470990 0.74580335
v -0.00244690 -0.16470990 0.74580335
v -0.00238170 -0.16470990 0.74683796
v -0.00238170 -0.16470990 0.74683796
v -0.00236305 -0.16470990 0.74592117
v -0.00236305 -0.16470990 0.74592117
v -0.00228687 -0.16470990 0.74661553
v -0.00228687 -0.16470990 0.74661553
v -0.00230316 -0.16470990 0.74605382
v -0.00230316 -0.16470990 0.74605382
v -0.00226723 -0.16470990 0.74620113
v -0.00226723 -0.16470990 0.74620113
v -0.00225525 -0.16470990 0.74636328
v -0.00225525 -0.16470990 0.74636328
v -0.00032695 -0.16470990 0.74452221
v -0.00032695 -0.16470990 0.74452221
v -0.00032695 -0.16470990 0.74452221
v -0.00032695 -0.16470990 0.74419551
v -0.00032695 -0.16470990 0.74419551
v -0.00032695 -0.16470990 0.74419551
v 0.00018872 -0.16470990 0.74419551
v 0.00018872 -0.16470990 0.74419551
v 0.00018872 -0.16470990 0.74419551
v 0.00018872 -0.16470990 0.74637769
v 0.00018872 -0.16470990 0.74637769
v 0.00018872 -0.16470990 0.74637769
v -0.00036646 -0.16470990 0.74637769
v -0.00036646 -0.16470990 0.74637769
v -0.00036646 -0.16470990 0.74637769
v -0.00036646 -0.16470990 0.74545716
v -0.00036646 -0.16470990 0.74545716
v -0.00037683 -0.16470990 0.74507570
v -0.00037683 -0.16470990 0.74507570
v -0.00040795 -0.16470990 0.74486847
v -0.00040795 -0.16470990 0.74486847
v -0.00045957 -0.16470990 0.74436607
v -0.00045957 -0.16470990 0.74436607
v -0.00046723 -0.16470990 0.74475802
v -0.00046723 -0.16470990 0.74475802
v -0.00056206 -0.16470990 0.74466707
v -0.00056206 -0.16470990 0.74466707
v -0.00062824 -0.16470990 0.74424691
v -0.00062824 -0.16470990 0.74424691
v -0.00068208 -0.16470990 0.74460623
v -0.00068208 -0.16470990 0.74460623
v -0.00081693 -0.16470990 0.74458593
v -0.00081693 -0.16470990 0.74458593
v -0.00082014 -0.16470990 0.74417135
v -0.00082014 -0.16470990 0.74417135
v -0.00093053 -0.16470990 0.74460108
v -0.00093053 -0.16470990 0.74460108
v -0.00102240 -0.16470990 0.74464652
v -0.00102240 -0.16470990 0.74464652
v -0.00102240 -0.16470990 0.74414621
v -0.00102240 -0.16470990 0.74414621
v -0.00109081 -0.16470990 0.74471797
v -0.00109081 -0.16470990 0.74471797
v -0.00113403 -0.16470990 0.74481095
v -0.00113403 -0.16470990 0.74481095
v -0.00122294 -0.16470990 0.74417037
v -0.00122294 -0.16470990 0.74417037
v -0.00115700 -0.16470990 0.74500382
v -0.00115700 -0.16470990 0.74500382
v -0.00116465 -0.16470990 0.74537498
v -0.00116465 -0.16470990 0.74537498
v -0.00116465 -0.16470990 0.74637769
v -0.00116465 -0.16470990 0.74637769
v -0.00116465 -0.16470990 0.74637769
v -0.00140174 -0.16470990 0.74424280
v -0.00140174 -0.16470990 0.74424280
v -0.00154646 -0.16470990 0.74435890
v -0.00154646 -0.16470990 0.74435890
v -0.00164475 -0.16470990 0.74451399
v -0.00164475 -0.16470990 0.74451399
v -0.00170106 -0.16470990 0.74472208
v -0.00170106 -0.16470990 0.74472208
v -0.00171983 -0.16470990 0.74637769
v -0.00171983 -0.16470990 0.74637769
v -0.00171983 -0.16470990 0.74637769
v -0.00171983 -0.16470990 0.74499689
v -0.00171983 -0.16470990 0.74499689
v 0.00211703 -0.16470990 0.74530917
v 0.00211703 -0.16470990 0.74530917
v 0.00211703 -0.16470990 0.74419551
v 0.00211703 -0.16470990 0.74419551
v 0.00211703 -0.16470990 0.74419551
v 0.00267221 -0.16470990 0.74419551
v 0.00267221 -0.16470990 0.74419551
v 0.00267221 -0.16470990 0.74419551
v 0.00214271 -0.16470990 0.74640977
v 0.00214271 -0.16470990 0.74640977
v 0.00230274 -0.16470990 0.74635813
v 0.00230274 -0.16470990 0.74635813
v 0.00243635 -0.16470990 0.74627981
v 0.00243635 -0.16470990 0.74627981
v 0.00253292 -0.16470990 0.74618248
v 0.00253292 -0.16470990 0.74618248
v 0.00259910 -0.16470990 0.74606841
v 0.00259910 -0.16470990 0.74606841
v 0.00264158 -0.16470990 0.74594000
v 0.00264158 -0.16470990 0.74594000
v 0.00267221 -0.16470990 0.74555167
v 0.00267221 -0.16470990 0.74555167
v 0.00210814 -0.16470990 0.74560017
v 0.00210814 -0.16470990 0.74560017
v 0.00208146 -0.16470990 0.74576638
v 0.00208146 -0.16470990 0.74576638
v 0.00203479 -0.16470990 0.74585861
v 0.00203479 -0.16470990 0.74585861
v 0.00196687 -0.16470990 0.74642700
v 0.00196687 -0.16470990 0.74642700
v 0.00196588 -0.16470990 0.74592767
v 0.00196588 -0.16470990 0.74592767
v 0.00187772 -0.16470990 0.74597084
v 0.00187772 -0.16470990 0.74597084
v 0.00177325 -0.16470990 0.74598519
v 0.00177325 -0.16470990 0.74598519
v 0.00176732 -0.16470990 0.74640388
v 0.00176732 -0.16470990 0.74640388
v 0.00163643 -0.16470990 0.74596465
v 0.00163643 -0.16470990 0.74596465
v 0.00158556 -0.16470990 0.74633452
v 0.00158556 -0.16470990 0.74633452
v 0.00151443 -0.16470990 0.74590301
v 0.00151443 -0.16470990 0.74590301
v 0.00142157 -0.16470990 0.74621892
v 0.00142157 -0.16470990 0.74621892
v 0.00141787 -0.16470990 0.74580747
v 0.00141787 -0.16470990 0.74580747
v 0.00135736 -0.16470990 0.74568524
v 0.00135736 -0.16470990 0.74568524
v 0.00132550 -0.16470990 0.74549206
v 0.00132550 -0.16470990 0.74549206
v 0.00127537 -0.16470990 0.74605713
v 0.00127537 -0.16470990 0.74605713
v 0.00127537 -0.16470990 0.74605713
v 0.00131488 -0.16470990 0.74518388
v 0.00131488 -0.16470990 0.74518388
v 0.00131488 -0.16470990 0.74419551
v 0.00131488 -0.16470990 0.74419551
v 0.00131488 -0.16470990 0.74419551
v 0.00075970 -0.16470990 0.74637769
v 0.00075970 -0.16470990 0.74637769
v 0.00075970 -0.16470990 0.74637769
v 0.00075970 -0.16470990 0.74419551
v 0.00075970 -0.16470990 0.74419551
v 0.00075970 -0.16470990 0.74419551
v 0.00127537 -0.16470990 0.74637769
v 0.00127537 -0.16470990 0.74637769
v 0.00127537 -0.16470990 0.74637769
v 0.00435948 -0.16470990 0.74477292
v 0.00435948 -0.16470990 0.74477292
v 0.00435948 -0.16470990 0.74477292
v 0.00435948 -0.16470990 0.74419551
v 0.00435948 -0.16470990 0.74419551
v 0.00435948 -0.16470990 0.74419551
v 0.00491465 -0.16470990 0.74419551
v 0.00491465 -0.16470990 0.74419551
v 0.00491465 -0.16470990 0.74419551
v 0.00491465 -0.16470990 0.74477292
v 0.00491465 -0.16470990 0.74477292
v 0.00491465 -0.16470990 0.74477292
v -0.00638802 -0.16435639 0.73793698
v -0.00638802 -0.16435639 0.73793698
v -0.00638802 -0.16435639 0.73793698
v -0.00694458 -0.16435639 0.73555518
v -0.00694458 -0.16435639 0.73555518
v -0.00694458 -0.16435639 0.73555518
v -0.00694458 -0.16435639 0.73842196
v -0.00694458 -0.16435639 0.73842196
v -0.00694458 -0.16435639 0.73842196
v -0.00577316 -0.16435639 0.73842196
v -0.00577316 -0.16435639 0.73842196
v -0.00595367 -0.16435639 0.73793698
v -0.00595367 -0.16435639 0.73793698
v -0.00554752 -0.16435639 0.73792723
v -0.00554752 -0.16435639 0.73792723
v -0.00539169 -0.16435639 0.73840264
v -0.00539169 -0.16435639 0.73840264
v -0.00542742 -0.16435639 0.73788737
v -0.00542742 -0.16435639 0.73788737
v -0.00533787 -0.16435639 0.73781476
v -0.00533787 -0.16435639 0.73781476
v -0.00513103 -0.16435639 0.73834469
v -0.00513103 -0.16435639 0.73834469
v -0.00528216 -0.16435639 0.73771184
v -0.00528216 -0.16435639 0.73771184
v -0.00526359 -0.16435639 0.73758110
v -0.00526359 -0.16435639 0.73758110
v -0.00524761 -0.16435639 0.73685748
v -0.00524761 -0.16435639 0.73685748
v -0.00510001 -0.16435639 0.73691403
v -0.00510001 -0.16435639 0.73691403
v -0.00495076 -0.16435639 0.73823743
v -0.00495076 -0.16435639 0.73823743
v -0.00497497 -0.16435639 0.73698995
v -0.00497497 -0.16435639 0.73698995
v -0.00487249 -0.16435639 0.73708538
v -0.00487249 -0.16435639 0.73708538
v -0.00481044 -0.16435639 0.73806994
v -0.00481044 -0.16435639 0.73806994
v -0.00479270 -0.16435639 0.73719749
v -0.00479270 -0.16435639 0.73719749
v -0.00472019 -0.16435639 0.73785830
v -0.00472019 -0.16435639 0.73785830
v -0.00473570 -0.16435639 0.73732370
v -0.00473570 -0.16435639 0.73732370
v -0.00470150 -0.16435639 0.73746396
v -0.00470150 -0.16435639 0.73746396
v -0.00469010 -0.16435639 0.73761826
v -0.00469010 -0.16435639 0.73761826
v -0.00527770 -0.16435639 0.73746279
v -0.00527770 -0.16435639 0.73746279
v -0.00532000 -0.16435639 0.73736596
v -0.00532000 -0.16435639 0.73736596
v -0.00538723 -0.16435639 0.73729267
v -0.00538723 -0.16435639 0.73729267
v -0.00541778 -0.16435639 0.73682038
v -0.00541778 -0.16435639 0.73682038
v -0.00541778 -0.16435639 0.73682038
v -0.00547607 -0.16435639 0.73724471
v -0.00547607 -0.16435639 0.73724471
v -0.00553436 -0.16435639 0.73617901
v -0.00553436 -0.16435639 0.73617901
v -0.00565094 -0.16435639 0.73721834
v -0.00565094 -0.16435639 0.73721834
v -0.00582769 -0.16435639 0.73660039
v -0.00582769 -0.16435639 0.73660039
v -0.00590901 -0.16435639 0.73667375
v -0.00590901 -0.16435639 0.73667375
v -0.00597623 -0.16435639 0.73720957
v -0.00597623 -0.16435639 0.73720957
v -0.00599503 -0.16435639 0.73671968
v -0.00599503 -0.16435639 0.73671968
v -0.00610926 -0.16435639 0.73674390
v -0.00610926 -0.16435639 0.73674390
v -0.00627520 -0.16435639 0.73675194
v -0.00627520 -0.16435639 0.73675194
v -0.00638802 -0.16435639 0.73675194
v -0.00638802 -0.16435639 0.73675194
v -0.00638802 -0.16435639 0.73675194
v -0.00638802 -0.16435639 0.73720957
v -0.00638802 -0.16435639 0.73720957
v -0.00638802 -0.16435639 0.73720957
v -0.00638802 -0.16435639 0.73555518
v -0.00638802 -0.16435639 0.73555518
v -0.00638802 -0.16435639 0.73555518
v -0.00513198 -0.16435639 0.73555518
v -0.00513198 -0.16435639 0.73555518
v -0.00513198 -0.16435639 0.73555518
v -0.00525302 -0.16435639 0.73670551
v -0.00525302 -0.16435639 0.73670551
v -0.00511975 -0.16435639 0.73657985
v -0.00511975 -0.16435639 0.73657985
v -0.00446635 -0.16435639 0.73555518
v -0.00446635 -0.16435639 0.73555518
v -0.00446635 -0.16435639 0.73555518
v -0.00498179 -0.16435639 0.73639801
v -0.00498179 -0.16435639 0.73639801
v -0.00480292 -0.16435639 0.73611443
v -0.00480292 -0.16435639 0.73611443
v -0.00431110 -0.16435639 0.73637109
v -0.00431110 -0.16435639 0.73637109
v -0.00432344 -0.16435639 0.73657789
v -0.00432344 -0.16435639 0.73657789
v -0.00430723 -0.16435639 0.73682203
v -0.00430723 -0.16435639 0.73682203
v -0.00427409 -0.16435639 0.73618288
v -0.00427409 -0.16435639 0.73618288
v -0.00425857 -0.16435639 0.73703822
v -0.00425857 -0.16435639 0.73703822
v -0.00421239 -0.16435639 0.73601324
v -0.00421239 -0.16435639 0.73601324
v -0.00417748 -0.16435639 0.73722637
v -0.00417748 -0.16435639 0.73722637
v -0.00412601 -0.16435639 0.73586219
v -0.00412601 -0.16435639 0.73586219
v -0.00406396 -0.16435639 0.73738650
v -0.00406396 -0.16435639 0.73738650
v -0.00398405 -0.16435639 0.73570733
v -0.00398405 -0.16435639 0.73570733
v -0.00392564 -0.16435639 0.73751443
v -0.00392564 -0.16435639 0.73751443
v -0.00380824 -0.16435639 0.73559670
v -0.00380824 -0.16435639 0.73559670
v -0.00377017 -0.16435639 0.73760575
v -0.00377017 -0.16435639 0.73760575
v -0.00378192 -0.16435639 0.73643518
v -0.00378192 -0.16435639 0.73643518
v -0.00378192 -0.16435639 0.73643518
v -0.00377252 -0.16435639 0.73677150
v -0.00377252 -0.16435639 0.73677150
v -0.00377252 -0.16435639 0.73677150
v -0.00374572 -0.16435639 0.73697290
v -0.00374572 -0.16435639 0.73697290
v -0.00359753 -0.16435639 0.73766057
v -0.00359753 -0.16435639 0.73766057
v -0.00366158 -0.16435639 0.73712739
v -0.00366158 -0.16435639 0.73712739
v -0.00353372 -0.16435639 0.73722570
v -0.00353372 -0.16435639 0.73722570
v -0.00340774 -0.16435639 0.73767885
v -0.00340774 -0.16435639 0.73767885
v -0.00337577 -0.16435639 0.73725845
v -0.00337577 -0.16435639 0.73725845
v -0.00319667 -0.16435639 0.73765972
v -0.00319667 -0.16435639 0.73765972
v -0.00322629 -0.16435639 0.73722735
v -0.00322629 -0.16435639 0.73722735
v -0.00310125 -0.16435639 0.73713426
v -0.00310125 -0.16435639 0.73713426
v -0.00300912 -0.16435639 0.73760238
v -0.00300912 -0.16435639 0.73760238
v -0.00301522 -0.16435639 0.73698149
v -0.00301522 -0.16435639 0.73698149
v -0.00298279 -0.16435639 0.73677150
v -0.00298279 -0.16435639 0.73677150
v -0.00298279 -0.16435639 0.73677150
v -0.00284506 -0.16435639 0.73750670
v -0.00284506 -0.16435639 0.73750670
v -0.00245818 -0.16435639 0.73643518
v -0.00245818 -0.16435639 0.73643518
v -0.00245818 -0.16435639 0.73643518
v -0.00270450 -0.16435639 0.73737282
v -0.00270450 -0.16435639 0.73737282
v -0.00259251 -0.16435639 0.73719945
v -0.00259251 -0.16435639 0.73719945
v -0.00251412 -0.16435639 0.73698541
v -0.00251412 -0.16435639 0.73698541
v -0.00246935 -0.16435639 0.73673059
v -0.00246935 -0.16435639 0.73673059
v -0.00374713 -0.16435639 0.73621783
v -0.00374713 -0.16435639 0.73621783
v -0.00359859 -0.16435639 0.73553034
v -0.00359859 -0.16435639 0.73553034
v -0.00365406 -0.16435639 0.73605482
v -0.00365406 -0.16435639 0.73605482
v -0.00351679 -0.16435639 0.73595289
v -0.00351679 -0.16435639 0.73595289
v -0.00335509 -0.16435639 0.73550827
v -0.00335509 -0.16435639 0.73550827
v -0.00334945 -0.16435639 0.73591892
v -0.00334945 -0.16435639 0.73591892
v -0.00305353 -0.16435639 0.73554757
v -0.00305353 -0.16435639 0.73554757
v -0.00323522 -0.16435639 0.73593652
v -0.00323522 -0.16435639 0.73593652
v -0.00314073 -0.16435639 0.73598932
v -0.00314073 -0.16435639 0.73598932
v -0.00306646 -0.16435639 0.73608119
v -0.00306646 -0.16435639 0.73608119
v -0.00301287 -0.16435639 0.73621611
v -0.00301287 -0.16435639 0.73621611
v -0.00301287 -0.16435639 0.73621611
v -0.00292338 -0.16435639 0.73559676
v -0.00292338 -0.16435639 0.73559676
v -0.00248639 -0.16435639 0.73612425
v -0.00248639 -0.16435639 0.73612425
v -0.00248639 -0.16435639 0.73612425
v -0.00280698 -0.16435639 0.73566563
v -0.00280698 -0.16435639 0.73566563
v -0.00270480 -0.16435639 0.73575333
v -0.00270480 -0.16435639 0.73575333
v -0.00261731 -0.16435639 0.73585900
v -0.00261731 -0.16435639 0.73585900
v -0.00042440 -0.16435639 0.73718093
v -0.00042440 -0.16435639 0.73718093
v -0.00040677 -0.16435639 0.73687907
v -0.00040677 -0.16435639 0.73687907
v -0.00041242 -0.16435639 0.73623764
v -0.00041242 -0.16435639 0.73623764
v -0.00047729 -0.16435639 0.73737086
v -0.00047729 -0.16435639 0.73737086
v -0.00057342 -0.16435639 0.73749309
v -0.00057342 -0.16435639 0.73749309
v -0.00038703 -0.16435639 0.73583385
v -0.00038703 -0.16435639 0.73583385
v -0.00072079 -0.16435639 0.73759182
v -0.00072079 -0.16435639 0.73759182
v -0.00081480 -0.16435639 0.73555518
v -0.00081480 -0.16435639 0.73555518
v -0.00081480 -0.16435639 0.73555518
v -0.00086557 -0.16435639 0.73571746
v -0.00086557 -0.16435639 0.73571746
v -0.00088437 -0.16435639 0.73578203
v -0.00088437 -0.16435639 0.73578203
v -0.00088437 -0.16435639 0.73578203
v -0.00092574 -0.16435639 0.73644297
v -0.00092574 -0.16435639 0.73644297
v -0.00092574 -0.16435639 0.73655250
v -0.00092574 -0.16435639 0.73655250
v -0.00092574 -0.16435639 0.73691035
v -0.00092574 -0.16435639 0.73691035
v -0.00092574 -0.16435639 0.73691035
v -0.00092574 -0.16435639 0.73696512
v -0.00092574 -0.16435639 0.73696512
v -0.00093890 -0.16435639 0.73765708
v -0.00093890 -0.16435639 0.73765708
v -0.00094454 -0.16435639 0.73710077
v -0.00094454 -0.16435639 0.73710077
v -0.00100095 -0.16435639 0.73719098
v -0.00100095 -0.16435639 0.73719098
v -0.00100095 -0.16435639 0.73719098
v -0.00110954 -0.16435639 0.73724158
v -0.00110954 -0.16435639 0.73724158
v -0.00124727 -0.16435639 0.73767885
v -0.00124727 -0.16435639 0.73767885
v -0.00128488 -0.16435639 0.73725845
v -0.00128488 -0.16435639 0.73725845
v -0.00141039 -0.16435639 0.73724404
v -0.00141039 -0.16435639 0.73724404
v -0.00150487 -0.16435639 0.73720074
v -0.00150487 -0.16435639 0.73720074
v -0.00157632 -0.16435639 0.73712132
v -0.00157632 -0.16435639 0.73712132
v -0.00158854 -0.16435639 0.73764267
v -0.00158854 -0.16435639 0.73764267
v -0.00163273 -0.16435639 0.73699836
v -0.00163273 -0.16435639 0.73699836
v -0.00163273 -0.16435639 0.73699836
v -0.00172322 -0.16435639 0.73759747
v -0.00172322 -0.16435639 0.73759747
v -0.00183393 -0.16435639 0.73753418
v -0.00183393 -0.16435639 0.73753418
v -0.00192535 -0.16435639 0.73745200
v -0.00192535 -0.16435639 0.73745200
v -0.00200221 -0.16435639 0.73735031
v -0.00200221 -0.16435639 0.73735031
v -0.00211221 -0.16435639 0.73708832
v -0.00211221 -0.16435639 0.73708832
v -0.00211221 -0.16435639 0.73708832
v -0.00112552 -0.16435639 0.73684534
v -0.00112552 -0.16435639 0.73684534
v -0.00124727 -0.16435639 0.73646842
v -0.00124727 -0.16435639 0.73646842
v -0.00142919 -0.16435639 0.73642003
v -0.00142919 -0.16435639 0.73642003
v -0.00143906 -0.16435639 0.73677542
v -0.00143906 -0.16435639 0.73677542
v -0.00153496 -0.16435639 0.73637256
v -0.00153496 -0.16435639 0.73637256
v -0.00161252 -0.16435639 0.73628603
v -0.00161252 -0.16435639 0.73628603
v -0.00168139 -0.16435639 0.73671600
v -0.00168139 -0.16435639 0.73671600
v -0.00163837 -0.16435639 0.73617901
v -0.00163837 -0.16435639 0.73617901
v -0.00164901 -0.16435639 0.73551912
v -0.00164901 -0.16435639 0.73551912
v -0.00177869 -0.16435639 0.73555174
v -0.00177869 -0.16435639 0.73555174
v -0.00185931 -0.16435639 0.73664731
v -0.00185931 -0.16435639 0.73664731
v -0.00189204 -0.16435639 0.73560615
v -0.00189204 -0.16435639 0.73560615
v -0.00198882 -0.16435639 0.73655784
v -0.00198882 -0.16435639 0.73655784
v -0.00198905 -0.16435639 0.73568225
v -0.00198905 -0.16435639 0.73568225
v -0.00206679 -0.16435639 0.73577504
v -0.00206679 -0.16435639 0.73577504
v -0.00208588 -0.16435639 0.73643616
v -0.00208588 -0.16435639 0.73643616
v -0.00212232 -0.16435639 0.73587930
v -0.00212232 -0.16435639 0.73587930
v -0.00214653 -0.16435639 0.73628872
v -0.00214653 -0.16435639 0.73628872
v -0.00215564 -0.16435639 0.73599502
v -0.00215564 -0.16435639 0.73599502
v -0.00216674 -0.16435639 0.73612228
v -0.00216674 -0.16435639 0.73612228
v -0.00161769 -0.16435639 0.73607144
v -0.00161769 -0.16435639 0.73607144
v -0.00150299 -0.16435639 0.73550827
v -0.00150299 -0.16435639 0.73550827
v -0.00155564 -0.16435639 0.73597951
v -0.00155564 -0.16435639 0.73597951
v -0.00146163 -0.16435639 0.73591647
v -0.00146163 -0.16435639 0.73591647
v -0.00133329 -0.16435639 0.73552537
v -0.00133329 -0.16435639 0.73552537
v -0.00134505 -0.16435639 0.73589543
v -0.00134505 -0.16435639 0.73589543
v -0.00120543 -0.16435639 0.73591990
v -0.00120543 -0.16435639 0.73591990
v -0.00117394 -0.16435639 0.73557671
v -0.00117394 -0.16435639 0.73557671
v -0.00107240 -0.16435639 0.73599318
v -0.00107240 -0.16435639 0.73599318
v -0.00102446 -0.16435639 0.73566226
v -0.00102446 -0.16435639 0.73566226
v -0.00099296 -0.16435639 0.73607586
v -0.00099296 -0.16435639 0.73607586
v -0.00094642 -0.16435639 0.73617508
v -0.00094642 -0.16435639 0.73617508
v -0.00029208 -0.16435639 0.73555518
v -0.00029208 -0.16435639 0.73555518
v -0.00029208 -0.16435639 0.73555518
v 0.00141712 -0.16435639 0.73738944
v 0.00141712 -0.16435639 0.73738944
v 0.00141712 -0.16435639 0.73738944
v 0.00141712 -0.16435639 0.73842196
v 0.00141712 -0.16435639 0.73842196
v 0.00141712 -0.16435639 0.73842196
v 0.00194548 -0.16435639 0.73842196
v 0.00194548 -0.16435639 0.73842196
v 0.00194548 -0.16435639 0.73842196
v 0.00141900 -0.16435639 0.73658574
v 0.00141900 -0.16435639 0.73658574
v 0.00145472 -0.16435639 0.73586023
v 0.00145472 -0.16435639 0.73586023
v 0.00145472 -0.16435639 0.73586023
v 0.00145472 -0.16435639 0.73555518
v 0.00145472 -0.16435639 0.73555518
v 0.00145472 -0.16435639 0.73555518
v 0.00194548 -0.16435639 0.73555518
v 0.00194548 -0.16435639 0.73555518
v 0.00194548 -0.16435639 0.73555518
v 0.00138703 -0.16435639 0.73630485
v 0.00138703 -0.16435639 0.73630485
v 0.00134708 -0.16435639 0.73619434
v 0.00134708 -0.16435639 0.73619434
v 0.00132146 -0.16435639 0.73570500
v 0.00132146 -0.16435639 0.73570500
v 0.00129114 -0.16435639 0.73610370
v 0.00129114 -0.16435639 0.73610370
v 0.00116610 -0.16435639 0.73559529
v 0.00116610 -0.16435639 0.73559529
v 0.00114965 -0.16435639 0.73598270
v 0.00114965 -0.16435639 0.73598270
v 0.00099898 -0.16435639 0.73552998
v 0.00099898 -0.16435639 0.73552998
v 0.00098089 -0.16435639 0.73594235
v 0.00098089 -0.16435639 0.73594235
v 0.00087253 -0.16435639 0.73595584
v 0.00087253 -0.16435639 0.73595584
v 0.00083046 -0.16435639 0.73550827
v 0.00083046 -0.16435639 0.73550827
v 0.00077687 -0.16435639 0.73599613
v 0.00077687 -0.16435639 0.73599613
v 0.00069391 -0.16435639 0.73606334
v 0.00069391 -0.16435639 0.73606334
v 0.00066458 -0.16435639 0.73552630
v 0.00066458 -0.16435639 0.73552630
v 0.00062363 -0.16435639 0.73615749
v 0.00062363 -0.16435639 0.73615749
v 0.00055735 -0.16435639 0.73635202
v 0.00055735 -0.16435639 0.73635202
v 0.00051104 -0.16435639 0.73558032
v 0.00051104 -0.16435639 0.73558032
v 0.00053525 -0.16435639 0.73663854
v 0.00053525 -0.16435639 0.73663854
v 0.00050470 -0.16435639 0.73761016
v 0.00050470 -0.16435639 0.73761016
v 0.00036985 -0.16435639 0.73567048
v 0.00036985 -0.16435639 0.73567048
v 0.00036168 -0.16435639 0.73752431
v 0.00036168 -0.16435639 0.73752431
v 0.00024099 -0.16435639 0.73579669
v 0.00024099 -0.16435639 0.73579669
v 0.00023441 -0.16435639 0.73740410
v 0.00023441 -0.16435639 0.73740410
v 0.00013364 -0.16435639 0.73595516
v 0.00013364 -0.16435639 0.73595516
v 0.00012993 -0.16435639 0.73725090
v 0.00012993 -0.16435639 0.73725090
v 0.00005695 -0.16435639 0.73614209
v 0.00005695 -0.16435639 0.73614209
v 0.00005531 -0.16435639 0.73706606
v 0.00005531 -0.16435639 0.73706606
v 0.00001095 -0.16435639 0.73635747
v 0.00001095 -0.16435639 0.73635747
v 0.00001053 -0.16435639 0.73684951
v 0.00001053 -0.16435639 0.73684951
v -0.00000439 -0.16435639 0.73660138
v -0.00000439 -0.16435639 0.73660138
v 0.00056699 -0.16435639 0.73690912
v 0.00056699 -0.16435639 0.73690912
v 0.00066347 -0.16435639 0.73766168
v 0.00066347 -0.16435639 0.73766168
v 0.00060665 -0.16435639 0.73701565
v 0.00060665 -0.16435639 0.73701565
v 0.00066218 -0.16435639 0.73710298
v 0.00066218 -0.16435639 0.73710298
v 0.00080437 -0.16435639 0.73721957
v 0.00080437 -0.16435639 0.73721957
v 0.00083798 -0.16435639 0.73767885
v 0.00083798 -0.16435639 0.73767885
v 0.00097713 -0.16435639 0.73725845
v 0.00097713 -0.16435639 0.73725845
v 0.00099969 -0.16435639 0.73766076
v 0.00099969 -0.16435639 0.73766076
v 0.00115340 -0.16435639 0.73721908
v 0.00115340 -0.16435639 0.73721908
v 0.00115011 -0.16435639 0.73760648
v 0.00115011 -0.16435639 0.73760648
v 0.00128926 -0.16435639 0.73751608
v 0.00128926 -0.16435639 0.73751608
v 0.00129490 -0.16435639 0.73710102
v 0.00129490 -0.16435639 0.73710102
v 0.00134919 -0.16435639 0.73700976
v 0.00134919 -0.16435639 0.73700976
v 0.00138797 -0.16435639 0.73689348
v 0.00138797 -0.16435639 0.73689348
v 0.00297588 -0.16435639 0.73554929
v 0.00297588 -0.16435639 0.73554929
v 0.00297588 -0.16435639 0.73554929
v 0.00221625 -0.16435639 0.73763194
v 0.00221625 -0.16435639 0.73763194
v 0.00221625 -0.16435639 0.73763194
v 0.00277845 -0.16435639 0.73763194
v 0.00277845 -0.16435639 0.73763194
v 0.00277845 -0.16435639 0.73763194
v 0.00325605 -0.16435639 0.73615749
v 0.00325605 -0.16435639 0.73615749
v 0.00325605 -0.16435639 0.73615749
v 0.00316110 -0.16435639 0.73483850
v 0.00316110 -0.16435639 0.73483850
v 0.00330588 -0.16435639 0.73499397
v 0.00330588 -0.16435639 0.73499397
v 0.00372237 -0.16435639 0.73763194
v 0.00372237 -0.16435639 0.73763194
v 0.00372237 -0.16435639 0.73763194
v 0.00343844 -0.16435639 0.73527160
v 0.00343844 -0.16435639 0.73527160
v 0.00356442 -0.16435639 0.73563338
v 0.00356442 -0.16435639 0.73563338
v 0.00426953 -0.16435639 0.73763194
v 0.00426953 -0.16435639 0.73763194
v 0.00426953 -0.16435639 0.73763194
v 0.00295990 -0.16435639 0.73474559
v 0.00295990 -0.16435639 0.73474559
v 0.00291854 -0.16435639 0.73539064
v 0.00291854 -0.16435639 0.73539064
v 0.00284050 -0.16435639 0.73526283
v 0.00284050 -0.16435639 0.73526283
v 0.00272816 -0.16435639 0.73517850
v 0.00272816 -0.16435639 0.73517850
v 0.00269008 -0.16435639 0.73471235
v 0.00269008 -0.16435639 0.73471235
v 0.00256786 -0.16435639 0.73515035
v 0.00256786 -0.16435639 0.73515035
v 0.00239111 -0.16435639 0.73474559
v 0.00239111 -0.16435639 0.73474559
v 0.00239111 -0.16435639 0.73474559
v 0.00234410 -0.16435639 0.73517581
v 0.00234410 -0.16435639 0.73517581
v 0.00234410 -0.16435639 0.73517581
v 0.00567788 -0.16435639 0.73555518
v 0.00567788 -0.16435639 0.73555518
v 0.00567788 -0.16435639 0.73555518
v 0.00567788 -0.16435639 0.73610468
v 0.00567788 -0.16435639 0.73610468
v 0.00567788 -0.16435639 0.73610468
v 0.00620624 -0.16435639 0.73610468
v 0.00620624 -0.16435639 0.73610468
v 0.00620624 -0.16435639 0.73610468
v 0.00620624 -0.16435639 0.73555518
v 0.00620624 -0.16435639 0.73555518
v 0.00620624 -0.16435639 0.73555518
v -0.00638802 -0.16469281 0.73720957
v -0.00638802 -0.16469281 0.73720957
v -0.00638802 -0.16469281 0.73720957
v -0.00638802 -0.16469281 0.73675194
v -0.00638802 -0.16469281 0.73675194
v -0.00638802 -0.16469281 0.73675194
v -0.00627520 -0.16469281 0.73675194
v -0.00627520 -0.16469281 0.73675194
v -0.00597623 -0.16469281 0.73720957
v -0.00597623 -0.16469281 0.73720957
v -0.00610926 -0.16469281 0.73674390
v -0.00610926 -0.16469281 0.73674390
v -0.00599503 -0.16469281 0.73671968
v -0.00599503 -0.16469281 0.73671968
v -0.00590901 -0.16469281 0.73667375
v -0.00590901 -0.16469281 0.73667375
v -0.00565094 -0.16469281 0.73721834
v -0.00565094 -0.16469281 0.73721834
v -0.00582769 -0.16469281 0.73660039
v -0.00582769 -0.16469281 0.73660039
v -0.00553436 -0.16469281 0.73617901
v -0.00553436 -0.16469281 0.73617901
v -0.00547607 -0.16469281 0.73724471
v -0.00547607 -0.16469281 0.73724471
v -0.00541778 -0.16469281 0.73682038
v -0.00541778 -0.16469281 0.73682038
v -0.00541778 -0.16469281 0.73682038
v -0.00513198 -0.16469281 0.73555518
v -0.00513198 -0.16469281 0.73555518
v -0.00513198 -0.16469281 0.73555518
v -0.00525302 -0.16469281 0.73670551
v -0.00525302 -0.16469281 0.73670551
v -0.00511975 -0.16469281 0.73657985
v -0.00511975 -0.16469281 0.73657985
v -0.00446635 -0.16469281 0.73555518
v -0.00446635 -0.16469281 0.73555518
v -0.00446635 -0.16469281 0.73555518
v -0.00498179 -0.16469281 0.73639801
v -0.00498179 -0.16469281 0.73639801
v -0.00480292 -0.16469281 0.73611443
v -0.00480292 -0.16469281 0.73611443
v -0.00538723 -0.16469281 0.73729267
v -0.00538723 -0.16469281 0.73729267
v -0.00524761 -0.16469281 0.73685748
v -0.00524761 -0.16469281 0.73685748
v -0.00532000 -0.16469281 0.73736596
v -0.00532000 -0.16469281 0.73736596
v -0.00527770 -0.16469281 0.73746279
v -0.00527770 -0.16469281 0.73746279
v -0.00526359 -0.16469281 0.73758110
v -0.00526359 -0.16469281 0.73758110
v -0.00513103 -0.16469281 0.73834469
v -0.00513103 -0.16469281 0.73834469
v -0.00528216 -0.16469281 0.73771184
v -0.00528216 -0.16469281 0.73771184
v -0.00533787 -0.16469281 0.73781476
v -0.00533787 -0.16469281 0.73781476
v -0.00539169 -0.16469281 0.73840264
v -0.00539169 -0.16469281 0.73840264
v -0.00542742 -0.16469281 0.73788737
v -0.00542742 -0.16469281 0.73788737
v -0.00554752 -0.16469281 0.73792723
v -0.00554752 -0.16469281 0.73792723
v -0.00577316 -0.16469281 0.73842196
v -0.00577316 -0.16469281 0.73842196
v -0.00595367 -0.16469281 0.73793698
v -0.00595367 -0.16469281 0.73793698
v -0.00638802 -0.16469281 0.73793698
v -0.00638802 -0.16469281 0.73793698
v -0.00638802 -0.16469281 0.73793698
v -0.00694458 -0.16469281 0.73842196
v -0.00694458 -0.16469281 0.73842196
v -0.00694458 -0.16469281 0.73842196
v -0.00638802 -0.16469281 0.73555518
v -0.00638802 -0.16469281 0.73555518
v -0.00638802 -0.16469281 0.73555518
v -0.00694458 -0.16469281 0.73555518
v -0.00694458 -0.16469281 0.73555518
v -0.00694458 -0.16469281 0.73555518
v -0.00510001 -0.16469281 0.73691403
v -0.00510001 -0.16469281 0.73691403
v -0.00495076 -0.16469281 0.73823743
v -0.00495076 -0.16469281 0.73823743
v -0.00497497 -0.16469281 0.73698995
v -0.00497497 -0.16469281 0.73698995
v -0.00487249 -0.16469281 0.73708538
v -0.00487249 -0.16469281 0.73708538
v -0.00481044 -0.16469281 0.73806994
v -0.00481044 -0.16469281 0.73806994
v -0.00479270 -0.16469281 0.73719749
v -0.00479270 -0.16469281 0.73719749
v -0.00472019 -0.16469281 0.73785830
v -0.00472019 -0.16469281 0.73785830
v -0.00473570 -0.16469281 0.73732370
v -0.00473570 -0.16469281 0.73732370
v -0.00470150 -0.16469281 0.73746396
v -0.00470150 -0.16469281 0.73746396
v -0.00469010 -0.16469281 0.73761826
v -0.00469010 -0.16469281 0.73761826
v -0.00374713 -0.16469281 0.73621783
v -0.00374713 -0.16469281 0.73621783
v -0.00378192 -0.16469281 0.73643518
v -0.00378192 -0.16469281 0.73643518
v -0.00378192 -0.16469281 0.73643518
v -0.00380824 -0.16469281 0.73559670
v -0.00380824 -0.16469281 0.73559670
v -0.00359859 -0.16469281 0.73553034
v -0.00359859 -0.16469281 0.73553034
v -0.00365406 -0.16469281 0.73605482
v -0.00365406 -0.16469281 0.73605482
v -0.00351679 -0.16469281 0.73595289
v -0.00351679 -0.16469281 0.73595289
v -0.00335509 -0.16469281 0.73550827
v -0.00335509 -0.16469281 0.73550827
v -0.00334945 -0.16469281 0.73591892
v -0.00334945 -0.16469281 0.73591892
v -0.00305353 -0.16469281 0.73554757
v -0.00305353 -0.16469281 0.73554757
v -0.00323522 -0.16469281 0.73593652
v -0.00323522 -0.16469281 0.73593652
v -0.00314073 -0.16469281 0.73598932
v -0.00314073 -0.16469281 0.73598932
v -0.00306646 -0.16469281 0.73608119
v -0.00306646 -0.16469281 0.73608119
v -0.00301287 -0.16469281 0.73621611
v -0.00301287 -0.16469281 0.73621611
v -0.00301287 -0.16469281 0.73621611
v -0.00292338 -0.16469281 0.73559676
v -0.00292338 -0.16469281 0.73559676
v -0.00248639 -0.16469281 0.73612425
v -0.00248639 -0.16469281 0.73612425
v -0.00248639 -0.16469281 0.73612425
v -0.00280698 -0.16469281 0.73566563
v -0.00280698 -0.16469281 0.73566563
v -0.00270480 -0.16469281 0.73575333
v -0.00270480 -0.16469281 0.73575333
v -0.00261731 -0.16469281 0.73585900
v -0.00261731 -0.16469281 0.73585900
v -0.00377017 -0.16469281 0.73760575
v -0.00377017 -0.16469281 0.73760575
v -0.00392564 -0.16469281 0.73751443
v -0.00392564 -0.16469281 0.73751443
v -0.00398405 -0.16469281 0.73570733
v -0.00398405 -0.16469281 0.73570733
v -0.00406396 -0.16469281 0.73738650
v -0.00406396 -0.16469281 0.73738650
v -0.00412601 -0.16469281 0.73586219
v -0.00412601 -0.16469281 0.73586219
v -0.00417748 -0.16469281 0.73722637
v -0.00417748 -0.16469281 0.73722637
v -0.00421239 -0.16469281 0.73601324
v -0.00421239 -0.16469281 0.73601324
v -0.00425857 -0.16469281 0.73703822
v -0.00425857 -0.16469281 0.73703822
v -0.00427409 -0.16469281 0.73618288
v -0.00427409 -0.16469281 0.73618288
v -0.00430723 -0.16469281 0.73682203
v -0.00430723 -0.16469281 0.73682203
v -0.00431110 -0.16469281 0.73637109
v -0.00431110 -0.16469281 0.73637109
v -0.00432344 -0.16469281 0.73657789
v -0.00432344 -0.16469281 0.73657789
v -0.00377252 -0.16469281 0.73677150
v -0.00377252 -0.16469281 0.73677150
v -0.00377252 -0.16469281 0.73677150
v -0.00245818 -0.16469281 0.73643518
v -0.00245818 -0.16469281 0.73643518
v -0.00245818 -0.16469281 0.73643518
v -0.00298279 -0.16469281 0.73677150
v -0.00298279 -0.16469281 0.73677150
v -0.00298279 -0.16469281 0.73677150
v -0.00284506 -0.16469281 0.73750670
v -0.00284506 -0.16469281 0.73750670
v -0.00270450 -0.16469281 0.73737282
v -0.00270450 -0.16469281 0.73737282
v -0.00259251 -0.16469281 0.73719945
v -0.00259251 -0.16469281 0.73719945
v -0.00251412 -0.16469281 0.73698541
v -0.00251412 -0.16469281 0.73698541
v -0.00246935 -0.16469281 0.73673059
v -0.00246935 -0.16469281 0.73673059
v -0.00300912 -0.16469281 0.73760238
v -0.00300912 -0.16469281 0.73760238
v -0.00301522 -0.16469281 0.73698149
v -0.00301522 -0.16469281 0.73698149
v -0.00310125 -0.16469281 0.73713426
v -0.00310125 -0.16469281 0.73713426
v -0.00319667 -0.16469281 0.73765972
v -0.00319667 -0.16469281 0.73765972
v -0.00322629 -0.16469281 0.73722735
v -0.00322629 -0.16469281 0.73722735
v -0.00337577 -0.16469281 0.73725845
v -0.00337577 -0.16469281 0.73725845
v -0.00340774 -0.16469281 0.73767885
v -0.00340774 -0.16469281 0.73767885
v -0.00353372 -0.16469281 0.73722570
v -0.00353372 -0.16469281 0.73722570
v -0.00359753 -0.16469281 0.73766057
v -0.00359753 -0.16469281 0.73766057
v -0.00366158 -0.16469281 0.73712739
v -0.00366158 -0.16469281 0.73712739
v -0.00374572 -0.16469281 0.73697290
v -0.00374572 -0.16469281 0.73697290
v -0.00161769 -0.16469281 0.73607144
v -0.00161769 -0.16469281 0.73607144
v -0.00163837 -0.16469281 0.73617901
v -0.00163837 -0.16469281 0.73617901
v -0.00164901 -0.16469281 0.73551912
v -0.00164901 -0.16469281 0.73551912
v -0.00150299 -0.16469281 0.73550827
v -0.00150299 -0.16469281 0.73550827
v -0.00155564 -0.16469281 0.73597951
v -0.00155564 -0.16469281 0.73597951
v -0.00146163 -0.16469281 0.73591647
v -0.00146163 -0.16469281 0.73591647
v -0.00133329 -0.16469281 0.73552537
v -0.00133329 -0.16469281 0.73552537
v -0.00134505 -0.16469281 0.73589543
v -0.00134505 -0.16469281 0.73589543
v -0.00120543 -0.16469281 0.73591990
v -0.00120543 -0.16469281 0.73591990
v -0.00117394 -0.16469281 0.73557671
v -0.00117394 -0.16469281 0.73557671
v -0.00107240 -0.16469281 0.73599318
v -0.00107240 -0.16469281 0.73599318
v -0.00102446 -0.16469281 0.73566226
v -0.00102446 -0.16469281 0.73566226
v -0.00099296 -0.16469281 0.73607586
v -0.00099296 -0.16469281 0.73607586
v -0.00088437 -0.16469281 0.73578203
v -0.00088437 -0.16469281 0.73578203
v -0.00088437 -0.16469281 0.73578203
v -0.00094642 -0.16469281 0.73617508
v -0.00094642 -0.16469281 0.73617508
v -0.00092574 -0.16469281 0.73644297
v -0.00092574 -0.16469281 0.73644297
v -0.00092574 -0.16469281 0.73655250
v -0.00092574 -0.16469281 0.73655250
v -0.00092574 -0.16469281 0.73691035
v -0.00092574 -0.16469281 0.73691035
v -0.00092574 -0.16469281 0.73691035
v -0.00092574 -0.16469281 0.73696512
v -0.00092574 -0.16469281 0.73696512
v -0.00072079 -0.16469281 0.73759182
v -0.00072079 -0.16469281 0.73759182
v -0.00093890 -0.16469281 0.73765708
v -0.00093890 -0.16469281 0.73765708
v -0.00094454 -0.16469281 0.73710077
v -0.00094454 -0.16469281 0.73710077
v -0.00100095 -0.16469281 0.73719098
v -0.00100095 -0.16469281 0.73719098
v -0.00100095 -0.16469281 0.73719098
v -0.00110954 -0.16469281 0.73724158
v -0.00110954 -0.16469281 0.73724158
v -0.00124727 -0.16469281 0.73767885
v -0.00124727 -0.16469281 0.73767885
v -0.00128488 -0.16469281 0.73725845
v -0.00128488 -0.16469281 0.73725845
v -0.00141039 -0.16469281 0.73724404
v -0.00141039 -0.16469281 0.73724404
v -0.00150487 -0.16469281 0.73720074
v -0.00150487 -0.16469281 0.73720074
v -0.00157632 -0.16469281 0.73712132
v -0.00157632 -0.16469281 0.73712132
v -0.00158854 -0.16469281 0.73764267
v -0.00158854 -0.16469281 0.73764267
v -0.00163273 -0.16469281 0.73699836
v -0.00163273 -0.16469281 0.73699836
v -0.00163273 -0.16469281 0.73699836
v -0.00172322 -0.16469281 0.73759747
v -0.00172322 -0.16469281 0.73759747
v -0.00183393 -0.16469281 0.73753418
v -0.00183393 -0.16469281 0.73753418
v -0.00192535 -0.16469281 0.73745200
v -0.00192535 -0.16469281 0.73745200
v -0.00200221 -0.16469281 0.73735031
v -0.00200221 -0.16469281 0.73735031
v -0.00211221 -0.16469281 0.73708832
v -0.00211221 -0.16469281 0.73708832
v -0.00211221 -0.16469281 0.73708832
v -0.00086557 -0.16469281 0.73571746
v -0.00086557 -0.16469281 0.73571746
v -0.00081480 -0.16469281 0.73555518
v -0.00081480 -0.16469281 0.73555518
v -0.00081480 -0.16469281 0.73555518
v -0.00038703 -0.16469281 0.73583385
v -0.00038703 -0.16469281 0.73583385
v -0.00029208 -0.16469281 0.73555518
v -0.00029208 -0.16469281 0.73555518
v -0.00029208 -0.16469281 0.73555518
v -0.00057342 -0.16469281 0.73749309
v -0.00057342 -0.16469281 0.73749309
v -0.00041242 -0.16469281 0.73623764
v -0.00041242 -0.16469281 0.73623764
v -0.00047729 -0.16469281 0.73737086
v -0.00047729 -0.16469281 0.73737086
v -0.00042440 -0.16469281 0.73718093
v -0.00042440 -0.16469281 0.73718093
v -0.00040677 -0.16469281 0.73687907
v -0.00040677 -0.16469281 0.73687907
v -0.00112552 -0.16469281 0.73684534
v -0.00112552 -0.16469281 0.73684534
v -0.00124727 -0.16469281 0.73646842
v -0.00124727 -0.16469281 0.73646842
v -0.00142919 -0.16469281 0.73642003
v -0.00142919 -0.16469281 0.73642003
v -0.00143906 -0.16469281 0.73677542
v -0.00143906 -0.16469281 0.73677542
v -0.00153496 -0.16469281 0.73637256
v -0.00153496 -0.16469281 0.73637256
v -0.00161252 -0.16469281 0.73628603
v -0.00161252 -0.16469281 0.73628603
v -0.00168139 -0.16469281 0.73671600
v -0.00168139 -0.16469281 0.73671600
v -0.00177869 -0.16469281 0.73555174
v -0.00177869 -0.16469281 0.73555174
v -0.00185931 -0.16469281 0.73664731
v -0.00185931 -0.16469281 0.73664731
v -0.00189204 -0.16469281 0.73560615
v -0.00189204 -0.16469281 0.73560615
v -0.00198882 -0.16469281 0.73655784
v -0.00198882 -0.16469281 0.73655784
v -0.00198905 -0.16469281 0.73568225
v -0.00198905 -0.16469281 0.73568225
v -0.00206679 -0.16469281 0.73577504
v -0.00206679 -0.16469281 0.73577504
v -0.00208588 -0.16469281 0.73643616
v -0.00208588 -0.16469281 0.73643616
v -0.00212232 -0.16469281 0.73587930
v -0.00212232 -0.16469281 0.73587930
v -0.00214653 -0.16469281 0.73628872
v -0.00214653 -0.16469281 0.73628872
v -0.00215564 -0.16469281 0.73599502
v -0.00215564 -0.16469281 0.73599502
v -0.00216674 -0.16469281 0.73612228
v -0.00216674 -0.16469281 0.73612228
v 0.00055735 -0.16469281 0.73635202
v 0.00055735 -0.16469281 0.73635202
v 0.00053525 -0.16469281 0.73663854
v 0.00053525 -0.16469281 0.73663854
v 0.00051104 -0.16469281 0.73558032
v 0.00051104 -0.16469281 0.73558032
v 0.00066458 -0.16469281 0.73552630
v 0.00066458 -0.16469281 0.73552630
v 0.00062363 -0.16469281 0.73615749
v 0.00062363 -0.16469281 0.73615749
v 0.00069391 -0.16469281 0.73606334
v 0.00069391 -0.16469281 0.73606334
v 0.00083046 -0.16469281 0.73550827
v 0.00083046 -0.16469281 0.73550827
v 0.00077687 -0.16469281 0.73599613
v 0.00077687 -0.16469281 0.73599613
v 0.00087253 -0.16469281 0.73595584
v 0.00087253 -0.16469281 0.73595584
v 0.00099898 -0.16469281 0.73552998
v 0.00099898 -0.16469281 0.73552998
v 0.00098089 -0.16469281 0.73594235
v 0.00098089 -0.16469281 0.73594235
v 0.00114965 -0.16469281 0.73598270
v 0.00114965 -0.16469281 0.73598270
v 0.00116610 -0.16469281 0.73559529
v 0.00116610 -0.16469281 0.73559529
v 0.00129114 -0.16469281 0.73610370
v 0.00129114 -0.16469281 0.73610370
v 0.00132146 -0.16469281 0.73570500
v 0.00132146 -0.16469281 0.73570500
v 0.00134708 -0.16469281 0.73619434
v 0.00134708 -0.16469281 0.73619434
v 0.00145472 -0.16469281 0.73586023
v 0.00145472 -0.16469281 0.73586023
v 0.00145472 -0.16469281 0.73586023
v 0.00138703 -0.16469281 0.73630485
v 0.00138703 -0.16469281 0.73630485
v 0.00141900 -0.16469281 0.73658574
v 0.00141900 -0.16469281 0.73658574
v 0.00194548 -0.16469281 0.73842196
v 0.00194548 -0.16469281 0.73842196
v 0.00194548 -0.16469281 0.73842196
v 0.00141712 -0.16469281 0.73842196
v 0.00141712 -0.16469281 0.73842196
v 0.00141712 -0.16469281 0.73842196
v 0.00141712 -0.16469281 0.73738944
v 0.00141712 -0.16469281 0.73738944
v 0.00141712 -0.16469281 0.73738944
v 0.00138797 -0.16469281 0.73689348
v 0.00138797 -0.16469281 0.73689348
v 0.00134919 -0.16469281 0.73700976
v 0.00134919 -0.16469281 0.73700976
v 0.00129490 -0.16469281 0.73710102
v 0.00129490 -0.16469281 0.73710102
v 0.00128926 -0.16469281 0.73751608
v 0.00128926 -0.16469281 0.73751608
v 0.00115340 -0.16469281 0.73721908
v 0.00115340 -0.16469281 0.73721908
v 0.00115011 -0.16469281 0.73760648
v 0.00115011 -0.16469281 0.73760648
v 0.00099969 -0.16469281 0.73766076
v 0.00099969 -0.16469281 0.73766076
v 0.00097713 -0.16469281 0.73725845
v 0.00097713 -0.16469281 0.73725845
v 0.00083798 -0.16469281 0.73767885
v 0.00083798 -0.16469281 0.73767885
v 0.00080437 -0.16469281 0.73721957
v 0.00080437 -0.16469281 0.73721957
v 0.00066347 -0.16469281 0.73766168
v 0.00066347 -0.16469281 0.73766168
v 0.00066218 -0.16469281 0.73710298
v 0.00066218 -0.16469281 0.73710298
v 0.00060665 -0.16469281 0.73701565
v 0.00060665 -0.16469281 0.73701565
v 0.00056699 -0.16469281 0.73690912
v 0.00056699 -0.16469281 0.73690912
v 0.00050470 -0.16469281 0.73761016
v 0.00050470 -0.16469281 0.73761016
v 0.00036985 -0.16469281 0.73567048
v 0.00036985 -0.16469281 0.73567048
v 0.00036168 -0.16469281 0.73752431
v 0.00036168 -0.16469281 0.73752431
v 0.00024099 -0.16469281 0.73579669
v 0.00024099 -0.16469281 0.73579669
v 0.00023441 -0.16469281 0.73740410
v 0.00023441 -0.16469281 0.73740410
v 0.00013364 -0.16469281 0.73595516
v 0.00013364 -0.16469281 0.73595516
v 0.00012993 -0.16469281 0.73725090
v 0.00012993 -0.16469281 0.73725090
v 0.00005695 -0.16469281 0.73614209
v 0.00005695 -0.16469281 0.73614209
v 0.00005531 -0.16469281 0.73706606
v 0.00005531 -0.16469281 0.73706606
v 0.00001095 -0.16469281 0.73635747
v 0.00001095 -0.16469281 0.73635747
v 0.00001053 -0.16469281 0.73684951
v 0.00001053 -0.16469281 0.73684951
v -0.00000439 -0.16469281 0.73660138
v -0.00000439 -0.16469281 0.73660138
v 0.00194548 -0.16469281 0.73555518
v 0.00194548 -0.16469281 0.73555518
v 0.00194548 -0.16469281 0.73555518
v 0.00145472 -0.16469281 0.73555518
v 0.00145472 -0.16469281 0.73555518
v 0.00145472 -0.16469281 0.73555518
v 0.00256786 -0.16469281 0.73515035
v 0.00256786 -0.16469281 0.73515035
v 0.00234410 -0.16469281 0.73517581
v 0.00234410 -0.16469281 0.73517581
v 0.00234410 -0.16469281 0.73517581
v 0.00239111 -0.16469281 0.73474559
v 0.00239111 -0.16469281 0.73474559
v 0.00239111 -0.16469281 0.73474559
v 0.00269008 -0.16469281 0.73471235
v 0.00269008 -0.16469281 0.73471235
v 0.00272816 -0.16469281 0.73517850
v 0.00272816 -0.16469281 0.73517850
v 0.00295990 -0.16469281 0.73474559
v 0.00295990 -0.16469281 0.73474559
v 0.00284050 -0.16469281 0.73526283
v 0.00284050 -0.16469281 0.73526283
v 0.00291854 -0.16469281 0.73539064
v 0.00291854 -0.16469281 0.73539064
v 0.00297588 -0.16469281 0.73554929
v 0.00297588 -0.16469281 0.73554929
v 0.00297588 -0.16469281 0.73554929
v 0.00316110 -0.16469281 0.73483850
v 0.00316110 -0.16469281 0.73483850
v 0.00325605 -0.16469281 0.73615749
v 0.00325605 -0.16469281 0.73615749
v 0.00325605 -0.16469281 0.73615749
v 0.00277845 -0.16469281 0.73763194
v 0.00277845 -0.16469281 0.73763194
v 0.00277845 -0.16469281 0.73763194
v 0.00221625 -0.16469281 0.73763194
v 0.00221625 -0.16469281 0.73763194
v 0.00221625 -0.16469281 0.73763194
v 0.00330588 -0.16469281 0.73499397
v 0.00330588 -0.16469281 0.73499397
v 0.00372237 -0.16469281 0.73763194
v 0.00372237 -0.16469281 0.73763194
v 0.00372237 -0.16469281 0.73763194
v 0.00343844 -0.16469281 0.73527160
v 0.00343844 -0.16469281 0.73527160
v 0.00356442 -0.16469281 0.73563338
v 0.00356442 -0.16469281 0.73563338
v 0.00426953 -0.16469281 0.73763194
v 0.00426953 -0.16469281 0.73763194
v 0.00426953 -0.16469281 0.73763194
v 0.00567788 -0.16469281 0.73610468
v 0.00567788 -0.16469281 0.73610468
v 0.00567788 -0.16469281 0.73610468
v 0.00567788 -0.16469281 0.73555518
v 0.00567788 -0.16469281 0.73555518
v 0.00567788 -0.16469281 0.73555518
v 0.00620624 -0.16469281 0.73555518
v 0.00620624 -0.16469281 0.73555518
v 0.00620624 -0.16469281 0.73555518
v 0.00620624 -0.16469281 0.73610468
v 0.00620624 -0.16469281 0.73610468
v 0.00620624 -0.16469281 0.73610468
v 0.01811268 -0.16048252 0.72717635
v 0.01778313 -0.16048252 0.72713127
v 0.01841978 -0.16048252 0.72730863
v 0.01868349 -0.16048252 0.72751911
v 0.01888584 -0.16048252 0.72779337
v 0.01901305 -0.16048252 0.72811277
v 0.01905643 -0.16048252 0.72845547
v 0.01901305 -0.16048252 0.72879823
v 0.01888584 -0.16048252 0.72911763
v 0.01868349 -0.16048252 0.72939189
v 0.01841978 -0.16048252 0.72960231
v 0.01811268 -0.16048252 0.72973459
v 0.01778313 -0.16048252 0.72977973
v 0.01745357 -0.16048252 0.72973459
v 0.01714647 -0.16048252 0.72960231
v 0.01688276 -0.16048252 0.72939189
v 0.01668041 -0.16048252 0.72911763
v 0.01655320 -0.16048252 0.72879823
v 0.01650982 -0.16048252 0.72845547
v 0.01655320 -0.16048252 0.72811277
v 0.01668041 -0.16048252 0.72779337
v 0.01688276 -0.16048252 0.72751911
v 0.01714647 -0.16048252 0.72730863
v 0.01745357 -0.16048252 0.72717635
v 0.02154593 -0.13917310 0.51471843
v 0.01979133 -0.14026099 0.51563124
v 0.01979133 -0.14026099 0.51380556
v -0.00823578 -0.14825614 0.51494651
v -0.01058272 -0.14770567 0.51602006
v -0.01058272 -0.14770567 0.51387296
f 1 4 7
f 7 11 1
f 15 1 11
f 11 18 15
f 21 15 18
f 18 24 21
f 27 21 24
f 24 29 27
f 33 27 29
f 29 36 33
f 33 36 39
f 41 43 45
f 45 46 41
f 46 45 49
f 49 51 46
f 51 49 53
f 53 55 51
f 56 55 53
f 53 58 56
f 61 56 58
f 58 63 61
f 65 63 58
f 58 67 65
f 69 65 67
f 67 70 69
f 70 67 72
f 72 75 70
f 77 75 72
f 72 78 77
f 80 77 78
f 78 83 80
f 84 80 83
f 83 87 84
f 87 83 89
f 89 91 87
f 91 89 95
f 95 96 91
f 91 96 98
f 98 101 91
f 61 63 102
f 102 104 61
f 104 102 107
f 107 109 104
f 104 109 110
f 110 112 104
f 112 110 115
f 115 117 112
f 118 117 115
f 115 120 118
f 122 118 120
f 120 124 122
f 127 124 120
f 120 128 127
f 128 120 130
f 130 133 128
f 133 130 134
f 134 137 133
f 137 134 139
f 139 140 137
f 142 124 127
f 127 145 142
f 145 127 146
f 146 149 145
f 151 149 146
f 146 153 151
f 154 151 153
f 153 157 154
f 159 154 157
f 157 160 159
f 162 159 160
f 160 165 162
f 165 160 167
f 167 170 165
f 165 170 171
f 171 174 165
f 165 174 175
f 175 179 165
f 181 183 187
f 187 190 181
f 191 181 190
f 190 194 191
f 194 190 195
f 195 198 194
f 198 195 199
f 199 202 198
f 203 202 199
f 199 205 203
f 208 203 205
f 205 209 208
f 211 209 205
f 205 214 211
f 215 214 205
f 205 218 215
f 219 215 218
f 218 222 219
f 224 219 222
f 222 225 224
f 224 225 227
f 227 230 224
f 230 227 231
f 234 211 214
f 214 235 234
f 238 235 214
f 214 239 238
f 242 238 239
f 239 243 242
f 243 239 246
f 246 247 243
f 247 246 250
f 250 251 247
f 253 251 250
f 250 183 253
f 253 183 181
f 256 259 261
f 261 263 256
f 263 261 265
f 265 266 263
f 266 265 268
f 268 271 266
f 272 271 268
f 268 275 272
f 277 272 275
f 275 279 277
f 281 279 275
f 275 282 281
f 285 281 282
f 282 286 285
f 286 282 289
f 289 291 286
f 292 291 289
f 289 295 292
f 297 292 295
f 295 299 297
f 300 297 299
f 299 303 300
f 303 299 306
f 306 309 303
f 309 306 311
f 311 312 309
f 309 312 314
f 314 317 309
f 277 279 319
f 319 320 277
f 320 319 323
f 323 324 320
f 320 324 327
f 327 329 320
f 329 327 331
f 331 332 329
f 335 332 331
f 331 336 335
f 338 335 336
f 336 341 338
f 343 341 336
f 336 344 343
f 344 336 347
f 347 348 344
f 348 347 351
f 351 352 348
f 352 351 354
f 354 357 352
f 358 341 343
f 343 361 358
f 361 343 362
f 362 364 361
f 367 364 362
f 362 368 367
f 370 367 368
f 368 372 370
f 375 370 372
f 372 376 375
f 379 375 376
f 376 382 379
f 382 376 384
f 384 385 382
f 382 385 387
f 387 390 382
f 382 390 392
f 392 395 382
f 396 401 402
f 402 406 396
f 410 406 402
f 402 413 410
f 415 406 410
f 410 417 415
f 421 425 428
f 428 429 421
f 433 429 428
f 428 435 433
f 435 428 438
f 438 441 435
f 441 438 444
f 444 447 441
f 447 444 450
f 433 441 447
f 447 429 433
f 455 458 461
f 461 464 455
f 466 464 461
f 461 470 466
f 473 464 466
f 466 474 473
f 477 479 483
f 483 486 477
f 488 486 483
f 483 489 488
f 491 489 483
f 483 494 491
f 496 494 483
f 483 498 496
f 500 477 486
f 486 501 500
f 504 501 486
f 486 506 504
f 507 504 506
f 506 510 507
f 511 507 510
f 510 514 511
f 514 510 515
f 515 518 514
f 519 518 515
f 515 522 519
f 522 515 523
f 523 526 522
f 527 526 523
f 523 531 527
f 527 531 532
f 532 534 527
f 527 534 537
f 537 539 527
f 527 539 541
f 541 542 527
f 545 548 549
f 549 552 545
f 552 549 553
f 553 556 552
f 556 553 557
f 557 560 556
f 561 560 557
f 557 564 561
f 565 561 564
f 564 568 565
f 569 568 564
f 564 572 569
f 573 569 572
f 572 576 573
f 576 572 577
f 577 580 576
f 581 580 577
f 577 584 581
f 585 581 584
f 584 588 585
f 589 585 588
f 588 592 589
f 592 588 594
f 594 596 592
f 596 594 599
f 599 602 596
f 596 602 603
f 603 606 596
f 565 568 607
f 607 610 565
f 610 607 611
f 611 614 610
f 610 614 615
f 615 618 610
f 618 615 619
f 619 622 618
f 623 622 619
f 619 626 623
f 627 623 626
f 626 630 627
f 631 630 626
f 626 633 631
f 633 626 636
f 636 637 633
f 637 636 640
f 640 641 637
f 641 640 644
f 644 645 641
f 648 630 631
f 631 649 648
f 649 631 652
f 652 653 649
f 655 653 652
f 652 658 655
f 659 655 658
f 658 662 659
f 664 659 662
f 662 665 664
f 667 664 665
f 665 669 667
f 669 665 672
f 672 675 669
f 669 675 676
f 676 679 669
f 669 679 680
f 680 683 669
f 686 688 692
f 692 695 686
f 695 692 697
f 697 702 695
f 702 697 703
f 703 707 702
f 707 703 709
f 709 712 707
f 712 709 717
f 717 718 712
f 718 717 723
f 2 693 690
f 690 6 2
f 8 5 689
f 689 685 8
f 694 10 9
f 9 687 694
f 12 696 700
f 700 16 12
f 23 17 701
f 701 708 23
f 714 30 22
f 22 706 714
f 28 713 719
f 719 35 28
f 37 34 720
f 720 721 37
f 716 32 38
f 38 722 716
f 26 31 715
f 715 710 26
f 25 711 704
f 704 19 25
f 699 14 20
f 20 705 699
f 3 13 698
f 698 691 3
f 726 729 730
f 730 733 726
f 726 733 735
f 735 736 726
f 726 736 739
f 739 740 726
f 743 726 740
f 740 744 743
f 744 740 747
f 747 748 744
f 748 747 750
f 750 753 748
f 753 750 754
f 754 756 753
f 758 756 754
f 754 760 758
f 763 758 760
f 760 765 763
f 765 760 767
f 767 768 765
f 771 768 767
f 767 772 771
f 774 771 772
f 772 777 774
f 777 772 779
f 779 781 777
f 781 779 782
f 782 785 781
f 781 785 786
f 786 789 781
f 789 786 790
f 790 793 789
f 795 789 793
f 793 796 795
f 798 795 796
f 796 801 798
f 801 796 803
f 803 804 801
f 804 803 807
f 807 808 804
f 808 807 811
f 793 790 812
f 812 814 793
f 814 812 816
f 816 819 814
f 820 814 819
f 819 822 820
f 820 822 825
f 825 826 820
f 826 825 829
f 829 830 826
f 830 829 833
f 833 834 830
f 837 830 834
f 834 839 837
f 842 837 839
f 839 845 842
f 847 845 839
f 839 849 847
f 767 760 851
f 851 852 767
f 852 851 855
f 855 856 852
f 856 855 858
f 858 861 856
f 861 858 862
f 164 178 727
f 727 725 164
f 742 163 166
f 166 724 742
f 745 158 163
f 163 742 745
f 155 158 745
f 745 749 155
f 150 155 749
f 749 752 150
f 148 150 752
f 752 757 148
f 144 148 757
f 757 759 144
f 144 759 762
f 762 143 144
f 143 762 764
f 764 125 143
f 125 764 769
f 769 123 125
f 123 769 770
f 770 119 123
f 116 119 770
f 770 775 116
f 113 116 775
f 775 776 113
f 105 113 776
f 776 780 105
f 60 105 780
f 780 788 60
f 57 60 788
f 788 794 57
f 54 57 794
f 794 799 54
f 54 799 800
f 800 50 54
f 50 800 805
f 805 47 50
f 47 805 809
f 809 40 47
f 40 809 810
f 810 42 40
f 42 810 806
f 806 44 42
f 44 806 802
f 802 48 44
f 48 802 797
f 797 52 48
f 59 52 797
f 797 792 59
f 66 59 792
f 792 815 66
f 73 66 815
f 815 821 73
f 79 73 821
f 821 827 79
f 82 79 827
f 827 831 82
f 90 82 831
f 831 838 90
f 94 90 838
f 838 843 94
f 844 97 94
f 94 843 844
f 846 99 97
f 97 844 846
f 848 100 99
f 99 846 848
f 841 93 100
f 100 848 841
f 88 92 840
f 840 836 88
f 86 835 832
f 832 85 86
f 85 832 828
f 828 81 85
f 76 81 828
f 828 824 76
f 74 76 824
f 824 823 74
f 71 74 823
f 823 818 71
f 68 71 818
f 818 817 68
f 813 64 68
f 68 817 813
f 791 62 64
f 64 813 791
f 787 103 62
f 62 791 787
f 784 106 103
f 103 787 784
f 108 106 784
f 784 783 108
f 111 108 783
f 783 778 111
f 114 111 778
f 778 773 114
f 121 114 773
f 773 766 121
f 131 121 766
f 766 853 131
f 857 135 131
f 131 853 857
f 860 138 135
f 135 857 860
f 863 141 138
f 138 860 863
f 859 136 141
f 141 863 859
f 854 132 136
f 136 859 854
f 850 129 132
f 132 854 850
f 126 129 850
f 850 761 126
f 147 126 761
f 761 755 147
f 152 147 755
f 755 751 152
f 156 152 751
f 751 746 156
f 161 156 746
f 746 741 161
f 168 161 741
f 741 738 168
f 169 168 738
f 738 737 169
f 169 737 734
f 734 172 169
f 172 734 732
f 732 173 172
f 173 732 731
f 731 176 173
f 176 731 728
f 728 177 176
f 865 868 872
f 872 874 865
f 876 865 874
f 874 878 876
f 878 874 879
f 879 881 878
f 881 879 884
f 884 886 881
f 887 886 884
f 884 890 887
f 892 887 890
f 890 893 892
f 895 893 890
f 890 897 895
f 900 895 897
f 897 902 900
f 904 902 897
f 897 905 904
f 907 904 905
f 905 910 907
f 910 905 912
f 912 913 910
f 913 912 916
f 916 918 913
f 920 918 916
f 916 868 920
f 920 868 865
f 897 890 922
f 922 925 897
f 925 922 927
f 927 928 925
f 928 927 931
f 931 932 928
f 935 932 931
f 931 936 935
f 935 936 939
f 189 188 869
f 869 915 189
f 196 189 915
f 915 911 196
f 200 196 911
f 911 906 200
f 206 200 906
f 906 898 206
f 217 206 898
f 898 924 217
f 929 221 217
f 217 924 929
f 933 226 221
f 221 929 933
f 934 228 226
f 226 933 934
f 938 232 228
f 228 934 938
f 937 229 232
f 232 938 937
f 930 223 229
f 229 937 930
f 926 220 223
f 223 930 926
f 923 216 220
f 220 926 923
f 213 216 923
f 923 889 213
f 240 213 889
f 889 883 240
f 245 240 883
f 883 880 245
f 249 245 880
f 880 873 249
f 185 249 873
f 873 870 185
f 184 871 867
f 867 186 184
f 866 255 180
f 180 919 866
f 252 254 864
f 864 875 252
f 248 252 875
f 875 877 248
f 244 248 877
f 877 882 244
f 241 244 882
f 882 885 241
f 241 885 888
f 888 237 241
f 237 888 891
f 891 236 237
f 236 891 894
f 894 233 236
f 233 894 896
f 896 212 233
f 212 896 899
f 899 210 212
f 210 899 901
f 901 207 210
f 207 901 903
f 903 204 207
f 204 903 908
f 908 201 204
f 197 201 908
f 908 909 197
f 193 197 909
f 909 914 193
f 192 193 914
f 914 917 192
f 182 192 917
f 917 921 182
f 940 944 946
f 946 948 940
f 940 948 951
f 951 952 940
f 940 952 954
f 954 957 940
f 959 940 957
f 957 960 959
f 960 957 963
f 963 964 960
f 964 963 967
f 967 968 964
f 968 967 970
f 970 973 968
f 975 973 970
f 970 977 975
f 978 975 977
f 977 981 978
f 981 977 983
f 983 984 981
f 987 984 983
f 983 988 987
f 990 987 988
f 988 992 990
f 992 988 995
f 995 996 992
f 996 995 998
f 998 1001 996
f 996 1001 1002
f 1002 1005 996
f 1005 1002 1007
f 1007 1008 1005
f 1011 1005 1008
f 1008 1013 1011
f 1014 1011 1013
f 1013 1017 1014
f 1017 1013 1018
f 1018 1021 1017
f 1021 1018 1022
f 1022 1025 1021
f 1025 1022 1026
f 1008 1007 1029
f 1029 1030 1008
f 1030 1029 1032
f 1032 1035 1030
f 1036 1030 1035
f 1035 1039 1036
f 1036 1039 1040
f 1040 1043 1036
f 1043 1040 1045
f 1045 1046 1043
f 1046 1045 1049
f 1049 1052 1046
f 1054 1046 1052
f 1052 1056 1054
f 1059 1054 1056
f 1056 1060 1059
f 1062 1060 1056
f 1056 1065 1062
f 983 977 1067
f 1067 1068 983
f 1068 1067 1071
f 1071 1072 1068
f 1072 1071 1075
f 1075 1077 1072
f 1077 1075 1078
f 381 394 943
f 943 941 381
f 958 378 380
f 380 942 958
f 961 374 378
f 378 958 961
f 371 374 961
f 961 965 371
f 366 371 965
f 965 969 366
f 365 366 969
f 969 972 365
f 360 365 972
f 972 974 360
f 360 974 979
f 979 359 360
f 359 979 980
f 980 340 359
f 340 980 985
f 985 339 340
f 339 985 986
f 986 334 339
f 333 334 986
f 986 991 333
f 328 333 991
f 991 993 328
f 321 328 993
f 993 997 321
f 276 321 997
f 997 1004 276
f 273 276 1004
f 1004 1010 273
f 270 273 1010
f 1010 1015 270
f 270 1015 1016
f 1016 267 270
f 267 1016 1020
f 1020 262 267
f 262 1020 1024
f 1024 257 262
f 257 1024 1027
f 1027 258 257
f 258 1027 1023
f 1023 260 258
f 260 1023 1019
f 1019 264 260
f 264 1019 1012
f 1012 269 264
f 274 269 1012
f 1012 1009 274
f 283 274 1009
f 1009 1031 283
f 288 283 1031
f 1031 1037 288
f 294 288 1037
f 1037 1042 294
f 298 294 1042
f 1042 1047 298
f 305 298 1047
f 1047 1053 305
f 310 305 1053
f 1053 1058 310
f 1061 313 310
f 310 1058 1061
f 1063 315 313
f 313 1061 1063
f 1064 316 315
f 315 1063 1064
f 1055 308 316
f 316 1064 1055
f 304 307 1057
f 1057 1050 304
f 302 1051 1048
f 1048 301 302
f 301 1048 1044
f 1044 296 301
f 293 296 1044
f 1044 1041 293
f 290 293 1041
f 1041 1038 290
f 287 290 1038
f 1038 1034 287
f 284 287 1034
f 1034 1033 284
f 1028 280 284
f 284 1033 1028
f 1006 278 280
f 280 1028 1006
f 1003 318 278
f 278 1006 1003
f 1000 322 318
f 318 1003 1000
f 325 322 1000
f 1000 999 325
f 326 325 999
f 999 994 326
f 330 326 994
f 994 989 330
f 337 330 989
f 989 982 337
f 346 337 982
f 982 1069 346
f 1073 350 346
f 346 1069 1073
f 1076 355 350
f 350 1073 1076
f 1079 356 355
f 355 1076 1079
f 1074 353 356
f 356 1079 1074
f 1070 349 353
f 353 1074 1070
f 1066 345 349
f 349 1070 1066
f 342 345 1066
f 1066 976 342
f 363 342 976
f 976 971 363
f 369 363 971
f 971 966 369
f 373 369 966
f 966 962 373
f 377 373 962
f 962 956 377
f 383 377 956
f 956 955 383
f 386 383 955
f 955 953 386
f 386 953 950
f 950 388 386
f 388 950 949
f 949 389 388
f 389 949 947
f 947 391 389
f 391 947 945
f 945 393 391
f 1082 1084 1086
f 1086 1089 1082
f 1082 1089 1094
f 1094 1097 1082
f 1082 1097 1100
f 1094 1089 1101
f 414 1085 1080
f 1080 407 414
f 398 405 1081
f 1081 1099 398
f 397 1098 1095
f 1095 399 397
f 403 400 1096
f 1096 1092 403
f 1102 411 404
f 404 1093 1102
f 409 412 1103
f 1103 1091 409
f 1088 418 408
f 408 1090 1088
f 416 419 1087
f 1087 1083 416
f 1104 1107 1111
f 1111 1115 1104
f 1115 1111 1116
f 1116 1121 1115
f 1122 1115 1121
f 1121 1125 1122
f 1104 1122 1125
f 1125 1107 1104
f 1129 1107 1125
f 1125 1132 1129
f 1116 1111 1135
f 451 446 1118
f 1118 1134 451
f 452 1136 1112
f 1112 449 452
f 431 448 1110
f 1110 1109 431
f 1130 420 430
f 430 1108 1130
f 424 422 1128
f 1128 1133 424
f 423 1131 1126
f 1126 426 423
f 440 427 1127
f 1127 1119 440
f 1117 445 439
f 439 1120 1117
f 442 1114 1124
f 1124 437 442
f 1105 432 436
f 436 1123 1105
f 443 434 1106
f 1106 1113 443
f 1137 1140 1144
f 1144 1148 1137
f 1137 1148 1151
f 1151 1152 1137
f 1137 1152 1156
f 1151 1148 1158
f 472 1141 1139
f 1139 462 472
f 454 463 1138
f 1138 1157 454
f 453 1155 1153
f 1153 456 453
f 460 457 1154
f 1154 1149 460
f 1160 469 459
f 459 1150 1160
f 467 468 1159
f 1159 1147 467
f 1143 476 465
f 465 1146 1143
f 471 475 1145
f 1145 1142 471
f 1162 1164 1166
f 1166 1167 1162
f 1170 1162 1167
f 1167 1171 1170
f 1174 1171 1167
f 1167 1175 1174
f 1178 1174 1175
f 1175 1179 1178
f 1179 1175 1181
f 1181 1184 1179
f 1184 1181 1185
f 1185 1188 1184
f 1189 1188 1185
f 1185 1192 1189
f 1195 1192 1185
f 1185 1198 1195
f 1198 1185 1199
f 1199 1201 1198
f 1198 1201 1204
f 1204 1205 1198
f 1198 1205 1208
f 1208 1209 1198
f 1166 1164 1211
f 1211 1215 1166
f 1217 1215 1211
f 1211 1218 1217
f 1220 1218 1211
f 1211 1223 1220
f 1223 1211 1224
f 1224 1227 1223
f 528 544 1225
f 1225 1213 528
f 1163 525 529
f 529 1212 1163
f 1161 521 525
f 525 1163 1161
f 1169 520 521
f 521 1161 1169
f 1172 517 520
f 520 1169 1172
f 513 517 1172
f 1172 1173 513
f 512 513 1173
f 1173 1177 512
f 508 512 1177
f 1177 1180 508
f 503 508 1180
f 1180 1183 503
f 503 1183 1187
f 1187 502 503
f 502 1187 1190
f 1190 499 502
f 499 1190 1191
f 1191 478 499
f 478 1191 1194
f 1194 480 478
f 482 481 1193
f 1193 1196 482
f 1210 497 484
f 484 1197 1210
f 1207 495 497
f 497 1210 1207
f 1206 493 495
f 495 1207 1206
f 1203 492 493
f 493 1206 1203
f 1202 490 492
f 492 1203 1202
f 487 490 1202
f 1202 1200 487
f 485 487 1200
f 1200 1186 485
f 505 485 1186
f 1186 1182 505
f 509 505 1182
f 1182 1176 509
f 516 509 1176
f 1176 1168 516
f 524 516 1168
f 1168 1165 524
f 530 524 1165
f 1165 1214 530
f 533 530 1214
f 1214 1216 533
f 533 1216 1219
f 1219 535 533
f 535 1219 1221
f 1221 536 535
f 536 1221 1222
f 1222 538 536
f 538 1222 1228
f 1228 540 538
f 540 1228 1226
f 1226 543 540
f 1230 1233 1236
f 1236 1237 1230
f 1230 1237 1240
f 1240 1241 1230
f 1230 1241 1244
f 1244 1246 1230
f 1248 1230 1246
f 1246 1249 1248
f 1249 1246 1252
f 1252 1254 1249
f 1254 1252 1255
f 1255 1257 1254
f 1257 1255 1259
f 1259 1262 1257
f 1264 1262 1259
f 1259 1266 1264
f 1267 1264 1266
f 1266 1270 1267
f 1270 1266 1271
f 1271 1274 1270
f 1276 1274 1271
f 1271 1277 1276
f 1279 1276 1277
f 1277 1281 1279
f 1281 1277 1284
f 1284 1285 1281
f 1285 1284 1288
f 1288 1289 1285
f 1285 1289 1291
f 1291 1294 1285
f 1294 1291 1295
f 1295 1298 1294
f 1299 1294 1298
f 1298 1301 1299
f 1304 1299 1301
f 1301 1305 1304
f 1305 1301 1307
f 1307 1309 1305
f 1309 1307 1312
f 1312 1313 1309
f 1313 1312 1315
f 1298 1295 1318
f 1318 1319 1298
f 1319 1318 1321
f 1321 1324 1319
f 1326 1319 1324
f 1324 1327 1326
f 1326 1327 1330
f 1330 1332 1326
f 1332 1330 1334
f 1334 1335 1332
f 1335 1334 1338
f 1338 1339 1335
f 1343 1335 1339
f 1339 1346 1343
f 1347 1343 1346
f 1346 1350 1347
f 1351 1350 1346
f 1346 1354 1351
f 1271 1266 1355
f 1355 1358 1271
f 1358 1355 1360
f 1360 1362 1358
f 1362 1360 1363
f 1363 1365 1362
f 1365 1363 1367
f 671 684 1232
f 1232 1231 671
f 1247 668 670
f 670 1229 1247
f 1250 663 668
f 668 1247 1250
f 660 663 1250
f 1250 1253 660
f 656 660 1253
f 1253 1258 656
f 654 656 1258
f 1258 1261 654
f 650 654 1261
f 1261 1263 650
f 650 1263 1268
f 1268 647 650
f 647 1268 1269
f 1269 629 647
f 629 1269 1273
f 1273 628 629
f 628 1273 1275
f 1275 624 628
f 621 624 1275
f 1275 1280 621
f 617 621 1280
f 1280 1282 617
f 609 617 1282
f 1282 1286 609
f 566 609 1286
f 1286 1293 566
f 562 566 1293
f 1293 1300 562
f 559 562 1300
f 1300 1303 559
f 559 1303 1306
f 1306 555 559
f 555 1306 1310
f 1310 551 555
f 551 1310 1314
f 1314 546 551
f 546 1314 1316
f 1316 547 546
f 547 1316 1311
f 1311 550 547
f 550 1311 1308
f 1308 554 550
f 554 1308 1302
f 1302 558 554
f 563 558 1302
f 1302 1297 563
f 571 563 1297
f 1297 1320 571
f 578 571 1320
f 1320 1325 578
f 583 578 1325
f 1325 1331 583
f 587 583 1331
f 1331 1336 587
f 595 587 1336
f 1336 1342 595
f 600 595 1342
f 1342 1348 600
f 1349 601 600
f 600 1348 1349
f 1352 604 601
f 601 1349 1352
f 1353 605 604
f 604 1352 1353
f 1345 598 605
f 605 1353 1345
f 591 597 1344
f 1344 1341 591
f 593 1340 1337
f 1337 590 593
f 590 1337 1333
f 1333 586 590
f 582 586 1333
f 1333 1329 582
f 579 582 1329
f 1329 1328 579
f 575 579 1328
f 1328 1323 575
f 574 575 1323
f 1323 1322 574
f 1317 570 574
f 574 1322 1317
f 1296 567 570
f 570 1317 1296
f 1292 608 567
f 567 1296 1292
f 1290 612 608
f 608 1292 1290
f 613 612 1290
f 1290 1287 613
f 616 613 1287
f 1287 1283 616
f 620 616 1283
f 1283 1278 620
f 625 620 1278
f 1278 1272 625
f 635 625 1272
f 1272 1357 635
f 1361 639 635
f 635 1357 1361
f 1366 643 639
f 639 1361 1366
f 1368 646 643
f 643 1366 1368
f 1364 642 646
f 646 1368 1364
f 1359 638 642
f 642 1364 1359
f 1356 634 638
f 638 1359 1356
f 632 634 1356
f 1356 1265 632
f 651 632 1265
f 1265 1260 651
f 657 651 1260
f 1260 1256 657
f 661 657 1256
f 1256 1251 661
f 666 661 1251
f 1251 1245 666
f 673 666 1245
f 1245 1243 673
f 674 673 1243
f 1243 1242 674
f 674 1242 1239
f 1239 677 674
f 677 1239 1238
f 1238 678 677
f 678 1238 1235
f 1235 681 678
f 681 1235 1234
f 1234 682 681
f 1370 1373 1374
f 1374 1379 1370
f 1379 1374 1382
f 1382 1384 1379
f 1370 1379 1388
f 1388 1391 1370
f 1391 1388 1392
f 1395 1371 1369
f 1369 1399 1395
f 1400 1403 1406
f 1406 1409 1400
f 1410 1411 1412
f 1412 1415 1410
f 1399 1369 1389
f 1389 1417 1399
f 1420 1396 1372
f 1372 1423 1420
f 1423 1372 1375
f 1375 1424 1423
f 1427 1424 1375
f 1375 1428 1427
f 1431 1428 1375
f 1375 1433 1431
f 1434 1433 1375
f 1375 1437 1434
f 1438 1437 1375
f 1375 1441 1438
f 1404 1441 1375
f 1375 1401 1404
f 1444 1401 1375
f 1375 1413 1444
f 1445 1444 1413
f 1413 1448 1445
f 1449 1448 1413
f 1413 1451 1449
f 1454 1451 1413
f 1413 1456 1454
f 1457 1456 1413
f 1413 1460 1457
f 1462 1460 1413
f 1413 1464 1462
f 1464 1413 1465
f 1465 1469 1464
f 1469 1465 1471
f 1421 1397 1398
f 1398 1474 1421
f 1474 1398 1418
f 1432 1430 1475
f 1475 1478 1432
f 1435 1432 1478
f 1478 1479 1435
f 1422 1421 1474
f 1474 1482 1422
f 1435 1479 1483
f 1483 1436 1435
f 1487 1436 1483
f 1483 1489 1487
f 1492 1439 1436
f 1436 1487 1492
f 1493 1440 1439
f 1439 1492 1493
f 1407 1402 1440
f 1440 1493 1407
f 1425 1422 1482
f 1482 1495 1425
f 1430 1429 1498
f 1498 1475 1430
f 1426 1425 1495
f 1495 1499 1426
f 1426 1499 1501
f 1504 1429 1426
f 1426 1501 1504
f 1504 1501 1508
f 1498 1429 1504
f 1419 1390 1393
f 1393 1473 1419
f 1481 1473 1393
f 1393 1496 1481
f 1500 1496 1393
f 1393 1502 1500
f 1502 1393 1506
f 1394 1386 1505
f 1505 1507 1394
f 1442 1400 1409
f 1409 1510 1442
f 1513 1446 1443
f 1443 1509 1513
f 1463 1461 1514
f 1514 1515 1463
f 1461 1459 1516
f 1516 1514 1461
f 1459 1458 1517
f 1517 1516 1459
f 1516 1517 1520
f 1458 1455 1523
f 1523 1517 1458
f 1455 1453 1524
f 1524 1523 1455
f 1453 1452 1527
f 1527 1524 1453
f 1527 1452 1450
f 1450 1530 1527
f 1530 1450 1531
f 1531 1535 1530
f 1531 1450 1447
f 1447 1536 1531
f 1540 1543 1467
f 1467 1544 1540
f 1548 1540 1544
f 1544 1550 1548
f 1467 1543 1416
f 1416 1414 1467
f 1416 1543 1553
f 1553 1555 1416
f 1466 1472 1558
f 1558 1545 1466
f 1470 1468 1559
f 1559 1557 1470
f 1468 1463 1515
f 1515 1559 1468
f 1536 1447 1446
f 1446 1513 1536
f 1557 1559 1560
f 1560 1563 1557
f 1559 1515 1565
f 1565 1560 1559
f 1515 1514 1568
f 1568 1565 1515
f 1514 1516 1569
f 1569 1572 1514
f 1514 1572 1568
f 1545 1558 1564
f 1564 1551 1545
f 1549 1562 1561
f 1561 1546 1549
f 1546 1561 1566
f 1566 1567 1546
f 1546 1567 1571
f 1571 1570 1546
f 1546 1570 1575
f 1516 1520 1574
f 1574 1569 1516
f 1573 1519 1538
f 1538 1547 1573
f 1497 1503 1387
f 1387 1378 1497
f 1476 1497 1378
f 1378 1477 1476
f 1480 1477 1378
f 1378 1484 1480
f 1542 1539 1521
f 1521 1518 1542
f 1542 1518 1522
f 1522 1525 1542
f 1542 1525 1526
f 1526 1529 1542
f 1490 1383 1380
f 1380 1486 1490
f 1491 1486 1380
f 1380 1494 1491
f 1405 1494 1380
f 1380 1408 1405
f 1511 1408 1380
f 1380 1577 1511
f 1511 1577 1556
f 1556 1512 1511
f 1537 1512 1556
f 1556 1532 1537
f 1532 1556 1552
f 1552 1534 1532
f 1541 1528 1533
f 1533 1554 1541
f 1485 1377 1385
f 1385 1488 1485
f 1578 1579 1580
f 1580 1581 1578
f 1376 1412 1411
f 1411 1381 1376
f 1381 1411 1410
f 1410 1576 1381
f 1582 1585 1587
f 1587 1588 1582
f 1588 1587 1590
f 1590 1593 1588
f 1593 1590 1594
f 1594 1597 1593
f 1599 1597 1594
f 1594 1600 1599
f 1603 1599 1600
f 1600 1605 1603
f 1606 1605 1600
f 1600 1609 1606
f 1610 1606 1609
f 1609 1613 1610
f 1613 1609 1614
f 1614 1617 1613
f 1618 1617 1614
f 1614 1621 1618
f 1622 1618 1621
f 1621 1625 1622
f 1626 1622 1625
f 1625 1630 1626
f 1630 1625 1632
f 1632 1633 1630
f 1633 1632 1637
f 1637 1638 1633
f 1633 1638 1641
f 1641 1643 1633
f 1603 1605 1644
f 1644 1647 1603
f 1647 1644 1649
f 1649 1650 1647
f 1647 1650 1652
f 1652 1655 1647
f 1655 1652 1656
f 1656 1659 1655
f 1660 1659 1656
f 1656 1663 1660
f 1664 1660 1663
f 1663 1667 1664
f 1668 1667 1663
f 1663 1671 1668
f 1671 1663 1672
f 1672 1675 1671
f 1675 1672 1676
f 1676 1679 1675
f 1679 1676 1680
f 1680 1683 1679
f 1684 1667 1668
f 1668 1687 1684
f 1687 1668 1688
f 1688 1691 1687
f 1692 1691 1688
f 1688 1695 1692
f 1696 1692 1695
f 1695 1699 1696
f 1700 1696 1699
f 1699 1702 1700
f 1704 1700 1702
f 1702 1707 1704
f 1707 1702 1709
f 1709 1712 1707
f 1707 1712 1714
f 1714 1715 1707
f 1707 1715 1717
f 1717 1720 1707
f 1723 1724 1727
f 1727 1728 1723
f 1728 1727 1731
f 1731 1732 1728
f 1732 1731 1735
f 1735 1736 1732
f 1736 1735 1739
f 1739 1740 1736
f 1740 1739 1743
f 1743 1744 1740
f 1746 1744 1743
f 1743 1748 1746
f 1751 1746 1748
f 1748 1752 1751
f 1754 1752 1748
f 1748 1757 1754
f 1758 1754 1757
f 1757 1761 1758
f 1761 1757 1762
f 1762 1765 1761
f 1766 1765 1762
f 1762 1769 1766
f 1770 1766 1769
f 1769 1773 1770
f 1773 1769 1775
f 1775 1777 1773
f 1778 1777 1775
f 1775 1780 1778
f 1783 1778 1780
f 1780 1785 1783
f 1786 1785 1780
f 1780 1789 1786
f 1789 1780 1791
f 1791 1792 1789
f 1795 1792 1791
f 1791 1796 1795
f 1796 1791 1799
f 1799 1800 1796
f 1802 1800 1799
f 1799 1805 1802
f 1805 1799 1807
f 1807 1808 1805
f 1808 1807 1810
f 1810 1813 1808
f 1814 1813 1810
f 1810 1817 1814
f 1819 1814 1817
f 1817 1820 1819
f 1823 1820 1817
f 1817 1825 1823
f 1826 1823 1825
f 1825 1829 1826
f 1831 1829 1825
f 1825 1740 1831
f 1831 1740 1744
f 1791 1780 1833
f 1833 1834 1791
f 1834 1833 1836
f 1836 1838 1834
f 1838 1836 1841
f 1841 1843 1838
f 1843 1841 1844
f 1844 1847 1843
f 1847 1844 1848
f 1851 1854 1856
f 1856 1861 1851
f 1864 1851 1861
f 1861 1867 1864
f 1869 1873 1874
f 1874 1877 1869
f 1882 1869 1877
f 1877 1884 1882
f 1882 1884 1887
f 1889 1892 1897
f 1897 1900 1889
f 1889 1900 1903
f 1892 1889 1904
f 1904 1909 1892
f 1909 1904 1910
f 1904 1889 1913
f 1913 1916 1904
f 1916 1913 1920
f 1920 1923 1916
f 1925 1930 1931
f 1931 1936 1925
f 1925 1936 1937
f 1937 1942 1925
f 1942 1937 1944
f 1944 1948 1942
f 1942 1948 1951
f 1953 1948 1944
f 1957 1958 1963
f 1963 1964 1957
f 1969 1964 1963
f 1963 1970 1969
f 1975 1964 1969
f 1969 1976 1975
f 1980 1982 1985
f 1985 1988 1980
f 1990 1980 1988
f 1988 1993 1990
f 1993 1988 1994
f 1994 1997 1993
f 1998 1997 1994
f 1994 2000 1998
f 2000 1994 2003
f 2003 2004 2000
f 2006 2004 2003
f 2003 2008 2006
f 2011 2008 2003
f 2003 2013 2011
f 2014 2011 2013
f 2013 2016 2014
f 2016 2013 2018
f 2018 2021 2016
f 2023 2021 2018
f 2018 2024 2023
f 2024 2018 2027
f 2027 2029 2024
f 2029 2027 1982
f 1982 1980 2029
f 2029 1980 2033
f 2033 2035 2029
f 2035 2033 2038
f 2038 2039 2035
f 2039 2038 2041
f 2041 2043 2039
f 2045 2043 2041
f 2041 2048 2045
f 2045 2048 2049
f 2049 2052 2045
f 2052 2049 2054
f 2054 2006 2052
f 2006 2054 2004
f 2056 2013 2003
f 2003 2059 2056
f 2061 2056 2059
f 2059 2062 2061
f 2064 2061 2062
f 2062 2067 2064
f 2068 2064 2067
f 2067 2070 2068
f 2068 2070 2073
f 2013 2056 2075
f 2075 2076 2013
f 2079 2076 2075
f 2075 2080 2079
f 2082 2079 2080
f 2080 2085 2082
f 2087 2082 2085
f 2085 2089 2087
f 2091 2095 2096
f 2096 2098 2091
f 2091 2098 2101
f 2101 2103 2091
f 2091 2103 2104
f 2104 2106 2091
f 2109 2091 2106
f 2106 2111 2109
f 2111 2106 2112
f 2112 2114 2111
f 2114 2112 2116
f 2116 2119 2114
f 2120 2119 2116
f 2116 2123 2120
f 2124 2120 2123
f 2123 2127 2124
f 2128 2124 2127
f 2127 2131 2128
f 2131 2127 2132
f 2132 2134 2131
f 2134 2132 2137
f 2137 2139 2134
f 2141 2139 2137
f 2137 2142 2141
f 2141 2142 2146
f 2146 2148 2141
f 2149 2148 2146
f 2146 2152 2149
f 2152 2146 2155
f 2155 2157 2152
f 2157 2155 2158
f 2155 2146 2163
f 2132 2127 2165
f 2165 2166 2132
f 2169 2132 2166
f 2166 2170 2169
f 2173 2169 2170
f 2170 2175 2173
f 2177 2173 2175
f 2175 2178 2177
f 2177 2178 2180
f 2183 2185 2189
f 2189 2190 2183
f 2183 2190 2193
f 2193 2194 2183
f 2183 2194 2196
f 2196 2199 2183
f 2200 2183 2199
f 2199 2203 2200
f 2203 2199 2204
f 2204 2207 2203
f 2207 2204 2208
f 2208 2211 2207
f 2211 2208 2212
f 2212 2215 2211
f 2216 2215 2212
f 2212 2219 2216
f 2220 2216 2219
f 2219 2223 2220
f 2223 2219 2224
f 2224 2227 2223
f 2229 2227 2224
f 2224 2231 2229
f 2233 2229 2231
f 2231 2234 2233
f 2234 2231 2236
f 2236 2239 2234
f 2239 2236 2240
f 2240 2243 2239
f 2239 2243 2244
f 2244 2247 2239
f 2247 2244 2249
f 2249 2250 2247
f 2253 2247 2250
f 2250 2254 2253
f 2257 2253 2254
f 2254 2258 2257
f 2258 2254 2260
f 2260 2263 2258
f 2263 2260 2264
f 2264 2267 2263
f 2267 2264 2268
f 2250 2249 2270
f 2270 2273 2250
f 2273 2270 2274
f 2274 2276 2273
f 2278 2273 2276
f 2276 2281 2278
f 2278 2281 2283
f 2283 2284 2278
f 2284 2283 2287
f 2287 2288 2284
f 2288 2287 2291
f 2291 2292 2288
f 2296 2288 2292
f 2292 2298 2296
f 2301 2296 2298
f 2298 2302 2301
f 2305 2302 2298
f 2298 2306 2305
f 2224 2219 2309
f 2309 2310 2224
f 2310 2309 2313
f 2313 2315 2310
f 2315 2313 2316
f 2316 2318 2315
f 2318 2316 2320
f 1706 1719 2187
f 2187 2182 1706
f 2201 1705 1708
f 1708 2184 2201
f 2202 1701 1705
f 1705 2201 2202
f 1697 1701 2202
f 2202 2206 1697
f 1693 1697 2206
f 2206 2210 1693
f 1690 1693 2210
f 2210 2214 1690
f 1686 1690 2214
f 2214 2217 1686
f 1686 2217 2221
f 2221 1685 1686
f 1685 2221 2222
f 2222 1666 1685
f 1666 2222 2226
f 2226 1665 1666
f 1665 2226 2228
f 2228 1661 1665
f 1658 1661 2228
f 2228 2232 1658
f 1654 1658 2232
f 2232 2235 1654
f 1646 1654 2235
f 2235 2238 1646
f 1602 1646 2238
f 2238 2246 1602
f 1598 1602 2246
f 2246 2252 1598
f 1596 1598 2252
f 2252 2256 1596
f 1596 2256 2259
f 2259 1592 1596
f 1592 2259 2262
f 2262 1589 1592
f 1589 2262 2266
f 2266 1583 1589
f 1583 2266 2269
f 2269 1584 1583
f 1584 2269 2265
f 2265 1586 1584
f 1586 2265 2261
f 2261 1591 1586
f 1591 2261 2255
f 2255 1595 1591
f 1601 1595 2255
f 2255 2251 1601
f 1608 1601 2251
f 2251 2272 1608
f 1615 1608 2272
f 2272 2279 1615
f 1620 1615 2279
f 2279 2285 1620
f 1624 1620 2285
f 2285 2289 1624
f 1631 1624 2289
f 2289 2295 1631
f 1636 1631 2295
f 2295 2300 1636
f 2303 1639 1636
f 1636 2300 2303
f 2304 1640 1639
f 1639 2303 2304
f 2307 1642 1640
f 1640 2304 2307
f 2297 1635 1642
f 1642 2307 2297
f 1628 1634 2299
f 2299 2293 1628
f 1629 2294 2290
f 2290 1627 1629
f 1627 2290 2286
f 2286 1623 1627
f 1619 1623 2286
f 2286 2282 1619
f 1616 1619 2282
f 2282 2280 1616
f 1612 1616 2280
f 2280 2277 1612
f 1611 1612 2277
f 2277 2275 1611
f 2271 1607 1611
f 1611 2275 2271
f 2248 1604 1607
f 1607 2271 2248
f 2245 1645 1604
f 1604 2248 2245
f 2242 1648 1645
f 1645 2245 2242
f 1651 1648 2242
f 2242 2241 1651
f 1653 1651 2241
f 2241 2237 1653
f 1657 1653 2237
f 2237 2230 1657
f 1662 1657 2230
f 2230 2225 1662
f 1673 1662 2225
f 2225 2311 1673
f 2314 1677 1673
f 1673 2311 2314
f 2319 1681 1677
f 1677 2314 2319
f 2321 1682 1681
f 1681 2319 2321
f 2317 1678 1682
f 1682 2321 2317
f 2312 1674 1678
f 1678 2317 2312
f 2308 1670 1674
f 1674 2312 2308
f 1669 1670 2308
f 2308 2218 1669
f 1689 1669 2218
f 2218 2213 1689
f 1694 1689 2213
f 2213 2209 1694
f 1698 1694 2209
f 2209 2205 1698
f 1703 1698 2205
f 2205 2198 1703
f 1710 1703 2198
f 2198 2197 1710
f 1711 1710 2197
f 2197 2195 1711
f 1711 2195 2192
f 2192 1713 1711
f 1713 2192 2191
f 2191 1716 1713
f 1716 2191 2188
f 2188 1718 1716
f 1718 2188 2186
f 2186 1721 1718
f 2323 2325 2327
f 2327 2328 2323
f 2331 2323 2328
f 2328 2333 2331
f 2335 2333 2328
f 2328 2336 2335
f 2338 2335 2336
f 2336 2341 2338
f 2343 2341 2336
f 2336 2344 2343
f 2347 2343 2344
f 2344 2348 2347
f 2348 2344 2350
f 2350 2353 2348
f 2353 2350 2355
f 2355 2356 2353
f 2359 2356 2355
f 2355 2361 2359
f 2361 2355 2363
f 2363 2364 2361
f 2367 2364 2363
f 2363 2368 2367
f 2370 2368 2363
f 2363 2373 2370
f 2373 2363 2375
f 2375 2376 2373
f 2376 2375 2379
f 2379 2380 2376
f 2380 2379 2383
f 2383 2384 2380
f 2384 2383 2387
f 2387 2388 2384
f 2390 2368 2370
f 2370 2393 2390
f 2394 2393 2370
f 2370 2397 2394
f 2397 2370 2398
f 2398 2400 2397
f 2402 2400 2398
f 2398 2404 2402
f 2407 2402 2404
f 2404 2408 2407
f 2408 2404 2411
f 2411 2412 2408
f 2415 2412 2411
f 2411 2416 2415
f 2419 2415 2416
f 2416 2420 2419
f 2420 2416 2423
f 2423 2424 2420
f 2427 2424 2423
f 2423 2429 2427
f 2429 2423 2431
f 2431 2325 2429
f 2327 2325 2431
f 2431 2433 2327
f 2435 2327 2433
f 2433 2436 2435
f 2439 2435 2436
f 2436 2440 2439
f 2442 2439 2440
f 2440 2445 2442
f 2446 2442 2445
f 2445 2448 2446
f 1725 2449 2444
f 2444 1726 1725
f 1726 2444 2441
f 2441 1730 1726
f 1730 2441 2437
f 2437 1734 1730
f 1734 2437 2432
f 2432 1738 1734
f 1742 1738 2432
f 2432 2430 1742
f 1749 1742 2430
f 2430 2422 1749
f 1756 1749 2422
f 2422 2417 1756
f 1763 1756 2417
f 2417 2410 1763
f 1768 1763 2410
f 2410 2405 1768
f 1774 1768 2405
f 2405 2399 1774
f 1781 1774 2399
f 2399 2371 1781
f 1832 1781 2371
f 2371 2372 1832
f 2377 1837 1832
f 1832 2372 2377
f 2381 1840 1837
f 1837 2377 2381
f 2385 1845 1840
f 1840 2381 2385
f 2389 1849 1845
f 1845 2385 2389
f 2386 1846 1849
f 1849 2389 2386
f 2382 1842 1846
f 1846 2386 2382
f 2378 1839 1842
f 1842 2382 2378
f 2374 1835 1839
f 1839 2378 2374
f 1790 1835 2374
f 2374 2362 1790
f 1798 1790 2362
f 2362 2354 1798
f 1806 1798 2354
f 2354 2351 1806
f 1811 1806 2351
f 2351 2345 1811
f 1816 1811 2345
f 2345 2337 1816
f 1824 1816 2337
f 2337 2329 1824
f 1741 1824 2329
f 2329 2326 1741
f 1737 1741 2326
f 2326 2434 1737
f 1737 2434 2438
f 2438 1733 1737
f 1733 2438 2443
f 2443 1729 1733
f 1729 2443 2447
f 2447 1722 1729
f 1722 2447 2449
f 2449 1725 1722
f 2322 1830 1745
f 1745 2324 2322
f 2330 1828 1830
f 1830 2322 2330
f 2332 1827 1828
f 1828 2330 2332
f 2334 1822 1827
f 1827 2332 2334
f 1821 1822 2334
f 2334 2339 1821
f 1818 1821 2339
f 2339 2340 1818
f 1815 1818 2340
f 2340 2342 1815
f 1812 1815 2342
f 2342 2346 1812
f 1809 1812 2346
f 2346 2349 1809
f 1804 1809 2349
f 2349 2352 1804
f 1803 1804 2352
f 2352 2357 1803
f 1801 1803 2357
f 2357 2358 1801
f 1801 2358 2360
f 2360 1797 1801
f 1797 2360 2365
f 2365 1794 1797
f 1794 2365 2366
f 2366 1793 1794
f 1793 2366 2369
f 2369 1788 1793
f 1788 2369 2391
f 2391 1787 1788
f 1787 2391 2392
f 2392 1784 1787
f 1784 2392 2395
f 2395 1782 1784
f 1782 2395 2396
f 2396 1779 1782
f 1776 1779 2396
f 2396 2401 1776
f 1772 1776 2401
f 2401 2403 1772
f 1771 1772 2403
f 2403 2406 1771
f 1767 1771 2406
f 2406 2409 1767
f 1764 1767 2409
f 2409 2413 1764
f 1760 1764 2413
f 2413 2414 1760
f 1759 1760 2414
f 2414 2418 1759
f 1755 1759 2418
f 2418 2421 1755
f 2425 1753 1755
f 1755 2421 2425
f 2426 1750 1753
f 1753 2425 2426
f 2428 1747 1750
f 1750 2426 2428
f 2324 1745 1747
f 1747 2428 2324
f 2451 2453 2456
f 2456 2459 2451
f 2451 2459 2462
f 2467 2453 2451
f 1850 2457 2455
f 2455 1853 1850
f 1857 1855 2454
f 2454 2465 1857
f 2452 1859 1858
f 1858 2466 2452
f 1865 1860 2450
f 2450 2464 1865
f 2460 1862 1866
f 1866 2463 2460
f 1852 1863 2461
f 2461 2458 1852
f 2468 2473 2476
f 2476 2479 2468
f 2479 2476 2480
f 2480 2484 2479
f 2484 2480 2486
f 1868 2475 2471
f 2471 1872 1868
f 1876 1871 2472
f 2472 2470 1876
f 2478 1878 1875
f 1875 2469 2478
f 1879 2477 2483
f 2483 1885 1879
f 1886 1883 2485
f 2485 2487 1886
f 2482 1881 1888
f 1888 2488 2482
f 1870 1880 2481
f 2481 2474 1870
f 2490 2494 2497
f 2497 2499 2490
f 2490 2499 2502
f 2494 2490 2505
f 2505 2508 2494
f 2508 2505 2511
f 2505 2490 2514
f 2514 2516 2505
f 2516 2514 2521
f 2521 2523 2516
f 1894 2496 2493
f 2493 1896 1894
f 1898 1895 2492
f 2492 2507 1898
f 2510 1902 1899
f 1899 2509 2510
f 1890 1901 2512
f 2512 2506 1890
f 2518 1915 1891
f 1891 2504 2518
f 1919 1914 2517
f 2517 2524 1919
f 2520 1922 1921
f 1921 2522 2520
f 1917 1924 2519
f 2519 2513 1917
f 2489 1906 1918
f 1918 2515 2489
f 1912 1905 2491
f 2491 2503 1912
f 2500 1907 1911
f 1911 2501 2500
f 1893 1908 2498
f 2498 2495 1893
f 2526 2529 2531
f 2531 2536 2526
f 2538 2526 2536
f 2536 2542 2538
f 2545 2538 2542
f 2542 2546 2545
f 2550 2545 2546
f 2546 2554 2550
f 1946 2530 2525
f 2525 1949 1946
f 1940 1950 2527
f 2527 2537 1940
f 2544 1926 1941
f 1941 2539 2544
f 1927 2543 2549
f 2549 1929 1927
f 1933 1928 2551
f 2551 2552 1933
f 2548 1934 1932
f 1932 2553 2548
f 1938 1935 2547
f 2547 2540 1938
f 1939 2541 2534
f 2534 1945 1939
f 2533 1952 1943
f 1943 2535 2533
f 1947 1954 2532
f 2532 2528 1947
f 2557 2558 2563
f 2563 2565 2557
f 2557 2565 2568
f 2568 2571 2557
f 2557 2571 2575
f 2568 2565 2576
f 1973 2560 2556
f 2556 1966 1973
f 1955 1965 2555
f 2555 2573 1955
f 1956 2574 2572
f 2572 1959 1956
f 1962 1960 2570
f 2570 2569 1962
f 2577 1971 1961
f 1961 2567 2577
f 1967 1972 2578
f 2578 2564 1967
f 2562 1978 1968
f 1968 2566 2562
f 1974 1977 2561
f 2561 2559 1974
f 2581 2582 2586
f 2586 2588 2581
f 2590 2588 2586
f 2586 2592 2590
f 2590 2592 2594
f 2594 2596 2590
f 2597 2596 2594
f 2594 2599 2597
f 2601 2597 2599
f 2599 2603 2601
f 2606 2601 2603
f 2603 2608 2606
f 2610 2606 2608
f 2608 2612 2610
f 2613 2610 2612
f 2612 2615 2613
f 2618 2615 2612
f 2612 2619 2618
f 2621 2618 2619
f 2619 2625 2621
f 2625 2619 2626
f 2626 2630 2625
f 2630 2626 2632
f 2632 2635 2630
f 2638 2630 2635
f 2635 2639 2638
f 2642 2638 2639
f 2639 2643 2642
f 2645 2643 2639
f 2639 2648 2645
f 2650 2645 2648
f 2648 2652 2650
f 2608 2652 2648
f 2648 2655 2608
f 2657 2655 2648
f 2648 2658 2657
f 2657 2658 2661
f 2661 2662 2657
f 2662 2661 2665
f 2665 2666 2662
f 2666 2665 2669
f 2669 2670 2666
f 2673 2608 2655
f 2655 2674 2673
f 2677 2673 2674
f 2674 2678 2677
f 2681 2677 2678
f 2678 2682 2681
f 2685 2681 2682
f 2682 2686 2685
f 2689 2652 2608
f 2608 2603 2689
f 2625 2630 2582
f 2582 2581 2625
f 1989 1987 2627
f 2627 2620 1989
f 1995 1989 2620
f 2620 2611 1995
f 2002 1995 2611
f 2611 2607 2002
f 2058 2002 2607
f 2607 2672 2058
f 2063 2058 2672
f 2672 2676 2063
f 2680 2066 2063
f 2063 2676 2680
f 2684 2071 2066
f 2066 2680 2684
f 2687 2072 2071
f 2071 2684 2687
f 2683 2069 2072
f 2072 2687 2683
f 2679 2065 2069
f 2069 2683 2679
f 2675 2060 2065
f 2065 2679 2675
f 2057 2060 2675
f 2675 2654 2057
f 2074 2055 2653
f 2653 2656 2074
f 2081 2074 2656
f 2656 2663 2081
f 2667 2084 2081
f 2081 2663 2667
f 2671 2088 2084
f 2084 2667 2671
f 2668 2086 2088
f 2088 2671 2668
f 2664 2083 2086
f 2086 2668 2664
f 2660 2078 2083
f 2083 2664 2660
f 2077 2078 2660
f 2660 2659 2077
f 2012 2077 2659
f 2659 2647 2012
f 2019 2012 2647
f 2647 2640 2019
f 2026 2019 2640
f 2640 2636 2026
f 1984 2026 2636
f 2636 2634 1984
f 1983 2633 2628
f 2628 1986 1983
f 2579 2031 1981
f 1981 2624 2579
f 2037 2032 2580
f 2580 2587 2037
f 2042 2037 2587
f 2587 2589 2042
f 2047 2042 2589
f 2589 2595 2047
f 2050 2047 2595
f 2595 2598 2050
f 2050 2598 2602
f 2602 2053 2050
f 2053 2602 2605
f 2605 2005 2053
f 2005 2605 2609
f 2609 2001 2005
f 2001 2609 2614
f 2614 1999 2001
f 1996 1999 2614
f 2614 2616 1996
f 1992 1996 2616
f 2616 2617 1992
f 1991 1992 2617
f 2617 2622 1991
f 1979 1991 2622
f 2622 2623 1979
f 2629 2030 2034
f 2034 2584 2629
f 2025 2028 2631
f 2631 2637 2025
f 2022 2025 2637
f 2637 2641 2022
f 2020 2022 2641
f 2641 2644 2020
f 2017 2020 2644
f 2644 2646 2017
f 2017 2646 2649
f 2649 2015 2017
f 2015 2649 2651
f 2651 2010 2015
f 2010 2651 2688
f 2688 2009 2010
f 2009 2688 2604
f 2604 2007 2009
f 2007 2604 2600
f 2600 2051 2007
f 2046 2051 2600
f 2600 2593 2046
f 2044 2046 2593
f 2593 2591 2044
f 2040 2044 2591
f 2591 2585 2040
f 2036 2040 2585
f 2585 2583 2036
f 2690 2692 2695
f 2695 2698 2690
f 2700 2698 2695
f 2695 2703 2700
f 2707 2698 2700
f 2700 2709 2707
f 2710 2709 2700
f 2700 2713 2710
f 2710 2713 2715
f 2715 2716 2710
f 2719 2716 2715
f 2715 2720 2719
f 2722 2719 2720
f 2720 2725 2722
f 2726 2725 2720
f 2720 2728 2726
f 2728 2720 2731
f 2731 2732 2728
f 2732 2731 2735
f 2735 2736 2732
f 2736 2735 2739
f 2739 2740 2736
f 2740 2739 2742
f 2745 2722 2725
f 2725 2746 2745
f 2746 2725 2749
f 2749 2750 2746
f 2750 2749 2753
f 2753 2754 2750
f 2757 2754 2753
f 2753 2758 2757
f 2761 2757 2758
f 2758 2762 2761
f 2764 2761 2762
f 2762 2767 2764
f 2767 2762 2769
f 2769 2772 2767
f 2767 2772 2773
f 2773 2776 2767
f 2767 2776 2777
f 2777 2781 2767
f 2697 2154 2162
f 2162 2705 2697
f 2160 2153 2696
f 2696 2694 2160
f 2159 2693 2691
f 2691 2156 2159
f 2156 2691 2699
f 2699 2151 2156
f 2151 2699 2706
f 2706 2150 2151
f 2150 2706 2708
f 2708 2147 2150
f 2140 2147 2708
f 2708 2711 2140
f 2140 2711 2717
f 2717 2138 2140
f 2138 2717 2718
f 2718 2135 2138
f 2135 2718 2723
f 2723 2130 2135
f 2130 2723 2744
f 2744 2129 2130
f 2129 2744 2747
f 2747 2125 2129
f 2121 2125 2747
f 2747 2751 2121
f 2118 2121 2751
f 2751 2755 2118
f 2115 2118 2755
f 2755 2756 2115
f 2110 2115 2756
f 2756 2760 2110
f 2765 2108 2110
f 2110 2760 2765
f 2766 2092 2108
f 2108 2765 2766
f 2094 2090 2768
f 2768 2780 2094
f 2093 2779 2778
f 2778 2097 2093
f 2097 2778 2775
f 2775 2099 2097
f 2099 2775 2774
f 2774 2100 2099
f 2102 2100 2774
f 2774 2771 2102
f 2105 2102 2771
f 2771 2770 2105
f 2107 2105 2770
f 2770 2763 2107
f 2113 2107 2763
f 2763 2759 2113
f 2117 2113 2759
f 2759 2752 2117
f 2122 2117 2752
f 2752 2748 2122
f 2126 2122 2748
f 2748 2724 2126
f 2164 2126 2724
f 2724 2727 2164
f 2167 2164 2727
f 2727 2729 2167
f 2733 2171 2167
f 2167 2729 2733
f 2737 2174 2171
f 2171 2733 2737
f 2741 2179 2174
f 2174 2737 2741
f 2743 2181 2179
f 2179 2741 2743
f 2738 2176 2181
f 2181 2743 2738
f 2734 2172 2176
f 2176 2738 2734
f 2730 2168 2172
f 2172 2734 2730
f 2721 2133 2168
f 2168 2730 2721
f 2714 2136 2133
f 2133 2721 2714
f 2143 2136 2714
f 2714 2712 2143
f 2702 2145 2143
f 2143 2712 2702
f 2161 2144 2701
f 2701 2704 2161
f 2784 2785 2789
f 2789 2790 2784
f 2784 2790 2793
f 2793 2794 2784
f 2784 2794 2797
f 2797 2798 2784
f 2801 2784 2798
f 2798 2802 2801
f 2802 2798 2805
f 2805 2806 2802
f 2806 2805 2809
f 2809 2810 2806
f 2813 2810 2809
f 2809 2814 2813
f 2817 2813 2814
f 2814 2818 2817
f 2821 2817 2818
f 2818 2822 2821
f 2822 2818 2825
f 2825 2826 2822
f 2826 2825 2829
f 2829 2830 2826
f 2833 2830 2829
f 2829 2834 2833
f 2833 2834 2837
f 2837 2839 2833
f 2842 2839 2837
f 2837 2844 2842
f 2844 2837 2845
f 2845 2849 2844
f 2849 2845 2850
f 2845 2837 2853
f 2825 2818 2857
f 2857 2858 2825
f 2861 2825 2858
f 2858 2862 2861
f 2865 2861 2862
f 2862 2866 2865
f 2869 2865 2866
f 2866 2870 2869
f 2869 2870 2872
f 2875 2878 2881
f 2881 2882 2875
f 2885 2882 2881
f 2881 2888 2885
f 2890 2882 2885
f 2885 2893 2890
f 2894 2893 2885
f 2885 2897 2894
f 2894 2897 2898
f 2898 2901 2894
f 2902 2901 2898
f 2898 2905 2902
f 2906 2902 2905
f 2905 2909 2906
f 2910 2909 2905
f 2905 2913 2910
f 2913 2905 2914
f 2914 2917 2913
f 2917 2914 2918
f 2918 2921 2917
f 2921 2918 2922
f 2922 2925 2921
f 2925 2922 2927
f 2928 2906 2909
f 2909 2931 2928
f 2931 2909 2932
f 2932 2935 2931
f 2935 2932 2937
f 2937 2938 2935
f 2941 2938 2937
f 2937 2942 2941
f 2945 2941 2942
f 2942 2946 2945
f 2949 2945 2946
f 2946 2950 2949
f 2950 2946 2953
f 2953 2956 2950
f 2950 2956 2958
f 2958 2959 2950
f 2950 2959 2961
f 2961 2963 2950
f 2880 2846 2854
f 2854 2889 2880
f 2852 2847 2879
f 2879 2876 2852
f 2851 2877 2874
f 2874 2848 2851
f 2848 2874 2883
f 2883 2843 2848
f 2843 2883 2891
f 2891 2841 2843
f 2841 2891 2892
f 2892 2840 2841
f 2832 2840 2892
f 2892 2895 2832
f 2832 2895 2900
f 2900 2831 2832
f 2831 2900 2903
f 2903 2827 2831
f 2827 2903 2907
f 2907 2823 2827
f 2823 2907 2929
f 2929 2820 2823
f 2820 2929 2930
f 2930 2816 2820
f 2812 2816 2930
f 2930 2934 2812
f 2811 2812 2934
f 2934 2939 2811
f 2807 2811 2939
f 2939 2940 2807
f 2803 2807 2940
f 2940 2944 2803
f 2948 2800 2803
f 2803 2944 2948
f 2952 2782 2800
f 2800 2948 2952
f 2787 2783 2951
f 2951 2964 2787
f 2786 2965 2962
f 2962 2788 2786
f 2788 2962 2960
f 2960 2791 2788
f 2791 2960 2957
f 2957 2792 2791
f 2795 2792 2957
f 2957 2955 2795
f 2796 2795 2955
f 2955 2954 2796
f 2799 2796 2954
f 2954 2947 2799
f 2804 2799 2947
f 2947 2943 2804
f 2808 2804 2943
f 2943 2936 2808
f 2815 2808 2936
f 2936 2933 2815
f 2819 2815 2933
f 2933 2908 2819
f 2856 2819 2908
f 2908 2911 2856
f 2859 2856 2911
f 2911 2912 2859
f 2916 2863 2859
f 2859 2912 2916
f 2920 2867 2863
f 2863 2916 2920
f 2924 2871 2867
f 2867 2920 2924
f 2926 2873 2871
f 2871 2924 2926
f 2923 2868 2873
f 2873 2926 2923
f 2919 2864 2868
f 2868 2923 2919
f 2915 2860 2864
f 2864 2919 2915
f 2904 2824 2860
f 2860 2915 2904
f 2899 2828 2824
f 2824 2904 2899
f 2835 2828 2899
f 2899 2896 2835
f 2886 2836 2835
f 2835 2896 2886
f 2855 2838 2884
f 2884 2887 2855
f 2967 2969 2970
f 2970 2972 2967
f 2972 2970 2974
f 2974 2977 2972
f 2977 2974 2978
f 2978 2981 2977
f 2982 2981 2978
f 2978 2985 2982
f 2986 2982 2985
f 2985 2989 2986
f 2990 2989 2985
f 2985 2992 2990
f 2995 2990 2992
f 2992 2996 2995
f 2996 2992 2998
f 2998 3001 2996
f 3002 3001 2998
f 2998 3005 3002
f 3006 3002 3005
f 3005 3009 3006
f 3010 3006 3009
f 3009 3014 3010
f 3014 3009 3016
f 3016 3019 3014
f 3019 3016 3020
f 3020 3023 3019
f 3019 3023 3024
f 3024 3027 3019
f 2986 2989 3029
f 3029 3031 2986
f 3031 3029 3032
f 3032 3035 3031
f 3031 3035 3036
f 3036 3039 3031
f 3039 3036 3041
f 3041 3043 3039
f 3045 3043 3041
f 3041 3046 3045
f 3049 3045 3046
f 3046 3050 3049
f 3053 3050 3046
f 3046 3054 3053
f 3054 3046 3057
f 3057 3058 3054
f 3058 3057 3061
f 3061 3062 3058
f 3062 3061 3065
f 3065 3066 3062
f 3069 3050 3053
f 3053 3071 3069
f 3071 3053 3073
f 3073 3075 3071
f 3077 3075 3073
f 3073 3078 3077
f 3080 3077 3078
f 3078 3083 3080
f 3085 3080 3083
f 3083 3087 3085
f 3089 3085 3087
f 3087 3090 3089
f 3090 3087 3094
f 3094 3096 3090
f 3090 3096 3097
f 3097 3099 3090
f 3090 3099 3101
f 3101 3105 3090
f 3107 3109 3113
f 3113 3116 3107
f 3119 3116 3113
f 3113 3121 3119
f 3121 3113 3126
f 3126 3128 3121
f 3128 3126 3132
f 3132 3133 3128
f 3133 3132 3137
f 3119 3128 3133
f 3133 3116 3119
f 3140 3144 3147
f 3147 3148 3140
f 3152 3140 3148
f 3148 3156 3152
f 3158 3152 3156
f 3156 3160 3158
f 3164 3158 3160
f 3160 3167 3164
f 3171 3164 3167
f 3167 3172 3171
f 3177 3144 3140
f 3178 3181 3184
f 3184 3188 3178
f 3189 3178 3188
f 3188 3191 3189
f 3191 3188 3193
f 3193 3196 3191
f 3196 3193 3198
f 3198 3199 3196
f 3202 3199 3198
f 3198 3204 3202
f 3204 3198 3206
f 3206 3207 3204
f 3207 3206 3209
f 3209 3212 3207
f 3213 3212 3209
f 3209 3215 3213
f 3215 3209 3218
f 3218 3220 3215
f 3220 3218 3221
f 3221 3223 3220
f 3223 3221 3225
f 3225 3228 3223
f 3228 3225 3232
f 3232 3178 3228
f 3178 3232 3181
f 3206 3198 3234
f 3234 3237 3206
f 3237 3234 3238
f 3238 3241 3237
f 3242 3241 3238
f 3238 3245 3242
f 3246 3242 3245
f 3245 3249 3246
f 3246 3249 3250
f 3250 3253 3246
f 3256 3257 3260
f 3260 3263 3256
f 3268 3256 3263
f 3263 3269 3268
f 3272 3275 3280
f 3280 3281 3272
f 3272 3281 3284
f 3275 3272 3287
f 3287 3291 3275
f 3291 3287 3294
f 3287 3272 3298
f 3298 3300 3287
f 3300 3298 3304
f 3304 3306 3300
f 3308 3312 3314
f 3314 3317 3308
f 3308 3317 3319
f 3319 3321 3308
f 3308 3321 3322
f 3322 3325 3308
f 3327 3308 3325
f 3325 3329 3327
f 3329 3325 3331
f 3331 3333 3329
f 3333 3331 3334
f 3334 3336 3333
f 3336 3334 3339
f 3339 3341 3336
f 3342 3341 3339
f 3339 3345 3342
f 3346 3342 3345
f 3345 3349 3346
f 3349 3345 3350
f 3350 3352 3349
f 3355 3352 3350
f 3350 3357 3355
f 3358 3355 3357
f 3357 3361 3358
f 3361 3357 3363
f 3363 3364 3361
f 3364 3363 3366
f 3366 3368 3364
f 3364 3368 3371
f 3371 3373 3364
f 3373 3371 3375
f 3375 3376 3373
f 3378 3373 3376
f 3376 3380 3378
f 3382 3378 3380
f 3380 3384 3382
f 3384 3380 3387
f 3387 3388 3384
f 3388 3387 3391
f 3391 3393 3388
f 3393 3391 3394
f 3376 3375 3396
f 3396 3399 3376
f 3399 3396 3400
f 3400 3402 3399
f 3405 3399 3402
f 3402 3407 3405
f 3405 3407 3409
f 3409 3411 3405
f 3411 3409 3412
f 3412 3415 3411
f 3415 3412 3416
f 3416 3419 3415
f 3421 3415 3419
f 3419 3424 3421
f 3427 3421 3424
f 3424 3428 3427
f 3431 3428 3424
f 3424 3432 3431
f 3350 3345 3435
f 3435 3436 3350
f 3436 3435 3438
f 3438 3441 3436
f 3441 3438 3442
f 3442 3444 3441
f 3444 3442 3446
f 3091 3104 3313
f 3313 3310 3091
f 3326 3088 3092
f 3092 3309 3326
f 3328 3084 3088
f 3088 3326 3328
f 3081 3084 3328
f 3328 3332 3081
f 3076 3081 3332
f 3332 3337 3076
f 3074 3076 3337
f 3337 3340 3074
f 3070 3074 3340
f 3340 3343 3070
f 3070 3343 3347
f 3347 3068 3070
f 3068 3347 3348
f 3348 3051 3068
f 3051 3348 3353
f 3353 3048 3051
f 3048 3353 3354
f 3354 3044 3048
f 3042 3044 3354
f 3354 3359 3042
f 3038 3042 3359
f 3359 3360 3038
f 3030 3038 3360
f 3360 3365 3030
f 2987 3030 3365
f 3365 3372 2987
f 2983 2987 3372
f 3372 3379 2983
f 2980 2983 3379
f 3379 3383 2980
f 2980 3383 3385
f 3385 2976 2980
f 2976 3385 3389
f 3389 2973 2976
f 2973 3389 3392
f 3392 2966 2973
f 2966 3392 3395
f 3395 2968 2966
f 2968 3395 3390
f 3390 2971 2968
f 2971 3390 3386
f 3386 2975 2971
f 2975 3386 3381
f 3381 2979 2975
f 2984 2979 3381
f 3381 3377 2984
f 2993 2984 3377
f 3377 3398 2993
f 2999 2993 3398
f 3398 3404 2999
f 3004 2999 3404
f 3404 3410 3004
f 3008 3004 3410
f 3410 3414 3008
f 3015 3008 3414
f 3414 3422 3015
f 3021 3015 3422
f 3422 3426 3021
f 3429 3022 3021
f 3021 3426 3429
f 3430 3025 3022
f 3022 3429 3430
f 3433 3026 3025
f 3025 3430 3433
f 3425 3018 3026
f 3026 3433 3425
f 3012 3017 3423
f 3423 3420 3012
f 3013 3418 3417
f 3417 3011 3013
f 3011 3417 3413
f 3413 3007 3011
f 3003 3007 3413
f 3413 3408 3003
f 3000 3003 3408
f 3408 3406 3000
f 2997 3000 3406
f 3406 3403 2997
f 2994 2997 3403
f 3403 3401 2994
f 3397 2991 2994
f 2994 3401 3397
f 3374 2988 2991
f 2991 3397 3374
f 3370 3028 2988
f 2988 3374 3370
f 3369 3033 3028
f 3028 3370 3369
f 3034 3033 3369
f 3369 3367 3034
f 3037 3034 3367
f 3367 3362 3037
f 3040 3037 3362
f 3362 3356 3040
f 3047 3040 3356
f 3356 3351 3047
f 3056 3047 3351
f 3351 3437 3056
f 3440 3060 3056
f 3056 3437 3440
f 3445 3064 3060
f 3060 3440 3445
f 3447 3067 3064
f 3064 3445 3447
f 3443 3063 3067
f 3067 3447 3443
f 3439 3059 3063
f 3063 3443 3439
f 3434 3055 3059
f 3059 3439 3434
f 3052 3055 3434
f 3434 3344 3052
f 3072 3052 3344
f 3344 3338 3072
f 3079 3072 3338
f 3338 3335 3079
f 3082 3079 3335
f 3335 3330 3082
f 3086 3082 3330
f 3330 3324 3086
f 3093 3086 3324
f 3324 3323 3093
f 3095 3093 3323
f 3323 3320 3095
f 3095 3320 3318
f 3318 3098 3095
f 3098 3318 3316
f 3316 3100 3098
f 3100 3316 3315
f 3315 3102 3100
f 3102 3315 3311
f 3311 3103 3102
f 3449 3451 3455
f 3455 3459 3449
f 3459 3455 3461
f 3461 3465 3459
f 3467 3459 3465
f 3465 3470 3467
f 3449 3467 3470
f 3470 3451 3449
f 3474 3451 3470
f 3470 3476 3474
f 3461 3455 3480
f 3138 3130 3460
f 3460 3478 3138
f 3136 3479 3454
f 3454 3134 3136
f 3117 3135 3456
f 3456 3452 3117
f 3472 3106 3115
f 3115 3453 3472
f 3111 3108 3473
f 3473 3477 3111
f 3110 3475 3471
f 3471 3114 3110
f 3124 3112 3469
f 3469 3463 3124
f 3462 3131 3125
f 3125 3464 3462
f 3129 3457 3468
f 3468 3123 3129
f 3448 3120 3122
f 3122 3466 3448
f 3127 3118 3450
f 3450 3458 3127
f 3483 3484 3489
f 3489 3490 3483
f 3483 3490 3495
f 3495 3496 3483
f 3496 3495 3501
f 3501 3502 3496
f 3502 3501 3505
f 3505 3509 3502
f 3509 3505 3513
f 3513 3516 3509
f 3516 3513 3518
f 3143 3519 3512
f 3512 3146 3143
f 3149 3145 3511
f 3511 3507 3149
f 3500 3154 3150
f 3150 3506 3500
f 3155 3499 3494
f 3494 3162 3155
f 3168 3161 3493
f 3493 3492 3168
f 3488 3174 3166
f 3166 3491 3488
f 3170 3173 3487
f 3487 3486 3170
f 3169 3485 3481
f 3481 3165 3169
f 3497 3157 3163
f 3163 3482 3497
f 3151 3159 3498
f 3498 3503 3151
f 3153 3504 3510
f 3510 3139 3153
f 3515 3175 3141
f 3141 3508 3515
f 3142 3176 3514
f 3514 3517 3142
f 3521 3525 3526
f 3526 3529 3521
f 3530 3529 3526
f 3526 3533 3530
f 3534 3530 3533
f 3533 3537 3534
f 3538 3534 3537
f 3537 3541 3538
f 3542 3541 3537
f 3537 3545 3542
f 3546 3542 3545
f 3545 3548 3546
f 3551 3548 3545
f 3545 3552 3551
f 3555 3551 3552
f 3552 3557 3555
f 3555 3557 3559
f 3559 3561 3555
f 3561 3559 3563
f 3563 3564 3561
f 3567 3564 3563
f 3563 3569 3567
f 3570 3546 3548
f 3548 3573 3570
f 3574 3573 3548
f 3548 3576 3574
f 3579 3574 3576
f 3576 3580 3579
f 3582 3579 3580
f 3580 3585 3582
f 3585 3580 3587
f 3587 3591 3585
f 3591 3587 3594
f 3585 3591 3525
f 3525 3521 3585
f 3182 3593 3589
f 3589 3186 3182
f 3187 3185 3588
f 3588 3581 3187
f 3194 3187 3581
f 3581 3577 3194
f 3197 3194 3577
f 3577 3549 3197
f 3235 3197 3549
f 3549 3550 3235
f 3239 3235 3550
f 3550 3554 3239
f 3560 3244 3239
f 3239 3554 3560
f 3565 3248 3244
f 3244 3560 3565
f 3566 3251 3248
f 3248 3565 3566
f 3568 3252 3251
f 3251 3566 3568
f 3562 3247 3252
f 3252 3568 3562
f 3558 3243 3247
f 3247 3562 3558
f 3556 3240 3243
f 3243 3558 3556
f 3236 3240 3556
f 3556 3553 3236
f 3205 3236 3553
f 3553 3544 3205
f 3210 3205 3544
f 3544 3536 3210
f 3217 3210 3536
f 3536 3532 3217
f 3222 3217 3532
f 3532 3527 3222
f 3226 3222 3527
f 3527 3524 3226
f 3590 3231 3227
f 3227 3523 3590
f 3183 3233 3592
f 3592 3595 3183
f 3522 3230 3179
f 3179 3586 3522
f 3224 3229 3520
f 3520 3528 3224
f 3219 3224 3528
f 3528 3531 3219
f 3216 3219 3531
f 3531 3535 3216
f 3214 3216 3535
f 3535 3539 3214
f 3214 3539 3540
f 3540 3211 3214
f 3211 3540 3543
f 3543 3208 3211
f 3208 3543 3547
f 3547 3203 3208
f 3203 3547 3571
f 3571 3201 3203
f 3201 3571 3572
f 3572 3200 3201
f 3195 3200 3572
f 3572 3575 3195
f 3192 3195 3575
f 3575 3578 3192
f 3190 3192 3578
f 3578 3583 3190
f 3180 3190 3583
f 3583 3584 3180
f 3597 3600 3604
f 3604 3606 3597
f 3597 3606 3610
f 3612 3600 3597
f 3254 3602 3601
f 3601 3258 3254
f 3262 3259 3599
f 3599 3613 3262
f 3598 3265 3261
f 3261 3611 3598
f 3270 3264 3596
f 3596 3609 3270
f 3605 3266 3271
f 3271 3608 3605
f 3255 3267 3607
f 3607 3603 3255
f 3616 3617 3621
f 3621 3624 3616
f 3616 3624 3626
f 3617 3616 3631
f 3631 3633 3617
f 3633 3631 3636
f 3631 3616 3640
f 3640 3641 3631
f 3641 3640 3644
f 3644 3649 3641
f 3277 3620 3619
f 3619 3278 3277
f 3282 3279 3618
f 3618 3632 3282
f 3637 3286 3283
f 3283 3634 3637
f 3274 3285 3635
f 3635 3629 3274
f 3642 3297 3273
f 3273 3630 3642
f 3302 3296 3643
f 3643 3647 3302
f 3646 3305 3303
f 3303 3648 3646
f 3301 3307 3645
f 3645 3639 3301
f 3615 3289 3299
f 3299 3638 3615
f 3293 3288 3614
f 3614 3627 3293
f 3623 3292 3295
f 3295 3628 3623
f 3276 3290 3625
f 3625 3622 3276
f 3652 3653 3657
f 3657 3658 3652
f 3660 3658 3657
f 3657 3663 3660
f 3665 3660 3663
f 3663 3666 3665
f 3668 3665 3666
f 3666 3673 3668
f 3674 3668 3673
f 3673 3679 3674
f 3679 3673 3682
f 3684 3686 3691
f 3691 3693 3684
f 3693 3691 3696
f 3684 3693 3698
f 3698 3701 3684
f 3701 3698 3702
f 3702 3705 3701
f 3705 3702 3706
f 3706 3709 3705
f 3709 3706 3711
f 3711 3713 3709
f 3675 3678 3690
f 3690 3687 3675
f 3676 3688 3683
f 3683 3669 3676
f 3664 3670 3685
f 3685 3700 3664
f 3661 3664 3700
f 3700 3704 3661
f 3659 3661 3704
f 3704 3708 3659
f 3650 3659 3708
f 3708 3714 3650
f 3651 3715 3710
f 3710 3654 3651
f 3656 3655 3712
f 3712 3707 3656
f 3662 3656 3707
f 3707 3703 3662
f 3662 3703 3699
f 3699 3667 3662
f 3667 3699 3694
f 3694 3672 3667
f 3681 3671 3692
f 3692 3697 3681
f 3689 3677 3680
f 3680 3695 3689
f 3724 3727 3718
f 3718 3720 3724
f 3729 3723 3721
f 3721 3716 3729
f 3730 3728 3725
f 3725 3722 3730
f 3726 3731 3717
f 3717 3719 3726
f 3734 3736 3739
f 3739 3742 3734
f 3746 3742 3739
f 3739 3747 3746
f 3747 3739 3752
f 3752 3754 3747
f 3754 3752 3757
f 3757 3760 3754
f 3760 3757 3763
f 3746 3754 3760
f 3760 3742 3746
f 3767 3769 3772
f 3772 3774 3767
f 3779 3781 3784
f 3784 3786 3779
f 3791 3794 3797
f 3797 3800 3791
f 3801 3804 3805
f 3805 3808 3801
f 3808 3805 3809
f 3809 3811 3808
f 3811 3809 3814
f 3814 3815 3811
f 3815 3814 3818
f 3818 3819 3815
f 3819 3818 3822
f 3822 3823 3819
f 3823 3822 3826
f 3826 3827 3823
f 3829 3827 3826
f 3826 3832 3829
f 3833 3829 3832
f 3832 3836 3833
f 3837 3836 3832
f 3832 3840 3837
f 3841 3837 3840
f 3840 3844 3841
f 3846 3841 3844
f 3844 3847 3846
f 3850 3846 3847
f 3847 3851 3850
f 3853 3850 3851
f 3851 3855 3853
f 3859 3853 3855
f 3855 3861 3859
f 3863 3861 3855
f 3855 3864 3863
f 3867 3864 3855
f 3855 3870 3867
f 3872 3864 3867
f 3867 3875 3872
f 3877 3875 3867
f 3867 3879 3877
f 3879 3867 3880
f 3882 3861 3863
f 3863 3885 3882
f 3886 3885 3863
f 3863 3889 3886
f 3889 3863 3890
f 3890 3893 3889
f 3893 3890 3894
f 3894 3897 3893
f 3898 3897 3894
f 3894 3901 3898
f 3902 3898 3901
f 3901 3905 3902
f 3906 3905 3901
f 3901 3909 3906
f 3906 3909 3911
f 3911 3914 3906
f 3906 3914 3915
f 3915 3918 3906
f 3906 3918 3920
f 3920 3921 3906
f 3921 3920 3925
f 3861 3882 3926
f 3926 3930 3861
f 3932 3930 3926
f 3926 3934 3932
f 3934 3926 3935
f 3935 3938 3934
f 3939 3934 3938
f 3938 3942 3939
f 3944 3939 3942
f 3942 3945 3944
f 3947 3944 3945
f 3945 3950 3947
f 3950 3945 3952
f 3952 3953 3950
f 3955 3953 3952
f 3952 3827 3955
f 3823 3827 3952
f 3958 3960 3961
f 3961 3964 3958
f 3967 3958 3964
f 3964 3968 3967
f 3971 3968 3964
f 3964 3972 3971
f 3975 3971 3972
f 3972 3976 3975
f 3978 3975 3976
f 3976 3981 3978
f 3982 3978 3981
f 3981 3985 3982
f 3986 3985 3981
f 3981 3989 3986
f 3990 3986 3989
f 3989 3993 3990
f 3994 3993 3989
f 3989 3998 3994
f 4000 3998 3989
f 3989 4003 4000
f 4000 4003 4005
f 4005 4006 4000
f 4000 4006 4009
f 4009 4010 4000
f 4000 4010 4012
f 3961 3960 4014
f 4014 4019 3961
f 4022 3961 4019
f 4019 4023 4022
f 4026 4031 4033
f 4033 4035 4026
f 4040 4026 4035
f 4035 4042 4040
f 4046 4040 4042
f 4042 4047 4046
f 4051 4046 4047
f 4047 4054 4051
f 4058 4051 4054
f 4054 4059 4058
f 4062 4031 4026
f 4066 4068 4070
f 4070 4071 4066
f 4073 4066 4071
f 4071 4075 4073
f 4078 4073 4075
f 4075 4079 4078
f 4081 4078 4079
f 4079 4083 4081
f 4085 4083 4079
f 4079 4087 4085
f 4090 4085 4087
f 4087 4091 4090
f 4093 4091 4087
f 4087 4095 4093
f 4098 4093 4095
f 4095 4100 4098
f 4101 4098 4100
f 4100 4103 4101
f 4106 4103 4100
f 4100 4107 4106
f 4110 4106 4107
f 4107 4111 4110
f 4111 4107 4114
f 4114 4115 4111
f 4117 4115 4114
f 4114 4120 4117
f 4120 4114 4121
f 4121 4124 4120
f 4124 4121 4126
f 4126 4127 4124
f 4127 4126 4129
f 4129 4132 4127
f 4132 4129 4134
f 4134 4135 4132
f 4137 4115 4117
f 4117 4140 4137
f 4140 4117 4142
f 4142 4143 4140
f 4143 4142 4146
f 4146 4148 4143
f 4149 4148 4146
f 4146 4151 4149
f 4153 4149 4151
f 4151 4156 4153
f 4156 4151 4157
f 4157 4159 4156
f 4162 4159 4157
f 4157 4164 4162
f 4164 4157 4081
f 4081 4083 4164
f 4167 4170 4172
f 4172 4174 4167
f 4176 4174 4172
f 4172 4180 4176
f 4180 4172 4184
f 4185 4174 4176
f 4176 4188 4185
f 4188 4176 4190
f 4190 4192 4188
f 4192 4190 4193
f 4193 4195 4192
f 4195 4193 4197
f 4197 4199 4195
f 4202 4199 4197
f 4197 4204 4202
f 4205 4202 4204
f 4204 4207 4205
f 4207 4204 4209
f 4209 4212 4207
f 4213 4212 4209
f 4209 4215 4213
f 4218 4213 4215
f 4215 4219 4218
f 4219 4215 4221
f 4221 4223 4219
f 4223 4221 4225
f 4225 4228 4223
f 4228 4225 4230
f 4230 4232 4228
f 4232 4230 4233
f 4233 4235 4232
f 4235 4233 4238
f 4238 4239 4235
f 4239 4238 4242
f 4244 4218 4219
f 4219 4245 4244
f 4247 4244 4245
f 4245 4250 4247
f 4251 4250 4245
f 4245 4253 4251
f 4256 4251 4253
f 4253 4257 4256
f 4259 4256 4257
f 4257 4262 4259
f 4259 4262 4264
f 4264 4265 4259
f 4265 4264 4167
f 4167 4268 4265
f 4269 4268 4167
f 4167 4174 4269
f 4272 4273 4276
f 4276 4277 4272
f 4277 4276 4279
f 4279 4281 4277
f 4281 4279 4284
f 4284 4286 4281
f 4286 4284 4287
f 4287 4289 4286
f 4289 4287 4291
f 4291 4293 4289
f 4293 4291 4296
f 4296 4298 4293
f 4301 4298 4296
f 4296 4303 4301
f 4303 4296 4306
f 4306 4307 4303
f 4310 4307 4306
f 4306 4312 4310
f 4314 4310 4312
f 4312 4315 4314
f 4317 4314 4315
f 4315 4319 4317
f 4319 4315 4322
f 4322 4323 4319
f 4327 4323 4322
f 4322 4328 4327
f 4327 4328 4331
f 4331 4301 4327
f 4301 4331 4298
f 4331 4328 4334
f 4334 4335 4331
f 4331 4335 4338
f 4338 4339 4331
f 4293 4298 4342
f 4342 4344 4293
f 4344 4342 4345
f 4345 4348 4344
f 4349 4344 4348
f 4348 4351 4349
f 4353 4349 4351
f 4351 4356 4353
f 4353 4356 4357
f 4357 4359 4353
f 4353 4359 4362
f 4362 4365 4353
f 4365 4362 4368
f 4368 4370 4365
f 4371 4370 4368
f 4368 4373 4371
f 4375 4379 4383
f 4383 4386 4375
f 4387 4392 4394
f 4394 4398 4387
f 4398 4394 4401
f 4401 4402 4398
f 4406 4398 4402
f 4402 4410 4406
f 4387 4406 4410
f 4410 4392 4387
f 4411 4392 4410
f 4410 4414 4411
f 4401 4394 4417
f 3764 3756 4400
f 4400 4418 3764
f 3762 4419 4395
f 4395 3761 3762
f 3743 3759 4393
f 4393 4391 3743
f 4413 3732 3741
f 3741 4390 4413
f 3735 3733 4412
f 4412 4415 3735
f 3737 4416 4409
f 4409 3738 3737
f 3751 3740 4408
f 4408 4404 3751
f 4399 3758 3750
f 3750 4403 4399
f 3755 4396 4405
f 4405 3748 3755
f 4388 3745 3749
f 3749 4407 4388
f 3753 3744 4389
f 4389 4397 3753
f 4420 4425 4428
f 4428 4430 4420
f 3766 4423 4422
f 4422 3768 3766
f 3773 3770 4421
f 4421 4431 3773
f 4426 3776 3771
f 3771 4429 4426
f 3765 3775 4427
f 4427 4424 3765
f 4433 4435 4439
f 4439 4443 4433
f 3777 4436 4434
f 4434 3780 3777
f 3783 3782 4432
f 4432 4442 3783
f 4440 3787 3785
f 3785 4441 4440
f 3778 3788 4438
f 4438 4437 3778
f 4445 4448 4452
f 4452 4455 4445
f 3789 4447 4446
f 4446 3793 3789
f 3795 3792 4444
f 4444 4453 3795
f 4450 3799 3796
f 3796 4454 4450
f 3790 3798 4451
f 4451 4449 3790
f 4458 4459 4461
f 4461 4463 4458
f 4463 4461 4467
f 4467 4468 4463
f 4463 4468 4470
f 4470 4472 4463
f 4463 4472 4475
f 4475 4477 4463
f 4479 4463 4477
f 4477 4481 4479
f 4482 4481 4477
f 4477 4484 4482
f 4487 4482 4484
f 4484 4489 4487
f 4489 4484 4490
f 4490 4493 4489
f 4493 4490 4495
f 4495 4497 4493
f 4499 4497 4495
f 4495 4500 4499
f 4504 4500 4495
f 4495 4505 4504
f 4505 4495 4507
f 4507 4510 4505
f 4513 4510 4507
f 4507 4514 4513
f 4517 4513 4514
f 4514 4518 4517
f 4520 4517 4518
f 4518 4523 4520
f 4524 4520 4523
f 4523 4527 4524
f 4528 4524 4527
f 4527 4530 4528
f 4533 4528 4530
f 4530 4534 4533
f 4537 4534 4530
f 4530 4539 4537
f 4540 4537 4539
f 4539 4542 4540
f 4542 4539 4545
f 4545 4547 4542
f 4547 4545 4549
f 4549 4551 4547
f 4551 4549 4552
f 4552 4555 4551
f 4555 4552 4556
f 4556 4558 4555
f 4558 4556 4561
f 4561 4563 4558
f 4563 4561 4564
f 4540 4542 4567
f 4567 4568 4540
f 4570 4568 4567
f 4567 4573 4570
f 4573 4567 4575
f 4575 4576 4573
f 4578 4576 4575
f 4575 4580 4578
f 4583 4578 4580
f 4580 4585 4583
f 4587 4583 4585
f 4585 4588 4587
f 4587 4588 4504
f 4504 4590 4587
f 4592 4590 4504
f 4504 4505 4592
f 4507 4495 4595
f 4595 4596 4507
f 4600 4596 4595
f 4595 4602 4600
f 4600 4602 4605
f 4605 4606 4600
f 4600 4606 4609
f 4609 4610 4600
f 3907 3922 4457
f 4457 4464 3907
f 4478 3904 3908
f 3908 4465 4478
f 4480 3903 3904
f 3904 4478 4480
f 3899 3903 4480
f 4480 4483 3899
f 3896 3899 4483
f 4483 4486 3896
f 3892 3896 4486
f 4486 4488 3892
f 3888 3892 4488
f 4488 4492 3888
f 3887 3888 4492
f 4492 4496 3887
f 3887 4496 4498
f 4498 3884 3887
f 3884 4498 4501
f 4501 3883 3884
f 3883 4501 4502
f 4502 3927 3883
f 4589 3936 3928
f 3928 4503 4589
f 3937 3936 4589
f 4589 4584 3937
f 3941 3937 4584
f 4584 4581 3941
f 3946 3941 4581
f 4581 4574 3946
f 3951 3946 4574
f 4574 4566 3951
f 3824 3951 4566
f 4566 4543 3824
f 3820 3824 4543
f 4543 4546 3820
f 3820 4546 4550
f 4550 3816 3820
f 3816 4550 4554
f 4554 3812 3816
f 3812 4554 4559
f 4559 3807 3812
f 3807 4559 4562
f 4562 3802 3807
f 3802 4562 4565
f 4565 3803 3802
f 3803 4565 4560
f 4560 3806 3803
f 3806 4560 4557
f 4557 3810 3806
f 3810 4557 4553
f 4553 3813 3810
f 3813 4553 4548
f 4548 3817 3813
f 3821 3817 4548
f 4548 4544 3821
f 3825 3821 4544
f 4544 4538 3825
f 3831 3825 4538
f 4538 4531 3831
f 3839 3831 4531
f 4531 4526 3839
f 3843 3839 4526
f 4526 4522 3843
f 3848 3843 4522
f 4522 4519 3848
f 3852 3848 4519
f 4519 4515 3852
f 4508 3856 3852
f 3852 4515 4508
f 3857 4509 4598
f 4598 3871 3857
f 3868 3869 4597
f 4597 4601 3868
f 4611 3881 3866
f 3866 4599 4611
f 4608 3878 3881
f 3881 4611 4608
f 4607 3876 3878
f 3878 4608 4607
f 4604 3874 3876
f 3876 4607 4604
f 4603 3873 3874
f 3874 4604 4603
f 3865 3873 4603
f 4603 4594 3865
f 3862 3865 4594
f 4594 4494 3862
f 3891 3862 4494
f 4494 4491 3891
f 3895 3891 4491
f 4491 4485 3895
f 3900 3895 4485
f 4485 4476 3900
f 3910 3900 4476
f 4476 4474 3910
f 3912 3910 4474
f 4474 4473 3912
f 3913 3912 4473
f 4473 4471 3913
f 3916 3913 4471
f 4471 4469 3916
f 3916 4469 4466
f 4466 3917 3916
f 3917 4466 4462
f 4462 3919 3917
f 3919 4462 4460
f 4460 3924 3919
f 3924 4460 4456
f 4456 3923 3924
f 4569 3956 3828
f 3828 4541 4569
f 4571 3954 3956
f 3956 4569 4571
f 4572 3949 3954
f 3954 4571 4572
f 3948 3949 4572
f 4572 4577 3948
f 3943 3948 4577
f 4577 4579 3943
f 3940 3943 4579
f 4579 4582 3940
f 3933 3940 4582
f 4582 4586 3933
f 3933 4586 4591
f 4591 3931 3933
f 3931 4591 4593
f 4593 3929 3931
f 3929 4593 4506
f 4506 3860 3929
f 3860 4506 4511
f 4511 3858 3860
f 3858 4511 4512
f 4512 3854 3858
f 3854 4512 4516
f 4516 3849 3854
f 3845 3849 4516
f 4516 4521 3845
f 3842 3845 4521
f 4521 4525 3842
f 3838 3842 4525
f 4525 4529 3838
f 3835 3838 4529
f 4529 4532 3835
f 4535 3834 3835
f 3835 4532 4535
f 4536 3830 3834
f 3834 4535 4536
f 4541 3828 3830
f 3830 4536 4541
f 4612 4616 4618
f 4618 4620 4612
f 4623 4620 4618
f 4618 4624 4623
f 4627 4624 4618
f 4618 4628 4627
f 4631 4628 4618
f 4618 4632 4631
f 4634 4612 4620
f 4620 4637 4634
f 4638 4637 4620
f 4620 4640 4638
f 4643 4638 4640
f 4640 4644 4643
f 4647 4644 4640
f 4640 4648 4647
f 4650 4647 4648
f 4648 4652 4650
f 4655 4650 4652
f 4652 4657 4655
f 4658 4655 4657
f 4657 4661 4658
f 4662 4661 4657
f 4657 4665 4662
f 4667 4662 4665
f 4665 4670 4667
f 4670 4665 4672
f 4672 4675 4670
f 4680 4672 4665
f 3997 3999 4619
f 4619 4614 3997
f 3996 4615 4613
f 4613 3995 3996
f 3995 4613 4635
f 4635 3992 3995
f 3992 4635 4636
f 4636 3991 3992
f 3991 4636 4639
f 4639 3987 3991
f 3984 3987 4639
f 4639 4642 3984
f 3983 3984 4642
f 4642 4645 3983
f 3979 3983 4645
f 4645 4646 3979
f 3974 3979 4646
f 4646 4651 3974
f 3970 3974 4651
f 4651 4654 3970
f 3969 3970 4654
f 4654 4659 3969
f 4660 3966 3969
f 3969 4659 4660
f 4663 3957 3966
f 3966 4660 4663
f 4668 3959 3957
f 3957 4663 4668
f 4669 4015 3959
f 3959 4668 4669
f 4018 4016 4671
f 4671 4676 4018
f 4017 4677 4674
f 4674 4025 4017
f 4021 4024 4673
f 4673 4678 4021
f 4666 3963 4020
f 4020 4679 4666
f 3962 4664 4656
f 4656 3965 3962
f 3973 3965 4656
f 4656 4653 3973
f 3977 3973 4653
f 4653 4649 3977
f 3980 3977 4649
f 4649 4641 3980
f 3988 3980 4641
f 4641 4621 3988
f 4002 3988 4621
f 4621 4622 4002
f 4004 4002 4622
f 4622 4625 4004
f 4007 4004 4625
f 4625 4626 4007
f 4629 4008 4007
f 4007 4626 4629
f 4630 4011 4008
f 4008 4629 4630
f 4633 4013 4011
f 4011 4630 4633
f 4617 4001 4013
f 4013 4633 4617
f 4681 4686 4688
f 4688 4690 4681
f 4681 4690 4695
f 4695 4696 4681
f 4696 4695 4701
f 4701 4702 4696
f 4702 4701 4705
f 4705 4708 4702
f 4708 4705 4711
f 4711 4714 4708
f 4714 4711 4719
f 4029 4717 4713
f 4713 4032 4029
f 4037 4034 4712
f 4712 4707 4037
f 4700 4041 4036
f 4036 4706 4700
f 4043 4699 4694
f 4694 4048 4043
f 4055 4049 4693
f 4693 4692 4055
f 4687 4060 4053
f 4053 4691 4687
f 4057 4061 4689
f 4689 4684 4057
f 4056 4685 4682
f 4682 4050 4056
f 4697 4044 4052
f 4052 4683 4697
f 4039 4045 4698
f 4698 4703 4039
f 4038 4704 4709
f 4709 4028 4038
f 4715 4063 4027
f 4027 4710 4715
f 4030 4064 4716
f 4716 4718 4030
f 4720 4723 4724
f 4724 4726 4720
f 4729 4720 4726
f 4726 4730 4729
f 4733 4730 4726
f 4726 4735 4733
f 4737 4733 4735
f 4735 4738 4737
f 4738 4735 4740
f 4740 4743 4738
f 4744 4743 4740
f 4740 4747 4744
f 4749 4744 4747
f 4747 4750 4749
f 4752 4749 4750
f 4750 4755 4752
f 4755 4750 4757
f 4757 4759 4755
f 4759 4757 4760
f 4760 4763 4759
f 4764 4763 4760
f 4760 4767 4764
f 4768 4764 4767
f 4767 4770 4768
f 4773 4770 4767
f 4767 4774 4773
f 4776 4773 4774
f 4774 4779 4776
f 4780 4776 4779
f 4779 4782 4780
f 4785 4782 4779
f 4779 4786 4785
f 4723 4785 4786
f 4786 4724 4723
f 4788 4724 4786
f 4786 4790 4788
f 4788 4790 4792
f 4792 4795 4788
f 4795 4792 4796
f 4796 4798 4795
f 4798 4796 4800
f 4757 4750 4802
f 4802 4804 4757
f 4804 4802 4807
f 4807 4809 4804
f 4809 4807 4810
f 4810 4813 4809
f 4813 4810 4814
f 4814 4817 4813
f 4817 4814 4818
f 4067 4801 4797
f 4797 4069 4067
f 4069 4797 4793
f 4793 4072 4069
f 4072 4793 4791
f 4791 4076 4072
f 4080 4076 4791
f 4791 4787 4080
f 4088 4080 4787
f 4787 4778 4088
f 4096 4088 4778
f 4778 4775 4096
f 4099 4096 4775
f 4775 4766 4099
f 4108 4099 4766
f 4766 4761 4108
f 4113 4108 4761
f 4761 4756 4113
f 4122 4113 4756
f 4756 4805 4122
f 4808 4125 4122
f 4122 4805 4808
f 4812 4130 4125
f 4125 4808 4812
f 4816 4133 4130
f 4130 4812 4816
f 4819 4136 4133
f 4133 4816 4819
f 4815 4131 4136
f 4136 4819 4815
f 4811 4128 4131
f 4131 4815 4811
f 4806 4123 4128
f 4128 4811 4806
f 4803 4119 4123
f 4123 4806 4803
f 4118 4119 4803
f 4803 4751 4118
f 4141 4118 4751
f 4751 4746 4141
f 4145 4141 4746
f 4746 4741 4145
f 4152 4145 4741
f 4741 4734 4152
f 4158 4152 4734
f 4734 4727 4158
f 4082 4158 4727
f 4727 4725 4082
f 4077 4082 4725
f 4725 4789 4077
f 4077 4789 4794
f 4794 4074 4077
f 4074 4794 4799
f 4799 4065 4074
f 4065 4799 4801
f 4801 4067 4065
f 4721 4163 4084
f 4084 4722 4721
f 4728 4161 4163
f 4163 4721 4728
f 4731 4160 4161
f 4161 4728 4731
f 4155 4160 4731
f 4731 4732 4155
f 4154 4155 4732
f 4732 4736 4154
f 4150 4154 4736
f 4736 4739 4150
f 4147 4150 4739
f 4739 4742 4147
f 4144 4147 4742
f 4742 4745 4144
f 4144 4745 4748
f 4748 4139 4144
f 4139 4748 4753
f 4753 4138 4139
f 4138 4753 4754
f 4754 4116 4138
f 4116 4754 4758
f 4758 4112 4116
f 4112 4758 4762
f 4762 4109 4112
f 4109 4762 4765
f 4765 4105 4109
f 4104 4105 4765
f 4765 4769 4104
f 4102 4104 4769
f 4769 4771 4102
f 4097 4102 4771
f 4771 4772 4097
f 4094 4097 4772
f 4772 4777 4094
f 4092 4094 4777
f 4777 4781 4092
f 4783 4089 4092
f 4092 4781 4783
f 4784 4086 4089
f 4089 4783 4784
f 4722 4084 4086
f 4086 4784 4722
f 4820 4823 4824
f 4824 4827 4820
f 4828 4820 4827
f 4827 4831 4828
f 4831 4827 4833
f 4833 4834 4831
f 4837 4834 4833
f 4833 4838 4837
f 4841 4837 4838
f 4838 4842 4841
f 4842 4838 4845
f 4845 4846 4842
f 4846 4845 4849
f 4849 4850 4846
f 4850 4849 4852
f 4852 4856 4850
f 4857 4856 4852
f 4852 4859 4857
f 4857 4859 4863
f 4863 4865 4857
f 4868 4857 4865
f 4865 4871 4868
f 4872 4871 4865
f 4865 4874 4872
f 4876 4872 4874
f 4874 4878 4876
f 4876 4878 4880
f 4880 4883 4876
f 4883 4880 4885
f 4885 4886 4883
f 4886 4885 4889
f 4889 4890 4886
f 4892 4890 4889
f 4889 4894 4892
f 4894 4889 4896
f 4896 4823 4894
f 4824 4823 4896
f 4896 4898 4824
f 4898 4896 4901
f 4901 4902 4898
f 4902 4901 4905
f 4905 4906 4902
f 4906 4905 4909
f 4909 4910 4906
f 4910 4909 4913
f 4913 4914 4910
f 4914 4913 4916
f 4916 4919 4914
f 4921 4859 4852
f 4852 4924 4921
f 4179 4182 4920
f 4920 4925 4179
f 4181 4923 4854
f 4854 4177 4181
f 4848 4189 4178
f 4178 4853 4848
f 4194 4189 4848
f 4848 4844 4194
f 4198 4194 4844
f 4844 4839 4198
f 4203 4198 4839
f 4839 4832 4203
f 4210 4203 4832
f 4832 4826 4210
f 4216 4210 4826
f 4826 4825 4216
f 4222 4216 4825
f 4825 4899 4222
f 4226 4222 4899
f 4899 4903 4226
f 4226 4903 4907
f 4907 4229 4226
f 4229 4907 4911
f 4911 4234 4229
f 4234 4911 4915
f 4915 4237 4234
f 4237 4915 4918
f 4918 4241 4237
f 4241 4918 4917
f 4917 4240 4241
f 4240 4917 4912
f 4912 4236 4240
f 4236 4912 4908
f 4908 4231 4236
f 4231 4908 4904
f 4904 4227 4231
f 4224 4227 4904
f 4904 4900 4224
f 4220 4224 4900
f 4900 4897 4220
f 4246 4220 4897
f 4897 4888 4246
f 4254 4246 4888
f 4888 4884 4254
f 4258 4254 4884
f 4884 4881 4258
f 4261 4258 4881
f 4881 4879 4261
f 4263 4261 4879
f 4879 4875 4263
f 4166 4263 4875
f 4875 4867 4166
f 4165 4866 4864
f 4864 4169 4165
f 4173 4168 4862
f 4862 4861 4173
f 4922 4183 4171
f 4171 4860 4922
f 4821 4214 4217
f 4217 4822 4821
f 4829 4211 4214
f 4214 4821 4829
f 4830 4208 4211
f 4211 4829 4830
f 4206 4208 4830
f 4830 4835 4206
f 4201 4206 4835
f 4835 4836 4201
f 4200 4201 4836
f 4836 4840 4200
f 4196 4200 4840
f 4840 4843 4196
f 4191 4196 4843
f 4843 4847 4191
f 4191 4847 4851
f 4851 4187 4191
f 4187 4851 4855
f 4855 4186 4187
f 4186 4855 4858
f 4858 4175 4186
f 4175 4858 4869
f 4869 4270 4175
f 4270 4869 4870
f 4870 4267 4270
f 4267 4870 4873
f 4873 4266 4267
f 4260 4266 4873
f 4873 4877 4260
f 4255 4260 4877
f 4877 4882 4255
f 4252 4255 4882
f 4882 4887 4252
f 4249 4252 4887
f 4887 4891 4249
f 4893 4248 4249
f 4249 4891 4893
f 4895 4243 4248
f 4248 4893 4895
f 4822 4217 4243
f 4243 4895 4822
f 4926 4930 4931
f 4931 4934 4926
f 4935 4926 4934
f 4934 4937 4935
f 4937 4934 4939
f 4939 4942 4937
f 4942 4939 4944
f 4944 4945 4942
f 4948 4945 4944
f 4944 4950 4948
f 4953 4950 4944
f 4944 4954 4953
f 4957 4953 4954
f 4954 4960 4957
f 4957 4960 4961
f 4961 4964 4957
f 4931 4930 4966
f 4966 4967 4931
f 4970 4931 4967
f 4967 4971 4970
f 4974 4970 4971
f 4971 4975 4974
f 4977 4974 4975
f 4975 4979 4977
f 4982 4977 4979
f 4979 4983 4982
f 4986 4982 4983
f 4983 4987 4986
f 4991 4966 4930
f 4930 4993 4991
f 4996 4991 4993
f 4993 4998 4996
f 5001 4998 4993
f 4993 5002 5001
f 5005 5002 4993
f 4993 5006 5005
f 4996 4998 5008
f 5008 5011 4996
f 5012 5011 5008
f 5008 5015 5012
f 5016 5012 5015
f 5015 5018 5016
f 5018 5015 5021
f 5021 5022 5018
f 5022 5021 5025
f 5025 5026 5022
f 5029 5026 5025
f 5025 4966 5029
f 4966 4991 5029
f 4367 4361 4951
f 4951 4956 4367
f 4963 4374 4366
f 4366 4958 4963
f 4962 4372 4374
f 4374 4963 4962
f 4369 4372 4962
f 4962 4959 4369
f 4364 4369 4959
f 4959 4955 4364
f 4354 4364 4955
f 4955 4943 4354
f 4350 4354 4943
f 4943 4940 4350
f 4343 4350 4940
f 4940 4933 4343
f 4294 4343 4933
f 4933 4932 4294
f 4290 4294 4932
f 4932 4969 4290
f 4290 4969 4973
f 4973 4285 4290
f 4285 4973 4978
f 4978 4282 4285
f 4282 4978 4981
f 4981 4278 4282
f 4278 4981 4985
f 4985 4271 4278
f 4271 4985 4988
f 4988 4274 4271
f 4274 4988 4984
f 4984 4275 4274
f 4275 4984 4980
f 4980 4280 4275
f 4280 4980 4976
f 4976 4283 4280
f 4283 4976 4972
f 4972 4288 4283
f 4292 4288 4972
f 4972 4968 4292
f 4295 4292 4968
f 4968 4965 4295
f 4305 4295 4965
f 4965 5024 4305
f 4311 4305 5024
f 5024 5020 4311
f 4316 4311 5020
f 5020 5014 4316
f 4321 4316 5014
f 5014 5009 4321
f 4329 4321 5009
f 5009 4999 4329
f 4333 4329 4999
f 4999 5000 4333
f 5003 4336 4333
f 4333 5000 5003
f 5004 4337 4336
f 4336 5003 5004
f 5007 4340 4337
f 4337 5004 5007
f 4992 4332 4340
f 4340 5007 4992
f 4297 4330 4994
f 4994 4929 4297
f 4927 4341 4299
f 4299 4928 4927
f 4936 4346 4341
f 4341 4927 4936
f 4347 4346 4936
f 4936 4938 4347
f 4352 4347 4938
f 4938 4941 4352
f 4355 4352 4941
f 4941 4946 4355
f 4358 4355 4946
f 4946 4947 4358
f 4358 4947 4949
f 4949 4360 4358
f 4360 4949 4952
f 4952 4363 4360
f 4325 4995 5010
f 5010 4324 4325
f 4324 5010 5013
f 5013 4320 4324
f 4318 4320 5013
f 5013 5017 4318
f 4313 4318 5017
f 5017 5019 4313
f 4309 4313 5019
f 5019 5023 4309
f 4308 4309 5023
f 5023 5027 4308
f 5028 4304 4308
f 4308 5027 5028
f 4990 4302 4304
f 4304 5028 4990
f 4326 4300 4989
f 4989 4997 4326
f 5032 5035 5036
f 5036 5039 5032
f 4376 5034 5031
f 5031 4378 4376
f 4381 4380 5030
f 5030 5040 4381
f 5037 4385 4382
f 4382 5041 5037
f 4377 4384 5038
f 5038 5033 4377
f 5043 5045 5050
f 5050 5051 5043
f 5043 5051 5055
f 5058 5045 5043
f 5043 5060 5058
f 5064 5058 5060
f 5060 5068 5064
f 5064 5068 5071
f 5072 5075 5076
f 5076 5079 5072
f 5080 5079 5076
f 5076 5083 5080
f 5084 5080 5083
f 5083 5087 5084
f 5084 5087 5090
f 5090 5092 5084
f 5084 5092 5094
f 5094 5096 5084
f 5084 5096 5098
f 5098 5102 5084
f 5103 5084 5102
f 5102 5106 5103
f 5103 5106 5108
f 5108 5110 5103
f 5112 5103 5110
f 5110 5115 5112
f 5112 5115 5116
f 5116 5119 5112
f 5112 5119 5120
f 5120 5122 5112
f 5122 5120 5124
f 5124 5128 5122
f 5129 5128 5124
f 5124 5132 5129
f 5133 5132 5124
f 5124 5136 5133
f 5139 5098 5096
f 5096 5140 5139
f 5139 5140 5143
f 5143 5144 5139
f 5144 5143 5146
f 5146 5149 5144
f 5151 5144 5149
f 5149 5152 5151
f 5151 5152 5154
f 5154 5157 5151
f 5158 5151 5157
f 5157 5161 5158
f 5162 5158 5161
f 5161 5164 5162
f 5162 5164 5167
f 5167 5169 5162
f 5169 5167 5171
f 5171 5172 5169
f 5172 5171 5175
f 5175 5176 5172
f 5154 5152 5178
f 5178 5180 5154
f 5180 5178 5183
f 5183 5184 5180
f 5187 5180 5184
f 5184 5188 5187
f 5187 5188 5191
f 5191 5192 5187
f 5192 5191 5194
f 5194 5196 5192
f 5196 5194 5199
f 5199 5092 5196
f 5092 5199 5200
f 5200 5094 5092
f 5087 5083 5202
f 5206 5208 5212
f 5212 5214 5206
f 5218 5214 5212
f 5212 5219 5218
f 5223 5206 5214
f 5214 5225 5223
f 5225 5214 5226
f 5226 5229 5225
f 5230 5229 5226
f 5226 5233 5230
f 5235 5230 5233
f 5233 5236 5235
f 5236 5233 5239
f 5239 5240 5236
f 5240 5239 5243
f 5243 5244 5240
f 5246 5244 5243
f 5243 5249 5246
f 5249 5243 5251
f 5251 5252 5249
f 5254 5252 5251
f 5251 5257 5254
f 5257 5251 5260
f 5260 5261 5257
f 5257 5261 5264
f 5264 5265 5257
f 5257 5265 5268
f 5268 5271 5257
f 5274 5275 5280
f 5280 5282 5274
f 5285 5289 5292
f 5292 5294 5285
f 5289 5285 5297
f 5297 5298 5289
f 5298 5297 5301
f 5301 5304 5298
f 5298 5304 5305
f 5305 5307 5298
f 5298 5307 5310
f 5310 5312 5298
f 5298 5312 5313
f 5313 5315 5298
f 5298 5315 5317
f 5317 5322 5298
f 5298 5322 5323
f 5322 5317 5326
f 5326 5330 5322
f 5301 5297 5332
f 5332 5336 5301
f 5336 5332 5339
f 5339 5340 5336
f 5336 5340 5343
f 5343 5346 5336
f 5349 5352 5356
f 5356 5358 5349
f 5362 5365 5368
f 5368 5369 5362
f 5365 5362 5372
f 5372 5377 5365
f 5377 5372 5378
f 5378 5382 5377
f 5386 5378 5372
f 5372 5389 5386
f 5046 5381 5380
f 5380 5049 5046
f 5053 5048 5379
f 5379 5385 5053
f 5387 5056 5052
f 5052 5384 5387
f 5044 5054 5388
f 5388 5373 5044
f 5361 5062 5042
f 5042 5374 5361
f 5067 5061 5360
f 5360 5371 5067
f 5367 5070 5066
f 5066 5370 5367
f 5065 5069 5366
f 5366 5363 5065
f 5376 5057 5063
f 5063 5364 5376
f 5047 5059 5375
f 5375 5383 5047
f 5391 5392 5395
f 5395 5396 5391
f 5399 5391 5396
f 5396 5400 5399
f 5400 5396 5403
f 5403 5404 5400
f 5407 5404 5403
f 5403 5408 5407
f 5411 5407 5408
f 5408 5412 5411
f 5414 5411 5412
f 5412 5416 5414
f 5419 5414 5416
f 5416 5422 5419
f 5423 5422 5416
f 5416 5427 5423
f 5428 5427 5416
f 5416 5431 5428
f 5428 5431 5432
f 5432 5435 5428
f 5438 5435 5432
f 5432 5440 5438
f 5440 5432 5442
f 5442 5444 5440
f 5445 5444 5442
f 5442 5447 5445
f 5449 5447 5442
f 5442 5451 5449
f 5455 5449 5451
f 5451 5457 5455
f 5455 5457 5458
f 5458 5461 5455
f 5455 5461 5462
f 5462 5465 5455
f 5431 5416 5468
f 5468 5471 5431
f 5472 5431 5471
f 5471 5476 5472
f 5478 5431 5472
f 5472 5479 5478
f 5481 5478 5479
f 5479 5484 5481
f 5485 5484 5479
f 5423 5427 5487
f 5487 5489 5423
f 5491 5489 5487
f 5487 5494 5491
f 5495 5491 5494
f 5494 5498 5495
f 5498 5494 5499
f 5499 5392 5498
f 5395 5392 5499
f 5499 5502 5395
f 5502 5499 5503
f 5503 5506 5502
f 5506 5503 5507
f 5507 5510 5506
f 5511 5510 5507
f 5507 5514 5511
f 5515 5511 5514
f 5514 5517 5515
f 5520 5515 5517
f 5517 5522 5520
f 5137 5126 5454
f 5454 5466 5137
f 5135 5464 5463
f 5463 5134 5135
f 5134 5463 5460
f 5460 5131 5134
f 5130 5131 5460
f 5460 5459 5130
f 5127 5130 5459
f 5459 5456 5127
f 5123 5127 5456
f 5456 5452 5123
f 5113 5123 5452
f 5452 5441 5113
f 5104 5113 5441
f 5441 5433 5104
f 5085 5104 5433
f 5433 5430 5085
f 5081 5085 5430
f 5430 5477 5081
f 5482 5078 5081
f 5081 5477 5482
f 5483 5073 5078
f 5078 5482 5483
f 5486 5074 5073
f 5073 5483 5486
f 5480 5077 5074
f 5074 5486 5480
f 5473 5082 5077
f 5077 5480 5473
f 5474 5203 5082
f 5082 5473 5474
f 5088 5204 5475
f 5475 5470 5088
f 5086 5469 5467
f 5467 5089 5086
f 5089 5467 5417
f 5417 5093 5089
f 5197 5091 5418
f 5418 5413 5197
f 5193 5197 5413
f 5413 5409 5193
f 5186 5193 5409
f 5409 5402 5186
f 5181 5186 5402
f 5402 5397 5181
f 5155 5181 5397
f 5397 5394 5155
f 5156 5155 5394
f 5394 5501 5156
f 5160 5156 5501
f 5501 5505 5160
f 5165 5160 5505
f 5505 5509 5165
f 5165 5509 5512
f 5512 5166 5165
f 5166 5512 5516
f 5516 5170 5166
f 5170 5516 5519
f 5519 5174 5170
f 5174 5519 5521
f 5521 5177 5174
f 5177 5521 5518
f 5518 5173 5177
f 5173 5518 5513
f 5513 5168 5173
f 5168 5513 5508
f 5508 5163 5168
f 5159 5163 5508
f 5508 5504 5159
f 5150 5159 5504
f 5504 5500 5150
f 5145 5150 5500
f 5500 5493 5145
f 5138 5145 5493
f 5493 5488 5138
f 5100 5138 5488
f 5488 5425 5100
f 5099 5426 5429
f 5429 5101 5099
f 5101 5429 5434
f 5434 5105 5101
f 5105 5434 5436
f 5436 5107 5105
f 5111 5109 5437
f 5437 5439 5111
f 5114 5111 5439
f 5439 5443 5114
f 5117 5114 5443
f 5443 5446 5117
f 5118 5117 5446
f 5446 5448 5118
f 5450 5121 5118
f 5118 5448 5450
f 5453 5125 5121
f 5121 5450 5453
f 5141 5097 5424
f 5424 5490 5141
f 5142 5141 5490
f 5490 5492 5142
f 5147 5142 5492
f 5492 5496 5147
f 5497 5148 5147
f 5147 5496 5497
f 5393 5153 5148
f 5148 5497 5393
f 5390 5179 5153
f 5153 5393 5390
f 5398 5182 5179
f 5179 5390 5398
f 5185 5182 5398
f 5398 5401 5185
f 5189 5185 5401
f 5401 5405 5189
f 5190 5189 5405
f 5405 5406 5190
f 5195 5190 5406
f 5406 5410 5195
f 5198 5195 5410
f 5410 5415 5198
f 5198 5415 5420
f 5420 5201 5198
f 5201 5420 5421
f 5421 5095 5201
f 5095 5421 5424
f 5424 5097 5095
f 5524 5526 5531
f 5531 5534 5524
f 5524 5534 5536
f 5536 5539 5524
f 5524 5539 5540
f 5540 5543 5524
f 5544 5524 5543
f 5543 5547 5544
f 5544 5547 5548
f 5548 5550 5544
f 5550 5548 5552
f 5552 5555 5550
f 5556 5550 5555
f 5555 5558 5556
f 5556 5558 5561
f 5561 5563 5556
f 5563 5561 5564
f 5564 5567 5563
f 5568 5563 5567
f 5567 5571 5568
f 5568 5571 5572
f 5572 5576 5568
f 5577 5568 5576
f 5576 5580 5577
f 5582 5580 5576
f 5576 5583 5582
f 5583 5576 5585
f 5585 5588 5583
f 5217 5528 5525
f 5525 5213 5217
f 5545 5227 5215
f 5215 5523 5545
f 5232 5227 5545
f 5545 5551 5232
f 5238 5232 5551
f 5551 5557 5238
f 5242 5238 5557
f 5557 5562 5242
f 5250 5242 5562
f 5562 5569 5250
f 5259 5250 5569
f 5569 5578 5259
f 5262 5259 5578
f 5578 5579 5262
f 5262 5579 5581
f 5581 5263 5262
f 5263 5581 5584
f 5584 5266 5263
f 5266 5584 5589
f 5589 5267 5266
f 5267 5589 5587
f 5587 5269 5267
f 5258 5270 5586
f 5586 5574 5258
f 5573 5255 5256
f 5256 5575 5573
f 5570 5253 5255
f 5255 5573 5570
f 5566 5248 5253
f 5253 5570 5566
f 5565 5247 5248
f 5248 5566 5565
f 5560 5245 5247
f 5247 5565 5560
f 5241 5245 5560
f 5560 5559 5241
f 5237 5241 5559
f 5559 5554 5237
f 5234 5237 5554
f 5554 5553 5234
f 5231 5234 5553
f 5553 5549 5231
f 5228 5231 5549
f 5549 5546 5228
f 5228 5546 5542
f 5542 5224 5228
f 5224 5542 5541
f 5541 5222 5224
f 5222 5541 5538
f 5538 5205 5222
f 5205 5538 5535
f 5535 5209 5205
f 5211 5207 5537
f 5537 5532 5211
f 5530 5221 5210
f 5210 5533 5530
f 5216 5220 5529
f 5529 5527 5216
f 5592 5593 5598
f 5598 5599 5592
f 5272 5594 5591
f 5591 5277 5272
f 5278 5276 5590
f 5590 5600 5278
f 5596 5281 5279
f 5279 5601 5596
f 5273 5283 5597
f 5597 5595 5273
f 5604 5605 5607
f 5607 5609 5604
f 5612 5604 5609
f 5609 5615 5612
f 5616 5615 5609
f 5609 5621 5616
f 5607 5605 5624
f 5624 5626 5607
f 5628 5626 5624
f 5624 5629 5628
f 5632 5629 5624
f 5624 5634 5632
f 5635 5634 5624
f 5624 5639 5635
f 5635 5639 5642
f 5642 5644 5635
f 5635 5644 5646
f 5644 5642 5650
f 5650 5653 5644
f 5624 5605 5656
f 5656 5658 5624
f 5658 5656 5660
f 5660 5665 5658
f 5662 5293 5291
f 5291 5664 5662
f 5286 5295 5661
f 5661 5654 5286
f 5606 5296 5284
f 5284 5655 5606
f 5603 5334 5296
f 5296 5606 5603
f 5611 5337 5333
f 5333 5602 5611
f 5341 5338 5613
f 5613 5614 5341
f 5344 5341 5614
f 5614 5617 5344
f 5619 5345 5342
f 5342 5618 5619
f 5335 5347 5620
f 5620 5610 5335
f 5302 5335 5610
f 5610 5608 5302
f 5303 5302 5608
f 5608 5625 5303
f 5306 5303 5625
f 5625 5627 5306
f 5308 5306 5627
f 5627 5630 5308
f 5308 5630 5631
f 5631 5309 5308
f 5309 5631 5633
f 5633 5311 5309
f 5311 5633 5636
f 5636 5314 5311
f 5314 5636 5647
f 5647 5316 5314
f 5316 5647 5643
f 5643 5318 5316
f 5327 5319 5645
f 5645 5652 5327
f 5328 5651 5649
f 5649 5331 5328
f 5320 5329 5648
f 5648 5641 5320
f 5321 5640 5638
f 5638 5325 5321
f 5300 5324 5637
f 5637 5623 5300
f 5657 5287 5299
f 5299 5622 5657
f 5290 5288 5659
f 5659 5663 5290
f 5667 5670 5674
f 5674 5675 5667
f 5348 5669 5668
f 5668 5351 5348
f 5355 5353 5666
f 5666 5677 5355
f 5673 5357 5354
f 5354 5676 5673
f 5350 5359 5672
f 5672 5671 5350
f 5680 5681 5686
f 5686 5687 5680
f 5690 5680 5687
f 5687 5691 5690
f 5691 5687 5693
f 5693 5696 5691
f 5697 5696 5693
f 5693 5699 5697
f 5702 5697 5699
f 5699 5704 5702
f 5705 5704 5699
f 5699 5708 5705
f 5708 5699 5710
f 5710 5712 5708
f 5714 5712 5710
f 5710 5716 5714
f 5717 5714 5716
f 5716 5720 5717
f 5722 5717 5720
f 5720 5723 5722
f 5723 5720 5725
f 5727 5704 5705
f 5705 5729 5727
f 5731 5729 5705
f 5705 5735 5731
f 5736 5731 5735
f 5735 5739 5736
f 5740 5736 5739
f 5739 5743 5740
f 5740 5743 5744
f 5744 5747 5740
f 5747 5744 5749
f 5749 5750 5747
f 5747 5750 5753
f 5753 5754 5747
f 5758 5747 5754
f 5754 5761 5758
f 5680 5758 5761
f 5761 5681 5680
f 5765 5739 5735
f 5735 5766 5765
f 5765 5766 5769
f 5769 5772 5765
f 5772 5769 5774
f 5774 5775 5772
f 5777 5781 5782
f 5782 5786 5777
f 5788 5786 5782
f 5782 5791 5788
f 5794 5777 5786
f 5786 5797 5794
f 5797 5786 5798
f 5798 5800 5797
f 5803 5800 5798
f 5798 5805 5803
f 5807 5803 5805
f 5805 5809 5807
f 5809 5805 5811
f 5811 5812 5809
f 5812 5811 5814
f 5814 5816 5812
f 5818 5816 5814
f 5814 5820 5818
f 5820 5814 5823
f 5823 5825 5820
f 5826 5825 5823
f 5823 5829 5826
f 5829 5823 5831
f 5831 5834 5829
f 5829 5834 5836
f 5836 5837 5829
f 5829 5837 5840
f 5840 5842 5829
f 5844 5847 5850
f 5850 5851 5844
f 5853 5844 5851
f 5851 5855 5853
f 5857 5855 5851
f 5851 5860 5857
f 5862 5857 5860
f 5860 5864 5862
f 5865 5862 5864
f 5864 5867 5865
f 5870 5865 5867
f 5867 5871 5870
f 5874 5871 5867
f 5867 5875 5874
f 5878 5874 5875
f 5875 5879 5878
f 5882 5879 5875
f 5875 5883 5882
f 5887 5883 5875
f 5875 5889 5887
f 5887 5889 5892
f 5892 5894 5887
f 5887 5894 5896
f 5896 5897 5887
f 5887 5897 5899
f 5850 5847 5901
f 5901 5904 5850
f 5907 5850 5904
f 5904 5910 5907
f 5913 5916 5921
f 5921 5924 5913
f 5925 5928 5931
f 5931 5933 5925
f 5933 5931 5936
f 5936 5937 5933
f 5933 5937 5940
f 5940 5942 5933
f 5942 5940 5944
f 5944 5945 5942
f 5947 5942 5945
f 5945 5951 5947
f 5951 5945 5952
f 5952 5956 5951
f 5957 5956 5952
f 5952 5961 5957
f 5962 5957 5961
f 5961 5965 5962
f 5967 5947 5951
f 5951 5969 5967
f 5970 5967 5969
f 5969 5973 5970
f 5974 5973 5969
f 5969 5977 5974
f 5978 5974 5977
f 5977 5980 5978
f 5980 5977 5983
f 5983 5985 5980
f 5986 5985 5983
f 5983 5989 5986
f 5990 5986 5989
f 5989 5993 5990
f 5993 5989 5995
f 5995 6000 5993
f 6000 5995 6003
f 5993 6000 5928
f 5928 5925 5993
f 5977 5969 6005
f 6005 6006 5977
f 6006 6005 6008
f 6008 6010 6006
f 6013 6006 6010
f 6010 6015 6013
f 6017 6013 6015
f 6015 6018 6017
f 6017 6018 6020
f 6020 6023 6017
f 5682 6002 5997
f 5997 5684 5682
f 5688 5685 5996
f 5996 5988 5688
f 5694 5688 5988
f 5988 5982 5694
f 5700 5694 5982
f 5982 5976 5700
f 5709 5700 5976
f 5976 6007 5709
f 6012 5715 5709
f 5709 6007 6012
f 6016 5719 5715
f 5715 6012 6016
f 6022 5726 5719
f 5719 6016 6022
f 6021 5724 5726
f 5726 6022 6021
f 6019 5721 5724
f 5724 6021 6019
f 6014 5718 5721
f 5721 6019 6014
f 6011 5713 5718
f 5718 6014 6011
f 5711 5713 6011
f 6011 6009 5711
f 5707 5711 6009
f 6009 6004 5707
f 5706 5707 6004
f 6004 5968 5706
f 5734 5706 5968
f 5968 5949 5734
f 5767 5733 5950
f 5950 5955 5767
f 5768 5767 5955
f 5955 5958 5768
f 5963 5773 5768
f 5768 5958 5963
f 5964 5776 5773
f 5773 5963 5964
f 5960 5770 5776
f 5776 5964 5960
f 5763 5771 5959
f 5959 5954 5763
f 5764 5953 5946
f 5946 5738 5764
f 5738 5946 5943
f 5943 5742 5738
f 5745 5742 5943
f 5943 5939 5745
f 5748 5745 5939
f 5939 5938 5748
f 5751 5748 5938
f 5938 5935 5751
f 5752 5751 5935
f 5935 5932 5752
f 5756 5752 5932
f 5932 5930 5756
f 5999 5762 5755
f 5755 5929 5999
f 5683 5760 5998
f 5998 6001 5683
f 5746 5759 5926
f 5926 5934 5746
f 5741 5746 5934
f 5934 5941 5741
f 5737 5741 5941
f 5941 5948 5737
f 5732 5737 5948
f 5948 5966 5732
f 5732 5966 5971
f 5971 5730 5732
f 5730 5971 5972
f 5972 5728 5730
f 5728 5972 5975
f 5975 5703 5728
f 5703 5975 5979
f 5979 5701 5703
f 5701 5979 5981
f 5981 5698 5701
f 5695 5698 5981
f 5981 5984 5695
f 5692 5695 5984
f 5984 5987 5692
f 5689 5692 5987
f 5987 5991 5689
f 5678 5689 5991
f 5991 5994 5678
f 5927 5757 5679
f 5679 5992 5927
f 6024 6027 6032
f 6032 6035 6024
f 6024 6035 6036
f 6036 6039 6024
f 6024 6039 6042
f 6042 6043 6024
f 6046 6024 6043
f 6043 6048 6046
f 6046 6048 6050
f 6050 6051 6046
f 6051 6050 6054
f 6054 6055 6051
f 6058 6051 6055
f 6055 6059 6058
f 6058 6059 6062
f 6062 6063 6058
f 6063 6062 6066
f 6066 6067 6063
f 6069 6063 6067
f 6067 6072 6069
f 6069 6072 6073
f 6073 6075 6069
f 6078 6069 6075
f 6075 6080 6078
f 6082 6080 6075
f 6075 6085 6082
f 6085 6075 6086
f 6086 6089 6085
f 5789 6028 6025
f 6025 5785 5789
f 6045 5799 5787
f 5787 6026 6045
f 5804 5799 6045
f 6045 6052 5804
f 5810 5804 6052
f 6052 6057 5810
f 5815 5810 6057
f 6057 6064 5815
f 5822 5815 6064
f 6064 6070 5822
f 5832 5822 6070
f 6070 6079 5832
f 5833 5832 6079
f 6079 6081 5833
f 5833 6081 6083
f 6083 5835 5833
f 5835 6083 6084
f 6084 5838 5835
f 5838 6084 6090
f 6090 5839 5838
f 5839 6090 6087
f 6087 5841 5839
f 5830 5843 6088
f 6088 6076 5830
f 6074 5827 5828
f 5828 6077 6074
f 6071 5824 5827
f 5827 6074 6071
f 6068 5821 5824
f 5824 6071 6068
f 6065 5819 5821
f 5821 6068 6065
f 6061 5817 5819
f 5819 6065 6061
f 5813 5817 6061
f 6061 6060 5813
f 5808 5813 6060
f 6060 6056 5808
f 5806 5808 6056
f 6056 6053 5806
f 5802 5806 6053
f 6053 6049 5802
f 5801 5802 6049
f 6049 6047 5801
f 5801 6047 6044
f 6044 5796 5801
f 5796 6044 6041
f 6041 5795 5796
f 5795 6041 6040
f 6040 5778 5795
f 5778 6040 6038
f 6038 5779 5778
f 5783 5780 6037
f 6037 6033 5783
f 6031 5792 5784
f 5784 6034 6031
f 5790 5793 6030
f 6030 6029 5790
f 6091 6095 6096
f 6096 6100 6091
f 6101 6100 6096
f 6096 6104 6101
f 6105 6104 6096
f 6096 6108 6105
f 6109 6108 6096
f 6096 6111 6109
f 6114 6091 6100
f 6100 6116 6114
f 6117 6116 6100
f 6100 6119 6117
f 6121 6117 6119
f 6119 6124 6121
f 6126 6124 6119
f 6119 6128 6126
f 6129 6126 6128
f 6128 6131 6129
f 6133 6129 6131
f 6131 6136 6133
f 6138 6133 6136
f 6136 6139 6138
f 6141 6139 6136
f 6136 6144 6141
f 6147 6141 6144
f 6144 6150 6147
f 6150 6144 6151
f 6151 6156 6150
f 6157 6151 6144
f 5884 5886 6098
f 6098 6094 5884
f 5885 6093 6092
f 6092 5881 5885
f 5881 6092 6113
f 6113 5880 5881
f 5880 6113 6115
f 6115 5877 5880
f 5877 6115 6118
f 6118 5873 5877
f 5872 5873 6118
f 6118 6122 5872
f 5869 5872 6122
f 6122 6123 5869
f 5866 5869 6123
f 6123 6125 5866
f 5861 5866 6125
f 6125 6130 5861
f 5858 5861 6130
f 6130 6134 5858
f 5856 5858 6134
f 6134 6137 5856
f 6140 5854 5856
f 5856 6137 6140
f 6142 5845 5854
f 5854 6140 6142
f 6146 5846 5845
f 5845 6142 6146
f 6148 5903 5846
f 5846 6146 6148
f 5906 5902 6149
f 6149 6155 5906
f 5905 6154 6152
f 6152 5912 5905
f 5909 5911 6153
f 6153 6158 5909
f 6145 5848 5908
f 5908 6159 6145
f 5849 6143 6135
f 6135 5852 5849
f 5859 5852 6135
f 6135 6132 5859
f 5863 5859 6132
f 6132 6127 5863
f 5868 5863 6127
f 6127 6120 5868
f 5876 5868 6120
f 6120 6099 5876
f 5890 5876 6099
f 6099 6102 5890
f 5891 5890 6102
f 6102 6103 5891
f 5893 5891 6103
f 6103 6106 5893
f 6107 5895 5893
f 5893 6106 6107
f 6110 5898 5895
f 5895 6107 6110
f 6112 5900 5898
f 5898 6110 6112
f 6097 5888 5900
f 5900 6112 6097
f 6161 6163 6168
f 6168 6169 6161
f 5914 6165 6160
f 6160 5917 5914
f 5920 5918 6162
f 6162 6171 5920
f 6167 5922 5919
f 5919 6170 6167
f 5915 5923 6166
f 6166 6164 5915
f 6172 6175 6178
f 6178 6182 6172
f 6183 6172 6182
f 6182 6186 6183
f 6186 6182 6187
f 6187 6189 6186
f 6192 6189 6187
f 6187 6193 6192
f 6196 6192 6193
f 6193 6197 6196
f 6200 6197 6193
f 6193 6201 6200
f 6201 6193 6203
f 6203 6206 6201
f 6208 6206 6203
f 6203 6210 6208
f 6212 6208 6210
f 6210 6213 6212
f 6216 6212 6213
f 6213 6217 6216
f 6217 6213 6220
f 6222 6197 6200
f 6200 6224 6222
f 6225 6224 6200
f 6200 6227 6225
f 6230 6225 6227
f 6227 6233 6230
f 6235 6230 6233
f 6233 6237 6235
f 6235 6237 6238
f 6238 6240 6235
f 6240 6238 6242
f 6242 6244 6240
f 6240 6244 6246
f 6246 6250 6240
f 6251 6240 6250
f 6250 6254 6251
f 6172 6251 6254
f 6254 6175 6172
f 6257 6233 6227
f 6227 6261 6257
f 6257 6261 6263
f 6263 6265 6257
f 6265 6263 6268
f 6268 6270 6265
f 6272 6274 6275
f 6275 6277 6272
f 6277 6275 6279
f 6279 6282 6277
f 6282 6279 6283
f 6283 6285 6282
f 6285 6283 6287
f 6287 6290 6285
f 6290 6287 6291
f 6291 6293 6290
f 6293 6291 6295
f 6295 6299 6293
f 6301 6299 6295
f 6295 6303 6301
f 6303 6295 6305
f 6305 6308 6303
f 6309 6308 6305
f 6305 6311 6309
f 6313 6309 6311
f 6311 6316 6313
f 6317 6313 6316
f 6316 6320 6317
f 6320 6316 6322
f 6322 6323 6320
f 6326 6323 6322
f 6322 6328 6326
f 6326 6328 6332
f 6332 6301 6326
f 6301 6332 6299
f 6332 6328 6334
f 6334 6336 6332
f 6332 6336 6337
f 6337 6340 6332
f 6293 6299 6342
f 6342 6343 6293
f 6343 6342 6346
f 6346 6348 6343
f 6349 6343 6348
f 6348 6351 6349
f 6354 6349 6351
f 6351 6356 6354
f 6354 6356 6357
f 6357 6359 6354
f 6354 6359 6363
f 6363 6364 6354
f 6364 6363 6368
f 6368 6369 6364
f 6372 6369 6368
f 6368 6373 6372
f 6375 6377 6380
f 6380 6382 6375
f 6383 6382 6380
f 6380 6385 6383
f 6387 6383 6385
f 6385 6390 6387
f 6387 6390 6393
f 6393 6396 6387
f 6387 6396 6397
f 6397 6400 6387
f 6387 6400 6402
f 6402 6404 6387
f 6407 6387 6404
f 6404 6409 6407
f 6407 6409 6412
f 6412 6413 6407
f 6415 6407 6413
f 6413 6418 6415
f 6415 6418 6419
f 6419 6422 6415
f 6415 6422 6424
f 6424 6425 6415
f 6425 6424 6428
f 6428 6431 6425
f 6432 6431 6428
f 6428 6435 6432
f 6437 6435 6428
f 6428 6440 6437
f 6442 6402 6400
f 6400 6444 6442
f 6442 6444 6445
f 6445 6447 6442
f 6447 6445 6450
f 6450 6452 6447
f 6453 6447 6452
f 6452 6456 6453
f 6453 6456 6457
f 6457 6460 6453
f 6461 6453 6460
f 6460 6464 6461
f 6465 6461 6464
f 6464 6467 6465
f 6465 6467 6470
f 6470 6472 6465
f 6472 6470 6474
f 6474 6475 6472
f 6475 6474 6477
f 6477 6480 6475
f 6457 6456 6481
f 6481 6484 6457
f 6484 6481 6485
f 6485 6488 6484
f 6489 6484 6488
f 6488 6492 6489
f 6489 6492 6494
f 6494 6495 6489
f 6495 6494 6497
f 6497 6500 6495
f 6500 6497 6502
f 6502 6396 6500
f 6396 6502 6503
f 6503 6397 6396
f 6390 6385 6506
f 6509 6513 6515
f 6515 6517 6509
f 6519 6517 6515
f 6515 6524 6519
f 6524 6515 6527
f 6529 6517 6519
f 6519 6530 6529
f 6530 6519 6533
f 6533 6534 6530
f 6534 6533 6537
f 6537 6538 6534
f 6538 6537 6541
f 6541 6543 6538
f 6544 6543 6541
f 6541 6546 6544
f 6549 6544 6546
f 6546 6551 6549
f 6551 6546 6553
f 6553 6555 6551
f 6556 6555 6553
f 6553 6558 6556
f 6560 6556 6558
f 6558 6562 6560
f 6562 6558 6565
f 6565 6566 6562
f 6566 6565 6568
f 6568 6571 6566
f 6571 6568 6572
f 6572 6574 6571
f 6574 6572 6576
f 6576 6578 6574
f 6578 6576 6581
f 6581 6583 6578
f 6583 6581 6584
f 6586 6560 6562
f 6562 6589 6586
f 6590 6586 6589
f 6589 6592 6590
f 6594 6592 6589
f 6589 6597 6594
f 6599 6594 6597
f 6597 6601 6599
f 6602 6599 6601
f 6601 6604 6602
f 6602 6604 6607
f 6607 6608 6602
f 6608 6607 6509
f 6509 6611 6608
f 6612 6611 6509
f 6509 6517 6612
f 6615 6617 6622
f 6622 6624 6615
f 6627 6615 6624
f 6624 6628 6627
f 6628 6624 6631
f 6631 6634 6628
f 6635 6634 6631
f 6631 6637 6635
f 6615 6627 6640
f 6640 6643 6615
f 6644 6643 6640
f 6640 6647 6644
f 6647 6640 6648
f 6648 6650 6647
f 6650 6648 6653
f 6653 6657 6650
f 6658 6661 6666
f 6666 6668 6658
f 6670 6675 6676
f 6676 6679 6670
f 6679 6676 6681
f 6681 6683 6679
f 6679 6683 6685
f 6685 6687 6679
f 6687 6685 6689
f 6689 6691 6687
f 6693 6687 6691
f 6691 6695 6693
f 6695 6691 6698
f 6698 6701 6695
f 6703 6701 6698
f 6698 6704 6703
f 6708 6703 6704
f 6704 6710 6708
f 6711 6693 6695
f 6695 6714 6711
f 6715 6711 6714
f 6714 6718 6715
f 6719 6718 6714
f 6714 6721 6719
f 6724 6719 6721
f 6721 6725 6724
f 6725 6721 6727
f 6727 6730 6725
f 6732 6730 6727
f 6727 6734 6732
f 6736 6732 6734
f 6734 6738 6736
f 6738 6734 6742
f 6742 6743 6738
f 6743 6742 6746
f 6738 6743 6675
f 6675 6670 6738
f 6721 6714 6749
f 6749 6751 6721
f 6751 6749 6754
f 6754 6755 6751
f 6757 6751 6755
f 6755 6760 6757
f 6762 6757 6760
f 6760 6764 6762
f 6762 6764 6766
f 6766 6768 6762
f 6176 6747 6741
f 6741 6180 6176
f 6181 6179 6740
f 6740 6733 6181
f 6188 6181 6733
f 6733 6728 6188
f 6194 6188 6728
f 6728 6722 6194
f 6204 6194 6722
f 6722 6752 6204
f 6758 6209 6204
f 6204 6752 6758
f 6761 6214 6209
f 6209 6758 6761
f 6767 6219 6214
f 6214 6761 6767
f 6765 6218 6219
f 6219 6767 6765
f 6763 6215 6218
f 6218 6765 6763
f 6759 6211 6215
f 6215 6763 6759
f 6756 6207 6211
f 6211 6759 6756
f 6205 6207 6756
f 6756 6753 6205
f 6202 6205 6753
f 6753 6750 6202
f 6199 6202 6750
f 6750 6713 6199
f 6228 6199 6713
f 6713 6694 6228
f 6260 6229 6696
f 6696 6700 6260
f 6262 6260 6700
f 6700 6702 6262
f 6707 6267 6262
f 6262 6702 6707
f 6709 6269 6267
f 6267 6707 6709
f 6706 6264 6269
f 6269 6709 6706
f 6259 6266 6705
f 6705 6697 6259
f 6258 6699 6690
f 6690 6232 6258
f 6232 6690 6688
f 6688 6236 6232
f 6239 6236 6688
f 6688 6684 6239
f 6243 6239 6684
f 6684 6682 6243
f 6245 6243 6682
f 6682 6680 6245
f 6247 6245 6680
f 6680 6677 6247
f 6249 6247 6677
f 6677 6673 6249
f 6745 6255 6248
f 6248 6674 6745
f 6177 6256 6744
f 6744 6748 6177
f 6241 6253 6672
f 6672 6678 6241
f 6234 6241 6678
f 6678 6686 6234
f 6231 6234 6686
f 6686 6692 6231
f 6226 6231 6692
f 6692 6712 6226
f 6226 6712 6716
f 6716 6223 6226
f 6223 6716 6717
f 6717 6221 6223
f 6221 6717 6720
f 6720 6198 6221
f 6198 6720 6723
f 6723 6195 6198
f 6195 6723 6726
f 6726 6191 6195
f 6190 6191 6726
f 6726 6729 6190
f 6185 6190 6729
f 6729 6731 6185
f 6184 6185 6731
f 6731 6735 6184
f 6173 6184 6735
f 6735 6739 6173
f 6671 6252 6174
f 6174 6737 6671
f 6770 6771 6774
f 6774 6777 6770
f 6778 6770 6777
f 6777 6781 6778
f 6781 6777 6783
f 6783 6785 6781
f 6785 6783 6786
f 6786 6789 6785
f 6791 6789 6786
f 6786 6793 6791
f 6794 6793 6786
f 6786 6798 6794
f 6799 6794 6798
f 6798 6803 6799
f 6799 6803 6805
f 6805 6806 6799
f 6774 6771 6809
f 6809 6810 6774
f 6812 6774 6810
f 6810 6815 6812
f 6816 6812 6815
f 6815 6819 6816
f 6821 6816 6819
f 6819 6822 6821
f 6824 6821 6822
f 6822 6827 6824
f 6829 6824 6827
f 6827 6831 6829
f 6834 6809 6771
f 6771 6835 6834
f 6838 6834 6835
f 6835 6841 6838
f 6843 6841 6835
f 6835 6846 6843
f 6847 6846 6835
f 6835 6850 6847
f 6838 6841 6852
f 6852 6854 6838
f 6855 6854 6852
f 6852 6858 6855
f 6860 6855 6858
f 6858 6862 6860
f 6862 6858 6863
f 6863 6865 6862
f 6865 6863 6868
f 6868 6869 6865
f 6872 6869 6868
f 6868 6809 6872
f 6809 6834 6872
f 6366 6361 6795
f 6795 6801 6366
f 6807 6374 6367
f 6367 6800 6807
f 6804 6371 6374
f 6374 6807 6804
f 6370 6371 6804
f 6804 6802 6370
f 6365 6370 6802
f 6802 6797 6365
f 6353 6365 6797
f 6797 6787 6353
f 6350 6353 6787
f 6787 6782 6350
f 6344 6350 6782
f 6782 6776 6344
f 6294 6344 6776
f 6776 6775 6294
f 6289 6294 6775
f 6775 6813 6289
f 6289 6813 6817
f 6817 6286 6289
f 6286 6817 6820
f 6820 6281 6286
f 6281 6820 6825
f 6825 6278 6281
f 6278 6825 6828
f 6828 6271 6278
f 6271 6828 6830
f 6830 6273 6271
f 6273 6830 6826
f 6826 6276 6273
f 6276 6826 6823
f 6823 6280 6276
f 6280 6823 6818
f 6818 6284 6280
f 6284 6818 6814
f 6814 6288 6284
f 6292 6288 6814
f 6814 6811 6292
f 6296 6292 6811
f 6811 6808 6296
f 6306 6296 6808
f 6808 6867 6306
f 6312 6306 6867
f 6867 6864 6312
f 6315 6312 6864
f 6864 6857 6315
f 6321 6315 6857
f 6857 6851 6321
f 6329 6321 6851
f 6851 6842 6329
f 6333 6329 6842
f 6842 6844 6333
f 6845 6335 6333
f 6333 6844 6845
f 6848 6338 6335
f 6335 6845 6848
f 6849 6339 6338
f 6338 6848 6849
f 6836 6331 6339
f 6339 6849 6836
f 6298 6330 6837
f 6837 6773 6298
f 6769 6341 6297
f 6297 6772 6769
f 6779 6345 6341
f 6341 6769 6779
f 6347 6345 6779
f 6779 6780 6347
f 6352 6347 6780
f 6780 6784 6352
f 6355 6352 6784
f 6784 6788 6355
f 6358 6355 6788
f 6788 6790 6358
f 6358 6790 6792
f 6792 6360 6358
f 6360 6792 6796
f 6796 6362 6360
f 6325 6839 6853
f 6853 6324 6325
f 6324 6853 6856
f 6856 6319 6324
f 6318 6319 6856
f 6856 6859 6318
f 6314 6318 6859
f 6859 6861 6314
f 6310 6314 6861
f 6861 6866 6310
f 6307 6310 6866
f 6866 6870 6307
f 6871 6304 6307
f 6307 6870 6871
f 6832 6302 6304
f 6304 6871 6832
f 6327 6300 6833
f 6833 6840 6327
f 6874 6875 6877
f 6877 6879 6874
f 6881 6874 6879
f 6879 6884 6881
f 6884 6879 6886
f 6886 6887 6884
f 6890 6887 6886
f 6886 6892 6890
f 6894 6890 6892
f 6892 6896 6894
f 6898 6894 6896
f 6896 6900 6898
f 6903 6898 6900
f 6900 6905 6903
f 6907 6905 6900
f 6900 6910 6907
f 6912 6910 6900
f 6900 6913 6912
f 6912 6913 6916
f 6916 6918 6912
f 6920 6918 6916
f 6916 6923 6920
f 6923 6916 6925
f 6925 6927 6923
f 6928 6927 6925
f 6925 6931 6928
f 6932 6931 6925
f 6925 6934 6932
f 6938 6932 6934
f 6934 6940 6938
f 6938 6940 6942
f 6942 6943 6938
f 6938 6943 6946
f 6946 6949 6938
f 6913 6900 6950
f 6950 6952 6913
f 6955 6913 6952
f 6952 6958 6955
f 6961 6913 6955
f 6955 6962 6961
f 6964 6961 6962
f 6962 6967 6964
f 6968 6967 6962
f 6907 6910 6970
f 6970 6972 6907
f 6975 6972 6970
f 6970 6977 6975
f 6978 6975 6977
f 6977 6981 6978
f 6981 6977 6983
f 6983 6875 6981
f 6877 6875 6983
f 6983 6984 6877
f 6984 6983 6987
f 6987 6988 6984
f 6988 6987 6991
f 6991 6992 6988
f 6995 6992 6991
f 6991 6997 6995
f 6998 6995 6997
f 6997 7001 6998
f 7002 6998 7001
f 7001 7005 7002
f 6439 6427 6937
f 6937 6947 6439
f 6438 6948 6945
f 6945 6436 6438
f 6436 6945 6944
f 6944 6434 6436
f 6433 6434 6944
f 6944 6941 6433
f 6430 6433 6941
f 6941 6939 6430
f 6426 6430 6939
f 6939 6935 6426
f 6416 6426 6935
f 6935 6924 6416
f 6406 6416 6924
f 6924 6915 6406
f 6388 6406 6915
f 6915 6914 6388
f 6384 6388 6914
f 6914 6960 6384
f 6965 6381 6384
f 6384 6960 6965
f 6966 6376 6381
f 6381 6965 6966
f 6969 6378 6376
f 6376 6966 6969
f 6963 6379 6378
f 6378 6969 6963
f 6956 6386 6379
f 6379 6963 6956
f 6959 6505 6386
f 6386 6956 6959
f 6391 6507 6957
f 6957 6953 6391
f 6389 6954 6951
f 6951 6392 6389
f 6392 6951 6899
f 6899 6394 6392
f 6499 6395 6901
f 6901 6895 6499
f 6496 6499 6895
f 6895 6891 6496
f 6490 6496 6891
f 6891 6885 6490
f 6483 6490 6885
f 6885 6880 6483
f 6458 6483 6880
f 6880 6878 6458
f 6459 6458 6878
f 6878 6985 6459
f 6463 6459 6985
f 6985 6989 6463
f 6468 6463 6989
f 6989 6993 6468
f 6468 6993 6994
f 6994 6469 6468
f 6469 6994 6999
f 6999 6473 6469
f 6473 6999 7003
f 7003 6478 6473
f 6478 7003 7004
f 7004 6479 6478
f 6479 7004 7000
f 7000 6476 6479
f 6476 7000 6996
f 6996 6471 6476
f 6471 6996 6990
f 6990 6466 6471
f 6462 6466 6990
f 6990 6986 6462
f 6454 6462 6986
f 6986 6982 6454
f 6448 6454 6982
f 6982 6976 6448
f 6441 6448 6976
f 6976 6971 6441
f 6403 6441 6971
f 6971 6908 6403
f 6401 6909 6911
f 6911 6405 6401
f 6405 6911 6917
f 6917 6408 6405
f 6408 6917 6919
f 6919 6410 6408
f 6414 6411 6921
f 6921 6922 6414
f 6417 6414 6922
f 6922 6926 6417
f 6420 6417 6926
f 6926 6929 6420
f 6421 6420 6929
f 6929 6930 6421
f 6933 6423 6421
f 6421 6930 6933
f 6936 6429 6423
f 6423 6933 6936
f 6443 6399 6906
f 6906 6973 6443
f 6446 6443 6973
f 6973 6974 6446
f 6449 6446 6974
f 6974 6979 6449
f 6980 6451 6449
f 6449 6979 6980
f 6876 6455 6451
f 6451 6980 6876
f 6873 6482 6455
f 6455 6876 6873
f 6882 6486 6482
f 6482 6873 6882
f 6487 6486 6882
f 6882 6883 6487
f 6491 6487 6883
f 6883 6888 6491
f 6493 6491 6888
f 6888 6889 6493
f 6498 6493 6889
f 6889 6893 6498
f 6498 6893 6897
f 6897 6501 6498
f 6501 6897 6902
f 6902 6504 6501
f 6504 6902 6904
f 6904 6398 6504
f 6398 6904 6906
f 6906 6399 6398
f 7006 7009 7011
f 7011 7013 7006
f 7014 7006 7013
f 7013 7016 7014
f 7016 7013 7018
f 7018 7021 7016
f 7022 7021 7018
f 7018 7025 7022
f 7026 7022 7025
f 7025 7029 7026
f 7029 7025 7030
f 7030 7033 7029
f 7033 7030 7035
f 7035 7036 7033
f 7036 7035 7040
f 7040 7042 7036
f 7044 7042 7040
f 7040 7045 7044
f 7044 7045 7050
f 7050 7051 7044
f 7055 7044 7051
f 7051 7056 7055
f 7058 7056 7051
f 7051 7060 7058
f 7063 7058 7060
f 7060 7065 7063
f 7063 7065 7066
f 7066 7069 7063
f 7069 7066 7070
f 7070 7073 7069
f 7073 7070 7075
f 7075 7076 7073
f 7079 7076 7075
f 7075 7080 7079
f 7080 7075 7083
f 7083 7009 7080
f 7011 7009 7083
f 7083 7085 7011
f 7085 7083 7086
f 7086 7089 7085
f 7089 7086 7090
f 7090 7093 7089
f 7093 7090 7095
f 7095 7097 7093
f 7097 7095 7098
f 7098 7101 7097
f 7101 7098 7103
f 7103 7104 7101
f 7108 7045 7040
f 7040 7111 7108
f 6523 6525 7106
f 7106 7109 6523
f 6522 7110 7038
f 7038 6520 6522
f 7034 6532 6521
f 6521 7039 7034
f 6536 6532 7034
f 7034 7031 6536
f 6540 6536 7031
f 7031 7024 6540
f 6547 6540 7024
f 7024 7019 6547
f 6552 6547 7019
f 7019 7012 6552
f 6559 6552 7012
f 7012 7010 6559
f 6564 6559 7010
f 7010 7084 6564
f 6569 6564 7084
f 7084 7088 6569
f 6569 7088 7092
f 7092 6573 6569
f 6573 7092 7096
f 7096 6577 6573
f 6577 7096 7100
f 7100 6580 6577
f 6580 7100 7105
f 7105 6585 6580
f 6585 7105 7102
f 7102 6582 6585
f 6582 7102 7099
f 7099 6579 6582
f 6579 7099 7094
f 7094 6575 6579
f 6575 7094 7091
f 7091 6570 6575
f 6567 6570 7091
f 7091 7087 6567
f 6563 6567 7087
f 7087 7082 6563
f 6588 6563 7082
f 7082 7074 6588
f 6596 6588 7074
f 7074 7071 6596
f 6600 6596 7071
f 7071 7067 6600
f 6605 6600 7067
f 7067 7064 6605
f 6606 6605 7064
f 7064 7061 6606
f 6510 6606 7061
f 7061 7052 6510
f 6508 7053 7049
f 7049 6512 6508
f 6514 6511 7048
f 7048 7046 6514
f 7107 6526 6516
f 6516 7047 7107
f 7007 6557 6561
f 6561 7008 7007
f 7015 6554 6557
f 6557 7007 7015
f 7017 6550 6554
f 6554 7015 7017
f 6548 6550 7017
f 7017 7020 6548
f 6545 6548 7020
f 7020 7023 6545
f 6542 6545 7023
f 7023 7027 6542
f 6539 6542 7027
f 7027 7028 6539
f 6535 6539 7028
f 7028 7032 6535
f 6535 7032 7037
f 7037 6531 6535
f 6531 7037 7041
f 7041 6528 6531
f 6528 7041 7043
f 7043 6518 6528
f 6518 7043 7054
f 7054 6613 6518
f 6613 7054 7057
f 7057 6610 6613
f 6610 7057 7059
f 7059 6609 6610
f 6603 6609 7059
f 7059 7062 6603
f 6598 6603 7062
f 7062 7068 6598
f 6595 6598 7068
f 7068 7072 6595
f 6593 6595 7072
f 7072 7077 6593
f 7078 6591 6593
f 6593 7077 7078
f 7081 6587 6591
f 6591 7078 7081
f 7008 6561 6587
f 6587 7081 7008
f 7113 7116 7118
f 7118 7120 7113
f 7123 7113 7120
f 7120 7124 7123
f 7127 7123 7124
f 7124 7129 7127
f 7131 7129 7124
f 7124 7133 7131
f 7131 7133 7135
f 7135 7138 7131
f 7131 7138 7143
f 7135 7133 7144
f 7144 7147 7135
f 7147 7144 7149
f 7149 7152 7147
f 7147 7152 7154
f 6621 6618 7142
f 7142 7140 6621
f 7136 6623 6620
f 6620 7139 7136
f 6625 7137 7146
f 7146 6632 6625
f 6639 6630 7148
f 7148 7155 6639
f 7151 6636 6638
f 6638 7153 7151
f 7150 6633 6636
f 6636 7151 7150
f 7145 6629 6633
f 6633 7150 7145
f 7134 6626 6629
f 6629 7145 7134
f 6641 6626 7134
f 7134 7125 6641
f 6649 6641 7125
f 7125 7121 6649
f 6654 6649 7121
f 7121 7117 6654
f 6652 7119 7115
f 7115 6656 6652
f 6651 6655 7114
f 7114 7112 6651
f 6646 6651 7112
f 7112 7122 6646
f 6645 6646 7122
f 7122 7126 6645
f 6645 7126 7128
f 7128 6642 6645
f 6642 7128 7132
f 7132 6616 6642
f 6614 7130 7141
f 7141 6619 6614
f 7157 7159 7163
f 7163 7167 7157
f 6659 7160 7156
f 7156 6662 6659
f 6664 6663 7158
f 7158 7166 6664
f 7162 6669 6665
f 6665 7165 7162
f 6660 6667 7164
f 7164 7161 6660
f 7173 7174 7175
f 7175 7176 7173
f 7172 7173 7176
f 7176 7177 7172
f 7171 7172 7177
f 7177 7178 7171
f 7170 7171 7178
f 7178 7179 7170
f 7168 7170 7179
f 7179 7180 7168
f 7169 7168 7180
f 7180 7181 7169
f 7191 7169 7181
f 7181 7182 7191
f 7190 7191 7182
f 7182 7183 7190
f 7189 7190 7183
f 7183 7184 7189
f 7188 7189 7184
f 7184 7185 7188
f 7187 7188 7185
f 7185 7186 7187
f 7196 7197 7195
f 7193 7194 7192

