id,design,varied,bottle,fill,pitch,approach,yaw,dx,dy,neck_mm,bottle_d_mm,liquid_mm,liquid_g,dive_target_mm,diverged,wall_s,sim_s,contacts_pads_bottle,contacts_blades_cap,contacts_pipette_bottle,contacts_pipette_clamp,contacts_rig_floor,contacts_pads_floor,contacts_pipette_floor,contacts_rig_bottle,contacts_clamp_rig,contacts_clamp_pads,contacts_pipette_rig,table_hit_s,thread_released_s,thread_reengaged_s,slip_mm,tilt_in_hand_deg,track_worst,pad_height_mm,pad_planned_mm,lift_mm,cap_rise_mm,blade_contacts,cap_off_axis_mm,cap_to_seat_mm,tip_off_axis_mm,tip_height_mm,tip_submerged_mm,bottle_tilt_dive_deg,liquid_to_shoulder_mm,recap_lift_mm,cap_end_mm,placed_error_mm,placed_tilt_deg,placed_z_mm,ok_table,ok_rig_clear,ok_grip,ok_lift,ok_uncap,ok_cap_away,ok_reach_liquid,ok_recap,ok_place,first_failure,success,blade_slip_turns,seated,seat_torque_Nm,seat_extra_turns,seat_hold_s,error
A-10ml-f0.25-p+0.0-above-y0-x-3.0-y+0.0,A,dx,10,0.25,0,above,0,-3,0,18,22.01284832596418,9.071233030783917,2.240207798703662,42.75528824620785,False,27.26,28.4,9645,0,0,0,4562,0,0,335,0,0,1598,1.2099999999999222,,,0.8341610963350845,0.8383440396932116,55.95571578433637,19.945028936501316,4.720514774164915,0.002396252668903792,-0.19990673616995802,0,0.006104673236568724,201.5471699285258,26.466346882178588,117.91546569456402,-107.50510847182106,0.08091139792704874,22.51639759332244,,0.08850839091933382,23.906938961651623,90.00414907609247,11.033739846359884,False,False,False,False,False,False,False,False,False,table,False,,False,,,0.0,
A-10ml-f0.25-p+0.0-above-y0-x-6.0-y+0.0,A,dx,10,0.25,0,above,0,-6,0,18,22.01284832596418,9.071233030783917,2.240207798703662,42.75528824620785,False,33.26,28.4,591,0,0,0,5964,0,0,43119,0,0,1608,1.2099999999999222,,,62.942073830610425,1.5948095522833807,16.381455339042343,19.61246725521864,4.720514774164915,61.620050593381926,-0.19964646392969798,0,0.006581084340393908,141.1012994287199,32.16544508097975,54.96999625806889,-44.55505065331965,0.05724563534039499,22.52026625199943,,0.19950298168519712,35.342795378317525,0.06836393645321832,0.003595099981375244,False,False,False,False,False,False,False,False,False,table,False,,False,,,0.0,
A-10ml-f0.25-p+0.0-above-y0-x+0.0-y+3.0,A,dy,10,0.25,0,above,0,0,3,18,22.01284832596418,9.071233030783917,2.240207798703662,42.75528824620785,False,40.43,28.4,217158,0,4886,0,6027,0,0,0,0,0,0,1.2099999999999222,,,0.18184638949842424,0.6283390564747816,15.326736732294385,19.852169281149624,4.720514774164915,84.07871897558299,-0.1992442798651392,0,0.006378799630725465,138.38688863599276,0.11443120768450728,20.471374545689272,-10.02252267042049,0.6521957267017378,22.423004887463787,,0.1972987408346241,2.987190206744813,5.663293681020318e-06,-0.001607276469276221,False,True,False,False,False,False,False,False,True,table,False,,False,,,0.0,
A-10ml-f0.25-p-5.0-above-y0-x+0.0-y+0.0,A,pitch,10,0.25,-5,above,0,0,0,18,22.01284832596418,9.071233030783917,2.240207798703662,42.75528824620785,False,43.62,28.4,233007,0,8266,0,2743,0,0,0,0,0,0,1.0499999999999399,,,0.1329522895440987,0.15430514825060196,25.943095182538304,30.609323011053476,4.720514774164915,73.30795211450811,-0.1992308563106837,0,0.007101227053806266,146.89332837951642,0.9009896793828263,31.619493867040756,-21.190474187501042,1.8410156135869933,22.22856894814034,,0.1988152365147789,0.021822162657975916,1.1164539134006841e-05,-0.0016072495775659565,False,True,False,False,False,False,False,False,True,table,False,,False,,,0.0,
A-10ml-f0.25-p+0.0-diagonal-y0-x+0.0-y+0.0,A,approach,10,0.25,0,diagonal,0,0,0,18,22.01284832596418,9.071233030783917,2.240207798703662,42.75528824620785,False,51.31,28.4,155111,0,6126,0,4680,0,0,0,0,0,0,1.1174999999999324,,,0.5650068917433487,1.4695817081136802,15.342113659319232,19.65686850670174,4.720514774164915,84.56727453939182,-0.19227864535065198,0,0.006958836224315751,148.12102128321018,15.101957862680983,23.59969576770586,-12.797935615384878,1.333259447744599,22.31163634857366,,0.2001199780534355,15.338176520532802,1.4514151986277136e-05,-0.001607286918753034,False,True,False,False,False,False,False,False,False,table,False,,False,,,0.0,
A-10ml-f0.25-p-20.0-above-y0-x+0.0-y+0.0,A,pitch,10,0.25,-20,above,0,0,0,18,22.01284832596418,9.071233030783917,2.240207798703662,42.75528824620785,False,53.04,28.4,0,0,0,0,3699,0,0,0,0,0,1598,0.6499999999999838,,,0.8024797388117573,0.005053634276955448,64.82793034689466,69.60009422206096,4.720514774164915,-0.0016072869046784757,-0.2001005323612401,0,1.4823624923550833e-07,199.07615501009704,4.524036129747985,117.16231435731639,-106.71527710500779,1.5177012312529227e-05,22.52962174422587,,0.20010053236129335,1.244759665422047e-07,1.4463842815886967e-05,-0.0016072869047734238,False,False,False,False,False,False,False,False,True,table,False,,False,,,0.0,
A-10ml-f0.25-p+0.0-above-y270-x+0.0-y+0.0,A,yaw,10,0.25,0,above,270,0,0,18,22.01284832596418,9.071233030783917,2.240207798703662,42.75528824620785,False,58.62,28.4,232874,0,7299,0,6027,0,0,0,0,0,0,1.2099999999999222,,,0.23639270743313703,0.7891960580884905,15.336421214636898,19.956863844781335,4.720514774164915,83.96782691593019,-0.19919799724912868,0,0.007133312656019966,138.40073267998838,0.05623107146632747,20.715365976395443,-10.268136480383646,0.44378243333160244,22.457077457781864,,0.2001115215911377,0.14369376767706377,1.5032236230862699e-05,-0.001607286886738629,False,True,False,False,False,False,False,False,True,table,False,,False,,,0.0,
A-10ml-f0.25-p+0.0-side-y0-x+0.0-y+0.0,A,approach,10,0.25,0,side,0,0,0,18,22.01284832596418,9.071233030783917,2.240207798703662,42.75528824620785,False,63.26,28.4,155108,0,6216,0,6350,0,0,0,0,0,0,0.0025,,,0.5618320413374123,1.4870978999778712,112.34514350388875,19.656717141084478,4.720514774164915,84.56744912313967,-0.19235025002207334,0,0.007059760353665831,148.12279119476068,15.093350404812304,23.617643921679576,-12.809024819991924,1.3595295414951065,22.307339592048578,,0.20010274091770572,15.343548663300336,1.4286365630539095e-05,-0.001607286920005645,False,True,False,False,False,False,False,False,False,table,False,,False,,,0.0,
A-10ml-f0.25-p+0.0-above-y180-x+0.0-y+0.0,A,yaw,10,0.25,0,above,180,0,0,18,22.01284832596418,9.071233030783917,2.240207798703662,42.75528824620785,False,65.25,28.4,232857,0,7268,0,6027,0,0,0,0,0,0,1.2099999999999222,,,0.23283842538755917,0.7811588011002094,15.33614361211361,19.956870094608078,4.720514774164915,83.96780511553301,-0.19926124372270093,0,0.0069895997511487855,138.40645549469505,0.05614788154432934,20.709659519356542,-10.26240345813184,0.4502143876706867,22.45602595927479,,0.19879474712039596,0.13761051124385099,1.4837004097464935e-05,-0.001607281598116773,False,True,False,False,False,False,False,False,True,table,False,,False,,,0.0,
A-10ml-f0.25-p+0.0-above-y0-x+0.0-y+6.0,A,dy,10,0.25,0,above,0,0,6,18,22.01284832596418,9.071233030783917,2.240207798703662,42.75528824620785,False,41.76,28.4,213141,0,3823,0,6027,0,0,0,0,0,0,1.2099999999999222,,,0.10679793302630682,0.1210034307411405,15.326738558421802,19.802536814235193,4.720514774164915,84.12429935513508,-0.18974494336492648,0,0.00645513858654399,138.56632725432368,0.2622566765079627,20.114870164705334,-9.662784726980956,0.8671847002079645,22.3878543214668,,0.19685125338377088,5.98632402288808,6.097163388881822e-06,-0.0016072881474630835,False,True,False,False,False,False,False,False,True,table,False,,False,,,0.0,
A-10ml-f0.25-p+0.0-above-y90-x+0.0-y+0.0,A,yaw,10,0.25,0,above,90,0,0,18,22.01284832596418,9.071233030783917,2.240207798703662,42.75528824620785,False,70.23,28.4,232429,0,7266,0,6027,0,0,0,0,0,0,1.2099999999999222,,,0.23555270178902962,0.7735101061720613,15.335915970746981,19.956835780288394,4.720514774164915,83.96787612688915,-0.20006327881619268,0,0.0010075440932510527,138.4010391267165,0.056674105380877936,20.718245418737858,-10.270988515268503,0.4501326871726963,22.45603931571695,,0.19865704420213307,0.14340758701000683,1.6221699278780337e-05,-0.0016072955473020395,False,True,False,False,False,False,False,False,True,table,False,,False,,,0.0,
A-10ml-f0.25-p+10.0-above-y0-x+0.0-y+0.0,A,pitch,10,0.25,10,above,0,0,0,18,22.01284832596418,9.071233030783917,2.240207798703662,42.75528824620785,False,70.62,28.4,195372,0,15762,0,0,3417,0,0,0,0,0,1.3799999999999035,,,2.5921001048885572,6.93413230343037,9.56010951278325,13.974631735010874,4.720514774164915,84.59610244339893,-0.20013332683797153,0,0.002322162528281848,137.0121311044229,1.364245707955529,28.288110017223058,-17.88864288757758,5.605287782822444,21.610390787706997,,0.20012219466638875,0.13135679613989487,1.4463842815886967e-05,-0.0016072864358703774,False,True,False,False,False,False,False,False,True,table,False,,False,,,0.0,
A-10ml-f0.25-p+0.0-above-y0-x+0.0-y+0.0,A,nominal,10,0.25,0,above,0,0,0,18,22.01284832596418,9.071233030783917,2.240207798703662,42.75528824620785,False,72.92,28.4,231666,0,6918,0,6027,0,0,0,0,0,0,1.2099999999999222,,,0.21215584952969754,0.7636355053800471,15.33342889017119,19.956805420626797,4.720514774164915,83.96791134681027,-0.19933288872145405,0,0.006758275748210119,138.40785868355468,0.05605962970536442,20.656827446336585,-10.209596448922623,0.45752688204297365,22.45483050747065,,0.20011979291738152,0.1381857451144432,1.3872179782028085e-05,-0.0016072868862389775,False,True,False,False,False,False,False,False,True,table,False,,False,,,0.0,
A-10ml-f0.25-p+0.0-above-y0-x+6.0-y+0.0,A,dx,10,0.25,0,above,0,6,0,18,22.01284832596418,9.071233030783917,2.240207798703662,42.75528824620785,False,84.77,28.4,142158,0,18885,0,5994,0,0,0,0,0,0,1.2099999999999222,,,2.799917060494101,9.053028043474011,15.599182451596288,19.951088326421598,4.720514774164915,84.07955319862606,-0.19953635018254978,0,0.005864065501742783,142.22197764163016,3.004955765320648,29.749422599429398,-18.53712523135602,9.542698664070391,20.955089039174283,,0.20057529694622006,1.023326083703031,0.5025351238413392,0.07331950701448685,False,True,False,False,False,False,False,False,True,table,False,,False,,,0.0,
A-10ml-f0.25-p+20.0-above-y0-x+0.0-y+0.0,A,pitch,10,0.25,20,above,0,0,0,18,22.01284832596418,9.071233030783917,2.240207798703662,42.75528824620785,False,85.72,28.4,166977,0,10316,0,0,3504,0,0,0,0,0,1.3699999999999046,,,3.5171976091461548,12.838651599583129,11.849232598526328,16.634905852449595,4.720514774164915,82.57732963010741,-0.20008056991065865,0,0.0025593851374991847,137.23825481332324,7.075249603109335,33.0085083344534,-23.53594487777473,11.918459248271741,20.552711460957482,,0.2001289483110674,3.0296897874954243,1.5056462251787269e-05,-0.0016072855032303356,False,True,False,False,False,False,False,False,True,table,False,,False,,,0.0,
A-10ml-f0.25-p+5.0-above-y0-x+0.0-y+0.0,A,pitch,10,0.25,5,above,0,0,0,18,22.01284832596418,9.071233030783917,2.240207798703662,42.75528824620785,False,88.58,28.4,127320,753,19064,0,2766,3135,0,0,0,0,0,1.367499999999905,,,8.929585114583581,6.102928174392205,9.562417499440878,12.655030144390176,4.720514774164915,89.16692483101386,-0.19907017855461812,753,0.014327585705620639,132.74090180388586,5.373958348084111,44.538410252347504,-34.42918497826276,4.987851454870958,21.71219186678271,,0.20010071484492167,0.34278937480263877,1.5007971104097566e-05,-0.001607286903112371,False,True,False,False,False,False,False,False,True,table,False,,False,,,0.0,
A-10ml-f0.25-p+0.0-above-y0-x+0.0-y-6.0,A,dy,10,0.25,0,above,0,0,-6,18,22.01284832596418,9.071233030783917,2.240207798703662,42.75528824620785,False,96.15,28.4,224407,0,5221,0,6027,0,0,0,0,0,0,1.2099999999999222,,,0.2411589140993531,0.8264120784035375,15.32757035530528,19.910127213748332,4.720514774164915,84.0233062628916,-0.19979418953060962,0,0.0020566576985849177,138.39085055070674,0.16346759928114443,20.619984600269454,-10.169935707745562,0.7710494281110873,22.403572814298883,,0.2001027269769239,5.99747832159247,1.463916852406315e-05,-0.0016072869153830073,False,True,False,False,False,False,False,False,True,table,False,,False,,,0.0,
A-10ml-f0.25-p+0.0-above-y0-x+0.0-y-3.0,A,dy,10,0.25,0,above,0,0,-3,18,22.01284832596418,9.071233030783917,2.240207798703662,42.75528824620785,False,97.48,28.4,214537,0,4518,0,6027,0,0,0,0,0,0,1.2099999999999222,,,0.1706496939557622,0.47175101772771255,15.326736394737605,19.880443619042698,4.720514774164915,84.05369698587673,-0.20003864751270972,0,0.0013788530007107713,138.48352020799462,0.1966794607957492,20.433439232558683,-9.98281995007054,0.7875632976326985,22.400872785027317,,0.20010250922736691,3.001365252404541,1.3713635377634418e-05,-0.0016072869059899856,False,True,False,False,False,False,False,False,True,table,False,,False,,,0.0,
A-10ml-f0.50-p-20.0-above-y0-x+0.0-y+0.0,A,pitch,10,0.5,-20,above,0,0,0,18,22.01284832596418,18.142466061567834,4.480415597407324,47.89775430777567,False,64.34,28.4,0,0,0,0,3699,0,0,0,0,0,1488,0.6499999999999838,,,0.8024797388102155,0.005053008747289685,64.82793034689466,69.60009193645513,4.720514774164915,-0.001604974947698123,-0.2000998689790784,0,1.7998863339656656e-07,199.07615352723948,4.640388271442994,117.46960449163554,-97.95133438080045,1.2692257719825012e-05,13.45838911962592,,0.2000998689792144,1.1291532574987484e-07,1.2224178295571348e-05,-0.0016049749478518397,False,False,False,False,False,False,False,False,True,table,False,,False,,,0.0,
A-10ml-f0.50-p-5.0-above-y0-x+0.0-y+0.0,A,pitch,10,0.5,-5,above,0,0,0,18,22.01284832596418,18.142466061567834,4.480415597407324,47.89775430777567,False,62.0,28.4,232990,0,3184,0,2743,0,0,0,0,0,0,1.0499999999999399,,,0.0851503282891858,0.2136893179646697,25.926422297494263,30.60933476787679,4.720514774164915,73.30728090754839,-0.1994043829798703,0,0.007111378644931211,146.89217548529942,0.6842065107421749,36.12031796492286,-16.615381855218008,1.814312247246568,13.161705573655126,,0.20010912955602325,0.07373221769947004,1.2401778567452335e-05,-0.0016049749358988507,False,True,False,False,False,False,False,False,True,table,False,,False,,,0.0,
A-10ml-f0.25-p-10.0-above-y0-x+0.0-y+0.0,A,pitch,10,0.25,-10,above,0,0,0,18,22.01284832596418,9.071233030783917,2.240207798703662,42.75528824620785,False,108.81,28.4,76439,0,0,0,3072,0,0,0,0,0,0,0.9099999999999552,,,1.0312558821997466,1.3806175838259143,40.458531883890316,43.82249244037379,4.720514774164915,57.545631523142816,-0.2003854715308534,0,0.0022971491909889743,150.87405598790497,16.80939911101072,43.11413584342619,-36.22079653807871,17.604329693533714,19.55772196055853,,0.2001213919110003,4.450508706601496,2.149219083774474,0.3466543537885359,False,True,False,False,False,False,False,False,True,table,False,,False,,,0.0,
A-10ml-f0.25-p+0.0-above-y0-x+3.0-y+0.0,A,dx,10,0.25,0,above,0,3,0,18,22.01284832596418,9.071233030783917,2.240207798703662,42.75528824620785,False,112.47,28.4,192986,0,15061,0,6023,0,0,0,0,0,0,1.2099999999999222,,,1.0502907489739277,3.93773484150385,15.494071055970306,19.955958309063575,4.720514774164915,84.02104916060685,-0.20005175250262935,0,0.0015559550594574077,140.32941507921376,1.7843473877548108,25.175298076459494,-14.55690939045412,4.2228066159875075,21.838067477825067,,0.20007620570128742,0.8270594407305797,0.23117004094818894,0.03058649867925728,False,True,False,False,False,False,False,False,True,table,False,,False,,,0.0,
A-10ml-f0.50-p+0.0-diagonal-y0-x+0.0-y+0.0,A,approach,10,0.5,0,diagonal,0,0,0,18,22.01284832596418,18.142466061567834,4.480415597407324,47.89775430777567,False,54.71,28.4,155431,0,2167,0,4675,0,0,0,0,0,0,1.1174999999999324,,,0.11270658799639668,0.42276132991427345,15.326589336767588,19.656482162800923,4.720514774164915,84.56667545815112,-0.1918691754050489,0,0.00681021374912724,148.12290447573528,14.961314389073777,25.070078026287717,-5.251770791229987,1.144857842223667,13.27121584973586,,0.20004157787325422,15.29550106720947,1.210433051621537e-05,-0.00160496311488001,False,True,False,False,False,False,False,False,False,table,False,,False,,,0.0,
A-10ml-f0.50-p+5.0-above-y0-x+0.0-y+0.0,A,pitch,10,0.5,5,above,0,0,0,18,22.01284832596418,18.142466061567834,4.480415597407324,47.89775430777567,False,76.48,28.4,147852,2499,9561,0,2778,3141,0,0,0,0,0,1.367499999999905,,,2.184452397352022,4.867705315353205,9.562456614915103,12.655027703767697,4.720514774164915,89.1665977203265,-0.2009633465002436,2499,0.013522210915566407,133.16971087918424,2.1243149921462687,43.29827989896599,-23.74401254781644,0.9154728193382013,13.308725698721927,,0.20010248571074915,1.2170497525534838,1.289169934879393e-05,-0.001604974959117064,False,True,False,False,False,False,False,False,True,table,False,,False,,,0.0,
A-10ml-f0.50-p+0.0-side-y0-x+0.0-y+0.0,A,approach,10,0.5,0,side,0,0,0,18,22.01284832596418,18.142466061567834,4.480415597407324,47.89775430777567,False,65.87,28.4,155431,0,2434,0,6345,0,0,0,0,0,0,0.0025,,,0.11467909127062974,0.46008379203539046,112.34514350388875,19.656280120023833,4.720514774164915,84.56709993559045,-0.19195800884170416,0,0.006915937083847757,148.11555002950573,14.955463270336287,25.08422411830102,-5.257501307325704,1.177297039490459,13.265910820990399,,0.2000293315516203,15.304040633207762,1.2720940824698908e-05,-0.0016049604081252047,False,True,False,False,False,False,False,False,False,table,False,,False,,,0.0,
A-10ml-f0.50-p+0.0-above-y0-x+0.0-y-6.0,A,dy,10,0.5,0,above,0,0,-6,18,22.01284832596418,18.142466061567834,4.480415597407324,47.89775430777567,False,35.83,28.4,223043,0,4096,0,6027,0,0,0,0,0,0,1.2099999999999222,,,0.1251873920701843,0.25471155577373533,15.326663247029652,19.905450213517984,4.720514774164915,84.02900501978183,-0.1912708153705006,0,0.006597880170141194,138.62605723166826,0.30055552775748157,25.52945915888483,-6.004103296338423,1.136772266231919,13.272538126674965,,0.1910891430965275,6.0221160780481915,9.545479552082124e-06,-0.0016048730013258233,False,True,False,False,False,False,False,False,True,table,False,,False,,,0.0,
A-10ml-f0.50-p+0.0-above-y0-x+0.0-y+3.0,A,dy,10,0.5,0,above,0,0,3,18,22.01284832596418,18.142466061567834,4.480415597407324,47.89775430777567,False,29.0,28.4,216665,0,1657,0,6027,0,0,0,0,0,0,1.2099999999999222,,,0.07049499849149468,0.026107875742626824,15.326663604309214,19.829398682330442,4.720514774164915,84.1005583109033,-0.19023449358741146,0,0.007273777906048318,138.6359174587098,0.11485894058879817,24.916620441641943,-5.396784887815601,0.6244518109467107,13.356307730287485,,0.19823854998831575,3.000967500934822,1.651119651020547e-05,-0.0016049746099027736,False,True,False,False,False,False,False,False,True,table,False,,False,,,0.0,
A-10ml-f0.50-p+0.0-above-y0-x-6.0-y+0.0,A,dx,10,0.5,0,above,0,-6,0,18,22.01284832596418,18.142466061567834,4.480415597407324,47.89775430777567,False,50.41,28.4,9944,0,0,0,3319,0,0,50679,0,0,1488,1.2099999999999222,,,82.97869853956632,91.73210815840618,19.29274721079966,19.812584081413252,4.720514774164915,81.96708780401704,-0.20011405454434944,0,0.001284058261289705,123.83075120621534,29.753606332566275,34.9012789868845,-14.632759091263006,1.4377156331262182,13.223317824249586,,0.20970879163710798,163.74603805347465,90.0034933335086,11.144236409939312,False,False,False,False,False,False,False,False,False,table,False,,False,,,0.0,
A-10ml-f0.50-p+0.0-above-y180-x+0.0-y+0.0,A,yaw,10,0.5,0,above,180,0,0,18,22.01284832596418,18.142466061567834,4.480415597407324,47.89775430777567,False,68.61,28.4,222475,0,7194,0,6027,0,0,0,0,0,0,1.2099999999999222,,,0.22321332580749476,0.8157651108879183,15.336274340343563,19.95687099955586,4.720514774164915,83.96728958414532,-0.1989339175447538,0,0.007165383959191552,138.40469541802943,0.07647695388430086,25.98546233292227,-6.467324983839743,0.48779626239859303,13.378648990408031,,0.20012169476698138,0.13851944570486618,1.2720940824698908e-05,-0.0016049749916607755,False,True,False,False,False,False,False,False,True,table,False,,False,,,0.0,
A-10ml-f0.50-p+0.0-above-y0-x-3.0-y+0.0,A,dx,10,0.5,0,above,0,-3,0,18,22.01284832596418,18.142466061567834,4.480415597407324,47.89775430777567,False,55.48,28.4,1356,0,0,0,6020,0,0,96714,0,0,1481,1.2099999999999222,,,4.233879594238043,4.632602230528171,15.327181911104839,19.945662575078632,4.720514774164915,52.16782861145321,-0.19998182072399756,0,0.005220112662732312,146.41234280387502,42.56124943077812,64.62565546066156,-45.50272278449323,2.420308295997848,13.062506791767008,,0.20000875142778674,41.57080303513139,1.4342594473016566,0.2288221058577958,False,False,False,False,False,False,False,False,False,table,False,,False,,,0.0,
A-10ml-f0.50-p+10.0-above-y0-x+0.0-y+0.0,A,pitch,10,0.5,10,above,0,0,0,18,22.01284832596418,18.142466061567834,4.480415597407324,47.89775430777567,False,84.11,28.4,184034,0,14265,0,0,3421,0,0,0,0,0,1.3799999999999035,,,3.0658349450138362,6.892273108732515,9.560132853730408,13.97462915737007,4.720514774164915,84.59184677916038,-0.2001553045802018,0,0.002659609648893051,136.99103795117273,0.9395286237240896,41.78137124021693,-22.22257626998822,1.8246441634315254,13.16001490624448,,0.2001052164427183,0.2927937252608215,1.2634696163675251e-05,-0.0016049749675457671,False,True,False,False,False,False,False,False,True,table,False,,False,,,0.0,
A-10ml-f0.50-p+0.0-above-y0-x+0.0-y+0.0,A,nominal,10,0.5,0,above,0,0,0,18,22.01284832596418,18.142466061567834,4.480415597407324,47.89775430777567,False,95.45,28.4,225809,0,6890,0,6027,0,0,0,0,0,0,1.2099999999999222,,,0.2047877492995416,0.7669482313051748,15.332619891250902,19.95677969054297,4.720514774164915,83.96742490308144,-0.20000306351515562,0,0.004847976696795497,138.40235732693617,0.07615055463285599,25.936146866010755,-6.4180280154588765,0.4750559755140051,13.38073179796747,,0.2001001965894264,0.13261541453073292,1.319902026398418e-05,-0.0016049749443625768,False,True,False,False,False,False,False,False,True,table,False,,False,,,0.0,
A-10ml-f0.50-p+0.0-above-y0-x+0.0-y+6.0,A,dy,10,0.5,0,above,0,0,6,18,22.01284832596418,18.142466061567834,4.480415597407324,47.89775430777567,False,37.95,28.4,223129,0,4550,0,6027,0,0,0,0,0,0,1.2099999999999222,,,0.15459632480924854,0.4522161687070694,15.326663157064123,19.934688657105056,4.720514774164915,84.00414030473212,-0.19945882851214042,0,0.006408462733166378,138.57309338036612,0.25961668286630785,25.72013801200766,-6.19583598127707,1.1014704313291617,13.27831113609918,,0.1997473936788767,6.023646359879198,1.5056462251787269e-05,-0.0016052037329093855,False,True,False,False,False,False,False,False,True,table,False,,False,,,0.0,
A-10ml-f0.50-p+0.0-above-y90-x+0.0-y+0.0,A,yaw,10,0.5,0,above,90,0,0,18,22.01284832596418,18.142466061567834,4.480415597407324,47.89775430777567,False,76.62,28.4,222857,0,7272,0,6027,0,0,0,0,0,0,1.2099999999999222,,,0.2264449773074853,0.7736493039767056,15.335462308672543,19.956834115126924,4.720514774164915,83.96736557620912,-0.19991910181819256,0,0.006543301042320692,138.4028159364848,0.07752849140405878,25.9955272979306,-6.477402745115532,0.4874450948578647,13.378706400084088,,0.2001019082197713,0.1411801867165546,1.3088102160853195e-05,-0.0016049749402284245,False,True,False,False,False,False,False,False,True,table,False,,False,,,0.0,
A-10ml-f0.50-p-10.0-above-y0-x+0.0-y+0.0,A,pitch,10,0.5,-10,above,0,0,0,18,22.01284832596418,18.142466061567834,4.480415597407324,47.89775430777567,False,109.1,28.4,71935,0,0,0,3072,0,0,0,0,0,0,0.9099999999999552,,,1.0405845408367338,1.4090526931169658,40.5100760645738,43.865471530797166,4.720514774164915,57.53788261916987,-0.20033198396910562,0,0.0018514933020205473,150.84673081863176,17.53483339172113,48.195443226161736,-32.634664366211915,17.586602434295983,10.489678260156465,,0.20008621136909135,5.915288820216274,3.275924129791807,0.53067488993174,False,True,False,False,False,False,False,False,True,table,False,,False,,,0.0,
A-10ml-f0.50-p+0.0-above-y270-x+0.0-y+0.0,A,yaw,10,0.5,0,above,270,0,0,18,22.01284832596418,18.142466061567834,4.480415597407324,47.89775430777567,False,84.6,28.4,225822,0,7448,0,6027,0,0,0,0,0,0,1.2099999999999222,,,0.23729922919397792,0.7804476725884871,15.33550677631539,19.956844304940606,4.720514774164915,83.96745289188893,-0.2000008039431192,0,0.0006952531045007437,138.39826364528264,0.07842822176388943,25.988837132071932,-6.470743358110348,0.47959427391716036,13.379989868766721,,0.20010379168366768,0.1525288206370873,1.225395709315776e-05,-0.001604974951398653,False,True,False,False,False,False,False,False,True,table,False,,False,,,0.0,
A-10ml-f0.80-p-10.0-above-y0-x+0.0-y+0.0,A,pitch,10,0.8,-10,above,0,0,0,18,22.01284832596418,29.027945698508535,7.16866495585172,58.783233944716386,False,40.34,28.4,38374,0,0,0,1724,0,0,0,0,0,0,0.9099999999999552,,,1.2053362082302237,5.608503706092705,58.243530501785806,43.895502665828495,4.720514774164915,0.41707691629969573,-0.19999834632251912,0,0.004895053281252551,204.354724944786,0.5029602200022683,120.24858835611424,-89.84615837803462,0.28497052641162046,2.526326911503378,,0.20073559216283673,4.233951849547194,3.480608699867295,0.5632344250930332,False,True,False,False,False,False,False,False,True,table,False,,False,,,0.0,
A-10ml-f0.80-p+0.0-side-y0-x+0.0-y+0.0,A,approach,10,0.8,0,side,0,0,0,18,22.01284832596418,29.027945698508535,7.16866495585172,58.783233944716386,False,30.12,28.4,155419,0,1325,0,6346,0,0,0,0,0,0,0.0025,,,0.07746306017665862,0.18950885172946366,112.34514350388875,19.65607671365558,4.720514774164915,84.56658158159964,-0.1920108323435754,0,0.006923131438678936,148.11471159336745,14.746938582130491,35.64124279824887,-4.933203753547582,1.1780312367260173,2.380311113773748,,0.2000264928757635,15.278060819466194,1.0833173112455685e-05,-0.001585524147512449,False,True,False,False,False,False,False,False,False,table,False,,False,,,0.0,
A-10ml-f0.50-p+20.0-above-y0-x+0.0-y+0.0,A,pitch,10,0.5,20,above,0,0,0,18,22.01284832596418,18.142466061567834,4.480415597407324,47.89775430777567,False,107.77,28.4,151113,0,6872,0,0,3504,0,0,0,0,0,1.3699999999999046,,,2.804713000723382,12.913221396718255,11.849688565517374,16.634903095013073,4.720514774164915,82.57507646906414,-0.20034050811829074,0,0.0005145554303137398,137.2058606902844,8.646393718351296,34.60806553401635,-16.525651702115283,11.658662719873503,11.525797386906305,,0.20013231451137328,3.420106361038531,1.303228910417746e-05,-0.0016049745825487058,False,True,False,False,False,False,False,False,True,table,False,,False,,,0.0,
A-10ml-f0.80-p-5.0-above-y0-x+0.0-y+0.0,A,pitch,10,0.8,-5,above,0,0,0,18,22.01284832596418,29.027945698508535,7.16866495585172,58.783233944716386,False,48.27,28.4,221354,0,0,0,2743,0,0,0,0,0,0,1.0499999999999399,,,0.12081421066316154,0.18172984420899882,25.916385923780464,30.609356431571833,4.720514774164915,73.30663707017752,-0.20011722813931265,0,0.006016260404727292,146.88002476078785,0.023363677282466744,46.41289251323557,-16.001954189507313,1.6359489042064224,2.305409546151171,,0.2000040796738545,0.05641599725458844,9.77188602642399e-06,-0.001585525574304186,False,True,False,False,False,False,False,False,True,table,False,,False,,,0.0,
A-10ml-f0.50-p+0.0-above-y0-x+3.0-y+0.0,A,dx,10,0.5,0,above,0,3,0,18,22.01284832596418,18.142466061567834,4.480415597407324,47.89775430777567,False,91.69,28.4,184020,0,13546,0,6021,0,0,0,0,0,0,1.2099999999999222,,,1.1101851477481228,4.018293280393526,15.535793622276469,19.955856782373377,4.720514774164915,84.02060917094465,-0.198175706991148,0,0.0075492075029409775,140.319890325992,1.4584807967704572,29.53352354066144,-9.887579117967075,4.044589952204956,12.796119800190272,,0.20011585000856502,0.8288018686663624,0.10733298453655889,0.009748530361529307,False,True,False,False,False,False,False,False,True,table,False,,False,,,0.0,
A-10ml-f0.80-p+0.0-diagonal-y0-x+0.0-y+0.0,A,approach,10,0.8,0,diagonal,0,0,0,18,22.01284832596418,29.027945698508535,7.16866495585172,58.783233944716386,False,39.37,28.4,155421,0,1304,0,4685,0,0,0,0,0,0,1.1174999999999324,,,0.07451784058245058,0.14741347853027983,15.326492145174276,19.6563390102987,4.720514774164915,84.56600318906634,-0.19179757358116223,0,0.006887801899573652,148.11692322132114,14.748718945438771,35.634804678144164,-4.930267707110233,1.1643857254552838,2.3825426840699917,,0.2000797021409564,15.26903369236728,9.80911239371097e-06,-0.0015855068319732461,False,True,False,False,False,False,False,False,False,table,False,,False,,,0.0,
A-10ml-f0.50-p+0.0-above-y0-x+6.0-y+0.0,A,dx,10,0.5,0,above,0,6,0,18,22.01284832596418,18.142466061567834,4.480415597407324,47.89775430777567,False,85.89,28.4,136391,0,16845,0,5995,0,0,0,0,0,0,1.2099999999999222,,,2.271673827074903,8.661269510296446,15.597893409256578,19.95108323481616,4.720514774164915,84.0787701525576,-0.19942921620800386,0,0.006802421558846124,142.22113678044556,2.674266817056539,32.821258402477376,-12.707595102824751,9.160430216886098,11.948040560654094,,0.19989540052954252,1.2334357073187043,0.17403906901367475,0.020606840050616297,False,True,False,False,False,False,False,False,True,table,False,,False,,,0.0,
A-10ml-f0.80-p-20.0-above-y0-x+0.0-y+0.0,A,pitch,10,0.8,-20,above,0,0,0,18,22.01284832596418,29.027945698508535,7.16866495585172,58.783233944716386,False,70.04,28.4,0,0,0,0,3699,0,0,0,0,0,0,0.6499999999999838,,,0.8024797388007341,0.005053296098100224,64.82793034689466,69.6000725335065,4.720514774164915,-0.0015855253265913665,-0.200099186569401,0,1.9000560949453786e-07,199.07613832660317,5.406984803444722,119.57667429079008,-89.17292450865466,1.1262047877356564e-05,2.5729097164822736,,0.2000991865694669,1.2025284271649235e-07,1.1131846416284069e-05,-0.0015855253266393297,False,True,False,False,False,False,False,False,True,table,False,,False,,,0.0,
A-10ml-f0.50-p+0.0-above-y0-x+0.0-y-3.0,A,dy,10,0.5,0,above,0,0,-3,18,22.01284832596418,18.142466061567834,4.480415597407324,47.89775430777567,False,90.11,28.4,213409,0,3934,0,6027,0,0,0,0,0,0,1.2099999999999222,,,0.11828157678574691,0.16672748226219503,15.326663538576282,19.875245917676033,4.720514774164915,84.05605771382122,-0.2013299613303765,0,0.0011862730830963313,138.59242895649712,0.1316363859588836,25.418009083977434,-5.897524658475706,0.7635959905759686,13.333558418902301,,0.2001025443453412,3.002006823483001,1.3309014001239913e-05,-0.0016049749565443358,False,True,False,False,False,False,False,False,True,table,False,,False,,,0.0,
A-10ml-f0.80-p+0.0-above-y0-x-6.0-y+0.0,A,dx,10,0.8,0,above,0,-6,0,18,22.01284832596418,29.027945698508535,7.16866495585172,58.783233944716386,False,47.38,28.4,849,0,0,0,6020,0,0,80418,0,0,0,1.2099999999999222,,,8.143851543757762,2.830608241043483,15.329929960580309,19.73532299020298,4.720514774164915,60.37581015624643,-0.20001936451929242,0,0.004994807615386263,142.35326892794686,30.921625517010135,59.8069857882627,-28.755254920497254,1.189302863763841,2.378467749140541,,0.2001218641807858,24.479158982028366,1.2164402004367092e-05,-0.001585525304147897,False,True,False,False,False,False,False,False,False,table,False,,False,,,0.0,
A-10ml-f0.80-p+0.0-above-y0-x-3.0-y+0.0,A,dx,10,0.8,0,above,0,-3,0,18,22.01284832596418,29.027945698508535,7.16866495585172,58.783233944716386,False,52.37,28.4,1344,0,0,0,5937,0,0,4351,0,0,0,1.2099999999999222,,,1.0628978461949812,7.464132021388639,19.622408164355377,19.946990564718988,4.720514774164915,0.459796118155243,-0.20195860287959555,0,0.003422162936512387,199.15601297257214,34.54109523630266,119.52949797188379,-89.5459391792738,4.052068747162317,1.9094114773783175,,0.1997876471791302,31.433343609516946,0.17613202888781773,0.020965049513707926,False,True,False,False,False,False,False,False,False,table,False,,False,,,0.0,
A-10ml-f0.80-p+0.0-above-y0-x+0.0-y+3.0,A,dy,10,0.8,0,above,0,0,3,18,22.01284832596418,29.027945698508535,7.16866495585172,58.783233944716386,False,28.59,28.4,211905,0,2724,0,6027,0,0,0,0,0,0,1.2099999999999222,,,0.09345021278219547,0.07013382833590094,15.32657660029,19.810216860341143,4.720514774164915,84.1144071217305,-0.18998815492210497,0,0.006478151477716305,138.6055356290015,0.019090301673995023,35.89906168474514,-5.494934273324869,0.6867807766796423,2.4606378136979785,,0.19820876276968366,2.9994631672205316,1.1891690845819462e-05,-0.0015855240861230892,False,True,False,False,False,False,False,False,True,table,False,,False,,,0.0,
A-10ml-f0.80-p+20.0-above-y0-x+0.0-y+0.0,A,pitch,10,0.8,20,above,0,0,0,18,22.01284832596418,29.027945698508535,7.16866495585172,58.783233944716386,False,74.51,28.4,161891,0,2574,0,0,3503,0,0,0,0,0,1.3699999999999046,,,2.719548371008478,9.694839886199297,11.848785007917833,16.634883493935245,4.720514774164915,82.57086324636849,-0.2002955960047903,0,0.0008989090296395518,137.19783103431084,9.557122190369153,43.92957636198938,-14.184692638723295,4.183741071968893,1.8877753650429052,,0.20013257723192626,3.4282605333310094,1.1000103948581645e-05,-0.0015855244053585124,False,True,False,False,False,False,False,False,True,table,False,,False,,,0.0,
A-10ml-f0.80-p+5.0-above-y0-x+0.0-y+0.0,A,pitch,10,0.8,5,above,0,0,0,18,22.01284832596418,29.027945698508535,7.16866495585172,58.783233944716386,False,79.85,28.4,115026,831,10684,0,2887,3113,0,0,0,0,0,1.367499999999905,,,137.37448919555106,92.20436599497482,9.562390603367367,12.65500797640486,4.720514774164915,89.16610538252175,-0.20028139999830885,831,0.013772064062681827,133.09113305821907,5.528092317757831,52.769332335634836,-22.604686913738405,2.7677711988872273,2.120110473363612,,0.048273048469891534,128.96156418535236,90.00182444566475,11.005783231553199,False,True,False,False,False,False,False,False,False,table,False,,False,,,0.0,
A-10ml-f0.80-p+0.0-above-y0-x+6.0-y+0.0,A,dx,10,0.8,0,above,0,6,0,18,22.01284832596418,29.027945698508535,7.16866495585172,58.783233944716386,False,56.52,28.4,135183,0,9170,0,6003,0,0,0,0,0,0,1.2099999999999222,,,1.8865934846234542,7.998175631014163,15.58793171829639,19.951036269045545,4.720514774164915,84.07789762847207,-0.19950539270845863,0,0.006383484146702085,142.22185518002328,2.972803358957156,43.236929762244095,-12.49989423904349,5.354747871562737,1.6950110158232203,,0.1997580005427286,0.7873445005817902,0.09425121553268219,0.007584049071697973,False,True,False,False,False,False,False,False,True,table,False,,False,,,0.0,
A-10ml-f0.80-p+0.0-above-y90-x+0.0-y+0.0,A,yaw,10,0.8,0,above,90,0,0,18,22.01284832596418,29.027945698508535,7.16866495585172,58.783233944716386,False,81.78,28.4,218491,0,8312,0,6027,0,0,0,0,0,0,1.2099999999999222,,,0.2133989001470529,0.7559509736436243,15.33257953793006,19.956834224777786,4.720514774164915,83.96670745081742,-0.2000365776724522,0,0.0024998781178569773,138.4071343393928,0.1325904868302627,37.783724545908115,-7.380327764525213,0.648037180537163,2.466972106706383,,0.20010106643063102,0.15107280988925095,1.1922300139301147e-05,-0.0015855253294193015,False,True,False,False,False,False,False,False,True,table,False,,False,,,0.0,
A-10ml-f0.80-p+0.0-above-y0-x+0.0-y-6.0,A,dy,10,0.8,0,above,0,0,-6,18,22.01284832596418,29.027945698508535,7.16866495585172,58.783233944716386,False,55.57,28.4,208603,0,3989,0,6027,0,0,0,0,0,0,1.2099999999999222,,,0.07730852218699127,0.2724824003933605,15.326574096475962,19.881961070180502,4.720514774164915,84.05343222960344,-0.1956205261775812,0,0.007117135532128982,138.97298668652368,0.3401406327448306,36.363420101829675,-5.9560985675189,0.5566279705066607,2.481916466650043,,0.20010221384578367,6.0299730211745475,1.1891690845819462e-05,-0.0015855253280549135,False,True,False,False,False,False,False,False,True,table,False,,False,,,0.0,
A-10ml-f0.80-p+0.0-above-y270-x+0.0-y+0.0,A,yaw,10,0.8,0,above,270,0,0,18,22.01284832596418,29.027945698508535,7.16866495585172,58.783233944716386,False,79.89,28.4,220187,0,8396,0,6027,0,0,0,0,0,0,1.2099999999999222,,,0.22274846627025924,0.7692379754033432,15.33210770085533,19.956832588336955,4.720514774164915,83.96686309341261,-0.20006433465959844,0,0.0015928184263321956,138.39423903781096,0.13556098585050283,37.96311342717927,-7.55964354948685,0.6523695962707616,2.4662637935173946,,0.20009171320787086,0.1633681248556487,1.142271288210643e-05,-0.001585511820410339,False,True,False,False,False,False,False,False,True,table,False,,False,,,0.0,
A-10ml-f0.80-p+10.0-above-y0-x+0.0-y+0.0,A,pitch,10,0.8,10,above,0,0,0,18,22.01284832596418,29.027945698508535,7.16866495585172,58.783233944716386,False,92.06,28.4,160484,0,10150,0,0,3421,0,0,0,0,0,1.3799999999999035,,,1.7990554489421515,0.9774214071826891,9.560053130593394,13.974609426133254,4.720514774164915,84.58508086766601,-0.20016795796552744,0,0.00295803716398031,136.96733941785857,5.658533217250485,52.96543459558554,-22.71273422786241,1.6307089288726009,2.306266823783904,,0.2001251573178353,1.7567264331932688,1.142271288210643e-05,-0.0015855275661385063,False,True,False,False,False,False,False,False,True,table,False,,False,,,0.0,
A-10ml-f0.80-p+0.0-above-y0-x+0.0-y+6.0,A,dy,10,0.8,0,above,0,0,6,18,22.01284832596418,29.027945698508535,7.16866495585172,58.783233944716386,False,49.44,28.4,210998,0,4211,0,6027,0,0,0,0,0,0,1.2099999999999222,,,0.12633315443336063,0.22437633338951976,15.326575735640942,19.91879547822554,4.720514774164915,84.02084744566811,-0.19938962947474437,0,0.00659092165480971,138.66406006667384,0.10252051512037234,36.42938043520187,-6.022390999875602,1.194164975928912,2.377672593491973,,0.19982448938726657,6.028585386179358,1.2948118433879161e-05,-0.001585511120231243,False,True,False,False,False,False,False,False,True,table,False,,False,,,0.0,
A-10ml-f0.80-p+0.0-above-y0-x+0.0-y+0.0,A,nominal,10,0.8,0,above,0,0,0,18,22.01284832596418,29.027945698508535,7.16866495585172,58.783233944716386,False,99.63,28.4,218357,0,7871,0,6027,0,0,0,0,0,0,1.2099999999999222,,,0.23268696226227517,0.8124739547219935,15.332175727596267,19.95676563590957,4.720514774164915,83.96679713315703,-0.2000714026173453,0,0.0028476356878566755,138.3997950114137,0.12776406661172113,37.783861560145326,-7.3806038384169605,0.6317628215497894,2.4696328154694887,,0.20010072520629835,0.17946880203973106,1.024528375501914e-05,-0.001585525317404238,False,True,False,False,False,False,False,False,True,table,False,,False,,,0.0,
A-20ml-f0.25-p+0.0-above-y0-x+0.0-y+0.0,A,nominal,20,0.25,0,above,0,0,0,18,27.734450974025386,10.848006492240843,4.595695685163375,29.524082122566295,False,46.53,31.4,204607,63640,518,0,4604,0,0,0,0,0,0,1.447499999999896,7.933499999998323,21.05899999999627,0.4176863892710341,0.10273677945994228,9.56656999335556,21.852353115007837,18.309321063310293,95.66063949120463,5.781312565585665,63640,84.54464088803806,3.306528010387231,0.09751681677776833,8.542628601446161,4.039207772323125,0.27882529980371545,32.208630943775276,0.23550528869446125,0.4003010511486746,0.062305296074678565,6.821111793067845e-05,-0.001560618904437485,False,True,True,True,True,True,False,True,True,table,False,0.15995699764853602,False,,,3.0,
A-10ml-f0.80-p+0.0-above-y180-x+0.0-y+0.0,A,yaw,10,0.8,0,above,180,0,0,18,22.01284832596418,29.027945698508535,7.16866495585172,58.783233944716386,False,92.08,28.4,219412,0,8275,0,6027,0,0,0,0,0,0,1.2099999999999222,,,0.23099784281240748,0.7860160325958961,15.334268064375388,19.95686079890577,4.720514774164915,83.96670348727707,-0.20002222556781551,0,0.0012696464074357283,138.40811583218226,0.1323254743034203,37.73339048747439,-7.330028941360089,0.6373564282822856,2.4687183138589255,,0.20006281582202637,0.16101548094062162,0.1635073506917354,0.01892442386957274,False,True,False,False,False,False,False,False,True,table,False,,False,,,0.0,
A-10ml-f0.80-p+0.0-above-y0-x+3.0-y+0.0,A,dx,10,0.8,0,above,0,3,0,18,22.01284832596418,29.027945698508535,7.16866495585172,58.783233944716386,False,86.88,28.4,190470,0,9919,0,6027,0,0,0,0,0,0,1.2099999999999222,,,0.757000516161304,2.8868028830601435,15.412669090197756,19.955882946909043,4.720514774164915,84.01990915159291,-0.20004613335230376,0,0.0011104156549695482,140.32094573244308,2.115946908207261,43.00234632748196,-12.551810509504103,1.1966329073164361,2.377268983960512,,0.1978626124512026,0.35662021330564314,1.8685748614844558e-05,-0.0015856756693666434,False,True,False,False,False,False,False,False,True,table,False,,False,,,0.0,
A-20ml-f0.25-p-10.0-above-y0-x+0.0-y+0.0,A,pitch,20,0.25,-10,above,0,0,0,18,27.734450974025386,10.848006492240843,4.595695685163375,29.524082122566295,False,64.04,28.4,191340,0,16671,0,2727,0,0,0,0,0,0,1.0549999999999393,,,2.5835795747363854,4.167236085462012,26.061063093055747,43.88614859267713,18.309321063310293,73.62605912950993,-0.20012873725736707,0,0.00034145834711224476,146.87650610443825,1.8031681000341335,39.91516280157799,-27.386801987961952,5.002173209786517,31.207403522974246,,0.200048965983958,2.57789700696723,0.4083233556383837,0.07959420017831478,False,True,False,False,False,False,False,False,True,table,False,,False,,,0.0,
A-20ml-f0.25-p+10.0-above-y0-x+0.0-y+0.0,A,pitch,20,0.25,10,above,0,0,0,18,27.734450974025386,10.848006492240843,4.595695685163375,29.524082122566295,False,48.16,28.7,146660,57111,3734,0,0,0,0,0,0,0,0,,9.292999999999866,19.60049999999967,2.795248325983148,9.271105241158347,9.567802286827225,18.31210798845727,18.309321063310293,99.18149615712566,2.8008887729995893,57111,82.30692195373587,2.757293444864,0.9861493901747718,5.498185186367568,6.846010829794191,8.886346034244792,30.37376067162939,0.08601523847777334,0.24747662759599384,2.5867147739489136,0.22348963042309927,0.039902057092637146,True,True,True,True,True,True,False,True,True,reach_liquid,False,0.46593548123972395,True,0.13832380759275736,0.19596413996418838,0.301,
A-20ml-f0.25-p+20.0-above-y0-x+0.0-y+0.0,A,pitch,20,0.25,20,above,0,0,0,18,27.734450974025386,10.848006492240843,4.595695685163375,29.524082122566295,False,45.94,31.4,145868,76806,2441,0,0,0,0,26,0,0,0,,8.539499999998945,19.60049999999967,5.862252229928912,19.26207389675135,9.567734400965827,18.318889267332086,18.309321063310293,99.15208227575341,4.5231141587516035,76806,83.57013920550665,1.4162099199262972,0.7232500861507956,5.490970392265122,6.460966583062805,19.14739339156326,28.0620105259309,0.04603821583468598,0.1935203405509061,28.68215740642054,90.00132113053569,13.879593210839671,True,True,True,False,True,True,False,True,False,lift,False,0.4022357408225754,False,,,3.0,
A-20ml-f0.25-p-5.0-above-y0-x+0.0-y+0.0,A,pitch,20,0.25,-5,above,0,0,0,18,27.734450974025386,10.848006492240843,4.595695685163375,29.524082122566295,False,73.68,28.4,194386,0,8698,0,2347,0,0,0,0,0,0,1.2149999999999217,,,0.8304450459148603,2.0243386680543756,14.079945444392273,32.13744150626351,18.309321063310293,85.37782598800351,-0.19952841426085915,0,0.006525565643398694,138.2263162842848,1.2322219062584552,23.848942091254003,-11.316334876760967,2.981155772655373,31.636779566458607,,0.20008739125662314,0.8650988545178018,0.3941662620042887,0.0753311542560363,False,True,False,False,False,False,False,False,True,table,False,,False,,,0.0,
A-20ml-f0.25-p+0.0-above-y0-x-6.0-y+0.0,A,dx,20,0.25,0,above,0,-6,0,18,27.734450974025386,10.848006492240843,4.595695685163375,29.524082122566295,False,32.06,28.4,450,0,0,0,4597,0,0,88520,0,0,5919,1.447499999999896,,,2.0232546080547547,1.9731094841505323,9.566570230502187,21.7656200730387,18.309321063310293,79.38333011743751,-0.199151266911321,0,0.0066536075977739716,122.5639336148143,38.26799406766919,27.938760514857584,-14.483479495862234,1.3123653253561618,31.990088754405267,,0.2001063912551387,32.46899609834413,6.2155659652833185e-06,-0.001556605136124662,False,False,True,False,False,False,False,False,False,table,False,,False,,,0.0,
A-20ml-f0.25-p+0.0-above-y0-x+3.0-y+0.0,A,dx,20,0.25,0,above,0,3,0,18,27.734450974025386,10.848006492240843,4.595695685163375,29.524082122566295,False,29.27,28.4,32699,2090,0,0,2502,0,0,9495,0,0,4899,1.447499999999896,,,124.90969061756518,94.08074025330806,9.552175232623549,21.8524735923718,18.309321063310293,95.67334597018142,1.322993153423123,2090,0.0034757047039369353,239.29354996117573,125.042519889783,46.30982796316004,-113.68943397019989,90.00066704606203,1040436.0091818294,,0.037644933252133354,26.85872719800243,90.0013322526229,14.072973338567932,False,False,True,False,False,False,False,False,False,table,False,,False,,,0.0,
A-20ml-f0.25-p+0.0-above-y90-x+0.0-y+0.0,A,yaw,20,0.25,0,above,90,0,0,18,27.734450974025386,10.848006492240843,4.595695685163375,29.524082122566295,False,39.41,31.4,209928,64887,2395,0,4604,0,0,0,0,0,0,1.447499999999896,7.864999999998361,21.723499999994722,0.17921589522880269,0.13824737601774698,9.566569992641396,21.852346758189096,18.309321063310293,95.66063545436954,6.213472525539762,64887,84.78280715765467,2.8886199544109252,0.16408395199474654,8.792078699198148,3.7902560465182393,0.35034214066606906,32.19351156539886,0.6726836063737743,0.7543584428591623,0.08919425643014439,2.6050591312682815e-05,-0.001563980821283973,False,True,True,True,True,True,False,True,True,table,False,0.1789844279052712,False,,,3.0,
A-20ml-f0.25-p+0.0-above-y180-x+0.0-y+0.0,A,yaw,20,0.25,0,above,180,0,0,18,27.734450974025386,10.848006492240843,4.595695685163375,29.524082122566295,False,38.68,31.4,206574,62655,2137,0,4604,0,0,0,0,0,0,1.447499999999896,7.940499999998319,21.11549999999614,0.14813092752417512,0.12097114075619866,9.566569992066201,21.852345184898084,18.309321063310293,95.660632682593,5.972768219492483,62655,84.58873755557877,3.122227064158155,0.15235058570851973,8.742252535102251,3.8399814645574404,0.33687768653777544,32.196358102429826,0.5913115410231284,0.6376452601231097,0.08652236043344429,6.0959677494179434e-05,-0.0015600545016003992,False,True,True,True,True,True,False,True,True,table,False,0.16779570079349432,False,,,3.0,
A-20ml-f0.25-p+5.0-above-y0-x+0.0-y+0.0,A,pitch,20,0.25,5,above,0,0,0,18,27.734450974025386,10.848006492240843,4.595695685163375,29.524082122566295,False,69.9,31.4,131487,55444,4473,0,0,0,0,22113,0,0,0,,9.340499999999924,19.843999999999102,55.49109703592705,57.76230646695917,9.567743721706309,18.31075457649026,18.309321063310293,99.1925154810142,1.9813832854540456,55444,79.45393302430519,3.871730703697461,0.6764226618825203,5.956790354045293,6.55853649706993,4.147508406645296,31.38924302585773,-0.44643935343436214,0.9642462469117848,48.098291775550116,90.00079826239069,13.86570422486258,True,True,True,False,True,True,False,True,False,lift,False,0.5358752546406856,False,,,3.0,
A-10ml-f0.80-p+0.0-above-y0-x+0.0-y-3.0,A,dy,10,0.8,0,above,0,0,-3,18,22.01284832596418,29.027945698508535,7.16866495585172,58.783233944716386,False,93.86,28.4,188485,0,7042,0,6027,0,0,0,0,0,0,1.2099999999999222,,,0.2447054284818017,0.7746466899461505,15.32657670315795,19.866724502121865,4.720514774164915,84.0639748486694,-0.20069495844576152,0,0.0033871009635575,138.41030975438642,0.07891611340259454,37.26336033219561,-6.858579405065887,0.952744930816335,2.4171515527541807,,0.20009932189995885,2.9736254829353608,1.1581149199548762e-05,-0.0015855253292407026,False,True,False,False,False,False,False,False,True,table,False,,False,,,0.0,
A-20ml-f0.25-p+0.0-above-y0-x-3.0-y+0.0,A,dx,20,0.25,0,above,0,-3,0,18,27.734450974025386,10.848006492240843,4.595695685163375,29.524082122566295,False,38.23,28.4,1728,0,0,0,4597,0,0,52431,0,0,5501,1.447499999999896,,,57.26343429933313,9.453359595775328,19.91321302541705,21.848084389130925,18.309321063310293,56.15743016150819,-0.19917197681264265,0,0.007040649172452058,143.1846505158018,34.43609400858329,107.76155352560869,-92.95886047049689,4.535304598103558,31.306788684503978,,0.20005559971656367,37.57111705764207,0.48987733879120127,0.09177217010737589,False,False,True,False,False,False,False,False,False,table,False,,False,,,0.0,
A-20ml-f0.25-p+0.0-above-y270-x+0.0-y+0.0,A,yaw,20,0.25,0,above,270,0,0,18,27.734450974025386,10.848006492240843,4.595695685163375,29.524082122566295,False,41.37,31.4,211019,62713,2356,0,4604,0,0,0,0,0,0,1.447499999999896,7.905499999998338,20.232499999998197,0.20984942408554227,0.11390378485141298,9.566569996310847,21.852345020120534,18.309321063310293,95.66064264640617,6.090708247995229,62713,84.6807397695702,3.0074695459079144,0.16055704381014896,8.780188087062973,3.802117073807884,0.346834846737785,32.194253047555364,0.31891503341746735,0.4392335201046218,0.06501123608497596,4.4804817543418556e-05,-0.0015584849072003556,False,True,True,True,True,True,False,True,True,table,False,0.17559350308112773,False,,,3.0,
A-20ml-f0.25-p+0.0-above-y0-x+0.0-y-3.0,A,dy,20,0.25,0,above,0,0,-3,18,27.734450974025386,10.848006492240843,4.595695685163375,29.524082122566295,False,38.16,29.07,185732,55220,0,0,4601,0,0,0,0,0,0,1.447499999999896,7.9554999999983105,20.00399999999873,0.07834372521418757,0.1514483978165046,9.56659320117448,21.674141664091906,18.309321063310293,95.84161485013121,5.704015324867099,55220,84.75414297696508,3.2544667045644524,0.36785108734161104,8.325652725796195,4.257863713243271,0.34058637246492157,32.19557404531331,-0.07841185365692865,0.3528698250810646,3.0573656400369287,4.2791012500907763e-05,-0.0015596715156220413,False,True,True,True,True,True,True,True,True,table,False,0.14504214029803758,True,0.149127273221683,0.44261941084143885,0.671,
A-20ml-f0.25-p+0.0-above-y0-x+0.0-y+3.0,A,dy,20,0.25,0,above,0,0,3,18,27.734450974025386,10.848006492240843,4.595695685163375,29.524082122566295,False,34.33,29.01,150260,55028,0,0,4601,0,0,0,0,0,0,1.447499999999896,7.995499999998288,19.89149999999899,0.26416450466211683,0.19537043029375106,9.56659319924556,21.688667544372425,18.309321063310293,95.82798646968344,5.536428234626564,55028,84.4622744074258,3.4277489933624,0.4032110714282881,8.332169432348767,4.25199454094162,0.41553599228236116,32.17972873056834,-0.009360671850279815,0.3399412870605024,3.0719862287518716,3.778852697667841e-05,-0.0015588636943883395,False,True,True,True,True,True,True,True,True,table,False,0.14318160787339523,True,0.12103330282113428,0.40264404841967544,0.611,
A-20ml-f0.25-p+0.0-above-y0-x+0.0-y-6.0,A,dy,20,0.25,0,above,0,0,-6,18,27.734450974025386,10.848006492240843,4.595695685163375,29.524082122566295,False,49.07,29.03,173624,54331,4437,0,4601,0,0,0,0,0,0,1.447499999999896,8.527999999998931,21.67299999999484,0.45154215915484414,0.6977032940968512,9.566593194178214,21.775020382797795,18.309321063310293,95.73572718376839,4.282579049464934,54331,83.92248957710704,4.861973315279389,0.7163338121522037,9.66078426371362,2.928415144138441,0.637644748883316,32.13277010519324,0.2772903105757894,0.4364400782219018,6.049447451623591,0.05552818798862141,0.003706178469492772,False,True,True,True,True,True,False,True,True,table,False,0.5791690871252319,True,0.13017801503050336,0.41596823433114527,0.631,
A-20ml-f0.25-p-20.0-above-y0-x+0.0-y+0.0,A,pitch,20,0.25,-20,above,0,0,0,18,27.734450974025386,10.848006492240843,4.595695685163375,29.524082122566295,False,109.87,28.4,48198,0,0,0,3349,0,0,0,0,0,0,0.7974999999999676,,,3.0695867528849363,2.686630733268795,51.398581526015704,69.62407656811881,18.309321063310293,49.200785133036334,-0.20076537937655653,0,0.004291512506136553,153.19673058606162,19.145912671673486,53.698014644700194,-43.410709202221845,8.280383472217796,30.504783171823117,,0.2000512002827756,3.5996041945894413,1.029424268674225,0.20949360497047054,False,True,False,False,False,False,False,False,True,table,False,,False,,,0.0,
A-20ml-f0.25-p+0.0-diagonal-y0-x+0.0-y+0.0,A,approach,20,0.25,0,diagonal,0,0,0,18,27.734450974025386,10.848006492240843,4.595695685163375,29.524082122566295,False,79.4,28.4,38235,4084,21091,0,4011,0,0,37164,0,0,0,1.4049999999999008,7.73949999999843,,295.69632984972594,102.43734399644255,6.766309652403706,21.772976853475726,18.309321063310293,95.75875806857901,-1.2296631686595365,4084,1.1891633191954378,117.4902547697351,2.6769779793703474,61.725792073073414,-25.778836551794026,61.40685794528931,10.045284328934384,,1.1429183267023384,283.16553113831924,90.00315204418344,13.866700444644298,False,True,True,False,True,False,False,False,False,table,False,0.8217617895332544,False,,,0.0,
A-20ml-f0.25-p+0.0-above-y0-x+0.0-y+6.0,A,dy,20,0.25,0,above,0,0,6,18,27.734450974025386,10.848006492240843,4.595695685163375,29.524082122566295,False,50.86,29.01,168862,65341,3510,0,4600,0,0,0,0,0,0,1.447499999999896,7.756499999998421,21.02049999999636,0.15313601953650047,0.20902694526515234,9.566593185044724,21.844746627444607,18.309321063310293,95.66919855026613,6.232722657387724,65341,85.14853256095486,2.978523567075542,0.5694252128010061,9.379111406556655,3.206877923421864,0.4722998505789108,32.167727922821214,0.4528884876139448,0.5592036414852071,5.994177892664788,2.5413214731393306e-05,-0.0015603531576821677,False,True,True,True,True,True,False,True,True,table,False,0.16474162101511,True,0.1406662370256643,0.4009576572255806,0.608,
A-20ml-f0.50-p+20.0-above-y0-x+0.0-y+0.0,A,pitch,20,0.5,20,above,0,0,0,18,27.734450974025386,21.696012984481687,9.19139137032675,38.22009510704798,False,37.79,28.7,136688,56939,3672,0,0,0,0,45,0,0,0,,9.266499999999834,19.82349999999915,5.8252177887995344,19.145118751940082,9.567796853923817,18.319063257170594,18.309321063310293,99.15112084691515,3.274300724497324,56939,81.48810289803515,2.7246401269551503,0.6471642178368591,14.247947671120686,8.465751298191563,19.07652224192179,17.230785432309297,1.2334060232508302,1.260934231084022,35.638140333545614,90.00108624724552,13.868947158713258,True,True,True,False,True,True,False,False,False,lift,False,0.5227556646815461,True,0.1267857719662403,0.19597113212433231,0.301,
A-20ml-f0.50-p+0.0-above-y0-x+0.0-y+0.0,A,nominal,20,0.5,0,above,0,0,0,18,27.734450974025386,21.696012984481687,9.19139137032675,38.22009510704798,False,42.3,31.4,199378,63875,1653,0,4604,0,0,0,0,0,0,1.447499999999896,7.940499999998319,21.060999999996266,0.17602308042365222,0.12250554470917736,9.566569993648484,21.852360862825236,18.309321063310293,95.65952425280449,5.745319828229949,63875,84.44818684590265,3.3379389056142257,0.09111279899291667,17.319484955180762,6.110346764196958,0.3232651125053355,21.35122945343818,0.5504113533362901,0.6384553766834521,0.08138064315448619,8.169503010461572e-05,-0.0015681854893013012,False,True,True,True,True,True,False,True,True,table,False,0.1613130444774488,False,,,3.0,
A-20ml-f0.50-p+10.0-above-y0-x+0.0-y+0.0,A,pitch,20,0.5,10,above,0,0,0,18,27.734450974025386,21.696012984481687,9.19139137032675,38.22009510704798,False,41.53,31.4,158852,79366,3529,0,0,0,0,0,0,0,0,,8.728999999999177,19.60049999999967,2.9266148176207603,9.246819531854346,9.567739733753289,18.312095017413082,18.309321063310293,99.17969093675102,3.7625176494002,79366,83.61288906786075,1.7049637761341514,0.8158024439962098,14.307855121231688,8.886693424273506,8.881011903387234,19.5269093837424,0.3110786497321442,0.45432518048554243,2.643633857048397,0.7343256925578053,0.14962994518508174,True,True,True,True,True,True,False,True,True,reach_liquid,False,0.4080923020368292,False,,,3.0,
A-20ml-f0.25-p+0.0-above-y0-x+6.0-y+0.0,A,dx,20,0.25,0,above,0,6,0,18,27.734450974025386,10.848006492240843,4.595695685163375,29.524082122566295,False,73.54,28.4,137176,3059,8971,0,4501,0,0,599,0,0,0,1.447499999999896,,,11.78263763685025,37.87713589386337,9.566568733265237,21.850188034764198,18.309321063310293,95.68684368103727,-0.1913033756688748,3059,0.00393333968659558,128.1981321351473,4.761807898626439,38.13735924659778,-23.581800230335446,35.38569342971113,23.664195608892136,,0.20039549079676952,1.7527003625100332,90.00066845600209,13.866343103499517,False,True,True,False,False,False,False,False,False,table,False,,False,,,0.0,
A-20ml-f0.50-p+0.0-above-y0-x-3.0-y+0.0,A,dx,20,0.5,0,above,0,-3,0,18,27.734450974025386,21.696012984481687,9.19139137032675,38.22009510704798,False,26.46,28.4,1743,0,0,0,4591,0,0,46563,0,0,4104,1.447499999999896,,,57.67924980020224,2.236470263449759,23.404362123033817,21.84929715153426,18.309321063310293,56.49619869910156,-0.19131250041310582,0,0.0074758905556872954,144.08952141384705,39.99830857478564,126.4581205899426,-104.04336347280794,1.8249468908407633,21.033638662582018,,0.19977906042733165,31.266930449465228,0.6365586703471344,0.12708526740880097,False,False,True,False,False,False,False,False,False,table,False,,False,,,0.0,
A-20ml-f0.50-p+0.0-above-y0-x-6.0-y+0.0,A,dx,20,0.5,0,above,0,-6,0,18,27.734450974025386,21.696012984481687,9.19139137032675,38.22009510704798,False,33.12,28.4,444,0,0,0,4589,0,0,71665,0,0,4097,1.447499999999896,,,3.332445626466797,3.8782744030663374,9.566624020860344,21.132308895165,18.309321063310293,80.19309150703346,-0.19622417086280486,0,0.007678684379910031,121.62399950921797,39.26324439570511,35.97669286938177,-11.186104115890828,1.9759201005931764,21.001687218494805,,0.20000845267615527,34.36727806097218,1.4570917452423167,0.302084186873186,False,False,True,False,False,False,False,False,False,table,False,,False,,,0.0,
A-20ml-f0.50-p+0.0-above-y180-x+0.0-y+0.0,A,yaw,20,0.5,0,above,180,0,0,18,27.734450974025386,21.696012984481687,9.19139137032675,38.22009510704798,False,45.88,31.4,209839,63532,2489,0,4604,0,0,0,0,0,0,1.447499999999896,7.913499999998334,21.764999999994625,0.15223758752826233,0.13213936571129406,9.566569993007295,21.85235514857246,18.309321063310293,95.65951678827724,6.165975948295495,63532,84.73420494927178,2.9287823080988313,0.11401550872799454,17.48822215726922,5.9417729328731514,0.35446538309100056,21.344633371715634,0.5358381856043467,0.6367496617981836,0.08689095613331857,4.4355163802562685e-05,-0.0015735760932832526,False,True,True,True,True,True,False,True,True,table,False,0.17587892189942714,False,,,3.0,
A-20ml-f0.50-p+0.0-above-y270-x+0.0-y+0.0,A,yaw,20,0.5,0,above,270,0,0,18,27.734450974025386,21.696012984481687,9.19139137032675,38.22009510704798,False,36.3,31.4,207710,62731,2285,0,4604,0,0,0,0,0,0,1.447499999999896,7.904499999998339,20.231999999998198,0.2298346868330418,0.1088502170071559,9.566569998314945,21.85235591779765,18.309321063310293,95.65952537014445,6.090512237382634,62731,84.69305144028013,3.003199619467427,0.10586190526540018,17.447811137586033,5.982120834916726,0.3425540925661944,21.34715155509203,0.18252275509187818,0.35452159115107684,0.06332411417652774,5.409179945501589e-05,-0.0015673231593770255,False,True,True,True,True,True,False,True,True,table,False,0.17502818589083494,False,,,3.0,
A-20ml-f0.50-p+0.0-above-y90-x+0.0-y+0.0,A,yaw,20,0.5,0,above,90,0,0,18,27.734450974025386,21.696012984481687,9.19139137032675,38.22009510704798,False,49.51,31.4,206025,65316,2204,0,4604,0,0,0,0,0,0,1.447499999999896,7.892499999998345,21.717499999994736,0.16528679374397592,0.13084437771029447,9.566569992914852,21.852357349075422,18.309321063310293,95.65951892481877,6.133208498022076,65316,84.73690510771091,2.961676507202474,0.10607484041053428,17.44236938406868,5.987563808205504,0.34217161688806996,21.347232414730463,0.697964626375656,0.7786880020297848,0.08896804684756089,1.6752248626020106e-05,-0.0015723816341915197,False,True,True,True,True,True,False,True,True,table,False,0.17481291667021603,False,,,3.0,
A-20ml-f0.25-p+0.0-side-y0-x+0.0-y+0.0,A,approach,20,0.25,0,side,0,0,0,18,27.734450974025386,10.848006492240843,4.595695685163375,29.524082122566295,False,107.81,28.4,32238,7475,516,0,3439,0,0,18968,0,0,4901,0.0025,,,125.20926251630041,103.31743756807963,12.422186840075678,21.778061974457287,18.309321063310293,95.75183621143903,-3.463186711352248,7475,5.383282650615998,8.105318218113586,36.367547131025695,59.99513135130995,33.28686902051739,89.93613860112738,-10834.969027735026,,5.334797383363953,121.725483049728,90.00415844581529,14.01577870334222,False,False,True,False,False,False,False,False,False,table,False,,False,,,0.0,
A-20ml-f0.50-p+5.0-above-y0-x+0.0-y+0.0,A,pitch,20,0.5,5,above,0,0,0,18,27.734450974025386,21.696012984481687,9.19139137032675,38.22009510704798,False,66.61,31.4,127894,52323,4534,0,0,0,0,20761,0,0,0,,9.33749999999992,19.83999999999911,57.26983973974487,60.06594147510973,9.567743721762621,18.310774964963457,18.309321063310293,99.19108537673227,2.0683822640346072,52323,79.44823707661726,3.827728618135328,0.5647084594244288,14.759609479692697,8.607115248030983,4.121339675954105,20.546797604779545,-2.044526221467271,3.3168933426861646,33.684257551654895,89.99927932039512,13.865885689496402,True,True,True,False,True,True,False,False,False,lift,False,0.5288202715859703,False,,,3.0,
A-20ml-f0.50-p+0.0-side-y0-x+0.0-y+0.0,A,approach,20,0.5,0,side,0,0,0,18,27.734450974025386,21.696012984481687,9.19139137032675,38.22009510704798,False,62.89,28.4,38198,8123,11710,0,5652,0,0,65646,0,0,0,0.0025,,,62.90802733940902,62.28485724462622,13.367103872645725,21.778080870657394,18.309321063310293,95.7507916606711,-0.19415590530925952,8123,0.005004568155626558,125.72399071556578,6.7528501472010065,59.78173670283974,-20.615164414715974,61.64749145255881,-1.0265474143007596,,0.7705755148448803,46.263286671470105,90.0004900918181,13.866264567033955,False,True,True,False,False,False,False,False,False,table,False,,False,,,0.0,
A-20ml-f0.50-p-5.0-above-y0-x+0.0-y+0.0,A,pitch,20,0.5,-5,above,0,0,0,18,27.734450974025386,21.696012984481687,9.19139137032675,38.22009510704798,False,71.81,28.4,100088,0,98282,0,2347,0,0,9993,0,0,0,1.2149999999999217,,,102.11808817585812,59.14762680430829,13.999411184920088,32.13746128975976,18.309321063310293,85.37652139523337,-0.19945262890496557,0,0.006814724586052075,138.225658295702,1.547708489587296,33.39363439606627,-10.018478299208558,2.3742543029004772,20.917356101586588,,0.19311784752098912,111.43369368322057,42.01145145595173,142.34435941170233,False,True,False,False,False,False,False,False,False,table,False,,False,,,0.0,
A-20ml-f0.50-p+0.0-above-y0-x+0.0-y-3.0,A,dy,20,0.5,0,above,0,0,-3,18,27.734450974025386,21.696012984481687,9.19139137032675,38.22009510704798,False,29.94,28.93,187580,54642,2209,0,4600,0,0,0,0,0,0,1.447499999999896,7.963999999998306,20.04599999999863,0.3337372976500019,0.11865434073410851,9.566593187564274,21.882325189950066,18.309321063310293,95.63362535665138,5.7431087559527905,54642,84.73712873069906,3.4477742221985404,0.3860126137327535,17.535442631673433,5.8960338874171905,0.31964614524854934,21.351994540379838,0.09895433207737815,0.36738756815692514,3.0488038418795527,5.762814003798845e-05,-0.0015710255038260143,False,True,True,True,True,True,False,True,True,table,False,0.17572355542939086,True,0.15818910417253823,0.3509424841090292,0.533,
A-20ml-f0.50-p+0.0-diagonal-y0-x+0.0-y+0.0,A,approach,20,0.5,0,diagonal,0,0,0,18,27.734450974025386,21.696012984481687,9.19139137032675,38.22009510704798,False,67.85,28.4,37197,2972,10538,0,2189,0,0,53016,0,0,0,1.4049999999999008,,,106.22717046852091,91.61219826539786,6.762649467680696,21.773188451805378,18.309321063310293,95.75796479105352,-0.19383818130255803,2972,0.6883974342402235,125.5162509663929,7.4887090749520455,61.360792296653884,-23.250534631164,61.42274378202408,-0.8173918950771901,,1.458732338611817,105.19297650152596,90.0022915096931,13.988194714373588,False,True,True,False,False,False,False,False,False,table,False,,False,,,0.0,
A-20ml-f0.50-p-10.0-above-y0-x+0.0-y+0.0,A,pitch,20,0.5,-10,above,0,0,0,18,27.734450974025386,21.696012984481687,9.19139137032675,38.22009510704798,False,80.76,28.4,184568,0,14157,0,2727,0,0,0,0,0,0,1.0549999999999393,,,2.337218324390114,3.6357468370651262,26.03570078276688,43.886157488633415,18.309321063310293,73.62460795683357,-0.20012773374315784,0,0.0002881332717546687,146.87677037194064,1.5061956910361833,45.20778182055073,-21.82794325964389,4.813368886639139,20.399605279596884,,0.20002449709006873,2.1955602793204463,0.5043958841868555,0.10004405121311388,False,True,False,False,False,False,False,False,True,table,False,,False,,,0.0,
A-20ml-f0.50-p+0.0-above-y0-x+0.0-y-6.0,A,dy,20,0.5,0,above,0,0,-6,18,27.734450974025386,21.696012984481687,9.19139137032675,38.22009510704798,False,38.62,31.4,206146,64081,3859,0,4604,0,0,0,0,0,0,1.447499999999896,7.900499999998341,21.862499999994398,0.21506633098295802,0.4684346658261767,9.566570002431673,21.807486658536106,18.309321063310293,95.70431089802825,5.91369633030124,64081,85.29214222841725,3.282155020581666,0.4844040729290057,18.2695163753014,5.163412805562928,0.43531066622112724,21.32754156971249,0.4169217921740868,0.5333241781113784,6.01916959417579,7.87140408808224e-05,-0.0015657156480659684,False,True,True,True,True,True,False,True,True,table,False,0.2294250197423625,False,,,3.0,
A-20ml-f0.50-p+0.0-above-y0-x+0.0-y+3.0,A,dy,20,0.5,0,above,0,0,3,18,27.734450974025386,21.696012984481687,9.19139137032675,38.22009510704798,False,39.81,29.07,182844,55224,0,0,4601,0,0,0,0,0,0,1.447499999999896,7.953999999998311,20.02149999999869,0.3797932666467367,0.134121989756913,9.56659320016752,21.691628371850676,18.309321063310293,95.82396386709473,5.7289566698514385,55224,84.7430227989892,3.2564711709585263,0.31793723191932444,17.019603500076848,6.411620784520247,0.3471927452701827,21.34617089148582,-0.013529405442502081,0.34231650880175646,3.0952824873604072,4.574665473524795e-05,-0.0015666049310669038,False,True,True,True,True,True,True,True,True,table,False,0.14154761537665386,True,0.1307821754594755,0.444304040243168,0.673,
A-20ml-f0.50-p+0.0-above-y0-x+0.0-y+6.0,A,dy,20,0.5,0,above,0,0,6,18,27.734450974025386,21.696012984481687,9.19139137032675,38.22009510704798,False,49.7,31.4,179879,75510,0,0,4604,0,0,0,0,0,0,1.447499999999896,7.838499999998375,20.176499999998327,0.17134259015805822,0.4288541640771777,9.566570005779248,21.70273132920433,18.309321063310293,95.81812920969764,6.0561744312566805,75510,84.56382526910866,2.9710999378189613,0.575872689798916,17.016130868159923,6.420610009151298,0.7935130533406934,21.251807325102014,0.305536302525954,0.4614607099995562,5.999498398928433,3.0125025337699377e-05,-0.0015751870919186804,False,True,True,True,True,True,True,True,True,table,False,0.15046030738082491,False,,,3.0,
A-20ml-f0.50-p-20.0-above-y0-x+0.0-y+0.0,A,pitch,20,0.5,-20,above,0,0,0,18,27.734450974025386,21.696012984481687,9.19139137032675,38.22009510704798,False,103.75,28.4,39468,0,0,0,3349,0,0,0,0,0,0,0.7974999999999676,,,0.7241609798297279,0.6195902967138459,51.39675415619434,69.64636888959882,18.309321063310293,49.23033822731023,-0.20062981839649718,0,0.002480815415676106,153.16494811491776,17.248053580926786,62.04995177016425,-40.66187320686343,8.082134910904434,19.699553454293202,,0.19982104831943687,1.8562039260009533,0.2980185281190762,0.054180378530950805,False,True,False,False,False,False,False,False,True,table,False,,False,,,0.0,
A-20ml-f0.80-p-10.0-above-y0-x+0.0-y+0.0,A,pitch,20,0.8,-10,above,0,0,0,18,27.734450974025386,34.713620775170696,14.7062261925228,51.237702897736995,False,46.55,28.4,93268,0,15924,0,2656,0,0,10401,0,0,0,1.0549999999999393,,,72.16365648277717,90.07707332440877,26.900344641835275,43.88612469871347,18.309321063310293,73.62300340157634,-0.1999521179099073,0,0.005723195856129501,146.87332067589543,0.5980181234208158,57.722390859166055,-21.24327889793978,1.9408997230845428,7.991491519716778,,0.6750354046322807,34.20011432396812,89.99950136965272,13.86599605896778,False,True,False,False,False,False,False,False,False,table,False,,False,,,0.0,
A-20ml-f0.80-p+20.0-above-y0-x+0.0-y+0.0,A,pitch,20,0.8,20,above,0,0,0,18,27.734450974025386,34.713620775170696,14.7062261925228,51.237702897736995,False,39.57,31.4,129747,77517,3162,0,0,0,0,26,0,0,0,,8.947999999999444,19.60049999999967,5.684900471652577,19.082065225980884,9.56773438521834,18.319209235028453,18.309321063310293,99.15010533090285,3.603101262548418,77517,82.1222104259112,2.2541198090911805,0.5501388787022667,27.41647446156744,8.36589299222662,18.894475683845936,4.256218372611482,0.08316928882579201,0.3170448805674591,47.09920522835644,90.00106441581346,13.965434566017645,True,True,True,False,True,True,False,True,False,lift,False,0.39322564194365184,False,,,3.0,
A-20ml-f0.50-p+0.0-above-y0-x+3.0-y+0.0,A,dx,20,0.5,0,above,0,3,0,18,27.734450974025386,21.696012984481687,9.19139137032675,38.22009510704798,False,68.59,28.4,63426,2814,9366,0,4603,0,0,63,0,0,0,1.447499999999896,,,560.9297666732701,93.5663889767311,9.56657000232721,21.85246567343415,18.309321063310293,95.67218066309948,-1.6169582090318073,2814,0.3965192997298639,126.77282609921153,8.206537192593387,37.73883263100423,-16.312827255750715,21.598692581621535,16.62419687287125,,1.4014709755392127,646.5095518967629,90.0016547207755,13.865139383991586,False,True,True,False,False,False,False,False,False,table,False,,False,,,0.0,
A-20ml-f0.50-p+0.0-above-y0-x+6.0-y+0.0,A,dx,20,0.5,0,above,0,6,0,18,27.734450974025386,21.696012984481687,9.19139137032675,38.22009510704798,False,66.13,28.4,89895,3259,7130,0,4493,0,0,375,0,0,0,1.447499999999896,,,12.646342265107956,38.536354547361974,9.566513263836462,21.849976230290977,18.309321063310293,95.68581244910283,0.07852746698628482,3259,0.01033289350101787,127.79806640874416,5.591359635472762,38.68413331579306,-15.709152960119974,34.905480999583794,12.968024409960195,,0.35201802597577614,4.142755907469496,90.0009586889855,13.92947764268695,False,True,True,False,False,False,False,False,False,table,False,,False,,,0.0,
A-20ml-f0.80-p+0.0-side-y0-x+0.0-y+0.0,A,approach,20,0.8,0,side,0,0,0,18,27.734450974025386,34.713620775170696,14.7062261925228,51.237702897736995,False,36.88,28.4,34593,3774,0,0,3423,0,0,4600,0,0,4753,0.0025,,,104.91117652036506,91.09268186733782,23.20409342185991,21.778055940835774,18.309321063310293,95.7495552930285,-0.22947347970739274,3774,0.0034553815072357187,252.92208476121243,120.45817467879536,31.595332891499087,-118.27903163755408,90.00054881237911,1264552.069677659,,2.241110903432666,112.7477343659018,90.00110114042799,14.037047890904503,False,False,True,False,False,False,False,False,False,table,False,,False,,,0.0,
A-20ml-f0.80-p+10.0-above-y0-x+0.0-y+0.0,A,pitch,20,0.8,10,above,0,0,0,18,27.734450974025386,34.713620775170696,14.7062261925228,51.237702897736995,False,48.03,31.4,160792,79362,4157,0,0,0,0,0,0,0,0,,8.647999999999078,19.60049999999967,2.9403219536842706,9.42232224158145,9.567739733798948,18.312028867955735,18.309321063310293,99.17856049486343,4.000939642339885,79362,83.860161864672,1.4704244246148448,0.3355734102533305,27.757519490939043,8.525349501329437,9.188944016737109,6.442557494993261,0.14879157701935494,0.3761463994076337,2.6775927409111557,0.3102661968453832,0.05488486600662045,True,True,True,True,True,True,False,True,True,reach_liquid,False,0.4392338764317889,False,,,3.0,
A-20ml-f0.80-p+0.0-above-y0-x+0.0-y+0.0,A,nominal,20,0.8,0,above,0,0,0,18,27.734450974025386,34.713620775170696,14.7062261925228,51.237702897736995,False,52.22,31.4,199728,62693,636,0,4604,0,0,0,0,0,0,1.447499999999896,7.93799999999832,21.061499999996265,0.1400917152605246,0.13811414661299304,9.566569992245963,21.852343443919242,18.309321063310293,95.6582108232381,5.795283886362141,62693,84.56465769722213,3.285435955956702,0.008712950613453634,30.211062213092582,6.235846552767849,0.2773033419340313,8.343338415860472,0.2896396120092079,0.42469802475990537,0.04083460100814712,6.001366809541013e-05,-0.001548774452968253,False,True,True,True,True,True,False,True,True,table,False,0.161098873547698,False,,,3.0,
A-20ml-f0.80-p+0.0-above-y180-x+0.0-y+0.0,A,yaw,20,0.8,0,above,180,0,0,18,27.734450974025386,34.713620775170696,14.7062261925228,51.237702897736995,False,36.25,31.4,201678,63421,2275,0,4604,0,0,0,0,0,0,1.447499999999896,7.92049999999833,21.734499999994696,0.14615522577114357,0.12498851637583187,9.566569993660817,21.852341215564362,18.309321063310293,95.65820583964539,6.098915457846958,63421,84.69811626420203,2.9901956043212716,0.03420593022101756,30.439138999112007,6.007943620140621,0.34609551155957086,8.328795068490226,0.4870220625567125,0.5951763931436849,0.07873146047658149,2.5456203002431588e-05,-0.0015556485391109846,False,True,True,True,True,True,False,True,True,table,False,0.1730037100179147,False,,,3.0,
A-20ml-f0.80-p+0.0-above-y90-x+0.0-y+0.0,A,yaw,20,0.8,0,above,90,0,0,18,27.734450974025386,34.713620775170696,14.7062261925228,51.237702897736995,False,41.75,31.4,198762,65078,2242,0,4604,0,0,0,0,0,0,1.447499999999896,7.86549999999836,21.71149999999475,0.1551446925499719,0.125102498367069,9.566569984461443,21.852342625958666,18.309321063310293,95.65820663397,6.213632450409672,65078,84.81046339265531,2.879537208568356,0.03408734685706571,30.439205894973256,6.007876703338799,0.3459094671381844,8.328834400392847,0.613187075961471,0.7052974537070347,0.0738790215853286,2.489156530189876e-05,-0.0015525293333600357,False,True,True,True,True,True,False,True,True,table,False,0.17539529277735658,False,,,3.0,
A-20ml-f0.80-p+0.0-diagonal-y0-x+0.0-y+0.0,A,approach,20,0.8,0,diagonal,0,0,0,18,27.734450974025386,34.713620775170696,14.7062261925228,51.237702897736995,False,46.46,28.4,77493,3133,8691,0,4007,0,0,29,0,0,0,1.4049999999999008,,,51.21697439635597,69.94380442889661,6.766309687003265,21.77330852709317,18.309321063310293,95.75647363410253,-0.19175165936458766,3133,0.005225383146909676,138.39179062744273,0.873391789132794,44.61426796164254,-3.795125386879261,68.50732705723438,-22.359038792245638,,1.0177045319156632,30.34108439051541,90.00054937926294,13.86630248532068,False,True,True,False,False,False,False,False,False,table,False,,False,,,0.0,
A-20ml-f0.80-p+5.0-above-y0-x+0.0-y+0.0,A,pitch,20,0.8,5,above,0,0,0,18,27.734450974025386,34.713620775170696,14.7062261925228,51.237702897736995,False,68.63,31.4,122728,52402,4703,0,0,0,0,18717,0,0,0,,9.335499999999918,19.8454999999991,61.49047570907618,62.24258579073701,9.56774372167143,18.310798253029123,18.309321063310293,99.18989378102856,2.1106987410801152,52402,79.48840274912658,3.7928989005981166,0.3755413265355016,27.84517143366882,8.553484766214842,4.100215111230294,7.533678691272441,-0.43843795995814877,1.0127428830641854,74.53070647463377,89.99756712925496,14.040475628539607,True,True,True,False,True,True,False,True,False,lift,False,0.5328529566351106,False,,,3.0,
A-20ml-f0.80-p+0.0-above-y270-x+0.0-y+0.0,A,yaw,20,0.8,0,above,270,0,0,18,27.734450974025386,34.713620775170696,14.7062261925228,51.237702897736995,False,49.19,31.4,200791,62744,2199,0,4604,0,0,0,0,0,0,1.447499999999896,7.896999999998343,21.06299999999626,0.14310219589533973,0.11821758127644548,9.566569996782542,21.85234157342434,18.309321063310293,95.65821323850437,6.128183912069117,62744,84.73245193307613,2.9624438752982423,0.03295346958666872,30.43518121862641,6.011893975660571,0.34342452203037094,8.329359745849718,0.33860237350485706,0.41393945476500515,0.06456498009527656,3.97898824022056e-05,-0.0015482923026011357,False,True,True,True,True,True,False,True,True,table,False,0.17539248781788452,False,,,3.0,
A-30ml-f0.25-p-5.0-above-y0-x+0.0-y+0.0,A,pitch,30,0.25,-5,above,0,0,0,20,31.74802103936399,12.11256004651333,6.975340422317517,21.48270134647077,False,23.87,28.4,36706,1063,0,0,1125,0,0,10995,0,0,5597,1.339999999999908,,,142.45444575405054,92.69764808712004,21.50007355715259,33.808059892112574,26.60154996848948,92.00425965060799,0.6113191423294875,1063,0.0036446366387140076,239.02986761852435,160.05247456483073,21.37662680032367,-110.26165894525224,90.00040908039162,1966346.4460614296,,0.1437847819996957,117.7341721838217,90.00040957491639,15.873012577943227,False,False,False,False,False,False,False,False,False,table,False,,False,,,0.0,
A-20ml-f0.80-p+0.0-above-y0-x+0.0-y-3.0,A,dy,20,0.8,0,above,0,0,-3,18,27.734450974025386,34.713620775170696,14.7062261925228,51.237702897736995,False,32.89,31.4,166659,62891,136,0,4604,0,0,0,0,0,0,1.447499999999896,7.939499999998319,21.566499999995088,0.12784048864431752,0.1669238031769485,9.566569998526811,21.807063376247324,18.309321063310293,95.70879964169232,5.681764793671003,62891,84.05124028881886,3.3365961605422356,0.2277740428628323,30.126172759967638,6.322948869939698,0.6391929130229508,8.266828494087713,0.4215143538965527,0.547776844008091,3.012459890327231,4.066867218348332e-05,-0.0015582427223755722,False,True,True,True,True,True,False,True,True,table,False,0.1463681424057867,False,,,3.0,
A-20ml-f0.80-p+0.0-above-y0-x+0.0-y+6.0,A,dy,20,0.8,0,above,0,0,6,18,27.734450974025386,34.713620775170696,14.7062261925228,51.237702897736995,False,30.18,31.4,172529,63295,5313,0,4604,0,0,0,0,0,0,1.447499999999896,8.039999999998335,21.589499999995034,0.291814209423636,0.5801770337394406,9.566570004779125,21.7839929010065,18.309321063310293,95.72510651475393,5.438741737151025,63295,85.06873560619576,3.7211012834114356,0.2749696407526901,30.86905547000069,5.578613221971951,0.13852128910102995,8.372677847972035,0.34536613724913706,0.4934553281474318,5.985984296748045,0.05626002893964847,0.003430347959060567,False,True,True,True,True,True,False,True,True,table,False,0.33841120743847536,False,,,3.0,
A-20ml-f0.80-p-20.0-above-y0-x+0.0-y+0.0,A,pitch,20,0.8,-20,above,0,0,0,18,27.734450974025386,34.713620775170696,14.7062261925228,51.237702897736995,False,95.89,28.4,39410,0,0,0,3349,0,0,0,0,0,0,0.7974999999999676,,,0.6240489626809022,0.5338060474411234,51.39370980976882,69.67166670243518,18.309321063310293,49.269003151736214,-0.20044703904194272,0,0.0024469349071633987,153.27740914785022,14.4924100419242,74.73488029729542,-39.97156227502846,8.299979577938462,6.634938246589777,,0.2000963413979987,2.9769224331455533,0.6360635243900923,0.12687469622303768,False,True,False,False,False,False,False,False,True,table,False,,False,,,0.0,
A-30ml-f0.25-p+5.0-above-y0-x+0.0-y+0.0,A,pitch,30,0.25,5,above,0,0,0,20,31.74802103936399,12.11256004651333,6.975340422317517,21.48270134647077,False,35.82,28.7,132806,65815,25278,0,0,0,0,0,0,0,0,,9.29649999999987,19.60049999999967,1.9126320862723727,4.409045988750963,9.56780624770117,26.60123454256792,26.60154996848948,99.18933476713818,3.173234559188519,65815,81.55289882297424,2.4476415341527646,0.9675703289525422,9.460575326780027,4.576185531389693,3.1563189735267,37.00616359746851,0.07110604379807692,0.36909646967474763,1.9395520349688007,0.3062808206284588,0.06795054249930671,True,True,True,True,True,True,False,True,True,reach_liquid,False,0.15314670273373257,True,0.10958228651421939,0.19598823913049365,0.301,
A-30ml-f0.25-p+10.0-above-y0-x+0.0-y+0.0,A,pitch,30,0.25,10,above,0,0,0,20,31.74802103936399,12.11256004651333,6.975340422317517,21.48270134647077,False,36.25,28.7,114564,73229,21572,0,0,0,0,20,0,0,0,,8.802499999999267,19.60049999999967,4.47367593619609,9.347406987250759,9.567802271317635,26.601434427691707,26.60154996848948,99.17595950603051,4.289570315149656,73229,85.86271625448154,1.1946387091835655,0.4048470103207022,9.335502982464854,4.634011046316014,9.265469223572415,35.49003670472397,0.4996916914256483,0.5979617437855907,25.27283175621364,5.395651488139752,1.3156360592162577,True,True,True,False,True,True,False,True,False,lift,False,0.243892508865393,True,0.17179266089345202,0.19592883614192277,0.301,
A-20ml-f0.80-p-5.0-above-y0-x+0.0-y+0.0,A,pitch,20,0.8,-5,above,0,0,0,18,27.734450974025386,34.713620775170696,14.7062261925228,51.237702897736995,False,96.02,28.4,94119,0,213855,0,2347,0,0,3388,0,0,0,1.2149999999999217,,,108.10025458332954,48.5030377836045,13.999243600718586,32.13745656281845,18.309321063310293,85.37504102856973,-0.19758351806815205,0,0.005723400093494827,138.2312699991322,1.29666243200722,44.76177742747672,-8.350517681444124,1.8057363130201463,8.020096137626163,,0.19996592647547126,92.83047248887901,35.42339359755835,143.1169592790735,False,True,False,False,False,False,False,False,False,table,False,,False,,,0.0,
A-20ml-f0.80-p+0.0-above-y0-x+3.0-y+0.0,A,dx,20,0.8,0,above,0,3,0,18,27.734450974025386,34.713620775170696,14.7062261925228,51.237702897736995,False,68.68,28.4,74042,3039,5976,0,2502,0,0,5958,0,0,0,1.447499999999896,,,131.83879961168398,96.65692721742661,9.549462659539238,21.852437534489624,18.309321063310293,95.67092796086742,-0.12266488171733952,3039,0.009351665522337491,125.96631799841407,8.461809549368686,41.268495135242055,-7.847919629898531,24.109122810381585,2.981447743542707,,0.13718179953139967,99.1361470974578,90.00106783398635,13.902512735261285,False,True,True,False,False,False,False,False,False,table,False,,False,,,0.0,
A-20ml-f0.80-p+0.0-above-y0-x+6.0-y+0.0,A,dx,20,0.8,0,above,0,6,0,18,27.734450974025386,34.713620775170696,14.7062261925228,51.237702897736995,False,62.16,28.4,94572,3055,7696,0,4495,0,0,463,0,0,0,1.447499999999896,,,13.462835317264755,38.307457946226215,9.56648679470369,21.8498795337695,18.309321063310293,95.68453459396,-0.20045536510289452,3055,0.010058921331977687,127.9807435479429,5.650124001225961,40.0269986937823,-6.179391515841958,35.145832876191704,-0.12535472572301232,,0.3333288839840176,5.477622901014634,90.0010680952282,13.875829050276469,False,True,True,False,False,False,False,False,False,table,False,,False,,,0.0,
A-30ml-f0.25-p+20.0-above-y0-x+0.0-y+0.0,A,pitch,30,0.25,20,above,0,0,0,20,31.74802103936399,12.11256004651333,6.975340422317517,21.48270134647077,False,41.86,31.4,140021,77343,22087,0,0,0,0,44,0,0,0,,9.300499999999875,19.60049999999967,6.922850639349678,17.765419472942167,9.567734367165833,26.60349437231793,26.60154996848948,99.14876367994025,2.968960238663047,77343,79.7847152278234,2.533881114398013,2.6898104760589603,9.645781474986082,3.4906484389746057,16.701243430558,33.56808331425768,2.170724952437316,2.1860546016823705,33.343943242874694,90.00079569744162,15.898449720220492,True,True,True,False,True,True,False,False,False,lift,False,0.25763044096785215,False,,,3.0,
A-20ml-f0.80-p+0.0-above-y0-x-6.0-y+0.0,A,dx,20,0.8,0,above,0,-6,0,18,27.734450974025386,34.713620775170696,14.7062261925228,51.237702897736995,False,85.01,28.4,429,0,0,0,4597,0,0,86778,0,0,2347,1.447499999999896,,,1.6043372758454268,2.1838946302177296,9.566570420004538,21.481619323228355,18.309321063310293,78.38634531671106,-0.20009976695239268,0,0.0015584146460589355,125.95677734106283,32.12551581728439,51.135043480824564,-13.560491646646438,1.9969298032722407,7.979632557158775,,0.20007278629013037,27.08983321001187,0.11266828687271006,0.015362183769232216,False,False,True,False,False,False,False,False,False,table,False,,False,,,0.0,
A-30ml-f0.25-p+0.0-above-y0-x+0.0-y+0.0,A,nominal,30,0.25,0,above,0,0,0,20,31.74802103936399,12.11256004651333,6.975340422317517,21.48270134647077,False,54.05,31.4,136820,77032,482,0,0,0,0,15912,0,0,0,,8.279499999998627,20.19699999999828,79.59943398163213,77.17016677614055,9.578330154414887,26.603099850640124,26.60154996848948,99.19948530714397,4.9802978253400205,77032,87.69136541855133,0.9917343134602989,0.16455747675791035,5.207912401591205,8.889263764886177,0.13749115255531105,37.74664309679884,7.430840957428494,7.533757986724839,31.461148276267448,58.50312985155195,157.21367732634792,True,True,True,False,True,True,False,False,False,lift,False,0.10465557682696633,False,,,3.0,
A-30ml-f0.25-p-10.0-above-y0-x+0.0-y+0.0,A,pitch,30,0.25,-10,above,0,0,0,20,31.74802103936399,12.11256004651333,6.975340422317517,21.48270134647077,False,56.95,28.4,177200,0,1792,0,2494,0,0,0,0,0,0,1.1524999999999286,,,4.410591495290496,5.084067104961722,18.3410358601257,44.37325807130965,26.60154996848948,81.43657647206314,-0.20002425798568146,0,0.007109936729876824,141.6715208708283,2.070773244121076,24.003404382646263,-10.077959171183522,6.539733274071455,36.170921667726496,,0.20016139526440005,4.209296289212883,0.48403073620504955,0.10249385815650056,False,True,False,False,False,False,False,False,True,table,False,,False,,,0.0,
A-20ml-f0.80-p+0.0-above-y0-x+0.0-y-6.0,A,dy,20,0.8,0,above,0,0,-6,18,27.734450974025386,34.713620775170696,14.7062261925228,51.237702897736995,False,66.8,28.83,100861,49453,2833,0,4600,0,0,27957,0,0,0,1.447499999999896,7.983499999998295,19.893499999998987,61.65364671084558,66.88102430276824,9.56659319548029,21.688462861682204,18.309321063310293,95.82720075578297,5.502352047141196,49453,83.84627100257921,3.395457050755227,0.1838177427349061,30.280413982899546,6.168186559362132,0.5979400697510652,8.27555051232773,0.4703152359457657,0.5742742147399303,31.251762562987068,90.00110258606081,13.921513401444168,False,True,True,False,True,True,False,True,False,table,False,0.15940094793269774,True,0.18519316058163962,0.2806276774208346,0.429,
A-20ml-f0.80-p+0.0-above-y0-x+0.0-y+3.0,A,dy,20,0.8,0,above,0,0,3,18,27.734450974025386,34.713620775170696,14.7062261925228,51.237702897736995,False,64.34,31.4,107489,55999,4827,0,4603,0,0,40908,0,0,0,1.447499999999896,7.807999999998392,20.109999999998482,68.27582579161071,85.27925002939403,9.566570092270545,21.620376268812787,18.309321063310293,95.88691283992497,5.829552350965855,55999,85.11419409203347,3.1008719957931103,0.191358560051466,30.74440037671732,5.702625775790976,0.02919340857384018,8.395790216622732,5.689315379532953,6.186142007873887,80.2522960099961,90.00061612822495,13.897451592816122,False,True,True,False,True,True,False,False,False,table,False,0.20984109082851843,False,,,3.0,
A-30ml-f0.25-p+0.0-above-y0-x-6.0-y+0.0,A,dx,30,0.25,0,above,0,-6,0,20,31.74802103936399,12.11256004651333,6.975340422317517,21.48270134647077,False,22.93,28.4,450,54,0,0,0,0,0,17112,0,0,5551,,,,130.1456925273315,95.62981189348767,9.595818688530635,25.901809951976208,26.60154996848948,88.01829296728548,0.4233474396772713,54,0.003651504033688234,251.60197552598197,174.22648977360285,-45.0782669037522,-110.23497037257,90.00040890515224,1967189.1224246128,,0.2854404197862314,168.98690937482652,90.00081861379807,16.08022196349735,True,False,True,False,False,False,False,False,False,rig_clear,False,,False,,,0.0,
A-30ml-f0.25-p+0.0-above-y0-x-3.0-y+0.0,A,dx,30,0.25,0,above,0,-3,0,20,31.74802103936399,12.11256004651333,6.975340422317517,21.48270134647077,False,21.96,28.4,965,0,0,0,0,0,0,71733,0,0,181,,,,2.196461494645508,1.4806667278722938,9.56774626121694,26.380145866823643,26.60154996848948,83.70895922853565,-0.19654336079073798,0,0.007975166263965864,119.82481340851908,36.26606214793527,21.821025222807,-6.789371340918962,1.4823441796954233,37.41703592620126,,0.20012775278570963,33.99653874421558,5.663293681020318e-06,-0.0015491465789853804,True,False,True,False,False,False,False,False,False,rig_clear,False,,False,,,0.0,
A-30ml-f0.25-p+0.0-above-y90-x+0.0-y+0.0,A,yaw,30,0.25,0,above,90,0,0,20,31.74802103936399,12.11256004651333,6.975340422317517,21.48270134647077,False,41.28,31.4,194235,94034,434,0,0,0,0,0,0,0,0,,8.243499999998583,20.18449999999831,0.35115593656404404,0.11735093405254136,9.567746258507238,26.603097389994183,26.60154996848948,99.19948348260739,5.240454237087431,94034,87.93507994871679,0.8946828691162672,0.15887482610550963,5.215578717676292,8.881534884703072,0.11818016977150755,37.751374845092045,0.19163353864080318,0.3885999736724033,0.05640430129656773,9.56874217632859e-05,-0.0015378274879625981,True,True,True,True,True,True,False,True,True,reach_liquid,False,0.10525646454127663,False,,,3.0,
A-30ml-f0.25-p+0.0-above-y180-x+0.0-y+0.0,A,yaw,30,0.25,0,above,180,0,0,20,31.74802103936399,12.11256004651333,6.975340422317517,21.48270134647077,False,40.56,31.4,198722,94026,487,0,0,0,0,0,0,0,0,,8.250499999998592,20.18349999999831,0.3523559805689655,0.0915102286437133,9.567746258539685,26.603098090696545,26.60154996848948,99.19948211630206,5.108463264787567,94026,87.79910835552752,0.8939280927683249,0.14007173655948835,5.209432694189038,8.88753246916113,0.06973794493460905,37.76324456213925,0.17663142866186046,0.38821737863883254,0.06122114226995325,9.621540352631014e-05,-0.0015509607328735141,True,True,True,True,True,True,False,True,True,reach_liquid,False,0.10511525832567502,False,,,3.0,
A-30ml-f0.25-p-20.0-above-y0-x+0.0-y+0.0,A,pitch,30,0.25,-20,above,0,0,0,20,31.74802103936399,12.11256004651333,6.975340422317517,21.48270134647077,False,73.17,28.4,218391,0,8909,0,3144,0,0,0,0,0,0,0.8824999999999582,,,3.1736222095357,2.1758274538990263,43.0915911925088,69.5867887138414,26.60154996848948,56.47922940427711,-0.2001545391068782,0,0.0011203877643198258,157.83057756321554,5.270297659512512,55.23356133003687,-41.35343360393985,2.9522883474581456,37.05629913073968,,0.2001499296456337,3.2312067666981705,0.16619956750081277,0.032437663715199246,False,True,False,False,False,False,False,False,True,table,False,,False,,,0.0,
A-30ml-f0.25-p+0.0-diagonal-y0-x+0.0-y+0.0,A,approach,30,0.25,0,diagonal,0,0,0,20,31.74802103936399,12.11256004651333,6.975340422317517,21.48270134647077,False,54.99,31.4,196952,94018,487,0,0,0,0,0,0,0,0,,8.276999999998624,20.164999999998354,0.3675356802417166,0.13127537473722756,6.765410970933298,26.60309958677469,26.60154996848948,99.19948567192095,4.989260787275664,94018,87.7145357157405,0.9509072759155061,0.16026978247875034,5.208525495755946,8.888610694170463,0.12574119197917247,37.74952217720631,0.20576366718319683,0.39682862097694893,0.07303439045941354,0.00010153447225576597,-0.0015402738148587527,True,True,True,True,True,True,False,True,True,reach_liquid,False,0.10461157563309428,False,,,3.0,
A-20ml-f0.80-p+0.0-above-y0-x-3.0-y+0.0,A,dx,20,0.8,0,above,0,-3,0,18,27.734450974025386,34.713620775170696,14.7062261925228,51.237702897736995,False,102.12,28.4,26260,0,0,0,4597,0,0,65418,0,0,2315,1.447499999999896,,,1.1206402813629104,1.3666829426875198,9.566570167455996,21.849875291310646,18.309321063310293,84.11672631641197,-0.2001824282627726,0,0.0006000608175659662,121.20989994032342,31.346039961336086,44.58745591355141,-7.99123222071893,0.34455798844450297,8.329120118284173,,0.20008025974347793,28.64496663280688,0.1712564186470594,0.027751126640028687,False,False,True,False,False,False,False,False,False,table,False,,False,,,0.0,
A-30ml-f0.25-p+0.0-side-y0-x+0.0-y+0.0,A,approach,30,0.25,0,side,0,0,0,20,31.74802103936399,12.11256004651333,6.975340422317517,21.48270134647077,False,56.83,31.4,196214,94026,487,0,0,0,0,0,0,0,0,,8.276499999998624,20.17599999999833,0.30141748493163767,0.14792257161468103,9.567723865516006,26.60309899058307,26.60154996848948,99.19948653756987,4.99023818704291,94026,87.72123348769638,0.932857667927632,0.15667532365692208,5.208363107296818,8.888741600004288,0.1159486077732736,37.75192164176268,0.21833515327270528,0.4027474938916425,0.07643515681594255,9.043151760598318e-05,-0.0015428540544170648,True,True,True,True,True,True,False,True,True,reach_liquid,False,0.10455998803133586,False,,,3.0,
A-30ml-f0.25-p+0.0-above-y270-x+0.0-y+0.0,A,yaw,30,0.25,0,above,270,0,0,20,31.74802103936399,12.11256004651333,6.975340422317517,21.48270134647077,False,51.05,31.4,188136,94022,325,0,0,0,0,0,0,0,0,,8.246999999998588,20.107999999998487,0.17757895813823896,0.19015046826032223,9.567746258294228,26.603096556648946,26.60154996848948,99.1994867789721,5.080114537709964,94022,87.82508739499956,0.8715435687447713,0.17461013327753583,5.214561276411597,8.882699883024786,0.1603705224976651,37.741036980640025,0.14166177678741707,0.36951725535393054,0.07499346022778554,9.146542063420487e-05,-0.0015431690091391574,True,True,True,True,True,True,False,True,True,reach_liquid,False,0.10505103975806868,False,,,3.0,
A-30ml-f0.25-p+0.0-above-y0-x+6.0-y+0.0,A,dx,30,0.25,0,above,0,6,0,20,31.74802103936399,12.11256004651333,6.975340422317517,21.48270134647077,False,36.79,28.4,105930,69186,9201,0,0,0,0,0,0,0,0,,7.860499999998363,,2.6250643291921367,7.901589806423876,9.567746250270847,26.60321342325577,26.60154996848948,99.19928620956787,6.983197324952707,69186,80.19726952723013,1.2081925214254374,7.214198037076987,10.116220940595742,4.813560890200241,6.858156825669177,36.09182251972781,,7.857319603968235,2.447469498875162,0.4177299128937343,0.09568171661697417,True,True,True,True,True,True,False,False,True,reach_liquid,False,0.020928361199275224,False,,,0.0,
A-30ml-f0.50-p-5.0-above-y0-x+0.0-y+0.0,A,pitch,30,0.5,-5,above,0,0,0,20,31.74802103936399,24.22512009302666,13.950680844635034,32.70782143949743,False,26.47,28.4,36297,1073,0,0,1125,0,0,11878,0,0,5231,1.339999999999908,,,145.79581281018457,91.32212323587278,25.930698304035985,33.80809121281761,26.60154996848948,92.00235564516849,0.626611676604917,1073,0.0036190683281487096,237.97396909638624,171.97916992530594,3.808469887323901,-122.37894197893583,90.00025115253699,3202773.8012388777,,0.06866526065593558,121.7878061774447,90.000250221771,15.87292758961507,False,False,False,False,False,False,False,False,False,table,False,,False,,,0.0,
A-30ml-f0.25-p+0.0-above-y0-x+3.0-y+0.0,A,dx,30,0.25,0,above,0,3,0,20,31.74802103936399,12.11256004651333,6.975340422317517,21.48270134647077,False,41.87,28.7,140997,39662,24368,0,0,0,0,0,0,0,0,,8.401999999998777,19.99499999999875,1.7575031525894815,4.29428958605296,9.567808560707283,26.603107837692228,26.60154996848948,99.19943690348381,3.906574149105481,39662,81.41162544934978,5.3680505820982285,3.588190970143013,9.132887879903235,5.120494950463309,2.582221341164335,37.14718794504983,0.10130439678223814,0.36186836755204455,1.4545993883049217,2.8700004636030034e-05,-0.0015415804024577241,True,True,True,True,True,False,False,True,True,cap_away,False,-0.002427578060383368,True,0.1707208356792154,0.19591836614052968,0.301,
A-30ml-f0.25-p+0.0-above-y0-x+0.0-y+6.0,A,dy,30,0.25,0,above,0,0,6,20,31.74802103936399,12.11256004651333,6.975340422317517,21.48270134647077,False,33.35,28.4,36853,30349,0,0,0,0,0,9896,0,0,5465,,8.618999999999042,,95.06177744018503,91.83566055571373,9.558155305589455,26.47391543782818,26.60154996848948,99.31927321987553,2.4174131935445002,30349,231.30336876047775,7.674458897447165,110.16078289319289,-28.014594051786553,-110.13301046695506,90.0002295294822,3504504.0099370806,,294.08722899139957,27.399682845862852,90.00024187892198,15.872976205074757,True,False,True,False,True,False,False,False,False,rig_clear,False,0.16641106643013392,False,,,0.0,
A-30ml-f0.50-p+10.0-above-y0-x+0.0-y+0.0,A,pitch,30,0.5,10,above,0,0,0,20,31.74802103936399,24.22512009302666,13.950680844635034,32.70782143949743,False,27.87,28.4,27476,34039,0,0,0,0,0,5285,0,0,5251,,9.323499999999903,,99.96195136264426,90.63312509267334,9.567204459650355,26.60007080839975,26.60154996848948,99.17621616470862,2.3969696315392435,34039,246.69162281815443,5.809452959302025,122.27847983189923,-48.99522684460682,-122.20662352739379,90.00009548372157,8424271.24400205,,95.23578248975537,46.95456085199139,90.00009617747614,15.87289362191617,True,False,True,False,True,False,False,False,False,rig_clear,False,1.3446715445962074,False,,,0.0,
A-30ml-f0.25-p+0.0-above-y0-x+0.0-y+3.0,A,dy,30,0.25,0,above,0,0,3,20,31.74802103936399,12.11256004651333,6.975340422317517,21.48270134647077,False,38.56,31.4,179545,94034,4404,0,0,0,0,0,0,0,0,,8.119499999998432,20.25299999999815,0.272548585034418,0.23967927862300825,9.567746257597722,26.581325383084828,26.60154996848948,99.21677128602147,5.300059991224855,94034,88.10052609816292,0.853391567877433,0.28919805191774994,5.816627237046779,8.280941921514767,0.15646689492357155,37.74199348463614,0.24304474132675924,0.4214557584566638,2.9941543814080522,0.00010012839509585997,-0.0015440803094855932,True,True,True,True,True,True,False,True,True,reach_liquid,False,0.10917416841132074,False,,,3.0,
A-30ml-f0.50-p+20.0-above-y0-x+0.0-y+0.0,A,pitch,30,0.5,20,above,0,0,0,20,31.74802103936399,24.22512009302666,13.950680844635034,32.70782143949743,False,27.73,28.93,105566,67997,2204,0,0,0,0,53,0,0,0,,9.05899999999958,19.60049999999967,9.409773612900409,19.77130760719878,9.567796835228737,26.603513645436692,26.60154996848948,99.14755859144147,3.901711949780694,67997,83.44480583689425,1.930341384058139,0.12986974630774967,17.273834210960523,8.423338384298276,18.73893652704788,20.905179930711434,0.8991753520228726,0.9455983890614122,46.47447349034969,90.00048979289677,15.951742050054792,True,True,True,False,True,True,False,True,False,lift,False,0.21317196229982763,True,0.11611188445329565,0.35098552955471596,0.533,
A-30ml-f0.25-p+0.0-above-y0-x+0.0-y-3.0,A,dy,30,0.25,0,above,0,0,-3,20,31.74802103936399,12.11256004651333,6.975340422317517,21.48270134647077,False,47.74,31.4,111766,74322,4116,0,0,0,0,20945,0,0,0,,8.12549999999844,20.212499999998244,52.77486506324176,44.78478943656345,9.567746253042262,26.500180534009786,26.60154996848948,99.30050416776416,5.373570476325661,74322,88.10844528914737,0.9041189445316082,0.3842785867986478,5.846066885942413,8.252274322147215,0.23884688611897933,37.72180786544187,4.834407828241795,4.8701989279055145,33.598034605862246,0.0019807092261473016,-0.0012387420998262874,True,True,True,False,True,True,False,False,False,lift,False,0.11673338152740079,False,,,3.0,
A-30ml-f0.50-p+0.0-above-y0-x+0.0-y+0.0,A,nominal,30,0.5,0,above,0,0,0,20,31.74802103936399,24.22512009302666,13.950680844635034,32.70782143949743,False,41.23,31.4,182088,94026,0,0,0,0,0,0,0,0,0,,8.277999999998626,20.194499999998285,0.22697011575732037,0.17630323469025322,9.567746258252463,26.60311253922554,26.60154996848948,99.19780368116514,4.993430501220899,94026,87.72660898959636,0.9740978872665246,0.13110635800273576,16.40821984618583,9.801392152884475,0.11660079118149133,25.639201791624583,0.22385979533954667,0.401445311018653,0.08377464614639298,3.869394096981287e-05,-0.0015616448932162918,True,True,True,True,True,True,True,True,True,,True,0.10466516729575098,False,,,3.0,
A-30ml-f0.50-p+0.0-above-y0-x-6.0-y+0.0,A,dx,30,0.5,0,above,0,-6,0,20,31.74802103936399,24.22512009302666,13.950680844635034,32.70782143949743,False,29.47,28.4,719,128,0,0,0,0,0,10523,0,0,5209,,,,92.42762083978528,90.91044733017685,9.567795972473418,26.609880505658765,26.60154996848948,88.70487506850064,0.41739674563857215,128,0.003674731260519502,264.24200180570955,124.18615213875097,-20.466702983514768,-122.41205181334189,90.00025084282082,3206728.24122098,,0.33400910890464647,49.87831756166814,90.00049590628251,15.909849390095431,True,False,True,False,False,False,False,False,False,rig_clear,False,,False,,,0.0,
A-30ml-f0.50-p+0.0-side-y0-x+0.0-y+0.0,A,approach,30,0.5,0,side,0,0,0,20,31.74802103936399,24.22512009302666,13.950680844635034,32.70782143949743,False,40.56,31.4,181758,94024,0,0,0,0,0,0,0,0,0,,8.277999999998626,20.194999999998284,0.22697993091861354,0.17838573234023178,9.567723871185548,26.603111524753814,26.60154996848948,99.19780493310132,4.994900365355194,94024,87.7297639782142,0.971495929400882,0.1312817264614335,16.40827642523559,9.801337731631582,0.11740467881115878,25.639004816107956,0.23480071368761912,0.4078410971308618,0.08257715343112784,4.341671946775051e-05,-0.0015616895596361744,True,True,True,True,True,True,True,True,True,,True,0.10471182359848202,False,,,3.0,
A-30ml-f0.50-p+0.0-diagonal-y0-x+0.0-y+0.0,A,approach,30,0.5,0,diagonal,0,0,0,20,31.74802103936399,24.22512009302666,13.950680844635034,32.70782143949743,False,41.38,31.4,187154,94026,0,0,0,0,0,0,0,0,0,,8.27349999999862,20.176999999998326,0.26223502632094425,0.14735259785772872,6.765410970800474,26.603112249341674,26.60154996848948,99.1978040415511,5.010359711132555,94026,87.77476326136812,0.913250171393131,0.1273719836410901,16.409328974347716,9.800221460893862,0.0893356725460115,25.645882521221157,0.2452904395638799,0.4189510411987708,0.06799366598775712,3.4837731211880276e-05,-0.0015613088177846395,True,True,True,True,True,True,True,True,True,,True,0.10489314132811617,False,,,3.0,
A-30ml-f0.50-p+0.0-above-y180-x+0.0-y+0.0,A,yaw,30,0.5,0,above,180,0,0,20,31.74802103936399,24.22512009302666,13.950680844635034,32.70782143949743,False,38.88,31.4,184475,94036,0,0,0,0,0,0,0,0,0,,8.24949999999859,20.18449999999831,0.33552692021486524,0.08713792421494317,9.56774625853942,26.60311130054068,26.60154996848948,99.1977989320351,5.116449787150666,94036,87.81881240444979,0.9034031236060652,0.1233336945589502,16.40858362842252,9.800891077389823,0.05390034450809552,25.65456517015191,0.2258970239587039,0.4141590035283058,0.06330908368899968,5.7196462498861806e-05,-0.0015608021528543722,True,True,True,True,True,True,True,True,True,,True,0.10563644921680909,False,,,3.0,
A-30ml-f0.50-p+5.0-above-y0-x+0.0-y+0.0,A,pitch,30,0.5,5,above,0,0,0,20,31.74802103936399,24.22512009302666,13.950680844635034,32.70782143949743,False,54.89,28.7,130800,65579,2952,0,0,0,0,0,0,0,0,,9.293499999999867,19.60049999999967,1.873679088940724,4.361457897422888,9.567806248995254,26.601175186651577,26.60154996848948,99.18779102401228,3.2209665638156735,65579,81.58318475734659,2.4076763756264676,0.7488406597820362,17.608021612224597,8.549555546394194,3.052417521625489,24.9191371703034,-0.059774317407202605,0.37974741685634134,1.869106780265011,0.1861756241447447,0.03695472053850773,True,True,True,True,True,True,False,True,True,reach_liquid,False,0.15380568475780934,True,0.11467240291768237,0.1959839478182616,0.301,
A-30ml-f0.50-p-10.0-above-y0-x+0.0-y+0.0,A,pitch,30,0.5,-10,above,0,0,0,20,31.74802103936399,24.22512009302666,13.950680844635034,32.70782143949743,False,61.86,28.4,169753,0,2399,0,2494,0,0,0,0,0,0,1.1524999999999286,,,4.084935620158766,4.815742525957105,18.34192397486504,44.37329147802081,26.60154996848948,81.4347084878248,-0.2000856839465548,0,0.007174087795678746,141.67085711080085,1.598809523900753,35.3600717428624,-9.27058683047352,6.271117328696576,24.125009601067745,,0.20013418403203787,3.849590212257829,0.10445124949637673,0.016849972817720507,False,True,False,False,False,False,False,False,True,table,False,,False,,,0.0,
A-30ml-f0.50-p-20.0-above-y0-x+0.0-y+0.0,A,pitch,30,0.5,-20,above,0,0,0,20,31.74802103936399,24.22512009302666,13.950680844635034,32.70782143949743,False,65.11,28.4,203606,0,1905,0,3144,0,0,0,0,0,0,0.8824999999999582,,,1.2037043652668535,0.9503465141563169,42.87785977706935,69.58686362460996,26.60154996848948,56.477307664222025,-0.20015306514525877,0,0.0011828847612737313,157.82884548498032,3.95481173930602,61.77627284129284,-35.67699269712013,1.8697741432785253,25.209463182866838,,0.20012104953416684,1.1127415608561964,0.15119214105547762,0.028318667181919253,False,True,False,False,False,False,False,False,True,table,False,,False,,,0.0,
A-30ml-f0.50-p+0.0-above-y270-x+0.0-y+0.0,A,yaw,30,0.5,0,above,270,0,0,20,31.74802103936399,24.22512009302666,13.950680844635034,32.70782143949743,False,45.87,31.4,172230,94024,0,0,0,0,0,0,0,0,0,,8.244499999998585,20.035499999998656,0.2538600161747351,0.24499301490615844,9.567746258345583,26.603113398971406,26.60154996848948,99.19780020735273,5.092476407899414,94024,87.84954942525752,0.8663560617694505,0.13659350824426192,16.413473589048316,9.796194198319895,0.13847929325507377,25.633840927089583,0.26719114929629445,0.43574889726028804,0.07747263170071877,4.264597226455589e-05,-0.0015623704599005243,True,True,True,True,True,True,True,True,True,,True,0.1049338607393516,False,,,3.0,
A-30ml-f0.25-p+0.0-above-y0-x+0.0-y-6.0,A,dy,30,0.25,0,above,0,0,-6,20,31.74802103936399,12.11256004651333,6.975340422317517,21.48270134647077,False,76.36,31.4,125006,71840,18810,0,0,0,0,11751,0,0,0,,8.145999999998464,20.21349999999824,53.60137751615739,44.17359288002674,9.567746259203993,26.39275970083001,26.60154996848948,99.40949952092643,5.308713651197665,71840,88.03330565753691,1.0986279887617898,0.9138973462006563,9.17078500208034,4.933139785572277,0.45592827268916664,37.668614904828324,3.7034691845569943,3.7574410390388295,28.306598454733876,0.001196897476280333,-0.0013260152571963042,True,True,True,False,True,True,False,False,False,lift,False,0.11144999003272096,False,,,3.0,
A-30ml-f0.50-p+0.0-above-y90-x+0.0-y+0.0,A,yaw,30,0.5,0,above,90,0,0,20,31.74802103936399,24.22512009302666,13.950680844635034,32.70782143949743,False,59.18,31.4,129085,75402,0,0,0,0,0,28507,0,0,0,,8.250999999998593,20.180499999998318,52.516755077987966,43.695479744234284,9.567746259153596,26.603110792494686,26.60154996848948,99.19780031413266,5.242187024977314,75402,88.00356520382407,0.8455536556133052,0.12267325079970187,16.4143964794924,9.795057710125525,0.04853510353858752,25.65587980357951,4.860429254701206,4.917083875681002,23.81600557091836,1.967584236810249,0.4675955704514206,True,True,True,False,True,True,True,False,False,lift,False,0.10530430060007363,False,,,3.0,
A-30ml-f0.50-p+0.0-above-y0-x+6.0-y+0.0,A,dx,30,0.5,0,above,0,6,0,20,31.74802103936399,24.22512009302666,13.950680844635034,32.70782143949743,False,48.86,31.4,100666,57994,230,0,0,0,0,0,0,0,0,,7.791499999998401,27.90799999998031,3.809335200597736,11.190647473092735,9.567746258448258,26.603109953603205,26.60154996848948,99.19761951654858,6.81511705330353,57994,80.892131212339,1.4344162400139744,6.362861415057653,17.56197320236517,9.35048609565585,6.914184225129532,23.96533398335194,1.0392352760445014,1.0455761799974626,4.211527183558316,0.2373373883884389,0.04952189627295024,True,True,True,False,True,True,False,False,True,lift,False,0.024779430029800938,False,,,3.0,
A-30ml-f0.50-p+0.0-above-y0-x+0.0-y+3.0,A,dy,30,0.5,0,above,0,0,3,20,31.74802103936399,24.22512009302666,13.950680844635034,32.70782143949743,False,42.98,31.4,98988,74324,0,0,0,0,0,20486,0,0,0,,8.178999999998505,20.225999999998212,60.94563671023157,54.54072131323019,9.56774635887231,26.643108340944583,26.60154996848948,99.15739350262403,5.082799582870313,74324,87.87798082879976,0.836041899317385,0.04659994027677217,16.452510185620024,9.756892969603706,0.055412596551812895,25.65419462625312,5.681793492986258,5.695316255295599,43.139790908654646,90.00036466962572,15.875916001312364,True,True,True,False,True,True,True,False,False,lift,False,0.10343568161748408,False,,,3.0,
A-30ml-f0.50-p+0.0-above-y0-x+0.0-y-3.0,A,dy,30,0.5,0,above,0,0,-3,20,31.74802103936399,24.22512009302666,13.950680844635034,32.70782143949743,False,44.77,31.4,94551,73657,0,0,0,0,0,19737,0,0,0,,8.198499999998528,20.151999999998385,55.336224987308455,44.80679888972017,9.567747589702163,26.59560955178742,26.60154996848948,99.2087484821732,5.162670936200743,73657,88.00330640953376,1.101903735507194,0.3441174963584551,16.39114506757025,9.818722402882285,0.1942822786859755,25.620167536431044,14.297543977804525,14.307964834529743,35.03852005526212,7.636383641665695e-06,-0.0015626428228836759,True,True,True,False,True,True,True,False,False,lift,False,0.13281495654840536,False,,,3.0,
A-30ml-f0.80-p-20.0-above-y0-x+0.0-y+0.0,A,pitch,30,0.8,-20,above,0,0,0,20,31.74802103936399,38.76019214884267,22.32108935141606,47.24289349531343,False,41.04,28.4,213128,0,0,0,3144,0,0,0,0,0,0,0.8824999999999582,,,0.7396991117012092,0.6190110224274143,42.798902080807544,69.58690416675861,26.60154996848948,56.47511878893177,-0.20015131182195972,0,0.001206677782477096,157.8264534635374,0.4465094349914159,73.40172241014623,-32.655165072633345,1.802434496335705,10.69090816063633,,0.20012846113416205,0.8084294250233204,1.9090959104164224e-06,-0.0015433672849793367,False,True,False,False,False,False,False,False,True,table,False,,False,,,0.0,
A-30ml-f0.80-p-5.0-above-y0-x+0.0-y+0.0,A,pitch,30,0.8,-5,above,0,0,0,20,31.74802103936399,38.76019214884267,22.32108935141606,47.24289349531343,False,34.0,28.4,32667,1156,0,0,1125,0,0,7392,0,0,5875,1.339999999999908,,,130.65822243725722,90.74004113563862,16.897499991281382,33.80774361831749,26.60154996848948,92.00048252309784,0.573576514667759,1156,0.004101600995981125,241.64149459438514,160.9858195895129,-7.277900109293442,-124.3267008452223,90.0003131212068,2568915.1275493735,,0.19637123393868552,103.45699228663791,90.00061339492053,15.887034111122102,False,False,False,False,False,False,False,False,False,table,False,,False,,,0.0,
A-30ml-f0.50-p+0.0-above-y0-x+3.0-y+0.0,A,dx,30,0.5,0,above,0,3,0,20,31.74802103936399,24.22512009302666,13.950680844635034,32.70782143949743,False,57.0,28.71,145349,65337,2479,0,0,0,0,0,0,0,0,,8.341999999998704,19.86599999999905,1.5265116148939513,3.624560546665662,9.567808566738723,26.603103109087243,26.60154996848948,99.19772703538528,4.67389150414494,65337,83.42366389464738,2.5963252011481566,3.3614331048854598,17.87989362036684,8.486598764050557,2.855886997169096,24.967420873821165,0.37418722524026865,0.512581923254039,1.7393375113828535,2.1699963539503996e-05,-0.0015657465808811845,True,True,True,True,True,True,False,True,True,reach_liquid,False,0.010460205362174334,True,0.19091148955026715,0.20089995785485054,0.309,
A-30ml-f0.50-p+0.0-above-y0-x+0.0-y-6.0,A,dy,30,0.5,0,above,0,0,-6,20,31.74802103936399,24.22512009302666,13.950680844635034,32.70782143949743,False,52.86,28.4,101539,58136,0,0,0,0,0,12371,0,0,0,,8.258999999998602,,80.61902160978586,78.65648357791494,9.580036743697889,26.474925020140166,26.60154996848948,99.32419871020153,5.057535530605263,58136,87.92483269779332,1.4792471076209168,0.8108009052176652,16.29734586171924,9.915169358490559,0.29391981525761707,25.59575313589524,,5.702541467681771,52.82605234605268,91.70278672832792,189.75568079024123,True,True,True,False,True,True,True,False,False,lift,False,0.16926117975414579,False,,,0.0,
A-30ml-f0.50-p+0.0-above-y0-x+0.0-y+6.0,A,dy,30,0.5,0,above,0,0,6,20,31.74802103936399,24.22512009302666,13.950680844635034,32.70782143949743,False,50.99,31.4,153040,93252,0,0,0,0,0,0,0,0,0,,8.029999999998322,20.241499999998176,0.29702417550313587,0.7335776615602752,9.567746258939975,26.529752755730758,26.60154996848948,99.26969571078297,5.5846113058512294,93252,88.33022685211064,0.978442984718904,0.6974555690646634,16.367818278372976,9.844994845372629,0.2937897517927918,25.59578500587843,0.38433468069771526,0.5233484085296995,6.007160315798749,0.00010428977015904036,-0.0015593842868157084,True,True,True,True,True,True,True,True,True,,True,0.11952058163079304,False,,,3.0,
A-30ml-f0.80-p+0.0-above-y0-x+0.0-y+0.0,A,nominal,30,0.8,0,above,0,0,0,20,31.74802103936399,38.76019214884267,22.32108935141606,47.24289349531343,False,39.02,31.4,168254,94024,0,0,0,0,0,0,0,0,0,,8.274499999998621,20.100999999998503,0.20975976058216375,0.21099595013082492,9.567746258917722,26.60309366610451,26.60154996848948,99.19581031430947,5.005546279382482,94024,87.70437392957415,0.9669328780033576,0.10088270775858874,30.909588727923495,9.835061357079372,0.13649778888873287,11.099254397423927,0.17093974747868765,0.38263187292521145,0.07276499949800048,6.850968295021384e-05,-0.0015418150949478844,True,True,True,True,True,True,True,True,True,,True,0.10458981745129019,False,,,3.0,
A-30ml-f0.50-p+0.0-above-y0-x-3.0-y+0.0,A,dx,30,0.5,0,above,0,-3,0,20,31.74802103936399,24.22512009302666,13.950680844635034,32.70782143949743,False,67.12,28.4,936,0,0,0,0,0,0,103765,0,0,0,,,,2.4261892702993952,2.8106662094564303,9.567893890141296,25.896941072437325,26.60154996848948,78.92125073376845,-0.20012132794546,0,0.0011001831323066734,123.79136765003835,37.46249029638915,39.24197413979128,-10.594746458540735,3.760106304446585,24.745117299634718,,0.20003900560925678,38.136072306498015,1.0956178738392581,0.25353936442129604,True,True,True,False,False,False,False,False,False,lift,False,,False,,,0.0,
A-30ml-f0.80-p+20.0-above-y0-x+0.0-y+0.0,A,pitch,30,0.8,20,above,0,0,0,20,31.74802103936399,38.76019214884267,22.32108935141606,47.24289349531343,False,38.01,28.7,107428,65350,2329,0,0,0,0,61,0,0,0,,9.26349999999983,19.60049999999967,8.926075599572947,19.227439650901545,9.567796831967728,26.60260550144842,26.60154996848948,99.14730651077691,3.622581681412544,65350,82.03368121683204,2.3798850138630807,0.1721550202109834,32.042602692495635,8.214150200250264,18.192115305304984,6.519036092941511,0.6482585619756416,0.7125749933863742,44.681449356719654,90.00061677016629,15.978282031222701,True,True,True,False,True,True,False,True,False,lift,False,0.28019386498827376,True,0.1502694407426649,0.19594276044062953,0.301,
A-30ml-f0.80-p+5.0-above-y0-x+0.0-y+0.0,A,pitch,30,0.8,5,above,0,0,0,20,31.74802103936399,38.76019214884267,22.32108935141606,47.24289349531343,False,43.55,28.7,123416,65609,2994,0,0,0,0,0,0,0,0,,9.290499999999863,19.60049999999967,1.752315445324516,4.161601375896292,9.567806242676099,26.600042531831722,26.60154996848948,99.18675450766787,3.305676698585912,65609,81.52151444475768,2.3475119388106114,0.2995626219981142,32.14635180165726,8.57130076231627,3.006477626443823,10.39535318758375,-0.04294859901786892,0.37366370655359676,1.6839993915291847,0.2068310995436773,0.04205853666836345,True,True,True,True,True,True,False,True,True,reach_liquid,False,0.15426049385868573,True,0.1777348791133039,0.19591566613005162,0.301,
A-30ml-f0.80-p+0.0-above-y0-x-6.0-y+0.0,A,dx,30,0.8,0,above,0,-6,0,20,31.74802103936399,38.76019214884267,22.32108935141606,47.24289349531343,False,28.75,28.4,1546,933,0,0,0,0,0,22494,0,0,5902,,,,91.66297385138185,93.0650705211834,9.56686127797448,24.88359483015402,26.60154996848948,90.98987553603784,-0.18791349147005004,933,0.006117835943957558,204.96941286032052,125.61193760596286,-34.69204508056548,-124.360735481918,90.00071068888195,1131840.1783251248,,0.3267356483469326,63.59377117090025,90.00031437778854,15.872972165522931,True,False,True,False,False,False,False,False,False,rig_clear,False,,False,,,0.0,
A-30ml-f0.80-p-10.0-above-y0-x+0.0-y+0.0,A,pitch,30,0.8,-10,above,0,0,0,20,31.74802103936399,38.76019214884267,22.32108935141606,47.24289349531343,False,65.76,28.4,155895,0,11375,0,2494,0,0,0,0,0,0,1.1524999999999286,,,0.3982543389544848,0.24098345305697538,17.979505324880073,44.373272057558914,26.60154996848948,81.43213764480946,-0.19979829826336643,0,0.00703296253931976,141.67025320842893,2.3609929407233374,67.60330150649834,-26.79124766139221,1.4396844147592138,10.77986344585944,,0.2001265587285377,0.3102937351500776,8.009106731400786e-06,-0.0015433672754132826,False,True,False,False,False,False,False,False,True,table,False,,False,,,0.0,
A-30ml-f0.80-p+0.0-above-y90-x+0.0-y+0.0,A,yaw,30,0.8,0,above,90,0,0,20,31.74802103936399,38.76019214884267,22.32108935141606,47.24289349531343,False,43.96,31.4,123140,76025,0,0,0,0,0,16414,0,0,0,,8.239499999998579,20.181499999998316,78.85561827665762,72.44042450776847,9.567746257682794,26.60309322722041,26.60154996848948,99.19580749689158,5.271400253722046,76025,88.0415398185118,0.8230214734487109,0.11314154401967098,30.91549245357407,9.82900318891905,0.03663551111264501,11.123723478529927,7.092828267634731,7.288863356711465,27.99885588678016,90.00002542785766,15.93137664073932,True,True,True,False,True,True,True,False,False,lift,False,0.10523191736465931,False,,,3.0,
A-30ml-f0.80-p+0.0-above-y0-x+6.0-y+0.0,A,dx,30,0.8,0,above,0,6,0,20,31.74802103936399,38.76019214884267,22.32108935141606,47.24289349531343,False,29.28,28.79,95763,78266,205,0,0,0,0,0,0,0,0,,7.6739999999984665,20.850999999996755,2.095384420268696,6.892841463554547,9.567808560385027,26.603091719726418,26.60154996848948,99.19560765646095,8.014827769847168,78266,80.19772011871595,1.7790048971374446,4.481495308251433,32.19048108066162,9.016390442231376,6.667764592905535,9.49149787811447,4.061420114398659,4.070254529596373,1.4600834231336004,0.3330212967797771,0.07345490087883326,True,True,True,True,True,True,False,False,True,reach_liquid,False,0.04706876497811822,True,0.2254078834027015,0.25251520909078795,0.386,
A-30ml-f0.80-p+10.0-above-y0-x+0.0-y+0.0,A,pitch,30,0.8,10,above,0,0,0,20,31.74802103936399,38.76019214884267,22.32108935141606,47.24289349531343,False,55.7,31.4,78752,58412,0,0,0,0,0,18378,0,0,0,,9.306499999999883,19.60049999999967,56.29397348981645,59.35914631955648,9.567742873309754,26.600043055269246,26.60154996848948,99.17481269687505,2.8760654296558568,58412,85.1901735387479,2.5392835660534407,0.03024259943239481,30.728166195948205,9.877197640978302,9.676171432487052,8.738970238112868,-2.043474964239713,3.2015310647783757,121.46735740761457,90.00205600370003,16.113204228390256,True,True,True,False,True,True,True,False,False,lift,False,0.25354496986774683,False,,,3.0,
A-30ml-f0.80-p+0.0-diagonal-y0-x+0.0-y+0.0,A,approach,30,0.8,0,diagonal,0,0,0,20,31.74802103936399,38.76019214884267,22.32108935141606,47.24289349531343,False,50.05,31.4,160956,94022,0,0,0,0,0,0,0,0,0,,8.275499999998623,20.092499999998523,0.26300965951830724,0.21781389130643217,6.765410971121717,26.603093441898974,26.60154996848948,99.19581059911786,5.001879794117419,94022,87.69773302413337,0.9708299307399765,0.1018058163114399,30.909566030785857,9.835081739485108,0.13359581898283923,11.099965464235238,0.21118635450874926,0.41420309985318665,0.1958102737731014,5.4748131048529624e-05,-0.0015457707075511343,True,True,True,True,True,True,True,True,True,,True,0.10465129159017579,False,,,3.0,
A-30ml-f0.80-p+0.0-side-y0-x+0.0-y+0.0,A,approach,30,0.8,0,side,0,0,0,20,31.74802103936399,38.76019214884267,22.32108935141606,47.24289349531343,False,52.22,31.4,172584,94030,0,0,0,0,0,0,0,0,0,,8.267499999998613,20.165999999998352,0.1884691745196223,0.1723958542148134,9.567723871659599,26.60309286148815,26.60154996848948,99.19581137956119,5.020981806758258,94030,87.76726666534117,0.9122843175304611,0.10314141620878366,30.910331996507093,9.834278184037315,0.10518783177845246,11.106926236893775,0.23440834694432788,0.41281152018870915,0.07421383722130706,2.6466983033799646e-05,-0.001540440489057884,True,True,True,True,True,True,True,True,True,,True,0.10449577016758994,False,,,3.0,
A-30ml-f0.80-p+0.0-above-y180-x+0.0-y+0.0,A,yaw,30,0.8,0,above,180,0,0,20,31.74802103936399,38.76019214884267,22.32108935141606,47.24289349531343,False,51.45,31.4,175688,94038,0,0,0,0,0,0,0,0,0,,8.23999999999858,20.18399999999831,0.3060290415683904,0.0842025416746817,9.56774625834053,26.60309210613472,26.60154996848948,99.1958075670874,5.149357147850718,94038,87.86561716001742,0.8738188014906214,0.11004257051955588,30.91120517103294,9.833327993304303,0.054000873958147955,11.119468481819354,0.2314941976493084,0.4151359701526837,0.04892214257432158,7.660685944262126e-05,-0.0015440301577255406,True,True,True,True,True,True,True,True,True,,True,0.10497872495574678,False,,,3.0,
A-50ml-f0.25-p-10.0-above-y0-x+0.0-y+0.0,A,pitch,50,0.25,-10,above,0,0,0,25,37.64144115524114,13.984229076838627,11.769942152291096,11.93839640534348,False,26.3,28.4,31970,1403,0,0,2126,0,0,0,0,0,5775,1.3074999999999115,,,224.19164309704203,91.6484749471272,9.558216899651423,46.398659607468375,37.498422743697716,90.31775844275897,0.7025850561970248,1403,0.0043807647725414055,287.19456359717293,236.3737957376203,-8.70413342154389,-107.65193956294145,90.00029521036865,3273842.1545222225,,0.17156087703096332,209.77689777394792,90.00029501011086,18.81972862842944,False,False,False,False,False,False,False,False,False,table,False,,False,,,0.0,
A-30ml-f0.80-p+0.0-above-y0-x+3.0-y+0.0,A,dx,30,0.8,0,above,0,3,0,20,31.74802103936399,38.76019214884267,22.32108935141606,47.24289349531343,False,40.3,28.7,128302,61918,3187,0,0,0,0,0,0,0,0,,8.186999999998514,20.85749999999674,1.9723244634256887,4.580234413155466,9.567808562218623,26.60308729052237,26.60154996848948,99.19572009693337,5.0064656135766565,61918,84.67073431759269,2.1621871621328546,2.508112363995435,33.249803737217455,7.597992645880957,2.5287338907261474,10.51268785396941,0.41466760509844275,0.49302048596627573,1.8013619706325203,0.41208721828235184,0.09061916583013976,True,True,True,True,True,True,False,True,True,reach_liquid,False,0.01575921884808909,True,0.16081811882611344,0.19591512121635132,0.301,
A-30ml-f0.80-p+0.0-above-y0-x-3.0-y+0.0,A,dx,30,0.8,0,above,0,-3,0,20,31.74802103936399,38.76019214884267,22.32108935141606,47.24289349531343,False,45.98,28.4,1780,293,0,0,0,0,0,36561,0,0,5902,,17.51150000000454,,89.13630655141995,39.43256346976252,43.95592524658245,25.78349162746424,26.60154996848948,88.85705783698036,0.47344398118550485,293,0.874266836897903,195.21859717843017,48.78801231165574,133.72411923703336,-97.79579266846945,9.166005498108799,8.86741752221247,,8.309476708047361,83.42088667541523,34.49353937676448,64.37057258486516,True,False,True,False,False,False,False,False,False,rig_clear,False,1.9985112269697332,False,,,0.0,
A-30ml-f0.80-p+0.0-above-y270-x+0.0-y+0.0,A,yaw,30,0.8,0,above,270,0,0,20,31.74802103936399,38.76019214884267,22.32108935141606,47.24289349531343,False,51.97,31.4,167536,94022,0,0,0,0,0,0,0,0,0,,8.23999999999858,20.030499999998668,0.2509504472113465,0.199476449749157,9.567746258286984,26.603092533091626,26.60154996848948,99.19580920027556,5.114249709131193,94022,87.89472599452664,0.8682624670665332,0.10245615876125251,30.914174465718784,9.83046356838857,0.1256846587061451,11.101903927158586,0.21657321753216074,0.40371855323141936,0.09672715397883816,0.00010288946614250594,-0.0015348305545487568,True,True,True,True,True,True,True,True,True,,True,0.10482781692063418,False,,,3.0,
A-30ml-f0.80-p+0.0-above-y0-x+0.0-y-6.0,A,dy,30,0.8,0,above,0,0,-6,20,31.74802103936399,38.76019214884267,22.32108935141606,47.24289349531343,False,44.42,31.4,93378,71756,0,0,0,0,0,25752,0,0,0,,8.136999999998453,20.217499999998232,52.49481201587141,40.75362393139463,9.567746259316875,26.497987975329664,26.60154996848948,99.29979603835763,5.383186922990009,71756,88.21117595247867,1.02215668632059,0.3587613039512759,30.828552788381465,9.916596144556284,0.12068704155927765,11.103128487195368,14.25993496517937,14.26865330405686,34.28841223080183,0.5010613555642784,0.11515827288637745,True,True,True,False,True,True,True,False,False,lift,False,0.13943530814717922,False,,,3.0,
A-50ml-f0.25-p+0.0-above-y0-x+0.0-y+0.0,A,nominal,50,0.25,0,above,0,0,0,25,37.64144115524114,13.984229076838627,11.769942152291096,11.93839640534348,False,32.05,28.7,131564,81000,0,0,0,0,0,0,0,0,0,,9.291999999999865,19.60049999999967,0.2792507790039825,0.430416834989658,9.567808509580916,37.49996705288752,37.498422743697716,99.19409422194153,4.372683040175532,81000,86.43015500270656,1.2585241854717168,0.33774457760386783,6.563048239814298,9.775973393774311,0.41833118008619996,44.3960122560329,0.25999576758184806,0.40003696610903533,0.3776159354927948,0.058543816949631,0.00870391342377945,True,True,True,True,True,True,True,True,True,,True,0.06696298637025502,True,0.134256958683449,0.19597332642710455,0.301,
A-30ml-f0.80-p+0.0-above-y0-x+0.0-y+6.0,A,dy,30,0.8,0,above,0,0,6,20,31.74802103936399,38.76019214884267,22.32108935141606,47.24289349531343,False,44.85,28.71,138423,80266,0,0,0,0,0,0,0,0,0,,8.023999999998315,20.253999999998147,0.26670858323416824,0.5582382362427357,9.567808570736094,26.356739788027767,26.60154996848948,99.44393572282347,5.6094411826840345,80266,88.42016809810153,1.0025426908445987,0.6637325805272285,30.685897312708587,10.062633611875317,0.37114241011308674,11.041758769053118,0.24573337222377692,0.4662633878110988,6.0176446408818265,0.16177000377442907,0.03085306418484545,True,True,True,True,True,True,True,True,True,,True,0.11957703823226441,True,0.13187039415947774,0.20095345344739282,0.309,
A-50ml-f0.25-p+0.0-above-y0-x-6.0-y+0.0,A,dx,50,0.25,0,above,0,-6,0,25,37.64144115524114,13.984229076838627,11.769942152291096,11.93839640534348,False,17.56,28.4,7049,571,0,0,0,0,0,8057,0,0,5772,,,,101.41862066057121,72.01372714361506,9.559253307877574,36.62999466856,37.498422743697716,98.22721016427964,0.23700988224234498,571,0.004105636452429791,249.02404670973925,108.6802095068852,-46.098661054155095,-107.50715535183956,90.00029447260304,3282044.259734341,,0.3076125551336004,42.6493760417201,90.00029557410525,18.819728939523902,True,False,True,False,False,False,False,False,False,rig_clear,False,,False,,,0.0,
A-30ml-f0.80-p+0.0-above-y0-x+0.0-y-3.0,A,dy,30,0.8,0,above,0,0,-3,20,31.74802103936399,38.76019214884267,22.32108935141606,47.24289349531343,False,53.32,31.4,101682,72206,0,0,0,0,0,12292,0,0,0,,8.172999999998497,20.206499999998258,52.002783231478496,40.41042103758045,9.567746258112694,26.57033108618997,26.60154996848948,99.22899133689694,5.255094159788566,72206,88.49947829080446,1.0994847448372091,0.1484666532648652,30.877282120992028,9.86658712022384,0.21023494491876182,11.0811865875919,5.345988579324819,5.496858707545343,27.599298621269746,5.168059303448192,1.2577774162358573,True,True,True,False,True,True,True,False,False,lift,False,0.14496550233273658,False,,,3.0,
A-50ml-f0.25-p-5.0-above-y0-x+0.0-y+0.0,A,pitch,50,0.25,-5,above,0,0,0,25,37.64144115524114,13.984229076838627,11.769942152291096,11.93839640534348,False,43.56,28.7,119598,69746,0,0,0,0,0,0,0,0,0,,9.308999999999886,19.60049999999967,4.772838861489772,6.260778128021025,9.567809985882732,37.500144654863895,37.498422743697716,99.20895005351434,4.065808408047516,69746,84.8899459394541,1.9389441166877914,1.1860544483914757,6.767940593054244,9.640464734193596,6.041345026483771,42.73397700029728,0.45902130686451326,0.5417136140694113,4.940709569844121,3.4858675210292307,1.0210881629240551,True,True,True,False,True,True,True,True,True,lift,False,0.03378185661467676,True,0.21145046983226418,0.19419609746334618,0.299,
A-30ml-f0.80-p+0.0-above-y0-x+0.0-y+3.0,A,dy,30,0.8,0,above,0,0,3,20,31.74802103936399,38.76019214884267,22.32108935141606,47.24289349531343,False,57.02,31.4,106351,74883,0,0,0,0,0,21916,0,0,0,,8.131999999998447,20.267499999998115,54.54032802883929,45.352441753391034,9.567746261385256,26.557793437748987,26.60154996848948,99.23962142876015,5.3672868252011074,74883,88.5895757233827,0.9535167183261753,0.3000673199080355,30.880991538102776,9.863022408080846,0.08110159219707795,11.112828047213897,3.6106076538307175,3.608648815204544,33.11977780116676,0.0036219799104562503,-0.0010218810608654324,True,True,True,False,True,True,True,False,False,lift,False,0.12145772905380517,False,,,3.0,
A-50ml-f0.25-p-20.0-above-y0-x+0.0-y+0.0,A,pitch,50,0.25,-20,above,0,0,0,25,37.64144115524114,13.984229076838627,11.769942152291096,11.93839640534348,False,51.54,28.4,11298,0,0,0,1591,0,0,66,0,0,5770,0.9974999999999455,,,2.182547808276329,11.12410123418765,66.37904765307084,69.2367398205763,37.498422743697716,0.7883853620212627,-0.19977440915004696,0,0.006961175400061395,195.294814410858,8.313770422702232,125.3967528646763,-109.03437445733474,5.848837308263871,42.791265962806875,,0.19904381913432154,7.944640383520658,3.880875185714143,1.137125099759076,False,False,False,False,False,False,False,False,True,table,False,,False,,,0.0,
A-50ml-f0.25-p+10.0-above-y0-x+0.0-y+0.0,A,pitch,50,0.25,10,above,0,0,0,25,37.64144115524114,13.984229076838627,11.769942152291096,11.93839640534348,False,35.7,31.4,121570,89911,0,0,0,0,0,619,0,0,0,,9.256499999999821,19.60049999999967,5.86174051950636,9.164498644979812,9.567878602024425,37.495345424661835,37.498422743697716,99.17011684314333,4.631242619415082,89911,84.1528125340719,0.9142175154487534,1.1119389743644255,6.613670273934465,9.456993459820845,8.393662872917686,42.03024400449482,-0.11107651856596237,0.34747363947139265,36.36023809619036,0.23194350126146698,0.060193308059120945,True,True,True,False,True,True,True,True,False,lift,False,0.022140319647866752,False,,,3.0,
A-50ml-f0.25-p+5.0-above-y0-x+0.0-y+0.0,A,pitch,50,0.25,5,above,0,0,0,25,37.64144115524114,13.984229076838627,11.769942152291096,11.93839640534348,False,40.46,28.91,118291,78150,0,0,0,0,0,0,0,0,0,,9.018999999999531,19.60049999999967,2.8670246971883753,4.2780760378980505,9.567806194716367,37.49682943301622,37.498422743697716,99.18349606877419,4.900887151715924,78150,84.79174999000666,0.660151469350924,0.8121509028121034,6.590961544975321,9.676811426054478,3.576354961754722,43.464921929005506,-0.01770910856339539,0.3254348799629406,2.8758701303384218,0.5141756847443069,0.14449825178668085,True,True,True,True,True,True,True,True,True,,True,0.013451976312908549,True,0.15910244980370128,0.3342581416047365,0.508,
A-50ml-f0.25-p+0.0-above-y90-x+0.0-y+0.0,A,yaw,50,0.25,0,above,90,0,0,25,37.64144115524114,13.984229076838627,11.769942152291096,11.93839640534348,False,34.8,28.7,134048,80950,0,0,0,0,0,0,0,0,0,,9.29599999999987,19.90949999999895,0.44085608458893866,0.3928946522937901,9.567808509350574,37.49996657947098,37.498422743697716,99.194090903443,4.519703063009681,80950,86.57285827849478,1.2882699508735895,0.30853723200148886,6.5629066488141365,9.775644222678459,0.35797478090648877,44.4137820121442,0.3195573188110665,0.45106361436865805,0.30033957224050256,0.051414434273239544,0.00660058794518655,True,True,True,True,True,True,True,True,True,,True,0.06584977162297291,True,0.17684469934325103,0.19425905919222958,0.299,
A-50ml-f0.25-p+20.0-above-y0-x+0.0-y+0.0,A,pitch,50,0.25,20,above,0,0,0,25,37.64144115524114,13.984229076838627,11.769942152291096,11.93839640534348,False,40.87,31.4,122986,90606,0,0,0,0,0,493,0,0,0,,9.292499999999865,19.60049999999967,10.225035044693378,17.73532858738778,9.567748668854785,37.49739641278554,37.498422743697716,99.13985316640728,4.095138481441538,90606,82.24692815399061,1.436346078732726,3.112878205867995,6.680456758952877,8.315466757602168,17.08935796043297,39.33335950678159,1.3993353913721078,1.431575281866558,28.557413557318085,1.0833173112455685e-05,-0.0015563696858210735,True,True,True,False,True,True,True,False,False,lift,False,0.048450935665147556,False,,,3.0,
A-50ml-f0.25-p+0.0-above-y0-x+3.0-y+0.0,A,dx,50,0.25,0,above,0,3,0,25,37.64144115524114,13.984229076838627,11.769942152291096,11.93839640534348,False,27.4,28.81,129624,67565,0,0,0,0,0,0,0,0,0,,8.68199999999912,19.632499999999595,2.3534773530087336,3.8986993810712547,9.567808497508636,37.49995040574561,37.498422743697716,99.19387114444207,5.194640283890259,67565,77.11568346484879,6.239179935529604,4.851446403185688,6.77354514957906,9.84148947020179,3.4985775542117605,43.487907126275786,0.6789440601144138,0.7530951464536129,2.4897413126629946,0.8247645997344101,0.2370221814585504,True,True,True,True,True,False,True,True,True,cap_away,False,0.004434866701564581,True,0.15510553568812385,0.26756230579023943,0.409,
A-50ml-f0.25-p+0.0-diagonal-y0-x+0.0-y+0.0,A,approach,50,0.25,0,diagonal,0,0,0,25,37.64144115524114,13.984229076838627,11.769942152291096,11.93839640534348,False,42.13,28.7,131483,80998,0,0,0,0,0,0,0,0,0,,9.291999999999865,19.60049999999967,0.2799602435778597,0.42876152408740625,6.765455125520729,37.49996657777965,37.498422743697716,99.19409486416187,4.373111517896447,80998,86.42794146232352,1.2580793142115307,0.3383149335251248,6.56291680373774,9.776114589494247,0.4195257775562459,44.39566054743802,0.2598740413787382,0.3999048808024376,0.3793559903944231,0.05644163250300602,0.008074039981129821,True,True,True,True,True,True,True,True,True,,True,0.06701762149082094,True,0.12738608438835378,0.19597224604178443,0.301,
A-50ml-f0.25-p+0.0-side-y0-x+0.0-y+0.0,A,approach,50,0.25,0,side,0,0,0,25,37.64144115524114,13.984229076838627,11.769942152291096,11.93839640534348,False,47.23,28.7,131484,80998,0,0,0,0,0,0,0,0,0,,9.291999999999865,19.60049999999967,0.2788727893606526,0.42636900807744604,9.567786317996333,37.49996505213832,37.498422743697716,99.19409665081014,4.371778840838253,80998,86.43269805894789,1.2584448511306232,0.33698701972930223,6.562884133680131,9.77612586502602,0.41701288422505833,44.39640038328758,0.28643856044239735,0.4237405419015394,0.3899697699548256,0.06685669346065658,0.011151866737294899,True,True,True,True,True,True,True,True,True,,True,0.06699277377098461,True,0.13388867728719214,0.1959740101617641,0.301,
A-50ml-f0.25-p+0.0-above-y0-x+0.0-y+3.0,A,dy,50,0.25,0,above,0,0,3,25,37.64144115524114,13.984229076838627,11.769942152291096,11.93839640534348,False,27.0,28.7,122176,81111,0,0,0,0,0,0,0,0,0,,9.266999999999834,19.60049999999967,0.2635273250252338,0.44556163046543357,9.56780850657199,37.45927147722404,37.498422743697716,99.23397792790504,4.594548571879853,81111,86.30054789447382,1.0440898191591759,0.5042256754831441,6.5442884954816485,9.797545212514262,0.6398215615506329,44.33079979090957,0.2728121269466736,0.41410283227019445,3.039809138262385,3.789447182501062e-05,-0.001550600793440786,True,True,True,True,True,True,True,True,True,,True,0.05914594185532229,True,0.11124383759838083,0.19597539463420435,0.301,
A-50ml-f0.25-p+0.0-above-y180-x+0.0-y+0.0,A,yaw,50,0.25,0,above,180,0,0,25,37.64144115524114,13.984229076838627,11.769942152291096,11.93839640534348,False,47.45,28.7,114004,72055,0,0,0,0,0,15940,0,0,0,,9.295499999999869,19.60049999999967,105.17530782875977,38.57324110692476,51.83401518685426,37.49996364388463,37.498422743697716,99.19409386215575,4.524767368293284,72055,86.62749363011524,1.465555306209264,0.26554410187788247,6.562581492129961,9.775408482818701,0.2791055350555586,44.4370018591186,1.6114655594825795,1.6911989288509481,60.07318277641966,90.00061596072385,18.984715021319026,True,True,True,False,True,True,True,False,False,lift,False,0.06594930950147862,True,0.7311178050179291,0.19347544708665027,0.299,
A-50ml-f0.25-p+0.0-above-y270-x+0.0-y+0.0,A,yaw,50,0.25,0,above,270,0,0,25,37.64144115524114,13.984229076838627,11.769942152291096,11.93839640534348,False,43.69,28.7,134051,80952,0,0,0,0,0,0,0,0,0,,9.290999999999864,19.60049999999967,0.3163832095174466,0.496962887032523,9.567808508445193,37.49996485177469,37.498422743697716,99.19409297246057,4.393530595965048,80952,86.29053348052463,1.2529808332351198,0.36493647095280746,6.562543630784198,9.7769704323524,0.47672025695553,44.37882144701147,0.25820714698809566,0.39888705607449787,0.39696754089693254,0.06178058731147538,0.00964481754837589,True,True,True,True,True,True,True,True,True,,True,0.0657450943947814,True,0.17118133577397837,0.19595438430412204,0.301,
A-50ml-f0.25-p+0.0-above-y0-x+6.0-y+0.0,A,dx,50,0.25,0,above,0,6,0,25,37.64144115524114,13.984229076838627,11.769942152291096,11.93839640534348,False,35.53,28.7,100666,76389,0,0,0,0,0,0,0,0,0,,8.460499999998849,19.60049999999967,3.6834436401505686,6.900145101776349,9.567808494330754,37.49997474186226,37.498422743697716,99.19393845561542,6.383430845873131,76389,78.1606032349448,0.48318092762961795,8.91096438358117,7.978423243858789,9.355346862209277,6.804787775589137,42.506367352710186,4.466905092588978,4.470040139694796,3.58507052007143,3.879741346539398e-05,-0.001557059265696245,True,True,True,False,True,True,True,False,True,lift,False,0.06429564222131637,True,0.21484843053272815,0.19583745205321806,0.301,
A-50ml-f0.25-p+0.0-above-y0-x+0.0-y-3.0,A,dy,50,0.25,0,above,0,0,-3,25,37.64144115524114,13.984229076838627,11.769942152291096,11.93839640534348,False,41.59,28.81,134962,81593,0,0,0,0,0,0,0,0,0,,9.290999999999864,19.60049999999967,0.3680309904843445,0.48017883964529406,9.567808514463163,37.484528605269624,37.498422743697716,99.21353177710799,4.385264993175333,81593,86.02498010754812,1.2453256107154682,0.5955131979933819,6.544882182492862,9.79829290714207,0.6778524358174441,44.31960201109366,0.21065930457312562,0.3703364653957949,3.0829901302339318,0.10205470843511764,0.021522927044907287,True,True,True,True,True,True,True,True,True,,True,0.06490957058808842,True,0.17560372440597166,0.2709332474740046,0.414,
A-50ml-f0.25-p+0.0-above-y0-x+0.0-y-6.0,A,dy,50,0.25,0,above,0,0,-6,25,37.64144115524114,13.984229076838627,11.769942152291096,11.93839640534348,False,43.23,28.89,117999,69224,0,0,0,0,0,0,0,0,0,,9.299999999999875,19.60049999999967,1.7551933480151132,2.3953183764709096,9.56780850301945,37.329854856062745,37.498422743697716,99.35441840467051,4.177905410734914,69224,84.31329121367499,1.3955800018397972,2.3208677783717873,6.4172933858719325,9.990577892899296,1.8912788688770055,43.962175963368054,0.11748165860222744,0.3188124218683789,6.368036690158573,0.3255211132527404,0.08700164044861682,True,True,True,True,True,True,True,True,True,,True,0.007859503553382762,True,0.23846467232736557,0.324196020921739,0.494,
A-50ml-f0.25-p+0.0-above-y0-x+0.0-y+6.0,A,dy,50,0.25,0,above,0,0,6,25,37.64144115524114,13.984229076838627,11.769942152291096,11.93839640534348,False,38.14,28.7,110330,77282,0,0,0,0,0,0,0,0,0,,9.25499999999982,19.60049999999967,1.3161219669262623,1.9567282818502003,9.56780849852492,37.32226742356305,37.498422743697716,99.37148163727747,4.735175868109468,77282,85.3532148858567,0.8337261629497057,1.7588360213789223,6.399349490692814,9.980064512978421,1.4999905406059952,44.077472744320396,0.31660784605198083,0.43801370130167155,6.450462044582278,0.5648537799141017,0.16028728865235828,True,True,True,True,True,True,True,True,True,,True,0.04983522851643009,True,0.22706122564011233,0.19421927561811722,0.299,
A-50ml-f0.50-p+5.0-above-y0-x+0.0-y+0.0,A,pitch,50,0.5,5,above,0,0,0,25,37.64144115524114,27.968458153677254,23.53988430458219,25.922625482182106,False,31.94,28.91,116418,77996,0,0,0,0,0,0,0,0,0,,8.983999999999488,19.60049999999967,2.8155811612456727,4.2799178223210275,9.567806193811542,37.49687320709945,37.498422743697716,99.18085161106914,4.948560529113285,77996,84.73469856365219,0.6296003511330996,0.5031078914652403,20.544658160589925,9.726787979535038,3.5476166345377016,29.489186206796255,-0.004146511521865461,0.3232434797354877,2.8522382978371046,0.3949203392229072,0.10505854159539392,True,True,True,True,True,True,True,True,True,,True,0.012489819067176694,True,0.16027502953115558,0.33592314250149913,0.511,
A-50ml-f0.50-p+0.0-above-y0-x+0.0-y+0.0,A,nominal,50,0.5,0,above,0,0,0,25,37.64144115524114,27.968458153677254,23.53988430458219,25.922625482182106,False,36.79,28.7,137591,80966,0,0,0,0,0,0,0,0,0,,9.289499999999862,19.60049999999967,0.3003430997748437,0.4693172149328626,9.56780850885082,37.49999127290879,37.498422743697716,99.19123904289735,4.414869784193906,80966,86.3530485188743,1.2377748256573244,0.24030439661398126,20.51862156588511,9.804054299756768,0.466000266227119,30.397748551727332,0.25461600383433275,0.39721603701477365,0.33677935363965716,1.6946922994434602e-05,-0.0015698984204598231,True,True,True,True,True,True,True,True,True,,True,0.06718004810894676,True,0.14231198376089044,0.1959626692721429,0.301,
A-50ml-f0.25-p+0.0-above-y0-x-3.0-y+0.0,A,dx,50,0.25,0,above,0,-3,0,25,37.64144115524114,13.984229076838627,11.769942152291096,11.93839640534348,False,63.15,28.4,18082,1215,0,0,0,0,0,69751,0,0,0,,,,97.9617447172262,89.95490038371489,9.560990543402863,37.49980802251979,37.498422743697716,91.81642595916254,-0.1989231861799362,1215,0.008375056759573934,121.08293343793002,41.05807384952795,30.04533197198972,-2.9857590763313486,19.63528231027884,38.50107843912719,,0.13948264212485256,47.2999424553158,90.0005828695424,18.98367879129263,True,True,True,False,False,False,False,False,False,lift,False,,False,,,0.0,
A-50ml-f0.50-p-20.0-above-y0-x+0.0-y+0.0,A,pitch,50,0.5,-20,above,0,0,0,25,37.64144115524114,27.968458153677254,23.53988430458219,25.922625482182106,False,44.99,28.4,11032,0,0,0,1591,0,0,62,0,0,5601,0.9974999999999455,,,2.5023138353746974,14.416050781987428,66.60157386254882,69.22705359603415,37.498422743697716,1.6863116529687237,-0.19869205554094715,0,0.005719891590239646,199.83169251873255,17.25082410168086,141.27171541510208,-112.22503506954553,8.434258212842089,28.033802164738226,,1.0993200637563212,78.51622652363943,90.00030194917643,19.115000357856005,False,False,False,False,False,False,False,False,False,table,False,,False,,,0.0,
A-50ml-f0.50-p+0.0-above-y0-x-6.0-y+0.0,A,dx,50,0.5,0,above,0,-6,0,25,37.64144115524114,27.968458153677254,23.53988430458219,25.922625482182106,False,20.81,28.4,8790,736,0,0,0,0,0,4947,0,0,5580,,,,99.63968093577998,110.84744421683826,9.543161967272319,36.63556023284519,37.498422743697716,98.193270931826,0.26284076855785654,736,0.004101377664969752,291.50669855754205,127.64652100776009,6.038253464229024,-126.20446532181748,90.00015282009976,6324192.13660734,,0.45433676641626947,99.85369484665966,90.00030670616569,19.112809124177637,True,False,True,False,False,False,False,False,False,rig_clear,False,,False,,,0.0,
A-50ml-f0.50-p+20.0-above-y0-x+0.0-y+0.0,A,pitch,50,0.5,20,above,0,0,0,25,37.64144115524114,27.968458153677254,23.53988430458219,25.922625482182106,False,36.37,31.4,122460,90754,0,0,0,0,0,54,0,0,0,,9.286999999999859,19.60049999999967,10.458236791161106,17.936335625524855,9.56773438703213,37.497631295599454,37.498422743697716,99.13754450257758,4.194017394461319,90754,82.69550719179016,1.2847022561090529,2.1599051825245663,20.55290530114981,8.672967447801938,17.42694836267339,25.240151286569123,0.7949345335212146,0.8590101874592565,14.118273166876818,2.1670889733892014,0.6330083798705999,True,True,True,False,True,True,True,True,False,lift,False,0.05350425648517168,False,,,3.0,
A-50ml-f0.50-p+0.0-side-y0-x+0.0-y+0.0,A,approach,50,0.5,0,side,0,0,0,25,37.64144115524114,27.968458153677254,23.53988430458219,25.922625482182106,False,37.19,28.7,137701,80964,0,0,0,0,0,0,0,0,0,,9.289499999999862,19.60049999999967,0.30671250371382935,0.47831100927832965,9.567786309328156,37.499989457716694,37.498422743697716,99.19124117354514,4.418520965507739,80964,86.33572846510174,1.2343524276055162,0.24277610224996302,20.51886535484012,9.803855453448806,0.47477124088227546,30.395166200552136,0.26080838471050893,0.4034981962178947,0.33922460775779684,0.031148155237105596,9.680559584097392e-05,True,True,True,True,True,True,True,True,True,,True,0.06747016653076027,True,0.15975784567519508,0.19593492404926433,0.301,
A-50ml-f0.50-p+10.0-above-y0-x+0.0-y+0.0,A,pitch,50,0.5,10,above,0,0,0,25,37.64144115524114,27.968458153677254,23.53988430458219,25.922625482182106,False,44.03,31.4,124751,89595,0,0,0,0,0,557,0,0,0,,9.254499999999819,19.60049999999967,5.802045183725557,9.112126415797274,9.567789418856977,37.49539192717961,37.498422743697716,99.1679048035564,4.6565831698209825,89595,84.07269962746129,0.9229731830186363,0.7645755686634356,20.567771716028943,9.539333051175284,8.345484554116783,28.06050565309095,0.08545668886985358,0.37113507505258536,35.14451896848113,4.00455336570039e-06,-0.001573017251434834,True,True,True,False,True,True,True,True,False,lift,False,0.018491225351144534,False,,,3.0,
A-50ml-f0.50-p+0.0-diagonal-y0-x+0.0-y+0.0,A,approach,50,0.5,0,diagonal,0,0,0,25,37.64144115524114,27.968458153677254,23.53988430458219,25.922625482182106,False,40.45,28.7,137590,80960,0,0,0,0,0,0,0,0,0,,9.289499999999862,19.60049999999967,0.2992025643745003,0.4669067261463775,6.765455125280366,37.49999071639281,37.498422743697716,99.19123968182527,4.415618344234651,80960,86.35932681809996,1.2397348520311673,0.24015633247211438,20.518782456987456,9.803884869318754,0.4634055274111241,30.398512493733296,0.26120788789341864,0.40358555432030124,0.3394514233707851,0.05069958295512347,0.005857250630050613,True,True,True,True,True,True,True,True,True,,True,0.06695992820129007,True,0.16722431313719868,0.1959407710174804,0.301,
A-50ml-f0.50-p-5.0-above-y0-x+0.0-y+0.0,A,pitch,50,0.5,-5,above,0,0,0,25,37.64144115524114,27.968458153677254,23.53988430458219,25.922625482182106,False,53.62,28.7,113608,74040,0,0,0,0,0,0,0,0,0,,9.305999999999882,19.60049999999967,4.721000321607373,6.250195783776131,9.567809983058,37.50016760855383,37.498422743697716,99.20560883884487,4.117778970105318,74040,84.90194630497194,1.7526289852903179,0.9126160983138781,20.723465016910378,9.64020625785933,6.0976430554400505,28.732986377363076,0.18544611820843301,0.35320941672424694,4.785186641278159,0.542027296211006,0.14366893044543383,True,True,True,False,True,True,True,True,True,lift,False,0.030273301718976922,True,0.17695234226631146,0.1942406726776042,0.299,
A-50ml-f0.50-p+0.0-above-y270-x+0.0-y+0.0,A,yaw,50,0.5,0,above,270,0,0,25,37.64144115524114,27.968458153677254,23.53988430458219,25.922625482182106,False,37.24,28.7,133224,80886,0,0,0,0,0,0,0,0,0,,9.28749999999986,19.60049999999967,0.32308542045089955,0.5010488948154834,9.5678085073874,37.499989388235754,37.498422743697716,99.19123772345196,4.4439417219419575,80886,86.29102044642163,1.2154265691318786,0.2498533056250599,20.5189598427719,9.803887425390748,0.4983721920348753,30.38821757344367,0.24274989010918244,0.38503477014656173,0.37981253136310694,1.3898428017007624e-05,-0.001570480176550134,True,True,True,True,True,True,True,True,True,,True,0.06666193131810226,True,0.17688542019107606,0.19425842386366035,0.299,
A-50ml-f0.50-p+0.0-above-y0-x+3.0-y+0.0,A,dx,50,0.5,0,above,0,3,0,25,37.64144115524114,27.968458153677254,23.53988430458219,25.922625482182106,False,36.03,28.7,124272,66803,0,0,0,0,0,0,0,0,0,,8.711999999999156,19.708499999999418,2.3312170519678577,3.8456049594662836,9.567808498921103,37.49998089707739,37.498422743697716,99.1910023884565,5.035207243680507,66803,77.95092595346166,5.577308583754213,3.9798596311232193,20.696966975522194,9.845602730537806,3.4411154140600946,29.52065711460581,0.6448381272362839,0.7383013480651129,2.348206444077816,0.48941864841332294,0.1280036640851909,True,True,True,True,True,False,True,True,True,cap_away,False,-0.008921399049887669,True,0.1551495491640623,0.19590059224692974,0.301,
A-50ml-f0.80-p-5.0-above-y0-x+0.0-y+0.0,A,pitch,50,0.8,-5,above,0,0,0,25,37.64144115524114,44.7495330458836,37.6638148873315,42.703700374388454,False,23.99,28.7,107719,77382,0,0,0,0,0,0,0,0,0,,9.305499999999881,19.60049999999967,4.691854982425889,6.259257915934102,9.567809985746065,37.50013657404945,37.498422743697716,99.20130825623082,4.103285735020751,77382,84.80993648338165,1.7302724460752081,0.5544228282700868,37.458765422525474,9.647393031489843,6.132206115652018,11.941619324452233,0.15903436751295502,0.34538387419105054,4.773811027305904,0.26992282427774,0.07098656019334165,True,True,True,False,True,True,True,True,True,lift,False,0.027743367135982425,True,0.13813418174815678,0.19596854859498541,0.301,
A-50ml-f0.50-p+0.0-above-y0-x+6.0-y+0.0,A,dx,50,0.5,0,above,0,6,0,25,37.64144115524114,27.968458153677254,23.53988430458219,25.922625482182106,False,35.86,28.7,93284,75895,0,0,0,0,0,0,0,0,0,,8.440499999998824,19.60049999999967,3.5261363137962727,6.718595975273819,9.567808495147025,37.50002606041108,37.498422743697716,99.19106719107074,6.447296955248316,75895,78.63619214314227,0.5765546124711147,7.171651210524579,21.770647091437155,9.316003099464426,6.581152510063277,28.58888328097996,4.403449311162123,4.403751057168646,3.505927832482184,6.830189170012755e-06,-0.0015747052759670606,True,True,True,False,True,True,True,False,True,lift,False,0.061032041489462265,True,0.22419519329187487,0.19584276816476895,0.301,
A-50ml-f0.50-p+0.0-above-y90-x+0.0-y+0.0,A,yaw,50,0.5,0,above,90,0,0,25,37.64144115524114,27.968458153677254,23.53988430458219,25.922625482182106,False,54.09,28.7,113526,78350,0,0,0,0,0,393,0,0,0,,9.290499999999863,19.60049999999967,105.23462184700897,91.32803241285477,9.566825665911423,37.499991509186216,37.498422743697716,99.1912355771542,4.584637103168684,78350,86.60074632674706,1.404450949665841,0.20732121499525988,20.520106648286713,9.801933774674573,0.31777120218311355,30.441389290976893,2.046605322809103,2.121277058781718,76.0901602222785,89.99969236450848,19.00532926237063,True,True,True,False,True,True,True,False,False,lift,False,0.06657175293719061,True,0.767448744490957,0.19341342601782746,0.299,
A-50ml-f0.50-p+0.0-above-y0-x-3.0-y+0.0,A,dx,50,0.5,0,above,0,-3,0,25,37.64144115524114,27.968458153677254,23.53988430458219,25.922625482182106,False,46.95,28.4,67779,10202,10945,0,0,0,0,28685,0,0,0,,9.467000000000079,,51.367150423159835,37.79527646378922,9.567826585736016,37.49998437785015,37.498422743697716,99.19105028980344,2.109839669400315,10202,0.34158027777981376,116.09036528878856,7.6096060013828595,75.05418437615577,-31.98661968604899,35.64195367780579,18.440026138866564,,8.876705206755435,30.83821921822806,0.050458154313510556,0.0062983646838099235,True,True,True,False,True,False,False,False,False,lift,False,1.274175219013997,False,,,0.0,
A-50ml-f0.50-p+0.0-above-y0-x+0.0-y-6.0,A,dy,50,0.5,0,above,0,0,-6,25,37.64144115524114,27.968458153677254,23.53988430458219,25.922625482182106,False,37.56,28.71,114681,77839,0,0,0,0,0,0,0,0,0,,9.266499999999834,19.60049999999967,1.350537485249294,1.7568241538238185,9.56780850356162,37.41918842410094,37.498422743697716,99.27463196656949,4.658331359646842,77839,85.10293873584253,0.9765740592732274,1.5353584354901315,20.440714912780503,9.919946313108483,1.631465311113321,30.054508526214082,0.2170430681586007,0.36777948543702293,6.310122686072509,0.15658291097419594,0.0371357915186397,True,True,True,True,True,True,True,True,True,,True,0.054829642862269275,True,0.17331024446468082,0.20258376297414923,0.311,
A-50ml-f0.50-p+0.0-above-y180-x+0.0-y+0.0,A,yaw,50,0.5,0,above,180,0,0,25,37.64144115524114,27.968458153677254,23.53988430458219,25.922625482182106,False,54.2,28.7,114056,78910,0,0,0,0,0,504,0,0,0,,9.290499999999863,19.60049999999967,105.36568193575715,38.34951371469775,9.560217889999354,37.49998749588494,37.498422743697716,99.19123939804092,4.589758321274812,78910,86.61823787546837,1.5224798922334215,0.19421416197865654,20.51965032349839,9.802198756841186,0.2706758499048569,30.455254540817318,1.5045810786912468,1.7155135265096502,92.69157574756353,89.99995806284025,19.0816522223387,True,True,True,False,True,True,True,False,False,lift,False,0.06667103336098165,True,0.6918997271193142,0.1935186206636887,0.299,
A-50ml-f0.50-p+0.0-above-y0-x+0.0-y+6.0,A,dy,50,0.5,0,above,0,0,6,25,37.64144115524114,27.968458153677254,23.53988430458219,25.922625482182106,False,37.46,28.7,113362,76236,0,0,0,0,0,0,0,0,0,,9.282999999999854,19.60049999999967,1.4483719257580097,2.179485684677996,9.5678084987982,37.40195322281381,37.498422743697716,99.28361906954875,4.57147594172165,76236,82.24116161152466,4.064672893296573,1.4223712592300268,20.437177022850772,9.91594867945926,1.4152022324116957,30.11822153293425,0.16284496808783133,0.33341636283599524,6.489107596138826,0.3713068382137731,0.09653064955368774,True,True,True,True,True,True,True,True,True,,True,0.034195826218366754,True,0.20039924563144376,0.1942145343634645,0.299,
A-50ml-f0.80-p+5.0-above-y0-x+0.0-y+0.0,A,pitch,50,0.8,5,above,0,0,0,25,37.64144115524114,44.7495330458836,37.6638148873315,42.703700374388454,False,31.27,28.98,111961,77961,0,0,0,0,0,0,0,0,0,,8.95299999999945,19.60049999999967,2.7566043676000818,4.2618868931395495,9.567806191704157,37.496885498014095,37.498422743697716,99.17743136153128,4.981003725973377,77961,84.57734819182036,0.6140740276838899,0.11383802162211985,37.289696638188204,9.78725395938207,3.4941979638803278,12.723897323034926,0.01405828122873141,0.3143604472476022,2.7982357736340204,0.3871569446944836,0.10358589487979415,True,True,True,True,True,True,True,True,True,,True,0.005972952434663965,True,0.160713434870692,0.38259367052754994,0.581,
A-50ml-f0.50-p+0.0-above-y0-x+0.0-y-3.0,A,dy,50,0.5,0,above,0,0,-3,25,37.64144115524114,27.968458153677254,23.53988430458219,25.922625482182106,False,46.63,28.7,121085,70416,0,0,0,0,0,0,0,0,0,,8.963999999999464,19.783499999999243,0.7980692171453376,1.0812882110313795,9.567808509574839,37.46809613841081,37.498422743697716,99.22215618570387,4.8616536205719205,70416,80.55121535256711,6.567994301275826,0.7910792007693689,20.481369886184915,9.850508472780822,0.8679368491124311,30.279401799952062,0.30561154296353754,0.4469483283596555,3.1816086811982665,0.060325630538600246,0.008699772037944063,True,True,True,True,True,False,True,True,True,cap_away,False,0.06873424364202951,True,0.21250334064554027,0.19421404937611017,0.299,
A-50ml-f0.80-p-20.0-above-y0-x+0.0-y+0.0,A,pitch,50,0.8,-20,above,0,0,0,25,37.64144115524114,44.7495330458836,37.6638148873315,42.703700374388454,False,40.85,28.4,11257,0,0,0,1591,0,0,58,0,0,6255,0.9974999999999455,,,2.4594114526239013,14.628648927510007,64.99488952952315,69.21831434322782,37.498422743697716,2.022695822760894,-0.19942675058977344,0,0.004811260173979634,197.43947445080303,15.44215472151458,147.5213750524309,-101.47495665587327,6.291580001828222,11.89414371430176,,0.1955028981093875,4.079607886610095,5.208074152632285,1.5244654510099878,False,False,False,False,False,False,False,False,False,table,False,,False,,,0.0,
A-50ml-f0.80-p+0.0-above-y0-x+0.0-y+0.0,A,nominal,50,0.8,0,above,0,0,0,25,37.64144115524114,44.7495330458836,37.6638148873315,42.703700374388454,False,37.82,28.7,136808,80896,0,0,0,0,0,0,0,0,0,,9.28749999999986,19.60049999999967,0.31166910297133293,0.48878831365936054,9.567808508997134,37.499972030770536,37.498422743697716,99.18787007033893,4.457951593743015,80896,86.3502071677775,1.2095256717546812,0.10184549419762018,37.26294873644042,9.839678857762463,0.4833653767002036,13.611561015723582,0.25855320925138986,0.401507261345373,0.338436301752217,0.042644953459551556,0.003435570037689916,True,True,True,True,True,True,True,True,True,,True,0.06784531153518976,True,0.1748143190120679,0.19592416756380276,0.301,
A-50ml-f0.50-p+0.0-above-y0-x+0.0-y+3.0,A,dy,50,0.5,0,above,0,0,3,25,37.64144115524114,27.968458153677254,23.53988430458219,25.922625482182106,False,50.74,28.4,109861,35426,0,0,0,0,0,11401,0,0,0,,8.996999999999504,,52.184707973386644,34.19541735885103,9.567834202298926,37.478121362230056,37.498422743697716,99.21336103767051,4.8670846317727525,35426,77.87301453719208,9.1079115446131,0.5237838550134697,20.47192297195326,9.855401523583538,0.7889142408512213,30.302670943394386,,7.390060728007056,36.69869868151784,0.16289995280178107,0.03961736776506185,True,True,True,False,True,False,True,False,False,lift,False,0.07865682568914444,False,,,0.0,
A-50ml-f0.80-p+10.0-above-y0-x+0.0-y+0.0,A,pitch,50,0.8,10,above,0,0,0,25,37.64144115524114,44.7495330458836,37.6638148873315,42.703700374388454,False,40.77,28.93,118762,78663,0,0,0,0,0,238,0,0,0,,9.151999999999694,19.60049999999967,5.88123353402682,9.15404942681438,9.567802204153354,37.49542410711645,37.498422743697716,99.16507891891035,4.838980246856223,78663,84.54543296477028,0.7094183875912828,0.17435445399119034,37.280543853019296,9.689904175249703,8.473945481149668,11.240785214426436,-0.15573134898223764,0.35412954905786775,29.63027648537641,0.022220120771341365,-0.002561579543221291,True,True,True,False,True,True,True,True,False,lift,False,0.032829932079949456,True,0.1327635498631888,0.3492798387583108,0.531,
A-50ml-f0.80-p+0.0-above-y180-x+0.0-y+0.0,A,yaw,50,0.8,0,above,180,0,0,25,37.64144115524114,44.7495330458836,37.6638148873315,42.703700374388454,False,27.06,28.7,110964,79010,0,0,0,0,0,522,0,0,0,,9.286499999999858,19.60049999999967,104.1471849370394,67.95883869668252,10.299573873746128,37.499968914674625,37.498422743697716,99.18787080001523,4.64418649071964,79010,85.69944434668561,2.373986734258125,0.11720055017354206,37.26419973824936,9.838360175774163,0.2709708277621142,13.674092805116082,1.623043245933485,1.701531756299333,38.34996438897507,90.00047280779229,18.913791590115956,True,True,True,False,True,True,True,False,False,lift,False,0.06709719664606231,True,0.7667598628057455,0.1934270324304589,0.299,
A-50ml-f0.80-p+20.0-above-y0-x+0.0-y+0.0,A,pitch,50,0.8,20,above,0,0,0,25,37.64144115524114,44.7495330458836,37.6638148873315,42.703700374388454,False,47.77,31.4,115256,90739,0,0,0,0,0,168,0,0,0,,9.282999999999854,19.60049999999967,10.417216354835706,17.89971465736682,9.567734335416786,37.49700890692794,37.498422743697716,99.13551816896327,4.269209185350439,90739,82.78274078280334,1.1816256437483148,1.3980587259266932,37.24338857743156,8.987988402544278,17.42090609050085,8.461030448895727,0.4878525318181598,0.5753425942268248,27.819621305561213,2.2588727439225506e-06,-0.00155303841756766,True,True,True,False,True,True,True,True,False,lift,False,0.04434024334655878,False,,,3.0,
A-50ml-f0.80-p+0.0-above-y90-x+0.0-y+0.0,A,yaw,50,0.8,0,above,90,0,0,25,37.64144115524114,44.7495330458836,37.6638148873315,42.703700374388454,False,41.18,28.7,110453,78657,0,0,0,0,0,435,0,0,0,,9.285499999999857,19.60049999999967,103.97043124191046,56.81969678493316,10.372076562044745,37.49997160899659,37.498422743697716,99.18786834878874,4.651763612351548,78657,86.62731770273412,1.3905478629593075,0.11740021601954574,37.265406989337315,9.837208195640407,0.31896825529818396,13.659961975154154,2.447138382570749,2.517768730052292,39.74610158449137,90.00026639709466,18.819704979363397,True,True,True,False,True,True,True,False,False,lift,False,0.06714022386698497,True,0.6682447648799651,0.19346373909708844,0.299,
A-50ml-f0.80-p+0.0-above-y270-x+0.0-y+0.0,A,yaw,50,0.8,0,above,270,0,0,25,37.64144115524114,44.7495330458836,37.6638148873315,42.703700374388454,False,36.46,28.7,136262,80794,0,0,0,0,0,0,0,0,0,,9.284499999999856,19.60049999999967,0.332947007092723,0.5179855425829994,9.56780850853161,37.49997118695047,37.498422743697716,99.1878691203206,4.497009034838212,80794,86.29183262424792,1.1840861343802265,0.10148245672411693,37.26357719830049,9.839054825003746,0.5146697055240848,13.602344314175497,0.23841712869527712,0.3811448656388707,0.3387644765113128,1.8291490166645535e-05,-0.0015498733771761536,True,True,True,True,True,True,True,True,True,,True,0.06732704847700619,True,0.18608309588705368,0.19424387754898279,0.299,
A-50ml-f0.80-p+0.0-side-y0-x+0.0-y+0.0,A,approach,50,0.8,0,side,0,0,0,25,37.64144115524114,44.7495330458836,37.6638148873315,42.703700374388454,False,49.38,28.7,136774,80902,0,0,0,0,0,0,0,0,0,,9.28749999999986,19.60049999999967,0.311781865094196,0.4879242851141455,9.567786309410783,37.49997006023184,37.498422743697716,99.18787229486912,4.457605822332663,80902,86.35130649438891,1.2091631055779042,0.10192704007866052,37.2630168297277,9.839611250835823,0.4827987780830707,13.61172783435607,0.2591361937690105,0.40165721735608,0.34908391328568017,0.05050890288199824,0.005742923989433181,True,True,True,True,True,True,True,True,True,,True,0.06782993697120868,True,0.17205444828068234,0.19592789976416755,0.301,
A-50ml-f0.80-p+0.0-diagonal-y0-x+0.0-y+0.0,A,approach,50,0.8,0,diagonal,0,0,0,25,37.64144115524114,44.7495330458836,37.6638148873315,42.703700374388454,False,48.44,28.7,135998,80842,0,0,0,0,0,0,0,0,0,,9.28799999999986,19.60049999999967,0.30202977214249954,0.4718721764156733,6.765455125080932,37.49997148794273,37.498422743697716,99.18787067612514,4.457396514738337,80842,86.3865156302336,1.2200417857898376,0.10384383636973232,37.2631392810167,9.839498171390293,0.46626393169408414,13.616596031203985,0.253345545888858,0.39531336611904017,0.3541763020318802,1.03514553342977e-05,-0.0015502812660311972,True,True,True,True,True,True,True,True,True,,True,0.06753159203596575,True,0.14746180742286288,0.19596483798539593,0.301,
A-50ml-f0.80-p+0.0-above-y0-x+0.0-y-6.0,A,dy,50,0.8,0,above,0,0,-6,25,37.64144115524114,44.7495330458836,37.6638148873315,42.703700374388454,False,31.96,28.7,110236,80202,0,0,0,0,0,0,0,0,0,,9.258499999999824,19.60049999999967,1.1348913975288504,1.5771202493172254,9.567808503879679,37.50395319780089,37.498422743697716,99.1843925066378,4.715977925115078,80202,85.04275870272437,0.9389646377217452,0.7953705563924641,37.27164724425007,9.847869006396198,1.5108326979816276,13.308974636889523,0.09696992984951301,0.31679666796447437,6.178173666530892,0.04676570887180337,0.004654085124944898,True,True,True,True,True,True,True,True,True,,True,0.06804463228054013,True,0.17954999949532,0.1942379527446359,0.299,
A-50ml-f0.80-p+0.0-above-y0-x+6.0-y+0.0,A,dx,50,0.8,0,above,0,6,0,25,37.64144115524114,44.7495330458836,37.6638148873315,42.703700374388454,False,34.71,28.7,85380,76300,0,0,0,0,0,0,0,0,0,,8.423499999998803,19.60049999999967,3.391844066812011,6.655649329042935,9.567808491570386,37.50002397228492,37.498422743697716,99.18769779863119,6.585128967231318,76300,79.79342740134942,0.8700728328654623,5.215038855700283,38.31405041110693,9.295889641309813,6.145980132496658,11.937517337264877,-0.12571673581898785,0.319526453162825,3.389844956628865,0.2498188645943195,0.0630437351043509,True,True,True,False,True,True,True,True,True,lift,False,0.06178962301201843,True,0.2381818098240127,0.1958799892106278,0.301,
A-50ml-f0.80-p+0.0-above-y0-x+3.0-y+0.0,A,dx,50,0.8,0,above,0,3,0,25,37.64144115524114,44.7495330458836,37.6638148873315,42.703700374388454,False,39.02,28.7,131897,66990,0,0,0,0,0,0,0,0,0,,8.689499999999128,19.66049999999953,2.32096079759487,3.840044628002032,9.567808494797763,37.49997085297864,37.498422743697716,99.18764122553368,5.116353633495691,66990,78.21439281680264,5.689130963352041,2.9462324283282015,37.42893048902169,9.826957586840408,3.3050101113747323,12.779790870678745,0.640367869201473,0.7256055459128372,2.3119411659231606,0.5521018639419384,0.1480131179097475,True,True,True,True,True,False,True,True,True,cap_away,False,-0.018465034224767012,True,0.21258382916836066,0.1958116850376882,0.301,
A-50ml-f0.50-p-10.0-above-y0-x+0.0-y+0.0,A,pitch,50,0.5,-10,above,0,0,0,25,37.64144115524114,27.968458153677254,23.53988430458219,25.922625482182106,False,115.33,28.4,71940,9204,7915,0,2126,0,0,39588,0,0,0,1.3074999999999115,7.700499999998452,,52.50625255367404,37.31093408864379,9.560224728426416,46.39867747899957,37.498422743697716,90.31459710585145,-0.9789909014709108,9204,3.1890880057110333,122.7096599109006,8.904079648833022,90.37037005960572,-51.43320128717743,23.652090100458924,23.147271775954835,,8.631653285168925,39.85955467166767,0.5055298378886683,0.13310378855092395,False,True,False,False,True,False,False,False,False,table,False,0.7311242302168215,False,,,0.0,
A-50ml-f0.80-p+0.0-above-y0-x-6.0-y+0.0,A,dx,50,0.8,0,above,0,-6,0,25,37.64144115524114,44.7495330458836,37.6638148873315,42.703700374388454,False,46.42,28.4,44502,3673,0,0,0,0,0,60817,0,0,0,,,,106.85661750130116,70.88713951969237,9.565798483193728,36.669290631809105,37.498422743697716,98.19839948808931,2.0883566657872166,3673,0.004852211267596628,119.64290550308712,33.44743839472067,55.53566333901278,4.975462169724026,35.21161137565254,1.8497583906122508,,0.05991401316800858,66.34046099557088,90.00021319877973,18.81968480970594,True,True,True,False,False,False,False,False,False,lift,False,,False,,,0.0,
A-60ml-f0.25-p-20.0-above-y0-x+0.0-y+0.0,A,pitch,60,0.25,-20,above,0,0,0,25,40.0,14.736568804805119,14.178240740740737,7.236568804805119,False,33.32,28.4,18458,0,0,0,1507,0,0,56,0,0,5794,1.0599999999999388,,,1.2688682558047217,3.3312365563034696,66.56250080070095,69.10301840428947,43.1,0.5028384430520435,-0.20011271191855418,0,0.003560076839656656,196.70415045219508,9.815365821489657,128.3438325838204,-111.1565673738942,0.32904166772768156,48.41005857016145,,0.20010641539253873,3.645607577278212,0.053797321092065566,0.008190650253939268,False,False,False,False,False,False,False,False,True,table,False,,False,,,0.0,
A-50ml-f0.80-p+0.0-above-y0-x-3.0-y+0.0,A,dx,50,0.8,0,above,0,-3,0,25,37.64144115524114,44.7495330458836,37.6638148873315,42.703700374388454,False,51.05,28.4,68709,9954,9563,0,0,0,0,29003,0,0,0,,9.41900000000002,,51.42569020290964,37.54151228313245,9.567746197786393,37.49997537097065,37.498422743697716,99.18787660122136,2.2348531771944344,9954,0.3292187338399664,114.23367576964233,7.612727731845028,75.52583637217064,-19.709078808218123,33.36651007169932,2.6456826322814093,,6.1843353030392745,24.59865256469686,1.2448839257552393,0.35605015357928765,True,True,True,False,True,False,False,False,False,lift,False,1.2450569370060283,False,,,0.0,
A-50ml-f0.80-p+0.0-above-y0-x+0.0-y+3.0,A,dy,50,0.8,0,above,0,0,3,25,37.64144115524114,44.7495330458836,37.6638148873315,42.703700374388454,False,42.01,28.7,114547,73095,0,0,0,0,0,0,0,0,0,,9.24699999999981,19.60049999999967,0.49632517033368645,0.7490792651120859,9.56780851009055,37.43978844873089,37.498422743697716,99.24999295464985,4.802106908229839,73095,86.16263879288546,0.9234825503797747,0.3406161045129396,37.20052534253038,9.905525023650053,0.8487322511028358,13.503982015277282,0.2665183726144616,0.40292595503260975,3.171969138435214,0.1824222405830713,0.044687795184962444,True,True,True,True,True,True,True,True,True,,True,0.07510189651105044,True,0.1733825921453987,0.19426134416737081,0.299,
A-60ml-f0.25-p+5.0-above-y0-x+0.0-y+0.0,A,pitch,60,0.25,5,above,0,0,0,25,40.0,14.736568804805119,14.178240740740737,7.236568804805119,False,28.38,28.93,117198,77904,0,0,0,0,0,0,0,0,0,,8.884499999999367,19.60049999999967,3.201616943233144,4.258614204488891,9.567806176628862,43.09852088112584,43.1,99.1806362614376,5.050674259111237,77904,84.7476912724176,0.531152620736311,1.006377463465802,8.092169227365892,9.066612814245145,3.489360091211489,47.41585912466216,0.07608470727633732,0.34524299574228706,3.2664688426070225,0.1739433624657479,0.04568907031993991,True,True,True,False,True,True,True,True,True,lift,False,0.008913098821207742,True,0.12648035114813092,0.3459534327074677,0.526,
A-50ml-f0.80-p+0.0-above-y0-x+0.0-y+6.0,A,dy,50,0.8,0,above,0,0,6,25,37.64144115524114,44.7495330458836,37.6638148873315,42.703700374388454,False,48.61,28.7,97225,22598,0,0,0,0,0,2237,0,0,0,,8.846999999999321,19.60049999999967,102.67719863139219,90.70869928043653,9.559111093664225,37.471851563111535,37.498422743697716,99.21767774307175,4.9531579887143184,22598,0.36912602724200794,120.64126602763933,0.5616943017059022,37.22146148096512,9.888432290229648,0.9251370789649999,13.481483020631405,-0.6015957204858683,1.0416223161673892,147.60693893473155,89.99955500090518,19.114975922650995,True,True,True,False,True,False,True,True,False,lift,False,0.07065914008729325,True,0.6991668529377474,0.1968453537528007,0.304,
A-50ml-f0.80-p+0.0-above-y0-x+0.0-y-3.0,A,dy,50,0.8,0,above,0,0,-3,25,37.64144115524114,44.7495330458836,37.6638148873315,42.703700374388454,False,53.73,28.8,109363,46222,0,0,0,0,0,12641,0,0,0,,8.959499999999458,19.60049999999967,53.19710094730788,37.12114897931862,9.567909635920115,37.51182005948591,37.498422743697716,99.17668983928814,4.868329043200434,46222,79.13013218095647,7.776259752304384,0.42837525589502634,37.25918479048649,9.848390002863916,0.8883897682335629,13.492304148491975,-0.1449583319041999,1.670997901042822,34.96325862727143,3.303700485579111,0.9630116611349685,True,True,True,False,True,False,True,True,False,lift,False,0.06863606591983791,True,0.4277922177299927,0.2576407897823336,0.396,
A-60ml-f0.25-p+10.0-above-y0-x+0.0-y+0.0,A,pitch,60,0.25,10,above,0,0,0,25,40.0,14.736568804805119,14.178240740740737,7.236568804805119,False,32.12,28.89,106365,77638,0,0,0,0,0,67,0,0,0,,9.247999999999811,19.60049999999967,6.786780364978654,9.187948156390899,9.567802217370552,43.09735278260337,43.1,99.16677225352429,4.705946051393628,77638,84.16204811818803,0.8607919742134941,1.2703308852578508,8.116225498481038,8.83858695599335,8.37073528502165,45.864815997743754,0.14585961376710865,0.3568865791055388,18.740055735713742,1.5903227184021136,0.4947161717480435,True,True,True,False,True,True,True,True,False,lift,False,0.017465073547625276,True,0.12693544255136496,0.32428391797208755,0.494,
A-60ml-f0.25-p+0.0-above-y0-x-3.0-y+0.0,A,dx,60,0.25,0,above,0,-3,0,25,40.0,14.736568804805119,14.178240740740737,7.236568804805119,False,18.53,31.4,6623,90,0,0,0,0,0,3844,0,0,5858,,5.41299999999972,19.60049999999967,98.54991229056488,108.35653174904202,9.56739866857971,43.01912883263104,43.1,97.65540492611298,3.65172412111435,90,0.3309683093661505,300.004521150563,107.8393698384003,-13.092600280034288,-107.49762281997957,90.0001785477544,5776228.867435098,4.4934877127388875,4.505654043771059,46.56055918362143,90.0004042927886,20.03657548807687,True,False,True,False,True,False,False,False,False,rig_clear,False,0.00016505132893819392,False,,,3.0,
A-60ml-f0.25-p+0.0-above-y0-x+0.0-y+0.0,A,nominal,60,0.25,0,above,0,0,0,25,40.0,14.736568804805119,14.178240740740737,7.236568804805119,False,40.82,28.7,135928,80990,0,0,0,0,0,0,0,0,0,,9.28849999999986,19.925499999998912,0.25481357727054815,0.33816741270906986,9.56780848003564,43.10151758826552,43.1,99.19171838024636,4.432116184620555,80990,86.66354954696705,1.2261469141352477,0.30334079349081966,8.049315952421756,9.18884210418909,0.32910404536186383,48.41003897300328,0.3016832402647165,0.4402298701690976,0.32275368265224075,0.043587757642868485,0.004969547233003971,True,True,True,True,True,True,True,True,True,,True,0.06630653041205113,True,0.13552798424256768,0.1942966032642001,0.299,
A-60ml-f0.25-p+0.0-above-y90-x+0.0-y+0.0,A,yaw,60,0.25,0,above,90,0,0,25,40.0,14.736568804805119,14.178240740740737,7.236568804805119,False,28.04,28.7,132160,80914,0,0,0,0,0,0,0,0,0,,9.28749999999986,19.61399999999964,0.28731636535245775,0.39507661283863066,9.56780848093343,43.1015176709626,43.1,99.19171541613817,4.604969685961496,80914,86.60688336791735,1.1721065491696279,0.3331792367746294,8.053285821618573,9.185329937452163,0.3887712448532173,48.39129323206954,0.2576613535175223,0.3969474200146335,0.34722299076464763,0.04217709819329121,0.004550747282005999,True,True,True,True,True,True,True,True,True,,True,0.06628479866786062,True,0.13908245169476322,0.1959575805601055,0.301,
A-60ml-f0.25-p-10.0-above-y0-x+0.0-y+0.0,A,pitch,60,0.25,-10,above,0,0,0,25,40.0,14.736568804805119,14.178240740740737,7.236568804805119,False,51.07,28.4,63238,23710,8823,0,1870,0,0,26972,0,0,0,1.4149999999998997,7.912499999998334,,48.152400467955395,24.695706361828694,9.567455147869275,47.47840188263396,43.1,94.84272510591892,9.14492400248329,23710,107.1537668764734,8.355836229191913,7.874991081689793,84.71914375085015,-60.97288583783452,19.59716607731234,42.10492267812514,,514.5200448899303,40.34506988443324,0.6882148842021114,0.20869521574445016,False,True,True,False,True,False,False,False,False,table,False,1.1018490512436407,False,,,0.0,
A-60ml-f0.25-p-5.0-above-y0-x+0.0-y+0.0,A,pitch,60,0.25,-5,above,0,0,0,25,40.0,14.736568804805119,14.178240740740737,7.236568804805119,False,47.04,28.7,115022,69591,0,0,0,0,0,0,0,0,0,,9.30399999999988,19.60049999999967,5.343251124751078,6.2772790816498585,9.567809948510925,43.10164983849519,43.1,99.20670442783265,4.184309395778296,69591,85.00061067088687,1.7546224471392324,1.2432542889451201,8.27610608710093,9.041558212065384,6.061408268819749,46.60204766231928,0.25294093903770515,0.3943785147809171,5.37653588611345,0.94942343801285,0.2919455871979058,True,True,True,False,True,True,True,True,True,lift,False,0.032120360813793936,True,0.2093445407366366,0.1942046119770633,0.299,
A-60ml-f0.25-p+0.0-diagonal-y0-x+0.0-y+0.0,A,approach,60,0.25,0,diagonal,0,0,0,25,40.0,14.736568804805119,14.178240740740737,7.236568804805119,False,37.57,28.7,136214,80980,0,0,0,0,0,0,0,0,0,,9.288999999999861,19.92599999999891,0.2543592229037211,0.33905462000425785,6.7654551111659,43.10151675759228,43.1,99.1917193350386,4.431185613084073,80980,86.66288230476897,1.2288902679907452,0.3031584576995455,8.049400632225742,9.188753516214232,0.3284614155302141,48.41024086776713,0.31911000356504193,0.4537357974768344,0.3152595059721154,0.0390090617588563,0.0035219112405370945,True,True,True,True,True,True,True,True,True,,True,0.06631161772048004,True,0.16816086158708718,0.19427928360699037,0.299,
A-60ml-f0.25-p+0.0-above-y270-x+0.0-y+0.0,A,yaw,60,0.25,0,above,270,0,0,25,40.0,14.736568804805119,14.178240740740737,7.236568804805119,False,35.65,28.7,134175,80906,0,0,0,0,0,0,0,0,0,,9.285999999999857,19.60049999999967,0.3772137766334033,0.5083921730327753,9.567808478744354,43.10151456465111,43.1,99.19171826107484,4.452775551171351,80906,86.28457604208472,1.1825177645296694,0.3991867262266036,8.052355068498777,9.187378182005975,0.5058626904064351,48.35450561452926,0.2503750494968208,0.39231070209034435,0.430448004270356,0.02658113225076287,-0.00035921381985307003,True,True,True,True,True,True,True,True,True,,True,0.06608653355198804,True,0.19806326534120844,0.19423569117172887,0.299,
A-60ml-f0.25-p+20.0-above-y0-x+0.0-y+0.0,A,pitch,60,0.25,20,above,0,0,0,25,40.0,14.736568804805119,14.178240740740737,7.236568804805119,False,44.46,31.4,118373,90785,0,0,0,0,0,43,0,0,0,,9.285999999999857,19.60049999999967,11.673882660475849,17.562580227097918,9.567734386893997,43.09904613556793,43.1,99.13591197774078,4.207986993991359,90785,82.30407093025234,1.3455907352758552,3.4651504353692926,8.193204895956027,7.629581907232563,17.053857234075664,42.99177234583705,1.1811024197547944,1.2179037378889843,10.662127744551158,0.06591664394556195,0.012025671144225508,True,True,True,False,True,True,True,False,False,lift,False,0.04154543015707602,False,,,3.0,
A-60ml-f0.25-p+0.0-above-y0-x+3.0-y+0.0,A,dx,60,0.25,0,above,0,3,0,25,40.0,14.736568804805119,14.178240740740737,7.236568804805119,False,33.98,28.7,135532,67228,0,0,0,0,0,0,0,0,0,,8.55949999999897,19.976999999998792,2.798556625469004,3.9086469064191176,9.56780847134566,43.101495964329665,43.1,99.19147590331036,5.456070815927832,67228,77.07902305117922,6.677108122245361,5.005404895094443,8.264717317480248,9.248012402898521,3.3371989164580156,47.463832047563955,0.5756638983146203,0.6959834799340272,2.8815650770883234,0.3826164556336121,0.10880173769344921,True,True,True,True,True,False,True,True,True,cap_away,False,0.009634079977974426,True,0.20319866536257472,0.1959315524884956,0.301,
A-60ml-f0.25-p+0.0-side-y0-x+0.0-y+0.0,A,approach,60,0.25,0,side,0,0,0,25,40.0,14.736568804805119,14.178240740740737,7.236568804805119,False,48.91,28.7,135471,80984,0,0,0,0,0,0,0,0,0,,9.28849999999986,19.924499999998915,0.2620272988516948,0.3640095871684658,9.567786371747196,43.101514992192875,43.1,99.19172152020245,4.4305462836558975,80984,86.6414469236036,1.2261476135552754,0.30784217017999677,8.049783563751589,9.188445216845073,0.33927964674807803,48.40684210477954,0.3521916508396306,0.47726858031488273,0.3308814444242603,0.03644983355552634,0.0027183690085690773,True,True,True,True,True,True,True,True,True,,True,0.06622865759013473,True,0.15645393258078918,0.19427134593793743,0.299,
A-60ml-f0.25-p+0.0-above-y180-x+0.0-y+0.0,A,yaw,60,0.25,0,above,180,0,0,25,40.0,14.736568804805119,14.178240740740737,7.236568804805119,False,48.27,28.7,134268,78284,0,0,0,0,0,0,0,0,0,,9.286999999999859,19.60049999999967,0.2545475551978114,0.3746008832178927,9.567808478428862,43.10151282919615,43.1,99.19172011955168,4.617548450577519,78284,86.64872888314247,1.2518455098145742,0.31361155371028887,8.054106460671735,9.184217639578565,0.3530496937804943,48.40251595898671,0.2939612054044602,0.4308570371958184,0.3613072949604539,7.778248095798993e-06,-0.0015448770648659493,True,True,True,True,True,True,True,True,True,,True,0.06634869299365627,True,0.19206667652257392,0.194240989199383,0.299,
A-60ml-f0.25-p+0.0-above-y0-x+6.0-y+0.0,A,dx,60,0.25,0,above,0,6,0,25,40.0,14.736568804805119,14.178240740740737,7.236568804805119,False,37.09,28.7,93041,76020,0,0,0,0,0,0,0,0,0,,8.30549999999866,19.60049999999967,4.121552945686118,6.7138334152812345,9.567808459070376,43.10153001826264,43.1,99.19149069844428,6.771124395081873,76020,79.20475010635262,0.7449156531204546,9.153582775498405,9.41491164116878,8.80234297064894,6.463373202763065,46.474245417678084,4.383152431117108,4.385923023464784,4.038853906492168,0.16675520242449623,0.04380764751971943,True,True,True,False,True,True,True,False,True,lift,False,0.0677977400728838,True,0.2639638333422461,0.19586100091940892,0.301,
A-60ml-f0.25-p+0.0-above-y0-x+0.0-y+3.0,A,dy,60,0.25,0,above,0,0,3,25,40.0,14.736568804805119,14.178240740740737,7.236568804805119,False,27.04,31.4,139036,59836,0,0,0,0,0,0,0,0,0,,8.973499999999476,20.12799999999844,0.7698933631063651,1.2700570859261269,9.567746161536494,43.195400539669826,43.1,99.09857742465695,4.878263233754579,59836,77.4869333318654,9.312234488491251,0.8462963461130163,8.125413870399068,9.12401764016585,0.9572439167023712,48.21267616620523,1.204147046272687,1.2175532899797108,3.1407689536977816,0.13232709237398357,0.032937630996678235,True,True,True,True,True,False,True,False,True,cap_away,False,0.0778979656955921,False,,,3.0,
A-60ml-f0.25-p+0.0-above-y0-x+0.0-y-6.0,A,dy,60,0.25,0,above,0,0,-6,25,40.0,14.736568804805119,14.178240740740737,7.236568804805119,False,36.98,28.7,123644,68390,0,0,0,0,0,0,0,0,0,,9.28799999999986,19.60049999999967,1.698985715514352,2.0799112184994,9.567808469462438,43.18675432698736,43.1,99.10599204805257,4.441215458418288,68390,84.74429935888764,1.418294561362596,2.3143274788203434,8.156871614359792,9.143983091963209,1.692330576153632,47.98161520018282,0.21775213362478052,0.3709507518211533,6.5370067561082825,0.15781577668495997,0.04052727346174658,True,True,True,True,True,True,True,True,True,,True,0.012955134201490937,True,0.17543324888186687,0.19424512784634262,0.299,
A-50ml-f0.80-p-10.0-above-y0-x+0.0-y+0.0,A,pitch,50,0.8,-10,above,0,0,0,25,37.64144115524114,44.7495330458836,37.6638148873315,42.703700374388454,False,120.33,28.94,62238,6329,0,0,1173,0,0,51008,0,0,0,1.3074999999999115,7.727499999998437,19.60049999999967,96.68916489868516,40.77108016537906,53.377068847980716,46.398644363892075,37.498422743697716,90.31094873710639,-0.09550095017396565,6329,0.3444581721891892,118.7092996092578,32.68802056557017,54.31841423544853,2.409967781604183,26.211669943799276,5.449567642177988,7.44997156516864,9.841522471205353,29.729650056822855,1.8678879112121987,0.5457785681450215,False,True,False,False,True,False,False,False,False,table,False,0.7664963845676639,True,0.575909867067273,0.35341100467459247,0.538,
A-60ml-f0.50-p-20.0-above-y0-x+0.0-y+0.0,A,pitch,60,0.5,-20,above,0,0,0,25,40.0,29.473137609610237,28.356481481481474,21.973137609610234,False,30.3,28.4,12231,0,0,0,1507,0,0,50,0,0,5746,1.0599999999999388,,,0.8623746967621982,2.8555982465170042,65.85571955869705,69.09886564953969,43.1,0.09884963196198313,-0.2000805183912241,0,0.0027227242114613924,200.26458432761947,3.203637939956369,145.24184947523412,-113.28171384454483,0.3722662027902693,33.6599098679,,0.20014368033357471,1.993698421086934,0.22398402338548623,0.05921678427850054,False,False,False,False,False,False,False,False,True,table,False,,False,,,0.0,
A-60ml-f0.50-p+0.0-above-y0-x+0.0-y+0.0,A,nominal,60,0.5,0,above,0,0,0,25,40.0,29.473137609610237,28.356481481481474,21.973137609610234,False,28.8,28.7,129943,80926,0,0,0,0,0,0,0,0,0,,9.285499999999857,19.915499999998936,0.282925103003997,0.37962620345443443,9.56780848045717,43.101546426569996,43.1,99.18828681228321,4.4808003795420435,80926,86.6112880981434,1.1933734128430746,0.2317978378322539,22.18363002088812,9.79080078946963,0.3706959009268178,33.660403213518144,0.3143609695748063,0.45182504256486733,0.32174751065075363,0.04489117524566257,0.004818889073624014,True,True,True,True,True,True,True,True,True,,True,0.0669260099507663,True,0.15157970245058264,0.19593588272488627,0.301,
A-60ml-f0.25-p+0.0-above-y0-x+0.0-y+6.0,A,dy,60,0.25,0,above,0,0,6,25,40.0,14.736568804805119,14.178240740740737,7.236568804805119,False,38.65,28.7,110389,69538,0,0,0,0,0,0,0,0,0,,9.291499999999864,19.60049999999967,1.310161024849459,1.6979602901653985,9.56780846685265,43.08484090111553,43.1,99.20798790349475,4.36791069319592,69538,84.87405326304126,1.3381074282215775,1.7701926756450386,8.056134083563762,9.221987967446472,1.4400342952819243,48.060935796734306,0.21526539612029363,0.3703541636522708,6.5077400222783135,0.2756130445983509,0.07530962329399424,True,True,True,True,True,True,True,True,True,,True,0.03543398170584899,True,0.17789765469146332,0.1942596514127821,0.299,
A-60ml-f0.50-p-10.0-above-y0-x+0.0-y+0.0,A,pitch,60,0.5,-10,above,0,0,0,25,40.0,29.473137609610237,28.356481481481474,21.973137609610234,False,43.14,28.4,60581,29143,9611,0,1870,0,0,21094,0,0,0,1.4149999999998997,7.084499999998793,,49.10117262793643,30.96397359379996,9.56835539944969,47.477988147926375,43.1,94.83924897354456,7.703460025026754,29143,94.98248349624296,7.004834577395716,17.568720239185133,88.11744373404639,-50.18875146927421,14.219747207125476,29.215560609912053,,18.85736676515766,43.58744870041819,1.5281310820997727,0.4728880099013864,False,True,True,False,True,False,False,False,False,table,False,0.22972325817122433,False,,,0.0,
A-60ml-f0.50-p+10.0-above-y0-x+0.0-y+0.0,A,pitch,60,0.5,10,above,0,0,0,25,40.0,29.473137609610237,28.356481481481474,21.973137609610234,False,39.97,28.89,118852,77592,0,0,0,0,0,66,0,0,0,,9.228499999999787,19.60049999999967,6.821926893091756,9.191515145347987,9.567802215809703,43.09742307921072,43.1,99.16363686399832,4.792827913820588,77592,84.44912833873445,0.7498891458975395,0.7229106873355371,22.208091953605454,9.55322122270634,8.455208078933067,31.101128787491902,0.08079159030025429,0.3357489408659403,19.361500016692744,1.33948853311157,0.4155902750764769,True,True,True,False,True,True,True,True,False,lift,False,0.01636115593276044,True,0.15495249999194824,0.3225992794975371,0.491,
A-60ml-f0.50-p+5.0-above-y0-x+0.0-y+0.0,A,pitch,60,0.5,5,above,0,0,0,25,40.0,29.473137609610237,28.356481481481474,21.973137609610234,False,40.99,28.87,112202,77534,0,0,0,0,0,0,0,0,0,,8.866999999999345,19.60049999999967,3.156747516878447,4.1896849593531815,9.567806175604515,43.097743259042865,43.1,99.1782472266905,5.091511137569796,77534,84.76293154774388,0.505478683153631,0.6149401675823231,22.22119076812413,9.695745404827704,3.531378003413001,32.666040328454564,-0.18605128562954276,0.3986395253756991,3.1947318982449975,0.24905563243846796,0.06774962613213961,True,True,True,False,True,True,True,True,True,lift,False,0.007048170683114405,True,0.1479233047725273,0.30927870125901696,0.471,
A-60ml-f0.50-p+20.0-above-y0-x+0.0-y+0.0,A,pitch,60,0.5,20,above,0,0,0,25,40.0,29.473137609610237,28.356481481481474,21.973137609610234,False,36.61,31.4,118606,90827,0,0,0,0,0,43,0,0,0,,9.28049999999985,19.60049999999967,11.968287947943752,17.734018775303742,9.567734392967042,43.099331978467454,43.1,99.13296100335403,4.26838933421883,90827,82.72063105218211,1.2459514885763157,2.4757345994133084,22.26624407872988,8.523956438994547,17.383113054819315,28.14182998014974,0.37499384244813083,0.47992775725366577,11.056166196243616,1.4787793334710982e-06,-0.001570753735250398,True,True,True,False,True,True,True,True,False,lift,False,0.04093458151186828,False,,,3.0,
A-60ml-f0.25-p+0.0-above-y0-x+0.0-y-3.0,A,dy,60,0.25,0,above,0,0,-3,25,40.0,14.736568804805119,14.178240740740737,7.236568804805119,False,52.06,28.7,119927,70820,0,0,0,0,0,0,0,0,0,,8.948999999999446,19.60049999999967,0.8194858043477141,1.1187501085460894,9.567808481487216,43.196231723429754,43.1,99.09332689463183,4.890658882988494,70820,86.39176671468735,1.0786321802349628,0.9315416709925874,8.159433105626928,9.08859293424806,0.7551440910598394,48.2761819449557,0.2544783538693663,0.3980467078401363,3.197029963652625,0.12723869521659037,0.03126579274250533,True,True,True,True,True,True,True,True,True,,True,0.06689504019248539,True,0.19658051003020535,0.19422842048702357,0.299,
A-60ml-f0.50-p+0.0-side-y0-x+0.0-y+0.0,A,approach,60,0.5,0,side,0,0,0,25,40.0,29.473137609610237,28.356481481481474,21.973137609610234,False,36.75,28.7,129061,80920,0,0,0,0,0,0,0,0,0,,9.285499999999857,19.91399999999894,0.28376483733302243,0.3874492011726028,9.56778637021151,43.101543869195375,43.1,99.18828983149254,4.479369894179283,80920,86.60633878205654,1.193660945228064,0.23162938761303237,22.183789851839393,9.790645356787891,0.37257768452927403,33.65981200889122,0.2760849591751022,0.4238843859315169,0.3327576338761327,0.05215416159622856,0.0071043576481556086,True,True,True,True,True,True,True,True,True,,True,0.06682318868742335,True,0.15403569818100254,0.1959457345035722,0.301,
A-60ml-f0.50-p-5.0-above-y0-x+0.0-y+0.0,A,pitch,60,0.5,-5,above,0,0,0,25,40.0,29.473137609610237,28.356481481481474,21.973137609610234,False,50.7,28.7,108823,77138,0,0,0,0,0,0,0,0,0,,9.302499999999878,19.60049999999967,5.351376873432232,6.31875355224898,9.567809940112124,43.10113530489189,43.1,99.2032807122131,4.1863348438440084,77138,84.88269668163998,1.682115963415401,0.9705769234198091,22.404593897487576,9.617452918585927,6.137193330459513,31.84139841914813,0.14948481615390183,0.3312048057697181,5.42078826397978,0.4026774121378373,0.1197605534351246,True,True,True,False,True,True,True,True,True,lift,False,0.028394216925152118,True,0.19794301522982313,0.19423893059108174,0.299,
A-60ml-f0.50-p+0.0-above-y0-x-3.0-y+0.0,A,dx,60,0.5,0,above,0,-3,0,25,40.0,29.473137609610237,28.356481481481474,21.973137609610234,False,28.0,28.4,2904,0,0,0,0,0,0,25064,0,0,5709,,,,1.0857191937469317,3.197914695624774,49.29256086604979,43.1016914933572,43.1,0.44111680446055246,-0.20004937086122443,0,0.002539169076666161,199.85678327667068,29.19444977028217,145.27519650655753,-113.1987683693004,1.047615838745011,33.44770748656773,,0.20010760765964924,26.449712545024138,0.12235362519885642,0.028984896835185008,True,False,True,False,False,False,False,False,False,rig_clear,False,,False,,,0.0,
A-60ml-f0.50-p+0.0-above-y90-x+0.0-y+0.0,A,yaw,60,0.5,0,above,90,0,0,25,40.0,29.473137609610237,28.356481481481474,21.973137609610234,False,39.22,28.7,130247,80855,0,0,0,0,0,0,0,0,0,,9.285499999999857,19.898999999998974,0.2938030702449977,0.42409708950082303,9.567808480367693,43.10154669389512,43.1,99.18828437276514,4.64808110165979,80855,86.59844810731906,1.1648949063929244,0.23969956014822663,22.18634496689632,9.788232610394049,0.40257451074798395,33.650387796559784,0.26334846235685333,0.4085489427229358,0.3741140466804231,0.04953376939232573,0.006271842960977912,True,True,True,True,True,True,True,True,True,,True,0.06641853800497897,True,0.14150036203762176,0.19429510467650357,0.299,
A-60ml-f0.50-p+0.0-above-y0-x+0.0-y-3.0,A,dy,60,0.5,0,above,0,0,-3,25,40.0,29.473137609610237,28.356481481481474,21.973137609610234,False,29.22,28.7,102356,67151,0,0,0,0,0,5477,0,0,0,,9.06699999999959,19.60049999999967,55.554805218595064,37.35005612213249,9.570684854760481,43.15416314243513,43.1,99.13548286123857,4.829971718465248,67151,81.64979555953975,4.779872764058169,0.8476245305735869,22.235591968937896,9.751894062928132,1.0909013068742033,33.43410421794643,3.5378314663854256,3.6201811609356738,49.12140042252355,1.1549474482400146,0.3582373202425595,True,True,True,False,True,True,True,False,False,lift,False,0.07231310092380726,True,0.8689273110425757,0.19484568665311894,0.301,
A-60ml-f0.50-p+0.0-diagonal-y0-x+0.0-y+0.0,A,approach,60,0.5,0,diagonal,0,0,0,25,40.0,29.473137609610237,28.356481481481474,21.973137609610234,False,48.77,28.7,131662,80919,0,0,0,0,0,0,0,0,0,,9.285499999999857,19.924499999998915,0.27361968791888724,0.36740908707878644,6.765455110950856,43.101545502934705,43.1,99.18828793380443,4.480621836151958,80919,86.64326073863101,1.193126088419854,0.2294550761512014,22.183419994144845,9.790954687163318,0.35659041487496873,33.66483476118307,0.3429261064495974,0.47130621199385403,0.31651132797352954,0.04462814403845284,0.004740848910274056,True,True,True,True,True,True,True,True,True,,True,0.06680804553260228,True,0.16531201916177174,0.19427848335010328,0.299,
A-60ml-f0.50-p+0.0-above-y0-x+6.0-y+0.0,A,dx,60,0.5,0,above,0,6,0,25,40.0,29.473137609610237,28.356481481481474,21.973137609610234,False,34.39,28.76,84966,77716,0,0,0,0,0,0,0,0,0,,8.244999999998585,19.60049999999967,3.8819971815346883,6.550072541809141,9.567808456317744,43.10160735288624,43.1,99.18817112391393,6.595135066605431,77716,79.04401631212257,0.5546122929289774,7.365592719460733,23.336158603987887,9.397738919309534,6.341932796511812,31.776308668660782,4.733800283587995,4.735487185992587,3.515284531770188,0.23921745269463743,0.06648167954388867,True,True,True,False,True,True,True,False,True,lift,False,0.08817508377421583,True,0.28426698862691296,0.23242262705453423,0.356,
A-60ml-f0.50-p+0.0-above-y0-x+0.0-y-6.0,A,dy,60,0.5,0,above,0,0,-6,25,40.0,29.473137609610237,28.356481481481474,21.973137609610234,False,33.88,28.7,116703,69531,0,0,0,0,0,0,0,0,0,,9.285499999999857,19.60049999999967,1.7866606920957375,2.1855806835959477,9.567808470608938,43.10652339315137,43.1,99.18171156346673,4.469474760531764,69531,84.44412619023421,1.275764454278712,1.9591412556670593,22.221205305480797,9.810192210106747,1.8560091039374635,33.19357589817943,0.18154804770331828,0.33776347151084574,6.585469030298673,0.3052289063427189,0.08772048894889314,True,True,True,True,True,True,True,True,True,,True,0.031672623807247356,True,0.16576458935938598,0.19426106698573214,0.299,
A-60ml-f0.50-p+0.0-above-y0-x+3.0-y+0.0,A,dx,60,0.5,0,above,0,3,0,25,40.0,29.473137609610237,28.356481481481474,21.973137609610234,False,40.54,28.7,126633,57672,0,0,0,0,0,0,0,0,0,,8.541499999998948,19.60049999999967,3.0151993760610454,4.085576558528816,9.567808460118462,43.10152687546075,43.1,99.18803243587111,5.467559336552213,57672,75.94729286825404,7.345738578514523,4.213033273256269,22.374758578102984,9.837648904300652,3.4995766603174303,32.67606872122494,0.12427920499308921,0.18755652582457977,2.8876024337846564,0.30875300784500753,0.08733912518847434,True,True,True,False,True,False,True,True,True,lift,False,0.007643304583723669,True,0.17492045599872713,0.1958717818566061,0.301,
A-60ml-f0.50-p+0.0-above-y270-x+0.0-y+0.0,A,yaw,60,0.5,0,above,270,0,0,25,40.0,29.473137609610237,28.356481481481474,21.973137609610234,False,47.97,28.7,133611,80858,0,0,0,0,0,0,0,0,0,,9.283499999999854,19.60049999999967,0.3868613509292435,0.5269626880248015,9.567808478910852,43.1015443534733,43.1,99.18828662066386,4.4875124525596135,80858,86.26885841122007,1.15807024528948,0.2789546071937773,22.185862754612707,9.789419032306984,0.5254018549259327,33.6117979029128,0.2468343286472548,0.38944893248049817,0.45638832048054284,1.5152979023796936e-05,-0.0015654901605250398,True,True,True,True,True,True,True,True,True,,True,0.06635119659256188,True,0.18747185400768226,0.19424457341931303,0.299,
A-60ml-f0.25-p+0.0-above-y0-x-6.0-y+0.0,A,dx,60,0.25,0,above,0,-6,0,25,40.0,14.736568804805119,14.178240740740737,7.236568804805119,False,89.28,28.4,49961,5469,2498,0,0,0,0,68690,0,0,0,,7.276499999998687,,55.091952491713606,71.06434617775547,9.56773820649024,42.41807098627344,43.1,98.24398739296687,2.67967412096029,5469,0.9041529171379887,125.66238096308602,44.428350357039704,42.22055759356395,5.3676583582271125,38.208679594730825,34.34441207974047,,2.768739314750751,49.43330442171656,90.00065211725021,20.227538353975667,True,True,True,False,True,False,False,False,False,lift,False,0.5675589587454544,False,,,0.0,
A-60ml-f0.50-p+0.0-above-y180-x+0.0-y+0.0,A,yaw,60,0.5,0,above,180,0,0,25,40.0,29.473137609610237,28.356481481481474,21.973137609610234,False,51.85,28.7,133633,74539,0,0,0,0,0,0,0,0,0,,9.284499999999856,19.60049999999967,0.5637432300765843,0.3390820157426538,9.567808480541048,43.10154299873781,43.1,99.18828824809366,4.659276397964166,74539,86.65429360612738,1.3499519634871597,0.21426612329769626,22.187075915905965,9.787110525314628,0.32293381667509113,33.675408665473974,0.2979694811135022,0.43322110969207295,0.2843203746018442,2.4433444508882564e-05,-0.001565896713191223,True,True,True,True,True,True,True,True,True,,True,0.06665291720521191,True,0.16068577820769187,0.194289193325798,0.299,
A-60ml-f0.50-p+0.0-above-y0-x+0.0-y+6.0,A,dy,60,0.5,0,above,0,0,6,25,40.0,29.473137609610237,28.356481481481474,21.973137609610234,False,33.53,31.4,119958,93286,0,0,0,0,0,0,0,0,0,,8.941999999999437,19.60049999999967,0.497295499997291,0.6180183439725783,9.56774616303626,42.91647423049298,43.1,99.50245084764622,4.954194385475633,93286,84.73345477857555,0.5345629983282741,2.066690971614045,21.937657276704908,10.104779761603593,2.1110854751489945,33.11334504128459,0.18341422867973936,0.37611040947158275,6.645176701074231,0.18744845846067565,0.049954645174956167,True,True,True,True,True,True,True,True,True,,True,0.06952453706692338,False,,,3.0,
A-60ml-f0.80-p+20.0-above-y0-x+0.0-y+0.0,A,pitch,60,0.8,20,above,0,0,0,25,40.0,47.15702017537638,45.37037037037036,39.65702017537638,False,26.7,31.4,109250,90736,0,0,0,0,0,39,0,0,0,,8.836999999999309,19.60049999999967,11.971655694575638,17.77155554523551,9.567734398457443,43.09959278889357,43.1,99.12924189023653,4.982915268799321,90736,83.42983577988699,0.5338645228499544,1.6733424403133879,39.834570074487914,8.873156462687687,17.393107412433064,10.454499688254154,0.781525969773486,0.8354811387168709,10.481259658686604,5.0509930079323e-06,-0.0015492358511106552,True,True,True,False,True,True,True,True,False,lift,False,0.04690402955543217,False,,,3.0,
A-60ml-f0.80-p+5.0-above-y0-x+0.0-y+0.0,A,pitch,60,0.8,5,above,0,0,0,25,40.0,47.15702017537638,45.37037037037036,39.65702017537638,False,33.03,28.92,111228,77643,0,0,0,0,0,0,0,0,0,,8.863499999999341,19.60049999999967,3.1679376690968017,4.215290163636442,9.567806173341214,43.09778601389409,43.1,99.17431384429035,5.0991075740767915,77643,84.7144241661341,0.517363743766133,0.17348285282053913,39.86090228473183,9.766687285756943,3.544263083369864,14.97809432264378,0.1389068837200545,0.3436659024046209,3.240021356241859,1.6422663987382993e-05,-0.0015478729526563941,True,True,True,False,True,True,True,True,True,lift,False,0.005021306436208563,True,0.169084841034755,0.3442502688056574,0.523,
A-60ml-f0.80-p-5.0-above-y0-x+0.0-y+0.0,A,pitch,60,0.8,-5,above,0,0,0,25,40.0,47.15702017537638,45.37037037037036,39.65702017537638,False,38.96,28.7,104870,77058,0,0,0,0,0,0,0,0,0,,9.299999999999875,19.60049999999967,5.263491817002639,6.248579049785908,9.567809941558293,43.101119557505044,43.1,99.19884609641824,4.247812375994364,77058,85.01706203025759,1.620813139935641,0.5726664868207686,40.03157222309141,9.6318195589416,6.096261867325872,14.17052252794401,0.16898233789278083,0.34405182599782286,5.3412042531215835,1.1898893478465873,0.36791855685130426,True,True,True,False,True,True,True,True,True,lift,False,0.02887641350785785,True,0.20254285809134762,0.19422137642610174,0.299,
A-60ml-f0.50-p+0.0-above-y0-x+0.0-y+3.0,A,dy,60,0.5,0,above,0,0,3,25,40.0,29.473137609610237,28.356481481481474,21.973137609610234,False,50.19,29.04,101035,41005,0,0,0,0,0,10654,0,0,0,,8.96949999999947,19.995999999998748,56.743223544559584,43.33015379337452,9.567900403517564,43.09722947909524,43.1,99.19208299471894,4.888647936512794,41005,78.46770581530097,8.499983559402766,0.5878925342932295,22.17063722957043,9.81010710565132,0.8457785468267224,33.511133921955945,0.25308823869290953,2.8215884726126226,34.26137042278675,0.009609576077867357,-0.002796448666872582,True,True,True,False,True,False,True,False,False,lift,False,0.07873603133207853,True,0.2476457820577709,0.42344423315455565,0.643,
A-60ml-f0.50-p+0.0-above-y0-x-6.0-y+0.0,A,dx,60,0.5,0,above,0,-6,0,25,40.0,29.473137609610237,28.356481481481474,21.973137609610234,False,64.48,28.4,42575,3791,3120,0,0,0,0,45963,0,0,0,,,,235.82053335520658,75.844801499102,9.567746172723476,42.58494182512301,43.1,98.10641505062831,-0.18424242093886822,3791,0.006561428257206913,124.37936029643976,37.31690601963478,49.25979173313825,7.840887851798151,40.12899850942855,18.60387818849151,,0.004231211333959114,224.2629650396916,90.00004008640487,19.998840391291772,True,True,True,False,False,False,False,False,False,lift,False,,False,,,0.0,
A-60ml-f0.80-p-20.0-above-y0-x+0.0-y+0.0,A,pitch,60,0.8,-20,above,0,0,0,25,40.0,47.15702017537638,45.37037037037036,39.65702017537638,False,43.89,28.4,8244,0,0,0,1507,0,0,53,0,0,6273,1.0599999999999388,,,0.7627678078025536,1.3304364666502788,65.89939540084474,69.09524321847147,43.1,0.007429013521064984,-0.20008034790430784,0,0.00203272311436401,195.53930361541416,3.324520755343899,155.41846773540874,-105.77789827594444,0.31181341680563796,15.995019783567527,,0.2000948745941343,10.027934523945898,0.1206472999262718,0.02826419074280155,False,False,False,False,False,False,False,False,False,table,False,,False,,,0.0,
A-60ml-f0.80-p+10.0-above-y0-x+0.0-y+0.0,A,pitch,60,0.8,10,above,0,0,0,25,40.0,47.15702017537638,45.37037037037036,39.65702017537638,False,39.87,28.87,113415,78430,0,0,0,0,0,66,0,0,0,,8.970999999999473,19.60049999999967,6.891110668920446,9.233687864762137,9.567802211678904,43.097482762044365,43.1,99.16028499311732,4.869586898282929,78430,84.81774495114452,0.6273602641566794,0.24447727809368094,39.81223411635023,9.699194671995038,8.58027934653941,13.377072567566437,0.10430091449891711,0.3421171265610631,20.766836199081773,1.2571970973673594,0.3900036823791778,True,True,True,False,True,True,True,True,False,lift,False,0.03471727349240674,True,0.14815390585550492,0.30927474978782854,0.471,
A-60ml-f0.80-p-10.0-above-y0-x+0.0-y+0.0,A,pitch,60,0.8,-10,above,0,0,0,25,40.0,47.15702017537638,45.37037037037036,39.65702017537638,False,46.74,28.4,65081,16701,7524,0,1870,0,0,24407,0,0,0,1.4149999999998997,7.067499999998803,,49.07793005132972,25.89805860044091,9.568915984775286,47.47796460930034,43.1,94.83472370597823,10.634330482379884,16701,107.8710398197072,8.77823161390673,7.286194033273727,82.27159836882021,-28.46008293380545,19.128111485044506,9.85002881949958,,458.629074730646,39.977875838553786,3.306651113363206e-06,-0.0015094750666121111,False,True,True,False,True,False,False,False,False,table,False,0.23004934270234095,False,,,0.0,
A-60ml-f0.80-p+0.0-above-y0-x+0.0-y+0.0,A,nominal,60,0.8,0,above,0,0,0,25,40.0,47.15702017537638,45.37037037037036,39.65702017537638,False,47.2,28.7,128605,80835,0,0,0,0,0,0,0,0,0,,9.285499999999857,19.60049999999967,0.33215268101598844,0.4511477455044279,9.567808480229381,43.1015335956729,43.1,99.18422238855493,4.493562004328003,80835,86.44429250633112,1.193128273298571,0.11992488955555028,39.82891614417548,9.82873826293898,0.4494014677184003,15.951793294347764,0.2494425308770448,0.39081319915450385,0.39315018142034747,1.1675179017869926e-05,-0.0015439819184944507,True,True,True,True,True,True,True,True,True,,True,0.06776252732931203,True,0.1379592524912396,0.19595852192360727,0.301,
A-60ml-f0.80-p+0.0-diagonal-y0-x+0.0-y+0.0,A,approach,60,0.8,0,diagonal,0,0,0,25,40.0,47.15702017537638,45.37037037037036,39.65702017537638,False,35.24,28.7,124610,80820,0,0,0,0,0,0,0,0,0,,9.285999999999857,19.60049999999967,0.3271115172337342,0.447363380249404,6.76545511049409,43.10153288136432,43.1,99.18422320135117,4.4932712744096275,80820,86.46032732184729,1.1969949283986943,0.11997279759158282,39.82871539729515,9.828933724909088,0.4419175390380271,15.954144582139243,0.2544894143064788,0.39574499057591167,0.40355980288682836,1.1358719589327517e-05,-0.0015439117539702235,True,True,True,True,True,True,True,True,True,,True,0.0677758475777491,True,0.16714054086360763,0.1959213545377971,0.301,
A-60ml-f0.80-p+0.0-above-y270-x+0.0-y+0.0,A,yaw,60,0.8,0,above,270,0,0,25,40.0,47.15702017537638,45.37037037037036,39.65702017537638,False,36.4,28.7,124987,80727,0,0,0,0,0,0,0,0,0,,9.278999999999849,19.60049999999967,0.38967738749893827,0.5297407993043513,9.567808479591337,43.10153177096799,43.1,99.18422277489996,4.55734507766109,80727,86.32510658267607,1.1138587129912743,0.12209003275415146,39.83069424627341,9.827029602411773,0.5281993506271161,15.927036403651767,0.24024067639097363,0.38346373088696684,0.4609547095951016,1.6903855776160324e-05,-0.0015441615559359369,True,True,True,True,True,True,True,True,True,,True,0.06741432939475099,True,0.20161393139230263,0.1942334803496166,0.299,
A-60ml-f0.80-p+0.0-side-y0-x+0.0-y+0.0,A,approach,60,0.8,0,side,0,0,0,25,40.0,47.15702017537638,45.37037037037036,39.65702017537638,False,46.72,31.4,145128,92090,0,0,0,0,0,0,0,0,0,,9.282999999999854,19.919499999998926,0.27789270644572767,0.375694780360811,9.567724035129087,43.10153162713496,43.1,99.18422469804523,4.529363472399295,92090,86.67409437252252,1.1797328680644932,0.12371898753401128,39.82764655462393,9.82995710503609,0.3623788978219304,15.979133618277016,0.26749680347270843,0.4371994784655807,0.2120391886694817,1.5007971104097566e-05,-0.0015408573938884003,True,True,True,True,True,True,True,True,True,,True,0.06786645764539946,False,,,3.0,
A-60ml-f0.80-p+0.0-above-y0-x+0.0-y-3.0,A,dy,60,0.8,0,above,0,0,-3,25,40.0,47.15702017537638,45.37037037037036,39.65702017537638,False,26.52,28.7,125519,69741,0,0,0,0,0,0,0,0,0,,8.823999999999293,19.946499999998863,0.7085948547049974,0.9019413808228172,9.567808488474848,43.19721134736852,43.1,99.08824689883465,4.971619396451091,69741,86.39989822259344,1.2503059192265558,0.4722571028494172,39.92522406958577,9.736604364321167,0.6682335471261527,15.883038545359714,0.31519704892571054,0.4539835932224425,3.165727493531789,0.07522635367275243,0.014308662414662844,True,True,True,True,True,True,True,True,True,,True,0.06903717227271591,True,0.22376569224358453,0.19589298379494807,0.301,
A-60ml-f0.80-p+0.0-above-y180-x+0.0-y+0.0,A,yaw,60,0.8,0,above,180,0,0,25,40.0,47.15702017537638,45.37037037037036,39.65702017537638,False,43.0,28.7,124351,80557,0,0,0,0,0,0,0,0,0,,9.27949999999985,19.60049999999967,0.22994249476316161,0.35641584114827357,9.567808478549898,43.10153046200037,43.1,99.18422410609632,4.703822502979738,80557,86.6114191886976,1.41506661320944,0.12324174262741601,39.8312733420648,9.826279055948795,0.3215886512633629,15.991948709254581,0.25589538413664503,0.3939902619081349,0.312394704396074,8.144481502960801e-06,-0.0015450000133653604,True,True,True,True,True,True,True,True,True,,True,0.06742658248984595,True,0.19507910802626388,0.19423998569937154,0.299,
A-60ml-f0.80-p+0.0-above-y90-x+0.0-y+0.0,A,yaw,60,0.8,0,above,90,0,0,25,40.0,47.15702017537638,45.37037037037036,39.65702017537638,False,48.43,28.7,120016,79533,0,0,0,0,0,0,0,0,0,,9.277999999999848,19.60049999999967,0.28735105506269953,0.4066832875457661,9.567808480101359,43.10153482177723,43.1,99.18421974258614,4.727402868197631,79533,86.61647528053832,1.2131872044672771,0.12381994907094436,39.832427740505345,9.825205962360029,0.3931778099945466,15.969457433766346,0.257473263405054,0.39657446703546717,0.33480432244723196,0.049881940618376204,0.0063439540831420884,True,True,True,True,True,True,True,True,True,,True,0.06753720661990853,True,0.18380780592551527,0.1959207195159647,0.301,
A-60ml-f0.80-p+0.0-above-y0-x+0.0-y-6.0,A,dy,60,0.8,0,above,0,0,-6,25,40.0,47.15702017537638,45.37037037037036,39.65702017537638,False,34.98,28.7,115787,69203,0,0,0,0,0,0,0,0,0,,9.286999999999859,19.60049999999967,1.7509922425931648,2.139934781527442,9.567808471663177,43.075147128170364,43.1,99.2095829528859,4.4493374459217,69203,84.57098962709983,1.2703703296134332,1.373836799393415,39.817661923770586,9.87773557178953,1.8096233166741165,15.524280779948091,0.15931248436864998,0.3363901542853163,6.526600138007311,0.16812148461406498,0.04331503349809913,True,True,True,True,True,True,True,True,True,,True,0.029506434197788724,True,0.17361804337679748,0.19424853789332622,0.299,
A-60ml-f0.80-p+0.0-above-y0-x+3.0-y+0.0,A,dx,60,0.8,0,above,0,3,0,25,40.0,47.15702017537638,45.37037037037036,39.65702017537638,False,41.05,28.7,117827,67616,0,0,0,0,0,0,0,0,0,,8.491499999998886,20.062999999998592,10.77683383231776,5.821917538399698,9.567808453457907,43.10152186950464,43.1,99.18397413685372,5.530904966212572,67616,76.82897189862751,6.602071727127754,3.117498458649649,39.999830872136684,9.829084492777474,3.4906819156630675,14.994990946114935,0.05525756112559458,0.344193151031407,5.552508811656898,6.035883809593238e-05,-0.00151185568851231,True,True,True,False,True,False,True,True,True,lift,False,0.0027448296951512944,True,0.1022729094771376,0.19432637870523628,0.299,
A-60ml-f0.80-p+0.0-above-y0-x+6.0-y+0.0,A,dx,60,0.8,0,above,0,6,0,25,40.0,47.15702017537638,45.37037037037036,39.65702017537638,False,42.72,28.7,81129,77467,0,0,0,0,0,0,0,0,0,,8.252499999998594,19.60399999999966,4.067838957090658,6.685379236703189,9.567808457916584,43.10158820142044,43.1,99.1840538293517,6.8717359364246775,77467,79.4841355492771,0.7269955581884171,5.513556133649155,40.93586548618662,9.283126660186964,6.422042676582616,14.066943986391642,2.340703079701912,2.3602809745634925,3.817253730106886,0.17442451601766246,0.046083477498657474,True,True,True,False,True,True,True,False,True,lift,False,0.077677338324264,True,0.3498186923005291,0.19576950473830793,0.301,
A-100ml-f0.25-p-20.0-above-y0-x+0.0-y+0.0,A,pitch,100,0.25,-20,above,0,0,0,28,47.4252440598675,17.11302445521971,23.854068355803715,-5.697852433223887,False,29.02,28.4,42941,770,580,0,2233,0,0,0,0,0,4910,1.2624999999999165,,,93.84060059200354,90.26968788304711,11.680587144343898,70.42149211984808,58.874954642185315,87.68591751823169,-0.1962357149948024,770,0.009369254036258639,134.1869567556073,101.89122386111625,28.843930721231388,-101.8962504467646,89.87679406699138,-9969.047479825456,,0.005683300655836361,35.9947959914845,90.00001207634222,23.711449295832075,False,False,False,False,False,False,False,False,False,table,False,,False,,,0.0,
A-100ml-f0.25-p-10.0-above-y0-x+0.0-y+0.0,A,pitch,100,0.25,-10,above,0,0,0,28,47.4252440598675,17.11302445521971,23.854068355803715,-5.697852433223887,False,30.5,28.7,107714,78212,0,0,0,0,0,0,0,0,0,,9.306999999999883,19.60049999999967,13.561240516585972,12.18873101659155,9.567811060350415,58.87619016947711,58.874954642185315,99.21306206718931,4.516460695676725,78212,82.1684348439068,2.630089857542444,2.4284733320159066,24.509625058024046,-3.82253251047962,12.143977161777151,54.490018063049185,-0.01223334852746389,0.2842367927377171,13.643941935313928,0.8043592519196997,0.29692524179257457,True,True,True,False,True,True,False,True,False,lift,False,0.030015505537395792,True,0.1593116643963825,0.19427026826868615,0.299,
A-60ml-f0.80-p+0.0-above-y0-x+0.0-y+3.0,A,dy,60,0.8,0,above,0,0,3,25,40.0,47.15702017537638,45.37037037037036,39.65702017537638,False,40.2,28.7,90205,40523,0,0,0,0,0,2820,0,0,0,,8.922999999999414,19.60049999999967,103.8500803992875,90.61437425527032,9.561205860160834,43.13306183592896,43.1,99.15137966489856,4.93984532339789,40523,78.20832355867758,8.144076202524664,0.3239419002227903,39.8578991872869,9.803492483173804,1.0838952668405455,15.752423457546815,2.7173941743728487,2.9400586664993047,98.87463215154388,90.00438197814825,20.314331099787633,True,True,True,False,True,False,True,False,False,lift,False,0.07913431018895949,True,0.8179240637965506,0.19328052129359705,0.299,
A-60ml-f0.80-p+0.0-above-y0-x+0.0-y+6.0,A,dy,60,0.8,0,above,0,0,6,25,40.0,47.15702017537638,45.37037037037036,39.65702017537638,False,36.36,28.7,108657,68996,0,0,0,0,0,0,0,0,0,,9.283999999999855,19.60049999999967,1.434121095431701,1.8676724685279775,9.567808468562742,42.97631056945637,43.1,99.30707772970817,4.483712620280301,68996,85.00529361470731,1.1579882007232818,1.098860081813649,39.7294429744692,9.953357278295465,1.531463599836306,15.611741733853684,0.23672391355789735,0.37839751178987135,6.554799730054,0.4006753344794729,0.11843365112450521,True,True,True,True,True,True,True,True,True,,True,0.029140283880539453,True,0.20338276330471597,0.19419471861566004,0.299,
A-100ml-f0.25-p-5.0-above-y0-x+0.0-y+0.0,A,pitch,100,0.25,-5,above,0,0,0,28,47.4252440598675,17.11302445521971,23.854068355803715,-5.697852433223887,False,39.61,28.74,117051,77592,0,0,0,0,0,0,0,0,0,,9.318999999999898,19.60049999999967,7.012959143893098,6.443475214051376,9.567809780820738,58.87540270704924,58.874954642185315,99.19778007870619,4.355381942551251,77592,81.17181191876351,4.769614663396716,1.2463256394148576,23.967119700688254,-3.728665565055675,6.338806686971131,56.734793920460234,-0.13716576227239796,0.25900934142143556,6.786853828383538,0.07986046670022737,0.020997044830975874,True,True,True,False,True,True,False,True,True,lift,False,0.03881150272803557,True,0.20568319291472487,0.21921939118953795,0.336,
A-100ml-f0.25-p+10.0-above-y0-x+0.0-y+0.0,A,pitch,100,0.25,10,above,0,0,0,28,47.4252440598675,17.11302445521971,23.854068355803715,-5.697852433223887,False,35.51,31.4,122722,89956,0,0,0,0,0,0,0,0,0,,9.286999999999859,19.60049999999967,9.353518608537605,9.340980145182066,9.567739630482672,58.872564881099564,58.874954642185315,99.15540749017794,4.795104039153342,89956,84.04903295472609,0.7383934207916127,1.3813722965825224,23.83326704131928,-3.9146655676884077,8.212395267685537,56.01808029893045,0.17618564975653794,0.3734669086055273,12.795462452802497,1.3919656122295112,0.5169025687209594,True,True,True,False,True,True,False,True,False,lift,False,-0.0009774185071127085,False,,,3.0,
A-100ml-f0.25-p+0.0-above-y0-x-3.0-y+0.0,A,dx,100,0.25,0,above,0,-3,0,28,47.4252440598675,17.11302445521971,23.854068355803715,-5.697852433223887,False,16.78,28.4,12264,1541,0,0,0,0,0,2021,0,0,6108,,,,112.41713252234992,97.53575036445288,9.567746070919508,58.86664857188516,58.874954642185315,98.3780430046645,0.5892428850356735,1541,0.004288066038109497,328.6272466785804,124.61049198764029,-63.494379837332815,-117.31373190677348,90.00001216103266,101597755.32252929,,0.004584182722765737,75.68351184142242,90.00001207969669,23.71150362771002,True,False,True,False,False,False,False,False,False,rig_clear,False,,False,,,0.0,
A-100ml-f0.25-p+20.0-above-y0-x+0.0-y+0.0,A,pitch,100,0.25,20,above,0,0,0,28,47.4252440598675,17.11302445521971,23.854068355803715,-5.697852433223887,False,33.53,29.13,102866,80114,0,0,0,0,0,0,0,0,0,,9.262499999999829,19.60049999999967,16.623309269292232,17.712414168050756,9.56779687732391,58.87436114745816,58.874954642185315,99.12208729119374,5.097928691511822,80114,82.8202892446378,0.691828067239151,3.4407823627217353,24.10757264728726,-4.865652033520199,17.145985295956383,52.47734062445171,-0.09828660118977446,0.31460922309304185,11.243274423393098,0.25178705373326715,0.08477235231543544,True,True,True,False,True,True,False,True,False,lift,False,0.020278193722185107,True,0.15727033596906123,0.48256439683184665,0.731,
A-100ml-f0.25-p+5.0-above-y0-x+0.0-y+0.0,A,pitch,100,0.25,5,above,0,0,0,28,47.4252440598675,17.11302445521971,23.854068355803715,-5.697852433223887,False,37.46,31.4,122309,90114,0,0,0,0,0,0,0,0,0,,9.25499999999982,19.60049999999967,4.459974670032046,4.422255518088547,9.567743476098025,58.871889930597725,58.874954642185315,99.17398095858675,5.244405665705553,90114,84.60187258951335,0.35708636662688,1.1027325984762444,23.834382766208638,-3.815736556316507,3.3875504549569118,57.85383664174983,0.3147090093223662,0.4343563723623678,4.5922305529768765,0.22148734707118958,0.0752883976970167,True,True,True,False,True,True,False,True,True,lift,False,-0.005921312116699637,False,,,3.0,
A-100ml-f0.25-p+0.0-diagonal-y0-x+0.0-y+0.0,A,approach,100,0.25,0,diagonal,0,0,0,28,47.4252440598675,17.11302445521971,23.854068355803715,-5.697852433223887,False,32.96,29.0,121654,82144,0,0,0,0,0,0,0,0,0,,9.306999999999883,19.60049999999967,1.077553657670038,1.2161707414593401,6.7654550626617755,58.87640707103019,58.874954642185315,99.18221075759166,4.718646058624057,82144,81.229050987042,4.40863177356644,0.5531481167571651,23.762606891538297,-3.673395560363349,1.1742034947144215,58.688288420197416,-0.007049786397224105,0.26361354857699293,0.2887218436800598,0.04844959031636116,0.009168447056170124,True,True,True,True,True,True,False,True,True,reach_liquid,False,0.06166884454069535,True,0.18305440635775613,0.39760250245417716,0.603,
A-100ml-f0.25-p+0.0-above-y0-x+0.0-y+0.0,A,nominal,100,0.25,0,above,0,0,0,28,47.4252440598675,17.11302445521971,23.854068355803715,-5.697852433223887,False,45.71,29.02,121624,82208,0,0,0,0,0,0,0,0,0,,9.306999999999883,19.60049999999967,1.0685506922973842,1.2066238530391047,9.56780837611758,58.87640905797803,58.874954642185315,99.18220853287706,4.715751804502413,82208,81.24771478034886,4.412179048610263,0.5489657977461261,23.762418239568756,-3.673396411168914,1.1646774377699427,58.691875187157684,0.014919504253123673,0.26783315380803663,0.29515281768187057,0.05193995001217399,0.010483423108877794,True,True,True,True,True,True,False,True,True,reach_liquid,False,0.06154900991946412,True,0.1884760804098456,0.4059179402553485,0.616,
A-100ml-f0.25-p+0.0-above-y180-x+0.0-y+0.0,A,yaw,100,0.25,0,above,180,0,0,28,47.4252440598675,17.11302445521971,23.854068355803715,-5.697852433223887,False,31.77,29.13,132005,82683,0,0,0,0,0,0,0,0,0,,9.307999999999884,19.60049999999967,1.1563838470924912,1.2978702401473758,9.567808375979563,58.87640034973412,58.874954642185315,99.18221568446049,4.720420845172935,82683,80.72391798032133,4.804574156374762,0.689271448702361,23.763985777347287,-3.670577298436131,1.279785915077487,58.64853266825646,0.07519609793802848,0.28660636654097016,0.5158655686270246,0.09235686240421695,0.025712744120941294,True,True,True,True,True,True,False,True,True,reach_liquid,False,0.060760713266198405,True,0.17950977217483188,0.48424476180654263,0.733,
A-100ml-f0.25-p+0.0-above-y90-x+0.0-y+0.0,A,yaw,100,0.25,0,above,90,0,0,28,47.4252440598675,17.11302445521971,23.854068355803715,-5.697852433223887,False,34.75,28.7,130873,80585,0,0,0,0,0,0,0,0,0,,9.308499999999885,19.60049999999967,1.126283493969567,1.25981186558457,9.567808372439131,58.87640748009426,58.874954642185315,99.18220789993589,4.718213008442149,80585,81.09396280382308,4.521366237038592,0.6758132597085901,23.763609132306218,-3.6710007935985,1.241963661298407,58.66277453140742,0.01685100969649114,0.24155834501979623,0.4298233484150132,0.06938063297751264,0.01705782630910146,True,True,True,True,True,True,False,True,True,reach_liquid,False,0.060655980470126124,True,0.2372697723490779,0.19420427502158377,0.299,
A-100ml-f0.25-p+0.0-above-y0-x-6.0-y+0.0,A,dx,100,0.25,0,above,0,-6,0,28,47.4252440598675,17.11302445521971,23.854068355803715,-5.697852433223887,False,29.89,28.4,10106,1756,0,0,0,0,0,3967,0,0,6108,,,,103.46512770945968,81.67240364065387,9.567746070919508,58.58948946178332,58.874954642185315,98.29321341735904,0.4350550352853755,1756,0.00428806603866073,290.8186183036494,117.35959591077555,-68.73984176784035,-117.31997896857753,90.00001214279753,101750326.9757225,,0.005523772406912227,65.1717141774344,90.0000120767336,23.71144929612824,True,False,True,False,False,False,False,False,False,rig_clear,False,,False,,,0.0,
A-100ml-f0.25-p+0.0-side-y0-x+0.0-y+0.0,A,approach,100,0.25,0,side,0,0,0,28,47.4252440598675,17.11302445521971,23.854068355803715,-5.697852433223887,False,43.22,28.82,120569,81240,0,0,0,0,0,0,0,0,0,,9.306999999999883,19.60049999999967,1.0744833409171677,1.2121397035334815,9.567786587260478,58.876402435176985,58.874954642185315,99.18221597321799,4.716363520735914,81240,81.23157577031225,4.415790750373355,0.5517271076763582,23.761962180492258,-3.672823804816372,1.1702100098495678,58.68979205679055,-0.023320004354034342,0.26795468628241825,0.3237667186308249,0.027092032729414097,0.0011328090262553423,True,True,True,True,True,True,False,True,True,reach_liquid,False,0.06153792716901125,True,0.22833427344100982,0.27259241678031065,0.416,
A-100ml-f0.25-p+0.0-above-y270-x+0.0-y+0.0,A,yaw,100,0.25,0,above,270,0,0,28,47.4252440598675,17.11302445521971,23.854068355803715,-5.697852433223887,False,36.09,29.02,121313,82131,0,0,0,0,0,0,0,0,0,,9.306499999999883,19.60049999999967,1.0538750243984711,1.173171701134749,9.567808375579649,58.87640624040534,58.874954642185315,99.18220856862182,4.693822642743401,82131,81.07210606453825,4.677133292151389,0.547067395761837,23.758127821048657,-3.6695068461961853,1.1313232972841227,58.704433554377985,0.08129844804514254,0.28197277971914,0.3398609334445188,0.03753733785485537,0.005090320572913347,True,True,True,True,True,True,False,True,True,reach_liquid,False,0.06078786584270248,True,0.180623492691854,0.40923893746181556,0.621,
A-60ml-f0.80-p+0.0-above-y0-x-3.0-y+0.0,A,dx,60,0.8,0,above,0,-3,0,25,40.0,47.15702017537638,45.37037037037036,39.65702017537638,False,83.53,29.33,70319,9590,8160,0,0,0,0,71576,0,0,0,,9.55050000000018,19.60049999999967,52.47986783444709,37.51543231503119,9.56780847706458,43.10155756604905,43.1,99.18409133604779,1.4352671777484727,9590,0.402473252512135,110.00390314781896,7.342669088905452,88.41610198020416,-31.053602123807337,27.912893294955357,6.557283708937999,5.145395447600427,5.4685039232600685,16.38564079755292,6.836473106296443,2.1369656154614463,True,True,True,False,False,False,False,False,False,lift,False,1.1815669379876939,True,0.7973451612851921,0.6145704907012313,0.931,
A-100ml-f0.25-p+0.0-above-y0-x+0.0-y-3.0,A,dy,100,0.25,0,above,0,0,-3,28,47.4252440598675,17.11302445521971,23.854068355803715,-5.697852433223887,False,33.75,28.7,88675,78783,0,0,0,0,0,0,0,0,0,,9.294999999999868,19.60049999999967,4.2207861103693185,3.916263944094445,9.567808379483067,58.20134564594303,58.874954642185315,99.9177241861356,4.685135452752939,78783,84.7084045382333,0.40147803483491296,1.920723553251631,22.59609493246955,-2.4432885023428774,2.2050498397337064,58.299966002261364,-0.14085111850567184,0.3417211858181827,3.280563512546565,0.30594658212969666,0.1056134131307804,True,True,True,False,True,True,False,True,True,lift,False,0.050327573651050325,True,0.22450660761384683,0.19420337084748654,0.299,
A-100ml-f0.25-p+0.0-above-y0-x+0.0-y+3.0,A,dy,100,0.25,0,above,0,0,3,28,47.4252440598675,17.11302445521971,23.854068355803715,-5.697852433223887,False,33.94,28.7,98655,63426,0,0,0,0,0,0,0,0,0,,9.340999999999925,19.60049999999967,24.002844379329527,10.149034156055112,9.567808373782475,58.209296727314054,58.874954642185315,99.88975103433995,3.685501069752739,63426,76.06822109065224,8.560827745140948,1.9717247068854458,22.770637599774734,-2.621651688947013,2.0397410057373055,58.36226792882997,0.19879392331779244,0.3091167287533155,14.287959663178317,0.09112708918042332,0.025281941173409313,True,True,True,False,True,False,False,True,False,lift,False,0.032344705036060274,True,0.18764947632115458,0.19422314442696392,0.299,
A-100ml-f0.25-p+0.0-above-y0-x+0.0-y-6.0,A,dy,100,0.25,0,above,0,0,-6,28,47.4252440598675,17.11302445521971,23.854068355803715,-5.697852433223887,False,38.57,28.79,90944,79549,0,0,0,0,0,0,0,0,0,,9.322999999999903,19.60049999999967,7.244612776011587,6.621832776909822,9.567808379529405,58.24394036636048,58.874954642185315,100.02052649253172,4.146878524667913,79549,82.93541220986747,0.3425459175318352,3.120296274121087,22.5707477098786,-2.326725339638791,3.0054638398070685,57.998089667717814,-0.07800712168357228,0.29282459906407615,6.6187608026376195,0.3135402779987727,0.10365973620990997,True,True,True,False,True,True,False,True,True,lift,False,0.06708743656787153,True,0.2550825345337731,0.2574528617576076,0.394,
A-100ml-f0.50-p-20.0-above-y0-x+0.0-y+0.0,A,pitch,100,0.5,-20,above,0,0,0,28,47.4252440598675,34.22604891043942,47.70813671160743,11.415172021995819,False,30.3,28.4,43436,768,346,0,2233,0,0,0,0,0,5210,1.2624999999999165,,,290.463048091626,89.56623483985388,11.680587144343905,70.42147648190192,58.874954642185315,87.67955360110653,-0.1980636323423296,768,0.005343788966037188,138.49039349263134,157.42364450416537,-49.98988923930142,-122.13683074140378,90.00213357769228,579131.7337682411,,0.005361828730558993,280.2532304197349,89.99991166600597,23.711357389605357,False,False,False,False,False,False,False,False,False,table,False,,False,,,0.0,
A-60ml-f0.80-p+0.0-above-y0-x-6.0-y+0.0,A,dx,60,0.8,0,above,0,-6,0,25,40.0,47.15702017537638,45.37037037037036,39.65702017537638,False,94.12,28.4,44197,2767,0,0,0,0,0,89609,0,0,0,,,,106.26761247908055,51.051603378352986,52.138222022907364,42.75554862486206,43.1,97.97552850768854,-2.621760419976166,2767,1.0357529807478592,120.57203969356686,34.59296660193618,55.10722337519887,6.145589769872478,37.48882406838781,2.2866714861463686,,2.6788457729150474,41.67869024781228,0.8364571614076491,0.25057092005306086,True,True,True,False,False,False,False,False,False,lift,False,,False,,,0.0,
A-100ml-f0.25-p+0.0-above-y0-x+3.0-y+0.0,A,dx,100,0.25,0,above,0,3,0,28,47.4252440598675,17.11302445521971,23.854068355803715,-5.697852433223887,False,46.88,28.73,128341,67735,0,0,0,0,0,0,0,0,0,,9.005499999999515,19.60049999999967,4.064956492820412,4.1353851683552625,9.567808325544922,58.87619904687264,58.874954642185315,99.1820399075374,5.529119957989659,67735,82.44425713412481,0.6510550782074115,5.345747127104591,24.029303066766964,-3.5788961947755964,3.9057742796538273,57.658001840449145,-0.04000980710700371,0.27939167421641403,3.927072253073545,0.4615714382781822,0.15425845925082285,True,True,True,False,True,True,False,True,True,lift,False,0.002103933066764444,True,0.23680153126257,0.21744078460100022,0.334,
A-100ml-f0.50-p-5.0-above-y0-x+0.0-y+0.0,A,pitch,100,0.5,-5,above,0,0,0,28,47.4252440598675,34.22604891043942,47.70813671160743,11.415172021995819,False,32.94,28.75,113001,77835,0,0,0,0,0,0,0,0,0,,9.319499999999898,19.60049999999967,7.021726159545237,6.541808283163562,9.567809787078954,58.87551471674376,58.874954642185315,99.19201697407883,4.3338323541811805,77835,80.42162378240438,5.468334066587559,1.1404222274843856,27.62330558998193,9.634235782487538,6.344535185819061,39.61958682978419,-0.106395459478631,0.19288577819450095,6.577265041089338,0.225616139923122,0.07366867908146477,True,True,True,False,True,False,True,True,True,lift,False,0.038908000199431164,True,0.2588960698037334,0.22584926900603153,0.346,
A-100ml-f0.50-p-10.0-above-y0-x+0.0-y+0.0,A,pitch,100,0.5,-10,above,0,0,0,28,47.4252440598675,34.22604891043942,47.70813671160743,11.415172021995819,False,33.57,28.7,108691,78217,0,0,0,0,0,0,0,0,0,,9.300999999999876,19.60049999999967,13.541252122886819,12.122853158514543,9.567811059962239,58.8762143093792,58.874954642185315,99.2068513779815,4.6386303696810405,78217,83.1342760692381,1.8421854882296274,2.2866102681257634,28.208779211639175,9.260978543245175,12.085134214854726,37.40016038749154,-0.080587627069433,0.3003658596327956,13.846553909571497,0.027221485839629626,0.0005172401441766035,True,True,True,False,True,True,True,True,False,lift,False,0.036303320695305286,True,0.31382725103306974,0.19415879199799982,0.299,
A-100ml-f0.25-p+0.0-above-y0-x+6.0-y+0.0,A,dx,100,0.25,0,above,0,6,0,28,47.4252440598675,17.11302445521971,23.854068355803715,-5.697852433223887,False,47.18,28.7,96505,55800,0,0,0,0,0,0,0,0,0,,9.267999999999835,19.60049999999967,5.534706052995418,6.124171619881382,9.567808330524368,58.87627336376123,58.874954642185315,99.18221495697406,5.31714569663079,55800,79.97600358493887,1.92627163066621,8.674847912543662,24.945349323558005,-4.025084420134537,5.432644871992635,57.07947315361091,2.3273251445586323,2.3359405958072847,5.78761520996933,0.43551107597558125,0.14857717876220372,True,True,True,False,True,True,False,False,True,lift,False,-0.01767858727988129,True,0.2935837710384738,0.1941198133470202,0.299,
A-100ml-f0.50-p+0.0-above-y0-x+0.0-y+0.0,A,nominal,100,0.5,0,above,0,0,0,28,47.4252440598675,34.22604891043942,47.70813671160743,11.415172021995819,False,33.96,28.82,117742,81206,0,0,0,0,0,0,0,0,0,,9.306499999999883,19.60049999999967,1.1216256900272725,1.2681636928603872,9.567808373437334,58.87643515374928,58.874954642185315,99.17648156860618,4.74835525248117,81206,81.03063757581191,4.516614149258042,0.5399879702182518,27.422345826527792,9.777142857186922,1.233728627886402,41.55285090035987,-0.05110708993400568,0.21436110235178474,0.39823575942271827,0.05846379178060817,0.012275130504783623,True,True,True,True,True,True,True,True,True,,True,0.06227733433553151,True,0.23852426919991201,0.27588425460290156,0.421,
A-100ml-f0.50-p+5.0-above-y0-x+0.0-y+0.0,A,pitch,100,0.5,5,above,0,0,0,28,47.4252440598675,34.22604891043942,47.70813671160743,11.415172021995819,False,29.87,31.4,113081,90096,0,0,0,0,0,0,0,0,0,,9.249999999999813,19.60049999999967,4.525529893794788,4.45683947136412,9.56774345526,58.872535952326785,58.874954642185315,99.16641461637408,5.287889110667493,90096,84.64412486237184,0.2988030731171173,0.9981991421129216,27.498762082892224,9.615359021005437,3.395523187695708,40.737800991693696,0.4707326369074895,0.5588521167839849,4.474581563237652,0.21402558867243981,0.07037013311369682,True,True,True,False,True,True,True,True,True,lift,False,-0.005953011995453033,False,,,3.0,
A-100ml-f0.50-p+20.0-above-y0-x+0.0-y+0.0,A,pitch,100,0.5,20,above,0,0,0,28,47.4252440598675,34.22604891043942,47.70813671160743,11.415172021995819,False,34.44,31.4,96192,90954,0,0,0,0,0,0,0,0,0,,9.256999999999822,19.60049999999967,16.73326542767029,17.740928075071952,9.567734399977045,58.87452126899369,58.874954642185315,99.11692525877785,5.161798957410007,90954,82.84250222658493,0.5561885573431271,3.2630732218200285,27.726291729507444,8.086383143713988,17.09710607204564,35.384458338064015,0.8819030447809693,0.9266523030258853,11.11131242909821,4.353408482428142e-06,-0.0015703669644166545,True,True,True,False,True,True,True,True,False,lift,False,0.020666848872739757,False,,,3.0,
A-100ml-f0.50-p+0.0-above-y0-x-6.0-y+0.0,A,dx,100,0.5,0,above,0,-6,0,28,47.4252440598675,34.22604891043942,47.70813671160743,11.415172021995819,False,20.26,28.4,9805,1747,0,0,0,0,0,3898,0,0,5963,,,,105.02358568514298,86.85126681139855,9.567746070919508,58.57335547257552,58.874954642185315,98.32210583679787,0.5122047603386415,1747,0.0042843306596453065,303.5799244902518,125.38001148019407,-66.85302522697292,-124.88169082774253,89.99991173275009,-13997594.737702405,,0.004284459393899621,65.19717981028589,89.99991167028567,23.711357392689703,True,False,True,False,False,False,False,False,False,rig_clear,False,,False,,,0.0,
A-100ml-f0.25-p+0.0-above-y0-x+0.0-y+6.0,A,dy,100,0.25,0,above,0,0,6,28,47.4252440598675,17.11302445521971,23.854068355803715,-5.697852433223887,False,49.34,31.4,105548,90652,0,0,0,0,0,0,0,0,0,,9.3214999999999,19.60049999999967,7.046693712122506,6.303653708535187,9.56774607151925,58.2372275111565,58.874954642185315,100.01214633762885,4.077153703850894,90652,82.51456998292443,0.7304519445989368,3.7813209114356794,22.6583396367334,-2.369038112968874,3.1580421203370195,57.94049808005412,0.8224753441721682,0.8703440955341214,7.4161017763757995,0.2998971731733251,0.10606559286881924,True,True,True,False,True,True,False,True,True,lift,False,0.021979086525284897,False,,,3.0,
A-100ml-f0.50-p+0.0-above-y0-x-3.0-y+0.0,A,dx,100,0.5,0,above,0,-3,0,28,47.4252440598675,34.22604891043942,47.70813671160743,11.415172021995819,False,23.17,31.4,11243,1488,0,0,0,0,0,1953,0,0,5948,,6.969499999998857,19.60049999999967,124.65326186604125,101.86608284139015,9.567746070919508,58.87599306528268,58.874954642185315,98.44860180328676,5.801700246659546,1488,0.28717697020091304,362.1417878354077,145.66719515704978,-59.61429714128542,-124.93091503494617,89.99991986820906,-15418718.589906335,5.769924477533639,5.777103800326212,98.83272177733397,89.99991941553365,23.711417278902456,True,False,True,False,True,False,False,False,False,rig_clear,False,0.3061301880093301,False,,,3.0,
A-100ml-f0.50-p+0.0-side-y0-x+0.0-y+0.0,A,approach,100,0.5,0,side,0,0,0,28,47.4252440598675,34.22604891043942,47.70813671160743,11.415172021995819,False,37.61,28.9,118169,81580,0,0,0,0,0,0,0,0,0,,9.305999999999882,19.60049999999967,1.1231164699557554,1.2687168443648191,9.567786601285052,58.87642876801049,58.874954642185315,99.1764885408703,4.751444728064088,81580,81.01594939459874,4.530022791990283,0.540342880444293,27.422245000677325,9.777254565696087,1.234295663408559,41.55263738909819,-0.037150262362675844,0.2116634779760204,0.3795486432842921,0.06722756153114147,0.015571977793315164,True,True,True,True,True,True,True,True,True,,True,0.06214409572247928,True,0.17679034921384193,0.3275950252483719,0.499,
A-100ml-f0.50-p+10.0-above-y0-x+0.0-y+0.0,A,pitch,100,0.5,10,above,0,0,0,28,47.4252440598675,34.22604891043942,47.70813671160743,11.415172021995819,False,43.45,31.4,121353,90013,0,0,0,0,0,0,0,0,0,,9.282499999999853,19.60049999999967,9.527505269317432,9.449906280783539,9.567739692221314,58.8727726619822,58.874954642185315,99.14996678174165,4.877726010539041,90013,84.19422726097486,0.6416214331677899,1.2524773307131871,27.483971183735818,9.426410111303602,8.247493107605727,38.89156991223249,0.3721553468685736,0.48526715238630264,7.898048227626476,2.484760018314825e-05,-0.0015678199120820991,True,True,True,False,True,True,True,True,True,lift,False,-0.004008377140364733,False,,,3.0,
A-100ml-f0.50-p+0.0-diagonal-y0-x+0.0-y+0.0,A,approach,100,0.5,0,diagonal,0,0,0,28,47.4252440598675,34.22604891043942,47.70813671160743,11.415172021995819,False,45.87,28.99,118718,82038,0,0,0,0,0,0,0,0,0,,9.305999999999882,19.60049999999967,1.127106507482262,1.2736745663562272,6.765455059181344,58.87643324469296,58.874954642185315,99.17648364854068,4.758112051951812,82038,81.01555737434178,4.518013275288059,0.5415169704405862,27.422883717993987,9.776669397857734,1.239167413532098,41.55080297907495,-0.049338904301489274,0.19664709834154043,0.3691752483781607,0.05258620819002838,0.010069634057312251,True,True,True,True,True,True,True,True,True,,True,0.062254558296422874,True,0.19565398276649762,0.3909222227423992,0.593,
A-100ml-f0.50-p+0.0-above-y90-x+0.0-y+0.0,A,yaw,100,0.5,0,above,90,0,0,28,47.4252440598675,34.22604891043942,47.70813671160743,11.415172021995819,False,44.37,28.7,117765,80527,0,0,0,0,0,0,0,0,0,,9.30499999999988,19.60049999999967,1.1497052394379292,1.2973409035562793,9.567808374001771,58.87643362640414,58.874954642185315,99.17648138268899,4.792562064936584,80527,81.04182038233147,4.4408734888034,0.5522337814393948,27.42324989225193,9.776675243045624,1.2628663056604497,41.54187929550047,-0.028098906967975994,0.18427210760927196,0.398336628817871,0.062144449146550394,0.013656575299087093,True,True,True,True,True,True,True,True,True,,True,0.06129112241277198,True,0.194149939660287,0.19423090184720068,0.299,
A-100ml-f0.50-p+0.0-above-y0-x+0.0-y-6.0,A,dy,100,0.5,0,above,0,0,-6,28,47.4252440598675,34.22604891043942,47.70813671160743,11.415172021995819,False,27.67,28.76,79815,79429,0,0,0,0,0,0,0,0,0,,9.316499999999895,19.60049999999967,8.851623768359643,8.084760389731901,9.567808384476933,58.35783180293814,58.874954642185315,99.98526613754842,4.258462852283304,79429,82.68351711717085,0.6520507331479487,3.0331327365382017,26.799249675617638,10.538478529372258,3.0741282178553484,40.85914947286199,-0.1242499627077468,0.3395622721976995,6.6972387280345735,0.2795150754644714,0.09302586100723113,True,True,True,False,True,True,True,True,True,lift,False,0.060418453335677726,True,0.22565157038860742,0.23751082759843023,0.364,
A-100ml-f0.50-p+0.0-above-y0-x+3.0-y+0.0,A,dx,100,0.5,0,above,0,3,0,28,47.4252440598675,34.22604891043942,47.70813671160743,11.415172021995819,False,34.79,28.73,116751,70113,0,0,0,0,0,0,0,0,0,,8.95199999999945,19.60049999999967,4.019268662605234,4.1131665780335105,9.567808327974728,58.87623086214693,58.874954642185315,99.17629528446824,5.59401078424486,70113,82.45435530428065,0.609774768406085,5.06202992763264,27.68373858919634,9.82826818521046,3.894862753605739,40.549103189459075,-0.012014780894916022,0.2877017709897435,3.8649013658100992,6.613302226726415e-06,-0.0015665822673463757,True,True,True,False,True,True,True,True,True,lift,False,0.00656676392580497,True,0.26794081188975044,0.2124260232820507,0.326,
A-100ml-f0.50-p+0.0-above-y180-x+0.0-y+0.0,A,yaw,100,0.5,0,above,180,0,0,28,47.4252440598675,34.22604891043942,47.70813671160743,11.415172021995819,False,46.27,29.19,117330,82918,0,0,0,0,0,0,0,0,0,,9.305999999999882,19.60049999999967,1.1758274036433674,1.3307562254302785,9.567808376975462,58.8764280777912,58.874954642185315,99.17648769471316,4.784229759887418,82918,80.7178224918094,4.68923614377853,0.5623251495842894,27.423369777989517,9.776976930794074,1.296023896042068,41.529393718872804,0.043744042593699635,0.24908170543221478,0.497633572960178,0.10688440193774597,0.030506108023459745,True,True,True,True,True,True,True,True,True,,True,0.06129367276193191,True,0.17774392140528644,0.5225835474307988,0.791,
A-100ml-f0.50-p+0.0-above-y0-x+0.0-y-3.0,A,dy,100,0.5,0,above,0,0,-3,28,47.4252440598675,34.22604891043942,47.70813671160743,11.415172021995819,False,33.44,28.9,86490,79965,0,0,0,0,0,0,0,0,0,,9.300999999999876,19.60049999999967,5.124785373471778,4.714068691789676,9.567808379765577,58.27385267683167,58.874954642185315,99.8494891863568,4.560596730689371,79965,84.37061643708307,0.22289937627741566,1.742473890370629,26.617178880651302,10.630976441659696,2.1567224827123086,41.205156644373695,-0.11304480168198439,0.32825953774644445,3.2134868761668085,0.1720477497781961,0.05515503345775264,True,True,True,False,True,True,True,True,True,lift,False,0.04525331565379187,True,0.2020625851780048,0.32588590849783294,0.496,
A-100ml-f0.50-p+0.0-above-y0-x+0.0-y+6.0,A,dy,100,0.5,0,above,0,0,6,28,47.4252440598675,34.22604891043942,47.70813671160743,11.415172021995819,False,33.55,31.4,102415,90790,0,0,0,0,0,0,0,0,0,,9.310999999999888,19.60049999999967,8.684386126535944,8.083961411276425,9.567746051730108,58.3528045943136,58.874954642185315,99.93936433482891,4.3281067429657565,90790,82.50417975960377,0.819209612231065,3.533849552116742,27.10631167232337,10.261345204292532,3.1232247803982998,40.84061709955667,-0.060725999387319825,0.2908975691495203,7.511029889104229,0.16705220637233106,0.053303132970779626,True,True,True,False,True,True,True,True,True,lift,False,0.02236391729983151,False,,,3.0,
A-100ml-f0.50-p+0.0-above-y0-x+6.0-y+0.0,A,dx,100,0.5,0,above,0,6,0,28,47.4252440598675,34.22604891043942,47.70813671160743,11.415172021995819,False,37.36,28.7,94664,25576,0,0,0,0,0,0,0,0,0,,9.10749999999964,19.60049999999967,5.731479060813511,6.263004702665965,9.567808346414047,58.8763445750579,58.874954642185315,99.17640687461964,5.381929913431491,25576,0.3405561795585112,120.0614906789498,8.477367565603789,28.570324581872384,9.40229115052807,5.572726369942855,39.91323762553771,2.2262439606779236,2.239879193098826,5.840864465341903,3.90688910174926e-05,-0.00156527437451279,True,True,True,False,True,False,True,False,True,lift,False,-0.013581249515801933,True,0.32088103140451085,0.19413193076078505,0.299,
A-100ml-f0.80-p-20.0-above-y0-x+0.0-y+0.0,A,pitch,100,0.8,-20,above,0,0,0,28,47.4252440598675,54.761678256703064,76.3330187385719,31.950801368259466,False,33.08,28.4,28288,792,0,0,2233,0,0,15,0,0,5566,1.2624999999999165,,,93.29123961633795,89.99231366800015,11.680587144343898,70.421393726866,58.874954642185315,87.67218911507268,0.836029123503404,792,0.0043993613950249425,268.0773917669665,146.98241213080365,-51.24873199079813,-146.61203849921282,89.99997751612561,-54951935.652066566,,0.1811006324572736,53.62726669960429,89.9999774565946,23.711422541374596,False,False,False,False,False,False,False,False,False,table,False,,False,,,0.0,
A-100ml-f0.80-p-10.0-above-y0-x+0.0-y+0.0,A,pitch,100,0.8,-10,above,0,0,0,28,47.4252440598675,54.761678256703064,76.3330187385719,31.950801368259466,False,33.24,28.75,109056,78205,0,0,0,0,0,0,0,0,0,,9.29649999999987,19.60049999999967,13.642200776304417,12.141174385173514,9.567811087915407,58.87616190754119,58.874954642185315,99.19962189161411,4.747475261429157,78205,81.81584920870566,3.2777331727694983,1.5820297701184618,48.73890546042566,9.119128148377065,12.044250311675807,16.880621249695242,-0.1292922084490736,0.31237112046079135,14.05239039681448,0.49744632772284264,0.166428603804426,True,True,True,False,True,True,True,True,False,lift,False,0.03552555185781373,True,0.21152964328646737,0.229185636612518,0.351,
A-100ml-f0.80-p-5.0-above-y0-x+0.0-y+0.0,A,pitch,100,0.8,-5,above,0,0,0,28,47.4252440598675,54.761678256703064,76.3330187385719,31.950801368259466,False,31.93,28.75,105910,78045,0,0,0,0,0,0,0,0,0,,9.3214999999999,19.60049999999967,6.960732048312037,6.4567772181706,9.567809777532354,58.875590892387244,58.874954642185315,99.18512646056108,4.294735989851445,78045,80.66298936750111,5.245736141076221,0.6251741144658238,48.10315118201211,9.632955716796316,6.31850206852598,19.093876062763247,-0.08198371870823987,0.19478380463039727,6.650751201526319,0.3823267366721239,0.135907097302879,True,True,True,False,True,False,True,True,True,lift,False,0.037888515146202915,True,0.24884371403673627,0.22747219804776506,0.349,
A-100ml-f0.50-p+0.0-above-y0-x+0.0-y+3.0,A,dy,100,0.5,0,above,0,0,3,28,47.4252440598675,34.22604891043942,47.70813671160743,11.415172021995819,False,35.44,28.7,99438,78309,0,0,0,0,0,0,0,0,0,,9.331499999999913,19.60049999999967,4.71395190722688,4.258818438746283,9.56780837958042,58.273138255386726,58.874954642185315,99.79417018804912,3.9276224965927033,78309,81.94826267874589,3.3335516927228994,1.632263652081379,26.886855579913068,10.347541235847302,1.716543537100683,41.37101476021336,-0.04270707592097769,0.22180418212674957,3.524653936693848,0.09075129884839706,0.024432030763730232,True,True,True,False,True,True,True,True,True,lift,False,0.03664372518699084,True,0.20674425656537798,0.1942223909038135,0.299,
A-100ml-f0.50-p+0.0-above-y270-x+0.0-y+0.0,A,yaw,100,0.5,0,above,270,0,0,28,47.4252440598675,34.22604891043942,47.70813671160743,11.415172021995819,False,45.07,29.0,120386,81966,0,0,0,0,0,0,0,0,0,,9.302499999999878,19.60049999999967,1.0819531510148557,1.2177422917272294,9.567808374818146,58.876432659911686,58.874954642185315,99.1764821592468,4.7657369995465215,81966,81.05282688145249,4.631716660142909,0.5309054251638321,27.42067577986897,9.778387049777487,1.1930637637609658,41.56816259249617,-0.02767529536712964,0.23342462126315294,0.3861606664721754,0.06280039992906035,0.013934995191734427,True,True,True,True,True,True,True,True,True,,True,0.0613161633414257,True,0.19154057241915812,0.3925804627903616,0.596,
A-100ml-f0.80-p+5.0-above-y0-x+0.0-y+0.0,A,pitch,100,0.8,5,above,0,0,0,28,47.4252440598675,54.761678256703064,76.3330187385719,31.950801368259466,False,31.34,31.4,110229,89866,0,0,0,0,0,0,0,0,0,,9.256999999999822,19.60049999999967,4.508538962845656,4.467178178099121,9.567743442102996,58.873085416394105,58.874954642185315,99.15817589456498,5.229759332941453,89866,84.47812243809369,0.3511271823637901,0.4633492133594936,47.97471633698208,9.708240168411542,3.303284027736644,20.237006136275365,0.6158951943917044,0.6846551751536045,4.422644493957288,0.48687582114424316,0.17525361596174835,True,True,True,False,True,True,True,True,True,lift,False,-0.00825097064991764,False,,,3.0,
A-100ml-f0.80-p+0.0-above-y0-x+0.0-y+0.0,A,nominal,100,0.8,0,above,0,0,0,28,47.4252440598675,54.761678256703064,76.3330187385719,31.950801368259466,False,38.7,29.09,117432,82374,0,0,0,0,0,0,0,0,0,,9.30449999999988,19.60049999999967,1.19599701672092,1.3487722949833372,9.567808371643311,58.876425207912476,58.874954642185315,99.16966336855712,4.7880160228362945,82374,80.31738221702432,5.072759303063767,0.1381207800152251,47.90628871076945,9.820033750047392,1.3258812558032127,20.982521226867313,-0.01017522045891838,0.10342640166970579,0.5684013837568079,0.1155255875202165,0.03377577374348907,True,True,True,True,True,False,True,True,True,cap_away,False,0.0626286023858669,True,0.1942977023731598,0.4525678710029132,0.686,
A-100ml-f0.80-p+20.0-above-y0-x+0.0-y+0.0,A,pitch,100,0.8,20,above,0,0,0,28,47.4252440598675,54.761678256703064,76.3330187385719,31.950801368259466,False,35.43,31.4,96066,90693,0,0,0,0,0,0,0,0,0,,9.250999999999815,19.60049999999967,16.716192624015015,17.73818820990945,9.567734408714015,58.874715910583596,58.874954642185315,99.11045681159214,5.2196632873775375,90693,83.1559235006274,0.4788563658030782,2.176747504861448,48.117675580224116,8.536705888485985,17.17723841206186,14.815802471106563,-0.1562243231088917,0.3257597255241461,10.939030469853352,0.1698261231308066,0.05413659578132355,True,True,True,False,True,True,True,True,False,lift,False,0.019780917370860993,False,,,3.0,
A-100ml-f0.80-p+0.0-above-y0-x-6.0-y+0.0,A,dx,100,0.8,0,above,0,-6,0,28,47.4252440598675,54.761678256703064,76.3330187385719,31.950801368259466,False,24.06,31.4,9625,1743,0,0,0,0,0,3844,0,0,5546,,6.990499999998845,19.60049999999967,109.31121870056303,90.96072727073378,9.567746070919508,58.564892541066904,58.874954642185315,98.33063290349888,6.04362647927989,1743,0.348728138635099,319.97208222072936,149.07559471001397,-71.02011299298917,-147.32447003067105,89.99998396433779,-77049051.08179791,6.037424026172387,6.047458019648754,72.97481801459472,89.99998392697402,23.711427162168096,True,False,True,False,True,False,False,False,False,rig_clear,False,0.3180706678405859,False,,,3.0,
A-100ml-f0.80-p+0.0-above-y270-x+0.0-y+0.0,A,yaw,100,0.8,0,above,270,0,0,28,47.4252440598675,54.761678256703064,76.3330187385719,31.950801368259466,False,28.54,29.2,129734,82828,0,0,0,0,0,0,0,0,0,,9.298499999999873,19.60049999999967,1.1234524139016788,1.2600849970856989,9.567808371037254,58.876423133845044,58.874954642185315,99.169664416114,4.846492499541222,82828,80.61496139288687,4.980518952698502,0.15472401436834057,47.90626005486076,9.820508563382097,1.2537954049996265,21.009665564550392,-0.03232777498920287,0.1697991974475511,0.5271702669545627,0.1039475297366161,0.029386704220546324,True,True,True,True,True,True,True,True,True,,True,0.06224245537120334,True,0.16193775023177195,0.5259422345473963,0.796,
A-100ml-f0.80-p+10.0-above-y0-x+0.0-y+0.0,A,pitch,100,0.8,10,above,0,0,0,28,47.4252440598675,54.761678256703064,76.3330187385719,31.950801368259466,False,39.65,31.4,106797,90773,0,0,0,0,0,0,0,0,0,,9.28749999999986,19.60049999999967,9.369043788852192,9.30087160265216,9.567739678861473,58.87280745885637,58.874954642185315,99.14354428905116,4.752158234714421,90773,84.73028290339742,0.7839940803773549,0.535550022434872,47.934981527373985,9.60310020192895,8.544157477066676,18.241854027568415,0.138073896990684,0.3929530599530398,7.563831576452939,1.9766288961818032e-05,-0.0015447389964496111,True,True,True,False,True,True,True,True,True,lift,False,0.006516267185059782,False,,,3.0,
A-100ml-f0.80-p+0.0-side-y0-x+0.0-y+0.0,A,approach,100,0.8,0,side,0,0,0,28,47.4252440598675,54.761678256703064,76.3330187385719,31.950801368259466,False,41.95,28.7,115989,80489,0,0,0,0,0,0,0,0,0,,9.30449999999988,19.60049999999967,1.1905311840000818,1.3436306924612849,9.567786584856206,58.87641901385772,58.874954642185315,99.16966994987921,4.786181804863371,80489,80.34030629216038,5.061359725874968,0.13796402379838862,47.906210438728614,9.820116330233276,1.3207527763948959,20.984452436217715,-0.030305080724575363,0.1137993390349164,0.67382501094897,0.14718794331927992,0.04564079179414353,True,True,True,True,True,False,True,True,True,cap_away,False,0.06247426673208724,True,0.19893117329251436,0.19423914524609723,0.299,
A-100ml-f0.80-p+0.0-diagonal-y0-x+0.0-y+0.0,A,approach,100,0.8,0,diagonal,0,0,0,28,47.4252440598675,54.761678256703064,76.3330187385719,31.950801368259466,False,40.29,28.9,116632,81456,0,0,0,0,0,0,0,0,0,,9.30449999999988,19.60049999999967,1.1906717611131419,1.3425782744413097,6.765455053588748,58.87642334644213,58.874954642185315,99.16966534279373,4.786032115129527,81456,80.32155299906913,5.0840972338994295,0.13906608821723798,47.90654545669614,9.819808310230771,1.31975507063329,20.984828137042,-0.00942436183525161,0.10477632928276608,0.620256632751122,0.13763458170470586,0.04209179876934839,True,True,True,True,True,False,True,True,True,cap_away,False,0.06275307392759018,True,0.20941433075358215,0.32592238209542995,0.496,
A-100ml-f0.80-p+0.0-above-y0-x-3.0-y+0.0,A,dx,100,0.8,0,above,0,-3,0,28,47.4252440598675,54.761678256703064,76.3330187385719,31.950801368259466,False,28.51,28.4,10544,1498,0,0,0,0,0,1950,0,0,5547,,,,109.08287076796272,92.35899329658366,9.567746070919508,58.88286723248936,58.874954642185315,98.44865865826281,0.4333224292249471,1498,0.004270213651438744,317.2756800126774,147.34142424702708,-64.87993334256718,-147.32441378350478,89.99997729449326,-54415540.16866158,,0.009372667431376245,64.93170222090176,89.99997724875608,23.711476721800484,True,False,True,False,False,False,False,False,False,rig_clear,False,,False,,,0.0,
B-60ml-f0.50-p-18.4-diagonal-y175-x+5.0-y+4.0,B,all,60,0.5,-18.4,diagonal,175,5.0,4.0,25,40.0,29.473137609610237,28.356481481481474,21.973137609610234,False,27.83,28.4,34578,0,3018,0,2628,0,0,0,0,0,0,0.9824999999999472,,,31.786437293561757,29.925997548781435,22.0686361208235,61.89191315418408,43.1,81.8981904749523,-0.20005961343808054,0,0.0085571943903478,166.59828341404568,27.51473865187262,51.976944109235774,-5.270082953669098,27.248004792206963,24.507046278559105,,0.20006960274336394,29.11796508003657,0.3428811015453627,0.09224949748641831,False,True,False,False,False,False,False,False,False,table,False,,False,,,0.0,
A-100ml-f0.80-p+0.0-above-y0-x+3.0-y+0.0,A,dx,100,0.8,0,above,0,3,0,28,47.4252440598675,54.761678256703064,76.3330187385719,31.950801368259466,False,34.03,28.7,115990,68944,0,0,0,0,0,0,0,0,0,,8.98499999999949,19.60049999999967,3.991088490450401,4.1126793864743885,9.567808331517838,58.876311737087164,58.874954642185315,99.16939219792263,5.5453750172323595,68944,82.45419889897158,0.65267222390212,3.643127232397359,48.14742291393326,9.802022555739809,3.863210439090416,20.025441432284552,-0.016040282541933144,0.2779520677454718,3.859320600934784,1.1737447080919157e-05,-0.0015426164469618238,True,True,True,False,True,True,True,True,True,lift,False,0.0008141077684858176,True,0.40200267759258623,0.19582040091441189,0.301,
A-100ml-f0.80-p+0.0-above-y0-x+0.0-y+3.0,A,dy,100,0.8,0,above,0,0,3,28,47.4252440598675,54.761678256703064,76.3330187385719,31.950801368259466,False,32.67,28.75,94128,79501,0,0,0,0,0,0,0,0,0,,9.317499999999896,19.60049999999967,6.4093679971980615,5.9621620481019475,9.567808358253563,58.324334672785234,58.874954642185315,99.74198068168461,4.235154819889564,79501,84.24370295451513,1.1635839931603316,1.0441641197337117,47.74952976776405,10.00280137257517,1.6992159643934894,20.841912701143432,0.11546409486541667,0.3325477598616148,3.8150816419301545,0.17775108091076616,0.05765742364974761,True,True,True,False,True,True,True,True,True,lift,False,0.05139851619134078,True,0.2223591169109907,0.22587990054677332,0.346,
A-100ml-f0.80-p+0.0-above-y0-x+0.0-y-6.0,A,dy,100,0.8,0,above,0,0,-6,28,47.4252440598675,54.761678256703064,76.3330187385719,31.950801368259466,False,34.94,28.76,72591,79235,0,0,0,0,0,0,0,0,0,,9.315999999999894,19.60049999999967,9.469937617718772,8.581549271399673,9.567808384653251,58.408394642224266,58.874954642185315,100.0266068602482,4.188257145013724,79235,82.63401027218421,0.8926011158630989,1.8191280576495066,47.49710274064685,10.301575751038266,2.6452591646571038,20.485334884956973,0.05368342937424192,0.30266225731853136,6.720271932046427,0.11091163278357434,0.03206148001537952,True,True,True,False,True,True,True,True,True,lift,False,0.054079723772066116,True,0.28639943090125325,0.23408480731988382,0.359,
A-100ml-f0.80-p+0.0-above-y0-x+6.0-y+0.0,A,dx,100,0.8,0,above,0,6,0,28,47.4252440598675,54.761678256703064,76.3330187385719,31.950801368259466,False,35.98,28.7,85336,56079,0,0,0,0,0,0,0,0,0,,9.06749999999959,19.60049999999967,5.719340161490625,6.322536687097122,9.567808316390854,58.8762219184079,58.874954642185315,99.16961320452003,5.455413765101863,56079,80.18935873983564,1.8538206433478617,6.39455127277294,48.94368938632392,9.350954135554145,5.462966147241947,19.41930369455161,3.129075497077601,3.1358832128817236,6.119012721270832,0.3932471665275418,0.1389071770156537,True,True,True,False,True,True,True,False,True,lift,False,-0.015382135878268477,True,0.5712326392405109,0.19377449281161102,0.299,
A-100ml-f0.80-p+0.0-above-y90-x+0.0-y+0.0,A,yaw,100,0.8,0,above,90,0,0,28,47.4252440598675,54.761678256703064,76.3330187385719,31.950801368259466,False,45.07,28.95,116962,81657,0,0,0,0,0,0,0,0,0,,9.302499999999878,19.60049999999967,1.2041902529821253,1.357298337996973,9.567808371694909,58.876424281814884,58.874954642185315,99.16966330599607,4.883801618656744,81657,80.55759047778908,4.813181541920078,0.13947198291736582,47.906921668616306,9.819418953202458,1.334512474311814,20.97927098809392,-0.022865925030252005,0.1359757261066524,0.5083742376938257,0.08284856601352303,0.02145105429377306,True,True,True,True,True,True,True,True,True,,True,0.06232025391919223,True,0.1786927774962349,0.3625876370510228,0.551,
A-100ml-f0.80-p+0.0-above-y180-x+0.0-y+0.0,A,yaw,100,0.8,0,above,180,0,0,28,47.4252440598675,54.761678256703064,76.3330187385719,31.950801368259466,False,45.26,29.21,116124,82933,0,0,0,0,0,0,0,0,0,,9.301999999999877,19.60049999999967,1.234949053301992,1.3942035856936825,9.567808373708006,58.8764191114624,58.874954642185315,99.16966888829432,4.886738697184437,82933,80.1862353914604,5.102370999181316,0.13841757098818425,47.90768944913685,9.818569623268768,1.369637463813786,20.966043811974043,0.05198079409100539,0.26089133639281026,0.5685340399987088,0.11260608436528961,0.03263671699327743,True,True,True,True,True,False,True,True,True,cap_away,False,0.06224062824173822,True,0.1912177142571312,0.535910061422104,0.811,
A-100ml-f0.80-p+0.0-above-y0-x+0.0-y+6.0,A,dy,100,0.8,0,above,0,0,6,28,47.4252440598675,54.761678256703064,76.3330187385719,31.950801368259466,False,38.38,31.4,98827,90917,0,0,0,0,0,0,0,0,0,,9.297999999999872,19.60049999999967,9.610902927510322,8.437875583791833,9.56774604083685,58.402828885972475,58.874954642185315,99.96307350607259,4.599616876666504,90917,82.4009112487995,0.8073347997157441,2.3559945053345346,47.8417591272917,9.998374737755361,3.146195063745549,20.296316616676457,1.4666922836117415,1.4936638811876408,7.51964985155527,5.0509930079323e-06,-0.001545386843038046,True,True,True,False,True,True,True,False,True,lift,False,0.02507422127556802,False,,,3.0,
B-60ml-f0.25-p+12.2-diagonal-y330-x-4.9-y+4.1,B,all,60,0.25,12.2,diagonal,330,-4.9,4.1,25,40.0,14.736568804805119,14.178240740740737,7.236568804805119,False,20.67,28.4,8102,778,0,0,0,0,0,5123,0,0,5747,,,,105.04627534339355,93.05574047721741,6.765404796296178,45.749459911075895,43.1,99.97400007901513,0.26572894908914735,778,0.004093612575469448,284.5230577436462,111.51953575437473,-69.4217259969993,-107.79883232858323,90.00016594112007,6215048.332459442,,0.007709703937978304,72.38535695898389,90.00016586001605,19.998931363874338,True,False,True,False,False,False,False,False,False,rig_clear,False,,False,,,0.0,
A-100ml-f0.80-p+0.0-above-y0-x+0.0-y-3.0,A,dy,100,0.8,0,above,0,0,-3,28,47.4252440598675,54.761678256703064,76.3330187385719,31.950801368259466,False,39.86,28.7,76900,79225,0,0,0,0,0,0,0,0,0,,9.284999999999856,19.60049999999967,6.828851385140241,6.240995665149397,9.567808379836132,58.32565891943456,58.874954642185315,99.80641258680653,4.840603843610639,79225,83.79056711891627,0.19702269779371243,1.1172679964377803,47.41283382142677,10.354029188266972,2.7000469987414344,20.464669735922655,-0.1672810497474886,0.35198340384310683,3.290857394548783,0.24510568773149727,0.08221150585905264,True,True,True,False,True,True,True,True,True,lift,False,0.04601065030819556,True,0.2600747596851874,0.1941922971690491,0.299,
B-100ml-f0.50-p+19.5-diagonal-y354-x+3.7-y+4.8,B,all,100,0.5,19.5,diagonal,354,3.7,4.8,28,47.4252440598675,34.22604891043942,47.70813671160743,11.415172021995819,False,35.96,28.4,58507,64207,0,0,0,0,0,46,0,0,0,,9.292999999999866,,30.152683543560787,29.45905541235678,6.7654015920014245,60.134574118546375,58.874954642185315,98.14159779452758,4.653066770478969,64207,76.09465458517401,0.4550628666825476,8.347885243500707,27.402274117768,7.777658391684178,12.345738405968175,37.297481032062144,,3901.548401206777,21.08750554531267,0.837655587423123,0.30209638639176273,True,True,True,False,True,True,True,False,False,lift,False,0.1153163242084203,False,,,0.0,
B-100ml-f0.80-p+5.0-diagonal-y178-x+4.4-y-3.1,B,all,100,0.8,5.0,diagonal,178,4.4,-3.1,28,47.4252440598675,54.761678256703064,76.3330187385719,31.950801368259466,False,29.67,28.7,67270,77217,0,0,0,0,0,0,0,0,0,,8.47849999999887,19.60049999999967,8.494036304407972,8.048984959162079,6.765452471535455,58.12133716491186,58.874954642185315,100.12792371558699,5.868402616064472,77217,79.96403190245452,1.76421479386948,6.427193301256861,46.93442943238937,10.982443726164636,1.7529982364921928,20.82165256081597,0.8717023583183128,0.892297364811143,3.923696732364341,0.006079536956868865,-0.0019223836963612306,True,True,True,False,True,True,True,True,True,lift,False,0.15045896817617826,True,0.2715774062951621,0.194238514341485,0.299,
B-100ml-f0.25-p+14.0-diagonal-y212-x+5.4-y+1.0,B,all,100,0.25,14.0,diagonal,212,5.4,1.0,28,47.4252440598675,17.11302445521971,23.854068355803715,-5.697852433223887,False,15.46,28.4,54272,60320,376,0,0,0,0,0,0,0,0,,9.383999999999977,,16.0538784197827,17.36828304134667,6.7654040135183555,58.8263879256268,58.874954642185315,99.22578742679744,2.093535259825474,60320,61.92148316528465,3.442883707871607,12.03999361806199,24.00812797360681,-4.751532557711754,4.01163771586832,57.61796774369908,,669.3799689688852,15.255059105559337,1.3377321548188121,0.49790123000704684,True,True,True,False,True,True,False,False,False,lift,False,0.10194690522831422,False,,,0.0,
B-60ml-f0.25-p-7.9-side-y254-x+0.6-y+3.8,B,all,60,0.25,-7.9,side,254,0.6,3.8,25,40.0,14.736568804805119,14.178240740740737,7.236568804805119,False,28.86,28.4,65499,65313,0,0,777,0,0,608,0,0,0,0.0025,8.252499999998594,,50.791403994822474,33.561961299264986,9.31525348592846,43.17552051298522,43.1,99.0734199054687,6.288156553032456,65313,82.63199471827943,0.4907837245936602,3.687267872744672,9.438754599892265,8.371646776730552,11.36902292733965,44.89412083936511,,107.22297878362146,35.06106949223008,1.3715501707710063,0.4199827379384332,False,True,True,False,True,True,True,False,False,table,False,0.0711887336189918,False,,,0.0,
B-60ml-f0.80-p+14.8-above-y330-x-3.3-y+3.6,B,all,60,0.8,14.8,above,330,-3.3,3.6,25,40.0,47.15702017537638,45.37037037037036,39.65702017537638,False,36.13,28.4,13672,2255,0,0,0,0,0,6241,0,0,6308,,,,100.45382482653993,77.11149865905008,9.56773706303697,42.558406293140145,43.1,100.50115380353482,1.2187641094512924,2255,0.004031321598606322,279.01879149385616,138.36728846415767,-47.63443552150059,-135.8708908162101,90.00010433457894,9884792.950028634,,0.026794302355249135,47.623666683901966,90.0001041776839,19.998903194367514,True,False,True,False,False,False,False,False,False,rig_clear,False,,False,,,0.0,
B-60ml-f0.50-p+3.0-side-y66-x+3.9-y-5.6,B,all,60,0.5,3.0,side,66,3.9,-5.6,25,40.0,29.473137609610237,28.356481481481474,21.973137609610234,False,28.13,28.4,76308,78228,0,0,0,0,0,0,0,0,0,,8.168499999998492,,4.17878018401195,5.4535251096038175,8.740552000608409,42.964503376402426,43.1,99.30163270817626,6.331578945461228,78228,79.39149372391665,0.8966855613288878,7.470005736260286,22.591654103632457,9.82331964883948,3.52750685817056,32.66726111113606,,5.601004570845914,6.6760609598303935,0.0712482052574022,0.013182282332725573,True,True,True,False,True,True,True,False,True,lift,False,0.1367932964137756,False,,,0.0,
B-60ml-f0.25-p+9.2-diagonal-y119-x+0.7-y-1.8,B,all,60,0.25,9.2,diagonal,119,0.7,-1.8,25,40.0,14.736568804805119,14.178240740740737,7.236568804805119,False,46.3,31.4,114805,91447,0,0,0,0,0,61,0,0,0,,8.740999999999191,19.60049999999967,6.37357652217936,7.950270082958198,6.765406250002728,43.01008168144878,43.1,99.313234381208,5.101459736057009,91447,85.37724823112954,0.3324916894401624,1.0849353610622714,7.873655705956583,9.129880006116295,7.82955263043315,46.03827878944196,0.7772185125182571,0.8539411732875399,22.05846376051132,7.048869083507417,2.2038462141227377,True,True,True,False,True,True,True,True,False,lift,False,0.058874559573225044,False,,,3.0,
B-100ml-f0.80-p+7.2-above-y45-x-3.7-y+4.0,B,all,100,0.8,7.2,above,45,-3.7,4.0,28,47.4252440598675,54.761678256703064,76.3330187385719,31.950801368259466,False,21.61,28.4,10095,1380,0,0,0,0,0,814,0,0,5561,,,,122.34374793093784,98.5894809726701,9.567741721081102,57.946720027245675,58.874954642185315,100.7973049345907,0.4386820958151988,1380,0.004270213660057116,341.5076944363579,148.02557324151437,-77.29273289412086,-146.83571867654445,89.99997730610872,-54443391.76933873,,0.005027654868864596,78.44746167233644,89.99997726081736,24.09263328506914,True,False,True,False,False,False,False,False,False,rig_clear,False,,False,,,0.0,
B-60ml-f0.80-p+5.6-above-y348-x-0.3-y+4.4,B,all,60,0.8,5.6,above,348,-0.3,4.4,25,40.0,47.15702017537638,45.37037037037036,39.65702017537638,False,46.89,28.4,12617,1593,0,0,0,0,0,1602,0,0,6281,,7.45099999999859,,94.92496482716857,70.5204154901778,9.567743170052525,43.235252198457395,43.1,98.54931074434623,8.202219232354826,1593,0.47197132787517937,261.79787279316963,140.62487497252405,-22.297702097383564,-136.24965611448627,89.99865178041755,-764936.474438954,,8.232000494748382,41.68882579148741,89.99939654823157,19.99836752199034,True,False,True,False,True,False,False,False,False,rig_clear,False,0.757321073111881,False,,,0.0,
B-60ml-f0.50-p+6.4-diagonal-y330-x+3.5-y-5.0,B,all,60,0.5,6.4,diagonal,330,3.5,-5.0,25,40.0,29.473137609610237,28.356481481481474,21.973137609610234,False,29.04,28.4,41378,71017,0,0,0,0,0,0,0,0,0,,8.307999999998662,,9.93722721712377,13.610815691182161,6.765407647299125,43.047624685424196,43.1,99.28626263176417,5.943788708805423,71017,86.77287483879563,0.6784889506792704,5.544141280207368,21.972116282978032,9.656519750314299,3.3840457912396467,32.71249511385937,,10.959795361751299,5.0457563414449655,0.08068517364431724,0.016505795542782715,True,True,True,False,True,True,True,False,True,lift,False,0.11474407468975474,False,,,0.0,
B-50ml-f0.80-p-2.1-above-y358-x+4.5-y+6.0,B,all,50,0.8,-2.1,above,358,4.5,6.0,25,37.64144115524114,44.7495330458836,37.6638148873315,42.703700374388454,False,42.32,28.7,101981,76089,0,0,0,0,0,0,0,0,0,,8.456999999998844,19.60049999999967,4.640742798309065,7.722402912900087,9.567809158609865,37.399601880572085,37.498422743697716,99.3021536769778,6.334937437874458,76089,80.8018255705199,0.9050509983012762,4.662454158604546,38.31695418841586,9.315642257439638,7.451683000141235,11.547636679399844,-0.06767187762401801,0.21882437172363556,8.022424933456303,1.0120554905984327,0.2922849580641002,True,True,True,False,True,True,True,True,True,lift,False,0.031791983212026746,True,0.26184695145236103,0.19587496360864262,0.301,
B-50ml-f0.25-p+15.9-diagonal-y246-x+4.1-y+0.3,B,all,50,0.25,15.9,diagonal,246,4.1,0.3,25,37.64144115524114,13.984229076838627,11.769942152291096,11.93839640534348,False,36.53,28.7,79729,78040,0,0,0,0,0,0,0,0,0,,9.27949999999985,19.60049999999967,6.116756352079647,10.028448064153503,6.765447280327991,37.438653397950326,37.498422743697716,99.20621253037648,4.312776302261511,78040,78.14326205781722,0.602547861331464,8.205951463939625,6.232918479161221,8.60120204226275,9.558010852223564,41.67889458562184,1.8440199835222726,1.8464789391713359,6.336919451484932,1.6603767188002032,0.48420892018602335,True,True,True,False,True,True,True,False,True,lift,False,0.16633613057399113,True,0.21761275270252803,0.1958945961415618,0.301,
B-100ml-f0.25-p+18.6-diagonal-y197-x-2.5-y-4.9,B,all,100,0.25,18.6,diagonal,197,-2.5,-4.9,28,47.4252440598675,17.11302445521971,23.854068355803715,-5.697852433223887,False,43.77,28.4,39856,32795,10228,0,0,0,0,83,0,0,0,,7.443499999998594,,114.27315247591861,91.47922182058025,6.7654020122453336,58.059387134103055,58.874954642185315,100.87560261188491,4.9284062708406235,32795,84.39871769558991,4.507753913031502,19.25580523865517,70.72220636759188,-41.33671783851411,19.460345088057036,51.510816993237114,,374.7387768114534,77.87131888793245,89.99993419370077,23.711423853590073,True,True,True,False,True,True,False,False,False,lift,False,0.3565275121659493,False,,,0.0,
B-50ml-f0.25-p+14.2-above-y16-x+0.9-y+4.9,B,all,50,0.25,14.2,above,16,0.9,4.9,25,37.64144115524114,13.984229076838627,11.769942152291096,11.93839640534348,False,32.92,28.91,105969,80274,0,0,0,0,0,25,0,0,0,,8.422499999998802,20.134999999998424,6.731306934577721,11.533958429089061,9.56779997290378,37.51946380961697,37.498422743697716,99.14323594868752,5.767087804425156,80274,84.16064854292372,0.6893288192629833,4.0263447593604775,6.573413576017923,8.804954728342015,11.120223288534287,41.203639119214515,0.7864569318018567,0.8495817610519278,24.041754807641585,0.5247254352721504,0.14337592109985356,True,True,True,False,True,True,True,True,False,lift,False,0.09855774161490989,True,0.1595570014527863,0.3342530747527412,0.508,
B-100ml-f0.50-p-0.9-above-y244-x-4.4-y-4.2,B,all,100,0.5,-0.9,above,244,-4.4,-4.2,28,47.4252440598675,34.22604891043942,47.70813671160743,11.415172021995819,False,46.38,28.4,73350,3782,6657,0,0,0,0,22991,0,0,0,,7.020499999998829,,72.14873822634394,59.44504143646902,9.567746418885969,57.7321425913298,58.874954642185315,98.95049999900108,5.8666457752972185,3782,0.4499857966672046,125.53892830443858,8.873374571426233,101.63284720141536,-40.495977859641734,43.74153110430934,21.38021096726641,,6.574754548268621,55.651062886898124,89.99974542417328,23.711270231920643,True,True,True,False,True,False,False,False,False,lift,False,0.25063019499021333,False,,,0.0,
B-100ml-f0.25-p-0.5-diagonal-y121-x-3.7-y-5.8,B,all,100,0.25,-0.5,diagonal,121,-3.7,-5.8,28,47.4252440598675,17.11302445521971,23.854068355803715,-5.697852433223887,False,45.92,28.4,58622,21012,9475,0,0,0,0,22499,0,0,0,,7.176999999998742,,54.89847218695978,48.85864971815404,6.765484172616923,58.51134273541511,58.874954642185315,98.6627277719019,13.149239166140928,21012,109.02493719811444,6.468202941775759,9.009817328194242,95.34861953222848,-63.85064268191554,26.168731058099798,48.53403216670144,,16.053767471387328,37.134077062440355,0.6991167426814263,0.25359807529528083,True,True,True,False,True,False,False,False,False,lift,False,0.3139659322369274,False,,,0.0,
B-50ml-f0.50-p-16.3-above-y13-x-5.7-y+5.5,B,all,50,0.5,-16.3,above,13,-5.7,5.5,25,37.64144115524114,27.968458153677254,23.53988430458219,25.922625482182106,False,44.45,28.4,10912,0,0,0,1451,0,0,49,0,0,5586,1.0974999999999346,,,2.497729966186628,15.674346024756428,64.91813189396431,56.1650447451345,37.498422743697716,2.0741025784412725,-0.1984280633486879,0,0.006423491575950297,201.47192803293183,2.954263233406851,143.83528405122215,-113.44814517613979,3.8336837295275554,29.40461740093753,,0.2000975544977766,5.833154966180588,0.3097507913711701,0.06464192084085256,False,False,False,False,False,False,False,False,True,table,False,,False,,,0.0,
B-50ml-f0.50-p-5.7-diagonal-y169-x+4.8-y+0.8,B,all,50,0.5,-5.7,diagonal,169,4.8,0.8,25,37.64144115524114,27.968458153677254,23.53988430458219,25.922625482182106,False,31.21,28.4,52584,63909,0,0,317,0,0,18420,0,0,0,1.6799999999998705,9.268999999999837,,46.949474078516964,33.74564051960905,6.765406220533436,37.53965420226104,37.498422743697716,99.14669587939676,4.482018755814971,63909,79.69449975460284,2.0434366367821544,7.017990516845605,21.672032954292835,9.814733897937467,10.842281750160286,27.30431718559356,,297.2536087394403,41.015675834045936,1.67599433452309,0.47220792019973296,False,True,True,False,True,True,True,False,False,table,False,0.09238387427510263,False,,,0.0,
B-50ml-f0.80-p-15.0-above-y262-x-5.3-y+2.2,B,all,50,0.8,-15.0,above,262,-5.3,2.2,25,37.64144115524114,44.7495330458836,37.6638148873315,42.703700374388454,False,39.85,28.4,2145,0,0,0,1403,0,0,21117,0,0,6270,1.1349999999999305,,,1.8385408340760439,8.03363841381305,59.77840758390525,54.7714716929962,37.498422743697716,1.1039612257279212,-0.20007618385291248,0,0.0020931093812680806,181.02565767193627,40.48530899687728,150.48980839874042,-103.16130736397609,0.812087225394706,13.514772586826988,,0.19532753766230462,54.56925211157828,17.34155281290343,40.656485332427884,False,False,False,False,False,False,False,False,False,table,False,,False,,,0.0,
B-100ml-f0.80-p+16.7-diagonal-y129-x+4.1-y-3.0,B,all,100,0.8,16.7,diagonal,129,4.1,-3.0,28,47.4252440598675,54.761678256703064,76.3330187385719,31.950801368259466,False,26.95,28.4,45598,61266,0,0,0,0,0,0,0,0,0,,8.343999999998706,,16.487555536928152,22.03106319694131,6.765403007802318,58.87068896550671,58.874954642185315,99.44241546196535,5.887876151913051,61266,81.23577242356268,2.237514400827381,4.810201461224495,46.44473969100981,10.266961953164595,10.066615314628484,17.653433262159403,,444.3221325840937,3.7398977404353735,4.6014429592817105,1.7244419147029284,True,True,True,False,True,True,True,False,True,lift,False,0.08597181758777436,False,,,0.0,
B-100ml-f0.80-p-14.7-side-y140-x-1.0-y+1.8,B,all,100,0.8,-14.7,side,140,-1.0,1.8,28,47.4252440598675,54.761678256703064,76.3330187385719,31.950801368259466,False,35.49,28.4,58340,55215,145,0,2044,0,0,7679,0,0,0,0.0025,9.318499999999897,,15.743587251435615,17.609391979950853,8.227113266925608,59.36900412632562,58.874954642185315,98.58505680955777,4.4369207608163235,55215,99.63431162416057,3.9837479116905303,4.881420362075404,50.245438366529726,6.93891122460033,5.96571357408574,19.22819130953733,,3321.020151128587,10.946099644353241,1.6543897400829595,0.6074844928170642,False,True,True,False,True,True,False,False,False,table,False,0.26366161625556084,False,,,0.0,
B-100ml-f0.50-p+4.8-side-y25-x-5.1-y-2.4,B,all,100,0.5,4.8,side,25,-5.1,-2.4,28,47.4252440598675,34.22604891043942,47.70813671160743,11.415172021995819,False,52.3,28.4,58843,6060,7908,0,0,0,0,22643,0,0,0,,7.121499999998773,,60.82296776170272,60.34322898319144,8.6712185179477,57.85472104093216,58.874954642185315,100.95119467571391,-0.33692901071005754,6060,0.27622201200991847,110.57140530427375,10.639933894019554,113.46880601584805,-64.79331877524852,24.96156726445624,31.979346270903832,,22.32793235089476,40.14882947638147,3.2467621252662653,1.213899088046416,True,True,True,False,True,False,False,False,False,lift,False,0.16285367408394114,False,,,0.0,
B-100ml-f0.80-p+2.7-side-y11-x+4.5-y+0.8,B,all,100,0.8,2.7,side,11,4.5,0.8,28,47.4252440598675,54.761678256703064,76.3330187385719,31.950801368259466,False,36.36,28.4,40921,61317,0,0,0,0,0,0,0,0,0,,9.349499999999935,,27.48750534150065,30.15084557401808,9.391939077041458,58.786922860433386,58.874954642185315,99.24332171233559,3.159839849607979,61317,84.02560149586654,3.553109852546049,5.390565847806113,47.880834270841355,9.83710173117175,0.611121577259434,21.251612013781617,,13.630830402152151,6.252608244288789,2.9963918817823023,1.1201733199841615,True,True,True,False,True,True,True,False,True,lift,False,0.037092750696033586,False,,,0.0,
B-60ml-f0.50-p+3.3-above-y182-x-2.6-y+3.1,B,all,60,0.5,3.3,above,182,-2.6,3.1,25,40.0,29.473137609610237,28.356481481481474,21.973137609610234,False,106.05,28.4,45121,1107,0,0,0,0,0,123194,0,0,0,,,,18.605537623535234,19.457933784358993,9.56931876125225,43.18600626917133,43.1,86.19825926657205,-0.20068955178544068,1107,0.0065304756159805695,118.813641941284,37.154059963424366,37.486808736013884,0.37783093517312905,18.219446539045144,27.851993038252164,,0.20491586758865504,40.67025152647398,0.7196366886812586,0.19880495269404688,True,True,True,False,False,False,False,False,False,lift,False,,False,,,0.0,
B-60ml-f0.25-p-17.6-side-y14-x-4.8-y+5.9,B,all,60,0.25,-17.6,side,14,-4.8,5.9,25,40.0,14.736568804805119,14.178240740740737,7.236568804805119,False,59.92,28.4,48340,0,7456,0,3934,4,0,0,0,0,0,0.0025,,,20.376004791328675,16.260032532665416,91.54862742147156,60.67348967285218,43.1,83.40932215001665,-0.20091120955680053,0,0.009295926821819045,154.8789457794187,16.527028584043084,65.95623317398936,-41.44026797182515,17.60448483569101,42.80194408378506,,0.2002039868469151,21.884957359422497,1.1985408455689928,0.3687277041291672,False,True,False,False,False,False,False,False,False,table,False,,False,,,0.0,
B-60ml-f0.80-p+4.2-above-y318-x-0.1-y-2.3,B,all,60,0.8,4.2,above,318,-0.1,-2.3,25,40.0,47.15702017537638,45.37037037037036,39.65702017537638,False,38.73,29.06,95227,82100,0,0,0,0,0,0,0,0,0,,8.6664999999991,19.60049999999967,3.1358532797561782,4.263112211274312,9.567806672330494,42.92598596169112,43.1,99.36880372948893,5.264560499260703,82100,85.71992677371696,0.22228617142143686,0.4815838527652552,39.61296559938115,10.009233641049692,2.7716167397391556,15.221570932631566,0.22776809961302671,0.3790840603885277,3.39869524615653,0.17871987035094564,0.04669911258902546,True,True,True,False,True,True,True,True,True,lift,False,0.07844608631634847,True,0.12794651184991407,0.4326357551762471,0.656,
B-100ml-f0.80-p-19.5-diagonal-y28-x+2.9-y+0.5,B,all,100,0.8,-19.5,diagonal,28,2.9,0.5,28,47.4252440598675,54.761678256703064,76.3330187385719,31.950801368259466,False,54.92,28.4,45158,1508,4857,0,2180,0,0,1336,0,0,0,1.2049999999999228,,,59.29093764682976,52.225507680057866,11.612279801828219,68.3971931945556,58.874954642185315,89.92615681884021,-0.06099028817926899,1508,0.003184481439163035,145.53275118381382,15.753444724855212,94.17874603669199,-26.92754232142938,42.40112336674196,1.7901052493115126,,0.45315643963105967,95.4167452550319,89.99995569529509,24.07483967381898,False,True,False,False,False,False,False,False,False,table,False,,False,,,0.0,
B-50ml-f0.80-p-12.3-side-y58-x-3.3-y-0.6,B,all,50,0.8,-12.3,side,58,-3.3,-0.6,25,37.64144115524114,44.7495330458836,37.6638148873315,42.703700374388454,False,52.41,28.7,68278,2035,4021,0,3730,0,0,212,0,0,0,0.0025,21.641999999994912,21.64249999999491,24.929147903916935,28.04199698739822,53.398748884602746,50.06054077853389,37.498422743697716,86.83756703831729,-0.200135187231415,2035,0.003935557473835612,147.4586391425257,14.293932103635093,62.77589043928646,-15.309677425407454,1.440241097646894,13.32977061341054,1.9510359626763312,1.9955778737626821,24.45393111461554,90.00052963760601,18.964113680520814,False,True,False,False,False,False,False,False,False,table,False,0.46938265740934315,True,0.21070429933777662,0.19575320470057786,0.301,
B-60ml-f0.25-p+12.4-side-y68-x+6.0-y+1.6,B,all,60,0.25,12.4,side,68,6.0,1.6,25,40.0,14.736568804805119,14.178240740740737,7.236568804805119,False,41.49,28.72,62551,73887,0,0,0,0,0,0,0,0,0,,8.312999999998668,19.704999999999426,3.5113255075125243,5.133006327961604,8.871100703924752,43.02628015918461,43.1,99.22049586760116,5.736532919000837,73887,76.64610448651068,1.3943589146978508,11.92803421067848,7.8664073578711635,8.542603963088466,3.8755328729323826,47.294036376959106,3.6320198265388854,3.6438992056717723,3.7092632372892202,0.4718965814059722,0.14049280571892778,True,True,True,False,True,True,False,False,True,lift,False,0.31097387677306354,True,0.37644217102294086,0.20901073339222728,0.321,
B-60ml-f0.25-p+8.2-side-y286-x-2.0-y+3.8,B,all,60,0.25,8.2,side,286,-2.0,3.8,25,40.0,14.736568804805119,14.178240740740737,7.236568804805119,False,86.26,28.4,7513,167,0,0,0,0,0,3931,0,0,5853,,,,150.4675283384079,86.84053385714893,9.197088882817305,42.34291258204578,43.1,101.83181334243024,-0.7029193151785185,167,0.9200901921112365,299.6515467850774,154.9300185060249,-70.50517583498441,-107.5551669921602,90.00223431820454,461631.84055693605,,1.3897468085182876,135.51671088875824,90.00223507753884,19.999343698553236,True,False,True,False,False,False,False,False,False,rig_clear,False,,False,,,0.0,
B-100ml-f0.50-p-15.3-side-y240-x-5.8-y+2.2,B,all,100,0.5,-15.3,side,240,-5.8,2.2,28,47.4252440598675,34.22604891043942,47.70813671160743,11.415172021995819,False,65.85,28.4,56604,9789,7420,0,2655,0,0,8432,0,0,0,0.0025,7.2734999999986885,,30.43989361819777,22.766120296554742,10.45607818753623,60.17281850115737,58.874954642185315,92.39627412020803,9.66627038090355,9789,0.6406412499882702,114.651525506959,11.863726173202846,83.5081464209496,-42.12817773227287,13.92914188280161,36.66903411833375,,9.366757468452093,16.000185685757877,1.5879455982537856,0.5836629778831661,False,True,True,False,True,False,False,False,False,table,False,0.2336550635005797,False,,,0.0,
B-50ml-f0.25-p+10.5-side-y127-x-2.5-y-1.7,B,all,50,0.25,10.5,side,127,-2.5,-1.7,25,37.64144115524114,13.984229076838627,11.769942152291096,11.93839640534348,False,60.13,31.4,7579,548,0,0,0,0,0,41231,0,0,5731,,27.695499999980804,27.695999999980803,99.32440805555821,13.03938397806456,42.9947606402488,40.92888603623075,37.498422743697716,98.76473916341394,-0.20004724270798746,548,0.0066008166212523384,206.22730611810294,49.79998515664567,120.81082178184265,-108.37278979975653,6.135870947253025,42.70583190474693,5.328875357863672,5.428187277847392,55.66680881256044,90.21655530206293,18.521602525930714,True,False,True,False,False,False,False,False,False,rig_clear,False,0.002167190869994753,False,,,3.0,
B-50ml-f0.80-p-14.8-above-y145-x+2.1-y-2.2,B,all,50,0.8,-14.8,above,145,2.1,-2.2,25,37.64144115524114,44.7495330458836,37.6638148873315,42.703700374388454,False,44.31,28.4,61892,0,6940,0,2525,0,0,5,0,0,0,1.13999999999993,,,85.5152778734094,92.33281322282241,19.055492188679136,55.802911392803516,37.498422743697716,80.70372576644421,-0.20005852699787885,0,0.0007455698982227799,143.55311944061071,7.039030022400278,73.2144957292001,-22.852349736851824,17.24354720071522,8.518330464473411,,0.004530155103697687,20.870684287534708,90.00021301629226,18.819684709065886,False,True,False,False,False,False,False,False,False,table,False,,False,,,0.0,
B-50ml-f0.25-p+8.7-above-y353-x+2.1-y+1.3,B,all,50,0.25,8.7,above,353,2.1,1.3,25,37.64144115524114,13.984229076838627,11.769942152291096,11.93839640534348,False,41.96,28.87,95909,81126,0,0,0,0,0,0,0,0,0,,8.603999999999024,19.60049999999967,3.0073015742345497,5.604751021759793,9.567803110708164,37.46904343959884,37.498422743697716,99.26535024615086,5.286781647771896,81126,80.80217848831458,0.31718366137252524,5.2927321937823555,6.392155984935432,9.59730181498676,3.5553964103148963,43.47111609306357,-0.1956437940622438,0.3576736664126442,3.368699655176643,0.6021649744872103,0.16241525162150827,True,True,True,False,True,True,True,True,True,lift,False,0.08846554425902733,True,0.18990360292817174,0.30919144384055774,0.471,
B-50ml-f0.50-p+3.5-above-y50-x-2.7-y-1.9,B,all,50,0.5,3.5,above,50,-2.7,-1.9,25,37.64144115524114,27.968458153677254,23.53988430458219,25.922625482182106,False,18.22,28.4,3272,643,0,0,0,0,0,7671,0,0,5664,,,,101.06187058825046,88.08713313249147,9.567714302786753,38.72603652265123,37.498422743697716,100.4842737796673,0.21687260936642527,643,0.004101377664601265,269.62239240693157,132.47810660249743,-18.756645553840187,-126.1920234703939,90.00015275081722,6327060.559398447,,0.00950254053806193,51.55388302300229,90.00030219353125,18.946676999336795,True,False,True,False,False,False,False,False,False,rig_clear,False,,False,,,0.0,
B-50ml-f0.50-p+14.0-above-y15-x+2.2-y+0.7,B,all,50,0.5,14.0,above,15,2.2,0.7,25,37.64144115524114,27.968458153677254,23.53988430458219,25.922625482182106,False,31.49,28.4,53343,66514,4948,0,0,0,0,0,0,0,0,,8.907999999999396,,25.03986348795319,11.30031059990145,9.567737561688647,37.41639188303348,37.498422743697716,99.27221978038435,4.944584365686441,66514,72.59326417423485,0.12275137129518754,5.5600810923838555,24.756948601810908,4.908230959196444,6.415587249974112,28.638258191931406,,337.5577271860774,19.587477158637682,0.8884275392637766,0.255543804444646,True,True,True,False,True,True,False,False,False,lift,False,0.10232983825246474,False,,,0.0,
B-60ml-f0.80-p+16.4-above-y305-x+5.5-y+1.3,B,all,60,0.8,16.4,above,305,5.5,1.3,25,40.0,47.15702017537638,45.37037037037036,39.65702017537638,False,32.29,28.4,56061,76382,6567,0,0,0,0,0,0,0,0,,9.332999999999915,,28.032971203521583,11.579177681589021,9.567736175824654,43.02600792191475,43.1,99.2495974312051,3.006621331166845,76382,55.28876557927753,1.5753726453909105,9.899314191268992,95.56826776297184,-46.63950304909094,5.41486495063827,14.386767057267969,,99.55690744256873,4.324250615842552,1.2605816820395112e-05,-0.0015094750760823855,True,True,True,False,True,True,False,False,True,lift,False,0.13596603235897084,False,,,0.0,
B-50ml-f0.50-p-14.7-diagonal-y294-x+1.7-y-4.6,B,all,50,0.5,-14.7,diagonal,294,1.7,-4.6,25,37.64144115524114,27.968458153677254,23.53988430458219,25.922625482182106,False,48.31,28.4,45492,0,6718,0,2524,0,0,0,0,0,0,1.0349999999999415,,,19.68396085455425,21.13025852982948,18.84335520271506,53.82400319987829,37.498422743697716,84.05864636301122,-0.20105504814048325,0,0.0037570943592694626,158.74323194701117,21.873361222669356,60.70739150086625,-19.003844406212387,23.793133485539364,23.09773008213815,,0.20012549296079665,13.218215558706637,0.12441240626473837,0.027562169031362774,False,True,False,False,False,False,False,False,False,table,False,,False,,,0.0,
B-100ml-f0.80-p-18.1-side-y23-x+2.4-y-0.6,B,all,100,0.8,-18.1,side,23,2.4,-0.6,28,47.4252440598675,54.761678256703064,76.3330187385719,31.950801368259466,False,67.83,28.4,52019,1329,0,0,3239,0,0,115,0,0,0,0.0025,,,41.33305258544189,35.31661081680344,16.83343675300527,65.84299874713989,58.874954642185315,92.42561339893203,-0.20064159041774388,1329,0.005633441867925051,153.15263941219638,11.875964641270174,64.3824784267063,-2.8359961930141675,30.800840738088933,8.626402781574779,,0.5392999567858573,73.49710366124984,89.99995572498528,24.09486280633562,False,True,False,False,False,False,False,False,False,table,False,,False,,,0.0,
B-60ml-f0.25-p-0.8-diagonal-y179-x-5.5-y-2.0,B,all,60,0.25,-0.8,diagonal,179,-5.5,-2.0,25,40.0,14.736568804805119,14.178240740740737,7.236568804805119,False,18.43,28.4,8321,811,0,0,0,0,0,7109,0,0,5837,,,,100.04251435489401,77.9288247540749,6.764650576851709,43.1083909553743,43.1,97.18569640753591,0.26725814031437756,811,0.004093612578567489,254.69970475210962,108.36659182890935,-50.162106167074796,-107.50960210129625,90.00016594707625,6214825.263633414,,0.26539191798983935,49.43193354540979,90.00016664975517,19.99889948498883,True,False,True,False,False,False,False,False,False,rig_clear,False,,False,,,0.0,
B-100ml-f0.50-p-5.6-diagonal-y47-x-4.6-y+2.8,B,all,100,0.5,-5.6,diagonal,47,-4.6,2.8,28,47.4252440598675,34.22604891043942,47.70813671160743,11.415172021995819,False,36.41,28.4,10481,1588,0,0,0,0,0,225,0,0,5896,,6.985999999998848,,106.49782818127895,95.1653095310491,6.765413878489245,57.97588979404616,58.874954642185315,97.26148439333274,4.702418670799069,1588,0.3846495124670508,337.62785710712643,128.4150100470747,-60.81679723367253,-124.99473280343769,90.00002083538398,59299784.38206557,,4.631331157180853,69.35111653486582,89.99982923096852,23.711308381655407,True,False,True,False,True,False,False,False,False,rig_clear,False,0.31532813729264453,False,,,0.0,
B-50ml-f0.25-p+12.3-above-y270-x-5.3-y-5.9,B,all,50,0.25,12.3,above,270,-5.3,-5.9,25,37.64144115524114,13.984229076838627,11.769942152291096,11.93839640534348,False,28.2,28.4,8438,659,0,0,0,0,0,5334,0,0,5768,,,,106.22880460242449,88.70189269525802,9.56773842216381,36.67611383736701,37.498422743697716,103.05309544802215,0.28553884102253124,659,0.004105636456787424,275.3241697217592,114.83239215161542,-62.47390427143869,-107.70655225320682,90.0002944548075,3282242.6092907484,,0.009666138955698674,74.87257307771517,90.00029433758787,18.81972825746996,True,False,True,False,False,False,False,False,False,rig_clear,False,,False,,,0.0,
B-50ml-f0.50-p+14.2-side-y226-x-5.7-y+5.0,B,all,50,0.5,14.2,side,226,-5.7,5.0,25,37.64144115524114,27.968458153677254,23.53988430458219,25.922625482182106,False,69.21,28.4,8124,3115,0,0,0,0,0,14718,0,0,5578,,,,691.7516216108417,98.0809463627777,6.882447317963177,42.48016165364641,37.498422743697716,101.8229857976621,2.029831533548285,3115,0.8234028497706758,312.45901666702144,257.64496572278887,-58.32843660376974,-125.60497175392432,89.9991406639008,-1124627.218457022,,2.204269038581483,798.7347049151809,90.006818114099,19.09582631243366,True,False,True,False,False,False,False,False,False,rig_clear,False,,False,,,0.0,
B-100ml-f0.80-p-11.9-above-y284-x-4.1-y-4.1,B,all,100,0.8,-11.9,above,284,-4.1,-4.1,28,47.4252440598675,54.761678256703064,76.3330187385719,31.950801368259466,False,98.2,28.4,63271,3972,4993,0,0,0,0,19072,0,0,0,,,,54.23842066773117,48.427535366589325,9.566454837523219,58.70140208806876,58.874954642185315,93.30726426024853,-0.9757343145899711,3972,1.306746804746861,128.37578912896862,11.35844923601911,113.89595292706578,-54.46123792489787,26.142609809454783,10.897580550234034,,1.6118655931686114,40.76726959951923,90.00014364348723,23.711309331270684,True,True,True,False,False,False,False,False,False,lift,False,,False,,,0.0,
B-100ml-f0.25-p+16.8-diagonal-y203-x+3.7-y+5.9,B,all,100,0.25,16.8,diagonal,203,3.7,5.9,28,47.4252440598675,17.11302445521971,23.854068355803715,-5.697852433223887,False,32.35,28.4,44063,61246,0,0,0,0,0,0,0,0,0,,9.371499999999962,,24.653513409170145,26.598186505002612,6.765402958869126,59.20776164304003,58.874954642185315,99.17009388742463,2.2804285332538172,61246,78.24664565278839,2.395534747403069,9.253777760168678,22.6184062108684,-4.2408000955792415,10.885906378949311,54.98318556547543,,1488.0794703891097,12.58496108639549,2.3421447055815254,0.8762192616940472,True,True,True,False,True,True,False,False,False,lift,False,0.11309150966239616,False,,,0.0,
B-60ml-f0.80-p+0.8-side-y331-x+3.5-y+2.6,B,all,60,0.8,0.8,side,331,3.5,2.6,25,40.0,47.15702017537638,45.37037037037036,39.65702017537638,False,36.56,28.74,71302,77284,0,0,0,0,0,0,0,0,0,,8.63349999999906,19.60049999999967,2.4088142187606034,3.761950584507266,8.368175312406585,43.12603918876655,43.1,99.17185312014662,5.4834266435731385,77284,82.35427607730618,0.9118696391544663,3.5329066432906684,40.178877969020185,9.663176044282629,3.249760438191845,15.070941255543177,1.2472115022291606,1.281010818971335,3.413259533668629,0.1669055897647687,0.043017195163742986,True,True,True,True,True,True,True,False,True,recap,False,0.04700528527479538,True,0.21311502917120245,0.224164409538813,0.344,
B-100ml-f0.50-p+7.2-side-y300-x+6.0-y+1.6,B,all,100,0.5,7.2,side,300,6.0,1.6,28,47.4252440598675,34.22604891043942,47.70813671160743,11.415172021995819,False,25.27,28.4,43034,59810,338,0,0,0,0,0,0,0,0,,9.379499999999972,,9.594667043409954,10.424077077692399,8.285894329698035,58.63427801664473,58.874954642185315,99.50390442874233,1.9732455367140882,59810,83.79300097242843,2.810840873582299,9.478696818479504,26.727988038379756,10.074869685224751,2.294571224119393,41.15319683515133,,11.886394262317998,3.4811369691464766,1.3017190228584852,0.48403602279919333,True,True,True,False,True,True,False,False,True,lift,False,0.14380938486754496,False,,,0.0,
B-60ml-f0.80-p-16.3-diagonal-y13-x-2.8-y-4.2,B,all,60,0.8,-16.3,diagonal,13,-2.8,-4.2,25,40.0,47.15702017537638,45.37037037037036,39.65702017537638,False,52.84,28.4,39287,0,4399,0,2463,0,0,0,0,0,0,1.0599999999999388,,,9.2310747018234,9.154850150661678,17.498981072147284,58.02801915103753,43.1,84.8761838226781,-0.2004697735718819,0,0.00761003845185714,154.3928518276628,15.754207044362564,67.36704887282862,-14.836586687137027,10.400537930466415,12.789186933309507,,0.20008182811290806,17.94921221316973,0.2470570680291692,0.06807832535664396,False,True,False,False,False,False,False,False,False,table,False,,False,,,0.0,
B-60ml-f0.25-p-5.7-above-y296-x+4.2-y-5.7,B,all,60,0.25,-5.7,above,296,4.2,-5.7,25,40.0,14.736568804805119,14.178240740740737,7.236568804805119,False,38.55,28.7,105573,49846,0,0,0,0,0,0,0,0,0,,9.378999999999971,19.60049999999967,7.325941686097458,10.50916353663407,9.567810170264451,43.082333295167686,43.1,99.2325399326579,1.6942737322807462,49846,78.01435017177135,5.214815516735026,6.736434520515256,9.402280176048148,8.868094377187747,9.816760241026586,45.39886857025427,0.4952735255456302,0.5959770426829186,9.72245061372966,0.9057189712845521,0.27958963311979174,True,True,True,False,True,False,True,True,True,lift,False,-0.06520425284087224,True,0.43005032820197225,0.1956555460721681,0.301,
B-60ml-f0.80-p-8.2-diagonal-y291-x-5.2-y-5.0,B,all,60,0.8,-8.2,diagonal,291,-5.2,-5.0,25,40.0,47.15702017537638,45.37037037037036,39.65702017537638,False,19.32,28.4,9102,1094,0,0,675,0,0,5863,0,0,6279,1.5449999999998854,,,100.89663319086871,74.18673093816206,6.7566744787341815,43.76848776524206,43.1,94.77388695171732,0.3765716741280234,1094,0.004073850609433179,251.86149349799734,136.84427609403753,-49.24683261791826,-136.1836559344338,90.0001042010029,9897464.318204805,,0.8650471449271114,46.573741941105375,90.00010598666324,19.998863482240917,False,False,True,False,False,False,False,False,False,table,False,,False,,,0.0,
B-60ml-f0.50-p-15.7-diagonal-y327-x-0.3-y+4.1,B,all,60,0.5,-15.7,diagonal,327,-0.3,4.1,25,40.0,29.473137609610237,28.356481481481474,21.973137609610234,False,48.71,28.4,53297,305,6592,0,2422,0,0,0,0,0,0,1.084999999999936,,,14.238698745987987,13.855066906869016,16.687735940679925,57.237146234956015,43.1,86.07773574689473,-0.20051169054137452,305,0.008616449404638054,154.02854580903838,16.5190489653305,67.08645709171704,-29.325540330008184,15.766411150791198,28.694771108167437,,0.20005175902528402,27.302192083425155,0.5195525621126887,0.15654527638944427,False,True,False,False,False,False,False,False,False,table,False,,False,,,0.0,
B-50ml-f0.25-p+4.3-above-y315-x-2.6-y+5.7,B,all,50,0.25,4.3,above,315,-2.6,5.7,25,37.64144115524114,13.984229076838627,11.769942152291096,11.93839640534348,False,83.56,28.4,20166,0,0,0,0,0,0,19610,0,0,0,,,,3.947254639984442,4.868729832713095,9.56774407785603,37.279383729528284,37.498422743697716,81.22069486511857,-0.20019767181704562,0,0.0009238059796047892,123.80104464911264,29.349709936359314,22.264081211011376,-8.1155677041303,4.365725929917726,43.23140728333604,,0.20012493934421774,30.21774091121534,0.05247810006391963,0.006903189224625255,True,True,True,False,False,False,False,False,False,lift,False,,False,,,0.0,
B-50ml-f0.50-p-16.7-above-y356-x-2.9-y+3.3,B,all,50,0.5,-16.7,above,356,-2.9,3.3,25,37.64144115524114,27.968458153677254,23.53988430458219,25.922625482182106,False,42.44,28.4,12703,0,0,0,1471,0,0,48,0,0,5605,1.084999999999936,,,1.5266512807138777,4.907323289911947,63.17600382302574,59.52274782003058,37.498422743697716,0.7750741906936243,-0.20008416549667507,0,0.0027690880128851975,194.5269199717759,8.09037944100137,144.74585473649591,-114.35396808543898,0.47881964195533366,30.393974267728453,,0.1983291763059013,13.482777847559571,3.5492021090138373,34.54338445990348,False,False,False,False,False,False,False,False,False,table,False,,False,,,0.0,
B-50ml-f0.25-p+19.5-side-y53-x-1.1-y+2.2,B,all,50,0.25,19.5,side,53,-1.1,2.2,25,37.64144115524114,13.984229076838627,11.769942152291096,11.93839640534348,False,40.69,31.4,114165,93548,0,0,0,0,0,977,0,0,0,,9.284999999999856,19.60049999999967,9.626869988855162,18.12167228186571,7.641123290585992,37.34498167594324,37.498422743697716,99.44264072395787,4.273975845863892,93548,84.12755140400809,0.920993347101545,2.219507695150755,6.219219554318844,8.98612012524648,17.470980071294886,39.21013671741318,0.8226888539458279,0.8759290867761091,29.310029833070406,1.1099057401270736e-05,-0.0015558452242935487,True,True,True,False,True,True,True,True,False,lift,False,0.07381996024221502,False,,,3.0,
B-50ml-f0.25-p-11.0-above-y108-x+3.1-y-0.6,B,all,50,0.25,-11.0,above,108,3.1,-0.6,25,37.64144115524114,13.984229076838627,11.769942152291096,11.93839640534348,False,27.44,28.4,21897,1087,0,0,2222,0,0,15,0,0,5763,1.267499999999916,,,99.97560232619404,92.10296203372786,11.137714372432894,48.313873397065045,37.498422743697716,88.38629927158645,1.156944702541851,1087,0.004069286844046278,285.2731690658016,119.3406255675176,38.02029891032241,-107.63659672951873,90.00029636479437,3261089.7755121416,,0.4415832482177706,63.39899791907949,90.00029612596927,18.819677149980897,False,False,False,False,False,False,False,False,False,table,False,,False,,,0.0,
B-60ml-f0.50-p+10.9-side-y292-x-5.3-y+1.7,B,all,60,0.5,10.9,side,292,-5.3,1.7,25,40.0,29.473137609610237,28.356481481481474,21.973137609610234,False,16.1,28.4,7087,104,0,0,0,0,0,4074,0,0,5694,,,,151.366314448101,88.10165857567952,8.871042447702669,42.38910204242159,43.1,102.67026992227363,0.17684660764495652,104,0.004089593300981412,299.50919845468064,171.01686819597225,-86.76728027368377,-125.43325976546777,90.00004014189986,25691992.421883933,,0.004534565912483871,141.09450348114837,90.00004009419531,19.998848836199855,True,False,True,False,False,False,False,False,False,rig_clear,False,,False,,,0.0,
B-50ml-f0.80-p+4.4-above-y3-x+2.5-y+3.0,B,all,50,0.8,4.4,above,3,2.5,3.0,25,37.64144115524114,44.7495330458836,37.6638148873315,42.703700374388454,False,42.68,28.4,87196,70235,0,0,0,0,0,22,0,0,0,,8.126999999998441,,40.59926698188505,27.314178900800133,9.567744051957108,37.54159615322938,37.498422743697716,99.12389205335808,6.894805448316846,70235,84.25988219357751,1.5554785462229836,3.1686067950198327,37.36494333371937,9.696017206917706,0.7300680742797415,13.538923423242418,,9.090491809932871,30.40491801224041,0.4414513531497612,0.10839289211397819,True,True,True,False,True,True,True,False,False,lift,False,0.07712552339373009,False,,,0.0,
B-50ml-f0.80-p-2.9-above-y104-x+4.8-y-1.0,B,all,50,0.8,-2.9,above,104,4.8,-1.0,25,37.64144115524114,44.7495330458836,37.6638148873315,42.703700374388454,False,25.35,28.86,49697,80111,0,0,0,0,0,0,0,0,0,,8.841499999999314,20.940499999996547,7.143446757402958,11.094854990141373,9.567809382540336,37.50685991430119,37.498422743697716,99.17184193278989,5.124728747341087,80111,76.28982971199166,0.8884345983697272,5.062476009411277,38.023106903526774,9.822108207562685,10.032623468411145,10.769698891383054,5.829469038080422,5.831453194517705,6.811408933909941,2.433052607202439,0.7093842259804237,True,True,True,False,True,True,True,False,True,lift,False,0.14251735188362677,True,0.37359985719378797,0.3023381687350694,0.461,
B-50ml-f0.25-p+4.9-above-y71-x-1.5-y+0.6,B,all,50,0.25,4.9,above,71,-1.5,0.6,25,37.64144115524114,13.984229076838627,11.769942152291096,11.93839640534348,False,50.11,28.4,28295,1109,0,0,0,0,0,66930,0,0,0,,,,22.331352903617795,23.003954639530853,9.567743602125374,37.44164633329812,37.498422743697716,87.56275551817768,-0.19652869318657895,1109,0.006766816831121404,121.77827149584252,35.30298514984315,25.150606417989703,-3.421693831700212,9.016001179270482,41.84273051603342,,0.5169974943173314,36.566971896895595,90.00029644007118,18.81972941715131,True,True,True,False,False,False,False,False,False,lift,False,,False,,,0.0,
B-100ml-f0.25-p+3.0-diagonal-y286-x+0.2-y+1.2,B,all,100,0.25,3.0,diagonal,286,0.2,1.2,28,47.4252440598675,17.11302445521971,23.854068355803715,-5.697852433223887,False,29.83,29.2,97950,81519,0,0,0,0,0,0,0,0,0,,9.331499999999913,19.60049999999967,5.452111490920972,5.656992153164422,6.765453471120515,58.66155315118672,58.874954642185315,99.51397958482109,3.93993649590349,81519,83.38850693081855,2.866911044514392,0.47988297936762647,23.24665803865985,-3.1846447171322705,2.1488530567490103,58.32114706009595,0.11040630231534213,0.30398568520070357,3.4729071571813286,0.42396710995220177,0.1512216367594194,True,True,True,False,True,True,False,True,True,lift,False,0.04786819735902688,True,0.15816987881962338,0.529287288992117,0.801,
B-50ml-f0.50-p-12.8-diagonal-y262-x-2.4-y+4.0,B,all,50,0.5,-12.8,diagonal,262,-2.4,4.0,25,37.64144115524114,27.968458153677254,23.53988430458219,25.922625482182106,False,68.2,28.4,77920,461,7341,0,2363,0,0,0,0,0,0,1.1099999999999333,,,20.831171287206008,23.768848722142213,15.278192950987085,50.3374098922842,37.498422743697716,87.33508581569669,-0.20007341237092413,461,0.0038340401690564567,154.17887346462135,15.80623604857672,61.81913168113302,-28.70668275586294,8.814467164602231,27.91929318308857,,0.2001261669882891,21.347186208336144,0.24803699254262496,0.06399740098229639,False,True,False,False,False,False,False,False,False,table,False,,False,,,0.0,
B-60ml-f0.50-p-18.6-above-y315-x+1.2-y-4.1,B,all,60,0.5,-18.6,above,315,1.2,-4.1,25,40.0,29.473137609610237,28.356481481481474,21.973137609610234,False,49.2,28.4,10754,0,0,0,1459,0,0,91,0,0,5741,1.0974999999999346,,,1.5762438643435521,5.71331927832574,66.36533119207844,64.62112272053449,43.1,0.8893279937618077,-0.20003659092773796,0,0.0034992254157313663,185.9514872403811,19.56357565807807,145.51136877801898,-113.16016190518924,1.1314336203116508,33.42136582517797,,0.20005148728892774,36.43093924470131,17.631534232185114,5.447190364664126,False,False,False,False,False,False,False,False,False,table,False,,False,,,0.0,
B-50ml-f0.25-p+14.7-side-y349-x+0.1-y+4.8,B,all,50,0.25,14.7,side,349,0.1,4.8,25,37.64144115524114,13.984229076838627,11.769942152291096,11.93839640534348,False,33.65,28.7,116644,79032,0,0,0,0,0,75,0,0,0,,9.289999999999862,19.60049999999967,8.438978004629279,13.237226508688334,9.392003823130858,37.5361800906773,37.498422743697716,99.13271015855348,4.163972359137929,79032,83.84846461106055,1.3370591450730485,2.2283267204124324,6.554144337078648,9.054144389603142,12.698467352969447,40.71830179056728,0.3427041177032613,0.46169554567683,25.464157108781222,1.022196732262795,0.2957747788288795,True,True,True,False,True,True,True,True,False,lift,False,0.05315847549925237,True,0.1475407051949092,0.19425324512315725,0.299,
B-60ml-f0.50-p+4.3-above-y306-x+3.6-y+1.9,B,all,60,0.5,4.3,above,306,3.6,1.9,25,40.0,29.473137609610237,28.356481481481474,21.973137609610234,False,28.23,28.4,46819,64142,0,0,0,0,0,0,0,0,0,,8.350499999998714,,8.631908225844278,10.024714006928122,9.56774410147216,43.091608844312155,43.1,99.15949307646967,5.912301822775634,64142,78.48338245290178,0.4438695543522001,6.122750457666859,22.54491008953571,9.650555809418801,2.1427696707376414,33.10337742801207,,4356.160797142833,8.614194610583194,3.717252113428644,1.1626338709215993,True,True,True,False,True,True,True,False,True,lift,False,0.0942253955463639,False,,,0.0,
B-60ml-f0.80-p+8.7-diagonal-y252-x+3.7-y-1.8,B,all,60,0.8,8.7,diagonal,252,3.7,-1.8,25,40.0,47.15702017537638,45.37037037037036,39.65702017537638,False,34.29,28.98,73178,79814,0,0,0,0,0,0,0,0,0,,8.855499999999331,19.60049999999967,2.1193809450433383,3.391407987454234,6.765450604666288,43.06056457700233,43.1,99.22089962320034,5.079278527911471,79814,79.61489534249066,0.16109720375961326,4.63446252728319,39.50428371406848,9.905687515841644,2.9010695893553833,15.180802277020161,1.9149842391728016,1.9273696612939735,2.5341277023054234,0.22626823847783104,0.06238127617908421,True,True,True,True,True,True,True,False,True,recap,False,0.13907264513198944,True,0.30354217588513077,0.3790682644550996,0.576,
B-100ml-f0.50-p+10.1-above-y43-x-1.2-y-3.5,B,all,100,0.5,10.1,above,43,-1.2,-3.5,28,47.4252440598675,34.22604891043942,47.70813671160743,11.415172021995819,False,73.94,29.51,62169,10715,9422,0,0,0,0,55320,0,0,0,,7.506999999998559,19.60049999999967,59.22060973049951,45.14394166167775,13.381217097715611,58.357002128125615,58.874954642185315,101.01820439885024,6.4378090095182365,10715,0.4038314403404681,111.56904032364729,19.29704277251742,71.53703257698615,-30.201348224445784,10.6322935568629,37.96905876199196,-2.2239496097606954,3.745742379507634,57.10371298631655,6.825401246361543,2.5458932314060054,True,True,True,False,True,False,False,False,False,lift,False,0.1764705424479335,True,0.19003839016593432,0.7338015071622032,1.108,
B-50ml-f0.80-p-1.3-side-y17-x-0.3-y-4.2,B,all,50,0.8,-1.3,side,17,-0.3,-4.2,25,37.64144115524114,44.7495330458836,37.6638148873315,42.703700374388454,False,35.47,28.4,35021,30791,0,0,0,0,0,2413,0,0,6279,,9.437500000000043,,103.70804486394651,90.79556049586954,13.127137554301376,37.47477605980435,37.498422743697716,99.20302543970487,1.3278551808360017,30791,237.73248436869443,8.35083398959026,132.12824776222797,7.5061664525810885,-132.12051527627085,90.00010406179466,9287370.463691534,,131.32617678257233,43.24056785695601,90.00020634495627,19.048563067707278,True,False,True,False,True,False,False,False,False,rig_clear,False,1.4294244892292312,False,,,0.0,
B-100ml-f0.25-p+18.3-above-y175-x+4.8-y+5.3,B,all,100,0.25,18.3,above,175,4.8,5.3,28,47.4252440598675,17.11302445521971,23.854068355803715,-5.697852433223887,False,28.56,28.76,52744,76875,0,0,0,0,0,0,0,0,0,,9.342999999999927,20.911499999996614,16.05476098067416,16.68473350372132,9.56779774583731,60.25364173279854,58.874954642185315,98.17867963603099,3.326185085949618,76875,77.48139471736397,1.6917715474478547,10.048112408939527,23.634880493008755,-5.511069731496676,11.635376053605153,54.68992459385756,3.4824995011273443,3.4925028533570477,11.70507679279283,0.3741620131513646,0.13251338609602697,True,True,True,False,True,True,False,False,False,lift,False,0.16004718548085833,True,0.45907733632284664,0.2322468213539297,0.356,
B-100ml-f0.80-p+17.4-diagonal-y45-x+2.2-y+1.5,B,all,100,0.8,17.4,diagonal,45,2.2,1.5,28,47.4252440598675,54.761678256703064,76.3330187385719,31.950801368259466,False,33.45,28.73,96891,74801,0,0,0,0,0,0,0,0,0,,8.245999999998586,19.60049999999967,12.76875364372602,13.181332694187514,6.765446750152809,58.966895344543545,58.874954642185315,99.05033312632865,6.831981914573154,74801,81.40032579942195,1.9687652115163292,4.175024281373903,47.47876546941268,9.151088249146067,12.03654334932148,16.88365384108031,0.9618577284281247,1.0124810978172565,6.113103897312126,0.9010575107670994,0.327257017446791,True,True,True,False,True,True,True,True,True,lift,False,0.07135752835317127,True,0.2506790783533415,0.21741490851379905,0.334,
B-50ml-f0.80-p+4.7-diagonal-y117-x+2.4-y+1.8,B,all,50,0.8,4.7,diagonal,117,2.4,1.8,25,37.64144115524114,44.7495330458836,37.6638148873315,42.703700374388454,False,40.89,28.88,89148,81366,0,0,0,0,0,0,0,0,0,,8.816499999999284,19.60049999999967,1.0990287813817974,1.7506927908467722,6.765452645447759,37.43732358176466,37.498422743697716,99.26238961575757,5.051967225004839,81366,81.82558314993456,0.3830889519138065,2.556777131992457,37.140307150774376,9.920591373009714,0.8965420078287496,13.489903544718649,-0.17844882110326973,0.2838550838776288,1.8689378945281003,0.5892884887769239,0.16670677483561822,True,True,True,True,True,True,True,True,True,,True,0.07402106081559483,True,0.14891001327786516,0.31587898652408286,0.481,
B-100ml-f0.80-p+7.9-side-y183-x+5.3-y-4.3,B,all,100,0.8,7.9,side,183,5.3,-4.3,28,47.4252440598675,54.761678256703064,76.3330187385719,31.950801368259466,False,28.25,28.7,85305,70382,0,0,0,0,0,0,0,0,0,,8.357499999998723,21.248999999995828,6.196626666570054,6.531179778546338,9.554676870422634,58.496593038299366,58.874954642185315,99.86961427257691,6.100239748581676,70382,78.26643556632608,2.5186465464109262,7.451795174043353,46.550352359387546,11.213274323449014,0.3100354009110496,21.36493784942802,5.621210082733562,5.620181659944929,4.29819127182827,1.0833173112455685e-05,-0.0015440356307115399,True,True,True,False,True,True,True,False,True,lift,False,0.17945243700251487,True,0.24848460993852,0.19751029854174063,0.304,
B-60ml-f0.80-p+5.8-side-y230-x-1.5-y+0.5,B,all,60,0.8,5.8,side,230,-1.5,0.5,25,40.0,47.15702017537638,45.37037037037036,39.65702017537638,False,104.41,28.4,43120,3211,0,0,0,0,0,51458,0,0,0,,,,105.99323306010426,85.19700940090702,9.543310372155958,43.11879984877272,43.1,99.76379856043684,0.6496813254506517,3211,0.8637892214058788,120.91515323954303,32.44250107287617,56.824686743088286,11.24713415265438,44.19469907562566,-1.408015410456747,,1.6285016668267875,95.67000717063236,89.86238171600775,19.708150405032395,True,True,True,False,False,False,False,False,False,lift,False,,False,,,0.0,
B-50ml-f0.50-p+11.3-side-y40-x-5.3-y+2.4,B,all,50,0.5,11.3,side,40,-5.3,2.4,25,37.64144115524114,27.968458153677254,23.53988430458219,25.922625482182106,False,42.65,31.4,5325,361,0,0,0,0,0,40811,0,0,0,,27.485499999981293,27.485999999981292,16.770229636514348,12.105739706409068,7.081713979921921,39.87811949555543,37.498422743697716,94.27893576690245,-0.20021814816406636,361,0.0027115816949168777,125.46303531530525,36.59087034176243,45.044478043154776,-3.675697355957408,17.050812685037513,25.36154816122637,4.8531035217335,4.868243030155444,45.04936856349817,90.00016989609131,18.819629238018646,True,True,True,False,False,False,False,False,False,lift,False,-0.0027794760338717413,False,,,3.0,
B-100ml-f0.50-p+16.9-above-y150-x-4.8-y+3.3,B,all,100,0.5,16.9,above,150,-4.8,3.3,28,47.4252440598675,34.22604891043942,47.70813671160743,11.415172021995819,False,30.23,28.4,9683,1404,0,0,0,0,0,2178,0,0,6065,,6.898499999998896,,128.38601253627695,87.43448187296785,9.567735867075502,58.18638144987883,58.874954642185315,103.06077086446969,15.286078468686974,1404,0.6015516853109,326.3785318304551,138.60291644506515,-90.90562223337669,-125.21982244860052,90.00081010541302,1525192.7959019593,,15.393387812189076,106.7528586375119,90.0005746122489,23.711657184870724,True,False,True,False,True,False,False,False,False,rig_clear,False,0.25141242265877084,False,,,0.0,
B-100ml-f0.80-p+2.9-above-y83-x+3.3-y+4.6,B,all,100,0.8,2.9,above,83,3.3,4.6,28,47.4252440598675,54.761678256703064,76.3330187385719,31.950801368259466,False,34.7,28.7,56302,75108,0,0,0,0,0,0,0,0,0,,9.357999999999945,19.60049999999967,4.504215227088555,4.244353443983032,9.567807265344605,58.52153127329937,58.874954642185315,99.71383502523723,2.9467337517077032,75108,79.94841579795329,1.225650391123207,4.706983804304868,46.52319899246257,11.367590698858592,2.1450140379442257,20.673940160945136,-0.1367971965852346,0.24618341104688096,5.258510679298413,0.1446327105238536,0.04479144423257138,True,True,True,False,True,True,True,True,True,lift,False,0.043050603975113,True,0.2452293837069203,0.19416986840883102,0.299,
B-50ml-f0.80-p-12.7-diagonal-y205-x-2.0-y-0.1,B,all,50,0.8,-12.7,diagonal,205,-2.0,-0.1,25,37.64144115524114,44.7495330458836,37.6638148873315,42.703700374388454,False,56.17,28.4,85823,1220,3257,0,2357,0,0,0,0,0,0,1.112499999999933,,,4.831027599602273,5.2703760229806695,14.674885556594322,51.07165195193557,37.498422743697716,85.98314543968574,-0.1925725225827568,1220,0.003946620037106098,151.41377567311213,14.678277992523117,62.296721787440454,-15.256011477895987,0.2522458095386027,13.679605570120014,,0.20012538422429946,13.806051278538215,0.037375091195809694,0.001868649528007667,False,True,False,False,False,False,False,False,False,table,False,,False,,,0.0,
B-50ml-f0.25-p-8.5-side-y20-x-5.6-y-1.0,B,all,50,0.25,-8.5,side,20,-5.6,-1.0,25,37.64144115524114,13.984229076838627,11.769942152291096,11.93839640534348,False,56.62,28.4,72802,5725,8012,0,3224,0,0,48197,0,0,0,0.0025,8.05249999999835,,52.12573788999466,30.223049397567646,14.938708887495212,43.000620125464756,37.498422743697716,93.69224057826881,11.380954868860066,5725,0.33043516623223,111.28785109444422,11.026297572803193,88.96757597300184,-64.79872863988182,23.620970228096635,37.14241735021779,,228.52885790598435,30.474047758747307,2.534299061832075,0.7412824492182872,False,True,False,False,True,False,False,False,False,table,False,1.152389943510365,False,,,0.0,
B-60ml-f0.50-p+7.6-diagonal-y84-x-4.3-y-0.6,B,all,60,0.5,7.6,diagonal,84,-4.3,-0.6,25,40.0,29.473137609610237,28.356481481481474,21.973137609610234,False,20.63,28.4,8819,676,0,0,0,0,0,4128,0,0,5651,,,,104.99913102613787,82.75494551103822,6.765046321403581,42.65852898380599,43.1,101.01479451725601,0.24763188597601293,676,0.004089593303610249,270.4356655087942,125.90843068505319,-64.67696994730562,-125.47568388016545,90.00004015112734,25686087.931752406,,0.13066482209790037,61.09135591616131,90.00004042918427,19.998849035715462,True,False,True,False,False,False,False,False,False,rig_clear,False,,False,,,0.0,
B-50ml-f0.50-p+12.0-diagonal-y314-x+2.2-y+3.7,B,all,50,0.5,12.0,diagonal,314,2.2,3.7,25,37.64144115524114,27.968458153677254,23.53988430458219,25.922625482182106,False,46.11,28.89,92538,79563,0,0,0,0,0,255,0,0,0,,9.299999999999875,19.60049999999967,5.6938051332011606,7.906436153358673,6.765449081502093,37.19507389777722,37.498422743697716,99.39925481566954,3.947877135721256,79563,82.11527441243058,1.07589295739516,2.9167449257806837,20.11165545655093,9.639375232167152,8.846669779912505,27.909583913709124,-0.04477106553818221,0.29112258468199603,32.736961855327664,0.08748761160258216,0.016744689216532542,True,True,True,False,True,True,True,True,False,lift,False,0.06468689412320565,True,0.111238397002231,0.3226068839661067,0.491,
B-50ml-f0.80-p+3.2-above-y136-x-4.2-y-4.5,B,all,50,0.8,3.2,above,136,-4.2,-4.5,25,37.64144115524114,44.7495330458836,37.6638148873315,42.703700374388454,False,16.01,28.4,3514,41,0,0,0,0,0,6196,0,0,6300,,,,100.88076909387418,97.90499320508893,9.563437237757045,38.27860971669684,37.498422743697716,99.83641778479038,0.19510388071998508,41,0.004084711615614837,257.00947557195246,136.69296553389887,-56.21656561815128,-132.102316649166,90.0002130864223,4535539.745305308,,0.10285744106884766,61.492299008960586,90.00021332620997,18.81963278608296,True,False,True,False,False,False,False,False,False,rig_clear,False,,False,,,0.0,
B-60ml-f0.25-p-19.6-above-y295-x-5.2-y+4.7,B,all,60,0.25,-19.6,above,295,-5.2,4.7,25,40.0,14.736568804805119,14.178240740740737,7.236568804805119,False,43.03,28.4,8675,0,0,0,1495,0,0,74,0,0,5876,1.0699999999999377,,,1.4870861536725362,8.276213927206399,66.00494272840179,65.60430449924226,43.1,0.4095192943568041,-0.20005381970136793,0,0.0008570436981873375,191.81600580511284,27.655586138508664,126.5350731114015,-110.43506390408558,2.5929785137023935,47.69826637940556,,0.18469861582647962,28.18814589444458,15.70808531039855,4.868844911589159,False,False,False,False,False,False,False,False,False,table,False,,False,,,0.0,
B-100ml-f0.25-p+11.7-side-y247-x-5.6-y+5.0,B,all,100,0.25,11.7,side,247,-5.6,5.0,28,47.4252440598675,17.11302445521971,23.854068355803715,-5.697852433223887,False,47.01,28.4,65820,17478,5961,0,0,0,0,26172,0,0,0,,7.362999999998639,,43.46320077900772,33.575427271517704,8.833478696026937,57.301588906044316,58.874954642185315,103.14124524098773,24.88045728644303,17478,101.09824548613605,16.35104735398109,36.38251330736775,52.347391386643935,-10.302406559495159,29.772461024027855,46.79415332888423,,2568.4386955322443,33.70931510926731,89.99986918755152,23.94443095040252,True,True,True,False,True,False,False,False,False,lift,False,0.2849543259467211,False,,,0.0,
B-50ml-f0.50-p+5.3-diagonal-y342-x-5.3-y-1.1,B,all,50,0.5,5.3,diagonal,342,-5.3,-1.1,25,37.64144115524114,27.968458153677254,23.53988430458219,25.922625482182106,False,21.53,28.4,4533,88,0,0,0,0,0,4174,0,0,5547,,,,101.43889975269683,93.80756969173673,6.765408172805621,37.39722815405651,37.498422743697716,100.59115789229213,0.1629910497353282,88,0.004101377665555046,268.6349064274396,130.26328934421085,-34.360639185519005,-126.13561463853782,90.00015270178802,6329092.029841408,,0.007064727233885048,41.287698883817555,90.00015263877123,18.819583606197536,True,False,True,False,False,False,False,False,False,rig_clear,False,,False,,,0.0,
B-60ml-f0.50-p+8.3-side-y47-x+5.6-y-1.7,B,all,60,0.5,8.3,side,47,5.6,-1.7,25,40.0,29.473137609610237,28.356481481481474,21.973137609610234,False,36.9,28.7,72065,77346,0,0,0,0,0,0,0,0,0,,8.429999999998811,19.60049999999967,0.8128391561573816,1.172429990003764,6.997438016482567,42.940081797068764,43.1,99.32444781205233,5.362411050413033,77346,76.65739592144774,0.7212988400280698,8.961369890746884,22.132376603858226,9.78222236658921,0.3909978369327576,33.6540248903409,4.0048974027396635,4.009177331463621,1.6775324135180711,1.9090959104164224e-06,-0.0015704879931900213,True,True,True,True,True,True,True,False,True,recap,False,0.2307100320904884,True,0.21614962336281357,0.1974771648540337,0.304,
B-50ml-f0.25-p-11.8-diagonal-y264-x+4.8-y+3.0,B,all,50,0.25,-11.8,diagonal,264,4.8,3.0,25,37.64144115524114,13.984229076838627,11.769942152291096,11.93839640534348,False,49.96,28.4,78508,1527,3020,0,2277,0,0,0,0,0,0,1.1524999999999286,,,19.10760090116544,18.426207719752984,12.962970979272653,48.39242770778046,37.498422743697716,88.74961008746776,-0.19373292114027718,1527,0.006891287382659476,153.96365080825612,22.72267070108713,37.243267538716076,-16.28317162619519,10.798564152154452,41.3018869001915,,0.20010062649396804,27.867836570813132,3.914682710131865,1.1471625611689082,False,True,False,False,False,False,False,False,False,table,False,,False,,,0.0,
B-60ml-f0.80-p-9.9-side-y25-x-1.7-y-5.6,B,all,60,0.8,-9.9,side,25,-1.7,-5.6,25,40.0,47.15702017537638,45.37037037037036,39.65702017537638,False,51.87,28.4,66480,3007,3782,0,2991,0,0,14171,0,0,0,0.0025,,,54.442207782723315,59.94574999926276,12.823865206493895,46.925750562970634,43.1,95.41533519189406,-0.20475061107577686,3007,0.005736941568697419,152.01712258950184,12.713259237455254,53.18721585539905,-12.722494747129026,59.17151392730247,-14.068196895352658,,1.117702551191014,14.51683313665957,90.00010652975003,19.998904595243868,False,True,True,False,False,False,False,False,False,table,False,,False,,,0.0,
B-100ml-f0.25-p-18.5-side-y160-x+3.1-y-0.5,B,all,100,0.25,-18.5,side,160,3.1,-0.5,28,47.4252440598675,17.11302445521971,23.854068355803715,-5.697852433223887,False,61.74,28.4,57051,1195,3571,0,2431,0,0,0,0,0,0,0.0025,,,47.75299155862976,33.981853124354004,23.049871733326295,66.62217809805975,58.874954642185315,91.72664848208139,-0.2010627771991541,1195,0.0017478922780173867,156.73011908180143,20.81044802294863,80.70929246190393,-52.013743425037894,16.824818173618695,52.60949493263241,,0.5591952392275767,24.10109628500857,90.00001297302016,23.711504268301937,False,True,False,False,False,False,False,False,False,table,False,,False,,,0.0,
B-60ml-f0.25-p+10.7-side-y63-x+5.5-y-1.9,B,all,60,0.25,10.7,side,63,5.5,-1.9,25,40.0,14.736568804805119,14.178240740740737,7.236568804805119,False,26.06,28.4,48507,63010,131,0,0,0,0,0,0,0,0,,9.285999999999857,,13.388655981043234,21.35079949589891,8.524907594721867,43.03659770038241,43.1,99.18438686520938,4.213576119615397,63010,72.47511316934091,1.0998433424407585,12.240667711398064,8.568468349021954,8.423767711401103,1.1382274048527665,48.15579946210632,,423.5028789015161,12.624992042080352,6.174738558210203,1.9319008243230162,True,True,True,False,True,True,False,False,False,lift,False,0.21483757571552536,False,,,0.0,
B-50ml-f0.25-p+4.0-side-y28-x-5.1-y-1.0,B,all,50,0.25,4.0,side,28,-5.1,-1.0,25,37.64144115524114,13.984229076838627,11.769942152291096,11.93839640534348,False,33.77,28.4,26408,32,0,0,0,0,0,21771,0,0,0,,,,19.204424339718777,2.921735694940523,8.44779367469331,38.11377553265678,37.498422743697716,98.41495134601274,-0.20026814411794325,32,0.007028962407125401,126.42817827886732,32.73818161115081,28.19798575408268,-10.050341877003072,3.1783582938911623,43.58250079328781,,0.20010429265158522,31.30734308190658,0.16296477759194913,0.03922924982840313,True,True,True,False,False,False,False,False,False,lift,False,,False,,,0.0,
B-50ml-f0.80-p-2.0-side-y3-x-2.4-y+3.2,B,all,50,0.8,-2.0,side,3,-2.4,3.2,25,37.64144115524114,44.7495330458836,37.6638148873315,42.703700374388454,False,22.99,28.4,7878,71,0,0,0,0,0,4874,0,0,6279,,,,98.91103135025395,92.70782261156566,9.555768871288803,37.522145755065466,37.498422743697716,97.22635986309567,0.18243046646386485,71,0.004084711613536548,275.4532921374476,133.1696440367597,-29.359270837285873,-132.1163348234772,90.0002130837821,4535595.942782798,,0.29015562683309404,97.10068799299181,90.00041768906122,18.939294376939138,True,False,True,False,False,False,False,False,False,rig_clear,False,,False,,,0.0,
B-60ml-f0.50-p-8.1-diagonal-y229-x-3.8-y+5.9,B,all,60,0.5,-8.1,diagonal,229,-3.8,5.9,25,40.0,29.473137609610237,28.356481481481474,21.973137609610234,False,42.78,28.4,18284,0,0,0,635,0,0,126,0,0,5716,1.5649999999998832,,,1.3909768779165803,4.678543056063863,63.09281141006605,43.55610207391315,43.1,0.713245559932078,-0.20005054301405756,0,0.002709157551570165,197.50989918581055,20.70950147485305,144.36046329866235,-112.73960087731605,1.0317670939705477,33.45268815646343,,1.2393489729699019,30.91300997831022,90.00008550344096,20.127975927410834,False,False,True,False,False,False,False,False,False,table,False,,False,,,0.0,
B-50ml-f0.50-p+0.3-above-y272-x-2.5-y-1.0,B,all,50,0.5,0.3,above,272,-2.5,-1.0,25,37.64144115524114,27.968458153677254,23.53988430458219,25.922625482182106,False,38.64,28.4,42751,0,0,0,0,0,0,165,0,0,165,,,,39.48608666383709,15.449562002862825,61.497974349835985,37.557131176710584,37.498422743697716,38.09215001199702,-0.19122775481821008,0,0.006885546304596393,166.62973838595187,24.77929248973814,80.39240912341025,-51.772856316116226,4.889456275295889,29.09198057266166,,0.20010017032181376,19.98041270527865,0.17883780970559374,0.043506519035204846,True,False,True,False,False,False,False,False,False,rig_clear,False,,False,,,0.0,
B-100ml-f0.50-p+1.8-above-y153-x+3.0-y-4.9,B,all,100,0.5,1.8,above,153,3.0,-4.9,28,47.4252440598675,34.22604891043942,47.70813671160743,11.415172021995819,False,27.13,28.75,71982,78770,0,0,0,0,0,0,0,0,0,,9.275999999999845,19.60049999999967,9.691719780908286,8.745221352693552,9.567807731616472,58.16805369256145,58.874954642185315,100.0453159953881,4.93292200307377,78770,80.31355531493789,0.8997464953044806,7.2069907151156825,26.342766737320748,11.312069104063378,3.897143660879608,40.5482407546157,0.9701962227056914,0.969282201264632,6.362106261360685,0.14763055018510404,0.04572878154579714,True,True,True,False,True,True,True,True,True,lift,False,0.10595436561774021,True,0.3092648443056397,0.23071289498302278,0.354,
B-100ml-f0.50-p+9.6-above-y213-x-2.4-y-1.7,B,all,100,0.5,9.6,above,213,-2.4,-1.7,28,47.4252440598675,34.22604891043942,47.70813671160743,11.415172021995819,False,40.48,28.4,64525,45864,10009,0,0,0,0,32825,0,0,0,,7.508499999998558,,39.955540644784435,29.738057698454963,13.547119762259523,59.04079292288299,58.874954642185315,99.44688782256739,9.53333369515727,45864,75.4300857139411,4.114439928132025,19.092982570531674,71.00103140837578,-29.938852940846942,10.09957671205974,38.17626482298845,,224.23967738536683,55.4989278414387,3.8639508858213425,1.4464092283438694,True,True,True,False,True,True,False,False,False,lift,False,0.08157089997760866,False,,,0.0,
B-50ml-f0.25-p-8.9-diagonal-y218-x-4.2-y+2.4,B,all,50,0.25,-8.9,diagonal,218,-4.2,2.4,25,37.64144115524114,13.984229076838627,11.769942152291096,11.93839640534348,False,41.9,28.4,25536,2593,0,0,1097,0,0,1438,0,0,5758,1.2974999999999126,,,99.18010123137815,43.7372151642999,63.04521536036367,43.688996498678804,37.498422743697716,93.06164172110007,-0.1960043046554255,2593,0.006430370698403284,187.40224751832176,37.98897564612942,122.76942048836547,-108.38374151523637,6.1590341056464695,42.698933556568456,,1.7006206268227937,45.16401948393422,90.0005950239318,18.903347722896136,False,False,False,False,False,False,False,False,False,table,False,,False,,,0.0,
B-60ml-f0.50-p-2.3-diagonal-y226-x-4.1-y+2.4,B,all,60,0.5,-2.3,diagonal,226,-4.1,2.4,25,40.0,29.473137609610237,28.356481481481474,21.973137609610234,False,18.08,28.4,6185,177,0,0,0,0,0,5232,0,0,5706,,,,97.76032553584336,82.52629030118585,6.764976261526528,43.04361910873117,43.1,96.47606548203261,0.16488691204637196,177,0.004089593299834464,255.00919640482255,126.25275564048302,-46.45835356941262,-125.41725920064228,90.00004013036857,25699374.897634488,,0.0982212992396483,54.219052544175,90.0000793530723,20.11762081257282,True,False,True,False,False,False,False,False,False,rig_clear,False,,False,,,0.0,
B-100ml-f0.25-p-5.8-diagonal-y229-x-0.2-y-3.6,B,all,100,0.25,-5.8,diagonal,229,-0.2,-3.6,28,47.4252440598675,17.11302445521971,23.854068355803715,-5.697852433223887,False,39.63,28.4,63370,34388,2265,0,0,0,0,8892,0,0,0,,9.370999999999961,,46.40555517406092,31.008311124100224,6.765414025419206,58.02041958558393,58.874954642185315,100.15273687058396,3.457707406280694,34388,92.3583900492117,2.211427738007062,18.25121889951331,25.76421338672355,-3.647194157923278,6.30980642635192,56.74584266851841,,4233.367296687946,22.32959638650933,1.822652661322001,0.6796977494489186,True,True,True,False,True,True,False,False,False,lift,False,0.578764110221541,False,,,0.0,
B-60ml-f0.25-p+1.7-side-y101-x+5.8-y-4.6,B,all,60,0.25,1.7,side,101,5.8,-4.6,25,40.0,14.736568804805119,14.178240740740737,7.236568804805119,False,37.99,28.7,49452,76878,0,0,0,0,0,0,0,0,0,,8.815999999999283,19.60049999999967,2.676665507342672,4.491933239186102,9.391999555436675,43.06357500081939,43.1,99.25949110382422,5.351344420694154,76878,78.16487608922922,0.5983401968567201,10.078346268650758,8.882694017258716,9.226350106706512,5.159644545945468,46.888085094301985,3.213598044946904,3.221138008680698,6.298599541572958,0.25661930858992227,0.07182825170148192,True,True,True,True,True,True,False,False,True,reach_liquid,False,0.1158707752353377,True,0.2369306169156386,0.19583834657767193,0.301,
B-50ml-f0.80-p-9.9-side-y314-x+2.1-y-3.6,B,all,50,0.8,-9.9,side,314,2.1,-3.6,25,37.64144115524114,44.7495330458836,37.6638148873315,42.703700374388454,False,32.47,28.4,53462,1571,2826,0,3447,0,0,19881,0,0,0,0.0025,,,78.16790200063177,95.15935259714378,13.66855388299127,45.60612420244375,37.498422743697716,91.5800442311079,-0.1837516723849908,1571,0.0026890932859741147,122.19952283754596,18.27906510694855,49.75675080281034,-18.41108078632489,79.13430078969598,-74.12314344215027,,0.2873816698906156,37.60207011160538,90.00042196115008,18.909979864831335,False,True,False,False,False,False,False,False,False,table,False,,False,,,0.0,
B-60ml-f0.50-p-4.4-above-y305-x+5.7-y+2.2,B,all,60,0.5,-4.4,above,305,5.7,2.2,25,40.0,29.473137609610237,28.356481481481474,21.973137609610234,False,24.6,28.4,46619,62723,586,0,0,0,0,153,0,0,0,,9.381499999999974,,20.728711733945307,30.498883638894203,9.567960078335533,43.079465118392896,43.1,99.25897744593816,1.331878479533033,62723,79.99872913833494,5.245276851289038,8.038126943091719,23.284668655410098,9.872116023675895,9.290271118122812,30.832387641217508,,3206.2948808136175,3.2008406445490176,89.99993823796332,20.31302766334873,True,True,True,False,True,False,False,False,False,lift,False,0.09638987434210972,False,,,0.0,
B-60ml-f0.80-p+16.1-side-y73-x-2.5-y-0.3,B,all,60,0.8,16.1,side,73,-2.5,-0.3,25,40.0,47.15702017537638,45.37037037037036,39.65702017537638,False,56.18,28.4,49154,3428,0,0,0,0,0,30271,0,0,0,,,,340.35659925046946,85.44366601693201,9.149664670573925,42.25943694268412,43.1,101.14243049613178,-0.24514991370785943,3428,0.004497239327319155,121.54524917330079,31.908814409557987,57.92600623917033,15.633334999383381,49.11075161380085,-4.694669489674289,,0.04026395972851821,332.6526660478594,90.00010420706388,19.99890321186773,True,True,True,False,False,False,False,False,False,lift,False,,False,,,0.0,
B-100ml-f0.50-p-11.3-side-y250-x-2.2-y+1.8,B,all,100,0.5,-11.3,side,250,-2.2,1.8,28,47.4252440598675,34.22604891043942,47.70813671160743,11.415172021995819,False,30.62,28.4,61277,31717,1936,0,0,0,0,6979,0,0,0,,7.825999999998382,,42.609157771844934,20.57095553062939,8.990717899570623,58.502638249367095,58.874954642185315,99.45992583083896,5.287069453780643,31717,93.4962195940603,2.3437896277379706,18.16643615531492,31.70285586708204,5.831855901259591,1.0900171112295456,41.60696113942184,,982.2213527591377,15.527759210221008,0.10136615661729706,0.028132782189723284,True,True,True,False,True,True,False,False,False,lift,False,0.3687755400087242,False,,,0.0,
B-50ml-f0.80-p-15.8-diagonal-y196-x+2.9-y+4.8,B,all,50,0.8,-15.8,diagonal,196,2.9,4.8,25,37.64144115524114,44.7495330458836,37.6638148873315,42.703700374388454,False,39.19,28.4,44251,0,0,0,2603,0,0,0,0,0,0,0.9924999999999461,,,0.1579096581203007,0.11706685960146375,21.260112408600392,55.14602043157148,37.498422743697716,81.98461598641019,-0.19588000097926772,0,0.008613810154593312,164.70629941910744,23.635703386915708,54.09490542304153,-7.639669817551625,5.610030755055269,12.096974533365223,,0.20008162504035404,19.985925642675422,1.4317367684349693,0.4136869375678222,False,True,False,False,False,False,False,False,False,table,False,,False,,,0.0,
B-50ml-f0.25-p-17.3-side-y102-x-4.4-y+0.3,B,all,50,0.25,-17.3,side,102,-4.4,0.3,25,37.64144115524114,13.984229076838627,11.769942152291096,11.93839640534348,False,46.23,28.4,58491,0,10229,0,3875,12,0,0,0,0,0,0.0025,,,14.910657411952414,14.490030707110707,108.60224105407852,60.50296241459459,37.498422743697716,76.95631281233804,-0.19673075988146937,0,0.006046994769861138,159.91820854495043,15.556014182625907,62.520599141365345,-39.86112459080858,16.524949419988076,39.51468345388388,,0.20011250611815298,27.73399310728444,1.0474930714670705,0.3034913281198984,False,True,False,False,False,False,False,False,False,table,False,,False,,,0.0,
B-50ml-f0.50-p-8.0-diagonal-y178-x+4.6-y-3.4,B,all,50,0.5,-8.0,diagonal,178,4.6,-3.4,25,37.64144115524114,27.968458153677254,23.53988430458219,25.922625482182106,False,38.1,28.4,12480,4076,0,0,1879,0,0,1986,0,0,5641,1.3524999999999066,9.462000000000073,,157.40026917041635,128.42795293639375,6.763701516994875,41.84078073236824,37.498422743697716,94.94741552524856,1.385879297624515,4076,0.43067229720174305,320.3371413683042,182.60523006547555,33.015739939813145,-126.18502828632691,90.00125688109912,768964.8496776259,,6.369848827452445,138.63885075214517,90.002285910307,18.82014585103968,False,False,True,False,True,False,False,False,False,table,False,1.7919779858603972,False,,,0.0,
B-100ml-f0.50-p-12.4-side-y166-x-2.0-y-4.0,B,all,100,0.5,-12.4,side,166,-2.0,-4.0,28,47.4252440598675,34.22604891043942,47.70813671160743,11.415172021995819,False,32.12,28.4,62185,15598,2596,0,0,0,0,11179,0,0,0,,9.498500000000117,,40.71947844958314,20.77077402537242,9.283519371650014,58.54994493897363,58.874954642185315,98.77212583697097,0.5109705091524142,15598,88.26003205425997,11.3027768856996,18.473396321814125,32.96481042229662,4.6748420460799025,4.447421092540013,40.34003192557509,,2102.5706796003046,16.960406551780924,0.15677831891964317,0.04906175549278481,True,True,True,False,True,False,False,False,False,lift,False,0.9929185566384917,False,,,0.0,
B-60ml-f0.25-p-11.6-above-y160-x+3.5-y-1.3,B,all,60,0.25,-11.6,above,160,3.5,-1.3,25,40.0,14.736568804805119,14.178240740740737,7.236568804805119,False,30.91,28.4,38038,1459,1224,0,2061,0,0,110,0,0,4238,1.3349999999999085,13.71500000000527,,326.5292601604011,117.37223030047656,9.561250800960805,50.33246983888749,43.1,92.01026310013226,-0.1835614259602797,1459,0.004405224979990552,127.78742245627883,28.43423566632045,104.88103826139293,-89.34697512192265,7.685781492683095,46.08428409144048,,9.263616746747498,314.26117771247385,90.00019395101468,19.998915745311326,False,False,False,False,False,False,False,False,False,table,False,1.83788220880344,False,,,0.0,
B-50ml-f0.80-p+18.0-diagonal-y142-x-1.7-y-4.6,B,all,50,0.8,18.0,diagonal,142,-1.7,-4.6,25,37.64144115524114,44.7495330458836,37.6638148873315,42.703700374388454,False,38.02,28.85,101827,81315,0,0,0,0,0,59,0,0,0,,8.627499999999053,19.60049999999967,9.514823220796313,17.258088043919575,6.765446339310907,37.279223742678816,37.498422743697716,99.50859761913993,5.356541076307647,81315,86.28893174584262,0.33192687221201833,0.18266561765698083,36.850273495079705,9.76028937965126,16.82231578119147,8.653981025383183,0.8560423895725395,0.9063878036624431,32.08064031604275,90.00021771279363,18.81963128346765,True,True,True,False,True,True,True,True,False,lift,False,0.07912632668579014,True,0.1422421372885126,0.294291306705302,0.449,
B-50ml-f0.50-p+14.9-diagonal-y105-x+4.8-y-4.3,B,all,50,0.5,14.9,diagonal,105,4.8,-4.3,25,37.64144115524114,27.968458153677254,23.53988430458219,25.922625482182106,False,38.07,28.7,49092,78439,0,0,0,0,0,0,0,0,0,,8.756999999999211,22.15399999999372,2.752826841194881,4.3886130263835925,6.765447718383052,37.416266251172615,37.498422743697716,99.35341347120631,5.08797477274478,78439,77.95259023463697,0.8039120632826724,7.707138471840511,19.8314607598551,9.386299973686674,7.54875306837495,28.29963876763719,3.7154633729616946,3.7285729424733636,5.094460038465929,0.316176678603429,0.0838169049179238,True,True,True,True,True,True,True,False,True,recap,False,0.17180315839762292,True,0.23151244967932832,0.1958003710493246,0.301,
B-60ml-f0.50-p+3.6-above-y201-x-2.4-y+1.6,B,all,60,0.5,3.6,above,201,-2.4,1.6,25,40.0,29.473137609610237,28.356481481481474,21.973137609610234,False,44.42,28.4,9950,206,0,0,0,0,0,2533,0,0,5707,,,,100.6762927274958,98.26923528644988,9.567711259755807,43.0175240887472,43.1,99.36354995170412,1.959563923389529,206,0.7329853248314803,300.978258578668,125.48416132234496,-5.362561960421148,-125.45425517843644,89.99971013389832,-3557898.7486930713,,2.5145587812236507,14.453300855249074,90.00116889874677,20.09535218393475,True,False,True,False,False,False,False,False,False,rig_clear,False,,False,,,0.0,
B-100ml-f0.80-p+17.4-diagonal-y164-x-2.9-y-0.3,B,all,100,0.8,17.4,diagonal,164,-2.9,-0.3,28,47.4252440598675,54.761678256703064,76.3330187385719,31.950801368259466,False,24.84,28.4,42865,3493,9442,0,0,0,0,17217,0,0,0,,6.441999999999149,,62.2714811389779,53.58067505197632,6.765611402805842,58.783201599106775,58.874954642185315,101.26636172807008,12.51769484443209,3493,104.37465825375669,71.43356119693522,18.52380623566562,104.70545563999875,-32.005180047467356,29.7485007759441,9.157465632891155,,1740.0699257634571,41.63467454543694,0.5770228412015149,0.2087691707975643,True,True,True,False,True,False,False,False,False,lift,False,0.031259316271718914,False,,,0.0,
B-60ml-f0.80-p+15.9-side-y53-x+5.2-y-4.2,B,all,60,0.8,15.9,side,53,5.2,-4.2,25,40.0,47.15702017537638,45.37037037037036,39.65702017537638,False,39.8,28.77,61637,77250,0,0,0,0,0,0,0,0,0,,8.5019999999989,19.639999999999578,6.4996737281783385,9.094058401988008,7.641177669067099,43.11331971547693,43.1,99.13840670911236,5.414145630883577,77250,78.07850767340402,1.3933687287220324,6.3413840091058455,38.80648568878302,9.825699766769835,8.270511034309392,13.476524493949686,4.714682237852059,4.723887930426306,7.112447052562618,1.7248949425745896,0.5347609344522894,True,True,True,False,True,True,True,False,True,lift,False,0.2176216060587361,True,0.2506264709271935,0.24248966306889705,0.371,
B-100ml-f0.25-p-10.7-side-y221-x+2.5-y+0.1,B,all,100,0.25,-10.7,side,221,2.5,0.1,28,47.4252440598675,17.11302445521971,23.854068355803715,-5.697852433223887,False,30.99,31.4,79524,92878,0,0,0,0,0,0,0,0,0,,8.596999999999015,19.834499999999124,11.39861327079197,12.004977431530083,7.220848991109266,58.863032897871804,58.874954642185315,99.19638767914961,5.949566136836657,92878,84.46997132131794,0.4477392996783304,2.493739688946411,24.645408078368384,-3.912667931489505,12.63785668953142,54.29516592855685,0.5064878041703508,0.6055170433296606,12.111116814095222,0.3713727040770409,0.1130224454370462,True,True,True,False,True,True,False,True,False,lift,False,0.05873867883043514,False,,,3.0,
B-60ml-f0.50-p+9.2-above-y158-x-3.5-y+2.5,B,all,60,0.5,9.2,above,158,-3.5,2.5,25,40.0,29.473137609610237,28.356481481481474,21.973137609610234,False,34.67,28.4,62855,23384,7379,0,0,0,0,23836,0,0,0,,9.390999999999986,,58.85031877533594,49.36464689937577,9.568589883741145,43.13524239804186,43.1,99.16404448840085,1.7007110630923306,23384,100.53560492916259,6.8074513974551545,9.056529529924354,95.12799776805977,-47.54123601413934,34.731315314311445,21.29851101935396,,92.47859863615777,37.31044001209742,0.6426661937027932,0.19331333369476553,True,True,True,False,True,False,False,False,False,lift,False,0.9736777027698504,False,,,0.0,
B-60ml-f0.25-p-10.6-above-y314-x-1.6-y+2.9,B,all,60,0.25,-10.6,above,314,-1.6,2.9,25,40.0,14.736568804805119,14.178240740740737,7.236568804805119,False,39.35,28.4,14873,0,0,0,1066,0,0,54,0,0,5835,1.3824999999999033,,,1.7976201659738886,7.491793113180018,64.16403275810904,49.08028551996528,43.1,1.2008669166735675,-0.20039817226119583,0,0.00040615709978924185,194.68307833200464,25.931115307315846,127.47718156663687,-110.05043254401069,1.606541049451114,48.00858912848791,,0.20006862361502378,23.42523652549862,0.9706088730553497,0.2983876770548264,False,False,False,False,False,False,False,False,False,table,False,,False,,,0.0,
B-50ml-f0.25-p-17.2-side-y110-x-1.9-y+0.4,B,all,50,0.25,-17.2,side,110,-1.9,0.4,25,37.64144115524114,13.984229076838627,11.769942152291096,11.93839640534348,False,65.85,28.4,92842,0,7378,0,3893,12,0,0,0,0,0,0.0025,,,17.15897552930835,17.558289389738103,108.63109211341975,60.30088145844347,37.498422743697716,77.3513722085719,-0.1967756391891562,0,0.007754977627471074,161.35416257276952,17.68938852813092,60.64813287759187,-35.26972589507796,20.573521117709017,38.187842757102345,,0.2000397944491994,32.93280488371975,2.280412409821882,0.6667215949151135,False,True,False,False,False,False,False,False,False,table,False,,False,,,0.0,
B-60ml-f0.50-p-1.6-above-y31-x-3.1-y+3.9,B,all,60,0.5,-1.6,above,31,-3.1,3.9,25,40.0,29.473137609610237,28.356481481481474,21.973137609610234,False,17.2,28.4,7303,393,0,0,0,0,0,2185,0,0,5621,,,,98.5497555343699,75.28950885055285,9.566160380399285,43.07891572728995,43.1,97.57438612486749,0.22900913298851133,393,0.004089593300668244,266.59274237800383,125.9123847510121,-32.89549041368852,-125.46274792217793,90.00004013593097,25695813.253432944,,1.460870270409215,50.083596427335884,90.00008813837671,20.01113973364598,True,False,True,False,False,False,False,False,False,rig_clear,False,,False,,,0.0,
B-50ml-f0.25-p+11.5-diagonal-y80-x+1.3-y+0.7,B,all,50,0.25,11.5,diagonal,80,1.3,0.7,25,37.64144115524114,13.984229076838627,11.769942152291096,11.93839640534348,False,33.89,28.84,69292,79949,0,0,0,0,0,0,0,0,0,,9.236999999999798,19.60049999999967,5.6978963566153435,9.086181345384272,6.76544927731328,37.47558540681064,37.498422743697716,99.19940504343752,4.74886117578921,79949,81.4317830006034,0.4289563592961306,4.850642056380794,6.400989970588617,9.22945162359813,7.3900244187428346,42.33140089489164,-0.1129928740259582,0.24219626344577547,2.358235149536393,0.3551632799480527,0.0981412805937638,True,True,True,False,True,True,True,True,True,lift,False,0.06507093513241133,True,0.14280950291063224,0.2858854724383858,0.436,
B-100ml-f0.25-p-20.0-side-y189-x+1.0-y-1.2,B,all,100,0.25,-20.0,side,189,1.0,-1.2,28,47.4252440598675,17.11302445521971,23.854068355803715,-5.697852433223887,False,78.79,28.4,41380,1645,5953,0,3663,0,0,15627,0,0,0,0.0025,,,43.88413198741209,42.59779325258259,22.25049759341518,69.23090635409237,58.874954642185315,89.34242573819687,-0.24200422406102373,1645,0.0029702623151090578,141.85070631358838,11.593589695473304,84.04379531754006,-51.60392545415948,40.751129392676575,40.548706460652035,,0.48055342987637234,148.38220513243044,90.00002519314985,24.06882964449329,False,True,False,False,False,False,False,False,False,table,False,,False,,,0.0,
B-50ml-f0.50-p+15.4-above-y159-x-5.1-y-0.9,B,all,50,0.5,15.4,above,159,-5.1,-0.9,25,37.64144115524114,27.968458153677254,23.53988430458219,25.922625482182106,False,21.81,28.4,8818,682,0,0,0,0,0,5380,0,0,5564,,,,106.1673343625621,91.69283014432123,9.567117340533976,36.27805715383413,37.498422743697716,104.07109590026795,0.2732532757375866,682,0.004101377664990701,281.38827129183414,129.69273203765965,-2.4846854340777305,-125.84284916344387,90.00015283675936,6323502.786494837,,0.57891735852687,50.727979326091024,90.00031974077673,18.86472642887469,True,False,True,False,False,False,False,False,False,rig_clear,False,,False,,,0.0,
B-60ml-f0.80-p-1.8-side-y92-x+0.3-y-3.7,B,all,60,0.8,-1.8,side,92,0.3,-3.7,25,40.0,47.15702017537638,45.37037037037036,39.65702017537638,False,29.55,28.7,106878,79938,0,0,0,0,0,0,0,0,0,,8.661499999999094,19.60099999999967,2.5148615678035924,3.2097951499076594,9.561957323986583,43.037824427869246,43.1,99.25222205903256,5.2480572168463056,79938,85.92126689245116,0.47572846246359435,0.6708877572533484,39.7852880141368,9.893598792099334,3.129037041448767,15.108985407094806,0.3119164497246058,0.44932808756789244,4.34455901774452,0.33820970023852576,0.09778931140452642,True,True,True,True,True,True,True,True,True,,True,0.06284427193861758,True,0.1322753227424937,0.19429881056707302,0.299,
B-60ml-f0.50-p-3.5-above-y227-x+0.2-y+5.5,B,all,60,0.5,-3.5,above,227,0.2,5.5,25,40.0,29.473137609610237,28.356481481481474,21.973137609610234,False,49.4,28.7,103543,76310,0,0,0,0,0,0,0,0,0,,8.962999999999463,19.60049999999967,4.336059302475905,5.444393470989773,9.567809520197645,43.13939938257944,43.1,99.14236262531165,4.958622082231703,76310,84.69370642405978,1.3367079735509595,1.8404970529989084,22.60936816983462,9.49198711975674,5.196928981179188,32.13970683856305,0.30090911498933487,0.4328414683110547,7.465453984397596,0.057955826714486375,0.008942427172775134,True,True,True,False,True,True,True,True,True,lift,False,0.002585525272103474,True,0.17465448782124307,0.19428103420235907,0.299,
B-50ml-f0.50-p-12.3-diagonal-y37-x+4.6-y+3.5,B,all,50,0.5,-12.3,diagonal,37,4.6,3.5,25,37.64144115524114,27.968458153677254,23.53988430458219,25.922625482182106,False,44.43,31.4,64446,2152,5752,0,2321,0,0,8590,0,0,0,1.129999999999931,7.639999999998485,20.126499999998444,60.312812421805596,69.53713294892164,13.841342640400791,49.62253423492083,37.498422743697716,88.21186613814245,2.532714673074227,2152,0.6964147939583323,148.79097880139417,18.993701647393248,62.24131785867386,-24.514760821500836,17.949983589837327,25.07050668095897,3.0700210835006736,3.10095045695915,40.325627925536146,89.99979266491688,18.979367118397164,False,True,False,False,True,False,False,False,False,table,False,0.9288472630151117,False,,,3.0,
B-50ml-f0.50-p+17.4-above-y3-x-0.1-y-0.7,B,all,50,0.5,17.4,above,3,-0.1,-0.7,25,37.64144115524114,27.968458153677254,23.53988430458219,25.922625482182106,False,39.52,31.4,131295,90780,0,0,0,0,0,58,0,0,0,,9.280999999999851,19.60049999999967,8.758524209562397,15.501778628095122,9.567735754976638,37.509589846754615,37.498422743697716,99.17666463519497,4.298967928944658,90780,82.95527843450397,1.063134725474915,2.0604333194252575,20.425212166537783,9.03798108176726,14.843824666880845,26.064447486721594,1.117414501964346,1.1527065943741597,15.695128517437421,1.5927126061659942,0.453749965730335,True,True,True,False,True,True,True,False,False,lift,False,0.032141396763292425,False,,,3.0,
B-60ml-f0.25-p-19.3-diagonal-y282-x-4.8-y+2.8,B,all,60,0.25,-19.3,diagonal,282,-4.8,2.8,25,40.0,14.736568804805119,14.178240740740737,7.236568804805119,False,31.96,28.4,20904,0,4339,0,2693,0,0,0,0,0,2368,0.9499999999999508,,,131.14457684503583,92.6211532406562,24.267541120919038,64.82876859647438,43.1,78.53489222389794,-0.1966291543342713,0,0.006095862047643647,160.0096656092923,16.223785256412683,66.31773349256628,-41.1872681091813,18.90657819443121,42.348344790156624,,0.004571538858686993,118.00332770956679,90.0001658463186,19.998939795989962,False,False,False,False,False,False,False,False,False,table,False,,False,,,0.0,
B-60ml-f0.50-p-18.3-above-y59-x-6.0-y+1.9,B,all,60,0.5,-18.3,above,59,-6.0,1.9,25,40.0,29.473137609610237,28.356481481481474,21.973137609610234,False,54.78,28.4,9941,0,0,0,1437,0,0,65,0,0,5672,1.1074999999999335,,,2.5740130474975955,12.162614394355955,65.62076675134972,63.05649094019593,43.1,2.002092072499074,-0.20323316333527297,0,0.0014506298135236893,191.50304363778537,21.865730291667052,144.44943346660924,-112.66296397339119,2.669784871374335,32.93751717606601,,0.20002868831256918,15.236797323490146,0.7137897135176784,0.21276445680107495,False,False,False,False,False,False,False,False,False,table,False,,False,,,0.0,
B-100ml-f0.25-p-14.5-above-y199-x-2.1-y+1.0,B,all,100,0.25,-14.5,above,199,-2.1,1.0,28,47.4252440598675,17.11302445521971,23.854068355803715,-5.697852433223887,False,25.0,28.4,63421,20199,5347,0,1289,0,0,21118,0,0,0,1.5724999999998823,7.192999999998733,,46.021694278521856,33.39628838854927,9.568046001648858,59.19439203746964,58.874954642185315,96.35461355664847,14.412813990865219,20199,112.90398528055982,13.616321024343026,14.404099994602749,103.59015247298969,-83.22236266087948,20.664547531202892,50.99712304505464,,233.29027865521698,26.889898451415906,1.720642185866369,0.6341233391032571,False,True,True,False,True,False,False,False,False,table,False,0.18564167245466562,False,,,0.0,
B-60ml-f0.50-p+19.8-above-y201-x-2.6-y+0.5,B,all,60,0.5,19.8,above,201,-2.6,0.5,25,40.0,29.473137609610237,28.356481481481474,21.973137609610234,False,42.16,28.4,35575,35120,10081,0,0,0,0,6572,0,0,0,,9.397999999999994,,103.5532179054681,90.37193149546826,9.553329538800877,43.13913719320045,43.1,99.12114345062439,4.29270642260568,35120,100.41313366626555,8.41269455874698,7.1851591936757835,81.83456396171995,-22.812540594264323,55.25453462381607,7.825584346597445,,2978.736735525945,116.77685896618853,89.9998773865037,20.310901268341084,True,True,True,False,True,False,False,False,False,lift,False,0.620881125301668,False,,,0.0,
B-50ml-f0.80-p-8.1-side-y185-x-0.5-y+1.6,B,all,50,0.8,-8.1,side,185,-0.5,1.6,25,37.64144115524114,44.7495330458836,37.6638148873315,42.703700374388454,False,43.93,28.4,105589,2781,2636,0,3100,0,0,0,0,0,0,0.0025,,,45.363372023189136,54.94508666741116,14.953900004050523,42.13905033711409,37.498422743697716,94.59191479856617,-0.18331304243662805,2781,0.006828041098883564,152.11994841707678,19.10212032016103,57.550062053995624,-21.31974837022563,51.033948939813456,-7.101498782353038,,1.3006080094038033,26.775721892867917,90.000216865668,18.81967085113596,False,True,True,False,False,False,False,False,False,table,False,,False,,,0.0,
B-50ml-f0.25-p+15.1-above-y351-x+0.1-y-5.1,B,all,50,0.25,15.1,above,351,0.1,-5.1,25,37.64144115524114,13.984229076838627,11.769942152291096,11.93839640534348,False,32.55,28.4,31362,76911,0,0,0,0,0,80,0,0,5798,,8.864499999999342,,101.44823908994667,90.23717771184705,14.369653584994735,37.236029433386626,37.498422743697716,99.49476475713632,4.997895414702066,76911,142.1879553478883,0.19657714647341473,108.3383381188263,9.31074215533975,-107.84690033730672,90.00014154256037,6828089.767699736,,58.449217984613554,93.35986407775849,90.00027815784297,18.860241630897406,True,False,True,False,True,True,False,False,False,rig_clear,False,0.04967070805613028,False,,,0.0,
B-50ml-f0.25-p+14.8-side-y68-x-3.6-y+2.1,B,all,50,0.25,14.8,side,68,-3.6,2.1,25,37.64144115524114,13.984229076838627,11.769942152291096,11.93839640534348,False,56.48,28.4,63461,21399,10806,0,0,0,0,33439,0,0,0,,9.440000000000046,,59.77056294754361,54.65017386032526,8.871033759749972,37.545950907613275,37.498422743697716,99.1282516978926,0.2764927318809757,21399,94.29882744310076,11.414163261293526,7.338169392749763,75.79358992412081,-31.461757511081906,51.432703242020395,23.36437461970881,,13.253346812694767,33.30565117109533,0.35189932086019293,0.09096595627876934,True,True,True,False,True,False,False,False,False,lift,False,1.6635307091699507,False,,,0.0,
B-50ml-f0.25-p+0.7-diagonal-y118-x-1.5-y-0.2,B,all,50,0.25,0.7,diagonal,118,-1.5,-0.2,25,37.64144115524114,13.984229076838627,11.769942152291096,11.93839640534348,False,39.87,28.4,11836,23,0,0,0,0,0,73445,0,0,0,,,,13.22520828594868,1.4443983232052544,6.765409060931753,37.452449497956316,37.498422743697716,94.2619282507183,-0.19199534507247096,23,0.007959211612734251,123.12796170242483,33.28825068141947,25.00147586845958,-8.225259258879278,0.7550425769570169,44.29687365728175,,0.20007497127974594,32.85406751211765,0.049642071563035475,0.006065652030839938,True,True,True,False,False,False,False,False,False,lift,False,,False,,,0.0,
B-50ml-f0.50-p-5.9-diagonal-y48-x-0.0-y+5.0,B,all,50,0.5,-5.9,diagonal,48,-0.0,5.0,25,37.64144115524114,27.968458153677254,23.53988430458219,25.922625482182106,False,39.11,31.4,102509,92261,0,0,928,0,0,0,0,0,0,1.5724999999998823,8.303999999998657,19.60049999999967,6.327588387219091,8.696418584807184,6.765349368546461,37.96315846473511,37.498422743697716,98.71410538325145,5.978570351614726,92261,83.1246121635997,0.8369552143062315,2.4228598183188756,21.91194778044007,8.677292223507452,8.622083806967547,27.977262819214886,-0.13553675478688756,0.27924483066928424,8.883150222285133,1.0021984496368932,0.28896050962915154,False,True,True,False,True,True,True,True,True,table,False,0.057782023828549814,False,,,3.0,
B-100ml-f0.80-p-13.5-side-y291-x+2.8-y+0.6,B,all,100,0.8,-13.5,side,291,2.8,0.6,28,47.4252440598675,54.761678256703064,76.3330187385719,31.950801368259466,False,31.98,31.4,65809,71332,0,0,0,0,0,0,0,0,0,,8.769499999999226,26.300999999984054,16.685211081396968,17.38315536155771,8.932235805089569,58.669154110916374,58.874954642185315,99.43300094346922,5.686064203718921,71332,83.21588057846566,0.7284832065575502,2.3617307305186364,48.84809286583708,9.184549089650606,15.963367481238942,15.313132405854292,5.1580238829522695,5.114837229216485,14.412292130723525,2.4083606804713855,0.9014604774890059,True,True,True,False,True,True,True,False,False,lift,False,0.06050947600142053,False,,,3.0,
B-100ml-f0.25-p+1.1-side-y176-x-2.3-y+5.5,B,all,100,0.25,1.1,side,176,-2.3,5.5,28,47.4252440598675,17.11302445521971,23.854068355803715,-5.697852433223887,False,37.56,28.4,70845,3217,6456,0,0,0,0,43873,0,0,0,,7.078999999998796,,44.22608500913482,19.91231870450774,9.544338584733456,58.03846406898626,58.874954642185315,100.1427833733736,-232.55159636302736,3217,431.44135221073054,522.7821445254767,23.990674297860505,80.9726585432764,-51.32876502173195,19.43927821479645,51.51973457259094,,4248.756663506351,42.897019840065894,2.802002949171065,1.0388269093155462,True,True,True,False,True,False,False,False,False,lift,False,0.08555008212420996,False,,,0.0,
B-100ml-f0.25-p-9.6-diagonal-y145-x-3.7-y-2.2,B,all,100,0.25,-9.6,diagonal,145,-3.7,-2.2,28,47.4252440598675,17.11302445521971,23.854068355803715,-5.697852433223887,False,30.96,28.4,58731,21648,6613,0,0,0,0,21187,0,0,0,,9.469500000000082,,84.97107386239256,75.97410661313106,12.54635443143922,58.4215744721092,58.874954642185315,95.82987511722308,0.43214915883009464,21648,68.64788697348715,9.085034480445813,29.318221167814585,71.63798733172568,-47.855081499170424,8.432163442908028,55.93359726073494,,1300.3263680635403,85.52183547496135,89.99987063725008,23.914240803426267,True,True,True,False,True,False,False,False,False,lift,False,1.5361221893588521,False,,,0.0,
B-60ml-f0.50-p+17.8-above-y14-x+2.7-y+5.5,B,all,60,0.5,17.8,above,14,2.7,5.5,25,40.0,29.473137609610237,28.356481481481474,21.973137609610234,False,27.61,28.71,74233,77669,0,0,0,0,0,0,0,0,0,,9.283499999999854,19.60049999999967,7.755835771683798,11.95888423553123,9.56779803782281,43.08076408466102,43.1,99.14352103061073,4.262623730205209,77669,77.83878603171927,0.3021492997330017,7.324683959857693,21.31686143037364,9.06328026802647,11.001021367375186,30.277683828998917,2.1696979043953326,2.1740209669475656,8.83876763045719,3.510511001897515,1.0975276868236106,True,True,True,False,True,True,True,False,True,lift,False,0.10434862558745231,True,0.21817126000006376,0.20248290457270277,0.311,
B-60ml-f0.50-p+6.7-diagonal-y237-x-2.9-y+2.1,B,all,60,0.5,6.7,diagonal,237,-2.9,2.1,25,40.0,29.473137609610237,28.356481481481474,21.973137609610234,False,27.77,28.4,9488,1097,0,0,0,0,0,1865,0,0,5819,,,,106.40644570085249,75.97100484573183,6.765407455457069,43.02814063830134,43.1,100.28841501219169,0.37246943222114803,1097,0.004089593305076863,270.68571680210243,126.78454026350686,-70.03367262848226,-125.45697568336287,90.00004017708069,25669495.407248806,,0.005090268513144127,68.4442229101667,90.00004008122025,19.998840388203952,True,False,True,False,False,False,False,False,False,rig_clear,False,,False,,,0.0,
B-60ml-f0.25-p+18.4-above-y176-x-4.5-y+4.5,B,all,60,0.25,18.4,above,176,-4.5,4.5,25,40.0,14.736568804805119,14.178240740740737,7.236568804805119,False,66.1,28.4,61286,10473,9985,0,0,0,0,25144,0,0,0,,9.494000000000112,,64.3414118990304,57.692002684872186,9.567735155193297,43.13809722336519,43.1,99.13116157087764,-0.09493638906188373,10473,0.3226507361488495,113.95636903318055,8.068181622462065,78.83704443946682,-32.7715937028164,50.726979714219716,26.500588496098352,,9.143881545869164,19.006907819672836,0.6799989020054354,0.20353412098620796,True,True,True,False,True,False,False,False,False,lift,False,1.7403133234835935,False,,,0.0,
B-60ml-f0.25-p-15.1-diagonal-y98-x+5.7-y+0.8,B,all,60,0.25,-15.1,diagonal,98,5.7,0.8,25,40.0,14.736568804805119,14.178240740740737,7.236568804805119,False,59.76,28.4,47055,234,6556,0,2353,0,0,0,0,0,0,1.1074999999999335,,,38.05850819794897,36.96511926427623,15.52010063134257,56.44278806846957,43.1,86.22002774800103,-0.20023255253701078,234,0.0075450912761860596,156.79955290254722,20.127660134695496,65.6609596795033,-35.2026892068161,25.266185886673416,40.0178632103211,,0.20014036454306072,24.318165066178278,0.42273793530473297,0.12468868733008108,False,True,False,False,False,False,False,False,False,table,False,,False,,,0.0,
B-50ml-f0.50-p+2.8-diagonal-y349-x-3.2-y-4.4,B,all,50,0.5,2.8,diagonal,349,-3.2,-4.4,25,37.64144115524114,27.968458153677254,23.53988430458219,25.922625482182106,False,52.41,28.4,34243,2413,0,0,0,0,0,58380,0,0,0,,,,97.99877184279873,89.12130569380803,6.759271973690514,38.561222050880275,37.498422743697716,97.76536856934474,-0.2079073776981577,2413,0.007906837094477316,118.50661502363059,40.47368396225174,39.80285583870706,10.769024543793874,36.866732778115654,17.885479135436437,,0.0175449089072532,110.85147176218418,90.00030407457743,19.114999578397804,True,True,True,False,False,False,False,False,False,lift,False,,False,,,0.0,
B-60ml-f0.25-p-5.7-diagonal-y21-x+1.6-y-1.8,B,all,60,0.25,-5.7,diagonal,21,1.6,-1.8,25,40.0,14.736568804805119,14.178240740740737,7.236568804805119,False,39.16,28.82,110131,78563,0,0,0,0,0,0,0,0,0,,8.341999999998704,20.01199999999871,7.865311312527627,9.32891266775833,6.765458164941236,43.12994875377816,43.1,99.16541848893415,5.735542141930964,78563,82.66916420178991,0.4554151141238696,4.718854111635782,8.600004140221925,9.27689742745684,9.14761850297291,45.61495267240876,1.7281657182184187,1.7621948474553477,8.335621242184653,0.17921486948397702,0.0466148827071244,True,True,True,False,True,True,True,False,True,lift,False,0.037134108483727404,True,0.2117058145712769,0.2758453774597169,0.421,
B-50ml-f0.25-p-6.2-diagonal-y152-x+4.7-y-3.4,B,all,50,0.25,-6.2,diagonal,152,4.7,-3.4,25,37.64144115524114,13.984229076838627,11.769942152291096,11.93839640534348,False,37.1,28.4,50977,63787,174,0,1397,0,0,0,0,0,0,1.5174999999998884,9.344499999999929,,10.324865633651577,15.471518974373657,6.765204139590218,38.37445669918897,37.498422743697716,98.30922439135388,2.9217444507945167,63787,84.01453209449296,5.081597842423652,9.781720977925083,9.298391733395173,9.003835721185016,12.609530689165977,40.745804592372515,,2448.4561108579337,9.596364811727048,2.729393590113224,0.7966094700561479,False,True,True,False,True,False,False,False,True,table,False,0.2884055488903995,False,,,0.0,
B-60ml-f0.25-p-5.7-above-y234-x+2.7-y+3.4,B,all,60,0.25,-5.7,above,234,2.7,3.4,25,40.0,14.736568804805119,14.178240740740737,7.236568804805119,False,34.6,28.71,52728,80253,0,0,0,0,0,0,0,0,0,,8.34749999999871,19.73849999999935,9.169890352207052,11.894255299623742,9.567810153287947,42.98342467828452,43.1,99.31300386228206,6.272053640045932,80253,78.8673804667175,0.849116093417197,6.820123538755088,9.022614442927841,9.384645852523812,11.227368042261851,44.940399357998004,3.6497381628108068,3.676655791922499,9.686112042245007,0.27404507900006764,0.07865595317442736,True,True,True,False,True,True,True,False,True,lift,False,0.0746285900376979,True,0.3076931598865901,0.2007348482140008,0.309,
B-60ml-f0.50-p-9.2-side-y340-x-5.8-y+0.4,B,all,60,0.5,-9.2,side,340,-5.8,0.4,25,40.0,29.473137609610237,28.356481481481474,21.973137609610234,False,19.35,28.4,10663,612,0,0,2610,0,0,3217,0,0,5685,0.0025,,,94.39215768569476,105.14819726833073,9.266300327235674,45.644745816123326,43.1,92.01137838820505,0.27195434839634436,612,0.004089593302073734,284.7175516899311,127.08871507614047,-6.337866150141752,-125.50671547713743,90.0000401723317,25672529.940869045,,0.7329793967068815,91.07471958714667,90.00008262262288,20.22449657931354,False,False,True,False,False,False,False,False,False,table,False,,False,,,0.0,
B-100ml-f0.50-p+10.4-diagonal-y332-x-1.1-y-1.3,B,all,100,0.5,10.4,diagonal,332,-1.1,-1.3,28,47.4252440598675,34.22604891043942,47.70813671160743,11.415172021995819,False,36.46,28.4,48357,17653,8253,0,0,0,0,18721,0,0,0,,7.335499999998654,,57.60879639255916,44.426607224600374,6.765986158928622,58.66508583485241,58.874954642185315,100.6905172904605,9.974714266862028,17653,105.74450229445694,7.814796435144015,11.992966062264017,83.58254674906365,-27.693250066921582,40.201599215280396,23.79313115659662,,211.98880883765744,52.22183210095107,1.9477895992664194,0.7273241217785412,True,True,True,False,True,False,False,False,False,lift,False,0.32744626605787175,False,,,0.0,
B-60ml-f0.80-p-17.5-above-y16-x-3.3-y+1.8,B,all,60,0.8,-17.5,above,16,-3.3,1.8,25,40.0,47.15702017537638,45.37037037037036,39.65702017537638,False,51.06,28.4,9875,0,0,0,1411,0,0,43,0,0,6263,1.129999999999931,,,3.2336541673168395,16.250174222647043,66.01767216430854,61.864001024223995,43.1,2.5646110840784333,-0.1997762549841714,0,0.006088338240590178,200.26578456600302,9.177690624544573,154.21876959287098,-104.91352097246565,4.034052517493379,14.823546537481736,,0.20002589894709433,4.813478642895564,1.042484112862241,0.3214985829956235,False,False,False,False,False,False,False,False,True,table,False,,False,,,0.0,
B-100ml-f0.50-p-7.5-side-y92-x-1.9-y+2.5,B,all,100,0.5,-7.5,side,92,-1.9,2.5,28,47.4252440598675,34.22604891043942,47.70813671160743,11.415172021995819,False,96.61,28.4,44127,2538,0,0,0,0,0,86299,0,0,0,,,,38.08136848217473,17.27789286288682,20.33296260795945,58.44399651706623,58.874954642185315,97.56520943938611,-0.19243610006786094,2538,0.005131116381679937,121.35710753182018,33.11985414917635,42.535617425549226,-11.384507547492442,16.049340875028147,35.813741636485304,,0.1713581514043,41.28810514726669,79.062143825917,22.905393081892115,True,True,True,False,False,False,False,False,False,lift,False,,False,,,0.0,
B-60ml-f0.50-p+6.9-side-y85-x-1.7-y+2.8,B,all,60,0.5,6.9,side,85,-1.7,2.8,25,40.0,29.473137609610237,28.356481481481474,21.973137609610234,False,33.26,28.4,28584,78130,0,0,0,0,0,108,0,0,5706,,9.300999999999876,,101.5696887384515,90.554962677208,9.488685033804165,43.17672662560994,43.1,99.13479551520464,4.142674366810539,78130,260.38477479285996,1.773482355183637,125.59086949829951,3.886713215955333,-125.37021006292815,89.99993830044525,-16715225.116655303,,793.2598499270033,63.956114727279605,90.00019309232356,20.2129250238372,True,False,True,False,True,True,False,False,False,rig_clear,False,0.09357607674797083,False,,,0.0,
B-60ml-f0.80-p-1.2-above-y278-x+0.8-y-2.9,B,all,60,0.8,-1.2,above,278,0.8,-2.9,25,40.0,47.15702017537638,45.37037037037036,39.65702017537638,False,31.29,28.8,75390,80450,0,0,0,0,0,0,0,0,0,,8.624499999999049,19.90449999999896,1.482573088921288,2.1813975295853996,9.56780886005889,43.11844656963696,43.1,99.17985262505195,5.392313852346467,80450,85.83759105638877,0.4778183802177679,0.5964814650818074,39.990676682842405,9.682367942078745,2.413854471394666,15.334196099218824,0.3427672479809047,0.4532367962015818,3.2630616450999286,0.19488450803963753,0.052066622317529454,True,True,True,True,True,True,True,True,True,,True,0.07448859820018947,True,0.1852402100561221,0.25924784041930693,0.396,
B-100ml-f0.25-p-1.8-diagonal-y43-x-1.8-y-5.4,B,all,100,0.25,-1.8,diagonal,43,-1.8,-5.4,28,47.4252440598675,17.11302445521971,23.854068355803715,-5.697852433223887,False,30.78,28.4,65619,28186,3096,0,0,0,0,107,0,0,0,,9.381999999999975,,40.91578125762611,15.06061587165838,6.765411805916832,57.8789943179596,58.874954642185315,100.3713940049371,3.4530448438010177,28186,81.859132060306,2.741057963596716,18.409634508177888,25.760371402216983,-2.2445576413583495,10.466557040295397,55.146624047750635,,1076.2152413191168,24.521761871913515,0.12534471695004867,0.037936640858468644,True,True,True,False,True,True,False,False,False,lift,False,0.909666813077391,False,,,0.0,
B-100ml-f0.25-p+4.8-side-y256-x+1.4-y-5.5,B,all,100,0.25,4.8,side,256,1.4,-5.5,28,47.4252440598675,17.11302445521971,23.854068355803715,-5.697852433223887,False,39.45,28.93,77024,80075,0,0,0,0,0,0,0,0,0,,9.305499999999881,19.60049999999967,8.128959772970852,8.567454153531244,9.283584085362826,58.894203590417426,58.874954642185315,99.59694122567433,4.4380560673800415,80075,83.33176366101463,0.38256562814034745,3.578980647373732,22.260229645768472,-2.2868716548897634,1.6819893631023985,58.49705563784355,-0.07512512470274806,0.3093892490867141,6.031794962967743,0.101549271986869,0.029218653108872995,True,True,True,False,True,True,False,True,True,lift,False,0.07157944233364837,True,0.22296182872537326,0.34580775290465504,0.526,
B-60ml-f0.80-p+9.3-above-y225-x+4.7-y-0.0,B,all,60,0.8,9.3,above,225,4.7,-0.0,25,40.0,47.15702017537638,45.37037037037036,39.65702017537638,False,40.87,28.7,103344,77723,0,0,0,0,0,0,0,0,0,,9.288999999999861,19.60049999999967,2.1233043349780294,2.929937819719243,9.56780264048098,43.087671229865926,43.1,99.15847534655921,4.180752035609581,77723,76.65407099091429,1.0193787299620873,5.389930260201728,39.736122451747725,9.688683974185624,2.38002700376801,15.344841932591311,2.2815794242642755,2.2848257574303963,1.9907747969384635,0.27990064905111867,0.07876198015102416,True,True,True,True,True,True,True,False,True,recap,False,0.15036597553218106,True,0.2734556842532281,0.1974379430108281,0.304,
B-50ml-f0.80-p+8.7-diagonal-y238-x-3.3-y+4.0,B,all,50,0.8,8.7,diagonal,238,-3.3,4.0,25,37.64144115524114,44.7495330458836,37.6638148873315,42.703700374388454,False,92.37,28.4,28342,2347,0,0,0,0,0,71714,0,0,0,,,,473.38779019468177,85.63931145737259,6.765406471597398,39.49833636316509,37.498422743697716,96.51202569409612,-0.6232225286826459,2347,1.1791665061560106,118.54228420006869,34.14184544343649,55.173705274188464,8.209506905143659,36.299174707653414,1.3635430199762395,,2.4207167503794786,981.8420305386518,89.99833453337578,19.033726211117386,True,True,True,False,False,False,False,False,False,lift,False,,False,,,0.0,
B-60ml-f0.80-p+19.8-side-y245-x+1.0-y+3.3,B,all,60,0.8,19.8,side,245,1.0,3.3,25,40.0,47.15702017537638,45.37037037037036,39.65702017537638,False,33.67,28.86,100408,78843,0,0,0,0,0,40,0,0,0,,9.288999999999861,19.60049999999967,10.45342824825775,15.18144198809189,8.671364934888397,42.97916335808949,43.1,99.27342889347085,4.116901206175166,78843,81.99738282321337,0.896419646687261,2.310300693596633,39.37302934892833,9.221636484497726,16.3063796515939,10.827235792520286,0.34902762411844285,0.43172803868555587,8.842559136506498,0.8717527161165217,0.25760895496504377,True,True,True,False,True,True,True,True,True,lift,False,0.04516478271915387,True,0.15934677079866083,0.2992169013114632,0.456,
B-50ml-f0.25-p-8.6-diagonal-y359-x-5.9-y+0.4,B,all,50,0.25,-8.6,diagonal,359,-5.9,0.4,25,37.64144115524114,13.984229076838627,11.769942152291096,11.93839640534348,False,103.76,28.4,56185,4441,869,0,1956,0,0,23332,0,0,0,1.3149999999999107,,,308.94634765984637,91.60749698844921,6.7689922618014915,43.08895212809342,37.498422743697716,93.62362759364315,-1.9781513984597487,4441,3.610787242210062,117.85438462848808,45.29882802977531,21.90342614931995,8.40280389050678,22.112270067035936,37.66562238681424,,3.8737722114717195,409.2192834068617,89.997770116844,19.092268019666648,False,True,False,False,False,False,False,False,False,table,False,,False,,,0.0,
B-50ml-f0.80-p+11.5-diagonal-y202-x+2.6-y-0.9,B,all,50,0.8,11.5,diagonal,202,2.6,-0.9,25,37.64144115524114,44.7495330458836,37.6638148873315,42.703700374388454,False,49.63,28.4,100069,64285,0,0,0,0,0,22,0,0,0,,9.315999999999894,,47.81586445611323,41.242905130958206,6.765405174105576,37.53660060876574,37.498422743697716,99.11908484788617,3.5297237627696516,64285,79.35993909001888,1.584915918614227,2.9107297763449,36.96218429077334,9.759562133669464,6.296217700039585,11.892761765983677,,13.755801614024097,29.80595742611939,0.8246694138660059,0.2327513057835795,True,True,True,False,True,True,True,False,False,lift,False,0.08292784819476527,False,,,0.0,
B-50ml-f0.80-p-14.5-diagonal-y185-x+2.8-y-4.2,B,all,50,0.8,-14.5,diagonal,185,2.8,-4.2,25,37.64144115524114,44.7495330458836,37.6638148873315,42.703700374388454,False,56.98,28.4,42210,0,1236,0,2502,0,0,0,0,0,0,1.0424999999999407,,,7.387357441769372,7.99179768731514,18.426129703546373,53.11066362021365,37.498422743697716,84.17132255128908,-0.20072417409411347,0,0.0033477625289596575,160.37518874538117,21.67961425417582,55.97767467881737,-7.08264784585591,6.32192103792578,11.8851021985133,,0.20002315753694347,16.729367087820233,1.037424085248394,0.29509089859482435,False,True,False,False,False,False,False,False,False,table,False,,False,,,0.0,
B-60ml-f0.50-p-19.6-side-y192-x+3.7-y+5.8,B,all,60,0.5,-19.6,side,192,3.7,5.8,25,40.0,29.473137609610237,28.356481481481474,21.973137609610234,False,63.36,28.4,29111,0,4985,0,3883,12,0,0,0,0,0,0.0025,,,39.7504224455576,37.32460787952734,100.68347986722652,63.81382836802344,43.1,78.89387153597522,-0.200947096920423,0,0.0032800919601835947,170.30679289526591,25.447743657671996,58.947085167318434,-8.956793988835768,32.89452784605391,22.134578624684806,,0.20003661153338984,19.3450757271344,2.7449640756575744,0.8556292737927724,False,True,False,False,False,False,False,False,False,table,False,,False,,,0.0,
B-100ml-f0.80-p+1.3-side-y59-x+4.4-y-4.2,B,all,100,0.8,1.3,side,59,4.4,-4.2,28,47.4252440598675,54.761678256703064,76.3330187385719,31.950801368259466,False,31.68,28.4,43685,63454,0,0,0,0,0,0,0,0,0,,9.04199999999956,,20.700209140888862,19.83346810701527,8.201141261323444,58.48543352309141,58.874954642185315,99.6625780770472,5.473531881718189,63454,81.47076805100325,1.5928571366052433,6.652684643182059,46.64666501332813,11.592506402392482,4.755714761706074,19.687619752354426,,15.537095462355905,4.064887740376458,0.35357150555842665,0.12552819117602593,True,True,True,False,True,True,True,False,True,lift,False,0.16036547591336525,False,,,0.0,
B-100ml-f0.50-p-7.1-side-y216-x+5.8-y-6.0,B,all,100,0.5,-7.1,side,216,5.8,-6.0,28,47.4252440598675,34.22604891043942,47.70813671160743,11.415172021995819,False,27.89,28.7,46667,74280,0,0,0,0,0,0,0,0,0,,9.30399999999988,19.60049999999967,18.874526376972142,18.29125719793062,7.740499092095288,58.18188281009834,58.874954642185315,100.04012622575878,4.405519395062216,74280,76.17348357048903,1.0247692061257316,12.075396126161365,26.80508494521014,13.25604044180384,15.640627247563991,35.979959144808994,0.7964491076936094,0.8436573514455938,16.322256758593834,0.7371434106325107,0.2663831045361488,True,True,True,False,True,True,False,True,False,lift,False,0.2503383261341885,True,0.4446655068574019,0.1957111614920834,0.301,
B-60ml-f0.25-p+1.2-above-y237-x-4.1-y-4.7,B,all,60,0.25,1.2,above,237,-4.1,-4.7,25,40.0,14.736568804805119,14.178240740740737,7.236568804805119,False,21.61,28.4,6740,399,0,0,0,0,0,3463,0,0,5790,,,,99.40241103656997,71.25760418575848,9.567272258668213,43.184369394521646,43.1,97.85891621607381,0.23444958701916707,399,0.004093612577527148,256.4035824459884,109.42892486841417,-44.42401701955251,-107.47275551069468,90.00016589918367,6216619.37534611,,0.10110744566413592,48.50368968258718,90.00016614839265,19.99893153563534,True,False,True,False,False,False,False,False,False,rig_clear,False,,False,,,0.0,
B-50ml-f0.50-p+11.1-diagonal-y101-x-2.9-y+0.3,B,all,50,0.5,11.1,diagonal,101,-2.9,0.3,25,37.64144115524114,27.968458153677254,23.53988430458219,25.922625482182106,False,21.51,28.4,8170,611,0,0,0,0,0,5226,0,0,5559,,,,108.01371477223529,83.1927037537532,6.7654053160572385,37.36141308687306,37.498422743697716,101.69899528145235,0.2626877158555391,611,0.004101377668307753,274.4056051340856,126.15706487540798,-78.50028348165064,-126.00261962302251,90.00015280946502,6324632.2648508875,,0.017507508334472753,74.23569642176074,90.00015271947879,18.81958365073733,True,False,True,False,False,False,False,False,False,rig_clear,False,,False,,,0.0,
B-100ml-f0.25-p+3.4-above-y203-x+5.4-y-1.6,B,all,100,0.25,3.4,above,203,5.4,-1.6,28,47.4252440598675,17.11302445521971,23.854068355803715,-5.697852433223887,False,36.9,28.7,73624,77987,0,0,0,0,0,0,0,0,0,,8.269999999998616,19.60049999999967,4.351301125456095,4.291400056140077,9.567806981242267,58.59021854974046,58.874954642185315,99.50226872028495,6.238583726574529,77987,78.09881127001273,1.1092793337357862,10.28684446826361,24.114034790931477,-3.3117026836499,3.9898832779074227,57.62619540015355,1.3936729490310162,1.4214793486466422,4.664097030400286,0.16379999232706197,0.05216483205042124,True,True,True,False,True,True,False,False,True,lift,False,0.17439721936882255,True,0.24071780639749954,0.19587614793916708,0.301,
B-60ml-f0.80-p+10.5-diagonal-y186-x-1.4-y+4.0,B,all,60,0.8,10.5,diagonal,186,-1.4,4.0,25,40.0,47.15702017537638,45.37037037037036,39.65702017537638,False,43.85,28.4,13039,1673,0,0,0,0,0,19165,0,0,6286,,,,110.94993509126415,71.18870156962109,42.709762704422616,43.082095859473974,43.1,99.39151794111584,-0.20002479768831127,1673,0.0032316004126109535,206.1205898432726,45.76792029358078,155.94000564928353,-106.04747256025637,1.2808133068334815,15.690533418065547,,0.865107898566412,52.96425321229217,90.00020709216287,20.05533121920165,True,False,True,False,False,False,False,False,False,rig_clear,False,,False,,,0.0,
B-100ml-f0.80-p+11.1-diagonal-y220-x-5.2-y+5.2,B,all,100,0.8,11.1,diagonal,220,-5.2,5.2,28,47.4252440598675,54.761678256703064,76.3330187385719,31.950801368259466,False,32.19,28.4,10791,1619,0,0,0,0,0,160,0,0,5577,,,,120.983754427104,92.56154815848308,6.765405281890402,57.948315616620064,58.874954642185315,101.0451390437091,0.42649336855025977,1619,0.004270213652329405,326.290715627921,149.80848550061597,-85.04759456724841,-147.07988341338748,89.99997730433819,-54439144.54953536,,0.004666053091403564,81.71418186174863,89.99997725997605,23.7114224003828,True,False,True,False,False,False,False,False,False,rig_clear,False,,False,,,0.0,
B-50ml-f0.80-p-18.3-above-y123-x-5.9-y+2.7,B,all,50,0.8,-18.3,above,123,-5.9,2.7,25,37.64144115524114,44.7495330458836,37.6638148873315,42.703700374388454,False,35.02,28.4,10413,0,0,0,1525,0,0,49,0,0,6270,1.0424999999999407,,,1.7571606622240339,7.877415749758754,65.33229299296676,62.22415148421992,37.498422743697716,1.036703277084889,-0.20007151836534676,0,0.0024523224102084005,194.79949260299918,4.303356877319706,150.07541218756356,-102.90606284414687,0.9304265522191599,13.479925389999273,,0.20305766278920645,16.57683349967929,8.405913499259546,2.461479664789619,False,False,False,False,False,False,False,False,False,table,False,,False,,,0.0,
B-100ml-f0.80-p+11.9-diagonal-y138-x-0.8-y-2.3,B,all,100,0.8,11.9,diagonal,138,-0.8,-2.3,28,47.4252440598675,54.761678256703064,76.3330187385719,31.950801368259466,False,28.33,28.4,66362,66762,3883,0,0,0,0,10383,0,0,0,,9.33749999999992,,86.72031274099993,54.353698268362734,6.765404938052027,58.66777097258397,58.874954642185315,99.5215207995481,4.156638346813512,66762,76.1841036957868,1.8376754499813919,8.743780250801104,104.28998363420908,-24.378628715705673,49.62875165564859,-3.8819026308291282,,22.678720240945122,68.77850253300346,89.99986542898635,23.711338118688083,True,True,True,False,True,True,False,False,False,lift,False,0.2800948878065279,False,,,0.0,
B-60ml-f0.25-p+13.6-above-y89-x-5.7-y+3.7,B,all,60,0.25,13.6,above,89,-5.7,3.7,25,40.0,14.736568804805119,14.178240740740737,7.236568804805119,False,66.3,28.4,6626,79,0,0,0,0,0,4145,0,0,5839,,5.031499999999931,,118.50480176560919,91.02806918446514,9.56773770538162,42.187930919662946,43.1,104.01946470338332,2.339285912686409,79,1.2953185107640193,295.3458474668915,132.54634976884526,-60.444595323019826,-107.89829248800476,90.00010593392413,9735589.226696275,,2.596276995953184,96.85099217324772,90.00093094576984,19.999329147982248,True,False,True,False,True,False,False,False,False,rig_clear,False,0.00047797289464829,False,,,0.0,
B-50ml-f0.80-p+8.1-diagonal-y138-x-0.4-y-5.6,B,all,50,0.8,8.1,diagonal,138,-0.4,-5.6,25,37.64144115524114,44.7495330458836,37.6638148873315,42.703700374388454,False,32.49,31.4,116737,89678,0,0,0,0,0,321,0,0,0,,9.022999999999536,19.60049999999967,4.6240233348332405,7.20878646063897,6.7654074601540755,37.361458776477654,37.498422743697716,99.31703595628117,4.903543086120732,89678,84.63907513980986,0.6462567069777441,0.12649397383636318,37.23236656576202,9.788847410079072,6.644439779562121,11.788926190827176,0.060958369741015796,0.33337613295262697,33.31234422505292,0.43295870840157064,0.11992024187597582,True,True,True,False,True,True,True,True,False,lift,False,0.01269595889585348,False,,,3.0,
B-60ml-f0.25-p-15.4-side-y290-x+5.3-y-3.1,B,all,60,0.25,-15.4,side,290,5.3,-3.1,25,40.0,14.736568804805119,14.178240740740737,7.236568804805119,False,58.21,28.4,46504,0,5996,0,3805,0,0,0,0,0,0,0.0025,,,28.575391902394298,26.960816493775997,73.95880465732986,57.4152584006562,43.1,87.12176855867676,-0.20068337487842702,0,0.004052519841202934,156.85765659893462,26.105349143239188,57.67552050187912,-21.665547574777857,30.40525446958761,37.95067485417095,,0.20006534156240752,10.832801204447533,1.235489568021289,0.3830628599239403,False,True,False,False,False,False,False,False,False,table,False,,False,,,0.0,
B-60ml-f0.80-p+15.2-above-y210-x-1.7-y+0.8,B,all,60,0.8,15.2,above,210,-1.7,0.8,25,40.0,47.15702017537638,45.37037037037036,39.65702017537638,False,24.08,28.4,15174,2240,0,0,0,0,0,5736,0,0,6308,,,,110.17727318503931,95.02427409949028,9.567736849306458,42.847631837133086,43.1,101.07067595023294,1.7658451101234263,2240,0.004073850606165275,293.2431886656803,151.70985837893124,-25.43860616894858,-135.84692730811977,90.00010436507318,9881904.733722448,,0.02742767936473713,68.45616754580504,90.00010417906493,19.998862405667165,True,False,True,False,False,False,False,False,False,rig_clear,False,,False,,,0.0,
B-60ml-f0.50-p-12.4-side-y285-x+4.1-y+3.0,B,all,60,0.5,-12.4,side,285,4.1,3.0,25,40.0,29.473137609610237,28.356481481481474,21.973137609610234,False,39.91,28.4,10928,1810,0,0,3523,0,0,4381,0,0,5700,0.0025,8.632499999999059,,183.47563813157572,116.14051953051028,19.122000361609693,51.02423468136822,43.1,91.77261376733802,4.657833880907347,1810,0.33475738895046403,255.97595015523532,207.52555533481564,-7.215751751429187,-125.50123796127698,90.00003394649328,30380904.71966895,,5.258623105427174,163.08114949309166,90.0003044424106,19.9989428363271,False,False,False,False,True,False,False,False,False,table,False,1.8280675005472782,False,,,0.0,
B-50ml-f0.80-p+15.7-side-y67-x+3.1-y-1.0,B,all,50,0.8,15.7,side,67,3.1,-1.0,25,37.64144115524114,44.7495330458836,37.6638148873315,42.703700374388454,False,34.35,28.74,80781,78164,0,0,0,0,0,0,0,0,0,,8.738999999999189,19.60049999999967,6.842848826823655,11.042453723239793,8.807198478115897,37.43068337786104,37.498422743697716,99.21115936180453,5.1487607922335865,78164,80.78190447881308,0.5227746469137271,3.687578185569976,36.639460012417054,9.61280590075586,10.527664673809769,10.619163322093016,1.6709415579172773,1.6754415921922001,6.6293381475361635,0.1487293926391933,0.03475944318995676,True,True,True,False,True,True,True,False,True,lift,False,0.08436329617269056,True,0.21975194563347855,0.2207964488373091,0.339,
B-100ml-f0.80-p-8.9-above-y143-x+5.1-y-4.4,B,all,100,0.8,-8.9,above,143,5.1,-4.4,28,47.4252440598675,54.761678256703064,76.3330187385719,31.950801368259466,False,25.46,28.4,41096,62755,1436,0,0,0,0,0,0,0,0,,8.683999999999122,,26.537158160941164,25.503889685505936,9.5677486605161,57.954546060415296,58.874954642185315,100.4927196658422,5.900113839310883,62755,102.53467145820332,1.2879007220137093,6.1251485299783335,49.786144626431344,8.934092437728719,10.643527467477995,17.42905220092287,,3128.0374202411376,9.39813224308101,0.9544522171933205,0.35268060316159633,True,True,True,False,True,True,False,False,True,lift,False,0.19596287839210508,False,,,0.0,
B-100ml-f0.50-p+18.0-side-y288-x+3.8-y-5.0,B,all,100,0.5,18.0,side,288,3.8,-5.0,28,47.4252440598675,34.22604891043942,47.70813671160743,11.415172021995819,False,24.7,28.4,47322,61319,4,0,0,0,0,0,0,0,0,,9.261999999999828,,7.79172370095505,9.426135462517388,9.099452847727084,58.86014072952522,58.874954642185315,99.63520247920567,5.102031415619976,61319,80.68088893017088,2.044179448532179,7.265166684718401,25.650356478826378,9.926145134316332,11.108354414449607,37.78327774695772,,1853.2689147370309,3.1446186022114957,1.6864550751341914,0.6280819466930969,True,True,True,False,True,True,False,False,True,lift,False,0.08824271041025657,False,,,0.0,
B-100ml-f0.50-p-10.5-diagonal-y162-x+0.1-y+3.7,B,all,100,0.5,-10.5,diagonal,162,0.1,3.7,28,47.4252440598675,34.22604891043942,47.70813671160743,11.415172021995819,False,43.28,31.4,92740,71669,0,0,0,0,0,0,0,0,0,,9.26349999999983,22.747499999992336,15.545691600374312,13.850091770994752,6.765416354346604,58.307460588550306,58.874954642185315,99.46671694620474,5.136977909893564,71669,85.65175460775274,1.2109280020094275,1.9441143455957033,28.236131822580564,9.160692379551111,11.399300847569744,37.669439867598896,4.541806505795709,4.537990615442248,15.274537130974721,0.0,-0.0015700547271792966,True,True,True,False,True,True,True,False,False,lift,False,0.057242122381271084,False,,,3.0,
B-100ml-f0.50-p-3.7-above-y214-x-1.1-y-2.3,B,all,100,0.5,-3.7,above,214,-1.1,-2.3,28,47.4252440598675,34.22604891043942,47.70813671160743,11.415172021995819,False,32.13,28.4,53664,2413,6558,0,0,0,0,35905,0,0,0,,7.354999999998643,,50.96976655139131,46.2794121310176,9.56789619425158,58.321110934898655,58.874954642185315,97.74211838203324,14.819927236727537,2413,358.4532589300612,447.4182889716391,14.304012796487886,106.6738814805235,-67.38089678105425,28.570477227055,30.274526687354182,,5696.121215609035,34.970419795245164,5.680756967658697,2.129970575770141,True,True,True,False,True,False,False,False,False,lift,False,0.6416334387663085,False,,,0.0,
B-50ml-f0.80-p-12.2-side-y226-x-0.0-y+2.8,B,all,50,0.8,-12.2,side,226,-0.0,2.8,25,37.64144115524114,44.7495330458836,37.6638148873315,42.703700374388454,False,48.02,28.4,63963,1190,2052,0,3735,0,0,0,0,0,0,0.0025,,,19.873066374847667,22.115369883752077,53.04122938515713,49.27421246638196,37.498422743697716,87.8117677198817,-0.19672039421965437,1190,0.008552732460294612,153.4537913572363,18.715119601979335,62.11087775640308,-17.365947334896436,7.64794443063923,11.488842247186735,,0.20002421297199263,33.20252744785245,2.7433338406396603,0.8028772533205129,False,True,False,False,False,False,False,False,False,table,False,,False,,,0.0,
B-50ml-f0.80-p+14.6-side-y2-x-3.7-y-4.7,B,all,50,0.8,14.6,side,2,-3.7,-4.7,25,37.64144115524114,44.7495330458836,37.6638148873315,42.703700374388454,False,36.04,28.4,69766,19118,7757,0,0,0,0,38266,0,0,0,,9.446000000000053,,58.939810544066454,53.93621295620243,9.561900339874287,37.4223571966213,37.498422743697716,99.26692231205965,0.232304689129742,19118,94.97351447534443,9.957165699180573,9.224120903839918,90.41857267520494,-25.917497245056126,42.35770976946551,-1.6258186007689097,,1197.542445147936,163.58821506348835,90.0002024983884,19.09210504886723,True,True,True,False,True,False,False,False,False,lift,False,1.747287522961227,False,,,0.0,
B-100ml-f0.25-p+9.2-diagonal-y16-x+0.7-y+2.9,B,all,100,0.25,9.2,diagonal,16,0.7,2.9,28,47.4252440598675,17.11302445521971,23.854068355803715,-5.697852433223887,False,34.53,28.7,100809,79429,0,0,0,0,0,0,0,0,0,,9.282999999999854,19.60049999999967,11.776902765878871,12.558625252243681,6.765450368565587,58.43866702800743,58.874954642185315,99.87484705746186,4.893188116986247,79429,84.70157414901183,0.7645436863746963,2.716461015730738,22.59610762079508,-2.8196784703347353,6.723402156363884,56.588147927349404,0.1558208301366534,0.3659971186570202,7.859490848866032,1.7413646664521338,0.6507698755483922,True,True,True,False,True,True,False,True,True,lift,False,0.05685120404454526,True,0.16143430188910873,0.19422566954810822,0.299,
B-50ml-f0.50-p-11.9-side-y139-x+3.3-y+1.5,B,all,50,0.5,-11.9,side,139,3.3,1.5,25,37.64144115524114,27.968458153677254,23.53988430458219,25.922625482182106,False,48.42,28.4,46135,1289,6340,0,3696,0,0,0,0,0,0,0.0025,,,25.25925323216834,26.3638015019387,51.78764726639908,48.89920810904514,37.498422743697716,88.31569941124461,-0.19652907183415058,1289,0.010089636751774544,157.15785716511576,21.29878779157023,51.69221158989972,-17.697303579691194,9.197401094995616,27.8037250335121,,0.20013163196033085,19.23314324242846,0.2561953989607281,0.06662825601528671,False,True,False,False,False,False,False,False,False,table,False,,False,,,0.0,
B-60ml-f0.50-p+0.5-diagonal-y43-x-2.2-y-5.7,B,all,60,0.5,0.5,diagonal,43,-2.2,-5.7,25,40.0,29.473137609610237,28.356481481481474,21.973137609610234,False,20.22,28.4,9572,1140,0,0,0,0,0,3191,0,0,5619,,,,270.51155198436766,72.17452278791708,6.765410664682142,43.18553241520743,43.1,97.62350529886133,0.33831188179705984,1140,0.004065848818070939,342.7677065831825,283.2333162684394,-70.34390203561068,-125.02199943682352,90.00004016386623,25677941.0147239,,0.006834551513954168,267.02446365367706,90.00004007486251,19.998840384416514,True,False,True,False,False,False,False,False,False,rig_clear,False,,False,,,0.0,
B-50ml-f0.25-p-15.0-above-y328-x+2.5-y+2.6,B,all,50,0.25,-15.0,above,328,2.5,2.6,25,37.64144115524114,13.984229076838627,11.769942152291096,11.93839640534348,False,39.57,28.4,63070,0,12100,0,2422,0,0,4668,0,0,0,1.1349999999999305,,,72.09516401810546,89.078239571772,21.77253203630584,56.10038270688004,37.498422743697716,80.42458295564921,-0.19520383774138117,0,0.006906874688319686,143.8398911637716,10.735325100792048,63.710210151758176,-43.152089801350336,14.562845795323842,40.13709294454062,,0.5123520325313058,19.34444507576078,90.00059227253347,19.11349906583911,False,True,False,False,False,False,False,False,False,table,False,,False,,,0.0,
B-60ml-f0.80-p+14.0-side-y148-x-5.6-y+3.6,B,all,60,0.8,14.0,side,148,-5.6,3.6,25,40.0,47.15702017537638,45.37037037037036,39.65702017537638,False,18.05,28.4,8924,391,0,0,0,0,0,2242,0,0,6296,,,,105.52290740932958,84.30084994678914,11.633569908878219,42.33038004686723,43.1,102.33757231523599,0.2633415443688003,391,0.004073850608382633,284.3222484993138,135.92874443260678,-55.021241326929896,-135.91703120433647,90.00010417498687,9899936.047335288,,2.988704428337535,113.32481907543468,90.0033633226457,20.317503564503905,True,False,True,False,False,False,False,False,False,rig_clear,False,,False,,,0.0,
B-100ml-f0.50-p+19.9-above-y272-x-0.6-y-4.2,B,all,100,0.5,19.9,above,272,-0.6,-4.2,28,47.4252440598675,34.22604891043942,47.70813671160743,11.415172021995819,False,36.37,28.7,82961,70969,0,0,0,0,0,78,0,0,0,,9.358999999999947,19.60049999999967,50.936900870659706,37.82785252644707,9.568224353522808,58.5446187337204,58.874954642185315,99.86515216849055,3.5033499464708626,70969,85.27990826678436,1.9806076278321068,3.56358272762132,27.015177566757547,10.77787576809161,20.49956813217384,33.95494699226899,6.731344680093347,6.753018112809602,39.59966199768822,0.6458884126273334,0.23784623970995664,True,True,True,False,True,True,True,False,False,lift,False,0.11387318665724333,True,0.5226613662104661,0.19711079264169323,0.304,
B-100ml-f0.80-p-12.9-diagonal-y12-x+3.1-y+3.8,B,all,100,0.8,-12.9,diagonal,12,3.1,3.8,28,47.4252440598675,54.761678256703064,76.3330187385719,31.950801368259466,False,37.72,28.4,54176,52949,0,0,0,0,0,0,0,0,0,,9.330499999999912,,22.83807148704381,23.21191537881977,6.765417644097452,58.1194852755066,58.874954642185315,100.05559938980828,3.708231008298049,52949,87.90758040896132,1.4318084231613815,4.062592494115876,47.18493526675397,11.215298763008114,14.199343263884304,16.02532790802526,,15.865246545947127,2.333731270514896,0.4395747093556508,0.15496324388847557,True,True,True,False,True,True,True,False,True,lift,False,0.03844315394734569,False,,,0.0,
B-50ml-f0.25-p+5.9-side-y220-x+3.7-y+0.3,B,all,50,0.25,5.9,side,220,3.7,0.3,25,37.64144115524114,13.984229076838627,11.769942152291096,11.93839640534348,False,39.89,28.73,65283,80633,0,0,0,0,0,0,0,0,0,,8.52699999999893,19.609999999999648,1.7379781937221659,1.680366113094123,7.329350839847002,37.44152370306652,37.498422743697716,99.23813316140898,5.507525746476228,80633,80.93394218414925,0.27783324825065897,6.289169049325057,6.581827459574339,9.625499725167671,1.1616238990863956,44.177142018929516,2.351761306114687,2.3677373791509364,2.3226996225909997,0.21572044689205486,0.05426393742456002,True,True,True,True,True,True,True,False,True,recap,False,0.10364631035366909,True,0.24026988733439947,0.21579247344245986,0.331,
B-100ml-f0.50-p+16.5-above-y172-x+0.7-y+0.5,B,all,100,0.5,16.5,above,172,0.7,0.5,28,47.4252440598675,34.22604891043942,47.70813671160743,11.415172021995819,False,40.61,31.4,72993,91174,0,0,0,0,0,0,0,0,0,,9.265499999999832,19.60049999999967,11.8055508414367,13.962955120406571,9.567736287879006,58.87972079380906,58.874954642185315,99.33324180433029,5.133411699194373,91174,82.89752971105236,0.7569429075967096,4.6308757130991545,26.891168991418482,9.029248279853185,12.715326589463952,37.1515093628157,0.02475767272190174,0.2766158071943288,13.153129636087485,0.27349753922762643,0.08956250730615278,True,True,True,False,True,True,True,True,False,lift,False,0.06325688032812542,False,,,3.0,
B-50ml-f0.50-p-11.9-side-y118-x+2.5-y+3.4,B,all,50,0.5,-11.9,side,118,2.5,3.4,25,37.64144115524114,27.968458153677254,23.53988430458219,25.922625482182106,False,56.22,28.75,47127,1926,10172,0,3678,0,0,0,0,0,0,0.0025,7.665999999998471,21.465999999995322,37.38306143646276,39.59782996758695,51.795678777988904,48.61344128857693,37.498422743697716,90.26666284029871,4.026774468123592,1926,0.5701414249586457,147.85517711186532,15.143586150819173,62.63029653056523,-28.430526855203446,16.84997836682773,25.42616630611426,2.0122275023296092,2.285543403862006,2.7388275626544205,0.6797109498883456,0.1871238282603424,False,True,False,False,True,False,False,False,True,table,False,0.9552924727459551,True,0.3509513958257091,0.2255859931087906,0.346,
B-100ml-f0.50-p-0.9-above-y193-x-1.2-y+3.4,B,all,100,0.5,-0.9,above,193,-1.2,3.4,28,47.4252440598675,34.22604891043942,47.70813671160743,11.415172021995819,False,20.39,28.4,9802,1477,0,0,0,0,0,88,0,0,5959,,,,150.23570364231009,90.24390529357053,9.567746404139834,58.30021254061588,58.874954642185315,99.84396147568377,0.43887117612533,1477,0.004234598462644361,361.49406915453795,157.02291744706065,-88.11956638594438,-124.85461599325942,89.99991172921578,-13997034.28081129,,0.005012852660947155,128.07353185085805,89.99991167382514,23.71131816707735,True,False,True,False,False,False,False,False,False,rig_clear,False,,False,,,0.0,
B-100ml-f0.50-p-18.3-above-y113-x+4.9-y+5.8,B,all,100,0.5,-18.3,above,113,4.9,5.8,28,47.4252440598675,34.22604891043942,47.70813671160743,11.415172021995819,False,65.17,31.4,41426,1464,7208,0,2823,0,0,24391,0,0,0,1.3274999999999093,14.769500000006559,26.22499999998423,146.17873383538634,94.06054166145043,12.454600017759779,65.20713851187672,58.874954642185315,92.84596679324073,-0.20149073765293735,1464,0.0033921749995873855,131.80463597752032,10.593567396919653,117.89812846486332,13.09512806964741,96.52008724058298,230.69494623968984,3.2953290155725603,3.2276236160464897,143.11806916539012,89.9998255519917,23.79327354184116,False,True,False,False,False,False,False,False,False,table,False,1.859352804405724,False,,,3.0,
B-100ml-f0.80-p+6.1-above-y116-x+3.5-y+3.0,B,all,100,0.8,6.1,above,116,3.5,3.0,28,47.4252440598675,54.761678256703064,76.3330187385719,31.950801368259466,False,26.5,28.4,52616,60519,0,0,0,0,0,0,0,0,0,,9.351999999999938,,18.68145564121173,24.181041776826213,9.567742761608516,58.21336485077194,58.874954642185315,99.9981317865534,3.0091085325589932,60519,85.06185323426152,1.9590896770295994,4.5733835764213655,46.61481583591409,10.798018229604272,3.6420275042902244,20.109045137490856,,446.8870823602081,12.94497693183275,2.904432875038451,1.0883654465869184,True,True,True,False,True,True,True,False,False,lift,False,0.03116123473799496,False,,,0.0,
B-60ml-f0.50-p-9.9-side-y219-x-4.9-y-5.6,B,all,60,0.5,-9.9,side,219,-4.9,-5.6,25,40.0,29.473137609610237,28.356481481481474,21.973137609610234,False,73.92,28.7,56509,11477,8487,0,3001,0,0,20742,0,0,0,0.0025,9.488500000000105,19.60049999999967,47.03680405720313,25.806518252233182,10.98863471779668,46.878409773360765,43.1,95.32064237124482,1.1750820984936794,11477,0.3045780157143397,118.26221057825848,7.6237719057782485,80.84942239869439,-42.34981531095336,22.629779018203646,26.27320680115082,3.8735501073274463,4.241660533851917,30.77467102357208,0.0018582610435821944,-0.001388788646926608,False,True,True,False,True,False,False,False,False,table,False,1.3088722431869553,True,0.7245012380090958,0.19631048078373672,0.304,
B-60ml-f0.50-p+16.5-diagonal-y276-x+2.5-y-1.7,B,all,60,0.5,16.5,diagonal,276,2.5,-1.7,25,40.0,29.473137609610237,28.356481481481474,21.973137609610234,False,36.06,28.75,76822,79005,0,0,0,0,0,0,0,0,0,,9.012499999999523,19.60049999999967,6.954989357125575,11.082763822038572,6.765447026127393,43.00232798773739,43.1,99.24431130249367,4.810382930917068,79005,80.1746480131312,0.6772703067560271,6.301053527963649,21.203877463810876,9.411415805747433,10.705835959819856,30.373828166116215,1.5476157147635878,1.5470069262552144,7.0129533844443985,0.5396401714271792,0.16287078581320372,True,True,True,False,True,True,True,False,True,lift,False,0.11919143763567648,True,0.20528773140562523,0.22587106298432524,0.346,
B-50ml-f0.80-p+7.2-diagonal-y118-x-5.7-y+5.5,B,all,50,0.8,7.2,diagonal,118,-5.7,5.5,25,37.64144115524114,44.7495330458836,37.6638148873315,42.703700374388454,False,18.34,28.4,7146,77,0,0,0,0,0,5758,0,0,6249,,,,101.95771596544888,96.69378217579904,6.758270215551011,36.71930361239324,37.498422743697716,101.07796729370568,0.18140375103690987,77,0.004084711613756691,281.679517251168,133.87079894515875,-9.303249216721245,-132.01644243266375,90.00021307517372,4535779.183236114,,0.7457664671793099,79.51601598668664,90.00042948347026,19.100433608985583,True,False,True,False,False,False,False,False,False,rig_clear,False,,False,,,0.0,
B-50ml-f0.50-p+18.7-above-y327-x+1.5-y-2.6,B,all,50,0.5,18.7,above,327,1.5,-2.6,25,37.64144115524114,27.968458153677254,23.53988430458219,25.922625482182106,False,28.4,28.7,65787,80449,0,0,0,0,0,20,0,0,0,,8.504499999998902,19.60049999999967,8.833286583433516,15.269594604289063,9.567797565654706,37.40120528746577,37.498422743697716,99.28324874365016,5.552398550607005,80449,81.71117710172894,0.8728284104864936,4.308186487705992,19.933939712033915,9.046571792224498,13.91829498827078,26.354844622525064,0.8026362546706848,0.8116079397493435,13.987936901060193,2.9021832560902245,0.848807293260886,True,True,True,False,True,True,True,True,False,lift,False,0.08923782099761468,True,0.18850482539433566,0.19595171792335242,0.301,
B-100ml-f0.25-p+18.3-above-y159-x-5.2-y-0.9,B,all,100,0.25,18.3,above,159,-5.2,-0.9,28,47.4252440598675,17.11302445521971,23.854068355803715,-5.697852433223887,False,82.6,28.4,48989,2193,0,0,0,0,0,32213,0,0,0,,,,65.72424795542915,44.061701088092796,9.561631263538665,58.28384512402172,58.874954642185315,100.36605684374932,-0.1938417692844696,2193,0.00579442634076596,127.63223374538835,34.289637562235654,46.31384783924656,-4.451685690178314,34.72162929098975,44.18652986573786,,0.8285559252010369,40.440816349913796,90.00002360340025,23.81938139984529,True,True,True,False,False,False,False,False,False,lift,False,,False,,,0.0,
B-50ml-f0.50-p-17.4-above-y44-x-1.8-y-3.9,B,all,50,0.5,-17.4,above,44,-1.8,-3.9,25,37.64144115524114,27.968458153677254,23.53988430458219,25.922625482182106,False,39.65,28.4,13763,0,0,0,1502,0,0,60,0,0,5598,1.0649999999999382,,,2.534209008352878,11.524570425321054,65.95230150652975,61.41261054358008,37.498422743697716,1.8199427032303104,-0.20005442234187487,0,0.0017534809118119766,197.46532934571832,8.901520407822822,144.4357154730685,-114.21858208684476,0.8756685646093947,30.277125053906428,,0.20012688466988482,10.579065768118287,0.0,-0.0015712968977162484,False,False,False,False,False,False,False,False,False,table,False,,False,,,0.0,
B-60ml-f0.80-p+4.6-above-y324-x-1.7-y+5.8,B,all,60,0.8,4.6,above,324,-1.7,5.8,25,40.0,47.15702017537638,45.37037037037036,39.65702017537638,False,94.35,28.4,55472,5558,0,0,0,0,0,53040,0,0,0,,,,65.42544353204931,72.6100273993579,9.567743639071349,43.05328184848303,43.1,99.05743897648864,-0.1154652260789979,5558,0.006031401180304902,123.05360622090836,30.990036049754316,60.606872774978406,7.813245742122249,40.13334376775077,0.9176603909549133,,0.15320188204213764,47.039284383595486,90.00010445181024,19.998894917366304,True,True,True,False,False,False,False,False,False,lift,False,,False,,,0.0,
B-100ml-f0.50-p-19.9-above-y37-x+1.3-y+0.8,B,all,100,0.5,-19.9,above,37,1.3,0.8,28,47.4252440598675,34.22604891043942,47.70813671160743,11.415172021995819,False,57.58,28.4,35871,1765,636,0,1230,0,0,31209,0,0,5701,1.2649999999999162,,,103.36589880083636,33.87663178165679,94.83613051416793,69.95798643392351,58.874954642185315,88.07557730089638,-0.157152514295128,1765,0.0052226170334381495,134.96568229236516,81.0807234525693,133.88419757012431,-109.16377925512307,9.872758461971914,38.264278020402344,,0.1999905614812535,54.20015339325704,9.98815303963611,3.604830448918001,False,False,False,False,False,False,False,False,False,table,False,,False,,,0.0,
B-50ml-f0.50-p-17.8-side-y217-x+1.4-y-2.9,B,all,50,0.5,-17.8,side,217,1.4,-2.9,25,37.64144115524114,27.968458153677254,23.53988430458219,25.922625482182106,False,47.48,28.4,29018,0,4306,0,3921,12,0,0,0,0,0,0.0025,,,29.496003179811048,29.453182071112323,111.26594174102921,60.53704599897936,37.498422743697716,76.71798110199241,-0.20064317083480498,0,0.002513341472079936,166.76330966148382,22.161626385907528,59.47431585669624,-15.749304081336083,27.365082459623515,21.8044952141462,,0.2035876803567312,19.437399539616727,1.5744882109087703,0.4528531301039807,False,True,False,False,False,False,False,False,False,table,False,,False,,,0.0,
B-60ml-f0.25-p+5.9-above-y301-x-5.0-y-1.7,B,all,60,0.25,5.9,above,301,-5.0,-1.7,25,40.0,14.736568804805119,14.178240740740737,7.236568804805119,False,43.99,28.4,8064,427,0,0,0,0,0,24090,0,0,5837,,,,104.4202101626944,27.51780371586128,45.05083458711089,42.78808447946337,43.1,99.90402526533174,-0.20006641937607428,427,0.0021944524605106304,204.61618337063305,33.34339941708906,127.3076030750125,-110.1787020090436,0.2153719823727554,48.44576977275477,,0.19743675774038066,79.43602351960028,62.73540509878242,16.738936710566055,True,False,True,False,False,False,False,False,False,rig_clear,False,,False,,,0.0,
B-100ml-f0.25-p-19.2-diagonal-y70-x-1.0-y-5.3,B,all,100,0.25,-19.2,diagonal,70,-1.0,-5.3,28,47.4252440598675,17.11302445521971,23.854068355803715,-5.697852433223887,False,58.09,28.4,48825,1260,5853,0,1780,0,0,0,0,0,0,1.2174999999999214,,,55.41041265083791,30.34216648440786,21.548546834231562,66.59280383522135,58.874954642185315,91.84035479573218,-0.20212888744393365,1260,0.0032503918273077575,155.47999758920574,21.281863932227584,84.14300789348144,-46.91480748894773,29.021546875766145,47.16649048687231,,0.5870391705453671,444.97031526354874,90.00002736650508,24.09557888948106,False,True,False,False,False,False,False,False,False,table,False,,False,,,0.0,
B-50ml-f0.25-p-4.9-above-y340-x+2.4-y-4.1,B,all,50,0.25,-4.9,above,340,2.4,-4.1,25,37.64144115524114,13.984229076838627,11.769942152291096,11.93839640534348,False,39.52,28.77,119578,65594,0,0,0,0,0,0,0,0,0,,8.931499999999424,19.9309999999989,5.32220941560534,8.48294308430796,9.567809959181558,37.35840878578743,37.498422743697716,99.34726082832796,4.992633112715889,65594,83.38399964370997,1.5506463345781287,4.229182498781123,7.142699914529665,9.68357247214363,7.8124542823407035,42.20482204046471,1.2177487143946386,1.2724235241237125,7.397171964400104,1.4497128244814754,0.4220692441077379,True,True,True,False,True,True,True,False,True,lift,False,-0.010290730313282145,True,0.22733522379992718,0.24080647269137484,0.369,
B-100ml-f0.25-p-13.5-diagonal-y2-x-1.3-y+3.6,B,all,100,0.25,-13.5,diagonal,2,-1.3,3.6,28,47.4252440598675,17.11302445521971,23.854068355803715,-5.697852433223887,False,31.92,28.4,67709,60303,0,0,0,0,0,7778,0,0,0,,7.3889999999986244,,11.333380050198215,20.7718439745548,6.765418207063563,58.469587802642664,58.874954642185315,99.38403616669233,11.365361850923462,60303,94.60119782980532,3.3155173251647074,4.849029226704874,24.520954105378983,-5.250212716086971,10.582540155950424,55.10146541382485,,4150.733850634369,10.900551022799329,2.265577448415852,0.8472676031275249,True,True,True,False,True,True,False,False,False,lift,False,0.0462579545981007,False,,,0.0,
B-50ml-f0.80-p-4.0-above-y147-x+1.9-y+5.6,B,all,50,0.8,-4.0,above,147,1.9,5.6,25,37.64144115524114,44.7495330458836,37.6638148873315,42.703700374388454,False,27.55,31.4,51103,71623,0,0,0,0,0,0,0,0,0,,8.374999999998744,23.922999999989596,2.417165487875852,3.565403201376443,9.567747529245226,37.44273431172356,37.498422743697716,99.38448010359052,5.978559031288827,71623,90.97729897175223,0.38725255275160797,2.807129590240118,37.43636461468057,9.84611455065984,4.222650869958769,12.508462161140205,5.282845074099515,5.24831735222447,8.324643208207677,0.7930783073585568,0.22281120005680036,True,True,True,True,True,True,True,False,True,recap,False,0.0780709428597123,False,,,3.0,
B-50ml-f0.80-p+4.5-above-y242-x-1.4-y-5.7,B,all,50,0.8,4.5,above,242,-1.4,-5.7,25,37.64144115524114,44.7495330458836,37.6638148873315,42.703700374388454,False,35.05,28.4,29342,0,0,0,0,0,0,4805,0,0,0,,,,11.526696152272068,7.932859768234906,32.98005451134735,37.35506408204525,37.498422743697716,43.81440399659158,-0.20034106177087285,0,0.00395953810646402,164.24469431429674,25.312207400620206,89.49885925562423,-46.120357985594275,9.922786378450747,10.803035766641324,,0.2034496957706307,19.126637848005554,1.5528262171274356,0.44094953285550226,True,True,True,False,False,False,False,False,False,lift,False,,False,,,0.0,
B-100ml-f0.50-p-2.7-above-y257-x+1.3-y-4.1,B,all,100,0.5,-2.7,above,257,1.3,-4.1,28,47.4252440598675,34.22604891043942,47.70813671160743,11.415172021995819,False,28.83,31.4,64261,91501,0,0,0,0,0,0,0,0,0,,9.290999999999864,19.60049999999967,5.33789485107442,5.495745381245781,9.567746987918916,58.32984992379114,58.874954642185315,99.86550007378358,4.8050087417302185,91501,84.78186748772136,0.7786958125879487,2.0885385254585094,25.859238532924575,11.46644146227549,4.836166384072919,40.192756784711804,0.067195603975123,0.2900157855812372,5.439427453918541,0.15069253209512806,0.04691838678304229,True,True,True,False,True,True,True,True,True,lift,False,0.06990605318313507,False,,,3.0,
B-50ml-f0.50-p-11.0-side-y167-x+4.5-y-4.3,B,all,50,0.5,-11.0,side,167,4.5,-4.3,25,37.64144115524114,27.968458153677254,23.53988430458219,25.922625482182106,False,43.34,31.4,36127,1668,6100,0,3603,0,0,46125,0,0,0,0.0025,14.3945000000061,19.60049999999967,83.11095292376513,91.30206971080636,21.047027917540007,46.5578350314749,37.498422743697716,90.69822430018661,0.9409009088976183,1668,0.007560144721510637,134.15075774206454,25.56117624001099,63.83898652557819,29.419951563781353,97.22598376024573,163.57281996780583,5.252528709644649,5.2608584200945065,120.61151752247086,90.00033103212365,18.981673912193035,False,True,False,False,False,False,False,False,False,table,False,1.9405414689486205,False,,,3.0,
B-60ml-f0.80-p+16.5-side-y256-x+5.1-y-1.6,B,all,60,0.8,16.5,side,256,5.1,-1.6,25,40.0,47.15702017537638,45.37037037037036,39.65702017537638,False,37.3,28.4,49832,62962,0,0,0,0,0,0,0,0,0,,8.238499999998577,,6.011354634563024,10.02361207690338,9.283526939398538,43.03974658645639,43.1,99.1894426635502,6.016576630068604,62962,76.16357420775232,1.8999664972826886,6.556991882554846,38.992659633859404,9.690209314971277,7.6972025608987344,13.660179242107356,,951.9249097485466,3.6021506832581425,0.7904158483248982,0.23752052128735207,True,True,True,False,True,True,True,False,True,lift,False,0.20167804984987622,False,,,0.0,
B-60ml-f0.80-p-15.7-above-y52-x-1.3-y+3.2,B,all,60,0.8,-15.7,above,52,-1.3,3.2,25,40.0,47.15702017537638,45.37037037037036,39.65702017537638,False,31.72,28.4,6864,0,0,0,1336,0,0,39,0,0,6263,1.1824999999999253,,,1.9240593926522573,7.5346949222733945,64.72293424135526,58.438834173421064,43.1,1.2202383820410796,-0.20004410305449194,0,0.0025613206414244706,197.04825081828938,7.359790264245061,155.43117808986906,-105.85766107861322,1.0436124416049217,15.76508304406661,,0.20008167495557994,8.150125662444438,1.1299213697131725,0.3491165350898848,False,False,False,False,False,False,False,False,True,table,False,,False,,,0.0,
B-60ml-f0.50-p-3.6-diagonal-y331-x+4.4-y+3.1,B,all,60,0.5,-3.6,diagonal,331,4.4,3.1,25,40.0,29.473137609610237,28.356481481481474,21.973137609610234,False,34.87,28.71,81044,79693,0,0,0,0,0,0,0,0,0,,8.201499999998532,19.803999999999196,8.88441577693101,10.996630961056217,6.765457017428318,43.10947368782234,43.1,99.18927282499834,6.209802909457357,79693,76.99912760920245,0.31942277297372074,8.015387249908803,23.615603648933572,9.719602605396199,10.875032859513198,30.3187425819883,2.983944235127121,2.992337205357282,9.430512443490011,0.3060473043474842,0.08500021731097636,True,True,True,False,True,True,True,False,True,lift,False,0.16169719236421323,True,0.42346266626751916,0.19894713131771405,0.306,
B-50ml-f0.50-p+10.9-side-y324-x-1.9-y+0.0,B,all,50,0.5,10.9,side,324,-1.9,0.0,25,37.64144115524114,27.968458153677254,23.53988430458219,25.922625482182106,False,17.08,28.4,7932,317,0,0,0,0,0,3590,0,0,5604,,,,99.38905585483953,92.18680587720709,16.041132141893815,36.91948712257986,37.498422743697716,97.88483655871677,0.2155337621677078,317,0.004101377662382418,282.40737788374764,127.36904062769952,17.095124952960838,-125.71316477860783,90.00015275407993,6326925.418691765,,1.9894862858285023,84.55705784244768,90.00015972483986,18.819639608799566,True,False,True,False,False,False,False,False,False,rig_clear,False,,False,,,0.0,
B-50ml-f0.50-p-6.2-diagonal-y129-x-0.3-y+0.2,B,all,50,0.5,-6.2,diagonal,129,-0.3,0.2,25,37.64144115524114,27.968458153677254,23.53988430458219,25.922625482182106,False,32.76,28.4,20854,31129,0,0,1165,0,0,4577,0,0,5630,1.5174999999998884,9.363499999999952,,105.81597108010587,90.06092835247757,6.764363186099416,38.45002567662337,37.498422743697716,98.23217106747579,3.7895362592343664,31129,241.37084018738435,7.357465719355873,127.43469386238922,-45.718680527238995,-126.19820633178932,90.00002170569803,44525620.339142956,,142.57064309772863,67.83366429363579,90.00004329289308,19.0014833228831,False,False,True,False,True,False,False,False,False,table,False,1.7257942638234551,False,,,0.0,
B-100ml-f0.25-p-8.4-side-y13-x-1.1-y-1.5,B,all,100,0.25,-8.4,side,13,-1.1,-1.5,28,47.4252440598675,17.11302445521971,23.854068355803715,-5.697852433223887,False,32.63,28.4,37558,39071,11289,0,0,0,0,86,0,0,0,,7.417499999998609,,102.75575613552279,88.52371092584204,10.036531932123726,58.61324516963248,58.874954642185315,97.60588461393263,7.683749850480092,39071,88.41520753139454,3.531450156352599,19.287096699262882,70.94631820238006,-52.94919167166251,7.4912628573072135,56.29465461557304,,157.18141857458625,90.90675859749591,89.99987035447201,23.77100840763435,True,True,True,False,True,True,False,False,False,lift,False,0.20491070703756314,False,,,0.0,
B-100ml-f0.80-p-14.5-above-y75-x-3.3-y+0.3,B,all,100,0.8,-14.5,above,75,-3.3,0.3,28,47.4252440598675,54.761678256703064,76.3330187385719,31.950801368259466,False,24.69,28.4,45237,2567,4251,0,1026,0,0,15761,0,0,0,1.5724999999998823,6.645999999999036,,47.5095018554506,41.64104817135241,9.56765762172851,59.42590230567082,58.874954642185315,94.65686756687167,14.260947229235613,2567,318.79859950730486,330.8317670029441,24.575377968299446,79.92211905242377,-24.14524865677678,5.343609582433992,19.464627215771056,,2345.3307362539217,18.799369853421528,1.4738830439216648,0.5473078778018065,False,True,True,False,True,False,False,False,False,table,False,0.10542476083393999,False,,,0.0,
B-50ml-f0.25-p+15.1-side-y64-x+1.0-y-2.4,B,all,50,0.25,15.1,side,64,1.0,-2.4,25,37.64144115524114,13.984229076838627,11.769942152291096,11.93839640534348,False,39.49,28.7,106048,79627,0,0,0,0,0,35,0,0,0,,8.826999999999297,19.60049999999967,6.987188915862743,12.169260059265316,8.599473577744023,37.39494651021261,37.498422743697716,99.30468965395104,5.099862924204793,79627,82.45076745858336,0.23905795934930965,4.362489556494269,6.327064959470491,8.956679876976084,11.344052858489261,41.13514479987975,0.39135653142180227,0.4442480959099542,17.45771125898602,8.009525872990725,2.345676400396366,True,True,True,False,True,True,True,True,False,lift,False,0.08485655555179066,True,0.19098870793140568,0.1959360465639957,0.301,
B-50ml-f0.50-p-14.6-above-y221-x-4.0-y-0.8,B,all,50,0.5,-14.6,above,221,-4.0,-0.8,25,37.64144115524114,27.968458153677254,23.53988430458219,25.922625482182106,False,36.77,28.4,14786,0,0,0,1387,0,0,73,0,0,5590,1.1474999999999291,,,3.962328805884204,5.047937477303304,65.27332715665193,55.72382428742814,37.498422743697716,0.6587131070658364,-0.200086419111567,0,0.0015794068871185123,188.9408651055962,24.27781087388931,144.76777635738435,-114.48116841542259,0.21904153256485087,30.470455975358146,,0.20013053967729041,21.694421962733703,0.3256916869949459,0.08608568121165466,False,False,False,False,False,False,False,False,False,table,False,,False,,,0.0,
B-60ml-f0.80-p+7.8-side-y354-x+2.9-y-2.3,B,all,60,0.8,7.8,side,354,2.9,-2.3,25,40.0,47.15702017537638,45.37037037037036,39.65702017537638,False,26.58,28.81,46703,73595,0,0,0,0,0,0,0,0,0,,8.693999999999134,22.005499999994065,2.958984710344301,3.9752579928436838,9.515375637036437,42.892612307712106,43.1,99.63190046534699,4.752928431770206,73595,88.3952276737763,0.750786605910643,3.706702493933782,39.25848432092203,9.929235736101466,6.297534830627228,14.106545215381933,6.802648855461943,6.811210224231035,4.079718391007989,0.39058324112813175,0.11582777103464748,True,True,True,True,True,True,True,False,True,recap,False,0.08744856298060859,True,0.2033427122349637,0.2691869660470311,0.411,
B-60ml-f0.50-p-17.0-diagonal-y255-x-5.1-y-0.9,B,all,60,0.5,-17.0,diagonal,255,-5.1,-0.9,25,40.0,29.473137609610237,28.356481481481474,21.973137609610234,False,37.36,28.4,52122,0,6689,0,2519,0,0,0,0,0,0,1.0349999999999415,,,14.783015551278236,14.090657035836474,18.942716974805556,60.29033700045077,43.1,82.60999343975858,-0.19479375205083693,0,0.009798564406927671,152.61009846255646,13.359255201100922,58.16848291433622,-24.508071817870707,6.52616411599109,31.717694605116137,,0.20007431502013373,11.579738184124798,0.6704649944967976,0.20481246212243256,False,True,False,False,False,False,False,False,False,table,False,,False,,,0.0,
B-60ml-f0.50-p+16.0-diagonal-y265-x+2.6-y-2.0,B,all,60,0.5,16.0,diagonal,265,2.6,-2.0,25,40.0,29.473137609610237,28.356481481481474,21.973137609610234,False,33.27,28.92,78750,78703,0,0,0,0,0,0,0,0,0,,8.948499999999445,19.60049999999967,7.152632924642552,11.33120493218821,6.765447238406552,43.076856961937544,43.1,99.20767602545534,5.175527749668688,78703,81.44290415765475,1.2868618132432705,6.217923466006795,21.234010502716405,9.411763296741038,10.613764629883056,30.40377801476928,0.1430408235475829,0.29408246497496315,7.158868057039231,1.7107766254362446,0.5325973068087109,True,True,True,False,True,True,True,True,True,lift,False,0.08822098858889144,True,0.22970098458431262,0.3441413724850591,0.523,
B-60ml-f0.50-p-10.2-side-y81-x-1.3-y+1.7,B,all,60,0.5,-10.2,side,81,-1.3,1.7,25,40.0,29.473137609610237,28.356481481481474,21.973137609610234,False,58.82,28.4,53410,3784,6407,0,3055,0,0,16806,0,0,0,0.0025,,,60.61825229317878,64.65948530285914,14.680269508105782,47.6696934361175,43.1,94.77669062878203,0.45395167419338966,3784,0.007961498518768186,151.22966269036795,10.551568778726274,55.31948723089596,-21.435757663225946,57.4939603206423,5.529093416672317,,0.6148884594745662,13.351052409323376,90.00004168915011,19.99884134588158,False,True,True,False,False,False,False,False,False,table,False,,False,,,0.0,
B-50ml-f0.80-p+18.9-above-y2-x+1.1-y+2.5,B,all,50,0.8,18.9,above,2,1.1,2.5,25,37.64144115524114,44.7495330458836,37.6638148873315,42.703700374388454,False,26.89,28.87,96665,79639,0,0,0,0,0,143,0,0,0,,9.275499999999845,19.60049999999967,9.545868933553287,15.862565505669435,9.567797438307359,37.428474236766085,37.498422743697716,99.23328413861515,4.355964920881555,79639,81.45763086714955,0.5366291557368338,2.482721237607012,36.72104454181156,9.396568573755149,14.867267232141456,9.275985529230754,0.06050449537043596,0.17958864771102576,25.922821940542228,5.598568198963992e-06,-0.001554127811850392,True,True,True,False,True,True,True,True,False,lift,False,0.07793826970112518,True,0.1694999511970626,0.30921953677485275,0.471,
B-60ml-f0.50-p-4.4-side-y184-x+5.6-y+6.0,B,all,60,0.5,-4.4,side,184,5.6,6.0,25,40.0,29.473137609610237,28.356481481481474,21.973137609610234,False,28.72,28.4,63835,75593,0,0,0,0,0,0,0,0,0,,9.389499999999984,,15.083031638191068,19.928636996970095,9.54441615407986,42.95116228890047,43.1,99.44915228571625,1.008961264705177,75593,72.65266313141468,5.489732398327518,9.975973975296695,23.525859787244894,10.363798740369495,12.193754747607192,29.88717830822376,,7.553004534709519,13.420060186163335,0.34154790687231784,0.10020065596690535,True,True,True,False,True,False,False,False,False,lift,False,0.19728109528797433,False,,,0.0,
B-50ml-f0.25-p+15.7-diagonal-y173-x-4.7-y-0.6,B,all,50,0.25,15.7,diagonal,173,-4.7,-0.6,25,37.64144115524114,13.984229076838627,11.769942152291096,11.93839640534348,False,20.41,28.4,7813,703,0,0,0,0,0,5451,0,0,5769,,,,111.37572535336417,88.92864762277786,6.7654032371037145,36.211366089379574,37.498422743697716,104.01138707311483,0.2781433921994342,703,0.004105636457087578,284.34708702307665,108.86062155126899,-75.79470148922684,-107.8223506733704,90.00029452058061,3281509.62021641,,0.027413802684888272,75.58858656050452,90.00029441342379,18.819728299299687,True,False,True,False,False,False,False,False,False,rig_clear,False,,False,,,0.0,
B-100ml-f0.25-p-9.3-diagonal-y221-x-1.5-y+3.5,B,all,100,0.25,-9.3,diagonal,221,-1.5,3.5,28,47.4252440598675,17.11302445521971,23.854068355803715,-5.697852433223887,False,27.34,28.4,62474,62097,3078,0,0,0,0,5131,0,0,0,,7.54149999999854,,35.46741222449442,19.10603991156629,6.765415727993329,58.07552642233424,58.874954642185315,97.6962042623147,8.56780489287741,62097,95.1746999340145,1.7402059997848507,18.384778939916853,28.670701180177215,-7.556686560043116,3.269852140394752,57.8982840171028,,16.61414567336801,25.03017336272232,1.707859094616111,0.6335720435321526,True,True,True,False,True,True,False,False,False,lift,False,0.1522053317302882,False,,,0.0,
B-60ml-f0.25-p+5.8-side-y120-x+0.1-y-0.5,B,all,60,0.25,5.8,side,120,0.1,-0.5,25,40.0,14.736568804805119,14.178240740740737,7.236568804805119,False,13.69,28.4,13761,1767,0,0,0,0,0,1801,0,0,5830,,,,113.30863154471176,73.19153216710251,8.502091137750398,43.11324318030019,43.1,98.90317510785388,0.7092421425410056,1767,0.004057663602802593,278.15245441253114,108.32557706212232,-62.17566398479215,-107.5102711486934,90.00016601845425,6212153.281723003,,0.7829554279786133,111.30067773041766,90.00458217406265,20.248281847965472,True,False,True,False,False,False,False,False,False,rig_clear,False,,False,,,0.0,
B-100ml-f0.25-p+7.9-diagonal-y251-x+1.1-y+1.2,B,all,100,0.25,7.9,diagonal,251,1.1,1.2,28,47.4252440598675,17.11302445521971,23.854068355803715,-5.697852433223887,False,31.08,28.77,81181,80976,0,0,0,0,0,0,0,0,0,,9.292999999999866,19.63899999999958,8.19687047432115,7.526949354035875,6.765451017487309,58.55803300455919,58.874954642185315,99.53988106969292,4.676051023499106,80976,85.51128924938699,0.3740614273141407,1.4609752253295811,23.233340949529605,-3.3025038442092285,6.608931791166945,56.63181905610058,1.0771425329666886,1.1294277879683077,10.515197933353607,1.1631006675822306,0.43258022353255543,True,True,True,False,True,True,False,False,False,lift,False,0.053779626859400256,True,0.18094350500280004,0.24089165561745354,0.369,
B-100ml-f0.25-p+11.2-diagonal-y331-x-4.0-y+3.9,B,all,100,0.25,11.2,diagonal,331,-4.0,3.9,28,47.4252440598675,17.11302445521971,23.854068355803715,-5.697852433223887,False,22.33,28.4,11791,1471,0,0,0,0,0,456,0,0,6112,,,,113.74682312089833,93.32849650290618,6.765405235380745,58.126448984472546,58.874954642185315,102.01180323368554,0.5528865285933937,1471,0.004288066039039873,321.97751318321093,119.08742090747995,-79.22153883837089,-117.6262292686866,90.00001216660768,101551200.9487685,,0.006030949612719522,77.52128643410717,90.0000120890287,23.71141007679558,True,False,True,False,False,False,False,False,False,rig_clear,False,,False,,,0.0,
B-60ml-f0.80-p-17.2-side-y359-x+4.6-y-1.5,B,all,60,0.8,-17.2,side,359,4.6,-1.5,25,40.0,47.15702017537638,45.37037037037036,39.65702017537638,False,66.0,28.4,39815,0,658,0,3882,4,0,0,0,0,0,0.0025,,,10.354583954631734,10.058731308671938,89.92615291484643,60.425530128471785,43.1,82.77383691401535,-0.20016170257294852,0,0.006598638883050289,164.4307020705913,22.951497220161425,60.03372775872634,-7.7852719673329185,6.4597261721601935,14.05495449195242,,0.2000964173966045,9.732494610470948,1.4063545691937456,0.43699326390248083,False,True,False,False,False,False,False,False,True,table,False,,False,,,0.0,
B-50ml-f0.25-p-19.0-side-y184-x-5.5-y+3.3,B,all,50,0.25,-19.0,side,184,-5.5,3.3,25,37.64144115524114,13.984229076838627,11.769942152291096,11.93839640534348,False,73.99,28.4,60870,0,4929,0,4066,14,0,0,0,0,0,0.0025,,,32.06543812376573,19.805590346915512,113.8631456601993,63.38617160049107,37.498422743697716,73.67569035459113,-0.2001770355449517,0,0.005247505086459816,164.16261690249243,14.896604561874575,61.77923443270256,-39.93002494800535,15.78009142046289,39.75236878359254,,0.20007746382595648,46.60273829082007,7.191929173832947,2.1074097504465015,False,True,False,False,False,False,False,False,False,table,False,,False,,,0.0,
B-50ml-f0.80-p-3.6-diagonal-y75-x+2.5-y-1.1,B,all,50,0.8,-3.6,diagonal,75,2.5,-1.1,25,37.64144115524114,44.7495330458836,37.6638148873315,42.703700374388454,False,22.1,29.11,70455,77698,0,0,0,0,0,0,0,0,0,,8.397999999998772,22.112499999993815,5.012522200169868,9.160255528260112,6.765456996786924,37.47834277841468,37.498422743697716,99.21628640599306,5.764482792481318,77698,81.72834054349447,0.32536032327296144,1.856098844669581,37.9392336691381,9.327637237149716,7.582324063138697,11.508506222495038,4.970707049433246,4.973164206375891,4.1662311577114695,0.6048791359376549,0.17105513976909673,True,True,True,False,True,True,True,False,True,lift,False,0.056061193399304855,True,0.1773246103815259,0.46754793697549557,0.708,
B-100ml-f0.80-p-4.1-above-y87-x-2.6-y-4.0,B,all,100,0.8,-4.1,above,87,-2.6,-4.0,28,47.4252440598675,54.761678256703064,76.3330187385719,31.950801368259466,False,83.4,28.4,44834,4600,2722,0,0,0,0,37278,0,0,0,,,,64.16451743063057,53.16686012846066,9.568100064019022,57.64026348461094,58.874954642185315,99.6790282210042,-0.19554318433430418,4600,0.00659532599627845,126.78575065192493,29.219694227415257,74.15654182777409,-6.142228290108354,29.683848614429085,9.189725378233396,,0.2000305618900866,30.666625881435117,0.026893786515177393,0.0003493142277428852,True,True,True,False,False,False,False,False,False,lift,False,,False,,,0.0,
B-60ml-f0.80-p-15.9-diagonal-y177-x+1.7-y-0.3,B,all,60,0.8,-15.9,diagonal,177,1.7,-0.3,25,40.0,47.15702017537638,45.37037037037036,39.65702017537638,False,14.96,28.4,68658,0,3128,0,2431,0,0,0,0,0,0,1.0774999999999368,,,17.928160258679423,17.423951401701288,17.062701938849546,58.24751786449338,43.1,84.49916849594096,-0.1988027085624844,0,0.007068746750919558,157.62736478887376,18.096367135073855,66.99594358315491,-11.973001168282648,15.238512151177156,11.189493623712663,,0.20009903235637666,31.47633871551902,0.05156191165602017,0.006869520447370223,False,True,False,False,False,False,False,False,False,table,False,,False,,,0.0,
B-100ml-f0.80-p-9.8-side-y292-x-3.3-y-4.1,B,all,100,0.8,-9.8,side,292,-3.3,-4.1,28,47.4252440598675,54.761678256703064,76.3330187385719,31.950801368259466,False,29.13,28.4,51508,18769,9842,0,0,0,0,41264,0,0,0,,7.239499999998707,,46.021192561474315,40.6115261417085,8.871024964024608,58.399230859962834,58.874954642185315,95.00243034190434,12.007208568598854,18769,100.70928892285188,8.562912163068011,14.701208253579445,108.56460696806047,-52.455801191337024,21.356436898527004,13.049648378765498,,1753.1906390459194,29.81046893391675,2.4438243560672213,0.9086801141214378,True,True,True,False,True,False,False,False,False,lift,False,0.44846080494889223,False,,,0.0,
B-50ml-f0.80-p+4.5-side-y316-x-2.7-y+1.3,B,all,50,0.8,4.5,side,316,-2.7,1.3,25,37.64144115524114,44.7495330458836,37.6638148873315,42.703700374388454,False,72.89,28.4,54434,3605,0,0,0,0,0,49993,0,0,0,,,,1001.2244117119847,94.55250577891837,6.882445880350869,37.508021528908195,37.498422743697716,90.24514033669273,-2.3705772831913166,3605,0.5587266285772504,122.21236932215226,31.112352882610146,52.61039488084497,11.247491802078624,44.962960062228454,-3.0922294284549783,,2.030563801609474,1700.2244297188422,89.99884222790051,18.96675533198608,True,True,True,False,False,False,False,False,False,lift,False,,False,,,0.0,
B-50ml-f0.80-p-14.6-side-y62-x-0.7-y-5.4,B,all,50,0.8,-14.6,side,62,-0.7,-5.4,25,37.64144115524114,44.7495330458836,37.6638148873315,42.703700374388454,False,29.71,28.4,33815,0,1344,0,3911,4,0,0,0,0,0,0.0025,,,14.551299492782858,15.943271369185876,97.35947282105593,52.73360670448639,37.498422743697716,84.36385421076935,-0.1999339666873129,0,0.011188756047984175,158.3164907653789,19.49078052930903,61.669324703855,-10.566464985655417,12.649052165840047,9.96828135568354,,0.20015091072061664,7.7559769575173005,2.924281922827044,0.8560874658309806,False,True,False,False,False,False,False,False,True,table,False,,False,,,0.0,
