id,design,varied,bottle,fill,pitch,approach,yaw,dx,dy,neck_mm,bottle_d_mm,liquid_mm,liquid_g,dive_target_mm,diverged,wall_s,sim_s,contacts_pads_bottle,contacts_blades_cap,contacts_pipette_bottle,contacts_pipette_clamp,contacts_rig_floor,contacts_pads_floor,contacts_pipette_floor,contacts_rig_bottle,table_hit_s,thread_released_s,thread_reengaged_s,slip_mm,tilt_in_hand_deg,track_worst,pad_height_mm,pad_planned_mm,lift_mm,cap_rise_mm,blade_contacts,cap_off_axis_mm,cap_to_seat_mm,tip_off_axis_mm,tip_height_mm,tip_submerged_mm,bottle_tilt_dive_deg,liquid_to_shoulder_mm,recap_lift_mm,cap_end_mm,placed_error_mm,placed_tilt_deg,placed_z_mm,ok_table,ok_grip,ok_lift,ok_uncap,ok_cap_away,ok_reach_liquid,ok_recap,ok_place,first_failure,success,blade_slip_turns,error
A-10ml-f0.25-p+0.0-side-y0-x+0.0-y+0.0,A,approach,10,0.25,0,side,0,0,0,18,22.01284832596418,9.071233030783917,2.240207798703662,42.75528824620785,False,11.89,28.4,12,0,0,0,6416,0,0,0,0.0025,2.8965000000001346,,0.8036857646525708,0.003770360606171149,134.56458363425668,33.456096786629324,5.720514774164916,11.005801626123427,7.192824240240779,0,0.33688794922498594,270.8594882805061,93.5334916114969,-22.1988052477048,-93.53416843224244,90.00160536131644,334303.569621697,,7.2006712522531675,22.196821372761633,90.00160541039635,11.005788707437809,False,False,False,True,False,False,False,False,table,False,-7.98092159538511e-07,
A-10ml-f0.25-p-20.0-above-y0-x+0.0-y+0.0,A,pitch,10,0.25,-20,above,0,0,0,18,22.01284832596418,9.071233030783917,2.240207798703662,42.75528824620785,False,37.09,28.4,0,0,0,0,4077,0,0,0,0.4925000000000004,,,0.7994892796545671,0.005039502568414035,78.24877402594188,84.0211567743026,5.720514774164916,-0.0016072869047173114,-0.20010053236112213,0,1.4822371816376448e-07,198.90585293780742,0.40355769941124986,104.61236053406765,-94.16532458378276,1.4311854260314507e-05,22.529621885653654,,0.20010053236131417,1.2447602743458248e-07,1.4463842815886967e-05,-0.001607286904774201,False,False,False,False,False,False,False,True,table,False,,
A-10ml-f0.25-p+10.0-above-y0-x+0.0-y+0.0,A,pitch,10,0.25,10,above,0,0,0,18,22.01284832596418,9.071233030783917,2.240207798703662,42.75528824620785,False,37.79,28.4,116256,249,10746,0,4234,0,0,0,1.302499999999912,,,128.85266082174286,91.64773658436111,9.95908873287116,15.581158212452657,5.720514774164916,89.33598017339254,-0.20010333473810538,249,0.0006735960168489815,132.13384980376452,6.9715870687345065,45.13920707086871,-35.01316992093875,3.0478855026908036,22.030914491636086,,0.011573549149887653,100.69064802987786,90.00209593761731,11.005847749546827,False,False,False,False,False,False,False,False,table,False,,
A-10ml-f0.25-p+0.0-above-y0-x-6.0-y+0.0,A,dx,10,0.25,0,above,0,-6,0,18,22.01284832596418,9.071233030783917,2.240207798703662,42.75528824620785,False,42.29,28.4,619,0,0,0,5981,0,0,7502,1.0424999999999407,,,69.39174277908025,99.48226985450901,28.6010205963148,23.186591468142304,5.720514774164916,64.18857626598508,-0.017494957452020288,0,0.0035120690900701454,237.43566793580513,99.89846546703664,-13.498509000039281,-93.53419885354218,90.00209559367687,256103.58973455566,,0.02253199670509945,57.92863803921551,90.00209632344165,11.15782634295191,False,False,False,False,False,False,False,False,table,False,,
A-10ml-f0.25-p+0.0-above-y270-x+0.0-y+0.0,A,yaw,10,0.25,0,above,270,0,0,18,22.01284832596418,9.071233030783917,2.240207798703662,42.75528824620785,False,44.89,28.4,222141,0,5701,0,5983,0,0,0,1.0424999999999407,,,0.8329895965761339,1.902139069140232,28.61267624370294,34.2655972251461,5.720514774164916,70.65511709064569,-0.20010890300772854,0,0.00017734543190395046,148.82050486955623,0.2546831529528995,34.217666647700625,-23.76980080346125,0.17671449994668453,22.500736533754722,,0.2001084549032972,0.7134914030431507,0.11530701407677935,0.011273912300726578,False,False,False,False,False,False,False,True,table,False,,
A-10ml-f0.25-p+0.0-diagonal-y0-x+0.0-y+0.0,A,approach,10,0.25,0,diagonal,0,0,0,18,22.01284832596418,9.071233030783917,2.240207798703662,42.75528824620785,False,48.51,28.4,63296,0,0,0,4343,0,0,0,0.902499999999956,,,0.2744397300315567,0.6796594695905318,28.544783325449853,33.21924782175492,5.720514774164916,72.02664840410452,-0.19946566317503162,0,0.006739083266200426,161.45659932310454,20.708085632733237,31.762865993103137,-21.316359573958415,0.020298287465958118,22.52630605477472,,0.19952014863668172,20.394767484930316,0.14579757544440175,0.01622949118572947,False,False,False,False,False,False,False,False,table,False,,
A-10ml-f0.25-p+0.0-above-y0-x+6.0-y+0.0,A,dx,10,0.25,0,above,0,6,0,18,22.01284832596418,9.071233030783917,2.240207798703662,42.75528824620785,False,51.15,28.4,126653,0,13796,0,6076,0,0,0,1.0424999999999407,,,4.736718508290183,11.267584687854011,28.75564880748873,34.2577693773403,5.720514774164916,70.79334236514734,-0.19945010647431233,0,0.006531622043013722,152.37415387198075,2.9595262750004565,37.133711691213215,-25.44457377637607,12.293724718626757,20.488544085737136,,0.2000705100414605,3.213677815324167,0.6975272443192858,0.10881388906315095,False,False,False,False,False,False,False,True,table,False,,
A-10ml-f0.25-p+0.0-above-y0-x+3.0-y+0.0,A,dx,10,0.25,0,above,0,3,0,18,22.01284832596418,9.071233030783917,2.240207798703662,42.75528824620785,False,63.08,28.4,180284,0,7045,0,5982,0,0,0,1.0424999999999407,,,1.5907805670705417,3.9364138816768572,28.63289750946185,34.25932956120129,5.720514774164916,70.71794840170995,-0.20011424358179486,0,0.00019502054780663243,150.68899115904082,1.3598126252198766,35.63485760042496,-24.973051337715184,5.008815113475093,21.70873871478613,,0.19981542519243176,0.49155928926132975,1.3418106104862006e-05,-0.0016072729259577097,False,False,False,False,False,False,False,True,table,False,,
A-10ml-f0.50-p-20.0-above-y0-x+0.0-y+0.0,A,pitch,10,0.5,-20,above,0,0,0,18,22.01284832596418,18.142466061567834,4.480415597407324,47.89775430777567,False,37.69,28.4,0,0,0,0,4077,0,0,0,0.4925000000000004,,,0.7994892796525866,0.0050393816453041165,78.24877402594188,84.02115448136848,5.720514774164916,-0.001604974947850096,-0.20009986897910614,0,1.800038479559638e-07,198.90585104176554,1.3509847538772066,109.43292094770646,-89.91465157023195,1.2518779069552075e-05,13.458389147984555,,0.2000998689790201,1.129020365114368e-07,1.319902026398418e-05,-0.0016049749478597383,False,False,False,False,False,False,False,True,table,False,,
A-10ml-f0.25-p+0.0-above-y0-x+0.0-y-6.0,A,dy,10,0.25,0,above,0,0,-6,18,22.01284832596418,9.071233030783917,2.240207798703662,42.75528824620785,False,64.45,28.4,123717,0,7053,0,5981,0,0,0,1.0424999999999407,,,4.094903634782127,8.183186081930598,28.568139891245092,33.117195387421944,5.720514774164916,71.96588139905411,-0.19996890620489066,0,0.004518672615673743,148.23829936298526,0.2200578133077945,33.70984433763437,-23.26005663507548,0.6676030924532537,22.420485904214807,,0.20008956006156117,5.974733617033764,0.07583994481296266,0.004819281716337574,False,False,False,False,False,False,False,True,table,False,,
A-10ml-f0.25-p+0.0-above-y0-x+0.0-y+0.0,A,nominal,10,0.25,0,above,0,0,0,18,22.01284832596418,9.071233030783917,2.240207798703662,42.75528824620785,False,104.83,28.4,223126,0,5852,0,5983,0,0,0,1.0424999999999407,,,0.7380963060710909,1.8291239084508586,28.604638140116794,34.26560625432476,5.720514774164916,70.65512355911522,-0.19923196901697887,0,0.007231053048185196,148.82350271945214,0.24049075796320785,34.22243621330609,-23.775010922915992,0.0948039542623125,22.514126565454042,,0.20008693045612322,0.6373747287656779,0.2039189513289108,0.025955825587590853,False,False,False,False,False,False,False,True,table,False,,
A-10ml-f0.25-p+0.0-above-y0-x+0.0-y-3.0,A,dy,10,0.25,0,above,0,0,-3,18,22.01284832596418,9.071233030783917,2.240207798703662,42.75528824620785,False,72.86,28.4,128208,0,9846,0,6130,0,0,0,1.0424999999999407,,,6.815415959202084,5.2518620492273325,28.770421584593635,33.38722070169566,5.720514774164916,71.95715220535278,-0.20090115605238268,0,0.004155094747280837,147.111162811157,5.860673915089712,52.67072780101412,-42.57372024569715,10.755785682212055,20.75042192377713,,0.201203264743022,4.863619502263823,3.3580383444310513,0.5439116297525587,False,False,False,False,False,False,False,True,table,False,,
A-10ml-f0.25-p+0.0-above-y0-x+0.0-y+6.0,A,dy,10,0.25,0,above,0,0,6,18,22.01284832596418,9.071233030783917,2.240207798703662,42.75528824620785,False,69.86,28.4,89041,0,3074,0,5981,0,0,0,1.0424999999999407,,,3.497920809210472,7.105492020524057,28.547176169699693,33.19464875894993,5.720514774164916,71.75553755293865,-0.20025537737626553,0,0.003795745732208615,148.15950326553113,0.34087001873083683,33.255466949412515,-22.797340301961178,1.1976920530064714,22.333808437045807,,0.20009460630229506,5.993733828064106,0.10654710581007833,0.009847400514682397,False,False,False,False,False,False,False,True,table,False,,
A-10ml-f0.50-p-5.0-above-y0-x+0.0-y+0.0,A,pitch,10,0.5,-5,above,0,0,0,18,22.01284832596418,18.142466061567834,4.480415597407324,47.89775430777567,False,53.75,28.4,232347,0,0,0,3096,0,0,0,0.902499999999956,,,0.17585961947071727,0.209375660838698,39.96832889335983,45.67331342742039,5.720514774164916,59.24952122549269,-0.20011422253769784,0,0.00028238115804125305,157.6008188394177,1.0767214536220107,49.63164819596332,-30.131441555811158,1.540567172590001,13.206493269221362,,0.2001005976973906,0.14285263073250581,1.2663509647306462e-05,-0.0016049749454614278,False,False,False,False,False,False,False,True,table,False,,
A-10ml-f0.50-p+0.0-above-y0-x+0.0-y+0.0,A,nominal,10,0.5,0,above,0,0,0,18,22.01284832596418,18.142466061567834,4.480415597407324,47.89775430777567,False,37.2,28.4,215903,0,5778,0,5983,0,0,0,1.0424999999999407,,,0.7285450716278388,1.7967872369740205,28.607099067346745,34.26553359323002,5.720514774164916,70.65462545504855,-0.1997933830711826,0,0.007150399542414012,148.82397162821584,0.26055033289103435,40.78053680311612,-21.26311670576361,0.2905263442717325,13.41089831345767,,0.20010557589295833,0.6304108656775902,0.27067046590008337,0.03648058931860158,False,False,False,False,False,False,False,True,table,False,,
A-10ml-f0.50-p+0.0-side-y0-x+0.0-y+0.0,A,approach,10,0.5,0,side,0,0,0,18,22.01284832596418,18.142466061567834,4.480415597407324,47.89775430777567,False,11.06,28.4,16,0,0,0,6417,0,0,0,0.0025,2.909500000000139,19.60049999999967,0.8038974850408827,0.003798274297066208,134.56458363425668,33.45609402624109,5.720514774164916,11.005710627290721,5.336408516859209,0,0.33282579198157664,272.57572460902156,98.66328891021057,-26.987158524923828,-98.66435414896222,90.00134227003713,399815.1641792898,5.336380600954758,5.346749423104397,26.984570701751572,90.00134067078785,11.005701964916087,False,False,False,True,False,False,False,False,table,False,-1.1944866095942681e-06,
A-10ml-f0.25-p+0.0-above-y0-x-3.0-y+0.0,A,dx,10,0.25,0,above,0,-3,0,18,22.01284832596418,9.071233030783917,2.240207798703662,42.75528824620785,False,128.94,28.4,1184,0,0,0,5978,0,0,60388,1.0424999999999407,,,2.9476176729145407,4.075684031714775,28.548166374387453,34.243136174045674,5.720514774164916,63.27160465998319,-0.2000848142040615,0,0.0015666571791836837,138.54204559403624,34.7461257656067,40.744505450287356,-30.146120504486923,0.25204345441135023,22.488422301059366,,0.2000928257577653,32.28476518529083,0.15050266580849087,0.016998336339519332,False,False,False,False,False,False,False,False,table,False,,
A-10ml-f0.50-p-10.0-above-y0-x+0.0-y+0.0,A,pitch,10,0.5,-10,above,0,0,0,18,22.01284832596418,18.142466061567834,4.480415597407324,47.89775430777567,False,78.19,28.4,154957,0,0,0,3414,0,0,0,0.7699999999999706,,,1.1922065117632143,1.420551043592181,53.234521203441034,58.921719412122954,5.720514774164916,46.01758642995941,-0.20013101334066113,0,0.001056311632944364,167.0172498535086,0.8101474629501658,62.822510416582894,-43.310755882278826,0.6710181246635973,13.348694540370982,,0.20010179059174912,1.2932824943835017,1.2401778567452335e-05,-0.0016049749342781174,False,False,False,False,False,False,False,True,table,False,,
A-10ml-f0.50-p+0.0-above-y180-x+0.0-y+0.0,A,yaw,10,0.5,0,above,180,0,0,18,22.01284832596418,18.142466061567834,4.480415597407324,47.89775430777567,False,16.8,28.4,183203,0,6035,0,5981,0,0,0,1.0424999999999407,,,0.5118578286325903,1.4521388480888393,28.584843527936524,34.26359879787182,5.720514774164916,70.65982692124602,-0.16164790444631733,0,0.32335045847766547,148.63112656650299,0.24527069539795537,40.87826143762844,-21.361102447935,0.6748324148798001,13.348070930593869,,0.37224735370871126,0.1777017589850325,0.08436479707782292,0.005998488648030686,False,False,False,False,False,False,False,True,table,False,,
A-10ml-f0.25-p+0.0-above-y180-x+0.0-y+0.0,A,yaw,10,0.25,0,above,180,0,0,18,22.01284832596418,9.071233030783917,2.240207798703662,42.75528824620785,False,142.78,28.4,221696,0,5813,0,5983,0,0,0,1.0424999999999407,,,0.7431025801712505,1.7948049270243875,28.60862099471715,34.265606575788865,5.720514774164916,70.65511290510956,-0.2000995902529598,0,0.0014671824752243345,148.81986809537997,0.23525139135520548,34.28563914567801,-23.83829619620463,0.08718620937008148,22.515371844827037,,0.19974041361552416,0.6328373147683677,0.10442170923638922,0.009499255458361656,False,False,False,False,False,False,False,True,table,False,,
A-10ml-f0.25-p-10.0-above-y0-x+0.0-y+0.0,A,pitch,10,0.25,-10,above,0,0,0,18,22.01284832596418,9.071233030783917,2.240207798703662,42.75528824620785,False,144.57,28.4,154965,0,0,0,3414,0,0,0,0.7699999999999706,,,1.2503327052404416,1.4900470748912513,53.231231902922715,58.92160883938302,5.720514774164916,46.018529607803075,-0.2001331360097086,0,0.0008067686225901803,167.0141569783104,1.6340139791470139,57.75946304615867,-47.3275747118354,0.6324555211750812,22.426232233487116,,0.2001019477725632,1.3569255002808092,1.486154837246863e-05,-0.0016072869156830275,False,False,False,False,False,False,False,True,table,False,,
A-10ml-f0.25-p+0.0-above-y90-x+0.0-y+0.0,A,yaw,10,0.25,0,above,90,0,0,18,22.01284832596418,9.071233030783917,2.240207798703662,42.75528824620785,False,147.33,28.4,221124,0,6169,0,5983,0,0,0,1.0424999999999407,,,0.6857553343102942,1.748704891623518,28.603796017459363,34.265494238627056,5.720514774164916,70.65511968536825,-0.20007244051556405,0,0.0009274561919059803,148.81409693827626,0.2176961119708586,34.3561379852486,-23.909151513220387,0.020884695515969737,22.526210194371078,,0.19955994713245923,0.5673271428596772,0.2544374256509846,0.03367274867700235,False,False,False,False,False,False,False,True,table,False,,
A-10ml-f0.25-p-5.0-above-y0-x+0.0-y+0.0,A,pitch,10,0.25,-5,above,0,0,0,18,22.01284832596418,9.071233030783917,2.240207798703662,42.75528824620785,False,153.35,28.4,232364,0,0,0,3096,0,0,0,0.902499999999956,,,0.20902400342307698,0.2587238274659679,39.96614447765703,45.67327396932176,5.720514774164916,59.25014993734234,-0.2001153253684551,0,0.0003185250569215599,157.60074056687554,1.3834660695465533,44.510971132826846,-34.08859522573861,1.5139191957211153,22.282085553577172,,0.20010221103573475,0.18015457595806067,1.4983666681503355e-05,-0.0016072869000706455,False,False,False,False,False,False,False,True,table,False,,
A-10ml-f0.50-p+0.0-above-y0-x-3.0-y+0.0,A,dx,10,0.5,0,above,0,-3,0,18,22.01284832596418,18.142466061567834,4.480415597407324,47.89775430777567,False,12.69,28.4,935,0,0,0,5979,0,0,86377,1.0424999999999407,,,11.454017412659521,18.022200220335446,28.549000147749222,34.20744746926444,5.720514774164916,61.739124439710444,0.18193048747416896,0,0.3227453772049433,141.32020201922293,33.32568321594716,48.82147108243717,-29.052638293222827,1.5600093221783298,13.20331272417613,,0.32426845927258735,31.263317454858733,2.650826247094554e-05,-0.0016170313917059757,False,False,False,False,False,False,False,False,table,False,,
A-10ml-f0.25-p+0.0-above-y0-x+0.0-y+3.0,A,dy,10,0.25,0,above,0,0,3,18,22.01284832596418,9.071233030783917,2.240207798703662,42.75528824620785,False,114.34,28.4,127123,0,4952,0,6011,0,0,0,1.0424999999999407,,,4.679740793139923,9.50931956218926,28.722476396245465,33.3923018881809,5.720514774164916,71.87637115458041,-0.1996307229788566,0,0.004925056693118023,147.26690585219748,0.19147128914930786,35.49526057061615,-25.047475191733366,0.3294143700999118,22.475774114625047,,0.20005660073957204,2.985684749787302,0.11430928156228343,0.011114904871488999,False,False,False,False,False,False,False,True,table,False,,
A-10ml-f0.50-p+5.0-above-y0-x+0.0-y+0.0,A,pitch,10,0.5,5,above,0,0,0,18,22.01284832596418,18.142466061567834,4.480415597407324,47.89775430777567,False,62.48,28.4,149047,0,15390,0,4940,0,0,0,1.1599999999999278,,,1.7394455755337694,1.543815706406796,19.031232049461348,24.473202498476674,5.720514774164916,80.44351899627691,-0.20011498586354481,0,0.00041849461708965996,140.35902188899678,2.06309831658398,43.83554775210295,-24.32250170974755,0.1491003706102485,13.434017633862277,,0.20010273828568306,0.5208013865194158,1.2605816820395112e-05,-0.0016049749639802146,False,False,False,False,False,False,False,True,table,False,,
A-10ml-f0.50-p+20.0-above-y0-x+0.0-y+0.0,A,pitch,10,0.5,20,above,0,0,0,18,22.01284832596418,18.142466061567834,4.480415597407324,47.89775430777567,False,56.41,28.4,131265,0,6709,0,0,3417,0,0,1.3899999999999024,,,4.1894883359517205,17.470376854064614,10.839374986697187,16.63449392206977,5.720514774164916,84.1921947809756,-0.19875938594503956,0,0.007773963426136339,136.43830106600012,8.831051529845771,35.47926920057266,-17.75226311544076,15.663100145304279,10.832187780067146,,0.20013574247909052,5.931875077874386,1.2605816820395112e-05,-0.001604974865374913,False,False,False,False,False,False,False,True,table,False,,
A-10ml-f0.25-p+5.0-above-y0-x+0.0-y+0.0,A,pitch,10,0.25,5,above,0,0,0,18,22.01284832596418,9.071233030783917,2.240207798703662,42.75528824620785,False,167.58,28.4,186590,0,6554,0,4940,0,0,0,1.1599999999999278,,,2.7971405589789478,5.688957314702075,19.038271825835064,24.473703291178268,5.720514774164916,80.4436125209827,-0.20012733552282613,0,0.0006472688457212503,140.34779492199527,0.08201609409039341,34.52912700254326,-24.01552550812483,4.333263615873916,21.81990997625365,,0.19990817084585125,1.5255248135429482,0.25395119028461705,0.03410051303632004,False,False,False,False,False,False,False,True,table,False,,
A-10ml-f0.25-p+20.0-above-y0-x+0.0-y+0.0,A,pitch,10,0.25,20,above,0,0,0,18,22.01284832596418,9.071233030783917,2.240207798703662,42.75528824620785,False,168.13,28.4,126242,0,8473,0,0,3417,0,0,1.3899999999999024,,,5.04207649606751,17.03915661267114,10.840084018889373,16.63449651903499,5.720514774164916,84.19624359587297,-0.20008122291697433,0,0.000929337306239824,136.46445609997016,5.838515956106844,31.412919219013748,-21.755094029919626,17.12978607881555,19.642884135083865,,0.20013615313348082,5.790142557585887,1.486154837246863e-05,-0.0016072863722036569,False,False,False,False,False,False,False,True,table,False,,
A-10ml-f0.50-p+0.0-diagonal-y0-x+0.0-y+0.0,A,approach,10,0.5,0,diagonal,0,0,0,18,22.01284832596418,18.142466061567834,4.480415597407324,47.89775430777567,False,57.05,28.4,67669,0,0,0,4342,0,0,0,0.902499999999956,,,0.2783068419557048,0.6889545024316956,28.544697430460563,33.232997797477225,5.720514774164916,72.02312822043103,-0.2000716563923463,0,0.0010870222154877466,161.41223894038447,20.70019935301009,36.89529524416023,-17.377407079367273,0.02329934443537803,13.454582439768796,,0.19972606243186214,20.436682841269455,0.20781852164313427,0.026283328049312663,False,False,False,False,False,False,False,False,table,False,,
A-10ml-f0.50-p+0.0-above-y0-x+0.0-y+3.0,A,dy,10,0.5,0,above,0,0,3,18,22.01284832596418,18.142466061567834,4.480415597407324,47.89775430777567,False,19.59,28.4,132264,0,7460,0,5982,0,0,0,1.0424999999999407,,,3.392319012819161,6.855901048809143,28.595805797209685,33.40635963877894,5.720514774164916,71.68087028999649,-0.12235872032011902,0,0.32707281001780814,147.98918422524338,0.4295779155619833,41.40944111443475,-21.87524985906053,2.310694229476619,13.080456036080792,,0.37516096524686754,3.0163827860383656,4.799392698401287e-05,-0.0016103045086053342,False,False,False,False,False,False,False,True,table,False,,
A-10ml-f0.50-p+0.0-above-y270-x+0.0-y+0.0,A,yaw,10,0.5,0,above,270,0,0,18,22.01284832596418,18.142466061567834,4.480415597407324,47.89775430777567,False,55.12,28.4,210949,0,6365,0,5982,0,0,0,1.0424999999999407,,,0.6227211240079581,1.6564419610650951,28.601881605860058,34.26551248079714,5.720514774164916,70.6545613001246,-0.19905627889828942,0,0.007155052714567293,148.8208335973467,0.2712681897833058,40.81547610069124,-21.298567599151525,0.49569937925910756,13.377356969120312,,0.20012357024120322,0.4910975115932558,1.2605816820395112e-05,-0.001604974960126859,False,False,False,False,False,False,False,True,table,False,,
A-10ml-f0.50-p+10.0-above-y0-x+0.0-y+0.0,A,pitch,10,0.5,10,above,0,0,0,18,22.01284832596418,18.142466061567834,4.480415597407324,47.89775430777567,False,84.68,28.4,169113,250,8869,0,4202,0,0,0,1.302499999999912,,,18.616886369588553,1.8662558978769614,10.14553684159096,15.581160868917909,5.720514774164916,89.3357457288935,-0.20010355370327082,250,0.0007856435664092937,132.13152862725542,7.000792898749312,51.059760632264044,-31.6839151575347,1.2252039726763715,13.258076008931226,,0.20010204811262702,3.228089477048749,0.18959425360861396,0.02322826701670034,False,False,False,False,False,False,False,True,table,False,,
A-10ml-f0.50-p+0.0-above-y90-x+0.0-y+0.0,A,yaw,10,0.5,0,above,90,0,0,18,22.01284832596418,18.142466061567834,4.480415597407324,47.89775430777567,False,73.92,28.4,212845,0,6538,0,5982,0,0,0,1.0424999999999407,,,0.5507091730011668,1.5815685490003086,28.601399536715235,34.265410277266994,5.720514774164916,70.6546556083959,-0.20004418677773556,0,0.0010857709931371734,148.81029749058686,0.2967153280499007,41.09298795902967,-21.576461356927506,0.7369624528923333,13.337912962179548,,0.19988227212856852,0.43203083131363285,0.21764860972228436,0.027617767351065935,False,False,False,False,False,False,False,True,table,False,,
A-10ml-f0.80-p+0.0-side-y0-x+0.0-y+0.0,A,approach,10,0.8,0,side,0,0,0,18,22.01284832596418,29.027945698508535,7.16866495585172,58.783233944716386,False,10.96,28.4,16,0,0,0,6416,0,0,0,0.0025,2.916000000000141,19.60049999999967,0.8040086583898256,0.003848332030687591,134.56458363425668,33.45607206995398,5.720514774164916,11.00572898681633,4.303746075741508,0,0.33018401069621006,273.52516010583645,109.52213892869476,-29.626719649531694,-109.5235743408295,90.00141340881679,379681.7174671249,4.303755802423576,4.316400081727434,29.623815191822825,90.00140300683584,11.005725848858114,False,False,False,True,False,False,False,False,table,False,-1.2260744565406015e-06,
A-10ml-f0.80-p+10.0-above-y0-x+0.0-y+0.0,A,pitch,10,0.8,10,above,0,0,0,18,22.01284832596418,29.027945698508535,7.16866495585172,58.783233944716386,False,27.64,28.4,188035,265,8688,0,4215,0,0,0,1.302499999999912,,,6.737174578212833,3.093213658184116,10.155695937532707,15.546525706704529,5.720514774164916,89.36638635181102,-0.04928198575501058,265,0.3248773935289015,131.93598288286506,7.633660633257515,50.619749368429765,-20.490614750701297,2.1705904501198017,2.2179143009147024,,0.3737864988783433,0.8664049088210882,3.5899126009022806e-05,-0.0015915002302199044,False,False,False,False,False,False,False,True,table,False,,
A-10ml-f0.80-p-20.0-above-y0-x+0.0-y+0.0,A,pitch,10,0.8,-20,above,0,0,0,18,22.01284832596418,29.027945698508535,7.16866495585172,58.783233944716386,False,43.55,28.4,0,0,0,0,4077,0,0,0,0.4925000000000004,,,0.7994892796439265,0.005040436081054127,78.24877402594188,84.0211350958751,5.720514774164916,-0.0015855253266269709,-0.20009918656942183,0,1.8979054413127086e-07,198.9058362807561,5.064966328106569,119.63698167097137,-89.23323201861379,1.0560596771592162e-05,2.5729098311488054,,0.20009918656934197,1.2024174817339152e-07,1.198328416961092e-05,-0.0015855253266094987,False,False,False,False,False,False,False,True,table,False,,
A-10ml-f0.80-p+0.0-above-y180-x+0.0-y+0.0,A,yaw,10,0.8,0,above,180,0,0,18,22.01284832596418,29.027945698508535,7.16866495585172,58.783233944716386,False,15.65,28.4,170209,0,0,0,5981,0,0,0,1.0424999999999407,,,0.2554860054935463,0.4813206342359621,28.559818371617776,34.263318105389104,5.720514774164916,70.65860641576086,-0.07682558104485371,0,0.3233116597877753,148.5821611334388,0.9981490869636638,49.082363501285315,-18.69718542032378,1.374793384920183,2.348130315642571,,0.33828859395289335,0.37514420856507175,2.4993849828546353e-05,-0.0015960458888301572,False,False,False,False,False,False,False,True,table,False,,
A-10ml-f0.80-p+5.0-above-y0-x+0.0-y+0.0,A,pitch,10,0.8,5,above,0,0,0,18,22.01284832596418,29.027945698508535,7.16866495585172,58.783233944716386,False,46.6,28.4,141280,0,10935,0,4940,0,0,0,1.1599999999999278,,,0.7941712300106772,0.9377478663508749,19.00468621832093,24.47411871585688,5.720514774164916,80.44265501266932,-0.20011452565265458,0,0.0007766864480162565,140.3536688346688,2.116906354025355,44.75095998656113,-14.36385338126081,0.46473241276855953,2.496939872051927,,0.20010660995128274,0.27565991680927293,1.0697753125226707e-05,-0.0015855253453898226,False,False,False,False,False,False,False,True,table,False,,
A-10ml-f0.80-p+0.0-above-y90-x+0.0-y+0.0,A,yaw,10,0.8,0,above,90,0,0,18,22.01284832596418,29.027945698508535,7.16866495585172,58.783233944716386,False,22.09,28.4,181721,0,0,0,5981,0,0,0,1.0424999999999407,,,0.22389031622291747,0.43159876730666724,28.564504052742606,34.259377992925046,5.720514774164916,70.65396530148256,-0.1856480643150013,0,0.32227438903444916,148.83800935171305,1.043167892991398,49.108125226837984,-18.723440944726264,1.3203259065179112,2.357039066894583,,0.3766502358063874,0.2993454988061358,0.03464171998303747,-0.0021687286188136487,False,False,False,False,False,False,False,True,table,False,,
A-10ml-f0.80-p-10.0-above-y0-x+0.0-y+0.0,A,pitch,10,0.8,-10,above,0,0,0,18,22.01284832596418,29.027945698508535,7.16866495585172,58.783233944716386,False,59.15,28.4,154947,0,0,0,3414,0,0,0,0.7699999999999706,,,1.1376635721264459,1.3561359866740494,53.23904722914029,58.92183644637474,5.720514774164916,46.01647204295822,-0.20012855659230777,0,0.00125776485802566,167.02100955563986,0.9295415900255533,73.5408760519426,-43.122189849506164,0.7147781038311529,2.4560603930485896,,0.20010547246791027,1.2342685654374386,1.045654894575938e-05,-0.0015855253100085529,False,False,False,False,False,False,False,True,table,False,,
A-10ml-f0.50-p+0.0-above-y0-x+6.0-y+0.0,A,dx,10,0.5,0,above,0,6,0,18,22.01284832596418,18.142466061567834,4.480415597407324,47.89775430777567,False,103.44,28.4,127020,0,3486,0,6163,0,0,0,1.0424999999999407,,,5.057047364519561,12.359247255609558,28.774532693942152,34.25646820143588,5.720514774164916,70.79310200538126,-0.20007254671428054,0,0.0014509900958951018,152.35395662934295,2.5002385843891552,40.71224116585429,-20.377207599269738,10.557744370079577,11.712709133578224,,0.20002488844608182,5.339849195682362,1.791758251965523,0.28808108222728185,False,False,False,False,False,False,False,True,table,False,,
A-10ml-f0.50-p+0.0-above-y0-x-6.0-y+0.0,A,dx,10,0.5,0,above,0,-6,0,18,22.01284832596418,18.142466061567834,4.480415597407324,47.89775430777567,False,110.59,28.4,649,0,0,0,5975,0,0,72656,1.0424999999999407,,,13.747621874097748,21.77910462326555,28.60227866079622,24.057900361978206,5.720514774164916,60.036198292933236,-0.2003880032476757,0,0.0019004801625785708,143.9784298774157,30.985887890619736,53.466980499606365,-30.760043101941054,7.823331207988906,12.171500135386385,,0.1999706619352965,25.54085674072283,0.5618831393213143,0.08611930967089944,False,False,False,False,False,False,False,False,table,False,,
A-10ml-f0.80-p+0.0-above-y0-x+0.0-y+0.0,A,nominal,10,0.8,0,above,0,0,0,18,22.01284832596418,29.027945698508535,7.16866495585172,58.783233944716386,False,87.07,28.4,197432,0,0,0,5981,0,0,0,1.0424999999999407,,,0.15397648385567486,0.2461072803209289,28.56578568391603,34.26556182474531,5.720514774164916,70.65399627525848,-0.19918926023911043,0,0.007118442440129176,148.82532875360357,0.9700212740148377,49.10590594502496,-18.717513967095616,1.1170946263790111,2.390276447254326,,0.19954865464535348,0.046432333780265574,1.3336370687868338e-05,-0.0015855119857167465,False,False,False,False,False,False,False,True,table,False,,
A-10ml-f0.80-p+0.0-above-y0-x-6.0-y+0.0,A,dx,10,0.8,0,above,0,-6,0,18,22.01284832596418,29.027945698508535,7.16866495585172,58.783233944716386,False,38.85,28.4,10230,0,0,0,5972,0,0,109013,1.0424999999999407,,,1.3145523963723944,0.7521660812082638,28.5869919950672,23.42733489476197,5.720514774164916,66.91752986409857,-0.1989570003001831,0,0.328009438343673,140.222581117545,40.50082959516848,37.98189199489422,-27.10796952589016,31.010847143047478,-3.057263104127634,,0.3573063963337888,34.52919492078695,89.94103271872021,11.070239736457616,False,False,False,False,False,False,False,False,table,False,,
A-10ml-f0.80-p+0.0-above-y0-x-3.0-y+0.0,A,dx,10,0.8,0,above,0,-3,0,18,22.01284832596418,29.027945698508535,7.16866495585172,58.783233944716386,False,49.94,28.4,1164,0,0,0,5979,0,0,88323,1.0424999999999407,,,10.964542168344805,20.64752013253548,28.55087123511169,34.24652589107477,5.720514774164916,65.96383602169084,-0.19911254683686874,0,0.007220138922088765,138.4210146102422,37.52639627164277,50.505278886937745,-26.096351858186694,10.004624573238088,0.9206240783778943,,0.19949258460197838,29.233478561785144,1.4608729816197936,0.2333186552832127,False,False,False,False,False,False,False,False,table,False,,
A-10ml-f0.80-p+0.0-above-y270-x+0.0-y+0.0,A,yaw,10,0.8,0,above,270,0,0,18,22.01284832596418,29.027945698508535,7.16866495585172,58.783233944716386,False,65.92,28.4,201277,0,0,0,5981,0,0,0,1.0424999999999407,,,0.06210290618500404,0.06194968492255789,28.56240874038266,34.26555710801381,5.720514774164916,70.65390074731093,-0.20007212224314175,0,0.002144548091767883,148.8217703482059,1.0187270589213253,49.10007667970024,-18.71416431814947,1.2558668949297251,2.367581539484095,,0.20009926282922905,0.10253084228011564,1.142271288210643e-05,-0.001585525327001207,False,False,False,False,False,False,False,True,table,False,,
A-10ml-f0.80-p+0.0-above-y0-x+3.0-y+0.0,A,dx,10,0.8,0,above,0,3,0,18,22.01284832596418,29.027945698508535,7.16866495585172,58.783233944716386,False,55.16,28.4,161818,0,0,0,5981,0,0,0,1.0424999999999407,,,0.17986046088066854,0.2460799750431138,28.576720467190487,34.25425783368632,5.720514774164916,70.72773627223677,-0.1983090167331572,0,0.32303704429509916,150.795071113166,2.097789317741327,49.11137549351929,-18.66154766232797,1.1549913411700783,2.384079017663783,,0.3778615189305861,0.06672302887124092,3.149718981948941e-05,-0.001586780939950269,False,False,False,False,False,False,False,True,table,False,,
A-10ml-f0.50-p+0.0-above-y0-x+3.0-y+0.0,A,dx,10,0.5,0,above,0,3,0,18,22.01284832596418,18.142466061567834,4.480415597407324,47.89775430777567,False,137.29,28.4,178483,0,9522,0,5982,0,0,0,1.0424999999999407,,,0.9957378096154736,2.8683736830187936,28.60080674403747,34.25961303204399,5.720514774164916,70.71768192335534,-0.2002032687052277,0,0.0005951570861272515,150.70321711270174,2.0564513458513893,43.25776580562149,-23.700301145644545,0.9940155933387378,13.29588270785653,,0.2001373745099289,0.4542215126871971,1.303228910417746e-05,-0.0016049707989098075,False,False,False,False,False,False,False,True,table,False,,
A-10ml-f0.80-p+0.0-above-y0-x+0.0-y+6.0,A,dy,10,0.8,0,above,0,0,6,18,22.01284832596418,29.027945698508535,7.16866495585172,58.783233944716386,False,27.19,28.4,136483,0,815,0,5981,0,0,0,1.0424999999999407,,,0.7496513056766623,1.6866235757070502,28.572397747907353,33.9240132797413,5.720514774164916,71.0623806195084,0.03120347961790837,0,0.3241125482763653,147.78146473070527,2.254990112579624,48.76906211042532,-18.456303853030903,3.184043353267125,2.0518780677217534,,0.34167484676805554,5.47333521053455,0.5066264470356581,0.07480064885681588,False,False,False,False,False,False,False,True,table,False,,
A-10ml-f0.80-p+0.0-above-y0-x+6.0-y+0.0,A,dx,10,0.8,0,above,0,6,0,18,22.01284832596418,29.027945698508535,7.16866495585172,58.783233944716386,False,62.26,28.4,138846,0,5116,0,6122,0,0,0,1.0424999999999407,,,2.4772617857469985,6.421696567879277,28.76041334890895,34.25634199033703,5.720514774164916,70.79249213639386,-0.19984119282987628,0,0.001320446369720657,152.3689970778914,4.925345068869383,54.230204811393236,-23.71526521317366,1.2301568471976354,2.3717863514951674,,0.19997037900357895,2.5584960985481007,0.17449331805363755,0.020642237853563252,False,False,False,False,False,False,False,True,table,False,,
A-10ml-f0.80-p+20.0-above-y0-x+0.0-y+0.0,A,pitch,10,0.8,20,above,0,0,0,18,22.01284832596418,29.027945698508535,7.16866495585172,58.783233944716386,False,104.88,28.4,126118,0,2638,0,0,3416,0,0,1.3899999999999024,,,3.2960154040218694,10.186062284302164,10.83994979633645,16.634474084596665,5.720514774164916,84.18624362629663,-0.1989929659230935,0,0.007472156887488127,136.4120199039597,9.316649561392008,43.338601071370036,-14.030636433326638,7.427805161186548,1.351836543420184,,0.20010096687867268,5.245050182171233,1.1164539134006841e-05,-0.0015855253191301498,False,False,False,False,False,False,False,True,table,False,,
A-10ml-f0.50-p+0.0-above-y0-x+0.0-y-6.0,A,dy,10,0.5,0,above,0,0,-6,18,22.01284832596418,18.142466061567834,4.480415597407324,47.89775430777567,False,157.57,28.4,106548,0,7650,0,5981,0,0,0,1.0424999999999407,,,3.9323216424561647,8.024364115343467,28.549165881314842,33.116364646365454,5.720514774164916,71.94084418853697,-0.20001880104618397,0,0.0031520474083111707,148.2081441330163,0.2305192880727287,40.59832381240557,-21.077822756351047,1.2164713215499814,13.259504187711586,,0.20009350369474743,6.016639697225006,0.29595133116367756,0.04108572140975237,False,False,False,False,False,False,False,True,table,False,,
A-10ml-f0.80-p-5.0-above-y0-x+0.0-y+0.0,A,pitch,10,0.8,-5,above,0,0,0,18,22.01284832596418,29.027945698508535,7.16866495585172,58.783233944716386,False,142.09,28.4,232321,0,0,0,3096,0,0,0,0.902499999999956,,,0.14114557048387893,0.15662068348317723,39.97087494339832,45.673320816202654,5.720514774164916,59.24886191115276,-0.20011298742639988,0,0.00024819484313669477,157.60099820919044,0.4324084804559449,60.47115341838549,-30.06796482573078,1.5699577139404535,2.3162056051960342,,0.200099914936439,0.10286873657509911,1.0491346209810032e-05,-0.0015855253241377149,False,False,False,False,False,False,False,True,table,False,,
A-10ml-f0.50-p+0.0-above-y0-x+0.0-y-3.0,A,dy,10,0.5,0,above,0,0,-3,18,22.01284832596418,18.142466061567834,4.480415597407324,47.89775430777567,False,158.48,28.4,106070,0,9498,0,6064,0,0,0,1.0424999999999407,,,3.4160412914251657,6.49497526384233,28.76317809197512,33.39211185419876,5.720514774164916,71.93481537869546,-0.2008859088808712,0,0.003833333721090142,147.13920597289882,5.81772133057464,53.0965767109585,-34.075634283497806,10.55720869429028,11.712799742505739,,0.20005411320559188,5.88331654842618,1.6865977003099037,0.27014338107338964,False,False,False,False,False,False,False,True,table,False,,
A-10ml-f0.80-p+0.0-diagonal-y0-x+0.0-y+0.0,A,approach,10,0.8,0,diagonal,0,0,0,18,22.01284832596418,29.027945698508535,7.16866495585172,58.783233944716386,False,119.3,28.4,51096,0,0,0,4340,0,0,0,0.902499999999956,,,0.5211124723898024,1.2770829972659574,28.54458905279366,33.46994515299071,5.720514774164916,72.02945375165862,-0.20018996715696902,0,0.0016238847311377664,161.54738342374594,20.85409892363492,47.67370773759013,-17.380073436414886,0.3032016790125823,2.523346578134312,,0.19956923790979184,20.389026052736313,0.08168235969710821,0.005531937552802029,False,False,False,False,False,False,False,False,table,False,,
A-20ml-f0.25-p+20.0-above-y0-x+0.0-y+0.0,A,pitch,20,0.25,20,above,0,0,0,18,27.734450974025386,10.848006492240843,4.595695685163375,29.524082122566295,False,33.12,28.4,155796,1767,1927,0,0,0,0,782,,,,9.18225350656329,19.324110707779788,9.567735925043282,19.316971765848002,19.309321063310293,99.1548105044555,-0.13126599079409107,1767,0.007812235803599493,126.31319737544497,0.5376306858435121,10.569892221256978,1.7210144237432141,19.393389692759804,28.003649344464307,,0.2000886722965376,35.6412768502821,0.1734386816529684,0.02856624834121843,True,True,False,False,False,False,False,False,lift,False,,
A-20ml-f0.25-p-20.0-above-y0-x+0.0-y+0.0,A,pitch,20,0.25,-20,above,0,0,0,18,27.734450974025386,10.848006492240843,4.595695685163375,29.524082122566295,False,57.69,28.4,0,0,0,0,3683,0,0,0,0.657499999999983,,,0.8024977117480135,0.00512429252691734,64.542999372219,84.02962145241317,19.309321063310293,-0.0015566051326918722,-0.20010432501520875,0,1.9386734192930694e-07,198.90563232139894,4.918376421653154,105.79833814061243,-93.21692874605998,3.306651113363206e-06,32.26757539394716,,0.20010432501528222,1.1635343151377149e-07,6.830189170012755e-06,-0.0015566051326903294,False,False,False,False,False,False,False,True,table,False,,
A-10ml-f0.80-p+0.0-above-y0-x+0.0-y+3.0,A,dy,10,0.8,0,above,0,0,3,18,22.01284832596418,29.027945698508535,7.16866495585172,58.783233944716386,False,73.03,28.4,105990,0,6271,0,5984,0,0,0,1.0424999999999407,,,1.9954620142215111,4.220928004505569,28.63077829526199,33.39133889090206,5.720514774164916,71.84470689358756,-0.19427715951169516,0,0.004271600565770819,147.22346319725972,6.024118761681737,54.18091157364552,-24.51098372953081,12.076896737581682,0.5689292286447131,,0.20028284248792544,4.398403297255548,1.4844008183791908,0.23768429272391178,False,False,False,False,False,False,False,True,table,False,,
A-20ml-f0.25-p+5.0-above-y0-x+0.0-y+0.0,A,pitch,20,0.25,5,above,0,0,0,18,27.734450974025386,10.848006492240843,4.595695685163375,29.524082122566295,False,45.93,28.4,165368,792,1786,0,3934,0,0,0,1.3599999999999057,,,3.740537239076727,4.965097004848141,9.562935369021051,26.305774105686055,19.309321063310293,92.19737721430657,-0.19429565326354453,792,0.007387577335727677,130.93774245179213,0.2312211357435377,14.9063015773925,-2.3357980495663373,4.549660355027681,31.303734669298386,,0.19979413963648116,2.8789920047175483,5.0509930079323e-06,-0.001556620161565109,False,False,False,False,False,False,False,True,table,False,,
A-10ml-f0.80-p+0.0-above-y0-x+0.0-y-6.0,A,dy,10,0.8,0,above,0,0,-6,18,22.01284832596418,29.027945698508535,7.16866495585172,58.783233944716386,False,83.94,28.4,70171,0,0,0,5981,0,0,0,1.0424999999999407,,,2.1578803087746614,4.510346404944443,28.549829560615024,33.1972055982008,5.720514774164916,71.79536095111438,-0.2001997915687323,0,0.0027981034995384515,148.26383329083473,1.8955074389979227,47.89100286628316,-17.58381197645313,4.991426000373765,1.7548904124494884,,0.19972265878655315,5.475110708950372,0.16434935772979734,0.019080666872731765,False,False,False,False,False,False,False,True,table,False,,
A-20ml-f0.25-p-10.0-above-y0-x+0.0-y+0.0,A,pitch,20,0.25,-10,above,0,0,0,18,27.734450974025386,10.848006492240843,4.595695685163375,29.524082122566295,False,60.37,28.4,192714,0,9257,0,3078,0,0,0,0.9099999999999552,,,1.7332893156804807,1.4879108825830354,39.8647098393605,58.93122253855952,19.309321063310293,59.65185940946491,-0.20012426018945623,0,8.919709385121279e-05,156.65972355260956,2.525184615148717,49.240311305970025,-36.70244566133736,1.1663372949527566,32.02097407729373,,0.20010787830293394,1.4832128239857294,6.502146373618258e-06,-0.0015566051280385517,False,False,False,False,False,False,False,True,table,False,,
A-10ml-f0.50-p+0.0-above-y0-x+0.0-y+6.0,A,dy,10,0.5,0,above,0,0,6,18,22.01284832596418,18.142466061567834,4.480415597407324,47.89775430777567,False,187.29,28.4,89929,0,5392,0,5981,0,0,0,1.0424999999999407,,,3.730557313083599,7.815358255605074,28.552601557328234,33.159274363739534,5.720514774164916,71.83592263121707,-0.2010556267505667,0,0.0021425175282066018,148.18167130420454,0.26911123302814843,40.34363031098784,-20.816670097154127,1.5487564432313994,13.205153591957647,,0.19942072357408686,6.037208391758186,1.5272767283331427e-05,-0.001604972423015343,False,False,False,False,False,False,False,True,table,False,,
A-20ml-f0.25-p+10.0-above-y0-x+0.0-y+0.0,A,pitch,20,0.25,10,above,0,0,0,18,27.734450974025386,10.848006492240843,4.595695685163375,29.524082122566295,False,56.25,28.4,176659,2376,1903,0,0,0,0,0,,,,4.729786421385942,9.241233550116695,9.567739977147994,19.31102357324703,19.309321063310293,99.18319131153682,-0.1910409903882193,2376,0.010524535197979874,125.52537637713706,0.58086262056296,8.421616892008839,4.011906193648413,9.269685309672772,30.290652099827028,,0.2000217370150033,4.098275626265041,6.2155659652833185e-06,-0.0015565913034175313,True,True,False,False,False,False,False,True,lift,False,,
A-20ml-f0.25-p-5.0-above-y0-x+0.0-y+0.0,A,pitch,20,0.25,-5,above,0,0,0,18,27.734450974025386,10.848006492240843,4.595695685163375,29.524082122566295,False,86.3,28.4,191724,0,14185,0,2751,0,0,0,1.0449999999999404,,,0.40550154085960266,0.7144043634316892,26.398637970575297,45.65472699660385,19.309321063310293,72.84837069458942,-0.200117695340854,0,0.0001563607814346382,146.93812129885308,1.4413809106704931,38.351419834530205,-25.79738349431955,1.3964383530187061,31.972305471661702,,0.2001045011483752,0.13630260168636135,6.097163388881822e-06,-0.0015566051326509447,False,False,False,False,False,False,False,True,table,False,,
A-20ml-f0.25-p+0.0-above-y0-x+0.0-y+3.0,A,dy,20,0.25,0,above,0,0,3,18,27.734450974025386,10.848006492240843,4.595695685163375,29.524082122566295,False,26.01,28.4,178356,0,6280,0,6078,0,0,0,1.2049999999999228,,,0.5202420235358862,1.2609070766620885,15.706205365695311,34.85788378307437,19.309321063310293,83.66248498056162,-0.1926863513820043,0,0.0059473849941218794,138.4718163897134,0.10336602880339193,21.611602243753147,-9.029446899935554,0.38777170246029324,32.18559849112353,,0.19986156951155132,2.980138536601618,0.05427251481648448,0.00341394824286841,False,False,False,False,False,False,False,True,table,False,,
A-20ml-f0.25-p+0.0-above-y270-x+0.0-y+0.0,A,yaw,20,0.25,0,above,270,0,0,18,27.734450974025386,10.848006492240843,4.595695685163375,29.524082122566295,False,50.06,28.4,185100,0,7741,0,6078,0,0,0,1.2049999999999228,,,0.5090619465249793,1.0779113197553492,15.730419390535086,34.920914816467224,19.309321063310293,83.58844358430565,-0.2001164442610101,0,0.000732011525747242,138.55116570581993,0.11082887741067912,22.13972443900905,-9.55850218169263,0.1832458066388818,32.22883712997352,,0.2000907367380676,0.40297942989386215,0.059852040883627555,0.004592327024809246,False,False,False,False,False,False,False,True,table,False,,
A-20ml-f0.25-p+0.0-above-y90-x+0.0-y+0.0,A,yaw,20,0.25,0,above,90,0,0,18,27.734450974025386,10.848006492240843,4.595695685163375,29.524082122566295,False,61.25,28.4,185141,0,7697,0,6078,0,0,0,1.2049999999999228,,,0.4861964171711922,1.060622143529105,15.729595878127258,34.920909469652926,19.309321063310293,83.58845287723072,-0.20011637512155206,0,0.0008036740646395438,138.55188378412774,0.10359210291716557,22.118581098523222,-9.537325438682034,0.19809390376961006,32.225698153381835,,0.20007668388213662,0.3713758322725064,0.10956210318484269,0.015106012073549573,False,False,False,False,False,False,False,True,table,False,,
A-20ml-f0.25-p+0.0-above-y0-x-3.0-y+0.0,A,dx,20,0.25,0,above,0,-3,0,18,27.734450974025386,10.848006492240843,4.595695685163375,29.524082122566295,False,54.88,28.4,1623,0,0,0,6076,0,0,63906,1.2049999999999228,,,5.207076160869836,6.361216032687862,15.711289608764876,28.98479838547462,19.309321063310293,81.00693096303145,-0.20019251023375984,0,0.0011346492736691823,122.68637755544191,33.20734629900761,15.99659540713331,-12.69640021168668,16.48494618236002,28.68314072997012,,0.2034806483963018,23.94528252891692,2.3210743197834782,0.4845231953870417,False,False,False,False,False,False,False,False,table,False,,
A-20ml-f0.25-p+0.0-above-y0-x+3.0-y+0.0,A,dx,20,0.25,0,above,0,3,0,18,27.734450974025386,10.848006492240843,4.595695685163375,29.524082122566295,False,55.75,28.4,178466,0,17841,0,6078,0,0,0,1.2049999999999228,,,2.2826584308840703,4.085355611791633,15.701920200799274,34.916559902141486,19.309321063310293,83.63983198946855,-0.20019707839392248,0,0.000888294565660625,140.51444247311207,2.332693273389753,32.73406690047341,-19.886917730886523,4.7988331775326705,31.250706397199096,,0.19879814278172303,0.731963565655052,4.00455336570039e-06,-0.0015565967310082248,False,False,False,False,False,False,False,True,table,False,,
A-20ml-f0.25-p+0.0-above-y0-x+0.0-y-6.0,A,dy,20,0.25,0,above,0,0,-6,18,27.734450974025386,10.848006492240843,4.595695685163375,29.524082122566295,False,54.54,28.4,189749,0,4148,0,6076,0,0,0,1.2049999999999228,,,0.36414781876125324,0.575711924455201,15.87641505913543,33.662483325515865,19.309321063310293,83.03113234737789,-0.1965290573702691,0,0.005501440871309897,139.32412003918074,0.3102636948018778,22.198289270711637,-9.61237086964821,0.7069939360659566,32.118107413823964,,0.2001137848939044,5.996532099222519,2.831646840510158e-06,-0.0015566051384064993,False,False,False,False,False,False,False,True,table,False,,
A-20ml-f0.25-p+0.0-above-y0-x+6.0-y+0.0,A,dx,20,0.25,0,above,0,6,0,18,27.734450974025386,10.848006492240843,4.595695685163375,29.524082122566295,False,67.52,28.4,125475,0,21871,0,6055,0,0,0,1.2049999999999228,,,12.597816951617322,13.966061639970675,15.910045443921849,34.91093873950999,19.309321063310293,83.69837381147588,-0.19918767861897696,0,0.006183653410572266,142.39639279883846,4.069244131035896,46.25657682942907,-31.655476649291053,14.167771616097967,29.20988158430994,,0.20008326434656085,6.9124707221696715,0.21028288983226173,0.035869902062235996,False,False,False,False,False,False,False,True,table,False,,
A-20ml-f0.50-p-20.0-above-y0-x+0.0-y+0.0,A,pitch,20,0.5,-20,above,0,0,0,18,27.734450974025386,21.696012984481687,9.19139137032675,38.22009510704798,False,37.16,28.4,0,0,0,0,3683,0,0,0,0.657499999999983,,,0.8024977117536504,0.0051236076196214606,64.542999372219,84.02962951057876,19.309321063310293,-0.0015646454856724354,-0.20010385992671326,0,1.6131237175276226e-07,198.90563864342755,1.9514202751771574,113.95001391702917,-90.52059795439635,6.037091348628668e-06,21.41956832448131,,0.20010385992680385,1.0194356152603785e-07,6.037091348628668e-06,-0.001564645485678584,False,False,False,False,False,False,False,True,table,False,,
A-10ml-f0.80-p+0.0-above-y0-x+0.0-y-3.0,A,dy,10,0.8,0,above,0,0,-3,18,22.01284832596418,29.027945698508535,7.16866495585172,58.783233944716386,False,161.53,28.4,105946,0,5504,0,5981,0,0,0,1.0424999999999407,,,1.9007899229719303,4.133695192213435,28.566829294890656,33.39433095017476,5.720514774164916,71.89103666312866,-0.2008429356018318,0,0.003843758231899572,147.13383087146758,5.915590268633705,54.140760082507335,-24.42831303370166,10.967645577597928,0.7578013104767366,,0.19996147972419415,4.4486299788851635,1.7563376779909665,0.2821353542827251,False,False,False,False,False,False,False,True,table,False,,
A-20ml-f0.50-p+5.0-above-y0-x+0.0-y+0.0,A,pitch,20,0.5,5,above,0,0,0,18,27.734450974025386,21.696012984481687,9.19139137032675,38.22009510704798,False,33.03,28.4,162104,793,2094,0,3933,0,0,0,1.3599999999999057,,,4.043198625703715,5.050085805036162,9.562934782172519,26.305736810381536,19.309321063310293,92.19660455804245,-0.19255540084545109,793,0.006968482337200898,130.93378511049676,0.13951824195710696,23.899139937648098,-0.4790641451957456,4.62505259276497,20.43968737391509,,0.19996364674389136,2.8628879249686916,5.598568198963992e-06,-0.0015646385674795292,False,False,False,False,False,False,False,True,table,False,,
A-20ml-f0.25-p+0.0-above-y180-x+0.0-y+0.0,A,yaw,20,0.25,0,above,180,0,0,18,27.734450974025386,10.848006492240843,4.595695685163375,29.524082122566295,False,102.92,28.4,185097,0,7702,0,6078,0,0,0,1.2049999999999228,,,0.49612679837445245,1.0677892717200173,15.729740191462911,34.92091954620505,19.309321063310293,83.588436108245,-0.2001163830374561,0,0.00018760097934964574,138.5526300448726,0.10728532749152091,22.130162956894488,-9.548922707442953,0.19028673799753457,32.22734863562245,,0.20008571838915507,0.38336362005436586,0.10237835513817081,0.013587875757881507,False,False,False,False,False,False,False,True,table,False,,
A-20ml-f0.25-p+0.0-above-y0-x+0.0-y+0.0,A,nominal,20,0.25,0,above,0,0,0,18,27.734450974025386,10.848006492240843,4.595695685163375,29.524082122566295,False,144.89,28.4,185498,0,7633,0,6078,0,0,0,1.2049999999999228,,,0.4819617011908111,1.064969229309199,15.726078507881315,34.9209201692427,19.309321063310293,83.58843564983617,-0.2001163975526854,0,0.00010543954772627999,138.55260673846874,0.10521144255586523,22.11858373621109,-9.537343870662019,0.1906247084916186,32.22727718663959,,0.20010586838509112,0.37759037057323863,5.122641877509565e-06,-0.0015566051299513572,False,False,False,False,False,False,False,True,table,False,,
A-20ml-f0.50-p-10.0-above-y0-x+0.0-y+0.0,A,pitch,20,0.5,-10,above,0,0,0,18,27.734450974025386,21.696012984481687,9.19139137032675,38.22009510704798,False,55.24,28.4,186607,0,7714,0,3078,0,0,0,0.9099999999999552,,,0.8572537580639685,0.8085284298371894,39.64906856287235,58.931325851741846,19.309321063310293,59.65063615021639,-0.20012286186641554,0,0.00018673823866975026,156.65933744767648,2.1312519490836013,54.39684670329712,-31.009368146660666,1.3636810834954924,21.131228004884306,,0.20010401790093713,0.8708018973279277,4.182619578303747e-06,-0.0015646454906733294,False,False,False,False,False,False,False,True,table,False,,
A-20ml-f0.25-p+0.0-side-y0-x+0.0-y+0.0,A,approach,20,0.25,0,side,0,0,0,18,27.734450974025386,10.848006492240843,4.595695685163375,29.524082122566295,False,123.03,28.4,152403,0,9650,0,6431,0,0,0,0.0025,,,4.55651483504955,6.8611210628161245,26.24983351262026,34.382920840250364,19.309321063310293,84.48399896564496,-0.19251267932830773,0,0.00692659294797164,148.3332902969279,16.69306940639331,36.59367041285547,-22.445962185815418,5.063263989724984,31.19438855024152,,0.2001345935328167,17.504206065918595,5.598568198963992e-06,-0.0015565930556383648,False,False,False,False,False,False,False,False,table,False,,
A-20ml-f0.25-p+0.0-diagonal-y0-x+0.0-y+0.0,A,approach,20,0.25,0,diagonal,0,0,0,18,27.734450974025386,10.848006492240843,4.595695685163375,29.524082122566295,False,121.09,28.4,155081,0,9571,0,4169,0,0,0,1.1099999999999333,,,4.60347262711138,6.9558425937074695,15.911807010025797,34.367673698702255,19.309321063310293,84.47163498725453,-0.19161427435934741,0,0.0067705994179881775,148.36173416370883,16.718139682583963,36.560977989865634,-22.41412736763683,5.054231987273366,31.196312910763172,,0.20006859223329207,17.511441409298637,0.14553278876262774,0.02270189662365604,False,False,False,False,False,False,False,False,table,False,,
A-20ml-f0.50-p+10.0-above-y0-x+0.0-y+0.0,A,pitch,20,0.5,10,above,0,0,0,18,27.734450974025386,21.696012984481687,9.19139137032675,38.22009510704798,False,52.4,28.4,164302,2383,2211,0,0,0,0,0,,,,5.66812519445735,9.291112126302131,9.56773997307554,19.31079540360149,19.309321063310293,99.18192064685012,-0.20637508140008282,2383,0.01092351217490927,125.55105022155801,0.42113089558907185,18.190990218305267,5.101569415114499,9.30410039566441,19.435175592121684,,0.19996489962232933,4.189230495699673,2.699869328381916e-06,-0.0015646412829827447,True,True,False,False,False,False,False,True,lift,False,,
A-20ml-f0.25-p+0.0-above-y0-x+0.0-y+6.0,A,dy,20,0.25,0,above,0,0,6,18,27.734450974025386,10.848006492240843,4.595695685163375,29.524082122566295,False,81.54,28.4,180467,0,4390,0,6078,0,0,0,1.2049999999999228,,,0.32879249336733546,0.597205879815665,15.852258525153145,33.693639136341545,19.309321063310293,83.11469362767822,-0.19390461698998163,0,0.006056284389995257,139.13748291266228,0.3325712076365274,22.07236192316667,-9.486147149866731,0.7140965362430852,32.1166056673289,,0.2001024093946044,6.01297296844436,0.032298242220184056,-0.0012392961136679776,False,False,False,False,False,False,False,True,table,False,,
A-20ml-f0.50-p+20.0-above-y0-x+0.0-y+0.0,A,pitch,20,0.5,20,above,0,0,0,18,27.734450974025386,21.696012984481687,9.19139137032675,38.22009510704798,False,60.57,28.4,161812,1830,4381,0,0,0,0,44,,,,13.443711980645734,19.643413708759546,9.56773475663856,19.3171549452013,19.309321063310293,99.1541576713727,-0.1477531531197604,1830,0.005523814751803235,126.28296220171026,0.0485431220872424,24.23885126837387,-0.7765811020460367,19.68426377518314,17.086406475370016,,0.409720562539986,28.379558701277734,90.00095995557126,13.933658695295641,True,True,False,False,False,False,False,False,lift,False,,
A-20ml-f0.50-p-5.0-above-y0-x+0.0-y+0.0,A,pitch,20,0.5,-5,above,0,0,0,18,27.734450974025386,21.696012984481687,9.19139137032675,38.22009510704798,False,87.32,28.4,193749,0,11870,0,2751,0,0,0,1.0449999999999404,,,0.5185727852449532,0.8073954510172329,26.477332393454308,45.65476343571994,19.309321063310293,72.84700071305674,-0.2001172609388327,0,0.00014968884676630855,146.93683320180216,1.1769253563626676,43.90721384614718,-20.499776019213407,1.3482447369239394,21.134493133183327,,0.20010477976855098,0.2235296653627173,4.676310850554341e-06,-0.0015646454855707474,False,False,False,False,False,False,False,True,table,False,,
A-20ml-f0.50-p+0.0-diagonal-y0-x+0.0-y+0.0,A,approach,20,0.5,0,diagonal,0,0,0,18,27.734450974025386,21.696012984481687,9.19139137032675,38.22009510704798,False,47.93,28.4,137966,0,9090,0,4183,0,0,0,1.1099999999999333,,,2.3771444695153927,4.780425132498985,15.893738071677356,34.36790970392012,19.309321063310293,84.47041600630966,-0.19252795437473685,0,0.0072148446235733915,148.36172879415906,14.636858663373447,45.33721278144537,-21.058558418487625,3.1928670286679943,20.743886316778624,,0.19969900660384038,16.31400922282046,0.11544849281902668,0.015986460087326335,False,False,False,False,False,False,False,False,table,False,,
A-20ml-f0.50-p+0.0-above-y90-x+0.0-y+0.0,A,yaw,20,0.5,0,above,90,0,0,18,27.734450974025386,21.696012984481687,9.19139137032675,38.22009510704798,False,50.61,28.4,184865,0,7778,0,6078,0,0,0,1.2049999999999228,,,0.4755259759938711,1.0380510405320473,15.728475791568064,34.920944125314406,19.309321063310293,83.58731452659248,-0.20011622648247185,0,0.0007340172558066314,138.5504609959117,0.11956555106701551,30.910490882102184,-7.481322017323016,0.21354934969967537,21.374424281397584,,0.2000959464632582,0.3667742420730171,0.09386144122692573,0.011418107098244607,False,False,False,False,False,False,False,True,table,False,,
A-20ml-f0.50-p+0.0-above-y180-x+0.0-y+0.0,A,yaw,20,0.5,0,above,180,0,0,18,27.734450974025386,21.696012984481687,9.19139137032675,38.22009510704798,False,51.15,28.4,184854,0,7736,0,6078,0,0,0,1.2049999999999228,,,0.4887635284605334,1.0501787189989469,15.729269191103723,34.92094437973233,19.309321063310293,83.5873116458945,-0.2001162345376603,0,0.0001590296040499498,138.5511118929564,0.12480315096661677,30.90389874110997,-7.474744214204798,0.20156219413047696,21.37695844300788,,0.20008034878648226,0.38233046526131287,0.085750519833409,0.009701978640262385,False,False,False,False,False,False,False,True,table,False,,
A-20ml-f0.50-p+0.0-above-y0-x+0.0-y+0.0,A,nominal,20,0.5,0,above,0,0,0,18,27.734450974025386,21.696012984481687,9.19139137032675,38.22009510704798,False,92.44,28.4,185371,0,7652,0,6078,0,0,0,1.2049999999999228,,,0.48435733040793955,1.0615343258630006,15.728669346100753,34.92094464617503,19.309321063310293,83.58731106794615,-0.20011624708708015,0,9.761208267006468e-05,138.55106746352837,0.12418552476426237,30.92046337269157,-7.491315749517128,0.1980468425294983,21.37770161017745,,0.20008297233974207,0.38119431785218055,0.06743150509059821,0.005827848650199426,False,False,False,False,False,False,False,True,table,False,,
A-20ml-f0.25-p+0.0-above-y0-x-6.0-y+0.0,A,dx,20,0.25,0,above,0,-6,0,18,27.734450974025386,10.848006492240843,4.595695685163375,29.524082122566295,False,155.17,28.4,957,0,0,0,6076,0,0,64493,1.2049999999999228,,,3.3851508248282327,4.582536599856694,15.709810464842064,24.60421607469451,19.309321063310293,80.05926046083887,-0.20021112709213418,0,0.0011136121494536837,122.53608483393857,33.88315590558674,16.72626458448687,-12.718177289011937,14.919247837784622,29.04032179865356,,0.2000635853946327,22.956790346283565,0.1845448612041827,0.03088949296082412,False,False,False,False,False,False,False,False,table,False,,
A-20ml-f0.50-p+0.0-above-y0-x-6.0-y+0.0,A,dx,20,0.5,0,above,0,-6,0,18,27.734450974025386,21.696012984481687,9.19139137032675,38.22009510704798,False,60.94,28.4,771,0,0,0,6079,0,0,60266,1.2049999999999228,,,3.54256795521175,3.316739413907976,15.712072296478846,24.51419917533478,19.309321063310293,74.9925036460188,-0.20023202536602336,0,0.0006404634745581984,126.3317909468108,37.45347348413042,33.60637966252132,-14.754637064218674,7.3725315129182105,19.852330304062583,,0.19998930158033643,28.593549232530275,0.40012347534300724,0.07477380400727249,False,False,False,False,False,False,False,False,table,False,,
A-20ml-f0.50-p+0.0-side-y0-x+0.0-y+0.0,A,approach,20,0.5,0,side,0,0,0,18,27.734450974025386,21.696012984481687,9.19139137032675,38.22009510704798,False,80.42,28.4,136725,0,9438,0,6443,0,0,0,0.0025,,,2.3007432348944006,4.646875504974064,26.249831779101182,34.383799477900745,19.309321063310293,84.48038775087738,-0.19486901224233244,0,0.007397207206928613,148.33210494626607,14.631317799534926,45.36688603561316,-21.077337230292176,3.2332353631287716,20.73532540954544,,0.20012043510576413,16.3463303972742,0.08894351530884155,0.010374738693967456,False,False,False,False,False,False,False,False,table,False,,
A-20ml-f0.50-p+0.0-above-y270-x+0.0-y+0.0,A,yaw,20,0.5,0,above,270,0,0,18,27.734450974025386,21.696012984481687,9.19139137032675,38.22009510704798,False,72.73,28.4,184845,0,7759,0,6078,0,0,0,1.2049999999999228,,,0.4947202313253208,1.0558188976996685,15.729696507610361,34.92094562632503,19.309321063310293,83.58731617665744,-0.2001162886439145,0,0.0007031758684751025,138.54949729435404,0.12508443024392557,30.924794050633817,-7.4956417672533835,0.20083753759125447,21.37711163992868,,0.20007511617853574,0.39425256808062736,0.10789305919332794,0.014389004009308492,False,False,False,False,False,False,False,True,table,False,,
A-20ml-f0.50-p+0.0-above-y0-x+6.0-y+0.0,A,dx,20,0.5,0,above,0,6,0,18,27.734450974025386,21.696012984481687,9.19139137032675,38.22009510704798,False,70.47,28.4,116089,0,16407,0,6054,0,0,0,1.2049999999999228,,,17.176901485243942,17.327748452907603,15.923899554069303,34.911077005815706,19.309321063310293,83.69732799869331,-0.19990881613785733,0,0.00683144517189884,142.38970917892073,3.4971961433612972,53.39472475647803,-27.39452176157775,18.110912298971687,17.458028926249572,,0.20014279642264085,11.225617905460142,0.06095331296026053,0.004455648775601723,False,False,False,False,False,False,False,False,table,False,,
A-20ml-f0.50-p+0.0-above-y0-x+0.0-y+6.0,A,dy,20,0.5,0,above,0,0,6,18,27.734450974025386,21.696012984481687,9.19139137032675,38.22009510704798,False,54.07,28.4,175108,0,4145,0,6078,0,0,0,1.2049999999999228,,,0.39868838782739174,0.7397493917645994,15.859819764771458,33.61623299546339,19.309321063310293,83.06660148143663,-0.2005921725495366,0,0.004971170372056816,139.17740984287647,0.28578623653436613,30.9287801379723,-7.494720552447029,0.8059594341111896,21.249175602169107,,0.20010379726773167,6.0196162301373874,0.03065564655643666,-0.001957474776338951,False,False,False,False,False,False,False,True,table,False,,
A-20ml-f0.25-p+0.0-above-y0-x+0.0-y-3.0,A,dy,20,0.25,0,above,0,0,-3,18,27.734450974025386,10.848006492240843,4.595695685163375,29.524082122566295,False,172.11,28.4,177113,0,6217,0,6078,0,0,0,1.2049999999999228,,,0.49531831031553825,1.1260805601887913,15.725976374741608,34.9167391934737,19.309321063310293,83.59019598533558,-0.20021187429085374,0,0.0023447300445213386,138.59646380226266,0.1764362677306201,22.006330224807105,-9.423119668999947,0.5120472589707361,32.159324555524705,,0.20008288863760904,2.99842587028437,0.09220226194569285,0.01143826862186417,False,False,False,False,False,False,False,True,table,False,,
A-20ml-f0.80-p-10.0-above-y0-x+0.0-y+0.0,A,pitch,20,0.8,-10,above,0,0,0,18,27.734450974025386,34.713620775170696,14.7062261925228,51.237702897736995,False,49.62,28.4,180384,0,0,0,3078,0,0,0,0.9099999999999552,,,0.44202270328531307,0.38263709015735264,39.5958275391102,58.931332372364636,19.309321063310293,59.648728099337674,-0.20007541937688833,0,0.0009695106192033661,156.63767590956576,0.5480600671142152,66.07499282582246,-29.632709560171598,1.3289387943702737,8.120968917603136,,0.19997111684099386,0.48194521470377805,5.122641877509565e-06,-0.0015462217436060083,False,False,False,False,False,False,False,True,table,False,,
A-20ml-f0.50-p+0.0-above-y0-x+0.0-y-3.0,A,dy,20,0.5,0,above,0,0,-3,18,27.734450974025386,21.696012984481687,9.19139137032675,38.22009510704798,False,64.04,28.4,166732,0,5782,0,6078,0,0,0,1.2049999999999228,,,0.3950458713232789,1.062630465635,15.721329331020863,34.90108590023964,19.309321063310293,83.60667892381552,-0.20029983248059935,0,0.0028847903647882473,138.5911642539535,0.12249006611842995,30.789399350853557,-7.358788678094682,0.5333967056122239,21.306804336773045,,0.20008913526796743,2.985134970999224,0.05806478265313114,0.003845967253307246,False,False,False,False,False,False,False,True,table,False,,
A-20ml-f0.50-p+0.0-above-y0-x-3.0-y+0.0,A,dx,20,0.5,0,above,0,-3,0,18,27.734450974025386,21.696012984481687,9.19139137032675,38.22009510704798,False,103.08,28.4,1409,0,0,0,6074,0,0,65047,1.2049999999999228,,,0.9038982497001531,1.224218502331537,15.712385454489826,28.036587369221497,19.309321063310293,82.07980076416938,-0.20022330665769167,0,0.001574414331227258,121.49884534743585,33.63092299344184,19.96544667031663,-9.246259985967162,21.78256274190348,16.579176159556066,,0.2003324862155246,19.93926443793539,8.40701379144883,1.766308842141807,False,False,False,False,False,False,False,False,table,False,,
A-20ml-f0.80-p+20.0-above-y0-x+0.0-y+0.0,A,pitch,20,0.8,20,above,0,0,0,18,27.734450974025386,34.713620775170696,14.7062261925228,51.237702897736995,False,45.21,28.4,143919,1745,3746,0,0,0,0,30,,,,13.047428411424612,19.779981100937032,9.567734756817517,19.31731441281723,19.309321063310293,99.15323111883184,-0.1307699140823404,1745,0.007601171264274445,126.24317478104491,0.049907448819617985,36.77618919309224,-0.3237103783132189,19.83689790473545,4.03236690552534,,0.387648663568327,28.848909682035156,90.00054423029579,13.866306565476743,True,True,False,False,False,False,False,False,lift,False,,
A-20ml-f0.80-p+5.0-above-y0-x+0.0-y+0.0,A,pitch,20,0.8,5,above,0,0,0,18,27.734450974025386,34.713620775170696,14.7062261925228,51.237702897736995,False,54.76,28.4,162684,798,5821,0,3930,0,0,0,1.3599999999999057,,,4.04182485413634,5.076479777862546,9.562934937431741,26.30569043770797,19.309321063310293,92.19561972564281,-0.1928537319054735,798,0.007075103438962112,130.92730236188635,0.0672381461994837,37.43277313631791,-0.9844890542197726,4.581094908287882,7.431432636134513,,0.20008726974781377,2.9711514414106395,5.533085616490783e-06,-0.0015462213174310194,False,False,False,False,False,False,False,True,table,False,,
A-20ml-f0.50-p+0.0-above-y0-x+0.0-y-6.0,A,dy,20,0.5,0,above,0,0,-6,18,27.734450974025386,21.696012984481687,9.19139137032675,38.22009510704798,False,100.53,28.4,181898,0,4079,0,6074,0,0,0,1.2049999999999228,,,0.3643914618321533,0.6342107424208905,15.883091245830801,33.58535147987957,19.309321063310293,82.92113876449665,-0.1938812372982504,0,0.005345962931693725,139.34527361042765,0.1472466462039299,30.992451960236213,-7.561151969517302,0.5901348695543857,21.2948085281506,,0.2001067879164845,5.994667737726383,4.517745487845102e-06,-0.0015646454877197202,False,False,False,False,False,False,False,True,table,False,,
A-20ml-f0.80-p+0.0-side-y0-x+0.0-y+0.0,A,approach,20,0.8,0,side,0,0,0,18,27.734450974025386,34.713620775170696,14.7062261925228,51.237702897736995,False,43.23,28.4,130692,0,4801,0,6453,0,0,0,0.0025,,,0.6512219104225192,1.3565002679817162,26.249509918050236,34.383990804098595,19.309321063310293,84.47718011162428,-0.1952985438473387,0,0.007695940851995949,148.32994777179766,14.703843205010607,46.787187371852156,-9.906511516242722,1.672896220828132,8.048204924826912,,0.20010933107809845,16.456531687585798,1.2074182697257333e-06,-0.001546222146529799,False,False,False,False,False,False,False,False,table,False,,
A-20ml-f0.80-p+0.0-diagonal-y0-x+0.0-y+0.0,A,approach,20,0.8,0,diagonal,0,0,0,18,27.734450974025386,34.713620775170696,14.7062261925228,51.237702897736995,False,40.57,28.4,128920,0,4464,0,4189,0,0,0,1.1099999999999333,,,0.6334998998251291,1.3562194618346703,15.709252123369456,34.36753285529563,19.309321063310293,84.46893103988113,-0.19174500469387734,0,0.006676726310506498,148.35773411808813,14.722806451753783,46.736977228319155,-9.878937070045973,1.584430126573553,8.066922102694727,,0.20011652554860712,16.422816430707357,5.915117333884395e-06,-0.0015462364357239084,False,False,False,False,False,False,False,False,table,False,,
A-20ml-f0.80-p-20.0-above-y0-x+0.0-y+0.0,A,pitch,20,0.8,-20,above,0,0,0,18,27.734450974025386,34.713620775170696,14.7062261925228,51.237702897736995,False,87.31,28.4,0,0,0,0,3683,0,0,0,0.657499999999983,,,0.8024977117453458,0.005123602924749346,64.542999372219,84.02961121700339,19.309321063310293,-0.0015462221570712428,-0.20010339013146888,0,1.1380012701545488e-07,198.90562569446547,2.4900172062857076,126.15273857729677,-89.70571447259765,3.306651113363206e-06,8.40196111101731,,0.2001033901315328,1.1387444110099934e-07,3.306651113363206e-06,-0.0015462221570687667,False,False,False,False,False,False,False,True,table,False,,
A-20ml-f0.80-p+0.0-above-y180-x+0.0-y+0.0,A,yaw,20,0.8,0,above,180,0,0,18,27.734450974025386,34.713620775170696,14.7062261925228,51.237702897736995,False,51.14,28.4,184598,0,8217,0,6078,0,0,0,1.2049999999999228,,,0.47267978157152263,1.014021707825587,15.729525565417097,34.92094043946589,19.309321063310293,83.5859977539869,-0.20011590896601428,0,0.00020470100130980085,138.5492832246019,0.14453313469474904,44.63804135782894,-8.191376698470476,0.32461425570678026,8.333336439845391,,0.20010396068267647,0.3709148745750108,6.097163388881822e-06,-0.001546222155603214,False,False,False,False,False,False,False,True,table,False,,
A-20ml-f0.80-p+0.0-above-y0-x-6.0-y+0.0,A,dx,20,0.8,0,above,0,-6,0,18,27.734450974025386,34.713620775170696,14.7062261925228,51.237702897736995,False,41.07,28.4,789,0,0,0,6078,0,0,62295,1.2049999999999228,,,4.192840041463682,4.54237955107393,15.717583080695332,24.08135073583521,19.309321063310293,73.1677291040905,-0.20008123745993145,0,0.007708108139189958,128.4146231211176,38.642945997331616,47.88643952563497,-16.826723784779034,8.373960377918475,6.618962569848355,,0.19993286214506154,28.54100581196381,2.110977638713383,0.43909753143877256,False,True,False,False,False,False,False,False,table,False,,
A-20ml-f0.80-p+0.0-above-y270-x+0.0-y+0.0,A,yaw,20,0.8,0,above,270,0,0,18,27.734450974025386,34.713620775170696,14.7062261925228,51.237702897736995,False,51.15,28.4,184589,0,8199,0,6078,0,0,0,1.2049999999999228,,,0.47053684495440357,1.0109864511979247,15.7292530604809,34.92093908808696,19.309321063310293,83.58600307596298,-0.20011594289398582,0,0.0005790119757622038,138.54783642063344,0.14402095879242174,44.621634715680244,-8.17497281066909,0.33101210428206446,8.3319838670779,,0.20010544072379513,0.37124781947498126,2.561320938754782e-06,-0.0015462221603256934,False,False,False,False,False,False,False,True,table,False,,
A-20ml-f0.50-p+0.0-above-y0-x+0.0-y+3.0,A,dy,20,0.5,0,above,0,0,3,18,27.734450974025386,21.696012984481687,9.19139137032675,38.22009510704798,False,121.84,28.4,183218,0,7355,0,6078,0,0,0,1.2049999999999228,,,0.6642810595005824,1.398868401195952,15.707441210997423,34.85364060747177,19.309321063310293,83.6624439957868,-0.2002978111084533,0,0.004196394358783526,138.4171092663315,0.09538429684420575,30.433878941812267,-7.004627835005578,0.27433983320184435,21.36157271760808,,0.20007171238541813,3.000109376264868,0.12912427446781935,0.018877478235365796,False,False,False,False,False,False,False,True,table,False,,
A-20ml-f0.80-p+0.0-above-y0-x+0.0-y+3.0,A,dy,20,0.8,0,above,0,0,3,18,27.734450974025386,34.713620775170696,14.7062261925228,51.237702897736995,False,27.64,28.4,183304,0,6542,0,6078,0,0,0,1.2049999999999228,,,0.4129647583974657,1.0113278128894359,15.701614548164551,34.75706682207161,19.309321063310293,83.75593375411823,-0.19908933695057113,0,0.00725898460180142,138.43169109610915,0.09267439605441415,43.79042733843068,-7.343350029368992,0.5012397265699954,8.295995202971076,,0.19951286362271675,2.9801240851987902,1.5881107829924093e-05,-0.0015462109671019744,False,False,False,False,False,False,False,True,table,False,,
A-20ml-f0.50-p+0.0-above-y0-x+3.0-y+0.0,A,dx,20,0.5,0,above,0,3,0,18,27.734450974025386,21.696012984481687,9.19139137032675,38.22009510704798,False,169.0,28.4,166867,0,16955,0,6073,0,0,0,1.2049999999999228,,,2.2347111295179074,4.060430221395678,15.858107403868123,34.91858300282376,19.309321063310293,83.63975715689081,-0.20016251674689206,0,0.0010904416892722987,140.49919290972434,1.7251593255395388,39.72987333834991,-16.1033314376607,4.719746146427301,20.419535087234042,,0.19985749551571808,1.6133621190034038,0.1408767079410783,0.021372394369429566,False,False,False,False,False,False,False,True,table,False,,
A-20ml-f0.80-p+0.0-above-y0-x+0.0-y-6.0,A,dy,20,0.8,0,above,0,0,-6,18,27.734450974025386,34.713620775170696,14.7062261925228,51.237702897736995,False,56.2,28.4,160522,0,4078,0,6077,0,0,0,1.2049999999999228,,,0.36305785252173894,0.5662075868535865,15.873472415663969,33.57236132966929,19.309321063310293,83.11271821443412,-0.2004571055131063,0,0.0021455520149313624,139.2324546128199,0.09930450606625564,43.776394290301056,-7.327491852281098,0.7861775127381938,8.235750589155003,,0.20010892478290715,6.011891347888586,3.1945284701301985e-06,-0.001546222159334464,False,False,False,False,False,False,False,True,table,False,,
A-30ml-f0.25-p+0.0-above-y0-x+0.0-y+0.0,A,nominal,30,0.25,0,above,0,0,0,20,31.74802103936399,12.11256004651333,6.975340422317517,21.48270134647077,False,31.21,28.4,175788,0,0,0,5311,0,0,0,1.3274999999999093,,,0.07872876407474806,0.04017304157943439,9.560148712026233,36.0416972321331,27.60154996848948,90.76098230331381,-0.19981312403977852,0,0.006660455744110372,133.30318397882382,0.028020285886829074,13.673325159855551,0.42320516032384736,0.5369159852168017,37.6487691830509,,0.1996652143459748,0.05057743901077578,4.829673078902934e-06,-0.0015491300832646746,False,False,True,False,False,False,False,True,table,False,,
A-20ml-f0.80-p-5.0-above-y0-x+0.0-y+0.0,A,pitch,20,0.8,-5,above,0,0,0,18,27.734450974025386,34.713620775170696,14.7062261925228,51.237702897736995,False,142.51,28.4,194798,0,1059,0,2751,0,0,0,1.0449999999999404,,,0.09580197974743138,0.06039015212928926,26.38681780060074,45.65475985910922,19.309321063310293,72.84545204984529,-0.20011663504668903,0,7.848465141211497e-05,146.93529342172897,0.8816705396188557,52.97342403027864,-16.544921555734614,1.648198423804157,8.05343051719739,,0.20010395846804765,0.006299711455154214,2.699869328381916e-06,-0.0015462221547101619,False,False,False,False,False,False,False,True,table,False,,
A-20ml-f0.80-p+0.0-above-y0-x+0.0-y-3.0,A,dy,20,0.8,0,above,0,0,-3,18,27.734450974025386,34.713620775170696,14.7062261925228,51.237702897736995,False,63.57,28.4,167017,0,6759,0,6078,0,0,0,1.2049999999999228,,,0.5399801612120696,1.2999232832394365,15.701739743326545,34.730509620346325,19.309321063310293,83.77509918872539,-0.20006910466560668,0,0.005564648764551425,138.3679514927445,0.1182158354971733,44.61415115940033,-8.166451647206863,0.5912997086065876,8.276954460066252,,0.20010656493476306,2.9852237228730205,2.2588727439225506e-06,-0.0015462221441596526,False,False,False,False,False,False,False,True,table,False,,
A-20ml-f0.80-p+0.0-above-y0-x+3.0-y+0.0,A,dx,20,0.8,0,above,0,3,0,18,27.734450974025386,34.713620775170696,14.7062261925228,51.237702897736995,False,78.31,28.4,150337,0,11875,0,6070,0,0,0,1.2049999999999228,,,1.7612129673394898,3.539844671242317,15.869092816768044,34.91705763290324,19.309321063310293,83.64106206299243,-0.2001154243732456,0,0.0005801260555694571,140.4523776501001,1.1352431408085286,47.3683824042834,-10.81509369473857,4.017638304755249,7.551223634741085,,0.20003512122034925,1.6689849672658488,0.1117649103037249,0.015170390414441274,False,False,False,False,False,False,False,True,table,False,,
A-20ml-f0.80-p+0.0-above-y0-x+0.0-y+6.0,A,dy,20,0.8,0,above,0,0,6,18,27.734450974025386,34.713620775170696,14.7062261925228,51.237702897736995,False,51.65,28.4,170554,0,3758,0,6078,0,0,0,1.2049999999999228,,,0.3609329420784004,0.572431746030097,15.865856370418971,33.573858427535725,19.309321063310293,83.07325300273516,-0.20043021380047876,0,0.005189171604095455,139.28610492600103,0.11852296670758523,43.687964206612,-7.238749016892074,0.8328948847169884,8.225872394161076,,0.1967122961449252,6.013685552205323,2.2588727439225506e-06,-0.0015462207544730568,False,False,False,False,False,False,False,True,table,False,,
A-30ml-f0.25-p-10.0-above-y0-x+0.0-y+0.0,A,pitch,30,0.25,-10,above,0,0,0,20,31.74802103936399,12.11256004651333,6.975340422317517,21.48270134647077,False,49.06,28.4,17349,0,0,0,1603,0,0,6508,0.9974999999999455,,,4.347062744795512,28.99197325302638,59.16604298231241,58.8902862203691,27.60154996848948,3.6532509762890744,-0.20005685794809158,0,0.002226816506102286,195.35600598658968,21.74382609959502,104.69461974402111,-91.0814429240414,1.5674451179212405,37.3961690625224,,1.6563970419794727,94.72728791019387,90.00029989536307,16.112700014810088,False,False,False,False,False,False,False,False,table,False,,
A-20ml-f0.80-p+0.0-above-y0-x+0.0-y+0.0,A,nominal,20,0.8,0,above,0,0,0,18,27.734450974025386,34.713620775170696,14.7062261925228,51.237702897736995,False,148.36,28.4,184997,0,7946,0,6078,0,0,0,1.2049999999999228,,,0.48352976832713956,1.042914308909617,15.731038163700639,34.9209401799115,19.309321063310293,83.58599747946947,-0.20011592428972186,0,3.304580296724717e-05,138.54914526319504,0.14547681139390956,44.61680177479033,-8.170142743904456,0.3120402309909772,8.33599471653085,,0.20008297033155864,0.3825488001941014,0.07679307180298145,0.007770091761643958,False,False,False,False,False,False,False,True,table,False,,
A-20ml-f0.80-p+10.0-above-y0-x+0.0-y+0.0,A,pitch,20,0.8,10,above,0,0,0,18,27.734450974025386,34.713620775170696,14.7062261925228,51.237702897736995,False,143.68,28.4,148089,2405,9930,0,0,0,0,0,,9.447000000000054,19.60049999999967,23.891005312360456,6.826989792418691,9.567739967025927,19.311175868138665,19.309321063310293,99.179989266865,-0.2290688804294297,2405,0.29765275808741753,122.5094402096584,4.633576858492225,67.40900821363239,-30.3457550041637,5.724533862832157,7.187731499507501,-0.20119221268819687,0.2268522734160598,8.489428234934191,8.99506352021738e-06,-0.0015462215577587203,True,True,False,True,False,False,True,True,lift,False,1.8474174491191109,
A-30ml-f0.25-p-20.0-above-y0-x+0.0-y+0.0,A,pitch,30,0.25,-20,above,0,0,0,20,31.74802103936399,12.11256004651333,6.975340422317517,21.48270134647077,False,67.51,28.4,10573,0,0,0,1955,0,0,0,0.7474999999999731,,,2.204226373364936,16.068479571207327,60.97388172829746,79.86215575365352,27.60154996848948,1.6056070790152086,-0.2001032036245548,0,0.004004834438674868,196.86097632145643,15.287123792359711,104.33918916931863,-90.89737240814422,6.791835165346032,36.10830594542701,,0.19955480574278792,5.205142791288102,13.993657132438868,3.3902222278606122,False,False,False,False,False,False,False,False,table,False,,
A-30ml-f0.25-p+20.0-above-y0-x+0.0-y+0.0,A,pitch,30,0.25,20,above,0,0,0,20,31.74802103936399,12.11256004651333,6.975340422317517,21.48270134647077,False,30.66,28.4,150925,3368,20754,0,0,0,0,27,,9.462000000000073,26.34949999998394,6.107952045687576,16.16431462193917,9.567734749017163,27.601266523975085,27.60154996848948,99.15216984674332,-0.20636356688538,3368,0.3159657114793249,123.05630563205374,3.269391706649758,9.736142128124394,3.2757059470245045,16.198534125723715,33.70200069217592,0.5773058290055676,0.6261611480790904,31.974089151515216,90.00081642472237,15.95371545890801,True,True,False,True,False,False,True,False,lift,False,1.4088439230458703,
A-30ml-f0.25-p-5.0-above-y0-x+0.0-y+0.0,A,pitch,30,0.25,-5,above,0,0,0,20,31.74802103936399,12.11256004651333,6.975340422317517,21.48270134647077,False,68.92,28.4,195207,0,0,0,2521,0,0,0,1.1424999999999297,,,0.07711137849363604,0.03054068876916566,18.592898886113275,46.02810878865293,27.60154996848948,80.76925798346055,-0.20013936520151682,0,0.00025650982263811164,141.05510450536988,2.5557845896592934,23.690448134950245,-9.658064299313818,1.5202193834384463,37.40774907924057,,0.20012693710991034,0.03044973579361082,4.436338000413295e-06,-0.0015491465761492006,False,False,False,False,False,False,False,True,table,False,,
A-30ml-f0.25-p+0.0-above-y0-x+6.0-y+0.0,A,dx,30,0.25,0,above,0,6,0,20,31.74802103936399,12.11256004651333,6.975340422317517,21.48270134647077,False,15.33,28.4,94345,830,805,0,5302,0,0,0,1.3274999999999093,,,3.622134969206008,7.61142816150818,9.560137483556545,36.00897229330548,27.60154996848948,90.84963091359685,0.24742696866898728,830,0.3070589040650004,136.3618182610674,7.705004441869784,14.983162240538602,0.2159994835606721,8.158114337026031,35.767749433891616,,0.3903737454433742,3.414929874554013,8.365239156607497e-06,-0.001551367990397208,False,False,False,False,False,False,False,True,table,False,,
A-20ml-f0.80-p+0.0-above-y90-x+0.0-y+0.0,A,yaw,20,0.8,0,above,90,0,0,18,27.734450974025386,34.713620775170696,14.7062261925228,51.237702897736995,False,146.41,28.4,184592,0,8198,0,6078,0,0,0,1.2049999999999228,,,0.46802741157331906,1.0100526036980746,15.729380009124556,34.92094039433484,19.309321063310293,83.58599878664472,-0.2001159000139946,0,0.0007306090034796702,138.54872233606127,0.14352130583144024,44.64996980706839,-8.203297235388652,0.32828847426750946,8.332559671443281,,0.2001041022982254,0.36588696606850357,4.517745487845102e-06,-0.001546222159964061,False,False,False,False,False,False,False,True,table,False,,
A-30ml-f0.25-p+10.0-above-y0-x+0.0-y+0.0,A,pitch,30,0.25,10,above,0,0,0,20,31.74802103936399,12.11256004651333,6.975340422317517,21.48270134647077,False,55.62,28.4,151917,3321,23140,0,0,0,0,0,,9.473500000000087,19.60049999999967,3.008485017947153,7.559440783907429,9.567739939810547,27.600386872968265,27.60154996848948,99.1782494662448,-0.20493385313549023,3321,0.2230946542295792,126.12683701794295,1.8271927032515454,9.54950904261461,4.272207086048807,7.4531748233200235,35.94372735813317,-0.20245121285640255,0.3826493884101599,17.208056002498815,3.316877595334509,0.798042563451357,True,True,False,True,False,False,True,False,lift,False,1.4025738876188996,
A-30ml-f0.25-p+0.0-side-y0-x+0.0-y+0.0,A,approach,30,0.25,0,side,0,0,0,20,31.74802103936399,12.11256004651333,6.975340422317517,21.48270134647077,False,60.61,28.4,105200,477,13477,0,6286,0,0,0,0.0025,,,15.871204743430674,15.29866098614581,18.676211342865013,35.73348099993117,27.60154996848948,91.17351623584699,-0.194044609209236,477,0.006476188863857165,136.3493980633248,5.846608882095309,47.524871299545964,-30.53786490035884,15.937605966812006,33.77123960940809,,0.2001618648846916,12.981177123125516,4.182619578303747e-06,-0.0015491140586336469,False,False,False,False,False,False,False,False,table,False,,
A-20ml-f0.80-p+0.0-above-y0-x-3.0-y+0.0,A,dx,20,0.8,0,above,0,-3,0,18,27.734450974025386,34.713620775170696,14.7062261925228,51.237702897736995,False,136.74,28.4,1095,0,0,0,6075,0,0,64486,1.2049999999999228,,,7.499875157969089,9.44898313365963,15.711835604917392,28.293028494543268,19.309321063310293,79.69659736883474,-0.20022319558248014,0,0.0009683704965685499,123.38252241510929,39.74770134944865,41.42447259213811,-12.161201313453343,10.550824873458636,6.145920393940827,,0.20230217326050617,29.17662795309203,1.0264248843342543,0.20926354019914298,False,False,False,False,False,False,False,False,table,False,,
A-30ml-f0.25-p+0.0-above-y0-x+0.0-y-3.0,A,dy,30,0.25,0,above,0,0,-3,20,31.74802103936399,12.11256004651333,6.975340422317517,21.48270134647077,False,18.16,28.4,127366,311,2412,0,5311,0,0,0,1.3274999999999093,,,0.305023128266689,0.29945682507066396,9.560148790350013,35.90122317236193,27.60154996848948,90.91089392736836,0.24882658056780277,311,0.30978861301538396,132.67169375551794,0.2151314439571092,14.22197878545111,-0.12054251079077205,1.2869982768025767,37.4649290862252,,0.40002518652478775,3.092906072016966,0.21619206084206932,0.044614892867810785,False,False,True,False,False,False,False,True,table,False,,
A-30ml-f0.25-p+0.0-diagonal-y0-x+0.0-y+0.0,A,approach,30,0.25,0,diagonal,0,0,0,20,31.74802103936399,12.11256004651333,6.975340422317517,21.48270134647077,False,64.11,28.4,105252,702,13506,0,4507,0,0,0,1.2624999999999165,,,15.95066890071195,15.349453743402778,8.79041701120044,35.71102398098802,27.60154996848948,91.19763255823618,-0.1903079495354995,702,0.009606410246269891,136.3269727722487,5.8199116176571195,47.64433232428986,-30.651323237322075,15.971280019612719,33.762314172529635,,0.20012069817696512,12.928802107412787,0.04569080232598879,0.0028883950261911493,False,False,False,False,False,False,False,False,table,False,,
A-30ml-f0.25-p+0.0-above-y0-x+0.0-y+6.0,A,dy,30,0.25,0,above,0,0,6,20,31.74802103936399,12.11256004651333,6.975340422317517,21.48270134647077,False,19.52,28.4,138910,0,0,0,5311,0,0,0,1.3274999999999093,,,0.22869398049435344,0.32205996974651663,9.5601487098433,36.05370250815431,27.60154996848948,90.75885683878623,-0.1959050013025307,0,0.31352006556324674,133.89480131566717,0.41037925398205105,13.6605845256178,0.4380081753260767,0.2901669089301549,37.70923277211108,,0.37314123121287396,6.048188016811954,0.03979810126342409,0.0014406384526055055,False,False,True,False,False,False,False,True,table,False,,
A-30ml-f0.25-p+0.0-above-y270-x+0.0-y+0.0,A,yaw,30,0.25,0,above,270,0,0,20,31.74802103936399,12.11256004651333,6.975340422317517,21.48270134647077,False,64.07,28.4,176333,0,0,0,5311,0,0,0,1.3274999999999093,,,0.07660373970568059,0.025025171930815545,9.560148710770177,36.041703232242455,27.60154996848948,90.7609780419519,-0.20004807266219005,0,0.006810374879688074,133.3042561026853,0.02898130617376676,13.673877950694727,0.4226413509985649,0.5410684014502042,37.6477516362216,,0.19954957998016853,0.05314637988554591,5.598568198963992e-06,-0.001549140657120989,False,False,True,False,False,False,False,True,table,False,,
A-30ml-f0.25-p+0.0-above-y90-x+0.0-y+0.0,A,yaw,30,0.25,0,above,90,0,0,20,31.74802103936399,12.11256004651333,6.975340422317517,21.48270134647077,False,68.23,28.4,176897,0,0,0,5311,0,0,0,1.3274999999999093,,,0.07027713912281347,0.027446321092878038,9.560148719587692,36.04169404967196,27.60154996848948,90.760983111609,-0.19987402169707041,0,0.006024231171632004,133.3065856366095,0.028021545706134268,13.672170628691951,0.42436078024948864,0.53462907193489,37.64932958903489,,0.19928111848455846,0.06296586334571869,5.4668187275950014e-06,-0.001549140723883606,False,False,True,False,False,False,False,True,table,False,,
A-20ml-f0.80-p+0.0-above-y0-x+6.0-y+0.0,A,dx,20,0.8,0,above,0,6,0,18,27.734450974025386,34.713620775170696,14.7062261925228,51.237702897736995,False,147.79,28.4,97082,0,10378,0,6059,0,0,0,1.2049999999999228,,,9.494663496742785,11.993414057495851,15.882422166299175,34.9106010408568,19.309321063310293,83.69612390516454,-0.20010464904660075,0,0.005038862505421076,142.3717646381335,4.938980397902225,67.07380547648563,-30.247894143296012,3.6816998747847824,7.6225640244046255,,0.2001174762599806,7.7896834026162916,0.2648501559773163,0.04738439652929758,False,False,False,False,False,False,False,True,table,False,,
A-30ml-f0.25-p+0.0-above-y0-x+0.0-y-6.0,A,dy,30,0.25,0,above,0,0,-6,20,31.74802103936399,12.11256004651333,6.975340422317517,21.48270134647077,False,43.33,28.4,128119,0,0,0,5311,0,0,0,1.3274999999999093,,,0.1493484674048786,0.01918035869220358,9.56014873040547,36.10121980675235,27.60154996848948,90.69972823728854,-0.19819496225936123,0,0.004858986473550917,133.67971769312788,0.3811542889732822,13.77738257833697,0.322628073557249,0.48649088767375465,37.66112571244846,,0.20016340875826955,6.07985553068428,6.273929367455621e-06,-0.0015491650316184309,False,False,True,False,False,False,False,True,table,False,,
A-30ml-f0.25-p+0.0-above-y180-x+0.0-y+0.0,A,yaw,30,0.25,0,above,180,0,0,20,31.74802103936399,12.11256004651333,6.975340422317517,21.48270134647077,False,72.48,28.4,177279,0,0,0,5311,0,0,0,1.3274999999999093,,,0.07125166951874039,0.014864252258797693,9.560148708607572,36.04169567420341,27.60154996848948,90.76098013476302,-0.19985589396433884,0,0.0067935071867423645,133.3102822286203,0.02401785642531186,13.673139462847375,0.4234249199945722,0.5451712491099909,37.646746234770234,,0.19931370794121778,0.06683274920235462,6.445849674396954e-06,-0.001549105161458677,False,False,True,False,False,False,False,True,table,False,,
A-30ml-f0.25-p+0.0-above-y0-x-3.0-y+0.0,A,dx,30,0.25,0,above,0,-3,0,20,31.74802103936399,12.11256004651333,6.975340422317517,21.48270134647077,False,63.61,28.4,1474,0,0,0,5145,0,0,48931,1.3274999999999093,,,2.2473519790549106,2.664200436121542,9.561294417703674,34.11755884082523,27.60154996848948,63.61628082826895,-0.20010329502673924,0,0.0010944728680648797,141.97386219337957,33.64065173973387,50.10522978055252,-27.57630262177628,13.848395566146962,34.31943456913594,,0.198312553291207,42.60909558985585,3.0958611366635846,0.7510294937930263,False,False,False,False,False,False,False,False,table,False,,
A-30ml-f0.50-p-10.0-above-y0-x+0.0-y+0.0,A,pitch,30,0.5,-10,above,0,0,0,20,31.74802103936399,24.22512009302666,13.950680844635034,32.70782143949743,False,21.99,28.4,3485,0,0,0,2868,0,0,99,0.9974999999999455,,,0.802759006464319,0.003447426133270316,31.31844597670856,58.86677357181981,27.60154996848948,15.872931968653727,0.06767544103349066,0,0.003674731246700645,244.85801465368107,100.98320383530813,-17.809140198987812,-100.69505169959015,90.00025065991333,3209068.1841118243,,0.0037071921378655703,18.147929575722543,90.00025061803534,15.872927775873391,False,False,False,False,False,False,False,False,table,False,,
A-30ml-f0.50-p+0.0-above-y0-x+0.0-y+0.0,A,nominal,30,0.5,0,above,0,0,0,20,31.74802103936399,24.22512009302666,13.950680844635034,32.70782143949743,False,34.61,28.4,178685,0,0,0,5311,0,0,0,1.3274999999999093,,,0.0700878238020641,0.02713858297001215,9.56014871435578,36.04173036429846,27.60154996848948,90.75927550111712,-0.19970294332994493,0,0.006552685595655866,133.30121683039238,0.1353774626707735,24.868656594924914,1.339388557776891,0.536489942245878,25.536313538005164,,0.19943788411374383,0.06134715534864975,3.6222548091772e-06,-0.0015625969515401304,False,False,True,False,False,False,False,True,table,False,,
A-30ml-f0.25-p+0.0-above-y0-x-6.0-y+0.0,A,dx,30,0.25,0,above,0,-6,0,20,31.74802103936399,12.11256004651333,6.975340422317517,21.48270134647077,False,88.59,28.4,1143,0,0,0,5042,0,0,76688,1.3274999999999093,,,0.4055550030643894,0.4312792467123923,9.555888137195115,31.142494031664317,27.60154996848948,69.548043867176,-0.20008655553594573,0,0.002556446233634173,136.07571509131537,36.347729153260694,45.59667054223102,-21.349070764398416,14.565036832843633,34.132580413563126,,0.7937398243668282,25.745479634185013,90.00041387719418,15.873012672693168,False,True,False,False,False,False,False,False,table,False,,
A-30ml-f0.25-p+5.0-above-y0-x+0.0-y+0.0,A,pitch,30,0.25,5,above,0,0,0,20,31.74802103936399,12.11256004651333,6.975340422317517,21.48270134647077,False,126.35,28.4,155951,3486,25359,0,0,0,0,0,,9.471500000000084,19.60049999999967,1.437365736908979,3.1702983402103944,9.56774379437017,27.600700763069007,27.60154996848948,99.19094379996557,-0.16348684443680261,3486,0.27440718340801,125.93021220943265,1.0462911682366896,9.462371741804903,4.570196225904072,3.141508982005321,37.00980343788917,-0.20447885226571758,0.3146991215569599,1.283639848266154,1.076567604966661e-05,-0.001549145484056771,True,True,True,True,False,False,True,True,cap_away,False,1.5763407320065084,
A-30ml-f0.50-p+5.0-above-y0-x+0.0-y+0.0,A,pitch,30,0.5,5,above,0,0,0,20,31.74802103936399,24.22512009302666,13.950680844635034,32.70782143949743,False,39.91,28.4,143408,3605,2678,0,0,0,0,0,,,,1.101270936156123,3.061993235595581,9.567743793492802,27.57218484069241,27.60154996848948,99.23134106933092,-0.24364292279567545,3605,0.3266408819322163,125.63682550542669,0.929228500482843,17.205954941362098,8.943781698376869,2.9503415930733077,24.944217360762416,,0.38633549736557554,1.1197516538911128,0.6761627786240954,0.15891679988524016,True,True,True,False,False,False,False,True,uncap,False,,
A-30ml-f0.50-p-5.0-above-y0-x+0.0-y+0.0,A,pitch,30,0.5,-5,above,0,0,0,20,31.74802103936399,24.22512009302666,13.950680844635034,32.70782143949743,False,54.77,28.4,182704,0,0,0,2521,0,0,0,1.1424999999999297,,,0.11369166832012446,0.08327345175120485,18.592564254731695,46.0281810776591,27.60154996848948,80.76716251769543,-0.20014642170989444,0,0.0002914039633436456,141.0556037135429,1.891983155432254,34.86819778984089,-8.704858897596008,1.481887880044532,25.304587760565845,,0.20012722617793188,0.03718404940627051,5.7905745997743736e-06,-0.0015625969766271688,False,False,False,False,False,False,False,True,table,False,,
A-30ml-f0.50-p+0.0-above-y0-x-6.0-y+0.0,A,dx,30,0.5,0,above,0,-6,0,20,31.74802103936399,24.22512009302666,13.950680844635034,32.70782143949743,False,20.07,28.4,1156,0,0,0,5103,0,0,70108,1.3274999999999093,,,1.2054892757331233,0.6255103484827786,16.20274982848107,31.234678782881176,27.60154996848948,38.07861215691929,-0.19308416568319248,0,0.007302972225268508,158.50908500581042,46.50201908928027,78.3519434559734,-51.41830937567468,0.8866917282030814,25.45049091360962,,0.7834810594938335,25.966680711399178,90.0005591113467,15.885335034168477,False,True,False,False,False,False,False,False,table,False,,
A-30ml-f0.50-p+0.0-above-y0-x+6.0-y+0.0,A,dx,30,0.5,0,above,0,6,0,20,31.74802103936399,24.22512009302666,13.950680844635034,32.70782143949743,False,14.02,28.4,34609,578,2154,0,5311,0,0,0,1.3274999999999093,,,119.27780433528463,91.3038064033116,9.560148732697172,36.02771224975327,27.60154996848948,90.83871893253216,0.007310763700300871,578,0.3173762265339038,133.548612163777,10.521582191909827,118.8433843690719,-87.46541902714016,15.198292150254764,21.853896114717006,,0.4229813285141471,90.53778550352487,90.0002718599028,15.873009961865181,False,False,False,False,False,False,False,False,table,False,,
A-30ml-f0.50-p+0.0-above-y180-x+0.0-y+0.0,A,yaw,30,0.5,0,above,180,0,0,20,31.74802103936399,24.22512009302666,13.950680844635034,32.70782143949743,False,49.29,28.4,175859,0,0,0,5311,0,0,0,1.3274999999999093,,,0.06891637738833642,0.015207013904928264,9.5601487131277,36.04172941646916,27.60154996848948,90.7592728031907,-0.19994813104758785,0,0.006156818552226573,133.30894467319473,0.13371353119903526,24.868886420614064,1.3391613989516964,0.5415080507681047,25.535083853854697,,0.1997429185851577,0.06833929740238552,4.00455336570039e-06,-0.0015625955933073062,False,False,True,False,False,False,False,True,table,False,,
A-30ml-f0.50-p+10.0-above-y0-x+0.0-y+0.0,A,pitch,30,0.5,10,above,0,0,0,20,31.74802103936399,24.22512009302666,13.950680844635034,32.70782143949743,False,58.66,28.4,147701,3293,2867,0,0,0,0,0,,9.470000000000082,19.60049999999967,2.9594985308085313,7.417665506114652,9.56773994172392,27.60046053923425,27.60154996848948,99.17682810531684,-0.23748732098350517,3293,0.15843692228149486,126.07924924451366,1.4636392214947769,17.488302712166256,8.459951115998537,7.403934897456065,23.843437563362134,-0.20179354393819177,0.2461640863080666,15.83449079884877,4.322189085163433,1.0486733663851913,True,True,True,True,False,False,True,False,cap_away,False,1.4642961604984541,
A-30ml-f0.50-p+0.0-diagonal-y0-x+0.0-y+0.0,A,approach,30,0.5,0,diagonal,0,0,0,20,31.74802103936399,24.22512009302666,13.950680844635034,32.70782143949743,False,56.43,28.4,95861,395,13210,0,4514,0,0,0,1.2624999999999165,,,10.316361433812922,15.480814245892597,8.781083525594504,35.71353686512631,27.60154996848948,91.19341011659664,-0.20079586657955478,395,0.0054273301758924865,135.81613970741657,5.313682299421112,49.95264588397227,-21.34834583589229,16.053141223122104,21.62804396044832,,0.20006220997538457,17.70356632522636,0.15866968138375315,0.03016551035127171,False,False,False,False,False,False,False,False,table,False,,
A-30ml-f0.50-p-20.0-above-y0-x+0.0-y+0.0,A,pitch,30,0.5,-20,above,0,0,0,20,31.74802103936399,24.22512009302666,13.950680844635034,32.70782143949743,False,72.77,28.4,10641,0,0,0,1955,0,0,0,0.7474999999999731,,,0.9371753458550398,1.113216459478145,61.92440956380309,79.9552221517228,27.60154996848948,0.1523044878107664,-0.20007905311466428,0,0.0036042642566248796,196.90893685348286,7.227291037256923,117.04016174575496,-90.84449756460356,0.11504443834627054,25.639583142657752,,0.20016124698749854,11.330320509516667,2.699869328381916e-06,-0.0015625038233016732,False,False,False,False,False,False,False,False,table,False,,
A-30ml-f0.50-p+0.0-above-y0-x+0.0-y+3.0,A,dy,30,0.5,0,above,0,0,3,20,31.74802103936399,24.22512009302666,13.950680844635034,32.70782143949743,False,14.48,28.4,124371,0,0,0,5311,0,0,0,1.3274999999999093,,,0.39781022530853566,0.8599375319992631,9.560148778600738,36.051449351328465,27.60154996848948,90.76094989302422,-0.1767537221629284,0,0.3152672676940321,133.43299683273963,0.08214111663648775,24.850750068344194,1.357789471332277,0.9668155690728327,25.43085321681145,,0.3547054257621231,3.1606054148128937,0.25010927259939214,0.05231096749220775,False,False,True,False,False,False,False,True,table,False,,
A-30ml-f0.50-p+20.0-above-y0-x+0.0-y+0.0,A,pitch,30,0.5,20,above,0,0,0,20,31.74802103936399,24.22512009302666,13.950680844635034,32.70782143949743,False,70.45,28.4,142517,3373,1023,0,0,0,0,26,,,,6.071519139824832,16.17927294159299,9.567734981810078,27.60141787997843,27.60154996848948,99.15090836965605,-0.10688900170127691,3373,0.007746431140118615,126.04980669754595,2.7182583824758964,16.842832438312463,8.226838172083514,16.304827181561468,21.561182738430272,,1.3212873375730974,39.648575528859816,90.00025817920293,15.872931329837751,True,True,False,False,False,False,False,False,lift,False,,
A-30ml-f0.50-p+0.0-above-y0-x+0.0-y-6.0,A,dy,30,0.5,0,above,0,0,-6,20,31.74802103936399,24.22512009302666,13.950680844635034,32.70782143949743,False,25.58,28.4,163466,0,0,0,5311,0,0,0,1.3274999999999093,,,0.16525080765162453,0.1539955460114217,9.560148750365101,35.70621905608385,27.60154996848948,91.090617151869,-0.19869939505608863,0,0.007354486875449028,133.71519957711325,0.46151777845810615,24.55830605815155,1.6504770539023383,0.0728690959300185,25.64991729587332,,0.2001334634221808,5.971653320210593,0.0656734569152,0.007338165028461843,False,False,True,False,False,False,False,True,table,False,,
A-30ml-f0.50-p+0.0-above-y270-x+0.0-y+0.0,A,yaw,30,0.5,0,above,270,0,0,20,31.74802103936399,24.22512009302666,13.950680844635034,32.70782143949743,False,67.04,28.4,176343,0,0,0,5311,0,0,0,1.3274999999999093,,,0.07682062948752681,0.024800611981029445,9.560148709068162,36.04173691265588,27.60154996848948,90.75926984089689,-0.2001660053939508,0,0.006829993473290154,133.30326594872548,0.13724775295200983,24.870709315467014,1.3373067386415194,0.5409484107643177,25.535220993365325,,0.19955126322965047,0.05388208570731477,4.90455619685548e-06,-0.0015625697484472705,False,False,True,False,False,False,False,True,table,False,,
A-30ml-f0.25-p+0.0-above-y0-x+3.0-y+0.0,A,dx,30,0.25,0,above,0,3,0,20,31.74802103936399,12.11256004651333,6.975340422317517,21.48270134647077,False,132.22,28.4,156986,363,3631,0,5311,0,0,0,1.3274999999999093,,,1.1276266183997756,2.282206751415537,9.560148580749626,36.038179999931344,27.60154996848948,90.79195247049488,-0.20007970332711067,363,0.0017507488476373012,135.301638856026,3.2882695284634025,15.451490708434019,-1.2076679591472295,2.5395373170413125,37.15766763304317,,0.2001683802062883,1.1725605036133933,0.09880315554280512,0.015906658262164988,False,False,True,False,False,False,False,True,table,False,,
A-30ml-f0.50-p+0.0-above-y0-x+0.0-y-3.0,A,dy,30,0.5,0,above,0,0,-3,20,31.74802103936399,24.22512009302666,13.950680844635034,32.70782143949743,False,34.08,28.4,118428,0,0,0,5311,0,0,0,1.3274999999999093,,,0.46755160494861786,0.577066265281656,9.560148732343809,35.783585872756426,27.60154996848948,91.01684190379954,-0.1904768171621593,0,0.006164990852737576,133.3526765263721,0.062954848316792,24.661659745854823,1.5479547535441063,0.3168923539074818,25.590124068769473,,0.20013389765963607,3.049871129316501,0.08984127885917301,0.01326892316556944,False,False,True,False,False,False,False,True,table,False,,
A-30ml-f0.50-p+0.0-above-y0-x-3.0-y+0.0,A,dx,30,0.5,0,above,0,-3,0,20,31.74802103936399,24.22512009302666,13.950680844635034,32.70782143949743,False,56.0,28.4,13199,0,0,0,2869,0,0,24703,1.3274999999999093,,,1.4251968669952744,5.798689734445173,57.594927987625375,34.47444874883205,27.60154996848948,0.681859068742676,-0.20004714102539456,0,0.004806158893989613,201.70998426817482,26.74821177451268,115.96438669386838,-90.03353891568536,0.6737126405106145,25.502686416449986,,0.2001106429396633,21.99324182801472,2.8696894768135253,0.6971880259961348,False,False,False,False,False,False,False,False,table,False,,
A-30ml-f0.50-p+0.0-above-y90-x+0.0-y+0.0,A,yaw,30,0.5,0,above,90,0,0,20,31.74802103936399,24.22512009302666,13.950680844635034,32.70782143949743,False,84.48,28.4,175682,0,0,0,5311,0,0,0,1.3274999999999093,,,0.07705553573067664,0.03995028423975513,9.560148715586358,36.04172925629274,27.60154996848948,90.7592744404652,-0.19990011287823045,0,0.006502961354171939,133.3052885826401,0.13523648144927028,24.869447941577384,1.338602792478563,0.5348088726106462,25.53672548254745,,0.19934339330816866,0.05055002301579418,2.2588727439225506e-06,-0.0015625978242013322,False,False,True,False,False,False,False,True,table,False,,
A-30ml-f0.80-p-20.0-above-y0-x+0.0-y+0.0,A,pitch,30,0.8,-20,above,0,0,0,20,31.74802103936399,38.76019214884267,22.32108935141606,47.24289349531343,False,37.01,28.4,10842,0,0,0,1955,0,0,0,0.7474999999999731,,,0.8035706067629744,0.42921728876834436,62.003837764527205,80.07015953459882,27.60154996848948,0.008424863104466761,-0.20010547951463536,0,0.0032118433333589683,197.15274439136934,1.8274211964215203,130.68807069969355,-89.94561339949037,0.07039732380282485,11.115450893515009,,0.19987616664135532,13.11098978765552,5.0344666209973425,1.2277246366745558,False,False,False,False,False,False,False,False,table,False,,
A-30ml-f0.80-p-10.0-above-y0-x+0.0-y+0.0,A,pitch,30,0.8,-10,above,0,0,0,20,31.74802103936399,38.76019214884267,22.32108935141606,47.24289349531343,False,33.39,28.4,24834,0,0,0,1605,0,0,88,0.9974999999999455,,,1.5095312990282075,6.06317230478735,59.79410546067814,58.836815094482766,27.60154996848948,0.7901203235285712,-0.1996393532877963,0,0.004773180790359551,202.6708376764783,7.296622806421696,130.54198915331392,-89.88562719369877,0.9408781159579869,10.902138315949092,,1.0772934037641821,21.66554915261892,90.00031800286028,15.87297194356865,False,False,False,False,False,False,False,False,table,False,,
A-30ml-f0.80-p+0.0-above-y0-x+0.0-y+0.0,A,nominal,30,0.8,0,above,0,0,0,20,31.74802103936399,38.76019214884267,22.32108935141606,47.24289349531343,False,32.04,28.4,173918,0,0,0,5311,0,0,0,1.3274999999999093,,,0.2356884858550141,0.2495435546421162,9.560148706459596,36.03944323422587,27.60154996848948,90.76069997588368,-0.19710694808582063,0,0.3198532645655049,133.49923415056085,0.2560530986841001,39.36600250216833,1.3767780870601876,0.36581176269985677,11.043064979075961,,0.37078600575998183,0.14134030259794483,3.7215130446689415e-06,-0.0015441433328773056,False,False,True,False,False,False,False,True,table,False,,
A-30ml-f0.80-p+0.0-above-y0-x-6.0-y+0.0,A,dx,30,0.8,0,above,0,-6,0,20,31.74802103936399,38.76019214884267,22.32108935141606,47.24289349531343,False,25.24,28.4,1134,0,0,0,5003,0,0,58113,1.3274999999999093,,,0.8358970466307434,1.2450238418150419,9.555745667497145,31.25612824592735,27.60154996848948,69.38292968944491,-0.19819668719056605,0,0.006145801440219017,136.29290393493088,29.71300187950485,70.45827914696201,-21.414871124044595,14.837785415575906,7.413516645555818,,0.9815221352918462,31.296650129192006,90.00063501055452,16.115196302321497,False,True,False,False,False,False,False,False,table,False,,
A-30ml-f0.80-p+0.0-above-y0-x-3.0-y+0.0,A,dx,30,0.8,0,above,0,-3,0,20,31.74802103936399,38.76019214884267,22.32108935141606,47.24289349531343,False,24.56,28.4,5191,1539,0,0,5260,0,0,69202,1.3274999999999093,7.244999999998704,,23.753649948508265,39.111966081980114,9.560576604767174,30.503763476573287,27.60154996848948,91.1231873026171,-353.2768347813993,1539,2474.8651047894673,2486.166374927593,31.517992250407232,64.73193428844765,-18.6754507425628,9.331911976288595,8.825687839280086,,15071.490423337586,35.532381821046,0.9797246203977678,0.23432807642969675,False,True,False,True,False,False,False,False,table,False,0.5503459842074151,
A-30ml-f0.25-p+0.0-above-y0-x+0.0-y+3.0,A,dy,30,0.25,0,above,0,0,3,20,31.74802103936399,12.11256004651333,6.975340422317517,21.48270134647077,False,150.17,28.4,125667,0,0,0,5311,0,0,0,1.3274999999999093,,,0.25022664556624385,0.459112181238985,9.560148742520688,35.94951016616218,27.60154996848948,90.86005429463245,-0.20005642211610303,0,0.0020297947315356213,133.2785007153144,0.28787542784693226,13.54465618415682,0.5563929194732781,0.8584541868663105,37.56997154357602,,0.20016233400422595,2.9826980477925438,4.26886823125797e-06,-0.0015491462360976117,False,False,True,False,False,False,False,True,table,False,,
A-30ml-f0.80-p+10.0-above-y0-x+0.0-y+0.0,A,pitch,30,0.8,10,above,0,0,0,20,31.74802103936399,38.76019214884267,22.32108935141606,47.24289349531343,False,54.26,28.4,140043,3320,2911,0,0,0,0,0,,9.47600000000009,19.60049999999967,2.928511731836553,7.389946438540928,9.567739952225915,27.59895849828724,27.60154996848948,99.17720748261624,-0.10793379045164614,3320,0.2719468734606797,126.1948417391891,0.8087631185735804,31.87683181389317,8.689626079727647,7.411297605315635,9.306530945958944,-0.20437747862627956,0.36758604060797023,10.592996861236614,1.355399126910374,0.3232692546766267,True,True,True,True,False,False,True,False,cap_away,False,1.4526322309212052,
A-30ml-f0.80-p+0.0-above-y270-x+0.0-y+0.0,A,yaw,30,0.8,0,above,270,0,0,20,31.74802103936399,38.76019214884267,22.32108935141606,47.24289349531343,False,31.47,28.4,161864,0,0,0,5311,0,0,0,1.3274999999999093,,,0.08974056304626668,0.05697698945113869,9.560148715080748,36.04173981971178,27.60154996848948,90.75726409490672,-0.19955293427112442,0,0.007303325954701184,133.30158279518298,0.2764279980663077,39.37000391210053,1.371846296530782,0.525555551676505,11.003920940354085,,0.199028644413451,0.02951173361733968,4.7536104815230715e-06,-0.0015433562160505844,False,False,True,False,False,False,False,True,table,False,,
A-30ml-f0.80-p+20.0-above-y0-x+0.0-y+0.0,A,pitch,30,0.8,20,above,0,0,0,20,31.74802103936399,38.76019214884267,22.32108935141606,47.24289349531343,False,53.37,28.4,135152,3371,1591,0,0,0,0,569,,9.480000000000095,19.60049999999967,7.267216966126707,16.29972953539347,9.567904799350185,27.601436381877956,27.60154996848948,99.14934732871421,-0.11246435085619094,3371,0.3155729968851267,126.1598943354865,1.5449673836835156,33.61433637275022,6.402686134925839,16.4199370306764,6.995474222764874,-0.20420422336697788,0.21481058479268347,41.72643644824608,0.339917122416219,0.07540127053181331,True,True,False,True,False,False,True,False,lift,False,1.457142218716011,
A-30ml-f0.80-p+0.0-diagonal-y0-x+0.0-y+0.0,A,approach,30,0.8,0,diagonal,0,0,0,20,31.74802103936399,38.76019214884267,22.32108935141606,47.24289349531343,False,50.95,28.4,93698,392,11541,0,4545,0,0,0,1.2624999999999165,,,8.494427736590602,13.691594749238986,8.744939206229454,35.715931912065656,27.60154996848948,91.19111496334891,-0.20070638046409267,392,0.005924407012137474,135.99848085027412,4.713543902618369,51.025036043564484,-8.786151544197152,14.394622526369206,7.529489245536692,,0.20011653294614887,16.676120500151622,0.07116179063487192,0.0086447810639878,False,False,False,False,False,False,False,False,table,False,,
A-30ml-f0.80-p+0.0-above-y90-x+0.0-y+0.0,A,yaw,30,0.8,0,above,90,0,0,20,31.74802103936399,38.76019214884267,22.32108935141606,47.24289349531343,False,58.12,28.4,163285,0,0,0,5311,0,0,0,1.3274999999999093,,,0.07850271637247744,0.046295111454153014,9.560148717568863,36.041739138576055,27.60154996848948,90.75726420942456,-0.1995361160392617,0,0.007089871032570108,133.30721030061437,0.2733590264764857,39.366622722672425,1.375279221729503,0.5207957879825734,11.00508731130469,,0.1993129159708901,0.04395511290665456,5.853177225625916e-06,-0.0015433905505597156,False,False,True,False,False,False,False,True,table,False,,
A-30ml-f0.50-p+0.0-side-y0-x+0.0-y+0.0,A,approach,30,0.5,0,side,0,0,0,20,31.74802103936399,24.22512009302666,13.950680844635034,32.70782143949743,False,144.04,28.4,84557,381,13307,0,6296,0,0,0,0.0025,,,9.861469309456824,15.147417512880605,18.679544727280895,35.74231964727923,27.60154996848948,91.17188476769893,-0.2009905446306373,381,0.005511823141105336,135.29031002143776,5.264093189325629,49.70333536626996,-21.171643770545007,15.808605968691271,21.69284385663954,,0.20012458598029104,17.201072519696368,0.14077937002364355,0.02573583958152952,False,False,False,False,False,False,False,False,table,False,,
A-30ml-f0.80-p+0.0-above-y0-x+6.0-y+0.0,A,dx,30,0.8,0,above,0,6,0,20,31.74802103936399,38.76019214884267,22.32108935141606,47.24289349531343,False,29.8,28.4,103595,700,2582,0,5302,0,0,0,1.3274999999999093,,,3.4504088334681966,7.426136236896626,9.560132300573503,36.042784289074895,27.60154996848948,90.80956066650386,-0.189189364430159,700,0.3192633661840246,136.70662395467374,3.9038627850499026,41.057223090968506,0.22501546040018527,7.874534020564764,9.19098063244802,,0.3727263829187541,3.1559901284510796,5.399738656763834e-06,-0.0015436131546634308,False,False,False,False,False,False,False,True,table,False,,
A-30ml-f0.80-p+0.0-above-y0-x+0.0-y+3.0,A,dy,30,0.8,0,above,0,0,3,20,31.74802103936399,38.76019214884267,22.32108935141606,47.24289349531343,False,28.83,28.4,135203,0,0,0,5311,0,0,0,1.3274999999999093,,,0.14367838588807597,0.26569913561564884,9.560148658816264,36.07537396797533,27.60154996848948,90.72936236875073,-0.19450940309507364,0,0.005715025131204252,133.40654016008224,0.10284726091105223,39.38086453442426,1.3622798145160875,0.7018423039755051,10.960720821934766,,0.20009053835507992,3.003390975278517,0.061469418324147054,0.006266792713343682,False,False,True,False,False,False,False,True,table,False,,
A-30ml-f0.50-p+0.0-above-y0-x+0.0-y+6.0,A,dy,30,0.5,0,above,0,0,6,20,31.74802103936399,24.22512009302666,13.950680844635034,32.70782143949743,False,103.4,28.4,131845,0,0,0,5311,0,0,0,1.3274999999999093,,,0.20813339098974973,0.3476662111369646,9.560148745067956,35.79051201167505,27.60154996848948,91.01854532593866,-0.20034553336521072,0,0.003915109254609758,133.70511974986982,0.4870778940620624,24.578227076640868,1.631760264539761,0.19409367998583849,25.6202137488578,,0.20015965798208757,5.971610196493227,0.03900545350974069,0.0008005799423282208,False,False,True,False,False,False,False,True,table,False,,
A-30ml-f0.80-p+0.0-above-y0-x+3.0-y+0.0,A,dx,30,0.8,0,above,0,3,0,20,31.74802103936399,38.76019214884267,22.32108935141606,47.24289349531343,False,46.16,28.4,150132,376,3240,0,5310,0,0,0,1.3274999999999093,,,1.168257178233087,2.301710234788029,9.560148487846073,36.038240638843675,27.60154996848948,90.78822714113812,-0.19527950949609074,376,0.007628763641517285,135.29676711985485,2.1276209711518494,41.57304806125711,-0.7331912831444465,2.549633829656054,10.507556720044088,,0.2001393039587724,1.1711147866386928,0.09154899820599344,0.013645042445903047,False,False,True,False,False,False,False,True,table,False,,
A-30ml-f0.50-p+0.0-above-y0-x+3.0-y+0.0,A,dx,30,0.5,0,above,0,3,0,20,31.74802103936399,24.22512009302666,13.950680844635034,32.70782143949743,False,131.02,28.4,144405,268,3944,0,5311,0,0,0,1.3274999999999093,,,1.1914896401762707,2.2593359703334355,9.560148551832965,36.03118882018605,27.60154996848948,90.79863359593362,-0.20011720218958418,268,0.2442938260598023,135.16627233198457,2.827820654029871,27.087460700572805,-0.7487786102874788,2.603815656452235,25.029325842086564,,0.3105605999069435,1.0875870882538305,0.15224173855490059,0.02856945240932858,False,False,True,False,False,False,False,True,table,False,,
A-30ml-f0.80-p+0.0-above-y180-x+0.0-y+0.0,A,yaw,30,0.8,0,above,180,0,0,20,31.74802103936399,38.76019214884267,22.32108935141606,47.24289349531343,False,82.85,28.4,163762,0,0,0,5311,0,0,0,1.3274999999999093,,,0.0731280939465748,0.029334052319652068,9.560148720897672,36.04174095869663,27.60154996848948,90.75726055785948,-0.19951954578139447,0,0.007117500970907775,133.30868520237303,0.27524955588401895,39.36687563342002,1.3749555306970251,0.5314536097810997,11.002475630076688,,0.19946820136160942,0.05168440357241051,0.0,-0.0015433673324665557,False,False,True,False,False,False,False,True,table,False,,
A-30ml-f0.80-p+0.0-above-y0-x+0.0-y-6.0,A,dy,30,0.8,0,above,0,0,-6,20,31.74802103936399,38.76019214884267,22.32108935141606,47.24289349531343,False,55.22,28.4,173686,0,0,0,5311,0,0,0,1.3274999999999093,,,0.11961228051404575,0.09499742407635763,9.560148757353982,35.463967739544444,27.60154996848948,91.33790849802782,-0.19353337603002924,0,0.007215857621516757,133.5654122338173,0.5499220741063984,38.78413276550208,1.9591337498905959,0.12221582630035417,11.10275389098267,,0.20009310488154483,5.986306391780532,0.12994156689657244,0.02306057698099686,False,False,True,False,False,False,False,True,table,False,,
A-50ml-f0.25-p+0.0-above-y0-x+0.0-y+0.0,A,nominal,50,0.25,0,above,0,0,0,25,37.64144115524114,13.984229076838627,11.769942152291096,11.93839640534348,False,29.4,28.4,148017,79592,0,0,0,0,0,0,,9.28849999999986,19.60049999999967,0.3909874595187196,0.6703928759671943,9.567746362649627,38.499966044452364,38.498422743697716,99.19607642500011,4.419520492813272,79592,86.08762065915246,1.169441707832368,0.4205099491759608,6.537986775090556,9.80282713246905,0.624003504409491,44.33545719739385,0.11208343960986922,0.3278242276261851,0.2684968401211131,1.4564287375591707e-05,-0.0015374067310873808,True,True,True,True,True,True,True,True,,True,0.06629686004847134,
A-50ml-f0.25-p-5.0-above-y0-x+0.0-y+0.0,A,pitch,50,0.25,-5,above,0,0,0,25,37.64144115524114,13.984229076838627,11.769942152291096,11.93839640534348,False,32.31,28.4,38263,3921,0,0,2163,0,0,2765,1.2899999999999134,8.803499999999268,,89.3265110654616,93.12775787187843,9.919593951780062,48.14303250564748,38.498422743697716,89.56118404835638,5.066786084744507,3921,0.4030312967184869,295.2491009512811,88.03139838602104,-8.380978405936105,-87.8776415831801,90.00036872079741,2621157.875422603,,3.5139295661372105,28.300507598833896,90.00031283335628,18.81973395781587,False,False,False,True,False,False,False,False,table,False,1.616601758844462,
A-50ml-f0.25-p+5.0-above-y0-x+0.0-y+0.0,A,pitch,50,0.25,5,above,0,0,0,25,37.64144115524114,13.984229076838627,11.769942152291096,11.93839640534348,False,35.61,28.4,122999,76379,0,0,0,0,0,0,,8.774999999999233,19.60049999999967,2.573210508248139,4.136234214104607,9.567743742958857,38.4962366330957,38.498422743697716,99.1854926614974,5.202537427377557,76379,85.04877093642088,0.31289239120794005,1.0901790595579717,6.591746448745387,9.66152771743141,3.4773422233614752,43.494182038737954,0.7704291131163246,0.8411279407956833,2.504091074130344,3.088962019344348e-05,-0.0015588647776433693,True,True,True,True,True,True,True,True,,True,0.023764552475437375,
A-30ml-f0.80-p+0.0-above-y0-x+0.0-y+6.0,A,dy,30,0.8,0,above,0,0,6,20,31.74802103936399,38.76019214884267,22.32108935141606,47.24289349531343,False,59.71,28.4,141865,0,0,0,5311,0,0,0,1.3274999999999093,,,0.125512234801696,0.202703856060464,9.560148742758852,35.8348744778271,27.60154996848948,90.96664801207143,-0.20029818107236697,0,0.07598240308602254,133.9126475107008,0.646264019464995,39.14070840065258,1.6025745157134397,0.13058080102048664,11.100704230921997,,0.21285887022591796,5.990198847977751,0.09820735947563523,0.01527450499505832,False,False,True,False,False,False,False,True,table,False,,
A-50ml-f0.25-p+10.0-above-y0-x+0.0-y+0.0,A,pitch,50,0.25,10,above,0,0,0,25,37.64144115524114,13.984229076838627,11.769942152291096,11.93839640534348,False,33.31,28.4,117471,76669,0,0,0,0,0,271,,8.930499999999423,19.60049999999967,5.479147806749085,8.791025249630794,9.567739896345067,38.49413579533255,38.498422743697716,99.17278084010482,4.910736037546992,76669,84.51488138692196,0.6214705883111475,1.4552778441933212,6.621749256314806,9.405668445688297,8.256361185666456,42.07153120477634,0.013390796966231147,0.3283986155000412,30.81765411408127,2.091309789151873e-06,-0.001554094401915814,True,True,False,True,True,True,True,False,lift,False,0.03563274028941155,
A-30ml-f0.80-p-5.0-above-y0-x+0.0-y+0.0,A,pitch,30,0.8,-5,above,0,0,0,20,31.74802103936399,38.76019214884267,22.32108935141606,47.24289349531343,False,132.66,28.4,156223,0,0,0,2521,0,0,0,1.1424999999999297,,,0.10751758525826842,0.07428471608602748,18.592163474045737,46.02819440152967,27.60154996848948,80.76501259872093,-0.2001416820820584,0,0.00019454796698215802,141.0535306634363,1.0043582922021506,49.34033724451189,-8.619083779485532,1.4885801627611057,10.767874808080911,,0.2001265959717642,0.03315227985488192,3.306651113363206e-06,-0.0015433672743619805,False,False,False,False,False,False,False,True,table,False,,
A-30ml-f0.80-p+5.0-above-y0-x+0.0-y+0.0,A,pitch,30,0.8,5,above,0,0,0,20,31.74802103936399,38.76019214884267,22.32108935141606,47.24289349531343,False,127.27,28.4,146979,3487,2757,0,0,0,0,0,,9.469500000000082,19.60049999999967,1.5301504857151433,3.1640279463409575,9.56774379416149,27.599560446452376,27.60154996848948,99.18897010283631,-0.1469204584010203,3487,0.16020023893708352,125.85642626516389,0.26244982275110296,31.738808461907368,8.977033068310103,3.196684780251465,10.348610293070369,-0.2042407596303553,0.36771110101341753,1.3435346624664408,0.1337250642814593,0.023988318754518595,True,True,True,True,False,False,True,True,cap_away,False,1.576324610342057,
A-50ml-f0.25-p+0.0-above-y0-x-6.0-y+0.0,A,dx,50,0.25,0,above,0,-6,0,25,37.64144115524114,13.984229076838627,11.769942152291096,11.93839640534348,False,11.15,28.4,6727,246,0,0,0,0,0,9193,,,,101.81562081398275,101.9078735486567,9.558063053168219,36.673315205160264,38.498422743697716,98.97622144335483,0.5796273984407102,246,0.33178392623982395,276.1109785444963,93.07152602589342,-7.238193185605355,-87.7561250766064,90.00027012705607,3577838.6908312687,,0.6841371043951017,62.29734507666946,90.00056278002931,19.102235842195025,True,True,False,False,False,False,False,False,lift,False,,
A-30ml-f0.80-p+0.0-side-y0-x+0.0-y+0.0,A,approach,30,0.8,0,side,0,0,0,20,31.74802103936399,38.76019214884267,22.32108935141606,47.24289349531343,False,122.0,28.4,91419,371,11469,0,6331,0,0,0,0.0025,,,8.25536041224409,13.470332280967888,18.674591447177168,35.74166379101802,27.60154996848948,91.16728538380147,-0.20079855357067744,371,0.005585841415077595,135.70559498545754,4.680782828617852,50.92202548991218,-8.711070194092258,14.260156167469692,7.564586509534132,,0.2001517315686182,16.404902786189417,1.2074182697257333e-06,-0.0015433706776015214,False,False,False,False,False,False,False,False,table,False,,
A-50ml-f0.25-p+0.0-side-y0-x+0.0-y+0.0,A,approach,50,0.25,0,side,0,0,0,25,37.64144115524114,13.984229076838627,11.769942152291096,11.93839640534348,False,37.29,28.4,147929,79608,0,0,0,0,0,0,,9.28849999999986,19.60049999999967,0.3886899910003539,0.6647365421159926,9.567723158260648,38.49996364343515,38.498422743697716,99.19607877946679,4.422339683224822,79608,86.08971346538105,1.168207463133013,0.41993585767276254,6.537790677289682,9.803004444082191,0.6217574571926512,44.336118512408575,0.1626203945233073,0.34710501479003125,0.2949753007120919,4.597711793052988e-06,-0.001557756135833201,True,True,True,True,True,True,True,True,,True,0.06630462021582113,
A-30ml-f0.80-p+0.0-above-y0-x+0.0-y-3.0,A,dy,30,0.8,0,above,0,0,-3,20,31.74802103936399,38.76019214884267,22.32108935141606,47.24289349531343,False,82.59,28.4,128658,0,0,0,5311,0,0,0,1.3274999999999093,,,0.19636491022153313,0.17994436980774445,9.56014874750203,35.74826695113354,27.60154996848948,91.0623933442649,-0.20031297658451575,0,0.30885539030436,133.26840438019974,0.048300596282443084,39.09889638630719,1.6460992103981276,1.267656742507863,10.822038550783363,,0.36599138628811506,3.0658000059806367,4.517745487845102e-06,-0.0015433672639644418,False,False,True,False,False,False,False,True,table,False,,
A-50ml-f0.25-p+0.0-above-y180-x+0.0-y+0.0,A,yaw,50,0.25,0,above,180,0,0,25,37.64144115524114,13.984229076838627,11.769942152291096,11.93839640534348,False,28.66,28.4,152301,79567,0,0,0,0,0,0,,9.291999999999865,19.60049999999967,0.3115011208445627,0.5222700697924373,9.567746363422524,38.49996223359834,38.498422743697716,99.19607695841574,4.556798138511023,79567,86.28099701667655,1.1573664895884601,0.3580967024031468,6.5352104813654845,9.80442646608945,0.5139505676368693,44.36786001465351,0.26715761597266763,0.41368335410944956,0.24588709439078313,2.0437136995341064e-05,-0.001551931495242162,True,True,True,True,True,True,True,True,,True,0.06521372165991847,
A-50ml-f0.25-p-20.0-above-y0-x+0.0-y+0.0,A,pitch,50,0.25,-20,above,0,0,0,25,37.64144115524114,13.984229076838627,11.769942152291096,11.93839640534348,False,83.91,28.4,170172,0,3464,0,3192,0,0,0,0.8624999999999604,,,4.1634316729036165,2.6448285283598407,45.35100371764085,83.94361717753723,38.498422743697716,54.14579900621333,-0.20011366896197091,0,0.0015593002191389268,158.8606133426206,8.135843477615312,62.10485652402085,-45.947781668135676,1.3568488572421078,44.11963991649509,,0.20010915735728063,4.153724726203019,0.2426891468484238,0.063280725877873,False,False,False,False,False,False,False,True,table,False,,
A-50ml-f0.50-p-10.0-above-y0-x+0.0-y+0.0,A,pitch,50,0.5,-10,above,0,0,0,25,37.64144115524114,27.968458153677254,23.53988430458219,25.922625482182106,False,9.35,28.4,20578,0,0,0,1427,0,0,93,1.1199999999999322,,,2.636791431917471,11.559932315149464,63.37680477231905,58.6905847909515,38.498422743697716,1.8209397099182125,1.1786494838430805,0,0.3084405946249318,200.46380309695786,8.389553118435675,120.64761150639362,-90.23783940191231,0.8525079133992938,30.28394510653201,,1.8610761161114504,6.517316425066816,0.03738161130722989,0.0019483162340700466,False,False,False,False,False,False,False,True,table,False,,
A-50ml-f0.25-p+0.0-above-y0-x+6.0-y+0.0,A,dx,50,0.25,0,above,0,6,0,25,37.64144115524114,13.984229076838627,11.769942152291096,11.93839640534348,False,25.69,28.4,99261,77051,0,0,0,0,0,0,,8.203999999998535,19.60049999999967,3.518242483060403,6.864868165935866,9.567746348265716,38.5000334658009,38.498422743697716,99.1959278747388,6.716353562308333,77051,78.45698610143269,0.479757567052332,8.809604632808599,7.916380458453937,9.40649168552435,6.816258730242184,42.502942132885224,4.889023722116153,4.892667749096558,3.0676635967771824,0.35807158369148706,0.0991458600938049,True,True,False,True,True,True,False,True,lift,False,0.09655281336023269,
A-50ml-f0.25-p+0.0-above-y0-x+0.0-y-3.0,A,dy,50,0.25,0,above,0,0,-3,25,37.64144115524114,13.984229076838627,11.769942152291096,11.93839640534348,False,21.3,28.4,123962,79668,0,0,0,0,0,0,,8.508999999998908,19.601999999999666,0.7603217342603552,1.0450417238013605,9.567746361382232,38.36536392824013,38.498422743697716,99.31835270133212,5.529640461926985,79668,86.05677890906047,0.35319485829334085,1.278909096344171,6.46378735068113,9.900360682183,1.3497519395840376,44.12173041686116,0.46467022988583756,0.571884299468979,3.11441844747256,0.0939292525062709,0.019138873570741056,True,True,True,True,True,True,True,True,,True,0.07296542252491416,
A-50ml-f0.25-p+20.0-above-y0-x+0.0-y+0.0,A,pitch,50,0.25,20,above,0,0,0,25,37.64144115524114,13.984229076838627,11.769942152291096,11.93839640534348,False,58.79,28.4,118422,76655,0,0,0,0,0,518,,9.289499999999862,19.60049999999967,9.62606354932851,17.197415981775872,9.567930549912694,38.494577821781725,38.498422743697716,99.14347727454494,4.107112633595894,76655,81.70213260584958,1.2570942134707443,3.9432232663192504,6.567703696864551,8.240015972487594,16.560529824285403,39.50328443884533,0.6420073602973363,0.7098867255830262,38.3001302978306,1.6510708451215683,0.47384315968306673,True,True,False,True,True,True,True,False,lift,False,0.05069922744294559,
A-50ml-f0.25-p+0.0-above-y0-x+0.0-y+6.0,A,dy,50,0.25,0,above,0,0,6,25,37.64144115524114,13.984229076838627,11.769942152291096,11.93839640534348,False,20.61,28.4,137620,77238,513,0,0,0,0,0,,9.1569999999997,19.60049999999967,4.358165474344983,7.604665479525178,9.56774636448926,37.370167890686425,38.498422743697716,100.55562838266059,4.8275118944157285,77238,87.60424074752694,0.7161514154574973,0.0741787325433433,5.352237771837527,10.98444349807741,0.5476987906053512,44.35792367627488,1.0150049090210722,1.0689564761289003,6.235399419653262,3.8816197012108256e-05,-0.0015611678543465152,True,True,False,True,True,False,False,True,lift,False,0.35587937943975323,
A-50ml-f0.25-p+0.0-above-y90-x+0.0-y+0.0,A,yaw,50,0.25,0,above,90,0,0,25,37.64144115524114,13.984229076838627,11.769942152291096,11.93839640534348,False,47.42,28.4,154064,79584,0,0,0,0,0,0,,9.291999999999865,19.60049999999967,0.31784795196013393,0.5350179459616393,9.567746363434368,38.49996459917002,38.498422743697716,99.19607450428713,4.560823250076229,79584,86.24833340904286,1.1550673631505657,0.3638495104018909,6.534787401232579,9.804966447057057,0.5275716860905947,44.363849622681606,0.3294839988037963,0.4549866933291597,0.21708163059456426,1.8763606237962374e-05,-0.0015595118773870736,True,True,True,True,True,True,True,True,,True,0.06518058087582894,
A-50ml-f0.25-p+0.0-diagonal-y0-x+0.0-y+0.0,A,approach,50,0.25,0,diagonal,0,0,0,25,37.64144115524114,13.984229076838627,11.769942152291096,11.93839640534348,False,55.06,28.4,149308,79588,0,0,0,0,0,0,,9.28849999999986,19.60049999999967,0.39540189249980906,0.6798528028689031,6.76541146042842,38.49996563038064,38.498422743697716,99.1960769009467,4.42342858902707,79588,86.08393558475545,1.1673490612681725,0.4227919250466254,6.537896146782958,9.802973076264932,0.6294775764851471,44.33384543636325,0.15803624981353934,0.34374217193753326,0.31684533648781543,5.533085616490783e-06,-0.0015577913035308606,True,True,True,True,True,True,True,True,,True,0.066259746572129,
A-50ml-f0.25-p+0.0-above-y270-x+0.0-y+0.0,A,yaw,50,0.25,0,above,270,0,0,25,37.64144115524114,13.984229076838627,11.769942152291096,11.93839640534348,False,50.8,28.4,144566,79604,0,0,0,0,0,0,,9.28799999999986,19.60049999999967,0.397828798675276,0.6426728068994992,9.567746362783138,38.49996433483964,38.498422743697716,99.1960754128855,4.43463737318088,79604,85.97156863970737,1.1699984908727026,0.43350701640069883,6.536823693679836,9.80422597514674,0.6410851324627101,44.33042774883441,0.1494518231915019,0.3512345881902621,0.2708302780647055,2.3844600278602423e-05,-0.001526834238201739,True,True,True,True,True,True,True,True,,True,0.06494548436677633,
A-50ml-f0.25-p+0.0-above-y0-x+0.0-y-6.0,A,dy,50,0.25,0,above,0,0,-6,25,37.64144115524114,13.984229076838627,11.769942152291096,11.93839640534348,False,40.77,28.4,120024,78412,0,0,0,0,0,0,,8.857999999999334,19.60049999999967,1.243097955854954,1.7904698112384339,9.567746360301117,38.24556814717613,38.498422743697716,99.453989123643,4.983736836093031,78412,85.1341527013514,0.5821890932751964,1.959755492706037,6.3095544949926285,10.083790995565584,1.798070921196466,43.989644875779945,0.28257567430509656,0.4187122884329244,6.383017788144622,0.01778041373642156,-0.0021109221073420596,True,True,True,True,True,True,True,True,,True,0.07107599516179317,
A-50ml-f0.50-p+10.0-above-y0-x+0.0-y+0.0,A,pitch,50,0.5,10,above,0,0,0,25,37.64144115524114,27.968458153677254,23.53988430458219,25.922625482182106,False,18.79,28.4,118656,76680,0,0,0,0,0,291,,8.937999999999432,19.60049999999967,5.384802788199317,8.834834533357132,9.567739890588928,38.49452133229933,38.498422743697716,99.1716424305783,4.904038141636397,76680,84.54778224738511,0.6228166641674155,1.1652558868513494,20.52721084408971,9.527151265204633,8.211747141133946,28.10071155746008,0.13288716625168143,0.3513875543335279,30.487242324641567,0.09644376318095196,0.019411549676360162,True,True,False,True,True,True,True,False,lift,False,0.050269224551872306,
A-50ml-f0.50-p-5.0-above-y0-x+0.0-y+0.0,A,pitch,50,0.5,-5,above,0,0,0,25,37.64144115524114,27.968458153677254,23.53988430458219,25.922625482182106,False,24.52,28.4,43607,3775,0,0,1194,0,0,18031,1.2899999999999134,9.404000000000002,19.60049999999967,92.01550862669244,28.51037531357397,62.4143988844211,48.14307568717805,38.498422743697716,89.55812036302315,4.468420550242033,3775,0.3740417998559993,187.77139806906732,34.349578698247896,115.05853719884678,-88.36865967017123,7.351572386465475,28.35868153754414,1.2767749320335975,1.3071641601681172,14.252340587936974,2.8174259611314034,0.8156518652091668,False,False,False,True,False,False,False,False,table,False,1.6093789996161476,
A-50ml-f0.50-p+0.0-above-y0-x+0.0-y+0.0,A,nominal,50,0.5,0,above,0,0,0,25,37.64144115524114,27.968458153677254,23.53988430458219,25.922625482182106,False,24.97,28.4,103914,75273,0,0,0,0,0,3244,,8.271999999998618,19.893999999998986,104.67822731146683,91.03368668827639,9.567739007076263,38.41870430302388,38.498422743697716,99.27745749050388,6.264923944569498,75273,88.3700299409391,0.8965010815564289,0.44061082430784726,20.43841175195546,9.880809654787729,0.23847842655967083,30.464733657652843,5.54773639082064,5.546645902922762,115.83422018938217,89.99980667562149,18.880369339567093,True,True,False,True,True,True,False,False,lift,False,0.3855936530556865,
A-50ml-f0.50-p+0.0-side-y0-x+0.0-y+0.0,A,approach,50,0.5,0,side,0,0,0,25,37.64144115524114,27.968458153677254,23.53988430458219,25.922625482182106,False,20.4,28.4,124901,79636,0,0,0,0,0,0,,8.108499999998418,19.992999999998755,0.4967388482110789,0.4825580090311269,9.567723163928468,38.432388138219416,38.498422743697716,99.25615847155773,6.703413091362312,79636,88.54845622436288,1.2000145968053035,0.4553095439459382,20.537998054816132,9.781180492789213,0.24516330859720237,30.462765591656943,2.217665053649352,2.234520614803661,0.5972080581804244,0.05634403925655551,0.007561276510977174,True,True,True,True,True,True,False,True,recap,False,0.23902890582637024,
A-50ml-f0.50-p+0.0-above-y90-x+0.0-y+0.0,A,yaw,50,0.5,0,above,90,0,0,25,37.64144115524114,27.968458153677254,23.53988430458219,25.922625482182106,False,20.12,28.4,139214,79314,0,0,0,0,0,0,,8.563499999998974,19.933499999998894,0.3132546602922525,0.5149562679343028,9.567746361430311,38.47471793003538,38.498422743697716,99.21883701230846,5.515590945276608,79314,87.30398711491314,0.563165368483256,0.3381815933558168,20.497550910723003,9.82617571021524,0.5238809022468804,30.380707205012033,0.31640086626612857,0.46750216104042724,0.5227166827850944,0.027695364894838936,-0.0009222381910705598,True,True,True,True,True,True,True,True,,True,0.4397060312757448,
A-50ml-f0.25-p+0.0-above-y0-x-3.0-y+0.0,A,dx,50,0.25,0,above,0,-3,0,25,37.64144115524114,13.984229076838627,11.769942152291096,11.93839640534348,False,61.77,28.4,11017,410,0,0,0,0,0,24613,,,,91.89703215325895,37.97187440512829,63.44717212564362,38.26608279461113,38.498422743697716,88.23922167779008,-0.19537538117703201,410,0.006794833384809891,192.11389544944717,43.47415596119761,102.56382481271245,-88.40501043779298,6.63476490400988,42.55711703991042,,2.0203789490661888,94.82047552891585,89.87209816014033,18.990866700384586,True,True,False,False,False,False,False,False,lift,False,,
A-50ml-f0.25-p-10.0-above-y0-x+0.0-y+0.0,A,pitch,50,0.25,-10,above,0,0,0,25,37.64144115524114,13.984229076838627,11.769942152291096,11.93839640534348,False,109.48,28.4,117202,0,0,0,2519,0,0,20556,1.1199999999999322,25.92499999998493,25.92549999998493,91.0854376775454,38.60069563283556,44.58023339713364,58.74854455617441,38.498422743697716,78.9382998360996,-0.2001055105908256,0,0.0003245633998443462,142.80374043196127,6.403395037555462,27.194088591565237,-11.020841297871412,1.496921352462897,44.078376932378674,11.14602275044834,11.42540606309669,54.06866520272778,90.00127938979735,18.820077482546317,False,False,False,False,False,False,False,False,table,False,0.0034418872504894233,
A-50ml-f0.25-p+0.0-above-y0-x+3.0-y+0.0,A,dx,50,0.25,0,above,0,3,0,25,37.64144115524114,13.984229076838627,11.769942152291096,11.93839640534348,False,64.81,28.4,125225,61836,0,0,0,0,0,0,,8.186499999998514,20.08049999999855,2.8011001872540273,4.327852942558531,9.567746362564224,38.489760551825086,38.498422743697716,99.20656597067602,6.398096133782408,61836,84.85268773333866,1.3025618133769492,4.699807868593995,6.9509900169617564,9.623304965402077,3.059721089857308,43.617531336788275,2.4956068683968287,2.5115434647752064,2.1988047710443297,0.00012057569266453892,-0.0015392659155977879,True,True,True,True,True,True,False,True,recap,False,0.1581757761841137,
A-50ml-f0.50-p+0.0-above-y0-x-3.0-y+0.0,A,dx,50,0.5,0,above,0,-3,0,25,37.64144115524114,27.968458153677254,23.53988430458219,25.922625482182106,False,18.29,28.4,25714,283,0,0,0,0,0,57827,,,,7.658520257486002,3.097948487150403,9.568007637085909,38.50018379880918,38.498422743697716,89.53308273540787,0.23909409983156882,283,0.2915436832363558,121.43367834050427,32.83037963352738,36.74793448759976,-7.144028634758673,2.6507831773297763,29.753993673057927,,0.3776235134542664,30.413896574743315,4.436338000413295e-06,-0.0015700728432920862,True,True,False,False,False,False,False,False,lift,False,,
A-50ml-f0.50-p+5.0-above-y0-x+0.0-y+0.0,A,pitch,50,0.5,5,above,0,0,0,25,37.64144115524114,27.968458153677254,23.53988430458219,25.922625482182106,False,41.93,28.4,119777,76381,0,0,0,0,0,0,,8.756999999999211,19.60049999999967,2.6786847509946234,4.215586362399553,9.567743738344667,38.496284142694726,38.498422743697716,99.18285636452205,5.256698443393895,76381,85.1220346428894,0.27337959048270805,0.6660911749142994,20.542700974173638,9.7192829890822,3.516096880911783,29.498500979828282,0.78963918353805,0.8555962067133269,2.6206703867432157,2.7875415369281657e-05,-0.0015768606500949753,True,True,True,True,True,True,True,True,,True,0.025137698603347858,
A-50ml-f0.50-p+0.0-above-y0-x+3.0-y+0.0,A,dx,50,0.5,0,above,0,3,0,25,37.64144115524114,27.968458153677254,23.53988430458219,25.922625482182106,False,18.52,28.4,104547,76992,0,0,0,0,0,0,,7.537499999998542,20.520499999997526,2.0528800474721294,3.7953471237889564,9.567746354568529,38.49276867236217,38.498422743697716,99.19602738108816,8.215332963395577,76992,85.31578348029831,2.4057112301806427,3.204176802956015,20.967616536932418,9.535238585357735,3.579654469997479,29.47971767812625,2.3385754022438725,2.3466032917714887,1.2403075898651978,0.2256824618844843,0.05749836462420505,True,True,True,True,True,True,False,True,recap,False,-0.18099065597921252,
A-50ml-f0.50-p+0.0-above-y0-x-6.0-y+0.0,A,dx,50,0.5,0,above,0,-6,0,25,37.64144115524114,27.968458153677254,23.53988430458219,25.922625482182106,False,21.24,28.4,36971,935,0,0,0,0,0,80110,,,,101.75678207764662,82.29951791496224,9.552854463959287,37.35565610466648,38.498422743697716,98.47793154949474,0.1605224658952631,935,0.3339362720897759,122.74955111464962,34.805504823073626,37.37225410278831,-3.7247485010112187,26.645560161510648,22.071348113122514,,0.7203688129368048,46.86809059790486,90.00014593220632,18.819583677238978,True,True,False,False,False,False,False,False,lift,False,,
A-50ml-f0.50-p+0.0-above-y0-x+6.0-y+0.0,A,dx,50,0.5,0,above,0,6,0,25,37.64144115524114,27.968458153677254,23.53988430458219,25.922625482182106,False,19.04,28.4,83117,75313,0,0,0,0,0,0,,7.54149999999854,21.92149999999426,3.6279056733436157,6.952746971170081,9.567746348052756,38.29585221055206,38.498422743697716,99.34177449312526,8.379203107483926,75313,80.47923482239801,2.251524440446372,7.175478442113442,21.577284899899333,9.5204892693036,6.69317768359752,28.555456479797666,6.835118914804197,6.844250827479757,3.4451322737687,3.551123666571489e-05,-0.0015799745147384145,True,True,False,True,True,True,False,True,lift,False,-0.22855034473537794,
A-50ml-f0.25-p+0.0-above-y0-x+0.0-y+3.0,A,dy,50,0.25,0,above,0,0,3,25,37.64144115524114,13.984229076838627,11.769942152291096,11.93839640534348,False,60.75,28.4,131723,78458,0,0,0,0,0,0,,8.97749999999948,19.60049999999967,0.6974419498564743,1.0269280079718943,9.567746361414706,38.240484964838146,38.498422743697716,99.50866770497264,5.044138528002562,78458,85.68876064197619,0.32832439974730104,1.1399501207610185,6.279306759641784,10.081799073212174,1.3640754850583798,44.117511195509266,0.30406971222356854,0.4517273217085665,3.218334049794412,0.15498105660636566,0.03703277376309205,True,True,True,True,True,True,True,True,,True,0.061729470415751504,
A-50ml-f0.50-p+0.0-diagonal-y0-x+0.0-y+0.0,A,approach,50,0.5,0,diagonal,0,0,0,25,37.64144115524114,27.968458153677254,23.53988430458219,25.922625482182106,False,42.28,28.4,34403,77088,0,0,0,0,0,82,,8.349499999998713,,102.36965681048501,90.71377634933668,9.43765256771539,38.36859501410595,38.498422743697716,99.3227091163266,6.359762242551318,77088,246.27100979941642,0.9876167097321539,102.14332800270937,3.468824961110207,-101.70573512057743,90.00002166662728,44605911.935667485,,86.73959146393365,37.755029383194284,90.00004247036016,18.992435701072633,True,True,False,True,True,False,False,False,lift,False,0.3826458839894076,
A-50ml-f0.50-p+0.0-above-y180-x+0.0-y+0.0,A,yaw,50,0.5,0,above,180,0,0,25,37.64144115524114,27.968458153677254,23.53988430458219,25.922625482182106,False,37.0,28.4,1679,0,0,0,0,0,0,69376,,,,3.81232504954521,1.8599080069185592,9.554220323688925,38.4239099539062,38.498422743697716,64.89292579418895,0.12982808634427745,0,0.3059186688930843,141.80703240464538,32.22254588948615,67.33924077182282,-25.747171963937664,17.344421616779822,25.266829053831664,,0.6756568556329572,33.08594628860299,90.000331799617,18.954591671651954,True,True,False,False,False,False,False,False,lift,False,,
A-50ml-f0.50-p+0.0-above-y270-x+0.0-y+0.0,A,yaw,50,0.5,0,above,270,0,0,25,37.64144115524114,27.968458153677254,23.53988430458219,25.922625482182106,False,31.46,28.4,148791,79592,0,0,0,0,0,0,,8.432999999998815,19.60049999999967,0.3735746941707291,0.6373976269074579,9.567746362558589,38.47203298419972,38.498422743697716,99.22130145214122,5.139809744057574,79592,86.6939693081865,0.5822920835690151,0.30720824692588095,20.460508587930345,9.86340926088186,0.655622183274748,30.341918412531548,0.22579583661467637,0.37728100271237447,0.39080112336997513,1.1891690845819462e-05,-0.001568645787191171,True,True,True,True,True,True,True,True,,True,0.10879271143998243,
A-50ml-f0.50-p+0.0-above-y0-x+0.0-y-6.0,A,dy,50,0.5,0,above,0,0,-6,25,37.64144115524114,27.968458153677254,23.53988430458219,25.922625482182106,False,22.18,28.4,122245,78809,0,0,0,0,0,0,,8.418499999998797,19.60049999999967,1.551350743200966,1.9882285077303767,9.567746361609398,38.37657562534577,38.498422743697716,99.31594375719945,5.418984874539568,78809,85.2507708682516,0.3265892020530174,1.5361463215229327,20.42308228903077,9.943309987762092,1.8942324892961189,29.977076390316096,0.3947663849127649,0.5190987156714421,6.27837282669843,0.21592064951262166,0.054604548157602496,True,True,True,True,True,True,True,True,,True,0.07816165829502744,
A-50ml-f0.80-p-5.0-above-y0-x+0.0-y+0.0,A,pitch,50,0.8,-5,above,0,0,0,25,37.64144115524114,44.7495330458836,37.6638148873315,42.703700374388454,False,10.73,28.4,31943,1116,0,0,1979,0,0,5125,1.2899999999999134,,,94.28820264742497,90.61335320368633,11.306167073936427,48.14316049603892,38.498422743697716,89.55429467856318,0.8899468297553503,1116,0.21070794276521757,260.69242569915565,123.05812693982573,-21.824641012211515,-118.45130484149244,90.00025712550513,3758719.08467467,,1.1790509209950417,49.19261722020296,90.00023078529709,18.819691418235514,False,False,False,False,False,False,False,False,table,False,,
A-50ml-f0.50-p+20.0-above-y0-x+0.0-y+0.0,A,pitch,50,0.5,20,above,0,0,0,25,37.64144115524114,27.968458153677254,23.53988430458219,25.922625482182106,False,49.71,28.4,102513,76886,0,0,0,0,0,558,,8.726999999999174,19.60049999999967,11.075278713506702,17.829313151371043,9.56838554137332,38.35644541816022,38.498422743697716,99.31885564508278,5.304876688818058,76886,84.21923598230761,0.06470427151529731,1.652638029433121,20.343927089602037,9.006503778143507,17.660160336499107,25.164631761002465,0.09651234437045754,0.32554406381117823,40.8998237430213,0.48762938474078005,0.1366317566852878,True,True,False,True,True,True,True,False,lift,False,0.4275945880199288,
A-50ml-f0.80-p-20.0-above-y0-x+0.0-y+0.0,A,pitch,50,0.8,-20,above,0,0,0,25,37.64144115524114,44.7495330458836,37.6638148873315,42.703700374388454,False,14.37,28.4,155242,0,0,0,3192,0,0,0,0.8624999999999604,,,0.09519010609336995,0.05234731660535843,45.093393136272816,83.94518852287952,38.498422743697716,54.13593321657356,0.24085859859253322,0,0.2904694235718898,158.80097324131012,2.4257708488540657,82.38863732125695,-35.333236065869215,1.3273657609019298,13.363020542848405,,0.37660953115002826,0.11314258835180695,8.706816964856289e-06,-0.0015493371975668685,False,False,False,False,False,False,False,True,table,False,,
A-50ml-f0.80-p+0.0-above-y0-x+0.0-y+0.0,A,nominal,50,0.8,0,above,0,0,0,25,37.64144115524114,44.7495330458836,37.6638148873315,42.703700374388454,False,15.16,28.4,32517,79241,0,0,0,0,0,340,,8.687999999999127,,103.43477329519338,90.36226638639798,9.567755105204071,38.424996667651676,38.498422743697716,99.26337103133959,5.237559318890833,79241,258.38977835653156,0.4836043578356083,118.70090520132003,-33.635210690111954,-118.44595127890524,90.0001038815099,9303488.527731454,,116.88144886613394,63.3100247971465,90.0001039299937,19.112585201577307,True,True,False,True,True,False,False,False,lift,False,0.22890836644641482,
A-50ml-f0.80-p+0.0-side-y0-x+0.0-y+0.0,A,approach,50,0.8,0,side,0,0,0,25,37.64144115524114,44.7495330458836,37.6638148873315,42.703700374388454,False,16.86,28.4,46617,47,0,0,0,0,0,32794,,,,2.4116323120114886,2.573961699256212,9.567722906787763,38.349985822767195,38.498422743697716,84.72825164021687,0.16663598004816593,47,0.30525655755556375,121.31333945553693,32.408648390895245,43.9099448706003,-8.525776614718094,20.893359066176068,7.314885849917336,,0.7094717656614871,13.023638241204642,6.981744260977661,2.0459002038785443,True,True,False,False,False,False,False,False,lift,False,,
A-50ml-f0.80-p+0.0-above-y0-x-6.0-y+0.0,A,dx,50,0.8,0,above,0,-6,0,25,37.64144115524114,44.7495330458836,37.6638148873315,42.703700374388454,False,11.7,28.4,6576,286,0,0,0,0,0,12915,,,,102.94488491869441,68.74370548832881,12.954128395137747,36.70922355705482,38.498422743697716,99.37957114789515,1.4776415338155076,286,0.2880795414532615,250.86724651797232,119.07337145544568,-48.26401123742224,-118.4466582002372,90.00022548107394,4286222.746569,,1.7633617512064605,43.86810193412618,90.00042614027471,18.90012958282004,True,True,False,False,False,False,False,False,lift,False,,
A-50ml-f0.80-p+0.0-diagonal-y0-x+0.0-y+0.0,A,approach,50,0.8,0,diagonal,0,0,0,25,37.64144115524114,44.7495330458836,37.6638148873315,42.703700374388454,False,17.35,28.4,41917,69,0,0,0,0,0,34869,,,,6.42565160507618,8.054288940174306,9.149245953359257,38.60612043281052,38.498422743697716,84.58981604085798,0.23057273862329974,69,0.29669843998871526,121.05878905591318,32.30382622288283,43.358047790519606,-8.36566751319795,21.5186348718492,7.103089837303976,,1.4406726362552478,18.080327265394413,8.462333608318081,2.476153105164825,True,True,False,False,False,False,False,False,lift,False,,
A-50ml-f0.80-p+0.0-above-y180-x+0.0-y+0.0,A,yaw,50,0.8,0,above,180,0,0,25,37.64144115524114,44.7495330458836,37.6638148873315,42.703700374388454,False,20.75,28.4,148092,79450,0,0,0,0,0,0,,9.158499999999702,19.60049999999967,0.456279671681531,0.799241294782098,9.567746361790405,38.499855092185,38.498422743697716,99.19039164338363,4.830795121545495,79450,85.97977584650509,0.8044170201361115,0.051156275501677964,37.236282106495395,9.865601294596626,0.7945235084511842,13.519944366056105,0.08150909956810959,0.338612287822825,0.37901911089291185,6.097163388881822e-06,-0.0015540928750188213,True,True,True,True,True,True,True,True,,True,0.06958687287584464,
A-50ml-f0.80-p+0.0-above-y0-x-3.0-y+0.0,A,dx,50,0.8,0,above,0,-3,0,25,37.64144115524114,44.7495330458836,37.6638148873315,42.703700374388454,False,16.67,28.4,41103,102,0,0,0,0,0,44892,,,,13.695583148509234,14.257918045436627,9.567746404980571,38.313398876781385,38.498422743697716,87.14331959407694,0.32862020750808185,102,0.3052780355906849,123.62623772849065,33.132930463517276,51.11495356201135,-10.377916127363607,13.97839041235873,9.554986230680901,,0.4635386896641674,20.818593280231227,0.31044167436487047,0.08222629356945027,True,True,False,False,False,False,False,False,lift,False,,
A-50ml-f0.80-p-10.0-above-y0-x+0.0-y+0.0,A,pitch,50,0.8,-10,above,0,0,0,25,37.64144115524114,44.7495330458836,37.6638148873315,42.703700374388454,False,34.01,28.4,156406,0,0,0,2575,0,0,0,1.1199999999999322,,,0.3074622972035169,0.2787922173661452,20.362852886913412,58.74453136532153,38.498422743697716,78.94488224418889,0.09082375916780183,0,0.3159874050555635,142.87049437367975,1.7936623338907713,57.5345129999537,-10.474322907382733,1.4457222074501688,13.32815594939692,,0.32884539010479535,0.30504593643147637,1.782731711219369e-05,-0.0015533449194320929,False,False,False,False,False,False,False,True,table,False,,
A-50ml-f0.80-p+0.0-above-y0-x+3.0-y+0.0,A,dx,50,0.8,0,above,0,3,0,25,37.64144115524114,44.7495330458836,37.6638148873315,42.703700374388454,False,14.21,28.4,51145,79628,0,0,0,0,0,0,,8.43699999999882,19.60049999999967,0.4036591620202506,0.8563354063779802,9.567746352544301,38.40851659043708,38.498422743697716,99.39852803000419,5.679636727260934,79628,80.99863467803624,0.26756543604242417,3.312640038150307,37.41718677201415,9.933057319349208,4.91314303218245,12.303881013778973,1.2044217682183953,1.2129931551618407,3.100820801273612,0.39001126424772964,0.10707593428779054,True,True,True,True,True,True,False,True,recap,False,0.40139420269917786,
A-50ml-f0.80-p+0.0-above-y90-x+0.0-y+0.0,A,yaw,50,0.8,0,above,90,0,0,25,37.64144115524114,44.7495330458836,37.6638148873315,42.703700374388454,False,32.6,28.4,143506,79199,0,0,0,0,0,0,,8.458499999998846,19.98199999999878,0.2485933474124041,0.4139279857428861,9.56774636369527,38.50056733414786,38.498422743697716,99.18873934120262,5.609642530039801,79199,87.69161249978997,0.6233722651464676,0.08946347295410144,37.26820675927051,9.83427386529745,0.3501368731555972,13.650785613210765,0.4837812318092888,0.5776412145460481,0.08221674573813742,1.9090959104164312e-05,-0.0015440804089765707,True,True,True,True,True,True,True,True,,True,0.09216555488076036,
A-50ml-f0.80-p+5.0-above-y0-x+0.0-y+0.0,A,pitch,50,0.8,5,above,0,0,0,25,37.64144115524114,44.7495330458836,37.6638148873315,42.703700374388454,False,41.91,28.4,115998,76347,0,0,0,0,0,0,,8.733999999999183,19.60049999999967,2.611783958609296,4.24669619737881,9.567743742173466,38.49628452406996,38.498422743697716,99.17973921224342,5.3046803121968855,76347,85.1366409986381,0.2429025970968195,0.2385057756941297,37.28283345987474,9.786155102073145,3.518244839182368,12.716791339273858,1.0027676268397114,1.058267374250869,2.6228835928943153,3.302239302041128e-05,-0.0015555975073306622,True,True,True,True,True,True,False,True,recap,False,0.0248344108255297,
A-50ml-f0.50-p+0.0-above-y0-x+0.0-y+3.0,A,dy,50,0.5,0,above,0,0,3,25,37.64144115524114,27.968458153677254,23.53988430458219,25.922625482182106,False,57.68,28.4,126667,79509,0,0,0,0,0,0,,9.301499999999876,19.60049999999967,0.8220171750341808,1.1876401987125178,9.56774635718044,38.480921602248046,38.498422743697716,99.21057864274665,4.454639653488787,79509,85.74470689028854,1.1566750331726425,0.41405420081797306,20.47692903109733,9.849582905818597,0.9435519666312822,30.257135123317507,0.20769660739338364,0.37084170088711516,3.224410916075417,0.20569470646688887,0.051724401583030925,True,True,True,True,True,True,True,True,,True,0.16616369075105017,
A-50ml-f0.80-p+0.0-above-y0-x+6.0-y+0.0,A,dx,50,0.8,0,above,0,6,0,25,37.64144115524114,44.7495330458836,37.6638148873315,42.703700374388454,False,25.59,28.4,86820,77598,0,0,0,0,0,0,,7.941499999998318,,3.435598740362385,6.8335259370443495,9.567746350248298,38.499794634573135,38.498422743697716,99.18919796910232,7.304927270224054,77598,79.10683148793666,1.0311321101588038,5.1352086134391755,38.353143451272,9.289277056980822,6.712912378163064,11.768491438913454,,4.66938815330181,3.0888512542807254,0.2704681650743977,0.07136727377938677,True,True,False,True,True,True,False,True,lift,False,0.11329515258035448,
A-50ml-f0.50-p+0.0-above-y0-x+0.0-y+6.0,A,dy,50,0.5,0,above,0,0,6,25,37.64144115524114,27.968458153677254,23.53988430458219,25.922625482182106,False,59.86,28.4,113838,77300,0,0,0,0,0,0,,7.643999999998483,20.41549999999777,1.9384393524559531,3.1258630175733413,9.567746362503273,38.04238982880595,38.498422743697716,99.65754003527711,7.577817091271602,77300,87.07761331575755,2.595791395807741,2.6373432187197325,20.090870119138884,10.336848185452926,2.5358686562249386,29.78789395067078,1.6103503983028722,1.641836552808546,6.9730138145080325,5.530450186183596e-05,-0.0015761147902174843,True,True,True,True,True,True,False,True,recap,False,-0.22082630338699502,
A-50ml-f0.80-p+0.0-above-y0-x+0.0-y-3.0,A,dy,50,0.8,0,above,0,0,-3,25,37.64144115524114,44.7495330458836,37.6638148873315,42.703700374388454,False,23.51,28.4,127870,78447,0,0,0,0,0,0,,8.87099999999935,19.60049999999967,0.5100305911753664,0.8925717973894362,9.567746366479412,38.33529367664602,38.498422743697716,99.35412811050021,4.995457553419625,78447,86.3414748612344,0.8036605102552921,0.3804085415022309,37.06471964366537,10.042033141444668,0.8747676932523811,13.496315440346933,0.266917410240031,0.40086821052491906,3.1219674436630362,0.11142258842874692,0.0236875868810394,True,True,True,True,True,True,True,True,,True,0.1348925866048574,
A-50ml-f0.80-p+10.0-above-y0-x+0.0-y+0.0,A,pitch,50,0.8,10,above,0,0,0,25,37.64144115524114,44.7495330458836,37.6638148873315,42.703700374388454,False,54.83,28.4,115233,76770,0,0,0,0,0,221,,8.785499999999246,19.60049999999967,5.237347010194085,8.83448851728877,9.567739872856745,38.46204669838159,38.498422743697716,99.22001027450797,5.11592895196919,76770,84.80775361457314,0.33739538492387644,0.591511970968604,37.19169867888604,9.72291184295901,8.2521703948178,11.307486970348467,0.12942728824208066,0.3310689446988006,30.68923762440189,0.0,-0.001552437771168649,True,True,False,True,True,True,True,False,lift,False,0.03671267754612948,
A-50ml-f0.80-p+0.0-above-y0-x+0.0-y+6.0,A,dy,50,0.8,0,above,0,0,6,25,37.64144115524114,44.7495330458836,37.6638148873315,42.703700374388454,False,27.57,28.4,129762,76586,0,0,0,0,0,0,,8.537999999998943,19.60049999999967,1.1573721354310722,1.7382917657281294,9.567746359692277,38.21715719793878,38.498422743697716,99.47103180491156,5.293728315896862,76586,86.11663797333179,0.648824723454443,0.8412763826211778,36.985097449449526,10.134694012481017,1.412976176133067,13.337802391605592,0.5264953404430854,0.6078477665987762,6.287660977625315,0.2521271936457562,0.06543870504809715,True,True,True,True,True,True,True,True,,True,0.08513765677046567,
A-50ml-f0.80-p+20.0-above-y0-x+0.0-y+0.0,A,pitch,50,0.8,20,above,0,0,0,25,37.64144115524114,44.7495330458836,37.6638148873315,42.703700374388454,False,57.21,28.4,117960,77408,0,0,0,0,0,280,,9.28749999999986,19.60049999999967,9.090612028915949,16.658990641058345,9.567740062914623,38.280908887909234,38.498422743697716,99.37087568124691,4.126542832596017,77408,81.59960716477767,0.9934628862247137,2.2635516663457715,36.97526670926456,9.077451479154758,16.38050644511581,8.795612157931524,1.6475630494046225,1.6633409887437542,149.60641185101926,90.0006529833006,18.82644637168766,True,True,False,True,True,True,False,False,lift,False,0.36688345455681254,
A-50ml-f0.50-p+0.0-above-y0-x+0.0-y-3.0,A,dy,50,0.5,0,above,0,0,-3,25,37.64144115524114,27.968458153677254,23.53988430458219,25.922625482182106,False,72.23,28.4,135697,78465,0,0,0,0,0,0,,8.570999999998984,19.60049999999967,1.2122883480643938,1.8034350685846579,9.567746365125988,38.19563629050611,38.498422743697716,99.4886461850858,5.567324394010948,78465,85.75994696571688,0.3838866089719148,0.8856643775615366,20.232782723729162,10.108716876679413,1.567541788310856,30.07334230324167,0.010904154491128222,0.34053716805811374,3.1859482356070274,7.73124918760008e-06,-0.0015713006432055263,True,True,True,True,True,True,True,True,,True,0.07930911795995182,
A-50ml-f0.80-p+0.0-above-y270-x+0.0-y+0.0,A,yaw,50,0.8,0,above,270,0,0,25,37.64144115524114,44.7495330458836,37.6638148873315,42.703700374388454,False,54.45,28.4,145560,79586,0,0,0,0,0,0,,9.041499999999559,19.60049999999967,0.45617946181006525,0.8079903593008404,9.56774636211529,38.49105835673641,38.498422743697716,99.19899278331583,4.81187569944802,79586,86.18219204996188,0.8182101525373321,0.06715668654793687,37.22869766194546,9.873434462547237,0.7598002611695913,13.530168780017567,0.06231237894908738,0.3151362432721125,0.4263780475488564,2.18839356936812e-05,-0.0015333941056301494,True,True,True,True,True,True,True,True,,True,0.07458491618151242,
A-50ml-f0.50-p-20.0-above-y0-x+0.0-y+0.0,A,pitch,50,0.5,-20,above,0,0,0,25,37.64144115524114,27.968458153677254,23.53988430458219,25.922625482182106,False,123.15,28.4,154601,0,2658,0,3192,0,0,0,0.8624999999999604,,,0.2343081615813776,0.12171608710922495,45.11934975221277,83.94361715166097,38.498422743697716,54.142319792617336,-0.20011265846395232,0,0.0016250596535720256,158.86078818051521,7.173662891555108,67.51238373724054,-37.34699025855973,1.3224607491489784,30.14554024417331,,0.20012995058277727,0.040107585194944076,2.2588727439225506e-06,-0.0015715451866153518,False,False,False,False,False,False,False,True,table,False,,
A-60ml-f0.25-p-5.0-above-y0-x+0.0-y+0.0,A,pitch,60,0.25,-5,above,0,0,0,25,40.0,14.736568804805119,14.178240740740737,7.236568804805119,False,28.11,28.4,82702,16952,450,0,1922,0,0,30699,1.3924999999999021,9.383499999999977,,43.71972377622973,28.942301961127306,9.565077628342022,49.260490136680026,44.1,94.0469814964511,2.7249807107095765,16952,93.81082324988549,12.89304371234026,37.69841638940313,5.111312148684135,15.433727164638992,5.1094894846615215,46.90396899289233,,7446.1762617116865,24.62574883000186,0.2710686027717452,0.07681632797593757,False,False,False,True,False,False,False,False,table,False,1.5151753222736035,
A-50ml-f0.80-p+0.0-above-y0-x+0.0-y+3.0,A,dy,50,0.8,0,above,0,0,3,25,37.64144115524114,44.7495330458836,37.6638148873315,42.703700374388454,False,43.75,28.4,129964,79652,0,0,0,0,0,0,,9.291499999999864,19.60049999999967,0.6243382405597527,1.0185350730530671,9.56774636409461,38.265209305048494,38.498422743697716,99.4244730476346,4.378661155730726,79652,85.62553205161231,0.9763156452690253,0.3230132625916125,36.96300967869688,10.143279910959201,1.0326232708890044,13.449829811436665,0.040822463808777375,0.3211055254994896,3.104674992087681,0.12753112880614165,0.028463364091793952,True,True,True,True,True,True,True,True,,True,0.06720475973609442,
A-50ml-f0.80-p+0.0-above-y0-x+0.0-y-6.0,A,dy,50,0.8,0,above,0,0,-6,25,37.64144115524114,44.7495330458836,37.6638148873315,42.703700374388454,False,60.27,28.4,38908,8595,0,0,0,0,0,89747,,7.535499999998543,,78.06312159644206,49.64418571724475,9.590442012006124,38.17874384205606,38.498422743697716,99.51833463461351,10.747348126868367,8595,0.6917335361576847,93.13425140878952,36.10393302618685,14.408694192686905,31.666988443484424,32.335474016021244,3.0758057765797266,,10.225060478558223,47.35464197156463,35.99678943400069,162.8293363505946,True,True,False,True,False,False,False,False,lift,False,0.5427192586457138,
A-60ml-f0.25-p+0.0-above-y90-x+0.0-y+0.0,A,yaw,60,0.25,0,above,90,0,0,25,40.0,14.736568804805119,14.178240740740737,7.236568804805119,False,27.55,28.4,146859,79594,0,0,0,0,0,0,,9.286499999999858,19.92299999999892,0.3363380612013281,0.4881404408209736,9.567746336424397,44.10151889556817,44.1,99.19369589555845,4.606498634920186,79594,86.42314372424298,1.1065226921587272,0.376401655173072,8.031809228363436,9.207575522821879,0.4772585104229055,48.36349254435487,0.3133570587703884,0.45250879097076874,0.06598928503196311,1.5415284529485704e-05,-0.0015442821030921953,True,True,True,True,True,True,True,True,,True,0.06495314923557644,
A-60ml-f0.25-p+20.0-above-y0-x+0.0-y+0.0,A,pitch,60,0.25,20,above,0,0,0,25,40.0,14.736568804805119,14.178240740740737,7.236568804805119,False,36.62,28.4,113165,76545,0,0,0,0,0,602,,9.277499999999847,19.60049999999967,11.374715895738081,17.170601781619812,9.567893204373533,44.09677711878982,44.1,99.13883489474138,4.315428281842671,76545,82.0867646976024,1.0751434173686265,3.9978948756924986,8.069690685803177,7.622006073383342,16.784250363403007,43.084309257062024,0.10986124603645125,0.32700761588381516,34.43834880143638,0.19513654573039052,0.05007197400723931,True,True,False,True,True,True,True,False,lift,False,0.05286234138642286,
A-60ml-f0.25-p+5.0-above-y0-x+0.0-y+0.0,A,pitch,60,0.25,5,above,0,0,0,25,40.0,14.736568804805119,14.178240740740737,7.236568804805119,False,41.57,28.4,121306,76366,0,0,0,0,0,0,,8.712499999999157,19.60049999999967,3.023028241587417,4.172130405657632,9.567743716350801,44.09783796245277,44.1,99.1830831923785,5.345444189110801,76366,85.20054595668358,0.20076154461818077,1.1647835238783024,8.085914236947222,9.063140379786603,3.4935280474324943,47.41454484827766,1.2906726904707226,1.3351975106754748,4.205668736194952,0.5596022312804492,0.16504402217809927,True,True,False,True,True,True,False,True,lift,False,0.02425412667568346,
A-60ml-f0.25-p+0.0-above-y0-x+3.0-y+0.0,A,dx,60,0.25,0,above,0,3,0,25,40.0,14.736568804805119,14.178240740740737,7.236568804805119,False,27.43,28.4,138044,75159,0,0,0,0,0,0,,8.310499999998665,19.60049999999967,2.8129714033439996,4.037325293682233,9.567746329491914,44.10148747364732,44.1,99.19350999527437,6.244379478655512,75159,83.41432467848092,0.9047839147110242,5.186217638928516,8.409760702964416,9.145192723248389,3.7262163378902544,47.34115261730476,1.6428760720742213,1.668750530860271,2.841619509487849,1.4983666681503355e-05,-0.0015502782744629764,True,True,True,True,True,True,False,True,recap,False,0.028186688023258053,
A-60ml-f0.25-p-20.0-above-y0-x+0.0-y+0.0,A,pitch,60,0.25,-20,above,0,0,0,25,40.0,14.736568804805119,14.178240740740737,7.236568804805119,False,70.41,28.4,168639,0,1920,0,3054,0,0,0,0.9199999999999541,,,4.266289592822179,2.6737976540916653,39.616296657393114,83.95235550688952,44.1,59.824518315869895,-0.20008339689100985,0,0.0005060539731352385,155.3154614936961,11.946004492362553,50.474980080767594,-33.719140534819736,2.452657976743453,47.742434975869685,,0.20009198737306272,4.20224900277839,0.11958622004372542,0.028861523000315775,False,False,False,False,False,False,False,True,table,False,,
A-60ml-f0.25-p+0.0-above-y0-x+0.0-y-6.0,A,dy,60,0.25,0,above,0,0,-6,25,40.0,14.736568804805119,14.178240740740737,7.236568804805119,False,18.52,28.4,125676,78459,0,0,0,0,0,0,,7.985999999998294,19.60049999999967,3.6660456795025596,4.832998235276476,9.567746336981216,42.90335207689715,44.1,100.51208962535638,6.699987479208663,78459,85.29912153686868,2.87866584494396,4.444707395206217,6.545169661321426,10.952152762253114,3.6421602992773185,47.3676690906624,-0.11908474117432875,0.3014709402769873,7.500605996033837,0.2692136609574668,0.0770997876541322,True,True,False,True,True,True,True,True,lift,False,0.3432097623137589,
A-60ml-f0.25-p+0.0-above-y0-x-3.0-y+0.0,A,dx,60,0.25,0,above,0,-3,0,25,40.0,14.736568804805119,14.178240740740737,7.236568804805119,False,38.1,28.4,40590,2021,0,0,0,0,0,39508,,,,114.86694764028485,87.46819932322852,9.567746337065607,43.78892701769285,44.1,95.71233243471002,1.3021211645026787,2021,0.5522508984016411,122.11227383859003,40.319389513484,28.13255526988958,4.9063079480658605,35.89123416595264,35.487800649057206,,0.18088283759253246,77.30598382152434,90.00016528036366,19.99893102180496,True,True,False,False,False,False,False,False,lift,False,,
A-60ml-f0.25-p+0.0-side-y0-x+0.0-y+0.0,A,approach,60,0.25,0,side,0,0,0,25,40.0,14.736568804805119,14.178240740740737,7.236568804805119,False,54.17,28.4,146002,79608,0,0,0,0,0,0,,9.282499999999853,19.601499999999668,0.39127602755861063,0.5717305152789085,9.567723219229302,44.10151696969423,44.1,99.19370008763532,4.501857236878903,79608,86.2290335449673,1.103349019195729,0.424865564680966,8.032711074606121,9.20757237688566,0.5603021494907361,48.33740147218862,0.3354066057509231,0.47323733733454365,0.09877136291637985,1.306022544728445e-05,-0.0015483322318872266,True,True,True,True,True,True,True,True,,True,0.06550311190780644,
A-60ml-f0.25-p+0.0-above-y0-x+0.0-y+3.0,A,dy,60,0.25,0,above,0,0,3,25,40.0,14.736568804805119,14.178240740740737,7.236568804805119,False,21.0,28.4,117424,77056,0,0,0,0,0,0,,8.672999999999108,19.60049999999967,2.9114959740072144,4.350437890130155,9.567746336969787,43.438396179048205,44.1,99.9412308335026,5.291137604319665,77056,85.68622322483132,0.4776850589623474,1.6785656502223483,7.4758265928430365,9.806828632887163,1.7251314506116595,47.97130133073565,0.38952494603443477,0.5026453247933036,3.3004497798203283,0.1533767738167807,0.03950589149490424,True,True,True,True,True,True,True,True,,True,0.045928329982194496,
A-60ml-f0.25-p+10.0-above-y0-x+0.0-y+0.0,A,pitch,60,0.25,10,above,0,0,0,25,40.0,14.736568804805119,14.178240740740737,7.236568804805119,False,60.8,28.4,116949,76590,0,0,0,0,0,286,,8.872999999999353,19.60049999999967,6.474785016531014,8.907115561219802,9.567739869931966,44.096006142334616,44.1,99.16951994032215,4.982185422123947,76590,84.5875208185385,0.5452937929433115,1.5463886400692648,8.115295018023145,8.804165771581108,8.272507065294802,45.896335540171464,-0.04343327935995513,0.34820454006279233,29.162010311982463,0.04139901189004317,0.004308652970184207,True,True,False,True,True,True,True,False,lift,False,0.03377747595921107,
A-60ml-f0.50-p-10.0-above-y0-x+0.0-y+0.0,A,pitch,60,0.5,-10,above,0,0,0,25,40.0,29.473137609610237,28.356481481481474,21.973137609610234,False,10.73,28.4,2501,0,0,0,1512,0,0,13469,1.1899999999999245,,,0.8479419013618679,0.4964835259897432,71.1043485531697,59.54109454177063,44.1,0.05736746030631453,-0.11773701846987117,0,0.27709112265039476,188.46632713724782,41.1249816502912,122.42040216795436,-90.51029398625285,0.1478356048988276,33.73041836229337,,2.5797725091223502,158.2618895069775,90.00009323920763,20.314828430616966,False,False,False,False,False,False,False,False,table,False,,
A-60ml-f0.25-p+0.0-above-y0-x+0.0-y+0.0,A,nominal,60,0.25,0,above,0,0,0,25,40.0,14.736568804805119,14.178240740740737,7.236568804805119,False,70.13,28.4,146067,79608,0,0,0,0,0,0,,9.282999999999854,19.620999999999622,0.3870817122008595,0.566028675392968,9.567746336852096,44.10151970264462,44.1,99.19369701206466,4.50217339934661,79608,86.2391650046583,1.1056147497553166,0.4215248605241896,8.032837166391715,9.207381815272697,0.5548116867300169,48.33912651528742,0.33365603583812364,0.4731973429046701,0.11764696113897276,1.7203062292734435e-05,-0.0015482098902155975,True,True,True,True,True,True,True,True,,True,0.06541018326264075,
A-60ml-f0.25-p+0.0-above-y0-x-6.0-y+0.0,A,dx,60,0.25,0,above,0,-6,0,25,40.0,14.736568804805119,14.178240740740737,7.236568804805119,False,52.34,28.4,42187,2224,0,0,0,0,0,42960,,,,100.9986691152027,87.45022054667695,9.56379333829712,42.31515628754096,44.1,99.59121693809803,-0.19612753502361302,2224,0.004800571856085531,123.64118400182102,40.29230174736077,28.421483457423907,5.263219312195464,36.23046699951369,35.32471838984072,,0.15830430377642835,26.69525780128834,90.00032645757516,20.018444224508865,True,True,False,False,False,False,False,False,lift,False,,
A-60ml-f0.25-p+0.0-above-y0-x+0.0-y+6.0,A,dy,60,0.25,0,above,0,0,6,25,40.0,14.736568804805119,14.178240740740737,7.236568804805119,False,23.01,28.4,45981,1666,0,0,0,0,0,48142,,7.326499999998659,,47.13860059828073,32.67234562303024,9.567746334302212,42.75835414467208,44.1,100.92283835878723,9.410698293635292,1666,272.65252449560603,330.88432373059317,29.980487501029284,-13.035287290925147,27.911619830243623,4.4055609488128615,47.12664929823833,,4601.046595037956,31.828900861605106,3.818191820832846e-06,-0.0014948872763979378,True,True,False,True,False,False,False,False,lift,False,0.12720211848729868,
A-60ml-f0.25-p+0.0-above-y0-x+0.0-y-3.0,A,dy,60,0.25,0,above,0,0,-3,25,40.0,14.736568804805119,14.178240740740737,7.236568804805119,False,36.59,28.4,132635,78894,0,0,0,0,0,0,,8.487499999998882,19.60049999999967,2.8722779520325172,4.347153468563953,9.567746336971773,43.4552656189302,44.1,99.80436048990025,5.763547100738744,78894,86.29936939867648,0.7209937665309679,1.1884068320611925,7.6246289941234755,9.63866244835787,1.4337010856254295,48.0629266850559,0.11835331574267202,0.357609038765211,3.134351216838135,0.07315539023321445,0.014320097305240287,True,True,True,True,True,True,True,True,,True,0.4354572145362883,
A-60ml-f0.25-p+0.0-diagonal-y0-x+0.0-y+0.0,A,approach,60,0.25,0,diagonal,0,0,0,25,40.0,14.736568804805119,14.178240740740737,7.236568804805119,False,68.66,28.4,146110,79590,0,0,0,0,0,0,,9.282499999999853,19.637999999999582,0.3836396908121042,0.5610062015870779,6.765411447378522,44.101518882513496,44.1,99.19369794930758,4.502087085686571,79590,86.25204685269908,1.1046552463550754,0.4187361773184029,8.032975235058794,9.20718718280937,0.5496783198094886,48.3407393598986,0.3234475038990675,0.4636241668037443,0.15397746624730868,0.029255546139819604,0.00048597608721079566,True,True,True,True,True,True,True,True,,True,0.06549197886843165,
A-60ml-f0.50-p+5.0-above-y0-x+0.0-y+0.0,A,pitch,60,0.5,5,above,0,0,0,25,40.0,29.473137609610237,28.356481481481474,21.973137609610234,False,20.37,28.4,120047,76932,0,0,0,0,0,0,,8.606999999999028,19.60049999999967,3.2588954958865384,4.229488915993605,9.567743707589623,44.09858391659053,44.1,99.17961914143513,5.487820037741745,76932,85.7419813987455,0.19893709394276848,0.5872261978724821,22.190435452978246,9.723256331741634,3.761644801732748,32.593405972411,0.653535305064358,0.7270256429744516,3.5226402171242737,0.5351496394983468,0.15597638497491456,True,True,False,True,True,True,True,True,lift,False,0.047876491572292915,
A-60ml-f0.25-p+0.0-above-y180-x+0.0-y+0.0,A,yaw,60,0.25,0,above,180,0,0,25,40.0,14.736568804805119,14.178240740740737,7.236568804805119,False,72.07,28.4,149485,79624,0,0,0,0,0,0,,9.286999999999859,19.90949999999895,0.3351683677735677,0.4831496822150287,9.567746336150929,44.10151626993901,44.1,99.19369889211538,4.5965132173456515,79624,86.4279567127305,1.1149943774665825,0.3753146483919933,8.031517899454,9.20783137098366,0.47219782133922233,48.365082515870746,0.3082422124201199,0.45858112039623683,0.2264461073371658,2.4876918895628062e-05,-0.0015402987226861334,True,True,True,True,True,True,True,True,,True,0.06481286486759892,
A-60ml-f0.25-p-10.0-above-y0-x+0.0-y+0.0,A,pitch,60,0.25,-10,above,0,0,0,25,40.0,14.736568804805119,14.178240740740737,7.236568804805119,False,95.35,28.4,76914,3232,2363,0,2407,0,0,67513,1.1899999999999245,,,46.67431503034948,34.325938092275194,16.67469691866897,59.69915144140831,44.1,83.6050433231159,-0.19379264082396153,3232,0.005674839460934531,128.09371582305792,39.76326887413564,38.63123434020527,-5.570885826853944,29.456178336856187,38.347687106838,,0.8651946411242812,24.11647403920144,90.0001684800344,19.998941364590156,False,False,False,False,False,False,False,False,table,False,,
A-60ml-f0.25-p+0.0-above-y270-x+0.0-y+0.0,A,yaw,60,0.25,0,above,270,0,0,25,40.0,14.736568804805119,14.178240740740737,7.236568804805119,False,70.16,28.4,149639,79632,0,0,0,0,0,0,,9.284999999999856,19.60049999999967,0.4481492142393224,0.6508905895006466,9.567746335738189,44.10151805620491,44.1,99.19369677697429,4.469754889088601,79632,85.9775300381819,1.133751633183856,0.47108662782712,8.030466460980167,9.21085079539076,0.6494837327939614,48.309381122856294,0.33300615973812936,0.47646387296148784,0.21577989153870944,2.045496267426006e-05,-0.0015511327948371143,True,True,True,True,True,True,True,True,,True,0.06461361386408608,
A-60ml-f0.50-p-5.0-above-y0-x+0.0-y+0.0,A,pitch,60,0.5,-5,above,0,0,0,25,40.0,29.473137609610237,28.356481481481474,21.973137609610234,False,26.44,28.4,33221,5033,0,0,1054,0,0,9340,1.3924999999999021,9.472000000000085,,99.7110380629678,90.5703937357026,9.54925522859027,49.260560400235704,44.1,94.04333303910555,1.6812184712130251,5033,0.506938220645609,263.1632974269968,106.7234254296342,-30.95912787137566,-102.27211915122919,89.99991629054081,-12320246.883475058,,7.537312457929897,47.405458536792864,90.00016694639687,20.067038117959203,False,False,False,True,False,False,False,False,table,False,1.410262086267225,
A-60ml-f0.50-p+20.0-above-y0-x+0.0-y+0.0,A,pitch,60,0.5,20,above,0,0,0,25,40.0,29.473137609610237,28.356481481481474,21.973137609610234,False,20.29,28.4,97917,78186,0,0,0,0,0,520,,8.866499999999345,19.60049999999967,12.089583450581687,17.768884925632054,9.567903482695074,44.122567402572706,44.1,99.1353577001678,5.021338395360897,78186,83.42955031215257,0.12321398242764889,2.6653477732090654,21.761367355510522,8.98900442151082,16.973832166447032,28.28269815185515,0.17228473371486536,0.3602713531224875,36.67064685885165,0.7263130302164188,0.22185719799432832,True,True,False,True,True,True,True,False,lift,False,-0.29193471785735725,
A-60ml-f0.50-p+0.0-above-y90-x+0.0-y+0.0,A,yaw,60,0.5,0,above,90,0,0,25,40.0,29.473137609610237,28.356481481481474,21.973137609610234,False,19.14,28.4,126392,79674,0,0,0,0,0,0,,8.259499999998603,19.60049999999967,0.3329670445706134,0.40546094627881946,9.567746331514263,44.054546052006046,44.1,99.23808148087284,6.009307084471727,79674,87.41324633098118,0.6177843897189692,0.13339794184474812,22.153806592066715,9.81788301695928,0.6325274386437212,33.57813996180325,1.6042510195275625,1.633947277832445,0.09882701242000122,4.860514696931282e-05,-0.0015711370831205543,True,True,True,True,True,True,False,True,recap,False,-0.23526835588106523,
A-60ml-f0.50-p+0.0-diagonal-y0-x+0.0-y+0.0,A,approach,60,0.5,0,diagonal,0,0,0,25,40.0,29.473137609610237,28.356481481481474,21.973137609610234,False,26.48,28.4,145213,79636,0,0,0,0,0,0,,9.283999999999855,19.61749999999963,0.38615735298930726,0.5613332898907366,6.765411449557404,44.101542627003596,44.1,99.19027527561205,4.488809725837692,79636,86.22613034804654,1.1277936121559728,0.2819465793528593,22.166700265581586,9.808694992144664,0.5509333819273634,33.60377622932538,0.30454274608858406,0.4511916830719398,0.15340890981220023,3.229702814900021e-05,-0.0015665312697876344,True,True,True,True,True,True,True,True,,True,0.06612630978587802,
A-60ml-f0.50-p+0.0-above-y0-x-6.0-y+0.0,A,dx,60,0.5,0,above,0,-6,0,25,40.0,29.473137609610237,28.356481481481474,21.973137609610234,False,17.43,28.4,49657,422,0,0,0,0,0,37625,,,,36.054978609867014,20.568852915136773,63.71652954876504,42.280046205341876,44.1,99.61272425740508,0.04640711111690565,422,0.31844154912784933,133.200592507189,31.78263236581214,50.042475282068516,-19.844007133897072,3.5102480718064775,32.672703621765365,,0.5409558820284742,12.053228376688761,14.61957949647562,4.536104775567856,True,True,False,False,False,False,False,False,lift,False,,
A-60ml-f0.25-p+0.0-above-y0-x+6.0-y+0.0,A,dx,60,0.25,0,above,0,6,0,25,40.0,14.736568804805119,14.178240740740737,7.236568804805119,False,67.43,28.4,92354,77432,0,0,0,0,0,0,,8.28149999999863,19.60049999999967,4.182279930690865,6.776147323450716,9.56774631988086,44.10134237886994,44.1,99.1936492709809,6.5659394770717086,77432,78.47856393278985,0.3922668340492339,9.232106009432743,9.390581276818349,8.860411035055707,6.636797642336069,46.41904418186808,0.249060770561683,0.4141873841285437,3.9534241294886407,0.09854331591584978,0.02228036806686336,True,True,False,True,True,False,True,True,lift,False,0.09544846769392681,
A-60ml-f0.50-p+0.0-above-y0-x+0.0-y-3.0,A,dy,60,0.5,0,above,0,0,-3,25,40.0,29.473137609610237,28.356481481481474,21.973137609610234,False,21.98,28.4,127625,78588,0,0,0,0,0,0,,8.505499999998904,19.60049999999967,3.5829774775049925,5.308505590217573,9.567746337007632,43.44326946965091,44.1,99.83017725719044,5.732068679918642,78588,85.9744596486228,0.6325260642743797,0.9470165938949107,21.784540653149698,10.210583911914428,1.5586733377084523,33.28706988899128,1.2597330232070905,1.3005171587734161,3.214928813950068,0.030881056548440117,0.0005155925876794324,True,True,False,True,True,True,False,True,lift,False,0.07940030791412026,
A-60ml-f0.80-p-20.0-above-y0-x+0.0-y+0.0,A,pitch,60,0.8,-20,above,0,0,0,25,40.0,47.15702017537638,45.37037037037036,39.65702017537638,False,14.23,28.4,140342,0,0,0,3054,0,0,0,0.9199999999999541,,,1.2123068209414134,0.7552325909513238,39.516487365749214,83.95022950647454,44.1,59.81886947279181,0.3226173777115121,0,0.33330744022987197,155.35596836868157,3.208069720040119,79.41127567738378,-29.841803933909894,1.8370936974063177,15.515641959207786,,0.46272171935621664,1.2868473156803815,1.4787793334710982e-06,-0.0015469073128484118,False,False,False,False,False,False,False,True,table,False,,
A-60ml-f0.50-p+10.0-above-y0-x+0.0-y+0.0,A,pitch,60,0.5,10,above,0,0,0,25,40.0,29.473137609610237,28.356481481481474,21.973137609610234,False,50.85,28.4,117120,76747,0,0,0,0,0,50,,8.93549999999943,19.60049999999967,6.008381441113555,8.647501176446923,9.567739874667192,44.09077693404285,44.1,99.17340007125571,4.921265035104816,76747,84.31194420756059,0.6007243380599944,1.3845909615339385,22.20144056902703,9.478624946300224,8.113273556322463,31.210828411907997,0.0641918900650676,0.31570559147925376,24.158668189452793,0.059711528234666314,0.009570050801695821,True,True,False,True,True,True,True,False,lift,False,0.07923792529516677,
A-60ml-f0.50-p+0.0-above-y0-x+0.0-y+3.0,A,dy,60,0.5,0,above,0,0,3,25,40.0,29.473137609610237,28.356481481481474,21.973137609610234,False,20.46,28.4,115787,77352,0,0,0,0,0,0,,8.661499999999094,19.60049999999967,3.173209403184482,4.845456452268927,9.567746337020747,43.36149419390146,44.1,100.00633758363533,5.288076918698134,77352,85.76342636467525,0.5481206378414928,1.3361725941291405,21.506887752928442,10.501796367094071,1.7306479952188245,33.232997875199295,0.1901792228924997,0.35723182725148267,3.444045729943148,5.598568198963992e-06,-0.0015673738357409582,True,True,False,True,True,True,True,True,lift,False,-0.09342772686718304,
A-60ml-f0.50-p+0.0-above-y0-x+0.0-y-6.0,A,dy,60,0.5,0,above,0,0,-6,25,40.0,29.473137609610237,28.356481481481474,21.973137609610234,False,29.38,28.4,121854,78949,0,0,0,0,0,0,,9.256499999999821,19.60049999999967,6.503553318430126,10.579777249437207,9.567746336999257,42.648939268384105,44.1,100.26692128359407,4.58645835266043,78949,84.04740579335778,0.18593468317513207,2.1850277695170393,21.45444181064509,10.60311086101344,2.470728813462282,33.00017855757203,0.0053251328273728376,0.3233025244893224,6.679324268789428,0.08828851396083028,0.018486008775242427,True,True,False,True,True,True,True,True,lift,False,0.07414954768916694,
A-60ml-f0.50-p+0.0-side-y0-x+0.0-y+0.0,A,approach,60,0.5,0,side,0,0,0,25,40.0,29.473137609610237,28.356481481481474,21.973137609610234,False,51.08,28.4,130439,79675,0,0,0,0,0,0,,7.743499999998428,20.130499999998435,0.38225274122424746,0.4654343018274896,9.56772321043925,44.062549515076086,44.1,99.23168515827713,7.329013985021157,79675,89.517872911238,1.8571726881062032,0.3577093847618621,22.165179476734814,9.807096853912567,0.14442479099401387,33.73148990805449,2.7385861608769604,2.7491616310016167,0.41102707716724307,1.835116892281229e-05,-0.0015687639145752182,True,True,True,True,True,True,False,True,recap,False,0.2868186954553377,
A-60ml-f0.50-p+0.0-above-y0-x+0.0-y+6.0,A,dy,60,0.5,0,above,0,0,6,25,40.0,29.473137609610237,28.356481481481474,21.973137609610234,False,24.81,28.4,59348,22040,2163,0,0,0,0,35520,,7.2519999999987,,46.92019024028675,31.711704148800578,9.568289542093725,42.517280884255285,44.1,100.15167581338649,1.3309866406147897,22040,85.2178308817208,4.392777936642415,34.30661066420143,23.158184470836055,15.71552170001736,11.971863374452731,29.960082064270523,,100.66887103245999,33.04167884978737,0.08787498053068195,0.01805775111840076,True,True,False,True,True,False,False,False,lift,False,0.5555284136637235,
A-60ml-f0.50-p+0.0-above-y180-x+0.0-y+0.0,A,yaw,60,0.5,0,above,180,0,0,25,40.0,29.473137609610237,28.356481481481474,21.973137609610234,False,47.18,28.4,147735,79564,0,0,0,0,0,0,,9.285499999999857,19.60049999999967,0.3673944424949595,0.5390092608874127,9.56774633574311,44.101541050162545,44.1,99.1902757544481,4.6251897029847555,79564,86.30038209421186,1.0979683337247996,0.2700281010128294,22.165756892294855,9.809468329333784,0.5330256164014925,33.60940262326133,0.2347799767498961,0.3989950286585211,0.2400250445165359,1.860756522334479e-05,-0.001556474918874294,True,True,True,True,True,True,True,True,,True,0.06569522557137229,
A-60ml-f0.80-p-5.0-above-y0-x+0.0-y+0.0,A,pitch,60,0.8,-5,above,0,0,0,25,40.0,47.15702017537638,45.37037037037036,39.65702017537638,False,15.55,28.4,32888,31918,0,0,1682,0,0,2061,1.3924999999999021,9.39499999999999,,95.82088289266548,90.95502711917467,9.563009278608106,49.26016485589531,44.1,94.03858546003097,2.426035135292284,31918,237.63253904936178,5.110034384512704,121.61671739062845,-6.315019815750498,-119.84521204574659,90.0000197717952,52161391.49783213,,152.89190079495575,40.8506007120358,90.00001974237223,20.313067256800483,False,False,False,True,False,False,False,False,table,False,1.389568067288096,
A-60ml-f0.80-p-10.0-above-y0-x+0.0-y+0.0,A,pitch,60,0.8,-10,above,0,0,0,25,40.0,47.15702017537638,45.37037037037036,39.65702017537638,False,27.07,28.4,3281,0,0,0,1331,0,0,14058,1.1899999999999245,,,1.7463442749580667,7.719443421517074,65.01927790738442,59.57329377701575,44.1,1.1699901610808177,1.1848787323061605,0,0.3102121950081703,197.09014517972375,18.41062452781593,138.99359977930135,-89.68760873791327,1.8486848579878679,15.511996718804156,,3.527533840755384,73.78561324226055,90.00021011490695,20.287123321352272,False,False,False,False,False,False,False,False,table,False,,
A-60ml-f0.50-p-20.0-above-y0-x+0.0-y+0.0,A,pitch,60,0.5,-20,above,0,0,0,25,40.0,29.473137609610237,28.356481481481474,21.973137609610234,False,75.91,28.4,156405,0,1834,0,3054,0,0,0,0.9199999999999541,,,3.375199475338764,2.1337414196579703,39.61659377784787,83.95231473585447,44.1,59.82135981221434,-0.2000858974679498,0,0.000591815470909286,155.3101024253163,7.559188280687346,65.1774173105104,-33.4056799496654,1.628815027549114,33.26501716592918,,0.20011278597159315,3.0895756862466515,4.682541780500861e-05,-0.0015669726276531125,False,False,False,False,False,False,False,True,table,False,,
A-60ml-f0.80-p+0.0-above-y0-x+0.0-y+0.0,A,nominal,60,0.8,0,above,0,0,0,25,40.0,47.15702017537638,45.37037037037036,39.65702017537638,False,19.69,28.4,150392,79132,0,0,0,0,0,0,,8.5029999999989,19.940999999998876,0.3160513687738805,0.46359150959909895,9.567746335170927,44.101439228352746,44.1,99.18654529492551,5.454497237766892,79132,87.3850498882213,0.547090159198392,0.10536604690016074,39.82369358374622,9.833844086759026,0.4368263383603711,15.955744124065308,0.2734685713628504,0.44459174381159616,0.2262136595607393,3.3515373570214436e-05,-0.0015455579522301243,True,True,True,True,True,True,True,True,,True,0.08735460230811701,
A-60ml-f0.50-p+0.0-above-y0-x+6.0-y+0.0,A,dx,60,0.5,0,above,0,6,0,25,40.0,29.473137609610237,28.356481481481474,21.973137609610234,False,48.32,28.4,46494,65030,98,0,0,0,0,0,,8.077999999998381,,18.543517846296446,19.906688017904855,9.567746337009957,44.03386702128152,44.1,99.30783089060039,6.768529757718716,65030,77.3254311995289,0.9070170516256517,8.293058749325265,23.24165867916175,9.838107977836158,8.307672739607593,31.148484563828415,,14.360529571771721,1.7283802700860706,0.5094067170780383,0.15278481561407364,True,True,False,True,True,False,False,True,lift,False,0.349217667438653,
A-60ml-f0.80-p+10.0-above-y0-x+0.0-y+0.0,A,pitch,60,0.8,10,above,0,0,0,25,40.0,47.15702017537638,45.37037037037036,39.65702017537638,False,19.2,28.4,111973,76628,0,0,0,0,0,47,,8.832499999999303,19.60049999999967,6.246200161916391,8.791351822272055,9.56773987145381,44.09094772385951,44.1,99.16778476360169,5.058593404688727,76628,84.68755836924917,0.4583065505579547,0.7161638160162984,39.828717854678146,9.625201108719228,8.216634435342593,13.49380559788068,0.2750038515794098,0.427079551146552,21.882499791732066,0.22483051169826226,0.060997777622297675,True,True,False,True,True,True,True,False,lift,False,0.03842016803893154,
A-60ml-f0.80-p+20.0-above-y0-x+0.0-y+0.0,A,pitch,60,0.8,20,above,0,0,0,25,40.0,47.15702017537638,45.37037037037036,39.65702017537638,False,21.33,28.4,114015,76590,0,0,0,0,0,556,,9.264999999999832,19.60049999999967,11.73631542447731,17.701339251477282,9.568223235656287,44.0590625456989,44.1,99.2326891375967,4.502888046357026,76590,83.22812225146788,0.6493117412346382,1.7590754172247305,39.51733954670656,9.162462080682554,17.243953510978862,10.505913901448293,0.21864153145953327,0.3771501727860633,38.09030136247852,1.9090959104164224e-06,-0.0015471368542881948,True,True,False,True,True,True,True,False,lift,False,0.2196792431897175,
A-60ml-f0.80-p+0.0-diagonal-y0-x+0.0-y+0.0,A,approach,60,0.8,0,diagonal,0,0,0,25,40.0,47.15702017537638,45.37037037037036,39.65702017537638,False,19.19,28.4,136560,79653,0,0,0,0,0,0,,7.986499999998293,20.07299999999857,0.256593144976986,0.32368592910719907,6.765411451154342,44.08625835766157,44.1,99.20064790071045,6.44133183665134,79653,88.54924779688923,1.0550232634451817,0.01415793120410407,39.81276478089097,9.844157896071431,0.3503373706414437,15.982916721966351,0.9799780769315992,1.0375198203102038,0.1578348563862713,3.798093416239031e-05,-0.0015451661550923944,True,True,True,True,True,True,True,True,,True,0.3009134772169834,
A-60ml-f0.50-p+0.0-above-y270-x+0.0-y+0.0,A,yaw,60,0.5,0,above,270,0,0,25,40.0,29.473137609610237,28.356481481481474,21.973137609610234,False,65.57,28.4,93024,74668,0,0,0,0,0,9781,,7.6829999999984615,20.03799999999865,45.021677820913354,29.341856515732047,9.568424885365335,44.05580204178787,44.1,99.23687238352967,7.326176277849678,74668,88.63997905377292,1.9040227088621335,0.13543065879895327,22.16410868196093,9.807009798431146,0.6446941374449103,33.57431720574952,7.132040928951342,7.185891034620998,35.564929987455685,1.7480660412270006,0.5447421525654397,True,True,False,True,True,True,False,False,lift,False,0.28828330994812773,
A-60ml-f0.80-p+0.0-above-y180-x+0.0-y+0.0,A,yaw,60,0.8,0,above,180,0,0,25,40.0,47.15702017537638,45.37037037037036,39.65702017537638,False,21.5,28.4,138226,79362,0,0,0,0,0,0,,8.302499999998656,19.60049999999967,0.4001160757294838,0.6498189042156468,9.567746334926047,44.09531697294583,44.1,99.19261688615131,5.628468619630983,79362,87.09328757148731,0.5119987517831133,0.02765366025272361,39.80719683758733,9.849449028306895,0.5943817753915482,15.906242583900834,0.33159754903050537,0.46526670265334796,0.16039129294258084,8.144481502960801e-06,-0.001551064735363993,True,True,True,True,True,True,True,True,,True,0.06952722252707441,
A-60ml-f0.80-p+0.0-above-y0-x-3.0-y+0.0,A,dx,60,0.8,0,above,0,-3,0,25,40.0,47.15702017537638,45.37037037037036,39.65702017537638,False,17.78,28.4,47811,0,0,0,0,0,0,39178,,,,1.1849753887900454,1.1470281212750137,9.56774632367606,44.10166104849823,44.1,74.81052295253347,0.5327135894958868,0,0.3221596399187796,127.9523158967703,32.843710484250366,62.711460883374414,-14.6457584072274,3.0295731343763825,15.140323352983344,,0.6180944178269282,26.185675370764816,2.4641392467048535e-05,-0.0015420835617549935,True,True,False,False,False,False,False,False,lift,False,,
A-60ml-f0.50-p+0.0-above-y0-x+3.0-y+0.0,A,dx,60,0.5,0,above,0,3,0,25,40.0,29.473137609610237,28.356481481481474,21.973137609610234,False,69.76,28.4,136541,75194,0,0,0,0,0,0,,8.29799999999865,19.60049999999967,2.8274642182783962,4.056757219111409,9.567746327148637,44.10151579160744,44.1,99.19006876981102,6.291924952464487,75194,83.45946222657341,0.926050351608901,4.280790410863378,22.50565024557889,9.72641950021312,3.737918205484108,32.60089192050157,1.369738803284361,1.4005012924938802,2.844354462708593,0.26890734526284216,0.07670890778603282,True,True,True,True,True,True,False,True,recap,False,0.027979691413113853,
A-60ml-f0.80-p+0.0-above-y0-x+6.0-y+0.0,A,dx,60,0.8,0,above,0,6,0,25,40.0,47.15702017537638,45.37037037037036,39.65702017537638,False,20.58,28.4,87319,76726,0,0,0,0,0,0,,7.8434999999983726,20.722499999997055,4.012427808043717,6.630101660740488,9.5677463224109,44.10049668242807,44.1,99.18646843992514,7.649184894258545,76726,80.13248518481264,1.4210688622860417,5.451777631143427,40.91428489255091,9.287837718001429,6.295561540165801,14.107172690435087,4.292594962120155,4.306047458008128,3.5974765883807622,0.04716254517650934,0.00555018295539451,True,True,False,True,True,True,False,True,lift,False,0.12238976048470095,
A-60ml-f0.80-p+0.0-above-y0-x-6.0-y+0.0,A,dx,60,0.8,0,above,0,-6,0,25,40.0,47.15702017537638,45.37037037037036,39.65702017537638,False,23.4,28.4,6791,499,0,0,0,0,0,8852,,,,104.44703928147133,75.75816570084798,9.547392888505701,42.202960842583096,44.1,99.69104344294985,0.24132801498275014,499,0.004073850606011467,260.61099548479524,122.79180313668066,-46.77787932083712,-119.51543194940253,90.0001041911269,9898402.471392153,,0.5947220031553176,49.71132738711391,90.00020761021675,20.16247820801203,True,True,False,False,False,False,False,False,lift,False,,
A-60ml-f0.50-p+0.0-above-y0-x+0.0-y+0.0,A,nominal,60,0.5,0,above,0,0,0,25,40.0,29.473137609610237,28.356481481481474,21.973137609610234,False,96.84,28.4,55430,2793,0,0,0,0,0,49671,,23.630499999990278,23.630999999990276,39.71248507233609,43.42202203584444,10.051323552913274,44.13219984152147,44.1,94.32583136082772,1.5182034071753447,2793,0.5723689489494403,122.27501377222231,36.034775215241126,39.78225260158319,1.6867653922772452,35.127459539084306,21.113358401477633,6.111110463147644,6.4704823638379665,43.003283659050005,0.7212002257018675,0.21813491291278206,True,True,False,False,False,False,False,False,lift,False,0.20193224248372668,
A-60ml-f0.80-p+0.0-above-y90-x+0.0-y+0.0,A,yaw,60,0.8,0,above,90,0,0,25,40.0,47.15702017537638,45.37037037037036,39.65702017537638,False,33.79,28.4,41103,3065,0,0,0,0,0,36143,,,,88.84184913405663,94.25472136865682,9.560280439276994,44.04194505531257,44.1,87.8221465977642,0.7083809565198995,3065,0.30801360149599843,121.19507873134845,32.74071291601564,51.86693213891817,1.3037081845180543,34.8972035575194,3.537311924795292,,1.5397494526044517,47.55394382761804,89.99996608215466,19.998824803780387,True,True,False,False,False,False,False,False,lift,False,,
A-60ml-f0.80-p+0.0-above-y0-x+0.0-y-3.0,A,dy,60,0.8,0,above,0,0,-3,25,40.0,47.15702017537638,45.37037037037036,39.65702017537638,False,20.24,28.4,108479,78855,0,0,0,0,0,0,,8.41299999999879,19.93549999999889,4.374832478286476,6.385725712573096,9.567746337065676,43.49882576436384,44.1,99.77570272600931,5.690374015200672,78855,87.1147881790029,0.745236574891629,0.2455826651288683,39.31094205779441,10.34876972725507,0.9902348920445335,15.781857380652502,1.0128953299507586,1.0540052392349506,3.135982798993879,0.1420555996740837,0.03532950758455843,True,True,False,True,True,True,False,True,lift,False,-0.19805267990357606,
A-60ml-f0.80-p+0.0-above-y0-x+0.0-y-6.0,A,dy,60,0.8,0,above,0,0,-6,25,40.0,47.15702017537638,45.37037037037036,39.65702017537638,False,24.34,28.4,107774,79768,0,0,0,0,0,0,,8.686999999999125,19.60049999999967,9.946090455393778,14.981498499692856,9.567746333612327,42.35042920920703,44.1,99.89760523361011,5.182752632996307,79768,85.87678158340019,0.29306907976057245,0.5691764745903867,39.61018614773659,10.057285837196755,1.32310809775433,15.677239253657014,0.31188688806487086,0.4315660308366835,6.146469914134292,0.028962860791562788,-0.00022427941575591383,True,True,False,True,True,True,True,True,lift,False,0.44431987048739857,
A-60ml-f0.80-p+0.0-above-y0-x+0.0-y+3.0,A,dy,60,0.8,0,above,0,0,3,25,40.0,47.15702017537638,45.37037037037036,39.65702017537638,False,30.64,28.4,1465,0,0,0,0,0,0,25366,,,,1.9809731850084313,7.355147871284845,64.10010490899194,43.30087800455241,44.1,1.2276876050896781,0.5889571207109423,0,0.3298626082996804,198.40347902120214,32.93667985662538,140.02767969094313,-89.92775199846174,0.8173786205221295,15.836175336060466,,1.3730028696180854,25.60900113517127,2.485913387862896,0.7686229413109611,True,True,False,False,False,False,False,False,lift,False,,
A-60ml-f0.80-p+0.0-above-y0-x+0.0-y+6.0,A,dy,60,0.8,0,above,0,0,6,25,40.0,47.15702017537638,45.37037037037036,39.65702017537638,False,27.5,28.4,109705,78343,0,0,0,0,0,0,,8.680499999999117,19.60049999999967,9.111110153875302,13.792377822035654,9.56774633500567,42.3833593026611,44.1,99.99929044367057,5.223344130739147,78343,85.05073063383362,0.2334354498813446,0.9326015954318717,39.42287347913922,10.259792459680007,1.9380992667006143,15.483875650167281,0.12189275627629331,0.3282733393784525,6.288169581159629,1.2074182697257333e-06,-0.00154273464795046,True,True,False,True,True,True,True,True,lift,False,-0.020933816971914324,
A-100ml-f0.25-p-20.0-above-y0-x+0.0-y+0.0,A,pitch,100,0.25,-20,above,0,0,0,28,47.4252440598675,17.11302445521971,23.854068355803715,-5.697852433223887,False,29.61,28.4,65668,0,1018,0,2612,0,0,49048,1.094999999999935,,,9.151098021487613,6.926358116235961,23.689387972417432,83.1956165165589,59.874954642185315,68.76980731944785,-0.19464069210271828,0,0.005154307959967244,131.88089252720366,30.93639506144895,58.30930637059857,-44.344637441593186,13.36188847301041,54.00813739434095,,0.20352140056443918,8.928547199601427,0.8692173438890445,0.31685063331531715,False,False,False,False,False,False,False,True,table,False,,
A-100ml-f0.25-p+0.0-above-y0-x+0.0-y+0.0,A,nominal,100,0.25,0,above,0,0,0,28,47.4252440598675,17.11302445521971,23.854068355803715,-5.697852433223887,False,25.83,28.4,138689,80370,0,0,0,0,0,0,,9.278999999999849,19.60049999999967,0.8342219558092658,0.9344712666915355,9.567746227218093,59.87596657620888,59.874954642185315,99.1846106134316,5.124383748389374,80370,86.14299971920052,0.4978115292897219,0.5060865007741268,23.785795918434125,-3.700872711154296,0.8414000821025537,58.813583038126644,0.42245638067938435,0.5322248254683982,0.5651311937742997,0.03591773252819285,0.004432302624599581,True,True,True,True,True,False,True,True,reach_liquid,False,0.04912649009030208,
A-60ml-f0.80-p+0.0-above-y0-x+3.0-y+0.0,A,dx,60,0.8,0,above,0,3,0,25,40.0,47.15702017537638,45.37037037037036,39.65702017537638,False,48.54,28.4,86393,77647,0,0,0,0,0,0,,7.893999999998345,20.752499999996985,2.7010999099119894,3.5310450432608262,9.567746330997045,44.09757712215992,44.1,99.20313664878665,7.0660677420714695,77647,83.81083788037978,1.339018900271251,2.9718919930764005,40.15479526076035,9.675010710991305,3.7197488083236263,14.922741684048594,3.83282543580897,3.844279721166472,2.2477076150240136,0.16093167050409024,0.041315553536517384,True,True,True,True,True,True,False,True,recap,False,0.2577613553360589,
A-100ml-f0.25-p+5.0-above-y0-x+0.0-y+0.0,A,pitch,100,0.25,5,above,0,0,0,28,47.4252440598675,17.11302445521971,23.854068355803715,-5.697852433223887,False,26.9,28.4,118503,78758,0,0,0,0,0,0,,9.110499999999643,19.60049999999967,5.974604901738895,5.543514179474191,9.567743718582655,59.870641212092266,59.874954642185315,99.17913478896808,5.447539885331379,78758,85.87688531850468,0.23775704471841622,0.6678900570923246,23.620322253059392,-3.5799110437359087,3.866676047431917,57.67278494745186,0.9713001728346048,1.0199588070369436,6.732468909571379,0.4750373090091993,0.16933490193614598,True,True,False,True,True,False,True,True,lift,False,0.036523835211376886,
A-100ml-f0.25-p+0.0-side-y0-x+0.0-y+0.0,A,approach,100,0.25,0,side,0,0,0,28,47.4252440598675,17.11302445521971,23.854068355803715,-5.697852433223887,False,25.47,28.4,135844,80372,0,0,0,0,0,0,,9.278999999999849,19.60049999999967,0.8243985946804372,0.9298423468918702,9.567723446339874,59.87596018537065,59.874954642185315,99.18461774654034,5.1254082119321644,80372,86.15500439312477,0.49747246916535953,0.5029475350183861,23.785786483606994,-3.70095995313878,0.8362009068325519,58.81554024436771,0.30228227188039486,0.44461162647113395,0.5924105236038223,0.04885243970761826,0.009297993187661252,True,True,True,True,True,False,True,True,reach_liquid,False,0.049131199688477296,
A-60ml-f0.50-p+0.0-above-y0-x-3.0-y+0.0,A,dx,60,0.5,0,above,0,-3,0,25,40.0,29.473137609610237,28.356481481481474,21.973137609610234,False,103.68,28.4,51864,3574,0,0,0,0,0,60575,,,,101.57294706687672,91.08321987244793,9.561210746929817,44.01615331012055,44.1,99.28726957332509,0.8573975502968456,3574,0.6021609845983952,124.2534296348674,35.28856557644988,40.08549795971948,5.722800851243867,40.04761220014749,18.647561803674538,,1.2221216090863891,58.20012175007641,90.00005146966076,19.99881219214604,True,True,False,False,False,False,False,False,lift,False,,
A-100ml-f0.25-p+10.0-above-y0-x+0.0-y+0.0,A,pitch,100,0.25,10,above,0,0,0,28,47.4252440598675,17.11302445521971,23.854068355803715,-5.697852433223887,False,32.79,28.4,117360,78184,0,0,0,0,0,0,,9.281499999999852,19.60049999999967,10.193570022871347,9.952488836940214,9.56773982929883,59.86990314668913,59.874954642185315,99.15935458896422,5.072645292680838,78184,84.9966925830873,0.36125858807660866,1.2512338503151919,23.617507505076546,-3.685318540072563,8.442664803789105,55.929557953825515,0.3561905884173989,0.46432862877063735,16.420465190398986,0.838648870024913,0.31020363679588625,True,True,False,True,True,False,True,False,lift,False,0.02880055893875037,
A-100ml-f0.25-p+20.0-above-y0-x+0.0-y+0.0,A,pitch,100,0.25,20,above,0,0,0,28,47.4252440598675,17.11302445521971,23.854068355803715,-5.697852433223887,False,38.98,28.4,100663,78057,0,0,0,0,0,0,,9.275999999999845,19.60049999999967,16.92818951351127,17.97636959051813,9.567734786184543,59.87045945160119,59.874954642185315,99.12679383524018,5.027916858201823,78057,82.48598506629178,0.7966756054988936,3.974358060787236,24.098468661223034,-4.9979728899662295,16.78972138395569,52.62390931151503,0.11814134287037129,0.3103189494998463,7.454494537043889,0.4065133575077166,0.14478778295214947,True,True,False,True,True,False,True,True,lift,False,0.03490663625654537,
A-100ml-f0.25-p+0.0-above-y90-x+0.0-y+0.0,A,yaw,100,0.25,0,above,90,0,0,28,47.4252440598675,17.11302445521971,23.854068355803715,-5.697852433223887,False,28.76,28.4,136051,80374,0,0,0,0,0,0,,9.278499999999848,19.60049999999967,0.8255876968560063,0.9286273522163312,9.567746225467133,59.87596538885339,59.874954642185315,99.1846100905998,5.1225555015494,80374,86.17287542331843,0.5043314104200298,0.5001184981485904,23.784933117227524,-3.7002327037520546,0.8274156833407351,58.81884739063397,0.27838456579241655,0.4220883784467422,0.5772246775066707,0.04836796395030209,0.009131962420170798,True,True,True,True,True,False,True,True,reach_liquid,False,0.04914352600862606,
A-100ml-f0.25-p+0.0-above-y0-x+3.0-y+0.0,A,dx,100,0.25,0,above,0,3,0,28,47.4252440598675,17.11302445521971,23.854068355803715,-5.697852433223887,False,19.33,28.4,114484,79463,0,0,0,0,0,0,,7.8489999999983695,19.722499999999386,4.900189732224908,4.816315266065615,9.567746212793493,59.764184564491494,59.874954642185315,99.28903540074641,7.685288404225915,79463,83.3635628382996,2.1745718877027747,5.9770376756708545,24.012219170535992,-3.445777093809235,4.57545835029719,57.40456763288357,3.0848532631784122,3.1001941388701586,4.375000951122413,9.234973977599935e-06,-0.0015438265018240973,True,True,False,True,True,False,False,True,lift,False,0.264853107627637,
A-100ml-f0.25-p+0.0-above-y180-x+0.0-y+0.0,A,yaw,100,0.25,0,above,180,0,0,28,47.4252440598675,17.11302445521971,23.854068355803715,-5.697852433223887,False,25.54,28.4,135909,80374,0,0,0,0,0,0,,9.27999999999985,19.60049999999967,0.8154712374930636,0.9242643958993467,9.56774622531932,59.87596559847858,59.874954642185315,99.18461154432917,5.107299075110233,80374,86.17929298170878,0.5180622316086682,0.49689694132442125,23.783472469727727,-3.6989039876780954,0.8185297283245202,58.82219244179737,0.31530598196447635,0.45761309467217215,0.6103455695969755,0.05253494087938646,0.010702741899760431,True,True,True,True,True,False,True,True,reach_liquid,False,0.04911498289422874,
A-60ml-f0.80-p+0.0-side-y0-x+0.0-y+0.0,A,approach,60,0.8,0,side,0,0,0,25,40.0,47.15702017537638,45.37037037037036,39.65702017537638,False,87.53,28.4,56991,2872,0,0,0,0,0,52795,,,,90.88468340415649,84.36383360566978,17.455218744761297,44.068807967948224,44.1,89.04229948627042,1.2939585378656804,2872,0.5667469568847342,122.9516766559112,31.849435959411505,53.8920727206569,0.4959861008231592,37.517833684443595,2.27219052809486,,2.4113248891532035,124.86795403691713,101.24239846602215,32.73634866944151,True,True,False,False,False,False,False,False,lift,False,,
A-60ml-f0.80-p+0.0-above-y270-x+0.0-y+0.0,A,yaw,60,0.8,0,above,270,0,0,25,40.0,47.15702017537638,45.37037037037036,39.65702017537638,False,81.64,28.4,56750,2134,0,0,0,0,0,91677,,21.640999999994914,21.66499999999486,26.560408609682913,29.07351306904629,11.207515160489102,44.04135255631415,44.1,84.97850432873798,1.0265319031330655,2134,0.328315039264104,120.58945155377559,33.53869294633152,53.201403197153994,-4.699208426060614,19.8248953849053,9.603744828876708,-0.11307675007092194,1.6044079306584043,43.82982329699248,0.8963790649538426,0.2668619400255154,True,True,False,False,False,False,True,False,lift,False,0.1486786482241678,
A-100ml-f0.25-p+0.0-above-y270-x+0.0-y+0.0,A,yaw,100,0.25,0,above,270,0,0,28,47.4252440598675,17.11302445521971,23.854068355803715,-5.697852433223887,False,30.61,28.4,127826,80375,0,0,0,0,0,0,,8.29799999999865,19.60049999999967,0.7939372512006756,0.8701356176928957,9.567746234779698,59.82011985082544,59.874954642185315,99.24228015657157,6.210435776656239,80375,87.15091371153262,0.8098397495994477,0.38481153177980065,23.666451227915292,-3.5831171504149273,0.868314008399006,58.803451327016404,1.215195486791051,1.2469250318574736,0.09682918093817344,0.01939577229766456,-0.0017643106108528282,True,True,True,True,True,False,False,True,reach_liquid,False,0.2588521262913588,
A-100ml-f0.25-p+0.0-above-y0-x-3.0-y+0.0,A,dx,100,0.25,0,above,0,-3,0,28,47.4252440598675,17.11302445521971,23.854068355803715,-5.697852433223887,False,30.57,28.4,49048,3361,8850,0,0,0,0,39414,,,,46.60941173326147,38.163135640900165,12.876578049670934,59.69395802540039,59.874954642185315,97.46306615183485,0.9551809739869604,3361,0.3019961978556171,127.16968908373555,29.090703451812296,73.12588380111521,-40.372118709053716,21.667117654537886,50.5632071075248,,0.9617605895289256,28.10055137094437,90.00001537797162,23.711452199202412,True,True,False,False,False,False,False,False,lift,False,,
A-100ml-f0.25-p-5.0-above-y0-x+0.0-y+0.0,A,pitch,100,0.25,-5,above,0,0,0,28,47.4252440598675,17.11302445521971,23.854068355803715,-5.697852433223887,False,64.24,28.4,124877,80180,0,0,0,0,0,0,,8.680999999999118,19.92199999999892,7.14260961863262,6.390277389548434,9.567747654617737,59.87651688092579,59.874954642185315,99.19877239520812,5.767157125610808,80180,85.65951038457808,0.5095997273925278,1.3457533343236656,24.120576043397442,-3.869671292886803,6.356512130673345,56.72804775035071,0.6652700665523185,0.7517034512405342,6.82391027241399,0.11048285734879637,0.03251517886471208,True,True,False,True,True,False,True,True,lift,False,0.05874300907059893,
A-60ml-f0.80-p+5.0-above-y0-x+0.0-y+0.0,A,pitch,60,0.8,5,above,0,0,0,25,40.0,47.15702017537638,45.37037037037036,39.65702017537638,False,104.6,28.4,62959,17074,7178,0,0,0,0,29766,,8.488499999998883,,47.97665140043111,30.743801807907555,9.568056584145584,44.06982461858621,44.1,99.21038941810097,5.7568913279404805,17074,0.5069427388118887,106.48847606788583,12.51888327375941,96.04070904336115,-38.09000255197215,22.51788422083583,8.630552375728136,,9.561628661931174,32.78130784307817,0.004612592464480777,-0.0014343522600746834,True,True,False,True,False,False,False,False,lift,False,0.294725072567444,
A-100ml-f0.25-p+0.0-above-y0-x+0.0-y+3.0,A,dy,100,0.25,0,above,0,0,3,28,47.4252440598675,17.11302445521971,23.854068355803715,-5.697852433223887,False,24.67,28.4,100909,80051,0,0,0,0,0,0,,8.571999999998985,19.60049999999967,3.4517079106551933,3.3729110686404966,9.567746235138424,58.86118813886755,59.874954642185315,100.27572255951226,5.90322613439792,80051,87.14625830504129,1.8447463358583955,1.0951162813188733,22.290451003719888,-2.18550185697651,1.4226694167997813,58.59472639324856,0.741641778586336,0.7990735304895737,3.015208382254959,4.634032938374004e-05,-0.001542118134338816,True,True,False,True,True,False,True,True,lift,False,0.25096805202521,
A-100ml-f0.25-p+0.0-above-y0-x+0.0-y-6.0,A,dy,100,0.25,0,above,0,0,-6,28,47.4252440598675,17.11302445521971,23.854068355803715,-5.697852433223887,False,37.81,28.4,62572,34467,6719,0,0,0,0,17789,,8.033999999998327,,43.27178512509637,24.081088080092197,9.568312353890482,58.10500174321749,59.874954642185315,101.20520061254794,6.956112701947542,34467,92.72071180219281,4.5332837878935095,19.60566714499703,39.387667413505085,-13.454566593406714,15.359753140885132,53.20682535745332,,6.318842534929111,29.853575514542698,0.10314747030844242,0.02993524603531345,True,True,False,True,True,False,False,False,lift,False,0.9363212888626704,
A-100ml-f0.50-p+0.0-above-y0-x+0.0-y+0.0,A,nominal,100,0.5,0,above,0,0,0,28,47.4252440598675,34.22604891043942,47.70813671160743,11.415172021995819,False,18.29,28.4,133688,80378,0,0,0,0,0,0,,8.859999999999337,19.60049999999967,0.8530915977943305,0.9127698589671682,9.567746230343024,59.876068805088586,59.874954642185315,99.1796691899193,5.56340451650239,80378,86.31632012548258,0.29739852132153566,0.48883909579532525,27.416061768998432,9.780473581896626,0.8908003791547,41.68196179754539,0.4967523344664754,0.5742830070714686,0.35048439341686627,2.0401438912201045e-05,-0.0015691244454503384,True,True,True,True,True,True,True,True,,True,0.051823188216246444,
A-100ml-f0.50-p+5.0-above-y0-x+0.0-y+0.0,A,pitch,100,0.5,5,above,0,0,0,28,47.4252440598675,34.22604891043942,47.70813671160743,11.415172021995819,False,19.12,28.4,100051,79055,0,0,0,0,0,0,,9.309499999999886,19.60049999999967,4.888409066202003,5.118694143881358,9.567743644572662,59.80892009096251,59.874954642185315,99.26457471447839,5.0961727839420465,79055,84.71879656237687,0.5577058792268307,1.2679131417120124,26.990390207433556,10.106281221543334,3.4094596004458686,40.73253727495269,0.33675880408504105,0.44906388534320585,3.9854491623878716,0.15015916902837723,0.0468280158400281,True,True,False,True,True,True,True,True,lift,False,0.21914293794508838,
A-100ml-f0.50-p-20.0-above-y0-x+0.0-y+0.0,A,pitch,100,0.5,-20,above,0,0,0,28,47.4252440598675,34.22604891043942,47.70813671160743,11.415172021995819,False,29.97,28.4,73147,0,3296,0,2606,0,0,27761,1.094999999999935,,,8.30230728335348,6.265639592237881,23.89621277483598,82.69626897759612,59.874954642185315,69.5453975927578,1.3536889678063269,0,0.30957376477292403,129.98792358408852,28.55712725181809,71.12366867053535,-39.90393945386254,15.223998012134059,36.14871396779355,,1.713513017345447,6.8612074137343795,2.7035495797325364,1.0114221544467867,False,False,False,False,False,False,False,True,table,False,,
A-100ml-f0.25-p+0.0-diagonal-y0-x+0.0-y+0.0,A,approach,100,0.25,0,diagonal,0,0,0,28,47.4252440598675,17.11302445521971,23.854068355803715,-5.697852433223887,False,66.57,28.4,135940,80376,0,0,0,0,0,0,,9.278999999999849,19.60049999999967,0.825064917988424,0.9318793610910852,6.765411388269527,59.87596466967544,59.874954642185315,99.1846127922572,5.124429654443416,80376,86.14934782050511,0.4976531938665252,0.5044104023483864,23.785286800418554,-3.7004153834459124,0.8386216124248338,58.81462898123782,0.299288629893715,0.4422762598241292,0.5900070680188392,0.045135430121685215,0.007915075748952683,True,True,True,True,True,False,True,True,reach_liquid,False,0.04912639793701845,
A-100ml-f0.50-p+20.0-above-y0-x+0.0-y+0.0,A,pitch,100,0.5,20,above,0,0,0,28,47.4252440598675,34.22604891043942,47.70813671160743,11.415172021995819,False,27.56,28.4,96915,78043,0,0,0,0,0,0,,9.27099999999984,19.60049999999967,16.943596851508197,17.98728521121771,9.567734786293247,59.87066884185214,59.874954642185315,99.1218671021864,5.090601137896944,78043,82.62331815594685,0.7193699569771795,3.722411878388126,27.727433026412125,7.978008493885024,16.84479645995577,35.488262938159465,0.21216677051149116,0.3579974348273487,7.502287079273143,1.1232661765459442,0.41662718098565343,True,True,False,True,True,True,True,True,lift,False,0.033269594042876584,
A-100ml-f0.50-p+0.0-diagonal-y0-x+0.0-y+0.0,A,approach,100,0.5,0,diagonal,0,0,0,28,47.4252440598675,34.22604891043942,47.70813671160743,11.415172021995819,False,22.61,28.4,66058,51859,4469,0,0,0,0,29271,,8.401999999998777,,44.741854753560425,24.797425004850382,6.765411570303574,59.750061013225,59.874954642185315,99.30258992536982,5.698587869815003,51859,56.68422582484395,0.8905757040553216,28.134397799672154,70.32699860251313,-30.984461239997568,4.766859091700785,40.21902566618129,,239.64781227706018,31.685504323336307,0.6658424229831991,0.24360208135222922,True,True,False,True,True,False,False,False,lift,False,0.8833135110060029,
A-100ml-f0.50-p+0.0-side-y0-x+0.0-y+0.0,A,approach,100,0.5,0,side,0,0,0,28,47.4252440598675,34.22604891043942,47.70813671160743,11.415172021995819,False,24.22,28.4,132015,80364,0,0,0,0,0,0,,9.275999999999845,19.60049999999967,0.8231477208794167,0.9177180695990504,9.56772344181675,59.875925128384196,59.874954642185315,99.17895377943296,5.160254006588094,80364,86.14085001797187,0.4731623419693193,0.4523926551795492,27.445892540518567,9.74983373513602,0.8446232184300702,41.6993452450569,0.4593315452419438,0.5608466047238975,0.5816217426055464,0.04882387030711924,0.008616165606945128,True,True,True,True,True,True,True,True,,True,0.049408178958065194,
A-100ml-f0.25-p+0.0-above-y0-x+0.0-y+6.0,A,dy,100,0.25,0,above,0,0,6,28,47.4252440598675,17.11302445521971,23.854068355803715,-5.697852433223887,False,51.43,28.4,110576,79196,0,0,0,0,0,0,,9.310999999999888,19.60049999999967,6.509415103615246,6.845464994655936,9.567746235094516,57.95435318839587,59.874954642185315,101.36579688162435,4.555191566250172,79196,85.62534131513236,1.2139579363159652,2.039196281550798,21.6830557142093,-1.530818439305942,2.081774517514966,58.34642750925367,0.326736201710293,0.489246405356429,6.26474515074382,0.08995509789618855,0.024810960885947118,True,True,False,True,True,False,True,True,lift,False,-0.2994416408003758,
A-100ml-f0.25-p+0.0-above-y0-x+6.0-y+0.0,A,dx,100,0.25,0,above,0,6,0,28,47.4252440598675,17.11302445521971,23.854068355803715,-5.697852433223887,False,69.72,28.4,104740,78593,0,0,0,0,0,0,,7.791499999998401,20.82699999999681,6.770150447987963,7.21177483354875,9.567746222312156,59.87457397957784,59.874954642185315,99.18504675261515,9.178257057393877,78593,80.28219899457892,2.79879355248389,9.835967689910941,25.267264222638843,-3.9274633485332084,7.13943613983796,56.429252497301846,6.406106317694412,6.415021636334746,6.678065197643151,0.0435071242123869,0.007393555873376317,True,True,False,True,True,False,False,True,lift,False,0.07193615767301995,
A-100ml-f0.25-p+0.0-above-y0-x+0.0-y-3.0,A,dy,100,0.25,0,above,0,0,-3,28,47.4252440598675,17.11302445521971,23.854068355803715,-5.697852433223887,False,59.88,28.4,63221,32004,5417,0,0,0,0,14871,,7.777999999998409,,42.26400601223807,26.014298061888372,9.56787167162243,58.719946323899954,59.874954642185315,100.46920502696663,6.960538352799251,32004,98.720890875534,4.904002910419703,19.274195685017833,36.312002577645856,-10.998434901375004,14.318910365917716,53.62607442213391,,9.197261069247418,27.110775121179845,0.03134728399181605,0.002632739327395465,True,True,False,True,True,False,False,False,lift,False,0.7501421035251461,
A-100ml-f0.50-p+0.0-above-y90-x+0.0-y+0.0,A,yaw,100,0.5,0,above,90,0,0,28,47.4252440598675,34.22604891043942,47.70813671160743,11.415172021995819,False,30.51,28.4,131897,80374,0,0,0,0,0,0,,9.274999999999844,19.60049999999967,0.839962352200089,0.9454671675385597,9.567746228836132,59.8759305732797,59.874954642185315,99.17894660928042,5.158381145882379,80374,86.07892192509111,0.47689838489061276,0.46089192067029855,27.44821724761807,9.747765534878633,0.8684390743586962,41.69037979055224,0.41334016030182835,0.5215081036839576,0.572026021953445,0.05492864887866489,0.010912431412009205,True,True,True,True,True,True,True,True,,True,0.04936077817327819,
A-100ml-f0.50-p+0.0-above-y180-x+0.0-y+0.0,A,yaw,100,0.5,0,above,180,0,0,28,47.4252440598675,34.22604891043942,47.70813671160743,11.415172021995819,False,29.42,28.4,67484,33694,6098,0,0,0,0,27413,,8.21599999999855,,40.55284630029642,23.792264014167532,9.570712993024728,59.79353962404799,59.874954642185315,99.25717025501413,7.986105410575109,33694,86.23875929147124,4.08984422422148,14.847507485970128,111.36481186986408,-73.95500393421892,20.802756401937188,33.824627952013955,,3205.8696761896276,35.83641232164324,1.4209471403152882,0.5275116383068879,True,True,False,True,True,False,False,False,lift,False,0.9515561913883636,
A-100ml-f0.50-p+0.0-above-y0-x+3.0-y+0.0,A,dx,100,0.5,0,above,0,3,0,28,47.4252440598675,34.22604891043942,47.70813671160743,11.415172021995819,False,16.6,28.4,81051,80270,0,0,0,0,0,0,,8.184999999998512,19.60049999999967,2.8819315803876218,3.063795700612588,9.56774621598301,59.79833131222573,59.874954642185315,99.2803041164366,6.838099022602462,80270,83.87195564207072,1.2908675806087988,4.05880322426963,27.65550028714032,9.768742474142861,3.5681539882596125,40.67258824727258,-0.09628115530473548,0.30981442832676037,2.48144913523507,0.26666556573809364,0.09194349932311047,True,True,True,True,True,True,True,True,,True,0.3336522787002821,
A-100ml-f0.25-p-10.0-above-y0-x+0.0-y+0.0,A,pitch,100,0.25,-10,above,0,0,0,28,47.4252440598675,17.11302445521971,23.854068355803715,-5.697852433223887,False,113.51,28.4,85795,70434,0,0,1720,0,0,3385,1.4699999999998936,8.476999999998869,19.60049999999967,38.104847837615104,22.456149047556554,9.567024745184755,62.53812697629167,59.874954642185315,96.5514277818929,6.232405749807948,70434,87.77835616816685,3.1130433843422862,4.529573596985278,27.98735284946013,-8.432084138563903,7.522804629309687,56.28257725417506,2.466694441811838,4.927299618433522,21.826795697309795,3.3024231938230337,1.2342133592949307,False,True,False,True,True,False,False,False,table,False,0.23865715185854564,
A-100ml-f0.50-p-10.0-above-y0-x+0.0-y+0.0,A,pitch,100,0.5,-10,above,0,0,0,28,47.4252440598675,34.22604891043942,47.70813671160743,11.415172021995819,False,61.14,28.4,79807,73689,0,0,1700,0,0,7376,1.4699999999998936,8.396999999998771,20.078999999998555,36.56605389029139,16.211299786461563,9.569035304369866,62.53822369957772,59.874954642185315,96.54569685041855,6.981653252359332,73689,88.54878792098799,2.7536979601536506,5.052658574694689,31.410899080725965,5.143318878486763,6.794910573026225,39.44783216505206,4.22580462038371,5.095721017271654,28.642001081328765,0.6748483952013625,0.24473967074278585,False,True,False,True,True,True,False,False,table,False,0.1620059728378389,
A-100ml-f0.50-p+0.0-above-y0-x+6.0-y+0.0,A,dx,100,0.5,0,above,0,6,0,28,47.4252440598675,34.22604891043942,47.70813671160743,11.415172021995819,False,16.51,28.4,45934,56634,490,0,0,0,0,0,,7.445499999998593,,11.513024687339682,11.9526917322763,9.567746235493127,59.81531153913764,59.874954642185315,99.29607614126118,10.693235143467067,56634,84.33108272666223,4.826406557015667,8.44550341916355,27.92661105679211,9.833562316670042,4.0256671042124,40.499637058991816,,11.296442696384693,8.840598232887274,0.04520188275391136,0.007374813594980402,True,True,False,True,True,False,False,True,lift,False,0.25472552265086273,
A-100ml-f0.50-p-5.0-above-y0-x+0.0-y+0.0,A,pitch,100,0.5,-5,above,0,0,0,28,47.4252440598675,34.22604891043942,47.70813671160743,11.415172021995819,False,61.82,28.4,125268,80176,0,0,0,0,0,0,,8.645499999999075,19.929499999998903,7.040395836583472,6.35497566420802,9.567747656292369,59.876488632081305,59.874954642185315,99.19296153468976,5.819780711899675,80176,85.75562685481859,0.46508482634891785,1.1968211706000211,27.790827390831627,9.473855378104135,6.310302891580785,39.63262907648042,0.5082056942117975,0.6135745898209028,6.814732888442432,0.04663598172123505,0.007819958538853818,True,True,False,True,True,True,True,True,lift,False,0.05853588421417297,
A-100ml-f0.50-p+10.0-above-y0-x+0.0-y+0.0,A,pitch,100,0.5,10,above,0,0,0,28,47.4252440598675,34.22604891043942,47.70813671160743,11.415172021995819,False,53.73,28.4,120852,78057,0,0,0,0,0,0,,8.564499999998976,19.60049999999967,9.986890561175905,9.87704417200359,9.56773984358325,59.85033017102475,59.874954642185315,99.17551440387606,6.140187213728568,78057,86.19099540250767,0.8579267352514749,1.2875444589796279,27.225913350969478,9.667081691284052,8.448285612369789,38.81437138654476,1.1013244521357415,1.1376111159138422,10.413419095387194,0.14183972015714263,0.04370748550808712,True,True,False,True,True,True,False,False,lift,False,0.15195588716053862,
A-100ml-f0.50-p+0.0-above-y270-x+0.0-y+0.0,A,yaw,100,0.5,0,above,270,0,0,28,47.4252440598675,34.22604891043942,47.70813671160743,11.415172021995819,False,43.27,28.4,131633,80366,0,0,0,0,0,0,,9.273499999999842,19.60049999999967,0.8267983043781476,0.9372786621695718,9.567746229002083,59.87593102728397,59.874954642185315,99.17894611018562,5.164111403371183,80366,86.10994447473308,0.47200765840342646,0.45658291897124026,27.447903869668796,9.747963131276682,0.8591096326488569,41.69389186259116,0.42874045736607364,0.5323044095828527,0.5433820458761296,0.040497675420775286,0.005500103489611663,True,True,True,True,True,True,True,True,,True,0.049485213714298225,
A-100ml-f0.25-p+0.0-above-y0-x-6.0-y+0.0,A,dx,100,0.25,0,above,0,-6,0,28,47.4252440598675,17.11302445521971,23.854068355803715,-5.697852433223887,False,99.26,28.4,63439,3559,8486,0,0,0,0,41911,,,,51.1088853973968,43.81500557204884,11.211250240126294,58.19377668362009,59.874954642185315,99.76893103979505,-0.19224327834245492,3559,0.005026438828904112,128.9887385492366,24.800917525856676,81.7159873160438,-46.8040995456733,27.501296762821063,47.90409003184247,,0.198074056192464,42.29169303703375,4.635511207722609,1.7380904252274623,True,True,False,False,False,False,False,False,lift,False,,
A-100ml-f0.50-p+0.0-above-y0-x+0.0-y+6.0,A,dy,100,0.5,0,above,0,0,6,28,47.4252440598675,34.22604891043942,47.70813671160743,11.415172021995819,False,21.19,28.4,103326,79385,0,0,0,0,0,0,,9.323999999999904,19.60049999999967,9.591947622163845,10.568571705183098,9.567746235330452,58.02121766915443,59.874954642185315,101.76949928871211,4.040273437090486,79385,85.77278127183497,1.718078446370261,1.2047291174994768,24.337571311070075,12.886721701836773,1.9989816375975464,41.26460293875858,0.07764527245126095,0.3709895591504273,6.205488327363532,0.24573721008457639,0.08189348602376163,True,True,False,True,True,True,True,True,lift,False,0.233205643941787,
A-100ml-f0.80-p-20.0-above-y0-x+0.0-y+0.0,A,pitch,100,0.8,-20,above,0,0,0,28,47.4252440598675,54.761678256703064,76.3330187385719,31.950801368259466,False,21.09,28.4,78463,0,2049,0,2617,0,0,37638,1.094999999999935,,,1.318561537768336,0.980011511904754,23.786465559388244,82.93776919579025,59.874954642185315,69.01293115704468,0.5613967462911318,0,0.3061024074712566,131.3566879820528,27.72177775541499,77.0463522083403,-26.468525740322978,16.692000599434575,15.015361768313594,,0.7106671183702963,2.118492238031146,0.0594949700690451,0.012663671126850084,False,False,False,False,False,False,False,True,table,False,,
A-100ml-f0.50-p+0.0-above-y0-x+0.0-y+3.0,A,dy,100,0.5,0,above,0,0,3,28,47.4252440598675,34.22604891043942,47.70813671160743,11.415172021995819,False,24.86,28.4,91395,80352,0,0,0,0,0,0,,9.338499999999922,19.60049999999967,6.664588150763925,6.825841577054427,9.567746235370974,58.84479734738617,59.874954642185315,100.47743000550064,4.190999821853669,80352,85.63449825575628,0.8677689857444227,0.944919437291016,25.258973329797428,11.952427513312603,1.5681552851467018,41.4269088255592,0.4866487299016954,0.5761638729620113,3.1592778175246212,5.015511433648221e-05,-0.0015756230014773878,True,True,False,True,True,True,True,True,lift,False,0.44500873735254975,
A-100ml-f0.50-p+0.0-above-y0-x+0.0-y-6.0,A,dy,100,0.5,0,above,0,0,-6,28,47.4252440598675,34.22604891043942,47.70813671160743,11.415172021995819,False,33.02,28.4,109297,78962,0,0,0,0,0,0,,9.300999999999876,19.60049999999967,5.748168074237783,5.742349341030602,9.567746235300906,57.987517609653274,59.874954642185315,101.30444098507527,4.555519366718469,78962,84.58031586516147,1.236153482974614,2.9057757843019703,25.341171571426404,11.97800540882782,2.8308702621939354,40.950946899803924,0.12298161822899044,0.34929424370756157,7.100453254596425,0.06691177101007846,0.01544705915823721,True,True,False,True,True,True,True,True,lift,False,0.05603000035275497,
A-100ml-f0.80-p-10.0-above-y0-x+0.0-y+0.0,A,pitch,100,0.8,-10,above,0,0,0,28,47.4252440598675,54.761678256703064,76.3330187385719,31.950801368259466,False,23.19,28.4,57251,68456,915,0,1733,0,0,15777,1.4699999999998936,8.72299999999917,,36.52796917107965,15.083309388055465,9.567026450400807,62.48490929372328,59.874954642185315,96.5514088665239,5.674390737969423,68456,79.9135786323941,3.621839557953183,13.976200798407556,53.25041103979722,5.222772029436523,3.122210254183687,20.30537072175126,,2789.8773851119167,17.41770307916024,0.10013479366036879,0.027682337219728737,False,True,False,True,True,False,False,False,table,False,-0.11408774836707543,
A-100ml-f0.80-p+0.0-above-y90-x+0.0-y+0.0,A,yaw,100,0.8,0,above,90,0,0,28,47.4252440598675,54.761678256703064,76.3330187385719,31.950801368259466,False,17.95,28.4,106048,80378,0,0,0,0,0,0,,8.98499999999949,19.60049999999967,0.9342365744602399,0.9870100949886613,9.567746220517966,59.865474830829484,59.874954642185315,99.1830785344831,5.512642238999735,80378,86.07776428639454,0.26466057098165535,0.2243750143444446,47.93346332965118,9.79472950223209,1.0182521899401755,21.098350734769056,0.45328658163131147,0.5504877342960085,0.6297099953099533,0.06127789245097986,0.013274130064934832,True,True,True,True,True,True,True,True,,True,-0.2484057202225848,
A-100ml-f0.50-p+0.0-above-y0-x-6.0-y+0.0,A,dx,100,0.5,0,above,0,-6,0,28,47.4252440598675,34.22604891043942,47.70813671160743,11.415172021995819,False,64.15,28.4,49188,3620,6119,0,0,0,0,30837,,,,46.862123615057904,36.45992730282271,12.845104669212574,59.13450198123227,59.874954642185315,98.91844329698141,0.6931920063892594,3620,0.3187129521329394,127.43637358307261,28.712485460327382,72.87728702599331,-24.467184229597553,22.21784641445896,33.20926519385113,,0.9922345412111033,22.945853340417028,89.99978769766444,24.01985232483107,True,True,False,False,False,False,False,False,lift,False,,
A-100ml-f0.80-p+0.0-above-y180-x+0.0-y+0.0,A,yaw,100,0.8,0,above,180,0,0,28,47.4252440598675,54.761678256703064,76.3330187385719,31.950801368259466,False,24.48,28.4,82635,76688,0,0,0,0,0,0,,9.277999999999848,19.60049999999967,44.32743096290521,25.323240136176405,9.567746214846059,59.82884011918191,59.874954642185315,99.22093265761885,5.180225242809936,76688,85.72764892336225,0.4369198974332189,0.1976161267634742,47.87759723630732,9.844711864155475,0.8446802103203951,21.163694444387062,4.9228196928572965,5.027856231552178,11.905107650591074,0.17230105372961976,0.05508994324982782,True,True,False,True,True,True,False,False,lift,False,0.410409561178157,
A-100ml-f0.80-p+0.0-side-y0-x+0.0-y+0.0,A,approach,100,0.8,0,side,0,0,0,28,47.4252440598675,54.761678256703064,76.3330187385719,31.950801368259466,False,29.32,28.4,67180,37030,840,0,0,0,0,5599,,8.260499999998604,21.310999999995683,44.391423304356614,23.944462964588055,9.567700295535365,59.77483370867424,59.874954642185315,99.27578104442998,8.133113751371324,37030,96.63622449173468,3.5567547337460126,14.929292111724232,49.64750221520341,11.284767091714803,13.252487413617486,16.402961752578765,8.684383614088345,8.747597542648396,32.11830934176853,0.001748076469457269,-0.001263128826367132,True,True,False,True,True,False,False,False,lift,False,0.7316462922519616,
A-100ml-f0.50-p+0.0-above-y0-x+0.0-y-3.0,A,dy,100,0.5,0,above,0,0,-3,28,47.4252440598675,34.22604891043942,47.70813671160743,11.415172021995819,False,52.27,28.4,99108,80415,0,0,0,0,0,0,,8.713499999999158,19.60899999999965,6.78913960665119,7.2140907490956225,9.567746235284226,58.823907999550734,59.874954642185315,100.37648727334224,5.805958711661313,80415,87.47213671689173,1.6012296725330435,0.2758980405624527,25.735535629120868,11.457431597142048,0.960900961839151,41.655571508971406,0.8007084913303978,0.8635793331103387,3.1242414064540367,3.036602938116383e-05,-0.0015666769783804556,True,True,False,True,True,True,True,True,lift,False,-0.11036205364810013,
A-100ml-f0.80-p+10.0-above-y0-x+0.0-y+0.0,A,pitch,100,0.8,10,above,0,0,0,28,47.4252440598675,54.761678256703064,76.3330187385719,31.950801368259466,False,38.23,28.4,102736,78163,0,0,0,0,0,0,,9.27999999999985,19.60049999999967,10.038553425969546,9.840481374557633,9.567739845554756,59.87080187292509,59.874954642185315,99.1471032390726,4.96696052706809,78163,84.67422366192828,0.489411375993744,0.5932792389376199,47.799935114656115,9.732740456529276,8.402915928239496,18.296192244011152,-0.0015013530638273449,0.30121779631101886,10.80865014057159,1.5248884911748957e-05,-0.0015447287662955578,True,True,False,True,True,True,True,False,lift,False,0.027549208534587078,
A-100ml-f0.80-p+0.0-above-y0-x-6.0-y+0.0,A,dx,100,0.8,0,above,0,-6,0,28,47.4252440598675,54.761678256703064,76.3330187385719,31.950801368259466,False,23.13,28.4,42341,32161,2121,0,0,0,0,28872,,5.060499999999915,,44.25565531727399,50.296216771587595,9.56774619912136,57.77967329085329,59.874954642185315,100.22171489921038,1.8318630421542,32161,47.1974522295273,3.147005847836977,27.433049992758797,53.85171098583586,1.2662770470002471,5.819341551205805,19.28386743104578,,1972.3466637450856,20.793287445854148,0.14457757991441622,0.044397450185315226,True,True,False,True,True,False,False,False,lift,False,0.4249664817458246,
A-100ml-f0.80-p+0.0-above-y0-x-3.0-y+0.0,A,dx,100,0.8,0,above,0,-3,0,28,47.4252440598675,54.761678256703064,76.3330187385719,31.950801368259466,False,25.5,28.4,49009,3777,3827,0,0,0,0,30998,,,,38.375986379079244,34.283525632538655,11.91422487576127,59.814617154930716,59.874954642185315,97.95027856800507,0.9556942012974023,3777,0.2868450901149892,127.682387924338,27.84639927185793,72.65633501400848,-10.60842264035633,29.1327126229022,9.463060605168684,,0.7059942000904917,25.883862362889506,89.99997503468931,23.711421752159342,True,True,False,False,False,False,False,False,lift,False,,
A-100ml-f0.80-p+0.0-above-y270-x+0.0-y+0.0,A,yaw,100,0.8,0,above,270,0,0,28,47.4252440598675,54.761678256703064,76.3330187385719,31.950801368259466,False,33.1,28.4,109275,80343,0,0,0,0,0,0,,7.888499999998348,19.90499999999896,1.3579721115239178,1.4342787484780604,9.567746221818746,59.794294804859206,59.874954642185315,99.24947482164097,7.8652703561032515,80343,88.40063195267801,2.382981594633415,0.07969051109262608,47.85278688126359,9.872645954461106,0.9886034091788213,21.109512916975547,2.7225099996543833,2.7366652543597705,0.2058381144275833,0.07601027235395684,0.018874360154480324,True,True,True,True,True,True,False,True,recap,False,-0.2892895732835211,
A-100ml-f0.80-p+20.0-above-y0-x+0.0-y+0.0,A,pitch,100,0.8,20,above,0,0,0,28,47.4252440598675,54.761678256703064,76.3330187385719,31.950801368259466,False,45.53,28.4,83308,77568,0,0,0,0,0,0,,8.802499999999267,19.60049999999967,17.37973432999173,18.25677630447341,9.567734793475072,59.87086966451775,59.874954642185315,99.11595484053007,5.60877078482995,77568,83.40180144731247,0.42682405248132355,2.339228235692195,48.06895082863331,8.55007394789925,17.009668712577874,14.884833875530953,0.469507184727892,0.5807890238753458,8.596773709973583,1.6279712450548638,0.6060536739495203,True,True,False,True,True,True,True,True,lift,False,0.04003078281347527,
A-100ml-f0.80-p+0.0-above-y0-x+3.0-y+0.0,A,dx,100,0.8,0,above,0,3,0,28,47.4252440598675,54.761678256703064,76.3330187385719,31.950801368259466,False,18.32,28.4,104284,78873,0,0,0,0,0,0,,8.0939999999984,19.60049999999967,4.986088297498972,4.745154096532588,9.567746211794626,59.8378288307924,59.874954642185315,99.20100656564804,6.927518534201704,78873,82.76658910253029,1.376203206649963,4.021557239243615,48.05577175555371,9.951664089649537,4.428952098405287,19.81139553476813,0.13717049572540718,0.3053981061496247,4.290910456182823,2.091309789151873e-06,-0.0015426165870636196,True,True,False,True,True,True,True,True,lift,False,0.07047017397963101,
A-100ml-f0.80-p+0.0-above-y0-x+0.0-y+0.0,A,nominal,100,0.8,0,above,0,0,0,28,47.4252440598675,54.761678256703064,76.3330187385719,31.950801368259466,False,51.09,28.4,111124,80378,0,0,0,0,0,0,,8.402999999998778,19.60049999999967,0.6999800457560221,0.7178333876271162,9.56774622353028,59.86462199732255,59.874954642185315,99.18435954350893,6.4620338236625745,80378,87.71466082705994,0.9107866047239142,0.2515959462446772,47.9035511493798,9.81917672138713,0.5767520278193174,21.264548894411444,2.326275902411182,2.341477574000977,0.5561390260955901,0.06339684519519956,0.01412950960663645,True,True,True,True,True,True,False,True,recap,False,0.3484830878497406,
A-100ml-f0.80-p+0.0-above-y0-x+0.0-y-6.0,A,dy,100,0.8,0,above,0,0,-6,28,47.4252440598675,54.761678256703064,76.3330187385719,31.950801368259466,False,20.66,28.4,96710,79382,0,0,0,0,0,0,,9.321999999999901,19.60049999999967,5.8593020913713385,5.826890025578116,9.567746235468563,57.936591072853986,59.874954642185315,101.26550405233371,4.410495916635962,79382,85.02227992843889,1.7392888196046103,1.929253986140508,45.10572795972523,12.700238391023467,2.845410475550887,20.409831678654452,0.15113473574211245,0.339043116137244,7.087448995636327,0.05873106725905017,0.012543839688947778,True,True,False,True,True,True,True,True,lift,False,0.2624248827172263,
A-100ml-f0.80-p+0.0-above-y0-x+0.0-y-3.0,A,dy,100,0.8,0,above,0,0,-3,28,47.4252440598675,54.761678256703064,76.3330187385719,31.950801368259466,False,21.94,28.4,103395,80198,0,0,0,0,0,0,,9.301499999999876,19.60049999999967,4.792114542102848,4.424728118388068,9.56774623552041,58.88772117101501,59.874954642185315,100.23614071622634,5.088402766930441,80198,85.92991305888025,1.1655928167761087,0.884670083139152,46.16547881959345,11.582748414036281,1.8435934376582714,20.787522094260936,0.3207241904592425,0.4608206209968806,3.2293433629723167,0.058667608661002096,0.01233281744362275,True,True,False,True,True,True,True,True,lift,False,0.018702103586704575,
A-100ml-f0.80-p+5.0-above-y0-x+0.0-y+0.0,A,pitch,100,0.8,5,above,0,0,0,28,47.4252440598675,54.761678256703064,76.3330187385719,31.950801368259466,False,62.62,28.4,62981,39605,7094,0,0,0,0,15979,,7.839499999998375,,48.7320762263749,38.192661560884886,9.573700007174764,59.72079350347021,59.874954642185315,99.28841536140536,9.276751546923395,39605,96.2593038247102,7.428709414370568,10.728828980395406,114.4022380330418,-50.00557611651937,19.204320973885082,13.97038178818461,,4907.448313176582,39.64365342409884,0.16401284352895545,0.05186490472713551,True,True,False,True,False,False,False,False,lift,False,0.7474394771721772,
B-60ml-f0.50-p+3.3-above-y182-x-2.6-y+3.1,B,all,60,0.5,3.3,above,182,-2.6,3.1,25,40.0,29.473137609610237,28.356481481481474,21.973137609610234,False,18.9,28.4,50122,0,0,0,0,0,0,65110,,,,0.9913805095587392,0.8333219390259557,9.568118995881566,42.89015224723802,44.1,75.27305537972202,0.29860078957165415,0,0.33422913083015204,129.4863967743134,32.40830073393242,47.14303012791968,-14.06151120216334,2.149080475760245,33.10139204642543,,0.4366197445897525,32.84160846703308,0.54837828295282,0.15980480378123715,True,True,False,False,False,False,False,False,lift,False,,
A-100ml-f0.80-p-5.0-above-y0-x+0.0-y+0.0,A,pitch,100,0.8,-5,above,0,0,0,28,47.4252440598675,54.761678256703064,76.3330187385719,31.950801368259466,False,67.58,28.4,116023,80156,0,0,0,0,0,0,,8.635499999999062,19.9309999999989,7.040225234079001,6.3590500596949004,9.56774765710096,59.87644320003881,59.874954642185315,99.18614191989403,5.841830975350542,80156,85.80281647005162,0.4391251620902388,0.7296740127525466,48.287617160071484,9.461164525067955,6.296501371052041,19.102257517767725,0.6502162436139142,0.7378357988492399,6.834011282830929,0.06447983399570689,0.014514018182771699,True,True,False,True,True,True,True,True,lift,False,0.05787576729935893,
B-100ml-f0.50-p+19.5-diagonal-y354-x+3.7-y+4.8,B,all,100,0.5,19.5,diagonal,354,3.7,4.8,28,47.4252440598675,34.22604891043942,47.70813671160743,11.415172021995819,False,19.87,28.4,55381,65328,0,0,0,0,0,0,,8.548499999998956,,38.400012721684924,41.241595295940115,6.765402338715434,58.79328043723486,59.874954642185315,101.40049308938113,6.541880927570756,65328,72.05099936082048,0.7930444175683925,11.916558019113683,29.765238264263985,5.298518309306055,9.754754626974199,38.31001940523549,,1803.877554175597,11.371300153265176,89.99984591967146,23.711390220649985,True,True,False,True,True,False,False,False,lift,False,0.37964686813338766,
A-100ml-f0.80-p+0.0-diagonal-y0-x+0.0-y+0.0,A,approach,100,0.8,0,diagonal,0,0,0,28,47.4252440598675,54.761678256703064,76.3330187385719,31.950801368259466,False,63.53,28.4,131868,80372,0,0,0,0,0,0,,9.278499999999848,19.60049999999967,0.8767738186207022,0.9761175790580673,6.76541138996619,59.8759173565371,59.874954642185315,99.17213819056416,5.128572909321116,80372,85.9808183122324,0.5007185707817081,0.16249915195132653,47.93249983492215,9.794580455996183,0.9035989012749123,21.141514356139457,0.41315139468532464,0.524658038398245,0.5616280448573755,0.06744240667415308,0.015604030059945238,True,True,True,True,True,True,True,True,,True,0.04925816109867989,
B-100ml-f0.80-p+5.0-diagonal-y178-x+4.4-y-3.1,B,all,100,0.8,5.0,diagonal,178,4.4,-3.1,28,47.4252440598675,54.761678256703064,76.3330187385719,31.950801368259466,False,21.05,28.4,108985,79023,0,0,0,0,0,0,,9.216999999999773,19.60049999999967,6.176647170401261,6.4576420611638445,6.765408872352552,58.82680244006548,59.874954642185315,100.42842207583412,5.380162618098885,79023,79.65673492494265,1.4401156432890583,6.130416947447796,46.73421179487986,11.154012864439094,1.5569071597421078,20.89551602832302,4.192198029812928,4.1942616546847535,3.4342381949943537,8.099607985145754e-06,-0.0015447130813968882,True,True,False,True,True,True,False,True,lift,False,-0.24274922018291592,
B-60ml-f0.25-p-7.9-side-y254-x+0.6-y+3.8,B,all,60,0.25,-7.9,side,254,0.6,3.8,25,40.0,14.736568804805119,14.178240740740737,7.236568804805119,False,15.29,28.4,52388,805,891,0,2755,0,0,0,0.0025,,,61.45251337412707,32.09967853095395,27.37421993685581,53.41453962067731,44.1,90.41573211323269,0.2544133531790643,805,0.3229675622014831,146.82338006451434,31.941247769462958,63.99671610766167,-27.3521654608479,26.783042456822404,39.42766264564973,,1.2006912616501453,222.98077612794728,89.99971054537353,20.31356110620665,False,False,False,False,False,False,False,False,table,False,,
A-100ml-f0.80-p+0.0-above-y0-x+6.0-y+0.0,A,dx,100,0.8,0,above,0,6,0,28,47.4252440598675,54.761678256703064,76.3330187385719,31.950801368259466,False,46.8,28.4,49935,65585,0,0,0,0,0,0,,8.366499999998734,,24.27163521872069,24.19563148911638,9.567746236294361,59.773611068015725,59.874954642185315,99.24708065357018,6.9822254387482685,65585,78.90014433993936,1.6673945038059415,7.773048633989968,48.19150887855011,10.404833241377641,6.950692906415126,18.852720002565704,,16.65720931691874,2.6876953325911805,0.1252179057900851,0.03749561357821938,True,True,False,True,True,True,False,True,lift,False,0.2987554338392812,
B-60ml-f0.25-p+9.2-diagonal-y119-x+0.7-y-1.8,B,all,60,0.25,9.2,diagonal,119,0.7,-1.8,25,40.0,14.736568804805119,14.178240740740737,7.236568804805119,False,38.22,28.4,116676,76701,0,0,0,0,0,0,,8.774499999999232,19.60049999999967,4.9146525463721575,7.348613678190181,6.765406827786522,43.879328246542016,44.1,99.44883966694917,5.204200628492833,76701,84.02363931512652,0.336059714256105,2.849964366722507,7.503239040696996,9.346249171774248,6.528522696976273,46.453512739277535,0.1182407140864376,0.3584587344514944,5.547279128315117,0.45233575109301477,0.12031621796168968,True,True,False,True,True,True,True,True,lift,False,0.06055578584472005,
A-100ml-f0.80-p+0.0-above-y0-x+0.0-y+6.0,A,dy,100,0.8,0,above,0,0,6,28,47.4252440598675,54.761678256703064,76.3330187385719,31.950801368259466,False,46.58,28.4,99978,79673,0,0,0,0,0,0,,9.281499999999852,19.60049999999967,5.617841918928833,5.851021782753035,9.567746235504867,58.02674867224949,59.874954642185315,101.27058636137065,5.100371610537738,79673,84.78725856461465,1.1086570154750612,1.9775263517038637,46.52056316153064,11.286027334900167,2.7047352427247895,20.462901314597133,0.4739360231951686,0.5762643652538971,6.832579019885895,0.2812362170930751,0.09655379639729582,True,True,False,True,True,True,True,True,lift,False,0.41071513303300317,
A-100ml-f0.80-p+0.0-above-y0-x+0.0-y+3.0,A,dy,100,0.8,0,above,0,0,3,28,47.4252440598675,54.761678256703064,76.3330187385719,31.950801368259466,False,47.6,28.4,94610,80423,0,0,0,0,0,0,,9.25599999999982,19.60049999999967,9.952259919314193,10.426230138360202,9.567746235595475,58.85885763380821,59.874954642185315,100.30951036577234,5.241248517255825,80423,85.97191707256458,1.1377271761738195,0.7925902088898596,46.58934480067753,11.15566957354172,1.7816738908330005,20.8108497771865,0.30584838820724886,0.44999943526221964,3.4564863540250053,0.24695609978948327,0.08232260855537955,True,True,False,True,True,True,True,True,lift,False,0.09256962643235987,
B-60ml-f0.50-p-18.4-diagonal-y175-x+5.0-y+4.0,B,all,60,0.5,-18.4,diagonal,175,5.0,4.0,25,40.0,29.473137609610237,28.356481481481474,21.973137609610234,False,50.29,28.4,46009,0,84,0,3028,0,0,0,0.7899999999999684,,,29.201261216213855,20.583328254578387,35.56426155586757,76.36442669027254,44.1,67.72696881305644,-0.20015094401615308,0,0.0013520374366771744,174.013454587202,23.581611197572702,58.09648557109091,-20.990954490122267,11.478528806744837,30.1217450500481,,0.20007165324662798,46.825385227180114,1.6336361357092888,0.508461717920431,False,False,False,False,False,False,False,False,table,False,,
B-100ml-f0.25-p+14.0-diagonal-y212-x+5.4-y+1.0,B,all,100,0.25,14.0,diagonal,212,5.4,1.0,28,47.4252440598675,17.11302445521971,23.854068355803715,-5.697852433223887,False,23.32,28.4,51070,64243,348,0,0,0,0,0,,8.558999999998969,,14.530853445711463,18.217476609840915,6.765404640860638,59.53185341591314,59.874954642185315,99.52895599047977,6.158001910703745,64243,68.23174625940223,2.4662190433261775,12.322240460953203,23.274470286137728,-4.01618977380952,3.846138026536704,57.680549860348165,,3018.0999625184163,7.420260167867819,1.9188473521827745,0.7160757161250103,True,True,False,True,True,False,False,True,lift,False,0.07813661430003573,
B-60ml-f0.80-p+5.6-above-y348-x-0.3-y+4.4,B,all,60,0.8,5.6,above,348,-0.3,4.4,25,40.0,47.15702017537638,45.37037037037036,39.65702017537638,False,55.95,28.4,54021,2107,0,0,0,0,0,58338,,,,37.48848410889987,40.61141426653695,9.57060136616858,43.53486885558445,44.1,97.59689420466145,1.4696799085819197,2107,0.5849145844458618,121.64805366536186,32.878826588533606,53.70084141457668,1.3064724253394056,33.60788498574705,4.130237476801351,,0.20010477638583,40.38422100749043,1.4787793334710982e-06,-0.0015453481904655717,True,True,False,False,False,False,False,False,lift,False,,
B-60ml-f0.50-p+3.0-side-y66-x+3.9-y-5.6,B,all,60,0.5,3.0,side,66,3.9,-5.6,25,40.0,29.473137609610237,28.356481481481474,21.973137609610234,False,40.6,28.4,103559,77732,0,0,0,0,0,0,,8.515999999998916,19.60049999999967,4.70842207078558,6.142633524183304,8.740551192459007,42.84038288235939,44.1,100.49264802201006,5.1258223889116135,77732,78.40136863676166,0.9620925177302314,7.662448428124021,21.368931506589924,11.118018437465322,4.042869354935861,32.50464540538781,4.037609023529822,4.03906714539272,6.619350122157534,0.5562728281687881,0.15790334966216432,True,True,False,True,True,True,False,True,lift,False,0.17579470111517315,
B-60ml-f0.25-p+12.2-diagonal-y330-x-4.9-y+4.1,B,all,60,0.25,12.2,diagonal,330,-4.9,4.1,25,40.0,14.736568804805119,14.178240740740737,7.236568804805119,False,66.65,28.4,50470,3477,0,0,0,0,0,52432,,,,117.90988581780353,88.98678115419618,6.765405335924547,45.78485831101646,44.1,100.97373594130046,0.6997090485081625,3477,0.544418122017863,125.3443903859622,41.14704916544095,30.385271505014682,17.10595731344215,46.61261322966021,29.470569255670412,,2.2461141016215587,108.32139071813977,90.00018125521899,19.998937375981267,True,True,False,False,False,False,False,False,lift,False,,
B-60ml-f0.80-p+14.8-above-y330-x-3.3-y+3.6,B,all,60,0.8,14.8,above,330,-3.3,3.6,25,40.0,47.15702017537638,45.37037037037036,39.65702017537638,False,59.3,28.4,46066,3646,0,0,0,0,0,40426,,,,102.44486053041398,90.46485703287313,9.567737373360842,48.36839385690823,44.1,101.11838501047096,-0.19675518881270837,3646,0.0053470406932098645,124.1144931999441,31.653325526719517,54.67979034064849,8.389952243990445,42.81973200084363,-0.5867212006879889,,0.030060300607481456,56.63797264089449,90.00010418490768,19.998862409133945,True,True,False,False,False,False,False,False,lift,False,,
A-100ml-f0.50-p+0.0-above-y0-x-3.0-y+0.0,A,dx,100,0.5,0,above,0,-3,0,28,47.4252440598675,34.22604891043942,47.70813671160743,11.415172021995819,False,150.56,28.4,63579,2895,7154,0,0,0,0,36293,,,,54.884036750259206,47.1493256894236,10.141584583524967,59.88056714066605,59.874954642185315,98.66162065678418,-0.1894526671075425,2895,0.004658354040818943,128.4958382107909,23.41718631879354,81.47848560241539,-32.31278841868859,28.07730563546666,30.514062721737414,,1.3628386281656852,36.19815141851451,1.3352095546648701,0.4983578226213148,True,True,False,False,False,False,False,False,lift,False,,
B-50ml-f0.80-p-2.1-above-y358-x+4.5-y+6.0,B,all,50,0.8,-2.1,above,358,4.5,6.0,25,37.64144115524114,44.7495330458836,37.6638148873315,42.703700374388454,False,66.22,28.4,64773,82220,0,0,1806,0,0,0,1.4374999999998972,9.274499999999843,,8.16222685302253,11.5700430566171,9.56646177777462,40.91090396304018,38.498422743697716,96.88203095869704,4.441777467021304,82220,72.97238838008732,4.592492464297511,5.174948636189415,41.086605576115836,6.780060166358432,9.401616252127615,10.960917039240513,,6.635573731111231,9.372752589923252,0.0718893209098908,0.012099044986437825,False,True,False,True,True,True,False,True,table,False,0.13939774813194653,
B-100ml-f0.25-p+18.6-diagonal-y197-x-2.5-y-4.9,B,all,100,0.25,18.6,diagonal,197,-2.5,-4.9,28,47.4252440598675,17.11302445521971,23.854068355803715,-5.697852433223887,False,62.61,28.4,63669,28848,5253,0,0,0,0,31048,,8.097999999998406,,61.77040364930529,47.87816871793193,6.765448394897899,58.173416554288764,59.874954642185315,101.4950971762192,7.964729215385491,28848,86.9216094823987,7.987490200220191,10.343294723672027,113.35201143518367,-72.73565570992258,33.06381482718512,45.092206438571495,,1192.0059116376594,38.804791723746106,1.6228676732292926,0.6023405887053448,True,True,False,True,False,False,False,False,lift,False,1.111324646637374,
B-60ml-f0.25-p-17.6-side-y14-x-4.8-y+5.9,B,all,60,0.25,-17.6,side,14,-4.8,5.9,25,40.0,14.736568804805119,14.178240740740737,7.236568804805119,False,13.48,28.4,1708,0,0,0,4066,4,0,0,0.0025,,,0.8450113187025624,0.0556785048639765,71.31693539152134,69.98332588585056,44.1,20.024947951463886,2.8757997057493183,0,0.254301002313555,306.7092376335891,91.23377667489531,-1.4969474934220197,-89.74651905057782,90.00022588582277,4565735.80885842,,2.858789360366737,28.779842302648817,90.00022575143609,19.998956848687502,False,False,False,False,False,False,False,False,table,False,,
B-100ml-f0.25-p-0.5-diagonal-y121-x-3.7-y-5.8,B,all,100,0.25,-0.5,diagonal,121,-3.7,-5.8,28,47.4252440598675,17.11302445521971,23.854068355803715,-5.697852433223887,False,46.21,28.4,59529,3632,7651,0,0,0,0,35975,,,,44.26925024117018,37.83840488808966,12.948382090341982,57.21203902784043,59.874954642185315,99.84526951597684,-0.1943417390951191,3632,0.005337705564231297,128.73633170149466,29.293027513525814,73.3680741807479,-37.219795497516586,27.10997411510054,48.09062562361054,,0.19202228356302217,57.42732674274088,7.013305915462416,2.6281097039176866,True,True,False,False,False,False,False,False,lift,False,,
B-60ml-f0.50-p+6.4-diagonal-y330-x+3.5-y-5.0,B,all,60,0.5,6.4,diagonal,330,3.5,-5.0,25,40.0,29.473137609610237,28.356481481481474,21.973137609610234,False,51.07,28.4,91861,78027,0,0,0,0,0,0,,8.618499999999042,19.60049999999967,2.0992527660944735,2.580471374097969,6.765408192650764,43.16664207260155,44.1,100.3800851931351,5.132780115781873,78027,80.29402518876745,1.6326530334747174,7.0339722377094285,20.593375137040844,11.379938638847939,0.014960261835351282,33.77216248541519,1.1278612703949686,1.1285558001425364,5.295207091769485,0.170420719493534,0.044387160818558445,True,True,True,True,True,True,False,True,recap,False,0.5299268144430745,
B-50ml-f0.80-p-15.0-above-y262-x-5.3-y+2.2,B,all,50,0.8,-15.0,above,262,-5.3,2.2,25,37.64144115524114,44.7495330458836,37.6638148873315,42.703700374388454,False,28.58,28.4,23244,0,0,0,2902,0,0,38683,0.9824999999999472,,,1.42809495257508,1.5659075264568287,33.04293908590951,59.97733725801691,38.498422743697716,72.52447110180378,-0.19021666658219916,0,0.0068924330510717596,126.44430669519235,33.68627590972049,55.27308067966485,-21.006482802791368,23.73420986884623,6.337365234663317,,0.19933592322901136,3.2475745903558995,11.971459333763585,3.4943365861569795,False,False,False,False,False,False,False,False,table,False,,
B-50ml-f0.25-p+15.9-diagonal-y246-x+4.1-y+0.3,B,all,50,0.25,15.9,diagonal,246,4.1,0.3,25,37.64144115524114,13.984229076838627,11.769942152291096,11.93839640534348,False,56.99,28.4,90680,75842,0,0,0,0,0,0,,8.728999999999177,19.60049999999967,6.157850483368865,10.071102571014945,6.765403740518361,38.49925030134259,38.498422743697716,99.14899342702215,4.935054847127196,75842,78.355838302398,0.5379030578387854,8.588046786880655,6.119007710905288,8.696250775433706,9.29749472847773,41.75770536685563,0.09627256079339741,0.2980405059072147,5.988015348107294,3.3175710879006814,0.9711618549140009,True,True,False,True,True,True,True,True,lift,False,0.18041831273683956,
B-50ml-f0.25-p+14.2-above-y16-x+0.9-y+4.9,B,all,50,0.25,14.2,above,16,0.9,4.9,25,37.64144115524114,13.984229076838627,11.769942152291096,11.93839640534348,False,51.57,28.4,116332,78115,0,0,0,0,0,301,,8.85499999999933,19.60049999999967,6.3317499371704296,11.446209591524301,9.567765656593675,38.29400128542029,38.498422743697716,99.43452550134387,5.141281213327173,78115,83.23771746583607,0.4369125508929827,4.1397748753091275,6.128229182234258,9.252083445796048,10.80224457118151,41.30076395232291,0.14912400760761005,0.3277134639770051,34.556874532936725,0.9755046023202862,0.28080242485675166,True,True,False,True,True,True,True,False,lift,False,0.07604677679867286,
B-60ml-f0.25-p+8.2-side-y286-x-2.0-y+3.8,B,all,60,0.25,8.2,side,286,-2.0,3.8,25,40.0,14.736568804805119,14.178240740740737,7.236568804805119,False,52.82,28.4,54479,3603,0,0,0,0,0,46934,,,,102.40242931089968,89.9228050009305,9.354456789597302,46.231279944867254,44.1,100.03045579082243,0.7345031582260686,3603,0.5125331411057021,124.38303233384067,41.03436383165547,29.881604055324953,12.90101882842795,42.19041912835463,32.19751166240708,,0.14806114147899563,130.95585636958137,89.87171199874585,19.797122324080508,True,True,False,False,False,False,False,False,lift,False,,
B-100ml-f0.80-p+7.2-above-y45-x-3.7-y+4.0,B,all,100,0.8,7.2,above,45,-3.7,4.0,28,47.4252440598675,54.761678256703064,76.3330187385719,31.950801368259466,False,47.61,28.4,44984,3370,4537,0,0,0,0,19283,,7.229999999998713,,105.74657485265506,97.6818345574333,9.567032337603838,57.77480422988267,59.874954642185315,102.19153646269831,5.969356542065679,3370,1.6309496483550505,130.9004819532146,15.742601918729688,109.02355130985367,-44.68315957625152,41.547744194169454,2.3712480681595642,,6.865793606086728,52.947201487586966,89.99927285773676,23.76673912504649,True,True,False,True,False,False,False,False,lift,False,0.553717236559296,
B-50ml-f0.50-p-16.3-above-y13-x-5.7-y+5.5,B,all,50,0.5,-16.3,above,13,-5.7,5.5,25,37.64144115524114,27.968458153677254,23.53988430458219,25.922625482182106,False,42.99,28.4,7281,0,0,0,1628,0,0,6945,0.9499999999999508,,,1.98308877598967,9.33510083011395,64.49540735917803,74.20247034549672,38.498422743697716,1.2704247353123768,-0.20008259771396586,0,0.0019259857899252021,196.72920060753304,11.44233037131894,120.92590616770998,-90.57584486700512,1.2418711729786358,30.16927772454951,,0.20011153926513492,6.024025576166859,1.7968668290015646,0.5235692985991467,False,False,False,False,False,False,False,True,table,False,,
B-100ml-f0.80-p-14.7-side-y140-x-1.0-y+1.8,B,all,100,0.8,-14.7,side,140,-1.0,1.8,28,47.4252440598675,54.761678256703064,76.3330187385719,31.950801368259466,False,17.73,28.4,48310,1549,95,0,3748,0,0,0,0.0025,,,35.662581757370894,31.627125724139095,17.81445068143053,70.26541873376237,59.874954642185315,88.99232723973738,0.1372955080074234,1549,0.27274863866681154,156.41502163926708,6.092050780621587,57.32817762094986,-0.4184047170155969,7.930454189296271,18.47767344239843,,0.30689066779481605,29.618692561269512,5.4524974851287595,2.043112837619861,False,False,False,False,False,False,False,False,table,False,,
B-100ml-f0.50-p-0.9-above-y244-x-4.4-y-4.2,B,all,100,0.5,-0.9,above,244,-4.4,-4.2,28,47.4252440598675,34.22604891043942,47.70813671160743,11.415172021995819,False,82.31,28.4,53485,3524,7013,0,0,0,0,29147,,,,48.68907650271582,40.04434586627694,12.76503635729076,57.48467574478969,59.874954642185315,100.53802860643037,0.558144765497301,3524,0.4481503484191504,127.27738711540132,28.893160183278404,72.66011553970829,-25.25370621192757,20.540009740951078,33.93759399612125,,0.9855889409831867,43.852361618275076,89.99981441557895,23.75072034593751,True,True,False,False,False,False,False,False,lift,False,,
B-100ml-f0.50-p+4.8-side-y25-x-5.1-y-2.4,B,all,100,0.5,4.8,side,25,-5.1,-2.4,28,47.4252440598675,34.22604891043942,47.70813671160743,11.415172021995819,False,54.69,28.4,58198,4387,7227,0,0,0,0,36984,,,,45.37406471098864,41.01713726446172,10.318195462836716,57.7828950336244,59.874954642185315,101.31830869727415,0.854776592043735,4387,0.3002545277858897,128.20966791068642,24.323044312830906,81.73693253450581,-29.796213297834882,29.758780662621767,29.687961751208977,,0.6514211868138899,52.71923648944826,3.1791958909696283,1.1889396862715431,True,True,False,False,False,False,False,False,lift,False,,
B-100ml-f0.80-p+2.7-side-y11-x+4.5-y+0.8,B,all,100,0.8,2.7,side,11,4.5,0.8,28,47.4252440598675,54.761678256703064,76.3330187385719,31.950801368259466,False,30.47,28.4,51123,80212,0,0,0,0,0,0,,8.095499999998403,19.60049999999967,3.858978183044808,3.6522041210312888,9.391938061200062,59.60683226482721,59.874954642185315,99.43101063241272,6.4477719570184275,80212,82.5861125383387,1.8827187658000375,4.732405687999849,47.36329707087964,10.541397774438078,2.2653130552591736,20.628596690196268,3.0534987994434135,3.0663908364690364,1.5673268181225084,0.2297321433582176,0.07712948067242328,True,True,False,True,True,True,False,True,lift,False,0.06843778781995417,
B-50ml-f0.50-p-5.7-diagonal-y169-x+4.8-y+0.8,B,all,50,0.5,-5.7,diagonal,169,4.8,0.8,25,37.64144115524114,27.968458153677254,23.53988430458219,25.922625482182106,False,48.27,28.4,43982,794,5139,0,2195,0,0,0,1.184999999999925,,,21.242094943521987,27.125783510701094,11.799770637344668,48.6080405603887,38.498422743697716,89.35040449652587,-0.197373731125966,794,0.006339239402882434,149.98773223397035,17.35075467315638,62.97632957300879,-28.923886800854962,16.103725887434656,25.66508708033625,,0.20010720651915737,15.752009897917487,0.3528009950146478,0.09534928977397283,False,False,False,False,False,False,False,False,table,False,,
B-100ml-f0.80-p-18.1-side-y23-x+2.4-y-0.6,B,all,100,0.8,-18.1,side,23,2.4,-0.6,28,47.4252440598675,54.761678256703064,76.3330187385719,31.950801368259466,False,31.02,28.4,38314,0,4326,0,4090,0,0,0,0.0025,,,23.071702395529595,18.23539319162289,27.130814300242463,76.86745463236672,59.874954642185315,82.83254400788456,0.7725309051427875,0,0.35895688506184126,161.27563735082106,18.805360430481052,80.02791748618695,-15.49182683806985,17.812244936198336,14.5530608502571,,1.0108745532813441,28.75253039054384,0.39769062318384923,0.13589221891051873,False,False,False,False,False,False,False,False,table,False,,
B-50ml-f0.25-p+8.7-above-y353-x+2.1-y+1.3,B,all,50,0.25,8.7,above,353,2.1,1.3,25,37.64144115524114,13.984229076838627,11.769942152291096,11.93839640534348,False,22.22,28.4,97749,63725,0,0,0,0,0,0,,8.612499999999034,,9.208730211427422,13.299902705289945,9.567740618654508,38.22572212995068,38.498422743697716,99.51515938832773,5.336829178106295,63725,81.84464676753642,0.5448723545720006,4.971655586834957,6.133832948114323,9.850199578613717,3.8087817159248982,43.39621034260292,,2669.548404850048,6.935630726033384,0.689189795729027,0.16742386802446252,True,True,False,True,True,True,False,True,lift,False,0.08521098209210182,
B-60ml-f0.80-p+4.2-above-y318-x-0.1-y-2.3,B,all,60,0.8,4.2,above,318,-0.1,-2.3,25,40.0,47.15702017537638,45.37037037037036,39.65702017537638,False,33.75,28.4,106088,75367,0,0,0,0,0,0,,8.587999999999004,19.60049999999967,5.3741428565222105,7.865553535693507,9.567744293606337,43.73729513998866,44.1,99.54429459951821,5.605471478473955,75367,85.12764337914047,0.5407738760228502,0.4645910303212948,39.49318298499032,10.136244584079023,2.350784784854194,15.354044322250942,-0.12512066224476653,0.35392584580014436,3.0916664576451613,0.22280689462025702,0.0607440173247619,True,True,False,True,True,True,True,True,lift,False,0.03545049682161372,
B-60ml-f0.25-p+12.4-side-y68-x+6.0-y+1.6,B,all,60,0.25,12.4,side,68,6.0,1.6,25,40.0,14.736568804805119,14.178240740740737,7.236568804805119,False,32.4,28.4,51489,74185,0,0,0,0,0,0,,8.639999999999068,19.60049999999967,1.678215118916523,2.7048553218214155,8.871041878219465,43.8981160401439,44.1,99.33852606297899,5.1050823816404804,74185,75.50875522922621,0.7771832091881149,12.075555666341737,7.916740578404883,8.492350360176745,3.8310643050671573,47.30806996762189,4.244464764531195,4.2458586007439845,2.5630390268898915,0.3200525927648592,0.08881082360234101,True,True,True,True,True,False,False,True,reach_liquid,False,0.2976388631988238,
B-100ml-f0.80-p+16.7-diagonal-y129-x+4.1-y-3.0,B,all,100,0.8,16.7,diagonal,129,4.1,-3.0,28,47.4252440598675,54.761678256703064,76.3330187385719,31.950801368259466,False,45.41,28.4,51932,78320,0,0,0,0,0,0,,9.310499999999887,19.60049999999967,8.720222356144562,7.369730648439759,6.765403457486177,58.867742434966125,59.874954642185315,100.55413793807988,4.253413197743957,78320,82.68451038892853,1.9422661940051416,4.155289205258707,45.045100983836065,11.549331622923042,11.917455711397986,16.93049127349844,-0.1909420276101817,0.3141067525937314,12.91288021885103,1.225715746650197,0.4564702967082292,True,True,False,True,True,True,True,False,lift,False,0.11384423987067013,
B-100ml-f0.50-p-15.3-side-y240-x-5.8-y+2.2,B,all,100,0.5,-15.3,side,240,-5.8,2.2,28,47.4252440598675,34.22604891043942,47.70813671160743,11.415172021995819,False,48.45,28.4,72083,1312,5547,0,3165,0,0,2248,0.0025,,,132.7674127268623,89.1127359126721,21.715612533801373,71.40879208473496,59.874954642185315,87.62453686533384,0.4802100178903368,1312,0.3321035474751548,143.3064633705556,23.522206172343136,116.08619104945791,22.455099676536665,89.70806995750573,-4190.237155603372,,4.171756912397794,177.80206689323626,89.99979785897376,24.04214525956467,False,False,False,False,False,False,False,False,table,False,,
B-50ml-f0.50-p-14.7-diagonal-y294-x+1.7-y-4.6,B,all,50,0.5,-14.7,diagonal,294,1.7,-4.6,25,37.64144115524114,27.968458153677254,23.53988430458219,25.922625482182106,False,11.2,28.4,1327,0,0,0,2953,0,0,0,0.8349999999999634,,,36.960995409168504,0.004901172299130796,32.17770193504756,64.2032034374992,38.498422743697716,19.114008976905133,0.10435791418172968,0,0.28517427732473943,324.0503474252939,139.04156055976873,0.35781548999215246,-102.2946436205755,90.00015304366704,6314953.756145115,,0.3036681463149383,94.88326755305755,90.00015304374512,18.819619934125946,False,False,False,False,False,False,False,False,table,False,,
B-100ml-f0.80-p-19.5-diagonal-y28-x+2.9-y+0.5,B,all,100,0.8,-19.5,diagonal,28,2.9,0.5,28,47.4252440598675,54.761678256703064,76.3330187385719,31.950801368259466,False,50.81,28.4,38677,0,2071,0,2610,0,0,0,0.9874999999999466,,,29.23016084209731,22.09527220155119,22.1375049744358,79.46467161971721,59.874954642185315,80.64398365422721,-0.19136895909646623,0,0.008471097806005107,165.65857732474294,21.175103379965027,81.60189816828895,-13.53161811435863,23.35433897522717,12.170394960759404,,0.20003199039587433,21.105367005229215,2.561320938754782e-06,-0.0015426163382239217,False,False,False,False,False,False,False,False,table,False,,
B-50ml-f0.50-p+14.0-above-y15-x+2.2-y+0.7,B,all,50,0.5,14.0,above,15,2.2,0.7,25,37.64144115524114,27.968458153677254,23.53988430458219,25.922625482182106,False,18.92,28.4,58059,78560,0,0,0,0,0,0,,8.6659999999991,19.60049999999967,5.71620863958658,9.90441587494857,9.567737870310268,38.50304387823445,38.498422743697716,99.15652947797557,5.262764848174811,78560,80.47858393466258,0.41128251200886085,5.210019169378835,20.127443969319785,9.26573628516833,8.892424289195041,27.895785748945265,1.2382927330254756,1.242678270820641,5.509212672718976,1.8154751593423757,0.5262061731161888,True,True,False,True,True,True,False,True,lift,False,0.11040995926912946,
B-50ml-f0.25-p+4.3-above-y315-x-2.6-y+5.7,B,all,50,0.25,4.3,above,315,-2.6,5.7,25,37.64144115524114,13.984229076838627,11.769942152291096,11.93839640534348,False,37.31,28.4,1509,0,0,0,0,0,0,70237,,,,11.86065929153453,1.1290109846704197,31.428585249816315,37.762658805967185,38.498422743697716,47.93046625765885,-0.2001460403557448,0,0.00545875215666983,156.14898425127976,31.089172347726844,58.59370304596853,-41.709159536364446,0.9996705650063051,44.224838117590934,,0.20011454293111203,32.201889923032915,0.6005089961768022,0.17040968168027615,True,True,False,False,False,False,False,False,lift,False,,
B-50ml-f0.80-p-14.8-above-y145-x+2.1-y-2.2,B,all,50,0.8,-14.8,above,145,2.1,-2.2,25,37.64144115524114,44.7495330458836,37.6638148873315,42.703700374388454,False,53.49,28.4,3237,0,0,0,1610,0,0,17637,0.9874999999999466,,,6.072798598962532,27.986468141789747,58.02937594390089,69.65562100511579,38.498422743697716,3.0397510325832,-0.18729786184731867,0,0.005423406392085531,198.36525817121236,27.73176517282372,130.60982619332222,-87.36751246978174,16.324392671686734,8.813554301009427,,1.1007637108067008,80.55856706424386,90.00042446154832,19.10390069799104,False,False,False,False,False,False,False,False,table,False,,
B-50ml-f0.80-p-12.3-side-y58-x-3.3-y-0.6,B,all,50,0.8,-12.3,side,58,-3.3,-0.6,25,37.64144115524114,44.7495330458836,37.6638148873315,42.703700374388454,False,70.33,28.4,58810,0,2734,0,3993,0,0,0,0.0025,,,5.797309631267945,5.761797765436175,41.399270825767054,62.47543227176408,38.498422743697716,76.0202988006182,-0.2002460168456649,0,0.0062269673655643175,160.351964039104,17.519508585933078,63.665097270872536,-15.382303328503156,3.790951371757027,12.636178787392778,,0.20013605262098805,21.565983394639904,1.2074182697257333e-06,-0.001550574891478798,False,False,False,False,False,False,False,False,table,False,,
B-100ml-f0.25-p+16.8-diagonal-y203-x+3.7-y+5.9,B,all,100,0.25,16.8,diagonal,203,3.7,5.9,28,47.4252440598675,17.11302445521971,23.854068355803715,-5.697852433223887,False,17.99,28.4,53080,67127,0,0,0,0,0,0,,9.282499999999853,19.60049999999967,5.074269825646973,4.85661314700026,6.765403428030253,58.190248708099865,59.874954642185315,101.98020468793786,4.861150329931049,67127,82.76631848244531,4.469873791757759,8.265664265520906,19.158370746146876,-0.5974826539833361,10.462235906707098,55.14830584886614,2.146221703759572,2.1647911221585425,9.780493455685999,0.07176902341826476,0.01798729062095302,True,True,False,True,True,False,False,True,lift,False,0.360161228153336,
B-60ml-f0.80-p-16.3-diagonal-y13-x-2.8-y-4.2,B,all,60,0.8,-16.3,diagonal,13,-2.8,-4.2,25,40.0,47.15702017537638,45.37037037037036,39.65702017537638,False,33.38,28.4,40598,0,59,0,2875,0,0,0,0.8624999999999604,,,18.123848978963476,12.739823690454982,31.928131633944624,70.63519813985612,44.1,73.03375993895435,-0.02285645978726547,0,0.08528343962196881,164.31595543619173,17.899150445345306,69.91276831282806,-18.59406266508408,8.326981695109266,13.458406263762514,,0.09077436262245668,13.96537228508743,2.101121179530926,0.6544607855214508,False,False,False,False,False,False,False,False,table,False,,
B-100ml-f0.80-p-11.9-above-y284-x-4.1-y-4.1,B,all,100,0.8,-11.9,above,284,-4.1,-4.1,28,47.4252440598675,54.761678256703064,76.3330187385719,31.950801368259466,False,85.0,28.4,50649,3443,4690,0,1522,0,0,31714,1.3624999999999055,,,37.70596561186069,34.38040078516096,11.016138400323578,63.635002058487004,59.874954642185315,89.676627353628,-0.19126373086247872,3443,0.00618898796849679,129.32490028850543,24.396395816751202,81.7298865025639,-21.486691356456394,19.845364829877234,13.698773270412353,,0.19999244867013152,35.17449174741797,0.6504472000451325,0.23498908845731994,False,True,False,False,False,False,False,False,table,False,,
B-60ml-f0.80-p+16.4-above-y305-x+5.5-y+1.3,B,all,60,0.8,16.4,above,305,5.5,1.3,25,40.0,47.15702017537638,45.37037037037036,39.65702017537638,False,44.07,28.4,53010,66398,0,0,0,0,0,0,,7.720499999998441,22.73299999999237,0.9921756614067287,1.34308246225306,9.567736606302772,43.628523522537215,44.1,100.07430241026803,8.140984881448931,66398,81.3011800741416,4.309156972964572,6.437390934805802,38.59515262513637,9.92451703788727,8.958889660807007,13.255297576438977,6.162479089445468,6.173108613149483,6.872696476498038,0.661398555917016,0.1862496973835181,True,True,True,True,True,True,False,True,recap,False,0.4458577623745479,
B-60ml-f0.80-p+5.8-side-y230-x-1.5-y+0.5,B,all,60,0.8,5.8,side,230,-1.5,0.5,25,40.0,47.15702017537638,45.37037037037036,39.65702017537638,False,46.25,28.4,37503,315,0,0,0,0,0,50729,,,,16.845993923221876,12.300828170178889,7.329207003933816,43.36611123033055,44.1,92.97364129221552,-0.19994087309667397,315,0.003120805038462951,126.49723518963421,32.28116342043124,61.54006845653089,-8.470327972043446,5.95450797209785,14.215552008653617,,0.20010887356689064,37.55402478363086,0.05725769034563251,0.00866259737424347,True,True,False,False,False,False,False,False,lift,False,,
B-50ml-f0.25-p+10.5-side-y127-x-2.5-y-1.7,B,all,50,0.25,10.5,side,127,-2.5,-1.7,25,37.64144115524114,13.984229076838627,11.769942152291096,11.93839640534348,False,86.83,28.4,38622,1319,0,0,0,0,0,101386,,,,100.92053111705268,92.90417418053593,8.761620838380301,40.59415775626382,38.498422743697716,98.49616817325743,-1.313212987497675,1319,1.6249859164648486,119.68978190656654,39.25424390792679,21.990339141151164,10.175066087281138,32.921401486670895,33.597903016082746,,4.014171740671135,137.10593663099527,73.62358890879727,17.133837446846876,True,True,False,False,False,False,False,False,lift,False,,
B-50ml-f0.50-p+3.5-above-y50-x-2.7-y-1.9,B,all,50,0.5,3.5,above,50,-2.7,-1.9,25,37.64144115524114,27.968458153677254,23.53988430458219,25.922625482182106,False,46.86,28.4,36593,30,0,0,0,0,0,50655,,,,21.041124666318773,0.6493192169382769,9.568046639963432,39.57035645853652,38.498422743697716,95.52627149650593,-0.19803644594809655,30,0.004420223587822976,130.75346311001002,33.013549672845045,47.27431387412121,-14.907963786078394,3.497390946444794,29.504028692375893,,0.20014476986820895,34.0848873161346,5.7905745997743736e-06,-0.0015712761602822301,True,True,False,False,False,False,False,False,lift,False,,
B-60ml-f0.50-p-18.6-above-y315-x+1.2-y-4.1,B,all,60,0.5,-18.6,above,315,1.2,-4.1,25,40.0,29.473137609610237,28.356481481481474,21.973137609610234,False,10.14,28.4,6683,0,0,0,1657,0,0,9635,0.9549999999999502,,,2.2815288133900764,11.640400365066478,66.24373433279231,79.05634706546101,44.1,0.6794223385743928,-0.1276565199623131,0,0.3308630903783694,194.89960458934686,10.104380484356003,122.47305426894678,-90.65901917060798,2.4001417804123597,33.02239424577666,,1.2248676866448354,248.6842645127089,90.00023628982306,20.198489832289063,False,False,False,False,False,False,False,False,table,False,,
B-60ml-f0.25-p-5.7-above-y296-x+4.2-y-5.7,B,all,60,0.25,-5.7,above,296,4.2,-5.7,25,40.0,14.736568804805119,14.178240740740737,7.236568804805119,False,26.44,28.4,60409,64806,0,0,2007,0,0,0,1.3549999999999063,8.164999999998487,19.60049999999967,10.209565290797253,11.353303776708055,9.563109009141986,49.06775061558313,44.1,94.46948550472894,6.403247392160499,64806,74.08439820485263,5.435336765369568,8.488571954918653,14.758683471006044,4.147207644439793,11.695872887157124,44.7871625511671,2.4018992549927884,2.419958662752633,13.712311259419888,0.5480082397699635,0.16670347347328196,False,True,False,True,False,True,False,False,table,False,0.22427206090209884,
B-50ml-f0.25-p+19.5-side-y53-x-1.1-y+2.2,B,all,50,0.25,19.5,side,53,-1.1,2.2,25,37.64144115524114,13.984229076838627,11.769942152291096,11.93839640534348,False,17.04,28.4,30845,77992,0,0,0,0,0,74,,8.564499999998976,,106.14528023251249,91.54761966728798,14.726088249804317,38.26579683132222,38.498422743697716,99.45008787488473,5.624797160635298,77992,268.91472980237495,0.2593769475386186,92.607605816931,-1.8519420968124811,-89.58664450081842,90.00014168623267,6821166.011458195,,898.7636454633135,30.81977236744719,90.00027859097081,18.964439742374594,True,True,False,True,True,False,False,False,lift,False,0.07455498530809651,
B-50ml-f0.25-p+12.3-above-y270-x-5.3-y-5.9,B,all,50,0.25,12.3,above,270,-5.3,-5.9,25,37.64144115524114,13.984229076838627,11.769942152291096,11.93839640534348,False,40.45,28.4,33412,673,0,0,0,0,0,60591,,,,12.463168741972845,6.379729207194948,9.568925829833235,41.06610055936713,38.498422743697716,99.87500712770039,-0.1886136364253055,673,0.007266454499673486,122.45894591196034,32.03856742571653,23.31864744355833,-1.3637591650362406,10.050851784129012,41.52946816653549,,0.2001086624358618,38.38987458545836,0.18675866675927108,0.04775885264252909,True,True,False,False,False,False,False,False,lift,False,,
B-60ml-f0.80-p+0.8-side-y331-x+3.5-y+2.6,B,all,60,0.8,0.8,side,331,3.5,2.6,25,40.0,47.15702017537638,45.37037037037036,39.65702017537638,False,37.05,28.4,66803,78622,0,0,0,0,0,0,,8.175999999998501,19.60049999999967,2.4708534611569135,3.9259267157587705,8.368120019892247,43.74455393526878,44.1,99.7197754011078,6.291359803026128,78622,82.7008284660576,1.4212741545169079,3.3856481923613373,39.36686257448839,10.489142880764774,3.7412235935686997,14.9159665003032,-0.05511303288273688,0.10883454016318797,3.31009981014903,0.5319846769234445,0.1538975343181027,True,True,True,True,True,True,True,True,,True,0.08729114576382327,
B-100ml-f0.50-p-5.6-diagonal-y47-x-4.6-y+2.8,B,all,100,0.5,-5.6,diagonal,47,-4.6,2.8,28,47.4252440598675,34.22604891043942,47.70813671160743,11.415172021995819,False,70.43,28.4,47822,3323,5890,0,0,0,0,33898,,,,34.738271477431915,31.711117860099275,11.65781679923715,58.04412682738967,59.874954642185315,97.3108552330446,-0.1643534960591858,3323,0.25420677850782125,128.08037517073754,28.78088590347757,72.79258400665975,-27.91776913498145,18.21961097975116,34.91915412031242,,0.30749124631575403,38.664030074641644,1.7795458770629449,0.6595566776365572,True,True,False,False,False,False,False,False,lift,False,,
B-50ml-f0.25-p-11.0-above-y108-x+3.1-y-0.6,B,all,50,0.25,-11.0,above,108,3.1,-0.6,25,37.64144115524114,13.984229076838627,11.769942152291096,11.93839640534348,False,13.36,28.4,150098,0,1109,0,2643,0,0,0,1.0899999999999355,,,4.018625544937518,4.128102845092556,23.13110131561836,61.14804265720967,38.498422743697716,76.56893766935818,0.09933246136285823,0,0.11109647299557208,146.50110209467368,2.353024535046461,29.98581422528191,-13.809149504676279,5.4898714085275975,42.8979874611539,,0.15818016933356627,3.385156615342676,0.34598543591605024,0.09249980220286029,False,False,False,False,False,False,False,True,table,False,,
B-50ml-f0.80-p+4.4-above-y3-x+2.5-y+3.0,B,all,50,0.8,4.4,above,3,2.5,3.0,25,37.64144115524114,44.7495330458836,37.6638148873315,42.703700374388454,False,28.1,28.4,101429,79188,0,0,0,0,0,0,,8.366999999998734,19.60049999999967,0.512455702663561,0.6883443155705719,9.56774418291894,38.22704132060286,38.498422743697716,99.4425095634977,6.099262328472147,79188,82.52976926614296,0.9529366572516973,3.01771908756609,37.10790135985256,9.98916994552329,0.11866714249420193,13.718931592789142,0.6920504658517478,0.7010725550599184,2.986709618469636,1.9090959104164224e-06,-0.0015556852335827326,True,True,True,True,True,True,True,True,,True,0.08105463014352317,
B-100ml-f0.50-p+7.2-side-y300-x+6.0-y+1.6,B,all,100,0.5,7.2,side,300,6.0,1.6,28,47.4252440598675,34.22604891043942,47.70813671160743,11.415172021995819,False,29.64,28.4,51716,64330,0,0,0,0,0,0,,8.455499999998842,,16.79867334882622,17.047570902944766,8.285893429991011,59.29285031995206,59.874954642185315,99.79063125051735,6.539395695387057,64330,82.15326911772506,2.7760040444679834,10.612029482062574,26.37852906494544,10.730981423310803,0.43846905036434924,41.85222720248724,,16.320863533059175,12.599499824874236,1.608594169021547,0.5971822405773581,True,True,False,True,True,False,False,False,lift,False,0.03600045032663388,
B-60ml-f0.80-p-8.2-diagonal-y291-x-5.2-y-5.0,B,all,60,0.8,-8.2,diagonal,291,-5.2,-5.0,25,40.0,47.15702017537638,45.37037037037036,39.65702017537638,False,19.47,28.4,61778,1022,6955,0,2192,0,0,0,1.1699999999999267,,,20.3050262053334,20.224240720607636,15.8117889379172,53.624414804482434,44.1,89.95775075757963,-0.060729404266157694,1022,0.32438699123072084,144.6839801134124,13.655066676644909,84.40768334823944,-34.33850971087735,18.972471269368327,9.9047549598086,,0.5279583538167292,19.95496276289598,1.4726236914405675,0.45709290475791275,False,False,False,False,False,False,False,False,table,False,,
B-50ml-f0.25-p+14.7-side-y349-x+0.1-y+4.8,B,all,50,0.25,14.7,side,349,0.1,4.8,25,37.64144115524114,13.984229076838627,11.769942152291096,11.93839640534348,False,22.11,28.4,85012,78572,0,0,0,0,0,359,,8.612499999999034,19.60049999999967,6.210564998002542,12.234275024148369,9.391938829332348,38.35650124626584,38.498422743697716,99.44995304390183,5.596308407389506,78572,84.08419318677795,0.7337874734021173,3.5847063690965855,6.1386921031770445,9.261404670554876,11.68968470039135,41.02916574219091,0.16427116253679566,0.34522632417468363,33.31059904956839,2.148217538031845,0.6271888777305341,True,True,False,True,True,True,True,False,lift,False,0.08220376921857886,
B-50ml-f0.50-p-16.7-above-y356-x-2.9-y+3.3,B,all,50,0.5,-16.7,above,356,-2.9,3.3,25,37.64144115524114,27.968458153677254,23.53988430458219,25.922625482182106,False,50.04,28.4,17650,0,0,0,1680,0,0,22,0.9399999999999519,,,2.1739452162154516,8.827158893348825,65.06933066447903,74.45156979185869,38.498422743697716,1.426769434357202,-0.2000691786901987,0,0.0028453629574846716,198.08324013972907,9.33340828740738,121.1714887660424,-90.77625737592928,0.6724216558645308,30.336971979239962,,0.2000929346039157,4.06540370850195,0.5091965347603755,0.14250137107767047,False,False,False,False,False,False,False,True,table,False,,
B-50ml-f0.80-p-12.7-diagonal-y205-x-2.0-y-0.1,B,all,50,0.8,-12.7,diagonal,205,-2.0,-0.1,25,37.64144115524114,44.7495330458836,37.6638148873315,42.703700374388454,False,12.71,28.4,62282,0,331,0,2775,0,0,0,0.9049999999999557,,,13.44364154680808,13.237609342259136,27.15260776068629,63.640782631972776,38.498422743697716,74.99878320870073,0.11460123499254515,0,0.11014720964380441,160.9863271368506,17.94181453526699,63.66554214186236,-14.92474865929172,5.036791585729408,12.26720299942222,,0.17002837903156476,33.241750710580035,1.505666015163794,0.438411209884512,False,False,False,False,False,False,False,False,table,False,,
B-100ml-f0.50-p+10.1-above-y43-x-1.2-y-3.5,B,all,100,0.5,10.1,above,43,-1.2,-3.5,28,47.4252440598675,34.22604891043942,47.70813671160743,11.415172021995819,False,56.47,28.4,64260,18359,8457,0,0,0,0,19725,,6.838999999998929,,48.93170763779218,39.947869828648244,9.571192321171873,59.11614811966111,59.874954642185315,101.23858353173841,15.861592552359541,18359,102.50505129822194,12.450629119575712,20.260373548883035,56.98349644514762,-5.302366587228436,33.592040983674664,27.6944069629087,,8408.953923637266,38.11660633624897,0.08191006516907264,0.02080848868428752,True,True,False,True,False,False,False,False,lift,False,0.5984343068145597,
B-50ml-f0.80-p-2.9-above-y104-x+4.8-y-1.0,B,all,50,0.8,-2.9,above,104,4.8,-1.0,25,37.64144115524114,44.7495330458836,37.6638148873315,42.703700374388454,False,28.77,28.4,54152,70924,0,0,1927,0,0,0,1.3899999999999024,8.29749999999865,25.04099999998699,11.594890338576155,14.75556739362138,9.564958517137145,43.558379284877,38.498422743697716,94.21436974315452,6.046584469059272,70924,72.54004174838846,4.63694122021872,5.2496958853153695,42.71853154724989,5.238346575922676,10.126897554338555,10.74106754534148,5.307940007185177,5.255464698622907,8.212557896393497,5.72728773124927e-06,-0.0015564132879169429,False,False,False,True,True,True,False,True,table,False,0.1645701089889179,
B-60ml-f0.50-p+10.9-side-y292-x-5.3-y+1.7,B,all,60,0.5,10.9,side,292,-5.3,1.7,25,40.0,29.473137609610237,28.356481481481474,21.973137609610234,False,20.07,28.4,46732,1960,0,0,0,0,0,70456,,5.129999999999876,,17.270893484054273,18.95837380768342,8.87102729451128,44.725247552359,44.1,101.04828477853383,14.294894205940976,1960,53.1430270049964,262.4663817154557,32.7084613304721,15.16769814978008,22.158717550418732,14.671005547069766,29.064385292739786,,93.40396718367484,32.67840681660496,0.5439863632957339,0.1591649276191478,True,True,False,True,False,False,False,False,lift,False,0.001118379189416235,
B-100ml-f0.25-p+3.0-diagonal-y286-x+0.2-y+1.2,B,all,100,0.25,3.0,diagonal,286,0.2,1.2,28,47.4252440598675,17.11302445521971,23.854068355803715,-5.697852433223887,False,35.81,28.4,78486,47730,3748,0,0,0,0,31389,,9.376999999999969,,46.8094783070175,26.104596747731847,6.765413040782466,59.46194249972247,59.874954642185315,99.72317270127634,3.2094725257651446,47730,53.13436224217447,2.9425195488649027,28.923144390973963,38.447706422138744,-16.767259434005062,3.1237167435293296,57.95345584579283,,29.423579665467336,29.289503965543016,0.3440176107049726,0.1176907780649374,True,True,False,True,True,False,False,False,lift,False,0.15063466997445493,
B-50ml-f0.80-p-1.3-side-y17-x-0.3-y-4.2,B,all,50,0.8,-1.3,side,17,-0.3,-4.2,25,37.64144115524114,44.7495330458836,37.6638148873315,42.703700374388454,False,21.04,28.4,93656,79464,0,0,2713,0,0,0,0.0025,8.10149999999841,19.98299999999878,3.661824772948295,5.010302145248518,11.156067799764926,40.06623310023738,38.498422743697716,97.61258982145071,6.550630037794047,79464,84.00927385161938,1.2816640149778542,1.9306282697466153,39.31435727755433,7.894273514735511,3.6259715328968998,12.684952971911057,0.9061053801420452,0.960247897694231,6.616764354451292,0.17561747953661297,0.042498325353392645,False,True,False,True,True,True,True,True,table,False,0.043527320386787034,
B-60ml-f0.80-p+8.7-diagonal-y252-x+3.7-y-1.8,B,all,60,0.8,8.7,diagonal,252,3.7,-1.8,25,40.0,47.15702017537638,45.37037037037036,39.65702017537638,False,28.13,28.4,72852,76515,0,0,0,0,0,0,,8.457499999998845,19.60049999999967,2.318478081426521,3.4360594301358476,6.765407045118681,43.89819902738521,44.1,99.38635056190834,5.407567981792191,76515,80.11108426858367,0.8158744519479111,4.557274852550698,39.295205438785864,10.103802147906043,3.059600288714807,15.130863357398557,-0.007737896269208182,0.2913290881680845,2.8950755300249806,0.14284185309423367,0.03563994949389299,True,True,True,True,True,True,True,True,,True,0.1096106748138095,
B-50ml-f0.50-p+14.2-side-y226-x-5.7-y+5.0,B,all,50,0.5,14.2,side,226,-5.7,5.0,25,37.64144115524114,27.968458153677254,23.53988430458219,25.922625482182106,False,122.72,28.4,43025,1615,0,0,0,0,0,68246,,,,105.66727273755846,38.90362697233447,46.130129816852325,40.98725200634633,38.498422743697716,98.97165180518124,-0.5991169035917121,1615,1.2018486396665329,121.73000532403951,36.75079614938609,36.92866791465993,12.83301507105819,43.187183176898124,14.702036676688172,,1.0321205121238701,104.94865539332544,90.00780223027338,18.742262660331775,True,True,False,False,False,False,False,False,lift,False,,
B-100ml-f0.25-p-18.5-side-y160-x+3.1-y-0.5,B,all,100,0.25,-18.5,side,160,3.1,-0.5,28,47.4252440598675,17.11302445521971,23.854068355803715,-5.697852433223887,False,18.96,28.4,32567,0,355,0,4109,0,0,0,0.0025,,,207.95528753457995,91.87010471831853,27.78795552216294,77.7111482095163,59.874954642185315,82.25053315451612,-0.19305605074125542,0,0.008141436715862304,163.13844135759507,111.8811305043011,41.90943837394356,-96.11915364013095,51.943845084613905,31.585156803244057,,0.004568873879857716,216.20173783892648,90.00001208479145,23.71144930189093,False,False,False,False,False,False,False,False,table,False,,
B-50ml-f0.50-p+12.0-diagonal-y314-x+2.2-y+3.7,B,all,50,0.5,12.0,diagonal,314,2.2,3.7,25,37.64144115524114,27.968458153677254,23.53988430458219,25.922625482182106,False,20.41,28.4,113266,76698,0,0,0,0,0,0,,8.598499999999017,19.60049999999967,5.5154860368372205,8.811615313192426,6.765405483847658,38.050348137226855,38.498422743697716,99.62489073493877,5.299709743819575,76698,82.89194498436989,0.6779140659306592,3.7999365744303346,19.84832475701359,9.843976366443158,7.978061210210761,28.170900587634137,0.05386320410194992,0.26564711896292525,6.616261123912526,0.425678085634008,0.1187343423283697,True,True,False,True,True,True,True,True,lift,False,-0.010001649127501016,
B-50ml-f0.50-p-12.8-diagonal-y262-x-2.4-y+4.0,B,all,50,0.5,-12.8,diagonal,262,-2.4,4.0,25,37.64144115524114,27.968458153677254,23.53988430458219,25.922625482182106,False,116.14,28.4,56450,0,6015,0,2794,0,0,0,0.902499999999956,,,16.43062141140489,16.367967822446985,27.406093608807538,62.569984808674164,38.498422743697716,75.9234151042444,-0.20015951323171244,0,0.0021677366067794604,163.85540528659314,17.542955534675627,63.23712357982381,-27.52439492879592,14.682399277401876,26.115271447743382,,0.20010031191644673,32.14543117700578,0.34105912020852414,0.08518540179783099,False,False,False,False,False,False,False,False,table,False,,
B-60ml-f0.50-p+4.3-above-y306-x+3.6-y+1.9,B,all,60,0.5,4.3,above,306,3.6,1.9,25,40.0,29.473137609610237,28.356481481481474,21.973137609610234,False,49.59,28.4,52481,79132,0,0,0,0,0,0,,8.709999999999154,19.795999999999214,2.798616839098334,3.684249795218928,9.567744232517986,43.89466846261456,44.1,99.53908262708721,5.191909837352682,79132,79.66713815875126,0.1460842573461626,6.116069933026289,22.086823565539735,10.051949005172034,1.5881025694416684,33.27781744749489,1.140227245733108,1.175910428532426,2.046562676661832,9.35262170110869e-06,-0.0015686477154429623,True,True,True,True,True,True,False,True,recap,False,0.11025030180360985,
B-50ml-f0.50-p+11.3-side-y40-x-5.3-y+2.4,B,all,50,0.5,11.3,side,40,-5.3,2.4,25,37.64144115524114,27.968458153677254,23.53988430458219,25.922625482182106,False,37.6,28.4,28564,353,0,0,0,0,0,43536,,27.513999999981227,27.514499999981226,92.93056250140715,81.23668300907657,14.199219000406343,37.18328737565348,38.498422743697716,91.13349997635163,-0.19871185201178476,353,0.005133336530058375,123.48146196033649,34.877455759955225,39.01452879725787,1.9299098460887758,27.679588611023213,21.686765037329533,-0.21384465071557493,0.17801607427857147,38.326155246047726,16.17130945902077,4.693492691054681,True,True,False,False,False,False,True,False,lift,False,-0.001947277024264273,
B-100ml-f0.25-p+18.3-above-y175-x+4.8-y+5.3,B,all,100,0.25,18.3,above,175,4.8,5.3,28,47.4252440598675,17.11302445521971,23.854068355803715,-5.697852433223887,False,24.33,28.4,62085,66651,0,0,0,0,0,0,,8.291999999998643,19.60049999999967,15.941435972205023,18.77513018919156,9.567735652936339,58.81872643735679,59.874954642185315,101.4918859173273,6.588360332586182,66651,79.67976636326655,4.611549278402934,11.800543228416238,21.09772750880524,-3.0305797713420373,9.881971132688417,55.37373002758693,5.030633020364625,5.038958897338026,8.142090864082983,2.0575564487940547,0.7698016583500802,True,True,False,True,True,False,False,True,lift,False,0.09412186206623258,
B-100ml-f0.80-p+7.9-side-y183-x+5.3-y-4.3,B,all,100,0.8,7.9,side,183,5.3,-4.3,28,47.4252440598675,54.761678256703064,76.3330187385719,31.950801368259466,False,20.64,28.4,63529,75459,0,0,0,0,0,0,,9.32899999999991,19.72049999999939,12.494955472805419,11.664599511433691,9.554613634601159,58.509031262421594,59.874954642185315,101.39698627173055,3.7119746397624445,75459,78.13311744386213,2.139444004462173,8.183433252655114,44.81066701303734,12.959111324468559,0.3231061894121485,21.360018313943183,5.174985026465231,5.1845964636925235,5.750883692043691,0.09707479304390877,0.02684518324156757,True,True,False,True,True,True,False,True,lift,False,0.3455445184508298,
B-50ml-f0.25-p-8.5-side-y20-x-5.6-y-1.0,B,all,50,0.25,-8.5,side,20,-5.6,-1.0,25,37.64144115524114,13.984229076838627,11.769942152291096,11.93839640534348,False,56.79,28.4,78450,383,4109,0,4067,0,0,0,0.0025,,,44.40838463390306,18.711750515194854,26.61131287943558,54.028338205771306,38.498422743697716,83.98958752364933,-0.20040867392250028,383,0.0070966561321287175,148.8654561785113,15.337996900329925,60.029904178549295,-42.04487811026897,5.449261903095036,42.91005252532545,,0.19950321803471543,44.478106510341085,3.7960859938724836,1.110759007653797,False,False,False,False,False,False,False,False,table,False,,
B-60ml-f0.80-p-9.9-side-y25-x-1.7-y-5.6,B,all,60,0.8,-9.9,side,25,-1.7,-5.6,25,40.0,47.15702017537638,45.37037037037036,39.65702017537638,False,19.51,28.4,64625,874,1395,0,2875,0,0,0,0.0025,,,59.10349512065741,31.901714093123825,28.818582916811273,57.30795624546125,44.1,87.4323569917346,-0.040641403920876895,874,0.09710285151595996,147.34696927895445,13.41463090243311,104.11044015581489,-36.559778996322926,35.56115274466313,3.2246961418014584,,0.7244717422203749,27.51689880873755,90.00021023515272,20.27050234914156,False,False,False,False,False,False,False,False,table,False,,
B-100ml-f0.50-p+16.9-above-y150-x-4.8-y+3.3,B,all,100,0.5,16.9,above,150,-4.8,3.3,28,47.4252440598675,34.22604891043942,47.70813671160743,11.415172021995819,False,23.87,28.4,53293,2289,5770,0,0,0,0,32632,,,,65.94885749578297,46.192375480962724,9.567736278158018,59.10830448325473,59.874954642185315,101.4532086888665,0.5988380262938187,2289,0.33012755585187425,127.6686920938441,29.377657978692373,73.30295544269411,-11.63877907093283,37.593083772511555,25.414795341651573,,0.6911934861660912,45.77641575658414,89.99982652316979,23.90516359826639,True,True,False,False,False,False,False,False,lift,False,,
B-60ml-f0.50-p-15.7-diagonal-y327-x-0.3-y+4.1,B,all,60,0.5,-15.7,diagonal,327,-0.3,4.1,25,40.0,29.473137609610237,28.356481481481474,21.973137609610234,False,135.98,28.4,74459,0,3796,0,2836,0,0,0,0.8824999999999582,,,16.909378735426973,15.03780183176493,28.99147824620314,70.32009034556772,44.1,75.03136471475852,-0.19917792873001827,0,0.0008639682474915246,163.15657358475994,19.628974742959922,68.07979951781935,-26.326111434615772,21.83025931967981,26.566346678298153,,0.2001085960337861,32.290022429824944,0.12396646875078766,0.029663901021010238,False,False,False,False,False,False,False,False,table,False,,
B-60ml-f0.50-p-8.1-diagonal-y229-x-3.8-y+5.9,B,all,60,0.5,-8.1,diagonal,229,-3.8,5.9,25,40.0,29.473137609610237,28.356481481481474,21.973137609610234,False,16.63,28.4,65510,1068,2225,0,1270,0,0,20,1.174999999999926,,,86.05980984882126,56.629399392031594,29.237334620538476,53.00745924938731,44.1,90.81159769519722,-0.009623362646399292,1068,0.29082466186518174,142.68945468259903,18.023801576359485,93.82367416326973,-26.50779221457264,49.53483951257311,12.6756019630512,,0.799732009869545,5.83623072311584,90.00008256475225,20.082794201460256,False,False,False,False,False,False,False,False,table,False,,
B-100ml-f0.80-p+17.4-diagonal-y45-x+2.2-y+1.5,B,all,100,0.8,17.4,diagonal,45,2.2,1.5,28,47.4252440598675,54.761678256703064,76.3330187385719,31.950801368259466,False,52.83,28.4,88716,80034,0,0,0,0,0,18,,9.303499999999879,19.60049999999967,14.19223224363631,14.677012348885247,6.7654031377005275,59.320758774322336,59.874954642185315,99.8228229083029,4.515381231550958,80034,82.07167940688598,0.7221024872306387,3.9688916331123356,46.604040574732,9.938160754612735,13.05148272037824,16.482743409849046,0.17106887213360294,0.3267673233641914,13.468324368484904,2.436536824597688,0.9123429953248009,True,True,False,True,True,True,True,False,lift,False,0.4902927914518364,
B-50ml-f0.80-p+4.7-diagonal-y117-x+2.4-y+1.8,B,all,50,0.8,4.7,diagonal,117,2.4,1.8,25,37.64144115524114,44.7495330458836,37.6638148873315,42.703700374388454,False,62.75,28.4,103121,79626,0,0,0,0,0,0,,8.69949999999914,20.030499999998668,0.6717821930825241,0.5537652747723085,6.765409050332485,38.22842035323872,38.498422743697716,99.4366355233607,5.20955206655814,79626,83.05215868600611,0.144223207613498,2.2643105482653194,37.073895118826776,9.970723218393484,1.3817193776394774,13.347009876528674,1.152552317101377,1.2007889856517058,2.277251287298523,0.27428187634964135,0.07053715079756531,True,True,True,True,True,True,False,True,recap,False,0.06939118756406118,
B-50ml-f0.25-p+4.9-above-y71-x-1.5-y+0.6,B,all,50,0.25,4.9,above,71,-1.5,0.6,25,37.64144115524114,13.984229076838627,11.769942152291096,11.93839640534348,False,110.6,28.4,45758,2627,0,0,0,0,0,64222,,,,97.05037794000387,89.47974470377717,9.567360245017316,38.37307785551576,38.498422743697716,90.99906103933561,0.734855690483649,2627,0.5783201925218524,123.45112745291496,40.994613614784164,27.884433729847853,11.216668931580562,41.661797418003786,29.510590785297182,,0.060648071692574135,86.16238249623605,90.00058400627182,18.981986315368356,True,True,False,False,False,False,False,False,lift,False,,
B-100ml-f0.80-p+2.9-above-y83-x+3.3-y+4.6,B,all,100,0.8,2.9,above,83,3.3,4.6,28,47.4252440598675,54.761678256703064,76.3330187385719,31.950801368259466,False,52.85,28.4,59321,77852,0,0,0,0,0,0,,8.668999999999103,19.7159999999994,5.957738519621906,5.790005715668406,9.567744983525333,58.45355008081428,59.874954642185315,100.87321202793622,5.784856156692913,77852,81.40034463181144,3.148179087604534,4.959864292872976,45.44732594486872,12.55345345543002,3.4340880410174557,20.18760551053571,4.612755170014588,4.62193912434124,4.783218120256624,5.72728773124927e-06,-0.0015445840379343,True,True,False,True,True,True,False,True,lift,False,0.07322889334023748,
B-60ml-f0.50-p+8.3-side-y47-x+5.6-y-1.7,B,all,60,0.5,8.3,side,47,5.6,-1.7,25,40.0,29.473137609610237,28.356481481481474,21.973137609610234,False,33.6,28.4,84201,76428,0,0,0,0,0,0,,8.785999999999246,19.62649999999961,1.0629711912608604,1.248727151166005,6.99739160100548,43.89486306760826,44.1,99.3870638811541,5.474557552334044,76428,77.01828560144936,0.5796011998559122,8.826856195434301,22.28786077915684,9.598012540675189,0.5634086071398492,33.5998566510776,4.785554812054694,4.797774606887694,1.6310423805946985,9.075738350724584e-06,-0.0015712833322291625,True,True,True,True,True,True,False,True,recap,False,0.17993499523915332,
B-50ml-f0.25-p-11.8-diagonal-y264-x+4.8-y+3.0,B,all,50,0.25,-11.8,diagonal,264,4.8,3.0,25,37.64144115524114,13.984229076838627,11.769942152291096,11.93839640534348,False,44.01,28.4,48309,0,1677,0,2718,0,0,0,0.9374999999999521,,,24.88808640095072,25.03424942072216,24.875115142444617,60.0043206532952,38.498422743697716,78.23948394001563,-0.20011831016479575,0,0.008327220538399483,165.81888418940005,28.96206679337254,37.27581793951279,-8.584994173839593,22.042785236388145,37.689444062717904,,0.20007423902662808,23.645266331430406,0.959816127770193,0.2749143753716029,False,False,False,False,False,False,False,False,table,False,,
B-60ml-f0.25-p-0.8-diagonal-y179-x-5.5-y-2.0,B,all,60,0.25,-0.8,diagonal,179,-5.5,-2.0,25,40.0,14.736568804805119,14.178240740740737,7.236568804805119,False,165.97,28.4,50191,2052,0,0,0,0,0,105225,,,,29.963141240893503,32.83691679108594,11.64399806568539,42.27026689676396,44.1,85.54905298299407,-0.19816163025793143,2052,0.005729036885815282,121.05688056351525,38.00913509544057,24.603388948028112,1.6978903559842773,30.06452732220097,38.09407961049576,,0.20007613380684539,39.63086463121471,0.7171841578822493,0.21948432318959168,True,True,False,False,False,False,False,False,lift,False,,
B-100ml-f0.25-p+11.7-side-y247-x-5.6-y+5.0,B,all,100,0.25,11.7,side,247,-5.6,5.0,28,47.4252440598675,17.11302445521971,23.854068355803715,-5.697852433223887,False,59.51,28.4,66026,4586,8559,0,0,0,0,43148,,,,51.32753117101529,44.76626132600049,8.80710764384756,57.62808107753452,59.874954642185315,103.39837676953313,-0.19123879840288183,4586,0.004488247269520767,127.9315224084813,24.14586056789807,81.30863621622348,-36.33454878468634,37.79137200660449,42.40863585034009,,0.498142074832946,41.70984356736406,90.00002566617447,23.998468040511998,True,True,False,False,False,False,False,False,lift,False,,
B-50ml-f0.80-p+3.2-above-y136-x-4.2-y-4.5,B,all,50,0.8,3.2,above,136,-4.2,-4.5,25,37.64144115524114,44.7495330458836,37.6638148873315,42.703700374388454,False,40.83,28.4,39441,17,0,0,0,0,0,55185,,,,15.96582124115703,1.0236624218917802,9.568137721275829,39.28108741601318,38.498422743697716,95.89306971992775,-0.1997222268789317,17,0.00663840989776318,125.67128494265731,33.03687966771529,58.365979464722635,-9.402910621050003,3.1991137097935067,12.811067459301155,,0.200136720248297,31.89338961082526,0.18420444430363603,0.04608232744106063,True,True,False,False,False,False,False,False,lift,False,,
B-50ml-f0.50-p+0.3-above-y272-x-2.5-y-1.0,B,all,50,0.5,0.3,above,272,-2.5,-1.0,25,37.64144115524114,27.968458153677254,23.53988430458219,25.922625482182106,False,45.52,28.4,42523,1056,0,0,0,0,0,43527,,,,231.21137129287987,91.25258249731415,9.567746251662609,38.505443768808796,38.498422743697716,95.33095584416213,1.0774326540388401,1056,1.1266943672999319,122.3637475118311,36.60910454950892,36.77054544289218,4.8694691937762045,37.412516113168266,17.632625489663088,,2.7291309175848855,210.54471911650256,90.00018448158242,18.81964632560812,True,True,False,False,False,False,False,False,lift,False,,
B-50ml-f0.25-p+4.0-side-y28-x-5.1-y-1.0,B,all,50,0.25,4.0,side,28,-5.1,-1.0,25,37.64144115524114,13.984229076838627,11.769942152291096,11.93839640534348,False,43.75,28.4,32528,896,0,0,0,0,0,62945,,8.204999999998536,20.477499999997626,104.04729719119048,92.13292895078136,8.447798836157643,38.54905878872124,38.498422743697716,99.19781134039994,3.2482006213657018,896,0.6302963245291404,122.10845727567434,41.43341756266719,27.6645325766097,10.856544910721688,41.50174904757503,29.594803260342257,1.9561857724134328,1.8716243789555926,73.5642560724037,90.00061496120318,18.825893631034862,True,True,False,True,False,False,False,False,lift,False,1.6058087535034524,
B-100ml-f0.50-p+1.8-above-y153-x+3.0-y-4.9,B,all,100,0.5,1.8,above,153,3.0,-4.9,28,47.4252440598675,34.22604891043942,47.70813671160743,11.415172021995819,False,22.53,28.4,111346,79068,0,0,0,0,0,0,,9.282999999999854,19.60049999999967,7.800651745924926,7.089831574155952,9.567745516649545,58.26192630207156,59.874954642185315,100.88971246911011,4.8015275576380745,79068,80.52637115610072,0.8875465017026254,7.291954518667835,26.29181084572757,11.361769543281607,3.836413151493801,40.57120200688718,0.014855253912510965,0.09009258836543968,6.48370754334689,0.14969070204758142,0.04678266434870625,True,True,False,True,True,True,True,True,lift,False,0.015554551673762806,
B-50ml-f0.25-p-8.9-diagonal-y218-x-4.2-y+2.4,B,all,50,0.25,-8.9,diagonal,218,-4.2,2.4,25,37.64144115524114,13.984229076838627,11.769942152291096,11.93839640534348,False,44.56,28.4,85860,296,1849,0,1392,0,0,0,1.0474999999999401,,,79.49391716517064,62.19827514349575,28.948152004690485,54.596740398001174,38.498422743697716,84.022453321321,1.2057850241254249,296,0.31750474388691813,147.53199705441625,28.141473227533705,86.27868787662246,-1.4196854452857288,67.00999849368957,4.7616201913918275,,2.2342236854364264,41.37308515271877,90.00059422965079,19.1083647460733,False,False,False,False,False,False,False,False,table,False,,
B-100ml-f0.25-p-20.0-side-y189-x+1.0-y-1.2,B,all,100,0.25,-20.0,side,189,1.0,-1.2,28,47.4252440598675,17.11302445521971,23.854068355803715,-5.697852433223887,False,14.9,28.4,23460,0,501,0,4014,0,0,0,0.0025,,,85.59360303256517,95.96589478575191,29.836412335906733,80.67953937810178,59.874954642185315,80.04576260632565,-0.19330024339681007,0,0.008181263352829225,163.10091740534912,100.01527777680609,-69.31008194665033,-101.20127846005008,90.77356202891688,1656.2327512032991,,0.004912332518770619,82.51770190031769,90.00001208609633,23.71150363229913,False,False,False,False,False,False,False,False,table,False,,
B-60ml-f0.50-p+7.6-diagonal-y84-x-4.3-y-0.6,B,all,60,0.5,7.6,diagonal,84,-4.3,-0.6,25,40.0,29.473137609610237,28.356481481481474,21.973137609610234,False,71.65,28.4,51910,3490,0,0,0,0,0,52336,,,,104.98790876878914,90.89745114288363,6.765406894274608,43.476194287632474,44.1,100.288989464373,0.898110784529893,3490,0.5179445061108301,124.15005682736218,35.46356847998512,40.17453172155608,10.027886748769365,42.52855407839885,17.266390969653827,,0.05016411263011395,82.53893345016166,90.0000790812789,20.079476831271503,True,True,False,False,False,False,False,False,lift,False,,
B-50ml-f0.50-p+5.3-diagonal-y342-x-5.3-y-1.1,B,all,50,0.5,5.3,diagonal,342,-5.3,-1.1,25,37.64144115524114,27.968458153677254,23.53988430458219,25.922625482182106,False,54.11,28.4,44018,1494,0,0,0,0,0,46194,,,,115.37677246371172,94.79662723449083,6.7647928272888995,36.36307567287963,38.498422743697716,100.31757108148147,2.0650413280571547,1494,0.5630213176461131,122.47828777689627,35.95470830085871,38.13160187080925,7.653529204910692,41.22278317147329,15.756367285580243,,0.09599151512742006,99.45100545775541,90.00031396357902,18.82275631552949,True,True,False,False,False,False,False,False,lift,False,,
B-50ml-f0.25-p-17.2-side-y110-x-1.9-y+0.4,B,all,50,0.25,-17.2,side,110,-1.9,0.4,25,37.64144115524114,13.984229076838627,11.769942152291096,11.93839640534348,False,19.95,28.4,104395,0,5909,0,4132,12,0,0,0.0025,,,14.081279423301789,11.09295854667367,86.63792815397423,74.77128098450176,38.498422743697716,64.17639279480417,0.3787716039113792,0,0.2638904974080987,168.7610410706534,15.925103502267335,61.88952523819079,-41.5652065365684,11.26374087691235,41.15973339064146,,0.38154696033250735,31.95092902007785,0.04625018159232218,0.005127750340948977,False,False,False,False,False,False,False,False,table,False,,
B-50ml-f0.80-p-2.0-side-y3-x-2.4-y+3.2,B,all,50,0.8,-2.0,side,3,-2.4,3.2,25,37.64144115524114,44.7495330458836,37.6638148873315,42.703700374388454,False,44.31,28.4,113271,79251,0,0,2978,0,0,0,0.0025,8.718999999999165,19.60049999999967,2.460562074185517,3.597950013272862,13.24788045993619,41.073183068630506,38.498422743697716,96.73842249049102,5.386872893286918,79251,82.32243051533447,2.759905876895255,1.3838738089994878,39.935182249245834,7.247666621842674,4.1139973614714505,12.540619691092433,0.2559034185249175,0.38787810248337207,7.244107142886342,8.45192788808014e-06,-0.0015558318862780051,False,True,True,True,True,True,True,True,table,False,0.0652730985824438,
B-50ml-f0.80-p-15.8-diagonal-y196-x+2.9-y+4.8,B,all,50,0.8,-15.8,diagonal,196,2.9,4.8,25,37.64144115524114,44.7495330458836,37.6638148873315,42.703700374388454,False,14.77,28.4,1159,0,0,0,3001,0,0,0,0.7974999999999676,,,51.84867118659922,0.004016475559300142,34.905003189856856,70.07344978348888,38.498422743697716,19.112432485055514,0.0676133639848503,0,0.004084711611414243,324.39399382485993,151.88183836638123,-27.644988184051428,-118.20020268708787,90.00021305112348,4536291.2022410035,,0.005005664368769251,103.07578010941064,90.00021303069627,19.112616427843378,False,False,False,False,False,False,False,False,table,False,,
B-60ml-f0.25-p+10.7-side-y63-x+5.5-y-1.9,B,all,60,0.25,10.7,side,63,5.5,-1.9,25,40.0,14.736568804805119,14.178240740740737,7.236568804805119,False,53.97,28.4,46751,74769,0,0,0,0,0,0,,8.488499999998883,26.370499999983892,1.9505607418923678,2.461582747412329,8.524906593185687,43.9475658665206,44.1,99.45066697393136,5.679124855220236,74769,78.41815178127624,1.049687918095872,10.921406057382931,7.947390916975556,8.643466519031056,3.308333211240498,47.47293104406735,5.669000294809757,5.624171794807784,2.3487529623028087,0.11582207348790123,0.02792960162486244,True,True,True,True,True,False,False,True,reach_liquid,False,0.18778948734232692,
B-60ml-f0.25-p-19.6-above-y295-x-5.2-y+4.7,B,all,60,0.25,-19.6,above,295,-5.2,4.7,25,40.0,14.736568804805119,14.178240740740737,7.236568804805119,False,89.56,28.4,8265,0,0,0,1699,0,0,1664,0.929999999999953,,,2.6012765292604807,14.280634031176438,65.57909901295268,80.22679752608646,44.1,1.4548099090033002,-0.19948117927100217,0,0.005175397494420965,193.07595374125034,13.462368030848385,109.69187322030378,-91.90900628481424,3.3178512538524436,47.46993084231444,,0.19945540580278356,3.7947154272323056,8.86021441557935,2.7679046660656135,False,False,False,False,False,False,False,False,table,False,,
B-100ml-f0.25-p-5.8-diagonal-y229-x-0.2-y-3.6,B,all,100,0.25,-5.8,diagonal,229,-0.2,-3.6,28,47.4252440598675,17.11302445521971,23.854068355803715,-5.697852433223887,False,54.59,28.4,67426,19109,10010,0,0,0,0,24125,,7.436999999998598,,36.09357811632699,25.72050876266106,6.765418008508682,58.29042272403424,59.874954642185315,100.03777233025117,12.21518745779114,19109,94.75466996102061,13.616316697158743,14.647187104237348,109.07053686350358,-88.2376232368387,20.509245410482695,51.06381988086706,,378.9955100897685,31.01111486484727,1.3069042218028672,0.4724775801011266,True,True,False,True,False,False,False,False,lift,False,0.171979463055136,
B-50ml-f0.80-p-9.9-side-y314-x+2.1-y-3.6,B,all,50,0.8,-9.9,side,314,2.1,-3.6,25,37.64144115524114,44.7495330458836,37.6638148873315,42.703700374388454,False,38.7,28.4,40464,0,1324,0,4122,0,0,0,0.0025,,,10.216646442999691,10.95156511773753,22.31291874911627,55.735399824229034,38.498422743697716,82.42700233542325,-0.20050694900231036,0,0.0018092596208720286,159.53241391057932,21.826828612743878,58.90290777848931,-8.681440831971642,8.583701822207088,11.207746218794,,0.20008346299311916,16.964432647844205,0.5394999887795329,0.1502041369608126,False,False,False,False,False,False,False,False,table,False,,
B-60ml-f0.50-p-4.4-above-y305-x+5.7-y+2.2,B,all,60,0.5,-4.4,above,305,5.7,2.2,25,40.0,29.473137609610237,28.356481481481474,21.973137609610234,False,18.17,28.4,48664,78692,0,0,1839,0,0,0,1.4274999999998983,9.261999999999828,19.60049999999967,4.912383507017485,5.824276693006416,9.566233028325536,47.13593053055674,44.1,96.57648959013851,4.652829025684091,78692,75.6444977091449,4.871201918533962,8.354499771581304,26.372085655332096,7.0086303700522965,10.332058165610794,30.495302942456366,0.178026276145946,0.3821843006241062,5.83098066697003,0.15356575540302697,0.03862906137740582,False,True,False,True,True,True,True,True,table,False,-0.026828458750995765,
B-60ml-f0.25-p+1.7-side-y101-x+5.8-y-4.6,B,all,60,0.25,1.7,side,101,5.8,-4.6,25,40.0,14.736568804805119,14.178240740740737,7.236568804805119,False,45.16,28.4,19819,77237,665,0,0,0,0,0,,8.866999999999345,,102.99051035853795,93.46948441844722,9.391937147423812,43.386702105140785,44.1,100.05379706488013,4.995250730515877,77237,74.65741990979271,0.8048682331846874,99.21275161681092,1.1626746243435169,-83.55512712016508,65.5367718027566,8.948765794528212,,126.1865468495455,41.35390810365287,90.00004655715172,19.998865772782032,True,True,False,True,True,False,False,False,lift,False,0.2518164976888733,
B-50ml-f0.80-p+18.0-diagonal-y142-x-1.7-y-4.6,B,all,50,0.8,18.0,diagonal,142,-1.7,-4.6,25,37.64144115524114,44.7495330458836,37.6638148873315,42.703700374388454,False,20.03,28.4,120425,76490,0,0,0,0,0,424,,8.643499999999072,19.60049999999967,9.484700386371252,17.209151856200577,6.765343518546085,38.28130860437551,38.498422743697716,99.45635703203911,5.480799847258188,76490,85.31923843341863,0.510031045147063,0.3903549197288399,36.7555403365549,9.82597331122137,16.218118044241873,8.847507002358254,0.9318728386807478,0.993193639570941,46.219765193675855,0.6444042550083536,0.18418657137762778,True,True,False,True,True,True,True,False,lift,False,0.05876082079444604,
B-60ml-f0.50-p+3.6-above-y201-x-2.4-y+1.6,B,all,60,0.5,3.6,above,201,-2.4,1.6,25,40.0,29.473137609610237,28.356481481481474,21.973137609610234,False,38.36,28.4,47097,2535,0,0,0,0,0,81955,,,,30.593508574960687,32.77598371053984,10.65612578601455,43.44028152194695,44.1,88.59229600122546,0.5520269498855285,2535,0.34269359604762933,118.7074828486406,32.82406679946791,34.92602465275649,-0.5726935379826992,15.956239384481764,28.630320379178084,,4.999871355256793,44.60634564198382,28.285845094149767,8.526459299553427,True,True,False,False,False,False,False,False,lift,False,,
B-60ml-f0.25-p-11.6-above-y160-x+3.5-y-1.3,B,all,60,0.25,-11.6,above,160,3.5,-1.3,25,40.0,14.736568804805119,14.178240740740737,7.236568804805119,False,18.77,28.4,43326,0,398,0,2428,0,0,6815,1.13999999999993,27.454499999981365,27.454999999981364,82.91066984990287,90.47476807322934,20.316659022898612,62.645190426197814,44.1,80.70930117607405,-0.18669847925396887,0,0.008780802616175478,145.7284389555915,62.99724588824261,78.16890479031564,-84.68947904872306,31.57259542488637,37.45162167403523,4.650958262278173,4.6618163265305625,31.617833919241146,90.00035329815954,20.019386272362865,False,False,False,False,False,False,False,False,table,False,-0.0011237487102187288,
B-50ml-f0.50-p+14.9-diagonal-y105-x+4.8-y-4.3,B,all,50,0.5,14.9,diagonal,105,4.8,-4.3,25,37.64144115524114,27.968458153677254,23.53988430458219,25.922625482182106,False,31.11,28.4,55339,62840,0,0,0,0,0,0,,9.276499999999846,,8.728904698871228,11.556413989253803,6.76540419873211,38.27634865788999,38.498422743697716,99.3906838097799,4.394297545585291,62840,74.83870843928162,0.7067439268074188,8.860397483727352,19.88788347092525,9.440312162207878,6.057143210270801,28.745044702014695,,776.5322679635659,8.662736406954416,1.5532990634212591,0.45217812018687537,True,True,False,True,True,True,False,True,lift,False,0.22993579040894788,
B-60ml-f0.50-p-3.5-above-y227-x+0.2-y+5.5,B,all,60,0.5,-3.5,above,227,0.2,5.5,25,40.0,29.473137609610237,28.356481481481474,21.973137609610234,False,24.57,28.4,121042,79115,0,0,1683,0,0,0,1.4924999999998911,8.237999999998577,19.842499999999106,3.1633320112792362,4.453383091022551,9.567278721713555,44.42682296183919,44.1,98.47680514258757,5.878341801346776,79115,85.42585945028203,1.1270039224836055,1.6900129815109368,23.274077968923287,8.813586657860458,5.0208771736658235,32.195457275920646,0.34009388883579217,0.4736306007548789,7.333948743080396,5.929886688545646e-05,-0.001561391992001659,False,True,False,True,True,True,True,True,table,False,0.020790227052983095,
B-60ml-f0.25-p-10.6-above-y314-x-1.6-y+2.9,B,all,60,0.25,-10.6,above,314,-1.6,2.9,25,40.0,14.736568804805119,14.178240740740737,7.236568804805119,False,28.17,28.4,6005,0,0,0,1357,0,0,14227,1.1699999999999267,,,1.1122017261530313,3.9847025912091456,63.747894817721054,58.55391491573066,44.1,0.40394435186762084,-0.20004664876467626,0,0.002732927093011512,196.6356688754922,21.448374298378873,108.42180405761025,-91.14915175251542,0.9507465234139778,48.21471794850965,,0.19789961478329185,4.2409597294547465,9.413973467663924,2.9398136510473605,False,False,False,False,False,False,False,False,table,False,,
B-100ml-f0.50-p+9.6-above-y213-x-2.4-y-1.7,B,all,100,0.5,9.6,above,213,-2.4,-1.7,28,47.4252440598675,34.22604891043942,47.70813671160743,11.415172021995819,False,108.95,28.4,53487,4756,6256,0,0,0,0,35424,,,,50.343607134291865,40.570430646845615,9.56773968431486,58.375184109866225,59.874954642185315,102.05282592247451,0.6924993448445826,4756,0.4861654909208297,126.81873197980687,28.58018542812796,73.4303936278631,-17.99637408448074,30.81183048902719,29.15642541401909,,2.290259838683936,77.5960637215206,89.99984713664517,24.094869063090048,True,True,False,False,False,False,False,False,lift,False,,
B-60ml-f0.50-p-2.3-diagonal-y226-x-4.1-y+2.4,B,all,60,0.5,-2.3,diagonal,226,-4.1,2.4,25,40.0,29.473137609610237,28.356481481481474,21.973137609610234,False,66.64,28.4,53374,657,0,0,0,0,0,36499,,,,23.664990266017934,17.67228495314976,6.7654126585461185,43.3960752824773,44.1,94.87758801426523,-0.192905109554678,657,0.008016460284081895,124.76989705254184,32.310190804909425,41.933362206642016,-11.240780035082249,2.2856296225873702,33.058429533481394,,0.20011178930157317,21.885897615095864,0.19969794781966413,0.0535539388312026,True,True,False,False,False,False,False,False,lift,False,,
B-50ml-f0.50-p-12.3-diagonal-y37-x+4.6-y+3.5,B,all,50,0.5,-12.3,diagonal,37,4.6,3.5,25,37.64144115524114,27.968458153677254,23.53988430458219,25.922625482182106,False,10.78,28.4,38383,0,1739,0,2749,0,0,0,0.9199999999999541,,,10.649709116292076,10.689990934588025,26.141671177871036,61.09371713935767,38.498422743697716,76.87385139807913,-0.029716718708147627,0,0.3694038839550738,167.8722074773699,23.366846303462296,45.314854270760684,-12.52213153094478,6.7086490251751725,28.55083884030618,,0.45927314909331335,18.211788108057878,2.5725560088431836,0.7501209244119078,False,False,False,False,False,False,False,False,table,False,,
B-100ml-f0.50-p-11.3-side-y250-x-2.2-y+1.8,B,all,100,0.5,-11.3,side,250,-2.2,1.8,28,47.4252440598675,34.22604891043942,47.70813671160743,11.415172021995819,False,62.4,28.4,64709,2431,426,0,3080,0,0,0,0.0025,,,60.921971492531476,60.04456895656096,14.557106144824042,64.15535456350854,59.874954642185315,94.88132067348211,-0.19944270018473764,2431,0.005535692138451416,129.70605918831137,16.70117600153326,43.38198735153602,8.189894589997804,47.839079742712784,18.20272501704918,,0.1986022235228682,31.100723710174687,5.347976511274427,2.0052751232594264,False,True,False,False,False,False,False,False,table,False,,
B-100ml-f0.50-p-12.4-side-y166-x-2.0-y-4.0,B,all,100,0.5,-12.4,side,166,-2.0,-4.0,28,47.4252440598675,34.22604891043942,47.70813671160743,11.415172021995819,False,59.6,28.4,64204,74276,0,0,3349,0,0,0,0.0025,9.253499999999818,19.60049999999967,30.37481235224376,25.853572683747952,17.458819873676106,65.64952874075301,59.874954642185315,93.7170303899842,5.230797765048798,74276,72.73138025927497,4.016795706028486,11.287656116264483,31.669757653186622,9.08438681260404,20.239675253447462,34.06624638867593,2.4212668898191154,2.4425030605311298,31.502585644592767,4.353408482428142e-06,-0.0015665823699381031,False,False,False,True,True,False,False,False,table,False,0.1209544361123409,
B-60ml-f0.80-p+16.1-side-y73-x-2.5-y-0.3,B,all,60,0.8,16.1,side,73,-2.5,-0.3,25,40.0,47.15702017537638,45.37037037037036,39.65702017537638,False,123.38,28.4,59619,2071,0,0,0,0,0,63051,,,,38.53544872973761,40.066249523615575,9.149544817092202,45.09653807634678,44.1,100.94091578435803,0.8721874100447446,2071,0.4835134594986063,122.6447916492811,33.249841104560815,54.86307635106371,6.684341030188196,37.871525277122736,2.094723476465485,,3.336006549138437,50.31179435618371,1.5288233152843047,0.46975466027335844,True,True,False,False,False,False,False,False,lift,False,,
B-50ml-f0.25-p+11.5-diagonal-y80-x+1.3-y+0.7,B,all,50,0.25,11.5,diagonal,80,1.3,0.7,25,37.64144115524114,13.984229076838627,11.769942152291096,11.93839640534348,False,37.83,28.4,69627,78520,0,0,0,0,0,0,,9.25599999999982,19.60049999999967,5.462989875711729,8.935109510594998,6.765405710262199,38.51074586238843,38.498422743697716,99.15834343595562,4.6314243377186814,78520,80.901167890628,0.5696441144055099,5.1536644730389165,6.4585902392111105,9.167794928001808,7.080166877823492,42.42409347271015,-0.038041852310274835,0.24020746431784068,12.08574332130523,1.0373117134557017,0.2955722017688409,True,True,False,True,True,True,True,False,lift,False,0.0800214348028288,
B-60ml-f0.80-p+15.9-side-y53-x+5.2-y-4.2,B,all,60,0.8,15.9,side,53,5.2,-4.2,25,40.0,47.15702017537638,45.37037037037036,39.65702017537638,False,65.11,28.4,78755,76594,0,0,0,0,0,0,,8.496999999998893,19.60049999999967,6.649099248931182,9.219274687021281,7.641126680856682,43.904233945806915,44.1,99.45394238027585,5.284134071773138,76594,77.23032029700573,1.1897241201514153,6.491317428355696,38.9079124662278,9.746012372115809,7.965669922687375,13.574242011685687,4.1599242023574305,4.161508846610923,6.939373168562524,0.3703004920696722,0.10912810936871244,True,True,False,True,True,True,False,True,lift,False,0.22720682577016818,
B-60ml-f0.50-p-1.6-above-y31-x-3.1-y+3.9,B,all,60,0.5,-1.6,above,31,-3.1,3.9,25,40.0,29.473137609610237,28.356481481481474,21.973137609610234,False,17.93,28.4,7662,543,0,0,0,0,0,11045,,,,99.66577672245194,77.79351917334597,9.553017304557002,42.86267635577239,44.1,95.45850045438955,0.22754066591669508,543,0.004089593297363206,259.3945682904619,105.63183959539818,-46.09560748504957,-101.88316591003267,90.00004015232702,25685320.47835378,,0.5902618930131232,58.455860777267475,90.00004162526945,19.99884130782289,True,True,False,False,False,False,False,False,lift,False,,
B-60ml-f0.80-p-1.8-side-y92-x+0.3-y-3.7,B,all,60,0.8,-1.8,side,92,0.3,-3.7,25,40.0,47.15702017537638,45.37037037037036,39.65702017537638,False,29.67,28.4,108989,79114,0,0,0,0,0,0,,9.242999999999805,19.60049999999967,5.8701338444995415,8.735102406201841,9.561894278636935,43.359818136563156,44.1,99.94826080105604,4.720488947792992,79114,85.13728498766004,0.33228438304632246,0.8213044868760827,39.298811105243196,10.388997846825038,3.4931119414602385,14.994224688402733,0.18631014899832452,0.3772837699667704,4.643907947923196,0.10697000650388892,0.02431222260971141,True,True,False,True,True,True,True,True,lift,False,0.07180030144398009,
B-50ml-f0.25-p-17.3-side-y102-x-4.4-y+0.3,B,all,50,0.25,-17.3,side,102,-4.4,0.3,25,37.64144115524114,13.984229076838627,11.769942152291096,11.93839640534348,False,98.98,28.4,124203,0,6418,0,4142,12,0,0,0.0025,,,14.780728083747555,10.67152582987857,86.58462660654563,75.00793935433515,38.498422743697716,63.78563775502048,-0.20005509720784354,0,0.0010563072044583227,167.42815480589468,15.011163979946938,62.09759344147977,-42.26790280897151,10.48060002945215,41.39879947426835,,0.20012212095972534,28.58684915803439,0.1076643704476989,0.023157307277542973,False,False,False,False,False,False,False,False,table,False,,
B-100ml-f0.25-p-10.7-side-y221-x+2.5-y+0.1,B,all,100,0.25,-10.7,side,221,2.5,0.1,28,47.4252440598675,17.11302445521971,23.854068355803715,-5.697852433223887,False,61.13,28.4,56311,76352,0,0,2976,0,0,0,0.0025,8.681499999999119,19.60049999999967,24.438817680146517,21.65426344311979,10.643596804395376,63.59425267746622,59.874954642185315,95.57596346640808,5.91369904337008,76352,73.05309114016426,3.3989340929219076,11.68448778869556,28.148329187523824,-3.9695741113699308,18.403668445901666,51.95531871385257,7.095015974996103,7.099664298780714,25.967931456760777,0.3132139352634334,0.11192208379528465,False,True,False,True,True,False,False,False,table,False,0.14044616218239844,
B-50ml-f0.50-p+17.4-above-y3-x-0.1-y-0.7,B,all,50,0.5,17.4,above,3,-0.1,-0.7,25,37.64144115524114,27.968458153677254,23.53988430458219,25.922625482182106,False,24.63,28.4,117477,77271,0,0,0,0,0,534,,9.293999999999867,19.60049999999967,9.26978040084034,15.642316509752598,9.56891127542387,38.47451641251035,38.498422743697716,99.20620274699117,4.0002419719635665,77271,83.19740746070458,1.3288736266394976,1.7758007836516068,20.39376251767571,9.122472632241585,15.095403275736452,25.985087446889054,0.08021143183079991,0.3220845000613575,44.0353682558746,0.5422491404582299,0.14879314115610587,True,True,False,True,True,True,True,False,lift,False,0.04162704210730577,
B-100ml-f0.80-p+17.4-diagonal-y164-x-2.9-y-0.3,B,all,100,0.8,17.4,diagonal,164,-2.9,-0.3,28,47.4252440598675,54.761678256703064,76.3330187385719,31.950801368259466,False,54.91,28.4,61887,2516,2977,0,0,0,0,18213,,,,63.866647820915084,44.174620678593485,7.693125284077711,59.68657192727327,59.874954642185315,101.2626515088857,-0.1952864976248886,2516,0.0074704866900049665,128.8580618660721,24.22951898981761,81.7444943624267,-5.573336539263229,39.50559309234144,3.7020032510840726,,0.46432439029959366,52.31382629356783,89.99995598348056,23.924353273966112,True,True,False,False,False,False,False,False,lift,False,,
B-50ml-f0.50-p-8.0-diagonal-y178-x+4.6-y-3.4,B,all,50,0.5,-8.0,diagonal,178,4.6,-3.4,25,37.64144115524114,27.968458153677254,23.53988430458219,25.922625482182106,False,86.23,28.4,72090,2188,4783,0,2424,0,0,0,1.0824999999999363,,,14.367386851704891,14.976033461484064,16.131353292110454,52.84633540293266,38.498422743697716,86.3182797795345,-0.19829442818038168,2188,0.006635841594801868,153.5780579396967,23.10524770007573,53.289085788310665,-14.835088996109997,17.74407833551669,25.137409359404703,,0.2000192201569425,25.17392115001795,1.1730812734503027,0.3396131687649905,False,False,False,False,False,False,False,False,table,False,,
B-60ml-f0.50-p-18.3-above-y59-x-6.0-y+1.9,B,all,60,0.5,-18.3,above,59,-6.0,1.9,25,40.0,29.473137609610237,28.356481481481474,21.973137609610234,False,63.9,28.4,70673,0,0,0,2953,0,0,41092,0.9624999999999494,,,5.527616285013137,5.315428002773377,35.40700777755586,67.31999200740827,44.1,69.36188069077816,-0.20048747374179499,0,0.001924253432170623,128.05245783895361,32.833468273917155,45.839243122461156,-23.35321950476725,18.16992102449246,27.869232779960562,,0.1981368896847226,3.3252301241464637,0.578075301271648,0.1744535992648319,False,False,False,False,False,False,False,True,table,False,,
B-50ml-f0.25-p+14.8-side-y68-x-3.6-y+2.1,B,all,50,0.25,14.8,side,68,-3.6,2.1,25,37.64144115524114,13.984229076838627,11.769942152291096,11.93839640534348,False,42.47,28.4,44618,74254,0,0,0,0,0,6647,,9.300999999999876,,102.4811160760901,22.033236880815572,60.439262005943675,38.417542375180375,38.498422743697716,99.27936397319698,3.9363116196165087,74254,33.33701078432442,2.270428258084403,15.13176089239967,107.50758054734655,-90.90713133645231,1.3597500381008356,44.118785327928464,,175.62741712246464,99.19256594643987,90.22630227454752,18.97066623396637,True,True,False,True,False,False,False,False,lift,False,-0.0392383458503587,
B-100ml-f0.50-p-7.5-side-y92-x-1.9-y+2.5,B,all,100,0.5,-7.5,side,92,-1.9,2.5,28,47.4252440598675,34.22604891043942,47.70813671160743,11.415172021995819,False,39.77,28.4,58601,23087,5238,0,0,0,0,24091,,7.039499999998818,,18.491481339920654,19.522814973860736,9.561892710019352,59.13125647433205,59.874954642185315,96.71714399740577,15.11805173984615,23087,101.8018807234345,11.880881705005654,9.98349396417561,113.62939438330164,-74.77912040396978,7.8635740080548455,39.03895843767341,,14.87028304125136,21.531132598189732,0.03661712373408555,0.004186055919308943,True,True,False,True,False,False,False,False,lift,False,0.2548670684504643,
B-60ml-f0.25-p+18.4-above-y176-x-4.5-y+4.5,B,all,60,0.25,18.4,above,176,-4.5,4.5,25,40.0,14.736568804805119,14.178240740740737,7.236568804805119,False,30.22,28.4,9427,205,0,0,0,0,0,5177,,,,102.31740148482437,92.61989194957233,9.567735501736244,49.02298712062089,44.1,100.2190172182189,0.9480988119875827,205,0.0910620149318913,289.8366143799375,93.61852624462998,-37.89095098027345,-89.90214112928679,90.0001685639629,6118343.393755545,,0.9525487094844562,50.365039044688,90.00016842499919,19.998941488307235,True,True,False,False,False,False,False,False,lift,False,,
B-50ml-f0.50-p+15.4-above-y159-x-5.1-y-0.9,B,all,50,0.5,15.4,above,159,-5.1,-0.9,25,37.64144115524114,27.968458153677254,23.53988430458219,25.922625482182106,False,44.62,28.4,5487,155,0,0,0,0,0,5003,,,,98.83774123103568,91.13097960562436,9.567736634770535,37.85213147556951,38.498422743697716,98.25157490364717,0.20858509244553458,155,0.004101377667589152,278.90135470653604,108.45375657746145,-42.41069759635379,-102.35169330107381,90.00015272278037,6328222.075929296,,0.0862351913895837,66.66511166993976,90.00015296489903,18.819635880042938,True,True,False,False,False,False,False,False,lift,False,,
B-50ml-f0.50-p+2.8-diagonal-y349-x-3.2-y-4.4,B,all,50,0.5,2.8,diagonal,349,-3.2,-4.4,25,37.64144115524114,27.968458153677254,23.53988430458219,25.922625482182106,False,19.01,28.4,16357,71,0,0,0,0,0,53908,,,,13.930138602748915,0.8547150854435763,6.765397865291317,38.96711856509944,38.498422743697716,94.32648683732587,0.1201806629151786,71,0.3684666065118076,124.69406859327613,33.29265497415453,40.854660583991325,-8.893096942843028,2.802718029952674,29.709162527607912,,0.4018962383272513,32.94941282865177,0.07938032134714154,0.01428894593800159,True,True,False,False,False,False,False,False,lift,False,,
B-60ml-f0.50-p+19.8-above-y201-x-2.6-y+0.5,B,all,60,0.5,19.8,above,201,-2.6,0.5,25,40.0,29.473137609610237,28.356481481481474,21.973137609610234,False,47.07,28.4,101483,75477,0,0,0,0,0,597,,8.759999999999215,19.60049999999967,13.50286046253322,20.0557025059852,9.568737624339796,43.97464045099989,44.1,99.27760545990755,5.452298466977284,75477,85.64303487934856,0.6421784090726546,0.35637507537830754,22.658458339465774,8.918033747218029,19.07804518074402,27.55152688415456,1.6960302230607986,1.729817044710793,38.16611092701118,3.1945284701302396e-05,-0.0015696605914152474,True,True,False,True,True,True,False,False,lift,False,0.024686369151168716,
B-60ml-f0.25-p-15.1-diagonal-y98-x+5.7-y+0.8,B,all,60,0.25,-15.1,diagonal,98,5.7,0.8,25,40.0,14.736568804805119,14.178240740740737,7.236568804805119,False,42.17,28.4,48668,0,1902,0,2789,0,0,0,0.902499999999956,,,29.97159074990104,26.23247787253925,27.511663719787922,69.43125905477851,44.1,75.78046789546345,-0.19348278908040695,0,0.007262470800044873,167.97427275654195,31.8583476920061,44.434174007107195,-7.582334810847691,30.06058760798176,38.09573195862473,,0.20007781187194817,24.924014842334532,0.3717837369047229,0.11003214969314791,False,False,False,False,False,False,False,False,table,False,,
B-60ml-f0.25-p-19.3-diagonal-y282-x-4.8-y+2.8,B,all,60,0.25,-19.3,diagonal,282,-4.8,2.8,25,40.0,14.736568804805119,14.178240740740737,7.236568804805119,False,49.18,28.4,114296,0,6662,0,3096,0,0,0,0.7599999999999717,,,26.47907914164906,17.095960529009616,37.71656351050892,79.1454470126732,44.1,65.16907845873979,-0.2003310659240004,0,0.002599954271270702,166.27776691154742,15.72028724518941,64.99920632742622,-42.23563642435424,14.647276215285723,43.80891898614922,,0.2000941481394456,28.23215372350014,0.30863261917867907,0.0892527107046713,False,False,False,False,False,False,False,False,table,False,,
B-50ml-f0.25-p+0.7-diagonal-y118-x-1.5-y-0.2,B,all,50,0.25,0.7,diagonal,118,-1.5,-0.2,25,37.64144115524114,13.984229076838627,11.769942152291096,11.93839640534348,False,43.28,28.4,34857,39,0,0,0,0,0,58323,,,,15.65477554830505,1.1142920358944504,6.765406855274249,38.65859438694902,38.498422743697716,93.74770748738602,-0.1979133223339452,39,0.0081674433086872,125.78001489691293,32.804795500160886,27.592310494178403,-11.133375755783284,0.25670037072746893,44.44359808937175,,0.2000943163398677,32.42169878967539,5.533085616490783e-06,-0.0015521046190466053,True,True,False,False,False,False,False,False,lift,False,,
B-60ml-f0.50-p+17.8-above-y14-x+2.7-y+5.5,B,all,60,0.5,17.8,above,14,2.7,5.5,25,40.0,29.473137609610237,28.356481481481474,21.973137609610234,False,23.61,28.4,108106,76569,0,0,0,0,0,0,,9.251499999999815,19.60049999999967,9.90334226289269,13.876195865052233,9.567735898441205,43.74853908869244,44.1,99.64081379707254,4.6506635983875615,76569,81.07121413491527,0.7682585151285297,5.5905720779450645,20.87227128424266,9.627767367484358,12.499872158217395,29.786400599412953,0.7647432114912041,0.7669585330329015,10.97838577417397,1.046124428531378,0.29668522553961213,True,True,False,True,True,True,True,False,lift,False,0.2671708142134864,
B-50ml-f0.25-p+15.1-above-y351-x+0.1-y-5.1,B,all,50,0.25,15.1,above,351,0.1,-5.1,25,37.64144115524114,13.984229076838627,11.769942152291096,11.93839640534348,False,56.74,28.4,111280,77623,0,0,0,0,0,462,,8.643499999999072,19.60049999999967,9.506037800656246,14.206799310225376,9.56780416190501,38.34994052070795,38.498422743697716,99.33416690580582,5.348955901468791,77623,85.00765609029638,0.05723050191406497,1.4422030236767074,6.407312783415046,9.32748564158968,13.364909385232348,40.51158801614978,0.12438419228234525,0.37035272513430173,35.25075522701338,0.7579392859465435,0.21361975052140475,True,True,False,True,True,True,True,False,lift,False,0.06909481917282598,
B-50ml-f0.50-p-5.9-diagonal-y48-x-0.0-y+5.0,B,all,50,0.5,-5.9,diagonal,48,-0.0,5.0,25,37.64144115524114,27.968458153677254,23.53988430458219,25.922625482182106,False,46.52,28.4,84782,556,4651,0,1235,0,0,0,1.174999999999926,,,74.67070817186682,66.78743069937849,30.953063655577996,47.87343998631743,38.498422743697716,90.53403100946068,0.08573830531265203,556,0.28613376782026695,145.67682297947113,6.764515436590834,89.2786768933939,-14.867545545532698,68.94914996259739,-13.291121239046154,,0.7793845877206004,48.73673218751513,90.00030725964639,19.05285679983621,False,False,False,False,False,False,False,False,table,False,,
B-100ml-f0.25-p+1.1-side-y176-x-2.3-y+5.5,B,all,100,0.25,1.1,side,176,-2.3,5.5,28,47.4252440598675,17.11302445521971,23.854068355803715,-5.697852433223887,False,49.81,28.4,54510,3483,5616,0,0,0,0,30739,,,,47.096431799014056,36.48328892773844,13.019698542726436,58.099758373043905,59.874954642185315,98.70739586156239,-0.19698868783113443,3483,0.006409999553883941,128.01365247888089,28.81072413659873,72.90197476209356,-38.743485150871045,24.006875703142946,49.52621477809256,,0.1999848430904049,50.834242656952206,1.0796693852908026,0.4019415278275858,True,True,False,False,False,False,False,False,lift,False,,
B-60ml-f0.80-p-17.5-above-y16-x-3.3-y+1.8,B,all,60,0.8,-17.5,above,16,-3.3,1.8,25,40.0,47.15702017537638,45.37037037037036,39.65702017537638,False,27.25,28.4,55824,0,0,0,2909,0,0,44769,0.9799999999999475,,,1.1089015768584807,0.9618025514964705,33.68122037510677,64.9797886741496,44.1,72.08456807391073,-0.18930130252281518,0,0.007228758254287434,126.41309252770397,32.52255576928705,59.21768385146121,-21.348750837474313,22.687251471126057,8.56812216642791,,0.20007144988344355,2.5204185338383076,0.2308361865491037,0.06255181972914187,False,False,False,False,False,False,False,True,table,False,,
B-50ml-f0.80-p+8.7-diagonal-y238-x-3.3-y+4.0,B,all,50,0.8,8.7,diagonal,238,-3.3,4.0,25,37.64144115524114,44.7495330458836,37.6638148873315,42.703700374388454,False,72.6,28.4,34604,1119,0,0,0,0,0,42928,,,,283.08925807758885,82.68200182216371,6.765407021400192,40.98655730183162,38.498422743697716,94.92966501686543,-1.427911895256706,1119,1.3512589227832759,120.38661512121294,34.200908493107235,46.958354937732885,7.008653989032027,37.946064333990236,0.6007782470176353,,1.737437133479503,551.7287865767476,90.0006237448245,19.088536491948926,True,True,False,False,False,False,False,False,lift,False,,
B-60ml-f0.50-p+9.2-above-y158-x-3.5-y+2.5,B,all,60,0.5,9.2,above,158,-3.5,2.5,25,40.0,29.473137609610237,28.356481481481474,21.973137609610234,False,143.56,28.4,44640,3865,0,0,0,0,0,41443,,,,156.57580116734056,91.01184350848438,9.567740274531978,44.70724077385514,44.1,100.1352941065279,-0.20142288141922204,3865,0.0014900845655445893,124.21234863063226,35.61171649674863,41.03319259141657,10.42429968861526,40.98922546738453,18.13564290387237,,0.011941147869042717,130.0909751254033,90.00004011839201,19.998840410335937,True,True,False,False,False,False,False,False,lift,False,,
B-50ml-f0.80-p-14.5-diagonal-y185-x+2.8-y-4.2,B,all,50,0.8,-14.5,diagonal,185,2.8,-4.2,25,37.64144115524114,44.7495330458836,37.6638148873315,42.703700374388454,False,14.64,28.4,48450,0,0,0,2916,0,0,0,0.8424999999999626,,,60.417378888382764,68.65985921247041,31.67913801943137,66.0909121336199,38.498422743697716,71.36136839486537,1.47706930558536,0,0.3388767621276983,177.33309514812808,27.462013707563994,59.43945364948678,-21.945785992578433,24.796602833826952,5.961020695593447,,2.0992087830927972,21.943066406269168,90.00016236484306,18.819677242272174,False,False,False,False,False,False,False,False,table,False,,
B-50ml-f0.25-p-6.2-diagonal-y152-x+4.7-y-3.4,B,all,50,0.25,-6.2,diagonal,152,4.7,-3.4,25,37.64144115524114,13.984229076838627,11.769942152291096,11.93839640534348,False,41.37,28.4,52583,1096,2822,0,2267,0,0,0,1.1599999999999278,17.084500000005534,19.60049999999967,94.08079849321894,97.95181776356235,12.331853864255876,48.595414804947154,38.498422743697716,89.37779953175445,-0.20321950483268014,1096,0.006231793237420742,147.4307643195455,19.56036441533423,93.24186904293724,18.35018039498956,89.10050771247593,-1029.8420217340135,4.326510539504664,4.338063463859214,90.76013343461429,90.00061546752049,18.881203011343754,False,False,False,False,False,False,False,False,table,False,1.9937366493892186,
B-100ml-f0.80-p-13.5-side-y291-x+2.8-y+0.6,B,all,100,0.8,-13.5,side,291,2.8,0.6,28,47.4252440598675,54.761678256703064,76.3330187385719,31.950801368259466,False,76.07,28.4,77241,1232,4741,0,3498,0,0,0,0.0025,,,42.98799847911643,39.88661915054568,19.063743084700913,68.51611690509519,59.874954642185315,90.75470683145045,-0.18442485151264065,1232,0.004544779718453474,145.04087081818716,15.49418379242671,94.55705014898876,-35.21120368119809,25.618256919154657,11.141381722820572,,0.18451373940741797,29.89960588813038,9.244397870559267,3.4596576115703304,False,False,False,False,False,False,False,False,table,False,,
B-100ml-f0.25-p-9.6-diagonal-y145-x-3.7-y-2.2,B,all,100,0.25,-9.6,diagonal,145,-3.7,-2.2,28,47.4252440598675,17.11302445521971,23.854068355803715,-5.697852433223887,False,68.98,28.4,70151,29340,8610,0,1628,0,0,20224,1.4699999999998936,7.997499999998287,,32.45636974137382,16.966831085290824,6.764871641920952,60.44335234492085,59.874954642185315,98.07216179464578,8.375566898633807,29340,94.32631298410763,7.325411134888082,9.861613365915886,113.13008935087402,-92.0517026575986,5.273629276212688,57.13984654919161,,16.225095348411784,14.014835709686842,0.7216483121838653,0.2645705003503951,False,True,False,True,False,False,False,False,table,False,0.7881833035703474,
B-60ml-f0.25-p-5.7-above-y234-x+2.7-y+3.4,B,all,60,0.25,-5.7,above,234,2.7,3.4,25,40.0,14.736568804805119,14.178240740740737,7.236568804805119,False,43.32,28.4,98176,78365,0,0,2007,0,0,0,1.3549999999999063,7.961999999998307,20.12849999999844,5.535940383481699,6.863134636722788,9.563109118645066,49.617781966984616,44.1,93.82679763975345,7.036506788708305,78365,82.45893198068599,3.622795380121397,2.651958685980018,13.129734265988771,4.412383438168716,7.352073786036377,46.190948147140595,1.8348217418627082,1.863313389524009,7.442212059197353,2.9457695553657546,0.9205660338435098,False,False,False,True,True,True,False,True,table,False,0.34073453226360145,
B-50ml-f0.80-p+11.5-diagonal-y202-x+2.6-y-0.9,B,all,50,0.8,11.5,diagonal,202,2.6,-0.9,25,37.64144115524114,44.7495330458836,37.6638148873315,42.703700374388454,False,26.86,28.4,115469,77166,0,0,0,0,0,0,,9.302499999999878,19.60049999999967,5.030211347005085,7.9681972238823855,6.765405717151881,38.48412455915081,38.498422743697716,99.18017020430949,3.835066890504002,77166,80.40543664404453,1.1602724482990598,2.9870101990835383,36.876918157778874,9.783469975762932,7.0203209490393945,11.67667764708305,-0.02552748342665657,0.18418783578364853,5.02204977131523,0.12084859238339414,0.026470257653903113,True,True,False,True,True,True,True,True,lift,False,0.0982465457504335,
B-50ml-f0.25-p-8.6-diagonal-y359-x-5.9-y+0.4,B,all,50,0.25,-8.6,diagonal,359,-5.9,0.4,25,37.64144115524114,13.984229076838627,11.769942152291096,11.93839640534348,False,109.57,28.4,64239,344,2858,0,2467,0,0,0,1.0599999999999388,,,74.98501204149063,51.08033327528467,17.401957546280617,54.44959076685658,38.498422743697716,83.66965875701443,-0.20075969683988615,344,0.003909346764867628,147.68134327898005,25.356045872495006,84.27468446785991,-20.429085501126266,53.19483554915738,21.975631607258368,,0.2093285371099432,64.62685100962341,90.0005806592707,18.846131434740617,False,False,False,False,False,False,False,False,table,False,,
B-60ml-f0.80-p+9.3-above-y225-x+4.7-y-0.0,B,all,60,0.8,9.3,above,225,4.7,-0.0,25,40.0,47.15702017537638,45.37037037037036,39.65702017537638,False,29.87,28.4,106837,76444,0,0,0,0,0,0,,9.275999999999845,19.60049999999967,2.1935992117531575,2.9245424035431333,9.56774025591136,44.08674317524913,44.1,99.16080435735681,4.391135873644355,76444,77.18818327657424,0.7630485717699421,5.474155564518119,39.69401047177889,9.717072200329358,2.47931958757693,15.313592078127517,2.464387167170944,2.47189265960581,2.0187899604811275,0.40471936280045484,0.11998428582791396,True,True,True,True,True,True,False,True,recap,False,0.15692403787978104,
B-60ml-f0.50-p+6.7-diagonal-y237-x-2.9-y+2.1,B,all,60,0.5,6.7,diagonal,237,-2.9,2.1,25,40.0,29.473137609610237,28.356481481481474,21.973137609610234,False,80.08,28.4,58091,3085,0,0,0,0,0,40886,,,,107.96923550642582,90.15812046019852,6.765044366160329,40.128682208291146,44.1,102.57363488045371,2.9066557902645282,3085,0.5634773297765575,123.87693566070428,35.16776097874523,40.97774298400891,9.527573873092138,42.6595468371632,17.1904554965006,,1.0997850783763015,100.64144625303544,90.00008073438342,20.313544823442356,True,True,False,False,False,False,False,False,lift,False,,
B-60ml-f0.25-p-15.4-side-y290-x+5.3-y-3.1,B,all,60,0.25,-15.4,side,290,5.3,-3.1,25,40.0,14.736568804805119,14.178240740740737,7.236568804805119,False,11.92,28.4,40205,0,1280,0,3973,0,0,0,0.0025,,,40.90448464613882,36.450616878747425,56.16212848576724,68.69222568757037,44.1,74.88060003696006,1.2118903910703778,0,0.21364570189336163,171.2847730549646,31.74870297163248,44.061292776055055,-7.52456437881581,29.788094195485645,38.209700516745826,,1.5384596781241688,29.91254602789987,0.8949374299593151,0.2553138739433006,False,False,False,False,False,False,False,False,table,False,,
B-100ml-f0.25-p+4.8-side-y256-x+1.4-y-5.5,B,all,100,0.25,4.8,side,256,1.4,-5.5,28,47.4252440598675,17.11302445521971,23.854068355803715,-5.697852433223887,False,45.32,28.4,78544,79220,0,0,0,0,0,0,,9.331999999999914,19.60049999999967,9.581312725923135,10.025524853313447,9.283522679573323,58.193072850531536,59.874954642185315,101.41312348741482,4.029185257280354,79220,84.31958723442084,1.260197009124008,3.3054792628713265,21.1438573544955,-1.1644411550503357,1.7069115461203799,58.48766759571322,-0.14995669505111922,0.33417346887102867,6.449515166683194,0.02045806227675835,-0.0013521030432551463,True,True,False,True,True,False,True,True,lift,False,0.06419781318014546,
B-60ml-f0.80-p+19.8-side-y245-x+1.0-y+3.3,B,all,60,0.8,19.8,side,245,1.0,3.3,25,40.0,47.15702017537638,45.37037037037036,39.65702017537638,False,23.64,28.4,99823,76148,0,0,0,0,0,982,,8.623999999999048,19.60049999999967,11.327807722701483,16.359463623243805,8.671288392645437,43.90576573632222,44.1,99.34681274919191,5.2072397287105945,76148,82.6699220413263,0.4678140682775504,2.6333587387953026,39.24015684749328,9.287924708867829,15.995335593815534,10.933148697070425,0.11197371469707254,0.32992626689760024,34.25029069296342,7.778248095798993e-06,-0.0015477599620967004,True,True,False,True,True,True,True,False,lift,False,0.061247978108539845,
B-100ml-f0.50-p+10.4-diagonal-y332-x-1.1-y-1.3,B,all,100,0.5,10.4,diagonal,332,-1.1,-1.3,28,47.4252440598675,34.22604891043942,47.70813671160743,11.415172021995819,False,63.01,28.4,71622,28489,5053,0,0,0,0,31590,,8.099999999998408,,48.56861414938522,39.49788533705887,6.765441338480699,59.711251400025034,59.874954642185315,100.6167780530669,7.293167142986167,28489,93.39442298189843,5.696658400881335,11.491962054574701,113.83614691775932,-65.29789593270446,24.401464658667646,32.234672706637426,,598.9072920272158,35.70826239004428,0.13335049771357718,0.04018232982893498,True,True,False,True,False,False,False,False,lift,False,0.8966213572478032,
B-100ml-f0.25-p-14.5-above-y199-x-2.1-y+1.0,B,all,100,0.25,-14.5,above,199,-2.1,1.0,28,47.4252440598675,17.11302445521971,23.854068355803715,-5.697852433223887,False,122.23,28.4,64922,2254,9489,0,2185,0,0,40183,1.257499999999917,,,30.788695730647003,28.602413310026765,12.470654469265448,71.2412318104028,59.874954642185315,81.87267271450153,-0.19630733367553832,2254,0.0061042663586277635,129.0298775090737,23.496802615815476,81.68823794537863,-54.7954339065139,23.102490112656177,49.93129607432666,,0.19999868131515364,25.76963394949055,0.14157751271238986,0.045162157285896856,False,False,False,False,False,False,False,False,table,False,,
B-60ml-f0.25-p-5.7-diagonal-y21-x+1.6-y-1.8,B,all,60,0.25,-5.7,diagonal,21,1.6,-1.8,25,40.0,14.736568804805119,14.178240740740737,7.236568804805119,False,85.59,28.4,50866,3279,4704,0,1975,0,0,0,1.2974999999999126,,,42.57798955214933,50.18083579410002,7.123691068352821,49.75112418724724,44.1,93.71944843568649,-0.19539065782843423,3279,0.010685510274118867,143.7449692145664,15.659108652591899,33.49911982189914,-9.023961433269474,22.523000972297883,41.04911991531803,,0.20006636558625157,16.67842387024349,0.36592550970682863,0.09543508165334524,False,False,False,False,False,False,False,False,table,False,,
B-50ml-f0.80-p-8.1-side-y185-x-0.5-y+1.6,B,all,50,0.8,-8.1,side,185,-0.5,1.6,25,37.64144115524114,44.7495330458836,37.6638148873315,42.703700374388454,False,133.22,28.4,60803,575,3060,0,4027,0,0,0,0.0025,,,17.91390761535443,17.588026914403706,27.207692115661693,52.93160869130106,38.498422743697716,85.5726852388088,-0.20061347822591946,575,0.006141908036115131,156.59613273679068,19.73173085498206,61.911747904655684,-16.507858942261088,5.109250859279605,12.24570285807391,,0.20012891957955203,24.179133440397706,0.43701479513268826,0.12186228975556998,False,False,False,False,False,False,False,False,table,False,,
B-60ml-f0.50-p-9.2-side-y340-x-5.8-y+0.4,B,all,60,0.5,-9.2,side,340,-5.8,0.4,25,40.0,29.473137609610237,28.356481481481474,21.973137609610234,False,37.12,28.4,67265,2204,754,0,3910,0,0,0,0.0025,,,18.382245806153787,18.658038407780484,23.44887482907173,56.91387393239947,44.1,86.57730463854719,-0.19959274863692866,2204,0.009811746239806032,141.6350814474785,10.848085444909747,37.9205114020197,-1.8980359198759316,19.908345075425565,27.257987968409296,,0.2000477766756867,25.267981583476296,0.38265368497041474,0.10581271329231617,False,False,False,False,False,False,False,False,table,False,,
B-60ml-f0.25-p+13.6-above-y89-x-5.7-y+3.7,B,all,60,0.25,13.6,above,89,-5.7,3.7,25,40.0,14.736568804805119,14.178240740740737,7.236568804805119,False,60.94,28.4,45343,3430,0,0,0,0,0,37014,,,,102.05944634150465,92.85787987520735,9.567736860406267,46.43948442168705,44.1,100.55607817876225,2.223929778682465,3430,0.9117446719410116,123.59751945868608,41.44183676994288,30.100898386464046,17.30064660872163,46.016637907859966,29.863050353579364,,0.06683514098830377,59.423814443627535,90.00016604417537,19.998931473562177,True,True,False,False,False,False,False,False,lift,False,,
B-50ml-f0.80-p-18.3-above-y123-x-5.9-y+2.7,B,all,50,0.8,-18.3,above,123,-5.9,2.7,25,37.64144115524114,44.7495330458836,37.6638148873315,42.703700374388454,False,9.56,28.4,9178,0,0,0,1738,0,0,3602,0.902499999999956,,,1.6764154586808697,5.194576136745835,65.00357684230394,72.08896414047457,38.498422743697716,0.8635234689309932,1.389492786334587,0,0.18701596347469326,195.9495194133809,6.05622795388132,137.31254803307604,-90.2132089069378,0.07531370226691814,13.731694893569639,,3.67224330798978,115.27470638163136,90.00043607806715,18.946727147457896,False,False,False,False,False,False,False,False,table,False,,
B-100ml-f0.25-p-1.8-diagonal-y43-x-1.8-y-5.4,B,all,100,0.25,-1.8,diagonal,43,-1.8,-5.4,28,47.4252440598675,17.11302445521971,23.854068355803715,-5.697852433223887,False,45.31,28.4,81261,23007,9862,0,0,0,0,22070,,7.425499999998604,,40.248750293548625,33.38896350330798,6.765417045821474,57.978519355054,59.874954642185315,101.15978990052781,11.560367279555825,23007,91.41207793757243,10.139149951450005,14.80357481886001,107.80892552830096,-85.29737689261435,25.54773408180327,48.82266151195339,,15.553051636478994,32.79666127728271,3.103792462424239,1.1586331589614398,True,True,False,True,False,False,False,False,lift,False,0.42671376319238347,
B-100ml-f0.25-p+3.4-above-y203-x+5.4-y-1.6,B,all,100,0.25,3.4,above,203,5.4,-1.6,28,47.4252440598675,17.11302445521971,23.854068355803715,-5.697852433223887,False,24.25,28.4,85502,77873,0,0,0,0,0,0,,9.234499999999795,19.60049999999967,4.790671510325575,4.608344683734742,9.56774469681404,59.340810836357065,59.874954642185315,99.73098532785802,5.333586499251322,77873,77.20892709216992,0.6944561699687002,10.683319602377635,23.78219085256363,-2.8815030211717523,4.363598430426849,57.484791544000906,4.987463548117671,4.991157745055797,5.005759137586924,0.49289304487543456,0.17924856112854987,True,True,False,True,True,False,False,True,lift,False,0.05919656479624131,
B-60ml-f0.80-p-1.2-above-y278-x+0.8-y-2.9,B,all,60,0.8,-1.2,above,278,0.8,-2.9,25,40.0,47.15702017537638,45.37037037037036,39.65702017537638,False,50.59,28.4,78265,79631,0,0,0,0,0,0,,7.75799999999842,20.963499999996493,1.0351441138802866,1.3760038809268533,9.567746747213599,43.64548956247649,44.1,99.41987113112405,7.501250494503522,79631,88.33811931461089,2.2235026694796334,0.5729043886649242,39.65421253491976,10.017129091710292,2.1715602870465696,15.410437190048569,3.0688031664473296,3.08373042032784,2.852029205274189,0.08675019403107082,0.017969737422828647,True,True,True,True,True,True,False,True,recap,False,-0.2419507904742604,
B-60ml-f0.80-p+4.6-above-y324-x-1.7-y+5.8,B,all,60,0.8,4.6,above,324,-1.7,5.8,25,40.0,47.15702017537638,45.37037037037036,39.65702017537638,False,15.93,28.4,54424,718,0,0,0,0,0,38455,,,,30.997921246713034,17.95065281824225,9.570036543210223,42.39669748828644,44.1,99.28592965631394,-0.039807213743581205,718,0.3107000303169808,130.72590239779137,32.34659692202254,66.243734132185,-13.922370549644153,4.6286343472348985,14.635679867242592,,0.31805846685486916,38.80632143494146,0.1870715487111452,0.04951904403451472,True,True,False,False,False,False,False,False,lift,False,,
B-60ml-f0.50-p+6.9-side-y85-x-1.7-y+2.8,B,all,60,0.5,6.9,side,85,-1.7,2.8,25,40.0,29.473137609610237,28.356481481481474,21.973137609610234,False,65.63,28.4,48366,3513,0,0,0,0,0,49267,,,,111.95704585257022,88.66022068259633,9.521683890190994,44.8557194510007,44.1,99.8168757036834,-0.19205426451138208,3513,0.004957680286745937,125.46654806172536,35.33275023990419,40.87202456786078,9.329687629755654,42.151887161957255,17.482980616993395,,0.8827120161647725,136.6177530763292,90.00009496677045,20.075526677146247,True,True,False,False,False,False,False,False,lift,False,,
B-100ml-f0.80-p+1.3-side-y59-x+4.4-y-4.2,B,all,100,0.8,1.3,side,59,4.4,-4.2,28,47.4252440598675,54.761678256703064,76.3330187385719,31.950801368259466,False,33.76,28.4,48219,78380,0,0,0,0,0,0,,9.281999999999853,19.60049999999967,10.922016568672536,10.571134970140342,8.201140530098128,58.477775867479885,59.874954642185315,100.73779348963622,4.851226648376186,78380,79.06368590100237,1.3985424344288924,6.8077416901876555,46.36120222090313,11.978706147964008,5.641211949927052,19.351584284775274,0.12695126660194264,0.29021693674570614,6.630165995163136,0.260160087248567,0.0877036476408933,True,True,False,True,True,True,True,True,lift,False,0.07413175480624724,
B-60ml-f0.25-p+1.2-above-y237-x-4.1-y-4.7,B,all,60,0.25,1.2,above,237,-4.1,-4.7,25,40.0,14.736568804805119,14.178240740740737,7.236568804805119,False,34.69,28.4,42262,1761,0,0,0,0,0,37217,,,,102.09378421797416,89.3981740427228,9.561986372269098,42.792706717668885,44.1,97.81574626930627,1.8679464619472952,1761,0.5989935968912542,121.63988213277288,40.37170091778708,27.866848115953314,5.910538895480571,36.10094275902152,35.387151760565544,,0.45615862606330876,40.71691011909597,90.00016723164266,19.998932180799848,True,True,False,False,False,False,False,False,lift,False,,
B-60ml-f0.50-p-19.6-side-y192-x+3.7-y+5.8,B,all,60,0.5,-19.6,side,192,3.7,5.8,25,40.0,29.473137609610237,28.356481481481474,21.973137609610234,False,104.86,28.4,27292,0,1771,0,4118,8,0,0,0.0025,,,20.612628566818355,14.291940166090846,78.1660442039597,79.04214139692031,44.1,65.57398519626278,-0.19992820361067198,0,0.007404673793158939,174.77352852003025,23.84332801936491,61.73628290548351,-23.033764191714045,14.270212958451502,29.198684481765206,,0.20003609989966198,12.849819027407882,2.268016769326414,0.7070464639428455,False,False,False,False,False,False,False,False,table,False,,
B-50ml-f0.80-p+8.1-diagonal-y138-x-0.4-y-5.6,B,all,50,0.8,8.1,diagonal,138,-0.4,-5.6,25,37.64144115524114,44.7495330458836,37.6638148873315,42.703700374388454,False,35.67,28.4,114287,76971,0,0,0,0,0,64,,8.743999999999195,19.60049999999967,4.697443771963698,7.553442167094948,6.765407337311627,38.17699458496036,38.498422743697716,99.49437929018815,5.213938438482502,76971,85.53409778160062,0.20923613797386179,0.435675685391183,36.97184353640622,10.012874559259032,6.60711035971028,11.800064268205857,0.9653970286498509,1.0233111374988932,20.87298058494207,1.0541547140713217,0.30455668499990074,True,True,False,True,True,True,True,False,lift,False,0.23733558813798802,
B-100ml-f0.50-p-7.1-side-y216-x+5.8-y-6.0,B,all,100,0.5,-7.1,side,216,5.8,-6.0,28,47.4252440598675,34.22604891043942,47.70813671160743,11.415172021995819,False,51.68,28.4,56621,75951,0,0,0,0,0,0,,9.28799999999986,19.60049999999967,19.351805951182097,18.480112733479487,7.740448241021033,57.9181751302791,59.874954642185315,101.37655632498216,4.785664539365062,75951,74.88867398676007,1.0362532542794132,12.193387232818017,27.932546489170484,12.256972976861235,15.9817025516349,35.84129573329481,5.546652615316274,5.553201450053317,17.964159587724968,0.019315613943251576,-0.0023006532830731462,True,True,False,True,True,False,False,False,lift,False,-0.02312263166266035,
B-100ml-f0.25-p+18.3-above-y159-x-5.2-y-0.9,B,all,100,0.25,18.3,above,159,-5.2,-0.9,28,47.4252440598675,17.11302445521971,23.854068355803715,-5.697852433223887,False,26.27,28.4,53314,3085,5535,0,0,0,0,29798,,,,58.469136585520374,46.42067564658186,9.567735382536108,59.097998952382106,59.874954642185315,102.5089424272156,2.500885648695328,3085,0.3094537510716446,126.57393944076118,28.79695971860484,72.8983289203098,-23.972120973254754,38.92107038200684,41.71713294792195,,0.7427199268684326,147.24102080847567,90.00001753262255,24.09544165871173,True,True,False,False,False,False,False,False,lift,False,,
B-50ml-f0.80-p-12.2-side-y226-x-0.0-y+2.8,B,all,50,0.8,-12.2,side,226,-0.0,2.8,25,37.64144115524114,44.7495330458836,37.6638148873315,42.703700374388454,False,33.07,28.4,41050,0,591,0,3998,0,0,0,0.0025,,,7.038621966454485,6.998959150351489,40.51184678475947,61.68249814732982,38.498422743697716,77.20334856479103,-0.19376380204309818,0,0.007911673255308338,161.74400422799425,20.243785050571816,62.97504157945574,-13.344117265788991,7.542359376655898,11.520479206857605,,0.20009640436697662,22.169339228565136,0.5791671662079899,0.1594400169537621,False,False,False,False,False,False,False,False,table,False,,
B-60ml-f0.80-p+10.5-diagonal-y186-x-1.4-y+4.0,B,all,60,0.8,10.5,diagonal,186,-1.4,4.0,25,40.0,47.15702017537638,45.37037037037036,39.65702017537638,False,82.93,28.4,58184,3111,0,0,0,0,0,47666,,,,42.75163479761969,42.63023713505189,8.676282206134834,43.151810862183,44.1,100.0464542443312,0.5902810259884456,3111,0.3197710437423631,123.43954999570849,33.20932879447836,56.69277180341461,3.3522530901334835,34.82170303938662,3.572539513107662,,4.266468258292233,34.18320565483917,90.00003511297066,19.998839210150344,True,True,False,False,False,False,False,False,lift,False,,
B-60ml-f0.50-p-9.9-side-y219-x-4.9-y-5.6,B,all,60,0.5,-9.9,side,219,-4.9,-5.6,25,40.0,29.473137609610237,28.356481481481474,21.973137609610234,False,36.66,28.4,89395,483,7449,0,3977,0,0,0,0.0025,,,12.90070925414387,9.837017183729952,20.56128829188888,56.54259564882734,44.1,87.12309043516747,-0.20007084079284865,483,0.0037187226651797965,147.64586304715118,13.310652102803392,57.6259050955875,-25.544416292135885,0.4641420647260005,33.631044670630104,,0.20009336399171843,12.65952693433663,0.14003301874032495,0.03469018516739332,False,False,False,False,False,False,False,False,table,False,,
B-50ml-f0.25-p-15.0-above-y328-x+2.5-y+2.6,B,all,50,0.25,-15.0,above,328,2.5,2.6,25,37.64144115524114,13.984229076838627,11.769942152291096,11.93839640534348,False,14.06,28.4,3743,0,0,0,2846,0,0,43,0.9824999999999472,,,8.468446586588966,27.356910304043172,33.33324398931858,70.32202538699751,38.498422743697716,2.2904624132908853,-0.1880222038784518,0,0.006306456559182865,195.52991035645678,16.523628794523116,105.97772568034397,-88.80033662074067,9.400584051613663,41.726533218632355,,0.47201523728009576,24.141673150000862,90.00029625417528,18.819729314642874,False,False,False,False,False,False,False,False,table,False,,
B-50ml-f0.80-p+15.7-side-y67-x+3.1-y-1.0,B,all,50,0.8,15.7,side,67,3.1,-1.0,25,37.64144115524114,44.7495330458836,37.6638148873315,42.703700374388454,False,47.19,28.4,88611,76652,0,0,0,0,0,0,,8.606499999999027,19.60049999999967,6.482646561417103,10.72666843163279,8.807139696581222,38.49119141489367,38.498422743697716,99.15224026234553,5.377529123331337,76652,80.56965253619732,0.7008652957851398,3.9969519512969462,36.658833356413496,9.56286046898261,10.27515455830401,10.696007293784861,1.929940387988204,1.9344429961098726,6.646241728664761,0.9244194697122436,0.24042327850151093,True,True,False,True,True,True,False,True,lift,False,0.09520315155016441,
B-100ml-f0.80-p-8.9-above-y143-x+5.1-y-4.4,B,all,100,0.8,-8.9,above,143,5.1,-4.4,28,47.4252440598675,54.761678256703064,76.3330187385719,31.950801368259466,False,28.32,28.4,50174,78356,0,0,1254,0,0,0,1.5874999999998807,9.278499999999848,19.60049999999967,13.808237533203505,13.202494468558475,9.567695320659375,58.9728040720531,59.874954642185315,100.5702487483225,4.928950405195934,78356,76.41882725406367,0.6880805957209424,7.634163119431699,47.94079629843901,11.568420488346998,16.73094534363662,14.999383119128726,4.123640011587851,4.124749387384453,12.60941987237973,0.8391710352074315,0.3105342273149382,False,True,False,True,True,True,False,False,table,False,0.08081447444540533,
B-50ml-f0.80-p+14.6-side-y2-x-3.7-y-4.7,B,all,50,0.8,14.6,side,2,-3.7,-4.7,25,37.64144115524114,44.7495330458836,37.6638148873315,42.703700374388454,False,31.38,28.4,94595,70443,0,0,0,0,0,17389,,8.794499999999257,19.60049999999967,49.2654678492105,43.71897638816207,9.561875198458997,36.9121283438818,38.498422743697716,100.75252398654713,5.172546449738135,70443,87.90963418077531,0.9016176112519974,0.8677868675832283,36.07554352641578,10.897897076396685,14.341705971055761,9.441217160572217,17.252703011146757,17.25620635891357,38.26480086593691,1.4559850718322394,0.41824813285373064,True,True,False,True,True,True,False,False,lift,False,0.03204754485743845,
B-100ml-f0.50-p-10.5-diagonal-y162-x+0.1-y+3.7,B,all,100,0.5,-10.5,diagonal,162,0.1,3.7,28,47.4252440598675,34.22604891043942,47.70813671160743,11.415172021995819,False,56.01,28.4,50834,68892,0,0,1800,0,0,0,1.3924999999999021,8.120999999998434,,32.79650378442533,26.534099247704614,6.763365265854151,62.08455025952025,59.874954642185315,96.96817265293892,6.93279452526252,68892,76.99162451093035,2.3932659943979866,7.8931089303925175,31.5647951903655,7.580146326926246,15.972734445023645,35.84494770650522,,13.574514141118215,11.247849043345864,1.6232636093236381,0.5934584832924856,False,True,False,True,True,True,False,False,table,False,0.21953657874472302,
B-60ml-f0.80-p+15.2-above-y210-x-1.7-y+0.8,B,all,60,0.8,15.2,above,210,-1.7,0.8,25,40.0,47.15702017537638,45.37037037037036,39.65702017537638,False,50.66,28.4,58457,2711,0,0,0,0,0,79493,,,,42.92652728559297,46.348644396176866,9.56773468981801,43.80815169382655,44.1,99.26408348638255,1.051629807139437,2711,0.5732927539865379,122.99163582120491,33.16763322985352,54.12761147212433,5.855529241498624,38.02018573291556,2.0196232814473167,,0.33780680432365706,39.84787902890965,90.00010484968084,19.99890359460558,True,True,False,False,False,False,False,False,lift,False,,
B-100ml-f0.80-p-12.9-diagonal-y12-x+3.1-y+3.8,B,all,100,0.8,-12.9,diagonal,12,3.1,3.8,28,47.4252440598675,54.761678256703064,76.3330187385719,31.950801368259466,False,18.69,28.4,45777,1641,6929,0,2044,0,0,0,1.2524999999999176,,,45.63682615738271,41.460402432097474,9.349140859783777,66.49096487150386,59.874954642185315,92.79734877887827,0.10928620156984425,1641,0.131000816167704,145.19786443209054,14.61572205334976,95.77790076965283,-34.898158495654194,37.28923367327625,5.060573057137807,,0.463575415538593,35.50241244674388,4.714291935662951,1.766224691036653,False,False,False,False,False,False,False,False,table,False,,
B-100ml-f0.50-p+18.0-side-y288-x+3.8-y-5.0,B,all,100,0.5,18.0,side,288,3.8,-5.0,28,47.4252440598675,34.22604891043942,47.70813671160743,11.415172021995819,False,24.27,28.4,51633,63354,0,0,0,0,0,0,,9.27999999999985,,17.619964867661555,16.448214031543703,9.099451911376947,58.26070306388365,59.874954642185315,101.62090275218107,4.845662446850821,63354,78.3776430857083,2.809768656861916,8.737349980576386,24.652526184499756,10.738616451282212,10.483222391322135,38.02711293741412,,16.320354521363935,12.020460717216487,4.032975986554777,1.5121306918646733,True,True,False,True,True,True,False,False,lift,False,0.07262793717698399,
B-100ml-f0.80-p+11.9-diagonal-y138-x-0.8-y-2.3,B,all,100,0.8,11.9,diagonal,138,-0.8,-2.3,28,47.4252440598675,54.761678256703064,76.3330187385719,31.950801368259466,False,85.41,28.4,52261,2103,2772,0,0,0,0,17043,,,,72.13657318149357,61.40233904296261,7.432665571312915,58.83695113965544,59.874954642185315,101.23446462974294,-0.1994664323957257,2103,0.005023729456025964,131.41109578412352,24.37732546497273,81.76065434651217,-10.369415352457972,32.52652416957214,7.729729181353062,,0.48389290793642603,48.33362750455486,89.99995593951814,23.945720414535632,True,True,False,False,False,False,False,False,lift,False,,
B-60ml-f0.50-p-12.4-side-y285-x+4.1-y+3.0,B,all,60,0.5,-12.4,side,285,4.1,3.0,25,40.0,29.473137609610237,28.356481481481474,21.973137609610234,False,82.12,28.4,38462,0,4350,0,4112,0,0,0,0.0025,,,30.660083583852977,27.861211994147403,28.77985912919187,61.8474668969578,44.1,82.04272827756222,-0.19028499964562906,0,0.008730936484748677,162.69296001793833,27.83679321290982,57.597294014473526,-9.61771149391176,27.93078142273378,24.233968207215643,,0.20001175813335073,40.26592013945445,2.159818369834396,0.6736784869961971,False,False,False,False,False,False,False,False,table,False,,
B-100ml-f0.50-p-18.3-above-y113-x+4.9-y+5.8,B,all,100,0.5,-18.3,above,113,4.9,5.8,28,47.4252440598675,34.22604891043942,47.70813671160743,11.415172021995819,False,40.14,28.4,70418,294,1501,0,2515,0,0,33,1.13999999999993,,,39.82891883971525,32.53646374900234,19.793227501670028,77.70200664549365,59.874954642185315,81.5521539498406,0.16200323402534855,294,0.29126846494936115,147.78665018672976,13.733018293524124,62.7012640230281,-14.524122740603815,31.622417640413115,28.73928808040517,,0.42964765474979366,23.240583289225306,0.5849374005252631,0.20674031028785828,False,False,False,False,False,False,False,False,table,False,,
B-100ml-f0.80-p+11.1-diagonal-y220-x-5.2-y+5.2,B,all,100,0.8,11.1,diagonal,220,-5.2,5.2,28,47.4252440598675,54.761678256703064,76.3330187385719,31.950801368259466,False,93.95,28.4,53375,3714,4654,0,0,0,0,33600,,,,50.31397841397191,39.93780242875864,10.683701118545736,58.19021596578087,59.874954642185315,102.67557477796475,0.5481188222822841,3714,0.4525845338072091,127.9340393846307,23.043915269267973,81.65600007199885,-9.371875342733455,35.89760368863933,5.873182326533715,,0.8114607601523167,37.25115387113441,89.99994648496761,23.899947955916033,True,True,False,False,False,False,False,False,lift,False,,
B-50ml-f0.50-p-11.9-side-y139-x+3.3-y+1.5,B,all,50,0.5,-11.9,side,139,3.3,1.5,25,37.64144115524114,27.968458153677254,23.53988430458219,25.922625482182106,False,66.67,28.4,38799,0,1747,0,3982,0,0,0,0.0025,,,28.41817794663209,27.8380897249247,36.43600813175196,60.907195710605514,38.498422743697716,77.29296710739422,-0.20069491501097103,0,0.003919697051335627,166.09123348483544,25.04890996816245,51.820084776340956,-11.699386143357222,19.90402125300686,24.427511573286992,,0.20000817040409732,35.007327808058946,0.9996264733947563,0.2658996299671708,False,False,False,False,False,False,False,False,table,False,,
B-100ml-f0.50-p+19.9-above-y272-x-0.6-y-4.2,B,all,100,0.5,19.9,above,272,-0.6,-4.2,28,47.4252440598675,34.22604891043942,47.70813671160743,11.415172021995819,False,28.59,28.4,77451,71798,0,0,0,0,0,4887,,8.37199999999874,19.60049999999967,63.24950344228846,43.985411718567214,9.569268066860968,58.4985423713245,59.874954642185315,101.10865962711627,6.880551182282327,71798,90.95432916506863,3.377707519687092,3.335580625493111,25.56958197141136,12.052723301401974,20.497098752713026,33.95600627571303,10.70213927412877,10.750722681387206,42.99900507866562,2.5015848879476024,0.9346147533634845,True,True,False,True,True,True,False,False,lift,False,0.2792209976635155,
B-100ml-f0.80-p+6.1-above-y116-x+3.5-y+3.0,B,all,100,0.8,6.1,above,116,3.5,3.0,28,47.4252440598675,54.761678256703064,76.3330187385719,31.950801368259466,False,19.44,28.4,77932,79374,0,0,0,0,0,0,,8.94499999999944,19.60049999999967,5.947768382684543,6.08829413602426,9.567742780389423,58.91422544028428,59.874954642185315,100.27351975281658,5.564985215520471,79374,80.89412530096854,2.049309444766906,5.686494096415233,46.259724835037076,11.46781038362185,0.017959496245186057,21.474866090546733,3.1653577697434745,3.1647700199121807,3.0355034792375326,4.90455619685548e-06,-0.0015439335673952735,True,True,False,True,True,True,False,True,lift,False,0.29151607929795875,
B-50ml-f0.25-p+5.9-side-y220-x+3.7-y+0.3,B,all,50,0.25,5.9,side,220,3.7,0.3,25,37.64144115524114,13.984229076838627,11.769942152291096,11.93839640534348,False,42.29,28.4,52080,78636,0,0,0,0,0,0,,9.264499999999831,20.622999999997287,1.5691858775840029,2.336478532281642,7.329302375813938,38.448976129379275,38.498422743697716,99.23602985073931,4.490601267958278,78636,78.95270873887289,0.7643532128389847,6.798781159032516,6.640575993350343,9.674112501466645,0.2084877507876597,44.45779213143758,5.6774845234382845,5.678973381592972,0.7876958628028158,1.2074182697257333e-06,-0.001557707199521071,True,True,True,True,True,True,False,True,recap,False,0.18004333447765605,
B-60ml-f0.50-p+0.5-diagonal-y43-x-2.2-y-5.7,B,all,60,0.5,0.5,diagonal,43,-2.2,-5.7,25,40.0,29.473137609610237,28.356481481481474,21.973137609610234,False,30.39,28.4,42945,0,0,0,0,0,0,94248,,,,1.144747530114382,1.0443565369747017,6.765410496847833,41.52636375900191,44.1,81.91606575771745,-0.1946886455902047,0,0.009542659887004526,122.22613561643458,32.28165273844628,38.64274865823171,-7.377077376224339,1.736532039980116,33.23114765470027,,0.2000954668470657,30.105692357136032,0.089353131874097,0.018797297002172527,True,True,False,False,False,False,False,False,lift,False,,
B-50ml-f0.50-p-17.4-above-y44-x-1.8-y-3.9,B,all,50,0.5,-17.4,above,44,-1.8,-3.9,25,37.64144115524114,27.968458153677254,23.53988430458219,25.922625482182106,False,27.41,28.4,2893,0,0,0,2148,0,0,9945,0.9249999999999535,,,4.068254090418461,20.156262342866054,71.64001846168121,77.2204312829029,38.498422743697716,2.2291546060887075,0.0879946069887172,0,0.28444678322262035,200.2019019780606,9.418485378586583,119.26264185592372,-88.53563289827821,10.155039387578922,27.513592416576056,,1.3382190257639117,154.24820748923136,90.00030788269784,19.039431298556554,False,False,False,False,False,False,False,False,table,False,,
B-100ml-f0.25-p+9.2-diagonal-y16-x+0.7-y+2.9,B,all,100,0.25,9.2,diagonal,16,0.7,2.9,28,47.4252440598675,17.11302445521971,23.854068355803715,-5.697852433223887,False,60.63,28.4,107931,80314,0,0,0,0,0,0,,9.290999999999864,19.60049999999967,15.215302475273209,16.155464702265355,6.765406817327582,58.96933282902564,59.874954642185315,100.63432425758705,4.785425201834295,80314,84.66256222944588,1.5544699566724518,3.231418650208498,21.649023443368446,-1.9130484595727832,6.2252340148082155,56.77805669252377,0.2930387401012558,0.4530778554301705,7.633795076201258,0.3342162297817193,0.1060523021589199,True,True,False,True,True,False,True,True,lift,False,0.050454524952375825,
B-50ml-f0.50-p+11.1-diagonal-y101-x-2.9-y+0.3,B,all,50,0.5,11.1,diagonal,101,-2.9,0.3,25,37.64144115524114,27.968458153677254,23.53988430458219,25.922625482182106,False,124.41,28.4,20821,514,0,0,0,0,0,58287,,,,8.923885973149558,4.103243746233918,6.765402885489876,41.55977613657025,38.498422743697716,97.22374290537562,-0.19598037543723523,514,0.005685381014803023,121.60563339451943,32.668045358086395,36.462831247494016,-0.6663134265129517,9.517686276544039,27.70687222432674,,0.20015487603043672,39.593539584624175,3.818191820832846e-06,-0.0015713164324639944,True,True,False,False,False,False,False,False,lift,False,,
B-50ml-f0.50-p-11.9-side-y118-x+2.5-y+3.4,B,all,50,0.5,-11.9,side,118,2.5,3.4,25,37.64144115524114,27.968458153677254,23.53988430458219,25.922625482182106,False,61.26,28.4,31944,0,2500,0,3991,0,0,0,0.0025,,,32.22485334213759,32.535954245004184,36.41464387443003,60.23309051621194,38.498422743697716,78.172817830227,-0.19989625750167772,0,0.004026899131404637,167.56583680278806,24.95704406936077,53.16283686087528,-11.024350759567286,23.57096713930215,23.17571793435917,,0.2000373138776946,40.72417266774871,4.102423865291311,1.2023100717550799,False,False,False,False,False,False,False,False,table,False,,
B-100ml-f0.50-p+16.5-above-y172-x+0.7-y+0.5,B,all,100,0.5,16.5,above,172,0.7,0.5,28,47.4252440598675,34.22604891043942,47.70813671160743,11.415172021995819,False,50.68,28.4,76706,80057,0,0,0,0,0,0,,9.292499999999865,19.60049999999967,13.083057483245247,14.499035131276942,9.567736531274504,59.66101953827318,59.874954642185315,99.5393409439917,4.739829323985672,80057,82.32859094734376,0.5799697507233657,4.118675676838013,26.368407841451887,9.68100700075597,12.437468638804408,37.2612904178506,0.005415759024625124,0.2832482257576475,12.671921310990436,1.735569116867382,0.6483864312367286,True,True,False,True,True,True,True,False,lift,False,0.1864104061155855,
B-100ml-f0.50-p-0.9-above-y193-x-1.2-y+3.4,B,all,100,0.5,-0.9,above,193,-1.2,3.4,28,47.4252440598675,34.22604891043942,47.70813671160743,11.415172021995819,False,37.74,28.4,63555,3485,5748,0,0,0,0,29898,,,,47.0906324722982,36.273374964354886,12.880996419109717,58.449507988498105,59.874954642185315,98.51834971910672,0.7708404371489785,3485,0.3947425004267477,127.70116495258638,28.844925026245974,73.07339787924963,-24.041014226652877,23.699427827371235,32.55152597805151,,0.9622842605154192,29.503961785823286,89.99991041401272,23.71135624256427,True,True,False,False,False,False,False,False,lift,False,,
B-50ml-f0.25-p-4.9-above-y340-x+2.4-y-4.1,B,all,50,0.25,-4.9,above,340,2.4,-4.1,25,37.64144115524114,13.984229076838627,11.769942152291096,11.93839640534348,False,20.4,28.4,65117,1100,9462,0,2124,0,0,0,1.2949999999999129,,,22.50533304960982,24.71868144276599,10.19190891779834,46.79298328772287,38.498422743697716,90.12352779825959,-0.04397020412579,1100,0.3633647362396592,149.33998599127744,12.713545038029592,77.4892179304038,-60.74524895457692,19.804894267169523,38.44472885671793,,0.518372052809263,84.3401861363339,90.0006006122986,19.11507944613947,False,False,False,False,False,False,False,False,table,False,,
B-50ml-f0.50-p+18.7-above-y327-x+1.5-y-2.6,B,all,50,0.5,18.7,above,327,1.5,-2.6,25,37.64144115524114,27.968458153677254,23.53988430458219,25.922625482182106,False,23.02,28.4,58469,66236,0,0,0,0,0,136,,9.25499999999982,,118.19695102573655,90.41860198723708,9.567735365269343,38.07141589792186,38.498422743697716,99.64596634262696,4.604654863491597,66236,82.18824105671055,0.4164495700607498,3.80706741698178,19.417488010719943,9.613811887268591,14.40509930845558,26.20240343569315,,760.0409099614529,80.48876454475973,90.00002163791659,18.81958508861068,True,True,False,True,True,True,False,False,lift,False,0.08239299348481789,
B-60ml-f0.25-p+5.9-above-y301-x-5.0-y-1.7,B,all,60,0.25,5.9,above,301,-5.0,-1.7,25,40.0,14.736568804805119,14.178240740740737,7.236568804805119,False,37.47,28.4,57428,2698,0,0,0,0,0,54921,,,,122.88387354226997,93.16563930079019,9.567742979564601,43.020989395264856,44.1,91.96765977961896,2.800755063261967,2698,0.35993604343526553,125.37545411962874,41.07879778358302,30.79031324075082,12.980369273163511,43.40976895516123,31.485862921878645,,2.865823964273294,118.1665448272182,90.00228986506164,19.999577632910555,True,True,False,False,False,False,False,False,lift,False,,
B-100ml-f0.25-p-19.2-diagonal-y70-x-1.0-y-5.3,B,all,100,0.25,-19.2,diagonal,70,-1.0,-5.3,28,47.4252440598675,17.11302445521971,23.854068355803715,-5.697852433223887,False,66.27,28.4,42099,0,734,0,1452,0,0,0,0.9999999999999453,,,39.7901262641437,17.442957327609925,26.822114997049304,77.84805675657452,59.874954642185315,82.47929318483514,-0.20024181986703915,0,0.007290960658549001,160.8578476560012,13.8726640260157,77.14429261049803,-58.030813231945814,5.545110184316453,57.036754297754946,,0.19647063715939964,27.728007449266908,7.127871251239155,2.6714337284343337,False,False,False,False,False,False,False,False,table,False,,
B-100ml-f0.25-p-13.5-diagonal-y2-x-1.3-y+3.6,B,all,100,0.25,-13.5,diagonal,2,-1.3,3.6,28,47.4252440598675,17.11302445521971,23.854068355803715,-5.697852433223887,False,26.56,28.4,64631,1257,6044,0,1183,0,0,2695,1.2224999999999209,16.03100000000799,,126.26991048298663,87.13045615618437,30.21852704188451,67.68609762646956,59.874954642185315,91.77187439270911,-0.18662806885530459,1257,0.003907515132942294,144.97467007265936,24.308979921136395,114.96680063388865,15.294633231105733,85.34748303219025,-205.84803866512368,,5.270063470516273,97.21901093225274,90.00032239335586,23.822704587159166,False,False,False,False,False,False,False,False,table,False,1.998502498002139,
B-50ml-f0.80-p-4.0-above-y147-x+1.9-y+5.6,B,all,50,0.8,-4.0,above,147,1.9,5.6,25,37.64144115524114,44.7495330458836,37.6638148873315,42.703700374388454,False,15.16,28.4,9325,1833,0,0,2061,0,0,8,1.3349999999999085,,,237.08168284095487,87.29750897667437,9.561362009357206,44.318489832276406,38.498422743697716,93.28683494832909,1.2271081584524919,1833,0.004068509443637069,269.0352337363494,233.29578577460637,80.64148898170812,-118.44964892966428,90.00021631999213,4467742.313256079,,1.1026388902361846,219.34883144534408,90.00021628042786,18.81963441562404,False,False,False,False,False,False,False,False,table,False,,
B-60ml-f0.50-p+16.5-diagonal-y276-x+2.5-y-1.7,B,all,60,0.5,16.5,diagonal,276,2.5,-1.7,25,40.0,29.473137609610237,28.356481481481474,21.973137609610234,False,74.42,28.4,104883,78483,0,0,0,0,0,0,,8.51849999999892,20.207499999998255,7.845631482022487,11.971831222629136,6.765403483556823,43.974251745471065,44.1,99.35275426005444,5.668781013013047,78483,82.31734958053308,1.4542335615020512,5.604615369164225,21.30467837530257,9.320632538687423,11.622350635904056,30.074674914951263,2.29608088794364,2.3174645089676646,8.12375674955408,0.2475783814595821,0.06703368601659766,True,True,False,True,True,True,False,True,lift,False,0.10179534113999184,
B-60ml-f0.50-p-10.2-side-y81-x-1.3-y+1.7,B,all,60,0.5,-10.2,side,81,-1.3,1.7,25,40.0,29.473137609610237,28.356481481481474,21.973137609610234,False,12.67,28.4,50053,442,7625,0,4007,0,0,0,0.0025,,,11.001755522890065,5.7875460351681225,26.930636169025767,58.584663169182775,44.1,85.41857686126643,-0.10263372286378747,442,0.3723276729428113,150.46597582697288,16.046455159835308,66.5356459655655,-31.951738059509072,8.11518165928046,31.21021677841927,,0.3727333873124989,23.3474383716287,0.13039633121257374,0.031856431157793574,False,False,False,False,False,False,False,False,table,False,,
B-60ml-f0.80-p+16.5-side-y256-x+5.1-y-1.6,B,all,60,0.8,16.5,side,256,5.1,-1.6,25,40.0,47.15702017537638,45.37037037037036,39.65702017537638,False,26.53,28.4,53755,76357,0,0,0,0,0,0,,8.683999999999122,19.60049999999967,7.177383758990114,10.37177101491114,9.283525706759166,43.865669240056434,44.1,99.52074761547391,5.3732720956796705,76357,79.20619809124273,1.3952777934592104,6.307086276527428,38.71457812756164,9.765518084377922,9.399627699583016,13.113219315118636,-0.07226842593445999,0.07471089539683197,6.3080120098628125,1.6439082140536307,0.511674972235132,True,True,False,True,True,True,True,True,lift,False,0.20437900203192993,
B-50ml-f0.50-p-17.8-side-y217-x+1.4-y-2.9,B,all,50,0.5,-17.8,side,217,1.4,-2.9,25,37.64144115524114,27.968458153677254,23.53988430458219,25.922625482182106,False,82.75,28.4,54327,0,1334,0,4177,12,0,0,0.0025,,,13.870585530828475,10.989200041537648,89.22034981069818,75.60951157686517,38.498422743697716,63.46585282972413,-0.2003749452393483,0,0.0021045995825660214,172.8022597343324,18.999930870585803,63.024069917480716,-30.296267355631652,6.726483514850317,28.545515522012305,,0.20010355654613177,34.523188808407305,0.4892140804075659,0.13722571354523536,False,False,False,False,False,False,False,False,table,False,,
B-100ml-f0.50-p-19.9-above-y37-x+1.3-y+0.8,B,all,100,0.5,-19.9,above,37,1.3,0.8,28,47.4252440598675,34.22604891043942,47.70813671160743,11.415172021995819,False,91.34,28.4,77489,0,3384,0,2534,0,0,21361,1.0974999999999346,,,22.35493877360053,17.520034013177174,23.508088089357052,82.46513014561279,59.874954642185315,66.91158984719677,-0.20033309921259346,0,0.004035659377283459,133.14310708815464,28.37928514464545,71.46588205974017,-39.3099632087916,11.687357173328456,37.55650293696761,,0.20003357940627192,8.456816683722558,0.6045429166578836,0.21213927448717854,False,False,False,False,False,False,False,True,table,False,,
B-60ml-f0.50-p-3.6-diagonal-y331-x+4.4-y+3.1,B,all,60,0.5,-3.6,diagonal,331,4.4,3.1,25,40.0,29.473137609610237,28.356481481481474,21.973137609610234,False,17.17,28.4,47618,63321,296,0,1691,0,0,0,1.4499999999998958,9.291499999999864,,10.127048381724876,11.802597376691716,6.764629955180769,45.313714165125496,44.1,98.5985183553964,4.086974485216485,63321,74.71556906657787,3.1124530014827854,9.734269124501832,24.252921739336152,9.349236754045211,10.390478711244638,30.47633605280317,,648.4086312541357,14.28806055739757,4.421052593866554,1.382851790750576,False,True,False,True,True,False,False,False,table,False,0.20405233657767496,
B-50ml-f0.50-p-6.2-diagonal-y129-x-0.3-y+0.2,B,all,50,0.5,-6.2,diagonal,129,-0.3,0.2,25,37.64144115524114,27.968458153677254,23.53988430458219,25.922625482182106,False,16.99,28.4,91592,835,6637,0,2255,0,0,0,1.1599999999999278,,,36.489986801590376,36.746954537505296,12.648686922977966,49.821106318696714,38.498422743697716,88.14649633070906,1.0825001125029654,835,0.3297724323626159,146.29377907152363,12.187482897978759,54.19049877343422,-25.317415507770473,9.570382434698029,27.690919908212983,,1.716490213973528,6.756233565207333,90.00017647561491,18.819641597140194,False,False,False,False,False,False,False,False,table,False,,
B-60ml-f0.80-p-17.2-side-y359-x+4.6-y-1.5,B,all,60,0.8,-17.2,side,359,4.6,-1.5,25,40.0,47.15702017537638,45.37037037037036,39.65702017537638,False,32.41,28.4,1234,0,0,0,4063,2,0,0,0.0025,,,1.605110851659855,0.0028979957704908976,84.62332279334655,74.40590051006902,44.1,20.1143634485856,0.06586593085934622,0,0.004073850607875511,311.50417715368866,125.82954418733097,-14.408483255915591,-120.02059666684656,90.00010413678585,9903567.68457191,,0.004110897005312269,36.991886633791204,90.00010412179765,19.998903161082147,False,False,False,False,False,False,False,False,table,False,,
B-60ml-f0.80-p-15.7-above-y52-x-1.3-y+3.2,B,all,60,0.8,-15.7,above,52,-1.3,3.2,25,40.0,47.15702017537638,45.37037037037036,39.65702017537638,False,35.72,28.4,5898,0,0,0,1556,0,0,11859,1.0274999999999423,,,1.3059069698874677,9.44706049521254,64.80006155588318,69.1669203212451,44.1,0.5148766993295206,-0.20004931007169824,0,0.0017152595081908765,196.24372125658297,9.711381179836625,139.4733196099523,-89.84653387656188,1.6338133515656124,15.579563056743568,,0.19999589100491674,37.823601982376964,11.7388255492499,35.21849169821348,False,False,False,False,False,False,False,False,table,False,,
B-60ml-f0.80-p+14.0-side-y148-x-5.6-y+3.6,B,all,60,0.8,14.0,side,148,-5.6,3.6,25,40.0,47.15702017537638,45.37037037037036,39.65702017537638,False,105.07,28.4,48997,3104,0,0,0,0,0,46911,,,,101.12502153056396,93.40169803241672,9.256137436720262,45.76003673026694,44.1,100.19161957459488,1.001414529392869,3104,0.8039213763944264,122.96280490939628,31.939805187919315,54.35264392670867,7.568965736354071,41.978419995372185,-0.10202120143744733,,0.057092443261046566,97.43434375127737,90.00357650334323,20.167708528641953,True,True,False,False,False,False,False,False,lift,False,,
B-50ml-f0.50-p-11.0-side-y167-x+4.5-y-4.3,B,all,50,0.5,-11.0,side,167,4.5,-4.3,25,37.64144115524114,27.968458153677254,23.53988430458219,25.922625482182106,False,67.76,28.4,45829,0,1725,0,4045,0,0,0,0.0025,,,9.600055861227547,9.943963567788872,30.055679129346835,57.445437161973324,38.498422743697716,80.48479712858419,-0.2004631884035546,0,0.0017589523781748207,167.4551891842745,22.666671968868993,39.72660568053819,-9.204616030972904,4.427390456204419,29.228916837644068,,0.19908138583562188,12.730604195458913,3.123292896285796,0.9124825758104893,False,False,False,False,False,False,False,False,table,False,,
B-50ml-f0.80-p+4.5-above-y242-x-1.4-y-5.7,B,all,50,0.8,4.5,above,242,-1.4,-5.7,25,37.64144115524114,44.7495330458836,37.6638148873315,42.703700374388454,False,72.82,28.4,36867,1404,0,0,0,0,0,53265,,,,252.07533940900456,87.64826436642434,9.567744092648343,39.213506674041746,38.498422743697716,89.50711767544765,-1.556253565040605,1404,1.0133654855636332,119.45253911819064,34.19822245258518,44.787740315404584,5.7720305952075615,37.036264616846346,1.0262523521428826,,1.5748533873195019,397.1316665229802,89.99964416704465,19.11334733594556,True,True,False,False,False,False,False,False,lift,False,,
B-50ml-f0.25-p+15.1-side-y64-x+1.0-y-2.4,B,all,50,0.25,15.1,side,64,1.0,-2.4,25,37.64144115524114,13.984229076838627,11.769942152291096,11.93839640534348,False,39.09,28.4,113842,78326,0,0,0,0,0,477,,8.672999999999108,19.60049999999967,5.998234683278666,10.480490322770875,8.59941363004168,38.41684092038233,38.498422743697716,99.2529817158194,5.383919195709019,78326,83.10554760297741,0.43522709073888133,4.140145145996424,6.360357283088022,8.935673937485387,11.645139432335865,41.042839080834874,-0.023617570044986602,0.2975432326740187,33.9712722921093,0.5622723904751972,0.15563614811779805,True,True,False,True,True,True,True,False,lift,False,0.08431805905336555,
B-60ml-f0.50-p+16.0-diagonal-y265-x+2.6-y-2.0,B,all,60,0.5,16.0,diagonal,265,2.6,-2.0,25,40.0,29.473137609610237,28.356481481481474,21.973137609610234,False,21.41,28.4,65360,64693,832,0,0,0,0,0,,8.574999999998989,,21.184626395444266,28.849031151584132,6.765403738802932,43.88843621703938,44.1,99.36688626377388,5.4573658490745665,64693,80.20298876797706,0.8698031566992559,5.332692814898531,21.700665777169352,9.189838898377323,10.005254298730371,30.601274701646606,,1058.175279216121,8.418535213733715,7.092483718708582,2.218119288523857,True,True,False,True,True,False,False,False,lift,False,0.0968737178744341,
B-100ml-f0.80-p-4.1-above-y87-x-2.6-y-4.0,B,all,100,0.8,-4.1,above,87,-2.6,-4.0,28,47.4252440598675,54.761678256703064,76.3330187385719,31.950801368259466,False,91.71,28.4,58416,3786,4379,0,0,0,0,29891,,,,38.876318920772825,35.06589004828177,12.3315562285033,57.82060200085956,59.874954642185315,97.86173124759057,0.28132653067468316,3786,0.311911693440619,129.40179696745773,23.862623302783938,81.73592415482628,-17.40661445730171,23.98040441884223,11.889497581794238,,0.9023906861810492,41.14153011774269,1.379381002018489,0.5085466462351115,True,True,False,False,False,False,False,False,lift,False,,
B-50ml-f0.80-p+4.5-side-y316-x-2.7-y+1.3,B,all,50,0.8,4.5,side,316,-2.7,1.3,25,37.64144115524114,44.7495330458836,37.6638148873315,42.703700374388454,False,64.35,28.4,30308,1251,0,0,0,0,0,44764,,,,380.2668526938524,90.23580423433867,6.882445111821401,38.28903793495735,38.498422743697716,91.8549237597321,-0.08621368418665343,1251,1.0294214154185635,123.06740672197118,33.037629286233745,50.660531102754675,2.775753922840407,39.629652419766536,-0.21517674474693868,,1.5741991542042926,561.3632985361471,90.00057841628227,19.113571957465787,True,True,False,False,False,False,False,False,lift,False,,
B-50ml-f0.80-p+18.9-above-y2-x+1.1-y+2.5,B,all,50,0.8,18.9,above,2,1.1,2.5,25,37.64144115524114,44.7495330458836,37.6638148873315,42.703700374388454,False,21.17,28.4,97542,76768,0,0,0,0,0,429,,8.994499999999501,19.60049999999967,8.045956395742792,13.839225546059053,9.568155366927872,38.052966742228165,38.498422743697716,99.68910067610751,4.898402517822461,76768,82.90671179388133,0.4378603462368513,2.116681797133266,36.33106833952532,9.827056584042454,15.343577174351243,9.125542137177378,-0.17541585370478074,0.35320244372975546,39.1122509626349,0.048111274923447106,0.005043882818864263,True,True,False,True,True,True,True,False,lift,False,0.06227438541651758,
B-50ml-f0.50-p+10.9-side-y324-x-1.9-y+0.0,B,all,50,0.5,10.9,side,324,-1.9,0.0,25,37.64144115524114,27.968458153677254,23.53988430458219,25.922625482182106,False,38.51,28.4,23507,198,0,0,0,0,0,43959,,,,16.893765599682023,5.465652811997129,7.74043062323973,38.29620880068153,38.498422743697716,96.79078204561563,-0.18775529310501027,198,0.007222472147806412,128.55239646361207,32.32357501767885,43.15915686035282,-8.739580404068665,7.129917758517121,28.424990163541743,,0.20009617123442475,39.6793072172191,0.2966260303728159,0.0798713612677282,True,True,False,False,False,False,False,False,lift,False,,
B-100ml-f0.50-p-2.7-above-y257-x+1.3-y-4.1,B,all,100,0.5,-2.7,above,257,1.3,-4.1,28,47.4252440598675,34.22604891043942,47.70813671160743,11.415172021995819,False,70.86,28.4,71833,75168,0,0,0,0,0,0,,9.317499999999896,19.636499999999586,38.92171091846588,21.989528109496746,9.56774709390075,58.5475571333952,59.874954642185315,100.72111588635659,4.530786565576345,75168,88.49874165679694,1.6607353906346358,2.2590319129166123,24.661237426871153,12.420527038453837,2.4571175212862437,41.09191477069834,7.162560037513065,7.143975991854747,14.886835398459795,0.6633997708888371,0.22032549407458987,True,True,False,True,True,True,False,False,lift,False,0.055909252030776804,
B-60ml-f0.80-p+7.8-side-y354-x+2.9-y-2.3,B,all,60,0.8,7.8,side,354,2.9,-2.3,25,40.0,47.15702017537638,45.37037037037036,39.65702017537638,False,39.51,28.4,51321,67356,0,0,0,0,0,35,,8.539499999998945,,20.314732349229587,20.948716028587686,9.515312578111786,43.87208539534288,44.1,99.670321370777,5.561411880856418,67356,81.38215928349113,0.6322815294980229,3.7979980739736057,39.42134733708887,10.019135380175292,3.049726338171295,15.133974184218431,,14.095029559787413,21.824254046968477,3.2263669374803534,1.0086538582999558,True,True,False,True,True,True,False,False,lift,False,0.09234447756333362,
B-60ml-f0.50-p-4.4-side-y184-x+5.6-y+6.0,B,all,60,0.5,-4.4,side,184,5.6,6.0,25,40.0,29.473137609610237,28.356481481481474,21.973137609610234,False,28.68,28.4,31206,5768,748,0,2999,0,0,0,0.0025,,,124.94843317629064,95.83644050179734,13.864204640908588,45.72578736022855,44.1,97.43867388689256,-0.29984190896180374,5768,0.006013723960748788,129.96767060589985,102.39302088812234,93.78304324714196,-102.17677448535338,90.00009156064863,11263868.696330527,,3.5354719822840046,89.16194617300572,90.00004928209783,19.99885430845449,False,True,False,False,False,False,False,False,table,False,,
B-100ml-f0.50-p-3.7-above-y214-x-1.1-y-2.3,B,all,100,0.5,-3.7,above,214,-1.1,-2.3,28,47.4252440598675,34.22604891043942,47.70813671160743,11.415172021995819,False,186.5,28.4,55205,3449,8980,0,0,0,0,34876,,,,55.844891670471235,45.588600129759925,9.567747486659645,58.66727679274702,59.874954642185315,96.79417450013005,-1.2551027657411313,3449,1.9637878168755427,69.39519247851166,26.246530395264784,69.32568667109534,-33.04846994952548,3.7149954236516405,40.617098410245816,,4.1433858876425225,14.589920398524582,5.336565310774615,1.9993214980145013,True,True,False,False,False,False,False,False,lift,False,,
B-60ml-f0.50-p-17.0-diagonal-y255-x-5.1-y-0.9,B,all,60,0.5,-17.0,diagonal,255,-5.1,-0.9,25,40.0,29.473137609610237,28.356481481481474,21.973137609610234,False,63.77,28.4,55434,0,3003,0,2920,0,0,0,0.8374999999999632,,,25.868317893157833,16.808536716303916,32.56311197051032,73.91588526500713,44.1,69.08610565388315,-0.20101051507984136,0,0.0023259045341951475,169.40456438768226,15.271254613958531,66.5040214675573,-33.72796782473486,2.8833181063283897,32.87027586987062,,0.2001015369168585,27.85837145821628,0.06029572714072674,0.009659403257708683,False,False,False,False,False,False,False,False,table,False,,
B-50ml-f0.25-p+15.7-diagonal-y173-x-4.7-y-0.6,B,all,50,0.25,15.7,diagonal,173,-4.7,-0.6,25,37.64144115524114,13.984229076838627,11.769942152291096,11.93839640534348,False,27.4,28.4,30467,166,0,0,0,0,0,53970,,,,19.546721998172586,5.271994880062064,6.765410988303813,40.29654260971572,38.498422743697716,100.15240615726327,-0.1982905927971762,166,0.006891343346190875,130.46416324016423,30.900978711783264,30.539071182002427,-8.592969035555287,10.07611959546057,41.521795026224424,,0.20012355134275459,41.318785381916605,0.1426815039828001,0.03395760431171868,True,True,False,False,False,False,False,False,lift,False,,
B-50ml-f0.50-p-14.6-above-y221-x-4.0-y-0.8,B,all,50,0.5,-14.6,above,221,-4.0,-0.8,25,37.64144115524114,27.968458153677254,23.53988430458219,25.922625482182106,False,65.31,28.4,37765,0,0,0,2877,0,0,38484,0.9924999999999461,,,0.95986209964458,1.0770212756842363,32.075989226196576,58.850448491977986,38.498422743697716,73.85394340018159,-0.20033437759073291,0,0.00024968667567946474,125.60752952186591,30.652827910032176,37.01454215256375,-19.05548515770207,25.106820914329155,22.630995442210242,,0.2015444856003265,2.421576204685326,5.746972895431681,1.6842082605437634,False,False,False,False,False,False,False,False,table,False,,
B-100ml-f0.25-p-8.4-side-y13-x-1.1-y-1.5,B,all,100,0.25,-8.4,side,13,-1.1,-1.5,28,47.4252440598675,17.11302445521971,23.854068355803715,-5.697852433223887,False,73.44,28.4,62504,46914,5398,0,0,0,0,7764,,8.324999999998683,19.609999999999648,35.14047256484869,18.357587265141895,9.322500523990529,59.42193346599622,59.874954642185315,99.19547632523874,6.036011993072076,46914,94.58674940045012,2.076387510772361,18.602712320164255,30.747444792556777,-9.294359451143528,4.1699385971723375,57.55808407190792,15.334167905873342,15.33349507821248,22.381212544036007,0.2570717895721783,0.08995700072877441,True,True,False,True,True,False,False,False,lift,False,0.7804098225486685,
B-50ml-f0.80-p+7.2-diagonal-y118-x-5.7-y+5.5,B,all,50,0.8,7.2,diagonal,118,-5.7,5.5,25,37.64144115524114,44.7495330458836,37.6638148873315,42.703700374388454,False,137.27,28.4,4857,383,0,0,0,0,0,56431,,,,30.63493547029431,10.467364131211328,6.765099957644665,38.29745971942302,38.498422743697716,100.00704209088748,-0.19990943260878025,383,0.001635196414780728,135.31064629840415,33.38907019813232,69.23664717570364,-17.717455453115843,7.2962206741120985,11.5941713935597,,0.20010193722171812,36.89684588282503,0.16712723788580167,0.03981008655006135,True,True,False,False,False,False,False,False,lift,False,,
B-100ml-f0.80-p-9.8-side-y292-x-3.3-y-4.1,B,all,100,0.8,-9.8,side,292,-3.3,-4.1,28,47.4252440598675,54.761678256703064,76.3330187385719,31.950801368259466,False,29.25,28.4,66085,14542,6525,0,2722,0,0,15673,0.0025,8.275999999998623,,31.48989466311028,16.05293745729559,11.221550494521255,60.62514236540121,59.874954642185315,97.79897551545541,7.692057321458778,14542,102.63239455340228,10.963556352049089,9.104122518120878,113.58146062701708,-54.94280236923441,4.7584622967173935,19.686578515521294,,14.596770548461794,19.865764708650783,1.2188206731217395,0.448909774127624,False,True,False,True,False,False,False,False,table,False,1.07987715325393,
B-100ml-f0.25-p-9.3-diagonal-y221-x-1.5-y+3.5,B,all,100,0.25,-9.3,diagonal,221,-1.5,3.5,28,47.4252440598675,17.11302445521971,23.854068355803715,-5.697852433223887,False,45.97,28.4,67674,69387,0,0,1578,0,0,5489,1.5049999999998898,8.423499999998803,19.997999999998743,35.5421926475499,14.394917634595501,6.765132712678791,59.793616061188644,59.874954642185315,99.34392225268752,6.761107364266023,69387,91.30928941742505,1.2658473534051782,5.663640066796186,23.964546615980545,-4.503875703212923,6.504101919026553,56.67179453875735,14.519076730597332,14.573465686535258,24.831885589274336,1.8775040114967316,0.7014175534518824,False,True,False,True,True,False,False,False,table,False,0.384422274220105,
B-100ml-f0.80-p-14.5-above-y75-x-3.3-y+0.3,B,all,100,0.8,-14.5,above,75,-3.3,0.3,28,47.4252440598675,54.761678256703064,76.3330187385719,31.950801368259466,False,77.55,28.4,56640,3955,2478,0,2151,0,0,31072,1.257499999999917,,,36.92571725853317,33.09123995156522,12.613139195386328,71.28505689420446,59.874954642185315,82.39838393567045,-0.19172306080283974,3955,0.007094221071617948,129.10749578125692,24.725385620369963,81.54743442750032,-22.777581879155935,19.35798099801792,13.905472108325,,0.1991341136184877,24.386869765795165,2.590154783508281,0.9687588044593612,False,False,False,False,False,False,False,False,table,False,,
B-100ml-f0.25-p+7.9-diagonal-y251-x+1.1-y+1.2,B,all,100,0.25,7.9,diagonal,251,1.1,1.2,28,47.4252440598675,17.11302445521971,23.854068355803715,-5.697852433223887,False,55.96,28.4,86248,79459,0,0,0,0,0,0,,9.281499999999852,19.60049999999967,9.94620932961892,9.062393136596121,6.765407440374065,59.46512754935996,59.874954642185315,99.667228977159,5.113800686330369,79459,85.96594081679056,0.71587518929558,1.298908659224606,22.85467188138863,-2.9053639466885413,6.477521074581819,56.68192813066412,0.4317457214603886,0.5571030430979967,16.550741805543897,0.5245757421172423,0.19058989603378573,True,True,False,True,True,False,True,False,lift,False,0.04527153786116185,
B-50ml-f0.25-p-19.0-side-y184-x-5.5-y+3.3,B,all,50,0.25,-19.0,side,184,-5.5,3.3,25,37.64144115524114,13.984229076838627,11.769942152291096,11.93839640534348,False,143.61,28.4,82510,0,5634,0,4305,14,0,0,0.0025,,,22.834706492854902,16.174332050969955,91.02059992282004,78.77456908646056,38.498422743697716,60.338476417319086,-0.20301215758902758,0,0.012294562808150179,168.5049930334156,15.249806781092001,62.52685593710459,-41.69471618152754,12.730415581562706,40.70841741972544,,0.20011877352825755,35.74855482915771,0.27223415047213173,0.07158127059659185,False,False,False,False,False,False,False,False,table,False,,
B-50ml-f0.80-p-14.6-side-y62-x-0.7-y-5.4,B,all,50,0.8,-14.6,side,62,-0.7,-5.4,25,37.64144115524114,44.7495330458836,37.6638148873315,42.703700374388454,False,54.73,28.4,40246,0,546,0,4034,2,0,0,0.0025,,,5.23948099875576,5.018528098310575,77.77440271546536,66.5461137844358,38.498422743697716,71.78185464780965,-0.2003096215334177,0,0.003819910006297159,167.97239553186625,20.13068887638085,63.606885565733336,-18.693892309528266,7.948619731396077,11.39866288819625,,0.20046127613612527,11.538414136069958,1.8647501945405818,0.5315202547778128,False,False,False,False,False,False,False,False,table,False,,
B-50ml-f0.80-p-3.6-diagonal-y75-x+2.5-y-1.1,B,all,50,0.8,-3.6,diagonal,75,2.5,-1.1,25,37.64144115524114,44.7495330458836,37.6638148873315,42.703700374388454,False,57.53,28.4,59282,11008,330,0,2000,0,0,0,1.2924999999999132,,,12.224108863151727,16.603684811241866,7.193558749516337,44.473310080177704,38.498422743697716,93.55322994727608,-0.00043476756976523756,11008,0.0030809790910225564,133.45385716106105,8.381330234404697,44.52029001789344,4.533998627797575,14.01118518971044,9.544731720046606,,0.20016878048779366,16.8421250106259,3.566525129211324,1.0448188038719752,False,False,False,False,False,False,False,False,table,False,,
B-60ml-f0.25-p+5.8-side-y120-x+0.1-y-0.5,B,all,60,0.25,5.8,side,120,0.1,-0.5,25,40.0,14.736568804805119,14.178240740740737,7.236568804805119,False,56.04,28.4,47312,2597,0,0,0,0,0,68875,,,,34.24308027595233,31.26266928951549,8.852089308130788,44.1471157612074,44.1,97.54828064170867,-0.20099615753384203,2597,0.0005401453214551764,120.42996188036267,33.579627097709015,23.080042525193655,-0.9694874783430091,14.775272979446878,43.76593561037319,,0.20001108141567325,41.369118860151644,3.46109993916251,1.0797180409756815,True,True,False,False,False,False,False,False,lift,False,,
B-100ml-f0.25-p+11.2-diagonal-y331-x-4.0-y+3.9,B,all,100,0.25,11.2,diagonal,331,-4.0,3.9,28,47.4252440598675,17.11302445521971,23.854068355803715,-5.697852433223887,False,73.13,28.4,61465,3175,8098,0,0,0,0,37726,,,,49.39441366361085,38.40097509695633,10.414292524294249,58.47662345844248,59.874954642185315,102.49223584269762,-3.4731322451530824,3175,0.7898775520927764,130.47870033474516,29.551850250767117,73.27135700699527,-27.776169257882678,35.539686987929095,43.72619636381511,,3.44206676465155,47.87661559134013,90.00026690017661,24.09208623702264,True,True,False,False,False,False,False,False,lift,False,,
B-60ml-f0.80-p-15.9-diagonal-y177-x+1.7-y-0.3,B,all,60,0.8,-15.9,diagonal,177,1.7,-0.3,25,40.0,47.15702017537638,45.37037037037036,39.65702017537638,False,79.11,28.4,58007,0,576,0,2855,0,0,0,0.874999999999959,,,8.654719954868261,7.554204751053734,29.48360393536944,71.16633426133538,44.1,72.96100991377146,-0.20016826707114355,0,0.0009462233913905374,167.93803974883792,21.560304087557203,67.95875875711602,-17.13288668829238,3.061842659533739,15.13015688170427,,0.20008922779675883,16.802271132187915,0.16400148907571002,0.04213772105444561,False,False,False,False,False,False,False,False,table,False,,
