id,design,varied,bottle,fill,pitch,approach,yaw,dx,dy,neck_mm,bottle_d_mm,liquid_mm,liquid_g,dive_target_mm,diverged,wall_s,sim_s,contacts_pads_bottle,contacts_blades_cap,contacts_pipette_bottle,contacts_pipette_clamp,contacts_rig_floor,contacts_pads_floor,contacts_pipette_floor,contacts_rig_bottle,table_hit_s,thread_released_s,thread_reengaged_s,slip_mm,tilt_in_hand_deg,track_worst,pad_height_mm,pad_planned_mm,lift_mm,cap_rise_mm,blade_contacts,cap_off_axis_mm,cap_to_seat_mm,tip_off_axis_mm,tip_height_mm,tip_submerged_mm,bottle_tilt_dive_deg,liquid_to_shoulder_mm,recap_lift_mm,cap_end_mm,placed_error_mm,placed_tilt_deg,placed_z_mm,ok_table,ok_grip,ok_lift,ok_uncap,ok_cap_away,ok_reach_liquid,ok_recap,ok_place,first_failure,success,blade_slip_turns,error
A-10ml-f0.25-p+0.0-side-y0-x+0.0-y+0.0,A,approach,10,0.25,0,side,0,0,0,18,22.01284832596418,9.071233030783917,2.240207798703662,42.75528824620785,False,17.17,28.4,12,0,0,0,6416,0,0,0,0.0025,2.8965000000001346,,0.8036857646525708,0.003770360606171149,134.56458363425668,33.456096786629324,5.720514774164916,11.005801626123427,7.192824240240779,0,0.33688794922498594,270.8594882805061,93.5334916114969,-22.1988052477048,-93.53416843224244,90.00160536131644,334303.569621697,,7.2006712522531675,22.196821372761633,90.00160541039635,11.005788707437809,False,False,False,True,False,False,False,False,table,False,-7.98092159538511e-07,
A-10ml-f0.25-p+0.0-above-y0-x-6.0-y+0.0,A,dx,10,0.25,0,above,0,-6,0,18,22.01284832596418,9.071233030783917,2.240207798703662,42.75528824620785,False,20.74,28.4,619,0,0,0,5981,0,0,7502,1.0424999999999407,,,69.39174277908025,99.48226985450901,28.6010205963148,23.186591468142304,5.720514774164916,64.18857626598508,-0.017494957452020288,0,0.0035120690900701454,237.43566793580513,99.89846546703664,-13.498509000039281,-93.53419885354218,90.00209559367687,256103.58973455566,,0.02253199670509945,57.92863803921551,90.00209632344165,11.15782634295191,False,False,False,False,False,False,False,False,table,False,,
A-10ml-f0.25-p+0.0-above-y0-x+0.0-y+0.0,A,nominal,10,0.25,0,above,0,0,0,18,22.01284832596418,9.071233030783917,2.240207798703662,42.75528824620785,False,25.09,28.4,223126,0,5852,0,5983,0,0,0,1.0424999999999407,,,0.7380963060710909,1.8291239084508586,28.604638140116794,34.26560625432476,5.720514774164916,70.65512355911522,-0.19923196901697887,0,0.007231053048185196,148.82350271945214,0.24049075796320785,34.22243621330609,-23.775010922915992,0.0948039542623125,22.514126565454042,,0.20008693045612322,0.6373747287656779,0.2039189513289108,0.025955825587590853,False,False,False,False,False,False,False,True,table,False,,
A-10ml-f0.25-p-20.0-above-y0-x+0.0-y+0.0,A,pitch,10,0.25,-20,above,0,0,0,18,22.01284832596418,9.071233030783917,2.240207798703662,42.75528824620785,False,26.29,28.4,0,0,0,0,4077,0,0,0,0.4925000000000004,,,0.7994892796545671,0.005039502568414035,78.24877402594188,84.0211567743026,5.720514774164916,-0.0016072869047173114,-0.20010053236112213,0,1.4822371816376448e-07,198.90585293780742,0.40355769941124986,104.61236053406765,-94.16532458378276,1.4311854260314507e-05,22.529621885653654,,0.20010053236131417,1.2447602743458248e-07,1.4463842815886967e-05,-0.001607286904774201,False,False,False,False,False,False,False,True,table,False,,
A-10ml-f0.25-p+0.0-above-y180-x+0.0-y+0.0,A,yaw,10,0.25,0,above,180,0,0,18,22.01284832596418,9.071233030783917,2.240207798703662,42.75528824620785,False,37.28,28.4,221696,0,5813,0,5983,0,0,0,1.0424999999999407,,,0.7431025801712505,1.7948049270243875,28.60862099471715,34.265606575788865,5.720514774164916,70.65511290510956,-0.2000995902529598,0,0.0014671824752243345,148.81986809537997,0.23525139135520548,34.28563914567801,-23.83829619620463,0.08718620937008148,22.515371844827037,,0.19974041361552416,0.6328373147683677,0.10442170923638922,0.009499255458361656,False,False,False,False,False,False,False,True,table,False,,
A-10ml-f0.25-p+0.0-above-y270-x+0.0-y+0.0,A,yaw,10,0.25,0,above,270,0,0,18,22.01284832596418,9.071233030783917,2.240207798703662,42.75528824620785,False,38.56,28.4,222141,0,5701,0,5983,0,0,0,1.0424999999999407,,,0.8329895965761339,1.902139069140232,28.61267624370294,34.2655972251461,5.720514774164916,70.65511709064569,-0.20010890300772854,0,0.00017734543190395046,148.82050486955623,0.2546831529528995,34.217666647700625,-23.76980080346125,0.17671449994668453,22.500736533754722,,0.2001084549032972,0.7134914030431507,0.11530701407677935,0.011273912300726578,False,False,False,False,False,False,False,True,table,False,,
A-10ml-f0.25-p+0.0-above-y0-x+3.0-y+0.0,A,dx,10,0.25,0,above,0,3,0,18,22.01284832596418,9.071233030783917,2.240207798703662,42.75528824620785,False,47.79,28.4,180284,0,7045,0,5982,0,0,0,1.0424999999999407,,,1.5907805670705417,3.9364138816768572,28.63289750946185,34.25932956120129,5.720514774164916,70.71794840170995,-0.20011424358179486,0,0.00019502054780663243,150.68899115904082,1.3598126252198766,35.63485760042496,-24.973051337715184,5.008815113475093,21.70873871478613,,0.19981542519243176,0.49155928926132975,1.3418106104862006e-05,-0.0016072729259577097,False,False,False,False,False,False,False,True,table,False,,
A-10ml-f0.25-p+20.0-above-y0-x+0.0-y+0.0,A,pitch,10,0.25,20,above,0,0,0,18,22.01284832596418,9.071233030783917,2.240207798703662,42.75528824620785,False,49.12,28.4,126242,0,8473,0,0,3417,0,0,1.3899999999999024,,,5.04207649606751,17.03915661267114,10.840084018889373,16.63449651903499,5.720514774164916,84.19624359587297,-0.20008122291697433,0,0.000929337306239824,136.46445609997016,5.838515956106844,31.412919219013748,-21.755094029919626,17.12978607881555,19.642884135083865,,0.20013615313348082,5.790142557585887,1.486154837246863e-05,-0.0016072863722036569,False,False,False,False,False,False,False,True,table,False,,
A-10ml-f0.25-p+10.0-above-y0-x+0.0-y+0.0,A,pitch,10,0.25,10,above,0,0,0,18,22.01284832596418,9.071233030783917,2.240207798703662,42.75528824620785,False,51.39,28.4,116256,249,10746,0,4234,0,0,0,1.302499999999912,,,128.85266082174286,91.64773658436111,9.95908873287116,15.581158212452657,5.720514774164916,89.33598017339254,-0.20010333473810538,249,0.0006735960168489815,132.13384980376452,6.9715870687345065,45.13920707086871,-35.01316992093875,3.0478855026908036,22.030914491636086,,0.011573549149887653,100.69064802987786,90.00209593761731,11.005847749546827,False,False,False,False,False,False,False,False,table,False,,
A-10ml-f0.25-p-10.0-above-y0-x+0.0-y+0.0,A,pitch,10,0.25,-10,above,0,0,0,18,22.01284832596418,9.071233030783917,2.240207798703662,42.75528824620785,False,53.48,28.4,154965,0,0,0,3414,0,0,0,0.7699999999999706,,,1.2503327052404416,1.4900470748912513,53.231231902922715,58.92160883938302,5.720514774164916,46.018529607803075,-0.2001331360097086,0,0.0008067686225901803,167.0141569783104,1.6340139791470139,57.75946304615867,-47.3275747118354,0.6324555211750812,22.426232233487116,,0.2001019477725632,1.3569255002808092,1.486154837246863e-05,-0.0016072869156830275,False,False,False,False,False,False,False,True,table,False,,
A-10ml-f0.25-p+0.0-above-y0-x+0.0-y+3.0,A,dy,10,0.25,0,above,0,0,3,18,22.01284832596418,9.071233030783917,2.240207798703662,42.75528824620785,False,31.97,28.4,127123,0,4952,0,6011,0,0,0,1.0424999999999407,,,4.679740793139923,9.50931956218926,28.722476396245465,33.3923018881809,5.720514774164916,71.87637115458041,-0.1996307229788566,0,0.004925056693118023,147.26690585219748,0.19147128914930786,35.49526057061615,-25.047475191733366,0.3294143700999118,22.475774114625047,,0.20005660073957204,2.985684749787302,0.11430928156228343,0.011114904871488999,False,False,False,False,False,False,False,True,table,False,,
A-10ml-f0.25-p+5.0-above-y0-x+0.0-y+0.0,A,pitch,10,0.25,5,above,0,0,0,18,22.01284832596418,9.071233030783917,2.240207798703662,42.75528824620785,False,72.31,28.4,186590,0,6554,0,4940,0,0,0,1.1599999999999278,,,2.7971405589789478,5.688957314702075,19.038271825835064,24.473703291178268,5.720514774164916,80.4436125209827,-0.20012733552282613,0,0.0006472688457212503,140.34779492199527,0.08201609409039341,34.52912700254326,-24.01552550812483,4.333263615873916,21.81990997625365,,0.19990817084585125,1.5255248135429482,0.25395119028461705,0.03410051303632004,False,False,False,False,False,False,False,True,table,False,,
A-10ml-f0.25-p+0.0-diagonal-y0-x+0.0-y+0.0,A,approach,10,0.25,0,diagonal,0,0,0,18,22.01284832596418,9.071233030783917,2.240207798703662,42.75528824620785,False,73.2,28.4,63296,0,0,0,4343,0,0,0,0.902499999999956,,,0.2744397300315567,0.6796594695905318,28.544783325449853,33.21924782175492,5.720514774164916,72.02664840410452,-0.19946566317503162,0,0.006739083266200426,161.45659932310454,20.708085632733237,31.762865993103137,-21.316359573958415,0.020298287465958118,22.52630605477472,,0.19952014863668172,20.394767484930316,0.14579757544440175,0.01622949118572947,False,False,False,False,False,False,False,False,table,False,,
A-10ml-f0.25-p+0.0-above-y90-x+0.0-y+0.0,A,yaw,10,0.25,0,above,90,0,0,18,22.01284832596418,9.071233030783917,2.240207798703662,42.75528824620785,False,79.51,28.4,221124,0,6169,0,5983,0,0,0,1.0424999999999407,,,0.6857553343102942,1.748704891623518,28.603796017459363,34.265494238627056,5.720514774164916,70.65511968536825,-0.20007244051556405,0,0.0009274561919059803,148.81409693827626,0.2176961119708586,34.3561379852486,-23.909151513220387,0.020884695515969737,22.526210194371078,,0.19955994713245923,0.5673271428596772,0.2544374256509846,0.03367274867700235,False,False,False,False,False,False,False,True,table,False,,
A-10ml-f0.50-p-20.0-above-y0-x+0.0-y+0.0,A,pitch,10,0.5,-20,above,0,0,0,18,22.01284832596418,18.142466061567834,4.480415597407324,47.89775430777567,False,41.55,28.4,0,0,0,0,4077,0,0,0,0.4925000000000004,,,0.7994892796525866,0.0050393816453041165,78.24877402594188,84.02115448136848,5.720514774164916,-0.001604974947850096,-0.20009986897910614,0,1.800038479559638e-07,198.90585104176554,1.3509847538772066,109.43292094770646,-89.91465157023195,1.2518779069552075e-05,13.458389147984555,,0.2000998689790201,1.129020365114368e-07,1.319902026398418e-05,-0.0016049749478597383,False,False,False,False,False,False,False,True,table,False,,
A-10ml-f0.25-p+0.0-above-y0-x+6.0-y+0.0,A,dx,10,0.25,0,above,0,6,0,18,22.01284832596418,9.071233030783917,2.240207798703662,42.75528824620785,False,63.16,28.4,126653,0,13796,0,6076,0,0,0,1.0424999999999407,,,4.736718508290183,11.267584687854011,28.75564880748873,34.2577693773403,5.720514774164916,70.79334236514734,-0.19945010647431233,0,0.006531622043013722,152.37415387198075,2.9595262750004565,37.133711691213215,-25.44457377637607,12.293724718626757,20.488544085737136,,0.2000705100414605,3.213677815324167,0.6975272443192858,0.10881388906315095,False,False,False,False,False,False,False,True,table,False,,
A-10ml-f0.25-p-5.0-above-y0-x+0.0-y+0.0,A,pitch,10,0.25,-5,above,0,0,0,18,22.01284832596418,9.071233030783917,2.240207798703662,42.75528824620785,False,83.78,28.4,232364,0,0,0,3096,0,0,0,0.902499999999956,,,0.20902400342307698,0.2587238274659679,39.96614447765703,45.67327396932176,5.720514774164916,59.25014993734234,-0.2001153253684551,0,0.0003185250569215599,157.60074056687554,1.3834660695465533,44.510971132826846,-34.08859522573861,1.5139191957211153,22.282085553577172,,0.20010221103573475,0.18015457595806067,1.4983666681503355e-05,-0.0016072869000706455,False,False,False,False,False,False,False,True,table,False,,
A-10ml-f0.25-p+0.0-above-y0-x+0.0-y-3.0,A,dy,10,0.25,0,above,0,0,-3,18,22.01284832596418,9.071233030783917,2.240207798703662,42.75528824620785,False,63.22,28.4,128208,0,9846,0,6130,0,0,0,1.0424999999999407,,,6.815415959202084,5.2518620492273325,28.770421584593635,33.38722070169566,5.720514774164916,71.95715220535278,-0.20090115605238268,0,0.004155094747280837,147.111162811157,5.860673915089712,52.67072780101412,-42.57372024569715,10.755785682212055,20.75042192377713,,0.201203264743022,4.863619502263823,3.3580383444310513,0.5439116297525587,False,False,False,False,False,False,False,True,table,False,,
A-10ml-f0.50-p-10.0-above-y0-x+0.0-y+0.0,A,pitch,10,0.5,-10,above,0,0,0,18,22.01284832596418,18.142466061567834,4.480415597407324,47.89775430777567,False,41.46,28.4,154957,0,0,0,3414,0,0,0,0.7699999999999706,,,1.1922065117632143,1.420551043592181,53.234521203441034,58.921719412122954,5.720514774164916,46.01758642995941,-0.20013101334066113,0,0.001056311632944364,167.0172498535086,0.8101474629501658,62.822510416582894,-43.310755882278826,0.6710181246635973,13.348694540370982,,0.20010179059174912,1.2932824943835017,1.2401778567452335e-05,-0.0016049749342781174,False,False,False,False,False,False,False,True,table,False,,
A-10ml-f0.50-p-5.0-above-y0-x+0.0-y+0.0,A,pitch,10,0.5,-5,above,0,0,0,18,22.01284832596418,18.142466061567834,4.480415597407324,47.89775430777567,False,42.16,28.4,232347,0,0,0,3096,0,0,0,0.902499999999956,,,0.17585961947071727,0.209375660838698,39.96832889335983,45.67331342742039,5.720514774164916,59.24952122549269,-0.20011422253769784,0,0.00028238115804125305,157.6008188394177,1.0767214536220107,49.63164819596332,-30.131441555811158,1.540567172590001,13.206493269221362,,0.2001005976973906,0.14285263073250581,1.2663509647306462e-05,-0.0016049749454614278,False,False,False,False,False,False,False,True,table,False,,
A-10ml-f0.50-p+0.0-side-y0-x+0.0-y+0.0,A,approach,10,0.5,0,side,0,0,0,18,22.01284832596418,18.142466061567834,4.480415597407324,47.89775430777567,False,20.78,28.4,16,0,0,0,6417,0,0,0,0.0025,2.909500000000139,19.60049999999967,0.8038974850408827,0.003798274297066208,134.56458363425668,33.45609402624109,5.720514774164916,11.005710627290721,5.336408516859209,0,0.33282579198157664,272.57572460902156,98.66328891021057,-26.987158524923828,-98.66435414896222,90.00134227003713,399815.1641792898,5.336380600954758,5.346749423104397,26.984570701751572,90.00134067078785,11.005701964916087,False,False,False,True,False,False,False,False,table,False,-1.1944866095942681e-06,
A-10ml-f0.25-p+0.0-above-y0-x-3.0-y+0.0,A,dx,10,0.25,0,above,0,-3,0,18,22.01284832596418,9.071233030783917,2.240207798703662,42.75528824620785,False,96.92,28.4,1184,0,0,0,5978,0,0,60388,1.0424999999999407,,,2.9476176729145407,4.075684031714775,28.548166374387453,34.243136174045674,5.720514774164916,63.27160465998319,-0.2000848142040615,0,0.0015666571791836837,138.54204559403624,34.7461257656067,40.744505450287356,-30.146120504486923,0.25204345441135023,22.488422301059366,,0.2000928257577653,32.28476518529083,0.15050266580849087,0.016998336339519332,False,False,False,False,False,False,False,False,table,False,,
A-10ml-f0.50-p+0.0-above-y0-x+0.0-y+0.0,A,nominal,10,0.5,0,above,0,0,0,18,22.01284832596418,18.142466061567834,4.480415597407324,47.89775430777567,False,57.16,28.4,215903,0,5778,0,5983,0,0,0,1.0424999999999407,,,0.7285450716278388,1.7967872369740205,28.607099067346745,34.26553359323002,5.720514774164916,70.65462545504855,-0.1997933830711826,0,0.007150399542414012,148.82397162821584,0.26055033289103435,40.78053680311612,-21.26311670576361,0.2905263442717325,13.41089831345767,,0.20010557589295833,0.6304108656775902,0.27067046590008337,0.03648058931860158,False,False,False,False,False,False,False,True,table,False,,
A-10ml-f0.50-p+10.0-above-y0-x+0.0-y+0.0,A,pitch,10,0.5,10,above,0,0,0,18,22.01284832596418,18.142466061567834,4.480415597407324,47.89775430777567,False,50.91,28.4,169113,250,8869,0,4202,0,0,0,1.302499999999912,,,18.616886369588553,1.8662558978769614,10.14553684159096,15.581160868917909,5.720514774164916,89.3357457288935,-0.20010355370327082,250,0.0007856435664092937,132.13152862725542,7.000792898749312,51.059760632264044,-31.6839151575347,1.2252039726763715,13.258076008931226,,0.20010204811262702,3.228089477048749,0.18959425360861396,0.02322826701670034,False,False,False,False,False,False,False,True,table,False,,
A-10ml-f0.25-p+0.0-above-y0-x+0.0-y-6.0,A,dy,10,0.25,0,above,0,0,-6,18,22.01284832596418,9.071233030783917,2.240207798703662,42.75528824620785,False,94.85,28.4,123717,0,7053,0,5981,0,0,0,1.0424999999999407,,,4.094903634782127,8.183186081930598,28.568139891245092,33.117195387421944,5.720514774164916,71.96588139905411,-0.19996890620489066,0,0.004518672615673743,148.23829936298526,0.2200578133077945,33.70984433763437,-23.26005663507548,0.6676030924532537,22.420485904214807,,0.20008956006156117,5.974733617033764,0.07583994481296266,0.004819281716337574,False,False,False,False,False,False,False,True,table,False,,
A-10ml-f0.50-p+0.0-above-y90-x+0.0-y+0.0,A,yaw,10,0.5,0,above,90,0,0,18,22.01284832596418,18.142466061567834,4.480415597407324,47.89775430777567,False,37.66,28.4,212845,0,6538,0,5982,0,0,0,1.0424999999999407,,,0.5507091730011668,1.5815685490003086,28.601399536715235,34.265410277266994,5.720514774164916,70.6546556083959,-0.20004418677773556,0,0.0010857709931371734,148.81029749058686,0.2967153280499007,41.09298795902967,-21.576461356927506,0.7369624528923333,13.337912962179548,,0.19988227212856852,0.43203083131363285,0.21764860972228436,0.027617767351065935,False,False,False,False,False,False,False,True,table,False,,
A-10ml-f0.50-p+5.0-above-y0-x+0.0-y+0.0,A,pitch,10,0.5,5,above,0,0,0,18,22.01284832596418,18.142466061567834,4.480415597407324,47.89775430777567,False,68.81,28.4,149047,0,15390,0,4940,0,0,0,1.1599999999999278,,,1.7394455755337694,1.543815706406796,19.031232049461348,24.473202498476674,5.720514774164916,80.44351899627691,-0.20011498586354481,0,0.00041849461708965996,140.35902188899678,2.06309831658398,43.83554775210295,-24.32250170974755,0.1491003706102485,13.434017633862277,,0.20010273828568306,0.5208013865194158,1.2605816820395112e-05,-0.0016049749639802146,False,False,False,False,False,False,False,True,table,False,,
A-10ml-f0.25-p+0.0-above-y0-x+0.0-y+6.0,A,dy,10,0.25,0,above,0,0,6,18,22.01284832596418,9.071233030783917,2.240207798703662,42.75528824620785,False,86.11,28.4,89041,0,3074,0,5981,0,0,0,1.0424999999999407,,,3.497920809210472,7.105492020524057,28.547176169699693,33.19464875894993,5.720514774164916,71.75553755293865,-0.20025537737626553,0,0.003795745732208615,148.15950326553113,0.34087001873083683,33.255466949412515,-22.797340301961178,1.1976920530064714,22.333808437045807,,0.20009460630229506,5.993733828064106,0.10654710581007833,0.009847400514682397,False,False,False,False,False,False,False,True,table,False,,
A-10ml-f0.50-p+0.0-above-y180-x+0.0-y+0.0,A,yaw,10,0.5,0,above,180,0,0,18,22.01284832596418,18.142466061567834,4.480415597407324,47.89775430777567,False,50.22,28.4,214880,0,6499,0,5983,0,0,0,1.0424999999999407,,,0.6531037555231662,1.6681325208455595,28.607934897399367,34.26553484086107,5.720514774164916,70.65461682665808,-0.20010361059442233,0,0.004773072480900299,148.8271997084473,0.2683684827861163,40.82238648341751,-21.305475578201243,0.5240539586269164,13.372721465922208,,0.1999429366792583,0.5431876991300395,1.2313298636799924e-05,-0.0016049743495544775,False,False,False,False,False,False,False,True,table,False,,
A-10ml-f0.50-p+0.0-above-y0-x-6.0-y+0.0,A,dx,10,0.5,0,above,0,-6,0,18,22.01284832596418,18.142466061567834,4.480415597407324,47.89775430777567,False,44.8,28.4,649,0,0,0,5975,0,0,72656,1.0424999999999407,,,13.747621874097748,21.77910462326555,28.60227866079622,24.057900361978206,5.720514774164916,60.036198292933236,-0.2003880032476757,0,0.0019004801625785708,143.9784298774157,30.985887890619736,53.466980499606365,-30.760043101941054,7.823331207988906,12.171500135386385,,0.1999706619352965,25.54085674072283,0.5618831393213143,0.08611930967089944,False,False,False,False,False,False,False,False,table,False,,
A-10ml-f0.50-p+0.0-above-y0-x+3.0-y+0.0,A,dx,10,0.5,0,above,0,3,0,18,22.01284832596418,18.142466061567834,4.480415597407324,47.89775430777567,False,43.78,28.4,178483,0,9522,0,5982,0,0,0,1.0424999999999407,,,0.9957378096154736,2.8683736830187936,28.60080674403747,34.25961303204399,5.720514774164916,70.71768192335534,-0.2002032687052277,0,0.0005951570861272515,150.70321711270174,2.0564513458513893,43.25776580562149,-23.700301145644545,0.9940155933387378,13.29588270785653,,0.2001373745099289,0.4542215126871971,1.303228910417746e-05,-0.0016049707989098075,False,False,False,False,False,False,False,True,table,False,,
A-10ml-f0.50-p+0.0-above-y0-x-3.0-y+0.0,A,dx,10,0.5,0,above,0,-3,0,18,22.01284832596418,18.142466061567834,4.480415597407324,47.89775430777567,False,47.61,28.4,1159,0,0,0,5979,0,0,60607,1.0424999999999407,,,2.533328087756101,2.4508781599455323,28.550003883943116,34.2448749780526,5.720514774164916,62.463778417565784,-0.20011123236462341,0,0.0009496656069632962,139.33867177224158,34.547290886202966,46.609334492051794,-26.98155880609379,0.18305422844906327,13.42846713444599,,0.20004869929051597,32.154990240512376,1.1186424742742302,0.17559788670944573,False,False,False,False,False,False,False,False,table,False,,
A-10ml-f0.50-p+20.0-above-y0-x+0.0-y+0.0,A,pitch,10,0.5,20,above,0,0,0,18,22.01284832596418,18.142466061567834,4.480415597407324,47.89775430777567,False,71.59,28.4,131265,0,6709,0,0,3417,0,0,1.3899999999999024,,,4.1894883359517205,17.470376854064614,10.839374986697187,16.63449392206977,5.720514774164916,84.1921947809756,-0.19875938594503956,0,0.007773963426136339,136.43830106600012,8.831051529845771,35.47926920057266,-17.75226311544076,15.663100145304279,10.832187780067146,,0.20013574247909052,5.931875077874386,1.2605816820395112e-05,-0.001604974865374913,False,False,False,False,False,False,False,True,table,False,,
A-10ml-f0.50-p+0.0-above-y0-x+0.0-y+3.0,A,dy,10,0.5,0,above,0,0,3,18,22.01284832596418,18.142466061567834,4.480415597407324,47.89775430777567,False,35.81,28.4,122974,0,7335,0,6159,0,0,0,1.0424999999999407,,,4.614370692465136,9.183120740093678,28.754233793724776,33.39234524739409,5.720514774164916,71.86734392311632,-0.20105941639422115,0,0.004652777131232785,147.24032248271962,5.3782739086422415,53.17487784135092,-34.05388633121098,11.365283493274227,11.575745747101925,,0.2001127206425587,3.0161357578411407,1.2401778567452335e-05,-0.0016049749474818268,False,False,False,False,False,False,False,True,table,False,,
A-10ml-f0.80-p-20.0-above-y0-x+0.0-y+0.0,A,pitch,10,0.8,-20,above,0,0,0,18,22.01284832596418,29.027945698508535,7.16866495585172,58.783233944716386,False,30.14,28.4,0,0,0,0,4077,0,0,0,0.4925000000000004,,,0.7994892796439265,0.005040436081054127,78.24877402594188,84.0211350958751,5.720514774164916,-0.0015855253266269709,-0.20009918656942183,0,1.8979054413127086e-07,198.9058362807561,5.064966328106569,119.63698167097137,-89.23323201861379,1.0560596771592162e-05,2.5729098311488054,,0.20009918656934197,1.2024174817339152e-07,1.198328416961092e-05,-0.0015855253266094987,False,False,False,False,False,False,False,True,table,False,,
A-10ml-f0.50-p+0.0-above-y0-x+6.0-y+0.0,A,dx,10,0.5,0,above,0,6,0,18,22.01284832596418,18.142466061567834,4.480415597407324,47.89775430777567,False,65.72,28.4,127020,0,3486,0,6163,0,0,0,1.0424999999999407,,,5.057047364519561,12.359247255609558,28.774532693942152,34.25646820143588,5.720514774164916,70.79310200538126,-0.20007254671428054,0,0.0014509900958951018,152.35395662934295,2.5002385843891552,40.71224116585429,-20.377207599269738,10.557744370079577,11.712709133578224,,0.20002488844608182,5.339849195682362,1.791758251965523,0.28808108222728185,False,False,False,False,False,False,False,True,table,False,,
A-10ml-f0.50-p+0.0-diagonal-y0-x+0.0-y+0.0,A,approach,10,0.5,0,diagonal,0,0,0,18,22.01284832596418,18.142466061567834,4.480415597407324,47.89775430777567,False,81.42,28.4,67669,0,0,0,4342,0,0,0,0.902499999999956,,,0.2783068419557048,0.6889545024316956,28.544697430460563,33.232997797477225,5.720514774164916,72.02312822043103,-0.2000716563923463,0,0.0010870222154877466,161.41223894038447,20.70019935301009,36.89529524416023,-17.377407079367273,0.02329934443537803,13.454582439768796,,0.19972606243186214,20.436682841269455,0.20781852164313427,0.026283328049312663,False,False,False,False,False,False,False,False,table,False,,
A-10ml-f0.80-p+0.0-side-y0-x+0.0-y+0.0,A,approach,10,0.8,0,side,0,0,0,18,22.01284832596418,29.027945698508535,7.16866495585172,58.783233944716386,False,20.51,28.4,16,0,0,0,6416,0,0,0,0.0025,2.916000000000141,19.60049999999967,0.8040086583898256,0.003848332030687591,134.56458363425668,33.45607206995398,5.720514774164916,11.00572898681633,4.303746075741508,0,0.33018401069621006,273.52516010583645,109.52213892869476,-29.626719649531694,-109.5235743408295,90.00141340881679,379681.7174671249,4.303755802423576,4.316400081727434,29.623815191822825,90.00140300683584,11.005725848858114,False,False,False,True,False,False,False,False,table,False,-1.2260744565406015e-06,
A-10ml-f0.50-p+0.0-above-y270-x+0.0-y+0.0,A,yaw,10,0.5,0,above,270,0,0,18,22.01284832596418,18.142466061567834,4.480415597407324,47.89775430777567,False,81.95,28.4,210949,0,6365,0,5982,0,0,0,1.0424999999999407,,,0.6227211240079581,1.6564419610650951,28.601881605860058,34.26551248079714,5.720514774164916,70.6545613001246,-0.19905627889828942,0,0.007155052714567293,148.8208335973467,0.2712681897833058,40.81547610069124,-21.298567599151525,0.49569937925910756,13.377356969120312,,0.20012357024120322,0.4910975115932558,1.2605816820395112e-05,-0.001604974960126859,False,False,False,False,False,False,False,True,table,False,,
A-10ml-f0.80-p+20.0-above-y0-x+0.0-y+0.0,A,pitch,10,0.8,20,above,0,0,0,18,22.01284832596418,29.027945698508535,7.16866495585172,58.783233944716386,False,42.87,28.4,126118,0,2638,0,0,3416,0,0,1.3899999999999024,,,3.2960154040218694,10.186062284302164,10.83994979633645,16.634474084596665,5.720514774164916,84.18624362629663,-0.1989929659230935,0,0.007472156887488127,136.4120199039597,9.316649561392008,43.338601071370036,-14.030636433326638,7.427805161186548,1.351836543420184,,0.20010096687867268,5.245050182171233,1.1164539134006841e-05,-0.0015855253191301498,False,False,False,False,False,False,False,True,table,False,,
A-10ml-f0.80-p-10.0-above-y0-x+0.0-y+0.0,A,pitch,10,0.8,-10,above,0,0,0,18,22.01284832596418,29.027945698508535,7.16866495585172,58.783233944716386,False,58.5,28.4,154947,0,0,0,3414,0,0,0,0.7699999999999706,,,1.1376635721264459,1.3561359866740494,53.23904722914029,58.92183644637474,5.720514774164916,46.01647204295822,-0.20012855659230777,0,0.00125776485802566,167.02100955563986,0.9295415900255533,73.5408760519426,-43.122189849506164,0.7147781038311529,2.4560603930485896,,0.20010547246791027,1.2342685654374386,1.045654894575938e-05,-0.0015855253100085529,False,False,False,False,False,False,False,True,table,False,,
A-10ml-f0.80-p+5.0-above-y0-x+0.0-y+0.0,A,pitch,10,0.8,5,above,0,0,0,18,22.01284832596418,29.027945698508535,7.16866495585172,58.783233944716386,False,47.74,28.4,141280,0,10935,0,4940,0,0,0,1.1599999999999278,,,0.7941712300106772,0.9377478663508749,19.00468621832093,24.47411871585688,5.720514774164916,80.44265501266932,-0.20011452565265458,0,0.0007766864480162565,140.3536688346688,2.116906354025355,44.75095998656113,-14.36385338126081,0.46473241276855953,2.496939872051927,,0.20010660995128274,0.27565991680927293,1.0697753125226707e-05,-0.0015855253453898226,False,False,False,False,False,False,False,True,table,False,,
A-10ml-f0.80-p+0.0-above-y90-x+0.0-y+0.0,A,yaw,10,0.8,0,above,90,0,0,18,22.01284832596418,29.027945698508535,7.16866495585172,58.783233944716386,False,33.24,28.4,195181,0,0,0,5981,0,0,0,1.0424999999999407,,,0.07014283117907737,0.077087269713305,28.564687267084306,34.26548283821947,5.720514774164916,70.65400879810902,-0.1995338775188371,0,0.006718708417012991,148.8178661648392,1.053475453439128,49.09984131937248,-18.715281320873064,1.30916414536672,2.358864646170126,,0.19944603573703557,0.05573451513224646,1.3687032762131918e-05,-0.0015854101991251532,False,False,False,False,False,False,False,True,table,False,,
A-10ml-f0.80-p+0.0-above-y0-x+0.0-y+0.0,A,nominal,10,0.8,0,above,0,0,0,18,22.01284832596418,29.027945698508535,7.16866495585172,58.783233944716386,False,55.5,28.4,197432,0,0,0,5981,0,0,0,1.0424999999999407,,,0.15397648385567486,0.2461072803209289,28.56578568391603,34.26556182474531,5.720514774164916,70.65399627525848,-0.19918926023911043,0,0.007118442440129176,148.82532875360357,0.9700212740148377,49.10590594502496,-18.717513967095616,1.1170946263790111,2.390276447254326,,0.19954865464535348,0.046432333780265574,1.3336370687868338e-05,-0.0015855119857167465,False,False,False,False,False,False,False,True,table,False,,
A-10ml-f0.50-p+0.0-above-y0-x+0.0-y-6.0,A,dy,10,0.5,0,above,0,0,-6,18,22.01284832596418,18.142466061567834,4.480415597407324,47.89775430777567,False,90.54,28.4,106548,0,7650,0,5981,0,0,0,1.0424999999999407,,,3.9323216424561647,8.024364115343467,28.549165881314842,33.116364646365454,5.720514774164916,71.94084418853697,-0.20001880104618397,0,0.0031520474083111707,148.2081441330163,0.2305192880727287,40.59832381240557,-21.077822756351047,1.2164713215499814,13.259504187711586,,0.20009350369474743,6.016639697225006,0.29595133116367756,0.04108572140975237,False,False,False,False,False,False,False,True,table,False,,
A-10ml-f0.80-p+0.0-diagonal-y0-x+0.0-y+0.0,A,approach,10,0.8,0,diagonal,0,0,0,18,22.01284832596418,29.027945698508535,7.16866495585172,58.783233944716386,False,42.64,28.4,51096,0,0,0,4340,0,0,0,0.902499999999956,,,0.5211124723898024,1.2770829972659574,28.54458905279366,33.46994515299071,5.720514774164916,72.02945375165862,-0.20018996715696902,0,0.0016238847311377664,161.54738342374594,20.85409892363492,47.67370773759013,-17.380073436414886,0.3032016790125823,2.523346578134312,,0.19956923790979184,20.389026052736313,0.08168235969710821,0.005531937552802029,False,False,False,False,False,False,False,False,table,False,,
A-10ml-f0.80-p+0.0-above-y0-x-6.0-y+0.0,A,dx,10,0.8,0,above,0,-6,0,18,22.01284832596418,29.027945698508535,7.16866495585172,58.783233944716386,False,31.26,28.4,834,0,0,0,5981,0,0,94557,1.0424999999999407,,,11.837339408573687,21.289400815722107,28.58154832255175,24.16560263320984,5.720514774164916,67.58578715451884,-0.19260698186649577,0,0.00720442986962667,140.50851024856405,40.61693589299312,46.30828850164012,-28.322681648685066,19.678961685290453,-0.776782281562016,,0.18956426892825773,18.76707602796224,5.105126253142325,0.82266067875295,False,False,False,False,False,False,False,False,table,False,,
A-10ml-f0.80-p+10.0-above-y0-x+0.0-y+0.0,A,pitch,10,0.8,10,above,0,0,0,18,22.01284832596418,29.027945698508535,7.16866495585172,58.783233944716386,False,66.69,28.4,172266,249,8372,0,4213,0,0,0,1.302499999999912,,,7.10376300599574,0.2306047544975858,10.154325416348778,15.581148931768356,5.720514774164916,89.33544146555842,-0.20010353937913866,249,0.0011144217760178955,132.1293744085333,6.967193326619139,51.66761526376696,-21.347578550997962,0.7028072017339227,2.4580175813834084,,0.20010978996793155,1.242622113804815,1.1612577070626602e-05,-0.0015855253423326281,False,False,False,False,False,False,False,True,table,False,,
A-10ml-f0.80-p+0.0-above-y180-x+0.0-y+0.0,A,yaw,10,0.8,0,above,180,0,0,18,22.01284832596418,29.027945698508535,7.16866495585172,58.783233944716386,False,45.14,28.4,197533,0,0,0,5981,0,0,0,1.0424999999999407,,,0.07593416479464496,0.11570578154244082,28.56745430187423,34.26556195986329,5.720514774164916,70.65399372820228,-0.19968591541024566,0,0.000996485773108178,148.8159327714523,1.020933272109259,49.10319885137687,-18.717435456624326,1.2653897416747355,2.366024081548997,,0.20010028603022367,0.09069360991298195,1.03514553342977e-05,-0.0015855253239072705,False,False,False,False,False,False,False,True,table,False,,
A-10ml-f0.50-p+0.0-above-y0-x+0.0-y-3.0,A,dy,10,0.5,0,above,0,0,-3,18,22.01284832596418,18.142466061567834,4.480415597407324,47.89775430777567,False,97.82,28.4,106070,0,9498,0,6064,0,0,0,1.0424999999999407,,,3.4160412914251657,6.49497526384233,28.76317809197512,33.39211185419876,5.720514774164916,71.93481537869546,-0.2008859088808712,0,0.003833333721090142,147.13920597289882,5.81772133057464,53.0965767109585,-34.075634283497806,10.55720869429028,11.712799742505739,,0.20005411320559188,5.88331654842618,1.6865977003099037,0.27014338107338964,False,False,False,False,False,False,False,True,table,False,,
A-10ml-f0.50-p+0.0-above-y0-x+0.0-y+6.0,A,dy,10,0.5,0,above,0,0,6,18,22.01284832596418,18.142466061567834,4.480415597407324,47.89775430777567,False,92.45,28.4,89929,0,5392,0,5981,0,0,0,1.0424999999999407,,,3.730557313083599,7.815358255605074,28.552601557328234,33.159274363739534,5.720514774164916,71.83592263121707,-0.2010556267505667,0,0.0021425175282066018,148.18167130420454,0.26911123302814843,40.34363031098784,-20.816670097154127,1.5487564432313994,13.205153591957647,,0.19942072357408686,6.037208391758186,1.5272767283331427e-05,-0.001604972423015343,False,False,False,False,False,False,False,True,table,False,,
A-10ml-f0.80-p-5.0-above-y0-x+0.0-y+0.0,A,pitch,10,0.8,-5,above,0,0,0,18,22.01284832596418,29.027945698508535,7.16866495585172,58.783233944716386,False,86.5,28.4,232321,0,0,0,3096,0,0,0,0.902499999999956,,,0.14114557048387893,0.15662068348317723,39.97087494339832,45.673320816202654,5.720514774164916,59.24886191115276,-0.20011298742639988,0,0.00024819484313669477,157.60099820919044,0.4324084804559449,60.47115341838549,-30.06796482573078,1.5699577139404535,2.3162056051960342,,0.200099914936439,0.10286873657509911,1.0491346209810032e-05,-0.0015855253241377149,False,False,False,False,False,False,False,True,table,False,,
A-10ml-f0.80-p+0.0-above-y270-x+0.0-y+0.0,A,yaw,10,0.8,0,above,270,0,0,18,22.01284832596418,29.027945698508535,7.16866495585172,58.783233944716386,False,52.82,28.4,201277,0,0,0,5981,0,0,0,1.0424999999999407,,,0.06210290618500404,0.06194968492255789,28.56240874038266,34.26555710801381,5.720514774164916,70.65390074731093,-0.20007212224314175,0,0.002144548091767883,148.8217703482059,1.0187270589213253,49.10007667970024,-18.71416431814947,1.2558668949297251,2.367581539484095,,0.20009926282922905,0.10253084228011564,1.142271288210643e-05,-0.001585525327001207,False,False,False,False,False,False,False,True,table,False,,
A-20ml-f0.25-p+5.0-above-y0-x+0.0-y+0.0,A,pitch,20,0.25,5,above,0,0,0,18,27.734450974025386,10.848006492240843,4.595695685163375,29.524082122566295,False,22.66,28.4,165368,792,1786,0,3934,0,0,0,1.3599999999999057,,,3.740537239076727,4.965097004848141,9.562935369021051,26.305774105686055,19.309321063310293,92.19737721430657,-0.19429565326354453,792,0.007387577335727677,130.93774245179213,0.2312211357435377,14.9063015773925,-2.3357980495663373,4.549660355027681,31.303734669298386,,0.19979413963648116,2.8789920047175483,5.0509930079323e-06,-0.001556620161565109,False,False,False,False,False,False,False,True,table,False,,
A-10ml-f0.80-p+0.0-above-y0-x+6.0-y+0.0,A,dx,10,0.8,0,above,0,6,0,18,22.01284832596418,29.027945698508535,7.16866495585172,58.783233944716386,False,49.94,28.4,138846,0,5116,0,6122,0,0,0,1.0424999999999407,,,2.4772617857469985,6.421696567879277,28.76041334890895,34.25634199033703,5.720514774164916,70.79249213639386,-0.19984119282987628,0,0.001320446369720657,152.3689970778914,4.925345068869383,54.230204811393236,-23.71526521317366,1.2301568471976354,2.3717863514951674,,0.19997037900357895,2.5584960985481007,0.17449331805363755,0.020642237853563252,False,False,False,False,False,False,False,True,table,False,,
A-10ml-f0.80-p+0.0-above-y0-x+3.0-y+0.0,A,dx,10,0.8,0,above,0,3,0,18,22.01284832596418,29.027945698508535,7.16866495585172,58.783233944716386,False,52.93,28.4,194727,0,1148,0,5982,0,0,0,1.0424999999999407,,,0.5979063606524244,1.1933485545503317,28.59459273984865,34.25970794321542,5.720514774164916,70.7228113838187,-0.20014953090569804,0,0.0015681426693060232,150.67909699975723,2.390399194223131,49.19280222285802,-18.77660668762382,0.292476559899893,2.525099865627036,,0.19870306062940477,0.52875016704817,5.263014220319208e-06,-0.00158553147488777,False,False,False,False,False,False,False,True,table,False,,
A-10ml-f0.80-p+0.0-above-y0-x-3.0-y+0.0,A,dx,10,0.8,0,above,0,-3,0,18,22.01284832596418,29.027945698508535,7.16866495585172,58.783233944716386,False,67.88,28.4,1164,0,0,0,5979,0,0,88323,1.0424999999999407,,,10.964542168344805,20.64752013253548,28.55087123511169,34.24652589107477,5.720514774164916,65.96383602169084,-0.19911254683686874,0,0.007220138922088765,138.4210146102422,37.52639627164277,50.505278886937745,-26.096351858186694,10.004624573238088,0.9206240783778943,,0.19949258460197838,29.233478561785144,1.4608729816197936,0.2333186552832127,False,False,False,False,False,False,False,False,table,False,,
A-10ml-f0.80-p+0.0-above-y0-x+0.0-y-6.0,A,dy,10,0.8,0,above,0,0,-6,18,22.01284832596418,29.027945698508535,7.16866495585172,58.783233944716386,False,53.78,28.4,70171,0,0,0,5981,0,0,0,1.0424999999999407,,,2.1578803087746614,4.510346404944443,28.549829560615024,33.1972055982008,5.720514774164916,71.79536095111438,-0.2001997915687323,0,0.0027981034995384515,148.26383329083473,1.8955074389979227,47.89100286628316,-17.58381197645313,4.991426000373765,1.7548904124494884,,0.19972265878655315,5.475110708950372,0.16434935772979734,0.019080666872731765,False,False,False,False,False,False,False,True,table,False,,
A-20ml-f0.25-p+10.0-above-y0-x+0.0-y+0.0,A,pitch,20,0.25,10,above,0,0,0,18,27.734450974025386,10.848006492240843,4.595695685163375,29.524082122566295,False,31.87,28.4,176659,2376,1903,0,0,0,0,0,,,,4.729786421385942,9.241233550116695,9.567739977147994,19.31102357324703,19.309321063310293,99.18319131153682,-0.1910409903882193,2376,0.010524535197979874,125.52537637713706,0.58086262056296,8.421616892008839,4.011906193648413,9.269685309672772,30.290652099827028,,0.2000217370150033,4.098275626265041,6.2155659652833185e-06,-0.0015565913034175313,True,True,False,False,False,False,False,True,lift,False,,
A-20ml-f0.25-p+0.0-above-y0-x+0.0-y+0.0,A,nominal,20,0.25,0,above,0,0,0,18,27.734450974025386,10.848006492240843,4.595695685163375,29.524082122566295,False,38.92,28.4,185498,0,7633,0,6078,0,0,0,1.2049999999999228,,,0.4819617011908111,1.064969229309199,15.726078507881315,34.9209201692427,19.309321063310293,83.58843564983617,-0.2001163975526854,0,0.00010543954772627999,138.55260673846874,0.10521144255586523,22.11858373621109,-9.537343870662019,0.1906247084916186,32.22727718663959,,0.20010586838509112,0.37759037057323863,5.122641877509565e-06,-0.0015566051299513572,False,False,False,False,False,False,False,True,table,False,,
A-20ml-f0.25-p-10.0-above-y0-x+0.0-y+0.0,A,pitch,20,0.25,-10,above,0,0,0,18,27.734450974025386,10.848006492240843,4.595695685163375,29.524082122566295,False,58.4,28.4,192714,0,9257,0,3078,0,0,0,0.9099999999999552,,,1.7332893156804807,1.4879108825830354,39.8647098393605,58.93122253855952,19.309321063310293,59.65185940946491,-0.20012426018945623,0,8.919709385121279e-05,156.65972355260956,2.525184615148717,49.240311305970025,-36.70244566133736,1.1663372949527566,32.02097407729373,,0.20010787830293394,1.4832128239857294,6.502146373618258e-06,-0.0015566051280385517,False,False,False,False,False,False,False,True,table,False,,
A-20ml-f0.25-p-20.0-above-y0-x+0.0-y+0.0,A,pitch,20,0.25,-20,above,0,0,0,18,27.734450974025386,10.848006492240843,4.595695685163375,29.524082122566295,False,66.61,28.4,0,0,0,0,3683,0,0,0,0.657499999999983,,,0.8024977117480135,0.00512429252691734,64.542999372219,84.02962145241317,19.309321063310293,-0.0015566051326918722,-0.20010432501520875,0,1.9386734192930694e-07,198.90563232139894,4.918376421653154,105.79833814061243,-93.21692874605998,3.306651113363206e-06,32.26757539394716,,0.20010432501528222,1.1635343151377149e-07,6.830189170012755e-06,-0.0015566051326903294,False,False,False,False,False,False,False,True,table,False,,
A-20ml-f0.25-p+20.0-above-y0-x+0.0-y+0.0,A,pitch,20,0.25,20,above,0,0,0,18,27.734450974025386,10.848006492240843,4.595695685163375,29.524082122566295,False,49.59,28.4,155796,1767,1927,0,0,0,0,782,,,,9.18225350656329,19.324110707779788,9.567735925043282,19.316971765848002,19.309321063310293,99.1548105044555,-0.13126599079409107,1767,0.007812235803599493,126.31319737544497,0.5376306858435121,10.569892221256978,1.7210144237432141,19.393389692759804,28.003649344464307,,0.2000886722965376,35.6412768502821,0.1734386816529684,0.02856624834121843,True,True,False,False,False,False,False,False,lift,False,,
A-20ml-f0.25-p+0.0-side-y0-x+0.0-y+0.0,A,approach,20,0.25,0,side,0,0,0,18,27.734450974025386,10.848006492240843,4.595695685163375,29.524082122566295,False,47.88,28.4,152403,0,9650,0,6431,0,0,0,0.0025,,,4.55651483504955,6.8611210628161245,26.24983351262026,34.382920840250364,19.309321063310293,84.48399896564496,-0.19251267932830773,0,0.00692659294797164,148.3332902969279,16.69306940639331,36.59367041285547,-22.445962185815418,5.063263989724984,31.19438855024152,,0.2001345935328167,17.504206065918595,5.598568198963992e-06,-0.0015565930556383648,False,False,False,False,False,False,False,False,table,False,,
A-20ml-f0.25-p+0.0-diagonal-y0-x+0.0-y+0.0,A,approach,20,0.25,0,diagonal,0,0,0,18,27.734450974025386,10.848006492240843,4.595695685163375,29.524082122566295,False,37.37,28.4,155081,0,9571,0,4169,0,0,0,1.1099999999999333,,,4.60347262711138,6.9558425937074695,15.911807010025797,34.367673698702255,19.309321063310293,84.47163498725453,-0.19161427435934741,0,0.0067705994179881775,148.36173416370883,16.718139682583963,36.560977989865634,-22.41412736763683,5.054231987273366,31.196312910763172,,0.20006859223329207,17.511441409298637,0.14553278876262774,0.02270189662365604,False,False,False,False,False,False,False,False,table,False,,
A-20ml-f0.25-p+0.0-above-y90-x+0.0-y+0.0,A,yaw,20,0.25,0,above,90,0,0,18,27.734450974025386,10.848006492240843,4.595695685163375,29.524082122566295,False,50.04,28.4,185141,0,7697,0,6078,0,0,0,1.2049999999999228,,,0.4861964171711922,1.060622143529105,15.729595878127258,34.920909469652926,19.309321063310293,83.58845287723072,-0.20011637512155206,0,0.0008036740646395438,138.55188378412774,0.10359210291716557,22.118581098523222,-9.537325438682034,0.19809390376961006,32.225698153381835,,0.20007668388213662,0.3713758322725064,0.10956210318484269,0.015106012073549573,False,False,False,False,False,False,False,True,table,False,,
A-20ml-f0.25-p+0.0-above-y0-x+0.0-y+3.0,A,dy,20,0.25,0,above,0,0,3,18,27.734450974025386,10.848006492240843,4.595695685163375,29.524082122566295,False,19.27,28.4,178356,0,6280,0,6078,0,0,0,1.2049999999999228,,,0.5202420235358862,1.2609070766620885,15.706205365695311,34.85788378307437,19.309321063310293,83.66248498056162,-0.1926863513820043,0,0.0059473849941218794,138.4718163897134,0.10336602880339193,21.611602243753147,-9.029446899935554,0.38777170246029324,32.18559849112353,,0.19986156951155132,2.980138536601618,0.05427251481648448,0.00341394824286841,False,False,False,False,False,False,False,True,table,False,,
A-10ml-f0.80-p+0.0-above-y0-x+0.0-y-3.0,A,dy,10,0.8,0,above,0,0,-3,18,22.01284832596418,29.027945698508535,7.16866495585172,58.783233944716386,False,100.17,28.4,105946,0,5504,0,5981,0,0,0,1.0424999999999407,,,1.9007899229719303,4.133695192213435,28.566829294890656,33.39433095017476,5.720514774164916,71.89103666312866,-0.2008429356018318,0,0.003843758231899572,147.13383087146758,5.915590268633705,54.140760082507335,-24.42831303370166,10.967645577597928,0.7578013104767366,,0.19996147972419415,4.4486299788851635,1.7563376779909665,0.2821353542827251,False,False,False,False,False,False,False,True,table,False,,
A-20ml-f0.25-p-5.0-above-y0-x+0.0-y+0.0,A,pitch,20,0.25,-5,above,0,0,0,18,27.734450974025386,10.848006492240843,4.595695685163375,29.524082122566295,False,80.82,28.4,191724,0,14185,0,2751,0,0,0,1.0449999999999404,,,0.40550154085960266,0.7144043634316892,26.398637970575297,45.65472699660385,19.309321063310293,72.84837069458942,-0.200117695340854,0,0.0001563607814346382,146.93812129885308,1.4413809106704931,38.351419834530205,-25.79738349431955,1.3964383530187061,31.972305471661702,,0.2001045011483752,0.13630260168636135,6.097163388881822e-06,-0.0015566051326509447,False,False,False,False,False,False,False,True,table,False,,
A-10ml-f0.80-p+0.0-above-y0-x+0.0-y+3.0,A,dy,10,0.8,0,above,0,0,3,18,22.01284832596418,29.027945698508535,7.16866495585172,58.783233944716386,False,97.24,28.4,105990,0,6271,0,5984,0,0,0,1.0424999999999407,,,1.9954620142215111,4.220928004505569,28.63077829526199,33.39133889090206,5.720514774164916,71.84470689358756,-0.19427715951169516,0,0.004271600565770819,147.22346319725972,6.024118761681737,54.18091157364552,-24.51098372953081,12.076896737581682,0.5689292286447131,,0.20028284248792544,4.398403297255548,1.4844008183791908,0.23768429272391178,False,False,False,False,False,False,False,True,table,False,,
A-20ml-f0.25-p+0.0-above-y180-x+0.0-y+0.0,A,yaw,20,0.25,0,above,180,0,0,18,27.734450974025386,10.848006492240843,4.595695685163375,29.524082122566295,False,54.92,28.4,185097,0,7702,0,6078,0,0,0,1.2049999999999228,,,0.49612679837445245,1.0677892717200173,15.729740191462911,34.92091954620505,19.309321063310293,83.588436108245,-0.2001163830374561,0,0.00018760097934964574,138.5526300448726,0.10728532749152091,22.130162956894488,-9.548922707442953,0.19028673799753457,32.22734863562245,,0.20008571838915507,0.38336362005436586,0.10237835513817081,0.013587875757881507,False,False,False,False,False,False,False,True,table,False,,
A-20ml-f0.25-p+0.0-above-y0-x-6.0-y+0.0,A,dx,20,0.25,0,above,0,-6,0,18,27.734450974025386,10.848006492240843,4.595695685163375,29.524082122566295,False,53.82,28.4,957,0,0,0,6076,0,0,64493,1.2049999999999228,,,3.3851508248282327,4.582536599856694,15.709810464842064,24.60421607469451,19.309321063310293,80.05926046083887,-0.20021112709213418,0,0.0011136121494536837,122.53608483393857,33.88315590558674,16.72626458448687,-12.718177289011937,14.919247837784622,29.04032179865356,,0.2000635853946327,22.956790346283565,0.1845448612041827,0.03088949296082412,False,False,False,False,False,False,False,False,table,False,,
A-20ml-f0.25-p+0.0-above-y0-x+0.0-y+6.0,A,dy,20,0.25,0,above,0,0,6,18,27.734450974025386,10.848006492240843,4.595695685163375,29.524082122566295,False,23.13,28.4,180467,0,4390,0,6078,0,0,0,1.2049999999999228,,,0.32879249336733546,0.597205879815665,15.852258525153145,33.693639136341545,19.309321063310293,83.11469362767822,-0.19390461698998163,0,0.006056284389995257,139.13748291266228,0.3325712076365274,22.07236192316667,-9.486147149866731,0.7140965362430852,32.1166056673289,,0.2001024093946044,6.01297296844436,0.032298242220184056,-0.0012392961136679776,False,False,False,False,False,False,False,True,table,False,,
A-20ml-f0.25-p+0.0-above-y0-x+3.0-y+0.0,A,dx,20,0.25,0,above,0,3,0,18,27.734450974025386,10.848006492240843,4.595695685163375,29.524082122566295,False,48.06,28.4,178466,0,17841,0,6078,0,0,0,1.2049999999999228,,,2.2826584308840703,4.085355611791633,15.701920200799274,34.916559902141486,19.309321063310293,83.63983198946855,-0.20019707839392248,0,0.000888294565660625,140.51444247311207,2.332693273389753,32.73406690047341,-19.886917730886523,4.7988331775326705,31.250706397199096,,0.19879814278172303,0.731963565655052,4.00455336570039e-06,-0.0015565967310082248,False,False,False,False,False,False,False,True,table,False,,
A-10ml-f0.80-p+0.0-above-y0-x+0.0-y+6.0,A,dy,10,0.8,0,above,0,0,6,18,22.01284832596418,29.027945698508535,7.16866495585172,58.783233944716386,False,107.12,28.4,71313,0,0,0,5981,0,0,0,1.0424999999999407,,,1.622951516225827,3.4673221116989446,28.55250582681402,33.1898207558436,5.720514774164916,71.79351190965939,-0.20087115787569693,0,0.0022415031092468483,148.3312912823468,1.7396188466257636,48.06250322849866,-17.738279700156177,4.469084233345595,1.8408631148724044,,0.19997818620311755,3.919888813430617,0.2580404746632837,0.03415146977069696,False,False,False,False,False,False,False,True,table,False,,
A-20ml-f0.25-p+0.0-above-y0-x-3.0-y+0.0,A,dx,20,0.25,0,above,0,-3,0,18,27.734450974025386,10.848006492240843,4.595695685163375,29.524082122566295,False,58.79,28.4,1623,0,0,0,6076,0,0,63906,1.2049999999999228,,,5.207076160869836,6.361216032687862,15.711289608764876,28.98479838547462,19.309321063310293,81.00693096303145,-0.20019251023375984,0,0.0011346492736691823,122.68637755544191,33.20734629900761,15.99659540713331,-12.69640021168668,16.48494618236002,28.68314072997012,,0.2034806483963018,23.94528252891692,2.3210743197834782,0.4845231953870417,False,False,False,False,False,False,False,False,table,False,,
A-20ml-f0.25-p+0.0-above-y0-x+0.0-y-6.0,A,dy,20,0.25,0,above,0,0,-6,18,27.734450974025386,10.848006492240843,4.595695685163375,29.524082122566295,False,49.08,28.4,189749,0,4148,0,6076,0,0,0,1.2049999999999228,,,0.36414781876125324,0.575711924455201,15.87641505913543,33.662483325515865,19.309321063310293,83.03113234737789,-0.1965290573702691,0,0.005501440871309897,139.32412003918074,0.3102636948018778,22.198289270711637,-9.61237086964821,0.7069939360659566,32.118107413823964,,0.2001137848939044,5.996532099222519,2.831646840510158e-06,-0.0015566051384064993,False,False,False,False,False,False,False,True,table,False,,
A-20ml-f0.25-p+0.0-above-y0-x+6.0-y+0.0,A,dx,20,0.25,0,above,0,6,0,18,27.734450974025386,10.848006492240843,4.595695685163375,29.524082122566295,False,50.65,28.4,125475,0,21871,0,6055,0,0,0,1.2049999999999228,,,12.597816951617322,13.966061639970675,15.910045443921849,34.91093873950999,19.309321063310293,83.69837381147588,-0.19918767861897696,0,0.006183653410572266,142.39639279883846,4.069244131035896,46.25657682942907,-31.655476649291053,14.167771616097967,29.20988158430994,,0.20008326434656085,6.9124707221696715,0.21028288983226173,0.035869902062235996,False,False,False,False,False,False,False,True,table,False,,
A-20ml-f0.25-p+0.0-above-y270-x+0.0-y+0.0,A,yaw,20,0.25,0,above,270,0,0,18,27.734450974025386,10.848006492240843,4.595695685163375,29.524082122566295,False,79.57,28.4,185100,0,7741,0,6078,0,0,0,1.2049999999999228,,,0.5090619465249793,1.0779113197553492,15.730419390535086,34.920914816467224,19.309321063310293,83.58844358430565,-0.2001164442610101,0,0.000732011525747242,138.55116570581993,0.11082887741067912,22.13972443900905,-9.55850218169263,0.1832458066388818,32.22883712997352,,0.2000907367380676,0.40297942989386215,0.059852040883627555,0.004592327024809246,False,False,False,False,False,False,False,True,table,False,,
A-20ml-f0.50-p-20.0-above-y0-x+0.0-y+0.0,A,pitch,20,0.5,-20,above,0,0,0,18,27.734450974025386,21.696012984481687,9.19139137032675,38.22009510704798,False,37.12,28.4,0,0,0,0,3683,0,0,0,0.657499999999983,,,0.8024977117536504,0.0051236076196214606,64.542999372219,84.02962951057876,19.309321063310293,-0.0015646454856724354,-0.20010385992671326,0,1.6131237175276226e-07,198.90563864342755,1.9514202751771574,113.95001391702917,-90.52059795439635,6.037091348628668e-06,21.41956832448131,,0.20010385992680385,1.0194356152603785e-07,6.037091348628668e-06,-0.001564645485678584,False,False,False,False,False,False,False,True,table,False,,
A-20ml-f0.50-p+0.0-above-y0-x+0.0-y+0.0,A,nominal,20,0.5,0,above,0,0,0,18,27.734450974025386,21.696012984481687,9.19139137032675,38.22009510704798,False,35.56,28.4,185371,0,7652,0,6078,0,0,0,1.2049999999999228,,,0.48435733040793955,1.0615343258630006,15.728669346100753,34.92094464617503,19.309321063310293,83.58731106794615,-0.20011624708708015,0,9.761208267006468e-05,138.55106746352837,0.12418552476426237,30.92046337269157,-7.491315749517128,0.1980468425294983,21.37770161017745,,0.20008297233974207,0.38119431785218055,0.06743150509059821,0.005827848650199426,False,False,False,False,False,False,False,True,table,False,,
A-20ml-f0.50-p+5.0-above-y0-x+0.0-y+0.0,A,pitch,20,0.5,5,above,0,0,0,18,27.734450974025386,21.696012984481687,9.19139137032675,38.22009510704798,False,37.16,28.4,162104,793,2094,0,3933,0,0,0,1.3599999999999057,,,4.043198625703715,5.050085805036162,9.562934782172519,26.305736810381536,19.309321063310293,92.19660455804245,-0.19255540084545109,793,0.006968482337200898,130.93378511049676,0.13951824195710696,23.899139937648098,-0.4790641451957456,4.62505259276497,20.43968737391509,,0.19996364674389136,2.8628879249686916,5.598568198963992e-06,-0.0015646385674795292,False,False,False,False,False,False,False,True,table,False,,
A-20ml-f0.50-p-10.0-above-y0-x+0.0-y+0.0,A,pitch,20,0.5,-10,above,0,0,0,18,27.734450974025386,21.696012984481687,9.19139137032675,38.22009510704798,False,39.86,28.4,186607,0,7714,0,3078,0,0,0,0.9099999999999552,,,0.8572537580639685,0.8085284298371894,39.64906856287235,58.931325851741846,19.309321063310293,59.65063615021639,-0.20012286186641554,0,0.00018673823866975026,156.65933744767648,2.1312519490836013,54.39684670329712,-31.009368146660666,1.3636810834954924,21.131228004884306,,0.20010401790093713,0.8708018973279277,4.182619578303747e-06,-0.0015646454906733294,False,False,False,False,False,False,False,True,table,False,,
A-20ml-f0.50-p+0.0-diagonal-y0-x+0.0-y+0.0,A,approach,20,0.5,0,diagonal,0,0,0,18,27.734450974025386,21.696012984481687,9.19139137032675,38.22009510704798,False,33.7,28.4,137966,0,9090,0,4183,0,0,0,1.1099999999999333,,,2.3771444695153927,4.780425132498985,15.893738071677356,34.36790970392012,19.309321063310293,84.47041600630966,-0.19252795437473685,0,0.0072148446235733915,148.36172879415906,14.636858663373447,45.33721278144537,-21.058558418487625,3.1928670286679943,20.743886316778624,,0.19969900660384038,16.31400922282046,0.11544849281902668,0.015986460087326335,False,False,False,False,False,False,False,False,table,False,,
A-20ml-f0.50-p+0.0-above-y90-x+0.0-y+0.0,A,yaw,20,0.5,0,above,90,0,0,18,27.734450974025386,21.696012984481687,9.19139137032675,38.22009510704798,False,38.67,28.4,184865,0,7778,0,6078,0,0,0,1.2049999999999228,,,0.4755259759938711,1.0380510405320473,15.728475791568064,34.920944125314406,19.309321063310293,83.58731452659248,-0.20011622648247185,0,0.0007340172558066314,138.5504609959117,0.11956555106701551,30.910490882102184,-7.481322017323016,0.21354934969967537,21.374424281397584,,0.2000959464632582,0.3667742420730171,0.09386144122692573,0.011418107098244607,False,False,False,False,False,False,False,True,table,False,,
A-20ml-f0.50-p+10.0-above-y0-x+0.0-y+0.0,A,pitch,20,0.5,10,above,0,0,0,18,27.734450974025386,21.696012984481687,9.19139137032675,38.22009510704798,False,46.32,28.4,164302,2383,2211,0,0,0,0,0,,,,5.66812519445735,9.291112126302131,9.56773997307554,19.31079540360149,19.309321063310293,99.18192064685012,-0.20637508140008282,2383,0.01092351217490927,125.55105022155801,0.42113089558907185,18.190990218305267,5.101569415114499,9.30410039566441,19.435175592121684,,0.19996489962232933,4.189230495699673,2.699869328381916e-06,-0.0015646412829827447,True,True,False,False,False,False,False,True,lift,False,,
A-20ml-f0.50-p+20.0-above-y0-x+0.0-y+0.0,A,pitch,20,0.5,20,above,0,0,0,18,27.734450974025386,21.696012984481687,9.19139137032675,38.22009510704798,False,60.17,28.4,161812,1830,4381,0,0,0,0,44,,,,13.443711980645734,19.643413708759546,9.56773475663856,19.3171549452013,19.309321063310293,99.1541576713727,-0.1477531531197604,1830,0.005523814751803235,126.28296220171026,0.0485431220872424,24.23885126837387,-0.7765811020460367,19.68426377518314,17.086406475370016,,0.409720562539986,28.379558701277734,90.00095995557126,13.933658695295641,True,True,False,False,False,False,False,False,lift,False,,
A-20ml-f0.50-p+0.0-side-y0-x+0.0-y+0.0,A,approach,20,0.5,0,side,0,0,0,18,27.734450974025386,21.696012984481687,9.19139137032675,38.22009510704798,False,60.35,28.4,136725,0,9438,0,6443,0,0,0,0.0025,,,2.3007432348944006,4.646875504974064,26.249831779101182,34.383799477900745,19.309321063310293,84.48038775087738,-0.19486901224233244,0,0.007397207206928613,148.33210494626607,14.631317799534926,45.36688603561316,-21.077337230292176,3.2332353631287716,20.73532540954544,,0.20012043510576413,16.3463303972742,0.08894351530884155,0.010374738693967456,False,False,False,False,False,False,False,False,table,False,,
A-20ml-f0.50-p+0.0-above-y0-x-6.0-y+0.0,A,dx,20,0.5,0,above,0,-6,0,18,27.734450974025386,21.696012984481687,9.19139137032675,38.22009510704798,False,51.34,28.4,771,0,0,0,6079,0,0,60266,1.2049999999999228,,,3.54256795521175,3.316739413907976,15.712072296478846,24.51419917533478,19.309321063310293,74.9925036460188,-0.20023202536602336,0,0.0006404634745581984,126.3317909468108,37.45347348413042,33.60637966252132,-14.754637064218674,7.3725315129182105,19.852330304062583,,0.19998930158033643,28.593549232530275,0.40012347534300724,0.07477380400727249,False,False,False,False,False,False,False,False,table,False,,
A-20ml-f0.50-p+0.0-above-y0-x+6.0-y+0.0,A,dx,20,0.5,0,above,0,6,0,18,27.734450974025386,21.696012984481687,9.19139137032675,38.22009510704798,False,39.23,28.4,116089,0,16407,0,6054,0,0,0,1.2049999999999228,,,17.176901485243942,17.327748452907603,15.923899554069303,34.911077005815706,19.309321063310293,83.69732799869331,-0.19990881613785733,0,0.00683144517189884,142.38970917892073,3.4971961433612972,53.39472475647803,-27.39452176157775,18.110912298971687,17.458028926249572,,0.20014279642264085,11.225617905460142,0.06095331296026053,0.004455648775601723,False,False,False,False,False,False,False,False,table,False,,
A-20ml-f0.25-p+0.0-above-y0-x+0.0-y-3.0,A,dy,20,0.25,0,above,0,0,-3,18,27.734450974025386,10.848006492240843,4.595695685163375,29.524082122566295,False,98.4,28.4,177113,0,6217,0,6078,0,0,0,1.2049999999999228,,,0.49531831031553825,1.1260805601887913,15.725976374741608,34.9167391934737,19.309321063310293,83.59019598533558,-0.20021187429085374,0,0.0023447300445213386,138.59646380226266,0.1764362677306201,22.006330224807105,-9.423119668999947,0.5120472589707361,32.159324555524705,,0.20008288863760904,2.99842587028437,0.09220226194569285,0.01143826862186417,False,False,False,False,False,False,False,True,table,False,,
A-20ml-f0.50-p+0.0-above-y0-x+0.0-y-6.0,A,dy,20,0.5,0,above,0,0,-6,18,27.734450974025386,21.696012984481687,9.19139137032675,38.22009510704798,False,40.03,28.4,181898,0,4079,0,6074,0,0,0,1.2049999999999228,,,0.3643914618321533,0.6342107424208905,15.883091245830801,33.58535147987957,19.309321063310293,82.92113876449665,-0.1938812372982504,0,0.005345962931693725,139.34527361042765,0.1472466462039299,30.992451960236213,-7.561151969517302,0.5901348695543857,21.2948085281506,,0.2001067879164845,5.994667737726383,4.517745487845102e-06,-0.0015646454877197202,False,False,False,False,False,False,False,True,table,False,,
A-20ml-f0.50-p+0.0-above-y180-x+0.0-y+0.0,A,yaw,20,0.5,0,above,180,0,0,18,27.734450974025386,21.696012984481687,9.19139137032675,38.22009510704798,False,62.82,28.4,184854,0,7736,0,6078,0,0,0,1.2049999999999228,,,0.4887635284605334,1.0501787189989469,15.729269191103723,34.92094437973233,19.309321063310293,83.5873116458945,-0.2001162345376603,0,0.0001590296040499498,138.5511118929564,0.12480315096661677,30.90389874110997,-7.474744214204798,0.20156219413047696,21.37695844300788,,0.20008034878648226,0.38233046526131287,0.085750519833409,0.009701978640262385,False,False,False,False,False,False,False,True,table,False,,
A-20ml-f0.50-p-5.0-above-y0-x+0.0-y+0.0,A,pitch,20,0.5,-5,above,0,0,0,18,27.734450974025386,21.696012984481687,9.19139137032675,38.22009510704798,False,82.26,28.4,193749,0,11870,0,2751,0,0,0,1.0449999999999404,,,0.5185727852449532,0.8073954510172329,26.477332393454308,45.65476343571994,19.309321063310293,72.84700071305674,-0.2001172609388327,0,0.00014968884676630855,146.93683320180216,1.1769253563626676,43.90721384614718,-20.499776019213407,1.3482447369239394,21.134493133183327,,0.20010477976855098,0.2235296653627173,4.676310850554341e-06,-0.0015646454855707474,False,False,False,False,False,False,False,True,table,False,,
A-20ml-f0.80-p-20.0-above-y0-x+0.0-y+0.0,A,pitch,20,0.8,-20,above,0,0,0,18,27.734450974025386,34.713620775170696,14.7062261925228,51.237702897736995,False,33.44,28.4,0,0,0,0,3683,0,0,0,0.657499999999983,,,0.8024977117453458,0.005123602924749346,64.542999372219,84.02961121700339,19.309321063310293,-0.0015462221570712428,-0.20010339013146888,0,1.1380012701545488e-07,198.90562569446547,2.4900172062857076,126.15273857729677,-89.70571447259765,3.306651113363206e-06,8.40196111101731,,0.2001033901315328,1.1387444110099934e-07,3.306651113363206e-06,-0.0015462221570687667,False,False,False,False,False,False,False,True,table,False,,
A-20ml-f0.50-p+0.0-above-y0-x+3.0-y+0.0,A,dx,20,0.5,0,above,0,3,0,18,27.734450974025386,21.696012984481687,9.19139137032675,38.22009510704798,False,59.23,28.4,166867,0,16955,0,6073,0,0,0,1.2049999999999228,,,2.2347111295179074,4.060430221395678,15.858107403868123,34.91858300282376,19.309321063310293,83.63975715689081,-0.20016251674689206,0,0.0010904416892722987,140.49919290972434,1.7251593255395388,39.72987333834991,-16.1033314376607,4.719746146427301,20.419535087234042,,0.19985749551571808,1.6133621190034038,0.1408767079410783,0.021372394369429566,False,False,False,False,False,False,False,True,table,False,,
A-20ml-f0.50-p+0.0-above-y0-x+0.0-y+3.0,A,dy,20,0.5,0,above,0,0,3,18,27.734450974025386,21.696012984481687,9.19139137032675,38.22009510704798,False,52.99,28.4,183218,0,7355,0,6078,0,0,0,1.2049999999999228,,,0.6642810595005824,1.398868401195952,15.707441210997423,34.85364060747177,19.309321063310293,83.6624439957868,-0.2002978111084533,0,0.004196394358783526,138.4171092663315,0.09538429684420575,30.433878941812267,-7.004627835005578,0.27433983320184435,21.36157271760808,,0.20007171238541813,3.000109376264868,0.12912427446781935,0.018877478235365796,False,False,False,False,False,False,False,True,table,False,,
A-20ml-f0.50-p+0.0-above-y0-x+0.0-y-3.0,A,dy,20,0.5,0,above,0,0,-3,18,27.734450974025386,21.696012984481687,9.19139137032675,38.22009510704798,False,59.56,28.4,166732,0,5782,0,6078,0,0,0,1.2049999999999228,,,0.3950458713232789,1.062630465635,15.721329331020863,34.90108590023964,19.309321063310293,83.60667892381552,-0.20029983248059935,0,0.0028847903647882473,138.5911642539535,0.12249006611842995,30.789399350853557,-7.358788678094682,0.5333967056122239,21.306804336773045,,0.20008913526796743,2.985134970999224,0.05806478265313114,0.003845967253307246,False,False,False,False,False,False,False,True,table,False,,
A-20ml-f0.50-p+0.0-above-y270-x+0.0-y+0.0,A,yaw,20,0.5,0,above,270,0,0,18,27.734450974025386,21.696012984481687,9.19139137032675,38.22009510704798,False,78.89,28.4,184845,0,7759,0,6078,0,0,0,1.2049999999999228,,,0.4947202313253208,1.0558188976996685,15.729696507610361,34.92094562632503,19.309321063310293,83.58731617665744,-0.2001162886439145,0,0.0007031758684751025,138.54949729435404,0.12508443024392557,30.924794050633817,-7.4956417672533835,0.20083753759125447,21.37711163992868,,0.20007511617853574,0.39425256808062736,0.10789305919332794,0.014389004009308492,False,False,False,False,False,False,False,True,table,False,,
A-20ml-f0.80-p+5.0-above-y0-x+0.0-y+0.0,A,pitch,20,0.8,5,above,0,0,0,18,27.734450974025386,34.713620775170696,14.7062261925228,51.237702897736995,False,29.7,28.4,162684,798,5821,0,3930,0,0,0,1.3599999999999057,,,4.04182485413634,5.076479777862546,9.562934937431741,26.30569043770797,19.309321063310293,92.19561972564281,-0.1928537319054735,798,0.007075103438962112,130.92730236188635,0.0672381461994837,37.43277313631791,-0.9844890542197726,4.581094908287882,7.431432636134513,,0.20008726974781377,2.9711514414106395,5.533085616490783e-06,-0.0015462213174310194,False,False,False,False,False,False,False,True,table,False,,
A-20ml-f0.50-p+0.0-above-y0-x+0.0-y+6.0,A,dy,20,0.5,0,above,0,0,6,18,27.734450974025386,21.696012984481687,9.19139137032675,38.22009510704798,False,55.87,28.4,175108,0,4145,0,6078,0,0,0,1.2049999999999228,,,0.39868838782739174,0.7397493917645994,15.859819764771458,33.61623299546339,19.309321063310293,83.06660148143663,-0.2005921725495366,0,0.004971170372056816,139.17740984287647,0.28578623653436613,30.9287801379723,-7.494720552447029,0.8059594341111896,21.249175602169107,,0.20010379726773167,6.0196162301373874,0.03065564655643666,-0.001957474776338951,False,False,False,False,False,False,False,True,table,False,,
A-20ml-f0.80-p+0.0-above-y0-x+0.0-y+0.0,A,nominal,20,0.8,0,above,0,0,0,18,27.734450974025386,34.713620775170696,14.7062261925228,51.237702897736995,False,37.41,28.4,184997,0,7946,0,6078,0,0,0,1.2049999999999228,,,0.48352976832713956,1.042914308909617,15.731038163700639,34.9209401799115,19.309321063310293,83.58599747946947,-0.20011592428972186,0,3.304580296724717e-05,138.54914526319504,0.14547681139390956,44.61680177479033,-8.170142743904456,0.3120402309909772,8.33599471653085,,0.20008297033155864,0.3825488001941014,0.07679307180298145,0.007770091761643958,False,False,False,False,False,False,False,True,table,False,,
A-20ml-f0.50-p+0.0-above-y0-x-3.0-y+0.0,A,dx,20,0.5,0,above,0,-3,0,18,27.734450974025386,21.696012984481687,9.19139137032675,38.22009510704798,False,81.64,28.4,1409,0,0,0,6074,0,0,65047,1.2049999999999228,,,0.9038982497001531,1.224218502331537,15.712385454489826,28.036587369221497,19.309321063310293,82.07980076416938,-0.20022330665769167,0,0.001574414331227258,121.49884534743585,33.63092299344184,19.96544667031663,-9.246259985967162,21.78256274190348,16.579176159556066,,0.2003324862155246,19.93926443793539,8.40701379144883,1.766308842141807,False,False,False,False,False,False,False,False,table,False,,
A-20ml-f0.80-p-5.0-above-y0-x+0.0-y+0.0,A,pitch,20,0.8,-5,above,0,0,0,18,27.734450974025386,34.713620775170696,14.7062261925228,51.237702897736995,False,45.1,28.4,194798,0,1059,0,2751,0,0,0,1.0449999999999404,,,0.09580197974743138,0.06039015212928926,26.38681780060074,45.65475985910922,19.309321063310293,72.84545204984529,-0.20011663504668903,0,7.848465141211497e-05,146.93529342172897,0.8816705396188557,52.97342403027864,-16.544921555734614,1.648198423804157,8.05343051719739,,0.20010395846804765,0.006299711455154214,2.699869328381916e-06,-0.0015462221547101619,False,False,False,False,False,False,False,True,table,False,,
A-20ml-f0.80-p+0.0-side-y0-x+0.0-y+0.0,A,approach,20,0.8,0,side,0,0,0,18,27.734450974025386,34.713620775170696,14.7062261925228,51.237702897736995,False,35.95,28.4,130692,0,4801,0,6453,0,0,0,0.0025,,,0.6512219104225192,1.3565002679817162,26.249509918050236,34.383990804098595,19.309321063310293,84.47718011162428,-0.1952985438473387,0,0.007695940851995949,148.32994777179766,14.703843205010607,46.787187371852156,-9.906511516242722,1.672896220828132,8.048204924826912,,0.20010933107809845,16.456531687585798,1.2074182697257333e-06,-0.001546222146529799,False,False,False,False,False,False,False,False,table,False,,
A-20ml-f0.80-p+0.0-above-y90-x+0.0-y+0.0,A,yaw,20,0.8,0,above,90,0,0,18,27.734450974025386,34.713620775170696,14.7062261925228,51.237702897736995,False,35.78,28.4,184592,0,8198,0,6078,0,0,0,1.2049999999999228,,,0.46802741157331906,1.0100526036980746,15.729380009124556,34.92094039433484,19.309321063310293,83.58599878664472,-0.2001159000139946,0,0.0007306090034796702,138.54872233606127,0.14352130583144024,44.64996980706839,-8.203297235388652,0.32828847426750946,8.332559671443281,,0.2001041022982254,0.36588696606850357,4.517745487845102e-06,-0.001546222159964061,False,False,False,False,False,False,False,True,table,False,,
A-20ml-f0.80-p+0.0-above-y0-x+0.0-y+3.0,A,dy,20,0.8,0,above,0,0,3,18,27.734450974025386,34.713620775170696,14.7062261925228,51.237702897736995,False,16.88,28.4,183304,0,6542,0,6078,0,0,0,1.2049999999999228,,,0.4129647583974657,1.0113278128894359,15.701614548164551,34.75706682207161,19.309321063310293,83.75593375411823,-0.19908933695057113,0,0.00725898460180142,138.43169109610915,0.09267439605441415,43.79042733843068,-7.343350029368992,0.5012397265699954,8.295995202971076,,0.19951286362271675,2.9801240851987902,1.5881107829924093e-05,-0.0015462109671019744,False,False,False,False,False,False,False,True,table,False,,
A-20ml-f0.80-p+0.0-above-y0-x-6.0-y+0.0,A,dx,20,0.8,0,above,0,-6,0,18,27.734450974025386,34.713620775170696,14.7062261925228,51.237702897736995,False,34.44,28.4,789,0,0,0,6078,0,0,62295,1.2049999999999228,,,4.192840041463682,4.54237955107393,15.717583080695332,24.08135073583521,19.309321063310293,73.1677291040905,-0.20008123745993145,0,0.007708108139189958,128.4146231211176,38.642945997331616,47.88643952563497,-16.826723784779034,8.373960377918475,6.618962569848355,,0.19993286214506154,28.54100581196381,2.110977638713383,0.43909753143877256,False,True,False,False,False,False,False,False,table,False,,
A-20ml-f0.80-p+20.0-above-y0-x+0.0-y+0.0,A,pitch,20,0.8,20,above,0,0,0,18,27.734450974025386,34.713620775170696,14.7062261925228,51.237702897736995,False,57.88,28.4,143919,1745,3746,0,0,0,0,30,,,,13.047428411424612,19.779981100937032,9.567734756817517,19.31731441281723,19.309321063310293,99.15323111883184,-0.1307699140823404,1745,0.007601171264274445,126.24317478104491,0.049907448819617985,36.77618919309224,-0.3237103783132189,19.83689790473545,4.03236690552534,,0.387648663568327,28.848909682035156,90.00054423029579,13.866306565476743,True,True,False,False,False,False,False,False,lift,False,,
A-20ml-f0.80-p-10.0-above-y0-x+0.0-y+0.0,A,pitch,20,0.8,-10,above,0,0,0,18,27.734450974025386,34.713620775170696,14.7062261925228,51.237702897736995,False,71.19,28.4,180384,0,0,0,3078,0,0,0,0.9099999999999552,,,0.44202270328531307,0.38263709015735264,39.5958275391102,58.931332372364636,19.309321063310293,59.648728099337674,-0.20007541937688833,0,0.0009695106192033661,156.63767590956576,0.5480600671142152,66.07499282582246,-29.632709560171598,1.3289387943702737,8.120968917603136,,0.19997111684099386,0.48194521470377805,5.122641877509565e-06,-0.0015462217436060083,False,False,False,False,False,False,False,True,table,False,,
A-20ml-f0.80-p+0.0-diagonal-y0-x+0.0-y+0.0,A,approach,20,0.8,0,diagonal,0,0,0,18,27.734450974025386,34.713620775170696,14.7062261925228,51.237702897736995,False,57.43,28.4,128920,0,4464,0,4189,0,0,0,1.1099999999999333,,,0.6334998998251291,1.3562194618346703,15.709252123369456,34.36753285529563,19.309321063310293,84.46893103988113,-0.19174500469387734,0,0.006676726310506498,148.35773411808813,14.722806451753783,46.736977228319155,-9.878937070045973,1.584430126573553,8.066922102694727,,0.20011652554860712,16.422816430707357,5.915117333884395e-06,-0.0015462364357239084,False,False,False,False,False,False,False,False,table,False,,
A-20ml-f0.80-p+0.0-above-y270-x+0.0-y+0.0,A,yaw,20,0.8,0,above,270,0,0,18,27.734450974025386,34.713620775170696,14.7062261925228,51.237702897736995,False,48.41,28.4,184589,0,8199,0,6078,0,0,0,1.2049999999999228,,,0.47053684495440357,1.0109864511979247,15.7292530604809,34.92093908808696,19.309321063310293,83.58600307596298,-0.20011594289398582,0,0.0005790119757622038,138.54783642063344,0.14402095879242174,44.621634715680244,-8.17497281066909,0.33101210428206446,8.3319838670779,,0.20010544072379513,0.37124781947498126,2.561320938754782e-06,-0.0015462221603256934,False,False,False,False,False,False,False,True,table,False,,
A-20ml-f0.80-p+0.0-above-y0-x+6.0-y+0.0,A,dx,20,0.8,0,above,0,6,0,18,27.734450974025386,34.713620775170696,14.7062261925228,51.237702897736995,False,40.14,28.4,97082,0,10378,0,6059,0,0,0,1.2049999999999228,,,9.494663496742785,11.993414057495851,15.882422166299175,34.9106010408568,19.309321063310293,83.69612390516454,-0.20010464904660075,0,0.005038862505421076,142.3717646381335,4.938980397902225,67.07380547648563,-30.247894143296012,3.6816998747847824,7.6225640244046255,,0.2001174762599806,7.7896834026162916,0.2648501559773163,0.04738439652929758,False,False,False,False,False,False,False,True,table,False,,
A-30ml-f0.25-p-20.0-above-y0-x+0.0-y+0.0,A,pitch,30,0.25,-20,above,0,0,0,20,31.74802103936399,12.11256004651333,6.975340422317517,21.48270134647077,False,28.25,28.4,10573,0,0,0,1955,0,0,0,0.7474999999999731,,,2.204226373364936,16.068479571207327,60.97388172829746,79.86215575365352,27.60154996848948,1.6056070790152086,-0.2001032036245548,0,0.004004834438674868,196.86097632145643,15.287123792359711,104.33918916931863,-90.89737240814422,6.791835165346032,36.10830594542701,,0.19955480574278792,5.205142791288102,13.993657132438868,3.3902222278606122,False,False,False,False,False,False,False,False,table,False,,
A-20ml-f0.80-p+0.0-above-y0-x+0.0-y-6.0,A,dy,20,0.8,0,above,0,0,-6,18,27.734450974025386,34.713620775170696,14.7062261925228,51.237702897736995,False,40.34,28.4,160522,0,4078,0,6077,0,0,0,1.2049999999999228,,,0.36305785252173894,0.5662075868535865,15.873472415663969,33.57236132966929,19.309321063310293,83.11271821443412,-0.2004571055131063,0,0.0021455520149313624,139.2324546128199,0.09930450606625564,43.776394290301056,-7.327491852281098,0.7861775127381938,8.235750589155003,,0.20010892478290715,6.011891347888586,3.1945284701301985e-06,-0.001546222159334464,False,False,False,False,False,False,False,True,table,False,,
A-20ml-f0.80-p+10.0-above-y0-x+0.0-y+0.0,A,pitch,20,0.8,10,above,0,0,0,18,27.734450974025386,34.713620775170696,14.7062261925228,51.237702897736995,False,79.96,28.4,148089,2405,9930,0,0,0,0,0,,9.447000000000054,19.60049999999967,23.891005312360456,6.826989792418691,9.567739967025927,19.311175868138665,19.309321063310293,99.179989266865,-0.2290688804294297,2405,0.29765275808741753,122.5094402096584,4.633576858492225,67.40900821363239,-30.3457550041637,5.724533862832157,7.187731499507501,-0.20119221268819687,0.2268522734160598,8.489428234934191,8.99506352021738e-06,-0.0015462215577587203,True,True,False,True,False,False,True,True,lift,False,1.8474174491191109,
A-20ml-f0.80-p+0.0-above-y0-x+0.0-y+6.0,A,dy,20,0.8,0,above,0,0,6,18,27.734450974025386,34.713620775170696,14.7062261925228,51.237702897736995,False,41.48,28.4,170554,0,3758,0,6078,0,0,0,1.2049999999999228,,,0.3609329420784004,0.572431746030097,15.865856370418971,33.573858427535725,19.309321063310293,83.07325300273516,-0.20043021380047876,0,0.005189171604095455,139.28610492600103,0.11852296670758523,43.687964206612,-7.238749016892074,0.8328948847169884,8.225872394161076,,0.1967122961449252,6.013685552205323,2.2588727439225506e-06,-0.0015462207544730568,False,False,False,False,False,False,False,True,table,False,,
A-20ml-f0.80-p+0.0-above-y0-x+3.0-y+0.0,A,dx,20,0.8,0,above,0,3,0,18,27.734450974025386,34.713620775170696,14.7062261925228,51.237702897736995,False,54.77,28.4,150337,0,11875,0,6070,0,0,0,1.2049999999999228,,,1.7612129673394898,3.539844671242317,15.869092816768044,34.91705763290324,19.309321063310293,83.64106206299243,-0.2001154243732456,0,0.0005801260555694571,140.4523776501001,1.1352431408085286,47.3683824042834,-10.81509369473857,4.017638304755249,7.551223634741085,,0.20003512122034925,1.6689849672658488,0.1117649103037249,0.015170390414441274,False,False,False,False,False,False,False,True,table,False,,
A-30ml-f0.25-p-10.0-above-y0-x+0.0-y+0.0,A,pitch,30,0.25,-10,above,0,0,0,20,31.74802103936399,12.11256004651333,6.975340422317517,21.48270134647077,False,39.17,28.4,17349,0,0,0,1603,0,0,6508,0.9974999999999455,,,4.347062744795512,28.99197325302638,59.16604298231241,58.8902862203691,27.60154996848948,3.6532509762890744,-0.20005685794809158,0,0.002226816506102286,195.35600598658968,21.74382609959502,104.69461974402111,-91.0814429240414,1.5674451179212405,37.3961690625224,,1.6563970419794727,94.72728791019387,90.00029989536307,16.112700014810088,False,False,False,False,False,False,False,False,table,False,,
A-30ml-f0.25-p-5.0-above-y0-x+0.0-y+0.0,A,pitch,30,0.25,-5,above,0,0,0,20,31.74802103936399,12.11256004651333,6.975340422317517,21.48270134647077,False,37.76,28.4,195207,0,0,0,2521,0,0,0,1.1424999999999297,,,0.07711137849363604,0.03054068876916566,18.592898886113275,46.02810878865293,27.60154996848948,80.76925798346055,-0.20013936520151682,0,0.00025650982263811164,141.05510450536988,2.5557845896592934,23.690448134950245,-9.658064299313818,1.5202193834384463,37.40774907924057,,0.20012693710991034,0.03044973579361082,4.436338000413295e-06,-0.0015491465761492006,False,False,False,False,False,False,False,True,table,False,,
A-20ml-f0.80-p+0.0-above-y180-x+0.0-y+0.0,A,yaw,20,0.8,0,above,180,0,0,18,27.734450974025386,34.713620775170696,14.7062261925228,51.237702897736995,False,76.5,28.4,184598,0,8217,0,6078,0,0,0,1.2049999999999228,,,0.47267978157152263,1.014021707825587,15.729525565417097,34.92094043946589,19.309321063310293,83.5859977539869,-0.20011590896601428,0,0.00020470100130980085,138.5492832246019,0.14453313469474904,44.63804135782894,-8.191376698470476,0.32461425570678026,8.333336439845391,,0.20010396068267647,0.3709148745750108,6.097163388881822e-06,-0.001546222155603214,False,False,False,False,False,False,False,True,table,False,,
A-30ml-f0.25-p+20.0-above-y0-x+0.0-y+0.0,A,pitch,30,0.25,20,above,0,0,0,20,31.74802103936399,12.11256004651333,6.975340422317517,21.48270134647077,False,28.56,28.4,150925,3368,20754,0,0,0,0,27,,9.462000000000073,26.34949999998394,6.107952045687576,16.16431462193917,9.567734749017163,27.601266523975085,27.60154996848948,99.15216984674332,-0.20636356688538,3368,0.3159657114793249,123.05630563205374,3.269391706649758,9.736142128124394,3.2757059470245045,16.198534125723715,33.70200069217592,0.5773058290055676,0.6261611480790904,31.974089151515216,90.00081642472237,15.95371545890801,True,True,False,True,False,False,True,False,lift,False,1.4088439230458703,
A-20ml-f0.80-p+0.0-above-y0-x-3.0-y+0.0,A,dx,20,0.8,0,above,0,-3,0,18,27.734450974025386,34.713620775170696,14.7062261925228,51.237702897736995,False,74.24,28.4,1095,0,0,0,6075,0,0,64486,1.2049999999999228,,,7.499875157969089,9.44898313365963,15.711835604917392,28.293028494543268,19.309321063310293,79.69659736883474,-0.20022319558248014,0,0.0009683704965685499,123.38252241510929,39.74770134944865,41.42447259213811,-12.161201313453343,10.550824873458636,6.145920393940827,,0.20230217326050617,29.17662795309203,1.0264248843342543,0.20926354019914298,False,False,False,False,False,False,False,False,table,False,,
A-20ml-f0.80-p+0.0-above-y0-x+0.0-y-3.0,A,dy,20,0.8,0,above,0,0,-3,18,27.734450974025386,34.713620775170696,14.7062261925228,51.237702897736995,False,62.54,28.4,167017,0,6759,0,6078,0,0,0,1.2049999999999228,,,0.5399801612120696,1.2999232832394365,15.701739743326545,34.730509620346325,19.309321063310293,83.77509918872539,-0.20006910466560668,0,0.005564648764551425,138.3679514927445,0.1182158354971733,44.61415115940033,-8.166451647206863,0.5912997086065876,8.276954460066252,,0.20010656493476306,2.9852237228730205,2.2588727439225506e-06,-0.0015462221441596526,False,False,False,False,False,False,False,True,table,False,,
A-30ml-f0.25-p+0.0-above-y180-x+0.0-y+0.0,A,yaw,30,0.25,0,above,180,0,0,20,31.74802103936399,12.11256004651333,6.975340422317517,21.48270134647077,False,23.76,28.4,177279,0,0,0,5311,0,0,0,1.3274999999999093,,,0.07125166951874039,0.014864252258797693,9.560148708607572,36.04169567420341,27.60154996848948,90.76098013476302,-0.19985589396433884,0,0.0067935071867423645,133.3102822286203,0.02401785642531186,13.673139462847375,0.4234249199945722,0.5451712491099909,37.646746234770234,,0.19931370794121778,0.06683274920235462,6.445849674396954e-06,-0.001549105161458677,False,False,True,False,False,False,False,True,table,False,,
A-30ml-f0.25-p+0.0-above-y0-x+0.0-y+0.0,A,nominal,30,0.25,0,above,0,0,0,20,31.74802103936399,12.11256004651333,6.975340422317517,21.48270134647077,False,44.35,28.4,175788,0,0,0,5311,0,0,0,1.3274999999999093,,,0.07872876407474806,0.04017304157943439,9.560148712026233,36.0416972321331,27.60154996848948,90.76098230331381,-0.19981312403977852,0,0.006660455744110372,133.30318397882382,0.028020285886829074,13.673325159855551,0.42320516032384736,0.5369159852168017,37.6487691830509,,0.1996652143459748,0.05057743901077578,4.829673078902934e-06,-0.0015491300832646746,False,False,True,False,False,False,False,True,table,False,,
A-30ml-f0.25-p+0.0-above-y270-x+0.0-y+0.0,A,yaw,30,0.25,0,above,270,0,0,20,31.74802103936399,12.11256004651333,6.975340422317517,21.48270134647077,False,24.67,28.4,176333,0,0,0,5311,0,0,0,1.3274999999999093,,,0.07660373970568059,0.025025171930815545,9.560148710770177,36.041703232242455,27.60154996848948,90.7609780419519,-0.20004807266219005,0,0.006810374879688074,133.3042561026853,0.02898130617376676,13.673877950694727,0.4226413509985649,0.5410684014502042,37.6477516362216,,0.19954957998016853,0.05314637988554591,5.598568198963992e-06,-0.001549140657120989,False,False,True,False,False,False,False,True,table,False,,
A-30ml-f0.25-p+0.0-side-y0-x+0.0-y+0.0,A,approach,30,0.25,0,side,0,0,0,20,31.74802103936399,12.11256004651333,6.975340422317517,21.48270134647077,False,41.81,28.4,105200,477,13477,0,6286,0,0,0,0.0025,,,15.871204743430674,15.29866098614581,18.676211342865013,35.73348099993117,27.60154996848948,91.17351623584699,-0.194044609209236,477,0.006476188863857165,136.3493980633248,5.846608882095309,47.524871299545964,-30.53786490035884,15.937605966812006,33.77123960940809,,0.2001618648846916,12.981177123125516,4.182619578303747e-06,-0.0015491140586336469,False,False,False,False,False,False,False,False,table,False,,
A-30ml-f0.50-p-10.0-above-y0-x+0.0-y+0.0,A,pitch,30,0.5,-10,above,0,0,0,20,31.74802103936399,24.22512009302666,13.950680844635034,32.70782143949743,False,8.23,28.4,3485,0,0,0,2868,0,0,99,0.9974999999999455,,,0.802759006464319,0.003447426133270316,31.31844597670856,58.86677357181981,27.60154996848948,15.872931968653727,0.06767544103349066,0,0.003674731246700645,244.85801465368107,100.98320383530813,-17.809140198987812,-100.69505169959015,90.00025065991333,3209068.1841118243,,0.0037071921378655703,18.147929575722543,90.00025061803534,15.872927775873391,False,False,False,False,False,False,False,False,table,False,,
A-30ml-f0.25-p+0.0-diagonal-y0-x+0.0-y+0.0,A,approach,30,0.25,0,diagonal,0,0,0,20,31.74802103936399,12.11256004651333,6.975340422317517,21.48270134647077,False,44.22,28.4,105252,702,13506,0,4507,0,0,0,1.2624999999999165,,,15.95066890071195,15.349453743402778,8.79041701120044,35.71102398098802,27.60154996848948,91.19763255823618,-0.1903079495354995,702,0.009606410246269891,136.3269727722487,5.8199116176571195,47.64433232428986,-30.651323237322075,15.971280019612719,33.762314172529635,,0.20012069817696512,12.928802107412787,0.04569080232598879,0.0028883950261911493,False,False,False,False,False,False,False,False,table,False,,
A-30ml-f0.25-p+0.0-above-y90-x+0.0-y+0.0,A,yaw,30,0.25,0,above,90,0,0,20,31.74802103936399,12.11256004651333,6.975340422317517,21.48270134647077,False,45.21,28.4,176897,0,0,0,5311,0,0,0,1.3274999999999093,,,0.07027713912281347,0.027446321092878038,9.560148719587692,36.04169404967196,27.60154996848948,90.760983111609,-0.19987402169707041,0,0.006024231171632004,133.3065856366095,0.028021545706134268,13.672170628691951,0.42436078024948864,0.53462907193489,37.64932958903489,,0.19928111848455846,0.06296586334571869,5.4668187275950014e-06,-0.001549140723883606,False,False,True,False,False,False,False,True,table,False,,
A-30ml-f0.25-p+10.0-above-y0-x+0.0-y+0.0,A,pitch,30,0.25,10,above,0,0,0,20,31.74802103936399,12.11256004651333,6.975340422317517,21.48270134647077,False,62.6,28.4,151917,3321,23140,0,0,0,0,0,,9.473500000000087,19.60049999999967,3.008485017947153,7.559440783907429,9.567739939810547,27.600386872968265,27.60154996848948,99.1782494662448,-0.20493385313549023,3321,0.2230946542295792,126.12683701794295,1.8271927032515454,9.54950904261461,4.272207086048807,7.4531748233200235,35.94372735813317,-0.20245121285640255,0.3826493884101599,17.208056002498815,3.316877595334509,0.798042563451357,True,True,False,True,False,False,True,False,lift,False,1.4025738876188996,
A-30ml-f0.25-p+5.0-above-y0-x+0.0-y+0.0,A,pitch,30,0.25,5,above,0,0,0,20,31.74802103936399,12.11256004651333,6.975340422317517,21.48270134647077,False,65.47,28.4,155951,3486,25359,0,0,0,0,0,,9.471500000000084,19.60049999999967,1.437365736908979,3.1702983402103944,9.56774379437017,27.600700763069007,27.60154996848948,99.19094379996557,-0.16348684443680261,3486,0.27440718340801,125.93021220943265,1.0462911682366896,9.462371741804903,4.570196225904072,3.141508982005321,37.00980343788917,-0.20447885226571758,0.3146991215569599,1.283639848266154,1.076567604966661e-05,-0.001549145484056771,True,True,True,True,False,False,True,True,cap_away,False,1.5763407320065084,
A-30ml-f0.25-p+0.0-above-y0-x+6.0-y+0.0,A,dx,30,0.25,0,above,0,6,0,20,31.74802103936399,12.11256004651333,6.975340422317517,21.48270134647077,False,35.07,28.4,105990,692,2307,0,5303,0,0,0,1.3274999999999093,,,3.349868898231675,7.346324585570662,9.560137676826466,36.03603974870682,27.60154996848948,90.82164375328725,-0.19489420458619622,692,0.007747373210241276,136.57065007251418,7.455561925576836,15.227952935197512,-0.09932936183017216,7.872274804337448,35.8391768915177,,0.20014027944725268,2.6909515023203627,5.399738656763834e-06,-0.001549145879004154,False,False,False,False,False,False,False,True,table,False,,
A-30ml-f0.25-p+0.0-above-y0-x+0.0-y-3.0,A,dy,30,0.25,0,above,0,0,-3,20,31.74802103936399,12.11256004651333,6.975340422317517,21.48270134647077,False,33.51,28.4,143380,0,0,0,5311,0,0,0,1.3274999999999093,,,0.17401888302923127,0.1979049918769469,9.560148717607415,36.0611395828536,27.60154996848948,90.73555660538777,-0.19731690655146183,0,0.0060396273616393275,133.46141812113822,0.14563134376673836,13.742536727513137,0.35557245119083314,0.5432943128909223,37.64720617753445,,0.20016193985240174,3.0319161702684148,0.0341916309045717,6.491597680446886e-05,False,False,True,False,False,False,False,True,table,False,,
A-30ml-f0.25-p+0.0-above-y0-x+3.0-y+0.0,A,dx,30,0.25,0,above,0,3,0,20,31.74802103936399,12.11256004651333,6.975340422317517,21.48270134647077,False,38.73,28.4,156986,363,3631,0,5311,0,0,0,1.3274999999999093,,,1.1276266183997756,2.282206751415537,9.560148580749626,36.038179999931344,27.60154996848948,90.79195247049488,-0.20007970332711067,363,0.0017507488476373012,135.301638856026,3.2882695284634025,15.451490708434019,-1.2076679591472295,2.5395373170413125,37.15766763304317,,0.2001683802062883,1.1725605036133933,0.09880315554280512,0.015906658262164988,False,False,True,False,False,False,False,True,table,False,,
A-30ml-f0.25-p+0.0-above-y0-x-3.0-y+0.0,A,dx,30,0.25,0,above,0,-3,0,20,31.74802103936399,12.11256004651333,6.975340422317517,21.48270134647077,False,43.32,28.4,1474,0,0,0,5145,0,0,48931,1.3274999999999093,,,2.2473519790549106,2.664200436121542,9.561294417703674,34.11755884082523,27.60154996848948,63.61628082826895,-0.20010329502673924,0,0.0010944728680648797,141.97386219337957,33.64065173973387,50.10522978055252,-27.57630262177628,13.848395566146962,34.31943456913594,,0.198312553291207,42.60909558985585,3.0958611366635846,0.7510294937930263,False,False,False,False,False,False,False,False,table,False,,
A-30ml-f0.50-p+0.0-above-y0-x+0.0-y+0.0,A,nominal,30,0.5,0,above,0,0,0,20,31.74802103936399,24.22512009302666,13.950680844635034,32.70782143949743,False,24.47,28.4,178685,0,0,0,5311,0,0,0,1.3274999999999093,,,0.0700878238020641,0.02713858297001215,9.56014871435578,36.04173036429846,27.60154996848948,90.75927550111712,-0.19970294332994493,0,0.006552685595655866,133.30121683039238,0.1353774626707735,24.868656594924914,1.339388557776891,0.536489942245878,25.536313538005164,,0.19943788411374383,0.06134715534864975,3.6222548091772e-06,-0.0015625969515401304,False,False,True,False,False,False,False,True,table,False,,
A-30ml-f0.25-p+0.0-above-y0-x+0.0-y-6.0,A,dy,30,0.25,0,above,0,0,-6,20,31.74802103936399,12.11256004651333,6.975340422317517,21.48270134647077,False,44.84,28.4,128119,0,0,0,5311,0,0,0,1.3274999999999093,,,0.1493484674048786,0.01918035869220358,9.56014873040547,36.10121980675235,27.60154996848948,90.69972823728854,-0.19819496225936123,0,0.004858986473550917,133.67971769312788,0.3811542889732822,13.77738257833697,0.322628073557249,0.48649088767375465,37.66112571244846,,0.20016340875826955,6.07985553068428,6.273929367455621e-06,-0.0015491650316184309,False,False,True,False,False,False,False,True,table,False,,
A-30ml-f0.25-p+0.0-above-y0-x-6.0-y+0.0,A,dx,30,0.25,0,above,0,-6,0,20,31.74802103936399,12.11256004651333,6.975340422317517,21.48270134647077,False,59.24,28.4,1143,0,0,0,5042,0,0,76688,1.3274999999999093,,,0.4055550030643894,0.4312792467123923,9.555888137195115,31.142494031664317,27.60154996848948,69.548043867176,-0.20008655553594573,0,0.002556446233634173,136.07571509131537,36.347729153260694,45.59667054223102,-21.349070764398416,14.565036832843633,34.132580413563126,,0.7937398243668282,25.745479634185013,90.00041387719418,15.873012672693168,False,True,False,False,False,False,False,False,table,False,,
A-30ml-f0.50-p-20.0-above-y0-x+0.0-y+0.0,A,pitch,30,0.5,-20,above,0,0,0,20,31.74802103936399,24.22512009302666,13.950680844635034,32.70782143949743,False,46.9,28.4,10641,0,0,0,1955,0,0,0,0.7474999999999731,,,0.9371753458550398,1.113216459478145,61.92440956380309,79.9552221517228,27.60154996848948,0.1523044878107664,-0.20007905311466428,0,0.0036042642566248796,196.90893685348286,7.227291037256923,117.04016174575496,-90.84449756460356,0.11504443834627054,25.639583142657752,,0.20016124698749854,11.330320509516667,2.699869328381916e-06,-0.0015625038233016732,False,False,False,False,False,False,False,False,table,False,,
A-30ml-f0.50-p+0.0-above-y0-x-6.0-y+0.0,A,dx,30,0.5,0,above,0,-6,0,20,31.74802103936399,24.22512009302666,13.950680844635034,32.70782143949743,False,14.57,28.4,1156,0,0,0,5103,0,0,70108,1.3274999999999093,,,1.2054892757331233,0.6255103484827786,16.20274982848107,31.234678782881176,27.60154996848948,38.07861215691929,-0.19308416568319248,0,0.007302972225268508,158.50908500581042,46.50201908928027,78.3519434559734,-51.41830937567468,0.8866917282030814,25.45049091360962,,0.7834810594938335,25.966680711399178,90.0005591113467,15.885335034168477,False,True,False,False,False,False,False,False,table,False,,
A-30ml-f0.25-p+0.0-above-y0-x+0.0-y+6.0,A,dy,30,0.25,0,above,0,0,6,20,31.74802103936399,12.11256004651333,6.975340422317517,21.48270134647077,False,49.43,28.4,158577,0,0,0,5311,0,0,0,1.3274999999999093,,,0.1951711258174695,0.3028781007302448,9.560148738249472,35.98251696023164,27.60154996848948,90.83013593117165,-0.20027936791956052,0,0.003380883234247352,133.7859360986122,0.4933927455935703,13.55737115240171,0.5408041492045712,0.16414095359086633,37.74011311336763,,0.19994345943348205,6.000888527967882,8.872676000826597e-06,-0.0015491647704009486,False,False,True,False,False,False,False,True,table,False,,
A-30ml-f0.50-p+0.0-above-y90-x+0.0-y+0.0,A,yaw,30,0.5,0,above,90,0,0,20,31.74802103936399,24.22512009302666,13.950680844635034,32.70782143949743,False,21.97,28.4,175682,0,0,0,5311,0,0,0,1.3274999999999093,,,0.07705553573067664,0.03995028423975513,9.560148715586358,36.04172925629274,27.60154996848948,90.7592744404652,-0.19990011287823045,0,0.006502961354171939,133.3052885826401,0.13523648144927028,24.869447941577384,1.338602792478563,0.5348088726106462,25.53672548254745,,0.19934339330816866,0.05055002301579418,2.2588727439225506e-06,-0.0015625978242013322,False,False,True,False,False,False,False,True,table,False,,
A-30ml-f0.50-p+5.0-above-y0-x+0.0-y+0.0,A,pitch,30,0.5,5,above,0,0,0,20,31.74802103936399,24.22512009302666,13.950680844635034,32.70782143949743,False,41.5,28.4,154813,3442,2866,0,0,0,0,0,,9.475500000000089,19.60049999999967,1.4516016652148669,3.061754176425342,9.567743794327358,27.6005771386798,27.60154996848948,99.1897042730407,-0.2467385998593044,3442,0.17184861786414443,125.83342616188229,0.8264832766942461,17.583786801124194,8.56970014875498,3.0399949869918443,24.922189654964942,-0.20428681791736378,0.30365759097176653,1.2671802684638704,0.0676316246068008,0.007819177607417956,True,True,True,True,False,False,True,True,cap_away,False,1.617749523183534,
A-30ml-f0.50-p+10.0-above-y0-x+0.0-y+0.0,A,pitch,30,0.5,10,above,0,0,0,20,31.74802103936399,24.22512009302666,13.950680844635034,32.70782143949743,False,41.45,28.4,147701,3293,2867,0,0,0,0,0,,9.470000000000082,19.60049999999967,2.9594985308085313,7.417665506114652,9.56773994172392,27.60046053923425,27.60154996848948,99.17682810531684,-0.23748732098350517,3293,0.15843692228149486,126.07924924451366,1.4636392214947769,17.488302712166256,8.459951115998537,7.403934897456065,23.843437563362134,-0.20179354393819177,0.2461640863080666,15.83449079884877,4.322189085163433,1.0486733663851913,True,True,True,True,False,False,True,False,cap_away,False,1.4642961604984541,
A-30ml-f0.50-p+0.0-above-y0-x+3.0-y+0.0,A,dx,30,0.5,0,above,0,3,0,20,31.74802103936399,24.22512009302666,13.950680844635034,32.70782143949743,False,20.81,28.4,153655,346,3495,0,5311,0,0,0,1.3274999999999093,,,1.136454236435761,2.286048439137273,9.560148521170465,36.03822012932344,27.60154996848948,90.79025708749693,-0.19347028600281285,346,0.007340754985516133,135.29838799755368,2.794724979713456,26.688402167426,-0.35418306835736935,2.551036744143125,25.042284341046216,,0.20013931456997028,1.1695659049156923,0.07150794988955933,0.008769749756912922,False,False,True,False,False,False,False,True,table,False,,
A-30ml-f0.25-p+0.0-above-y0-x+0.0-y+3.0,A,dy,30,0.25,0,above,0,0,3,20,31.74802103936399,12.11256004651333,6.975340422317517,21.48270134647077,False,65.76,28.4,125667,0,0,0,5311,0,0,0,1.3274999999999093,,,0.25022664556624385,0.459112181238985,9.560148742520688,35.94951016616218,27.60154996848948,90.86005429463245,-0.20005642211610303,0,0.0020297947315356213,133.2785007153144,0.28787542784693226,13.54465618415682,0.5563929194732781,0.8584541868663105,37.56997154357602,,0.20016233400422595,2.9826980477925438,4.26886823125797e-06,-0.0015491462360976117,False,False,True,False,False,False,False,True,table,False,,
A-30ml-f0.50-p+0.0-above-y180-x+0.0-y+0.0,A,yaw,30,0.5,0,above,180,0,0,20,31.74802103936399,24.22512009302666,13.950680844635034,32.70782143949743,False,32.49,28.4,175859,0,0,0,5311,0,0,0,1.3274999999999093,,,0.06891637738833642,0.015207013904928264,9.5601487131277,36.04172941646916,27.60154996848948,90.7592728031907,-0.19994813104758785,0,0.006156818552226573,133.30894467319473,0.13371353119903526,24.868886420614064,1.3391613989516964,0.5415080507681047,25.535083853854697,,0.1997429185851577,0.06833929740238552,4.00455336570039e-06,-0.0015625955933073062,False,False,True,False,False,False,False,True,table,False,,
A-30ml-f0.50-p+0.0-above-y0-x-3.0-y+0.0,A,dx,30,0.5,0,above,0,-3,0,20,31.74802103936399,24.22512009302666,13.950680844635034,32.70782143949743,False,27.57,28.4,13199,0,0,0,2869,0,0,24703,1.3274999999999093,,,1.4251968669952744,5.798689734445173,57.594927987625375,34.47444874883205,27.60154996848948,0.681859068742676,-0.20004714102539456,0,0.004806158893989613,201.70998426817482,26.74821177451268,115.96438669386838,-90.03353891568536,0.6737126405106145,25.502686416449986,,0.2001106429396633,21.99324182801472,2.8696894768135253,0.6971880259961348,False,False,False,False,False,False,False,False,table,False,,
A-30ml-f0.50-p+0.0-above-y0-x+0.0-y-6.0,A,dy,30,0.5,0,above,0,0,-6,20,31.74802103936399,24.22512009302666,13.950680844635034,32.70782143949743,False,19.55,28.4,163466,0,0,0,5311,0,0,0,1.3274999999999093,,,0.16525080765162453,0.1539955460114217,9.560148750365101,35.70621905608385,27.60154996848948,91.090617151869,-0.19869939505608863,0,0.007354486875449028,133.71519957711325,0.46151777845810615,24.55830605815155,1.6504770539023383,0.0728690959300185,25.64991729587332,,0.2001334634221808,5.971653320210593,0.0656734569152,0.007338165028461843,False,False,True,False,False,False,False,True,table,False,,
A-30ml-f0.50-p+20.0-above-y0-x+0.0-y+0.0,A,pitch,30,0.5,20,above,0,0,0,20,31.74802103936399,24.22512009302666,13.950680844635034,32.70782143949743,False,51.74,28.4,142517,3373,1023,0,0,0,0,26,,,,6.071519139824832,16.17927294159299,9.567734981810078,27.60141787997843,27.60154996848948,99.15090836965605,-0.10688900170127691,3373,0.007746431140118615,126.04980669754595,2.7182583824758964,16.842832438312463,8.226838172083514,16.304827181561468,21.561182738430272,,1.3212873375730974,39.648575528859816,90.00025817920293,15.872931329837751,True,True,False,False,False,False,False,False,lift,False,,
A-30ml-f0.50-p+0.0-above-y270-x+0.0-y+0.0,A,yaw,30,0.5,0,above,270,0,0,20,31.74802103936399,24.22512009302666,13.950680844635034,32.70782143949743,False,43.66,28.4,176343,0,0,0,5311,0,0,0,1.3274999999999093,,,0.07682062948752681,0.024800611981029445,9.560148709068162,36.04173691265588,27.60154996848948,90.75926984089689,-0.2001660053939508,0,0.006829993473290154,133.30326594872548,0.13724775295200983,24.870709315467014,1.3373067386415194,0.5409484107643177,25.535220993365325,,0.19955126322965047,0.05388208570731477,4.90455619685548e-06,-0.0015625697484472705,False,False,True,False,False,False,False,True,table,False,,
A-30ml-f0.50-p-5.0-above-y0-x+0.0-y+0.0,A,pitch,30,0.5,-5,above,0,0,0,20,31.74802103936399,24.22512009302666,13.950680844635034,32.70782143949743,False,67.86,28.4,182704,0,0,0,2521,0,0,0,1.1424999999999297,,,0.11369166832012446,0.08327345175120485,18.592564254731695,46.0281810776591,27.60154996848948,80.76716251769543,-0.20014642170989444,0,0.0002914039633436456,141.0556037135429,1.891983155432254,34.86819778984089,-8.704858897596008,1.481887880044532,25.304587760565845,,0.20012722617793188,0.03718404940627051,5.7905745997743736e-06,-0.0015625969766271688,False,False,False,False,False,False,False,True,table,False,,
A-30ml-f0.80-p+0.0-above-y0-x+0.0-y+0.0,A,nominal,30,0.8,0,above,0,0,0,20,31.74802103936399,38.76019214884267,22.32108935141606,47.24289349531343,False,24.33,28.4,161887,0,0,0,5311,0,0,0,1.3274999999999093,,,0.08786309892347326,0.06324549910448378,9.560148716907559,36.04174038863664,27.60154996848948,90.75726485678945,-0.19979436991043875,0,0.006779338726444982,133.30163714280056,0.2740207575815761,39.368160680358685,1.3737563387740404,0.5165750984391312,11.00612158169611,,0.19898476007061702,0.031557540561539504,3.818191820832846e-06,-0.0015433584024864564,False,False,True,False,False,False,False,True,table,False,,
A-30ml-f0.80-p-10.0-above-y0-x+0.0-y+0.0,A,pitch,30,0.8,-10,above,0,0,0,20,31.74802103936399,38.76019214884267,22.32108935141606,47.24289349531343,False,26.64,28.4,24834,0,0,0,1605,0,0,88,0.9974999999999455,,,1.5095312990282075,6.06317230478735,59.79410546067814,58.836815094482766,27.60154996848948,0.7901203235285712,-0.1996393532877963,0,0.004773180790359551,202.6708376764783,7.296622806421696,130.54198915331392,-89.88562719369877,0.9408781159579869,10.902138315949092,,1.0772934037641821,21.66554915261892,90.00031800286028,15.87297194356865,False,False,False,False,False,False,False,False,table,False,,
A-30ml-f0.50-p+0.0-above-y0-x+6.0-y+0.0,A,dx,30,0.5,0,above,0,6,0,20,31.74802103936399,24.22512009302666,13.950680844635034,32.70782143949743,False,38.98,28.4,102484,693,2112,0,5302,0,0,0,1.3274999999999093,,,3.3048523643815746,7.318013602145926,9.56013607827825,36.03604877128055,27.60154996848948,90.82004650066517,-0.1964729261983919,693,0.007919782587548347,136.59626685813038,5.895816877948722,26.276001078549108,0.7387023781004615,7.844675065850958,23.73350837562304,,0.20016319922010495,2.898207602226279,4.676310850554341e-06,-0.001562596046420429,False,False,False,False,False,False,False,True,table,False,,
A-30ml-f0.80-p-20.0-above-y0-x+0.0-y+0.0,A,pitch,30,0.8,-20,above,0,0,0,20,31.74802103936399,38.76019214884267,22.32108935141606,47.24289349531343,False,29.42,28.4,10842,0,0,0,1955,0,0,0,0.7474999999999731,,,0.8035706067629744,0.42921728876834436,62.003837764527205,80.07015953459882,27.60154996848948,0.008424863104466761,-0.20010547951463536,0,0.0032118433333589683,197.15274439136934,1.8274211964215203,130.68807069969355,-89.94561339949037,0.07039732380282485,11.115450893515009,,0.19987616664135532,13.11098978765552,5.0344666209973425,1.2277246366745558,False,False,False,False,False,False,False,False,table,False,,
A-30ml-f0.50-p+0.0-above-y0-x+0.0-y-3.0,A,dy,30,0.5,0,above,0,0,-3,20,31.74802103936399,24.22512009302666,13.950680844635034,32.70782143949743,False,52.31,28.4,118428,0,0,0,5311,0,0,0,1.3274999999999093,,,0.46755160494861786,0.577066265281656,9.560148732343809,35.783585872756426,27.60154996848948,91.01684190379954,-0.1904768171621593,0,0.006164990852737576,133.3526765263721,0.062954848316792,24.661659745854823,1.5479547535441063,0.3168923539074818,25.590124068769473,,0.20013389765963607,3.049871129316501,0.08984127885917301,0.01326892316556944,False,False,True,False,False,False,False,True,table,False,,
A-30ml-f0.50-p+0.0-diagonal-y0-x+0.0-y+0.0,A,approach,30,0.5,0,diagonal,0,0,0,20,31.74802103936399,24.22512009302666,13.950680844635034,32.70782143949743,False,75.09,28.4,95861,395,13210,0,4514,0,0,0,1.2624999999999165,,,10.316361433812922,15.480814245892597,8.781083525594504,35.71353686512631,27.60154996848948,91.19341011659664,-0.20079586657955478,395,0.0054273301758924865,135.81613970741657,5.313682299421112,49.95264588397227,-21.34834583589229,16.053141223122104,21.62804396044832,,0.20006220997538457,17.70356632522636,0.15866968138375315,0.03016551035127171,False,False,False,False,False,False,False,False,table,False,,
A-30ml-f0.80-p-5.0-above-y0-x+0.0-y+0.0,A,pitch,30,0.8,-5,above,0,0,0,20,31.74802103936399,38.76019214884267,22.32108935141606,47.24289349531343,False,42.35,28.4,156223,0,0,0,2521,0,0,0,1.1424999999999297,,,0.10751758525826842,0.07428471608602748,18.592163474045737,46.02819440152967,27.60154996848948,80.76501259872093,-0.2001416820820584,0,0.00019454796698215802,141.0535306634363,1.0043582922021506,49.34033724451189,-8.619083779485532,1.4885801627611057,10.767874808080911,,0.2001265959717642,0.03315227985488192,3.306651113363206e-06,-0.0015433672743619805,False,False,False,False,False,False,False,True,table,False,,
A-30ml-f0.50-p+0.0-above-y0-x+0.0-y+3.0,A,dy,30,0.5,0,above,0,0,3,20,31.74802103936399,24.22512009302666,13.950680844635034,32.70782143949743,False,55.94,28.4,127460,0,0,0,5311,0,0,0,1.3274999999999093,,,0.30447249726168985,0.621311596461507,9.560148741524499,35.77757656511853,27.60154996848948,91.03121859036604,-0.19825672911645553,0,0.001903369887263787,133.23208172569397,0.19176280768067508,24.54923527752771,1.6627143153947892,0.821394922180979,25.46649399352844,,0.20012602419684822,2.98404555395257,0.08038853465061305,0.010949857322760614,False,False,True,False,False,False,False,True,table,False,,
A-30ml-f0.50-p+0.0-side-y0-x+0.0-y+0.0,A,approach,30,0.5,0,side,0,0,0,20,31.74802103936399,24.22512009302666,13.950680844635034,32.70782143949743,False,83.61,28.4,84557,381,13307,0,6296,0,0,0,0.0025,,,9.861469309456824,15.147417512880605,18.679544727280895,35.74231964727923,27.60154996848948,91.17188476769893,-0.2009905446306373,381,0.005511823141105336,135.29031002143776,5.264093189325629,49.70333536626996,-21.171643770545007,15.808605968691271,21.69284385663954,,0.20012458598029104,17.201072519696368,0.14077937002364355,0.02573583958152952,False,False,False,False,False,False,False,False,table,False,,
A-30ml-f0.80-p+0.0-above-y90-x+0.0-y+0.0,A,yaw,30,0.8,0,above,90,0,0,20,31.74802103936399,38.76019214884267,22.32108935141606,47.24289349531343,False,27.51,28.4,163285,0,0,0,5311,0,0,0,1.3274999999999093,,,0.07850271637247744,0.046295111454153014,9.560148717568863,36.041739138576055,27.60154996848948,90.75726420942456,-0.1995361160392617,0,0.007089871032570108,133.30721030061437,0.2733590264764857,39.366622722672425,1.375279221729503,0.5207957879825734,11.00508731130469,,0.1993129159708901,0.04395511290665456,5.853177225625916e-06,-0.0015433905505597156,False,False,True,False,False,False,False,True,table,False,,
A-30ml-f0.80-p+0.0-above-y180-x+0.0-y+0.0,A,yaw,30,0.8,0,above,180,0,0,20,31.74802103936399,38.76019214884267,22.32108935141606,47.24289349531343,False,27.49,28.4,163762,0,0,0,5311,0,0,0,1.3274999999999093,,,0.0731280939465748,0.029334052319652068,9.560148720897672,36.04174095869663,27.60154996848948,90.75726055785948,-0.19951954578139447,0,0.007117500970907775,133.30868520237303,0.27524955588401895,39.36687563342002,1.3749555306970251,0.5314536097810997,11.002475630076688,,0.19946820136160942,0.05168440357241051,0.0,-0.0015433673324665557,False,False,True,False,False,False,False,True,table,False,,
A-30ml-f0.80-p+5.0-above-y0-x+0.0-y+0.0,A,pitch,30,0.8,5,above,0,0,0,20,31.74802103936399,38.76019214884267,22.32108935141606,47.24289349531343,False,54.17,28.4,146979,3487,2757,0,0,0,0,0,,9.469500000000082,19.60049999999967,1.5301504857151433,3.1640279463409575,9.56774379416149,27.599560446452376,27.60154996848948,99.18897010283631,-0.1469204584010203,3487,0.16020023893708352,125.85642626516389,0.26244982275110296,31.738808461907368,8.977033068310103,3.196684780251465,10.348610293070369,-0.2042407596303553,0.36771110101341753,1.3435346624664408,0.1337250642814593,0.023988318754518595,True,True,True,True,False,False,True,True,cap_away,False,1.576324610342057,
A-30ml-f0.80-p+0.0-above-y0-x-3.0-y+0.0,A,dx,30,0.8,0,above,0,-3,0,20,31.74802103936399,38.76019214884267,22.32108935141606,47.24289349531343,False,23.36,28.4,1435,0,0,0,2872,0,0,10371,1.3274999999999093,,,0.8046548642122573,0.005499833560362993,13.719528356620156,34.807496092374954,27.60154996848948,15.875607984210147,0.06649280782537043,0,0.003658395351932657,243.42683151222042,116.02723952825248,-15.429897613738316,-115.02462050044502,90.00031281659868,2571416.622107264,,0.4360804246081375,62.51840396684555,90.00062510077801,16.093481107692444,False,False,False,False,False,False,False,False,table,False,,
A-30ml-f0.80-p+10.0-above-y0-x+0.0-y+0.0,A,pitch,30,0.8,10,above,0,0,0,20,31.74802103936399,38.76019214884267,22.32108935141606,47.24289349531343,False,56.22,28.4,140043,3320,2911,0,0,0,0,0,,9.47600000000009,19.60049999999967,2.928511731836553,7.389946438540928,9.567739952225915,27.59895849828724,27.60154996848948,99.17720748261624,-0.10793379045164614,3320,0.2719468734606797,126.1948417391891,0.8087631185735804,31.87683181389317,8.689626079727647,7.411297605315635,9.306530945958944,-0.20437747862627956,0.36758604060797023,10.592996861236614,1.355399126910374,0.3232692546766267,True,True,True,True,False,False,True,False,cap_away,False,1.4526322309212052,
A-30ml-f0.80-p+0.0-above-y0-x-6.0-y+0.0,A,dx,30,0.8,0,above,0,-6,0,20,31.74802103936399,38.76019214884267,22.32108935141606,47.24289349531343,False,37.83,28.4,1134,0,0,0,5003,0,0,58113,1.3274999999999093,,,0.8358970466307434,1.2450238418150419,9.555745667497145,31.25612824592735,27.60154996848948,69.38292968944491,-0.19819668719056605,0,0.006145801440219017,136.29290393493088,29.71300187950485,70.45827914696201,-21.414871124044595,14.837785415575906,7.413516645555818,,0.9815221352918462,31.296650129192006,90.00063501055452,16.115196302321497,False,True,False,False,False,False,False,False,table,False,,
A-30ml-f0.80-p+0.0-above-y0-x+0.0-y-3.0,A,dy,30,0.8,0,above,0,0,-3,20,31.74802103936399,38.76019214884267,22.32108935141606,47.24289349531343,False,22.96,28.4,115905,0,0,0,5311,0,0,0,1.3274999999999093,,,0.20908213173572257,0.21270041289312494,9.560148726208348,36.076655764802595,27.60154996848948,90.7226948013658,-0.19245622726685174,0,0.005053229579575884,133.4716778836678,0.07371869455847119,39.42344970180995,1.3202796930891492,0.5248140085378495,11.00410265419234,,0.19968349853248818,3.07417626753803,1.7075472925031877e-06,-0.0015433313968711189,False,False,True,False,False,False,False,True,table,False,,
A-30ml-f0.80-p+0.0-above-y0-x+0.0-y-6.0,A,dy,30,0.8,0,above,0,0,-6,20,31.74802103936399,38.76019214884267,22.32108935141606,47.24289349531343,False,24.8,28.4,173686,0,0,0,5311,0,0,0,1.3274999999999093,,,0.11961228051404575,0.09499742407635763,9.560148757353982,35.463967739544444,27.60154996848948,91.33790849802782,-0.19353337603002924,0,0.007215857621516757,133.5654122338173,0.5499220741063984,38.78413276550208,1.9591337498905959,0.12221582630035417,11.10275389098267,,0.20009310488154483,5.986306391780532,0.12994156689657244,0.02306057698099686,False,False,True,False,False,False,False,True,table,False,,
A-30ml-f0.80-p+0.0-above-y0-x+3.0-y+0.0,A,dx,30,0.8,0,above,0,3,0,20,31.74802103936399,38.76019214884267,22.32108935141606,47.24289349531343,False,32.16,28.4,150132,376,3240,0,5310,0,0,0,1.3274999999999093,,,1.168257178233087,2.301710234788029,9.560148487846073,36.038240638843675,27.60154996848948,90.78822714113812,-0.19527950949609074,376,0.007628763641517285,135.29676711985485,2.1276209711518494,41.57304806125711,-0.7331912831444465,2.549633829656054,10.507556720044088,,0.2001393039587724,1.1711147866386928,0.09154899820599344,0.013645042445903047,False,False,True,False,False,False,False,True,table,False,,
A-30ml-f0.80-p+0.0-above-y0-x+0.0-y+6.0,A,dy,30,0.8,0,above,0,0,6,20,31.74802103936399,38.76019214884267,22.32108935141606,47.24289349531343,False,23.03,28.4,172189,0,0,0,5311,0,0,0,1.3274999999999093,,,0.08541857978204337,0.040266832488625934,9.56014874435241,35.469761903338814,27.60154996848948,91.32937243504979,-0.19264095964190847,0,0.007389391387860271,133.56249856445288,0.5417301914957231,38.80287392180863,1.9411491739479148,0.04461654378036673,11.121767903879768,,0.20004068704295289,5.951170147206903,5.663293681020318e-06,-0.0015433655099325529,False,False,True,False,False,False,False,True,table,False,,
A-30ml-f0.80-p+20.0-above-y0-x+0.0-y+0.0,A,pitch,30,0.8,20,above,0,0,0,20,31.74802103936399,38.76019214884267,22.32108935141606,47.24289349531343,False,65.35,28.4,135152,3371,1591,0,0,0,0,569,,9.480000000000095,19.60049999999967,7.267216966126707,16.29972953539347,9.567904799350185,27.601436381877956,27.60154996848948,99.14934732871421,-0.11246435085619094,3371,0.3155729968851267,126.1598943354865,1.5449673836835156,33.61433637275022,6.402686134925839,16.4199370306764,6.995474222764874,-0.20420422336697788,0.21481058479268347,41.72643644824608,0.339917122416219,0.07540127053181331,True,True,False,True,False,False,True,False,lift,False,1.457142218716011,
A-30ml-f0.80-p+0.0-above-y270-x+0.0-y+0.0,A,yaw,30,0.8,0,above,270,0,0,20,31.74802103936399,38.76019214884267,22.32108935141606,47.24289349531343,False,56.35,28.4,161864,0,0,0,5311,0,0,0,1.3274999999999093,,,0.08974056304626668,0.05697698945113869,9.560148715080748,36.04173981971178,27.60154996848948,90.75726409490672,-0.19955293427112442,0,0.007303325954701184,133.30158279518298,0.2764279980663077,39.37000391210053,1.371846296530782,0.525555551676505,11.003920940354085,,0.199028644413451,0.02951173361733968,4.7536104815230715e-06,-0.0015433562160505844,False,False,True,False,False,False,False,True,table,False,,
A-50ml-f0.25-p-5.0-above-y0-x+0.0-y+0.0,A,pitch,50,0.25,-5,above,0,0,0,25,37.64144115524114,13.984229076838627,11.769942152291096,11.93839640534348,False,21.79,28.4,38263,3921,0,0,2163,0,0,2765,1.2899999999999134,8.803499999999268,,89.3265110654616,93.12775787187843,9.919593951780062,48.14303250564748,38.498422743697716,89.56118404835638,5.066786084744507,3921,0.4030312967184869,295.2491009512811,88.03139838602104,-8.380978405936105,-87.8776415831801,90.00036872079741,2621157.875422603,,3.5139295661372105,28.300507598833896,90.00031283335628,18.81973395781587,False,False,False,True,False,False,False,False,table,False,1.616601758844462,
A-30ml-f0.50-p+0.0-above-y0-x+0.0-y+6.0,A,dy,30,0.5,0,above,0,0,6,20,31.74802103936399,24.22512009302666,13.950680844635034,32.70782143949743,False,95.51,28.4,131845,0,0,0,5311,0,0,0,1.3274999999999093,,,0.20813339098974973,0.3476662111369646,9.560148745067956,35.79051201167505,27.60154996848948,91.01854532593866,-0.20034553336521072,0,0.003915109254609758,133.70511974986982,0.4870778940620624,24.578227076640868,1.631760264539761,0.19409367998583849,25.6202137488578,,0.20015965798208757,5.971610196493227,0.03900545350974069,0.0008005799423282208,False,False,True,False,False,False,False,True,table,False,,
A-30ml-f0.80-p+0.0-above-y0-x+0.0-y+3.0,A,dy,30,0.8,0,above,0,0,3,20,31.74802103936399,38.76019214884267,22.32108935141606,47.24289349531343,False,39.9,28.4,135203,0,0,0,5311,0,0,0,1.3274999999999093,,,0.14367838588807597,0.26569913561564884,9.560148658816264,36.07537396797533,27.60154996848948,90.72936236875073,-0.19450940309507364,0,0.005715025131204252,133.40654016008224,0.10284726091105223,39.38086453442426,1.3622798145160875,0.7018423039755051,10.960720821934766,,0.20009053835507992,3.003390975278517,0.061469418324147054,0.006266792713343682,False,False,True,False,False,False,False,True,table,False,,
A-50ml-f0.25-p+0.0-above-y0-x+0.0-y+0.0,A,nominal,50,0.25,0,above,0,0,0,25,37.64144115524114,13.984229076838627,11.769942152291096,11.93839640534348,False,28.96,28.4,148017,79592,0,0,0,0,0,0,,9.28849999999986,19.60049999999967,0.3909874595187196,0.6703928759671943,9.567746362649627,38.499966044452364,38.498422743697716,99.19607642500011,4.419520492813272,79592,86.08762065915246,1.169441707832368,0.4205099491759608,6.537986775090556,9.80282713246905,0.624003504409491,44.33545719739385,0.11208343960986922,0.3278242276261851,0.2684968401211131,1.4564287375591707e-05,-0.0015374067310873808,True,True,True,True,True,True,True,True,,True,0.06629686004847134,
A-50ml-f0.25-p+10.0-above-y0-x+0.0-y+0.0,A,pitch,50,0.25,10,above,0,0,0,25,37.64144115524114,13.984229076838627,11.769942152291096,11.93839640534348,False,26.37,28.4,117471,76669,0,0,0,0,0,271,,8.930499999999423,19.60049999999967,5.479147806749085,8.791025249630794,9.567739896345067,38.49413579533255,38.498422743697716,99.17278084010482,4.910736037546992,76669,84.51488138692196,0.6214705883111475,1.4552778441933212,6.621749256314806,9.405668445688297,8.256361185666456,42.07153120477634,0.013390796966231147,0.3283986155000412,30.81765411408127,2.091309789151873e-06,-0.001554094401915814,True,True,False,True,True,True,True,False,lift,False,0.03563274028941155,
A-30ml-f0.80-p+0.0-side-y0-x+0.0-y+0.0,A,approach,30,0.8,0,side,0,0,0,20,31.74802103936399,38.76019214884267,22.32108935141606,47.24289349531343,False,82.18,28.4,91419,371,11469,0,6331,0,0,0,0.0025,,,8.25536041224409,13.470332280967888,18.674591447177168,35.74166379101802,27.60154996848948,91.16728538380147,-0.20079855357067744,371,0.005585841415077595,135.70559498545754,4.680782828617852,50.92202548991218,-8.711070194092258,14.260156167469692,7.564586509534132,,0.2001517315686182,16.404902786189417,1.2074182697257333e-06,-0.0015433706776015214,False,False,False,False,False,False,False,False,table,False,,
A-50ml-f0.25-p+20.0-above-y0-x+0.0-y+0.0,A,pitch,50,0.25,20,above,0,0,0,25,37.64144115524114,13.984229076838627,11.769942152291096,11.93839640534348,False,24.76,28.4,118422,76655,0,0,0,0,0,518,,9.289499999999862,19.60049999999967,9.62606354932851,17.197415981775872,9.567930549912694,38.494577821781725,38.498422743697716,99.14347727454494,4.107112633595894,76655,81.70213260584958,1.2570942134707443,3.9432232663192504,6.567703696864551,8.240015972487594,16.560529824285403,39.50328443884533,0.6420073602973363,0.7098867255830262,38.3001302978306,1.6510708451215683,0.47384315968306673,True,True,False,True,True,True,True,False,lift,False,0.05069922744294559,
A-30ml-f0.80-p+0.0-diagonal-y0-x+0.0-y+0.0,A,approach,30,0.8,0,diagonal,0,0,0,20,31.74802103936399,38.76019214884267,22.32108935141606,47.24289349531343,False,82.95,28.4,93698,392,11541,0,4545,0,0,0,1.2624999999999165,,,8.494427736590602,13.691594749238986,8.744939206229454,35.715931912065656,27.60154996848948,91.19111496334891,-0.20070638046409267,392,0.005924407012137474,135.99848085027412,4.713543902618369,51.025036043564484,-8.786151544197152,14.394622526369206,7.529489245536692,,0.20011653294614887,16.676120500151622,0.07116179063487192,0.0086447810639878,False,False,False,False,False,False,False,False,table,False,,
A-50ml-f0.25-p-10.0-above-y0-x+0.0-y+0.0,A,pitch,50,0.25,-10,above,0,0,0,25,37.64144115524114,13.984229076838627,11.769942152291096,11.93839640534348,False,37.77,28.4,117202,0,0,0,2519,0,0,20556,1.1199999999999322,25.92499999998493,25.92549999998493,91.0854376775454,38.60069563283556,44.58023339713364,58.74854455617441,38.498422743697716,78.9382998360996,-0.2001055105908256,0,0.0003245633998443462,142.80374043196127,6.403395037555462,27.194088591565237,-11.020841297871412,1.496921352462897,44.078376932378674,11.14602275044834,11.42540606309669,54.06866520272778,90.00127938979735,18.820077482546317,False,False,False,False,False,False,False,False,table,False,0.0034418872504894233,
A-50ml-f0.25-p+0.0-above-y90-x+0.0-y+0.0,A,yaw,50,0.25,0,above,90,0,0,25,37.64144115524114,13.984229076838627,11.769942152291096,11.93839640534348,False,25.33,28.4,154064,79584,0,0,0,0,0,0,,9.291999999999865,19.60049999999967,0.31784795196013393,0.5350179459616393,9.567746363434368,38.49996459917002,38.498422743697716,99.19607450428713,4.560823250076229,79584,86.24833340904286,1.1550673631505657,0.3638495104018909,6.534787401232579,9.804966447057057,0.5275716860905947,44.363849622681606,0.3294839988037963,0.4549866933291597,0.21708163059456426,1.8763606237962374e-05,-0.0015595118773870736,True,True,True,True,True,True,True,True,,True,0.06518058087582894,
A-50ml-f0.25-p+0.0-diagonal-y0-x+0.0-y+0.0,A,approach,50,0.25,0,diagonal,0,0,0,25,37.64144115524114,13.984229076838627,11.769942152291096,11.93839640534348,False,31.62,28.4,149308,79588,0,0,0,0,0,0,,9.28849999999986,19.60049999999967,0.39540189249980906,0.6798528028689031,6.76541146042842,38.49996563038064,38.498422743697716,99.1960769009467,4.42342858902707,79588,86.08393558475545,1.1673490612681725,0.4227919250466254,6.537896146782958,9.802973076264932,0.6294775764851471,44.33384543636325,0.15803624981353934,0.34374217193753326,0.31684533648781543,5.533085616490783e-06,-0.0015577913035308606,True,True,True,True,True,True,True,True,,True,0.066259746572129,
A-50ml-f0.25-p+5.0-above-y0-x+0.0-y+0.0,A,pitch,50,0.25,5,above,0,0,0,25,37.64144115524114,13.984229076838627,11.769942152291096,11.93839640534348,False,42.65,28.4,122999,76379,0,0,0,0,0,0,,8.774999999999233,19.60049999999967,2.573210508248139,4.136234214104607,9.567743742958857,38.4962366330957,38.498422743697716,99.1854926614974,5.202537427377557,76379,85.04877093642088,0.31289239120794005,1.0901790595579717,6.591746448745387,9.66152771743141,3.4773422233614752,43.494182038737954,0.7704291131163246,0.8411279407956833,2.504091074130344,3.088962019344348e-05,-0.0015588647776433693,True,True,True,True,True,True,True,True,,True,0.023764552475437375,
A-50ml-f0.25-p+0.0-above-y0-x-6.0-y+0.0,A,dx,50,0.25,0,above,0,-6,0,25,37.64144115524114,13.984229076838627,11.769942152291096,11.93839640534348,False,22.97,28.4,7419,279,0,0,0,0,0,12872,,,,102.38702008814136,68.6164336828951,9.558007018909922,36.87881875833349,38.498422743697716,99.14808028239209,0.24478956528391216,279,0.004105636451786583,251.91832043272828,89.11727309030859,-49.391433582036505,-87.75614651332617,90.00029441616707,3282673.378946073,,0.38781679923525536,82.18247792863193,90.00058947351636,19.055606244191882,True,True,False,False,False,False,False,False,lift,False,,
A-30ml-f0.80-p+0.0-above-y0-x+6.0-y+0.0,A,dx,30,0.8,0,above,0,6,0,20,31.74802103936399,38.76019214884267,22.32108935141606,47.24289349531343,False,75.03,28.4,98785,699,2173,0,5302,0,0,0,1.3274999999999093,,,3.232780529746926,7.217371966615371,9.5601349978102,36.035897227183035,27.60154996848948,90.81797233742614,-0.19506801388473327,699,0.007690425133060728,136.5363804713227,3.8870419245701897,40.69581004420609,0.5697983555928987,7.7118535488418285,9.231588522651842,,0.20015251294318015,2.858029664388873,5.0509930079323e-06,-0.001543366554097847,False,False,False,False,False,False,False,True,table,False,,
A-50ml-f0.25-p+0.0-side-y0-x+0.0-y+0.0,A,approach,50,0.25,0,side,0,0,0,25,37.64144115524114,13.984229076838627,11.769942152291096,11.93839640534348,False,41.62,28.4,147929,79608,0,0,0,0,0,0,,9.28849999999986,19.60049999999967,0.3886899910003539,0.6647365421159926,9.567723158260648,38.49996364343515,38.498422743697716,99.19607877946679,4.422339683224822,79608,86.08971346538105,1.168207463133013,0.41993585767276254,6.537790677289682,9.803004444082191,0.6217574571926512,44.336118512408575,0.1626203945233073,0.34710501479003125,0.2949753007120919,4.597711793052988e-06,-0.001557756135833201,True,True,True,True,True,True,True,True,,True,0.06630462021582113,
A-50ml-f0.25-p+0.0-above-y0-x+0.0-y+3.0,A,dy,50,0.25,0,above,0,0,3,25,37.64144115524114,13.984229076838627,11.769942152291096,11.93839640534348,False,17.36,28.4,131723,78458,0,0,0,0,0,0,,8.97749999999948,19.60049999999967,0.6974419498564743,1.0269280079718943,9.567746361414706,38.240484964838146,38.498422743697716,99.50866770497264,5.044138528002562,78458,85.68876064197619,0.32832439974730104,1.1399501207610185,6.279306759641784,10.081799073212174,1.3640754850583798,44.117511195509266,0.30406971222356854,0.4517273217085665,3.218334049794412,0.15498105660636566,0.03703277376309205,True,True,True,True,True,True,True,True,,True,0.061729470415751504,
A-50ml-f0.25-p+0.0-above-y0-x+0.0-y-6.0,A,dy,50,0.25,0,above,0,0,-6,25,37.64144115524114,13.984229076838627,11.769942152291096,11.93839640534348,False,21.46,28.4,120024,78412,0,0,0,0,0,0,,8.857999999999334,19.60049999999967,1.243097955854954,1.7904698112384339,9.567746360301117,38.24556814717613,38.498422743697716,99.453989123643,4.983736836093031,78412,85.1341527013514,0.5821890932751964,1.959755492706037,6.3095544949926285,10.083790995565584,1.798070921196466,43.989644875779945,0.28257567430509656,0.4187122884329244,6.383017788144622,0.01778041373642156,-0.0021109221073420596,True,True,True,True,True,True,True,True,,True,0.07107599516179317,
A-50ml-f0.25-p+0.0-above-y0-x+3.0-y+0.0,A,dx,50,0.25,0,above,0,3,0,25,37.64144115524114,13.984229076838627,11.769942152291096,11.93839640534348,False,24.81,28.4,132834,74760,0,0,0,0,0,0,,8.333499999998693,19.60049999999967,2.4167543569496424,4.0227841993517375,9.567746359399859,38.499952132523404,38.498422743697716,99.19588952628203,6.228624838704095,74760,83.34224178899984,0.9000643533854812,4.931793264295918,6.914135546729493,9.724238627306134,3.7391023064330238,43.41681323828384,0.19439379479035912,0.3467837089256459,2.434555793970094,0.2708304551673683,0.07161401142982105,True,True,True,True,True,True,True,True,,True,0.020441687615768533,
A-50ml-f0.25-p+0.0-above-y0-x+6.0-y+0.0,A,dx,50,0.25,0,above,0,6,0,25,37.64144115524114,13.984229076838627,11.769942152291096,11.93839640534348,False,24.77,28.4,99261,77051,0,0,0,0,0,0,,8.203999999998535,19.60049999999967,3.518242483060403,6.864868165935866,9.567746348265716,38.5000334658009,38.498422743697716,99.1959278747388,6.716353562308333,77051,78.45698610143269,0.479757567052332,8.809604632808599,7.916380458453937,9.40649168552435,6.816258730242184,42.502942132885224,4.889023722116153,4.892667749096558,3.0676635967771824,0.35807158369148706,0.0991458600938049,True,True,False,True,True,True,False,True,lift,False,0.09655281336023269,
A-50ml-f0.25-p+0.0-above-y180-x+0.0-y+0.0,A,yaw,50,0.25,0,above,180,0,0,25,37.64144115524114,13.984229076838627,11.769942152291096,11.93839640534348,False,37.26,28.4,152301,79567,0,0,0,0,0,0,,9.291999999999865,19.60049999999967,0.3115011208445627,0.5222700697924373,9.567746363422524,38.49996223359834,38.498422743697716,99.19607695841574,4.556798138511023,79567,86.28099701667655,1.1573664895884601,0.3580967024031468,6.5352104813654845,9.80442646608945,0.5139505676368693,44.36786001465351,0.26715761597266763,0.41368335410944956,0.24588709439078313,2.0437136995341064e-05,-0.001551931495242162,True,True,True,True,True,True,True,True,,True,0.06521372165991847,
A-50ml-f0.25-p+0.0-above-y0-x-3.0-y+0.0,A,dx,50,0.25,0,above,0,-3,0,25,37.64144115524114,13.984229076838627,11.769942152291096,11.93839640534348,False,31.82,28.4,11017,410,0,0,0,0,0,24613,,,,91.89703215325895,37.97187440512829,63.44717212564362,38.26608279461113,38.498422743697716,88.23922167779008,-0.19537538117703201,410,0.006794833384809891,192.11389544944717,43.47415596119761,102.56382481271245,-88.40501043779298,6.63476490400988,42.55711703991042,,2.0203789490661888,94.82047552891585,89.87209816014033,18.990866700384586,True,True,False,False,False,False,False,False,lift,False,,
A-50ml-f0.25-p+0.0-above-y0-x+0.0-y+6.0,A,dy,50,0.25,0,above,0,0,6,25,37.64144115524114,13.984229076838627,11.769942152291096,11.93839640534348,False,19.54,28.4,132952,77052,0,0,0,0,0,0,,9.069499999999593,19.60049999999967,0.9687880976518355,1.5522518968573766,9.56774635732282,38.24663862280004,38.498422743697716,99.44662128245707,4.839058778591504,77052,85.3373595028222,0.6650826276639696,1.5533627199902378,6.330721602668086,10.043613007097399,1.5125303806715864,44.07377845965381,0.33676660370644945,0.4604512033681808,6.362477256668658,0.39781580251754023,0.11027321837332998,True,True,True,True,True,True,True,True,,True,0.06869533275345512,
A-50ml-f0.25-p+0.0-above-y270-x+0.0-y+0.0,A,yaw,50,0.25,0,above,270,0,0,25,37.64144115524114,13.984229076838627,11.769942152291096,11.93839640534348,False,41.26,28.4,144566,79604,0,0,0,0,0,0,,9.28799999999986,19.60049999999967,0.397828798675276,0.6426728068994992,9.567746362783138,38.49996433483964,38.498422743697716,99.1960754128855,4.43463737318088,79604,85.97156863970737,1.1699984908727026,0.43350701640069883,6.536823693679836,9.80422597514674,0.6410851324627101,44.33042774883441,0.1494518231915019,0.3512345881902621,0.2708302780647055,2.3844600278602423e-05,-0.001526834238201739,True,True,True,True,True,True,True,True,,True,0.06494548436677633,
A-50ml-f0.50-p+10.0-above-y0-x+0.0-y+0.0,A,pitch,50,0.5,10,above,0,0,0,25,37.64144115524114,27.968458153677254,23.53988430458219,25.922625482182106,False,16.38,28.4,116308,76621,0,0,0,0,0,301,,8.898999999999385,19.60049999999967,5.564492656860574,8.868156783929706,9.567739901218065,38.494167871615694,38.498422743697716,99.17039439707398,4.951162909335213,76621,84.55992196012964,0.5732208082717632,1.0098616536247704,20.569405722891503,9.505163439331026,8.270621815239593,28.08301524051347,-0.01756649245638641,0.3369207760948539,30.72435178750461,0.02813225689119641,-0.0007708563211652648,True,True,False,True,True,True,True,False,lift,False,0.03514333275289848,
A-50ml-f0.50-p+20.0-above-y0-x+0.0-y+0.0,A,pitch,50,0.5,20,above,0,0,0,25,37.64144115524114,27.968458153677254,23.53988430458219,25.922625482182106,False,16.91,28.4,107985,76605,0,0,0,0,0,485,,9.285999999999857,19.60049999999967,9.544549522418109,17.15692399113005,9.568258367516146,38.49483956111761,38.498422743697716,99.14118404476244,4.16937669501996,76605,81.82937086631945,1.189003421306138,3.128113179498653,20.484073392774157,8.540840950389498,16.526180658027585,25.53005999134169,0.12185596809754609,0.30577802022551226,46.448577561768786,2.1920622158166,0.6403980307975634,True,True,False,True,True,True,True,False,lift,False,0.05095553927555824,
A-50ml-f0.25-p+0.0-above-y0-x+0.0-y-3.0,A,dy,50,0.25,0,above,0,0,-3,25,37.64144115524114,13.984229076838627,11.769942152291096,11.93839640534348,False,38.75,28.4,121395,79646,0,0,0,0,0,0,,8.464499999998853,19.60049999999967,1.169563531836902,1.5709314264302021,9.567746365508278,38.3194029717592,38.498422743697716,99.38116028196247,5.6258113817659465,79646,86.07514078125214,0.31186253976229117,1.316308578390613,6.450440447497794,9.916997303232714,1.4767376198683695,44.084323031582485,0.7852924021494051,0.8554937907689504,3.169242885583077,3.2465858510792826e-05,-0.0015586115632279757,True,True,True,True,True,True,True,True,,True,0.07022442750142571,
A-50ml-f0.50-p+0.0-diagonal-y0-x+0.0-y+0.0,A,approach,50,0.5,0,diagonal,0,0,0,25,37.64144115524114,27.968458153677254,23.53988430458219,25.922625482182106,False,19.41,28.4,148309,79598,0,0,0,0,0,0,,9.288999999999861,19.60049999999967,0.35091495524083566,0.5950779174219463,6.765411463111052,38.49998596990754,38.498422743697716,99.19322664647575,4.4280188657240815,79598,86.08589699844688,1.1792232597365344,0.2494704341642085,20.493263545725267,9.829823712447366,0.5866235647954756,30.36223401283214,0.25168359177101335,0.4036838197612664,0.22835159336515692,6.9360898910140305e-06,-0.0015760139116650937,True,True,True,True,True,True,True,True,,True,0.06692736538368362,
A-50ml-f0.50-p-20.0-above-y0-x+0.0-y+0.0,A,pitch,50,0.5,-20,above,0,0,0,25,37.64144115524114,27.968458153677254,23.53988430458219,25.922625482182106,False,32.38,28.4,154601,0,2658,0,3192,0,0,0,0.8624999999999604,,,0.2343081615813776,0.12171608710922495,45.11934975221277,83.94361715166097,38.498422743697716,54.142319792617336,-0.20011265846395232,0,0.0016250596535720256,158.86078818051521,7.173662891555108,67.51238373724054,-37.34699025855973,1.3224607491489784,30.14554024417331,,0.20012995058277727,0.040107585194944076,2.2588727439225506e-06,-0.0015715451866153518,False,False,False,False,False,False,False,True,table,False,,
A-50ml-f0.50-p-5.0-above-y0-x+0.0-y+0.0,A,pitch,50,0.5,-5,above,0,0,0,25,37.64144115524114,27.968458153677254,23.53988430458219,25.922625482182106,False,28.95,28.4,43607,3775,0,0,1194,0,0,18031,1.2899999999999134,9.404000000000002,19.60049999999967,92.01550862669244,28.51037531357397,62.4143988844211,48.14307568717805,38.498422743697716,89.55812036302315,4.468420550242033,3775,0.3740417998559993,187.77139806906732,34.349578698247896,115.05853719884678,-88.36865967017123,7.351572386465475,28.35868153754414,1.2767749320335975,1.3071641601681172,14.252340587936974,2.8174259611314034,0.8156518652091668,False,False,False,True,False,False,False,False,table,False,1.6093789996161476,
A-50ml-f0.50-p+0.0-above-y270-x+0.0-y+0.0,A,yaw,50,0.5,0,above,270,0,0,25,37.64144115524114,27.968458153677254,23.53988430458219,25.922625482182106,False,19.72,28.4,151773,79566,0,0,0,0,0,0,,9.286999999999859,19.60049999999967,0.418759068504242,0.7236603445648957,9.567746362869396,38.49998617393388,38.498422743697716,99.19322447711438,4.449107358651963,79566,85.88433088925099,1.1609823867486009,0.27848871676504156,20.492558618731092,9.831144270910821,0.6949864727745797,30.33032794541314,0.073659463136327,0.3245451456167982,0.36534594098330136,9.80911239371097e-06,-0.0015665062236657956,True,True,True,True,True,True,True,True,,True,0.06548609895164936,
A-50ml-f0.50-p+0.0-side-y0-x+0.0-y+0.0,A,approach,50,0.5,0,side,0,0,0,25,37.64144115524114,27.968458153677254,23.53988430458219,25.922625482182106,False,26.21,28.4,145672,79594,0,0,0,0,0,0,,9.28849999999986,19.60049999999967,0.3455694144150987,0.5851448733264825,9.567723153241149,38.499984584575806,38.498422743697716,99.19322826538527,4.4270242798968855,79594,86.10986482011353,1.1787614652211198,0.24680242833395155,20.493938167112066,9.829094829920642,0.5761128488950319,30.365328688827592,0.25892275592749914,0.40880452414191104,0.2450684124642428,4.829673078902934e-06,-0.0015759641479277256,True,True,True,True,True,True,True,True,,True,0.06698229100229865,
A-50ml-f0.50-p+0.0-above-y0-x-6.0-y+0.0,A,dx,50,0.5,0,above,0,-6,0,25,37.64144115524114,27.968458153677254,23.53988430458219,25.922625482182106,False,21.77,28.4,6474,266,0,0,0,0,0,8965,,,,102.68664609506479,85.35939961343084,9.552917886152285,36.794762576590024,38.498422743697716,99.30106795697706,0.23024430460948098,266,0.004101377664618891,265.98807263273494,103.62582688307683,-28.534768933756478,-101.70637237797797,90.00015275390889,6326932.503399696,,0.06895314762387517,31.277540699473736,90.0001529034371,18.81963584613981,True,True,False,False,False,False,False,False,lift,False,,
A-50ml-f0.25-p-20.0-above-y0-x+0.0-y+0.0,A,pitch,50,0.25,-20,above,0,0,0,25,37.64144115524114,13.984229076838627,11.769942152291096,11.93839640534348,False,95.35,28.4,170172,0,3464,0,3192,0,0,0,0.8624999999999604,,,4.1634316729036165,2.6448285283598407,45.35100371764085,83.94361717753723,38.498422743697716,54.14579900621333,-0.20011366896197091,0,0.0015593002191389268,158.8606133426206,8.135843477615312,62.10485652402085,-45.947781668135676,1.3568488572421078,44.11963991649509,,0.20010915735728063,4.153724726203019,0.2426891468484238,0.063280725877873,False,False,False,False,False,False,False,True,table,False,,
A-50ml-f0.50-p+5.0-above-y0-x+0.0-y+0.0,A,pitch,50,0.5,5,above,0,0,0,25,37.64144115524114,27.968458153677254,23.53988430458219,25.922625482182106,False,37.08,28.4,119777,76381,0,0,0,0,0,0,,8.756999999999211,19.60049999999967,2.6786847509946234,4.215586362399553,9.567743738344667,38.496284142694726,38.498422743697716,99.18285636452205,5.256698443393895,76381,85.1220346428894,0.27337959048270805,0.6660911749142994,20.542700974173638,9.7192829890822,3.516096880911783,29.498500979828282,0.78963918353805,0.8555962067133269,2.6206703867432157,2.7875415369281657e-05,-0.0015768606500949753,True,True,True,True,True,True,True,True,,True,0.025137698603347858,
A-50ml-f0.50-p+0.0-above-y0-x+0.0-y+0.0,A,nominal,50,0.5,0,above,0,0,0,25,37.64144115524114,27.968458153677254,23.53988430458219,25.922625482182106,False,41.32,28.4,148147,79598,0,0,0,0,0,0,,9.28849999999986,19.60049999999967,0.3488400933851672,0.5920140678128735,9.56774636393022,38.49998653419951,38.498422743697716,99.1932259934185,4.426176543964863,79598,86.09241975391593,1.1791090708306728,0.2479439147077221,20.493832537211297,9.829230752410878,0.5833741753576248,30.36319073362404,0.257516092476948,0.4078805039592802,0.22352752124366387,5.915117333884395e-06,-0.0015760269544604006,True,True,True,True,True,True,True,True,,True,0.06693499715601563,
A-50ml-f0.50-p+0.0-above-y0-x+0.0-y-6.0,A,dy,50,0.5,0,above,0,0,-6,25,37.64144115524114,27.968458153677254,23.53988430458219,25.922625482182106,False,19.54,28.4,121534,77255,0,0,0,0,0,0,,9.25499999999982,19.60049999999967,1.216671137103148,1.8540713610702289,9.567746360463106,38.27250568752951,38.498422743697716,99.41892159391388,4.712711932572139,77255,84.9298528073724,0.7498801963906844,1.4201981983022915,20.324854232538602,10.03419751028803,1.716935965617307,30.029324442844842,0.11347929656666725,0.3317165047939969,6.370110616486786,2.425378439131177e-05,-0.0015753925422152064,True,True,True,True,True,True,True,True,,True,0.06073592321525479,
A-50ml-f0.50-p+0.0-above-y0-x+0.0-y+3.0,A,dy,50,0.5,0,above,0,0,3,25,37.64144115524114,27.968458153677254,23.53988430458219,25.922625482182106,False,17.88,28.4,119896,77413,0,0,0,0,0,0,,8.59299999999901,19.60049999999967,1.2881201697234816,2.061640684700535,9.567746363518815,38.18106251624353,38.498422743697716,99.58598268213576,5.474045089207416,77413,85.6037345904393,0.3681200995611281,1.0339996882170266,20.23737800955781,10.109292640936102,1.6541035338134245,30.047838345785387,0.6721341237862569,0.7378153156062974,3.2210538790783088,2.6863360635695186e-05,-0.0015750703985454595,True,True,True,True,True,True,True,True,,True,0.051298392053600164,
A-50ml-f0.50-p+0.0-above-y0-x+0.0-y-3.0,A,dy,50,0.5,0,above,0,0,-3,25,37.64144115524114,27.968458153677254,23.53988430458219,25.922625482182106,False,22.12,28.4,135697,78465,0,0,0,0,0,0,,8.570999999998984,19.60049999999967,1.2122883480643938,1.8034350685846579,9.567746365125988,38.19563629050611,38.498422743697716,99.4886461850858,5.567324394010948,78465,85.75994696571688,0.3838866089719148,0.8856643775615366,20.232782723729162,10.108716876679413,1.567541788310856,30.07334230324167,0.010904154491128222,0.34053716805811374,3.1859482356070274,7.73124918760008e-06,-0.0015713006432055263,True,True,True,True,True,True,True,True,,True,0.07930911795995182,
A-50ml-f0.50-p+0.0-above-y180-x+0.0-y+0.0,A,yaw,50,0.5,0,above,180,0,0,25,37.64144115524114,27.968458153677254,23.53988430458219,25.922625482182106,False,38.41,28.4,150569,79552,0,0,0,0,0,0,,9.289999999999862,19.60049999999967,0.2999158912657566,0.5109051184083755,9.567746364142018,38.49998364101321,38.498422743697716,99.19322667680072,4.587862105414009,79552,86.32377475691547,1.147329232720339,0.22425654901267586,20.49169608989444,9.830937489426484,0.5010968930559171,30.387415359758844,0.2806248380182,0.42933988365556863,0.1969129759606601,2.511023625464716e-05,-0.0015656028275247776,True,True,True,True,True,True,True,True,,True,0.06593383890656561,
A-50ml-f0.50-p+0.0-above-y0-x+0.0-y+6.0,A,dy,50,0.5,0,above,0,0,6,25,37.64144115524114,27.968458153677254,23.53988430458219,25.922625482182106,False,18.21,28.4,115326,78580,0,0,0,0,0,0,,9.030999999999546,19.60049999999967,0.7613241780433558,1.2591033775413125,9.567746360434962,38.15953845774712,38.498422743697716,99.60684128327107,4.995067699490055,78580,84.72485557294944,0.4016889264233258,1.7236428260337082,20.211355985459953,10.165580427914058,2.0805118131155544,29.9221696289505,0.2624966972090936,0.4218464961336742,6.49264431801705,0.07374068296676153,0.012645539836191697,True,True,True,True,True,True,True,True,,True,0.0620358105111712,
A-50ml-f0.50-p+0.0-above-y90-x+0.0-y+0.0,A,yaw,50,0.5,0,above,90,0,0,25,37.64144115524114,27.968458153677254,23.53988430458219,25.922625482182106,False,43.17,28.4,149694,79566,0,0,0,0,0,0,,9.290999999999864,19.60049999999967,0.3071359402826878,0.5187268251207957,9.567746363439891,38.49998549276291,38.498422743697716,99.19322472877657,4.57343167425206,79566,86.2853379047292,1.1575340554125617,0.22751514379685112,20.49103372398509,9.831655493408725,0.5121665053348832,30.38415620831809,0.3016625185162715,0.43993017806741697,0.24286881733228954,9.430238149809192e-06,-0.0015761090284424628,True,True,True,True,True,True,True,True,,True,0.06598842628045805,
A-50ml-f0.50-p+0.0-above-y0-x+6.0-y+0.0,A,dx,50,0.5,0,above,0,6,0,25,37.64144115524114,27.968458153677254,23.53988430458219,25.922625482182106,False,32.68,28.4,87196,77287,0,0,0,0,0,0,,8.192499999998521,19.60049999999967,3.465884536381838,6.829306390415772,9.567746347253534,38.5000527180277,38.498422743697716,99.19306576508227,6.753360443786008,77287,78.63720345685103,0.510168233852909,7.123505868366037,21.74682567158776,9.344857905492319,6.68196581243292,28.558802637517747,5.289104301874229,5.2961496561149115,3.0514188710401964,0.15032122164252262,0.03475084396057471,True,True,False,True,True,True,False,True,lift,False,0.0991332659078228,
A-50ml-f0.50-p+0.0-above-y0-x+3.0-y+0.0,A,dx,50,0.5,0,above,0,3,0,25,37.64144115524114,27.968458153677254,23.53988430458219,25.922625482182106,False,34.39,28.4,131443,74767,0,0,0,0,0,0,,8.303999999998657,19.60049999999967,2.484816099940462,4.07925267884487,9.567746358964222,38.499979245310136,38.498422743697716,99.19302948130883,6.259416999277775,74767,83.38400636039424,0.9221847658040729,4.041853473402318,20.844169247465455,9.720524086954327,3.7432166836552416,29.431367708775657,0.22154813471637816,0.3637727993888033,2.4890542738064503,0.17990677038820171,0.044108454291434625,True,True,True,True,True,True,True,True,,True,0.01837971390646432,
A-50ml-f0.80-p+10.0-above-y0-x+0.0-y+0.0,A,pitch,50,0.8,10,above,0,0,0,25,37.64144115524114,44.7495330458836,37.6638148873315,42.703700374388454,False,18.63,28.4,115272,76605,0,0,0,0,0,266,,8.89599999999938,19.60049999999967,5.5179740159459705,8.830699245393824,9.567739894419065,38.49416043343722,38.498422743697716,99.16771486063398,4.957887221745241,76605,84.53997813604974,0.5699934979466185,0.5207458372603759,37.30499755787633,9.620685553862863,8.2647478629622,11.303706154463134,-0.026703567283497567,0.3421116295210175,30.38774998675112,1.9090959104164224e-06,-0.001554716762113684,True,True,False,True,True,True,True,False,lift,False,0.03312237808854915,
A-50ml-f0.80-p+0.0-above-y0-x-6.0-y+0.0,A,dx,50,0.8,0,above,0,-6,0,25,37.64144115524114,44.7495330458836,37.6638148873315,42.703700374388454,False,10.0,28.4,6571,277,0,0,0,0,0,9042,,,,103.0142764773081,89.7824982114292,9.552436056419804,36.70779034133728,38.498422743697716,99.38020072880046,0.24542822802525732,277,0.004084711614154209,267.14204621690754,123.10250379521243,-22.602843676569563,-118.44661662003018,90.0002131043832,4535157.481380198,,0.09461501507095908,35.70893399659406,90.00021330179203,18.819668885304452,True,True,False,False,False,False,False,False,lift,False,,
A-50ml-f0.80-p-20.0-above-y0-x+0.0-y+0.0,A,pitch,50,0.8,-20,above,0,0,0,25,37.64144115524114,44.7495330458836,37.6638148873315,42.703700374388454,False,33.72,28.4,155501,0,0,0,3192,0,0,0,0.8624999999999604,,,0.17655877352452365,0.10629924155919006,45.102754094487274,83.94370269006802,38.498422743697716,54.13776673610745,-0.20013448016190094,0,0.0017235365015919495,158.86294933802083,2.4203653656985904,82.38952358663259,-35.33299638410018,1.291767983997163,13.373506014314046,,0.20009210376162664,0.223765656868902,2.699869328381916e-06,-0.001550360266870496,False,False,False,False,False,False,False,True,table,False,,
A-50ml-f0.80-p-5.0-above-y0-x+0.0-y+0.0,A,pitch,50,0.8,-5,above,0,0,0,25,37.64144115524114,44.7495330458836,37.6638148873315,42.703700374388454,False,29.1,28.4,31957,987,0,0,2163,0,0,464,1.2899999999999134,,,100.3818045287361,90.9363414184323,9.809161715193842,48.14308269276341,38.498422743697716,89.55453602080982,0.5968271206041459,987,0.00408471161691676,284.61768192194023,127.1617562148096,-30.379475741120554,-118.45129780958817,90.00021317798466,4533591.685600097,,0.24969762608020402,76.5523731691554,90.0005069557849,18.825297543475198,False,False,False,False,False,False,False,False,table,False,,
A-50ml-f0.80-p+0.0-side-y0-x+0.0-y+0.0,A,approach,50,0.8,0,side,0,0,0,25,37.64144115524114,44.7495330458836,37.6638148873315,42.703700374388454,False,20.91,28.4,148079,79594,0,0,0,0,0,0,,9.28749999999986,19.60049999999967,0.3550828226062118,0.600635643530087,9.567723163883594,38.49996598808692,38.498422743697716,99.18985952391236,4.442044064894027,79594,86.08156745699874,1.176948170735735,0.07798384049629141,37.23908161819588,9.863320574247354,0.592015785739674,13.579571481480995,0.25837219241478554,0.40839804755261533,0.27850215977227044,3.6222548091772e-06,-0.0015444181778359375,True,True,True,True,True,True,True,True,,True,0.0673210285678755,
A-50ml-f0.80-p+0.0-above-y90-x+0.0-y+0.0,A,yaw,50,0.8,0,above,90,0,0,25,37.64144115524114,44.7495330458836,37.6638148873315,42.703700374388454,False,20.46,28.4,148130,79538,0,0,0,0,0,0,,9.289999999999862,19.60049999999967,0.30638352628296356,0.5208400632152678,9.567746364340103,38.499967215730884,38.498422743697716,99.1898566155887,4.61318216566707,79538,86.30479550501592,1.1559860206399917,0.0789873229612484,37.238911776618565,9.863523413399466,0.5110135481198748,13.603420774065754,0.33405260132236797,0.4651382184427052,0.20278493198800918,8.664856156940838e-06,-0.0015545211165155343,True,True,True,True,True,True,True,True,,True,0.06561795612427952,
A-50ml-f0.50-p+0.0-above-y0-x-3.0-y+0.0,A,dx,50,0.5,0,above,0,-3,0,25,37.64144115524114,27.968458153677254,23.53988430458219,25.922625482182106,False,52.67,28.4,39967,507,0,0,0,0,0,97240,,,,203.63795858282546,91.00219748785288,9.567746364537701,38.499346196530816,38.498422743697716,84.75370635109319,-0.20047071174982,507,0.0037184907165386345,120.05028008048559,37.57118872252791,35.37942733693057,1.990502207270803,32.14005444190876,19.93729415947348,,0.1810138860816072,164.28612259898426,90.00015201573333,18.81961937546186,True,True,False,False,False,False,False,False,lift,False,,
A-50ml-f0.50-p-10.0-above-y0-x+0.0-y+0.0,A,pitch,50,0.5,-10,above,0,0,0,25,37.64144115524114,27.968458153677254,23.53988430458219,25.922625482182106,False,76.36,28.4,156651,0,0,0,2575,0,0,0,1.1199999999999322,,,0.06738505272048884,0.009057008233735486,20.36355341301281,58.745744672127834,38.498422743697716,78.9431145006046,-0.2001071196384291,0,0.00011165083397749752,142.82782485101131,4.268420941385613,40.98039283711008,-10.771979736396167,1.565526054134864,30.073936179720747,,0.20009003410052684,0.012123420488897628,6.037091348628668e-06,-0.0015712998475670768,False,False,False,False,False,False,False,True,table,False,,
A-50ml-f0.80-p+20.0-above-y0-x+0.0-y+0.0,A,pitch,50,0.8,20,above,0,0,0,25,37.64144115524114,44.7495330458836,37.6638148873315,42.703700374388454,False,30.53,28.4,108279,76594,0,0,0,0,0,589,,9.28749999999986,19.60049999999967,9.722268426239541,17.18380341147133,9.568443672320125,38.49509768793129,38.498422743697716,99.1383099267608,4.141632622900529,76594,81.99071641984939,1.2110601614147007,2.0691997435296017,37.19456713020248,8.891530393839691,16.74202809994844,8.679767490827775,-0.04112734799689216,0.278133023718754,45.9854242091591,2.2174105038031855,0.6442708687231823,True,True,False,True,True,True,True,False,lift,False,0.04985020499830499,
A-50ml-f0.80-p+5.0-above-y0-x+0.0-y+0.0,A,pitch,50,0.8,5,above,0,0,0,25,37.64144115524114,44.7495330458836,37.6638148873315,42.703700374388454,False,37.71,28.4,115998,76347,0,0,0,0,0,0,,8.733999999999183,19.60049999999967,2.611783958609296,4.24669619737881,9.567743742173466,38.49628452406996,38.498422743697716,99.17973921224342,5.3046803121968855,76347,85.1366409986381,0.2429025970968195,0.2385057756941297,37.28283345987474,9.786155102073145,3.518244839182368,12.716791339273858,1.0027676268397114,1.058267374250869,2.6228835928943153,3.302239302041128e-05,-0.0015555975073306622,True,True,True,True,True,True,False,True,recap,False,0.0248344108255297,
A-50ml-f0.80-p+0.0-above-y0-x+0.0-y+0.0,A,nominal,50,0.8,0,above,0,0,0,25,37.64144115524114,44.7495330458836,37.6638148873315,42.703700374388454,False,44.17,28.4,147997,79590,0,0,0,0,0,0,,9.28849999999986,19.60049999999967,0.35457698339028465,0.5995577254865759,9.567746363321653,38.499967838043936,38.498422743697716,99.18985745324335,4.441907461744165,79590,86.08000377623206,1.1814871486147451,0.07776368620655406,37.23884326446364,9.863557042813248,0.5909668705623549,13.579880315282873,0.25557962957120833,0.4060465785668237,0.2796769419673975,2.9575586669421963e-06,-0.0015479550858292063,True,True,True,True,True,True,True,True,,True,0.06729249453787516,
A-50ml-f0.80-p+0.0-above-y0-x+6.0-y+0.0,A,dx,50,0.8,0,above,0,6,0,25,37.64144115524114,44.7495330458836,37.6638148873315,42.703700374388454,False,18.69,28.4,86431,77387,0,0,0,0,0,0,,8.181999999998508,19.60049999999967,3.4375172849275155,6.8486061266518625,9.567746347492738,38.499649123951194,38.498422743697716,99.1898683456336,6.745036100307702,77387,78.57722859835933,0.5072832527121358,5.139776946860851,38.35354762450797,9.288563813517282,6.701036472304383,11.772036058186073,4.9204862576849795,4.928196921755722,3.0774239284891167,0.1349669268479077,0.031045723031881862,True,True,False,True,True,True,False,True,lift,False,0.105821122108217,
A-50ml-f0.80-p+0.0-above-y0-x-3.0-y+0.0,A,dx,50,0.8,0,above,0,-3,0,25,37.64144115524114,44.7495330458836,37.6638148873315,42.703700374388454,False,21.54,28.4,36374,27826,0,0,0,0,0,1972,,9.372499999999963,,102.98008360264089,90.61464167562758,9.567737459221217,38.499983306195645,38.498422743697716,99.18948965731963,2.5733795721155777,27826,261.2186080238179,4.541272913469598,122.47010151082635,-8.11568541970779,-118.44594101352668,90.00010416988012,9277734.009676756,,109.15419941058673,15.14273636843257,90.00020515028763,18.880127461449245,True,True,False,True,True,False,False,False,lift,False,1.146390477855023,
A-50ml-f0.80-p+0.0-above-y180-x+0.0-y+0.0,A,yaw,50,0.8,0,above,180,0,0,25,37.64144115524114,44.7495330458836,37.6638148873315,42.703700374388454,False,38.37,28.4,149370,79546,0,0,0,0,0,0,,9.289499999999862,19.60049999999967,0.3205856165763669,0.5434246115522011,9.567746363689032,38.49996574046783,38.498422743697716,99.18985801793337,4.588424622564425,79546,86.24260872248976,1.1551508913362,0.0766137979035012,37.235903895405926,9.866504183651925,0.5356594375763497,13.596164412587594,0.268738006982092,0.41831017322682507,0.2560788338969871,9.697004570245026e-06,-0.0015400447990339256,True,True,True,True,True,True,True,True,,True,0.06624680780634526,
A-50ml-f0.80-p+0.0-above-y0-x+0.0-y+6.0,A,dy,50,0.8,0,above,0,0,6,25,37.64144115524114,44.7495330458836,37.6638148873315,42.703700374388454,False,18.82,28.4,109421,77115,0,0,0,0,0,0,,9.256499999999821,19.60049999999967,1.1635333201480509,1.754716202926973,9.567746356389899,38.38274535628864,38.498422743697716,99.30020696848565,4.7299578104511575,77115,85.07809088680217,0.8658803814521442,0.6748288910684326,37.20440992515515,9.911750326908136,1.4684508745595104,13.321460294681405,0.16904481251416545,0.3576111600906599,6.329195842920173,0.13462342559150534,0.030435306808301168,True,True,True,True,True,True,True,True,,True,0.061895810191403035,
A-50ml-f0.80-p+0.0-diagonal-y0-x+0.0-y+0.0,A,approach,50,0.8,0,diagonal,0,0,0,25,37.64144115524114,44.7495330458836,37.6638148873315,42.703700374388454,False,43.58,28.4,147774,79590,0,0,0,0,0,0,,9.28799999999986,19.60049999999967,0.35462858633814026,0.5995468151207125,6.765411460364437,38.499967281223675,38.498422743697716,99.18985806738057,4.441828720158012,79590,86.08119413648468,1.1774931544879212,0.07714702437677651,37.23881938148857,9.863574276486208,0.5916996914548234,13.579664549647749,0.24237456669191068,0.3974126618323342,0.26911717498098026,6.037091348628668e-06,-0.0015463259638479805,True,True,True,True,True,True,True,True,,True,0.06731713207564352,
A-50ml-f0.80-p+0.0-above-y0-x+0.0-y+3.0,A,dy,50,0.8,0,above,0,0,3,25,37.64144115524114,44.7495330458836,37.6638148873315,42.703700374388454,False,24.31,28.4,129964,79652,0,0,0,0,0,0,,9.291499999999864,19.60049999999967,0.6243382405597527,1.0185350730530671,9.56774636409461,38.265209305048494,38.498422743697716,99.4244730476346,4.378661155730726,79652,85.62553205161231,0.9763156452690253,0.3230132625916125,36.96300967869688,10.143279910959201,1.0326232708890044,13.449829811436665,0.040822463808777375,0.3211055254994896,3.104674992087681,0.12753112880614165,0.028463364091793952,True,True,True,True,True,True,True,True,,True,0.06720475973609442,
A-50ml-f0.80-p+0.0-above-y270-x+0.0-y+0.0,A,yaw,50,0.8,0,above,270,0,0,25,37.64144115524114,44.7495330458836,37.6638148873315,42.703700374388454,False,42.32,28.4,148680,79556,0,0,0,0,0,0,,9.286999999999859,19.60049999999967,0.4820668587934036,0.8357609903608348,9.567746362217903,38.499967568847595,38.498422743697716,99.18985664853182,4.44578257452953,79556,85.76436544196466,1.1712300044408415,0.07252660307362321,37.233800387455396,9.86839765966066,0.7701122548137045,13.52713238530979,-0.011206138753292754,0.32630449761294106,0.4556114302628804,1.2074182697257333e-06,-0.001553036662311906,True,True,True,True,True,True,True,True,,True,0.06617652337252573,
A-50ml-f0.80-p+0.0-above-y0-x+3.0-y+0.0,A,dx,50,0.8,0,above,0,3,0,25,37.64144115524114,44.7495330458836,37.6638148873315,42.703700374388454,False,33.16,28.4,129111,74664,0,0,0,0,0,0,,8.29849999999865,19.60049999999967,2.4655065414434136,4.056329703047149,9.567746358540957,38.49996074930931,38.498422743697716,99.18967573823097,6.290050655213319,74664,83.67374242608149,0.9592748991854328,2.9426064648228807,37.54911524774192,9.720373450733511,3.635960055035712,12.682000507118877,1.5145629925596082,1.5411333073463127,2.4734553943812347,0.14506960483830691,0.03364665164450091,True,True,True,True,True,True,False,True,recap,False,0.019165172889629642,
A-60ml-f0.25-p+5.0-above-y0-x+0.0-y+0.0,A,pitch,60,0.25,5,above,0,0,0,25,40.0,14.736568804805119,14.178240740740737,7.236568804805119,False,20.08,28.4,121306,76366,0,0,0,0,0,0,,8.712499999999157,19.60049999999967,3.023028241587417,4.172130405657632,9.567743716350801,44.09783796245277,44.1,99.1830831923785,5.345444189110801,76366,85.20054595668358,0.20076154461818077,1.1647835238783024,8.085914236947222,9.063140379786603,3.4935280474324943,47.41454484827766,1.2906726904707226,1.3351975106754748,4.205668736194952,0.5596022312804492,0.16504402217809927,True,True,False,True,True,True,False,True,lift,False,0.02425412667568346,
A-50ml-f0.80-p+0.0-above-y0-x+0.0-y-6.0,A,dy,50,0.8,0,above,0,0,-6,25,37.64144115524114,44.7495330458836,37.6638148873315,42.703700374388454,False,37.36,28.4,120976,77294,0,0,0,0,0,0,,9.2389999999998,19.60049999999967,1.4527396333186762,2.080368347287898,9.567746362420499,38.47512880941139,38.498422743697716,99.20754389516412,4.7857023384872965,77294,84.52266748560567,0.8351903201439078,0.9938302344728218,37.29696286699702,9.831836878740285,1.826257193991062,13.216034554391555,0.2954634065383863,0.4252770030696873,6.38095023968576,0.2130994707483322,0.053760768073366494,True,True,True,True,True,True,True,True,,True,0.05756844637086757,
A-50ml-f0.80-p+0.0-above-y0-x+0.0-y-3.0,A,dy,50,0.8,0,above,0,0,-3,25,37.64144115524114,44.7495330458836,37.6638148873315,42.703700374388454,False,39.41,28.4,114484,79668,0,0,0,0,0,0,,8.49499999999889,19.705499999999425,0.8260889250779955,1.1038983287143085,9.567746364477458,38.27527539407682,38.498422743697716,99.41929739322191,5.5391465642775914,79668,86.3138276094779,0.37462626107090247,0.4699504089719853,37.09309210568925,10.016830977466112,1.2501153484922698,13.385774596839067,0.7109263847946634,0.7941933244424442,3.192199164099512,2.6522008005948065e-05,-0.001552223524992851,True,True,True,True,True,True,True,True,,True,0.06839272065164242,
A-60ml-f0.25-p+20.0-above-y0-x+0.0-y+0.0,A,pitch,60,0.25,20,above,0,0,0,25,40.0,14.736568804805119,14.178240740740737,7.236568804805119,False,25.77,28.4,113165,76545,0,0,0,0,0,602,,9.277499999999847,19.60049999999967,11.374715895738081,17.170601781619812,9.567893204373533,44.09677711878982,44.1,99.13883489474138,4.315428281842671,76545,82.0867646976024,1.0751434173686265,3.9978948756924986,8.069690685803177,7.622006073383342,16.784250363403007,43.084309257062024,0.10986124603645125,0.32700761588381516,34.43834880143638,0.19513654573039052,0.05007197400723931,True,True,False,True,True,True,True,False,lift,False,0.05286234138642286,
A-60ml-f0.25-p-5.0-above-y0-x+0.0-y+0.0,A,pitch,60,0.25,-5,above,0,0,0,25,40.0,14.736568804805119,14.178240740740737,7.236568804805119,False,33.45,28.4,82702,16952,450,0,1922,0,0,30699,1.3924999999999021,9.383499999999977,,43.71972377622973,28.942301961127306,9.565077628342022,49.260490136680026,44.1,94.0469814964511,2.7249807107095765,16952,93.81082324988549,12.89304371234026,37.69841638940313,5.111312148684135,15.433727164638992,5.1094894846615215,46.90396899289233,,7446.1762617116865,24.62574883000186,0.2710686027717452,0.07681632797593757,False,False,False,True,False,False,False,False,table,False,1.5151753222736035,
A-60ml-f0.25-p+0.0-side-y0-x+0.0-y+0.0,A,approach,60,0.25,0,side,0,0,0,25,40.0,14.736568804805119,14.178240740740737,7.236568804805119,False,23.22,28.4,146002,79608,0,0,0,0,0,0,,9.282499999999853,19.601499999999668,0.39127602755861063,0.5717305152789085,9.567723219229302,44.10151696969423,44.1,99.19370008763532,4.501857236878903,79608,86.2290335449673,1.103349019195729,0.424865564680966,8.032711074606121,9.20757237688566,0.5603021494907361,48.33740147218862,0.3354066057509231,0.47323733733454365,0.09877136291637985,1.306022544728445e-05,-0.0015483322318872266,True,True,True,True,True,True,True,True,,True,0.06550311190780644,
A-60ml-f0.25-p+10.0-above-y0-x+0.0-y+0.0,A,pitch,60,0.25,10,above,0,0,0,25,40.0,14.736568804805119,14.178240740740737,7.236568804805119,False,31.86,28.4,116949,76590,0,0,0,0,0,286,,8.872999999999353,19.60049999999967,6.474785016531014,8.907115561219802,9.567739869931966,44.096006142334616,44.1,99.16951994032215,4.982185422123947,76590,84.5875208185385,0.5452937929433115,1.5463886400692648,8.115295018023145,8.804165771581108,8.272507065294802,45.896335540171464,-0.04343327935995513,0.34820454006279233,29.162010311982463,0.04139901189004317,0.004308652970184207,True,True,False,True,True,True,True,False,lift,False,0.03377747595921107,
A-60ml-f0.25-p+0.0-above-y270-x+0.0-y+0.0,A,yaw,60,0.25,0,above,270,0,0,25,40.0,14.736568804805119,14.178240740740737,7.236568804805119,False,19.41,28.4,149639,79632,0,0,0,0,0,0,,9.284999999999856,19.60049999999967,0.4481492142393224,0.6508905895006466,9.567746335738189,44.10151805620491,44.1,99.19369677697429,4.469754889088601,79632,85.9775300381819,1.133751633183856,0.47108662782712,8.030466460980167,9.21085079539076,0.6494837327939614,48.309381122856294,0.33300615973812936,0.47646387296148784,0.21577989153870944,2.045496267426006e-05,-0.0015511327948371143,True,True,True,True,True,True,True,True,,True,0.06461361386408608,
A-60ml-f0.25-p-10.0-above-y0-x+0.0-y+0.0,A,pitch,60,0.25,-10,above,0,0,0,25,40.0,14.736568804805119,14.178240740740737,7.236568804805119,False,40.37,28.4,76914,3232,2363,0,2407,0,0,67513,1.1899999999999245,,,46.67431503034948,34.325938092275194,16.67469691866897,59.69915144140831,44.1,83.6050433231159,-0.19379264082396153,3232,0.005674839460934531,128.09371582305792,39.76326887413564,38.63123434020527,-5.570885826853944,29.456178336856187,38.347687106838,,0.8651946411242812,24.11647403920144,90.0001684800344,19.998941364590156,False,False,False,False,False,False,False,False,table,False,,
A-50ml-f0.80-p-10.0-above-y0-x+0.0-y+0.0,A,pitch,50,0.8,-10,above,0,0,0,25,37.64144115524114,44.7495330458836,37.6638148873315,42.703700374388454,False,82.17,28.4,156641,0,0,0,2575,0,0,0,1.1199999999999322,,,0.06784552426501402,0.01590133184963623,20.362849982973096,58.7443924495111,38.498422743697716,78.94538538311505,-0.20010611477845608,0,1.4746784224751128e-05,142.84859606601697,1.7786863252029397,57.53430206153764,-10.477103881370825,1.5741610107681974,13.290317244787072,,0.20008876991971303,0.04188637006707392,4.829673078902934e-06,-0.0015503602431189334,False,False,False,False,False,False,False,True,table,False,,
A-60ml-f0.25-p+0.0-above-y0-x+0.0-y+0.0,A,nominal,60,0.25,0,above,0,0,0,25,40.0,14.736568804805119,14.178240740740737,7.236568804805119,False,41.73,28.4,146067,79608,0,0,0,0,0,0,,9.282999999999854,19.620999999999622,0.3870817122008595,0.566028675392968,9.567746336852096,44.10151970264462,44.1,99.19369701206466,4.50217339934661,79608,86.2391650046583,1.1056147497553166,0.4215248605241896,8.032837166391715,9.207381815272697,0.5548116867300169,48.33912651528742,0.33365603583812364,0.4731973429046701,0.11764696113897276,1.7203062292734435e-05,-0.0015482098902155975,True,True,True,True,True,True,True,True,,True,0.06541018326264075,
A-60ml-f0.25-p+0.0-above-y90-x+0.0-y+0.0,A,yaw,60,0.25,0,above,90,0,0,25,40.0,14.736568804805119,14.178240740740737,7.236568804805119,False,31.92,28.4,146859,79594,0,0,0,0,0,0,,9.286499999999858,19.92299999999892,0.3363380612013281,0.4881404408209736,9.567746336424397,44.10151889556817,44.1,99.19369589555845,4.606498634920186,79594,86.42314372424298,1.1065226921587272,0.376401655173072,8.031809228363436,9.207575522821879,0.4772585104229055,48.36349254435487,0.3133570587703884,0.45250879097076874,0.06598928503196311,1.5415284529485704e-05,-0.0015442821030921953,True,True,True,True,True,True,True,True,,True,0.06495314923557644,
A-60ml-f0.25-p+0.0-above-y0-x+3.0-y+0.0,A,dx,60,0.25,0,above,0,3,0,25,40.0,14.736568804805119,14.178240740740737,7.236568804805119,False,20.57,28.4,138044,75159,0,0,0,0,0,0,,8.310499999998665,19.60049999999967,2.8129714033439996,4.037325293682233,9.567746329491914,44.10148747364732,44.1,99.19350999527437,6.244379478655512,75159,83.41432467848092,0.9047839147110242,5.186217638928516,8.409760702964416,9.145192723248389,3.7262163378902544,47.34115261730476,1.6428760720742213,1.668750530860271,2.841619509487849,1.4983666681503355e-05,-0.0015502782744629764,True,True,True,True,True,True,False,True,recap,False,0.028186688023258053,
A-60ml-f0.25-p+0.0-above-y180-x+0.0-y+0.0,A,yaw,60,0.25,0,above,180,0,0,25,40.0,14.736568804805119,14.178240740740737,7.236568804805119,False,32.61,28.4,149485,79624,0,0,0,0,0,0,,9.286999999999859,19.90949999999895,0.3351683677735677,0.4831496822150287,9.567746336150929,44.10151626993901,44.1,99.19369889211538,4.5965132173456515,79624,86.4279567127305,1.1149943774665825,0.3753146483919933,8.031517899454,9.20783137098366,0.47219782133922233,48.365082515870746,0.3082422124201199,0.45858112039623683,0.2264461073371658,2.4876918895628062e-05,-0.0015402987226861334,True,True,True,True,True,True,True,True,,True,0.06481286486759892,
A-60ml-f0.25-p-20.0-above-y0-x+0.0-y+0.0,A,pitch,60,0.25,-20,above,0,0,0,25,40.0,14.736568804805119,14.178240740740737,7.236568804805119,False,60.59,28.4,168639,0,1920,0,3054,0,0,0,0.9199999999999541,,,4.266289592822179,2.6737976540916653,39.616296657393114,83.95235550688952,44.1,59.824518315869895,-0.20008339689100985,0,0.0005060539731352385,155.3154614936961,11.946004492362553,50.474980080767594,-33.719140534819736,2.452657976743453,47.742434975869685,,0.20009198737306272,4.20224900277839,0.11958622004372542,0.028861523000315775,False,False,False,False,False,False,False,True,table,False,,
A-60ml-f0.25-p+0.0-diagonal-y0-x+0.0-y+0.0,A,approach,60,0.25,0,diagonal,0,0,0,25,40.0,14.736568804805119,14.178240740740737,7.236568804805119,False,41.62,28.4,146110,79590,0,0,0,0,0,0,,9.282499999999853,19.637999999999582,0.3836396908121042,0.5610062015870779,6.765411447378522,44.101518882513496,44.1,99.19369794930758,4.502087085686571,79590,86.25204685269908,1.1046552463550754,0.4187361773184029,8.032975235058794,9.20718718280937,0.5496783198094886,48.3407393598986,0.3234475038990675,0.4636241668037443,0.15397746624730868,0.029255546139819604,0.00048597608721079566,True,True,True,True,True,True,True,True,,True,0.06549197886843165,
A-60ml-f0.25-p+0.0-above-y0-x-3.0-y+0.0,A,dx,60,0.25,0,above,0,-3,0,25,40.0,14.736568804805119,14.178240740740737,7.236568804805119,False,28.48,28.4,40590,2021,0,0,0,0,0,39508,,,,114.86694764028485,87.46819932322852,9.567746337065607,43.78892701769285,44.1,95.71233243471002,1.3021211645026787,2021,0.5522508984016411,122.11227383859003,40.319389513484,28.13255526988958,4.9063079480658605,35.89123416595264,35.487800649057206,,0.18088283759253246,77.30598382152434,90.00016528036366,19.99893102180496,True,True,False,False,False,False,False,False,lift,False,,
A-60ml-f0.25-p+0.0-above-y0-x+0.0-y-6.0,A,dy,60,0.25,0,above,0,0,-6,25,40.0,14.736568804805119,14.178240740740737,7.236568804805119,False,30.4,28.4,124231,78170,0,0,0,0,0,0,,9.033499999999549,19.60049999999967,3.1901399252646296,4.1487339658531805,9.567746336974214,42.694162319403155,44.1,100.33399218908427,4.833829171286844,78170,84.83499482855098,0.49173290080861254,2.615993201709802,7.005868352387875,10.328687799731215,2.332474884195462,47.78025753638916,0.10983886670649108,0.3516540773975346,6.513646657975381,5.533085616490783e-06,-0.0015503885851225949,True,True,False,True,True,True,True,True,lift,False,0.06942328168040394,
A-60ml-f0.50-p+10.0-above-y0-x+0.0-y+0.0,A,pitch,60,0.5,10,above,0,0,0,25,40.0,29.473137609610237,28.356481481481474,21.973137609610234,False,17.5,28.4,115338,76535,0,0,0,0,0,48,,8.872499999999352,19.60049999999967,6.504444441859296,8.922870067552207,9.567739869274533,44.09603624094021,44.1,99.16668102066527,4.993258571660358,76535,84.60984966008137,0.5377709597345705,1.0937152523123288,22.241115693804964,9.47266569424314,8.294844792282648,31.15260037642515,-0.04029801851028231,0.3443740998866043,25.436253530689818,0.46190858366130844,0.13599574677941567,True,True,False,True,True,True,True,False,lift,False,0.032375586460934545,
A-60ml-f0.50-p+5.0-above-y0-x+0.0-y+0.0,A,pitch,60,0.5,5,above,0,0,0,25,40.0,29.473137609610237,28.356481481481474,21.973137609610234,False,20.11,28.4,117551,76306,0,0,0,0,0,0,,8.693999999999134,19.60049999999967,3.1111209071917645,4.2280648484054595,9.567743714713654,44.097916270251915,44.1,99.17958850778048,5.392369730475383,76306,85.2357886792839,0.1793817827719554,0.7770913487980438,22.2158653032724,9.691402355444662,3.5188205204833034,32.67000034894513,1.2384038315193004,1.2840433107854918,3.4573618324022815,0.37526155541519624,0.10595947281703202,True,True,False,True,True,True,False,True,lift,False,0.023231022644047448,
A-60ml-f0.25-p+0.0-above-y0-x+0.0-y+6.0,A,dy,60,0.25,0,above,0,0,6,25,40.0,14.736568804805119,14.178240740740737,7.236568804805119,False,34.55,28.4,120836,79312,0,0,0,0,0,0,,8.945499999999441,19.60049999999967,8.002060518228749,12.397819982381574,9.567746336975096,42.7064368811377,44.1,100.37756889599075,5.0087835480504825,79312,84.88528807176355,0.45392915325925554,2.6999303384421567,7.340901980805229,9.99517602040681,2.2784783145073035,47.797248555789544,0.2519631365121374,0.41310088164947645,6.60187186620375,7.824964720612764e-06,-0.0015545831582375012,True,True,False,True,True,True,True,True,lift,False,0.0711723140019131,
A-60ml-f0.25-p+0.0-above-y0-x+0.0-y+3.0,A,dy,60,0.25,0,above,0,0,3,25,40.0,14.736568804805119,14.178240740740737,7.236568804805119,False,35.55,28.4,118298,76931,0,0,0,0,0,0,,8.80599999999927,19.60049999999967,2.7836649139186442,4.049919809477106,9.567746336973986,43.51099042258419,44.1,99.85046138213225,5.048327979107703,76931,85.32093995482079,0.26878830585246655,1.6706095147051667,7.499534302525817,9.783384131358556,1.745520343051485,47.964890091892514,0.12989323054541743,0.3482879027650767,3.2943616986187583,0.10534383382678067,0.024403226274986835,True,True,True,True,True,True,True,True,,True,0.03728148499816941,
A-60ml-f0.50-p+0.0-diagonal-y0-x+0.0-y+0.0,A,approach,60,0.5,0,diagonal,0,0,0,25,40.0,29.473137609610237,28.356481481481474,21.973137609610234,False,20.6,28.4,145213,79636,0,0,0,0,0,0,,9.283999999999855,19.61749999999963,0.38615735298930726,0.5613332898907366,6.765411449557404,44.101542627003596,44.1,99.19027527561205,4.488809725837692,79636,86.22613034804654,1.1277936121559728,0.2819465793528593,22.166700265581586,9.808694992144664,0.5509333819273634,33.60377622932538,0.30454274608858406,0.4511916830719398,0.15340890981220023,3.229702814900021e-05,-0.0015665312697876344,True,True,True,True,True,True,True,True,,True,0.06612630978587802,
A-60ml-f0.50-p-20.0-above-y0-x+0.0-y+0.0,A,pitch,60,0.5,-20,above,0,0,0,25,40.0,29.473137609610237,28.356481481481474,21.973137609610234,False,36.76,28.4,156405,0,1834,0,3054,0,0,0,0.9199999999999541,,,3.375199475338764,2.1337414196579703,39.61659377784787,83.95231473585447,44.1,59.82135981221434,-0.2000858974679498,0,0.000591815470909286,155.3101024253163,7.559188280687346,65.1774173105104,-33.4056799496654,1.628815027549114,33.26501716592918,,0.20011278597159315,3.0895756862466515,4.682541780500861e-05,-0.0015669726276531125,False,False,False,False,False,False,False,True,table,False,,
A-60ml-f0.25-p+0.0-above-y0-x+6.0-y+0.0,A,dx,60,0.25,0,above,0,6,0,25,40.0,14.736568804805119,14.178240740740737,7.236568804805119,False,40.57,28.4,92354,77432,0,0,0,0,0,0,,8.28149999999863,19.60049999999967,4.182279930690865,6.776147323450716,9.56774631988086,44.10134237886994,44.1,99.1936492709809,6.5659394770717086,77432,78.47856393278985,0.3922668340492339,9.232106009432743,9.390581276818349,8.860411035055707,6.636797642336069,46.41904418186808,0.249060770561683,0.4141873841285437,3.9534241294886407,0.09854331591584978,0.02228036806686336,True,True,False,True,True,False,True,True,lift,False,0.09544846769392681,
A-60ml-f0.25-p+0.0-above-y0-x+0.0-y-3.0,A,dy,60,0.25,0,above,0,0,-3,25,40.0,14.736568804805119,14.178240740740737,7.236568804805119,False,43.1,28.4,133510,78788,0,0,0,0,0,0,,8.581499999998996,19.60049999999967,2.921163273910497,4.27283855801773,9.567746336969925,43.50446779889982,44.1,99.76953722688782,5.5029131894137056,78788,85.97340405538418,0.44069809811706045,1.2247808068228085,7.63809734005085,9.626433976224924,1.4526772582406118,48.056961360619844,1.0734631163486807,1.12187996744231,3.1590810513718752,0.036193874824454325,0.0027808503267958977,True,True,True,True,True,True,False,True,recap,False,0.08365251351357535,
A-60ml-f0.25-p+0.0-above-y0-x-6.0-y+0.0,A,dx,60,0.25,0,above,0,-6,0,25,40.0,14.736568804805119,14.178240740740737,7.236568804805119,False,53.8,28.4,42187,2224,0,0,0,0,0,42960,,,,100.9986691152027,87.45022054667695,9.56379333829712,42.31515628754096,44.1,99.59121693809803,-0.19612753502361302,2224,0.004800571856085531,123.64118400182102,40.29230174736077,28.421483457423907,5.263219312195464,36.23046699951369,35.32471838984072,,0.15830430377642835,26.69525780128834,90.00032645757516,20.018444224508865,True,True,False,False,False,False,False,False,lift,False,,
A-60ml-f0.50-p+0.0-above-y0-x+0.0-y+0.0,A,nominal,60,0.5,0,above,0,0,0,25,40.0,29.473137609610237,28.356481481481474,21.973137609610234,False,33.19,28.4,145191,79621,0,0,0,0,0,0,,9.283999999999855,19.611499999999644,0.38514539293078737,0.5610039206918751,9.567746336880436,44.101543334574444,44.1,99.19027446876424,4.489793186492536,79621,86.22828570102934,1.1280418999279094,0.2810876062300072,22.166500633199934,9.8088830266614,0.5499125388874625,33.60409696622428,0.32360768605849916,0.46621121583187397,0.12414191199942384,8.144481502960801e-06,-0.0015679728098665147,True,True,True,True,True,True,True,True,,True,0.06615292949751268,
A-60ml-f0.50-p-5.0-above-y0-x+0.0-y+0.0,A,pitch,60,0.5,-5,above,0,0,0,25,40.0,29.473137609610237,28.356481481481474,21.973137609610234,False,42.23,28.4,33221,5033,0,0,1054,0,0,9340,1.3924999999999021,9.472000000000085,,99.7110380629678,90.5703937357026,9.54925522859027,49.260560400235704,44.1,94.04333303910555,1.6812184712130251,5033,0.506938220645609,263.1632974269968,106.7234254296342,-30.95912787137566,-102.27211915122919,89.99991629054081,-12320246.883475058,,7.537312457929897,47.405458536792864,90.00016694639687,20.067038117959203,False,False,False,True,False,False,False,False,table,False,1.410262086267225,
A-60ml-f0.50-p+0.0-above-y180-x+0.0-y+0.0,A,yaw,60,0.5,0,above,180,0,0,25,40.0,29.473137609610237,28.356481481481474,21.973137609610234,False,22.0,28.4,147735,79564,0,0,0,0,0,0,,9.285499999999857,19.60049999999967,0.3673944424949595,0.5390092608874127,9.56774633574311,44.101541050162545,44.1,99.1902757544481,4.6251897029847555,79564,86.30038209421186,1.0979683337247996,0.2700281010128294,22.165756892294855,9.809468329333784,0.5330256164014925,33.60940262326133,0.2347799767498961,0.3989950286585211,0.2400250445165359,1.860756522334479e-05,-0.001556474918874294,True,True,True,True,True,True,True,True,,True,0.06569522557137229,
A-60ml-f0.50-p+0.0-above-y270-x+0.0-y+0.0,A,yaw,60,0.5,0,above,270,0,0,25,40.0,29.473137609610237,28.356481481481474,21.973137609610234,False,20.21,28.4,148798,79566,0,0,0,0,0,0,,9.283499999999854,19.60049999999967,0.4822359562094006,0.7171046503300483,9.567746334408024,44.101541897061374,44.1,99.19027466161076,4.485441348614616,79566,85.83443542240015,1.1246378339495893,0.3211264863546366,22.167052915512066,9.809323107214176,0.7134934025118932,33.55270023997347,0.2542206300176486,0.4138755969742125,0.36699648527155887,3.7215130446689415e-06,-0.0015694397658846768,True,True,True,True,True,True,True,True,,True,0.06560200242299183,
A-60ml-f0.50-p-10.0-above-y0-x+0.0-y+0.0,A,pitch,60,0.5,-10,above,0,0,0,25,40.0,29.473137609610237,28.356481481481474,21.973137609610234,False,50.8,28.4,79252,3367,837,0,2407,0,0,66514,1.1899999999999245,,,45.40438485721154,36.674871384967666,15.943160897801906,59.698193879415676,44.1,83.60475410247413,-0.19491496898119132,3367,0.004894061102671994,127.2728837033463,33.65282191008774,47.88108572460494,-5.423215074442614,28.34670367465988,24.06592640426696,,0.7799402667433629,25.637440867014472,90.00008806557653,19.997631093591334,False,False,False,False,False,False,False,False,table,False,,
A-60ml-f0.50-p+20.0-above-y0-x+0.0-y+0.0,A,pitch,60,0.5,20,above,0,0,0,25,40.0,29.473137609610237,28.356481481481474,21.973137609610234,False,38.82,28.4,110239,76515,0,0,0,0,0,632,,9.27149999999984,19.60049999999967,11.143231680651333,17.017483365986305,9.568066095469147,44.096232500232915,44.1,99.1368402559484,4.404270919951436,76515,82.12378968354167,0.9918894930845842,3.267321031085362,22.191465381399723,8.436386939625299,16.640856431361108,28.396850232076634,-0.010916935368763432,0.297421149869416,36.83395339324736,1.2720940824698908e-05,-0.001569933388719452,True,True,False,True,True,True,True,False,lift,False,0.05151326661783716,
A-60ml-f0.50-p+0.0-above-y0-x-6.0-y+0.0,A,dx,60,0.5,0,above,0,-6,0,25,40.0,29.473137609610237,28.356481481481474,21.973137609610234,False,21.39,28.4,6707,380,0,0,0,0,0,11683,,,,104.7721162569972,68.13491289884746,23.30867707305703,42.27722578663956,44.1,99.61401836606416,0.24736176212683536,380,0.004089593301957849,254.0676034715489,102.20286044698612,-57.55486031309149,-102.18881430312335,90.00004017680995,25669668.387370843,,0.2948267748146439,51.56225752997498,90.00004085669532,19.99884929034074,True,True,False,False,False,False,False,False,lift,False,,
A-60ml-f0.50-p+0.0-above-y0-x+6.0-y+0.0,A,dx,60,0.5,0,above,0,6,0,25,40.0,29.473137609610237,28.356481481481474,21.973137609610234,False,19.74,28.4,89968,77210,0,0,0,0,0,0,,8.255499999998598,19.60049999999967,4.129791450370953,6.746365139305137,9.567746322003467,44.101170109476314,44.1,99.19029249122002,6.612602014485436,77210,78.61163724317933,0.49372401260581633,7.536509243236584,23.401589179753376,9.377370356078037,6.568311098251109,31.704279326248628,4.983466898228622,4.987975102996754,3.7826255330026526,9.234973977599935e-06,-0.0015704437252634321,True,True,False,True,True,True,False,True,lift,False,0.10768148311806888,
A-60ml-f0.50-p+0.0-side-y0-x+0.0-y+0.0,A,approach,60,0.5,0,side,0,0,0,25,40.0,29.473137609610237,28.356481481481474,21.973137609610234,False,42.53,28.4,145359,79635,0,0,0,0,0,0,,9.283999999999855,19.618999999999627,0.38355020638256887,0.5597727531690001,9.567723215685179,44.10154105987679,44.1,99.19027709017126,4.49147744779739,79635,86.23255098260688,1.1264336085344258,0.2806433291114717,22.166735269825104,9.808640264633517,0.5487237537817692,33.604470468410454,0.3115818984311767,0.4609512927911131,0.13912678204145332,4.332428078470518e-05,-0.001569830952276757,True,True,True,True,True,True,True,True,,True,0.06619635326186439,
A-60ml-f0.50-p+0.0-above-y90-x+0.0-y+0.0,A,yaw,60,0.5,0,above,90,0,0,25,40.0,29.473137609610237,28.356481481481474,21.973137609610234,False,35.51,28.4,145240,79538,0,0,0,0,0,0,,9.285499999999857,19.912499999998943,0.3580200923917727,0.5310229910499459,9.567746336351698,44.101543065749546,44.1,99.19027323680021,4.625354353521474,79538,86.3307589152665,1.1018683856161857,0.2661716244992714,22.16587585469513,9.80926995668327,0.51886301543383,33.613852310530746,0.3355929548101164,0.47772859521746486,0.11241718733146046,0.033442147279441774,0.001226142327437183,True,True,True,True,True,True,True,True,,True,0.0656750101679888,
A-60ml-f0.80-p+0.0-above-y0-x-6.0-y+0.0,A,dx,60,0.8,0,above,0,-6,0,25,40.0,47.15702017537638,45.37037037037036,39.65702017537638,False,17.68,28.4,6791,499,0,0,0,0,0,8852,,,,104.44703928147133,75.75816570084798,9.547392888505701,42.202960842583096,44.1,99.69104344294985,0.24132801498275014,499,0.004073850606011467,260.61099548479524,122.79180313668066,-46.77787932083712,-119.51543194940253,90.0001041911269,9898402.471392153,,0.5947220031553176,49.71132738711391,90.00020761021675,20.16247820801203,True,True,False,False,False,False,False,False,lift,False,,
A-60ml-f0.80-p+10.0-above-y0-x+0.0-y+0.0,A,pitch,60,0.8,10,above,0,0,0,25,40.0,47.15702017537638,45.37037037037036,39.65702017537638,False,25.29,28.4,112783,76546,0,0,0,0,0,48,,8.877999999999359,19.60049999999967,6.414188921535848,8.871162398931416,9.567739869991806,44.09604513826897,44.1,99.16316506954517,4.990047204095363,76546,84.58452949256261,0.5316108939622368,0.6066406148877838,39.862918210612875,9.605511389165711,8.2607424689386,13.47965814452063,-0.07514672508593304,0.35961285224282397,22.16801214866344,0.34538942682860985,0.10003759535642269,True,True,False,True,True,True,True,False,lift,False,0.03134854439497165,
A-60ml-f0.80-p+20.0-above-y0-x+0.0-y+0.0,A,pitch,60,0.8,20,above,0,0,0,25,40.0,47.15702017537638,45.37037037037036,39.65702017537638,False,27.91,28.4,105234,76443,0,0,0,0,0,418,,9.25549999999982,19.60049999999967,11.314185996938042,17.131159378222094,9.568509473487502,44.09652032790298,44.1,99.1331953531361,4.5981436049406526,76443,82.23509092336289,0.8475552085875553,2.2200370995422745,39.84192428175185,8.764792604625288,16.681210782288908,10.6991545015704,0.12672217223761725,0.32853567015688084,39.66670062398752,4.829673078902934e-06,-0.0015470641370815192,True,True,False,True,True,True,True,False,lift,False,0.049266570541824345,
A-60ml-f0.50-p+0.0-above-y0-x+0.0-y+3.0,A,dy,60,0.5,0,above,0,0,3,25,40.0,29.473137609610237,28.356481481481474,21.973137609610234,False,29.57,28.4,115729,76906,0,0,0,0,0,0,,8.831499999999302,19.60049999999967,2.723261224851717,4.148808449527148,9.567746337017075,43.40105689715292,44.1,99.99656616789129,4.994130634938573,76906,85.51525818952547,0.31011250797966683,1.2120723028263911,21.539838558400294,10.464277686447726,1.6770712858771644,33.24984438983796,0.1861200526700349,0.3600788255610807,3.304166506456083,0.13433005978312562,0.03292088983233971,True,True,True,True,True,True,True,True,,True,0.03980845741015432,
A-60ml-f0.50-p+0.0-above-y0-x+0.0-y+6.0,A,dy,60,0.5,0,above,0,0,6,25,40.0,29.473137609610237,28.356481481481474,21.973137609610234,False,29.64,28.4,111902,79425,0,0,0,0,0,0,,9.069499999999593,19.60049999999967,9.596836245816462,14.670508179475888,9.567746337013212,42.67633662560283,44.1,100.3402453356545,4.8978684505246175,79425,84.97754195054489,0.3882403730864326,2.0039740445342713,21.458931224518615,10.582237288915525,2.159141809790462,33.09822671306886,0.34566360037148214,0.47285275126925674,6.568257522924871,0.28508700990810165,0.07958895165528439,True,True,False,True,True,True,True,True,lift,False,0.06706932110267172,
A-60ml-f0.80-p+5.0-above-y0-x+0.0-y+0.0,A,pitch,60,0.8,5,above,0,0,0,25,40.0,47.15702017537638,45.37037037037036,39.65702017537638,False,30.98,28.4,110447,76190,0,0,0,0,0,0,,8.686999999999125,19.60049999999967,3.008218528331182,4.2072189063242815,9.567743723004654,44.09712367094844,44.1,99.17661594289204,5.405750290776598,76190,85.21404197697427,0.18150038739576174,0.3379968831655424,39.85275204555536,9.765178869806713,3.5119720764299855,14.988277404959469,1.3243956240089996,1.3640552778109116,4.020099685181507,0.8539679455169503,0.2619527630747393,True,True,False,True,True,True,False,True,lift,False,0.021537629989977113,
A-60ml-f0.80-p+0.0-above-y90-x+0.0-y+0.0,A,yaw,60,0.8,0,above,90,0,0,25,40.0,47.15702017537638,45.37037037037036,39.65702017537638,False,31.62,28.4,145657,79532,0,0,0,0,0,0,,9.282999999999854,19.60049999999967,0.3779159615783813,0.5569431366640548,9.567746335569206,44.1015318051113,44.1,99.18621018599477,4.658802194845116,79532,86.28610973193588,1.0873106503413474,0.1058861348344536,39.81183130755432,9.84575152628811,0.5499915724017644,15.92018956905968,0.2695975343356446,0.4197159426372482,0.2425112476418145,9.35262170110869e-06,-0.0015378548077594576,True,True,True,True,True,True,True,True,,True,0.06528988026833978,
A-60ml-f0.80-p+0.0-side-y0-x+0.0-y+0.0,A,approach,60,0.8,0,side,0,0,0,25,40.0,47.15702017537638,45.37037037037036,39.65702017537638,False,32.01,28.4,142313,79588,0,0,0,0,0,0,,9.282499999999853,19.60049999999967,0.37909386851908067,0.5598588897593993,9.567723221632317,44.101529268524295,44.1,99.18621384028866,4.5337906287313965,79588,86.25175181643019,1.1149116639885268,0.10698696185863821,39.81474289258502,9.842850591650992,0.5496903121020644,15.920284221490721,0.36714509211149376,0.48831099004766715,0.26774629999563165,6.156649318399953e-06,-0.0015488796857178297,True,True,True,True,True,True,True,True,,True,0.06595776608444331,
A-60ml-f0.80-p+0.0-above-y180-x+0.0-y+0.0,A,yaw,60,0.8,0,above,180,0,0,25,40.0,47.15702017537638,45.37037037037036,39.65702017537638,False,32.01,28.4,145787,79545,0,0,0,0,0,0,,9.282999999999854,19.60049999999967,0.3737484760229526,0.5514532976702103,9.567746335808758,44.10152803883451,44.1,99.18621388721388,4.6548806021749485,79545,86.29990674012562,1.0862824631753822,0.10574359290613292,39.812517843294515,9.845062509158536,0.5444150059774922,15.921941658878954,0.2577942207679372,0.4111692409392709,0.2707931786505699,1.4028932551663055e-05,-0.0015488251249192878,True,True,True,True,True,True,True,True,,True,0.06507486340478698,
A-60ml-f0.50-p+0.0-above-y0-x+3.0-y+0.0,A,dx,60,0.5,0,above,0,3,0,25,40.0,29.473137609610237,28.356481481481474,21.973137609610234,False,34.71,28.4,136541,75194,0,0,0,0,0,0,,8.29799999999865,19.60049999999967,2.8274642182783962,4.056757219111409,9.567746327148637,44.10151579160744,44.1,99.19006876981102,6.291924952464487,75194,83.45946222657341,0.926050351608901,4.280790410863378,22.50565024557889,9.72641950021312,3.737918205484108,32.60089192050157,1.369738803284361,1.4005012924938802,2.844354462708593,0.26890734526284216,0.07670890778603282,True,True,True,True,True,True,False,True,recap,False,0.027979691413113853,
A-60ml-f0.80-p-5.0-above-y0-x+0.0-y+0.0,A,pitch,60,0.8,-5,above,0,0,0,25,40.0,47.15702017537638,45.37037037037036,39.65702017537638,False,35.77,28.4,50907,26193,0,0,1054,0,0,19993,1.3924999999999021,9.457500000000067,,95.31350589185884,28.51652701566451,61.44957684148853,49.26047514573834,44.1,94.03917172735731,0.5471423363715977,26193,85.92428959852802,8.749604878360895,10.385433969230386,139.56669955234878,-89.99244232231264,0.6618951501910343,15.885030079804793,,622.4610258741868,8.823916264999697,0.873344335711976,37.72127967498462,False,False,False,True,False,False,False,False,table,False,1.6317164039531469,
A-60ml-f0.80-p+0.0-diagonal-y0-x+0.0-y+0.0,A,approach,60,0.8,0,diagonal,0,0,0,25,40.0,47.15702017537638,45.37037037037036,39.65702017537638,False,36.62,28.4,142496,79572,0,0,0,0,0,0,,9.281999999999853,19.60049999999967,0.38029534780521435,0.5620494357811191,6.765411446864427,44.10152999604046,44.1,99.18621286954702,4.534549953705932,79572,86.24806942611441,1.1130534930203344,0.10680907200972427,39.814736105008606,9.842856233274356,0.552336896893294,15.919452695454105,0.31148818152012386,0.44930623869850683,0.26529400177132156,1.9090959104164224e-06,-0.0015486045313450928,True,True,True,True,True,True,True,True,,True,0.06604931197531846,
A-60ml-f0.80-p+0.0-above-y270-x+0.0-y+0.0,A,yaw,60,0.8,0,above,270,0,0,25,40.0,47.15702017537638,45.37037037037036,39.65702017537638,False,38.17,28.4,149545,79526,0,0,0,0,0,0,,9.281999999999853,19.60049999999967,0.46642298825277534,0.6868333636155314,9.567746334531384,44.10152896101152,44.1,99.18621292181544,4.509336999359751,79526,85.93165166701554,1.1124941495316312,0.10604742544519168,39.81338042816413,9.844204570716775,0.6809869734982182,15.879031382791686,0.14841428200150963,0.35416642279920496,0.39976819737527614,5.915117333884395e-06,-0.0015424873963067846,True,True,True,True,True,True,True,True,,True,0.06520451953066697,
A-60ml-f0.50-p+0.0-above-y0-x+0.0-y-3.0,A,dy,60,0.5,0,above,0,0,-3,25,40.0,29.473137609610237,28.356481481481474,21.973137609610234,False,38.93,28.4,127017,78988,0,0,0,0,0,0,,8.635499999999062,19.60049999999967,2.6918329765871523,4.160606869913742,9.567746337013059,43.40338397705746,44.1,99.89413719835092,5.3044547659569785,78988,86.10118527409945,0.34316353522729615,0.8244137311417613,21.70135111944697,10.288176334182248,1.3322871197736443,33.35823659559043,0.8193899916723116,0.8816704582345879,3.1467831681905003,8.99506352021738e-06,-0.001570815580362192,True,True,True,True,True,True,True,True,,True,0.08261345465972579,
A-60ml-f0.80-p+0.0-above-y0-x+0.0-y+0.0,A,nominal,60,0.8,0,above,0,0,0,25,40.0,47.15702017537638,45.37037037037036,39.65702017537638,False,39.42,28.4,142487,79582,0,0,0,0,0,0,,9.282499999999853,19.60049999999967,0.37895415935763505,0.5598826050192447,9.567746337039308,44.10153069831769,44.1,99.18621209911662,4.532448884216847,79582,86.24929319408942,1.1182496489799074,0.10735007940696757,39.81425387715283,9.843343013285628,0.5494931199709678,15.920346176926104,0.2960113749215959,0.4396051467843915,0.24735188806855568,0.0,-0.0015481246894996688,True,True,True,True,True,True,True,True,,True,0.06596776691570683,
A-60ml-f0.50-p+0.0-above-y0-x+0.0-y-6.0,A,dy,60,0.5,0,above,0,0,-6,25,40.0,29.473137609610237,28.356481481481474,21.973137609610234,False,40.51,28.4,121854,78949,0,0,0,0,0,0,,9.256499999999821,19.60049999999967,6.503553318430126,10.579777249437207,9.567746336999257,42.648939268384105,44.1,100.26692128359407,4.58645835266043,78949,84.04740579335778,0.18593468317513207,2.1850277695170393,21.45444181064509,10.60311086101344,2.470728813462282,33.00017855757203,0.0053251328273728376,0.3233025244893224,6.679324268789428,0.08828851396083028,0.018486008775242427,True,True,False,True,True,True,True,True,lift,False,0.07414954768916694,
A-60ml-f0.50-p+0.0-above-y0-x-3.0-y+0.0,A,dx,60,0.5,0,above,0,-3,0,25,40.0,29.473137609610237,28.356481481481474,21.973137609610234,False,47.29,28.4,43203,2826,0,0,0,0,0,65464,,23.567499999990424,23.567999999990423,40.55841104029729,44.0484366302218,10.205554300830354,43.84767362948189,44.1,96.04527048637995,0.9608558307368786,2826,0.5676141011048726,122.95765964152758,35.83600221525204,41.11194296138291,1.2765581149540295,34.26884479443379,21.512431827073012,6.054728758197379,6.118098887047948,39.88169877073921,1.9911727620965944,0.6191821042542379,True,True,False,False,False,False,False,False,lift,False,-0.0024524017917772166,
A-60ml-f0.80-p+0.0-above-y0-x+3.0-y+0.0,A,dx,60,0.8,0,above,0,3,0,25,40.0,47.15702017537638,45.37037037037036,39.65702017537638,False,22.9,28.4,127052,75055,0,0,0,0,0,0,,8.285999999998635,19.60049999999967,2.795454763005001,4.026183332599377,9.567746329785257,44.1011874997907,44.1,99.18623020246521,6.327495017465045,75055,83.5720531340761,0.9426276004580763,3.131460490945987,40.11892371283177,9.720401310315236,3.7024971287918755,14.92818426051208,1.4247375384986036,1.4539978338793003,2.783636456540053,0.46755687233137366,0.1403313600840378,True,True,True,True,True,True,False,True,recap,False,0.025129906138440922,
A-60ml-f0.80-p+0.0-above-y0-x+6.0-y+0.0,A,dx,60,0.8,0,above,0,6,0,25,40.0,47.15702017537638,45.37037037037036,39.65702017537638,False,23.04,28.4,88939,76615,0,0,0,0,0,0,,8.114999999998426,19.632499999999595,4.046045211210905,6.669510635755778,9.567746322130152,44.10095048925085,44.1,99.18631194115814,6.965283003053379,76615,79.1568908245984,0.7654367637067022,5.465462326125876,40.93840815428546,9.274423525218095,6.411806234263239,14.070200536682554,5.089352873744625,5.093047969521068,3.5735777306080725,4.517745487845102e-06,-0.001548139638342116,True,True,False,True,True,True,False,True,lift,False,0.11115796441968871,
A-60ml-f0.80-p-20.0-above-y0-x+0.0-y+0.0,A,pitch,60,0.8,-20,above,0,0,0,25,40.0,47.15702017537638,45.37037037037036,39.65702017537638,False,50.99,28.4,146006,0,0,0,3054,0,0,0,0.9199999999999541,,,0.1104208515426645,0.05313918468247946,39.41372705255208,83.95232721623957,44.1,59.81686386495805,-0.20008634635319822,0,0.0004543556811781515,155.30790523017353,3.3660719574240403,79.4290930923379,-29.8451620539717,1.3942728387217282,15.654869611141375,,0.2001021330730258,0.061051398632785824,1.2074182697257333e-06,-0.001545344316234861,False,False,False,False,False,False,False,True,table,False,,
A-60ml-f0.80-p+0.0-above-y0-x+0.0-y+6.0,A,dy,60,0.8,0,above,0,0,6,25,40.0,47.15702017537638,45.37037037037036,39.65702017537638,False,29.21,28.4,108422,78424,0,0,0,0,0,0,,8.65799999999909,19.60049999999967,9.735286375451897,14.914688951809007,9.567746334658054,42.390702361539255,44.1,100.0454169563649,5.277974033186251,78424,85.29131930888852,0.3360821993534316,0.9944370984470634,39.41329347195082,10.271367679092286,1.932615906974362,15.485600265431264,0.252150441650568,0.4248856677688993,6.315570064118788,3.7312936477239306e-05,-0.0015502134715095822,True,True,False,True,True,True,True,True,lift,False,0.06646958678825693,
A-60ml-f0.80-p+0.0-above-y0-x+0.0-y-6.0,A,dy,60,0.8,0,above,0,0,-6,25,40.0,47.15702017537638,45.37037037037036,39.65702017537638,False,33.76,28.4,108915,79506,0,0,0,0,0,0,,8.811499999999278,19.60049999999967,10.287832138142686,15.768466217870863,9.567746339599836,42.49330692150336,44.1,100.03432978445367,5.060601534892184,79506,85.1512935890322,0.2922931002681508,0.591343061189058,39.69710473108542,9.97230880632266,1.5636552279175178,15.60162105370778,0.12709896681018504,0.34825479157030653,6.137136471177888,0.10206708391717093,0.022777176892102576,True,True,False,True,True,True,True,True,lift,False,0.07991982207935935,
A-60ml-f0.80-p+0.0-above-y0-x+0.0-y+3.0,A,dy,60,0.8,0,above,0,0,3,25,40.0,47.15702017537638,45.37037037037036,39.65702017537638,False,34.57,28.4,109576,77075,0,0,0,0,0,0,,8.822999999999292,19.60049999999967,3.4150117114525043,4.818203953853171,9.567746337064378,43.40492982520293,44.1,99.98577303557579,5.028718939696267,77075,85.40827718553308,0.3256936831774311,0.7449726708434468,39.16323770007685,10.511774715368821,1.7741352504407646,15.53544059670393,0.16491629513955597,0.34800643822227034,3.327926064126326,0.056492440752625744,0.008430493930538957,True,True,False,True,True,True,True,True,lift,False,0.04702579747728114,
A-100ml-f0.25-p-20.0-above-y0-x+0.0-y+0.0,A,pitch,100,0.25,-20,above,0,0,0,28,47.4252440598675,17.11302445521971,23.854068355803715,-5.697852433223887,False,33.75,28.4,65668,0,1018,0,2612,0,0,49048,1.094999999999935,,,9.151098021487613,6.926358116235961,23.689387972417432,83.1956165165589,59.874954642185315,68.76980731944785,-0.19464069210271828,0,0.005154307959967244,131.88089252720366,30.93639506144895,58.30930637059857,-44.344637441593186,13.36188847301041,54.00813739434095,,0.20352140056443918,8.928547199601427,0.8692173438890445,0.31685063331531715,False,False,False,False,False,False,False,True,table,False,,
A-60ml-f0.80-p+0.0-above-y0-x+0.0-y-3.0,A,dy,60,0.8,0,above,0,0,-3,25,40.0,47.15702017537638,45.37037037037036,39.65702017537638,False,37.73,28.4,109392,75852,0,0,0,0,0,0,,8.664499999999098,19.60049999999967,3.020792719172996,4.649947572057018,9.56774633640018,43.52381183548755,44.1,99.72785584535674,5.4511446257411444,75852,84.7372329878215,0.4135358082128945,0.6514078609479146,39.48402328743093,10.189736603315541,2.042352299919904,15.45108403467248,0.9112179586420468,0.961562583007623,3.2865815266097527,2.699869328381916e-06,-0.001548246908923486,True,True,False,True,True,True,True,True,lift,False,0.04344826434756929,
A-100ml-f0.25-p+0.0-side-y0-x+0.0-y+0.0,A,approach,100,0.25,0,side,0,0,0,28,47.4252440598675,17.11302445521971,23.854068355803715,-5.697852433223887,False,29.1,28.4,135844,80372,0,0,0,0,0,0,,9.278999999999849,19.60049999999967,0.8243985946804372,0.9298423468918702,9.567723446339874,59.87596018537065,59.874954642185315,99.18461774654034,5.1254082119321644,80372,86.15500439312477,0.49747246916535953,0.5029475350183861,23.785786483606994,-3.70095995313878,0.8362009068325519,58.81554024436771,0.30228227188039486,0.44461162647113395,0.5924105236038223,0.04885243970761826,0.009297993187661252,True,True,True,True,True,False,True,True,reach_liquid,False,0.049131199688477296,
A-100ml-f0.25-p+0.0-above-y270-x+0.0-y+0.0,A,yaw,100,0.25,0,above,270,0,0,28,47.4252440598675,17.11302445521971,23.854068355803715,-5.697852433223887,False,18.9,28.4,138956,80370,0,0,0,0,0,0,,9.277499999999847,19.60049999999967,0.8218627853228412,0.9402951659551707,9.567746226998173,59.8759661658029,59.874954642185315,99.18460921127232,5.125378943025282,80370,86.1569716722839,0.5000962988257402,0.5023753975044514,23.785416183883893,-3.7006000819595624,0.8359902078389859,58.81561956095051,0.39231323847258454,0.5037923640587326,0.567619491489613,0.03892456001884815,0.0055652256697323555,True,True,True,True,True,False,True,True,reach_liquid,False,0.04920442269792527,
A-100ml-f0.25-p-5.0-above-y0-x+0.0-y+0.0,A,pitch,100,0.25,-5,above,0,0,0,28,47.4252440598675,17.11302445521971,23.854068355803715,-5.697852433223887,False,35.47,28.4,124877,80180,0,0,0,0,0,0,,8.680999999999118,19.92199999999892,7.14260961863262,6.390277389548434,9.567747654617737,59.87651688092579,59.874954642185315,99.19877239520812,5.767157125610808,80180,85.65951038457808,0.5095997273925278,1.3457533343236656,24.120576043397442,-3.869671292886803,6.356512130673345,56.72804775035071,0.6652700665523185,0.7517034512405342,6.82391027241399,0.11048285734879637,0.03251517886471208,True,True,False,True,True,False,True,True,lift,False,0.05874300907059893,
A-60ml-f0.80-p-10.0-above-y0-x+0.0-y+0.0,A,pitch,60,0.8,-10,above,0,0,0,25,40.0,47.15702017537638,45.37037037037036,39.65702017537638,False,70.52,28.4,60595,1409,0,0,1337,0,0,47266,1.1899999999999245,,,88.59967628898741,25.323789156790795,67.9635404539722,59.69813297576128,44.1,83.60040475128372,-0.20067688625045876,1409,0.0018052504414263807,126.42389175739433,28.418218911492612,62.19968557098244,-7.543026397072938,24.68374213444032,7.820092107009029,,0.18746245073446569,3.6312628684411123,8.544728333358375,2.670199623541887,False,False,False,False,False,False,False,False,table,False,,
A-100ml-f0.25-p+5.0-above-y0-x+0.0-y+0.0,A,pitch,100,0.25,5,above,0,0,0,28,47.4252440598675,17.11302445521971,23.854068355803715,-5.697852433223887,False,34.81,28.4,118503,78758,0,0,0,0,0,0,,9.110499999999643,19.60049999999967,5.974604901738895,5.543514179474191,9.567743718582655,59.870641212092266,59.874954642185315,99.17913478896808,5.447539885331379,78758,85.87688531850468,0.23775704471841622,0.6678900570923246,23.620322253059392,-3.5799110437359087,3.866676047431917,57.67278494745186,0.9713001728346048,1.0199588070369436,6.732468909571379,0.4750373090091993,0.16933490193614598,True,True,False,True,True,False,True,True,lift,False,0.036523835211376886,
A-100ml-f0.25-p+0.0-above-y0-x+0.0-y+0.0,A,nominal,100,0.25,0,above,0,0,0,28,47.4252440598675,17.11302445521971,23.854068355803715,-5.697852433223887,False,36.68,28.4,138689,80370,0,0,0,0,0,0,,9.278999999999849,19.60049999999967,0.8342219558092658,0.9344712666915355,9.567746227218093,59.87596657620888,59.874954642185315,99.1846106134316,5.124383748389374,80370,86.14299971920052,0.4978115292897219,0.5060865007741268,23.785795918434125,-3.700872711154296,0.8414000821025537,58.813583038126644,0.42245638067938435,0.5322248254683982,0.5651311937742997,0.03591773252819285,0.004432302624599581,True,True,True,True,True,False,True,True,reach_liquid,False,0.04912649009030208,
A-100ml-f0.25-p+20.0-above-y0-x+0.0-y+0.0,A,pitch,100,0.25,20,above,0,0,0,28,47.4252440598675,17.11302445521971,23.854068355803715,-5.697852433223887,False,35.02,28.4,100663,78057,0,0,0,0,0,0,,9.275999999999845,19.60049999999967,16.92818951351127,17.97636959051813,9.567734786184543,59.87045945160119,59.874954642185315,99.12679383524018,5.027916858201823,78057,82.48598506629178,0.7966756054988936,3.974358060787236,24.098468661223034,-4.9979728899662295,16.78972138395569,52.62390931151503,0.11814134287037129,0.3103189494998463,7.454494537043889,0.4065133575077166,0.14478778295214947,True,True,False,True,True,False,True,True,lift,False,0.03490663625654537,
A-100ml-f0.25-p+10.0-above-y0-x+0.0-y+0.0,A,pitch,100,0.25,10,above,0,0,0,28,47.4252440598675,17.11302445521971,23.854068355803715,-5.697852433223887,False,37.41,28.4,117360,78184,0,0,0,0,0,0,,9.281499999999852,19.60049999999967,10.193570022871347,9.952488836940214,9.56773982929883,59.86990314668913,59.874954642185315,99.15935458896422,5.072645292680838,78184,84.9966925830873,0.36125858807660866,1.2512338503151919,23.617507505076546,-3.685318540072563,8.442664803789105,55.929557953825515,0.3561905884173989,0.46432862877063735,16.420465190398986,0.838648870024913,0.31020363679588625,True,True,False,True,True,False,True,False,lift,False,0.02880055893875037,
A-100ml-f0.25-p+0.0-above-y180-x+0.0-y+0.0,A,yaw,100,0.25,0,above,180,0,0,28,47.4252440598675,17.11302445521971,23.854068355803715,-5.697852433223887,False,29.03,28.4,135909,80374,0,0,0,0,0,0,,9.27999999999985,19.60049999999967,0.8154712374930636,0.9242643958993467,9.56774622531932,59.87596559847858,59.874954642185315,99.18461154432917,5.107299075110233,80374,86.17929298170878,0.5180622316086682,0.49689694132442125,23.783472469727727,-3.6989039876780954,0.8185297283245202,58.82219244179737,0.31530598196447635,0.45761309467217215,0.6103455695969755,0.05253494087938646,0.010702741899760431,True,True,True,True,True,False,True,True,reach_liquid,False,0.04911498289422874,
A-100ml-f0.25-p+0.0-above-y90-x+0.0-y+0.0,A,yaw,100,0.25,0,above,90,0,0,28,47.4252440598675,17.11302445521971,23.854068355803715,-5.697852433223887,False,30.03,28.4,136051,80374,0,0,0,0,0,0,,9.278499999999848,19.60049999999967,0.8255876968560063,0.9286273522163312,9.567746225467133,59.87596538885339,59.874954642185315,99.1846100905998,5.1225555015494,80374,86.17287542331843,0.5043314104200298,0.5001184981485904,23.784933117227524,-3.7002327037520546,0.8274156833407351,58.81884739063397,0.27838456579241655,0.4220883784467422,0.5772246775066707,0.04836796395030209,0.009131962420170798,True,True,True,True,True,False,True,True,reach_liquid,False,0.04914352600862606,
A-100ml-f0.25-p+0.0-diagonal-y0-x+0.0-y+0.0,A,approach,100,0.25,0,diagonal,0,0,0,28,47.4252440598675,17.11302445521971,23.854068355803715,-5.697852433223887,False,38.03,28.4,135940,80376,0,0,0,0,0,0,,9.278999999999849,19.60049999999967,0.825064917988424,0.9318793610910852,6.765411388269527,59.87596466967544,59.874954642185315,99.1846127922572,5.124429654443416,80376,86.14934782050511,0.4976531938665252,0.5044104023483864,23.785286800418554,-3.7004153834459124,0.8386216124248338,58.81462898123782,0.299288629893715,0.4422762598241292,0.5900070680188392,0.045135430121685215,0.007915075748952683,True,True,True,True,True,False,True,True,reach_liquid,False,0.04912639793701845,
A-100ml-f0.25-p+0.0-above-y0-x+0.0-y+6.0,A,dy,100,0.25,0,above,0,0,6,28,47.4252440598675,17.11302445521971,23.854068355803715,-5.697852433223887,False,16.84,28.4,100795,79595,0,0,0,0,0,0,,9.276999999999846,19.60049999999967,5.93375954776629,5.75573073994608,9.56774623516421,58.005332740905736,59.874954642185315,101.29893233978909,4.971632988396923,79595,84.5956106173886,1.5725127829741143,3.312478851515784,21.80602686065127,-1.5531038145034926,3.0015178117706043,57.999578902528675,0.1639909351978167,0.3769555496093901,6.82934808526589,0.44382437356392773,0.16029305897403887,True,True,False,True,True,False,True,True,lift,False,0.054490212983401905,
A-100ml-f0.25-p-10.0-above-y0-x+0.0-y+0.0,A,pitch,100,0.25,-10,above,0,0,0,28,47.4252440598675,17.11302445521971,23.854068355803715,-5.697852433223887,False,57.49,28.4,85795,70434,0,0,1720,0,0,3385,1.4699999999998936,8.476999999998869,19.60049999999967,38.104847837615104,22.456149047556554,9.567024745184755,62.53812697629167,59.874954642185315,96.5514277818929,6.232405749807948,70434,87.77835616816685,3.1130433843422862,4.529573596985278,27.98735284946013,-8.432084138563903,7.522804629309687,56.28257725417506,2.466694441811838,4.927299618433522,21.826795697309795,3.3024231938230337,1.2342133592949307,False,True,False,True,True,False,False,False,table,False,0.23865715185854564,
A-60ml-f0.80-p+0.0-above-y0-x-3.0-y+0.0,A,dx,60,0.8,0,above,0,-3,0,25,40.0,47.15702017537638,45.37037037037036,39.65702017537638,False,72.63,28.4,58846,0,0,0,0,0,0,78559,,,,0.463632915232087,0.40666621887588267,9.567746338673716,44.10155956649565,44.1,75.4376925329403,-0.2000001599932466,0,0.0019050390195378937,127.72492844924119,33.05495773255767,60.87037191356274,-14.10355281928441,5.094662585634365,14.488212762100543,,0.20010330131660178,22.739975608877174,0.09903304477922528,0.021796111954084364,True,True,False,False,False,False,False,False,lift,False,,
A-100ml-f0.25-p+0.0-above-y0-x+3.0-y+0.0,A,dx,100,0.25,0,above,0,3,0,28,47.4252440598675,17.11302445521971,23.854068355803715,-5.697852433223887,False,30.9,28.4,137463,80038,0,0,0,0,0,0,,8.328999999998688,19.60049999999967,4.197195095410033,4.2305418409228235,9.567746203410415,59.87490626612083,59.874954642185315,99.18491548227398,6.033117975597787,80038,82.35816803105021,0.6071366689089113,5.4366597895526585,24.17997271202308,-3.70944081362988,4.0420734476462705,57.606456034940294,0.2896198862316959,0.4269311450213006,4.014771517105172,0.12956791509814977,0.03981738272610978,True,True,False,True,True,False,True,True,lift,False,0.05960690478063322,
A-100ml-f0.25-p+0.0-above-y0-x+0.0-y+3.0,A,dy,100,0.25,0,above,0,0,3,28,47.4252440598675,17.11302445521971,23.854068355803715,-5.697852433223887,False,26.87,28.4,99293,80446,0,0,0,0,0,0,,9.274499999999843,19.60049999999967,4.842580637972846,4.487237832450512,9.567746235144433,58.89644712924797,59.874954642185315,100.26570034606884,5.075943361525809,80446,85.57840325431272,0.7035388878008222,1.5924769982925282,22.721288762558913,-2.5946561976274567,1.7386638856311596,58.47570632010767,0.35118956804146884,0.500086976008239,3.335529718210358,0.13823161639985743,0.04281435861208317,True,True,False,True,True,False,True,True,lift,False,0.04622795969807706,
A-100ml-f0.25-p+0.0-above-y0-x+6.0-y+0.0,A,dx,100,0.25,0,above,0,6,0,28,47.4252440598675,17.11302445521971,23.854068355803715,-5.697852433223887,False,29.96,28.4,104740,78593,0,0,0,0,0,0,,7.791499999998401,20.82699999999681,6.770150447987963,7.21177483354875,9.567746222312156,59.87457397957784,59.874954642185315,99.18504675261515,9.178257057393877,78593,80.28219899457892,2.79879355248389,9.835967689910941,25.267264222638843,-3.9274633485332084,7.13943613983796,56.429252497301846,6.406106317694412,6.415021636334746,6.678065197643151,0.0435071242123869,0.007393555873376317,True,True,False,True,True,False,False,True,lift,False,0.07193615767301995,
A-100ml-f0.25-p+0.0-above-y0-x+0.0-y-6.0,A,dy,100,0.25,0,above,0,0,-6,28,47.4252440598675,17.11302445521971,23.854068355803715,-5.697852433223887,False,30.95,28.4,108699,79573,0,0,0,0,0,0,,9.316499999999895,19.60049999999967,6.326049654445584,6.246005911893335,9.567746235182764,57.99994703054812,59.874954642185315,101.296582422132,4.449924117176998,79573,85.14315459644332,1.5228442172647194,3.0072759599050474,21.30107769525503,-1.0808625057858596,2.701725663080171,58.11269034116748,0.2809854891750784,0.4544742326390485,6.833519108857691,0.3239780858134667,0.10874624213141779,True,True,False,True,True,False,True,True,lift,False,0.04961640686837986,
A-100ml-f0.25-p+0.0-above-y0-x+0.0-y-3.0,A,dy,100,0.25,0,above,0,0,-3,28,47.4252440598675,17.11302445521971,23.854068355803715,-5.697852433223887,False,32.77,28.4,121065,80366,0,0,0,0,0,0,,9.295499999999869,19.60049999999967,5.439738485898886,4.941167037581943,9.567746235131139,58.891914220159,59.874954642185315,100.32108476521543,4.900174574051702,80366,85.94596944954004,0.840781261623017,1.6236307552026712,22.3956612322361,-2.2690542299649286,1.7108112569152045,58.486198575291816,0.3958041782366789,0.5088260557661055,3.5680867106100265,6.403302346887288e-05,-0.0015508312387602205,True,True,False,True,True,False,True,True,lift,False,0.04975366495289018,
A-100ml-f0.50-p+0.0-above-y90-x+0.0-y+0.0,A,yaw,100,0.5,0,above,90,0,0,28,47.4252440598675,34.22604891043942,47.70813671160743,11.415172021995819,False,17.79,28.4,131897,80374,0,0,0,0,0,0,,9.274999999999844,19.60049999999967,0.839962352200089,0.9454671675385597,9.567746228836132,59.8759305732797,59.874954642185315,99.17894660928042,5.158381145882379,80374,86.07892192509111,0.47689838489061276,0.46089192067029855,27.44821724761807,9.747765534878633,0.8684390743586962,41.69037979055224,0.41334016030182835,0.5215081036839576,0.572026021953445,0.05492864887866489,0.010912431412009205,True,True,True,True,True,True,True,True,,True,0.04936077817327819,
A-100ml-f0.50-p+0.0-side-y0-x+0.0-y+0.0,A,approach,100,0.5,0,side,0,0,0,28,47.4252440598675,34.22604891043942,47.70813671160743,11.415172021995819,False,27.32,28.4,132015,80364,0,0,0,0,0,0,,9.275999999999845,19.60049999999967,0.8231477208794167,0.9177180695990504,9.56772344181675,59.875925128384196,59.874954642185315,99.17895377943296,5.160254006588094,80364,86.14085001797187,0.4731623419693193,0.4523926551795492,27.445892540518567,9.74983373513602,0.8446232184300702,41.6993452450569,0.4593315452419438,0.5608466047238975,0.5816217426055464,0.04882387030711924,0.008616165606945128,True,True,True,True,True,True,True,True,,True,0.049408178958065194,
A-100ml-f0.50-p+20.0-above-y0-x+0.0-y+0.0,A,pitch,100,0.5,20,above,0,0,0,28,47.4252440598675,34.22604891043942,47.70813671160743,11.415172021995819,False,28.39,28.4,96915,78043,0,0,0,0,0,0,,9.27099999999984,19.60049999999967,16.943596851508197,17.98728521121771,9.567734786293247,59.87066884185214,59.874954642185315,99.1218671021864,5.090601137896944,78043,82.62331815594685,0.7193699569771795,3.722411878388126,27.727433026412125,7.978008493885024,16.84479645995577,35.488262938159465,0.21216677051149116,0.3579974348273487,7.502287079273143,1.1232661765459442,0.41662718098565343,True,True,False,True,True,True,True,True,lift,False,0.033269594042876584,
A-100ml-f0.50-p+0.0-above-y0-x+0.0-y+0.0,A,nominal,100,0.5,0,above,0,0,0,28,47.4252440598675,34.22604891043942,47.70813671160743,11.415172021995819,False,35.94,28.4,131733,80360,0,0,0,0,0,0,,9.275999999999845,19.60049999999967,0.8262496849261353,0.920657952703202,9.567746228770032,59.8759313240778,59.874954642185315,99.17894711299846,5.161053805710136,80360,86.12883069971754,0.47306682475855877,0.4549459283996086,27.44646899478204,9.749324014651478,0.8499802293592195,41.697328613482895,0.40081769490170516,0.5139410887847423,0.5857795899549916,0.04853451245527881,0.00853132762689553,True,True,True,True,True,True,True,True,,True,0.04939204328457878,
A-100ml-f0.50-p+5.0-above-y0-x+0.0-y+0.0,A,pitch,100,0.5,5,above,0,0,0,28,47.4252440598675,34.22604891043942,47.70813671160743,11.415172021995819,False,35.3,28.4,113301,78764,0,0,0,0,0,0,,9.051499999999571,19.60049999999967,5.970034588369378,5.577992053770664,9.567743716083127,59.8710925347876,59.874954642185315,99.17135944809269,5.455731426178501,78764,85.84826551437095,0.2280644575028111,0.6145398407370947,27.26806787149841,9.8589958966937,3.835112994029802,40.57169354014304,0.9130678731419618,0.9623978325160124,5.8623268070954815,0.5244088115134823,0.1841405887523406,True,True,False,True,True,True,True,True,lift,False,0.0353280533612681,
A-100ml-f0.50-p-5.0-above-y0-x+0.0-y+0.0,A,pitch,100,0.5,-5,above,0,0,0,28,47.4252440598675,34.22604891043942,47.70813671160743,11.415172021995819,False,38.96,28.4,125268,80176,0,0,0,0,0,0,,8.645499999999075,19.929499999998903,7.040395836583472,6.35497566420802,9.567747656292369,59.876488632081305,59.874954642185315,99.19296153468976,5.819780711899675,80176,85.75562685481859,0.46508482634891785,1.1968211706000211,27.790827390831627,9.473855378104135,6.310302891580785,39.63262907648042,0.5082056942117975,0.6135745898209028,6.814732888442432,0.04663598172123505,0.007819958538853818,True,True,False,True,True,True,True,True,lift,False,0.05853588421417297,
A-100ml-f0.50-p+10.0-above-y0-x+0.0-y+0.0,A,pitch,100,0.5,10,above,0,0,0,28,47.4252440598675,34.22604891043942,47.70813671160743,11.415172021995819,False,38.62,28.4,116478,78148,0,0,0,0,0,0,,9.284999999999856,19.60049999999967,10.171637212969824,9.936597512417546,9.567739842116188,59.870577902771274,59.874954642185315,99.15361508418552,5.023139480320974,78148,84.89068110299975,0.3931835672479821,1.1528034143973824,27.271501138111308,9.643107179914207,8.423515778600024,38.82389893056655,0.30174267213158723,0.4239224578132814,14.841494313193756,0.6383972238297165,0.2337737928499725,True,True,False,True,True,True,True,False,lift,False,0.027989836368323116,
A-100ml-f0.50-p+0.0-diagonal-y0-x+0.0-y+0.0,A,approach,100,0.5,0,diagonal,0,0,0,28,47.4252440598675,34.22604891043942,47.70813671160743,11.415172021995819,False,36.04,28.4,131954,80366,0,0,0,0,0,0,,9.275999999999845,19.60049999999967,0.8354823385636423,0.9308894845129623,6.765411390349023,59.87592947159586,59.874954642185315,99.17894910287848,5.162400689349631,80366,86.10455761627321,0.47207399263781524,0.4574795302100865,27.44674476431125,9.749138979897044,0.8597444104024722,41.69365290079944,0.46445185242706083,0.5648479619636492,0.5603394688860779,0.047098788052996304,0.007989290216760715,True,True,True,True,True,True,True,True,,True,0.04939018965192893,
A-100ml-f0.25-p+0.0-above-y0-x-6.0-y+0.0,A,dx,100,0.25,0,above,0,-6,0,28,47.4252440598675,17.11302445521971,23.854068355803715,-5.697852433223887,False,64.25,28.4,63439,3559,8486,0,0,0,0,41911,,,,51.1088853973968,43.81500557204884,11.211250240126294,58.19377668362009,59.874954642185315,99.76893103979505,-0.19224327834245492,3559,0.005026438828904112,128.9887385492366,24.800917525856676,81.7159873160438,-46.8040995456733,27.501296762821063,47.90409003184247,,0.198074056192464,42.29169303703375,4.635511207722609,1.7380904252274623,True,True,False,False,False,False,False,False,lift,False,,
A-100ml-f0.50-p+0.0-above-y270-x+0.0-y+0.0,A,yaw,100,0.5,0,above,270,0,0,28,47.4252440598675,34.22604891043942,47.70813671160743,11.415172021995819,False,27.32,28.4,131633,80366,0,0,0,0,0,0,,9.273499999999842,19.60049999999967,0.8267983043781476,0.9372786621695718,9.567746229002083,59.87593102728397,59.874954642185315,99.17894611018562,5.164111403371183,80366,86.10994447473308,0.47200765840342646,0.45658291897124026,27.447903869668796,9.747963131276682,0.8591096326488569,41.69389186259116,0.42874045736607364,0.5323044095828527,0.5433820458761296,0.040497675420775286,0.005500103489611663,True,True,True,True,True,True,True,True,,True,0.049485213714298225,
A-100ml-f0.50-p+0.0-above-y0-x+0.0-y-3.0,A,dy,100,0.5,0,above,0,0,-3,28,47.4252440598675,34.22604891043942,47.70813671160743,11.415172021995819,False,17.45,28.4,115025,80303,0,0,0,0,0,0,,9.293499999999867,19.60049999999967,5.524925142932702,5.030078604200479,9.567746235291565,58.89848278344236,59.874954642185315,100.29431300139369,4.893634535581115,80303,85.77522654321685,0.9031618551655418,1.5993902492422427,26.01309599655325,11.222117724327463,1.816865256540651,41.33322126007713,0.37120808134525396,0.48852007415950527,3.5150003463041974,0.04021590440191937,0.0053910974957524236,True,True,False,True,True,True,True,True,lift,False,0.050377932073084115,
A-100ml-f0.50-p-10.0-above-y0-x+0.0-y+0.0,A,pitch,100,0.5,-10,above,0,0,0,28,47.4252440598675,34.22604891043942,47.70813671160743,11.415172021995819,False,51.43,28.4,79807,73689,0,0,1700,0,0,7376,1.4699999999998936,8.396999999998771,20.078999999998555,36.56605389029139,16.211299786461563,9.569035304369866,62.53822369957772,59.874954642185315,96.54569685041855,6.981653252359332,73689,88.54878792098799,2.7536979601536506,5.052658574694689,31.410899080725965,5.143318878486763,6.794910573026225,39.44783216505206,4.22580462038371,5.095721017271654,28.642001081328765,0.6748483952013625,0.24473967074278585,False,True,False,True,True,True,False,False,table,False,0.1620059728378389,
A-100ml-f0.50-p-20.0-above-y0-x+0.0-y+0.0,A,pitch,100,0.5,-20,above,0,0,0,28,47.4252440598675,34.22604891043942,47.70813671160743,11.415172021995819,False,53.31,28.4,60952,0,1606,0,2612,0,0,49164,1.094999999999935,,,6.95215586520739,5.281149577131759,23.68680156527106,83.1933679739535,59.874954642185315,68.71944890953014,-0.20024488968273246,0,0.009427031995061452,131.94648760273674,28.58190330333038,69.96262358779778,-39.18443050743059,15.397520410624901,36.078511324437855,,0.1999836264691205,9.263928481440391,0.22297865681374446,0.07475177289599885,False,False,False,False,False,False,False,True,table,False,,
A-100ml-f0.50-p+0.0-above-y0-x-6.0-y+0.0,A,dx,100,0.5,0,above,0,-6,0,28,47.4252440598675,34.22604891043942,47.70813671160743,11.415172021995819,False,29.44,28.4,63618,19176,6367,0,0,0,0,27409,,5.098499999999894,,37.239315939496144,40.259541978456284,9.571237517804033,58.14379257052242,59.874954642185315,99.81822844929431,16.45805348730972,19176,108.40078818499508,12.814828542552377,20.78347326951899,54.45121120168883,-7.937707937770099,22.627361270667024,33.02889459712638,,1753.4444536389392,33.313412300164636,0.5129399585491472,0.18676059190089797,True,True,False,True,False,False,False,False,lift,False,5.246232228782743e-06,
A-100ml-f0.50-p+0.0-above-y180-x+0.0-y+0.0,A,yaw,100,0.5,0,above,180,0,0,28,47.4252440598675,34.22604891043942,47.70813671160743,11.415172021995819,False,35.53,28.4,130795,80376,0,0,0,0,0,0,,9.274999999999844,19.60049999999967,0.8249403140367827,0.931352104117858,9.56774622814978,59.87593124665876,59.874954642185315,99.17894719904454,5.162275654702397,80376,86.12081408535857,0.4750282115036723,0.45578006658889014,27.447520272558926,9.748301693451229,0.8529959699011601,41.696193344048254,0.3827825154428162,0.5040518454718,0.4999077641216038,0.026530173002531108,0.0002370012879851532,True,True,True,True,True,True,True,True,,True,0.04941945835367769,
A-100ml-f0.50-p+0.0-above-y0-x+3.0-y+0.0,A,dx,100,0.5,0,above,0,3,0,28,47.4252440598675,34.22604891043942,47.70813671160743,11.415172021995819,False,30.14,28.4,136897,80052,0,0,0,0,0,0,,8.271499999998618,19.60049999999967,4.182032942644404,4.221991653751591,9.567746200156893,59.87494264254692,59.874954642185315,99.17917832650156,6.163268510916309,80052,82.47944664178557,0.6484974488837882,5.170910907322644,27.842688687947728,9.688285640152532,4.0370670659439165,40.49532520300299,0.45782041413611,0.555195362086727,4.035645626044709,0.23714159652033384,0.08001919326398443,True,True,False,True,True,True,True,True,lift,False,0.05971884970897365,
A-100ml-f0.50-p+0.0-above-y0-x+6.0-y+0.0,A,dx,100,0.5,0,above,0,6,0,28,47.4252440598675,34.22604891043942,47.70813671160743,11.415172021995819,False,30.08,28.4,95480,78363,0,0,0,0,0,0,,7.797499999998398,20.803999999996865,6.624774250423744,7.096395158307891,9.567746226071344,59.87466780555252,59.874954642185315,99.17925710716631,9.162156294706596,78363,80.37420532289934,2.794292239359492,9.292536996020129,28.878106156152363,9.38804698731907,7.038450042600863,39.35482347850525,6.2900984634778565,6.297149385527244,6.573524354307086,0.6726631826620482,0.24739658522729874,True,True,False,True,True,True,False,True,lift,False,0.07207266672430919,
A-100ml-f0.25-p+0.0-above-y0-x-3.0-y+0.0,A,dx,100,0.25,0,above,0,-3,0,28,47.4252440598675,17.11302445521971,23.854068355803715,-5.697852433223887,False,68.7,28.4,56568,2819,8189,0,0,0,0,32749,,,,53.494067137344096,42.149141708104096,9.574105653506622,59.872287443802165,59.874954642185315,98.01923911117116,-0.19640143333128635,2819,0.006388188400147187,127.85177057898409,28.78938269859776,73.1452640255411,-39.71703701837917,23.37922861241058,49.807932552549076,,0.19996211542580963,36.1805270067211,0.9994768647608774,0.36877656999254604,True,True,False,False,False,False,False,False,lift,False,,
A-100ml-f0.50-p+0.0-above-y0-x+0.0-y+3.0,A,dy,100,0.5,0,above,0,0,3,28,47.4252440598675,34.22604891043942,47.70813671160743,11.415172021995819,False,27.59,28.4,95524,80404,0,0,0,0,0,0,,9.275999999999845,19.60049999999967,4.951703519368651,4.5595806975119455,9.567746235336793,58.900788930420774,59.874954642185315,100.25857296384905,5.093487947653657,80404,85.66735708444507,0.7206948498925864,1.529416188371478,26.342169391823443,10.889394580173573,1.7401418633004657,41.36212509307399,0.4474339972063363,0.5727623848778359,3.3397552354765465,0.2350242066222147,0.07794341584894408,True,True,False,True,True,True,True,True,lift,False,0.046241445179831,
A-100ml-f0.50-p+0.0-above-y0-x+0.0-y+6.0,A,dy,100,0.5,0,above,0,0,6,28,47.4252440598675,34.22604891043942,47.70813671160743,11.415172021995819,False,26.94,28.4,98971,80263,0,0,0,0,0,0,,9.266999999999834,19.60049999999967,5.453895864774718,5.497696756353278,9.567746235321001,57.98802968107415,59.874954642185315,101.32511370555106,5.107388006089772,80263,84.40139752204716,1.1953740496257605,3.0247154009296833,25.980257680053725,11.347983181124787,2.88695854047894,40.9297845966801,0.24886457156809874,0.4191600570896812,6.775274067665289,0.3280451461010556,0.11539089761771368,True,True,False,True,True,True,True,True,lift,False,0.054067656174488485,
A-100ml-f0.50-p+0.0-above-y0-x+0.0-y-6.0,A,dy,100,0.5,0,above,0,0,-6,28,47.4252440598675,34.22604891043942,47.70813671160743,11.415172021995819,False,33.47,28.4,109297,78962,0,0,0,0,0,0,,9.300999999999876,19.60049999999967,5.748168074237783,5.742349341030602,9.567746235300906,57.987517609653274,59.874954642185315,101.30444098507527,4.555519366718469,78962,84.58031586516147,1.236153482974614,2.9057757843019703,25.341171571426404,11.97800540882782,2.8308702621939354,40.950946899803924,0.12298161822899044,0.34929424370756157,7.100453254596425,0.06691177101007846,0.01544705915823721,True,True,False,True,True,True,True,True,lift,False,0.05603000035275497,
A-100ml-f0.80-p+0.0-side-y0-x+0.0-y+0.0,A,approach,100,0.8,0,side,0,0,0,28,47.4252440598675,54.761678256703064,76.3330187385719,31.950801368259466,False,17.75,28.4,131869,80370,0,0,0,0,0,0,,9.278499999999848,19.60049999999967,0.8767671659314166,0.9775210791604462,9.567723447905795,59.87591317778107,59.874954642185315,99.17214260025925,5.129353278236937,80370,85.97553366069673,0.49978397251312795,0.16298223854375204,47.932597165900916,9.794491152995633,0.9064392725734424,21.140445073473423,0.4281441545269638,0.5365097014346785,0.5613765749908624,0.06741828674123644,0.015594490633930883,True,True,True,True,True,True,True,True,,True,0.049263159898591286,
A-100ml-f0.80-p+20.0-above-y0-x+0.0-y+0.0,A,pitch,100,0.8,20,above,0,0,0,28,47.4252440598675,54.761678256703064,76.3330187385719,31.950801368259466,False,26.9,28.4,88988,78006,0,0,0,0,0,0,,9.273499999999842,19.60049999999967,16.96797866920234,17.99617826522502,9.567734785561665,59.87077719663608,59.874954642185315,99.11572844917383,5.061567061471719,78006,82.68757369515126,0.7843083120144501,2.551886188419001,48.18976934719946,8.38381690753398,16.88371690780153,14.936639197876755,0.15089166632553275,0.3249233539340666,7.400634960517808,1.3347615007754665,0.4945781433666283,True,True,False,True,True,True,True,True,lift,False,0.033365490910685906,
A-100ml-f0.80-p+5.0-above-y0-x+0.0-y+0.0,A,pitch,100,0.8,5,above,0,0,0,28,47.4252440598675,54.761678256703064,76.3330187385719,31.950801368259466,False,32.35,28.4,102192,78752,0,0,0,0,0,0,,9.252499999999817,19.60049999999967,5.799284730368514,5.428786307470724,9.567743673848147,59.87166335247089,59.874954642185315,99.16252442969214,5.2991928266199055,78752,85.44382740690808,0.18886072350113778,0.22744892221803548,47.78257444726747,9.907449875837276,3.7339874265886146,20.074290852109506,0.30844802484777656,0.43041085408916074,5.388383705325506,0.897812480389135,0.3311226379642918,True,True,False,True,True,True,True,True,lift,False,0.029718667176538063,
A-100ml-f0.80-p-20.0-above-y0-x+0.0-y+0.0,A,pitch,100,0.8,-20,above,0,0,0,28,47.4252440598675,54.761678256703064,76.3330187385719,31.950801368259466,False,40.0,28.4,60663,0,0,0,2612,0,0,67922,1.094999999999935,,,1.9137639201475354,1.4499036164439116,23.61689299396915,83.19120915365818,59.874954642185315,68.63311571421562,-0.19509050485787272,0,0.005231728185688794,132.07793263292584,27.732936115864835,74.5125874245483,-24.004808480454205,16.586548107303425,15.058595261927932,,0.2013055143808967,1.5687412255843143,2.233622600685118,0.8338161590244163,False,False,False,False,False,False,False,True,table,False,,
A-100ml-f0.80-p+10.0-above-y0-x+0.0-y+0.0,A,pitch,100,0.8,10,above,0,0,0,28,47.4252440598675,54.761678256703064,76.3330187385719,31.950801368259466,False,33.71,28.4,102736,78163,0,0,0,0,0,0,,9.27999999999985,19.60049999999967,10.038553425969546,9.840481374557633,9.567739845554756,59.87080187292509,59.874954642185315,99.1471032390726,4.96696052706809,78163,84.67422366192828,0.489411375993744,0.5932792389376199,47.799935114656115,9.732740456529276,8.402915928239496,18.296192244011152,-0.0015013530638273449,0.30121779631101886,10.80865014057159,1.5248884911748957e-05,-0.0015447287662955578,True,True,False,True,True,True,True,False,lift,False,0.027549208534587078,
A-100ml-f0.80-p-5.0-above-y0-x+0.0-y+0.0,A,pitch,100,0.8,-5,above,0,0,0,28,47.4252440598675,54.761678256703064,76.3330187385719,31.950801368259466,False,39.82,28.4,116023,80156,0,0,0,0,0,0,,8.635499999999062,19.9309999999989,7.040225234079001,6.3590500596949004,9.56774765710096,59.87644320003881,59.874954642185315,99.18614191989403,5.841830975350542,80156,85.80281647005162,0.4391251620902388,0.7296740127525466,48.287617160071484,9.461164525067955,6.296501371052041,19.102257517767725,0.6502162436139142,0.7378357988492399,6.834011282830929,0.06447983399570689,0.014514018182771699,True,True,False,True,True,True,True,True,lift,False,0.05787576729935893,
A-100ml-f0.80-p+0.0-above-y0-x+0.0-y+0.0,A,nominal,100,0.8,0,above,0,0,0,28,47.4252440598675,54.761678256703064,76.3330187385719,31.950801368259466,False,36.28,28.4,131888,80370,0,0,0,0,0,0,,9.278499999999848,19.60049999999967,0.8754395199982773,0.9762320370121818,9.567746228807836,59.8759191354406,59.874954642185315,99.1721363162481,5.129575084646426,80370,85.97908643084891,0.49994237459877255,0.16206649506503673,47.932439024597336,9.794634474709184,0.9044247938799477,21.141203441803484,0.4437784909810472,0.5489935799524753,0.5583818871182407,0.06747006502883243,0.015615048636629473,True,True,True,True,True,True,True,True,,True,0.04927774583943225,
A-100ml-f0.80-p+0.0-diagonal-y0-x+0.0-y+0.0,A,approach,100,0.8,0,diagonal,0,0,0,28,47.4252440598675,54.761678256703064,76.3330187385719,31.950801368259466,False,28.66,28.4,131868,80372,0,0,0,0,0,0,,9.278499999999848,19.60049999999967,0.8767738186207022,0.9761175790580673,6.76541138996619,59.8759173565371,59.874954642185315,99.17213819056416,5.128572909321116,80372,85.9808183122324,0.5007185707817081,0.16249915195132653,47.93249983492215,9.794580455996183,0.9035989012749123,21.141514356139457,0.41315139468532464,0.524658038398245,0.5616280448573755,0.06744240667415308,0.015604030059945238,True,True,True,True,True,True,True,True,,True,0.04925816109867989,
A-100ml-f0.80-p+0.0-above-y180-x+0.0-y+0.0,A,yaw,100,0.8,0,above,180,0,0,28,47.4252440598675,54.761678256703064,76.3330187385719,31.950801368259466,False,28.75,28.4,132040,80372,0,0,0,0,0,0,,9.275499999999845,19.60049999999967,0.8925683680356683,0.989602686644337,9.5677462295784,59.87591869296856,59.874954642185315,99.17213671671341,5.1546608778464815,80372,86.01368487414808,0.4836813325607845,0.16601687377112845,47.93454928414092,9.79258727262905,0.9019832949392951,21.14212256455598,0.3784458093811135,0.5029645274390465,0.5104779570735342,0.05001413516781858,0.009043307434894288,True,True,True,True,True,True,True,True,,True,0.04933181972302859,
A-100ml-f0.80-p-10.0-above-y0-x+0.0-y+0.0,A,pitch,100,0.8,-10,above,0,0,0,28,47.4252440598675,54.761678256703064,76.3330187385719,31.950801368259466,False,43.35,28.4,70397,69927,0,0,1736,0,0,5359,1.4699999999998936,8.257999999998601,20.022999999998685,36.2512153183546,14.571885290480791,9.56702618599134,62.538276666960144,59.874954642185315,96.53886875371235,7.663353486875357,69927,90.3861555358825,1.898781878126743,4.741282188423475,51.934112109634704,5.243869039483318,6.220499300604776,19.131206057714536,11.085883250414735,11.092267961520797,18.172556230755934,0.2423424449252534,0.08322647756618992,False,True,False,True,True,True,False,False,table,False,0.1368858539306756,
A-100ml-f0.80-p+0.0-above-y90-x+0.0-y+0.0,A,yaw,100,0.8,0,above,90,0,0,28,47.4252440598675,54.761678256703064,76.3330187385719,31.950801368259466,False,36.31,28.4,131994,80370,0,0,0,0,0,0,,9.274499999999843,19.60049999999967,0.893213289222069,0.9897746122974831,9.567746228685891,59.87591833059216,59.874954642185315,99.17213639637974,5.165156901388787,80370,86.03472763169891,0.47471508739281265,0.16126535516810644,47.93443078032797,9.792629369050454,0.8950801826740468,21.144721292401183,0.41959595376069697,0.52786958435754,0.5676613308837839,0.06897828562511761,0.016206200083570186,True,True,True,True,True,True,True,True,,True,0.04935096812582762,
A-100ml-f0.80-p+0.0-above-y270-x+0.0-y+0.0,A,yaw,100,0.8,0,above,270,0,0,28,47.4252440598675,54.761678256703064,76.3330187385719,31.950801368259466,False,34.79,28.4,131980,80368,0,0,0,0,0,0,,9.272499999999841,19.60049999999967,0.8856382975635603,0.9829759358236241,9.567746228660356,59.87591939219746,59.874954642185315,99.17213544066882,5.172217870283672,80368,86.05404450475801,0.4684295646805842,0.16097336936167428,47.935192798163776,9.791862465569206,0.8918594894423048,21.145933742919716,0.4263808184433492,0.5334401505348471,0.5661806867189308,0.08518222442981703,0.02228569313636751,True,True,True,True,True,True,True,True,,True,0.0494148747155187,
A-100ml-f0.80-p+0.0-above-y0-x+3.0-y+0.0,A,dx,100,0.8,0,above,0,3,0,28,47.4252440598675,54.761678256703064,76.3330187385719,31.950801368259466,False,30.74,28.4,122129,80040,0,0,0,0,0,0,,8.20799999999854,19.60049999999967,4.124692287178803,4.197455795884073,9.567746203479347,59.87494290899102,59.874954642185315,99.1723660477458,6.304135342160622,80040,82.65380724760855,0.7110003141178883,3.679348713336427,48.29656628760803,9.662268843311978,3.9884354632605685,19.978089155196976,0.6159279606842758,0.6917108988874138,3.9508284463733356,0.2647846335005871,0.08789801891175893,True,True,False,True,True,True,True,True,lift,False,0.06028178751975674,
A-100ml-f0.80-p+0.0-above-y0-x+0.0-y-3.0,A,dy,100,0.8,0,above,0,0,-3,28,47.4252440598675,54.761678256703064,76.3330187385719,31.950801368259466,False,27.61,28.4,112381,80253,0,0,0,0,0,0,,9.297499999999872,19.60049999999967,5.155486606340956,4.70473066777611,9.567746235500648,58.903762412535215,59.874954642185315,100.23268087931939,4.8321472516784505,80253,85.670413556299,0.8165792244863206,0.9550909990204292,46.528070090792944,11.222354288499048,1.8186533566948961,20.7969182579483,0.25374903505331753,0.40770532620765293,3.430150523612725,0.12125996208331427,0.03585317448336267,True,True,False,True,True,True,True,True,lift,False,0.051165250103151025,
A-100ml-f0.80-p+0.0-above-y0-x+0.0-y+3.0,A,dy,100,0.8,0,above,0,0,3,28,47.4252440598675,54.761678256703064,76.3330187385719,31.950801368259466,False,23.15,28.4,105855,80268,0,0,0,0,0,0,,9.305999999999882,19.60049999999967,4.252665985088778,4.019748660429762,9.567746235549846,58.89237425961707,59.874954642185315,100.2405477662487,4.678415695044472,80268,85.34249133535512,0.43093023067355996,0.8024644454639779,46.706892566665864,11.038055215875032,1.7336127429936055,20.828955337716916,0.2922322717501876,0.44467408931147007,3.3865980372073836,0.29212644605512855,0.10111068506721377,True,True,False,True,True,True,True,True,lift,False,0.048750083414120675,
A-100ml-f0.80-p+0.0-above-y0-x+0.0-y-6.0,A,dy,100,0.8,0,above,0,0,-6,28,47.4252440598675,54.761678256703064,76.3330187385719,31.950801368259466,False,30.23,28.4,99446,78927,0,0,0,0,0,0,,9.30399999999988,19.60049999999967,5.816942564856854,5.793493957704964,9.567746235488395,57.99938732178345,59.874954642185315,101.25875103797782,4.48524853886989,78927,84.22238149478255,0.7979501246421743,1.9804569338683007,46.22108111125907,11.588273170834634,2.8238748572200008,20.417956799721704,0.1967143764169796,0.4148427379758065,7.162714175992006,0.0633721199800529,0.014107213011373895,True,True,False,True,True,True,True,True,lift,False,0.04917178328470852,
A-100ml-f0.80-p+0.0-above-y0-x+6.0-y+0.0,A,dx,100,0.8,0,above,0,6,0,28,47.4252440598675,54.761678256703064,76.3330187385719,31.950801368259466,False,31.42,28.4,95982,78443,0,0,0,0,0,0,,7.789999999998402,20.847999999996762,6.537448747388848,7.049577471560812,9.567746222394591,59.87495072600166,59.874954642185315,99.17233493751374,9.211386762774609,78443,80.46516383339706,2.8291339085909457,6.729985751711327,49.21902105603901,9.262944103853643,6.994298669941657,18.83606286189637,6.317373919496067,6.326003413604001,6.523935919539322,0.0,-0.0015475047908637054,True,True,False,True,True,True,False,True,lift,False,0.07197169122873397,
A-100ml-f0.80-p+0.0-above-y0-x-6.0-y+0.0,A,dx,100,0.8,0,above,0,-6,0,28,47.4252440598675,54.761678256703064,76.3330187385719,31.950801368259466,False,38.44,28.4,50607,3102,4179,0,0,0,0,31472,,,,45.35268419019585,38.02704685322827,11.998653227829395,58.0762284988571,59.874954642185315,99.87925210676565,-0.19363982591559525,3102,0.0072454597159677695,127.904091411044,27.77259103053582,73.2596772884669,-10.49025802853773,27.970476009705965,10.030030298899748,,0.8308458807775979,22.690796471910215,89.99995674132302,23.967405937299397,True,True,False,False,False,False,False,False,lift,False,,
A-100ml-f0.50-p+0.0-above-y0-x-3.0-y+0.0,A,dx,100,0.5,0,above,0,-3,0,28,47.4252440598675,34.22604891043942,47.70813671160743,11.415172021995819,False,71.99,28.4,63579,2895,7154,0,0,0,0,36293,,,,54.884036750259206,47.1493256894236,10.141584583524967,59.88056714066605,59.874954642185315,98.66162065678418,-0.1894526671075425,2895,0.004658354040818943,128.4958382107909,23.41718631879354,81.47848560241539,-32.31278841868859,28.07730563546666,30.514062721737414,,1.3628386281656852,36.19815141851451,1.3352095546648701,0.4983578226213148,True,True,False,False,False,False,False,False,lift,False,,
A-100ml-f0.80-p+0.0-above-y0-x-3.0-y+0.0,A,dx,100,0.8,0,above,0,-3,0,28,47.4252440598675,54.761678256703064,76.3330187385719,31.950801368259466,False,41.9,28.4,54611,2311,2586,0,0,0,0,36825,,,,50.79602431757711,39.6837544484092,11.53845436808867,59.88628765177362,59.874954642185315,98.67602813588212,-0.19181674189096276,2311,0.0065353415751345815,128.45388118240845,27.9530661672005,71.93948260459264,-10.20319159179689,29.007103527375193,9.524944872262406,,0.1925245081925325,48.37297808956299,23.38865423677175,8.555595395336672,True,True,False,False,False,False,False,False,lift,False,,
A-100ml-f0.80-p+0.0-above-y0-x+0.0-y+6.0,A,dy,100,0.8,0,above,0,0,6,28,47.4252440598675,54.761678256703064,76.3330187385719,31.950801368259466,False,25.12,28.4,93099,80313,0,0,0,0,0,0,,9.25599999999982,19.60049999999967,5.425545844970836,5.433270487102297,9.567746235516816,58.00267573861053,59.874954642185315,101.2986475343382,5.2190551816982955,80313,84.02869565662719,1.0009818014143177,1.9997138739016636,46.72389061741337,11.090791285894547,2.9737168938182945,20.36141689044811,0.17608029549438176,0.3804321192817144,6.88001055180277,0.25129715407699676,0.08359471870949362,True,True,False,True,True,True,True,True,lift,False,0.053869825738052456,
B-100ml-f0.50-p+19.5-diagonal-y354-x+3.7-y+4.8,B,all,100,0.5,19.5,diagonal,354,3.7,4.8,28,47.4252440598675,34.22604891043942,47.70813671160743,11.415172021995819,False,31.28,28.4,55990,64072,0,0,0,0,0,0,,7.9879999999982925,,25.741402756098555,29.404826438037652,6.765402364269674,58.795335529879885,59.874954642185315,101.30448384605486,7.85144445784744,64072,76.30445391714203,2.2563549954013236,12.53394595101796,28.81546089698582,6.1035558504004275,9.865982923566898,38.26690528061952,,576.4175993750753,13.658157822678298,0.9710627956345611,0.35397889188021553,True,True,False,True,True,False,False,False,lift,False,0.08157248715473862,
B-60ml-f0.25-p+9.2-diagonal-y119-x+0.7-y-1.8,B,all,60,0.25,9.2,diagonal,119,0.7,-1.8,25,40.0,14.736568804805119,14.178240740740737,7.236568804805119,False,34.84,28.4,116676,76701,0,0,0,0,0,0,,8.774499999999232,19.60049999999967,4.9146525463721575,7.348613678190181,6.765406827786522,43.879328246542016,44.1,99.44883966694917,5.204200628492833,76701,84.02363931512652,0.336059714256105,2.849964366722507,7.503239040696996,9.346249171774248,6.528522696976273,46.453512739277535,0.1182407140864376,0.3584587344514944,5.547279128315117,0.45233575109301477,0.12031621796168968,True,True,False,True,True,True,True,True,lift,False,0.06055578584472005,
B-60ml-f0.50-p+6.4-diagonal-y330-x+3.5-y-5.0,B,all,60,0.5,6.4,diagonal,330,3.5,-5.0,25,40.0,29.473137609610237,28.356481481481474,21.973137609610234,False,21.45,28.4,46591,63905,178,0,0,0,0,0,,8.885499999999368,,19.697540278965192,24.372247904554342,6.765408193983344,43.440632094473834,44.1,99.93694786691522,5.002196489205094,63905,78.67347683416496,0.8000040762946617,7.057854042698063,21.398970072119322,10.672802460814673,0.8093145517285212,33.522591814344295,,2811.986063137727,6.21073512070332,4.90455619685548e-06,-0.0015236962145913312,True,True,False,True,True,False,False,True,lift,False,0.13546472582668118,
B-100ml-f0.80-p+5.0-diagonal-y178-x+4.4-y-3.1,B,all,100,0.8,5.0,diagonal,178,4.4,-3.1,28,47.4252440598675,54.761678256703064,76.3330187385719,31.950801368259466,False,34.43,28.4,86272,78621,0,0,0,0,0,0,,8.898999999999385,19.60049999999967,3.9990678945470286,4.117160638185169,6.765408870991245,58.79412454030428,59.874954642185315,100.26334209818492,5.542885522052413,78621,78.66549918844248,0.9403787796193609,6.4515392352844705,47.51935011143675,10.412763517241268,1.8820031209855734,20.773050747998084,4.991644789098249,4.993820714201939,3.6305208887254916,5.853177225625916e-06,-0.0015448284145203662,True,True,False,True,True,True,False,True,lift,False,0.07157772574920723,
B-100ml-f0.25-p+14.0-diagonal-y212-x+5.4-y+1.0,B,all,100,0.25,14.0,diagonal,212,5.4,1.0,28,47.4252440598675,17.11302445521971,23.854068355803715,-5.697852433223887,False,24.44,28.4,51070,64243,348,0,0,0,0,0,,8.558999999998969,,14.530853445711463,18.217476609840915,6.765404640860638,59.53185341591314,59.874954642185315,99.52895599047977,6.158001910703745,64243,68.23174625940223,2.4662190433261775,12.322240460953203,23.274470286137728,-4.01618977380952,3.846138026536704,57.680549860348165,,3018.0999625184163,7.420260167867819,1.9188473521827745,0.7160757161250103,True,True,False,True,True,False,False,True,lift,False,0.07813661430003573,
B-60ml-f0.50-p+3.0-side-y66-x+3.9-y-5.6,B,all,60,0.5,3.0,side,66,3.9,-5.6,25,40.0,29.473137609610237,28.356481481481474,21.973137609610234,False,27.46,28.4,103559,77732,0,0,0,0,0,0,,8.515999999998916,19.60049999999967,4.70842207078558,6.142633524183304,8.740551192459007,42.84038288235939,44.1,100.49264802201006,5.1258223889116135,77732,78.40136863676166,0.9620925177302314,7.662448428124021,21.368931506589924,11.118018437465322,4.042869354935861,32.50464540538781,4.037609023529822,4.03906714539272,6.619350122157534,0.5562728281687881,0.15790334966216432,True,True,False,True,True,True,False,True,lift,False,0.17579470111517315,
B-60ml-f0.25-p-7.9-side-y254-x+0.6-y+3.8,B,all,60,0.25,-7.9,side,254,0.6,3.8,25,40.0,14.736568804805119,14.178240740740737,7.236568804805119,False,34.3,28.4,66636,616,4477,0,3753,0,0,0,0.0025,,,39.45283743945326,43.31718866114188,21.076400629524045,53.153118454779175,44.1,90.41078629722938,-0.19290769976373912,616,0.004783986549348567,164.63098465579847,25.664526040425876,58.173041450834006,-28.600360259516773,21.627292795694803,41.37680678429609,,0.20011204613278388,15.784296861195344,3.91434174372985,1.2242375892445172,False,False,False,False,False,False,False,False,table,False,,
B-50ml-f0.25-p+14.2-above-y16-x+0.9-y+4.9,B,all,50,0.25,14.2,above,16,0.9,4.9,25,37.64144115524114,13.984229076838627,11.769942152291096,11.93839640534348,False,26.92,28.4,126898,78240,0,0,0,0,0,391,,8.987999999999493,19.60049999999967,6.463662744707552,11.48302267553895,9.568335790360587,38.34156356122553,38.498422743697716,99.37690736461089,4.976916654307676,78240,83.15283763961628,0.29557431541762236,3.984759356828877,6.146344162180958,9.257599004531755,10.857410900857328,41.28392862106602,-0.01983769432824372,0.2588439117547837,39.88737623673764,0.5362641402265446,0.14960790876637065,True,True,False,True,True,True,True,False,lift,False,0.08065556939822824,
B-50ml-f0.25-p+15.9-diagonal-y246-x+4.1-y+0.3,B,all,50,0.25,15.9,diagonal,246,4.1,0.3,25,37.64144115524114,13.984229076838627,11.769942152291096,11.93839640534348,False,33.96,28.4,90680,75842,0,0,0,0,0,0,,8.728999999999177,19.60049999999967,6.157850483368865,10.071102571014945,6.765403740518361,38.49925030134259,38.498422743697716,99.14899342702215,4.935054847127196,75842,78.355838302398,0.5379030578387854,8.588046786880655,6.119007710905288,8.696250775433706,9.29749472847773,41.75770536685563,0.09627256079339741,0.2980405059072147,5.988015348107294,3.3175710879006814,0.9711618549140009,True,True,False,True,True,True,True,True,lift,False,0.18041831273683956,
B-50ml-f0.80-p-2.1-above-y358-x+4.5-y+6.0,B,all,50,0.8,-2.1,above,358,4.5,6.0,25,37.64144115524114,44.7495330458836,37.6638148873315,42.703700374388454,False,37.23,28.4,64773,82220,0,0,1806,0,0,0,1.4374999999998972,9.274499999999843,,8.16222685302253,11.5700430566171,9.56646177777462,40.91090396304018,38.498422743697716,96.88203095869704,4.441777467021304,82220,72.97238838008732,4.592492464297511,5.174948636189415,41.086605576115836,6.780060166358432,9.401616252127615,10.960917039240513,,6.635573731111231,9.372752589923252,0.0718893209098908,0.012099044986437825,False,True,False,True,True,True,False,True,table,False,0.13939774813194653,
B-100ml-f0.25-p+18.6-diagonal-y197-x-2.5-y-4.9,B,all,100,0.25,18.6,diagonal,197,-2.5,-4.9,28,47.4252440598675,17.11302445521971,23.854068355803715,-5.697852433223887,False,37.28,28.4,73651,64240,0,0,0,0,0,5332,,8.145999999998464,,57.162460069563025,40.01901431683794,6.765761483720343,58.16308850153775,59.874954642185315,101.51759861619938,7.769213900395588,64240,88.27452151890378,0.564940309011268,4.318742357852566,25.428814522055642,-3.5542371096399794,19.978799156606854,51.290617526699144,,522.710214187131,46.05445247531667,0.39580039544205053,0.1333625311063006,True,True,False,True,True,False,False,False,lift,False,0.13209775752395425,
B-60ml-f0.80-p+5.6-above-y348-x-0.3-y+4.4,B,all,60,0.8,5.6,above,348,-0.3,4.4,25,40.0,47.15702017537638,45.37037037037036,39.65702017537638,False,52.1,28.4,54021,2107,0,0,0,0,0,58338,,,,37.48848410889987,40.61141426653695,9.57060136616858,43.53486885558445,44.1,97.59689420466145,1.4696799085819197,2107,0.5849145844458618,121.64805366536186,32.878826588533606,53.70084141457668,1.3064724253394056,33.60788498574705,4.130237476801351,,0.20010477638583,40.38422100749043,1.4787793334710982e-06,-0.0015453481904655717,True,True,False,False,False,False,False,False,lift,False,,
B-50ml-f0.80-p-15.0-above-y262-x-5.3-y+2.2,B,all,50,0.8,-15.0,above,262,-5.3,2.2,25,37.64144115524114,44.7495330458836,37.6638148873315,42.703700374388454,False,24.52,28.4,23244,0,0,0,2902,0,0,38683,0.9824999999999472,,,1.42809495257508,1.5659075264568287,33.04293908590951,59.97733725801691,38.498422743697716,72.52447110180378,-0.19021666658219916,0,0.0068924330510717596,126.44430669519235,33.68627590972049,55.27308067966485,-21.006482802791368,23.73420986884623,6.337365234663317,,0.19933592322901136,3.2475745903558995,11.971459333763585,3.4943365861569795,False,False,False,False,False,False,False,False,table,False,,
B-100ml-f0.50-p-0.9-above-y244-x-4.4-y-4.2,B,all,100,0.5,-0.9,above,244,-4.4,-4.2,28,47.4252440598675,34.22604891043942,47.70813671160743,11.415172021995819,False,50.58,28.4,49777,3481,5440,0,0,0,0,29818,,,,43.997632947087006,35.906450970309685,11.948591215210309,57.74214423918181,59.874954642185315,99.20456393548419,-0.19245362583553138,3481,0.005978781220362539,128.60534594749507,28.874392706063382,72.63156127254207,-25.242998951420223,20.564197548753594,33.92721091972886,,0.20329917254059318,47.556367532845854,0.9682855942763021,0.32993222432389435,True,True,False,False,False,False,False,False,lift,False,,
B-60ml-f0.50-p-18.4-diagonal-y175-x+5.0-y+4.0,B,all,60,0.5,-18.4,diagonal,175,5.0,4.0,25,40.0,29.473137609610237,28.356481481481474,21.973137609610234,False,69.09,28.4,46009,0,84,0,3028,0,0,0,0.7899999999999684,,,29.201261216213855,20.583328254578387,35.56426155586757,76.36442669027254,44.1,67.72696881305644,-0.20015094401615308,0,0.0013520374366771744,174.013454587202,23.581611197572702,58.09648557109091,-20.990954490122267,11.478528806744837,30.1217450500481,,0.20007165324662798,46.825385227180114,1.6336361357092888,0.508461717920431,False,False,False,False,False,False,False,False,table,False,,
B-50ml-f0.50-p-16.3-above-y13-x-5.7-y+5.5,B,all,50,0.5,-16.3,above,13,-5.7,5.5,25,37.64144115524114,27.968458153677254,23.53988430458219,25.922625482182106,False,31.19,28.4,7281,0,0,0,1628,0,0,6945,0.9499999999999508,,,1.98308877598967,9.33510083011395,64.49540735917803,74.20247034549672,38.498422743697716,1.2704247353123768,-0.20008259771396586,0,0.0019259857899252021,196.72920060753304,11.44233037131894,120.92590616770998,-90.57584486700512,1.2418711729786358,30.16927772454951,,0.20011153926513492,6.024025576166859,1.7968668290015646,0.5235692985991467,False,False,False,False,False,False,False,True,table,False,,
B-60ml-f0.25-p+8.2-side-y286-x-2.0-y+3.8,B,all,60,0.25,8.2,side,286,-2.0,3.8,25,40.0,14.736568804805119,14.178240740740737,7.236568804805119,False,51.08,28.4,54479,3603,0,0,0,0,0,46934,,,,102.40242931089968,89.9228050009305,9.354456789597302,46.231279944867254,44.1,100.03045579082243,0.7345031582260686,3603,0.5125331411057021,124.38303233384067,41.03436383165547,29.881604055324953,12.90101882842795,42.19041912835463,32.19751166240708,,0.14806114147899563,130.95585636958137,89.87171199874585,19.797122324080508,True,True,False,False,False,False,False,False,lift,False,,
B-100ml-f0.80-p-19.5-diagonal-y28-x+2.9-y+0.5,B,all,100,0.8,-19.5,diagonal,28,2.9,0.5,28,47.4252440598675,54.761678256703064,76.3330187385719,31.950801368259466,False,28.31,28.4,38677,0,2071,0,2610,0,0,0,0.9874999999999466,,,29.23016084209731,22.09527220155119,22.1375049744358,79.46467161971721,59.874954642185315,80.64398365422721,-0.19136895909646623,0,0.008471097806005107,165.65857732474294,21.175103379965027,81.60189816828895,-13.53161811435863,23.35433897522717,12.170394960759404,,0.20003199039587433,21.105367005229215,2.561320938754782e-06,-0.0015426163382239217,False,False,False,False,False,False,False,False,table,False,,
B-60ml-f0.80-p+14.8-above-y330-x-3.3-y+3.6,B,all,60,0.8,14.8,above,330,-3.3,3.6,25,40.0,47.15702017537638,45.37037037037036,39.65702017537638,False,73.79,28.4,46066,3646,0,0,0,0,0,40426,,,,102.44486053041398,90.46485703287313,9.567737373360842,48.36839385690823,44.1,101.11838501047096,-0.19675518881270837,3646,0.0053470406932098645,124.1144931999441,31.653325526719517,54.67979034064849,8.389952243990445,42.81973200084363,-0.5867212006879889,,0.030060300607481456,56.63797264089449,90.00010418490768,19.998862409133945,True,True,False,False,False,False,False,False,lift,False,,
B-60ml-f0.25-p+12.2-diagonal-y330-x-4.9-y+4.1,B,all,60,0.25,12.2,diagonal,330,-4.9,4.1,25,40.0,14.736568804805119,14.178240740740737,7.236568804805119,False,76.32,28.4,57711,3523,0,0,0,0,0,40611,,,,119.72995602088425,94.87592140358481,6.756602111479326,46.28798170893514,44.1,100.88916671097844,-0.20041488993199907,3523,0.00204443247676783,125.95737542780577,41.25403663256029,30.062825029518393,17.29703527932029,46.58775182801068,29.487113781683586,,0.06283972807067316,160.5747501364574,90.00032504940528,20.12470043029124,True,True,False,False,False,False,False,False,lift,False,,
B-100ml-f0.80-p+16.7-diagonal-y129-x+4.1-y-3.0,B,all,100,0.8,16.7,diagonal,129,4.1,-3.0,28,47.4252440598675,54.761678256703064,76.3330187385719,31.950801368259466,False,30.67,28.4,53689,78708,0,0,0,0,0,0,,9.306999999999883,19.60049999999967,8.939087310332642,7.485547228871459,6.765403325668995,58.86569821044886,59.874954642185315,100.54999363399315,4.318744144604258,78708,82.31662688906941,1.3202505597285237,4.026382953271234,45.77906094062337,10.841126225983878,12.06599924056755,16.872062384419372,-0.11488585879477384,0.21312387078987274,13.594072771042773,0.4953514590704755,0.17965679736710408,True,True,False,True,True,True,True,False,lift,False,0.07347797282433494,
B-100ml-f0.25-p-0.5-diagonal-y121-x-3.7-y-5.8,B,all,100,0.25,-0.5,diagonal,121,-3.7,-5.8,28,47.4252440598675,17.11302445521971,23.854068355803715,-5.697852433223887,False,61.3,28.4,59529,3632,7651,0,0,0,0,35975,,,,44.26925024117018,37.83840488808966,12.948382090341982,57.21203902784043,59.874954642185315,99.84526951597684,-0.1943417390951191,3632,0.005337705564231297,128.73633170149466,29.293027513525814,73.3680741807479,-37.219795497516586,27.10997411510054,48.09062562361054,,0.19202228356302217,57.42732674274088,7.013305915462416,2.6281097039176866,True,True,False,False,False,False,False,False,lift,False,,
B-60ml-f0.50-p+3.3-above-y182-x-2.6-y+3.1,B,all,60,0.5,3.3,above,182,-2.6,3.1,25,40.0,29.473137609610237,28.356481481481474,21.973137609610234,False,82.8,28.4,51653,1106,0,0,0,0,0,66611,,,,34.48807265015707,33.745464399973116,9.568065096343489,43.246881117144596,44.1,95.09556027933782,-0.20188561174588893,1106,0.0021792417426937335,120.64716509909118,34.50108292249222,36.53217458102203,1.1782717351597471,25.99221215639832,25.000704228942894,,0.2000807483408674,31.08924297561799,0.30940770261597483,0.0888081663155215,True,True,False,False,False,False,False,False,lift,False,,
B-100ml-f0.80-p-11.9-above-y284-x-4.1-y-4.1,B,all,100,0.8,-11.9,above,284,-4.1,-4.1,28,47.4252440598675,54.761678256703064,76.3330187385719,31.950801368259466,False,41.77,28.4,50649,3443,4690,0,1522,0,0,31714,1.3624999999999055,,,37.70596561186069,34.38040078516096,11.016138400323578,63.635002058487004,59.874954642185315,89.676627353628,-0.19126373086247872,3443,0.00618898796849679,129.32490028850543,24.396395816751202,81.7298865025639,-21.486691356456394,19.845364829877234,13.698773270412353,,0.19999244867013152,35.17449174741797,0.6504472000451325,0.23498908845731994,False,True,False,False,False,False,False,False,table,False,,
B-100ml-f0.50-p-15.3-side-y240-x-5.8-y+2.2,B,all,100,0.5,-15.3,side,240,-5.8,2.2,28,47.4252440598675,34.22604891043942,47.70813671160743,11.415172021995819,False,43.88,28.4,50640,1804,80,0,3833,0,0,38,0.0025,,,48.156360454144675,42.75115308139402,21.24830261269857,71.49390876829248,59.874954642185315,87.98599946694773,1.3249768850936565,1804,0.009176992571456082,145.78460320950495,10.775249120056406,45.830950177354666,-4.243724608800306,21.059553195547423,33.713839037460666,,0.20029001426866913,23.8046163700453,0.5387107232341005,0.19607115979191783,False,False,False,False,False,False,False,False,table,False,,
B-100ml-f0.80-p+2.7-side-y11-x+4.5-y+0.8,B,all,100,0.8,2.7,side,11,4.5,0.8,28,47.4252440598675,54.761678256703064,76.3330187385719,31.950801368259466,False,27.16,28.4,51123,80212,0,0,0,0,0,0,,8.095499999998403,19.60049999999967,3.858978183044808,3.6522041210312888,9.391938061200062,59.60683226482721,59.874954642185315,99.43101063241272,6.4477719570184275,80212,82.5861125383387,1.8827187658000375,4.732405687999849,47.36329707087964,10.541397774438078,2.2653130552591736,20.628596690196268,3.0534987994434135,3.0663908364690364,1.5673268181225084,0.2297321433582176,0.07712948067242328,True,True,False,True,True,True,False,True,lift,False,0.06843778781995417,
B-50ml-f0.50-p-14.7-diagonal-y294-x+1.7-y-4.6,B,all,50,0.5,-14.7,diagonal,294,1.7,-4.6,25,37.64144115524114,27.968458153677254,23.53988430458219,25.922625482182106,False,14.25,28.4,1329,0,0,0,2954,0,0,0,0.8349999999999634,,,71.54018882056094,0.003504459404981072,32.17770193504756,64.31272951036946,38.498422743697716,19.029223762442648,0.058888548391172746,0,0.004101377661605788,353.09008959654363,171.8893256330581,1.1872536223692174,-102.294679732583,90.00015268217743,6329904.938710357,,0.004107108601714506,139.0069242510911,90.0001526599278,18.81958361788841,False,False,False,False,False,False,False,False,table,False,,
B-50ml-f0.50-p-5.7-diagonal-y169-x+4.8-y+0.8,B,all,50,0.5,-5.7,diagonal,169,4.8,0.8,25,37.64144115524114,27.968458153677254,23.53988430458219,25.922625482182106,False,58.09,28.4,43982,794,5139,0,2195,0,0,0,1.184999999999925,,,21.242094943521987,27.125783510701094,11.799770637344668,48.6080405603887,38.498422743697716,89.35040449652587,-0.197373731125966,794,0.006339239402882434,149.98773223397035,17.35075467315638,62.97632957300879,-28.923886800854962,16.103725887434656,25.66508708033625,,0.20010720651915737,15.752009897917487,0.3528009950146478,0.09534928977397283,False,False,False,False,False,False,False,False,table,False,,
B-100ml-f0.80-p+7.2-above-y45-x-3.7-y+4.0,B,all,100,0.8,7.2,above,45,-3.7,4.0,28,47.4252440598675,54.761678256703064,76.3330187385719,31.950801368259466,False,66.76,28.4,65904,4914,8720,0,0,0,0,33512,,7.228999999998713,,59.84173878035451,52.67869625585211,16.72030799820627,58.48536242162717,59.874954642185315,101.48799725416269,10.205601601287222,4914,0.6431150331794282,126.79692643564738,8.284804338598121,97.867340907355,-27.036952462773435,38.46230400928171,4.3519041117611,,19.165454665597505,121.31250907401532,89.43217512907849,24.03908981642616,True,True,False,True,False,False,False,False,lift,False,0.023913433576179078,
B-60ml-f0.25-p+12.4-side-y68-x+6.0-y+1.6,B,all,60,0.25,12.4,side,68,6.0,1.6,25,40.0,14.736568804805119,14.178240740740737,7.236568804805119,False,29.17,28.4,51489,74185,0,0,0,0,0,0,,8.639999999999068,19.60049999999967,1.678215118916523,2.7048553218214155,8.871041878219465,43.8981160401439,44.1,99.33852606297899,5.1050823816404804,74185,75.50875522922621,0.7771832091881149,12.075555666341737,7.916740578404883,8.492350360176745,3.8310643050671573,47.30806996762189,4.244464764531195,4.2458586007439845,2.5630390268898915,0.3200525927648592,0.08881082360234101,True,True,True,True,True,False,False,True,reach_liquid,False,0.2976388631988238,
B-60ml-f0.80-p+4.2-above-y318-x-0.1-y-2.3,B,all,60,0.8,4.2,above,318,-0.1,-2.3,25,40.0,47.15702017537638,45.37037037037036,39.65702017537638,False,33.47,28.4,106088,75367,0,0,0,0,0,0,,8.587999999999004,19.60049999999967,5.3741428565222105,7.865553535693507,9.567744293606337,43.73729513998866,44.1,99.54429459951821,5.605471478473955,75367,85.12764337914047,0.5407738760228502,0.4645910303212948,39.49318298499032,10.136244584079023,2.350784784854194,15.354044322250942,-0.12512066224476653,0.35392584580014436,3.0916664576451613,0.22280689462025702,0.0607440173247619,True,True,False,True,True,True,True,True,lift,False,0.03545049682161372,
B-60ml-f0.25-p-17.6-side-y14-x-4.8-y+5.9,B,all,60,0.25,-17.6,side,14,-4.8,5.9,25,40.0,14.736568804805119,14.178240740740737,7.236568804805119,False,62.78,28.4,72521,0,3140,0,4053,4,0,0,0.0025,,,36.476719053439766,27.191798563354265,71.31693539152134,74.88786031589336,44.1,63.72483175509601,-0.20004654001760935,0,0.0024138376699239573,173.82042307229432,17.420424519470934,67.19895801859492,-44.177394632309394,14.17275765983305,43.96783630193498,,0.20008641294236168,42.522069604630815,0.5590009727217299,0.16920338899842333,False,False,False,False,False,False,False,False,table,False,,
B-50ml-f0.80-p-14.8-above-y145-x+2.1-y-2.2,B,all,50,0.8,-14.8,above,145,2.1,-2.2,25,37.64144115524114,44.7495330458836,37.6638148873315,42.703700374388454,False,25.76,28.4,3237,0,0,0,1610,0,0,17637,0.9874999999999466,,,6.072798598962532,27.986468141789747,58.02937594390089,69.65562100511579,38.498422743697716,3.0397510325832,-0.18729786184731867,0,0.005423406392085531,198.36525817121236,27.73176517282372,130.60982619332222,-87.36751246978174,16.324392671686734,8.813554301009427,,1.1007637108067008,80.55856706424386,90.00042446154832,19.10390069799104,False,False,False,False,False,False,False,False,table,False,,
B-100ml-f0.80-p-18.1-side-y23-x+2.4-y-0.6,B,all,100,0.8,-18.1,side,23,2.4,-0.6,28,47.4252440598675,54.761678256703064,76.3330187385719,31.950801368259466,False,35.63,28.4,75733,0,3650,0,4095,0,0,0,0.0025,,,22.716159865047164,17.172894019348195,27.13080058367245,77.00143503425774,59.874954642185315,82.93621428116634,-0.19982695686593388,0,0.004813152485725623,161.00491845106387,19.59042241459635,80.68720553049074,-15.38477432632132,18.894244545235573,14.100997891458421,,0.19997789740853117,33.404513990757664,0.3796169924685805,0.13460101350095333,False,False,False,False,False,False,False,False,table,False,,
B-100ml-f0.50-p+4.8-side-y25-x-5.1-y-2.4,B,all,100,0.5,4.8,side,25,-5.1,-2.4,28,47.4252440598675,34.22604891043942,47.70813671160743,11.415172021995819,False,65.27,28.4,55434,3972,7340,0,0,0,0,38028,,,,44.42603644111893,41.15295814815542,10.865327573860897,58.20315981042446,59.874954642185315,101.20231914769842,-0.19157981006001634,3972,0.004786487368669872,128.79416051170702,23.766979531975295,81.78145910509028,-29.559073396933837,31.042312816235146,29.038541820193824,,0.2704559049746969,24.12089512490283,89.99982458892181,23.724037060071904,True,True,False,False,False,False,False,False,lift,False,,
B-100ml-f0.80-p-14.7-side-y140-x-1.0-y+1.8,B,all,100,0.8,-14.7,side,140,-1.0,1.8,28,47.4252440598675,54.761678256703064,76.3330187385719,31.950801368259466,False,50.88,28.4,45713,1504,48,0,3772,0,0,0,0.0025,,,36.33791949777574,33.10423978898705,17.823099271305995,70.26986048180346,59.874954642185315,89.02892100624271,-0.19445816594455823,1504,0.005247634495958769,155.04835707247202,5.587262868901089,57.08203461775634,-0.20593763931114895,8.900715798633565,18.104498776329496,,1.7473123715905508,12.891160143895169,89.9996585632679,23.71130843594963,False,False,False,False,False,False,False,False,table,False,,
B-50ml-f0.25-p+8.7-above-y353-x+2.1-y+1.3,B,all,50,0.25,8.7,above,353,2.1,1.3,25,37.64144115524114,13.984229076838627,11.769942152291096,11.93839640534348,False,30.22,28.4,97749,63725,0,0,0,0,0,0,,8.612499999999034,,9.208730211427422,13.299902705289945,9.567740618654508,38.22572212995068,38.498422743697716,99.51515938832773,5.336829178106295,63725,81.84464676753642,0.5448723545720006,4.971655586834957,6.133832948114323,9.850199578613717,3.8087817159248982,43.39621034260292,,2669.548404850048,6.935630726033384,0.689189795729027,0.16742386802446252,True,True,False,True,True,True,False,True,lift,False,0.08521098209210182,
B-50ml-f0.50-p+14.0-above-y15-x+2.2-y+0.7,B,all,50,0.5,14.0,above,15,2.2,0.7,25,37.64144115524114,27.968458153677254,23.53988430458219,25.922625482182106,False,28.41,28.4,58059,78560,0,0,0,0,0,0,,8.6659999999991,19.60049999999967,5.71620863958658,9.90441587494857,9.567737870310268,38.50304387823445,38.498422743697716,99.15652947797557,5.262764848174811,78560,80.47858393466258,0.41128251200886085,5.210019169378835,20.127443969319785,9.26573628516833,8.892424289195041,27.895785748945265,1.2382927330254756,1.242678270820641,5.509212672718976,1.8154751593423757,0.5262061731161888,True,True,False,True,True,True,False,True,lift,False,0.11040995926912946,
B-60ml-f0.80-p+16.4-above-y305-x+5.5-y+1.3,B,all,60,0.8,16.4,above,305,5.5,1.3,25,40.0,47.15702017537638,45.37037037037036,39.65702017537638,False,28.22,28.4,48400,62675,0,0,0,0,0,0,,9.292999999999866,,12.655979557231818,18.03317325159196,9.567736648805294,44.05533126320919,44.1,99.16297639770337,4.096385743471015,62675,71.78746208641991,0.726555831091133,7.568242745421238,39.21830030382622,9.567068943747842,6.156553374307416,14.15136317204446,,15.083005574733038,11.418771585437494,11.921532983209033,3.713823830813308,True,True,False,True,True,True,False,False,lift,False,0.27120909989297387,
B-50ml-f0.25-p+4.3-above-y315-x-2.6-y+5.7,B,all,50,0.25,4.3,above,315,-2.6,5.7,25,37.64144115524114,13.984229076838627,11.769942152291096,11.93839640534348,False,41.75,28.4,1509,0,0,0,0,0,0,70237,,,,11.86065929153453,1.1290109846704197,31.428585249816315,37.762658805967185,38.498422743697716,47.93046625765885,-0.2001460403557448,0,0.00545875215666983,156.14898425127976,31.089172347726844,58.59370304596853,-41.709159536364446,0.9996705650063051,44.224838117590934,,0.20011454293111203,32.201889923032915,0.6005089961768022,0.17040968168027615,True,True,False,False,False,False,False,False,lift,False,,
B-50ml-f0.80-p-12.3-side-y58-x-3.3-y-0.6,B,all,50,0.8,-12.3,side,58,-3.3,-0.6,25,37.64144115524114,44.7495330458836,37.6638148873315,42.703700374388454,False,61.93,28.4,58810,0,2734,0,3993,0,0,0,0.0025,,,5.797309631267945,5.761797765436175,41.399270825767054,62.47543227176408,38.498422743697716,76.0202988006182,-0.2002460168456649,0,0.0062269673655643175,160.351964039104,17.519508585933078,63.665097270872536,-15.382303328503156,3.790951371757027,12.636178787392778,,0.20013605262098805,21.565983394639904,1.2074182697257333e-06,-0.001550574891478798,False,False,False,False,False,False,False,False,table,False,,
B-60ml-f0.80-p+0.8-side-y331-x+3.5-y+2.6,B,all,60,0.8,0.8,side,331,3.5,2.6,25,40.0,47.15702017537638,45.37037037037036,39.65702017537638,False,27.4,28.4,66803,78622,0,0,0,0,0,0,,8.175999999998501,19.60049999999967,2.4708534611569135,3.9259267157587705,8.368120019892247,43.74455393526878,44.1,99.7197754011078,6.291359803026128,78622,82.7008284660576,1.4212741545169079,3.3856481923613373,39.36686257448839,10.489142880764774,3.7412235935686997,14.9159665003032,-0.05511303288273688,0.10883454016318797,3.31009981014903,0.5319846769234445,0.1538975343181027,True,True,True,True,True,True,True,True,,True,0.08729114576382327,
B-60ml-f0.25-p-5.7-above-y296-x+4.2-y-5.7,B,all,60,0.25,-5.7,above,296,4.2,-5.7,25,40.0,14.736568804805119,14.178240740740737,7.236568804805119,False,31.64,28.4,60409,64806,0,0,2007,0,0,0,1.3549999999999063,8.164999999998487,19.60049999999967,10.209565290797253,11.353303776708055,9.563109009141986,49.06775061558313,44.1,94.46948550472894,6.403247392160499,64806,74.08439820485263,5.435336765369568,8.488571954918653,14.758683471006044,4.147207644439793,11.695872887157124,44.7871625511671,2.4018992549927884,2.419958662752633,13.712311259419888,0.5480082397699635,0.16670347347328196,False,True,False,True,False,True,False,False,table,False,0.22427206090209884,
B-50ml-f0.25-p+19.5-side-y53-x-1.1-y+2.2,B,all,50,0.25,19.5,side,53,-1.1,2.2,25,37.64144115524114,13.984229076838627,11.769942152291096,11.93839640534348,False,20.87,28.4,30845,77992,0,0,0,0,0,74,,8.564499999998976,,106.14528023251249,91.54761966728798,14.726088249804317,38.26579683132222,38.498422743697716,99.45008787488473,5.624797160635298,77992,268.91472980237495,0.2593769475386186,92.607605816931,-1.8519420968124811,-89.58664450081842,90.00014168623267,6821166.011458195,,898.7636454633135,30.81977236744719,90.00027859097081,18.964439742374594,True,True,False,True,True,False,False,False,lift,False,0.07455498530809651,
B-50ml-f0.50-p-16.7-above-y356-x-2.9-y+3.3,B,all,50,0.5,-16.7,above,356,-2.9,3.3,25,37.64144115524114,27.968458153677254,23.53988430458219,25.922625482182106,False,34.11,28.4,17650,0,0,0,1680,0,0,22,0.9399999999999519,,,2.1739452162154516,8.827158893348825,65.06933066447903,74.45156979185869,38.498422743697716,1.426769434357202,-0.2000691786901987,0,0.0028453629574846716,198.08324013972907,9.33340828740738,121.1714887660424,-90.77625737592928,0.6724216558645308,30.336971979239962,,0.2000929346039157,4.06540370850195,0.5091965347603755,0.14250137107767047,False,False,False,False,False,False,False,True,table,False,,
B-100ml-f0.25-p+16.8-diagonal-y203-x+3.7-y+5.9,B,all,100,0.25,16.8,diagonal,203,3.7,5.9,28,47.4252440598675,17.11302445521971,23.854068355803715,-5.697852433223887,False,36.25,28.4,56954,84869,0,0,0,0,0,0,,8.694499999999135,19.60049999999967,13.613259906062826,13.981421736081291,6.765403429217262,58.04513181129917,59.874954642185315,101.4492596735717,6.088495684121092,84869,82.1873736233784,3.849023181944653,8.726915980131569,21.047579682896508,-2.521030117684328,10.339506405389777,55.19605314465845,4.26136969257112,4.269750243204469,8.923164748325076,2.2434492267320345,0.839206168256095,True,True,False,True,True,False,False,True,lift,False,0.07748252535805675,
B-50ml-f0.25-p+12.3-above-y270-x-5.3-y-5.9,B,all,50,0.25,12.3,above,270,-5.3,-5.9,25,37.64144115524114,13.984229076838627,11.769942152291096,11.93839640534348,False,42.64,28.4,33412,673,0,0,0,0,0,60591,,,,12.463168741972845,6.379729207194948,9.568925829833235,41.06610055936713,38.498422743697716,99.87500712770039,-0.1886136364253055,673,0.007266454499673486,122.45894591196034,32.03856742571653,23.31864744355833,-1.3637591650362406,10.050851784129012,41.52946816653549,,0.2001086624358618,38.38987458545836,0.18675866675927108,0.04775885264252909,True,True,False,False,False,False,False,False,lift,False,,
B-50ml-f0.25-p+10.5-side-y127-x-2.5-y-1.7,B,all,50,0.25,10.5,side,127,-2.5,-1.7,25,37.64144115524114,13.984229076838627,11.769942152291096,11.93839640534348,False,98.84,28.4,38622,1319,0,0,0,0,0,101386,,,,100.92053111705268,92.90417418053593,8.761620838380301,40.59415775626382,38.498422743697716,98.49616817325743,-1.313212987497675,1319,1.6249859164648486,119.68978190656654,39.25424390792679,21.990339141151164,10.175066087281138,32.921401486670895,33.597903016082746,,4.014171740671135,137.10593663099527,73.62358890879727,17.133837446846876,True,True,False,False,False,False,False,False,lift,False,,
B-50ml-f0.50-p-12.8-diagonal-y262-x-2.4-y+4.0,B,all,50,0.5,-12.8,diagonal,262,-2.4,4.0,25,37.64144115524114,27.968458153677254,23.53988430458219,25.922625482182106,False,52.67,28.4,56450,0,6015,0,2794,0,0,0,0.902499999999956,,,16.43062141140489,16.367967822446985,27.406093608807538,62.569984808674164,38.498422743697716,75.9234151042444,-0.20015951323171244,0,0.0021677366067794604,163.85540528659314,17.542955534675627,63.23712357982381,-27.52439492879592,14.682399277401876,26.115271447743382,,0.20010031191644673,32.14543117700578,0.34105912020852414,0.08518540179783099,False,False,False,False,False,False,False,False,table,False,,
B-100ml-f0.50-p+7.2-side-y300-x+6.0-y+1.6,B,all,100,0.5,7.2,side,300,6.0,1.6,28,47.4252440598675,34.22604891043942,47.70813671160743,11.415172021995819,False,33.42,28.4,52502,64363,0,0,0,0,0,0,,8.344999999998707,,18.35651807548027,18.06550647019668,8.285893490511551,59.31814928815156,59.874954642185315,99.82766667165177,6.611812236857889,64363,76.99946424453601,2.840012922613045,11.939318557681744,26.81045641953713,10.778555412712471,1.944517274443044,41.28512570720241,,14.172320160387228,7.308181483032078,0.14419304560124624,0.04468096918144397,True,True,False,True,True,False,False,True,lift,False,0.08846057774066174,
B-50ml-f0.50-p+3.5-above-y50-x-2.7-y-1.9,B,all,50,0.5,3.5,above,50,-2.7,-1.9,25,37.64144115524114,27.968458153677254,23.53988430458219,25.922625482182106,False,61.32,28.4,36593,30,0,0,0,0,0,50655,,,,21.041124666318773,0.6493192169382769,9.568046639963432,39.57035645853652,38.498422743697716,95.52627149650593,-0.19803644594809655,30,0.004420223587822976,130.75346311001002,33.013549672845045,47.27431387412121,-14.907963786078394,3.497390946444794,29.504028692375893,,0.20014476986820895,34.0848873161346,5.7905745997743736e-06,-0.0015712761602822301,True,True,False,False,False,False,False,False,lift,False,,
B-100ml-f0.50-p-5.6-diagonal-y47-x-4.6-y+2.8,B,all,100,0.5,-5.6,diagonal,47,-4.6,2.8,28,47.4252440598675,34.22604891043942,47.70813671160743,11.415172021995819,False,57.92,28.4,48626,3076,7061,0,0,0,0,35818,,,,35.08562388233618,33.54686790874794,11.985575872190772,58.061348233547655,59.874954642185315,96.80610551616238,-0.1924584757751202,3076,0.006247154582007987,127.68109808287583,28.76937249585777,72.7619250317806,-27.916179014029748,18.28196778395123,34.89313306980572,,0.19996912338118555,37.79201151355693,1.5451318595853067,0.5748231951682594,True,True,False,False,False,False,False,False,lift,False,,
B-50ml-f0.50-p+14.2-side-y226-x-5.7-y+5.0,B,all,50,0.5,14.2,side,226,-5.7,5.0,25,37.64144115524114,27.968458153677254,23.53988430458219,25.922625482182106,False,80.06,28.4,43025,1615,0,0,0,0,0,68246,,,,105.66727273755846,38.90362697233447,46.130129816852325,40.98725200634633,38.498422743697716,98.97165180518124,-0.5991169035917121,1615,1.2018486396665329,121.73000532403951,36.75079614938609,36.92866791465993,12.83301507105819,43.187183176898124,14.702036676688172,,1.0321205121238701,104.94865539332544,90.00780223027338,18.742262660331775,True,True,False,False,False,False,False,False,lift,False,,
B-60ml-f0.80-p+5.8-side-y230-x-1.5-y+0.5,B,all,60,0.8,5.8,side,230,-1.5,0.5,25,40.0,47.15702017537638,45.37037037037036,39.65702017537638,False,67.45,28.4,37503,315,0,0,0,0,0,50729,,,,16.845993923221876,12.300828170178889,7.329207003933816,43.36611123033055,44.1,92.97364129221552,-0.19994087309667397,315,0.003120805038462951,126.49723518963421,32.28116342043124,61.54006845653089,-8.470327972043446,5.95450797209785,14.215552008653617,,0.20010887356689064,37.55402478363086,0.05725769034563251,0.00866259737424347,True,True,False,False,False,False,False,False,lift,False,,
B-50ml-f0.25-p+4.9-above-y71-x-1.5-y+0.6,B,all,50,0.25,4.9,above,71,-1.5,0.6,25,37.64144115524114,13.984229076838627,11.769942152291096,11.93839640534348,False,50.88,28.4,45758,2627,0,0,0,0,0,64222,,,,97.05037794000387,89.47974470377717,9.567360245017316,38.37307785551576,38.498422743697716,90.99906103933561,0.734855690483649,2627,0.5783201925218524,123.45112745291496,40.994613614784164,27.884433729847853,11.216668931580562,41.661797418003786,29.510590785297182,,0.060648071692574135,86.16238249623605,90.00058400627182,18.981986315368356,True,True,False,False,False,False,False,False,lift,False,,
B-50ml-f0.80-p+4.4-above-y3-x+2.5-y+3.0,B,all,50,0.8,4.4,above,3,2.5,3.0,25,37.64144115524114,44.7495330458836,37.6638148873315,42.703700374388454,False,39.0,28.4,101429,79188,0,0,0,0,0,0,,8.366999999998734,19.60049999999967,0.512455702663561,0.6883443155705719,9.56774418291894,38.22704132060286,38.498422743697716,99.4425095634977,6.099262328472147,79188,82.52976926614296,0.9529366572516973,3.01771908756609,37.10790135985256,9.98916994552329,0.11866714249420193,13.718931592789142,0.6920504658517478,0.7010725550599184,2.986709618469636,1.9090959104164224e-06,-0.0015556852335827326,True,True,True,True,True,True,True,True,,True,0.08105463014352317,
B-60ml-f0.80-p-16.3-diagonal-y13-x-2.8-y-4.2,B,all,60,0.8,-16.3,diagonal,13,-2.8,-4.2,25,40.0,47.15702017537638,45.37037037037036,39.65702017537638,False,70.19,28.4,39935,0,1112,0,2880,0,0,0,0.8624999999999604,,,8.676143548958388,7.704132136554514,30.48960066148545,71.1546756323329,44.1,72.97528371015744,-0.20010406115374135,0,0.005098583296676363,164.124545395373,16.647609001025607,68.52133725921809,-16.673129974308505,7.9171360561483635,13.589786085842027,,0.20007772378065708,20.087290714609797,0.5957794338707004,0.17949814371615547,False,False,False,False,False,False,False,False,table,False,,
B-60ml-f0.50-p+4.3-above-y306-x+3.6-y+1.9,B,all,60,0.5,4.3,above,306,3.6,1.9,25,40.0,29.473137609610237,28.356481481481474,21.973137609610234,False,20.29,28.4,52481,79132,0,0,0,0,0,0,,8.709999999999154,19.795999999999214,2.798616839098334,3.684249795218928,9.567744232517986,43.89466846261456,44.1,99.53908262708721,5.191909837352682,79132,79.66713815875126,0.1460842573461626,6.116069933026289,22.086823565539735,10.051949005172034,1.5881025694416684,33.27781744749489,1.140227245733108,1.175910428532426,2.046562676661832,9.35262170110869e-06,-0.0015686477154429623,True,True,True,True,True,True,False,True,recap,False,0.11025030180360985,
B-100ml-f0.50-p+10.1-above-y43-x-1.2-y-3.5,B,all,100,0.5,10.1,above,43,-1.2,-3.5,28,47.4252440598675,34.22604891043942,47.70813671160743,11.415172021995819,False,61.64,28.4,72419,3264,7740,0,0,0,0,31653,,,,64.4567673570237,45.82841191820715,9.567739835191686,59.07030814669548,59.874954642185315,100.7491915989018,-0.19130596732164218,3264,0.004676017463577811,129.51835032513145,24.155621352820326,81.64621263518482,-25.560284710150842,34.834726377912084,27.010411590183622,,0.2723688129174068,29.048116819991495,89.99976183077167,23.73277550706317,True,True,False,False,False,False,False,False,lift,False,,
B-50ml-f0.25-p+14.7-side-y349-x+0.1-y+4.8,B,all,50,0.25,14.7,side,349,0.1,4.8,25,37.64144115524114,13.984229076838627,11.769942152291096,11.93839640534348,False,32.24,28.4,85012,78572,0,0,0,0,0,359,,8.612499999999034,19.60049999999967,6.210564998002542,12.234275024148369,9.391938829332348,38.35650124626584,38.498422743697716,99.44995304390183,5.596308407389506,78572,84.08419318677795,0.7337874734021173,3.5847063690965855,6.1386921031770445,9.261404670554876,11.68968470039135,41.02916574219091,0.16427116253679566,0.34522632417468363,33.31059904956839,2.148217538031845,0.6271888777305341,True,True,False,True,True,True,True,False,lift,False,0.08220376921857886,
B-50ml-f0.80-p-2.9-above-y104-x+4.8-y-1.0,B,all,50,0.8,-2.9,above,104,4.8,-1.0,25,37.64144115524114,44.7495330458836,37.6638148873315,42.703700374388454,False,25.93,28.4,54152,70924,0,0,1927,0,0,0,1.3899999999999024,8.29749999999865,25.04099999998699,11.594890338576155,14.75556739362138,9.564958517137145,43.558379284877,38.498422743697716,94.21436974315452,6.046584469059272,70924,72.54004174838846,4.63694122021872,5.2496958853153695,42.71853154724989,5.238346575922676,10.126897554338555,10.74106754534148,5.307940007185177,5.255464698622907,8.212557896393497,5.72728773124927e-06,-0.0015564132879169429,False,False,False,True,True,True,False,True,table,False,0.1645701089889179,
B-60ml-f0.50-p-15.7-diagonal-y327-x-0.3-y+4.1,B,all,60,0.5,-15.7,diagonal,327,-0.3,4.1,25,40.0,29.473137609610237,28.356481481481474,21.973137609610234,False,77.09,28.4,74459,0,3796,0,2836,0,0,0,0.8824999999999582,,,16.909378735426973,15.03780183176493,28.99147824620314,70.32009034556772,44.1,75.03136471475852,-0.19917792873001827,0,0.0008639682474915246,163.15657358475994,19.628974742959922,68.07979951781935,-26.326111434615772,21.83025931967981,26.566346678298153,,0.2001085960337861,32.290022429824944,0.12396646875078766,0.029663901021010238,False,False,False,False,False,False,False,False,table,False,,
B-100ml-f0.25-p+3.0-diagonal-y286-x+0.2-y+1.2,B,all,100,0.25,3.0,diagonal,286,0.2,1.2,28,47.4252440598675,17.11302445521971,23.854068355803715,-5.697852433223887,False,39.18,28.4,78486,47730,3748,0,0,0,0,31389,,9.376999999999969,,46.8094783070175,26.104596747731847,6.765413040782466,59.46194249972247,59.874954642185315,99.72317270127634,3.2094725257651446,47730,53.13436224217447,2.9425195488649027,28.923144390973963,38.447706422138744,-16.767259434005062,3.1237167435293296,57.95345584579283,,29.423579665467336,29.289503965543016,0.3440176107049726,0.1176907780649374,True,True,False,True,True,False,False,False,lift,False,0.15063466997445493,
B-50ml-f0.80-p-12.7-diagonal-y205-x-2.0-y-0.1,B,all,50,0.8,-12.7,diagonal,205,-2.0,-0.1,25,37.64144115524114,44.7495330458836,37.6638148873315,42.703700374388454,False,26.96,28.4,61412,0,327,0,2780,0,0,0,0.9049999999999557,,,13.474671666406275,13.268635641325565,27.152603209725132,63.640753112370305,38.498422743697716,74.99775287854455,-0.1911868814406803,0,0.007626122061428829,161.16126538413536,17.959126638812943,63.662811056072094,-14.941856415887939,4.97376003064503,12.285901844728238,,0.20004120031969835,33.24448518993283,2.100403527437176,0.6134931987435119,False,False,False,False,False,False,False,False,table,False,,
B-60ml-f0.50-p-18.6-above-y315-x+1.2-y-4.1,B,all,60,0.5,-18.6,above,315,1.2,-4.1,25,40.0,29.473137609610237,28.356481481481474,21.973137609610234,False,47.79,28.4,8164,0,0,0,1657,0,0,0,0.9549999999999502,,,2.0437689985512812,11.922796025337732,64.01192631253295,79.05682234512587,44.1,0.9150976665311942,-0.19970660160095743,0,0.0053666597896724465,198.42899631954185,16.363317242979907,121.13953268608046,-90.04952976048632,4.503854744749454,32.35901315640694,,0.1994513012300969,8.741505526006469,22.82633079294911,6.978202639112894,False,False,False,False,False,False,False,False,table,False,,
B-60ml-f0.25-p-0.8-diagonal-y179-x-5.5-y-2.0,B,all,60,0.25,-0.8,diagonal,179,-5.5,-2.0,25,40.0,14.736568804805119,14.178240740740737,7.236568804805119,False,81.22,28.4,50191,2052,0,0,0,0,0,105225,,,,29.963141240893503,32.83691679108594,11.64399806568539,42.27026689676396,44.1,85.54905298299407,-0.19816163025793143,2052,0.005729036885815282,121.05688056351525,38.00913509544057,24.603388948028112,1.6978903559842773,30.06452732220097,38.09407961049576,,0.20007613380684539,39.63086463121471,0.7171841578822493,0.21948432318959168,True,True,False,False,False,False,False,False,lift,False,,
B-100ml-f0.25-p-18.5-side-y160-x+3.1-y-0.5,B,all,100,0.25,-18.5,side,160,3.1,-0.5,28,47.4252440598675,17.11302445521971,23.854068355803715,-5.697852433223887,False,15.96,28.4,32567,0,355,0,4109,0,0,0,0.0025,,,207.95528753457995,91.87010471831853,27.78795552216294,77.7111482095163,59.874954642185315,82.25053315451612,-0.19305605074125542,0,0.008141436715862304,163.13844135759507,111.8811305043011,41.90943837394356,-96.11915364013095,51.943845084613905,31.585156803244057,,0.004568873879857716,216.20173783892648,90.00001208479145,23.71144930189093,False,False,False,False,False,False,False,False,table,False,,
B-60ml-f0.80-p+8.7-diagonal-y252-x+3.7-y-1.8,B,all,60,0.8,8.7,diagonal,252,3.7,-1.8,25,40.0,47.15702017537638,45.37037037037036,39.65702017537638,False,29.14,28.4,115481,78834,0,0,0,0,0,0,,8.541999999998948,19.60049999999967,2.721596640953385,3.8600052831609277,6.765407046912607,43.882916507094926,44.1,99.42291342526642,5.556026730021382,78834,80.97098986890497,0.892643847541934,4.379044766188899,39.35956885666446,10.024766469926199,3.3408355332560484,15.042234311259573,2.4885826780716767,2.505021605370185,3.1412932465542815,0.8935136788727108,0.2738004220767709,True,True,True,True,True,True,False,True,recap,False,0.11319131760812084,
B-50ml-f0.80-p-1.3-side-y17-x-0.3-y-4.2,B,all,50,0.8,-1.3,side,17,-0.3,-4.2,25,37.64144115524114,44.7495330458836,37.6638148873315,42.703700374388454,False,30.92,28.4,94916,78700,0,0,2718,0,0,0,0.0025,8.133499999998449,20.009499999998717,3.3459594730508027,4.691373548989912,11.153735064605346,40.118978511138174,38.498422743697716,97.55992686550806,6.314541956056504,78700,84.02001953080388,1.573522499116814,1.934546923370007,39.31517275485161,7.890497233934424,3.4988492001479266,12.722522885653117,0.8623248155679837,0.9379920755556238,6.585162068503055,0.16089869363102335,0.03822584588875872,False,True,False,True,True,True,True,True,table,False,0.07752579859994832,
B-50ml-f0.50-p+11.3-side-y40-x-5.3-y+2.4,B,all,50,0.5,11.3,side,40,-5.3,2.4,25,37.64144115524114,27.968458153677254,23.53988430458219,25.922625482182106,False,27.93,28.4,28564,353,0,0,0,0,0,43536,,27.513999999981227,27.514499999981226,92.93056250140715,81.23668300907657,14.199219000406343,37.18328737565348,38.498422743697716,91.13349997635163,-0.19871185201178476,353,0.005133336530058375,123.48146196033649,34.877455759955225,39.01452879725787,1.9299098460887758,27.679588611023213,21.686765037329533,-0.21384465071557493,0.17801607427857147,38.326155246047726,16.17130945902077,4.693492691054681,True,True,False,False,False,False,True,False,lift,False,-0.001947277024264273,
B-100ml-f0.80-p+17.4-diagonal-y45-x+2.2-y+1.5,B,all,100,0.8,17.4,diagonal,45,2.2,1.5,28,47.4252440598675,54.761678256703064,76.3330187385719,31.950801368259466,False,29.11,28.4,71745,80191,0,0,0,0,0,18,,9.310499999999887,19.60049999999967,13.55557545646745,13.355264780330929,6.765403134323285,59.39769940168058,59.874954642185315,99.618209223785,4.321629522548956,80191,82.225383257687,0.4929604122181978,3.3983929748510806,46.82352260973585,9.806652082681916,13.510010072323773,16.300554174609587,0.1169311531479488,0.31218963675209666,14.533392171398441,2.5115432558601514,0.9400890895421674,True,True,False,True,True,True,True,False,lift,False,0.06284288587715772,
B-50ml-f0.80-p+4.7-diagonal-y117-x+2.4-y+1.8,B,all,50,0.8,4.7,diagonal,117,2.4,1.8,25,37.64144115524114,44.7495330458836,37.6638148873315,42.703700374388454,False,34.79,28.4,103121,79626,0,0,0,0,0,0,,8.69949999999914,20.030499999998668,0.6717821930825241,0.5537652747723085,6.765409050332485,38.22842035323872,38.498422743697716,99.4366355233607,5.20955206655814,79626,83.05215868600611,0.144223207613498,2.2643105482653194,37.073895118826776,9.970723218393484,1.3817193776394774,13.347009876528674,1.152552317101377,1.2007889856517058,2.277251287298523,0.27428187634964135,0.07053715079756531,True,True,True,True,True,True,False,True,recap,False,0.06939118756406118,
B-100ml-f0.80-p+7.9-side-y183-x+5.3-y-4.3,B,all,100,0.8,7.9,side,183,5.3,-4.3,28,47.4252440598675,54.761678256703064,76.3330187385719,31.950801368259466,False,24.49,28.4,67753,76135,0,0,0,0,0,0,,9.278999999999849,19.60049999999967,4.575181124250187,4.531587138479847,9.554613582068571,58.534604834447784,59.874954642185315,100.72709361096422,4.867642572425127,76135,77.50448943952551,1.7106331474367376,8.16970466065869,46.25047018527311,11.527146723709192,0.3675553977353195,21.343288585996373,1.8228641918632273,1.8507347491991402,4.709486134909149,0.040519867525588706,0.005508779055719715,True,True,False,True,True,True,False,True,lift,False,0.08917897778878944,
B-60ml-f0.80-p-8.2-diagonal-y291-x-5.2-y-5.0,B,all,60,0.8,-8.2,diagonal,291,-5.2,-5.0,25,40.0,47.15702017537638,45.37037037037036,39.65702017537638,False,59.85,28.4,60023,1089,2485,0,2230,0,0,0,1.1699999999999267,,,16.962279018077687,19.397839899414024,12.527484161842885,53.594103625519736,44.1,89.9864247301949,-0.201485554647704,1089,0.0036622503616769355,145.10006764870067,12.436357909655088,66.72914370953241,-18.809783757227166,17.46537052433294,10.42956005256265,,0.19871211087523766,6.680955712841956,3.8500585140621464,1.203485419233813,False,False,False,False,False,False,False,True,table,False,,
B-100ml-f0.25-p+18.3-above-y175-x+4.8-y+5.3,B,all,100,0.25,18.3,above,175,4.8,5.3,28,47.4252440598675,17.11302445521971,23.854068355803715,-5.697852433223887,False,27.36,28.4,62085,66651,0,0,0,0,0,0,,8.291999999998643,19.60049999999967,15.941435972205023,18.77513018919156,9.567735652936339,58.81872643735679,59.874954642185315,101.4918859173273,6.588360332586182,66651,79.67976636326655,4.611549278402934,11.800543228416238,21.09772750880524,-3.0305797713420373,9.881971132688417,55.37373002758693,5.030633020364625,5.038958897338026,8.142090864082983,2.0575564487940547,0.7698016583500802,True,True,False,True,True,False,False,True,lift,False,0.09412186206623258,
B-60ml-f0.50-p+10.9-side-y292-x-5.3-y+1.7,B,all,60,0.5,10.9,side,292,-5.3,1.7,25,40.0,29.473137609610237,28.356481481481474,21.973137609610234,False,44.09,28.4,56656,3473,0,0,0,0,0,48390,,,,106.5909079724137,89.9474578991308,9.042664773740487,45.33478254028926,44.1,100.73593960505738,-0.2001250458443793,3473,0.002207709267502821,126.13867049661614,34.96350111028117,40.89512940021447,12.375536141928809,45.52993547384238,15.44077602566973,,0.6975049596546709,140.5318302535595,90.04793689712706,20.291719983243063,True,True,False,False,False,False,False,False,lift,False,,
B-50ml-f0.50-p+12.0-diagonal-y314-x+2.2-y+3.7,B,all,50,0.5,12.0,diagonal,314,2.2,3.7,25,37.64144115524114,27.968458153677254,23.53988430458219,25.922625482182106,False,34.75,28.4,101345,76944,0,0,0,0,0,0,,9.295499999999869,19.60049999999967,7.211752846255038,10.417185984023526,6.765405507846444,37.998044122096566,38.498422743697716,99.7233260789613,3.989617054642652,76944,82.52453590063762,0.6850135727210687,2.8551239429282176,19.769773244314234,9.987901321021342,8.831042443478617,27.914295855176963,-0.015033984248178308,0.3047827064668582,9.081852397709318,7.588506156264597e-06,-0.0015757883805259127,True,True,False,True,True,True,True,True,lift,False,0.0477821342192084,
B-50ml-f0.25-p-8.5-side-y20-x-5.6-y-1.0,B,all,50,0.25,-8.5,side,20,-5.6,-1.0,25,37.64144115524114,13.984229076838627,11.769942152291096,11.93839640534348,False,48.62,28.4,78450,383,4109,0,4067,0,0,0,0.0025,,,44.40838463390306,18.711750515194854,26.61131287943558,54.028338205771306,38.498422743697716,83.98958752364933,-0.20040867392250028,383,0.0070966561321287175,148.8654561785113,15.337996900329925,60.029904178549295,-42.04487811026897,5.449261903095036,42.91005252532545,,0.19950321803471543,44.478106510341085,3.7960859938724836,1.110759007653797,False,False,False,False,False,False,False,False,table,False,,
B-50ml-f0.25-p-11.0-above-y108-x+3.1-y-0.6,B,all,50,0.25,-11.0,above,108,3.1,-0.6,25,37.64144115524114,13.984229076838627,11.769942152291096,11.93839640534348,False,66.33,28.4,155540,0,925,0,2643,0,0,0,1.0899999999999355,,,4.085072243790178,4.174188536707675,23.152458919467847,61.148321310400604,38.498422743697716,76.5679585710588,-0.20009370325634046,0,0.000814420993645553,146.79752562494096,2.329556992884812,29.96498159757957,-13.786959668182137,5.5161806933836255,42.890170108810786,,0.2001254384747547,3.4060929262242117,0.2760182128435928,0.07338630507259616,False,False,False,False,False,False,False,True,table,False,,
B-100ml-f0.80-p+2.9-above-y83-x+3.3-y+4.6,B,all,100,0.8,2.9,above,83,3.3,4.6,28,47.4252440598675,54.761678256703064,76.3330187385719,31.950801368259466,False,35.55,28.4,59321,77852,0,0,0,0,0,0,,8.668999999999103,19.7159999999994,5.957738519621906,5.790005715668406,9.567744983525333,58.45355008081428,59.874954642185315,100.87321202793622,5.784856156692913,77852,81.40034463181144,3.148179087604534,4.959864292872976,45.44732594486872,12.55345345543002,3.4340880410174557,20.18760551053571,4.612755170014588,4.62193912434124,4.783218120256624,5.72728773124927e-06,-0.0015445840379343,True,True,False,True,True,True,False,True,lift,False,0.07322889334023748,
B-60ml-f0.50-p+8.3-side-y47-x+5.6-y-1.7,B,all,60,0.5,8.3,side,47,5.6,-1.7,25,40.0,29.473137609610237,28.356481481481474,21.973137609610234,False,30.78,28.4,84201,76428,0,0,0,0,0,0,,8.785999999999246,19.62649999999961,1.0629711912608604,1.248727151166005,6.99739160100548,43.89486306760826,44.1,99.3870638811541,5.474557552334044,76428,77.01828560144936,0.5796011998559122,8.826856195434301,22.28786077915684,9.598012540675189,0.5634086071398492,33.5998566510776,4.785554812054694,4.797774606887694,1.6310423805946985,9.075738350724584e-06,-0.0015712833322291625,True,True,True,True,True,True,False,True,recap,False,0.17993499523915332,
B-50ml-f0.25-p-11.8-diagonal-y264-x+4.8-y+3.0,B,all,50,0.25,-11.8,diagonal,264,4.8,3.0,25,37.64144115524114,13.984229076838627,11.769942152291096,11.93839640534348,False,39.02,28.4,48309,0,1677,0,2718,0,0,0,0.9374999999999521,,,24.88808640095072,25.03424942072216,24.875115142444617,60.0043206532952,38.498422743697716,78.23948394001563,-0.20011831016479575,0,0.008327220538399483,165.81888418940005,28.96206679337254,37.27581793951279,-8.584994173839593,22.042785236388145,37.689444062717904,,0.20007423902662808,23.645266331430406,0.959816127770193,0.2749143753716029,False,False,False,False,False,False,False,False,table,False,,
B-60ml-f0.80-p-9.9-side-y25-x-1.7-y-5.6,B,all,60,0.8,-9.9,side,25,-1.7,-5.6,25,40.0,47.15702017537638,45.37037037037036,39.65702017537638,False,46.75,28.4,65884,881,2592,0,2824,0,0,0,0.0025,,,61.91622773811963,43.87032330946914,33.964454620847754,57.08801787903082,44.1,87.22449943257214,-0.19728462679680092,881,0.0054224590467638585,147.10720106955281,8.86997715823273,97.63815221557081,-31.133221012737383,40.3666713152266,0.7918245951021811,,0.6532027191928379,10.788173980721728,90.00020784827385,20.082956549752613,False,False,False,False,False,False,False,False,table,False,,
B-100ml-f0.50-p+9.6-above-y213-x-2.4-y-1.7,B,all,100,0.5,9.6,above,213,-2.4,-1.7,28,47.4252440598675,34.22604891043942,47.70813671160743,11.415172021995819,False,29.76,28.4,6996,97,0,0,0,0,0,2590,,,,110.80208835580972,82.71621918813864,9.566740999746415,59.02052948644293,59.874954642185315,101.40469382269173,1.6099177518037049,97,0.4733996064192089,296.6776105687667,106.03410411997541,-73.40664743816014,-104.17325928744826,90.00017820962027,6933073.464524616,,1.6937708776939078,79.14072844173157,90.0001134873201,23.711479655408784,True,True,False,False,False,False,False,False,lift,False,,
B-100ml-f0.50-p+16.9-above-y150-x-4.8-y+3.3,B,all,100,0.5,16.9,above,150,-4.8,3.3,28,47.4252440598675,34.22604891043942,47.70813671160743,11.415172021995819,False,49.9,28.4,49701,1911,6905,0,0,0,0,33904,,,,60.04349662454813,45.79166686150118,9.567736267063989,58.97622070543547,59.874954642185315,103.20187431823864,-0.19225420300571228,1911,0.006702843024925878,128.39593230726817,29.054313157820403,72.68990249086944,-12.342640395707344,36.22250886718783,26.22169365415844,,0.4453188712617934,45.04126188532487,89.99982717405805,23.847231569399195,True,True,False,False,False,False,False,False,lift,False,,
B-60ml-f0.25-p+10.7-side-y63-x+5.5-y-1.9,B,all,60,0.25,10.7,side,63,5.5,-1.9,25,40.0,14.736568804805119,14.178240740740737,7.236568804805119,False,30.29,28.4,46751,74769,0,0,0,0,0,0,,8.488499999998883,26.370499999983892,1.9505607418923678,2.461582747412329,8.524906593185687,43.9475658665206,44.1,99.45066697393136,5.679124855220236,74769,78.41815178127624,1.049687918095872,10.921406057382931,7.947390916975556,8.643466519031056,3.308333211240498,47.47293104406735,5.669000294809757,5.624171794807784,2.3487529623028087,0.11582207348790123,0.02792960162486244,True,True,True,True,True,False,False,True,reach_liquid,False,0.18778948734232692,
B-60ml-f0.25-p-19.6-above-y295-x-5.2-y+4.7,B,all,60,0.25,-19.6,above,295,-5.2,4.7,25,40.0,14.736568804805119,14.178240740740737,7.236568804805119,False,51.69,28.4,8265,0,0,0,1699,0,0,1664,0.929999999999953,,,2.6012765292604807,14.280634031176438,65.57909901295268,80.22679752608646,44.1,1.4548099090033002,-0.19948117927100217,0,0.005175397494420965,193.07595374125034,13.462368030848385,109.69187322030378,-91.90900628481424,3.3178512538524436,47.46993084231444,,0.19945540580278356,3.7947154272323056,8.86021441557935,2.7679046660656135,False,False,False,False,False,False,False,False,table,False,,
B-50ml-f0.50-p+0.3-above-y272-x-2.5-y-1.0,B,all,50,0.5,0.3,above,272,-2.5,-1.0,25,37.64144115524114,27.968458153677254,23.53988430458219,25.922625482182106,False,38.57,28.4,33460,456,0,0,0,0,0,74449,,,,98.16741032817697,91.09322232339663,9.567731573031867,37.14043849937558,38.498422743697716,96.79051346061746,1.0136578072320463,456,0.615365150315481,120.99647473760625,34.987582531878914,36.49500170836917,-2.399173022194265,27.355643251572722,21.80801825104905,,0.28841034729118453,65.9483910774521,90.00015368271796,18.81958418203893,True,True,False,False,False,False,False,False,lift,False,,
B-60ml-f0.50-p-8.1-diagonal-y229-x-3.8-y+5.9,B,all,60,0.5,-8.1,diagonal,229,-3.8,5.9,25,40.0,29.473137609610237,28.356481481481474,21.973137609610234,False,41.22,28.4,55722,1432,6410,0,2223,0,0,0,1.174999999999926,,,24.59203964678838,27.22111791753703,12.113280238387123,52.98277651230408,44.1,90.77674970600243,-0.05844149488297423,1432,0.007858244262228371,143.65836615212262,10.152492559811675,56.369417771395156,-25.69340451862437,9.088554824598074,30.89741725012591,,0.20006370124380454,6.8805087253084425,0.3214688192959227,0.09157568835220861,False,False,False,False,False,False,False,True,table,False,,
B-60ml-f0.50-p+7.6-diagonal-y84-x-4.3-y-0.6,B,all,60,0.5,7.6,diagonal,84,-4.3,-0.6,25,40.0,29.473137609610237,28.356481481481474,21.973137609610234,False,47.87,28.4,51910,3490,0,0,0,0,0,52336,,,,104.98790876878914,90.89745114288363,6.765406894274608,43.476194287632474,44.1,100.288989464373,0.898110784529893,3490,0.5179445061108301,124.15005682736218,35.46356847998512,40.17453172155608,10.027886748769365,42.52855407839885,17.266390969653827,,0.05016411263011395,82.53893345016166,90.0000790812789,20.079476831271503,True,True,False,False,False,False,False,False,lift,False,,
B-100ml-f0.50-p+1.8-above-y153-x+3.0-y-4.9,B,all,100,0.5,1.8,above,153,3.0,-4.9,28,47.4252440598675,34.22604891043942,47.70813671160743,11.415172021995819,False,27.69,28.4,108624,79041,0,0,0,0,0,0,,9.27949999999985,19.60049999999967,7.7235325489285955,7.117187030862122,9.56774551662505,58.27147664023843,59.874954642185315,100.86545080440926,4.856333760677095,79041,80.54760335104623,1.0600906812472157,7.2989760183248915,26.15449841260307,11.507955168528373,3.9128107477451,40.542316739012335,1.7250459218069514,1.7261376485620321,6.49369758255802,0.1253700603413902,0.03743457140315072,True,True,False,True,True,True,False,True,lift,False,0.06311145429876798,
B-100ml-f0.25-p+11.7-side-y247-x-5.6-y+5.0,B,all,100,0.25,11.7,side,247,-5.6,5.0,28,47.4252440598675,17.11302445521971,23.854068355803715,-5.697852433223887,False,56.47,28.4,66026,4586,8559,0,0,0,0,43148,,,,51.32753117101529,44.76626132600049,8.80710764384756,57.62808107753452,59.874954642185315,103.39837676953313,-0.19123879840288183,4586,0.004488247269520767,127.9315224084813,24.14586056789807,81.30863621622348,-36.33454878468634,37.79137200660449,42.40863585034009,,0.498142074832946,41.70984356736406,90.00002566617447,23.998468040511998,True,True,False,False,False,False,False,False,lift,False,,
B-50ml-f0.50-p+5.3-diagonal-y342-x-5.3-y-1.1,B,all,50,0.5,5.3,diagonal,342,-5.3,-1.1,25,37.64144115524114,27.968458153677254,23.53988430458219,25.922625482182106,False,40.66,28.4,44018,1494,0,0,0,0,0,46194,,,,115.37677246371172,94.79662723449083,6.7647928272888995,36.36307567287963,38.498422743697716,100.31757108148147,2.0650413280571547,1494,0.5630213176461131,122.47828777689627,35.95470830085871,38.13160187080925,7.653529204910692,41.22278317147329,15.756367285580243,,0.09599151512742006,99.45100545775541,90.00031396357902,18.82275631552949,True,True,False,False,False,False,False,False,lift,False,,
B-100ml-f0.25-p-20.0-side-y189-x+1.0-y-1.2,B,all,100,0.25,-20.0,side,189,1.0,-1.2,28,47.4252440598675,17.11302445521971,23.854068355803715,-5.697852433223887,False,15.71,28.4,23460,0,501,0,4014,0,0,0,0.0025,,,85.59360303256517,95.96589478575191,29.836412335906733,80.67953937810178,59.874954642185315,80.04576260632565,-0.19330024339681007,0,0.008181263352829225,163.10091740534912,100.01527777680609,-69.31008194665033,-101.20127846005008,90.77356202891688,1656.2327512032991,,0.004912332518770619,82.51770190031769,90.00001208609633,23.71150363229913,False,False,False,False,False,False,False,False,table,False,,
B-60ml-f0.25-p+1.7-side-y101-x+5.8-y-4.6,B,all,60,0.25,1.7,side,101,5.8,-4.6,25,40.0,14.736568804805119,14.178240740740737,7.236568804805119,False,20.88,28.4,19819,77237,665,0,0,0,0,0,,8.866999999999345,,102.99051035853795,93.46948441844722,9.391937147423812,43.386702105140785,44.1,100.05379706488013,4.995250730515877,77237,74.65741990979271,0.8048682331846874,99.21275161681092,1.1626746243435169,-83.55512712016508,65.5367718027566,8.948765794528212,,126.1865468495455,41.35390810365287,90.00004655715172,19.998865772782032,True,True,False,True,True,False,False,False,lift,False,0.2518164976888733,
B-100ml-f0.25-p-5.8-diagonal-y229-x-0.2-y-3.6,B,all,100,0.25,-5.8,diagonal,229,-0.2,-3.6,28,47.4252440598675,17.11302445521971,23.854068355803715,-5.697852433223887,False,35.22,28.4,111978,79800,0,0,0,0,0,0,,8.76449999999922,19.60899999999965,6.595073981545848,6.868764258363632,6.7654143741561406,58.65758318262143,59.874954642185315,100.48216910014587,5.800117802725241,79800,88.09913022125794,2.088862140208485,0.22166025347877338,21.938771087551515,-1.830101498936934,6.616498510481846,56.62893293532386,0.7272642567611524,0.7898004463237767,6.716510767750667,1.6656375277846696,0.6222212809583253,True,True,False,True,True,False,True,True,lift,False,0.060642358982092824,
B-50ml-f0.80-p+3.2-above-y136-x-4.2-y-4.5,B,all,50,0.8,3.2,above,136,-4.2,-4.5,25,37.64144115524114,44.7495330458836,37.6638148873315,42.703700374388454,False,52.78,28.4,39441,17,0,0,0,0,0,55185,,,,15.96582124115703,1.0236624218917802,9.568137721275829,39.28108741601318,38.498422743697716,95.89306971992775,-0.1997222268789317,17,0.00663840989776318,125.67128494265731,33.03687966771529,58.365979464722635,-9.402910621050003,3.1991137097935067,12.811067459301155,,0.200136720248297,31.89338961082526,0.18420444430363603,0.04608232744106063,True,True,False,False,False,False,False,False,lift,False,,
B-50ml-f0.25-p+4.0-side-y28-x-5.1-y-1.0,B,all,50,0.25,4.0,side,28,-5.1,-1.0,25,37.64144115524114,13.984229076838627,11.769942152291096,11.93839640534348,False,50.92,28.4,32528,896,0,0,0,0,0,62945,,8.204999999998536,20.477499999997626,104.04729719119048,92.13292895078136,8.447798836157643,38.54905878872124,38.498422743697716,99.19781134039994,3.2482006213657018,896,0.6302963245291404,122.10845727567434,41.43341756266719,27.6645325766097,10.856544910721688,41.50174904757503,29.594803260342257,1.9561857724134328,1.8716243789555926,73.5642560724037,90.00061496120318,18.825893631034862,True,True,False,True,False,False,False,False,lift,False,1.6058087535034524,
B-50ml-f0.80-p-2.0-side-y3-x-2.4-y+3.2,B,all,50,0.8,-2.0,side,3,-2.4,3.2,25,37.64144115524114,44.7495330458836,37.6638148873315,42.703700374388454,False,42.11,28.4,113271,79251,0,0,2978,0,0,0,0.0025,8.718999999999165,19.60049999999967,2.460562074185517,3.597950013272862,13.24788045993619,41.073183068630506,38.498422743697716,96.73842249049102,5.386872893286918,79251,82.32243051533447,2.759905876895255,1.3838738089994878,39.935182249245834,7.247666621842674,4.1139973614714505,12.540619691092433,0.2559034185249175,0.38787810248337207,7.244107142886342,8.45192788808014e-06,-0.0015558318862780051,False,True,True,True,True,True,True,True,table,False,0.0652730985824438,
B-50ml-f0.80-p-15.8-diagonal-y196-x+2.9-y+4.8,B,all,50,0.8,-15.8,diagonal,196,2.9,4.8,25,37.64144115524114,44.7495330458836,37.6638148873315,42.703700374388454,False,17.7,28.4,1159,0,0,0,3001,0,0,0,0.7974999999999676,,,51.84867118659922,0.004016475559300142,34.905003189856856,70.07344978348888,38.498422743697716,19.112432485055514,0.0676133639848503,0,0.004084711611414243,324.39399382485993,151.88183836638123,-27.644988184051428,-118.20020268708787,90.00021305112348,4536291.2022410035,,0.005005664368769251,103.07578010941064,90.00021303069627,19.112616427843378,False,False,False,False,False,False,False,False,table,False,,
B-50ml-f0.25-p-8.9-diagonal-y218-x-4.2-y+2.4,B,all,50,0.25,-8.9,diagonal,218,-4.2,2.4,25,37.64144115524114,13.984229076838627,11.769942152291096,11.93839640534348,False,55.18,28.4,66189,63,1811,0,1397,0,0,0,1.0474999999999401,,,63.17915148324152,38.89691968597403,29.230390518541164,54.606481868629324,38.498422743697716,84.10203597132781,-0.19999911899420963,63,0.0017614862674686764,149.3992006025418,26.241470641136285,80.20044675496358,-25.98444400576759,45.584756003137755,27.30341248762483,,1.0902403791270487,13.576870888468925,90.00059163395119,18.97943733993332,False,False,False,False,False,False,False,False,table,False,,
B-50ml-f0.50-p+14.9-diagonal-y105-x+4.8-y-4.3,B,all,50,0.5,14.9,diagonal,105,4.8,-4.3,25,37.64144115524114,27.968458153677254,23.53988430458219,25.922625482182106,False,21.64,28.4,55339,62840,0,0,0,0,0,0,,9.276499999999846,,8.728904698871228,11.556413989253803,6.76540419873211,38.27634865788999,38.498422743697716,99.3906838097799,4.394297545585291,62840,74.83870843928162,0.7067439268074188,8.860397483727352,19.88788347092525,9.440312162207878,6.057143210270801,28.745044702014695,,776.5322679635659,8.662736406954416,1.5532990634212591,0.45217812018687537,True,True,False,True,True,True,False,True,lift,False,0.22993579040894788,
B-50ml-f0.80-p+18.0-diagonal-y142-x-1.7-y-4.6,B,all,50,0.8,18.0,diagonal,142,-1.7,-4.6,25,37.64144115524114,44.7495330458836,37.6638148873315,42.703700374388454,False,25.05,28.4,119219,75912,0,0,0,0,0,646,,8.693499999999133,19.60049999999967,9.028633337415984,17.09483462867183,6.765462112645313,37.989507292867685,38.498422743697716,99.75071564649978,5.403995448594906,75912,85.14310249304694,0.741648932917306,0.4762897511912151,36.47674256451968,10.08253402233003,16.000086505412067,8.917049589737301,0.7315851948640054,0.7945828752320341,47.01329124835238,2.857454974595332,0.8330364253949397,True,True,False,True,True,True,True,False,lift,False,0.052275755965090626,
B-60ml-f0.25-p-11.6-above-y160-x+3.5-y-1.3,B,all,60,0.25,-11.6,above,160,3.5,-1.3,25,40.0,14.736568804805119,14.178240740740737,7.236568804805119,False,22.11,28.4,43326,0,398,0,2428,0,0,6815,1.13999999999993,27.454499999981365,27.454999999981364,82.91066984990287,90.47476807322934,20.316659022898612,62.645190426197814,44.1,80.70930117607405,-0.18669847925396887,0,0.008780802616175478,145.7284389555915,62.99724588824261,78.16890479031564,-84.68947904872306,31.57259542488637,37.45162167403523,4.650958262278173,4.6618163265305625,31.617833919241146,90.00035329815954,20.019386272362865,False,False,False,False,False,False,False,False,table,False,-0.0011237487102187288,
B-50ml-f0.25-p-17.2-side-y110-x-1.9-y+0.4,B,all,50,0.25,-17.2,side,110,-1.9,0.4,25,37.64144115524114,13.984229076838627,11.769942152291096,11.93839640534348,False,37.57,28.4,87241,0,5232,0,4132,12,0,0,0.0025,,,13.60111372594424,10.62160022064389,86.63792815397423,74.76537412946836,38.498422743697716,64.16937678024993,-0.1893447170941004,0,0.006787739071002283,169.20204911948008,15.798305538605833,61.4920271042557,-41.52682989830259,10.48505365994355,41.397443436147555,,0.20011565063296705,27.82050461596167,0.17314944223046985,0.04247984765579141,False,False,False,False,False,False,False,False,table,False,,
B-60ml-f0.50-p-4.4-above-y305-x+5.7-y+2.2,B,all,60,0.5,-4.4,above,305,5.7,2.2,25,40.0,29.473137609610237,28.356481481481474,21.973137609610234,False,30.68,28.4,53448,70726,0,0,1836,0,0,0,1.4274999999998983,9.261499999999828,26.9679999999825,11.139941297617451,12.602561828496603,9.566227875914954,47.225870247976495,44.1,96.15865821481016,4.6399789031948,70726,72.57907438428008,4.822566621491047,8.829851852757068,26.52260462976036,7.107884551416033,11.548416345874106,30.098878226184187,4.561920452103501,4.521926691060593,12.09779888784228,2.7817768440271946,0.8688288299908884,False,True,False,True,True,True,False,False,table,False,0.11140733195338945,
B-100ml-f0.50-p-12.4-side-y166-x-2.0-y-4.0,B,all,100,0.5,-12.4,side,166,-2.0,-4.0,28,47.4252440598675,34.22604891043942,47.70813671160743,11.415172021995819,False,27.89,28.4,64204,74276,0,0,3349,0,0,0,0.0025,9.253499999999818,19.60049999999967,30.37481235224376,25.853572683747952,17.458819873676106,65.64952874075301,59.874954642185315,93.7170303899842,5.230797765048798,74276,72.73138025927497,4.016795706028486,11.287656116264483,31.669757653186622,9.08438681260404,20.239675253447462,34.06624638867593,2.4212668898191154,2.4425030605311298,31.502585644592767,4.353408482428142e-06,-0.0015665823699381031,False,False,False,True,True,False,False,False,table,False,0.1209544361123409,
B-60ml-f0.80-p+15.9-side-y53-x+5.2-y-4.2,B,all,60,0.8,15.9,side,53,5.2,-4.2,25,40.0,47.15702017537638,45.37037037037036,39.65702017537638,False,29.75,28.4,78755,76594,0,0,0,0,0,0,,8.496999999998893,19.60049999999967,6.649099248931182,9.219274687021281,7.641126680856682,43.904233945806915,44.1,99.45394238027585,5.284134071773138,76594,77.23032029700573,1.1897241201514153,6.491317428355696,38.9079124662278,9.746012372115809,7.965669922687375,13.574242011685687,4.1599242023574305,4.161508846610923,6.939373168562524,0.3703004920696722,0.10912810936871244,True,True,False,True,True,True,False,True,lift,False,0.22720682577016818,
B-60ml-f0.50-p-2.3-diagonal-y226-x-4.1-y+2.4,B,all,60,0.5,-2.3,diagonal,226,-4.1,2.4,25,40.0,29.473137609610237,28.356481481481474,21.973137609610234,False,37.18,28.4,53374,657,0,0,0,0,0,36499,,,,23.664990266017934,17.67228495314976,6.7654126585461185,43.3960752824773,44.1,94.87758801426523,-0.192905109554678,657,0.008016460284081895,124.76989705254184,32.310190804909425,41.933362206642016,-11.240780035082249,2.2856296225873702,33.058429533481394,,0.20011178930157317,21.885897615095864,0.19969794781966413,0.0535539388312026,True,True,False,False,False,False,False,False,lift,False,,
B-60ml-f0.80-p+16.1-side-y73-x-2.5-y-0.3,B,all,60,0.8,16.1,side,73,-2.5,-0.3,25,40.0,47.15702017537638,45.37037037037036,39.65702017537638,False,71.75,28.4,47686,3157,0,0,0,0,0,64746,,21.622999999994956,21.623499999994955,42.6215387360276,46.00743167990182,9.107647887080315,43.68390777654752,44.1,101.33974514842123,-0.195121001409837,3157,0.006068405160220603,123.68303642691926,32.969347652761904,54.04647512654233,8.299169517200278,41.61033401561312,0.10602542701919349,2.433081421487041,3.9907851920204673,70.88988327616626,89.99796199270818,20.308898570217846,True,True,False,False,False,False,False,False,lift,False,0.6073622484194494,
B-60ml-f0.50-p-3.5-above-y227-x+0.2-y+5.5,B,all,60,0.5,-3.5,above,227,0.2,5.5,25,40.0,29.473137609610237,28.356481481481474,21.973137609610234,False,24.49,28.4,117443,79467,0,0,1683,0,0,0,1.4924999999998911,9.053999999999574,19.871999999999037,3.9030931146128522,4.909695555669073,9.56727872846612,44.425881571585904,44.1,98.37473019767769,4.885368104543527,79467,84.01158198910048,2.165156350071171,1.3849279628617088,23.628660208472862,8.432640694375618,4.933518035169712,32.22311011176918,0.4576848763535422,0.5747847234626984,6.924962109122468,0.26362893364612855,0.07247742736514785,False,True,False,True,True,True,True,True,table,False,0.07061843696053567,
B-60ml-f0.25-p-10.6-above-y314-x-1.6-y+2.9,B,all,60,0.25,-10.6,above,314,-1.6,2.9,25,40.0,14.736568804805119,14.178240740740737,7.236568804805119,False,28.16,28.4,6005,0,0,0,1357,0,0,14227,1.1699999999999267,,,1.1122017261530313,3.9847025912091456,63.747894817721054,58.55391491573066,44.1,0.40394435186762084,-0.20004664876467626,0,0.002732927093011512,196.6356688754922,21.448374298378873,108.42180405761025,-91.14915175251542,0.9507465234139778,48.21471794850965,,0.19789961478329185,4.2409597294547465,9.413973467663924,2.9398136510473605,False,False,False,False,False,False,False,False,table,False,,
B-100ml-f0.25-p-10.7-side-y221-x+2.5-y+0.1,B,all,100,0.25,-10.7,side,221,2.5,0.1,28,47.4252440598675,17.11302445521971,23.854068355803715,-5.697852433223887,False,29.36,28.4,56311,76352,0,0,2976,0,0,0,0.0025,8.681499999999119,19.60049999999967,24.438817680146517,21.65426344311979,10.643596804395376,63.59425267746622,59.874954642185315,95.57596346640808,5.91369904337008,76352,73.05309114016426,3.3989340929219076,11.68448778869556,28.148329187523824,-3.9695741113699308,18.403668445901666,51.95531871385257,7.095015974996103,7.099664298780714,25.967931456760777,0.3132139352634334,0.11192208379528465,False,True,False,True,True,False,False,False,table,False,0.14044616218239844,
B-50ml-f0.50-p-8.0-diagonal-y178-x+4.6-y-3.4,B,all,50,0.5,-8.0,diagonal,178,4.6,-3.4,25,37.64144115524114,27.968458153677254,23.53988430458219,25.922625482182106,False,46.31,28.4,72090,2188,4783,0,2424,0,0,0,1.0824999999999363,,,14.367386851704891,14.976033461484064,16.131353292110454,52.84633540293266,38.498422743697716,86.3182797795345,-0.19829442818038168,2188,0.006635841594801868,153.5780579396967,23.10524770007573,53.289085788310665,-14.835088996109997,17.74407833551669,25.137409359404703,,0.2000192201569425,25.17392115001795,1.1730812734503027,0.3396131687649905,False,False,False,False,False,False,False,False,table,False,,
B-50ml-f0.80-p-9.9-side-y314-x+2.1-y-3.6,B,all,50,0.8,-9.9,side,314,2.1,-3.6,25,37.64144115524114,44.7495330458836,37.6638148873315,42.703700374388454,False,55.14,28.4,40464,0,1324,0,4122,0,0,0,0.0025,,,10.216646442999691,10.95156511773753,22.31291874911627,55.735399824229034,38.498422743697716,82.42700233542325,-0.20050694900231036,0,0.0018092596208720286,159.53241391057932,21.826828612743878,58.90290777848931,-8.681440831971642,8.583701822207088,11.207746218794,,0.20008346299311916,16.964432647844205,0.5394999887795329,0.1502041369608126,False,False,False,False,False,False,False,False,table,False,,
B-50ml-f0.25-p+11.5-diagonal-y80-x+1.3-y+0.7,B,all,50,0.25,11.5,diagonal,80,1.3,0.7,25,37.64144115524114,13.984229076838627,11.769942152291096,11.93839640534348,False,22.46,28.4,69627,78520,0,0,0,0,0,0,,9.25599999999982,19.60049999999967,5.462989875711729,8.935109510594998,6.765405710262199,38.51074586238843,38.498422743697716,99.15834343595562,4.6314243377186814,78520,80.901167890628,0.5696441144055099,5.1536644730389165,6.4585902392111105,9.167794928001808,7.080166877823492,42.42409347271015,-0.038041852310274835,0.24020746431784068,12.08574332130523,1.0373117134557017,0.2955722017688409,True,True,False,True,True,True,True,False,lift,False,0.0800214348028288,
B-100ml-f0.50-p-11.3-side-y250-x-2.2-y+1.8,B,all,100,0.5,-11.3,side,250,-2.2,1.8,28,47.4252440598675,34.22604891043942,47.70813671160743,11.415172021995819,False,52.59,28.4,64709,2431,426,0,3080,0,0,0,0.0025,,,60.921971492531476,60.04456895656096,14.557106144824042,64.15535456350854,59.874954642185315,94.88132067348211,-0.19944270018473764,2431,0.005535692138451416,129.70605918831137,16.70117600153326,43.38198735153602,8.189894589997804,47.839079742712784,18.20272501704918,,0.1986022235228682,31.100723710174687,5.347976511274427,2.0052751232594264,False,True,False,False,False,False,False,False,table,False,,
B-50ml-f0.50-p+15.4-above-y159-x-5.1-y-0.9,B,all,50,0.5,15.4,above,159,-5.1,-0.9,25,37.64144115524114,27.968458153677254,23.53988430458219,25.922625482182106,False,20.03,28.4,5487,155,0,0,0,0,0,5003,,,,98.83774123103568,91.13097960562436,9.567736634770535,37.85213147556951,38.498422743697716,98.25157490364717,0.20858509244553458,155,0.004101377667589152,278.90135470653604,108.45375657746145,-42.41069759635379,-102.35169330107381,90.00015272278037,6328222.075929296,,0.0862351913895837,66.66511166993976,90.00015296489903,18.819635880042938,True,True,False,False,False,False,False,False,lift,False,,
B-50ml-f0.25-p+14.8-side-y68-x-3.6-y+2.1,B,all,50,0.25,14.8,side,68,-3.6,2.1,25,37.64144115524114,13.984229076838627,11.769942152291096,11.93839640534348,False,26.63,28.4,31773,33769,0,0,0,0,0,4988,,9.020999999999534,,105.88631928909282,91.93562732644473,10.111982411430805,38.26204770546796,38.498422743697716,99.4223542696794,5.08062409483076,33769,259.62988340463494,6.352318016736931,94.82191973913186,-6.640846164142305,-88.8146870509816,90.00014189891233,6810942.439152342,,180.3357304855961,73.35480540639978,90.0002783287741,19.11346595988633,True,True,False,True,False,False,False,False,lift,False,0.8183125389285384,
B-60ml-f0.80-p-1.8-side-y92-x+0.3-y-3.7,B,all,60,0.8,-1.8,side,92,0.3,-3.7,25,40.0,47.15702017537638,45.37037037037036,39.65702017537638,False,28.49,28.4,108989,79114,0,0,0,0,0,0,,9.242999999999805,19.60049999999967,5.8701338444995415,8.735102406201841,9.561894278636935,43.359818136563156,44.1,99.94826080105604,4.720488947792992,79114,85.13728498766004,0.33228438304632246,0.8213044868760827,39.298811105243196,10.388997846825038,3.4931119414602385,14.994224688402733,0.18631014899832452,0.3772837699667704,4.643907947923196,0.10697000650388892,0.02431222260971141,True,True,False,True,True,True,True,True,lift,False,0.07180030144398009,
B-60ml-f0.50-p-1.6-above-y31-x-3.1-y+3.9,B,all,60,0.5,-1.6,above,31,-3.1,3.9,25,40.0,29.473137609610237,28.356481481481474,21.973137609610234,False,25.27,28.4,7662,543,0,0,0,0,0,11045,,,,99.66577672245194,77.79351917334597,9.553017304557002,42.86267635577239,44.1,95.45850045438955,0.22754066591669508,543,0.004089593297363206,259.3945682904619,105.63183959539818,-46.09560748504957,-101.88316591003267,90.00004015232702,25685320.47835378,,0.5902618930131232,58.455860777267475,90.00004162526945,19.99884130782289,True,True,False,False,False,False,False,False,lift,False,,
B-60ml-f0.50-p+3.6-above-y201-x-2.4-y+1.6,B,all,60,0.5,3.6,above,201,-2.4,1.6,25,40.0,29.473137609610237,28.356481481481474,21.973137609610234,False,63.33,28.4,43929,2261,0,0,0,0,0,84962,,,,41.17329459384516,43.301621986875254,10.307259740582113,43.6335477897769,44.1,96.33913434137533,2.5625027375163616,2261,0.606175399013509,121.59676465283634,35.27598887006483,40.0386667750373,2.717789885815822,34.25685771695964,21.517945180582693,,0.20010062107174317,41.97790345915855,1.4858717233354042,0.46190045784993844,True,True,False,False,False,False,False,False,lift,False,,
B-50ml-f0.50-p+17.4-above-y3-x-0.1-y-0.7,B,all,50,0.5,17.4,above,3,-0.1,-0.7,25,37.64144115524114,27.968458153677254,23.53988430458219,25.922625482182106,False,29.87,28.4,117887,77000,0,0,0,0,0,453,,9.26399999999983,19.60049999999967,9.02523038748675,15.477385144791137,9.568683413931668,38.49642087051156,38.498422743697716,99.18147229856416,4.514277250196291,77000,83.34252330688398,0.8779496422951153,1.9965427447440234,20.458146394697,9.01867990054013,14.892648399451433,26.049060667225795,0.1405400533830374,0.3280693906587047,40.76348932328237,0.34735575296405286,0.09395750966822872,True,True,False,True,True,True,True,False,lift,False,0.04116831662489892,
B-60ml-f0.50-p+19.8-above-y201-x-2.6-y+0.5,B,all,60,0.5,19.8,above,201,-2.6,0.5,25,40.0,29.473137609610237,28.356481481481474,21.973137609610234,False,26.83,28.4,101483,75477,0,0,0,0,0,597,,8.759999999999215,19.60049999999967,13.50286046253322,20.0557025059852,9.568737624339796,43.97464045099989,44.1,99.27760545990755,5.452298466977284,75477,85.64303487934856,0.6421784090726546,0.35637507537830754,22.658458339465774,8.918033747218029,19.07804518074402,27.55152688415456,1.6960302230607986,1.729817044710793,38.16611092701118,3.1945284701302396e-05,-0.0015696605914152474,True,True,False,True,True,True,False,False,lift,False,0.024686369151168716,
B-100ml-f0.50-p-7.5-side-y92-x-1.9-y+2.5,B,all,100,0.5,-7.5,side,92,-1.9,2.5,28,47.4252440598675,34.22604891043942,47.70813671160743,11.415172021995819,False,38.57,28.4,58601,23087,5238,0,0,0,0,24091,,7.039499999998818,,18.491481339920654,19.522814973860736,9.561892710019352,59.13125647433205,59.874954642185315,96.71714399740577,15.11805173984615,23087,101.8018807234345,11.880881705005654,9.98349396417561,113.62939438330164,-74.77912040396978,7.8635740080548455,39.03895843767341,,14.87028304125136,21.531132598189732,0.03661712373408555,0.004186055919308943,True,True,False,True,False,False,False,False,lift,False,0.2548670684504643,
B-50ml-f0.25-p-17.3-side-y102-x-4.4-y+0.3,B,all,50,0.25,-17.3,side,102,-4.4,0.3,25,37.64144115524114,13.984229076838627,11.769942152291096,11.93839640534348,False,76.83,28.4,124203,0,6418,0,4142,12,0,0,0.0025,,,14.780728083747555,10.67152582987857,86.58462660654563,75.00793935433515,38.498422743697716,63.78563775502048,-0.20005509720784354,0,0.0010563072044583227,167.42815480589468,15.011163979946938,62.09759344147977,-42.26790280897151,10.48060002945215,41.39879947426835,,0.20012212095972534,28.58684915803439,0.1076643704476989,0.023157307277542973,False,False,False,False,False,False,False,False,table,False,,
B-60ml-f0.50-p-18.3-above-y59-x-6.0-y+1.9,B,all,60,0.5,-18.3,above,59,-6.0,1.9,25,40.0,29.473137609610237,28.356481481481474,21.973137609610234,False,46.21,28.4,38769,0,0,0,2953,0,0,76562,0.9624999999999494,,,0.9991085125214962,0.9141297811487976,35.399221734357695,67.17012258192223,44.1,69.49637647770619,-0.19999716018956337,0,0.00454780953627917,127.96703117129066,32.01988756424839,44.724446098441916,-23.087455860162656,20.343229897415025,27.103016465843762,,0.2000769782264351,1.9889497983376427,4.408152727972958,1.3790320497354918,False,False,False,False,False,False,False,True,table,False,,
B-50ml-f0.50-p-12.3-diagonal-y37-x+4.6-y+3.5,B,all,50,0.5,-12.3,diagonal,37,4.6,3.5,25,37.64144115524114,27.968458153677254,23.53988430458219,25.922625482182106,False,48.06,28.4,38385,0,1736,0,2749,0,0,0,0.9199999999999541,,,10.439949793324427,10.487688822401983,26.141670502616144,61.101155527289386,38.498422743697716,76.86794553370154,-0.19140031109977917,0,0.007708073681695309,167.92555178910442,23.32165124577685,45.25259495379828,-12.567723968251162,6.479036360652031,28.619340220579282,,0.20061171412428377,18.408191796968907,2.3806753057290932,0.6934218505550686,False,False,False,False,False,False,False,False,table,False,,
B-100ml-f0.80-p+17.4-diagonal-y164-x-2.9-y-0.3,B,all,100,0.8,17.4,diagonal,164,-2.9,-0.3,28,47.4252440598675,54.761678256703064,76.3330187385719,31.950801368259466,False,59.06,28.4,61887,2516,2977,0,0,0,0,18213,,,,63.866647820915084,44.174620678593485,7.693125284077711,59.68657192727327,59.874954642185315,101.2626515088857,-0.1952864976248886,2516,0.0074704866900049665,128.8580618660721,24.22951898981761,81.7444943624267,-5.573336539263229,39.50559309234144,3.7020032510840726,,0.46432439029959366,52.31382629356783,89.99995598348056,23.924353273966112,True,True,False,False,False,False,False,False,lift,False,,
B-60ml-f0.25-p-15.1-diagonal-y98-x+5.7-y+0.8,B,all,60,0.25,-15.1,diagonal,98,5.7,0.8,25,40.0,14.736568804805119,14.178240740740737,7.236568804805119,False,36.75,28.4,48668,0,1902,0,2789,0,0,0,0.902499999999956,,,29.97159074990104,26.23247787253925,27.511663719787922,69.43125905477851,44.1,75.78046789546345,-0.19348278908040695,0,0.007262470800044873,167.97427275654195,31.8583476920061,44.434174007107195,-7.582334810847691,30.06058760798176,38.09573195862473,,0.20007781187194817,24.924014842334532,0.3717837369047229,0.11003214969314791,False,False,False,False,False,False,False,False,table,False,,
B-50ml-f0.25-p+15.1-above-y351-x+0.1-y-5.1,B,all,50,0.25,15.1,above,351,0.1,-5.1,25,37.64144115524114,13.984229076838627,11.769942152291096,11.93839640534348,False,27.87,28.4,111280,77623,0,0,0,0,0,462,,8.643499999999072,19.60049999999967,9.506037800656246,14.206799310225376,9.56780416190501,38.34994052070795,38.498422743697716,99.33416690580582,5.348955901468791,77623,85.00765609029638,0.05723050191406497,1.4422030236767074,6.407312783415046,9.32748564158968,13.364909385232348,40.51158801614978,0.12438419228234525,0.37035272513430173,35.25075522701338,0.7579392859465435,0.21361975052140475,True,True,False,True,True,True,True,False,lift,False,0.06909481917282598,
B-60ml-f0.25-p-19.3-diagonal-y282-x-4.8-y+2.8,B,all,60,0.25,-19.3,diagonal,282,-4.8,2.8,25,40.0,14.736568804805119,14.178240740740737,7.236568804805119,False,54.26,28.4,114296,0,6662,0,3096,0,0,0,0.7599999999999717,,,26.47907914164906,17.095960529009616,37.71656351050892,79.1454470126732,44.1,65.16907845873979,-0.2003310659240004,0,0.002599954271270702,166.27776691154742,15.72028724518941,64.99920632742622,-42.23563642435424,14.647276215285723,43.80891898614922,,0.2000941481394456,28.23215372350014,0.30863261917867907,0.0892527107046713,False,False,False,False,False,False,False,False,table,False,,
B-50ml-f0.25-p-8.6-diagonal-y359-x-5.9-y+0.4,B,all,50,0.25,-8.6,diagonal,359,-5.9,0.4,25,37.64144115524114,13.984229076838627,11.769942152291096,11.93839640534348,False,53.06,28.4,64239,344,2858,0,2467,0,0,0,1.0599999999999388,,,74.98501204149063,51.08033327528467,17.401957546280617,54.44959076685658,38.498422743697716,83.66965875701443,-0.20075969683988615,344,0.003909346764867628,147.68134327898005,25.356045872495006,84.27468446785991,-20.429085501126266,53.19483554915738,21.975631607258368,,0.2093285371099432,64.62685100962341,90.0005806592707,18.846131434740617,False,False,False,False,False,False,False,False,table,False,,
B-50ml-f0.25-p+0.7-diagonal-y118-x-1.5-y-0.2,B,all,50,0.25,0.7,diagonal,118,-1.5,-0.2,25,37.64144115524114,13.984229076838627,11.769942152291096,11.93839640534348,False,44.04,28.4,34857,39,0,0,0,0,0,58323,,,,15.65477554830505,1.1142920358944504,6.765406855274249,38.65859438694902,38.498422743697716,93.74770748738602,-0.1979133223339452,39,0.0081674433086872,125.78001489691293,32.804795500160886,27.592310494178403,-11.133375755783284,0.25670037072746893,44.44359808937175,,0.2000943163398677,32.42169878967539,5.533085616490783e-06,-0.0015521046190466053,True,True,False,False,False,False,False,False,lift,False,,
B-50ml-f0.50-p-5.9-diagonal-y48-x-0.0-y+5.0,B,all,50,0.5,-5.9,diagonal,48,-0.0,5.0,25,37.64144115524114,27.968458153677254,23.53988430458219,25.922625482182106,False,39.61,28.4,69028,624,6252,0,1640,0,0,16,1.174999999999926,,,72.10040803656844,65.70764108333175,33.307203719068035,47.866102111609635,38.498422743697716,90.53046459090994,-0.19491689866112105,624,0.008488651810238633,146.04736117356816,6.863624599223906,87.28089578259588,-14.452680106249144,68.54970956216573,-12.395886260098846,,0.9147042039268947,35.39785284901124,90.00030801139559,18.93631571833502,False,False,False,False,False,False,False,False,table,False,,
B-50ml-f0.80-p-8.1-side-y185-x-0.5-y+1.6,B,all,50,0.8,-8.1,side,185,-0.5,1.6,25,37.64144115524114,44.7495330458836,37.6638148873315,42.703700374388454,False,58.62,28.4,60803,575,3060,0,4027,0,0,0,0.0025,,,17.91390761535443,17.588026914403706,27.207692115661693,52.93160869130106,38.498422743697716,85.5726852388088,-0.20061347822591946,575,0.006141908036115131,156.59613273679068,19.73173085498206,61.911747904655684,-16.507858942261088,5.109250859279605,12.24570285807391,,0.20012891957955203,24.179133440397706,0.43701479513268826,0.12186228975556998,False,False,False,False,False,False,False,False,table,False,,
B-60ml-f0.50-p+17.8-above-y14-x+2.7-y+5.5,B,all,60,0.5,17.8,above,14,2.7,5.5,25,40.0,29.473137609610237,28.356481481481474,21.973137609610234,False,31.53,28.4,104334,76767,0,0,0,0,0,0,,9.276499999999846,19.60049999999967,9.351395207755681,13.464621789209072,9.567735895738373,43.783819069683915,44.1,99.61334143897193,4.344739385469795,76767,80.24875312568221,0.5160602026037172,5.978148941440691,20.887784449659918,9.573136919892477,12.190078886862526,29.888387022479577,0.8871281203045909,0.88897069368539,10.62644435999609,4.697096342075421,1.4695658300717669,True,True,False,True,True,True,True,False,lift,False,0.09025196978063217,
B-60ml-f0.80-p-17.5-above-y16-x-3.3-y+1.8,B,all,60,0.8,-17.5,above,16,-3.3,1.8,25,40.0,47.15702017537638,45.37037037037036,39.65702017537638,False,29.95,28.4,55824,0,0,0,2909,0,0,44769,0.9799999999999475,,,1.1089015768584807,0.9618025514964705,33.68122037510677,64.9797886741496,44.1,72.08456807391073,-0.18930130252281518,0,0.007228758254287434,126.41309252770397,32.52255576928705,59.21768385146121,-21.348750837474313,22.687251471126057,8.56812216642791,,0.20007144988344355,2.5204185338383076,0.2308361865491037,0.06255181972914187,False,False,False,False,False,False,False,True,table,False,,
B-60ml-f0.25-p-5.7-above-y234-x+2.7-y+3.4,B,all,60,0.25,-5.7,above,234,2.7,3.4,25,40.0,14.736568804805119,14.178240740740737,7.236568804805119,False,24.37,28.4,11944,1582,0,0,2007,0,0,484,1.3549999999999063,,,105.4098636089851,95.04095853036935,9.563125160347116,49.58290627544079,44.1,93.71855267875272,1.1337312706051206,1582,0.004032111781779305,278.5052110014607,92.03840852040449,-56.19950459412985,-88.23771807303643,90.0001676126207,6153069.848612155,,0.6077426572785898,84.1889511044878,90.00016769216788,19.99893245509706,False,False,False,False,False,False,False,False,table,False,,
B-100ml-f0.25-p-9.6-diagonal-y145-x-3.7-y-2.2,B,all,100,0.25,-9.6,diagonal,145,-3.7,-2.2,28,47.4252440598675,17.11302445521971,23.854068355803715,-5.697852433223887,False,41.4,28.4,54294,37746,7666,0,1625,0,0,21835,1.4699999999998936,8.042499999998338,,32.37283424083346,16.58578886956183,6.764860018719607,60.5167875817082,59.874954642185315,97.9578334277193,8.399493590917185,37746,99.33142987215392,7.140938231230859,20.937948599717835,52.26558949077548,-26.990562633691233,12.302325734339423,54.42762437162848,,851.7115965649622,23.459857713210127,0.12034601151818804,0.035999001502456544,False,True,False,True,False,False,False,False,table,False,0.6177598473076171,
B-60ml-f0.25-p+18.4-above-y176-x-4.5-y+4.5,B,all,60,0.25,18.4,above,176,-4.5,4.5,25,40.0,14.736568804805119,14.178240740740737,7.236568804805119,False,73.23,28.4,45611,2838,0,0,0,0,0,37588,,,,101.9002414548257,94.89206261616384,9.567735501736244,42.27771657830025,44.1,100.20796611300754,2.524268760039111,2838,0.8416107547636331,122.76933194341402,41.39851754655609,29.430852153014346,19.751192513323677,47.85953540365758,28.620697201253982,,0.18088339015542285,46.757871632662706,90.00016527932175,19.998931021568,True,True,False,False,False,False,False,False,lift,False,,
B-50ml-f0.80-p-14.5-diagonal-y185-x+2.8-y-4.2,B,all,50,0.8,-14.5,diagonal,185,2.8,-4.2,25,37.64144115524114,44.7495330458836,37.6638148873315,42.703700374388454,False,20.55,28.4,25866,0,0,0,2923,0,0,0,0.8424999999999626,,,156.98532342466476,81.19005339049829,31.679138019431363,66.60859639168564,38.498422743697716,71.5630107542651,-0.1937394492079192,0,0.006263918668019252,174.19163870568528,24.609906732763115,59.07622913170503,-19.500693880404178,21.83468144541907,6.995345419313653,,0.01293577172141212,144.47104409139965,90.00021305836586,18.81966875103174,False,False,False,False,False,False,False,False,table,False,,
B-60ml-f0.50-p+9.2-above-y158-x-3.5-y+2.5,B,all,60,0.5,9.2,above,158,-3.5,2.5,25,40.0,29.473137609610237,28.356481481481474,21.973137609610234,False,111.08,28.4,44640,3865,0,0,0,0,0,41443,,,,156.57580116734056,91.01184350848438,9.567740274531978,44.70724077385514,44.1,100.1352941065279,-0.20142288141922204,3865,0.0014900845655445893,124.21234863063226,35.61171649674863,41.03319259141657,10.42429968861526,40.98922546738453,18.13564290387237,,0.011941147869042717,130.0909751254033,90.00004011839201,19.998840410335937,True,True,False,False,False,False,False,False,lift,False,,
B-60ml-f0.50-p+6.7-diagonal-y237-x-2.9-y+2.1,B,all,60,0.5,6.7,diagonal,237,-2.9,2.1,25,40.0,29.473137609610237,28.356481481481474,21.973137609610234,False,50.42,28.4,46592,3235,0,0,0,0,0,34565,,,,148.5949254969591,102.63786700231977,6.765408003587173,41.755489311932365,44.1,101.15953222423495,2.482015570903995,3235,0.6496886226737544,123.26894313421226,35.69335123581158,40.94980326631892,8.993122075684202,41.51892064842621,17.84120775879908,,0.04092589799210281,125.33829372885944,90.00004019511435,19.998808106767374,True,True,False,False,False,False,False,False,lift,False,,
B-50ml-f0.80-p+8.7-diagonal-y238-x-3.3-y+4.0,B,all,50,0.8,8.7,diagonal,238,-3.3,4.0,25,37.64144115524114,44.7495330458836,37.6638148873315,42.703700374388454,False,73.81,28.4,34604,1119,0,0,0,0,0,42928,,,,283.08925807758885,82.68200182216371,6.765407021400192,40.98655730183162,38.498422743697716,94.92966501686543,-1.427911895256706,1119,1.3512589227832759,120.38661512121294,34.200908493107235,46.958354937732885,7.008653989032027,37.946064333990236,0.6007782470176353,,1.737437133479503,551.7287865767476,90.0006237448245,19.088536491948926,True,True,False,False,False,False,False,False,lift,False,,
B-60ml-f0.25-p-5.7-diagonal-y21-x+1.6-y-1.8,B,all,60,0.25,-5.7,diagonal,21,1.6,-1.8,25,40.0,14.736568804805119,14.178240740740737,7.236568804805119,False,52.3,28.4,50866,3279,4704,0,1975,0,0,0,1.2974999999999126,,,42.57798955214933,50.18083579410002,7.123691068352821,49.75112418724724,44.1,93.71944843568649,-0.19539065782843423,3279,0.010685510274118867,143.7449692145664,15.659108652591899,33.49911982189914,-9.023961433269474,22.523000972297883,41.04911991531803,,0.20006636558625157,16.67842387024349,0.36592550970682863,0.09543508165334524,False,False,False,False,False,False,False,False,table,False,,
B-100ml-f0.50-p+10.4-diagonal-y332-x-1.1-y-1.3,B,all,100,0.5,10.4,diagonal,332,-1.1,-1.3,28,47.4252440598675,34.22604891043942,47.70813671160743,11.415172021995819,False,27.24,28.4,60673,4206,5962,0,0,0,0,23963,,7.687499999998459,,47.859315175190396,38.408481195024436,6.765483656763507,59.654721958164664,59.874954642185315,100.68729391467689,14.866146831405565,4206,99.05615245572672,302.8724421616501,10.709762284389711,113.61021635721642,-65.55912997249087,24.408359215175736,32.23154364528113,,1320.6645103188716,38.50989245854725,0.9617347394305076,0.3516265558362289,True,True,False,True,False,False,False,False,lift,False,0.4392993643291156,
B-50ml-f0.50-p+2.8-diagonal-y349-x-3.2-y-4.4,B,all,50,0.5,2.8,diagonal,349,-3.2,-4.4,25,37.64144115524114,27.968458153677254,23.53988430458219,25.922625482182106,False,67.96,28.4,41854,104,0,0,0,0,0,31794,,,,13.494539267388468,16.954353451086195,7.923354280752788,38.22382094669003,38.498422743697716,88.99424061262178,-0.1986318985998381,104,0.008897975312162559,122.73255146221716,28.51592438262946,31.3360873721866,-6.537789320641169,17.856514779802097,25.100895733875873,,0.20035795707480897,23.458381321203372,3.395094827023045,0.994448125608143,True,True,False,False,False,False,False,False,lift,False,,
B-50ml-f0.25-p-6.2-diagonal-y152-x+4.7-y-3.4,B,all,50,0.25,-6.2,diagonal,152,4.7,-3.4,25,37.64144115524114,13.984229076838627,11.769942152291096,11.93839640534348,False,43.49,28.4,52583,1096,2822,0,2267,0,0,0,1.1599999999999278,17.084500000005534,19.60049999999967,94.08079849321894,97.95181776356235,12.331853864255876,48.595414804947154,38.498422743697716,89.37779953175445,-0.20321950483268014,1096,0.006231793237420742,147.4307643195455,19.56036441533423,93.24186904293724,18.35018039498956,89.10050771247593,-1029.8420217340135,4.326510539504664,4.338063463859214,90.76013343461429,90.00061546752049,18.881203011343754,False,False,False,False,False,False,False,False,table,False,1.9937366493892186,
B-100ml-f0.25-p-14.5-above-y199-x-2.1-y+1.0,B,all,100,0.25,-14.5,above,199,-2.1,1.0,28,47.4252440598675,17.11302445521971,23.854068355803715,-5.697852433223887,False,73.64,28.4,64922,2254,9489,0,2185,0,0,40183,1.257499999999917,,,30.788695730647003,28.602413310026765,12.470654469265448,71.2412318104028,59.874954642185315,81.87267271450153,-0.19630733367553832,2254,0.0061042663586277635,129.0298775090737,23.496802615815476,81.68823794537863,-54.7954339065139,23.102490112656177,49.93129607432666,,0.19999868131515364,25.76963394949055,0.14157751271238986,0.045162157285896856,False,False,False,False,False,False,False,False,table,False,,
B-50ml-f0.80-p+11.5-diagonal-y202-x+2.6-y-0.9,B,all,50,0.8,11.5,diagonal,202,2.6,-0.9,25,37.64144115524114,44.7495330458836,37.6638148873315,42.703700374388454,False,32.49,28.4,115469,77166,0,0,0,0,0,0,,9.302499999999878,19.60049999999967,5.030211347005085,7.9681972238823855,6.765405717151881,38.48412455915081,38.498422743697716,99.18017020430949,3.835066890504002,77166,80.40543664404453,1.1602724482990598,2.9870101990835383,36.876918157778874,9.783469975762932,7.0203209490393945,11.67667764708305,-0.02552748342665657,0.18418783578364853,5.02204977131523,0.12084859238339414,0.026470257653903113,True,True,False,True,True,True,True,True,lift,False,0.0982465457504335,
B-100ml-f0.25-p+1.1-side-y176-x-2.3-y+5.5,B,all,100,0.25,1.1,side,176,-2.3,5.5,28,47.4252440598675,17.11302445521971,23.854068355803715,-5.697852433223887,False,70.65,28.4,54510,3483,5616,0,0,0,0,30739,,,,47.096431799014056,36.48328892773844,13.019698542726436,58.099758373043905,59.874954642185315,98.70739586156239,-0.19698868783113443,3483,0.006409999553883941,128.01365247888089,28.81072413659873,72.90197476209356,-38.743485150871045,24.006875703142946,49.52621477809256,,0.1999848430904049,50.834242656952206,1.0796693852908026,0.4019415278275858,True,True,False,False,False,False,False,False,lift,False,,
B-100ml-f0.25-p+4.8-side-y256-x+1.4-y-5.5,B,all,100,0.25,4.8,side,256,1.4,-5.5,28,47.4252440598675,17.11302445521971,23.854068355803715,-5.697852433223887,False,39.09,28.4,78544,79220,0,0,0,0,0,0,,9.331999999999914,19.60049999999967,9.581312725923135,10.025524853313447,9.283522679573323,58.193072850531536,59.874954642185315,101.41312348741482,4.029185257280354,79220,84.31958723442084,1.260197009124008,3.3054792628713265,21.1438573544955,-1.1644411550503357,1.7069115461203799,58.48766759571322,-0.14995669505111922,0.33417346887102867,6.449515166683194,0.02045806227675835,-0.0013521030432551463,True,True,False,True,True,False,True,True,lift,False,0.06419781318014546,
B-60ml-f0.80-p+9.3-above-y225-x+4.7-y-0.0,B,all,60,0.8,9.3,above,225,4.7,-0.0,25,40.0,47.15702017537638,45.37037037037036,39.65702017537638,False,34.34,28.4,106837,76444,0,0,0,0,0,0,,9.275999999999845,19.60049999999967,2.1935992117531575,2.9245424035431333,9.56774025591136,44.08674317524913,44.1,99.16080435735681,4.391135873644355,76444,77.18818327657424,0.7630485717699421,5.474155564518119,39.69401047177889,9.717072200329358,2.47931958757693,15.313592078127517,2.464387167170944,2.47189265960581,2.0187899604811275,0.40471936280045484,0.11998428582791396,True,True,True,True,True,True,False,True,recap,False,0.15692403787978104,
B-60ml-f0.80-p-1.2-above-y278-x+0.8-y-2.9,B,all,60,0.8,-1.2,above,278,0.8,-2.9,25,40.0,47.15702017537638,45.37037037037036,39.65702017537638,False,36.92,28.4,78607,78930,0,0,0,0,0,0,,8.87049999999935,19.60049999999967,3.292679738962411,4.683816361362582,9.567746747620433,43.51319841828302,44.1,99.86874383477425,4.943101767116042,78930,86.37374494765083,0.41103181807059624,0.5899316775037381,38.970277413307485,10.701621404353517,2.4127745333175024,15.334535974394061,0.29202214051137926,0.4372314350458972,3.2710661289992573,0.1932523380230168,0.0516111919536867,True,True,False,True,True,True,True,True,lift,False,0.07954204864365716,
B-100ml-f0.80-p-13.5-side-y291-x+2.8-y+0.6,B,all,100,0.8,-13.5,side,291,2.8,0.6,28,47.4252440598675,54.761678256703064,76.3330187385719,31.950801368259466,False,82.29,28.4,77241,1232,4741,0,3498,0,0,0,0.0025,,,42.98799847911643,39.88661915054568,19.063743084700913,68.51611690509519,59.874954642185315,90.75470683145045,-0.18442485151264065,1232,0.004544779718453474,145.04087081818716,15.49418379242671,94.55705014898876,-35.21120368119809,25.618256919154657,11.141381722820572,,0.18451373940741797,29.89960588813038,9.244397870559267,3.4596576115703304,False,False,False,False,False,False,False,False,table,False,,
B-60ml-f0.50-p-9.2-side-y340-x-5.8-y+0.4,B,all,60,0.5,-9.2,side,340,-5.8,0.4,25,40.0,29.473137609610237,28.356481481481474,21.973137609610234,False,37.67,28.4,67265,2204,754,0,3910,0,0,0,0.0025,,,18.382245806153787,18.658038407780484,23.44887482907173,56.91387393239947,44.1,86.57730463854719,-0.19959274863692866,2204,0.009811746239806032,141.6350814474785,10.848085444909747,37.9205114020197,-1.8980359198759316,19.908345075425565,27.257987968409296,,0.2000477766756867,25.267981583476296,0.38265368497041474,0.10581271329231617,False,False,False,False,False,False,False,False,table,False,,
B-60ml-f0.50-p-19.6-side-y192-x+3.7-y+5.8,B,all,60,0.5,-19.6,side,192,3.7,5.8,25,40.0,29.473137609610237,28.356481481481474,21.973137609610234,False,51.29,28.4,27292,0,1771,0,4118,8,0,0,0.0025,,,20.612628566818355,14.291940166090846,78.1660442039597,79.04214139692031,44.1,65.57398519626278,-0.19992820361067198,0,0.007404673793158939,174.77352852003025,23.84332801936491,61.73628290548351,-23.033764191714045,14.270212958451502,29.198684481765206,,0.20003609989966198,12.849819027407882,2.268016769326414,0.7070464639428455,False,False,False,False,False,False,False,False,table,False,,
B-100ml-f0.80-p+1.3-side-y59-x+4.4-y-4.2,B,all,100,0.8,1.3,side,59,4.4,-4.2,28,47.4252440598675,54.761678256703064,76.3330187385719,31.950801368259466,False,25.23,28.4,48219,78380,0,0,0,0,0,0,,9.281999999999853,19.60049999999967,10.922016568672536,10.571134970140342,8.201140530098128,58.477775867479885,59.874954642185315,100.73779348963622,4.851226648376186,78380,79.06368590100237,1.3985424344288924,6.8077416901876555,46.36120222090313,11.978706147964008,5.641211949927052,19.351584284775274,0.12695126660194264,0.29021693674570614,6.630165995163136,0.260160087248567,0.0877036476408933,True,True,False,True,True,True,True,True,lift,False,0.07413175480624724,
B-100ml-f0.25-p-1.8-diagonal-y43-x-1.8-y-5.4,B,all,100,0.25,-1.8,diagonal,43,-1.8,-5.4,28,47.4252440598675,17.11302445521971,23.854068355803715,-5.697852433223887,False,33.54,28.4,81261,23007,9862,0,0,0,0,22070,,7.425499999998604,,40.248750293548625,33.38896350330798,6.765417045821474,57.978519355054,59.874954642185315,101.15978990052781,11.560367279555825,23007,91.41207793757243,10.139149951450005,14.80357481886001,107.80892552830096,-85.29737689261435,25.54773408180327,48.82266151195339,,15.553051636478994,32.79666127728271,3.103792462424239,1.1586331589614398,True,True,False,True,False,False,False,False,lift,False,0.42671376319238347,
B-60ml-f0.80-p+19.8-side-y245-x+1.0-y+3.3,B,all,60,0.8,19.8,side,245,1.0,3.3,25,40.0,47.15702017537638,45.37037037037036,39.65702017537638,False,33.27,28.4,99823,76148,0,0,0,0,0,982,,8.623999999999048,19.60049999999967,11.327807722701483,16.359463623243805,8.671288392645437,43.90576573632222,44.1,99.34681274919191,5.2072397287105945,76148,82.6699220413263,0.4678140682775504,2.6333587387953026,39.24015684749328,9.287924708867829,15.995335593815534,10.933148697070425,0.11197371469707254,0.32992626689760024,34.25029069296342,7.778248095798993e-06,-0.0015477599620967004,True,True,False,True,True,True,True,False,lift,False,0.061247978108539845,
B-100ml-f0.25-p+3.4-above-y203-x+5.4-y-1.6,B,all,100,0.25,3.4,above,203,5.4,-1.6,28,47.4252440598675,17.11302445521971,23.854068355803715,-5.697852433223887,False,26.88,28.4,85502,77873,0,0,0,0,0,0,,9.234499999999795,19.60049999999967,4.790671510325575,4.608344683734742,9.56774469681404,59.340810836357065,59.874954642185315,99.73098532785802,5.333586499251322,77873,77.20892709216992,0.6944561699687002,10.683319602377635,23.78219085256363,-2.8815030211717523,4.363598430426849,57.484791544000906,4.987463548117671,4.991157745055797,5.005759137586924,0.49289304487543456,0.17924856112854987,True,True,False,True,True,False,False,True,lift,False,0.05919656479624131,
B-60ml-f0.25-p+13.6-above-y89-x-5.7-y+3.7,B,all,60,0.25,13.6,above,89,-5.7,3.7,25,40.0,14.736568804805119,14.178240740740737,7.236568804805119,False,54.56,28.4,45343,3430,0,0,0,0,0,37014,,,,102.05944634150465,92.85787987520735,9.567736860406267,46.43948442168705,44.1,100.55607817876225,2.223929778682465,3430,0.9117446719410116,123.59751945868608,41.44183676994288,30.100898386464046,17.30064660872163,46.016637907859966,29.863050353579364,,0.06683514098830377,59.423814443627535,90.00016604417537,19.998931473562177,True,True,False,False,False,False,False,False,lift,False,,
B-100ml-f0.50-p-7.1-side-y216-x+5.8-y-6.0,B,all,100,0.5,-7.1,side,216,5.8,-6.0,28,47.4252440598675,34.22604891043942,47.70813671160743,11.415172021995819,False,31.03,28.4,58343,65534,0,0,0,0,0,0,,9.277499999999847,,32.299770706855114,35.377780588598256,7.740448162122202,57.9253415858653,59.874954642185315,101.37270203023802,4.936006405594496,65534,76.42234974282327,1.1182574093841073,12.394660224784435,27.275230419264723,12.940693681068705,15.959175145286956,35.85046867427336,,15.970822848244897,17.690067137848008,16.38595278982255,6.078774973984834,True,True,False,True,True,False,False,False,lift,False,0.11383668062136859,
B-60ml-f0.80-p+10.5-diagonal-y186-x-1.4-y+4.0,B,all,60,0.8,10.5,diagonal,186,-1.4,4.0,25,40.0,47.15702017537638,45.37037037037036,39.65702017537638,False,37.42,28.4,7257,631,0,0,0,0,0,31542,,,,105.22072143052445,29.752519479497586,57.10003893569392,42.465416688933026,44.1,101.26606941353755,-0.1986380751173994,631,0.006056382510170447,205.8005586000574,29.866873672928854,141.05114484137096,-88.40234753354527,7.105688518997731,13.849146456937305,,0.8431615909214465,76.37536326846379,90.00020928588394,20.28115281225606,True,True,False,False,False,False,False,False,lift,False,,
B-50ml-f0.80-p-18.3-above-y123-x-5.9-y+2.7,B,all,50,0.8,-18.3,above,123,-5.9,2.7,25,37.64144115524114,44.7495330458836,37.6638148873315,42.703700374388454,False,35.03,28.4,18999,0,0,0,2946,0,0,59275,0.902499999999956,,,3.34357251796375,2.1818170326656112,43.89751003534925,72.54030177838955,38.498422743697716,46.22778378310277,-0.19975720537143693,0,0.007451278335457015,150.5932130009266,29.515185748019412,86.23628963344376,-45.41420699949911,14.926403210646843,9.257343855609983,,0.20136548644764624,5.063318779247403,10.074732239429297,2.946405216722819,False,False,False,False,False,False,False,False,table,False,,
B-60ml-f0.25-p+1.2-above-y237-x-4.1-y-4.7,B,all,60,0.25,1.2,above,237,-4.1,-4.7,25,40.0,14.736568804805119,14.178240740740737,7.236568804805119,False,37.58,28.4,42262,1761,0,0,0,0,0,37217,,,,102.09378421797416,89.3981740427228,9.561986372269098,42.792706717668885,44.1,97.81574626930627,1.8679464619472952,1761,0.5989935968912542,121.63988213277288,40.37170091778708,27.866848115953314,5.910538895480571,36.10094275902152,35.387151760565544,,0.45615862606330876,40.71691011909597,90.00016723164266,19.998932180799848,True,True,False,False,False,False,False,False,lift,False,,
B-60ml-f0.50-p+6.9-side-y85-x-1.7-y+2.8,B,all,60,0.5,6.9,side,85,-1.7,2.8,25,40.0,29.473137609610237,28.356481481481474,21.973137609610234,False,61.21,28.4,48366,3513,0,0,0,0,0,49267,,,,111.95704585257022,88.66022068259633,9.521683890190994,44.8557194510007,44.1,99.8168757036834,-0.19205426451138208,3513,0.004957680286745937,125.46654806172536,35.33275023990419,40.87202456786078,9.329687629755654,42.151887161957255,17.482980616993395,,0.8827120161647725,136.6177530763292,90.00009496677045,20.075526677146247,True,True,False,False,False,False,False,False,lift,False,,
B-60ml-f0.25-p-15.4-side-y290-x+5.3-y-3.1,B,all,60,0.25,-15.4,side,290,5.3,-3.1,25,40.0,14.736568804805119,14.178240740740737,7.236568804805119,False,51.65,28.4,29013,0,1096,0,3977,0,0,0,0.0025,,,33.9866807561856,30.12320127899348,56.16212848576724,69.22809893269648,44.1,75.32975224439419,-0.2007894997816395,0,0.0020165710596386642,169.48361818903388,31.4595637792923,44.69564725100909,-7.857636535005125,30.29330026928929,37.99790376105191,,0.20012371278753482,20.468611133580104,1.5908833496695747,0.48959110445715814,False,False,False,False,False,False,False,False,table,False,,
B-50ml-f0.80-p+8.1-diagonal-y138-x-0.4-y-5.6,B,all,50,0.8,8.1,diagonal,138,-0.4,-5.6,25,37.64144115524114,44.7495330458836,37.6638148873315,42.703700374388454,False,28.14,28.4,117799,76548,0,0,0,0,0,63,,8.761499999999216,19.60049999999967,4.361766969978483,7.195849885773545,6.765407332767142,38.34244903679432,38.498422743697716,99.33215560830621,5.212632532834147,76548,85.14441362941089,0.1886585130465469,0.30515556955249895,37.13678359086658,9.86518627230687,6.561870754712468,11.81356027631231,0.017975367936437055,0.34718168894006984,31.108356764266862,0.08787235396729805,0.01679914654126436,True,True,False,True,True,True,True,False,lift,False,0.03291963505667286,
B-100ml-f0.80-p+11.9-diagonal-y138-x-0.8-y-2.3,B,all,100,0.8,11.9,diagonal,138,-0.8,-2.3,28,47.4252440598675,54.761678256703064,76.3330187385719,31.950801368259466,False,44.71,28.4,52261,2103,2772,0,0,0,0,17043,,,,72.13657318149357,61.40233904296261,7.432665571312915,58.83695113965544,59.874954642185315,101.23446462974294,-0.1994664323957257,2103,0.005023729456025964,131.41109578412352,24.37732546497273,81.76065434651217,-10.369415352457972,32.52652416957214,7.729729181353062,,0.48389290793642603,48.33362750455486,89.99995593951814,23.945720414535632,True,True,False,False,False,False,False,False,lift,False,,
B-60ml-f0.50-p-12.4-side-y285-x+4.1-y+3.0,B,all,60,0.5,-12.4,side,285,4.1,3.0,25,40.0,29.473137609610237,28.356481481481474,21.973137609610234,False,39.94,28.4,38462,0,4350,0,4112,0,0,0,0.0025,,,30.660083583852977,27.861211994147403,28.77985912919187,61.8474668969578,44.1,82.04272827756222,-0.19028499964562906,0,0.008730936484748677,162.69296001793833,27.83679321290982,57.597294014473526,-9.61771149391176,27.93078142273378,24.233968207215643,,0.20001175813335073,40.26592013945445,2.159818369834396,0.6736784869961971,False,False,False,False,False,False,False,False,table,False,,
B-100ml-f0.80-p-8.9-above-y143-x+5.1-y-4.4,B,all,100,0.8,-8.9,above,143,5.1,-4.4,28,47.4252440598675,54.761678256703064,76.3330187385719,31.950801368259466,False,24.74,28.4,50174,78356,0,0,1254,0,0,0,1.5874999999998807,9.278499999999848,19.60049999999967,13.808237533203505,13.202494468558475,9.567695320659375,58.9728040720531,59.874954642185315,100.5702487483225,4.928950405195934,78356,76.41882725406367,0.6880805957209424,7.634163119431699,47.94079629843901,11.568420488346998,16.73094534363662,14.999383119128726,4.123640011587851,4.124749387384453,12.60941987237973,0.8391710352074315,0.3105342273149382,False,True,False,True,True,True,False,False,table,False,0.08081447444540533,
B-50ml-f0.80-p-12.2-side-y226-x-0.0-y+2.8,B,all,50,0.8,-12.2,side,226,-0.0,2.8,25,37.64144115524114,44.7495330458836,37.6638148873315,42.703700374388454,False,35.09,28.4,41050,0,591,0,3998,0,0,0,0.0025,,,7.038621966454485,6.998959150351489,40.51184678475947,61.68249814732982,38.498422743697716,77.20334856479103,-0.19376380204309818,0,0.007911673255308338,161.74400422799425,20.243785050571816,62.97504157945574,-13.344117265788991,7.542359376655898,11.520479206857605,,0.20009640436697662,22.169339228565136,0.5791671662079899,0.1594400169537621,False,False,False,False,False,False,False,False,table,False,,
B-50ml-f0.50-p+11.1-diagonal-y101-x-2.9-y+0.3,B,all,50,0.5,11.1,diagonal,101,-2.9,0.3,25,37.64144115524114,27.968458153677254,23.53988430458219,25.922625482182106,False,44.6,28.4,20821,514,0,0,0,0,0,58287,,,,8.923885973149558,4.103243746233918,6.765402885489876,41.55977613657025,38.498422743697716,97.22374290537562,-0.19598037543723523,514,0.005685381014803023,121.60563339451943,32.668045358086395,36.462831247494016,-0.6663134265129517,9.517686276544039,27.70687222432674,,0.20015487603043672,39.593539584624175,3.818191820832846e-06,-0.0015713164324639944,True,True,False,False,False,False,False,False,lift,False,,
B-100ml-f0.80-p+11.1-diagonal-y220-x-5.2-y+5.2,B,all,100,0.8,11.1,diagonal,220,-5.2,5.2,28,47.4252440598675,54.761678256703064,76.3330187385719,31.950801368259466,False,57.44,28.4,55883,1907,3582,0,0,0,0,28465,,,,47.617717997512344,35.47906715645208,10.724166812519575,58.144670154616705,59.874954642185315,102.6708298874349,1.3598090994236949,1907,0.6039710874346467,126.58305926240487,27.668450822442495,73.14021488176891,-4.944882578584914,33.058816720852136,7.446230794437543,,0.4856989041386848,36.134005889036516,89.9999565117596,23.73042636629734,True,True,False,False,False,False,False,False,lift,False,,
B-50ml-f0.25-p-15.0-above-y328-x+2.5-y+2.6,B,all,50,0.25,-15.0,above,328,2.5,2.6,25,37.64144115524114,13.984229076838627,11.769942152291096,11.93839640534348,False,16.93,28.4,3743,0,0,0,2846,0,0,43,0.9824999999999472,,,8.468446586588966,27.356910304043172,33.33324398931858,70.32202538699751,38.498422743697716,2.2904624132908853,-0.1880222038784518,0,0.006306456559182865,195.52991035645678,16.523628794523116,105.97772568034397,-88.80033662074067,9.400584051613663,41.726533218632355,,0.47201523728009576,24.141673150000862,90.00029625417528,18.819729314642874,False,False,False,False,False,False,False,False,table,False,,
B-100ml-f0.50-p-10.5-diagonal-y162-x+0.1-y+3.7,B,all,100,0.5,-10.5,diagonal,162,0.1,3.7,28,47.4252440598675,34.22604891043942,47.70813671160743,11.415172021995819,False,37.35,28.4,54014,71040,0,0,1800,0,0,0,1.3924999999999021,8.228499999998565,,30.089516197087846,25.33131363285901,6.763365299058771,62.05329788930226,59.874954642185315,96.98621941458366,6.651472113045731,71040,76.85460204248216,2.5577054351133146,7.873901854100343,31.446562270181015,7.687140746798077,15.959361986930833,35.85039260265873,,10.846641803970686,16.690032781326277,0.28921674513293993,0.10032493097856116,False,True,False,True,True,True,False,False,table,False,0.08007874943349409,
B-50ml-f0.80-p+15.7-side-y67-x+3.1-y-1.0,B,all,50,0.8,15.7,side,67,3.1,-1.0,25,37.64144115524114,44.7495330458836,37.6638148873315,42.703700374388454,False,41.91,28.4,88611,76652,0,0,0,0,0,0,,8.606499999999027,19.60049999999967,6.482646561417103,10.72666843163279,8.807139696581222,38.49119141489367,38.498422743697716,99.15224026234553,5.377529123331337,76652,80.56965253619732,0.7008652957851398,3.9969519512969462,36.658833356413496,9.56286046898261,10.27515455830401,10.696007293784861,1.929940387988204,1.9344429961098726,6.646241728664761,0.9244194697122436,0.24042327850151093,True,True,False,True,True,True,False,True,lift,False,0.09520315155016441,
B-60ml-f0.50-p-9.9-side-y219-x-4.9-y-5.6,B,all,60,0.5,-9.9,side,219,-4.9,-5.6,25,40.0,29.473137609610237,28.356481481481474,21.973137609610234,False,46.6,28.4,89395,483,7449,0,3977,0,0,0,0.0025,,,12.90070925414387,9.837017183729952,20.56128829188888,56.54259564882734,44.1,87.12309043516747,-0.20007084079284865,483,0.0037187226651797965,147.64586304715118,13.310652102803392,57.6259050955875,-25.544416292135885,0.4641420647260005,33.631044670630104,,0.20009336399171843,12.65952693433663,0.14003301874032495,0.03469018516739332,False,False,False,False,False,False,False,False,table,False,,
B-50ml-f0.50-p-11.9-side-y139-x+3.3-y+1.5,B,all,50,0.5,-11.9,side,139,3.3,1.5,25,37.64144115524114,27.968458153677254,23.53988430458219,25.922625482182106,False,46.5,28.4,38799,0,1747,0,3982,0,0,0,0.0025,,,28.41817794663209,27.8380897249247,36.43600813175196,60.907195710605514,38.498422743697716,77.29296710739422,-0.20069491501097103,0,0.003919697051335627,166.09123348483544,25.04890996816245,51.820084776340956,-11.699386143357222,19.90402125300686,24.427511573286992,,0.20000817040409732,35.007327808058946,0.9996264733947563,0.2658996299671708,False,False,False,False,False,False,False,False,table,False,,
B-100ml-f0.25-p+18.3-above-y159-x-5.2-y-0.9,B,all,100,0.25,18.3,above,159,-5.2,-0.9,28,47.4252440598675,17.11302445521971,23.854068355803715,-5.697852433223887,False,47.56,28.4,55563,1887,7682,0,0,0,0,34931,,,,57.05107751873948,43.85499937897622,9.567735561433906,59.068010059309,59.874954642185315,102.67867624781216,-0.192502010088344,1887,0.006873926951831103,127.77234655048647,29.96652601640996,71.91593172209353,-23.579135541302588,37.5097683113113,42.57770828284912,,0.485291814092295,45.844582831720196,90.00001285552624,23.711410626421724,True,True,False,False,False,False,False,False,lift,False,,
B-100ml-f0.50-p+16.5-above-y172-x+0.7-y+0.5,B,all,100,0.5,16.5,above,172,0.7,0.5,28,47.4252440598675,34.22604891043942,47.70813671160743,11.415172021995819,False,15.46,28.4,77279,79182,0,0,0,0,0,0,,9.29599999999987,19.60049999999967,12.565091211514973,14.346907022399568,9.56773646395996,59.65791637957529,59.874954642185315,99.54696096900783,4.9877092496073,79182,83.82500098515972,1.1861517783275992,4.38759541764238,26.086242504795354,9.832096531692203,13.001770651425938,37.038084104953825,0.5137889553148204,0.6015369556410282,12.16836017597474,2.6366043921347893,0.9874346113903051,True,True,False,True,True,True,True,False,lift,False,0.05714832106579427,
B-100ml-f0.50-p-18.3-above-y113-x+4.9-y+5.8,B,all,100,0.5,-18.3,above,113,4.9,5.8,28,47.4252440598675,34.22604891043942,47.70813671160743,11.415172021995819,False,38.58,28.4,77900,239,1419,0,2526,0,0,41,1.13999999999993,,,31.52053429132991,24.662801624629278,19.772120091980426,77.65013958848179,59.874954642185315,81.56581011797601,-0.20014422578878976,239,0.004281622790409085,148.27884757421796,16.272486942891224,52.15711229700294,-6.955306129821287,24.275279882263266,32.29188087102081,,0.20000180743929022,24.255972623630075,0.04702296936735731,0.007958441398408194,False,False,False,False,False,False,False,False,table,False,,
B-100ml-f0.25-p+9.2-diagonal-y16-x+0.7-y+2.9,B,all,100,0.25,9.2,diagonal,16,0.7,2.9,28,47.4252440598675,17.11302445521971,23.854068355803715,-5.697852433223887,False,27.68,28.4,107931,80314,0,0,0,0,0,0,,9.290999999999864,19.60049999999967,15.215302475273209,16.155464702265355,6.765406817327582,58.96933282902564,59.874954642185315,100.63432425758705,4.785425201834295,80314,84.66256222944588,1.5544699566724518,3.231418650208498,21.649023443368446,-1.9130484595727832,6.2252340148082155,56.77805669252377,0.2930387401012558,0.4530778554301705,7.633795076201258,0.3342162297817193,0.1060523021589199,True,True,False,True,True,False,True,True,lift,False,0.050454524952375825,
B-100ml-f0.50-p+19.9-above-y272-x-0.6-y-4.2,B,all,100,0.5,19.9,above,272,-0.6,-4.2,28,47.4252440598675,34.22604891043942,47.70813671160743,11.415172021995819,False,24.66,28.4,73414,2020,6074,0,0,0,0,34113,,6.414999999999164,,65.27760661194053,41.18319021221681,9.570088024377435,58.47740296017253,59.874954642185315,101.16109383336921,14.172510339292426,2020,208.13686173860273,342.5843718696144,27.48689883028888,70.25219136965546,-19.958975528167887,22.64381615384751,33.02162471400004,,395.2511256846451,43.87944913968117,0.37027654529693627,0.1320854752967255,True,True,False,True,False,False,False,False,lift,False,-0.008478957454309703,
B-60ml-f0.80-p+15.2-above-y210-x-1.7-y+0.8,B,all,60,0.8,15.2,above,210,-1.7,0.8,25,40.0,47.15702017537638,45.37037037037036,39.65702017537638,False,53.34,28.4,58457,2711,0,0,0,0,0,79493,,,,42.92652728559297,46.348644396176866,9.56773468981801,43.80815169382655,44.1,99.26408348638255,1.051629807139437,2711,0.5732927539865379,122.99163582120491,33.16763322985352,54.12761147212433,5.855529241498624,38.02018573291556,2.0196232814473167,,0.33780680432365706,39.84787902890965,90.00010484968084,19.99890359460558,True,True,False,False,False,False,False,False,lift,False,,
B-50ml-f0.25-p+5.9-side-y220-x+3.7-y+0.3,B,all,50,0.25,5.9,side,220,3.7,0.3,25,37.64144115524114,13.984229076838627,11.769942152291096,11.93839640534348,False,26.55,28.4,67013,79345,0,0,0,0,0,0,,8.462999999998852,19.60049999999967,1.21791948734068,1.2665581084900615,7.329302320779788,38.43574267343997,38.498422743697716,99.23868475958093,5.724971356833336,79345,80.72888273069688,0.5132409767630306,6.35815407308767,6.579216697525502,9.651888343463838,0.941398403119769,44.24199838137104,0.02286563011089976,0.07970051601240889,1.2477203737355234,1.2074182697257333e-06,-0.0015521052497568415,True,True,True,True,True,True,True,True,,True,0.103867418887509,
B-100ml-f0.50-p+18.0-side-y288-x+3.8-y-5.0,B,all,100,0.5,18.0,side,288,3.8,-5.0,28,47.4252440598675,34.22604891043942,47.70813671160743,11.415172021995819,False,34.84,28.4,51633,63354,0,0,0,0,0,0,,9.27999999999985,,17.619964867661555,16.448214031543703,9.099451911376947,58.26070306388365,59.874954642185315,101.62090275218107,4.845662446850821,63354,78.3776430857083,2.809768656861916,8.737349980576386,24.652526184499756,10.738616451282212,10.483222391322135,38.02711293741412,,16.320354521363935,12.020460717216487,4.032975986554777,1.5121306918646733,True,True,False,True,True,True,False,False,lift,False,0.07262793717698399,
B-60ml-f0.80-p+4.6-above-y324-x-1.7-y+5.8,B,all,60,0.8,4.6,above,324,-1.7,5.8,25,40.0,47.15702017537638,45.37037037037036,39.65702017537638,False,71.49,28.4,37580,773,0,0,0,0,0,100687,,,,26.78023231186674,28.39879461613042,9.568085714603235,42.34583978336219,44.1,86.92511897081938,2.961198351125585,773,0.5889207412469327,119.73678692131439,33.531444638095095,53.79929644320818,0.24830664712424677,31.285508030763722,5.155043162828681,,0.2000727449813983,35.03858355579338,0.19816584216106833,0.051143502371592105,True,True,False,False,False,False,False,False,lift,False,,
B-50ml-f0.50-p-17.4-above-y44-x-1.8-y-3.9,B,all,50,0.5,-17.4,above,44,-1.8,-3.9,25,37.64144115524114,27.968458153677254,23.53988430458219,25.922625482182106,False,21.6,28.4,2840,0,0,0,2182,0,0,10500,0.9249999999999535,26.85999999998275,26.86049999998275,4.7243966404348905,20.922128030561318,71.36507664717689,77.21741891575357,38.498422743697716,2.2572494286848737,-0.19112336369442318,0,0.005242136855411707,188.24428917212106,5.461581619173419,119.33648660024946,-88.35531884023233,11.095269287129291,27.227039687162705,5.262190383886539,5.536470201457385,48.57742875796818,90.00031883310056,19.112421347770933,False,False,False,False,False,False,False,False,table,False,-0.00027123426664152936,
B-60ml-f0.50-p+0.5-diagonal-y43-x-2.2-y-5.7,B,all,60,0.5,0.5,diagonal,43,-2.2,-5.7,25,40.0,29.473137609610237,28.356481481481474,21.973137609610234,False,36.8,28.4,42945,0,0,0,0,0,0,94248,,,,1.144747530114382,1.0443565369747017,6.765410496847833,41.52636375900191,44.1,81.91606575771745,-0.1946886455902047,0,0.009542659887004526,122.22613561643458,32.28165273844628,38.64274865823171,-7.377077376224339,1.736532039980116,33.23114765470027,,0.2000954668470657,30.105692357136032,0.089353131874097,0.018797297002172527,True,True,False,False,False,False,False,False,lift,False,,
B-50ml-f0.80-p+14.6-side-y2-x-3.7-y-4.7,B,all,50,0.8,14.6,side,2,-3.7,-4.7,25,37.64144115524114,44.7495330458836,37.6638148873315,42.703700374388454,False,67.13,28.4,37072,915,0,0,0,0,0,44791,,,,101.5260280153706,80.92311894224326,9.561841965874777,43.033505582839894,38.498422743697716,95.9876136930501,-0.2016807319356606,915,0.0014327200081380785,121.4594207700836,34.27735288182093,48.72948289492024,9.433053855356032,41.870788318788044,-1.3653101575363085,,0.06478717963682605,58.97487149264048,90.00041845215775,18.963449316155796,True,True,False,False,False,False,False,False,lift,False,,
B-100ml-f0.80-p+6.1-above-y116-x+3.5-y+3.0,B,all,100,0.8,6.1,above,116,3.5,3.0,28,47.4252440598675,54.761678256703064,76.3330187385719,31.950801368259466,False,25.62,28.4,68786,79250,0,0,0,0,0,0,,8.827999999999298,19.60049999999967,3.3598431098099044,3.1380403957021126,9.567742780660415,58.844600080121914,59.874954642185315,100.29104290996217,5.63205970031859,79250,81.55344295054859,2.191924240248528,4.972120543185121,46.126899656274865,11.551287967133339,0.5422447096575849,21.277537474751387,4.411671835217805,4.413350296643769,3.2063064118546536,1.0173887179578492e-05,-0.0015448633826845028,True,True,False,True,True,True,False,True,lift,False,0.0671050651401954,
B-50ml-f0.50-p-11.9-side-y118-x+2.5-y+3.4,B,all,50,0.5,-11.9,side,118,2.5,3.4,25,37.64144115524114,27.968458153677254,23.53988430458219,25.922625482182106,False,51.15,28.4,31944,0,2500,0,3991,0,0,0,0.0025,,,32.22485334213759,32.535954245004184,36.41464387443003,60.23309051621194,38.498422743697716,78.172817830227,-0.19989625750167772,0,0.004026899131404637,167.56583680278806,24.95704406936077,53.16283686087528,-11.024350759567286,23.57096713930215,23.17571793435917,,0.2000373138776946,40.72417266774871,4.102423865291311,1.2023100717550799,False,False,False,False,False,False,False,False,table,False,,
B-50ml-f0.50-p+18.7-above-y327-x+1.5-y-2.6,B,all,50,0.5,18.7,above,327,1.5,-2.6,25,37.64144115524114,27.968458153677254,23.53988430458219,25.922625482182106,False,25.17,28.4,58469,66236,0,0,0,0,0,136,,9.25499999999982,,118.19695102573655,90.41860198723708,9.567735365269343,38.07141589792186,38.498422743697716,99.64596634262696,4.604654863491597,66236,82.18824105671055,0.4164495700607498,3.80706741698178,19.417488010719943,9.613811887268591,14.40509930845558,26.20240343569315,,760.0409099614529,80.48876454475973,90.00002163791659,18.81958508861068,True,True,False,True,True,True,False,False,lift,False,0.08239299348481789,
B-60ml-f0.50-p+16.5-diagonal-y276-x+2.5-y-1.7,B,all,60,0.5,16.5,diagonal,276,2.5,-1.7,25,40.0,29.473137609610237,28.356481481481474,21.973137609610234,False,41.15,28.4,104883,78483,0,0,0,0,0,0,,8.51849999999892,20.207499999998255,7.845631482022487,11.971831222629136,6.765403483556823,43.974251745471065,44.1,99.35275426005444,5.668781013013047,78483,82.31734958053308,1.4542335615020512,5.604615369164225,21.30467837530257,9.320632538687423,11.622350635904056,30.074674914951263,2.29608088794364,2.3174645089676646,8.12375674955408,0.2475783814595821,0.06703368601659766,True,True,False,True,True,True,False,True,lift,False,0.10179534113999184,
B-100ml-f0.80-p-12.9-diagonal-y12-x+3.1-y+3.8,B,all,100,0.8,-12.9,diagonal,12,3.1,3.8,28,47.4252440598675,54.761678256703064,76.3330187385719,31.950801368259466,False,62.04,28.4,71589,1299,4471,0,2045,0,0,62,1.2524999999999176,,,43.680654899550646,39.42266587676214,9.764822957247517,66.69283172933456,59.874954642185315,92.84732896699339,-0.2011297196141265,1299,0.0013818470460945115,146.38350029393496,14.484029834477154,95.95815795358476,-34.603896220167655,36.02314748723605,5.80106271805559,,0.6667550845519977,106.76100247652381,89.99995688205316,23.992689172328937,False,False,False,False,False,False,False,False,table,False,,
B-50ml-f0.80-p-4.0-above-y147-x+1.9-y+5.6,B,all,50,0.8,-4.0,above,147,1.9,5.6,25,37.64144115524114,44.7495330458836,37.6638148873315,42.703700374388454,False,16.91,28.4,9325,1833,0,0,2061,0,0,8,1.3349999999999085,,,237.08168284095487,87.29750897667437,9.561362009357206,44.318489832276406,38.498422743697716,93.28683494832909,1.2271081584524919,1833,0.004068509443637069,269.0352337363494,233.29578577460637,80.64148898170812,-118.44964892966428,90.00021631999213,4467742.313256079,,1.1026388902361846,219.34883144534408,90.00021628042786,18.81963441562404,False,False,False,False,False,False,False,False,table,False,,
B-60ml-f0.80-p-17.2-side-y359-x+4.6-y-1.5,B,all,60,0.8,-17.2,side,359,4.6,-1.5,25,40.0,47.15702017537638,45.37037037037036,39.65702017537638,False,18.74,28.4,1234,0,0,0,4063,2,0,0,0.0025,,,1.605110851659855,0.0028979957704908976,84.62332279334655,74.40590051006902,44.1,20.1143634485856,0.06586593085934622,0,0.004073850607875511,311.50417715368866,125.82954418733097,-14.408483255915591,-120.02059666684656,90.00010413678585,9903567.68457191,,0.004110897005312269,36.991886633791204,90.00010412179765,19.998903161082147,False,False,False,False,False,False,False,False,table,False,,
B-100ml-f0.25-p-13.5-diagonal-y2-x-1.3-y+3.6,B,all,100,0.25,-13.5,diagonal,2,-1.3,3.6,28,47.4252440598675,17.11302445521971,23.854068355803715,-5.697852433223887,False,30.0,28.4,64631,1257,6044,0,1183,0,0,2695,1.2224999999999209,16.03100000000799,,126.26991048298663,87.13045615618437,30.21852704188451,67.68609762646956,59.874954642185315,91.77187439270911,-0.18662806885530459,1257,0.003907515132942294,144.97467007265936,24.308979921136395,114.96680063388865,15.294633231105733,85.34748303219025,-205.84803866512368,,5.270063470516273,97.21901093225274,90.00032239335586,23.822704587159166,False,False,False,False,False,False,False,False,table,False,1.998502498002139,
B-100ml-f0.25-p-19.2-diagonal-y70-x-1.0-y-5.3,B,all,100,0.25,-19.2,diagonal,70,-1.0,-5.3,28,47.4252440598675,17.11302445521971,23.854068355803715,-5.697852433223887,False,64.02,28.4,42099,0,734,0,1452,0,0,0,0.9999999999999453,,,39.7901262641437,17.442957327609925,26.822114997049304,77.84805675657452,59.874954642185315,82.47929318483514,-0.20024181986703915,0,0.007290960658549001,160.8578476560012,13.8726640260157,77.14429261049803,-58.030813231945814,5.545110184316453,57.036754297754946,,0.19647063715939964,27.728007449266908,7.127871251239155,2.6714337284343337,False,False,False,False,False,False,False,False,table,False,,
B-60ml-f0.80-p+16.5-side-y256-x+5.1-y-1.6,B,all,60,0.8,16.5,side,256,5.1,-1.6,25,40.0,47.15702017537638,45.37037037037036,39.65702017537638,False,27.87,28.4,53755,76357,0,0,0,0,0,0,,8.683999999999122,19.60049999999967,7.177383758990114,10.37177101491114,9.283525706759166,43.865669240056434,44.1,99.52074761547391,5.3732720956796705,76357,79.20619809124273,1.3952777934592104,6.307086276527428,38.71457812756164,9.765518084377922,9.399627699583016,13.113219315118636,-0.07226842593445999,0.07471089539683197,6.3080120098628125,1.6439082140536307,0.511674972235132,True,True,False,True,True,True,True,True,lift,False,0.20437900203192993,
B-60ml-f0.80-p+14.0-side-y148-x-5.6-y+3.6,B,all,60,0.8,14.0,side,148,-5.6,3.6,25,40.0,47.15702017537638,45.37037037037036,39.65702017537638,False,55.22,28.4,48997,3104,0,0,0,0,0,46911,,,,101.12502153056396,93.40169803241672,9.256137436720262,45.76003673026694,44.1,100.19161957459488,1.001414529392869,3104,0.8039213763944264,122.96280490939628,31.939805187919315,54.35264392670867,7.568965736354071,41.978419995372185,-0.10202120143744733,,0.057092443261046566,97.43434375127737,90.00357650334323,20.167708528641953,True,True,False,False,False,False,False,False,lift,False,,
B-50ml-f0.50-p-17.8-side-y217-x+1.4-y-2.9,B,all,50,0.5,-17.8,side,217,1.4,-2.9,25,37.64144115524114,27.968458153677254,23.53988430458219,25.922625482182106,False,55.65,28.4,54327,0,1334,0,4177,12,0,0,0.0025,,,13.870585530828475,10.989200041537648,89.22034981069818,75.60951157686517,38.498422743697716,63.46585282972413,-0.2003749452393483,0,0.0021045995825660214,172.8022597343324,18.999930870585803,63.024069917480716,-30.296267355631652,6.726483514850317,28.545515522012305,,0.20010355654613177,34.523188808407305,0.4892140804075659,0.13722571354523536,False,False,False,False,False,False,False,False,table,False,,
B-100ml-f0.50-p-3.7-above-y214-x-1.1-y-2.3,B,all,100,0.5,-3.7,above,214,-1.1,-2.3,28,47.4252440598675,34.22604891043942,47.70813671160743,11.415172021995819,False,92.06,28.4,55205,3449,8980,0,0,0,0,34876,,,,55.844891670471235,45.588600129759925,9.567747486659645,58.66727679274702,59.874954642185315,96.79417450013005,-1.2551027657411313,3449,1.9637878168755427,69.39519247851166,26.246530395264784,69.32568667109534,-33.04846994952548,3.7149954236516405,40.617098410245816,,4.1433858876425225,14.589920398524582,5.336565310774615,1.9993214980145013,True,True,False,False,False,False,False,False,lift,False,,
B-50ml-f0.80-p+4.5-above-y242-x-1.4-y-5.7,B,all,50,0.8,4.5,above,242,-1.4,-5.7,25,37.64144115524114,44.7495330458836,37.6638148873315,42.703700374388454,False,39.9,28.4,22006,722,0,0,0,0,0,55660,,,,14.171962508880869,6.281080075945787,9.568080607257542,38.0067157182177,38.498422743697716,97.99268493394823,-0.18919814905571375,722,0.007610701031497566,121.61855158330283,33.119546246719864,53.51559831512333,-4.3262561888702535,3.6437815988584075,12.679688524576155,,0.2001113493962717,35.33410976898848,0.22519026747132787,0.058526387438479134,True,True,False,False,False,False,False,False,lift,False,,
B-100ml-f0.50-p-19.9-above-y37-x+1.3-y+0.8,B,all,100,0.5,-19.9,above,37,1.3,0.8,28,47.4252440598675,34.22604891043942,47.70813671160743,11.415172021995819,False,78.25,28.4,77489,0,3384,0,2534,0,0,21361,1.0974999999999346,,,22.35493877360053,17.520034013177174,23.508088089357052,82.46513014561279,59.874954642185315,66.91158984719677,-0.20033309921259346,0,0.004035659377283459,133.14310708815464,28.37928514464545,71.46588205974017,-39.3099632087916,11.687357173328456,37.55650293696761,,0.20003357940627192,8.456816683722558,0.6045429166578836,0.21213927448717854,False,False,False,False,False,False,False,True,table,False,,
B-100ml-f0.80-p-4.1-above-y87-x-2.6-y-4.0,B,all,100,0.8,-4.1,above,87,-2.6,-4.0,28,47.4252440598675,54.761678256703064,76.3330187385719,31.950801368259466,False,56.04,28.4,65860,3623,4343,0,0,0,0,29879,,,,40.3188373210849,36.31313700810246,12.399337294396181,57.86893141771676,59.874954642185315,97.7166166440539,-0.1932153819777238,3623,0.006085814720639747,129.21559911850758,24.011262331714928,81.56878453497292,-17.357216105475942,23.494990277137667,12.107522293661743,,1.1680565254389954,45.809885077741356,89.9999572023985,24.090208531082293,True,True,False,False,False,False,False,False,lift,False,,
B-50ml-f0.25-p-4.9-above-y340-x+2.4-y-4.1,B,all,50,0.25,-4.9,above,340,2.4,-4.1,25,37.64144115524114,13.984229076838627,11.769942152291096,11.93839640534348,False,65.55,28.4,90875,2631,247,0,1947,0,0,37005,1.2949999999999129,,,54.43304859533708,43.03508214837593,11.962372588005838,46.79054264967852,38.498422743697716,90.11675185326982,-0.20107317596596008,2631,0.0031745239032373944,129.6572591047589,39.59062103935828,35.23860641271105,-1.5397670602923241,28.784691874925578,35.25183720296369,,0.20006975133031218,45.26951226691637,0.3639393001546761,0.09892925022234252,False,False,False,False,False,False,False,False,table,False,,
B-50ml-f0.50-p-11.0-side-y167-x+4.5-y-4.3,B,all,50,0.5,-11.0,side,167,4.5,-4.3,25,37.64144115524114,27.968458153677254,23.53988430458219,25.922625482182106,False,54.25,28.4,45829,0,1725,0,4045,0,0,0,0.0025,,,9.600055861227547,9.943963567788872,30.055679129346835,57.445437161973324,38.498422743697716,80.48479712858419,-0.2004631884035546,0,0.0017589523781748207,167.4551891842745,22.666671968868993,39.72660568053819,-9.204616030972904,4.427390456204419,29.228916837644068,,0.19908138583562188,12.730604195458913,3.123292896285796,0.9124825758104893,False,False,False,False,False,False,False,False,table,False,,
B-60ml-f0.50-p-3.6-diagonal-y331-x+4.4-y+3.1,B,all,60,0.5,-3.6,diagonal,331,4.4,3.1,25,40.0,29.473137609610237,28.356481481481474,21.973137609610234,False,23.08,28.4,53929,74666,0,0,1666,0,0,0,1.4499999999998958,9.273499999999842,19.60049999999967,4.632144349403578,5.693756657281753,6.76462153798009,45.33178576557536,44.1,98.59185206006133,4.427568306134458,74666,72.64789114282824,3.196330924467915,10.407400966506655,24.87925193793915,9.14028304118937,12.248019252284118,29.869330886762167,0.08006486105761237,0.33787670084531896,13.535653699302085,0.381254830810258,0.0983098538107689,False,True,False,True,True,False,True,False,table,False,0.20141532017188327,
B-100ml-f0.50-p-0.9-above-y193-x-1.2-y+3.4,B,all,100,0.5,-0.9,above,193,-1.2,3.4,28,47.4252440598675,34.22604891043942,47.70813671160743,11.415172021995819,False,73.91,28.4,60699,3112,5892,0,0,0,0,36957,,,,42.40828016538952,34.56773710058956,13.772668999900157,58.580505831183274,59.874954642185315,98.07084705946329,-0.19415631777522369,3112,0.008091552021732232,127.40595216227676,28.811913290075307,73.33349677905477,-24.066270908519037,24.122975808298808,32.360779562112555,,0.8356400687298896,30.050612178692827,89.99991279271471,23.71135819756722,True,True,False,False,False,False,False,False,lift,False,,
B-50ml-f0.80-p+7.2-diagonal-y118-x-5.7-y+5.5,B,all,50,0.8,7.2,diagonal,118,-5.7,5.5,25,37.64144115524114,44.7495330458836,37.6638148873315,42.703700374388454,False,67.47,28.4,4857,383,0,0,0,0,0,56431,,,,30.63493547029431,10.467364131211328,6.765099957644665,38.29745971942302,38.498422743697716,100.00704209088748,-0.19990943260878025,383,0.001635196414780728,135.31064629840415,33.38907019813232,69.23664717570364,-17.717455453115843,7.2962206741120985,11.5941713935597,,0.20010193722171812,36.89684588282503,0.16712723788580167,0.03981008655006135,True,True,False,False,False,False,False,False,lift,False,,
B-60ml-f0.80-p-15.7-above-y52-x-1.3-y+3.2,B,all,60,0.8,-15.7,above,52,-1.3,3.2,25,40.0,47.15702017537638,45.37037037037036,39.65702017537638,False,33.36,28.4,5898,0,0,0,1556,0,0,11859,1.0274999999999423,,,1.3059069698874677,9.44706049521254,64.80006155588318,69.1669203212451,44.1,0.5148766993295206,-0.20004931007169824,0,0.0017152595081908765,196.24372125658297,9.711381179836625,139.4733196099523,-89.84653387656188,1.6338133515656124,15.579563056743568,,0.19999589100491674,37.823601982376964,11.7388255492499,35.21849169821348,False,False,False,False,False,False,False,False,table,False,,
B-60ml-f0.50-p-10.2-side-y81-x-1.3-y+1.7,B,all,60,0.5,-10.2,side,81,-1.3,1.7,25,40.0,29.473137609610237,28.356481481481474,21.973137609610234,False,47.91,28.4,50065,427,7616,0,4007,0,0,0,0.0025,,,10.967372531839931,5.772317059726147,26.930520549942827,58.591452717333596,44.1,85.40576157554426,-0.19155325413773572,427,0.004618328644224018,150.64060357374188,16.04356090075217,66.53063159866988,-31.952412566726764,8.100769164600054,31.21483649258836,,0.20010826915791569,23.284163584663197,0.2685600763638197,0.07575504303249539,False,False,False,False,False,False,False,False,table,False,,
B-50ml-f0.25-p+15.1-side-y64-x+1.0-y-2.4,B,all,50,0.25,15.1,side,64,1.0,-2.4,25,37.64144115524114,13.984229076838627,11.769942152291096,11.93839640534348,False,27.45,28.4,113842,78326,0,0,0,0,0,477,,8.672999999999108,19.60049999999967,5.998234683278666,10.480490322770875,8.59941363004168,38.41684092038233,38.498422743697716,99.2529817158194,5.383919195709019,78326,83.10554760297741,0.43522709073888133,4.140145145996424,6.360357283088022,8.935673937485387,11.645139432335865,41.042839080834874,-0.023617570044986602,0.2975432326740187,33.9712722921093,0.5622723904751972,0.15563614811779805,True,True,False,True,True,True,True,False,lift,False,0.08431805905336555,
B-100ml-f0.50-p-2.7-above-y257-x+1.3-y-4.1,B,all,100,0.5,-2.7,above,257,1.3,-4.1,28,47.4252440598675,34.22604891043942,47.70813671160743,11.415172021995819,False,31.97,28.4,71833,75168,0,0,0,0,0,0,,9.317499999999896,19.636499999999586,38.92171091846588,21.989528109496746,9.56774709390075,58.5475571333952,59.874954642185315,100.72111588635659,4.530786565576345,75168,88.49874165679694,1.6607353906346358,2.2590319129166123,24.661237426871153,12.420527038453837,2.4571175212862437,41.09191477069834,7.162560037513065,7.143975991854747,14.886835398459795,0.6633997708888371,0.22032549407458987,True,True,False,True,True,True,False,False,lift,False,0.055909252030776804,
B-60ml-f0.25-p+5.9-above-y301-x-5.0-y-1.7,B,all,60,0.25,5.9,above,301,-5.0,-1.7,25,40.0,14.736568804805119,14.178240740740737,7.236568804805119,False,81.28,28.4,35046,507,0,0,0,0,0,71627,,,,25.727748410683024,15.985790491467965,9.569594169691026,41.00271264901357,44.1,101.72602092422534,-0.2001323772912872,507,0.0032175500580296397,125.19188836219985,32.28217942132296,28.21822835570772,-7.705028154746718,5.728163768250191,46.70785584783055,,0.20011678902751398,34.79135925884948,0.047723136778444475,0.006283524120145113,True,True,False,False,False,False,False,False,lift,False,,
B-100ml-f0.25-p-8.4-side-y13-x-1.1-y-1.5,B,all,100,0.25,-8.4,side,13,-1.1,-1.5,28,47.4252440598675,17.11302445521971,23.854068355803715,-5.697852433223887,False,36.78,28.4,62504,46914,5398,0,0,0,0,7764,,8.324999999998683,19.609999999999648,35.14047256484869,18.357587265141895,9.322500523990529,59.42193346599622,59.874954642185315,99.19547632523874,6.036011993072076,46914,94.58674940045012,2.076387510772361,18.602712320164255,30.747444792556777,-9.294359451143528,4.1699385971723375,57.55808407190792,15.334167905873342,15.33349507821248,22.381212544036007,0.2570717895721783,0.08995700072877441,True,True,False,True,True,False,False,False,lift,False,0.7804098225486685,
B-60ml-f0.50-p+16.0-diagonal-y265-x+2.6-y-2.0,B,all,60,0.5,16.0,diagonal,265,2.6,-2.0,25,40.0,29.473137609610237,28.356481481481474,21.973137609610234,False,31.04,28.4,65360,64693,832,0,0,0,0,0,,8.574999999998989,,21.184626395444266,28.849031151584132,6.765403738802932,43.88843621703938,44.1,99.36688626377388,5.4573658490745665,64693,80.20298876797706,0.8698031566992559,5.332692814898531,21.700665777169352,9.189838898377323,10.005254298730371,30.601274701646606,,1058.175279216121,8.418535213733715,7.092483718708582,2.218119288523857,True,True,False,True,True,False,False,False,lift,False,0.0968737178744341,
B-50ml-f0.50-p+10.9-side-y324-x-1.9-y+0.0,B,all,50,0.5,10.9,side,324,-1.9,0.0,25,37.64144115524114,27.968458153677254,23.53988430458219,25.922625482182106,False,30.63,28.4,23507,198,0,0,0,0,0,43959,,,,16.893765599682023,5.465652811997129,7.74043062323973,38.29620880068153,38.498422743697716,96.79078204561563,-0.18775529310501027,198,0.007222472147806412,128.55239646361207,32.32357501767885,43.15915686035282,-8.739580404068665,7.129917758517121,28.424990163541743,,0.20009617123442475,39.6793072172191,0.2966260303728159,0.0798713612677282,True,True,False,False,False,False,False,False,lift,False,,
B-50ml-f0.25-p-19.0-side-y184-x-5.5-y+3.3,B,all,50,0.25,-19.0,side,184,-5.5,3.3,25,37.64144115524114,13.984229076838627,11.769942152291096,11.93839640534348,False,74.54,28.4,82510,0,5634,0,4305,14,0,0,0.0025,,,22.834706492854902,16.174332050969955,91.02059992282004,78.77456908646056,38.498422743697716,60.338476417319086,-0.20301215758902758,0,0.012294562808150179,168.5049930334156,15.249806781092001,62.52685593710459,-41.69471618152754,12.730415581562706,40.70841741972544,,0.20011877352825755,35.74855482915771,0.27223415047213173,0.07158127059659185,False,False,False,False,False,False,False,False,table,False,,
B-50ml-f0.50-p-6.2-diagonal-y129-x-0.3-y+0.2,B,all,50,0.5,-6.2,diagonal,129,-0.3,0.2,25,37.64144115524114,27.968458153677254,23.53988430458219,25.922625482182106,False,47.96,28.4,91715,820,5875,0,2265,0,0,0,1.1599999999999278,,,42.5203845396999,42.08628619229119,12.611751264452021,49.821756041795545,38.498422743697716,88.14642486340352,-0.194671513826572,820,0.010004099752239225,146.99499414799126,13.176594654080931,55.174255039704946,-26.255859978686484,6.9205537464698965,28.487563073098094,,0.4595138544828751,11.602988970643528,90.00015428973228,18.819636610790614,False,False,False,False,False,False,False,False,table,False,,
B-50ml-f0.25-p+15.7-diagonal-y173-x-4.7-y-0.6,B,all,50,0.25,15.7,diagonal,173,-4.7,-0.6,25,37.64144115524114,13.984229076838627,11.769942152291096,11.93839640534348,False,24.1,28.4,30467,166,0,0,0,0,0,53970,,,,19.546721998172586,5.271994880062064,6.765410988303813,40.29654260971572,38.498422743697716,100.15240615726327,-0.1982905927971762,166,0.006891343346190875,130.46416324016423,30.900978711783264,30.539071182002427,-8.592969035555287,10.07611959546057,41.521795026224424,,0.20012355134275459,41.318785381916605,0.1426815039828001,0.03395760431171868,True,True,False,False,False,False,False,False,lift,False,,
B-60ml-f0.50-p-4.4-side-y184-x+5.6-y+6.0,B,all,60,0.5,-4.4,side,184,5.6,6.0,25,40.0,29.473137609610237,28.356481481481474,21.973137609610234,False,29.99,28.4,31206,5768,748,0,2999,0,0,0,0.0025,,,124.94843317629064,95.83644050179734,13.864204640908588,45.72578736022855,44.1,97.43867388689256,-0.29984190896180374,5768,0.006013723960748788,129.96767060589985,102.39302088812234,93.78304324714196,-102.17677448535338,90.00009156064863,11263868.696330527,,3.5354719822840046,89.16194617300572,90.00004928209783,19.99885430845449,False,True,False,False,False,False,False,False,table,False,,
B-100ml-f0.25-p+7.9-diagonal-y251-x+1.1-y+1.2,B,all,100,0.25,7.9,diagonal,251,1.1,1.2,28,47.4252440598675,17.11302445521971,23.854068355803715,-5.697852433223887,False,29.24,28.4,86248,79459,0,0,0,0,0,0,,9.281499999999852,19.60049999999967,9.94620932961892,9.062393136596121,6.765407440374065,59.46512754935996,59.874954642185315,99.667228977159,5.113800686330369,79459,85.96594081679056,0.71587518929558,1.298908659224606,22.85467188138863,-2.9053639466885413,6.477521074581819,56.68192813066412,0.4317457214603886,0.5571030430979967,16.550741805543897,0.5245757421172423,0.19058989603378573,True,True,False,True,True,False,True,False,lift,False,0.04527153786116185,
B-50ml-f0.80-p+18.9-above-y2-x+1.1-y+2.5,B,all,50,0.8,18.9,above,2,1.1,2.5,25,37.64144115524114,44.7495330458836,37.6638148873315,42.703700374388454,False,30.72,28.4,99947,76830,0,0,0,0,0,298,,9.261999999999828,19.60049999999967,8.178555229994636,13.400061459920671,9.568497533438823,38.187411968684934,38.498422743697716,99.47126201527307,4.558934903750478,76830,82.9228970897124,0.23965732791450353,1.9438164198414762,36.51004380150719,9.676965177243702,15.626670290597,9.035802352014885,0.368996099526388,0.487264489974306,41.65079518385593,0.31834605638667735,0.08568274347146855,True,True,False,True,True,True,True,False,lift,False,0.054298105191455795,
B-60ml-f0.80-p+7.8-side-y354-x+2.9-y-2.3,B,all,60,0.8,7.8,side,354,2.9,-2.3,25,40.0,47.15702017537638,45.37037037037036,39.65702017537638,False,35.09,28.4,51321,67356,0,0,0,0,0,35,,8.539499999998945,,20.314732349229587,20.948716028587686,9.515312578111786,43.87208539534288,44.1,99.670321370777,5.561411880856418,67356,81.38215928349113,0.6322815294980229,3.7979980739736057,39.42134733708887,10.019135380175292,3.049726338171295,15.133974184218431,,14.095029559787413,21.824254046968477,3.2263669374803534,1.0086538582999558,True,True,False,True,True,True,False,False,lift,False,0.09234447756333362,
B-100ml-f0.80-p-9.8-side-y292-x-3.3-y-4.1,B,all,100,0.8,-9.8,side,292,-3.3,-4.1,28,47.4252440598675,54.761678256703064,76.3330187385719,31.950801368259466,False,30.28,28.4,66085,14542,6525,0,2722,0,0,15673,0.0025,8.275999999998623,,31.48989466311028,16.05293745729559,11.221550494521255,60.62514236540121,59.874954642185315,97.79897551545541,7.692057321458778,14542,102.63239455340228,10.963556352049089,9.104122518120878,113.58146062701708,-54.94280236923441,4.7584622967173935,19.686578515521294,,14.596770548461794,19.865764708650783,1.2188206731217395,0.448909774127624,False,True,False,True,False,False,False,False,table,False,1.07987715325393,
B-100ml-f0.80-p-14.5-above-y75-x-3.3-y+0.3,B,all,100,0.8,-14.5,above,75,-3.3,0.3,28,47.4252440598675,54.761678256703064,76.3330187385719,31.950801368259466,False,48.9,28.4,56640,3955,2478,0,2151,0,0,31072,1.257499999999917,,,36.92571725853317,33.09123995156522,12.613139195386328,71.28505689420446,59.874954642185315,82.39838393567045,-0.19172306080283974,3955,0.007094221071617948,129.10749578125692,24.725385620369963,81.54743442750032,-22.777581879155935,19.35798099801792,13.905472108325,,0.1991341136184877,24.386869765795165,2.590154783508281,0.9687588044593612,False,False,False,False,False,False,False,False,table,False,,
B-50ml-f0.80-p+4.5-side-y316-x-2.7-y+1.3,B,all,50,0.8,4.5,side,316,-2.7,1.3,25,37.64144115524114,44.7495330458836,37.6638148873315,42.703700374388454,False,71.04,28.4,30308,1251,0,0,0,0,0,44764,,,,380.2668526938524,90.23580423433867,6.882445111821401,38.28903793495735,38.498422743697716,91.8549237597321,-0.08621368418665343,1251,1.0294214154185635,123.06740672197118,33.037629286233745,50.660531102754675,2.775753922840407,39.629652419766536,-0.21517674474693868,,1.5741991542042926,561.3632985361471,90.00057841628227,19.113571957465787,True,True,False,False,False,False,False,False,lift,False,,
B-50ml-f0.50-p-14.6-above-y221-x-4.0-y-0.8,B,all,50,0.5,-14.6,above,221,-4.0,-0.8,25,37.64144115524114,27.968458153677254,23.53988430458219,25.922625482182106,False,60.49,28.4,37765,0,0,0,2877,0,0,38484,0.9924999999999461,,,0.95986209964458,1.0770212756842363,32.075989226196576,58.850448491977986,38.498422743697716,73.85394340018159,-0.20033437759073291,0,0.00024968667567946474,125.60752952186591,30.652827910032176,37.01454215256375,-19.05548515770207,25.106820914329155,22.630995442210242,,0.2015444856003265,2.421576204685326,5.746972895431681,1.6842082605437634,False,False,False,False,False,False,False,False,table,False,,
B-60ml-f0.50-p-17.0-diagonal-y255-x-5.1-y-0.9,B,all,60,0.5,-17.0,diagonal,255,-5.1,-0.9,25,40.0,29.473137609610237,28.356481481481474,21.973137609610234,False,56.4,28.4,55434,0,3003,0,2920,0,0,0,0.8374999999999632,,,25.868317893157833,16.808536716303916,32.56311197051032,73.91588526500713,44.1,69.08610565388315,-0.20101051507984136,0,0.0023259045341951475,169.40456438768226,15.271254613958531,66.5040214675573,-33.72796782473486,2.8833181063283897,32.87027586987062,,0.2001015369168585,27.85837145821628,0.06029572714072674,0.009659403257708683,False,False,False,False,False,False,False,False,table,False,,
B-100ml-f0.25-p-9.3-diagonal-y221-x-1.5-y+3.5,B,all,100,0.25,-9.3,diagonal,221,-1.5,3.5,28,47.4252440598675,17.11302445521971,23.854068355803715,-5.697852433223887,False,41.08,28.4,73197,74916,0,0,1576,0,0,1897,1.5049999999998898,9.290999999999864,19.60049999999967,36.31955815360657,15.69224455131487,6.765132618686776,59.85701553281883,59.874954642185315,99.2193520892772,5.092404894930916,74916,87.74685914903448,1.940880262548947,3.600994915802931,25.312410918688055,-5.656700903242773,7.485555151138008,56.296839912275274,5.469883870004376,7.022957395907577,6.567250713589804,1.5749954308199294,0.584044335513507,False,True,False,True,True,False,False,True,table,False,0.09413404530689243,
B-100ml-f0.25-p+11.2-diagonal-y331-x-4.0-y+3.9,B,all,100,0.25,11.2,diagonal,331,-4.0,3.9,28,47.4252440598675,17.11302445521971,23.854068355803715,-5.697852433223887,False,39.76,28.4,57167,2708,7284,0,0,0,0,40496,,,,54.339881816481174,42.25974823688765,10.419282225494136,58.251854948289626,59.874954642185315,102.45378474157974,-0.19456817165713902,2708,0.006606355086860922,127.59480691287128,28.9375429586275,73.06776368140902,-29.972516863781884,33.05339798895937,45.097787795355444,,0.7232309164617636,32.41018842693916,90.0000132342624,24.092614072160863,True,True,False,False,False,False,False,False,lift,False,,
B-50ml-f0.80-p-3.6-diagonal-y75-x+2.5-y-1.1,B,all,50,0.8,-3.6,diagonal,75,2.5,-1.1,25,37.64144115524114,44.7495330458836,37.6638148873315,42.703700374388454,False,38.15,28.4,59282,11008,330,0,2000,0,0,0,1.2924999999999132,,,12.224108863151727,16.603684811241866,7.193558749516337,44.473310080177704,38.498422743697716,93.55322994727608,-0.00043476756976523756,11008,0.0030809790910225564,133.45385716106105,8.381330234404697,44.52029001789344,4.533998627797575,14.01118518971044,9.544731720046606,,0.20016878048779366,16.8421250106259,3.566525129211324,1.0448188038719752,False,False,False,False,False,False,False,False,table,False,,
B-50ml-f0.80-p-14.6-side-y62-x-0.7-y-5.4,B,all,50,0.8,-14.6,side,62,-0.7,-5.4,25,37.64144115524114,44.7495330458836,37.6638148873315,42.703700374388454,False,48.7,28.4,40246,0,546,0,4034,2,0,0,0.0025,,,5.23948099875576,5.018528098310575,77.77440271546536,66.5461137844358,38.498422743697716,71.78185464780965,-0.2003096215334177,0,0.003819910006297159,167.97239553186625,20.13068887638085,63.606885565733336,-18.693892309528266,7.948619731396077,11.39866288819625,,0.20046127613612527,11.538414136069958,1.8647501945405818,0.5315202547778128,False,False,False,False,False,False,False,False,table,False,,
B-60ml-f0.25-p+5.8-side-y120-x+0.1-y-0.5,B,all,60,0.25,5.8,side,120,0.1,-0.5,25,40.0,14.736568804805119,14.178240740740737,7.236568804805119,False,44.18,28.4,47312,2597,0,0,0,0,0,68875,,,,34.24308027595233,31.26266928951549,8.852089308130788,44.1471157612074,44.1,97.54828064170867,-0.20099615753384203,2597,0.0005401453214551764,120.42996188036267,33.579627097709015,23.080042525193655,-0.9694874783430091,14.775272979446878,43.76593561037319,,0.20001108141567325,41.369118860151644,3.46109993916251,1.0797180409756815,True,True,False,False,False,False,False,False,lift,False,,
B-60ml-f0.80-p-15.9-diagonal-y177-x+1.7-y-0.3,B,all,60,0.8,-15.9,diagonal,177,1.7,-0.3,25,40.0,47.15702017537638,45.37037037037036,39.65702017537638,False,40.76,28.4,58007,0,576,0,2855,0,0,0,0.874999999999959,,,8.654719954868261,7.554204751053734,29.48360393536944,71.16633426133538,44.1,72.96100991377146,-0.20016826707114355,0,0.0009462233913905374,167.93803974883792,21.560304087557203,67.95875875711602,-17.13288668829238,3.061842659533739,15.13015688170427,,0.20008922779675883,16.802271132187915,0.16400148907571002,0.04213772105444561,False,False,False,False,False,False,False,False,table,False,,
