id,design,varied,bottle,fill,pitch,approach,yaw,dx,dy,neck_mm,bottle_d_mm,liquid_mm,liquid_g,dive_target_mm,diverged,wall_s,sim_s,contacts_pads_bottle,contacts_blades_cap,contacts_pipette_bottle,contacts_pipette_clamp,contacts_rig_floor,contacts_pads_floor,contacts_pipette_floor,contacts_rig_bottle,contacts_clamp_rig,contacts_clamp_pads,contacts_pipette_rig,table_hit_s,thread_released_s,thread_reengaged_s,slip_mm,tilt_in_hand_deg,track_worst,pad_height_mm,pad_planned_mm,lift_mm,cap_rise_mm,blade_contacts,cap_off_axis_mm,cap_to_seat_mm,tip_off_axis_mm,tip_height_mm,tip_submerged_mm,bottle_tilt_dive_deg,liquid_to_shoulder_mm,recap_lift_mm,cap_end_mm,placed_error_mm,placed_tilt_deg,placed_z_mm,ok_table,ok_rig_clear,ok_grip,ok_lift,ok_uncap,ok_cap_away,ok_reach_liquid,ok_recap,ok_place,first_failure,success,blade_slip_turns,seated,seat_torque_Nm,seat_extra_turns,seat_hold_s,error
A-10ml-f0.25-p+0.0-above-y0-x-3.0-y+0.0,A,dx,10,0.25,0,above,0,-3,0,18,22.01284832596418,9.071233030783917,2.240207798703662,42.75528824620785,False,19.06,28.4,1732,0,0,0,6019,0,0,11020,0,0,1598,1.2099999999999222,,,56.74885432487844,86.31938722470294,15.38824737066719,19.9456641928253,4.720514774164915,53.381504742986834,-0.028918524273516266,0,0.003512069086076653,227.46432026361364,112.00079022584663,33.67466494416252,-106.95232330302358,90.00209547615592,256117.9515725559,,0.07741867457140197,44.47713638149177,90.00209291879068,11.005846844611714,False,False,False,False,False,False,False,False,False,table,False,,False,,,0.0,
A-10ml-f0.25-p+0.0-above-y0-x-6.0-y+0.0,A,dx,10,0.25,0,above,0,-6,0,18,22.01284832596418,9.071233030783917,2.240207798703662,42.75528824620785,False,30.17,28.4,520,0,0,0,6027,0,0,51234,0,0,3119,1.2099999999999222,,,62.10031963625013,89.69519100090497,15.327349442567542,20.161245529720556,4.720514774164915,57.57479953908338,-0.19925631590780868,0,0.007177629225401351,142.893810269189,37.084287685862336,59.293478727527855,-48.451279513880074,0.6073943784716913,22.430329469605553,,0.08616023748996202,64.87762773955279,90.00209850269592,11.005851618945137,False,False,False,False,False,False,False,False,False,table,False,,False,,,0.0,
A-10ml-f0.25-p+0.0-above-y180-x+0.0-y+0.0,A,yaw,10,0.25,0,above,180,0,0,18,22.01284832596418,9.071233030783917,2.240207798703662,42.75528824620785,False,40.26,28.4,233037,0,7884,0,6027,0,0,0,0,0,0,1.2099999999999222,,,0.2680013302879899,0.7701559016849442,15.339441363966571,19.956782796987987,4.720514774164915,83.96984164967012,-0.19877434308056274,0,0.007110406240574279,138.41062375633643,0.060393708111211836,20.82667359652127,-10.379315761850846,0.4757344635308992,22.451853908369966,,0.19983918322294242,0.13289914745043804,0.08999426987136466,0.0071439311647794775,False,True,False,False,False,False,False,False,True,table,False,,False,,,0.0,
A-10ml-f0.25-p+0.0-above-y0-x+0.0-y+3.0,A,dy,10,0.25,0,above,0,0,3,18,22.01284832596418,9.071233030783917,2.240207798703662,42.75528824620785,False,41.87,28.4,201505,0,5583,0,6027,0,0,0,0,0,0,1.2099999999999222,,,0.2196120488290125,0.5956862655968999,15.334693227984392,19.978135775151582,4.720514774164915,83.95826820708423,-0.19845987763760647,0,0.007233800314722198,138.35300708833952,0.16387872133171769,20.845019513379988,-10.394943350711324,0.7747644880711207,22.402965401226776,,0.19658487458097162,2.9993457381847297,1.7949563004511183e-05,-0.0016072868837144197,False,True,False,False,False,False,False,False,True,table,False,,False,,,0.0,
A-10ml-f0.25-p-10.0-above-y0-x+0.0-y+0.0,A,pitch,10,0.25,-10,above,0,0,0,18,22.01284832596418,9.071233030783917,2.240207798703662,42.75528824620785,False,43.14,28.4,40954,0,0,0,1723,0,0,0,0,0,1598,0.9099999999999552,,,1.5687757438124337,8.47229334988965,58.16378135152674,43.80160077571148,4.720514774164915,0.7760811856082106,-0.20004821006491813,0,0.003385119335640603,204.13478683702482,0.9100910363750033,117.7118694820944,-107.26682912255124,0.312768382142249,22.478495327345435,,0.09312807090664381,84.27064167478775,90.00391623077913,11.142312148764761,False,False,False,False,False,False,False,False,False,table,False,,False,,,0.0,
A-10ml-f0.25-p+0.0-above-y90-x+0.0-y+0.0,A,yaw,10,0.25,0,above,90,0,0,18,22.01284832596418,9.071233030783917,2.240207798703662,42.75528824620785,False,44.53,28.4,232996,0,7848,0,6027,0,0,0,0,0,0,1.2099999999999222,,,0.26592402437541307,0.7874991281662407,15.33883264954862,19.95674268598244,4.720514774164915,83.96992160431151,-0.1999586847148821,0,0.006578911571724771,138.41097308663947,0.05978473437324464,20.81426960823805,-10.366937954414137,0.47018493022788893,22.45276115492809,,0.1998674379227116,0.1467784927833937,0.10471955508144147,0.009547745389274881,False,True,False,False,False,False,False,False,True,table,False,,False,,,0.0,
A-10ml-f0.25-p-20.0-above-y0-x+0.0-y+0.0,A,pitch,10,0.25,-20,above,0,0,0,18,22.01284832596418,9.071233030783917,2.240207798703662,42.75528824620785,False,44.97,28.4,0,0,0,0,3699,0,0,0,0,0,1598,0.6499999999999838,,,0.8024797388117573,0.005053634276955448,64.82793034689466,69.60009422206096,4.720514774164915,-0.0016072869046784757,-0.2001005323612401,0,1.4823624923550833e-07,199.07615501009704,4.524036129747985,117.16231435731639,-106.71527710500779,1.5177012312529227e-05,22.52962174422587,,0.20010053236129335,1.244759665422047e-07,1.4463842815886967e-05,-0.0016072869047734238,False,False,False,False,False,False,False,False,True,table,False,,False,,,0.0,
A-10ml-f0.25-p+0.0-side-y0-x+0.0-y+0.0,A,approach,10,0.25,0,side,0,0,0,18,22.01284832596418,9.071233030783917,2.240207798703662,42.75528824620785,False,45.46,28.4,155012,0,6287,0,6389,0,0,0,0,0,0,0.0025,,,0.6086441125824451,1.5750912406155164,99.95815753629411,19.655800231822475,4.720514774164915,84.56964151574809,-0.19400762285956552,0,0.007529754819321644,148.12758833580014,15.096610670606779,23.634943060391652,-12.827678787206253,1.3563641621759752,22.307857328817924,,0.20013515574309848,15.325749140703996,1.5032236230862699e-05,-0.0016072763680410312,False,True,False,False,False,False,False,False,False,table,False,,False,,,0.0,
A-10ml-f0.25-p+0.0-above-y270-x+0.0-y+0.0,A,yaw,10,0.25,0,above,270,0,0,18,22.01284832596418,9.071233030783917,2.240207798703662,42.75528824620785,False,46.16,28.4,233030,0,7862,0,6027,0,0,0,0,0,0,1.2099999999999222,,,0.2565689211600028,0.7833448307273486,15.338891592053015,19.956778802509458,4.720514774164915,83.96985681143691,-0.1992572198522488,0,0.007101734189232102,138.40936001483792,0.060102756167064175,20.82780559234589,-10.380432371630791,0.4799111195552837,22.451171101018144,,0.20010152322778954,0.12411187061898334,1.493493918113918e-05,-0.001607286901443547,False,True,False,False,False,False,False,False,True,table,False,,False,,,0.0,
A-10ml-f0.25-p-5.0-above-y0-x+0.0-y+0.0,A,pitch,10,0.25,-5,above,0,0,0,18,22.01284832596418,9.071233030783917,2.240207798703662,42.75528824620785,False,50.34,28.4,233043,0,8306,0,2743,0,0,0,0,0,0,1.0499999999999399,,,0.16258951805123772,0.15319190760254803,25.954988367791884,30.609509116707496,4.720514774164915,73.31022534134445,-0.19912709727433475,0,0.007186280833224732,146.89775140440628,0.8982838131288432,31.665700679752337,-21.236573110718762,1.8420372902104947,22.228401761548536,,0.19873947047806714,0.0211660315975345,1.4959322771548181e-05,-0.001607236135623186,False,True,False,False,False,False,False,False,True,table,False,,False,,,0.0,
A-10ml-f0.50-p-10.0-above-y0-x+0.0-y+0.0,A,pitch,10,0.5,-10,above,0,0,0,18,22.01284832596418,18.142466061567834,4.480415597407324,47.89775430777567,False,19.48,28.4,11505,0,0,0,3071,0,0,0,0,0,1488,0.9099999999999552,,,54.20252049154178,72.8196970226898,39.748626794973624,43.82577104749645,4.720514774164915,3.057230278785821,-0.013386840196222272,0,0.00350743775712122,219.91258504783124,126.0260334091548,5.678844163683888,-107.07498595486925,90.00180679126515,297027.20909080154,,0.005229615953042644,66.98973432045672,90.0018068559467,11.005762823774214,False,False,False,False,False,False,False,False,False,table,False,,False,,,0.0,
A-10ml-f0.25-p+0.0-diagonal-y0-x+0.0-y+0.0,A,approach,10,0.25,0,diagonal,0,0,0,18,22.01284832596418,9.071233030783917,2.240207798703662,42.75528824620785,False,65.75,28.4,155016,0,6277,0,4680,0,0,0,0,0,0,1.1174999999999324,,,0.6083473751822664,1.5685586953486421,15.348274569555016,19.655990161728834,4.720514774164915,84.5693017465448,-0.19260669432062671,0,0.0071411110894161155,148.1256041888674,15.094127975203262,23.633706447621943,-12.82924504160543,1.3460901731640824,22.309537756928684,,0.20008743181672642,15.362735713877177,0.0678352209262492,0.0035170693151169996,False,True,False,False,False,False,False,False,False,table,False,,False,,,0.0,
A-10ml-f0.25-p+10.0-above-y0-x+0.0-y+0.0,A,pitch,10,0.25,10,above,0,0,0,18,22.01284832596418,9.071233030783917,2.240207798703662,42.75528824620785,False,67.57,28.4,159970,0,9670,0,0,3430,0,0,0,0,0,1.3799999999999035,,,19.427716461809347,1.814613519070959,9.560182498009198,13.95752067860033,4.720514774164915,85.25549257005022,-0.2000204988154286,0,0.007235080677445631,136.344581789142,5.668509741197317,52.89955774577124,-42.54089551055427,0.983085005795491,22.368903098786287,,0.20010299289719982,3.210555758999603,1.3950776330441617e-05,-0.0016072869116175335,False,True,False,False,False,False,False,False,True,table,False,,False,,,0.0,
A-10ml-f0.25-p+0.0-above-y0-x+6.0-y+0.0,A,dx,10,0.25,0,above,0,6,0,18,22.01284832596418,9.071233030783917,2.240207798703662,42.75528824620785,False,68.1,28.4,135278,0,18807,0,5988,0,0,0,0,0,0,1.2099999999999222,,,3.3415066097355153,9.392757330722278,15.517424591529556,19.9308796026676,4.720514774164915,84.10493435949589,-0.20011198189703178,0,0.0006125848799674174,142.18514437193087,3.0948375414544467,30.15643788514142,-18.878167893486815,9.950298860157968,20.886492237308286,,0.20005215466588958,1.3237285843068445,0.1880678038499882,0.02314347596985036,False,True,False,False,False,False,False,False,True,table,False,,False,,,0.0,
A-10ml-f0.25-p+0.0-above-y0-x+0.0-y+6.0,A,dy,10,0.25,0,above,0,0,6,18,22.01284832596418,9.071233030783917,2.240207798703662,42.75528824620785,False,51.18,28.4,212131,0,4419,0,6027,0,0,0,0,0,0,1.2099999999999222,,,0.17137369107727238,0.3997027412276976,15.3267388505063,19.884399727141762,4.720514774164915,84.05320081375127,-0.20026534906993076,0,0.0009281043207948394,138.5866132670089,0.2629353845611425,20.372801099655128,-9.920510942398542,0.8931686976925911,22.38360570292517,,0.19828825501545833,5.999874306960862,1.8821788102366937e-05,-0.0016072539253763477,False,True,False,False,False,False,False,False,True,table,False,,False,,,0.0,
A-10ml-f0.25-p+0.0-above-y0-x+3.0-y+0.0,A,dx,10,0.25,0,above,0,3,0,18,22.01284832596418,9.071233030783917,2.240207798703662,42.75528824620785,False,75.72,28.4,201998,0,15532,0,6018,0,0,0,0,0,0,1.2099999999999222,,,1.3038288140410614,4.209786712602289,15.497355435085378,19.955559153634557,4.720514774164915,84.02325964503453,-0.20011296879728774,0,0.0010845413078290978,140.33353817465076,1.8157492843821421,25.61568522671363,-14.980933454008582,4.471494865826385,21.797179306825218,,0.20002056706981555,0.7443503265676411,0.3026054660983042,0.0421852676864798,False,True,False,False,False,False,False,False,True,table,False,,False,,,0.0,
A-10ml-f0.25-p+0.0-above-y0-x+0.0-y-6.0,A,dy,10,0.25,0,above,0,0,-6,18,22.01284832596418,9.071233030783917,2.240207798703662,42.75528824620785,False,78.19,28.4,223217,0,4853,0,6027,0,0,0,0,0,0,1.2099999999999222,,,0.21667378500255347,0.487782556590855,15.326945123735683,19.848289670491177,4.720514774164915,84.07586992289465,-0.19925770505353074,0,0.006981295336840423,138.48704275323806,0.19464403969633864,20.482866427045227,-10.032260104862273,0.7905983517689672,22.400376549229062,,0.2001023170776771,5.99341322777909,1.493493918113918e-05,-0.0016072869152039195,False,True,False,False,False,False,False,False,True,table,False,,False,,,0.0,
A-10ml-f0.25-p+5.0-above-y0-x+0.0-y+0.0,A,pitch,10,0.25,5,above,0,0,0,18,22.01284832596418,9.071233030783917,2.240207798703662,42.75528824620785,False,80.1,28.4,151523,2072,4086,0,2796,3147,0,0,0,0,0,1.367499999999905,,,2.2018758263110985,6.19609869439669,9.562481501136045,12.616134478108103,4.720514774164915,89.91875373392875,-0.07717004229709085,2072,0.6793120188741091,133.16962760398013,0.267577833242795,15.445254526301895,-5.004190198561701,4.311158382526052,21.823544170828693,,0.8016809016884849,1.105343979332155,1.7560460477607025,0.27940124425746304,False,True,False,False,False,False,False,False,True,table,False,,False,,,0.0,
A-10ml-f0.50-p+0.0-side-y0-x+0.0-y+0.0,A,approach,10,0.5,0,side,0,0,0,18,22.01284832596418,18.142466061567834,4.480415597407324,47.89775430777567,False,36.39,28.4,155455,0,1978,0,6384,0,0,0,0,0,0,0.0025,,,0.1283794636769278,0.4072032940644656,99.95815753629411,19.65548731794246,4.720514774164915,84.56925057777988,-0.19268152380907955,0,0.0070629411991243,148.13513485229228,14.973517034957464,25.05959971465398,-5.2482420415465025,1.1175356680087798,13.275683959494483,,0.20013576621457926,15.295811115495455,1.1952831047522336e-05,-0.0016049689065482178,False,True,False,False,False,False,False,False,False,table,False,,False,,,0.0,
A-10ml-f0.25-p+0.0-above-y0-x+0.0-y-3.0,A,dy,10,0.25,0,above,0,0,-3,18,22.01284832596418,9.071233030783917,2.240207798703662,42.75528824620785,False,84.55,28.4,205038,0,6336,0,6027,0,0,0,0,0,0,1.2099999999999222,,,0.2594264501796103,0.7665179738466956,15.327975176758422,19.8712467153373,4.720514774164915,84.05228460109151,-0.20012353234011293,0,0.001436571677153859,138.38920950932484,0.05039556925318488,20.534165068372214,-10.086639548101184,0.4899176517296418,22.449535211464507,,0.2000860596124908,2.9821438680412777,0.09997266426084275,0.008773868162188048,False,True,False,False,False,False,False,False,True,table,False,,False,,,0.0,
A-10ml-f0.25-p+0.0-above-y0-x+0.0-y+0.0,A,nominal,10,0.25,0,above,0,0,0,18,22.01284832596418,9.071233030783917,2.240207798703662,42.75528824620785,False,86.92,28.4,232987,0,7231,0,6027,0,0,0,0,0,0,1.2099999999999222,,,0.2341133000696404,0.7522575491303832,15.335721471386274,19.956718601392442,4.720514774164915,83.96994130898202,-0.1991934967633044,0,0.00687519735717262,138.41655979025944,0.05729686906391959,20.7615162011625,-10.314177168649186,0.47954549700287963,22.451230873693692,,0.2001021509864697,0.11623741323667611,1.4388049231413678e-05,-0.0016072869122702852,False,True,False,False,False,False,False,False,True,table,False,,False,,,0.0,
A-10ml-f0.50-p+0.0-above-y0-x-6.0-y+0.0,A,dx,10,0.5,0,above,0,-6,0,18,22.01284832596418,18.142466061567834,4.480415597407324,47.89775430777567,False,19.34,28.4,532,0,0,0,6014,0,0,88025,0,0,1483,1.2099999999999222,,,3.0366434038822074,2.34860011647359,15.327224545220984,19.974524016018364,4.720514774164915,57.03932795983346,-0.19166119252830155,0,0.006586003838549773,145.88510046631933,31.23026008134747,60.386454954242446,-40.8857464572804,0.048059674938779884,13.450534855621308,,0.19973709930363312,25.64003325364374,0.1555869230390108,0.017661475019073423,False,False,False,False,False,False,False,False,False,table,False,,False,,,0.0,
A-10ml-f0.50-p-20.0-above-y0-x+0.0-y+0.0,A,pitch,10,0.5,-20,above,0,0,0,18,22.01284832596418,18.142466061567834,4.480415597407324,47.89775430777567,False,69.79,28.4,0,0,0,0,3699,0,0,0,0,0,1488,0.6499999999999838,,,0.8024797388102155,0.005053008747289685,64.82793034689466,69.60009193645513,4.720514774164915,-0.001604974947698123,-0.2000998689790784,0,1.7998863339656656e-07,199.07615352723948,4.640388271442994,117.46960449163554,-97.95133438080045,1.2692257719825012e-05,13.45838911962592,,0.2000998689792144,1.1291532574987484e-07,1.2224178295571348e-05,-0.0016049749478518397,False,False,False,False,False,False,False,False,True,table,False,,False,,,0.0,
A-10ml-f0.25-p+20.0-above-y0-x+0.0-y+0.0,A,pitch,10,0.25,20,above,0,0,0,18,22.01284832596418,9.071233030783917,2.240207798703662,42.75528824620785,False,103.79,28.4,140321,0,8728,0,0,3500,0,0,0,0,0,1.3699999999999046,,,3.8391237863564416,16.19691398852797,11.820661105375882,16.617884327881736,4.720514774164915,82.85853047357453,-0.2001274632060998,0,0.0007676612254537474,137.51738706402392,5.897719556975047,31.41988945411356,-21.782333099056554,16.738487309120313,19.712780187225402,,0.200137697695963,5.596866466677212,1.5128907556614795e-05,-0.0016072862968262579,False,True,False,False,False,False,False,False,True,table,False,,False,,,0.0,
A-10ml-f0.50-p+0.0-above-y0-x-3.0-y+0.0,A,dx,10,0.5,0,above,0,-3,0,18,22.01284832596418,18.142466061567834,4.480415597407324,47.89775430777567,False,42.44,28.4,1755,0,0,0,5943,0,0,52262,0,0,1487,1.2099999999999222,,,79.00107983976226,94.42946570203516,15.433508644699854,19.94623534834286,4.720514774164915,78.44781548698221,-0.20005272353127573,0,0.001907333419898185,127.05889183977808,29.612944603302306,40.50441986173151,-18.177143518577008,5.276196472076992,12.593442642813843,,0.08563105540442016,33.10870217212021,90.00358473339513,11.101564504896821,False,False,False,False,False,False,False,False,False,table,False,,False,,,0.0,
A-10ml-f0.50-p+10.0-above-y0-x+0.0-y+0.0,A,pitch,10,0.5,10,above,0,0,0,18,22.01284832596418,18.142466061567834,4.480415597407324,47.89775430777567,False,69.11,28.4,166956,0,9264,0,0,3428,0,0,0,0,0,1.3799999999999035,,,13.569385234410474,0.8112580739049717,9.560182532576489,13.9575181740266,4.720514774164915,85.25320149754205,-0.19957721596972067,0,0.006377287242223574,136.33550012381627,5.716791322696238,53.00289383004238,-33.60576178571975,1.3159977768450477,13.243226599781178,,0.20010062525583988,1.3617433210612313,1.2806604693773936e-05,-0.0016049749466591906,False,True,False,False,False,False,False,False,True,table,False,,False,,,0.0,
A-10ml-f0.50-p+0.0-above-y0-x+0.0-y+3.0,A,dy,10,0.5,0,above,0,0,3,18,22.01284832596418,18.142466061567834,4.480415597407324,47.89775430777567,False,29.78,28.4,190597,0,5550,0,6027,0,0,0,0,0,0,1.2099999999999222,,,0.18840417500826198,0.5122679280900359,15.329668734238373,19.944566801171437,4.720514774164915,83.99484939333395,-0.19401669799270355,0,0.006842285068970578,138.34859946943482,0.1340181150403981,26.115936781621198,-6.595125756519909,0.8620184331559143,13.317466015053258,,0.19472706506124712,3.0101372190140414,1.9931546459655188e-05,-0.0016049640299560261,False,True,False,False,False,False,False,False,True,table,False,,False,,,0.0,
A-10ml-f0.50-p+5.0-above-y0-x+0.0-y+0.0,A,pitch,10,0.5,5,above,0,0,0,18,22.01284832596418,18.142466061567834,4.480415597407324,47.89775430777567,False,69.98,28.4,72422,1382,9596,0,2024,1453,0,16575,0,0,0,1.367499999999905,,,124.1671112395576,92.87947109893773,10.611667606450514,12.616131887426386,4.720514774164915,89.9190071205913,-0.0034652934350828946,1382,0.5823140065322852,132.11555489506716,5.802090943780426,52.903892776997615,-33.60104176600051,2.4262509096332563,13.06153361021667,,0.489145839640963,86.21094595517165,90.003587744364,11.037217310368213,False,True,False,False,False,False,False,False,False,table,False,,False,,,0.0,
A-10ml-f0.50-p+0.0-diagonal-y0-x+0.0-y+0.0,A,approach,10,0.5,0,diagonal,0,0,0,18,22.01284832596418,18.142466061567834,4.480415597407324,47.89775430777567,False,69.11,28.4,155455,0,1987,0,4680,0,0,0,0,0,0,1.1174999999999324,,,0.1294604722161489,0.40760416927065884,15.326589766565192,19.6557118564433,4.720514774164915,84.56903399179545,-0.1927058591641717,0,0.007151644144850314,148.1316001837162,14.969471493914845,25.061115970659095,-5.25094358175375,1.1133287385335437,13.276371928882513,,0.2001358665203783,15.290142707820303,1.1675179017869926e-05,-0.001604974050629523,False,True,False,False,False,False,False,False,False,table,False,,False,,,0.0,
A-10ml-f0.50-p+0.0-above-y270-x+0.0-y+0.0,A,yaw,10,0.5,0,above,270,0,0,18,22.01284832596418,18.142466061567834,4.480415597407324,47.89775430777567,False,53.99,28.4,232001,0,7944,0,6027,0,0,0,0,0,0,1.2099999999999222,,,0.2555175700681176,0.7608113524043,15.339018523033973,19.956761546569936,4.720514774164915,83.96934435253524,-0.199908355569961,0,0.006425608274620295,138.400701110541,0.07917420053969448,26.093065230233126,-6.57488026751965,0.5254911082934969,13.372486514702139,,0.1998264302512696,0.12950505459013859,1.045654894575938e-05,-0.0016049478605327798,False,True,False,False,False,False,False,False,True,table,False,,False,,,0.0,
A-10ml-f0.50-p+0.0-above-y90-x+0.0-y+0.0,A,yaw,10,0.5,0,above,90,0,0,18,22.01284832596418,18.142466061567834,4.480415597407324,47.89775430777567,False,62.51,28.4,232313,0,8109,0,6027,0,0,0,0,0,0,1.2099999999999222,,,0.2619282733471376,0.7573560422894279,15.339266916998543,19.95674340936478,4.720514774164915,83.96938447502322,-0.20003491581538357,0,0.0013694525805549133,138.40582876937395,0.0794353590956875,26.114134931686454,-6.595921361030321,0.5343958189950715,13.371030733044636,,0.19990758605460904,0.12892554368680967,0.07972317000502284,0.005238525635073087,False,True,False,False,False,False,False,False,True,table,False,,False,,,0.0,
A-10ml-f0.50-p+0.0-above-y0-x+0.0-y+0.0,A,nominal,10,0.5,0,above,0,0,0,18,22.01284832596418,18.142466061567834,4.480415597407324,47.89775430777567,False,80.86,28.4,231346,0,7154,0,6027,0,0,0,0,0,0,1.2099999999999222,,,0.22228699310778935,0.7610504162972395,15.334775527543004,19.956696269228594,4.720514774164915,83.96943449513036,-0.20005313950637038,0,0.0010898733751664585,138.40199838362108,0.07661175275034555,26.13074424210444,-6.612522214654956,0.5110124751680934,13.374853537126317,,0.2001010145573637,0.12016009983287285,1.2547858734911261e-05,-0.0016049749571070107,False,True,False,False,False,False,False,False,True,table,False,,False,,,0.0,
A-10ml-f0.50-p+20.0-above-y0-x+0.0-y+0.0,A,pitch,10,0.5,20,above,0,0,0,18,22.01284832596418,18.142466061567834,4.480415597407324,47.89775430777567,False,80.77,28.4,143628,0,5370,0,0,3502,0,0,0,0,0,1.3699999999999046,,,2.9623221968470985,16.3031112349768,11.820727813526176,16.61788176498632,4.720514774164915,82.85267290096391,-0.2000873152389268,0,0.00035072258581313637,137.5085736284192,8.895487370899001,34.31995642877832,-16.764019485983937,17.11528575730826,10.574246445011042,,0.2001305590698254,5.60606818171695,1.314367821619951e-05,-0.001604974886705495,False,True,False,False,False,False,False,False,True,table,False,,False,,,0.0,
A-10ml-f0.50-p-5.0-above-y0-x+0.0-y+0.0,A,pitch,10,0.5,-5,above,0,0,0,18,22.01284832596418,18.142466061567834,4.480415597407324,47.89775430777567,False,88.29,28.4,233027,0,3282,0,2743,0,0,0,0,0,0,1.0499999999999399,,,0.1312667713398399,0.314419046231453,25.93707856648788,30.609524637323904,4.720514774164915,73.30915658425631,-0.19902006344570816,0,0.007245719389918685,146.8937479849517,0.6819642738264674,36.20054063672398,-16.69545339624634,1.7987150617473822,13.16425778905327,,0.20010057754635988,0.13769112285730148,1.2692257719825012e-05,-0.0016049749533844336,False,True,False,False,False,False,False,False,True,table,False,,False,,,0.0,
A-10ml-f0.80-p-20.0-above-y0-x+0.0-y+0.0,A,pitch,10,0.8,-20,above,0,0,0,18,22.01284832596418,29.027945698508535,7.16866495585172,58.783233944716386,False,47.95,28.4,0,0,0,0,3699,0,0,0,0,0,0,0.6499999999999838,,,0.8024797388007341,0.005053296098100224,64.82793034689466,69.6000725335065,4.720514774164915,-0.0015855253265913665,-0.200099186569401,0,1.9000560949453786e-07,199.07613832660317,5.406984803444722,119.57667429079008,-89.17292450865466,1.1262047877356564e-05,2.5729097164822736,,0.2000991865694669,1.2025284271649235e-07,1.1131846416284069e-05,-0.0015855253266393297,False,True,False,False,False,False,False,False,True,table,False,,False,,,0.0,
A-10ml-f0.80-p+0.0-diagonal-y0-x+0.0-y+0.0,A,approach,10,0.8,0,diagonal,0,0,0,18,22.01284832596418,29.027945698508535,7.16866495585172,58.783233944716386,False,18.02,28.4,155445,0,988,0,4679,0,0,0,0,0,0,1.1174999999999324,,,0.09132910186284898,0.13572321204310614,15.326492601792186,19.655469266655903,4.720514774164915,84.56845949653417,-0.19233932283676397,0,0.007037184652053238,148.13016182569316,14.768584913360764,35.61717110453323,-4.923464689617865,1.121114060004344,2.3896191378745586,,0.20013332081118973,15.264447665652423,1.1099057401270736e-05,-0.0015855253707301893,False,True,False,False,False,False,False,False,False,table,False,,False,,,0.0,
A-10ml-f0.50-p+0.0-above-y0-x+0.0-y+6.0,A,dy,10,0.5,0,above,0,0,6,18,22.01284832596418,18.142466061567834,4.480415597407324,47.89775430777567,False,52.99,28.4,194689,0,7083,0,6027,0,0,0,0,0,0,1.2099999999999222,,,0.22822540033048985,0.704304636612419,15.32666542213906,19.866467984262815,4.720514774164915,84.06656663256322,-0.1973879949734303,0,0.00673461156202551,138.34145768603707,0.06376681495268302,25.930051409558253,-6.411327305336862,0.624768035418441,13.356256030785069,,0.19997419371731204,5.981670414108305,0.053486229735237076,0.0009398881268695183,False,True,False,False,False,False,False,False,True,table,False,,False,,,0.0,
A-10ml-f0.50-p+0.0-above-y0-x+0.0-y-3.0,A,dy,10,0.5,0,above,0,0,-3,18,22.01284832596418,18.142466061567834,4.480415597407324,47.89775430777567,False,57.67,28.4,179108,0,2973,0,6027,0,0,0,0,0,0,1.2099999999999222,,,0.23075347853502068,0.5498063736639854,15.32666444511048,19.83443048330828,4.720514774164915,84.10075356471366,-0.19510926719371047,0,0.006083066455489559,138.49199911727254,0.02060702714175589,25.06393021056363,-5.545428383164769,0.4489845159862755,13.384993988555863,,0.20010315183540098,2.981484208139188,1.3660378340025536e-05,-0.001604974938376466,False,True,False,False,False,False,False,False,True,table,False,,False,,,0.0,
A-10ml-f0.80-p+0.0-side-y0-x+0.0-y+0.0,A,approach,10,0.8,0,side,0,0,0,18,22.01284832596418,29.027945698508535,7.16866495585172,58.783233944716386,False,35.9,28.4,155447,0,722,0,6384,0,0,0,0,0,0,0.0025,,,0.08842270107028766,0.08154137397834733,99.95815753629411,19.65526741807253,4.720514774164915,84.56860927393735,-0.19242828360648695,0,0.00704178039262463,148.13427685853347,14.776696952602462,35.61183473925169,-4.9193578994098095,1.1157702927205375,2.3904930188990914,,0.20012839775465813,15.263901950798193,1.0900252224719401e-05,-0.0015855213820747775,False,True,False,False,False,False,False,False,False,table,False,,False,,,0.0,
A-10ml-f0.50-p+0.0-above-y180-x+0.0-y+0.0,A,yaw,10,0.5,0,above,180,0,0,18,22.01284832596418,18.142466061567834,4.480415597407324,47.89775430777567,False,90.39,28.4,232839,0,8106,0,6027,0,0,0,0,0,0,1.2099999999999222,,,0.25861155959875337,0.8194460881800524,15.341075294912125,19.9567808458854,4.720514774164915,83.96931505838906,-0.19920265227063583,0,0.006997719865287031,138.4097945380818,0.0800044177349362,26.113473775790343,-6.5952776689851,0.530463858188071,13.371673547978139,,0.20008580161152412,0.12805779806234716,0.06865779039729701,0.0034270435783379186,False,True,False,False,False,False,False,False,True,table,False,,False,,,0.0,
A-10ml-f0.80-p+0.0-above-y0-x-3.0-y+0.0,A,dx,10,0.8,0,above,0,-3,0,18,22.01284832596418,29.027945698508535,7.16866495585172,58.783233944716386,False,20.86,28.4,1594,0,0,0,5929,0,0,3857,0,0,0,1.2099999999999222,,,1.034028415284489,4.4997156294390095,18.530586930467894,19.947160301927685,4.720514774164915,0.3287080791330953,-0.1998463797696498,0,0.00610810726760332,200.27519582222698,27.915161339091746,120.93371374044655,-89.9445923744216,1.1909044178702102,2.378205829373227,,0.0832428774358798,24.828948193972654,90.00182093749295,11.005782179898253,False,True,False,False,False,False,False,False,False,table,False,,False,,,0.0,
A-10ml-f0.50-p+0.0-above-y0-x+3.0-y+0.0,A,dx,10,0.5,0,above,0,3,0,18,22.01284832596418,18.142466061567834,4.480415597407324,47.89775430777567,False,80.77,28.4,196529,0,13939,0,6017,0,0,0,0,0,0,1.2099999999999222,,,1.2916324769121679,4.139362527714721,15.498539689550135,19.95558121507468,4.720514774164915,84.02266512994554,-0.20004919805242938,0,0.0011427497556023068,140.32825080199788,1.5213176268026287,29.627076558302814,-9.967325861651027,4.275010215371656,12.75825359780217,,0.19989905178602946,0.67999395126245,0.43339797802944047,0.06330028021416133,False,True,False,False,False,False,False,False,True,table,False,,False,,,0.0,
A-10ml-f0.50-p+0.0-above-y0-x+0.0-y-6.0,A,dy,10,0.5,0,above,0,0,-6,18,22.01284832596418,18.142466061567834,4.480415597407324,47.89775430777567,False,76.87,28.4,181152,0,4799,0,6027,0,0,0,0,0,0,1.2099999999999222,,,0.19748579451061177,0.4305885253006443,15.3350453147178,19.93202333660628,4.720514774164915,83.98558621018597,-0.19572127520792182,0,0.0065309255313003405,138.4977037789265,0.045195715561877334,25.702878006929957,-6.184405703439394,0.5238160797997347,13.372760355334368,,0.20008685966406722,5.995723151398288,0.06670687909725999,0.0031061776337101875,False,True,False,False,False,False,False,False,True,table,False,,False,,,0.0,
A-10ml-f0.80-p+0.0-above-y180-x+0.0-y+0.0,A,yaw,10,0.8,0,above,180,0,0,18,22.01284832596418,29.027945698508535,7.16866495585172,58.783233944716386,False,50.85,28.4,225914,0,8548,0,6027,0,0,0,0,0,0,1.2099999999999222,,,0.23701690955406926,0.7490377415041608,15.33591472395254,19.95676469012143,4.720514774164915,83.96870985480707,-0.20007027452197818,0,0.006527277500106625,138.41023295915318,0.1338891555041237,38.00450513763989,-7.601005876776728,0.680738571379808,2.4616256764354483,,0.19963898799060906,0.14090193032950055,1.2134403433412636e-05,-0.0015855174289971762,False,True,False,False,False,False,False,False,True,table,False,,False,,,0.0,
A-10ml-f0.80-p-10.0-above-y0-x+0.0-y+0.0,A,pitch,10,0.8,-10,above,0,0,0,18,22.01284832596418,29.027945698508535,7.16866495585172,58.783233944716386,False,75.35,28.4,40669,0,0,0,1723,0,0,0,0,0,0,0.9099999999999552,,,1.972830317052009,19.67477752836619,58.111690679686994,43.85182075460351,4.720514774164915,1.245100999489691,-0.20010139306362446,0,0.0009942012485622416,203.7079772286174,4.343498427251571,119.77443151127511,-89.46661037989085,2.8141960389003318,2.1125033469278613,,0.18675503253903714,7.719544002445189,12.76139377783003,2.06436454026656,False,True,False,False,False,False,False,False,False,table,False,,False,,,0.0,
A-10ml-f0.80-p+0.0-above-y0-x+0.0-y+0.0,A,nominal,10,0.8,0,above,0,0,0,18,22.01284832596418,29.027945698508535,7.16866495585172,58.783233944716386,False,64.2,28.4,226173,0,8147,0,6027,0,0,0,0,0,0,1.2099999999999222,,,0.21242964023520255,0.7778407914266189,15.33215019380493,19.95666786772524,4.720514774164915,83.96883904540326,-0.20002702137432438,0,0.006603648390104461,138.40439623567312,0.1264095728396108,37.90659314149864,-7.503239875243664,0.6615448856794806,2.4647637075631073,,0.20010280148899914,0.13996064357733146,1.0173887179578492e-05,-0.0015855253298579623,False,True,False,False,False,False,False,False,True,table,False,,False,,,0.0,
A-10ml-f0.50-p+0.0-above-y0-x+6.0-y+0.0,A,dx,10,0.5,0,above,0,6,0,18,22.01284832596418,18.142466061567834,4.480415597407324,47.89775430777567,False,101.45,28.4,144672,0,16727,0,5993,0,0,0,0,0,0,1.2099999999999222,,,2.7870142856577,8.906684218471366,15.515911638628387,19.931559129557503,4.720514774164915,84.10343426730802,-0.20011176568596883,0,0.0009749134983332927,142.18164025867853,2.7424684868972453,32.73047282977906,-12.581392229276553,9.464600160018403,11.896980604141799,,0.19944483098251697,1.3951750804206575,0.6128763370961244,0.09391192809627297,False,True,False,False,False,False,False,False,True,table,False,,False,,,0.0,
A-10ml-f0.80-p+0.0-above-y90-x+0.0-y+0.0,A,yaw,10,0.8,0,above,90,0,0,18,22.01284832596418,29.027945698508535,7.16866495585172,58.783233944716386,False,59.76,28.4,225138,0,8648,0,6027,0,0,0,0,0,0,1.2099999999999222,,,0.24005841046961968,0.7482913463353859,15.335635603964867,19.95672567006187,4.720514774164915,83.96877987945588,-0.19986017992049826,0,0.0008357598702052599,138.4000013268784,0.1356988967871197,38.126665943412895,-7.723078544943821,0.6938094509895513,2.459488666309456,,0.19896973701306125,0.14663540597462943,1.2806604693773936e-05,-0.0015855273027889324,False,True,False,False,False,False,False,False,True,table,False,,False,,,0.0,
A-10ml-f0.80-p+10.0-above-y0-x+0.0-y+0.0,A,pitch,10,0.8,10,above,0,0,0,18,22.01284832596418,29.027945698508535,7.16866495585172,58.783233944716386,False,72.39,28.4,172517,0,10024,0,0,3435,0,0,0,0,0,1.3799999999999035,,,2.4359110965582933,0.6774027340420707,9.560167034095514,13.957498406963532,4.720514774164915,85.2505315885644,-0.19902978549411754,0,0.007432962565124668,136.3024179912712,5.746903424906529,53.06226183863493,-22.776184068078827,1.26824489365383,2.365557120312762,,0.20010315959726785,1.0727702970989248,1.0421635496217848e-05,-0.0015855253275147074,False,True,False,False,False,False,False,False,True,table,False,,False,,,0.0,
A-10ml-f0.80-p+0.0-above-y0-x+0.0-y-6.0,A,dy,10,0.8,0,above,0,0,-6,18,22.01284832596418,29.027945698508535,7.16866495585172,58.783233944716386,False,46.78,28.4,180097,0,3730,0,6027,0,0,0,0,0,0,1.2099999999999222,,,0.16416033199936927,0.19222737722934047,15.33050122848478,19.968206927754277,4.720514774164915,83.964488982331,-0.19420005520874584,0,0.0062717765620814445,138.72076970064688,0.10588658625614185,36.415436744701225,-6.008604714070137,1.1375683387816693,2.38692830411593,,0.20009948605219863,6.038674424209985,1.1358719589327517e-05,-0.0015855253306603582,False,True,False,False,False,False,False,False,True,table,False,,False,,,0.0,
A-10ml-f0.80-p+0.0-above-y0-x+0.0-y+6.0,A,dy,10,0.8,0,above,0,0,6,18,22.01284832596418,29.027945698508535,7.16866495585172,58.783233944716386,False,33.56,28.4,208433,0,7924,0,6027,0,0,0,0,0,0,1.2099999999999222,,,0.12714886264942096,0.42301120420306754,15.328099080710937,19.930623704018245,4.720514774164915,83.99996201071113,-0.19992631199185207,0,0.006245719728050202,138.4066159731868,0.12060686414792317,37.60995781659748,-7.2066508907189935,0.6212436477664532,2.471352595224058,,0.19989752337914798,5.981526653695952,0.06306203247159013,0.0024843820132026914,False,True,False,False,False,False,False,False,True,table,False,,False,,,0.0,
A-10ml-f0.80-p+5.0-above-y0-x+0.0-y+0.0,A,pitch,10,0.8,5,above,0,0,0,18,22.01284832596418,29.027945698508535,7.16866495585172,58.783233944716386,False,78.09,28.4,156621,1492,4789,0,2807,3156,0,0,0,0,0,1.367499999999905,,,4.487599835120136,21.451286405135757,9.562427398705054,12.616112375752888,4.720514774164915,89.91905781263009,-0.2619947727399638,1492,0.5724912783144097,131.6642339936453,10.234964784841488,34.36179594811662,-7.360153055321075,20.98119641746604,-1.018896855468797,,3.2519231390196337,7.86207996728861,0.015087816007232958,-0.007180168329946944,False,True,False,False,False,False,False,False,True,table,False,,False,,,0.0,
A-10ml-f0.80-p+0.0-above-y270-x+0.0-y+0.0,A,yaw,10,0.8,0,above,270,0,0,18,22.01284832596418,29.027945698508535,7.16866495585172,58.783233944716386,False,69.25,28.4,225743,0,8675,0,6027,0,0,0,0,0,0,1.2099999999999222,,,0.25292070359515034,0.762677524826777,15.335855927216816,19.95673810302935,4.720514774164915,83.96874000607873,-0.2000518812737967,0,0.002088368593751442,138.3932156178422,0.1380535013861593,38.28701402110747,-7.883483579377016,0.695984805392901,2.4591330078206557,,0.19954414400413228,0.1609310195865182,8.664856156940838e-06,-0.0015855254384810784,False,True,False,False,False,False,False,False,True,table,False,,False,,,0.0,
A-10ml-f0.80-p+0.0-above-y0-x+6.0-y+0.0,A,dx,10,0.8,0,above,0,6,0,18,22.01284832596418,29.027945698508535,7.16866495585172,58.783233944716386,False,56.25,28.4,135596,0,9284,0,5996,0,0,0,0,0,0,1.2099999999999222,,,2.1677788840968466,7.907938091171255,15.513349403435955,19.9318531867223,4.720514774164915,84.10227386965522,-0.19925075453571667,0,0.006970439425819154,142.19238866005534,2.734974671221975,45.78604565686746,-15.027061605080785,5.8019391288294555,1.6212107256726054,,0.20009134213169535,1.0646877811438318,0.05422068125560829,0.0010340729803751119,False,True,False,False,False,False,False,False,True,table,False,,False,,,0.0,
A-10ml-f0.80-p+0.0-above-y0-x+0.0-y-3.0,A,dy,10,0.8,0,above,0,0,-3,18,22.01284832596418,29.027945698508535,7.16866495585172,58.783233944716386,False,43.08,28.4,147747,0,0,0,6027,0,0,0,0,0,0,1.2099999999999222,,,0.2547884086589769,1.4304008157210621,15.334382488830709,19.881651862533353,4.720514774164915,84.0518700565418,-0.1959858052565308,0,0.006311151097393616,138.63374244394598,0.013145346388374645,35.696483653893175,-5.292631121723152,0.24862212578378914,2.5322689301618637,,0.1997726262661259,2.960870470942943,0.2277783454789647,0.02935932737837363,False,True,False,False,False,False,False,False,True,table,False,,False,,,0.0,
A-10ml-f0.80-p+0.0-above-y0-x+0.0-y+3.0,A,dy,10,0.8,0,above,0,0,3,18,22.01284832596418,29.027945698508535,7.16866495585172,58.783233944716386,False,46.25,28.4,187816,0,8200,0,6027,0,0,0,0,0,0,1.2099999999999222,,,0.15363801499481866,0.543365542481383,15.32805972902763,19.97264203627643,4.720514774164915,83.96309411083368,-0.19864772587287888,0,0.0062613223532858924,138.38220675782668,0.11019819518567636,38.27438499036783,-7.868883527675216,1.079358057652553,2.3964475285442175,,0.19712301074086616,2.997811193998201,1.5080649355333767e-05,-0.001585522927984546,False,True,False,False,False,False,False,False,True,table,False,,False,,,0.0,
A-10ml-f0.80-p+20.0-above-y0-x+0.0-y+0.0,A,pitch,10,0.8,20,above,0,0,0,18,22.01284832596418,29.027945698508535,7.16866495585172,58.783233944716386,False,88.51,28.4,127954,0,2602,0,0,3499,0,0,0,0,0,1.3699999999999046,,,2.9876410869644787,9.563269934904595,11.820952796361194,16.617862117819698,4.720514774164915,82.84435667368332,-0.2001699192582182,0,0.00024168199787360804,137.4922840819934,9.674423864509366,43.41566585849603,-14.276569371085317,8.332627291242728,1.2010879703223076,,0.2001011109957432,5.3072347460824565,1.024528375501914e-05,-0.0015855253226760182,False,True,False,False,False,False,False,False,True,table,False,,False,,,0.0,
A-20ml-f0.25-p+20.0-above-y0-x+0.0-y+0.0,A,pitch,20,0.25,20,above,0,0,0,18,27.734450974025386,10.848006492240843,4.595695685163375,29.524082122566295,False,30.71,28.7,153280,55487,4181,0,0,0,0,29,0,0,0,,9.261999999999828,19.60049999999967,6.065661447756967,19.135888270039924,9.567796857197889,18.317347202729355,18.309321063310293,99.15419149517861,3.2812165997815264,55487,81.39442861420477,3.111672262405326,0.8479049441549508,6.817929827625246,5.176069865123215,18.95595504361296,28.1073077878577,0.624840785203686,0.7157821241334295,31.065887802914304,90.00129977539693,13.907087664418894,True,True,True,False,True,True,False,True,False,lift,False,0.45455753289477374,True,0.14347733551652048,0.19595779263468766,0.301,
A-10ml-f0.80-p-5.0-above-y0-x+0.0-y+0.0,A,pitch,10,0.8,-5,above,0,0,0,18,22.01284832596418,29.027945698508535,7.16866495585172,58.783233944716386,False,110.29,28.4,233009,0,0,0,2743,0,0,0,0,0,0,1.0499999999999399,,,0.08357538561286947,0.1938835677809944,25.91728520350293,30.60951704807726,4.720514774164915,73.30817696959197,-0.20004739903231594,0,0.0013380333881352936,146.87569418448516,0.0294722599054246,46.41408221816429,-16.003433303125828,1.7875785843114047,2.280600421417714,,0.20009982796271858,0.12317008325088408,1.2164402004367092e-05,-0.0015855253248687068,False,True,False,False,False,False,False,False,True,table,False,,False,,,0.0,
A-20ml-f0.25-p+0.0-above-y0-x+0.0-y+0.0,A,nominal,20,0.25,0,above,0,0,0,18,27.734450974025386,10.848006492240843,4.595695685163375,29.524082122566295,False,40.66,31.4,214852,63444,1227,0,4604,0,0,0,0,0,0,1.447499999999896,7.932499999998323,21.696999999994784,0.3207366548419823,0.20232649788816656,9.566569996984214,21.85232208453378,18.309321063310293,95.6626515071833,5.803423712250351,63444,84.54194690406325,3.2977884029165847,0.09990274022437394,8.5863988739688,3.995452388346865,0.28080672469497947,32.208212053345896,0.32924812984359453,0.48785808489776594,0.05019638728745123,4.60325741108533e-05,-0.0015690829627826792,False,True,True,True,True,True,False,True,True,table,False,0.16041049746327268,False,,,3.0,
A-20ml-f0.25-p-10.0-above-y0-x+0.0-y+0.0,A,pitch,20,0.25,-10,above,0,0,0,18,27.734450974025386,10.848006492240843,4.595695685163375,29.524082122566295,False,60.12,28.4,186704,0,15972,0,2727,0,0,0,0,0,0,1.0549999999999393,,,2.927201345147685,4.518208064273054,25.90499224030833,43.88687107496225,18.309321063310293,73.62772437437984,-0.20011988348622028,0,0.00015256583277892645,146.8822688737383,1.7184713881588018,39.48239242091058,-26.943416192946877,5.3845962192581425,31.12588972030048,,0.20012380290196724,2.847481336088604,0.10310589022356559,0.013740955960750478,False,True,False,False,False,False,False,False,True,table,False,,False,,,0.0,
A-20ml-f0.25-p+5.0-above-y0-x+0.0-y+0.0,A,pitch,20,0.25,5,above,0,0,0,18,27.734450974025386,10.848006492240843,4.595695685163375,29.524082122566295,False,47.62,28.89,175365,64144,4335,0,0,0,0,0,0,0,0,,9.257499999999823,20.035499999998656,1.2415661704909815,4.384405442619027,9.567806274896482,18.31029890583483,18.309321063310293,99.19390665656039,3.3677841514999503,64144,81.50001158118474,2.3046525172171046,0.6931218415836756,6.094764253689645,6.420101096435121,4.131911272581754,31.392557589719214,0.2603199069192912,0.4102418440696426,1.1193300493330864,0.61043838901471,0.1234744919289955,True,True,True,True,True,True,False,True,True,reach_liquid,False,0.40264692379831096,True,0.10190419553748548,0.3209997814712805,0.489,
A-20ml-f0.25-p+0.0-above-y90-x+0.0-y+0.0,A,yaw,20,0.25,0,above,90,0,0,18,27.734450974025386,10.848006492240843,4.595695685163375,29.524082122566295,False,39.01,31.4,211896,64145,0,0,4604,0,0,0,0,0,0,1.447499999999896,7.948499999998314,21.6899999999948,0.1531462743079796,0.09539581419201974,9.566569997718114,21.852320858754073,18.309321063310293,95.66264802785288,5.7726480920596845,64145,84.54263297863838,3.328667415657817,0.08744362882971582,8.541601994101878,4.040170184142281,0.26609308817956934,32.21132264056283,0.5198681224070014,0.6303984726992445,0.0711245974664264,0.00011767218712971145,-0.0015751507987794666,False,True,True,True,True,True,True,True,True,table,False,0.16546268388493457,False,,,3.0,
A-10ml-f0.80-p+0.0-above-y0-x-6.0-y+0.0,A,dx,10,0.8,0,above,0,-6,0,18,22.01284832596418,29.027945698508535,7.16866495585172,58.783233944716386,False,99.42,28.4,528,0,0,0,6021,0,0,97977,0,0,0,1.2099999999999222,,,5.47519591549804,4.421598016681497,15.328340495824763,19.63476381291073,4.720514774164915,60.34592462758504,-0.20006125189295232,0,0.002702962857974574,140.09498078530655,37.031500494791125,60.255954557328785,-28.85444968375385,1.5437094361461685,2.3204995927245284,,0.2000759927768439,31.941219986690083,0.1906634658289118,0.0234110301944768,False,True,False,False,False,False,False,False,False,table,False,,False,,,0.0,
A-20ml-f0.25-p+0.0-above-y180-x+0.0-y+0.0,A,yaw,20,0.25,0,above,180,0,0,18,27.734450974025386,10.848006492240843,4.595695685163375,29.524082122566295,False,38.76,31.4,210961,62779,521,0,4604,0,0,0,0,0,0,1.447499999999896,7.942499999998318,21.695499999994787,0.13874870561069477,0.09084991035240357,9.566569997281002,21.85232001785015,18.309321063310293,95.66264529060473,5.839436215885605,62779,84.58732010756572,3.2665431407453243,0.09320660481986486,8.562792977026401,4.0190155411982955,0.273347364206722,32.20978902620207,0.4425841096289263,0.5758010574447593,0.08503712295062281,0.0001553328470139869,-0.0015794073769205162,False,True,True,True,True,True,False,True,True,table,False,0.16377388682994878,False,,,3.0,
A-20ml-f0.25-p+10.0-above-y0-x+0.0-y+0.0,A,pitch,20,0.25,10,above,0,0,0,18,27.734450974025386,10.848006492240843,4.595695685163375,29.524082122566295,False,53.21,31.4,168200,77536,3967,0,0,0,0,0,0,0,0,,9.22299999999978,19.60049999999967,2.3453233331865797,9.101064760055928,9.567739741598622,18.310980797785927,18.309321063310293,99.18311233606305,3.463026757710014,77536,81.33372141547788,2.1745216485493213,1.164926536259069,5.901000888500058,6.428041800885131,8.691101988736653,30.416022630457363,0.03512183832763615,0.31014946256622156,2.0567054838360956,0.6279472877255373,0.12481554237507478,True,True,True,True,True,True,False,True,True,reach_liquid,False,0.43827004687856574,False,,,3.0,
A-20ml-f0.25-p+0.0-above-y270-x+0.0-y+0.0,A,yaw,20,0.25,0,above,270,0,0,18,27.734450974025386,10.848006492240843,4.595695685163375,29.524082122566295,False,39.59,31.4,214290,62499,1911,0,4604,0,0,0,0,0,0,1.447499999999896,7.9409999999983185,21.74649999999467,0.1963719923025207,0.23940658527324363,9.56656999891014,21.852322011590648,18.309321063310293,95.66265300760318,5.730320175890535,62499,84.38423980429073,3.3630564513533527,0.1317855818413113,8.693397772478914,3.8886815517648055,0.31818606631071855,32.20030970818919,0.4876327725209085,0.6002687012813627,0.03636692768010117,3.127656162661276e-05,-0.0015697555378580464,False,True,True,True,True,True,False,True,True,table,False,0.16196675126344887,False,,,3.0,
A-20ml-f0.25-p-5.0-above-y0-x+0.0-y+0.0,A,pitch,20,0.25,-5,above,0,0,0,18,27.734450974025386,10.848006492240843,4.595695685163375,29.524082122566295,False,63.55,28.4,194766,0,4740,0,2347,0,0,0,0,0,0,1.2149999999999217,,,1.1387733829260795,2.2133634102857096,14.146291737502827,32.13778846884287,18.309321063310293,85.37972658758657,-0.1993141538401827,0,0.007001394429806363,138.22867150849578,1.1455143777561552,20.747502295463818,-8.218439509212846,3.2965086757516895,31.569912164452063,,0.199767946031891,1.0916345621148047,5.263014220319208e-06,-0.001556595981862185,False,True,False,False,False,False,False,False,True,table,False,,False,,,0.0,
A-10ml-f0.80-p+0.0-above-y0-x+3.0-y+0.0,A,dx,10,0.8,0,above,0,3,0,18,22.01284832596418,29.027945698508535,7.16866495585172,58.783233944716386,False,102.88,28.4,193209,0,9778,0,6027,0,0,0,0,0,0,1.2099999999999222,,,0.770719354434519,2.8879051227044537,15.420427839989607,19.95562508329767,4.720514774164915,84.02199984173652,-0.20008673086317763,0,0.000575643637612776,140.32134625820092,2.2165906471964982,43.14993262690253,-12.701932099480437,1.0863169274340818,2.3953095525188552,,0.1963308140708233,0.34005138471478574,2.005913882365416e-05,-0.0015855185082343539,False,True,False,False,False,False,False,False,True,table,False,,False,,,0.0,
A-20ml-f0.25-p+0.0-diagonal-y0-x+0.0-y+0.0,A,approach,20,0.25,0,diagonal,0,0,0,18,27.734450974025386,10.848006492240843,4.595695685163375,29.524082122566295,False,57.72,28.4,34357,9032,20270,0,4010,0,0,54657,0,0,0,1.4049999999999008,7.6559999999984765,,125.88492170810034,179.6300682017005,6.766309657197982,21.75116608648171,18.309321063310293,95.78244402045499,6.915543558785209,9032,0.2659454197206302,8.081117742007315,6.232258391577231,56.32985224826191,23.681909930272777,130.508717588499,46.44516555690375,,9.427762381146822,87.56698128498758,89.99859505746383,13.866151513750086,False,True,True,False,True,False,False,False,False,table,False,0.8318707882729404,False,,,0.0,
A-20ml-f0.25-p+0.0-above-y0-x-3.0-y+0.0,A,dx,20,0.25,0,above,0,-3,0,18,27.734450974025386,10.848006492240843,4.595695685163375,29.524082122566295,False,57.13,28.4,1689,0,0,0,4594,0,0,91919,0,0,5548,1.447499999999896,,,8.623351900675571,11.576446013656756,9.56662023786506,21.846095041233358,18.309321063310293,75.05742140844661,-0.20007571243139954,0,0.0007950157693633086,128.3755093947819,36.91790885245545,37.63811822188953,-19.623603946418587,8.093529451830088,30.545102455617442,,0.20006540421051958,37.09824509189719,0.23177047962258673,0.04010924042152022,False,False,True,False,False,False,False,False,False,table,False,,False,,,0.0,
A-20ml-f0.25-p-20.0-above-y0-x+0.0-y+0.0,A,pitch,20,0.25,-20,above,0,0,0,18,27.734450974025386,10.848006492240843,4.595695685163375,29.524082122566295,False,102.03,28.4,52282,0,0,0,3349,0,0,0,0,0,3231,0.7974999999999676,,,1.7976161206122032,1.6346014581281252,51.314185185342524,69.40848834891298,18.309321063310293,45.18230659999137,-0.20018088637580034,0,0.004668537001647094,155.00438876601606,20.518085454194352,58.302951944686576,-47.48716626139664,5.63950566665863,31.071499002796042,,0.20176170848606778,11.68426056962932,1.7854793889937157,0.368425429382306,False,False,False,False,False,False,False,False,False,table,False,,False,,,0.0,
A-20ml-f0.25-p+0.0-above-y0-x+0.0-y+6.0,A,dy,20,0.25,0,above,0,0,6,18,27.734450974025386,10.848006492240843,4.595695685163375,29.524082122566295,False,41.84,31.4,175294,63824,3114,0,4604,0,0,0,0,0,0,1.447499999999896,7.9589999999983085,21.606499999994995,0.20961131121834128,0.3168633596325728,9.56657000190319,21.82184790916691,18.309321063310293,95.69883569109474,5.716536564258044,63824,84.22926575214599,3.327197714565379,0.2810739205938406,8.986442812080979,3.5972015270783197,0.4838194775036837,32.16529246217823,0.4382385153106564,0.5758719694242825,5.976057369896371,2.462659727359999e-05,-0.0015646966039106844,False,True,True,True,True,True,False,True,True,table,False,0.15275320545886661,False,,,3.0,
A-20ml-f0.25-p+0.0-side-y0-x+0.0-y+0.0,A,approach,20,0.25,0,side,0,0,0,18,27.734450974025386,10.848006492240843,4.595695685163375,29.524082122566295,False,72.77,28.4,35203,2691,0,0,2503,0,0,7513,0,0,4903,0.0025,,,113.76526482439915,94.06615590431977,17.00489454559858,21.778032125619216,18.309321063310293,95.75389528335265,0.9269886837695029,2691,1.0427776156339272,245.3843645391877,117.67950008839556,48.3035327310136,-113.68960709665703,90.0002058892921,3370762.292922251,,1.4996392819285322,127.35296854113692,90.04915815749061,13.129445666397231,False,False,True,False,False,False,False,False,False,table,False,,False,,,0.0,
A-20ml-f0.25-p+0.0-above-y0-x+0.0-y-6.0,A,dy,20,0.25,0,above,0,0,-6,18,27.734450974025386,10.848006492240843,4.595695685163375,29.524082122566295,False,49.49,29.63,160089,54245,0,0,4601,0,0,13644,0,0,0,1.447499999999896,7.806499999998393,21.01649999999637,51.57108187904698,52.10606890264864,9.56659319946002,21.75417821379774,18.309321063310293,95.76341834545474,6.160635191405577,54245,84.92671974861135,2.8478203420033394,0.23852323992182817,8.451396374456055,4.131459758185782,0.3679146698298022,32.18979652275038,-0.14895913004564135,1.2297907307750142,22.693940531119978,1.8410857631462143,0.3804928734251727,False,True,True,False,True,True,True,True,False,table,False,0.1570093603077229,True,0.24383954510726477,0.8154701188563019,1.231,
A-20ml-f0.50-p-20.0-above-y0-x+0.0-y+0.0,A,pitch,20,0.5,-20,above,0,0,0,18,27.734450974025386,21.696012984481687,9.19139137032675,38.22009510704798,False,41.53,28.4,15745,0,0,0,1885,0,0,0,0,0,1713,0.7974999999999676,,,0.8003038443725052,0.01529779506724949,61.74830771039965,69.43430741625282,18.309321063310293,-0.00373504854632726,-0.19998739331120868,0,0.005698590656112763,195.61992889618614,1.176475888804398,130.32333924188183,-106.89392311791161,2.2588727439225506e-06,21.419569123210483,,0.19985856145836972,5.542582603780702,1.610110355748354,0.33554660767560124,False,False,False,False,False,False,False,False,True,table,False,,False,,,0.0,
A-20ml-f0.25-p+0.0-above-y0-x+6.0-y+0.0,A,dx,20,0.25,0,above,0,6,0,18,27.734450974025386,10.848006492240843,4.595695685163375,29.524082122566295,False,64.65,28.4,63184,2277,2391,0,3053,0,0,4171,0,0,3895,1.447499999999896,14.201000000005864,,145.4762129601994,99.25237365758161,9.564389733114968,21.850046582665225,18.309321063310293,95.68893419552805,-1.1829835041834922,2277,0.8711423859964018,131.47615821627883,26.75284896055439,90.79199676680749,-65.47382871243823,56.4493895907518,14.00260443547183,,6.455162642486189,123.10680536172987,90.00135686893935,13.911618873676415,False,False,True,False,False,False,False,False,False,table,False,1.985118878726673,False,,,0.0,
A-20ml-f0.25-p+0.0-above-y0-x+0.0-y+3.0,A,dy,20,0.25,0,above,0,0,3,18,27.734450974025386,10.848006492240843,4.595695685163375,29.524082122566295,False,52.44,31.4,173859,62670,3057,0,4604,0,0,0,0,0,0,1.447499999999896,7.9749999999983,19.92299999999892,0.2720487418413912,0.5907275264924399,9.56657000392603,21.78615673468581,18.309321063310293,95.73526619823215,5.58470430923192,62670,83.99304968278786,3.4320502597090763,0.48145115818812545,8.93074832786401,3.6561590029791367,0.6861638256646835,32.12251162601904,0.010899884371494356,0.33066294822909603,2.986051368446531,5.853177225625916e-06,-0.001570224888554803,False,True,True,True,True,True,False,True,True,table,False,0.14851825544941666,False,,,3.0,
A-20ml-f0.50-p+0.0-side-y0-x+0.0-y+0.0,A,approach,20,0.5,0,side,0,0,0,18,27.734450974025386,21.696012984481687,9.19139137032675,38.22009510704798,False,26.39,28.4,30399,2205,0,0,5654,0,0,0,0,0,1713,0.0025,,,234.69664361843067,91.33938539383333,13.378535225227187,21.77804695869853,18.309321063310293,95.75396710672335,0.9101728405310274,2205,0.0034603798604250727,273.72369366977847,233.44886275061893,71.62942958086424,-117.21605274057082,90.00048834561602,1421140.3894158788,,0.5511407676092863,214.1962908863207,90.00048798704546,13.86624672418901,False,False,True,False,False,False,False,False,False,table,False,,False,,,0.0,
A-20ml-f0.25-p+0.0-above-y0-x+3.0-y+0.0,A,dx,20,0.25,0,above,0,3,0,18,27.734450974025386,10.848006492240843,4.595695685163375,29.524082122566295,False,70.59,28.7,135627,19043,20884,0,4601,0,0,0,0,0,0,1.447499999999896,9.423000000000025,19.60049999999967,5.92910348945513,9.886934904714336,9.566593200632683,21.852437007488497,18.309321063310293,95.67549158856963,-0.1692198644846904,19043,0.3595209306200776,127.6911304453014,3.671593883015162,24.901604700368132,-11.869187195187703,5.996915037604601,30.995156583475257,-0.131902278516093,0.14159521772949127,0.2782137876193728,8.054484469784713e-06,-0.0015566053766876043,False,True,True,False,True,False,False,True,True,table,False,1.8385971910590508,True,0.316277001468984,0.1955638000629858,0.301,
A-20ml-f0.50-p+0.0-above-y0-x+0.0-y+0.0,A,nominal,20,0.5,0,above,0,0,0,18,27.734450974025386,21.696012984481687,9.19139137032675,38.22009510704798,False,44.35,31.4,206276,63137,1970,0,4604,0,0,0,0,0,0,1.447499999999896,7.9319999999983235,21.701499999994773,0.1749240708749975,0.20432353469255107,9.566569997152548,21.85233003560573,18.309321063310293,95.66154274592363,5.735399053522591,63137,84.39074641479651,3.353286962210185,0.10850270045861006,17.386554545503245,6.043403378570414,0.3463475743427848,21.34634957024304,0.5588969058657166,0.6669419511392178,0.06384320974172684,3.912482360306455e-05,-0.0015741759471453066,False,True,True,True,True,True,False,True,True,table,False,0.1596911216024921,False,,,3.0,
A-20ml-f0.25-p+0.0-above-y0-x+0.0-y-3.0,A,dy,20,0.25,0,above,0,0,-3,18,27.734450974025386,10.848006492240843,4.595695685163375,29.524082122566295,False,65.46,30.05,110134,60462,0,0,4601,0,0,44688,0,0,0,1.447499999999896,7.785999999998404,20.309999999998016,56.139282014354485,60.480213889708885,9.566785177051067,21.80040716246128,18.309321063310293,95.7114359562065,6.235406970874643,60462,85.23305263246,2.8717397353230774,0.3649101293174252,8.467116894304937,4.116549509739789,0.37818363036616914,32.187625535054494,0.2249514529712258,1.4318219558074798,18.57932834270898,90.00094895784152,13.89262696713903,False,True,True,False,True,True,True,True,False,table,False,0.1689189556468206,True,0.11838119295844399,1.000081269839029,1.653,
A-20ml-f0.50-p+10.0-above-y0-x+0.0-y+0.0,A,pitch,20,0.5,10,above,0,0,0,18,27.734450974025386,21.696012984481687,9.19139137032675,38.22009510704798,False,45.16,31.4,163317,78241,3913,0,0,0,0,0,0,0,0,,9.240499999999802,19.60049999999967,2.297863029326116,9.067344092391359,9.567739741409314,18.31100479882223,18.309321063310293,99.18261791442026,3.4204621197925986,78241,81.71655600513947,2.186822204675517,1.0075743343163668,14.582802349638532,8.595030741284745,8.646737428142462,19.577612988706782,-0.00797502405813984,0.32368930837721843,1.9132548538506622,2.126839859609609,0.44486089210884355,True,True,True,True,True,True,False,True,True,reach_liquid,False,0.40962975766118587,False,,,3.0,
A-20ml-f0.50-p+20.0-above-y0-x+0.0-y+0.0,A,pitch,20,0.5,20,above,0,0,0,18,27.734450974025386,21.696012984481687,9.19139137032675,38.22009510704798,False,45.2,31.4,166252,76105,4271,0,0,0,0,205,0,0,0,,8.539499999998945,19.60049999999967,5.8299357286774,18.94213268042505,9.567734381728279,18.317536997646176,18.309321063310293,99.15315858348647,4.583770883404975,76105,82.6839297471253,1.649121442287007,0.9436017700457808,15.382693971723233,7.322046140915167,18.669151394054335,17.326969549403014,0.4219217989012501,0.5434280266208069,32.57415495995424,0.32437008011461377,0.06127796968782933,True,True,True,False,True,True,False,True,False,lift,False,0.40601796200795415,False,,,3.0,
A-20ml-f0.50-p-10.0-above-y0-x+0.0-y+0.0,A,pitch,20,0.5,-10,above,0,0,0,18,27.734450974025386,21.696012984481687,9.19139137032675,38.22009510704798,False,56.23,28.4,189897,0,13991,0,2727,0,0,0,0,0,0,1.0549999999999393,,,2.5608344230684112,3.8199880432848894,25.903518802834515,43.886884666032735,18.309321063310293,73.62623086659154,-0.20011913020096667,0,0.00012100371975613546,146.88226508883798,1.4284057600391344,44.71398085974285,-21.32529008897012,5.320675447154482,20.291514938653386,,0.20012663795396057,2.482362016988718,0.11411607829921526,0.015700712387406668,False,True,False,False,False,False,False,False,True,table,False,,False,,,0.0,
A-20ml-f0.50-p+5.0-above-y0-x+0.0-y+0.0,A,pitch,20,0.5,5,above,0,0,0,18,27.734450974025386,21.696012984481687,9.19139137032675,38.22009510704798,False,55.42,31.4,184340,74040,4310,0,0,0,0,0,0,0,0,,9.27949999999985,20.018999999998695,1.2736561288457147,4.517489373735054,9.567743730155732,18.31025957612124,18.309321063310293,99.1930552843327,3.196585826705907,74040,81.16663551213335,2.5363987185008554,0.5758808012103455,14.810004229437547,8.556155516009605,4.115591186445553,20.548019157110346,0.265341045504341,0.41291320679414356,1.142249135324853,0.41249853784548507,0.0748004975835303,True,True,True,True,True,True,False,True,True,reach_liquid,False,0.40042792537944405,False,,,3.0,
A-20ml-f0.25-p+0.0-above-y0-x-6.0-y+0.0,A,dx,20,0.25,0,above,0,-6,0,18,27.734450974025386,10.848006492240843,4.595695685163375,29.524082122566295,False,92.36,28.4,479,0,0,0,4593,0,0,93825,0,0,6033,1.447499999999896,,,3.302767665046716,4.440339198405313,9.566569746643015,20.999380290098202,18.309321063310293,78.0590988119412,-0.20009170450602243,0,0.0011159358972872365,123.46728646900813,38.046712223784134,27.77010730891333,-15.82251769031265,1.530958276637689,31.943848889593266,,0.20004674692788968,32.56666760605316,0.2880083019408401,0.05297256465966133,False,False,True,False,False,False,False,False,False,table,False,,False,,,0.0,
A-20ml-f0.50-p-5.0-above-y0-x+0.0-y+0.0,A,pitch,20,0.5,-5,above,0,0,0,18,27.734450974025386,21.696012984481687,9.19139137032675,38.22009510704798,False,62.13,28.4,194536,0,4840,0,2347,0,0,0,0,0,0,1.2149999999999217,,,1.124932787348588,2.1985065233703893,14.15404284880616,32.13781062073011,18.309321063310293,85.37811718934661,-0.19923630087951422,0,0.007019658185641899,138.22727406086165,0.8968960543579783,29.40282278980533,-6.014867126089881,3.2745805172715765,20.726556641794275,,0.20008643975487048,1.0769013769556293,0.2020011916833798,0.034237431919575234,False,True,False,False,False,False,False,False,True,table,False,,False,,,0.0,
A-20ml-f0.50-p+0.0-above-y0-x+3.0-y+0.0,A,dx,20,0.5,0,above,0,3,0,18,27.734450974025386,21.696012984481687,9.19139137032675,38.22009510704798,False,28.37,28.4,31754,2167,0,0,2502,0,0,46,0,0,1713,1.447499999999896,7.571499999998523,,106.13401860991536,93.62077279348422,14.893699957896064,21.85242378546146,18.309321063310293,95.67435974293944,6.434431185498149,2167,0.27869972681697347,255.66250264124912,118.04765536009425,42.97597058790917,-117.21605282240772,90.00052674876399,1317532.2828479495,,6.187985563315942,122.40530898973293,90.00095186194454,14.013404568012858,False,False,True,False,True,False,False,False,False,table,False,0.7256999652693886,False,,,0.0,
A-20ml-f0.50-p+0.0-above-y90-x+0.0-y+0.0,A,yaw,20,0.5,0,above,90,0,0,18,27.734450974025386,21.696012984481687,9.19139137032675,38.22009510704798,False,39.7,31.4,207175,65305,2638,0,4604,0,0,0,0,0,0,1.447499999999896,7.913499999998334,21.712499999994748,0.16531620221195867,0.13062946410650284,9.566569996095373,21.852331983940843,18.309321063310293,95.66153767139355,6.131990906139702,65305,84.65147665416504,2.978253126024926,0.11961040046495865,17.55043341649628,5.879610871251676,0.36571545589534243,21.34225497140155,0.5493678253001273,0.6503175136115307,0.09222867097073616,3.684109954223508e-05,-0.0015749531711078408,False,True,True,True,True,True,False,True,True,table,False,0.17672326548705414,False,,,3.0,
A-20ml-f0.50-p+0.0-above-y180-x+0.0-y+0.0,A,yaw,20,0.5,0,above,180,0,0,18,27.734450974025386,21.696012984481687,9.19139137032675,38.22009510704798,False,43.04,31.4,206922,62764,1610,0,4604,0,0,0,0,0,0,1.447499999999896,7.939499999998319,21.712499999994748,0.14392786920996029,0.13196999173850232,9.566569997171273,21.8523291554677,18.309321063310293,95.66153724956342,5.869573196281709,62764,84.50945529230984,3.2263889755281454,0.09922616957192396,17.31337061068217,6.11651549714673,0.3303559860074157,21.349730368180303,0.2817683544170802,0.46002059783182375,0.10666759557427286,5.540326585835284e-05,-0.0015756760898629047,False,True,True,True,True,True,False,True,True,table,False,0.16134483902710786,False,,,3.0,
A-20ml-f0.50-p+0.0-above-y270-x+0.0-y+0.0,A,yaw,20,0.5,0,above,270,0,0,18,27.734450974025386,21.696012984481687,9.19139137032675,38.22009510704798,False,43.3,31.4,202262,62486,2898,0,4604,0,0,0,0,0,0,1.447499999999896,7.954499999998311,21.739499999994685,0.15738068745498923,0.210751652867098,9.566569996808918,21.85232357442613,18.309321063310293,95.66154847469501,5.686769445333035,62486,84.28363224805607,3.4010034035018757,0.14383431186314843,17.617544170834094,5.8127074372682355,0.39672796598670196,21.335698523406695,0.45871085725993366,0.5727448042050763,0.046260837791928085,4.105222117067581e-05,-0.0015765489407861394,False,True,True,True,True,True,False,True,True,table,False,0.16620640259295064,False,,,3.0,
A-20ml-f0.50-p+0.0-above-y0-x+0.0-y+3.0,A,dy,20,0.5,0,above,0,0,3,18,27.734450974025386,21.696012984481687,9.19139137032675,38.22009510704798,False,38.3,31.4,176675,58807,4067,0,4604,0,0,0,0,0,0,1.447499999999896,8.02849999999832,21.69449999999479,0.37945598516545603,0.8710450377712468,9.56657000124311,21.820114771685493,18.309321063310293,95.70318686459503,5.901665072501998,58807,82.91208375960991,3.219624882162568,0.43651625619317175,18.289196011789464,5.145635351565897,0.7839581728821039,21.25382764446949,0.4553128885150356,0.5795928524259032,2.985106820236156,5.327711737319874e-05,-0.0015726404963718628,False,True,True,True,True,True,False,True,True,table,False,0.31362358224419773,False,,,3.0,
A-20ml-f0.50-p+0.0-above-y0-x+0.0-y-6.0,A,dy,20,0.5,0,above,0,0,-6,18,27.734450974025386,21.696012984481687,9.19139137032675,38.22009510704798,False,47.13,31.4,117691,49886,215,0,4604,0,0,24159,0,0,0,1.447499999999896,7.957499999998309,19.920999999998923,54.174762118633744,58.62821817763873,9.566570001524198,21.834985382675224,18.309321063310293,95.67718586349855,5.612683759919898,49886,84.28241815048729,3.480687463174662,0.10587764545509776,17.205805855187876,6.224124141672768,0.3365066170579866,21.34843005833743,0.4996020224140272,1.0546492857501306,45.48173831640687,89.99959316947488,13.904502362000079,False,True,True,False,True,True,False,True,False,table,False,0.18534456552207518,False,,,3.0,
A-20ml-f0.50-p+0.0-diagonal-y0-x+0.0-y+0.0,A,approach,20,0.5,0,diagonal,0,0,0,18,27.734450974025386,21.696012984481687,9.19139137032675,38.22009510704798,False,71.19,28.4,38125,4562,25796,0,2055,0,0,42373,0,0,0,1.4049999999999008,7.652499999998478,,101.90090770476691,91.02223754627003,6.769422739611598,21.752397237548966,18.309321063310293,95.77972323984258,3.9962881568223194,4562,1.2632514744979342,118.52663358684194,3.6158180235984987,61.861585906261105,-19.62650266610136,54.06951464808264,4.705486737332419,,4.841608345013051,134.43114652820137,90.00931845160136,14.071387004404489,False,True,True,False,True,False,False,False,False,table,False,0.8330771126928391,False,,,0.0,
A-20ml-f0.50-p+0.0-above-y0-x+0.0-y+6.0,A,dy,20,0.5,0,above,0,0,6,18,27.734450974025386,21.696012984481687,9.19139137032675,38.22009510704798,False,41.59,31.4,176942,62674,3242,0,4604,0,0,0,0,0,0,1.447499999999896,8.0109999999983,19.901999999998967,0.29215382238882326,0.6137260544113418,9.566570004900306,21.742982176956513,18.309321063310293,95.77584939047621,5.56471940934989,62674,83.98804182364644,3.409160718469209,0.36568184991950453,17.709929147287514,5.723371257727552,0.6732324095580622,21.277239267009275,0.11710916752011089,0.34807185541183044,5.96675084214059,1.7011319387290263e-05,-0.0015699147409570838,False,True,True,True,True,True,False,True,True,table,False,0.1494267385993483,False,,,3.0,
A-20ml-f0.80-p+0.0-above-y0-x+0.0-y+0.0,A,nominal,20,0.8,0,above,0,0,0,18,27.734450974025386,34.713620775170696,14.7062261925228,51.237702897736995,False,37.62,31.4,200507,63380,2728,0,4604,0,0,0,0,0,0,1.447499999999896,7.932499999998323,21.695499999994787,0.17411798624170954,0.2104842540236263,9.566569997494483,21.852317259569602,18.309321063310293,95.66022721753531,5.761205588917518,63380,84.43563188578224,3.3253410687624,0.04204092691280609,30.50824089733054,5.938890543294606,0.3690547721086031,8.323941208077143,0.5742782807205841,0.6757041138885517,0.05222894196038866,2.5853980265985207e-05,-0.0015530340567346485,False,True,True,True,True,True,False,True,True,table,False,0.16058340156464562,False,,,3.0,
A-20ml-f0.50-p+0.0-above-y0-x-6.0-y+0.0,A,dx,20,0.5,0,above,0,-6,0,18,27.734450974025386,21.696012984481687,9.19139137032675,38.22009510704798,False,67.14,28.4,468,0,0,0,4596,0,0,94655,0,0,4502,1.447499999999896,,,1.0497391214071612,1.3384875885653458,9.566570067353238,21.80712869361437,18.309321063310293,79.47787188475789,-0.19985440491088885,0,0.0038149179221813093,124.90124416843362,32.16458051763699,38.0215095804158,-14.028436114191924,1.0046600225266924,21.207159042969014,,0.20005592825539897,27.598989756568237,0.270723431042474,0.04886732837617391,False,False,True,False,False,False,False,False,False,table,False,,False,,,0.0,
A-20ml-f0.50-p+0.0-above-y0-x+0.0-y-3.0,A,dy,20,0.5,0,above,0,0,-3,18,27.734450974025386,21.696012984481687,9.19139137032675,38.22009510704798,False,58.37,31.4,99428,47199,0,0,4602,0,0,71885,0,0,0,1.447499999999896,7.945499999998316,19.918999999998928,69.12263711240078,91.37671251452413,9.575350652730858,21.689601163618992,18.309321063310293,95.83132856411653,5.591042728572623,47199,84.43850052171432,3.3471208690036156,0.21777579115760248,17.003342802959224,6.42728002282425,0.38308468688134656,21.338582895887125,5.518205005584306,5.642063815870096,0.8900990737715018,88.03830254953601,141.97115405760962,False,True,True,False,True,True,True,False,False,table,False,0.14349145371889094,False,,,3.0,
A-20ml-f0.80-p+0.0-above-y0-x+0.0-y-3.0,A,dy,20,0.8,0,above,0,0,-3,18,27.734450974025386,34.713620775170696,14.7062261925228,51.237702897736995,False,32.61,31.4,165848,65091,3165,0,4604,0,0,0,0,0,0,1.447499999999896,7.796999999998398,21.0464999999963,0.42214170792517924,0.31780490811817247,9.566569996326727,21.845268561720044,18.309321063310293,95.66815173154201,6.136519352745146,65091,84.48121945483533,2.9562411861435565,0.20198668016780275,30.378384181835727,6.070434170050571,0.6136484476628274,8.272229332741865,0.4892085399155994,0.5656703827776925,2.9772171238534924,4.395068842964249e-05,-0.0015481717857386615,False,True,True,True,True,True,False,True,True,table,False,0.1643545483124691,False,,,3.0,
A-20ml-f0.80-p+0.0-above-y180-x+0.0-y+0.0,A,yaw,20,0.8,0,above,180,0,0,18,27.734450974025386,34.713620775170696,14.7062261925228,51.237702897736995,False,33.9,31.4,201574,62736,1826,0,4604,0,0,0,0,0,0,1.447499999999896,7.945499999998316,21.708499999994757,0.13998060873171045,0.11798579542172981,9.566569997366257,21.85231214557754,18.309321063310293,95.66022559982784,5.853199408745222,62736,84.48747157834882,3.238593823445144,0.028637404302669704,30.36242157160019,6.084651314396644,0.34190566307709797,8.329680849649433,0.5873594813563816,0.6905521839835029,0.09378544321066831,4.754377131069603e-05,-0.0015554654912849786,False,True,True,True,True,True,False,True,True,table,False,0.1631310122358426,False,,,3.0,
A-20ml-f0.80-p+0.0-above-y270-x+0.0-y+0.0,A,yaw,20,0.8,0,above,270,0,0,18,27.734450974025386,34.713620775170696,14.7062261925228,51.237702897736995,False,34.47,31.4,201645,62644,2594,0,4604,0,0,0,0,0,0,1.447499999999896,7.950499999998313,21.74549999999467,0.15241188304679723,0.18577838462679283,9.566569996807251,21.85231146554779,18.309321063310293,95.66023303271822,5.74734546917733,62644,84.34611711320626,3.3392136111504946,0.04819725924025811,30.50427554406106,5.942902285784451,0.3804751782349437,8.321526789324519,0.5295961788788677,0.6282082701602743,0.06257047444188132,3.9762393706418754e-05,-0.0015531910125707723,False,True,True,True,True,True,False,True,True,table,False,0.16392214628692126,False,,,3.0,
A-20ml-f0.80-p+0.0-above-y0-x-6.0-y+0.0,A,dx,20,0.8,0,above,0,-6,0,18,27.734450974025386,34.713620775170696,14.7062261925228,51.237702897736995,False,36.6,28.4,459,0,0,0,4597,0,0,68765,0,0,2376,1.447499999999896,,,1.3026141967590246,1.3843381967409063,9.566570174506946,21.353344426035083,18.309321063310293,77.4330065703172,-0.1992739428496315,0,0.007022716628524538,125.97719558804232,33.96698493225755,50.805781593296516,-14.478862691362254,1.858126711104933,8.009009285792208,,0.2000952078559412,27.180771349181903,5.193302344775284e-06,-0.0015462455704404589,False,False,True,False,False,False,False,False,False,table,False,,False,,,0.0,
A-20ml-f0.80-p+0.0-above-y0-x-3.0-y+0.0,A,dx,20,0.8,0,above,0,-3,0,18,27.734450974025386,34.713620775170696,14.7062261925228,51.237702897736995,False,36.8,28.4,1756,0,0,0,4557,0,0,84516,0,0,1382,1.447499999999896,,,0.7556628963825193,0.6191499871005403,14.188119403925558,21.848862925730995,18.309321063310293,56.7705621157981,-0.19917778929907232,0,0.0070677507156635955,143.96281798231246,36.02828604737078,74.41597519737454,-37.637530415560576,0.5247943662807044,8.291015267040391,,0.20009359218196612,34.53630262641281,0.08626861132417067,0.00977356840572127,False,False,True,False,False,False,False,False,False,table,False,,False,,,0.0,
A-20ml-f0.80-p+20.0-above-y0-x+0.0-y+0.0,A,pitch,20,0.8,20,above,0,0,0,18,27.734450974025386,34.713620775170696,14.7062261925228,51.237702897736995,False,38.79,31.4,135881,63775,5099,0,0,0,0,55,0,0,0,,9.32949999999991,19.60449999999966,5.122406260550992,18.45935701886257,9.567734386945862,18.317667466878497,18.309321063310293,99.15275969951131,2.068768888724752,63775,79.12748956734299,4.227817979084073,0.8734314635122096,30.125727906974067,5.728223166195118,18.287284089277478,4.399105361748681,0.8169993650152934,0.8829222151709064,49.25456900094094,90.00116280782045,14.024792185930803,True,True,True,False,True,True,False,True,False,lift,False,0.7823203883687333,False,,,3.0,
A-20ml-f0.80-p+5.0-above-y0-x+0.0-y+0.0,A,pitch,20,0.8,5,above,0,0,0,18,27.734450974025386,34.713620775170696,14.7062261925228,51.237702897736995,False,39.71,31.4,173553,73975,4435,0,0,0,0,0,0,0,0,,9.294499999999868,19.988999999998764,1.2557832401833204,4.503100051143394,9.56774372980132,18.3102830600906,18.309321063310293,99.19201244069589,3.004638991144004,73975,80.73056086349347,2.7695333255610413,0.3977179757431899,27.87345113067136,8.52406101187453,4.075855774746517,7.538854648763939,0.2677464069913085,0.4150775334011587,1.1330272567458972,0.4684542093138101,0.09216833213260511,True,True,True,True,True,True,False,True,True,reach_liquid,False,0.3971983881895619,False,,,3.0,
A-20ml-f0.80-p+0.0-above-y90-x+0.0-y+0.0,A,yaw,20,0.8,0,above,90,0,0,18,27.734450974025386,34.713620775170696,14.7062261925228,51.237702897736995,False,40.42,31.4,209837,65169,2731,0,4604,0,0,0,0,0,0,1.447499999999896,7.856499999998365,21.69849999999478,0.1505817859245747,0.14462922694065908,9.566569997668248,21.852315220344405,18.309321063310293,95.66022520621183,6.349775992391448,65169,84.82738072691343,2.7599225693413842,0.050932771974046914,30.60178902242433,5.845385190479696,0.38452447150324953,8.32067071582681,0.5889972073991334,0.6889991061717711,0.08024294926800622,4.3441895880111496e-05,-0.0015600313311464023,False,True,True,True,True,True,False,True,True,table,False,0.1857591431316288,False,,,3.0,
A-20ml-f0.80-p+0.0-above-y0-x+0.0-y-6.0,A,dy,20,0.8,0,above,0,0,-6,18,27.734450974025386,34.713620775170696,14.7062261925228,51.237702897736995,False,43.72,31.4,133798,59045,5127,0,4602,0,0,28445,0,0,0,1.447499999999896,7.928999999998325,21.030999999996336,59.52352732206627,56.2668281761443,9.566638945267897,21.76930852866633,18.309321063310293,95.74174365720171,5.827292578973721,59045,85.54623941829401,3.3256091156973255,0.20300246943784955,31.048180821711078,5.3989030687095205,0.021070007807378954,8.397507533464498,3.534870557806462,3.5369730639623675,33.35162368920308,0.8882548175470728,0.18009372496255605,False,True,True,False,True,True,False,False,False,table,False,0.24441895912211034,False,,,3.0,
A-20ml-f0.80-p+10.0-above-y0-x+0.0-y+0.0,A,pitch,20,0.8,10,above,0,0,0,18,27.734450974025386,34.713620775170696,14.7062261925228,51.237702897736995,False,46.16,31.4,161200,78018,4035,0,0,0,0,0,0,0,0,,9.236499999999797,19.60049999999967,2.2772904762598984,9.002509576830217,9.567739741674147,18.311101748462633,18.309321063310293,99.18125548579098,3.433497251442513,78018,81.40637458834969,2.1727557527042,0.7364738320554591,27.61073755494725,8.627786628954414,8.588635314850734,6.572570311839962,0.03711228247814439,0.3252217518179268,1.7917972129366524,2.0630762894434733,0.43133691990756606,True,True,True,True,True,True,False,True,True,reach_liquid,False,0.440353496718306,False,,,3.0,
A-20ml-f0.80-p-20.0-above-y0-x+0.0-y+0.0,A,pitch,20,0.8,-20,above,0,0,0,18,27.734450974025386,34.713620775170696,14.7062261925228,51.237702897736995,False,48.33,28.4,29169,0,0,0,1885,0,0,0,0,0,2378,0.7974999999999676,,,42.57849722577701,25.028761647799318,61.15147597271429,69.47379607850158,18.309321063310293,41.735903310753294,-0.20025810076783335,0,0.004027593326162113,156.80534008531998,15.675928807248173,84.83684537335245,-49.668812477771915,5.721687096439847,7.188339361047564,,0.20011156485865997,11.01724380406374,6.668185343934157e-06,-0.0015462221611676824,False,False,False,False,False,False,False,False,False,table,False,,False,,,0.0,
A-20ml-f0.80-p+0.0-above-y0-x+3.0-y+0.0,A,dx,20,0.8,0,above,0,3,0,18,27.734450974025386,34.713620775170696,14.7062261925228,51.237702897736995,False,53.05,31.4,146192,21630,19087,0,4613,0,0,0,0,0,0,1.447499999999896,9.417500000000018,19.60049999999967,3.889118464529513,9.007678242704314,9.566555844384432,21.852391892681297,18.309321063310293,95.6730622605485,-0.18721693103366382,21630,0.3723548385496164,127.68535560724811,2.006727539065105,41.76744583014356,-5.074260876295867,6.162458694027675,7.094148724724282,0.973440824308447,1.032479729866573,2.6021992934624327,0.04798117121852449,0.0017191060403309501,False,True,True,False,True,False,False,True,True,table,False,1.7409121973450683,False,,,3.0,
A-20ml-f0.80-p+0.0-above-y0-x+6.0-y+0.0,A,dx,20,0.8,0,above,0,6,0,18,27.734450974025386,34.713620775170696,14.7062261925228,51.237702897736995,False,54.93,28.4,93985,3071,6109,0,4664,0,0,377,0,0,0,1.447499999999896,,,14.254630281437766,38.77751257725067,9.56651558147453,21.849746344779724,18.309321063310293,95.68660135562341,-0.1936188782851872,3071,0.007078756479801543,128.19398454718478,5.629656873949823,40.46687579499049,-6.577056741989162,36.421787685208656,-0.5352818639998043,,0.32556594059578203,7.230230283066521,90.0010677212111,13.882273279146853,False,True,True,False,False,False,False,False,False,table,False,,False,,,0.0,
A-20ml-f0.80-p-5.0-above-y0-x+0.0-y+0.0,A,pitch,20,0.8,-5,above,0,0,0,18,27.734450974025386,34.713620775170696,14.7062261925228,51.237702897736995,False,55.02,28.4,194202,0,4720,0,2347,0,0,0,0,0,0,1.2149999999999217,,,1.0527565982452756,2.106392187877916,14.146951398528918,32.13780367566735,18.309321063310293,85.37668743729292,-0.19931633601095317,0,0.007005499759239251,138.2243648873383,0.5579610493589104,41.71488002903055,-5.290658468875484,3.1831772821633137,7.728333328851762,,0.20001547723727187,1.0218518168923705,0.1479636864095498,0.022822877553465327,False,True,False,False,False,False,False,False,True,table,False,,False,,,0.0,
A-20ml-f0.50-p+0.0-above-y0-x-3.0-y+0.0,A,dx,20,0.5,0,above,0,-3,0,18,27.734450974025386,21.696012984481687,9.19139137032675,38.22009510704798,False,55.16,28.4,2575,0,0,0,2502,0,0,46807,0,0,1713,1.447499999999896,,,0.8013369455574448,0.005239116155568218,24.67559236657761,21.847691883969414,18.309321063310293,-0.0015646416256485734,-0.20010075145566325,0,0.0037498493526509987,198.76543979038058,36.664955426666104,131.08366191894444,-107.6542483909585,5.3318147119265075e-06,21.41956847357936,,0.20610884480529362,57.45659985943857,4.864933718248583,78.35706970669463,False,False,True,False,False,False,False,False,False,table,False,,False,,,0.0,
A-20ml-f0.80-p+0.0-above-y0-x+0.0-y+3.0,A,dy,20,0.8,0,above,0,0,3,18,27.734450974025386,34.713620775170696,14.7062261925228,51.237702897736995,False,58.27,31.4,39239,13244,12944,0,2502,0,0,71981,0,0,0,1.447499999999896,20.792499999996892,20.79399999999689,105.52190822196617,92.84178420873405,15.531607128897784,21.78882351706347,18.309321063310293,95.72906773029021,1.7805406437555598,13244,0.0039714318303671345,125.74550916013268,2.1733637432844626,62.447712171446696,-14.647453445154667,51.11016530833323,-6.614719989934049,12.02435812962303,12.299674715317543,66.28745391287958,90.00108833437758,13.903396837276503,False,True,True,False,False,False,False,False,False,table,False,0.5014523409675339,False,,,3.0,
A-20ml-f0.80-p-10.0-above-y0-x+0.0-y+0.0,A,pitch,20,0.8,-10,above,0,0,0,18,27.734450974025386,34.713620775170696,14.7062261925228,51.237702897736995,False,65.11,28.4,185054,0,5702,0,2727,0,0,0,0,0,0,1.0549999999999393,,,1.9613197401990448,3.223286231458243,25.89369070657833,43.88687114713944,18.309321063310293,73.62453471533294,-0.20011836957524454,0,0.00024018523626814496,146.88354574339337,0.6310833765645303,57.801629451978684,-21.323122454718874,1.8564989744882143,8.009353757089091,,0.2001119759208835,1.9475577910358868,0.054807821152852584,0.003117112126036187,False,True,False,False,False,False,False,False,True,table,False,,False,,,0.0,
A-30ml-f0.25-p-5.0-above-y0-x+0.0-y+0.0,A,pitch,30,0.25,-5,above,0,0,0,20,31.74802103936399,12.11256004651333,6.975340422317517,21.48270134647077,False,31.32,28.4,36800,1074,0,0,2020,0,0,4589,0,0,5591,1.339999999999908,,,120.84897673753687,94.62708580579037,9.561235835353115,33.80859499728381,26.60154996848948,92.0059341070231,0.7247081240945377,1074,0.003642634139144793,247.37770760903214,124.67441844583533,71.38478726589967,-110.1516294016441,90.00040911854627,1966163.0669099654,,0.0715553144451948,95.50016709352127,90.00095972003096,15.878866734141926,False,False,False,False,False,False,False,False,False,table,False,,False,,,0.0,
A-20ml-f0.80-p+0.0-above-y0-x+0.0-y+6.0,A,dy,20,0.8,0,above,0,0,6,18,27.734450974025386,34.713620775170696,14.7062261925228,51.237702897736995,False,41.72,31.4,194148,60884,3811,0,4604,0,0,0,0,0,0,1.447499999999896,7.926999999998326,21.583999999995047,0.19545109585101492,0.5322132251296328,9.566570006195166,21.66052518040308,18.309321063310293,95.8549671661116,6.045110215057631,60884,83.67550226068005,2.952218989772531,0.2503102358115936,31.02949133072784,5.420229551251682,0.7478746951885277,8.243849395933612,0.40910890502326264,0.5292075455626275,5.956357926063834,2.1598954627055457e-05,-0.0015530920933647925,False,True,True,True,True,True,False,True,True,table,False,0.2030344997115047,False,,,3.0,
A-30ml-f0.25-p-10.0-above-y0-x+0.0-y+0.0,A,pitch,30,0.25,-10,above,0,0,0,20,31.74802103936399,12.11256004651333,6.975340422317517,21.48270134647077,False,40.06,28.4,194449,0,1061,0,2494,0,0,0,0,0,0,1.1524999999999286,,,4.040622298742357,4.778886104685672,18.197151856577253,44.374098907430216,26.60154996848948,81.43782530992412,-0.20007661403421279,0,0.004954068911183555,141.67510532873504,2.390652970948183,24.186464071332196,-10.289741515366199,6.240877145356832,36.24506837359888,,0.20008595251677327,3.8339112374875426,0.5210401599063983,0.11720092761701076,False,True,False,False,False,False,False,False,True,table,False,,False,,,0.0,
A-20ml-f0.50-p+0.0-above-y0-x+6.0-y+0.0,A,dx,20,0.5,0,above,0,6,0,18,27.734450974025386,21.696012984481687,9.19139137032675,38.22009510704798,False,76.23,28.4,130364,2236,9772,0,4652,0,0,200,0,0,0,1.447499999999896,,,11.954403820596873,35.93422839166684,9.566568180502982,21.849837560374464,18.309321063310293,95.6878883550205,-1.5540012254491518,2236,0.38214921270485586,130.4922892078634,5.1938300098471935,38.984635420896986,-15.703077557801038,35.209536667475724,12.872095356105538,,3.2432749960982235,226.7493001067774,89.98854176999333,14.032680078333483,False,True,True,False,False,False,False,False,False,table,False,,False,,,0.0,
A-30ml-f0.25-p+0.0-above-y0-x-3.0-y+0.0,A,dx,30,0.25,0,above,0,-3,0,20,31.74802103936399,12.11256004651333,6.975340422317517,21.48270134647077,False,24.31,28.4,998,0,0,0,0,0,0,85721,0,0,0,,,,0.5887841406770522,0.7339530146508129,9.567746256895902,26.58519116611494,26.60154996848948,82.30125397443325,-0.18999418685588382,0,0.007344209011422867,121.91759703381301,32.568037550448956,21.646133349927073,-8.163782253490668,1.2448645481433347,37.47525805664875,,0.20013314115151032,29.429754398102467,5.193302344775284e-06,-0.0015491465777896299,True,True,True,False,False,False,False,False,False,lift,False,,False,,,0.0,
A-30ml-f0.25-p+10.0-above-y0-x+0.0-y+0.0,A,pitch,30,0.25,10,above,0,0,0,20,31.74802103936399,12.11256004651333,6.975340422317517,21.48270134647077,False,41.87,28.7,131217,67557,23199,0,0,0,0,0,0,0,0,,8.955999999999454,19.60049999999967,3.1949739461917432,8.530405152890852,9.56780226617212,26.600473872677544,26.60154996848948,99.17740335299503,3.9908290873091543,67557,82.24565370347565,1.5543076864963115,1.6890048309446377,9.526309483574076,4.308044704598654,7.576453813380987,35.912994935327546,0.27696621648740405,0.42421140125648477,20.733399385559647,4.83862856653166,1.178275860326587,True,True,True,False,True,True,False,True,False,lift,False,0.16328157150890937,True,0.1369344126133725,0.19595154347584595,0.301,
A-30ml-f0.25-p+5.0-above-y0-x+0.0-y+0.0,A,pitch,30,0.25,5,above,0,0,0,20,31.74802103936399,12.11256004651333,6.975340422317517,21.48270134647077,False,43.6,31.4,156779,80640,24734,0,0,0,0,0,0,0,0,,9.256499999999821,19.60049999999967,1.7098591539055474,4.440207460780963,9.567743697227293,26.600795694606617,26.60154996848948,99.1904604573526,3.7137042652708523,80640,82.32881673459984,1.8706556024020946,1.0835867368506205,9.462651313897014,4.568805777064741,3.1013404600662917,37.01967510666022,-0.025236859013297745,0.25389961090466784,1.6291083759168958,0.47093417849432806,0.10679900401293861,True,True,True,True,True,True,False,True,True,reach_liquid,False,0.10303573241390993,False,,,3.0,
A-30ml-f0.25-p+0.0-diagonal-y0-x+0.0-y+0.0,A,approach,30,0.25,0,diagonal,0,0,0,20,31.74802103936399,12.11256004651333,6.975340422317517,21.48270134647077,False,37.31,31.4,195642,94030,487,0,0,0,0,0,0,0,0,,8.259499999998603,20.173499999998334,0.30119448444953717,0.1574730279126619,6.7654109715408435,26.603094443041922,26.60154996848948,99.20150119701046,5.040551919387883,94030,87.71194950526572,0.9070416777779383,0.16206397227377223,5.211848778026273,8.885346454319334,0.14772265730679396,37.74413607971588,0.24153627429721944,0.4144156151213159,0.0759525933110536,8.546269934374555e-05,-0.0015423053209012146,True,True,True,True,True,True,False,True,True,reach_liquid,False,0.10488533884570311,False,,,3.0,
A-30ml-f0.25-p+20.0-above-y0-x+0.0-y+0.0,A,pitch,30,0.25,20,above,0,0,0,20,31.74802103936399,12.11256004651333,6.975340422317517,21.48270134647077,False,44.5,28.73,142052,68151,20688,0,0,0,0,24,0,0,0,,8.982999999999487,21.121499999996125,6.2831433378969,17.32593968290103,9.567796839084993,26.60141232688181,26.60154996848948,99.1519620303467,3.902198410684225,68151,81.07272399695495,1.579782598703621,3.0490272627122943,9.677721596681447,3.3766166508919366,16.42563547324653,33.64158874553963,3.098327752747684,3.114459895904889,34.76941712442416,90.00051641453528,15.87303888078849,True,True,True,False,True,True,False,False,False,lift,False,0.21769525130976808,True,0.14579427032999454,0.21594588690196512,0.331,
A-30ml-f0.25-p+0.0-above-y0-x+0.0-y+0.0,A,nominal,30,0.25,0,above,0,0,0,20,31.74802103936399,12.11256004651333,6.975340422317517,21.48270134647077,False,48.86,31.4,134410,73067,484,0,0,0,0,25772,0,0,0,,8.258999999998602,20.20149999999827,51.02806048451599,39.3497407790961,9.567746259119609,26.603094737951782,26.60154996848948,99.20150082341138,5.042025013501615,73067,87.7087620101751,0.9299645179340644,0.16426732375145384,5.212131571657849,8.88508036936063,0.15234552159466289,37.74300334238425,14.220023302540136,14.226435153393414,33.00942768050807,3.419360788524891e-05,-0.0015534218950073412,True,True,True,False,True,True,False,False,False,lift,False,0.10497270421248214,False,,,3.0,
A-20ml-f0.80-p+0.0-side-y0-x+0.0-y+0.0,A,approach,20,0.8,0,side,0,0,0,18,27.734450974025386,34.713620775170696,14.7062261925228,51.237702897736995,False,86.26,28.4,54235,2301,1376,0,2502,0,0,8551,0,0,2874,0.0025,,,126.26062167396151,91.19756594570984,17.854315725325115,21.778027032928993,18.309321063310293,95.75150840846402,-1.2388050843047462,2301,0.9972672487291088,129.17821285929637,7.732802885033776,65.96268612164555,-28.752240599771177,5.884071651369692,7.1536561020024285,,1.7330455211113969,125.1814970935775,90.34959690692689,13.516938071224464,False,False,True,False,False,False,False,False,False,table,False,,False,,,0.0,
A-30ml-f0.25-p+0.0-above-y0-x-6.0-y+0.0,A,dx,30,0.25,0,above,0,-6,0,20,31.74802103936399,12.11256004651333,6.975340422317517,21.48270134647077,False,38.18,28.4,25819,111,0,0,0,0,0,12293,0,0,5540,,,,89.19848188953307,20.701127550773617,57.77029172643446,25.716887090764622,26.60154996848948,88.43863653311259,-0.2023382015127334,111,0.007179365689038336,198.3823280520973,40.2199290755067,121.1933650895505,-110.36617887067895,6.700260404741924,36.131058256428126,,0.19091765768517546,20.188966414566096,4.26425719246261,1.0322726605615653,True,False,True,False,False,False,False,False,False,rig_clear,False,,False,,,0.0,
A-30ml-f0.25-p+0.0-side-y0-x+0.0-y+0.0,A,approach,30,0.25,0,side,0,0,0,20,31.74802103936399,12.11256004651333,6.975340422317517,21.48270134647077,False,51.7,31.4,133887,74987,480,0,0,0,0,21318,0,0,0,,8.258999999998602,20.202999999998266,78.88882031023593,67.02309167180883,9.567879836174873,26.60309374264204,26.60154996848948,99.20150208585584,5.041180531620788,74987,87.71375527386604,0.9266415138074603,0.16337942681683956,5.212164902330401,8.885038972345646,0.14998953966951709,37.74358062711284,6.948924688072303,7.0971728114144605,142.7801378269905,64.93468110653588,64.2754446384746,True,True,True,False,True,True,False,False,False,lift,False,0.10494554208702135,False,,,3.0,
A-30ml-f0.25-p+0.0-above-y180-x+0.0-y+0.0,A,yaw,30,0.25,0,above,180,0,0,20,31.74802103936399,12.11256004651333,6.975340422317517,21.48270134647077,False,43.93,31.4,184526,94040,446,0,0,0,0,0,0,0,0,,8.235999999998574,20.143499999998404,0.32168313976621293,0.1389906401251427,9.56774625888699,26.603094056081456,26.60154996848948,99.2014987007123,5.1608065551590405,94040,87.77119596270614,0.9105893153982877,0.1610798284673237,5.215344616893156,8.881823616071136,0.1386367371654487,37.74636239526624,0.1942201383778873,0.4038795941910287,0.05100043263441194,0.00011302105772656452,-0.00154962055232985,True,True,True,True,True,True,False,True,True,reach_liquid,False,0.10528258589207164,False,,,3.0,
A-30ml-f0.25-p+0.0-above-y270-x+0.0-y+0.0,A,yaw,30,0.25,0,above,270,0,0,20,31.74802103936399,12.11256004651333,6.975340422317517,21.48270134647077,False,42.62,31.4,132581,72827,427,0,0,0,0,26415,0,0,0,,8.234499999998572,20.212499999998244,51.352857588503355,39.79453393141947,9.56774625891494,26.60309544313513,26.60154996848948,99.20150101386189,5.120875744021959,72827,87.84512910638746,0.8580625092657924,0.16004663741063796,5.219399588540287,8.877749114020325,0.13246555510411168,37.747874513957484,11.112424954136992,11.118301994293718,33.97305091064713,0.4080740348909572,0.0850670375807643,True,True,True,False,True,True,False,False,False,lift,False,0.10501967225621049,False,,,3.0,
A-30ml-f0.25-p+0.0-above-y90-x+0.0-y+0.0,A,yaw,30,0.25,0,above,90,0,0,20,31.74802103936399,12.11256004651333,6.975340422317517,21.48270134647077,False,49.33,31.4,195992,94040,485,0,0,0,0,0,0,0,0,,8.237999999998577,20.193999999998287,0.35811969503691016,0.1167470982780144,9.56774625829758,26.60309211342199,26.60154996848948,99.20150113593496,5.271590177172415,94040,87.97338925678666,0.8293465488281225,0.14479948931212538,5.22154223102606,8.875491188260504,0.09645820606864143,37.756697345507,0.27216933493228695,0.43342058180688414,0.04978466073744001,7.010308322724542e-05,-0.0015466293804508432,True,True,True,True,True,True,False,True,True,reach_liquid,False,0.10518158832928304,False,,,3.0,
A-20ml-f0.80-p+0.0-diagonal-y0-x+0.0-y+0.0,A,approach,20,0.8,0,diagonal,0,0,0,18,27.734450974025386,34.713620775170696,14.7062261925228,51.237702897736995,False,99.41,28.4,33731,8083,11159,0,4012,0,0,66495,0,0,0,1.4049999999999008,7.696499999998454,,61.207459160295556,58.48375916637711,6.766309673863276,21.75310742019262,18.309321063310293,95.77774761371035,-1.2281357053342823,8083,1.336792960701128,121.22495133516348,6.330488337101183,65.78559773855571,-19.340294987764405,57.65843993953112,-10.727441092859086,,5.107679852490599,45.024727180048906,90.00552469040144,13.866553190147265,False,True,True,False,True,False,False,False,False,table,False,0.8868227101490896,False,,,0.0,
A-30ml-f0.25-p+0.0-above-y0-x+6.0-y+0.0,A,dx,30,0.25,0,above,0,6,0,20,31.74802103936399,12.11256004651333,6.975340422317517,21.48270134647077,False,38.35,28.73,121089,76881,9940,0,0,0,0,0,0,0,0,,7.618499999998497,21.040999999996313,2.140011323089108,7.070764566551339,9.56780856242634,26.603186577307056,26.60154996848948,99.20134528297281,7.985528743368671,76881,80.97569895349993,1.809538692109575,7.241764352800205,9.97991865029096,4.943157225977032,6.781028115836901,36.11099147169779,4.458377048838115,4.471020550182339,1.837294110100844,0.08832527977815915,0.013449395684203018,True,True,True,True,True,True,False,False,True,reach_liquid,False,0.06413079918980324,True,0.2018190449950532,0.21254026177968544,0.326,
A-30ml-f0.25-p+0.0-above-y0-x+3.0-y+0.0,A,dx,30,0.25,0,above,0,3,0,20,31.74802103936399,12.11256004651333,6.975340422317517,21.48270134647077,False,46.25,28.7,154211,71900,23611,0,0,0,0,0,0,0,0,,8.195999999998525,20.187499999998302,1.6772783521995376,3.9060347103660353,9.567808562121936,26.6031008431991,26.60154996848948,99.20147217950831,5.274974567324238,71900,84.59882421329986,1.6631671904485084,3.7850493219745536,9.121919000161194,5.15462308791792,2.8129122163675437,37.090536741880626,1.2793052947919519,1.3387657050585227,1.8428963123298792,0.3043732454858054,0.06725333504142983,True,True,True,True,True,True,False,False,True,reach_liquid,False,0.11135157684481554,True,0.20999380732454823,0.19588892219058787,0.301,
A-30ml-f0.50-p-5.0-above-y0-x+0.0-y+0.0,A,pitch,30,0.5,-5,above,0,0,0,20,31.74802103936399,24.22512009302666,13.950680844635034,32.70782143949743,False,23.46,28.4,37146,1401,0,0,2044,0,0,1069,0,0,5224,1.339999999999908,,,105.46937495405639,91.0153657276032,9.561935445275754,33.808628450610556,26.60154996848948,92.00400875572893,0.826420582705413,1401,0.0036408078591273797,249.61232394012248,122.73637781897108,-56.86758209297797,-122.378941980135,90.00025105777114,3203982.7307280814,,0.18279297518001555,58.38716434140108,90.00025166287662,15.872928266978843,False,False,False,False,False,False,False,False,False,table,False,,False,,,0.0,
A-30ml-f0.25-p+0.0-above-y0-x+0.0-y+6.0,A,dy,30,0.25,0,above,0,0,6,20,31.74802103936399,12.11256004651333,6.975340422317517,21.48270134647077,False,31.28,31.4,182753,94020,4685,0,0,0,0,0,0,0,0,,8.180499999998506,20.191499999998292,0.256814306483913,0.16437536599858138,9.567746255640587,26.57380535192711,26.60154996848948,99.23461241023315,5.278510205152444,94020,87.6343254059628,0.5285208557914787,0.2317749253635147,5.525554527445971,8.572260453436828,0.27243579190247885,37.713577490775336,0.24223506090854802,0.41861308223161653,6.010652767017621,0.08745474831563015,0.013122778378744584,True,True,True,True,True,True,False,True,True,reach_liquid,False,0.10106773332683484,False,,,3.0,
A-30ml-f0.25-p-20.0-above-y0-x+0.0-y+0.0,A,pitch,30,0.25,-20,above,0,0,0,20,31.74802103936399,12.11256004651333,6.975340422317517,21.48270134647077,False,74.38,28.4,212834,0,8081,0,3144,0,0,0,0,0,0,0.8824999999999582,,,5.614079181078358,4.317721433768923,43.034769765236526,69.58770649891132,26.60154996848948,56.48068629756929,-0.2001404261631548,0,0.0007185158484222569,157.8333097488392,5.13049955001243,54.60028280577998,-40.754641976066914,3.811989333639389,36.844908897156095,,0.20012424497173167,5.719343144347777,0.2747856788896602,0.05739622100864506,False,True,False,False,False,False,False,False,True,table,False,,False,,,0.0,
A-30ml-f0.25-p+0.0-above-y0-x+0.0-y-6.0,A,dy,30,0.25,0,above,0,0,-6,20,31.74802103936399,12.11256004651333,6.975340422317517,21.48270134647077,False,42.79,29.61,137985,84842,19720,0,0,0,0,0,0,0,0,,8.225499999998561,20.114499999998472,0.35713969649135124,0.7834963289769069,9.567808569037481,26.49981722476813,26.60154996848948,99.31087484510829,5.067826019380377,84842,86.73898088154127,0.5506729406788768,0.3937183563218899,9.281722998666702,4.8191834173348935,0.6630816865661039,37.61785169514074,0.34202428363085885,0.48424445312168396,5.944579207184579,0.05716278182148785,0.00570552631964578,True,True,True,True,True,True,False,True,True,reach_liquid,False,0.1277344433690638,True,0.14064527271193283,0.8026240540745194,1.211,
A-30ml-f0.25-p+0.0-above-y0-x+0.0-y+3.0,A,dy,30,0.25,0,above,0,0,3,20,31.74802103936399,12.11256004651333,6.975340422317517,21.48270134647077,False,37.05,31.4,188466,93792,17508,0,0,0,0,0,0,0,0,,8.143999999998462,20.257999999998137,0.49490720610550576,0.9074849046442576,9.567746256871512,26.601280464043594,26.60154996848948,99.20020524831105,5.386701905003961,93792,88.61925204973933,0.8731003414516153,0.2705886312303039,9.195453983577236,4.900996422807544,0.08418108909285102,37.75970558609162,0.18662979814700983,0.4038403950155897,3.0117864505544665,0.0001022463007380937,-0.0015452723803650364,True,True,True,True,True,True,False,True,True,reach_liquid,False,0.12097145951417884,False,,,3.0,
A-30ml-f0.50-p+0.0-above-y0-x-6.0-y+0.0,A,dx,30,0.5,0,above,0,-6,0,20,31.74802103936399,24.22512009302666,13.950680844635034,32.70782143949743,False,20.61,28.4,459,41,0,0,0,0,0,22790,0,0,5206,,,,82.71737942890292,92.39289658995897,9.558984594739895,25.011194588346925,26.60154996848948,86.05466115762708,0.3991340556441583,41,0.003674731259505995,239.94393582110126,131.5948883943096,-15.526809888854597,-122.41205181323886,90.00025085100482,3206623.622569454,,0.5910761429256791,30.757424465265736,90.00056634413305,15.875533154022941,True,False,True,False,False,False,False,False,False,rig_clear,False,,False,,,0.0,
A-30ml-f0.50-p-10.0-above-y0-x+0.0-y+0.0,A,pitch,30,0.5,-10,above,0,0,0,20,31.74802103936399,24.22512009302666,13.950680844635034,32.70782143949743,False,40.59,28.4,180197,0,1911,0,2494,0,0,0,0,0,0,1.1524999999999286,,,3.86463884876434,4.535828224059304,18.1968281120964,44.37411503713055,26.60154996848948,81.43548774486423,-0.20014167361177837,0,0.0046489368709106155,141.67647682376125,1.7104981008513411,35.49886615534885,-9.41729031277154,5.991285915761317,24.194367368515554,,0.2000706216111519,3.6215217819051904,0.3295056473479611,0.06938128957148824,False,True,False,False,False,False,False,False,True,table,False,,False,,,0.0,
A-30ml-f0.50-p+0.0-above-y0-x+0.0-y+0.0,A,nominal,30,0.5,0,above,0,0,0,20,31.74802103936399,24.22512009302666,13.950680844635034,32.70782143949743,False,38.92,31.4,182118,94018,0,0,0,0,0,0,0,0,0,,8.262999999998607,20.053999999998613,0.21604390849556554,0.18929423577864365,9.567746258080428,26.603108169860825,26.60154996848948,99.1998074853023,5.038946467561652,94018,87.69935557325684,0.9492572707068586,0.1320903632688238,16.412742850502912,9.7969179002992,0.14147036933361973,25.633108026378462,0.2121744228874954,0.4074539457634197,0.09236353152671807,0.00011321115813617688,-0.0015577827161344883,True,True,True,True,True,True,True,True,True,,True,0.10469615492189928,False,,,3.0,
A-30ml-f0.50-p+0.0-above-y0-x-3.0-y+0.0,A,dx,30,0.5,0,above,0,-3,0,20,31.74802103936399,24.22512009302666,13.950680844635034,32.70782143949743,False,20.56,28.4,983,42,0,0,0,0,0,15094,0,0,5222,,,,86.77799699705538,97.93125724076181,9.567729527348892,26.02212586477837,26.60154996848948,86.64192811846539,0.4164655664107078,42,0.003674731262562376,249.6472145855141,125.18036730608631,-45.16364580677181,-122.41205181327233,90.00025084934414,3206644.8510077456,,0.7028452143983953,91.76092428795927,90.00050350363685,15.972882991797224,True,False,True,False,False,False,False,False,False,rig_clear,False,,False,,,0.0,
A-30ml-f0.50-p+20.0-above-y0-x+0.0-y+0.0,A,pitch,30,0.5,20,above,0,0,0,20,31.74802103936399,24.22512009302666,13.950680844635034,32.70782143949743,False,39.73,28.74,144037,68528,1527,0,0,0,0,27,0,0,0,,9.084499999999611,20.99949999999641,6.079734095942835,17.132554188147832,9.567796840422492,26.601509510049652,26.60154996848948,99.15069100376309,3.8708509382895455,68528,80.69866172400177,1.514162212365204,2.748063217977503,16.599636185641057,8.456890723467309,16.24974299969097,21.57583063063221,2.9679019518008123,2.989815093431821,34.48774982627621,90.00030310643552,15.872940353753126,True,True,True,False,True,True,False,False,False,lift,False,0.19956356858833635,True,0.18536576652507897,0.22257183444133813,0.341,
A-30ml-f0.25-p+0.0-above-y0-x+0.0-y-3.0,A,dy,30,0.25,0,above,0,0,-3,20,31.74802103936399,12.11256004651333,6.975340422317517,21.48270134647077,False,58.95,31.4,122190,70915,4967,0,0,0,0,27155,0,0,0,,8.168999999998492,20.215499999998237,50.47379375990972,38.26848484738746,9.56778896268206,26.60013751055764,26.60154996848948,99.20849598770265,5.399527832312755,70915,88.46982872993966,1.0284060434839823,0.2806752951734281,9.216709231766565,4.879864246263188,0.09277565750913672,37.75759967418047,6.175718160537143,6.3241344510496456,37.37688085566694,1.0962598383453745,0.25933944678897514,True,True,True,False,True,True,False,False,False,lift,False,0.160606422356449,False,,,3.0,
A-30ml-f0.50-p+0.0-above-y180-x+0.0-y+0.0,A,yaw,30,0.5,0,above,180,0,0,20,31.74802103936399,24.22512009302666,13.950680844635034,32.70782143949743,False,36.74,31.4,197509,94028,0,0,0,0,0,0,0,0,0,,8.234499999998572,20.186499999998304,0.31382956043761145,0.10894720526732095,9.567746258081357,26.603107643037117,26.60154996848948,99.19980546073,5.168242367466179,94028,87.82669871183597,0.8455811842286947,0.11982090608958973,16.41454456718964,9.794974260446606,0.07956803168956442,25.648275868492984,0.2050158298002021,0.40029538164545636,0.07119452656989453,4.216466413720589e-05,-0.0015620435473811484,True,True,True,True,True,True,True,True,True,,True,0.10497820298924898,False,,,3.0,
A-30ml-f0.50-p+0.0-diagonal-y0-x+0.0-y+0.0,A,approach,30,0.5,0,diagonal,0,0,0,20,31.74802103936399,24.22512009302666,13.950680844635034,32.70782143949743,False,39.42,31.4,180423,94014,0,0,0,0,0,0,0,0,0,,8.261999999998606,20.032999999998662,0.23888395628800724,0.19589691914439358,6.765410971600383,26.60310789275981,26.60154996848948,99.19980782744896,5.039268413275767,94014,87.70197771722493,0.9497775191518422,0.13218034205992554,16.412702661460813,9.796962589608812,0.14355357475488065,25.632597580295613,0.2450514432329037,0.4214858087359699,0.08734987161347456,0.00012472110578801886,-0.0015527225951479473,True,True,True,True,True,True,True,True,True,,True,0.10471447570603391,False,,,3.0,
A-30ml-f0.50-p+0.0-side-y0-x+0.0-y+0.0,A,approach,30,0.5,0,side,0,0,0,20,31.74802103936399,24.22512009302666,13.950680844635034,32.70782143949743,False,41.95,31.4,189646,94022,0,0,0,0,0,0,0,0,0,,8.251499999998593,20.087999999998534,0.19690522823434195,0.20517337499708332,9.567723865698637,26.603107226630115,26.60154996848948,99.199808646291,5.064120025631856,94022,87.74253319340224,0.9272547573243318,0.1305413200076438,16.413882474656603,9.795775301230519,0.14102086705132835,25.63321816753485,0.2064314148463786,0.40903988358982707,0.08530505766149166,4.596919015774512e-05,-0.001557635264697581,True,True,True,True,True,True,True,True,True,,True,0.10491009349167664,False,,,3.0,
A-30ml-f0.50-p+10.0-above-y0-x+0.0-y+0.0,A,pitch,30,0.5,10,above,0,0,0,20,31.74802103936399,24.22512009302666,13.950680844635034,32.70782143949743,False,51.44,31.4,149298,80716,1943,0,0,0,0,59,0,0,0,,8.928999999999421,20.211999999998245,3.437933380200323,8.927730975880305,9.567739703195786,26.600550106425413,26.60154996848948,99.17655104218619,4.0247882389016425,80716,82.33048945487941,1.5144020440562824,1.3462180234386192,16.91726051673866,9.033560735615259,7.57644080996478,23.80043813137991,0.6585470199930344,0.7423989495811032,30.982467266686474,0.5438505271987598,0.12593812652056638,True,True,True,False,True,True,False,True,False,lift,False,0.1614523684695171,False,,,3.0,
A-30ml-f0.50-p+5.0-above-y0-x+0.0-y+0.0,A,pitch,30,0.5,5,above,0,0,0,20,31.74802103936399,24.22512009302666,13.950680844635034,32.70782143949743,False,52.65,31.4,154658,80670,2785,0,0,0,0,0,0,0,0,,9.25499999999982,19.60049999999967,1.8107288649702058,4.601214253886597,9.56774370099251,26.600653929952358,26.60154996848948,99.19015588167923,3.7182277673448936,80670,82.34142710689741,1.8611246809965503,0.8291118929147783,17.352188998955285,8.801506880477817,3.010479763719575,24.929441900455615,0.04785526678966007,0.19915698035491225,1.7130275242708872,0.3282799700643783,0.07295109573598102,True,True,True,True,True,True,False,True,True,reach_liquid,False,0.10907487923147058,False,,,3.0,
A-30ml-f0.50-p+0.0-above-y0-x+6.0-y+0.0,A,dx,30,0.5,0,above,0,6,0,20,31.74802103936399,24.22512009302666,13.950680844635034,32.70782143949743,False,36.61,28.76,111555,77552,0,0,0,0,0,0,0,0,0,,7.632999999998489,20.87949999999669,2.116469392094114,6.945261717738625,9.56780856828928,26.6031825008145,26.60154996848948,99.19966140445294,7.715524108312145,77552,79.02551652368616,1.4149237887809207,6.173435132365939,17.576435778232238,9.310538624872661,6.883101144605168,23.973061686862852,3.995071663209403,4.006399638068343,1.9090778780129678,3.6602900280497754e-05,-0.0015665387535643966,True,True,True,True,True,True,True,False,True,recap,False,0.0747790185894827,True,0.19424913669805718,0.23418676879981568,0.359,
A-30ml-f0.50-p+0.0-above-y90-x+0.0-y+0.0,A,yaw,30,0.5,0,above,90,0,0,20,31.74802103936399,24.22512009302666,13.950680844635034,32.70782143949743,False,46.07,31.4,181000,94028,0,0,0,0,0,0,0,0,0,,8.239499999998579,20.177499999998325,0.2927085664564464,0.15504885928668588,9.567746258153674,26.60310662207345,26.60154996848948,99.1998070684936,5.2615768162664684,94028,87.95578629559482,0.8265005165952455,0.12705123718168398,16.420952093040654,9.788587924859495,0.088856637323511,25.645999898378903,0.2155545510927454,0.40185301668395906,0.0830072042838164,2.8508881502483375e-05,-0.0015607054893576014,True,True,True,True,True,True,True,True,True,,True,0.10514711919934941,False,,,3.0,
A-30ml-f0.50-p+0.0-above-y0-x+3.0-y+0.0,A,dx,30,0.5,0,above,0,3,0,20,31.74802103936399,24.22512009302666,13.950680844635034,32.70782143949743,False,38.88,28.7,149883,74434,2288,0,0,0,0,0,0,0,0,,8.152999999998473,20.1889999999983,1.760714245466433,4.122300250535381,9.56780856325995,26.60309760372823,26.60154996848948,99.19975703325818,5.388571103261984,74434,84.2964356518233,1.6083461147894893,3.403050470674126,17.859507804755268,8.51338212377703,2.939477479177986,24.94688641392349,1.3375003484123575,1.3881821823819558,1.9604612127279326,0.24554319318269782,0.05143578469666309,True,True,True,True,True,True,False,False,True,reach_liquid,False,0.11291926273134657,True,0.19275261360141716,0.1975543082851872,0.304,
A-30ml-f0.80-p-5.0-above-y0-x+0.0-y+0.0,A,pitch,30,0.8,-5,above,0,0,0,20,31.74802103936399,38.76019214884267,22.32108935141606,47.24289349531343,False,21.98,28.4,36383,1086,0,0,1125,0,0,5646,0,0,5875,1.339999999999908,,,121.42093092422726,97.71849788861473,14.965333440835725,33.80857105430234,26.60154996848948,92.00184314317629,0.5007062527253234,1086,0.0036583953687861956,240.4336288534969,125.01118305346657,85.79908790400185,-124.3266989105291,90.00031309090926,2569163.7182291904,,0.2052663339783166,84.09854164739507,90.00031377590929,15.872971884190848,False,False,False,False,False,False,False,False,False,table,False,,False,,,0.0,
A-30ml-f0.50-p+0.0-above-y0-x+0.0-y+6.0,A,dy,30,0.5,0,above,0,0,6,20,31.74802103936399,24.22512009302666,13.950680844635034,32.70782143949743,False,37.19,31.4,173237,94028,0,0,0,0,0,0,0,0,0,,8.165499999998488,20.212499999998244,0.39019269263686085,0.5328589736378757,9.567746256086716,26.541969183478958,26.60154996848948,99.26063417569692,5.174123134553503,94028,87.87061718005077,0.6755041572973519,0.14814596495923626,16.357812775689165,9.851931130682265,0.15879413471685647,25.628863195713546,0.1764744485450089,0.38158961985984907,6.015273186927167,0.07338797836519256,0.009243202589240608,True,True,True,True,True,True,True,True,True,,True,0.104225701729948,False,,,3.0,
A-30ml-f0.50-p+0.0-above-y0-x+0.0-y-6.0,A,dy,30,0.5,0,above,0,0,-6,20,31.74802103936399,24.22512009302666,13.950680844635034,32.70782143949743,False,45.48,28.7,133768,79072,0,0,0,0,0,11028,0,0,0,,8.2564999999986,20.17099999999834,49.76405520413773,42.871582815346436,9.567841060404565,26.542147742710274,26.60154996848948,99.26228000552693,5.033250153703102,79072,87.70983886678462,0.8003599661528825,0.14604074057131655,16.349649433985928,9.860034884556029,0.1350189050543571,25.634688822702078,2.056409182647323,2.157249013720849,37.96405122531048,0.7055860070140741,0.16280363996180192,True,True,True,False,True,True,True,False,False,lift,False,0.10490630301410267,True,0.3997266832224228,0.19546426642746131,0.301,
A-30ml-f0.50-p+0.0-above-y0-x+0.0-y+3.0,A,dy,30,0.5,0,above,0,0,3,20,31.74802103936399,24.22512009302666,13.950680844635034,32.70782143949743,False,42.71,31.4,168780,93138,0,0,0,0,0,0,0,0,0,,8.11849999999843,20.25649999999814,0.4114669443792376,0.9190897703079671,9.567746257355147,26.607950253255645,26.60154996848948,99.19338020037353,5.4665117286048295,93138,88.72326494626327,0.9976475509853461,0.30966754144551945,16.42516673188051,9.783447603618725,0.14011628134576795,25.633439817376903,0.2034382689412432,0.42841876718607985,3.017086672508978,0.0001085098946120378,-0.001543394070867647,True,True,True,True,True,True,True,True,True,,True,0.13002336275885687,False,,,3.0,
A-30ml-f0.50-p-20.0-above-y0-x+0.0-y+0.0,A,pitch,30,0.5,-20,above,0,0,0,20,31.74802103936399,24.22512009302666,13.950680844635034,32.70782143949743,False,76.64,28.4,206658,0,1907,0,3144,0,0,0,0,0,0,0.8824999999999582,,,1.1411449884111178,0.8842542001988972,42.90819546490017,69.58761432097558,26.60154996848948,56.4787768622157,-0.20014357199994032,0,0.000645400825564258,157.82549345463244,3.956481039272799,61.811076458432815,-35.70708339762965,1.7734363926416044,25.23309247724188,,0.2001141597078419,0.9629227459250127,0.20229701978718423,0.04084579591736802,False,True,False,False,False,False,False,False,True,table,False,,False,,,0.0,
A-30ml-f0.50-p+0.0-above-y0-x+0.0-y-3.0,A,dy,30,0.5,0,above,0,0,-3,20,31.74802103936399,24.22512009302666,13.950680844635034,32.70782143949743,False,50.87,31.4,108542,69611,0,0,0,0,0,22284,0,0,0,,8.196999999998527,20.214999999998238,50.44964684624367,38.199010875558486,9.567746259237147,26.60622186489758,26.60154996848948,99.1977267044099,5.318157999009164,69611,88.49351610354861,1.2104390999792451,0.3145901960419447,16.415237219494568,9.793384540562112,0.1595407977292623,25.6286802412198,5.087551340477758,5.286397645690361,33.32146438505831,2.21905984727774,0.5384194448367396,True,True,True,False,True,True,True,False,False,lift,False,0.1777141818579786,False,,,3.0,
A-30ml-f0.50-p+0.0-above-y270-x+0.0-y+0.0,A,yaw,30,0.5,0,above,270,0,0,20,31.74802103936399,24.22512009302666,13.950680844635034,32.70782143949743,False,62.34,31.4,118814,74248,0,0,0,0,0,26894,0,0,0,,8.23299999999857,20.20949999999825,53.073290023790854,45.55051662857957,9.567746259353388,26.603107769887995,26.60154996848948,99.19980817937738,5.125739432328018,74248,87.86441333481756,0.821790951700444,0.12967439665278224,16.418863433669348,9.790708501220546,0.10243880970010039,25.642671881335623,6.601234256438327,6.603100190206781,30.391940870152293,6.582494333547373,1.6024599301984468,True,True,True,False,True,True,True,False,False,lift,False,0.1047928177564431,False,,,3.0,
A-30ml-f0.80-p+0.0-above-y0-x-3.0-y+0.0,A,dx,30,0.8,0,above,0,-3,0,20,31.74802103936399,38.76019214884267,22.32108935141606,47.24289349531343,False,17.28,28.4,2287,168,0,0,0,0,0,17685,0,0,5902,,,,88.76829667373526,97.03475123908886,9.563058145355491,26.420602561264634,26.60154996848948,88.68899201052035,0.432179107459095,168,0.003658395366476112,244.3444707194415,129.60146182976007,-42.338994956961734,-124.37791229022777,90.00031299522152,2569949.1500284895,,0.0621225817976289,48.698583783218716,90.00061707684937,15.952127998822313,True,False,True,False,False,False,False,False,False,rig_clear,False,,False,,,0.0,
A-30ml-f0.80-p+0.0-above-y0-x+0.0-y+0.0,A,nominal,30,0.8,0,above,0,0,0,20,31.74802103936399,38.76019214884267,22.32108935141606,47.24289349531343,False,42.8,31.4,183986,94034,0,0,0,0,0,0,0,0,0,,8.249999999998591,20.17549999999833,0.2104266606537808,0.17759265248023365,9.56774625801337,26.603088627274737,26.60154996848948,99.19782715585012,5.073239990683008,94034,87.79141406642673,0.8832652937367734,0.09706464023071554,30.915132950530463,9.829461630377317,0.10299790747280799,11.107462830667016,0.21328305474593548,0.39974347405987126,0.078819533394009,2.575511191046772e-05,-0.0015434047896922126,True,True,True,True,True,True,True,True,True,,True,0.10496027443793056,False,,,3.0,
A-30ml-f0.80-p+5.0-above-y0-x+0.0-y+0.0,A,pitch,30,0.8,5,above,0,0,0,20,31.74802103936399,38.76019214884267,22.32108935141606,47.24289349531343,False,45.09,31.4,151811,80925,2795,0,0,0,0,0,0,0,0,,9.228999999999788,19.60049999999967,1.7462051156017757,4.510375661752577,9.567743702101367,26.599676030401657,26.60154996848948,99.18926992136856,3.8420019312679146,80925,82.47929624876195,1.7530756644449854,0.35315176950450555,31.85613139867881,8.858174885377684,2.973395415019702,10.403481358775881,0.09525815948081558,0.17801546657758952,1.6909277674893992,0.3661151246649987,0.08080632373222492,True,True,True,True,True,True,False,True,True,reach_liquid,False,0.1046943209241264,False,,,3.0,
A-30ml-f0.80-p+0.0-above-y0-x-6.0-y+0.0,A,dx,30,0.8,0,above,0,-6,0,20,31.74802103936399,38.76019214884267,22.32108935141606,47.24289349531343,False,29.19,28.4,1884,45,0,0,0,0,0,19722,0,0,5902,,,,90.21250833972172,90.8857201763975,14.61037404840348,24.981878834129365,26.60154996848948,89.12060344451012,0.38356296976804066,45,0.0036583953616191266,269.06048324220427,125.28393110982572,11.685136530201452,-124.37791228537013,90.0003129751539,2570113.9316117265,,0.10369639138601976,90.70770995489005,90.00062621051391,16.115666941835997,True,False,True,False,False,False,False,False,False,rig_clear,False,,False,,,0.0,
A-30ml-f0.80-p+20.0-above-y0-x+0.0-y+0.0,A,pitch,30,0.8,20,above,0,0,0,20,31.74802103936399,38.76019214884267,22.32108935141606,47.24289349531343,False,39.2,28.88,133761,67896,2086,0,0,0,0,17,0,0,0,,9.242499999999804,20.95199999999652,6.056624462109661,17.112595701806857,9.567796841277142,26.601497752466745,26.60154996848948,99.14932210334739,3.767420682011059,67896,80.3261207585381,1.4789336278134624,1.9039860925409855,31.257498958511583,8.590127801093999,16.061052294004497,7.090872888581474,2.8014847336896227,2.823044036413776,31.84731937043521,90.00033513027401,15.872979420561622,True,True,True,False,True,True,False,False,False,lift,False,0.20597138790991262,True,0.12488749392317353,0.31763284218853177,0.484,
A-30ml-f0.80-p+0.0-diagonal-y0-x+0.0-y+0.0,A,approach,30,0.8,0,diagonal,0,0,0,20,31.74802103936399,38.76019214884267,22.32108935141606,47.24289349531343,False,38.32,31.4,184939,94028,0,0,0,0,0,0,0,0,0,,8.24949999999859,20.17899999999832,0.23470807440258004,0.17247689172426442,6.7654109710101125,26.603088369389845,26.60154996848948,99.19782746194937,5.073038481077215,94028,87.79087328941516,0.8784978809503868,0.096936296296326,30.915169311994653,9.829424660626973,0.10266902537395743,11.107543416133778,0.24051179717194132,0.4140104854939355,0.08678023591247644,2.725397399234462e-05,-0.0015431104105177401,True,True,True,True,True,True,True,True,True,,True,0.10492942091419828,False,,,3.0,
A-30ml-f0.80-p+0.0-above-y180-x+0.0-y+0.0,A,yaw,30,0.8,0,above,180,0,0,20,31.74802103936399,38.76019214884267,22.32108935141606,47.24289349531343,False,36.56,31.4,183480,94028,0,0,0,0,0,0,0,0,0,,8.230499999998568,20.189999999998296,0.31583873673825447,0.09270192115548606,9.567746258158573,26.603088241591195,26.60154996848948,99.19782362662798,5.182510110443634,94028,87.87668980718885,0.851973563907492,0.10321817507540575,30.916171602346523,9.828359284405314,0.058071214652031626,11.118471134857863,0.2599101845631626,0.4325670792779256,0.06849198727123189,5.3672424419449865e-05,-0.0015421154930104195,True,True,True,True,True,True,True,True,True,,True,0.10569571065753743,False,,,3.0,
A-30ml-f0.80-p+10.0-above-y0-x+0.0-y+0.0,A,pitch,30,0.8,10,above,0,0,0,20,31.74802103936399,38.76019214884267,22.32108935141606,47.24289349531343,False,43.33,31.4,135883,80733,2243,0,0,0,0,0,0,0,0,,9.05099999999957,20.33349999999796,3.200645583158648,8.732577219099944,9.5677397150443,26.59908251091058,26.60154996848948,99.17755492474666,3.8749443990501384,80733,81.854252291133,1.7200747820585853,0.7829554403832599,31.663980608880482,8.902732469302066,7.447129306650715,9.29760190529588,0.6344289410196333,0.7240178275362068,15.539318517313589,2.3868704800438536,0.5797552751178228,True,True,True,False,True,True,False,True,False,lift,False,0.16108169612922996,False,,,3.0,
A-30ml-f0.80-p+0.0-above-y0-x+3.0-y+0.0,A,dx,30,0.8,0,above,0,3,0,20,31.74802103936399,38.76019214884267,22.32108935141606,47.24289349531343,False,35.74,28.7,137616,65859,2602,0,0,0,0,0,0,0,0,,8.157499999998478,20.164999999998354,1.6197481197625958,3.917535569544459,9.567808564510345,26.603079462297213,26.60154996848948,99.19774927213693,5.2939327463147405,65859,84.54306272000491,1.827077732294186,2.6061866870874795,32.55734397011661,8.30369890789423,2.776033821993234,10.45196239544797,1.1583262801838925,1.2186057570215207,1.8397065244308242,0.23967543265303132,0.04978052258304551,True,True,True,True,True,True,False,False,True,reach_liquid,False,0.10554381515205857,True,0.19884873633236866,0.1959172167053692,0.301,
A-50ml-f0.25-p-10.0-above-y0-x+0.0-y+0.0,A,pitch,50,0.25,-10,above,0,0,0,25,37.64144115524114,13.984229076838627,11.769942152291096,11.93839640534348,False,22.74,28.4,31138,1243,0,0,2126,0,0,0,0,0,5750,1.3074999999999115,,,253.44624758234258,91.72221006993804,9.558216899651423,46.40015791875399,37.498422743697716,90.31864208570691,-0.17939737280245338,1243,0.003958957591102448,237.64424521103172,263.82827560716123,5.74309971683286,-107.52809301333647,90.00058517508258,1651616.9042062224,,0.23977756690150248,239.63741887732317,90.00029529204703,18.81971280270609,False,False,False,False,False,False,False,False,False,table,False,,False,,,0.0,
A-30ml-f0.80-p+0.0-side-y0-x+0.0-y+0.0,A,approach,30,0.8,0,side,0,0,0,20,31.74802103936399,38.76019214884267,22.32108935141606,47.24289349531343,False,48.69,31.4,120953,74594,0,0,0,0,0,16174,0,0,0,,8.252499999998594,20.21799999999823,51.148698680582804,44.34567982662759,9.567723667086865,26.603087762195027,26.60154996848948,99.19782819138139,5.064425758435805,74594,87.76476265097517,0.9293716769157947,0.0955595054958642,30.914999352572007,9.829623231960987,0.1257742316032049,11.101881979216602,3.749505048925885,3.7521407321190963,24.94752983566462,90.00090535194006,15.873080343539709,True,True,True,False,True,True,True,False,False,lift,False,0.10485189580303747,False,,,3.0,
A-30ml-f0.80-p-10.0-above-y0-x+0.0-y+0.0,A,pitch,30,0.8,-10,above,0,0,0,20,31.74802103936399,38.76019214884267,22.32108935141606,47.24289349531343,False,62.15,28.4,169902,0,11011,0,2494,0,0,0,0,0,0,1.1524999999999286,,,2.0095314954607,1.033110758583472,18.195701758831984,44.374100020948475,26.60154996848948,81.43318567230398,-0.20007888716245398,0,0.005641047405327654,141.67408110636623,2.3655133155690717,67.59911152838869,-26.77471880625629,1.6689634428494178,10.72364230491935,,0.20012804284680533,1.3815477838431531,5.0509930079323e-06,-0.001543367281008141,False,True,False,False,False,False,False,False,True,table,False,,False,,,0.0,
A-30ml-f0.80-p+0.0-above-y90-x+0.0-y+0.0,A,yaw,30,0.8,0,above,90,0,0,20,31.74802103936399,38.76019214884267,22.32108935141606,47.24289349531343,False,49.07,31.4,165784,94032,0,0,0,0,0,0,0,0,0,,8.237499999998576,20.182999999998312,0.3313539837311254,0.13457376267721796,9.567746258165254,26.60308793272459,26.60154996848948,99.19782566547899,5.269436080783847,94032,88.00403012368086,0.8042806535924727,0.10987469856656124,30.921739516613172,9.82278830449354,0.06338893235759999,11.117168145530517,0.24040813933943964,0.4147656454837072,0.07004353740259589,7.059009594295286e-05,-0.0015406600099698877,True,True,True,True,True,True,True,True,True,,True,0.105221624856846,False,,,3.0,
A-30ml-f0.80-p+0.0-above-y0-x+6.0-y+0.0,A,dx,30,0.8,0,above,0,6,0,20,31.74802103936399,38.76019214884267,22.32108935141606,47.24289349531343,False,41.89,28.81,101661,78265,0,0,0,0,0,0,0,0,0,,7.641999999998484,20.87049999999671,2.114041199610862,7.16266786063021,9.56780856346176,26.603078206517257,26.60154996848948,99.19765391452302,7.6652830551830125,78265,78.98233735133337,1.3914473217675378,4.385810459917706,31.946364519409244,9.2663953588423,6.989736811507469,9.41147421253176,4.083379496524563,4.091412336298376,1.7151282372229066,0.11050487632047094,0.018437459059971427,True,True,True,True,True,True,True,False,True,recap,False,0.08058015556765603,True,0.18965860219909803,0.2658801351470384,0.406,
A-30ml-f0.80-p+0.0-above-y270-x+0.0-y+0.0,A,yaw,30,0.8,0,above,270,0,0,20,31.74802103936399,38.76019214884267,22.32108935141606,47.24289349531343,False,50.39,31.4,167070,94040,0,0,0,0,0,0,0,0,0,,8.227999999998564,20.221499999998223,0.4344665765259866,0.1356477677015219,9.56774625813294,26.603090107056452,26.60154996848948,99.19782470638238,5.150933404398268,94040,87.90310470458584,0.8555768200949956,0.1008130555133099,30.919914184590944,9.824689509268458,0.1075174859136583,11.106355405253318,0.2565546283421913,0.4254337350720081,0.03787177640282802,6.609443341257794e-05,-0.001540470665820383,True,True,True,True,True,True,True,True,True,,True,0.10485623309188236,False,,,3.0,
A-30ml-f0.80-p-20.0-above-y0-x+0.0-y+0.0,A,pitch,30,0.8,-20,above,0,0,0,20,31.74802103936399,38.76019214884267,22.32108935141606,47.24289349531343,False,75.86,28.4,213186,0,0,0,3144,0,0,0,0,0,0,0.8824999999999582,,,0.5491832988250501,0.4595562652909151,42.78648475168197,69.58760816287575,26.60154996848948,56.476601114711485,-0.20014234815086962,0,0.0006325363888002261,157.82318818964643,0.4384944616824406,73.40879165905707,-32.66292456533035,1.705942126674436,10.71457364081796,,0.2001353790363356,0.5723314975997639,1.7075472925031877e-06,-0.001543367264289206,False,True,False,False,False,False,False,False,True,table,False,,False,,,0.0,
A-30ml-f0.80-p+0.0-above-y0-x+0.0-y+3.0,A,dy,30,0.8,0,above,0,0,3,20,31.74802103936399,38.76019214884267,22.32108935141606,47.24289349531343,False,40.69,31.4,154266,92788,0,0,0,0,0,0,0,0,0,,8.102999999998412,20.258499999998136,0.4711494190724501,1.0499701675836834,9.567746257061131,26.53031516698394,26.60154996848948,99.2684202495902,5.539877932664091,92788,88.90641290102118,1.034518243623387,0.3826971263584265,30.843370790947816,9.89999103259237,0.1594005229491292,11.093642556869522,0.2166008305512731,0.43553618307779113,3.038392058559524,0.08420155407254183,0.011826152447870431,True,True,True,True,True,True,True,True,True,,True,0.1361067821761746,False,,,3.0,
A-30ml-f0.80-p+0.0-above-y0-x+0.0-y-6.0,A,dy,30,0.8,0,above,0,0,-6,20,31.74802103936399,38.76019214884267,22.32108935141606,47.24289349531343,False,45.44,31.4,103455,74811,0,0,0,0,0,22884,0,0,0,,8.10149999999841,20.23999999999818,50.46874221063588,39.61367957926969,9.568867873896568,26.570797296999043,26.60154996848948,99.23509603489006,5.533052159097836,74811,88.35712964677133,0.9578491395729771,0.31296496644881183,30.880390695051723,9.864564727656205,0.14161341500206642,11.09800092020485,14.243790160139666,14.251487574651293,44.23759684043687,0.5689335001124157,0.1319839794398506,True,True,True,False,True,True,True,False,False,lift,False,0.11910071817721413,False,,,3.0,
A-30ml-f0.80-p+0.0-above-y0-x+0.0-y-3.0,A,dy,30,0.8,0,above,0,0,-3,20,31.74802103936399,38.76019214884267,22.32108935141606,47.24289349531343,False,48.08,31.4,100821,69261,0,0,0,0,0,16889,0,0,0,,8.225999999998562,20.20499999999826,50.99917151461275,38.33189788533741,9.567746259254605,26.52356848985187,26.60154996848948,99.27749753847961,5.279534464644499,69261,88.24856489153069,1.1023738681836701,0.3713614852869563,30.826199079347465,9.918531053275032,0.13635338591152735,11.099289780346409,3.951396143054776,3.9643122654753356,32.135968303623784,0.0927313975323292,0.013831279376502807,True,True,True,False,True,True,True,False,False,lift,False,0.18836169272055092,False,,,3.0,
A-50ml-f0.25-p-5.0-above-y0-x+0.0-y+0.0,A,pitch,50,0.25,-5,above,0,0,0,25,37.64144115524114,13.984229076838627,11.769942152291096,11.93839640534348,False,34.82,28.7,129675,78429,0,0,0,0,0,0,0,0,0,,9.277499999999847,19.60049999999967,4.942788289050254,6.509198976911252,9.567809985477203,37.500948506481905,37.498422743697716,99.2096282945798,4.461611054169784,78429,84.63456891637648,1.339913015091484,1.413874234137627,6.828258518785598,9.606863926664975,6.407837715079713,42.62479754442172,0.45292222246236813,0.5517034108324376,4.767727886979909,1.7040242051827974,0.49699086367635265,True,True,True,False,True,True,True,True,True,lift,False,0.041506847294938296,True,0.2064300559518029,0.1942303177446718,0.299,
A-50ml-f0.25-p+0.0-above-y0-x-6.0-y+0.0,A,dx,50,0.25,0,above,0,-6,0,25,37.64144115524114,13.984229076838627,11.769942152291096,11.93839640534348,False,18.78,28.4,6691,269,0,0,0,0,0,8168,0,0,5744,,,,102.36929841152863,77.49835610029186,9.567738251332447,35.97257861777319,37.498422743697716,99.0296594742999,0.23791840098888462,269,0.004105636451628921,258.8374613540281,108.41821359267647,-41.34542134056425,-107.45493121895369,90.00029441799538,3282652.9941073772,,0.2358407453469263,61.16120773174722,90.00029527717572,18.819712794493476,True,False,True,False,False,False,False,False,False,rig_clear,False,,False,,,0.0,
A-50ml-f0.25-p+10.0-above-y0-x+0.0-y+0.0,A,pitch,50,0.25,10,above,0,0,0,25,37.64144115524114,13.984229076838627,11.769942152291096,11.93839640534348,False,32.32,31.4,136935,91127,0,0,0,0,0,587,0,0,0,,8.932499999999425,19.60049999999967,5.203377774724294,8.735342454943703,9.567818679806313,37.49399075039208,37.498422743697716,99.17284256428532,4.904583982467639,91127,84.47378599266605,0.6373774693003218,1.5267055509804246,6.6243538262224675,9.39474771281902,8.217811282251603,42.08311814180776,0.31393409673377015,0.43971803366429596,35.4653929625089,0.0,-0.0015561487015814505,True,True,True,False,True,True,True,True,False,lift,False,0.03685878784047513,False,,,3.0,
A-50ml-f0.25-p+20.0-above-y0-x+0.0-y+0.0,A,pitch,50,0.25,20,above,0,0,0,25,37.64144115524114,13.984229076838627,11.769942152291096,11.93839640534348,False,32.42,28.85,121099,78930,0,0,0,0,0,461,0,0,0,,9.293999999999867,19.60049999999967,9.414524029649748,17.29068032307439,9.56795919155084,37.49445686823121,37.498422743697716,99.14347198320023,4.0205803791362325,78930,81.71268026232667,1.3399640988188746,3.82367785272709,6.55194120950947,8.28036886399945,16.638742622606802,39.47821232208365,-0.09699066284772478,0.33118809081911643,43.59246214929277,1.8145559630998949,0.520034734706338,True,True,True,False,True,True,True,True,False,lift,False,0.04773777017212587,True,0.17571261674721886,0.2958870914639195,0.451,
A-30ml-f0.80-p+0.0-above-y0-x+0.0-y+6.0,A,dy,30,0.8,0,above,0,0,6,20,31.74802103936399,38.76019214884267,22.32108935141606,47.24289349531343,False,48.05,31.4,151476,91814,0,0,0,0,0,0,0,0,0,,8.116999999998429,20.25699999999814,0.4930472009596694,1.115810084993672,9.567746256722826,26.49834344835828,26.60154996848948,99.30090450021987,5.557978537180326,91814,88.70104167314915,0.9881504689664363,0.5450632163981953,30.825821878134505,9.919240436415317,0.10303693624212654,11.107453267508548,0.26504088233930845,0.4601324605077684,6.022313441682217,0.14874838013303365,0.027625560004431605,True,True,True,True,True,True,True,True,True,,True,0.17325576180128016,False,,,3.0,
A-50ml-f0.25-p+5.0-above-y0-x+0.0-y+0.0,A,pitch,50,0.25,5,above,0,0,0,25,37.64144115524114,13.984229076838627,11.769942152291096,11.93839640534348,False,36.29,28.89,125319,78788,0,0,0,0,0,0,0,0,0,,8.670499999999105,19.60049999999967,2.5365878980093868,4.316217981725151,9.56780618815501,37.496173703916305,37.498422743697716,99.18564111689899,5.358213816272203,78788,85.63740023062591,0.19802430898316284,0.9788668840025687,6.58399310184184,9.670916522262027,3.64684661845827,43.44408648865904,0.5417514848887589,0.627454991266762,2.517495133010999,0.44556245064071576,0.12463641617023805,True,True,True,True,True,True,True,True,True,,True,0.026849846519916395,True,0.1337122933494071,0.32095314335067354,0.489,
A-50ml-f0.25-p+0.0-above-y0-x+0.0-y+0.0,A,nominal,50,0.25,0,above,0,0,0,25,37.64144115524114,13.984229076838627,11.769942152291096,11.93839640534348,False,39.5,28.7,153139,81064,0,0,0,0,0,0,0,0,0,,9.28849999999986,19.60049999999967,0.39389264872221325,0.7013283979029707,9.567808508877846,37.499967566836375,37.498422743697716,99.19610607201086,4.423978212222207,81064,86.09051611901442,1.1624694880455417,0.41416021279635884,6.538114304978582,9.802681040231729,0.632979152517644,44.332814446376204,0.09100001391273384,0.31693672713446397,0.4150969262933959,1.657728561965808e-05,-0.001543296644143763,True,True,True,True,True,True,True,True,True,,True,0.06640197453323782,True,0.1842789154096881,0.19425838599795972,0.299,
A-50ml-f0.25-p-20.0-above-y0-x+0.0-y+0.0,A,pitch,50,0.25,-20,above,0,0,0,25,37.64144115524114,13.984229076838627,11.769942152291096,11.93839640534348,False,52.99,28.4,17724,0,0,0,1591,0,0,70,0,0,5771,0.9974999999999455,,,1.3271153267434928,10.998013589181419,62.56399975546349,69.23340752520603,37.498422743697716,0.6236655783021956,-0.2009898820163475,0,0.005274443828141384,196.17174483483208,10.159494355997813,124.60706655139354,-108.57096095842336,7.605202386716384,42.266955095203066,,0.20251254494790583,13.919759449028348,4.613451230136133,36.32889127040237,False,False,False,False,False,False,False,False,False,table,False,,False,,,0.0,
A-50ml-f0.25-p+0.0-side-y0-x+0.0-y+0.0,A,approach,50,0.25,0,side,0,0,0,25,37.64144115524114,13.984229076838627,11.769942152291096,11.93839640534348,False,40.03,28.7,150311,81064,0,0,0,0,0,0,0,0,0,,9.28849999999986,19.60049999999967,0.3993888230973872,0.7066025886189107,9.567786317156719,37.499965654729586,37.498422743697716,99.19610838750633,4.421861554809628,81064,86.07975775571947,1.1645684017086146,0.4183319556553126,6.538383181081446,9.802488799865422,0.6388118694397116,44.33109708153108,0.08796716781939161,0.31605678580641233,0.4369180359244757,1.2283663699401133e-05,-0.0015450735667231926,True,True,True,True,True,True,True,True,True,,True,0.06651617353548825,True,0.19652403041637456,0.19424096986713849,0.299,
A-50ml-f0.25-p+0.0-above-y90-x+0.0-y+0.0,A,yaw,50,0.25,0,above,90,0,0,25,37.64144115524114,13.984229076838627,11.769942152291096,11.93839640534348,False,36.03,28.7,155362,81042,0,0,0,0,0,0,0,0,0,,9.292499999999865,19.60049999999967,0.29783874323230997,0.5097974620769161,9.567808510160807,37.4999653395246,37.498422743697716,99.19610516964273,4.554145057151765,81042,86.29416705965926,1.164242373990271,0.3460506767336395,6.535524673261077,9.80394919963104,0.501783358238962,44.37144232559663,0.2529597731512072,0.3947410181334196,0.2492204226259648,1.1891690845819462e-05,-0.001551764293559758,True,True,True,True,True,True,True,True,True,,True,0.06512441067501486,True,0.15812569930120554,0.19429465678294583,0.299,
A-50ml-f0.25-p+0.0-diagonal-y0-x+0.0-y+0.0,A,approach,50,0.25,0,diagonal,0,0,0,25,37.64144115524114,13.984229076838627,11.769942152291096,11.93839640534348,False,40.61,28.7,149362,81070,0,0,0,0,0,0,0,0,0,,9.28849999999986,19.60049999999967,0.3925953144670169,0.6983983696713622,6.765455123097848,37.49996709012353,37.498422743697716,99.19610668833596,4.423483988857252,81070,86.10212257861171,1.1635650869597873,0.41262297216827665,6.538528960355313,9.802227034092434,0.6288115257661047,44.3340415455056,0.09102239191042405,0.31766067439762247,0.32047747523575615,1.688228096739878e-05,-0.0015383608870030443,True,True,True,True,True,True,True,True,True,,True,0.06624532006488859,True,0.19984320769665878,0.19422601874539266,0.299,
A-50ml-f0.25-p+0.0-above-y270-x+0.0-y+0.0,A,yaw,50,0.25,0,above,270,0,0,25,37.64144115524114,13.984229076838627,11.769942152291096,11.93839640534348,False,35.55,28.7,145138,81048,0,0,0,0,0,0,0,0,0,,9.28749999999986,19.60049999999967,0.38597148663781616,0.639616910046915,9.567808509155167,37.49996499700696,37.498422743697716,99.19610593959516,4.436571528903296,81048,85.97092500884084,1.1675468444343235,0.42250788801091577,6.53715659867374,9.803754167165321,0.6382229226635707,44.33127048914388,0.13517077478474393,0.332466566734892,0.366833902696484,1.7949563004511183e-05,-0.001540747803932071,True,True,True,True,True,True,True,True,True,,True,0.06500319871991564,True,0.16466500028186268,0.19424035093190223,0.299,
A-50ml-f0.25-p+0.0-above-y180-x+0.0-y+0.0,A,yaw,50,0.25,0,above,180,0,0,25,37.64144115524114,13.984229076838627,11.769942152291096,11.93839640534348,False,39.7,28.7,152690,81025,0,0,0,0,0,0,0,0,0,,9.293499999999867,19.60049999999967,0.3031553915928258,0.5214015041602091,9.567808507838157,37.499963531303415,37.498422743697716,99.19610716357238,4.541685432431816,81025,86.25632013543155,1.1777302398071792,0.34726366662239566,6.533711921573616,9.805815352489034,0.5112044452124278,44.36866853848674,0.22846290467557476,0.3782247073536401,0.28958390195883754,2.8661881965269553e-05,-0.0015370208577505952,True,True,True,True,True,True,True,True,True,,True,0.06515999432154748,True,0.2052439295659575,0.19426191442217497,0.299,
A-50ml-f0.25-p+0.0-above-y0-x+6.0-y+0.0,A,dx,50,0.25,0,above,0,6,0,25,37.64144115524114,13.984229076838627,11.769942152291096,11.93839640534348,False,31.75,28.7,98901,78257,0,0,0,0,0,0,0,0,0,,8.185999999998513,19.60049999999967,3.3487559396143944,6.773528486599413,9.567808490374793,37.50003229514304,37.498422743697716,99.19595678423293,6.757227672753677,78257,78.6490113512772,0.5071224653787814,8.656456882817327,7.895794538600183,9.395803833372101,6.7186221907761,42.532091130153,4.078721376527962,4.081330029896503,2.8770584335205824,0.33529509620607134,0.09233150950306818,True,True,True,False,True,True,True,False,True,lift,False,0.0949843467499333,True,0.23172559270047344,0.19589483320923004,0.301,
A-50ml-f0.50-p-10.0-above-y0-x+0.0-y+0.0,A,pitch,50,0.5,-10,above,0,0,0,25,37.64144115524114,27.968458153677254,23.53988430458219,25.922625482182106,False,23.61,28.4,31086,1144,0,0,2074,0,0,3430,0,0,5644,1.3074999999999115,,,99.0737549005785,90.75610978298592,9.548487976379597,46.40018519558723,37.498422743697716,90.3154055663521,0.74350232958173,1144,0.004101377677319439,237.50313827228078,126.55149684860237,-54.05089955854126,-126.15275226584494,90.00015283694844,6323494.963075757,,0.732130530524385,64.92732765470886,90.00030854565011,19.01845404243906,False,False,False,False,False,False,False,False,False,table,False,,False,,,0.0,
A-50ml-f0.25-p+0.0-above-y0-x+0.0-y-6.0,A,dy,50,0.25,0,above,0,0,-6,25,37.64144115524114,13.984229076838627,11.769942152291096,11.93839640534348,False,31.07,28.78,122609,81466,0,0,0,0,0,0,0,0,0,,8.457999999998846,19.825499999999145,1.012261079252675,1.346194628964627,9.56780851293939,37.29065566540804,37.498422743697716,99.4128929600579,5.57457038112931,81466,86.21148141646465,0.4108299568209045,1.3277403206397431,6.4118412905746425,9.953689784124254,1.3616415586772868,44.118228149611895,0.3137901975843105,0.4576944941926615,6.100059265699636,0.13989376774262086,0.03261768108551854,True,True,True,True,True,True,True,True,True,,True,0.06944554254922432,True,0.13504508977851676,0.24595198987477207,0.376,
A-50ml-f0.25-p+0.0-above-y0-x+3.0-y+0.0,A,dx,50,0.25,0,above,0,3,0,25,37.64144115524114,13.984229076838627,11.769942152291096,11.93839640534348,False,37.9,28.85,139520,77223,0,0,0,0,0,0,0,0,0,,8.33049999999869,19.60049999999967,2.3425992195784833,3.991399901817721,9.567808501292074,37.49995340973833,37.498422743697716,99.19590892105771,6.221314957149546,77223,83.35503492056357,0.8840769275862185,4.8680050486188104,6.918173764825305,9.714133444399337,3.713282233409913,43.42444691520468,0.22637371013843752,0.3768839382931183,2.2870655130664717,0.11068718061720274,0.02409292428432324,True,True,True,True,True,True,True,True,True,,True,0.023778823055356894,True,0.2053496414908231,0.2924833374757836,0.446,
A-50ml-f0.25-p+0.0-above-y0-x+0.0-y-3.0,A,dy,50,0.25,0,above,0,0,-3,25,37.64144115524114,13.984229076838627,11.769942152291096,11.93839640534348,False,36.47,28.83,129709,79719,0,0,0,0,0,0,0,0,0,,8.565999999998978,19.60049999999967,1.3344018593309024,2.0060725931044914,9.56780851346712,37.20570640813557,37.498422743697716,99.46062370668002,5.638801042814445,79719,85.5832603866841,0.36267700665191166,1.1446914421426089,6.3888666012509665,9.975631956960592,1.5734074471978463,44.05584323059887,0.9662392053483491,1.0202271158145884,3.1312380778703783,4.478040739857026e-05,-0.0015537696345882689,True,True,True,True,True,True,True,True,True,,True,0.07530877707263552,True,0.1672199389592747,0.2792681829402294,0.426,
A-50ml-f0.25-p+0.0-above-y0-x+0.0-y+6.0,A,dy,50,0.25,0,above,0,0,6,25,37.64144115524114,13.984229076838627,11.769942152291096,11.93839640534348,False,33.12,28.7,132323,78941,0,0,0,0,0,0,0,0,0,,9.00999999999952,19.60049999999967,0.8096798842178845,1.3650941867022524,9.567808501910392,37.4849296262633,37.498422743697716,99.20886429822691,4.868221155978,78941,85.452428287559,0.8231476752940506,1.3281910535567842,6.546392013655142,9.818315913695642,1.3143231696317412,44.132166295361245,0.251564214533626,0.3938327956299778,6.262674272798379,0.28257398109494825,0.07545359603765231,True,True,True,True,True,True,True,True,True,,True,0.07188223092695764,True,0.1419217796988678,0.19427068375891005,0.299,
A-50ml-f0.50-p+10.0-above-y0-x+0.0-y+0.0,A,pitch,50,0.5,10,above,0,0,0,25,37.64144115524114,27.968458153677254,23.53988430458219,25.922625482182106,False,31.53,31.4,133459,91103,0,0,0,0,0,251,0,0,0,,8.900999999999387,19.60049999999967,5.253621731798196,8.805968509232596,9.567739641508311,37.49402061376876,37.498422743697716,99.1705712251595,4.940277133183235,91103,84.49475441173931,0.5931898952994679,1.067632200840075,20.573525414750865,9.494551629280728,8.228316281695381,28.095731802962494,0.3238893581841176,0.44649433700876096,30.162299854594476,4.90455619685548e-06,-0.0015744593938378688,True,True,True,False,True,True,True,True,False,lift,False,0.036672565769633896,False,,,3.0,
A-50ml-f0.50-p+0.0-above-y0-x+0.0-y+0.0,A,nominal,50,0.5,0,above,0,0,0,25,37.64144115524114,27.968458153677254,23.53988430458219,25.922625482182106,False,34.52,28.7,149379,81060,0,0,0,0,0,0,0,0,0,,9.289499999999862,19.60049999999967,0.337098126386301,0.5819492223611569,9.5678085080632,37.499987794402635,37.498422743697716,99.19325141685053,4.419078605554697,81060,86.09890305147047,1.1864100421129122,0.23910902816386956,20.49364714595642,9.829303507842738,0.5740837039693719,30.3659261297883,0.22289789984644529,0.3743500799339017,0.2890354236897665,2.0702910668595484e-05,-0.0015575236249761172,True,True,True,True,True,True,True,True,True,,True,0.06696214641903678,True,0.20387393815993507,0.19420790210938677,0.299,
A-50ml-f0.50-p-20.0-above-y0-x+0.0-y+0.0,A,pitch,50,0.5,-20,above,0,0,0,25,37.64144115524114,27.968458153677254,23.53988430458219,25.922625482182106,False,39.98,28.4,7873,0,0,0,1591,0,0,68,0,0,5603,0.9974999999999455,,,1.6041694320012128,13.317804747229381,65.08271367284986,69.22458805883036,37.498422743697716,1.0784914292952803,-0.19936980345490463,0,0.005308870853110819,197.8909589792216,21.50366231702438,140.3782891463165,-112.07301456640809,9.167922935791328,27.812630194993826,,1.133882882087597,18.131377333318913,90.00031021369286,18.964928210433836,False,False,False,False,False,False,False,False,False,table,False,,False,,,0.0,
A-50ml-f0.25-p+0.0-above-y0-x+0.0-y+3.0,A,dy,50,0.25,0,above,0,0,3,25,37.64144115524114,13.984229076838627,11.769942152291096,11.93839640534348,False,44.52,31.4,133560,91465,0,0,0,0,0,0,0,0,0,,8.583499999998999,19.60049999999967,1.5339578740123776,2.4638737919948546,9.567746198900162,37.2140887084653,37.498422743697716,99.57298201514891,5.541375041495766,91465,85.67461236049627,0.34659913455083247,1.2095202156013072,6.323987592844119,10.041628229214547,1.5354119619018716,44.06703734834094,0.5241828720367038,0.6049960343655642,3.135289908932619,5.853177225625916e-06,-0.0015549174778283373,True,True,True,True,True,True,True,True,True,,True,0.04687843589674377,False,,,3.0,
A-50ml-f0.50-p-5.0-above-y0-x+0.0-y+0.0,A,pitch,50,0.5,-5,above,0,0,0,25,37.64144115524114,27.968458153677254,23.53988430458219,25.922625482182106,False,37.58,28.7,127829,78328,0,0,0,0,0,0,0,0,0,,9.278999999999849,19.60049999999967,4.786010028961861,6.4046478184397415,9.56780998330136,37.5009571382094,37.498422743697716,99.20647713523181,4.43892244992207,78328,84.6521557030442,1.307476813418335,0.9344469852774027,20.72362682665974,9.641797377148057,6.3619666000313355,28.654242037208544,0.2925930279553652,0.4420574491166078,4.672384281613187,0.06007610503880578,0.00864774734494061,True,True,True,False,True,True,True,True,True,lift,False,0.03370730319307812,True,0.17300156788596563,0.19425136452047545,0.299,
A-50ml-f0.50-p+0.0-above-y0-x-3.0-y+0.0,A,dx,50,0.5,0,above,0,-3,0,25,37.64144115524114,27.968458153677254,23.53988430458219,25.922625482182106,False,19.99,28.4,6736,1014,0,0,0,0,0,7956,0,0,5579,,,,90.80034918108691,92.08061584691636,9.567399073627303,37.49982522075423,37.498422743697716,88.24415052459962,0.3437963692357049,1014,0.004101377667606017,273.6771385267773,133.73459252274728,-21.22726721316197,-126.20345861122486,90.00015277995202,6325854.00885176,,0.11846807246961655,59.35046109987484,90.00015307937664,18.819635943187407,True,False,True,False,False,False,False,False,False,rig_clear,False,,False,,,0.0,
A-50ml-f0.50-p+0.0-above-y0-x-6.0-y+0.0,A,dx,50,0.5,0,above,0,-6,0,25,37.64144115524114,27.968458153677254,23.53988430458219,25.922625482182106,False,22.11,28.4,6578,263,0,0,0,0,0,8011,0,0,5591,,,,102.38689659911407,68.53973964176592,9.567664907457745,35.88607821541486,37.498422743697716,99.10958073401086,0.22880175607420394,263,0.004101377664574557,254.84461331526458,127.72331199378576,-51.17894488026207,-126.20212430739791,90.00015275416143,6326922.043119881,,0.014161509707333002,57.19798794626893,90.00029948323828,18.923892337164173,True,False,True,False,False,False,False,False,False,rig_clear,False,,False,,,0.0,
A-50ml-f0.50-p+20.0-above-y0-x+0.0-y+0.0,A,pitch,50,0.5,20,above,0,0,0,25,37.64144115524114,27.968458153677254,23.53988430458219,25.922625482182106,False,36.35,28.85,109822,78894,0,0,0,0,0,455,0,0,0,,9.293999999999867,19.60049999999967,9.328887807094286,17.254472680480983,9.567910977013447,37.49471920883809,37.498422743697716,99.14132524532442,4.015488134996511,78894,81.7176825634416,1.3406460568887137,3.0375446516320928,20.478857332873076,8.566127085126524,16.58103625224721,25.512483735984585,0.17298285321874685,0.32397352059074747,44.1419371246828,4.6887316523643365,1.3734057950011438,True,True,True,False,True,True,True,True,False,lift,False,0.04877910318462092,True,0.18480298941631032,0.2942042007936098,0.449,
A-50ml-f0.50-p+0.0-diagonal-y0-x+0.0-y+0.0,A,approach,50,0.5,0,diagonal,0,0,0,25,37.64144115524114,27.968458153677254,23.53988430458219,25.922625482182106,False,33.21,28.7,149312,81058,0,0,0,0,0,0,0,0,0,,9.288999999999861,19.60049999999967,0.33619069218756276,0.57933194625396,6.765455123520312,37.49998721984762,37.498422743697716,99.19325207925972,4.420878113750776,81058,86.10727540483204,1.1854453880651221,0.2386398556938202,20.493886980723392,9.829052706656737,0.5715213421663302,30.366680565141372,0.231811227314916,0.38039989442436306,0.23875672291885194,2.4876918895628062e-05,-0.0015532400413219496,True,True,True,True,True,True,True,True,True,,True,0.06693642193814811,True,0.19815100519688617,0.19423698347580942,0.299,
A-50ml-f0.50-p+0.0-above-y90-x+0.0-y+0.0,A,yaw,50,0.5,0,above,90,0,0,25,37.64144115524114,27.968458153677254,23.53988430458219,25.922625482182106,False,33.32,28.7,152998,81034,0,0,0,0,0,0,0,0,0,,9.293499999999867,19.60049999999967,0.2985999413536363,0.5180200196947804,9.56780850918574,37.499986669855545,37.498422743697716,99.19325011108707,4.543574201805011,81034,86.24421963045022,1.1907076024625274,0.21958307968169463,20.489600760106068,9.833014492081057,0.5108599103532265,30.38454090086592,0.24503273964659972,0.3866759000544725,0.31014860210189577,2.613440040204917e-05,-0.0015677233233173916,True,True,True,True,True,True,True,True,True,,True,0.06556051998400965,True,0.1965366547753554,0.1942370162708323,0.299,
A-50ml-f0.50-p+5.0-above-y0-x+0.0-y+0.0,A,pitch,50,0.5,5,above,0,0,0,25,37.64144115524114,27.968458153677254,23.53988430458219,25.922625482182106,False,42.29,31.4,132545,90949,0,0,0,0,0,0,0,0,0,,8.727499999999175,19.60049999999967,2.6809502972262416,4.463909572584147,9.567743643357627,37.49620659950697,37.498422743697716,99.18286679932352,5.2944876034407145,90949,85.24446227044857,0.23737350841852256,0.623887225331454,20.542885514593223,9.720586997430628,3.565005409878905,29.484047173727014,0.9657341317838732,1.0257833339942235,2.664797549093685,0.26014398542067635,0.06546769458180972,True,True,True,True,True,True,True,True,True,,True,0.02824141031825429,False,,,3.0,
A-50ml-f0.50-p+0.0-above-y180-x+0.0-y+0.0,A,yaw,50,0.5,0,above,180,0,0,25,37.64144115524114,27.968458153677254,23.53988430458219,25.922625482182106,False,35.37,28.7,150102,81034,0,0,0,0,0,0,0,0,0,,9.293999999999867,19.60049999999967,0.2942447630981669,0.5123009714373344,9.567808508462319,37.49998541577294,37.498422743697716,99.19325160562974,4.546506131139688,81034,86.25383670065641,1.1968385996218862,0.21752409764303013,20.48901345558954,9.833568825819997,0.5044500771243873,30.38642810551575,0.2368859495214177,0.38324327076812903,0.2043781392223832,1.9968084613989917e-05,-0.001566489083105988,True,True,True,True,True,True,True,True,True,,True,0.06554402254434746,True,0.1816535154166032,0.1942404260869527,0.299,
A-50ml-f0.25-p+0.0-above-y0-x-3.0-y+0.0,A,dx,50,0.25,0,above,0,-3,0,25,37.64144115524114,13.984229076838627,11.769942152291096,11.93839640534348,False,67.05,28.4,2296,0,0,0,0,0,0,94422,0,0,0,,,,1.2520610283864673,1.1947539683568007,9.569761955387674,37.065204296946995,37.498422743697716,79.37290068600028,-0.2001714957495654,0,0.0010060438332693778,124.02460121740367,36.6381774071622,28.25256133983095,-10.237253002534057,2.608393524604276,43.75072859797337,,0.20012841354856453,37.909462055967055,0.2571872445486867,0.06590307092882249,True,True,True,False,False,False,False,False,False,lift,False,,False,,,0.0,
A-50ml-f0.50-p+0.0-above-y270-x+0.0-y+0.0,A,yaw,50,0.5,0,above,270,0,0,25,37.64144115524114,27.968458153677254,23.53988430458219,25.922625482182106,False,34.25,28.7,142085,81028,0,0,0,0,0,0,0,0,0,,9.288999999999861,19.60049999999967,0.4064180928159401,0.680901268465208,9.567808508470707,37.49998727067353,37.498422743697716,99.1932500200789,4.411878321121651,81028,85.84225794298787,1.193806435884465,0.27206506732479613,20.48989330375001,9.833680782941654,0.6798176904621303,30.334794281574904,0.08436631630503788,0.3155701743955148,0.3203077514004131,1.7308668332453254e-05,-0.001555535549602695,True,True,True,True,True,True,True,True,True,,True,0.06578065962785092,True,0.21112426994582453,0.19422732938539033,0.299,
A-50ml-f0.50-p+0.0-side-y0-x+0.0-y+0.0,A,approach,50,0.5,0,side,0,0,0,25,37.64144115524114,27.968458153677254,23.53988430458219,25.922625482182106,False,45.02,28.7,152522,81058,0,0,0,0,0,0,0,0,0,,9.288999999999861,19.60049999999967,0.3365306716209786,0.580325777467943,9.567786317416408,37.49998581514929,37.498422743697716,99.1932537010266,4.419380783509952,81058,86.1043757147898,1.1835335402202205,0.2385022432738485,20.49399246333029,9.828950162536376,0.5732798479996604,30.366162808912904,0.23378684228799265,0.38102946926767,0.40846585681424236,2.3737364141224494e-05,-0.0015640703662935548,True,True,True,True,True,True,True,True,True,,True,0.06693605766295771,True,0.2024529105731885,0.19422729082759338,0.299,
A-50ml-f0.50-p+0.0-above-y0-x+3.0-y+0.0,A,dx,50,0.5,0,above,0,3,0,25,37.64144115524114,27.968458153677254,23.53988430458219,25.922625482182106,False,34.62,28.85,133441,77306,0,0,0,0,0,0,0,0,0,,8.31499999999867,19.60049999999967,2.3480141317747836,3.9970584687645165,9.56780850110743,37.499981255103776,37.498422743697716,99.19305608747341,6.241853313312243,77306,83.35048950950942,0.8910411197150896,3.968930715257841,20.836631039794952,9.723005808627255,3.7384552171203804,29.432775478187192,0.24106149708390326,0.38140973779141313,2.280911260172247,0.18607273750667913,0.045766756209693525,True,True,True,True,True,True,True,True,True,,True,0.02255535472775704,True,0.20200372795227273,0.2941635223974832,0.449,
A-50ml-f0.50-p+0.0-above-y0-x+6.0-y+0.0,A,dx,50,0.5,0,above,0,6,0,25,37.64144115524114,27.968458153677254,23.53988430458219,25.922625482182106,False,34.55,28.73,88441,78623,0,0,0,0,0,0,0,0,0,,8.16749999999849,19.60049999999967,3.311498560438329,6.740670319394365,9.567808489544047,37.50005742076085,37.498422743697716,99.19309408396731,6.794135687762146,78623,78.81363255598541,0.5493183966441147,7.007188715606423,21.71736463170069,9.35177033405267,6.597304736464663,28.584064610892867,4.837902816606803,4.846182197611703,2.8207020110192134,0.04534826920853261,0.004605646331051767,True,True,True,False,True,True,True,False,True,lift,False,0.09845544010309337,True,0.30510528287479477,0.21574152595168086,0.331,
A-50ml-f0.50-p+0.0-above-y0-x+0.0-y-6.0,A,dy,50,0.5,0,above,0,0,-6,25,37.64144115524114,27.968458153677254,23.53988430458219,25.922625482182106,False,39.57,28.96,119976,82352,0,0,0,0,0,0,0,0,0,,8.833499999999304,19.60049999999967,0.6711413042507881,0.9682933381252001,9.567808507609348,37.35327785547416,37.498422743697716,99.32959261635678,4.944394889340217,82352,85.18229225496208,0.46887507833991976,1.164877097114125,20.353892551804265,9.99565516964987,1.5942642237542384,30.06546921906351,0.24110691123482703,0.41944759395323106,6.139468204520557,4.1114320730364975e-05,-0.0015740789316740775,True,True,True,True,True,True,True,True,True,,True,0.06613967132922124,True,0.10610324610109156,0.3676498321913726,0.558,
A-50ml-f0.50-p+0.0-above-y0-x+0.0-y-3.0,A,dy,50,0.5,0,above,0,0,-3,25,37.64144115524114,27.968458153677254,23.53988430458219,25.922625482182106,False,35.39,28.89,121207,82024,0,0,0,0,0,0,0,0,0,,8.483999999998877,19.60049999999967,1.0674091148596463,1.4417981802169997,9.567808513706193,37.293040314079676,37.498422743697716,99.4046269767852,5.596951065650183,82024,86.07329099770423,0.3408839608232157,0.8780629633483971,20.366534147490622,9.97281874314268,1.3872705535452885,30.126449546546645,0.29508372919933495,0.4373902652206357,3.1441804340900488,0.14686554169470062,0.03416676654334807,True,True,True,True,True,True,True,True,True,,True,0.06881601404492192,True,0.14954680460432987,0.3225989783225931,0.491,
A-50ml-f0.80-p+0.0-above-y0-x-6.0-y+0.0,A,dx,50,0.8,0,above,0,-6,0,25,37.64144115524114,44.7495330458836,37.6638148873315,42.703700374388454,False,22.23,28.4,6627,277,0,0,0,0,0,8121,0,0,6265,,,,103.03563562985913,81.09223743913134,9.567727991078016,35.8068229910303,37.498422743697716,99.18535234761494,0.25149747576648507,277,0.004084711614239609,259.9543010096715,135.69542046384402,-33.858691362708704,-132.12412317126794,90.0002131068452,4535105.087823618,,0.2910508486880568,62.48871690727421,90.00021388329439,18.819685187280413,True,False,True,False,False,False,False,False,False,rig_clear,False,,False,,,0.0,
A-50ml-f0.80-p-10.0-above-y0-x+0.0-y+0.0,A,pitch,50,0.8,-10,above,0,0,0,25,37.64144115524114,44.7495330458836,37.6638148873315,42.703700374388454,False,34.17,28.4,30795,1143,0,0,2081,0,0,3587,0,0,6261,1.3074999999999115,,,98.75239048477987,90.28823428391793,9.542073759397473,46.40016036227021,37.498422743697716,90.31165893649462,0.5949602969645279,1143,0.004084711618915682,249.17605883857794,137.24769561370763,-50.465715432682416,-131.92166351793026,90.00021315080159,4534169.851934053,,0.9530040163074796,61.04253445539315,90.00021584338255,18.819634174513155,False,False,False,False,False,False,False,False,False,table,False,,False,,,0.0,
A-50ml-f0.50-p+0.0-above-y0-x+0.0-y+3.0,A,dy,50,0.5,0,above,0,0,3,25,37.64144115524114,27.968458153677254,23.53988430458219,25.922625482182106,False,41.2,28.7,124254,80974,0,0,0,0,0,0,0,0,0,,9.289999999999862,19.60049999999967,0.9169381039775479,1.3475746889040208,9.567808504929692,37.28774206459063,37.498422743697716,99.40127445673487,4.397862250080722,80974,85.61862823956507,0.9811256070953289,0.5526069789135614,20.242143927230746,10.087619780347959,1.0968506258497464,30.21198962109882,-0.06874354389702489,0.3252465260453015,3.146688252052378,0.18300373601673853,0.04472797379411712,True,True,True,True,True,True,True,True,True,,True,0.07037321875016403,True,0.18414105587558405,0.19424837681491847,0.299,
A-50ml-f0.80-p-5.0-above-y0-x+0.0-y+0.0,A,pitch,50,0.8,-5,above,0,0,0,25,37.64144115524114,44.7495330458836,37.6638148873315,42.703700374388454,False,35.98,28.7,122481,78664,0,0,0,0,0,0,0,0,0,,9.281499999999852,19.60049999999967,4.552471456914327,6.210683052826099,9.567809987302125,37.500944108572114,37.498422743697716,99.20279967340151,4.395232995566864,78664,84.91736043215036,1.3414071706093722,0.41535449618029496,37.442284388631556,9.648395394520337,6.177442211376374,11.928146938711505,0.3275982126905772,0.4557818337294733,4.468473278618592,0.2759849423615395,0.07222802478661378,True,True,True,False,True,True,True,True,True,lift,False,0.04464219481839637,True,0.18900314516939817,0.19423966825625757,0.299,
A-50ml-f0.50-p+0.0-above-y0-x+0.0-y+6.0,A,dy,50,0.5,0,above,0,0,6,25,37.64144115524114,27.968458153677254,23.53988430458219,25.922625482182106,False,40.79,28.7,127978,79792,0,0,0,0,0,0,0,0,0,,8.81399999999928,19.60049999999967,1.1273989686628179,1.6182099272614314,9.567808502076842,37.32618995670706,37.498422743697716,99.36237801533012,5.053047470982758,79792,85.7765098900926,0.6747418565368065,1.1288442025132783,20.32173021672821,10.023210770812959,1.3547906661942188,30.136017111039138,0.23007892033695837,0.38820540619326505,6.294090960749376,0.2625596949392793,0.06782777000944111,True,True,True,True,True,True,True,True,True,,True,0.07854901760060495,True,0.1575024779137059,0.19428221068426213,0.299,
A-50ml-f0.80-p+0.0-above-y0-x+0.0-y+0.0,A,nominal,50,0.8,0,above,0,0,0,25,37.64144115524114,44.7495330458836,37.6638148873315,42.703700374388454,False,39.46,28.7,146752,81039,0,0,0,0,0,0,0,0,0,,9.28849999999986,19.60049999999967,0.373745742058249,0.6229423823560436,9.56780850660697,37.4999687684851,37.498422743697716,99.18988285026096,4.439554972285667,81039,86.07740811232374,1.1819066604354016,0.06898767657919552,37.239389588294934,9.862922076272707,0.5877185439302498,13.580836724638091,0.22646202729205633,0.3765452009095688,0.37868353101769126,2.002276682850205e-05,-0.0015378740625468445,True,True,True,True,True,True,True,True,True,,True,0.06723059356496136,True,0.19601281570455129,0.19422767084951992,0.299,
A-50ml-f0.80-p+10.0-above-y0-x+0.0-y+0.0,A,pitch,50,0.8,10,above,0,0,0,25,37.64144115524114,44.7495330458836,37.6638148873315,42.703700374388454,False,40.42,31.4,131268,91069,0,0,0,0,0,200,0,0,0,,8.893999999999378,19.60049999999967,5.219685786470254,8.798621650539035,9.567739661000079,37.49402161030377,37.498422743697716,99.16781264500437,4.951106686589046,91069,84.47642883503029,0.5818191158714794,0.5660658295974811,37.31044119499753,9.610367807410952,8.217023557740065,11.318050915455185,0.3978154270130128,0.5025153851085343,29.033604524923163,1.0151452588297192,0.29175289273302896,True,True,True,False,True,True,True,True,False,lift,False,0.03623975036769041,False,,,3.0,
A-50ml-f0.80-p+5.0-above-y0-x+0.0-y+0.0,A,pitch,50,0.8,5,above,0,0,0,25,37.64144115524114,44.7495330458836,37.6638148873315,42.703700374388454,False,41.81,31.4,131126,90820,0,0,0,0,0,0,0,0,0,,8.724999999999172,19.60049999999967,2.603417045958878,4.40422386304961,9.567743644287232,37.496233237177755,37.498422743697716,99.17982859048878,5.314579356303112,90820,85.1862595171535,0.228905087520046,0.2511349585400215,37.28374985891933,9.78430477537856,3.528770245129284,12.713680908750426,1.1428166824258128,1.197254788323726,2.6084061027655867,0.2383503920945326,0.05967562960753167,True,True,True,True,True,True,True,False,True,recap,False,0.024738746645251063,False,,,3.0,
A-50ml-f0.80-p+0.0-side-y0-x+0.0-y+0.0,A,approach,50,0.8,0,side,0,0,0,25,37.64144115524114,44.7495330458836,37.6638148873315,42.703700374388454,False,40.84,28.7,146633,81045,0,0,0,0,0,0,0,0,0,,9.28849999999986,19.60049999999967,0.3855693352221731,0.6434284773025273,9.56778631411285,37.49996680893185,37.498422743697716,99.18988503281648,4.438634674837905,81045,86.06880120435497,1.1824732550378625,0.06865416257369766,37.238949481775464,9.863356765823895,0.5911562413234148,13.579824558550289,0.22273925462167635,0.3739764125773944,0.3917474154495977,1.985826846724704e-05,-0.001538542808520678,True,True,True,True,True,True,True,True,True,,True,0.06742819931968981,True,0.21515270818070897,0.19424837183612767,0.299,
A-50ml-f0.80-p+0.0-diagonal-y0-x+0.0-y+0.0,A,approach,50,0.8,0,diagonal,0,0,0,25,37.64144115524114,44.7495330458836,37.6638148873315,42.703700374388454,False,39.1,28.7,147612,81035,0,0,0,0,0,0,0,0,0,,9.28799999999986,19.60049999999967,0.37627496080639566,0.6147308192182951,6.765455122585758,37.49996817488807,37.498422743697716,99.189883507466,4.437103953547878,81035,86.08356322797678,1.182012985802642,0.06935358122596941,37.239457684872214,9.862859208506631,0.5851120595369976,13.581604154680157,0.2310547841093005,0.3793547721144035,0.3983835025350772,2.3412708902503816e-05,-0.0015372906757992158,True,True,True,True,True,True,True,True,True,,True,0.0672001451367094,True,0.18870192004038355,0.1942446162524541,0.299,
A-50ml-f0.80-p-20.0-above-y0-x+0.0-y+0.0,A,pitch,50,0.8,-20,above,0,0,0,25,37.64144115524114,44.7495330458836,37.6638148873315,42.703700374388454,False,48.6,28.4,9707,0,0,0,1591,0,0,70,0,0,6255,0.9974999999999455,,,2.6795159897887206,13.634898148531617,65.79146940752412,69.21612944698612,37.498422743697716,2.097628995046563,-0.20007822913645223,0,0.003937080691554546,197.16129532049797,6.4490229277542355,149.22869652529863,-102.31381065696115,2.6510759491256084,12.972832403988942,,0.2019272010566827,4.909302206619981,4.286332095706874,1.2549272140087495,False,False,False,False,False,False,False,False,True,table,False,,False,,,0.0,
A-50ml-f0.80-p+20.0-above-y0-x+0.0-y+0.0,A,pitch,50,0.8,20,above,0,0,0,25,37.64144115524114,44.7495330458836,37.6638148873315,42.703700374388454,False,43.44,31.4,122793,91129,0,0,0,0,0,351,0,0,0,,9.291999999999865,19.60049999999967,9.461981696697936,17.285340675852357,9.56793466273622,37.49498250074225,37.498422743697716,99.13855240468659,4.06067304097485,91129,81.90653072818492,1.2789737743445402,2.031556771105112,37.18186817000276,8.913480727503392,16.75461231189947,8.675727185013635,-0.06384926119521658,0.3010135075985458,45.21373513228774,2.9323896845036352,0.8584375144790902,True,True,True,False,True,True,True,True,False,lift,False,0.04864714079826709,False,,,3.0,
A-50ml-f0.80-p+0.0-above-y90-x+0.0-y+0.0,A,yaw,50,0.8,0,above,90,0,0,25,37.64144115524114,44.7495330458836,37.6638148873315,42.703700374388454,False,41.27,28.7,146538,80988,0,0,0,0,0,0,0,0,0,,9.290999999999864,19.60049999999967,0.3116729245049573,0.5429979109504316,9.567808508178725,37.499968399603894,37.498422743697716,99.18988169449557,4.585560644447595,80988,86.21819617166823,1.167884226183211,0.06826153881454497,37.23562838448863,9.86670124115166,0.5365375861736137,13.595905862787168,0.24792332822197655,0.39065261524825595,0.26878633257769324,1.0933637455190016e-05,-0.0015455453424919805,True,True,True,True,True,True,True,True,True,,True,0.06608017149344243,True,0.19941127737911069,0.1942345100234763,0.299,
A-50ml-f0.80-p+0.0-above-y180-x+0.0-y+0.0,A,yaw,50,0.8,0,above,180,0,0,25,37.64144115524114,44.7495330458836,37.6638148873315,42.703700374388454,False,41.13,28.7,148276,80996,0,0,0,0,0,0,0,0,0,,9.291499999999864,19.60049999999967,0.30897543352062523,0.5381748669754021,9.567808507610298,37.49996718821294,37.498422743697716,99.18988292458599,4.573840083221064,80996,86.22135834718168,1.1783750455282462,0.06864133028714249,37.234992427364695,9.867343060531525,0.5307517183418052,13.597609371490462,0.205244023172827,0.3677486352142974,0.30088719598862346,2.98210314312095e-05,-0.0015391748170807552,True,True,True,True,True,True,True,True,True,,True,0.06609036690339926,True,0.17489012277156626,0.19423462563303565,0.299,
A-50ml-f0.80-p+0.0-above-y270-x+0.0-y+0.0,A,yaw,50,0.8,0,above,270,0,0,25,37.64144115524114,44.7495330458836,37.6638148873315,42.703700374388454,False,44.37,31.4,157218,93916,0,0,0,0,0,0,0,0,0,,9.28749999999986,19.60049999999967,0.4541569112648722,0.8122381754499329,9.567746196660467,37.499968401126104,37.498422743697716,99.1898820588539,4.436993412553505,93916,85.76761085554321,1.174654691572941,0.060583806186420244,37.23390025622599,9.868159072537797,0.7542101884174155,13.531814786144206,0.003638316266155247,0.32777875821017943,0.2790385735119224,4.00455336570039e-06,-0.001542428697462042,True,True,True,True,True,True,True,True,True,,True,0.06609809964872046,False,,,3.0,
A-50ml-f0.80-p+0.0-above-y0-x-3.0-y+0.0,A,dx,50,0.8,0,above,0,-3,0,25,37.64144115524114,44.7495330458836,37.6638148873315,42.703700374388454,False,42.27,28.4,35472,8818,0,0,0,0,0,31240,0,0,5985,,7.758999999998419,,125.86264687961446,174.26497840150952,9.585472458007112,37.49998724640074,37.498422743697716,99.18952094697939,11.212498745091226,8818,0.12951618172163662,18.527478185111715,28.841213201489683,-54.33034700334426,67.80951165663579,34.11091011810142,2.328761097749578,,1787.279426513354,88.06309996060256,90.00023454099015,18.85534120839013,True,False,True,False,True,False,False,False,False,rig_clear,False,0.5570151056083346,False,,,0.0,
A-50ml-f0.80-p+0.0-above-y0-x+6.0-y+0.0,A,dx,50,0.8,0,above,0,6,0,25,37.64144115524114,44.7495330458836,37.6638148873315,42.703700374388454,False,39.4,28.7,87552,78549,0,0,0,0,0,0,0,0,0,,8.155499999998476,19.60049999999967,3.2646692509969633,6.730039674852832,9.567808490258518,37.49969494516055,37.498422743697716,99.18986973863167,6.7858140546804275,78549,78.79210770248181,0.551032837347317,5.042733810009375,38.32534932241891,9.297991448486421,6.596941536294457,11.803098075112777,2.4158587226317287,2.43224897233713,2.8536903125420108,0.32639109265732924,0.08757011470689281,True,True,True,False,True,True,True,False,True,lift,False,0.10370855708867904,True,0.32540185132252236,0.1958007422646789,0.301,
A-50ml-f0.80-p+0.0-above-y0-x+3.0-y+0.0,A,dx,50,0.8,0,above,0,3,0,25,37.64144115524114,44.7495330458836,37.6638148873315,42.703700374388454,False,43.6,28.85,132422,77067,0,0,0,0,0,0,0,0,0,,8.301499999998654,19.60049999999967,2.333771399343612,3.9790284574356534,9.567808500726846,37.4999618958427,37.498422743697716,99.18970388541669,6.26179090107451,77067,83.6987958248298,0.9337510259694062,2.871914541624772,37.53560736789562,9.7275622384779,3.5901575793178035,12.695538531206006,0.4226099992144715,0.5171381612489023,2.2862340391739786,4.094554566467037e-06,-0.0015541643637634287,True,True,True,True,True,True,True,True,True,,True,0.022466319852735853,True,0.18850847666161913,0.295858532570084,0.451,
A-50ml-f0.80-p+0.0-above-y0-x+0.0-y-6.0,A,dy,50,0.8,0,above,0,0,-6,25,37.64144115524114,44.7495330458836,37.6638148873315,42.703700374388454,False,39.25,31.4,128722,94050,0,0,0,0,0,0,0,0,0,,8.563499999998974,19.773999999999265,0.7933034494547444,1.1927150744061545,9.567746196053974,37.31503908423261,37.498422743697716,99.36181947840868,5.321913991682817,94050,85.55015943326596,0.4304823307422102,0.9374775621143253,37.152884757212014,9.972303053055576,1.6722810403569592,13.261407479215992,0.34048072236576465,0.48935256673288596,6.263463284896864,0.05935564315316508,0.008356867957120555,True,True,True,True,True,True,True,True,True,,True,0.0678063102691502,False,,,3.0,
A-50ml-f0.80-p+0.0-above-y0-x+0.0-y-3.0,A,dy,50,0.8,0,above,0,0,-3,25,37.64144115524114,44.7495330458836,37.6638148873315,42.703700374388454,False,38.87,28.95,127004,79940,0,0,0,0,0,0,0,0,0,,8.57599999999899,19.60049999999967,1.3923505305616624,2.1391594247338452,9.56780851334401,37.22349633049659,37.498422743697716,99.4378485780486,5.6643651925737535,79940,85.46224407063158,0.3951526379955718,0.4063092069297404,37.06823806585046,10.041483235985943,1.6861130923661105,13.257331819934429,0.9642166663343817,1.01537886146871,3.1162556794777068,3.9059561132937485e-05,-0.0015508555941746347,True,True,True,True,True,True,True,True,True,,True,0.06957078412937306,True,0.1446447964059477,0.36260859261222844,0.551,
A-60ml-f0.25-p-10.0-above-y0-x+0.0-y+0.0,A,pitch,60,0.25,-10,above,0,0,0,25,40.0,14.736568804805119,14.178240740740737,7.236568804805119,False,29.58,28.4,22414,1838,0,0,1023,0,0,4096,0,0,5784,1.4149999999998997,,,117.85890827647437,91.49225862539407,9.558738424180417,47.48008210642813,43.1,94.84372008434048,1.6082241001361268,1838,0.004093612578338342,253.90341772389274,119.67039953519824,-75.98681491082007,-107.7740488633807,90.00016974439757,6075795.613268171,,0.9640810023279728,89.89716782777319,90.00033415165352,20.172530368792888,False,False,True,False,False,False,False,False,False,table,False,,False,,,0.0,
A-50ml-f0.80-p+0.0-above-y0-x+0.0-y+6.0,A,dy,50,0.8,0,above,0,0,6,25,37.64144115524114,44.7495330458836,37.6638148873315,42.703700374388454,False,34.82,28.88,121173,82006,0,0,0,0,0,0,0,0,0,,8.819999999999288,19.60049999999967,0.4256953897295923,0.703487767561697,9.567808506088404,37.31541784242723,37.498422743697716,99.40251433223725,5.0821445876917535,82006,85.35628137267206,0.43872961750044975,0.9089541654223812,37.06346184262163,10.061116691094247,1.6915961478026034,13.255716203743741,0.258480282146086,0.4003818618381915,6.289862644887019,0.0286046907038109,-0.00071163957918212,True,True,True,True,True,True,True,True,True,,True,0.06691593837714022,True,0.13536172596651222,0.31760428678262254,0.484,
A-50ml-f0.80-p+0.0-above-y0-x+0.0-y+3.0,A,dy,50,0.8,0,above,0,0,3,25,37.64144115524114,44.7495330458836,37.6638148873315,42.703700374388454,False,35.64,28.92,113794,79544,0,0,0,0,0,0,0,0,0,,8.582499999998998,19.60049999999967,1.4923449981721204,2.4339938354404174,9.567808510803486,37.187684908173885,37.498422743697716,99.58292111864105,5.513388925790092,79544,85.63396198766664,0.3523656112748978,0.40561563337932516,36.97063761777881,10.138741126609869,1.5555147534509128,13.29581080438089,0.28597878275044664,0.41981974405316624,3.071240814029143,1.2134403433412636e-05,-0.0015531166436745223,True,True,True,True,True,True,True,True,True,,True,0.04424503377055989,True,0.1497636759311778,0.342604147258577,0.521,
A-60ml-f0.25-p-5.0-above-y0-x+0.0-y+0.0,A,pitch,60,0.25,-5,above,0,0,0,25,40.0,14.736568804805119,14.178240740740737,7.236568804805119,False,36.21,28.86,129087,78982,0,0,0,0,0,0,0,0,0,,9.285499999999857,19.60049999999967,5.240505870734237,6.366780703498051,9.567809944430628,43.1025161602819,43.1,99.20745144532629,4.302780589892141,78982,84.63822373145756,1.393534723998887,1.2022371475682347,8.23950444927004,9.074515887644047,6.284449299495165,46.53115748821665,0.2877512230973683,0.4173755922013094,4.902177246292824,1.005473752314054,0.30984937149828673,True,True,True,False,True,True,True,True,True,lift,False,0.031263586516395735,True,0.17312057847403614,0.2992439405118855,0.456,
A-60ml-f0.25-p-20.0-above-y0-x+0.0-y+0.0,A,pitch,60,0.25,-20,above,0,0,0,25,40.0,14.736568804805119,14.178240740740737,7.236568804805119,False,41.74,28.4,9184,0,0,0,1506,0,0,55,0,0,5814,1.0599999999999388,,,1.8378477802243516,11.743502733238707,66.47473615855928,69.10587114256579,43.1,1.2181830105421372,-0.20000386537359638,0,0.003126707927292058,190.50282633671685,19.96182412327055,127.25295020934152,-110.49049159665103,2.637053790370508,47.68439083854604,,1.4345419938336152,31.006289690412423,90.00033845676148,20.24592567947061,False,False,False,False,False,False,False,False,False,table,False,,False,,,0.0,
A-60ml-f0.25-p+0.0-above-y0-x+0.0-y+0.0,A,nominal,60,0.25,0,above,0,0,0,25,40.0,14.736568804805119,14.178240740740737,7.236568804805119,False,35.93,28.7,152282,81068,0,0,0,0,0,0,0,0,0,,9.283499999999854,19.60049999999967,0.3783175809970463,0.5664258574318665,9.567808480293607,43.1015228287675,43.1,99.1937201212076,4.494910442834329,81068,86.22356560470446,1.1134469393767694,0.4130283830928884,8.032530134963302,9.207604775312461,0.5544962020713138,48.33922563700471,0.2491265812385185,0.3903435430134575,0.3096312396199441,6.613302226726415e-06,-0.001533053476657558,True,True,True,True,True,True,True,True,True,,True,0.06564395920949691,True,0.17649213485610354,0.1942665661063303,0.299,
A-60ml-f0.25-p+5.0-above-y0-x+0.0-y+0.0,A,pitch,60,0.25,5,above,0,0,0,25,40.0,14.736568804805119,14.178240740740737,7.236568804805119,False,37.46,28.89,120257,78784,0,0,0,0,0,0,0,0,0,,8.699999999999141,19.60049999999967,3.001213844467339,4.356622884781079,9.567806179212171,43.09779772872162,43.1,99.18283799523789,5.361410567683703,78784,85.27310037093396,0.1860152032973862,1.1561869918094227,8.088333866054096,9.060556202385134,3.5162720670074035,47.40737279921582,1.0263791966113183,1.0756198137046216,4.38751990982562,1.1020524160607603,0.3395495695838606,True,True,True,False,True,True,True,False,True,lift,False,0.024173421449314687,True,0.1344576233383753,0.3226200392200816,0.491,
A-60ml-f0.25-p+10.0-above-y0-x+0.0-y+0.0,A,pitch,60,0.25,10,above,0,0,0,25,40.0,14.736568804805119,14.178240740740737,7.236568804805119,False,36.98,31.4,132156,91029,0,0,0,0,0,98,0,0,0,,8.858999999999336,19.60049999999967,6.289922510867993,8.97609661773809,9.567739640291464,43.09587292717345,43.1,99.16951977603178,4.996282909039987,91029,84.60534582757501,0.538711171908187,1.5482818646000593,8.121361827202845,8.797759776711683,8.27450486767147,45.89569464106644,0.4613959734092926,0.5574063143204989,26.397628751675455,1.1706354451251847e-05,-0.0015489775702766419,True,True,True,False,True,True,True,True,False,lift,False,0.033724149842394906,False,,,3.0,
A-60ml-f0.25-p+0.0-side-y0-x+0.0-y+0.0,A,approach,60,0.25,0,side,0,0,0,25,40.0,14.736568804805119,14.178240740740737,7.236568804805119,False,36.0,28.7,154318,81060,0,0,0,0,0,0,0,0,0,,9.283499999999854,19.60049999999967,0.3780931618768426,0.5658643032825514,9.567786369970486,43.101520025818054,43.1,99.19372331171226,4.493436005439929,81060,86.22692832895041,1.111357445454898,0.4123037219076643,8.032789007442945,9.207335424266855,0.553879571928108,48.33941937520219,0.2735704232776473,0.4102829003644668,0.3569984044929685,1.024528375501914e-05,-0.0015474070683402876,True,True,True,True,True,True,True,True,True,,True,0.06559202798675949,True,0.1540696843702513,0.1942805118481908,0.299,
A-60ml-f0.25-p+0.0-diagonal-y0-x+0.0-y+0.0,A,approach,60,0.25,0,diagonal,0,0,0,25,40.0,14.736568804805119,14.178240740740737,7.236568804805119,False,37.51,28.7,154363,81066,0,0,0,0,0,0,0,0,0,,9.283499999999854,19.60049999999967,0.37937267296199967,0.5679715095409203,6.765455111352632,43.101521966816144,43.1,99.19372109323498,4.4931682521863054,81066,86.22103664939627,1.1107606664407543,0.4136602559689648,8.032533718429042,9.207618881978533,0.5565407344193989,48.338583267840036,0.26178797233992995,0.40172001661783246,0.372155928453182,5.9764155237611605e-06,-0.0015424903349689687,True,True,True,True,True,True,True,True,True,,True,0.0655945221393114,True,0.1763319178439614,0.19426133154493622,0.299,
A-60ml-f0.25-p+0.0-above-y180-x+0.0-y+0.0,A,yaw,60,0.25,0,above,180,0,0,25,40.0,14.736568804805119,14.178240740740737,7.236568804805119,False,37.69,28.86,148894,81830,0,0,0,0,0,0,0,0,0,,9.286499999999858,19.89699999999898,0.3405074875584583,0.5241076224535453,9.567808478851289,43.101519487577036,43.1,99.19372188987936,4.60353778555278,81830,86.42951017219427,1.1075511905682491,0.3674281595241267,8.031591757450652,9.207692144126742,0.4721236519253948,48.36510581846175,0.30827861093426245,0.4549743394386783,0.201711626533124,1.8271553931657168e-05,-0.0015544697415679502,True,True,True,True,True,True,True,True,True,,True,0.06513997241700414,True,0.1822460780279172,0.30424820328042546,0.464,
A-60ml-f0.25-p+0.0-above-y270-x+0.0-y+0.0,A,yaw,60,0.25,0,above,270,0,0,25,40.0,14.736568804805119,14.178240740740737,7.236568804805119,False,36.48,28.7,151790,81076,0,0,0,0,0,0,0,0,0,,9.284499999999856,19.60049999999967,0.4347398682532058,0.6504007874112248,9.567808480333166,43.10152126277152,43.1,99.19371972452568,4.470619210006271,81076,85.96953151839001,1.133303640650664,0.4592233900911636,8.030854039366496,9.210326775641612,0.6491631039338204,48.30948186432143,0.23576121323955954,0.3866593847291972,0.26914647534017466,1.4080795695456232e-05,-0.0015082938757873833,True,True,True,True,True,True,True,True,True,,True,0.06478706031431575,True,0.17897625523671062,0.1942421895672693,0.299,
A-60ml-f0.25-p+0.0-above-y90-x+0.0-y+0.0,A,yaw,60,0.25,0,above,90,0,0,25,40.0,14.736568804805119,14.178240740740737,7.236568804805119,False,39.87,28.7,154496,81058,0,0,0,0,0,0,0,0,0,,9.286499999999858,19.92649999999891,0.32744777122911994,0.48769209643057665,9.567808481339902,43.10152175078931,43.1,99.1937192401397,4.602273240515389,81058,86.41145752073093,1.1079770998539094,0.36886453628964694,8.031740368813377,9.20758690987139,0.4783002767178488,48.36316524106214,0.2709745493185056,0.40577233611140145,0.34252012151200867,1.5177012312529227e-05,-0.0015509287769962022,True,True,True,True,True,True,True,True,True,,True,0.06510460157517624,True,0.1818254429593379,0.1942588160974309,0.299,
A-60ml-f0.25-p+20.0-above-y0-x+0.0-y+0.0,A,pitch,60,0.25,20,above,0,0,0,25,40.0,14.736568804805119,14.178240740740737,7.236568804805119,False,42.22,31.4,130341,91038,0,0,0,0,0,367,0,0,0,,9.284999999999856,19.60049999999967,11.116931626447489,17.21012421270131,9.56790327662832,43.09667806543402,43.1,99.13897430116747,4.191286357449295,91038,81.86096477198558,1.219621085705048,4.066058891852704,8.093129168533261,7.585780223205011,16.73225696298603,43.10212457193621,2.527793465272353,2.5458912035215517,40.581664808400376,2.1890340333618608,0.6830391069423204,True,True,True,False,True,True,True,False,False,lift,False,0.05265461687690172,False,,,3.0,
A-60ml-f0.25-p+0.0-above-y0-x+6.0-y+0.0,A,dx,60,0.25,0,above,0,6,0,25,40.0,14.736568804805119,14.178240740740737,7.236568804805119,False,34.1,28.7,89327,78289,0,0,0,0,0,0,0,0,0,,8.258999999998602,19.60049999999967,3.984994063516876,6.661219629773736,9.567808457920068,43.10159923036207,43.1,99.19357082516345,6.6334885585226235,78289,78.65079070823619,0.4328793562459654,9.100063975958333,9.36884547182307,8.859635732718072,6.5867512180910035,46.434977973283196,0.25596705502234995,0.40512956272010586,3.5267960606399815,0.09041956886066035,0.01968719820560642,True,True,True,False,True,True,True,True,True,lift,False,0.08956326754701342,True,0.19242546381886796,0.19586982002492634,0.301,
A-60ml-f0.25-p+0.0-above-y0-x+0.0-y+6.0,A,dy,60,0.25,0,above,0,0,6,25,40.0,14.736568804805119,14.178240740740737,7.236568804805119,False,29.85,28.71,112290,80617,0,0,0,0,0,0,0,0,0,,8.973999999999476,19.60049999999967,9.291118938776046,14.888503515208441,9.567808482758997,41.901786896109506,43.1,100.53214653258297,5.023441116963317,80617,85.61107628787552,0.47468523030859316,1.9529968401446913,7.333256784312242,9.959577708904183,1.7938096229162892,47.949705084798424,0.32251524576062535,0.4499856874302988,6.118071293810708,0.5241416189786822,0.15344209698383734,True,True,True,False,True,True,True,True,True,lift,False,0.0730560626341593,True,0.14662455127581445,0.20263094937152684,0.311,
A-60ml-f0.25-p+0.0-above-y0-x+3.0-y+0.0,A,dx,60,0.25,0,above,0,3,0,25,40.0,14.736568804805119,14.178240740740737,7.236568804805119,False,39.7,28.84,141626,77448,0,0,0,0,0,0,0,0,0,,8.308999999998663,19.60049999999967,2.7285092120386407,3.99833361291513,9.567808470336344,43.10149441224714,43.1,99.19353857079268,6.234258319260055,77448,83.47333950300276,0.8864995968572417,5.108737515123415,8.401800331241175,9.144632908840308,3.682337992203241,47.35499518625587,2.075782452153425,2.0993826309519075,2.6988031954666187,0.540294790191119,0.16084690703112903,True,True,True,True,True,True,True,False,True,recap,False,0.030842235603714106,True,0.17942428457294032,0.2875209578204374,0.439,
A-60ml-f0.25-p+0.0-above-y0-x+0.0-y+3.0,A,dy,60,0.25,0,above,0,0,3,25,40.0,14.736568804805119,14.178240740740737,7.236568804805119,False,34.58,28.86,116870,81687,0,0,0,0,0,0,0,0,0,,9.249999999999813,19.60049999999967,1.5759721064425185,2.001994656062722,9.567808482782846,42.598468184803004,43.1,99.773117277028,4.694557511980682,81687,85.94232273961448,0.3671576651400783,0.9929368822686689,7.5113266546166315,9.742956116140775,1.1317727875366947,48.15782803588303,0.27993891873314297,0.42203948207847775,2.910000341163276,0.1940232511581027,0.05253953502132212,True,True,True,True,True,True,True,True,True,,True,0.06266070513661581,True,0.1627064000130515,0.30095841000265294,0.459,
A-60ml-f0.25-p+0.0-above-y0-x+0.0-y-3.0,A,dy,60,0.25,0,above,0,0,-3,25,40.0,14.736568804805119,14.178240740740737,7.236568804805119,False,38.95,28.82,132314,81142,0,0,0,0,0,0,0,0,0,,8.57649999999899,19.60049999999967,1.1714479551866765,1.5533207545952352,9.567808482818691,42.612135994522156,43.1,99.73871118699596,5.43154470576479,81142,86.20555095208472,0.5110725175992366,1.1805894278410662,7.513107648428391,9.748845288110763,1.3663127264946715,48.084110010014086,0.6101686495420945,0.6856518675308971,3.104904465341903,0.07861341470293778,0.016130900739879776,True,True,True,True,True,True,True,True,True,,True,0.07696025384197623,True,0.1620049901824747,0.27258023399067655,0.416,
A-60ml-f0.25-p+0.0-above-y0-x+0.0-y-6.0,A,dy,60,0.25,0,above,0,0,-6,25,40.0,14.736568804805119,14.178240740740737,7.236568804805119,False,40.15,28.7,127764,79204,0,0,0,0,0,0,0,0,0,,8.799499999999263,19.60049999999967,2.531238626967842,3.3544598220883173,9.567808482795066,42.12814981023399,43.1,100.24871544856403,5.079926695188627,79204,84.82681295811766,0.7225945420561714,2.749183991781297,6.983037609982343,10.363387816619316,2.4925151404549526,47.729890129888076,-0.06806802874220148,0.3447587338090672,6.57496818267357,6.156649318399953e-06,-0.0015422658426283455,True,True,True,True,True,True,True,True,True,,True,0.0736686312061595,True,0.11561488718426836,0.19763152219353278,0.304,
A-60ml-f0.50-p-5.0-above-y0-x+0.0-y+0.0,A,pitch,60,0.5,-5,above,0,0,0,25,40.0,29.473137609610237,28.356481481481474,21.973137609610234,False,35.81,28.7,121730,78666,0,0,0,0,0,0,0,0,0,,9.273999999999843,19.60049999999967,5.13714480482739,6.252578726538263,9.567809943978725,43.10254948960046,43.1,99.20380459168565,4.49233519174154,78666,84.95770559959483,1.2532502163727341,0.8706813910540901,22.387295962645492,9.623723152925216,6.210652411185762,31.818050515475516,0.27828470059540195,0.4201717099886621,4.968282240682287,0.08889021533310588,0.018652344904667273,True,True,True,False,True,True,True,True,True,lift,False,0.04384288394186771,True,0.21061362899448474,0.1942253990084696,0.299,
A-60ml-f0.50-p+0.0-above-y0-x+0.0-y+0.0,A,nominal,60,0.5,0,above,0,0,0,25,40.0,29.473137609610237,28.356481481481474,21.973137609610234,False,35.58,28.7,153049,81062,0,0,0,0,0,0,0,0,0,,9.284499999999856,19.602999999999664,0.37389591007836775,0.5585563074049962,9.567808480987983,43.101545900454035,43.1,99.19029384470825,4.482827824919419,81062,86.2166535359799,1.1339095345306953,0.2719620197461649,22.166613131971598,9.80867849392951,0.5484782328232382,33.604547608166264,0.2564898471267107,0.39692956662838774,0.3589274354956581,5.7905745997743736e-06,-0.0015622190753212467,True,True,True,True,True,True,True,True,True,,True,0.06601719852818999,True,0.1457409586385467,0.19428407957786425,0.299,
A-60ml-f0.50-p+10.0-above-y0-x+0.0-y+0.0,A,pitch,60,0.5,10,above,0,0,0,25,40.0,29.473137609610237,28.356481481481474,21.973137609610234,False,32.13,31.4,132333,91003,0,0,0,0,0,51,0,0,0,,8.84599999999932,19.60049999999967,6.300221903469765,9.009464686743765,9.567739644926277,43.09592965134575,43.1,99.16662633288948,5.014311148546572,91003,84.64403775915686,0.5193619080204127,1.1097316331704117,22.24143866354597,9.470092843351457,8.292671423463316,31.153297669370108,0.4224274488740031,0.52589062491642,24.628679867755384,0.19756247840559338,0.05295061537552642,True,True,True,False,True,True,True,True,False,lift,False,0.033727414814031374,False,,,3.0,
A-60ml-f0.50-p+0.0-above-y0-x+6.0-y+0.0,A,dx,60,0.5,0,above,0,6,0,25,40.0,29.473137609610237,28.356481481481474,21.973137609610234,False,15.03,28.74,87926,78629,0,0,0,0,0,0,0,0,0,,8.258999999998602,19.60049999999967,3.985638250232474,6.676070870952044,9.567808462963415,43.101191310585875,43.1,99.19031456235665,6.5594172986452595,78629,78.5226706861573,0.36429086537380334,7.477470061686961,23.393703895289583,9.383828265329589,6.616133069824466,31.68905495930739,5.601445761937821,5.608655129494244,3.6093359061692816,0.26803546529635,0.07642784895195723,True,True,True,False,True,True,True,False,True,lift,False,0.10348834589619554,True,0.23188338973087547,0.22080644255730744,0.339,
A-60ml-f0.50-p+0.0-above-y0-x+0.0-y-6.0,A,dy,60,0.5,0,above,0,0,-6,25,40.0,29.473137609610237,28.356481481481474,21.973137609610234,False,18.28,29.04,114660,82494,0,0,0,0,0,0,0,0,0,,9.128999999999666,19.60049999999967,8.914268104379781,13.915011728464783,9.56780848292408,42.0244350810768,43.1,100.33874252227056,4.82708373818741,82494,84.87365043564853,0.16243761786717142,1.5744704885274676,21.640848884591957,10.379669122483449,1.9414634643034683,33.16670010974797,0.06818698350918623,0.3096792221414853,6.19917797867836,0.09712096813922083,0.021256778066860053,True,True,True,False,True,True,True,True,True,lift,False,0.07742155223135849,True,0.17255842690541132,0.4225850181770605,0.641,
A-60ml-f0.50-p+5.0-above-y0-x+0.0-y+0.0,A,pitch,60,0.5,5,above,0,0,0,25,40.0,29.473137609610237,28.356481481481474,21.973137609610234,False,26.0,28.9,117812,78794,0,0,0,0,0,0,0,0,0,,8.677999999999114,19.60049999999967,3.0274813495730957,4.368202967233126,9.567806168842951,43.09784883603197,43.1,99.17960335704223,5.41776495588002,78794,85.32147155743442,0.1557124460032841,0.7712325546501859,22.217291950511413,9.68980591631126,3.5406483689596957,32.66311683649733,1.1823424524952817,1.2263249943959613,4.7723420786216035,0.9198901341210662,0.2787105364323414,True,True,True,False,True,True,True,False,True,lift,False,0.02373139625878877,True,0.12447767316035872,0.3259607628604815,0.496,
A-60ml-f0.50-p+20.0-above-y0-x+0.0-y+0.0,A,pitch,60,0.5,20,above,0,0,0,25,40.0,29.473137609610237,28.356481481481474,21.973137609610234,False,26.17,31.4,122917,91030,0,0,0,0,0,433,0,0,0,,9.281999999999853,19.60049999999967,10.891617971648497,17.0724565375917,9.567873384710303,43.09612242506583,43.1,99.13694723718753,4.242415156072335,91030,81.96626619049395,1.1518390098282316,3.2273600832623957,22.188707097929168,8.44881878251491,16.656768335886174,28.391404333547857,2.704624151745666,2.7219975380929586,35.822605176205066,0.20662663519208496,0.05660242699365149,True,True,True,False,True,True,True,False,False,lift,False,0.051599693096188226,False,,,3.0,
A-60ml-f0.50-p+0.0-above-y0-x+0.0-y-3.0,A,dy,60,0.5,0,above,0,0,-3,25,40.0,29.473137609610237,28.356481481481474,21.973137609610234,False,27.44,28.82,124687,81452,0,0,0,0,0,0,0,0,0,,8.61749999999904,19.60049999999967,1.1162229469226037,1.377156080516043,9.567808482867521,42.72461011882922,43.1,99.57790405781739,5.314351233952102,81452,85.99082075581731,0.33584389943067927,0.9150280277189107,21.7522332797682,10.239698997277877,1.3563060599671055,33.35068666751963,0.19469706229688655,0.37099162782518913,3.1206830432982247,0.15149794043725562,0.03856558088133093,True,True,True,True,True,True,True,True,True,,True,0.07300365346387411,True,0.11366116841596452,0.2759490673461521,0.421,
A-60ml-f0.50-p+0.0-above-y90-x+0.0-y+0.0,A,yaw,60,0.5,0,above,90,0,0,25,40.0,29.473137609610237,28.356481481481474,21.973137609610234,False,27.58,28.7,153025,81020,0,0,0,0,0,0,0,0,0,,9.286499999999858,19.915999999998935,0.3450231453569624,0.5228539295160313,9.567808481020325,43.10154548702328,43.1,99.19029275869829,4.615441902757825,81020,86.33360599312657,1.1114289943824673,0.25586649523529076,22.165605082162948,9.809422271987097,0.5102827960186135,33.61654808339424,0.31317738627899616,0.4889440670316345,0.3734515409592826,0.00032495257561310226,-0.0015699565748069542,True,True,True,True,True,True,True,True,True,,True,0.06560335390533087,True,0.19511405930158532,0.19425386869120387,0.299,
A-60ml-f0.50-p+0.0-diagonal-y0-x+0.0-y+0.0,A,approach,60,0.5,0,diagonal,0,0,0,25,40.0,29.473137609610237,28.356481481481474,21.973137609610234,False,28.0,28.7,152926,81059,0,0,0,0,0,0,0,0,0,,9.284499999999856,19.60049999999967,0.37685035110070786,0.5634734136580495,6.765455112105675,43.10154513707973,43.1,99.19029470346705,4.482917676436424,81059,86.20793266099169,1.1316643585543524,0.27297076196882564,22.166834693177393,9.808480339713432,0.552885591260775,33.60316286776466,0.2537501196141129,0.3938926772076214,0.3815348257378511,8.144481502960801e-06,-0.0015619169855409234,True,True,True,True,True,True,True,True,True,,True,0.06605452159872127,True,0.16359932617525536,0.19426028717994032,0.299,
A-60ml-f0.50-p+0.0-side-y0-x+0.0-y+0.0,A,approach,60,0.5,0,side,0,0,0,25,40.0,29.473137609610237,28.356481481481474,21.973137609610234,False,28.17,28.7,153047,81065,0,0,0,0,0,0,0,0,0,,9.284499999999856,19.60049999999967,0.37687345852728105,0.5628753753363132,9.567786371980489,43.10154348202922,43.1,99.19029659675745,4.48234744661033,81065,86.2068914912196,1.1340361339162022,0.2729277501239532,22.16678803216868,9.808525393220274,0.5525032917550171,33.60328298187302,0.2554348070629751,0.3950315861044794,0.3732622396825653,1.0138000340489137e-05,-0.0015632507871723067,True,True,True,True,True,True,True,True,True,,True,0.06612014672005408,True,0.17632686586792964,0.19425565329945566,0.299,
A-60ml-f0.50-p+0.0-above-y0-x+0.0-y+6.0,A,dy,60,0.5,0,above,0,0,6,25,40.0,29.473137609610237,28.356481481481474,21.973137609610234,False,14.26,28.7,125115,81313,0,0,0,0,0,0,0,0,0,,8.692499999999132,19.60049999999967,9.119443248540819,14.217619161294152,9.567808482847488,41.734543457361795,43.1,100.32676705702873,5.283389189344567,81313,85.3399925130258,0.7310446625451488,2.1028136950941247,21.37329716423586,10.67426592049317,2.2514109127657473,33.06919652825153,0.24409085516279241,0.4155476113592823,6.5687690501245655,0.45398098751810034,0.13463714828074363,True,True,True,False,True,True,True,True,True,lift,False,0.07270987515895382,True,0.11941513505501025,0.19762848249338683,0.304,
A-60ml-f0.50-p+0.0-above-y0-x+0.0-y+3.0,A,dy,60,0.5,0,above,0,0,3,25,40.0,29.473137609610237,28.356481481481474,21.973137609610234,False,33.04,28.81,116103,81216,0,0,0,0,0,0,0,0,0,,9.299499999999874,19.60049999999967,1.2248997354411542,1.5214191128538963,9.567808482853406,42.76071122667767,43.1,99.54446559659387,4.237444481285769,81216,85.49965601870105,0.9619107948747805,0.6241169430837094,21.726142633350307,10.25653772923879,1.0276236436656496,33.45399028027924,0.07385958759485213,0.3143763489644258,3.012421666608082,0.11777721503251931,0.027723456349956203,True,True,True,True,True,True,True,True,True,,True,0.06810481278925627,True,0.23740587246332356,0.26587734664750756,0.406,
A-60ml-f0.50-p+0.0-above-y0-x+3.0-y+0.0,A,dx,60,0.5,0,above,0,3,0,25,40.0,29.473137609610237,28.356481481481474,21.973137609610234,False,36.53,28.84,138470,77446,0,0,0,0,0,0,0,0,0,,8.292999999998644,19.60049999999967,2.7240104643554592,3.997631912727466,9.567808469499749,43.10152346699577,43.1,99.19009866972989,6.2966672800331,77446,83.56247055284032,0.9243902720645168,4.207540856685763,22.500186497718627,9.7229933086206,3.672376924100008,32.62156866964975,1.8466275031948334,1.87183474175228,2.701308143780241,0.1973393957276576,0.05183529699199622,True,True,True,True,True,True,True,False,True,recap,False,0.029982200602446094,True,0.1808414103762189,0.2875164447689509,0.439,
A-60ml-f0.50-p+0.0-above-y270-x+0.0-y+0.0,A,yaw,60,0.5,0,above,270,0,0,25,40.0,29.473137609610237,28.356481481481474,21.973137609610234,False,36.68,28.7,150245,81022,0,0,0,0,0,0,0,0,0,,9.283499999999854,19.60049999999967,0.4441004439947347,0.6659541803706717,9.56780847889991,43.10154479854237,43.1,99.19029355280341,4.4799969435788265,81022,85.93609837645192,1.1302590138694384,0.3014270622554972,22.16592132745508,9.810052801194665,0.6646170649396663,33.56805741623408,0.24471371831872624,0.3905579610230015,0.37036577875457977,1.1197136397927998e-05,-0.001553536822747387,True,True,True,True,True,True,True,True,True,,True,0.06555564703786246,True,0.16309447882918507,0.19424720651356514,0.299,
A-60ml-f0.50-p+0.0-above-y180-x+0.0-y+0.0,A,yaw,60,0.5,0,above,180,0,0,25,40.0,29.473137609610237,28.356481481481474,21.973137609610234,False,37.85,28.7,151051,81006,0,0,0,0,0,0,0,0,0,,9.286499999999858,19.60049999999967,0.345608633879298,0.5172451700404213,9.567808479654675,43.10154317223999,43.1,99.19029537445309,4.614389396214266,81006,86.33289143692893,1.1094217996110725,0.2558697249722294,22.165701612331112,9.809327383391741,0.5108303704192674,33.61637604416256,0.25671675596634125,0.396789342233204,0.28884423148171684,3.3591409193784424e-05,-0.0015688547686464151,True,True,True,True,True,True,True,True,True,,True,0.06557866608601606,True,0.19067989061185067,0.19426351926051938,0.299,
A-60ml-f0.50-p-10.0-above-y0-x+0.0-y+0.0,A,pitch,60,0.5,-10,above,0,0,0,25,40.0,29.473137609610237,28.356481481481474,21.973137609610234,False,40.47,28.4,69834,26713,8957,0,1870,0,0,23334,0,0,0,1.4149999999998997,7.224999999998715,,48.020089306218466,25.176194712194476,9.566723086384586,47.48013611504456,43.1,94.83969456833883,4.497470262343331,26713,106.12406361779391,5.711711148303857,7.973962209925208,80.41193160392655,-42.23795452125831,21.85962474315627,26.55563867708249,,1540.3104244909835,36.772710744980856,2.0553450224284284,0.640693081487398,False,True,True,False,True,False,False,False,False,table,False,0.2291094929522025,False,,,0.0,
A-60ml-f0.80-p-20.0-above-y0-x+0.0-y+0.0,A,pitch,60,0.8,-20,above,0,0,0,25,40.0,47.15702017537638,45.37037037037036,39.65702017537638,False,25.1,28.4,9080,0,0,0,1507,0,0,52,0,0,6273,1.0599999999999388,,,2.187005203495991,14.567024827909425,66.49348989485519,69.09818906084912,43.1,1.661823286418256,-0.20007513925156262,0,0.004942496604261329,195.90529585289093,18.454849756046187,153.81148512185956,-104.96629373150137,3.116163899631671,15.11304165989882,,0.20046673263721773,12.701856440538206,0.7236301201104296,0.20536332634037552,False,False,False,False,False,False,False,False,False,table,False,,False,,,0.0,
A-60ml-f0.80-p+0.0-side-y0-x+0.0-y+0.0,A,approach,60,0.8,0,side,0,0,0,25,40.0,47.15702017537638,45.37037037037036,39.65702017537638,False,19.5,28.7,146315,81012,0,0,0,0,0,0,0,0,0,,9.281999999999853,19.60049999999967,0.3715369839447929,0.5636499804495392,9.567786367128967,43.10153036738412,43.1,99.18623834091721,4.5285320825839,81012,86.23069392416343,1.1149229697470835,0.09696995808980707,39.81471706614244,9.842780456201295,0.5543415212846635,15.918822865386092,0.24384431591187647,0.3877238184402261,0.34126635111859444,1.7517970596881582e-05,-0.001543641831711775,True,True,True,True,True,True,True,True,True,,True,0.06626107943047707,True,0.19644584977592344,0.19424339992007778,0.299,
A-60ml-f0.80-p-10.0-above-y0-x+0.0-y+0.0,A,pitch,60,0.8,-10,above,0,0,0,25,40.0,47.15702017537638,45.37037037037036,39.65702017537638,False,23.02,28.4,20690,1866,0,0,1023,0,0,5759,0,0,6247,1.4149999999998997,,,123.12668069452862,90.31939214765386,25.747955361561026,47.48010775829033,43.1,94.83509513005241,1.457787707190461,1866,0.004073850609203567,241.93967215620623,139.41650426279833,-89.43664615863428,-136.11781303930513,90.00010632494902,9699752.992255285,,1.2339256603079114,96.52268252764887,90.00020979225752,20.013831258029935,False,False,True,False,False,False,False,False,False,table,False,,False,,,0.0,
A-60ml-f0.50-p-20.0-above-y0-x+0.0-y+0.0,A,pitch,60,0.5,-20,above,0,0,0,25,40.0,29.473137609610237,28.356481481481474,21.973137609610234,False,50.18,28.4,8650,0,0,0,1507,0,0,53,0,0,5749,1.0599999999999388,,,2.384106501157403,15.61096009446366,66.36114448562374,69.10189981417952,43.1,1.8943949752279974,-0.19927209862286022,0,0.0031947364665086226,195.94096593715085,21.573626220765252,142.7765629172697,-112.05113705486222,4.962926849369339,32.213801806268506,,0.18508128797498566,11.499289252985152,16.992110034088753,5.2558211501582885,False,False,False,False,False,False,False,False,False,table,False,,False,,,0.0,
A-60ml-f0.50-p+0.0-above-y0-x-3.0-y+0.0,A,dx,60,0.5,0,above,0,-3,0,25,40.0,29.473137609610237,28.356481481481474,21.973137609610234,False,54.17,28.4,38252,1557,0,0,0,0,0,45213,0,0,0,,,,46.7147807273498,44.555988513659216,9.567583322677237,42.83439284241137,43.1,96.45701508962419,-0.19896505002264808,1557,0.004089751425535804,123.33222929886064,38.94069331578382,47.6937433001339,-0.8746075504539041,26.883618724693633,24.651411156509248,,0.7026077255977776,34.88949210978383,90.00008241229158,20.13002471002639,True,True,True,False,False,False,False,False,False,lift,False,,False,,,0.0,
A-60ml-f0.80-p-5.0-above-y0-x+0.0-y+0.0,A,pitch,60,0.8,-5,above,0,0,0,25,40.0,47.15702017537638,45.37037037037036,39.65702017537638,False,30.45,28.7,116005,78648,0,0,0,0,0,0,0,0,0,,9.274999999999844,19.60049999999967,5.1466636526280904,6.233627847654861,9.567809949067245,43.102019753211565,43.1,99.19996620683733,4.496714818912367,78648,85.04938205087369,1.301290262472575,0.4937425329853744,40.04771545672696,9.606824357809657,6.154660819003304,14.151964651683368,0.278267874983482,0.4201011243558031,5.11017051125456,0.6833368144358193,0.19705592295446503,True,True,True,False,True,True,True,True,True,lift,False,0.048300047173837526,True,0.19513162183375612,0.19423714135713355,0.299,
A-60ml-f0.80-p+10.0-above-y0-x+0.0-y+0.0,A,pitch,60,0.8,10,above,0,0,0,25,40.0,47.15702017537638,45.37037037037036,39.65702017537638,False,29.09,31.4,130009,90991,0,0,0,0,0,50,0,0,0,,8.832999999999304,19.60049999999967,6.269057035018408,9.001100984789066,9.567739643728707,43.09593860703883,43.1,99.16326836688351,5.040999555904369,90991,84.71048857424505,0.48815103081883554,0.5884113861029805,39.86707874067206,9.602252118182747,8.311036894252709,13.463522573514632,0.4048491964265867,0.5142239689718081,21.715180562453302,6.9360898910140305e-06,-0.0015473362962421479,True,True,True,False,True,True,True,True,False,lift,False,0.031556178179611816,False,,,3.0,
A-60ml-f0.80-p+5.0-above-y0-x+0.0-y+0.0,A,pitch,60,0.8,5,above,0,0,0,25,40.0,47.15702017537638,45.37037037037036,39.65702017537638,False,29.58,28.9,112495,78756,0,0,0,0,0,0,0,0,0,,8.679999999999117,19.60049999999967,3.0102910362754027,4.326314674829943,9.567806183180767,43.0970539733743,43.1,99.17662775821235,5.414729459018039,78756,85.30066758149543,0.16399343928560414,0.3202613757575484,39.85323304135855,9.765056741036338,3.556805407069029,14.974138865524186,1.2087705544241407,1.2525335605715247,7.496716602585273,1.897460703440085,0.5883384262767647,True,True,True,False,True,True,True,False,True,lift,False,0.02324600090603668,True,0.10819109551443241,0.3293054874439883,0.501,
A-60ml-f0.80-p+0.0-above-y0-x+0.0-y+0.0,A,nominal,60,0.8,0,above,0,0,0,25,40.0,47.15702017537638,45.37037037037036,39.65702017537638,False,30.49,28.7,147252,81014,0,0,0,0,0,0,0,0,0,,9.281499999999852,19.60049999999967,0.3716027732330676,0.5665085392199428,9.567808479568729,43.10153244172266,43.1,99.18623602314928,4.533303664669141,81014,86.23086852062477,1.1087886083473988,0.0965001937421814,39.81533786732669,9.842155182512052,0.5568238511114254,15.918042945140025,0.24162752755137726,0.38618806469871736,0.3380082370655687,1.3660378340025536e-05,-0.0015405494922782572,True,True,True,True,True,True,True,True,True,,True,0.06609997895848188,True,0.20680981196050277,0.19421845093405124,0.299,
A-60ml-f0.80-p+20.0-above-y0-x+0.0-y+0.0,A,pitch,60,0.8,20,above,0,0,0,25,40.0,47.15702017537638,45.37037037037036,39.65702017537638,False,32.19,31.4,120871,91020,0,0,0,0,0,464,0,0,0,,9.264499999999831,19.60049999999967,11.057631317233234,17.181679400040903,9.567947385813055,43.09640804432425,43.1,99.13338177143471,4.499485696836031,91020,82.46639960608674,0.9449160478000901,2.164965196372283,39.840981418396744,8.768427852161642,16.833986395483475,10.6468069208086,-0.19881076251873803,0.3024598939348996,39.140376278089235,0.1688341951003727,0.044246446824788344,True,True,True,False,True,True,True,True,False,lift,False,0.04828490773789656,False,,,3.0,
A-60ml-f0.80-p+0.0-above-y0-x-6.0-y+0.0,A,dx,60,0.8,0,above,0,-6,0,25,40.0,47.15702017537638,45.37037037037036,39.65702017537638,False,20.76,28.4,6826,400,0,0,0,0,0,4722,0,0,6275,,,,104.43256762042944,87.47559061741202,9.56762926946366,41.256074781644315,43.1,99.56684739735105,0.2398688095291146,400,0.004073850610243893,270.64445773618866,140.8910166619147,-24.03063015749656,-136.31423141222444,90.00010418991737,9898517.381640896,,0.013019469584712251,38.78987226273511,90.00020383341477,20.068246387855922,True,False,True,False,False,False,False,False,False,rig_clear,False,,False,,,0.0,
A-60ml-f0.80-p+0.0-above-y270-x+0.0-y+0.0,A,yaw,60,0.8,0,above,270,0,0,25,40.0,47.15702017537638,45.37037037037036,39.65702017537638,False,31.54,28.87,145787,81771,0,0,0,0,0,0,0,0,0,,9.280999999999851,19.60049999999967,0.45273992252989825,0.6813716509279847,9.567808478935534,43.1015308712241,43.1,99.18623671740379,4.51689751650064,81771,85.94345126513558,1.1059560747174688,0.09678820653481006,39.81310698690634,9.844369931824081,0.6751312771111065,15.88087126173545,0.15436814286611839,0.34230282753756,0.38253468396594237,1.6154155476968805e-05,-0.0015348827499847935,True,True,True,True,True,True,True,True,True,,True,0.0653936742820908,True,0.16679867476086654,0.3076071554397312,0.469,
A-60ml-f0.80-p+0.0-above-y0-x-3.0-y+0.0,A,dx,60,0.8,0,above,0,-3,0,25,40.0,47.15702017537638,45.37037037037036,39.65702017537638,False,29.41,28.4,3557,0,0,0,0,0,0,104413,0,0,4332,,,,6.6937816706510365,0.7931024679826593,21.7043761866877,43.10155468298809,43.1,59.551630974955316,-0.20008002711789652,0,0.005816106977618453,140.38222323665164,38.75022036013483,82.83913653917004,-32.33199669271336,1.2463413363343787,15.70136837616257,,0.20008234491030163,37.08050665591619,0.18915492903232003,0.05018650281175196,True,False,True,False,False,False,False,False,False,rig_clear,False,,False,,,0.0,
A-60ml-f0.25-p+0.0-above-y0-x-3.0-y+0.0,A,dx,60,0.25,0,above,0,-3,0,25,40.0,14.736568804805119,14.178240740740737,7.236568804805119,False,73.83,28.4,45201,2135,0,0,0,0,0,50227,0,0,0,,,,46.30382549008606,44.55040469444198,9.56738902963037,42.801950750480586,43.1,96.04816572574794,-0.19603543028925974,2135,0.005117391751001972,123.45965040228502,43.55998632776865,34.99166409725382,-0.8029370846303341,25.65248691099186,39.868992851079554,,0.4505843890630614,35.383652187045584,90.00032881700778,20.025092735091977,True,True,True,False,False,False,False,False,False,lift,False,,False,,,0.0,
A-60ml-f0.80-p+0.0-diagonal-y0-x+0.0-y+0.0,A,approach,60,0.8,0,diagonal,0,0,0,25,40.0,47.15702017537638,45.37037037037036,39.65702017537638,False,41.93,28.92,145342,82086,0,0,0,0,0,0,0,0,0,,9.281999999999853,19.60049999999967,0.3750913171676168,0.5709951125099615,6.765455110149123,43.101531718173504,43.1,99.18623681338188,4.531214302802983,82086,86.21873861819158,1.1099322043472963,0.0966066740150358,39.81490869891998,9.842585418231547,0.5613875577857553,15.916609077870111,0.25251339620596075,0.398589861870418,0.2877888891844661,1.1390761175093017e-05,-0.0015375421775784288,True,True,True,True,True,True,True,True,True,,True,0.06621957418058357,True,0.18499496109418204,0.34424453905815444,0.523,
A-60ml-f0.80-p+0.0-above-y0-x+3.0-y+0.0,A,dx,60,0.8,0,above,0,3,0,25,40.0,47.15702017537638,45.37037037037036,39.65702017537638,False,26.44,29.84,138003,82191,0,0,0,0,0,0,0,0,0,,8.298999999998651,19.60049999999967,2.6735627819448697,3.958643561243968,9.567808465508373,43.101200794793606,43.1,99.18625873133874,6.278080344547909,82191,83.56717897184315,0.8992770388992865,3.0598733363099515,40.113949612546364,9.718575080997244,3.651677874090204,14.944215539101657,2.8599713744076034,2.8766622500650296,2.5512424368891375,0.2096815578418543,0.057030006411877124,True,True,True,True,True,True,True,False,True,recap,False,0.028387807330420445,True,0.14773992504366174,0.9559254801374151,1.441,
A-60ml-f0.80-p+0.0-above-y0-x+6.0-y+0.0,A,dx,60,0.8,0,above,0,6,0,25,40.0,47.15702017537638,45.37037037037036,39.65702017537638,False,28.86,28.84,87675,79124,0,0,0,0,0,0,0,0,0,,8.112999999998424,19.95199999999885,3.9058282911886275,6.6310330733560265,9.567808460998805,43.10110899822189,43.1,99.1862643814396,6.892546287318585,79124,79.02835917416783,0.6536427823903285,5.369067004875276,40.907750107563146,9.296047801352486,6.437091748978834,14.062156141685954,5.649212178329734,5.658649455655897,3.284400612956131,0.058048312046269646,0.009197387215238387,True,True,True,False,True,True,True,False,True,lift,False,0.11181906170571632,True,0.3223371469372656,0.28739204998798923,0.439,
A-60ml-f0.80-p+0.0-above-y90-x+0.0-y+0.0,A,yaw,60,0.8,0,above,90,0,0,25,40.0,47.15702017537638,45.37037037037036,39.65702017537638,False,42.07,28.7,147183,80947,0,0,0,0,0,0,0,0,0,,9.281999999999853,19.60049999999967,0.3575089463369887,0.5415848589066228,9.567808478857145,43.10153299852613,43.1,99.18623461631417,4.6680521734303175,80947,86.32474231591115,1.0772200150017723,0.0959018376291656,39.812331708780206,9.845154557928726,0.534378520952072,15.925094993115136,0.24192935852313666,0.38578998308341667,0.33509298695518475,1.0316186218701491e-05,-0.0015364848663091146,True,True,True,True,True,True,True,True,True,,True,0.06546395484920793,True,0.1874648285454821,0.1942272044321873,0.299,
A-60ml-f0.80-p+0.0-above-y180-x+0.0-y+0.0,A,yaw,60,0.8,0,above,180,0,0,25,40.0,47.15702017537638,45.37037037037036,39.65702017537638,False,42.23,28.7,147916,80962,0,0,0,0,0,0,0,0,0,,9.282999999999854,19.60049999999967,0.3636222228394466,0.5510831215616774,9.567808479796208,43.10153031810242,43.1,99.18623729471545,4.6572272319500705,80962,86.29261890395998,1.0853290861238252,0.09596459989215597,39.811893907672165,9.8455934661959,0.5440352098482176,15.922060986117517,0.22308034342780925,0.3784708797540916,0.31325037341127,1.9014441926092368e-05,-0.0015349445527365942,True,True,True,True,True,True,True,True,True,,True,0.06549282765017245,True,0.1924755404045728,0.1942555032060386,0.299,
A-100ml-f0.25-p-20.0-above-y0-x+0.0-y+0.0,A,pitch,100,0.25,-20,above,0,0,0,28,47.4252440598675,17.11302445521971,23.854068355803715,-5.697852433223887,False,25.58,28.4,31021,808,0,0,2233,0,0,38,0,0,6115,1.2624999999999165,,,105.72030730414316,91.18809545414426,11.680587144343905,70.42564226376597,58.874954642185315,87.68452493652337,0.8421057175952013,808,0.00428806603891609,319.81984988581667,128.64620165292683,-67.22688461373032,-118.44958775476074,90.00001217048153,101518877.3227877,,0.007909074995786216,82.90566410846293,90.00001207169706,23.711449292501094,False,False,False,False,False,False,False,False,False,table,False,,False,,,0.0,
A-60ml-f0.25-p+0.0-above-y0-x-6.0-y+0.0,A,dx,60,0.25,0,above,0,-6,0,25,40.0,14.736568804805119,14.178240740740737,7.236568804805119,False,84.35,28.4,46446,2997,0,0,0,0,0,57630,0,0,0,,,,47.622471242612555,47.448796976088936,9.56754195307806,41.38696525052285,43.1,99.44358849253733,-1.9247881610718054,2997,0.8922388008218128,122.08844083196163,45.58080681007878,33.75065014808552,4.380778738852106,30.48991858712229,37.91488655230735,,1.6662876371705406,31.28173664292141,90.00064388579831,19.999508831050523,True,True,True,False,False,False,False,False,False,lift,False,,False,,,0.0,
A-60ml-f0.80-p+0.0-above-y0-x+0.0-y+6.0,A,dy,60,0.8,0,above,0,0,6,25,40.0,47.15702017537638,45.37037037037036,39.65702017537638,False,27.5,28.81,116705,81194,0,0,0,0,0,0,0,0,0,,8.46999999999886,19.60049999999967,10.584715149759827,17.125026067484384,9.567808482911534,41.803521126203485,43.1,100.32079221091394,5.733479482929835,81194,86.5353303941871,0.7284109633199671,0.32731715904679987,39.37669502051551,10.285046720608593,1.278327707308845,15.69131468177705,0.7157623383625779,0.7809106364668689,5.97722555632682,0.022530677055255834,-0.002223257403443171,True,True,True,False,True,True,True,True,True,lift,False,0.07740077853107936,True,0.12727319730888423,0.2709584181415014,0.414,
A-60ml-f0.80-p+0.0-above-y0-x+0.0-y-3.0,A,dy,60,0.8,0,above,0,0,-3,25,40.0,47.15702017537638,45.37037037037036,39.65702017537638,False,30.91,28.94,109468,78380,0,0,0,0,0,0,0,0,0,,8.61649999999904,19.60049999999967,4.243261648347988,6.202208374078961,9.56780847956204,42.582940166830824,43.1,99.66183539211427,5.53509195991192,78380,84.87644170134301,0.4305597197563965,0.6755458398945194,39.50074108588551,10.173681481470382,2.007349034325871,15.46209438073109,-0.16756464245042704,0.38108525875522553,3.3046802178835426,1.0966921055636708e-05,-0.0015453575498915143,True,True,True,False,True,True,True,True,True,lift,False,0.0376864073364251,True,0.11001601741474738,0.3576349680902783,0.543,
A-60ml-f0.80-p+0.0-above-y0-x+0.0-y+3.0,A,dy,60,0.8,0,above,0,0,3,25,40.0,47.15702017537638,45.37037037037036,39.65702017537638,False,29.69,28.92,111794,79469,0,0,0,0,0,0,0,0,0,,8.795499999999258,19.60049999999967,2.9635909072490607,4.383792219038309,9.567808482947997,42.57909733770015,43.1,99.7700185725786,5.069097861164121,79469,85.33624215822726,0.25715135624452734,0.6997828168763953,39.3172292939973,10.35593790387762,1.6966866099424807,15.55979414356723,0.1700571652541868,0.3509906018136284,3.2304805112455535,1.935638736085189e-05,-0.0015444466408616035,True,True,True,True,True,True,True,True,True,,True,0.04480090248594487,True,0.15938163096549815,0.3392651425873327,0.516,
A-100ml-f0.25-p-10.0-above-y0-x+0.0-y+0.0,A,pitch,100,0.25,-10,above,0,0,0,28,47.4252440598675,17.11302445521971,23.854068355803715,-5.697852433223887,False,29.82,28.7,122698,78603,0,0,0,0,0,0,0,0,0,,9.291999999999865,19.60049999999967,13.420421916829705,12.11782980123749,9.567811088819656,58.87866690505646,58.874954642185315,99.2126170491965,4.793826010963453,78603,83.19985887418594,1.5929182694267772,2.2831397502587585,24.59633903906544,-3.942062222042533,12.068137263543951,54.51987473386511,0.23448245830207454,0.3762069389872734,13.176654560836509,0.19791500231065798,0.06585283865709306,True,True,True,False,True,True,False,True,False,lift,False,0.03756153856285854,True,0.25913049111131836,0.1958102579178404,0.301,
A-100ml-f0.25-p+0.0-above-y0-x+0.0-y+0.0,A,nominal,100,0.25,0,above,0,0,0,28,47.4252440598675,17.11302445521971,23.854068355803715,-5.697852433223887,False,27.43,28.89,138387,81868,0,0,0,0,0,0,0,0,0,,9.305499999999881,19.60049999999967,0.9634407367032549,1.079964194501354,9.567808375963757,58.87596951373635,58.874954642185315,99.18463062962755,4.6914257691474806,81868,84.70239129690562,1.3301442264502399,0.598013056917873,23.755917286941877,-3.6670869515170734,1.064129865385142,58.72973208790242,0.3246682675502006,0.4746775798023944,0.27519912259658896,7.491833340751661e-06,-0.0015427932438540084,True,True,True,True,True,True,False,True,True,reach_liquid,False,0.05834933706903021,True,0.12255224499931919,0.3242905310660156,0.494,
A-100ml-f0.25-p+5.0-above-y0-x+0.0-y+0.0,A,pitch,100,0.25,5,above,0,0,0,28,47.4252440598675,17.11302445521971,23.854068355803715,-5.697852433223887,False,21.19,31.4,127114,90990,0,0,0,0,0,0,0,0,0,,9.069499999999593,19.60049999999967,4.433049758092629,4.494268696652488,9.56774348476419,58.87060802286254,58.874954642185315,99.17910915667262,5.440428009523213,90990,84.90404113779695,0.15925289768296802,1.1831479321478573,23.813049250487033,-3.798853496584348,3.366940560883833,57.86162049433553,1.2577948301170525,1.3005882698118605,4.677956351473851,0.6629109658039661,0.24347715082619778,True,True,True,False,True,True,False,False,True,lift,False,0.01728609354592955,False,,,3.0,
A-100ml-f0.25-p-5.0-above-y0-x+0.0-y+0.0,A,pitch,100,0.25,-5,above,0,0,0,28,47.4252440598675,17.11302445521971,23.854068355803715,-5.697852433223887,False,34.33,31.4,138363,91936,0,0,0,0,0,0,0,0,0,,9.299999999999875,19.60049999999967,6.930746709218542,6.540894108876312,9.56774761794607,58.87657046580517,58.874954642185315,99.19875476912468,4.630940513296614,91936,84.27204486363487,1.1528560975040794,1.2420707843799894,24.043024917136957,-3.801099118901849,6.457424878912405,56.68958882798387,0.11963179515705495,0.36750858519205476,6.517596115473456,0.009244966230469819,-0.0021101765339844136,True,True,True,False,True,True,False,True,True,lift,False,0.04369154446813246,False,,,3.0,
A-60ml-f0.80-p+0.0-above-y0-x+0.0-y-6.0,A,dy,60,0.8,0,above,0,0,-6,25,40.0,47.15702017537638,45.37037037037036,39.65702017537638,False,46.02,28.4,55756,31143,9192,0,0,0,0,24773,0,0,0,,7.39649999999862,,54.593601538226736,35.437349504960935,9.567853182156965,41.80318682585139,43.1,100.23893639910301,11.53389511920093,31143,101.4846593627344,8.400863364494045,12.57683117179549,93.39325415052157,-44.073271540166324,27.06045844181574,6.897584234494002,,255.31772388926487,34.409237679763834,0.2518084864137132,0.06836600400970944,True,True,True,False,True,False,False,False,False,lift,False,0.5825994860465681,False,,,0.0,
A-100ml-f0.25-p+0.0-above-y0-x-3.0-y+0.0,A,dx,100,0.25,0,above,0,-3,0,28,47.4252440598675,17.11302445521971,23.854068355803715,-5.697852433223887,False,16.58,28.4,7347,93,0,0,0,0,0,1918,0,0,6120,,,,100.14817695715651,104.88179522261666,9.567746070919508,58.87661733352148,58.874954642185315,98.02412181556281,0.19152132453632842,93,0.004288066038887852,317.4154921947619,117.33399463061664,-16.614479676876364,-117.32209350482414,90.00001211992775,101942325.42862314,,0.005983903372438308,18.598100936827898,90.00001208892176,23.711503634327148,True,False,True,False,False,False,False,False,False,rig_clear,False,,False,,,0.0,
A-60ml-f0.50-p+0.0-above-y0-x-6.0-y+0.0,A,dx,60,0.5,0,above,0,-6,0,25,40.0,29.473137609610237,28.356481481481474,21.973137609610234,False,102.11,28.4,46411,2753,0,0,0,0,0,56801,0,0,0,,,,47.52028050568171,46.27817599725236,9.567746051846168,41.30499621271261,43.1,99.52613655305629,-2.193476016188467,2753,0.8593810700555525,122.77545413366755,39.65650966634235,46.1904118504454,1.8474487820018397,29.854993530912505,23.44520921911084,,2.0943107548404103,106.50096259267299,90.00189132389532,20.167908227488457,True,True,True,False,False,False,False,False,False,lift,False,,False,,,0.0,
A-100ml-f0.25-p+0.0-above-y0-x-6.0-y+0.0,A,dx,100,0.25,0,above,0,-6,0,28,47.4252440598675,17.11302445521971,23.854068355803715,-5.697852433223887,False,20.47,28.4,7396,673,0,0,0,0,0,5186,0,0,6116,,,,107.84053145547139,76.29072172022664,9.567598027678606,57.217584005572895,58.874954642185315,99.72133804085952,0.2502381147460736,673,0.004288066038306512,274.0548162280759,117.38847934860284,-67.31660306736538,-117.31904497149775,90.00001212511484,101898714.81152096,,0.0050470879747992695,61.50998911561137,90.00001208651848,23.711449303138675,True,False,True,False,False,False,False,False,False,rig_clear,False,,False,,,0.0,
A-100ml-f0.25-p+0.0-above-y90-x+0.0-y+0.0,A,yaw,100,0.25,0,above,90,0,0,28,47.4252440598675,17.11302445521971,23.854068355803715,-5.697852433223887,False,28.08,31.4,150223,93841,0,0,0,0,0,0,0,0,0,,9.310499999999887,19.60049999999967,0.9971015705923618,1.1126618089335818,9.567746070014566,58.875970181174104,58.874954642185315,99.18462857960425,4.612865157840609,93841,84.49395164707596,1.4655112005510151,0.6190770495872606,23.75194006347019,-3.662331209721412,1.0964464402072551,58.7175649400686,0.5142063654639131,0.6109053363125079,0.153155145636916,2.1293053117836167e-05,-0.0015434602379972289,True,True,True,True,True,True,False,True,True,reach_liquid,False,0.05810786812690197,False,,,3.0,
A-100ml-f0.25-p+0.0-above-y0-x+0.0-y+6.0,A,dy,100,0.25,0,above,0,0,6,28,47.4252440598675,17.11302445521971,23.854068355803715,-5.697852433223887,False,16.38,28.7,106743,79470,0,0,0,0,0,0,0,0,0,,9.273999999999843,19.60049999999967,5.650088770552478,5.574615887513879,9.567808379478086,56.96407268923158,58.874954642185315,101.35073036309817,5.028890128753835,79470,84.55501941697695,1.365700094050982,3.313732542104874,22.057933721706295,-1.8067082815091118,2.9661032822663778,58.01294390059593,-0.022773747334513095,0.3495911270801315,6.883148922416727,0.4366056847079068,0.15171104955171733,True,True,True,False,True,True,False,True,True,lift,False,0.0558676727682597,True,0.1639563952562215,0.1942231977397149,0.299,
A-100ml-f0.25-p+20.0-above-y0-x+0.0-y+0.0,A,pitch,100,0.25,20,above,0,0,0,28,47.4252440598675,17.11302445521971,23.854068355803715,-5.697852433223887,False,34.49,28.7,108639,78233,0,0,0,0,0,0,0,0,0,,9.293499999999867,19.60049999999967,15.089780250494103,16.809971936133568,9.56779687515645,58.87031278207945,58.874954642185315,99.12655304483116,4.603531493594298,78233,81.13368859295612,1.193906205540233,4.55692658818222,24.249177556570352,-5.2795134385796025,16.23174538836085,52.852365638117526,-0.10763817570331852,0.2528806307481107,11.810841674539224,0.3506764132225389,0.11708597356549381,True,True,True,False,True,True,False,True,False,lift,False,0.03792442620684364,True,0.3843661034472682,0.1957280961709049,0.301,
A-100ml-f0.25-p+0.0-above-y270-x+0.0-y+0.0,A,yaw,100,0.25,0,above,270,0,0,28,47.4252440598675,17.11302445521971,23.854068355803715,-5.697852433223887,False,30.86,28.89,139662,81806,0,0,0,0,0,0,0,0,0,,9.308499999999885,19.60049999999967,0.9500366745177732,1.0471431678623064,9.567808373413117,58.8759708404537,58.874954642185315,99.18462781401186,4.580563710354965,81806,85.13061792110565,0.9898486932881231,0.6041405739329181,23.753941929533283,-3.6653045744290265,1.0379803057606156,58.73957717567381,0.6270518723737614,0.7159355748123681,0.3979365992399475,9.919953340089628e-06,-0.0015434989390042226,True,True,True,True,True,True,False,True,True,reach_liquid,False,0.058120205279042346,True,0.12576426373247643,0.32261264807265755,0.491,
A-100ml-f0.25-p+0.0-above-y0-x+3.0-y+0.0,A,dx,100,0.25,0,above,0,3,0,28,47.4252440598675,17.11302445521971,23.854068355803715,-5.697852433223887,False,25.37,28.71,134510,76766,0,0,0,0,0,0,0,0,0,,8.78099999999924,19.60049999999967,4.0037094299339175,4.171431963104509,9.56780833930719,58.87491647397829,58.874954642185315,99.18493765224815,5.8217647718547125,76766,82.35531354190289,0.5403127053085215,5.2839927591468605,24.130359688925054,-3.67571405885371,3.99048080888765,57.625969416251884,-0.017001562855835838,0.3234657634476747,3.596845370131404,0.09743820146463823,0.027666682981212814,True,True,True,False,True,True,False,True,True,lift,False,0.02267155660521476,True,0.23330946765573557,0.1991060258042825,0.306,
A-100ml-f0.25-p+10.0-above-y0-x+0.0-y+0.0,A,pitch,100,0.25,10,above,0,0,0,28,47.4252440598675,17.11302445521971,23.854068355803715,-5.697852433223887,False,37.15,31.4,130189,91033,0,0,0,0,0,24,0,0,0,,9.272499999999841,19.60049999999967,8.437780811426597,8.835643813571654,9.567739592877308,58.86985549996606,58.874954642185315,99.15949710181108,5.016920674980968,91033,84.01811622047175,0.5323971464870068,1.8838982521189782,23.84535360356481,-3.9925798840839133,7.956047177275077,56.11650741260041,0.21804152448118644,0.36793680795907585,18.747813266750594,0.7756280311780376,0.2834818391890877,True,True,True,False,True,True,False,True,False,lift,False,0.021486637215892505,False,,,3.0,
A-100ml-f0.50-p-20.0-above-y0-x+0.0-y+0.0,A,pitch,100,0.5,-20,above,0,0,0,28,47.4252440598675,34.22604891043942,47.70813671160743,11.415172021995819,False,15.42,28.4,27816,804,0,0,2233,0,0,48,0,0,6046,1.2624999999999165,,,255.70754832808757,90.96525130608904,11.680587144343898,70.42569763113781,58.874954642185315,87.6780333408866,0.6733253332887601,804,0.0042397660980178845,435.7892177201199,270.5042662142067,30.299922715354604,-125.55844171802092,89.99991173628207,-13998154.870241994,,0.007533654934365942,244.30516679529705,89.99991166200911,23.711318158604453,False,False,False,False,False,False,False,False,False,table,False,,False,,,0.0,
A-100ml-f0.25-p+0.0-side-y0-x+0.0-y+0.0,A,approach,100,0.25,0,side,0,0,0,28,47.4252440598675,17.11302445521971,23.854068355803715,-5.697852433223887,False,36.14,28.89,138601,81866,0,0,0,0,0,0,0,0,0,,9.305999999999882,19.60049999999967,0.9701707886856901,1.0865529618988352,9.567786585230492,58.875963087053094,58.874954642185315,99.18463772758217,4.689628421970168,81866,84.66420833686827,1.3529015218916454,0.6011231378655698,23.755896231896198,-3.666934514039974,1.0704318139269764,58.727359432833566,0.2898945623800342,0.45185446840219246,0.2853788731090663,8.054484469784713e-06,-0.001542865371162996,True,True,True,True,True,True,False,True,True,reach_liquid,False,0.05840439918078724,True,0.12261711769057426,0.3242905665200748,0.494,
A-100ml-f0.25-p+0.0-diagonal-y0-x+0.0-y+0.0,A,approach,100,0.25,0,diagonal,0,0,0,28,47.4252440598675,17.11302445521971,23.854068355803715,-5.697852433223887,False,37.46,28.89,138711,81832,0,0,0,0,0,0,0,0,0,,9.305499999999881,19.60049999999967,0.9753312031323988,1.0934552430850852,6.765455060343761,58.87596758720645,58.874954642185315,99.18463275194802,4.69429427988742,81832,84.62412431443457,1.3757925507326523,0.603642276810862,23.755735018890995,-3.6666475134966845,1.0771446888723122,58.72483205510769,0.2901330795866891,0.45142980387193726,0.2868780941488797,8.054484469784713e-06,-0.0015429272197955094,True,True,True,True,True,True,False,True,True,reach_liquid,False,0.05848271365792835,True,0.12256876388334167,0.32429046940590506,0.494,
A-100ml-f0.25-p+0.0-above-y0-x+0.0-y-3.0,A,dy,100,0.25,0,above,0,0,-3,28,47.4252440598675,17.11302445521971,23.854068355803715,-5.697852433223887,False,26.1,28.89,114926,79888,0,0,0,0,0,0,0,0,0,,9.168999999999714,19.60049999999967,5.272772639506647,4.8694725664390095,9.567808379633224,57.88412362942576,58.874954642185315,100.32655763281493,5.402596214425307,79888,85.27604841695626,1.0664705243365495,1.826125911551261,22.62043060718983,-2.4745363712021238,2.1050801683303644,58.33764436149094,0.13056523269247858,0.369384391487958,3.3433000983394243,0.033131716432160764,0.003402126666460823,True,True,True,False,True,True,False,True,True,lift,False,0.05605371576495862,True,0.12323267336953833,0.32428632076317787,0.494,
A-100ml-f0.25-p+0.0-above-y0-x+0.0-y-6.0,A,dy,100,0.25,0,above,0,0,-6,28,47.4252440598675,17.11302445521971,23.854068355803715,-5.697852433223887,False,29.92,28.7,109731,78780,0,0,0,0,0,0,0,0,0,,9.281999999999853,19.60049999999967,5.862090383631853,5.791265205989162,9.567808379537427,56.9611794482277,58.874954642185315,101.34091726080973,4.901121824885155,78780,84.5365066754724,1.8398771367731874,3.2750841983090138,21.424272817345475,-1.1663158995329077,3.1303472774160244,57.95095289792983,-0.13420193712512543,0.31310019531419725,6.63475361313304,0.24296436126640708,0.07972537317350428,True,True,True,False,True,True,False,True,True,lift,False,0.07352224318815219,True,0.2196936618254597,0.19429829096462567,0.299,
A-100ml-f0.25-p+0.0-above-y0-x+6.0-y+0.0,A,dx,100,0.25,0,above,0,6,0,28,47.4252440598675,17.11302445521971,23.854068355803715,-5.697852433223887,False,31.94,28.7,91763,56623,0,0,0,0,0,0,0,0,0,,9.242999999999805,19.60049999999967,5.7162594911976345,6.374485744831372,9.567808352509436,58.874661871938905,58.874954642185315,99.18504200511457,5.368985341761154,56623,79.3877491911526,1.820843883752393,8.906637617885002,25.033630361504493,-4.035349588787443,5.773885965974388,56.94980542503702,-0.12321231300578778,0.13422668597692491,5.799539920044135,4.182619578303747e-06,-0.0015400424014815003,True,True,True,False,True,True,False,True,True,lift,False,-0.012168906491899584,True,0.193785021726539,0.1941255713803657,0.299,
A-100ml-f0.25-p+0.0-above-y0-x+0.0-y+3.0,A,dy,100,0.25,0,above,0,0,3,28,47.4252440598675,17.11302445521971,23.854068355803715,-5.697852433223887,False,29.08,28.94,103144,81114,0,0,0,0,0,0,0,0,0,,9.321999999999901,19.60049999999967,4.7334289603685376,4.501162415914622,9.567808379511156,57.88835501054245,58.874954642185315,100.27248973043746,4.234692656744449,81114,84.54662133155205,0.41864777442433165,1.51543267723999,22.80796326755126,-2.6829775017860187,1.7619633440363742,58.466929034309246,-0.17048916019860705,0.3530301954585383,3.1039266801401144,0.032312334407565806,0.0031045497919047183,True,True,True,False,True,True,False,True,True,lift,False,0.056180306407772856,True,0.15199355095999548,0.3526155256679528,0.536,
A-100ml-f0.25-p+0.0-above-y180-x+0.0-y+0.0,A,yaw,100,0.25,0,above,180,0,0,28,47.4252440598675,17.11302445521971,23.854068355803715,-5.697852433223887,False,41.01,31.4,154650,93806,0,0,0,0,0,0,0,0,0,,9.310999999999888,19.60049999999967,0.8729965425622408,0.9866641535048106,9.567746066822814,58.87597028286054,58.874954642185315,99.18463001022641,4.605020723125894,93806,85.30294562878773,0.9965393941984315,0.5672286110411732,23.75132300748627,-3.664156949504713,0.9651403840785352,58.76699994385728,0.05101213076676143,0.3436939467993645,0.2771479092000501,2.185060142346445e-05,-0.001543155036370892,True,True,True,True,True,True,False,True,True,reach_liquid,False,0.058021517219446976,False,,,3.0,
A-100ml-f0.50-p+20.0-above-y0-x+0.0-y+0.0,A,pitch,100,0.5,20,above,0,0,0,28,47.4252440598675,34.22604891043942,47.70813671160743,11.415172021995819,False,17.18,28.7,102074,78187,0,0,0,0,0,0,0,0,0,,9.288999999999861,19.60049999999967,15.092660312924874,16.821510206916955,9.567796878391515,58.870494364574725,58.874954642185315,99.12185611650476,4.689126550719486,78187,81.30354427796796,1.1151768610560508,4.295338426995145,27.89503000185975,7.719421601272508,16.270398360116165,35.72355747175181,-0.03429675458831876,0.23746967245402964,7.4291441902550845,1.2419914502798053,0.46167914533308035,True,True,True,False,True,True,True,True,True,lift,False,0.03705220092600985,True,0.36739607649845135,0.19577122673192493,0.301,
A-100ml-f0.50-p+0.0-above-y270-x+0.0-y+0.0,A,yaw,100,0.5,0,above,270,0,0,28,47.4252440598675,34.22604891043942,47.70813671160743,11.415172021995819,False,17.75,28.89,136234,81728,0,0,0,0,0,0,0,0,0,,9.306999999999883,19.60049999999967,0.957271196967819,1.055233708769104,9.567808374135053,58.875975872369224,58.874954642185315,99.17892027764506,4.620807556673559,81728,85.12765577849402,0.95689230843704,0.5416482620027638,27.416196605862098,9.782186528306896,1.047517174006503,41.62296218939349,0.678853733708895,0.7605348186273748,0.3406994207546685,5.533085616490783e-06,-0.0015697069846566792,True,True,True,True,True,True,True,True,True,,True,0.05952384753243096,True,0.12446081142568237,0.32095175653490154,0.489,
A-100ml-f0.50-p+0.0-above-y0-x+0.0-y+0.0,A,nominal,100,0.5,0,above,0,0,0,28,47.4252440598675,34.22604891043942,47.70813671160743,11.415172021995819,False,29.94,28.95,135367,82102,0,0,0,0,0,0,0,0,0,,9.306499999999883,19.60049999999967,0.9826209718775611,1.110368119706145,9.56780837654278,58.87597575586074,58.874954642185315,99.17892173850538,4.693011714649462,82102,84.32329246107855,1.598849681265387,0.545327548789547,27.418286174881153,9.780504973201488,1.1013845757057474,41.602681260396906,0.07859282532480519,0.350683040807004,0.25622229441639266,4.517745487845102e-06,-0.0015693985466477727,True,True,True,True,True,True,True,True,True,,True,0.05907630561279076,True,0.12171152221026862,0.3642931138018367,0.553,
A-100ml-f0.50-p+0.0-above-y0-x-3.0-y+0.0,A,dx,100,0.5,0,above,0,-3,0,28,47.4252440598675,34.22604891043942,47.70813671160743,11.415172021995819,False,20.68,28.4,8208,939,0,0,0,0,0,3987,0,0,5955,,,,107.00884571104659,69.8472634077973,9.566776536573936,58.88283446783384,58.874954642185315,98.62047513384043,0.311773101078508,939,0.004284330660156004,271.8125932445249,125.10770652731642,-62.781397978848425,-124.87916125491638,89.99991171210019,-13994320.791273247,,0.020742116929340526,60.16212041944084,89.9999116976216,23.71135741228673,True,False,True,False,False,False,False,False,False,rig_clear,False,,False,,,0.0,
A-100ml-f0.50-p-10.0-above-y0-x+0.0-y+0.0,A,pitch,100,0.5,-10,above,0,0,0,28,47.4252440598675,34.22604891043942,47.70813671160743,11.415172021995819,False,37.26,28.7,119191,78756,0,0,0,0,0,0,0,0,0,,9.283999999999855,19.60049999999967,13.487603440859571,12.145869429562994,9.567811086011249,58.878461359190005,58.874954642185315,99.2070470390567,4.930319727380603,78756,83.32933897838682,1.4376386998919002,2.207614917442129,28.273598562886043,9.181140825454154,12.09838774979722,37.394943291376975,0.2275318600695948,0.37247943660541905,13.232980260504998,2.119010463505997e-05,-0.0015673370446400302,True,True,True,False,True,True,True,True,False,lift,False,0.03987351313474769,True,0.22270267080133688,0.195814871607993,0.301,
A-100ml-f0.50-p-5.0-above-y0-x+0.0-y+0.0,A,pitch,100,0.5,-5,above,0,0,0,28,47.4252440598675,34.22604891043942,47.70813671160743,11.415172021995819,False,33.27,31.4,125741,91902,0,0,0,0,0,0,0,0,0,,9.301499999999876,19.60049999999967,6.902004731665818,6.536920280530637,9.567747617367672,58.8765485566978,58.874954642185315,99.19311503418852,4.620386809686961,91902,84.2381412862874,1.1754553817926003,1.1103810835676509,27.697914333526395,9.556871346674573,6.464206846424835,39.57397914554858,0.12944320823302613,0.37093124209363554,6.453555107645201,0.1420605833534899,0.04412576739532255,True,True,True,False,True,True,True,True,True,lift,False,0.04242052527396022,False,,,3.0,
A-100ml-f0.50-p+10.0-above-y0-x+0.0-y+0.0,A,pitch,100,0.5,10,above,0,0,0,28,47.4252440598675,34.22604891043942,47.70813671160743,11.415172021995819,False,29.72,31.4,122662,91004,0,0,0,0,0,0,0,0,0,,9.285499999999857,19.60049999999967,8.54644568447437,8.904652719986073,9.567739664273962,58.8705426506692,58.874954642185315,99.15367911563098,4.813172143490988,91004,83.92456167695464,0.7149385865612643,1.6890861986868666,27.484390010228793,9.374524152857417,8.034326590494025,38.97344012457779,0.1577340862683312,0.33892619651837486,7.190699896600576,0.244868890338835,0.08293965581638234,True,True,True,False,True,True,True,True,True,lift,False,0.016446018852942598,False,,,3.0,
A-100ml-f0.80-p-20.0-above-y0-x+0.0-y+0.0,A,pitch,100,0.8,-20,above,0,0,0,28,47.4252440598675,54.761678256703064,76.3330187385719,31.950801368259466,False,12.98,28.4,27589,803,0,0,2233,0,0,58,0,0,5567,1.2624999999999165,,,122.12639181525404,90.21989802563593,11.680587144343901,70.42562686777717,58.874954642185315,87.67050368731776,0.8466847498463936,803,0.004240252436753584,280.7905929369493,155.07685204891942,-85.11952119822615,-146.61203844244852,89.99997732037868,-54477647.44001934,,0.006693461772103506,101.80892083354347,89.99997725225585,23.71142239484206,False,False,False,False,False,False,False,False,False,table,False,,False,,,0.0,
A-100ml-f0.50-p+5.0-above-y0-x+0.0-y+0.0,A,pitch,100,0.5,5,above,0,0,0,28,47.4252440598675,34.22604891043942,47.70813671160743,11.415172021995819,False,37.67,31.4,123843,91000,0,0,0,0,0,0,0,0,0,,9.069999999999593,19.60049999999967,4.544813646174701,4.553673399791147,9.567743474594478,58.8710528069124,58.874954642185315,99.17138055880174,5.4395303730406654,91000,85.06386374236881,0.15690297278592716,0.9918317066745874,27.46313722305171,9.648987427695127,3.479279793852503,40.70616421098166,1.342621916327402,1.3804098391122104,4.7026530742075225,0.542243086834003,0.19098014921820144,True,True,True,False,True,True,True,False,True,lift,False,0.017751529688368205,False,,,3.0,
A-100ml-f0.50-p+0.0-above-y90-x+0.0-y+0.0,A,yaw,100,0.5,0,above,90,0,0,28,47.4252440598675,34.22604891043942,47.70813671160743,11.415172021995819,False,32.51,31.4,146883,93764,0,0,0,0,0,0,0,0,0,,9.309999999999887,19.60049999999967,1.0006833477994055,1.1321307469880955,9.567746071149907,58.87597548732763,58.874954642185315,99.17892071524012,4.643895372191204,93764,84.23301065919117,1.6381430383444222,0.5549453328166369,27.413784787871915,9.785332150880038,1.1236816983004072,41.594286242401665,0.3462013405683592,0.47067626611350183,0.11174052850244379,1.4763126439582167e-05,-0.0015681665583079075,True,True,True,True,True,True,True,True,True,,True,0.05951027942807986,False,,,3.0,
A-100ml-f0.50-p+0.0-above-y0-x+0.0-y+6.0,A,dy,100,0.5,0,above,0,0,6,28,47.4252440598675,34.22604891043942,47.70813671160743,11.415172021995819,False,19.11,31.4,117958,92493,0,0,0,0,0,0,0,0,0,,9.268499999999836,19.60049999999967,5.50633828824595,5.413881512891171,9.567746071589541,56.963882492836284,58.874954642185315,101.35470787094762,5.10952555080152,92493,84.19381574591888,0.9472370323749729,3.051168583667995,26.203347800399165,11.127917359844892,2.919357524896874,40.91755939730999,1.2306502930642533,1.2666838066083097,6.794866888850277,0.6407804686837835,0.23477336988420955,True,True,True,False,True,True,True,False,True,lift,False,0.05828834916524365,False,,,3.0,
A-100ml-f0.50-p+0.0-above-y0-x+3.0-y+0.0,A,dx,100,0.5,0,above,0,3,0,28,47.4252440598675,34.22604891043942,47.70813671160743,11.415172021995819,False,30.41,28.71,120983,76805,0,0,0,0,0,0,0,0,0,,8.749999999999202,19.60049999999967,3.9751688579658664,4.1450724289523775,9.567808339828135,58.874959912982355,58.874954642185315,99.17921028602657,5.86208784194174,76805,82.36618330037972,0.5047292914628964,5.005774104337981,27.797910787610082,9.717508658821567,3.98663910406516,40.514397873175085,0.016700845944006035,0.3383964735999767,3.5663861563653008,0.19234678717598472,0.062365394822477244,True,True,True,False,True,True,True,True,True,lift,False,0.019808566883707506,True,0.28589995341140956,0.19905751906638275,0.306,
A-100ml-f0.50-p+0.0-above-y0-x-6.0-y+0.0,A,dx,100,0.5,0,above,0,-6,0,28,47.4252440598675,34.22604891043942,47.70813671160743,11.415172021995819,False,33.21,28.4,50349,24445,9549,0,0,0,0,30748,0,0,0,,5.107499999999889,,51.583861368944596,49.550558167009434,9.572618524587767,57.18140025048014,58.874954642185315,99.75284852286984,2.780779081717477,24445,99.39775619603458,5.958984154888758,11.935463645568252,82.16231772420865,-33.731937179074386,28.67557196460173,30.223192291109306,,220.58586759844331,41.78049853820935,0.8362806852493052,0.30761513172791766,True,True,True,False,True,False,False,False,False,lift,False,-0.0007337327982559614,False,,,0.0,
A-100ml-f0.50-p+0.0-side-y0-x+0.0-y+0.0,A,approach,100,0.5,0,side,0,0,0,28,47.4252440598675,34.22604891043942,47.70813671160743,11.415172021995819,False,37.1,28.95,135565,82122,0,0,0,0,0,0,0,0,0,,9.306499999999883,19.60049999999967,0.9765238900330546,1.1043106773851072,9.56778659862418,58.875969559316694,58.874954642185315,99.17892843050865,4.690581973960745,82122,84.34428067850725,1.59148844964916,0.5420061997862772,27.4184273970335,9.780262400664096,1.0953152110103057,41.6049663955424,0.10692594365692798,0.35840199445780546,0.2517002451833624,4.00455336570039e-06,-0.0015693958762605688,True,True,True,True,True,True,True,True,True,,True,0.059005553478678995,True,0.12159657899941376,0.3642932638554001,0.553,
A-100ml-f0.50-p+0.0-above-y0-x+6.0-y+0.0,A,dx,100,0.5,0,above,0,6,0,28,47.4252440598675,34.22604891043942,47.70813671160743,11.415172021995819,False,31.39,28.7,82604,56989,0,0,0,0,0,0,0,0,0,,9.250999999999815,19.60049999999967,5.54175797737933,6.287444451437967,9.567808347924366,58.87476587545428,58.874954642185315,99.17926519753954,5.34630691573415,56989,79.38496760741626,1.7706527597730553,8.503593479261463,28.643449717646828,9.363201632980267,5.807063203749362,39.82416581419072,-0.13989591458930695,0.15695847091445406,5.497918343467881,8.537736462515939e-07,-0.0015667365681894586,True,True,True,False,True,True,True,True,True,lift,False,-0.004079593460616557,True,0.45934519161088294,0.19575152389926326,0.301,
A-100ml-f0.50-p+0.0-above-y0-x+0.0-y-6.0,A,dy,100,0.5,0,above,0,0,-6,28,47.4252440598675,34.22604891043942,47.70813671160743,11.415172021995819,False,30.71,28.7,115453,78169,0,0,0,0,0,0,0,0,0,,9.258999999999824,19.60049999999967,5.52601569177639,5.511689367886467,9.567808379697118,56.96895081444001,58.874954642185315,101.30936497351762,5.2068333278590675,78169,84.57024685121235,1.9142225619646762,3.1609092563089827,25.322980441717043,12.024457240910918,3.185511686139314,40.81710329832901,-0.10519753004622653,0.2909208696373396,6.679449774134413,0.3473632216065526,0.1229963506798536,True,True,True,False,True,True,True,True,True,lift,False,0.0648190470797706,True,0.11870629490013214,0.19431436008856048,0.299,
A-100ml-f0.50-p+0.0-above-y0-x+0.0-y-3.0,A,dy,100,0.5,0,above,0,0,-3,28,47.4252440598675,34.22604891043942,47.70813671160743,11.415172021995819,False,29.96,31.4,129426,91360,0,0,0,0,0,0,0,0,0,,9.244499999999807,19.60049999999967,5.460357599278302,5.011386379123458,9.56774607169479,57.870727665632174,58.874954642185315,100.31794988744159,5.312501863012978,91360,85.24430814980445,1.232969909405218,1.8723295642409556,26.072363255905938,11.182856319271933,2.256299618015538,41.167623664648886,-0.05169088512102748,0.3768708392621556,3.473146839447759,0.4132259394828031,0.14799600418413267,True,True,True,False,True,True,True,True,True,lift,False,0.04972559627238434,False,,,3.0,
A-100ml-f0.50-p+0.0-diagonal-y0-x+0.0-y+0.0,A,approach,100,0.5,0,diagonal,0,0,0,28,47.4252440598675,34.22604891043942,47.70813671160743,11.415172021995819,False,38.48,28.95,135276,82107,0,0,0,0,0,0,0,0,0,,9.306499999999883,19.60049999999967,0.9817163246491152,1.1093899149497664,6.765455061827817,58.87597389532439,58.874954642185315,99.17892376193784,4.696817965498617,82107,84.31368429532067,1.6107013184410048,0.5450505902571863,27.418691241820582,9.780088627990569,1.1004107397405263,41.60304791336612,0.07859798539744367,0.3495842052769253,0.24253997309282774,5.3318147119265075e-06,-0.0015693957608641975,True,True,True,True,True,True,True,True,True,,True,0.05911678135727756,True,0.12121868555043504,0.36429464368064646,0.553,
A-100ml-f0.50-p+0.0-above-y180-x+0.0-y+0.0,A,yaw,100,0.5,0,above,180,0,0,28,47.4252440598675,34.22604891043942,47.70813671160743,11.415172021995819,False,38.96,28.89,138061,81748,0,0,0,0,0,0,0,0,0,,9.309499999999886,19.60049999999967,0.9165191217176906,1.0354640538157596,9.567808376097595,58.87597598970627,58.874954642185315,99.17892150025908,4.637248043837319,81748,84.84532909381407,1.2725533495396024,0.525910182267788,27.415532348914375,9.782437419055185,1.0268417374981336,41.630746247400694,-0.08262932787732641,0.36973741950444816,0.3202641393462593,9.507220963046152e-06,-0.001562975192401213,True,True,True,True,True,True,True,True,True,,True,0.05840028747907978,True,0.12173915940383305,0.32429405582164905,0.494,
A-100ml-f0.50-p+0.0-above-y0-x+0.0-y+3.0,A,dy,100,0.5,0,above,0,0,3,28,47.4252440598675,34.22604891043942,47.70813671160743,11.415172021995819,False,36.58,28.7,98157,79384,0,0,0,0,0,0,0,0,0,,9.32899999999991,19.60049999999967,4.926447411539911,4.661906698350172,9.567808379558034,57.876392140205965,58.874954642185315,100.28349587155097,4.028437742400651,79384,84.40283004138037,0.4365242763755222,1.5172909766063643,26.274048463168334,10.959503075563038,1.8566388375106513,41.31823648765411,-0.10291570967067949,0.33745944251679516,3.0716940715233014,0.29421457199500006,0.10158264387017435,True,True,True,False,True,True,True,True,True,lift,False,0.054369699725962464,True,0.18787862337872951,0.1941896871397777,0.299,
A-100ml-f0.80-p+20.0-above-y0-x+0.0-y+0.0,A,pitch,100,0.8,20,above,0,0,0,28,47.4252440598675,54.761678256703064,76.3330187385719,31.950801368259466,False,19.76,31.4,112037,90962,0,0,0,0,0,0,0,0,0,,9.282499999999853,19.60049999999967,15.391676594546398,16.995989306807022,9.567734414670765,58.87063445223535,58.874954642185315,99.11572282106225,4.809989045085159,90962,81.6417339618597,0.9712446282627789,2.8681881968250003,48.296893114270866,8.230854988505843,16.448418915494102,15.115153961076665,-0.029074811858537827,0.2847384406874335,5.1851970737203406,0.8410985377129362,0.30817686600094496,True,True,True,False,True,True,True,True,True,lift,False,0.03744890624751185,False,,,3.0,
A-100ml-f0.80-p-10.0-above-y0-x+0.0-y+0.0,A,pitch,100,0.8,-10,above,0,0,0,28,47.4252440598675,54.761678256703064,76.3330187385719,31.950801368259466,False,29.31,28.7,116982,78736,0,0,0,0,0,0,0,0,0,,9.282499999999853,19.60049999999967,13.57472344732776,12.202795349802543,9.567811088546263,58.878391812585406,58.874954642185315,99.19979619655322,4.970004294700583,78736,83.2624733976855,1.407058744497376,1.509259847936698,48.75525362537262,9.087102362985267,12.1638925550607,16.833521148849144,0.2743676282846774,0.4013503156319107,13.331674026414573,0.6227826924063009,0.2287481200880139,True,True,True,False,True,True,True,True,False,lift,False,0.03996256680270893,True,0.26010025011637505,0.19578657969935365,0.301,
A-100ml-f0.80-p+0.0-above-y90-x+0.0-y+0.0,A,yaw,100,0.8,0,above,90,0,0,28,47.4252440598675,54.761678256703064,76.3330187385719,31.950801368259466,False,19.88,31.4,138891,93654,0,0,0,0,0,0,0,0,0,,9.306499999999883,19.60049999999967,1.0432351322666584,1.1726961284937991,9.56774606868116,58.87592299953344,58.874954642185315,99.17215150783541,4.7322107340927735,93654,84.03468701200583,1.7488269615298615,0.16134658863308168,47.90122543994046,9.825750234527558,1.1639058723026554,21.043511895735797,0.2239182252867805,0.3867243626093616,0.1714081027932282,1.835116892281229e-05,-0.001545047870474054,True,True,True,True,True,True,True,True,True,,True,0.06050864434311525,False,,,3.0,
A-100ml-f0.80-p+5.0-above-y0-x+0.0-y+0.0,A,pitch,100,0.8,5,above,0,0,0,28,47.4252440598675,54.761678256703064,76.3330187385719,31.950801368259466,False,30.11,31.4,113953,91000,0,0,0,0,0,0,0,0,0,,9.076499999999601,19.60049999999967,4.577544297595328,4.61261310340882,9.567743464764883,58.87163220874731,58.874954642185315,99.16250379703935,5.434838031026748,91000,85.03014623261743,0.14759029806904808,0.4535393417190151,47.936307499675124,9.744880874545364,3.430894564598323,20.18881174679898,1.2180033546765192,1.262307065181811,4.658570860801882,0.5820494922811909,0.21064966829522833,True,True,True,False,True,True,True,False,True,lift,False,0.017497194534441537,False,,,3.0,
A-100ml-f0.80-p+10.0-above-y0-x+0.0-y+0.0,A,pitch,100,0.8,10,above,0,0,0,28,47.4252440598675,54.761678256703064,76.3330187385719,31.950801368259466,False,30.54,31.4,115307,90982,0,0,0,0,0,0,0,0,0,,9.269999999999838,19.60049999999967,8.564734091687525,8.933512927364783,9.567739672815822,58.87075508904946,58.874954642185315,99.14721332049002,5.053580066538485,90982,84.05448547503244,0.4815986448413464,1.0176121388877823,47.96784376018925,9.52280800737243,7.966558515629863,18.46382013702335,0.07183305494047845,0.30887495184486025,7.136929169328579,1.3004292747236537e-05,-0.0015437351142339197,True,True,True,False,True,True,True,True,True,lift,False,0.018225757617545742,False,,,3.0,
B-60ml-f0.50-p+3.3-above-y182-x-2.6-y+3.1,B,all,60,0.5,3.3,above,182,-2.6,3.1,25,40.0,29.473137609610237,28.356481481481474,21.973137609610234,False,9.74,28.4,9101,322,0,0,0,0,0,4905,0,0,5700,,,,97.05107868371007,82.85695676678618,9.567744670280035,42.34862802285636,43.1,93.80919753812243,0.24314536320228786,322,0.004089593303015461,266.68668754158875,128.12982774595707,-52.525450251668914,-125.07367309848824,90.00004017595852,25670212.394608382,,0.010086220907494342,55.70364176270538,90.00004011307536,19.99880805792122,True,False,True,False,False,False,False,False,False,rig_clear,False,,False,,,0.0,
A-100ml-f0.80-p+0.0-above-y0-x+0.0-y+0.0,A,nominal,100,0.8,0,above,0,0,0,28,47.4252440598675,54.761678256703064,76.3330187385719,31.950801368259466,False,40.12,31.4,139910,93722,0,0,0,0,0,0,0,0,0,,9.306499999999883,19.60049999999967,1.0476890590548789,1.1816595851822485,9.56774606913957,58.875924300649224,58.874954642185315,99.17215102605884,4.722576286147542,93722,83.86732151998373,1.8919546756043557,0.1583095843241346,47.90068094905066,9.826225637402707,1.1728309383786266,21.040151417433616,0.09435351849971048,0.32518930644789334,0.1731739005358757,1.1581149199548762e-05,-0.0015444267878897086,True,True,True,True,True,True,True,True,True,,True,0.06110359808419374,False,,,3.0,
A-100ml-f0.80-p+0.0-diagonal-y0-x+0.0-y+0.0,A,approach,100,0.8,0,diagonal,0,0,0,28,47.4252440598675,54.761678256703064,76.3330187385719,31.950801368259466,False,31.4,31.4,139729,93669,0,0,0,0,0,0,0,0,0,,9.306999999999883,19.60049999999967,1.0522876227231301,1.1865445458957458,6.765410878957989,58.87592251329777,58.874954642185315,99.17215290531789,4.7174719153297575,93669,83.85569529012132,1.8916499211479367,0.15840883390982013,47.90061250954824,9.826292233199085,1.1777032770376417,21.038316868665756,0.06223584040127414,0.31713774750841023,0.177027268460552,1.1581149199548762e-05,-0.0015445850061374623,True,True,True,True,True,True,True,True,True,,True,0.06130784191387669,False,,,3.0,
A-100ml-f0.80-p+0.0-above-y180-x+0.0-y+0.0,A,yaw,100,0.8,0,above,180,0,0,28,47.4252440598675,54.761678256703064,76.3330187385719,31.950801368259466,False,29.72,28.7,128359,80686,0,0,0,0,0,0,0,0,0,,9.306499999999883,19.60049999999967,1.0137023124008053,1.1444409571452898,9.56780837196021,58.87592432848809,58.874954642185315,99.1721509771132,4.73250036612996,80686,84.18058816414575,1.6701696110117203,0.16149513331790977,47.89948860818264,9.827508326082812,1.1356102362687375,21.054165668169613,-0.18782640225920533,0.4024283155533828,0.345699427154104,6.331754823653221e-06,-0.001541815327799749,True,True,True,True,True,True,True,True,True,,True,0.06053271892598196,True,0.13720560780174987,0.19596722413192147,0.301,
A-100ml-f0.80-p-5.0-above-y0-x+0.0-y+0.0,A,pitch,100,0.8,-5,above,0,0,0,28,47.4252440598675,54.761678256703064,76.3330187385719,31.950801368259466,False,41.48,31.4,111146,91896,0,0,0,0,0,0,0,0,0,,9.30399999999988,19.60049999999967,6.875423154255233,6.502622644504054,9.567747619747921,58.87666625223109,58.874954642185315,99.18564594914886,4.596608336124394,91896,84.24513546584603,1.233508674004736,0.5795540938917956,48.19865443765285,9.532051890345894,6.430230150629166,19.051300726136628,0.14339522412734013,0.38055187474196017,6.401221519534734,0.05663311342898536,0.011634124146258855,True,True,True,False,True,True,True,True,True,lift,False,0.042416017403984145,False,,,3.0,
A-100ml-f0.80-p+0.0-above-y0-x-6.0-y+0.0,A,dx,100,0.8,0,above,0,-6,0,28,47.4252440598675,54.761678256703064,76.3330187385719,31.950801368259466,False,29.44,28.4,50781,1955,1948,0,0,0,0,68179,0,0,0,,5.114499999999885,,23.064460264136336,16.923544923190565,9.56785939224511,57.1304605915154,58.874954642185315,99.79427600169177,12.72118452482654,1955,122.78892354702215,281.3176302151318,29.142098050041156,52.0578358266636,6.020663037427015,0.82063109423737,21.17274759821064,,1140.3264962249514,22.178227064998755,0.28430113980030636,0.09534714902830985,True,True,True,False,True,False,False,False,False,lift,False,-0.00027647457816338107,False,,,0.0,
A-100ml-f0.80-p+0.0-above-y0-x+0.0-y+6.0,A,dy,100,0.8,0,above,0,0,6,28,47.4252440598675,54.761678256703064,76.3330187385719,31.950801368259466,False,16.09,28.7,100065,79328,0,0,0,0,0,0,0,0,0,,9.226999999999785,19.60049999999967,5.520303577627935,5.406934655814387,9.567808376068118,56.98005845059334,58.874954642185315,101.32308009271618,5.361675479179665,79328,83.7035581984837,0.682785728150019,2.277774551732021,47.190379687862276,10.64372743604,3.119945227508314,20.30622573274389,-0.07918366237924582,0.3367996388073763,7.250970186649773,0.060069310076000054,0.012858427532310644,True,True,True,False,True,True,True,True,True,lift,False,0.05492028499729282,True,0.20915864040435556,0.19417086078505566,0.299,
A-100ml-f0.80-p+0.0-above-y0-x+6.0-y+0.0,A,dx,100,0.8,0,above,0,6,0,28,47.4252440598675,54.761678256703064,76.3330187385719,31.950801368259466,False,31.06,28.7,81988,56958,0,0,0,0,0,0,0,0,0,,9.26299999999983,19.60049999999967,5.390024649343156,6.2048025547112085,9.567808346823456,58.874850189313506,58.874954642185315,99.17238704840763,5.291505177872496,56958,79.45876636758004,1.776401293519792,6.34602869988227,49.00840374336317,9.305406815825673,5.709159957353188,19.32575849015327,-0.13398168788955891,0.15782734197140263,5.352690513642036,4.676310850554341e-06,-0.0015426163182689601,True,True,True,False,True,True,True,True,True,lift,False,-0.010350183265943143,True,0.3917640890769632,0.19583928974789808,0.301,
A-100ml-f0.80-p+0.0-above-y0-x+3.0-y+0.0,A,dx,100,0.8,0,above,0,3,0,28,47.4252440598675,54.761678256703064,76.3330187385719,31.950801368259466,False,31.95,28.71,118922,76743,0,0,0,0,0,0,0,0,0,,8.750499999999203,19.60049999999967,3.9773436885032383,4.179675870728223,9.56780833700438,58.87495543779457,58.874954642185315,99.17239998386248,5.861605878243081,76743,82.42834285649913,0.4712786868193839,3.5578058345223234,48.250725202380394,9.697467769199303,3.9472864227856186,19.993650720142387,2.2452079742656066,2.2766948717557263,3.5880216435666608,0.06320999580430836,0.014070689540972242,True,True,True,False,True,True,True,False,True,lift,False,0.01604875513108081,True,0.3235648531998011,0.200696819464651,0.309,
A-100ml-f0.80-p+0.0-side-y0-x+0.0-y+0.0,A,approach,100,0.8,0,side,0,0,0,28,47.4252440598675,54.761678256703064,76.3330187385719,31.950801368259466,False,40.44,31.4,140230,93716,0,0,0,0,0,0,0,0,0,,9.306499999999883,19.60049999999967,1.046990501427837,1.179580948972933,9.567724253278238,58.875918320780244,58.874954642185315,99.1721573194005,4.72221862844173,93716,83.8862750633095,1.8785679997803801,0.15916729329352652,47.90054872359322,9.826377029259397,1.1707572397906845,21.04093221121791,0.09666384757610003,0.32627718563519187,0.18027276636385323,1.1549635809980122e-05,-0.0015445425654576613,True,True,True,True,True,True,True,True,True,,True,0.06138955526911899,False,,,3.0,
A-100ml-f0.80-p+0.0-above-y270-x+0.0-y+0.0,A,yaw,100,0.8,0,above,270,0,0,28,47.4252440598675,54.761678256703064,76.3330187385719,31.950801368259466,False,40.02,31.4,129599,93652,0,0,0,0,0,0,0,0,0,,9.302999999999878,19.60049999999967,0.9677810671645009,1.0642880215376234,9.567746066822313,58.875924121288634,58.874954642185315,99.17215047225926,4.697537316630959,93652,85.19158755794732,0.8895237288032357,0.1595823538597882,47.90397605571755,9.82305447549786,1.048155490607839,21.08709252283332,1.0556388190820767,1.1011169189661894,0.2526899616839296,1.4614250772341616e-05,-0.0015447372523167064,True,True,True,True,True,True,True,False,True,recap,False,0.060623841489412786,False,,,3.0,
A-100ml-f0.80-p+0.0-above-y0-x+0.0-y-3.0,A,dy,100,0.8,0,above,0,0,-3,28,47.4252440598675,54.761678256703064,76.3330187385719,31.950801368259466,False,35.62,31.4,110834,91543,0,0,0,0,0,0,0,0,0,,9.258499999999824,19.60049999999967,5.0325662596436045,4.60319793245618,9.567746071966852,57.88966700138577,58.874954642185315,100.24241234335994,5.1952991022484465,91543,85.10655291150664,1.1134049000642863,1.0080326926987446,46.53468982854222,11.221709128386713,2.219863835231188,20.645728411830657,-0.10083568870740965,0.38795049738553594,3.4142308709204556,0.13909805399364958,0.04262432984068615,True,True,True,False,True,True,True,True,True,lift,False,0.050362919120069134,False,,,3.0,
A-100ml-f0.80-p+0.0-above-y0-x+0.0-y-6.0,A,dy,100,0.8,0,above,0,0,-6,28,47.4252440598675,54.761678256703064,76.3330187385719,31.950801368259466,False,41.39,31.4,108979,91904,0,0,0,0,0,0,0,0,0,,9.274999999999844,19.60049999999967,5.8401912182717615,6.279905203124323,9.56774607185254,56.96314608279056,58.874954642185315,101.29013843438388,4.9921995509986665,91904,84.32097095904071,1.5437697813294924,2.142129586255109,45.925920460727156,11.90037893596313,3.1754720101366933,20.285264200324733,1.7338944507936072,1.7610893420975442,7.398450364885104,0.8450167429022813,0.30818634149813356,True,True,True,False,True,True,True,False,True,lift,False,0.05693381845422755,False,,,3.0,
B-60ml-f0.80-p+14.8-above-y330-x-3.3-y+3.6,B,all,60,0.8,14.8,above,330,-3.3,3.6,25,40.0,47.15702017537638,45.37037037037036,39.65702017537638,False,17.98,28.4,9346,737,0,0,0,0,0,4100,0,0,6308,,,,102.95292284335432,90.54031395762934,9.56773706303697,47.036805730394,43.1,100.94455627046652,0.23590324151427644,737,0.004073850608337197,285.5581151183142,138.33151026986133,-65.12301834007641,-135.87089920953665,90.00010416142531,9901224.991898553,,0.007235708601115196,62.72195424053129,90.00010410772411,19.998894712433763,True,False,True,False,False,False,False,False,False,rig_clear,False,,False,,,0.0,
A-100ml-f0.80-p+0.0-above-y0-x+0.0-y+3.0,A,dy,100,0.8,0,above,0,0,3,28,47.4252440598675,54.761678256703064,76.3330187385719,31.950801368259466,False,36.57,28.75,91057,79743,0,0,0,0,0,0,0,0,0,,9.338999999999922,19.60049999999967,4.6878787338029655,4.487691831711921,9.567808379763717,57.890505449771474,58.874954642185315,100.25335612185877,3.837335682325596,79743,83.44357696322295,1.0929758268284648,0.7964125427976331,46.7696790381884,10.976552255836575,1.9131184677248216,20.76132717079915,-0.08448083536733819,0.30017938518900744,3.1632362263977156,0.3848473692956542,0.13257465262344784,True,True,True,False,True,True,True,True,True,lift,False,0.05902790293389156,True,0.1876096947346137,0.23090232095862986,0.354,
B-60ml-f0.25-p+9.2-diagonal-y119-x+0.7-y-1.8,B,all,60,0.25,9.2,diagonal,119,0.7,-1.8,25,40.0,14.736568804805119,14.178240740740737,7.236568804805119,False,28.89,31.4,130550,91439,0,0,0,0,0,0,0,0,0,,8.709499999999153,19.60049999999967,4.910251397673891,7.482491598994042,6.765406281439922,42.901510164920175,43.1,99.42858591607246,5.300287341815355,91439,84.31350885006346,0.40418343655699074,2.701849096804276,7.525088677270668,9.332703585300472,6.659124955371509,46.4119345637166,-0.03982926493018424,0.36439781138471194,7.856624513473643,0.7118586197762139,0.21104422341821671,True,True,True,False,True,True,True,True,True,lift,False,0.06641708887225015,False,,,3.0,
B-60ml-f0.80-p+5.6-above-y348-x-0.3-y+4.4,B,all,60,0.8,5.6,above,348,-0.3,4.4,25,40.0,47.15702017537638,45.37037037037036,39.65702017537638,False,22.44,28.4,23615,0,0,0,0,0,0,187,0,0,6281,,,,1.0675586061588118,3.5674635432036568,59.97273407474935,43.1007685557522,43.1,0.5368802454335186,-0.20002677182781592,0,0.002178266023388461,204.96432818635415,31.63356516001265,155.75211892750687,-106.24300421483301,1.1818365818239185,15.721642246397698,,0.20002291483950166,29.09471805311894,1.332662992105761,0.40793190864007184,True,False,True,False,False,False,False,False,False,rig_clear,False,,False,,,0.0,
B-100ml-f0.50-p-0.9-above-y244-x-4.4-y-4.2,B,all,100,0.5,-0.9,above,244,-4.4,-4.2,28,47.4252440598675,34.22604891043942,47.70813671160743,11.415172021995819,False,16.96,28.4,9008,658,0,0,0,0,0,4291,0,0,5955,,,,108.83152527497352,78.26655487123014,9.56764338273032,56.700749054668606,58.874954642185315,99.71860766125452,0.25651061111191253,658,0.004284330661046672,273.9390916590897,125.18421111634323,-70.75403337598614,-124.88370194606088,89.9999117056784,-13993302.957755415,,0.004375919924835563,68.04964308116631,89.9999116691306,23.711411721321063,True,False,True,False,False,False,False,False,False,rig_clear,False,,False,,,0.0,
B-100ml-f0.50-p+19.5-diagonal-y354-x+3.7-y+4.8,B,all,100,0.5,19.5,diagonal,354,3.7,4.8,28,47.4252440598675,34.22604891043942,47.70813671160743,11.415172021995819,False,34.98,28.4,68788,74345,0,0,0,0,0,0,0,0,0,,8.83749999999931,,19.121861709137647,21.905538253424716,6.765401683159471,57.798323655077056,58.874954642185315,101.29707509549266,5.5269833448995245,74345,73.5527459232171,1.3707260381936737,11.405808778845119,29.55625706644685,5.38865010131806,10.678199230747184,37.951169900930616,,8.972107342566915,10.576357990249235,1.4548480178209542,0.5364464488486993,True,True,True,False,True,True,False,False,False,lift,False,0.260731229133836,False,,,0.0,
B-50ml-f0.80-p-2.1-above-y358-x+4.5-y+6.0,B,all,50,0.8,-2.1,above,358,4.5,6.0,25,37.64144115524114,44.7495330458836,37.6638148873315,42.703700374388454,False,25.03,28.91,67258,77624,0,0,0,0,0,0,0,0,0,,8.471499999998862,20.69849999999711,4.604162609986703,7.654171414453714,9.567809145107825,37.2896557391742,37.498422743697716,99.42184588295979,6.079826369196725,77624,78.91862605394857,0.3125782214803896,4.971016348307235,38.034125994740165,9.68990470731082,8.288753238610097,11.296489413669317,6.190549748022535,6.201165846546933,8.201815251152318,0.9885241772730667,0.2817475306615978,True,True,True,False,True,True,True,False,True,lift,False,0.07272310750685436,True,0.4463422857556686,0.3339521960235159,0.508,
B-60ml-f0.50-p-18.4-diagonal-y175-x+5.0-y+4.0,B,all,60,0.5,-18.4,diagonal,175,5.0,4.0,25,40.0,29.473137609610237,28.356481481481474,21.973137609610234,False,38.93,28.4,43537,0,3430,0,2628,0,0,0,0,0,0,0.9824999999999472,,,32.753663719694245,30.855058225061637,22.068754234956685,61.79080645547357,43.1,81.82157650686521,-0.19112421870573493,0,0.0079432826825794,166.72094522473324,27.849156664946822,53.10956881698065,-4.9559215931917615,29.179085785450802,23.725623303694316,,0.20009452182710497,27.497607714602953,1.5770195402822405,0.4903521175436886,False,True,False,False,False,False,False,False,False,table,False,,False,,,0.0,
B-100ml-f0.80-p+5.0-diagonal-y178-x+4.4-y-3.1,B,all,100,0.8,5.0,diagonal,178,4.4,-3.1,28,47.4252440598675,54.761678256703064,76.3330187385719,31.950801368259466,False,28.0,28.7,91218,76872,0,0,0,0,0,0,0,0,0,,8.21599999999855,19.60049999999967,3.890334578374097,4.078427690677663,6.765452472463893,57.77048712480062,58.874954642185315,100.28588811452158,6.335733868581828,76872,80.79689534553181,2.4223085419633246,6.127722730463472,46.68931090883904,11.197579660581436,1.5446502551199712,20.900132477430557,2.283578929256683,2.285427835637925,4.094588633015467,0.7980377240655727,0.29453849508535884,True,True,True,False,True,True,True,False,True,lift,False,0.15367934833261415,True,0.43956040499975907,0.19567346710290634,0.301,
B-50ml-f0.80-p-15.0-above-y262-x-5.3-y+2.2,B,all,50,0.8,-15.0,above,262,-5.3,2.2,25,37.64144115524114,44.7495330458836,37.6638148873315,42.703700374388454,False,10.17,28.4,8139,126,0,0,2538,0,0,4853,0,0,6270,1.1349999999999305,,,87.93686082211656,113.45064569966655,19.536901056952043,42.845540729796284,37.498422743697716,86.78504013444712,0.2065355003636471,126,0.004084711616143016,282.60039528234535,132.0452021879858,-8.522339675928743,-131.66987116937813,90.00021308752714,4535516.229096583,,0.0041403729934320855,15.39955013911029,90.00021302406343,18.81968471333285,False,False,False,False,False,False,False,False,False,table,False,,False,,,0.0,
B-50ml-f0.25-p+15.9-diagonal-y246-x+4.1-y+0.3,B,all,50,0.25,15.9,diagonal,246,4.1,0.3,25,37.64144115524114,13.984229076838627,11.769942152291096,11.93839640534348,False,27.76,28.83,92756,77722,0,0,0,0,0,0,0,0,0,,8.655999999999088,19.60049999999967,6.170270444124652,10.325367293883058,6.765447284966683,37.503845748888196,37.498422743697716,99.14280688757613,5.0477397762797445,77722,78.83368426118251,0.5951270525454997,8.30250195301814,6.093950818354596,8.727302625179622,9.528513885626461,41.6878239420589,0.03866300627274163,0.2276221233902341,6.105815168621415,3.62846273302178,1.0630792183164333,True,True,True,False,True,True,True,True,True,lift,False,0.16342011593820552,True,0.2581681349424034,0.27910593482598256,0.426,
B-60ml-f0.50-p+6.4-diagonal-y330-x+3.5-y-5.0,B,all,60,0.5,6.4,diagonal,330,3.5,-5.0,25,40.0,29.473137609610237,28.356481481481474,21.973137609610234,False,26.36,28.4,40582,64485,0,0,0,0,0,0,0,0,0,,8.898499999999384,,9.222121285256595,14.48820409063883,6.765407646950661,42.69843295058424,43.1,99.63239627890323,4.986187736124678,64485,78.35010559581315,0.18060474826161785,6.764117841908579,21.974601465819966,10.032271546070156,0.2869248876998063,33.68672152494098,,2342.7437909397754,4.981641331568797,3.91248236030638e-06,-0.001523696214497596,True,True,True,False,True,True,True,False,True,lift,False,0.12475980467894343,False,,,0.0,
B-100ml-f0.25-p+14.0-diagonal-y212-x+5.4-y+1.0,B,all,100,0.25,14.0,diagonal,212,5.4,1.0,28,47.4252440598675,17.11302445521971,23.854068355803715,-5.697852433223887,False,29.15,28.7,49851,77183,0,0,0,0,0,0,0,0,0,,9.310999999999888,19.60049999999967,5.508175526725996,5.53088867171387,6.765448130150023,58.53040430555175,58.874954642185315,99.53173224306802,4.214199728651918,77183,77.4850112354164,0.7050022695885402,10.428470375915346,22.681949442692545,-3.7825794439055596,6.5800969454469715,56.64281652076865,0.22231040682647638,0.35709215354609775,4.412005476510976,0.47067209250587166,0.16306929654091085,True,True,True,False,True,True,False,True,True,lift,False,0.16928021267400764,True,0.13184154714355475,0.19593903088621473,0.301,
B-60ml-f0.25-p-7.9-side-y254-x+0.6-y+3.8,B,all,60,0.25,-7.9,side,254,0.6,3.8,25,40.0,14.736568804805119,14.178240740740737,7.236568804805119,False,38.81,28.4,2123,0,0,0,523,0,0,25804,0,0,5855,0.0025,,,0.9749426204113473,2.05369004099766,52.794723515330915,42.466289849299464,43.1,0.27377064434066267,-0.20006183352404283,0,0.002469226685743795,194.54170238074687,31.02326142545702,127.18117432955225,-110.17777979118384,0.6192581557228655,48.31887793229375,,1.0017214256259193,48.78795069425046,90.00033650726355,20.273877676248834,False,False,True,False,False,False,False,False,False,table,False,,False,,,0.0,
B-50ml-f0.50-p-16.3-above-y13-x-5.7-y+5.5,B,all,50,0.5,-16.3,above,13,-5.7,5.5,25,37.64144115524114,27.968458153677254,23.53988430458219,25.922625482182106,False,19.97,28.4,8719,477,0,0,2630,0,0,13677,0,0,5590,1.0974999999999346,,,82.3850153202729,108.38181520615963,22.598058114122395,45.78417918996884,37.498422743697716,79.66028763111044,0.3379292656648658,477,0.004101377675435141,275.85323387090915,127.58669497794453,-0.36518120340465576,-125.99565360332315,90.00015200964079,6357910.218365937,,0.1809872779892868,13.291744795562623,90.00015200181514,18.819619372457282,False,False,False,False,False,False,False,False,False,table,False,,False,,,0.0,
B-60ml-f0.50-p+3.0-side-y66-x+3.9-y-5.6,B,all,60,0.5,3.0,side,66,3.9,-5.6,25,40.0,29.473137609610237,28.356481481481474,21.973137609610234,False,36.8,28.85,103335,78796,0,0,0,0,0,0,0,0,0,,8.463499999998852,19.60049999999967,6.655706244280816,8.551833143305958,8.740608980876537,42.23494321816581,43.1,100.11652295761606,5.187567676040006,78796,78.10308806671561,0.7484019282206695,7.615929129662625,21.69962556126675,10.784775714517151,4.042067903892488,32.50489844618738,5.118681579084233,5.118791285570953,6.432654307849393,0.2172537311913229,0.05880625399010006,True,True,True,False,True,True,True,False,True,lift,False,0.18610925560001493,True,0.3422469595228187,0.2973619737634962,0.454,
B-100ml-f0.25-p+18.6-diagonal-y197-x-2.5-y-4.9,B,all,100,0.25,18.6,diagonal,197,-2.5,-4.9,28,47.4252440598675,17.11302445521971,23.854068355803715,-5.697852433223887,False,40.82,29.18,82250,59680,0,0,0,0,0,7381,0,0,0,,9.331999999999914,19.60049999999967,69.1020041775738,51.98195679938119,6.765589224500005,57.1282682422115,58.874954642185315,101.5462982967269,4.185746577663629,59680,85.05184147661194,3.1337100917717273,4.223839725749408,25.533458814939557,-3.7465999428776127,19.370977244077753,51.548630386113494,7.394240310982212,7.394472375465558,47.017968033831934,4.00455336570039e-06,-0.0015433989226460846,True,True,True,False,True,True,False,False,False,lift,False,0.2295320786626511,True,0.19970685841791155,0.5124824625851045,0.776,
A-100ml-f0.80-p+0.0-above-y0-x-3.0-y+0.0,A,dx,100,0.8,0,above,0,-3,0,28,47.4252440598675,54.761678256703064,76.3330187385719,31.950801368259466,False,77.32,28.4,63802,2469,774,0,0,0,0,41291,0,0,0,,,,65.30628280686068,48.99074532963022,12.246908402194924,58.888714032681136,58.874954642185315,98.6046225787497,-0.20095886302470833,2469,0.0020217885097455696,127.84929422834432,31.1194412694813,73.3762234777118,-2.9208800633630796,29.333913387313874,9.363618336434044,,0.2972895563638357,48.51826886144572,89.99995551122625,23.97083465877176,True,True,True,False,False,False,False,False,False,lift,False,,False,,,0.0,
B-60ml-f0.25-p+12.2-diagonal-y330-x-4.9-y+4.1,B,all,60,0.25,12.2,diagonal,330,-4.9,4.1,25,40.0,14.736568804805119,14.178240740740737,7.236568804805119,False,53.12,28.4,41037,3405,0,0,0,0,0,59937,0,0,0,,,,104.89145533230158,99.45889314746306,6.765404796296178,45.799365842042214,43.1,101.76977796591005,-0.19737863127750055,3405,0.003534376309730219,122.31652761138106,45.77520328549322,34.99715510759775,13.356260252682342,38.997427268406604,33.9386568049164,,0.042059409531652034,71.22070611780103,90.00016596780019,19.998939868340234,True,True,True,False,False,False,False,False,False,lift,False,,False,,,0.0,
B-50ml-f0.25-p+14.2-above-y16-x+0.9-y+4.9,B,all,50,0.25,14.2,above,16,0.9,4.9,25,37.64144115524114,13.984229076838627,11.769942152291096,11.93839640534348,False,37.06,31.4,138112,92638,509,0,0,0,0,0,0,0,0,,8.733499999999182,19.60049999999967,5.7485662917180855,10.713485456084578,9.567737471310894,36.5174597636093,37.498422743697716,100.13740434439337,5.2225340629366706,92638,83.88827912913659,1.1044068053629545,4.015260323067017,5.381873873007199,10.013329299594087,10.754455561613508,41.31534291658852,-0.16204267960162902,0.3431159527420047,7.980063789185525,0.09766682771051792,0.02065006505440251,True,True,True,False,True,True,False,True,True,lift,False,0.08580896330477437,False,,,3.0,
B-100ml-f0.80-p-11.9-above-y284-x-4.1-y-4.1,B,all,100,0.8,-11.9,above,284,-4.1,-4.1,28,47.4252440598675,54.761678256703064,76.3330187385719,31.950801368259466,False,28.13,28.4,65857,3766,0,0,0,0,0,48215,0,0,0,,,,43.416440526219546,34.55903325388394,12.654963434889497,56.733334102975796,58.874954642185315,96.18342663935714,-0.19808463834397605,3766,0.006933864891908666,128.72233799809064,30.497509102811755,74.59024740486625,-9.826647348862988,22.821358218852072,12.407444850276345,,0.8221943691093031,28.2395053561961,89.99997816034103,23.711477375487753,True,True,True,False,False,False,False,False,False,lift,False,,False,,,0.0,
B-50ml-f0.50-p-5.7-diagonal-y169-x+4.8-y+0.8,B,all,50,0.5,-5.7,diagonal,169,4.8,0.8,25,37.64144115524114,27.968458153677254,23.53988430458219,25.922625482182106,False,30.78,28.83,50753,79349,0,0,463,0,0,0,0,0,0,1.6799999999998705,8.483999999998877,19.60049999999967,7.778921920162079,11.687911710332678,6.765454116919288,37.48013914813462,37.498422743697716,99.25426701029761,5.9198987226559,79349,78.13040530114434,0.3656626080049784,7.149432440527354,21.544064395030695,10.083024543873483,12.126784932647618,26.91053078230285,4.510943716370474,4.511195478306055,8.58412912798207,2.3862170237898117,0.6976047599168805,False,True,True,False,True,True,True,False,True,table,False,0.1281751187780089,True,0.4065212668940402,0.2789837599089613,0.426,
B-100ml-f0.80-p+16.7-diagonal-y129-x+4.1-y-3.0,B,all,100,0.8,16.7,diagonal,129,4.1,-3.0,28,47.4252440598675,54.761678256703064,76.3330187385719,31.950801368259466,False,22.83,28.4,55264,62960,910,0,0,0,0,0,0,0,0,,9.284999999999856,,9.752050489351051,13.958953882204586,6.765402717856237,57.86795804636325,58.874954642185315,100.56210549774285,4.786758049510537,62960,69.66816805191134,2.3054580102898075,5.365662496156235,49.60901498355708,7.28951737102268,8.013732632591188,18.445715645897252,,25.16064134509441,1.6395053823883163,2.144319935559559,0.7852637342524621,True,True,True,False,True,True,False,False,True,lift,False,0.13836682239553783,False,,,0.0,
B-50ml-f0.25-p+10.5-side-y127-x-2.5-y-1.7,B,all,50,0.25,10.5,side,127,-2.5,-1.7,25,37.64144115524114,13.984229076838627,11.769942152291096,11.93839640534348,False,19.45,28.4,8264,1655,0,0,0,0,0,12760,0,0,5743,,,,143.33095235073887,92.82387861245203,7.419625701792512,39.94265318789245,37.498422743697716,98.89892695673005,1.3813445241366433,1655,0.004101176098123434,286.7906933347899,181.77772985172655,-30.016486078911356,-107.57207634301194,90.00029362651308,3291501.3996963045,,0.05988240236124591,198.41800442798893,90.00064238957712,19.10786961975843,True,False,True,False,False,False,False,False,False,rig_clear,False,,False,,,0.0,
B-100ml-f0.80-p+2.7-side-y11-x+4.5-y+0.8,B,all,100,0.8,2.7,side,11,4.5,0.8,28,47.4252440598675,54.761678256703064,76.3330187385719,31.950801368259466,False,25.11,28.71,46149,78593,0,0,0,0,0,0,0,0,0,,9.288999999999861,20.63849999999725,4.177540852632365,3.9618274419497848,9.392000146758374,58.61109853831413,58.874954642185315,99.42638578024842,4.726779609251622,78593,79.16015050960534,0.5326551314342393,6.023978855867304,47.710540663324835,10.341579045582193,3.260355594623081,20.253216013869054,4.42678784945639,4.433979565571765,3.4380634064785114,9.697004570245026e-06,-0.0015422419947418887,True,True,True,False,True,True,True,False,True,lift,False,0.12417304169770269,True,0.41882689996007405,0.20394704236721556,0.314,
B-100ml-f0.80-p+7.2-above-y45-x-3.7-y+4.0,B,all,100,0.8,7.2,above,45,-3.7,4.0,28,47.4252440598675,54.761678256703064,76.3330187385719,31.950801368259466,False,50.44,28.4,60332,2743,0,0,0,0,0,73077,0,0,0,,,,34.25051091667889,15.42361347905246,12.286595790991486,57.43658729978423,58.874954642185315,101.60325923037499,-0.18544608325683776,2743,0.009546861184593714,120.8287315799367,35.301707933352574,63.47392038631933,-3.287684913350575,4.836572016059903,19.656973679876028,,0.20043661237154264,40.01298979716392,1.3687986753132853,0.5105480135320238,True,True,True,False,False,False,False,False,False,lift,False,,False,,,0.0,
B-50ml-f0.25-p+8.7-above-y353-x+2.1-y+1.3,B,all,50,0.25,8.7,above,353,2.1,1.3,25,37.64144115524114,13.984229076838627,11.769942152291096,11.93839640534348,False,19.05,28.4,79163,66270,0,0,0,0,0,93,0,0,0,,8.601499999999021,,106.05979908359411,91.43374795648023,9.566005741563487,37.4161879906955,37.498422743697716,99.30704732700138,5.351071690309683,66270,81.60775026430214,0.3163758846417123,4.913893532901692,6.392296159666075,9.594815729023404,3.822460974545493,43.39216525231373,,147.68079954340257,119.43158919409788,90.0002822475923,19.11489133697334,True,True,True,False,True,True,True,False,False,lift,False,0.08231378475656227,False,,,0.0,
B-100ml-f0.25-p-0.5-diagonal-y121-x-3.7-y-5.8,B,all,100,0.25,-0.5,diagonal,121,-3.7,-5.8,28,47.4252440598675,17.11302445521971,23.854068355803715,-5.697852433223887,False,60.77,28.4,64704,3510,826,0,0,0,0,49400,0,0,0,,,,54.60412949001776,41.518343420468206,11.653149843635155,55.95849573310064,58.874954642185315,100.96504050916889,3.3537353318978806,3510,0.622335750911173,125.06534381439208,38.62267511286504,50.72061992430556,-14.909379043710342,27.095959302319528,48.097281905366096,,0.49173447980239404,38.25063008309231,90.00002545280385,23.753510148297632,True,True,True,False,False,False,False,False,False,lift,False,,False,,,0.0,
B-100ml-f0.80-p-18.1-side-y23-x+2.4-y-0.6,B,all,100,0.8,-18.1,side,23,2.4,-0.6,28,47.4252440598675,54.761678256703064,76.3330187385719,31.950801368259466,False,33.2,28.4,31151,1178,5586,0,2812,0,0,4489,0,0,0,0.0025,,,217.17988126869537,90.94529218002798,17.829569838753404,65.8309280389152,58.874954642185315,92.44941263227142,-0.19226737213987044,1178,0.003746500179427567,143.36618295407771,18.481740635236143,103.26070864059433,-40.43549367905186,24.793735435464722,11.520465439393943,,0.3332806503179871,255.47252137760822,90.32394655486486,23.707294796190418,False,True,False,False,False,False,False,False,False,table,False,,False,,,0.0,
B-60ml-f0.25-p-17.6-side-y14-x-4.8-y+5.9,B,all,60,0.25,-17.6,side,14,-4.8,5.9,25,40.0,14.736568804805119,14.178240740740737,7.236568804805119,False,51.84,31.4,28520,0,1536,0,5026,4,0,0,0,0,4299,0.0025,27.70949999998077,27.70999999998077,86.38260063595071,29.200251793519033,73.19747515437454,60.68006998097865,43.1,83.3834014131164,-0.20065613481570765,0,0.0034570702811211854,155.0402668571723,38.45469957344693,95.24010612518022,-86.85166478803701,23.34406165653739,40.74499124982753,4.562966200756241,4.582094997259414,40.19793351748584,90.00032094924873,20.00981175111252,False,False,False,False,False,False,False,False,False,table,False,-0.004200571547786859,False,,,3.0,
B-100ml-f0.80-p-14.7-side-y140-x-1.0-y+1.8,B,all,100,0.8,-14.7,side,140,-1.0,1.8,28,47.4252440598675,54.761678256703064,76.3330187385719,31.950801368259466,False,38.84,31.4,127030,92393,0,0,2062,0,0,0,0,0,0,0.0025,9.282999999999854,19.60049999999967,17.5153230953188,15.92683473552362,8.229909455795832,59.24136657879755,58.874954642185315,98.67608193613856,4.95979133574935,92393,83.26357636486509,1.8518598084443898,1.0467359389839141,49.19077502538261,8.481158406831197,16.483252400333217,15.10089858052708,0.11704362662630145,0.3139720188545117,19.007682030626295,1.3660378340025536e-05,-0.0015442374801715318,False,True,True,False,True,True,True,True,False,table,False,0.0599150228940547,False,,,3.0,
B-60ml-f0.25-p+12.4-side-y68-x+6.0-y+1.6,B,all,60,0.25,12.4,side,68,6.0,1.6,25,40.0,14.736568804805119,14.178240740740737,7.236568804805119,False,26.47,28.7,48433,76911,0,0,0,0,0,0,0,0,0,,9.241499999999803,19.60049999999967,1.2402158905634593,1.5774893554901979,8.871100720308764,42.844041863061875,43.1,99.5212635969494,4.7404914275265,76911,77.21568985504807,0.6919055925101302,11.187653264836095,7.665182334268139,8.636960683069322,4.630831222957636,47.055436542943234,2.275455839512176,2.292176343114318,2.5271914251414525,0.29434395660443574,0.08213007829124463,True,True,True,True,True,True,False,False,True,reach_liquid,False,0.21285601163219012,True,0.2967593405527708,0.1974177531146104,0.304,
B-100ml-f0.80-p-19.5-diagonal-y28-x+2.9-y+0.5,B,all,100,0.8,-19.5,diagonal,28,2.9,0.5,28,47.4252440598675,54.761678256703064,76.3330187385719,31.950801368259466,False,50.4,28.4,44495,1386,1855,0,2164,0,0,0,0,0,0,1.2049999999999228,,,29.075753783736697,24.46429003541407,11.093286880603772,68.39259841929548,58.874954642185315,89.94956767434661,-0.20042195764838344,1386,0.003474930000401094,155.9242558923805,13.674233454568851,67.44845554918938,-6.609427677235713,19.14493031523711,13.995437293205663,,0.20231619436728068,13.481095331976963,1.339530471260944,0.49520151737376733,False,True,False,False,False,False,False,False,False,table,False,,False,,,0.0,
B-60ml-f0.80-p+4.2-above-y318-x-0.1-y-2.3,B,all,60,0.8,4.2,above,318,-0.1,-2.3,25,40.0,47.15702017537638,45.37037037037036,39.65702017537638,False,37.28,28.95,112745,78452,0,0,0,0,0,0,0,0,0,,8.607999999999029,19.60049999999967,4.469926743699118,6.63320751219802,9.567806663946833,42.84383732303713,43.1,99.4098028013392,5.575267804373854,78452,85.50874090423123,0.37943218498201353,0.2978846573296598,39.588465483657885,10.043946262753483,2.6563309974311933,15.25787041353183,1.285451755615529,1.324602919199922,3.359148566699967,3.841981408132245e-05,-0.0015469650004022516,True,True,True,False,True,True,True,False,True,lift,False,0.025002407042833713,True,0.11489444509674518,0.3626346578725829,0.551,
B-50ml-f0.50-p+14.0-above-y15-x+2.2-y+0.7,B,all,50,0.5,14.0,above,15,2.2,0.7,25,37.64144115524114,27.968458153677254,23.53988430458219,25.922625482182106,False,21.8,28.78,60773,80470,0,0,0,0,0,0,0,0,0,,8.708499999999152,19.60049999999967,5.576379868290379,10.038327024782067,9.56780010596852,37.49209260922402,37.498422743697716,99.16506019302031,5.188984969927035,80470,80.57058561811071,0.36785654872081164,5.180491321595609,20.110960932549403,9.293347054988605,8.835019419011353,27.913096758736327,2.032694838954265,2.0367660130939536,5.45480096364268,0.23724001245988952,0.058940051234351684,True,True,True,False,True,True,True,False,True,lift,False,0.10659192460751417,True,0.22621961170795069,0.24580790780809994,0.376,
B-50ml-f0.50-p+14.2-side-y226-x-5.7-y+5.0,B,all,50,0.5,14.2,side,226,-5.7,5.0,25,37.64144115524114,27.968458153677254,23.53988430458219,25.922625482182106,False,30.89,28.4,17824,119,0,0,0,0,0,41704,0,0,0,,,,16.543996098776258,7.189104153239019,6.889388058431929,39.05186431139981,37.498422743697716,100.38211730669983,-0.19251146481258363,119,0.0074588021237075915,125.89018028518565,32.56776548340179,40.362137035364206,-4.222928262907654,10.01745624331447,27.55537855853,,0.20013004882600186,39.10928357359049,0.61581206527568,0.17614604918018337,True,True,True,False,False,False,False,False,False,lift,False,,False,,,0.0,
B-100ml-f0.50-p-15.3-side-y240-x-5.8-y+2.2,B,all,100,0.5,-15.3,side,240,-5.8,2.2,28,47.4252440598675,34.22604891043942,47.70813671160743,11.415172021995819,False,56.59,28.4,60989,3588,831,0,2226,0,0,40672,0,0,0,0.0025,,,33.64231260062498,28.432813423963278,11.715036934658876,59.701530973101576,58.874954642185315,88.02557132389987,-0.18835825349908242,3588,0.006439695325592032,128.16176726795908,36.50255255595875,55.789896151759876,-15.463716945335909,21.59107428851836,33.48330248447791,,0.19854249858414866,33.63458858371176,2.6200744951944688,0.9753359534380767,False,True,True,False,False,False,False,False,False,table,False,,False,,,0.0,
B-50ml-f0.50-p+3.5-above-y50-x-2.7-y-1.9,B,all,50,0.5,3.5,above,50,-2.7,-1.9,25,37.64144115524114,27.968458153677254,23.53988430458219,25.922625482182106,False,14.75,28.4,4705,1756,0,0,0,0,0,14612,0,0,5647,,,,98.23412692339082,84.15945705232416,10.77408292445221,38.48031139593841,37.498422743697716,95.89631990803716,0.6012616872481669,1756,0.004101377672191175,290.9998736568959,126.5885882056913,4.057317378696607,-126.18791454970909,90.00015285545048,6322729.554362962,,0.10191024188529914,30.183243974687915,90.00030004002527,18.92577802081858,True,False,True,False,False,False,False,False,False,rig_clear,False,,False,,,0.0,
B-60ml-f0.80-p+5.8-side-y230-x-1.5-y+0.5,B,all,60,0.8,5.8,side,230,-1.5,0.5,25,40.0,47.15702017537638,45.37037037037036,39.65702017537638,False,16.65,28.4,9604,650,0,0,0,0,0,5020,0,0,6293,,,,100.95251669917718,90.13355767687474,8.379207786994519,42.801797334397605,43.1,97.54660103443348,0.2433032723803269,650,0.004073850610090782,279.01963866789924,143.81363538527313,-16.578499778921344,-136.24464459629272,90.00010418321047,9899154.606437627,,0.17924783408666392,98.49770189669934,89.71065574981931,19.70501902166816,True,False,True,False,False,False,False,False,False,rig_clear,False,,False,,,0.0,
B-60ml-f0.80-p+16.4-above-y305-x+5.5-y+1.3,B,all,60,0.8,16.4,above,305,5.5,1.3,25,40.0,47.15702017537638,45.37037037037036,39.65702017537638,False,21.94,28.4,48989,62948,0,0,0,0,0,0,0,0,0,,9.27199999999984,,19.520182594848595,26.89289051592202,9.56773630809115,42.98172261019813,43.1,99.30630826514658,4.458794029901791,62948,76.1243270621888,0.7056549669557677,6.4609375025710545,38.754533305848874,9.879475305469343,8.129270770902966,13.52181783385035,,970.3090335344826,18.434436426394953,0.4854555150778437,0.14575227669130844,True,True,True,False,True,True,True,False,False,lift,False,0.20494492262978659,False,,,0.0,
B-50ml-f0.80-p-14.8-above-y145-x+2.1-y-2.2,B,all,50,0.8,-14.8,above,145,2.1,-2.2,25,37.64144115524114,44.7495330458836,37.6638148873315,42.703700374388454,False,38.44,28.4,62713,0,8978,0,2525,0,0,9,0,0,0,1.13999999999993,,,90.83789491528991,89.94786378731501,19.055492188679132,55.79332963336279,37.498422743697716,80.71540663804647,-0.20011744080293548,0,0.0010572000723721828,143.46175936833507,7.167744229282055,76.31220195005298,-24.087107729119595,23.01968981607966,6.587029901132476,,0.004564824499641146,50.57043860401226,90.00021302810146,18.81963262163044,False,True,False,False,False,False,False,False,False,table,False,,False,,,0.0,
B-50ml-f0.80-p-12.3-side-y58-x-3.3-y-0.6,B,all,50,0.8,-12.3,side,58,-3.3,-0.6,25,37.64144115524114,44.7495330458836,37.6638148873315,42.703700374388454,False,52.8,28.4,57522,952,5080,0,3751,0,0,0,0,0,0,0.0025,,,16.513066824578488,19.280867886064307,42.42144189416217,50.074334299077805,37.498422743697716,86.83406821345642,-0.20041073254396802,952,0.007761911504149092,148.0800881847739,14.102229545409934,61.99131535667033,-15.282949574030063,1.6289783491437086,13.274166389278992,,0.20002780335610054,22.46098743780046,2.1977422649159615,0.6397991849558131,False,True,False,False,False,False,False,False,False,table,False,,False,,,0.0,
B-50ml-f0.25-p+4.3-above-y315-x-2.6-y+5.7,B,all,50,0.25,4.3,above,315,-2.6,5.7,25,37.64144115524114,13.984229076838627,11.769942152291096,11.93839640534348,False,41.66,28.4,28373,12147,68,0,0,0,0,10569,0,0,5824,,8.651499999999082,,152.09201457217998,169.7543647021395,9.567744103861811,37.48009597677163,37.498422743697716,99.2208648091018,10.141493104756497,12147,0.53131215709691,16.7619804740781,26.23334922042,-77.28585331208704,74.21090872264321,27.184171920921887,35.856142126292234,,14.981250179168452,121.77467717994583,90.0003454346774,18.81973861956352,True,False,True,False,True,False,False,False,False,rig_clear,False,1.1692464698158602,False,,,0.0,
B-50ml-f0.50-p-14.7-diagonal-y294-x+1.7-y-4.6,B,all,50,0.5,-14.7,diagonal,294,1.7,-4.6,25,37.64144115524114,27.968458153677254,23.53988430458219,25.922625482182106,False,40.24,28.4,63456,0,5024,0,2523,0,0,0,0,0,0,1.0349999999999415,,,20.874858794250944,21.766869345413042,18.8432841734922,53.78583073574899,37.498422743697716,84.07640564069516,-0.2006281746064903,0,0.0024751542524761574,158.77431605139307,22.14585662280406,60.635401310942015,-18.739041088027985,23.906780768637528,23.05773303078819,,0.2000875524922164,27.47485888295614,0.717649912767277,0.19484994119254304,False,True,False,False,False,False,False,False,False,table,False,,False,,,0.0,
B-60ml-f0.25-p+8.2-side-y286-x-2.0-y+3.8,B,all,60,0.25,8.2,side,286,-2.0,3.8,25,40.0,14.736568804805119,14.178240740740737,7.236568804805119,False,89.89,28.4,70139,4193,0,0,0,0,0,70424,0,0,0,,,,42.898011315810706,49.811318481981566,9.198673878385147,42.88481647791143,43.1,100.17762056627475,-0.14605921070200145,4193,0.5934843974779817,121.88657302914068,47.427568502219614,35.49272190633543,15.575372066142567,41.20661923841667,32.75194882341592,,1.921132949903395,74.21182544856939,90.00055506612546,20.143375172596098,True,True,True,False,False,False,False,False,False,lift,False,,False,,,0.0,
B-50ml-f0.25-p+4.9-above-y71-x-1.5-y+0.6,B,all,50,0.25,4.9,above,71,-1.5,0.6,25,37.64144115524114,13.984229076838627,11.769942152291096,11.93839640534348,False,15.98,28.4,2265,39,0,0,0,0,0,6613,0,0,5738,,,,96.24712158955013,94.64405977139961,9.567743708207434,37.20305689907019,37.498422743697716,95.59555635556865,0.18027072120251064,39,0.0041056364533976625,267.03731835941284,111.52905650653729,-46.458680562680705,-107.50012637802817,90.00029438193529,3283055.0946744336,,0.004144820564403299,54.7918333480911,90.00029430377768,18.819676144886483,True,False,True,False,False,False,False,False,False,rig_clear,False,,False,,,0.0,
B-50ml-f0.50-p-16.7-above-y356-x-2.9-y+3.3,B,all,50,0.5,-16.7,above,356,-2.9,3.3,25,37.64144115524114,27.968458153677254,23.53988430458219,25.922625482182106,False,22.17,28.4,14321,0,0,0,1475,0,0,32,0,0,5602,1.084999999999936,,,10.080675294075323,23.26410498311109,64.15183396813026,57.244223046571705,37.498422743697716,2.254757108494172,-0.18995394014618971,0,0.005730585223988588,191.3172277433912,30.810026299471076,138.62266426393256,-111.92307165124353,10.486561780902363,27.412755158912073,,1.2591021617057863,38.17565847824731,90.00030472593384,18.962225563342223,False,False,False,False,False,False,False,False,False,table,False,,False,,,0.0,
B-60ml-f0.25-p-5.7-above-y296-x+4.2-y-5.7,B,all,60,0.25,-5.7,above,296,4.2,-5.7,25,40.0,14.736568804805119,14.178240740740737,7.236568804805119,False,21.84,28.4,64127,65146,0,0,0,0,0,0,0,0,0,,8.785999999999246,,13.24229283627009,17.890611431443567,9.567747989324873,42.078600417713155,43.1,100.39052348610828,5.2060170715205745,65146,78.12261340568789,0.35332285584508266,9.35149919046367,8.107821903238367,11.020694903462205,13.181409431663367,44.29773053709338,,11.495699618847384,7.091431476301002,2.0077300111958862e-05,-0.001536468673463499,True,True,True,False,True,True,False,False,True,lift,False,0.14343172022890088,False,,,0.0,
B-100ml-f0.50-p+4.8-side-y25-x-5.1-y-2.4,B,all,100,0.5,4.8,side,25,-5.1,-2.4,28,47.4252440598675,34.22604891043942,47.70813671160743,11.415172021995819,False,88.44,28.4,57782,3739,835,0,0,0,0,43142,0,0,0,,,,49.57062010626813,38.667253592598364,9.948359327446783,58.02184179439027,58.874954642185315,100.43395039939959,-0.20167653968571064,3739,0.0007847026364775122,127.58513827060547,37.918391480675815,56.598541677953776,-0.08992111996158902,30.674532750542525,29.226379678749602,,0.2590985815153688,47.03128396037682,89.99991201870952,23.711411972004594,True,True,True,False,False,False,False,False,False,lift,False,,False,,,0.0,
B-100ml-f0.25-p+16.8-diagonal-y203-x+3.7-y+5.9,B,all,100,0.25,16.8,diagonal,203,3.7,5.9,28,47.4252440598675,17.11302445521971,23.854068355803715,-5.697852433223887,False,32.36,28.89,52983,78709,0,0,0,0,0,0,0,0,0,,9.330499999999912,19.60049999999967,12.350316292845926,13.083334843904955,6.7654469545873965,57.01227132199574,58.874954642185315,101.48327728587635,3.7128074095967856,78709,79.47884377980667,1.8152516015401303,9.776704903012979,20.84431880647952,-2.4293833386429817,9.856613728897415,55.38356252555929,0.04079930921049477,0.09617806384328684,10.30766251517824,0.5583459624511112,0.20372187549484463,True,True,True,False,True,True,False,True,False,lift,False,0.19007544888122757,True,0.28549127523929235,0.32238320272912774,0.491,
B-60ml-f0.50-p-15.7-diagonal-y327-x-0.3-y+4.1,B,all,60,0.5,-15.7,diagonal,327,-0.3,4.1,25,40.0,29.473137609610237,28.356481481481474,21.973137609610234,False,41.42,28.4,49516,306,6857,0,2416,0,0,0,0,0,0,1.084999999999936,,,16.27268787715613,13.347000300678841,16.59030009653409,57.22943192171849,43.1,86.10247253581501,-0.1952692001227635,306,0.006571563266498869,154.06821709966968,16.522767621420346,67.37995576907116,-29.820647193432333,15.236150992425015,28.874173008232717,,0.2000739213114554,27.681491860327974,0.3595631754604653,0.10094920197009391,False,True,False,False,False,False,False,False,False,table,False,,False,,,0.0,
B-60ml-f0.80-p+0.8-side-y331-x+3.5-y+2.6,B,all,60,0.8,0.8,side,331,3.5,2.6,25,40.0,47.15702017537638,45.37037037037036,39.65702017537638,False,31.78,28.82,67501,79887,0,0,0,0,0,0,0,0,0,,8.095999999998403,19.60049999999967,2.191486451297181,3.741013482240135,8.368175289190107,42.910016062711286,43.1,99.46088716612682,6.652279924044436,79887,82.84323270427303,1.3519562251767487,3.304040109117667,39.79652104948222,10.04929260280768,3.6169094747788537,14.955182419385833,1.3738070084929073,1.3863499018382661,3.191468729726055,0.13849502727626434,0.03425948403577804,True,True,True,True,True,True,True,False,True,recap,False,0.07758773339474687,True,0.2472407677991124,0.27244361821880536,0.416,
B-100ml-f0.50-p+7.2-side-y300-x+6.0-y+1.6,B,all,100,0.5,7.2,side,300,6.0,1.6,28,47.4252440598675,34.22604891043942,47.70813671160743,11.415172021995819,False,26.17,28.7,48023,75589,0,0,0,0,0,0,0,0,0,,9.334999999999917,19.60049999999967,7.424402005126472,7.135841726963964,8.28594827535558,58.3026828250415,58.874954642185315,99.84905549330462,3.5915817013252997,75589,75.6662371276868,0.8840310954470909,11.091336205816875,26.75969940896924,10.586682314472851,0.8138834063497848,41.71091705374755,0.40875999056270873,0.4636728048366945,4.320359043401943,0.17951439016466364,0.05747370855617016,True,True,True,False,True,True,False,True,True,lift,False,0.22109369317330826,True,0.4944679993029381,0.19556180473345353,0.301,
B-60ml-f0.50-p-18.6-above-y315-x+1.2-y-4.1,B,all,60,0.5,-18.6,above,315,1.2,-4.1,25,40.0,29.473137609610237,28.356481481481474,21.973137609610234,False,21.65,28.4,9660,0,0,0,1459,0,0,109,0,0,5746,1.0974999999999346,,,0.8193320443506077,0.9219303707906045,65.47248556471233,64.54558426313174,43.1,0.06329205907435514,-0.20006959912043099,0,0.0034904167871678115,191.43479726659788,17.353725696396474,145.35268851827132,-113.44697057309125,0.23074756746759384,33.70437051219065,,0.20008944248112634,15.497822823502954,0.4852242600767821,0.14665838258515174,False,False,False,False,False,False,False,False,False,table,False,,False,,,0.0,
B-50ml-f0.25-p-11.0-above-y108-x+3.1-y-0.6,B,all,50,0.25,-11.0,above,108,3.1,-0.6,25,37.64144115524114,13.984229076838627,11.769942152291096,11.93839640534348,False,11.42,28.4,23416,995,0,0,2221,0,0,54,0,0,5792,1.267499999999916,,,104.99637722418356,92.72163454386778,11.4400559268307,48.28778470903292,37.498422743697716,88.41745327933499,0.7405060392390306,995,0.004030856955136547,270.0798118968711,114.57497846102721,54.24810556398133,-107.74483284432834,90.00029451438375,3281578.6652522776,,0.09464348160439306,80.21065300228555,90.0005860020407,19.069182797916973,False,False,False,False,False,False,False,False,False,table,False,,False,,,0.0,
B-50ml-f0.25-p+12.3-above-y270-x-5.3-y-5.9,B,all,50,0.25,12.3,above,270,-5.3,-5.9,25,37.64144115524114,13.984229076838627,11.769942152291096,11.93839640534348,False,35.17,28.4,5423,288,0,0,0,0,0,83702,0,0,0,,,,17.340760176752276,8.722670710391862,9.568226552997015,42.08236185234678,37.498422743697716,98.09395641150948,-0.19316864984358917,288,0.008112298573915176,126.88366578938783,34.466465817078344,29.91358067205976,-5.334377224482322,13.22076071282786,40.5563942121186,,0.20092714898978745,43.28281524197134,5.839642257848044,1.7115874066865124,True,True,True,False,False,False,False,False,False,lift,False,,False,,,0.0,
B-50ml-f0.25-p+19.5-side-y53-x-1.1-y+2.2,B,all,50,0.25,19.5,side,53,-1.1,2.2,25,37.64144115524114,13.984229076838627,11.769942152291096,11.93839640534348,False,32.65,28.4,56908,77923,0,0,0,0,0,27385,0,0,0,,8.489499999998884,,63.770608758642766,50.92079286008732,7.64112192995451,37.19366016538852,37.498422743697716,99.52059949843552,5.750270223984499,77923,23.4865163025139,0.2622963062788785,24.80032557063729,10.866049760833382,7.9069208960001465,5.741846629346415,42.82308851863027,,91.26646174051771,35.025690774703364,0.27828691472558276,0.0750196762790686,True,True,True,False,True,False,False,False,False,lift,False,0.06791938033741396,False,,,0.0,
B-100ml-f0.50-p+10.1-above-y43-x-1.2-y-3.5,B,all,100,0.5,10.1,above,43,-1.2,-3.5,28,47.4252440598675,34.22604891043942,47.70813671160743,11.415172021995819,False,35.28,28.4,58974,22114,9477,0,0,0,0,41241,0,0,0,,6.792499999998955,,57.198469942211275,46.872756514186094,9.568652983241833,58.055878684138115,58.874954642185315,101.16157581824905,9.530928062928531,22114,90.87476613897286,8.143403783788568,14.596959155667188,105.05559008432667,-61.88152656936949,36.559615965384296,26.025897929748,,2197.6608793709183,34.59267238757884,0.5372534668647037,0.1925303889437555,True,True,True,False,True,False,False,False,False,lift,False,0.10048584483173043,False,,,0.0,
B-50ml-f0.50-p-12.8-diagonal-y262-x-2.4-y+4.0,B,all,50,0.5,-12.8,diagonal,262,-2.4,4.0,25,37.64144115524114,27.968458153677254,23.53988430458219,25.922625482182106,False,49.88,28.4,86634,441,7165,0,2364,0,0,0,0,0,0,1.1099999999999333,,,14.078495399925004,16.401136565318296,15.212493331858658,50.39963143841942,37.498422743697716,87.33745098941833,-0.1921167741276708,441,0.009770668161853525,154.11593662253063,17.255754080202433,60.871956763085365,-25.665038788309904,13.539849164722712,26.472909788405218,,0.20012432301003508,28.216548363445668,0.3947522008253447,0.10940280045387657,False,True,False,False,False,False,False,False,False,table,False,,False,,,0.0,
B-60ml-f0.80-p-8.2-diagonal-y291-x-5.2-y-5.0,B,all,60,0.8,-8.2,diagonal,291,-5.2,-5.0,25,40.0,47.15702017537638,45.37037037037036,39.65702017537638,False,21.85,28.4,8925,495,0,0,561,0,0,7371,0,0,6279,1.5449999999998854,,,86.82788839526626,100.51818008330916,6.758978682912628,41.54216701383978,43.1,84.52498323988449,0.4214616376174568,495,0.004073850611198598,281.2396881899097,137.50866512586438,-4.1578768737417695,-136.18365593586935,90.00010420632137,9896959.174360553,,0.6663265172605758,158.88152490324663,90.0002004243292,20.08320717380169,False,False,True,False,False,False,False,False,False,table,False,,False,,,0.0,
B-60ml-f0.80-p-16.3-diagonal-y13-x-2.8-y-4.2,B,all,60,0.8,-16.3,diagonal,13,-2.8,-4.2,25,40.0,47.15702017537638,45.37037037037036,39.65702017537638,False,54.61,28.4,39289,0,4382,0,2464,0,0,0,0,0,0,1.0599999999999388,,,9.413245986897403,9.238498874780436,17.4990282950015,57.99788342851579,43.1,84.91233335255312,-0.19978513591674407,0,0.005035640072305594,154.38928563786158,15.714612282050116,67.37364872129669,-14.877995445233077,10.184728640584334,12.859221359114896,,0.2001094685894417,17.97455553963745,0.14476479812531381,0.036169030286634846,False,True,False,False,False,False,False,False,False,table,False,,False,,,0.0,
B-50ml-f0.80-p-2.9-above-y104-x+4.8-y-1.0,B,all,50,0.8,-2.9,above,104,4.8,-1.0,25,37.64144115524114,44.7495330458836,37.6638148873315,42.703700374388454,False,24.55,28.71,50345,79434,0,0,0,0,0,0,0,0,0,,8.645999999999075,19.60049999999967,4.147209699977033,6.188278041203431,9.567809399244766,37.52011490336501,37.498422743697716,99.23991738924056,5.531754330523164,79434,77.46629284043316,0.6527555426545945,5.157719216994206,38.186172645190766,9.648501590495767,9.556499105704324,10.91404829185964,4.394714000227475,4.404184516245544,6.693082255422943,0.23989676918622477,0.05896598652584983,True,True,True,False,True,True,True,False,True,lift,False,0.15947340348757486,True,0.21257399767620855,0.19913803211502676,0.306,
B-50ml-f0.80-p+4.4-above-y3-x+2.5-y+3.0,B,all,50,0.8,4.4,above,3,2.5,3.0,25,37.64144115524114,44.7495330458836,37.6638148873315,42.703700374388454,False,41.48,28.88,102373,81472,0,0,0,0,0,0,0,0,0,,8.422499999998802,19.60049999999967,0.7615199770372649,1.042095643009843,9.567806582510004,37.15510779796829,37.498422743697716,99.50460038921584,5.947003438873735,81472,83.02661191435173,0.8268834762345304,2.669775900067213,37.06625528438394,10.0101175082129,0.5472940144383786,13.59273888431594,0.052951459564867805,0.14174083826769182,3.03576297725854,0.021459114813064784,-0.002812780102392605,True,True,True,True,True,True,True,True,True,,True,0.07774126102371362,True,0.15559058905500156,0.31422261118576167,0.479,
B-50ml-f0.25-p+14.7-side-y349-x+0.1-y+4.8,B,all,50,0.25,14.7,side,349,0.1,4.8,25,37.64144115524114,13.984229076838627,11.769942152291096,11.93839640534348,False,30.39,31.4,135568,92133,0,0,0,0,0,469,0,0,0,,9.250499999999814,19.60049999999967,7.22825424439674,12.674082272051162,9.391938647162451,37.428828339137866,37.498422743697716,99.24547815642455,4.677084992564154,92133,83.35709526711761,0.43197773299105735,3.012201475788269,6.251510995851436,9.243356034459818,11.946625813856311,40.95021023606556,0.03876837241225592,0.32033232416526447,31.261316946303268,0.2191144179919716,0.056638502767283154,True,True,True,False,True,True,True,True,False,lift,False,0.06677717763215274,False,,,3.0,
B-60ml-f0.25-p-0.8-diagonal-y179-x-5.5-y-2.0,B,all,60,0.25,-0.8,diagonal,179,-5.5,-2.0,25,40.0,14.736568804805119,14.178240740740737,7.236568804805119,False,57.38,28.4,48027,2986,0,0,0,0,0,64048,0,0,0,,,,48.939921835732605,50.118283888990156,7.335360457829669,41.72027797873946,43.1,98.75929739202883,-0.2003273347575829,2986,0.0031091557307495617,121.97766497646853,46.46806846354637,35.041957503374164,4.591312803876035,31.16417564512226,37.627620357795436,,0.20010876522960835,48.61074523033731,7.21163862982273,2.255277149450388,True,True,True,False,False,False,False,False,False,lift,False,,False,,,0.0,
B-100ml-f0.25-p+3.0-diagonal-y286-x+0.2-y+1.2,B,all,100,0.25,3.0,diagonal,286,0.2,1.2,28,47.4252440598675,17.11302445521971,23.854068355803715,-5.697852433223887,False,31.7,28.84,103372,80317,0,0,0,0,0,0,0,0,0,,9.307999999999884,19.60049999999967,5.6312881646214885,5.795236917532762,6.765453479141738,58.46429183964774,58.874954642185315,99.71865892904934,4.493224095632145,80317,85.52128618984385,0.31777973518701963,0.5522180310193298,23.00393100492414,-2.943539377382148,1.929956620596609,58.40363655029305,0.5635798146650772,0.6662268451411505,3.533434217643136,0.3381466699241364,0.12063418201352476,True,True,True,False,True,True,False,True,True,lift,False,0.046271703956694506,True,0.14034092927246755,0.29092923059036324,0.444,
B-60ml-f0.50-p+4.3-above-y306-x+3.6-y+1.9,B,all,60,0.5,4.3,above,306,3.6,1.9,25,40.0,29.473137609610237,28.356481481481474,21.973137609610234,False,26.84,28.72,49447,80764,0,0,0,0,0,0,0,0,0,,8.667499999999102,19.794499999999218,2.9698283479823266,4.055823189894941,9.567806625763357,42.94384685952365,43.1,99.4493991412092,5.274250812816267,80764,79.4578594980488,0.11222132091071815,6.032261128920741,22.18642611531662,9.95261945446789,1.6143229016620535,33.26957365028704,0.8233260116207236,0.8672025200588432,1.9729064933567013,4.55230314804829e-05,-0.0015706502942031601,True,True,True,True,True,True,True,True,True,,True,0.10469481741966657,True,0.21285693458031488,0.2057878324213408,0.316,
B-100ml-f0.80-p+17.4-diagonal-y45-x+2.2-y+1.5,B,all,100,0.8,17.4,diagonal,45,2.2,1.5,28,47.4252440598675,54.761678256703064,76.3330187385719,31.950801368259466,False,24.33,28.72,74811,80254,0,0,0,0,0,0,0,0,0,,9.285999999999857,19.60049999999967,12.901925536868585,13.120606432207067,6.765446685386673,58.380542174175275,58.874954642185315,99.63767356390906,4.744791742703633,80254,81.88266142113312,0.5963904742424739,3.5640170320773574,46.7941523919952,9.850730216728415,12.99002979367027,16.50710897609809,0.6031354001201692,0.6184124701764611,13.766127496733635,1.8962601615041825,0.7089411534624153,True,True,True,False,True,True,True,True,False,lift,False,0.08160684129713924,True,0.21661809600943693,0.20913942594451412,0.321,
B-60ml-f0.80-p+8.7-diagonal-y252-x+3.7-y-1.8,B,all,60,0.8,8.7,diagonal,252,3.7,-1.8,25,40.0,47.15702017537638,45.37037037037036,39.65702017537638,False,31.5,28.76,122632,80551,0,0,0,0,0,0,0,0,0,,8.6664999999991,19.60049999999967,3.0451645942154353,4.532052536227754,6.765450609257553,42.90259303689582,43.1,99.44048078784945,5.444557032042274,80551,80.70458293271797,0.7278314850367131,4.37787907951548,39.31483500182616,10.072609169176516,3.3050390712502593,15.053518012695214,1.9494118423030635,1.9539571807187093,3.0542370509102543,0.120199618768792,0.028522658570422917,True,True,True,False,True,True,True,False,True,lift,False,0.11606369877030069,True,0.18852413689458106,0.2358536408954852,0.361,
B-50ml-f0.80-p+4.7-diagonal-y117-x+2.4-y+1.8,B,all,50,0.8,4.7,diagonal,117,2.4,1.8,25,37.64144115524114,44.7495330458836,37.6638148873315,42.703700374388454,False,33.86,31.4,110798,93018,0,0,0,0,0,0,0,0,0,,9.262499999999829,19.60049999999967,1.733161741673438,2.4329145920068367,6.765408503668028,37.33327196069914,37.498422743697716,99.35923086255747,4.521280424941557,93018,82.14704930176495,0.7898824057067576,2.2238573682941727,37.14052297293145,9.9088836638892,1.2944699404627205,13.372710152339856,-0.08005149963335288,0.24243960931057884,2.3295154752275287,0.4210067815636587,0.11597966687136073,True,True,True,True,True,True,True,True,True,,True,0.06998245026367551,False,,,3.0,
B-100ml-f0.50-p-5.6-diagonal-y47-x-4.6-y+2.8,B,all,100,0.5,-5.6,diagonal,47,-4.6,2.8,28,47.4252440598675,34.22604891043942,47.70813671160743,11.415172021995819,False,80.27,28.4,59618,3713,816,0,0,0,0,45790,0,0,0,,,,36.07871092848066,29.54027259146046,12.539350826612623,57.062019775476074,58.874954642185315,96.52822104607404,-0.1984375009258521,3713,0.006917217243046847,128.18416445372904,36.927354589203816,56.53630857537338,-8.955061159561794,23.554236641001605,32.61662772792821,,1.9734567031229602,62.057012576819254,89.99972017208654,23.96958529911547,True,True,True,False,False,False,False,False,False,lift,False,,False,,,0.0,
B-100ml-f0.80-p+2.9-above-y83-x+3.3-y+4.6,B,all,100,0.8,2.9,above,83,3.3,4.6,28,47.4252440598675,54.761678256703064,76.3330187385719,31.950801368259466,False,21.31,28.4,56261,63362,0,0,0,0,0,0,0,0,0,,9.249999999999813,,18.685783426333792,20.32710246901334,9.56774481873572,57.43229662874584,58.874954642185315,100.89454274021126,5.213318613245144,63362,83.0151242350767,1.9303228230952296,4.670697606062744,45.89884024419499,11.93214601667264,1.352980224152911,20.972316551762514,,13.381179035573084,11.155826145814698,1.1472480106815115,0.4267914296998592,True,True,True,False,True,True,True,False,False,lift,False,0.09539744817788207,False,,,0.0,
B-50ml-f0.80-p-12.7-diagonal-y205-x-2.0-y-0.1,B,all,50,0.8,-12.7,diagonal,205,-2.0,-0.1,25,37.64144115524114,44.7495330458836,37.6638148873315,42.703700374388454,False,40.76,28.4,92968,1229,3195,0,2357,0,0,0,0,0,0,1.112499999999933,,,5.006838712746131,5.495018456275364,14.674887783930934,51.05205559922905,37.498422743697716,86.01374318456035,-0.1909143064473262,1229,0.006019207551446173,151.25691395727696,14.69325726384402,62.389610010155955,-15.299526685623317,0.12312596984221062,13.717618907062601,,0.20010143618564158,12.719880465267874,0.13945362094271627,0.031942402164972516,False,True,False,False,False,False,False,False,False,table,False,,False,,,0.0,
B-100ml-f0.25-p+11.7-side-y247-x-5.6-y+5.0,B,all,100,0.25,11.7,side,247,-5.6,5.0,28,47.4252440598675,17.11302445521971,23.854068355803715,-5.697852433223887,False,17.6,28.4,7200,53,0,0,0,0,0,2181,0,0,6113,,,,111.03209450504065,90.57996024400553,8.807139485162027,56.77055551761988,58.874954642185315,103.19537855261625,0.18335772149671858,53,0.004288066038756665,304.8707983575443,119.65686809438724,-69.64359613959854,-117.66658638903823,90.00001211459218,101987223.26143903,,0.018231389115362855,75.89840808445321,90.01511374977945,23.987152632791997,True,False,True,False,False,False,False,False,False,rig_clear,False,,False,,,0.0,
B-50ml-f0.80-p-1.3-side-y17-x-0.3-y-4.2,B,all,50,0.8,-1.3,side,17,-0.3,-4.2,25,37.64144115524114,44.7495330458836,37.6638148873315,42.703700374388454,False,41.39,28.4,54077,24645,9420,0,0,0,0,61187,0,0,0,,7.785499999998405,,49.86408800373469,32.864966902986815,9.149658886241447,37.419436418262556,37.498422743697716,99.25830275881812,9.011633242006795,24645,94.81751129143484,10.691764971959412,12.428690292186072,84.25657587941153,-37.62083665443927,28.66458539342639,4.532512875474506,,1248.188851595232,32.943595074279294,0.050205790833927046,0.0053997671719565495,True,True,True,False,True,False,False,False,False,lift,False,0.7470926730688021,False,,,0.0,
B-100ml-f0.25-p+18.3-above-y175-x+4.8-y+5.3,B,all,100,0.25,18.3,above,175,4.8,5.3,28,47.4252440598675,17.11302445521971,23.854068355803715,-5.697852433223887,False,31.7,28.72,52683,76621,0,0,0,0,0,0,0,0,0,,9.310499999999887,19.60049999999967,15.73379140910167,18.26303304004454,9.56779773238181,57.80497883394887,58.874954642185315,101.50993182875966,4.248250718825231,76621,78.33729862836672,2.4093366658892537,11.42814491246902,20.970505643640127,-2.887037535637127,10.117863571831498,55.282187984094776,0.37846472326769875,0.4229985041897861,10.256016178606709,0.6967965241325564,0.23409974690981858,True,True,True,False,True,True,False,True,False,lift,False,0.23185756824830558,True,0.3822654801519886,0.20736558140400332,0.319,
B-50ml-f0.50-p+12.0-diagonal-y314-x+2.2-y+3.7,B,all,50,0.5,12.0,diagonal,314,2.2,3.7,25,37.64144115524114,27.968458153677254,23.53988430458219,25.922625482182106,False,37.28,28.83,107579,79295,0,0,0,0,0,0,0,0,0,,9.274999999999844,19.60049999999967,4.752612528368772,7.238226321857355,6.76544903285245,37.120257136841104,37.498422743697716,99.55012911680159,4.350794131202554,79295,82.2910976215258,0.36499037803439216,3.4080588265511493,19.813447632748343,9.895104712663194,8.422349304456057,28.03738512400821,-0.0006765433901315664,0.2475817284206404,6.853008066667004,0.382753061508559,0.09507155208980565,True,True,True,False,True,True,True,True,True,lift,False,0.05826602730855983,True,0.19952385199472183,0.2825028993394816,0.431,
B-50ml-f0.50-p+11.3-side-y40-x-5.3-y+2.4,B,all,50,0.5,11.3,side,40,-5.3,2.4,25,37.64144115524114,27.968458153677254,23.53988430458219,25.922625482182106,False,39.82,28.4,25561,2968,0,0,0,0,0,54860,0,0,0,,,,106.12559877711327,100.60209230172741,7.329304718694932,38.78436009033326,37.498422743697716,95.04000925068648,-0.21200155184603053,2968,0.006802821869279266,120.90522709854983,38.99953520831831,43.6284300088,12.02450309757619,39.33239410889685,16.71279955533081,,0.7978452782592763,134.0632853929718,90.00609296241903,18.88781021612668,True,True,True,False,False,False,False,False,False,lift,False,,False,,,0.0,
B-100ml-f0.25-p-18.5-side-y160-x+3.1-y-0.5,B,all,100,0.25,-18.5,side,160,3.1,-0.5,28,47.4252440598675,17.11302445521971,23.854068355803715,-5.697852433223887,False,37.29,28.4,99035,1256,9523,0,3369,0,0,5037,0,0,0,0.0025,,,131.6743111773208,94.20723532050461,18.019568781520938,66.60855887100409,58.874954642185315,91.74693275872428,-0.18857808179117974,1256,0.0038786153357071884,146.8223865182423,18.462359459463617,116.84998541903205,19.918129669966504,90.96469369951873,1339.7607501368275,,0.3715789593198836,65.05677123411873,90.0000250046754,23.94963671117082,False,True,False,False,False,False,False,False,False,table,False,,False,,,0.0,
B-100ml-f0.80-p+7.9-side-y183-x+5.3-y-4.3,B,all,100,0.8,7.9,side,183,5.3,-4.3,28,47.4252440598675,54.761678256703064,76.3330187385719,31.950801368259466,False,32.6,28.71,70046,64841,0,0,0,0,0,0,0,0,0,,8.175999999998501,19.60049999999967,4.412065917136696,4.308455964015918,9.554676898874432,57.518020994101555,58.874954642185315,100.74857386010508,6.562540751279878,64841,79.8544309171409,4.039378139944576,7.961421303560683,45.50293843793468,12.262321554544542,0.29127896286793664,21.371997307765266,1.6151374678280321,1.644029085300644,4.549969659262789,1.3766686389570068e-05,-0.0015470825326370917,True,True,True,False,True,True,True,False,True,lift,False,0.17558882220921068,True,0.2249629210799945,0.20420796205321962,0.314,
B-60ml-f0.80-p-9.9-side-y25-x-1.7-y-5.6,B,all,60,0.8,-9.9,side,25,-1.7,-5.6,25,40.0,47.15702017537638,45.37037037037036,39.65702017537638,False,29.68,28.74,70982,82562,0,0,2989,0,0,0,0,0,0,0.0025,9.252999999999817,20.613999999997308,9.586901368038635,12.375732606743766,12.828846637216513,45.34549096229083,43.1,95.77468755454973,4.6270666632079465,82562,77.39804389100884,4.445834446130226,3.0246495116399497,43.521029456227424,6.690575327010589,14.205273607454668,11.536516733933192,4.96355441817811,4.965876669022321,17.404962205242843,0.7276756818544325,0.21219556000402595,False,True,True,False,True,True,True,False,False,table,False,0.1350682383046691,True,0.1702916988700292,0.22086449522964743,0.339,
B-60ml-f0.80-p+16.1-side-y73-x-2.5-y-0.3,B,all,60,0.8,16.1,side,73,-2.5,-0.3,25,40.0,47.15702017537638,45.37037037037036,39.65702017537638,False,17.8,28.4,11445,1599,0,0,0,0,0,7454,0,0,6278,,,,106.57609292630384,85.91256243590738,9.149664670573925,43.24596530511508,43.1,101.01889045952863,0.6077614073736193,1599,0.004073850611584418,288.729000686125,140.2200746897206,-66.19277575806308,-135.79089096095578,90.00010427262394,9890666.124053521,,0.9744079003246343,79.0303152316458,92.1279350234132,22.194164565898806,True,False,True,False,False,False,False,False,False,rig_clear,False,,False,,,0.0,
B-50ml-f0.50-p+5.3-diagonal-y342-x-5.3-y-1.1,B,all,50,0.5,5.3,diagonal,342,-5.3,-1.1,25,37.64144115524114,27.968458153677254,23.53988430458219,25.922625482182106,False,20.98,28.4,5211,1867,0,0,0,0,0,7891,0,0,5543,,,,90.29262259246708,93.01557854614808,6.765408172805621,36.963281048963935,37.498422743697716,94.5853791479265,0.5013285919266003,1867,0.00410137766910636,257.91921829094576,131.86708729603276,-30.16424717206259,-126.13562137831933,90.00015284580041,6323128.743663328,,0.007982817399579163,42.47832690176545,90.00015268343336,18.81961974353907,True,False,True,False,False,False,False,False,False,rig_clear,False,,False,,,0.0,
B-50ml-f0.50-p+0.3-above-y272-x-2.5-y-1.0,B,all,50,0.5,0.3,above,272,-2.5,-1.0,25,37.64144115524114,27.968458153677254,23.53988430458219,25.922625482182106,False,23.15,28.4,3010,24,0,0,0,0,0,88746,0,0,0,,,,21.862206634572953,13.090311806679791,9.570069475140052,37.543635276472244,37.498422743697716,93.26373080209447,-0.1872453614096825,24,0.007183727464507822,130.22957254922744,35.90181300825527,53.40525374593386,-13.683135577107528,14.042591737273582,26.315983437271644,,0.2000689293369467,45.88960535019481,0.5186052872517446,0.14720357945371232,True,True,True,False,False,False,False,False,False,lift,False,,False,,,0.0,
B-100ml-f0.50-p+16.9-above-y150-x-4.8-y+3.3,B,all,100,0.5,16.9,above,150,-4.8,3.3,28,47.4252440598675,34.22604891043942,47.70813671160743,11.415172021995819,False,44.26,28.4,64828,2542,1599,0,0,0,0,42103,0,0,0,,,,71.43200220126285,48.4653178558979,9.567735836385108,57.98093122721705,58.874954642185315,101.57781723513384,-0.191745146892075,2542,0.00498404934726347,127.36471336541535,35.99702015624679,55.36480396476157,5.420809552077049,37.718308810483585,25.33960126509083,,0.4534789975099765,54.081259062979996,89.99991227984876,24.092523947405343,True,True,True,False,False,False,False,False,False,lift,False,,False,,,0.0,
B-50ml-f0.80-p+3.2-above-y136-x-4.2-y-4.5,B,all,50,0.8,3.2,above,136,-4.2,-4.5,25,37.64144115524114,44.7495330458836,37.6638148873315,42.703700374388454,False,26.78,28.4,26052,18,0,0,0,0,0,59304,0,0,0,,,,18.06544640616831,1.7124684797358924,9.568177828386974,38.23956136850582,37.498422743697716,97.10554881341127,-0.1874752976156746,18,0.007146523480043037,126.61559634404982,33.043990452031935,59.94931005073211,-10.323358450762822,4.3894886007783676,12.459066580770664,,0.2000969045026752,35.28666878302189,0.3332596772797452,0.08932190271370577,True,True,True,False,False,False,False,False,False,lift,False,,False,,,0.0,
B-60ml-f0.50-p+10.9-side-y292-x-5.3-y+1.7,B,all,60,0.5,10.9,side,292,-5.3,1.7,25,40.0,29.473137609610237,28.356481481481474,21.973137609610234,False,69.09,28.4,45346,4127,0,0,0,0,0,70656,0,0,0,,5.867999999999467,,115.64667893720035,83.1593033280209,10.861090700904345,44.01237883516754,43.1,100.15102838161967,2.0506238405518658,4127,0.2535310050135183,121.05323952240275,40.51112481211086,47.18943396700188,13.9261963169523,42.63171818765863,17.20661427269297,,4.542332423407763,134.97779057003305,89.75109750553071,19.76554667368211,True,True,True,False,True,False,False,False,False,lift,False,0.0012511612016752713,False,,,0.0,
B-50ml-f0.25-p+4.0-side-y28-x-5.1-y-1.0,B,all,50,0.25,4.0,side,28,-5.1,-1.0,25,37.64144115524114,13.984229076838627,11.769942152291096,11.93839640534348,False,28.36,28.4,8461,1061,0,0,0,0,0,20284,0,0,5779,,,,99.72510496788024,90.88663587284636,11.647051555735137,38.141115162808994,37.498422743697716,99.45494977598453,1.3914135985112763,1061,0.0041056364963105805,270.94706035548467,121.25169451365059,-5.735318140691512,-107.46170673085263,90.00029366008152,3291125.151519626,,0.17613575427618816,102.89012945124483,85.11422856324256,17.979312020296728,True,False,True,False,False,False,False,False,False,rig_clear,False,,False,,,0.0,
B-50ml-f0.25-p-11.8-diagonal-y264-x+4.8-y+3.0,B,all,50,0.25,-11.8,diagonal,264,4.8,3.0,25,37.64144115524114,13.984229076838627,11.769942152291096,11.93839640534348,False,39.24,28.4,79039,632,4278,0,2278,0,0,0,0,0,0,1.1524999999999286,,,27.36744141770943,24.644226569281397,13.138604969074033,48.44731332649548,37.498422743697716,88.7670900941755,-0.20010160701489088,632,0.003883286236233855,155.07355771051172,26.14157895039735,51.522346262417564,-20.6625460342693,25.275500608805906,36.554577800932606,,0.20013005347810967,17.96724762751886,0.061292313052894176,0.009500664666021794,False,True,False,False,False,False,False,False,False,table,False,,False,,,0.0,
B-50ml-f0.25-p-8.5-side-y20-x-5.6-y-1.0,B,all,50,0.25,-8.5,side,20,-5.6,-1.0,25,37.64144115524114,13.984229076838627,11.769942152291096,11.93839640534348,False,70.41,29.49,58380,9365,7860,0,3207,0,0,48328,0,0,0,0.0025,9.559000000000191,19.624999999999613,51.45098081742124,35.01749455399853,14.948287935683632,42.788708732194365,37.498422743697716,93.87837214646932,-0.08562612336665554,9365,0.29142350087523156,112.62106780183215,7.7987681392077555,82.8927870758281,-57.534485844049755,24.17017092239697,36.94899302740276,9.402111476571317,9.411685245856917,28.957400619789375,2.716378528789453,0.792982674988245,False,True,False,False,False,False,False,False,False,table,False,1.7508825869112623,True,0.2800717605700991,0.7206114806833116,1.088,
B-60ml-f0.25-p-19.6-above-y295-x-5.2-y+4.7,B,all,60,0.25,-19.6,above,295,-5.2,4.7,25,40.0,14.736568804805119,14.178240740740737,7.236568804805119,False,44.24,28.4,2544,0,0,0,1503,0,0,20353,0,0,5879,1.0699999999999377,,,2.6933509105371023,9.529182568110281,55.96837752881197,61.03077476308044,43.1,0.9246104395514853,-0.200555343873976,0,0.005724096913313212,179.26725944965787,40.165843092677655,124.18696683823835,-109.44423176241406,5.863142894692526,46.66501402088899,,0.19575777911281406,43.962823149126066,18.63257643221032,42.629619208528666,False,False,False,False,False,False,False,False,False,table,False,,False,,,0.0,
B-60ml-f0.50-p+8.3-side-y47-x+5.6-y-1.7,B,all,60,0.5,8.3,side,47,5.6,-1.7,25,40.0,29.473137609610237,28.356481481481474,21.973137609610234,False,33.95,28.7,96070,77338,0,0,0,0,0,0,0,0,0,,9.24749999999981,19.60049999999967,0.6915951928674045,1.0084114897408993,6.997437998448805,42.94701497051356,43.1,99.32786366767166,4.734181228268075,77338,75.66921876211464,0.48933267652779744,8.87420158997687,22.186981921793507,9.751234212796945,0.2503492804710988,33.698212343828885,2.7256891832268835,2.731083017167384,1.57345295815067,0.10328394071153887,0.023234533705825046,True,True,True,True,True,True,True,False,True,recap,False,0.22355229764620246,True,0.3376865188270428,0.1958097807435217,0.301,
B-100ml-f0.50-p+9.6-above-y213-x-2.4-y-1.7,B,all,100,0.5,9.6,above,213,-2.4,-1.7,28,47.4252440598675,34.22604891043942,47.70813671160743,11.415172021995819,False,32.96,28.4,8868,92,0,0,0,0,0,2085,0,0,5880,,,,117.49421044245969,85.51282674032574,9.567739767563186,57.926588248187166,58.874954642185315,101.54053386179268,2.745929530339697,92,0.6098653285347916,313.086083220784,134.07680324303186,-74.88000297197341,-124.98006401292162,89.99928652924187,-1731679.8331502266,,2.7740283283964215,87.39896064783215,89.9995526374857,23.71137326181139,True,False,True,False,False,False,False,False,False,rig_clear,False,,False,,,0.0,
B-60ml-f0.25-p+10.7-side-y63-x+5.5-y-1.9,B,all,60,0.25,10.7,side,63,5.5,-1.9,25,40.0,14.736568804805119,14.178240740740737,7.236568804805119,False,28.78,28.75,45322,76098,0,0,0,0,0,0,0,0,0,,8.455499999998842,22.546999999992803,5.747292655401365,7.673246191231771,8.52496324312875,42.80332224350149,43.1,100.09687201536136,5.695726723574324,76098,78.30244863558096,1.222971853433832,10.623714882629887,7.737076366439096,8.87266817719279,3.2977628589927552,47.476262878980805,6.220748500114763,6.231567709600628,3.501733381779773,0.162675066168336,0.04236373001245963,True,True,True,False,True,True,False,False,True,lift,False,0.1946794471901364,True,0.2735220423174005,0.23080476388711937,0.354,
B-60ml-f0.50-p+7.6-diagonal-y84-x-4.3-y-0.6,B,all,60,0.5,7.6,diagonal,84,-4.3,-0.6,25,40.0,29.473137609610237,28.356481481481474,21.973137609610234,False,43.63,28.4,30848,3333,0,0,0,0,0,45134,0,0,0,,,,106.86579858245464,86.1863026489284,6.765407004574807,42.32718658117531,43.1,100.61372308788951,-0.19807670938239152,3333,0.003881436697536392,122.59929316930427,39.11911579875766,46.155198565069405,5.622697049681421,32.97322401792598,22.09948157020998,,0.06688416928443716,73.75143263570337,90.00004026289503,19.998840496407617,True,True,True,False,False,False,False,False,False,lift,False,,False,,,0.0,
B-100ml-f0.25-p-5.8-diagonal-y229-x-0.2-y-3.6,B,all,100,0.25,-5.8,diagonal,229,-0.2,-3.6,28,47.4252440598675,17.11302445521971,23.854068355803715,-5.697852433223887,False,28.7,31.4,115240,92339,0,0,0,0,0,0,0,0,0,,9.24749999999981,19.60049999999967,6.633456219187969,6.952902399229392,6.7654139192347005,57.630757837846865,58.874954642185315,100.51102237195053,5.318523017743909,92339,86.53088229598069,1.482806692832555,0.6707450561415869,21.87002045834518,-1.6956756940398332,7.172290889695762,56.41669222102041,0.025801279779578655,0.31386630180479835,7.1372721561624,1.1505668527535884,0.42804745876816647,True,True,True,False,True,True,False,True,True,lift,False,0.06367640675252287,False,,,3.0,
B-60ml-f0.25-p+1.7-side-y101-x+5.8-y-4.6,B,all,60,0.25,1.7,side,101,5.8,-4.6,25,40.0,14.736568804805119,14.178240740740737,7.236568804805119,False,21.42,28.4,20677,77715,666,0,0,0,0,0,0,0,5368,,8.89549999999938,,101.93042568232126,93.65605157372102,9.391937983789129,42.691150812812104,43.1,99.67303518894289,5.087592039986225,77715,57.93803585480429,0.6987411305209351,99.75234422535301,-45.99237267093774,-100.31266597774285,90.60578039002128,1750.9217939300656,,146.6154474780228,42.0180884542521,90.00004655541382,19.998906561320226,True,False,True,False,True,True,False,False,False,rig_clear,False,0.22297050830453186,False,,,0.0,
B-50ml-f0.25-p-8.9-diagonal-y218-x-4.2-y+2.4,B,all,50,0.25,-8.9,diagonal,218,-4.2,2.4,25,37.64144115524114,13.984229076838627,11.769942152291096,11.93839640534348,False,39.95,28.4,66059,67334,0,0,1991,0,0,5001,0,0,0,1.2974999999999126,7.99249999999829,,59.97038249312016,39.840479470656234,6.779743895989446,42.982407039839885,37.498422743697716,94.2275767554664,7.089804231857788,67334,78.5441053262358,4.915146213602553,4.388039262978214,13.170461596370215,4.024470398111851,12.238318517628253,40.86039393320661,,5.244352869994311,36.06458467194941,0.4205831710914642,0.1135230249992577,False,True,False,False,True,True,True,False,False,table,False,0.08060826725289971,False,,,0.0,
B-100ml-f0.50-p+1.8-above-y153-x+3.0-y-4.9,B,all,100,0.5,1.8,above,153,3.0,-4.9,28,47.4252440598675,34.22604891043942,47.70813671160743,11.415172021995819,False,29.56,28.82,91598,78812,0,0,0,0,0,0,0,0,0,,9.295499999999869,19.60049999999967,7.381338261942618,6.824393182737497,9.567807731516693,57.24211088892293,58.874954642185315,100.9014349608156,4.566866414666581,78812,81.0619446720235,1.7275685811330326,7.213964701454688,25.17938202041076,12.472658455661229,3.8916385405350464,40.550322290094165,-0.016701607436750636,0.26598516407783174,6.457590940027864,1.2074182697257333e-06,-0.0015665822490564458,True,True,True,False,True,True,True,True,True,lift,False,0.11320173112395934,True,0.3054035407121547,0.27235197414914386,0.416,
B-50ml-f0.80-p-2.0-side-y3-x-2.4-y+3.2,B,all,50,0.8,-2.0,side,3,-2.4,3.2,25,37.64144115524114,44.7495330458836,37.6638148873315,42.703700374388454,False,39.02,28.4,7576,0,0,0,0,0,0,104149,0,0,4240,,,,2.5774062386627095,1.2532273549093313,40.480388479711934,37.41486178948861,37.498422743697716,47.64103079329042,-0.20008818957267804,0,0.005664109661404267,149.59903724027092,39.882343397888974,92.97201146838323,-44.7970707425237,1.5226770931200042,13.305485199220625,,2.5414731067262744,79.47878709108252,89.98357482174092,19.098144748543913,True,False,True,False,False,False,False,False,False,rig_clear,False,,False,,,0.0,
B-50ml-f0.50-p+14.9-diagonal-y105-x+4.8-y-4.3,B,all,50,0.5,14.9,diagonal,105,4.8,-4.3,25,37.64144115524114,27.968458153677254,23.53988430458219,25.922625482182106,False,19.61,28.4,50135,63043,116,0,0,0,0,0,0,0,0,,9.27099999999984,,22.05551937706891,30.36101334007175,6.765403666487226,37.48128319226954,37.498422743697716,99.14768874759822,4.464060208009616,63043,72.67759620157045,0.7896189954911949,9.450914021153277,20.676646549221246,8.754934744107615,5.162744178370531,29.010902077509005,,14.018029125104498,34.94733685053514,90.00037601893393,19.11001184612401,True,True,True,False,True,True,False,False,False,lift,False,0.23998445880826466,False,,,0.0,
B-50ml-f0.50-p-8.0-diagonal-y178-x+4.6-y-3.4,B,all,50,0.5,-8.0,diagonal,178,4.6,-3.4,25,37.64144115524114,27.968458153677254,23.53988430458219,25.922625482182106,False,25.79,28.4,9080,2946,0,0,1877,0,0,3683,0,0,5645,1.3524999999999066,,,117.07254218091155,121.76100085054405,6.763696946326967,41.125705203719086,37.498422743697716,95.9416035986008,1.7964224576795806,2946,0.004056070462408838,297.009698123994,126.37252449015843,-49.76855183470417,-126.18811391422635,90.00015368743315,6288501.797362112,,0.2178335843275951,50.466334554120735,90.00015343109158,18.81963613719561,False,False,True,False,False,False,False,False,False,table,False,,False,,,0.0,
B-60ml-f0.50-p-4.4-above-y305-x+5.7-y+2.2,B,all,60,0.5,-4.4,above,305,5.7,2.2,25,40.0,29.473137609610237,28.356481481481474,21.973137609610234,False,24.43,28.7,50283,77291,0,0,0,0,0,0,0,0,0,,8.762499999999218,22.095499999993855,7.576291150157346,9.87494213253825,9.56780978409557,42.75582085081994,43.1,99.62899888479997,5.413833423044856,77291,76.10695361169583,0.528834023925395,9.093179778658419,22.926455212650755,10.753635646674448,12.115129630238926,29.913024908579988,2.5849434318304985,2.6016807166228118,10.583883947210591,0.3626289538032285,0.09354861658422707,True,True,True,False,True,True,True,False,False,lift,False,0.1722619057664152,True,0.29225798985890716,0.19742761143186202,0.304,
B-60ml-f0.50-p-8.1-diagonal-y229-x-3.8-y+5.9,B,all,60,0.5,-8.1,diagonal,229,-3.8,5.9,25,40.0,29.473137609610237,28.356481481481474,21.973137609610234,False,61.76,28.4,31206,3260,0,0,513,0,0,56411,0,0,0,1.5649999999998832,,,111.98797897005781,86.11303254916726,20.755687880748642,41.462830524149595,43.1,86.1546378595329,-0.20030459620971885,3260,0.0039094472973101296,122.34404697661402,39.40907010667712,46.13852074837478,-4.4388234404152405,25.567262188324438,25.16534978689833,,0.2886034629571186,132.5747521514401,90.00008150684288,20.26947833264707,False,True,True,False,False,False,False,False,False,table,False,,False,,,0.0,
B-50ml-f0.25-p-17.3-side-y102-x-4.4-y+0.3,B,all,50,0.25,-17.3,side,102,-4.4,0.3,25,37.64144115524114,13.984229076838627,11.769942152291096,11.93839640534348,False,36.87,28.4,47222,0,3617,0,3905,12,0,30,0,0,0,0.0025,,,34.777705799210636,12.531378077687627,90.50608839049788,60.497348812826054,37.498422743697716,76.99402909660469,-0.19755726667058937,0,0.007322107672917647,159.89334921038872,15.392144473065066,63.651133342414,-48.743909701714635,6.981676686265923,42.45353006501175,,0.501070988292796,94.96880052667588,90.00058266788544,18.90087455865053,False,True,False,False,False,False,False,False,False,table,False,,False,,,0.0,
B-50ml-f0.80-p+18.0-diagonal-y142-x-1.7-y-4.6,B,all,50,0.8,18.0,diagonal,142,-1.7,-4.6,25,37.64144115524114,44.7495330458836,37.6638148873315,42.703700374388454,False,31.37,28.97,123441,79149,0,0,0,0,0,71,0,0,0,,8.620499999999044,19.60049999999967,8.955282733843374,17.406716626961806,6.765446338847469,37.24204703229818,37.498422743697716,99.50662489155503,5.565940260630203,79149,85.48379203317448,0.6096148566930583,0.3253303325940887,36.75905968017337,9.838275558892773,16.26198854569275,8.833495674707656,1.1283105451658157,1.1764968142679841,30.30825234761172,90.000253136145,18.819693212907364,True,True,True,False,True,True,True,False,False,lift,False,0.059338410393345004,True,0.10732423351945394,0.37263412864389645,0.566,
B-50ml-f0.25-p-17.2-side-y110-x-1.9-y+0.4,B,all,50,0.25,-17.2,side,110,-1.9,0.4,25,37.64144115524114,13.984229076838627,11.769942152291096,11.93839640534348,False,47.48,28.4,72868,0,2377,0,3898,12,0,0,0,0,0,0.0025,,,32.730983512550495,17.525279805429278,90.82575641849118,60.27749784958826,37.498422743697716,77.39821439628683,-0.19569902120858407,0,0.0074573251517365,161.31598589010454,18.013794135215235,61.18907233099236,-35.58465586584308,20.710570225513546,38.14176964086788,,0.1990000633115332,22.88469715377597,4.56659829248955,1.338226135649897,False,True,False,False,False,False,False,False,False,table,False,,False,,,0.0,
B-60ml-f0.80-p+15.9-side-y53-x+5.2-y-4.2,B,all,60,0.8,15.9,side,53,5.2,-4.2,25,40.0,47.15702017537638,45.37037037037036,39.65702017537638,False,28.59,28.7,74996,77094,0,0,0,0,0,0,0,0,0,,8.686999999999125,19.60049999999967,6.780689435561408,9.810458164450266,7.6411777416052695,42.84934511897147,43.1,99.55880245338301,5.560111462101197,77094,78.34538327210328,1.5783827789049978,6.413657254806391,38.77545480549862,9.83866274502021,8.322252450984609,13.459923809871514,3.798250519119292,3.8080183490597186,6.777255856017698,0.553626063801084,0.1553759067968873,True,True,True,False,True,True,True,False,True,lift,False,0.20962101328400115,True,0.3341952491358341,0.19740370368154972,0.304,
B-50ml-f0.80-p-15.8-diagonal-y196-x+2.9-y+4.8,B,all,50,0.8,-15.8,diagonal,196,2.9,4.8,25,37.64144115524114,44.7495330458836,37.6638148873315,42.703700374388454,False,47.97,28.4,43750,0,0,0,2603,0,0,0,0,0,0,0.9924999999999461,,,0.19492375577186516,0.1456595485082813,21.260125322056492,55.11243644517752,37.498422743697716,81.98771389096265,-0.20030603722895335,0,0.003786886943702368,164.76283351637082,23.598620293303426,54.00329106059305,-7.657705401218712,5.695614511275567,12.071531795660572,,0.20011328855220994,19.702624172508003,1.2553593702708563,0.3569726902242832,False,True,False,False,False,False,False,False,False,table,False,,False,,,0.0,
B-100ml-f0.25-p-10.7-side-y221-x+2.5-y+0.1,B,all,100,0.25,-10.7,side,221,2.5,0.1,28,47.4252440598675,17.11302445521971,23.854068355803715,-5.697852433223887,False,27.34,28.76,79360,77633,0,0,0,0,0,0,0,0,0,,9.121999999999657,19.60049999999967,12.075232597592471,12.47601300636155,7.220896270546243,58.84563211926647,58.874954642185315,99.22876804403913,5.40496167866035,77633,83.44982354704392,1.230938384813666,2.8291375468156392,24.905676785858937,-4.073963197819927,12.922431625041805,54.182550960250346,0.20348310844911938,0.3471938376651295,12.336941723301349,0.6219850902950091,0.22895379010354985,True,True,True,False,True,True,False,True,False,lift,False,0.03220473711191833,True,0.13872759391429368,0.23594508741490208,0.361,
B-60ml-f0.50-p-2.3-diagonal-y226-x-4.1-y+2.4,B,all,60,0.5,-2.3,diagonal,226,-4.1,2.4,25,40.0,29.473137609610237,28.356481481481474,21.973137609610234,False,54.71,28.4,7960,0,0,0,0,0,0,98406,0,0,4517,,,,1.2809587826620583,1.0227158168974033,31.486623086282133,42.421780575800355,43.1,46.66235713951158,-0.2000973041434151,0,0.001682898437861645,150.2483270449923,41.387753015193354,77.74025376315686,-44.82444689133336,1.3261149547019158,33.360176682386005,,0.18173037513920423,29.725224581886373,19.03243527986661,5.865365284092829,True,False,True,False,False,False,False,False,False,rig_clear,False,,False,,,0.0,
B-100ml-f0.25-p-20.0-side-y189-x+1.0-y-1.2,B,all,100,0.25,-20.0,side,189,1.0,-1.2,28,47.4252440598675,17.11302445521971,23.854068355803715,-5.697852433223887,False,62.19,28.4,54646,1374,77,0,3681,0,0,0,0,0,0,0.0025,,,48.237651177894406,43.02163296178819,22.208719640744405,69.22491977911062,58.874954642185315,89.33896640438317,-0.201281629904404,1374,0.0017032987220749764,148.71677242273913,9.589612611062938,39.28878329265929,-14.949383304973182,19.348783074527393,51.558014765644025,,0.19826753333962654,11.568222621001238,2.622619555359186,0.9688578171657631,False,True,False,False,False,False,False,False,False,table,False,,False,,,0.0,
B-60ml-f0.50-p-18.3-above-y59-x-6.0-y+1.9,B,all,60,0.5,-18.3,above,59,-6.0,1.9,25,40.0,29.473137609610237,28.356481481481474,21.973137609610234,False,28.22,28.4,9384,0,0,0,1445,0,0,231,0,0,5642,1.1074999999999335,,,1.6908158456644997,7.230833264774045,65.63730682473359,59.442546353087614,43.1,0.6131855082059756,-0.199377842191234,0,0.0044339953546892194,186.84828086272898,14.934623812804126,145.1337347558745,-112.35245106399563,3.823346901549029,32.573936506711696,,0.1999212537892549,18.679405853407513,3.2601566979055225,1.0187998741962716,False,False,False,False,False,False,False,False,False,table,False,,False,,,0.0,
B-60ml-f0.25-p-11.6-above-y160-x+3.5-y-1.3,B,all,60,0.25,-11.6,above,160,3.5,-1.3,25,40.0,14.736568804805119,14.178240740740737,7.236568804805119,False,41.35,28.4,32415,1233,345,0,2061,0,0,13,0,0,5469,1.3349999999999085,,,105.94821845715444,89.78214775845511,9.561250800960805,50.298392499616206,43.1,92.02764594346043,-0.2015439167076527,1233,0.0028960561793623173,145.79751202654106,120.27026804012088,29.884542647855714,-100.1527665203041,50.23729979674615,26.88053903538042,,0.0051304811223380955,67.58318678083556,90.00016583069166,19.99893134640637,False,False,False,False,False,False,False,False,False,table,False,,False,,,0.0,
B-60ml-f0.25-p-10.6-above-y314-x-1.6-y+2.9,B,all,60,0.25,-10.6,above,314,-1.6,2.9,25,40.0,14.736568804805119,14.178240740740737,7.236568804805119,False,37.2,28.4,5876,0,0,0,1065,0,0,34379,0,0,5855,1.3824999999999033,,,1.9327873199411163,6.903307137634597,47.53465798968106,47.438636087212295,43.1,1.1782717430048801,-0.200054245438952,0,0.0026012733528316566,192.36536784223185,31.01625300987916,127.41765979049633,-110.34468230976265,0.5769614016150248,48.332167298216575,,0.20018379001603354,53.30626162015627,10.475316532678825,51.60790917561707,False,False,True,False,False,False,False,False,False,table,False,,False,,,0.0,
B-50ml-f0.25-p+11.5-diagonal-y80-x+1.3-y+0.7,B,all,50,0.25,11.5,diagonal,80,1.3,0.7,25,37.64144115524114,13.984229076838627,11.769942152291096,11.93839640534348,False,24.5,31.4,73925,93107,0,0,0,0,0,0,0,0,0,,9.260999999999827,19.60049999999967,5.110574112826562,8.81809472830797,6.765405196216316,37.49222056330455,37.498422743697716,99.17579039206795,4.561631835418856,93107,80.70785047394669,0.6209423692946782,5.231373050815973,6.461430197571922,9.16380432248827,7.005226521353612,42.44649266160943,1.8171146826396984,1.8253752879497034,9.11308345645861,1.5373263261064514,0.44729613235473326,True,True,True,False,True,True,True,False,True,lift,False,0.08311098139756702,False,,,3.0,
B-60ml-f0.50-p-3.5-above-y227-x+0.2-y+5.5,B,all,60,0.5,-3.5,above,227,0.2,5.5,25,40.0,29.473137609610237,28.356481481481474,21.973137609610234,False,38.81,28.8,116577,80978,0,0,0,0,0,0,0,0,0,,9.259499999999825,19.60049999999967,3.1630137221133956,4.2755515128631645,9.567809552520657,41.87519841794641,43.1,100.5276659587907,4.723273923743054,80978,85.44882721977679,0.5588456051152746,1.673290013607659,21.145318649925596,10.93697823857663,5.377387214461477,32.08252865625209,0.08187120909762224,0.3211117284954532,7.276888141286374,0.21124794274618744,0.05795420054865712,True,True,True,False,True,True,True,True,True,lift,False,0.06725029500071845,True,0.17409289948048143,0.26092315494584956,0.399,
B-50ml-f0.80-p-9.9-side-y314-x+2.1-y-3.6,B,all,50,0.8,-9.9,side,314,2.1,-3.6,25,37.64144115524114,44.7495330458836,37.6638148873315,42.703700374388454,False,72.57,28.4,56093,903,4402,0,3436,0,0,6,0,0,0,0.0025,,,22.92187999489164,30.98405743920567,13.762590359133846,44.498941045061365,37.498422743697716,91.96902066902594,-0.2008705807956257,903,0.0033834769443124666,152.30621216018685,15.418714462200324,63.342636056961155,-15.151552982043153,15.494999034483095,9.077572367948791,,0.1971374577829729,6.765829510727978,4.038968962679347,1.181717717619044,False,True,False,False,False,False,False,False,True,table,False,,False,,,0.0,
B-50ml-f0.80-p-8.1-side-y185-x-0.5-y+1.6,B,all,50,0.8,-8.1,side,185,-0.5,1.6,25,37.64144115524114,44.7495330458836,37.6638148873315,42.703700374388454,False,14.63,28.4,13804,2291,0,0,3099,0,0,11,0,0,6276,0.0025,,,94.69226192411672,90.13258708031734,14.953900734919646,41.847743784075284,37.498422743697716,94.83010265878858,1.4849433478703322,2291,0.0040418413750282454,299.5914756441242,134.80406690974667,-15.59279780085738,-131.9915222948469,90.00021573261343,4479906.670700252,,0.8641574228999916,29.830180847625616,90.00021557568863,18.819686120829115,False,False,True,False,False,False,False,False,False,table,False,,False,,,0.0,
B-50ml-f0.25-p+14.8-side-y68-x-3.6-y+2.1,B,all,50,0.25,14.8,side,68,-3.6,2.1,25,37.64144115524114,13.984229076838627,11.769942152291096,11.93839640534348,False,31.52,28.4,59228,18755,10812,0,0,0,0,51987,0,0,0,,9.41950000000002,,59.21961323362462,53.13784962498373,8.871039956591165,37.25004209553184,37.498422743697716,99.4227280610162,1.7824052973478,18755,89.36602460338261,13.390085855725037,12.362888594042051,86.00479489046195,-52.53455861833245,47.40565358181763,26.171843563514763,,2569.8369657854482,29.08384707915988,0.6276636405552315,0.17288894388871665,True,True,True,False,True,False,False,False,False,lift,False,0.8434599601687419,False,,,0.0,
B-60ml-f0.50-p-1.6-above-y31-x-3.1-y+3.9,B,all,60,0.5,-1.6,above,31,-3.1,3.9,25,40.0,29.473137609610237,28.356481481481474,21.973137609610234,False,20.87,28.4,7700,358,0,0,0,0,0,8463,0,0,5605,,,,101.17630758585742,71.5081314097087,9.560069959868182,41.89493364638947,43.1,96.0507964676302,0.24342601116865425,358,0.004089593301952703,253.12738899094356,126.94731848467278,-53.325963184884046,-125.46178143071558,90.00004016768635,25675498.931259573,,0.15513737468154193,53.06761673525336,90.0000404929125,19.998849073673593,True,False,True,False,False,False,False,False,False,rig_clear,False,,False,,,0.0,
B-60ml-f0.50-p+9.2-above-y158-x-3.5-y+2.5,B,all,60,0.5,9.2,above,158,-3.5,2.5,25,40.0,29.473137609610237,28.356481481481474,21.973137609610234,False,53.73,28.4,32737,3186,0,0,0,0,0,52145,0,0,0,,,,102.04244928844696,91.4626485830903,9.567740109672519,43.56575840929775,43.1,99.42285381080421,-0.3473167324607451,3186,0.9384566298555195,123.17616370226355,38.78575645078087,47.591926565250226,4.8367232945164815,32.71812596987069,22.213024732621275,,0.889127652253768,60.25160092162644,90.00105655467384,19.998644090346545,True,True,True,False,False,False,False,False,False,lift,False,,False,,,0.0,
B-50ml-f0.50-p+15.4-above-y159-x-5.1-y-0.9,B,all,50,0.5,15.4,above,159,-5.1,-0.9,25,37.64144115524114,27.968458153677254,23.53988430458219,25.922625482182106,False,21.71,28.4,7316,878,0,0,0,0,0,6606,0,0,5577,,,,101.05937979621164,97.1423286276852,9.567736762157178,42.96588399851647,37.498422743697716,98.93565727113528,0.5432998022495555,878,0.0041013776781761305,279.41176119623844,134.19105977848196,-44.981907483511335,-125.84688827082175,90.00015285281998,6322838.3638683865,,0.007381978650168283,57.83811516717549,90.00015268091119,18.819619742151104,True,False,False,False,False,False,False,False,False,rig_clear,False,,False,,,0.0,
B-100ml-f0.50-p-7.5-side-y92-x-1.9-y+2.5,B,all,100,0.5,-7.5,side,92,-1.9,2.5,28,47.4252440598675,34.22604891043942,47.70813671160743,11.415172021995819,False,32.2,28.4,61447,18645,7375,0,0,0,0,36291,0,0,0,,6.525999999999103,,31.42865291918933,32.589890207647294,9.561836407770224,58.12150039946346,58.874954642185315,95.54050275826215,11.091604721544455,18645,92.28153243350994,7.70915500148624,14.309736950053008,105.06262203044486,-66.53838003189202,27.706635778352027,30.692654086273173,,435.82957949173726,40.853743587816865,1.234724885154708,0.45977280561625555,True,True,True,False,True,False,False,False,False,lift,False,0.05437007332297972,False,,,0.0,
B-60ml-f0.25-p-19.3-diagonal-y282-x-4.8-y+2.8,B,all,60,0.25,-19.3,diagonal,282,-4.8,2.8,25,40.0,14.736568804805119,14.178240740740737,7.236568804805119,False,21.2,28.4,19060,0,1220,0,2690,0,0,0,0,0,4375,0.9499999999999508,,,80.58618731089136,94.25121079320937,24.267541120919038,64.77140205501162,43.1,78.5586703660466,-0.19723826722845006,0,0.006049804567273945,160.0174735263006,29.817652826955033,100.27552348818709,-88.15230157350126,17.875369444395034,42.70813358360712,,0.035217572880062935,19.713788039862425,90.00016594683727,19.998931415581794,False,False,False,False,False,False,False,False,False,table,False,,False,,,0.0,
B-50ml-f0.50-p-12.3-diagonal-y37-x+4.6-y+3.5,B,all,50,0.5,-12.3,diagonal,37,4.6,3.5,25,37.64144115524114,27.968458153677254,23.53988430458219,25.922625482182106,False,47.58,28.4,70303,513,4878,0,2325,0,0,0,0,0,0,1.129999999999931,,,17.50940238582174,16.60779737418543,14.178409710164928,49.70814453643328,37.498422743697716,88.20951585601597,-0.19420693866493977,513,0.00712888099435693,154.1949497082103,19.51501054944793,62.80759434311622,-24.545754678571868,18.647413820408236,24.842725533953335,,0.20008514391184393,25.398334012228098,0.4832199017698441,0.13570946296723255,False,True,False,False,False,False,False,False,False,table,False,,False,,,0.0,
B-100ml-f0.50-p-11.3-side-y250-x-2.2-y+1.8,B,all,100,0.5,-11.3,side,250,-2.2,1.8,28,47.4252440598675,34.22604891043942,47.70813671160743,11.415172021995819,False,83.53,28.4,52909,3681,791,0,0,0,0,51043,0,0,0,,,,38.30202322348011,31.970695904604366,10.81929221626188,58.349076561805234,58.874954642185315,91.10338155276813,-0.18993200490204087,3681,0.008104370434614289,128.12445597736098,36.96942024238891,56.052691807546225,-12.402494978777018,22.38596633164682,33.13534549858365,,0.19998019597480238,44.42683341732272,2.375675220486306,0.8891428604906426,True,True,True,False,False,False,False,False,False,lift,False,,False,,,0.0,
B-60ml-f0.80-p-1.8-side-y92-x+0.3-y-3.7,B,all,60,0.8,-1.8,side,92,0.3,-3.7,25,40.0,47.15702017537638,45.37037037037036,39.65702017537638,False,41.35,28.78,114791,80891,0,0,0,0,0,0,0,0,0,,9.21449999999977,19.60049999999967,5.208809697079394,7.913437170698508,9.56195733215833,42.427826436502556,43.1,99.86945494640798,4.809748990401638,80891,85.13534990559232,0.22090735905435696,0.7725581427738115,39.282968288281246,10.40189494066332,3.5122449239032267,14.988191364511707,0.14333044706461964,0.3315591358276098,4.577729835402496,0.18576947565902036,0.049238590195917656,True,True,True,False,True,True,True,True,True,lift,False,0.07457591474433485,True,0.20148895232015537,0.2509074884597371,0.384,
B-100ml-f0.50-p-12.4-side-y166-x-2.0-y-4.0,B,all,100,0.5,-12.4,side,166,-2.0,-4.0,28,47.4252440598675,34.22604891043942,47.70813671160743,11.415172021995819,False,74.29,28.4,58188,10678,7806,0,0,0,0,31476,0,0,0,,,,44.087795998266536,28.206886597079972,9.283506434270192,57.26244800026927,58.874954642185315,100.1002689625884,2.515543482070309,10678,1.2703292300655964,103.29082926216365,14.4984705877524,100.65640425310694,-64.77726666696074,17.249362269358592,35.32168156676608,,5.642670616884146,31.764239673564237,0.001190156175646271,-0.002928975385027137,True,True,True,False,False,False,False,False,False,lift,False,,False,,,0.0,
B-50ml-f0.50-p+17.4-above-y3-x-0.1-y-0.7,B,all,50,0.5,17.4,above,3,-0.1,-0.7,25,37.64144115524114,27.968458153677254,23.53988430458219,25.922625482182106,False,33.69,31.4,130827,91413,0,0,0,0,0,498,0,0,0,,9.25549999999982,19.60049999999967,8.807931941158817,15.547272153095253,9.567969919835072,37.44761194680387,37.498422743697716,99.23506423813573,4.617781401514379,91413,83.5781148237989,0.741030616102913,1.8914690795613331,20.408887686463405,9.087212363571185,14.971815736134953,26.024096211015337,0.8028182868982656,0.8556443391280961,43.06069130381004,1.4303780064867033,0.4146120451499498,True,True,True,False,True,True,True,True,False,lift,False,0.04058833009485764,False,,,3.0,
B-60ml-f0.25-p-15.1-diagonal-y98-x+5.7-y+0.8,B,all,60,0.25,-15.1,diagonal,98,5.7,0.8,25,40.0,14.736568804805119,14.178240740740737,7.236568804805119,False,22.4,28.4,19695,200,857,0,2372,0,0,0,0,0,4152,1.1074999999999335,,,215.44030382520245,89.58736471009064,15.028117012762234,56.7032121444163,43.1,86.35872789367873,-0.2000025073664452,200,0.0042643523007328335,157.01020537556604,41.296293034528134,100.30936733038706,-87.52189676245214,15.631832456748986,43.476959168151716,,0.0053296338883628835,218.4561557999207,90.00016585051479,19.9989313582188,False,False,False,False,False,False,False,False,False,table,False,,False,,,0.0,
B-50ml-f0.80-p+8.7-diagonal-y238-x-3.3-y+4.0,B,all,50,0.8,8.7,diagonal,238,-3.3,4.0,25,37.64144115524114,44.7495330458836,37.6638148873315,42.703700374388454,False,16.53,28.4,2814,282,0,0,0,0,0,15845,0,0,6291,,,,90.23303465245017,81.30352347076091,12.786724225771414,38.53533096575328,37.498422743697716,89.5739092617546,0.40300829923524406,282,0.00408471162084803,286.85449716696166,132.0704254648954,15.070759535015622,-131.96755664629728,90.00021271670136,4543422.901656977,,0.12016797435766886,9.574252594850854,90.00042417667925,19.075032145522655,True,False,True,False,False,False,False,False,False,rig_clear,False,,False,,,0.0,
B-60ml-f0.25-p+18.4-above-y176-x-4.5-y+4.5,B,all,60,0.25,18.4,above,176,-4.5,4.5,25,40.0,14.736568804805119,14.178240740740737,7.236568804805119,False,36.07,28.4,36798,2158,0,0,0,0,0,45358,0,0,0,,,,37.44822338485274,37.70210716558714,9.567735136097411,48.38993736500556,43.1,99.86191752527002,-0.19228264447770926,2158,0.006002838974535875,124.30921397116315,43.237275004959464,35.86826678183291,12.57397324752138,39.88509916301138,33.47104732921878,,0.01085519013670775,51.6722351320736,90.00016581113158,19.998939775029875,True,True,False,False,False,False,False,False,False,grip,False,,False,,,0.0,
B-50ml-f0.25-p+0.7-diagonal-y118-x-1.5-y-0.2,B,all,50,0.25,0.7,diagonal,118,-1.5,-0.2,25,37.64144115524114,13.984229076838627,11.769942152291096,11.93839640534348,False,19.21,28.4,3563,19,0,0,0,0,0,6505,0,0,5795,,,,100.17857073837322,97.09686040785166,6.759846775253052,37.26646150653914,37.498422743697716,99.73631987141032,0.16485297148795264,19,0.004105636450176989,275.76878206326995,107.68007259117961,-30.796559371980113,-107.49654012170551,90.00029437352518,3283148.8887266703,,0.5781966199314342,77.8812505016791,90.0005900745069,18.908867689814414,True,False,True,False,False,False,False,False,False,rig_clear,False,,False,,,0.0,
B-100ml-f0.80-p+17.4-diagonal-y164-x-2.9-y-0.3,B,all,100,0.8,17.4,diagonal,164,-2.9,-0.3,28,47.4252440598675,54.761678256703064,76.3330187385719,31.950801368259466,False,70.98,28.4,58226,2695,1118,0,0,0,0,43139,0,0,0,,,,79.13736785864354,54.03363229900201,6.765402520492993,58.6852775798361,58.874954642185315,101.25531532913023,-0.1969013827560484,2695,0.0021782450313355874,127.81373943009395,30.579292666318604,73.87276887269851,7.588082278345815,44.286038355435856,0.4483411683068699,,0.17663594387124662,65.69671828619501,89.99995263046397,23.713205190076636,True,True,True,False,False,False,False,False,False,lift,False,,False,,,0.0,
B-60ml-f0.50-p+6.7-diagonal-y237-x-2.9-y+2.1,B,all,60,0.5,6.7,diagonal,237,-2.9,2.1,25,40.0,29.473137609610237,28.356481481481474,21.973137609610234,False,15.49,28.4,8206,544,0,0,0,0,0,3729,0,0,5798,,,,99.5569294423547,97.7954859475139,9.258699358022714,42.47579073244571,43.1,97.37055480460421,0.2277542377295272,544,0.004089593302185827,288.97235555701695,125.70255570895664,22.831416600113155,-125.49340621877205,90.00004016073538,25679942.811970625,,0.009991226567231747,38.42349872079687,90.00004006534652,19.998808029478393,True,False,True,False,False,False,False,False,False,rig_clear,False,,False,,,0.0,
B-60ml-f0.50-p+19.8-above-y201-x-2.6-y+0.5,B,all,60,0.5,19.8,above,201,-2.6,0.5,25,40.0,29.473137609610237,28.356481481481474,21.973137609610234,False,44.39,31.4,126264,90358,0,0,0,0,0,715,0,0,0,,8.71499999999916,19.60049999999967,13.152769515599545,20.235447997335587,9.567909174910328,43.02568327161866,43.1,99.22674649778888,5.52903379160688,90358,85.5849305965037,0.635055110193668,0.25615212004466037,22.69720797342311,8.85222155166178,18.99852672008155,27.57948306667395,1.651523655325018,1.6861537895287455,38.952610286137336,8.144481502960801e-06,-0.0015694022983386805,True,True,True,False,True,True,True,False,False,lift,False,0.030355336753901157,False,,,3.0,
B-50ml-f0.50-p-5.9-diagonal-y48-x-0.0-y+5.0,B,all,50,0.5,-5.9,diagonal,48,-0.0,5.0,25,37.64144115524114,27.968458153677254,23.53988430458219,25.922625482182106,False,22.33,31.4,124592,90699,0,0,1078,0,0,0,0,0,0,1.5724999999998823,8.530999999998935,19.60049999999967,5.741594446274937,7.8278361175583715,6.765349667487319,37.735385448967016,37.498422743697716,98.94797470336569,5.324382406491066,90699,84.33267586253824,1.2535063508575846,1.8736609071512371,21.398599661639203,9.094368438760089,7.821816795242346,28.217784686529058,0.5472608019274545,0.6278569661129138,8.193016251515932,0.27429155300426644,0.07287036910935472,False,True,True,False,True,True,True,True,True,table,False,0.037934435200999324,False,,,3.0,
B-60ml-f0.50-p+3.6-above-y201-x-2.4-y+1.6,B,all,60,0.5,3.6,above,201,-2.4,1.6,25,40.0,29.473137609610237,28.356481481481474,21.973137609610234,False,102.32,28.4,40485,4466,0,0,0,0,0,63725,0,0,0,,,,108.13439341309483,94.08124364067929,9.560673311735385,44.24372904584684,43.1,99.14182957907893,0.8910809333474295,4466,2.1565017073596775,120.70240992432156,40.82284681574126,46.13447537753169,9.854120350484607,37.37012912190609,20.02968705068589,,3.513929960004616,95.6536249982649,89.99865404653193,19.99827085132857,True,True,True,False,False,False,False,False,False,lift,False,,False,,,0.0,
B-50ml-f0.25-p+15.1-above-y351-x+0.1-y-5.1,B,all,50,0.25,15.1,above,351,0.1,-5.1,25,37.64144115524114,13.984229076838627,11.769942152291096,11.93839640534348,False,30.29,31.4,80886,92882,0,0,0,0,0,427,0,0,0,,9.243999999999806,19.60049999999967,7.236014597428921,12.800312092594405,9.567771277389996,37.51594609208343,37.498422743697716,99.15305581802022,4.695774724746818,92882,81.67664581919124,0.5448651738436173,4.634988214826777,6.465592282863387,8.791918387418217,11.121120969863698,41.20336463030399,-0.17497805614390882,0.33414814730796544,33.91733545464113,0.07134658591423805,0.012475675421411953,True,True,True,False,True,True,True,True,False,lift,False,0.08508164768456263,False,,,3.0,
B-100ml-f0.80-p-13.5-side-y291-x+2.8-y+0.6,B,all,100,0.8,-13.5,side,291,2.8,0.6,28,47.4252440598675,54.761678256703064,76.3330187385719,31.950801368259466,False,26.96,31.4,85984,90842,0,0,0,0,0,0,0,0,0,,9.261999999999828,19.60049999999967,15.835272979409051,16.38121179481965,8.932236084947775,58.64606953833259,58.874954642185315,99.44814496727453,5.242244721778325,90842,82.04120732386885,1.7215548568123984,2.4323661628179187,49.41132610167197,8.66277293869777,16.463896069662468,15.108820667289791,-0.036354852444139114,0.24928903364338548,16.35647447733694,0.6914059290764144,0.2545278128434879,True,True,True,False,True,True,True,True,False,lift,False,0.036921701065044714,False,,,3.0,
B-60ml-f0.80-p-17.5-above-y16-x-3.3-y+1.8,B,all,60,0.8,-17.5,above,16,-3.3,1.8,25,40.0,47.15702017537638,45.37037037037036,39.65702017537638,False,28.46,28.4,9519,0,0,0,1409,0,0,52,0,0,6263,1.129999999999931,,,2.5954854132828022,12.366060109244545,66.11009026040345,60.67046698075861,43.1,1.9384646518516566,-0.20240074805713548,0,0.002537167958267277,196.18919913783157,14.412002456282536,154.8514782274265,-105.48056470823389,1.93419593979292,15.485103317833296,,0.20009465718820338,12.601447984554616,0.4485944388604997,0.13539289213364092,False,False,False,False,False,False,False,False,False,table,False,,False,,,0.0,
B-60ml-f0.25-p-5.7-diagonal-y21-x+1.6-y-1.8,B,all,60,0.25,-5.7,diagonal,21,1.6,-1.8,25,40.0,14.736568804805119,14.178240740740737,7.236568804805119,False,33.86,31.4,123028,91074,0,0,0,0,0,0,0,0,0,,8.489999999998885,19.60049999999967,3.945348214263074,5.64829922246311,6.7654139284379635,42.7089680981817,43.1,99.65565282588122,5.409606864193867,91074,84.61807518657996,0.6010486098753491,2.949340168066298,8.070299857353094,9.488197601321538,8.024159096084373,45.97595599580565,1.0316988032462606,1.0733575068105485,6.168898825394548,0.5484928500059741,0.15018594544805314,True,True,True,False,True,True,True,False,True,lift,False,0.052930398327308954,False,,,3.0,
B-50ml-f0.25-p-6.2-diagonal-y152-x+4.7-y-3.4,B,all,50,0.25,-6.2,diagonal,152,4.7,-3.4,25,37.64144115524114,13.984229076838627,11.769942152291096,11.93839640534348,False,29.08,28.4,83572,78507,0,0,1434,0,0,0,0,0,0,1.5174999999998884,6.787499999998958,,14.013713635273623,21.544299312499568,6.765197227276597,38.02871342373806,37.498422743697716,98.91566095899368,9.557797124831403,78507,78.48877308742402,1.8399977761514523,9.851119429922095,9.44717684624276,9.042267161176593,13.812402019495492,40.372148010265946,,8.943641880675353,11.055965655389892,0.08679934004521737,0.01715232127247202,False,True,True,False,True,True,False,False,False,table,False,0.031480235230302335,False,,,0.0,
B-50ml-f0.25-p-8.6-diagonal-y359-x-5.9-y+0.4,B,all,50,0.25,-8.6,diagonal,359,-5.9,0.4,25,37.64144115524114,13.984229076838627,11.769942152291096,11.93839640534348,False,56.71,28.4,62392,8059,6089,0,1957,0,0,36396,0,0,0,1.3149999999999107,7.819999999998386,,53.31349409741677,28.662052918566154,6.768992222847895,43.05438080914438,37.498422743697716,93.6569587031054,9.343565625260661,8059,0.5237509566329928,113.95673537348725,11.602045399909409,88.87160687026079,-62.35774860162942,23.196179771735245,37.290914847024005,,1670.9927834644245,32.89119077765426,2.781335193118407,0.8077936880983393,False,True,False,False,True,False,False,False,False,table,False,0.8695798837254723,False,,,0.0,
B-60ml-f0.50-p+17.8-above-y14-x+2.7-y+5.5,B,all,60,0.5,17.8,above,14,2.7,5.5,25,40.0,29.473137609610237,28.356481481481474,21.973137609610234,False,39.46,28.71,91428,78532,0,0,0,0,0,0,0,0,0,,8.720499999999166,20.62599999999728,7.992944701260466,12.603858539401665,9.567798041365192,42.82039354564479,43.1,99.53461042825003,5.331511283131015,78532,80.53779695101322,1.4527907256733994,6.585837729843009,20.940216427404504,9.43814580240973,11.900841771272331,29.98339124923189,6.146578407203409,6.154249608702097,9.810913220301362,0.5033619311393663,0.1521639186461849,True,True,True,False,True,True,True,False,True,lift,False,0.11781350520749778,True,0.18845604232635713,0.20255317415555693,0.311,
B-60ml-f0.25-p-5.7-above-y234-x+2.7-y+3.4,B,all,60,0.25,-5.7,above,234,2.7,3.4,25,40.0,14.736568804805119,14.178240740740737,7.236568804805119,False,30.63,28.71,89775,79061,0,0,0,0,0,0,0,0,0,,8.375499999998745,20.4889999999976,8.504970488025954,11.599069385422847,9.567810137782073,42.66152423456165,43.1,99.65004825336858,6.019830885323832,79061,82.37960184038673,0.9311541275057171,5.803444663311032,8.229489482635584,9.894405636407713,10.227610042127223,45.265764467973334,2.3318530753727353,2.365011455407036,8.487841555162932,1.377318227037748,0.427917057821762,True,True,True,False,True,True,True,False,True,lift,False,0.06753474924179298,True,0.2582452863020134,0.1990951590946228,0.306,
B-60ml-f0.50-p+6.9-side-y85-x-1.7-y+2.8,B,all,60,0.5,6.9,side,85,-1.7,2.8,25,40.0,29.473137609610237,28.356481481481474,21.973137609610234,False,20.57,28.4,10032,873,0,0,0,0,0,8534,0,0,5646,,,,98.71100639942811,88.23054968467346,10.861107393883216,42.58245944175228,43.1,96.23681618854393,0.27690704904688446,873,0.0040895933043387815,268.78150745981344,125.61506666854206,-65.13005177200863,-125.47667497625736,90.00004014854734,25687738.5538642,,0.05338127130695641,63.91624558723775,90.0000789272495,20.136853197535338,True,False,True,False,False,False,False,False,False,rig_clear,False,,False,,,0.0,
B-50ml-f0.80-p+11.5-diagonal-y202-x+2.6-y-0.9,B,all,50,0.8,11.5,diagonal,202,2.6,-0.9,25,37.64144115524114,44.7495330458836,37.6638148873315,42.703700374388454,False,30.68,28.77,106688,79516,0,0,0,0,0,0,0,0,0,,9.288999999999861,19.60049999999967,4.323106253731212,7.1036882897257385,6.765449261098646,37.42310267077321,37.498422743697716,99.23102896907184,4.115651329955742,79516,80.60114858558491,0.8254711568365067,3.006852162307789,36.821212939600194,9.83694836269372,7.012039356340774,11.679152678830954,0.5057725460742785,0.5297267674214372,4.802319691960839,0.8627290960513847,0.24801633405196555,True,True,True,False,True,True,True,True,True,lift,False,0.09614929801906007,True,0.21062359778677417,0.24416109627882648,0.374,
B-50ml-f0.80-p-14.5-diagonal-y185-x+2.8-y-4.2,B,all,50,0.8,-14.5,diagonal,185,2.8,-4.2,25,37.64144115524114,44.7495330458836,37.6638148873315,42.703700374388454,False,33.55,28.4,45091,0,1293,0,2500,0,0,0,0,0,0,1.0424999999999407,,,8.228636778664224,8.910149537178526,18.426106926315917,53.24064838700097,37.498422743697716,84.23003277891414,-0.20044540875133188,0,0.0023717666720134514,160.3543542838403,21.719570639185633,56.77775357464132,-6.9204585014584765,8.18960994138034,11.326289217662605,,0.20011491003825713,19.264868080657372,0.09619804885518173,0.019202844802719516,False,True,False,False,False,False,False,False,False,table,False,,False,,,0.0,
B-100ml-f0.25-p+4.8-side-y256-x+1.4-y-5.5,B,all,100,0.25,4.8,side,256,1.4,-5.5,28,47.4252440598675,17.11302445521971,23.854068355803715,-5.697852433223887,False,34.22,29.04,82907,81833,0,0,0,0,0,0,0,0,0,,9.284999999999856,19.60049999999967,8.404502705252463,9.447312388908317,9.283584119284317,57.207333019714504,58.874954642185315,101.44532837390231,4.763457416459296,81833,84.45595602360694,2.3792254564637982,4.144813599356139,20.887278702684696,-0.8946884571231495,1.1732887958896292,58.68863282519303,-0.08745918267007582,0.3084911670670426,5.890709861587602,5.4668187275950014e-06,-0.0015413160699357764,True,True,True,False,True,True,False,True,True,lift,False,0.0803123211513867,True,0.2459872707536336,0.42078821571058816,0.638,
B-60ml-f0.50-p-19.6-side-y192-x+3.7-y+5.8,B,all,60,0.5,-19.6,side,192,3.7,5.8,25,40.0,29.473137609610237,28.356481481481474,21.973137609610234,False,42.83,28.4,29121,0,4950,0,3900,12,0,0,0,0,0,0.0025,,,39.96722558796327,37.53881511751755,81.263199628167,63.79110569341362,43.1,78.91471063822803,-0.20051686526338652,0,0.002100168599008096,170.39973499697504,25.448965083943502,58.91457296826013,-8.989668330346284,32.78907356333517,22.181511679143597,,0.19944481323276275,18.809299201249846,3.3015640688611465,1.030334146585143,False,True,False,False,False,False,False,False,False,table,False,,False,,,0.0,
B-100ml-f0.50-p+10.4-diagonal-y332-x-1.1-y-1.3,B,all,100,0.5,10.4,diagonal,332,-1.1,-1.3,28,47.4252440598675,34.22604891043942,47.70813671160743,11.415172021995819,False,36.88,28.4,60168,32382,11976,0,0,0,0,21891,0,0,0,,7.18099999999874,,56.89881353426035,43.642078593515635,6.765558181924646,58.637831612055436,58.874954642185315,100.69426948236016,8.931840976375074,32382,95.39107683012324,8.710271306660596,15.011736961777476,101.22559382682188,-60.41734589989126,32.80956249208811,28.115035307269476,,13.664559533458657,43.28588026956329,2.475519662087009,0.926520451567802,True,True,True,False,True,False,False,False,False,lift,False,0.25251449819747934,False,,,0.0,
B-50ml-f0.50-p+2.8-diagonal-y349-x-3.2-y-4.4,B,all,50,0.5,2.8,diagonal,349,-3.2,-4.4,25,37.64144115524114,27.968458153677254,23.53988430458219,25.922625482182106,False,62.74,28.4,1253,0,0,0,0,0,0,79714,0,0,4898,,,,59.54276429925819,7.113373617344907,48.64340972440409,37.239182867460926,37.498422743697716,58.12150315909648,-0.20006815005395306,0,0.00023029977457103218,144.27550690789553,37.758481035061635,124.46970443753925,-94.42317638521128,0.4503592272515575,30.402353571999996,,1.1219761808429596,61.66342472062745,90.00031399730074,19.11497548224076,True,False,True,False,False,False,False,False,False,rig_clear,False,,False,,,0.0,
B-100ml-f0.25-p+1.1-side-y176-x-2.3-y+5.5,B,all,100,0.25,1.1,side,176,-2.3,5.5,28,47.4252440598675,17.11302445521971,23.854068355803715,-5.697852433223887,False,61.54,28.4,51846,3391,1063,0,0,0,0,44996,0,0,0,,,,60.72396922575479,45.05918759487506,10.237118443452188,57.0656278829419,58.874954642185315,98.98980921681733,-0.19878194168511387,3391,0.005262300936149096,127.33178880664647,39.798410107534046,52.00414481792677,-12.65979494628583,28.46622017045211,47.43837513909999,,0.4416748814270504,49.68778145115075,90.00001278613638,23.71144980481332,True,True,True,False,False,False,False,False,False,lift,False,,False,,,0.0,
B-60ml-f0.80-p+9.3-above-y225-x+4.7-y-0.0,B,all,60,0.8,9.3,above,225,4.7,-0.0,25,40.0,47.15702017537638,45.37037037037036,39.65702017537638,False,39.4,28.71,109938,77848,0,0,0,0,0,0,0,0,0,,9.274999999999844,19.60049999999967,2.4079911803084175,3.22530675765328,9.567802632756674,43.086319465989625,43.1,99.16094259406209,4.364588911670076,77848,77.47780178937052,0.7610300510873008,5.327355226722371,39.6810950182978,9.711246683636876,2.7273902397395218,15.235497143265416,2.161579895686738,2.1834803059503076,2.2270894492492688,3.4150945850063763e-06,-0.0015483883214969002,True,True,True,True,True,True,True,False,True,recap,False,0.14393690078115182,True,0.20589003904368916,0.20415099412939292,0.314,
B-60ml-f0.80-p-1.2-above-y278-x+0.8-y-2.9,B,all,60,0.8,-1.2,above,278,0.8,-2.9,25,40.0,47.15702017537638,45.37037037037036,39.65702017537638,False,28.22,28.72,76173,80503,0,0,0,0,0,0,0,0,0,,8.907499999999395,19.60049999999967,0.938665403000183,1.3916943118625045,9.567808862610127,42.79116451912298,43.1,99.54299499483618,4.916632348813538,80503,85.36542821192732,0.31783819437767896,0.5527170192567321,39.45948631424674,10.211703330037764,2.5936773249492346,15.277595020432893,0.23804695544926632,0.41936561956617185,3.1488499294814165,1.4910515715604623e-05,-0.0015458092562675467,True,True,True,True,True,True,True,True,True,,True,0.06985582853491709,True,0.1280065697111918,0.20597786348186764,0.316,
B-100ml-f0.25-p-14.5-above-y199-x-2.1-y+1.0,B,all,100,0.25,-14.5,above,199,-2.1,1.0,28,47.4252440598675,17.11302445521971,23.854068355803715,-5.697852433223887,False,74.73,28.4,69712,4016,0,0,620,0,0,55006,0,0,0,1.5724999999998823,,,44.06283135314953,30.993410749262996,14.555270688975414,59.12497315422632,58.874954642185315,93.02543210550085,3.290274746217625,4016,0.5437500251495117,126.54557744010268,41.59593470837447,55.27433124745683,-24.805816532466217,20.70762839613492,50.97859719208542,,0.8240892596967063,34.57914396293808,90.00002661596186,24.055728795839325,False,True,True,False,False,False,False,False,False,table,False,,False,,,0.0,
B-50ml-f0.80-p-18.3-above-y123-x-5.9-y+2.7,B,all,50,0.8,-18.3,above,123,-5.9,2.7,25,37.64144115524114,44.7495330458836,37.6638148873315,42.703700374388454,False,13.67,28.4,5180,35,0,0,2761,0,0,7712,0,0,6270,1.0424999999999407,,,78.5810824968945,97.93767630527286,27.571358689828422,52.10207688339335,37.498422743697716,78.06403508870372,0.42876895693415296,35,0.004084711618315368,270.0787916939956,131.46409290019193,-21.86449964268304,-131.44789778209434,90.00021314362192,4534322.5834236415,,0.0040847906839048915,19.67286814338409,90.00021302213727,18.81966873105121,False,False,False,False,False,False,False,False,False,table,False,,False,,,0.0,
B-60ml-f0.80-p+19.8-side-y245-x+1.0-y+3.3,B,all,60,0.8,19.8,side,245,1.0,3.3,25,40.0,47.15702017537638,45.37037037037036,39.65702017537638,False,28.89,28.77,101096,77922,0,0,0,0,0,567,0,0,0,,8.811499999999278,19.60049999999967,10.935862819307374,16.168470753074843,8.671356030115685,42.894111445490786,43.1,99.35494805151367,5.0267669776374175,77922,82.39884428821665,0.27721493402326275,2.5567753471756722,39.312225928901796,9.237381354759405,16.02090947750343,10.92445311594369,0.2561866409259215,0.412439516195265,34.38783893766529,1.6059530321566249,0.49008371637313236,True,True,True,False,True,True,True,True,False,lift,False,0.06350336547329685,True,0.18742909480245268,0.24253814803546808,0.371,
B-60ml-f0.50-p-9.2-side-y340-x-5.8-y+0.4,B,all,60,0.5,-9.2,side,340,-5.8,0.4,25,40.0,29.473137609610237,28.356481481481474,21.973137609610234,False,33.79,31.4,24388,0,0,0,1406,0,0,141,0,0,5693,0.0025,27.697999999980798,27.698499999980797,1.0932867799871377,2.3955573700959696,66.03069160130946,45.608517403241464,43.1,0.345941932627097,-0.2000836368271225,0,0.002265506603594354,197.85719688814922,16.176177519098296,145.4646148730997,-113.38646919625972,0.3754135720716533,33.65892105058297,3.5677248949027702,3.6714188525766307,40.77034298592119,98.08478076960176,28.71171383983281,False,False,True,False,False,False,False,False,False,table,False,-0.00020920005347645521,False,,,3.0,
B-100ml-f0.80-p+11.1-diagonal-y220-x-5.2-y+5.2,B,all,100,0.8,11.1,diagonal,220,-5.2,5.2,28,47.4252440598675,54.761678256703064,76.3330187385719,31.950801368259466,False,16.74,28.4,6650,128,0,0,0,0,0,2220,0,0,5567,,,,116.39514757874034,88.60706057550428,6.765405281890395,57.15932116449646,58.874954642185315,102.70170845307631,0.18817894636294352,128,0.0042702136529253676,306.43938920630666,148.6373711681038,-88.42886509754118,-147.0798834083259,89.99997728690626,-54397363.36741691,,0.008756375089825427,81.92479421419995,89.99997726630083,23.71142240491334,True,False,True,False,False,False,False,False,False,rig_clear,False,,False,,,0.0,
B-100ml-f0.80-p+1.3-side-y59-x+4.4-y-4.2,B,all,100,0.8,1.3,side,59,4.4,-4.2,28,47.4252440598675,54.761678256703064,76.3330187385719,31.950801368259466,False,26.88,28.7,49927,77780,0,0,0,0,0,0,0,0,0,,9.288999999999861,19.60049999999967,10.49048174120127,10.179783371287957,8.201194721557254,57.452798673863434,58.874954642185315,100.7665952774106,4.7304310369473415,77780,79.26304018358199,2.1131342294074944,6.905703108512752,45.504012633213804,12.890285398763663,6.140319394122345,19.161736829359434,1.4386220657656694,1.4406607222472245,7.165336026488348,0.027456628969217182,0.0005893994032864178,True,True,True,False,True,True,True,False,True,lift,False,0.1714884229677452,True,0.36097423898571396,0.19569329218240694,0.301,
B-100ml-f0.25-p-1.8-diagonal-y43-x-1.8-y-5.4,B,all,100,0.25,-1.8,diagonal,43,-1.8,-5.4,28,47.4252440598675,17.11302445521971,23.854068355803715,-5.697852433223887,False,40.87,28.4,61102,15615,6702,0,0,0,0,32135,0,0,0,,7.452999999998589,,49.08730892243209,37.95371710672703,6.765431181978608,57.163866902686834,58.874954642185315,101.16318633827557,11.168505415434904,15615,97.25370732358007,9.433598830507568,13.90947350493615,107.44126288253229,-82.77761720370188,28.63525714401379,47.35592100835924,,16.248021111103192,35.3149799918782,0.4643674207363278,0.1641946522998457,True,True,True,False,True,False,False,False,False,lift,False,0.5856968130457514,False,,,0.0,
B-100ml-f0.50-p-7.1-side-y216-x+5.8-y-6.0,B,all,100,0.5,-7.1,side,216,5.8,-6.0,28,47.4252440598675,34.22604891043942,47.70813671160743,11.415172021995819,False,28.09,28.7,60509,74294,0,0,0,0,0,0,0,0,0,,9.29649999999987,19.60049999999967,19.12049308141531,18.573362027842073,7.740499063708689,56.89893368243257,58.874954642185315,101.39796637566226,4.641884320319645,74294,75.30041511919758,1.2914507033183438,12.56890700196115,26.425358025527103,13.846244809410907,16.21461151419416,35.746335714600896,0.21122094557911086,0.36137478242989446,18.594652853659614,0.23667846372371157,0.08045157296486218,True,True,True,False,True,True,False,True,False,lift,False,0.294123207388181,True,0.3891874615515192,0.19740796607447464,0.304,
B-60ml-f0.25-p-15.4-side-y290-x+5.3-y-3.1,B,all,60,0.25,-15.4,side,290,5.3,-3.1,25,40.0,14.736568804805119,14.178240740740737,7.236568804805119,False,42.46,28.4,35011,0,4094,0,3830,0,0,0,0,0,0,0.0025,,,48.4728197603547,59.8287950865416,58.636383911210515,57.15682324857978,43.1,86.98210136327,-0.20043623963987567,0,0.002823283571836059,157.07215678350056,31.005316252384716,44.842783050636676,-8.109147897325474,30.419129435214934,37.94481403551835,,0.20007422051133159,34.700434121924,1.0298591662608874,0.31814936266495225,False,True,False,False,False,False,False,False,False,table,False,,False,,,0.0,
B-100ml-f0.25-p+3.4-above-y203-x+5.4-y-1.6,B,all,100,0.25,3.4,above,203,5.4,-1.6,28,47.4252440598675,17.11302445521971,23.854068355803715,-5.697852433223887,False,35.48,28.72,85037,78008,0,0,0,0,0,0,0,0,0,,9.24749999999981,19.60049999999967,4.785411191801723,4.621868446538478,9.567806981780489,58.345785128760625,58.874954642185315,99.72566911469889,5.277910997222232,78008,77.23097677902787,0.7448390343161462,10.543742356869252,23.85590559069092,-2.9877661570211487,4.246380388797446,57.5291583092322,1.2131356483807925,1.2360494691121289,5.216095619359525,0.42261590524184584,0.1523161097255984,True,True,True,False,True,True,False,False,True,lift,False,0.18506263528915318,True,0.2882498729539219,0.21066338814065586,0.324,
B-60ml-f0.80-p+4.6-above-y324-x-1.7-y+5.8,B,all,60,0.8,4.6,above,324,-1.7,5.8,25,40.0,47.15702017537638,45.37037037037036,39.65702017537638,False,22.18,28.4,7234,639,0,0,0,0,0,2540,0,0,6281,,,,100.33523163143572,99.82031772634997,9.561121197622647,42.525594915329044,43.1,98.71182613185563,0.22385789957478364,639,0.004073850609867127,290.7104872885595,137.15140653118817,13.074427597457928,-136.27026336884035,90.00010417595512,9899844.033813542,,0.1697111053496254,120.20133989499418,90.00020262323007,20.13138598371529,True,False,True,False,False,False,False,False,False,rig_clear,False,,False,,,0.0,
B-100ml-f0.80-p+11.9-diagonal-y138-x-0.8-y-2.3,B,all,100,0.8,11.9,diagonal,138,-0.8,-2.3,28,47.4252440598675,54.761678256703064,76.3330187385719,31.950801368259466,False,35.54,28.4,53247,3295,3232,0,0,0,0,43970,0,0,0,,,,80.10349061996308,63.376483606846286,6.76540491541356,57.79588241996387,58.874954642185315,101.04806325587259,-0.18364726015049349,3295,0.005635361249031822,132.30860614418756,14.308452405002905,113.81106743698172,-41.02321189004285,47.49191163439176,-2.044810324657094,,0.1771758331607432,60.31259098708841,89.9999541248404,23.912519026236325,True,True,True,False,False,False,False,False,False,lift,False,,False,,,0.0,
B-50ml-f0.50-p+11.1-diagonal-y101-x-2.9-y+0.3,B,all,50,0.5,11.1,diagonal,101,-2.9,0.3,25,37.64144115524114,27.968458153677254,23.53988430458219,25.922625482182106,False,33.21,28.4,25824,357,0,0,0,0,0,49226,0,0,0,,,,11.59013559586889,6.412775285116952,6.765423126662281,40.48434536782607,37.498422743697716,98.10915200826692,-0.1946282224991741,357,0.006753663766534974,121.86913163450483,32.92640264712656,37.06680693316246,-0.8906508421934745,10.072092415988887,27.538788973667295,,0.20008339940808045,39.9054725417913,0.33936703119893885,0.081469649006702,True,True,True,False,False,False,False,False,False,lift,False,,False,,,0.0,
B-100ml-f0.50-p-10.5-diagonal-y162-x+0.1-y+3.7,B,all,100,0.5,-10.5,diagonal,162,0.1,3.7,28,47.4252440598675,34.22604891043942,47.70813671160743,11.415172021995819,False,24.1,28.4,69827,52722,0,0,0,0,0,6336,0,0,0,,7.408999999998613,,25.40528423522759,19.696643450100208,6.7654164699468975,57.669510909109036,58.874954642185315,99.99253393505332,12.024545935692728,52722,98.49129329797887,6.819724414025251,4.715770404383045,26.904556871981885,9.603448154109767,7.375576930924982,39.22591145566038,,3645.2788755251336,21.035964904952614,0.5305755291706828,0.19227216672651998,True,True,True,False,True,False,True,False,False,lift,False,0.03772598657739982,False,,,0.0,
B-50ml-f0.80-p+8.1-diagonal-y138-x-0.4-y-5.6,B,all,50,0.8,8.1,diagonal,138,-0.4,-5.6,25,37.64144115524114,44.7495330458836,37.6638148873315,42.703700374388454,False,30.84,28.93,111745,79353,0,0,0,0,0,135,0,0,0,,8.716999999999162,19.60049999999967,5.9389517027634,10.036737667550263,6.765450906504603,37.31914500835126,37.498422743697716,99.28183640079865,5.230237384340447,79353,85.58277853889795,0.35424996849586526,0.32766888520923443,37.27546347771118,9.718728350168126,6.8003267281489554,11.742395405403515,0.21954423644557966,0.38978628245180036,29.629495855964134,0.4931057189013478,0.13875088124550428,True,True,True,False,True,True,True,True,False,lift,False,0.037902954590813144,True,0.13267469440722804,0.3492881702348198,0.531,
B-100ml-f0.25-p+18.3-above-y159-x-5.2-y-0.9,B,all,100,0.25,18.3,above,159,-5.2,-0.9,28,47.4252440598675,17.11302445521971,23.854068355803715,-5.697852433223887,False,26.25,28.4,7912,36,0,0,0,0,0,8198,0,0,6107,,,,130.08906256227007,84.4510039058059,9.567735123818172,58.165409400210514,58.874954642185315,102.55978417551896,0.19292355969376118,36,0.004288066039473413,327.71366939707366,119.13481024697685,-108.38412737216109,-118.13011297910478,90.00001211350535,101996373.6340079,,0.004312644505393576,109.86174271306535,90.00001208154507,23.71144929957847,True,False,True,False,False,False,False,False,False,rig_clear,False,,False,,,0.0,
B-50ml-f0.80-p+15.7-side-y67-x+3.1-y-1.0,B,all,50,0.8,15.7,side,67,3.1,-1.0,25,37.64144115524114,44.7495330458836,37.6638148873315,42.703700374388454,False,30.55,28.73,91407,78462,0,0,0,0,0,0,0,0,0,,8.645999999999075,19.60049999999967,6.449329834517387,10.996597598767691,8.807198343196342,37.44039947568216,37.498422743697716,99.20639344819728,5.33571273328283,78462,80.68182536722935,0.687594275944146,3.89761552027359,36.62722207459963,9.601906212398065,10.373202466683983,10.666184068997632,2.3123015260053252,2.3138737114675463,6.543266962622346,1.433269819326423,0.41160337773603983,True,True,True,False,True,True,True,False,True,lift,False,0.09172839749719106,True,0.20639275756238218,0.21582275369181947,0.331,
B-50ml-f0.80-p+14.6-side-y2-x-3.7-y-4.7,B,all,50,0.8,14.6,side,2,-3.7,-4.7,25,37.64144115524114,44.7495330458836,37.6638148873315,42.703700374388454,False,19.29,28.4,6212,446,0,0,0,0,0,8647,0,0,6276,,,,97.01477583867936,98.4241534712765,9.561900212273843,40.17848623085213,37.498422743697716,94.96100704366206,0.5603742088860497,446,0.004033737511293123,281.64446941754915,149.38808665022717,-67.51137319547392,-131.6874361727964,90.00021258324642,4546275.150634346,,0.1808968960514498,92.45223003549232,90.00021248552984,18.81968441687115,True,False,True,False,False,False,False,False,False,rig_clear,False,,False,,,0.0,
B-100ml-f0.25-p-9.6-diagonal-y145-x-3.7-y-2.2,B,all,100,0.25,-9.6,diagonal,145,-3.7,-2.2,28,47.4252440598675,17.11302445521971,23.854068355803715,-5.697852433223887,False,104.52,28.4,60194,3769,837,0,0,0,0,47360,0,0,0,,,,39.19035444820615,31.476726772131524,11.777236086707912,57.73010831276041,58.874954642185315,96.02587074093856,-0.20017204858266413,3769,0.0004889571918847065,127.96520723086819,38.97891004641435,52.08179625847527,-21.963000931641567,22.714960283566924,50.10319711966804,,1.6418459216418966,43.84515382707468,1.362922668764781,0.5016565891237412,True,True,True,False,False,False,False,False,False,lift,False,,False,,,0.0,
B-60ml-f0.80-p+15.2-above-y210-x-1.7-y+0.8,B,all,60,0.8,15.2,above,210,-1.7,0.8,25,40.0,47.15702017537638,45.37037037037036,39.65702017537638,False,26.59,28.4,7891,287,0,0,0,0,0,5149,0,0,6308,,,,105.10178603726982,85.81005719473252,9.567736849306458,42.87097832480184,43.1,99.66249183451659,0.2423747654808489,287,0.004073850609734313,286.93430411153264,135.85152613753726,-76.91698871272644,-135.84689491000458,90.00010418483777,9898999.98837111,,0.006724406156317034,71.68953035715087,90.00010413214086,19.998894726975337,True,False,True,False,False,False,False,False,False,rig_clear,False,,False,,,0.0,
B-60ml-f0.25-p+1.2-above-y237-x-4.1-y-4.7,B,all,60,0.25,1.2,above,237,-4.1,-4.7,25,40.0,14.736568804805119,14.178240740740737,7.236568804805119,False,55.68,28.4,37394,1616,0,0,0,0,0,61399,0,0,0,,,,103.51423199617575,100.80875611524532,9.56568888239985,41.69677551403645,43.1,98.34787988227716,-0.19994854886602742,1616,0.0052243242785433176,122.44086029030119,45.49766463518749,35.033433110914544,4.024773759767896,30.454849361182774,37.92971818066155,,0.6975859626125064,84.48104648771356,90.0003354306974,20.315833659749856,True,True,True,False,False,False,False,False,False,lift,False,,False,,,0.0,
B-100ml-f0.50-p+18.0-side-y288-x+3.8-y-5.0,B,all,100,0.5,18.0,side,288,3.8,-5.0,28,47.4252440598675,34.22604891043942,47.70813671160743,11.415172021995819,False,14.34,28.4,50146,52188,1,0,0,0,0,0,0,0,0,,8.610999999999033,,12.455088094695235,14.273567874657145,9.099452735212093,57.24849250707398,58.874954642185315,101.66471904798986,5.557602803227035,52188,82.2320886753605,4.408043160144069,8.495880421932037,23.62344588445773,11.666501285010067,11.156430044951456,37.76448313131051,,756.6450789098095,3.5633034681244244,1.4485793225739407,0.5331424013194225,True,True,True,False,True,True,False,False,True,lift,False,0.1433539008567442,False,,,0.0,
B-100ml-f0.80-p-8.9-above-y143-x+5.1-y-4.4,B,all,100,0.8,-8.9,above,143,5.1,-4.4,28,47.4252440598675,54.761678256703064,76.3330187385719,31.950801368259466,False,26.98,28.7,44578,76972,0,0,0,0,0,0,0,0,0,,9.284499999999856,19.60049999999967,13.18456885711494,12.844575610517905,9.567810866408344,57.44526984542195,58.874954642185315,101.03780930481535,4.809461663059386,76972,77.51919999971882,1.0433892430685203,7.761981872801386,46.81814572779567,12.67476891404143,16.656614104991498,15.029874854879752,2.9196075997642557,2.931559183088155,7.12295784679013,1.915966449435217,0.7157178676318707,True,True,True,False,True,True,True,False,True,lift,False,0.2113599704052846,True,0.37814904380495773,0.19563397593703535,0.301,
B-100ml-f0.25-p+9.2-diagonal-y16-x+0.7-y+2.9,B,all,100,0.25,9.2,diagonal,16,0.7,2.9,28,47.4252440598675,17.11302445521971,23.854068355803715,-5.697852433223887,False,18.25,28.7,112828,79752,0,0,0,0,0,0,0,0,0,,9.289999999999862,19.60049999999967,14.96189040231854,16.241477906299814,6.765450380051899,57.95375163246942,58.874954642185315,100.66877682958766,4.825837871755779,79752,84.89850923710324,1.4858288858928128,2.8931307030408293,21.703765742511365,-1.9408355850033394,6.438622015248245,56.69675595457809,-0.08071754706903746,0.3442126912737811,7.670184540347374,0.8124850559085299,0.3008279622858624,True,True,True,False,True,True,False,True,True,lift,False,0.06043459482143049,True,0.11709829235842402,0.19426739502698276,0.299,
B-50ml-f0.25-p-15.0-above-y328-x+2.5-y+2.6,B,all,50,0.25,-15.0,above,328,2.5,2.6,25,37.64144115524114,13.984229076838627,11.769942152291096,11.93839640534348,False,25.11,28.4,67735,0,6832,0,2537,0,0,622,0,0,0,1.1349999999999305,,,110.75680763788404,90.47834899060591,19.471888278473447,56.09684002414189,37.498422743697716,80.42698493526245,-0.19487257747258235,0,0.007793723594077689,143.7527494594715,8.334263941011814,71.60288157852932,-50.63164556668158,16.479744686655422,39.52915979222005,,0.7208296074878141,90.14730333301232,90.00029728250594,18.81972988184814,False,True,False,False,False,False,False,False,False,table,False,,False,,,0.0,
B-60ml-f0.50-p-12.4-side-y285-x+4.1-y+3.0,B,all,60,0.5,-12.4,side,285,4.1,3.0,25,40.0,29.473137609610237,28.356481481481474,21.973137609610234,False,57.55,28.4,52123,868,1282,0,2547,0,0,131,0,0,0,0.0025,,,61.799946880868674,31.35928742548961,27.091316472818022,51.118771676947226,43.1,91.78630441482416,-0.2018792380711898,868,0.0032817795268166973,147.8111342715106,24.922086027757466,83.82630162514951,-31.526072718805434,31.10120962656415,22.91804988058277,,0.5419055494457903,111.07093403062991,89.91925259229679,20.110932651172472,False,True,False,False,False,False,False,False,False,table,False,,False,,,0.0,
B-100ml-f0.50-p-18.3-above-y113-x+4.9-y+5.8,B,all,100,0.5,-18.3,above,113,4.9,5.8,28,47.4252440598675,34.22604891043942,47.70813671160743,11.415172021995819,False,32.34,28.4,34398,1387,8642,0,1145,0,0,6494,0,0,0,1.3274999999999093,16.298000000007367,,213.22838024726477,97.22907156583815,29.871711852256567,65.21720876400502,58.874954642185315,92.88611165447603,-0.19066661193470336,1387,0.007056874822245605,141.44615419724718,17.393532239553224,115.34857514072395,12.871033241336981,88.23574796342629,-658.076814589003,,5.979766372970006,200.91022744136143,89.999871019176,23.868656821973893,False,True,False,False,False,False,False,False,False,table,False,2.000484257593649,False,,,0.0,
B-60ml-f0.80-p+10.5-diagonal-y186-x-1.4-y+4.0,B,all,60,0.8,10.5,diagonal,186,-1.4,4.0,25,40.0,47.15702017537638,45.37037037037036,39.65702017537638,False,85.7,28.4,38881,3176,0,0,0,0,0,55672,0,0,0,,,,44.69798409845763,44.72302070642686,6.765405512865488,41.35565481538308,43.1,101.67705636910992,0.11613894480885789,3176,0.9279636025200834,121.79019301665906,33.52078782962479,62.79530606155226,5.64743363737405,36.75804620587787,2.647804570809712,,1.546325065370732,82.68869060589314,89.99813720218158,20.163955246699466,True,True,True,False,False,False,False,False,False,lift,False,,False,,,0.0,
B-50ml-f0.80-p-12.2-side-y226-x-0.0-y+2.8,B,all,50,0.8,-12.2,side,226,-0.0,2.8,25,37.64144115524114,44.7495330458836,37.6638148873315,42.703700374388454,False,62.6,31.4,68496,1280,4499,0,3717,0,0,69,0,0,0,0.0025,21.551499999995123,21.55199999999512,41.11785944396193,49.66838046798494,42.33478879952204,49.2285269689327,37.498422743697716,87.9309326655258,-0.20048333056030265,1280,0.0059570830616606455,150.95877841130806,16.48891256169231,63.05379835081684,-14.88379208078422,3.603963711471069,12.691457940330327,6.0174149832840795,6.2409690936879105,36.75528064048845,7.144805126259307,2.0826947931364117,False,True,False,False,False,False,False,False,False,table,False,0.5528078449118039,False,,,3.0,
B-100ml-f0.80-p-12.9-diagonal-y12-x+3.1-y+3.8,B,all,100,0.8,-12.9,diagonal,12,3.1,3.8,28,47.4252440598675,54.761678256703064,76.3330187385719,31.950801368259466,False,25.13,28.4,65344,65184,0,0,0,0,0,0,0,0,0,,9.265999999999833,,24.439173756317714,23.948317886413328,6.765417653236863,57.55417310220104,58.874954642185315,100.66536791440143,5.06994283850376,65184,79.43753584114691,0.48708031089075404,4.922655133276493,48.1869117904528,10.598336949376758,18.172660359797508,14.403104630255054,,12.746894558781943,26.08711520340379,5.361803154085329,2.010846978806214,True,True,True,False,True,True,True,False,False,lift,False,0.08640688761003527,False,,,0.0,
B-60ml-f0.50-p+16.5-diagonal-y276-x+2.5-y-1.7,B,all,60,0.5,16.5,diagonal,276,2.5,-1.7,25,40.0,29.473137609610237,28.356481481481474,21.973137609610234,False,19.98,28.7,95716,79643,0,0,0,0,0,0,0,0,0,,9.285499999999857,19.60049999999967,7.758874200675081,12.048542033973119,6.7654470318044835,42.86705273924607,43.1,99.46589487950665,4.196595091758446,79643,80.27285226166573,0.27005312383100755,5.511058304166002,21.173412014888044,9.518298312575224,11.242701534383578,30.198823318182697,0.2095447305736579,0.24238359895660938,8.169400469464831,1.1216876936740994,0.34711374622549734,True,True,True,False,True,True,True,True,True,lift,False,0.11251671899181202,True,0.16637973185962443,0.1959151792807976,0.301,
B-100ml-f0.50-p+19.9-above-y272-x-0.6-y-4.2,B,all,100,0.5,19.9,above,272,-0.6,-4.2,28,47.4252440598675,34.22604891043942,47.70813671160743,11.415172021995819,False,34.67,28.4,61360,27789,9143,0,0,0,0,45719,0,0,0,,8.799499999999263,,72.05306719037273,53.93656728595361,9.568172470471273,57.459194288125225,58.874954642185315,101.1895091494466,7.620826015263677,27789,90.4050324118225,7.76975120596329,14.237950185232657,102.10706286542917,-50.92660458841811,50.13073183412548,16.1987312209638,,163.4406933029803,39.04510875346989,0.06465929152993362,0.01431000824443954,True,True,True,False,True,False,False,False,False,lift,False,1.7071276269994273,False,,,0.0,
B-100ml-f0.50-p+16.5-above-y172-x+0.7-y+0.5,B,all,100,0.5,16.5,above,172,0.7,0.5,28,47.4252440598675,34.22604891043942,47.70813671160743,11.415172021995819,False,30.51,28.72,67247,79082,0,0,0,0,0,0,0,0,0,,8.918499999999408,19.60049999999967,12.066016480598096,14.003535032042308,9.567798696151902,58.66488172158069,58.874954642185315,99.54009040712214,5.6646757589198655,79082,83.82385602846071,1.2759433282639852,4.0684632129485445,26.490374839415853,9.501824967487305,13.080603880400918,37.00682223391574,0.6180613730016716,0.6768628771546721,13.224059914499207,0.5644424089790236,0.1730240011424519,True,True,True,False,True,True,True,True,False,lift,False,0.07748275775891571,True,0.34294543044106207,0.2090630502975628,0.321,
B-60ml-f0.50-p+0.5-diagonal-y43-x-2.2-y-5.7,B,all,60,0.5,0.5,diagonal,43,-2.2,-5.7,25,40.0,29.473137609610237,28.356481481481474,21.973137609610234,False,29.43,28.4,38445,3305,0,0,0,0,0,67846,0,0,0,,,,89.26769171232121,88.97362787217641,6.757324662901645,41.60831589389402,43.1,87.76894113562132,-0.17333184616183384,3305,0.00628691867108715,121.26670072892756,41.01740087651279,46.07138195767238,6.368432179352901,34.28224173647487,21.506268158090975,,0.14758048257881848,63.738682684094314,90.00007975033496,20.03021150597775,True,True,True,False,False,False,False,False,False,lift,False,,False,,,0.0,
B-50ml-f0.25-p+5.9-side-y220-x+3.7-y+0.3,B,all,50,0.25,5.9,side,220,3.7,0.3,25,37.64144115524114,13.984229076838627,11.769942152291096,11.93839640534348,False,36.55,28.4,67518,75094,0,0,0,0,0,0,0,0,0,,8.492999999998888,,1.4027723318248466,2.116271209153005,7.329303010932271,37.50355183205782,37.498422743697716,99.1711219875646,5.633935268094151,75094,80.6941891922147,0.3763376022654047,6.237601098411746,6.623126782416151,9.603345182692902,1.000520520226535,44.2245878143089,,6.946649240239482,0.865063559890603,8.79013768592829e-06,-0.0015547987018530128,True,True,True,True,True,True,True,False,True,recap,False,0.10208950099189353,False,,,0.0,
B-50ml-f0.50-p-11.9-side-y139-x+3.3-y+1.5,B,all,50,0.5,-11.9,side,139,3.3,1.5,25,37.64144115524114,27.968458153677254,23.53988430458219,25.922625482182106,False,64.96,28.4,70878,989,7233,0,3681,0,0,0,0,0,0,0.0025,,,13.493195476624743,12.10221425995784,42.04306812734408,49.043416718939675,37.498422743697716,88.1161631857789,-0.20023353985029746,989,0.005230185892414716,151.3953466387711,17.366417377348384,61.45115658726199,-26.170049437219788,13.61030408175694,26.45095847319537,,0.20008140053348597,22.5553333516202,0.3049470987438316,0.07709021995533752,False,True,False,False,False,False,False,False,False,table,False,,False,,,0.0,
B-60ml-f0.25-p+13.6-above-y89-x-5.7-y+3.7,B,all,60,0.25,13.6,above,89,-5.7,3.7,25,40.0,14.736568804805119,14.178240740740737,7.236568804805119,False,127.1,28.4,61764,4112,0,0,0,0,0,79438,0,0,0,,,,41.012421207835494,45.68256828387686,9.567738543267618,44.84410674675154,43.1,101.27452887464928,-1.8052037472406495,4112,3.061263848730401,124.13256314980744,48.035168598765544,33.839180508196755,20.563577605639093,45.05038525836408,30.48174533133276,,4.362827860580579,98.9240267549216,89.99718831431045,20.30106778489427,True,True,True,False,False,False,False,False,False,lift,False,,False,,,0.0,
B-60ml-f0.25-p+5.9-above-y301-x-5.0-y-1.7,B,all,60,0.25,5.9,above,301,-5.0,-1.7,25,40.0,14.736568804805119,14.178240740740737,7.236568804805119,False,16.23,28.4,8286,645,0,0,0,0,0,4830,0,0,5797,,,,101.48518609947433,96.79491678640856,9.565036320378411,42.16665970583893,43.1,99.10173757761396,0.2249692779671547,645,0.004093612577233713,286.8177159976617,110.5516032589287,8.568025454413267,-107.51091298179534,90.00016590160135,6216528.781426763,,0.2139903568960901,147.45913573304207,90.00032649944845,20.31631524651858,True,False,True,False,False,False,False,False,False,rig_clear,False,,False,,,0.0,
B-100ml-f0.80-p+6.1-above-y116-x+3.5-y+3.0,B,all,100,0.8,6.1,above,116,3.5,3.0,28,47.4252440598675,54.761678256703064,76.3330187385719,31.950801368259466,False,21.61,28.83,69138,79940,0,0,0,0,0,0,0,0,0,,9.243499999999806,19.60049999999967,3.483452893811939,3.1655555932041373,9.567805325709264,57.823980575665004,58.874954642185315,100.31262836120325,5.276771036127545,79940,80.96460994163483,1.5260812537558837,5.241494328424173,46.47650421013531,11.204677374136052,0.48315798538147936,21.299777423280577,-0.1365366449529454,0.25336885576332924,3.1149165503888288,4.517745487845102e-06,-0.0015426163537307163,True,True,True,False,True,True,True,True,True,lift,False,0.10911489122591378,True,0.3488835742590771,0.2790131473712414,0.426,
B-100ml-f0.50-p-3.7-above-y214-x-1.1-y-2.3,B,all,100,0.5,-3.7,above,214,-1.1,-2.3,28,47.4252440598675,34.22604891043942,47.70813671160743,11.415172021995819,False,56.01,28.4,56702,3887,824,0,0,0,0,37253,0,0,0,,,,49.03191870751539,37.85569247919405,12.140226678777923,57.64336344725044,58.874954642185315,96.80963608437608,-0.1895508639779553,3887,0.005251972474783522,127.5706329324154,37.6855381517159,56.38695787321076,-6.731307986572191,23.90394404324981,32.45957742465996,,0.24937359028445386,36.70916709567251,89.99991200564746,23.711357633164766,True,True,True,False,False,False,False,False,False,lift,False,,False,,,0.0,
B-60ml-f0.50-p-9.9-side-y219-x-4.9-y-5.6,B,all,60,0.5,-9.9,side,219,-4.9,-5.6,25,40.0,29.473137609610237,28.356481481481474,21.973137609610234,False,76.18,28.4,26053,766,0,0,1975,0,0,107636,0,0,0,0.0025,,,86.31325632756821,84.3735842949127,13.514550051604358,44.38618095863657,43.1,80.13626081141346,-0.20129402347357495,766,0.0041023254452665974,120.01081924807313,36.472688737283576,39.145992119431085,-8.807971168916836,18.14792586193394,27.876886118241067,,1.7954078269969451,127.84487564501484,93.03203028116545,23.31363425256785,False,True,True,False,False,False,False,False,False,table,False,,False,,,0.0,
B-50ml-f0.50-p-11.9-side-y118-x+2.5-y+3.4,B,all,50,0.5,-11.9,side,118,2.5,3.4,25,37.64144115524114,27.968458153677254,23.53988430458219,25.922625482182106,False,55.23,28.4,54002,836,7567,0,3674,0,0,0,0,0,0,0.0025,7.70399999999845,,15.437755640135356,18.022206887141035,42.01586487019685,48.765622586573436,37.498422743697716,90.04123306318944,3.1066281034180103,836,0.7441924413630959,146.5652275801352,17.026917932837666,62.61199983281448,-27.958434315708242,12.212720506806905,26.884054717143005,,3.5372180044755552,26.745683409896237,0.5556270094856938,0.13033580363234884,False,True,False,False,True,False,False,False,False,table,False,0.9951169221185928,False,,,0.0,
B-50ml-f0.50-p+18.7-above-y327-x+1.5-y-2.6,B,all,50,0.5,18.7,above,327,1.5,-2.6,25,37.64144115524114,27.968458153677254,23.53988430458219,25.922625482182106,False,23.16,28.7,55136,79724,260,0,0,0,0,0,0,0,0,,9.072499999999597,19.60049999999967,6.079432153900781,13.30281634702054,9.56779758351993,37.476679841363065,37.498422743697716,99.18846161763145,4.8455987453492195,79724,76.51605116153307,0.1916063414044867,6.675617973314956,20.251467791952738,8.481362073814585,11.868914200086698,26.98987683798322,0.7014079896099122,0.7637743179806126,6.8834061362458865,0.03650128447724435,0.0016807096813733484,True,True,True,False,True,True,False,True,True,lift,False,0.12763871449693567,True,0.3378472105838601,0.19579189133595806,0.301,
B-100ml-f0.50-p-19.9-above-y37-x+1.3-y+0.8,B,all,100,0.5,-19.9,above,37,1.3,0.8,28,47.4252440598675,34.22604891043942,47.70813671160743,11.415172021995819,False,46.43,28.4,80819,1368,3271,0,2208,0,0,13995,0,0,0,1.2649999999999162,,,56.87256176854919,35.49370626656809,11.907590570619089,69.94900924285747,58.874954642185315,88.08311874815573,-0.20006164845315366,1368,0.002860095002548528,139.0466626698662,15.058756935207601,105.40477393418122,-65.30775104266547,32.877192111362895,28.078975285612316,,0.5629147830600413,36.72151064750099,89.9999124266819,23.711318706944148,False,True,False,False,False,False,False,False,False,table,False,,False,,,0.0,
B-50ml-f0.80-p+7.2-diagonal-y118-x-5.7-y+5.5,B,all,50,0.8,7.2,diagonal,118,-5.7,5.5,25,37.64144115524114,44.7495330458836,37.6638148873315,42.703700374388454,False,22.5,28.4,6275,935,0,0,0,0,0,13598,0,0,6249,,,,90.44130028694417,81.62807380263854,9.75423535441153,37.504889855099435,37.498422743697716,90.32006527871457,0.5505408058939509,935,0.004084711607748693,281.604457676195,132.24340317939073,25.199534825199013,-131.72345866003562,90.00021319398712,4533251.392873357,,0.07274306026867608,113.23704683792003,90.00042142703532,19.115030429845962,True,False,True,False,False,False,False,False,False,rig_clear,False,,False,,,0.0,
B-100ml-f0.25-p-19.2-diagonal-y70-x-1.0-y-5.3,B,all,100,0.25,-19.2,diagonal,70,-1.0,-5.3,28,47.4252440598675,17.11302445521971,23.854068355803715,-5.697852433223887,False,49.05,28.4,63305,1525,7241,0,1184,0,0,5028,0,0,0,1.2174999999999214,,,133.50926318318946,96.17776768549153,64.6603912199754,66.61519538175959,58.874954642185315,91.8597889499973,-0.1835222595321928,1525,0.0042221706284016535,143.31813148941578,11.614961049201199,117.20817284183748,13.170398170126136,91.48530025509092,890.7844290339129,,1.2699190872411652,38.10140562778415,90.00002776351049,23.983314280124343,False,True,False,False,False,False,False,False,False,table,False,,False,,,0.0,
B-50ml-f0.50-p-17.4-above-y44-x-1.8-y-3.9,B,all,50,0.5,-17.4,above,44,-1.8,-3.9,25,37.64144115524114,27.968458153677254,23.53988430458219,25.922625482182106,False,40.55,28.4,7613,0,0,0,1502,0,0,62,0,0,5604,1.0649999999999382,,,2.672135117974364,13.250357069755498,64.92364219526792,59.65351302621471,37.498422743697716,1.998488278541354,-0.201005285874703,0,0.0019418229163080739,197.22996065605304,15.122747522397946,143.81072150635592,-113.9174278103478,1.9341816843469526,29.96530219969135,,0.20009936806239004,15.576076413716507,0.7927080605398727,0.22252884866176828,False,False,False,False,False,False,False,False,False,table,False,,False,,,0.0,
B-50ml-f0.25-p-4.9-above-y340-x+2.4-y-4.1,B,all,50,0.25,-4.9,above,340,2.4,-4.1,25,37.64144115524114,13.984229076838627,11.769942152291096,11.93839640534348,False,32.25,28.86,124660,77924,0,0,0,0,0,0,0,0,0,,8.47749999999887,19.60049999999967,5.019703051798653,8.188632348905905,9.567809966916002,37.354230872267884,37.498422743697716,99.36046915749452,5.734390422264923,77924,83.20532221151679,0.6877821741471738,4.26011274788087,7.157918797932257,9.690917151490758,8.16651305662388,42.09853334994461,0.23871793169701297,0.3748990255743607,6.9218537844606285,1.0648163061846323,0.3072090959788973,True,True,True,False,True,True,True,True,True,lift,False,0.014384250763185957,True,0.1856270798736464,0.30087509830196396,0.459,
B-60ml-f0.80-p+16.5-side-y256-x+5.1-y-1.6,B,all,60,0.8,16.5,side,256,5.1,-1.6,25,40.0,47.15702017537638,45.37037037037036,39.65702017537638,False,18.07,28.7,53179,77946,0,0,0,0,0,0,0,0,0,,8.71549999999916,19.60049999999967,6.951132513426178,10.136522465808927,9.283587424549982,42.932887223613974,43.1,99.38332548215807,5.311835993372219,77946,77.5533510872191,1.0953005660029576,6.313526453646136,39.03927404364077,9.525100649083518,8.813455994225814,13.302103807516396,2.5526464832148266,2.5651005383215995,6.101588783932716,3.2788108492202226,1.0249649986803075,True,True,True,False,True,True,True,False,True,lift,False,0.20735920261911162,True,0.3087944831004877,0.19583118563678806,0.301,
B-50ml-f0.80-p-4.0-above-y147-x+1.9-y+5.6,B,all,50,0.8,-4.0,above,147,1.9,5.6,25,37.64144115524114,44.7495330458836,37.6638148873315,42.703700374388454,False,18.69,29.07,81414,79552,0,0,0,0,0,0,0,0,0,,8.561499999998972,19.60049999999967,5.676158810310305,9.093625270851296,9.567809734230117,37.507144596603226,37.498422743697716,99.18610157564805,5.442859732521218,79552,80.38896136148159,0.6309060346073817,2.4480406015394887,37.99871466496644,9.373629467479633,8.963311160378735,11.09332672125797,0.4243565886888836,0.4810258419036898,8.056618783024257,0.7515018211829328,0.20950634031345683,True,True,True,False,True,True,True,True,True,lift,False,0.036681815181083384,True,0.17270928288580198,0.4408970898678443,0.668,
B-60ml-f0.80-p-15.7-above-y52-x-1.3-y+3.2,B,all,60,0.8,-15.7,above,52,-1.3,3.2,25,40.0,47.15702017537638,45.37037037037036,39.65702017537638,False,15.34,28.4,2227,0,0,0,2416,0,0,19,0,0,6263,1.1824999999999253,,,45.79891240656692,93.39036417265214,16.293381620247082,58.11724632226743,43.1,2.297465784038814,-0.1808199913878178,0,0.006120634482166785,184.54585250254317,40.24429107382728,145.4713188940479,-103.04803796782703,17.85071954502922,10.296230528120995,,0.01750920954741339,36.19406624296797,90.00010415736183,19.99889474199677,False,False,False,False,False,False,False,False,False,table,False,,False,,,0.0,
B-50ml-f0.80-p+4.5-above-y242-x-1.4-y-5.7,B,all,50,0.8,4.5,above,242,-1.4,-5.7,25,37.64144115524114,44.7495330458836,37.6638148873315,42.703700374388454,False,25.58,28.4,25247,19,0,0,0,0,0,71769,0,0,0,,,,12.784474405080124,1.1681831617592757,9.568092928710719,39.22215344693578,37.498422743697716,97.1221267888469,-0.18627121125874835,19,0.007092169162012028,122.39362327700981,33.04896122364251,54.79013446271159,-5.002308578530429,4.617868555140664,12.391414238619998,,0.2001109865633376,37.618962382913644,0.27791896584124376,0.0731743542321878,True,True,True,False,False,False,False,False,False,lift,False,,False,,,0.0,
B-50ml-f0.50-p-17.8-side-y217-x+1.4-y-2.9,B,all,50,0.5,-17.8,side,217,1.4,-2.9,25,37.64144115524114,27.968458153677254,23.53988430458219,25.922625482182106,False,53.87,28.4,29114,0,4292,0,3941,12,0,0,0,0,0,0.0025,,,29.85428355672517,29.76398609509993,92.03325127345389,60.50741686748429,37.498422743697716,76.72703392992587,-0.2004168475519541,0,0.0026350391334734975,166.7741990566967,22.20498447080508,59.45943610558233,-15.78346631202332,27.244351718200786,21.84951089055898,,0.19961357131498755,18.531858129645805,2.1420688837307287,0.624055371948089,False,True,False,False,False,False,False,False,False,table,False,,False,,,0.0,
B-50ml-f0.25-p-19.0-side-y184-x-5.5-y+3.3,B,all,50,0.25,-19.0,side,184,-5.5,3.3,25,37.64144115524114,13.984229076838627,11.769942152291096,11.93839640534348,False,26.76,28.4,28453,0,844,0,4082,16,0,0,0,0,4331,0.0025,,,72.46335068252613,90.04607721234065,92.4028800201794,63.40558018141147,37.498422743697716,73.69413793217248,-0.20035340261867485,0,0.0036572573120174463,164.02791848296346,75.24562399884653,61.60495229628823,-84.93640987705481,61.49012393467848,13.4651454127355,,0.004447243368229895,48.840519744782625,90.0002943084968,18.819676147466627,False,False,False,False,False,False,False,False,False,table,False,,False,,,0.0,
B-100ml-f0.25-p-13.5-diagonal-y2-x-1.3-y+3.6,B,all,100,0.25,-13.5,diagonal,2,-1.3,3.6,28,47.4252440598675,17.11302445521971,23.854068355803715,-5.697852433223887,False,30.9,28.4,63777,58790,0,0,0,0,0,6702,0,0,0,,7.508999999998558,,35.8093591258783,15.524126873903274,6.765441101855875,57.77488419021672,58.874954642185315,99.92264432383773,10.596970661399238,58790,95.71601593787878,4.707031769536904,5.257298222495286,24.247627091492465,-5.066915452209414,10.702276391492083,55.05480963122159,,11.323697302185296,33.185744118723335,1.1481947975930162,0.42209037876895156,True,True,True,False,True,True,False,False,False,lift,False,0.06399891183868171,False,,,0.0,
B-50ml-f0.80-p+4.5-side-y316-x-2.7-y+1.3,B,all,50,0.8,4.5,side,316,-2.7,1.3,25,37.64144115524114,44.7495330458836,37.6638148873315,42.703700374388454,False,22.35,28.4,7499,1549,0,0,0,0,0,15790,0,0,6300,,,,95.47185994445512,95.25144139526954,6.892605873243459,37.1849845130688,37.498422743697716,95.05650365952587,1.7056940851673807,1549,0.00408471162671155,262.2219130913132,138.9121505883935,-49.49091088199747,-132.08154203789667,90.00021330716812,4530846.0522678755,,0.009341218933024711,121.44840887948877,89.99363263961436,19.08163788069136,True,False,True,False,False,False,False,False,False,rig_clear,False,,False,,,0.0,
B-60ml-f0.80-p+14.0-side-y148-x-5.6-y+3.6,B,all,60,0.8,14.0,side,148,-5.6,3.6,25,40.0,47.15702017537638,45.37037037037036,39.65702017537638,False,57.95,28.4,41706,2573,0,0,0,0,0,46019,0,0,0,,,,39.074646506254375,42.89531348794786,8.113893329016888,44.775932353285526,43.1,100.89231903349324,-0.19150139059596893,2573,0.006413265315509943,123.3349001558427,33.57273431694489,62.90879489599821,5.972792656237069,37.163059644123685,2.448518637418311,,0.1801178277228841,45.50939469390665,90.00020436621105,20.0448744722387,True,True,True,False,False,False,False,False,False,lift,False,,False,,,0.0,
B-60ml-f0.50-p-10.2-side-y81-x-1.3-y+1.7,B,all,60,0.5,-10.2,side,81,-1.3,1.7,25,40.0,29.473137609610237,28.356481481481474,21.973137609610234,False,36.01,31.4,64339,65517,0,0,3051,0,0,1125,0,0,0,0.0025,8.517499999998918,22.927499999991916,31.255033841857085,13.564895751333928,14.679959947990511,47.0272057942191,43.1,95.47162559756312,5.519780585291706,65517,77.9546144634036,5.19997765493744,3.3919840936572094,27.520178183014547,5.128586375040156,13.675020935246001,29.397248234910656,6.156774850668805,6.08644851228573,23.142671711125633,3.3037614440097136,1.0316136114820005,False,True,True,False,True,False,True,False,False,table,False,0.15469136875154837,False,,,3.0,
B-60ml-f0.50-p-3.6-diagonal-y331-x+4.4-y+3.1,B,all,60,0.5,-3.6,diagonal,331,4.4,3.1,25,40.0,29.473137609610237,28.356481481481474,21.973137609610234,False,28.83,28.7,49445,79114,0,0,0,0,0,0,0,0,0,,8.486999999998881,19.60049999999967,2.902216415059864,3.9368242778238507,6.765457028179989,42.60033559238781,43.1,100.26706195803324,5.848644737881381,79114,79.28675352649662,0.7356018277491394,7.210502312823677,22.252217144346776,10.839173522016562,10.1469445466062,30.55535581322961,1.9414064532280155,1.950659368061414,5.383180889218116,0.35433685313226587,0.0979498945811847,True,True,True,True,True,True,True,False,True,recap,False,0.12941265527556325,True,0.26184585957166256,0.19589366749634937,0.301,
B-100ml-f0.25-p-8.4-side-y13-x-1.1-y-1.5,B,all,100,0.25,-8.4,side,13,-1.1,-1.5,28,47.4252440598675,17.11302445521971,23.854068355803715,-5.697852433223887,False,22.91,28.4,40979,51665,3524,0,0,0,0,0,0,0,1568,,9.429500000000033,,251.49804999607784,91.84498406135212,9.322500842912202,58.417639586153186,58.874954642185315,99.19835514088732,0.37932004957585974,51665,65.24253321846386,5.568717894431823,20.672820571657425,79.2261084741154,-60.67026461853414,4.970264738650851,57.25493988307065,,264.8020841199847,235.6010561660812,89.999934138278,23.71147814328519,True,False,True,False,True,False,False,False,False,rig_clear,False,0.07834866890693155,False,,,0.0,
B-100ml-f0.50-p-2.7-above-y257-x+1.3-y-4.1,B,all,100,0.5,-2.7,above,257,1.3,-4.1,28,47.4252440598675,34.22604891043942,47.70813671160743,11.415172021995819,False,33.05,28.75,68827,79867,0,0,0,0,0,0,0,0,0,,9.309999999999887,19.60049999999967,5.5836058758101,5.631440937020177,9.567809205718536,57.52223457072491,58.874954642185315,100.75123659215058,4.427356645755845,79867,84.83534224390725,1.256291904368141,2.149766291272829,24.74136565308988,12.591023548614633,5.147603335175077,40.07464830575637,0.024993221691262144,0.3011139378464571,5.145717889538265,1.5894346107762725,0.5931843231447999,True,True,True,False,True,True,True,True,True,lift,False,0.06668097971944492,True,0.22124828974801536,0.23082448961652147,0.354,
B-50ml-f0.50-p-6.2-diagonal-y129-x-0.3-y+0.2,B,all,50,0.5,-6.2,diagonal,129,-0.3,0.2,25,37.64144115524114,27.968458153677254,23.53988430458219,25.922625482182106,False,33.96,28.4,55044,16850,11187,0,1546,0,0,46196,0,0,0,1.5174999999998884,8.365999999998733,,49.11745234469007,30.16540823892537,6.765199796862995,38.32439864390629,37.498422743697716,98.3522953083771,10.125892441775793,16850,96.63686523060305,10.427081577317278,12.195769265540745,84.25965534881549,-53.40241302875107,25.420753124811664,22.5179897289082,,1879.9692814043071,32.20502530337127,0.7992146609072902,0.22693213358499364,False,True,True,False,True,False,False,False,False,table,False,1.4225519910121585,False,,,0.0,
B-50ml-f0.50-p+10.9-side-y324-x-1.9-y+0.0,B,all,50,0.5,10.9,side,324,-1.9,0.0,25,37.64144115524114,27.968458153677254,23.53988430458219,25.922625482182106,False,23.8,28.4,4421,205,0,0,0,0,0,44217,0,0,5598,,,,96.39493054497453,16.04507112943658,43.05182780577869,37.432771086441285,37.498422743697716,95.26939870431967,-0.20006829820293226,205,0.002589063654591521,206.88988424516202,44.00820393037136,144.91538201937803,-114.23990164668042,0.9400112556696102,30.258177791190445,,0.5438141383730055,60.85854934946834,90.00212300926876,18.964543715750494,True,False,True,False,False,False,False,False,False,rig_clear,False,,False,,,0.0,
B-50ml-f0.25-p+15.1-side-y64-x+1.0-y-2.4,B,all,50,0.25,15.1,side,64,1.0,-2.4,25,37.64144115524114,13.984229076838627,11.769942152291096,11.93839640534348,False,30.98,31.4,120308,92828,0,0,0,0,0,370,0,0,0,,9.08399999999961,19.60049999999967,5.7705386794211355,9.924122234541628,8.599404303007264,37.266986062262156,37.498422743697716,99.4296829559209,4.895836564552197,92828,83.52893066993965,0.2658768304991477,3.2556246513488554,6.16264083210519,9.25441158937014,12.223081978929368,40.86509034809412,0.30764427521808724,0.43386261231662876,40.22310013956746,0.2692648034983431,0.07159060316438441,True,True,True,False,True,True,True,True,False,lift,False,0.07198303351310163,False,,,3.0,
B-60ml-f0.50-p+16.0-diagonal-y265-x+2.6-y-2.0,B,all,60,0.5,16.0,diagonal,265,2.6,-2.0,25,40.0,29.473137609610237,28.356481481481474,21.973137609610234,False,24.35,29.04,94939,81285,0,0,0,0,0,0,0,0,0,,8.617999999999041,19.60049999999967,8.034509929106122,11.662454656296747,6.765447263348129,42.95039223337158,43.1,99.30512836308783,5.32678015006123,81285,80.59874884396797,0.9416204823257158,5.612176900532905,21.37997725575677,9.416058391262805,10.322968317095018,30.4982534294809,0.06300100976839464,0.16500338706586665,8.643069063857494,0.6020195768894953,0.18330312797492807,True,True,True,False,True,True,True,True,True,lift,False,0.09769972174403836,True,0.17988435075007264,0.424182387301125,0.643,
B-60ml-f0.80-p+7.8-side-y354-x+2.9-y-2.3,B,all,60,0.8,7.8,side,354,2.9,-2.3,25,40.0,47.15702017537638,45.37037037037036,39.65702017537638,False,23.31,28.94,60453,81443,0,0,0,0,0,0,0,0,0,,8.442499999998827,20.73249999999703,2.661814762111175,3.611932234454943,9.515375629198243,42.91552189916009,43.1,99.62757876956405,5.852262268689193,81443,81.95764598046384,0.910312670907636,3.6771490849924215,39.42694782911707,10.008196544856213,3.209669606840802,15.083576267208302,4.154007228036731,4.164087252761832,4.462422182925454,0.48119482755220366,0.1443703064628981,True,True,True,True,True,True,True,False,True,recap,False,0.08906251246181004,True,0.1744311440085893,0.3542082384275192,0.538,
B-60ml-f0.50-p-4.4-side-y184-x+5.6-y+6.0,B,all,60,0.5,-4.4,side,184,5.6,6.0,25,40.0,29.473137609610237,28.356481481481474,21.973137609610234,False,23.44,28.4,48834,65097,0,0,0,0,0,0,0,0,0,,8.814999999999282,,21.203477188956285,32.395296480828264,9.544416195312232,41.895341934478516,43.1,100.72219208298148,5.2814554558655304,65097,74.87108608885299,0.6717857471673726,9.691799219857888,23.111567910376532,10.820832347978579,13.04783771897406,29.605402202368065,,15.06988240752114,5.950552803558901,2.7708909041150025,0.8655188056387455,True,True,True,False,True,True,False,False,True,lift,False,0.21773227966698816,False,,,0.0,
B-50ml-f0.50-p-11.0-side-y167-x+4.5-y-4.3,B,all,50,0.5,-11.0,side,167,4.5,-4.3,25,37.64144115524114,27.968458153677254,23.53988430458219,25.922625482182106,False,59.77,28.4,59261,1195,7570,0,3611,0,0,0,0,0,0,0.0025,,,13.952396869456633,15.575909826595455,21.049390099761695,46.87682175363527,37.498422743697716,90.79733511035272,-0.20027839332426023,1195,0.00637372978364919,149.1646999370614,17.035900003257552,62.74999368393409,-28.225148630805013,11.885649695395308,26.984731965608773,,0.20010104344939922,20.638061481214187,0.590272391517478,0.1657821385404897,False,True,False,False,False,False,False,False,False,table,False,,False,,,0.0,
B-100ml-f0.80-p-4.1-above-y87-x-2.6-y-4.0,B,all,100,0.8,-4.1,above,87,-2.6,-4.0,28,47.4252440598675,54.761678256703064,76.3330187385719,31.950801368259466,False,66.4,28.4,48455,3823,1546,0,0,0,0,44985,0,0,0,,,,48.863131359082736,36.44010135002297,11.1873008021632,56.83558055252393,58.874954642185315,97.87782160714076,-0.19666175562707555,3823,0.007664856534745435,127.66041318623151,30.935089202438505,72.69454491264437,-7.112020970502786,25.554022277273063,11.171100162432525,,0.33873579965536277,37.722172414433096,89.99997763002364,23.71142266574312,True,True,True,False,False,False,False,False,False,lift,False,,False,,,0.0,
B-60ml-f0.80-p-17.2-side-y359-x+4.6-y-1.5,B,all,60,0.8,-17.2,side,359,4.6,-1.5,25,40.0,47.15702017537638,45.37037037037036,39.65702017537638,False,53.99,28.4,39938,0,660,0,3904,4,0,0,0,0,0,0.0025,,,11.167102526634618,10.933310229063274,85.74792907926539,60.490219215605734,43.1,82.85901449221534,-0.20015257866197456,0,0.005083369981211857,164.01775229854783,22.946739638272593,60.19918239314918,-7.903603898748834,6.570218389597239,14.019789620787082,,0.20005502745820905,9.462281669600147,0.34372512126462124,0.09744635885480535,False,True,False,False,False,False,False,False,True,table,False,,False,,,0.0,
B-100ml-f0.80-p-14.5-above-y75-x-3.3-y+0.3,B,all,100,0.8,-14.5,above,75,-3.3,0.3,28,47.4252440598675,54.761678256703064,76.3330187385719,31.950801368259466,False,34.4,28.4,55871,26738,10154,0,1080,0,0,26499,0,0,0,1.5724999999998823,7.676999999998465,,28.098791803820703,28.220447457693314,9.572407866435748,59.319819805600844,58.874954642185315,91.67274221981964,8.810507627853404,26738,104.87532328596214,7.099962450605902,11.609254247156105,86.23878229220396,-24.136053569233678,16.35701210690471,15.152537317141686,,210.29191327332967,32.53351652445062,0.24010136380429434,0.07537555846581943,False,True,True,False,True,False,False,False,False,table,False,0.7122492744031289,False,,,0.0,
B-100ml-f0.50-p-0.9-above-y193-x-1.2-y+3.4,B,all,100,0.5,-0.9,above,193,-1.2,3.4,28,47.4252440598675,34.22604891043942,47.70813671160743,11.415172021995819,False,78.1,28.4,57924,3793,704,0,0,0,0,50629,0,0,0,,,,52.67727607664413,38.329165850270996,12.651935029899951,57.56488076053298,58.874954642185315,98.26478972397157,-0.20081107421872357,3793,0.0026519334288528725,128.22203259369934,39.00473169497123,56.81638087734188,-2.856212393490237,27.968212071609546,30.566751982551583,,0.4688444511220355,45.98731959262157,89.99982773049123,23.73878560048993,True,True,True,False,False,False,False,False,False,lift,False,,False,,,0.0,
B-100ml-f0.25-p+11.2-diagonal-y331-x-4.0-y+3.9,B,all,100,0.25,11.2,diagonal,331,-4.0,3.9,28,47.4252440598675,17.11302445521971,23.854068355803715,-5.697852433223887,False,12.57,28.4,7049,95,0,0,0,0,0,2030,0,0,6108,,,,118.0098688701631,81.47160779076151,6.765405235380745,57.846888495233166,58.874954642185315,102.12882335125963,0.19833111289638272,95,0.0042880660395431675,305.6331907570069,117.73641679021917,-82.70489536623397,-117.62825879922761,90.00001212282484,101917963.44874592,,0.00692909404469405,84.54275404212129,90.00001209094208,23.711503635773912,True,False,True,False,False,False,False,False,False,rig_clear,False,,False,,,0.0,
B-50ml-f0.50-p-14.6-above-y221-x-4.0-y-0.8,B,all,50,0.5,-14.6,above,221,-4.0,-0.8,25,37.64144115524114,27.968458153677254,23.53988430458219,25.922625482182106,False,43.32,28.4,7346,0,0,0,1387,0,0,55,0,0,5599,1.1474999999999291,,,2.185336571826638,10.013308761323335,65.53365187615223,52.78142323357673,37.498422743697716,1.180429055240466,-0.1980676107570939,0,0.004132544160883912,193.65690846373732,22.50571515410729,142.54529941809625,-113.0945885640661,5.379199810017686,28.94663503382001,,1.2165462197613317,30.36293739301748,90.00015697978414,18.81958600067327,False,False,False,False,False,False,False,False,False,table,False,,False,,,0.0,
B-100ml-f0.25-p+7.9-diagonal-y251-x+1.1-y+1.2,B,all,100,0.25,7.9,diagonal,251,1.1,1.2,28,47.4252440598675,17.11302445521971,23.854068355803715,-5.697852433223887,False,24.02,28.4,79777,61991,0,0,0,0,0,10403,0,0,0,,9.013499999999524,,41.638536342405736,23.08123036807582,6.765438441869796,58.46470274914702,58.874954642185315,99.66648653598699,5.4304106834473505,61991,85.18540297584539,0.75665576637378,2.0860118435892048,22.965897032139278,-3.079949091913545,5.648819977623551,56.9973467162575,,2834.0530486529005,38.485930303785345,2.2170589034647277,0.8287024694555338,True,True,True,False,True,True,False,False,False,lift,False,0.03908711646484968,False,,,0.0,
B-60ml-f0.50-p-17.0-diagonal-y255-x-5.1-y-0.9,B,all,60,0.5,-17.0,diagonal,255,-5.1,-0.9,25,40.0,29.473137609610237,28.356481481481474,21.973137609610234,False,42.16,28.4,57182,0,6553,0,2522,0,0,0,0,0,0,1.0349999999999415,,,5.62414255558715,5.31604236518517,18.942688291381078,60.29648103684807,43.1,82.6107509210955,-0.20018245247364896,0,0.007113589199456961,152.9323199244258,13.085531916151734,58.28842222933401,-24.896907238212666,5.6592147459261435,31.99316334074636,,0.2000153806517426,20.30715937085314,0.20397705168407912,0.054547674525770355,False,True,False,False,False,False,False,False,False,table,False,,False,,,0.0,
B-50ml-f0.80-p+18.9-above-y2-x+1.1-y+2.5,B,all,50,0.8,18.9,above,2,1.1,2.5,25,37.64144115524114,44.7495330458836,37.6638148873315,42.703700374388454,False,35.66,31.4,109275,91374,0,0,0,0,0,345,0,0,0,,9.251999999999816,19.60049999999967,7.519629153895013,13.157803526812911,9.567920100581162,37.0887398593535,37.498422743697716,99.59962244368288,4.681698031920881,91374,83.14420002406378,0.20818081448619924,1.929157235421714,36.44758273487561,9.740898341378784,15.628733412408529,9.035147442628375,-0.09919180174440244,0.33050167484920157,40.398256397311364,2.0689342206774888,0.6035021257969088,True,True,True,False,True,True,True,True,False,lift,False,0.06163591041566694,False,,,3.0,
B-50ml-f0.80-p-3.6-diagonal-y75-x+2.5-y-1.1,B,all,50,0.8,-3.6,diagonal,75,2.5,-1.1,25,37.64144115524114,44.7495330458836,37.6638148873315,42.703700374388454,False,20.09,28.77,70037,79828,0,0,0,0,0,0,0,0,0,,8.234999999998573,19.60049999999967,3.886239407948846,7.136006988249162,6.765457007859507,37.50186273998781,37.498422743697716,99.19680757479321,6.145609627848284,79828,82.92064689341932,0.12981010974808818,1.9290281202517732,37.8888526782888,9.381663394416679,7.145435239096147,11.639275284151168,0.345307760629801,0.42593024921171113,4.112988945690133,1.210433051621537e-05,-0.0015541036289189248,True,True,True,False,True,True,True,True,True,lift,False,0.06941331119244942,True,0.19777783125706858,0.2391821400407636,0.366,
B-60ml-f0.80-p-15.9-diagonal-y177-x+1.7-y-0.3,B,all,60,0.8,-15.9,diagonal,177,1.7,-0.3,25,40.0,47.15702017537638,45.37037037037036,39.65702017537638,False,21.97,28.4,73312,0,2683,0,2430,0,0,0,0,0,0,1.0774999999999368,,,18.762377449960944,17.972692461983858,16.970557380247786,58.231519560656004,43.1,84.51397933935314,-0.20015047028891508,0,0.0015716881952616306,157.84864897894403,18.23936935999039,67.10913474408426,-12.058880321766384,15.20143631845221,11.202003518551916,,0.20001610866186617,32.19437894051049,0.9130690086509641,0.27136938144597117,False,True,False,False,False,False,False,False,False,table,False,,False,,,0.0,
B-50ml-f0.25-p+15.7-diagonal-y173-x-4.7-y-0.6,B,all,50,0.25,15.7,diagonal,173,-4.7,-0.6,25,37.64144115524114,13.984229076838627,11.769942152291096,11.93839640534348,False,30.48,28.4,44033,2923,0,0,0,0,0,70527,0,0,0,,,,111.37794625189628,102.3536336013318,6.765403237103711,39.77924532275489,37.498422743697716,101.18584962994831,0.33730335873151385,2923,0.005566759514739027,120.61557039771216,47.018734846171654,31.48058691409259,24.758166648670684,49.69930521142641,24.62972494880501,,0.1808968443250902,97.51924162798939,90.00029354921557,18.81972782422315,True,True,True,False,False,False,False,False,False,lift,False,,False,,,0.0,
B-60ml-f0.25-p+5.8-side-y120-x+0.1-y-0.5,B,all,60,0.25,5.8,side,120,0.1,-0.5,25,40.0,14.736568804805119,14.178240740740737,7.236568804805119,False,27.09,28.4,1508,0,0,0,0,0,0,49010,0,0,5834,,,,1.6878021082334536,6.474273181545658,46.99389291130931,43.160981944255234,43.1,0.8819031899712075,-0.2000471380412816,0,0.0035043014305460546,201.37085059405314,42.73690335485837,126.72925963167003,-109.78695353084866,1.5860398511983183,48.01503477180962,,0.6027747943547785,64.78977586537522,90.00016767832412,19.998900097569866,True,False,True,False,False,False,False,False,False,rig_clear,False,,False,,,0.0,
B-50ml-f0.80-p-14.6-side-y62-x-0.7-y-5.4,B,all,50,0.8,-14.6,side,62,-0.7,-5.4,25,37.64144115524114,44.7495330458836,37.6638148873315,42.703700374388454,False,27.34,28.4,33615,0,764,0,3931,4,0,0,0,0,0,0.0025,,,14.615707763457431,15.97980056140764,80.04660033750649,52.65949521421166,37.498422743697716,84.39226259298948,-0.2001301041713588,0,0.004076986759537456,158.30612993001952,19.503637408515473,61.70936815335138,-10.768399220023623,12.246901159952442,10.092444265939946,,0.2000973466583179,16.833120369181795,1.8301748747599185,0.5320272187561766,False,True,False,False,False,False,False,False,False,table,False,,False,,,0.0,
B-100ml-f0.80-p-9.8-side-y292-x-3.3-y-4.1,B,all,100,0.8,-9.8,side,292,-3.3,-4.1,28,47.4252440598675,54.761678256703064,76.3330187385719,31.950801368259466,False,35.45,28.4,58447,3481,0,0,0,0,0,49780,0,0,0,,,,37.211752989644374,29.286331848367638,13.358368806412738,57.36940159993407,58.874954642185315,95.33255735301688,-0.1916056556413026,3481,0.0061518223080639775,127.96539233881957,31.10761846357716,72.04945678179402,-10.951432490269031,22.964639657394127,12.343902919385553,,0.19997789219084652,47.15374829295311,2.411983703184771,0.9026958095714844,True,True,True,False,False,False,False,False,False,lift,False,,False,,,0.0,
B-100ml-f0.25-p-9.3-diagonal-y221-x-1.5-y+3.5,B,all,100,0.25,-9.3,diagonal,221,-1.5,3.5,28,47.4252440598675,17.11302445521971,23.854068355803715,-5.697852433223887,False,69.99,28.4,75297,3598,889,0,0,0,0,51993,0,0,0,,,,37.717201512565524,30.691344959973776,13.955936070443451,57.62332818668397,58.874954642185315,94.04042835058692,-0.20153650054098582,3598,0.0020120607942465747,128.3367975973393,40.758334462673254,54.66897445027409,-20.590220403898115,23.589199369656605,49.713988554898236,,0.19993078108778561,54.373142717629136,3.3456388360858886,1.2541987178100256,True,True,True,False,False,False,False,False,False,lift,False,,False,,,0.0,
