id,design,varied,bottle,fill,pitch,approach,yaw,dx,dy,neck_mm,bottle_d_mm,liquid_mm,liquid_g,dive_target_mm,diverged,wall_s,sim_s,contacts_pads_bottle,contacts_blades_cap,contacts_pipette_bottle,contacts_pipette_clamp,contacts_rig_floor,contacts_pads_floor,contacts_pipette_floor,contacts_rig_bottle,contacts_clamp_rig,contacts_clamp_pads,contacts_pipette_rig,table_hit_s,thread_released_s,thread_reengaged_s,slip_mm,tilt_in_hand_deg,track_worst,pad_height_mm,pad_planned_mm,lift_mm,cap_rise_mm,blade_contacts,cap_off_axis_mm,cap_to_seat_mm,tip_off_axis_mm,tip_height_mm,tip_submerged_mm,bottle_tilt_dive_deg,liquid_to_shoulder_mm,recap_lift_mm,cap_end_mm,placed_error_mm,placed_tilt_deg,placed_z_mm,ok_table,ok_rig_clear,ok_grip,ok_lift,ok_uncap,ok_cap_away,ok_reach_liquid,ok_recap,ok_place,first_failure,success,blade_slip_turns,seated,seat_torque_Nm,seat_extra_turns,seat_hold_s,error
A-10ml-f0.25-p-10.0-above-y0-x+0.0-y+0.0,A,pitch,10,0.25,-10,above,0,0,0,18,22.01284832596418,9.071233030783917,2.240207798703662,42.75528824620785,False,91.18,28.46,555155,2479,16273,0,2138,0,0,0,0,0,0,1.302499999999912,21.317999999995667,21.318499999995666,3.338817243305199,2.7470720264835844,10.301469318214487,28.640902344587698,18.720514774164915,89.01407045294988,-0.1884016294718474,2479,0.02911319503197358,136.61744585506634,8.888440783083707,35.29920559089559,-24.66845198650232,1.153862838440674,22.34097623715531,0.2344131233183247,1.5011979845429435,25.768274552432032,17.495860079658947,92.28294253221816,False,True,False,False,False,False,False,True,False,table,False,0.7841828485998733,True,0.1251670710925563,0.017730203311935817,0.061,
A-10ml-f0.25-p+0.0-above-y0-x-6.0-y+0.0,A,dx,10,0.25,0,above,0,-6,0,18,22.01284832596418,9.071233030783917,2.240207798703662,42.75528824620785,False,97.84,28.4,548041,68140,36929,0,0,0,0,192726,0,0,0,,7.838499999998375,,3.7252268068997996,2.134722427473802,9.802537719687404,17.885798376580233,18.720514774164915,99.99355817768911,6.19608271460647,68140,90.80587348577566,1.5576547307867084,4.899291750246918,41.147376249223214,-30.63516870225537,1.2742083770304224,22.321294454644708,,8.487694896847977,45.721433167545726,1.824194579302439,99.8888704739195,True,True,True,False,True,True,False,False,False,lift,False,0.16373282290564575,False,,,0.0,
A-10ml-f0.25-p+5.0-above-y0-x+0.0-y+0.0,A,pitch,10,0.25,5,above,0,0,0,18,22.01284832596418,9.071233030783917,2.240207798703662,42.75528824620785,False,104.31,28.46,563014,67540,20859,0,0,0,0,26988,0,0,0,,9.310499999999887,20.421499999997756,3.2724386181967478,4.966387945258542,9.802487175489462,18.529603500306276,18.720514774164915,99.19896946664645,2.3114622665119935,67540,78.69122489156135,2.8223034789021755,2.3310441097970616,9.702517074162403,0.7071471759629022,1.5067834817891277,22.283252842927936,-1.170972929269901,2.094690227446986,38.0157330949355,4.915293272129997,99.73256572867402,True,True,True,False,True,True,False,False,False,lift,False,0.35431547726000423,True,0.1647199201707304,0.015945069089759296,0.056,
A-10ml-f0.25-p+0.0-above-y0-x+3.0-y+0.0,A,dx,10,0.25,0,above,0,3,0,18,22.01284832596418,9.071233030783917,2.240207798703662,42.75528824620785,False,106.36,31.4,796363,78298,23998,0,0,0,0,0,0,0,0,,7.599499999998508,22.746999999992337,2.030740686368081,0.7314380056734349,9.802559381246287,18.33682766300845,18.720514774164915,99.38342858628943,6.776180106590278,78298,87.31268259317012,1.6620966426058033,1.3788979515127646,16.324176659215023,-5.854995734069099,1.569399722119147,22.273009556593347,0.23998559592304544,0.9505897253814569,30.18462855777599,0.8988117573659359,100.08903521997644,True,True,True,True,True,True,False,True,False,reach_liquid,False,0.1403702277248924,False,,,3.0,
A-10ml-f0.25-p+0.0-above-y0-x-3.0-y+0.0,A,dx,10,0.25,0,above,0,-3,0,18,22.01284832596418,9.071233030783917,2.240207798703662,42.75528824620785,False,113.6,29.63,703664,67984,23231,0,0,0,0,43306,0,0,0,,8.21649999999855,22.78899999999224,4.864732368938781,1.2369355645858047,9.80251807937075,18.463109330531626,18.720514774164915,99.20542447426035,5.534949405452655,67984,85.70545128086411,0.11444905168845336,1.1757099266586983,15.056438673857835,-4.5987591242764445,1.0179871329498489,22.36319589177072,0.04420497060587945,0.9906446092317813,39.71512792561997,0.9544494010547458,99.66693239566601,True,True,True,False,True,True,False,True,False,lift,False,0.18378992342875713,True,0.1346674145930378,0.4065350091865305,1.227,
A-10ml-f0.25-p+0.0-above-y0-x+0.0-y-6.0,A,dy,10,0.25,0,above,0,0,-6,18,22.01284832596418,9.071233030783917,2.240207798703662,42.75528824620785,False,125.57,28.4,604933,13340,37991,0,0,0,0,174229,0,0,0,,9.490000000000107,,6.267639193205829,17.683040786878642,9.801318039887498,18.52936202331401,18.720514774164915,99.19984203632782,-0.06678918072938744,13340,0.6789660828331673,122.49813401568184,5.757324789080316,41.750699574703866,-31.265418458339468,1.9712431006785756,22.207257013440284,,433.500436815949,24.945011376668564,5.290623243584431,96.8487753499562,True,True,True,False,True,False,False,False,False,lift,False,0.1706291212611469,False,,,0.0,
A-10ml-f0.25-p+0.0-side-y0-x+0.0-y+0.0,A,approach,10,0.25,0,side,0,0,0,18,22.01284832596418,9.071233030783917,2.240207798703662,42.75528824620785,False,139.54,28.4,615440,7582,52240,2492,0,0,0,194710,0,0,0,,9.463500000000074,,3.3086365173664847,4.015387209797427,9.808604564061206,18.514037385298906,18.720514774164915,99.20414638612688,-0.04875920762876379,7582,0.6821523815904571,119.3432806596773,6.403142465753133,40.30456889677971,-29.855781962284695,3.6950344959058574,21.924756465357223,,8.793599296350655,109.31136456822789,2.9815998063651032,0.3839951619549285,True,True,True,False,True,False,False,False,False,lift,False,0.12488668330561675,False,,,0.0,
A-10ml-f0.25-p+20.0-above-y0-x+0.0-y+0.0,A,pitch,10,0.25,20,above,0,0,0,18,22.01284832596418,9.071233030783917,2.240207798703662,42.75528824620785,False,143.45,31.4,637231,9898,29913,0,8528,1764,0,64064,0,0,0,1.3974999999999016,26.806499999982876,26.806999999982875,4.317413845362005,6.8168395731127385,9.794679026344497,22.978198424327726,18.720514774164915,96.07563594344492,-0.006827390909319719,9898,0.027644286905693607,129.49626146747372,5.396966431777723,42.33055384826167,-29.286773861519606,16.75097613193554,19.71055383204791,0.8510760243475803,0.9116974241068875,68.23293399842252,90.00415700777833,11.154476585961266,False,True,True,False,False,False,False,True,False,table,False,0.6832526837692005,False,,,3.0,
A-10ml-f0.25-p+10.0-above-y0-x+0.0-y+0.0,A,pitch,10,0.25,10,above,0,0,0,18,22.01284832596418,9.071233030783917,2.240207798703662,42.75528824620785,False,164.53,28.4,592243,5608,28165,0,2107,60,0,94403,0,0,0,1.5074999999998895,,,5.391514818229385,12.036427942747965,9.801876686238955,20.735040795060335,18.720514774164915,96.91865005563302,-3.456404058854237,5608,2.912975114691818,130.3909250497224,2.8821386401558873,42.965330181651304,-32.14337854338356,9.845082127635132,20.904215727397137,,5.571958925484178,45.10086857550342,7.995563325008177,98.16168191282402,False,True,True,False,False,False,False,False,False,table,False,,False,,,0.0,
A-10ml-f0.25-p+0.0-above-y270-x+0.0-y+0.0,A,yaw,10,0.25,0,above,270,0,0,18,22.01284832596418,9.071233030783917,2.240207798703662,42.75528824620785,False,171.22,28.4,621371,10179,31512,0,0,0,0,159398,0,0,0,,9.521000000000145,,5.338378550804966,15.113400840188083,9.797956178484585,18.514173741150756,18.720514774164915,99.2035559512238,2.6083809061703267,10179,0.560955438333051,126.97764600248718,9.050076968861985,33.49642228450162,-23.42388176911807,9.21278604609105,21.01049110926282,,9.71715272785974,17.45466948746336,90.02561569995372,11.163651891770554,True,True,True,False,False,False,False,False,False,lift,False,0.8503746455229363,False,,,0.0,
A-10ml-f0.25-p+0.0-above-y0-x+0.0-y+0.0,A,nominal,10,0.25,0,above,0,0,0,18,22.01284832596418,9.071233030783917,2.240207798703662,42.75528824620785,False,172.39,28.4,665701,13273,35401,0,0,0,0,166282,0,0,0,,,,3.690929462869571,9.169757664312113,9.80241080125956,18.5140367773108,18.720514774164915,99.2041569587072,-0.26473011073084585,13273,0.7424984075535808,124.96536774213513,8.060189818050203,40.15251250031029,-29.944473796083976,8.745568777487824,21.088774739146288,,0.19833885759971362,40.8312481615926,2.260859316716837,98.95532885056724,True,True,True,False,False,False,False,False,False,lift,False,,False,,,0.0,
A-10ml-f0.25-p-5.0-above-y0-x+0.0-y+0.0,A,pitch,10,0.25,-5,above,0,0,0,18,22.01284832596418,9.071233030783917,2.240207798703662,42.75528824620785,False,175.38,28.4,695833,3695,21418,0,1817,0,0,69,0,0,0,1.4349999999998975,,,3.2788837521467595,6.69660997052679,9.800973208897418,22.27730385834902,18.720514774164915,95.36336473078062,-3.7065858479580633,3695,3.089365121922737,134.4828449717315,0.9043728778620211,14.465001299414133,-4.047201061366759,2.1420216063019986,22.179303751569208,,6.464356920135144,25.045203698504427,91.90806738910257,12.226296782196185,False,True,True,False,False,False,False,False,False,table,False,,False,,,0.0,
A-10ml-f0.25-p+0.0-diagonal-y0-x+0.0-y+0.0,A,approach,10,0.25,0,diagonal,0,0,0,18,22.01284832596418,9.071233030783917,2.240207798703662,42.75528824620785,False,177.38,28.4,672946,11419,41503,0,0,0,0,144060,0,0,0,,,,6.012811315826146,10.860239231234008,7.00001162883952,18.51404198272879,18.720514774164915,99.20423311582026,0.6005796187400005,11419,1.3563484627910347,124.19770895767059,6.627852943280915,39.48665689521218,-29.18690866395389,4.768004082774039,21.748392213168575,,3.546488014311233,69.23857371685891,12.234646127605137,70.69427095263451,True,True,True,False,False,False,False,False,False,lift,False,,False,,,0.0,
A-10ml-f0.25-p+0.0-above-y0-x+6.0-y+0.0,A,dx,10,0.25,0,above,0,6,0,18,22.01284832596418,9.071233030783917,2.240207798703662,42.75528824620785,False,201.51,31.4,804740,10711,28061,0,0,0,0,190027,0,0,0,,9.505500000000126,23.00349999999174,4.771926622802811,14.545114512602945,9.80246807273752,18.559112931589727,18.720514774164915,99.0840979061336,1.2339513474874664,10711,1.024404304008891,123.87061186007062,7.2262933580337085,35.98664388392885,-26.083299474408726,14.194648827332223,20.160550317900647,-0.2696927456409015,1.0388254983256497,39.763355448926866,5.70283459245343,99.8010762935205,True,True,True,False,False,False,False,True,False,lift,False,1.2235615916256712,False,,,3.0,
A-10ml-f0.50-p+5.0-above-y0-x+0.0-y+0.0,A,pitch,10,0.5,5,above,0,0,0,18,22.01284832596418,18.142466061567834,4.480415597407324,47.89775430777567,False,65.66,28.83,410353,80664,18754,0,0,0,0,0,0,0,0,,8.03599999999833,20.733999999997028,2.303091193170325,1.2328435897828975,9.803114866696603,18.32280199834029,18.720514774164915,99.37044445192973,5.315941669080192,80664,83.18479009059544,0.5939910132040933,2.121438372534471,14.71391646906422,4.783098497121732,2.7368530987862565,13.010655987093985,0.2139120014659485,0.6650920775929542,29.423415864051282,5.263667677168568,100.81864888781128,True,True,True,True,True,True,False,True,False,reach_liquid,False,0.13769851040840744,True,0.10357968179702191,0.13910366735382626,0.425,
A-10ml-f0.25-p+0.0-above-y90-x+0.0-y+0.0,A,yaw,10,0.25,0,above,90,0,0,18,22.01284832596418,9.071233030783917,2.240207798703662,42.75528824620785,False,211.86,28.4,708369,7625,50958,2492,0,0,0,171350,0,0,0,,,,2.570834706272093,7.174843994475743,9.80247987983709,18.516028486334683,18.720514774164915,99.20307589865796,-1.7650277982544302,7625,3.335102733849085,124.6551542405321,8.510672613147591,36.54557719325353,-26.608638222927876,7.05976931080319,21.369684407306632,,3.6317356226494346,42.0083606766915,5.379902016885189,100.06405445712481,True,True,True,True,False,False,False,False,False,uncap,False,,False,,,0.0,
A-10ml-f0.25-p+0.0-above-y0-x+0.0-y-3.0,A,dy,10,0.25,0,above,0,0,-3,18,22.01284832596418,9.071233030783917,2.240207798703662,42.75528824620785,False,219.7,28.4,564707,5513,109790,2345,0,0,0,225657,0,0,0,,,,3.766941565196608,10.628683956106356,9.802545748580453,18.500331935060164,18.720514774164915,99.196318254086,-1.0839012243014021,5513,1.503741463863584,124.27536974502043,9.535012069016531,29.806095950119733,-19.875405005471677,10.339634884252924,20.82080921149253,,1.511288759722177,41.031206492323754,6.1680457086883,100.82878206493,True,True,True,False,False,False,False,False,False,lift,False,,False,,,0.0,
A-10ml-f0.25-p+0.0-above-y180-x+0.0-y+0.0,A,yaw,10,0.25,0,above,180,0,0,18,22.01284832596418,9.071233030783917,2.240207798703662,42.75528824620785,False,222.06,28.4,638540,12474,44020,2,0,0,0,248589,0,0,0,,,,4.405081733003515,12.73438937070577,9.802563659566367,18.51825419810068,18.720514774164915,99.20201318291494,-1.3144738684348205,12474,1.2490602228117194,122.26820891770659,8.396568902104375,26.96148704356201,-17.373286672305742,12.798437786584254,20.40195180296727,,4.528118844069327,45.8708865412163,0.922837468296362,101.05818452589152,True,True,True,False,False,False,False,False,False,lift,False,,False,,,0.0,
A-10ml-f0.25-p-20.0-above-y0-x+0.0-y+0.0,A,pitch,10,0.25,-20,above,0,0,0,18,22.01284832596418,9.071233030783917,2.240207798703662,42.75528824620785,False,226.01,28.4,621717,0,11295,0,2558,0,0,0,0,0,0,1.1249999999999316,,,7.354675994082239,3.166796155511424,22.946912035774083,41.45984992915871,18.720514774164915,76.08670112773483,-0.21293764663789239,0,0.013440460770742053,149.62911345282959,7.424588950017044,35.322520764481865,-25.222582127002887,6.000414944560985,21.545131804111314,,0.21603789923977562,24.291824168869077,16.17149880233069,77.99840703468914,False,True,False,False,False,False,False,False,False,table,False,,False,,,0.0,
A-10ml-f0.50-p+0.0-above-y0-x+0.0-y+0.0,A,nominal,10,0.5,0,above,0,0,0,18,22.01284832596418,18.142466061567834,4.480415597407324,47.89775430777567,False,105.56,31.4,728452,77472,23907,0,0,0,0,0,0,0,0,,7.548999999998536,23.07099999999158,2.0086953907369574,0.32500306862892087,9.797855611838985,18.50486354393517,18.720514774164915,99.1784360449932,7.15285362684373,77472,89.07774252808885,1.6948187956922436,1.1901181449973621,21.764573822260896,-2.244723892850839,0.4095566876453113,13.391439635688856,-0.20411467203549905,0.9922065082344709,1.4788960701037677,0.00012299379109643321,-0.0016050766855295329,True,True,True,True,True,True,False,True,True,reach_liquid,False,0.14751533108001366,False,,,3.0,
A-10ml-f0.25-p+0.0-above-y0-x+0.0-y+6.0,A,dy,10,0.25,0,above,0,0,6,18,22.01284832596418,9.071233030783917,2.240207798703662,42.75528824620785,False,137.27,31.4,749599,70816,24004,0,0,0,0,77717,0,0,0,,7.6559999999984765,22.96499999999183,2.945992922614535,4.867793669707993,9.802472882175595,18.51729028482817,18.720514774164915,99.16877616492128,6.113943935763574,70816,87.71733527523614,0.9104674504197076,1.4412795659405908,16.405020873602414,-5.952779006505954,0.635549506025953,22.425726396438897,-0.19174265068457705,0.9352736691839859,37.06950712004235,3.3647253683739304,99.6115010654446,True,True,True,True,True,True,False,True,False,reach_liquid,False,0.14570677662093368,False,,,3.0,
A-10ml-f0.50-p+0.0-above-y90-x+0.0-y+0.0,A,yaw,10,0.5,0,above,90,0,0,18,22.01284832596418,18.142466061567834,4.480415597407324,47.89775430777567,False,86.35,31.4,660312,71651,23611,0,0,0,0,0,0,0,0,,7.547499999998537,26.94549999998255,2.1442507868163494,0.8807399529200747,9.797855636930976,18.507808096857563,18.720514774164915,99.17541874879454,7.198388989990853,71651,89.16488857881701,1.7399719163710392,1.2080108585021967,22.233411998823637,-2.7134800398512238,0.39090448679210754,13.394488868277122,-0.20105343245134047,0.9442360982363737,2.0730945592564543,0.33426974733617165,0.04686649777730799,True,True,True,True,True,True,False,True,True,reach_liquid,False,0.14811142118473922,False,,,3.0,
A-10ml-f0.25-p+0.0-above-y0-x+0.0-y+3.0,A,dy,10,0.25,0,above,0,0,3,18,22.01284832596418,9.071233030783917,2.240207798703662,42.75528824620785,False,173.13,28.4,548149,12156,38842,0,0,0,0,222040,0,0,0,,,,4.988858617090949,12.839182413425931,9.802459755716118,18.501075386291674,18.720514774164915,99.20099968818386,-1.4301697592518994,12156,1.3810413464936695,123.81532201326478,8.79919042171754,31.766814661617875,-21.51263460710366,12.8142071293124,20.39924078512762,,0.19640688709900195,40.847942965332635,4.792110130816145,99.71828384079816,True,True,True,False,False,False,False,False,False,lift,False,,False,,,0.0,
A-10ml-f0.50-p+0.0-above-y180-x+0.0-y+0.0,A,yaw,10,0.5,0,above,180,0,0,18,22.01284832596418,18.142466061567834,4.480415597407324,47.89775430777567,False,103.33,31.4,744860,73077,23439,0,0,0,0,0,0,0,0,,7.54099999999854,22.764999999992295,2.23351486517123,0.6688717921931344,9.797855611691196,18.506959291224373,18.720514774164915,99.19336884734854,7.194714187675394,73077,89.26610922011294,1.7706820407360124,1.1609286254598052,21.281089195954504,-1.7600964144372373,0.36107378195638495,13.399365517306352,3.041249669535028,3.0778019849529863,1.33954143447323,0.49954579580197417,0.07456063888856379,True,True,True,True,True,True,False,False,True,reach_liquid,False,0.14857860469559017,False,,,3.0,
A-10ml-f0.50-p+10.0-above-y0-x+0.0-y+0.0,A,pitch,10,0.5,10,above,0,0,0,18,22.01284832596418,18.142466061567834,4.480415597407324,47.89775430777567,False,142.85,28.4,604348,10397,17651,0,2998,80,0,34168,0,0,0,1.5074999999998895,,,5.275407485829074,14.79795487648454,9.802530971400376,20.332516618989725,18.720514774164915,97.4045492421914,-1.8353322991179963,10397,1.8583103740893987,130.5528786228089,2.5509330971459634,24.76909875588868,-4.803891949995309,11.915428674179559,11.481995904388214,,2.079586648856803,30.324763559978084,18.24339262132977,100.28423211530773,False,True,True,False,False,False,False,False,False,table,False,,False,,,0.0,
A-10ml-f0.50-p+0.0-side-y0-x+0.0-y+0.0,A,approach,10,0.5,0,side,0,0,0,18,22.01284832596418,18.142466061567834,4.480415597407324,47.89775430777567,False,123.59,31.4,728929,77473,23904,0,0,0,0,0,0,0,0,,7.546999999998537,23.042999999991647,2.007930056988151,0.3152909435044216,9.567311621654515,18.504854198294716,18.720514774164915,99.17842798355049,7.139417509352257,77473,89.05595729907044,1.6885713387531966,1.1916642017309453,21.794582483116617,-2.274792273164794,0.41523435646858775,13.390511456492568,-0.20214523645958257,1.0048987460294494,1.5280864148565265,0.0001148730152595998,-0.0016049749029452408,True,True,True,True,True,True,False,True,True,reach_liquid,False,0.1473826970524782,False,,,3.0,
A-10ml-f0.50-p+0.0-above-y270-x+0.0-y+0.0,A,yaw,10,0.5,0,above,270,0,0,18,22.01284832596418,18.142466061567834,4.480415597407324,47.89775430777567,False,99.09,31.4,734989,77232,23709,0,0,0,0,52937,0,0,0,,7.748999999998425,26.462999999983676,3.077455818711771,2.260277385557351,9.803082745521733,18.50529056208153,18.720514774164915,99.1776545283734,5.657837833061043,77232,87.02569898996315,0.6678525551460559,1.4064340376564837,21.097384006682226,-1.5684663967457102,0.6932773351139064,13.345055301221397,-0.1944593716674196,0.8525505325144219,41.626394940907026,1.810813925117124,99.84223209548112,True,True,True,False,True,True,False,True,False,lift,False,0.14278927995252216,False,,,3.0,
A-10ml-f0.50-p+0.0-diagonal-y0-x+0.0-y+0.0,A,approach,10,0.5,0,diagonal,0,0,0,18,22.01284832596418,18.142466061567834,4.480415597407324,47.89775430777567,False,129.38,31.4,728604,77516,23922,0,0,0,0,0,0,0,0,,7.547999999998536,23.129999999991444,2.0071207445698995,0.31753698162787247,6.995647161161002,18.504870402577374,18.720514774164915,99.17842037988073,7.142275365353938,77516,89.05070696508108,1.692010754383059,1.1904281756212196,21.797913853288836,-2.2780250782903773,0.4190953562413464,13.389880263639466,-0.21013293667984914,0.9586776780999358,1.0605861572075685,0.5144045147056744,0.07693459547935295,True,True,True,True,True,True,False,True,True,reach_liquid,False,0.14707057463653342,False,,,3.0,
A-10ml-f0.50-p+0.0-above-y0-x-3.0-y+0.0,A,dx,10,0.5,0,above,0,-3,0,18,22.01284832596418,18.142466061567834,4.480415597407324,47.89775430777567,False,90.26,31.4,713912,79360,24098,0,0,0,0,0,0,0,0,,7.843999999998372,22.75449999999232,2.310045770821857,0.5758194593483039,9.797855916101124,18.445880786591694,18.720514774164915,99.24364562644081,5.686114179616543,79360,88.08004503221446,0.28046872950150736,1.1662620446439302,20.607100590673024,-1.0878432154521334,0.05047322390431592,13.450140311379878,0.27015853114896116,0.7822248684137788,22.025117557572557,0.5470938638884294,0.07490764875648429,True,True,True,True,True,True,False,True,False,reach_liquid,False,0.15083288463952763,False,,,3.0,
A-10ml-f0.50-p+0.0-above-y0-x+3.0-y+0.0,A,dx,10,0.5,0,above,0,3,0,18,22.01284832596418,18.142466061567834,4.480415597407324,47.89775430777567,False,87.19,28.4,564694,57926,15408,0,0,0,0,19133,0,0,0,,8.84549999999932,,3.406553078902169,2.383185669355119,9.803045420504592,18.498119170591035,18.720514774164915,99.2217230737207,3.6270239171051557,57926,84.209143944702,2.0203438025404306,1.3494908954547735,12.154471806450518,7.403146408367048,1.8828335103580363,13.150492702262422,,1.9621406314010936,4.237935297953137,1.578512389740222,99.53058632888786,True,True,True,False,True,True,False,False,False,lift,False,0.16932677202324037,False,,,0.0,
A-10ml-f0.50-p-20.0-above-y0-x+0.0-y+0.0,A,pitch,10,0.5,-20,above,0,0,0,18,22.01284832596418,18.142466061567834,4.480415597407324,47.89775430777567,False,202.92,28.4,615810,0,25773,0,2564,0,0,219936,0,0,0,1.1249999999999316,,,7.388615530921738,12.07080962416984,23.107081700726194,39.84577938524039,18.720514774164915,78.15812496286854,-0.21697159815208672,0,0.008762321528329533,147.7806124113374,9.659807477270254,38.90217253948938,-18.665290304055517,9.66587443993662,11.863143847233113,,0.07724844669637924,8.119328974357451,90.00350736571735,11.014799436692726,False,True,False,False,False,False,False,False,False,table,False,,False,,,0.0,
A-10ml-f0.50-p-5.0-above-y0-x+0.0-y+0.0,A,pitch,10,0.5,-5,above,0,0,0,18,22.01284832596418,18.142466061567834,4.480415597407324,47.89775430777567,False,195.14,28.4,884058,5560,19917,0,1789,0,0,0,0,0,0,1.4349999999998975,,,4.006602828278743,6.7761288633292045,9.800529498397129,22.31864295611263,18.720514774164915,95.34236788524413,-3.5083807292790246,5560,2.1494761660211403,135.3883604770572,8.86356950834833,39.03533905876322,-19.598201874951858,2.5354651922452525,13.043646782662199,,6.123090789096789,34.27887003441336,6.330135685146607,95.54618640490423,False,True,True,False,False,False,False,False,False,table,False,,False,,,0.0,
A-10ml-f0.50-p+0.0-above-y0-x-6.0-y+0.0,A,dx,10,0.5,0,above,0,-6,0,18,22.01284832596418,18.142466061567834,4.480415597407324,47.89775430777567,False,106.14,28.4,592795,18276,15162,0,0,0,0,326850,0,0,0,,7.3979999999986195,,8.660491316248155,29.07774977812263,9.802614954538683,17.768420251625233,18.720514774164915,99.8807494273658,8.425528903704578,18276,36.54729717012879,7.077278515834391,8.92201214257321,31.53130898877758,-11.549095268654371,28.603736224495773,8.350998716623058,,2255.822563012217,21.74969861435886,28.240840874178446,103.1088324057026,True,True,True,False,True,False,False,False,False,lift,False,0.3504119030413071,False,,,0.0,
A-10ml-f0.50-p+0.0-above-y0-x+0.0-y-3.0,A,dy,10,0.5,0,above,0,0,-3,18,22.01284832596418,18.142466061567834,4.480415597407324,47.89775430777567,False,86.32,28.4,679869,73614,23522,0,0,0,0,44349,0,0,0,,7.539499999998541,,3.3684293510172765,3.6839068751285833,9.803031976263322,18.502728221018998,18.720514774164915,99.18158809172328,7.187621434071575,73614,89.12952076834628,1.7527236571464728,1.2595150074503938,21.503240229121758,-1.9829240306510065,0.41796743487510196,13.390064655298248,,3.86671469790317,45.47735173481127,2.89838364864832,99.57694540362174,True,True,True,False,True,True,False,False,False,lift,False,0.14783610823563703,False,,,0.0,
A-10ml-f0.50-p-10.0-above-y0-x+0.0-y+0.0,A,pitch,10,0.5,-10,above,0,0,0,18,22.01284832596418,18.142466061567834,4.480415597407324,47.89775430777567,False,213.23,28.4,902507,1699,17943,0,2140,0,0,219915,0,0,0,1.302499999999912,21.120499999996127,,3.1894833426874585,2.746770202766916,10.370548064262973,28.71185578267776,18.720514774164915,88.93513451464244,-0.19860272364550374,1699,0.003846450121789594,137.27487889770703,7.363565503327738,43.67426011796883,-24.13683951015866,2.5075086920807754,13.048225706978025,,4.989664832467921,42.876229426791085,0.5357484584460986,89.29336887986149,False,True,False,False,False,False,False,False,False,table,False,0.9801967639477513,False,,,0.0,
A-10ml-f0.50-p+20.0-above-y0-x+0.0-y+0.0,A,pitch,10,0.5,20,above,0,0,0,18,22.01284832596418,18.142466061567834,4.480415597407324,47.89775430777567,False,156.13,28.4,599142,4690,30938,0,3200,413,0,131220,0,0,0,1.3974999999999016,,,5.62081531256578,16.755088767412047,9.799412925190204,24.068522360821447,18.720514774164915,94.0405174106524,0.26428287656399957,4690,0.8731171964554654,129.55833553021282,3.8539286736506293,36.92532902797733,-16.219122402671495,16.560486247455668,10.673247419875025,,3.9698727167893164,45.10769371690637,22.16737978146717,96.5823187492786,False,True,False,False,False,False,False,False,False,table,False,,False,,,0.0,
A-10ml-f0.50-p+0.0-above-y0-x+0.0-y-6.0,A,dy,10,0.5,0,above,0,0,-6,18,22.01284832596418,18.142466061567834,4.480415597407324,47.89775430777567,False,101.05,31.4,740704,93528,23228,0,0,0,0,0,0,0,0,,7.7479999999984255,21.27449999999577,1.7547627004049282,0.4341168612575468,9.797855611004659,18.53044961751513,18.720514774164915,99.20880846852748,5.6100224168260455,93528,87.41804208122083,0.6749509640866797,1.2151230246090161,20.661267732901315,-1.1347109607876131,0.6280147392911111,13.355725227182832,0.1841473664211041,0.8325812269818057,7.040869095272434,0.20856842211695728,0.026188366740250685,True,True,True,True,True,True,False,True,True,reach_liquid,False,0.14672152677027517,False,,,3.0,
A-10ml-f0.50-p+0.0-above-y0-x+6.0-y+0.0,A,dx,10,0.5,0,above,0,6,0,18,22.01284832596418,18.142466061567834,4.480415597407324,47.89775430777567,False,129.81,28.4,484188,5166,131434,2356,0,0,0,178629,0,0,0,,,,6.8659149649254845,14.77709845949139,9.803021768733808,17.610965614506554,18.720514774164915,99.76667626815099,-1.576724271183695,5166,1.2440997852106543,122.08097219910064,9.779775629022206,31.154650818184138,-11.950722064582642,12.676896356124027,11.351602469152716,,2.0086334360783193,14.184658311245762,9.011220428375143,100.70411202501619,True,True,True,False,False,False,False,False,False,lift,False,,False,,,0.0,
A-10ml-f0.50-p+0.0-above-y0-x+0.0-y+6.0,A,dy,10,0.5,0,above,0,0,6,18,22.01284832596418,18.142466061567834,4.480415597407324,47.89775430777567,False,93.86,31.4,733459,102200,23520,0,0,0,0,0,0,0,0,,7.860999999998363,20.345499999997934,1.7973786519425479,0.693475774569458,9.797855608603475,18.503898332900437,18.720514774164915,99.1826758831128,5.4172814884630505,102200,87.14710350893398,0.43879607292761474,1.4170702578161094,21.29964475765609,-1.7723473711515476,0.7127330013916388,13.341874395703753,0.13620579878404127,0.9720538410910606,4.969024660641684,0.2527716485175274,0.03276735172449744,True,True,True,True,True,True,False,True,True,reach_liquid,False,0.138180721103909,False,,,3.0,
A-10ml-f0.80-p-10.0-above-y0-x+0.0-y+0.0,A,pitch,10,0.8,-10,above,0,0,0,18,22.01284832596418,29.027945698508535,7.16866495585172,58.783233944716386,False,86.48,29.71,497869,2546,8501,0,2140,0,0,0,0,0,0,1.302499999999912,21.690999999994798,21.75849999999464,4.121661016965191,5.984602204151033,10.336591600824725,28.62814687697677,18.720514774164915,89.02981182237849,-0.19257474483856674,2546,0.014190643344591688,137.44748430442263,9.499376988933198,42.83034742908664,-12.414248295643166,0.7384506484132579,2.45219000890479,-0.21713413696021713,0.9259463204737035,32.43812323206165,7.847561722297834,90.36377546802865,False,True,False,False,False,False,False,True,False,table,False,0.42555007201210227,True,0.11357311928455467,0.4333710710074514,1.307,
A-10ml-f0.80-p+0.0-side-y0-x+0.0-y+0.0,A,approach,10,0.8,0,side,0,0,0,18,22.01284832596418,29.027945698508535,7.16866495585172,58.783233944716386,False,63.28,31.4,712257,91605,21595,0,0,0,0,0,0,0,0,,7.566499999998526,21.55249999999512,2.0654242165966696,0.37803664978931556,9.56731162162279,18.531461813449216,18.720514774164915,99.15106479319289,7.033644059575718,91605,88.94024647471113,1.6251587244531913,1.143374264158934,30.64128062786785,-0.2360764076520805,0.5296806796446064,2.486321948549433,4.662903978952571,4.778355128696336,1.2346114471453753,0.00011637031888919746,-0.0015898609526575698,True,True,True,True,True,True,False,False,True,reach_liquid,False,0.1377555673398995,False,,,3.0,
A-10ml-f0.50-p+0.0-above-y0-x+0.0-y+3.0,A,dy,10,0.5,0,above,0,0,3,18,22.01284832596418,18.142466061567834,4.480415597407324,47.89775430777567,False,137.59,31.4,763305,76328,23309,0,0,0,0,49641,0,0,0,,7.745499999998427,22.872499999992044,2.878432521970367,2.3780443376152953,9.80305904031264,18.516776517155513,18.720514774164915,99.21119786112286,5.491937261725754,76328,87.23741711639958,0.541927500288626,1.3927334337915291,21.292151943138034,-1.7594281103563008,0.7851096032637855,13.330040936339449,-0.19708885494897518,1.0169520918275894,37.57538768606833,2.2801957796880594,99.6465190363091,True,True,True,True,True,True,False,True,False,reach_liquid,False,0.1437868856035428,False,,,3.0,
A-10ml-f0.80-p+0.0-diagonal-y0-x+0.0-y+0.0,A,approach,10,0.8,0,diagonal,0,0,0,18,22.01284832596418,29.027945698508535,7.16866495585172,58.783233944716386,False,83.27,31.4,715676,78591,21581,0,0,0,0,0,0,0,0,,7.568499999998525,23.46649999999066,2.0506152084850955,0.4833219078576028,6.9956471605987955,18.532129363029288,18.720514774164915,99.15041697097196,7.022952378856695,78591,88.92605562879548,1.616174228493742,1.1495533825418576,30.57432886721219,-0.1690662514193253,0.5322782860722797,2.4858972801714536,-0.24187952714476052,0.9438348534302088,1.7374324579092537,0.033231205071433505,-0.0023565908802069034,True,True,True,True,True,True,False,True,True,reach_liquid,False,0.13774566319601828,False,,,3.0,
A-10ml-f0.80-p+0.0-above-y0-x-6.0-y+0.0,A,dx,10,0.8,0,above,0,-6,0,18,22.01284832596418,29.027945698508535,7.16866495585172,58.783233944716386,False,71.39,28.4,432091,60343,7948,0,0,0,0,0,0,0,0,,8.506499999998905,,3.657136112015517,3.0673465523189294,9.797855615776578,17.989687893611986,18.720514774164915,99.74218762869452,3.9777158135004336,60343,84.25644793060597,1.1438088462033396,1.1897782451586292,21.619100786355503,8.826671462708102,2.3971642846010313,2.1808172115478675,,2.2253221337283278,13.283019252749673,0.0791625500805928,0.004659732166080394,True,True,True,False,True,True,False,False,False,lift,False,0.18440378015937278,False,,,0.0,
A-10ml-f0.80-p+0.0-above-y180-x+0.0-y+0.0,A,yaw,10,0.8,0,above,180,0,0,18,22.01284832596418,29.027945698508535,7.16866495585172,58.783233944716386,False,88.2,31.4,724357,101939,21753,0,0,0,0,0,0,0,0,,7.787999999998403,20.34649999999793,2.0243330894411695,1.0289651953267847,9.797855607846492,18.529421025459197,18.720514774164915,99.15277628705495,5.536304372386384,101939,87.13245096065786,0.5128192069871189,1.2347625802073297,29.495542324125484,0.9141126932865062,0.7187881795876414,2.4554047615315833,0.4235367455026305,1.040585860878575,7.776810581434675,0.634408850582239,0.09497004463229976,True,True,True,True,True,True,False,True,True,reach_liquid,False,0.13055545322869014,False,,,3.0,
A-10ml-f0.80-p+0.0-above-y270-x+0.0-y+0.0,A,yaw,10,0.8,0,above,270,0,0,18,22.01284832596418,29.027945698508535,7.16866495585172,58.783233944716386,False,85.75,31.4,710104,74882,21983,0,0,0,0,0,0,0,0,,7.574499999998522,23.094999999991526,2.07704463697881,0.3609370263195644,9.797855613229952,18.531298043660076,18.720514774164915,99.15000083133862,7.212044921739359,74882,89.09937169030064,1.6967231266319416,1.1717620257013837,30.864286308178684,-0.4606710497211397,0.5456121769343324,2.4837173900733713,-0.20296882667042376,0.9577227629601845,3.2683745053298527,1.234961740983584,0.1969785423907523,True,True,True,True,True,True,False,True,True,reach_liquid,False,0.137549619653692,False,,,3.0,
A-10ml-f0.80-p+0.0-above-y0-x+3.0-y+0.0,A,dx,10,0.8,0,above,0,3,0,18,22.01284832596418,29.027945698508535,7.16866495585172,58.783233944716386,False,77.02,28.45,494838,54541,15227,0,0,0,0,0,0,0,0,,8.765999999999222,21.811999999994516,2.6527718464002903,2.033567605595591,9.803843010583453,18.314674378536846,18.720514774164915,99.38498639295355,3.373027858627996,54541,85.27537085030885,2.204335351974057,0.8658248636957545,22.77143742555746,7.646787143652619,1.051908431358139,2.4009362841058888,0.18033378311359724,0.44024883811851667,37.09815340338017,1.3843278944593658,99.9706216543361,True,True,True,True,True,True,False,True,False,reach_liquid,False,0.2098602811432908,True,0.12894960999025776,0.015248893795327314,0.053,
A-10ml-f0.80-p+0.0-above-y0-x+0.0-y+0.0,A,nominal,10,0.8,0,above,0,0,0,18,22.01284832596418,29.027945698508535,7.16866495585172,58.783233944716386,False,113.34,31.4,711373,91251,21596,0,0,0,0,0,0,0,0,,7.567999999998525,21.502499999995237,2.0502812962502084,0.39365209810256824,9.797855612690467,18.53212962545812,18.720514774164915,99.15041770935848,7.023619036191933,91251,88.92988738548358,1.6147681891773762,1.1493124800567527,30.583019687071197,-0.17778299026244282,0.5289463668178249,2.486441997247307,4.473649602228623,4.588313127583555,1.4411746321902896,0.00013012697978805586,-0.0015957175933101189,True,True,True,True,True,True,False,False,True,reach_liquid,False,0.13777552331968085,False,,,3.0,
A-10ml-f0.80-p+0.0-above-y90-x+0.0-y+0.0,A,yaw,10,0.8,0,above,90,0,0,18,22.01284832596418,29.027945698508535,7.16866495585172,58.783233944716386,False,105.08,31.4,707845,91536,22220,0,0,0,0,0,0,0,0,,7.55999999999853,21.48399999999528,2.0528809790267424,0.3276386375176267,9.797855611923858,18.529119895840903,18.720514774164915,99.15406701585775,6.9989141941217765,91536,88.8199506449478,1.5962107888473052,1.2167425295097114,30.853332775651737,-0.4474731549863331,0.594091155877556,2.4757917248418324,4.341218287195922,4.457375945538408,1.3438702687158934,0.00013392277195247037,-0.001592535835011674,True,True,True,True,True,True,False,False,True,reach_liquid,False,0.13677546410686625,False,,,3.0,
A-10ml-f0.80-p+10.0-above-y0-x+0.0-y+0.0,A,pitch,10,0.8,10,above,0,0,0,18,22.01284832596418,29.027945698508535,7.16866495585172,58.783233944716386,False,120.0,28.4,525324,8684,16393,0,1979,155,0,62865,0,0,0,1.5074999999998895,,,7.291290734094748,13.16669118880968,9.797360057542344,20.369291875908004,18.720514774164915,97.44547103644842,0.20407150813606112,8684,0.009144452546926843,127.75921032273821,1.5443992087603207,28.75769229483927,1.6936838818513433,8.797150345234419,1.123429263177809,,1.9062843031643784,8.02434553645528,89.65005730261119,11.188451446565796,False,True,True,False,False,False,False,False,False,table,False,,False,,,0.0,
A-10ml-f0.80-p+0.0-above-y0-x-3.0-y+0.0,A,dx,10,0.8,0,above,0,-3,0,18,22.01284832596418,29.027945698508535,7.16866495585172,58.783233944716386,False,107.79,28.4,650908,30815,27488,0,0,0,0,108424,0,0,0,,9.391499999999986,,3.691800871936627,7.922371987754714,9.803231169426011,17.907379201822657,18.720514774164915,99.72825675251462,0.6619091082572734,30815,78.29014845494288,7.912162488362932,4.065133704368876,42.67095814095648,-12.202369523477447,1.5910470772817644,2.312755492687221,,204.01478728592232,3.138301219512438,13.005545778410838,100.59044315785384,True,True,True,False,True,False,False,False,False,lift,False,0.7721458905916072,False,,,0.0,
A-10ml-f0.80-p+0.0-above-y0-x+0.0-y-6.0,A,dy,10,0.8,0,above,0,0,-6,18,22.01284832596418,29.027945698508535,7.16866495585172,58.783233944716386,False,80.36,31.4,670271,58363,18564,0,0,0,0,0,0,0,0,,7.766499999998415,22.765999999992292,2.4528252416829206,0.7301587258475717,9.797855608534904,18.50504874025113,18.720514774164915,99.19636257348957,4.762267186062194,58363,87.38710411923935,0.8768738440163439,0.731948499664115,22.84370772488073,7.5687912626904446,0.7345447643106648,2.452828611072387,0.22028780318390515,0.7724157790589918,7.518189684256513,6.006223267393844e-05,-0.0015855243222181706,True,True,True,True,True,True,False,True,True,reach_liquid,False,0.14472635512983265,False,,,3.0,
A-10ml-f0.80-p-5.0-above-y0-x+0.0-y+0.0,A,pitch,10,0.8,-5,above,0,0,0,18,22.01284832596418,29.027945698508535,7.16866495585172,58.783233944716386,False,150.17,28.4,692169,7197,25328,0,1813,0,0,37322,0,0,0,1.4349999999998975,,,3.0361982381726973,8.031186148741154,9.80207385060824,22.24501960175327,18.720514774164915,95.41482902219863,-0.26537502209311725,7197,0.6171552088933896,129.53868000669766,5.660665892698225,43.307041039349485,-13.190383039573817,6.3272165156639915,1.5343735122644901,,1.3968662491666177,28.99087173752662,20.528172540624517,3.3344938197291896,False,True,True,False,False,False,False,False,False,table,False,,False,,,0.0,
A-10ml-f0.80-p+20.0-above-y0-x+0.0-y+0.0,A,pitch,10,0.8,20,above,0,0,0,18,22.01284832596418,29.027945698508535,7.16866495585172,58.783233944716386,False,139.0,28.4,831918,5706,11864,0,3716,815,0,70482,0,0,0,1.3974999999999016,,,7.105377713932551,8.92025457016342,9.80000772834598,23.64299930326857,18.720514774164915,94.27426561109162,-3.179474800336028,5706,0.9948757004985151,130.09689266464358,8.636402799871213,41.18143790644082,-9.923831765506181,5.382050387600583,1.6905084485573691,,3.3894029696142494,35.31871571426454,18.40074819369415,95.27766991489591,False,True,True,False,False,False,False,False,False,table,False,,False,,,0.0,
A-10ml-f0.80-p+5.0-above-y0-x+0.0-y+0.0,A,pitch,10,0.8,5,above,0,0,0,18,22.01284832596418,29.027945698508535,7.16866495585172,58.783233944716386,False,144.68,28.4,674061,10543,22832,0,0,0,0,5894,0,0,0,,,,4.260140905346205,8.179527958545453,9.803492738640378,18.699089383249735,18.720514774164915,99.08118539238347,-3.2472962672726937,10543,1.6696958856600785,127.85236685935148,3.1894718122500474,44.32937676146806,-13.86921408664027,3.1094321534492795,2.0641116595158184,,5.419514418121058,30.335725903154795,8.825140040696423,99.73147008546303,True,True,True,False,False,False,False,False,False,lift,False,,False,,,0.0,
A-10ml-f0.80-p+0.0-above-y0-x+0.0-y-3.0,A,dy,10,0.8,0,above,0,0,-3,18,22.01284832596418,29.027945698508535,7.16866495585172,58.783233944716386,False,93.17,31.4,638624,72413,21396,0,0,0,0,0,0,0,0,,7.570499999998524,26.58999999998338,2.0790229622667473,0.7944331287244937,9.797855609142943,18.52404891655731,18.720514774164915,99.16022099750462,7.010505083427598,72413,88.99439589340041,1.6162190672966126,1.0680574068306086,29.58438594698962,0.8210763792254883,0.46619599198837436,2.4967006042989284,-0.25405472012921165,0.93816879190009,5.282751579374557,0.2821122767017474,0.03836912582709969,True,True,True,True,True,True,False,True,True,reach_liquid,False,0.13710699217958397,False,,,3.0,
A-10ml-f0.80-p+0.0-above-y0-x+0.0-y+3.0,A,dy,10,0.8,0,above,0,0,3,18,22.01284832596418,29.027945698508535,7.16866495585172,58.783233944716386,False,100.57,28.45,685074,81962,21055,0,0,0,0,0,0,0,0,,7.755999999998421,20.255499999998143,1.8715216065579543,0.8724848131046582,9.80375613356574,18.544063287577384,18.720514774164915,99.20111782772243,5.7194667416220755,81962,87.5663313367094,0.5594844856714773,1.0043565569458046,28.569418977913852,1.8431248001355982,0.7409712971740486,2.451777888615047,-2.015395615423613,3.344074592916296,35.17459610170949,0.6903160550386249,99.68690916163177,True,True,True,True,True,True,False,False,False,reach_liquid,False,0.14565245600755583,True,0.1569897977228169,0.014005877096785283,0.05,
A-20ml-f0.25-p-5.0-above-y0-x+0.0-y+0.0,A,pitch,20,0.25,-5,above,0,0,0,18,27.734450974025386,10.848006492240843,4.595695685163375,29.524082122566295,False,71.26,28.4,522777,57239,102060,2361,0,0,0,0,0,0,0,,9.23099999999979,,2.5525078011576645,0.9195922219646206,9.797954893755872,31.738456715299055,32.30932106331029,99.64601840680567,3.4337002102077725,57239,88.49311110823552,1.8568920495986614,0.914437195523273,28.665883136744526,-16.01373564073083,4.65071155767093,31.282233769276974,,120.9034634608986,80.98217412678945,90.0008357250421,14.072841467892408,True,True,True,True,True,True,False,False,False,reach_liquid,False,0.20482541751539973,False,,,0.0,
A-20ml-f0.25-p-20.0-above-y0-x+0.0-y+0.0,A,pitch,20,0.25,-20,above,0,0,0,18,27.734450974025386,10.848006492240843,4.595695685163375,29.524082122566295,False,85.33,28.4,414959,2006,22119,0,2120,0,0,0,0,0,0,1.3099999999999112,7.644499999998483,,4.122129490788789,5.452960632371164,10.108334292290667,40.99866384364763,32.30932106331029,91.05431480753323,0.7475234161931841,2006,1.2484979775249656,135.098764061356,9.328498419500713,51.06637803836759,-35.16053364827372,16.176946023546055,28.753843391507086,,2.8810089325391477,25.175904332991077,15.583635542744927,92.60882023691067,False,True,False,False,True,False,False,False,False,table,False,0.9153794266770443,False,,,0.0,
A-20ml-f0.25-p+5.0-above-y0-x+0.0-y+0.0,A,pitch,20,0.25,5,above,0,0,0,18,27.734450974025386,10.848006492240843,4.595695685163375,29.524082122566295,False,78.25,31.4,478227,102539,12081,0,0,0,0,0,0,0,0,,8.072499999998374,20.202499999998267,2.6233921438847423,0.36171039562659957,9.805404016444312,31.973931603549005,32.30932106331029,99.3691607590069,5.063845522045633,102539,87.78330843756092,0.4589322422425106,1.0387064538541644,5.630023768590382,6.883577098573637,4.491105455132502,31.31619076183821,0.19248104526482604,0.8909367097874132,29.222152911242013,4.777321831215911,100.23276868374037,True,True,True,True,True,True,False,True,False,reach_liquid,False,0.1250281989078245,False,,,3.0,
A-20ml-f0.25-p+0.0-side-y0-x+0.0-y+0.0,A,approach,20,0.25,0,side,0,0,0,18,27.734450974025386,10.848006492240843,4.595695685163375,29.524082122566295,False,61.84,28.4,429654,64936,13142,0,0,0,0,0,0,0,0,,7.767499999998415,,1.8933789966359549,0.40428996471919365,9.774216856475352,32.01110272161805,32.30932106331029,99.268469337586,5.72422771180843,64936,89.29355526128795,0.8355447001149643,0.30911619554871383,6.052071981826161,6.529725807173412,0.1380679458987748,32.23838796986433,,3.6300865523876347,104.77852231755399,0.12094086594272142,-0.024979681753390662,True,True,True,True,True,True,False,False,False,reach_liquid,False,0.14176037658895102,False,,,0.0,
A-20ml-f0.25-p+0.0-diagonal-y0-x+0.0-y+0.0,A,approach,20,0.25,0,diagonal,0,0,0,18,27.734450974025386,10.848006492240843,4.595695685163375,29.524082122566295,False,58.96,31.4,513885,108059,12796,0,0,0,0,0,0,0,0,,8.02849999999832,20.46749999999765,1.9706483674868658,0.4556793047490211,7.0032417272460155,32.064097943491156,32.30932106331029,99.1973185985492,5.3335055408935474,108059,87.83560096823463,0.3719231384013752,0.5486757076634784,7.303774566504835,5.281253802450204,0.42199262501206036,32.17836370197509,0.20678882016531033,0.6146047522311407,76.74722206285968,0.3267584890652316,70.71635687274028,True,True,True,True,True,True,False,True,False,reach_liquid,False,0.13599240810421398,False,,,3.0,
A-10ml-f0.80-p+0.0-above-y0-x+0.0-y+6.0,A,dy,10,0.8,0,above,0,0,6,18,22.01284832596418,29.027945698508535,7.16866495585172,58.783233944716386,False,116.27,31.4,766781,77637,21767,0,0,0,0,42579,0,0,0,,7.546499999998537,26.777999999982942,2.0517111747735517,1.6539741589111672,9.803746017404753,18.507987611557343,18.720514774164915,99.17829298485736,7.112016242800056,77637,89.14313500961708,1.7094597952112252,1.088196315334127,29.61348297523258,0.7924470660032046,0.42338861096175423,2.503698768455417,0.07933283443695477,0.22502198332362336,36.17509034289572,0.7908815825119165,99.60965156934905,True,True,True,True,True,True,False,True,False,reach_liquid,False,0.14042724301995274,False,,,3.0,
A-20ml-f0.25-p+0.0-above-y0-x+0.0-y+0.0,A,nominal,20,0.25,0,above,0,0,0,18,27.734450974025386,10.848006492240843,4.595695685163375,29.524082122566295,False,87.52,31.4,586387,59407,27775,0,0,0,0,0,0,0,0,,8.63299999999906,22.991499999991767,2.070515972662134,1.2945812873707456,9.805488341640922,32.0494560183269,32.30932106331029,99.19100671887074,4.187305436835959,59407,85.64649362016218,1.777350277326336,1.4740460402687952,31.527261220185316,-18.927005540460147,0.7144196923018586,32.11653734034329,-0.1890384862190125,0.9500292277233726,18.99493952860282,1.0883150466506673,99.90851506045152,True,True,True,True,True,True,False,True,False,reach_liquid,False,0.18485048026315398,False,,,3.0,
A-10ml-f0.80-p+0.0-above-y0-x+6.0-y+0.0,A,dx,10,0.8,0,above,0,6,0,18,22.01284832596418,29.027945698508535,7.16866495585172,58.783233944716386,False,149.14,28.4,712742,10165,14361,0,0,0,0,145847,0,0,0,,,,4.330424380363734,9.573356011362968,9.803379060567538,17.847854373747936,18.720514774164915,99.9001722779831,-2.5849957962309142,10165,1.2550664495839472,126.62431692009524,3.9491904392055477,44.08997286600455,-13.902463052826969,4.817295811307144,1.7835651602918081,,3.1944570871733706,12.655310620291813,9.66992537866425,99.3692057160285,True,True,True,False,False,False,False,False,False,lift,False,,False,,,0.0,
A-20ml-f0.25-p+0.0-above-y0-x-6.0-y+0.0,A,dx,20,0.25,0,above,0,-6,0,18,27.734450974025386,10.848006492240843,4.595695685163375,29.524082122566295,False,58.47,29.27,405908,77035,19211,0,0,0,0,0,0,0,0,,8.570999999998984,21.59999999999501,10.383450523859397,7.367534422993127,9.805364364362076,32.06770024514891,32.30932106331029,99.14647512982452,4.172354194915704,77035,82.94738517529828,1.876184975622921,2.0573329076827878,14.62125255053609,-1.934253694187635,2.885205568496715,31.657117047596135,0.092116693010307,0.7999699955248125,36.52211179143112,0.5123744369033009,98.8376813896911,True,True,True,False,True,True,False,True,False,lift,False,0.32507222762294985,True,0.11078569026518266,0.2867713118969205,0.867,
A-20ml-f0.25-p+0.0-above-y180-x+0.0-y+0.0,A,yaw,20,0.25,0,above,180,0,0,18,27.734450974025386,10.848006492240843,4.595695685163375,29.524082122566295,False,78.37,31.4,553257,78951,26577,0,0,0,0,0,0,0,0,,7.781499999998407,26.50449999998358,1.599454073356557,0.9468058236562467,9.805460502349984,32.04817981267743,32.30932106331029,99.14784545178455,5.483564957546171,78951,87.61523748579424,0.6238811200548007,1.4972340939805937,29.760416282822057,-17.163343415291354,0.568955843264012,32.14729280185526,0.6059415181792012,0.9918159943621517,35.31929149919895,0.16600511913957094,99.69055784559356,True,True,True,True,True,True,False,True,False,reach_liquid,False,0.13579352648631593,False,,,3.0,
A-20ml-f0.25-p+10.0-above-y0-x+0.0-y+0.0,A,pitch,20,0.25,10,above,0,0,0,18,27.734450974025386,10.848006492240843,4.595695685163375,29.524082122566295,False,113.65,28.4,599933,11500,24675,0,0,0,0,52783,0,0,0,,,,5.49803878023946,13.450943484565533,9.804726206510825,31.985422133459195,32.30932106331029,99.29007130481371,-2.2801122626162904,11500,1.946695300155522,128.34292938268442,4.457476199642603,57.99095203566666,-44.85904009647238,5.654500303788933,31.068298089274112,,0.20222086119879987,14.51643983778182,15.227302667668734,100.12333416440121,True,True,True,False,False,False,False,False,False,lift,False,,False,,,0.0,
A-20ml-f0.25-p+0.0-above-y90-x+0.0-y+0.0,A,yaw,20,0.25,0,above,90,0,0,18,27.734450974025386,10.848006492240843,4.595695685163375,29.524082122566295,False,86.09,31.4,547901,61095,26555,0,0,0,0,0,0,0,0,,8.496999999998893,22.98949999999177,1.9085189597320702,1.0876628165975393,9.805422234306656,32.05819224917799,32.30932106331029,99.15511439289224,4.266871972375435,61095,86.163027327172,1.664418011867883,1.4477358227211208,32.35265358724622,-19.75508769154702,0.5972221386883939,32.1413165850101,-0.17041424231399255,0.9852475109723711,24.417963877236218,1.1231781059615578,99.61367362801074,True,True,True,True,True,True,False,True,False,reach_liquid,False,0.18795343352617258,False,,,3.0,
A-20ml-f0.25-p+20.0-above-y0-x+0.0-y+0.0,A,pitch,20,0.25,20,above,0,0,0,18,27.734450974025386,10.848006492240843,4.595695685163375,29.524082122566295,False,126.15,28.4,570069,6865,24647,0,0,0,0,11105,0,0,0,,21.447499999995365,,8.50587081346239,17.76919433897528,9.805335105012317,31.859243153417044,32.30932106331029,99.28196945962053,-3.5390591238535842,6865,3.938437174930516,130.44662015523016,4.163421394312539,28.872387966737655,-16.08260990532577,16.290435416239728,28.727817338129825,,7.964424448521356,13.569295030721884,11.341464748880785,101.26526893437142,True,True,True,False,False,False,False,False,False,lift,False,0.6131352834247619,False,,,0.0,
A-20ml-f0.25-p+0.0-above-y270-x+0.0-y+0.0,A,yaw,20,0.25,0,above,270,0,0,18,27.734450974025386,10.848006492240843,4.595695685163375,29.524082122566295,False,100.38,28.4,549739,60746,26851,0,0,0,0,0,0,0,0,,8.571999999998985,,1.4345424863368108,0.9262811886589016,9.805458419447614,31.916941525646244,32.30932106331029,99.24099944053005,4.261663300316402,60746,85.96812841741335,1.741055484880588,1.2625269274158322,30.57272311030243,-17.983243902197326,0.43541385521034265,32.175526246165624,,1.5243075294086659,34.63182254776117,0.7473268286641663,99.76494874972826,True,True,True,True,True,True,False,False,False,reach_liquid,False,0.1805035901493129,False,,,0.0,
A-20ml-f0.25-p+0.0-above-y0-x+0.0-y+6.0,A,dy,20,0.25,0,above,0,0,6,18,27.734450974025386,10.848006492240843,4.595695685163375,29.524082122566295,False,62.64,31.4,510060,107496,12170,0,0,0,0,0,0,0,0,,8.023999999998315,20.32999999999797,1.9337034879349888,0.7847116090056453,9.805487432098674,32.078371627177006,32.30932106331029,99.17689418466519,5.348455264401267,107496,88.1583056156729,0.25514604354605075,0.6871752759916235,16.12430171339146,-3.5400167564030722,0.2419928689320245,32.21641761492615,0.22022339906875596,0.5562902738159639,29.066413019920766,0.3202042778515539,100.00891636978277,True,True,True,True,True,True,False,True,False,reach_liquid,False,0.13583455508500158,False,,,3.0,
A-10ml-f0.80-p-20.0-above-y0-x+0.0-y+0.0,A,pitch,10,0.8,-20,above,0,0,0,18,22.01284832596418,29.027945698508535,7.16866495585172,58.783233944716386,False,286.74,28.4,847045,0,9304,0,2564,0,0,340798,0,0,0,1.1249999999999316,,,1.8568990306243571,8.193392045245242,23.107844843306328,41.588257140013354,18.720514774164915,76.70907677394842,-0.20281089750956438,0,0.007604534162095915,148.3599515038389,10.347359683064115,42.66815078729452,-13.45933905118321,14.809925361718511,0.0965275940690239,,0.21328035040096097,37.15993424576839,16.493191848457524,78.5425674189213,False,True,False,False,False,False,False,False,False,table,False,,False,,,0.0,
A-20ml-f0.25-p-10.0-above-y0-x+0.0-y+0.0,A,pitch,20,0.25,-10,above,0,0,0,18,27.734450974025386,10.848006492240843,4.595695685163375,29.524082122566295,False,160.72,28.4,680680,5104,78671,2343,0,0,0,90097,0,0,0,,,,9.371955291178297,17.15473315228192,9.80487494002694,31.9705134691333,32.30932106331029,99.0451922439709,2.2072420983168737,5104,0.05034126786136038,124.8326061839732,7.858647597852724,33.46856366016345,-21.57613486377248,20.410506549362072,27.76043566728463,,0.20672875548708752,8.693682020405028,17.247792679620986,100.91234471617834,True,True,True,False,False,False,False,False,False,lift,False,,False,,,0.0,
A-20ml-f0.25-p+0.0-above-y0-x+0.0-y+3.0,A,dy,20,0.25,0,above,0,0,3,18,27.734450974025386,10.848006492240843,4.595695685163375,29.524082122566295,False,68.51,28.4,480487,53885,24522,0,0,0,0,0,0,0,0,,7.885499999998349,,2.194353498622043,1.0255360877316306,9.805487631758096,31.994480259732942,32.30932106331029,99.25668919112671,4.872934851676204,53885,87.87732138242913,0.6807916222644569,0.9436225857569235,16.859090136667174,-4.270924164849046,0.43661893270593954,32.17527147364018,,5.336061451033891,32.740102043027385,0.08042443191430905,99.96738388085143,True,True,True,True,True,True,False,False,False,reach_liquid,False,0.13328206478742113,False,,,0.0,
A-20ml-f0.25-p+0.0-above-y0-x+0.0-y-6.0,A,dy,20,0.25,0,above,0,0,-6,18,27.734450974025386,10.848006492240843,4.595695685163375,29.524082122566295,False,77.49,28.4,530488,76579,27199,0,0,0,0,0,0,0,0,,7.819499999998386,,2.010105764033373,1.0976778294691911,9.805417612739378,32.05578912266797,32.30932106331029,99.12351731434566,5.46855708936058,76579,87.27325265165761,0.5893111188397989,1.5762675464949782,31.057228481806078,-18.45297614314545,0.78849875677818,32.1008740599649,,8.921925101870222,1.702736205852786,30.306292782530512,105.4373648327715,True,True,True,True,True,True,False,False,False,reach_liquid,False,0.13273680635753363,False,,,0.0,
A-20ml-f0.25-p+0.0-above-y0-x+3.0-y+0.0,A,dx,20,0.25,0,above,0,3,0,18,27.734450974025386,10.848006492240843,4.595695685163375,29.524082122566295,False,84.28,28.46,444945,61661,23016,0,0,0,0,0,0,0,0,,9.064499999999587,21.476499999995298,2.655288896182021,1.4499979586746352,9.805550848449858,31.821888508312753,32.30932106331029,99.44909147303906,3.4997416896661306,61661,86.28805837097613,1.853351991879389,1.114899209475124,26.363958778092307,-13.767528998523169,0.7289868666366901,32.11345729795792,-2.1740488624887013,3.298081481476747,36.47749960034027,0.21728877429648835,99.93289098914292,True,True,True,True,True,True,False,False,False,reach_liquid,False,0.1915508659811495,True,0.11946504954404863,0.016904682722846842,0.058,
A-20ml-f0.25-p+0.0-above-y0-x-3.0-y+0.0,A,dx,20,0.25,0,above,0,-3,0,18,27.734450974025386,10.848006492240843,4.595695685163375,29.524082122566295,False,97.01,28.4,572974,69103,110468,2358,0,0,0,0,0,0,0,,7.979999999998297,,2.539522570410794,1.276558352542814,9.805117377046258,32.12116482654105,32.30932106331029,99.14921780557592,5.149968936913892,69103,86.52476940346185,1.0270766174567219,2.3139786691789155,41.659113025859824,-29.075785207632403,1.4583063218232333,31.95921823586633,,159.84815587309222,39.63049884049696,0.22184105258498613,99.66212372242234,True,True,True,True,True,True,False,False,False,reach_liquid,False,0.131331419237384,False,,,0.0,
A-20ml-f0.25-p+0.0-above-y0-x+0.0-y-3.0,A,dy,20,0.25,0,above,0,0,-3,18,27.734450974025386,10.848006492240843,4.595695685163375,29.524082122566295,False,75.17,31.4,490955,107020,11717,0,0,0,0,0,0,0,0,,8.02799999999832,20.442999999997706,2.2820385387162174,0.8097275256471934,9.805489533012343,32.064981754327135,32.30932106331029,99.19673249621935,5.330565234072735,107020,87.82990545829537,0.37234033982083065,0.2967591124640134,5.562128034541761,7.019978790959113,0.24080399041291484,32.21666895263662,0.2285841604218814,0.6918880417666049,38.66559050022348,0.10345516364784911,100.0986982672835,True,True,True,True,True,True,False,True,False,reach_liquid,False,0.13780797896268313,False,,,3.0,
A-20ml-f0.25-p+0.0-above-y0-x+6.0-y+0.0,A,dx,20,0.25,0,above,0,6,0,18,27.734450974025386,10.848006492240843,4.595695685163375,29.524082122566295,False,86.68,28.4,285508,17741,97924,2365,0,0,0,165667,0,0,0,,7.734499999998433,,14.898517659834198,16.265944175644183,9.80408077347376,32.00281655357103,32.30932106331029,99.29683186358905,13.645965556055003,17741,66.25388695960206,11.341381835940268,10.979265792157138,36.40433226463529,-23.091907379231237,15.19031827491828,28.97887050816933,,668.3946192627801,22.413067244372698,11.370402845916812,98.45133979114667,True,True,True,False,True,False,False,False,False,lift,False,0.18827769821525547,False,,,0.0,
A-20ml-f0.50-p-20.0-above-y0-x+0.0-y+0.0,A,pitch,20,0.5,-20,above,0,0,0,18,27.734450974025386,21.696012984481687,9.19139137032675,38.22009510704798,False,83.16,28.4,539076,1459,22114,0,2105,0,0,0,0,0,0,1.3099999999999112,,,3.689817132168573,2.341111481413394,10.539843077558096,40.90381498853164,32.30932106331029,90.44428463187137,-0.19008137250967755,1459,0.02573246924779905,137.04769289539016,10.045664178140012,50.45297811021357,-23.936270115065813,15.698583119287035,18.015212346787347,,0.19787086808145277,12.36871212193416,3.1612290623485486,0.6575361188431105,False,True,False,False,False,False,False,False,False,table,False,,False,,,0.0,
A-20ml-f0.50-p+0.0-above-y0-x+0.0-y+0.0,A,nominal,20,0.5,0,above,0,0,0,18,27.734450974025386,21.696012984481687,9.19139137032675,38.22009510704798,False,71.61,28.4,480572,82240,26574,0,0,0,0,0,0,0,0,,8.031999999998325,,2.283938505572348,0.9194672752425226,9.797871856690437,32.05538256631613,32.30932106331029,99.1778069823224,5.448121742306633,82240,87.8874585401715,0.2069167796178749,1.3275150346754268,35.659561268714604,-12.218363346070001,0.5128982914005769,21.31113813753474,,222.3969534974932,90.416392168864,90.00053543835934,14.058673064293226,True,True,True,True,True,True,False,False,False,reach_liquid,False,0.12394115647183865,False,,,0.0,
A-20ml-f0.50-p-5.0-above-y0-x+0.0-y+0.0,A,pitch,20,0.5,-5,above,0,0,0,18,27.734450974025386,21.696012984481687,9.19139137032675,38.22009510704798,False,85.31,28.4,507331,64438,114694,2360,0,0,0,0,0,0,0,,9.272999999999842,,2.0717790439634074,1.1722386164695835,9.806270776700824,31.611746500578004,32.30932106331029,99.7974875604441,3.0821422850995788,64438,87.42170718854119,1.8732937635079407,1.7287417118394235,44.75634965719339,-21.203083276290823,5.044584101719259,20.35036193997119,,324.134818677376,35.45625379570346,4.852808431258035,100.62488773016659,True,True,True,True,True,True,False,False,False,reach_liquid,False,0.21875505338535456,False,,,0.0,
A-20ml-f0.50-p+5.0-above-y0-x+0.0-y+0.0,A,pitch,20,0.5,5,above,0,0,0,18,27.734450974025386,21.696012984481687,9.19139137032675,38.22009510704798,False,73.67,31.4,440142,94114,10099,0,0,0,0,0,0,0,0,,8.050999999998348,20.504499999997563,2.801888919505175,0.29619752300537794,9.806543177887553,32.0347934380045,32.30932106331029,99.29568030441138,5.2974694697016105,94114,87.7852145191418,0.3993824629452651,0.8653839076386135,14.88019157592391,8.475546333965287,4.359940099976544,20.49607920647288,0.17099487765855717,0.7147066903588916,29.351240107784808,4.904331140716553,100.11218330959534,True,True,True,True,True,True,False,True,False,reach_liquid,False,0.12466278563546143,False,,,3.0,
A-20ml-f0.50-p+10.0-above-y0-x+0.0-y+0.0,A,pitch,20,0.5,10,above,0,0,0,18,27.734450974025386,21.696012984481687,9.19139137032675,38.22009510704798,False,77.22,31.4,516253,61892,25846,0,0,0,0,0,0,0,0,,9.244999999999807,22.752499999992324,4.79746900736183,4.239743020089042,9.806619345431262,31.567520445276443,32.30932106331029,99.2204262489936,3.3913338646886713,61892,80.85661357907287,1.5611221051335515,1.571558241514717,41.91330885922967,-18.455006570063507,6.376131648147239,20.066040051781865,0.31811693310894634,0.771916445859302,19.369780004207936,9.703680893826778,100.76696405318002,True,True,True,False,True,True,False,True,False,lift,False,0.11855323122413491,False,,,3.0,
A-20ml-f0.50-p-10.0-above-y0-x+0.0-y+0.0,A,pitch,20,0.5,-10,above,0,0,0,18,27.734450974025386,21.696012984481687,9.19139137032675,38.22009510704798,False,119.18,28.4,495856,8189,20231,0,0,0,0,0,0,0,0,,,,9.580622747777175,11.658762256394562,9.797856198892463,31.937799157488325,32.30932106331029,99.30989040755829,-0.3809790153952164,8189,1.3427417541236122,127.15442976435706,2.30277465263896,19.227517829321513,4.455102926114993,12.367425461620694,18.763674104642593,,4.735463276038924,13.72853886440583,0.6786025688732433,0.13300324236753486,True,True,True,False,False,False,False,False,False,lift,False,,False,,,0.0,
A-20ml-f0.50-p+0.0-above-y270-x+0.0-y+0.0,A,yaw,20,0.5,0,above,270,0,0,18,27.734450974025386,21.696012984481687,9.19139137032675,38.22009510704798,False,62.79,31.4,459205,107497,1495,0,0,0,0,0,0,0,0,,8.025499999998317,20.38999999999783,2.2400721762512257,0.5397163817172488,9.806619219587263,32.07034526756482,32.30932106331029,99.18303993559253,5.344305393539958,107497,88.08727206098663,0.3348851558045582,0.2982422865107532,13.427288538792752,10.003120264798243,0.25484470850176427,21.365694145906026,0.2258565477323185,0.5487817809349312,32.901526116055784,0.7731541898204065,100.06904056512026,True,True,True,True,True,True,False,True,False,reach_liquid,False,0.1332674850252788,False,,,3.0,
A-20ml-f0.50-p+0.0-diagonal-y0-x+0.0-y+0.0,A,approach,20,0.5,0,diagonal,0,0,0,18,27.734450974025386,21.696012984481687,9.19139137032675,38.22009510704798,False,74.35,28.4,477164,82209,26421,0,0,0,0,0,0,0,0,,8.034999999998329,,2.321739415985247,1.0485893028316362,7.0040115390554485,32.05540517495607,32.30932106331029,99.17781487866326,5.397898942811966,82209,87.87814927990702,0.2546184358105179,1.3402380127678757,35.36882835813105,-11.92720025465982,0.5200391172171233,21.309628418280536,,416.2447324296553,74.39955859638614,0.6020301635297216,70.42689994838432,True,True,True,True,True,True,False,False,False,reach_liquid,False,0.12385559713085631,False,,,0.0,
A-20ml-f0.50-p+0.0-above-y180-x+0.0-y+0.0,A,yaw,20,0.5,0,above,180,0,0,18,27.734450974025386,21.696012984481687,9.19139137032675,38.22009510704798,False,65.53,31.4,472180,108480,0,0,0,0,0,0,0,0,0,,8.034999999998329,20.434499999997726,1.9967929604297543,0.2496335088794445,9.8066252166371,32.07031106609844,32.30932106331029,99.1807837534652,5.328231772093926,108480,87.8744266101744,0.35806498630696193,0.3591882276156913,13.432766999590054,9.99888748476789,0.4175623963266342,21.331293826488697,0.19360552372830486,0.5311002410779248,29.268409536068994,0.51661549622441,99.99940708794577,True,True,True,True,True,True,True,True,False,place,False,0.1332674249202477,False,,,3.0,
A-20ml-f0.50-p+0.0-side-y0-x+0.0-y+0.0,A,approach,20,0.5,0,side,0,0,0,18,27.734450974025386,21.696012984481687,9.19139137032675,38.22009510704798,False,84.34,31.4,529012,83912,28621,0,0,0,0,0,0,0,0,,8.050999999998348,22.760499999992305,2.714972526376664,0.8799162905564321,9.716676718130431,32.08476464974242,32.30932106331029,99.16767088166142,5.370784408428232,83912,88.58861730839335,0.10837071495138359,1.3600335652930329,33.19605828399621,-9.756185271735621,0.4520431083509183,21.32400405836145,-0.0303835527474582,0.5079406590316117,105.70073984089791,0.031068574542979087,-0.010521043821121154,True,True,True,True,True,True,False,True,False,reach_liquid,False,0.1267141342819161,False,,,3.0,
A-20ml-f0.50-p+0.0-above-y0-x-3.0-y+0.0,A,dx,20,0.5,0,above,0,-3,0,18,27.734450974025386,21.696012984481687,9.19139137032675,38.22009510704798,False,71.85,31.4,522424,82814,24608,0,0,0,0,0,0,0,0,,8.041999999998337,22.827999999992148,2.624383971078797,0.6428071933258985,9.806613652370688,32.00193749603038,32.30932106331029,99.26256073464126,5.390953164111631,82814,88.45735454535696,0.1893244761237552,0.9205472176578658,28.542867596762537,-5.109300733355749,0.2686279161870536,21.362780264780415,-0.3078054001514079,0.9346909495729385,34.76351518281572,0.1572938559420931,99.74611623230834,True,True,True,True,True,True,False,True,False,reach_liquid,False,0.12794249897208604,False,,,3.0,
A-20ml-f0.50-p+0.0-above-y90-x+0.0-y+0.0,A,yaw,20,0.5,0,above,90,0,0,18,27.734450974025386,21.696012984481687,9.19139137032675,38.22009510704798,False,77.15,31.4,522660,77242,25669,0,0,0,0,0,0,0,0,,7.796999999998398,26.47899999998364,2.138785150204268,0.9239242775926838,9.806620027803369,32.053415893799354,32.30932106331029,99.16357587622369,5.699825931958627,77242,87.833561170281,0.4828570161765408,1.2945170066154528,37.583790983513325,-14.141958416221955,0.5353831558112806,21.306384357432915,-0.15573964589212688,0.9478183149860278,30.843185667487163,3.4342436910257303,100.25285479315284,True,True,True,True,True,True,False,True,False,reach_liquid,False,0.12811937147086944,False,,,3.0,
A-20ml-f0.50-p+0.0-above-y0-x+0.0-y-3.0,A,dy,20,0.5,0,above,0,0,-3,18,27.734450974025386,21.696012984481687,9.19139137032675,38.22009510704798,False,73.42,28.4,476476,77415,26456,0,0,0,0,0,0,0,0,,7.785999999998404,,2.5729195454785416,1.2683120049411007,9.806563784586,32.04031403499764,32.30932106331029,99.23800186611868,5.31856392798171,77415,87.09380602539666,0.7872142553040814,1.3497770337346657,35.74464522496554,-12.300332540862074,0.7238675950981115,21.266533212348815,,9.229993667686815,39.32384474565112,0.5810349787090205,99.45891927674107,True,True,True,True,True,True,False,False,False,reach_liquid,False,0.1325853578999583,False,,,0.0,
A-20ml-f0.50-p+0.0-above-y0-x+0.0-y-6.0,A,dy,20,0.5,0,above,0,0,-6,18,27.734450974025386,21.696012984481687,9.19139137032675,38.22009510704798,False,74.94,28.4,521715,76517,27098,0,0,0,0,0,0,0,0,,7.7944999999984,,2.359221050179955,1.0617279876961065,9.806627998414163,31.98927324719885,32.30932106331029,99.26971197495362,5.169380739621331,76517,87.35276371831776,0.8565943257405672,1.4239968156916307,36.700723240672566,-13.25937754283106,0.49037631655962827,21.315899730090738,,4.874595067449245,38.675696000866054,0.2889891917358506,99.75181596916121,True,True,True,True,True,True,False,False,False,reach_liquid,False,0.13071797528538553,False,,,0.0,
A-20ml-f0.50-p+0.0-above-y0-x+0.0-y+3.0,A,dy,20,0.5,0,above,0,0,3,18,27.734450974025386,21.696012984481687,9.19139137032675,38.22009510704798,False,71.32,28.4,526689,72345,27228,0,0,0,0,0,0,0,0,,7.784499999998405,,2.1864485717287727,0.9672742464287979,9.806576428957964,32.03816470768882,32.30932106331029,99.18339135421077,5.48670290868624,72345,87.7123967605058,0.7137774742579792,1.42503536899258,37.55770809819953,-14.117901013591922,0.4074846179868573,21.333424415984343,,8.989500251840846,26.262121202157967,1.1632918554141771,99.7028961191719,True,True,True,True,True,True,False,False,False,reach_liquid,False,0.13019430940509,False,,,0.0,
A-20ml-f0.50-p+0.0-above-y0-x+3.0-y+0.0,A,dx,20,0.5,0,above,0,3,0,18,27.734450974025386,21.696012984481687,9.19139137032675,38.22009510704798,False,90.17,31.4,497368,83950,25593,0,0,0,0,0,0,0,0,,7.996499999998288,26.51299999998356,3.2088145048830268,1.0490452047175307,9.80659456744502,32.01451567910105,32.30932106331029,99.03878145318211,5.895360368141096,83950,88.57329628035446,0.49953028707407693,1.5669649020634475,38.22016840586439,-14.754154341768148,1.2182801953994462,21.161981909366677,-0.18803434826863047,1.0208687270879029,33.66859764457828,0.4413592340324743,99.7148457885176,True,True,True,False,True,True,False,True,False,lift,False,0.1226684231062618,False,,,3.0,
A-20ml-f0.50-p+0.0-above-y0-x+0.0-y+6.0,A,dy,20,0.5,0,above,0,0,6,18,27.734450974025386,21.696012984481687,9.19139137032675,38.22009510704798,False,78.21,31.4,470216,108179,0,0,0,0,0,0,0,0,0,,8.03649999999833,20.43699999999772,2.03385394249816,0.29701172443894713,9.806622074597263,32.07033589692184,32.30932106331029,99.18243565305633,5.324845596606009,108179,87.88002101118683,0.3731800860925089,0.3787756426175852,13.431595461513172,10.00012358331702,0.4102257237793483,21.332844906727775,0.18155484863772187,0.5617894432827444,34.9265735548287,0.6277538386722625,99.99430111740948,True,True,True,True,True,True,True,True,False,place,False,0.13332298221882355,False,,,3.0,
A-20ml-f0.80-p-10.0-above-y0-x+0.0-y+0.0,A,pitch,20,0.8,-10,above,0,0,0,18,27.734450974025386,34.713620775170696,14.7062261925228,51.237702897736995,False,70.82,28.4,450779,26145,45314,6907,0,0,0,0,0,0,0,,7.779999999998408,,7.957636917124032,14.162617328996472,9.80496834062468,31.83356853761123,32.30932106331029,98.85942552663775,4.729414830785442,26145,59.71654743860167,8.398128956999837,9.219080524931075,55.874937466797576,-21.250116192309875,18.55286043444779,4.336733998060999,,65.94378980066443,21.194061361113775,15.592537831867551,100.03656464584529,True,True,True,False,True,False,False,False,False,lift,False,0.8115871753205599,False,,,0.0,
A-20ml-f0.80-p-5.0-above-y0-x+0.0-y+0.0,A,pitch,20,0.8,-5,above,0,0,0,18,27.734450974025386,34.713620775170696,14.7062261925228,51.237702897736995,False,70.68,28.4,542888,48955,38220,0,0,0,0,0,0,0,0,,8.875499999999356,,3.2326056977256656,0.8116058252412511,9.807839944423337,32.139004827150934,32.30932106331029,99.25378599617954,3.4592075804881843,48955,87.97008380322099,2.2619733019315937,0.9808944366049152,43.865433086831175,-7.353629792079958,4.452965141018175,7.458688801118563,,5.269426536866443,4.323769377272729,4.432552164782064,99.66285975538682,True,True,True,False,True,True,False,False,False,lift,False,0.22164238932478086,False,,,0.0,
A-20ml-f0.50-p+20.0-above-y0-x+0.0-y+0.0,A,pitch,20,0.5,20,above,0,0,0,18,27.734450974025386,21.696012984481687,9.19139137032675,38.22009510704798,False,153.68,28.4,489778,5875,41346,0,0,0,0,229,0,0,0,,,,9.46138411771397,19.227183874188803,9.806372614693027,32.07291603382211,32.30932106331029,98.99706193132036,-0.6586045811193473,5875,8.13233689038484,130.16377182153295,2.4857718446656953,42.296629705249835,-18.128042406068566,18.83380398170411,17.28814976116447,,11.947279249723138,23.19970881975938,18.411639243619828,102.213116897751,True,True,True,False,False,False,False,False,False,lift,False,,False,,,0.0,
A-20ml-f0.80-p+0.0-above-y90-x+0.0-y+0.0,A,yaw,20,0.8,0,above,90,0,0,18,27.734450974025386,34.713620775170696,14.7062261925228,51.237702897736995,False,50.12,31.4,366307,109652,0,0,0,0,0,0,0,0,0,,8.040499999998335,20.36849999999788,2.5847164415324735,0.21915388924171147,9.808001258735509,32.06620434329437,32.30932106331029,99.20302499218752,5.320575189746248,109652,88.11601626395459,0.376007372386348,0.2847029784244657,26.38195603122302,10.066462861425569,0.3105863959305866,8.336302071631422,0.1982654403671822,0.46884624534324226,35.18674000228466,0.14263061222529524,99.9975963272384,True,True,True,True,True,True,True,True,False,place,False,0.12857669533033647,False,,,3.0,
A-20ml-f0.80-p+0.0-above-y0-x+0.0-y+0.0,A,nominal,20,0.8,0,above,0,0,0,18,27.734450974025386,34.713620775170696,14.7062261925228,51.237702897736995,False,73.05,31.4,443264,62946,15865,0,0,0,0,0,0,0,0,,9.229999999999789,22.915999999991943,2.1772975996972312,1.4546597445601157,9.80799105673457,32.03959402257715,32.30932106331029,99.25028314035563,3.4237632496991814,62946,85.38430690509591,2.175133175624091,0.7689254467787198,30.766642210442736,5.691146666173152,0.8549089645958268,8.221217527687829,-0.09281408978817868,0.9423822108502169,38.256362925793766,0.5787631567268948,99.90358724193689,True,True,True,True,True,True,False,True,False,reach_liquid,False,0.22343462112773244,False,,,3.0,
A-20ml-f0.80-p+0.0-diagonal-y0-x+0.0-y+0.0,A,approach,20,0.8,0,diagonal,0,0,0,18,27.734450974025386,34.713620775170696,14.7062261925228,51.237702897736995,False,59.21,28.45,356346,54154,13719,0,0,0,0,0,0,0,0,,9.298999999999873,19.60049999999967,3.0041193717444306,1.5327857614979754,7.005730897294277,32.03960000697652,32.30932106331029,99.25029006599874,2.5601791501757427,54154,85.08915578438264,2.8810230733819058,0.7535861827491288,28.005387305703792,8.451245743222618,0.8391829022528754,8.224542801279783,0.06452462727276508,0.30652345237045253,80.28129592585475,0.7975749264315468,70.65789671302595,True,True,True,False,True,True,False,True,False,lift,False,0.20576081073132219,True,0.16763057599743544,0.014707578457596675,0.052,
A-20ml-f0.80-p+5.0-above-y0-x+0.0-y+0.0,A,pitch,20,0.8,5,above,0,0,0,18,27.734450974025386,34.713620775170696,14.7062261925228,51.237702897736995,False,71.46,31.4,417322,109464,4019,0,0,0,0,0,0,0,0,,8.038499999998333,20.42899999999774,3.2600662876641864,0.14707124042682773,9.797863745462449,32.2624317158519,32.30932106331029,99.0625000810643,5.323105620386196,109464,87.58393092787833,0.4201733598677234,0.5394490711416663,27.12503580735685,9.26178522859164,4.463664067996127,7.456413258929322,0.1877626361442942,0.6028624323150718,29.50114020519284,2.9494605946003007,0.6182119399280158,True,True,True,False,True,True,False,True,False,lift,False,0.1246639082961342,False,,,3.0,
A-20ml-f0.80-p+0.0-side-y0-x+0.0-y+0.0,A,approach,20,0.8,0,side,0,0,0,18,27.734450974025386,34.713620775170696,14.7062261925228,51.237702897736995,False,67.62,31.4,435716,96021,0,0,0,0,0,0,0,0,0,,8.051499999998349,20.51449999999754,1.462793334617863,0.22435105144101297,9.657817834516234,32.11095788545733,32.30932106331029,99.16850424486138,5.271451850097933,96021,88.2776159697663,0.15173572624235634,0.12001283225551643,26.400228845007682,10.046919535490057,0.1701340483860843,8.365994746865638,0.18275842085950073,0.2766327067031244,102.6919892773264,0.27199374026067785,0.001289141671160338,True,True,True,True,True,True,True,True,False,place,False,0.13656657779845835,False,,,3.0,
A-20ml-f0.80-p+0.0-above-y180-x+0.0-y+0.0,A,yaw,20,0.8,0,above,180,0,0,18,27.734450974025386,34.713620775170696,14.7062261925228,51.237702897736995,False,61.39,31.4,401455,109654,8165,0,0,0,0,0,0,0,0,,8.039499999998334,20.34349999999794,2.557526505519175,0.28328274813437015,9.807990831013544,32.10046994109782,32.30932106331029,99.16796296983306,5.320935885587817,109654,88.3761019390067,0.36828537119216354,0.2628053083184082,26.559617364435347,9.888098740528289,0.1598302841726504,8.368173018214746,0.1874043600609849,0.5531894634547021,30.614365600878152,0.6276051380938069,99.91426898133886,True,True,True,True,True,True,False,True,False,reach_liquid,False,0.1286470512335884,False,,,3.0,
A-20ml-f0.80-p+0.0-above-y270-x+0.0-y+0.0,A,yaw,20,0.8,0,above,270,0,0,18,27.734450974025386,34.713620775170696,14.7062261925228,51.237702897736995,False,62.24,28.63,385611,82593,11485,0,0,0,0,0,0,0,0,,8.073999999998376,20.481499999997617,2.137613499467467,0.5730196493988259,9.808064041954424,32.147554216479286,32.30932106331029,99.20065160179038,5.200812618656875,82593,89.15912992515463,0.26282242934250627,0.5966365014110745,31.051161317201025,5.405254448944796,1.0362515636421528,8.182870566320386,0.11958561770035402,0.7912486581447207,36.1272352947307,0.33137381898069707,100.43981459596598,True,True,True,True,True,True,False,True,False,reach_liquid,False,0.1317407111669108,True,0.10074902674634216,0.07377294639221922,0.229,
A-20ml-f0.50-p+0.0-above-y0-x-6.0-y+0.0,A,dx,20,0.5,0,above,0,-6,0,18,27.734450974025386,21.696012984481687,9.19139137032675,38.22009510704798,False,155.19,28.4,672315,9376,27785,0,0,0,0,22935,0,0,0,,,,9.941610710223285,11.703749675177471,9.805294037138378,32.030761809547755,32.30932106331029,99.23250231833063,-4.074577329090327,9376,2.7575497595285783,134.4879172952169,1.1720563867329765,40.233126723652305,-16.63193357600548,6.866969626845192,19.960876135140495,,5.30250977794623,10.482905925621646,8.891616213483406,97.83145136357156,True,True,True,False,False,False,False,False,False,lift,False,,False,,,0.0,
A-20ml-f0.80-p+10.0-above-y0-x+0.0-y+0.0,A,pitch,20,0.8,10,above,0,0,0,18,27.734450974025386,34.713620775170696,14.7062261925228,51.237702897736995,False,95.13,28.46,395458,51216,21579,0,0,0,0,0,0,0,0,,9.302999999999878,20.636999999997254,6.628548525300537,5.242699403672903,9.8079898496829,31.819675699188192,32.30932106331029,99.50488449302128,2.6312762124835327,51216,82.42322753883983,2.15764928209079,1.3123613977310893,45.67527371033908,-9.295901941406282,6.891949976729222,6.937910536416193,-1.610479180146504,5.2362467480087815,35.64895068420622,8.268165569572771,101.5921019585934,True,True,True,False,True,True,False,False,False,lift,False,0.5479734490025355,True,0.1398558420458686,0.017244648320769947,0.059,
A-20ml-f0.80-p+0.0-above-y0-x+3.0-y+0.0,A,dx,20,0.8,0,above,0,3,0,18,27.734450974025386,34.713620775170696,14.7062261925228,51.237702897736995,False,60.38,31.4,404603,58052,5042,0,0,0,0,0,0,0,0,,7.809999999998391,22.776499999992268,2.6756135080788352,0.5299975710577144,9.808000254602982,32.07855135327345,32.30932106331029,99.18009403085199,5.502942519866445,58052,88.49753943227378,0.6436289146145652,0.4103361874653436,28.506954827648805,7.9425889103835186,0.3756806018736098,8.322540424366313,-0.17766308468611605,1.0114880450016863,23.633285216128677,0.2606151727472968,99.92262984547457,True,True,True,True,True,True,False,True,False,reach_liquid,False,0.13496153551539097,False,,,3.0,
A-20ml-f0.80-p+20.0-above-y0-x+0.0-y+0.0,A,pitch,20,0.8,20,above,0,0,0,18,27.734450974025386,34.713620775170696,14.7062261925228,51.237702897736995,False,100.56,28.4,353460,4831,13814,0,0,0,0,321,0,0,0,,,,11.184032174129054,17.656671291168678,9.807894479201176,31.902994223955385,32.30932106331029,99.27462826468158,-3.9264924925098974,4831,1.2218354554259794,129.6387505193678,8.432999035906779,62.91926755426992,-23.54571081137191,14.653567399093761,5.234786734022989,,7.219004616319484,36.07957855313505,17.744997305957053,102.57155142304539,True,True,True,False,False,False,False,False,False,lift,False,,False,,,0.0,
A-20ml-f0.80-p-20.0-above-y0-x+0.0-y+0.0,A,pitch,20,0.8,-20,above,0,0,0,18,27.734450974025386,34.713620775170696,14.7062261925228,51.237702897736995,False,132.9,29.77,328444,6346,0,0,2119,0,0,274772,0,0,0,1.3099999999999112,23.15349999999139,23.175999999991337,34.339855729174836,19.01554587648842,10.065895941743058,38.0199815419096,32.30932106331029,94.5834207922181,-0.2039617914470146,6346,0.0036533516445092567,139.51522203694282,22.1401223633,32.963815514110664,6.805382241695329,8.832544459593832,6.519796573894122,0.948787043255793,1.2971241665883433,56.56991431091221,34.4204900293961,97.69416326012488,False,True,False,False,False,False,False,True,False,table,False,-0.41483522290579167,True,0.23034333675559204,0.4525482300289521,1.367,
A-20ml-f0.80-p+0.0-above-y0-x-6.0-y+0.0,A,dx,20,0.8,0,above,0,-6,0,18,27.734450974025386,34.713620775170696,14.7062261925228,51.237702897736995,False,84.88,28.4,193955,5355,10655,0,0,0,0,0,0,0,0,,,,19.90707247295819,23.001454016273605,9.807734841551254,32.05266319474942,32.30932106331029,99.20518282049815,-3.817432147523711,5355,2.1490849267315766,140.5577812576044,8.492756359530391,44.199181101809096,-9.393770540519487,21.189632124597697,3.7063399189718935,,3.6554950765079535,8.42742363685723,41.38399156917814,108.17972931889818,True,True,True,False,False,False,False,False,False,lift,False,,False,,,0.0,
A-20ml-f0.80-p+0.0-above-y0-x+0.0-y+3.0,A,dy,20,0.8,0,above,0,0,3,18,27.734450974025386,34.713620775170696,14.7062261925228,51.237702897736995,False,53.52,29.17,329010,96091,0,0,0,0,0,0,0,0,0,,8.025999999998318,20.194999999998284,2.628293524070292,0.18126556799512972,9.808044728581354,32.081262891208944,32.30932106331029,99.1372203827556,5.351571349816217,96091,87.24376590647667,0.2967472763572195,0.40660296329498014,26.479669573956283,9.971878093361891,0.7677955058022172,8.239637327131447,0.208499585351782,0.42415389077436855,32.263279775753574,0.1355630448760309,99.85181668154746,True,True,True,True,True,True,True,True,False,place,False,0.12739454954743198,True,0.10598423673071043,0.25260654641312796,0.765,
A-20ml-f0.50-p+0.0-above-y0-x+6.0-y+0.0,A,dx,20,0.5,0,above,0,6,0,18,27.734450974025386,21.696012984481687,9.19139137032675,38.22009510704798,False,177.32,28.62,498603,11860,5931,0,0,0,0,0,0,0,0,,6.924499999998882,19.971499999998805,15.335279897932205,10.446025776671362,9.806396044320195,31.997744086380347,32.30932106331029,99.2806812258349,-0.3165267865846491,11860,1.5696553564740379,126.63604248492999,17.25743318106339,28.21860152257838,-6.830306070868403,7.4676434972735,19.831882246978754,1.8119399749233183,5.1126857939176995,15.19090178658658,7.189094570901483,100.0600123883352,True,True,True,False,True,False,False,False,False,lift,False,0.1340838571543218,True,0.14751055435474683,0.06967485053312389,0.217,
A-20ml-f0.80-p+0.0-above-y0-x+0.0-y+6.0,A,dy,20,0.8,0,above,0,0,6,18,27.734450974025386,34.713620775170696,14.7062261925228,51.237702897736995,False,56.18,29.12,359421,96777,0,0,0,0,0,0,0,0,0,,8.038499999998333,20.340999999997944,1.953155896491318,0.2980184059814919,9.807994150641354,32.07273706272196,32.30932106331029,99.16173983095396,5.322732446589075,96777,87.67536866842228,0.3263510218798142,0.36464324821666827,26.46186941276715,9.988139479357367,0.5386149833829618,8.288093286605465,0.18678284643203177,0.40794426530454214,35.69923148058463,0.11861485642737976,99.88935747886546,True,True,True,True,True,True,True,True,False,place,False,0.1379965928084627,True,0.10450190123384422,0.23810963137597554,0.721,
A-20ml-f0.80-p+0.0-above-y0-x+0.0-y-6.0,A,dy,20,0.8,0,above,0,0,-6,18,27.734450974025386,34.713620775170696,14.7062261925228,51.237702897736995,False,73.88,31.4,434742,108817,30,0,0,0,0,0,0,0,0,,8.026999999998319,19.756999999999305,2.495012111278052,0.18409857344439512,9.807988603160025,32.04472873913091,32.30932106331029,99.23327293403081,5.460264352610753,108817,88.83791914563632,0.23916738100619556,0.17410213451175544,26.33918477028706,10.107874593718174,0.029013015372680022,8.395828352412313,0.17917810749437735,0.20030618289430868,23.264868355144277,0.3477796419496839,99.88995688418883,True,True,True,True,True,True,False,True,False,reach_liquid,False,0.13004488733887984,False,,,3.0,
A-20ml-f0.80-p+0.0-above-y0-x+0.0-y-3.0,A,dy,20,0.8,0,above,0,0,-3,18,27.734450974025386,34.713620775170696,14.7062261925228,51.237702897736995,False,70.3,31.4,375515,106824,11018,0,0,0,0,0,0,0,0,,8.05299999999835,20.468999999997646,1.611576721938136,0.5249137799058985,9.80800043832531,32.07628634492957,32.30932106331029,99.20668486395746,5.289928149079234,106824,88.15588342975428,0.3581748040022506,0.25600200190784594,26.454889846856908,9.99301034892186,0.40276889441313274,8.316813596278525,0.2090576131095388,0.8973025786371827,38.55865930055727,0.24819470222080212,100.01436485356778,True,True,True,True,True,True,False,True,False,reach_liquid,False,0.13379852769699305,False,,,3.0,
A-30ml-f0.25-p+5.0-above-y0-x+0.0-y+0.0,A,pitch,30,0.25,5,above,0,0,0,20,31.74802103936399,12.11256004651333,6.975340422317517,21.48270134647077,False,60.63,28.4,390917,79142,49989,2566,0,0,0,0,0,0,0,,7.861499999998363,,7.134184140853991,0.9450803386086746,9.807990951143111,39.599298174387506,40.60154996848948,99.97898387549054,6.048211393767482,79142,86.15150733163813,1.3573402309673355,2.2848234317101315,9.202918140032562,4.9112104412352835,3.548012917688502,36.909858097025705,,361.9115244009668,18.830520691857103,4.21704750395767,100.79620604285842,True,True,True,False,True,True,False,False,False,lift,False,0.12700685254062732,False,,,0.0,
A-20ml-f0.80-p+0.0-above-y0-x+6.0-y+0.0,A,dx,20,0.8,0,above,0,6,0,18,27.734450974025386,34.713620775170696,14.7062261925228,51.237702897736995,False,100.27,28.4,231805,8833,2341,0,0,0,0,130821,0,0,0,,7.078999999998796,,21.707792476735957,18.968249337342566,9.80711880554248,32.0022474262625,32.30932106331029,99.27597296518563,-3.375169977767184,8833,4.4490943421559095,126.1558632766696,18.86063870820765,30.893919504900634,5.474012167688502,0.27720471791462314,8.343359265825594,,13.488381410963727,36.29252798993668,19.2280219092701,100.67237418003263,True,True,True,False,True,False,False,False,False,lift,False,0.1381103360967968,False,,,0.0,
A-30ml-f0.25-p-5.0-above-y0-x+0.0-y+0.0,A,pitch,30,0.25,-5,above,0,0,0,20,31.74802103936399,12.11256004651333,6.975340422317517,21.48270134647077,False,71.21,28.4,430280,58233,91670,2353,0,0,0,29,0,0,0,,9.286499999999858,,7.0886802666387885,1.7781885998119367,9.807994984230003,39.57843417279106,40.60154996848948,100.20596234672658,3.3277234521403782,58233,89.08706175751077,2.3935003792144247,1.9984403479762627,26.241317991419038,-12.062855393249514,4.1164237532016665,36.76995563704107,,363.24269094736445,38.515515910917536,4.36042960966755,100.94034858036996,True,True,True,False,True,True,False,False,False,lift,False,-0.04280256752660957,False,,,0.0,
A-30ml-f0.25-p+0.0-above-y0-x+3.0-y+0.0,A,dx,30,0.25,0,above,0,3,0,20,31.74802103936399,12.11256004651333,6.975340422317517,21.48270134647077,False,56.8,28.4,315633,55626,92811,2366,0,0,0,0,0,0,0,,7.7939999999984,,8.002899273938569,1.7433822667483592,9.807989637025727,39.94036698124885,40.60154996848948,99.5685439394321,5.785351776205476,55626,90.86695429132482,1.230213555677421,2.0277330196875,9.099052686706935,4.947088332295069,1.4329722930684448,37.429141237578726,,476.47649774695054,34.03244292095912,2.6383340386484204,100.44994066323287,True,True,True,False,True,True,False,False,False,lift,False,0.08731202627584983,False,,,0.0,
A-30ml-f0.25-p+0.0-above-y270-x+0.0-y+0.0,A,yaw,30,0.25,0,above,270,0,0,20,31.74802103936399,12.11256004651333,6.975340422317517,21.48270134647077,False,57.14,28.4,479913,27740,26941,0,0,0,0,0,0,0,0,,9.325999999999906,,5.820960545873018,5.269528152415533,9.807618490080863,40.36675689811589,40.60154996848948,99.08907982865534,3.002499521516745,27740,80.46933657461265,7.149815246274771,11.127748160125114,48.02295460433981,-34.35359986817602,2.8662789220767224,37.077428251525696,,200.51921137896932,2.623765832395965,4.777248709481505,99.15831061395176,True,True,True,False,True,False,False,False,False,lift,False,-0.10116593882037496,False,,,0.0,
A-30ml-f0.25-p+0.0-above-y90-x+0.0-y+0.0,A,yaw,30,0.25,0,above,90,0,0,20,31.74802103936399,12.11256004651333,6.975340422317517,21.48270134647077,False,60.74,28.4,493915,26329,28006,0,0,0,0,0,0,0,0,,9.338999999999922,,5.715975381656458,5.0782389995599395,9.807686739062376,40.3650219816534,40.60154996848948,99.09157136926876,2.5598589725395677,26329,80.57337455539773,6.987921168679419,11.174440804289487,48.86399627672767,-35.19560665862231,2.8357100293886597,37.0849370519,,1699.5708277010206,1.6426330741494952,2.4384640131468034,98.76920146453645,True,True,True,False,True,False,False,False,False,lift,False,-0.0980199883366086,False,,,0.0,
A-30ml-f0.25-p+0.0-above-y0-x+0.0-y+3.0,A,dy,30,0.25,0,above,0,0,3,20,31.74802103936399,12.11256004651333,6.975340422317517,21.48270134647077,False,69.11,28.4,437145,61261,88755,2360,0,0,0,0,0,0,0,,8.313499999998669,,6.4457077023853895,1.4074344723590075,9.807924121522275,40.22416262175068,40.60154996848948,99.23440994136031,4.206991911904525,61261,84.72217950849048,3.3965943169256136,2.999541276763047,38.22774387019654,-24.174578493578984,1.0665811488081738,37.51896023292689,,164.35516359818018,18.571670001573228,14.028276777238043,103.58637136452874,True,True,True,False,True,True,False,False,False,lift,False,0.01514139037103278,False,,,0.0,
A-30ml-f0.50-p-20.0-above-y0-x+0.0-y+0.0,A,pitch,30,0.5,-20,above,0,0,0,20,31.74802103936399,24.22512009302666,13.950680844635034,32.70782143949743,False,76.17,28.4,308645,12412,18257,0,1655,0,0,0,0,0,0,1.4899999999998914,,,12.213573727355469,12.475954222444729,9.809517000897605,42.83257294660512,40.60154996848948,97.83108546043503,-0.035243825474332025,12412,1.0263239870009617,128.21303848868894,1.8783702047932345,40.38273355306371,-13.678106392382372,16.759110319354484,21.440063157492332,,3.473501787196481,13.178259582566561,29.518019272956785,104.55828964071782,False,True,True,False,False,False,False,False,False,table,False,,False,,,0.0,
A-30ml-f0.25-p+0.0-above-y0-x-3.0-y+0.0,A,dx,30,0.25,0,above,0,-3,0,20,31.74802103936399,12.11256004651333,6.975340422317517,21.48270134647077,False,77.21,28.4,385571,67769,74117,2350,0,0,0,42907,0,0,0,,7.909999999998336,,7.245933320226205,2.75765325009192,9.797864256822018,40.24220410214416,40.60154996848948,99.28849213611323,6.1893820869265355,67769,88.28005412946116,1.0333277743114329,2.3776121352598905,30.299809378260722,-16.209315908674874,1.2810526529012012,37.46638666038126,,237.09613570998758,13.976231161964524,0.9648864738981837,0.22928637032397584,True,True,True,False,True,True,False,False,False,lift,False,0.08656150236469776,False,,,0.0,
A-30ml-f0.25-p+0.0-diagonal-y0-x+0.0-y+0.0,A,approach,30,0.25,0,diagonal,0,0,0,20,31.74802103936399,12.11256004651333,6.975340422317517,21.48270134647077,False,77.46,28.4,502681,28201,26329,0,0,0,0,0,0,0,0,,9.41100000000001,,6.808689199513057,5.992697006992567,7.006027335081068,40.36601158241657,40.60154996848948,99.09052397726957,0.4342638423709619,28201,78.26239069223945,7.279911077360007,11.665329085489235,51.132854420143815,-37.294192366461935,2.2978173859463045,37.217001458364386,,19.55238902335711,69.7318689912252,2.5728526481208758,70.44650815696991,True,True,True,False,True,False,False,False,False,lift,False,0.6234702993945769,False,,,0.0,
A-30ml-f0.25-p+0.0-above-y0-x+0.0-y+6.0,A,dy,30,0.25,0,above,0,0,6,20,31.74802103936399,12.11256004651333,6.975340422317517,21.48270134647077,False,79.17,28.4,459874,7780,104173,2346,0,0,0,0,0,0,0,,9.356999999999944,,6.790036086907979,2.2516977076319207,9.808187140892217,40.19000967307735,40.60154996848948,99.35157087293543,3.394822196777135,7780,0.5028001915821314,122.2209881031876,12.133774396197591,45.294828378154286,-31.657230690320837,2.404210792392962,37.19088818238114,,6.846586600717662,5.960836155193351,1.620391254052196,99.83788208977575,True,True,True,False,True,False,False,False,False,lift,False,-0.13495878745473747,False,,,0.0,
A-30ml-f0.25-p+0.0-above-y0-x+0.0-y-3.0,A,dy,30,0.25,0,above,0,0,-3,20,31.74802103936399,12.11256004651333,6.975340422317517,21.48270134647077,False,86.69,28.4,452196,13636,16974,0,0,0,0,0,0,0,0,,,,11.948193851851704,5.032802126784272,9.808196319770541,40.487111063578126,40.60154996848948,98.82586737922591,-1.5455648976821639,13636,1.2444805207505218,128.13433742867332,12.523681068426814,48.51228875012753,-34.68814473783474,2.216829558744146,37.23687655228883,,0.8873506612732062,12.305555740548714,2.5040402577118783,99.24456520822524,True,True,True,False,False,False,False,False,False,lift,False,,False,,,0.0,
A-30ml-f0.25-p-20.0-above-y0-x+0.0-y+0.0,A,pitch,30,0.25,-20,above,0,0,0,20,31.74802103936399,12.11256004651333,6.975340422317517,21.48270134647077,False,86.7,28.4,287877,9530,16321,0,1619,0,0,22095,0,0,0,1.4899999999998914,,,14.49766286564481,12.888211569350965,9.807594369155126,42.80269468343978,40.60154996848948,97.54879901399568,-0.09368585317885703,9530,0.7896378565039434,128.3968996716006,12.232467759860029,52.83276365300494,-35.987221625995794,17.397493400596375,33.38143517398828,,4.808497082213681,16.954477310715877,13.130356338435941,100.01290772793726,False,True,True,False,False,False,False,False,False,table,False,,False,,,0.0,
A-30ml-f0.25-p+10.0-above-y0-x+0.0-y+0.0,A,pitch,30,0.25,10,above,0,0,0,20,31.74802103936399,12.11256004651333,6.975340422317517,21.48270134647077,False,87.22,28.4,393961,9440,45447,1,0,0,0,1320,0,0,0,,,,8.450629705857663,9.425308186924246,9.807930678612637,40.10285690717765,40.60154996848948,99.62722990262628,-3.5689456672184097,9440,1.715514350417192,127.91529859156267,5.938490690847658,11.044270852263361,3.0515617901120256,6.873086877410868,36.08811120929405,,2.6523638670642042,19.945622944621885,11.462430453388016,100.69102574164782,True,True,True,False,False,False,False,False,False,lift,False,,False,,,0.0,
A-30ml-f0.25-p-10.0-above-y0-x+0.0-y+0.0,A,pitch,30,0.25,-10,above,0,0,0,20,31.74802103936399,12.11256004651333,6.975340422317517,21.48270134647077,False,89.07,28.4,347491,11645,34538,0,0,0,0,0,0,0,0,,20.51499999999754,,12.44142991517514,18.034997262189968,9.808003175939223,40.14440347762342,40.60154996848948,98.97843401459082,0.8121828972157061,11645,2.5002712149441733,126.8162888565254,5.994658507726602,11.42250894193508,3.8454404598326777,15.312212939886688,33.936466138952966,,4.7085297735897855,12.181353891775585,7.640150191989435,99.76418721451061,True,True,True,False,False,False,False,False,False,lift,False,1.3907287450026897,False,,,0.0,
A-30ml-f0.25-p+0.0-above-y0-x+6.0-y+0.0,A,dx,30,0.25,0,above,0,6,0,20,31.74802103936399,12.11256004651333,6.975340422317517,21.48270134647077,False,91.15,28.4,548860,44470,11354,0,0,0,0,0,0,0,0,,7.750999999998424,,12.452179644895407,7.916564074696919,9.808263431831964,40.274229652469046,40.60154996848948,99.35547881035102,4.465845740748368,44470,94.73440280852387,3.2805281418024745,11.792051434977894,41.94954785289751,-29.100148187689538,7.149374204224107,36.01938910690592,,2.3171553843520103,12.506944227827365,3.632058947191591,99.84543443149587,True,True,True,False,True,True,False,False,False,lift,False,0.14274620148626824,False,,,0.0,
A-30ml-f0.25-p+20.0-above-y0-x+0.0-y+0.0,A,pitch,30,0.25,20,above,0,0,0,20,31.74802103936399,12.11256004651333,6.975340422317517,21.48270134647077,False,98.35,28.4,160970,12541,9813,0,0,0,0,0,0,0,0,,,,20.52192973314152,20.190415564508395,9.808404523188985,38.917313915529675,40.60154996848948,101.69710406072157,-3.296138494449055,12541,3.1059669312645317,128.89053172310642,16.17354319543502,40.461188696062116,-26.730179344248427,18.02381100529299,33.21231722636812,,1.1077223067355138,23.680491014992064,20.831420612401534,108.80113684537302,True,True,True,False,False,False,False,False,False,lift,False,,False,,,0.0,
A-30ml-f0.25-p+0.0-side-y0-x+0.0-y+0.0,A,approach,30,0.25,0,side,0,0,0,20,31.74802103936399,12.11256004651333,6.975340422317517,21.48270134647077,False,99.48,28.4,500546,7644,72318,2347,0,0,0,39677,0,0,0,,9.388999999999983,,5.671256177850272,5.596803086501309,10.342942161452727,40.36598268028846,40.60154996848948,99.09058673074684,2.1049264163183827,7644,0.7697724736438034,123.34623482140401,11.283101182395606,51.12100214273201,-37.49598642622229,3.0076127830246406,37.04270637762146,,6.179966382783936,99.74835015305752,0.5483018319071234,0.0675067102514672,True,True,True,False,True,False,False,False,False,lift,False,-0.0450693615519865,False,,,0.0,
A-30ml-f0.25-p+0.0-above-y0-x+0.0-y+0.0,A,nominal,30,0.25,0,above,0,0,0,20,31.74802103936399,12.11256004651333,6.975340422317517,21.48270134647077,False,99.72,28.4,485896,7692,54165,2431,0,0,0,45889,0,0,0,,9.386999999999981,,5.602414465644539,5.502847484987255,9.808286060464022,40.3661133938351,40.60154996848948,99.09039149620665,2.18780920664214,7692,0.8028057267230597,123.47316121021619,11.359136992127112,50.597607122341124,-36.99734603863339,3.049783560316479,37.032344443800504,,6.013673215276736,2.666501398571925,2.935375232011325,99.85573555874419,True,True,True,False,True,False,False,False,False,lift,False,-0.05075164621103091,False,,,0.0,
A-30ml-f0.50-p-10.0-above-y0-x+0.0-y+0.0,A,pitch,30,0.5,-10,above,0,0,0,20,31.74802103936399,24.22512009302666,13.950680844635034,32.70782143949743,False,48.3,28.4,362283,35052,13103,0,0,0,0,0,0,0,0,,9.307499999999884,,9.987705582595444,7.916042962256774,9.797855949614659,40.28799709160737,40.60154996848948,99.22866134578972,2.9870174162856604,35052,87.27800774283018,3.010672632859458,1.4311935295887748,17.751140425445193,8.255247308288444,9.055445858150712,23.43027644109484,,715.3207537808256,13.59664607980571,0.042249685087686534,0.0013585986714872154,True,True,True,False,True,True,False,False,False,lift,False,0.6130422361401442,False,,,0.0,
A-30ml-f0.25-p+0.0-above-y180-x+0.0-y+0.0,A,yaw,30,0.25,0,above,180,0,0,20,31.74802103936399,12.11256004651333,6.975340422317517,21.48270134647077,False,105.53,28.4,517965,12320,27643,0,0,0,0,18379,0,0,0,,9.385499999999979,,5.691376154057461,8.322213540794403,9.807868775953132,40.36685339620808,40.60154996848948,99.08897267071904,2.237774997942539,12320,0.7721311552369621,123.26411034434896,11.32293880420797,50.2833539929335,-36.655189205393306,3.0270677703040034,37.037926122771864,,5.030485808844613,13.896673784488057,5.719623429034721,99.2293423352167,True,True,True,False,True,False,False,False,False,lift,False,-0.05351421290725402,False,,,0.0,
A-30ml-f0.25-p+0.0-above-y0-x-6.0-y+0.0,A,dx,30,0.25,0,above,0,-6,0,20,31.74802103936399,12.11256004651333,6.975340422317517,21.48270134647077,False,106.5,28.4,338288,8833,15292,0,0,0,0,93913,0,0,0,,,,12.009176841507639,11.497222426133954,9.807754623823142,40.2347422397829,40.60154996848948,99.45211049907644,-1.5489002042935394,8833,4.0959221039328275,121.59155271809144,11.216637082675893,66.07717603553306,-51.388748578895225,8.691157333033901,35.63427312867425,,4.9098582514507445,10.530954559562504,12.280725880800656,100.30982042259016,True,True,True,False,False,False,False,False,False,lift,False,,False,,,0.0,
A-30ml-f0.25-p+0.0-above-y0-x+0.0-y-6.0,A,dy,30,0.25,0,above,0,0,-6,20,31.74802103936399,12.11256004651333,6.975340422317517,21.48270134647077,False,119.64,28.4,409717,8775,16072,0,0,0,0,0,0,0,0,,,,14.731068496124491,11.789434329982537,9.808242767621953,39.67638166894704,40.60154996848948,99.31482255912701,-2.3205068086338403,8775,1.0687093521496116,126.8375616846984,12.742467976367365,53.350469861451685,-39.6087681437904,2.7998602931990137,37.09374250876079,,3.351790137401909,19.63948620745965,4.5244004700330995,99.99295895662911,True,True,True,False,False,False,False,False,False,lift,False,,False,,,0.0,
A-30ml-f0.50-p+5.0-above-y0-x+0.0-y+0.0,A,pitch,30,0.5,5,above,0,0,0,20,31.74802103936399,24.22512009302666,13.950680844635034,32.70782143949743,False,54.35,28.46,282855,64546,9617,0,0,0,0,0,0,0,0,,8.459499999998847,20.396499999997815,5.468592271991515,1.5515847861632968,9.797925065424707,39.82518384385066,40.60154996848948,99.63463776256744,4.229043890357658,64546,82.47533276333122,0.9440634482715553,0.973716824464037,18.333525127960662,7.823759549614895,2.6001622052934548,25.03022288739546,0.8394768907591168,1.284464201931126,11.584403149186878,0.17720495886078466,0.034880285269482995,True,True,True,False,True,True,False,True,False,lift,False,0.08439636740126229,True,0.12559130233066623,0.016913714233175222,0.058,
A-30ml-f0.50-p+0.0-above-y0-x+0.0-y+0.0,A,nominal,30,0.5,0,above,0,0,0,20,31.74802103936399,24.22512009302666,13.950680844635034,32.70782143949743,False,70.64,28.4,412192,40369,88959,2370,0,0,0,0,0,0,0,,8.61649999999904,,4.813543831173616,1.0288701827253015,9.810127234610984,40.37357112443658,40.60154996848948,99.08737394429697,4.2418283844845375,40369,82.10616279568143,5.864836076174062,2.252528606544574,39.59089915891465,-13.400939886133777,0.7349599124659267,25.487676871930812,,58.609963409431906,28.443572054390913,8.621104559292085,113.40682773694742,True,True,True,False,True,False,False,False,False,lift,False,-0.05517541452110766,False,,,0.0,
A-30ml-f0.50-p-5.0-above-y0-x+0.0-y+0.0,A,pitch,30,0.5,-5,above,0,0,0,20,31.74802103936399,24.22512009302666,13.950680844635034,32.70782143949743,False,77.06,31.4,467030,29944,20505,0,0,0,0,0,0,0,0,,9.324499999999905,26.489999999983613,6.52593687813704,2.393216541953839,9.810154178560515,39.698627743417994,40.60154996848948,99.81920331465884,2.506756557001534,29944,90.62751326164104,2.8089696579943046,2.093589698063919,35.455046993035594,-9.221049716619135,2.7958823898580336,24.982159486479937,-0.19425219540270536,0.9959333444302451,9.356505823521465,2.7608691597273194,100.67623200371177,True,True,True,False,True,True,False,True,False,lift,False,0.5404448422258913,False,,,3.0,
A-30ml-f0.50-p+20.0-above-y0-x+0.0-y+0.0,A,pitch,30,0.5,20,above,0,0,0,20,31.74802103936399,24.22512009302666,13.950680844635034,32.70782143949743,False,59.51,28.4,73632,14898,5798,0,0,0,0,0,0,0,0,,,,7.295744345288337,3.480870856858468,9.797849698538245,39.156226699314814,40.60154996848948,101.96242386469387,-0.40239558792851127,14898,2.022470397020774,125.73692821729446,7.7725327126980845,14.653860970857574,9.69819155749889,12.064055792155127,22.667271559834163,,1.4545703533816252,5.865726833661709,3.5725157027934764,0.8656558472914051,True,True,True,False,False,False,False,False,True,lift,False,,False,,,0.0,
A-30ml-f0.50-p+0.0-above-y0-x-3.0-y+0.0,A,dx,30,0.5,0,above,0,-3,0,20,31.74802103936399,24.22512009302666,13.950680844635034,32.70782143949743,False,46.6,31.4,373726,93694,0,0,0,0,0,0,0,0,0,,8.10099999999841,19.60049999999967,6.403927534249332,0.4204071637200806,9.810120423283948,40.28195550039598,40.60154996848948,99.33130453122702,5.519888444762512,93694,87.09066891523167,0.3842939717870687,1.0366832450914196,16.083340275757905,10.13922153800291,1.1489627328330916,25.38620686955132,0.23104862434281212,0.7465325210681262,19.08173613102341,1.1735105975636362,99.98045642674302,True,True,True,False,True,True,True,True,False,lift,False,0.11102411742006356,False,,,3.0,
A-30ml-f0.50-p+10.0-above-y0-x+0.0-y+0.0,A,pitch,30,0.5,10,above,0,0,0,20,31.74802103936399,24.22512009302666,13.950680844635034,32.70782143949743,False,73.1,28.46,259022,16798,28454,0,0,0,0,37,0,0,0,,9.502000000000121,19.851999999999084,5.202278477546992,5.334309923602899,9.79778529353565,40.175809618001296,40.60154996848948,99.45616707261485,-0.44256983694705015,16798,0.9101589905792906,122.35884416407956,4.819763335074634,66.62896220120959,-39.78773832125737,6.28566475863232,24.12140193264631,2.2029151524494823,2.3962009936839,158.3110033059542,90.00051787806125,16.105945305212213,True,True,True,False,False,False,False,False,False,lift,False,1.4941240206024977,True,0.1096328183804501,0.018108317195477466,0.062,
A-30ml-f0.50-p+0.0-diagonal-y0-x+0.0-y+0.0,A,approach,30,0.5,0,diagonal,0,0,0,20,31.74802103936399,24.22512009302666,13.950680844635034,32.70782143949743,False,71.03,28.4,459261,35016,96649,2364,0,0,0,0,0,0,0,,8.638499999999066,,4.812022057238835,1.205609368005658,7.007585038359548,40.37347525521146,40.60154996848948,99.08747379825033,4.258125150918661,35016,82.14160183928571,5.833063404955595,1.9728743738355063,39.80445771878141,-13.609347090482421,0.587297194167113,25.523863158366886,,176.0366972234034,72.39241219230918,3.502916716668017,66.4374442058306,True,True,True,False,True,False,False,False,False,lift,False,-0.05384145333628713,False,,,0.0,
A-30ml-f0.50-p+0.0-above-y0-x+6.0-y+0.0,A,dx,30,0.5,0,above,0,6,0,20,31.74802103936399,24.22512009302666,13.950680844635034,32.70782143949743,False,50.88,28.4,197420,54578,92162,2347,0,0,0,105738,0,0,0,,7.899999999998341,,11.294978325238624,17.779610685858128,9.809728862963864,40.27861740730139,40.60154996848948,99.44954008618652,6.730631794676818,54578,52.45401392285566,1.0920605890283734,5.979460706557116,18.224806920934824,8.632229495616455,6.755387574457241,24.004802557564425,,167.33076947704552,14.36949574560728,2.496215515071256,100.83422066111078,True,True,True,False,True,True,False,False,False,lift,False,0.2969583581695758,False,,,0.0,
A-30ml-f0.50-p+0.0-side-y0-x+0.0-y+0.0,A,approach,30,0.5,0,side,0,0,0,20,31.74802103936399,24.22512009302666,13.950680844635034,32.70782143949743,False,73.7,28.4,442545,56565,88362,2365,0,0,0,0,0,0,0,,8.618499999999042,,4.81113690380238,1.2100934036485689,9.599763141822205,40.37346159373538,40.60154996848948,99.08750558638013,4.22657744755902,56565,82.49494607348821,5.478108983479457,1.9430799613154808,39.76406195335759,-13.568843589052888,0.5982486109147999,25.521179471227992,,72.22700962854272,22.479701429556446,16.938222043634486,4.084402239520039,True,True,True,False,True,False,False,False,False,lift,False,-0.055890756582327325,False,,,0.0,
A-20ml-f0.80-p+0.0-above-y0-x-3.0-y+0.0,A,dx,20,0.8,0,above,0,-3,0,18,27.734450974025386,34.713620775170696,14.7062261925228,51.237702897736995,False,153.54,28.4,547544,11159,22295,0,0,0,0,145516,0,0,0,,21.26599999999579,,3.0202424579226936,5.0669650847102785,9.807943277122183,31.957512924457102,32.30932106331029,99.43385111997958,-1.3776588749680116,11159,2.533073161289265,124.82431575822346,4.3485533219391685,59.34793467453273,-22.870250612096743,1.919090109393304,7.996107387015629,,15.210421936382946,10.217721553287582,2.7491680410126857,99.98229631251141,True,True,True,False,False,False,False,False,False,lift,False,-0.6344571721427212,False,,,0.0,
A-30ml-f0.50-p+0.0-above-y90-x+0.0-y+0.0,A,yaw,30,0.5,0,above,90,0,0,20,31.74802103936399,24.22512009302666,13.950680844635034,32.70782143949743,False,70.23,28.4,462565,34117,97746,2364,0,0,0,0,0,0,0,,8.640499999999069,,4.7942548775483695,1.1516750854397433,9.810003175687184,40.366170313694234,40.60154996848948,99.0967604232898,4.210817397545329,34117,84.11599063039402,4.141838725390176,1.9231864787672124,38.52925821105019,-12.330375984716701,0.5451393439684606,25.534194006606473,,446.3711841505914,22.772899432270535,9.39824713481725,85.91162806804793,True,True,True,False,True,True,False,False,False,lift,False,-0.04791186588352161,False,,,0.0,
A-30ml-f0.50-p+0.0-above-y270-x+0.0-y+0.0,A,yaw,30,0.5,0,above,270,0,0,20,31.74802103936399,24.22512009302666,13.950680844635034,32.70782143949743,False,70.8,28.4,445583,47071,85837,2950,0,0,0,0,0,0,0,,8.435999999998819,,7.06194116682612,1.8188492434575232,9.807251080363073,40.37358159936268,40.60154996848948,99.08661849152146,4.507862600752553,47071,87.33672895007311,1.6050435788190567,11.956652632348057,54.294197263087135,-28.456561598559748,1.8570058519205468,25.212595078717843,,54.72083518097696,1.2324166507114074,0.712521034646557,99.7996884269702,True,True,True,False,True,True,False,False,False,lift,False,-0.03887098094542109,False,,,0.0,
A-30ml-f0.50-p+0.0-above-y0-x-6.0-y+0.0,A,dx,30,0.5,0,above,0,-6,0,20,31.74802103936399,24.22512009302666,13.950680844635034,32.70782143949743,False,74.19,28.4,153773,14899,12744,0,0,0,0,0,0,0,0,,,,19.960295465577175,11.796542139336657,9.810147217149554,40.21668586202135,40.60154996848948,99.44504890228357,-3.617317108350275,14899,1.2555556149142688,128.9236147345102,17.57008151055836,44.510545697857225,-17.666156907797465,7.294810252691792,23.870620937834726,,2.9965267654975922,16.801650996688874,5.522320462106354,102.84290345523426,True,True,True,False,False,False,False,False,False,lift,False,,False,,,0.0,
A-30ml-f0.50-p+0.0-above-y180-x+0.0-y+0.0,A,yaw,30,0.5,0,above,180,0,0,20,31.74802103936399,24.22512009302666,13.950680844635034,32.70782143949743,False,84.41,28.4,472377,62921,94285,2365,0,0,0,0,0,0,0,,8.630999999999057,,4.775388245195298,1.1104906870820395,9.892025663493536,40.36385887302118,40.60154996848948,99.0965329872358,4.231367593442122,62921,84.31117916074622,3.9012057230641237,1.9659435303908392,39.18199663791587,-12.988883073652286,0.6253925766683482,25.51452769057003,,594.1346575991234,37.18370644719284,0.18173301654658283,99.94547756644998,True,True,True,False,True,True,False,False,False,lift,False,-0.051250227239987234,False,,,0.0,
A-30ml-f0.80-p-20.0-above-y0-x+0.0-y+0.0,A,pitch,30,0.8,-20,above,0,0,0,20,31.74802103936399,38.76019214884267,22.32108935141606,47.24289349531343,False,53.5,28.4,134409,15084,8944,0,1687,0,0,0,0,0,0,1.4899999999998914,,,20.857196296226807,14.755292501247434,9.811614759367448,42.87254751231106,40.60154996848948,99.25588156698518,0.452270420909201,15084,0.03969716677422391,126.60327387141906,15.2792098347711,51.47670357156037,-10.5638410605986,6.779996326997036,9.463615760154985,,0.2007974778875267,19.512429828596165,20.478331135609373,105.8793314826737,False,True,True,False,False,False,False,False,False,table,False,,False,,,0.0,
A-30ml-f0.50-p+0.0-above-y0-x+0.0-y+3.0,A,dy,30,0.5,0,above,0,0,3,20,31.74802103936399,24.22512009302666,13.950680844635034,32.70782143949743,False,68.28,28.4,451543,44629,29859,0,0,0,0,11496,0,0,0,,8.435499999998818,,8.033583725470868,0.845005932010306,9.809670317450045,40.271514499432115,40.60154996848948,99.1987355352936,4.154122641933385,44629,86.75181078367707,1.9039622883483804,2.1229034046303394,37.624564477377696,-11.432177364846863,0.605493885124766,25.51940398281303,,1766.5759299210088,2.14819226328915,0.2809850934105536,99.38601029083284,True,True,True,False,True,True,False,False,False,lift,False,-0.013517008530385278,False,,,0.0,
A-30ml-f0.50-p+0.0-above-y0-x+3.0-y+0.0,A,dx,30,0.5,0,above,0,3,0,20,31.74802103936399,24.22512009302666,13.950680844635034,32.70782143949743,False,82.38,28.4,387071,7379,77898,2383,0,0,0,0,0,0,0,,9.429500000000033,,7.542311771061795,2.946081044673158,9.798062836197072,40.384008198988035,40.60154996848948,99.3006692674239,-0.08453982312923991,7379,1.0785515398818215,126.20163878986149,2.645105272365881,44.489807812776924,-18.34277214766955,1.4877206470875974,25.30315761113968,,3.727874588559187,22.130478678842547,0.2788356651716837,0.05810044212555732,True,True,True,False,True,False,False,False,False,lift,False,-0.15421464191302686,False,,,0.0,
A-30ml-f0.80-p+10.0-above-y0-x+0.0-y+0.0,A,pitch,30,0.8,10,above,0,0,0,20,31.74802103936399,38.76019214884267,22.32108935141606,47.24289349531343,False,45.12,28.79,236022,67052,1216,0,0,0,0,0,0,0,0,,7.7714999999984125,20.375999999997862,6.677587000524773,0.23123614050501443,9.81228447189509,37.31562323325143,40.60154996848948,103.0765470810015,6.799223221934665,67052,91.84375509120632,4.420826617714712,1.2257947520726693,28.464548430839656,12.3025785897789,10.213424641299799,8.603280337608824,-0.04644732100694065,0.4412745256183357,21.883592772054357,10.776382330022306,103.49190052793121,True,True,True,False,True,True,False,True,False,lift,False,0.14044039815567566,True,0.14969197379659643,0.1278006742843074,0.391,
A-30ml-f0.80-p-5.0-above-y0-x+0.0-y+0.0,A,pitch,30,0.8,-5,above,0,0,0,20,31.74802103936399,38.76019214884267,22.32108935141606,47.24289349531343,False,58.2,28.4,402418,38779,16979,0,0,0,0,0,0,0,0,,9.093499999999622,,10.141438831939361,6.673826033105716,9.811602049013663,39.70115098441188,40.60154996848948,99.7630672008891,3.933054315606678,38779,78.93144438730593,1.9511422791611464,13.709519283625314,48.89580442083136,-8.667911518123406,8.538961023313643,9.024789348797485,,626.5965461433162,104.1662901675335,129.17898678264626,54.566721517921486,True,True,True,False,True,True,False,False,False,lift,False,0.6184309953265867,False,,,0.0,
A-30ml-f0.50-p+0.0-above-y0-x+0.0-y+6.0,A,dy,30,0.5,0,above,0,0,6,20,31.74802103936399,24.22512009302666,13.950680844635034,32.70782143949743,False,84.09,28.4,456809,52381,102193,2360,0,0,0,0,0,0,0,,8.046999999998343,,7.448610144252077,0.7152263378373098,9.809700338051993,40.20937799832637,40.60154996848948,99.33167987130503,5.206973282924361,52381,87.71546637419262,1.7795935398803495,2.0132905391933056,36.32545185222941,-10.141276869216732,0.7415760919265943,25.486055455850003,,273.14754154392983,6.343069276584088,28.0185436737613,7.555835186474451,True,True,True,False,True,True,False,False,False,lift,False,0.05951368733984323,False,,,0.0,
A-30ml-f0.50-p+0.0-above-y0-x+0.0-y-6.0,A,dy,30,0.5,0,above,0,0,-6,20,31.74802103936399,24.22512009302666,13.950680844635034,32.70782143949743,False,93.91,28.4,334555,4720,75219,2344,0,0,0,0,0,0,0,,,,15.703446987594196,8.2598774782754,9.80963100947175,39.3785286530257,40.60154996848948,99.5885003050341,-2.6276028693295457,4720,1.3483472554060247,125.77143642770172,12.177882202537182,42.20094766306635,-17.16489754589362,6.049816394190983,24.179866256467747,,3.0581714047216697,35.901008300363266,5.382862529706424,99.00173015419784,True,True,True,False,False,False,False,False,False,lift,False,,False,,,0.0,
A-30ml-f0.80-p+5.0-above-y0-x+0.0-y+0.0,A,pitch,30,0.8,5,above,0,0,0,20,31.74802103936399,38.76019214884267,22.32108935141606,47.24289349531343,False,57.64,28.4,301729,76390,8104,0,0,0,0,0,0,0,0,,8.084499999998389,,5.3633383884138555,1.553630418904019,9.812192430555818,39.76475255635037,40.60154996848948,99.68928924861517,5.831970357519458,76390,84.73227886059867,1.0005842261569071,0.5829622230270584,31.34228665996299,9.371088433589831,2.7227431994319757,10.465050185715517,,1.0364940823570254,8.832493762240633,3.3962562993933503,100.48161159910254,True,True,True,False,True,True,False,False,False,lift,False,0.12427779902532593,False,,,0.0,
A-30ml-f0.80-p-10.0-above-y0-x+0.0-y+0.0,A,pitch,30,0.8,-10,above,0,0,0,20,31.74802103936399,38.76019214884267,22.32108935141606,47.24289349531343,False,77.71,28.4,213624,4431,56498,2349,0,0,0,37,0,0,0,,8.02749999999832,,14.887095056478373,22.930800597934102,9.797850643266402,40.03048199613924,40.60154996848948,99.35502541691618,6.834707289204579,4431,0.48598681340762684,119.72816289727523,10.598702138469665,60.0174342971132,-21.35006840546022,18.273502552183224,6.49692991938298,,9.725822106161313,110.26727893709179,90.00101839721162,15.97331411342661,True,True,True,False,True,False,False,False,False,lift,False,1.095924908897626,False,,,0.0,
A-30ml-f0.50-p+0.0-above-y0-x+0.0-y-3.0,A,dy,30,0.5,0,above,0,0,-3,20,31.74802103936399,24.22512009302666,13.950680844635034,32.70782143949743,False,96.48,28.4,495430,5603,13196,0,0,0,0,0,0,0,0,,20.55699999999744,,13.815963845680171,8.09955843941872,9.809540520816986,40.1966004151024,40.60154996848948,99.2363139138709,-1.9680319050895538,5603,8.23070521481436,128.02852462494513,2.8063770626704767,20.79020363807455,5.573661172613889,4.023576060204152,24.680261031521862,,2226.807780728276,11.920848400468298,2.2207584289502966,99.21721338653688,True,True,True,False,False,False,False,False,False,lift,False,1.401431663308032,False,,,0.0,
A-30ml-f0.80-p+0.0-above-y0-x+6.0-y+0.0,A,dx,30,0.8,0,above,0,6,0,20,31.74802103936399,38.76019214884267,22.32108935141606,47.24289349531343,False,33.26,28.4,114636,57024,8,0,0,0,0,56354,0,0,0,,7.247999999998703,,13.15484560986383,14.485720845489238,9.811744794870743,40.20343452939344,40.60154996848948,99.56018549282163,7.30519031193267,57024,80.87467972192653,1.4907418744208525,3.7387450768801065,31.674996139715173,9.398963286498057,5.8134743089188365,9.703329764230801,,1640.68609906159,13.53076172303334,1.577573382299597,99.69022640727553,True,True,True,False,True,True,False,False,False,lift,False,0.228026702310588,False,,,0.0,
A-30ml-f0.80-p+0.0-above-y0-x-3.0-y+0.0,A,dx,30,0.8,0,above,0,-3,0,20,31.74802103936399,38.76019214884267,22.32108935141606,47.24289349531343,False,46.54,31.4,222798,91519,0,0,0,0,0,0,0,0,0,,8.080499999998384,20.03399999999866,8.323524773607401,0.4938182953765403,9.812229987281421,39.801698357990276,40.60154996848948,99.90088854945604,5.548186920753269,91519,90.2667521672392,0.9775846690225523,0.8798665547855095,30.010964229395785,10.74665847856407,0.9889466718439901,10.890356848967468,0.25208102685216927,0.5654843325017875,19.501257410088538,0.5824488106397201,100.69137965097941,True,True,True,False,True,True,True,True,False,lift,False,0.10611670737210079,False,,,3.0,
A-30ml-f0.80-p+0.0-above-y0-x+0.0-y+0.0,A,nominal,30,0.8,0,above,0,0,0,20,31.74802103936399,38.76019214884267,22.32108935141606,47.24289349531343,False,83.49,28.4,430176,57874,90764,2358,0,0,0,0,0,0,0,,8.304999999998659,,4.431133550005649,0.6476395749036257,9.812152849431419,40.41583437396558,40.60154996848948,99.03544950295768,4.189930668395063,57874,87.47279118971193,2.065367464166209,2.269025287806355,53.242108111656634,-12.556009802263318,1.603984692591471,10.73957689256237,,53.56595543066317,35.68665866514184,2.0489504809271115,99.83592123035042,True,True,True,False,True,True,False,False,False,lift,False,0.029019217787142403,False,,,0.0,
A-30ml-f0.80-p+0.0-side-y0-x+0.0-y+0.0,A,approach,30,0.8,0,side,0,0,0,20,31.74802103936399,38.76019214884267,22.32108935141606,47.24289349531343,False,68.49,31.4,450956,54018,16570,0,0,0,0,0,0,0,0,,8.301999999998655,23.021499999991697,4.43112279923073,1.0806452259868478,9.6442848057587,40.4152742002825,40.60154996848948,99.03581272256636,4.22263395332937,54018,86.24350104676488,2.999616153200422,1.9493535105524455,52.75195765627843,-12.049189526236626,1.344421715668543,10.80321923035575,-0.18432347866841683,0.9371764053805139,102.4911436252393,1.3724026930314863,0.32437105157992774,True,True,True,False,True,True,False,True,False,lift,False,0.0280370920071303,False,,,3.0,
A-50ml-f0.25-p-20.0-above-y0-x+0.0-y+0.0,A,pitch,50,0.25,-20,above,0,0,0,25,37.64144115524114,13.984229076838627,11.769942152291096,11.93839640534348,False,30.11,28.4,120362,32237,22092,0,0,0,0,0,0,0,0,,7.278499999998686,,18.024689055948837,14.437508439698147,9.813494099709121,49.66617933666273,51.498422743697716,105.36400856170071,10.055807547836416,32237,96.48842682917399,9.169506380935712,3.962155722358823,23.309935208063937,-7.851374370660066,20.027094596183986,38.37072582085747,,3061.0927758316625,26.104213790734946,19.966573659380096,107.96901456608612,True,True,True,False,True,False,False,False,False,lift,False,0.19626828351499823,False,,,0.0,
A-30ml-f0.80-p+20.0-above-y0-x+0.0-y+0.0,A,pitch,30,0.8,20,above,0,0,0,20,31.74802103936399,38.76019214884267,22.32108935141606,47.24289349531343,False,77.07,28.4,190274,12409,2042,0,0,0,0,0,0,0,0,,,,15.215459567773985,9.803361890582288,9.812225283498433,38.54419048706679,40.60154996848948,102.02257685048573,-2.0943934891892653,12409,1.1986727105241528,128.10521515130478,4.470027836042751,29.82300033013377,9.589923881982598,14.731635208953936,7.441338148141132,,4.458124037130342,31.966409314585512,18.643192555590005,104.99620528122803,True,True,True,False,False,False,False,False,False,lift,False,,False,,,0.0,
A-30ml-f0.80-p+0.0-diagonal-y0-x+0.0-y+0.0,A,approach,30,0.8,0,diagonal,0,0,0,20,31.74802103936399,38.76019214884267,22.32108935141606,47.24289349531343,False,77.4,28.4,398310,58076,89142,2362,0,0,0,0,0,0,0,,8.262499999998607,,4.4311244401159655,0.6621424819085003,7.00990546169284,40.41565576353722,40.60154996848948,99.0355770491683,4.398858573059307,58076,87.78259173403374,1.8770003154123842,2.2559510391355335,53.14302844690719,-12.458010218431486,1.6454689890479164,10.729403914523658,,66.35038872687764,75.08161586764825,8.456618173869312,66.8711847977242,True,True,True,False,True,True,False,False,False,lift,False,0.03235729778752759,False,,,0.0,
A-30ml-f0.80-p+0.0-above-y0-x+3.0-y+0.0,A,dx,30,0.8,0,above,0,3,0,20,31.74802103936399,38.76019214884267,22.32108935141606,47.24289349531343,False,58.52,28.45,291412,54148,8658,0,0,0,0,48,0,0,0,,9.256499999999821,21.494499999995256,8.339707019103242,0.937194392574007,9.798031369015886,40.450862750546506,40.60154996848948,99.05210518408603,3.6636504460133485,54148,88.21415890198827,2.1544269324910608,1.2499153384756652,31.065950878656427,9.676933718953867,0.341138518381964,11.049110836299437,0.10321494511224369,0.9941000961868811,18.323356164694356,1.050540093577149,0.2519440104173653,True,True,True,False,True,True,False,True,False,lift,False,-0.054177442483588044,True,0.14154784401706783,0.015058144935548395,0.053,
A-30ml-f0.80-p+0.0-above-y180-x+0.0-y+0.0,A,yaw,30,0.8,0,above,180,0,0,20,31.74802103936399,38.76019214884267,22.32108935141606,47.24289349531343,False,77.39,28.4,425148,60885,99929,2361,0,0,0,0,0,0,0,,8.237499999998576,,4.442304954787287,0.700523922792101,9.811671611861291,40.414488426006244,40.60154996848948,99.03755263231436,4.541067499431748,60885,87.9551110378769,1.7836711789339463,2.2252859468162685,52.88598933690609,-12.200858971448818,1.6663664021832831,10.724279191086534,,155.0638829707395,12.09024394458694,2.045176393896303,99.75823665830718,True,True,True,False,True,True,False,False,False,lift,False,0.03619345860425821,False,,,0.0,
A-30ml-f0.80-p+0.0-above-y270-x+0.0-y+0.0,A,yaw,30,0.8,0,above,270,0,0,20,31.74802103936399,38.76019214884267,22.32108935141606,47.24289349531343,False,76.1,28.4,429993,57687,91489,2361,0,0,0,0,0,0,0,,8.238999999998578,,4.444055160285421,0.6847813891742383,9.809599987073133,40.414698931964004,40.60154996848948,99.03747791724187,4.834561442547853,57687,88.21619863694957,1.5331312943107127,2.2298606561820042,52.89093088026972,-12.205897415726863,1.6649177062072824,10.72463446181596,,59.11268507723702,12.599286068671168,3.3916840073995433,99.79626354606715,True,True,True,False,True,True,False,False,False,lift,False,0.03595826507791187,False,,,0.0,
A-30ml-f0.80-p+0.0-above-y0-x-6.0-y+0.0,A,dx,30,0.8,0,above,0,-6,0,20,31.74802103936399,38.76019214884267,22.32108935141606,47.24289349531343,False,77.04,31.4,690376,79657,800,0,0,0,0,0,0,0,0,,8.83749999999931,20.905999999996627,10.088065145601439,5.6521108362376635,9.812230070564066,40.21902121085758,40.60154996848948,99.51533583109884,4.455654889430178,79657,84.7346843512969,0.8919268527661145,2.4753716068385847,30.578941850118873,10.27331497950748,2.988232163504737,10.399836087768676,0.014102485740628392,0.9745458175311621,10.007173610542559,2.9793159731194736,101.22632973682072,True,True,True,False,True,True,False,True,False,lift,False,0.1718911187367138,False,,,3.0,
A-50ml-f0.25-p+20.0-above-y0-x+0.0-y+0.0,A,pitch,50,0.25,20,above,0,0,0,25,37.64144115524114,13.984229076838627,11.769942152291096,11.93839640534348,False,30.09,28.4,116895,40568,611,0,0,0,0,0,0,0,0,,9.319499999999898,,12.411397776772922,2.219526638094711,9.81348781863444,49.96528982496744,51.498422743697716,104.47048511042428,3.766955925680257,40568,90.86054408476701,3.0809474496264158,2.955528412620091,4.421801355138697,10.351537910290254,19.01597871582721,38.705827965969064,,1155.5486812191923,24.55064449863571,18.58715121895786,106.20024578396661,True,True,True,False,True,True,False,False,False,lift,False,-0.07936895904625892,False,,,0.0,
A-30ml-f0.80-p+0.0-above-y90-x+0.0-y+0.0,A,yaw,30,0.8,0,above,90,0,0,20,31.74802103936399,38.76019214884267,22.32108935141606,47.24289349531343,False,89.05,28.4,414504,60537,92520,2353,0,0,0,0,0,0,0,,8.270999999998617,,4.435845647944994,0.7646606211132558,9.791391694175228,40.41523593041899,40.60154996848948,99.03577392706048,4.442409016039366,60537,87.9056357285737,1.87535877627225,2.4708799111671205,57.72846470148461,-17.041990923715527,1.6476929269593181,10.728858537951957,,75.61148784493727,17.98979167857309,0.8135539444326116,95.17619245582277,True,True,True,False,True,True,False,False,False,lift,False,0.034934572289422886,False,,,0.0,
A-50ml-f0.25-p+0.0-above-y0-x+0.0-y+0.0,A,nominal,50,0.25,0,above,0,0,0,25,37.64144115524114,13.984229076838627,11.769942152291096,11.93839640534348,False,44.62,28.4,181043,65864,1986,0,0,0,0,0,0,0,0,,8.913999999999403,,8.589105828956752,1.3832199322595935,9.797855608882099,50.942771683194266,51.498422743697716,99.65282398433575,4.715662395282566,65864,90.73235817219239,0.6619536418120486,1.1694951272722456,5.473876731767333,10.885879947775123,1.4066691010994288,44.10496428978293,,1.488761540856424,3.0129007736660323,2.6244063931577846,0.7685612513262409,True,True,True,False,True,True,False,False,True,lift,False,0.05902427480809205,False,,,0.0,
A-30ml-f0.80-p+0.0-above-y0-x+0.0-y+3.0,A,dy,30,0.8,0,above,0,0,3,20,31.74802103936399,38.76019214884267,22.32108935141606,47.24289349531343,False,65.19,28.4,417737,47131,21397,0,0,0,0,0,0,0,0,,8.021499999998312,,7.45742678067093,0.798015362691003,9.798107183026351,40.3567811797156,40.60154996848948,99.12995529758236,5.394958740625906,47131,88.18356804124713,1.241063859678147,1.6449551375145703,43.772388972044865,-3.0435925647961106,0.5848874256799987,10.989381624244256,,1740.7908021974627,19.01567726161155,0.7332020902478624,0.1733802470566529,True,True,True,False,True,True,False,False,False,lift,False,0.07096311192804151,False,,,0.0,
A-30ml-f0.80-p+0.0-above-y0-x+0.0-y-3.0,A,dy,30,0.8,0,above,0,0,-3,20,31.74802103936399,38.76019214884267,22.32108935141606,47.24289349531343,False,70.04,28.4,393668,45112,93755,2363,0,0,0,0,0,0,0,,9.349999999999936,,2.7436912101146125,0.9823764463357347,9.81206773607015,40.46953649120268,40.60154996848948,98.82435344656898,2.6247760623315313,45112,80.41673193021403,5.492477952661358,1.7868085714345185,50.218316968085695,-9.511828549196299,2.2530038447620258,10.580367249458368,,181.14082242596402,22.326169654888233,2.1076254796703813,99.60418045221266,True,True,True,True,True,False,False,False,False,cap_away,False,0.05382878689302993,False,,,0.0,
A-30ml-f0.80-p+0.0-above-y0-x+0.0-y+6.0,A,dy,30,0.8,0,above,0,0,6,20,31.74802103936399,38.76019214884267,22.32108935141606,47.24289349531343,False,67.98,28.4,441214,48245,21184,0,0,0,0,0,0,0,0,,7.909499999998336,,7.565873092828756,0.6122834896563143,9.811788175679363,40.20160089185255,40.60154996848948,99.30078559125522,5.778459310727686,48245,88.61959880223037,1.318852721108639,1.598907930434463,42.40984015789109,-1.677780758060049,0.4726784011467918,11.016878288356612,,1109.7299280843158,2.0940177832699516,0.2894180296665805,99.65476253359375,True,True,True,False,True,True,False,False,False,lift,False,0.08653936260523348,False,,,0.0,
A-50ml-f0.25-p-5.0-above-y0-x+0.0-y+0.0,A,pitch,50,0.25,-5,above,0,0,0,25,37.64144115524114,13.984229076838627,11.769942152291096,11.93839640534348,False,65.88,28.4,166124,11218,26278,0,0,0,0,0,0,0,0,,,,6.997343974355491,7.189369433570016,9.814002019743578,51.42159216101932,51.498422743697716,99.20032291593627,-1.8538903799792812,11218,1.017982669503166,128.46640542299204,1.5161918968547625,23.59598221833218,-7.227414107985205,1.4170835125940433,44.10189642193529,,4.4148527564886715,7.276659682067221,5.367160472038368,100.72174181156096,True,True,True,False,False,False,False,False,False,lift,False,,False,,,0.0,
A-50ml-f0.25-p+0.0-above-y0-x-6.0-y+0.0,A,dx,50,0.25,0,above,0,-6,0,25,37.64144115524114,13.984229076838627,11.769942152291096,11.93839640534348,False,31.93,28.4,84658,32198,21371,0,0,0,0,0,0,0,0,,9.4025,,16.190807836379722,3.075209359242301,9.79810066092828,51.193636731052784,51.498422743697716,99.3189097012031,1.2804992256460757,32198,79.26587964018242,5.801792141082204,7.1371290217089784,23.224199283679027,-6.612889466930061,2.168699935662432,43.880400363344364,,1408.3355098507072,12.221622893628977,0.24002343400951087,0.06291486693926139,True,True,True,False,True,False,False,False,False,lift,False,-0.6603601999471549,False,,,0.0,
A-50ml-f0.25-p+0.0-above-y90-x+0.0-y+0.0,A,yaw,50,0.25,0,above,90,0,0,25,37.64144115524114,13.984229076838627,11.769942152291096,11.93839640534348,False,45.13,31.4,173230,61956,1663,0,0,0,0,0,0,0,0,,8.765499999999221,27.050999999982306,8.51897860865844,1.5130437627687403,9.81410532245138,50.943606391084636,51.498422743697716,99.65220092393021,4.76376287598608,61956,90.78288502646869,0.7964842788962786,0.888021321615703,5.492803052708495,10.860998623032234,1.3401194435295358,44.124567789231925,0.3361908522087451,0.5213111533290176,13.413226437051337,2.7119856737312453,100.89637740975846,True,True,True,False,True,True,False,True,False,lift,False,0.06188613020796703,False,,,3.0,
A-50ml-f0.25-p+0.0-side-y0-x+0.0-y+0.0,A,approach,50,0.25,0,side,0,0,0,25,37.64144115524114,13.984229076838627,11.769942152291096,11.93839640534348,False,52.53,31.4,210000,77610,2298,0,0,0,0,0,0,0,0,,8.718999999999165,21.607499999994992,8.362059002416451,1.8579205252942455,9.567554056813531,50.94294895187879,51.498422743697716,99.6526863772806,4.764099889676659,77610,90.47605166928399,0.5778650944311843,1.1172747949739397,5.487835990640538,10.869847789289858,1.330819628052749,44.127307145194195,5.533854549735328,5.6262851990750224,101.59962936561112,1.9156348266143124,1.11958787489888,True,True,True,False,True,True,False,False,False,lift,False,0.061149809332112885,False,,,3.0,
A-50ml-f0.25-p+0.0-diagonal-y0-x+0.0-y+0.0,A,approach,50,0.25,0,diagonal,0,0,0,25,37.64144115524114,13.984229076838627,11.769942152291096,11.93839640534348,False,52.88,31.4,181105,66605,2194,0,0,0,0,0,0,0,0,,8.724999999999172,27.101499999982188,8.465559233400349,1.4736801042632697,7.0118280567874995,50.9429256334488,51.498422743697716,99.65268578137702,4.780028304086622,66605,90.59910496163744,0.6519213517203433,1.0557494071756002,5.490376431345982,10.866582802603997,1.3582137133553118,44.11923787686203,-0.15846439736856271,0.47182005718584147,57.28170340315481,26.069292643310025,77.71891831703606,True,True,True,False,True,True,False,True,False,lift,False,0.06128624577092486,False,,,3.0,
A-50ml-f0.25-p+0.0-above-y270-x+0.0-y+0.0,A,yaw,50,0.25,0,above,270,0,0,25,37.64144115524114,13.984229076838627,11.769942152291096,11.93839640534348,False,45.0,31.4,196038,65687,1781,0,0,0,0,0,0,0,0,,8.606499999999027,22.86949999999205,8.410822035525536,1.3629817481997897,9.814102651622719,50.94289903133365,51.498422743697716,99.65293859356088,5.122884978749076,65687,90.95827368103338,0.8157290669677645,1.0147618348925913,5.510127391807847,10.845532631116955,1.3325230731521271,44.12680537953133,-0.22785626122029692,0.943327576776757,26.708010376347055,1.012015900971282,100.75990945754539,True,True,True,False,True,True,False,True,False,lift,False,0.06291604868199242,False,,,3.0,
A-30ml-f0.80-p+0.0-above-y0-x+0.0-y-6.0,A,dy,30,0.8,0,above,0,0,-6,20,31.74802103936399,38.76019214884267,22.32108935141606,47.24289349531343,False,99.69,28.4,292147,9459,14299,0,0,0,0,0,0,0,0,,,,18.07714156992851,6.732325117407265,9.797857457417146,39.93954149801338,40.60154996848948,99.01022153263287,-3.572786247541676,9459,2.567743435927195,130.36750461126283,14.191839352167362,44.97741548597196,-4.526512604602767,4.693330056177551,9.980125521498943,,2.511259141632845,37.09384046193567,0.0010504750589785416,-0.0004003926397318523,True,True,True,False,False,False,False,False,False,lift,False,,False,,,0.0,
A-50ml-f0.25-p+0.0-above-y0-x-3.0-y+0.0,A,dx,50,0.25,0,above,0,-3,0,25,37.64144115524114,13.984229076838627,11.769942152291096,11.93839640534348,False,43.48,31.4,170267,76493,0,0,0,0,0,0,0,0,0,,8.667999999999102,26.634999999983275,3.525941755698722,4.036474066068836,9.81410470870503,51.66681495356875,51.498422743697716,99.25603467529096,4.958372423578217,76493,85.28500406456692,0.36524688325472976,0.7855423770109364,5.894338572929668,10.444286495893088,1.163264983065216,44.176658684473445,-0.2045906982047745,1.0043199192642998,16.376240739414847,1.1604488943287998,100.50594775431888,True,True,True,False,True,True,True,True,False,lift,False,0.05459331455765093,False,,,3.0,
A-50ml-f0.25-p+0.0-above-y0-x+0.0-y-3.0,A,dy,50,0.25,0,above,0,0,-3,25,37.64144115524114,13.984229076838627,11.769942152291096,11.93839640534348,False,37.72,28.54,185347,80122,0,0,0,0,0,0,0,0,0,,8.638999999999067,20.13649999999842,2.782676583678234,0.7674588003879677,9.814161274381457,50.77752334449531,51.498422743697716,99.70476897435009,5.2877240218005,80122,86.30185295448297,0.6093818128959052,1.1152806820667789,5.773553561907872,10.58635035652955,1.337841907139822,44.125238662835905,0.38862628313467434,0.7911275126441518,26.203058001374288,0.7511530123958658,100.578120756564,True,True,True,True,True,True,True,True,False,place,False,0.08033213341522245,True,0.10324841999888246,0.043441997386326245,0.138,
A-50ml-f0.25-p+0.0-above-y0-x+3.0-y+0.0,A,dx,50,0.25,0,above,0,3,0,25,37.64144115524114,13.984229076838627,11.769942152291096,11.93839640534348,False,45.12,28.45,129055,60939,0,0,0,0,0,0,0,0,0,,7.95599999999831,21.58299999999505,4.097809006124474,4.7075036140858595,9.814108503223979,51.63977548503532,51.498422743697716,99.27768022072138,6.784401803732757,60939,92.27501076399824,2.0169917180884958,0.320117733772513,5.924166127203397,10.407385187349835,0.9148625062226208,44.24981260647997,-1.4381129270626252,1.7385549312427786,21.598973327979678,0.22313740032601515,100.48838076477763,True,True,True,False,True,True,True,False,False,lift,False,0.06583914673852546,True,0.6435304629140064,0.013525423469762796,0.05,
A-50ml-f0.25-p+5.0-above-y0-x+0.0-y+0.0,A,pitch,50,0.25,5,above,0,0,0,25,37.64144115524114,13.984229076838627,11.769942152291096,11.93839640534348,False,76.65,28.4,147342,10014,14815,0,0,0,0,0,0,0,0,,,,12.259361773478854,7.393234621868799,9.813329790898058,51.463478773579936,51.498422743697716,99.00970504007093,-3.969730371958219,10014,0.3644739645814097,128.77080967858598,3.903335618216737,23.701096760456995,-7.167508648281292,3.414324343129493,43.5128017859131,,6.849640121706598,4.056910967940783,4.871942378898884,98.72661702170493,True,True,True,False,False,False,False,False,False,lift,False,,False,,,0.0,
A-50ml-f0.25-p+0.0-above-y180-x+0.0-y+0.0,A,yaw,50,0.25,0,above,180,0,0,25,37.64144115524114,13.984229076838627,11.769942152291096,11.93839640534348,False,52.68,28.4,179444,69468,434,0,0,0,0,0,0,0,0,,8.635999999999063,,9.192193656334936,1.8721594501185148,9.814103615165271,50.94301433675352,51.498422743697716,99.65266280438824,4.94868414206881,69468,90.72967710157117,0.6790040403349393,0.9991765749875383,5.515085491994684,10.838848224404964,1.2638269870878693,44.14703991260316,,1.1336882358919624,4.741736949283661,0.5010281466169424,100.4275966185747,True,True,True,False,True,True,False,False,False,lift,False,0.06300433069339118,False,,,0.0,
A-50ml-f0.25-p+0.0-above-y0-x+0.0-y-6.0,A,dy,50,0.25,0,above,0,0,-6,25,37.64144115524114,13.984229076838627,11.769942152291096,11.93839640534348,False,42.41,31.4,261078,53371,46,0,0,0,0,0,0,0,0,,9.333499999999916,22.774499999992273,3.53302503921013,2.0564429691081605,9.812900917603846,50.901252048962085,51.498422743697716,99.65299615608144,3.0973140496624447,53371,80.42737796367231,1.644948466408086,1.9811108619645685,5.7871892429161695,10.633983158259461,2.9317995985478595,43.65529461516655,1.1097625711067904,1.484967906459667,80.94149164294386,90.00059537964046,19.115362135742263,True,True,True,False,True,True,False,False,False,lift,False,-0.061915786112729326,False,,,3.0,
A-50ml-f0.50-p-20.0-above-y0-x+0.0-y+0.0,A,pitch,50,0.5,-20,above,0,0,0,25,37.64144115524114,27.968458153677254,23.53988430458219,25.922625482182106,False,34.94,28.4,113960,42786,9703,0,0,0,0,0,0,0,0,,7.293999999998677,,17.52633087629388,13.951381488627344,9.817036186537196,50.53250918670882,51.498422743697716,105.01630190584237,8.582876348902508,42786,94.12281749534237,7.788799744954344,2.8032255363207588,23.5284276016368,5.515940998151309,21.02059807061559,24.053006590658544,,6.845995341265611,25.39162654550665,18.013595963436448,107.2880284576392,True,True,True,False,True,False,False,False,False,lift,False,0.23564238579886224,False,,,0.0,
A-50ml-f0.25-p+10.0-above-y0-x+0.0-y+0.0,A,pitch,50,0.25,10,above,0,0,0,25,37.64144115524114,13.984229076838627,11.769942152291096,11.93839640534348,False,79.91,28.4,182045,10139,14714,0,0,0,0,0,0,0,0,,,,15.040725072773565,5.872264182411466,9.79785142253982,51.40252583109073,51.498422743697716,98.82347918765161,-2.65879521131257,10139,2.3854360594199426,128.23075709423236,8.310416918245654,27.190524418729375,-10.14253968515781,6.305953554322163,42.6551645501409,,3.9976110871958093,4.596054148136458,2.56580453828709,0.7480586455885375,True,True,True,False,False,False,False,False,True,lift,False,,False,,,0.0,
A-50ml-f0.25-p-10.0-above-y0-x+0.0-y+0.0,A,pitch,50,0.25,-10,above,0,0,0,25,37.64144115524114,13.984229076838627,11.769942152291096,11.93839640534348,False,96.21,28.4,186992,4544,86663,2484,0,0,0,0,0,0,0,,,,10.612064758367927,12.83706231967372,9.813059524863041,51.28235884927148,51.498422743697716,99.01227051490126,-2.9201085712028396,4544,8.071868656561005,127.248772398872,2.8913881371619716,23.22886028629601,-6.969591856712892,11.463346280695541,41.09859595189,,8.630285716308316,8.581957512231913,11.139190640479402,99.65175637265014,True,True,True,False,False,False,False,False,False,lift,False,,False,,,0.0,
A-50ml-f0.25-p+0.0-above-y0-x+0.0-y+3.0,A,dy,50,0.25,0,above,0,0,3,25,37.64144115524114,13.984229076838627,11.769942152291096,11.93839640534348,False,44.08,28.45,185157,71054,0,0,0,0,0,0,0,0,0,,8.638499999999066,19.98599999999877,5.365252651859151,0.5982190641919505,9.814096454072551,51.322058604627145,51.498422743697716,99.23860055462639,5.16037722730106,71054,88.91086621548989,0.636689209124113,1.0555814776086716,6.23781182537089,10.105687013285818,0.5568665773361406,44.35522442678467,-2.446108933749175,3.702030495553721,1.064935935068247,0.3246100234997915,99.93024107795551,True,True,True,False,True,True,True,False,False,lift,False,0.05851367541093972,True,0.2609256447328519,0.015456567036689711,0.054,
A-50ml-f0.25-p+0.0-above-y0-x+0.0-y+6.0,A,dy,50,0.25,0,above,0,0,6,25,37.64144115524114,13.984229076838627,11.769942152291096,11.93839640534348,False,51.89,28.93,193064,61142,0,0,0,0,0,0,0,0,0,,9.253499999999818,21.340499999995615,6.997739914314445,1.1867967059032918,9.814248293240825,51.11941971281449,51.498422743697716,99.41944847659404,4.699021239030682,61142,90.75474419155759,1.0414930295746874,1.0475251200859406,5.7274671332547635,10.630221932682385,1.4231554008510128,44.10010775790697,-2.073385627297715,3.534997219123644,24.47976870894145,4.8797689935762625,90.13301020562665,True,True,True,False,True,True,True,False,False,lift,False,0.029476905037044573,True,0.3909301147970735,0.17345329642542087,0.528,
A-50ml-f0.25-p+0.0-above-y0-x+6.0-y+0.0,A,dx,50,0.25,0,above,0,6,0,25,37.64144115524114,13.984229076838627,11.769942152291096,11.93839640534348,False,67.23,28.4,97024,12143,5717,0,0,0,0,0,0,0,0,,,,15.697305823746118,9.08716641443284,9.813987614020753,51.156087558336786,51.498422743697716,99.30553380514488,-2.3822037837067516,12143,1.1069569063722429,133.6243265661066,10.256652345923605,88.82362241977629,-71.53925287043283,4.681877833060652,43.137749198072626,,4.933489991571346,19.870597954034267,1.8746773754116484,99.2710977932077,True,True,True,False,False,False,False,False,False,lift,False,,False,,,0.0,
A-50ml-f0.50-p+0.0-above-y0-x+0.0-y+0.0,A,nominal,50,0.5,0,above,0,0,0,25,37.64144115524114,27.968458153677254,23.53988430458219,25.922625482182106,False,46.13,28.68,176182,76303,0,0,0,0,0,1,0,0,0,,8.610999999999033,21.614499999994976,4.906464427891427,1.0700746517775648,9.797876504442339,50.99936907353462,51.498422743697716,99.5287103425347,5.344911164831171,76303,90.3108242433873,0.7556764008032516,0.6935568354564517,19.72054228080595,10.606804016728756,0.853416631657235,30.283677520351798,-1.79828948455159,3.297410498333545,8.859446841347804,2.312765386741647,0.6690688832134513,True,True,True,False,True,True,True,False,True,lift,False,0.06330943971438599,True,0.35463280527621704,0.08884448889497815,0.275,
A-50ml-f0.50-p+0.0-side-y0-x+0.0-y+0.0,A,approach,50,0.5,0,side,0,0,0,25,37.64144115524114,27.968458153677254,23.53988430458219,25.922625482182106,False,38.23,28.45,186186,77051,0,0,0,0,0,0,0,0,0,,8.584499999999,21.596499999995018,4.895859406922642,1.0891170068209843,9.567600924857555,50.99923577426711,51.498422743697716,99.52956085121049,5.393501226367503,77051,90.40056857547486,0.7913333752633146,0.6689043149361911,19.71548023623351,10.61218695668946,0.8883033291916022,30.273404494492194,0.1335068442377604,1.002944284224645,100.44370036301768,0.8900208782227363,0.7535862954178026,True,True,True,False,True,True,True,True,False,lift,False,0.06215185914942379,True,0.10573238138565692,0.015616170797225904,0.054,
A-50ml-f0.50-p+0.0-above-y0-x-6.0-y+0.0,A,dx,50,0.5,0,above,0,-6,0,25,37.64144115524114,27.968458153677254,23.53988430458219,25.922625482182106,False,33.47,28.4,110178,54297,17941,0,0,0,0,0,0,0,0,,7.320999999998662,,18.132302525504418,4.691378364525286,9.816426398440402,51.21610748400215,51.498422743697716,99.30834117946655,7.387487247145275,54297,79.48510771969087,1.2003158368281026,6.2211432938757625,80.27375922092166,-50.20110526878338,3.0813037370098173,29.626930040012038,,2931.21526948152,16.672239802528548,3.176721511306343,100.99242438111506,True,True,True,False,True,True,False,False,False,lift,False,-0.05807841070897948,False,,,0.0,
A-50ml-f0.50-p+0.0-above-y90-x+0.0-y+0.0,A,yaw,50,0.5,0,above,90,0,0,25,37.64144115524114,27.968458153677254,23.53988430458219,25.922625482182106,False,38.78,28.64,189872,78525,0,0,0,0,0,0,0,0,0,,8.60899999999903,21.55249999999512,4.85927013127238,1.1457627619560389,9.817036792366014,50.999528288198256,51.498422743697716,99.52964484589447,5.3490229415075055,78525,90.33400727684457,0.7701927134560937,0.5512368030394389,19.698867078762294,10.628112630730921,0.9362010446426967,30.25929981902826,0.07419220160544275,0.9939424638135868,4.339725532200404,1.041973589410633,100.78227698634272,True,True,True,False,True,True,True,True,False,lift,False,0.0645730404782759,True,0.11728036785214302,0.07576632940907216,0.235,
A-50ml-f0.50-p-5.0-above-y0-x+0.0-y+0.0,A,pitch,50,0.5,-5,above,0,0,0,25,37.64144115524114,27.968458153677254,23.53988430458219,25.922625482182106,False,53.38,28.4,116173,13621,5712,0,0,0,0,0,0,0,0,,,,12.476282449005089,6.918391120672439,9.817033716968417,51.41794108297744,51.498422743697716,99.1521775557243,-0.5446752383694853,13621,1.6116268437220482,129.67784003609088,2.461355592661607,23.519251472974315,6.864202120587485,2.118103878121466,29.911087644596662,,5.318884954041494,15.984826522295746,5.321948576366457,101.59073791314248,True,True,True,False,False,False,False,False,False,lift,False,,False,,,0.0,
A-50ml-f0.50-p+0.0-above-y270-x+0.0-y+0.0,A,yaw,50,0.5,0,above,270,0,0,25,37.64144115524114,27.968458153677254,23.53988430458219,25.922625482182106,False,35.63,28.45,185370,78377,0,0,0,0,0,0,0,0,0,,8.583999999999,21.31299999999568,5.126645358631985,0.9743972468117471,9.817091877353974,50.99932034642172,51.498422743697716,99.52925786007263,5.3953780016886,78377,90.76471976452764,0.8121979413406349,0.5014074174761751,19.68613463162405,10.641478335622997,0.9704156260294938,30.24922424843291,0.2672095166543961,1.0110783600669977,4.02300481533519,0.8701673049534482,100.69008448544429,True,True,True,False,True,True,True,True,False,lift,False,0.06217734131695857,True,0.10864941161063169,0.015112331648683669,0.053,
A-50ml-f0.50-p+0.0-above-y0-x-3.0-y+0.0,A,dx,50,0.5,0,above,0,-3,0,25,37.64144115524114,27.968458153677254,23.53988430458219,25.922625482182106,False,36.49,29.31,116192,81120,0,0,0,0,0,0,0,0,0,,8.556999999998967,20.207499999998255,4.299206820237967,4.135970900751745,9.817091485319652,51.706920124586546,51.498422743697716,99.24226045096012,5.741718473875529,81120,87.49995956752824,0.6262766834411878,1.5289722124065317,20.17183736365333,10.139993785375944,0.423172811619544,30.41035772479526,0.15568267775755767,1.0057359318368553,14.700966510635475,1.6498821712358933,100.77025797891778,True,True,True,False,True,True,True,True,False,lift,False,0.05906928619794203,True,0.1461443810837311,0.2992341714373356,0.905,
A-50ml-f0.50-p+0.0-diagonal-y0-x+0.0-y+0.0,A,approach,50,0.5,0,diagonal,0,0,0,25,37.64144115524114,27.968458153677254,23.53988430458219,25.922625482182106,False,43.49,28.45,188549,76013,0,0,0,0,0,0,0,0,0,,8.610499999999032,21.601499999995006,4.860890386181144,1.066935448760612,7.014781364884131,50.999289207587225,51.498422743697716,99.5293876576227,5.3462155408881,76013,90.3138764060993,0.7574754485685633,0.6954101747099243,19.720407870691346,10.60696148518507,0.8532776480806217,30.283718446228978,-2.3879103205094676,3.615386112269319,71.07230265883226,0.7728549727334788,71.43292266709045,True,True,True,False,True,True,True,False,False,lift,False,0.06349367736629447,True,0.30764685426170285,0.014981850877877484,0.053,
A-50ml-f0.50-p+0.0-above-y0-x+3.0-y+0.0,A,dx,50,0.5,0,above,0,3,0,25,37.64144115524114,27.968458153677254,23.53988430458219,25.922625482182106,False,35.61,28.45,147605,66268,0,0,0,0,0,0,0,0,0,,7.982999999998295,21.778999999994593,5.259501744288149,4.731075534146664,9.817037026588329,51.67729436149391,51.498422743697716,99.32362159508044,6.883128815566325,66268,92.51051678854256,1.8831865601644615,0.23355881125721012,19.933134703110685,10.382324665716203,1.0876784892580502,30.21469088197784,0.11363982908842307,0.9968763349373598,16.822506572416742,0.45270067862107144,100.35992531522446,True,True,True,False,True,True,True,True,False,lift,False,0.07009564566193116,True,0.11355853960078777,0.01493228808717557,0.052,
A-50ml-f0.50-p+0.0-above-y180-x+0.0-y+0.0,A,yaw,50,0.5,0,above,180,0,0,25,37.64144115524114,27.968458153677254,23.53988430458219,25.922625482182106,False,41.39,28.45,172783,78197,0,0,0,0,0,0,0,0,0,,8.57549999999899,21.30749999999569,5.119272787556585,0.975076374409492,9.817035228948015,50.99969573053525,51.498422743697716,99.52818456416578,5.414512376404362,78197,90.72951428905546,0.834566419770967,0.5058464795846549,19.686759700319573,10.640912189308683,0.9667731939231528,30.250296887866803,2.0776950206581972,2.2973897705421154,21.30091727545057,0.5031199866904783,100.57654103683322,True,True,True,False,True,True,True,False,False,lift,False,0.062161120386192266,True,0.45855921820633216,0.013733185536066032,0.05,
A-50ml-f0.50-p+20.0-above-y0-x+0.0-y+0.0,A,pitch,50,0.5,20,above,0,0,0,25,37.64144115524114,27.968458153677254,23.53988430458219,25.922625482182106,False,54.28,28.4,113435,15003,320,0,0,0,0,0,0,0,0,,,,7.040005589327579,3.750686854485585,9.817030581384916,49.64332532441569,51.498422743697716,104.0735086773882,-3.5472847277424613,15003,1.0406627620209434,127.95026165066078,4.904146070818391,17.29750471406485,11.271429104952906,15.493354078168174,25.859168751411595,,3.580829328476904,27.48554697622396,18.60430725321882,106.7407675069203,True,True,True,False,False,False,False,False,False,lift,False,,False,,,0.0,
A-50ml-f0.50-p+0.0-above-y0-x+0.0-y-3.0,A,dy,50,0.5,0,above,0,0,-3,25,37.64144115524114,27.968458153677254,23.53988430458219,25.922625482182106,False,36.5,28.46,216288,78200,0,0,0,0,0,0,0,0,0,,8.642499999999071,20.52249999999752,2.748379889518045,0.3788834449596728,9.8170401527366,50.8255385505904,51.498422743697716,99.65658450664195,5.294844473210075,78200,86.10216329110482,0.496454442710053,0.9590054487534097,19.845889284801203,10.496403529088122,1.4792918568327047,30.099341486129934,-0.10341374608170094,1.001734325307859,25.71850880896209,0.7991566559464169,100.54069686582426,True,True,True,True,True,True,True,True,False,place,False,0.07973321451304545,True,0.1178191505147342,0.017267989514548346,0.059,
A-50ml-f0.80-p-20.0-above-y0-x+0.0-y+0.0,A,pitch,50,0.8,-20,above,0,0,0,25,37.64144115524114,44.7495330458836,37.6638148873315,42.703700374388454,False,24.9,28.4,83802,5455,3518,0,0,0,0,0,0,0,0,,7.286499999998681,,17.387086048783544,13.361814142994005,9.81994048586412,50.125822979077455,51.498422743697716,104.86099354690337,11.164054563882628,5455,280.2952933595788,255.8555840639241,19.526455287907396,59.66306057811523,-13.254653520374998,13.473243821666859,9.712574865081685,,2733.065806792597,24.662178826251257,18.684473367451737,106.52128638348566,True,True,True,False,True,False,False,False,False,lift,False,0.22208085527778937,False,,,0.0,
A-50ml-f0.50-p+0.0-above-y0-x+6.0-y+0.0,A,dx,50,0.5,0,above,0,6,0,25,37.64144115524114,27.968458153677254,23.53988430458219,25.922625482182106,False,41.47,28.64,94829,42245,5037,0,0,0,0,0,0,0,0,,9.381499999999974,21.79299999999456,14.904890344262013,6.217769049583687,9.816981744049533,51.209074377418766,51.498422743697716,99.25786081305212,1.617061928518071,42245,84.14421304204912,6.05964242434037,6.856026483390501,23.22750862189125,7.481079060485466,3.3948185545015637,29.53433554193814,0.455787880636223,1.0820548630362745,21.29799696991925,2.4741941723837813,99.94544388348062,True,True,True,False,True,False,False,True,False,lift,False,-0.5863474039757167,True,0.1325848371068823,0.07640020637855005,0.237,
A-50ml-f0.50-p+0.0-above-y0-x+0.0-y+3.0,A,dy,50,0.5,0,above,0,0,3,25,37.64144115524114,27.968458153677254,23.53988430458219,25.922625482182106,False,43.3,28.45,188072,77551,0,0,0,0,0,0,0,0,0,,8.536999999998942,21.291999999995728,4.205706963670193,0.9609297728109105,9.817029023291186,51.32676155866601,51.498422743697716,99.15134585813034,5.395883472180326,77551,89.61703029310057,0.9829513406544276,0.7514038101632158,20.131464133344593,10.192558035569622,0.7364139917307757,30.318129769764408,0.7965868617170836,1.1221286044075296,1.1569908824122304,0.5945818455596984,100.0894076329857,True,True,True,False,True,True,True,True,False,lift,False,0.0600074542853817,True,0.12737792074942325,0.01493626612259978,0.052,
A-50ml-f0.50-p+0.0-above-y0-x+0.0-y-6.0,A,dy,50,0.5,0,above,0,0,-6,25,37.64144115524114,27.968458153677254,23.53988430458219,25.922625482182106,False,48.82,28.4,174059,45956,0,0,0,0,0,0,0,0,0,,9.34499999999993,,3.1228422357194012,4.058676937712947,9.81703556749361,51.07729726400307,51.498422743697716,99.48301132273329,2.7355138903889937,45956,81.91812990025102,2.042522365976363,0.45465465374184544,19.564855785041964,10.764714613701528,1.6081792488571598,30.06136943103837,,2.078494825144545,10.711003197950369,1.891740924281193,100.77534369406119,True,True,True,False,True,True,True,False,False,lift,False,-0.04887233982525105,False,,,0.0,
A-50ml-f0.50-p+5.0-above-y0-x+0.0-y+0.0,A,pitch,50,0.5,5,above,0,0,0,25,37.64144115524114,27.968458153677254,23.53988430458219,25.922625482182106,False,75.25,28.4,171324,8343,8946,0,0,0,0,21,0,0,0,,,,14.992597854236566,7.28687191665541,9.797854622283351,51.50870826427807,51.498422743697716,98.9889521726358,-3.163186678375812,8343,6.784558472199044,128.35529518578284,6.733945955321794,23.50838578427211,7.17535126702902,4.559328581120962,29.189834326116667,,13.657863972634122,2.7178222543607062,0.19829730402689819,0.04422182679929003,True,True,True,False,False,False,False,False,True,lift,False,,False,,,0.0,
A-50ml-f0.50-p+10.0-above-y0-x+0.0-y+0.0,A,pitch,50,0.5,10,above,0,0,0,25,37.64144115524114,27.968458153677254,23.53988430458219,25.922625482182106,False,72.51,28.4,154629,8013,3701,0,0,0,0,0,0,0,0,,,,14.570550308092292,15.693741779794587,9.813213240606556,51.38737227522664,51.498422743697716,98.9891137571052,-3.583288878854285,8013,2.2180695191939024,130.65582844221672,3.1440746147199103,24.03167912063085,6.393133792796879,7.393337898162067,28.346179911607425,,4.247515153633374,13.242391829198349,12.586760445016953,96.9004420365746,True,True,True,False,False,False,False,False,False,lift,False,,False,,,0.0,
A-50ml-f0.80-p-10.0-above-y0-x+0.0-y+0.0,A,pitch,50,0.8,-10,above,0,0,0,25,37.64144115524114,44.7495330458836,37.6638148873315,42.703700374388454,False,35.14,28.45,102324,29240,0,0,0,0,0,0,0,0,0,,9.389999999999985,19.893499999998987,14.06961670778155,7.473262059356565,9.82062861621026,50.91503066999219,51.498422743697716,99.56651278959801,3.566489352460858,29240,95.60219286141093,4.831487937379839,6.776655234983917,37.591633821307305,9.995182139335812,7.922236978502574,11.406580892410503,0.37790779208379255,0.9168524893812097,12.780625459185632,9.672591592646228,101.8592840284896,True,True,True,False,True,True,True,True,False,lift,False,-0.3396647284737735,True,0.10965715925634156,0.01441911670492282,0.051,
A-50ml-f0.50-p+0.0-above-y0-x+0.0-y+6.0,A,dy,50,0.5,0,above,0,0,6,25,37.64144115524114,27.968458153677254,23.53988430458219,25.922625482182106,False,43.72,31.4,194773,93865,0,0,0,0,0,0,0,0,0,,8.565999999998978,20.02149999999869,3.4235771373155575,0.4621283598786288,9.81703257605969,51.11256164904,51.498422743697716,99.3508609288096,5.425351560152919,93865,88.29849854125652,0.34453557495746434,0.25111338419058515,20.312055244279126,10.008861161094575,0.3024604833256812,30.445896902499474,0.33908314393137134,0.6124326687878436,3.312785490762811,0.35596814797981147,100.01496559382501,True,True,True,False,True,True,True,True,False,lift,False,0.061609045253552264,False,,,3.0,
A-50ml-f0.80-p+20.0-above-y0-x+0.0-y+0.0,A,pitch,50,0.8,20,above,0,0,0,25,37.64144115524114,44.7495330458836,37.6638148873315,42.703700374388454,False,30.64,28.4,83230,39179,3833,0,0,0,0,71,0,0,0,,7.880999999998352,,15.47287668686711,9.734759480539324,9.797898667717408,50.62395247862169,51.498422743697716,104.66100575095517,5.691786577678229,39179,92.76298164674502,4.489408530230147,3.1804862014547473,32.00115727964423,13.067539336652278,20.469022307842483,7.457613577522745,,1519.7953288049623,15.951637973158517,0.16322067302072416,0.03867156084025962,True,True,True,False,True,True,False,False,False,lift,False,0.1885366534346266,False,,,0.0,
A-50ml-f0.80-p-5.0-above-y0-x+0.0-y+0.0,A,pitch,50,0.8,-5,above,0,0,0,25,37.64144115524114,44.7495330458836,37.6638148873315,42.703700374388454,False,33.68,28.45,102470,25563,3203,0,0,0,0,0,0,0,0,,9.399499999999996,20.107999999998487,8.013883688902132,5.372597186760402,9.820547459451156,51.4986678082806,51.498422743697716,99.03472660049817,0.9405640276766991,25563,94.37289163338698,5.751956970948755,2.0298379541434164,37.108592524654576,10.059860021630145,2.403105776719116,13.045977198657287,0.06632396632395775,0.9681330233994108,13.798326556630572,4.74144990100032,101.32337259251058,True,True,True,False,True,False,False,True,False,lift,False,0.2590535018017764,True,0.2726150407412945,0.0139018151616598,0.05,
A-50ml-f0.80-p+5.0-above-y0-x+0.0-y+0.0,A,pitch,50,0.8,5,above,0,0,0,25,37.64144115524114,44.7495330458836,37.6638148873315,42.703700374388454,False,34.72,28.45,98655,61555,0,0,0,0,0,0,0,0,0,,9.41100000000001,19.60049999999967,7.437017427141485,2.664797153528965,9.820590787264564,51.54421880168453,51.498422743697716,98.8420447696125,0.056884022673203694,61555,74.1160830640854,5.366536009731484,1.816606787447242,37.22915839445503,9.86624386825849,0.21055507548833335,13.691879533347088,3.107291856743665,3.2495141273931987,13.886213738971191,4.48195530578221,100.76906155597078,True,True,True,False,True,False,True,False,False,lift,False,-0.04334915365662383,True,0.21143804181506576,0.014499239345685413,0.051,
A-50ml-f0.50-p-10.0-above-y0-x+0.0-y+0.0,A,pitch,50,0.5,-10,above,0,0,0,25,37.64144115524114,27.968458153677254,23.53988430458219,25.922625482182106,False,95.81,28.4,166417,13859,0,0,0,0,0,0,0,0,0,,,,14.25005518523551,8.063736454363893,9.816421228009798,51.362635641134,51.498422743697716,98.66345193014446,-1.0539674053375025,13859,5.277347655232189,131.81632261173698,7.901796049387324,22.75304504798477,8.490002366105795,11.90692399106602,26.978190849273165,,4.943260442761767,8.950991875268311,9.01929289157761,100.06188621858384,True,True,True,False,False,False,True,False,False,lift,False,,False,,,0.0,
A-50ml-f0.80-p+0.0-diagonal-y0-x+0.0-y+0.0,A,approach,50,0.8,0,diagonal,0,0,0,25,37.64144115524114,44.7495330458836,37.6638148873315,42.703700374388454,False,37.05,28.45,145869,79097,0,0,0,0,0,0,0,0,0,,8.607999999999029,20.126499999998444,3.7584196473125004,0.9747675285634314,7.0182452320910365,51.04755057847893,51.498422743697716,99.39720341297522,5.085021394966901,79097,89.75668995200056,0.6254658708629541,0.09375222167491247,36.51350803560863,10.588172016001263,0.6546371260893168,13.561133559323975,0.35039377961704243,0.7693946804177438,73.93337924945605,0.48730111575688434,71.22891849931278,True,True,True,False,True,True,True,True,False,lift,False,0.06190289485569264,True,0.142393549043385,0.014913401541939974,0.052,
A-50ml-f0.80-p+0.0-above-y0-x-3.0-y+0.0,A,dx,50,0.8,0,above,0,-3,0,25,37.64144115524114,44.7495330458836,37.6638148873315,42.703700374388454,False,31.27,28.45,117078,76073,0,0,0,0,0,0,0,0,0,,9.308999999999886,19.985499999998773,3.490943034584591,2.3883808843896124,9.820611172119985,51.325415839516445,51.498422743697716,99.207969120977,3.690883844045756,76073,85.88147212521726,1.5732256906997255,1.0935228104293884,36.77935042649938,10.320618162935391,0.11235067478306655,13.720791170015767,0.3527321871069565,0.9229537820116118,15.396932032576299,0.7510834402202045,100.52975664988422,True,True,True,False,True,True,True,True,False,lift,False,0.00782023300320591,True,0.23315570423356016,0.014487028676929107,0.051,
A-50ml-f0.80-p+0.0-above-y270-x+0.0-y+0.0,A,yaw,50,0.8,0,above,270,0,0,25,37.64144115524114,44.7495330458836,37.6638148873315,42.703700374388454,False,37.18,28.46,156300,78591,0,0,0,0,0,0,0,0,0,,8.607999999999029,21.28199999999575,4.191466177124928,1.1407620933177183,9.82061310959341,51.04746521137434,51.498422743697716,99.39721834959416,5.12794922603188,78591,89.87238941961587,0.7636124035818032,0.1297559414218885,36.51521527506017,10.586649733253267,0.6611972160290734,13.559202012536982,0.27052156780350445,0.7344846576666367,3.719570140374683,0.7013126179186774,100.53088846393142,True,True,True,False,True,True,True,True,False,lift,False,0.0619749930528653,True,0.1192923323957033,0.016269443788789053,0.056,
A-50ml-f0.80-p+0.0-above-y90-x+0.0-y+0.0,A,yaw,50,0.8,0,above,90,0,0,25,37.64144115524114,44.7495330458836,37.6638148873315,42.703700374388454,False,45.47,28.45,145313,78190,0,0,0,0,0,0,0,0,0,,8.603999999999024,20.1024999999985,3.885031342578627,1.0380930152979753,9.820553524564874,51.04775096711835,51.498422743697716,99.3968947805083,5.064544058014403,78190,89.80769725337026,0.7195569588843731,0.0700196547677742,36.507386400397394,10.593298082506475,0.6580591574304673,13.560125980228987,-1.4774751307100287,1.6639055799526101,20.247370039930317,1.518860061095681,100.23927031661141,True,True,True,False,True,True,True,False,False,lift,False,0.06204391150270765,True,0.5527429025627129,0.013627580449168024,0.05,
A-50ml-f0.80-p+0.0-above-y0-x-6.0-y+0.0,A,dx,50,0.8,0,above,0,-6,0,25,37.64144115524114,44.7495330458836,37.6638148873315,42.703700374388454,False,38.4,28.4,111061,44363,8608,0,0,0,0,0,0,0,0,,7.32449999999866,,17.989602087924137,4.902020773950577,9.819943171024233,51.271746671334554,51.498422743697716,99.23885011525061,8.537329042775474,44363,82.73053245009156,2.187666632935616,2.859348327082282,47.11184969549194,-0.05796588514689338,3.2376496342002077,12.799686601756,,759.5282155527145,16.476822964853856,1.7513633179657921,100.52325018690414,True,True,True,False,True,True,False,False,False,lift,False,-0.05673364949549529,False,,,0.0,
A-50ml-f0.80-p+0.0-above-y180-x+0.0-y+0.0,A,yaw,50,0.8,0,above,180,0,0,25,37.64144115524114,44.7495330458836,37.6638148873315,42.703700374388454,False,47.96,28.45,148969,77671,0,0,0,0,0,0,0,0,0,,8.607999999999029,20.104499999998495,3.8624581473641375,1.8311036234930451,9.820608609079539,51.047723839460424,51.498422743697716,99.39687656923543,5.080881897880779,77671,89.7946867380687,0.6939488761460304,0.07740667433982028,36.50763072129572,10.593150611280771,0.6571945105880576,13.560380566012043,-1.9430706414322418,2.78553190306361,21.623425459957723,1.1685087885558747,100.83830657212734,True,True,True,False,True,True,True,False,False,lift,False,0.06217411557723283,True,0.6218725822053414,0.013823581298885584,0.05,
A-50ml-f0.80-p+0.0-above-y0-x+6.0-y+0.0,A,dx,50,0.8,0,above,0,6,0,25,37.64144115524114,44.7495330458836,37.6638148873315,42.703700374388454,False,34.22,28.45,116645,30329,8031,0,0,0,0,0,0,0,0,,9.416500000000017,19.60049999999967,11.969564667542063,3.9090816905889505,9.82051302998603,51.2508181852062,51.498422743697716,99.25916563578355,0.22357250873303314,30329,89.01282247580852,6.5902618885433695,4.065043150431607,43.989156825957906,3.130468139187853,0.38627730316499737,13.640145421842016,0.14640361628500204,0.4600357958595447,16.83601922400195,1.9159424542245298,100.18209839487687,True,True,True,False,True,False,False,True,False,lift,False,-0.805924204393436,True,0.23893909104202551,0.013949632148358891,0.05,
A-50ml-f0.80-p+0.0-above-y0-x+0.0-y-6.0,A,dy,50,0.8,0,above,0,0,-6,25,37.64144115524114,44.7495330458836,37.6638148873315,42.703700374388454,False,36.18,28.45,117405,43301,0,0,0,0,0,0,0,0,0,,9.331499999999913,21.716999999994737,3.873057220903276,3.509210746895197,9.820552972141023,51.251518881023934,51.498422743697716,99.24111381086388,3.180178502556558,43301,79.91661614264395,2.2928586524275927,2.1739000667506665,37.00306408984822,10.141080284506554,2.964487060774353,12.880341925451033,-0.056878250447113685,0.9915840851524595,25.24025687964302,0.7495657919775209,100.62551300656519,True,True,True,False,True,True,True,True,False,lift,False,-0.04817390429982766,True,0.1784941321872841,0.01487798359202377,0.052,
A-50ml-f0.80-p+0.0-above-y0-x+0.0-y-3.0,A,dy,50,0.8,0,above,0,0,-3,25,37.64144115524114,44.7495330458836,37.6638148873315,42.703700374388454,False,36.01,28.45,189672,78054,0,0,0,0,0,0,0,0,0,,8.652999999999084,20.047999999998627,2.103684709735207,0.3124852948186283,9.820541952957042,50.88255524214514,51.498422743697716,99.555955737599,5.283087231920391,78054,85.58560889784566,0.5278801633781306,0.29196486920613596,36.65850853243121,10.446285217047379,1.5173837468080835,13.307044659009616,0.36106845464792064,1.0573093647177476,11.864919346340711,2.080776682450134,100.42498995689671,True,True,True,True,True,True,True,True,False,place,False,0.07322894133283794,True,0.14371832830377798,0.014074126687105904,0.05,
A-50ml-f0.80-p+0.0-above-y0-x+0.0-y+3.0,A,dy,50,0.8,0,above,0,0,3,25,37.64144115524114,44.7495330458836,37.6638148873315,42.703700374388454,False,34.68,28.45,155490,79503,0,0,0,0,0,0,0,0,0,,8.692999999999133,21.309499999995687,4.394044642595629,0.8654836092363497,9.820551723461572,51.31679206200818,51.498422743697716,99.13637973560125,5.1964333620302945,79503,89.40031870406236,0.5066951149443893,0.573073111465977,36.84828932900105,10.257951875965537,0.621823243222686,13.570795173658853,0.2912956641491954,0.6103442036111807,0.47104720531428357,0.4053065913826969,100.16943264344266,True,True,True,False,True,True,True,True,False,lift,False,0.059897293516787437,True,0.17099272971123208,0.014046003664163604,0.05,
A-50ml-f0.80-p+0.0-above-y0-x+0.0-y+6.0,A,dy,50,0.8,0,above,0,0,6,25,37.64144115524114,44.7495330458836,37.6638148873315,42.703700374388454,False,36.97,30.2,177698,87622,0,0,0,0,0,0,0,0,0,,8.56049999999897,20.100999999998503,4.6069371208605885,0.29565527406975706,9.820604700974352,51.28296329532102,51.498422743697716,99.14952833608052,5.431384366201733,87622,88.15008767687772,0.13553458987066905,0.5707384055623778,37.13652814542963,9.968103573073261,0.3179862605997101,13.660251083570287,0.32891981422682637,0.5782858968642993,3.3235513142694892,0.20238165213332418,100.0097769360812,True,True,True,False,True,True,True,True,False,lift,False,0.06491831417740082,True,0.12286275550719324,0.5967595711835801,1.797,
A-60ml-f0.25-p-5.0-above-y0-x+0.0-y+0.0,A,pitch,60,0.25,-5,above,0,0,0,25,40.0,14.736568804805119,14.178240740740737,7.236568804805119,False,35.77,28.52,123906,29770,0,0,0,0,0,0,0,0,0,,9.374999999999966,19.825499999999145,7.2943135894123365,3.467055875222995,9.81660124149613,57.07294124783593,57.1,98.95822852073681,2.0559663828805115,29770,91.25552067868239,4.441119774481331,6.8665712318610055,8.53719504862514,8.977532565489819,4.086774835509264,47.22735123888346,0.37839627027352957,1.0409805776651115,13.034129335781076,3.9135609846980666,100.18606910919091,True,True,True,False,True,True,True,True,False,lift,False,0.6905531508415377,True,0.14198736396549583,0.03757376452473217,0.12,
A-50ml-f0.80-p+0.0-side-y0-x+0.0-y+0.0,A,approach,50,0.8,0,side,0,0,0,25,37.64144115524114,44.7495330458836,37.6638148873315,42.703700374388454,False,69.9,28.45,160786,77410,0,0,0,0,0,0,0,0,0,,8.606999999999028,20.12449999999845,4.548764313656899,1.3078148207368243,9.567657366403248,51.04752584019994,51.498422743697716,99.39723133123518,5.067823816684969,77410,89.73308763019928,0.6058090844376017,0.12589293229558796,36.51444256724264,10.587562349902658,0.6543474499621987,13.56121885117683,-1.121719355419774,3.8103504352497923,99.87775126556447,1.5095012118233255,0.48302159011040263,True,True,True,False,True,True,True,False,False,lift,False,0.0618855925228915,True,0.5100180363135898,0.013701883430546312,0.05,
A-50ml-f0.80-p+0.0-above-y0-x+0.0-y+0.0,A,nominal,50,0.8,0,above,0,0,0,25,37.64144115524114,44.7495330458836,37.6638148873315,42.703700374388454,False,75.92,28.45,149293,77675,0,0,0,0,0,0,0,0,0,,8.609999999999031,20.125499999998446,5.821500045463412,0.9727309662838772,9.8206268712401,51.047551938070605,51.498422743697716,99.3972224734044,5.07139497283178,77675,89.74318055114465,0.6165895865962171,0.10470200120896467,36.51369653085846,10.588093987998121,0.6545390132269133,13.561162447545543,-1.1582753643534598,3.8667771346386206,21.15234297886865,0.3179436958324984,100.69542034776684,True,True,True,False,True,True,True,False,False,lift,False,0.061874997365015935,True,0.29303932982954817,0.01509816302258807,0.053,
A-60ml-f0.25-p+0.0-above-y0-x+0.0-y+0.0,A,nominal,60,0.25,0,above,0,0,0,25,40.0,14.736568804805119,14.178240740740737,7.236568804805119,False,40.18,28.45,160386,76117,0,0,0,0,0,0,0,0,0,,8.604999999999025,21.29899999999571,2.4249304566355434,1.226006104040334,9.81662580269025,56.73051770400198,57.1,99.39161529960263,5.352731123885679,76117,89.72061635496159,0.5854981095392998,0.5128007782518916,7.4797046454983045,9.756275795211877,0.4041833310446165,48.38645115050978,0.26464051786596265,1.008269355589027,21.136625745773703,0.1849748730207744,100.63045402200957,True,True,True,True,True,True,True,True,False,place,False,0.06501380877716972,True,0.39837188590420947,0.01388667548802282,0.05,
A-50ml-f0.80-p+0.0-above-y0-x+3.0-y+0.0,A,dx,50,0.8,0,above,0,3,0,25,37.64144115524114,44.7495330458836,37.6638148873315,42.703700374388454,False,61.15,28.4,161756,11964,0,0,0,0,0,0,0,0,0,,,,9.630838739298596,3.343271211235565,9.820551405096925,51.70267311724663,51.498422743697716,99.8749130128092,-1.4908147908733738,11964,1.7571095431026615,127.17321659409706,3.001831696191363,36.415101240271305,10.861070221423297,4.1468300291517775,12.530903338072642,,2.024501438999643,16.02514097512388,0.40810530799770595,100.88443615600339,True,True,True,False,False,False,True,False,False,lift,False,,False,,,0.0,
