id,design,varied,bottle,fill,pitch,approach,yaw,dx,dy,neck_mm,bottle_d_mm,liquid_mm,liquid_g,dive_target_mm,diverged,wall_s,sim_s,contacts_pads_bottle,contacts_blades_cap,contacts_pipette_bottle,contacts_pipette_clamp,contacts_rig_floor,contacts_pads_floor,contacts_pipette_floor,contacts_rig_bottle,contacts_clamp_rig,contacts_clamp_pads,contacts_pipette_rig,table_hit_s,thread_released_s,thread_reengaged_s,slip_mm,tilt_in_hand_deg,track_worst,pad_height_mm,pad_planned_mm,lift_mm,cap_rise_mm,blade_contacts,cap_off_axis_mm,cap_to_seat_mm,tip_off_axis_mm,tip_height_mm,tip_submerged_mm,bottle_tilt_dive_deg,liquid_to_shoulder_mm,recap_lift_mm,cap_end_mm,placed_error_mm,placed_tilt_deg,placed_z_mm,ok_table,ok_rig_clear,ok_grip,ok_lift,ok_uncap,ok_cap_away,ok_reach_liquid,ok_recap,ok_place,first_failure,success,blade_slip_turns,seated,seat_torque_Nm,seat_extra_turns,seat_hold_s,error
A-10ml-f0.25-p+20.0-above-y0-x+0.0-y+0.0,A,pitch,10,0.25,20,above,0,0,0,18,22.01284832596418,9.071233030783917,2.240207798703662,42.75528824620785,False,52.93,28.81,214171,46011,20964,0,2446,0,0,1793,0,0,0,1.5274999999998873,9.347999999999933,21.116499999996137,9.21223036622882,22.800832766549355,9.802298564441609,20.13846423153595,18.720514774164915,97.54198996945223,1.3769499290852625,46011,82.19702253146026,3.559918030128135,1.8192519437732937,10.704575244868096,-0.13586788072518508,19.543947292708282,19.204803301478968,-2.0014408387221376,5.069472165763434,24.28304117802215,19.242531001232937,101.63857645947253,False,True,True,False,True,True,False,False,False,table,False,0.8597617674258492,True,0.18795483871750346,0.2658076363391603,0.406,
A-10ml-f0.25-p+0.0-side-y0-x+0.0-y+0.0,A,approach,10,0.25,0,side,0,0,0,18,22.01284832596418,9.071233030783917,2.240207798703662,42.75528824620785,False,58.51,28.94,216526,16421,29190,0,0,0,0,8213,0,0,0,,9.401499999999999,20.575499999997398,3.5498005436225144,4.739285115795823,9.982066449414697,18.491173427175788,18.720514774164915,99.32104001902007,0.651755111086047,16421,0.9618185114879704,125.26255570234807,3.4564742032345155,30.717787042096134,-20.19460233459017,1.2569919625511947,22.324110203423363,0.514230077573104,1.0799867201154503,88.72263684589518,2.5496860137602635,0.26667866526579265,True,True,True,False,True,False,False,True,False,lift,False,0.5942941752375679,True,0.14737459241470535,0.35760755931183985,0.543,
A-10ml-f0.25-p+0.0-above-y0-x+0.0-y+3.0,A,dy,10,0.25,0,above,0,0,3,18,22.01284832596418,9.071233030783917,2.240207798703662,42.75528824620785,False,59.73,28.7,196068,12103,29797,0,0,0,0,12734,0,0,0,,9.403,20.867999999996716,4.927494404980458,7.401781178782375,9.802479959114285,18.491708280247533,18.720514774164915,99.33858316691823,0.6396557359059363,12103,0.8836035161994503,124.63640169696036,3.473484872914306,30.808222391885536,-20.29174171488596,1.1820111213750766,22.336372911903457,-2.183916985434541,3.506341471086221,24.538066430440214,5.07678523029419,99.68174911187162,True,True,True,False,True,False,False,False,False,lift,False,0.5985906855434211,True,0.2916606076711463,0.19404773738308537,0.299,
A-10ml-f0.25-p+0.0-above-y0-x-6.0-y+0.0,A,dx,10,0.25,0,above,0,-6,0,18,22.01284832596418,9.071233030783917,2.240207798703662,42.75528824620785,False,64.43,28.4,168094,9621,24720,0,0,0,0,0,0,0,0,,,,2.997305557283576,8.908702433840627,9.802562449343105,18.499227966506414,18.720514774164915,99.21795629620814,0.2283881994523465,9621,0.5230736677776345,124.83520417730203,2.5170406220154216,16.730826184089267,-6.077765520770689,4.490928921479871,21.79398289994763,,2.3080915138538267,7.8367383943640565,28.742415181988704,103.74629428065424,True,True,True,True,False,False,False,False,False,uncap,False,,False,,,0.0,
A-10ml-f0.25-p+0.0-above-y180-x+0.0-y+0.0,A,yaw,10,0.25,0,above,180,0,0,18,22.01284832596418,9.071233030783917,2.240207798703662,42.75528824620785,False,64.58,28.7,215473,16968,27960,0,0,0,0,7713,0,0,0,,9.438000000000043,20.42799999999774,3.11164203512241,3.085893333646691,9.802585310210583,18.489759340722355,18.720514774164915,99.36026140330333,-0.027128048123541137,16968,0.9735232346873864,125.74375638173285,3.634857775474949,29.510658925055502,-18.945925910437964,1.7793764994648227,22.23865518766605,0.4092629284552105,1.0291387607009705,21.51174816236644,0.8708161067539439,99.74662668277956,True,True,True,False,True,False,False,True,False,lift,False,0.17561766696700942,True,0.17785662762382634,0.19424630237851737,0.299,
A-10ml-f0.25-p+0.0-above-y0-x-3.0-y+0.0,A,dx,10,0.25,0,above,0,-3,0,18,22.01284832596418,9.071233030783917,2.240207798703662,42.75528824620785,False,65.16,28.4,202238,9711,25201,0,0,0,0,4895,0,0,0,,,,3.923803805741963,5.027580386003576,9.802445699760364,18.468040039597444,18.720514774164915,99.2751557943113,-3.9483418815279765,9711,2.0974440168720765,128.3458696112353,1.6038283078180289,19.925752216322195,-9.382185758429044,3.4853538961104618,21.959168022877304,,4.62467789505053,27.697139919220675,4.109375918884662,99.67325013945535,True,True,True,False,False,False,False,False,False,lift,False,,False,,,0.0,
A-10ml-f0.25-p+0.0-above-y0-x+0.0-y-6.0,A,dy,10,0.25,0,above,0,0,-6,18,22.01284832596418,9.071233030783917,2.240207798703662,42.75528824620785,False,67.01,31.4,273859,54423,23939,0,0,0,0,32787,0,0,0,,8.652499999999083,26.656999999983224,3.529413987217182,3.9031772376578684,9.802388274639544,18.567775029743615,18.720514774164915,99.13532765833264,4.261010197564696,54423,86.64705881141698,1.608156451422094,1.4534585048733457,17.354758713107778,-6.902373617406213,0.21086057055109647,22.495154596007374,-0.09237670134597101,0.977271843359848,32.2663692255259,3.256930275821597,99.12304224062103,True,True,True,False,True,True,False,True,False,lift,False,0.15152359883272956,False,,,3.0,
A-10ml-f0.25-p-20.0-above-y0-x+0.0-y+0.0,A,pitch,10,0.25,-20,above,0,0,0,18,22.01284832596418,9.071233030783917,2.240207798703662,42.75528824620785,False,67.98,28.4,179043,0,18706,0,2564,0,0,0,0,0,0,1.1249999999999316,,,9.136467476493136,18.71488753182628,22.77284912685216,41.450631734926674,18.720514774164915,76.19997276955772,-0.20178471496144768,0,0.015539604515317404,143.73840302992903,0.4051267171336761,43.54575720738992,-33.097714604866646,1.5232829597319362,22.28055377899292,,0.20191249729215416,25.397630364436544,15.304707312533127,79.25030397452583,False,True,False,False,False,False,False,False,False,table,False,,False,,,0.0,
A-10ml-f0.25-p+0.0-above-y270-x+0.0-y+0.0,A,yaw,10,0.25,0,above,270,0,0,18,22.01284832596418,9.071233030783917,2.240207798703662,42.75528824620785,False,68.74,28.4,212737,12956,30996,0,0,0,0,19603,0,0,0,,9.42700000000003,,5.071288749958982,4.879894304840847,9.80244587330479,18.49050473622529,18.720514774164915,99.29153528333113,1.3886985532597929,12956,0.883419671277723,124.47820298447657,3.686344556399324,32.92819881133118,-22.341848925378745,2.34969686838934,22.145302730179267,,1.879121029286757,26.6551042422567,2.3244344568643216,99.32281834360664,True,True,True,False,True,False,False,False,False,lift,False,0.44666202203250194,False,,,0.0,
A-10ml-f0.25-p-5.0-above-y0-x+0.0-y+0.0,A,pitch,10,0.25,-5,above,0,0,0,18,22.01284832596418,9.071233030783917,2.240207798703662,42.75528824620785,False,69.54,28.4,194698,4968,24743,0,1789,0,0,0,0,0,0,1.4349999999998975,,,3.766582569919677,8.42303843424881,9.796329258657844,22.698028639733753,18.720514774164915,94.92909590213439,-1.6163870350529297,4968,1.103098803022131,133.53237834734296,1.7940638097421955,29.753250190423735,-19.261725271077488,4.16047216635871,21.848312051770478,,5.02907171393249,28.08160324703585,88.40976751360316,11.103978615625039,False,True,True,False,False,False,False,False,False,table,False,,False,,,0.0,
A-10ml-f0.25-p+5.0-above-y0-x+0.0-y+0.0,A,pitch,10,0.25,5,above,0,0,0,18,22.01284832596418,9.071233030783917,2.240207798703662,42.75528824620785,False,72.09,28.4,200161,15905,30390,0,0,0,0,0,0,0,0,,,,2.7949075915656167,2.7690984745342093,9.802509975206306,18.063540246164735,18.720514774164915,99.94187354932427,0.2132368117671382,15905,1.1880636456988243,126.7005605975009,3.542934797822471,29.922068867329244,-19.500872413467512,3.7771114650042077,21.91128209263141,,0.19997145159794588,18.833076455885895,4.957040986012385,99.84504517701777,True,True,True,True,False,False,False,False,False,uncap,False,,False,,,0.0,
A-10ml-f0.25-p+0.0-above-y0-x+0.0-y-3.0,A,dy,10,0.25,0,above,0,0,-3,18,22.01284832596418,9.071233030783917,2.240207798703662,42.75528824620785,False,74.42,31.4,220066,16276,28367,0,0,0,0,8956,0,0,0,,9.413000000000013,26.724999999983066,2.2771717327647263,2.403494475219254,9.802542088104834,18.47379324195754,18.720514774164915,99.4610183002317,0.5466787987354129,16276,1.0177499392667333,125.4576941272314,3.5847873691638865,30.019364603628276,-19.475418472541694,1.47347285767343,22.288701830841955,-0.197100502299091,0.8495505370772215,24.283533827617894,0.7408889061897918,99.81200171000074,True,True,True,True,True,False,False,True,False,cap_away,False,0.638898193105835,False,,,3.0,
A-10ml-f0.25-p+0.0-above-y0-x+3.0-y+0.0,A,dx,10,0.25,0,above,0,3,0,18,22.01284832596418,9.071233030783917,2.240207798703662,42.75528824620785,False,74.76,28.4,190484,10086,31229,0,0,0,0,54730,0,0,0,,8.565999999998978,,7.67501833301358,14.843841832760118,9.802389093697695,18.50220107476768,18.720514774164915,99.31976828460135,2.6800546618493404,10086,1.13681367287083,129.56132723776554,9.537586547247892,32.693794073512365,-22.662364674160898,4.69151805973294,21.76098101162981,,4.329186111358909,24.98448441472377,8.59688199069411,100.02773727787806,True,True,True,False,True,False,False,False,False,lift,False,0.4068254693122239,False,,,0.0,
A-10ml-f0.25-p-10.0-above-y0-x+0.0-y+0.0,A,pitch,10,0.25,-10,above,0,0,0,18,22.01284832596418,9.071233030783917,2.240207798703662,42.75528824620785,False,78.57,28.4,209995,2073,20406,0,2136,0,0,1774,0,0,0,1.302499999999912,,,9.09595329783823,13.597275784983818,10.78056305349019,29.026306395568447,18.720514774164915,88.60116554153258,-0.1985397209951431,2073,0.03183845760503175,136.02088785003954,0.8946551190885673,18.23753314693966,-7.440610858962748,11.889561651348073,20.55764529107455,,0.2000274243819328,22.048500273621833,14.655154867120103,91.0150531029255,False,True,False,False,False,False,False,False,False,table,False,,False,,,0.0,
A-10ml-f0.25-p+10.0-above-y0-x+0.0-y+0.0,A,pitch,10,0.25,10,above,0,0,0,18,22.01284832596418,9.071233030783917,2.240207798703662,42.75528824620785,False,80.93,28.4,231438,12165,24454,0,0,0,0,64518,0,0,0,,,,9.289219924942703,14.505155114413066,9.802375596271139,18.412005890794926,18.720514774164915,99.32818554170548,-4.5567062856499,12165,1.5727119933739107,128.6732482623205,1.3686968802401995,8.081807308556117,2.449363633110227,10.669541258283877,20.765024916033735,,0.20111617378076502,29.11659221785385,15.408860359477929,101.06362349615488,True,True,True,False,False,False,False,False,False,lift,False,,False,,,0.0,
A-10ml-f0.25-p+0.0-diagonal-y0-x+0.0-y+0.0,A,approach,10,0.25,0,diagonal,0,0,0,18,22.01284832596418,9.071233030783917,2.240207798703662,42.75528824620785,False,83.43,31.4,240917,16766,30115,0,0,0,0,14802,0,0,0,,9.39449999999999,22.823999999992157,3.2546240218537243,2.8392523148192224,7.000316751210305,18.486776103595595,18.720514774164915,99.36170850338281,0.6435090574107988,16766,0.8769746959063562,125.0552393936095,3.4773936721492107,30.88170195345001,-20.36865455442928,1.170837824744374,22.338200186042062,-0.19716555039542139,1.0126997324001101,68.61183249558458,0.40269763065492903,70.530068671627,True,True,True,False,True,False,False,True,False,lift,False,0.623682093725887,False,,,3.0,
A-10ml-f0.25-p+0.0-above-y0-x+0.0-y+6.0,A,dy,10,0.25,0,above,0,0,6,18,22.01284832596418,9.071233030783917,2.240207798703662,42.75528824620785,False,85.69,28.4,224927,10228,23475,0,0,0,0,0,0,0,0,,,,1.9298075540792738,4.216685513640806,9.802373008605814,18.487478292721786,18.720514774164915,99.1505852839943,-3.277647288452215,10228,1.746092113216555,128.38731032721236,1.5775030623500959,18.072052480382276,-7.56501580997164,2.5964073848379496,22.104897557365238,,4.078753792028431,13.514887748092475,6.015720147396967,99.49753709034634,True,True,True,True,False,False,False,False,False,uncap,False,,False,,,0.0,
A-10ml-f0.25-p+0.0-above-y0-x+0.0-y+0.0,A,nominal,10,0.25,0,above,0,0,0,18,22.01284832596418,9.071233030783917,2.240207798703662,42.75528824620785,False,86.58,28.4,210106,17214,28615,0,0,0,0,12341,0,0,0,,9.401499999999999,,3.0920958811263173,2.8344001127405494,9.802543118865792,18.48938593003238,18.720514774164915,99.36278938280293,0.6809615629169499,17214,0.9428498937220121,125.39856075360248,3.4937470870740865,30.28639601462395,-19.758133569585446,1.2968201993576556,22.31759622833798,,1.355796446635689,20.44468940621594,0.6340601726993982,99.80703748048619,True,True,True,False,True,False,False,False,False,lift,False,0.6162506921542998,False,,,0.0,
A-10ml-f0.25-p+0.0-above-y0-x+6.0-y+0.0,A,dx,10,0.25,0,above,0,6,0,18,22.01284832596418,9.071233030783917,2.240207798703662,42.75528824620785,False,88.42,28.4,262092,7328,119861,2358,0,0,0,81058,0,0,0,,8.402499999998778,,4.794923096660493,7.97612780485847,9.802563033724729,17.552801693421824,18.720514774164915,100.17560282428722,5.1156203730473235,7328,1.0142785631723348,127.51192796070599,9.652877237136192,26.804353493870707,-16.884795178805685,5.059096536090102,21.70045541086195,,3.464090750386794,18.48008534816008,6.931917445765575,101.83937152367857,True,True,True,False,True,False,False,False,False,lift,False,0.2846458969402278,False,,,0.0,
A-10ml-f0.25-p+0.0-above-y90-x+0.0-y+0.0,A,yaw,10,0.25,0,above,90,0,0,18,22.01284832596418,9.071233030783917,2.240207798703662,42.75528824620785,False,88.86,28.4,196296,10613,26795,0,0,0,0,24794,0,0,0,,,,6.42632156390389,10.949719729218291,9.802441662385823,18.490227822012713,18.720514774164915,99.3064583963359,-1.7583081748594533,10613,1.1511386008500124,128.54974058365937,3.2875552942132544,28.232045768690757,-17.661623072796896,1.9783064031556918,22.206100999446026,,3.0309918138003162,24.79765265020435,5.243706643006716,99.76834750875237,True,True,True,False,False,False,False,False,False,lift,False,,False,,,0.0,
A-10ml-f0.50-p+0.0-above-y0-x+0.0-y-6.0,A,dy,10,0.5,0,above,0,0,-6,18,22.01284832596418,18.142466061567834,4.480415597407324,47.89775430777567,False,36.65,28.4,175526,25536,22228,0,0,0,0,0,0,0,0,,9.390999999999986,,1.817319289501189,1.8362852828664213,9.80278968181052,18.468773379871912,18.720514774164915,99.2749434514357,0.04618949647423182,25536,82.30130499271574,5.67582413927831,1.5947159367271575,21.7584110022184,-2.1815593775956903,2.171572426788281,13.103233182973424,,3227.215511265248,14.30776619926287,0.6133382870586567,100.26755680317449,True,True,True,True,True,False,False,False,False,cap_away,False,0.4773556837672642,False,,,0.0,
A-10ml-f0.50-p+10.0-above-y0-x+0.0-y+0.0,A,pitch,10,0.5,10,above,0,0,0,18,22.01284832596418,18.142466061567834,4.480415597407324,47.89775430777567,False,60.43,28.4,158033,10171,17554,0,0,0,0,0,0,0,0,,,,5.42436476938431,11.80407494395412,9.802907142543821,18.418976264185925,18.720514774164915,99.30585563671059,-0.27698801972746157,10171,0.012428245939351363,124.80123840161185,0.9017371142222934,28.926150268454723,-9.449151966013897,6.602043721592567,12.374350113149552,,2.9604799669311905,24.071955090393377,10.07501677823007,100.14007201141389,True,True,True,False,False,False,False,False,False,lift,False,,False,,,0.0,
A-10ml-f0.50-p-10.0-above-y0-x+0.0-y+0.0,A,pitch,10,0.5,-10,above,0,0,0,18,22.01284832596418,18.142466061567834,4.480415597407324,47.89775430777567,False,68.12,28.4,179088,1868,11103,0,2128,0,0,2558,0,0,0,1.302499999999912,,,9.650737351360101,15.55341988889046,10.957081286878463,28.988924389667172,18.720514774164915,88.62285478569667,-0.1975821973449407,1868,0.02400261879127118,136.03719143085476,0.5038209621818792,35.081118752329786,-15.14971167657525,11.657520427763485,11.525992067239663,,0.2000601529716344,23.17053960905151,11.851085916622356,90.39654584518098,False,True,False,False,False,False,False,False,False,table,False,,False,,,0.0,
A-10ml-f0.50-p+0.0-side-y0-x+0.0-y+0.0,A,approach,10,0.5,0,side,0,0,0,18,22.01284832596418,18.142466061567834,4.480415597407324,47.89775430777567,False,61.72,28.4,200316,12467,34712,0,0,0,0,592,0,0,0,,9.431500000000035,,5.112144494927547,6.864695446516231,10.423752890582332,18.469719098280926,18.720514774164915,99.39998075807956,1.0553919195402592,12467,0.9918344769698753,125.63155242196036,3.9336446877742413,40.90809613591287,-21.323203406442698,0.9318554835478106,13.306046921000384,,12.619584253264293,90.85055338027088,1.0591388187437467,-0.1551606690652672,True,True,True,False,True,False,False,False,False,lift,False,0.08779305878392976,False,,,0.0,
A-10ml-f0.50-p-5.0-above-y0-x+0.0-y+0.0,A,pitch,10,0.5,-5,above,0,0,0,18,22.01284832596418,18.142466061567834,4.480415597407324,47.89775430777567,False,71.5,28.76,185568,8136,19484,0,1604,0,0,0,0,0,0,1.4349999999998975,9.382999999999976,19.859999999999065,2.9737650414167893,4.527828055076423,9.801478250600672,22.712187343455923,18.720514774164915,94.91902102356836,0.06215902680965085,8136,0.6400200682233332,129.93970285741617,0.7799038823538841,20.484484556724443,-1.0161566242851556,3.8817137383398825,12.82287306417391,0.5033556527422913,7.639665448571522,17.35260478539482,5.332097116289609,96.12017408957695,False,True,True,True,True,False,False,False,False,table,False,1.615519358001248,True,0.18592955184103077,0.2356628468612182,0.361,
A-10ml-f0.50-p+0.0-above-y0-x+0.0-y+0.0,A,nominal,10,0.5,0,above,0,0,0,18,22.01284832596418,18.142466061567834,4.480415597407324,47.89775430777567,False,69.25,31.4,239729,16629,34260,0,0,0,0,11125,0,0,0,,9.43550000000004,22.82649999999215,3.2462731378954546,2.177444080690429,9.80309961731567,18.46259614213675,18.720514774164915,99.4066834567251,1.0184753518746592,16629,1.026737381257501,125.9270306057957,4.050545090274223,41.012240308652565,-21.432967971115477,0.8317328242299424,13.322417899230874,-0.18130886820898315,1.0093283543059115,18.43888338820108,0.04850895012289716,99.75811884817723,True,True,True,False,True,False,False,True,False,lift,False,0.10078195298351597,False,,,3.0,
A-10ml-f0.50-p+0.0-above-y0-x+0.0-y+3.0,A,dy,10,0.5,0,above,0,0,3,18,22.01284832596418,18.142466061567834,4.480415597407324,47.89775430777567,False,45.39,31.4,94494,84372,13617,0,0,0,0,0,0,0,0,,8.03599999999833,22.75049999999233,0.8071298997912827,2.7302452917436013,9.797855597112887,18.43872339737452,18.720514774164915,99.30719239283746,5.290099576119034,84372,88.9839993143307,0.17019772869818842,0.5325432105284544,13.4434880330404,6.087152635655416,1.591427881340798,13.19817283137635,-0.1188653993149548,1.0010583797580292,3.7994444148022706,0.2385315609441396,0.03126481524707098,True,True,True,True,True,True,False,True,True,reach_liquid,False,0.13546155494410567,False,,,3.0,
A-10ml-f0.50-p-20.0-above-y0-x+0.0-y+0.0,A,pitch,10,0.5,-20,above,0,0,0,18,22.01284832596418,18.142466061567834,4.480415597407324,47.89775430777567,False,84.74,28.4,188779,0,14811,0,2564,0,0,0,0,0,0,1.1249999999999316,,,1.3695909443659677,1.7407434079989292,22.818530689440827,41.47739491751775,18.720514774164915,76.17528442210407,-0.20149996497945827,0,0.015203643708252506,143.730510184011,0.41398081147185783,44.613061039064576,-25.09167632905279,1.5757624826208048,13.200735618506728,,0.2000929559338681,1.6045129741346595,0.46926374491924683,0.07028175958850427,False,True,False,False,False,False,False,False,True,table,False,,False,,,0.0,
A-10ml-f0.50-p+5.0-above-y0-x+0.0-y+0.0,A,pitch,10,0.5,5,above,0,0,0,18,22.01284832596418,18.142466061567834,4.480415597407324,47.89775430777567,False,74.61,28.4,212958,12693,46289,0,0,0,0,7651,0,0,0,,,,4.206224696258322,3.0151159420376805,9.803111748744984,18.31789349197662,18.720514774164915,99.7687662964585,-1.0062960567489496,12693,1.0862456509099458,127.84560038311655,3.398971075767977,39.04774841265531,-19.586954468515895,4.084293641355396,12.789596649086526,,0.939610565134752,26.154697042167673,4.176428322021723,100.55418390576786,True,True,True,False,False,False,False,False,False,lift,False,,False,,,0.0,
A-10ml-f0.50-p+0.0-above-y0-x-6.0-y+0.0,A,dx,10,0.5,0,above,0,-6,0,18,22.01284832596418,18.142466061567834,4.480415597407324,47.89775430777567,False,65.11,28.4,152940,10027,23206,0,0,0,0,0,0,0,0,,,,2.768971743524654,8.034541456437706,9.803124527205012,18.50041698193281,18.720514774164915,99.21096268249185,-0.1898512642637823,10027,0.03213505347283944,125.48278183473808,2.071160542355789,22.468156338771802,-2.7947905643046638,4.326386389268902,12.749807613553795,,2.2425007453477344,14.576795260488026,14.291578151274152,99.17578946731611,True,True,True,True,False,False,False,False,False,uncap,False,,False,,,0.0,
A-10ml-f0.50-p+0.0-above-y0-x+0.0-y-3.0,A,dy,10,0.5,0,above,0,0,-3,18,22.01284832596418,18.142466061567834,4.480415597407324,47.89775430777567,False,53.85,28.86,179023,69690,22422,0,0,0,0,0,0,0,0,,8.111499999998422,21.5619999999951,2.8016821030253714,1.5231784201166354,9.797905748084105,18.517770146422254,18.720514774164915,99.16093806991344,5.140451934836719,69690,87.31080906792816,0.11976787144638636,1.5475851711112436,21.082863333804664,-1.5473963576514427,0.6693819257806467,13.348962047148081,4.135659425152063,4.267116188087344,19.296029894040835,0.5975685820227953,0.09205659775403274,True,True,True,True,True,True,False,False,False,reach_liquid,False,0.12253459975406904,True,0.11635339686339387,0.3009734892540505,0.459,
A-10ml-f0.50-p+0.0-above-y0-x+0.0-y+6.0,A,dy,10,0.5,0,above,0,0,6,18,22.01284832596418,18.142466061567834,4.480415597407324,47.89775430777567,False,54.23,31.4,265980,32415,22922,0,0,0,0,0,0,0,0,,9.440000000000046,22.821999999992162,1.4597219107949968,1.8397640522068428,9.802970975146076,18.439585994986402,18.720514774164915,99.17766831429367,-0.23531529865247758,32415,78.54316813803338,8.758766484526744,1.150935132541692,22.25192625413546,-2.7158769200350124,1.3440842540619269,13.238632815442159,0.14505409384122606,0.6209744334222059,10.137898831625968,4.173591693819803,99.42647113003532,True,True,True,True,True,False,False,True,False,cap_away,False,0.2716021154273792,False,,,3.0,
A-10ml-f0.50-p+20.0-above-y0-x+0.0-y+0.0,A,pitch,10,0.5,20,above,0,0,0,18,22.01284832596418,18.142466061567834,4.480415597407324,47.89775430777567,False,78.68,28.4,166937,9396,20715,0,2374,0,0,0,0,0,0,1.5274999999998873,,,8.987683540047996,21.440447738572686,9.802742010980044,20.134598764632166,18.720514774164915,97.54696286136416,-2.938413475272898,9396,2.3500295334164423,126.39545600248714,1.820150145313953,18.653373936942035,0.6750875140626167,18.275199520921454,10.36532447461824,,4.406807480629522,22.31397527897454,19.80905851427149,99.66856226861279,False,True,True,False,False,False,False,False,False,table,False,,False,,,0.0,
A-10ml-f0.50-p+0.0-diagonal-y0-x+0.0-y+0.0,A,approach,10,0.5,0,diagonal,0,0,0,18,22.01284832596418,18.142466061567834,4.480415597407324,47.89775430777567,False,78.04,28.4,193580,13428,32645,0,0,0,0,9786,0,0,0,,9.439500000000045,,5.0460639062270305,5.704594576250001,7.0008388431973545,18.486846683229682,18.720514774164915,99.37623511785438,0.8746588832739544,13428,1.014910546189907,126.06206326973918,3.1733928609577786,39.48315277067652,-19.90546570430468,1.0266544495453107,13.29054555961384,,9.291677560434135,77.03651226838946,0.1682322725988949,70.29218122643927,True,True,True,False,True,False,False,False,False,lift,False,0.11056457791727771,False,,,0.0,
A-10ml-f0.50-p+0.0-above-y270-x+0.0-y+0.0,A,yaw,10,0.5,0,above,270,0,0,18,22.01284832596418,18.142466061567834,4.480415597407324,47.89775430777567,False,74.02,31.4,240634,16329,36638,0,0,0,0,11902,0,0,0,,9.416500000000017,22.827999999992148,3.2794266362056907,2.1061683841274315,9.803099064723094,18.468449708626217,18.720514774164915,99.40269476506599,0.314316948249814,16329,0.9007682803662154,125.00298475381949,4.12907134867484,40.828961841272026,-21.237147531539254,1.079679778158347,13.281874555013228,-0.19772518229770497,1.0111425539552656,17.701366419225366,0.025421340935969084,99.75374817132042,True,True,True,False,True,False,False,True,False,lift,False,0.6105268834802813,False,,,3.0,
A-10ml-f0.50-p+0.0-above-y180-x+0.0-y+0.0,A,yaw,10,0.5,0,above,180,0,0,18,22.01284832596418,18.142466061567834,4.480415597407324,47.89775430777567,False,79.31,31.4,208962,16157,31872,0,0,0,0,5339,0,0,0,,9.424500000000027,26.806499999982876,3.771457539234138,2.7176221985360116,9.797980152369234,18.486880189893967,18.720514774164915,99.37132127298486,1.1368615898786836,16157,1.0654380000635773,125.99385088888023,3.0384851471582857,38.940248072103415,-19.362216495541887,1.0672601300785993,13.283905513382496,-0.18969711065926828,0.9960853347539952,18.8786951886843,0.00013496106409844122,-0.0016049759635235802,True,True,True,False,True,False,False,True,False,lift,False,0.11978810835860797,False,,,3.0,
A-10ml-f0.50-p+0.0-above-y90-x+0.0-y+0.0,A,yaw,10,0.5,0,above,90,0,0,18,22.01284832596418,18.142466061567834,4.480415597407324,47.89775430777567,False,84.44,28.4,193257,13257,32749,0,0,0,0,19714,0,0,0,,9.425000000000027,,6.298560048079565,8.604692052244822,9.803018502734238,18.486560434955724,18.720514774164915,99.37210902445955,1.1835151808025357,13257,1.029010879567252,126.04361428535401,3.209263259431011,39.52685821693433,-19.95300276281488,0.9744547115111087,13.299081277926037,,12.410535523060519,27.549652351045964,6.582570701795747,100.10381791551708,True,True,True,False,True,False,False,False,False,lift,False,0.12784134981763873,False,,,0.0,
A-10ml-f0.50-p+0.0-above-y0-x-3.0-y+0.0,A,dx,10,0.5,0,above,0,-3,0,18,22.01284832596418,18.142466061567834,4.480415597407324,47.89775430777567,False,77.52,28.7,235097,13377,24227,0,0,0,0,0,0,0,0,,9.449000000000057,20.477499999997626,2.730266050070707,7.32982268795612,9.802996755749515,18.425073280800987,18.720514774164915,99.25163805794426,-0.25288120593468244,13377,0.8503387031014658,122.36781339330327,1.2059856474852508,25.079429181896167,-5.532110147729669,2.211148260399935,13.096754230418735,0.38050022184456866,6.331715965345921,20.175922434853927,4.1610244557844025,99.30452603361289,True,True,True,True,True,False,False,False,False,cap_away,False,0.45722536018381227,True,0.3208843046442471,0.1938503668513844,0.299,
A-10ml-f0.50-p+0.0-above-y0-x+6.0-y+0.0,A,dx,10,0.5,0,above,0,6,0,18,22.01284832596418,18.142466061567834,4.480415597407324,47.89775430777567,False,74.07,31.4,183118,14349,32588,0,0,0,0,49780,0,0,0,,8.415999999998794,22.923499999991925,8.198954095862954,10.334864682115787,9.803084192547148,18.491585544694637,18.720514774164915,99.20472806687451,2.7929217734916634,14349,1.1110371767886207,130.01610766199352,8.124777095464342,40.566827691359286,-20.863100765327076,1.4736251776406466,13.217443883766808,-0.24095660481899686,0.9577562919322775,30.02934651770338,9.612331888618174,101.01437516919243,True,True,True,False,True,False,False,True,False,lift,False,0.7672315401896196,False,,,3.0,
A-10ml-f0.50-p+0.0-above-y0-x+3.0-y+0.0,A,dx,10,0.5,0,above,0,3,0,18,22.01284832596418,18.142466061567834,4.480415597407324,47.89775430777567,False,87.06,28.4,177872,8972,16377,0,0,0,0,46111,0,0,0,,21.73799999999469,,5.177484225548733,10.424053030791315,9.803063013804254,18.501397104785426,18.720514774164915,99.25607069642237,-2.5688384441136107,8972,4.08708354021418,131.67781830594708,9.97090899672459,27.356920523785075,-9.119189934876411,9.82280903772796,11.836733089071888,,10.623013674488103,22.717681907305067,3.6054139031462733,99.9517344357305,True,True,True,False,False,False,False,False,False,lift,False,-0.011791057314827954,False,,,0.0,
A-10ml-f0.80-p-20.0-above-y0-x+0.0-y+0.0,A,pitch,10,0.8,-20,above,0,0,0,18,22.01284832596418,29.027945698508535,7.16866495585172,58.783233944716386,False,62.72,28.4,167361,0,10340,0,2564,0,0,0,0,0,0,1.1249999999999316,,,0.8543871399112862,1.1090700712106873,22.801409068248887,41.47089733233365,18.720514774164915,76.16666670019856,-0.20016976218809046,0,0.014695379460461974,143.50291591623989,0.8982837878274039,46.144407215926115,-15.724605355090112,1.105736706643921,2.3921338303802924,,0.2002803546682446,5.765706655272316,5.033577757973609,0.8158011123256579,False,True,False,False,False,False,False,False,False,table,False,,False,,,0.0,
A-10ml-f0.80-p+5.0-above-y0-x+0.0-y+0.0,A,pitch,10,0.8,5,above,0,0,0,18,22.01284832596418,29.027945698508535,7.16866495585172,58.783233944716386,False,54.31,31.4,195291,71246,21816,0,0,0,0,0,0,0,0,,7.953499999998312,23.13099999999144,5.851795169547368,4.511687698511491,9.803715536532948,18.334301443261634,18.720514774164915,99.37788677509086,5.863607242973329,71246,88.95371196704325,1.0966605787175883,0.8951414144182352,27.630107858816796,2.7317480180530374,4.680975738094304,1.8060032823525503,-0.20313530748017616,1.0171824912391942,16.62314979398424,4.971917661275832,100.00093036214123,True,True,True,False,True,True,False,True,False,lift,False,0.1498866154940532,False,,,3.0,
A-10ml-f0.80-p+0.0-above-y0-x+0.0-y-3.0,A,dy,10,0.8,0,above,0,0,-3,18,22.01284832596418,29.027945698508535,7.16866495585172,58.783233944716386,False,34.89,28.7,94239,88224,2673,0,0,0,0,0,0,0,0,,8.031999999998325,20.113499999998474,0.5409915089415727,1.33241071639742,9.797905744074779,18.47699311624334,18.720514774164915,99.19754632317051,5.304414342476589,88224,88.19496297738733,0.1138589790405356,0.18088594173554925,21.015654794197193,9.388391169766821,0.317615582980598,2.5209902615098794,0.22830732020505284,0.8468286755885921,3.5063401247608907,0.10601180348468643,0.009573756964615331,True,True,True,True,True,True,False,True,True,reach_liquid,False,0.13631393086890534,True,0.11996802176910944,0.19430282743708294,0.299,
A-10ml-f0.80-p-10.0-above-y0-x+0.0-y+0.0,A,pitch,10,0.8,-10,above,0,0,0,18,22.01284832596418,29.027945698508535,7.16866495585172,58.783233944716386,False,66.9,28.4,134658,1244,16200,0,2064,0,0,57,0,0,0,1.302499999999912,,,0.8244979918975953,3.309269668857136,11.068535803752438,28.964780055816544,18.720514774164915,88.62024536211257,-0.19865414906124895,1244,0.023314280222958002,136.04599378667143,1.7784662349819313,43.86327698137648,-13.365455745673355,2.7791154177331583,2.118251676760557,,3.384096440848229,94.25891653518909,89.53235959301826,11.116715322271448,False,True,False,False,False,False,False,False,False,table,False,,False,,,0.0,
A-10ml-f0.80-p+0.0-above-y0-x+0.0-y+0.0,A,nominal,10,0.8,0,above,0,0,0,18,22.01284832596418,29.027945698508535,7.16866495585172,58.783233944716386,False,62.97,28.4,200503,10253,23258,0,0,0,0,0,0,0,0,,9.538000000000165,,5.075547981717184,2.990443554339274,9.803714372579135,18.48765841002814,18.720514774164915,99.2025426398994,0.023375152096972995,10253,1.0029719499982253,125.28232189229438,6.64005041529235,44.00410727717298,-13.77997934618677,1.9308246705085084,2.2571592324333825,,2.4559158160434613,18.45706405477835,0.3538557160939609,99.37553355531503,True,True,True,False,False,False,False,False,False,lift,False,0.09795172574021065,False,,,0.0,
A-10ml-f0.80-p+20.0-above-y0-x+0.0-y+0.0,A,pitch,10,0.8,20,above,0,0,0,18,22.01284832596418,29.027945698508535,7.16866495585172,58.783233944716386,False,63.67,28.4,126146,8987,24171,0,2523,0,0,1,0,0,0,1.5274999999998873,,,6.769724216212161,15.694457495266668,9.797520183475214,20.133481591682198,18.720514774164915,97.54920394011826,-3.6778145226701033,8987,0.17084000606419283,129.46344485414835,2.5023000463021114,43.46329002811974,-12.343275343888655,11.516343081469351,0.6645609465046407,,5.782482592829259,13.520508152709791,0.18452605894316687,0.0239491955493417,False,True,True,False,False,False,False,False,False,table,False,,False,,,0.0,
A-10ml-f0.80-p+10.0-above-y0-x+0.0-y+0.0,A,pitch,10,0.8,10,above,0,0,0,18,22.01284832596418,29.027945698508535,7.16866495585172,58.783233944716386,False,64.36,28.4,140113,8958,14248,0,0,0,0,0,0,0,0,,,,8.01348341178128,14.352517466428008,9.803624974968054,18.421530941492254,18.720514774164915,99.29371519301843,-4.20193795546956,8958,1.1556050366092112,128.75255214379547,6.086224155517746,44.778292212661135,-14.616437541440957,2.41469537287554,2.177946337360217,,5.04458773902062,19.838259351803917,15.089827750926164,101.15631448916488,True,True,True,False,False,False,False,False,False,lift,False,,False,,,0.0,
A-10ml-f0.80-p+0.0-side-y0-x+0.0-y+0.0,A,approach,10,0.8,0,side,0,0,0,18,22.01284832596418,29.027945698508535,7.16866495585172,58.783233944716386,False,62.61,28.7,193928,13284,22495,0,0,0,0,13007,0,0,0,,9.459000000000069,21.563999999995094,6.021097077651468,9.332966224703247,10.297318281342575,18.487595899515505,18.720514774164915,99.20248269260081,0.810223556423767,13284,1.0127253355016363,125.70062672435817,6.312175555756342,44.150482655249476,-13.91114495453466,1.8470634501915177,2.2708666130189337,-2.087233106635859,3.9220756824983476,90.23292358127159,6.308861265568246,0.7989780087273426,True,True,True,False,True,False,False,False,False,lift,False,0.451122286145963,True,0.18147377875842075,0.19421936168032303,0.299,
A-10ml-f0.80-p+0.0-above-y0-x+0.0-y-6.0,A,dy,10,0.8,0,above,0,0,-6,18,22.01284832596418,29.027945698508535,7.16866495585172,58.783233944716386,False,46.4,31.4,173122,73809,17794,0,0,0,0,0,0,0,0,,8.034999999998329,23.27399999999111,1.8888988024497941,2.6799303236836605,9.803661587246658,18.526912228426173,18.720514774164915,99.16135786179832,5.967928334940198,73809,86.38983305000322,0.5256572221123197,0.33707493580390846,26.553294236434667,3.8489845899162267,0.9605862044500818,2.4158693787543783,-0.22155149072932606,0.9544072904457853,23.730339517137523,3.823643933922871,99.54148580505513,True,True,True,True,True,True,False,True,False,reach_liquid,False,0.16132628362743948,False,,,3.0,
A-10ml-f0.80-p+0.0-above-y180-x+0.0-y+0.0,A,yaw,10,0.8,0,above,180,0,0,18,22.01284832596418,29.027945698508535,7.16866495585172,58.783233944716386,False,60.26,28.4,194507,52404,30185,0,0,0,0,0,0,0,0,,8.220499999998555,,4.845350035385223,2.4933545892298206,9.80374123722575,18.487659758546208,18.720514774164915,99.2087104749666,3.5382527860639557,52404,86.59612957743362,3.027666553585426,4.327140981098759,42.9316007691061,-12.548547494797917,0.53405490559001,2.485606830218878,,5.189433044053641,17.279149481591162,0.14875873902789,99.54742705979507,True,True,True,False,True,True,False,False,False,lift,False,0.19968400737369804,False,,,0.0,
A-10ml-f0.80-p-5.0-above-y0-x+0.0-y+0.0,A,pitch,10,0.8,-5,above,0,0,0,18,22.01284832596418,29.027945698508535,7.16866495585172,58.783233944716386,False,74.29,28.4,141844,10769,30340,0,1812,0,0,0,0,0,0,1.4349999999998975,,,2.756592365984844,7.243017606470797,9.796281852791106,22.732844835159035,18.720514774164915,94.89560075067281,-0.19439823656876298,10769,0.014033259258237495,130.49706060108494,3.707648817410023,42.990941057644,-12.610464411712401,4.938297462708539,1.7636409005065257,,0.18893341845875786,170.17639091223342,90.00346708325155,11.024103309259033,False,True,True,True,False,False,False,False,False,table,False,,False,,,0.0,
A-10ml-f0.80-p+0.0-above-y0-x-3.0-y+0.0,A,dx,10,0.8,0,above,0,-3,0,18,22.01284832596418,29.027945698508535,7.16866495585172,58.783233944716386,False,57.3,31.4,215760,45509,20043,0,0,0,0,0,0,0,0,,9.382499999999975,22.78849999999224,1.7676038550513202,1.6874843206969226,9.803762028308164,18.425153008418455,18.720514774164915,99.28905098431748,0.33137807282417053,45509,82.07010535341186,5.355463852977353,1.2844193363545142,31.5470004505631,-1.117237880997407,1.154323664441486,2.3841882074218095,-0.012454584572640386,0.9863273503761599,20.69243510095066,0.3378842154436153,99.70190171579604,True,True,True,True,True,False,False,True,False,cap_away,False,0.40943274529040735,False,,,3.0,
A-10ml-f0.80-p+0.0-above-y0-x-6.0-y+0.0,A,dx,10,0.8,0,above,0,-6,0,18,22.01284832596418,29.027945698508535,7.16866495585172,58.783233944716386,False,66.9,28.4,131782,13601,22307,0,0,0,0,0,0,0,0,,,,1.904105448619509,5.633145459674269,9.80379019600882,18.496324373188337,18.720514774164915,99.2073264333119,-0.14797247127526503,13601,0.8230479186201064,125.82961878295446,2.884414717509286,42.6820376276044,-12.193208766506647,5.424750375836866,1.683465811103986,,0.2058594572404935,12.472758567722705,14.703407255486095,100.95988872264682,True,True,True,True,False,False,False,False,False,uncap,False,,False,,,0.0,
A-10ml-f0.80-p+0.0-above-y0-x+3.0-y+0.0,A,dx,10,0.8,0,above,0,3,0,18,22.01284832596418,29.027945698508535,7.16866495585172,58.783233944716386,False,64.22,28.4,163286,12218,16684,0,0,0,0,43164,0,0,0,,8.672999999999108,,6.64294593792505,11.69097879509241,9.803680748091734,18.498551022563756,18.720514774164915,99.20123475125357,6.352088598802548,12218,0.8798579286114843,127.78317300179579,9.283963688396078,34.14477671217703,-5.114714168509671,11.283779366608227,0.7041239834472924,,2.6633348445387908,23.167482732615184,5.499597069233103,99.92531225649735,True,True,True,False,True,False,False,False,False,lift,False,1.0211639968920154,False,,,0.0,
A-10ml-f0.80-p+0.0-above-y0-x+0.0-y+3.0,A,dy,10,0.8,0,above,0,0,3,18,22.01284832596418,29.027945698508535,7.16866495585172,58.783233944716386,False,58.92,28.4,146991,61726,24746,0,0,0,0,0,0,0,0,,7.872999999998356,,3.293900084948273,3.234847621267096,9.803705837089115,18.46705676938275,18.720514774164915,99.23170030468901,5.296354278060779,61726,88.84797334634719,1.1265242719637893,2.005778811396358,41.33967237187723,-10.994823778854135,1.9207157681755418,2.2588136075566223,,6.855627320112772,18.371245205151485,3.1997051386360007,99.68369524501571,True,True,True,False,True,True,False,False,False,lift,False,0.14451543204467282,False,,,0.0,
A-10ml-f0.80-p+0.0-above-y90-x+0.0-y+0.0,A,yaw,10,0.8,0,above,90,0,0,18,22.01284832596418,29.027945698508535,7.16866495585172,58.783233944716386,False,77.45,28.4,208311,16616,30853,0,0,0,0,5684,0,0,0,,,,4.502197201172871,4.533858331357591,9.80377486046189,18.487482698520456,18.720514774164915,99.2027163837315,-0.8564323362540358,16616,1.2029460003257824,128.28061252174214,4.347765460708909,42.908849431224894,-12.484212168481251,0.4354719836619439,2.501723383039905,,0.20007983827235432,17.05657233642144,0.06596223234178465,99.82386163228627,True,True,True,False,False,False,False,False,False,lift,False,,False,,,0.0,
A-10ml-f0.80-p+0.0-above-y270-x+0.0-y+0.0,A,yaw,10,0.8,0,above,270,0,0,18,22.01284832596418,29.027945698508535,7.16866495585172,58.783233944716386,False,76.34,31.4,237863,13607,24194,0,0,0,0,8481,0,0,0,,9.415500000000016,22.883999999992017,5.316461893890696,3.5520263662439717,9.803754238964869,18.487622786145884,18.720514774164915,99.20275899460196,0.7921674946934423,13607,0.7149988993335251,123.91572908152355,5.853484329105851,43.44497568611309,-13.13654189709068,1.3967120519543241,2.3445451643452246,-0.31367037377938944,0.9889887218901495,16.5368321978513,0.03279312812844545,99.64614534128778,True,True,True,False,True,False,False,True,False,lift,False,0.6751808743497141,False,,,3.0,
A-10ml-f0.80-p+0.0-above-y0-x+0.0-y+6.0,A,dy,10,0.8,0,above,0,0,6,18,22.01284832596418,29.027945698508535,7.16866495585172,58.783233944716386,False,53.19,28.4,151313,78523,17391,0,0,0,0,0,0,0,0,,7.9229999999983285,,2.867930741166274,2.9877707572224246,9.803775190045757,18.502137547713705,18.720514774164915,99.20932485987758,5.665375714059402,78523,88.64418999443662,0.5463140540780627,0.6822358109098433,27.472747942767217,2.9380587389435386,0.6164008428299884,2.472144343109374,,3.4946759580756224,12.718737781920149,5.0977606782509755,99.34911387821359,True,True,True,True,True,True,False,False,False,reach_liquid,False,0.1628472377682588,False,,,0.0,
A-10ml-f0.80-p+0.0-diagonal-y0-x+0.0-y+0.0,A,approach,10,0.8,0,diagonal,0,0,0,18,22.01284832596418,29.027945698508535,7.16866495585172,58.783233944716386,False,84.4,31.4,230443,14088,22491,0,0,0,0,10275,0,0,0,,21.790499999994566,22.90899999999196,5.181994908556736,4.418743020670671,6.995562910483461,18.487543929141864,18.720514774164915,99.20252459378898,0.0952867533670701,14088,1.2293357809638557,126.66812230918617,6.70707115861058,43.9868076361776,-13.788511374244806,2.2299682811657013,2.208193450418442,-0.22338029821810074,0.9709912641803228,25.23951005054307,15.209251927158844,2.4523932705407336,True,True,True,False,False,False,False,True,False,lift,False,-0.7409059513787175,False,,,3.0,
A-20ml-f0.25-p+0.0-above-y0-x+0.0-y+0.0,A,nominal,20,0.25,0,above,0,0,0,18,27.734450974025386,10.848006492240843,4.595695685163375,29.524082122566295,False,32.96,28.4,78161,88401,12258,0,0,0,0,0,0,0,0,,7.868499999998359,,0.360373365847309,0.3590023309391336,9.797855596897588,32.05778961145425,32.30932106331029,99.22686313569908,6.137072053797925,88401,89.85246029111188,0.8653133211526562,0.25312940224376645,5.426791280941102,7.15466570904863,0.03026044187865277,32.261178924764955,,3.2999907272211297,0.1315090484855687,0.06484300848682265,-0.0017837559487895796,True,True,True,True,True,True,False,False,True,reach_liquid,False,0.1395623355040981,False,,,0.0,
A-10ml-f0.80-p+0.0-above-y0-x+6.0-y+0.0,A,dx,10,0.8,0,above,0,6,0,18,22.01284832596418,29.027945698508535,7.16866495585172,58.783233944716386,False,74.78,28.4,126363,10747,7887,0,0,0,0,67117,0,0,0,,8.700499999999142,,10.278894721933703,23.889857601166558,9.80363181639514,18.491566300721768,18.720514774164915,99.20410756314764,6.11862246243456,10747,0.8823344460403759,129.59429511738762,11.585033529647175,26.436457937013817,2.0614629050231814,11.457990808102469,0.6744937564330505,,3.6984949364788364,29.477451725981105,20.242623484503685,101.82993079686442,True,True,True,False,True,False,False,False,False,lift,False,1.074916068954599,False,,,0.0,
A-20ml-f0.25-p+5.0-above-y0-x+0.0-y+0.0,A,pitch,20,0.25,5,above,0,0,0,18,27.734450974025386,10.848006492240843,4.595695685163375,29.524082122566295,False,41.2,28.4,87959,63754,18048,0,0,0,0,0,0,0,0,,8.411499999998789,,1.4543129917649316,2.252115796502325,9.797854848797034,31.97302703958084,32.30932106331029,99.30583654637351,4.956100944977032,63754,81.2129019613892,0.5267972922029756,2.504956319009741,14.6122196869859,-2.093500868478121,1.4712667209158283,31.956476568755416,,3.2431218701924593,1.1670406124676398,0.17501117280598041,0.03020748086220456,True,True,True,True,True,True,False,False,True,reach_liquid,False,0.19579783523606906,False,,,0.0,
A-20ml-f0.25-p+0.0-above-y180-x+0.0-y+0.0,A,yaw,20,0.25,0,above,180,0,0,18,27.734450974025386,10.848006492240843,4.595695685163375,29.524082122566295,False,34.01,31.4,87755,67367,11010,0,0,0,0,0,0,0,0,,7.850499999998369,22.776999999992267,0.2872644306205083,0.44967663717300826,9.797855597574438,32.05769390825751,32.30932106331029,99.22714865950655,6.168181146044456,67367,89.6509736366103,1.1814691320469897,0.2827895348260308,5.293134634407487,7.288509998909384,0.085607955082206,32.249478246018334,-0.13836922138579202,0.8754277316609194,0.32447039053435156,0.034442772737939845,-0.0007688148752149945,True,True,True,True,True,True,False,True,True,reach_liquid,False,0.13943786999642593,False,,,3.0,
A-20ml-f0.25-p+0.0-diagonal-y0-x+0.0-y+0.0,A,approach,20,0.25,0,diagonal,0,0,0,18,27.734450974025386,10.848006492240843,4.595695685163375,29.524082122566295,False,34.53,28.4,79784,88381,12247,0,0,0,0,0,0,0,0,,7.86649999999836,,0.34768755770405313,0.3688341320920688,6.99564715054407,32.05772570858705,32.30932106331029,99.22691984301149,6.145459030760025,88381,89.8591772380648,0.8762038752604401,0.2528770379922199,5.424014875398255,7.157441099917783,0.029874187119910817,32.26126058045022,,3.2473584465182594,0.15444493299889178,0.015912746049422864,-0.006610115948651691,True,True,True,True,True,True,False,False,True,reach_liquid,False,0.1395887700055141,False,,,0.0,
A-20ml-f0.25-p+0.0-above-y270-x+0.0-y+0.0,A,yaw,20,0.25,0,above,270,0,0,18,27.734450974025386,10.848006492240843,4.595695685163375,29.524082122566295,False,31.45,31.4,87756,69617,11716,0,0,0,0,0,0,0,0,,7.868999999998358,22.74999999999233,0.26397588913859715,0.33897450781678173,9.797855596887413,32.05776084951441,32.30932106331029,99.22717762213256,6.288257459774571,69617,89.88011129457334,1.1785954893963355,0.26864609549128904,5.376510689641368,7.205043188180188,0.07449948663518714,32.25182662129826,-0.10271659333677494,0.3842632404527285,0.3519082008842346,3.1704789802607985e-05,-0.0015566048166229924,True,True,True,True,True,True,False,True,True,reach_liquid,False,0.138778788773953,False,,,3.0,
A-20ml-f0.25-p-20.0-above-y0-x+0.0-y+0.0,A,pitch,20,0.25,-20,above,0,0,0,18,27.734450974025386,10.848006492240843,4.595695685163375,29.524082122566295,False,50.45,28.4,121346,1405,19816,0,2118,0,0,0,0,0,0,1.3099999999999112,,,4.74896434169467,9.443154679935292,10.232254816757289,42.18574961853459,32.30932106331029,88.82270839623995,-0.19226904828324037,1405,0.035152078682754134,136.64001313298235,8.194603084333371,42.16173545021198,-28.648309109808284,6.111978908627702,30.97055800284252,,0.202881755199517,17.920517896331262,18.871403588720348,90.16314952217701,False,True,False,False,False,False,False,False,False,table,False,,False,,,0.0,
A-20ml-f0.25-p+0.0-side-y0-x+0.0-y+0.0,A,approach,20,0.25,0,side,0,0,0,18,27.734450974025386,10.848006492240843,4.595695685163375,29.524082122566295,False,37.8,31.4,87756,108646,12412,0,0,0,0,0,0,0,0,,7.913499999998334,20.214999999998238,0.32943689280888483,0.48997433342850794,9.567311627812686,32.05780238902181,32.30932106331029,99.22685342959393,5.925791284708423,108646,89.73509037782895,0.6728752261249242,0.25092855192277613,5.47622431922089,7.105206110874507,0.00999742033308609,32.265462601893525,0.011606982325900878,0.6470249994453069,0.30394156932537414,0.048128342636751496,0.0021216121984321394,True,True,True,True,True,True,False,True,True,reach_liquid,False,0.13892689878248624,False,,,3.0,
A-20ml-f0.25-p+0.0-above-y90-x+0.0-y+0.0,A,yaw,20,0.25,0,above,90,0,0,18,27.734450974025386,10.848006492240843,4.595695685163375,29.524082122566295,False,50.46,31.4,78158,68512,11051,0,0,0,0,0,0,0,0,,7.857499999998365,27.4399999999814,0.28739874990603437,0.35802471154980464,9.312352657988708,32.05775965950347,32.30932106331029,99.22724190430759,6.211245895187519,68512,89.68430497022496,1.1824789685941204,0.2747769943773861,5.294349298293571,7.287269982212422,0.09262708761814756,32.24799437224395,-0.19258030080995536,0.9849281077354626,0.3417526448718775,0.038772578297397636,0.00013662036487870267,True,True,True,True,True,True,False,True,True,reach_liquid,False,0.13997128717246485,False,,,3.0,
A-20ml-f0.25-p+0.0-above-y0-x+0.0-y-6.0,A,dy,20,0.25,0,above,0,0,-6,18,27.734450974025386,10.848006492240843,4.595695685163375,29.524082122566295,False,32.31,31.4,98206,90559,3661,0,0,0,0,0,0,0,0,,8.043499999998339,20.816999999996835,0.544429084274956,0.5139749784244346,9.797855595558072,32.14331812107128,32.30932106331029,99.15080076998109,5.275991793684279,90559,88.40294972926239,0.10146556960320108,0.5751816644898775,6.1128441570764265,6.472833674460555,0.4458263833525049,32.173324869599114,0.19940366215479396,0.45805641484840487,6.269759403971634,0.04617726020319269,0.0017379756221299828,True,True,True,True,True,True,False,True,True,reach_liquid,False,0.13970432440956967,False,,,3.0,
A-20ml-f0.25-p+0.0-above-y0-x+0.0-y+6.0,A,dy,20,0.25,0,above,0,0,6,18,27.734450974025386,10.848006492240843,4.595695685163375,29.524082122566295,False,30.6,31.4,95718,78323,1845,0,0,0,0,0,0,0,0,,8.070999999998373,20.816499999996836,0.23244853041823824,0.6998198156349522,9.797855592569206,32.212041061557656,32.30932106331029,99.07751302109259,5.2321453719640925,78323,87.72854756458634,0.3213694137346493,0.5460036569071833,5.8262560964852685,6.759183170062744,0.45805433180933974,32.17073967590719,0.17171977638544736,0.2934819209059514,6.273846353752573,0.08397075158397999,0.009722344314464598,True,True,True,True,True,True,False,True,True,reach_liquid,False,0.13927993325744814,False,,,3.0,
A-20ml-f0.25-p+0.0-above-y0-x+0.0-y-3.0,A,dy,20,0.25,0,above,0,0,-3,18,27.734450974025386,10.848006492240843,4.595695685163375,29.524082122566295,False,34.86,31.4,135944,109210,2011,0,0,0,0,0,0,0,0,,8.039499999998334,20.391499999997826,0.6090618114158696,0.28645792820671706,9.80548559294802,32.12334088157664,32.30932106331029,99.1689059189262,5.291417230443983,109210,88.90775582006239,0.19712258624859053,0.4349236535567294,5.7858919744024755,6.797708243851619,0.3148730365657533,32.201010116120116,0.1736783821593078,0.2461021921844415,18.629951866289982,0.23183064197705755,99.95602511541672,True,True,True,True,True,True,False,True,False,reach_liquid,False,0.13585302284849138,False,,,3.0,
A-20ml-f0.25-p+0.0-above-y0-x-3.0-y+0.0,A,dx,20,0.25,0,above,0,-3,0,18,27.734450974025386,10.848006492240843,4.595695685163375,29.524082122566295,False,43.59,31.4,116522,60841,21350,0,0,0,0,0,0,0,0,,7.874499999998355,22.81849999999217,2.6190974962843523,1.310097914665156,9.805490825735792,31.808593177618498,32.30932106331029,99.543512080336,5.003244219634537,60841,87.62563365129867,0.16219971300008343,2.145557210070373,15.65873997420373,-2.9954783714454676,2.133295541151558,31.816381129599275,0.16298303849506254,0.9992591384644813,15.094800695904919,0.535100793656625,100.49588705253511,True,True,True,True,True,True,False,True,False,reach_liquid,False,0.13228810904273092,False,,,3.0,
A-20ml-f0.25-p-5.0-above-y0-x+0.0-y+0.0,A,pitch,20,0.25,-5,above,0,0,0,18,27.734450974025386,10.848006492240843,4.595695685163375,29.524082122566295,False,66.23,28.4,169346,56416,95388,2475,0,0,0,0,0,0,0,,7.735499999998432,,3.3777011306468956,7.228457998643556,9.805105539327625,31.836436592446955,32.30932106331029,99.43761689275075,5.353017156818171,56416,87.03602947570072,1.090500337219833,2.8609000612177216,55.420615326836284,-42.82466355018354,5.637513409360763,31.071924278608332,,440.6981092164819,15.63895188354952,5.610085409043192,100.45038953136485,True,True,True,False,True,True,False,False,False,lift,False,0.2706956347237787,False,,,0.0,
A-20ml-f0.25-p-10.0-above-y0-x+0.0-y+0.0,A,pitch,20,0.25,-10,above,0,0,0,18,27.734450974025386,10.848006492240843,4.595695685163375,29.524082122566295,False,74.79,28.4,128395,9171,26881,0,0,0,0,0,0,0,0,,7.211499999998723,,7.922441614439548,11.970528420582422,9.805369494595785,31.961717828176777,32.30932106331029,99.32080435751178,-0.007321289098839723,9171,1.177915818858864,128.46539162147414,1.8313812611272333,50.92678055816951,-37.520533221888336,11.170369708026422,29.875738159185158,,4.117908915822586,18.003655707290953,11.43499330096537,100.77166529633104,True,True,True,False,True,False,False,False,False,lift,False,0.27366270562327044,False,,,0.0,
A-20ml-f0.50-p+0.0-above-y0-x+0.0-y+0.0,A,nominal,20,0.5,0,above,0,0,0,18,27.734450974025386,21.696012984481687,9.19139137032675,38.22009510704798,False,29.12,31.4,88133,109133,10416,0,0,0,0,0,0,0,0,,7.985999999998294,19.95299999999885,0.2613883162848891,0.21202635398186384,9.79785559698544,32.05991791775994,32.30932106331029,99.22435176969763,5.572244130073033,109133,89.37373129490055,0.3253776363515303,0.1860162689141965,14.039287362480376,9.389939009149959,0.08095248144308138,21.402455939940456,0.08292723076071375,0.3133452534000529,0.3716113794309377,1.314367821619951e-05,-0.0015646466786076855,True,True,True,True,True,True,False,True,True,reach_liquid,False,0.13731386066677884,False,,,3.0,
A-20ml-f0.25-p+10.0-above-y0-x+0.0-y+0.0,A,pitch,20,0.25,10,above,0,0,0,18,27.734450974025386,10.848006492240843,4.595695685163375,29.524082122566295,False,67.33,28.4,97874,9132,24762,0,0,0,0,0,0,0,0,,,,4.10238866319168,8.236765347594185,9.797852502834429,32.07955503208499,32.30932106331029,99.21778630630237,-3.512989076896837,9132,0.6839315572499184,127.53208253396036,2.8152901256242746,29.014445166686478,-16.577656534207577,3.7344855034726714,31.476972362053484,,2.1660958021796834,11.058804031308542,5.078726119676095,1.06000171110746,True,True,True,False,False,False,False,False,False,lift,False,,False,,,0.0,
A-20ml-f0.50-p+5.0-above-y0-x+0.0-y+0.0,A,pitch,20,0.5,5,above,0,0,0,18,27.734450974025386,21.696012984481687,9.19139137032675,38.22009510704798,False,30.86,28.7,88873,66637,17638,0,0,0,0,0,0,0,0,,8.423999999998804,22.08049999999389,1.035368954120983,1.333827722092311,9.79790520171545,31.977573495614273,32.30932106331029,99.30112242573769,4.985795469270124,66637,81.160580634446,0.5949715640114541,1.9637890927432566,23.460456611836214,-0.07993025270761067,1.448703197327899,21.11324318619492,0.019760856494394588,1.0000179800536095,1.01552178340368,0.29924339723938675,0.054435595499799885,True,True,True,True,True,True,False,True,True,reach_liquid,False,0.1963463485287035,True,0.1489536039542034,0.19594090585539056,0.301,
A-20ml-f0.25-p+0.0-above-y0-x+0.0-y+3.0,A,dy,20,0.25,0,above,0,0,3,18,27.734450974025386,10.848006492240843,4.595695685163375,29.524082122566295,False,44.03,31.4,141230,83385,14882,0,0,0,0,0,0,0,0,,8.03649999999833,20.16249999999836,1.0690950136082153,0.8155305252857882,9.805485712615553,32.16424334424023,32.30932106331029,99.12432240359844,5.323243329359823,83385,88.04461717980497,0.303773396337978,0.15378186698782956,10.080893084885373,2.5001180788324224,0.2966413906451868,32.2048644622649,0.1757825678559297,1.0180328592163148,18.567326777885533,0.7507971085675039,100.0866100629928,True,True,True,True,True,True,False,True,False,reach_liquid,False,0.13434098865810967,False,,,3.0,
A-20ml-f0.50-p+0.0-side-y0-x+0.0-y+0.0,A,approach,20,0.5,0,side,0,0,0,18,27.734450974025386,21.696012984481687,9.19139137032675,38.22009510704798,False,29.09,31.4,88462,107560,9214,0,0,0,0,0,0,0,0,,7.896499999998343,20.221499999998223,0.32846851322522297,0.2074514615609957,9.567311627996837,32.059884231714804,32.30932106331029,99.22438351967034,5.9727303577796,107560,89.59750904526967,0.7038833634995739,0.19025677272920433,13.920638757304353,9.508600551030256,0.055294510789922015,21.407880136144783,0.047268000830670745,0.5812041603759813,0.4028438144498285,3.0281896147772326e-05,-0.001564645655216019,True,True,True,True,True,True,False,True,True,reach_liquid,False,0.1417226827846627,False,,,3.0,
A-20ml-f0.50-p+0.0-diagonal-y0-x+0.0-y+0.0,A,approach,20,0.5,0,diagonal,0,0,0,18,27.734450974025386,21.696012984481687,9.19139137032675,38.22009510704798,False,29.11,31.4,88053,109191,10458,0,0,0,0,0,0,0,0,,7.99299999999829,19.940999999998876,0.25861385699139383,0.20723383092290104,6.9956471500202,32.05991460887493,32.30932106331029,99.2243554409421,5.560192581053252,109191,89.38031766706479,0.31625328445701045,0.18468561475946987,14.056308633187186,9.372894896658268,0.0779559202193075,21.40308942511538,0.1023418510871885,0.2929615755913315,0.3674420490030353,1.1706354451251847e-05,-0.0015646466860936693,True,True,True,True,True,True,False,True,True,reach_liquid,False,0.13772690565419676,False,,,3.0,
A-20ml-f0.25-p+0.0-above-y0-x+6.0-y+0.0,A,dx,20,0.25,0,above,0,6,0,18,27.734450974025386,10.848006492240843,4.595695685163375,29.524082122566295,False,66.19,28.4,103866,11596,25283,0,0,0,0,3072,0,0,0,,8.45399999999884,,9.347163993381187,15.981219792984557,9.80541508437574,32.08034367289961,32.30932106331029,99.20261095745475,5.701446628782331,11596,0.9974545157259151,130.27949395820372,10.897617922818897,42.46134174328102,-30.024982306534984,3.111535903818945,31.60913865489888,,3.6528814832509604,22.198713171893733,10.916596247167663,101.58606928320941,True,True,True,False,True,False,False,False,False,lift,False,0.7277754076373337,False,,,0.0,
A-20ml-f0.25-p+0.0-above-y0-x-6.0-y+0.0,A,dx,20,0.25,0,above,0,-6,0,18,27.734450974025386,10.848006492240843,4.595695685163375,29.524082122566295,False,71.29,28.4,125570,4938,101592,2414,0,0,0,0,0,0,0,,,,2.2326231665879255,6.249969687156251,9.805408639541415,32.04733698064435,32.30932106331029,99.2207242600565,-2.2258180867395576,4938,1.334267806720452,125.79571536366807,2.5471251826881414,44.687120151171484,-31.924242467290142,5.22950785784953,31.15895889143015,,3.3135555490161583,14.97924158541425,5.766432688260631,100.42748535053785,True,True,True,True,False,False,False,False,False,uncap,False,,False,,,0.0,
A-20ml-f0.50-p+0.0-above-y90-x+0.0-y+0.0,A,yaw,20,0.5,0,above,90,0,0,18,27.734450974025386,21.696012984481687,9.19139137032675,38.22009510704798,False,28.52,31.4,88030,109125,10368,0,0,0,0,0,0,0,0,,7.984999999998294,19.98699999999877,0.2517863236428319,0.21029799180079845,9.797855597065329,32.059897140558554,32.30932106331029,99.22465581919325,5.596828948121753,109125,89.42433643105801,0.37149072624581125,0.18891786657631413,14.042903111031533,9.386301741911184,0.06539743327774684,21.405744339159952,0.02261306251594945,0.43563822245727346,0.35971964862214345,1.3115919625095442e-05,-0.0015646448580336723,True,True,True,True,True,True,False,True,True,reach_liquid,False,0.1384350371432362,False,,,3.0,
A-20ml-f0.50-p+0.0-above-y270-x+0.0-y+0.0,A,yaw,20,0.5,0,above,270,0,0,18,27.734450974025386,21.696012984481687,9.19139137032675,38.22009510704798,False,32.91,28.4,78149,78244,10312,0,0,0,0,0,0,0,0,,7.903999999998339,,0.3068343422284284,0.3122893159027447,9.797855596869308,32.059914870438035,32.30932106331029,99.22442666150116,6.076013204325749,78244,89.69500712134277,0.8616216917479309,0.21452637736961291,13.966249396834868,9.463112167887894,0.12718465137495982,21.39268225805895,,3.49722841289907,0.21474457294161117,0.08886587430602373,0.005652394155356627,True,True,True,True,True,True,False,False,True,reach_liquid,False,0.14100713606236834,False,,,0.0,
A-20ml-f0.25-p+20.0-above-y0-x+0.0-y+0.0,A,pitch,20,0.25,20,above,0,0,0,18,27.734450974025386,10.848006492240843,4.595695685163375,29.524082122566295,False,91.77,28.4,120450,6008,120956,2351,0,0,0,3853,0,0,0,,,,7.189759808743216,20.337761319775847,9.80548013066245,32.08034280711156,32.30932106331029,99.1977798286775,-2.8060220721966638,6008,4.370002830794174,129.9911062520109,2.6508105221613616,51.68445596823931,-37.81752325160829,18.493621028920906,28.216277539747967,,5.141709524999062,16.91147098400855,55.63441734473253,137.62864056363324,True,True,True,False,False,False,False,False,False,lift,False,,False,,,0.0,
A-20ml-f0.50-p+0.0-above-y180-x+0.0-y+0.0,A,yaw,20,0.5,0,above,180,0,0,18,27.734450974025386,21.696012984481687,9.19139137032675,38.22009510704798,False,36.46,31.4,87847,109114,10128,0,0,0,0,0,0,0,0,,7.980999999998296,19.988499999998766,0.246344613228958,0.2262107881293241,9.797855597017676,32.059961035016265,32.30932106331029,99.22444444820616,5.602477982993889,109114,89.43967729483697,0.3885497168028933,0.18948711218149947,14.148054109579673,9.281157954879202,0.06769988213394042,21.405257592429223,0.012797502223017723,0.4620158790849948,0.36181785656483034,2.0965315445691517e-05,-0.0015646446659322195,True,True,True,True,True,True,False,True,True,reach_liquid,False,0.1370566187522315,False,,,3.0,
A-20ml-f0.50-p-20.0-above-y0-x+0.0-y+0.0,A,pitch,20,0.5,-20,above,0,0,0,18,27.734450974025386,21.696012984481687,9.19139137032675,38.22009510704798,False,68.07,28.4,121632,483,17024,0,1995,0,0,0,0,0,0,1.3099999999999112,,,7.09645028750681,13.831724314270922,10.732087848253576,42.174276496989975,32.30932106331029,89.04378588762545,-3.1989635637138663,483,1.41457048392087,138.74388698795585,8.437980050014925,55.14681646434439,-30.49183828745755,7.850587366607075,19.749462147950407,,3.582719985601907,16.776803730472142,18.402889192821014,93.68217142049205,False,True,False,False,False,False,False,False,False,table,False,,False,,,0.0,
A-20ml-f0.50-p+10.0-above-y0-x+0.0-y+0.0,A,pitch,20,0.5,10,above,0,0,0,18,27.734450974025386,21.696012984481687,9.19139137032675,38.22009510704798,False,62.7,28.4,92029,10404,25641,0,0,0,0,0,0,0,0,,,,5.532518176212912,7.471471302620365,9.797852522039886,32.07598311303622,32.30932106331029,99.22007449077924,-0.43277447057796237,10404,0.6342941308098875,124.99269550154983,2.2754641326175986,56.05182880494676,-32.619561118456794,2.216251896172536,20.950812067904376,,5.275555070456073,1.4019450391026609,0.09529740110780292,0.01322073161765756,True,True,True,False,False,False,False,False,True,lift,False,,False,,,0.0,
A-20ml-f0.50-p+0.0-above-y0-x+0.0-y-6.0,A,dy,20,0.5,0,above,0,0,-6,18,27.734450974025386,21.696012984481687,9.19139137032675,38.22009510704798,False,32.25,31.4,95185,91740,4206,0,0,0,0,0,0,0,0,,8.046499999998343,20.676499999997162,0.4992188844749238,0.4979147562319867,9.79785559567806,32.2100101732091,32.30932106331029,99.08515844357638,5.278786412114774,91740,88.14382278375211,0.12574849000309915,0.46464470867425806,15.116871004205066,8.315332237795555,0.364503353604692,21.342511224645968,0.21227512920519953,0.4696894360778156,6.2118398307520035,2.7374065524264036e-05,-0.001564644810101261,True,True,True,True,True,True,False,True,True,reach_liquid,False,0.1408972955928869,False,,,3.0,
A-20ml-f0.50-p-10.0-above-y0-x+0.0-y+0.0,A,pitch,20,0.5,-10,above,0,0,0,18,27.734450974025386,21.696012984481687,9.19139137032675,38.22009510704798,False,65.35,28.4,113910,10118,26274,0,0,0,0,0,0,0,0,,9.436500000000041,,7.009454872584994,11.244986469405388,9.806513693995337,31.967460075412873,32.30932106331029,99.289675728553,1.1574798308375198,10118,1.010036526944825,126.66304688705985,2.3233007516329,54.39184426853265,-30.353663152306034,10.602642021968446,19.152191915030908,,3.3202244871520525,17.595462250938624,11.080627206852416,100.7346147747168,True,True,True,False,True,False,False,False,False,lift,False,0.3010757894615125,False,,,0.0,
A-20ml-f0.50-p+0.0-above-y0-x+3.0-y+0.0,A,dx,20,0.5,0,above,0,3,0,18,27.734450974025386,21.696012984481687,9.19139137032675,38.22009510704798,False,41.05,28.4,133784,28459,25449,0,0,0,0,0,0,0,0,,9.351999999999938,,6.536593399182753,5.121495685826175,9.806562099939184,32.06098519968198,32.30932106331029,99.19980199808208,1.1299646134705077,28459,86.44728832396954,5.069828771137529,1.5021646791812397,38.2404421716792,-14.751351671242253,1.9712316275105959,21.00267955570903,,8.064244039118142,5.700645659425673,13.996610892315534,102.30905560101134,True,True,True,False,True,False,False,False,False,lift,False,-0.01587010618463515,False,,,0.0,
A-20ml-f0.50-p+0.0-above-y0-x-3.0-y+0.0,A,dx,20,0.5,0,above,0,-3,0,18,27.734450974025386,21.696012984481687,9.19139137032675,38.22009510704798,False,44.95,31.4,123379,66182,19324,0,0,0,0,283,0,0,0,,8.319999999998677,23.404499999990804,2.452632005406304,1.192347132078732,9.797870918312748,31.798307675046974,32.30932106331029,99.53461272266634,5.307765742178678,66182,88.23654797217195,0.1125500629991768,1.6552195117259796,25.009356143727082,-1.5247860416073011,1.8800652333407932,21.02197425384188,-0.2396974050596048,0.9271120283131592,13.273962531148973,3.806720011767522e-05,-0.0015646455094800891,True,True,True,True,True,True,False,True,False,reach_liquid,False,0.11143769821580896,False,,,3.0,
A-20ml-f0.50-p+0.0-above-y0-x+0.0-y-3.0,A,dy,20,0.5,0,above,0,0,-3,18,27.734450974025386,21.696012984481687,9.19139137032675,38.22009510704798,False,42.61,31.4,134092,106719,4753,0,0,0,0,0,0,0,0,,8.038499999998333,20.8744999999967,0.7069795867524297,0.41449573289692365,9.80663005258768,32.15853702571475,32.30932106331029,99.13372452935948,5.299438820280375,106719,88.41586308447135,0.03535811629221634,0.3947211142778568,14.243420684687491,9.187937978556645,0.31457501213818695,21.353066629229726,0.2029788674503411,0.43605456909318924,18.64200429490337,0.14738575246616886,99.96634388548453,True,True,True,True,True,True,False,True,False,reach_liquid,False,0.13358670093946565,False,,,3.0,
A-20ml-f0.50-p+20.0-above-y0-x+0.0-y+0.0,A,pitch,20,0.5,20,above,0,0,0,18,27.734450974025386,21.696012984481687,9.19139137032675,38.22009510704798,False,75.31,28.4,108558,9283,27860,0,0,0,0,0,0,0,0,,,,10.604580006280539,20.500864717973712,9.806576381603167,32.08035189497378,32.30932106331029,99.19656827527837,-3.9456904666053743,9283,2.0089408196232506,128.26068499770093,2.4342057006613316,56.34541779572603,-32.254687998351294,10.298676593487675,19.21863766922333,,5.736549285369997,20.73329778025385,19.759883260311742,102.3855518823065,True,True,True,False,False,False,False,False,False,lift,False,,False,,,0.0,
A-20ml-f0.50-p+0.0-above-y0-x+0.0-y+6.0,A,dy,20,0.5,0,above,0,0,6,18,27.734450974025386,21.696012984481687,9.19139137032675,38.22009510704798,False,34.53,31.4,93881,103813,2402,0,0,0,0,0,0,0,0,,8.031999999998325,20.60049999999734,0.31611962499121354,0.5473499978976791,9.797855591908222,32.18961117516198,32.30932106331029,99.097179171135,5.320782808957439,103813,87.72877193974664,0.17840555911810901,0.4320870369527214,15.023053773698162,8.408992849649161,0.392280191482284,21.33663884371538,0.17924955746102936,0.1825531836404571,6.12615408433948,1.574280817616329e-05,-0.0015646453505632112,True,True,True,True,True,True,False,True,True,reach_liquid,False,0.13846728539973135,False,,,3.0,
A-20ml-f0.50-p+0.0-above-y0-x+0.0-y+3.0,A,dy,20,0.5,0,above,0,0,3,18,27.734450974025386,21.696012984481687,9.19139137032675,38.22009510704798,False,38.73,29.8,150249,86879,11432,0,0,0,0,0,0,0,0,,8.046999999998343,20.062999999998592,1.4441380401888084,0.6533473666012979,9.80667028991936,32.151403343964176,32.30932106331029,99.12977083558201,5.286897361242694,86879,88.29666051938946,0.19015199300206506,0.22683230110079478,16.18969811341895,7.239857854285728,0.037343709038391924,21.4116750035253,-0.008746244110065844,1.0010604159565277,10.683797264935203,0.5864110565047745,99.92286502753967,True,True,True,True,True,True,False,True,False,reach_liquid,False,0.13125280062007566,True,0.10497813535733373,0.9259892677074232,1.396,
A-20ml-f0.80-p+0.0-above-y0-x+0.0-y+0.0,A,nominal,20,0.8,0,above,0,0,0,18,27.734450974025386,34.713620775170696,14.7062261925228,51.237702897736995,False,33.33,31.4,87739,109302,9981,0,0,0,0,0,0,0,0,,8.021999999998313,20.487499999997603,0.20852443092469813,0.16452945847415837,9.797855596698493,32.06250848046232,32.30932106331029,99.22244863955117,5.468831332978909,109302,89.16752522562058,0.2989413832654686,0.1887451181685238,26.832899806597425,9.613864602975642,0.09493776828776297,8.381891601695951,0.1753816098872111,0.6370215583548041,0.33649308182279236,6.124003562890013e-05,-0.0015504219522519398,True,True,True,True,True,True,False,True,True,reach_liquid,False,0.13616211661804162,False,,,3.0,
A-20ml-f0.80-p+5.0-above-y0-x+0.0-y+0.0,A,pitch,20,0.8,5,above,0,0,0,18,27.734450974025386,34.713620775170696,14.7062261925228,51.237702897736995,False,36.81,28.81,86853,52041,16725,0,0,0,0,0,0,0,0,,9.330499999999912,20.855999999996744,1.205152096890099,2.5887754688253533,9.79790520674682,31.98455882209987,32.30932106331029,99.29204148343442,1.84288373559207,52041,78.10709058232506,3.435165861539737,1.2082527908239662,35.979989058238814,0.4378984631432381,1.3917636958909654,8.107680013572692,0.16020907977566842,1.0084744576326488,1.394828756552871,1.226431901316554,0.25365683656671667,True,True,True,True,True,True,False,True,True,reach_liquid,False,0.3604526925743398,True,0.13347009036050614,0.2659634789836044,0.406,
A-20ml-f0.50-p-5.0-above-y0-x+0.0-y+0.0,A,pitch,20,0.5,-5,above,0,0,0,18,27.734450974025386,21.696012984481687,9.19139137032675,38.22009510704798,False,94.02,28.4,150490,4896,137321,2371,0,0,0,884,0,0,0,,,,3.1262113595886545,7.690748467762612,9.807323139538319,31.858945860723388,32.30932106331029,99.4133958922135,-3.1708965241294127,4896,2.633582362215305,128.12693429953345,0.29813402242338966,37.9027030512158,-14.371024386295284,5.927107828380177,20.162068543277034,,3.946642354051443,105.39837215186297,42.68535144383991,155.12569440415808,True,True,True,False,False,False,False,False,False,lift,False,,False,,,0.0,
A-20ml-f0.80-p+0.0-above-y90-x+0.0-y+0.0,A,yaw,20,0.8,0,above,90,0,0,18,27.734450974025386,34.713620775170696,14.7062261925228,51.237702897736995,False,31.61,31.4,87740,109124,10013,0,0,0,0,0,0,0,0,,8.018499999998308,19.889999999998995,0.2657010554875053,0.16573289692278947,9.797855596910622,32.062583359108984,32.30932106331029,99.22029362700879,5.52625105483414,109124,89.22507654992658,0.31804046830414673,0.18790322705405701,26.822604476453353,9.624167978913773,0.10540510719272114,8.379678761358097,0.14764443861143017,0.19940040316112087,0.35782146194734055,9.075738350724584e-06,-0.001546221790005778,True,True,True,True,True,True,False,True,True,reach_liquid,False,0.1355029823629062,False,,,3.0,
A-20ml-f0.80-p+0.0-diagonal-y0-x+0.0-y+0.0,A,approach,20,0.8,0,diagonal,0,0,0,18,27.734450974025386,34.713620775170696,14.7062261925228,51.237702897736995,False,32.91,31.4,87740,109308,10016,0,0,0,0,0,0,0,0,,8.020999999998311,20.49699999999758,0.23903650446401808,0.16534979158079557,6.995647149247794,32.06250701186018,32.30932106331029,99.2224593019558,5.4766418259207805,109308,89.17658253448606,0.3010723580961232,0.18817704346794234,26.834051763107436,9.612709890945704,0.09697064860724905,8.381461842187024,0.10627863894853648,0.6210021145882174,0.355093044476606,9.529429653176756e-05,-0.0015534049809955942,True,True,True,True,True,True,False,True,True,reach_liquid,False,0.13613058717796675,False,,,3.0,
A-20ml-f0.50-p+0.0-above-y0-x+6.0-y+0.0,A,dx,20,0.5,0,above,0,6,0,18,27.734450974025386,21.696012984481687,9.19139137032675,38.22009510704798,False,67.2,28.4,92885,10925,26576,0,0,0,0,10945,0,0,0,,9.521500000000145,,5.947848966451227,9.932558442231725,9.806633083139934,32.08035235273833,32.30932106331029,99.20149556005418,1.7087852023577184,10925,1.1741084295317108,133.99422493839887,9.82984943153962,37.25082644134801,-14.820470140076065,9.576293457608774,19.376042064400803,,6.884772926854237,19.73907713432854,2.158072152853655,100.66610303256908,True,True,True,False,False,False,False,False,False,lift,False,1.5321909970900491,False,,,0.0,
A-20ml-f0.80-p-5.0-above-y0-x+0.0-y+0.0,A,pitch,20,0.8,-5,above,0,0,0,18,27.734450974025386,34.713620775170696,14.7062261925228,51.237702897736995,False,48.93,28.4,146786,37871,65169,2525,0,0,0,0,0,0,0,,9.283499999999854,,2.6275050246946305,7.006437915157823,9.807593691319203,31.87746660596389,32.30932106331029,99.39172748155632,3.3097733065410235,37871,83.23122762846235,4.256674828265511,1.7365479351146649,55.87707088350327,-19.498504817167138,5.781533186638473,7.175559325318695,,143.2325746821475,14.285725582841238,5.29607430458736,100.32705008242807,True,True,True,True,True,True,False,False,False,reach_liquid,False,0.24767062571692433,False,,,0.0,
A-20ml-f0.80-p+0.0-side-y0-x+0.0-y+0.0,A,approach,20,0.8,0,side,0,0,0,18,27.734450974025386,34.713620775170696,14.7062261925228,51.237702897736995,False,37.15,31.4,87740,109214,9621,0,0,0,0,0,0,0,0,,8.012499999998301,19.841499999999108,0.24639723733476127,0.16099364289139617,9.56731162960943,32.06251918766297,32.30932106331029,99.22246758389986,5.488849814866733,109214,89.1944621350736,0.27940658803286994,0.18730943472571346,26.847802375403937,9.598957825171755,0.0901827893497252,8.382896824185671,0.15449025446861195,0.20414703441486182,0.35655601386767377,1.3004292747236537e-05,-0.0015462227981175595,True,True,True,True,True,True,False,True,True,reach_liquid,False,0.13682132248196963,False,,,3.0,
A-20ml-f0.80-p+20.0-above-y0-x+0.0-y+0.0,A,pitch,20,0.8,20,above,0,0,0,18,27.734450974025386,34.713620775170696,14.7062261925228,51.237702897736995,False,41.33,31.4,112345,60143,22422,0,0,0,0,28,0,0,0,,8.194499999998524,22.84399999999211,5.4310031041236035,14.115187220577617,9.797849675588752,32.08033447640609,32.30932106331029,99.19496914325902,5.397462157135928,60143,74.90727027061261,1.5150339875508496,1.9513379278789411,56.45094981549658,-19.396876117817623,10.599732076574115,6.1352208476748755,-0.15816874234443307,0.935586563636031,5.470763752042978,0.19075558078560848,0.03217421400329478,True,True,True,False,True,True,False,True,True,lift,False,0.2603843112582313,False,,,3.0,
A-20ml-f0.80-p+0.0-above-y180-x+0.0-y+0.0,A,yaw,20,0.8,0,above,180,0,0,18,27.734450974025386,34.713620775170696,14.7062261925228,51.237702897736995,False,31.57,31.4,87739,109117,9908,0,0,0,0,0,0,0,0,,8.000999999998287,19.96949999999881,0.2434378273187351,0.17747122320113815,9.797855596897831,32.06250159676571,32.30932106331029,99.22142368032894,5.602803778298179,109117,89.31291827876962,0.35651017020325554,0.19587661740779083,26.934325221194143,9.512474685842264,0.09989751182425122,8.380843090816555,0.08398195763372962,0.2296721940317848,0.33998675398088984,5.533085616490783e-06,-0.001546221421213256,True,True,True,True,True,True,False,True,True,reach_liquid,False,0.13567067234705296,False,,,3.0,
A-20ml-f0.80-p+0.0-above-y270-x+0.0-y+0.0,A,yaw,20,0.8,0,above,270,0,0,18,27.734450974025386,34.713620775170696,14.7062261925228,51.237702897736995,False,32.85,31.4,87740,109214,9705,0,0,0,0,0,0,0,0,,8.018999999998309,19.808999999999184,0.24505366329294473,0.16128335548043216,9.797855596899302,32.06257930802775,32.30932106331029,99.22183788304689,5.468593351722208,109214,89.1574778616706,0.26674767239563135,0.19155609505495413,26.841867128624536,9.604915284116805,0.08606898994238242,8.383766498421132,0.16056544239187454,0.20538074774988763,0.3504352072603904,9.2743557084027e-06,-0.001546223432305578,True,True,True,True,True,True,False,True,True,reach_liquid,False,0.1364972536029916,False,,,3.0,
A-20ml-f0.50-p+0.0-above-y0-x-6.0-y+0.0,A,dx,20,0.5,0,above,0,-6,0,18,27.734450974025386,21.696012984481687,9.19139137032675,38.22009510704798,False,83.21,28.4,103118,7744,26098,0,0,0,0,1407,0,0,0,,,,3.648442883221103,6.333007720554594,9.806501714176761,32.04189124069819,32.30932106331029,99.22436410085236,-4.10583443528182,7744,1.4893066231085361,126.16048049431447,7.599115007702031,57.166442365401885,-33.80781985885017,3.647775615606413,20.647372947682495,,7.045021469118001,18.194903987500467,7.506968038873243,100.59973665283923,True,True,True,False,False,False,False,False,False,lift,False,,False,,,0.0,
A-20ml-f0.80-p+10.0-above-y0-x+0.0-y+0.0,A,pitch,20,0.8,10,above,0,0,0,18,27.734450974025386,34.713620775170696,14.7062261925228,51.237702897736995,False,51.42,28.4,103272,9908,18218,0,0,0,0,0,0,0,0,,,,5.127673986882034,10.335745193874574,9.807930395431683,32.07672870519358,32.30932106331029,99.21888195635262,-0.4646379496537345,9908,1.0797658557409224,125.00485235743305,0.9496058474038859,41.08916778646354,-4.703325881976333,5.06383497722543,7.328652610777808,,5.228341401734289,14.299463396751017,10.081611692931371,101.01320303894273,True,True,True,False,False,False,False,False,False,lift,False,,False,,,0.0,
A-20ml-f0.80-p-20.0-above-y0-x+0.0-y+0.0,A,pitch,20,0.8,-20,above,0,0,0,18,27.734450974025386,34.713620775170696,14.7062261925228,51.237702897736995,False,60.87,28.4,101718,547,10796,0,2037,0,0,0,0,0,0,1.3099999999999112,,,7.6075968872457045,15.59553854350396,10.716468459863016,42.073788348044005,32.30932106331029,89.22162775404773,-0.47707045434423195,547,1.0702744945502816,136.63603626941932,9.345792100840299,56.249401129889435,-18.68098241475949,8.51830012741265,6.5877757935338455,,3.4233181185631008,17.112704567800773,21.7438072772699,95.20022760146433,False,True,False,False,False,False,False,False,False,table,False,,False,,,0.0,
A-20ml-f0.80-p-10.0-above-y0-x+0.0-y+0.0,A,pitch,20,0.8,-10,above,0,0,0,18,27.734450974025386,34.713620775170696,14.7062261925228,51.237702897736995,False,62.98,28.4,81900,13083,17603,0,0,0,0,0,0,0,0,,,,3.65727367850084,8.476658033146864,9.797856096248239,31.978144828174347,32.30932106331029,99.28588598961602,-0.8563943074202454,13083,0.73303704880733,126.67397702317761,0.9421484749827995,35.68150698048241,0.6356253506321907,7.783062790580547,6.746398331382365,,3.2377768719764597,8.142309006007395,2.3827567970548653,0.4821060550342096,True,True,True,False,False,False,False,False,True,lift,False,,False,,,0.0,
A-20ml-f0.25-p+0.0-above-y0-x+3.0-y+0.0,A,dx,20,0.25,0,above,0,3,0,18,27.734450974025386,10.848006492240843,4.595695685163375,29.524082122566295,False,134.06,31.4,142990,6031,175277,3551,0,0,0,0,0,0,0,,9.521500000000145,19.60049999999967,2.7316790644639495,5.7694000037796656,9.805459726718466,32.058129298164374,32.30932106331029,99.23049049514101,2.681698697482207,6031,1.0729948473351376,130.26715984858,3.1092284571146824,53.21775984475509,-40.59200789662576,2.1574516885411734,31.811267265490223,-0.20511633253659348,0.9911567021693153,16.510439923107462,6.750800742006141,101.08294147407274,True,True,True,True,False,False,False,True,False,uncap,False,1.744727036629232,False,,,3.0,
A-20ml-f0.80-p+0.0-above-y0-x+0.0-y-6.0,A,dy,20,0.8,0,above,0,0,-6,18,27.734450974025386,34.713620775170696,14.7062261925228,51.237702897736995,False,33.42,31.4,87580,93802,6860,0,0,0,0,0,0,0,0,,7.962499999998307,20.558999999997436,0.17366590737827514,0.1305871653242398,9.797855599783803,32.084875079611244,32.30932106331029,99.2058148960072,5.506327474766113,93802,88.52128847209129,0.23951395185575497,0.4720457240162006,29.14673278138708,7.303965813021119,0.4863979030820552,8.299133051613113,0.22732760808111904,0.7199741963247864,6.317408689754042,0.143576492411026,0.021903860238723035,True,True,True,True,True,True,False,True,True,reach_liquid,False,0.1407885630091766,False,,,3.0,
A-20ml-f0.80-p+0.0-above-y0-x-3.0-y+0.0,A,dx,20,0.8,0,above,0,-3,0,18,27.734450974025386,34.713620775170696,14.7062261925228,51.237702897736995,False,42.83,28.4,82050,60990,18489,0,0,0,0,0,0,0,0,,7.944999999998316,,2.592596944946902,2.2544246247757114,9.797855597020375,31.824641922541385,32.30932106331029,99.51137722745895,4.590276813866964,60990,87.70925003129632,0.6025814391343456,1.3000143343890027,35.4472154565648,1.0517325099655417,2.3773769129389635,7.899087043421966,,1.235360034947512,2.4516873029332444,0.6919319471253829,0.1399567642585764,True,True,True,True,True,True,False,False,True,reach_liquid,False,0.12479681538274058,False,,,0.0,
A-20ml-f0.80-p+0.0-above-y0-x+0.0-y+6.0,A,dy,20,0.8,0,above,0,0,6,18,27.734450974025386,34.713620775170696,14.7062261925228,51.237702897736995,False,31.97,28.82,79836,81123,7594,0,0,0,0,0,0,0,0,,7.930499999998324,20.11899999999846,0.44010949236604685,0.59017526391324,9.797905746123412,32.09238432119417,32.30932106331029,99.19725851728712,5.607584765134066,81123,88.5163114824565,0.346340512156836,0.4376159971587088,30.213665256312318,6.236500013142382,0.4402068146489081,8.308898654988985,0.17902994764909294,0.9597865474707133,6.651810820055369,4.2233758266529475e-05,-0.001546223518478162,True,True,True,True,True,True,False,True,True,reach_liquid,False,0.1347930324270332,True,0.16680172487369546,0.2775991103890216,0.424,
A-20ml-f0.80-p+0.0-above-y0-x+3.0-y+0.0,A,dx,20,0.8,0,above,0,3,0,18,27.734450974025386,34.713620775170696,14.7062261925228,51.237702897736995,False,48.21,28.4,138619,28594,89971,2350,0,0,0,0,0,0,0,,9.350999999999937,,2.070647570573755,4.989240914237136,9.807655106068289,32.064462974823975,32.30932106331029,99.19971848479503,1.1006769493205546,28594,85.81172680252001,4.939158769618224,1.5775309816611238,53.65567250793123,-17.168379187595423,1.6131368668535528,8.060848665353705,,353.034393273506,1.6440485208469127,0.4889556354710444,99.88086665111508,True,True,True,True,True,True,False,False,False,reach_liquid,False,-0.020455134466950308,False,,,0.0,
A-20ml-f0.80-p+0.0-above-y0-x+0.0-y-3.0,A,dy,20,0.8,0,above,0,0,-3,18,27.734450974025386,34.713620775170696,14.7062261925228,51.237702897736995,False,40.11,31.4,132008,104127,3272,0,0,0,0,0,0,0,0,,8.04399999999834,20.39349999999782,0.4551582645896902,0.4189191234665352,9.808002653432139,32.08592506751794,32.30932106331029,99.2012553691085,5.27313749277232,104127,88.49183690064308,0.2329787627731983,0.33766587827068806,28.020673516130124,8.428034664722084,0.32326440368303627,8.333621812601555,0.17075872994072802,0.23341807800442194,18.55151576012258,0.9433584231271058,100.13202493639092,True,True,True,True,True,True,False,True,False,reach_liquid,False,0.13531197357669578,False,,,3.0,
A-30ml-f0.25-p+0.0-above-y0-x+0.0-y+0.0,A,nominal,30,0.25,0,above,0,0,0,20,31.74802103936399,12.11256004651333,6.975340422317517,21.48270134647077,False,35.46,29.33,81182,83898,19233,0,0,0,0,0,0,0,0,,8.131999999998447,20.212499999998244,0.5928696644904077,0.5734957176752568,9.797905744572143,40.35048130272695,40.60154996848948,99.22702879071225,5.411146102539559,83898,89.86962626137118,0.29336108973573993,0.7812407394669957,9.441554799416929,4.647578668190724,0.5620530107351249,37.64260935018183,0.1425545009609869,0.6593870207640702,0.6797033729686793,5.718371676889879e-05,-0.001552264178899284,True,True,True,True,True,True,False,True,True,reach_liquid,False,0.10312964528042187,True,0.12981592851667662,0.6176337400298032,0.933,
A-30ml-f0.25-p+0.0-diagonal-y0-x+0.0-y+0.0,A,approach,30,0.25,0,diagonal,0,0,0,20,31.74802103936399,12.11256004651333,6.975340422317517,21.48270134647077,False,31.33,29.34,81190,83904,19242,0,0,0,0,0,0,0,0,,8.128499999998443,20.19649999999828,0.5933077570143529,0.5749866708389181,6.995682779495669,40.35042965336745,40.60154996848948,99.22707893217675,5.419046821248739,83904,89.87947398724063,0.29480721818233024,0.780516076620459,9.441564405371214,4.647552300880584,0.5630934625810339,37.642354386133306,0.15501337337469762,0.6548656586469532,0.6781674863259818,6.315617064383367e-05,-0.001547148593124355,True,True,True,True,True,True,False,True,True,reach_liquid,False,0.10324191762632602,True,0.13027623753892084,0.6192999652518276,0.936,
A-20ml-f0.80-p+0.0-above-y0-x+0.0-y+3.0,A,dy,20,0.8,0,above,0,0,3,18,27.734450974025386,34.713620775170696,14.7062261925228,51.237702897736995,False,46.73,31.4,136490,103671,2296,0,0,0,0,0,0,0,0,,8.03649999999833,20.014499999998705,0.4725918511662482,0.48482543809146905,9.808002382798788,32.11772404085211,32.30932106331029,99.16542716479448,5.287173771794842,103671,88.33623028085586,0.04066106701921717,0.2848294022825052,27.372331631656735,9.075652634215336,0.21967458521523484,8.35552157510249,0.20773499622865688,0.512302603951404,18.544413801734514,1.002441274750994,100.09318954923003,True,True,True,True,True,True,False,True,False,reach_liquid,False,0.1329761494863389,False,,,3.0,
A-30ml-f0.25-p+0.0-side-y0-x+0.0-y+0.0,A,approach,30,0.25,0,side,0,0,0,20,31.74802103936399,12.11256004651333,6.975340422317517,21.48270134647077,False,36.22,29.38,81343,84106,19218,0,0,0,0,0,0,0,0,,8.13399999999845,20.22199999999822,0.591995133594336,0.5712536711239689,9.567362022160706,40.35049854352732,40.60154996848948,99.22701219700465,5.402590218537888,84106,89.8568801321426,0.2929447129280174,0.7827386377866925,9.44135689927839,4.64780145584795,0.5595971774420958,37.64321115489469,0.13657305106169276,0.6577236073727778,0.6732866459977018,6.277413916109724e-05,-0.0015500376328956976,True,True,True,True,True,True,False,True,True,reach_liquid,False,0.10307007877132607,True,0.13086718121858362,0.6509655927740254,0.983,
A-30ml-f0.25-p+5.0-above-y0-x+0.0-y+0.0,A,pitch,30,0.25,5,above,0,0,0,20,31.74802103936399,12.11256004651333,6.975340422317517,21.48270134647077,False,42.04,31.4,87702,82244,26122,0,0,0,0,0,0,0,0,,8.413499999998791,22.72899999999238,1.4349996899628223,1.9723825769658077,9.79785485534329,40.287556752850286,40.60154996848948,99.28676900672824,4.7777947163948,82244,81.15400217522465,0.4846187004895688,2.7820382200891354,9.631888820016776,4.393138764973312,1.4500676219256097,37.42494975672375,-1.4452954971329361,2.0082075420219754,2.4104063810475282,1.0073752320122873,0.2380386442186665,True,True,True,True,True,True,False,False,True,reach_liquid,False,0.10317617955691712,False,,,3.0,
A-30ml-f0.25-p+0.0-above-y90-x+0.0-y+0.0,A,yaw,30,0.25,0,above,90,0,0,20,31.74802103936399,12.11256004651333,6.975340422317517,21.48270134647077,False,33.98,29.34,81205,83820,18771,0,0,0,0,0,0,0,0,,8.124499999998438,20.12849999999844,0.594915206436122,0.5828830054460608,9.797905744450441,40.35047282002997,40.60154996848948,99.2269758359172,5.425930196321392,83820,89.9020177049588,0.4197575601829459,0.7729597556945281,9.442322813318665,4.64695717255012,0.5670341148980406,37.64138872344315,0.3268827030135646,0.7870501774752731,0.685152207112669,4.833444788247075e-05,-0.0015534212217648384,True,True,True,True,True,True,False,True,True,reach_liquid,False,0.10323282266667422,True,0.1317696832132758,0.6226291773792413,0.941,
A-20ml-f0.80-p+0.0-above-y0-x+6.0-y+0.0,A,dx,20,0.8,0,above,0,6,0,18,27.734450974025386,34.713620775170696,14.7062261925228,51.237702897736995,False,60.76,28.73,120345,13241,11406,0,0,0,0,0,0,0,0,,8.418999999998798,22.7624999999923,4.38160970491067,6.588349709483452,9.807767884017105,32.080334600668266,32.30932106331029,99.20017554711185,6.9348590575709705,13241,1.132040163726604,130.2423004701296,10.372196074158396,55.147234869594485,-19.162530569276914,4.341598475371056,7.482371346504967,-0.17945359944957692,1.0285632078065674,4.665127218954802,2.2610030073372522,99.07252551545942,True,True,True,False,True,False,False,True,False,lift,False,0.36737103612394195,True,0.24815536416510506,0.21265178625988213,0.327,
A-30ml-f0.25-p+10.0-above-y0-x+0.0-y+0.0,A,pitch,30,0.25,10,above,0,0,0,20,31.74802103936399,12.11256004651333,6.975340422317517,21.48270134647077,False,43.16,28.4,120500,30662,18178,0,0,0,0,0,0,0,0,,9.31249999999989,,4.191119414623453,11.353854481343609,9.808125055618476,40.41716262801586,40.60154996848948,99.1714163267402,3.3126368301834503,30662,90.40596740841534,4.473699138328017,2.2773474467076062,29.243022046193023,-15.314753201176506,9.382419126826555,35.460608259466234,,2.6789317867799793,3.597640320196536,10.245483625141096,100.87468397459095,True,True,True,False,True,True,False,False,False,lift,False,-0.18336412915633446,False,,,0.0,
A-30ml-f0.25-p+0.0-above-y180-x+0.0-y+0.0,A,yaw,30,0.25,0,above,180,0,0,20,31.74802103936399,12.11256004651333,6.975340422317517,21.48270134647077,False,33.57,29.28,81002,83551,18640,0,0,0,0,0,0,0,0,,8.114999999998426,20.159999999998366,0.6131907304459989,0.6128937182529365,9.797905744572288,40.3504496482614,40.60154996848948,99.22701104439247,5.513106617286219,83551,90.0226893433901,0.48578783846087975,0.7031406969806689,9.444443899699525,4.645044248809474,0.5926277050852163,37.63511694383606,0.42497438829763107,0.8904151997999653,0.7075437192925592,7.331524864198132e-05,-0.0015546683923409472,True,True,True,True,True,True,False,True,True,reach_liquid,False,0.10357587998837564,True,0.13493733619805526,0.5809603066352269,0.878,
A-20ml-f0.80-p+0.0-above-y0-x-6.0-y+0.0,A,dx,20,0.8,0,above,0,-6,0,18,27.734450974025386,34.713620775170696,14.7062261925228,51.237702897736995,False,71.82,28.4,105107,8731,20740,0,0,0,0,0,0,0,0,,,,2.5047298940731224,4.256550204438337,9.797855594780184,32.043803395261726,32.30932106331029,99.22480421262324,-4.0189840718573775,8731,0.813922789341433,125.92150894047715,6.972239384115674,58.2692214313106,-22.17640746797883,3.72944585988992,7.612428010988255,,2.651628352569363,0.8367338599147679,1.172719790359192,0.23851173591345917,True,True,True,True,False,False,False,False,True,uncap,False,,False,,,0.0,
A-30ml-f0.25-p+0.0-above-y270-x+0.0-y+0.0,A,yaw,30,0.25,0,above,270,0,0,20,31.74802103936399,12.11256004651333,6.975340422317517,21.48270134647077,False,32.81,29.33,81171,83777,18788,0,0,0,0,0,0,0,0,,8.114499999998426,20.124999999998447,0.5943679991677092,0.5843868736868887,9.797905744464638,40.3504580674488,40.60154996848948,99.22702190579511,5.484971942356774,83777,89.96556363563529,0.45623529725448,0.7731466052598683,9.442185410822987,4.64702385594698,0.5690959199950818,37.640883474525346,0.4165826181684875,0.8337034790201917,0.7001491766955413,5.783016744128528e-05,-0.0015581722179870618,True,True,True,True,True,True,False,True,True,reach_liquid,False,0.1032994123916804,True,0.13052197512351466,0.615965140953387,0.931,
A-30ml-f0.25-p-10.0-above-y0-x+0.0-y+0.0,A,pitch,30,0.25,-10,above,0,0,0,20,31.74802103936399,12.11256004651333,6.975340422317517,21.48270134647077,False,53.47,28.4,91266,15765,23532,0,0,0,0,0,0,0,0,,,,9.875689075845438,11.661967769282127,9.808337854891949,40.318994676682955,40.60154996848948,99.31457296186609,0.4547998680558135,15765,0.9243927944152611,129.2023891993922,0.6011878390557288,9.424591060453384,4.6758671336352835,8.962235425654546,35.56624970518351,,3.9264568484817803,16.373203912488265,9.919501018961638,101.2897488297754,True,True,True,False,False,False,False,False,False,lift,False,,False,,,0.0,
A-30ml-f0.25-p-20.0-above-y0-x+0.0-y+0.0,A,pitch,30,0.25,-20,above,0,0,0,20,31.74802103936399,12.11256004651333,6.975340422317517,21.48270134647077,False,63.06,28.75,94541,12589,7543,0,1326,0,0,0,0,0,0,1.4899999999998914,9.473500000000087,20.56949999999741,9.205835961073683,11.269200745926703,9.80781124702152,42.79070518094221,40.60154996848948,96.89386000279944,0.6896252359283317,12589,1.1236449752960633,130.38416689405076,1.5514237767028785,9.92088930100634,4.393763572929407,20.398526426201226,32.559667365146936,-2.240621042909378,3.4574264817996183,21.16140445590579,19.773097261727763,101.56510320721277,False,True,True,False,True,False,False,False,False,table,False,1.2859531229376435,True,0.2954932518334002,0.2290700655671242,0.351,
A-30ml-f0.25-p-5.0-above-y0-x+0.0-y+0.0,A,pitch,30,0.25,-5,above,0,0,0,20,31.74802103936399,12.11256004651333,6.975340422317517,21.48270134647077,False,66.66,28.4,101632,9889,16796,0,0,0,0,0,0,0,0,,,,8.472885198337158,11.090292215983439,9.80840403525865,40.152886791422866,40.60154996848948,99.88228203419355,-3.6634759858682684,9889,1.5481486090010068,132.12199036499237,1.152794449808711,17.922857985496933,-3.741085805153768,5.274016488385779,36.48439019329824,,3.7229420057299087,18.34793513695053,5.022034816825594,101.05952158057424,True,True,True,False,False,False,False,False,False,lift,False,,False,,,0.0,
A-30ml-f0.25-p+0.0-above-y0-x+0.0-y-3.0,A,dy,30,0.25,0,above,0,0,-3,20,31.74802103936399,12.11256004651333,6.975340422317517,21.48270134647077,False,32.94,29.19,82719,83043,10032,0,0,0,0,0,0,0,0,,8.18349999999851,21.02049999999636,1.1255744902987994,1.2176990042499418,9.797905748584315,40.45988091914129,40.60154996848948,99.12504130051387,5.2966178958222185,83043,89.57116415393156,0.1873127439366726,0.27594873309871515,9.5044410188944,4.5960941065052445,0.9885993073817644,37.53807409054732,0.2219176162518565,0.272802828366241,3.5666940959584856,0.21705957156776742,0.045285839151473384,True,True,True,True,True,True,False,True,True,reach_liquid,False,0.10140252873508825,True,0.11703949839421185,0.5243171467827048,0.793,
A-30ml-f0.25-p+0.0-above-y0-x+0.0-y-6.0,A,dy,30,0.25,0,above,0,0,-6,20,31.74802103936399,12.11256004651333,6.975340422317517,21.48270134647077,False,38.37,31.4,133762,93993,19562,0,0,0,0,0,0,0,0,,8.0109999999983,21.28299999999575,0.7883555259636554,0.537444629655834,9.80838036180734,40.47462519075573,40.60154996848948,99.122235984322,5.743835489447867,93993,88.42092879080076,0.4152338736307291,0.9857393012688901,9.345214858297547,4.759110330582058,0.5906140986661251,37.63561038569041,-0.00820514404577963,0.9997643790722278,16.33957835419807,0.9850886687275435,99.92095155970836,True,True,True,True,True,True,False,True,False,reach_liquid,False,0.11014232615799828,False,,,3.0,
A-30ml-f0.25-p+20.0-above-y0-x+0.0-y+0.0,A,pitch,30,0.25,20,above,0,0,0,20,31.74802103936399,12.11256004651333,6.975340422317517,21.48270134647077,False,67.2,28.4,122791,10564,17513,0,0,0,0,0,0,0,0,,,,10.560686613252912,20.457815623183162,9.80801955360163,40.37256709864183,40.60154996848948,99.19470274934369,-2.4433587536160095,10564,0.9797353856392048,129.93625478721785,2.302494984816911,25.50741126144448,-11.50968425836897,19.527155340101615,32.80135446041157,,0.2000598027556864,9.953273902893189,19.901871155900604,102.76560255109635,True,True,True,False,False,False,False,False,False,lift,False,,False,,,0.0,
A-30ml-f0.25-p+0.0-above-y0-x-3.0-y+0.0,A,dx,30,0.25,0,above,0,-3,0,20,31.74802103936399,12.11256004651333,6.975340422317517,21.48270134647077,False,54.12,31.4,127999,49465,23065,0,0,0,0,0,0,0,0,,9.404000000000002,26.613999999983324,1.1523504779759972,0.6161141154799716,9.79816250014757,40.35945698964556,40.60154996848948,99.20483162700069,0.04899763432224952,49465,79.40912707624237,5.894440987295029,1.5591041611419676,14.094037329560477,0.004469977914048351,0.19887684052741747,37.73160177500943,0.5380205381358466,1.132847287429217,28.527757977360306,90.00041223524273,16.11279512709019,True,True,True,True,True,False,False,True,False,cap_away,False,-0.0024697669746106886,False,,,3.0,
A-30ml-f0.50-p+0.0-above-y0-x+0.0-y+0.0,A,nominal,30,0.5,0,above,0,0,0,20,31.74802103936399,24.22512009302666,13.950680844635034,32.70782143949743,False,31.27,31.4,87763,93904,0,0,0,0,0,0,0,0,0,,8.152999999998473,20.258999999998135,0.7361865482265763,0.7149485354816749,9.797855597234465,40.35123520957155,40.60154996848948,99.22548865430049,5.373936094009414,93904,89.84974890869944,0.2714126193768503,0.09268240512417898,16.117046725830555,10.092715444841957,0.6756081269210651,25.502221905470574,0.12101343309716169,0.6826640781019019,0.8539615030609063,2.960022273089473e-05,-0.001567110379542055,True,True,True,True,True,True,True,True,True,,True,0.10223950973825431,False,,,3.0,
A-30ml-f0.25-p+0.0-above-y0-x+0.0-y+3.0,A,dy,30,0.25,0,above,0,0,3,20,31.74802103936399,12.11256004651333,6.975340422317517,21.48270134647077,False,37.46,31.4,88481,93818,17710,0,0,0,0,0,0,0,0,,8.197499999998527,20.558999999997436,0.639724436698842,0.7550372792517177,9.797855596127809,40.533235323839826,40.60154996848948,99.05286949462189,5.277229041558286,93818,89.63352104003471,0.22705997249733975,0.349709456806322,9.453503927870122,4.636618008627247,0.9911499074416602,37.53744893643597,0.03841917688109028,0.7904918515555408,3.1495867355187626,0.05547268093676314,0.005288813312603456,True,True,True,True,True,True,False,True,True,reach_liquid,False,0.10088141663623477,False,,,3.0,
A-30ml-f0.50-p+5.0-above-y0-x+0.0-y+0.0,A,pitch,30,0.5,5,above,0,0,0,20,31.74802103936399,24.22512009302666,13.950680844635034,32.70782143949743,False,33.16,31.4,87655,84201,4500,0,0,0,0,0,0,0,0,,8.425999999998806,22.725999999992386,1.1116240341644426,1.401164152507266,9.797854857477445,40.28976315342213,40.60154996848948,99.28128962430627,4.693845180854785,84201,80.94091475570761,0.5312034523335416,2.3447023329238803,17.98173531419946,8.169395857009903,1.3671934923145121,25.332708445684343,0.28157072224816626,0.7879224767078682,1.1673855589028492,0.12069795873706896,0.02088012088858726,True,True,True,True,True,True,False,True,True,reach_liquid,False,0.09905958673054996,False,,,3.0,
A-30ml-f0.25-p+0.0-above-y0-x+3.0-y+0.0,A,dx,30,0.25,0,above,0,3,0,20,31.74802103936399,12.11256004651333,6.975340422317517,21.48270134647077,False,51.87,28.4,147849,30086,19108,0,0,0,0,0,0,0,0,,9.286999999999859,,3.4974159007972077,5.362090751788699,9.80832180302451,40.36742324800624,40.60154996848948,99.19029731623647,3.5978238190240637,30086,88.84632409702927,3.1892124542522917,2.399869164910243,13.005457677113856,1.1319753054254282,0.9795436613998558,37.540293628867055,,2.044396658041308,6.439744001562872,8.43297896646376,101.3341980601356,True,True,True,False,True,True,False,False,False,lift,False,-0.14476672389821268,False,,,0.0,
A-30ml-f0.50-p+0.0-side-y0-x+0.0-y+0.0,A,approach,30,0.5,0,side,0,0,0,20,31.74802103936399,24.22512009302666,13.950680844635034,32.70782143949743,False,32.61,31.4,87756,93920,0,0,0,0,0,0,0,0,0,,8.152499999998472,20.25699999999814,0.7348741010791999,0.7113039426310893,9.56731161767578,40.35123444680743,40.60154996848948,99.22548980041901,5.375986455244015,93920,89.84623704913491,0.2741571616108942,0.09223633871843005,16.117431391341142,10.092327358719789,0.6723679674286415,25.503015944001,0.16579127761052853,0.6914575997894639,0.8634739780377952,3.0076592789757522e-05,-0.001567101229476009,True,True,True,True,True,True,True,True,True,,True,0.10244524934242363,False,,,3.0,
A-30ml-f0.25-p+0.0-above-y0-x+0.0-y+6.0,A,dy,30,0.25,0,above,0,0,6,20,31.74802103936399,12.11256004651333,6.975340422317517,21.48270134647077,False,40.97,31.4,131407,92791,9715,0,0,0,0,0,0,0,0,,7.960499999998308,20.250999999998154,0.5470987388823668,0.5011416167094505,9.797855595969477,40.631815863806644,40.60154996848948,98.94718150651889,5.89365961220966,92791,88.29701831561589,0.37611231837003994,0.5618435310636284,8.93075055371174,5.169671641810661,0.3800660393978388,37.68720424151305,0.2763876993254351,0.9793505594939864,6.115307425169347,1.737172379932318e-05,-0.0015491479272933082,True,True,True,True,True,True,False,True,True,reach_liquid,False,0.10546041620943908,False,,,3.0,
A-30ml-f0.50-p+0.0-diagonal-y0-x+0.0-y+0.0,A,approach,30,0.5,0,diagonal,0,0,0,20,31.74802103936399,24.22512009302666,13.950680844635034,32.70782143949743,False,32.67,31.4,87759,93920,0,0,0,0,0,0,0,0,0,,8.151999999998472,20.255999999998142,0.7357145019262104,0.7131165119087335,6.99564715025762,40.351235096570655,40.60154996848948,99.22548911401763,5.37582166404462,93920,89.84799246078867,0.27238390200754087,0.09211603329518075,16.11730939240982,10.092447465835471,0.6731381995019442,25.502827189825478,0.11885008955858727,0.6813182269589215,0.8605981526395258,2.960022273089473e-05,-0.0015670967503883136,True,True,True,True,True,True,True,True,True,,True,0.10260368879386682,False,,,3.0,
A-30ml-f0.50-p+0.0-above-y90-x+0.0-y+0.0,A,yaw,30,0.5,0,above,90,0,0,20,31.74802103936399,24.22512009302666,13.950680844635034,32.70782143949743,False,26.31,29.48,81642,84594,0,0,0,0,0,0,0,0,0,,8.15049999999847,20.142999999998406,0.7406498602589369,0.7286783561651423,9.797905744628597,40.35123067314711,40.60154996848948,99.22543837960158,5.3786562087697405,84594,89.89488383776956,0.34005273447147844,0.09257265213438973,16.11829807533878,10.091456829471712,0.6854236078060972,25.499816501957024,0.1534257399487013,0.6895148175979476,0.8233793258751197,5.284438173484919e-05,-0.0015670084161791794,True,True,True,True,True,True,True,True,True,,True,0.10259402618115177,True,0.12811408320449783,0.7176365709165072,1.083,
A-30ml-f0.50-p-20.0-above-y0-x+0.0-y+0.0,A,pitch,30,0.5,-20,above,0,0,0,20,31.74802103936399,24.22512009302666,13.950680844635034,32.70782143949743,False,45.69,28.4,77371,11056,6641,0,1369,0,0,0,0,0,0,1.4899999999998914,,,7.560649605713276,9.985818319447677,9.797232506478473,42.797516158375466,40.60154996848948,96.91242117964785,0.32572431466743046,11056,1.246637156025014,132.3174605226162,0.361872890761433,24.439454312135492,1.6235917737563998,18.34167246806645,21.01346989361962,,0.20010762213549746,15.667042108193725,4.724650354710465,1.1519666819011913,False,True,True,False,False,False,False,False,False,table,False,,False,,,0.0,
A-30ml-f0.25-p+0.0-above-y0-x+6.0-y+0.0,A,dx,30,0.25,0,above,0,6,0,20,31.74802103936399,12.11256004651333,6.975340422317517,21.48270134647077,False,62.7,28.4,102048,15248,24400,0,0,0,0,0,0,0,0,,,,4.155493923386408,3.75530052091489,9.808403250018575,40.37256732236842,40.60154996848948,99.19988081028114,0.333401916801368,15248,0.8750561462043654,131.17448332341345,4.418477775797076,63.802645290591485,-49.61594724064175,1.9536954666525745,37.30143727147343,,0.20020471273260346,15.781436868353788,2.064171536058416,100.40827838464709,True,True,True,False,False,False,False,False,False,lift,False,,False,,,0.0,
A-30ml-f0.50-p+0.0-above-y180-x+0.0-y+0.0,A,yaw,30,0.5,0,above,180,0,0,20,31.74802103936399,24.22512009302666,13.950680844635034,32.70782143949743,False,27.77,29.47,81594,84452,0,0,0,0,0,0,0,0,0,,8.151499999998471,20.16649999999835,0.7398994277997729,0.7304152639188931,9.79790574450281,40.35121718472803,40.60154996848948,99.22546762266433,5.376698340717599,84452,89.89968033609095,0.34051871724907756,0.09321374934155546,16.118377187391797,10.09138347384736,0.6885827956333423,25.49904230229131,0.15127563715749237,0.7090119572459217,0.8271261122176166,6.54906162688595e-05,-0.001567529891877813,True,True,True,True,True,True,True,True,True,,True,0.10259573761624405,True,0.13218373644647366,0.7076293560364023,1.068,
A-30ml-f0.50-p+10.0-above-y0-x+0.0-y+0.0,A,pitch,30,0.5,10,above,0,0,0,20,31.74802103936399,24.22512009302666,13.950680844635034,32.70782143949743,False,49.24,28.7,131898,33512,17536,0,0,0,0,0,0,0,0,,9.331999999999914,20.910999999996616,4.2787759077521015,10.709669942336,9.809957338032818,40.386477202026526,40.60154996848948,99.19060874802202,2.962482237577703,33512,89.81900752601011,4.414186367984302,1.9862608997946178,41.9558256768829,-15.847288747521837,9.523791632388692,23.312447701883332,-1.0592426040700273,1.8675458056666825,3.4536565301637525,10.055426516667197,101.04088610085542,True,True,True,False,True,True,False,False,False,lift,False,-0.18695079837753847,True,0.3496380852255706,0.19400476831188593,0.299,
A-30ml-f0.25-p+0.0-above-y0-x-6.0-y+0.0,A,dx,30,0.25,0,above,0,-6,0,20,31.74802103936399,12.11256004651333,6.975340422317517,21.48270134647077,False,75.42,28.4,84191,13927,17589,0,0,0,0,0,0,0,0,,,,2.021256540845838,4.517356481782348,9.797855594301762,40.324734962695715,40.60154996848948,99.22198959164876,-1.5718760606024533,13927,3.53078570197023,125.76688485432491,3.794715863914564,16.707396261809993,-2.4422760595275568,2.6078995276363646,37.140883154519756,,0.19977868369936583,1.0943572370400285,2.035858071372576,0.4920793386871257,True,True,True,True,False,False,False,False,True,uncap,False,,False,,,0.0,
A-30ml-f0.50-p+0.0-above-y270-x+0.0-y+0.0,A,yaw,30,0.5,0,above,270,0,0,20,31.74802103936399,24.22512009302666,13.950680844635034,32.70782143949743,False,28.25,29.47,81593,84488,0,0,0,0,0,0,0,0,0,,8.147999999998467,20.147999999998394,0.7400225602904617,0.7245950805513807,9.797905744480383,40.35123308837894,40.60154996848948,99.22546743804112,5.387032531380085,84488,89.89783342729537,0.33585800684986616,0.09250720682672522,16.1181068501357,10.091649231304359,0.6831096395502136,25.50038356903249,0.21888505621191764,0.7053885799774863,0.8229502648076759,4.139701814344122e-05,-0.0015673999185736721,True,True,True,True,True,True,True,True,True,,True,0.10250694320939734,True,0.12586068466164826,0.7076379714518846,1.068,
A-30ml-f0.50-p-10.0-above-y0-x+0.0-y+0.0,A,pitch,30,0.5,-10,above,0,0,0,20,31.74802103936399,24.22512009302666,13.950680844635034,32.70782143949743,False,60.08,28.4,68029,10151,22859,0,0,0,0,0,0,0,0,,,,11.526185672839508,15.942667916141307,9.797856096280235,40.32492153363175,40.60154996848948,99.29394130546842,0.3972126713129645,10151,1.1026354242250562,128.55481592239815,3.691026910285755,66.67876622069546,-40.08854091564864,5.062581458186028,24.424061476067575,,2.005422591441961,9.105374639744275,6.27305215740094,1.5302327310686528,True,True,True,False,False,False,False,False,False,lift,False,,False,,,0.0,
A-30ml-f0.50-p+0.0-above-y0-x+0.0-y+3.0,A,dy,30,0.5,0,above,0,0,3,20,31.74802103936399,24.22512009302666,13.950680844635034,32.70782143949743,False,25.64,28.87,80067,81256,0,0,0,0,0,0,0,0,0,,8.197999999998528,21.302999999995702,0.9254125094723363,1.019019546411439,9.797905744044758,40.52884988234111,40.60154996848948,99.05653336026546,5.265463182103101,81256,89.91247479778104,0.20906600323366664,0.8519908187354555,16.25523743202149,9.970078576260907,1.240840662821496,25.363684437370303,0.24150496759317724,0.7117916341095658,3.123426462816406,1.8899085298673496e-05,-0.0015625978999347957,True,True,True,True,True,True,True,True,True,,True,0.1004798207561702,True,0.13299250937904722,0.3059773530534074,0.466,
A-30ml-f0.50-p+0.0-above-y0-x+0.0-y-3.0,A,dy,30,0.5,0,above,0,0,-3,20,31.74802103936399,24.22512009302666,13.950680844635034,32.70782143949743,False,30.2,28.7,82963,80837,0,0,0,0,0,0,0,0,0,,8.186999999998514,21.066499999996253,1.2354119130273027,1.2025035657309815,9.797905745838504,40.45772882989575,40.60154996848948,99.12637958325409,5.288210648602708,80837,89.59420770302471,0.1879989101748418,0.7431748383395159,16.203932535971063,10.017231728854755,1.0664989617519296,25.406420331494214,0.23600685054285384,0.2785161369921874,3.527691103702017,0.12500839028927369,0.02189989838907165,True,True,True,True,True,True,True,True,True,,True,0.10093314776019807,True,0.10164481272793127,0.19600181580237183,0.301,
A-30ml-f0.50-p+0.0-above-y0-x+0.0-y-6.0,A,dy,30,0.5,0,above,0,0,-6,20,31.74802103936399,24.22512009302666,13.950680844635034,32.70782143949743,False,33.96,31.4,131009,94034,0,0,0,0,0,0,0,0,0,,8.086999999998392,20.764999999996956,0.5789786966969059,0.5188053420578161,9.797855595706672,40.520588591636546,40.60154996848948,99.06837110670803,5.538550315722944,94034,88.19350125944123,0.1659830927374556,1.22519195162535,16.334025506817085,9.884076737445596,0.420916840554199,25.564634129776152,0.274699404518826,0.9530890119573258,6.05247694466644,2.5037558139104298e-05,-0.0015625961729908715,True,True,True,True,True,True,True,True,True,,True,0.103522372867458,False,,,3.0,
A-30ml-f0.50-p-5.0-above-y0-x+0.0-y+0.0,A,pitch,30,0.5,-5,above,0,0,0,20,31.74802103936399,24.22512009302666,13.950680844635034,32.70782143949743,False,73.6,28.4,98978,9678,6646,0,0,0,0,0,0,0,0,,,,9.569310255357836,12.955410064035995,9.810107368022486,40.1753993124649,40.60154996848948,100.03345022575257,-3.471343458662762,9678,1.4052695369881862,131.84106327838606,1.9292368315893125,21.259336328969233,5.084513855990708,5.885679210905185,24.220523920849235,,5.642924984876977,10.508607807740947,7.112797862048665,101.2070526618651,True,True,True,False,False,False,False,False,False,lift,False,,False,,,0.0,
A-30ml-f0.80-p+0.0-above-y0-x+0.0-y+0.0,A,nominal,30,0.8,0,above,0,0,0,20,31.74802103936399,38.76019214884267,22.32108935141606,47.24289349531343,False,30.5,28.7,78974,81049,0,0,0,0,0,0,0,0,0,,8.185999999998513,20.352499999997917,0.8637070150795694,0.9838635868975026,9.79790574935173,40.34998182309683,40.60154996848948,99.22303661453216,5.312975978891917,81049,89.65429782466187,0.23321524880912176,0.09305901041735853,30.625284691006854,10.117719223001808,0.5743291003824841,10.991968970633739,0.11054668966338932,0.6836806326697418,1.0720005494565572,0.18161927376974535,0.03574442562858566,True,True,True,True,True,True,True,True,True,,True,0.10140678161166727,True,0.17802322233356496,0.19588103555075126,0.301,
A-30ml-f0.50-p+0.0-above-y0-x+3.0-y+0.0,A,dx,30,0.5,0,above,0,3,0,20,31.74802103936399,24.22512009302666,13.950680844635034,32.70782143949743,False,42.45,28.4,155468,30267,13675,0,0,0,0,0,0,0,0,,9.305499999999881,,1.9462400539513929,2.4442787885867276,9.81005220515141,40.36316418261508,40.60154996848948,99.20306534799211,3.512103828457701,30267,88.0124007015908,3.6169945661165337,2.115170609094045,28.661978204006903,-2.4251889762741676,0.7463070291462571,25.4848960499757,,3.6682968468202963,11.271616457730005,1.4730330996090735,99.6487165480507,True,True,True,True,True,True,False,False,False,reach_liquid,False,-0.14841533902019116,False,,,0.0,
A-30ml-f0.50-p+20.0-above-y0-x+0.0-y+0.0,A,pitch,30,0.5,20,above,0,0,0,20,31.74802103936399,24.22512009302666,13.950680844635034,32.70782143949743,False,71.36,28.4,102157,10326,5687,0,0,0,0,244,0,0,0,,,,11.328644939389989,18.78312487382007,9.797849961866348,40.37258107276517,40.60154996848948,99.1926526538977,-4.278662367887605,10326,3.3211727418325756,130.4697396748284,5.652226475093922,17.84765312198077,6.83635955082379,13.366361673997014,22.331907642566375,,4.8769077460262515,12.337431388145163,0.0038335097489515437,-0.0010792849146573748,True,True,True,False,False,False,False,False,False,lift,False,,False,,,0.0,
A-30ml-f0.50-p+0.0-above-y0-x+0.0-y+6.0,A,dy,30,0.5,0,above,0,0,6,20,31.74802103936399,24.22512009302666,13.950680844635034,32.70782143949743,False,40.73,31.4,131377,92754,0,0,0,0,0,0,0,0,0,,8.07699999999838,20.37749999999786,0.6778569447019487,0.6400935661631887,9.797855598363588,40.53176486471692,40.60154996848948,99.04682859783271,5.582090796537729,92754,88.19890567836289,0.20155363089252043,1.2700267951404376,16.30535588258808,9.913622976198216,0.44748026408898495,25.558124982659066,0.26690381415428716,0.7647648321079495,6.062637645500767,1.6333651602943885e-05,-0.0015625973272485332,True,True,True,True,True,True,True,True,True,,True,0.10377308013651797,False,,,3.0,
A-30ml-f0.80-p+0.0-diagonal-y0-x+0.0-y+0.0,A,approach,30,0.8,0,diagonal,0,0,0,20,31.74802103936399,38.76019214884267,22.32108935141606,47.24289349531343,False,27.6,28.7,79116,80363,0,0,0,0,0,0,0,0,0,,8.184499999998511,20.35099999999792,0.5649519129201964,0.5469935514162979,6.995682779799423,40.349981489995585,40.60154996848948,99.22303690625178,5.316422743303815,80363,89.65843370652885,0.231702688746286,0.0938150346471508,30.625356732227978,10.11764093962067,0.5740338733907098,10.992041316674477,0.22864137354965938,0.713343040491254,0.5712331136807404,0.03351537120978779,-0.000545241465127149,True,True,True,True,True,True,True,True,True,,True,0.10159069371328457,True,0.15106730524872877,0.19594586211777182,0.301,
A-30ml-f0.80-p+0.0-side-y0-x+0.0-y+0.0,A,approach,30,0.8,0,side,0,0,0,20,31.74802103936399,38.76019214884267,22.32108935141606,47.24289349531343,False,28.72,28.7,78965,81130,0,0,0,0,0,0,0,0,0,,8.18299999999851,20.35199999999792,0.9269191260356711,1.0927178130245805,9.567362022321786,40.34998108588451,40.60154996848948,99.22303735796868,5.318941347436996,81130,89.65991692652076,0.2304090887423028,0.09362597057155854,30.625409588983914,10.117591526956044,0.5735166814890741,10.99216805569941,0.5545267000731574,0.8796375258744709,1.0780611733171288,0.16441054926685736,0.03157056266145312,True,True,True,True,True,True,True,True,True,,True,0.10160544568326156,True,0.16533079865452416,0.19589343470658904,0.301,
A-30ml-f0.80-p+5.0-above-y0-x+0.0-y+0.0,A,pitch,30,0.8,5,above,0,0,0,20,31.74802103936399,38.76019214884267,22.32108935141606,47.24289349531343,False,36.51,31.4,87603,85334,4447,0,0,0,0,0,0,0,0,,8.456999999998844,22.71599999999241,1.097252475782954,1.3561142897130027,9.797854857613085,40.29384262361456,40.60154996848948,99.27732911077811,4.5803495208306195,85334,80.71466525262521,0.5821372741047134,1.4094917586855813,32.554770121512455,8.154167567088756,1.3513873246507002,10.801511518620345,0.11799460001368083,0.6665280185122507,1.1876283784257473,0.15628022327181493,0.0295299294960447,True,True,True,True,True,True,False,True,True,reach_liquid,False,0.09321590301417437,False,,,3.0,
A-30ml-f0.50-p+0.0-above-y0-x-3.0-y+0.0,A,dx,30,0.5,0,above,0,-3,0,20,31.74802103936399,24.22512009302666,13.950680844635034,32.70782143949743,False,59.73,28.4,138808,33926,12934,0,0,0,0,0,0,0,0,,9.405500000000004,,1.9455544783771097,3.386884467211483,9.810137876529387,40.36283457324743,40.60154996848948,99.1990619574357,-0.014949452655892148,33926,78.87147324337587,6.1643929165213756,1.4521932373732298,26.17852018664807,0.0250468510179791,0.355995973378151,25.58054227010041,,2.7733551423372393,11.397846426413848,3.0820055710598706,100.64056309534854,True,True,True,True,True,False,False,False,False,cap_away,False,0.009521071953480087,False,,,0.0,
A-30ml-f0.80-p-20.0-above-y0-x+0.0-y+0.0,A,pitch,30,0.8,-20,above,0,0,0,20,31.74802103936399,38.76019214884267,22.32108935141606,47.24289349531343,False,57.75,28.4,83710,7352,10149,0,1308,0,0,0,0,0,0,1.4899999999998914,,,12.459562181498438,15.25703769607831,9.811603103925412,42.80410493109923,40.60154996848948,96.86166582630686,0.20090768096674844,7352,1.0228239791206641,132.43778046895088,7.665668020010449,74.29800699727399,-31.361647074834213,11.65229398883428,8.237541187368006,,2.5432564106237536,20.739048916278048,20.602618760936284,100.99703161310835,False,True,True,False,False,False,False,False,False,table,False,,False,,,0.0,
A-30ml-f0.80-p+0.0-above-y90-x+0.0-y+0.0,A,yaw,30,0.8,0,above,90,0,0,20,31.74802103936399,38.76019214884267,22.32108935141606,47.24289349531343,False,38.4,31.4,87761,93644,0,0,0,0,0,0,0,0,0,,8.184499999998511,20.34699999999793,0.5655497809426353,0.5485608095837409,9.797855596791159,40.34997576383914,40.60154996848948,99.22300377192397,5.315717224095136,93644,89.66311106208943,0.23239564488350878,0.09422188933695991,30.625408921004034,10.11757699294158,0.5762650154655461,10.991494570087399,0.17800077830406677,0.6994930770814889,0.6448478644833494,2.4403593007804733e-05,-0.0015471662906351273,True,True,True,True,True,True,True,True,True,,True,0.10162359299267242,False,,,3.0,
A-30ml-f0.80-p+0.0-above-y270-x+0.0-y+0.0,A,yaw,30,0.8,0,above,270,0,0,20,31.74802103936399,38.76019214884267,22.32108935141606,47.24289349531343,False,34.47,28.7,79947,78657,0,0,0,0,0,0,0,0,0,,8.181999999998508,20.35199999999792,1.525714338574426,2.570665327066467,9.79790575019647,40.34997815873133,40.60154996848948,99.22302402137022,5.320153771680235,78657,89.66390621579,0.23771417551748603,0.09317878770797527,30.624722831383508,10.118277591037755,0.5754799390912958,10.99168695493901,-2.0835611199552915,4.618898686746789,2.109964772141411,1.777047065506256,0.42514934781123537,True,True,True,True,True,True,True,False,True,recap,False,0.10136390281499592,True,0.40068807505321946,0.19553687517828047,0.301,
A-30ml-f0.80-p+0.0-above-y180-x+0.0-y+0.0,A,yaw,30,0.8,0,above,180,0,0,20,31.74802103936399,38.76019214884267,22.32108935141606,47.24289349531343,False,40.14,28.71,75111,78403,0,0,0,0,0,0,0,0,0,,8.182499999998509,20.340999999997944,3.738916527992148,4.81017860685449,9.797905744618758,40.34996778099459,40.60154996848948,99.22302302775815,5.32193117020683,78403,89.68167241353888,0.23666371834761588,0.0952203845380937,30.62534191617482,10.117617016487168,0.581274221669079,10.99026705082125,-0.3563556633440309,1.2970994663451065,5.2893778355942285,11.056681920332577,2.6877775440001948,True,True,True,False,True,True,True,True,False,lift,False,0.10175380491623207,True,0.3085466023124644,0.20067741041399406,0.309,
A-30ml-f0.80-p+10.0-above-y0-x+0.0-y+0.0,A,pitch,30,0.8,10,above,0,0,0,20,31.74802103936399,38.76019214884267,22.32108935141606,47.24289349531343,False,55.19,28.4,108634,7588,25844,2494,0,0,0,0,0,0,0,,,,4.466121281196069,10.846588871450614,9.811954486192105,40.373579018371146,40.60154996848948,99.1870637088487,-3.424097530586638,7588,1.5715646977261464,131.92108263405692,3.2057596198193297,65.33948266228272,-24.778965887257755,9.948296812407975,8.670297398250007,,3.866675450322518,4.064674166318248,10.242797362097502,100.58793756543399,True,True,True,False,False,False,False,False,False,lift,False,,False,,,0.0,
A-30ml-f0.80-p+0.0-above-y0-x+0.0-y-3.0,A,dy,30,0.8,0,above,0,0,-3,20,31.74802103936399,38.76019214884267,22.32108935141606,47.24289349531343,False,28.97,29.58,84077,85260,0,0,0,0,0,0,0,0,0,,8.184499999998511,21.00749999999639,1.0552276807952,1.1410760871974264,9.797905749728288,40.46376467050004,40.60154996848948,99.11551707980351,5.293680807393487,85260,89.31118413554873,0.16586955285467642,0.4372639077213424,30.728500205698285,10.020986501213747,0.9060075737534241,10.91068478300747,0.22148535162392757,0.24415144042694115,3.6440283474285176,0.21922011373495495,0.045003444057209234,True,True,True,True,True,True,True,True,True,,True,0.10029228027039905,True,0.15649793905443948,0.7792728419709529,1.176,
A-30ml-f0.50-p+0.0-above-y0-x+6.0-y+0.0,A,dx,30,0.5,0,above,0,6,0,20,31.74802103936399,24.22512009302666,13.950680844635034,32.70782143949743,False,78.13,28.4,100481,6642,32137,7223,0,0,0,0,0,0,0,,,,2.5183418200390255,3.458604110193968,9.810142604893429,40.372581686795805,40.60154996848948,99.19817025307175,-0.5965287019357932,6642,1.417693916190314,131.31922787015367,5.558910452836131,68.26659997664989,-42.08346405772226,1.8451000208771617,25.21551538348654,,1.468563098437314,14.590294404469395,0.9692882182766733,100.16529766659555,True,True,True,True,False,False,False,False,False,uncap,False,,False,,,0.0,
A-30ml-f0.80-p+0.0-above-y0-x+3.0-y+0.0,A,dx,30,0.8,0,above,0,3,0,20,31.74802103936399,38.76019214884267,22.32108935141606,47.24289349531343,False,37.45,31.4,170973,28457,13346,0,0,0,0,0,0,0,0,,9.300999999999876,22.786999999992243,0.865431035847229,1.3678734144539282,9.812189904451921,40.36334734046062,40.60154996848948,99.20109220511945,3.5946779551278354,28457,88.0358799968116,3.672725709902677,1.8850701426426193,43.59083445043836,-2.8250478182853533,0.6548463861100502,10.972237736055215,-0.1285795798985105,1.0035942379991818,10.752150740222765,0.7411257980031905,99.81599693921973,True,True,True,True,True,True,False,True,False,reach_liquid,False,-0.1469010948736853,False,,,3.0,
A-30ml-f0.80-p+0.0-above-y0-x+0.0-y+6.0,A,dy,30,0.8,0,above,0,0,6,20,31.74802103936399,38.76019214884267,22.32108935141606,47.24289349531343,False,30.3,31.4,131277,93861,0,0,0,0,0,0,0,0,0,,7.915999999998332,20.502999999997567,0.42867738367589164,0.3368657105757261,9.797855596445693,40.543702008957354,40.60154996848948,99.0336449098692,6.024360390095497,93861,88.09171318125198,0.5766576212820661,1.1604642123802835,30.84176530830217,9.90631209270107,0.18204354609141352,11.088094340832335,0.2725714752699077,0.8555764290659127,6.059970697952994,1.4489019236708837e-05,-0.0015433672698787102,True,True,True,True,True,True,True,True,True,,True,0.10737080112308663,False,,,3.0,
A-30ml-f0.80-p+0.0-above-y0-x+0.0-y+3.0,A,dy,30,0.8,0,above,0,0,3,20,31.74802103936399,38.76019214884267,22.32108935141606,47.24289349531343,False,30.03,31.4,90392,93752,0,0,0,0,0,0,0,0,0,,8.197999999998528,21.297499999995715,0.8747223941426399,0.984540391225292,9.797855596447615,40.524704937951775,40.60154996848948,99.05621928362007,5.261875020761426,93752,89.79301207986413,0.2119772818234926,0.5264595226580251,30.75814839241448,9.994507959636689,1.1373605332861378,10.853978805397652,0.24378659902076982,0.7492695719398963,3.345846838768506,1.9186176448475686e-05,-0.0015433698925928746,True,True,True,True,True,True,True,True,True,,True,0.1003654124603037,False,,,3.0,
A-30ml-f0.80-p-5.0-above-y0-x+0.0-y+0.0,A,pitch,30,0.8,-5,above,0,0,0,20,31.74802103936399,38.76019214884267,22.32108935141606,47.24289349531343,False,69.49,28.4,76472,7001,0,0,0,0,0,0,0,0,0,,,,5.036284748678156,12.475193336028854,9.798224921547492,40.19919612123083,40.60154996848948,99.57730673769167,-3.2602890517666876,7001,4.9412625262005925,128.83466814480025,0.84238220532429,29.20875858404396,11.478300590700762,2.9026678258033125,10.420857225062626,,13.648368786780804,9.198435126151232,61.05925111086595,13.120408947177824,True,True,True,False,False,False,True,False,False,lift,False,,False,,,0.0,
A-30ml-f0.80-p+20.0-above-y0-x+0.0-y+0.0,A,pitch,30,0.8,20,above,0,0,0,20,31.74802103936399,38.76019214884267,22.32108935141606,47.24289349531343,False,62.6,28.4,98520,11348,6488,0,0,0,0,16,0,0,0,,,,7.383705845746284,14.758553178589114,9.797849659250229,40.37256220728587,40.60154996848948,99.19022919757417,-3.1693044464982596,11348,2.489409380944543,127.44456937759932,3.9939478301079037,33.68700992184547,5.967447728241259,13.121518124502384,7.860152353009903,,0.20005063310796678,6.315188638129989,1.748351243807878,0.4194189255965555,True,True,True,False,False,False,False,False,True,lift,False,,False,,,0.0,
A-30ml-f0.80-p-10.0-above-y0-x+0.0-y+0.0,A,pitch,30,0.8,-10,above,0,0,0,20,31.74802103936399,38.76019214884267,22.32108935141606,47.24289349531343,False,75.8,28.4,122679,10066,14022,0,0,0,0,0,0,0,0,,,,10.219271510025903,11.70766632515231,9.811485843740593,40.33049789787805,40.60154996848948,99.27094575405604,-2.7224784240392625,10066,1.8882286199573408,131.71707711533656,1.1261979281786223,47.816085327265085,-6.784880721086573,10.626675665185935,8.498597593593601,,4.84455851138888,7.868474717548193,10.026984086439455,99.49125231505974,True,True,True,False,False,False,False,False,False,lift,False,,False,,,0.0,
A-30ml-f0.50-p+0.0-above-y0-x-6.0-y+0.0,A,dx,30,0.5,0,above,0,-6,0,20,31.74802103936399,24.22512009302666,13.950680844635034,32.70782143949743,False,89.07,28.4,92952,8050,17596,0,0,0,0,2071,0,0,0,,,,3.266749801545203,5.39717268596619,9.809802266799242,40.325501966655764,40.60154996848948,99.22105493989457,-3.7332325815625236,8050,3.4841817666974855,125.82089349773706,8.125792955805087,71.53492906759136,-45.60280723524793,2.726017600792441,24.999318105929547,,8.002323220742568,15.295646975395943,7.742708919993077,100.13342217378724,True,True,True,False,False,False,False,False,False,lift,False,,False,,,0.0,
A-30ml-f0.80-p+0.0-above-y0-x+0.0-y-6.0,A,dy,30,0.8,0,above,0,0,-6,20,31.74802103936399,38.76019214884267,22.32108935141606,47.24289349531343,False,41.88,31.4,131420,94010,0,0,0,0,0,0,0,0,0,,8.054999999998353,20.67699999999716,0.41860591640554967,0.3457770429055677,9.797855596848745,40.50597347341656,40.60154996848948,99.078687621149,5.635259876813105,94010,87.95759558211536,0.23857965355082073,1.0712502354904072,30.822061531180132,9.926595079563533,0.2364601231585265,11.074760596089064,0.2648030620424872,0.8229934941172693,6.007753437898993,1.1229639039294082e-05,-0.0015433671961930977,True,True,True,True,True,True,True,True,True,,True,0.10440335629597493,False,,,3.0,
A-30ml-f0.80-p+0.0-above-y0-x-3.0-y+0.0,A,dx,30,0.8,0,above,0,-3,0,20,31.74802103936399,38.76019214884267,22.32108935141606,47.24289349531343,False,46.27,31.4,127357,36090,12799,0,0,0,0,0,0,0,0,,9.408500000000007,22.820999999992164,1.5162687396392363,2.827380195652984,9.812223942134095,40.363808793550355,40.60154996848948,99.20084430609997,0.1879270437994962,36090,77.60783439677175,6.536793917323061,1.5920375246788234,42.78886442539669,-2.0438029801054522,0.18775318700541244,11.086695306377043,0.0880564789851051,0.9931175212270814,6.255642859235657,9.918524687318389,102.29672560910015,True,True,True,True,True,False,False,True,False,cap_away,False,0.07032970715110676,False,,,3.0,
A-50ml-f0.25-p-20.0-above-y0-x+0.0-y+0.0,A,pitch,50,0.25,-20,above,0,0,0,25,37.64144115524114,13.984229076838627,11.769942152291096,11.93839640534348,False,47.09,28.4,90384,28417,18483,0,0,0,0,0,0,0,0,,9.407500000000006,,16.71681286964572,18.227158170017475,9.814001038573599,51.239572793825644,51.498422743697716,99.11180146628735,0.9975649335609155,28417,85.76548422611108,9.560869593144226,0.1931402322252293,23.38147176036073,-6.692843652152919,16.830048250299075,39.416800360032966,,6.121535903839284,14.598290249527912,18.308243938726243,101.2081142178079,True,True,True,False,True,False,False,False,False,lift,False,1.8394131425092377,False,,,0.0,
A-50ml-f0.25-p+5.0-above-y0-x+0.0-y+0.0,A,pitch,50,0.25,5,above,0,0,0,25,37.64144115524114,13.984229076838627,11.769942152291096,11.93839640534348,False,32.43,31.4,87157,90356,0,0,0,0,0,0,0,0,0,,9.259999999999826,19.907999999998953,5.425788043004915,4.693773078921895,9.797854854081931,51.22450963333083,51.498422743697716,99.28138663553347,4.553063012251238,90356,83.50825305824482,0.6324940919481008,0.42304844259023977,5.915552718959981,10.372052138629462,3.7251575328288693,43.42093605130167,0.3748106700416659,1.0161289914015843,6.3854852550588355,0.053161226089532436,0.00720399227923689,True,True,True,False,True,True,True,True,True,lift,False,0.015127528688665109,False,,,3.0,
A-50ml-f0.25-p-5.0-above-y0-x+0.0-y+0.0,A,pitch,50,0.25,-5,above,0,0,0,25,37.64144115524114,13.984229076838627,11.769942152291096,11.93839640534348,False,39.79,31.4,157943,35776,8147,0,0,0,0,0,0,0,0,,9.325499999999906,22.83499999999213,0.8776580362723189,0.7999394733958025,9.813689550097704,51.12467382846341,51.498422743697716,99.2153947587494,4.381289212899792,35776,88.15517198072476,4.605891370354705,3.1553967384735433,22.829260237059028,-6.187685944978289,5.120717727416881,43.00760393008882,0.7960894406792759,1.2499790933625168,7.8175734833124135,5.092247987816989,99.30170522205452,True,True,True,True,True,True,False,True,False,reach_liquid,False,-0.15475627975709583,False,,,3.0,
A-50ml-f0.25-p-10.0-above-y0-x+0.0-y+0.0,A,pitch,50,0.25,-10,above,0,0,0,25,37.64144115524114,13.984229076838627,11.769942152291096,11.93839640534348,False,51.16,28.4,74972,39358,3318,0,0,0,0,0,0,0,0,,9.378999999999971,,13.614766672521018,16.014847224827264,9.797856054388793,51.23140563749731,51.498422743697716,99.34561582501269,2.459590920718388,39358,89.71525268223482,4.593928401235675,1.6357648257713993,7.928136433018896,8.173121604251362,7.3456325014043475,42.34468840252295,,4.993271105641893,12.281939776507343,0.8294435569876711,0.20371734849225434,True,True,True,False,True,True,False,False,False,lift,False,-0.11282377070765705,False,,,0.0,
A-50ml-f0.25-p+0.0-side-y0-x+0.0-y+0.0,A,approach,50,0.25,0,side,0,0,0,25,37.64144115524114,13.984229076838627,11.769942152291096,11.93839640534348,False,30.71,28.4,58177,65648,13,0,0,0,0,37,0,0,0,,8.730499999999179,,8.55907040989386,8.25641775876123,9.567311629079311,51.246147322080574,51.498422743697716,99.23996535946027,5.074843377494739,65648,90.12936464938272,0.4836733013548597,1.0220843593870668,6.208287149321741,10.14903185227256,1.2941248301590966,44.13811577380824,,1818.0968331987467,8.53335069952861,1.0499736031384992,0.3040852305332088,True,True,True,False,True,True,False,False,True,lift,False,0.06740586706888883,False,,,0.0,
A-50ml-f0.25-p+0.0-diagonal-y0-x+0.0-y+0.0,A,approach,50,0.25,0,diagonal,0,0,0,25,37.64144115524114,13.984229076838627,11.769942152291096,11.93839640534348,False,30.85,28.4,58147,65518,0,0,0,0,0,38,0,0,0,,8.727999999999176,,8.598135796147114,8.30643671271241,6.995647142343013,51.24615043983333,51.498422743697716,99.23996284757955,5.077041513999917,65518,90.13209402406613,0.4836417263957829,1.0222204817770917,6.208206463279316,10.149121812473835,1.294573998948869,44.137983470896984,,2500.404724296067,8.564005140018352,0.7702112201734643,0.2165729402763976,True,True,True,False,True,True,True,False,True,lift,False,0.06740230325063679,False,,,0.0,
A-50ml-f0.25-p+0.0-above-y0-x+0.0-y+0.0,A,nominal,50,0.25,0,above,0,0,0,25,37.64144115524114,13.984229076838627,11.769942152291096,11.93839640534348,False,44.17,28.4,58917,68084,5,0,0,0,0,35,0,0,0,,8.73149999999918,,8.828050976702347,8.33276216941508,9.797855587276173,51.24615216918924,51.498422743697716,99.23996105167727,5.072772422503008,68084,90.12688739168222,0.4845225452485714,1.0219205421484319,6.20801903356503,10.149294914894122,1.2940319000421299,44.13814314641887,,4.23310214359949,8.838656357148057,0.458427158388655,0.12295613144672933,True,True,True,False,True,True,False,False,True,lift,False,0.06736995836183879,False,,,0.0,
A-30ml-f0.80-p+0.0-above-y0-x-6.0-y+0.0,A,dx,30,0.8,0,above,0,-6,0,20,31.74802103936399,38.76019214884267,22.32108935141606,47.24289349531343,False,78.02,28.4,83187,8059,14580,0,0,0,0,0,0,0,0,,,,3.2442222565722214,4.706337844335646,9.812219281390693,40.33132491157871,40.60154996848948,99.21697067476063,-3.8198843824810353,8059,3.201615738540386,126.29912843380502,7.981363174760444,73.27816509381806,-32.791459586794716,2.459886823490413,10.529589302416515,,5.387292102780827,8.243643937569733,14.897687815292974,103.41839560740898,True,True,True,False,False,False,False,False,False,lift,False,,False,,,0.0,
A-30ml-f0.80-p+0.0-above-y0-x+6.0-y+0.0,A,dx,30,0.8,0,above,0,6,0,20,31.74802103936399,38.76019214884267,22.32108935141606,47.24289349531343,False,72.93,28.4,92974,6546,46180,2477,0,0,0,0,0,0,0,,,,2.3113920976924773,3.7863320517652794,9.812231676275276,40.37256285971345,40.60154996848948,99.19615650746532,-3.5745864849271585,6546,1.8874743256559512,133.37302151606534,7.086381187584768,72.76310639283248,-32.21829284146002,2.748409859996832,10.458746786026852,,4.3275583832442805,13.980108766467726,1.2868602748081324,100.3669159519625,True,True,True,True,False,False,False,False,False,uncap,False,,False,,,0.0,
A-50ml-f0.25-p+0.0-above-y90-x+0.0-y+0.0,A,yaw,50,0.25,0,above,90,0,0,25,37.64144115524114,13.984229076838627,11.769942152291096,11.93839640534348,False,37.54,28.4,58417,66431,811,0,0,0,0,34,0,0,0,,8.702499999999144,,8.540307256739105,8.308892784216061,9.797855594636202,51.24614644039208,51.498422743697716,99.23986543713293,4.971356815087036,66431,89.99970330700054,0.6791269645503085,2.1680794298082544,5.9312983374052735,10.503188137281683,2.9471728537473774,43.65075679158238,,4.940722686076049,8.233623393564141,0.694713742561509,0.19372476098962654,True,True,True,False,True,True,False,False,True,lift,False,0.06769242869920084,False,,,0.0,
A-50ml-f0.25-p+0.0-above-y270-x+0.0-y+0.0,A,yaw,50,0.25,0,above,270,0,0,25,37.64144115524114,13.984229076838627,11.769942152291096,11.93839640534348,False,38.65,28.4,57256,65735,668,0,0,0,0,33,0,0,0,,8.694499999999135,,8.50521618151289,8.287495740235997,9.797855591005696,51.24614906949081,51.498422743697716,99.23988368848354,4.978645412669236,65735,90.01393066941908,0.6703389892791247,2.101534310123263,5.9351967975280076,10.493980780379983,2.8778889145572815,43.67120680076096,,1.3035422909374403,7.874342569252561,0.2149178352215421,0.054223311024107886,True,True,True,False,True,True,False,False,True,lift,False,0.0674137572832368,False,,,0.0,
A-50ml-f0.25-p+0.0-above-y180-x+0.0-y+0.0,A,yaw,50,0.25,0,above,180,0,0,25,37.64144115524114,13.984229076838627,11.769942152291096,11.93839640534348,False,44.83,28.4,58171,65805,759,0,0,0,0,10,0,0,0,,8.691499999999131,,8.544223999463915,8.315916348282308,9.797855591215585,51.246138814814024,51.498422743697716,99.23991499007242,4.977128732505539,65805,90.01213227894334,0.6863255698127041,2.2811390290885947,5.905734537568665,10.538262269111225,3.0701892180855648,43.61444068155758,,3.5861133842220414,7.466030731934068,1.2448190767581389,0.36001187058879414,True,True,True,False,True,True,False,False,True,lift,False,0.06794303298338392,False,,,0.0,
A-50ml-f0.25-p+0.0-above-y0-x-6.0-y+0.0,A,dx,50,0.25,0,above,0,-6,0,25,37.64144115524114,13.984229076838627,11.769942152291096,11.93839640534348,False,48.7,28.4,91633,49343,6337,0,0,0,0,234,0,0,0,,9.407500000000006,,5.4389993632907085,7.0056991566471005,9.797863924099746,51.225744640061464,51.498422743697716,99.21248599964906,0.5335852219472553,49343,80.98154003628989,5.385761797192306,8.315910560590199,12.821717184727081,4.170315667206658,4.608434929394389,43.15951355145328,,2.1127294489386483,5.0221736511778365,0.05362622679766492,0.008708455576670864,True,True,True,False,True,False,False,False,True,lift,False,-0.32871558721998173,False,,,0.0,
A-50ml-f0.25-p+0.0-above-y0-x+3.0-y+0.0,A,dx,50,0.25,0,above,0,3,0,25,37.64144115524114,13.984229076838627,11.769942152291096,11.93839640534348,False,46.55,28.7,148654,40250,17484,0,0,0,0,0,0,0,0,,9.36949999999996,21.000999999996406,1.227642640441882,1.8807886246412335,9.81414319711238,51.261596245993694,51.498422743697716,99.22375644325375,3.014524308826913,40250,87.36431378353502,5.16754208178413,3.5878926620882154,22.856290851062653,-6.507502084304492,0.21065912143132465,44.45715287082667,0.3473410283734262,1.023692668931098,7.706735947574794,0.6566106479245993,100.02239715908502,True,True,True,True,True,False,False,True,False,cap_away,False,-0.2214535852069632,True,0.28016055116883454,0.19578678497163268,0.301,
A-50ml-f0.25-p+0.0-above-y0-x+0.0-y+3.0,A,dy,50,0.25,0,above,0,0,3,25,37.64144115524114,13.984229076838627,11.769942152291096,11.93839640534348,False,32.06,28.4,38447,64701,5931,0,0,0,0,0,0,0,0,,9.39499999999999,,4.332650193003001,4.3645571005550075,9.797855597079096,51.64058160707739,51.498422743697716,99.51165052920982,1.0885354260730673,64701,89.74340566886012,4.3014096858655675,4.7034205598808105,8.150456870133368,8.56740278352866,5.113266921328209,43.00981503818442,,329.23701576464396,6.0354743376429765,1.1780943750430577,0.34123845685490106,True,True,True,False,True,True,False,False,True,lift,False,0.23211652596889235,False,,,0.0,
A-50ml-f0.25-p+20.0-above-y0-x+0.0-y+0.0,A,pitch,50,0.25,20,above,0,0,0,25,37.64144115524114,13.984229076838627,11.769942152291096,11.93839640534348,False,59.06,28.4,101295,10385,2371,0,0,0,0,0,0,0,0,,,,14.665327200228568,21.53195789642968,9.813873359316522,51.269446148948745,51.498422743697716,99.18811121698121,-3.3861552327454776,10385,0.8263267570230828,129.86944583820738,4.833024734863306,5.448368799476318,8.890809931320382,17.9257965409335,39.06260264715987,,3.533457705567286,14.44538472561198,22.495127444890052,104.2363666356243,True,True,True,False,False,False,False,False,False,lift,False,,False,,,0.0,
A-50ml-f0.50-p-5.0-above-y0-x+0.0-y+0.0,A,pitch,50,0.5,-5,above,0,0,0,25,37.64144115524114,27.968458153677254,23.53988430458219,25.922625482182106,False,34.19,31.4,82933,51539,4558,0,0,0,0,0,0,0,0,,9.290999999999864,22.798999999992215,3.389452159969317,3.8117746046349925,9.797855909402513,51.141059425115735,51.498422743697716,99.09106499956319,4.459270503261726,51539,89.74503170170722,1.95250618823472,0.4902917080779854,23.8925323691079,6.4155066624625166,1.9024805663645943,29.974645486779174,4.607603593431467,4.695376315346424,0.3052956861485077,1.6282440556338444,0.4737938625645736,True,True,True,False,True,True,False,False,True,lift,False,0.0011957098168040188,False,,,3.0,
A-50ml-f0.25-p+0.0-above-y0-x+6.0-y+0.0,A,dx,50,0.25,0,above,0,6,0,25,37.64144115524114,13.984229076838627,11.769942152291096,11.93839640534348,False,57.53,28.4,77939,38787,28841,0,0,0,0,0,0,0,0,,9.406000000000004,,5.610193596036854,6.535208569800894,9.797855606212442,51.26944718573731,51.498422743697716,99.19448690724332,1.9242088837360116,38787,86.72621737059129,6.964303431608446,6.685166278485662,22.789306160904825,-6.213802426686316,2.0587443635060665,43.91281541724712,,3.414133597223966,5.353350518654553,1.5130405903000301,0.44384711965610213,True,True,True,False,True,False,False,False,True,lift,False,-0.4056310356689261,False,,,0.0,
A-50ml-f0.25-p+0.0-above-y0-x+0.0-y+6.0,A,dy,50,0.25,0,above,0,0,6,25,37.64144115524114,13.984229076838627,11.769942152291096,11.93839640534348,False,43.26,31.4,80857,41441,25901,0,0,0,0,0,0,0,0,,8.097999999998406,22.77599999999227,6.009335360444904,5.998238708359725,9.797855588207602,52.03351633143202,51.498422743697716,99.15205883523137,7.01714222778839,41441,96.57087745077109,2.9195960119963082,0.5743359490087117,23.379811360428967,-7.065258727721665,3.775183229015673,43.40614519830084,-0.014692519242382882,0.978388701000842,4.699905735214864,1.0662192542009734,0.3029337524081309,True,True,True,False,True,True,False,True,True,lift,False,-0.08823229808060806,False,,,3.0,
A-50ml-f0.25-p+10.0-above-y0-x+0.0-y+0.0,A,pitch,50,0.25,10,above,0,0,0,25,37.64144115524114,13.984229076838627,11.769942152291096,11.93839640534348,False,74.23,28.4,99830,10062,0,0,0,0,0,0,0,0,0,,,,19.506907628690847,26.349402831487595,9.813695129433052,51.279394697473464,51.498422743697716,99.46198178584247,-2.8599489793681294,10062,3.9710263253677325,128.53988881036773,2.3455004913792696,5.8707945857426305,10.198628577185676,9.990824390229513,41.547692033995496,,6.34032232438374,9.639584349653237,10.418364665276771,101.00833608043425,True,True,True,False,False,False,True,False,False,lift,False,,False,,,0.0,
A-50ml-f0.50-p-10.0-above-y0-x+0.0-y+0.0,A,pitch,50,0.5,-10,above,0,0,0,25,37.64144115524114,27.968458153677254,23.53988430458219,25.922625482182106,False,38.7,28.7,78741,50557,3547,0,0,0,0,0,0,0,0,,9.367499999999957,21.656499999994878,10.150187305252409,10.592340031785943,9.797906314613504,51.235136756264026,51.498422743697716,99.31321783644357,2.9404466626320733,50557,89.13541598862253,5.355003892121956,0.4934569900188609,23.798931173142517,6.427168324456028,7.333482521174615,28.36409562700211,0.32012366821987603,1.0463519839894646,8.626747249333317,1.0459446789761737,0.3027298219889433,True,True,True,False,True,False,False,True,True,lift,False,-0.12130712942011933,True,0.1659136037258144,0.195940968688974,0.301,
A-50ml-f0.50-p+0.0-diagonal-y0-x+0.0-y+0.0,A,approach,50,0.5,0,diagonal,0,0,0,25,37.64144115524114,27.968458153677254,23.53988430458219,25.922625482182106,False,27.93,28.4,54772,66081,677,0,0,0,0,38,0,0,0,,8.74049999999919,,8.830958515483328,8.512737618214487,6.995647141594619,51.247013528452484,51.498422743697716,99.23848136536691,5.070692139174104,66081,90.23284033017937,0.48219857893429113,1.6730303604694858,19.858669543964208,10.538583673727924,3.1544076182294245,29.605344379990147,,727.3867181128616,8.834868396467423,0.9363987481257643,0.2698585144518526,True,True,True,False,True,True,False,False,True,lift,False,0.0666080136043714,False,,,0.0,
A-50ml-f0.50-p+0.0-above-y0-x+0.0-y+0.0,A,nominal,50,0.5,0,above,0,0,0,25,37.64144115524114,27.968458153677254,23.53988430458219,25.922625482182106,False,39.14,31.4,60440,67618,669,0,0,0,0,39,0,0,0,,8.7479999999992,22.896999999991987,9.129196374439672,8.46837731778748,9.797855588735576,51.24701482100646,51.498422743697716,99.23848005882148,5.0661132217069,67618,90.22900512764993,0.4830310800643432,1.6169242867807314,19.8742215184662,10.518467172458065,3.0725877005866753,29.62950345790083,-0.06608655814855968,0.8570990886658728,9.078297888247684,0.39419463462680354,0.1064542766619292,True,True,True,False,True,True,False,True,True,lift,False,0.066618477917305,False,,,3.0,
A-50ml-f0.25-p+0.0-above-y0-x+0.0-y-6.0,A,dy,50,0.25,0,above,0,0,-6,25,37.64144115524114,13.984229076838627,11.769942152291096,11.93839640534348,False,64.44,28.4,45613,12929,0,0,0,0,0,21,0,0,0,,,,6.951885267502084,9.813725613723424,9.797855586347014,51.963360273683726,51.498422743697716,99.63694792370605,-1.9482201953466838,12929,1.0744115086917163,130.00768037737902,6.3214355095718675,6.463456285559907,10.47062667580921,5.917212316931064,42.7709226175494,,5.667072108386368,14.561198883045945,0.7232072081700044,0.20194291974445241,True,True,True,False,False,False,True,False,False,lift,False,,False,,,0.0,
A-50ml-f0.25-p+0.0-above-y0-x-3.0-y+0.0,A,dx,50,0.25,0,above,0,-3,0,25,37.64144115524114,13.984229076838627,11.769942152291096,11.93839640534348,False,68.1,28.4,132485,16075,20696,0,0,0,0,0,0,0,0,,,,3.5855622700570096,3.2579782103273502,9.814098178903704,51.248900541458745,51.498422743697716,99.254945043513,-3.398556839959557,16075,2.5905160013704376,126.60847124487104,3.2769190464573565,23.059429192507054,-6.713052920624602,1.9132446164415327,43.95570210830194,,0.19901365898352716,7.479023131930272,3.8449737776144977,101.03247685776603,True,True,True,False,False,False,False,False,False,lift,False,,False,,,0.0,
A-50ml-f0.50-p+0.0-side-y0-x+0.0-y+0.0,A,approach,50,0.5,0,side,0,0,0,25,37.64144115524114,27.968458153677254,23.53988430458219,25.922625482182106,False,33.27,28.4,55337,67319,1049,0,0,0,0,40,0,0,0,,8.743999999999195,,9.298167116653618,8.94457638404462,9.567311629110106,51.24701053218494,51.498422743697716,99.23848429607771,5.0681692218395575,67319,90.2283276559592,0.4819727287924988,1.691223480892044,19.872297931967537,10.526409807432218,3.1768985064601765,29.598702802817638,,1.698218650615558,9.278803391057163,0.4548970892007526,0.1213786819222109,True,True,True,False,True,True,False,False,True,lift,False,0.06662235479232777,False,,,0.0,
A-50ml-f0.50-p+0.0-above-y90-x+0.0-y+0.0,A,yaw,50,0.5,0,above,90,0,0,25,37.64144115524114,27.968458153677254,23.53988430458219,25.922625482182106,False,28.84,28.4,52639,63453,2770,0,0,0,0,38,0,0,0,,8.701999999999144,,9.28878558275404,9.113012176056314,9.797855588001177,51.247005869997714,51.498422743697716,99.2383981754139,4.979449112377299,63453,90.1025564599719,0.679634103746853,0.8923604112628073,23.84525016861331,6.506990404133772,3.304752202924187,29.560941944379962,,749.325516429133,9.25364660553148,0.44994558885983216,0.1158575417411334,True,True,True,False,True,True,False,False,True,lift,False,0.06744673366306049,False,,,0.0,
A-50ml-f0.50-p+0.0-above-y180-x+0.0-y+0.0,A,yaw,50,0.5,0,above,180,0,0,25,37.64144115524114,27.968458153677254,23.53988430458219,25.922625482182106,False,33.65,28.4,52419,64845,3616,0,0,0,0,38,0,0,0,,8.701499999999143,,9.233447200850595,9.046289461487286,9.797855588091625,51.24699870724824,51.498422743697716,99.23844375732509,4.976815594748038,64845,90.1010998493228,0.6850075312993277,0.9364033608733962,23.86529349735748,6.491130654586716,3.43314744185418,29.523011349665243,,617.0768551714765,9.136355838513655,0.729824642915806,0.20770454789129847,True,True,True,False,True,True,False,False,True,lift,False,0.0674569165331422,False,,,0.0,
A-50ml-f0.50-p-20.0-above-y0-x+0.0-y+0.0,A,pitch,50,0.5,-20,above,0,0,0,25,37.64144115524114,27.968458153677254,23.53988430458219,25.922625482182106,False,61.46,28.4,103276,15120,12964,0,0,0,0,0,0,0,0,,,,13.885346027473423,14.259823121018409,9.797868595674677,51.24126474416837,51.498422743697716,99.10564417595548,-0.2113962344147402,15120,1.576409201039495,129.47949296318643,0.5052325877654297,23.75349492871673,6.168257384149806,16.325260550075903,25.594351771206867,,0.20007640025831888,14.189726722557893,0.09290788232436462,0.018270377128776782,True,True,True,False,False,False,False,False,False,lift,False,,False,,,0.0,
A-50ml-f0.25-p+0.0-above-y0-x+0.0-y-3.0,A,dy,50,0.25,0,above,0,0,-3,25,37.64144115524114,13.984229076838627,11.769942152291096,11.93839640534348,False,77.74,28.4,64126,12184,3578,0,0,0,0,0,0,0,0,,,,1.9165951912365624,3.341526814738328,9.797855597864787,51.56530939181225,51.498422743697716,99.87026850405786,-1.9942348735067088,12184,0.2310799377513481,128.15183009932937,5.593059114719134,5.855367876326593,10.939940576721915,5.284483000467885,42.95899164675881,,3.179396085755518,5.037176447059458,1.1706166086748648,0.330165354351674,True,True,True,True,False,False,False,False,True,uncap,False,,False,,,0.0,
A-50ml-f0.50-p+0.0-above-y270-x+0.0-y+0.0,A,yaw,50,0.5,0,above,270,0,0,25,37.64144115524114,27.968458153677254,23.53988430458219,25.922625482182106,False,36.02,28.4,52734,62800,2741,0,0,0,0,38,0,0,0,,8.703999999999146,,9.139070849620438,8.996049809764227,9.797855588947495,51.247007520023054,51.498422743697716,99.23841970964874,4.980488945862477,62800,90.10734056784962,0.6642753518584901,0.855830785188952,23.832567534726614,6.5163387497153975,3.211310696766753,29.588540294781954,,147.486100419767,9.05386575885955,0.8052004288284623,0.23057876021112458,True,True,True,False,True,True,False,False,True,lift,False,0.06690736202318397,False,,,0.0,
A-50ml-f0.50-p+0.0-above-y0-x-6.0-y+0.0,A,dx,50,0.5,0,above,0,-6,0,25,37.64144115524114,27.968458153677254,23.53988430458219,25.922625482182106,False,40.27,28.7,80907,41183,3863,0,0,0,0,175,0,0,0,,9.408000000000007,19.832999999999128,5.855627296085025,7.908593258515598,9.797947250531811,51.22872483904792,51.498422743697716,99.21313004590385,0.5442895173496942,41183,81.11803273243939,5.432338489736852,7.266839847450372,25.402671850294315,5.431119195707545,4.167971032954065,29.30572142913164,-2.0561717397898667,2.7793446074154495,5.109630116612006,0.00321169707871723,-0.0007816533081946473,True,True,True,False,True,False,False,False,True,lift,False,-0.3316062003707595,True,0.5535049433714903,0.19379634656114128,0.299,
A-50ml-f0.50-p+0.0-above-y0-x+6.0-y+0.0,A,dx,50,0.5,0,above,0,6,0,25,37.64144115524114,27.968458153677254,23.53988430458219,25.922625482182106,False,35.7,28.4,77933,37768,8412,0,0,0,0,0,0,0,0,,9.403,,4.642891996080886,5.003421272920681,9.797855605977963,51.26946667712658,51.498422743697716,99.1916187325255,2.0944857681669955,37768,86.90813689873146,6.896342169020598,5.668040697195708,32.698253976748866,-2.1842402662717864,1.9855823209726398,29.950152118597813,,1.3052261740036328,4.608600420065004,1.974005712555739,0.5763071359780532,True,True,True,False,True,False,False,False,True,lift,False,-0.4089966403589623,False,,,0.0,
A-50ml-f0.50-p+0.0-above-y0-x+0.0-y+6.0,A,dy,50,0.5,0,above,0,0,6,25,37.64144115524114,27.968458153677254,23.53988430458219,25.922625482182106,False,35.74,31.4,78376,55792,6887,0,0,0,0,0,0,0,0,,8.257999999998601,22.503499999992904,6.649547491691498,6.682573611196376,9.7978555871854,52.060361308306405,51.498422743697716,99.15097221790558,5.872756390684852,55792,94.28228592315128,3.1820520382231803,0.6013476570891375,23.85394983665984,6.491621240020145,3.8028886900926318,29.413723851364274,0.2220217961322863,1.0133224632765703,4.844467280068265,0.5771088489029838,0.16263045191688408,True,True,True,False,True,True,False,True,True,lift,False,-0.1348666892265286,False,,,3.0,
A-50ml-f0.50-p+0.0-above-y0-x+0.0-y-6.0,A,dy,50,0.5,0,above,0,0,-6,25,37.64144115524114,27.968458153677254,23.53988430458219,25.922625482182106,False,39.34,28.4,46555,13367,1276,0,0,0,0,0,0,0,0,,,,4.425397290156,6.112523252895001,9.797855590251855,52.00059374338289,51.498422743697716,99.57784743126133,-1.8003825254933326,13367,1.159915823173538,129.66682514626572,5.633108082734013,20.117239950635906,10.77793900328669,6.570144455480923,28.59216711816425,,3.398020613174358,6.883560828252703,6.76557788454374,1.9786519737583557,True,True,True,False,False,False,False,False,False,lift,False,,False,,,0.0,
A-50ml-f0.80-p+0.0-above-y0-x+0.0-y+0.0,A,nominal,50,0.8,0,above,0,0,0,25,37.64144115524114,44.7495330458836,37.6638148873315,42.703700374388454,False,33.66,31.4,56483,67518,0,0,0,0,0,40,0,0,0,,8.664999999999099,27.64099999998093,9.740894789280068,9.374108069129893,9.797855586900301,51.24931692239488,51.498422743697716,99.22755487048018,5.299753732441944,67518,90.34230098531093,0.47600373432776444,0.440565618326826,36.75192851065376,10.35947867472603,2.2668153625407714,13.08616786071013,-0.18010685165669363,0.9259385371698328,9.74997180956011,0.32796604418674946,0.08756247437275605,True,True,True,False,True,True,True,True,True,lift,False,0.06644124944622591,False,,,3.0,
A-50ml-f0.50-p+0.0-above-y0-x+3.0-y+0.0,A,dx,50,0.5,0,above,0,3,0,25,37.64144115524114,27.968458153677254,23.53988430458219,25.922625482182106,False,45.16,28.4,148795,39257,8802,0,0,0,0,0,0,0,0,,9.368499999999958,,0.9529989075702828,1.398421616558721,9.817021454888275,51.2627406952027,51.498422743697716,99.21450955230806,3.050677133492136,39257,87.63855277785633,5.074897140591777,3.036406383711346,23.2493808928173,7.080747603206664,0.1734266996021167,30.483885151774878,,1.3710970440100896,7.662734005610307,0.4003577577386628,99.98982290830727,True,True,True,True,True,False,False,False,False,cap_away,False,-0.21729034249408816,False,,,0.0,
A-50ml-f0.80-p+5.0-above-y0-x+0.0-y+0.0,A,pitch,50,0.8,5,above,0,0,0,25,37.64144115524114,44.7495330458836,37.6638148873315,42.703700374388454,False,33.15,28.7,69810,64441,0,0,0,0,0,0,0,0,0,,9.356499999999944,22.04649999999397,13.942036238023036,19.652704263505683,9.797905194894659,51.238357667035764,51.498422743697716,99.37812201599552,2.317463252120122,64441,77.95646240986899,2.622788729545936,0.47293379967704025,36.71490596441429,10.36911384184841,1.7152776933362168,13.248738184636002,-0.08490628688206318,1.0015916729956638,4.350358174456663,0.5414391506726194,0.14120365386503786,True,True,True,False,True,True,True,True,True,lift,False,-0.02129269833480576,True,0.24412043899251878,0.19417818537682818,0.299,
A-50ml-f0.80-p-5.0-above-y0-x+0.0-y+0.0,A,pitch,50,0.8,-5,above,0,0,0,25,37.64144115524114,44.7495330458836,37.6638148873315,42.703700374388454,False,37.12,28.4,47351,52814,560,0,0,0,0,0,0,0,0,,9.274499999999843,,11.595416411565864,11.185957064377819,9.797855910315317,51.157863779362565,51.498422743697716,99.08030400359301,4.670620362748595,52814,90.10517924038184,1.832932818358823,0.3417872313400428,36.82692748991099,10.26761876104998,1.3581128520296497,13.353963618107517,,5.2274896045025665,2.1642842018530626,0.3406230425746096,0.08834933817393419,True,True,True,False,True,True,False,False,True,lift,False,0.00693566372400467,False,,,0.0,
A-50ml-f0.80-p-10.0-above-y0-x+0.0-y+0.0,A,pitch,50,0.8,-10,above,0,0,0,25,37.64144115524114,44.7495330458836,37.6638148873315,42.703700374388454,False,40.01,28.7,75242,51127,0,0,0,0,0,0,0,0,0,,9.370999999999961,21.25249999999582,10.296632035398401,10.952708950545116,9.797906323110318,51.23871452815942,51.498422743697716,99.27514773851507,2.888270045420777,51127,89.16937540392078,5.386930078712976,0.37654763559616033,37.50364970609604,9.551939273444471,7.413807533255345,11.558977002616801,0.08002259664296155,0.9907971062304718,7.275932550200602,1.2631270487921853,0.3665443711926952,True,True,True,False,True,False,True,True,True,lift,False,-0.12452281387993172,True,0.19673791919997932,0.19421638507769523,0.299,
A-50ml-f0.80-p+0.0-diagonal-y0-x+0.0-y+0.0,A,approach,50,0.8,0,diagonal,0,0,0,25,37.64144115524114,44.7495330458836,37.6638148873315,42.703700374388454,False,26.08,28.4,55659,67043,0,0,0,0,0,38,0,0,0,,8.67449999999911,,9.61394735076665,9.159866062186763,6.995647141493696,51.24931549578489,51.498422743697716,99.22755621392938,5.298522750620038,67043,90.35790585295753,0.4508201508312689,0.55212816273099,36.701800992690764,10.414483303279987,2.53582127549678,13.006833034722053,,3.654651051480491,9.53981144855279,0.4514033407272709,0.1223085248087121,True,True,True,False,True,True,True,False,True,lift,False,0.0661404624278097,False,,,0.0,
A-50ml-f0.50-p+10.0-above-y0-x+0.0-y+0.0,A,pitch,50,0.5,10,above,0,0,0,25,37.64144115524114,27.968458153677254,23.53988430458219,25.922625482182106,False,79.08,28.4,75030,9499,0,0,0,0,0,0,0,0,0,,,,24.081362633514974,32.2488598397329,9.816993204216793,51.28299363763912,51.498422743697716,99.68454322591639,-3.554750188559691,9499,3.5691702067369984,129.05117762746477,3.26572597410883,19.708999805540856,11.087561788722875,14.066213267426924,26.308593444497028,,6.113405910045594,14.152596684079342,14.414101482357664,103.49144549143509,True,True,True,False,False,False,True,False,False,lift,False,,False,,,0.0,
A-50ml-f0.50-p+0.0-above-y0-x+0.0-y-3.0,A,dy,50,0.5,0,above,0,0,-3,25,37.64144115524114,27.968458153677254,23.53988430458219,25.922625482182106,False,49.91,28.4,65372,12471,0,0,0,0,0,0,0,0,0,,,,2.653480651767632,2.6198084138850866,9.797855606263749,51.571561750559525,51.498422743697716,99.77777419077209,-1.7441763153136225,12471,1.1914680254230894,126.84815646994299,4.2319046719335045,19.833329506802706,10.734794759472226,3.9435481782035353,29.372123826904595,,3.2335360665841772,7.363888204834273,2.6804281506136296,0.7766247644503745,True,True,True,True,False,False,True,False,True,uncap,False,,False,,,0.0,
A-50ml-f0.50-p+0.0-above-y0-x-3.0-y+0.0,A,dx,50,0.5,0,above,0,-3,0,25,37.64144115524114,27.968458153677254,23.53988430458219,25.922625482182106,False,65.72,28.4,118679,12711,1714,0,0,0,0,0,0,0,0,,,,2.2315820419887404,3.1350525395007023,9.79785559079721,51.25016963539613,51.498422743697716,99.25310714446756,-4.424355708223027,12711,3.2479070842076543,129.13972896386107,3.783820253295821,23.187767042460102,7.226232251466999,1.867361858591989,29.9849956411796,,6.717862772946284,0.6572498212416212,0.5740990128445534,0.15574179230248195,True,True,True,True,False,False,False,False,True,uncap,False,,False,,,0.0,
A-50ml-f0.80-p+10.0-above-y0-x+0.0-y+0.0,A,pitch,50,0.8,10,above,0,0,0,25,37.64144115524114,44.7495330458836,37.6638148873315,42.703700374388454,False,35.46,28.7,69796,65566,0,0,0,0,0,0,0,0,0,,9.316499999999895,20.396999999997814,18.258968657745292,27.644917186284406,9.79826982092738,51.25405581679574,51.498422743697716,99.83143398750829,3.8240449238799714,65566,77.78174094520703,1.437832612818561,1.2423569129814436,36.727978097950114,10.206852269358412,5.885346155720947,12.015100283699233,0.3050457913199292,0.892929053204057,11.67243179102715,2.0959313733927054,0.6115056370812458,True,True,True,False,True,True,True,True,False,lift,False,-0.20388278415189962,True,0.22723756980743973,0.19420097243398185,0.299,
A-50ml-f0.50-p+20.0-above-y0-x+0.0-y+0.0,A,pitch,50,0.5,20,above,0,0,0,25,37.64144115524114,27.968458153677254,23.53988430458219,25.922625482182106,False,86.57,28.4,94289,10857,389,0,0,0,0,0,0,0,0,,22.536499999992827,,17.05785406972479,20.05794997903078,9.816942146325571,51.26946545424799,51.498422743697716,99.1847600610678,-3.117328830926705,10857,2.768629323854821,128.55949817302556,4.997986490906483,21.565842218397584,7.309779551600864,13.904740361320123,26.359079922414015,,6.698796398461918,19.62943559687233,19.80397024307068,104.57509919806314,True,True,True,False,False,False,False,False,False,lift,False,-0.1826447964304857,False,,,0.0,
A-50ml-f0.80-p+0.0-side-y0-x+0.0-y+0.0,A,approach,50,0.8,0,side,0,0,0,25,37.64144115524114,44.7495330458836,37.6638148873315,42.703700374388454,False,37.47,28.4,56480,68310,0,0,0,0,0,40,0,0,0,,8.668499999999103,,9.297071983717277,8.835546316240023,9.567311629437254,51.249312398395126,51.498422743697716,99.22755931144891,5.301802015146406,68310,90.34480087107124,0.48313337367441,0.43977106773886915,36.759950920471354,10.351426375082129,2.249128740642733,13.091382901789396,,4.256507319591277,9.20691056849878,0.5940259964985319,0.16212940428006598,True,True,True,False,True,True,True,False,True,lift,False,0.06638479636821203,False,,,0.0,
A-50ml-f0.50-p+5.0-above-y0-x+0.0-y+0.0,A,pitch,50,0.5,5,above,0,0,0,25,37.64144115524114,27.968458153677254,23.53988430458219,25.922625482182106,False,93.52,28.4,56222,9947,0,0,0,0,0,350,0,0,0,,,,21.893176853782503,28.53489681543596,9.797857993463804,51.23351196224735,51.498422743697716,99.40033016272359,-3.6859369017336885,9947,3.830051864363755,128.61948823899584,4.565639937512753,18.790573467977158,12.166511697734112,10.445916520642736,27.425129473558172,,5.5635935455605985,10.855975039098889,0.002738140468035044,-0.0032613371400592446,True,True,True,False,False,False,True,False,False,lift,False,,False,,,0.0,
A-50ml-f0.80-p+0.0-above-y180-x+0.0-y+0.0,A,yaw,50,0.8,0,above,180,0,0,25,37.64144115524114,44.7495330458836,37.6638148873315,42.703700374388454,False,31.67,28.4,54134,65202,0,0,0,0,0,38,0,0,0,,8.655999999999088,,9.47690826088395,9.128184218277442,9.79785558887667,51.24930673320826,51.498422743697716,99.22752450791866,5.280426424641494,65202,90.31162588380396,0.5305515985797061,0.6447474763458356,36.65290626500948,10.468117905596486,2.7605425360026787,12.94053342316081,,93.34863037312871,9.358305676358256,0.47750407460989763,0.13231076222263644,True,True,True,False,True,True,True,False,True,lift,False,0.06660521804230304,False,,,0.0,
A-50ml-f0.80-p+0.0-above-y270-x+0.0-y+0.0,A,yaw,50,0.8,0,above,270,0,0,25,37.64144115524114,44.7495330458836,37.6638148873315,42.703700374388454,False,26.58,28.4,53803,65184,0,0,0,0,0,38,0,0,0,,8.652499999999083,,9.481860371577827,9.140404690413051,9.797855588918297,51.249313098538146,51.498422743697716,99.22750942666217,5.302078149821102,65184,90.33898500165637,0.539246453596528,0.7049267018621782,36.629729814857335,10.494637100980725,2.905803561719574,12.89766378175178,,1076.822876560736,9.374176373081639,0.38955639447705054,0.102373467747296,True,True,True,False,True,True,True,False,True,lift,False,0.06631619577592195,False,,,0.0,
A-50ml-f0.80-p-20.0-above-y0-x+0.0-y+0.0,A,pitch,50,0.8,-20,above,0,0,0,25,37.64144115524114,44.7495330458836,37.6638148873315,42.703700374388454,False,63.75,28.4,87616,18120,2461,0,0,0,0,0,0,0,0,,,,16.982925715229005,18.540214981596787,9.79785606693498,51.242896071930495,51.498422743697716,99.09933714943134,-0.0010814956998422831,18120,0.9536598262926245,128.31328241658056,0.41712564463936314,38.32866391440644,8.460871316149893,16.202184060078718,8.852594440414949,,0.20009934480921754,20.072617128462678,1.0944023245064503,0.3153681487330591,True,True,True,False,False,False,False,False,False,lift,False,,False,,,0.0,
A-50ml-f0.50-p+0.0-above-y0-x+0.0-y+3.0,A,dy,50,0.5,0,above,0,0,3,25,37.64144115524114,27.968458153677254,23.53988430458219,25.922625482182106,False,71.27,28.4,63565,9813,5686,0,0,0,0,0,0,0,0,,,,15.12754895429116,20.69732463040141,9.816959116547785,51.6402146707362,51.498422743697716,99.42974467793353,-3.653951504058492,9813,2.739781519405882,132.357962037066,1.3228980746726204,24.131032407408252,6.264011998030533,4.577663420906185,29.184402081121682,,5.370418672188324,3.088507924940897,4.833995663361567,100.80931501207759,True,True,True,False,False,False,False,False,False,lift,False,,False,,,0.0,
A-50ml-f0.80-p+0.0-above-y90-x+0.0-y+0.0,A,yaw,50,0.8,0,above,90,0,0,25,37.64144115524114,44.7495330458836,37.6638148873315,42.703700374388454,False,52.83,28.4,54644,69537,0,0,0,0,0,30,0,0,0,,8.650999999999081,,9.350939925867019,9.049266456370956,9.79785559692773,51.2493126281266,51.498422743697716,99.22748917439695,5.304157101938142,69537,90.33897205635174,0.5311552932348768,0.6221644765597449,36.650736276731514,10.469056014404316,2.7018704291655617,12.957845816537182,,3.618446114028766,7.969121262262228,0.5119915624844406,0.13841951425782445,True,True,True,False,True,True,True,False,True,lift,False,0.06671945144747893,False,,,0.0,
A-50ml-f0.80-p+0.0-above-y0-x-3.0-y+0.0,A,dx,50,0.8,0,above,0,-3,0,25,37.64144115524114,44.7495330458836,37.6638148873315,42.703700374388454,False,41.56,28.7,69864,45110,0,0,0,0,0,0,0,0,0,,9.399999999999997,20.00449999999873,3.720911837053277,3.493719212561638,9.797905734055625,51.252061828988914,51.498422743697716,99.23989084993015,0.5394811609309713,45110,84.8468483659042,4.644952408391424,3.667203514765448,36.87223490672725,10.352390975772035,2.0138232273550076,13.160752960617481,-1.9561418763458793,2.737114771337297,2.9767294744112616,0.2661575972512531,0.058803245064865665,True,True,True,False,True,True,True,False,True,lift,False,-0.03854629952721975,True,0.590769689037158,0.19374906806536235,0.299,
A-50ml-f0.80-p+0.0-above-y0-x+6.0-y+0.0,A,dx,50,0.8,0,above,0,6,0,25,37.64144115524114,44.7495330458836,37.6638148873315,42.703700374388454,False,39.42,28.4,79042,30568,8709,0,0,0,0,0,0,0,0,,9.397999999999994,,8.629031573334727,9.018510825920531,9.797855606119024,51.26944584063158,51.498422743697716,99.18822790097059,2.3921730629502673,30568,86.6484644449381,8.181032708068857,4.877309493693655,50.83601055756527,-3.6060599960833772,1.558965857809349,13.294794047508418,,2.0186589460402304,8.295139388467081,2.0528837665864357,0.5985379832987203,True,True,True,False,True,False,False,False,True,lift,False,-0.41522518254494156,False,,,0.0,
A-50ml-f0.80-p+0.0-above-y0-x-6.0-y+0.0,A,dx,50,0.8,0,above,0,-6,0,25,37.64144115524114,44.7495330458836,37.6638148873315,42.703700374388454,False,43.99,28.4,73743,42362,3793,0,0,0,0,227,0,0,0,,9.409500000000008,,5.3529512646508035,7.230249906877361,9.798102400847247,51.23191772788059,51.498422743697716,99.20305740886857,0.5608862479066085,42362,80.32688201267321,5.481391095858156,5.938486025756444,42.26588488326395,5.227899828153554,3.911045117449722,12.600662943082812,,2.0345772547539234,5.395338633239803,0.03511131330633166,0.0023553588674106456,True,True,True,False,True,False,False,False,True,lift,False,-0.3365861913337161,False,,,0.0,
A-50ml-f0.80-p+0.0-above-y0-x+0.0-y+6.0,A,dy,50,0.8,0,above,0,0,6,25,37.64144115524114,44.7495330458836,37.6638148873315,42.703700374388454,False,35.3,28.4,40701,28318,3883,0,0,0,0,28,0,0,0,,7.785999999998404,,7.4784406671998545,7.449754952931667,9.797855509799106,52.08248819617098,51.498422743697716,99.03072216340648,7.287839807459395,28318,90.58576728543117,9.427100872691488,1.4718480338634312,40.1700692509621,7.05245224145612,6.361549830769643,11.873291367162105,,4.08404048699692,9.116586307163377,0.3149325062236639,0.0736950086099796,True,True,True,False,True,False,False,False,True,lift,False,-0.061233276682069945,False,,,0.0,
A-60ml-f0.25-p+5.0-above-y0-x+0.0-y+0.0,A,pitch,60,0.25,5,above,0,0,0,25,40.0,14.736568804805119,14.178240740740737,7.236568804805119,False,26.43,28.4,52794,66574,3321,0,0,0,0,1134,0,0,0,,8.644999999999074,,12.91662301598579,18.055233538630617,9.79785463210571,56.83218998818943,57.1,99.37949311604288,5.370349351083798,66574,33.11674549016342,0.5267325610838952,13.218803050312122,17.40936571987313,4.765157446388265,21.876943341941686,41.28589024991423,,715.186467958253,14.903577545727485,1.5318746069282687,0.4768603554723735,True,True,True,False,True,False,False,False,False,lift,False,0.06484078718018013,False,,,0.0,
A-60ml-f0.25-p-10.0-above-y0-x+0.0-y+0.0,A,pitch,60,0.25,-10,above,0,0,0,25,40.0,14.736568804805119,14.178240740740737,7.236568804805119,False,37.6,29.29,84311,56100,1999,0,0,0,0,0,0,0,0,,9.367499999999957,22.10699999999383,9.875307284751853,9.295123870711986,9.797906323286087,56.83699165617099,57.1,99.25193368444792,2.841455971500012,56100,88.75764098981692,4.711119783384103,1.5039491205178817,8.368710005036023,8.616762195602798,7.537354892046412,46.13174642449655,0.7734368984588353,1.2174504193821007,9.301977609125732,0.13833277152253148,0.03508134180658948,True,True,True,False,True,True,False,True,True,lift,False,-0.0987287090157747,True,0.18292314396662163,0.5892382746141288,0.891,
A-50ml-f0.80-p+0.0-above-y0-x+3.0-y+0.0,A,dx,50,0.8,0,above,0,3,0,25,37.64144115524114,44.7495330458836,37.6638148873315,42.703700374388454,False,53.94,28.4,150595,38008,0,0,0,0,0,0,0,0,0,,9.364499999999953,,0.9391332657838726,1.1636871051905053,9.820537410943846,51.26404438778043,51.498422743697716,99.20256755292571,3.26760151086751,38008,87.90539924620072,5.17201069056008,3.075808194837753,37.09096550110942,10.006782348990273,0.12345955449375874,13.717520699203375,,1.340904391179095,7.772032352277589,0.43574748593924373,99.99789445801525,True,True,True,True,True,False,True,False,False,cap_away,False,-0.20496541335496846,False,,,0.0,
A-60ml-f0.25-p-5.0-above-y0-x+0.0-y+0.0,A,pitch,60,0.25,-5,above,0,0,0,25,40.0,14.736568804805119,14.178240740740737,7.236568804805119,False,42.99,28.4,80219,50866,1821,0,0,0,0,0,0,0,0,,9.367499999999957,,4.565314608666362,4.333085728664457,9.797855907829938,56.805058852309344,57.1,99.2423049667437,2.9113177053950863,50866,89.38518041776238,4.351751056670691,1.6573403075038602,7.860795786050893,9.309035391495648,2.521142333052635,47.72087939389158,,4.1002486225865065,4.354303488057023,1.4846093192300267,0.46401020528160103,True,True,True,False,True,True,False,False,True,lift,False,-0.10211981065703116,False,,,0.0,
A-60ml-f0.25-p+0.0-above-y0-x+0.0-y+0.0,A,nominal,60,0.25,0,above,0,0,0,25,40.0,14.736568804805119,14.178240740740737,7.236568804805119,False,44.06,28.4,48498,60267,27162,0,0,0,0,76,0,0,0,,9.235999999999796,,9.775679993022022,8.72824763909456,9.797855591465565,56.84824451112784,57.1,99.2524697196134,4.776653952570306,60267,90.65848606615555,0.6696734727453542,1.4618135609778984,28.977516369337756,-11.783758918207848,3.3023287840083424,47.47482368225213,,4.628136179613115,9.897196669659124,0.03654639707496959,0.005386336236286183,True,True,True,False,True,True,False,False,True,lift,False,0.06307273717373504,False,,,0.0,
A-50ml-f0.80-p+0.0-above-y0-x+0.0-y-3.0,A,dy,50,0.8,0,above,0,0,-3,25,37.64144115524114,44.7495330458836,37.6638148873315,42.703700374388454,False,56.69,28.4,51178,12367,0,0,0,0,0,0,0,0,0,,,,3.6533990473723525,2.188332756218292,9.797855599957467,51.58583726855302,51.498422743697716,99.65845142728868,-1.8906587068132363,12367,1.0372309042310244,127.20479639676022,3.586285886744496,36.319168929856204,11.082685057333563,5.926492990344244,12.002857019936915,,3.2445945036340764,6.326967427630048,1.1913391175742045,0.3388030273250111,True,True,True,False,False,False,True,False,True,lift,False,,False,,,0.0,
A-60ml-f0.25-p+0.0-diagonal-y0-x+0.0-y+0.0,A,approach,60,0.25,0,diagonal,0,0,0,25,40.0,14.736568804805119,14.178240740740737,7.236568804805119,False,38.08,28.4,47041,60913,27209,0,0,0,0,115,0,0,0,,9.252499999999817,,10.103902368062855,8.89083881451736,6.995647141342473,56.84824290800956,57.1,99.2524717979585,4.686363818275807,60913,90.53002843295415,0.702984068141698,1.4793932766841627,28.981061220719525,-11.788041856519063,3.295371346929748,47.477016687297514,,114.9485301648276,10.144052874897122,0.0,-0.001494887279418739,True,True,True,False,True,True,False,False,False,lift,False,0.06325101524457008,False,,,0.0,
A-60ml-f0.25-p+0.0-side-y0-x+0.0-y+0.0,A,approach,60,0.25,0,side,0,0,0,25,40.0,14.736568804805119,14.178240740740737,7.236568804805119,False,43.68,28.4,49160,60233,26979,0,0,0,0,81,0,0,0,,9.25499999999982,,9.928495179220088,8.851276502987814,9.567311627205678,56.84823902241181,57.1,99.25247625765383,4.656621428023547,60233,90.4460466414652,0.7009342425767989,1.5873205799953587,28.932554821027423,-11.745432954630708,3.162141356161553,47.51900534028621,,3.9195832443093748,9.83779186361321,0.013997571420325004,-0.008203227749755631,True,True,True,False,True,True,False,False,True,lift,False,0.062390912412479745,False,,,0.0,
A-50ml-f0.80-p+0.0-above-y0-x+0.0-y-6.0,A,dy,50,0.8,0,above,0,0,-6,25,37.64144115524114,44.7495330458836,37.6638148873315,42.703700374388454,False,66.3,28.4,51662,14964,0,0,0,0,0,0,0,0,0,,,,5.271909551674211,8.623146564849092,9.797855602645907,52.034469986271986,51.498422743697716,99.49429423426989,-1.995494791736982,14964,1.0473545664354218,128.86609645479064,3.634684982491675,36.95108043776163,10.493401309749517,6.493022242931155,11.834094662703988,,5.096710676026901,5.88307676263221,1.9950881020952747,0.5752437020140512,True,True,True,False,False,False,True,False,True,lift,False,,False,,,0.0,
A-50ml-f0.80-p+20.0-above-y0-x+0.0-y+0.0,A,pitch,50,0.8,20,above,0,0,0,25,37.64144115524114,44.7495330458836,37.6638148873315,42.703700374388454,False,89.02,28.4,100943,11221,0,0,0,0,0,301,0,0,0,,,,11.330805153661984,15.798591900430752,9.797845148926669,51.2694446252883,51.498422743697716,99.18092692269641,-3.112633285383221,11221,4.644834055085469,127.10963832332911,3.7501475046363613,36.25300972214391,9.70910522081428,13.230747749794821,9.78798765449407,,6.617718002375901,14.968667722883538,0.3769274904880148,0.0945704081784192,True,True,True,False,False,False,True,False,False,lift,False,,False,,,0.0,
A-60ml-f0.25-p-20.0-above-y0-x+0.0-y+0.0,A,pitch,60,0.25,-20,above,0,0,0,25,40.0,14.736568804805119,14.178240740740737,7.236568804805119,False,62.24,28.4,100203,17585,24981,0,0,0,0,0,0,0,0,,,,17.883241669083098,17.018216174910258,9.797856962965916,56.843200936359764,57.1,99.0989580940157,-0.5090682346807207,17585,1.7054388307283779,129.54120679958086,1.2143848845810843,28.819592129758302,-10.730187874922331,17.04628968495145,42.99437337327849,,0.20006141141450556,20.906473431619517,8.860069292013414,2.7678212467624754,True,True,True,False,False,False,False,False,False,lift,False,,False,,,0.0,
A-50ml-f0.80-p+0.0-above-y0-x+0.0-y+3.0,A,dy,50,0.8,0,above,0,0,3,25,37.64144115524114,44.7495330458836,37.6638148873315,42.703700374388454,False,66.67,28.4,46091,11686,2952,0,0,0,0,0,0,0,0,,,,14.575755370150924,19.364164796685913,9.797855592938193,51.64578623472414,51.498422743697716,99.32997903542366,-3.6815243475761816,11686,2.5021968797765157,132.5213299840991,1.4965007508819679,37.900065015168884,9.305434752320318,5.832639416231655,12.030780557519739,,6.8183231511247175,2.335906069186281,0.3916709937928304,0.1008916950845404,True,True,True,False,False,False,False,False,True,lift,False,,False,,,0.0,
A-60ml-f0.25-p+0.0-above-y90-x+0.0-y+0.0,A,yaw,60,0.25,0,above,90,0,0,25,40.0,14.736568804805119,14.178240740740737,7.236568804805119,False,45.23,28.4,49210,59847,28137,0,0,0,0,51,0,0,0,,9.247999999999811,,10.06703616046755,9.07299244257313,9.797855593351452,56.84823848545677,57.1,99.25237438622379,4.740183688652852,59847,93.89242092799306,0.9207410213707676,0.9478197101816449,29.159518734338043,-11.916088070062461,4.305110448066509,47.15838981434371,,5.202423100500928,9.43077257342577,0.1549980385080249,0.03395133832681934,True,True,True,False,True,True,False,False,True,lift,False,0.0611188057131535,False,,,0.0,
A-60ml-f0.25-p+0.0-above-y270-x+0.0-y+0.0,A,yaw,60,0.25,0,above,270,0,0,25,40.0,14.736568804805119,14.178240740740737,7.236568804805119,False,37.71,31.4,49477,60056,27963,0,0,0,0,54,0,0,0,,9.128999999999666,26.79149999998291,10.077367606565636,8.99631159968437,9.797855597056113,56.848244573658924,57.1,99.25237880129434,4.831852425365657,60056,93.48913052505338,0.8240758321301347,0.9820216020390773,29.15442356597577,-11.916947058438002,4.186172817998402,47.19596110836316,0.313686201887327,0.8876553470018383,9.330924218875495,1.7139386334714558e-05,-0.001553771568387779,True,True,True,False,True,True,False,True,True,lift,False,0.06607891542474564,False,,,3.0,
A-60ml-f0.25-p+0.0-above-y180-x+0.0-y+0.0,A,yaw,60,0.25,0,above,180,0,0,25,40.0,14.736568804805119,14.178240740740737,7.236568804805119,False,39.06,28.4,49292,59956,27950,0,0,0,0,54,0,0,0,,9.116999999999651,,10.080379121343785,8.998436984571379,9.79785559171563,56.84822869028315,57.1,99.25244651359222,4.838821568186227,59956,93.482273173298,0.8289261354435039,0.8573010754586468,29.106010154710116,-11.861105632795244,4.22613974636771,47.1833372162431,,5.2924327720769995,9.252555842094775,0.14773259994568233,0.03774684660024176,True,True,True,False,True,True,False,False,True,lift,False,0.06624830613160623,False,,,0.0,
A-60ml-f0.25-p+0.0-above-y0-x-3.0-y+0.0,A,dx,60,0.25,0,above,0,-3,0,25,40.0,14.736568804805119,14.178240740740737,7.236568804805119,False,38.18,31.4,68477,71365,0,0,0,0,0,0,0,0,0,,8.890999999999375,23.37599999999087,2.5369378360379895,2.3494329097422635,9.797855598533044,56.85120295575422,57.1,99.27093187896476,5.32321873063335,71365,90.37324029494174,0.5450787168192147,5.176544198144194,7.69041552744851,9.75449795829468,2.4033829308388315,47.757943021826044,-0.1686898591392562,0.9756120567065943,2.5657666748776977,1.6533255566816085e-05,-0.001545306102037384,True,True,True,True,True,True,True,True,True,,True,0.024657750057780464,False,,,3.0,
A-60ml-f0.25-p+0.0-above-y0-x-6.0-y+0.0,A,dx,60,0.25,0,above,0,-6,0,25,40.0,14.736568804805119,14.178240740740737,7.236568804805119,False,40.69,31.4,100262,42050,4964,0,0,0,0,76,0,0,0,,9.406500000000005,22.821499999992163,5.303473703464301,6.090448109024909,9.797855580850126,56.830175129977775,57.1,99.21882516682119,0.5172949212574052,42050,82.9461356039824,5.6798768513331535,8.19370199157836,15.587204332540239,2.276150153215556,4.441904471189525,47.11516330941719,0.32512663418353255,1.0304973390870793,3.9391221299276977,1.7497153036827848e-05,-0.0015453061475430205,True,True,True,False,True,False,False,True,True,lift,False,-0.25792008528164784,False,,,3.0,
A-60ml-f0.25-p+0.0-above-y0-x+3.0-y+0.0,A,dx,60,0.25,0,above,0,3,0,25,40.0,14.736568804805119,14.178240740740737,7.236568804805119,False,39.11,31.4,140053,48029,3222,0,0,0,0,0,0,0,0,,9.32849999999991,22.833999999992134,1.0651928562424724,1.2130480982815603,9.81658271771782,56.85130430622995,57.1,99.21548155928184,4.000506317015651,48029,89.14094177366562,2.6416725949570337,2.667083739956066,10.091291479586433,7.151035575687873,0.13467785551831957,48.47112082112083,0.14539083257942814,0.9963521760154802,5.87309297184548,1.252303919244602,99.96501713895843,True,True,True,True,True,True,False,True,False,reach_liquid,False,-0.1859618505241037,False,,,3.0,
A-60ml-f0.25-p+0.0-above-y0-x+6.0-y+0.0,A,dx,60,0.25,0,above,0,6,0,25,40.0,14.736568804805119,14.178240740740737,7.236568804805119,False,43.61,28.71,77018,34370,25567,0,0,0,0,0,0,0,0,,9.405500000000004,21.35149999999559,11.446393022591122,10.81398789823286,9.797905785813702,56.87101945759373,57.1,99.19210755167298,1.9221673709476779,34370,85.38754201030214,6.828856989271278,7.542910566228109,28.17328967142239,-10.536385969822412,2.9622571894877807,47.581980579826194,-2.294201616869748,4.375677955312505,12.469913488851404,0.35867420462838573,0.08797167651724462,True,True,True,False,True,False,False,False,False,lift,False,-0.39354938464224315,True,0.7746008206570923,0.19833098767887386,0.306,
A-60ml-f0.25-p+0.0-above-y0-x+0.0-y+6.0,A,dy,60,0.25,0,above,0,0,6,25,40.0,14.736568804805119,14.178240740740737,7.236568804805119,False,38.6,28.4,75689,26982,2602,0,0,0,0,0,0,0,0,,7.81149999999839,,7.901271222309495,8.257114249651138,9.816560255873686,57.65275338592525,57.1,99.5034084352365,8.143864087154673,26982,91.7186285048344,9.649468106915425,8.289881138950303,8.956918821217592,9.251401819144704,7.185242979712754,46.24421227198951,,5.355187608910602,2.3592141851549577,0.26657273125923053,99.53602974678084,True,True,True,False,True,False,False,False,False,lift,False,0.030382681339749508,False,,,0.0,
A-60ml-f0.25-p+10.0-above-y0-x+0.0-y+0.0,A,pitch,60,0.25,10,above,0,0,0,25,40.0,14.736568804805119,14.178240740740737,7.236568804805119,False,80.92,28.4,86703,8657,24183,0,0,0,0,0,0,0,0,,,,25.09999710754058,28.69214978534943,9.816434290386553,56.87741319373878,57.1,99.73872932385653,-4.429597083634648,8657,3.3892417290433006,129.87677810789967,0.4536153902276985,29.015789229909267,-11.639369884557174,9.19922099350962,45.59831850050974,,6.907447791838337,7.630612139654034,16.24467424552028,103.28907729883348,True,True,True,False,False,False,False,False,False,lift,False,,False,,,0.0,
A-60ml-f0.50-p+5.0-above-y0-x+0.0-y+0.0,A,pitch,60,0.5,5,above,0,0,0,25,40.0,29.473137609610237,28.356481481481474,21.973137609610234,False,30.63,31.4,76322,66351,0,0,0,0,0,0,0,0,0,,8.970999999999473,22.00299999999407,15.57624764405371,21.62133422444924,9.797854883250883,56.838329728681465,57.1,99.52287303110039,4.978896765110208,66351,89.71125121014488,1.4678892515501925,1.223558393436685,21.80269101923028,10.01009365324422,5.4038566195200275,32.07413900242746,4.723503233104761,4.830434105042383,2.655687725749261,1.9066627331073254,0.5937676704387271,True,True,True,False,True,True,True,False,True,lift,False,-0.00032820464679947413,False,,,3.0,
A-60ml-f0.50-p+0.0-above-y0-x+0.0-y+0.0,A,nominal,60,0.5,0,above,0,0,0,25,40.0,29.473137609610237,28.356481481481474,21.973137609610234,False,33.6,28.4,55358,57350,19178,0,0,0,0,767,0,0,0,,9.300999999999876,,18.664871380675926,16.626875089337062,9.799967266263296,56.84871203849753,57.1,99.25119573124539,4.059891180434205,57350,92.62354846864699,0.9275379112598487,3.5443301498743462,29.53000599562607,2.8934151190324053,7.657224158978134,31.35684961572627,,81.6437309149225,20.066457747853804,0.6467523862949334,0.19624276182460068,True,True,True,False,True,True,False,False,False,lift,False,0.06175554114662779,False,,,0.0,
A-60ml-f0.25-p+0.0-above-y0-x+0.0-y-6.0,A,dy,60,0.25,0,above,0,0,-6,25,40.0,14.736568804805119,14.178240740740737,7.236568804805119,False,52.98,28.7,87865,61593,0,0,0,0,0,0,0,0,0,,9.327999999999909,20.534999999997492,2.198017838803068,2.400786092373815,9.816527503374077,57.66998711381218,57.1,98.4911552825055,3.428471491628504,61593,83.28966942206674,2.9189243145446424,1.613797994122396,8.585933206073609,8.702838916437639,2.318530156294774,47.78464562667709,-2.0610497246807125,3.3984249947710117,6.6876071364947896,6.058986418871448,100.6084390486785,True,True,True,True,True,True,True,False,False,recap,False,0.006826435951778548,True,0.571078097131117,0.19376767053364774,0.299,
A-60ml-f0.50-p-10.0-above-y0-x+0.0-y+0.0,A,pitch,60,0.5,-10,above,0,0,0,25,40.0,29.473137609610237,28.356481481481474,21.973137609610234,False,38.29,31.4,81133,46248,2499,0,0,0,0,0,0,0,0,,9.36149999999995,26.758999999982986,9.599390982988158,8.810766933022709,9.797856096976476,56.84009163755389,57.1,99.24471858945272,3.0145846400668614,46248,88.87438900188171,4.404950549678826,0.9669042326885932,22.769534277225734,9.022442761485895,7.453940579509413,31.421836672327842,1.867569377814095,2.0077027090608635,9.432733443579533,0.4389932188065855,0.1274842788961333,True,True,True,False,True,True,False,False,True,lift,False,-0.08983571053616704,False,,,3.0,
A-60ml-f0.50-p+10.0-above-y0-x+0.0-y+0.0,A,pitch,60,0.5,10,above,0,0,0,25,40.0,29.473137609610237,28.356481481481474,21.973137609610234,False,33.15,31.4,168758,49458,2416,0,0,0,0,0,0,0,0,,9.346499999999931,22.802499999992207,1.0681298928207434,0.9004576349152269,9.819810345634158,56.86146250700215,57.1,100.4508177810385,3.5293027018316603,49458,88.73467650608076,3.056506995777138,2.5697157974801184,22.6717335987043,8.723965979548055,9.933554033695323,30.624495979795018,0.07798260235686125,0.9819759833515276,7.232354504667092,10.013691692885525,101.31658030099466,True,True,True,True,True,True,False,True,False,reach_liquid,False,-0.11442004469611723,False,,,3.0,
A-60ml-f0.50-p-5.0-above-y0-x+0.0-y+0.0,A,pitch,60,0.5,-5,above,0,0,0,25,40.0,29.473137609610237,28.356481481481474,21.973137609610234,False,37.7,31.4,88877,51487,2114,0,0,0,0,0,0,0,0,,9.367499999999957,22.75899999999231,4.1863482264458725,3.855109243544152,9.797855913692025,56.80933821126525,57.1,99.23212443841607,2.9117892907072616,51487,89.26605589148998,4.332224028776534,0.9772080861784921,22.014460076395963,9.917378488416132,2.5263221555562616,32.982680138536026,0.13370046200024274,0.9739747164804796,3.1833839300266913,0.5663855885692669,0.16482185105892252,True,True,True,False,True,True,False,True,True,lift,False,-0.09448886122232986,False,,,3.0,
A-60ml-f0.50-p-20.0-above-y0-x+0.0-y+0.0,A,pitch,60,0.5,-20,above,0,0,0,25,40.0,29.473137609610237,28.356481481481474,21.973137609610234,False,44.52,28.4,87158,46292,12082,0,0,0,0,0,0,0,0,,9.348499999999934,,15.828996581402,15.103092975192238,9.797969153164505,56.84471496037539,57.1,99.09270438298573,3.2229023242055925,46292,88.66506022163517,4.358966430563308,0.6893753510957467,29.452784939860816,2.268800371217572,16.3330035126147,28.50203718446262,,4.680652671684967,14.98957107722171,0.29182354178747927,0.059125472354795025,True,True,True,False,True,True,False,False,False,lift,False,-0.11220363912956553,False,,,0.0,
A-60ml-f0.25-p+20.0-above-y0-x+0.0-y+0.0,A,pitch,60,0.25,20,above,0,0,0,25,40.0,14.736568804805119,14.178240740740737,7.236568804805119,False,83.2,28.4,95359,11872,0,0,0,0,0,304,0,0,0,,,,13.795341459524298,15.938119981179304,9.79806882290523,56.87101829540425,57.1,99.1853115074634,-2.579937266407109,11872,4.556782791478589,126.83934145545447,6.775766701605162,7.144883461554787,8.085696918126702,14.632142383528404,43.81399784439467,,6.153510393816958,14.849208722674952,1.0564392584768616,0.32134802930350875,True,True,True,False,False,False,True,False,False,lift,False,,False,,,0.0,
A-60ml-f0.50-p+0.0-diagonal-y0-x+0.0-y+0.0,A,approach,60,0.5,0,diagonal,0,0,0,25,40.0,29.473137609610237,28.356481481481474,21.973137609610234,False,33.99,28.4,52692,59435,19453,0,0,0,0,741,0,0,0,,9.297499999999872,,18.73814582750312,16.72617383478082,6.99566107368306,56.84871064990235,57.1,99.2511971941923,4.131552235446256,59435,92.60525300631295,0.8691246671712805,2.980007010324984,28.67664674127618,3.61743272555895,6.606411558281892,31.692150089777776,,2046.9293236213266,18.12754420476408,0.16555049387590845,0.042649312045989866,True,True,True,False,True,True,False,False,False,lift,False,0.06066783655582977,False,,,0.0,
A-60ml-f0.50-p+0.0-above-y180-x+0.0-y+0.0,A,yaw,60,0.5,0,above,180,0,0,25,40.0,29.473137609610237,28.356481481481474,21.973137609610234,False,34.04,28.4,51938,59498,19494,0,0,0,0,796,0,0,0,,9.26349999999983,,18.58500259171666,16.535862072252346,9.80059441554821,56.84869718115061,57.1,99.25117391478258,4.574547949480354,59498,92.99071783723457,0.7790052501708483,2.750629629655269,28.99541597193282,3.2637185961055524,6.351703677791863,31.773201079403833,,1035.3355170164425,20.29086605680197,0.21123159229381838,0.05647384671920649,True,True,True,False,True,True,False,False,False,lift,False,0.061364623882214524,False,,,0.0,
A-60ml-f0.50-p+0.0-above-y270-x+0.0-y+0.0,A,yaw,60,0.5,0,above,270,0,0,25,40.0,29.473137609610237,28.356481481481474,21.973137609610234,False,33.2,28.4,45597,59416,9863,0,0,0,0,0,0,0,0,,9.283499999999854,,10.500019290227584,9.209563683120647,9.797855596939499,56.84871354042327,57.1,99.25111807006948,4.342444043336072,59416,93.256941808521,0.902299223680826,1.1327278549831536,29.597544027062572,2.446481989817145,4.468137048054728,32.37030327113923,,332.6191434877665,8.337466082949126,0.7524228556950177,0.2246837360034616,True,True,True,False,True,True,False,False,True,lift,False,0.06006785954379579,False,,,0.0,
A-60ml-f0.25-p+0.0-above-y0-x+0.0-y+3.0,A,dy,60,0.25,0,above,0,0,3,25,40.0,14.736568804805119,14.178240740740737,7.236568804805119,False,59.61,28.4,37178,14106,5901,0,0,0,0,22,0,0,0,,,,12.935190958357945,15.810573623016209,9.79804660645179,57.20073354548658,57.1,99.49331588493892,-0.7886410943179628,14106,1.6726372060951082,130.047676514508,4.9344471072573635,11.989338150560755,5.684390503965201,5.357934842551425,46.82526255425775,,4.09771966648982,25.883977140162784,1.1183029417189105,0.33550518955778136,True,True,True,False,False,False,False,False,False,lift,False,,False,,,0.0,
A-60ml-f0.50-p+0.0-above-y90-x+0.0-y+0.0,A,yaw,60,0.5,0,above,90,0,0,25,40.0,29.473137609610237,28.356481481481474,21.973137609610234,False,38.21,28.4,49066,58959,10882,0,0,0,0,80,0,0,0,,9.285499999999857,,10.555722999619158,9.283957073861025,9.79785559511516,56.84871007159756,57.1,99.25110559397015,4.349650034018965,58959,93.57637574932284,0.9864295833429197,1.176229046303417,29.562529113326637,2.4828202345771877,4.651141502962301,32.31244502758858,,4.221719094137142,10.077491397511146,0.005062202578628023,-0.005027121969192273,True,True,True,False,True,True,False,False,False,lift,False,0.062200627847306345,False,,,0.0,
A-60ml-f0.50-p+0.0-side-y0-x+0.0-y+0.0,A,approach,60,0.5,0,side,0,0,0,25,40.0,29.473137609610237,28.356481481481474,21.973137609610234,False,40.98,28.4,47532,60901,8763,0,0,0,0,41,0,0,0,,9.276499999999846,,10.891336917186662,9.636565989575578,9.567311630703651,56.848708422968045,57.1,99.25120105041607,4.426220085631746,60901,90.3871525094767,0.6790182012670191,0.6610126580072261,29.377315904213596,2.622602745136926,3.663332553251789,32.62442171857818,,3.6845580121566783,9.469896519796416,0.01835764069878691,-0.007833194497870446,True,True,True,False,True,True,False,False,True,lift,False,0.059611982458678985,False,,,0.0,
A-60ml-f0.25-p+0.0-above-y0-x+0.0-y-3.0,A,dy,60,0.25,0,above,0,0,-3,25,40.0,14.736568804805119,14.178240740740737,7.236568804805119,False,64.63,28.4,60705,13623,0,0,0,0,0,10,0,0,0,,,,4.728005987959025,5.849097943515225,9.797856849863686,57.1445309471845,57.1,99.83395560797368,-1.8280753295654288,13623,1.0078165366207965,125.95961741751819,6.865322355544707,7.408332654579691,10.319732974126596,4.405075289650379,47.126802778097925,,7.905725920050251,5.117502292671755,0.5379710954110306,0.1517007630306519,True,True,True,False,False,False,True,False,True,lift,False,,False,,,0.0,
A-60ml-f0.50-p+0.0-above-y0-x-6.0-y+0.0,A,dx,60,0.5,0,above,0,-6,0,25,40.0,29.473137609610237,28.356481481481474,21.973137609610234,False,48.22,28.4,75027,40989,10965,0,0,0,0,27,0,0,0,,9.406000000000004,,5.176919901524043,6.087260389414743,9.79785555285643,56.83060614416367,57.1,99.21836740202401,0.5003324122295066,40989,83.20361129019358,5.746195254946091,7.377138380195012,28.560009510427445,3.8985374415540788,3.886714423022371,32.55393861675923,,2.2110960634751216,3.348444519891829,0.11880932616046651,0.02661455360195302,True,True,True,False,True,False,False,False,True,lift,False,-0.22900842850262929,False,,,0.0,
A-60ml-f0.80-p+0.0-above-y0-x+0.0-y+0.0,A,nominal,60,0.8,0,above,0,0,0,25,40.0,47.15702017537638,45.37037037037036,39.65702017537638,False,29.64,28.4,44511,67967,13,0,0,0,0,220,0,0,0,,9.261499999999828,,10.518135468719574,9.156241535716017,9.79811411895664,56.84435518683466,57.1,99.24312854764258,4.606343892954986,67967,90.55409557261878,0.590782703194867,1.4463714300880788,38.57476170250941,11.157081414082587,4.08534462194788,14.807351476075416,,219.50308218038842,10.566500238921828,0.045582329388152786,0.004742582961010927,True,True,True,False,True,True,False,False,False,lift,False,0.06012895878331372,False,,,0.0,
A-60ml-f0.50-p+0.0-above-y0-x+6.0-y+0.0,A,dx,60,0.5,0,above,0,6,0,25,40.0,29.473137609610237,28.356481481481474,21.973137609610234,False,40.32,29.17,86808,32018,6740,0,0,0,0,0,0,0,0,,9.397999999999994,22.791499999992233,9.098380296586871,8.35968745061131,9.797909196738495,56.87104100289856,57.1,99.1886594017941,2.2019574219636073,32018,85.01647636988541,7.660901757444031,6.397346519262101,34.71857645955692,-2.432450227287691,2.802955412826944,32.89558482723477,-2.381239051213017,3.859253358994256,8.793241327460994,0.2033941878305076,0.04530660698016802,True,True,True,False,True,False,False,False,True,lift,False,-0.40478974057704836,True,0.21793413117599073,0.5101712672838941,0.772,
A-60ml-f0.80-p-20.0-above-y0-x+0.0-y+0.0,A,pitch,60,0.8,-20,above,0,0,0,25,40.0,47.15702017537638,45.37037037037036,39.65702017537638,False,35.63,28.4,77333,47441,943,0,0,0,0,0,0,0,0,,9.34549999999993,,15.688379846198925,15.009407877675741,9.797859722165597,56.8411213738873,57.1,99.0860885460607,3.3793896260499308,47441,89.67839613496818,4.234409009830993,0.6034590580542851,40.639548746980395,8.563586612752749,16.143047175027814,10.882893277205262,,3.5313748030427456,18.42472768988014,5.750203601436514,1.7957976354539738,True,True,True,False,True,True,False,False,False,lift,False,-0.08777236943087516,False,,,0.0,
A-60ml-f0.80-p-5.0-above-y0-x+0.0-y+0.0,A,pitch,60,0.8,-5,above,0,0,0,25,40.0,47.15702017537638,45.37037037037036,39.65702017537638,False,35.22,31.4,82743,53235,0,0,0,0,0,0,0,0,0,,9.368999999999959,22.757499999992312,3.6990140119507693,3.2870758075804845,9.79785591771528,56.811260125755105,57.1,99.22822648027922,2.840040933859811,53235,89.22649723358123,4.472972155082085,0.3371115755048169,39.61379506720158,10.033450383405585,2.482216134742069,15.31268039294824,3.8943523708938597,3.9805246559946954,2.6112034304084113,0.50647495019071,0.15067672286237313,True,True,True,False,True,True,True,False,True,lift,False,-0.09001793054602526,False,,,3.0,
A-60ml-f0.80-p-10.0-above-y0-x+0.0-y+0.0,A,pitch,60,0.8,-10,above,0,0,0,25,40.0,47.15702017537638,45.37037037037036,39.65702017537638,False,35.42,28.4,76403,46025,57,0,0,0,0,0,0,0,0,,9.365499999999955,,9.266974618118535,8.494416559283948,9.797856090701226,56.842967382442964,57.1,99.22676537984245,2.973380578799742,46025,88.94478276491851,4.666694141340077,0.3918366521037609,40.06491240811078,9.504306042289134,7.198483349219257,13.819535084906482,,1.868901314884335,8.996903696929994,0.45947983973484047,0.12845998416098614,True,True,True,False,True,True,False,False,True,lift,False,-0.09199758514037734,False,,,0.0,
A-60ml-f0.50-p+0.0-above-y0-x+3.0-y+0.0,A,dx,60,0.5,0,above,0,3,0,25,40.0,29.473137609610237,28.356481481481474,21.973137609610234,False,41.47,31.4,125551,49346,17876,0,0,0,0,0,0,0,0,,9.338999999999922,22.80949999999219,1.0535525730945987,0.8212858218405765,9.820151125645188,56.852596789872884,57.1,99.20997014690512,3.812180919757921,49346,88.64870213521078,3.704989304044251,3.527143918533984,28.849536937136897,3.1175562471308647,0.1011253667678347,33.7450928864682,0.11652910626351443,0.9846772726739309,6.548197736797245,0.17614779597587596,100.02959498948005,True,True,True,True,True,True,False,True,False,reach_liquid,False,-0.17082857324092768,False,,,3.0,
A-60ml-f0.80-p+5.0-above-y0-x+0.0-y+0.0,A,pitch,60,0.8,5,above,0,0,0,25,40.0,47.15702017537638,45.37037037037036,39.65702017537638,False,29.12,31.4,75194,68346,0,0,0,0,0,0,0,0,0,,9.292499999999865,21.83149999999447,16.622318568970925,23.136610564718264,9.797854920340903,56.844389417935005,57.1,99.70941496629361,4.585096266210398,68346,89.43607949738015,1.8294632681569538,1.3820787741731726,39.494618843279376,9.983100941600236,5.502545474576735,14.35896985485299,4.5301339505441724,4.6405935262775015,20.888901409870627,4.337776595699713,1.356809817785398,True,True,True,False,True,True,True,False,False,lift,False,-0.030780548854275572,False,,,3.0,
A-60ml-f0.80-p+10.0-above-y0-x+0.0-y+0.0,A,pitch,60,0.8,10,above,0,0,0,25,40.0,47.15702017537638,45.37037037037036,39.65702017537638,False,32.59,31.4,136221,51179,0,0,0,0,0,0,0,0,0,,9.348999999999934,22.816499999992175,0.8337810825433565,1.1423747873802605,9.824390947376797,56.863618523151864,57.1,100.42749814011232,3.4602381423981807,51179,88.64476091215336,3.145128285090264,2.6922158449496973,38.69534020898834,10.338544761075791,9.94124115507523,12.938124305184417,-0.008715654882777797,0.973286881697337,3.581011292557911,10.073283274723796,100.99332604277329,True,True,True,True,True,True,True,True,False,place,False,-0.11474984296331416,False,,,3.0,
A-60ml-f0.80-p+0.0-diagonal-y0-x+0.0-y+0.0,A,approach,60,0.8,0,diagonal,0,0,0,25,40.0,47.15702017537638,45.37037037037036,39.65702017537638,False,32.5,28.4,47864,67936,8,0,0,0,0,152,0,0,0,,9.259499999999825,,10.495459732119093,9.205126590973123,6.995646690031013,56.84435292361864,57.1,99.24313076714766,4.624244249030241,67936,90.42606080603336,0.5832625440525407,1.4343353166469963,38.593517560699325,11.137205084799373,4.0572385755477,14.816225984595041,,4.040361425197413,10.234075553635622,0.00565422128525653,-0.0029919693047580805,True,True,True,False,True,True,False,False,False,lift,False,0.060891439272331975,False,,,0.0,
A-60ml-f0.80-p+0.0-above-y180-x+0.0-y+0.0,A,yaw,60,0.8,0,above,180,0,0,25,40.0,47.15702017537638,45.37037037037036,39.65702017537638,False,32.13,28.4,44439,59360,681,0,0,0,0,225,0,0,0,,9.27149999999984,,10.833198196071043,9.434409986189241,9.798124629134069,56.84433958569609,57.1,99.24311247489442,4.503132656253558,59360,92.75575739227888,0.8165234219534411,1.8583857727866648,38.34141116231183,11.433673011362805,4.950421899441417,14.53387733507425,,96.22980657933071,10.832312881074817,0.18138571835364414,0.04743724096860837,True,True,True,False,True,True,False,False,False,lift,False,0.06028384273691054,False,,,0.0,
A-60ml-f0.80-p+0.0-above-y90-x+0.0-y+0.0,A,yaw,60,0.8,0,above,90,0,0,25,40.0,47.15702017537638,45.37037037037036,39.65702017537638,False,36.8,31.4,54622,65979,212,0,0,0,0,64,0,0,0,,9.24699999999981,22.90899999999196,10.80940001449961,9.41634453433571,9.797855592242367,56.84434777724936,57.1,99.24305285014533,4.718249275830019,65979,92.50797144371832,0.6853982889543375,1.6792182106836442,38.487980038409134,11.26742681197676,4.583778098721184,14.649863346108674,-0.2174721937189199,0.9348796136301907,9.821463239058962,1.1454575462498553e-05,-0.0015451354331063006,True,True,True,False,True,True,False,True,True,lift,False,0.061147470444647134,False,,,3.0,
A-60ml-f0.80-p+0.0-side-y0-x+0.0-y+0.0,A,approach,60,0.8,0,side,0,0,0,25,40.0,47.15702017537638,45.37037037037036,39.65702017537638,False,40.43,28.4,48090,65333,47,0,0,0,0,0,0,0,0,,9.265999999999833,,10.728907354436645,9.338441670227068,9.567311629445387,56.84434820837144,57.1,99.2431355679675,4.560682262378116,65333,92.05694719411711,0.6208644834625359,1.5165283536765026,38.53813895503224,11.200494967097102,4.2393100865778,14.758725597913303,,4.973936305490462,7.921726806876062,1.7425607386146953,0.5414103452443952,True,True,True,False,True,True,False,False,True,lift,False,0.060406883129685916,False,,,0.0,
A-60ml-f0.50-p+0.0-above-y0-x+0.0-y-3.0,A,dy,60,0.5,0,above,0,0,-3,25,40.0,29.473137609610237,28.356481481481474,21.973137609610234,False,55.09,28.4,34806,12718,0,0,0,0,0,0,0,0,0,,,,3.821830085398488,2.658917603279545,9.797855597823188,57.16946062756242,57.1,99.73684505785975,-1.7244387626800668,12718,0.8917120366477134,127.25269282276966,6.1384466284278965,21.555655783102782,10.988473594591625,5.908252125757307,31.9141231311418,,3.2812137146754425,6.622144006893079,0.6443658263881277,0.19550534528166683,True,True,True,False,False,False,True,False,True,lift,False,,False,,,0.0,
A-60ml-f0.50-p+20.0-above-y0-x+0.0-y+0.0,A,pitch,60,0.5,20,above,0,0,0,25,40.0,29.473137609610237,28.356481481481474,21.973137609610234,False,85.57,28.4,100460,11767,3036,0,0,0,0,338,0,0,0,,,,13.742519819772074,15.995013788461359,9.797904055455984,56.87103984391822,57.1,99.18131181510851,-3.136623434762495,11767,3.4744689656895287,127.958510452033,6.217769813455361,25.893866319435713,4.540377092326631,12.991398805375693,29.62408102115345,,6.100293830286022,17.782583723536817,0.48945072657445515,0.14019732301047888,True,True,True,False,False,False,False,False,False,lift,False,,False,,,0.0,
A-60ml-f0.80-p+0.0-above-y270-x+0.0-y+0.0,A,yaw,60,0.8,0,above,270,0,0,25,40.0,47.15702017537638,45.37037037037036,39.65702017537638,False,29.61,28.4,44623,67651,186,0,0,0,0,236,0,0,0,,9.244999999999807,,10.764616065527289,9.390221756738056,9.798070526719417,56.84434837814831,57.1,99.24307070972837,4.731583577824702,67651,92.49727670370984,0.6671747360257584,1.6672273132766071,38.50596923087024,11.248173311744242,4.556112611181343,14.658610243212951,,148.5173710989392,10.642669026379561,5.4668187275950014e-06,-0.0015094750714719218,True,True,True,False,True,True,False,False,False,lift,False,0.060773375347058255,False,,,0.0,
A-60ml-f0.50-p+0.0-above-y0-x+0.0-y-6.0,A,dy,60,0.5,0,above,0,0,-6,25,40.0,29.473137609610237,28.356481481481474,21.973137609610234,False,64.1,28.4,49596,12584,6938,0,0,0,0,24,0,0,0,,,,2.811873458748196,3.8778267799341326,9.797855583316666,57.67013292139831,57.1,99.93122620495497,-2.2300708796057083,12584,1.121713202386649,128.69598254762928,5.32641346155939,29.744511349171972,2.9354771274177347,8.040304787960885,31.234213865586494,,3.255712412589049,9.47772961992731,3.7346842271446556,1.1571478764030516,True,True,True,True,False,False,False,False,True,uncap,False,,False,,,0.0,
A-60ml-f0.50-p+0.0-above-y0-x+0.0-y+3.0,A,dy,60,0.5,0,above,0,0,3,25,40.0,29.473137609610237,28.356481481481474,21.973137609610234,False,65.86,28.4,46829,16967,21171,0,0,0,0,0,0,0,0,,,,9.304360204625095,8.78762160468652,9.797855595468453,57.218913706601114,57.1,99.41586656934214,-0.4120825548457191,16967,1.5417344227785081,128.2048922015514,7.19103247278505,87.01917160807272,-55.504991260153986,8.388960997228832,31.12239716956515,,3.496493330931782,1.4580713065012816,0.008275531114171925,-0.004279995309850921,True,True,True,False,False,False,False,False,True,lift,False,,False,,,0.0,
A-60ml-f0.50-p+0.0-above-y0-x-3.0-y+0.0,A,dx,60,0.5,0,above,0,-3,0,25,40.0,29.473137609610237,28.356481481481474,21.973137609610234,False,81.89,28.4,90057,11391,0,0,0,0,0,0,0,0,0,,,,4.179900132917426,3.281662943597814,9.820093871217802,56.85082775860961,57.1,99.27127206344164,-4.096549879829617,11391,3.1782829079508352,129.33395898597587,5.023365000260516,22.225188541942266,9.94085006599192,2.2974166766121624,33.05472059168589,,6.4664800520801835,6.580721567189912,11.371003111324868,102.69338757836061,True,True,True,False,False,False,True,False,False,lift,False,,False,,,0.0,
A-60ml-f0.80-p+0.0-above-y0-x-3.0-y+0.0,A,dx,60,0.8,0,above,0,-3,0,25,40.0,47.15702017537638,45.37037037037036,39.65702017537638,False,40.26,28.4,52012,70973,0,0,0,0,0,0,0,0,0,,8.81299999999928,,2.7455179681344757,2.4751908134947653,9.79785559626984,56.84655048687366,57.1,99.26342539858058,5.536702911535282,70973,90.62021725899996,0.7082969181178927,4.0803187934810285,39.49312979174472,10.327813023147058,2.4358498087057048,15.327273668603086,,1.960548374151776,2.3645636312450837,0.0013137337774023895,-0.001658479608017459,True,True,True,True,True,True,True,False,True,recap,False,0.03831966043587083,False,,,0.0,
A-100ml-f0.25-p-10.0-above-y0-x+0.0-y+0.0,A,pitch,100,0.25,-10,above,0,0,0,28,47.4252440598675,17.11302445521971,23.854068355803715,-5.697852433223887,False,29.85,28.4,76787,67797,0,0,0,0,0,0,0,0,0,,9.27199999999984,,9.430953570676255,7.3130453321081275,9.797978118419467,72.62868147742982,72.87495464218532,99.04764324485723,4.989149444439706,67797,88.84217988919099,1.2384817851057872,2.020212969109094,24.327187231665377,-4.456929360223266,7.0259627029872185,56.47261924382153,,4.298053771850271,17.170772706025808,0.5152125773612162,0.18027957626423258,True,True,True,False,True,True,False,False,False,lift,False,0.04832194367885838,False,,,0.0,
A-60ml-f0.80-p+0.0-above-y0-x-6.0-y+0.0,A,dx,60,0.8,0,above,0,-6,0,25,40.0,47.15702017537638,45.37037037037036,39.65702017537638,False,44.34,28.4,70911,41298,3548,0,0,0,0,332,0,0,0,,9.407000000000005,,5.362584322693253,6.336305603987628,9.798072546419505,56.832412510848435,57.1,99.2124940718923,0.5058204825473256,41298,82.52046328329433,5.7228303806000484,5.9427900917111165,44.71762101205949,5.308130495181917,3.7032024574772597,14.927961746904604,,2.181082245654333,4.424008494399044,0.26189615801416993,0.0681233138952417,True,True,True,False,True,False,False,False,True,lift,False,-0.26707860944785594,False,,,0.0,
A-60ml-f0.50-p+0.0-above-y0-x+0.0-y+6.0,A,dy,60,0.5,0,above,0,0,6,25,40.0,29.473137609610237,28.356481481481474,21.973137609610234,False,77.05,28.4,71471,9281,11138,0,0,0,0,0,0,0,0,,,,13.125566581703652,15.176460418830827,9.81992134689231,57.71565282306034,57.1,99.47281368911032,-3.073371004139083,9281,2.8603618148572507,132.27479887875108,4.372621184683451,29.27270483760695,3.2561393890225556,7.6500287660373285,31.35915093589798,,8.136501926483124,13.164631928300079,3.806196811378258,99.80729088222152,True,True,True,False,False,False,False,False,False,lift,False,,False,,,0.0,
A-60ml-f0.80-p+0.0-above-y0-x+3.0-y+0.0,A,dx,60,0.8,0,above,0,3,0,25,40.0,47.15702017537638,45.37037037037036,39.65702017537638,False,42.9,31.4,124646,49233,0,0,0,0,0,0,0,0,0,,9.339499999999923,22.81049999999219,0.9150025219120732,0.6536596544437929,9.824383666891936,56.85407029299127,57.1,99.20152887404518,3.8493567237645463,49233,88.20681297392827,3.818996797888866,3.094722363495737,39.686386175265206,9.971283575814505,0.014645362509864483,16.088378848196403,0.1489283635565083,0.9673921717414337,6.360014960704382,0.06350078287003304,99.96698470685645,True,True,True,True,True,True,True,True,False,place,False,-0.17095709472055726,False,,,3.0,
A-60ml-f0.80-p+20.0-above-y0-x+0.0-y+0.0,A,pitch,60,0.8,20,above,0,0,0,25,40.0,47.15702017537638,45.37037037037036,39.65702017537638,False,68.65,28.4,96452,13022,0,0,0,0,0,0,0,0,0,,,,17.39613264253874,20.0484238102718,9.824317665437412,56.87101811153226,57.1,99.1767979541371,-3.3342830210445067,13022,1.7403954059402338,127.70300984225369,3.1308775350555695,39.26313087783787,9.252906042131414,14.764893742183851,11.348971636220943,,5.930164141790244,25.908177699381724,22.19951840389352,107.45234656947282,True,True,True,False,False,False,True,False,False,lift,False,,False,,,0.0,
A-60ml-f0.80-p+0.0-above-y0-x+0.0-y+3.0,A,dy,60,0.8,0,above,0,0,3,25,40.0,47.15702017537638,45.37037037037036,39.65702017537638,False,47.35,28.4,34859,46818,637,0,0,0,0,54,0,0,0,,9.354999999999942,,6.62291235074984,5.9044884256635175,9.797855578407809,57.23800957727207,57.1,99.32092411965706,3.069036274592957,46818,93.3780880302947,2.975105204843543,2.197703078218353,39.09352119248667,10.726418369070373,5.669414814670354,14.306044805061703,,1.2851605055954516,8.839592271106712,0.10420946604015667,0.02340424559685972,True,True,True,False,True,True,False,False,True,lift,False,-0.02490405286509541,False,,,0.0,
A-100ml-f0.25-p-5.0-above-y0-x+0.0-y+0.0,A,pitch,100,0.25,-5,above,0,0,0,28,47.4252440598675,17.11302445521971,23.854068355803715,-5.697852433223887,False,36.55,28.4,76301,67808,0,0,0,0,0,0,0,0,0,,9.268999999999837,,5.798078425355496,4.3820860616986215,9.797855901366406,72.63556662493183,72.87495464218532,99.1311048346588,5.041307452134963,67808,89.13439485659603,0.7581615180247102,1.8898632770527715,23.856890124361424,-3.8451443181637956,2.163487398296039,58.31563140086251,,3.7550250075325393,5.964966159798431,0.05130663033826797,0.006003667805060566,True,True,True,False,True,True,False,False,True,lift,False,0.04218486376160577,False,,,0.0,
A-100ml-f0.25-p+0.0-above-y0-x+0.0-y+0.0,A,nominal,100,0.25,0,above,0,0,0,28,47.4252440598675,17.11302445521971,23.854068355803715,-5.697852433223887,False,35.4,28.4,70956,70555,0,0,0,0,0,0,0,0,0,,9.240499999999802,,2.8338505906205946,2.336980369445041,9.797855589105426,72.6212828018484,72.87495464218532,99.24061649741549,5.298639944166434,70555,90.61604229024213,0.3178622172417914,1.7052392531152798,23.288671377792095,-3.1333538879041027,2.5833775766870164,58.15732729922307,,4.561219286261727,1.118980347100855,0.004428412634065535,-0.007494659997813771,True,True,True,True,True,True,False,False,True,reach_liquid,False,0.051478593401409325,False,,,0.0,
A-100ml-f0.25-p-20.0-above-y0-x+0.0-y+0.0,A,pitch,100,0.25,-20,above,0,0,0,28,47.4252440598675,17.11302445521971,23.854068355803715,-5.697852433223887,False,42.45,28.4,80569,47832,0,0,0,0,0,796,0,0,0,,9.357499999999945,,25.136654090683546,18.70131437532398,9.797862740527297,72.38888532428105,72.87495464218532,99.39922707550619,3.3745204860303053,47832,85.46448432143566,4.2433456815826665,2.6460856068561576,25.039586280202688,-3.7780202588424823,19.77867734959222,51.37578339221408,,3.6425915832762543,32.362301271770185,2.7752818818692937,1.039018689630429,True,True,True,False,True,True,False,False,False,lift,False,-0.1311570359011171,False,,,0.0,
A-60ml-f0.80-p+0.0-above-y0-x+6.0-y+0.0,A,dx,60,0.8,0,above,0,6,0,25,40.0,47.15702017537638,45.37037037037036,39.65702017537638,False,57.13,28.4,81106,32641,7494,0,0,0,0,0,0,0,0,,9.406000000000004,,8.005215008033602,7.052659913825961,9.797855611159436,56.871019411542335,57.1,99.1845781984432,2.1454274171148757,32641,86.05058582119082,7.154762503429904,5.3040863269927705,52.86830377105598,-2.9893854184125654,2.413157892292805,15.334415324761544,,4.3537853085250084,8.196735548806226,0.31911128951773526,0.08729924779891406,True,True,True,False,True,False,False,False,True,lift,False,-0.3943998347772015,False,,,0.0,
A-100ml-f0.25-p+0.0-side-y0-x+0.0-y+0.0,A,approach,100,0.25,0,side,0,0,0,28,47.4252440598675,17.11302445521971,23.854068355803715,-5.697852433223887,False,34.12,28.4,71149,70554,0,0,0,0,0,9,0,0,0,,9.240499999999802,,2.8392316131216435,2.339455714898687,9.56733273169382,72.62126697985609,72.87495464218532,99.24062394000268,5.298278926149521,70554,90.58744593756111,0.3172051553779049,1.7090696332458526,23.288408439546608,-3.132791894366285,2.5872059362223943,58.155883501730415,,4.1139971601865675,3.7788878238373083,0.7994431568059484,0.285788812288305,True,True,True,True,True,True,False,False,True,reach_liquid,False,0.05147717640569991,False,,,0.0,
A-60ml-f0.80-p+0.0-above-y0-x+0.0-y-6.0,A,dy,60,0.8,0,above,0,0,-6,25,40.0,47.15702017537638,45.37037037037036,39.65702017537638,False,58.41,28.4,39335,13773,0,0,0,0,0,9,0,0,0,,,,9.633573412942896,7.787045919634787,9.79791797872908,57.70968888674992,57.1,98.1520894094404,-1.7838682666246468,13773,0.8068791235349464,128.113920997521,4.058480357079493,39.76778126973632,10.247788838062155,5.83924236480308,14.252150078083957,,3.2867527588073666,10.206472389724775,0.4592166501525675,0.13663510447829744,True,True,True,False,False,False,True,False,False,lift,False,,False,,,0.0,
A-100ml-f0.25-p+0.0-diagonal-y0-x+0.0-y+0.0,A,approach,100,0.25,0,diagonal,0,0,0,28,47.4252440598675,17.11302445521971,23.854068355803715,-5.697852433223887,False,35.25,28.4,72268,70526,0,0,0,0,0,0,0,0,0,,9.240499999999802,,2.8552862514725263,2.3417733049014173,6.9956471318856215,72.62127742706973,72.87495464218532,99.24062139389473,5.298032263869754,70526,90.56956663480608,0.3155463422144231,1.708637487679283,23.288445423079907,-3.1328625295263812,2.58678326716821,58.15604290425078,,2.029015137396934,1.6285809421124304,0.042088389547431916,0.006906437702572917,True,True,True,True,True,True,False,False,True,reach_liquid,False,0.05146900948578272,False,,,0.0,
A-60ml-f0.80-p+0.0-above-y0-x+0.0-y+6.0,A,dy,60,0.8,0,above,0,0,6,25,40.0,47.15702017537638,45.37037037037036,39.65702017537638,False,58.69,28.4,45318,13911,3573,0,0,0,0,22,0,0,0,,,,11.7971334501899,11.384855938183783,9.797855563360464,57.72692897488216,57.1,98.08941433724216,-1.7469628267338528,13911,1.9265238526445385,130.49691713602041,3.2969419222847924,42.05103655943368,7.972289787447378,7.547614572385208,13.708015372909838,,1.673456307597433,8.729727155508908,0.8051687755460203,0.24574606792772186,True,True,True,False,False,False,False,False,True,lift,False,,False,,,0.0,
A-100ml-f0.25-p+0.0-above-y90-x+0.0-y+0.0,A,yaw,100,0.25,0,above,90,0,0,28,47.4252440598675,17.11302445521971,23.854068355803715,-5.697852433223887,False,37.37,28.4,81159,74085,0,0,0,0,0,0,0,0,0,,9.237999999999799,,1.1538379174606335,1.2037079794859513,9.797855593674049,72.62127480093763,72.87495464218532,99.24056215974372,5.3119171949406745,74085,89.49414573569372,0.441988213459028,0.27818166560947444,23.469297105202855,-3.3870388925991146,0.9643003104372408,58.76731620769594,,1.6778556201228354,1.0034008674163992,0.050567258532211105,0.01027085377635634,True,True,True,True,True,True,False,False,True,reach_liquid,False,0.051776202738779746,False,,,0.0,
A-60ml-f0.80-p+0.0-above-y0-x+0.0-y-3.0,A,dy,60,0.8,0,above,0,0,-3,25,40.0,47.15702017537638,45.37037037037036,39.65702017537638,False,70.56,28.4,35863,17868,938,0,0,0,0,0,0,0,0,,,,4.7409280384202965,3.675095814407963,9.797855597698232,57.19607901012165,57.1,99.62203307489425,0.7514234988880014,17868,1.6652545307240005,127.87944512441562,3.503554659980324,38.66297867630435,11.324820816462244,6.832241858102749,13.936335979697821,,0.20020338847457075,7.972160864400373,0.6962190327162493,0.20831306332070823,True,True,True,False,False,False,False,False,True,lift,False,,False,,,0.0,
A-100ml-f0.25-p+0.0-above-y180-x+0.0-y+0.0,A,yaw,100,0.25,0,above,180,0,0,28,47.4252440598675,17.11302445521971,23.854068355803715,-5.697852433223887,False,34.16,28.4,81177,74023,0,0,0,0,0,0,0,0,0,,9.236999999999798,,1.1709712563431112,1.2201484122461064,9.797855589419452,72.62127634741032,72.87495464218532,99.24058792952641,5.318723130668071,74023,89.56032384266918,0.4432255181825259,0.2914675387016729,23.467555934567482,-3.3849595808801425,0.9830111607133409,58.76027206737419,,3.879063722969682,1.5609192245923063,0.0076409013796253965,-0.005349779839937406,True,True,True,True,True,True,False,False,True,reach_liquid,False,0.051772609545203706,False,,,0.0,
A-100ml-f0.25-p+0.0-above-y270-x+0.0-y+0.0,A,yaw,100,0.25,0,above,270,0,0,28,47.4252440598675,17.11302445521971,23.854068355803715,-5.697852433223887,False,36.1,28.4,81452,73916,0,0,0,0,0,0,0,0,0,,9.2394999999998,,1.155942617731189,1.212362877047438,9.797855587742681,72.62127858079502,72.87495464218532,99.2406121966447,5.304861462613844,73916,89.53726319486921,0.3848179381882364,0.2725784073999531,23.468076821754767,-3.3859272726876055,0.9620049533023803,58.768180343593784,,4.31765365801712,1.7052078093979741,0.04337499636200261,0.007587433144399715,True,True,True,True,True,True,False,False,True,reach_liquid,False,0.05152286360413105,False,,,0.0,
A-100ml-f0.25-p+0.0-above-y0-x+6.0-y+0.0,A,dx,100,0.25,0,above,0,6,0,28,47.4252440598675,17.11302445521971,23.854068355803715,-5.697852433223887,False,35.75,28.76,80795,36246,3529,0,0,0,0,0,0,0,0,,9.358999999999947,19.60049999999967,16.839743268715967,12.44279189046902,9.798094621117832,72.64597936409085,72.87495464218532,99.18260375065226,3.148617105077814,36246,79.90613418506516,4.2344585859733375,11.89955708040274,28.47523739720332,-6.989889430937687,6.53287075395702,56.66082559655896,-2.7747568980653137,4.349183782672813,31.97628487815047,3.6593685655350012,1.3682951170099173,True,True,True,False,True,True,False,False,False,lift,False,-0.2919703238361721,True,1.2794747607252106,0.2361393204537027,0.364,
A-100ml-f0.25-p+0.0-above-y0-x-6.0-y+0.0,A,dx,100,0.25,0,above,0,-6,0,28,47.4252440598675,17.11302445521971,23.854068355803715,-5.697852433223887,False,41.78,28.4,77866,41823,4415,0,0,0,0,7944,0,0,0,,9.41850000000002,,5.057887515400599,4.256756810552899,9.79785559413303,72.60743585864216,72.87495464218532,99.23303492174132,0.4528177103535619,41823,83.1904163446606,6.069557652888673,6.732571232509058,27.167500365572142,-6.822136247688445,2.2572295694322815,58.28029757529018,,1.4705604274318147,0.20447604912552303,0.14389563383641185,0.04511578137864082,True,True,True,False,True,False,False,False,True,lift,False,-0.10092428986590155,False,,,0.0,
A-100ml-f0.25-p+0.0-above-y0-x+3.0-y+0.0,A,dx,100,0.25,0,above,0,3,0,28,47.4252440598675,17.11302445521971,23.854068355803715,-5.697852433223887,False,41.78,28.4,78495,54684,0,0,0,0,0,0,0,0,0,,9.314499999999892,,6.787077980423307,4.692003352603345,9.79785560239227,72.64597907963466,72.87495464218532,99.18117141362885,4.440478845173567,54684,85.13555722794956,2.17518581065573,5.784543104600795,24.002926387954933,-3.6462685871426066,2.7267979718169237,58.10323279685125,,1.4071457093462196,6.81129681951053,0.14711496951998,0.04603242771598609,True,True,True,False,True,True,False,False,True,lift,False,-0.08968742865433162,False,,,0.0,
A-100ml-f0.50-p-5.0-above-y0-x+0.0-y+0.0,A,pitch,100,0.5,-5,above,0,0,0,28,47.4252440598675,34.22604891043942,47.70813671160743,11.415172021995819,False,32.44,28.4,75710,67831,0,0,0,0,0,0,0,0,0,,9.267499999999835,,5.631733732924881,4.2603989171987955,9.79785590115595,72.63531182665152,72.87495464218532,99.12062443454762,5.05611199856909,67831,89.27151944677193,0.7455238112382386,1.7639117677268372,27.501585526818808,9.61862948603498,2.138370270643075,41.21207348466971,,4.6437301027362565,5.226850671200714,0.21706242757388444,0.07379196527200065,True,True,True,False,True,True,True,False,True,lift,False,0.04406500976353343,False,,,0.0,
A-100ml-f0.25-p+0.0-above-y0-x+0.0-y-3.0,A,dy,100,0.25,0,above,0,0,-3,28,47.4252440598675,17.11302445521971,23.854068355803715,-5.697852433223887,False,41.32,28.4,58163,41993,3800,0,0,0,0,16603,0,0,0,,9.422000000000024,,6.59534728983628,5.266115526248294,14.241131779341929,72.61331953485823,72.87495464218532,99.23645512081995,0.4858767149211185,41993,80.52669920472964,5.58417526165778,6.836198463971979,28.69096962282936,-8.358802006673798,2.092702816524929,58.34230901851059,,1.8346511733778383,10.705890617109544,1.2912999368194746,0.4801544133419239,True,True,True,False,True,False,False,False,False,lift,False,-0.2294609227709951,False,,,0.0,
A-100ml-f0.25-p+0.0-above-y0-x+0.0-y+3.0,A,dy,100,0.25,0,above,0,0,3,28,47.4252440598675,17.11302445521971,23.854068355803715,-5.697852433223887,False,42.11,28.4,51335,40822,24832,0,0,0,0,16873,0,0,0,,9.423000000000025,,5.602114313805952,3.8992362485655323,14.243547326240412,72.65484473164723,72.87495464218532,99.13803638253317,0.5618207338714126,40822,83.49848617282414,5.689646415969381,6.9952395253166015,45.950712879532205,-25.737125924015032,1.1030864767274757,58.71506494279084,,4.6842849135925935,10.486350001189326,0.746713332651384,0.24952849607610011,True,True,True,False,True,False,False,False,False,lift,False,-0.20597618243683083,False,,,0.0,
A-100ml-f0.50-p-10.0-above-y0-x+0.0-y+0.0,A,pitch,100,0.5,-10,above,0,0,0,28,47.4252440598675,34.22604891043942,47.70813671160743,11.415172021995819,False,36.06,31.4,73745,68497,0,0,0,0,0,0,0,0,0,,9.265499999999832,26.8389999999828,9.407724496221784,7.298646110862476,9.832636285293836,72.6272306045344,72.87495464218532,99.03907562800248,5.073251163292588,68497,88.9788568363564,1.1631873303212892,1.8821637083938532,27.985075287401607,8.914290415274278,6.984591803458656,39.37540044151519,0.29431284035471234,0.9742580373382954,10.744624528944955,6.116901405199374,102.0871791203574,True,True,True,False,True,True,True,True,False,lift,False,0.05224807486096462,False,,,3.0,
A-100ml-f0.50-p+10.0-above-y0-x+0.0-y+0.0,A,pitch,100,0.5,10,above,0,0,0,28,47.4252440598675,34.22604891043942,47.70813671160743,11.415172021995819,False,30.05,28.4,65541,63653,0,0,0,0,0,0,0,0,0,,9.281999999999853,,16.167299069769253,15.563150303778313,9.797852521358175,72.64580593278521,72.87495464218532,99.26369895046534,4.817331253820015,63653,79.80704216668494,0.41986693001764586,5.684719253815896,27.058929017805166,9.700740625566501,4.084279990107055,40.477466364801856,,24.16556005971713,2.8476924375517005,0.0004395839985517211,-0.0014390991408885345,True,True,True,False,True,True,True,False,True,lift,False,0.07751134240571614,False,,,0.0,
A-100ml-f0.50-p+0.0-above-y0-x+0.0-y+0.0,A,nominal,100,0.5,0,above,0,0,0,28,47.4252440598675,34.22604891043942,47.70813671160743,11.415172021995819,False,34.82,28.4,85895,73480,0,0,0,0,0,0,0,0,0,,9.2389999999998,,1.2428828379116483,1.2289394259218622,9.797855584444292,72.62351976393578,72.87495464218532,99.23742244077889,5.305856262772219,73480,89.75424952745776,0.29878004656132806,0.3720439128641471,27.10210295266948,10.093419330605952,1.1656865715749192,41.578470772334555,,3.766875948969736,0.7089263843734218,0.04515137438226277,0.004740099739205237,True,True,True,True,True,True,True,False,True,recap,False,0.05153240799341436,False,,,0.0,
A-100ml-f0.25-p+0.0-above-y0-x+0.0-y-6.0,A,dy,100,0.25,0,above,0,0,-6,28,47.4252440598675,17.11302445521971,23.854068355803715,-5.697852433223887,False,50.42,28.4,52119,0,1997,0,0,0,0,6495,0,0,0,,,,82.28319454978332,26.20802335003804,53.1903847842601,91.74716708683205,72.87495464218532,77.25424353415207,-0.194047179781609,0,0.00673102022727414,142.44284739456748,43.23559286779433,112.63323464583705,-99.41921171704936,12.025199953353953,54.53677080779985,,0.2000606560658278,24.746144914754172,2.652705114564917,0.9936801283145029,True,True,False,False,False,False,False,False,False,grip,False,,False,,,0.0,
A-100ml-f0.50-p+0.0-side-y0-x+0.0-y+0.0,A,approach,100,0.5,0,side,0,0,0,28,47.4252440598675,34.22604891043942,47.70813671160743,11.415172021995819,False,33.21,28.4,86955,73498,0,0,0,0,0,0,0,0,0,,9.2394999999998,,1.2439569452643424,1.2324316861307714,9.567311632521017,72.62350383584615,72.87495464218532,99.23743378572381,5.305438428682627,73498,89.75750128456708,0.2961401963166798,0.36920621836438533,27.10230076501308,10.093157251766682,1.1635825347753237,41.57926298509507,,4.735664931373508,1.1105871193287062,0.06387895216728424,0.01209268575206921,True,True,True,True,True,True,True,False,True,recap,False,0.051513498733635574,False,,,0.0,
A-100ml-f0.25-p+0.0-above-y0-x+0.0-y+6.0,A,dy,100,0.25,0,above,0,0,6,28,47.4252440598675,17.11302445521971,23.854068355803715,-5.697852433223887,False,55.58,28.4,33323,0,901,0,0,0,0,0,0,0,0,,,,182.9809064726068,86.58614172663766,18.25177183707595,91.7340852106363,72.87495464218532,78.13962963595904,-0.20793636912576352,0,0.0051655782266078355,141.906353589784,109.73236868828772,53.85371525959549,-94.42341049820675,38.35318498120815,42.067440112042,,0.009331836264247944,171.351636177357,90.00001206908662,23.711410062479583,True,True,False,False,False,False,False,False,False,grip,False,,False,,,0.0,
A-100ml-f0.25-p+20.0-above-y0-x+0.0-y+0.0,A,pitch,100,0.25,20,above,0,0,0,28,47.4252440598675,17.11302445521971,23.854068355803715,-5.697852433223887,False,87.0,28.4,89949,12377,0,0,0,0,0,0,0,0,0,,,,24.14680360255106,20.097572816626286,9.826294294043525,72.64597771224045,72.87495464218532,99.17430695601281,-3.1629396496175577,12377,5.125027457419329,126.79105075507427,3.7934616078408117,22.690925168078422,-3.5534815870890273,16.87702334092254,52.58804419602068,,6.767049179152685,11.577846215688469,19.143199545259815,102.42165796474009,True,True,True,False,False,False,False,False,False,lift,False,,False,,,0.0,
